State,Station_ID,Station_Name,Latitude,Longitude,Start_Year,End_Year,Month,Month_Name,Parameter,Parameter_Label,Mean_30yr,StdDev_30yr,Min_30yr,Max_30yr,Years_Count,Climatology_Normal,Recent_14Day_Mean
Bihar,42603,Baharampur,24.13,88.27,1996,2025,0,ANNUAL,ALLSKY_SFC_SW_DWN,solar_kwh_m2_day,16.229,0.5517,15.05,17.53,30,,14.0644
Bihar,42603,Baharampur,24.13,88.27,1996,2025,0,ANNUAL,PRECTOTCORR,rainfall_mm,3.4807,0.5793,1.68,4.56,30,,11.2236
Bihar,42603,Baharampur,24.13,88.27,1996,2025,0,ANNUAL,RH2M,humidity_pct,67.1873,3.5771,53.36,73.18,30,,89.0718
Bihar,42603,Baharampur,24.13,88.27,1996,2025,0,ANNUAL,T2M,temp_mean_c,25.95,0.4202,25.29,27.16,30,,28.5018
Bihar,42603,Baharampur,24.13,88.27,1996,2025,0,ANNUAL,T2M_MAX,temp_max_c,44.453,1.8342,40.45,47.14,30,,31.8573
Bihar,42603,Baharampur,24.13,88.27,1996,2025,0,ANNUAL,T2M_MIN,temp_min_c,6.1717,1.0933,2.57,7.66,30,,26.1409
Bihar,42603,Baharampur,24.13,88.27,1996,2025,0,ANNUAL,WS10M,wind_speed_ms,2.828,0.1421,2.58,3.17,30,,2.81
Bihar,42603,Baharampur,24.13,88.27,1996,2025,1,JAN,ALLSKY_SFC_SW_DWN,solar_kwh_m2_day,12.1983,1.3278,9.44,15.23,30,12.2,14.0644
Bihar,42603,Baharampur,24.13,88.27,1996,2025,1,JAN,PRECTOTCORR,rainfall_mm,0.2887,0.3738,0,1.21,30,0.29,11.2236
Bihar,42603,Baharampur,24.13,88.27,1996,2025,1,JAN,RH2M,humidity_pct,57.789,9.0981,31.94,76.7,30,57.79,89.0718
Bihar,42603,Baharampur,24.13,88.27,1996,2025,1,JAN,T2M,temp_mean_c,17.0237,1.0851,14.64,18.86,30,17.02,28.5018
Bihar,42603,Baharampur,24.13,88.27,1996,2025,1,JAN,T2M_MAX,temp_max_c,28.4733,1.5205,25.21,30.95,30,30.95,31.8573
Bihar,42603,Baharampur,24.13,88.27,1996,2025,1,JAN,T2M_MIN,temp_min_c,6.581,1.1444,2.57,8.15,30,2.57,26.1409
Bihar,42603,Baharampur,24.13,88.27,1996,2025,1,JAN,WS10M,wind_speed_ms,2.4897,0.266,2.05,3.27,30,2.49,2.81
Bihar,42603,Baharampur,24.13,88.27,1996,2025,2,FEB,ALLSKY_SFC_SW_DWN,solar_kwh_m2_day,16.0343,1.1075,14,18.7,30,16.03,14.0644
Bihar,42603,Baharampur,24.13,88.27,1996,2025,2,FEB,PRECTOTCORR,rainfall_mm,0.4733,0.5088,0,1.98,30,0.47,11.2236
Bihar,42603,Baharampur,24.13,88.27,1996,2025,2,FEB,RH2M,humidity_pct,47.3963,7.7902,31.6,67.27,30,47.4,89.0718
Bihar,42603,Baharampur,24.13,88.27,1996,2025,2,FEB,T2M,temp_mean_c,21.4897,1.2228,18.46,24.04,30,21.49,28.5018
Bihar,42603,Baharampur,24.13,88.27,1996,2025,2,FEB,T2M_MAX,temp_max_c,34.26,2.0759,30.44,37.84,30,37.84,31.8573
Bihar,42603,Baharampur,24.13,88.27,1996,2025,2,FEB,T2M_MIN,temp_min_c,9.167,1.5041,6.84,12.27,30,6.84,26.1409
Bihar,42603,Baharampur,24.13,88.27,1996,2025,2,FEB,WS10M,wind_speed_ms,2.563,0.3982,1.99,3.91,30,2.56,2.81
Bihar,42603,Baharampur,24.13,88.27,1996,2025,3,MAR,ALLSKY_SFC_SW_DWN,solar_kwh_m2_day,19.2427,1.1474,16.8,21.48,30,19.24,14.0644
Bihar,42603,Baharampur,24.13,88.27,1996,2025,3,MAR,PRECTOTCORR,rainfall_mm,0.7787,0.6602,0.05,2.33,30,0.78,11.2236
Bihar,42603,Baharampur,24.13,88.27,1996,2025,3,MAR,RH2M,humidity_pct,39.2927,7.3432,24.18,53.2,30,39.29,89.0718
Bihar,42603,Baharampur,24.13,88.27,1996,2025,3,MAR,T2M,temp_mean_c,27.1397,1.1007,24.7,29.36,30,27.14,28.5018
Bihar,42603,Baharampur,24.13,88.27,1996,2025,3,MAR,T2M_MAX,temp_max_c,39.9937,1.5363,37.04,42.38,30,42.38,31.8573
Bihar,42603,Baharampur,24.13,88.27,1996,2025,3,MAR,T2M_MIN,temp_min_c,14.378,1.6341,11.58,18.33,30,11.58,26.1409
Bihar,42603,Baharampur,24.13,88.27,1996,2025,3,MAR,WS10M,wind_speed_ms,2.7413,0.3352,2.3,3.39,30,2.74,2.81
Bihar,42603,Baharampur,24.13,88.27,1996,2025,4,APR,ALLSKY_SFC_SW_DWN,solar_kwh_m2_day,20.5607,1.2994,18.05,22.9,30,20.56,14.0644
Bihar,42603,Baharampur,24.13,88.27,1996,2025,4,APR,PRECTOTCORR,rainfall_mm,1.772,1.1633,0.09,4.82,30,1.77,11.2236
Bihar,42603,Baharampur,24.13,88.27,1996,2025,4,APR,RH2M,humidity_pct,45.085,7.7065,30,60.19,30,45.08,89.0718
Bihar,42603,Baharampur,24.13,88.27,1996,2025,4,APR,T2M,temp_mean_c,31.6123,1.2411,28.7,34.01,30,31.61,28.5018
Bihar,42603,Baharampur,24.13,88.27,1996,2025,4,APR,T2M_MAX,temp_max_c,43.4593,1.9646,39.69,47.14,30,47.14,31.8573
Bihar,42603,Baharampur,24.13,88.27,1996,2025,4,APR,T2M_MIN,temp_min_c,20.204,1.5629,16.65,23.28,30,16.65,26.1409
Bihar,42603,Baharampur,24.13,88.27,1996,2025,4,APR,WS10M,wind_speed_ms,2.8807,0.3142,2.31,3.52,30,2.88,2.81
Bihar,42603,Baharampur,24.13,88.27,1996,2025,5,MAY,ALLSKY_SFC_SW_DWN,solar_kwh_m2_day,19.706,1.531,16.37,22.15,30,19.71,14.0644
Bihar,42603,Baharampur,24.13,88.27,1996,2025,5,MAY,PRECTOTCORR,rainfall_mm,4.4603,1.8529,0.61,8.44,30,4.46,11.2236
Bihar,42603,Baharampur,24.13,88.27,1996,2025,5,MAY,RH2M,humidity_pct,57.2963,7.0168,41.11,69.42,30,57.3,89.0718
Bihar,42603,Baharampur,24.13,88.27,1996,2025,5,MAY,T2M,temp_mean_c,32.432,1.1239,30.58,35.49,30,32.43,28.5018
Bihar,42603,Baharampur,24.13,88.27,1996,2025,5,MAY,T2M_MAX,temp_max_c,43.3133,1.971,40.1,47.02,30,47.02,31.8573
Bihar,42603,Baharampur,24.13,88.27,1996,2025,5,MAY,T2M_MIN,temp_min_c,24.005,1.0107,21.38,25.54,30,21.38,26.1409
Bihar,42603,Baharampur,24.13,88.27,1996,2025,5,MAY,WS10M,wind_speed_ms,3.2703,0.3458,2.54,4.11,30,3.27,2.81
Bihar,42603,Baharampur,24.13,88.27,1996,2025,6,JUN,ALLSKY_SFC_SW_DWN,solar_kwh_m2_day,17.4533,1.1708,15.72,19.74,30,17.45,14.0644
Bihar,42603,Baharampur,24.13,88.27,1996,2025,6,JUN,PRECTOTCORR,rainfall_mm,6.2873,2.4785,2.07,11.52,30,6.29,11.2236
Bihar,42603,Baharampur,24.13,88.27,1996,2025,6,JUN,RH2M,humidity_pct,72.601,7.7143,56.81,85.14,30,72.6,89.0718
Bihar,42603,Baharampur,24.13,88.27,1996,2025,6,JUN,T2M,temp_mean_c,31.0147,1.3346,28.83,33.68,30,31.01,28.5018
Bihar,42603,Baharampur,24.13,88.27,1996,2025,6,JUN,T2M_MAX,temp_max_c,41.193,3.1492,35.75,46.39,30,46.39,31.8573
Bihar,42603,Baharampur,24.13,88.27,1996,2025,6,JUN,T2M_MIN,temp_min_c,25.692,0.8371,23.53,26.99,30,23.53,26.1409
Bihar,42603,Baharampur,24.13,88.27,1996,2025,6,JUN,WS10M,wind_speed_ms,3.7687,0.4159,2.78,4.53,30,3.77,2.81
Bihar,42603,Baharampur,24.13,88.27,1996,2025,7,JUL,ALLSKY_SFC_SW_DWN,solar_kwh_m2_day,16.0367,1.3713,13.72,18.95,30,16.04,14.0644
Bihar,42603,Baharampur,24.13,88.27,1996,2025,7,JUL,PRECTOTCORR,rainfall_mm,8.5643,3.3395,3.23,17.89,30,8.56,11.2236
Bihar,42603,Baharampur,24.13,88.27,1996,2025,7,JUL,RH2M,humidity_pct,84.8607,3.1856,75.05,88.35,30,84.86,89.0718
Bihar,42603,Baharampur,24.13,88.27,1996,2025,7,JUL,T2M,temp_mean_c,29.0923,0.5429,28.32,30.26,30,29.09,28.5018
Bihar,42603,Baharampur,24.13,88.27,1996,2025,7,JUL,T2M_MAX,temp_max_c,34.8913,1.2612,33.13,37.41,30,37.41,31.8573
Bihar,42603,Baharampur,24.13,88.27,1996,2025,7,JUL,T2M_MIN,temp_min_c,25.1977,0.4057,24.11,25.99,30,24.11,26.1409
Bihar,42603,Baharampur,24.13,88.27,1996,2025,7,JUL,WS10M,wind_speed_ms,3.6453,0.2596,3.17,4.23,30,3.65,2.81
Bihar,42603,Baharampur,24.13,88.27,1996,2025,8,AUG,ALLSKY_SFC_SW_DWN,solar_kwh_m2_day,16.1523,1.1739,14.49,18.23,30,16.15,14.0644
Bihar,42603,Baharampur,24.13,88.27,1996,2025,8,AUG,PRECTOTCORR,rainfall_mm,7.541,2.2141,3.63,13.52,30,7.54,11.2236
Bihar,42603,Baharampur,24.13,88.27,1996,2025,8,AUG,RH2M,humidity_pct,87.4177,1.7818,82.98,89.86,30,87.42,89.0718
Bihar,42603,Baharampur,24.13,88.27,1996,2025,8,AUG,T2M,temp_mean_c,28.5237,0.32,27.94,29.24,30,28.52,28.5018
Bihar,42603,Baharampur,24.13,88.27,1996,2025,8,AUG,T2M_MAX,temp_max_c,33.7417,0.7253,32.44,35.65,30,35.65,31.8573
Bihar,42603,Baharampur,24.13,88.27,1996,2025,8,AUG,T2M_MIN,temp_min_c,24.7693,0.441,23.72,25.41,30,23.72,26.1409
Bihar,42603,Baharampur,24.13,88.27,1996,2025,8,AUG,WS10M,wind_speed_ms,3.2037,0.2831,2.77,3.89,30,3.2,2.81
Bihar,42603,Baharampur,24.13,88.27,1996,2025,9,SEP,ALLSKY_SFC_SW_DWN,solar_kwh_m2_day,15.6523,1.011,13.71,17.54,30,15.65,14.0644
Bihar,42603,Baharampur,24.13,88.27,1996,2025,9,SEP,PRECTOTCORR,rainfall_mm,7.0733,2.0271,1.79,12.24,30,7.07,11.2236
Bihar,42603,Baharampur,24.13,88.27,1996,2025,9,SEP,RH2M,humidity_pct,87.6937,2.1784,79.43,90.99,30,87.69,89.0718
Bihar,42603,Baharampur,24.13,88.27,1996,2025,9,SEP,T2M,temp_mean_c,27.8577,0.4146,27,28.78,30,27.86,28.5018
Bihar,42603,Baharampur,24.13,88.27,1996,2025,9,SEP,T2M_MAX,temp_max_c,33.1237,0.7646,31.71,35.61,30,35.61,31.8573
Bihar,42603,Baharampur,24.13,88.27,1996,2025,9,SEP,T2M_MIN,temp_min_c,23.6317,1.0677,21.38,25.23,30,21.38,26.1409
Bihar,42603,Baharampur,24.13,88.27,1996,2025,9,SEP,WS10M,wind_speed_ms,2.7357,0.4119,2.07,3.98,30,2.74,2.81
Bihar,42603,Baharampur,24.13,88.27,1996,2025,10,OCT,ALLSKY_SFC_SW_DWN,solar_kwh_m2_day,15.5313,1.3611,12.72,17.41,30,15.53,14.0644
Bihar,42603,Baharampur,24.13,88.27,1996,2025,10,OCT,PRECTOTCORR,rainfall_mm,3.7157,2.3817,0.68,11.52,30,3.72,11.2236
Bihar,42603,Baharampur,24.13,88.27,1996,2025,10,OCT,RH2M,humidity_pct,81.9447,4.7542,63.36,87.05,30,81.94,89.0718
Bihar,42603,Baharampur,24.13,88.27,1996,2025,10,OCT,T2M,temp_mean_c,25.9077,0.7425,23.58,27.31,30,25.91,28.5018
Bihar,42603,Baharampur,24.13,88.27,1996,2025,10,OCT,T2M_MAX,temp_max_c,32.2633,1.0342,30.9,35.95,30,35.95,31.8573
Bihar,42603,Baharampur,24.13,88.27,1996,2025,10,OCT,T2M_MIN,temp_min_c,17.5347,1.4575,14.32,21.3,30,14.32,26.1409
Bihar,42603,Baharampur,24.13,88.27,1996,2025,10,OCT,WS10M,wind_speed_ms,2.1533,0.3241,1.63,2.87,30,2.15,2.81
Bihar,42603,Baharampur,24.13,88.27,1996,2025,11,NOV,ALLSKY_SFC_SW_DWN,solar_kwh_m2_day,14.4287,0.903,13.2,16.56,30,14.43,14.0644
Bihar,42603,Baharampur,24.13,88.27,1996,2025,11,NOV,PRECTOTCORR,rainfall_mm,0.3387,0.5509,0,2.35,30,0.34,11.2236
Bihar,42603,Baharampur,24.13,88.27,1996,2025,11,NOV,RH2M,humidity_pct,74.9537,7.0654,46.72,82.87,30,74.95,89.0718
Bihar,42603,Baharampur,24.13,88.27,1996,2025,11,NOV,T2M,temp_mean_c,21.626,1.0277,19.13,24.12,30,21.63,28.5018
Bihar,42603,Baharampur,24.13,88.27,1996,2025,11,NOV,T2M_MAX,temp_max_c,29.827,1.4622,27.36,35.35,30,35.35,31.8573
Bihar,42603,Baharampur,24.13,88.27,1996,2025,11,NOV,T2M_MIN,temp_min_c,12.3857,1.7003,8.51,16.32,30,8.51,26.1409
Bihar,42603,Baharampur,24.13,88.27,1996,2025,11,NOV,WS10M,wind_speed_ms,2.1307,0.3702,1.58,3.04,30,2.13,2.81
Bihar,42603,Baharampur,24.13,88.27,1996,2025,12,DEC,ALLSKY_SFC_SW_DWN,solar_kwh_m2_day,11.8423,1.3366,9.47,14.47,30,11.84,14.0644
Bihar,42603,Baharampur,24.13,88.27,1996,2025,12,DEC,PRECTOTCORR,rainfall_mm,0.2553,0.4793,0,1.72,30,0.26,11.2236
Bihar,42603,Baharampur,24.13,88.27,1996,2025,12,DEC,RH2M,humidity_pct,68.5307,9.5979,34.99,80.68,30,68.53,89.0718
Bihar,42603,Baharampur,24.13,88.27,1996,2025,12,DEC,T2M,temp_mean_c,17.5653,0.96,15.65,19.65,30,17.57,28.5018
Bihar,42603,Baharampur,24.13,88.27,1996,2025,12,DEC,T2M_MAX,temp_max_c,27.1027,1.5448,24.1,30.33,30,30.33,31.8573
Bihar,42603,Baharampur,24.13,88.27,1996,2025,12,DEC,T2M_MIN,temp_min_c,7.393,1.3374,3.99,9.74,30,3.99,26.1409
Bihar,42603,Baharampur,24.13,88.27,1996,2025,12,DEC,WS10M,wind_speed_ms,2.351,0.3122,1.88,3.14,30,2.35,2.81
Bihar,42384,Ballia,25.75,84.167,1996,2025,0,ANNUAL,ALLSKY_SFC_SW_DWN,solar_kwh_m2_day,17.1493,0.7101,15.69,18.2,30,,12.9122
Bihar,42384,Ballia,25.75,84.167,1996,2025,0,ANNUAL,PRECTOTCORR,rainfall_mm,2.7287,0.6235,1.81,4.71,30,,9.7527
Bihar,42384,Ballia,25.75,84.167,1996,2025,0,ANNUAL,RH2M,humidity_pct,55.4377,4.2246,48.88,65.39,30,,85.0645
Bihar,42384,Ballia,25.75,84.167,1996,2025,0,ANNUAL,T2M,temp_mean_c,26.0913,0.5806,24.91,26.98,30,,29.4455
Bihar,42384,Ballia,25.75,84.167,1996,2025,0,ANNUAL,T2M_MAX,temp_max_c,46.1143,1.328,43.74,48.53,30,,33.2073
Bihar,42384,Ballia,25.75,84.167,1996,2025,0,ANNUAL,T2M_MIN,temp_min_c,4.3017,1.1185,1.27,6.34,30,,26.5691
Bihar,42384,Ballia,25.75,84.167,1996,2025,0,ANNUAL,WS10M,wind_speed_ms,2.9683,0.1474,2.51,3.19,30,,3.18
Bihar,42384,Ballia,25.75,84.167,1996,2025,1,JAN,ALLSKY_SFC_SW_DWN,solar_kwh_m2_day,11.2463,1.6979,7.17,14.01,30,11.25,12.9122
Bihar,42384,Ballia,25.75,84.167,1996,2025,1,JAN,PRECTOTCORR,rainfall_mm,0.2983,0.3452,0,1.11,30,0.3,9.7527
Bihar,42384,Ballia,25.75,84.167,1996,2025,1,JAN,RH2M,humidity_pct,50.145,10.1364,30.06,75.63,30,50.15,85.0645
Bihar,42384,Ballia,25.75,84.167,1996,2025,1,JAN,T2M,temp_mean_c,15.552,1.0217,13.1,17.44,30,15.55,29.4455
Bihar,42384,Ballia,25.75,84.167,1996,2025,1,JAN,T2M_MAX,temp_max_c,27.7837,1.7657,24.75,30.53,30,30.53,33.2073
Bihar,42384,Ballia,25.75,84.167,1996,2025,1,JAN,T2M_MIN,temp_min_c,4.6873,1.2441,1.27,7.16,30,1.27,26.5691
Bihar,42384,Ballia,25.75,84.167,1996,2025,1,JAN,WS10M,wind_speed_ms,2.6233,0.2145,2.11,3.03,30,2.62,3.18
Bihar,42384,Ballia,25.75,84.167,1996,2025,2,FEB,ALLSKY_SFC_SW_DWN,solar_kwh_m2_day,16.1997,1.1078,13.74,18.45,30,16.2,12.9122
Bihar,42384,Ballia,25.75,84.167,1996,2025,2,FEB,PRECTOTCORR,rainfall_mm,0.4387,0.5416,0,2.05,30,0.44,9.7527
Bihar,42384,Ballia,25.75,84.167,1996,2025,2,FEB,RH2M,humidity_pct,41.428,9.0617,26.12,60.2,30,41.43,85.0645
Bihar,42384,Ballia,25.75,84.167,1996,2025,2,FEB,T2M,temp_mean_c,19.7347,1.4135,17.01,22.63,30,19.73,29.4455
Bihar,42384,Ballia,25.75,84.167,1996,2025,2,FEB,T2M_MAX,temp_max_c,33.521,2.1709,28.9,38.62,30,38.62,33.2073
Bihar,42384,Ballia,25.75,84.167,1996,2025,2,FEB,T2M_MIN,temp_min_c,7.0357,1.5125,3.65,10.21,30,3.65,26.5691
Bihar,42384,Ballia,25.75,84.167,1996,2025,2,FEB,WS10M,wind_speed_ms,2.9947,0.3062,2.32,3.55,30,2.99,3.18
Bihar,42384,Ballia,25.75,84.167,1996,2025,3,MAR,ALLSKY_SFC_SW_DWN,solar_kwh_m2_day,20.569,0.9367,18.22,22.53,30,20.57,12.9122
Bihar,42384,Ballia,25.75,84.167,1996,2025,3,MAR,PRECTOTCORR,rainfall_mm,0.2803,0.327,0,1.16,30,0.28,9.7527
Bihar,42384,Ballia,25.75,84.167,1996,2025,3,MAR,RH2M,humidity_pct,29.5947,8.6317,14.32,49.39,30,29.59,85.0645
Bihar,42384,Ballia,25.75,84.167,1996,2025,3,MAR,T2M,temp_mean_c,26.054,1.2791,23.06,28.22,30,26.05,29.4455
Bihar,42384,Ballia,25.75,84.167,1996,2025,3,MAR,T2M_MAX,temp_max_c,40.0887,1.6325,36.8,43.26,30,43.26,33.2073
Bihar,42384,Ballia,25.75,84.167,1996,2025,3,MAR,T2M_MIN,temp_min_c,12.0827,2.0487,8.58,15.96,30,8.58,26.5691
Bihar,42384,Ballia,25.75,84.167,1996,2025,3,MAR,WS10M,wind_speed_ms,3.305,0.3435,2.66,4.24,30,3.31,3.18
Bihar,42384,Ballia,25.75,84.167,1996,2025,4,APR,ALLSKY_SFC_SW_DWN,solar_kwh_m2_day,23.2817,1.1045,20.45,25.21,30,23.28,12.9122
Bihar,42384,Ballia,25.75,84.167,1996,2025,4,APR,PRECTOTCORR,rainfall_mm,0.4777,0.4056,0,1.64,30,0.48,9.7527
Bihar,42384,Ballia,25.75,84.167,1996,2025,4,APR,RH2M,humidity_pct,24.1117,6.37,10.71,37.37,30,24.11,85.0645
Bihar,42384,Ballia,25.75,84.167,1996,2025,4,APR,T2M,temp_mean_c,32.024,1.1071,29.82,34.78,30,32.02,29.4455
Bihar,42384,Ballia,25.75,84.167,1996,2025,4,APR,T2M_MAX,temp_max_c,44.1537,1.3277,41.21,47.08,30,47.08,33.2073
Bihar,42384,Ballia,25.75,84.167,1996,2025,4,APR,T2M_MIN,temp_min_c,19.1017,1.6067,15.4,22.31,30,15.4,26.5691
Bihar,42384,Ballia,25.75,84.167,1996,2025,4,APR,WS10M,wind_speed_ms,3.4243,0.4668,2.82,5.1,30,3.42,3.18
Bihar,42384,Ballia,25.75,84.167,1996,2025,5,MAY,ALLSKY_SFC_SW_DWN,solar_kwh_m2_day,22.966,1.5959,17.36,25.13,30,22.97,12.9122
Bihar,42384,Ballia,25.75,84.167,1996,2025,5,MAY,PRECTOTCORR,rainfall_mm,1.6943,1.4036,0.03,7.46,30,1.69,9.7527
Bihar,42384,Ballia,25.75,84.167,1996,2025,5,MAY,RH2M,humidity_pct,32.968,7.4564,17.38,46.77,30,32.97,85.0645
Bihar,42384,Ballia,25.75,84.167,1996,2025,5,MAY,T2M,temp_mean_c,34.6793,1.0745,31.57,36.69,30,34.68,29.4455
Bihar,42384,Ballia,25.75,84.167,1996,2025,5,MAY,T2M_MAX,temp_max_c,45.5713,1.3239,42.92,48.53,30,48.53,33.2073
Bihar,42384,Ballia,25.75,84.167,1996,2025,5,MAY,T2M_MIN,temp_min_c,23.8917,1.5095,20.14,25.96,30,20.14,26.5691
Bihar,42384,Ballia,25.75,84.167,1996,2025,5,MAY,WS10M,wind_speed_ms,3.3827,0.3533,2.69,4.31,30,3.38,3.18
Bihar,42384,Ballia,25.75,84.167,1996,2025,6,JUN,ALLSKY_SFC_SW_DWN,solar_kwh_m2_day,20.151,1.8521,15.7,22.79,30,20.15,12.9122
Bihar,42384,Ballia,25.75,84.167,1996,2025,6,JUN,PRECTOTCORR,rainfall_mm,4.968,3.4755,1.64,15.96,30,4.97,9.7527
Bihar,42384,Ballia,25.75,84.167,1996,2025,6,JUN,RH2M,humidity_pct,48.357,11.9605,33.1,77.12,30,48.36,85.0645
Bihar,42384,Ballia,25.75,84.167,1996,2025,6,JUN,T2M,temp_mean_c,34.6553,2.1373,30.07,37.53,30,34.66,29.4455
Bihar,42384,Ballia,25.75,84.167,1996,2025,6,JUN,T2M_MAX,temp_max_c,44.7603,2.4795,39.42,48.41,30,48.41,33.2073
Bihar,42384,Ballia,25.75,84.167,1996,2025,6,JUN,T2M_MIN,temp_min_c,26.6133,1.3393,23.56,28.86,30,23.56,26.5691
Bihar,42384,Ballia,25.75,84.167,1996,2025,6,JUN,WS10M,wind_speed_ms,3.6963,0.4728,2.53,4.77,30,3.7,3.18
Bihar,42384,Ballia,25.75,84.167,1996,2025,7,JUL,ALLSKY_SFC_SW_DWN,solar_kwh_m2_day,16.838,1.5843,12.85,19.46,30,16.84,12.9122
Bihar,42384,Ballia,25.75,84.167,1996,2025,7,JUL,PRECTOTCORR,rainfall_mm,8.8993,3.4045,3.74,17.12,30,8.9,9.7527
Bihar,42384,Ballia,25.75,84.167,1996,2025,7,JUL,RH2M,humidity_pct,76.5037,6.297,62.62,88.08,30,76.5,85.0645
Bihar,42384,Ballia,25.75,84.167,1996,2025,7,JUL,T2M,temp_mean_c,30.5183,1.035,28.7,32.83,30,30.52,29.4455
Bihar,42384,Ballia,25.75,84.167,1996,2025,7,JUL,T2M_MAX,temp_max_c,38.2377,2.2759,33.82,42.12,30,42.12,33.2073
Bihar,42384,Ballia,25.75,84.167,1996,2025,7,JUL,T2M_MIN,temp_min_c,25.5157,0.7234,24.25,27.14,30,24.25,26.5691
Bihar,42384,Ballia,25.75,84.167,1996,2025,7,JUL,WS10M,wind_speed_ms,3.7027,0.4206,3.05,4.69,30,3.7,3.18
Bihar,42384,Ballia,25.75,84.167,1996,2025,8,AUG,ALLSKY_SFC_SW_DWN,solar_kwh_m2_day,16.957,1.2092,14.22,18.57,30,16.96,12.9122
Bihar,42384,Ballia,25.75,84.167,1996,2025,8,AUG,PRECTOTCORR,rainfall_mm,7.777,2.2796,3.65,13.79,30,7.78,9.7527
Bihar,42384,Ballia,25.75,84.167,1996,2025,8,AUG,RH2M,humidity_pct,83.4887,3.2578,75.57,88.7,30,83.49,85.0645
Bihar,42384,Ballia,25.75,84.167,1996,2025,8,AUG,T2M,temp_mean_c,29.1683,0.4883,28.21,30.12,30,29.17,29.4455
Bihar,42384,Ballia,25.75,84.167,1996,2025,8,AUG,T2M_MAX,temp_max_c,35.006,1.2423,33.3,38.09,30,38.09,33.2073
Bihar,42384,Ballia,25.75,84.167,1996,2025,8,AUG,T2M_MIN,temp_min_c,24.7937,0.4882,23.84,25.68,30,23.84,26.5691
Bihar,42384,Ballia,25.75,84.167,1996,2025,8,AUG,WS10M,wind_speed_ms,3.1767,0.4072,2.56,4.09,30,3.18,3.18
Bihar,42384,Ballia,25.75,84.167,1996,2025,9,SEP,ALLSKY_SFC_SW_DWN,solar_kwh_m2_day,16.6407,1.2986,13.9,18.98,30,16.64,12.9122
Bihar,42384,Ballia,25.75,84.167,1996,2025,9,SEP,PRECTOTCORR,rainfall_mm,5.7047,2.4511,1.98,10.31,30,5.7,9.7527
Bihar,42384,Ballia,25.75,84.167,1996,2025,9,SEP,RH2M,humidity_pct,84.2773,2.6458,76.57,88,30,84.28,85.0645
Bihar,42384,Ballia,25.75,84.167,1996,2025,9,SEP,T2M,temp_mean_c,28.012,0.4578,27.1,28.96,30,28.01,29.4455
Bihar,42384,Ballia,25.75,84.167,1996,2025,9,SEP,T2M_MAX,temp_max_c,33.8283,0.9948,32.64,36.06,30,36.06,33.2073
Bihar,42384,Ballia,25.75,84.167,1996,2025,9,SEP,T2M_MIN,temp_min_c,22.4893,1.2661,19.26,24.74,30,19.26,26.5691
Bihar,42384,Ballia,25.75,84.167,1996,2025,9,SEP,WS10M,wind_speed_ms,2.9263,0.4759,2.24,3.78,30,2.93,3.18
Bihar,42384,Ballia,25.75,84.167,1996,2025,10,OCT,ALLSKY_SFC_SW_DWN,solar_kwh_m2_day,16.322,1.2451,13.58,18.47,30,16.32,12.9122
Bihar,42384,Ballia,25.75,84.167,1996,2025,10,OCT,PRECTOTCORR,rainfall_mm,1.8087,1.8076,0.04,7.88,30,1.81,9.7527
Bihar,42384,Ballia,25.75,84.167,1996,2025,10,OCT,RH2M,humidity_pct,74.041,7.9342,53.8,86.42,30,74.04,85.0645
Bihar,42384,Ballia,25.75,84.167,1996,2025,10,OCT,T2M,temp_mean_c,25.3957,0.9909,23.44,27.57,30,25.4,29.4455
Bihar,42384,Ballia,25.75,84.167,1996,2025,10,OCT,T2M_MAX,temp_max_c,33.086,1.4921,30.5,36.72,30,36.72,33.2073
Bihar,42384,Ballia,25.75,84.167,1996,2025,10,OCT,T2M_MIN,temp_min_c,16.021,1.7859,12.15,20.15,30,12.15,26.5691
Bihar,42384,Ballia,25.75,84.167,1996,2025,10,OCT,WS10M,wind_speed_ms,2.0917,0.4267,1.42,3,30,2.09,3.18
Bihar,42384,Ballia,25.75,84.167,1996,2025,11,NOV,ALLSKY_SFC_SW_DWN,solar_kwh_m2_day,13.7757,0.944,11.87,16.07,30,13.78,12.9122
Bihar,42384,Ballia,25.75,84.167,1996,2025,11,NOV,PRECTOTCORR,rainfall_mm,0.077,0.1766,0,0.7,30,0.08,9.7527
Bihar,42384,Ballia,25.75,84.167,1996,2025,11,NOV,RH2M,humidity_pct,62.565,10.7798,42.87,82.19,30,62.56,85.0645
Bihar,42384,Ballia,25.75,84.167,1996,2025,11,NOV,T2M,temp_mean_c,20.737,1.5329,17.91,24.13,30,20.74,29.4455
Bihar,42384,Ballia,25.75,84.167,1996,2025,11,NOV,T2M_MAX,temp_max_c,30.6527,2.0182,27.11,34.98,30,34.98,33.2073
Bihar,42384,Ballia,25.75,84.167,1996,2025,11,NOV,T2M_MIN,temp_min_c,10.63,1.6962,7.81,15.08,30,7.81,26.5691
Bihar,42384,Ballia,25.75,84.167,1996,2025,11,NOV,WS10M,wind_speed_ms,2.0633,0.3432,1.29,2.71,30,2.06,3.18
Bihar,42384,Ballia,25.75,84.167,1996,2025,12,DEC,ALLSKY_SFC_SW_DWN,solar_kwh_m2_day,10.9303,1.3717,8.7,13.53,30,10.93,12.9122
Bihar,42384,Ballia,25.75,84.167,1996,2025,12,DEC,PRECTOTCORR,rainfall_mm,0.1267,0.2656,0,1.16,30,0.13,9.7527
Bihar,42384,Ballia,25.75,84.167,1996,2025,12,DEC,RH2M,humidity_pct,56.4587,11.188,36.58,78.63,30,56.46,85.0645
Bihar,42384,Ballia,25.75,84.167,1996,2025,12,DEC,T2M,temp_mean_c,16.3597,1.2606,13.99,18.35,30,16.36,29.4455
Bihar,42384,Ballia,25.75,84.167,1996,2025,12,DEC,T2M_MAX,temp_max_c,27.479,1.8992,23.81,31.88,30,31.88,33.2073
Bihar,42384,Ballia,25.75,84.167,1996,2025,12,DEC,T2M_MIN,temp_min_c,5.7867,1.5417,1.94,8.44,30,1.94,26.5691
Bihar,42384,Ballia,25.75,84.167,1996,2025,12,DEC,WS10M,wind_speed_ms,2.245,0.316,1.66,2.76,30,2.24,3.18
Bihar,42498,Bhagalpur,25.23,86.95,1996,2025,0,ANNUAL,ALLSKY_SFC_SW_DWN,solar_kwh_m2_day,16.9093,0.6327,15.68,18.58,30,,14.9167
Bihar,42498,Bhagalpur,25.23,86.95,1996,2025,0,ANNUAL,PRECTOTCORR,rainfall_mm,3.0947,0.5737,2,4.46,30,,10.1245
Bihar,42498,Bhagalpur,25.23,86.95,1996,2025,0,ANNUAL,RH2M,humidity_pct,61.568,3.947,52.28,71.62,30,,86.6364
Bihar,42498,Bhagalpur,25.23,86.95,1996,2025,0,ANNUAL,T2M,temp_mean_c,25.6763,0.4009,24.52,26.36,30,,28.8218
Bihar,42498,Bhagalpur,25.23,86.95,1996,2025,0,ANNUAL,T2M_MAX,temp_max_c,44.6733,1.3579,42.15,47.15,30,,32.4636
Bihar,42498,Bhagalpur,25.23,86.95,1996,2025,0,ANNUAL,T2M_MIN,temp_min_c,5.24,1.1023,1.68,7.04,30,,26.1064
Bihar,42498,Bhagalpur,25.23,86.95,1996,2025,0,ANNUAL,WS10M,wind_speed_ms,2.9613,0.1223,2.6,3.19,30,,2.8591
Bihar,42498,Bhagalpur,25.23,86.95,1996,2025,1,JAN,ALLSKY_SFC_SW_DWN,solar_kwh_m2_day,11.4577,1.5271,8.25,14.33,30,11.46,14.9167
Bihar,42498,Bhagalpur,25.23,86.95,1996,2025,1,JAN,PRECTOTCORR,rainfall_mm,0.2357,0.2875,0,1.29,30,0.24,10.1245
Bihar,42498,Bhagalpur,25.23,86.95,1996,2025,1,JAN,RH2M,humidity_pct,53.323,9.5637,32.12,75.93,30,53.32,86.6364
Bihar,42498,Bhagalpur,25.23,86.95,1996,2025,1,JAN,T2M,temp_mean_c,16.046,1.0231,13.84,17.71,30,16.05,28.8218
Bihar,42498,Bhagalpur,25.23,86.95,1996,2025,1,JAN,T2M_MAX,temp_max_c,28.167,1.5336,25.2,31.46,30,31.46,32.4636
Bihar,42498,Bhagalpur,25.23,86.95,1996,2025,1,JAN,T2M_MIN,temp_min_c,5.518,1.072,1.68,7.67,30,1.68,26.1064
Bihar,42498,Bhagalpur,25.23,86.95,1996,2025,1,JAN,WS10M,wind_speed_ms,2.752,0.2916,2.37,3.68,30,2.75,2.8591
Bihar,42498,Bhagalpur,25.23,86.95,1996,2025,2,FEB,ALLSKY_SFC_SW_DWN,solar_kwh_m2_day,16.234,1.2126,14.15,19.08,30,16.23,14.9167
Bihar,42498,Bhagalpur,25.23,86.95,1996,2025,2,FEB,PRECTOTCORR,rainfall_mm,0.379,0.434,0,1.69,30,0.38,10.1245
Bihar,42498,Bhagalpur,25.23,86.95,1996,2025,2,FEB,RH2M,humidity_pct,42.6683,8.6875,22.67,63.25,30,42.67,86.6364
Bihar,42498,Bhagalpur,25.23,86.95,1996,2025,2,FEB,T2M,temp_mean_c,20.465,1.3786,17.57,23.3,30,20.47,28.8218
Bihar,42498,Bhagalpur,25.23,86.95,1996,2025,2,FEB,T2M_MAX,temp_max_c,33.8083,2.0813,29.95,38.09,30,38.09,32.4636
Bihar,42498,Bhagalpur,25.23,86.95,1996,2025,2,FEB,T2M_MIN,temp_min_c,8.111,1.4561,5.67,11.25,30,5.67,26.1064
Bihar,42498,Bhagalpur,25.23,86.95,1996,2025,2,FEB,WS10M,wind_speed_ms,3.056,0.3964,2.37,4.34,30,3.06,2.8591
Bihar,42498,Bhagalpur,25.23,86.95,1996,2025,3,MAR,ALLSKY_SFC_SW_DWN,solar_kwh_m2_day,20.2173,0.9944,17.8,22.05,30,20.22,14.9167
Bihar,42498,Bhagalpur,25.23,86.95,1996,2025,3,MAR,PRECTOTCORR,rainfall_mm,0.464,0.4577,0.03,1.95,30,0.46,10.1245
Bihar,42498,Bhagalpur,25.23,86.95,1996,2025,3,MAR,RH2M,humidity_pct,31.0987,8.3759,15.44,54.45,30,31.1,86.6364
Bihar,42498,Bhagalpur,25.23,86.95,1996,2025,3,MAR,T2M,temp_mean_c,26.546,1.1984,23.7,28.75,30,26.55,28.8218
Bihar,42498,Bhagalpur,25.23,86.95,1996,2025,3,MAR,T2M_MAX,temp_max_c,39.718,1.5481,35.71,42.09,30,42.09,32.4636
Bihar,42498,Bhagalpur,25.23,86.95,1996,2025,3,MAR,T2M_MIN,temp_min_c,13.3233,1.787,9.63,17.43,30,9.63,26.1064
Bihar,42498,Bhagalpur,25.23,86.95,1996,2025,3,MAR,WS10M,wind_speed_ms,3.2727,0.3902,2.63,4.07,30,3.27,2.8591
Bihar,42498,Bhagalpur,25.23,86.95,1996,2025,4,APR,ALLSKY_SFC_SW_DWN,solar_kwh_m2_day,22.471,1.2071,19.68,24.88,30,22.47,14.9167
Bihar,42498,Bhagalpur,25.23,86.95,1996,2025,4,APR,PRECTOTCORR,rainfall_mm,1.1153,0.9037,0.04,2.93,30,1.12,10.1245
Bihar,42498,Bhagalpur,25.23,86.95,1996,2025,4,APR,RH2M,humidity_pct,32.8127,8.8002,16.84,48.94,30,32.81,86.6364
Bihar,42498,Bhagalpur,25.23,86.95,1996,2025,4,APR,T2M,temp_mean_c,31.5097,1.2529,29.06,34.27,30,31.51,28.8218
Bihar,42498,Bhagalpur,25.23,86.95,1996,2025,4,APR,T2M_MAX,temp_max_c,43.208,1.7106,39.84,46.2,30,46.2,32.4636
Bihar,42498,Bhagalpur,25.23,86.95,1996,2025,4,APR,T2M_MIN,temp_min_c,19.525,1.458,15.67,22.11,30,15.67,26.1064
Bihar,42498,Bhagalpur,25.23,86.95,1996,2025,4,APR,WS10M,wind_speed_ms,3.1937,0.4079,2.74,4.79,30,3.19,2.8591
Bihar,42498,Bhagalpur,25.23,86.95,1996,2025,5,MAY,ALLSKY_SFC_SW_DWN,solar_kwh_m2_day,21.8837,1.6366,17.33,24.86,30,21.88,14.9167
Bihar,42498,Bhagalpur,25.23,86.95,1996,2025,5,MAY,PRECTOTCORR,rainfall_mm,3.09,1.8857,0.47,10.08,30,3.09,10.1245
Bihar,42498,Bhagalpur,25.23,86.95,1996,2025,5,MAY,RH2M,humidity_pct,47.1623,8.5473,27.48,60.22,30,47.16,86.6364
Bihar,42498,Bhagalpur,25.23,86.95,1996,2025,5,MAY,T2M,temp_mean_c,32.991,1.1715,30.83,35.8,30,32.99,28.8218
Bihar,42498,Bhagalpur,25.23,86.95,1996,2025,5,MAY,T2M_MAX,temp_max_c,44.1213,1.4668,41.06,47.15,30,47.15,32.4636
Bihar,42498,Bhagalpur,25.23,86.95,1996,2025,5,MAY,T2M_MIN,temp_min_c,23.3263,1.1337,20.04,25.27,30,20.04,26.1064
Bihar,42498,Bhagalpur,25.23,86.95,1996,2025,5,MAY,WS10M,wind_speed_ms,3.2317,0.3328,2.67,4.01,30,3.23,2.8591
Bihar,42498,Bhagalpur,25.23,86.95,1996,2025,6,JUN,ALLSKY_SFC_SW_DWN,solar_kwh_m2_day,19.1537,1.5896,15.9,22.03,30,19.15,14.9167
Bihar,42498,Bhagalpur,25.23,86.95,1996,2025,6,JUN,PRECTOTCORR,rainfall_mm,5.6547,2.6912,2.2,11.73,30,5.65,10.1245
Bihar,42498,Bhagalpur,25.23,86.95,1996,2025,6,JUN,RH2M,humidity_pct,62.9307,9.2609,46.27,80.26,30,62.93,86.6364
Bihar,42498,Bhagalpur,25.23,86.95,1996,2025,6,JUN,T2M,temp_mean_c,32.2283,1.6164,29.36,35.14,30,32.23,28.8218
Bihar,42498,Bhagalpur,25.23,86.95,1996,2025,6,JUN,T2M_MAX,temp_max_c,42.534,2.7046,37.23,47,30,47,32.4636
Bihar,42498,Bhagalpur,25.23,86.95,1996,2025,6,JUN,T2M_MIN,temp_min_c,25.6093,0.8998,23.1,27.22,30,23.1,26.1064
Bihar,42498,Bhagalpur,25.23,86.95,1996,2025,6,JUN,WS10M,wind_speed_ms,3.649,0.4253,2.77,4.27,30,3.65,2.8591
Bihar,42498,Bhagalpur,25.23,86.95,1996,2025,7,JUL,ALLSKY_SFC_SW_DWN,solar_kwh_m2_day,16.506,1.3243,13.32,19.59,30,16.51,14.9167
Bihar,42498,Bhagalpur,25.23,86.95,1996,2025,7,JUL,PRECTOTCORR,rainfall_mm,8.9633,2.4323,4.91,13.42,30,8.96,10.1245
Bihar,42498,Bhagalpur,25.23,86.95,1996,2025,7,JUL,RH2M,humidity_pct,82.4727,3.4138,72.48,87.13,30,82.47,86.6364
Bihar,42498,Bhagalpur,25.23,86.95,1996,2025,7,JUL,T2M,temp_mean_c,29.2417,0.5714,28.46,30.87,30,29.24,28.8218
Bihar,42498,Bhagalpur,25.23,86.95,1996,2025,7,JUL,T2M_MAX,temp_max_c,35.7563,1.6516,33.31,38.98,30,38.98,32.4636
Bihar,42498,Bhagalpur,25.23,86.95,1996,2025,7,JUL,T2M_MIN,temp_min_c,25.1633,0.4423,24.55,25.99,30,24.55,26.1064
Bihar,42498,Bhagalpur,25.23,86.95,1996,2025,7,JUL,WS10M,wind_speed_ms,3.605,0.2937,3.04,4.31,30,3.61,2.8591
Bihar,42498,Bhagalpur,25.23,86.95,1996,2025,8,AUG,ALLSKY_SFC_SW_DWN,solar_kwh_m2_day,16.7937,1.2483,14.02,18.97,30,16.79,14.9167
Bihar,42498,Bhagalpur,25.23,86.95,1996,2025,8,AUG,PRECTOTCORR,rainfall_mm,7.2807,2.3548,2.96,13.43,30,7.28,10.1245
Bihar,42498,Bhagalpur,25.23,86.95,1996,2025,8,AUG,RH2M,humidity_pct,86.0983,1.7747,81.07,88.67,30,86.1,86.6364
Bihar,42498,Bhagalpur,25.23,86.95,1996,2025,8,AUG,T2M,temp_mean_c,28.4977,0.3216,27.91,29.16,30,28.5,28.8218
Bihar,42498,Bhagalpur,25.23,86.95,1996,2025,8,AUG,T2M_MAX,temp_max_c,33.8477,0.6708,32.8,35.72,30,35.72,32.4636
Bihar,42498,Bhagalpur,25.23,86.95,1996,2025,8,AUG,T2M_MIN,temp_min_c,24.543,0.442,23.37,25.2,30,23.37,26.1064
Bihar,42498,Bhagalpur,25.23,86.95,1996,2025,8,AUG,WS10M,wind_speed_ms,3.2283,0.357,2.54,4.02,30,3.23,2.8591
Bihar,42498,Bhagalpur,25.23,86.95,1996,2025,9,SEP,ALLSKY_SFC_SW_DWN,solar_kwh_m2_day,16.279,1.1877,13.52,18.08,30,16.28,14.9167
Bihar,42498,Bhagalpur,25.23,86.95,1996,2025,9,SEP,PRECTOTCORR,rainfall_mm,6.7383,3.087,3.25,13.44,30,6.74,10.1245
Bihar,42498,Bhagalpur,25.23,86.95,1996,2025,9,SEP,RH2M,humidity_pct,86.61,2.1149,79.91,89.79,30,86.61,86.6364
Bihar,42498,Bhagalpur,25.23,86.95,1996,2025,9,SEP,T2M,temp_mean_c,27.6303,0.3935,26.96,28.44,30,27.63,28.8218
Bihar,42498,Bhagalpur,25.23,86.95,1996,2025,9,SEP,T2M_MAX,temp_max_c,32.971,0.6313,31.64,34.71,30,34.71,32.4636
Bihar,42498,Bhagalpur,25.23,86.95,1996,2025,9,SEP,T2M_MIN,temp_min_c,22.99,1.1225,19.99,24.38,30,19.99,26.1064
Bihar,42498,Bhagalpur,25.23,86.95,1996,2025,9,SEP,WS10M,wind_speed_ms,2.8747,0.4161,2.28,3.83,30,2.87,2.8591
Bihar,42498,Bhagalpur,25.23,86.95,1996,2025,10,OCT,ALLSKY_SFC_SW_DWN,solar_kwh_m2_day,16.1727,1.3006,13.76,18,30,16.17,14.9167
Bihar,42498,Bhagalpur,25.23,86.95,1996,2025,10,OCT,PRECTOTCORR,rainfall_mm,2.77,1.9734,0.11,7.22,30,2.77,10.1245
Bihar,42498,Bhagalpur,25.23,86.95,1996,2025,10,OCT,RH2M,humidity_pct,79.7417,4.6259,68.84,85.86,30,79.74,86.6364
Bihar,42498,Bhagalpur,25.23,86.95,1996,2025,10,OCT,T2M,temp_mean_c,25.2333,0.7396,23.21,26.45,30,25.23,28.8218
Bihar,42498,Bhagalpur,25.23,86.95,1996,2025,10,OCT,T2M_MAX,temp_max_c,31.998,0.7473,30.47,33.44,30,33.44,32.4636
Bihar,42498,Bhagalpur,25.23,86.95,1996,2025,10,OCT,T2M_MIN,temp_min_c,16.4673,1.5864,12.96,20.49,30,12.96,26.1064
Bihar,42498,Bhagalpur,25.23,86.95,1996,2025,10,OCT,WS10M,wind_speed_ms,2.1733,0.384,1.34,2.91,30,2.17,2.8591
Bihar,42498,Bhagalpur,25.23,86.95,1996,2025,11,NOV,ALLSKY_SFC_SW_DWN,solar_kwh_m2_day,14.416,1.2016,12.65,18.15,30,14.42,14.9167
Bihar,42498,Bhagalpur,25.23,86.95,1996,2025,11,NOV,PRECTOTCORR,rainfall_mm,0.141,0.2313,0,0.9,30,0.14,10.1245
Bihar,42498,Bhagalpur,25.23,86.95,1996,2025,11,NOV,RH2M,humidity_pct,69.7017,9.0809,46.69,83.77,30,69.7,86.6364
Bihar,42498,Bhagalpur,25.23,86.95,1996,2025,11,NOV,T2M,temp_mean_c,20.8693,1.1692,18.44,23.73,30,20.87,28.8218
Bihar,42498,Bhagalpur,25.23,86.95,1996,2025,11,NOV,T2M_MAX,temp_max_c,29.742,1.6166,27.09,34,30,34,32.4636
Bihar,42498,Bhagalpur,25.23,86.95,1996,2025,11,NOV,T2M_MIN,temp_min_c,11.4033,1.4735,8.57,15.06,30,8.57,26.1064
Bihar,42498,Bhagalpur,25.23,86.95,1996,2025,11,NOV,WS10M,wind_speed_ms,2.1247,0.3642,1.72,3.38,30,2.12,2.8591
Bihar,42498,Bhagalpur,25.23,86.95,1996,2025,12,DEC,ALLSKY_SFC_SW_DWN,solar_kwh_m2_day,11.4167,1.4402,9.19,14.6,30,11.42,14.9167
Bihar,42498,Bhagalpur,25.23,86.95,1996,2025,12,DEC,PRECTOTCORR,rainfall_mm,0.1113,0.1881,0,0.69,30,0.11,10.1245
Bihar,42498,Bhagalpur,25.23,86.95,1996,2025,12,DEC,RH2M,humidity_pct,62.6937,10.6147,35.4,80.81,30,62.69,86.6364
Bihar,42498,Bhagalpur,25.23,86.95,1996,2025,12,DEC,T2M,temp_mean_c,16.7093,1.0654,14.58,18.9,30,16.71,28.8218
Bihar,42498,Bhagalpur,25.23,86.95,1996,2025,12,DEC,T2M_MAX,temp_max_c,26.9657,1.4412,24.25,31.08,30,31.08,32.4636
Bihar,42498,Bhagalpur,25.23,86.95,1996,2025,12,DEC,T2M_MIN,temp_min_c,6.5293,1.3243,3.04,8.75,30,3.04,26.1064
Bihar,42498,Bhagalpur,25.23,86.95,1996,2025,12,DEC,WS10M,wind_speed_ms,2.382,0.3817,1.86,3.67,30,2.38,2.8591
Bihar,42488,Chapra,25.78,84.73,1996,2025,0,ANNUAL,ALLSKY_SFC_SW_DWN,solar_kwh_m2_day,17.1493,0.7101,15.69,18.2,30,,12.9122
Bihar,42488,Chapra,25.78,84.73,1996,2025,0,ANNUAL,PRECTOTCORR,rainfall_mm,2.833,0.678,1.65,4.86,30,,13.6036
Bihar,42488,Chapra,25.78,84.73,1996,2025,0,ANNUAL,RH2M,humidity_pct,56.0507,4.32,48.67,66.29,30,,85.76
Bihar,42488,Chapra,25.78,84.73,1996,2025,0,ANNUAL,T2M,temp_mean_c,26.114,0.5934,24.93,27.03,30,,29.2945
Bihar,42488,Chapra,25.78,84.73,1996,2025,0,ANNUAL,T2M_MAX,temp_max_c,45.7367,1.387,43.27,48.34,30,,32.9136
Bihar,42488,Chapra,25.78,84.73,1996,2025,0,ANNUAL,T2M_MIN,temp_min_c,4.5417,1.1792,0.81,6.52,30,,26.5109
Bihar,42488,Chapra,25.78,84.73,1996,2025,0,ANNUAL,WS10M,wind_speed_ms,2.9977,0.1445,2.55,3.23,30,,3.3218
Bihar,42488,Chapra,25.78,84.73,1996,2025,1,JAN,ALLSKY_SFC_SW_DWN,solar_kwh_m2_day,11.2463,1.6979,7.17,14.01,30,11.25,12.9122
Bihar,42488,Chapra,25.78,84.73,1996,2025,1,JAN,PRECTOTCORR,rainfall_mm,0.2747,0.3374,0,1.23,30,0.27,13.6036
Bihar,42488,Chapra,25.78,84.73,1996,2025,1,JAN,RH2M,humidity_pct,50.5513,9.5301,31.39,74.93,30,50.55,85.76
Bihar,42488,Chapra,25.78,84.73,1996,2025,1,JAN,T2M,temp_mean_c,15.6607,1.0415,12.84,17.34,30,15.66,29.2945
Bihar,42488,Chapra,25.78,84.73,1996,2025,1,JAN,T2M_MAX,temp_max_c,27.821,1.6553,25.52,30.54,30,30.54,32.9136
Bihar,42488,Chapra,25.78,84.73,1996,2025,1,JAN,T2M_MIN,temp_min_c,4.937,1.3361,0.81,7.44,30,0.81,26.5109
Bihar,42488,Chapra,25.78,84.73,1996,2025,1,JAN,WS10M,wind_speed_ms,2.6467,0.2324,2.12,3.17,30,2.65,3.3218
Bihar,42488,Chapra,25.78,84.73,1996,2025,2,FEB,ALLSKY_SFC_SW_DWN,solar_kwh_m2_day,16.1997,1.1078,13.74,18.45,30,16.2,12.9122
Bihar,42488,Chapra,25.78,84.73,1996,2025,2,FEB,PRECTOTCORR,rainfall_mm,0.4497,0.5632,0,2.05,30,0.45,13.6036
Bihar,42488,Chapra,25.78,84.73,1996,2025,2,FEB,RH2M,humidity_pct,41.5953,8.9753,26.19,61.05,30,41.6,85.76
Bihar,42488,Chapra,25.78,84.73,1996,2025,2,FEB,T2M,temp_mean_c,19.8233,1.4016,17.31,22.72,30,19.82,29.2945
Bihar,42488,Chapra,25.78,84.73,1996,2025,2,FEB,T2M_MAX,temp_max_c,33.4747,2.1332,28.69,38.48,30,38.48,32.9136
Bihar,42488,Chapra,25.78,84.73,1996,2025,2,FEB,T2M_MIN,temp_min_c,7.2617,1.558,4.21,11.03,30,4.21,26.5109
Bihar,42488,Chapra,25.78,84.73,1996,2025,2,FEB,WS10M,wind_speed_ms,2.99,0.3305,2.26,3.55,30,2.99,3.3218
Bihar,42488,Chapra,25.78,84.73,1996,2025,3,MAR,ALLSKY_SFC_SW_DWN,solar_kwh_m2_day,20.569,0.9367,18.22,22.53,30,20.57,12.9122
Bihar,42488,Chapra,25.78,84.73,1996,2025,3,MAR,PRECTOTCORR,rainfall_mm,0.3,0.3599,0,1.22,30,0.3,13.6036
Bihar,42488,Chapra,25.78,84.73,1996,2025,3,MAR,RH2M,humidity_pct,30.0383,8.6309,14,49.15,30,30.04,85.76
Bihar,42488,Chapra,25.78,84.73,1996,2025,3,MAR,T2M,temp_mean_c,26.0743,1.2449,23.14,28.49,30,26.07,29.2945
Bihar,42488,Chapra,25.78,84.73,1996,2025,3,MAR,T2M_MAX,temp_max_c,39.9627,1.5645,36.72,43.06,30,43.06,32.9136
Bihar,42488,Chapra,25.78,84.73,1996,2025,3,MAR,T2M_MIN,temp_min_c,12.2807,2.0013,8.68,16.12,30,8.68,26.5109
Bihar,42488,Chapra,25.78,84.73,1996,2025,3,MAR,WS10M,wind_speed_ms,3.2777,0.3538,2.53,4.18,30,3.28,3.3218
Bihar,42488,Chapra,25.78,84.73,1996,2025,4,APR,ALLSKY_SFC_SW_DWN,solar_kwh_m2_day,23.2817,1.1045,20.45,25.21,30,23.28,12.9122
Bihar,42488,Chapra,25.78,84.73,1996,2025,4,APR,PRECTOTCORR,rainfall_mm,0.5217,0.4368,0,1.43,30,0.52,13.6036
Bihar,42488,Chapra,25.78,84.73,1996,2025,4,APR,RH2M,humidity_pct,25.6093,6.543,12.01,37.4,30,25.61,85.76
Bihar,42488,Chapra,25.78,84.73,1996,2025,4,APR,T2M,temp_mean_c,31.8947,1.0811,29.71,34.77,30,31.89,29.2945
Bihar,42488,Chapra,25.78,84.73,1996,2025,4,APR,T2M_MAX,temp_max_c,43.946,1.357,41.01,46.74,30,46.74,32.9136
Bihar,42488,Chapra,25.78,84.73,1996,2025,4,APR,T2M_MIN,temp_min_c,19.0813,1.5207,15.23,22.04,30,15.23,26.5109
Bihar,42488,Chapra,25.78,84.73,1996,2025,4,APR,WS10M,wind_speed_ms,3.4273,0.4567,2.77,4.98,30,3.43,3.3218
Bihar,42488,Chapra,25.78,84.73,1996,2025,5,MAY,ALLSKY_SFC_SW_DWN,solar_kwh_m2_day,22.966,1.5959,17.36,25.13,30,22.97,12.9122
Bihar,42488,Chapra,25.78,84.73,1996,2025,5,MAY,PRECTOTCORR,rainfall_mm,1.9163,1.5677,0.04,8.27,30,1.92,13.6036
Bihar,42488,Chapra,25.78,84.73,1996,2025,5,MAY,RH2M,humidity_pct,35.308,7.6462,18.66,47.76,30,35.31,85.76
Bihar,42488,Chapra,25.78,84.73,1996,2025,5,MAY,T2M,temp_mean_c,34.395,1.104,31.56,36.58,30,34.4,29.2945
Bihar,42488,Chapra,25.78,84.73,1996,2025,5,MAY,T2M_MAX,temp_max_c,45.2003,1.3484,42.6,48.34,30,48.34,32.9136
Bihar,42488,Chapra,25.78,84.73,1996,2025,5,MAY,T2M_MIN,temp_min_c,23.8003,1.4835,19.78,25.89,30,19.78,26.5109
Bihar,42488,Chapra,25.78,84.73,1996,2025,5,MAY,WS10M,wind_speed_ms,3.4357,0.3603,2.78,4.24,30,3.44,3.3218
Bihar,42488,Chapra,25.78,84.73,1996,2025,6,JUN,ALLSKY_SFC_SW_DWN,solar_kwh_m2_day,20.151,1.8521,15.7,22.79,30,20.15,12.9122
Bihar,42488,Chapra,25.78,84.73,1996,2025,6,JUN,PRECTOTCORR,rainfall_mm,5.235,3.6936,1.71,16.62,30,5.23,13.6036
Bihar,42488,Chapra,25.78,84.73,1996,2025,6,JUN,RH2M,humidity_pct,50.25,11.2197,35.49,77.82,30,50.25,85.76
Bihar,42488,Chapra,25.78,84.73,1996,2025,6,JUN,T2M,temp_mean_c,34.373,2.0088,30.02,37.12,30,34.37,29.2945
Bihar,42488,Chapra,25.78,84.73,1996,2025,6,JUN,T2M_MAX,temp_max_c,44.419,2.4911,38.61,48.3,30,48.3,32.9136
Bihar,42488,Chapra,25.78,84.73,1996,2025,6,JUN,T2M_MIN,temp_min_c,26.495,1.2572,23.5,28.87,30,23.5,26.5109
Bihar,42488,Chapra,25.78,84.73,1996,2025,6,JUN,WS10M,wind_speed_ms,3.741,0.4842,2.45,4.74,30,3.74,3.3218
Bihar,42488,Chapra,25.78,84.73,1996,2025,7,JUL,ALLSKY_SFC_SW_DWN,solar_kwh_m2_day,16.838,1.5843,12.85,19.46,30,16.84,12.9122
Bihar,42488,Chapra,25.78,84.73,1996,2025,7,JUL,PRECTOTCORR,rainfall_mm,9.065,3.7239,3.59,18.37,30,9.07,13.6036
Bihar,42488,Chapra,25.78,84.73,1996,2025,7,JUL,RH2M,humidity_pct,76.635,6.0798,62.3,87.9,30,76.64,85.76
Bihar,42488,Chapra,25.78,84.73,1996,2025,7,JUL,T2M,temp_mean_c,30.484,0.9986,28.81,32.86,30,30.48,29.2945
Bihar,42488,Chapra,25.78,84.73,1996,2025,7,JUL,T2M_MAX,temp_max_c,38.087,2.2267,33.75,41.96,30,41.96,32.9136
Bihar,42488,Chapra,25.78,84.73,1996,2025,7,JUL,T2M_MIN,temp_min_c,25.516,0.7243,24.25,26.98,30,24.25,26.5109
Bihar,42488,Chapra,25.78,84.73,1996,2025,7,JUL,WS10M,wind_speed_ms,3.7693,0.4796,2.95,4.83,30,3.77,3.3218
Bihar,42488,Chapra,25.78,84.73,1996,2025,8,AUG,ALLSKY_SFC_SW_DWN,solar_kwh_m2_day,16.957,1.2092,14.22,18.57,30,16.96,12.9122
Bihar,42488,Chapra,25.78,84.73,1996,2025,8,AUG,PRECTOTCORR,rainfall_mm,8.0607,2.5957,3.21,14.25,30,8.06,13.6036
Bihar,42488,Chapra,25.78,84.73,1996,2025,8,AUG,RH2M,humidity_pct,82.9547,3.6838,75.07,88.68,30,82.95,85.76
Bihar,42488,Chapra,25.78,84.73,1996,2025,8,AUG,T2M,temp_mean_c,29.266,0.5689,28.26,30.4,30,29.27,29.2945
Bihar,42488,Chapra,25.78,84.73,1996,2025,8,AUG,T2M_MAX,temp_max_c,35.303,1.3478,33.34,38.46,30,38.46,32.9136
Bihar,42488,Chapra,25.78,84.73,1996,2025,8,AUG,T2M_MIN,temp_min_c,24.826,0.5179,23.74,25.66,30,23.74,26.5109
Bihar,42488,Chapra,25.78,84.73,1996,2025,8,AUG,WS10M,wind_speed_ms,3.2437,0.4195,2.44,4.18,30,3.24,3.3218
Bihar,42488,Chapra,25.78,84.73,1996,2025,9,SEP,ALLSKY_SFC_SW_DWN,solar_kwh_m2_day,16.6407,1.2986,13.9,18.98,30,16.64,12.9122
Bihar,42488,Chapra,25.78,84.73,1996,2025,9,SEP,PRECTOTCORR,rainfall_mm,5.9383,2.5619,2.31,10.68,30,5.94,13.6036
Bihar,42488,Chapra,25.78,84.73,1996,2025,9,SEP,RH2M,humidity_pct,84.0583,2.8907,76.24,88.45,30,84.06,85.76
Bihar,42488,Chapra,25.78,84.73,1996,2025,9,SEP,T2M,temp_mean_c,28.0843,0.5204,27.08,29.29,30,28.08,29.2945
Bihar,42488,Chapra,25.78,84.73,1996,2025,9,SEP,T2M_MAX,temp_max_c,34.088,1.2892,32.68,37.6,30,37.6,32.9136
Bihar,42488,Chapra,25.78,84.73,1996,2025,9,SEP,T2M_MIN,temp_min_c,22.6107,1.1758,19.28,24.45,30,19.28,26.5109
Bihar,42488,Chapra,25.78,84.73,1996,2025,9,SEP,WS10M,wind_speed_ms,2.9713,0.5244,2.22,3.97,30,2.97,3.3218
Bihar,42488,Chapra,25.78,84.73,1996,2025,10,OCT,ALLSKY_SFC_SW_DWN,solar_kwh_m2_day,16.322,1.2451,13.58,18.47,30,16.32,12.9122
Bihar,42488,Chapra,25.78,84.73,1996,2025,10,OCT,PRECTOTCORR,rainfall_mm,1.8367,1.7419,0.04,7.37,30,1.84,13.6036
Bihar,42488,Chapra,25.78,84.73,1996,2025,10,OCT,RH2M,humidity_pct,74.294,7.4706,55.83,86.73,30,74.29,85.76
Bihar,42488,Chapra,25.78,84.73,1996,2025,10,OCT,T2M,temp_mean_c,25.572,0.9751,23.37,27.68,30,25.57,29.2945
Bihar,42488,Chapra,25.78,84.73,1996,2025,10,OCT,T2M_MAX,temp_max_c,33.223,1.582,30.67,36.64,30,36.64,32.9136
Bihar,42488,Chapra,25.78,84.73,1996,2025,10,OCT,T2M_MIN,temp_min_c,16.369,1.7935,12.58,20.9,30,12.58,26.5109
Bihar,42488,Chapra,25.78,84.73,1996,2025,10,OCT,WS10M,wind_speed_ms,2.1113,0.4112,1.3,2.85,30,2.11,3.3218
Bihar,42488,Chapra,25.78,84.73,1996,2025,11,NOV,ALLSKY_SFC_SW_DWN,solar_kwh_m2_day,13.7757,0.944,11.87,16.07,30,13.78,12.9122
Bihar,42488,Chapra,25.78,84.73,1996,2025,11,NOV,PRECTOTCORR,rainfall_mm,0.082,0.1897,0,0.77,30,0.08,13.6036
Bihar,42488,Chapra,25.78,84.73,1996,2025,11,NOV,RH2M,humidity_pct,62.8953,10.0216,44.22,82.16,30,62.9,85.76
Bihar,42488,Chapra,25.78,84.73,1996,2025,11,NOV,T2M,temp_mean_c,20.9883,1.4816,17.72,23.92,30,20.99,29.2945
Bihar,42488,Chapra,25.78,84.73,1996,2025,11,NOV,T2M_MAX,temp_max_c,30.9443,1.947,27.43,35.06,30,35.06,32.9136
Bihar,42488,Chapra,25.78,84.73,1996,2025,11,NOV,T2M_MIN,temp_min_c,11.0747,1.7169,7.62,15.47,30,7.62,26.5109
Bihar,42488,Chapra,25.78,84.73,1996,2025,11,NOV,WS10M,wind_speed_ms,2.09,0.3122,1.51,2.67,30,2.09,3.3218
Bihar,42488,Chapra,25.78,84.73,1996,2025,12,DEC,ALLSKY_SFC_SW_DWN,solar_kwh_m2_day,10.9303,1.3717,8.7,13.53,30,10.93,12.9122
Bihar,42488,Chapra,25.78,84.73,1996,2025,12,DEC,PRECTOTCORR,rainfall_mm,0.1203,0.2576,0,1.1,30,0.12,13.6036
Bihar,42488,Chapra,25.78,84.73,1996,2025,12,DEC,RH2M,humidity_pct,57.112,10.3818,41.19,78.18,30,57.11,85.76
Bihar,42488,Chapra,25.78,84.73,1996,2025,12,DEC,T2M,temp_mean_c,16.5553,1.2587,14.03,18.67,30,16.56,29.2945
Bihar,42488,Chapra,25.78,84.73,1996,2025,12,DEC,T2M_MAX,temp_max_c,27.6943,1.7151,24.35,31.52,30,31.52,32.9136
Bihar,42488,Chapra,25.78,84.73,1996,2025,12,DEC,T2M_MIN,temp_min_c,6.0857,1.5442,2.28,8.6,30,2.28,26.5109
Bihar,42488,Chapra,25.78,84.73,1996,2025,12,DEC,WS10M,wind_speed_ms,2.28,0.3043,1.81,2.97,30,2.28,3.3218
Bihar,42587,Daltonganj,24.05,84.07,1996,2025,0,ANNUAL,ALLSKY_SFC_SW_DWN,solar_kwh_m2_day,17.878,0.6515,16.45,18.76,30,,14.7678
Bihar,42587,Daltonganj,24.05,84.07,1996,2025,0,ANNUAL,PRECTOTCORR,rainfall_mm,3.3017,0.6478,2.19,5.05,30,,10.9491
Bihar,42587,Daltonganj,24.05,84.07,1996,2025,0,ANNUAL,RH2M,humidity_pct,56.9913,3.9205,50.82,67.32,30,,86.3727
Bihar,42587,Daltonganj,24.05,84.07,1996,2025,0,ANNUAL,T2M,temp_mean_c,25.2587,0.519,24.08,26.51,30,,27.4509
Bihar,42587,Daltonganj,24.05,84.07,1996,2025,0,ANNUAL,T2M_MAX,temp_max_c,45.4057,1.0694,42.64,47.59,30,,30.8436
Bihar,42587,Daltonganj,24.05,84.07,1996,2025,0,ANNUAL,T2M_MIN,temp_min_c,5.1277,1.4096,1.97,8.22,30,,24.6882
Bihar,42587,Daltonganj,24.05,84.07,1996,2025,0,ANNUAL,WS10M,wind_speed_ms,2.804,0.0804,2.6,2.93,30,,1.9836
Bihar,42587,Daltonganj,24.05,84.07,1996,2025,1,JAN,ALLSKY_SFC_SW_DWN,solar_kwh_m2_day,13.6597,1.3025,11.32,16.31,30,13.66,14.7678
Bihar,42587,Daltonganj,24.05,84.07,1996,2025,1,JAN,PRECTOTCORR,rainfall_mm,0.456,0.4847,0,1.58,30,0.46,10.9491
Bihar,42587,Daltonganj,24.05,84.07,1996,2025,1,JAN,RH2M,humidity_pct,49.7007,11.9109,27.26,72.46,30,49.7,86.3727
Bihar,42587,Daltonganj,24.05,84.07,1996,2025,1,JAN,T2M,temp_mean_c,16.3453,0.9933,14.2,18.67,30,16.35,27.4509
Bihar,42587,Daltonganj,24.05,84.07,1996,2025,1,JAN,T2M_MAX,temp_max_c,28.9583,2.1533,24.58,33.03,30,33.03,30.8436
Bihar,42587,Daltonganj,24.05,84.07,1996,2025,1,JAN,T2M_MIN,temp_min_c,5.533,1.4486,1.97,8.75,30,1.97,24.6882
Bihar,42587,Daltonganj,24.05,84.07,1996,2025,1,JAN,WS10M,wind_speed_ms,2.402,0.1591,2.02,2.78,30,2.4,1.9836
Bihar,42587,Daltonganj,24.05,84.07,1996,2025,2,FEB,ALLSKY_SFC_SW_DWN,solar_kwh_m2_day,17.6353,1.1966,14.8,19.76,30,17.64,14.7678
Bihar,42587,Daltonganj,24.05,84.07,1996,2025,2,FEB,PRECTOTCORR,rainfall_mm,0.551,0.6424,0,2.51,30,0.55,10.9491
Bihar,42587,Daltonganj,24.05,84.07,1996,2025,2,FEB,RH2M,humidity_pct,40.525,9.2274,20.6,59.68,30,40.53,86.3727
Bihar,42587,Daltonganj,24.05,84.07,1996,2025,2,FEB,T2M,temp_mean_c,20.425,1.4745,17.14,23.73,30,20.42,27.4509
Bihar,42587,Daltonganj,24.05,84.07,1996,2025,2,FEB,T2M_MAX,temp_max_c,33.8633,1.7669,29.18,37.7,30,37.7,30.8436
Bihar,42587,Daltonganj,24.05,84.07,1996,2025,2,FEB,T2M_MIN,temp_min_c,8.397,1.9122,4.78,11.3,30,4.78,24.6882
Bihar,42587,Daltonganj,24.05,84.07,1996,2025,2,FEB,WS10M,wind_speed_ms,2.7587,0.2367,2.42,3.29,30,2.76,1.9836
Bihar,42587,Daltonganj,24.05,84.07,1996,2025,3,MAR,ALLSKY_SFC_SW_DWN,solar_kwh_m2_day,21.2883,1.0752,18.17,23.32,30,21.29,14.7678
Bihar,42587,Daltonganj,24.05,84.07,1996,2025,3,MAR,PRECTOTCORR,rainfall_mm,0.569,0.6365,0.01,3.19,30,0.57,10.9491
Bihar,42587,Daltonganj,24.05,84.07,1996,2025,3,MAR,RH2M,humidity_pct,30.7543,9.404,15.44,58.83,30,30.75,86.3727
Bihar,42587,Daltonganj,24.05,84.07,1996,2025,3,MAR,T2M,temp_mean_c,25.8997,1.3495,22.87,28.51,30,25.9,27.4509
Bihar,42587,Daltonganj,24.05,84.07,1996,2025,3,MAR,T2M_MAX,temp_max_c,39.4457,1.6493,34.74,41.66,30,41.66,30.8436
Bihar,42587,Daltonganj,24.05,84.07,1996,2025,3,MAR,T2M_MIN,temp_min_c,12.8993,2.1724,9.03,17.11,30,9.03,24.6882
Bihar,42587,Daltonganj,24.05,84.07,1996,2025,3,MAR,WS10M,wind_speed_ms,2.9933,0.2413,2.51,3.44,30,2.99,1.9836
Bihar,42587,Daltonganj,24.05,84.07,1996,2025,4,APR,ALLSKY_SFC_SW_DWN,solar_kwh_m2_day,23.9253,1.2791,21.5,25.98,30,23.93,14.7678
Bihar,42587,Daltonganj,24.05,84.07,1996,2025,4,APR,PRECTOTCORR,rainfall_mm,0.4713,0.3878,0,1.23,30,0.47,10.9491
Bihar,42587,Daltonganj,24.05,84.07,1996,2025,4,APR,RH2M,humidity_pct,23.8663,6.7726,9.46,37.33,30,23.87,86.3727
Bihar,42587,Daltonganj,24.05,84.07,1996,2025,4,APR,T2M,temp_mean_c,31.5753,1.1859,29.28,33.96,30,31.58,27.4509
Bihar,42587,Daltonganj,24.05,84.07,1996,2025,4,APR,T2M_MAX,temp_max_c,43.569,1.3483,40.2,46.15,30,46.15,30.8436
Bihar,42587,Daltonganj,24.05,84.07,1996,2025,4,APR,T2M_MIN,temp_min_c,19.4007,1.8209,14.23,22.71,30,14.23,24.6882
Bihar,42587,Daltonganj,24.05,84.07,1996,2025,4,APR,WS10M,wind_speed_ms,3.1767,0.2909,2.72,4.11,30,3.18,1.9836
Bihar,42587,Daltonganj,24.05,84.07,1996,2025,5,MAY,ALLSKY_SFC_SW_DWN,solar_kwh_m2_day,23.6607,1.5181,18.69,25.84,30,23.66,14.7678
Bihar,42587,Daltonganj,24.05,84.07,1996,2025,5,MAY,PRECTOTCORR,rainfall_mm,1.4707,1.2855,0.15,6.88,30,1.47,10.9491
Bihar,42587,Daltonganj,24.05,84.07,1996,2025,5,MAY,RH2M,humidity_pct,31.0297,6.8367,19.34,47.61,30,31.03,86.3727
Bihar,42587,Daltonganj,24.05,84.07,1996,2025,5,MAY,T2M,temp_mean_c,34.1137,0.9794,31.15,35.96,30,34.11,27.4509
Bihar,42587,Daltonganj,24.05,84.07,1996,2025,5,MAY,T2M_MAX,temp_max_c,45.091,1.1721,41.89,47.59,30,47.59,30.8436
Bihar,42587,Daltonganj,24.05,84.07,1996,2025,5,MAY,T2M_MIN,temp_min_c,23.34,1.2681,21.51,25.53,30,21.51,24.6882
Bihar,42587,Daltonganj,24.05,84.07,1996,2025,5,MAY,WS10M,wind_speed_ms,3.334,0.2259,3,3.94,30,3.33,1.9836
Bihar,42587,Daltonganj,24.05,84.07,1996,2025,6,JUN,ALLSKY_SFC_SW_DWN,solar_kwh_m2_day,20.0177,1.8062,16.32,23.03,30,20.02,14.7678
Bihar,42587,Daltonganj,24.05,84.07,1996,2025,6,JUN,PRECTOTCORR,rainfall_mm,6.307,3.4127,2.08,13.84,30,6.31,10.9491
Bihar,42587,Daltonganj,24.05,84.07,1996,2025,6,JUN,RH2M,humidity_pct,52.914,11.77,35.53,76.78,30,52.91,86.3727
Bihar,42587,Daltonganj,24.05,84.07,1996,2025,6,JUN,T2M,temp_mean_c,32.4793,2.0798,28.54,35.44,30,32.48,27.4509
Bihar,42587,Daltonganj,24.05,84.07,1996,2025,6,JUN,T2M_MAX,temp_max_c,43.491,2.5713,38.39,46.85,30,46.85,30.8436
Bihar,42587,Daltonganj,24.05,84.07,1996,2025,6,JUN,T2M_MIN,temp_min_c,24.6337,1.1543,22.68,26.68,30,22.68,24.6882
Bihar,42587,Daltonganj,24.05,84.07,1996,2025,6,JUN,WS10M,wind_speed_ms,3.661,0.409,2.71,4.41,30,3.66,1.9836
Bihar,42587,Daltonganj,24.05,84.07,1996,2025,7,JUL,ALLSKY_SFC_SW_DWN,solar_kwh_m2_day,16.6553,1.3981,13.25,18.94,30,16.65,14.7678
Bihar,42587,Daltonganj,24.05,84.07,1996,2025,7,JUL,PRECTOTCORR,rainfall_mm,10.201,4.2053,4.19,21.95,30,10.2,10.9491
Bihar,42587,Daltonganj,24.05,84.07,1996,2025,7,JUL,RH2M,humidity_pct,80.4017,4.988,68.61,87.75,30,80.4,86.3727
Bihar,42587,Daltonganj,24.05,84.07,1996,2025,7,JUL,T2M,temp_mean_c,28.2657,0.8464,27.01,30.44,30,28.27,27.4509
Bihar,42587,Daltonganj,24.05,84.07,1996,2025,7,JUL,T2M_MAX,temp_max_c,35.316,2.201,31.72,39.22,30,39.22,30.8436
Bihar,42587,Daltonganj,24.05,84.07,1996,2025,7,JUL,T2M_MIN,temp_min_c,23.612,0.5221,22.42,24.81,30,22.42,24.6882
Bihar,42587,Daltonganj,24.05,84.07,1996,2025,7,JUL,WS10M,wind_speed_ms,3.371,0.3079,2.81,3.88,30,3.37,1.9836
Bihar,42587,Daltonganj,24.05,84.07,1996,2025,8,AUG,ALLSKY_SFC_SW_DWN,solar_kwh_m2_day,16.4537,1.1517,13.33,18.46,30,16.45,14.7678
Bihar,42587,Daltonganj,24.05,84.07,1996,2025,8,AUG,PRECTOTCORR,rainfall_mm,9.61,2.5318,5.67,15.52,30,9.61,10.9491
Bihar,42587,Daltonganj,24.05,84.07,1996,2025,8,AUG,RH2M,humidity_pct,86.3553,2.0436,80.68,88.73,30,86.36,86.3727
Bihar,42587,Daltonganj,24.05,84.07,1996,2025,8,AUG,T2M,temp_mean_c,27.177,0.3369,26.68,28.08,30,27.18,27.4509
Bihar,42587,Daltonganj,24.05,84.07,1996,2025,8,AUG,T2M_MAX,temp_max_c,32.5247,0.8105,31.28,35.34,30,35.34,30.8436
Bihar,42587,Daltonganj,24.05,84.07,1996,2025,8,AUG,T2M_MIN,temp_min_c,23.062,0.3795,22.37,23.62,30,22.37,24.6882
Bihar,42587,Daltonganj,24.05,84.07,1996,2025,8,AUG,WS10M,wind_speed_ms,3.0263,0.3769,2.28,3.83,30,3.03,1.9836
Bihar,42587,Daltonganj,24.05,84.07,1996,2025,9,SEP,ALLSKY_SFC_SW_DWN,solar_kwh_m2_day,16.709,1.1778,14.45,19.37,30,16.71,14.7678
Bihar,42587,Daltonganj,24.05,84.07,1996,2025,9,SEP,PRECTOTCORR,rainfall_mm,7.0787,3.3885,2.5,19.19,30,7.08,10.9491
Bihar,42587,Daltonganj,24.05,84.07,1996,2025,9,SEP,RH2M,humidity_pct,86.1447,1.7694,82.2,89.52,30,86.14,86.3727
Bihar,42587,Daltonganj,24.05,84.07,1996,2025,9,SEP,T2M,temp_mean_c,26.39,0.3891,25.73,27.27,30,26.39,27.4509
Bihar,42587,Daltonganj,24.05,84.07,1996,2025,9,SEP,T2M_MAX,temp_max_c,31.775,0.6352,30.87,33.99,30,33.99,30.8436
Bihar,42587,Daltonganj,24.05,84.07,1996,2025,9,SEP,T2M_MIN,temp_min_c,21.2993,1.1732,18.46,23.26,30,18.46,24.6882
Bihar,42587,Daltonganj,24.05,84.07,1996,2025,9,SEP,WS10M,wind_speed_ms,2.7087,0.3217,2.1,3.25,30,2.71,1.9836
Bihar,42587,Daltonganj,24.05,84.07,1996,2025,10,OCT,ALLSKY_SFC_SW_DWN,solar_kwh_m2_day,16.8083,1.4321,13.79,18.92,30,16.81,14.7678
Bihar,42587,Daltonganj,24.05,84.07,1996,2025,10,OCT,PRECTOTCORR,rainfall_mm,2.251,2.0337,0.11,8.98,30,2.25,10.9491
Bihar,42587,Daltonganj,24.05,84.07,1996,2025,10,OCT,RH2M,humidity_pct,77.9567,4.6775,69.54,86.09,30,77.96,86.3727
Bihar,42587,Daltonganj,24.05,84.07,1996,2025,10,OCT,T2M,temp_mean_c,23.806,0.7311,22.24,25.18,30,23.81,27.4509
Bihar,42587,Daltonganj,24.05,84.07,1996,2025,10,OCT,T2M_MAX,temp_max_c,30.674,0.7357,29.17,32.71,30,32.71,30.8436
Bihar,42587,Daltonganj,24.05,84.07,1996,2025,10,OCT,T2M_MIN,temp_min_c,15.1657,1.2117,12.57,17.59,30,12.57,24.6882
Bihar,42587,Daltonganj,24.05,84.07,1996,2025,10,OCT,WS10M,wind_speed_ms,2.1177,0.2827,1.71,3.12,30,2.12,1.9836
Bihar,42587,Daltonganj,24.05,84.07,1996,2025,11,NOV,ALLSKY_SFC_SW_DWN,solar_kwh_m2_day,14.9577,0.9529,13.4,17.05,30,14.96,14.7678
Bihar,42587,Daltonganj,24.05,84.07,1996,2025,11,NOV,PRECTOTCORR,rainfall_mm,0.2043,0.4158,0,1.83,30,0.2,10.9491
Bihar,42587,Daltonganj,24.05,84.07,1996,2025,11,NOV,RH2M,humidity_pct,65.6093,10.187,45.29,81.07,30,65.61,86.3727
Bihar,42587,Daltonganj,24.05,84.07,1996,2025,11,NOV,T2M,temp_mean_c,19.9317,1.205,17.15,22.61,30,19.93,27.4509
Bihar,42587,Daltonganj,24.05,84.07,1996,2025,11,NOV,T2M_MAX,temp_max_c,28.6247,1.4274,26.33,31.02,30,31.02,30.8436
Bihar,42587,Daltonganj,24.05,84.07,1996,2025,11,NOV,T2M_MIN,temp_min_c,11.0383,1.3236,9.25,14.46,30,9.25,24.6882
Bihar,42587,Daltonganj,24.05,84.07,1996,2025,11,NOV,WS10M,wind_speed_ms,2.0057,0.1566,1.76,2.42,30,2.01,1.9836
Bihar,42587,Daltonganj,24.05,84.07,1996,2025,12,DEC,ALLSKY_SFC_SW_DWN,solar_kwh_m2_day,12.8917,1.2043,10.2,15.39,30,12.89,14.7678
Bihar,42587,Daltonganj,24.05,84.07,1996,2025,12,DEC,PRECTOTCORR,rainfall_mm,0.233,0.3463,0,1.21,30,0.23,10.9491
Bihar,42587,Daltonganj,24.05,84.07,1996,2025,12,DEC,RH2M,humidity_pct,57.1787,12.6042,34.84,80.48,30,57.18,86.3727
Bihar,42587,Daltonganj,24.05,84.07,1996,2025,12,DEC,T2M,temp_mean_c,16.5793,1.2039,13.09,18.36,30,16.58,27.4509
Bihar,42587,Daltonganj,24.05,84.07,1996,2025,12,DEC,T2M_MAX,temp_max_c,27.0097,1.9421,22.22,30.7,30,30.7,30.8436
Bihar,42587,Daltonganj,24.05,84.07,1996,2025,12,DEC,T2M_MIN,temp_min_c,6.7043,1.4496,3.08,8.58,30,3.08,24.6882
Bihar,42587,Daltonganj,24.05,84.07,1996,2025,12,DEC,WS10M,wind_speed_ms,2.1053,0.1601,1.73,2.39,30,2.11,1.9836
Bihar,42293,Darjeeling,27.08,88.25,1996,2025,0,ANNUAL,ALLSKY_SFC_SW_DWN,solar_kwh_m2_day,14.6957,0.539,13.86,16.16,30,,11.5822
Bihar,42293,Darjeeling,27.08,88.25,1996,2025,0,ANNUAL,PRECTOTCORR,rainfall_mm,4.3957,1.4483,2.41,8.19,30,,27.0773
Bihar,42293,Darjeeling,27.08,88.25,1996,2025,0,ANNUAL,RH2M,humidity_pct,67.185,4.8429,58.01,77.77,30,,91.9455
Bihar,42293,Darjeeling,27.08,88.25,1996,2025,0,ANNUAL,T2M,temp_mean_c,18.4043,0.2976,17.84,19.09,30,,22.2227
Bihar,42293,Darjeeling,27.08,88.25,1996,2025,0,ANNUAL,T2M_MAX,temp_max_c,31.6433,1.2661,29.05,33.55,30,,24.6827
Bihar,42293,Darjeeling,27.08,88.25,1996,2025,0,ANNUAL,T2M_MIN,temp_min_c,3.5223,1.2151,1.21,5.79,30,,20.2855
Bihar,42293,Darjeeling,27.08,88.25,1996,2025,0,ANNUAL,WS10M,wind_speed_ms,2.0853,0.0547,1.96,2.19,30,,1.1745
Bihar,42293,Darjeeling,27.08,88.25,1996,2025,1,JAN,ALLSKY_SFC_SW_DWN,solar_kwh_m2_day,12.572,1.2759,10.41,15.39,30,12.57,11.5822
Bihar,42293,Darjeeling,27.08,88.25,1996,2025,1,JAN,PRECTOTCORR,rainfall_mm,0.1613,0.1831,0,0.79,30,0.16,27.0773
Bihar,42293,Darjeeling,27.08,88.25,1996,2025,1,JAN,RH2M,humidity_pct,50.956,9.2501,35.12,73.35,30,50.96,91.9455
Bihar,42293,Darjeeling,27.08,88.25,1996,2025,1,JAN,T2M,temp_mean_c,11.074,0.8138,9.37,12.4,30,11.07,22.2227
Bihar,42293,Darjeeling,27.08,88.25,1996,2025,1,JAN,T2M_MAX,temp_max_c,20.6033,1.4095,18.27,23.42,30,23.42,24.6827
Bihar,42293,Darjeeling,27.08,88.25,1996,2025,1,JAN,T2M_MIN,temp_min_c,3.8553,1.0893,1.57,6.19,30,1.57,20.2855
Bihar,42293,Darjeeling,27.08,88.25,1996,2025,1,JAN,WS10M,wind_speed_ms,1.8267,0.122,1.58,2.12,30,1.83,1.1745
Bihar,42293,Darjeeling,27.08,88.25,1996,2025,2,FEB,ALLSKY_SFC_SW_DWN,solar_kwh_m2_day,13.721,1.2399,11.06,15.84,30,13.72,11.5822
Bihar,42293,Darjeeling,27.08,88.25,1996,2025,2,FEB,PRECTOTCORR,rainfall_mm,0.4443,0.4534,0.01,1.63,30,0.44,27.0773
Bihar,42293,Darjeeling,27.08,88.25,1996,2025,2,FEB,RH2M,humidity_pct,45.1033,8.9932,27.73,70.14,30,45.1,91.9455
Bihar,42293,Darjeeling,27.08,88.25,1996,2025,2,FEB,T2M,temp_mean_c,13.3623,1.3569,10.53,15.97,30,13.36,22.2227
Bihar,42293,Darjeeling,27.08,88.25,1996,2025,2,FEB,T2M_MAX,temp_max_c,23.5893,1.8443,20.33,27.62,30,27.62,24.6827
Bihar,42293,Darjeeling,27.08,88.25,1996,2025,2,FEB,T2M_MIN,temp_min_c,5.322,1.6664,2.29,9.03,30,2.29,20.2855
Bihar,42293,Darjeeling,27.08,88.25,1996,2025,2,FEB,WS10M,wind_speed_ms,2.2277,0.1508,1.94,2.6,30,2.23,1.1745
Bihar,42293,Darjeeling,27.08,88.25,1996,2025,3,MAR,ALLSKY_SFC_SW_DWN,solar_kwh_m2_day,15.6337,1.1427,12.58,17.66,30,15.63,11.5822
Bihar,42293,Darjeeling,27.08,88.25,1996,2025,3,MAR,PRECTOTCORR,rainfall_mm,1.0767,1.1641,0.16,5.68,30,1.08,27.0773
Bihar,42293,Darjeeling,27.08,88.25,1996,2025,3,MAR,RH2M,humidity_pct,39.5947,9.8214,19,63.7,30,39.59,91.9455
Bihar,42293,Darjeeling,27.08,88.25,1996,2025,3,MAR,T2M,temp_mean_c,17.4577,0.996,15.68,19.38,30,17.46,22.2227
Bihar,42293,Darjeeling,27.08,88.25,1996,2025,3,MAR,T2M_MAX,temp_max_c,28.272,1.5424,25.55,31.65,30,31.65,24.6827
Bihar,42293,Darjeeling,27.08,88.25,1996,2025,3,MAR,T2M_MIN,temp_min_c,8.4007,1.6399,3.74,11.27,30,3.74,20.2855
Bihar,42293,Darjeeling,27.08,88.25,1996,2025,3,MAR,WS10M,wind_speed_ms,2.582,0.1378,2.33,2.84,30,2.58,1.1745
Bihar,42293,Darjeeling,27.08,88.25,1996,2025,4,APR,ALLSKY_SFC_SW_DWN,solar_kwh_m2_day,17.2563,1.404,14.29,20.67,30,17.26,11.5822
Bihar,42293,Darjeeling,27.08,88.25,1996,2025,4,APR,PRECTOTCORR,rainfall_mm,2.267,1.1222,0.47,5.19,30,2.27,27.0773
Bihar,42293,Darjeeling,27.08,88.25,1996,2025,4,APR,RH2M,humidity_pct,46.953,10.0091,27.31,64.44,30,46.95,91.9455
Bihar,42293,Darjeeling,27.08,88.25,1996,2025,4,APR,T2M,temp_mean_c,20.7457,1.0573,18.39,22.98,30,20.75,22.2227
Bihar,42293,Darjeeling,27.08,88.25,1996,2025,4,APR,T2M_MAX,temp_max_c,30.7953,1.7329,26.41,33.55,30,33.55,24.6827
Bihar,42293,Darjeeling,27.08,88.25,1996,2025,4,APR,T2M_MIN,temp_min_c,11.868,1.4282,9.14,14.31,30,9.14,20.2855
Bihar,42293,Darjeeling,27.08,88.25,1996,2025,4,APR,WS10M,wind_speed_ms,2.4833,0.2346,2.06,3.05,30,2.48,1.1745
Bihar,42293,Darjeeling,27.08,88.25,1996,2025,5,MAY,ALLSKY_SFC_SW_DWN,solar_kwh_m2_day,16.6013,1.8242,13.75,21.34,30,16.6,11.5822
Bihar,42293,Darjeeling,27.08,88.25,1996,2025,5,MAY,PRECTOTCORR,rainfall_mm,4.7083,2.2466,1.42,8.8,30,4.71,27.0773
Bihar,42293,Darjeeling,27.08,88.25,1996,2025,5,MAY,RH2M,humidity_pct,64.89,8.0602,43.55,77.92,30,64.89,91.9455
Bihar,42293,Darjeeling,27.08,88.25,1996,2025,5,MAY,T2M,temp_mean_c,22.1713,0.7663,20.64,23.48,30,22.17,22.2227
Bihar,42293,Darjeeling,27.08,88.25,1996,2025,5,MAY,T2M_MAX,temp_max_c,30.788,1.5477,27.13,32.85,30,32.85,24.6827
Bihar,42293,Darjeeling,27.08,88.25,1996,2025,5,MAY,T2M_MIN,temp_min_c,15.027,0.8239,13.38,16.55,30,13.38,20.2855
Bihar,42293,Darjeeling,27.08,88.25,1996,2025,5,MAY,WS10M,wind_speed_ms,2.2713,0.1249,1.97,2.58,30,2.27,1.1745
Bihar,42293,Darjeeling,27.08,88.25,1996,2025,6,JUN,ALLSKY_SFC_SW_DWN,solar_kwh_m2_day,15.7897,1.5348,13.31,19.71,30,15.79,11.5822
Bihar,42293,Darjeeling,27.08,88.25,1996,2025,6,JUN,PRECTOTCORR,rainfall_mm,8.9263,5.1743,2.99,25.61,30,8.93,27.0773
Bihar,42293,Darjeeling,27.08,88.25,1996,2025,6,JUN,RH2M,humidity_pct,79.2427,5.7598,65.05,88.63,30,79.24,91.9455
Bihar,42293,Darjeeling,27.08,88.25,1996,2025,6,JUN,T2M,temp_mean_c,23.1207,0.5743,22.03,24.24,30,23.12,22.2227
Bihar,42293,Darjeeling,27.08,88.25,1996,2025,6,JUN,T2M_MAX,temp_max_c,29.9473,1.5369,27.24,32.84,30,32.84,24.6827
Bihar,42293,Darjeeling,27.08,88.25,1996,2025,6,JUN,T2M_MIN,temp_min_c,17.7927,0.6425,16.28,19.01,30,16.28,20.2855
Bihar,42293,Darjeeling,27.08,88.25,1996,2025,6,JUN,WS10M,wind_speed_ms,2.352,0.1512,2.04,2.63,30,2.35,1.1745
Bihar,42293,Darjeeling,27.08,88.25,1996,2025,7,JUL,ALLSKY_SFC_SW_DWN,solar_kwh_m2_day,14.786,1.1001,12.69,16.89,30,14.79,11.5822
Bihar,42293,Darjeeling,27.08,88.25,1996,2025,7,JUL,PRECTOTCORR,rainfall_mm,13.137,4.8325,4.43,27.73,30,13.14,27.0773
Bihar,42293,Darjeeling,27.08,88.25,1996,2025,7,JUL,RH2M,humidity_pct,89.4067,2.0774,84.15,93.73,30,89.41,91.9455
Bihar,42293,Darjeeling,27.08,88.25,1996,2025,7,JUL,T2M,temp_mean_c,22.5033,0.3385,21.7,23.29,30,22.5,22.2227
Bihar,42293,Darjeeling,27.08,88.25,1996,2025,7,JUL,T2M_MAX,temp_max_c,27.8323,0.8947,26.06,30.24,30,30.24,24.6827
Bihar,42293,Darjeeling,27.08,88.25,1996,2025,7,JUL,T2M_MIN,temp_min_c,18.7613,0.5177,17.79,19.86,30,17.79,20.2855
Bihar,42293,Darjeeling,27.08,88.25,1996,2025,7,JUL,WS10M,wind_speed_ms,2.32,0.1511,1.99,2.65,30,2.32,1.1745
Bihar,42293,Darjeeling,27.08,88.25,1996,2025,8,AUG,ALLSKY_SFC_SW_DWN,solar_kwh_m2_day,14.7657,0.9877,12.82,16.41,30,14.77,11.5822
Bihar,42293,Darjeeling,27.08,88.25,1996,2025,8,AUG,PRECTOTCORR,rainfall_mm,10.74,3.8674,4.43,18.35,30,10.74,27.0773
Bihar,42293,Darjeeling,27.08,88.25,1996,2025,8,AUG,RH2M,humidity_pct,89.8943,1.6964,86.04,92.74,30,89.89,91.9455
Bihar,42293,Darjeeling,27.08,88.25,1996,2025,8,AUG,T2M,temp_mean_c,22.279,0.3271,21.56,22.84,30,22.28,22.2227
Bihar,42293,Darjeeling,27.08,88.25,1996,2025,8,AUG,T2M_MAX,temp_max_c,27.5507,0.6532,26.29,29.05,30,29.05,24.6827
Bihar,42293,Darjeeling,27.08,88.25,1996,2025,8,AUG,T2M_MIN,temp_min_c,18.439,0.4921,17.47,19.23,30,17.47,20.2855
Bihar,42293,Darjeeling,27.08,88.25,1996,2025,8,AUG,WS10M,wind_speed_ms,2.1553,0.129,1.83,2.36,30,2.16,1.1745
Bihar,42293,Darjeeling,27.08,88.25,1996,2025,9,SEP,ALLSKY_SFC_SW_DWN,solar_kwh_m2_day,14.006,1.1604,11.93,16.56,30,14.01,11.5822
Bihar,42293,Darjeeling,27.08,88.25,1996,2025,9,SEP,PRECTOTCORR,rainfall_mm,8.0383,4.3016,2.96,20.92,30,8.04,27.0773
Bihar,42293,Darjeeling,27.08,88.25,1996,2025,9,SEP,RH2M,humidity_pct,88.5717,2.0486,84.27,93.22,30,88.57,91.9455
Bihar,42293,Darjeeling,27.08,88.25,1996,2025,9,SEP,T2M,temp_mean_c,21.2807,0.4457,20.55,22.38,30,21.28,22.2227
Bihar,42293,Darjeeling,27.08,88.25,1996,2025,9,SEP,T2M_MAX,temp_max_c,26.554,0.678,25.47,28.65,30,28.65,24.6827
Bihar,42293,Darjeeling,27.08,88.25,1996,2025,9,SEP,T2M_MIN,temp_min_c,16.96,0.9033,15.32,18.57,30,15.32,20.2855
Bihar,42293,Darjeeling,27.08,88.25,1996,2025,9,SEP,WS10M,wind_speed_ms,1.9227,0.0943,1.78,2.13,30,1.92,1.1745
Bihar,42293,Darjeeling,27.08,88.25,1996,2025,10,OCT,ALLSKY_SFC_SW_DWN,solar_kwh_m2_day,14.6847,1.0002,12.67,16.73,30,14.68,11.5822
Bihar,42293,Darjeeling,27.08,88.25,1996,2025,10,OCT,PRECTOTCORR,rainfall_mm,2.687,2.1781,0.16,8.85,30,2.69,27.0773
Bihar,42293,Darjeeling,27.08,88.25,1996,2025,10,OCT,RH2M,humidity_pct,80.7023,4.587,69.32,89.22,30,80.7,91.9455
Bihar,42293,Darjeeling,27.08,88.25,1996,2025,10,OCT,T2M,temp_mean_c,18.8327,0.6512,17.39,20.49,30,18.83,22.2227
Bihar,42293,Darjeeling,27.08,88.25,1996,2025,10,OCT,T2M_MAX,temp_max_c,25.5693,0.939,23.86,27.68,30,27.68,24.6827
Bihar,42293,Darjeeling,27.08,88.25,1996,2025,10,OCT,T2M_MIN,temp_min_c,13.0867,1.0007,11.54,15.15,30,11.54,20.2855
Bihar,42293,Darjeeling,27.08,88.25,1996,2025,10,OCT,WS10M,wind_speed_ms,1.6973,0.084,1.56,1.92,30,1.7,1.1745
Bihar,42293,Darjeeling,27.08,88.25,1996,2025,11,NOV,ALLSKY_SFC_SW_DWN,solar_kwh_m2_day,13.8143,1.1263,11.75,16.15,30,13.81,11.5822
Bihar,42293,Darjeeling,27.08,88.25,1996,2025,11,NOV,PRECTOTCORR,rainfall_mm,0.1707,0.3133,0,1.63,30,0.17,27.0773
Bihar,42293,Darjeeling,27.08,88.25,1996,2025,11,NOV,RH2M,humidity_pct,69.998,8.0865,51.07,85.34,30,70,91.9455
Bihar,42293,Darjeeling,27.08,88.25,1996,2025,11,NOV,T2M,temp_mean_c,15.4287,0.5973,14.11,16.51,30,15.43,22.2227
Bihar,42293,Darjeeling,27.08,88.25,1996,2025,11,NOV,T2M_MAX,temp_max_c,23.122,1.1205,20.55,25.46,30,25.46,24.6827
Bihar,42293,Darjeeling,27.08,88.25,1996,2025,11,NOV,T2M_MIN,temp_min_c,9.3153,1.2512,6.92,12.39,30,6.92,20.2855
Bihar,42293,Darjeeling,27.08,88.25,1996,2025,11,NOV,WS10M,wind_speed_ms,1.5993,0.1105,1.4,1.91,30,1.6,1.1745
Bihar,42293,Darjeeling,27.08,88.25,1996,2025,12,DEC,ALLSKY_SFC_SW_DWN,solar_kwh_m2_day,12.689,1.0524,10.37,14.63,30,12.69,11.5822
Bihar,42293,Darjeeling,27.08,88.25,1996,2025,12,DEC,PRECTOTCORR,rainfall_mm,0.1033,0.169,0,0.56,30,0.1,27.0773
Bihar,42293,Darjeeling,27.08,88.25,1996,2025,12,DEC,RH2M,humidity_pct,59.4733,9.421,37.29,77.32,30,59.47,91.9455
Bihar,42293,Darjeeling,27.08,88.25,1996,2025,12,DEC,T2M,temp_mean_c,12.3883,0.7368,11.23,14.27,30,12.39,22.2227
Bihar,42293,Darjeeling,27.08,88.25,1996,2025,12,DEC,T2M_MAX,temp_max_c,20.967,0.9619,19.05,22.64,30,22.64,24.6827
Bihar,42293,Darjeeling,27.08,88.25,1996,2025,12,DEC,T2M_MIN,temp_min_c,5.5563,1.6632,1.21,8.61,30,1.21,20.2855
Bihar,42293,Darjeeling,27.08,88.25,1996,2025,12,DEC,WS10M,wind_speed_ms,1.5963,0.0903,1.43,1.81,30,1.6,1.1745
Bihar,42599,Dumka,24.26666667,87.25,1996,2025,0,ANNUAL,ALLSKY_SFC_SW_DWN,solar_kwh_m2_day,16.486,0.5565,15.31,17.67,30,,15.1867
Bihar,42599,Dumka,24.26666667,87.25,1996,2025,0,ANNUAL,PRECTOTCORR,rainfall_mm,3.3433,0.5215,1.69,4.19,30,,11.5682
Bihar,42599,Dumka,24.26666667,87.25,1996,2025,0,ANNUAL,RH2M,humidity_pct,64.8443,3.6791,51.57,72.12,30,,88.93
Bihar,42599,Dumka,24.26666667,87.25,1996,2025,0,ANNUAL,T2M,temp_mean_c,25.3987,0.423,24.58,26.43,30,,28.3255
Bihar,42599,Dumka,24.26666667,87.25,1996,2025,0,ANNUAL,T2M_MAX,temp_max_c,44.38,1.5448,40.67,47.21,30,,31.7045
Bihar,42599,Dumka,24.26666667,87.25,1996,2025,0,ANNUAL,T2M_MIN,temp_min_c,5.62,1.04,1.93,6.79,30,,25.9355
Bihar,42599,Dumka,24.26666667,87.25,1996,2025,0,ANNUAL,WS10M,wind_speed_ms,2.8623,0.1372,2.5,3.15,30,,2.7245
Bihar,42599,Dumka,24.26666667,87.25,1996,2025,1,JAN,ALLSKY_SFC_SW_DWN,solar_kwh_m2_day,12.4947,1.2492,10.34,15.52,30,12.49,15.1867
Bihar,42599,Dumka,24.26666667,87.25,1996,2025,1,JAN,PRECTOTCORR,rainfall_mm,0.249,0.3021,0,1.15,30,0.25,11.5682
Bihar,42599,Dumka,24.26666667,87.25,1996,2025,1,JAN,RH2M,humidity_pct,55.7717,9.1646,30.41,75.69,30,55.77,88.93
Bihar,42599,Dumka,24.26666667,87.25,1996,2025,1,JAN,T2M,temp_mean_c,16.2033,1.0415,13.81,17.95,30,16.2,28.3255
Bihar,42599,Dumka,24.26666667,87.25,1996,2025,1,JAN,T2M_MAX,temp_max_c,28.0713,1.508,25.4,30.93,30,30.93,31.7045
Bihar,42599,Dumka,24.26666667,87.25,1996,2025,1,JAN,T2M_MIN,temp_min_c,5.935,1.0596,1.93,7.58,30,1.93,25.9355
Bihar,42599,Dumka,24.26666667,87.25,1996,2025,1,JAN,WS10M,wind_speed_ms,2.652,0.3408,2.18,3.81,30,2.65,2.7245
Bihar,42599,Dumka,24.26666667,87.25,1996,2025,2,FEB,ALLSKY_SFC_SW_DWN,solar_kwh_m2_day,16.076,1.1388,13.74,18.66,30,16.08,15.1867
Bihar,42599,Dumka,24.26666667,87.25,1996,2025,2,FEB,PRECTOTCORR,rainfall_mm,0.4187,0.4621,0,1.89,30,0.42,11.5682
Bihar,42599,Dumka,24.26666667,87.25,1996,2025,2,FEB,RH2M,humidity_pct,45.055,8.4562,27.21,65.23,30,45.05,88.93
Bihar,42599,Dumka,24.26666667,87.25,1996,2025,2,FEB,T2M,temp_mean_c,20.669,1.2861,17.9,23.29,30,20.67,28.3255
Bihar,42599,Dumka,24.26666667,87.25,1996,2025,2,FEB,T2M_MAX,temp_max_c,33.841,2.0842,29.84,37.45,30,37.45,31.7045
Bihar,42599,Dumka,24.26666667,87.25,1996,2025,2,FEB,T2M_MIN,temp_min_c,8.4603,1.4587,5.92,11.29,30,5.92,25.9355
Bihar,42599,Dumka,24.26666667,87.25,1996,2025,2,FEB,WS10M,wind_speed_ms,2.867,0.449,2.16,4.45,30,2.87,2.7245
Bihar,42599,Dumka,24.26666667,87.25,1996,2025,3,MAR,ALLSKY_SFC_SW_DWN,solar_kwh_m2_day,19.5003,1.1396,16.96,21.55,30,19.5,15.1867
Bihar,42599,Dumka,24.26666667,87.25,1996,2025,3,MAR,PRECTOTCORR,rainfall_mm,0.601,0.4865,0.05,1.65,30,0.6,11.5682
Bihar,42599,Dumka,24.26666667,87.25,1996,2025,3,MAR,RH2M,humidity_pct,34.3127,8.1855,18.76,53.66,30,34.31,88.93
Bihar,42599,Dumka,24.26666667,87.25,1996,2025,3,MAR,T2M,temp_mean_c,26.582,1.1992,23.8,28.7,30,26.58,28.3255
Bihar,42599,Dumka,24.26666667,87.25,1996,2025,3,MAR,T2M_MAX,temp_max_c,39.703,1.554,36.3,42.1,30,42.1,31.7045
Bihar,42599,Dumka,24.26666667,87.25,1996,2025,3,MAR,T2M_MIN,temp_min_c,13.7273,1.7179,10.11,17.7,30,10.11,25.9355
Bihar,42599,Dumka,24.26666667,87.25,1996,2025,3,MAR,WS10M,wind_speed_ms,3.0543,0.3989,2.42,3.89,30,3.05,2.7245
Bihar,42599,Dumka,24.26666667,87.25,1996,2025,4,APR,ALLSKY_SFC_SW_DWN,solar_kwh_m2_day,21.385,1.2603,18.68,24.2,30,21.39,15.1867
Bihar,42599,Dumka,24.26666667,87.25,1996,2025,4,APR,PRECTOTCORR,rainfall_mm,1.4373,0.9427,0.05,3.04,30,1.44,11.5682
Bihar,42599,Dumka,24.26666667,87.25,1996,2025,4,APR,RH2M,humidity_pct,38.4137,8.9292,23.76,53.52,30,38.41,88.93
Bihar,42599,Dumka,24.26666667,87.25,1996,2025,4,APR,T2M,temp_mean_c,31.1843,1.3086,28.24,34.07,30,31.18,28.3255
Bihar,42599,Dumka,24.26666667,87.25,1996,2025,4,APR,T2M_MAX,temp_max_c,43.186,1.8428,39.25,46.58,30,46.58,31.7045
Bihar,42599,Dumka,24.26666667,87.25,1996,2025,4,APR,T2M_MIN,temp_min_c,19.366,1.4516,16.03,22.35,30,16.03,25.9355
Bihar,42599,Dumka,24.26666667,87.25,1996,2025,4,APR,WS10M,wind_speed_ms,2.9377,0.3707,2.38,4.37,30,2.94,2.7245
Bihar,42599,Dumka,24.26666667,87.25,1996,2025,5,MAY,ALLSKY_SFC_SW_DWN,solar_kwh_m2_day,20.526,1.4934,17.8,23.77,30,20.53,15.1867
Bihar,42599,Dumka,24.26666667,87.25,1996,2025,5,MAY,PRECTOTCORR,rainfall_mm,3.8407,1.6888,0.72,8.43,30,3.84,11.5682
Bihar,42599,Dumka,24.26666667,87.25,1996,2025,5,MAY,RH2M,humidity_pct,53.4213,8.0704,33.55,65.67,30,53.42,88.93
Bihar,42599,Dumka,24.26666667,87.25,1996,2025,5,MAY,T2M,temp_mean_c,32.1983,1.1071,30.46,35.31,30,32.2,28.3255
Bihar,42599,Dumka,24.26666667,87.25,1996,2025,5,MAY,T2M_MAX,temp_max_c,43.5847,1.8514,39.75,47.21,30,47.21,31.7045
Bihar,42599,Dumka,24.26666667,87.25,1996,2025,5,MAY,T2M_MIN,temp_min_c,23.1193,1.0209,20.76,24.88,30,20.76,25.9355
Bihar,42599,Dumka,24.26666667,87.25,1996,2025,5,MAY,WS10M,wind_speed_ms,3.115,0.2878,2.45,3.58,30,3.12,2.7245
Bihar,42599,Dumka,24.26666667,87.25,1996,2025,6,JUN,ALLSKY_SFC_SW_DWN,solar_kwh_m2_day,18.1493,1.4145,15.47,21.7,30,18.15,15.1867
Bihar,42599,Dumka,24.26666667,87.25,1996,2025,6,JUN,PRECTOTCORR,rainfall_mm,6.0273,2.5258,2.33,11.78,30,6.03,11.5682
Bihar,42599,Dumka,24.26666667,87.25,1996,2025,6,JUN,RH2M,humidity_pct,68.929,8.6756,52.5,82.24,30,68.93,88.93
Bihar,42599,Dumka,24.26666667,87.25,1996,2025,6,JUN,T2M,temp_mean_c,31.1297,1.5052,28.83,33.87,30,31.13,28.3255
Bihar,42599,Dumka,24.26666667,87.25,1996,2025,6,JUN,T2M_MAX,temp_max_c,41.572,3.0581,35.22,46,30,46,31.7045
Bihar,42599,Dumka,24.26666667,87.25,1996,2025,6,JUN,T2M_MIN,temp_min_c,25.2777,0.727,23.89,26.64,30,23.89,25.9355
Bihar,42599,Dumka,24.26666667,87.25,1996,2025,6,JUN,WS10M,wind_speed_ms,3.6337,0.4138,2.73,4.61,30,3.63,2.7245
Bihar,42599,Dumka,24.26666667,87.25,1996,2025,7,JUL,ALLSKY_SFC_SW_DWN,solar_kwh_m2_day,15.8373,1.2955,13.45,18.45,30,15.84,15.1867
Bihar,42599,Dumka,24.26666667,87.25,1996,2025,7,JUL,PRECTOTCORR,rainfall_mm,8.686,2.8265,4.04,15.98,30,8.69,11.5682
Bihar,42599,Dumka,24.26666667,87.25,1996,2025,7,JUL,RH2M,humidity_pct,84.292,3.1128,74.56,87.45,30,84.29,88.93
Bihar,42599,Dumka,24.26666667,87.25,1996,2025,7,JUL,T2M,temp_mean_c,28.761,0.5446,28,30,30,28.76,28.3255
Bihar,42599,Dumka,24.26666667,87.25,1996,2025,7,JUL,T2M_MAX,temp_max_c,34.8127,1.4517,32.74,37.42,30,37.42,31.7045
Bihar,42599,Dumka,24.26666667,87.25,1996,2025,7,JUL,T2M_MIN,temp_min_c,24.81,0.4127,23.97,25.55,30,23.97,25.9355
Bihar,42599,Dumka,24.26666667,87.25,1996,2025,7,JUL,WS10M,wind_speed_ms,3.569,0.2758,3.02,4.25,30,3.57,2.7245
Bihar,42599,Dumka,24.26666667,87.25,1996,2025,8,AUG,ALLSKY_SFC_SW_DWN,solar_kwh_m2_day,15.9773,1.1266,13.8,17.99,30,15.98,15.1867
Bihar,42599,Dumka,24.26666667,87.25,1996,2025,8,AUG,PRECTOTCORR,rainfall_mm,7.492,2.1402,3.17,12.36,30,7.49,11.5682
Bihar,42599,Dumka,24.26666667,87.25,1996,2025,8,AUG,RH2M,humidity_pct,87.3533,1.61,83.1,89.73,30,87.35,88.93
Bihar,42599,Dumka,24.26666667,87.25,1996,2025,8,AUG,T2M,temp_mean_c,28.1093,0.3051,27.54,28.7,30,28.11,28.3255
Bihar,42599,Dumka,24.26666667,87.25,1996,2025,8,AUG,T2M_MAX,temp_max_c,33.36,0.6631,32.22,35.02,30,35.02,31.7045
Bihar,42599,Dumka,24.26666667,87.25,1996,2025,8,AUG,T2M_MIN,temp_min_c,24.3043,0.4328,23.15,25.07,30,23.15,25.9355
Bihar,42599,Dumka,24.26666667,87.25,1996,2025,8,AUG,WS10M,wind_speed_ms,3.1837,0.3259,2.68,3.94,30,3.18,2.7245
Bihar,42599,Dumka,24.26666667,87.25,1996,2025,9,SEP,ALLSKY_SFC_SW_DWN,solar_kwh_m2_day,15.6303,0.9342,13.71,17.7,30,15.63,15.1867
Bihar,42599,Dumka,24.26666667,87.25,1996,2025,9,SEP,PRECTOTCORR,rainfall_mm,7.322,2.3261,2.14,11.58,30,7.32,11.5682
Bihar,42599,Dumka,24.26666667,87.25,1996,2025,9,SEP,RH2M,humidity_pct,87.8207,2.0459,81.37,91.61,30,87.82,88.93
Bihar,42599,Dumka,24.26666667,87.25,1996,2025,9,SEP,T2M,temp_mean_c,27.324,0.396,26.57,27.97,30,27.32,28.3255
Bihar,42599,Dumka,24.26666667,87.25,1996,2025,9,SEP,T2M_MAX,temp_max_c,32.6143,0.6446,31,34.36,30,34.36,31.7045
Bihar,42599,Dumka,24.26666667,87.25,1996,2025,9,SEP,T2M_MIN,temp_min_c,22.9327,1.1436,19.85,24.38,30,19.85,25.9355
Bihar,42599,Dumka,24.26666667,87.25,1996,2025,9,SEP,WS10M,wind_speed_ms,2.77,0.3959,2.18,3.72,30,2.77,2.7245
Bihar,42599,Dumka,24.26666667,87.25,1996,2025,10,OCT,ALLSKY_SFC_SW_DWN,solar_kwh_m2_day,15.7407,1.4317,12.76,17.57,30,15.74,15.1867
Bihar,42599,Dumka,24.26666667,87.25,1996,2025,10,OCT,PRECTOTCORR,rainfall_mm,3.458,2.31,0.24,8.81,30,3.46,11.5682
Bihar,42599,Dumka,24.26666667,87.25,1996,2025,10,OCT,RH2M,humidity_pct,81.5953,4.5896,65.06,86.89,30,81.6,88.93
Bihar,42599,Dumka,24.26666667,87.25,1996,2025,10,OCT,T2M,temp_mean_c,25.082,0.7641,22.69,26.5,30,25.08,28.3255
Bihar,42599,Dumka,24.26666667,87.25,1996,2025,10,OCT,T2M_MAX,temp_max_c,31.6613,0.9926,29.98,35.01,30,35.01,31.7045
Bihar,42599,Dumka,24.26666667,87.25,1996,2025,10,OCT,T2M_MIN,temp_min_c,16.4663,1.4813,13.46,20.47,30,13.46,25.9355
Bihar,42599,Dumka,24.26666667,87.25,1996,2025,10,OCT,WS10M,wind_speed_ms,2.142,0.3447,1.56,2.99,30,2.14,2.7245
Bihar,42599,Dumka,24.26666667,87.25,1996,2025,11,NOV,ALLSKY_SFC_SW_DWN,solar_kwh_m2_day,14.571,0.9597,13.13,16.64,30,14.57,15.1867
Bihar,42599,Dumka,24.26666667,87.25,1996,2025,11,NOV,PRECTOTCORR,rainfall_mm,0.221,0.3588,0,1.61,30,0.22,11.5682
Bihar,42599,Dumka,24.26666667,87.25,1996,2025,11,NOV,RH2M,humidity_pct,73.4513,7.9752,44.36,83.75,30,73.45,88.93
Bihar,42599,Dumka,24.26666667,87.25,1996,2025,11,NOV,T2M,temp_mean_c,20.7003,1.0748,18.22,23.14,30,20.7,28.3255
Bihar,42599,Dumka,24.26666667,87.25,1996,2025,11,NOV,T2M_MAX,temp_max_c,29.129,1.5292,27,34.52,30,34.52,31.7045
Bihar,42599,Dumka,24.26666667,87.25,1996,2025,11,NOV,T2M_MIN,temp_min_c,11.5747,1.5586,8.47,15.11,30,8.47,25.9355
Bihar,42599,Dumka,24.26666667,87.25,1996,2025,11,NOV,WS10M,wind_speed_ms,2.0907,0.4123,1.47,3.39,30,2.09,2.7245
Bihar,42599,Dumka,24.26666667,87.25,1996,2025,12,DEC,ALLSKY_SFC_SW_DWN,solar_kwh_m2_day,12.035,1.2289,9.68,14.36,30,12.03,15.1867
Bihar,42599,Dumka,24.26666667,87.25,1996,2025,12,DEC,PRECTOTCORR,rainfall_mm,0.159,0.2789,0,1.02,30,0.16,11.5682
Bihar,42599,Dumka,24.26666667,87.25,1996,2025,12,DEC,RH2M,humidity_pct,66.2433,10.2031,32.08,80.86,30,66.24,88.93
Bihar,42599,Dumka,24.26666667,87.25,1996,2025,12,DEC,T2M,temp_mean_c,16.714,0.9481,14.86,19.04,30,16.71,28.3255
Bihar,42599,Dumka,24.26666667,87.25,1996,2025,12,DEC,T2M_MAX,temp_max_c,26.4683,1.5182,23.8,30.57,30,30.57,31.7045
Bihar,42599,Dumka,24.26666667,87.25,1996,2025,12,DEC,T2M_MIN,temp_min_c,6.7743,1.2454,3.82,9.17,30,3.82,25.9355
Bihar,42599,Dumka,24.26666667,87.25,1996,2025,12,DEC,WS10M,wind_speed_ms,2.338,0.4183,1.71,3.64,30,2.34,2.7245
Bihar,42395,Farbesganj,26.3,87.27,1996,2025,0,ANNUAL,ALLSKY_SFC_SW_DWN,solar_kwh_m2_day,16.2167,0.5987,14.81,17.42,30,,17.2022
Bihar,42395,Farbesganj,26.3,87.27,1996,2025,0,ANNUAL,PRECTOTCORR,rainfall_mm,3.7587,0.9366,2.15,6.06,30,,11.4973
Bihar,42395,Farbesganj,26.3,87.27,1996,2025,0,ANNUAL,RH2M,humidity_pct,61.3523,5.002,50.32,70.96,30,,88.5073
Bihar,42395,Farbesganj,26.3,87.27,1996,2025,0,ANNUAL,T2M,temp_mean_c,24.4427,0.4087,23.66,25.3,30,,27.7036
Bihar,42395,Farbesganj,26.3,87.27,1996,2025,0,ANNUAL,T2M_MAX,temp_max_c,40.736,1.4328,37.65,43.76,30,,30.4764
Bihar,42395,Farbesganj,26.3,87.27,1996,2025,0,ANNUAL,T2M_MIN,temp_min_c,7.387,1.2419,2.54,8.97,30,,25.3018
Bihar,42395,Farbesganj,26.3,87.27,1996,2025,0,ANNUAL,WS10M,wind_speed_ms,2.5247,0.1133,2.31,2.69,30,,1.8518
Bihar,42395,Farbesganj,26.3,87.27,1996,2025,1,JAN,ALLSKY_SFC_SW_DWN,solar_kwh_m2_day,11.487,1.1519,9.6,13.71,30,11.49,17.2022
Bihar,42395,Farbesganj,26.3,87.27,1996,2025,1,JAN,PRECTOTCORR,rainfall_mm,0.1533,0.1984,0,0.87,30,0.15,11.4973
Bihar,42395,Farbesganj,26.3,87.27,1996,2025,1,JAN,RH2M,humidity_pct,48.976,9.7909,27.63,72.73,30,48.98,88.5073
Bihar,42395,Farbesganj,26.3,87.27,1996,2025,1,JAN,T2M,temp_mean_c,15.951,0.8865,13.94,17.7,30,15.95,27.7036
Bihar,42395,Farbesganj,26.3,87.27,1996,2025,1,JAN,T2M_MAX,temp_max_c,26.2663,1.2292,24.02,28.82,30,28.82,30.4764
Bihar,42395,Farbesganj,26.3,87.27,1996,2025,1,JAN,T2M_MIN,temp_min_c,7.6397,1.3584,2.54,9.83,30,2.54,25.3018
Bihar,42395,Farbesganj,26.3,87.27,1996,2025,1,JAN,WS10M,wind_speed_ms,2.2217,0.2823,1.77,3.29,30,2.22,1.8518
Bihar,42395,Farbesganj,26.3,87.27,1996,2025,2,FEB,ALLSKY_SFC_SW_DWN,solar_kwh_m2_day,15.1773,1.2285,12.39,17.68,30,15.18,17.2022
Bihar,42395,Farbesganj,26.3,87.27,1996,2025,2,FEB,PRECTOTCORR,rainfall_mm,0.3413,0.4098,0,1.53,30,0.34,11.4973
Bihar,42395,Farbesganj,26.3,87.27,1996,2025,2,FEB,RH2M,humidity_pct,40.0377,8.9868,21.29,62.68,30,40.04,88.5073
Bihar,42395,Farbesganj,26.3,87.27,1996,2025,2,FEB,T2M,temp_mean_c,19.3313,1.3022,16.76,21.74,30,19.33,27.7036
Bihar,42395,Farbesganj,26.3,87.27,1996,2025,2,FEB,T2M_MAX,temp_max_c,31.098,1.9144,28.15,35.72,30,35.72,30.4764
Bihar,42395,Farbesganj,26.3,87.27,1996,2025,2,FEB,T2M_MIN,temp_min_c,9.7267,1.6487,6.47,13.66,30,6.47,25.3018
Bihar,42395,Farbesganj,26.3,87.27,1996,2025,2,FEB,WS10M,wind_speed_ms,2.6933,0.3429,2.25,3.95,30,2.69,1.8518
Bihar,42395,Farbesganj,26.3,87.27,1996,2025,3,MAR,ALLSKY_SFC_SW_DWN,solar_kwh_m2_day,19.0667,1.1249,16.96,21.15,30,19.07,17.2022
Bihar,42395,Farbesganj,26.3,87.27,1996,2025,3,MAR,PRECTOTCORR,rainfall_mm,0.7993,0.9421,0.04,3.86,30,0.8,11.4973
Bihar,42395,Farbesganj,26.3,87.27,1996,2025,3,MAR,RH2M,humidity_pct,31.39,8.9576,13.88,53.56,30,31.39,88.5073
Bihar,42395,Farbesganj,26.3,87.27,1996,2025,3,MAR,T2M,temp_mean_c,24.7103,1.1096,22.51,27.14,30,24.71,27.7036
Bihar,42395,Farbesganj,26.3,87.27,1996,2025,3,MAR,T2M_MAX,temp_max_c,36.7853,1.4293,34.03,40.42,30,40.42,30.4764
Bihar,42395,Farbesganj,26.3,87.27,1996,2025,3,MAR,T2M_MIN,temp_min_c,13.7543,1.8026,8.96,18.58,30,8.96,25.3018
Bihar,42395,Farbesganj,26.3,87.27,1996,2025,3,MAR,WS10M,wind_speed_ms,3.074,0.2917,2.7,3.57,30,3.07,1.8518
Bihar,42395,Farbesganj,26.3,87.27,1996,2025,4,APR,ALLSKY_SFC_SW_DWN,solar_kwh_m2_day,20.974,1.6051,18.57,24.86,30,20.97,17.2022
Bihar,42395,Farbesganj,26.3,87.27,1996,2025,4,APR,PRECTOTCORR,rainfall_mm,1.695,0.8046,0.28,3.19,30,1.7,11.4973
Bihar,42395,Farbesganj,26.3,87.27,1996,2025,4,APR,RH2M,humidity_pct,36.465,8.9485,18.91,50.77,30,36.47,88.5073
Bihar,42395,Farbesganj,26.3,87.27,1996,2025,4,APR,T2M,temp_mean_c,28.717,1.1994,26.28,31.73,30,28.72,27.7036
Bihar,42395,Farbesganj,26.3,87.27,1996,2025,4,APR,T2M_MAX,temp_max_c,39.7403,1.8161,36.23,43.19,30,43.19,30.4764
Bihar,42395,Farbesganj,26.3,87.27,1996,2025,4,APR,T2M_MIN,temp_min_c,18.699,1.261,15.92,21.05,30,15.92,25.3018
Bihar,42395,Farbesganj,26.3,87.27,1996,2025,4,APR,WS10M,wind_speed_ms,3.032,0.3658,2.58,4.19,30,3.03,1.8518
Bihar,42395,Farbesganj,26.3,87.27,1996,2025,5,MAY,ALLSKY_SFC_SW_DWN,solar_kwh_m2_day,20.1103,1.7373,14.98,23.61,30,20.11,17.2022
Bihar,42395,Farbesganj,26.3,87.27,1996,2025,5,MAY,PRECTOTCORR,rainfall_mm,4.099,1.8971,1.33,9.59,30,4.1,11.4973
Bihar,42395,Farbesganj,26.3,87.27,1996,2025,5,MAY,RH2M,humidity_pct,52.7517,7.6122,31.68,64.4,30,52.75,88.5073
Bihar,42395,Farbesganj,26.3,87.27,1996,2025,5,MAY,T2M,temp_mean_c,29.9253,0.9204,28.04,31.68,30,29.93,27.7036
Bihar,42395,Farbesganj,26.3,87.27,1996,2025,5,MAY,T2M_MAX,temp_max_c,40.019,1.3573,37.56,42.56,30,42.56,30.4764
Bihar,42395,Farbesganj,26.3,87.27,1996,2025,5,MAY,T2M_MIN,temp_min_c,21.5217,0.6878,20.36,23.19,30,20.36,25.3018
Bihar,42395,Farbesganj,26.3,87.27,1996,2025,5,MAY,WS10M,wind_speed_ms,2.764,0.2796,2.22,3.31,30,2.76,1.8518
Bihar,42395,Farbesganj,26.3,87.27,1996,2025,6,JUN,ALLSKY_SFC_SW_DWN,solar_kwh_m2_day,17.598,1.3627,14.51,20.37,30,17.6,17.2022
Bihar,42395,Farbesganj,26.3,87.27,1996,2025,6,JUN,PRECTOTCORR,rainfall_mm,7.3313,3.3445,3.84,17.24,30,7.33,11.4973
Bihar,42395,Farbesganj,26.3,87.27,1996,2025,6,JUN,RH2M,humidity_pct,68.5957,7.2954,51.44,82.48,30,68.6,88.5073
Bihar,42395,Farbesganj,26.3,87.27,1996,2025,6,JUN,T2M,temp_mean_c,29.9327,1.1116,27.83,32.02,30,29.93,27.7036
Bihar,42395,Farbesganj,26.3,87.27,1996,2025,6,JUN,T2M_MAX,temp_max_c,38.7727,2.1561,34.88,43.76,30,43.76,30.4764
Bihar,42395,Farbesganj,26.3,87.27,1996,2025,6,JUN,T2M_MIN,temp_min_c,24.075,0.6254,23.02,25.34,30,23.02,25.3018
Bihar,42395,Farbesganj,26.3,87.27,1996,2025,6,JUN,WS10M,wind_speed_ms,2.939,0.4218,1.83,3.84,30,2.94,1.8518
Bihar,42395,Farbesganj,26.3,87.27,1996,2025,7,JUL,ALLSKY_SFC_SW_DWN,solar_kwh_m2_day,15.882,1.4082,12.9,17.97,30,15.88,17.2022
Bihar,42395,Farbesganj,26.3,87.27,1996,2025,7,JUL,PRECTOTCORR,rainfall_mm,11.3433,4.0707,3.75,18.6,30,11.34,11.4973
Bihar,42395,Farbesganj,26.3,87.27,1996,2025,7,JUL,RH2M,humidity_pct,84.7037,3.4487,75.71,90.27,30,84.7,88.5073
Bihar,42395,Farbesganj,26.3,87.27,1996,2025,7,JUL,T2M,temp_mean_c,27.945,0.5229,26.99,29.3,30,27.94,27.7036
Bihar,42395,Farbesganj,26.3,87.27,1996,2025,7,JUL,T2M_MAX,temp_max_c,33.94,1.5565,31.44,37.66,30,37.66,30.4764
Bihar,42395,Farbesganj,26.3,87.27,1996,2025,7,JUL,T2M_MIN,temp_min_c,23.93,0.525,22.87,25.06,30,22.87,25.3018
Bihar,42395,Farbesganj,26.3,87.27,1996,2025,7,JUL,WS10M,wind_speed_ms,2.9277,0.3814,2.1,3.56,30,2.93,1.8518
Bihar,42395,Farbesganj,26.3,87.27,1996,2025,8,AUG,ALLSKY_SFC_SW_DWN,solar_kwh_m2_day,16.2267,1.5436,13.08,19.03,30,16.23,17.2022
Bihar,42395,Farbesganj,26.3,87.27,1996,2025,8,AUG,PRECTOTCORR,rainfall_mm,8.998,3.8343,3.32,17.02,30,9,11.4973
Bihar,42395,Farbesganj,26.3,87.27,1996,2025,8,AUG,RH2M,humidity_pct,86.29,2.3012,80.19,90,30,86.29,88.5073
Bihar,42395,Farbesganj,26.3,87.27,1996,2025,8,AUG,T2M,temp_mean_c,27.5227,0.3863,26.73,28.47,30,27.52,27.7036
Bihar,42395,Farbesganj,26.3,87.27,1996,2025,8,AUG,T2M_MAX,temp_max_c,33.3553,0.9338,31.5,35.59,30,35.59,30.4764
Bihar,42395,Farbesganj,26.3,87.27,1996,2025,8,AUG,T2M_MIN,temp_min_c,23.491,0.547,22.21,24.23,30,22.21,25.3018
Bihar,42395,Farbesganj,26.3,87.27,1996,2025,8,AUG,WS10M,wind_speed_ms,2.636,0.3241,1.84,3.27,30,2.64,1.8518
Bihar,42395,Farbesganj,26.3,87.27,1996,2025,9,SEP,ALLSKY_SFC_SW_DWN,solar_kwh_m2_day,15.7307,1.1891,11.64,17.56,30,15.73,17.2022
Bihar,42395,Farbesganj,26.3,87.27,1996,2025,9,SEP,PRECTOTCORR,rainfall_mm,7.3583,3.862,3.08,19.56,30,7.36,11.4973
Bihar,42395,Farbesganj,26.3,87.27,1996,2025,9,SEP,RH2M,humidity_pct,85.9097,2.4162,78.8,89.83,30,85.91,88.5073
Bihar,42395,Farbesganj,26.3,87.27,1996,2025,9,SEP,T2M,temp_mean_c,26.533,0.4382,25.85,27.61,30,26.53,27.7036
Bihar,42395,Farbesganj,26.3,87.27,1996,2025,9,SEP,T2M_MAX,temp_max_c,32.3713,1.1115,30.86,35.48,30,35.48,30.4764
Bihar,42395,Farbesganj,26.3,87.27,1996,2025,9,SEP,T2M_MIN,temp_min_c,21.9197,0.9093,19.9,23.55,30,19.9,25.3018
Bihar,42395,Farbesganj,26.3,87.27,1996,2025,9,SEP,WS10M,wind_speed_ms,2.4067,0.2901,1.87,2.92,30,2.41,1.8518
Bihar,42395,Farbesganj,26.3,87.27,1996,2025,10,OCT,ALLSKY_SFC_SW_DWN,solar_kwh_m2_day,15.964,1.2167,13.21,17.61,30,15.96,17.2022
Bihar,42395,Farbesganj,26.3,87.27,1996,2025,10,OCT,PRECTOTCORR,rainfall_mm,2.5153,2.1211,0.2,7.36,30,2.52,11.4973
Bihar,42395,Farbesganj,26.3,87.27,1996,2025,10,OCT,RH2M,humidity_pct,76.959,6.8589,61.97,87.73,30,76.96,88.5073
Bihar,42395,Farbesganj,26.3,87.27,1996,2025,10,OCT,T2M,temp_mean_c,24.4553,0.6824,22.97,26.12,30,24.46,27.7036
Bihar,42395,Farbesganj,26.3,87.27,1996,2025,10,OCT,T2M_MAX,temp_max_c,31.4453,1.2498,29.42,34.73,30,34.73,30.4764
Bihar,42395,Farbesganj,26.3,87.27,1996,2025,10,OCT,T2M_MIN,temp_min_c,17.5067,1.2271,14.34,19.81,30,14.34,25.3018
Bihar,42395,Farbesganj,26.3,87.27,1996,2025,10,OCT,WS10M,wind_speed_ms,1.9397,0.2985,1.49,2.75,30,1.94,1.8518
Bihar,42395,Farbesganj,26.3,87.27,1996,2025,11,NOV,ALLSKY_SFC_SW_DWN,solar_kwh_m2_day,14.497,0.8963,12.82,16.45,30,14.5,17.2022
Bihar,42395,Farbesganj,26.3,87.27,1996,2025,11,NOV,PRECTOTCORR,rainfall_mm,0.124,0.1446,0,0.57,30,0.12,11.4973
Bihar,42395,Farbesganj,26.3,87.27,1996,2025,11,NOV,RH2M,humidity_pct,65.242,9.4046,41.26,85.12,30,65.24,88.5073
Bihar,42395,Farbesganj,26.3,87.27,1996,2025,11,NOV,T2M,temp_mean_c,20.9027,0.8641,19.19,23,30,20.9,27.7036
Bihar,42395,Farbesganj,26.3,87.27,1996,2025,11,NOV,T2M_MAX,temp_max_c,29.3373,1.6338,25.78,33.7,30,33.7,30.4764
Bihar,42395,Farbesganj,26.3,87.27,1996,2025,11,NOV,T2M_MIN,temp_min_c,13.391,1.5238,10.37,17.3,30,10.37,25.3018
Bihar,42395,Farbesganj,26.3,87.27,1996,2025,11,NOV,WS10M,wind_speed_ms,1.8013,0.2368,1.5,2.79,30,1.8,1.8518
Bihar,42395,Farbesganj,26.3,87.27,1996,2025,12,DEC,ALLSKY_SFC_SW_DWN,solar_kwh_m2_day,11.9103,1.053,10.46,14.16,30,11.91,17.2022
Bihar,42395,Farbesganj,26.3,87.27,1996,2025,12,DEC,PRECTOTCORR,rainfall_mm,0.0927,0.1717,0,0.66,30,0.09,11.4973
Bihar,42395,Farbesganj,26.3,87.27,1996,2025,12,DEC,RH2M,humidity_pct,57.3687,10.0091,29.8,77.83,30,57.37,88.5073
Bihar,42395,Farbesganj,26.3,87.27,1996,2025,12,DEC,T2M,temp_mean_c,17.196,0.8689,15.28,19.13,30,17.2,27.7036
Bihar,42395,Farbesganj,26.3,87.27,1996,2025,12,DEC,T2M_MAX,temp_max_c,26.815,1.0894,24.51,28.53,30,28.53,30.4764
Bihar,42395,Farbesganj,26.3,87.27,1996,2025,12,DEC,T2M_MIN,temp_min_c,9.037,1.5393,6.18,12.15,30,6.18,25.3018
Bihar,42395,Farbesganj,26.3,87.27,1996,2025,12,DEC,WS10M,wind_speed_ms,1.8723,0.2029,1.58,2.59,30,1.87,1.8518
Bihar,42591,Gaya,24.75,84.95,1996,2025,0,ANNUAL,ALLSKY_SFC_SW_DWN,solar_kwh_m2_day,17.878,0.6515,16.45,18.76,30,,14.7678
Bihar,42591,Gaya,24.75,84.95,1996,2025,0,ANNUAL,PRECTOTCORR,rainfall_mm,2.7723,0.5228,1.85,3.78,30,,9.2118
Bihar,42591,Gaya,24.75,84.95,1996,2025,0,ANNUAL,RH2M,humidity_pct,56.7117,3.9094,50.62,65.99,30,,82.56
Bihar,42591,Gaya,24.75,84.95,1996,2025,0,ANNUAL,T2M,temp_mean_c,26.1603,0.5424,25.08,27.32,30,,29.4755
Bihar,42591,Gaya,24.75,84.95,1996,2025,0,ANNUAL,T2M_MAX,temp_max_c,46.504,1.2741,43.72,48.74,30,,33.6573
Bihar,42591,Gaya,24.75,84.95,1996,2025,0,ANNUAL,T2M_MIN,temp_min_c,4.794,1.1876,1.98,6.71,30,,26.1755
Bihar,42591,Gaya,24.75,84.95,1996,2025,0,ANNUAL,WS10M,wind_speed_ms,2.8613,0.1198,2.47,3.05,30,,2.7136
Bihar,42591,Gaya,24.75,84.95,1996,2025,1,JAN,ALLSKY_SFC_SW_DWN,solar_kwh_m2_day,13.6597,1.3025,11.32,16.31,30,13.66,14.7678
Bihar,42591,Gaya,24.75,84.95,1996,2025,1,JAN,PRECTOTCORR,rainfall_mm,0.342,0.4103,0,1.77,30,0.34,9.2118
Bihar,42591,Gaya,24.75,84.95,1996,2025,1,JAN,RH2M,humidity_pct,52.0897,10.1397,36.13,73.48,30,52.09,82.56
Bihar,42591,Gaya,24.75,84.95,1996,2025,1,JAN,T2M,temp_mean_c,15.9553,0.9308,13.54,17.57,30,15.96,29.4755
Bihar,42591,Gaya,24.75,84.95,1996,2025,1,JAN,T2M_MAX,temp_max_c,28.528,1.6636,25.63,31.53,30,31.53,33.6573
Bihar,42591,Gaya,24.75,84.95,1996,2025,1,JAN,T2M_MIN,temp_min_c,5.1393,1.1622,1.98,7.56,30,1.98,26.1755
Bihar,42591,Gaya,24.75,84.95,1996,2025,1,JAN,WS10M,wind_speed_ms,2.5493,0.1873,2.1,2.98,30,2.55,2.7136
Bihar,42591,Gaya,24.75,84.95,1996,2025,2,FEB,ALLSKY_SFC_SW_DWN,solar_kwh_m2_day,17.6353,1.1966,14.8,19.76,30,17.64,14.7678
Bihar,42591,Gaya,24.75,84.95,1996,2025,2,FEB,PRECTOTCORR,rainfall_mm,0.4577,0.5377,0,1.89,30,0.46,9.2118
Bihar,42591,Gaya,24.75,84.95,1996,2025,2,FEB,RH2M,humidity_pct,43.2127,8.5863,27.13,59.53,30,43.21,82.56
Bihar,42591,Gaya,24.75,84.95,1996,2025,2,FEB,T2M,temp_mean_c,20.1923,1.4627,17.1,23.46,30,20.19,29.4755
Bihar,42591,Gaya,24.75,84.95,1996,2025,2,FEB,T2M_MAX,temp_max_c,33.8837,1.9906,29.69,39.03,30,39.03,33.6573
Bihar,42591,Gaya,24.75,84.95,1996,2025,2,FEB,T2M_MIN,temp_min_c,7.667,1.6091,4.59,10.9,30,4.59,26.1755
Bihar,42591,Gaya,24.75,84.95,1996,2025,2,FEB,WS10M,wind_speed_ms,2.871,0.2681,2.38,3.4,30,2.87,2.7136
Bihar,42591,Gaya,24.75,84.95,1996,2025,3,MAR,ALLSKY_SFC_SW_DWN,solar_kwh_m2_day,21.2883,1.0752,18.17,23.32,30,21.29,14.7678
Bihar,42591,Gaya,24.75,84.95,1996,2025,3,MAR,PRECTOTCORR,rainfall_mm,0.3227,0.3759,0,1.8,30,0.32,9.2118
Bihar,42591,Gaya,24.75,84.95,1996,2025,3,MAR,RH2M,humidity_pct,31.805,8.2378,18.59,53.14,30,31.81,82.56
Bihar,42591,Gaya,24.75,84.95,1996,2025,3,MAR,T2M,temp_mean_c,26.229,1.2706,23.06,28.56,30,26.23,29.4755
Bihar,42591,Gaya,24.75,84.95,1996,2025,3,MAR,T2M_MAX,temp_max_c,40.0707,1.6436,35.96,42.59,30,42.59,33.6573
Bihar,42591,Gaya,24.75,84.95,1996,2025,3,MAR,T2M_MIN,temp_min_c,12.425,1.949,8.84,16.22,30,8.84,26.1755
Bihar,42591,Gaya,24.75,84.95,1996,2025,3,MAR,WS10M,wind_speed_ms,3.1003,0.2863,2.69,3.85,30,3.1,2.7136
Bihar,42591,Gaya,24.75,84.95,1996,2025,4,APR,ALLSKY_SFC_SW_DWN,solar_kwh_m2_day,23.9253,1.2791,21.5,25.98,30,23.93,14.7678
Bihar,42591,Gaya,24.75,84.95,1996,2025,4,APR,PRECTOTCORR,rainfall_mm,0.401,0.3532,0,1.15,30,0.4,9.2118
Bihar,42591,Gaya,24.75,84.95,1996,2025,4,APR,RH2M,humidity_pct,25.701,6.3058,11.92,38.14,30,25.7,82.56
Bihar,42591,Gaya,24.75,84.95,1996,2025,4,APR,T2M,temp_mean_c,32.1937,1.0815,30.21,35.02,30,32.19,29.4755
Bihar,42591,Gaya,24.75,84.95,1996,2025,4,APR,T2M_MAX,temp_max_c,44.3723,1.4336,41.17,47.27,30,47.27,33.6573
Bihar,42591,Gaya,24.75,84.95,1996,2025,4,APR,T2M_MIN,temp_min_c,19.321,1.6555,14.45,22.04,30,14.45,26.1755
Bihar,42591,Gaya,24.75,84.95,1996,2025,4,APR,WS10M,wind_speed_ms,3.168,0.3925,2.62,4.68,30,3.17,2.7136
Bihar,42591,Gaya,24.75,84.95,1996,2025,5,MAY,ALLSKY_SFC_SW_DWN,solar_kwh_m2_day,23.6607,1.5181,18.69,25.84,30,23.66,14.7678
Bihar,42591,Gaya,24.75,84.95,1996,2025,5,MAY,PRECTOTCORR,rainfall_mm,1.5627,1.3183,0.04,7.06,30,1.56,9.2118
Bihar,42591,Gaya,24.75,84.95,1996,2025,5,MAY,RH2M,humidity_pct,33.1333,6.7691,18.62,46.1,30,33.13,82.56
Bihar,42591,Gaya,24.75,84.95,1996,2025,5,MAY,T2M,temp_mean_c,34.996,0.9729,32.28,36.82,30,35,29.4755
Bihar,42591,Gaya,24.75,84.95,1996,2025,5,MAY,T2M_MAX,temp_max_c,46.0317,1.2484,43.72,48.74,30,48.74,33.6573
Bihar,42591,Gaya,24.75,84.95,1996,2025,5,MAY,T2M_MIN,temp_min_c,23.9517,1.5323,20.57,26.68,30,20.57,26.1755
Bihar,42591,Gaya,24.75,84.95,1996,2025,5,MAY,WS10M,wind_speed_ms,3.2203,0.3514,2.54,4.27,30,3.22,2.7136
Bihar,42591,Gaya,24.75,84.95,1996,2025,6,JUN,ALLSKY_SFC_SW_DWN,solar_kwh_m2_day,20.0177,1.8062,16.32,23.03,30,20.02,14.7678
Bihar,42591,Gaya,24.75,84.95,1996,2025,6,JUN,PRECTOTCORR,rainfall_mm,5.1887,3.2528,2.18,14.17,30,5.19,9.2118
Bihar,42591,Gaya,24.75,84.95,1996,2025,6,JUN,RH2M,humidity_pct,49.5393,11.292,33.39,74.54,30,49.54,82.56
Bihar,42591,Gaya,24.75,84.95,1996,2025,6,JUN,T2M,temp_mean_c,34.4477,2.0567,30.33,37.75,30,34.45,29.4755
Bihar,42591,Gaya,24.75,84.95,1996,2025,6,JUN,T2M_MAX,temp_max_c,45.0747,2.3729,40.39,48.33,30,48.33,33.6573
Bihar,42591,Gaya,24.75,84.95,1996,2025,6,JUN,T2M_MIN,temp_min_c,26.3003,1.2385,23.04,28.43,30,23.04,26.1755
Bihar,42591,Gaya,24.75,84.95,1996,2025,6,JUN,WS10M,wind_speed_ms,3.594,0.4324,2.74,4.4,30,3.59,2.7136
Bihar,42591,Gaya,24.75,84.95,1996,2025,7,JUL,ALLSKY_SFC_SW_DWN,solar_kwh_m2_day,16.6553,1.3981,13.25,18.94,30,16.65,14.7678
Bihar,42591,Gaya,24.75,84.95,1996,2025,7,JUL,PRECTOTCORR,rainfall_mm,8.842,3.3792,3.13,19.17,30,8.84,9.2118
Bihar,42591,Gaya,24.75,84.95,1996,2025,7,JUL,RH2M,humidity_pct,76.0193,6.0195,64.09,85.3,30,76.02,82.56
Bihar,42591,Gaya,24.75,84.95,1996,2025,7,JUL,T2M,temp_mean_c,30.3113,0.9926,28.78,32.14,30,30.31,29.4755
Bihar,42591,Gaya,24.75,84.95,1996,2025,7,JUL,T2M_MAX,temp_max_c,37.9243,2.1888,33.75,41.37,30,41.37,33.6573
Bihar,42591,Gaya,24.75,84.95,1996,2025,7,JUL,T2M_MIN,temp_min_c,25.299,0.6128,24.08,26.75,30,24.08,26.1755
Bihar,42591,Gaya,24.75,84.95,1996,2025,7,JUL,WS10M,wind_speed_ms,3.5267,0.3384,2.92,4.36,30,3.53,2.7136
Bihar,42591,Gaya,24.75,84.95,1996,2025,8,AUG,ALLSKY_SFC_SW_DWN,solar_kwh_m2_day,16.4537,1.1517,13.33,18.46,30,16.45,14.7678
Bihar,42591,Gaya,24.75,84.95,1996,2025,8,AUG,PRECTOTCORR,rainfall_mm,7.9577,1.7346,5.46,11.5,30,7.96,9.2118
Bihar,42591,Gaya,24.75,84.95,1996,2025,8,AUG,RH2M,humidity_pct,83.3757,3.3272,75.26,87.25,30,83.38,82.56
Bihar,42591,Gaya,24.75,84.95,1996,2025,8,AUG,T2M,temp_mean_c,28.9607,0.5049,28.11,30.03,30,28.96,29.4755
Bihar,42591,Gaya,24.75,84.95,1996,2025,8,AUG,T2M_MAX,temp_max_c,34.7943,1.3708,33.04,38.49,30,38.49,33.6573
Bihar,42591,Gaya,24.75,84.95,1996,2025,8,AUG,T2M_MIN,temp_min_c,24.6877,0.4468,23.34,25.41,30,23.34,26.1755
Bihar,42591,Gaya,24.75,84.95,1996,2025,8,AUG,WS10M,wind_speed_ms,3.0973,0.3951,2.21,3.96,30,3.1,2.7136
Bihar,42591,Gaya,24.75,84.95,1996,2025,9,SEP,ALLSKY_SFC_SW_DWN,solar_kwh_m2_day,16.709,1.1778,14.45,19.37,30,16.71,14.7678
Bihar,42591,Gaya,24.75,84.95,1996,2025,9,SEP,PRECTOTCORR,rainfall_mm,5.8323,2.5198,2.46,12.69,30,5.83,9.2118
Bihar,42591,Gaya,24.75,84.95,1996,2025,9,SEP,RH2M,humidity_pct,84.65,2.0159,81.08,87.76,30,84.65,82.56
Bihar,42591,Gaya,24.75,84.95,1996,2025,9,SEP,T2M,temp_mean_c,27.9003,0.4204,27.13,28.76,30,27.9,29.4755
Bihar,42591,Gaya,24.75,84.95,1996,2025,9,SEP,T2M_MAX,temp_max_c,33.4967,0.8267,32.18,36.17,30,36.17,33.6573
Bihar,42591,Gaya,24.75,84.95,1996,2025,9,SEP,T2M_MIN,temp_min_c,22.7587,1.1726,19.33,24.9,30,19.33,26.1755
Bihar,42591,Gaya,24.75,84.95,1996,2025,9,SEP,WS10M,wind_speed_ms,2.7913,0.4283,2.09,3.63,30,2.79,2.7136
Bihar,42591,Gaya,24.75,84.95,1996,2025,10,OCT,ALLSKY_SFC_SW_DWN,solar_kwh_m2_day,16.8083,1.4321,13.79,18.92,30,16.81,14.7678
Bihar,42591,Gaya,24.75,84.95,1996,2025,10,OCT,PRECTOTCORR,rainfall_mm,1.9163,1.8215,0.03,7.35,30,1.92,9.2118
Bihar,42591,Gaya,24.75,84.95,1996,2025,10,OCT,RH2M,humidity_pct,75.9093,6.1162,62.13,84.71,30,75.91,82.56
Bihar,42591,Gaya,24.75,84.95,1996,2025,10,OCT,T2M,temp_mean_c,25.2713,0.8622,23.17,26.76,30,25.27,29.4755
Bihar,42591,Gaya,24.75,84.95,1996,2025,10,OCT,T2M_MAX,temp_max_c,32.4193,1.1711,30.32,35.31,30,35.31,33.6573
Bihar,42591,Gaya,24.75,84.95,1996,2025,10,OCT,T2M_MIN,temp_min_c,15.987,1.6409,12.02,19.37,30,12.02,26.1755
Bihar,42591,Gaya,24.75,84.95,1996,2025,10,OCT,WS10M,wind_speed_ms,2.0923,0.3498,1.6,2.93,30,2.09,2.7136
Bihar,42591,Gaya,24.75,84.95,1996,2025,11,NOV,ALLSKY_SFC_SW_DWN,solar_kwh_m2_day,14.9577,0.9529,13.4,17.05,30,14.96,14.7678
Bihar,42591,Gaya,24.75,84.95,1996,2025,11,NOV,PRECTOTCORR,rainfall_mm,0.1193,0.2597,0,1.02,30,0.12,9.2118
Bihar,42591,Gaya,24.75,84.95,1996,2025,11,NOV,RH2M,humidity_pct,64.944,10.4631,49.71,81.08,30,64.94,82.56
Bihar,42591,Gaya,24.75,84.95,1996,2025,11,NOV,T2M,temp_mean_c,20.715,1.4495,17.8,23.78,30,20.72,29.4755
Bihar,42591,Gaya,24.75,84.95,1996,2025,11,NOV,T2M_MAX,temp_max_c,30.1213,1.7899,26.85,33.5,30,33.5,33.6573
Bihar,42591,Gaya,24.75,84.95,1996,2025,11,NOV,T2M_MIN,temp_min_c,10.8183,1.524,8.39,14.21,30,8.39,26.1755
Bihar,42591,Gaya,24.75,84.95,1996,2025,11,NOV,WS10M,wind_speed_ms,2.0757,0.2564,1.59,2.73,30,2.08,2.7136
Bihar,42591,Gaya,24.75,84.95,1996,2025,12,DEC,ALLSKY_SFC_SW_DWN,solar_kwh_m2_day,12.8917,1.2043,10.2,15.39,30,12.89,14.7678
Bihar,42591,Gaya,24.75,84.95,1996,2025,12,DEC,PRECTOTCORR,rainfall_mm,0.1353,0.2362,0,0.92,30,0.14,9.2118
Bihar,42591,Gaya,24.75,84.95,1996,2025,12,DEC,RH2M,humidity_pct,58.8933,11.3131,40.34,81.8,30,58.89,82.56
Bihar,42591,Gaya,24.75,84.95,1996,2025,12,DEC,T2M,temp_mean_c,16.5697,1.2317,13.5,18.37,30,16.57,29.4755
Bihar,42591,Gaya,24.75,84.95,1996,2025,12,DEC,T2M_MAX,temp_max_c,27.3407,1.7357,23.52,31.82,30,31.82,33.6573
Bihar,42591,Gaya,24.75,84.95,1996,2025,12,DEC,T2M_MIN,temp_min_c,6.2177,1.4523,2.02,8.39,30,2.02,26.1755
Bihar,42591,Gaya,24.75,84.95,1996,2025,12,DEC,WS10M,wind_speed_ms,2.246,0.2516,1.65,2.68,30,2.25,2.7136
Bihar,42296,Kalimpong,27.07,88.47,1996,2025,0,ANNUAL,ALLSKY_SFC_SW_DWN,solar_kwh_m2_day,14.6957,0.539,13.86,16.16,30,,11.5822
Bihar,42296,Kalimpong,27.07,88.47,1996,2025,0,ANNUAL,PRECTOTCORR,rainfall_mm,4.9113,1.7586,2.75,9.05,30,,32.6827
Bihar,42296,Kalimpong,27.07,88.47,1996,2025,0,ANNUAL,RH2M,humidity_pct,69.375,4.7214,59.45,80.06,30,,92.6227
Bihar,42296,Kalimpong,27.07,88.47,1996,2025,0,ANNUAL,T2M,temp_mean_c,18.7483,0.3102,18.14,19.47,30,,21.7718
Bihar,42296,Kalimpong,27.07,88.47,1996,2025,0,ANNUAL,T2M_MAX,temp_max_c,31.4253,1.2617,28.47,33.36,30,,24.1109
Bihar,42296,Kalimpong,27.07,88.47,1996,2025,0,ANNUAL,T2M_MIN,temp_min_c,3.755,1.22,1.39,5.96,30,,19.9136
Bihar,42296,Kalimpong,27.07,88.47,1996,2025,0,ANNUAL,WS10M,wind_speed_ms,1.9437,0.0436,1.84,2.02,30,,1.3382
Bihar,42296,Kalimpong,27.07,88.47,1996,2025,1,JAN,ALLSKY_SFC_SW_DWN,solar_kwh_m2_day,12.572,1.2759,10.41,15.39,30,12.57,11.5822
Bihar,42296,Kalimpong,27.07,88.47,1996,2025,1,JAN,PRECTOTCORR,rainfall_mm,0.164,0.1687,0,0.69,30,0.16,32.6827
Bihar,42296,Kalimpong,27.07,88.47,1996,2025,1,JAN,RH2M,humidity_pct,55.411,9.05,38.63,76.09,30,55.41,92.6227
Bihar,42296,Kalimpong,27.07,88.47,1996,2025,1,JAN,T2M,temp_mean_c,11.218,0.8441,9.42,12.84,30,11.22,21.7718
Bihar,42296,Kalimpong,27.07,88.47,1996,2025,1,JAN,T2M_MAX,temp_max_c,20.2913,1.3849,18.06,22.91,30,22.91,24.1109
Bihar,42296,Kalimpong,27.07,88.47,1996,2025,1,JAN,T2M_MIN,temp_min_c,4.1617,1.2971,1.39,6.85,30,1.39,19.9136
Bihar,42296,Kalimpong,27.07,88.47,1996,2025,1,JAN,WS10M,wind_speed_ms,1.7,0.0801,1.55,1.84,30,1.7,1.3382
Bihar,42296,Kalimpong,27.07,88.47,1996,2025,2,FEB,ALLSKY_SFC_SW_DWN,solar_kwh_m2_day,13.721,1.2399,11.06,15.84,30,13.72,11.5822
Bihar,42296,Kalimpong,27.07,88.47,1996,2025,2,FEB,PRECTOTCORR,rainfall_mm,0.5,0.4843,0.02,1.64,30,0.5,32.6827
Bihar,42296,Kalimpong,27.07,88.47,1996,2025,2,FEB,RH2M,humidity_pct,48.4513,8.775,33.18,72.79,30,48.45,92.6227
Bihar,42296,Kalimpong,27.07,88.47,1996,2025,2,FEB,T2M,temp_mean_c,13.536,1.3747,10.72,16.16,30,13.54,21.7718
Bihar,42296,Kalimpong,27.07,88.47,1996,2025,2,FEB,T2M_MAX,temp_max_c,23.2827,1.8517,20.14,27.17,30,27.17,24.1109
Bihar,42296,Kalimpong,27.07,88.47,1996,2025,2,FEB,T2M_MIN,temp_min_c,5.7133,1.723,2.41,9.63,30,2.41,19.9136
Bihar,42296,Kalimpong,27.07,88.47,1996,2025,2,FEB,WS10M,wind_speed_ms,2.0033,0.0842,1.84,2.19,30,2,1.3382
Bihar,42296,Kalimpong,27.07,88.47,1996,2025,3,MAR,ALLSKY_SFC_SW_DWN,solar_kwh_m2_day,15.6337,1.1427,12.58,17.66,30,15.63,11.5822
Bihar,42296,Kalimpong,27.07,88.47,1996,2025,3,MAR,PRECTOTCORR,rainfall_mm,1.2457,1.2017,0.19,4.62,30,1.25,32.6827
Bihar,42296,Kalimpong,27.07,88.47,1996,2025,3,MAR,RH2M,humidity_pct,42.6553,9.3582,22.29,64.8,30,42.66,92.6227
Bihar,42296,Kalimpong,27.07,88.47,1996,2025,3,MAR,T2M,temp_mean_c,17.6493,0.9913,15.82,19.66,30,17.65,21.7718
Bihar,42296,Kalimpong,27.07,88.47,1996,2025,3,MAR,T2M_MAX,temp_max_c,28.0243,1.4843,25.35,30.85,30,30.85,24.1109
Bihar,42296,Kalimpong,27.07,88.47,1996,2025,3,MAR,T2M_MIN,temp_min_c,8.898,1.5796,4.47,12.47,30,4.47,19.9136
Bihar,42296,Kalimpong,27.07,88.47,1996,2025,3,MAR,WS10M,wind_speed_ms,2.281,0.1028,2.09,2.5,30,2.28,1.3382
Bihar,42296,Kalimpong,27.07,88.47,1996,2025,4,APR,ALLSKY_SFC_SW_DWN,solar_kwh_m2_day,17.2563,1.404,14.29,20.67,30,17.26,11.5822
Bihar,42296,Kalimpong,27.07,88.47,1996,2025,4,APR,PRECTOTCORR,rainfall_mm,2.839,1.7201,0.66,8.26,30,2.84,32.6827
Bihar,42296,Kalimpong,27.07,88.47,1996,2025,4,APR,RH2M,humidity_pct,49.9203,10.0753,29.47,68.64,30,49.92,92.6227
Bihar,42296,Kalimpong,27.07,88.47,1996,2025,4,APR,T2M,temp_mean_c,20.8957,1.0385,18.71,23.17,30,20.9,21.7718
Bihar,42296,Kalimpong,27.07,88.47,1996,2025,4,APR,T2M_MAX,temp_max_c,30.4793,1.7494,26.34,33.36,30,33.36,24.1109
Bihar,42296,Kalimpong,27.07,88.47,1996,2025,4,APR,T2M_MIN,temp_min_c,12.517,1.4851,8.44,14.24,30,8.44,19.9136
Bihar,42296,Kalimpong,27.07,88.47,1996,2025,4,APR,WS10M,wind_speed_ms,2.262,0.1715,1.92,2.56,30,2.26,1.3382
Bihar,42296,Kalimpong,27.07,88.47,1996,2025,5,MAY,ALLSKY_SFC_SW_DWN,solar_kwh_m2_day,16.6013,1.8242,13.75,21.34,30,16.6,11.5822
Bihar,42296,Kalimpong,27.07,88.47,1996,2025,5,MAY,PRECTOTCORR,rainfall_mm,5.4673,2.798,1.71,11.04,30,5.47,32.6827
Bihar,42296,Kalimpong,27.07,88.47,1996,2025,5,MAY,RH2M,humidity_pct,67.3427,8.3311,46.49,82.37,30,67.34,92.6227
Bihar,42296,Kalimpong,27.07,88.47,1996,2025,5,MAY,T2M,temp_mean_c,22.3673,0.8063,20.77,23.67,30,22.37,21.7718
Bihar,42296,Kalimpong,27.07,88.47,1996,2025,5,MAY,T2M_MAX,temp_max_c,30.4753,1.728,26.61,32.68,30,32.68,24.1109
Bihar,42296,Kalimpong,27.07,88.47,1996,2025,5,MAY,T2M_MIN,temp_min_c,15.4143,0.7911,13.67,16.84,30,13.67,19.9136
Bihar,42296,Kalimpong,27.07,88.47,1996,2025,5,MAY,WS10M,wind_speed_ms,2.142,0.1354,1.82,2.42,30,2.14,1.3382
Bihar,42296,Kalimpong,27.07,88.47,1996,2025,6,JUN,ALLSKY_SFC_SW_DWN,solar_kwh_m2_day,15.7897,1.5348,13.31,19.71,30,15.79,11.5822
Bihar,42296,Kalimpong,27.07,88.47,1996,2025,6,JUN,PRECTOTCORR,rainfall_mm,10.3873,6.3078,3.43,29.68,30,10.39,32.6827
Bihar,42296,Kalimpong,27.07,88.47,1996,2025,6,JUN,RH2M,humidity_pct,81.298,5.9686,67.09,91.39,30,81.3,92.6227
Bihar,42296,Kalimpong,27.07,88.47,1996,2025,6,JUN,T2M,temp_mean_c,23.394,0.5328,22.37,24.4,30,23.39,21.7718
Bihar,42296,Kalimpong,27.07,88.47,1996,2025,6,JUN,T2M_MAX,temp_max_c,29.8187,1.4592,27.01,32.4,30,32.4,24.1109
Bihar,42296,Kalimpong,27.07,88.47,1996,2025,6,JUN,T2M_MIN,temp_min_c,18.2553,0.6973,16.62,19.46,30,16.62,19.9136
Bihar,42296,Kalimpong,27.07,88.47,1996,2025,6,JUN,WS10M,wind_speed_ms,2.2687,0.1408,1.94,2.52,30,2.27,1.3382
Bihar,42296,Kalimpong,27.07,88.47,1996,2025,7,JUL,ALLSKY_SFC_SW_DWN,solar_kwh_m2_day,14.786,1.1001,12.69,16.89,30,14.79,11.5822
Bihar,42296,Kalimpong,27.07,88.47,1996,2025,7,JUL,PRECTOTCORR,rainfall_mm,14.0687,5.4209,5.15,30.02,30,14.07,32.6827
Bihar,42296,Kalimpong,27.07,88.47,1996,2025,7,JUL,RH2M,humidity_pct,89.5967,2.0986,84.58,93.85,30,89.6,92.6227
Bihar,42296,Kalimpong,27.07,88.47,1996,2025,7,JUL,T2M,temp_mean_c,23.036,0.3359,22.32,23.79,30,23.04,21.7718
Bihar,42296,Kalimpong,27.07,88.47,1996,2025,7,JUL,T2M_MAX,temp_max_c,28.561,0.8831,26.84,30.7,30,30.7,24.1109
Bihar,42296,Kalimpong,27.07,88.47,1996,2025,7,JUL,T2M_MIN,temp_min_c,19.3387,0.5006,18.37,20.3,30,18.37,19.9136
Bihar,42296,Kalimpong,27.07,88.47,1996,2025,7,JUL,WS10M,wind_speed_ms,2.2277,0.1233,1.99,2.53,30,2.23,1.3382
Bihar,42296,Kalimpong,27.07,88.47,1996,2025,8,AUG,ALLSKY_SFC_SW_DWN,solar_kwh_m2_day,14.7657,0.9877,12.82,16.41,30,14.77,11.5822
Bihar,42296,Kalimpong,27.07,88.47,1996,2025,8,AUG,PRECTOTCORR,rainfall_mm,11.6233,4.1051,4.78,18.55,30,11.62,32.6827
Bihar,42296,Kalimpong,27.07,88.47,1996,2025,8,AUG,RH2M,humidity_pct,89.667,1.8293,85.47,92.52,30,89.67,92.6227
Bihar,42296,Kalimpong,27.07,88.47,1996,2025,8,AUG,T2M,temp_mean_c,22.8533,0.3225,22.22,23.48,30,22.85,21.7718
Bihar,42296,Kalimpong,27.07,88.47,1996,2025,8,AUG,T2M_MAX,temp_max_c,28.4243,0.7401,27.22,30.58,30,30.58,24.1109
Bihar,42296,Kalimpong,27.07,88.47,1996,2025,8,AUG,T2M_MIN,temp_min_c,19.0413,0.5406,17.88,20.11,30,17.88,19.9136
Bihar,42296,Kalimpong,27.07,88.47,1996,2025,8,AUG,WS10M,wind_speed_ms,2.0593,0.1701,1.79,2.45,30,2.06,1.3382
Bihar,42296,Kalimpong,27.07,88.47,1996,2025,9,SEP,ALLSKY_SFC_SW_DWN,solar_kwh_m2_day,14.006,1.1604,11.93,16.56,30,14.01,11.5822
Bihar,42296,Kalimpong,27.07,88.47,1996,2025,9,SEP,PRECTOTCORR,rainfall_mm,8.929,4.8399,3.15,23.45,30,8.93,32.6827
Bihar,42296,Kalimpong,27.07,88.47,1996,2025,9,SEP,RH2M,humidity_pct,88.17,2.2407,83.67,93.39,30,88.17,92.6227
Bihar,42296,Kalimpong,27.07,88.47,1996,2025,9,SEP,T2M,temp_mean_c,21.9043,0.4437,20.98,23.08,30,21.9,21.7718
Bihar,42296,Kalimpong,27.07,88.47,1996,2025,9,SEP,T2M_MAX,temp_max_c,27.5553,0.9244,26.21,30.65,30,30.65,24.1109
Bihar,42296,Kalimpong,27.07,88.47,1996,2025,9,SEP,T2M_MIN,temp_min_c,17.6297,0.9025,15.58,18.86,30,15.58,19.9136
Bihar,42296,Kalimpong,27.07,88.47,1996,2025,9,SEP,WS10M,wind_speed_ms,1.8103,0.1182,1.63,2.11,30,1.81,1.3382
Bihar,42296,Kalimpong,27.07,88.47,1996,2025,10,OCT,ALLSKY_SFC_SW_DWN,solar_kwh_m2_day,14.6847,1.0002,12.67,16.73,30,14.68,11.5822
Bihar,42296,Kalimpong,27.07,88.47,1996,2025,10,OCT,PRECTOTCORR,rainfall_mm,3.1123,2.3993,0.2,9.97,30,3.11,32.6827
Bihar,42296,Kalimpong,27.07,88.47,1996,2025,10,OCT,RH2M,humidity_pct,81.603,3.9327,71.75,89.15,30,81.6,92.6227
Bihar,42296,Kalimpong,27.07,88.47,1996,2025,10,OCT,T2M,temp_mean_c,19.3873,0.6568,17.84,21.15,30,19.39,21.7718
Bihar,42296,Kalimpong,27.07,88.47,1996,2025,10,OCT,T2M_MAX,temp_max_c,26.5593,1.2594,24.25,29.43,30,29.43,24.1109
Bihar,42296,Kalimpong,27.07,88.47,1996,2025,10,OCT,T2M_MIN,temp_min_c,13.7243,1.0183,11.91,15.63,30,11.91,19.9136
Bihar,42296,Kalimpong,27.07,88.47,1996,2025,10,OCT,WS10M,wind_speed_ms,1.591,0.0819,1.49,1.94,30,1.59,1.3382
Bihar,42296,Kalimpong,27.07,88.47,1996,2025,11,NOV,ALLSKY_SFC_SW_DWN,solar_kwh_m2_day,13.8143,1.1263,11.75,16.15,30,13.81,11.5822
Bihar,42296,Kalimpong,27.07,88.47,1996,2025,11,NOV,PRECTOTCORR,rainfall_mm,0.1927,0.3738,0,2.01,30,0.19,32.6827
Bihar,42296,Kalimpong,27.07,88.47,1996,2025,11,NOV,RH2M,humidity_pct,72.9757,7.2171,53.79,86.05,30,72.98,92.6227
Bihar,42296,Kalimpong,27.07,88.47,1996,2025,11,NOV,T2M,temp_mean_c,15.8507,0.6388,14.63,16.99,30,15.85,21.7718
Bihar,42296,Kalimpong,27.07,88.47,1996,2025,11,NOV,T2M_MAX,temp_max_c,23.6633,1.2728,20.95,26.06,30,26.06,24.1109
Bihar,42296,Kalimpong,27.07,88.47,1996,2025,11,NOV,T2M_MIN,temp_min_c,9.8813,1.4007,6.33,12.82,30,6.33,19.9136
Bihar,42296,Kalimpong,27.07,88.47,1996,2025,11,NOV,WS10M,wind_speed_ms,1.483,0.0746,1.36,1.7,30,1.48,1.3382
Bihar,42296,Kalimpong,27.07,88.47,1996,2025,12,DEC,ALLSKY_SFC_SW_DWN,solar_kwh_m2_day,12.689,1.0524,10.37,14.63,30,12.69,11.5822
Bihar,42296,Kalimpong,27.07,88.47,1996,2025,12,DEC,PRECTOTCORR,rainfall_mm,0.1023,0.1551,0,0.55,30,0.1,32.6827
Bihar,42296,Kalimpong,27.07,88.47,1996,2025,12,DEC,RH2M,humidity_pct,64.0407,8.9477,41.21,79.17,30,64.04,92.6227
Bihar,42296,Kalimpong,27.07,88.47,1996,2025,12,DEC,T2M,temp_mean_c,12.6633,0.7754,11.51,14.63,30,12.66,21.7718
Bihar,42296,Kalimpong,27.07,88.47,1996,2025,12,DEC,T2M_MAX,temp_max_c,20.994,0.9767,19.22,23,30,23,24.1109
Bihar,42296,Kalimpong,27.07,88.47,1996,2025,12,DEC,T2M_MIN,temp_min_c,5.7563,1.643,1.86,9.12,30,1.86,19.9136
Bihar,42296,Kalimpong,27.07,88.47,1996,2025,12,DEC,WS10M,wind_speed_ms,1.5013,0.07,1.34,1.64,30,1.5,1.3382
Bihar,42503,Malda,25.03,88.13,1996,2025,0,ANNUAL,ALLSKY_SFC_SW_DWN,solar_kwh_m2_day,16.3563,0.6303,15.05,18.39,30,,15.4856
Bihar,42503,Malda,25.03,88.13,1996,2025,0,ANNUAL,PRECTOTCORR,rainfall_mm,3.561,0.6548,1.36,5.13,30,,7.6345
Bihar,42503,Malda,25.03,88.13,1996,2025,0,ANNUAL,RH2M,humidity_pct,65.9647,4.5358,49.42,74.97,30,,87.6591
Bihar,42503,Malda,25.03,88.13,1996,2025,0,ANNUAL,T2M,temp_mean_c,25.7593,0.4693,24.79,27.28,30,,28.8027
Bihar,42503,Malda,25.03,88.13,1996,2025,0,ANNUAL,T2M_MAX,temp_max_c,43.5513,1.639,39.84,46.06,30,,32.1991
Bihar,42503,Malda,25.03,88.13,1996,2025,0,ANNUAL,T2M_MIN,temp_min_c,6.061,1.0846,2.49,7.53,30,,26.2691
Bihar,42503,Malda,25.03,88.13,1996,2025,0,ANNUAL,WS10M,wind_speed_ms,2.8233,0.1389,2.53,3.11,30,,2.71
Bihar,42503,Malda,25.03,88.13,1996,2025,1,JAN,ALLSKY_SFC_SW_DWN,solar_kwh_m2_day,11.973,1.4923,8.67,15.37,30,11.97,15.4856
Bihar,42503,Malda,25.03,88.13,1996,2025,1,JAN,PRECTOTCORR,rainfall_mm,0.2107,0.2821,0,1.05,30,0.21,7.6345
Bihar,42503,Malda,25.03,88.13,1996,2025,1,JAN,RH2M,humidity_pct,57.739,9.9505,30.38,75.87,30,57.74,87.6591
Bihar,42503,Malda,25.03,88.13,1996,2025,1,JAN,T2M,temp_mean_c,16.4717,1.0995,14.14,18.39,30,16.47,28.8027
Bihar,42503,Malda,25.03,88.13,1996,2025,1,JAN,T2M_MAX,temp_max_c,27.446,1.6302,24.13,30.61,30,30.61,32.1991
Bihar,42503,Malda,25.03,88.13,1996,2025,1,JAN,T2M_MIN,temp_min_c,6.4123,1.1476,2.49,8.29,30,2.49,26.2691
Bihar,42503,Malda,25.03,88.13,1996,2025,1,JAN,WS10M,wind_speed_ms,2.532,0.4113,1.98,4.04,30,2.53,2.71
Bihar,42503,Malda,25.03,88.13,1996,2025,2,FEB,ALLSKY_SFC_SW_DWN,solar_kwh_m2_day,16.063,1.1851,13.94,18.34,30,16.06,15.4856
Bihar,42503,Malda,25.03,88.13,1996,2025,2,FEB,PRECTOTCORR,rainfall_mm,0.3943,0.4547,0,1.82,30,0.39,7.6345
Bihar,42503,Malda,25.03,88.13,1996,2025,2,FEB,RH2M,humidity_pct,46.545,8.4568,25.77,65.65,30,46.55,87.6591
Bihar,42503,Malda,25.03,88.13,1996,2025,2,FEB,T2M,temp_mean_c,20.748,1.2181,18.25,23.27,30,20.75,28.8027
Bihar,42503,Malda,25.03,88.13,1996,2025,2,FEB,T2M_MAX,temp_max_c,33.293,1.8953,29.61,36.5,30,36.5,32.1991
Bihar,42503,Malda,25.03,88.13,1996,2025,2,FEB,T2M_MIN,temp_min_c,8.8113,1.5184,6.25,11.62,30,6.25,26.2691
Bihar,42503,Malda,25.03,88.13,1996,2025,2,FEB,WS10M,wind_speed_ms,2.73,0.5048,1.88,4.63,30,2.73,2.71
Bihar,42503,Malda,25.03,88.13,1996,2025,3,MAR,ALLSKY_SFC_SW_DWN,solar_kwh_m2_day,19.5793,1.1915,17.05,22.65,30,19.58,15.4856
Bihar,42503,Malda,25.03,88.13,1996,2025,3,MAR,PRECTOTCORR,rainfall_mm,0.6373,0.5587,0.03,1.96,30,0.64,7.6345
Bihar,42503,Malda,25.03,88.13,1996,2025,3,MAR,RH2M,humidity_pct,36.6043,7.6701,21.66,55.16,30,36.6,87.6591
Bihar,42503,Malda,25.03,88.13,1996,2025,3,MAR,T2M,temp_mean_c,26.5793,1.1361,24.48,29.09,30,26.58,28.8027
Bihar,42503,Malda,25.03,88.13,1996,2025,3,MAR,T2M_MAX,temp_max_c,39.2553,1.4444,36.47,41.89,30,41.89,32.1991
Bihar,42503,Malda,25.03,88.13,1996,2025,3,MAR,T2M_MIN,temp_min_c,13.8907,1.7265,10.57,18.53,30,10.57,26.2691
Bihar,42503,Malda,25.03,88.13,1996,2025,3,MAR,WS10M,wind_speed_ms,2.9563,0.3978,2.29,3.87,30,2.96,2.71
Bihar,42503,Malda,25.03,88.13,1996,2025,4,APR,ALLSKY_SFC_SW_DWN,solar_kwh_m2_day,20.6213,1.8193,17.86,26.23,30,20.62,15.4856
Bihar,42503,Malda,25.03,88.13,1996,2025,4,APR,PRECTOTCORR,rainfall_mm,1.9633,1.2375,0.03,4.88,30,1.96,7.6345
Bihar,42503,Malda,25.03,88.13,1996,2025,4,APR,RH2M,humidity_pct,41.2903,8.8013,24.71,57.91,30,41.29,87.6591
Bihar,42503,Malda,25.03,88.13,1996,2025,4,APR,T2M,temp_mean_c,31.064,1.1907,28.85,33.76,30,31.06,28.8027
Bihar,42503,Malda,25.03,88.13,1996,2025,4,APR,T2M_MAX,temp_max_c,42.5407,1.8795,39.32,46.06,30,46.06,32.1991
Bihar,42503,Malda,25.03,88.13,1996,2025,4,APR,T2M_MIN,temp_min_c,19.611,1.3025,16.38,22.62,30,16.38,26.2691
Bihar,42503,Malda,25.03,88.13,1996,2025,4,APR,WS10M,wind_speed_ms,2.8987,0.3571,2.31,4.01,30,2.9,2.71
Bihar,42503,Malda,25.03,88.13,1996,2025,5,MAY,ALLSKY_SFC_SW_DWN,solar_kwh_m2_day,19.7057,1.6241,16.22,23.12,30,19.71,15.4856
Bihar,42503,Malda,25.03,88.13,1996,2025,5,MAY,PRECTOTCORR,rainfall_mm,4.7133,2.0135,1.07,11.26,30,4.71,7.6345
Bihar,42503,Malda,25.03,88.13,1996,2025,5,MAY,RH2M,humidity_pct,55.815,8.1065,37.84,72.9,30,55.82,87.6591
Bihar,42503,Malda,25.03,88.13,1996,2025,5,MAY,T2M,temp_mean_c,32.1357,1.1838,29.41,35.19,30,32.14,28.8027
Bihar,42503,Malda,25.03,88.13,1996,2025,5,MAY,T2M_MAX,temp_max_c,42.6187,1.7794,39.08,45.82,30,45.82,32.1991
Bihar,42503,Malda,25.03,88.13,1996,2025,5,MAY,T2M_MIN,temp_min_c,23.5307,1.1253,20.57,25.29,30,20.57,26.2691
Bihar,42503,Malda,25.03,88.13,1996,2025,5,MAY,WS10M,wind_speed_ms,3.1477,0.2657,2.54,3.66,30,3.15,2.71
Bihar,42503,Malda,25.03,88.13,1996,2025,6,JUN,ALLSKY_SFC_SW_DWN,solar_kwh_m2_day,17.3103,1.3568,14.75,20.2,30,17.31,15.4856
Bihar,42503,Malda,25.03,88.13,1996,2025,6,JUN,PRECTOTCORR,rainfall_mm,6.4667,2.1715,2.89,12.62,30,6.47,7.6345
Bihar,42503,Malda,25.03,88.13,1996,2025,6,JUN,RH2M,humidity_pct,71.2207,8.3563,54.5,83.23,30,71.22,87.6591
Bihar,42503,Malda,25.03,88.13,1996,2025,6,JUN,T2M,temp_mean_c,31.252,1.365,29.27,33.94,30,31.25,28.8027
Bihar,42503,Malda,25.03,88.13,1996,2025,6,JUN,T2M_MAX,temp_max_c,40.6807,2.8271,36.05,45.58,30,45.58,32.1991
Bihar,42503,Malda,25.03,88.13,1996,2025,6,JUN,T2M_MIN,temp_min_c,25.9537,0.648,24.67,27.08,30,24.67,26.2691
Bihar,42503,Malda,25.03,88.13,1996,2025,6,JUN,WS10M,wind_speed_ms,3.6443,0.429,2.68,4.33,30,3.64,2.71
Bihar,42503,Malda,25.03,88.13,1996,2025,7,JUL,ALLSKY_SFC_SW_DWN,solar_kwh_m2_day,16.0063,1.5293,12.37,18.8,30,16.01,15.4856
Bihar,42503,Malda,25.03,88.13,1996,2025,7,JUL,PRECTOTCORR,rainfall_mm,8.826,2.9437,3.94,13.91,30,8.83,7.6345
Bihar,42503,Malda,25.03,88.13,1996,2025,7,JUL,RH2M,humidity_pct,84.1193,3.1305,73.46,88.76,30,84.12,87.6591
Bihar,42503,Malda,25.03,88.13,1996,2025,7,JUL,T2M,temp_mean_c,29.3377,0.4876,28.39,30.54,30,29.34,28.8027
Bihar,42503,Malda,25.03,88.13,1996,2025,7,JUL,T2M_MAX,temp_max_c,35.0773,1.2297,33.17,38.53,30,38.53,32.1991
Bihar,42503,Malda,25.03,88.13,1996,2025,7,JUL,T2M_MIN,temp_min_c,25.4697,0.4327,24.52,26.38,30,24.52,26.2691
Bihar,42503,Malda,25.03,88.13,1996,2025,7,JUL,WS10M,wind_speed_ms,3.5957,0.2566,3.13,4.16,30,3.6,2.71
Bihar,42503,Malda,25.03,88.13,1996,2025,8,AUG,ALLSKY_SFC_SW_DWN,solar_kwh_m2_day,16.261,1.4904,13.76,19.22,30,16.26,15.4856
Bihar,42503,Malda,25.03,88.13,1996,2025,8,AUG,PRECTOTCORR,rainfall_mm,7.7337,2.8969,3.34,13.29,30,7.73,7.6345
Bihar,42503,Malda,25.03,88.13,1996,2025,8,AUG,RH2M,humidity_pct,86.227,2.1008,79.03,89.76,30,86.23,87.6591
Bihar,42503,Malda,25.03,88.13,1996,2025,8,AUG,T2M,temp_mean_c,28.8163,0.3165,28.26,29.32,30,28.82,28.8027
Bihar,42503,Malda,25.03,88.13,1996,2025,8,AUG,T2M_MAX,temp_max_c,34.1653,0.7811,32.63,35.98,30,35.98,32.1991
Bihar,42503,Malda,25.03,88.13,1996,2025,8,AUG,T2M_MIN,temp_min_c,24.977,0.4081,23.89,25.75,30,23.89,26.2691
Bihar,42503,Malda,25.03,88.13,1996,2025,8,AUG,WS10M,wind_speed_ms,3.1777,0.3273,2.38,3.78,30,3.18,2.71
Bihar,42503,Malda,25.03,88.13,1996,2025,9,SEP,ALLSKY_SFC_SW_DWN,solar_kwh_m2_day,15.6773,1.3378,11.64,17.78,30,15.68,15.4856
Bihar,42503,Malda,25.03,88.13,1996,2025,9,SEP,PRECTOTCORR,rainfall_mm,7.4523,2.7764,1.93,13.71,30,7.45,7.6345
Bihar,42503,Malda,25.03,88.13,1996,2025,9,SEP,RH2M,humidity_pct,86.6103,3.1739,71.83,90.18,30,86.61,87.6591
Bihar,42503,Malda,25.03,88.13,1996,2025,9,SEP,T2M,temp_mean_c,28.0083,0.537,27.09,29.81,30,28.01,28.8027
Bihar,42503,Malda,25.03,88.13,1996,2025,9,SEP,T2M_MAX,temp_max_c,33.3407,0.9755,31.93,37.6,30,37.6,32.1991
Bihar,42503,Malda,25.03,88.13,1996,2025,9,SEP,T2M_MIN,temp_min_c,23.5533,1.0191,20.7,25.1,30,20.7,26.2691
Bihar,42503,Malda,25.03,88.13,1996,2025,9,SEP,WS10M,wind_speed_ms,2.7303,0.3679,2.12,3.58,30,2.73,2.71
Bihar,42503,Malda,25.03,88.13,1996,2025,10,OCT,ALLSKY_SFC_SW_DWN,solar_kwh_m2_day,15.969,1.4585,12.96,18.07,30,15.97,15.4856
Bihar,42503,Malda,25.03,88.13,1996,2025,10,OCT,PRECTOTCORR,rainfall_mm,3.781,2.5053,0.3,11.2,30,3.78,7.6345
Bihar,42503,Malda,25.03,88.13,1996,2025,10,OCT,RH2M,humidity_pct,81.1707,5.1604,60.28,86.64,30,81.17,87.6591
Bihar,42503,Malda,25.03,88.13,1996,2025,10,OCT,T2M,temp_mean_c,25.7793,0.7954,23.35,27.35,30,25.78,28.8027
Bihar,42503,Malda,25.03,88.13,1996,2025,10,OCT,T2M_MAX,temp_max_c,32.238,1.1099,30.78,36.71,30,36.71,32.1991
Bihar,42503,Malda,25.03,88.13,1996,2025,10,OCT,T2M_MIN,temp_min_c,17.4577,1.4656,14.19,21.25,30,14.19,26.2691
Bihar,42503,Malda,25.03,88.13,1996,2025,10,OCT,WS10M,wind_speed_ms,2.1527,0.3587,1.65,3.19,30,2.15,2.71
Bihar,42503,Malda,25.03,88.13,1996,2025,11,NOV,ALLSKY_SFC_SW_DWN,solar_kwh_m2_day,14.9963,1.0843,13.06,18.41,30,15,15.4856
Bihar,42503,Malda,25.03,88.13,1996,2025,11,NOV,PRECTOTCORR,rainfall_mm,0.2047,0.3311,0,1.28,30,0.2,7.6345
Bihar,42503,Malda,25.03,88.13,1996,2025,11,NOV,RH2M,humidity_pct,74.5057,7.9503,45.94,84.45,30,74.51,87.6591
Bihar,42503,Malda,25.03,88.13,1996,2025,11,NOV,T2M,temp_mean_c,21.4327,1.031,18.8,23.84,30,21.43,28.8027
Bihar,42503,Malda,25.03,88.13,1996,2025,11,NOV,T2M_MAX,temp_max_c,29.6077,1.6762,27.15,35.83,30,35.83,32.1991
Bihar,42503,Malda,25.03,88.13,1996,2025,11,NOV,T2M_MIN,temp_min_c,12.224,1.6431,9.06,16.65,30,9.06,26.2691
Bihar,42503,Malda,25.03,88.13,1996,2025,11,NOV,WS10M,wind_speed_ms,2.0707,0.3975,1.52,3.44,30,2.07,2.71
Bihar,42503,Malda,25.03,88.13,1996,2025,12,DEC,ALLSKY_SFC_SW_DWN,solar_kwh_m2_day,12.2043,1.4519,10.03,15.83,30,12.2,15.4856
Bihar,42503,Malda,25.03,88.13,1996,2025,12,DEC,PRECTOTCORR,rainfall_mm,0.124,0.2168,0,0.8,30,0.12,7.6345
Bihar,42503,Malda,25.03,88.13,1996,2025,12,DEC,RH2M,humidity_pct,68.3197,10.2872,35.48,80.94,30,68.32,87.6591
Bihar,42503,Malda,25.03,88.13,1996,2025,12,DEC,T2M,temp_mean_c,17.3257,0.9943,15.27,19.56,30,17.33,28.8027
Bihar,42503,Malda,25.03,88.13,1996,2025,12,DEC,T2M_MAX,temp_max_c,26.588,1.5822,24.18,30.5,30,30.5,32.1991
Bihar,42503,Malda,25.03,88.13,1996,2025,12,DEC,T2M_MIN,temp_min_c,7.4753,1.3693,4.54,10.39,30,4.54,26.2691
Bihar,42503,Malda,25.03,88.13,1996,2025,12,DEC,WS10M,wind_speed_ms,2.2373,0.4095,1.64,3.63,30,2.24,2.71
Bihar,42383,Motihari,26.67,84.92,1996,2025,0,ANNUAL,ALLSKY_SFC_SW_DWN,solar_kwh_m2_day,16.8703,0.8399,15.15,18.94,30,,13.4144
Bihar,42383,Motihari,26.67,84.92,1996,2025,0,ANNUAL,PRECTOTCORR,rainfall_mm,3.053,0.753,1.99,5.07,30,,16.1836
Bihar,42383,Motihari,26.67,84.92,1996,2025,0,ANNUAL,RH2M,humidity_pct,56.7337,5.092,47.42,67.29,30,,87.3073
Bihar,42383,Motihari,26.67,84.92,1996,2025,0,ANNUAL,T2M,temp_mean_c,25.8573,0.575,24.72,26.82,30,,28.8882
Bihar,42383,Motihari,26.67,84.92,1996,2025,0,ANNUAL,T2M_MAX,temp_max_c,45.0973,1.5071,42.48,48.06,30,,32.2164
Bihar,42383,Motihari,26.67,84.92,1996,2025,0,ANNUAL,T2M_MIN,temp_min_c,4.8123,1.288,0.45,7.41,30,,26.3164
Bihar,42383,Motihari,26.67,84.92,1996,2025,0,ANNUAL,WS10M,wind_speed_ms,2.9223,0.1442,2.54,3.14,30,,3.5127
Bihar,42383,Motihari,26.67,84.92,1996,2025,1,JAN,ALLSKY_SFC_SW_DWN,solar_kwh_m2_day,10.3333,1.9485,6.6,14.23,30,10.33,13.4144
Bihar,42383,Motihari,26.67,84.92,1996,2025,1,JAN,PRECTOTCORR,rainfall_mm,0.281,0.3457,0,1.13,30,0.28,16.1836
Bihar,42383,Motihari,26.67,84.92,1996,2025,1,JAN,RH2M,humidity_pct,51.0753,9.7826,30.61,77.96,30,51.08,87.3073
Bihar,42383,Motihari,26.67,84.92,1996,2025,1,JAN,T2M,temp_mean_c,15.5597,1.0464,12.51,17.22,30,15.56,28.8882
Bihar,42383,Motihari,26.67,84.92,1996,2025,1,JAN,T2M_MAX,temp_max_c,27.3393,1.6005,25.03,30.37,30,30.37,32.2164
Bihar,42383,Motihari,26.67,84.92,1996,2025,1,JAN,T2M_MIN,temp_min_c,5.182,1.4875,0.45,8.15,30,0.45,26.3164
Bihar,42383,Motihari,26.67,84.92,1996,2025,1,JAN,WS10M,wind_speed_ms,2.568,0.2336,2.15,3.07,30,2.57,3.5127
Bihar,42383,Motihari,26.67,84.92,1996,2025,2,FEB,ALLSKY_SFC_SW_DWN,solar_kwh_m2_day,15.8673,1.1973,13.22,17.99,30,15.87,13.4144
Bihar,42383,Motihari,26.67,84.92,1996,2025,2,FEB,PRECTOTCORR,rainfall_mm,0.4713,0.6157,0,2.42,30,0.47,16.1836
Bihar,42383,Motihari,26.67,84.92,1996,2025,2,FEB,RH2M,humidity_pct,42.156,9.4259,24.52,64.23,30,42.16,87.3073
Bihar,42383,Motihari,26.67,84.92,1996,2025,2,FEB,T2M,temp_mean_c,19.5573,1.2918,17.09,22,30,19.56,28.8882
Bihar,42383,Motihari,26.67,84.92,1996,2025,2,FEB,T2M_MAX,temp_max_c,32.9157,2.0745,28.56,37.16,30,37.16,32.2164
Bihar,42383,Motihari,26.67,84.92,1996,2025,2,FEB,T2M_MIN,temp_min_c,7.633,1.4779,4.96,11.52,30,4.96,26.3164
Bihar,42383,Motihari,26.67,84.92,1996,2025,2,FEB,WS10M,wind_speed_ms,2.916,0.3296,2.27,3.51,30,2.92,3.5127
Bihar,42383,Motihari,26.67,84.92,1996,2025,3,MAR,ALLSKY_SFC_SW_DWN,solar_kwh_m2_day,20.4473,0.9425,18.02,22.46,30,20.45,13.4144
Bihar,42383,Motihari,26.67,84.92,1996,2025,3,MAR,PRECTOTCORR,rainfall_mm,0.4047,0.4364,0,1.43,30,0.4,16.1836
Bihar,42383,Motihari,26.67,84.92,1996,2025,3,MAR,RH2M,humidity_pct,30.9173,9.1778,13.11,50.82,30,30.92,87.3073
Bihar,42383,Motihari,26.67,84.92,1996,2025,3,MAR,T2M,temp_mean_c,25.6913,1.1797,23.21,28.08,30,25.69,28.8882
Bihar,42383,Motihari,26.67,84.92,1996,2025,3,MAR,T2M_MAX,temp_max_c,39.4603,1.464,36.72,42.43,30,42.43,32.2164
Bihar,42383,Motihari,26.67,84.92,1996,2025,3,MAR,T2M_MIN,temp_min_c,12.2393,1.9121,8.99,15.66,30,8.99,26.3164
Bihar,42383,Motihari,26.67,84.92,1996,2025,3,MAR,WS10M,wind_speed_ms,3.2227,0.3395,2.53,3.98,30,3.22,3.5127
Bihar,42383,Motihari,26.67,84.92,1996,2025,4,APR,ALLSKY_SFC_SW_DWN,solar_kwh_m2_day,23.098,1.2846,20.18,26.16,30,23.1,13.4144
Bihar,42383,Motihari,26.67,84.92,1996,2025,4,APR,PRECTOTCORR,rainfall_mm,0.7063,0.594,0,2.34,30,0.71,16.1836
Bihar,42383,Motihari,26.67,84.92,1996,2025,4,APR,RH2M,humidity_pct,26.6957,7.3133,12.13,40.97,30,26.7,87.3073
Bihar,42383,Motihari,26.67,84.92,1996,2025,4,APR,T2M,temp_mean_c,31.3343,1.0872,29.25,34.31,30,31.33,28.8882
Bihar,42383,Motihari,26.67,84.92,1996,2025,4,APR,T2M_MAX,temp_max_c,43.396,1.5862,40.13,46.37,30,46.37,32.2164
Bihar,42383,Motihari,26.67,84.92,1996,2025,4,APR,T2M_MIN,temp_min_c,18.6983,1.5768,14.99,21.54,30,14.99,26.3164
Bihar,42383,Motihari,26.67,84.92,1996,2025,4,APR,WS10M,wind_speed_ms,3.4183,0.441,2.75,4.77,30,3.42,3.5127
Bihar,42383,Motihari,26.67,84.92,1996,2025,5,MAY,ALLSKY_SFC_SW_DWN,solar_kwh_m2_day,22.6243,1.7928,16.95,25.19,30,22.62,13.4144
Bihar,42383,Motihari,26.67,84.92,1996,2025,5,MAY,PRECTOTCORR,rainfall_mm,2.332,1.7372,0.11,9.34,30,2.33,16.1836
Bihar,42383,Motihari,26.67,84.92,1996,2025,5,MAY,RH2M,humidity_pct,37.142,8.0868,19.21,50.57,30,37.14,87.3073
Bihar,42383,Motihari,26.67,84.92,1996,2025,5,MAY,T2M,temp_mean_c,33.6777,1.1472,30.79,36.1,30,33.68,28.8882
Bihar,42383,Motihari,26.67,84.92,1996,2025,5,MAY,T2M_MAX,temp_max_c,44.49,1.4711,41.95,48.06,30,48.06,32.2164
Bihar,42383,Motihari,26.67,84.92,1996,2025,5,MAY,T2M_MIN,temp_min_c,23.176,1.5337,19.17,25.74,30,19.17,26.3164
Bihar,42383,Motihari,26.67,84.92,1996,2025,5,MAY,WS10M,wind_speed_ms,3.3447,0.3544,2.7,4.02,30,3.34,3.5127
Bihar,42383,Motihari,26.67,84.92,1996,2025,6,JUN,ALLSKY_SFC_SW_DWN,solar_kwh_m2_day,19.9573,1.8743,15.65,22.73,30,19.96,13.4144
Bihar,42383,Motihari,26.67,84.92,1996,2025,6,JUN,PRECTOTCORR,rainfall_mm,5.7377,3.4162,1.86,16.41,30,5.74,16.1836
Bihar,42383,Motihari,26.67,84.92,1996,2025,6,JUN,RH2M,humidity_pct,52.3063,10.7798,37.84,79.29,30,52.31,87.3073
Bihar,42383,Motihari,26.67,84.92,1996,2025,6,JUN,T2M,temp_mean_c,33.7657,1.8658,29.67,36.45,30,33.77,28.8882
Bihar,42383,Motihari,26.67,84.92,1996,2025,6,JUN,T2M_MAX,temp_max_c,43.7687,2.4635,38.26,47.63,30,47.63,32.2164
Bihar,42383,Motihari,26.67,84.92,1996,2025,6,JUN,T2M_MIN,temp_min_c,26.1407,1.1483,23.17,28.18,30,23.17,26.3164
Bihar,42383,Motihari,26.67,84.92,1996,2025,6,JUN,WS10M,wind_speed_ms,3.62,0.4977,2.31,4.65,30,3.62,3.5127
Bihar,42383,Motihari,26.67,84.92,1996,2025,7,JUL,ALLSKY_SFC_SW_DWN,solar_kwh_m2_day,16.918,1.6496,12.27,19.6,30,16.92,13.4144
Bihar,42383,Motihari,26.67,84.92,1996,2025,7,JUL,PRECTOTCORR,rainfall_mm,9.682,3.6525,5.31,19.56,30,9.68,16.1836
Bihar,42383,Motihari,26.67,84.92,1996,2025,7,JUL,RH2M,humidity_pct,77.292,5.8718,65.05,88.58,30,77.29,87.3073
Bihar,42383,Motihari,26.67,84.92,1996,2025,7,JUL,T2M,temp_mean_c,30.3133,0.9226,28.64,32.42,30,30.31,28.8882
Bihar,42383,Motihari,26.67,84.92,1996,2025,7,JUL,T2M_MAX,temp_max_c,37.8183,2.1951,33.67,41.58,30,41.58,32.2164
Bihar,42383,Motihari,26.67,84.92,1996,2025,7,JUL,T2M_MIN,temp_min_c,25.4557,0.6083,24.1,26.73,30,24.1,26.3164
Bihar,42383,Motihari,26.67,84.92,1996,2025,7,JUL,WS10M,wind_speed_ms,3.6947,0.52,2.77,4.75,30,3.69,3.5127
Bihar,42383,Motihari,26.67,84.92,1996,2025,8,AUG,ALLSKY_SFC_SW_DWN,solar_kwh_m2_day,17.035,1.5959,13.26,19.61,30,17.04,13.4144
Bihar,42383,Motihari,26.67,84.92,1996,2025,8,AUG,PRECTOTCORR,rainfall_mm,8.6417,3.1325,2.58,16.06,30,8.64,16.1836
Bihar,42383,Motihari,26.67,84.92,1996,2025,8,AUG,RH2M,humidity_pct,83.1387,3.5779,75.74,89.17,30,83.14,87.3073
Bihar,42383,Motihari,26.67,84.92,1996,2025,8,AUG,T2M,temp_mean_c,29.1817,0.534,28.35,30.45,30,29.18,28.8882
Bihar,42383,Motihari,26.67,84.92,1996,2025,8,AUG,T2M_MAX,temp_max_c,35.3337,1.2033,33.32,37.74,30,37.74,32.2164
Bihar,42383,Motihari,26.67,84.92,1996,2025,8,AUG,T2M_MIN,temp_min_c,24.7497,0.5246,23.7,25.57,30,23.7,26.3164
Bihar,42383,Motihari,26.67,84.92,1996,2025,8,AUG,WS10M,wind_speed_ms,3.133,0.4243,2.31,4.13,30,3.13,3.5127
Bihar,42383,Motihari,26.67,84.92,1996,2025,9,SEP,ALLSKY_SFC_SW_DWN,solar_kwh_m2_day,16.447,1.5136,13.3,19.52,30,16.45,13.4144
Bihar,42383,Motihari,26.67,84.92,1996,2025,9,SEP,PRECTOTCORR,rainfall_mm,6.0847,2.4832,2.67,11.07,30,6.08,16.1836
Bihar,42383,Motihari,26.67,84.92,1996,2025,9,SEP,RH2M,humidity_pct,84.1077,3.4126,72.18,89.35,30,84.11,87.3073
Bihar,42383,Motihari,26.67,84.92,1996,2025,9,SEP,T2M,temp_mean_c,27.956,0.5394,26.97,29.07,30,27.96,28.8882
Bihar,42383,Motihari,26.67,84.92,1996,2025,9,SEP,T2M_MAX,temp_max_c,33.9563,1.2476,32.47,37.27,30,37.27,32.2164
Bihar,42383,Motihari,26.67,84.92,1996,2025,9,SEP,T2M_MIN,temp_min_c,22.6227,1.222,19.08,24.39,30,19.08,26.3164
Bihar,42383,Motihari,26.67,84.92,1996,2025,9,SEP,WS10M,wind_speed_ms,2.865,0.4776,2.17,3.78,30,2.87,3.5127
Bihar,42383,Motihari,26.67,84.92,1996,2025,10,OCT,ALLSKY_SFC_SW_DWN,solar_kwh_m2_day,16.0403,1.1834,12.96,17.99,30,16.04,13.4144
Bihar,42383,Motihari,26.67,84.92,1996,2025,10,OCT,PRECTOTCORR,rainfall_mm,1.8883,1.868,0.05,8.13,30,1.89,16.1836
Bihar,42383,Motihari,26.67,84.92,1996,2025,10,OCT,RH2M,humidity_pct,74.335,7.7148,56.63,88.11,30,74.33,87.3073
Bihar,42383,Motihari,26.67,84.92,1996,2025,10,OCT,T2M,temp_mean_c,25.463,0.8436,23.22,27.24,30,25.46,28.8882
Bihar,42383,Motihari,26.67,84.92,1996,2025,10,OCT,T2M_MAX,temp_max_c,33.106,1.4647,30.74,36.22,30,36.22,32.2164
Bihar,42383,Motihari,26.67,84.92,1996,2025,10,OCT,T2M_MIN,temp_min_c,16.5613,1.4133,12.88,19.73,30,12.88,26.3164
Bihar,42383,Motihari,26.67,84.92,1996,2025,10,OCT,WS10M,wind_speed_ms,2.0663,0.3611,1.41,2.87,30,2.07,3.5127
Bihar,42383,Motihari,26.67,84.92,1996,2025,11,NOV,ALLSKY_SFC_SW_DWN,solar_kwh_m2_day,13.46,1.1578,10.95,16.28,30,13.46,13.4144
Bihar,42383,Motihari,26.67,84.92,1996,2025,11,NOV,PRECTOTCORR,rainfall_mm,0.075,0.1403,0,0.49,30,0.08,16.1836
Bihar,42383,Motihari,26.67,84.92,1996,2025,11,NOV,RH2M,humidity_pct,63.026,10.4071,43.02,84.23,30,63.03,87.3073
Bihar,42383,Motihari,26.67,84.92,1996,2025,11,NOV,T2M,temp_mean_c,21.0073,1.3225,17.61,23.37,30,21.01,28.8882
Bihar,42383,Motihari,26.67,84.92,1996,2025,11,NOV,T2M_MAX,temp_max_c,30.9463,1.8617,27.41,34.71,30,34.71,32.2164
Bihar,42383,Motihari,26.67,84.92,1996,2025,11,NOV,T2M_MIN,temp_min_c,11.5453,1.6528,7.63,15.78,30,7.63,26.3164
Bihar,42383,Motihari,26.67,84.92,1996,2025,11,NOV,WS10M,wind_speed_ms,2.0313,0.2524,1.65,2.69,30,2.03,3.5127
Bihar,42383,Motihari,26.67,84.92,1996,2025,12,DEC,ALLSKY_SFC_SW_DWN,solar_kwh_m2_day,10.304,1.6463,7.61,13.81,30,10.3,13.4144
Bihar,42383,Motihari,26.67,84.92,1996,2025,12,DEC,PRECTOTCORR,rainfall_mm,0.133,0.2577,0,1.02,30,0.13,16.1836
Bihar,42383,Motihari,26.67,84.92,1996,2025,12,DEC,RH2M,humidity_pct,57.3097,10.368,39.01,79.64,30,57.31,87.3073
Bihar,42383,Motihari,26.67,84.92,1996,2025,12,DEC,T2M,temp_mean_c,16.578,1.1748,13.65,18.52,30,16.58,28.8882
Bihar,42383,Motihari,26.67,84.92,1996,2025,12,DEC,T2M_MAX,temp_max_c,27.6443,1.5139,24.62,31.05,30,31.05,32.2164
Bihar,42383,Motihari,26.67,84.92,1996,2025,12,DEC,T2M_MIN,temp_min_c,6.5273,1.6123,2.66,9.4,30,2.66,26.3164
Bihar,42383,Motihari,26.67,84.92,1996,2025,12,DEC,WS10M,wind_speed_ms,2.19,0.2446,1.88,2.89,30,2.19,3.5127
Bihar,42387,Muzaffarpur,26.12,85.4,1996,2025,0,ANNUAL,ALLSKY_SFC_SW_DWN,solar_kwh_m2_day,17.0063,0.7614,15.35,18.79,30,,16.3033
Bihar,42387,Muzaffarpur,26.12,85.4,1996,2025,0,ANNUAL,PRECTOTCORR,rainfall_mm,2.92,0.6484,1.82,4.69,30,,17.1936
Bihar,42387,Muzaffarpur,26.12,85.4,1996,2025,0,ANNUAL,RH2M,humidity_pct,56.979,4.3227,50.11,67.01,30,,87.0464
Bihar,42387,Muzaffarpur,26.12,85.4,1996,2025,0,ANNUAL,T2M,temp_mean_c,26.0477,0.5456,24.92,26.87,30,,29.0336
Bihar,42387,Muzaffarpur,26.12,85.4,1996,2025,0,ANNUAL,T2M_MAX,temp_max_c,45.4667,1.3683,42.96,48.08,30,,32.2436
Bihar,42387,Muzaffarpur,26.12,85.4,1996,2025,0,ANNUAL,T2M_MIN,temp_min_c,4.8843,1.254,0.65,6.78,30,,26.4418
Bihar,42387,Muzaffarpur,26.12,85.4,1996,2025,0,ANNUAL,WS10M,wind_speed_ms,3.024,0.1415,2.59,3.23,30,,3.4382
Bihar,42387,Muzaffarpur,26.12,85.4,1996,2025,1,JAN,ALLSKY_SFC_SW_DWN,solar_kwh_m2_day,10.4957,1.6887,7.04,13.65,30,10.5,16.3033
Bihar,42387,Muzaffarpur,26.12,85.4,1996,2025,1,JAN,PRECTOTCORR,rainfall_mm,0.2547,0.3286,0,1.29,30,0.25,17.1936
Bihar,42387,Muzaffarpur,26.12,85.4,1996,2025,1,JAN,RH2M,humidity_pct,50.956,8.8877,33.24,74.06,30,50.96,87.0464
Bihar,42387,Muzaffarpur,26.12,85.4,1996,2025,1,JAN,T2M,temp_mean_c,15.736,1.0147,12.85,17.35,30,15.74,29.0336
Bihar,42387,Muzaffarpur,26.12,85.4,1996,2025,1,JAN,T2M_MAX,temp_max_c,27.8287,1.4541,25.79,30.53,30,30.53,32.2436
Bihar,42387,Muzaffarpur,26.12,85.4,1996,2025,1,JAN,T2M_MIN,temp_min_c,5.2107,1.3259,0.65,7.47,30,0.65,26.4418
Bihar,42387,Muzaffarpur,26.12,85.4,1996,2025,1,JAN,WS10M,wind_speed_ms,2.7003,0.2834,2.2,3.44,30,2.7,3.4382
Bihar,42387,Muzaffarpur,26.12,85.4,1996,2025,2,FEB,ALLSKY_SFC_SW_DWN,solar_kwh_m2_day,15.651,1.172,13.14,17.92,30,15.65,16.3033
Bihar,42387,Muzaffarpur,26.12,85.4,1996,2025,2,FEB,PRECTOTCORR,rainfall_mm,0.4423,0.5642,0,1.95,30,0.44,17.1936
Bihar,42387,Muzaffarpur,26.12,85.4,1996,2025,2,FEB,RH2M,humidity_pct,41.795,8.8554,25.22,62.1,30,41.79,87.0464
Bihar,42387,Muzaffarpur,26.12,85.4,1996,2025,2,FEB,T2M,temp_mean_c,19.8407,1.3601,17.38,22.76,30,19.84,29.0336
Bihar,42387,Muzaffarpur,26.12,85.4,1996,2025,2,FEB,T2M_MAX,temp_max_c,33.4577,2.0444,29.02,38.29,30,38.29,32.2436
Bihar,42387,Muzaffarpur,26.12,85.4,1996,2025,2,FEB,T2M_MIN,temp_min_c,7.466,1.458,4.76,11.08,30,4.76,26.4418
Bihar,42387,Muzaffarpur,26.12,85.4,1996,2025,2,FEB,WS10M,wind_speed_ms,3.016,0.3705,2.35,3.92,30,3.02,3.4382
Bihar,42387,Muzaffarpur,26.12,85.4,1996,2025,3,MAR,ALLSKY_SFC_SW_DWN,solar_kwh_m2_day,20.1203,0.9746,17.95,22.42,30,20.12,16.3033
Bihar,42387,Muzaffarpur,26.12,85.4,1996,2025,3,MAR,PRECTOTCORR,rainfall_mm,0.365,0.4508,0,1.83,30,0.37,17.1936
Bihar,42387,Muzaffarpur,26.12,85.4,1996,2025,3,MAR,RH2M,humidity_pct,30.276,8.7732,13.48,49.72,30,30.28,87.0464
Bihar,42387,Muzaffarpur,26.12,85.4,1996,2025,3,MAR,T2M,temp_mean_c,26.0527,1.2068,23.24,28.6,30,26.05,29.0336
Bihar,42387,Muzaffarpur,26.12,85.4,1996,2025,3,MAR,T2M_MAX,temp_max_c,39.8943,1.5371,36.75,42.82,30,42.82,32.2436
Bihar,42387,Muzaffarpur,26.12,85.4,1996,2025,3,MAR,T2M_MIN,temp_min_c,12.4693,1.9684,8.81,16.38,30,8.81,26.4418
Bihar,42387,Muzaffarpur,26.12,85.4,1996,2025,3,MAR,WS10M,wind_speed_ms,3.2797,0.3734,2.51,4.09,30,3.28,3.4382
Bihar,42387,Muzaffarpur,26.12,85.4,1996,2025,4,APR,ALLSKY_SFC_SW_DWN,solar_kwh_m2_day,22.634,1.2677,19.95,24.91,30,22.63,16.3033
Bihar,42387,Muzaffarpur,26.12,85.4,1996,2025,4,APR,PRECTOTCORR,rainfall_mm,0.6003,0.4803,0,1.63,30,0.6,17.1936
Bihar,42387,Muzaffarpur,26.12,85.4,1996,2025,4,APR,RH2M,humidity_pct,27.3337,7.1887,13.19,40.73,30,27.33,87.0464
Bihar,42387,Muzaffarpur,26.12,85.4,1996,2025,4,APR,T2M,temp_mean_c,31.6543,1.084,29.48,34.64,30,31.65,29.0336
Bihar,42387,Muzaffarpur,26.12,85.4,1996,2025,4,APR,T2M_MAX,temp_max_c,43.7173,1.5039,40.44,46.62,30,46.62,32.2436
Bihar,42387,Muzaffarpur,26.12,85.4,1996,2025,4,APR,T2M_MIN,temp_min_c,18.9833,1.4862,15.04,21.61,30,15.04,26.4418
Bihar,42387,Muzaffarpur,26.12,85.4,1996,2025,4,APR,WS10M,wind_speed_ms,3.43,0.4515,2.74,4.87,30,3.43,3.4382
Bihar,42387,Muzaffarpur,26.12,85.4,1996,2025,5,MAY,ALLSKY_SFC_SW_DWN,solar_kwh_m2_day,22.3113,1.7482,16.28,24.69,30,22.31,16.3033
Bihar,42387,Muzaffarpur,26.12,85.4,1996,2025,5,MAY,PRECTOTCORR,rainfall_mm,2.136,1.6839,0.07,8.8,30,2.14,17.1936
Bihar,42387,Muzaffarpur,26.12,85.4,1996,2025,5,MAY,RH2M,humidity_pct,38.0203,7.8585,20.64,50,30,38.02,87.0464
Bihar,42387,Muzaffarpur,26.12,85.4,1996,2025,5,MAY,T2M,temp_mean_c,33.9923,1.1316,31.36,36.32,30,33.99,29.0336
Bihar,42387,Muzaffarpur,26.12,85.4,1996,2025,5,MAY,T2M_MAX,temp_max_c,44.909,1.4201,42.28,48.08,30,48.08,32.2436
Bihar,42387,Muzaffarpur,26.12,85.4,1996,2025,5,MAY,T2M_MIN,temp_min_c,23.5267,1.437,19.5,25.75,30,19.5,26.4418
Bihar,42387,Muzaffarpur,26.12,85.4,1996,2025,5,MAY,WS10M,wind_speed_ms,3.4587,0.3685,2.88,4.22,30,3.46,3.4382
Bihar,42387,Muzaffarpur,26.12,85.4,1996,2025,6,JUN,ALLSKY_SFC_SW_DWN,solar_kwh_m2_day,19.893,1.6823,15.53,22.92,30,19.89,16.3033
Bihar,42387,Muzaffarpur,26.12,85.4,1996,2025,6,JUN,PRECTOTCORR,rainfall_mm,5.4283,3.5746,1.71,16.21,30,5.43,17.1936
Bihar,42387,Muzaffarpur,26.12,85.4,1996,2025,6,JUN,RH2M,humidity_pct,52.9377,10.3373,38.65,78.38,30,52.94,87.0464
Bihar,42387,Muzaffarpur,26.12,85.4,1996,2025,6,JUN,T2M,temp_mean_c,33.9243,1.8376,29.93,36.44,30,33.92,29.0336
Bihar,42387,Muzaffarpur,26.12,85.4,1996,2025,6,JUN,T2M_MAX,temp_max_c,44.0753,2.4403,38.35,47.92,30,47.92,32.2436
Bihar,42387,Muzaffarpur,26.12,85.4,1996,2025,6,JUN,T2M_MIN,temp_min_c,26.3103,1.0749,23.61,28.16,30,23.61,26.4418
Bihar,42387,Muzaffarpur,26.12,85.4,1996,2025,6,JUN,WS10M,wind_speed_ms,3.757,0.4982,2.4,4.59,30,3.76,3.4382
Bihar,42387,Muzaffarpur,26.12,85.4,1996,2025,7,JUL,ALLSKY_SFC_SW_DWN,solar_kwh_m2_day,17.3763,1.6425,13.14,19.88,30,17.38,16.3033
Bihar,42387,Muzaffarpur,26.12,85.4,1996,2025,7,JUL,PRECTOTCORR,rainfall_mm,9.1827,3.6008,3.97,18.44,30,9.18,17.1936
Bihar,42387,Muzaffarpur,26.12,85.4,1996,2025,7,JUL,RH2M,humidity_pct,77.5963,5.6411,64.7,87.91,30,77.6,87.0464
Bihar,42387,Muzaffarpur,26.12,85.4,1996,2025,7,JUL,T2M,temp_mean_c,30.2993,0.9147,28.79,32.54,30,30.3,29.0336
Bihar,42387,Muzaffarpur,26.12,85.4,1996,2025,7,JUL,T2M_MAX,temp_max_c,37.7217,2.1561,33.81,41.24,30,41.24,32.2436
Bihar,42387,Muzaffarpur,26.12,85.4,1996,2025,7,JUL,T2M_MIN,temp_min_c,25.515,0.6655,24.03,27.03,30,24.03,26.4418
Bihar,42387,Muzaffarpur,26.12,85.4,1996,2025,7,JUL,WS10M,wind_speed_ms,3.7913,0.503,2.93,4.94,30,3.79,3.4382
Bihar,42387,Muzaffarpur,26.12,85.4,1996,2025,8,AUG,ALLSKY_SFC_SW_DWN,solar_kwh_m2_day,17.7497,1.6644,13.76,20.52,30,17.75,16.3033
Bihar,42387,Muzaffarpur,26.12,85.4,1996,2025,8,AUG,PRECTOTCORR,rainfall_mm,8.026,2.7058,2.96,13.57,30,8.03,17.1936
Bihar,42387,Muzaffarpur,26.12,85.4,1996,2025,8,AUG,RH2M,humidity_pct,82.9867,3.6405,75.46,88.72,30,82.99,87.0464
Bihar,42387,Muzaffarpur,26.12,85.4,1996,2025,8,AUG,T2M,temp_mean_c,29.2623,0.573,28.25,30.29,30,29.26,29.0336
Bihar,42387,Muzaffarpur,26.12,85.4,1996,2025,8,AUG,T2M_MAX,temp_max_c,35.4817,1.3044,33.32,38.21,30,38.21,32.2436
Bihar,42387,Muzaffarpur,26.12,85.4,1996,2025,8,AUG,T2M_MIN,temp_min_c,24.8237,0.513,23.66,25.81,30,23.66,26.4418
Bihar,42387,Muzaffarpur,26.12,85.4,1996,2025,8,AUG,WS10M,wind_speed_ms,3.2877,0.4359,2.4,4.22,30,3.29,3.4382
Bihar,42387,Muzaffarpur,26.12,85.4,1996,2025,9,SEP,ALLSKY_SFC_SW_DWN,solar_kwh_m2_day,16.688,1.2655,14.05,19.32,30,16.69,16.3033
Bihar,42387,Muzaffarpur,26.12,85.4,1996,2025,9,SEP,PRECTOTCORR,rainfall_mm,6.3433,2.6376,2.48,10.86,30,6.34,17.1936
Bihar,42387,Muzaffarpur,26.12,85.4,1996,2025,9,SEP,RH2M,humidity_pct,84.236,2.8929,76.88,88.91,30,84.24,87.0464
Bihar,42387,Muzaffarpur,26.12,85.4,1996,2025,9,SEP,T2M,temp_mean_c,28.0757,0.5168,27.05,29.3,30,28.08,29.0336
Bihar,42387,Muzaffarpur,26.12,85.4,1996,2025,9,SEP,T2M_MAX,temp_max_c,34.152,1.1109,32.56,36.46,30,36.46,32.2436
Bihar,42387,Muzaffarpur,26.12,85.4,1996,2025,9,SEP,T2M_MIN,temp_min_c,22.6657,1.1278,19.78,24.27,30,19.78,26.4418
Bihar,42387,Muzaffarpur,26.12,85.4,1996,2025,9,SEP,WS10M,wind_speed_ms,2.991,0.5339,2.15,4.08,30,2.99,3.4382
Bihar,42387,Muzaffarpur,26.12,85.4,1996,2025,10,OCT,ALLSKY_SFC_SW_DWN,solar_kwh_m2_day,16.3213,1.1619,13.48,18.04,30,16.32,16.3033
Bihar,42387,Muzaffarpur,26.12,85.4,1996,2025,10,OCT,PRECTOTCORR,rainfall_mm,1.8713,1.6657,0.06,6.47,30,1.87,17.1936
Bihar,42387,Muzaffarpur,26.12,85.4,1996,2025,10,OCT,RH2M,humidity_pct,75.0427,7.0897,57.38,87.36,30,75.04,87.0464
Bihar,42387,Muzaffarpur,26.12,85.4,1996,2025,10,OCT,T2M,temp_mean_c,25.626,0.8822,23.24,27.42,30,25.63,29.0336
Bihar,42387,Muzaffarpur,26.12,85.4,1996,2025,10,OCT,T2M_MAX,temp_max_c,33.355,1.4847,30.79,36.84,30,36.84,32.2436
Bihar,42387,Muzaffarpur,26.12,85.4,1996,2025,10,OCT,T2M_MIN,temp_min_c,16.616,1.603,12.93,20.48,30,12.93,26.4418
Bihar,42387,Muzaffarpur,26.12,85.4,1996,2025,10,OCT,WS10M,wind_speed_ms,2.1627,0.4097,1.34,2.87,30,2.16,3.4382
Bihar,42387,Muzaffarpur,26.12,85.4,1996,2025,11,NOV,ALLSKY_SFC_SW_DWN,solar_kwh_m2_day,14.0903,1.0901,12.03,17.04,30,14.09,16.3033
Bihar,42387,Muzaffarpur,26.12,85.4,1996,2025,11,NOV,PRECTOTCORR,rainfall_mm,0.087,0.1852,0,0.73,30,0.09,17.1936
Bihar,42387,Muzaffarpur,26.12,85.4,1996,2025,11,NOV,RH2M,humidity_pct,63.5293,9.3149,46.01,81.99,30,63.53,87.0464
Bihar,42387,Muzaffarpur,26.12,85.4,1996,2025,11,NOV,T2M,temp_mean_c,21.1733,1.3284,17.94,23.72,30,21.17,29.0336
Bihar,42387,Muzaffarpur,26.12,85.4,1996,2025,11,NOV,T2M_MAX,temp_max_c,31.2637,1.7444,27.5,34.68,30,34.68,32.2436
Bihar,42387,Muzaffarpur,26.12,85.4,1996,2025,11,NOV,T2M_MIN,temp_min_c,11.4113,1.6306,7.89,15.68,30,7.89,26.4418
Bihar,42387,Muzaffarpur,26.12,85.4,1996,2025,11,NOV,WS10M,wind_speed_ms,2.112,0.3408,1.62,3.13,30,2.11,3.4382
Bihar,42387,Muzaffarpur,26.12,85.4,1996,2025,12,DEC,ALLSKY_SFC_SW_DWN,solar_kwh_m2_day,10.7937,1.5047,8.38,13.96,30,10.79,16.3033
Bihar,42387,Muzaffarpur,26.12,85.4,1996,2025,12,DEC,PRECTOTCORR,rainfall_mm,0.1073,0.2221,0,1.02,30,0.11,17.1936
Bihar,42387,Muzaffarpur,26.12,85.4,1996,2025,12,DEC,RH2M,humidity_pct,57.7027,9.536,41.31,77.79,30,57.7,87.0464
Bihar,42387,Muzaffarpur,26.12,85.4,1996,2025,12,DEC,T2M,temp_mean_c,16.7373,1.1773,13.99,18.89,30,16.74,29.0336
Bihar,42387,Muzaffarpur,26.12,85.4,1996,2025,12,DEC,T2M_MAX,temp_max_c,27.9483,1.4021,25.38,31.35,30,31.35,32.2436
Bihar,42387,Muzaffarpur,26.12,85.4,1996,2025,12,DEC,T2M_MIN,temp_min_c,6.439,1.5533,2.45,8.84,30,2.45,26.4418
Bihar,42387,Muzaffarpur,26.12,85.4,1996,2025,12,DEC,WS10M,wind_speed_ms,2.3083,0.3442,1.83,3.4,30,2.31,3.4382
Bihar,42492,Patna-Airport,25.6,85.1,1996,2025,0,ANNUAL,ALLSKY_SFC_SW_DWN,solar_kwh_m2_day,17.1577,0.6841,15.79,18.54,30,,13.9111
Bihar,42492,Patna-Airport,25.6,85.1,1996,2025,0,ANNUAL,PRECTOTCORR,rainfall_mm,2.7147,0.5847,1.68,4.3,30,,10.3418
Bihar,42492,Patna-Airport,25.6,85.1,1996,2025,0,ANNUAL,RH2M,humidity_pct,56.32,3.9978,49.15,66.1,30,,83.9927
Bihar,42492,Patna-Airport,25.6,85.1,1996,2025,0,ANNUAL,T2M,temp_mean_c,26.1907,0.5721,25.03,27.11,30,,29.5718
Bihar,42492,Patna-Airport,25.6,85.1,1996,2025,0,ANNUAL,T2M_MAX,temp_max_c,46.292,1.2875,43.77,48.64,30,,33.6027
Bihar,42492,Patna-Airport,25.6,85.1,1996,2025,0,ANNUAL,T2M_MIN,temp_min_c,4.5663,1.1059,1.56,6.28,30,,26.4673
Bihar,42492,Patna-Airport,25.6,85.1,1996,2025,0,ANNUAL,WS10M,wind_speed_ms,2.9337,0.1461,2.43,3.15,30,,3.0355
Bihar,42492,Patna-Airport,25.6,85.1,1996,2025,1,JAN,ALLSKY_SFC_SW_DWN,solar_kwh_m2_day,11.46,1.6327,7.83,14.22,30,11.46,13.9111
Bihar,42492,Patna-Airport,25.6,85.1,1996,2025,1,JAN,PRECTOTCORR,rainfall_mm,0.2953,0.3594,0,1.51,30,0.3,10.3418
Bihar,42492,Patna-Airport,25.6,85.1,1996,2025,1,JAN,RH2M,humidity_pct,51.183,9.6346,34.16,73.33,30,51.18,83.9927
Bihar,42492,Patna-Airport,25.6,85.1,1996,2025,1,JAN,T2M,temp_mean_c,15.7283,0.9635,13.24,17.44,30,15.73,29.5718
Bihar,42492,Patna-Airport,25.6,85.1,1996,2025,1,JAN,T2M_MAX,temp_max_c,28.1037,1.7284,25.67,31.13,30,31.13,33.6027
Bihar,42492,Patna-Airport,25.6,85.1,1996,2025,1,JAN,T2M_MIN,temp_min_c,4.8373,1.0925,1.56,7.21,30,1.56,26.4673
Bihar,42492,Patna-Airport,25.6,85.1,1996,2025,1,JAN,WS10M,wind_speed_ms,2.5847,0.2096,2.06,3.01,30,2.58,3.0355
Bihar,42492,Patna-Airport,25.6,85.1,1996,2025,2,FEB,ALLSKY_SFC_SW_DWN,solar_kwh_m2_day,16.2313,1.1416,13.97,18.84,30,16.23,13.9111
Bihar,42492,Patna-Airport,25.6,85.1,1996,2025,2,FEB,PRECTOTCORR,rainfall_mm,0.446,0.5427,0,1.87,30,0.45,10.3418
Bihar,42492,Patna-Airport,25.6,85.1,1996,2025,2,FEB,RH2M,humidity_pct,42.128,8.686,26.83,59.07,30,42.13,83.9927
Bihar,42492,Patna-Airport,25.6,85.1,1996,2025,2,FEB,T2M,temp_mean_c,19.976,1.4508,17.02,23.21,30,19.98,29.5718
Bihar,42492,Patna-Airport,25.6,85.1,1996,2025,2,FEB,T2M_MAX,temp_max_c,33.7493,2.0594,29.61,39.2,30,39.2,33.6027
Bihar,42492,Patna-Airport,25.6,85.1,1996,2025,2,FEB,T2M_MIN,temp_min_c,7.264,1.5547,3.88,10.47,30,3.88,26.4673
Bihar,42492,Patna-Airport,25.6,85.1,1996,2025,2,FEB,WS10M,wind_speed_ms,2.922,0.3037,2.21,3.53,30,2.92,3.0355
Bihar,42492,Patna-Airport,25.6,85.1,1996,2025,3,MAR,ALLSKY_SFC_SW_DWN,solar_kwh_m2_day,20.3797,0.9345,17.93,22.39,30,20.38,13.9111
Bihar,42492,Patna-Airport,25.6,85.1,1996,2025,3,MAR,PRECTOTCORR,rainfall_mm,0.277,0.3316,0,1.32,30,0.28,10.3418
Bihar,42492,Patna-Airport,25.6,85.1,1996,2025,3,MAR,RH2M,humidity_pct,30.3763,8.4697,16.1,50.35,30,30.38,83.9927
Bihar,42492,Patna-Airport,25.6,85.1,1996,2025,3,MAR,T2M,temp_mean_c,26.2293,1.282,23.14,28.62,30,26.23,29.5718
Bihar,42492,Patna-Airport,25.6,85.1,1996,2025,3,MAR,T2M_MAX,temp_max_c,40.218,1.6532,36.03,42.85,30,42.85,33.6027
Bihar,42492,Patna-Airport,25.6,85.1,1996,2025,3,MAR,T2M_MIN,temp_min_c,12.2473,1.9778,8.91,16.34,30,8.91,26.4673
Bihar,42492,Patna-Airport,25.6,85.1,1996,2025,3,MAR,WS10M,wind_speed_ms,3.1843,0.3361,2.52,4.07,30,3.18,3.0355
Bihar,42492,Patna-Airport,25.6,85.1,1996,2025,4,APR,ALLSKY_SFC_SW_DWN,solar_kwh_m2_day,22.887,1.1734,20.22,25.19,30,22.89,13.9111
Bihar,42492,Patna-Airport,25.6,85.1,1996,2025,4,APR,PRECTOTCORR,rainfall_mm,0.4373,0.3784,0,1.2,30,0.44,10.3418
Bihar,42492,Patna-Airport,25.6,85.1,1996,2025,4,APR,RH2M,humidity_pct,25.1383,6.415,11.47,37.11,30,25.14,83.9927
Bihar,42492,Patna-Airport,25.6,85.1,1996,2025,4,APR,T2M,temp_mean_c,32.2157,1.1001,30,35.05,30,32.22,29.5718
Bihar,42492,Patna-Airport,25.6,85.1,1996,2025,4,APR,T2M_MAX,temp_max_c,44.3537,1.3387,41.41,47.02,30,47.02,33.6027
Bihar,42492,Patna-Airport,25.6,85.1,1996,2025,4,APR,T2M_MIN,temp_min_c,19.307,1.6243,14.86,22.36,30,14.86,26.4673
Bihar,42492,Patna-Airport,25.6,85.1,1996,2025,4,APR,WS10M,wind_speed_ms,3.2787,0.4521,2.64,4.94,30,3.28,3.0355
Bihar,42492,Patna-Airport,25.6,85.1,1996,2025,5,MAY,ALLSKY_SFC_SW_DWN,solar_kwh_m2_day,22.58,1.5892,17.37,24.57,30,22.58,13.9111
Bihar,42492,Patna-Airport,25.6,85.1,1996,2025,5,MAY,PRECTOTCORR,rainfall_mm,1.6787,1.3972,0.02,7.33,30,1.68,10.3418
Bihar,42492,Patna-Airport,25.6,85.1,1996,2025,5,MAY,RH2M,humidity_pct,34.084,7.2716,18.24,46.51,30,34.08,83.9927
Bihar,42492,Patna-Airport,25.6,85.1,1996,2025,5,MAY,T2M,temp_mean_c,34.8807,1.0447,32.14,36.9,30,34.88,29.5718
Bihar,42492,Patna-Airport,25.6,85.1,1996,2025,5,MAY,T2M_MAX,temp_max_c,45.8317,1.277,43.54,48.64,30,48.64,33.6027
Bihar,42492,Patna-Airport,25.6,85.1,1996,2025,5,MAY,T2M_MIN,temp_min_c,24.068,1.5642,20.53,26.68,30,20.53,26.4673
Bihar,42492,Patna-Airport,25.6,85.1,1996,2025,5,MAY,WS10M,wind_speed_ms,3.3237,0.3652,2.61,4.39,30,3.32,3.0355
Bihar,42492,Patna-Airport,25.6,85.1,1996,2025,6,JUN,ALLSKY_SFC_SW_DWN,solar_kwh_m2_day,19.7367,1.7073,15.51,22.66,30,19.74,13.9111
Bihar,42492,Patna-Airport,25.6,85.1,1996,2025,6,JUN,PRECTOTCORR,rainfall_mm,5.0387,3.4969,1.89,15.48,30,5.04,10.3418
Bihar,42492,Patna-Airport,25.6,85.1,1996,2025,6,JUN,RH2M,humidity_pct,49.5593,11.4126,34.1,76.16,30,49.56,83.9927
Bihar,42492,Patna-Airport,25.6,85.1,1996,2025,6,JUN,T2M,temp_mean_c,34.6093,2.0796,30.3,37.55,30,34.61,29.5718
Bihar,42492,Patna-Airport,25.6,85.1,1996,2025,6,JUN,T2M_MAX,temp_max_c,44.9003,2.4501,39.81,48.47,30,48.47,33.6027
Bihar,42492,Patna-Airport,25.6,85.1,1996,2025,6,JUN,T2M_MIN,temp_min_c,26.6193,1.2994,23.31,29.07,30,23.31,26.4673
Bihar,42492,Patna-Airport,25.6,85.1,1996,2025,6,JUN,WS10M,wind_speed_ms,3.7157,0.472,2.55,4.66,30,3.72,3.0355
Bihar,42492,Patna-Airport,25.6,85.1,1996,2025,7,JUL,ALLSKY_SFC_SW_DWN,solar_kwh_m2_day,16.7267,1.5151,12.92,19.4,30,16.73,13.9111
Bihar,42492,Patna-Airport,25.6,85.1,1996,2025,7,JUL,PRECTOTCORR,rainfall_mm,8.6987,3.5218,2.77,19.21,30,8.7,10.3418
Bihar,42492,Patna-Airport,25.6,85.1,1996,2025,7,JUL,RH2M,humidity_pct,76.6963,6.1519,63.13,86.81,30,76.7,83.9927
Bihar,42492,Patna-Airport,25.6,85.1,1996,2025,7,JUL,T2M,temp_mean_c,30.434,1.0114,28.85,32.75,30,30.43,29.5718
Bihar,42492,Patna-Airport,25.6,85.1,1996,2025,7,JUL,T2M_MAX,temp_max_c,38.0003,2.2449,33.72,41.43,30,41.43,33.6027
Bihar,42492,Patna-Airport,25.6,85.1,1996,2025,7,JUL,T2M_MIN,temp_min_c,25.5773,0.6446,24.47,26.94,30,24.47,26.4673
Bihar,42492,Patna-Airport,25.6,85.1,1996,2025,7,JUL,WS10M,wind_speed_ms,3.7147,0.3934,3.05,4.73,30,3.71,3.0355
Bihar,42492,Patna-Airport,25.6,85.1,1996,2025,8,AUG,ALLSKY_SFC_SW_DWN,solar_kwh_m2_day,17.0587,1.1871,14.29,19.37,30,17.06,13.9111
Bihar,42492,Patna-Airport,25.6,85.1,1996,2025,8,AUG,PRECTOTCORR,rainfall_mm,7.6937,2.0135,4.48,12.92,30,7.69,10.3418
Bihar,42492,Patna-Airport,25.6,85.1,1996,2025,8,AUG,RH2M,humidity_pct,83.5773,3.6576,73.49,88.68,30,83.58,83.9927
Bihar,42492,Patna-Airport,25.6,85.1,1996,2025,8,AUG,T2M,temp_mean_c,29.1417,0.5481,28.11,30.3,30,29.14,29.5718
Bihar,42492,Patna-Airport,25.6,85.1,1996,2025,8,AUG,T2M_MAX,temp_max_c,34.8877,1.4251,33.23,39,30,39,33.6027
Bihar,42492,Patna-Airport,25.6,85.1,1996,2025,8,AUG,T2M_MIN,temp_min_c,24.9447,0.4769,23.9,25.67,30,23.9,26.4673
Bihar,42492,Patna-Airport,25.6,85.1,1996,2025,8,AUG,WS10M,wind_speed_ms,3.222,0.4039,2.5,4.24,30,3.22,3.0355
Bihar,42492,Patna-Airport,25.6,85.1,1996,2025,9,SEP,ALLSKY_SFC_SW_DWN,solar_kwh_m2_day,16.5457,1.2309,14.05,18.58,30,16.55,13.9111
Bihar,42492,Patna-Airport,25.6,85.1,1996,2025,9,SEP,PRECTOTCORR,rainfall_mm,5.7853,2.5212,2.41,10.95,30,5.79,10.3418
Bihar,42492,Patna-Airport,25.6,85.1,1996,2025,9,SEP,RH2M,humidity_pct,84.7803,2.2747,79.59,88.36,30,84.78,83.9927
Bihar,42492,Patna-Airport,25.6,85.1,1996,2025,9,SEP,T2M,temp_mean_c,28.03,0.4399,27.25,28.85,30,28.03,29.5718
Bihar,42492,Patna-Airport,25.6,85.1,1996,2025,9,SEP,T2M_MAX,temp_max_c,33.7703,0.9632,32.54,36.05,30,36.05,33.6027
Bihar,42492,Patna-Airport,25.6,85.1,1996,2025,9,SEP,T2M_MIN,temp_min_c,22.8073,1.1129,20.41,24.53,30,20.41,26.4673
Bihar,42492,Patna-Airport,25.6,85.1,1996,2025,9,SEP,WS10M,wind_speed_ms,2.91,0.497,2.16,3.93,30,2.91,3.0355
Bihar,42492,Patna-Airport,25.6,85.1,1996,2025,10,OCT,ALLSKY_SFC_SW_DWN,solar_kwh_m2_day,16.4627,1.301,13.73,18.5,30,16.46,13.9111
Bihar,42492,Patna-Airport,25.6,85.1,1996,2025,10,OCT,PRECTOTCORR,rainfall_mm,1.8357,1.7328,0.03,7.25,30,1.84,10.3418
Bihar,42492,Patna-Airport,25.6,85.1,1996,2025,10,OCT,RH2M,humidity_pct,75.0033,7.1501,57.41,85.99,30,75,83.9927
Bihar,42492,Patna-Airport,25.6,85.1,1996,2025,10,OCT,T2M,temp_mean_c,25.5167,0.9805,23.34,27.24,30,25.52,29.5718
Bihar,42492,Patna-Airport,25.6,85.1,1996,2025,10,OCT,T2M_MAX,temp_max_c,32.929,1.4817,30.52,35.95,30,35.95,33.6027
Bihar,42492,Patna-Airport,25.6,85.1,1996,2025,10,OCT,T2M_MIN,temp_min_c,16.157,1.7788,12.16,20.52,30,12.16,26.4673
Bihar,42492,Patna-Airport,25.6,85.1,1996,2025,10,OCT,WS10M,wind_speed_ms,2.0657,0.418,1.34,2.88,30,2.07,3.0355
Bihar,42492,Patna-Airport,25.6,85.1,1996,2025,11,NOV,ALLSKY_SFC_SW_DWN,solar_kwh_m2_day,14.4523,1.0169,12.79,17.05,30,14.45,13.9111
Bihar,42492,Patna-Airport,25.6,85.1,1996,2025,11,NOV,PRECTOTCORR,rainfall_mm,0.0957,0.2282,0,0.89,30,0.1,10.3418
Bihar,42492,Patna-Airport,25.6,85.1,1996,2025,11,NOV,RH2M,humidity_pct,63.969,10.4867,46.73,81.49,30,63.97,83.9927
Bihar,42492,Patna-Airport,25.6,85.1,1996,2025,11,NOV,T2M,temp_mean_c,20.852,1.5473,17.82,24.15,30,20.85,29.5718
Bihar,42492,Patna-Airport,25.6,85.1,1996,2025,11,NOV,T2M_MAX,temp_max_c,30.5677,2.0395,27.07,34.65,30,34.65,33.6027
Bihar,42492,Patna-Airport,25.6,85.1,1996,2025,11,NOV,T2M_MIN,temp_min_c,10.836,1.6399,8.06,14.87,30,8.06,26.4673
Bihar,42492,Patna-Airport,25.6,85.1,1996,2025,11,NOV,WS10M,wind_speed_ms,2.0537,0.3324,1.38,2.79,30,2.05,3.0355
Bihar,42492,Patna-Airport,25.6,85.1,1996,2025,12,DEC,ALLSKY_SFC_SW_DWN,solar_kwh_m2_day,11.458,1.462,9.12,14.52,30,11.46,13.9111
Bihar,42492,Patna-Airport,25.6,85.1,1996,2025,12,DEC,PRECTOTCORR,rainfall_mm,0.119,0.2442,0,1.04,30,0.12,10.3418
Bihar,42492,Patna-Airport,25.6,85.1,1996,2025,12,DEC,RH2M,humidity_pct,58.0357,11.0159,41.5,79.98,30,58.04,83.9927
Bihar,42492,Patna-Airport,25.6,85.1,1996,2025,12,DEC,T2M,temp_mean_c,16.4887,1.2815,13.77,18.55,30,16.49,29.5718
Bihar,42492,Patna-Airport,25.6,85.1,1996,2025,12,DEC,T2M_MAX,temp_max_c,27.4803,1.8133,23.61,31.96,30,31.96,33.6027
Bihar,42492,Patna-Airport,25.6,85.1,1996,2025,12,DEC,T2M_MIN,temp_min_c,6.0067,1.4138,2.16,8.22,30,2.16,26.4673
Bihar,42492,Patna-Airport,25.6,85.1,1996,2025,12,DEC,WS10M,wind_speed_ms,2.248,0.3154,1.6,2.84,30,2.25,3.0355
Bihar,99986,Patna-City,25.58333333,85.21666667,1996,2025,0,ANNUAL,ALLSKY_SFC_SW_DWN,solar_kwh_m2_day,17.1577,0.6841,15.79,18.54,30,,13.9111
Bihar,99986,Patna-City,25.58333333,85.21666667,1996,2025,0,ANNUAL,PRECTOTCORR,rainfall_mm,2.7147,0.5847,1.68,4.3,30,,10.3418
Bihar,99986,Patna-City,25.58333333,85.21666667,1996,2025,0,ANNUAL,RH2M,humidity_pct,56.32,3.9978,49.15,66.1,30,,83.9927
Bihar,99986,Patna-City,25.58333333,85.21666667,1996,2025,0,ANNUAL,T2M,temp_mean_c,26.1907,0.5721,25.03,27.11,30,,29.5718
Bihar,99986,Patna-City,25.58333333,85.21666667,1996,2025,0,ANNUAL,T2M_MAX,temp_max_c,46.292,1.2875,43.77,48.64,30,,33.6027
Bihar,99986,Patna-City,25.58333333,85.21666667,1996,2025,0,ANNUAL,T2M_MIN,temp_min_c,4.5663,1.1059,1.56,6.28,30,,26.4673
Bihar,99986,Patna-City,25.58333333,85.21666667,1996,2025,0,ANNUAL,WS10M,wind_speed_ms,2.9337,0.1461,2.43,3.15,30,,3.0355
Bihar,99986,Patna-City,25.58333333,85.21666667,1996,2025,1,JAN,ALLSKY_SFC_SW_DWN,solar_kwh_m2_day,11.46,1.6327,7.83,14.22,30,11.46,13.9111
Bihar,99986,Patna-City,25.58333333,85.21666667,1996,2025,1,JAN,PRECTOTCORR,rainfall_mm,0.2953,0.3594,0,1.51,30,0.3,10.3418
Bihar,99986,Patna-City,25.58333333,85.21666667,1996,2025,1,JAN,RH2M,humidity_pct,51.183,9.6346,34.16,73.33,30,51.18,83.9927
Bihar,99986,Patna-City,25.58333333,85.21666667,1996,2025,1,JAN,T2M,temp_mean_c,15.7283,0.9635,13.24,17.44,30,15.73,29.5718
Bihar,99986,Patna-City,25.58333333,85.21666667,1996,2025,1,JAN,T2M_MAX,temp_max_c,28.1037,1.7284,25.67,31.13,30,31.13,33.6027
Bihar,99986,Patna-City,25.58333333,85.21666667,1996,2025,1,JAN,T2M_MIN,temp_min_c,4.8373,1.0925,1.56,7.21,30,1.56,26.4673
Bihar,99986,Patna-City,25.58333333,85.21666667,1996,2025,1,JAN,WS10M,wind_speed_ms,2.5847,0.2096,2.06,3.01,30,2.58,3.0355
Bihar,99986,Patna-City,25.58333333,85.21666667,1996,2025,2,FEB,ALLSKY_SFC_SW_DWN,solar_kwh_m2_day,16.2313,1.1416,13.97,18.84,30,16.23,13.9111
Bihar,99986,Patna-City,25.58333333,85.21666667,1996,2025,2,FEB,PRECTOTCORR,rainfall_mm,0.446,0.5427,0,1.87,30,0.45,10.3418
Bihar,99986,Patna-City,25.58333333,85.21666667,1996,2025,2,FEB,RH2M,humidity_pct,42.128,8.686,26.83,59.07,30,42.13,83.9927
Bihar,99986,Patna-City,25.58333333,85.21666667,1996,2025,2,FEB,T2M,temp_mean_c,19.976,1.4508,17.02,23.21,30,19.98,29.5718
Bihar,99986,Patna-City,25.58333333,85.21666667,1996,2025,2,FEB,T2M_MAX,temp_max_c,33.7493,2.0594,29.61,39.2,30,39.2,33.6027
Bihar,99986,Patna-City,25.58333333,85.21666667,1996,2025,2,FEB,T2M_MIN,temp_min_c,7.264,1.5547,3.88,10.47,30,3.88,26.4673
Bihar,99986,Patna-City,25.58333333,85.21666667,1996,2025,2,FEB,WS10M,wind_speed_ms,2.922,0.3037,2.21,3.53,30,2.92,3.0355
Bihar,99986,Patna-City,25.58333333,85.21666667,1996,2025,3,MAR,ALLSKY_SFC_SW_DWN,solar_kwh_m2_day,20.3797,0.9345,17.93,22.39,30,20.38,13.9111
Bihar,99986,Patna-City,25.58333333,85.21666667,1996,2025,3,MAR,PRECTOTCORR,rainfall_mm,0.277,0.3316,0,1.32,30,0.28,10.3418
Bihar,99986,Patna-City,25.58333333,85.21666667,1996,2025,3,MAR,RH2M,humidity_pct,30.3763,8.4697,16.1,50.35,30,30.38,83.9927
Bihar,99986,Patna-City,25.58333333,85.21666667,1996,2025,3,MAR,T2M,temp_mean_c,26.2293,1.282,23.14,28.62,30,26.23,29.5718
Bihar,99986,Patna-City,25.58333333,85.21666667,1996,2025,3,MAR,T2M_MAX,temp_max_c,40.218,1.6532,36.03,42.85,30,42.85,33.6027
Bihar,99986,Patna-City,25.58333333,85.21666667,1996,2025,3,MAR,T2M_MIN,temp_min_c,12.2473,1.9778,8.91,16.34,30,8.91,26.4673
Bihar,99986,Patna-City,25.58333333,85.21666667,1996,2025,3,MAR,WS10M,wind_speed_ms,3.1843,0.3361,2.52,4.07,30,3.18,3.0355
Bihar,99986,Patna-City,25.58333333,85.21666667,1996,2025,4,APR,ALLSKY_SFC_SW_DWN,solar_kwh_m2_day,22.887,1.1734,20.22,25.19,30,22.89,13.9111
Bihar,99986,Patna-City,25.58333333,85.21666667,1996,2025,4,APR,PRECTOTCORR,rainfall_mm,0.4373,0.3784,0,1.2,30,0.44,10.3418
Bihar,99986,Patna-City,25.58333333,85.21666667,1996,2025,4,APR,RH2M,humidity_pct,25.1383,6.415,11.47,37.11,30,25.14,83.9927
Bihar,99986,Patna-City,25.58333333,85.21666667,1996,2025,4,APR,T2M,temp_mean_c,32.2157,1.1001,30,35.05,30,32.22,29.5718
Bihar,99986,Patna-City,25.58333333,85.21666667,1996,2025,4,APR,T2M_MAX,temp_max_c,44.3537,1.3387,41.41,47.02,30,47.02,33.6027
Bihar,99986,Patna-City,25.58333333,85.21666667,1996,2025,4,APR,T2M_MIN,temp_min_c,19.307,1.6243,14.86,22.36,30,14.86,26.4673
Bihar,99986,Patna-City,25.58333333,85.21666667,1996,2025,4,APR,WS10M,wind_speed_ms,3.2787,0.4521,2.64,4.94,30,3.28,3.0355
Bihar,99986,Patna-City,25.58333333,85.21666667,1996,2025,5,MAY,ALLSKY_SFC_SW_DWN,solar_kwh_m2_day,22.58,1.5892,17.37,24.57,30,22.58,13.9111
Bihar,99986,Patna-City,25.58333333,85.21666667,1996,2025,5,MAY,PRECTOTCORR,rainfall_mm,1.6787,1.3972,0.02,7.33,30,1.68,10.3418
Bihar,99986,Patna-City,25.58333333,85.21666667,1996,2025,5,MAY,RH2M,humidity_pct,34.084,7.2716,18.24,46.51,30,34.08,83.9927
Bihar,99986,Patna-City,25.58333333,85.21666667,1996,2025,5,MAY,T2M,temp_mean_c,34.8807,1.0447,32.14,36.9,30,34.88,29.5718
Bihar,99986,Patna-City,25.58333333,85.21666667,1996,2025,5,MAY,T2M_MAX,temp_max_c,45.8317,1.277,43.54,48.64,30,48.64,33.6027
Bihar,99986,Patna-City,25.58333333,85.21666667,1996,2025,5,MAY,T2M_MIN,temp_min_c,24.068,1.5642,20.53,26.68,30,20.53,26.4673
Bihar,99986,Patna-City,25.58333333,85.21666667,1996,2025,5,MAY,WS10M,wind_speed_ms,3.3237,0.3652,2.61,4.39,30,3.32,3.0355
Bihar,99986,Patna-City,25.58333333,85.21666667,1996,2025,6,JUN,ALLSKY_SFC_SW_DWN,solar_kwh_m2_day,19.7367,1.7073,15.51,22.66,30,19.74,13.9111
Bihar,99986,Patna-City,25.58333333,85.21666667,1996,2025,6,JUN,PRECTOTCORR,rainfall_mm,5.0387,3.4969,1.89,15.48,30,5.04,10.3418
Bihar,99986,Patna-City,25.58333333,85.21666667,1996,2025,6,JUN,RH2M,humidity_pct,49.5593,11.4126,34.1,76.16,30,49.56,83.9927
Bihar,99986,Patna-City,25.58333333,85.21666667,1996,2025,6,JUN,T2M,temp_mean_c,34.6093,2.0796,30.3,37.55,30,34.61,29.5718
Bihar,99986,Patna-City,25.58333333,85.21666667,1996,2025,6,JUN,T2M_MAX,temp_max_c,44.9003,2.4501,39.81,48.47,30,48.47,33.6027
Bihar,99986,Patna-City,25.58333333,85.21666667,1996,2025,6,JUN,T2M_MIN,temp_min_c,26.6193,1.2994,23.31,29.07,30,23.31,26.4673
Bihar,99986,Patna-City,25.58333333,85.21666667,1996,2025,6,JUN,WS10M,wind_speed_ms,3.7157,0.472,2.55,4.66,30,3.72,3.0355
Bihar,99986,Patna-City,25.58333333,85.21666667,1996,2025,7,JUL,ALLSKY_SFC_SW_DWN,solar_kwh_m2_day,16.7267,1.5151,12.92,19.4,30,16.73,13.9111
Bihar,99986,Patna-City,25.58333333,85.21666667,1996,2025,7,JUL,PRECTOTCORR,rainfall_mm,8.6987,3.5218,2.77,19.21,30,8.7,10.3418
Bihar,99986,Patna-City,25.58333333,85.21666667,1996,2025,7,JUL,RH2M,humidity_pct,76.6963,6.1519,63.13,86.81,30,76.7,83.9927
Bihar,99986,Patna-City,25.58333333,85.21666667,1996,2025,7,JUL,T2M,temp_mean_c,30.434,1.0114,28.85,32.75,30,30.43,29.5718
Bihar,99986,Patna-City,25.58333333,85.21666667,1996,2025,7,JUL,T2M_MAX,temp_max_c,38.0003,2.2449,33.72,41.43,30,41.43,33.6027
Bihar,99986,Patna-City,25.58333333,85.21666667,1996,2025,7,JUL,T2M_MIN,temp_min_c,25.5773,0.6446,24.47,26.94,30,24.47,26.4673
Bihar,99986,Patna-City,25.58333333,85.21666667,1996,2025,7,JUL,WS10M,wind_speed_ms,3.7147,0.3934,3.05,4.73,30,3.71,3.0355
Bihar,99986,Patna-City,25.58333333,85.21666667,1996,2025,8,AUG,ALLSKY_SFC_SW_DWN,solar_kwh_m2_day,17.0587,1.1871,14.29,19.37,30,17.06,13.9111
Bihar,99986,Patna-City,25.58333333,85.21666667,1996,2025,8,AUG,PRECTOTCORR,rainfall_mm,7.6937,2.0135,4.48,12.92,30,7.69,10.3418
Bihar,99986,Patna-City,25.58333333,85.21666667,1996,2025,8,AUG,RH2M,humidity_pct,83.5773,3.6576,73.49,88.68,30,83.58,83.9927
Bihar,99986,Patna-City,25.58333333,85.21666667,1996,2025,8,AUG,T2M,temp_mean_c,29.1417,0.5481,28.11,30.3,30,29.14,29.5718
Bihar,99986,Patna-City,25.58333333,85.21666667,1996,2025,8,AUG,T2M_MAX,temp_max_c,34.8877,1.4251,33.23,39,30,39,33.6027
Bihar,99986,Patna-City,25.58333333,85.21666667,1996,2025,8,AUG,T2M_MIN,temp_min_c,24.9447,0.4769,23.9,25.67,30,23.9,26.4673
Bihar,99986,Patna-City,25.58333333,85.21666667,1996,2025,8,AUG,WS10M,wind_speed_ms,3.222,0.4039,2.5,4.24,30,3.22,3.0355
Bihar,99986,Patna-City,25.58333333,85.21666667,1996,2025,9,SEP,ALLSKY_SFC_SW_DWN,solar_kwh_m2_day,16.5457,1.2309,14.05,18.58,30,16.55,13.9111
Bihar,99986,Patna-City,25.58333333,85.21666667,1996,2025,9,SEP,PRECTOTCORR,rainfall_mm,5.7853,2.5212,2.41,10.95,30,5.79,10.3418
Bihar,99986,Patna-City,25.58333333,85.21666667,1996,2025,9,SEP,RH2M,humidity_pct,84.7803,2.2747,79.59,88.36,30,84.78,83.9927
Bihar,99986,Patna-City,25.58333333,85.21666667,1996,2025,9,SEP,T2M,temp_mean_c,28.03,0.4399,27.25,28.85,30,28.03,29.5718
Bihar,99986,Patna-City,25.58333333,85.21666667,1996,2025,9,SEP,T2M_MAX,temp_max_c,33.7703,0.9632,32.54,36.05,30,36.05,33.6027
Bihar,99986,Patna-City,25.58333333,85.21666667,1996,2025,9,SEP,T2M_MIN,temp_min_c,22.8073,1.1129,20.41,24.53,30,20.41,26.4673
Bihar,99986,Patna-City,25.58333333,85.21666667,1996,2025,9,SEP,WS10M,wind_speed_ms,2.91,0.497,2.16,3.93,30,2.91,3.0355
Bihar,99986,Patna-City,25.58333333,85.21666667,1996,2025,10,OCT,ALLSKY_SFC_SW_DWN,solar_kwh_m2_day,16.4627,1.301,13.73,18.5,30,16.46,13.9111
Bihar,99986,Patna-City,25.58333333,85.21666667,1996,2025,10,OCT,PRECTOTCORR,rainfall_mm,1.8357,1.7328,0.03,7.25,30,1.84,10.3418
Bihar,99986,Patna-City,25.58333333,85.21666667,1996,2025,10,OCT,RH2M,humidity_pct,75.0033,7.1501,57.41,85.99,30,75,83.9927
Bihar,99986,Patna-City,25.58333333,85.21666667,1996,2025,10,OCT,T2M,temp_mean_c,25.5167,0.9805,23.34,27.24,30,25.52,29.5718
Bihar,99986,Patna-City,25.58333333,85.21666667,1996,2025,10,OCT,T2M_MAX,temp_max_c,32.929,1.4817,30.52,35.95,30,35.95,33.6027
Bihar,99986,Patna-City,25.58333333,85.21666667,1996,2025,10,OCT,T2M_MIN,temp_min_c,16.157,1.7788,12.16,20.52,30,12.16,26.4673
Bihar,99986,Patna-City,25.58333333,85.21666667,1996,2025,10,OCT,WS10M,wind_speed_ms,2.0657,0.418,1.34,2.88,30,2.07,3.0355
Bihar,99986,Patna-City,25.58333333,85.21666667,1996,2025,11,NOV,ALLSKY_SFC_SW_DWN,solar_kwh_m2_day,14.4523,1.0169,12.79,17.05,30,14.45,13.9111
Bihar,99986,Patna-City,25.58333333,85.21666667,1996,2025,11,NOV,PRECTOTCORR,rainfall_mm,0.0957,0.2282,0,0.89,30,0.1,10.3418
Bihar,99986,Patna-City,25.58333333,85.21666667,1996,2025,11,NOV,RH2M,humidity_pct,63.969,10.4867,46.73,81.49,30,63.97,83.9927
Bihar,99986,Patna-City,25.58333333,85.21666667,1996,2025,11,NOV,T2M,temp_mean_c,20.852,1.5473,17.82,24.15,30,20.85,29.5718
Bihar,99986,Patna-City,25.58333333,85.21666667,1996,2025,11,NOV,T2M_MAX,temp_max_c,30.5677,2.0395,27.07,34.65,30,34.65,33.6027
Bihar,99986,Patna-City,25.58333333,85.21666667,1996,2025,11,NOV,T2M_MIN,temp_min_c,10.836,1.6399,8.06,14.87,30,8.06,26.4673
Bihar,99986,Patna-City,25.58333333,85.21666667,1996,2025,11,NOV,WS10M,wind_speed_ms,2.0537,0.3324,1.38,2.79,30,2.05,3.0355
Bihar,99986,Patna-City,25.58333333,85.21666667,1996,2025,12,DEC,ALLSKY_SFC_SW_DWN,solar_kwh_m2_day,11.458,1.462,9.12,14.52,30,11.46,13.9111
Bihar,99986,Patna-City,25.58333333,85.21666667,1996,2025,12,DEC,PRECTOTCORR,rainfall_mm,0.119,0.2442,0,1.04,30,0.12,10.3418
Bihar,99986,Patna-City,25.58333333,85.21666667,1996,2025,12,DEC,RH2M,humidity_pct,58.0357,11.0159,41.5,79.98,30,58.04,83.9927
Bihar,99986,Patna-City,25.58333333,85.21666667,1996,2025,12,DEC,T2M,temp_mean_c,16.4887,1.2815,13.77,18.55,30,16.49,29.5718
Bihar,99986,Patna-City,25.58333333,85.21666667,1996,2025,12,DEC,T2M_MAX,temp_max_c,27.4803,1.8133,23.61,31.96,30,31.96,33.6027
Bihar,99986,Patna-City,25.58333333,85.21666667,1996,2025,12,DEC,T2M_MIN,temp_min_c,6.0067,1.4138,2.16,8.22,30,2.16,26.4673
Bihar,99986,Patna-City,25.58333333,85.21666667,1996,2025,12,DEC,WS10M,wind_speed_ms,2.248,0.3154,1.6,2.84,30,2.25,3.0355
Bihar,42500,Purnea,25.27,87.47,1996,2025,0,ANNUAL,ALLSKY_SFC_SW_DWN,solar_kwh_m2_day,16.684,0.5975,15.41,18.31,30,,15.2244
Bihar,42500,Purnea,25.27,87.47,1996,2025,0,ANNUAL,PRECTOTCORR,rainfall_mm,3.3283,0.6138,1.7,4.88,30,,8.9691
Bihar,42500,Purnea,25.27,87.47,1996,2025,0,ANNUAL,RH2M,humidity_pct,63.4753,4.5186,50.28,73.01,30,,87.0718
Bihar,42500,Purnea,25.27,87.47,1996,2025,0,ANNUAL,T2M,temp_mean_c,25.6043,0.4354,24.59,26.62,30,,29.0145
Bihar,42500,Purnea,25.27,87.47,1996,2025,0,ANNUAL,T2M_MAX,temp_max_c,43.807,1.4447,40.58,46.37,30,,32.4191
Bihar,42500,Purnea,25.27,87.47,1996,2025,0,ANNUAL,T2M_MIN,temp_min_c,5.2943,1.1269,1.56,7.25,30,,26.4191
Bihar,42500,Purnea,25.27,87.47,1996,2025,0,ANNUAL,WS10M,wind_speed_ms,2.8343,0.141,2.49,3.17,30,,2.7245
Bihar,42500,Purnea,25.27,87.47,1996,2025,1,JAN,ALLSKY_SFC_SW_DWN,solar_kwh_m2_day,11.7657,1.4387,8.96,14.63,30,11.77,15.2244
Bihar,42500,Purnea,25.27,87.47,1996,2025,1,JAN,PRECTOTCORR,rainfall_mm,0.1667,0.228,0,1.06,30,0.17,8.9691
Bihar,42500,Purnea,25.27,87.47,1996,2025,1,JAN,RH2M,humidity_pct,55.1747,9.588,31.43,78.05,30,55.17,87.0718
Bihar,42500,Purnea,25.27,87.47,1996,2025,1,JAN,T2M,temp_mean_c,15.9473,1.0057,13.94,17.54,30,15.95,29.0145
Bihar,42500,Purnea,25.27,87.47,1996,2025,1,JAN,T2M_MAX,temp_max_c,27.4103,1.4824,24.33,31.18,30,31.18,32.4191
Bihar,42500,Purnea,25.27,87.47,1996,2025,1,JAN,T2M_MIN,temp_min_c,5.6623,1.2495,1.56,8.05,30,1.56,26.4191
Bihar,42500,Purnea,25.27,87.47,1996,2025,1,JAN,WS10M,wind_speed_ms,2.518,0.4525,1.95,4.15,30,2.52,2.7245
Bihar,42500,Purnea,25.27,87.47,1996,2025,2,FEB,ALLSKY_SFC_SW_DWN,solar_kwh_m2_day,16.0523,1.2109,13.9,18.62,30,16.05,15.2244
Bihar,42500,Purnea,25.27,87.47,1996,2025,2,FEB,PRECTOTCORR,rainfall_mm,0.3347,0.4071,0,1.43,30,0.33,8.9691
Bihar,42500,Purnea,25.27,87.47,1996,2025,2,FEB,RH2M,humidity_pct,44.2733,8.394,24.15,66.58,30,44.27,87.0718
Bihar,42500,Purnea,25.27,87.47,1996,2025,2,FEB,T2M,temp_mean_c,20.1793,1.2757,17.48,22.68,30,20.18,29.0145
Bihar,42500,Purnea,25.27,87.47,1996,2025,2,FEB,T2M_MAX,temp_max_c,33.1077,1.8402,30.27,37.23,30,37.23,32.4191
Bihar,42500,Purnea,25.27,87.47,1996,2025,2,FEB,T2M_MIN,temp_min_c,8.095,1.5283,5.53,11.12,30,5.53,26.4191
Bihar,42500,Purnea,25.27,87.47,1996,2025,2,FEB,WS10M,wind_speed_ms,2.8583,0.519,1.97,4.79,30,2.86,2.7245
Bihar,42500,Purnea,25.27,87.47,1996,2025,3,MAR,ALLSKY_SFC_SW_DWN,solar_kwh_m2_day,19.7737,1.0478,17.57,21.64,30,19.77,15.2244
Bihar,42500,Purnea,25.27,87.47,1996,2025,3,MAR,PRECTOTCORR,rainfall_mm,0.5307,0.5558,0.02,2.43,30,0.53,8.9691
Bihar,42500,Purnea,25.27,87.47,1996,2025,3,MAR,RH2M,humidity_pct,33.9113,7.9726,17.76,54.49,30,33.91,87.0718
Bihar,42500,Purnea,25.27,87.47,1996,2025,3,MAR,T2M,temp_mean_c,26.1587,1.1451,23.91,28.86,30,26.16,29.0145
Bihar,42500,Purnea,25.27,87.47,1996,2025,3,MAR,T2M_MAX,temp_max_c,39.1427,1.4329,36.21,41.95,30,41.95,32.4191
Bihar,42500,Purnea,25.27,87.47,1996,2025,3,MAR,T2M_MIN,temp_min_c,13.126,1.7628,9.59,17.93,30,9.59,26.4191
Bihar,42500,Purnea,25.27,87.47,1996,2025,3,MAR,WS10M,wind_speed_ms,3.1603,0.4317,2.44,4.11,30,3.16,2.7245
Bihar,42500,Purnea,25.27,87.47,1996,2025,4,APR,ALLSKY_SFC_SW_DWN,solar_kwh_m2_day,21.4787,1.383,19.13,24.65,30,21.48,15.2244
Bihar,42500,Purnea,25.27,87.47,1996,2025,4,APR,PRECTOTCORR,rainfall_mm,1.4793,0.9129,0.12,3.49,30,1.48,8.9691
Bihar,42500,Purnea,25.27,87.47,1996,2025,4,APR,RH2M,humidity_pct,36.5087,8.7074,21.5,50.82,30,36.51,87.0718
Bihar,42500,Purnea,25.27,87.47,1996,2025,4,APR,T2M,temp_mean_c,30.954,1.1902,28.63,34.1,30,30.95,29.0145
Bihar,42500,Purnea,25.27,87.47,1996,2025,4,APR,T2M_MAX,temp_max_c,42.594,1.8326,38.94,45.67,30,45.67,32.4191
Bihar,42500,Purnea,25.27,87.47,1996,2025,4,APR,T2M_MIN,temp_min_c,19.021,1.3258,15.36,21.37,30,15.36,26.4191
Bihar,42500,Purnea,25.27,87.47,1996,2025,4,APR,WS10M,wind_speed_ms,3.1227,0.4248,2.46,4.4,30,3.12,2.7245
Bihar,42500,Purnea,25.27,87.47,1996,2025,5,MAY,ALLSKY_SFC_SW_DWN,solar_kwh_m2_day,20.7667,1.6261,16.64,23.47,30,20.77,15.2244
Bihar,42500,Purnea,25.27,87.47,1996,2025,5,MAY,PRECTOTCORR,rainfall_mm,3.8197,1.8603,1.48,10.48,30,3.82,8.9691
Bihar,42500,Purnea,25.27,87.47,1996,2025,5,MAY,RH2M,humidity_pct,50.604,7.5792,33.56,62.94,30,50.6,87.0718
Bihar,42500,Purnea,25.27,87.47,1996,2025,5,MAY,T2M,temp_mean_c,32.4717,1.0339,30.47,34.72,30,32.47,29.0145
Bihar,42500,Purnea,25.27,87.47,1996,2025,5,MAY,T2M_MAX,temp_max_c,43.0357,1.4587,40.58,45.48,30,45.48,32.4191
Bihar,42500,Purnea,25.27,87.47,1996,2025,5,MAY,T2M_MIN,temp_min_c,23.096,1.1393,20.22,24.84,30,20.22,26.4191
Bihar,42500,Purnea,25.27,87.47,1996,2025,5,MAY,WS10M,wind_speed_ms,3.187,0.3268,2.54,3.95,30,3.19,2.7245
Bihar,42500,Purnea,25.27,87.47,1996,2025,6,JUN,ALLSKY_SFC_SW_DWN,solar_kwh_m2_day,18.2933,1.4445,16.23,21.73,30,18.29,15.2244
Bihar,42500,Purnea,25.27,87.47,1996,2025,6,JUN,PRECTOTCORR,rainfall_mm,6.1373,2.4428,3.12,11.54,30,6.14,8.9691
Bihar,42500,Purnea,25.27,87.47,1996,2025,6,JUN,RH2M,humidity_pct,65.934,8.5451,50.58,82.74,30,65.93,87.0718
Bihar,42500,Purnea,25.27,87.47,1996,2025,6,JUN,T2M,temp_mean_c,31.948,1.4265,29.24,34.43,30,31.95,29.0145
Bihar,42500,Purnea,25.27,87.47,1996,2025,6,JUN,T2M_MAX,temp_max_c,41.4427,2.5459,36.45,46.37,30,46.37,32.4191
Bihar,42500,Purnea,25.27,87.47,1996,2025,6,JUN,T2M_MIN,temp_min_c,25.8293,0.614,24.79,26.83,30,24.79,26.4191
Bihar,42500,Purnea,25.27,87.47,1996,2025,6,JUN,WS10M,wind_speed_ms,3.576,0.4748,2.37,4.4,30,3.58,2.7245
Bihar,42500,Purnea,25.27,87.47,1996,2025,7,JUL,ALLSKY_SFC_SW_DWN,solar_kwh_m2_day,16.221,1.3532,13.37,19.5,30,16.22,15.2244
Bihar,42500,Purnea,25.27,87.47,1996,2025,7,JUL,PRECTOTCORR,rainfall_mm,9.3083,2.7121,4.59,14.35,30,9.31,8.9691
Bihar,42500,Purnea,25.27,87.47,1996,2025,7,JUL,RH2M,humidity_pct,83.4677,3.2903,75.06,88.35,30,83.47,87.0718
Bihar,42500,Purnea,25.27,87.47,1996,2025,7,JUL,T2M,temp_mean_c,29.3873,0.5292,28.39,30.76,30,29.39,29.0145
Bihar,42500,Purnea,25.27,87.47,1996,2025,7,JUL,T2M_MAX,temp_max_c,35.5097,1.4743,33.41,38.61,30,38.61,32.4191
Bihar,42500,Purnea,25.27,87.47,1996,2025,7,JUL,T2M_MIN,temp_min_c,25.441,0.4605,24.53,26.42,30,24.53,26.4191
Bihar,42500,Purnea,25.27,87.47,1996,2025,7,JUL,WS10M,wind_speed_ms,3.532,0.3634,2.86,4.31,30,3.53,2.7245
Bihar,42500,Purnea,25.27,87.47,1996,2025,8,AUG,ALLSKY_SFC_SW_DWN,solar_kwh_m2_day,16.3843,1.3724,13.91,19.13,30,16.38,15.2244
Bihar,42500,Purnea,25.27,87.47,1996,2025,8,AUG,PRECTOTCORR,rainfall_mm,7.663,3.1755,2.67,15.87,30,7.66,8.9691
Bihar,42500,Purnea,25.27,87.47,1996,2025,8,AUG,RH2M,humidity_pct,86.0157,1.8933,81.31,89.2,30,86.02,87.0718
Bihar,42500,Purnea,25.27,87.47,1996,2025,8,AUG,T2M,temp_mean_c,28.7957,0.3189,28.18,29.49,30,28.8,29.0145
Bihar,42500,Purnea,25.27,87.47,1996,2025,8,AUG,T2M_MAX,temp_max_c,34.211,0.7218,32.5,35.65,30,35.65,32.4191
Bihar,42500,Purnea,25.27,87.47,1996,2025,8,AUG,T2M_MIN,temp_min_c,24.794,0.4402,23.5,25.75,30,23.5,26.4191
Bihar,42500,Purnea,25.27,87.47,1996,2025,8,AUG,WS10M,wind_speed_ms,3.1583,0.3862,2.21,3.88,30,3.16,2.7245
Bihar,42500,Purnea,25.27,87.47,1996,2025,9,SEP,ALLSKY_SFC_SW_DWN,solar_kwh_m2_day,16.084,1.2288,12.57,17.82,30,16.08,15.2244
Bihar,42500,Purnea,25.27,87.47,1996,2025,9,SEP,PRECTOTCORR,rainfall_mm,7.088,3.2634,2.56,15.34,30,7.09,8.9691
Bihar,42500,Purnea,25.27,87.47,1996,2025,9,SEP,RH2M,humidity_pct,86.463,2.5249,76.12,89.64,30,86.46,87.0718
Bihar,42500,Purnea,25.27,87.47,1996,2025,9,SEP,T2M,temp_mean_c,27.8817,0.4635,27.11,29.04,30,27.88,29.0145
Bihar,42500,Purnea,25.27,87.47,1996,2025,9,SEP,T2M_MAX,temp_max_c,33.3493,0.8203,31.86,35.98,30,35.98,32.4191
Bihar,42500,Purnea,25.27,87.47,1996,2025,9,SEP,T2M_MIN,temp_min_c,23.1943,1.0115,20.44,24.87,30,20.44,26.4191
Bihar,42500,Purnea,25.27,87.47,1996,2025,9,SEP,WS10M,wind_speed_ms,2.8057,0.403,2.16,3.68,30,2.81,2.7245
Bihar,42500,Purnea,25.27,87.47,1996,2025,10,OCT,ALLSKY_SFC_SW_DWN,solar_kwh_m2_day,16.2903,1.4455,13.48,18.23,30,16.29,15.2244
Bihar,42500,Purnea,25.27,87.47,1996,2025,10,OCT,PRECTOTCORR,rainfall_mm,2.978,2.1459,0.11,7.18,30,2.98,8.9691
Bihar,42500,Purnea,25.27,87.47,1996,2025,10,OCT,RH2M,humidity_pct,80.1847,5.7181,61.36,87.26,30,80.18,87.0718
Bihar,42500,Purnea,25.27,87.47,1996,2025,10,OCT,T2M,temp_mean_c,25.4653,0.7838,23.32,26.93,30,25.47,29.0145
Bihar,42500,Purnea,25.27,87.47,1996,2025,10,OCT,T2M_MAX,temp_max_c,32.2317,0.9537,30.56,35.41,30,35.41,32.4191
Bihar,42500,Purnea,25.27,87.47,1996,2025,10,OCT,T2M_MIN,temp_min_c,17.0067,1.5927,13.6,21.26,30,13.6,26.4191
Bihar,42500,Purnea,25.27,87.47,1996,2025,10,OCT,WS10M,wind_speed_ms,2.123,0.418,1.42,3.29,30,2.12,2.7245
Bihar,42500,Purnea,25.27,87.47,1996,2025,11,NOV,ALLSKY_SFC_SW_DWN,solar_kwh_m2_day,15.0783,1.0933,13.03,18.1,30,15.08,15.2244
Bihar,42500,Purnea,25.27,87.47,1996,2025,11,NOV,PRECTOTCORR,rainfall_mm,0.134,0.1771,0,0.62,30,0.13,8.9691
Bihar,42500,Purnea,25.27,87.47,1996,2025,11,NOV,RH2M,humidity_pct,72.0703,9.6724,44.78,84.9,30,72.07,87.0718
Bihar,42500,Purnea,25.27,87.47,1996,2025,11,NOV,T2M,temp_mean_c,21.0747,1.1256,18.88,24.16,30,21.07,29.0145
Bihar,42500,Purnea,25.27,87.47,1996,2025,11,NOV,T2M_MAX,temp_max_c,29.777,1.7441,26.7,35.22,30,35.22,32.4191
Bihar,42500,Purnea,25.27,87.47,1996,2025,11,NOV,T2M_MIN,temp_min_c,11.7973,1.6874,8.84,16.52,30,8.84,26.4191
Bihar,42500,Purnea,25.27,87.47,1996,2025,11,NOV,WS10M,wind_speed_ms,1.911,0.4131,1.28,3.57,30,1.91,2.7245
Bihar,42500,Purnea,25.27,87.47,1996,2025,12,DEC,ALLSKY_SFC_SW_DWN,solar_kwh_m2_day,12.0913,1.4781,9.87,15.29,30,12.09,15.2244
Bihar,42500,Purnea,25.27,87.47,1996,2025,12,DEC,PRECTOTCORR,rainfall_mm,0.087,0.1497,0,0.58,30,0.09,8.9691
Bihar,42500,Purnea,25.27,87.47,1996,2025,12,DEC,RH2M,humidity_pct,65.6167,10.7321,35.92,82.2,30,65.62,87.0718
Bihar,42500,Purnea,25.27,87.47,1996,2025,12,DEC,T2M,temp_mean_c,16.8287,0.9934,14.78,18.86,30,16.83,29.0145
Bihar,42500,Purnea,25.27,87.47,1996,2025,12,DEC,T2M_MAX,temp_max_c,26.6143,1.4634,24.12,30.73,30,30.73,32.4191
Bihar,42500,Purnea,25.27,87.47,1996,2025,12,DEC,T2M_MIN,temp_min_c,6.8353,1.4981,3.31,9.99,30,3.31,26.4191
Bihar,42500,Purnea,25.27,87.47,1996,2025,12,DEC,WS10M,wind_speed_ms,2.0617,0.4753,1.53,3.75,30,2.06,2.7245
Bihar,42397,Siliguri,26.71666667,88.41666667,1996,2025,0,ANNUAL,ALLSKY_SFC_SW_DWN,solar_kwh_m2_day,15.5497,0.5982,14.08,16.63,30,,16.01
Bihar,42397,Siliguri,26.71666667,88.41666667,1996,2025,0,ANNUAL,PRECTOTCORR,rainfall_mm,4.9353,1.2963,2.9,8.89,30,,17.7909
Bihar,42397,Siliguri,26.71666667,88.41666667,1996,2025,0,ANNUAL,RH2M,humidity_pct,64.8153,4.6177,53.85,74.62,30,,89.6845
Bihar,42397,Siliguri,26.71666667,88.41666667,1996,2025,0,ANNUAL,T2M,temp_mean_c,24.2297,0.3853,23.55,25.19,30,,27.4018
Bihar,42397,Siliguri,26.71666667,88.41666667,1996,2025,0,ANNUAL,T2M_MAX,temp_max_c,40.0817,1.5525,35.77,42.81,30,,30.0909
Bihar,42397,Siliguri,26.71666667,88.41666667,1996,2025,0,ANNUAL,T2M_MIN,temp_min_c,7.614,1.3618,4.28,10.14,30,,25.1291
Bihar,42397,Siliguri,26.71666667,88.41666667,1996,2025,0,ANNUAL,WS10M,wind_speed_ms,2.405,0.083,2.23,2.57,30,,1.6836
Bihar,42397,Siliguri,26.71666667,88.41666667,1996,2025,1,JAN,ALLSKY_SFC_SW_DWN,solar_kwh_m2_day,11.5513,1.125,9.47,13.63,30,11.55,16.01
Bihar,42397,Siliguri,26.71666667,88.41666667,1996,2025,1,JAN,PRECTOTCORR,rainfall_mm,0.1547,0.1809,0,0.74,30,0.15,17.7909
Bihar,42397,Siliguri,26.71666667,88.41666667,1996,2025,1,JAN,RH2M,humidity_pct,51.793,9.0209,30.84,72.76,30,51.79,89.6845
Bihar,42397,Siliguri,26.71666667,88.41666667,1996,2025,1,JAN,T2M,temp_mean_c,16.0917,0.857,14.32,17.8,30,16.09,27.4018
Bihar,42397,Siliguri,26.71666667,88.41666667,1996,2025,1,JAN,T2M_MAX,temp_max_c,26.054,1.1758,24.04,28.61,30,28.61,30.0909
Bihar,42397,Siliguri,26.71666667,88.41666667,1996,2025,1,JAN,T2M_MIN,temp_min_c,7.8647,1.4615,4.28,10.14,30,4.28,25.1291
Bihar,42397,Siliguri,26.71666667,88.41666667,1996,2025,1,JAN,WS10M,wind_speed_ms,2.1077,0.2275,1.74,2.92,30,2.11,1.6836
Bihar,42397,Siliguri,26.71666667,88.41666667,1996,2025,2,FEB,ALLSKY_SFC_SW_DWN,solar_kwh_m2_day,14.8967,1.2888,12.17,17.37,30,14.9,16.01
Bihar,42397,Siliguri,26.71666667,88.41666667,1996,2025,2,FEB,PRECTOTCORR,rainfall_mm,0.4007,0.4705,0.01,1.84,30,0.4,17.7909
Bihar,42397,Siliguri,26.71666667,88.41666667,1996,2025,2,FEB,RH2M,humidity_pct,42.601,8.2605,22.35,64.8,30,42.6,89.6845
Bihar,42397,Siliguri,26.71666667,88.41666667,1996,2025,2,FEB,T2M,temp_mean_c,19.3687,1.2609,16.65,21.49,30,19.37,27.4018
Bihar,42397,Siliguri,26.71666667,88.41666667,1996,2025,2,FEB,T2M_MAX,temp_max_c,30.9927,1.8995,28.27,35.21,30,35.21,30.0909
Bihar,42397,Siliguri,26.71666667,88.41666667,1996,2025,2,FEB,T2M_MIN,temp_min_c,9.7383,1.7232,6.69,13.69,30,6.69,25.1291
Bihar,42397,Siliguri,26.71666667,88.41666667,1996,2025,2,FEB,WS10M,wind_speed_ms,2.598,0.3271,2.2,3.76,30,2.6,1.6836
Bihar,42397,Siliguri,26.71666667,88.41666667,1996,2025,3,MAR,ALLSKY_SFC_SW_DWN,solar_kwh_m2_day,18.4167,1.1891,16.4,20.7,30,18.42,16.01
Bihar,42397,Siliguri,26.71666667,88.41666667,1996,2025,3,MAR,PRECTOTCORR,rainfall_mm,1.0003,1.3248,0.1,6.82,30,1,17.7909
Bihar,42397,Siliguri,26.71666667,88.41666667,1996,2025,3,MAR,RH2M,humidity_pct,33.8707,8.8621,16.11,55.95,30,33.87,89.6845
Bihar,42397,Siliguri,26.71666667,88.41666667,1996,2025,3,MAR,T2M,temp_mean_c,24.583,1.1201,22.56,27.29,30,24.58,27.4018
Bihar,42397,Siliguri,26.71666667,88.41666667,1996,2025,3,MAR,T2M_MAX,temp_max_c,36.6203,1.5758,33.48,40.29,30,40.29,30.0909
Bihar,42397,Siliguri,26.71666667,88.41666667,1996,2025,3,MAR,T2M_MIN,temp_min_c,13.9137,1.7195,10.07,19.02,30,10.07,25.1291
Bihar,42397,Siliguri,26.71666667,88.41666667,1996,2025,3,MAR,WS10M,wind_speed_ms,2.9757,0.2697,2.58,3.51,30,2.98,1.6836
Bihar,42397,Siliguri,26.71666667,88.41666667,1996,2025,4,APR,ALLSKY_SFC_SW_DWN,solar_kwh_m2_day,19.6817,1.7711,16.6,24.05,30,19.68,16.01
Bihar,42397,Siliguri,26.71666667,88.41666667,1996,2025,4,APR,PRECTOTCORR,rainfall_mm,2.369,1.1081,0.5,4.49,30,2.37,17.7909
Bihar,42397,Siliguri,26.71666667,88.41666667,1996,2025,4,APR,RH2M,humidity_pct,40.7753,9.4234,21.1,57.34,30,40.78,89.6845
Bihar,42397,Siliguri,26.71666667,88.41666667,1996,2025,4,APR,T2M,temp_mean_c,28.2617,1.1743,25.97,31.02,30,28.26,27.4018
Bihar,42397,Siliguri,26.71666667,88.41666667,1996,2025,4,APR,T2M_MAX,temp_max_c,39.3893,1.866,35.77,42.81,30,42.81,30.0909
Bihar,42397,Siliguri,26.71666667,88.41666667,1996,2025,4,APR,T2M_MIN,temp_min_c,18.343,1.2503,15.47,20.89,30,15.47,25.1291
Bihar,42397,Siliguri,26.71666667,88.41666667,1996,2025,4,APR,WS10M,wind_speed_ms,2.8833,0.3252,2.5,3.92,30,2.88,1.6836
Bihar,42397,Siliguri,26.71666667,88.41666667,1996,2025,5,MAY,ALLSKY_SFC_SW_DWN,solar_kwh_m2_day,18.6293,1.5516,14.58,21.88,30,18.63,16.01
Bihar,42397,Siliguri,26.71666667,88.41666667,1996,2025,5,MAY,PRECTOTCORR,rainfall_mm,5.3613,2.301,1.97,9.92,30,5.36,17.7909
Bihar,42397,Siliguri,26.71666667,88.41666667,1996,2025,5,MAY,RH2M,humidity_pct,57.959,8.2117,37.21,72.73,30,57.96,89.6845
Bihar,42397,Siliguri,26.71666667,88.41666667,1996,2025,5,MAY,T2M,temp_mean_c,29.315,1.0205,27.29,31.12,30,29.32,27.4018
Bihar,42397,Siliguri,26.71666667,88.41666667,1996,2025,5,MAY,T2M_MAX,temp_max_c,39.1057,1.6939,35.35,41.88,30,41.88,30.0909
Bihar,42397,Siliguri,26.71666667,88.41666667,1996,2025,5,MAY,T2M_MIN,temp_min_c,21.3163,0.8101,19.59,23.33,30,19.59,25.1291
Bihar,42397,Siliguri,26.71666667,88.41666667,1996,2025,5,MAY,WS10M,wind_speed_ms,2.6107,0.2256,2.19,3.05,30,2.61,1.6836
Bihar,42397,Siliguri,26.71666667,88.41666667,1996,2025,6,JUN,ALLSKY_SFC_SW_DWN,solar_kwh_m2_day,16.1923,1.3068,12.82,18.5,30,16.19,16.01
Bihar,42397,Siliguri,26.71666667,88.41666667,1996,2025,6,JUN,PRECTOTCORR,rainfall_mm,9.9673,4.7335,4.34,25.15,30,9.97,17.7909
Bihar,42397,Siliguri,26.71666667,88.41666667,1996,2025,6,JUN,RH2M,humidity_pct,74.3583,7.1937,56.19,85.43,30,74.36,89.6845
Bihar,42397,Siliguri,26.71666667,88.41666667,1996,2025,6,JUN,T2M,temp_mean_c,29.202,1.0073,27.54,31.46,30,29.2,27.4018
Bihar,42397,Siliguri,26.71666667,88.41666667,1996,2025,6,JUN,T2M_MAX,temp_max_c,37.3647,2.1871,32.8,40.77,30,40.77,30.0909
Bihar,42397,Siliguri,26.71666667,88.41666667,1996,2025,6,JUN,T2M_MIN,temp_min_c,23.9057,0.6162,22.73,25.06,30,22.73,25.1291
Bihar,42397,Siliguri,26.71666667,88.41666667,1996,2025,6,JUN,WS10M,wind_speed_ms,2.781,0.3371,2.04,3.38,30,2.78,1.6836
Bihar,42397,Siliguri,26.71666667,88.41666667,1996,2025,7,JUL,ALLSKY_SFC_SW_DWN,solar_kwh_m2_day,14.944,1.6155,11.04,17.25,30,14.94,16.01
Bihar,42397,Siliguri,26.71666667,88.41666667,1996,2025,7,JUL,PRECTOTCORR,rainfall_mm,14.5403,5.1817,4.9,27.69,30,14.54,17.7909
Bihar,42397,Siliguri,26.71666667,88.41666667,1996,2025,7,JUL,RH2M,humidity_pct,87.2533,2.3616,80.71,91.7,30,87.25,89.6845
Bihar,42397,Siliguri,26.71666667,88.41666667,1996,2025,7,JUL,T2M,temp_mean_c,27.7057,0.3827,27.02,28.71,30,27.71,27.4018
Bihar,42397,Siliguri,26.71666667,88.41666667,1996,2025,7,JUL,T2M_MAX,temp_max_c,33.0147,1.1204,30.89,36.07,30,36.07,30.0909
Bihar,42397,Siliguri,26.71666667,88.41666667,1996,2025,7,JUL,T2M_MIN,temp_min_c,24.0433,0.5109,23.05,25,30,23.05,25.1291
Bihar,42397,Siliguri,26.71666667,88.41666667,1996,2025,7,JUL,WS10M,wind_speed_ms,2.7393,0.2827,2.06,3.2,30,2.74,1.6836
Bihar,42397,Siliguri,26.71666667,88.41666667,1996,2025,8,AUG,ALLSKY_SFC_SW_DWN,solar_kwh_m2_day,15.48,1.5966,12.72,18.09,30,15.48,16.01
Bihar,42397,Siliguri,26.71666667,88.41666667,1996,2025,8,AUG,PRECTOTCORR,rainfall_mm,12.0583,4.7999,4.79,20.34,30,12.06,17.7909
Bihar,42397,Siliguri,26.71666667,88.41666667,1996,2025,8,AUG,RH2M,humidity_pct,88.0783,1.5598,84.62,90.72,30,88.08,89.6845
Bihar,42397,Siliguri,26.71666667,88.41666667,1996,2025,8,AUG,T2M,temp_mean_c,27.3883,0.3298,26.73,28.03,30,27.39,27.4018
Bihar,42397,Siliguri,26.71666667,88.41666667,1996,2025,8,AUG,T2M_MAX,temp_max_c,32.705,0.6805,31.02,34.11,30,34.11,30.0909
Bihar,42397,Siliguri,26.71666667,88.41666667,1996,2025,8,AUG,T2M_MIN,temp_min_c,23.6583,0.5411,22.37,24.46,30,22.37,25.1291
Bihar,42397,Siliguri,26.71666667,88.41666667,1996,2025,8,AUG,WS10M,wind_speed_ms,2.503,0.2273,1.9,2.93,30,2.5,1.6836
Bihar,42397,Siliguri,26.71666667,88.41666667,1996,2025,9,SEP,ALLSKY_SFC_SW_DWN,solar_kwh_m2_day,15.1347,1.3208,10.9,17.06,30,15.14,16.01
Bihar,42397,Siliguri,26.71666667,88.41666667,1996,2025,9,SEP,PRECTOTCORR,rainfall_mm,9.4433,4.6437,3.26,25.56,30,9.44,17.7909
Bihar,42397,Siliguri,26.71666667,88.41666667,1996,2025,9,SEP,RH2M,humidity_pct,87.49,1.8423,82.63,90.97,30,87.49,89.6845
Bihar,42397,Siliguri,26.71666667,88.41666667,1996,2025,9,SEP,T2M,temp_mean_c,26.4637,0.4658,25.74,27.62,30,26.46,27.4018
Bihar,42397,Siliguri,26.71666667,88.41666667,1996,2025,9,SEP,T2M_MAX,temp_max_c,31.8227,0.9189,30.57,34.16,30,34.16,30.0909
Bihar,42397,Siliguri,26.71666667,88.41666667,1996,2025,9,SEP,T2M_MIN,temp_min_c,22.0853,0.9183,20.21,23.7,30,20.21,25.1291
Bihar,42397,Siliguri,26.71666667,88.41666667,1996,2025,9,SEP,WS10M,wind_speed_ms,2.2793,0.213,1.95,2.7,30,2.28,1.6836
Bihar,42397,Siliguri,26.71666667,88.41666667,1996,2025,10,OCT,ALLSKY_SFC_SW_DWN,solar_kwh_m2_day,15.5793,1.351,12.48,17.63,30,15.58,16.01
Bihar,42397,Siliguri,26.71666667,88.41666667,1996,2025,10,OCT,PRECTOTCORR,rainfall_mm,3.3227,2.5782,0.25,9.59,30,3.32,17.7909
Bihar,42397,Siliguri,26.71666667,88.41666667,1996,2025,10,OCT,RH2M,humidity_pct,80.2183,4.9508,69.31,89.18,30,80.22,89.6845
Bihar,42397,Siliguri,26.71666667,88.41666667,1996,2025,10,OCT,T2M,temp_mean_c,24.2457,0.6365,23.07,25.98,30,24.25,27.4018
Bihar,42397,Siliguri,26.71666667,88.41666667,1996,2025,10,OCT,T2M_MAX,temp_max_c,30.694,1.0465,29.05,33.86,30,33.86,30.0909
Bihar,42397,Siliguri,26.71666667,88.41666667,1996,2025,10,OCT,T2M_MIN,temp_min_c,17.883,1.1868,16.01,20.51,30,16.01,25.1291
Bihar,42397,Siliguri,26.71666667,88.41666667,1996,2025,10,OCT,WS10M,wind_speed_ms,1.907,0.2482,1.54,2.5,30,1.91,1.6836
Bihar,42397,Siliguri,26.71666667,88.41666667,1996,2025,11,NOV,ALLSKY_SFC_SW_DWN,solar_kwh_m2_day,14.2623,0.8834,12.64,16.03,30,14.26,16.01
Bihar,42397,Siliguri,26.71666667,88.41666667,1996,2025,11,NOV,PRECTOTCORR,rainfall_mm,0.1963,0.3208,0,1.58,30,0.2,17.7909
Bihar,42397,Siliguri,26.71666667,88.41666667,1996,2025,11,NOV,RH2M,humidity_pct,70.1397,8.2206,47.42,86.23,30,70.14,89.6845
Bihar,42397,Siliguri,26.71666667,88.41666667,1996,2025,11,NOV,T2M,temp_mean_c,20.716,0.7497,19.22,22.72,30,20.72,27.4018
Bihar,42397,Siliguri,26.71666667,88.41666667,1996,2025,11,NOV,T2M_MAX,temp_max_c,28.3147,1.51,25.25,32.74,30,32.74,30.0909
Bihar,42397,Siliguri,26.71666667,88.41666667,1996,2025,11,NOV,T2M_MIN,temp_min_c,13.447,1.4954,10.71,17.24,30,10.71,25.1291
Bihar,42397,Siliguri,26.71666667,88.41666667,1996,2025,11,NOV,WS10M,wind_speed_ms,1.7257,0.1683,1.5,2.35,30,1.73,1.6836
Bihar,42397,Siliguri,26.71666667,88.41666667,1996,2025,12,DEC,ALLSKY_SFC_SW_DWN,solar_kwh_m2_day,11.8647,0.9608,10.44,14.08,30,11.87,16.01
Bihar,42397,Siliguri,26.71666667,88.41666667,1996,2025,12,DEC,PRECTOTCORR,rainfall_mm,0.091,0.1569,0,0.61,30,0.09,17.7909
Bihar,42397,Siliguri,26.71666667,88.41666667,1996,2025,12,DEC,RH2M,humidity_pct,61.698,9.1345,37.47,79.27,30,61.7,89.6845
Bihar,42397,Siliguri,26.71666667,88.41666667,1996,2025,12,DEC,T2M,temp_mean_c,17.245,0.7888,16.02,18.9,30,17.24,27.4018
Bihar,42397,Siliguri,26.71666667,88.41666667,1996,2025,12,DEC,T2M_MAX,temp_max_c,26.137,1.1525,23.68,28.11,30,28.11,30.0909
Bihar,42397,Siliguri,26.71666667,88.41666667,1996,2025,12,DEC,T2M_MIN,temp_min_c,9.133,1.3145,6.87,11.93,30,6.87,25.1291
Bihar,42397,Siliguri,26.71666667,88.41666667,1996,2025,12,DEC,WS10M,wind_speed_ms,1.7707,0.1382,1.57,2.18,30,1.77,1.6836
Bihar,42393,Supaul,26.13,86.58,1996,2025,0,ANNUAL,ALLSKY_SFC_SW_DWN,solar_kwh_m2_day,16.7307,0.5876,15.42,17.83,30,,17.7144
Bihar,42393,Supaul,26.13,86.58,1996,2025,0,ANNUAL,PRECTOTCORR,rainfall_mm,3.2103,0.9734,1.74,5.8,30,,21.6055
Bihar,42393,Supaul,26.13,86.58,1996,2025,0,ANNUAL,RH2M,humidity_pct,61.0707,5.6231,49.75,72.4,30,,88.1673
Bihar,42393,Supaul,26.13,86.58,1996,2025,0,ANNUAL,T2M,temp_mean_c,25.608,0.4747,24.39,26.37,30,,28.8182
Bihar,42393,Supaul,26.13,86.58,1996,2025,0,ANNUAL,T2M_MAX,temp_max_c,43.9137,1.4046,41.33,47.28,30,,31.92
Bihar,42393,Supaul,26.13,86.58,1996,2025,0,ANNUAL,T2M_MIN,temp_min_c,5.321,1.2966,1.08,7.28,30,,26.3864
Bihar,42393,Supaul,26.13,86.58,1996,2025,0,ANNUAL,WS10M,wind_speed_ms,2.9153,0.1712,2.59,3.29,30,,3.0264
Bihar,42393,Supaul,26.13,86.58,1996,2025,1,JAN,ALLSKY_SFC_SW_DWN,solar_kwh_m2_day,11.022,1.3276,8.39,13.66,30,11.02,17.7144
Bihar,42393,Supaul,26.13,86.58,1996,2025,1,JAN,PRECTOTCORR,rainfall_mm,0.1843,0.2568,0,1.2,30,0.18,21.6055
Bihar,42393,Supaul,26.13,86.58,1996,2025,1,JAN,RH2M,humidity_pct,53.1533,10.1527,31.75,79.32,30,53.15,88.1673
Bihar,42393,Supaul,26.13,86.58,1996,2025,1,JAN,T2M,temp_mean_c,15.788,0.9766,13.48,17.36,30,15.79,28.8182
Bihar,42393,Supaul,26.13,86.58,1996,2025,1,JAN,T2M_MAX,temp_max_c,27.362,1.4824,24.12,30.24,30,30.24,31.92
Bihar,42393,Supaul,26.13,86.58,1996,2025,1,JAN,T2M_MIN,temp_min_c,5.659,1.3952,1.08,8.3,30,1.08,26.3864
Bihar,42393,Supaul,26.13,86.58,1996,2025,1,JAN,WS10M,wind_speed_ms,2.521,0.4543,1.92,4.14,30,2.52,3.0264
Bihar,42393,Supaul,26.13,86.58,1996,2025,2,FEB,ALLSKY_SFC_SW_DWN,solar_kwh_m2_day,15.627,1.1052,13.31,17.76,30,15.63,17.7144
Bihar,42393,Supaul,26.13,86.58,1996,2025,2,FEB,PRECTOTCORR,rainfall_mm,0.3293,0.3993,0,1.31,30,0.33,21.6055
Bihar,42393,Supaul,26.13,86.58,1996,2025,2,FEB,RH2M,humidity_pct,42.8143,9.1699,22.47,67.66,30,42.81,88.1673
Bihar,42393,Supaul,26.13,86.58,1996,2025,2,FEB,T2M,temp_mean_c,19.8497,1.2834,17.03,22.4,30,19.85,28.8182
Bihar,42393,Supaul,26.13,86.58,1996,2025,2,FEB,T2M_MAX,temp_max_c,32.8927,2.0046,28.89,37.87,30,37.87,31.92
Bihar,42393,Supaul,26.13,86.58,1996,2025,2,FEB,T2M_MIN,temp_min_c,8.0107,1.4939,5.69,11.62,30,5.69,26.3864
Bihar,42393,Supaul,26.13,86.58,1996,2025,2,FEB,WS10M,wind_speed_ms,2.9543,0.5195,2.21,4.91,30,2.95,3.0264
Bihar,42393,Supaul,26.13,86.58,1996,2025,3,MAR,ALLSKY_SFC_SW_DWN,solar_kwh_m2_day,19.841,1.0042,17.8,21.74,30,19.84,17.7144
Bihar,42393,Supaul,26.13,86.58,1996,2025,3,MAR,PRECTOTCORR,rainfall_mm,0.5713,0.7724,0.01,3.77,30,0.57,21.6055
Bihar,42393,Supaul,26.13,86.58,1996,2025,3,MAR,RH2M,humidity_pct,31.855,9.1015,13.84,56.04,30,31.85,88.1673
Bihar,42393,Supaul,26.13,86.58,1996,2025,3,MAR,T2M,temp_mean_c,25.933,1.1514,23.55,28.59,30,25.93,28.8182
Bihar,42393,Supaul,26.13,86.58,1996,2025,3,MAR,T2M_MAX,temp_max_c,39.1743,1.5129,36.09,42.39,30,42.39,31.92
Bihar,42393,Supaul,26.13,86.58,1996,2025,3,MAR,T2M_MIN,temp_min_c,12.8297,1.7762,9.4,17.67,30,9.4,26.3864
Bihar,42393,Supaul,26.13,86.58,1996,2025,3,MAR,WS10M,wind_speed_ms,3.3097,0.4245,2.53,4.17,30,3.31,3.0264
Bihar,42393,Supaul,26.13,86.58,1996,2025,4,APR,ALLSKY_SFC_SW_DWN,solar_kwh_m2_day,22.0343,1.3977,19.52,24.68,30,22.03,17.7144
Bihar,42393,Supaul,26.13,86.58,1996,2025,4,APR,PRECTOTCORR,rainfall_mm,1.2353,0.7969,0.07,2.78,30,1.24,21.6055
Bihar,42393,Supaul,26.13,86.58,1996,2025,4,APR,RH2M,humidity_pct,33.1947,8.7874,18.44,48.65,30,33.19,88.1673
Bihar,42393,Supaul,26.13,86.58,1996,2025,4,APR,T2M,temp_mean_c,30.8287,1.1995,28.33,33.93,30,30.83,28.8182
Bihar,42393,Supaul,26.13,86.58,1996,2025,4,APR,T2M_MAX,temp_max_c,42.6507,1.6785,39.16,45.48,30,45.48,31.92
Bihar,42393,Supaul,26.13,86.58,1996,2025,4,APR,T2M_MIN,temp_min_c,18.856,1.393,15.23,21.14,30,15.23,26.3864
Bihar,42393,Supaul,26.13,86.58,1996,2025,4,APR,WS10M,wind_speed_ms,3.357,0.4468,2.69,4.64,30,3.36,3.0264
Bihar,42393,Supaul,26.13,86.58,1996,2025,5,MAY,ALLSKY_SFC_SW_DWN,solar_kwh_m2_day,21.4933,1.6479,15.86,23.98,30,21.49,17.7144
Bihar,42393,Supaul,26.13,86.58,1996,2025,5,MAY,PRECTOTCORR,rainfall_mm,3.28,1.9328,0.87,10.17,30,3.28,21.6055
Bihar,42393,Supaul,26.13,86.58,1996,2025,5,MAY,RH2M,humidity_pct,46.541,8.0673,27.13,58.56,30,46.54,88.1673
Bihar,42393,Supaul,26.13,86.58,1996,2025,5,MAY,T2M,temp_mean_c,32.6223,1.1466,30.17,34.99,30,32.62,28.8182
Bihar,42393,Supaul,26.13,86.58,1996,2025,5,MAY,T2M_MAX,temp_max_c,43.3547,1.5189,40.31,46.75,30,46.75,31.92
Bihar,42393,Supaul,26.13,86.58,1996,2025,5,MAY,T2M_MIN,temp_min_c,22.7717,1.1738,19.82,25.11,30,19.82,26.3864
Bihar,42393,Supaul,26.13,86.58,1996,2025,5,MAY,WS10M,wind_speed_ms,3.3093,0.4095,2.52,4.09,30,3.31,3.0264
Bihar,42393,Supaul,26.13,86.58,1996,2025,6,JUN,ALLSKY_SFC_SW_DWN,solar_kwh_m2_day,19.145,1.5033,15.75,21.68,30,19.15,17.7144
Bihar,42393,Supaul,26.13,86.58,1996,2025,6,JUN,PRECTOTCORR,rainfall_mm,6.2203,3.4418,2.01,16.84,30,6.22,21.6055
Bihar,42393,Supaul,26.13,86.58,1996,2025,6,JUN,RH2M,humidity_pct,62.1173,9.2325,43.95,81.68,30,62.12,88.1673
Bihar,42393,Supaul,26.13,86.58,1996,2025,6,JUN,T2M,temp_mean_c,32.391,1.5279,29.31,34.89,30,32.39,28.8182
Bihar,42393,Supaul,26.13,86.58,1996,2025,6,JUN,T2M_MAX,temp_max_c,42.059,2.432,37.06,47.28,30,47.28,31.92
Bihar,42393,Supaul,26.13,86.58,1996,2025,6,JUN,T2M_MIN,temp_min_c,25.7513,0.7754,23.94,27.18,30,23.94,26.3864
Bihar,42393,Supaul,26.13,86.58,1996,2025,6,JUN,WS10M,wind_speed_ms,3.616,0.5528,2.13,4.69,30,3.62,3.0264
Bihar,42393,Supaul,26.13,86.58,1996,2025,7,JUL,ALLSKY_SFC_SW_DWN,solar_kwh_m2_day,16.8643,1.4132,13.53,19.41,30,16.86,17.7144
Bihar,42393,Supaul,26.13,86.58,1996,2025,7,JUL,PRECTOTCORR,rainfall_mm,9.633,3.3271,3.96,16.62,30,9.63,21.6055
Bihar,42393,Supaul,26.13,86.58,1996,2025,7,JUL,RH2M,humidity_pct,82.1573,4.5614,72.58,89.51,30,82.16,88.1673
Bihar,42393,Supaul,26.13,86.58,1996,2025,7,JUL,T2M,temp_mean_c,29.5443,0.6613,28.45,31.16,30,29.54,28.8182
Bihar,42393,Supaul,26.13,86.58,1996,2025,7,JUL,T2M_MAX,temp_max_c,36.1397,1.9363,33.37,40.64,30,40.64,31.92
Bihar,42393,Supaul,26.13,86.58,1996,2025,7,JUL,T2M_MIN,temp_min_c,25.325,0.5037,23.86,26.4,30,23.86,26.3864
Bihar,42393,Supaul,26.13,86.58,1996,2025,7,JUL,WS10M,wind_speed_ms,3.632,0.4533,2.82,4.49,30,3.63,3.0264
Bihar,42393,Supaul,26.13,86.58,1996,2025,8,AUG,ALLSKY_SFC_SW_DWN,solar_kwh_m2_day,17.2487,1.4622,13.74,20.14,30,17.25,17.7144
Bihar,42393,Supaul,26.13,86.58,1996,2025,8,AUG,PRECTOTCORR,rainfall_mm,7.5713,3.5769,2.33,18.87,30,7.57,21.6055
Bihar,42393,Supaul,26.13,86.58,1996,2025,8,AUG,RH2M,humidity_pct,85.2697,2.7782,77.15,89.45,30,85.27,88.1673
Bihar,42393,Supaul,26.13,86.58,1996,2025,8,AUG,T2M,temp_mean_c,28.893,0.3913,28.2,30.1,30,28.89,28.8182
Bihar,42393,Supaul,26.13,86.58,1996,2025,8,AUG,T2M_MAX,temp_max_c,34.6823,1.0851,32.76,37.4,30,37.4,31.92
Bihar,42393,Supaul,26.13,86.58,1996,2025,8,AUG,T2M_MIN,temp_min_c,24.6297,0.5996,23.14,25.55,30,23.14,26.3864
Bihar,42393,Supaul,26.13,86.58,1996,2025,8,AUG,WS10M,wind_speed_ms,3.233,0.4486,2.18,4.13,30,3.23,3.0264
Bihar,42393,Supaul,26.13,86.58,1996,2025,9,SEP,ALLSKY_SFC_SW_DWN,solar_kwh_m2_day,16.3363,1.1836,12.81,18.2,30,16.34,17.7144
Bihar,42393,Supaul,26.13,86.58,1996,2025,9,SEP,PRECTOTCORR,rainfall_mm,6.7883,3.9505,2.8,19.61,30,6.79,21.6055
Bihar,42393,Supaul,26.13,86.58,1996,2025,9,SEP,RH2M,humidity_pct,85.7067,2.9402,77.79,89.49,30,85.71,88.1673
Bihar,42393,Supaul,26.13,86.58,1996,2025,9,SEP,T2M,temp_mean_c,27.8543,0.4128,27.23,28.68,30,27.85,28.8182
Bihar,42393,Supaul,26.13,86.58,1996,2025,9,SEP,T2M_MAX,temp_max_c,33.6867,0.9912,32.37,35.74,30,35.74,31.92
Bihar,42393,Supaul,26.13,86.58,1996,2025,9,SEP,T2M_MIN,temp_min_c,22.8477,0.9959,21.04,24.77,30,21.04,26.3864
Bihar,42393,Supaul,26.13,86.58,1996,2025,9,SEP,WS10M,wind_speed_ms,2.9383,0.466,2.15,3.99,30,2.94,3.0264
Bihar,42393,Supaul,26.13,86.58,1996,2025,10,OCT,ALLSKY_SFC_SW_DWN,solar_kwh_m2_day,16.0417,1.1362,13.56,17.58,30,16.04,17.7144
Bihar,42393,Supaul,26.13,86.58,1996,2025,10,OCT,PRECTOTCORR,rainfall_mm,2.326,1.9527,0.2,7.3,30,2.33,21.6055
Bihar,42393,Supaul,26.13,86.58,1996,2025,10,OCT,RH2M,humidity_pct,78.1963,6.6507,62.8,88.56,30,78.2,88.1673
Bihar,42393,Supaul,26.13,86.58,1996,2025,10,OCT,T2M,temp_mean_c,25.437,0.6937,23.84,26.9,30,25.44,28.8182
Bihar,42393,Supaul,26.13,86.58,1996,2025,10,OCT,T2M_MAX,temp_max_c,32.8147,1.1599,30.6,36.19,30,36.19,31.92
Bihar,42393,Supaul,26.13,86.58,1996,2025,10,OCT,T2M_MIN,temp_min_c,16.9083,1.4684,13.61,20.82,30,13.61,26.3864
Bihar,42393,Supaul,26.13,86.58,1996,2025,10,OCT,WS10M,wind_speed_ms,2.1557,0.4662,1.36,3.39,30,2.16,3.0264
Bihar,42393,Supaul,26.13,86.58,1996,2025,11,NOV,ALLSKY_SFC_SW_DWN,solar_kwh_m2_day,14.024,0.945,12.29,16.2,30,14.02,17.7144
Bihar,42393,Supaul,26.13,86.58,1996,2025,11,NOV,PRECTOTCORR,rainfall_mm,0.0967,0.1205,0,0.39,30,0.1,21.6055
Bihar,42393,Supaul,26.13,86.58,1996,2025,11,NOV,RH2M,humidity_pct,68.285,10.4832,44.05,85.43,30,68.28,88.1673
Bihar,42393,Supaul,26.13,86.58,1996,2025,11,NOV,T2M,temp_mean_c,21.1483,1.082,19.07,23.62,30,21.15,28.8182
Bihar,42393,Supaul,26.13,86.58,1996,2025,11,NOV,T2M_MAX,temp_max_c,30.465,1.7829,26.53,34.74,30,34.74,31.92
Bihar,42393,Supaul,26.13,86.58,1996,2025,11,NOV,T2M_MIN,temp_min_c,11.738,1.6866,8.66,16.46,30,8.66,26.3864
Bihar,42393,Supaul,26.13,86.58,1996,2025,11,NOV,WS10M,wind_speed_ms,1.9247,0.4031,1.3,3.6,30,1.92,3.0264
Bihar,42393,Supaul,26.13,86.58,1996,2025,12,DEC,ALLSKY_SFC_SW_DWN,solar_kwh_m2_day,11.148,1.1691,9.34,13.78,30,11.15,17.7144
Bihar,42393,Supaul,26.13,86.58,1996,2025,12,DEC,PRECTOTCORR,rainfall_mm,0.0847,0.1615,0,0.7,30,0.08,21.6055
Bihar,42393,Supaul,26.13,86.58,1996,2025,12,DEC,RH2M,humidity_pct,62.1057,11.303,34.81,83.06,30,62.11,88.1673
Bihar,42393,Supaul,26.13,86.58,1996,2025,12,DEC,T2M,temp_mean_c,16.8327,1.0703,14.42,18.83,30,16.83,28.8182
Bihar,42393,Supaul,26.13,86.58,1996,2025,12,DEC,T2M_MAX,temp_max_c,27.3817,1.5294,23.92,30.5,30,30.5,31.92
Bihar,42393,Supaul,26.13,86.58,1996,2025,12,DEC,T2M_MIN,temp_min_c,6.8427,1.6186,2.84,10.27,30,2.84,26.3864
Bihar,42393,Supaul,26.13,86.58,1996,2025,12,DEC,WS10M,wind_speed_ms,2.0483,0.4307,1.6,3.73,30,2.05,3.0264
Haryana,42255,Alwar,27.5,76.58,1996,2025,0,ANNUAL,ALLSKY_SFC_SW_DWN,solar_kwh_m2_day,17.96,0.7217,16.51,19.13,30,,11.8644
Haryana,42255,Alwar,27.5,76.58,1996,2025,0,ANNUAL,PRECTOTCORR,rainfall_mm,1.6707,0.4428,0.93,2.55,30,,12.46
Haryana,42255,Alwar,27.5,76.58,1996,2025,0,ANNUAL,RH2M,humidity_pct,42.7133,5.5761,31.93,51.56,30,,83.8745
Haryana,42255,Alwar,27.5,76.58,1996,2025,0,ANNUAL,T2M,temp_mean_c,26.1357,0.6345,24.99,27.48,30,,28.8891
Haryana,42255,Alwar,27.5,76.58,1996,2025,0,ANNUAL,T2M_MAX,temp_max_c,47.0913,1.0253,44.67,49.09,30,,32.3809
Haryana,42255,Alwar,27.5,76.58,1996,2025,0,ANNUAL,T2M_MIN,temp_min_c,3.3437,1.3933,0.26,6.09,30,,26.1109
Haryana,42255,Alwar,27.5,76.58,1996,2025,0,ANNUAL,WS10M,wind_speed_ms,2.956,0.1604,2.73,3.27,30,,2.7318
Haryana,42255,Alwar,27.5,76.58,1996,2025,1,JAN,ALLSKY_SFC_SW_DWN,solar_kwh_m2_day,12.447,1.4514,9.58,15.58,30,12.45,11.8644
Haryana,42255,Alwar,27.5,76.58,1996,2025,1,JAN,PRECTOTCORR,rainfall_mm,0.4217,0.4867,0,2.32,30,0.42,12.46
Haryana,42255,Alwar,27.5,76.58,1996,2025,1,JAN,RH2M,humidity_pct,40.8733,10.1579,25.9,65.3,30,40.87,83.8745
Haryana,42255,Alwar,27.5,76.58,1996,2025,1,JAN,T2M,temp_mean_c,14.3757,1.0345,12.81,16.45,30,14.38,28.8891
Haryana,42255,Alwar,27.5,76.58,1996,2025,1,JAN,T2M_MAX,temp_max_c,27.9413,1.8344,25.15,31.72,30,31.72,32.3809
Haryana,42255,Alwar,27.5,76.58,1996,2025,1,JAN,T2M_MIN,temp_min_c,3.6473,1.3492,0.77,6.09,30,0.77,26.1109
Haryana,42255,Alwar,27.5,76.58,1996,2025,1,JAN,WS10M,wind_speed_ms,2.546,0.2887,1.93,3.06,30,2.55,2.7318
Haryana,42255,Alwar,27.5,76.58,1996,2025,2,FEB,ALLSKY_SFC_SW_DWN,solar_kwh_m2_day,16.7853,1.0761,14.22,18.49,30,16.79,11.8644
Haryana,42255,Alwar,27.5,76.58,1996,2025,2,FEB,PRECTOTCORR,rainfall_mm,0.4263,0.5128,0,1.73,30,0.43,12.46
Haryana,42255,Alwar,27.5,76.58,1996,2025,2,FEB,RH2M,humidity_pct,35.9733,9.6263,20.35,53.55,30,35.97,83.8745
Haryana,42255,Alwar,27.5,76.58,1996,2025,2,FEB,T2M,temp_mean_c,18.1917,1.5822,15.72,23.36,30,18.19,28.8891
Haryana,42255,Alwar,27.5,76.58,1996,2025,2,FEB,T2M_MAX,temp_max_c,33.084,2.2583,28.1,36.78,30,36.78,32.3809
Haryana,42255,Alwar,27.5,76.58,1996,2025,2,FEB,T2M_MIN,temp_min_c,5.9723,1.7358,1.93,11.56,30,1.93,26.1109
Haryana,42255,Alwar,27.5,76.58,1996,2025,2,FEB,WS10M,wind_speed_ms,2.7973,0.238,2.43,3.37,30,2.8,2.7318
Haryana,42255,Alwar,27.5,76.58,1996,2025,3,MAR,ALLSKY_SFC_SW_DWN,solar_kwh_m2_day,20.753,1.1699,17.53,23.15,30,20.75,11.8644
Haryana,42255,Alwar,27.5,76.58,1996,2025,3,MAR,PRECTOTCORR,rainfall_mm,0.3887,0.5438,0,2.32,30,0.39,12.46
Haryana,42255,Alwar,27.5,76.58,1996,2025,3,MAR,RH2M,humidity_pct,28.345,9.6342,14.93,50.18,30,28.35,83.8745
Haryana,42255,Alwar,27.5,76.58,1996,2025,3,MAR,T2M,temp_mean_c,24.455,1.5839,21.7,27.3,30,24.46,28.8891
Haryana,42255,Alwar,27.5,76.58,1996,2025,3,MAR,T2M_MAX,temp_max_c,39.4673,2.5914,34.27,43.58,30,43.58,32.3809
Haryana,42255,Alwar,27.5,76.58,1996,2025,3,MAR,T2M_MIN,temp_min_c,10.711,2.396,5.98,14.66,30,5.98,26.1109
Haryana,42255,Alwar,27.5,76.58,1996,2025,3,MAR,WS10M,wind_speed_ms,3.0177,0.3231,2.18,3.66,30,3.02,2.7318
Haryana,42255,Alwar,27.5,76.58,1996,2025,4,APR,ALLSKY_SFC_SW_DWN,solar_kwh_m2_day,23.957,0.9272,21.76,25.46,30,23.96,11.8644
Haryana,42255,Alwar,27.5,76.58,1996,2025,4,APR,PRECTOTCORR,rainfall_mm,0.3213,0.3825,0,1.34,30,0.32,12.46
Haryana,42255,Alwar,27.5,76.58,1996,2025,4,APR,RH2M,humidity_pct,20.6383,6.9206,9.12,40.08,30,20.64,83.8745
Haryana,42255,Alwar,27.5,76.58,1996,2025,4,APR,T2M,temp_mean_c,30.9973,1.4649,28.09,33.75,30,31,28.8891
Haryana,42255,Alwar,27.5,76.58,1996,2025,4,APR,T2M_MAX,temp_max_c,44.0233,1.4983,41.16,46.86,30,46.86,32.3809
Haryana,42255,Alwar,27.5,76.58,1996,2025,4,APR,T2M_MIN,temp_min_c,17.0457,1.7997,12.66,20.6,30,12.66,26.1109
Haryana,42255,Alwar,27.5,76.58,1996,2025,4,APR,WS10M,wind_speed_ms,3.26,0.3624,2.62,4.19,30,3.26,2.7318
Haryana,42255,Alwar,27.5,76.58,1996,2025,5,MAY,ALLSKY_SFC_SW_DWN,solar_kwh_m2_day,23.998,1.2366,20.98,26.44,30,24,11.8644
Haryana,42255,Alwar,27.5,76.58,1996,2025,5,MAY,PRECTOTCORR,rainfall_mm,0.8197,0.6684,0.04,2.85,30,0.82,12.46
Haryana,42255,Alwar,27.5,76.58,1996,2025,5,MAY,RH2M,humidity_pct,23.0467,5.6225,14.03,35.11,30,23.05,83.8745
Haryana,42255,Alwar,27.5,76.58,1996,2025,5,MAY,T2M,temp_mean_c,35.2237,1.2189,32.17,36.81,30,35.22,28.8891
Haryana,42255,Alwar,27.5,76.58,1996,2025,5,MAY,T2M_MAX,temp_max_c,46.5867,1.2825,42.27,49.09,30,49.09,32.3809
Haryana,42255,Alwar,27.5,76.58,1996,2025,5,MAY,T2M_MIN,temp_min_c,23.136,2.2683,18.28,27.05,30,18.28,26.1109
Haryana,42255,Alwar,27.5,76.58,1996,2025,5,MAY,WS10M,wind_speed_ms,3.723,0.4803,2.8,4.61,30,3.72,2.7318
Haryana,42255,Alwar,27.5,76.58,1996,2025,6,JUN,ALLSKY_SFC_SW_DWN,solar_kwh_m2_day,21.5127,1.2967,18.58,24.31,30,21.51,11.8644
Haryana,42255,Alwar,27.5,76.58,1996,2025,6,JUN,PRECTOTCORR,rainfall_mm,2.2073,1.2395,0.25,4.9,30,2.21,12.46
Haryana,42255,Alwar,27.5,76.58,1996,2025,6,JUN,RH2M,humidity_pct,36.6933,7.4992,23.75,54.96,30,36.69,83.8745
Haryana,42255,Alwar,27.5,76.58,1996,2025,6,JUN,T2M,temp_mean_c,35.7793,1.4138,32.78,37.98,30,35.78,28.8891
Haryana,42255,Alwar,27.5,76.58,1996,2025,6,JUN,T2M_MAX,temp_max_c,46.0737,1.6291,41.88,48.44,30,48.44,32.3809
Haryana,42255,Alwar,27.5,76.58,1996,2025,6,JUN,T2M_MIN,temp_min_c,26.136,1.6319,22.2,29.01,30,22.2,26.1109
Haryana,42255,Alwar,27.5,76.58,1996,2025,6,JUN,WS10M,wind_speed_ms,3.751,0.5666,2.93,5.12,30,3.75,2.7318
Haryana,42255,Alwar,27.5,76.58,1996,2025,7,JUL,ALLSKY_SFC_SW_DWN,solar_kwh_m2_day,17.95,1.3673,15.39,21.38,30,17.95,11.8644
Haryana,42255,Alwar,27.5,76.58,1996,2025,7,JUL,PRECTOTCORR,rainfall_mm,5.588,2.5151,0.23,12.19,30,5.59,12.46
Haryana,42255,Alwar,27.5,76.58,1996,2025,7,JUL,RH2M,humidity_pct,60.931,10.2594,29.63,79.49,30,60.93,83.8745
Haryana,42255,Alwar,27.5,76.58,1996,2025,7,JUL,T2M,temp_mean_c,32.3373,1.6569,29.56,37.69,30,32.34,28.8891
Haryana,42255,Alwar,27.5,76.58,1996,2025,7,JUL,T2M_MAX,temp_max_c,42.1903,2.4542,36.67,46.77,30,46.77,32.3809
Haryana,42255,Alwar,27.5,76.58,1996,2025,7,JUL,T2M_MIN,temp_min_c,25.7203,1.1788,23.7,30.27,30,23.7,26.1109
Haryana,42255,Alwar,27.5,76.58,1996,2025,7,JUL,WS10M,wind_speed_ms,3.3353,0.5178,2.36,4.82,30,3.34,2.7318
Haryana,42255,Alwar,27.5,76.58,1996,2025,8,AUG,ALLSKY_SFC_SW_DWN,solar_kwh_m2_day,17.3747,1.7976,13.61,21.24,30,17.37,11.8644
Haryana,42255,Alwar,27.5,76.58,1996,2025,8,AUG,PRECTOTCORR,rainfall_mm,5.503,2.5805,1.45,12.68,30,5.5,12.46
Haryana,42255,Alwar,27.5,76.58,1996,2025,8,AUG,RH2M,humidity_pct,72.0067,8.9734,55.29,86.78,30,72.01,83.8745
Haryana,42255,Alwar,27.5,76.58,1996,2025,8,AUG,T2M,temp_mean_c,29.9037,1.2765,28.14,32.42,30,29.9,28.8891
Haryana,42255,Alwar,27.5,76.58,1996,2025,8,AUG,T2M_MAX,temp_max_c,37.6023,2.5187,32.92,43.34,30,43.34,32.3809
Haryana,42255,Alwar,27.5,76.58,1996,2025,8,AUG,T2M_MIN,temp_min_c,24.0483,0.9364,22.15,25.96,30,22.15,26.1109
Haryana,42255,Alwar,27.5,76.58,1996,2025,8,AUG,WS10M,wind_speed_ms,3.1,0.4575,2.23,4.22,30,3.1,2.7318
Haryana,42255,Alwar,27.5,76.58,1996,2025,9,SEP,ALLSKY_SFC_SW_DWN,solar_kwh_m2_day,18.326,1.6145,14.85,20.87,30,18.32,11.8644
Haryana,42255,Alwar,27.5,76.58,1996,2025,9,SEP,PRECTOTCORR,rainfall_mm,3.2623,1.945,0.75,7.37,30,3.26,12.46
Haryana,42255,Alwar,27.5,76.58,1996,2025,9,SEP,RH2M,humidity_pct,66.617,11.7695,42.55,87.08,30,66.62,83.8745
Haryana,42255,Alwar,27.5,76.58,1996,2025,9,SEP,T2M,temp_mean_c,28.8827,1.3718,26.6,31.38,30,28.88,28.8891
Haryana,42255,Alwar,27.5,76.58,1996,2025,9,SEP,T2M_MAX,temp_max_c,37.4613,2.6139,32.54,41.37,30,41.37,32.3809
Haryana,42255,Alwar,27.5,76.58,1996,2025,9,SEP,T2M_MIN,temp_min_c,20.9633,1.3221,17.76,23.76,30,17.76,26.1109
Haryana,42255,Alwar,27.5,76.58,1996,2025,9,SEP,WS10M,wind_speed_ms,2.8623,0.3761,2.11,3.81,30,2.86,2.7318
Haryana,42255,Alwar,27.5,76.58,1996,2025,10,OCT,ALLSKY_SFC_SW_DWN,solar_kwh_m2_day,17.0367,0.9215,14.84,18.27,30,17.04,11.8644
Haryana,42255,Alwar,27.5,76.58,1996,2025,10,OCT,PRECTOTCORR,rainfall_mm,0.663,0.8301,0,2.62,30,0.66,12.46
Haryana,42255,Alwar,27.5,76.58,1996,2025,10,OCT,RH2M,humidity_pct,48.8603,12.7955,22.47,70.13,30,48.86,83.8745
Haryana,42255,Alwar,27.5,76.58,1996,2025,10,OCT,T2M,temp_mean_c,25.9743,1.2009,23.77,28.43,30,25.97,28.8891
Haryana,42255,Alwar,27.5,76.58,1996,2025,10,OCT,T2M_MAX,temp_max_c,36.682,2.123,32.5,40.54,30,40.54,32.3809
Haryana,42255,Alwar,27.5,76.58,1996,2025,10,OCT,T2M_MIN,temp_min_c,15.801,1.1635,13.17,18.65,30,13.17,26.1109
Haryana,42255,Alwar,27.5,76.58,1996,2025,10,OCT,WS10M,wind_speed_ms,2.3313,0.2362,1.83,2.68,30,2.33,2.7318
Haryana,42255,Alwar,27.5,76.58,1996,2025,11,NOV,ALLSKY_SFC_SW_DWN,solar_kwh_m2_day,13.5117,1.2613,10.51,16.02,30,13.51,11.8644
Haryana,42255,Alwar,27.5,76.58,1996,2025,11,NOV,PRECTOTCORR,rainfall_mm,0.1283,0.2991,0,1.52,30,0.13,12.46
Haryana,42255,Alwar,27.5,76.58,1996,2025,11,NOV,RH2M,humidity_pct,39.434,11.3603,19.24,59.98,30,39.43,83.8745
Haryana,42255,Alwar,27.5,76.58,1996,2025,11,NOV,T2M,temp_mean_c,21.033,1.0745,18.97,22.56,30,21.03,28.8891
Haryana,42255,Alwar,27.5,76.58,1996,2025,11,NOV,T2M_MAX,temp_max_c,33.2433,1.777,30.43,39.11,30,39.11,32.3809
Haryana,42255,Alwar,27.5,76.58,1996,2025,11,NOV,T2M_MIN,temp_min_c,10.495,1.2273,8.54,12.8,30,8.54,26.1109
Haryana,42255,Alwar,27.5,76.58,1996,2025,11,NOV,WS10M,wind_speed_ms,2.3543,0.2717,1.82,3.06,30,2.35,2.7318
Haryana,42255,Alwar,27.5,76.58,1996,2025,12,DEC,ALLSKY_SFC_SW_DWN,solar_kwh_m2_day,11.9343,0.9501,9.2,13.9,30,11.93,11.8644
Haryana,42255,Alwar,27.5,76.58,1996,2025,12,DEC,PRECTOTCORR,rainfall_mm,0.1747,0.2659,0,1.05,30,0.17,12.46
Haryana,42255,Alwar,27.5,76.58,1996,2025,12,DEC,RH2M,humidity_pct,38.3327,10.5514,18.95,59.12,30,38.33,83.8745
Haryana,42255,Alwar,27.5,76.58,1996,2025,12,DEC,T2M,temp_mean_c,16.1737,1.2061,13.27,18.53,30,16.17,28.8891
Haryana,42255,Alwar,27.5,76.58,1996,2025,12,DEC,T2M_MAX,temp_max_c,28.8317,1.6765,24.86,31.69,30,31.69,32.3809
Haryana,42255,Alwar,27.5,76.58,1996,2025,12,DEC,T2M_MIN,temp_min_c,5.3397,1.7073,0.26,7.74,30,0.26,26.1109
Haryana,42255,Alwar,27.5,76.58,1996,2025,12,DEC,WS10M,wind_speed_ms,2.398,0.2441,1.9,2.94,30,2.4,2.7318
Haryana,42350,Bhiwani,28.833,76.167,1996,2025,0,ANNUAL,ALLSKY_SFC_SW_DWN,solar_kwh_m2_day,17.808,0.6539,16.58,18.8,30,,13.0522
Haryana,42350,Bhiwani,28.833,76.167,1996,2025,0,ANNUAL,PRECTOTCORR,rainfall_mm,1.6257,0.4691,0.66,2.68,30,,7.4782
Haryana,42350,Bhiwani,28.833,76.167,1996,2025,0,ANNUAL,RH2M,humidity_pct,42.7537,5.9874,30.39,52.85,30,,78.9455
Haryana,42350,Bhiwani,28.833,76.167,1996,2025,0,ANNUAL,T2M,temp_mean_c,25.752,0.7086,24.79,27.36,30,,29.7745
Haryana,42350,Bhiwani,28.833,76.167,1996,2025,0,ANNUAL,T2M_MAX,temp_max_c,46.9743,1.0162,44.54,48.65,30,,34.0036
Haryana,42350,Bhiwani,28.833,76.167,1996,2025,0,ANNUAL,T2M_MIN,temp_min_c,2.1387,1.3948,-0.59,5.34,30,,26.5191
Haryana,42350,Bhiwani,28.833,76.167,1996,2025,0,ANNUAL,WS10M,wind_speed_ms,2.8937,0.1548,2.67,3.22,30,,3.11
Haryana,42350,Bhiwani,28.833,76.167,1996,2025,1,JAN,ALLSKY_SFC_SW_DWN,solar_kwh_m2_day,11.1843,1.6777,7.11,14.75,30,11.18,13.0522
Haryana,42350,Bhiwani,28.833,76.167,1996,2025,1,JAN,PRECTOTCORR,rainfall_mm,0.527,0.5429,0,2.68,30,0.53,7.4782
Haryana,42350,Bhiwani,28.833,76.167,1996,2025,1,JAN,RH2M,humidity_pct,43.343,9.9844,28.01,70.24,30,43.34,78.9455
Haryana,42350,Bhiwani,28.833,76.167,1996,2025,1,JAN,T2M,temp_mean_c,13.2793,0.9541,11.58,15.05,30,13.28,29.7745
Haryana,42350,Bhiwani,28.833,76.167,1996,2025,1,JAN,T2M_MAX,temp_max_c,26.3837,1.8481,23.75,30.91,30,30.91,34.0036
Haryana,42350,Bhiwani,28.833,76.167,1996,2025,1,JAN,T2M_MIN,temp_min_c,2.5417,1.5347,-0.59,5.67,30,-0.59,26.5191
Haryana,42350,Bhiwani,28.833,76.167,1996,2025,1,JAN,WS10M,wind_speed_ms,2.6803,0.261,2.22,3.2,30,2.68,3.11
Haryana,42350,Bhiwani,28.833,76.167,1996,2025,2,FEB,ALLSKY_SFC_SW_DWN,solar_kwh_m2_day,16.0187,1.109,13.13,17.94,30,16.02,13.0522
Haryana,42350,Bhiwani,28.833,76.167,1996,2025,2,FEB,PRECTOTCORR,rainfall_mm,0.6633,0.7748,0,3.13,30,0.66,7.4782
Haryana,42350,Bhiwani,28.833,76.167,1996,2025,2,FEB,RH2M,humidity_pct,40.751,10.3733,24.29,59.61,30,40.75,78.9455
Haryana,42350,Bhiwani,28.833,76.167,1996,2025,2,FEB,T2M,temp_mean_c,16.964,1.567,14.62,22.17,30,16.96,29.7745
Haryana,42350,Bhiwani,28.833,76.167,1996,2025,2,FEB,T2M_MAX,temp_max_c,31.3207,2.2709,27.07,34.71,30,34.71,34.0036
Haryana,42350,Bhiwani,28.833,76.167,1996,2025,2,FEB,T2M_MIN,temp_min_c,4.5577,1.5726,1.7,9.19,30,1.7,26.5191
Haryana,42350,Bhiwani,28.833,76.167,1996,2025,2,FEB,WS10M,wind_speed_ms,2.8607,0.2127,2.31,3.29,30,2.86,3.11
Haryana,42350,Bhiwani,28.833,76.167,1996,2025,3,MAR,ALLSKY_SFC_SW_DWN,solar_kwh_m2_day,20.3753,1.1243,17.72,22.65,30,20.38,13.0522
Haryana,42350,Bhiwani,28.833,76.167,1996,2025,3,MAR,PRECTOTCORR,rainfall_mm,0.6,0.7347,0,2.76,30,0.6,7.4782
Haryana,42350,Bhiwani,28.833,76.167,1996,2025,3,MAR,RH2M,humidity_pct,33.1093,11.378,17.09,59.11,30,33.11,78.9455
Haryana,42350,Bhiwani,28.833,76.167,1996,2025,3,MAR,T2M,temp_mean_c,23.2607,1.6401,20.24,26.55,30,23.26,29.7745
Haryana,42350,Bhiwani,28.833,76.167,1996,2025,3,MAR,T2M_MAX,temp_max_c,38.4593,2.4026,32.75,42.3,30,42.3,34.0036
Haryana,42350,Bhiwani,28.833,76.167,1996,2025,3,MAR,T2M_MIN,temp_min_c,9.537,2.4256,4.52,14.44,30,4.52,26.5191
Haryana,42350,Bhiwani,28.833,76.167,1996,2025,3,MAR,WS10M,wind_speed_ms,2.9727,0.2577,2.32,3.51,30,2.97,3.11
Haryana,42350,Bhiwani,28.833,76.167,1996,2025,4,APR,ALLSKY_SFC_SW_DWN,solar_kwh_m2_day,23.8517,0.7941,22.18,25.27,30,23.85,13.0522
Haryana,42350,Bhiwani,28.833,76.167,1996,2025,4,APR,PRECTOTCORR,rainfall_mm,0.454,0.4863,0,1.92,30,0.45,7.4782
Haryana,42350,Bhiwani,28.833,76.167,1996,2025,4,APR,RH2M,humidity_pct,23.821,8.1011,10.18,43.54,30,23.82,78.9455
Haryana,42350,Bhiwani,28.833,76.167,1996,2025,4,APR,T2M,temp_mean_c,30.016,1.5613,27.35,32.82,30,30.02,29.7745
Haryana,42350,Bhiwani,28.833,76.167,1996,2025,4,APR,T2M_MAX,temp_max_c,43.4437,1.6243,40.59,46.82,30,46.82,34.0036
Haryana,42350,Bhiwani,28.833,76.167,1996,2025,4,APR,T2M_MIN,temp_min_c,15.843,1.9617,11.95,20.26,30,11.95,26.5191
Haryana,42350,Bhiwani,28.833,76.167,1996,2025,4,APR,WS10M,wind_speed_ms,3.16,0.2842,2.53,3.93,30,3.16,3.11
Haryana,42350,Bhiwani,28.833,76.167,1996,2025,5,MAY,ALLSKY_SFC_SW_DWN,solar_kwh_m2_day,24.117,1.1469,21.76,26.41,30,24.12,13.0522
Haryana,42350,Bhiwani,28.833,76.167,1996,2025,5,MAY,PRECTOTCORR,rainfall_mm,1.205,0.9422,0.02,3.54,30,1.21,7.4782
Haryana,42350,Bhiwani,28.833,76.167,1996,2025,5,MAY,RH2M,humidity_pct,24.9263,6.7819,15.55,40.59,30,24.93,78.9455
Haryana,42350,Bhiwani,28.833,76.167,1996,2025,5,MAY,T2M,temp_mean_c,34.476,1.4649,30.63,36.58,30,34.48,29.7745
Haryana,42350,Bhiwani,28.833,76.167,1996,2025,5,MAY,T2M_MAX,temp_max_c,46.3433,1.2752,42.18,48.39,30,48.39,34.0036
Haryana,42350,Bhiwani,28.833,76.167,1996,2025,5,MAY,T2M_MIN,temp_min_c,22.229,2.1928,17.85,26.22,30,17.85,26.5191
Haryana,42350,Bhiwani,28.833,76.167,1996,2025,5,MAY,WS10M,wind_speed_ms,3.4793,0.4725,2.8,4.72,30,3.48,3.11
Haryana,42350,Bhiwani,28.833,76.167,1996,2025,6,JUN,ALLSKY_SFC_SW_DWN,solar_kwh_m2_day,21.8,1.2632,18.66,24.71,30,21.8,13.0522
Haryana,42350,Bhiwani,28.833,76.167,1996,2025,6,JUN,PRECTOTCORR,rainfall_mm,2.5587,1.2738,0.66,5.51,30,2.56,7.4782
Haryana,42350,Bhiwani,28.833,76.167,1996,2025,6,JUN,RH2M,humidity_pct,37.4973,7.8901,23.83,57.74,30,37.5,78.9455
Haryana,42350,Bhiwani,28.833,76.167,1996,2025,6,JUN,T2M,temp_mean_c,35.565,1.3316,32.77,37.96,30,35.56,29.7745
Haryana,42350,Bhiwani,28.833,76.167,1996,2025,6,JUN,T2M_MAX,temp_max_c,46.068,1.622,41.89,48.65,30,48.65,34.0036
Haryana,42350,Bhiwani,28.833,76.167,1996,2025,6,JUN,T2M_MIN,temp_min_c,25.5057,1.6833,20.67,28.04,30,20.67,26.5191
Haryana,42350,Bhiwani,28.833,76.167,1996,2025,6,JUN,WS10M,wind_speed_ms,3.5883,0.5686,2.71,5.1,30,3.59,3.11
Haryana,42350,Bhiwani,28.833,76.167,1996,2025,7,JUL,ALLSKY_SFC_SW_DWN,solar_kwh_m2_day,18.6417,1.5182,16.19,21.85,30,18.64,13.0522
Haryana,42350,Bhiwani,28.833,76.167,1996,2025,7,JUL,PRECTOTCORR,rainfall_mm,5.024,3.0837,0.32,12.3,30,5.02,7.4782
Haryana,42350,Bhiwani,28.833,76.167,1996,2025,7,JUL,RH2M,humidity_pct,58.5057,11.3747,27.25,75.83,30,58.51,78.9455
Haryana,42350,Bhiwani,28.833,76.167,1996,2025,7,JUL,T2M,temp_mean_c,33.088,1.8407,30.41,38.24,30,33.09,29.7745
Haryana,42350,Bhiwani,28.833,76.167,1996,2025,7,JUL,T2M_MAX,temp_max_c,42.8917,2.2273,38.93,46.95,30,46.95,34.0036
Haryana,42350,Bhiwani,28.833,76.167,1996,2025,7,JUL,T2M_MIN,temp_min_c,26.0817,1.3776,23.4,30.33,30,23.4,26.5191
Haryana,42350,Bhiwani,28.833,76.167,1996,2025,7,JUL,WS10M,wind_speed_ms,3.1697,0.4977,2.41,4.77,30,3.17,3.11
Haryana,42350,Bhiwani,28.833,76.167,1996,2025,8,AUG,ALLSKY_SFC_SW_DWN,solar_kwh_m2_day,18.255,1.6153,15.11,21.74,30,18.26,13.0522
Haryana,42350,Bhiwani,28.833,76.167,1996,2025,8,AUG,PRECTOTCORR,rainfall_mm,4.4133,2.3271,1.14,8.46,30,4.41,7.4782
Haryana,42350,Bhiwani,28.833,76.167,1996,2025,8,AUG,RH2M,humidity_pct,66.876,10.0546,44.77,80.46,30,66.88,78.9455
Haryana,42350,Bhiwani,28.833,76.167,1996,2025,8,AUG,T2M,temp_mean_c,31.002,1.4919,29.15,34.24,30,31,29.7745
Haryana,42350,Bhiwani,28.833,76.167,1996,2025,8,AUG,T2M_MAX,temp_max_c,39.2047,2.5506,35.58,44.98,30,44.98,34.0036
Haryana,42350,Bhiwani,28.833,76.167,1996,2025,8,AUG,T2M_MIN,temp_min_c,24.6083,0.9824,22.27,26.43,30,22.27,26.5191
Haryana,42350,Bhiwani,28.833,76.167,1996,2025,8,AUG,WS10M,wind_speed_ms,2.913,0.3734,2.19,3.86,30,2.91,3.11
Haryana,42350,Bhiwani,28.833,76.167,1996,2025,9,SEP,ALLSKY_SFC_SW_DWN,solar_kwh_m2_day,18.47,1.4634,15.06,20.95,30,18.47,13.0522
Haryana,42350,Bhiwani,28.833,76.167,1996,2025,9,SEP,PRECTOTCORR,rainfall_mm,3.12,2.3253,0.46,8.08,30,3.12,7.4782
Haryana,42350,Bhiwani,28.833,76.167,1996,2025,9,SEP,RH2M,humidity_pct,62.4303,11.1246,36.25,84.71,30,62.43,78.9455
Haryana,42350,Bhiwani,28.833,76.167,1996,2025,9,SEP,T2M,temp_mean_c,29.447,1.3756,27.07,33.15,30,29.45,29.7745
Haryana,42350,Bhiwani,28.833,76.167,1996,2025,9,SEP,T2M_MAX,temp_max_c,38.5387,2.5249,33.3,43.3,30,43.3,34.0036
Haryana,42350,Bhiwani,28.833,76.167,1996,2025,9,SEP,T2M_MIN,temp_min_c,20.7293,1.4642,17.65,24.9,30,17.65,26.5191
Haryana,42350,Bhiwani,28.833,76.167,1996,2025,9,SEP,WS10M,wind_speed_ms,2.644,0.3303,1.95,3.15,30,2.64,3.11
Haryana,42350,Bhiwani,28.833,76.167,1996,2025,10,OCT,ALLSKY_SFC_SW_DWN,solar_kwh_m2_day,16.852,0.86,15.12,18.1,30,16.85,13.0522
Haryana,42350,Bhiwani,28.833,76.167,1996,2025,10,OCT,PRECTOTCORR,rainfall_mm,0.5313,0.7014,0,2.42,30,0.53,7.4782
Haryana,42350,Bhiwani,28.833,76.167,1996,2025,10,OCT,RH2M,humidity_pct,45.5053,12.9186,19.78,67.46,30,45.51,78.9455
Haryana,42350,Bhiwani,28.833,76.167,1996,2025,10,OCT,T2M,temp_mean_c,25.9007,1.2817,23.76,28.44,30,25.9,29.7745
Haryana,42350,Bhiwani,28.833,76.167,1996,2025,10,OCT,T2M_MAX,temp_max_c,36.9347,2.0453,33.43,40.51,30,40.51,34.0036
Haryana,42350,Bhiwani,28.833,76.167,1996,2025,10,OCT,T2M_MIN,temp_min_c,15.2497,1.5138,12.44,18.35,30,12.44,26.5191
Haryana,42350,Bhiwani,28.833,76.167,1996,2025,10,OCT,WS10M,wind_speed_ms,2.255,0.225,1.76,2.71,30,2.26,3.11
Haryana,42350,Bhiwani,28.833,76.167,1996,2025,11,NOV,ALLSKY_SFC_SW_DWN,solar_kwh_m2_day,13.046,1.1709,10.19,15.38,30,13.05,13.0522
Haryana,42350,Bhiwani,28.833,76.167,1996,2025,11,NOV,PRECTOTCORR,rainfall_mm,0.108,0.1682,0,0.82,30,0.11,7.4782
Haryana,42350,Bhiwani,28.833,76.167,1996,2025,11,NOV,RH2M,humidity_pct,37.7977,11.2798,17.6,58.27,30,37.8,78.9455
Haryana,42350,Bhiwani,28.833,76.167,1996,2025,11,NOV,T2M,temp_mean_c,20.3967,1.1153,18.3,22.13,30,20.4,29.7745
Haryana,42350,Bhiwani,28.833,76.167,1996,2025,11,NOV,T2M_MAX,temp_max_c,32.659,1.803,29.16,37.86,30,37.86,34.0036
Haryana,42350,Bhiwani,28.833,76.167,1996,2025,11,NOV,T2M_MIN,temp_min_c,9.3083,1.3465,7.5,12.33,30,7.5,26.5191
Haryana,42350,Bhiwani,28.833,76.167,1996,2025,11,NOV,WS10M,wind_speed_ms,2.443,0.2589,1.96,3.02,30,2.44,3.11
Haryana,42350,Bhiwani,28.833,76.167,1996,2025,12,DEC,ALLSKY_SFC_SW_DWN,solar_kwh_m2_day,11.1213,1.026,7.49,12.87,30,11.12,13.0522
Haryana,42350,Bhiwani,28.833,76.167,1996,2025,12,DEC,PRECTOTCORR,rainfall_mm,0.215,0.3118,0,1.22,30,0.21,7.4782
Haryana,42350,Bhiwani,28.833,76.167,1996,2025,12,DEC,RH2M,humidity_pct,38.0197,10.177,18.67,58.94,30,38.02,78.9455
Haryana,42350,Bhiwani,28.833,76.167,1996,2025,12,DEC,T2M,temp_mean_c,15.265,1.1408,12.45,17.18,30,15.26,29.7745
Haryana,42350,Bhiwani,28.833,76.167,1996,2025,12,DEC,T2M_MAX,temp_max_c,27.9607,1.5384,24.4,29.9,30,29.9,34.0036
Haryana,42350,Bhiwani,28.833,76.167,1996,2025,12,DEC,T2M_MIN,temp_min_c,4.1417,1.7402,-0.01,6.78,30,-0.01,26.5191
Haryana,42350,Bhiwani,28.833,76.167,1996,2025,12,DEC,WS10M,wind_speed_ms,2.5567,0.267,2.08,3.29,30,2.56,3.11
Haryana,42170,Churu,28.25,74.92,1996,2025,0,ANNUAL,ALLSKY_SFC_SW_DWN,solar_kwh_m2_day,19.5237,0.6404,18.13,20.71,30,,17.98
Haryana,42170,Churu,28.25,74.92,1996,2025,0,ANNUAL,PRECTOTCORR,rainfall_mm,1.237,0.3686,0.42,1.91,30,,7.0491
Haryana,42170,Churu,28.25,74.92,1996,2025,0,ANNUAL,RH2M,humidity_pct,37.285,4.7301,27.1,45.1,30,,69.3473
Haryana,42170,Churu,28.25,74.92,1996,2025,0,ANNUAL,T2M,temp_mean_c,26.4623,0.6257,25.23,27.86,30,,31.2945
Haryana,42170,Churu,28.25,74.92,1996,2025,0,ANNUAL,T2M_MAX,temp_max_c,45.946,1.0731,43.61,48.56,30,,36.0664
Haryana,42170,Churu,28.25,74.92,1996,2025,0,ANNUAL,T2M_MIN,temp_min_c,3.5037,1.3684,1.16,6.87,30,,27.3845
Haryana,42170,Churu,28.25,74.92,1996,2025,0,ANNUAL,WS10M,wind_speed_ms,3.059,0.1528,2.82,3.46,30,,2.9045
Haryana,42170,Churu,28.25,74.92,1996,2025,1,JAN,ALLSKY_SFC_SW_DWN,solar_kwh_m2_day,13.1047,1.0622,10.43,15.24,30,13.11,17.98
Haryana,42170,Churu,28.25,74.92,1996,2025,1,JAN,PRECTOTCORR,rainfall_mm,0.2883,0.3157,0,1.55,30,0.29,7.0491
Haryana,42170,Churu,28.25,74.92,1996,2025,1,JAN,RH2M,humidity_pct,37.7717,7.8742,25.75,59.03,30,37.77,69.3473
Haryana,42170,Churu,28.25,74.92,1996,2025,1,JAN,T2M,temp_mean_c,14.115,0.9348,12.53,15.66,30,14.11,31.2945
Haryana,42170,Churu,28.25,74.92,1996,2025,1,JAN,T2M_MAX,temp_max_c,26.7363,1.4863,24.05,29.9,30,29.9,36.0664
Haryana,42170,Churu,28.25,74.92,1996,2025,1,JAN,T2M_MIN,temp_min_c,4.049,1.3669,1.42,6.87,30,1.42,27.3845
Haryana,42170,Churu,28.25,74.92,1996,2025,1,JAN,WS10M,wind_speed_ms,2.4443,0.1934,2.16,3.01,30,2.44,2.9045
Haryana,42170,Churu,28.25,74.92,1996,2025,2,FEB,ALLSKY_SFC_SW_DWN,solar_kwh_m2_day,17.326,0.8612,15.42,19.07,30,17.33,17.98
Haryana,42170,Churu,28.25,74.92,1996,2025,2,FEB,PRECTOTCORR,rainfall_mm,0.4593,0.6333,0,2.65,30,0.46,7.0491
Haryana,42170,Churu,28.25,74.92,1996,2025,2,FEB,RH2M,humidity_pct,34.03,7.8331,20.84,51.2,30,34.03,69.3473
Haryana,42170,Churu,28.25,74.92,1996,2025,2,FEB,T2M,temp_mean_c,17.8217,1.5403,15.25,22.24,30,17.82,31.2945
Haryana,42170,Churu,28.25,74.92,1996,2025,2,FEB,T2M_MAX,temp_max_c,31.5433,1.9597,27.5,35,30,35,36.0664
Haryana,42170,Churu,28.25,74.92,1996,2025,2,FEB,T2M_MIN,temp_min_c,5.5607,1.9422,1.77,10.37,30,1.77,27.3845
Haryana,42170,Churu,28.25,74.92,1996,2025,2,FEB,WS10M,wind_speed_ms,2.7073,0.1549,2.42,2.99,30,2.71,2.9045
Haryana,42170,Churu,28.25,74.92,1996,2025,3,MAR,ALLSKY_SFC_SW_DWN,solar_kwh_m2_day,21.4553,1.2315,18.43,24.01,30,21.45,17.98
Haryana,42170,Churu,28.25,74.92,1996,2025,3,MAR,PRECTOTCORR,rainfall_mm,0.4703,0.5984,0,2.2,30,0.47,7.0491
Haryana,42170,Churu,28.25,74.92,1996,2025,3,MAR,RH2M,humidity_pct,28.9763,8.5754,16.22,49.98,30,28.98,69.3473
Haryana,42170,Churu,28.25,74.92,1996,2025,3,MAR,T2M,temp_mean_c,23.8873,1.5351,21.23,27.03,30,23.89,31.2945
Haryana,42170,Churu,28.25,74.92,1996,2025,3,MAR,T2M_MAX,temp_max_c,38.084,1.963,33.59,41.58,30,41.58,36.0664
Haryana,42170,Churu,28.25,74.92,1996,2025,3,MAR,T2M_MIN,temp_min_c,10.7503,2.748,5.07,15.55,30,5.07,27.3845
Haryana,42170,Churu,28.25,74.92,1996,2025,3,MAR,WS10M,wind_speed_ms,2.8557,0.2213,2.28,3.3,30,2.86,2.9045
Haryana,42170,Churu,28.25,74.92,1996,2025,4,APR,ALLSKY_SFC_SW_DWN,solar_kwh_m2_day,24.936,1.0705,22.19,28.1,30,24.94,17.98
Haryana,42170,Churu,28.25,74.92,1996,2025,4,APR,PRECTOTCORR,rainfall_mm,0.4133,0.4357,0,1.9,30,0.41,7.0491
Haryana,42170,Churu,28.25,74.92,1996,2025,4,APR,RH2M,humidity_pct,22.4763,6.0702,11.79,36.11,30,22.48,69.3473
Haryana,42170,Churu,28.25,74.92,1996,2025,4,APR,T2M,temp_mean_c,30.165,1.4138,27.6,32.92,30,30.16,31.2945
Haryana,42170,Churu,28.25,74.92,1996,2025,4,APR,T2M_MAX,temp_max_c,42.6,1.5807,39.46,45.36,30,45.36,36.0664
Haryana,42170,Churu,28.25,74.92,1996,2025,4,APR,T2M_MIN,temp_min_c,16.6003,1.9162,13.54,20.1,30,13.54,27.3845
Haryana,42170,Churu,28.25,74.92,1996,2025,4,APR,WS10M,wind_speed_ms,3.137,0.3109,2.68,3.94,30,3.14,2.9045
Haryana,42170,Churu,28.25,74.92,1996,2025,5,MAY,ALLSKY_SFC_SW_DWN,solar_kwh_m2_day,25.6533,1.002,22.75,28.06,30,25.65,17.98
Haryana,42170,Churu,28.25,74.92,1996,2025,5,MAY,PRECTOTCORR,rainfall_mm,0.998,0.7526,0.03,3.24,30,1,7.0491
Haryana,42170,Churu,28.25,74.92,1996,2025,5,MAY,RH2M,humidity_pct,24.2677,5.1155,15.17,37.72,30,24.27,69.3473
Haryana,42170,Churu,28.25,74.92,1996,2025,5,MAY,T2M,temp_mean_c,34.4213,1.3263,31.24,36.29,30,34.42,31.2945
Haryana,42170,Churu,28.25,74.92,1996,2025,5,MAY,T2M_MAX,temp_max_c,45.4567,1.2195,43.31,48.56,30,48.56,36.0664
Haryana,42170,Churu,28.25,74.92,1996,2025,5,MAY,T2M_MIN,temp_min_c,22.328,2.1577,18.19,26.28,30,18.19,27.3845
Haryana,42170,Churu,28.25,74.92,1996,2025,5,MAY,WS10M,wind_speed_ms,3.8217,0.624,2.83,5.29,30,3.82,2.9045
Haryana,42170,Churu,28.25,74.92,1996,2025,6,JUN,ALLSKY_SFC_SW_DWN,solar_kwh_m2_day,23.826,1.2755,20.66,25.69,30,23.83,17.98
Haryana,42170,Churu,28.25,74.92,1996,2025,6,JUN,PRECTOTCORR,rainfall_mm,2.0913,1.0899,0.47,4.65,30,2.09,7.0491
Haryana,42170,Churu,28.25,74.92,1996,2025,6,JUN,RH2M,humidity_pct,35.4137,6.2193,25.67,50.14,30,35.41,69.3473
Haryana,42170,Churu,28.25,74.92,1996,2025,6,JUN,T2M,temp_mean_c,35.6973,1.0753,33.54,37.54,30,35.7,31.2945
Haryana,42170,Churu,28.25,74.92,1996,2025,6,JUN,T2M_MAX,temp_max_c,45.1623,1.2777,42.34,47.17,30,47.17,36.0664
Haryana,42170,Churu,28.25,74.92,1996,2025,6,JUN,T2M_MIN,temp_min_c,25.9743,2.0525,20.93,28.92,30,20.93,27.3845
Haryana,42170,Churu,28.25,74.92,1996,2025,6,JUN,WS10M,wind_speed_ms,4.0807,0.4843,3.32,5.39,30,4.08,2.9045
Haryana,42170,Churu,28.25,74.92,1996,2025,7,JUL,ALLSKY_SFC_SW_DWN,solar_kwh_m2_day,21.2453,1.5959,16.69,23.82,30,21.25,17.98
Haryana,42170,Churu,28.25,74.92,1996,2025,7,JUL,PRECTOTCORR,rainfall_mm,4.1137,2.3505,0.09,8.84,30,4.11,7.0491
Haryana,42170,Churu,28.25,74.92,1996,2025,7,JUL,RH2M,humidity_pct,52.1023,9.0487,30.14,68.24,30,52.1,69.3473
Haryana,42170,Churu,28.25,74.92,1996,2025,7,JUL,T2M,temp_mean_c,33.7907,1.398,31.55,37.16,30,33.79,31.2945
Haryana,42170,Churu,28.25,74.92,1996,2025,7,JUL,T2M_MAX,temp_max_c,43.053,1.484,39.93,46.46,30,46.46,36.0664
Haryana,42170,Churu,28.25,74.92,1996,2025,7,JUL,T2M_MIN,temp_min_c,26.3587,1.2301,24.26,29.75,30,24.26,27.3845
Haryana,42170,Churu,28.25,74.92,1996,2025,7,JUL,WS10M,wind_speed_ms,3.8117,0.5207,2.92,5.21,30,3.81,2.9045
Haryana,42170,Churu,28.25,74.92,1996,2025,8,AUG,ALLSKY_SFC_SW_DWN,solar_kwh_m2_day,20.785,1.5778,17.41,24.19,30,20.79,17.98
Haryana,42170,Churu,28.25,74.92,1996,2025,8,AUG,PRECTOTCORR,rainfall_mm,3.036,1.9112,0.13,7.55,30,3.04,7.0491
Haryana,42170,Churu,28.25,74.92,1996,2025,8,AUG,RH2M,humidity_pct,57.128,8.2349,38.88,72.07,30,57.13,69.3473
Haryana,42170,Churu,28.25,74.92,1996,2025,8,AUG,T2M,temp_mean_c,32.1377,1.3196,30.44,35.26,30,32.14,31.2945
Haryana,42170,Churu,28.25,74.92,1996,2025,8,AUG,T2M_MAX,temp_max_c,40.2917,1.5743,37.44,44.28,30,44.28,36.0664
Haryana,42170,Churu,28.25,74.92,1996,2025,8,AUG,T2M_MIN,temp_min_c,25.369,0.9822,23.21,27.36,30,23.21,27.3845
Haryana,42170,Churu,28.25,74.92,1996,2025,8,AUG,WS10M,wind_speed_ms,3.627,0.4813,2.94,4.67,30,3.63,2.9045
Haryana,42170,Churu,28.25,74.92,1996,2025,9,SEP,ALLSKY_SFC_SW_DWN,solar_kwh_m2_day,20.4737,1.292,16.54,22.4,30,20.47,17.98
Haryana,42170,Churu,28.25,74.92,1996,2025,9,SEP,PRECTOTCORR,rainfall_mm,2.2337,1.7651,0.31,6.32,30,2.23,7.0491
Haryana,42170,Churu,28.25,74.92,1996,2025,9,SEP,RH2M,humidity_pct,51.6627,10.306,29.87,75.49,30,51.66,69.3473
Haryana,42170,Churu,28.25,74.92,1996,2025,9,SEP,T2M,temp_mean_c,30.7677,1.2394,28.47,33.76,30,30.77,31.2945
Haryana,42170,Churu,28.25,74.92,1996,2025,9,SEP,T2M_MAX,temp_max_c,39.804,1.7501,36.15,43.09,30,43.09,36.0664
Haryana,42170,Churu,28.25,74.92,1996,2025,9,SEP,T2M_MIN,temp_min_c,22.31,1.1818,19.65,25.49,30,19.65,27.3845
Haryana,42170,Churu,28.25,74.92,1996,2025,9,SEP,WS10M,wind_speed_ms,3.104,0.3916,2.48,3.85,30,3.1,2.9045
Haryana,42170,Churu,28.25,74.92,1996,2025,10,OCT,ALLSKY_SFC_SW_DWN,solar_kwh_m2_day,18.3313,0.7589,16.36,19.44,30,18.33,17.98
Haryana,42170,Churu,28.25,74.92,1996,2025,10,OCT,PRECTOTCORR,rainfall_mm,0.445,0.6849,0,2.44,30,0.45,7.0491
Haryana,42170,Churu,28.25,74.92,1996,2025,10,OCT,RH2M,humidity_pct,36.038,10.012,15.63,53.85,30,36.04,69.3473
Haryana,42170,Churu,28.25,74.92,1996,2025,10,OCT,T2M,temp_mean_c,27.0983,1.087,24.24,29.19,30,27.1,31.2945
Haryana,42170,Churu,28.25,74.92,1996,2025,10,OCT,T2M_MAX,temp_max_c,37.9563,1.4673,34,40.44,30,40.44,36.0664
Haryana,42170,Churu,28.25,74.92,1996,2025,10,OCT,T2M_MIN,temp_min_c,16.551,1.422,13.42,19.66,30,13.42,27.3845
Haryana,42170,Churu,28.25,74.92,1996,2025,10,OCT,WS10M,wind_speed_ms,2.4307,0.2476,1.88,2.84,30,2.43,2.9045
Haryana,42170,Churu,28.25,74.92,1996,2025,11,NOV,ALLSKY_SFC_SW_DWN,solar_kwh_m2_day,14.4027,1.1817,11.35,16.1,30,14.4,17.98
Haryana,42170,Churu,28.25,74.92,1996,2025,11,NOV,PRECTOTCORR,rainfall_mm,0.0987,0.1686,0,0.82,30,0.1,7.0491
Haryana,42170,Churu,28.25,74.92,1996,2025,11,NOV,RH2M,humidity_pct,32.7503,8.5182,17.38,51.18,30,32.75,69.3473
Haryana,42170,Churu,28.25,74.92,1996,2025,11,NOV,T2M,temp_mean_c,21.2357,1.0063,19.59,23.06,30,21.24,31.2945
Haryana,42170,Churu,28.25,74.92,1996,2025,11,NOV,T2M_MAX,temp_max_c,33.254,1.6219,30.46,37.31,30,37.31,36.0664
Haryana,42170,Churu,28.25,74.92,1996,2025,11,NOV,T2M_MIN,temp_min_c,10.746,1.4411,7.74,13.15,30,7.74,27.3845
Haryana,42170,Churu,28.25,74.92,1996,2025,11,NOV,WS10M,wind_speed_ms,2.3323,0.1799,2.05,2.66,30,2.33,2.9045
Haryana,42170,Churu,28.25,74.92,1996,2025,12,DEC,ALLSKY_SFC_SW_DWN,solar_kwh_m2_day,12.7213,0.7657,10.18,14.21,30,12.72,17.98
Haryana,42170,Churu,28.25,74.92,1996,2025,12,DEC,PRECTOTCORR,rainfall_mm,0.132,0.183,0,0.62,30,0.13,7.0491
Haryana,42170,Churu,28.25,74.92,1996,2025,12,DEC,RH2M,humidity_pct,34.3077,8.3841,17.94,54.72,30,34.31,69.3473
Haryana,42170,Churu,28.25,74.92,1996,2025,12,DEC,T2M,temp_mean_c,16.047,1.2681,13.25,18.29,30,16.05,31.2945
Haryana,42170,Churu,28.25,74.92,1996,2025,12,DEC,T2M_MAX,temp_max_c,27.838,1.7075,23.88,30.61,30,30.61,36.0664
Haryana,42170,Churu,28.25,74.92,1996,2025,12,DEC,T2M_MIN,temp_min_c,5.8233,1.7577,1.16,8.88,30,1.16,27.3845
Haryana,42170,Churu,28.25,74.92,1996,2025,12,DEC,WS10M,wind_speed_ms,2.3357,0.1876,1.95,2.85,30,2.34,2.9045
Haryana,99915,Kurukshetra,29.96666667,76.86666667,1996,2025,0,ANNUAL,ALLSKY_SFC_SW_DWN,solar_kwh_m2_day,17.8703,0.6182,16.74,19.06,30,,15.1044
Haryana,99915,Kurukshetra,29.96666667,76.86666667,1996,2025,0,ANNUAL,PRECTOTCORR,rainfall_mm,2.588,0.639,1.27,3.68,30,,5.0464
Haryana,99915,Kurukshetra,29.96666667,76.86666667,1996,2025,0,ANNUAL,RH2M,humidity_pct,48.122,6.5616,34.47,60.19,30,,76.0918
Haryana,99915,Kurukshetra,29.96666667,76.86666667,1996,2025,0,ANNUAL,T2M,temp_mean_c,24.815,0.7029,23.66,26.32,30,,29.6273
Haryana,99915,Kurukshetra,29.96666667,76.86666667,1996,2025,0,ANNUAL,T2M_MAX,temp_max_c,46.92,1.4134,44.26,49.29,30,,33.5755
Haryana,99915,Kurukshetra,29.96666667,76.86666667,1996,2025,0,ANNUAL,T2M_MIN,temp_min_c,3.0613,1.1992,0.75,5.04,30,,26.3573
Haryana,99915,Kurukshetra,29.96666667,76.86666667,1996,2025,0,ANNUAL,WS10M,wind_speed_ms,2.9287,0.1115,2.66,3.16,30,,2.3245
Haryana,99915,Kurukshetra,29.96666667,76.86666667,1996,2025,1,JAN,ALLSKY_SFC_SW_DWN,solar_kwh_m2_day,10.815,1.7098,6.53,14.23,30,10.82,15.1044
Haryana,99915,Kurukshetra,29.96666667,76.86666667,1996,2025,1,JAN,PRECTOTCORR,rainfall_mm,0.928,0.8592,0.03,3.98,30,0.93,5.0464
Haryana,99915,Kurukshetra,29.96666667,76.86666667,1996,2025,1,JAN,RH2M,humidity_pct,47.5943,10.2501,32.46,76.08,30,47.59,76.0918
Haryana,99915,Kurukshetra,29.96666667,76.86666667,1996,2025,1,JAN,T2M,temp_mean_c,13.0507,0.9496,11.3,14.98,30,13.05,29.6273
Haryana,99915,Kurukshetra,29.96666667,76.86666667,1996,2025,1,JAN,T2M_MAX,temp_max_c,25.2843,2.1176,22.07,30.03,30,30.03,33.5755
Haryana,99915,Kurukshetra,29.96666667,76.86666667,1996,2025,1,JAN,T2M_MIN,temp_min_c,3.4363,1.2627,0.75,5.82,30,0.75,26.3573
Haryana,99915,Kurukshetra,29.96666667,76.86666667,1996,2025,1,JAN,WS10M,wind_speed_ms,3.0193,0.2916,2.45,3.63,30,3.02,2.3245
Haryana,99915,Kurukshetra,29.96666667,76.86666667,1996,2025,2,FEB,ALLSKY_SFC_SW_DWN,solar_kwh_m2_day,15.6517,1.1957,13.19,17.68,30,15.65,15.1044
Haryana,99915,Kurukshetra,29.96666667,76.86666667,1996,2025,2,FEB,PRECTOTCORR,rainfall_mm,1.0477,1.0389,0.04,4.45,30,1.05,5.0464
Haryana,99915,Kurukshetra,29.96666667,76.86666667,1996,2025,2,FEB,RH2M,humidity_pct,44.8743,10.2563,26.81,66.99,30,44.87,76.0918
Haryana,99915,Kurukshetra,29.96666667,76.86666667,1996,2025,2,FEB,T2M,temp_mean_c,16.5637,1.5005,14.13,21.66,30,16.56,29.6273
Haryana,99915,Kurukshetra,29.96666667,76.86666667,1996,2025,2,FEB,T2M_MAX,temp_max_c,29.8187,2.4944,25.03,34.36,30,34.36,33.5755
Haryana,99915,Kurukshetra,29.96666667,76.86666667,1996,2025,2,FEB,T2M_MIN,temp_min_c,5.5333,1.5483,2.52,9.67,30,2.52,26.3573
Haryana,99915,Kurukshetra,29.96666667,76.86666667,1996,2025,2,FEB,WS10M,wind_speed_ms,3.325,0.3111,2.54,3.91,30,3.33,2.3245
Haryana,99915,Kurukshetra,29.96666667,76.86666667,1996,2025,3,MAR,ALLSKY_SFC_SW_DWN,solar_kwh_m2_day,20.1517,1.0046,18.15,22.26,30,20.15,15.1044
Haryana,99915,Kurukshetra,29.96666667,76.86666667,1996,2025,3,MAR,PRECTOTCORR,rainfall_mm,0.8753,0.9763,0,3.93,30,0.88,5.0464
Haryana,99915,Kurukshetra,29.96666667,76.86666667,1996,2025,3,MAR,RH2M,humidity_pct,36.8183,11.4585,17.29,62.94,30,36.82,76.0918
Haryana,99915,Kurukshetra,29.96666667,76.86666667,1996,2025,3,MAR,T2M,temp_mean_c,22.5983,1.7048,19.4,26.27,30,22.6,29.6273
Haryana,99915,Kurukshetra,29.96666667,76.86666667,1996,2025,3,MAR,T2M_MAX,temp_max_c,37.1793,2.408,30.9,41.32,30,41.32,33.5755
Haryana,99915,Kurukshetra,29.96666667,76.86666667,1996,2025,3,MAR,T2M_MIN,temp_min_c,9.963,2.2592,5.49,14.13,30,5.49,26.3573
Haryana,99915,Kurukshetra,29.96666667,76.86666667,1996,2025,3,MAR,WS10M,wind_speed_ms,3.4177,0.3206,2.91,4.05,30,3.42,2.3245
Haryana,99915,Kurukshetra,29.96666667,76.86666667,1996,2025,4,APR,ALLSKY_SFC_SW_DWN,solar_kwh_m2_day,23.4467,0.8332,21.89,24.8,30,23.45,15.1044
Haryana,99915,Kurukshetra,29.96666667,76.86666667,1996,2025,4,APR,PRECTOTCORR,rainfall_mm,0.676,0.533,0,1.75,30,0.68,5.0464
Haryana,99915,Kurukshetra,29.96666667,76.86666667,1996,2025,4,APR,RH2M,humidity_pct,26.7073,8.6142,9.07,45.95,30,26.71,76.0918
Haryana,99915,Kurukshetra,29.96666667,76.86666667,1996,2025,4,APR,T2M,temp_mean_c,29.258,1.6568,26.47,32.66,30,29.26,29.6273
Haryana,99915,Kurukshetra,29.96666667,76.86666667,1996,2025,4,APR,T2M_MAX,temp_max_c,42.8097,1.8473,38.99,46.36,30,46.36,33.5755
Haryana,99915,Kurukshetra,29.96666667,76.86666667,1996,2025,4,APR,T2M_MIN,temp_min_c,15.7703,1.9497,12.15,20.91,30,12.15,26.3573
Haryana,99915,Kurukshetra,29.96666667,76.86666667,1996,2025,4,APR,WS10M,wind_speed_ms,3.5273,0.3347,2.88,4.27,30,3.53,2.3245
Haryana,99915,Kurukshetra,29.96666667,76.86666667,1996,2025,5,MAY,ALLSKY_SFC_SW_DWN,solar_kwh_m2_day,24.2007,1.1488,21.61,26.18,30,24.2,15.1044
Haryana,99915,Kurukshetra,29.96666667,76.86666667,1996,2025,5,MAY,PRECTOTCORR,rainfall_mm,1.2753,1.0004,0.13,3.79,30,1.28,5.0464
Haryana,99915,Kurukshetra,29.96666667,76.86666667,1996,2025,5,MAY,RH2M,humidity_pct,25.1133,7.1586,14.73,42,30,25.11,76.0918
Haryana,99915,Kurukshetra,29.96666667,76.86666667,1996,2025,5,MAY,T2M,temp_mean_c,33.9197,1.5372,29.66,36.07,30,33.92,29.6273
Haryana,99915,Kurukshetra,29.96666667,76.86666667,1996,2025,5,MAY,T2M_MAX,temp_max_c,46.1153,1.4375,42.82,48.89,30,48.89,33.5755
Haryana,99915,Kurukshetra,29.96666667,76.86666667,1996,2025,5,MAY,T2M_MIN,temp_min_c,21.7173,2.4557,16.46,26.09,30,16.46,26.3573
Haryana,99915,Kurukshetra,29.96666667,76.86666667,1996,2025,5,MAY,WS10M,wind_speed_ms,3.448,0.3565,2.89,4.07,30,3.45,2.3245
Haryana,99915,Kurukshetra,29.96666667,76.86666667,1996,2025,6,JUN,ALLSKY_SFC_SW_DWN,solar_kwh_m2_day,22.075,1.3343,18.71,25.71,30,22.07,15.1044
Haryana,99915,Kurukshetra,29.96666667,76.86666667,1996,2025,6,JUN,PRECTOTCORR,rainfall_mm,4.0293,2.3274,1.04,10.44,30,4.03,5.0464
Haryana,99915,Kurukshetra,29.96666667,76.86666667,1996,2025,6,JUN,RH2M,humidity_pct,38.085,9.8074,21.61,63,30,38.08,76.0918
Haryana,99915,Kurukshetra,29.96666667,76.86666667,1996,2025,6,JUN,T2M,temp_mean_c,34.8933,1.6216,31.64,37.86,30,34.89,29.6273
Haryana,99915,Kurukshetra,29.96666667,76.86666667,1996,2025,6,JUN,T2M_MAX,temp_max_c,45.7747,2.1968,40.72,49.29,30,49.29,33.5755
Haryana,99915,Kurukshetra,29.96666667,76.86666667,1996,2025,6,JUN,T2M_MIN,temp_min_c,24.8913,1.7481,19.68,27.45,30,19.68,26.3573
Haryana,99915,Kurukshetra,29.96666667,76.86666667,1996,2025,6,JUN,WS10M,wind_speed_ms,3.284,0.5154,2.48,4.55,30,3.28,2.3245
Haryana,99915,Kurukshetra,29.96666667,76.86666667,1996,2025,7,JUL,ALLSKY_SFC_SW_DWN,solar_kwh_m2_day,19.1417,1.3528,17.08,22.06,30,19.14,15.1044
Haryana,99915,Kurukshetra,29.96666667,76.86666667,1996,2025,7,JUL,PRECTOTCORR,rainfall_mm,8.4553,3.593,2.14,15.75,30,8.46,5.0464
Haryana,99915,Kurukshetra,29.96666667,76.86666667,1996,2025,7,JUL,RH2M,humidity_pct,64.536,11.4139,32.81,82.12,30,64.54,76.0918
Haryana,99915,Kurukshetra,29.96666667,76.86666667,1996,2025,7,JUL,T2M,temp_mean_c,31.8323,1.7373,29.29,36.61,30,31.83,29.6273
Haryana,99915,Kurukshetra,29.96666667,76.86666667,1996,2025,7,JUL,T2M_MAX,temp_max_c,41.5997,2.6014,36.78,47.11,30,47.11,33.5755
Haryana,99915,Kurukshetra,29.96666667,76.86666667,1996,2025,7,JUL,T2M_MIN,temp_min_c,25.212,0.8663,23.46,26.98,30,23.46,26.3573
Haryana,99915,Kurukshetra,29.96666667,76.86666667,1996,2025,7,JUL,WS10M,wind_speed_ms,2.7143,0.3313,2.12,3.5,30,2.71,2.3245
Haryana,99915,Kurukshetra,29.96666667,76.86666667,1996,2025,8,AUG,ALLSKY_SFC_SW_DWN,solar_kwh_m2_day,19.0223,1.5018,14.91,21.67,30,19.02,15.1044
Haryana,99915,Kurukshetra,29.96666667,76.86666667,1996,2025,8,AUG,PRECTOTCORR,rainfall_mm,7.674,2.4862,2.7,12.2,30,7.67,5.0464
Haryana,99915,Kurukshetra,29.96666667,76.86666667,1996,2025,8,AUG,RH2M,humidity_pct,75.4823,8.9631,54.03,85.64,30,75.48,76.0918
Haryana,99915,Kurukshetra,29.96666667,76.86666667,1996,2025,8,AUG,T2M,temp_mean_c,29.5563,1.1789,27.87,32.02,30,29.56,29.6273
Haryana,99915,Kurukshetra,29.96666667,76.86666667,1996,2025,8,AUG,T2M_MAX,temp_max_c,36.5107,2.3559,33.46,41.45,30,41.45,33.5755
Haryana,99915,Kurukshetra,29.96666667,76.86666667,1996,2025,8,AUG,T2M_MIN,temp_min_c,23.8243,0.8039,21.91,25.22,30,21.91,26.3573
Haryana,99915,Kurukshetra,29.96666667,76.86666667,1996,2025,8,AUG,WS10M,wind_speed_ms,2.4077,0.2222,2,2.73,30,2.41,2.3245
Haryana,99915,Kurukshetra,29.96666667,76.86666667,1996,2025,9,SEP,ALLSKY_SFC_SW_DWN,solar_kwh_m2_day,18.775,1.3074,16.14,21.08,30,18.77,15.1044
Haryana,99915,Kurukshetra,29.96666667,76.86666667,1996,2025,9,SEP,PRECTOTCORR,rainfall_mm,4.8683,2.8688,0.67,11.29,30,4.87,5.0464
Haryana,99915,Kurukshetra,29.96666667,76.86666667,1996,2025,9,SEP,RH2M,humidity_pct,71.618,9.5944,53.45,84.1,30,71.62,76.0918
Haryana,99915,Kurukshetra,29.96666667,76.86666667,1996,2025,9,SEP,T2M,temp_mean_c,27.7867,1.0344,26.13,30.59,30,27.79,29.6273
Haryana,99915,Kurukshetra,29.96666667,76.86666667,1996,2025,9,SEP,T2M_MAX,temp_max_c,35.5123,2.1181,32.68,40.74,30,40.74,33.5755
Haryana,99915,Kurukshetra,29.96666667,76.86666667,1996,2025,9,SEP,T2M_MIN,temp_min_c,19.8013,1.2974,17.4,22.41,30,17.4,26.3573
Haryana,99915,Kurukshetra,29.96666667,76.86666667,1996,2025,9,SEP,WS10M,wind_speed_ms,2.276,0.2991,1.69,2.93,30,2.28,2.3245
Haryana,99915,Kurukshetra,29.96666667,76.86666667,1996,2025,10,OCT,ALLSKY_SFC_SW_DWN,solar_kwh_m2_day,16.9483,1.0331,14.77,19.37,30,16.95,15.1044
Haryana,99915,Kurukshetra,29.96666667,76.86666667,1996,2025,10,OCT,PRECTOTCORR,rainfall_mm,0.623,0.7137,0,2.69,30,0.62,5.0464
Haryana,99915,Kurukshetra,29.96666667,76.86666667,1996,2025,10,OCT,RH2M,humidity_pct,54.9567,12.4282,33.87,74.84,30,54.96,76.0918
Haryana,99915,Kurukshetra,29.96666667,76.86666667,1996,2025,10,OCT,T2M,temp_mean_c,24.218,1.0292,22.4,26.48,30,24.22,29.6273
Haryana,99915,Kurukshetra,29.96666667,76.86666667,1996,2025,10,OCT,T2M_MAX,temp_max_c,34.358,2.0626,31.22,38.23,30,38.23,33.5755
Haryana,99915,Kurukshetra,29.96666667,76.86666667,1996,2025,10,OCT,T2M_MIN,temp_min_c,14.4443,1.2031,12.45,17.05,30,12.45,26.3573
Haryana,99915,Kurukshetra,29.96666667,76.86666667,1996,2025,10,OCT,WS10M,wind_speed_ms,2.2957,0.2486,1.79,2.66,30,2.3,2.3245
Haryana,99915,Kurukshetra,29.96666667,76.86666667,1996,2025,11,NOV,ALLSKY_SFC_SW_DWN,solar_kwh_m2_day,13.2247,1.0571,11,14.86,30,13.22,15.1044
Haryana,99915,Kurukshetra,29.96666667,76.86666667,1996,2025,11,NOV,PRECTOTCORR,rainfall_mm,0.138,0.2144,0,0.88,30,0.14,5.0464
Haryana,99915,Kurukshetra,29.96666667,76.86666667,1996,2025,11,NOV,RH2M,humidity_pct,46.4557,11.2031,23.56,69.88,30,46.46,76.0918
Haryana,99915,Kurukshetra,29.96666667,76.86666667,1996,2025,11,NOV,T2M,temp_mean_c,19.1773,0.9796,17.4,20.71,30,19.18,29.6273
Haryana,99915,Kurukshetra,29.96666667,76.86666667,1996,2025,11,NOV,T2M_MAX,temp_max_c,30.704,1.619,27.93,34.64,30,34.64,33.5755
Haryana,99915,Kurukshetra,29.96666667,76.86666667,1996,2025,11,NOV,T2M_MIN,temp_min_c,9.23,1.1877,7.07,11.6,30,7.07,26.3573
Haryana,99915,Kurukshetra,29.96666667,76.86666667,1996,2025,11,NOV,WS10M,wind_speed_ms,2.641,0.3621,1.91,3.55,30,2.64,2.3245
Haryana,99915,Kurukshetra,29.96666667,76.86666667,1996,2025,12,DEC,ALLSKY_SFC_SW_DWN,solar_kwh_m2_day,10.9997,0.9298,8.68,12.95,30,11,15.1044
Haryana,99915,Kurukshetra,29.96666667,76.86666667,1996,2025,12,DEC,PRECTOTCORR,rainfall_mm,0.3093,0.363,0,1.43,30,0.31,5.0464
Haryana,99915,Kurukshetra,29.96666667,76.86666667,1996,2025,12,DEC,RH2M,humidity_pct,44.6383,10.9606,19.49,61.3,30,44.64,76.0918
Haryana,99915,Kurukshetra,29.96666667,76.86666667,1996,2025,12,DEC,T2M,temp_mean_c,14.5913,1.0883,12.31,16.21,30,14.59,29.6273
Haryana,99915,Kurukshetra,29.96666667,76.86666667,1996,2025,12,DEC,T2M_MAX,temp_max_c,26.8697,1.5025,22.87,29.18,30,29.18,33.5755
Haryana,99915,Kurukshetra,29.96666667,76.86666667,1996,2025,12,DEC,T2M_MIN,temp_min_c,4.7347,1.578,0.89,7.13,30,0.89,26.3573
Haryana,99915,Kurukshetra,29.96666667,76.86666667,1996,2025,12,DEC,WS10M,wind_speed_ms,2.8287,0.3834,2.04,3.47,30,2.83,2.3245
Haryana,42177,Narnaul,28,76.08,1996,2025,0,ANNUAL,ALLSKY_SFC_SW_DWN,solar_kwh_m2_day,17.808,0.6539,16.58,18.8,30,,13.0522
Haryana,42177,Narnaul,28,76.08,1996,2025,0,ANNUAL,PRECTOTCORR,rainfall_mm,1.5713,0.4069,0.68,2.49,30,,7.9609
Haryana,42177,Narnaul,28,76.08,1996,2025,0,ANNUAL,RH2M,humidity_pct,41.9823,5.5017,30.75,51.05,30,,80.2182
Haryana,42177,Narnaul,28,76.08,1996,2025,0,ANNUAL,T2M,temp_mean_c,25.6667,0.6418,24.68,27.11,30,,29.2209
Haryana,42177,Narnaul,28,76.08,1996,2025,0,ANNUAL,T2M_MAX,temp_max_c,46.1747,1.0247,43.82,48.28,30,,33.1036
Haryana,42177,Narnaul,28,76.08,1996,2025,0,ANNUAL,T2M_MIN,temp_min_c,2.6673,1.4224,0.11,6.2,30,,26.0773
Haryana,42177,Narnaul,28,76.08,1996,2025,0,ANNUAL,WS10M,wind_speed_ms,3.026,0.164,2.76,3.38,30,,2.7391
Haryana,42177,Narnaul,28,76.08,1996,2025,1,JAN,ALLSKY_SFC_SW_DWN,solar_kwh_m2_day,11.1843,1.6777,7.11,14.75,30,11.18,13.0522
Haryana,42177,Narnaul,28,76.08,1996,2025,1,JAN,PRECTOTCORR,rainfall_mm,0.418,0.5141,0,2.6,30,0.42,7.9609
Haryana,42177,Narnaul,28,76.08,1996,2025,1,JAN,RH2M,humidity_pct,40.2753,9.7845,25.37,65.65,30,40.28,80.2182
Haryana,42177,Narnaul,28,76.08,1996,2025,1,JAN,T2M,temp_mean_c,13.8017,0.9916,12.12,15.76,30,13.8,29.2209
Haryana,42177,Narnaul,28,76.08,1996,2025,1,JAN,T2M_MAX,temp_max_c,27.412,1.6897,24.97,30.93,30,30.93,33.1036
Haryana,42177,Narnaul,28,76.08,1996,2025,1,JAN,T2M_MIN,temp_min_c,3.0107,1.491,0.11,6.2,30,0.11,26.0773
Haryana,42177,Narnaul,28,76.08,1996,2025,1,JAN,WS10M,wind_speed_ms,2.5933,0.2559,2.01,3.03,30,2.59,2.7391
Haryana,42177,Narnaul,28,76.08,1996,2025,2,FEB,ALLSKY_SFC_SW_DWN,solar_kwh_m2_day,16.0187,1.109,13.13,17.94,30,16.02,13.0522
Haryana,42177,Narnaul,28,76.08,1996,2025,2,FEB,PRECTOTCORR,rainfall_mm,0.478,0.578,0,2.29,30,0.48,7.9609
Haryana,42177,Narnaul,28,76.08,1996,2025,2,FEB,RH2M,humidity_pct,36.5987,9.8315,21.42,54.86,30,36.6,80.2182
Haryana,42177,Narnaul,28,76.08,1996,2025,2,FEB,T2M,temp_mean_c,17.4713,1.603,14.93,22.56,30,17.47,29.2209
Haryana,42177,Narnaul,28,76.08,1996,2025,2,FEB,T2M_MAX,temp_max_c,32.3053,1.9991,27.98,35.65,30,35.65,33.1036
Haryana,42177,Narnaul,28,76.08,1996,2025,2,FEB,T2M_MIN,temp_min_c,5.1117,1.7433,1.71,10.73,30,1.71,26.0773
Haryana,42177,Narnaul,28,76.08,1996,2025,2,FEB,WS10M,wind_speed_ms,2.832,0.2137,2.49,3.32,30,2.83,2.7391
Haryana,42177,Narnaul,28,76.08,1996,2025,3,MAR,ALLSKY_SFC_SW_DWN,solar_kwh_m2_day,20.3753,1.1243,17.72,22.65,30,20.38,13.0522
Haryana,42177,Narnaul,28,76.08,1996,2025,3,MAR,PRECTOTCORR,rainfall_mm,0.4767,0.641,0,2.42,30,0.48,7.9609
Haryana,42177,Narnaul,28,76.08,1996,2025,3,MAR,RH2M,humidity_pct,29.7737,10.2387,15.59,54.42,30,29.77,80.2182
Haryana,42177,Narnaul,28,76.08,1996,2025,3,MAR,T2M,temp_mean_c,23.6383,1.5908,20.69,26.65,30,23.64,29.2209
Haryana,42177,Narnaul,28,76.08,1996,2025,3,MAR,T2M_MAX,temp_max_c,38.753,2.3503,33.05,42.52,30,42.52,33.1036
Haryana,42177,Narnaul,28,76.08,1996,2025,3,MAR,T2M_MIN,temp_min_c,9.9163,2.5083,4.17,14.15,30,4.17,26.0773
Haryana,42177,Narnaul,28,76.08,1996,2025,3,MAR,WS10M,wind_speed_ms,3.0207,0.3144,2.21,3.69,30,3.02,2.7391
Haryana,42177,Narnaul,28,76.08,1996,2025,4,APR,ALLSKY_SFC_SW_DWN,solar_kwh_m2_day,23.8517,0.7941,22.18,25.27,30,23.85,13.0522
Haryana,42177,Narnaul,28,76.08,1996,2025,4,APR,PRECTOTCORR,rainfall_mm,0.3873,0.4186,0,1.59,30,0.39,7.9609
Haryana,42177,Narnaul,28,76.08,1996,2025,4,APR,RH2M,humidity_pct,21.9093,7.2088,10,40.55,30,21.91,80.2182
Haryana,42177,Narnaul,28,76.08,1996,2025,4,APR,T2M,temp_mean_c,30.1317,1.4747,27.42,33.03,30,30.13,29.2209
Haryana,42177,Narnaul,28,76.08,1996,2025,4,APR,T2M_MAX,temp_max_c,43.256,1.4638,40.46,45.96,30,45.96,33.1036
Haryana,42177,Narnaul,28,76.08,1996,2025,4,APR,T2M_MIN,temp_min_c,16.324,1.9353,12.06,20.08,30,12.06,26.0773
Haryana,42177,Narnaul,28,76.08,1996,2025,4,APR,WS10M,wind_speed_ms,3.282,0.3504,2.73,4.24,30,3.28,2.7391
Haryana,42177,Narnaul,28,76.08,1996,2025,5,MAY,ALLSKY_SFC_SW_DWN,solar_kwh_m2_day,24.117,1.1469,21.76,26.41,30,24.12,13.0522
Haryana,42177,Narnaul,28,76.08,1996,2025,5,MAY,PRECTOTCORR,rainfall_mm,0.9947,0.8057,0.05,3.12,30,0.99,7.9609
Haryana,42177,Narnaul,28,76.08,1996,2025,5,MAY,RH2M,humidity_pct,24.3753,6.153,14.88,38.14,30,24.38,80.2182
Haryana,42177,Narnaul,28,76.08,1996,2025,5,MAY,T2M,temp_mean_c,34.34,1.308,31.1,36.11,30,34.34,29.2209
Haryana,42177,Narnaul,28,76.08,1996,2025,5,MAY,T2M_MAX,temp_max_c,45.705,1.205,41.85,48.28,30,48.28,33.1036
Haryana,42177,Narnaul,28,76.08,1996,2025,5,MAY,T2M_MIN,temp_min_c,22.211,2.2257,18.02,25.87,30,18.02,26.0773
Haryana,42177,Narnaul,28,76.08,1996,2025,5,MAY,WS10M,wind_speed_ms,3.839,0.538,2.87,4.9,30,3.84,2.7391
Haryana,42177,Narnaul,28,76.08,1996,2025,6,JUN,ALLSKY_SFC_SW_DWN,solar_kwh_m2_day,21.8,1.2632,18.66,24.71,30,21.8,13.0522
Haryana,42177,Narnaul,28,76.08,1996,2025,6,JUN,PRECTOTCORR,rainfall_mm,2.2447,1.1016,0.37,4.39,30,2.24,7.9609
Haryana,42177,Narnaul,28,76.08,1996,2025,6,JUN,RH2M,humidity_pct,38.322,7.6641,25.04,56.62,30,38.32,80.2182
Haryana,42177,Narnaul,28,76.08,1996,2025,6,JUN,T2M,temp_mean_c,35.009,1.3201,32.35,37.06,30,35.01,29.2209
Haryana,42177,Narnaul,28,76.08,1996,2025,6,JUN,T2M_MAX,temp_max_c,45.2867,1.5825,41.09,47.9,30,47.9,33.1036
Haryana,42177,Narnaul,28,76.08,1996,2025,6,JUN,T2M_MIN,temp_min_c,25.2343,1.7149,20.61,27.78,30,20.61,26.0773
Haryana,42177,Narnaul,28,76.08,1996,2025,6,JUN,WS10M,wind_speed_ms,3.8527,0.5587,3.03,5.32,30,3.85,2.7391
Haryana,42177,Narnaul,28,76.08,1996,2025,7,JUL,ALLSKY_SFC_SW_DWN,solar_kwh_m2_day,18.6417,1.5182,16.19,21.85,30,18.64,13.0522
Haryana,42177,Narnaul,28,76.08,1996,2025,7,JUL,PRECTOTCORR,rainfall_mm,5.115,2.4425,0.19,10.6,30,5.11,7.9609
Haryana,42177,Narnaul,28,76.08,1996,2025,7,JUL,RH2M,humidity_pct,60.6923,10.3282,29.95,76.88,30,60.69,80.2182
Haryana,42177,Narnaul,28,76.08,1996,2025,7,JUL,T2M,temp_mean_c,32.092,1.6114,29.73,37.07,30,32.09,29.2209
Haryana,42177,Narnaul,28,76.08,1996,2025,7,JUL,T2M_MAX,temp_max_c,41.9723,2.1953,37.59,46.2,30,46.2,33.1036
Haryana,42177,Narnaul,28,76.08,1996,2025,7,JUL,T2M_MIN,temp_min_c,25.403,1.1783,23.26,29.64,30,23.26,26.0773
Haryana,42177,Narnaul,28,76.08,1996,2025,7,JUL,WS10M,wind_speed_ms,3.389,0.5176,2.62,4.9,30,3.39,2.7391
Haryana,42177,Narnaul,28,76.08,1996,2025,8,AUG,ALLSKY_SFC_SW_DWN,solar_kwh_m2_day,18.255,1.6153,15.11,21.74,30,18.26,13.0522
Haryana,42177,Narnaul,28,76.08,1996,2025,8,AUG,PRECTOTCORR,rainfall_mm,4.91,2.5763,1.26,11.42,30,4.91,7.9609
Haryana,42177,Narnaul,28,76.08,1996,2025,8,AUG,RH2M,humidity_pct,69.914,8.947,48.98,84.61,30,69.91,80.2182
Haryana,42177,Narnaul,28,76.08,1996,2025,8,AUG,T2M,temp_mean_c,29.8793,1.2841,28.13,32.74,30,29.88,29.2209
Haryana,42177,Narnaul,28,76.08,1996,2025,8,AUG,T2M_MAX,temp_max_c,37.7903,2.4289,33.86,43.73,30,43.73,33.1036
Haryana,42177,Narnaul,28,76.08,1996,2025,8,AUG,T2M_MIN,temp_min_c,23.868,0.8851,22.05,25.55,30,22.05,26.0773
Haryana,42177,Narnaul,28,76.08,1996,2025,8,AUG,WS10M,wind_speed_ms,3.1703,0.4312,2.39,4.06,30,3.17,2.7391
Haryana,42177,Narnaul,28,76.08,1996,2025,9,SEP,ALLSKY_SFC_SW_DWN,solar_kwh_m2_day,18.47,1.4634,15.06,20.95,30,18.47,13.0522
Haryana,42177,Narnaul,28,76.08,1996,2025,9,SEP,PRECTOTCORR,rainfall_mm,2.8563,1.8949,0.52,7.22,30,2.86,7.9609
Haryana,42177,Narnaul,28,76.08,1996,2025,9,SEP,RH2M,humidity_pct,63.864,11.5118,38.04,86.78,30,63.86,80.2182
Haryana,42177,Narnaul,28,76.08,1996,2025,9,SEP,T2M,temp_mean_c,28.8147,1.3584,26.45,31.99,30,28.81,29.2209
Haryana,42177,Narnaul,28,76.08,1996,2025,9,SEP,T2M_MAX,temp_max_c,37.7417,2.5558,32.4,42.45,30,42.45,33.1036
Haryana,42177,Narnaul,28,76.08,1996,2025,9,SEP,T2M_MIN,temp_min_c,20.864,1.3134,17.55,23.81,30,17.55,26.0773
Haryana,42177,Narnaul,28,76.08,1996,2025,9,SEP,WS10M,wind_speed_ms,2.937,0.3893,2.19,3.71,30,2.94,2.7391
Haryana,42177,Narnaul,28,76.08,1996,2025,10,OCT,ALLSKY_SFC_SW_DWN,solar_kwh_m2_day,16.852,0.86,15.12,18.1,30,16.85,13.0522
Haryana,42177,Narnaul,28,76.08,1996,2025,10,OCT,PRECTOTCORR,rainfall_mm,0.5617,0.7025,0,2.16,30,0.56,7.9609
Haryana,42177,Narnaul,28,76.08,1996,2025,10,OCT,RH2M,humidity_pct,44.8237,12.9921,17.91,64.51,30,44.82,80.2182
Haryana,42177,Narnaul,28,76.08,1996,2025,10,OCT,T2M,temp_mean_c,25.8973,1.2618,24.02,28.51,30,25.9,29.2209
Haryana,42177,Narnaul,28,76.08,1996,2025,10,OCT,T2M_MAX,temp_max_c,36.6353,1.8167,33.62,39.96,30,39.96,33.1036
Haryana,42177,Narnaul,28,76.08,1996,2025,10,OCT,T2M_MIN,temp_min_c,15.8447,1.2696,12.75,18.47,30,12.75,26.0773
Haryana,42177,Narnaul,28,76.08,1996,2025,10,OCT,WS10M,wind_speed_ms,2.4407,0.2604,1.79,2.85,30,2.44,2.7391
Haryana,42177,Narnaul,28,76.08,1996,2025,11,NOV,ALLSKY_SFC_SW_DWN,solar_kwh_m2_day,13.046,1.1709,10.19,15.38,30,13.05,13.0522
Haryana,42177,Narnaul,28,76.08,1996,2025,11,NOV,PRECTOTCORR,rainfall_mm,0.1177,0.2268,0,1.13,30,0.12,7.9609
Haryana,42177,Narnaul,28,76.08,1996,2025,11,NOV,RH2M,humidity_pct,36.408,11.0674,17.8,58.35,30,36.41,80.2182
Haryana,42177,Narnaul,28,76.08,1996,2025,11,NOV,T2M,temp_mean_c,20.7983,1.0313,18.99,22.25,30,20.8,29.2209
Haryana,42177,Narnaul,28,76.08,1996,2025,11,NOV,T2M_MAX,temp_max_c,33.1447,1.7566,30.12,38.28,30,38.28,33.1036
Haryana,42177,Narnaul,28,76.08,1996,2025,11,NOV,T2M_MIN,temp_min_c,10.07,1.312,7.85,12.58,30,7.85,26.0773
Haryana,42177,Narnaul,28,76.08,1996,2025,11,NOV,WS10M,wind_speed_ms,2.464,0.2552,2.05,3.05,30,2.46,2.7391
Haryana,42177,Narnaul,28,76.08,1996,2025,12,DEC,ALLSKY_SFC_SW_DWN,solar_kwh_m2_day,11.1213,1.026,7.49,12.87,30,11.12,13.0522
Haryana,42177,Narnaul,28,76.08,1996,2025,12,DEC,PRECTOTCORR,rainfall_mm,0.173,0.2664,0,0.9,30,0.17,7.9609
Haryana,42177,Narnaul,28,76.08,1996,2025,12,DEC,RH2M,humidity_pct,36.141,10.4163,18.62,60.54,30,36.14,80.2182
Haryana,42177,Narnaul,28,76.08,1996,2025,12,DEC,T2M,temp_mean_c,15.796,1.2765,12.73,18.3,30,15.8,29.2209
Haryana,42177,Narnaul,28,76.08,1996,2025,12,DEC,T2M_MAX,temp_max_c,28.493,1.7398,24.57,31.31,30,31.31,33.1036
Haryana,42177,Narnaul,28,76.08,1996,2025,12,DEC,T2M_MIN,temp_min_c,4.963,1.8548,0.22,7.79,30,0.22,26.0773
Haryana,42177,Narnaul,28,76.08,1996,2025,12,DEC,WS10M,wind_speed_ms,2.4863,0.2244,2.12,3.17,30,2.49,2.7391
Haryana,42174,Pilani,28.33,75.58,1996,2025,0,ANNUAL,ALLSKY_SFC_SW_DWN,solar_kwh_m2_day,19.0767,0.5992,17.72,20.2,30,,15.25
Haryana,42174,Pilani,28.33,75.58,1996,2025,0,ANNUAL,PRECTOTCORR,rainfall_mm,1.3577,0.3983,0.49,2.1,30,,7.1118
Haryana,42174,Pilani,28.33,75.58,1996,2025,0,ANNUAL,RH2M,humidity_pct,38.649,5.001,28.02,46.15,30,,73.4964
Haryana,42174,Pilani,28.33,75.58,1996,2025,0,ANNUAL,T2M,temp_mean_c,26.2523,0.636,25.12,27.67,30,,30.5773
Haryana,42174,Pilani,28.33,75.58,1996,2025,0,ANNUAL,T2M_MAX,temp_max_c,46.1407,1.0437,43.87,48.43,30,,35.2718
Haryana,42174,Pilani,28.33,75.58,1996,2025,0,ANNUAL,T2M_MIN,temp_min_c,3.0237,1.3551,0.6,6.62,30,,26.8727
Haryana,42174,Pilani,28.33,75.58,1996,2025,0,ANNUAL,WS10M,wind_speed_ms,3.0167,0.1672,2.72,3.38,30,,2.9818
Haryana,42174,Pilani,28.33,75.58,1996,2025,1,JAN,ALLSKY_SFC_SW_DWN,solar_kwh_m2_day,12.7173,1.1987,9.55,15.06,30,12.72,15.25
Haryana,42174,Pilani,28.33,75.58,1996,2025,1,JAN,PRECTOTCORR,rainfall_mm,0.3567,0.4121,0,2.03,30,0.36,7.1118
Haryana,42174,Pilani,28.33,75.58,1996,2025,1,JAN,RH2M,humidity_pct,38.9737,8.3381,26.15,61.75,30,38.97,73.4964
Haryana,42174,Pilani,28.33,75.58,1996,2025,1,JAN,T2M,temp_mean_c,13.932,0.9267,12.23,15.58,30,13.93,30.5773
Haryana,42174,Pilani,28.33,75.58,1996,2025,1,JAN,T2M_MAX,temp_max_c,26.997,1.5609,24.31,30.32,30,30.32,35.2718
Haryana,42174,Pilani,28.33,75.58,1996,2025,1,JAN,T2M_MIN,temp_min_c,3.535,1.5119,0.6,6.87,30,0.6,26.8727
Haryana,42174,Pilani,28.33,75.58,1996,2025,1,JAN,WS10M,wind_speed_ms,2.4957,0.2127,2.05,2.94,30,2.5,2.9818
Haryana,42174,Pilani,28.33,75.58,1996,2025,2,FEB,ALLSKY_SFC_SW_DWN,solar_kwh_m2_day,17.0877,0.8801,15.1,18.67,30,17.09,15.25
Haryana,42174,Pilani,28.33,75.58,1996,2025,2,FEB,PRECTOTCORR,rainfall_mm,0.4943,0.6492,0,2.66,30,0.49,7.1118
Haryana,42174,Pilani,28.33,75.58,1996,2025,2,FEB,RH2M,humidity_pct,35.3403,8.2766,21.64,52.83,30,35.34,73.4964
Haryana,42174,Pilani,28.33,75.58,1996,2025,2,FEB,T2M,temp_mean_c,17.6313,1.5128,15.31,22.24,30,17.63,30.5773
Haryana,42174,Pilani,28.33,75.58,1996,2025,2,FEB,T2M_MAX,temp_max_c,31.8867,1.8768,28.03,34.75,30,34.75,35.2718
Haryana,42174,Pilani,28.33,75.58,1996,2025,2,FEB,T2M_MIN,temp_min_c,5.3637,1.8534,1.95,9.98,30,1.95,26.8727
Haryana,42174,Pilani,28.33,75.58,1996,2025,2,FEB,WS10M,wind_speed_ms,2.73,0.1612,2.41,3.04,30,2.73,2.9818
Haryana,42174,Pilani,28.33,75.58,1996,2025,3,MAR,ALLSKY_SFC_SW_DWN,solar_kwh_m2_day,21.2197,1.2055,18.24,23.45,30,21.22,15.25
Haryana,42174,Pilani,28.33,75.58,1996,2025,3,MAR,PRECTOTCORR,rainfall_mm,0.509,0.6433,0,2.46,30,0.51,7.1118
Haryana,42174,Pilani,28.33,75.58,1996,2025,3,MAR,RH2M,humidity_pct,29.7067,9.0944,16.64,52.04,30,29.71,73.4964
Haryana,42174,Pilani,28.33,75.58,1996,2025,3,MAR,T2M,temp_mean_c,23.7377,1.5237,21.02,26.86,30,23.74,30.5773
Haryana,42174,Pilani,28.33,75.58,1996,2025,3,MAR,T2M_MAX,temp_max_c,38.39,2.0762,33.56,41.69,30,41.69,35.2718
Haryana,42174,Pilani,28.33,75.58,1996,2025,3,MAR,T2M_MIN,temp_min_c,10.3297,2.6213,5.04,14.97,30,5.04,26.8727
Haryana,42174,Pilani,28.33,75.58,1996,2025,3,MAR,WS10M,wind_speed_ms,2.8863,0.2469,2.25,3.4,30,2.89,2.9818
Haryana,42174,Pilani,28.33,75.58,1996,2025,4,APR,ALLSKY_SFC_SW_DWN,solar_kwh_m2_day,24.697,1.0349,22.22,27.82,30,24.7,15.25
Haryana,42174,Pilani,28.33,75.58,1996,2025,4,APR,PRECTOTCORR,rainfall_mm,0.4283,0.4642,0,1.96,30,0.43,7.1118
Haryana,42174,Pilani,28.33,75.58,1996,2025,4,APR,RH2M,humidity_pct,22.5347,6.4636,11.56,37.47,30,22.53,73.4964
Haryana,42174,Pilani,28.33,75.58,1996,2025,4,APR,T2M,temp_mean_c,30.1527,1.4298,27.59,32.87,30,30.15,30.5773
Haryana,42174,Pilani,28.33,75.58,1996,2025,4,APR,T2M_MAX,temp_max_c,42.9633,1.5249,40.19,45.61,30,45.61,35.2718
Haryana,42174,Pilani,28.33,75.58,1996,2025,4,APR,T2M_MIN,temp_min_c,16.5203,1.945,13.17,19.83,30,13.17,26.8727
Haryana,42174,Pilani,28.33,75.58,1996,2025,4,APR,WS10M,wind_speed_ms,3.1563,0.3156,2.73,4.02,30,3.16,2.9818
Haryana,42174,Pilani,28.33,75.58,1996,2025,5,MAY,ALLSKY_SFC_SW_DWN,solar_kwh_m2_day,25.1557,1.0837,22.56,27.66,30,25.16,15.25
Haryana,42174,Pilani,28.33,75.58,1996,2025,5,MAY,PRECTOTCORR,rainfall_mm,1.065,0.8015,0.04,2.96,30,1.07,7.1118
Haryana,42174,Pilani,28.33,75.58,1996,2025,5,MAY,RH2M,humidity_pct,24.255,5.3736,15.19,37.59,30,24.26,73.4964
Haryana,42174,Pilani,28.33,75.58,1996,2025,5,MAY,T2M,temp_mean_c,34.4567,1.3348,31.13,36.3,30,34.46,30.5773
Haryana,42174,Pilani,28.33,75.58,1996,2025,5,MAY,T2M_MAX,temp_max_c,45.6997,1.1368,43.78,48.43,30,48.43,35.2718
Haryana,42174,Pilani,28.33,75.58,1996,2025,5,MAY,T2M_MIN,temp_min_c,22.4367,2.1343,18.43,26.25,30,18.43,26.8727
Haryana,42174,Pilani,28.33,75.58,1996,2025,5,MAY,WS10M,wind_speed_ms,3.7627,0.5891,2.79,5.15,30,3.76,2.9818
Haryana,42174,Pilani,28.33,75.58,1996,2025,6,JUN,ALLSKY_SFC_SW_DWN,solar_kwh_m2_day,23.1823,1.2274,20.37,25.24,30,23.18,15.25
Haryana,42174,Pilani,28.33,75.58,1996,2025,6,JUN,PRECTOTCORR,rainfall_mm,2.1953,1.1309,0.51,4.71,30,2.2,7.1118
Haryana,42174,Pilani,28.33,75.58,1996,2025,6,JUN,RH2M,humidity_pct,35.7997,6.5412,25.21,51.93,30,35.8,73.4964
Haryana,42174,Pilani,28.33,75.58,1996,2025,6,JUN,T2M,temp_mean_c,35.6237,1.125,33.33,37.28,30,35.62,30.5773
Haryana,42174,Pilani,28.33,75.58,1996,2025,6,JUN,T2M_MAX,temp_max_c,45.4143,1.3024,42.52,47.34,30,47.34,35.2718
Haryana,42174,Pilani,28.33,75.58,1996,2025,6,JUN,T2M_MIN,temp_min_c,25.7893,1.8907,20.61,28.3,30,20.61,26.8727
Haryana,42174,Pilani,28.33,75.58,1996,2025,6,JUN,WS10M,wind_speed_ms,3.9357,0.5067,3.2,5.31,30,3.94,2.9818
Haryana,42174,Pilani,28.33,75.58,1996,2025,7,JUL,ALLSKY_SFC_SW_DWN,solar_kwh_m2_day,20.223,1.6113,16.76,23.38,30,20.22,15.25
Haryana,42174,Pilani,28.33,75.58,1996,2025,7,JUL,PRECTOTCORR,rainfall_mm,4.397,2.5486,0.12,9.63,30,4.4,7.1118
Haryana,42174,Pilani,28.33,75.58,1996,2025,7,JUL,RH2M,humidity_pct,54.4137,9.7764,29.56,71.81,30,54.41,73.4964
Haryana,42174,Pilani,28.33,75.58,1996,2025,7,JUL,T2M,temp_mean_c,33.396,1.5239,30.8,37.36,30,33.4,30.5773
Haryana,42174,Pilani,28.33,75.58,1996,2025,7,JUL,T2M_MAX,temp_max_c,42.9267,1.7149,39.53,46.61,30,46.61,35.2718
Haryana,42174,Pilani,28.33,75.58,1996,2025,7,JUL,T2M_MIN,temp_min_c,26.1833,1.2872,23.86,29.69,30,23.86,26.8727
Haryana,42174,Pilani,28.33,75.58,1996,2025,7,JUL,WS10M,wind_speed_ms,3.5883,0.5082,2.8,4.95,30,3.59,2.9818
Haryana,42174,Pilani,28.33,75.58,1996,2025,8,AUG,ALLSKY_SFC_SW_DWN,solar_kwh_m2_day,19.908,1.6214,16.33,23.46,30,19.91,15.25
Haryana,42174,Pilani,28.33,75.58,1996,2025,8,AUG,PRECTOTCORR,rainfall_mm,3.5707,2.1076,0.47,8.19,30,3.57,7.1118
Haryana,42174,Pilani,28.33,75.58,1996,2025,8,AUG,RH2M,humidity_pct,60.756,9.1605,40.23,76.77,30,60.76,73.4964
Haryana,42174,Pilani,28.33,75.58,1996,2025,8,AUG,T2M,temp_mean_c,31.565,1.4189,29.73,34.6,30,31.56,30.5773
Haryana,42174,Pilani,28.33,75.58,1996,2025,8,AUG,T2M_MAX,temp_max_c,39.7933,1.9184,36.19,44.48,30,44.48,35.2718
Haryana,42174,Pilani,28.33,75.58,1996,2025,8,AUG,T2M_MIN,temp_min_c,25.025,0.8964,22.79,26.9,30,22.79,26.8727
Haryana,42174,Pilani,28.33,75.58,1996,2025,8,AUG,WS10M,wind_speed_ms,3.385,0.4573,2.65,4.36,30,3.38,2.9818
Haryana,42174,Pilani,28.33,75.58,1996,2025,9,SEP,ALLSKY_SFC_SW_DWN,solar_kwh_m2_day,19.8427,1.385,16.13,22.17,30,19.84,15.25
Haryana,42174,Pilani,28.33,75.58,1996,2025,9,SEP,PRECTOTCORR,rainfall_mm,2.442,1.8734,0.35,6.9,30,2.44,7.1118
Haryana,42174,Pilani,28.33,75.58,1996,2025,9,SEP,RH2M,humidity_pct,54.9477,11.041,31.31,80.39,30,54.95,73.4964
Haryana,42174,Pilani,28.33,75.58,1996,2025,9,SEP,T2M,temp_mean_c,30.2923,1.3279,27.75,33.41,30,30.29,30.5773
Haryana,42174,Pilani,28.33,75.58,1996,2025,9,SEP,T2M_MAX,temp_max_c,39.435,2.1008,35.3,43.24,30,43.24,35.2718
Haryana,42174,Pilani,28.33,75.58,1996,2025,9,SEP,T2M_MIN,temp_min_c,21.9427,1.1906,19.01,25.28,30,19.01,26.8727
Haryana,42174,Pilani,28.33,75.58,1996,2025,9,SEP,WS10M,wind_speed_ms,3.0173,0.3758,2.27,3.64,30,3.02,2.9818
Haryana,42174,Pilani,28.33,75.58,1996,2025,10,OCT,ALLSKY_SFC_SW_DWN,solar_kwh_m2_day,18.1307,0.8808,15.68,19.35,30,18.13,15.25
Haryana,42174,Pilani,28.33,75.58,1996,2025,10,OCT,PRECTOTCORR,rainfall_mm,0.4887,0.69,0,2.35,30,0.49,7.1118
Haryana,42174,Pilani,28.33,75.58,1996,2025,10,OCT,RH2M,humidity_pct,38.182,10.5824,16.9,55.05,30,38.18,73.4964
Haryana,42174,Pilani,28.33,75.58,1996,2025,10,OCT,T2M,temp_mean_c,26.818,1.0811,24.33,28.87,30,26.82,30.5773
Haryana,42174,Pilani,28.33,75.58,1996,2025,10,OCT,T2M_MAX,temp_max_c,37.7407,1.5375,34.17,40.24,30,40.24,35.2718
Haryana,42174,Pilani,28.33,75.58,1996,2025,10,OCT,T2M_MIN,temp_min_c,16.4747,1.3225,13.48,19.2,30,13.48,26.8727
Haryana,42174,Pilani,28.33,75.58,1996,2025,10,OCT,WS10M,wind_speed_ms,2.4297,0.2445,1.78,2.78,30,2.43,2.9818
Haryana,42174,Pilani,28.33,75.58,1996,2025,11,NOV,ALLSKY_SFC_SW_DWN,solar_kwh_m2_day,14.24,1.1438,11.18,15.96,30,14.24,15.25
Haryana,42174,Pilani,28.33,75.58,1996,2025,11,NOV,PRECTOTCORR,rainfall_mm,0.1003,0.1668,0,0.76,30,0.1,7.1118
Haryana,42174,Pilani,28.33,75.58,1996,2025,11,NOV,RH2M,humidity_pct,33.411,8.8057,17.56,50.58,30,33.41,73.4964
Haryana,42174,Pilani,28.33,75.58,1996,2025,11,NOV,T2M,temp_mean_c,21.136,0.9552,19.61,22.9,30,21.14,30.5773
Haryana,42174,Pilani,28.33,75.58,1996,2025,11,NOV,T2M_MAX,temp_max_c,33.3463,1.5543,30.9,37.66,30,37.66,35.2718
Haryana,42174,Pilani,28.33,75.58,1996,2025,11,NOV,T2M_MIN,temp_min_c,10.519,1.3927,7.78,12.91,30,7.78,26.8727
Haryana,42174,Pilani,28.33,75.58,1996,2025,11,NOV,WS10M,wind_speed_ms,2.3987,0.2016,2.06,2.84,30,2.4,2.9818
Haryana,42174,Pilani,28.33,75.58,1996,2025,12,DEC,ALLSKY_SFC_SW_DWN,solar_kwh_m2_day,12.5233,0.8022,9.71,13.71,30,12.52,15.25
Haryana,42174,Pilani,28.33,75.58,1996,2025,12,DEC,PRECTOTCORR,rainfall_mm,0.1553,0.2272,0,0.87,30,0.16,7.1118
Haryana,42174,Pilani,28.33,75.58,1996,2025,12,DEC,RH2M,humidity_pct,34.944,8.6313,18.38,56.19,30,34.94,73.4964
Haryana,42174,Pilani,28.33,75.58,1996,2025,12,DEC,T2M,temp_mean_c,15.9273,1.2201,13.07,18.11,30,15.93,30.5773
Haryana,42174,Pilani,28.33,75.58,1996,2025,12,DEC,T2M_MAX,temp_max_c,28.121,1.6869,24.66,30.74,30,30.74,35.2718
Haryana,42174,Pilani,28.33,75.58,1996,2025,12,DEC,T2M_MIN,temp_min_c,5.3167,1.7768,0.76,8.48,30,0.76,26.8727
Haryana,42174,Pilani,28.33,75.58,1996,2025,12,DEC,WS10M,wind_speed_ms,2.4053,0.2066,2.08,3.1,30,2.41,2.9818
Haryana,42249,Siker,27.62,75.13,1996,2025,0,ANNUAL,ALLSKY_SFC_SW_DWN,solar_kwh_m2_day,19.2513,0.7303,17.65,20.59,30,,13.3789
Haryana,42249,Siker,27.62,75.13,1996,2025,0,ANNUAL,PRECTOTCORR,rainfall_mm,1.392,0.457,0.42,2.24,30,,6.8355
Haryana,42249,Siker,27.62,75.13,1996,2025,0,ANNUAL,RH2M,humidity_pct,39.614,5.269,28.35,48.36,30,,70.4009
Haryana,42249,Siker,27.62,75.13,1996,2025,0,ANNUAL,T2M,temp_mean_c,25.6367,0.6233,24.39,27.17,30,,30.3527
Haryana,42249,Siker,27.62,75.13,1996,2025,0,ANNUAL,T2M_MAX,temp_max_c,44.992,1.0987,42.07,47.4,30,,34.8836
Haryana,42249,Siker,27.62,75.13,1996,2025,0,ANNUAL,T2M_MIN,temp_min_c,3.5403,1.1954,1.41,6.37,30,,26.5518
Haryana,42249,Siker,27.62,75.13,1996,2025,0,ANNUAL,WS10M,wind_speed_ms,3.255,0.1351,2.97,3.59,30,,2.8391
Haryana,42249,Siker,27.62,75.13,1996,2025,1,JAN,ALLSKY_SFC_SW_DWN,solar_kwh_m2_day,14.0023,1.0511,12.05,16.04,30,14,13.3789
Haryana,42249,Siker,27.62,75.13,1996,2025,1,JAN,PRECTOTCORR,rainfall_mm,0.2363,0.3161,0,1.5,30,0.24,6.8355
Haryana,42249,Siker,27.62,75.13,1996,2025,1,JAN,RH2M,humidity_pct,37.2137,8.2071,26.33,58.84,30,37.21,70.4009
Haryana,42249,Siker,27.62,75.13,1996,2025,1,JAN,T2M,temp_mean_c,14.1683,0.9574,12.46,16,30,14.17,30.3527
Haryana,42249,Siker,27.62,75.13,1996,2025,1,JAN,T2M_MAX,temp_max_c,27.0047,1.5157,24.49,30.35,30,30.35,34.8836
Haryana,42249,Siker,27.62,75.13,1996,2025,1,JAN,T2M_MIN,temp_min_c,3.9723,1.2539,1.41,6.37,30,1.41,26.5518
Haryana,42249,Siker,27.62,75.13,1996,2025,1,JAN,WS10M,wind_speed_ms,2.7663,0.1967,2.39,3.24,30,2.77,2.8391
Haryana,42249,Siker,27.62,75.13,1996,2025,2,FEB,ALLSKY_SFC_SW_DWN,solar_kwh_m2_day,17.845,0.8996,16.2,19.32,30,17.85,13.3789
Haryana,42249,Siker,27.62,75.13,1996,2025,2,FEB,PRECTOTCORR,rainfall_mm,0.3287,0.4619,0,2.08,30,0.33,6.8355
Haryana,42249,Siker,27.62,75.13,1996,2025,2,FEB,RH2M,humidity_pct,32.137,7.6296,19.52,47.76,30,32.14,70.4009
Haryana,42249,Siker,27.62,75.13,1996,2025,2,FEB,T2M,temp_mean_c,17.817,1.5574,15.49,22.5,30,17.82,30.3527
Haryana,42249,Siker,27.62,75.13,1996,2025,2,FEB,T2M_MAX,temp_max_c,31.648,1.8095,27.81,34.56,30,34.56,34.8836
Haryana,42249,Siker,27.62,75.13,1996,2025,2,FEB,T2M_MIN,temp_min_c,5.6413,2.0224,2.15,11.85,30,2.15,26.5518
Haryana,42249,Siker,27.62,75.13,1996,2025,2,FEB,WS10M,wind_speed_ms,3.0013,0.1572,2.7,3.32,30,3,2.8391
Haryana,42249,Siker,27.62,75.13,1996,2025,3,MAR,ALLSKY_SFC_SW_DWN,solar_kwh_m2_day,21.6657,1.218,18.5,24.1,30,21.67,13.3789
Haryana,42249,Siker,27.62,75.13,1996,2025,3,MAR,PRECTOTCORR,rainfall_mm,0.4527,0.9747,0,5.1,30,0.45,6.8355
Haryana,42249,Siker,27.62,75.13,1996,2025,3,MAR,RH2M,humidity_pct,27.1803,8.039,14.82,45.55,30,27.18,70.4009
Haryana,42249,Siker,27.62,75.13,1996,2025,3,MAR,T2M,temp_mean_c,23.7503,1.4963,21.14,26.45,30,23.75,30.3527
Haryana,42249,Siker,27.62,75.13,1996,2025,3,MAR,T2M_MAX,temp_max_c,37.8287,2.0707,33.41,41.32,30,41.32,34.8836
Haryana,42249,Siker,27.62,75.13,1996,2025,3,MAR,T2M_MIN,temp_min_c,10.5287,2.7935,4.4,14.83,30,4.4,26.5518
Haryana,42249,Siker,27.62,75.13,1996,2025,3,MAR,WS10M,wind_speed_ms,3.1377,0.2238,2.52,3.61,30,3.14,2.8391
Haryana,42249,Siker,27.62,75.13,1996,2025,4,APR,ALLSKY_SFC_SW_DWN,solar_kwh_m2_day,24.845,0.9278,22.1,26.55,30,24.85,13.3789
Haryana,42249,Siker,27.62,75.13,1996,2025,4,APR,PRECTOTCORR,rainfall_mm,0.3283,0.3442,0,1.37,30,0.33,6.8355
Haryana,42249,Siker,27.62,75.13,1996,2025,4,APR,RH2M,humidity_pct,21.5087,5.6885,11.61,34.91,30,21.51,70.4009
Haryana,42249,Siker,27.62,75.13,1996,2025,4,APR,T2M,temp_mean_c,29.7697,1.324,26.91,32.44,30,29.77,30.3527
Haryana,42249,Siker,27.62,75.13,1996,2025,4,APR,T2M_MAX,temp_max_c,42.0743,1.5059,38.96,44.44,30,44.44,34.8836
Haryana,42249,Siker,27.62,75.13,1996,2025,4,APR,T2M_MIN,temp_min_c,16.5297,1.8454,12.72,20.13,30,12.72,26.5518
Haryana,42249,Siker,27.62,75.13,1996,2025,4,APR,WS10M,wind_speed_ms,3.3957,0.3076,2.88,4.15,30,3.4,2.8391
Haryana,42249,Siker,27.62,75.13,1996,2025,5,MAY,ALLSKY_SFC_SW_DWN,solar_kwh_m2_day,25.1543,1.1352,21.8,27.31,30,25.16,13.3789
Haryana,42249,Siker,27.62,75.13,1996,2025,5,MAY,PRECTOTCORR,rainfall_mm,0.8317,0.8255,0.04,3.66,30,0.83,6.8355
Haryana,42249,Siker,27.62,75.13,1996,2025,5,MAY,RH2M,humidity_pct,25.0983,5.3524,15.94,38.29,30,25.1,70.4009
Haryana,42249,Siker,27.62,75.13,1996,2025,5,MAY,T2M,temp_mean_c,33.6903,1.2112,30.73,35.55,30,33.69,30.3527
Haryana,42249,Siker,27.62,75.13,1996,2025,5,MAY,T2M_MAX,temp_max_c,44.4983,1.1789,42.07,47.4,30,47.4,34.8836
Haryana,42249,Siker,27.62,75.13,1996,2025,5,MAY,T2M_MIN,temp_min_c,21.8213,2.2207,17.83,25.53,30,17.83,26.5518
Haryana,42249,Siker,27.62,75.13,1996,2025,5,MAY,WS10M,wind_speed_ms,4.1787,0.5329,3.34,5.21,30,4.18,2.8391
Haryana,42249,Siker,27.62,75.13,1996,2025,6,JUN,ALLSKY_SFC_SW_DWN,solar_kwh_m2_day,22.8843,1.3546,19.53,25.24,30,22.88,13.3789
Haryana,42249,Siker,27.62,75.13,1996,2025,6,JUN,PRECTOTCORR,rainfall_mm,2.0973,1.2067,0.2,4.67,30,2.1,6.8355
Haryana,42249,Siker,27.62,75.13,1996,2025,6,JUN,RH2M,humidity_pct,38.5767,6.7731,29.21,55.44,30,38.58,70.4009
Haryana,42249,Siker,27.62,75.13,1996,2025,6,JUN,T2M,temp_mean_c,34.4083,1.1671,31.41,36.35,30,34.41,30.3527
Haryana,42249,Siker,27.62,75.13,1996,2025,6,JUN,T2M_MAX,temp_max_c,44.1477,1.4645,40.34,46.3,30,46.3,34.8836
Haryana,42249,Siker,27.62,75.13,1996,2025,6,JUN,T2M_MIN,temp_min_c,25.1107,1.8194,20.95,28.23,30,20.95,26.5518
Haryana,42249,Siker,27.62,75.13,1996,2025,6,JUN,WS10M,wind_speed_ms,4.3703,0.4944,3.38,5.56,30,4.37,2.8391
Haryana,42249,Siker,27.62,75.13,1996,2025,7,JUL,ALLSKY_SFC_SW_DWN,solar_kwh_m2_day,19.4587,1.618,15.26,22.99,30,19.46,13.3789
Haryana,42249,Siker,27.62,75.13,1996,2025,7,JUL,PRECTOTCORR,rainfall_mm,5.129,2.4838,0.16,10.17,30,5.13,6.8355
Haryana,42249,Siker,27.62,75.13,1996,2025,7,JUL,RH2M,humidity_pct,58.8793,9.289,35.31,76.96,30,58.88,70.4009
Haryana,42249,Siker,27.62,75.13,1996,2025,7,JUL,T2M,temp_mean_c,31.7593,1.3568,29.2,35.28,30,31.76,30.3527
Haryana,42249,Siker,27.62,75.13,1996,2025,7,JUL,T2M_MAX,temp_max_c,41.3327,1.9854,36.49,45.51,30,45.51,34.8836
Haryana,42249,Siker,27.62,75.13,1996,2025,7,JUL,T2M_MIN,temp_min_c,24.8933,1.0149,22.78,27.94,30,22.78,26.5518
Haryana,42249,Siker,27.62,75.13,1996,2025,7,JUL,WS10M,wind_speed_ms,3.893,0.5381,3.07,5.44,30,3.89,2.8391
Haryana,42249,Siker,27.62,75.13,1996,2025,8,AUG,ALLSKY_SFC_SW_DWN,solar_kwh_m2_day,18.7903,1.974,14.24,23.44,30,18.79,13.3789
Haryana,42249,Siker,27.62,75.13,1996,2025,8,AUG,PRECTOTCORR,rainfall_mm,4.2627,2.8053,0.22,11.91,30,4.26,6.8355
Haryana,42249,Siker,27.62,75.13,1996,2025,8,AUG,RH2M,humidity_pct,66.2773,8.9756,43.48,82.01,30,66.28,70.4009
Haryana,42249,Siker,27.62,75.13,1996,2025,8,AUG,T2M,temp_mean_c,29.8127,1.3441,28.08,33.46,30,29.81,30.3527
Haryana,42249,Siker,27.62,75.13,1996,2025,8,AUG,T2M_MAX,temp_max_c,37.721,2.0419,33.86,43.07,30,43.07,34.8836
Haryana,42249,Siker,27.62,75.13,1996,2025,8,AUG,T2M_MIN,temp_min_c,23.546,0.9695,22.11,26.46,30,22.11,26.5518
Haryana,42249,Siker,27.62,75.13,1996,2025,8,AUG,WS10M,wind_speed_ms,3.5723,0.472,2.72,4.55,30,3.57,2.8391
Haryana,42249,Siker,27.62,75.13,1996,2025,9,SEP,ALLSKY_SFC_SW_DWN,solar_kwh_m2_day,19.7753,1.6395,15.76,22.23,30,19.78,13.3789
Haryana,42249,Siker,27.62,75.13,1996,2025,9,SEP,PRECTOTCORR,rainfall_mm,2.1993,1.5991,0.27,6.16,30,2.2,6.8355
Haryana,42249,Siker,27.62,75.13,1996,2025,9,SEP,RH2M,humidity_pct,58.4863,12.1833,35.43,81.16,30,58.49,70.4009
Haryana,42249,Siker,27.62,75.13,1996,2025,9,SEP,T2M,temp_mean_c,29.0783,1.371,26.54,32.21,30,29.08,30.3527
Haryana,42249,Siker,27.62,75.13,1996,2025,9,SEP,T2M_MAX,temp_max_c,37.9713,2.228,33.52,41.98,30,41.98,34.8836
Haryana,42249,Siker,27.62,75.13,1996,2025,9,SEP,T2M_MIN,temp_min_c,20.999,1.2803,18.02,24.47,30,18.02,26.5518
Haryana,42249,Siker,27.62,75.13,1996,2025,9,SEP,WS10M,wind_speed_ms,3.1247,0.4065,2.25,3.87,30,3.12,2.8391
Haryana,42249,Siker,27.62,75.13,1996,2025,10,OCT,ALLSKY_SFC_SW_DWN,solar_kwh_m2_day,18.4663,0.8473,16.14,19.66,30,18.47,13.3789
Haryana,42249,Siker,27.62,75.13,1996,2025,10,OCT,PRECTOTCORR,rainfall_mm,0.4947,0.6704,0,2.67,30,0.49,6.8355
Haryana,42249,Siker,27.62,75.13,1996,2025,10,OCT,RH2M,humidity_pct,40.1023,11.4145,17.37,61.75,30,40.1,70.4009
Haryana,42249,Siker,27.62,75.13,1996,2025,10,OCT,T2M,temp_mean_c,26.0983,1.1619,23.56,28.57,30,26.1,30.3527
Haryana,42249,Siker,27.62,75.13,1996,2025,10,OCT,T2M_MAX,temp_max_c,36.7523,1.761,33.17,39.93,30,39.93,34.8836
Haryana,42249,Siker,27.62,75.13,1996,2025,10,OCT,T2M_MIN,temp_min_c,15.743,1.3742,12.89,18.17,30,12.89,26.5518
Haryana,42249,Siker,27.62,75.13,1996,2025,10,OCT,WS10M,wind_speed_ms,2.559,0.2485,1.79,2.92,30,2.56,2.8391
Haryana,42249,Siker,27.62,75.13,1996,2025,11,NOV,ALLSKY_SFC_SW_DWN,solar_kwh_m2_day,14.8063,1.3251,11.56,16.99,30,14.81,13.3789
Haryana,42249,Siker,27.62,75.13,1996,2025,11,NOV,PRECTOTCORR,rainfall_mm,0.1183,0.2566,0,1.35,30,0.12,6.8355
Haryana,42249,Siker,27.62,75.13,1996,2025,11,NOV,RH2M,humidity_pct,34.4293,9.8023,18.06,59.03,30,34.43,70.4009
Haryana,42249,Siker,27.62,75.13,1996,2025,11,NOV,T2M,temp_mean_c,20.912,0.9431,19.16,22.43,30,20.91,30.3527
Haryana,42249,Siker,27.62,75.13,1996,2025,11,NOV,T2M_MAX,temp_max_c,32.8293,1.6016,29.45,36.72,30,36.72,34.8836
Haryana,42249,Siker,27.62,75.13,1996,2025,11,NOV,T2M_MIN,temp_min_c,10.475,1.3564,7.91,12.73,30,7.91,26.5518
Haryana,42249,Siker,27.62,75.13,1996,2025,11,NOV,WS10M,wind_speed_ms,2.4837,0.2213,2.04,2.84,30,2.48,2.8391
Haryana,42249,Siker,27.62,75.13,1996,2025,12,DEC,ALLSKY_SFC_SW_DWN,solar_kwh_m2_day,13.3607,0.744,11.66,14.79,30,13.36,13.3789
Haryana,42249,Siker,27.62,75.13,1996,2025,12,DEC,PRECTOTCORR,rainfall_mm,0.1063,0.1637,0,0.54,30,0.11,6.8355
Haryana,42249,Siker,27.62,75.13,1996,2025,12,DEC,RH2M,humidity_pct,34.6657,8.9221,18.91,56.4,30,34.67,70.4009
Haryana,42249,Siker,27.62,75.13,1996,2025,12,DEC,T2M,temp_mean_c,16.0703,1.2956,13.09,18.58,30,16.07,30.3527
Haryana,42249,Siker,27.62,75.13,1996,2025,12,DEC,T2M_MAX,temp_max_c,27.986,1.8493,23.43,31.38,30,31.38,34.8836
Haryana,42249,Siker,27.62,75.13,1996,2025,12,DEC,T2M_MIN,temp_min_c,5.8027,1.5994,1.57,8.46,30,1.57,26.5518
Haryana,42249,Siker,27.62,75.13,1996,2025,12,DEC,WS10M,wind_speed_ms,2.5783,0.1959,2.03,3,30,2.58,2.8391
Punjab,42103,Ambala,30.38,76.77,1996,2025,0,ANNUAL,ALLSKY_SFC_SW_DWN,solar_kwh_m2_day,18.689,0.4803,17.68,19.59,30,,16.4133
Punjab,42103,Ambala,30.38,76.77,1996,2025,0,ANNUAL,PRECTOTCORR,rainfall_mm,2.9607,0.7345,1.47,4.36,30,,5.6018
Punjab,42103,Ambala,30.38,76.77,1996,2025,0,ANNUAL,RH2M,humidity_pct,48.3243,6.5232,34.47,60.47,30,,73.6064
Punjab,42103,Ambala,30.38,76.77,1996,2025,0,ANNUAL,T2M,temp_mean_c,24.0913,0.6661,22.92,25.49,30,,29.0664
Punjab,42103,Ambala,30.38,76.77,1996,2025,0,ANNUAL,T2M_MAX,temp_max_c,45.501,1.4209,42.8,47.93,30,,33.0209
Punjab,42103,Ambala,30.38,76.77,1996,2025,0,ANNUAL,T2M_MIN,temp_min_c,4.207,1.1001,1.91,6.07,30,,25.7609
Punjab,42103,Ambala,30.38,76.77,1996,2025,0,ANNUAL,WS10M,wind_speed_ms,2.9947,0.0917,2.81,3.15,30,,1.6536
Punjab,42103,Ambala,30.38,76.77,1996,2025,1,JAN,ALLSKY_SFC_SW_DWN,solar_kwh_m2_day,11.3407,1.3373,8.17,13.89,30,11.34,16.4133
Punjab,42103,Ambala,30.38,76.77,1996,2025,1,JAN,PRECTOTCORR,rainfall_mm,1.14,1.0714,0.04,4.82,30,1.14,5.6018
Punjab,42103,Ambala,30.38,76.77,1996,2025,1,JAN,RH2M,humidity_pct,45.7063,9.6259,31.33,72.55,30,45.71,73.6064
Punjab,42103,Ambala,30.38,76.77,1996,2025,1,JAN,T2M,temp_mean_c,13.1257,0.931,10.96,15.28,30,13.13,29.0664
Punjab,42103,Ambala,30.38,76.77,1996,2025,1,JAN,T2M_MAX,temp_max_c,24.8063,2.1624,20.43,29.81,30,29.81,33.0209
Punjab,42103,Ambala,30.38,76.77,1996,2025,1,JAN,T2M_MIN,temp_min_c,4.4693,1.2625,1.91,7.26,30,1.91,25.7609
Punjab,42103,Ambala,30.38,76.77,1996,2025,1,JAN,WS10M,wind_speed_ms,3.0153,0.2458,2.43,3.46,30,3.02,1.6536
Punjab,42103,Ambala,30.38,76.77,1996,2025,2,FEB,ALLSKY_SFC_SW_DWN,solar_kwh_m2_day,15.658,1.2449,13.11,17.9,30,15.66,16.4133
Punjab,42103,Ambala,30.38,76.77,1996,2025,2,FEB,PRECTOTCORR,rainfall_mm,1.2993,1.2159,0.06,5.07,30,1.3,5.6018
Punjab,42103,Ambala,30.38,76.77,1996,2025,2,FEB,RH2M,humidity_pct,44.457,9.913,26.25,65.18,30,44.46,73.6064
Punjab,42103,Ambala,30.38,76.77,1996,2025,2,FEB,T2M,temp_mean_c,16.203,1.5251,13.79,21.12,30,16.2,29.0664
Punjab,42103,Ambala,30.38,76.77,1996,2025,2,FEB,T2M_MAX,temp_max_c,28.6947,2.5232,23.06,32.96,30,32.96,33.0209
Punjab,42103,Ambala,30.38,76.77,1996,2025,2,FEB,T2M_MIN,temp_min_c,6.2807,1.5446,3.37,10.93,30,3.37,25.7609
Punjab,42103,Ambala,30.38,76.77,1996,2025,2,FEB,WS10M,wind_speed_ms,3.4193,0.3497,2.57,4.09,30,3.42,1.6536
Punjab,42103,Ambala,30.38,76.77,1996,2025,3,MAR,ALLSKY_SFC_SW_DWN,solar_kwh_m2_day,20.3363,1.2391,17.93,22.59,30,20.34,16.4133
Punjab,42103,Ambala,30.38,76.77,1996,2025,3,MAR,PRECTOTCORR,rainfall_mm,1.0653,1.0961,0,4.46,30,1.07,5.6018
Punjab,42103,Ambala,30.38,76.77,1996,2025,3,MAR,RH2M,humidity_pct,37.5493,11.5821,17.65,62.87,30,37.55,73.6064
Punjab,42103,Ambala,30.38,76.77,1996,2025,3,MAR,T2M,temp_mean_c,21.799,1.7056,18.48,25.44,30,21.8,29.0664
Punjab,42103,Ambala,30.38,76.77,1996,2025,3,MAR,T2M_MAX,temp_max_c,35.533,2.3173,29.28,39.6,30,39.6,33.0209
Punjab,42103,Ambala,30.38,76.77,1996,2025,3,MAR,T2M_MIN,temp_min_c,10.0283,2.2127,5.12,14.51,30,5.12,25.7609
Punjab,42103,Ambala,30.38,76.77,1996,2025,3,MAR,WS10M,wind_speed_ms,3.568,0.3221,3.1,4.16,30,3.57,1.6536
Punjab,42103,Ambala,30.38,76.77,1996,2025,4,APR,ALLSKY_SFC_SW_DWN,solar_kwh_m2_day,23.9907,1.0084,22.19,26.43,30,23.99,16.4133
Punjab,42103,Ambala,30.38,76.77,1996,2025,4,APR,PRECTOTCORR,rainfall_mm,0.874,0.6651,0,2.15,30,0.87,5.6018
Punjab,42103,Ambala,30.38,76.77,1996,2025,4,APR,RH2M,humidity_pct,28.146,8.8914,9.08,47.97,30,28.15,73.6064
Punjab,42103,Ambala,30.38,76.77,1996,2025,4,APR,T2M,temp_mean_c,28.168,1.6871,25.26,31.64,30,28.17,29.0664
Punjab,42103,Ambala,30.38,76.77,1996,2025,4,APR,T2M_MAX,temp_max_c,41.215,1.9285,37.49,44.78,30,44.78,33.0209
Punjab,42103,Ambala,30.38,76.77,1996,2025,4,APR,T2M_MIN,temp_min_c,15.5007,2.0861,11.88,20.04,30,11.88,25.7609
Punjab,42103,Ambala,30.38,76.77,1996,2025,4,APR,WS10M,wind_speed_ms,3.6813,0.3111,3.08,4.36,30,3.68,1.6536
Punjab,42103,Ambala,30.38,76.77,1996,2025,5,MAY,ALLSKY_SFC_SW_DWN,solar_kwh_m2_day,25.6483,1.2326,23,27.43,30,25.65,16.4133
Punjab,42103,Ambala,30.38,76.77,1996,2025,5,MAY,PRECTOTCORR,rainfall_mm,1.417,1.1232,0.11,4.16,30,1.42,5.6018
Punjab,42103,Ambala,30.38,76.77,1996,2025,5,MAY,RH2M,humidity_pct,26.0963,7.5061,15.31,44.09,30,26.1,73.6064
Punjab,42103,Ambala,30.38,76.77,1996,2025,5,MAY,T2M,temp_mean_c,32.684,1.5506,28.38,35.18,30,32.68,29.0664
Punjab,42103,Ambala,30.38,76.77,1996,2025,5,MAY,T2M_MAX,temp_max_c,44.6397,1.4602,41.81,47.39,30,47.39,33.0209
Punjab,42103,Ambala,30.38,76.77,1996,2025,5,MAY,T2M_MIN,temp_min_c,21.0497,2.3361,16.02,24.99,30,16.02,25.7609
Punjab,42103,Ambala,30.38,76.77,1996,2025,5,MAY,WS10M,wind_speed_ms,3.5547,0.3411,2.96,4.17,30,3.55,1.6536
Punjab,42103,Ambala,30.38,76.77,1996,2025,6,JUN,ALLSKY_SFC_SW_DWN,solar_kwh_m2_day,23.73,1.5301,20.03,27.52,30,23.73,16.4133
Punjab,42103,Ambala,30.38,76.77,1996,2025,6,JUN,PRECTOTCORR,rainfall_mm,4.627,2.8353,1.2,12.98,30,4.63,5.6018
Punjab,42103,Ambala,30.38,76.77,1996,2025,6,JUN,RH2M,humidity_pct,39.1577,10.6604,21.64,65.82,30,39.16,73.6064
Punjab,42103,Ambala,30.38,76.77,1996,2025,6,JUN,T2M,temp_mean_c,33.6087,1.6352,30.27,36.57,30,33.61,29.0664
Punjab,42103,Ambala,30.38,76.77,1996,2025,6,JUN,T2M_MAX,temp_max_c,44.3573,2.2151,39.38,47.93,30,47.93,33.0209
Punjab,42103,Ambala,30.38,76.77,1996,2025,6,JUN,T2M_MIN,temp_min_c,23.8807,1.7114,19.14,26.73,30,19.14,25.7609
Punjab,42103,Ambala,30.38,76.77,1996,2025,6,JUN,WS10M,wind_speed_ms,3.2083,0.4301,2.54,4.15,30,3.21,1.6536
Punjab,42103,Ambala,30.38,76.77,1996,2025,7,JUL,ALLSKY_SFC_SW_DWN,solar_kwh_m2_day,19.8407,1.4994,16.63,23.56,30,19.84,16.4133
Punjab,42103,Ambala,30.38,76.77,1996,2025,7,JUL,PRECTOTCORR,rainfall_mm,9.4413,3.6131,3,18.7,30,9.44,5.6018
Punjab,42103,Ambala,30.38,76.77,1996,2025,7,JUL,RH2M,humidity_pct,67.1377,11.2712,34.88,84.31,30,67.14,73.6064
Punjab,42103,Ambala,30.38,76.77,1996,2025,7,JUL,T2M,temp_mean_c,30.5563,1.6262,28.11,34.98,30,30.56,29.0664
Punjab,42103,Ambala,30.38,76.77,1996,2025,7,JUL,T2M_MAX,temp_max_c,39.981,2.8517,34.28,45.84,30,45.84,33.0209
Punjab,42103,Ambala,30.38,76.77,1996,2025,7,JUL,T2M_MIN,temp_min_c,24.3203,0.8004,22.86,26.28,30,22.86,25.7609
Punjab,42103,Ambala,30.38,76.77,1996,2025,7,JUL,WS10M,wind_speed_ms,2.5773,0.2522,2.21,3.27,30,2.58,1.6536
Punjab,42103,Ambala,30.38,76.77,1996,2025,8,AUG,ALLSKY_SFC_SW_DWN,solar_kwh_m2_day,19.3637,1.3882,15.5,22.27,30,19.36,16.4133
Punjab,42103,Ambala,30.38,76.77,1996,2025,8,AUG,PRECTOTCORR,rainfall_mm,8.9763,2.9331,3.18,14.35,30,8.98,5.6018
Punjab,42103,Ambala,30.38,76.77,1996,2025,8,AUG,RH2M,humidity_pct,77.4503,8.234,57.73,87.29,30,77.45,73.6064
Punjab,42103,Ambala,30.38,76.77,1996,2025,8,AUG,T2M,temp_mean_c,28.4547,1.0093,26.92,30.79,30,28.45,29.0664
Punjab,42103,Ambala,30.38,76.77,1996,2025,8,AUG,T2M_MAX,temp_max_c,34.7817,2.1397,31.9,40.18,30,40.18,33.0209
Punjab,42103,Ambala,30.38,76.77,1996,2025,8,AUG,T2M_MIN,temp_min_c,23.1807,0.6711,21.8,24.13,30,21.8,25.7609
Punjab,42103,Ambala,30.38,76.77,1996,2025,8,AUG,WS10M,wind_speed_ms,2.35,0.2049,1.98,2.96,30,2.35,1.6536
Punjab,42103,Ambala,30.38,76.77,1996,2025,9,SEP,ALLSKY_SFC_SW_DWN,solar_kwh_m2_day,19.3497,1.3648,16.66,22.23,30,19.35,16.4133
Punjab,42103,Ambala,30.38,76.77,1996,2025,9,SEP,PRECTOTCORR,rainfall_mm,5.3563,3.0995,0.75,11.81,30,5.36,5.6018
Punjab,42103,Ambala,30.38,76.77,1996,2025,9,SEP,RH2M,humidity_pct,72.444,9.2975,53.56,85.72,30,72.44,73.6064
Punjab,42103,Ambala,30.38,76.77,1996,2025,9,SEP,T2M,temp_mean_c,26.867,0.9072,25.43,29.42,30,26.87,29.0664
Punjab,42103,Ambala,30.38,76.77,1996,2025,9,SEP,T2M_MAX,temp_max_c,33.9663,1.8749,31.5,38.86,30,38.86,33.0209
Punjab,42103,Ambala,30.38,76.77,1996,2025,9,SEP,T2M_MIN,temp_min_c,19.9073,1.1409,18.14,22.02,30,18.14,25.7609
Punjab,42103,Ambala,30.38,76.77,1996,2025,9,SEP,WS10M,wind_speed_ms,2.3327,0.2774,1.85,2.97,30,2.33,1.6536
Punjab,42103,Ambala,30.38,76.77,1996,2025,10,OCT,ALLSKY_SFC_SW_DWN,solar_kwh_m2_day,18.375,1.0386,15.61,20.02,30,18.38,16.4133
Punjab,42103,Ambala,30.38,76.77,1996,2025,10,OCT,PRECTOTCORR,rainfall_mm,0.6293,0.6734,0,2.67,30,0.63,5.6018
Punjab,42103,Ambala,30.38,76.77,1996,2025,10,OCT,RH2M,humidity_pct,54.4033,12.53,31.8,75.88,30,54.4,73.6064
Punjab,42103,Ambala,30.38,76.77,1996,2025,10,OCT,T2M,temp_mean_c,23.594,0.9915,21.97,25.35,30,23.59,29.0664
Punjab,42103,Ambala,30.38,76.77,1996,2025,10,OCT,T2M_MAX,temp_max_c,33.0657,1.8684,30.23,36.42,30,36.42,33.0209
Punjab,42103,Ambala,30.38,76.77,1996,2025,10,OCT,T2M_MIN,temp_min_c,14.9917,1.0542,13.16,17.53,30,13.16,25.7609
Punjab,42103,Ambala,30.38,76.77,1996,2025,10,OCT,WS10M,wind_speed_ms,2.5743,0.2251,2.12,2.95,30,2.57,1.6536
Punjab,42103,Ambala,30.38,76.77,1996,2025,11,NOV,ALLSKY_SFC_SW_DWN,solar_kwh_m2_day,14.6453,0.8643,12.08,15.71,30,14.65,16.4133
Punjab,42103,Ambala,30.38,76.77,1996,2025,11,NOV,PRECTOTCORR,rainfall_mm,0.176,0.2708,0,1.05,30,0.18,5.6018
Punjab,42103,Ambala,30.38,76.77,1996,2025,11,NOV,RH2M,humidity_pct,44.5273,10.4726,25.03,65.18,30,44.53,73.6064
Punjab,42103,Ambala,30.38,76.77,1996,2025,11,NOV,T2M,temp_mean_c,18.99,0.8175,17.5,20.35,30,18.99,29.0664
Punjab,42103,Ambala,30.38,76.77,1996,2025,11,NOV,T2M_MAX,temp_max_c,29.7647,1.6262,26.59,34,30,34,33.0209
Punjab,42103,Ambala,30.38,76.77,1996,2025,11,NOV,T2M_MIN,temp_min_c,10.296,1.0567,8.8,12.8,30,8.8,25.7609
Punjab,42103,Ambala,30.38,76.77,1996,2025,11,NOV,WS10M,wind_speed_ms,2.804,0.2816,2.28,3.52,30,2.8,1.6536
Punjab,42103,Ambala,30.38,76.77,1996,2025,12,DEC,ALLSKY_SFC_SW_DWN,solar_kwh_m2_day,11.9377,0.9098,9.37,13.4,30,11.94,16.4133
Punjab,42103,Ambala,30.38,76.77,1996,2025,12,DEC,PRECTOTCORR,rainfall_mm,0.348,0.3663,0,1.31,30,0.35,5.6018
Punjab,42103,Ambala,30.38,76.77,1996,2025,12,DEC,RH2M,humidity_pct,42.1997,10.0372,18.74,56.8,30,42.2,73.6064
Punjab,42103,Ambala,30.38,76.77,1996,2025,12,DEC,T2M,temp_mean_c,14.7207,1.0245,12.4,16.33,30,14.72,29.0664
Punjab,42103,Ambala,30.38,76.77,1996,2025,12,DEC,T2M_MAX,temp_max_c,26.27,1.4364,22.91,28.83,30,28.83,33.0209
Punjab,42103,Ambala,30.38,76.77,1996,2025,12,DEC,T2M_MIN,temp_min_c,5.972,1.5197,2.93,8.37,30,2.93,25.7609
Punjab,42103,Ambala,30.38,76.77,1996,2025,12,DEC,WS10M,wind_speed_ms,2.8907,0.3099,2.18,3.36,30,2.89,1.6536
Punjab,42071,Amritsar,31.63,74.87,1996,2025,0,ANNUAL,ALLSKY_SFC_SW_DWN,solar_kwh_m2_day,17.7007,0.5104,16.83,18.62,30,,17.4389
Punjab,42071,Amritsar,31.63,74.87,1996,2025,0,ANNUAL,PRECTOTCORR,rainfall_mm,1.9453,0.7058,0.72,3.72,30,,5.7436
Punjab,42071,Amritsar,31.63,74.87,1996,2025,0,ANNUAL,RH2M,humidity_pct,43.712,7.7381,30.02,60.06,30,,61.9536
Punjab,42071,Amritsar,31.63,74.87,1996,2025,0,ANNUAL,T2M,temp_mean_c,25.3533,0.8564,23.67,27.06,30,,32.5436
Punjab,42071,Amritsar,31.63,74.87,1996,2025,0,ANNUAL,T2M_MAX,temp_max_c,47.8427,1.2022,45.5,50.14,30,,37.7336
Punjab,42071,Amritsar,31.63,74.87,1996,2025,0,ANNUAL,T2M_MIN,temp_min_c,1.9117,1.281,-0.48,4.67,30,,27.7564
Punjab,42071,Amritsar,31.63,74.87,1996,2025,0,ANNUAL,WS10M,wind_speed_ms,2.3813,0.1178,2.13,2.6,30,,1.9455
Punjab,42071,Amritsar,31.63,74.87,1996,2025,1,JAN,ALLSKY_SFC_SW_DWN,solar_kwh_m2_day,10.309,1.4522,6.26,12.47,30,10.31,17.4389
Punjab,42071,Amritsar,31.63,74.87,1996,2025,1,JAN,PRECTOTCORR,rainfall_mm,0.8993,0.8654,0.01,4.12,30,0.9,5.7436
Punjab,42071,Amritsar,31.63,74.87,1996,2025,1,JAN,RH2M,humidity_pct,47.212,10.0762,31.1,73.55,30,47.21,61.9536
Punjab,42071,Amritsar,31.63,74.87,1996,2025,1,JAN,T2M,temp_mean_c,12.446,0.9742,10.68,14.13,30,12.45,32.5436
Punjab,42071,Amritsar,31.63,74.87,1996,2025,1,JAN,T2M_MAX,temp_max_c,24.51,2.1141,20.64,28.36,30,28.36,37.7336
Punjab,42071,Amritsar,31.63,74.87,1996,2025,1,JAN,T2M_MIN,temp_min_c,2.309,1.4129,-0.48,5.06,30,-0.48,27.7564
Punjab,42071,Amritsar,31.63,74.87,1996,2025,1,JAN,WS10M,wind_speed_ms,2.3477,0.196,1.82,2.76,30,2.35,1.9455
Punjab,42071,Amritsar,31.63,74.87,1996,2025,2,FEB,ALLSKY_SFC_SW_DWN,solar_kwh_m2_day,14.5293,1.2053,12.11,16.71,30,14.53,17.4389
Punjab,42071,Amritsar,31.63,74.87,1996,2025,2,FEB,PRECTOTCORR,rainfall_mm,1.0933,1.0859,0.04,3.47,30,1.09,5.7436
Punjab,42071,Amritsar,31.63,74.87,1996,2025,2,FEB,RH2M,humidity_pct,46.9323,9.8935,24.51,65.88,30,46.93,61.9536
Punjab,42071,Amritsar,31.63,74.87,1996,2025,2,FEB,T2M,temp_mean_c,15.8537,1.5357,13.23,20.76,30,15.85,32.5436
Punjab,42071,Amritsar,31.63,74.87,1996,2025,2,FEB,T2M_MAX,temp_max_c,28.885,2.5677,23.72,32.84,30,32.84,37.7336
Punjab,42071,Amritsar,31.63,74.87,1996,2025,2,FEB,T2M_MIN,temp_min_c,4.3397,1.6639,0.36,7.55,30,0.36,27.7564
Punjab,42071,Amritsar,31.63,74.87,1996,2025,2,FEB,WS10M,wind_speed_ms,2.5717,0.2232,1.99,2.91,30,2.57,1.9455
Punjab,42071,Amritsar,31.63,74.87,1996,2025,3,MAR,ALLSKY_SFC_SW_DWN,solar_kwh_m2_day,18.9583,1.2387,16.59,21.27,30,18.96,17.4389
Punjab,42071,Amritsar,31.63,74.87,1996,2025,3,MAR,PRECTOTCORR,rainfall_mm,0.968,1.0801,0,4.08,30,0.97,5.7436
Punjab,42071,Amritsar,31.63,74.87,1996,2025,3,MAR,RH2M,humidity_pct,40.52,12.8343,20.59,70.67,30,40.52,61.9536
Punjab,42071,Amritsar,31.63,74.87,1996,2025,3,MAR,T2M,temp_mean_c,21.892,1.8519,18.41,25.86,30,21.89,32.5436
Punjab,42071,Amritsar,31.63,74.87,1996,2025,3,MAR,T2M_MAX,temp_max_c,36.516,2.5234,28.27,40.12,30,40.12,37.7336
Punjab,42071,Amritsar,31.63,74.87,1996,2025,3,MAR,T2M_MIN,temp_min_c,9.192,2.4719,3.63,14.21,30,3.63,27.7564
Punjab,42071,Amritsar,31.63,74.87,1996,2025,3,MAR,WS10M,wind_speed_ms,2.7133,0.2525,2.15,3.17,30,2.71,1.9455
Punjab,42071,Amritsar,31.63,74.87,1996,2025,4,APR,ALLSKY_SFC_SW_DWN,solar_kwh_m2_day,22.871,0.8951,21.22,25.02,30,22.87,17.4389
Punjab,42071,Amritsar,31.63,74.87,1996,2025,4,APR,PRECTOTCORR,rainfall_mm,0.6457,0.5303,0.01,1.91,30,0.65,5.7436
Punjab,42071,Amritsar,31.63,74.87,1996,2025,4,APR,RH2M,humidity_pct,30.454,10.4345,10.49,58.08,30,30.45,61.9536
Punjab,42071,Amritsar,31.63,74.87,1996,2025,4,APR,T2M,temp_mean_c,28.668,1.9176,24.88,32.14,30,28.67,32.5436
Punjab,42071,Amritsar,31.63,74.87,1996,2025,4,APR,T2M_MAX,temp_max_c,42.6077,2.3748,37.38,46.61,30,46.61,37.7336
Punjab,42071,Amritsar,31.63,74.87,1996,2025,4,APR,T2M_MIN,temp_min_c,14.9377,1.9926,10.67,18.84,30,10.67,27.7564
Punjab,42071,Amritsar,31.63,74.87,1996,2025,4,APR,WS10M,wind_speed_ms,2.829,0.2995,2.26,3.63,30,2.83,1.9455
Punjab,42071,Amritsar,31.63,74.87,1996,2025,5,MAY,ALLSKY_SFC_SW_DWN,solar_kwh_m2_day,24.5263,1.076,22.7,26.17,30,24.53,17.4389
Punjab,42071,Amritsar,31.63,74.87,1996,2025,5,MAY,PRECTOTCORR,rainfall_mm,0.643,0.4866,0.05,2.21,30,0.64,5.7436
Punjab,42071,Amritsar,31.63,74.87,1996,2025,5,MAY,RH2M,humidity_pct,23.793,6.7063,13.9,40.67,30,23.79,61.9536
Punjab,42071,Amritsar,31.63,74.87,1996,2025,5,MAY,T2M,temp_mean_c,34.281,1.6271,29.99,36.9,30,34.28,32.5436
Punjab,42071,Amritsar,31.63,74.87,1996,2025,5,MAY,T2M_MAX,temp_max_c,46.7813,1.3489,43.67,49.58,30,49.58,37.7336
Punjab,42071,Amritsar,31.63,74.87,1996,2025,5,MAY,T2M_MIN,temp_min_c,21.3473,2.5831,15.27,25.59,30,15.27,27.7564
Punjab,42071,Amritsar,31.63,74.87,1996,2025,5,MAY,WS10M,wind_speed_ms,2.8847,0.3197,2.22,3.72,30,2.88,1.9455
Punjab,42071,Amritsar,31.63,74.87,1996,2025,6,JUN,ALLSKY_SFC_SW_DWN,solar_kwh_m2_day,23.2373,1.4011,19.33,26.11,30,23.24,17.4389
Punjab,42071,Amritsar,31.63,74.87,1996,2025,6,JUN,PRECTOTCORR,rainfall_mm,2.78,1.8066,0.22,7.57,30,2.78,5.7436
Punjab,42071,Amritsar,31.63,74.87,1996,2025,6,JUN,RH2M,humidity_pct,31.8483,7.8379,18.15,49.47,30,31.85,61.9536
Punjab,42071,Amritsar,31.63,74.87,1996,2025,6,JUN,T2M,temp_mean_c,36.2507,1.1863,33.45,38.13,30,36.25,32.5436
Punjab,42071,Amritsar,31.63,74.87,1996,2025,6,JUN,T2M_MAX,temp_max_c,47.1633,1.6816,42.92,50.14,30,50.14,37.7336
Punjab,42071,Amritsar,31.63,74.87,1996,2025,6,JUN,T2M_MIN,temp_min_c,25.617,1.7955,20.01,28.58,30,20.01,27.7564
Punjab,42071,Amritsar,31.63,74.87,1996,2025,6,JUN,WS10M,wind_speed_ms,2.6557,0.3093,2.22,3.37,30,2.66,1.9455
Punjab,42071,Amritsar,31.63,74.87,1996,2025,7,JUL,ALLSKY_SFC_SW_DWN,solar_kwh_m2_day,19.5987,1.6236,15.64,22.03,30,19.6,17.4389
Punjab,42071,Amritsar,31.63,74.87,1996,2025,7,JUL,PRECTOTCORR,rainfall_mm,6.3303,3.215,1.17,14.51,30,6.33,5.7436
Punjab,42071,Amritsar,31.63,74.87,1996,2025,7,JUL,RH2M,humidity_pct,54.1487,11.4351,28.32,80.6,30,54.15,61.9536
Punjab,42071,Amritsar,31.63,74.87,1996,2025,7,JUL,T2M,temp_mean_c,33.9253,1.8126,30.01,37.87,30,33.93,32.5436
Punjab,42071,Amritsar,31.63,74.87,1996,2025,7,JUL,T2M_MAX,temp_max_c,43.8343,2.6162,38.54,48.73,30,48.73,37.7336
Punjab,42071,Amritsar,31.63,74.87,1996,2025,7,JUL,T2M_MIN,temp_min_c,26.328,1.2821,23.92,29.05,30,23.92,27.7564
Punjab,42071,Amritsar,31.63,74.87,1996,2025,7,JUL,WS10M,wind_speed_ms,2.298,0.2626,1.88,2.9,30,2.3,1.9455
Punjab,42071,Amritsar,31.63,74.87,1996,2025,8,AUG,ALLSKY_SFC_SW_DWN,solar_kwh_m2_day,19.387,1.4653,15.61,22.4,30,19.39,17.4389
Punjab,42071,Amritsar,31.63,74.87,1996,2025,8,AUG,PRECTOTCORR,rainfall_mm,5.7433,3.2146,0.98,12.76,30,5.74,5.7436
Punjab,42071,Amritsar,31.63,74.87,1996,2025,8,AUG,RH2M,humidity_pct,63.7483,11.7217,45.11,84.12,30,63.75,61.9536
Punjab,42071,Amritsar,31.63,74.87,1996,2025,8,AUG,T2M,temp_mean_c,31.684,1.6906,28.94,34.71,30,31.68,32.5436
Punjab,42071,Amritsar,31.63,74.87,1996,2025,8,AUG,T2M_MAX,temp_max_c,39.5833,2.7633,34.96,44.22,30,44.22,37.7336
Punjab,42071,Amritsar,31.63,74.87,1996,2025,8,AUG,T2M_MIN,temp_min_c,24.647,1.2784,21.52,27.29,30,21.52,27.7564
Punjab,42071,Amritsar,31.63,74.87,1996,2025,8,AUG,WS10M,wind_speed_ms,2.1157,0.2191,1.69,2.57,30,2.12,1.9455
Punjab,42071,Amritsar,31.63,74.87,1996,2025,9,SEP,ALLSKY_SFC_SW_DWN,solar_kwh_m2_day,18.9877,1.0048,16.57,20.64,30,18.99,17.4389
Punjab,42071,Amritsar,31.63,74.87,1996,2025,9,SEP,PRECTOTCORR,rainfall_mm,3.0943,2.6024,0.16,12.26,30,3.09,5.7436
Punjab,42071,Amritsar,31.63,74.87,1996,2025,9,SEP,RH2M,humidity_pct,59.4613,12.6904,39.57,79.21,30,59.46,61.9536
Punjab,42071,Amritsar,31.63,74.87,1996,2025,9,SEP,T2M,temp_mean_c,29.5903,1.5015,27.24,33,30,29.59,32.5436
Punjab,42071,Amritsar,31.63,74.87,1996,2025,9,SEP,T2M_MAX,temp_max_c,37.8243,2.5954,33.87,42.5,30,42.5,37.7336
Punjab,42071,Amritsar,31.63,74.87,1996,2025,9,SEP,T2M_MIN,temp_min_c,20.7917,1.3306,18.88,23.55,30,18.88,27.7564
Punjab,42071,Amritsar,31.63,74.87,1996,2025,9,SEP,WS10M,wind_speed_ms,1.8923,0.2215,1.48,2.53,30,1.89,1.9455
Punjab,42071,Amritsar,31.63,74.87,1996,2025,10,OCT,ALLSKY_SFC_SW_DWN,solar_kwh_m2_day,16.678,0.9185,14.66,18.4,30,16.68,17.4389
Punjab,42071,Amritsar,31.63,74.87,1996,2025,10,OCT,PRECTOTCORR,rainfall_mm,0.5287,0.6806,0,2.87,30,0.53,5.7436
Punjab,42071,Amritsar,31.63,74.87,1996,2025,10,OCT,RH2M,humidity_pct,45.5933,13.5717,23.14,69.48,30,45.59,61.9536
Punjab,42071,Amritsar,31.63,74.87,1996,2025,10,OCT,T2M,temp_mean_c,25.3363,1.146,22.94,27.39,30,25.34,32.5436
Punjab,42071,Amritsar,31.63,74.87,1996,2025,10,OCT,T2M_MAX,temp_max_c,35.9997,2.0554,32.04,40.23,30,40.23,37.7336
Punjab,42071,Amritsar,31.63,74.87,1996,2025,10,OCT,T2M_MIN,temp_min_c,14.856,1.1369,12.98,17.03,30,12.98,27.7564
Punjab,42071,Amritsar,31.63,74.87,1996,2025,10,OCT,WS10M,wind_speed_ms,1.946,0.2045,1.56,2.49,30,1.95,1.9455
Punjab,42071,Amritsar,31.63,74.87,1996,2025,11,NOV,ALLSKY_SFC_SW_DWN,solar_kwh_m2_day,12.7567,1.0121,10.44,14.19,30,12.76,17.4389
Punjab,42071,Amritsar,31.63,74.87,1996,2025,11,NOV,PRECTOTCORR,rainfall_mm,0.2387,0.3112,0,1.07,30,0.24,5.7436
Punjab,42071,Amritsar,31.63,74.87,1996,2025,11,NOV,RH2M,humidity_pct,39.8933,12.4705,19.01,68.15,30,39.89,61.9536
Punjab,42071,Amritsar,31.63,74.87,1996,2025,11,NOV,T2M,temp_mean_c,19.452,1.1809,16.96,21.27,30,19.45,32.5436
Punjab,42071,Amritsar,31.63,74.87,1996,2025,11,NOV,T2M_MAX,temp_max_c,31.1767,1.9231,28.02,35.89,30,35.89,37.7336
Punjab,42071,Amritsar,31.63,74.87,1996,2025,11,NOV,T2M_MIN,temp_min_c,8.964,1.5164,5.17,11.82,30,5.17,27.7564
Punjab,42071,Amritsar,31.63,74.87,1996,2025,11,NOV,WS10M,wind_speed_ms,2.1583,0.2406,1.67,2.66,30,2.16,1.9455
Punjab,42071,Amritsar,31.63,74.87,1996,2025,12,DEC,ALLSKY_SFC_SW_DWN,solar_kwh_m2_day,10.5143,0.8493,7.94,12.35,30,10.51,17.4389
Punjab,42071,Amritsar,31.63,74.87,1996,2025,12,DEC,PRECTOTCORR,rainfall_mm,0.2783,0.3278,0,1.24,30,0.28,5.7436
Punjab,42071,Amritsar,31.63,74.87,1996,2025,12,DEC,RH2M,humidity_pct,40.8037,11.4548,18.04,59.69,30,40.8,61.9536
Punjab,42071,Amritsar,31.63,74.87,1996,2025,12,DEC,T2M,temp_mean_c,14.439,1.2008,12.33,16.76,30,14.44,32.5436
Punjab,42071,Amritsar,31.63,74.87,1996,2025,12,DEC,T2M_MAX,temp_max_c,26.7713,1.8175,23.65,32.29,30,32.29,37.7336
Punjab,42071,Amritsar,31.63,74.87,1996,2025,12,DEC,T2M_MIN,temp_min_c,4.05,1.8066,0.7,7.25,30,0.7,27.7564
Punjab,42071,Amritsar,31.63,74.87,1996,2025,12,DEC,WS10M,wind_speed_ms,2.182,0.2806,1.75,2.75,30,2.18,1.9455
Punjab,42097,Bhatinda,30.16666667,74.58333333,1996,2025,0,ANNUAL,ALLSKY_SFC_SW_DWN,solar_kwh_m2_day,18.3583,0.54,17.32,19.32,30,,19.5767
Punjab,42097,Bhatinda,30.16666667,74.58333333,1996,2025,0,ANNUAL,PRECTOTCORR,rainfall_mm,1.1037,0.3727,0.44,1.9,30,,7.1482
Punjab,42097,Bhatinda,30.16666667,74.58333333,1996,2025,0,ANNUAL,RH2M,humidity_pct,37.4777,5.5869,26.97,48.74,30,,62.3991
Punjab,42097,Bhatinda,30.16666667,74.58333333,1996,2025,0,ANNUAL,T2M,temp_mean_c,26.5467,0.7112,25.3,28.03,30,,32.7036
Punjab,42097,Bhatinda,30.16666667,74.58333333,1996,2025,0,ANNUAL,T2M_MAX,temp_max_c,47.773,1.1259,45.4,49.61,30,,37.9573
Punjab,42097,Bhatinda,30.16666667,74.58333333,1996,2025,0,ANNUAL,T2M_MIN,temp_min_c,2.2823,1.4374,0,5.5,30,,28.2627
Punjab,42097,Bhatinda,30.16666667,74.58333333,1996,2025,0,ANNUAL,WS10M,wind_speed_ms,2.6397,0.1278,2.49,3.01,30,,2.6636
Punjab,42097,Bhatinda,30.16666667,74.58333333,1996,2025,1,JAN,ALLSKY_SFC_SW_DWN,solar_kwh_m2_day,10.9947,1.595,6.32,13.58,30,10.99,19.5767
Punjab,42097,Bhatinda,30.16666667,74.58333333,1996,2025,1,JAN,PRECTOTCORR,rainfall_mm,0.417,0.4426,0.01,2.02,30,0.42,7.1482
Punjab,42097,Bhatinda,30.16666667,74.58333333,1996,2025,1,JAN,RH2M,humidity_pct,40.5143,8.8928,27.37,61.11,30,40.51,62.3991
Punjab,42097,Bhatinda,30.16666667,74.58333333,1996,2025,1,JAN,T2M,temp_mean_c,13.4103,0.9122,11.38,14.98,30,13.41,32.7036
Punjab,42097,Bhatinda,30.16666667,74.58333333,1996,2025,1,JAN,T2M_MAX,temp_max_c,25.8043,1.649,23.09,29.18,30,29.18,37.9573
Punjab,42097,Bhatinda,30.16666667,74.58333333,1996,2025,1,JAN,T2M_MIN,temp_min_c,2.844,1.6468,0,5.5,30,0,28.2627
Punjab,42097,Bhatinda,30.16666667,74.58333333,1996,2025,1,JAN,WS10M,wind_speed_ms,2.27,0.2248,1.7,2.76,30,2.27,2.6636
Punjab,42097,Bhatinda,30.16666667,74.58333333,1996,2025,2,FEB,ALLSKY_SFC_SW_DWN,solar_kwh_m2_day,15.463,1.147,13.21,17.71,30,15.46,19.5767
Punjab,42097,Bhatinda,30.16666667,74.58333333,1996,2025,2,FEB,PRECTOTCORR,rainfall_mm,0.5307,0.6136,0,2.35,30,0.53,7.1482
Punjab,42097,Bhatinda,30.16666667,74.58333333,1996,2025,2,FEB,RH2M,humidity_pct,39.566,9.974,22.33,59.85,30,39.57,62.3991
Punjab,42097,Bhatinda,30.16666667,74.58333333,1996,2025,2,FEB,T2M,temp_mean_c,16.9487,1.592,14.38,21.59,30,16.95,32.7036
Punjab,42097,Bhatinda,30.16666667,74.58333333,1996,2025,2,FEB,T2M_MAX,temp_max_c,30.907,2.3802,25.88,34.76,30,34.76,37.9573
Punjab,42097,Bhatinda,30.16666667,74.58333333,1996,2025,2,FEB,T2M_MIN,temp_min_c,4.4787,1.8592,0.64,9.71,30,0.64,28.2627
Punjab,42097,Bhatinda,30.16666667,74.58333333,1996,2025,2,FEB,WS10M,wind_speed_ms,2.498,0.1596,2.17,2.93,30,2.5,2.6636
Punjab,42097,Bhatinda,30.16666667,74.58333333,1996,2025,3,MAR,ALLSKY_SFC_SW_DWN,solar_kwh_m2_day,19.8533,1.0907,17.36,21.82,30,19.85,19.5767
Punjab,42097,Bhatinda,30.16666667,74.58333333,1996,2025,3,MAR,PRECTOTCORR,rainfall_mm,0.5307,0.6587,0,2.89,30,0.53,7.1482
Punjab,42097,Bhatinda,30.16666667,74.58333333,1996,2025,3,MAR,RH2M,humidity_pct,32.8933,11.7548,15.71,61.62,30,32.89,62.3991
Punjab,42097,Bhatinda,30.16666667,74.58333333,1996,2025,3,MAR,T2M,temp_mean_c,23.2593,1.7285,19.98,26.78,30,23.26,32.7036
Punjab,42097,Bhatinda,30.16666667,74.58333333,1996,2025,3,MAR,T2M_MAX,temp_max_c,38.337,2.3195,31.75,42.01,30,42.01,37.9573
Punjab,42097,Bhatinda,30.16666667,74.58333333,1996,2025,3,MAR,T2M_MIN,temp_min_c,9.8427,2.6763,3.55,14.09,30,3.55,28.2627
Punjab,42097,Bhatinda,30.16666667,74.58333333,1996,2025,3,MAR,WS10M,wind_speed_ms,2.6167,0.1987,2.26,3.11,30,2.62,2.6636
Punjab,42097,Bhatinda,30.16666667,74.58333333,1996,2025,4,APR,ALLSKY_SFC_SW_DWN,solar_kwh_m2_day,23.4427,0.9273,21.94,25.2,30,23.44,19.5767
Punjab,42097,Bhatinda,30.16666667,74.58333333,1996,2025,4,APR,PRECTOTCORR,rainfall_mm,0.3733,0.3111,0,1.19,30,0.37,7.1482
Punjab,42097,Bhatinda,30.16666667,74.58333333,1996,2025,4,APR,RH2M,humidity_pct,24.411,8.7977,9.71,48.46,30,24.41,62.3991
Punjab,42097,Bhatinda,30.16666667,74.58333333,1996,2025,4,APR,T2M,temp_mean_c,29.9693,1.7366,26.84,33.25,30,29.97,32.7036
Punjab,42097,Bhatinda,30.16666667,74.58333333,1996,2025,4,APR,T2M_MAX,temp_max_c,43.8303,1.8012,40.54,47.13,30,47.13,37.9573
Punjab,42097,Bhatinda,30.16666667,74.58333333,1996,2025,4,APR,T2M_MIN,temp_min_c,15.6873,1.9415,12.2,19.76,30,12.2,28.2627
Punjab,42097,Bhatinda,30.16666667,74.58333333,1996,2025,4,APR,WS10M,wind_speed_ms,2.8243,0.2122,2.47,3.42,30,2.82,2.6636
Punjab,42097,Bhatinda,30.16666667,74.58333333,1996,2025,5,MAY,ALLSKY_SFC_SW_DWN,solar_kwh_m2_day,24.9833,1.1043,22.66,26.68,30,24.98,19.5767
Punjab,42097,Bhatinda,30.16666667,74.58333333,1996,2025,5,MAY,PRECTOTCORR,rainfall_mm,0.681,0.6,0.03,2.85,30,0.68,7.1482
Punjab,42097,Bhatinda,30.16666667,74.58333333,1996,2025,5,MAY,RH2M,humidity_pct,22.4303,5.4881,13.06,36.31,30,22.43,62.3991
Punjab,42097,Bhatinda,30.16666667,74.58333333,1996,2025,5,MAY,T2M,temp_mean_c,35.0343,1.5012,31.49,37.48,30,35.03,32.7036
Punjab,42097,Bhatinda,30.16666667,74.58333333,1996,2025,5,MAY,T2M_MAX,temp_max_c,47.2017,1.2935,44.55,49.61,30,49.61,37.9573
Punjab,42097,Bhatinda,30.16666667,74.58333333,1996,2025,5,MAY,T2M_MIN,temp_min_c,22.0383,2.523,16.35,26.01,30,16.35,28.2627
Punjab,42097,Bhatinda,30.16666667,74.58333333,1996,2025,5,MAY,WS10M,wind_speed_ms,3.1507,0.4407,2.29,4.55,30,3.15,2.6636
Punjab,42097,Bhatinda,30.16666667,74.58333333,1996,2025,6,JUN,ALLSKY_SFC_SW_DWN,solar_kwh_m2_day,23.2783,1.3355,19.91,26.3,30,23.28,19.5767
Punjab,42097,Bhatinda,30.16666667,74.58333333,1996,2025,6,JUN,PRECTOTCORR,rainfall_mm,1.8607,1.0472,0.4,4.53,30,1.86,7.1482
Punjab,42097,Bhatinda,30.16666667,74.58333333,1996,2025,6,JUN,RH2M,humidity_pct,33.371,7.322,22.96,51.24,30,33.37,62.3991
Punjab,42097,Bhatinda,30.16666667,74.58333333,1996,2025,6,JUN,T2M,temp_mean_c,36.5657,1.2227,33.46,38.55,30,36.57,32.7036
Punjab,42097,Bhatinda,30.16666667,74.58333333,1996,2025,6,JUN,T2M_MAX,temp_max_c,46.997,1.3193,44.09,49.02,30,49.02,37.9573
Punjab,42097,Bhatinda,30.16666667,74.58333333,1996,2025,6,JUN,T2M_MIN,temp_min_c,25.9037,1.7806,20.48,29.11,30,20.48,28.2627
Punjab,42097,Bhatinda,30.16666667,74.58333333,1996,2025,6,JUN,WS10M,wind_speed_ms,3.3837,0.4066,2.77,4.23,30,3.38,2.6636
Punjab,42097,Bhatinda,30.16666667,74.58333333,1996,2025,7,JUL,ALLSKY_SFC_SW_DWN,solar_kwh_m2_day,20.478,1.4199,16.7,23.14,30,20.48,19.5767
Punjab,42097,Bhatinda,30.16666667,74.58333333,1996,2025,7,JUL,PRECTOTCORR,rainfall_mm,3.4227,2.4794,0.37,12.54,30,3.42,7.1482
Punjab,42097,Bhatinda,30.16666667,74.58333333,1996,2025,7,JUL,RH2M,humidity_pct,50.1513,10.4752,25.27,71.93,30,50.15,62.3991
Punjab,42097,Bhatinda,30.16666667,74.58333333,1996,2025,7,JUL,T2M,temp_mean_c,34.855,1.6781,31.44,38.7,30,34.85,32.7036
Punjab,42097,Bhatinda,30.16666667,74.58333333,1996,2025,7,JUL,T2M_MAX,temp_max_c,44.632,1.896,40.17,47.91,30,47.91,37.9573
Punjab,42097,Bhatinda,30.16666667,74.58333333,1996,2025,7,JUL,T2M_MIN,temp_min_c,26.882,1.2883,24.41,30.9,30,24.41,28.2627
Punjab,42097,Bhatinda,30.16666667,74.58333333,1996,2025,7,JUL,WS10M,wind_speed_ms,3.0707,0.3478,2.51,4.08,30,3.07,2.6636
Punjab,42097,Bhatinda,30.16666667,74.58333333,1996,2025,8,AUG,ALLSKY_SFC_SW_DWN,solar_kwh_m2_day,20.5187,1.3897,16.51,22.41,30,20.52,19.5767
Punjab,42097,Bhatinda,30.16666667,74.58333333,1996,2025,8,AUG,PRECTOTCORR,rainfall_mm,2.628,1.6673,0.52,6.31,30,2.63,7.1482
Punjab,42097,Bhatinda,30.16666667,74.58333333,1996,2025,8,AUG,RH2M,humidity_pct,54.5283,11.866,34.86,79.65,30,54.53,62.3991
Punjab,42097,Bhatinda,30.16666667,74.58333333,1996,2025,8,AUG,T2M,temp_mean_c,33.2633,1.8952,29.18,36.36,30,33.26,32.7036
Punjab,42097,Bhatinda,30.16666667,74.58333333,1996,2025,8,AUG,T2M_MAX,temp_max_c,41.995,2.402,35.6,45.26,30,45.26,37.9573
Punjab,42097,Bhatinda,30.16666667,74.58333333,1996,2025,8,AUG,T2M_MIN,temp_min_c,25.774,1.3368,22.65,27.91,30,22.65,28.2627
Punjab,42097,Bhatinda,30.16666667,74.58333333,1996,2025,8,AUG,WS10M,wind_speed_ms,2.9177,0.3096,2.24,3.73,30,2.92,2.6636
Punjab,42097,Bhatinda,30.16666667,74.58333333,1996,2025,9,SEP,ALLSKY_SFC_SW_DWN,solar_kwh_m2_day,19.6503,0.9901,17.23,21.28,30,19.65,19.5767
Punjab,42097,Bhatinda,30.16666667,74.58333333,1996,2025,9,SEP,PRECTOTCORR,rainfall_mm,2.047,1.6147,0.19,6.55,30,2.05,7.1482
Punjab,42097,Bhatinda,30.16666667,74.58333333,1996,2025,9,SEP,RH2M,humidity_pct,51.0867,11.9936,28.86,71.95,30,51.09,62.3991
Punjab,42097,Bhatinda,30.16666667,74.58333333,1996,2025,9,SEP,T2M,temp_mean_c,31.1523,1.5474,28.19,34.79,30,31.15,32.7036
Punjab,42097,Bhatinda,30.16666667,74.58333333,1996,2025,9,SEP,T2M_MAX,temp_max_c,40.7937,2.5183,34.76,44.63,30,44.63,37.9573
Punjab,42097,Bhatinda,30.16666667,74.58333333,1996,2025,9,SEP,T2M_MIN,temp_min_c,21.675,1.47,19.08,24.87,30,19.08,28.2627
Punjab,42097,Bhatinda,30.16666667,74.58333333,1996,2025,9,SEP,WS10M,wind_speed_ms,2.485,0.3385,1.74,2.99,30,2.48,2.6636
Punjab,42097,Bhatinda,30.16666667,74.58333333,1996,2025,10,OCT,ALLSKY_SFC_SW_DWN,solar_kwh_m2_day,17.193,0.9259,15.22,18.9,30,17.19,19.5767
Punjab,42097,Bhatinda,30.16666667,74.58333333,1996,2025,10,OCT,PRECTOTCORR,rainfall_mm,0.33,0.5177,0,1.98,30,0.33,7.1482
Punjab,42097,Bhatinda,30.16666667,74.58333333,1996,2025,10,OCT,RH2M,humidity_pct,36.2787,12.1512,14.91,54.66,30,36.28,62.3991
Punjab,42097,Bhatinda,30.16666667,74.58333333,1996,2025,10,OCT,T2M,temp_mean_c,27.0137,1.2924,24.79,29.27,30,27.01,32.7036
Punjab,42097,Bhatinda,30.16666667,74.58333333,1996,2025,10,OCT,T2M_MAX,temp_max_c,38.6087,1.631,35.54,41.7,30,41.7,37.9573
Punjab,42097,Bhatinda,30.16666667,74.58333333,1996,2025,10,OCT,T2M_MIN,temp_min_c,15.802,1.4384,12.72,19.7,30,12.72,28.2627
Punjab,42097,Bhatinda,30.16666667,74.58333333,1996,2025,10,OCT,WS10M,wind_speed_ms,2.062,0.1816,1.7,2.44,30,2.06,2.6636
Punjab,42097,Bhatinda,30.16666667,74.58333333,1996,2025,11,NOV,ALLSKY_SFC_SW_DWN,solar_kwh_m2_day,13.335,1.0704,10.93,14.8,30,13.33,19.5767
Punjab,42097,Bhatinda,30.16666667,74.58333333,1996,2025,11,NOV,PRECTOTCORR,rainfall_mm,0.2373,0.8301,0,4.54,30,0.24,7.1482
Punjab,42097,Bhatinda,30.16666667,74.58333333,1996,2025,11,NOV,RH2M,humidity_pct,31.1597,9.7829,16.28,59.21,30,31.16,62.3991
Punjab,42097,Bhatinda,30.16666667,74.58333333,1996,2025,11,NOV,T2M,temp_mean_c,20.9883,1.0815,18.93,23.15,30,20.99,32.7036
Punjab,42097,Bhatinda,30.16666667,74.58333333,1996,2025,11,NOV,T2M_MAX,temp_max_c,33.6153,1.7326,31.13,37.55,30,37.55,37.9573
Punjab,42097,Bhatinda,30.16666667,74.58333333,1996,2025,11,NOV,T2M_MIN,temp_min_c,9.9533,1.6907,5.74,13.34,30,5.74,28.2627
Punjab,42097,Bhatinda,30.16666667,74.58333333,1996,2025,11,NOV,WS10M,wind_speed_ms,2.183,0.187,1.9,2.56,30,2.18,2.6636
Punjab,42097,Bhatinda,30.16666667,74.58333333,1996,2025,12,DEC,ALLSKY_SFC_SW_DWN,solar_kwh_m2_day,11.0553,0.911,8.08,12.7,30,11.06,19.5767
Punjab,42097,Bhatinda,30.16666667,74.58333333,1996,2025,12,DEC,PRECTOTCORR,rainfall_mm,0.1477,0.1744,0,0.6,30,0.15,7.1482
Punjab,42097,Bhatinda,30.16666667,74.58333333,1996,2025,12,DEC,RH2M,humidity_pct,33.22,9.8498,16.88,57.33,30,33.22,62.3991
Punjab,42097,Bhatinda,30.16666667,74.58333333,1996,2025,12,DEC,T2M,temp_mean_c,15.6627,1.2665,13.31,18.08,30,15.66,32.7036
Punjab,42097,Bhatinda,30.16666667,74.58333333,1996,2025,12,DEC,T2M_MAX,temp_max_c,28.1773,1.6723,25.41,32.16,30,32.16,37.9573
Punjab,42097,Bhatinda,30.16666667,74.58333333,1996,2025,12,DEC,T2M_MIN,temp_min_c,4.685,1.7546,0.63,7.54,30,0.63,28.2627
Punjab,42097,Bhatinda,30.16666667,74.58333333,1996,2025,12,DEC,WS10M,wind_speed_ms,2.2173,0.2095,1.86,2.78,30,2.22,2.6636
Punjab,42059,Dalhousie,32.53333333,75.96666667,1996,2025,0,ANNUAL,ALLSKY_SFC_SW_DWN,solar_kwh_m2_day,17.6117,0.5491,16.63,18.54,30,,15.0033
Punjab,42059,Dalhousie,32.53333333,75.96666667,1996,2025,0,ANNUAL,PRECTOTCORR,rainfall_mm,2.8873,1.1571,1,5,30,,10.9555
Punjab,42059,Dalhousie,32.53333333,75.96666667,1996,2025,0,ANNUAL,RH2M,humidity_pct,58.3097,6.9448,43.4,69.23,30,,87.6655
Punjab,42059,Dalhousie,32.53333333,75.96666667,1996,2025,0,ANNUAL,T2M,temp_mean_c,11.4457,0.6305,10.05,12.53,30,,18.2736
Punjab,42059,Dalhousie,32.53333333,75.96666667,1996,2025,0,ANNUAL,T2M_MAX,temp_max_c,28.7057,1.7872,24.93,31.3,30,,21
Punjab,42059,Dalhousie,32.53333333,75.96666667,1996,2025,0,ANNUAL,T2M_MIN,temp_min_c,-9.3647,2.1488,-14.6,-6.14,30,,15.9155
Punjab,42059,Dalhousie,32.53333333,75.96666667,1996,2025,0,ANNUAL,WS10M,wind_speed_ms,2.2193,0.111,2.02,2.46,30,,1.1082
Punjab,42059,Dalhousie,32.53333333,75.96666667,1996,2025,1,JAN,ALLSKY_SFC_SW_DWN,solar_kwh_m2_day,10.5743,1.093,8.4,13.03,30,10.57,15.0033
Punjab,42059,Dalhousie,32.53333333,75.96666667,1996,2025,1,JAN,PRECTOTCORR,rainfall_mm,1.6263,1.5729,0.05,6.07,30,1.63,10.9555
Punjab,42059,Dalhousie,32.53333333,75.96666667,1996,2025,1,JAN,RH2M,humidity_pct,54.021,10.8757,32.27,74.72,30,54.02,87.6655
Punjab,42059,Dalhousie,32.53333333,75.96666667,1996,2025,1,JAN,T2M,temp_mean_c,1.4223,1.615,-1.87,3.92,30,1.42,18.2736
Punjab,42059,Dalhousie,32.53333333,75.96666667,1996,2025,1,JAN,T2M_MAX,temp_max_c,12.1407,2.3444,7.44,15.13,30,15.13,21
Punjab,42059,Dalhousie,32.53333333,75.96666667,1996,2025,1,JAN,T2M_MIN,temp_min_c,-8.2283,2.7549,-14.6,-3.1,30,-14.6,15.9155
Punjab,42059,Dalhousie,32.53333333,75.96666667,1996,2025,1,JAN,WS10M,wind_speed_ms,1.9953,0.1169,1.76,2.21,30,2,1.1082
Punjab,42059,Dalhousie,32.53333333,75.96666667,1996,2025,2,FEB,ALLSKY_SFC_SW_DWN,solar_kwh_m2_day,13.6023,1.5482,9.9,16.24,30,13.6,15.0033
Punjab,42059,Dalhousie,32.53333333,75.96666667,1996,2025,2,FEB,PRECTOTCORR,rainfall_mm,2.2977,1.9183,0.07,6.96,30,2.3,10.9555
Punjab,42059,Dalhousie,32.53333333,75.96666667,1996,2025,2,FEB,RH2M,humidity_pct,58.4007,9.0949,35.45,76.14,30,58.4,87.6655
Punjab,42059,Dalhousie,32.53333333,75.96666667,1996,2025,2,FEB,T2M,temp_mean_c,2.968,1.8095,0.24,8.06,30,2.97,18.2736
Punjab,42059,Dalhousie,32.53333333,75.96666667,1996,2025,2,FEB,T2M_MAX,temp_max_c,13.7503,2.4167,9.23,18.65,30,18.65,21
Punjab,42059,Dalhousie,32.53333333,75.96666667,1996,2025,2,FEB,T2M_MIN,temp_min_c,-7.7897,2.6605,-12.58,-0.62,30,-12.58,15.9155
Punjab,42059,Dalhousie,32.53333333,75.96666667,1996,2025,2,FEB,WS10M,wind_speed_ms,2.2043,0.1388,1.89,2.46,30,2.2,1.1082
Punjab,42059,Dalhousie,32.53333333,75.96666667,1996,2025,3,MAR,ALLSKY_SFC_SW_DWN,solar_kwh_m2_day,18.1763,1.6074,15.73,21.43,30,18.18,15.0033
Punjab,42059,Dalhousie,32.53333333,75.96666667,1996,2025,3,MAR,PRECTOTCORR,rainfall_mm,2.297,2.3153,0.05,9.15,30,2.3,10.9555
Punjab,42059,Dalhousie,32.53333333,75.96666667,1996,2025,3,MAR,RH2M,humidity_pct,55.78,10.8996,37.9,73.77,30,55.78,87.6655
Punjab,42059,Dalhousie,32.53333333,75.96666667,1996,2025,3,MAR,T2M,temp_mean_c,7.371,1.5762,4.76,10.69,30,7.37,18.2736
Punjab,42059,Dalhousie,32.53333333,75.96666667,1996,2025,3,MAR,T2M_MAX,temp_max_c,19.0793,2.1459,14.45,23.33,30,23.33,21
Punjab,42059,Dalhousie,32.53333333,75.96666667,1996,2025,3,MAR,T2M_MIN,temp_min_c,-4.1363,2.8791,-9.31,1,30,-9.31,15.9155
Punjab,42059,Dalhousie,32.53333333,75.96666667,1996,2025,3,MAR,WS10M,wind_speed_ms,2.3257,0.2293,1.83,2.69,30,2.33,1.1082
Punjab,42059,Dalhousie,32.53333333,75.96666667,1996,2025,4,APR,ALLSKY_SFC_SW_DWN,solar_kwh_m2_day,22.3357,1.1698,20.37,25.35,30,22.34,15.0033
Punjab,42059,Dalhousie,32.53333333,75.96666667,1996,2025,4,APR,PRECTOTCORR,rainfall_mm,1.6507,1.2847,0.02,5.09,30,1.65,10.9555
Punjab,42059,Dalhousie,32.53333333,75.96666667,1996,2025,4,APR,RH2M,humidity_pct,50.3777,11.1296,20.86,71.08,30,50.38,87.6655
Punjab,42059,Dalhousie,32.53333333,75.96666667,1996,2025,4,APR,T2M,temp_mean_c,12.4737,1.5043,10.06,14.99,30,12.47,18.2736
Punjab,42059,Dalhousie,32.53333333,75.96666667,1996,2025,4,APR,T2M_MAX,temp_max_c,23.3427,2.2322,19.09,27.63,30,27.63,21
Punjab,42059,Dalhousie,32.53333333,75.96666667,1996,2025,4,APR,T2M_MIN,temp_min_c,1.736,2.0965,-2.65,4.94,30,-2.65,15.9155
Punjab,42059,Dalhousie,32.53333333,75.96666667,1996,2025,4,APR,WS10M,wind_speed_ms,2.4873,0.2675,2.07,3.14,30,2.49,1.1082
Punjab,42059,Dalhousie,32.53333333,75.96666667,1996,2025,5,MAY,ALLSKY_SFC_SW_DWN,solar_kwh_m2_day,24.926,1.2653,22.22,27.43,30,24.93,15.0033
Punjab,42059,Dalhousie,32.53333333,75.96666667,1996,2025,5,MAY,PRECTOTCORR,rainfall_mm,1.3847,1.2238,0.27,5.14,30,1.38,10.9555
Punjab,42059,Dalhousie,32.53333333,75.96666667,1996,2025,5,MAY,RH2M,humidity_pct,46.161,10.1818,25.68,65.27,30,46.16,87.6655
Punjab,42059,Dalhousie,32.53333333,75.96666667,1996,2025,5,MAY,T2M,temp_mean_c,16.6413,1.6146,13.03,19.68,30,16.64,18.2736
Punjab,42059,Dalhousie,32.53333333,75.96666667,1996,2025,5,MAY,T2M_MAX,temp_max_c,27.136,2.0908,24.01,31.05,30,31.05,21
Punjab,42059,Dalhousie,32.53333333,75.96666667,1996,2025,5,MAY,T2M_MIN,temp_min_c,6.4227,2.0378,0.92,8.96,30,0.92,15.9155
Punjab,42059,Dalhousie,32.53333333,75.96666667,1996,2025,5,MAY,WS10M,wind_speed_ms,2.574,0.2736,2.08,3.04,30,2.57,1.1082
Punjab,42059,Dalhousie,32.53333333,75.96666667,1996,2025,6,JUN,ALLSKY_SFC_SW_DWN,solar_kwh_m2_day,24.0153,1.6094,20.59,26.54,30,24.01,15.0033
Punjab,42059,Dalhousie,32.53333333,75.96666667,1996,2025,6,JUN,PRECTOTCORR,rainfall_mm,3.1997,1.6692,0.39,7.47,30,3.2,10.9555
Punjab,42059,Dalhousie,32.53333333,75.96666667,1996,2025,6,JUN,RH2M,humidity_pct,53.9797,10.9834,35.83,76.73,30,53.98,87.6655
Punjab,42059,Dalhousie,32.53333333,75.96666667,1996,2025,6,JUN,T2M,temp_mean_c,19.154,0.895,17.07,20.59,30,19.15,18.2736
Punjab,42059,Dalhousie,32.53333333,75.96666667,1996,2025,6,JUN,T2M_MAX,temp_max_c,28.261,1.743,24.93,31.3,30,31.3,21
Punjab,42059,Dalhousie,32.53333333,75.96666667,1996,2025,6,JUN,T2M_MIN,temp_min_c,9.9213,1.4225,7.59,13.15,30,7.59,15.9155
Punjab,42059,Dalhousie,32.53333333,75.96666667,1996,2025,6,JUN,WS10M,wind_speed_ms,2.5463,0.1813,2.18,2.83,30,2.55,1.1082
Punjab,42059,Dalhousie,32.53333333,75.96666667,1996,2025,7,JUL,ALLSKY_SFC_SW_DWN,solar_kwh_m2_day,19.1407,2.0832,14.84,23.79,30,19.14,15.0033
Punjab,42059,Dalhousie,32.53333333,75.96666667,1996,2025,7,JUL,PRECTOTCORR,rainfall_mm,8.258,4.0752,2.05,17.78,30,8.26,10.9555
Punjab,42059,Dalhousie,32.53333333,75.96666667,1996,2025,7,JUL,RH2M,humidity_pct,76.4857,9.2167,44.97,87.32,30,76.49,87.6655
Punjab,42059,Dalhousie,32.53333333,75.96666667,1996,2025,7,JUL,T2M,temp_mean_c,19.1523,0.6956,18.18,20.63,30,19.15,18.2736
Punjab,42059,Dalhousie,32.53333333,75.96666667,1996,2025,7,JUL,T2M_MAX,temp_max_c,26.506,1.9064,23.79,30.8,30,30.8,21
Punjab,42059,Dalhousie,32.53333333,75.96666667,1996,2025,7,JUL,T2M_MIN,temp_min_c,12.8437,1.0743,10.76,14.32,30,10.76,15.9155
Punjab,42059,Dalhousie,32.53333333,75.96666667,1996,2025,7,JUL,WS10M,wind_speed_ms,2.4173,0.1635,2.18,2.76,30,2.42,1.1082
Punjab,42059,Dalhousie,32.53333333,75.96666667,1996,2025,8,AUG,ALLSKY_SFC_SW_DWN,solar_kwh_m2_day,17.8137,1.6203,14.04,20.41,30,17.81,15.0033
Punjab,42059,Dalhousie,32.53333333,75.96666667,1996,2025,8,AUG,PRECTOTCORR,rainfall_mm,8.1703,4.2045,1.86,17.94,30,8.17,10.9555
Punjab,42059,Dalhousie,32.53333333,75.96666667,1996,2025,8,AUG,RH2M,humidity_pct,82.586,5.6153,70.23,90.13,30,82.59,87.6655
Punjab,42059,Dalhousie,32.53333333,75.96666667,1996,2025,8,AUG,T2M,temp_mean_c,18.1057,0.4443,17.38,19.38,30,18.11,18.2736
Punjab,42059,Dalhousie,32.53333333,75.96666667,1996,2025,8,AUG,T2M_MAX,temp_max_c,23.8937,1.2984,22.17,27.03,30,27.03,21
Punjab,42059,Dalhousie,32.53333333,75.96666667,1996,2025,8,AUG,T2M_MIN,temp_min_c,12.5093,1.0927,9.83,14.5,30,9.83,15.9155
Punjab,42059,Dalhousie,32.53333333,75.96666667,1996,2025,8,AUG,WS10M,wind_speed_ms,2.2483,0.1408,1.98,2.51,30,2.25,1.1082
Punjab,42059,Dalhousie,32.53333333,75.96666667,1996,2025,9,SEP,ALLSKY_SFC_SW_DWN,solar_kwh_m2_day,18.5987,1.2307,16.23,20.97,30,18.6,15.0033
Punjab,42059,Dalhousie,32.53333333,75.96666667,1996,2025,9,SEP,PRECTOTCORR,rainfall_mm,3.762,2.8721,0.19,12.96,30,3.76,10.9555
Punjab,42059,Dalhousie,32.53333333,75.96666667,1996,2025,9,SEP,RH2M,humidity_pct,74.1273,8.3816,58.14,86.93,30,74.13,87.6655
Punjab,42059,Dalhousie,32.53333333,75.96666667,1996,2025,9,SEP,T2M,temp_mean_c,16.0747,0.7187,14.58,17.37,30,16.07,18.2736
Punjab,42059,Dalhousie,32.53333333,75.96666667,1996,2025,9,SEP,T2M_MAX,temp_max_c,22.666,1.1187,21.32,25.26,30,25.26,21
Punjab,42059,Dalhousie,32.53333333,75.96666667,1996,2025,9,SEP,T2M_MIN,temp_min_c,9.063,1.5256,6.97,12.05,30,6.97,15.9155
Punjab,42059,Dalhousie,32.53333333,75.96666667,1996,2025,9,SEP,WS10M,wind_speed_ms,2.0437,0.1153,1.88,2.31,30,2.04,1.1082
Punjab,42059,Dalhousie,32.53333333,75.96666667,1996,2025,10,OCT,ALLSKY_SFC_SW_DWN,solar_kwh_m2_day,17.5633,1.1638,14.66,19.41,30,17.56,15.0033
Punjab,42059,Dalhousie,32.53333333,75.96666667,1996,2025,10,OCT,PRECTOTCORR,rainfall_mm,0.7497,0.7568,0,2.61,30,0.75,10.9555
Punjab,42059,Dalhousie,32.53333333,75.96666667,1996,2025,10,OCT,RH2M,humidity_pct,56.5577,10.238,35.73,71.72,30,56.56,87.6655
Punjab,42059,Dalhousie,32.53333333,75.96666667,1996,2025,10,OCT,T2M,temp_mean_c,11.6823,0.8788,9.33,13.6,30,11.68,18.2736
Punjab,42059,Dalhousie,32.53333333,75.96666667,1996,2025,10,OCT,T2M_MAX,temp_max_c,20.7963,1.3442,17.78,23.39,30,23.39,21
Punjab,42059,Dalhousie,32.53333333,75.96666667,1996,2025,10,OCT,T2M_MIN,temp_min_c,3.8587,1.1688,1.24,7.58,30,1.24,15.9155
Punjab,42059,Dalhousie,32.53333333,75.96666667,1996,2025,10,OCT,WS10M,wind_speed_ms,2.038,0.1579,1.79,2.37,30,2.04,1.1082
Punjab,42059,Dalhousie,32.53333333,75.96666667,1996,2025,11,NOV,ALLSKY_SFC_SW_DWN,solar_kwh_m2_day,13.469,1.0288,10.03,14.9,30,13.47,15.0033
Punjab,42059,Dalhousie,32.53333333,75.96666667,1996,2025,11,NOV,PRECTOTCORR,rainfall_mm,0.512,0.716,0,3.15,30,0.51,10.9555
Punjab,42059,Dalhousie,32.53333333,75.96666667,1996,2025,11,NOV,RH2M,humidity_pct,46.9113,9.1593,29.69,65.39,30,46.91,87.6655
Punjab,42059,Dalhousie,32.53333333,75.96666667,1996,2025,11,NOV,T2M,temp_mean_c,7.688,0.9437,5.45,9.58,30,7.69,18.2736
Punjab,42059,Dalhousie,32.53333333,75.96666667,1996,2025,11,NOV,T2M_MAX,temp_max_c,17.3403,1.441,14.9,20.55,30,20.55,21
Punjab,42059,Dalhousie,32.53333333,75.96666667,1996,2025,11,NOV,T2M_MIN,temp_min_c,-1.0763,2.7516,-9.24,2.53,30,-9.24,15.9155
Punjab,42059,Dalhousie,32.53333333,75.96666667,1996,2025,11,NOV,WS10M,wind_speed_ms,1.8893,0.1306,1.67,2.14,30,1.89,1.1082
Punjab,42059,Dalhousie,32.53333333,75.96666667,1996,2025,12,DEC,ALLSKY_SFC_SW_DWN,solar_kwh_m2_day,11.0313,0.8151,9.35,12.43,30,11.03,15.0033
Punjab,42059,Dalhousie,32.53333333,75.96666667,1996,2025,12,DEC,PRECTOTCORR,rainfall_mm,0.6177,0.7049,0,2.85,30,0.62,10.9555
Punjab,42059,Dalhousie,32.53333333,75.96666667,1996,2025,12,DEC,RH2M,humidity_pct,44.086,9.605,19.86,56.35,30,44.09,87.6655
Punjab,42059,Dalhousie,32.53333333,75.96666667,1996,2025,12,DEC,T2M,temp_mean_c,4.1927,1.4618,0.36,7.43,30,4.19,18.2736
Punjab,42059,Dalhousie,32.53333333,75.96666667,1996,2025,12,DEC,T2M_MAX,temp_max_c,14.6593,1.5012,11.12,17.77,30,17.77,21
Punjab,42059,Dalhousie,32.53333333,75.96666667,1996,2025,12,DEC,T2M_MIN,temp_min_c,-5.351,2.5414,-12.93,-1.84,30,-12.93,15.9155
Punjab,42059,Dalhousie,32.53333333,75.96666667,1996,2025,12,DEC,WS10M,wind_speed_ms,1.8657,0.1083,1.66,2.05,30,1.87,1.1082
Punjab,42096,Ferozepore,30.91666667,74.66666667,1996,2025,0,ANNUAL,ALLSKY_SFC_SW_DWN,solar_kwh_m2_day,18.3583,0.54,17.32,19.32,30,,19.5767
Punjab,42096,Ferozepore,30.91666667,74.66666667,1996,2025,0,ANNUAL,PRECTOTCORR,rainfall_mm,1.4273,0.5493,0.62,2.81,30,,6.59
Punjab,42096,Ferozepore,30.91666667,74.66666667,1996,2025,0,ANNUAL,RH2M,humidity_pct,39.5367,6.709,27.76,53.82,30,,60.2373
Punjab,42096,Ferozepore,30.91666667,74.66666667,1996,2025,0,ANNUAL,T2M,temp_mean_c,26.076,0.8125,24.45,27.72,30,,32.9655
Punjab,42096,Ferozepore,30.91666667,74.66666667,1996,2025,0,ANNUAL,T2M_MAX,temp_max_c,48.223,1.1155,45.55,50.55,30,,38.3245
Punjab,42096,Ferozepore,30.91666667,74.66666667,1996,2025,0,ANNUAL,T2M_MIN,temp_min_c,1.982,1.4606,-0.85,4.9,30,,28.3455
Punjab,42096,Ferozepore,30.91666667,74.66666667,1996,2025,0,ANNUAL,WS10M,wind_speed_ms,2.421,0.1054,2.23,2.71,30,,2.3345
Punjab,42096,Ferozepore,30.91666667,74.66666667,1996,2025,1,JAN,ALLSKY_SFC_SW_DWN,solar_kwh_m2_day,10.9947,1.595,6.32,13.58,30,10.99,19.5767
Punjab,42096,Ferozepore,30.91666667,74.66666667,1996,2025,1,JAN,PRECTOTCORR,rainfall_mm,0.6413,0.6585,0.01,3.18,30,0.64,6.59
Punjab,42096,Ferozepore,30.91666667,74.66666667,1996,2025,1,JAN,RH2M,humidity_pct,43.562,8.967,30.68,66.33,30,43.56,60.2373
Punjab,42096,Ferozepore,30.91666667,74.66666667,1996,2025,1,JAN,T2M,temp_mean_c,12.8207,0.9552,11.02,14.46,30,12.82,32.9655
Punjab,42096,Ferozepore,30.91666667,74.66666667,1996,2025,1,JAN,T2M_MAX,temp_max_c,24.931,1.9558,22.14,28.68,30,28.68,38.3245
Punjab,42096,Ferozepore,30.91666667,74.66666667,1996,2025,1,JAN,T2M_MIN,temp_min_c,2.4267,1.7039,-0.85,5.17,30,-0.85,28.3455
Punjab,42096,Ferozepore,30.91666667,74.66666667,1996,2025,1,JAN,WS10M,wind_speed_ms,2.2773,0.2263,1.57,2.68,30,2.28,2.3345
Punjab,42096,Ferozepore,30.91666667,74.66666667,1996,2025,2,FEB,ALLSKY_SFC_SW_DWN,solar_kwh_m2_day,15.463,1.147,13.21,17.71,30,15.46,19.5767
Punjab,42096,Ferozepore,30.91666667,74.66666667,1996,2025,2,FEB,PRECTOTCORR,rainfall_mm,0.7643,0.7802,0.01,2.67,30,0.76,6.59
Punjab,42096,Ferozepore,30.91666667,74.66666667,1996,2025,2,FEB,RH2M,humidity_pct,43.0287,9.2111,24.13,59.92,30,43.03,60.2373
Punjab,42096,Ferozepore,30.91666667,74.66666667,1996,2025,2,FEB,T2M,temp_mean_c,16.293,1.5609,13.52,20.93,30,16.29,32.9655
Punjab,42096,Ferozepore,30.91666667,74.66666667,1996,2025,2,FEB,T2M_MAX,temp_max_c,29.7687,2.3918,25.13,34.17,30,34.17,38.3245
Punjab,42096,Ferozepore,30.91666667,74.66666667,1996,2025,2,FEB,T2M_MIN,temp_min_c,4.3327,1.7384,0.05,8.31,30,0.05,28.3455
Punjab,42096,Ferozepore,30.91666667,74.66666667,1996,2025,2,FEB,WS10M,wind_speed_ms,2.4983,0.2104,1.77,3.01,30,2.5,2.3345
Punjab,42096,Ferozepore,30.91666667,74.66666667,1996,2025,3,MAR,ALLSKY_SFC_SW_DWN,solar_kwh_m2_day,19.8533,1.0907,17.36,21.82,30,19.85,19.5767
Punjab,42096,Ferozepore,30.91666667,74.66666667,1996,2025,3,MAR,PRECTOTCORR,rainfall_mm,0.768,0.912,0,3.75,30,0.77,6.59
Punjab,42096,Ferozepore,30.91666667,74.66666667,1996,2025,3,MAR,RH2M,humidity_pct,36.7143,11.9645,18.09,66.05,30,36.71,60.2373
Punjab,42096,Ferozepore,30.91666667,74.66666667,1996,2025,3,MAR,T2M,temp_mean_c,22.474,1.7935,19.18,26.3,30,22.47,32.9655
Punjab,42096,Ferozepore,30.91666667,74.66666667,1996,2025,3,MAR,T2M_MAX,temp_max_c,37.431,2.3522,30.08,40.75,30,40.75,38.3245
Punjab,42096,Ferozepore,30.91666667,74.66666667,1996,2025,3,MAR,T2M_MIN,temp_min_c,9.2607,2.3785,3.88,13.52,30,3.88,28.3455
Punjab,42096,Ferozepore,30.91666667,74.66666667,1996,2025,3,MAR,WS10M,wind_speed_ms,2.612,0.2042,2.16,3.09,30,2.61,2.3345
Punjab,42096,Ferozepore,30.91666667,74.66666667,1996,2025,4,APR,ALLSKY_SFC_SW_DWN,solar_kwh_m2_day,23.4427,0.9273,21.94,25.2,30,23.44,19.5767
Punjab,42096,Ferozepore,30.91666667,74.66666667,1996,2025,4,APR,PRECTOTCORR,rainfall_mm,0.4823,0.4005,0.01,1.37,30,0.48,6.59
Punjab,42096,Ferozepore,30.91666667,74.66666667,1996,2025,4,APR,RH2M,humidity_pct,27.795,9.5987,10.09,54.16,30,27.79,60.2373
Punjab,42096,Ferozepore,30.91666667,74.66666667,1996,2025,4,APR,T2M,temp_mean_c,29.2583,1.8743,25.64,32.4,30,29.26,32.9655
Punjab,42096,Ferozepore,30.91666667,74.66666667,1996,2025,4,APR,T2M_MAX,temp_max_c,43.435,2.174,39.01,47.13,30,47.13,38.3245
Punjab,42096,Ferozepore,30.91666667,74.66666667,1996,2025,4,APR,T2M_MIN,temp_min_c,14.951,1.9283,11.3,19.28,30,11.3,28.3455
Punjab,42096,Ferozepore,30.91666667,74.66666667,1996,2025,4,APR,WS10M,wind_speed_ms,2.735,0.2294,2.26,3.29,30,2.74,2.3345
Punjab,42096,Ferozepore,30.91666667,74.66666667,1996,2025,5,MAY,ALLSKY_SFC_SW_DWN,solar_kwh_m2_day,24.9833,1.1043,22.66,26.68,30,24.98,19.5767
Punjab,42096,Ferozepore,30.91666667,74.66666667,1996,2025,5,MAY,PRECTOTCORR,rainfall_mm,0.566,0.4212,0.04,2.1,30,0.57,6.59
Punjab,42096,Ferozepore,30.91666667,74.66666667,1996,2025,5,MAY,RH2M,humidity_pct,22.579,5.8882,13.04,38.26,30,22.58,60.2373
Punjab,42096,Ferozepore,30.91666667,74.66666667,1996,2025,5,MAY,T2M,temp_mean_c,34.8033,1.6177,30.68,37.4,30,34.8,32.9655
Punjab,42096,Ferozepore,30.91666667,74.66666667,1996,2025,5,MAY,T2M_MAX,temp_max_c,47.3483,1.2776,44.04,49.78,30,49.78,38.3245
Punjab,42096,Ferozepore,30.91666667,74.66666667,1996,2025,5,MAY,T2M_MIN,temp_min_c,21.6847,2.5268,15.41,25.54,30,15.41,28.3455
Punjab,42096,Ferozepore,30.91666667,74.66666667,1996,2025,5,MAY,WS10M,wind_speed_ms,2.821,0.3405,2.2,3.73,30,2.82,2.3345
Punjab,42096,Ferozepore,30.91666667,74.66666667,1996,2025,6,JUN,ALLSKY_SFC_SW_DWN,solar_kwh_m2_day,23.2783,1.3355,19.91,26.3,30,23.28,19.5767
Punjab,42096,Ferozepore,30.91666667,74.66666667,1996,2025,6,JUN,PRECTOTCORR,rainfall_mm,2.2773,1.4736,0.29,5.9,30,2.28,6.59
Punjab,42096,Ferozepore,30.91666667,74.66666667,1996,2025,6,JUN,RH2M,humidity_pct,31.238,7.1391,19.84,48,30,31.24,60.2373
Punjab,42096,Ferozepore,30.91666667,74.66666667,1996,2025,6,JUN,T2M,temp_mean_c,36.7617,1.1584,33.95,38.55,30,36.76,32.9655
Punjab,42096,Ferozepore,30.91666667,74.66666667,1996,2025,6,JUN,T2M_MAX,temp_max_c,47.55,1.463,44.42,50.55,30,50.55,38.3245
Punjab,42096,Ferozepore,30.91666667,74.66666667,1996,2025,6,JUN,T2M_MIN,temp_min_c,26.0657,1.6922,20.39,29.04,30,20.39,28.3455
Punjab,42096,Ferozepore,30.91666667,74.66666667,1996,2025,6,JUN,WS10M,wind_speed_ms,2.8113,0.3108,2.37,3.39,30,2.81,2.3345
Punjab,42096,Ferozepore,30.91666667,74.66666667,1996,2025,7,JUL,ALLSKY_SFC_SW_DWN,solar_kwh_m2_day,20.478,1.4199,16.7,23.14,30,20.48,19.5767
Punjab,42096,Ferozepore,30.91666667,74.66666667,1996,2025,7,JUL,PRECTOTCORR,rainfall_mm,4.6607,2.8772,1.07,13.42,30,4.66,6.59
Punjab,42096,Ferozepore,30.91666667,74.66666667,1996,2025,7,JUL,RH2M,humidity_pct,50.1457,10.9896,26.82,77.07,30,50.15,60.2373
Punjab,42096,Ferozepore,30.91666667,74.66666667,1996,2025,7,JUL,T2M,temp_mean_c,34.829,1.7869,30.65,38.58,30,34.83,32.9655
Punjab,42096,Ferozepore,30.91666667,74.66666667,1996,2025,7,JUL,T2M_MAX,temp_max_c,44.6967,2.2503,39.67,48.86,30,48.86,38.3245
Punjab,42096,Ferozepore,30.91666667,74.66666667,1996,2025,7,JUL,T2M_MIN,temp_min_c,27.0193,1.1861,25.37,30.3,30,25.37,28.3455
Punjab,42096,Ferozepore,30.91666667,74.66666667,1996,2025,7,JUL,WS10M,wind_speed_ms,2.5553,0.3079,2.02,3.21,30,2.56,2.3345
Punjab,42096,Ferozepore,30.91666667,74.66666667,1996,2025,8,AUG,ALLSKY_SFC_SW_DWN,solar_kwh_m2_day,20.5187,1.3897,16.51,22.41,30,20.52,19.5767
Punjab,42096,Ferozepore,30.91666667,74.66666667,1996,2025,8,AUG,PRECTOTCORR,rainfall_mm,3.757,2.4241,0.67,8.89,30,3.76,6.59
Punjab,42096,Ferozepore,30.91666667,74.66666667,1996,2025,8,AUG,RH2M,humidity_pct,56.3703,12.3093,38.15,82.37,30,56.37,60.2373
Punjab,42096,Ferozepore,30.91666667,74.66666667,1996,2025,8,AUG,T2M,temp_mean_c,32.9853,1.9033,29.1,36.12,30,32.99,32.9655
Punjab,42096,Ferozepore,30.91666667,74.66666667,1996,2025,8,AUG,T2M_MAX,temp_max_c,41.5463,2.6731,35.26,44.99,30,44.99,38.3245
Punjab,42096,Ferozepore,30.91666667,74.66666667,1996,2025,8,AUG,T2M_MIN,temp_min_c,25.4503,1.4568,21.2,28.21,30,21.2,28.3455
Punjab,42096,Ferozepore,30.91666667,74.66666667,1996,2025,8,AUG,WS10M,wind_speed_ms,2.4073,0.2085,1.92,2.88,30,2.41,2.3345
Punjab,42096,Ferozepore,30.91666667,74.66666667,1996,2025,9,SEP,ALLSKY_SFC_SW_DWN,solar_kwh_m2_day,19.6503,0.9901,17.23,21.28,30,19.65,19.5767
Punjab,42096,Ferozepore,30.91666667,74.66666667,1996,2025,9,SEP,PRECTOTCORR,rainfall_mm,2.2743,1.8925,0.22,9.33,30,2.27,6.59
Punjab,42096,Ferozepore,30.91666667,74.66666667,1996,2025,9,SEP,RH2M,humidity_pct,52.4023,12.132,32.53,73.34,30,52.4,60.2373
Punjab,42096,Ferozepore,30.91666667,74.66666667,1996,2025,9,SEP,T2M,temp_mean_c,30.776,1.5072,27.76,34.14,30,30.78,32.9655
Punjab,42096,Ferozepore,30.91666667,74.66666667,1996,2025,9,SEP,T2M_MAX,temp_max_c,39.8633,2.4692,35.18,43.83,30,43.83,38.3245
Punjab,42096,Ferozepore,30.91666667,74.66666667,1996,2025,9,SEP,T2M_MIN,temp_min_c,21.5377,1.3848,19.1,24.41,30,19.1,28.3455
Punjab,42096,Ferozepore,30.91666667,74.66666667,1996,2025,9,SEP,WS10M,wind_speed_ms,2.076,0.2425,1.7,2.71,30,2.08,2.3345
Punjab,42096,Ferozepore,30.91666667,74.66666667,1996,2025,10,OCT,ALLSKY_SFC_SW_DWN,solar_kwh_m2_day,17.193,0.9259,15.22,18.9,30,17.19,19.5767
Punjab,42096,Ferozepore,30.91666667,74.66666667,1996,2025,10,OCT,PRECTOTCORR,rainfall_mm,0.412,0.6581,0,2.97,30,0.41,6.59
Punjab,42096,Ferozepore,30.91666667,74.66666667,1996,2025,10,OCT,RH2M,humidity_pct,39.0193,12.4197,16.28,60.86,30,39.02,60.2373
Punjab,42096,Ferozepore,30.91666667,74.66666667,1996,2025,10,OCT,T2M,temp_mean_c,26.349,1.1798,24.11,28.5,30,26.35,32.9655
Punjab,42096,Ferozepore,30.91666667,74.66666667,1996,2025,10,OCT,T2M_MAX,temp_max_c,37.7803,1.6698,34.3,41.12,30,41.12,38.3245
Punjab,42096,Ferozepore,30.91666667,74.66666667,1996,2025,10,OCT,T2M_MIN,temp_min_c,15.24,1.3553,12.72,18.76,30,12.72,28.3455
Punjab,42096,Ferozepore,30.91666667,74.66666667,1996,2025,10,OCT,WS10M,wind_speed_ms,1.9423,0.1806,1.58,2.27,30,1.94,2.3345
Punjab,42096,Ferozepore,30.91666667,74.66666667,1996,2025,11,NOV,ALLSKY_SFC_SW_DWN,solar_kwh_m2_day,13.335,1.0704,10.93,14.8,30,13.33,19.5767
Punjab,42096,Ferozepore,30.91666667,74.66666667,1996,2025,11,NOV,PRECTOTCORR,rainfall_mm,0.2523,0.6325,0,3.42,30,0.25,6.59
Punjab,42096,Ferozepore,30.91666667,74.66666667,1996,2025,11,NOV,RH2M,humidity_pct,34.915,11.1826,17.84,61.68,30,34.92,60.2373
Punjab,42096,Ferozepore,30.91666667,74.66666667,1996,2025,11,NOV,T2M,temp_mean_c,20.1457,1.1707,17.68,21.87,30,20.15,32.9655
Punjab,42096,Ferozepore,30.91666667,74.66666667,1996,2025,11,NOV,T2M_MAX,temp_max_c,32.4503,1.8259,29.78,36.66,30,36.66,38.3245
Punjab,42096,Ferozepore,30.91666667,74.66666667,1996,2025,11,NOV,T2M_MIN,temp_min_c,9.2143,1.72,4.63,12.54,30,4.63,28.3455
Punjab,42096,Ferozepore,30.91666667,74.66666667,1996,2025,11,NOV,WS10M,wind_speed_ms,2.138,0.2174,1.7,2.55,30,2.14,2.3345
Punjab,42096,Ferozepore,30.91666667,74.66666667,1996,2025,12,DEC,ALLSKY_SFC_SW_DWN,solar_kwh_m2_day,11.0553,0.911,8.08,12.7,30,11.06,19.5767
Punjab,42096,Ferozepore,30.91666667,74.66666667,1996,2025,12,DEC,PRECTOTCORR,rainfall_mm,0.193,0.2083,0,0.66,30,0.19,6.59
Punjab,42096,Ferozepore,30.91666667,74.66666667,1996,2025,12,DEC,RH2M,humidity_pct,36.602,10.4964,17.57,60.29,30,36.6,60.2373
Punjab,42096,Ferozepore,30.91666667,74.66666667,1996,2025,12,DEC,T2M,temp_mean_c,14.9697,1.2509,13.09,17.63,30,14.97,32.9655
Punjab,42096,Ferozepore,30.91666667,74.66666667,1996,2025,12,DEC,T2M_MAX,temp_max_c,27.4107,1.7247,24.66,32.54,30,32.54,38.3245
Punjab,42096,Ferozepore,30.91666667,74.66666667,1996,2025,12,DEC,T2M_MIN,temp_min_c,4.1337,1.6703,1.41,7.21,30,1.41,28.3455
Punjab,42096,Ferozepore,30.91666667,74.66666667,1996,2025,12,DEC,WS10M,wind_speed_ms,2.1877,0.2401,1.8,2.79,30,2.19,2.3345
Punjab,99919,Hanumangarh,29.61666667,74.28333333,1996,2025,0,ANNUAL,ALLSKY_SFC_SW_DWN,solar_kwh_m2_day,18.0857,0.5775,16.95,19.07,30,,18.8444
Punjab,99919,Hanumangarh,29.61666667,74.28333333,1996,2025,0,ANNUAL,PRECTOTCORR,rainfall_mm,1.0403,0.3281,0.39,1.67,30,,7.2036
Punjab,99919,Hanumangarh,29.61666667,74.28333333,1996,2025,0,ANNUAL,RH2M,humidity_pct,36.2797,5.0014,26.75,45.94,30,,63.5818
Punjab,99919,Hanumangarh,29.61666667,74.28333333,1996,2025,0,ANNUAL,T2M,temp_mean_c,26.766,0.6575,25.67,28.17,30,,32.54
Punjab,99919,Hanumangarh,29.61666667,74.28333333,1996,2025,0,ANNUAL,T2M_MAX,temp_max_c,47.1977,1.0871,44.83,49.39,30,,37.6509
Punjab,99919,Hanumangarh,29.61666667,74.28333333,1996,2025,0,ANNUAL,T2M_MIN,temp_min_c,2.775,1.4217,0.68,6.11,30,,28.24
Punjab,99919,Hanumangarh,29.61666667,74.28333333,1996,2025,0,ANNUAL,WS10M,wind_speed_ms,2.767,0.1376,2.61,3.18,30,,2.8382
Punjab,99919,Hanumangarh,29.61666667,74.28333333,1996,2025,1,JAN,ALLSKY_SFC_SW_DWN,solar_kwh_m2_day,10.8467,1.5045,6.61,13.19,30,10.85,18.8444
Punjab,99919,Hanumangarh,29.61666667,74.28333333,1996,2025,1,JAN,PRECTOTCORR,rainfall_mm,0.3397,0.3648,0.01,1.66,30,0.34,7.2036
Punjab,99919,Hanumangarh,29.61666667,74.28333333,1996,2025,1,JAN,RH2M,humidity_pct,38.7677,8.2998,25.68,58.81,30,38.77,63.5818
Punjab,99919,Hanumangarh,29.61666667,74.28333333,1996,2025,1,JAN,T2M,temp_mean_c,13.7663,0.8981,11.83,15.16,30,13.77,32.54
Punjab,99919,Hanumangarh,29.61666667,74.28333333,1996,2025,1,JAN,T2M_MAX,temp_max_c,26.1343,1.4821,23.82,28.91,30,28.91,37.6509
Punjab,99919,Hanumangarh,29.61666667,74.28333333,1996,2025,1,JAN,T2M_MIN,temp_min_c,3.287,1.5196,0.68,6.11,30,0.68,28.24
Punjab,99919,Hanumangarh,29.61666667,74.28333333,1996,2025,1,JAN,WS10M,wind_speed_ms,2.285,0.2054,1.85,2.81,30,2.29,2.8382
Punjab,99919,Hanumangarh,29.61666667,74.28333333,1996,2025,2,FEB,ALLSKY_SFC_SW_DWN,solar_kwh_m2_day,15.6597,0.9702,13.53,17.43,30,15.66,18.8444
Punjab,99919,Hanumangarh,29.61666667,74.28333333,1996,2025,2,FEB,PRECTOTCORR,rainfall_mm,0.477,0.6162,0,2.38,30,0.48,7.2036
Punjab,99919,Hanumangarh,29.61666667,74.28333333,1996,2025,2,FEB,RH2M,humidity_pct,36.786,9.0883,21.64,55.51,30,36.79,63.5818
Punjab,99919,Hanumangarh,29.61666667,74.28333333,1996,2025,2,FEB,T2M,temp_mean_c,17.4,1.5715,14.84,21.82,30,17.4,32.54
Punjab,99919,Hanumangarh,29.61666667,74.28333333,1996,2025,2,FEB,T2M_MAX,temp_max_c,31.3543,2.2914,26.66,34.98,30,34.98,37.6509
Punjab,99919,Hanumangarh,29.61666667,74.28333333,1996,2025,2,FEB,T2M_MIN,temp_min_c,4.9,1.8775,1.37,10.22,30,1.37,28.24
Punjab,99919,Hanumangarh,29.61666667,74.28333333,1996,2025,2,FEB,WS10M,wind_speed_ms,2.4987,0.1516,2.18,2.83,30,2.5,2.8382
Punjab,99919,Hanumangarh,29.61666667,74.28333333,1996,2025,3,MAR,ALLSKY_SFC_SW_DWN,solar_kwh_m2_day,20.042,1.0978,17.74,22.14,30,20.04,18.8444
Punjab,99919,Hanumangarh,29.61666667,74.28333333,1996,2025,3,MAR,PRECTOTCORR,rainfall_mm,0.4663,0.5768,0,2.48,30,0.47,7.2036
Punjab,99919,Hanumangarh,29.61666667,74.28333333,1996,2025,3,MAR,RH2M,humidity_pct,30.9137,10.5593,15.72,57.36,30,30.91,63.5818
Punjab,99919,Hanumangarh,29.61666667,74.28333333,1996,2025,3,MAR,T2M,temp_mean_c,23.6437,1.644,20.61,26.93,30,23.64,32.54
Punjab,99919,Hanumangarh,29.61666667,74.28333333,1996,2025,3,MAR,T2M_MAX,temp_max_c,38.4477,2.194,32.57,42.01,30,42.01,37.6509
Punjab,99919,Hanumangarh,29.61666667,74.28333333,1996,2025,3,MAR,T2M_MIN,temp_min_c,10.2553,2.8156,4,14.78,30,4,28.24
Punjab,99919,Hanumangarh,29.61666667,74.28333333,1996,2025,3,MAR,WS10M,wind_speed_ms,2.64,0.1852,2.34,3.07,30,2.64,2.8382
Punjab,99919,Hanumangarh,29.61666667,74.28333333,1996,2025,4,APR,ALLSKY_SFC_SW_DWN,solar_kwh_m2_day,23.403,0.9868,21.75,25.38,30,23.4,18.8444
Punjab,99919,Hanumangarh,29.61666667,74.28333333,1996,2025,4,APR,PRECTOTCORR,rainfall_mm,0.3643,0.3259,0,1.37,30,0.36,7.2036
Punjab,99919,Hanumangarh,29.61666667,74.28333333,1996,2025,4,APR,RH2M,humidity_pct,23.3357,7.6735,10.62,43.16,30,23.34,63.5818
Punjab,99919,Hanumangarh,29.61666667,74.28333333,1996,2025,4,APR,T2M,temp_mean_c,30.1693,1.5917,27.5,33.28,30,30.17,32.54
Punjab,99919,Hanumangarh,29.61666667,74.28333333,1996,2025,4,APR,T2M_MAX,temp_max_c,43.5687,1.7629,40.29,46.72,30,46.72,37.6509
Punjab,99919,Hanumangarh,29.61666667,74.28333333,1996,2025,4,APR,T2M_MIN,temp_min_c,16.092,1.9039,12.96,19.96,30,12.96,28.24
Punjab,99919,Hanumangarh,29.61666667,74.28333333,1996,2025,4,APR,WS10M,wind_speed_ms,2.884,0.2197,2.46,3.53,30,2.88,2.8382
Punjab,99919,Hanumangarh,29.61666667,74.28333333,1996,2025,5,MAY,ALLSKY_SFC_SW_DWN,solar_kwh_m2_day,24.1817,1.1045,21.85,26.47,30,24.18,18.8444
Punjab,99919,Hanumangarh,29.61666667,74.28333333,1996,2025,5,MAY,PRECTOTCORR,rainfall_mm,0.7673,0.6459,0.02,3.05,30,0.77,7.2036
Punjab,99919,Hanumangarh,29.61666667,74.28333333,1996,2025,5,MAY,RH2M,humidity_pct,22.806,5.2903,13.62,36.78,30,22.81,63.5818
Punjab,99919,Hanumangarh,29.61666667,74.28333333,1996,2025,5,MAY,T2M,temp_mean_c,34.965,1.4489,31.57,37.27,30,34.97,32.54
Punjab,99919,Hanumangarh,29.61666667,74.28333333,1996,2025,5,MAY,T2M_MAX,temp_max_c,46.6953,1.2366,44.37,49.39,30,49.39,37.6509
Punjab,99919,Hanumangarh,29.61666667,74.28333333,1996,2025,5,MAY,T2M_MIN,temp_min_c,22.2483,2.5159,16.33,26.49,30,16.33,28.24
Punjab,99919,Hanumangarh,29.61666667,74.28333333,1996,2025,5,MAY,WS10M,wind_speed_ms,3.3753,0.5096,2.48,4.9,30,3.38,2.8382
Punjab,99919,Hanumangarh,29.61666667,74.28333333,1996,2025,6,JUN,ALLSKY_SFC_SW_DWN,solar_kwh_m2_day,22.196,1.3112,19.1,24.42,30,22.2,18.8444
Punjab,99919,Hanumangarh,29.61666667,74.28333333,1996,2025,6,JUN,PRECTOTCORR,rainfall_mm,1.819,1.002,0.39,4.4,30,1.82,7.2036
Punjab,99919,Hanumangarh,29.61666667,74.28333333,1996,2025,6,JUN,RH2M,humidity_pct,33.4227,6.6062,23.76,48.25,30,33.42,63.5818
Punjab,99919,Hanumangarh,29.61666667,74.28333333,1996,2025,6,JUN,T2M,temp_mean_c,36.502,1.1247,33.85,38.41,30,36.5,32.54
Punjab,99919,Hanumangarh,29.61666667,74.28333333,1996,2025,6,JUN,T2M_MAX,temp_max_c,46.422,1.2901,43.61,48.57,30,48.57,37.6509
Punjab,99919,Hanumangarh,29.61666667,74.28333333,1996,2025,6,JUN,T2M_MIN,temp_min_c,26.2327,1.8494,20.55,29.19,30,20.55,28.24
Punjab,99919,Hanumangarh,29.61666667,74.28333333,1996,2025,6,JUN,WS10M,wind_speed_ms,3.6793,0.4589,2.99,4.72,30,3.68,2.8382
Punjab,99919,Hanumangarh,29.61666667,74.28333333,1996,2025,7,JUL,ALLSKY_SFC_SW_DWN,solar_kwh_m2_day,20.2967,1.3322,16.94,22.24,30,20.3,18.8444
Punjab,99919,Hanumangarh,29.61666667,74.28333333,1996,2025,7,JUL,PRECTOTCORR,rainfall_mm,3.203,2.2599,0.17,11.19,30,3.2,7.2036
Punjab,99919,Hanumangarh,29.61666667,74.28333333,1996,2025,7,JUL,RH2M,humidity_pct,48.712,9.6386,26.18,69.26,30,48.71,63.5818
Punjab,99919,Hanumangarh,29.61666667,74.28333333,1996,2025,7,JUL,T2M,temp_mean_c,34.9857,1.537,31.8,38.39,30,34.99,32.54
Punjab,99919,Hanumangarh,29.61666667,74.28333333,1996,2025,7,JUL,T2M_MAX,temp_max_c,44.3877,1.6036,40.75,47.64,30,47.64,37.6509
Punjab,99919,Hanumangarh,29.61666667,74.28333333,1996,2025,7,JUL,T2M_MIN,temp_min_c,27.106,1.3638,24.46,30.98,30,24.46,28.24
Punjab,99919,Hanumangarh,29.61666667,74.28333333,1996,2025,7,JUL,WS10M,wind_speed_ms,3.395,0.3973,2.76,4.59,30,3.39,2.8382
Punjab,99919,Hanumangarh,29.61666667,74.28333333,1996,2025,8,AUG,ALLSKY_SFC_SW_DWN,solar_kwh_m2_day,20.575,1.4015,16.97,22.72,30,20.58,18.8444
Punjab,99919,Hanumangarh,29.61666667,74.28333333,1996,2025,8,AUG,PRECTOTCORR,rainfall_mm,2.355,1.5634,0.32,5.55,30,2.36,7.2036
Punjab,99919,Hanumangarh,29.61666667,74.28333333,1996,2025,8,AUG,RH2M,humidity_pct,53.004,10.0507,36.12,73.55,30,53,63.5818
Punjab,99919,Hanumangarh,29.61666667,74.28333333,1996,2025,8,AUG,T2M,temp_mean_c,33.3867,1.6261,29.93,36.27,30,33.39,32.54
Punjab,99919,Hanumangarh,29.61666667,74.28333333,1996,2025,8,AUG,T2M_MAX,temp_max_c,41.7977,1.9254,36.95,45.15,30,45.15,37.6509
Punjab,99919,Hanumangarh,29.61666667,74.28333333,1996,2025,8,AUG,T2M_MIN,temp_min_c,26.027,1.186,23.48,28.02,30,23.48,28.24
Punjab,99919,Hanumangarh,29.61666667,74.28333333,1996,2025,8,AUG,WS10M,wind_speed_ms,3.1943,0.4017,2.52,4.31,30,3.19,2.8382
Punjab,99919,Hanumangarh,29.61666667,74.28333333,1996,2025,9,SEP,ALLSKY_SFC_SW_DWN,solar_kwh_m2_day,19.681,1.0168,16.86,21.46,30,19.68,18.8444
Punjab,99919,Hanumangarh,29.61666667,74.28333333,1996,2025,9,SEP,PRECTOTCORR,rainfall_mm,1.962,1.515,0.21,6.21,30,1.96,7.2036
Punjab,99919,Hanumangarh,29.61666667,74.28333333,1996,2025,9,SEP,RH2M,humidity_pct,49.225,10.7266,28.21,68.88,30,49.22,63.5818
Punjab,99919,Hanumangarh,29.61666667,74.28333333,1996,2025,9,SEP,T2M,temp_mean_c,31.4233,1.3849,29.05,34.82,30,31.42,32.54
Punjab,99919,Hanumangarh,29.61666667,74.28333333,1996,2025,9,SEP,T2M_MAX,temp_max_c,40.8463,2.1472,35.68,44.51,30,44.51,37.6509
Punjab,99919,Hanumangarh,29.61666667,74.28333333,1996,2025,9,SEP,T2M_MIN,temp_min_c,22.119,1.3056,19.62,25.24,30,19.62,28.24
Punjab,99919,Hanumangarh,29.61666667,74.28333333,1996,2025,9,SEP,WS10M,wind_speed_ms,2.7127,0.3547,1.95,3.3,30,2.71,2.8382
Punjab,99919,Hanumangarh,29.61666667,74.28333333,1996,2025,10,OCT,ALLSKY_SFC_SW_DWN,solar_kwh_m2_day,16.61,0.8536,14.75,17.7,30,16.61,18.8444
Punjab,99919,Hanumangarh,29.61666667,74.28333333,1996,2025,10,OCT,PRECTOTCORR,rainfall_mm,0.3467,0.5705,0,2.02,30,0.35,7.2036
Punjab,99919,Hanumangarh,29.61666667,74.28333333,1996,2025,10,OCT,RH2M,humidity_pct,34.719,10.7704,14.77,52.23,30,34.72,63.5818
Punjab,99919,Hanumangarh,29.61666667,74.28333333,1996,2025,10,OCT,T2M,temp_mean_c,27.3293,1.1989,24.72,29.55,30,27.33,32.54
Punjab,99919,Hanumangarh,29.61666667,74.28333333,1996,2025,10,OCT,T2M_MAX,temp_max_c,38.746,1.4376,35.81,41.13,30,41.13,37.6509
Punjab,99919,Hanumangarh,29.61666667,74.28333333,1996,2025,10,OCT,T2M_MIN,temp_min_c,16.1727,1.4062,13.05,19.83,30,13.05,28.24
Punjab,99919,Hanumangarh,29.61666667,74.28333333,1996,2025,10,OCT,WS10M,wind_speed_ms,2.1333,0.2193,1.73,2.67,30,2.13,2.8382
Punjab,99919,Hanumangarh,29.61666667,74.28333333,1996,2025,11,NOV,ALLSKY_SFC_SW_DWN,solar_kwh_m2_day,12.6753,1.1464,9.91,14.45,30,12.68,18.8444
Punjab,99919,Hanumangarh,29.61666667,74.28333333,1996,2025,11,NOV,PRECTOTCORR,rainfall_mm,0.2077,0.7135,0,3.86,30,0.21,7.2036
Punjab,99919,Hanumangarh,29.61666667,74.28333333,1996,2025,11,NOV,RH2M,humidity_pct,30.7107,8.9079,16.81,55.02,30,30.71,63.5818
Punjab,99919,Hanumangarh,29.61666667,74.28333333,1996,2025,11,NOV,T2M,temp_mean_c,21.2763,1.0585,19.39,23.58,30,21.28,32.54
Punjab,99919,Hanumangarh,29.61666667,74.28333333,1996,2025,11,NOV,T2M_MAX,temp_max_c,33.6583,1.6929,31.11,37.75,30,37.75,37.6509
Punjab,99919,Hanumangarh,29.61666667,74.28333333,1996,2025,11,NOV,T2M_MIN,temp_min_c,10.329,1.6386,6.5,12.84,30,6.5,28.24
Punjab,99919,Hanumangarh,29.61666667,74.28333333,1996,2025,11,NOV,WS10M,wind_speed_ms,2.1827,0.2036,1.87,2.61,30,2.18,2.8382
Punjab,99919,Hanumangarh,29.61666667,74.28333333,1996,2025,12,DEC,ALLSKY_SFC_SW_DWN,solar_kwh_m2_day,10.8127,0.9106,7.56,12.63,30,10.81,18.8444
Punjab,99919,Hanumangarh,29.61666667,74.28333333,1996,2025,12,DEC,PRECTOTCORR,rainfall_mm,0.135,0.1671,0,0.62,30,0.14,7.2036
Punjab,99919,Hanumangarh,29.61666667,74.28333333,1996,2025,12,DEC,RH2M,humidity_pct,32.746,8.8749,16.94,52.2,30,32.75,63.5818
Punjab,99919,Hanumangarh,29.61666667,74.28333333,1996,2025,12,DEC,T2M,temp_mean_c,15.926,1.2438,13.42,18.31,30,15.93,32.54
Punjab,99919,Hanumangarh,29.61666667,74.28333333,1996,2025,12,DEC,T2M_MAX,temp_max_c,28.1197,1.6659,24.87,31.95,30,31.95,37.6509
Punjab,99919,Hanumangarh,29.61666667,74.28333333,1996,2025,12,DEC,T2M_MIN,temp_min_c,5.134,1.7642,0.77,7.91,30,0.77,28.24
Punjab,99919,Hanumangarh,29.61666667,74.28333333,1996,2025,12,DEC,WS10M,wind_speed_ms,2.209,0.2018,1.84,2.76,30,2.21,2.8382
Punjab,42075,Jalandhar,31.46666667,75.58333333,1996,2025,0,ANNUAL,ALLSKY_SFC_SW_DWN,solar_kwh_m2_day,17.2913,0.4941,16.49,18.21,30,,15.52
Punjab,42075,Jalandhar,31.46666667,75.58333333,1996,2025,0,ANNUAL,PRECTOTCORR,rainfall_mm,2.295,0.8455,0.92,4.28,30,,4.5664
Punjab,42075,Jalandhar,31.46666667,75.58333333,1996,2025,0,ANNUAL,RH2M,humidity_pct,45.6417,7.9562,31.34,61.91,30,,64.4291
Punjab,42075,Jalandhar,31.46666667,75.58333333,1996,2025,0,ANNUAL,T2M,temp_mean_c,24.9667,0.8329,23.33,26.58,30,,31.9173
Punjab,42075,Jalandhar,31.46666667,75.58333333,1996,2025,0,ANNUAL,T2M_MAX,temp_max_c,47.0003,1.2886,44.68,49.43,30,,36.6909
Punjab,42075,Jalandhar,31.46666667,75.58333333,1996,2025,0,ANNUAL,T2M_MIN,temp_min_c,2.5117,1.1424,0.05,4.78,30,,27.4045
Punjab,42075,Jalandhar,31.46666667,75.58333333,1996,2025,0,ANNUAL,WS10M,wind_speed_ms,2.44,0.1062,2.17,2.63,30,,1.6918
Punjab,42075,Jalandhar,31.46666667,75.58333333,1996,2025,1,JAN,ALLSKY_SFC_SW_DWN,solar_kwh_m2_day,10.0057,1.3433,6.54,12.41,30,10.01,15.52
Punjab,42075,Jalandhar,31.46666667,75.58333333,1996,2025,1,JAN,PRECTOTCORR,rainfall_mm,1.0327,0.976,0.02,4.67,30,1.03,4.5664
Punjab,42075,Jalandhar,31.46666667,75.58333333,1996,2025,1,JAN,RH2M,humidity_pct,48.2563,10.3845,30.49,74.96,30,48.26,64.4291
Punjab,42075,Jalandhar,31.46666667,75.58333333,1996,2025,1,JAN,T2M,temp_mean_c,12.5013,0.9567,10.68,14.28,30,12.5,31.9173
Punjab,42075,Jalandhar,31.46666667,75.58333333,1996,2025,1,JAN,T2M_MAX,temp_max_c,24.293,2.1935,20.56,28.44,30,28.44,36.6909
Punjab,42075,Jalandhar,31.46666667,75.58333333,1996,2025,1,JAN,T2M_MIN,temp_min_c,2.8347,1.2427,0.05,4.78,30,0.05,27.4045
Punjab,42075,Jalandhar,31.46666667,75.58333333,1996,2025,1,JAN,WS10M,wind_speed_ms,2.333,0.1708,2.04,2.78,30,2.33,1.6918
Punjab,42075,Jalandhar,31.46666667,75.58333333,1996,2025,2,FEB,ALLSKY_SFC_SW_DWN,solar_kwh_m2_day,14.1407,1.2834,11.63,16.6,30,14.14,15.52
Punjab,42075,Jalandhar,31.46666667,75.58333333,1996,2025,2,FEB,PRECTOTCORR,rainfall_mm,1.2757,1.2083,0.05,4.05,30,1.28,4.5664
Punjab,42075,Jalandhar,31.46666667,75.58333333,1996,2025,2,FEB,RH2M,humidity_pct,47.4257,10.1564,24.26,67,30,47.43,64.4291
Punjab,42075,Jalandhar,31.46666667,75.58333333,1996,2025,2,FEB,T2M,temp_mean_c,15.9223,1.5224,13.66,20.92,30,15.92,31.9173
Punjab,42075,Jalandhar,31.46666667,75.58333333,1996,2025,2,FEB,T2M_MAX,temp_max_c,28.5153,2.6269,22.99,32.49,30,32.49,36.6909
Punjab,42075,Jalandhar,31.46666667,75.58333333,1996,2025,2,FEB,T2M_MIN,temp_min_c,5.0933,1.7582,2.35,8.59,30,2.35,27.4045
Punjab,42075,Jalandhar,31.46666667,75.58333333,1996,2025,2,FEB,WS10M,wind_speed_ms,2.63,0.194,2.29,2.98,30,2.63,1.6918
Punjab,42075,Jalandhar,31.46666667,75.58333333,1996,2025,3,MAR,ALLSKY_SFC_SW_DWN,solar_kwh_m2_day,18.7253,1.2671,16.41,21.17,30,18.73,15.52
Punjab,42075,Jalandhar,31.46666667,75.58333333,1996,2025,3,MAR,PRECTOTCORR,rainfall_mm,1.0943,1.1907,0,4.64,30,1.09,4.5664
Punjab,42075,Jalandhar,31.46666667,75.58333333,1996,2025,3,MAR,RH2M,humidity_pct,40.8733,12.7297,20.66,69.41,30,40.87,64.4291
Punjab,42075,Jalandhar,31.46666667,75.58333333,1996,2025,3,MAR,T2M,temp_mean_c,21.8267,1.8277,18.34,25.8,30,21.83,31.9173
Punjab,42075,Jalandhar,31.46666667,75.58333333,1996,2025,3,MAR,T2M_MAX,temp_max_c,35.9147,2.4852,27.8,39.47,30,39.47,36.6909
Punjab,42075,Jalandhar,31.46666667,75.58333333,1996,2025,3,MAR,T2M_MIN,temp_min_c,9.8917,2.3811,4.53,15.07,30,4.53,27.4045
Punjab,42075,Jalandhar,31.46666667,75.58333333,1996,2025,3,MAR,WS10M,wind_speed_ms,2.8093,0.2713,2.18,3.18,30,2.81,1.6918
Punjab,42075,Jalandhar,31.46666667,75.58333333,1996,2025,4,APR,ALLSKY_SFC_SW_DWN,solar_kwh_m2_day,22.5547,1.0385,20.52,25.16,30,22.55,15.52
Punjab,42075,Jalandhar,31.46666667,75.58333333,1996,2025,4,APR,PRECTOTCORR,rainfall_mm,0.7517,0.5837,0.02,1.98,30,0.75,4.5664
Punjab,42075,Jalandhar,31.46666667,75.58333333,1996,2025,4,APR,RH2M,humidity_pct,30.9013,10.3023,10.58,56.77,30,30.9,64.4291
Punjab,42075,Jalandhar,31.46666667,75.58333333,1996,2025,4,APR,T2M,temp_mean_c,28.4517,1.8731,24.82,32.01,30,28.45,31.9173
Punjab,42075,Jalandhar,31.46666667,75.58333333,1996,2025,4,APR,T2M_MAX,temp_max_c,41.9167,2.2457,37.42,45.82,30,45.82,36.6909
Punjab,42075,Jalandhar,31.46666667,75.58333333,1996,2025,4,APR,T2M_MIN,temp_min_c,15.342,2.0796,11.07,19.06,30,11.07,27.4045
Punjab,42075,Jalandhar,31.46666667,75.58333333,1996,2025,4,APR,WS10M,wind_speed_ms,2.9683,0.2833,2.33,3.6,30,2.97,1.6918
Punjab,42075,Jalandhar,31.46666667,75.58333333,1996,2025,5,MAY,ALLSKY_SFC_SW_DWN,solar_kwh_m2_day,24.1813,1.2684,22.22,26.03,30,24.18,15.52
Punjab,42075,Jalandhar,31.46666667,75.58333333,1996,2025,5,MAY,PRECTOTCORR,rainfall_mm,0.8283,0.7327,0.06,3.11,30,0.83,4.5664
Punjab,42075,Jalandhar,31.46666667,75.58333333,1996,2025,5,MAY,RH2M,humidity_pct,24.9257,7.1716,13.97,42.86,30,24.93,64.4291
Punjab,42075,Jalandhar,31.46666667,75.58333333,1996,2025,5,MAY,T2M,temp_mean_c,33.777,1.6052,29.32,36.4,30,33.78,31.9173
Punjab,42075,Jalandhar,31.46666667,75.58333333,1996,2025,5,MAY,T2M_MAX,temp_max_c,45.9633,1.3675,43.54,48.78,30,48.78,36.6909
Punjab,42075,Jalandhar,31.46666667,75.58333333,1996,2025,5,MAY,T2M_MIN,temp_min_c,21.3243,2.6212,15.41,25.65,30,15.41,27.4045
Punjab,42075,Jalandhar,31.46666667,75.58333333,1996,2025,5,MAY,WS10M,wind_speed_ms,3.017,0.2966,2.42,3.75,30,3.02,1.6918
Punjab,42075,Jalandhar,31.46666667,75.58333333,1996,2025,6,JUN,ALLSKY_SFC_SW_DWN,solar_kwh_m2_day,22.6933,1.6547,18.92,26.07,30,22.69,15.52
Punjab,42075,Jalandhar,31.46666667,75.58333333,1996,2025,6,JUN,PRECTOTCORR,rainfall_mm,3.1417,1.8708,0.29,7.92,30,3.14,4.5664
Punjab,42075,Jalandhar,31.46666667,75.58333333,1996,2025,6,JUN,RH2M,humidity_pct,33.8337,8.6917,18.45,53.98,30,33.83,64.4291
Punjab,42075,Jalandhar,31.46666667,75.58333333,1996,2025,6,JUN,T2M,temp_mean_c,35.464,1.2836,32.59,37.56,30,35.46,31.9173
Punjab,42075,Jalandhar,31.46666667,75.58333333,1996,2025,6,JUN,T2M_MAX,temp_max_c,46.289,1.8376,41.89,49.43,30,49.43,36.6909
Punjab,42075,Jalandhar,31.46666667,75.58333333,1996,2025,6,JUN,T2M_MIN,temp_min_c,25.0387,1.8018,19.84,28.23,30,19.84,27.4045
Punjab,42075,Jalandhar,31.46666667,75.58333333,1996,2025,6,JUN,WS10M,wind_speed_ms,2.743,0.2835,2.24,3.47,30,2.74,1.6918
Punjab,42075,Jalandhar,31.46666667,75.58333333,1996,2025,7,JUL,ALLSKY_SFC_SW_DWN,solar_kwh_m2_day,18.7353,1.5676,15.39,21.41,30,18.74,15.52
Punjab,42075,Jalandhar,31.46666667,75.58333333,1996,2025,7,JUL,PRECTOTCORR,rainfall_mm,7.2917,3.5097,1.82,15.35,30,7.29,4.5664
Punjab,42075,Jalandhar,31.46666667,75.58333333,1996,2025,7,JUL,RH2M,humidity_pct,57.4907,11.4184,29.48,81.43,30,57.49,64.4291
Punjab,42075,Jalandhar,31.46666667,75.58333333,1996,2025,7,JUL,T2M,temp_mean_c,33.0143,1.7463,29.63,37.05,30,33.01,31.9173
Punjab,42075,Jalandhar,31.46666667,75.58333333,1996,2025,7,JUL,T2M_MAX,temp_max_c,42.8097,2.6502,37.19,47.86,30,47.86,36.6909
Punjab,42075,Jalandhar,31.46666667,75.58333333,1996,2025,7,JUL,T2M_MIN,temp_min_c,25.8423,1.0682,23.93,27.62,30,23.93,27.4045
Punjab,42075,Jalandhar,31.46666667,75.58333333,1996,2025,7,JUL,WS10M,wind_speed_ms,2.3563,0.2311,1.96,2.83,30,2.36,1.6918
Punjab,42075,Jalandhar,31.46666667,75.58333333,1996,2025,8,AUG,ALLSKY_SFC_SW_DWN,solar_kwh_m2_day,18.4923,1.4707,15.33,21.61,30,18.49,15.52
Punjab,42075,Jalandhar,31.46666667,75.58333333,1996,2025,8,AUG,PRECTOTCORR,rainfall_mm,7.2013,3.9176,1.68,16.64,30,7.2,4.5664
Punjab,42075,Jalandhar,31.46666667,75.58333333,1996,2025,8,AUG,RH2M,humidity_pct,67.6127,11.2194,48.15,85.12,30,67.61,64.4291
Punjab,42075,Jalandhar,31.46666667,75.58333333,1996,2025,8,AUG,T2M,temp_mean_c,30.7967,1.554,28.61,33.42,30,30.8,31.9173
Punjab,42075,Jalandhar,31.46666667,75.58333333,1996,2025,8,AUG,T2M_MAX,temp_max_c,38.2973,2.684,34.09,43.22,30,43.22,36.6909
Punjab,42075,Jalandhar,31.46666667,75.58333333,1996,2025,8,AUG,T2M_MIN,temp_min_c,24.2973,1.0207,21.91,25.91,30,21.91,27.4045
Punjab,42075,Jalandhar,31.46666667,75.58333333,1996,2025,8,AUG,WS10M,wind_speed_ms,2.1097,0.2059,1.81,2.47,30,2.11,1.6918
Punjab,42075,Jalandhar,31.46666667,75.58333333,1996,2025,9,SEP,ALLSKY_SFC_SW_DWN,solar_kwh_m2_day,18.3137,1.0308,16.08,20.34,30,18.31,15.52
Punjab,42075,Jalandhar,31.46666667,75.58333333,1996,2025,9,SEP,PRECTOTCORR,rainfall_mm,3.6957,2.837,0.18,12.85,30,3.7,4.5664
Punjab,42075,Jalandhar,31.46666667,75.58333333,1996,2025,9,SEP,RH2M,humidity_pct,63.24,12.1637,41.5,82.28,30,63.24,64.4291
Punjab,42075,Jalandhar,31.46666667,75.58333333,1996,2025,9,SEP,T2M,temp_mean_c,28.8537,1.3376,26.86,31.82,30,28.85,31.9173
Punjab,42075,Jalandhar,31.46666667,75.58333333,1996,2025,9,SEP,T2M_MAX,temp_max_c,36.634,2.4497,33.11,41.12,30,41.12,36.6909
Punjab,42075,Jalandhar,31.46666667,75.58333333,1996,2025,9,SEP,T2M_MIN,temp_min_c,20.8053,1.2915,18.2,22.99,30,18.2,27.4045
Punjab,42075,Jalandhar,31.46666667,75.58333333,1996,2025,9,SEP,WS10M,wind_speed_ms,1.944,0.2208,1.6,2.52,30,1.94,1.6918
Punjab,42075,Jalandhar,31.46666667,75.58333333,1996,2025,10,OCT,ALLSKY_SFC_SW_DWN,solar_kwh_m2_day,16.5257,1.0014,13.93,18.1,30,16.53,15.52
Punjab,42075,Jalandhar,31.46666667,75.58333333,1996,2025,10,OCT,PRECTOTCORR,rainfall_mm,0.533,0.5901,0,2.08,30,0.53,4.5664
Punjab,42075,Jalandhar,31.46666667,75.58333333,1996,2025,10,OCT,RH2M,humidity_pct,48.4243,13.1919,26.2,73.14,30,48.42,64.4291
Punjab,42075,Jalandhar,31.46666667,75.58333333,1996,2025,10,OCT,T2M,temp_mean_c,24.8657,1.0108,22.86,26.79,30,24.87,31.9173
Punjab,42075,Jalandhar,31.46666667,75.58333333,1996,2025,10,OCT,T2M_MAX,temp_max_c,34.98,1.9826,31.26,38.15,30,38.15,36.6909
Punjab,42075,Jalandhar,31.46666667,75.58333333,1996,2025,10,OCT,T2M_MIN,temp_min_c,15.172,0.8978,13.58,16.82,30,13.58,27.4045
Punjab,42075,Jalandhar,31.46666667,75.58333333,1996,2025,10,OCT,WS10M,wind_speed_ms,2.0813,0.1946,1.7,2.4,30,2.08,1.6918
Punjab,42075,Jalandhar,31.46666667,75.58333333,1996,2025,11,NOV,ALLSKY_SFC_SW_DWN,solar_kwh_m2_day,12.7237,0.9612,10.38,14.17,30,12.72,15.52
Punjab,42075,Jalandhar,31.46666667,75.58333333,1996,2025,11,NOV,PRECTOTCORR,rainfall_mm,0.2387,0.3044,0,1.16,30,0.24,4.5664
Punjab,42075,Jalandhar,31.46666667,75.58333333,1996,2025,11,NOV,RH2M,humidity_pct,41.953,11.9879,22.18,67.43,30,41.95,64.4291
Punjab,42075,Jalandhar,31.46666667,75.58333333,1996,2025,11,NOV,T2M,temp_mean_c,19.3263,1.0272,17.14,21.01,30,19.33,31.9173
Punjab,42075,Jalandhar,31.46666667,75.58333333,1996,2025,11,NOV,T2M_MAX,temp_max_c,30.6197,1.6878,27.77,35.25,30,35.25,36.6909
Punjab,42075,Jalandhar,31.46666667,75.58333333,1996,2025,11,NOV,T2M_MIN,temp_min_c,9.8993,1.3476,6.59,12.6,30,6.59,27.4045
Punjab,42075,Jalandhar,31.46666667,75.58333333,1996,2025,11,NOV,WS10M,wind_speed_ms,2.1703,0.1819,1.8,2.6,30,2.17,1.6918
Punjab,42075,Jalandhar,31.46666667,75.58333333,1996,2025,12,DEC,ALLSKY_SFC_SW_DWN,solar_kwh_m2_day,10.3483,0.8197,7.8,11.72,30,10.35,15.52
Punjab,42075,Jalandhar,31.46666667,75.58333333,1996,2025,12,DEC,PRECTOTCORR,rainfall_mm,0.3333,0.3953,0,1.62,30,0.33,4.5664
Punjab,42075,Jalandhar,31.46666667,75.58333333,1996,2025,12,DEC,RH2M,humidity_pct,42.5117,11.6024,18.63,62.23,30,42.51,64.4291
Punjab,42075,Jalandhar,31.46666667,75.58333333,1996,2025,12,DEC,T2M,temp_mean_c,14.3997,1.1677,11.9,16.2,30,14.4,31.9173
Punjab,42075,Jalandhar,31.46666667,75.58333333,1996,2025,12,DEC,T2M_MAX,temp_max_c,26.2487,1.6775,23.73,31.4,30,31.4,36.6909
Punjab,42075,Jalandhar,31.46666667,75.58333333,1996,2025,12,DEC,T2M_MIN,temp_min_c,4.5227,1.6846,0.34,7.22,30,0.34,27.4045
Punjab,42075,Jalandhar,31.46666667,75.58333333,1996,2025,12,DEC,WS10M,wind_speed_ms,2.1383,0.2451,1.76,2.55,30,2.14,1.6918
Punjab,42099,Ludhiana,30.87,75.93,1996,2025,0,ANNUAL,ALLSKY_SFC_SW_DWN,solar_kwh_m2_day,18.0853,0.5439,17.02,19.13,30,,17.4733
Punjab,42099,Ludhiana,30.87,75.93,1996,2025,0,ANNUAL,PRECTOTCORR,rainfall_mm,1.8993,0.6825,0.91,3.83,30,,5.3636
Punjab,42099,Ludhiana,30.87,75.93,1996,2025,0,ANNUAL,RH2M,humidity_pct,44.0617,7.3269,30.53,59.65,30,,67.0291
Punjab,42099,Ludhiana,30.87,75.93,1996,2025,0,ANNUAL,T2M,temp_mean_c,25.265,0.8063,23.66,26.86,30,,31.49
Punjab,42099,Ludhiana,30.87,75.93,1996,2025,0,ANNUAL,T2M_MAX,temp_max_c,47.578,1.1901,45.34,49.99,30,,36.3482
Punjab,42099,Ludhiana,30.87,75.93,1996,2025,0,ANNUAL,T2M_MIN,temp_min_c,1.6653,1.2437,-0.97,4.53,30,,27.0882
Punjab,42099,Ludhiana,30.87,75.93,1996,2025,0,ANNUAL,WS10M,wind_speed_ms,2.5567,0.1009,2.29,2.77,30,,2.0718
Punjab,42099,Ludhiana,30.87,75.93,1996,2025,1,JAN,ALLSKY_SFC_SW_DWN,solar_kwh_m2_day,10.9133,1.5899,6.65,13.46,30,10.91,17.4733
Punjab,42099,Ludhiana,30.87,75.93,1996,2025,1,JAN,PRECTOTCORR,rainfall_mm,0.8473,0.8192,0.01,4.12,30,0.85,5.3636
Punjab,42099,Ludhiana,30.87,75.93,1996,2025,1,JAN,RH2M,humidity_pct,47.2723,9.8869,31.94,73.77,30,47.27,67.0291
Punjab,42099,Ludhiana,30.87,75.93,1996,2025,1,JAN,T2M,temp_mean_c,12.4623,0.9714,10.82,14.27,30,12.46,31.49
Punjab,42099,Ludhiana,30.87,75.93,1996,2025,1,JAN,T2M_MAX,temp_max_c,24.8033,2.1786,21.1,29.41,30,29.41,36.3482
Punjab,42099,Ludhiana,30.87,75.93,1996,2025,1,JAN,T2M_MIN,temp_min_c,2.0247,1.4368,-0.97,4.82,30,-0.97,27.0882
Punjab,42099,Ludhiana,30.87,75.93,1996,2025,1,JAN,WS10M,wind_speed_ms,2.509,0.1841,2.15,2.93,30,2.51,2.0718
Punjab,42099,Ludhiana,30.87,75.93,1996,2025,2,FEB,ALLSKY_SFC_SW_DWN,solar_kwh_m2_day,15.3193,1.2083,12.64,17.33,30,15.32,17.4733
Punjab,42099,Ludhiana,30.87,75.93,1996,2025,2,FEB,PRECTOTCORR,rainfall_mm,1.0053,0.9637,0.04,3.64,30,1.01,5.3636
Punjab,42099,Ludhiana,30.87,75.93,1996,2025,2,FEB,RH2M,humidity_pct,45.975,9.8348,24.75,65.31,30,45.97,67.0291
Punjab,42099,Ludhiana,30.87,75.93,1996,2025,2,FEB,T2M,temp_mean_c,16.0173,1.5195,13.74,21.08,30,16.02,31.49
Punjab,42099,Ludhiana,30.87,75.93,1996,2025,2,FEB,T2M_MAX,temp_max_c,29.342,2.5897,23.64,33.58,30,33.58,36.3482
Punjab,42099,Ludhiana,30.87,75.93,1996,2025,2,FEB,T2M_MIN,temp_min_c,4.183,1.6304,1.3,7.71,30,1.3,27.0882
Punjab,42099,Ludhiana,30.87,75.93,1996,2025,2,FEB,WS10M,wind_speed_ms,2.7573,0.2047,2.32,3.1,30,2.76,2.0718
Punjab,42099,Ludhiana,30.87,75.93,1996,2025,3,MAR,ALLSKY_SFC_SW_DWN,solar_kwh_m2_day,19.815,1.0615,17.46,21.77,30,19.81,17.4733
Punjab,42099,Ludhiana,30.87,75.93,1996,2025,3,MAR,PRECTOTCORR,rainfall_mm,0.8507,0.9242,0,3.71,30,0.85,5.3636
Punjab,42099,Ludhiana,30.87,75.93,1996,2025,3,MAR,RH2M,humidity_pct,38.6383,12.3288,19.04,65.97,30,38.64,67.0291
Punjab,42099,Ludhiana,30.87,75.93,1996,2025,3,MAR,T2M,temp_mean_c,22.1527,1.7902,18.89,26.05,30,22.15,31.49
Punjab,42099,Ludhiana,30.87,75.93,1996,2025,3,MAR,T2M_MAX,temp_max_c,36.8927,2.383,29.48,40.58,30,40.58,36.3482
Punjab,42099,Ludhiana,30.87,75.93,1996,2025,3,MAR,T2M_MIN,temp_min_c,9.1393,2.3817,3.8,14.24,30,3.8,27.0882
Punjab,42099,Ludhiana,30.87,75.93,1996,2025,3,MAR,WS10M,wind_speed_ms,2.877,0.2702,2.22,3.32,30,2.88,2.0718
Punjab,42099,Ludhiana,30.87,75.93,1996,2025,4,APR,ALLSKY_SFC_SW_DWN,solar_kwh_m2_day,23.3117,0.9539,21.75,25.15,30,23.31,17.4733
Punjab,42099,Ludhiana,30.87,75.93,1996,2025,4,APR,PRECTOTCORR,rainfall_mm,0.606,0.4643,0.01,1.55,30,0.61,5.3636
Punjab,42099,Ludhiana,30.87,75.93,1996,2025,4,APR,RH2M,humidity_pct,28.7197,9.5993,9.96,52.9,30,28.72,67.0291
Punjab,42099,Ludhiana,30.87,75.93,1996,2025,4,APR,T2M,temp_mean_c,28.932,1.826,25.58,32.34,30,28.93,31.49
Punjab,42099,Ludhiana,30.87,75.93,1996,2025,4,APR,T2M_MAX,temp_max_c,42.7737,2.1185,38.88,46.57,30,46.57,36.3482
Punjab,42099,Ludhiana,30.87,75.93,1996,2025,4,APR,T2M_MIN,temp_min_c,15.0923,2.0583,10.43,19.29,30,10.43,27.0882
Punjab,42099,Ludhiana,30.87,75.93,1996,2025,4,APR,WS10M,wind_speed_ms,3.0033,0.2804,2.43,3.67,30,3,2.0718
Punjab,42099,Ludhiana,30.87,75.93,1996,2025,5,MAY,ALLSKY_SFC_SW_DWN,solar_kwh_m2_day,24.7653,1.1848,22.1,26.47,30,24.77,17.4733
Punjab,42099,Ludhiana,30.87,75.93,1996,2025,5,MAY,PRECTOTCORR,rainfall_mm,0.786,0.6588,0.07,2.63,30,0.79,5.3636
Punjab,42099,Ludhiana,30.87,75.93,1996,2025,5,MAY,RH2M,humidity_pct,23.702,6.528,13.84,39.57,30,23.7,67.0291
Punjab,42099,Ludhiana,30.87,75.93,1996,2025,5,MAY,T2M,temp_mean_c,34.276,1.5328,30.11,36.64,30,34.28,31.49
Punjab,42099,Ludhiana,30.87,75.93,1996,2025,5,MAY,T2M_MAX,temp_max_c,46.6673,1.2418,44.4,49.47,30,49.47,36.3482
Punjab,42099,Ludhiana,30.87,75.93,1996,2025,5,MAY,T2M_MIN,temp_min_c,21.3487,2.435,15.99,25.34,30,15.99,27.0882
Punjab,42099,Ludhiana,30.87,75.93,1996,2025,5,MAY,WS10M,wind_speed_ms,3.069,0.2943,2.45,3.69,30,3.07,2.0718
Punjab,42099,Ludhiana,30.87,75.93,1996,2025,6,JUN,ALLSKY_SFC_SW_DWN,solar_kwh_m2_day,23.011,1.3881,19.42,26.37,30,23.01,17.4733
Punjab,42099,Ludhiana,30.87,75.93,1996,2025,6,JUN,PRECTOTCORR,rainfall_mm,2.8847,1.7188,0.39,6.97,30,2.88,5.3636
Punjab,42099,Ludhiana,30.87,75.93,1996,2025,6,JUN,RH2M,humidity_pct,33.7087,8.3653,19.12,54.37,30,33.71,67.0291
Punjab,42099,Ludhiana,30.87,75.93,1996,2025,6,JUN,T2M,temp_mean_c,35.8183,1.3241,33.2,38.07,30,35.82,31.49
Punjab,42099,Ludhiana,30.87,75.93,1996,2025,6,JUN,T2M_MAX,temp_max_c,46.7423,1.781,42.51,49.99,30,49.99,36.3482
Punjab,42099,Ludhiana,30.87,75.93,1996,2025,6,JUN,T2M_MIN,temp_min_c,25.086,1.8794,20,28.34,30,20,27.0882
Punjab,42099,Ludhiana,30.87,75.93,1996,2025,6,JUN,WS10M,wind_speed_ms,2.8473,0.3013,2.38,3.62,30,2.85,2.0718
Punjab,42099,Ludhiana,30.87,75.93,1996,2025,7,JUL,ALLSKY_SFC_SW_DWN,solar_kwh_m2_day,19.664,1.4277,15.75,21.92,30,19.66,17.4733
Punjab,42099,Ludhiana,30.87,75.93,1996,2025,7,JUL,PRECTOTCORR,rainfall_mm,5.8543,2.857,1.88,13.01,30,5.85,5.3636
Punjab,42099,Ludhiana,30.87,75.93,1996,2025,7,JUL,RH2M,humidity_pct,56.0323,11.2634,29.58,79.7,30,56.03,67.0291
Punjab,42099,Ludhiana,30.87,75.93,1996,2025,7,JUL,T2M,temp_mean_c,33.4253,1.8016,29.95,37.53,30,33.43,31.49
Punjab,42099,Ludhiana,30.87,75.93,1996,2025,7,JUL,T2M_MAX,temp_max_c,43.363,2.561,37.64,48.23,30,48.23,36.3482
Punjab,42099,Ludhiana,30.87,75.93,1996,2025,7,JUL,T2M_MIN,temp_min_c,26.1413,1.2228,24.45,28.54,30,24.45,27.0882
Punjab,42099,Ludhiana,30.87,75.93,1996,2025,7,JUL,WS10M,wind_speed_ms,2.5177,0.2464,1.96,2.97,30,2.52,2.0718
Punjab,42099,Ludhiana,30.87,75.93,1996,2025,8,AUG,ALLSKY_SFC_SW_DWN,solar_kwh_m2_day,19.821,1.392,16.31,23,30,19.82,17.4733
Punjab,42099,Ludhiana,30.87,75.93,1996,2025,8,AUG,PRECTOTCORR,rainfall_mm,5.6573,3.2968,1.27,15.2,30,5.66,5.3636
Punjab,42099,Ludhiana,30.87,75.93,1996,2025,8,AUG,RH2M,humidity_pct,65.0727,11.3333,43.54,84.39,30,65.07,67.0291
Punjab,42099,Ludhiana,30.87,75.93,1996,2025,8,AUG,T2M,temp_mean_c,31.297,1.6438,28.74,33.88,30,31.3,31.49
Punjab,42099,Ludhiana,30.87,75.93,1996,2025,8,AUG,T2M_MAX,temp_max_c,39.4517,2.7175,34.54,44.2,30,44.2,36.3482
Punjab,42099,Ludhiana,30.87,75.93,1996,2025,8,AUG,T2M_MIN,temp_min_c,24.5423,1.0635,21.8,26.27,30,21.8,27.0882
Punjab,42099,Ludhiana,30.87,75.93,1996,2025,8,AUG,WS10M,wind_speed_ms,2.2787,0.2246,1.89,2.7,30,2.28,2.0718
Punjab,42099,Ludhiana,30.87,75.93,1996,2025,9,SEP,ALLSKY_SFC_SW_DWN,solar_kwh_m2_day,19.045,1.0951,16.75,20.95,30,19.04,17.4733
Punjab,42099,Ludhiana,30.87,75.93,1996,2025,9,SEP,PRECTOTCORR,rainfall_mm,3.306,2.3201,0.23,10.16,30,3.31,5.3636
Punjab,42099,Ludhiana,30.87,75.93,1996,2025,9,SEP,RH2M,humidity_pct,60.9343,11.7593,40.72,80.95,30,60.93,67.0291
Punjab,42099,Ludhiana,30.87,75.93,1996,2025,9,SEP,T2M,temp_mean_c,29.3053,1.3651,27.27,32.32,30,29.31,31.49
Punjab,42099,Ludhiana,30.87,75.93,1996,2025,9,SEP,T2M_MAX,temp_max_c,37.7807,2.444,33.61,41.81,30,41.81,36.3482
Punjab,42099,Ludhiana,30.87,75.93,1996,2025,9,SEP,T2M_MIN,temp_min_c,20.6807,1.4028,17.92,23.59,30,17.92,27.0882
Punjab,42099,Ludhiana,30.87,75.93,1996,2025,9,SEP,WS10M,wind_speed_ms,2.0517,0.2427,1.6,2.78,30,2.05,2.0718
Punjab,42099,Ludhiana,30.87,75.93,1996,2025,10,OCT,ALLSKY_SFC_SW_DWN,solar_kwh_m2_day,17.0173,0.9673,14.51,18.68,30,17.02,17.4733
Punjab,42099,Ludhiana,30.87,75.93,1996,2025,10,OCT,PRECTOTCORR,rainfall_mm,0.4397,0.5108,0,1.67,30,0.44,5.3636
Punjab,42099,Ludhiana,30.87,75.93,1996,2025,10,OCT,RH2M,humidity_pct,46.3097,12.8956,24.12,71.27,30,46.31,67.0291
Punjab,42099,Ludhiana,30.87,75.93,1996,2025,10,OCT,T2M,temp_mean_c,25.23,1.0691,23.05,27.25,30,25.23,31.49
Punjab,42099,Ludhiana,30.87,75.93,1996,2025,10,OCT,T2M_MAX,temp_max_c,36.004,1.9342,32.19,38.99,30,38.99,36.3482
Punjab,42099,Ludhiana,30.87,75.93,1996,2025,10,OCT,T2M_MIN,temp_min_c,14.9177,1.1713,13.16,17.96,30,13.16,27.0882
Punjab,42099,Ludhiana,30.87,75.93,1996,2025,10,OCT,WS10M,wind_speed_ms,2.116,0.2221,1.62,2.54,30,2.12,2.0718
Punjab,42099,Ludhiana,30.87,75.93,1996,2025,11,NOV,ALLSKY_SFC_SW_DWN,solar_kwh_m2_day,13.2863,1.0511,10.87,14.79,30,13.29,17.4733
Punjab,42099,Ludhiana,30.87,75.93,1996,2025,11,NOV,PRECTOTCORR,rainfall_mm,0.189,0.2527,0,0.93,30,0.19,5.3636
Punjab,42099,Ludhiana,30.87,75.93,1996,2025,11,NOV,RH2M,humidity_pct,40.6387,11.7201,20.31,66.76,30,40.64,67.0291
Punjab,42099,Ludhiana,30.87,75.93,1996,2025,11,NOV,T2M,temp_mean_c,19.4537,1.0803,17.12,21.1,30,19.45,31.49
Punjab,42099,Ludhiana,30.87,75.93,1996,2025,11,NOV,T2M_MAX,temp_max_c,31.3887,1.7262,29.02,36,30,36,36.3482
Punjab,42099,Ludhiana,30.87,75.93,1996,2025,11,NOV,T2M_MIN,temp_min_c,8.973,1.4101,5.83,11.9,30,5.83,27.0882
Punjab,42099,Ludhiana,30.87,75.93,1996,2025,11,NOV,WS10M,wind_speed_ms,2.3333,0.2123,1.99,2.85,30,2.33,2.0718
Punjab,42099,Ludhiana,30.87,75.93,1996,2025,12,DEC,ALLSKY_SFC_SW_DWN,solar_kwh_m2_day,11.013,0.8852,8.28,12.69,30,11.01,17.4733
Punjab,42099,Ludhiana,30.87,75.93,1996,2025,12,DEC,PRECTOTCORR,rainfall_mm,0.2687,0.2968,0,1.14,30,0.27,5.3636
Punjab,42099,Ludhiana,30.87,75.93,1996,2025,12,DEC,RH2M,humidity_pct,41.517,11.2433,18.16,60.39,30,41.52,67.0291
Punjab,42099,Ludhiana,30.87,75.93,1996,2025,12,DEC,T2M,temp_mean_c,14.4027,1.1608,12.1,16.46,30,14.4,31.49
Punjab,42099,Ludhiana,30.87,75.93,1996,2025,12,DEC,T2M_MAX,temp_max_c,26.863,1.6427,24.43,31.91,30,31.91,36.3482
Punjab,42099,Ludhiana,30.87,75.93,1996,2025,12,DEC,T2M_MIN,temp_min_c,3.8067,1.7813,0.46,7.24,30,0.46,27.0882
Punjab,42099,Ludhiana,30.87,75.93,1996,2025,12,DEC,WS10M,wind_speed_ms,2.3517,0.2608,1.93,2.78,30,2.35,2.0718
Punjab,42104,Nahan,30.4,76.76,1996,2025,0,ANNUAL,ALLSKY_SFC_SW_DWN,solar_kwh_m2_day,18.689,0.4803,17.68,19.59,30,,16.4133
Punjab,42104,Nahan,30.4,76.76,1996,2025,0,ANNUAL,PRECTOTCORR,rainfall_mm,2.9607,0.7345,1.47,4.36,30,,5.6018
Punjab,42104,Nahan,30.4,76.76,1996,2025,0,ANNUAL,RH2M,humidity_pct,48.3243,6.5232,34.47,60.47,30,,73.6064
Punjab,42104,Nahan,30.4,76.76,1996,2025,0,ANNUAL,T2M,temp_mean_c,24.0913,0.6661,22.92,25.49,30,,29.0664
Punjab,42104,Nahan,30.4,76.76,1996,2025,0,ANNUAL,T2M_MAX,temp_max_c,45.501,1.4209,42.8,47.93,30,,33.0209
Punjab,42104,Nahan,30.4,76.76,1996,2025,0,ANNUAL,T2M_MIN,temp_min_c,4.207,1.1001,1.91,6.07,30,,25.7609
Punjab,42104,Nahan,30.4,76.76,1996,2025,0,ANNUAL,WS10M,wind_speed_ms,2.9947,0.0917,2.81,3.15,30,,1.6536
Punjab,42104,Nahan,30.4,76.76,1996,2025,1,JAN,ALLSKY_SFC_SW_DWN,solar_kwh_m2_day,11.3407,1.3373,8.17,13.89,30,11.34,16.4133
Punjab,42104,Nahan,30.4,76.76,1996,2025,1,JAN,PRECTOTCORR,rainfall_mm,1.14,1.0714,0.04,4.82,30,1.14,5.6018
Punjab,42104,Nahan,30.4,76.76,1996,2025,1,JAN,RH2M,humidity_pct,45.7063,9.6259,31.33,72.55,30,45.71,73.6064
Punjab,42104,Nahan,30.4,76.76,1996,2025,1,JAN,T2M,temp_mean_c,13.1257,0.931,10.96,15.28,30,13.13,29.0664
Punjab,42104,Nahan,30.4,76.76,1996,2025,1,JAN,T2M_MAX,temp_max_c,24.8063,2.1624,20.43,29.81,30,29.81,33.0209
Punjab,42104,Nahan,30.4,76.76,1996,2025,1,JAN,T2M_MIN,temp_min_c,4.4693,1.2625,1.91,7.26,30,1.91,25.7609
Punjab,42104,Nahan,30.4,76.76,1996,2025,1,JAN,WS10M,wind_speed_ms,3.0153,0.2458,2.43,3.46,30,3.02,1.6536
Punjab,42104,Nahan,30.4,76.76,1996,2025,2,FEB,ALLSKY_SFC_SW_DWN,solar_kwh_m2_day,15.658,1.2449,13.11,17.9,30,15.66,16.4133
Punjab,42104,Nahan,30.4,76.76,1996,2025,2,FEB,PRECTOTCORR,rainfall_mm,1.2993,1.2159,0.06,5.07,30,1.3,5.6018
Punjab,42104,Nahan,30.4,76.76,1996,2025,2,FEB,RH2M,humidity_pct,44.457,9.913,26.25,65.18,30,44.46,73.6064
Punjab,42104,Nahan,30.4,76.76,1996,2025,2,FEB,T2M,temp_mean_c,16.203,1.5251,13.79,21.12,30,16.2,29.0664
Punjab,42104,Nahan,30.4,76.76,1996,2025,2,FEB,T2M_MAX,temp_max_c,28.6947,2.5232,23.06,32.96,30,32.96,33.0209
Punjab,42104,Nahan,30.4,76.76,1996,2025,2,FEB,T2M_MIN,temp_min_c,6.2807,1.5446,3.37,10.93,30,3.37,25.7609
Punjab,42104,Nahan,30.4,76.76,1996,2025,2,FEB,WS10M,wind_speed_ms,3.4193,0.3497,2.57,4.09,30,3.42,1.6536
Punjab,42104,Nahan,30.4,76.76,1996,2025,3,MAR,ALLSKY_SFC_SW_DWN,solar_kwh_m2_day,20.3363,1.2391,17.93,22.59,30,20.34,16.4133
Punjab,42104,Nahan,30.4,76.76,1996,2025,3,MAR,PRECTOTCORR,rainfall_mm,1.0653,1.0961,0,4.46,30,1.07,5.6018
Punjab,42104,Nahan,30.4,76.76,1996,2025,3,MAR,RH2M,humidity_pct,37.5493,11.5821,17.65,62.87,30,37.55,73.6064
Punjab,42104,Nahan,30.4,76.76,1996,2025,3,MAR,T2M,temp_mean_c,21.799,1.7056,18.48,25.44,30,21.8,29.0664
Punjab,42104,Nahan,30.4,76.76,1996,2025,3,MAR,T2M_MAX,temp_max_c,35.533,2.3173,29.28,39.6,30,39.6,33.0209
Punjab,42104,Nahan,30.4,76.76,1996,2025,3,MAR,T2M_MIN,temp_min_c,10.0283,2.2127,5.12,14.51,30,5.12,25.7609
Punjab,42104,Nahan,30.4,76.76,1996,2025,3,MAR,WS10M,wind_speed_ms,3.568,0.3221,3.1,4.16,30,3.57,1.6536
Punjab,42104,Nahan,30.4,76.76,1996,2025,4,APR,ALLSKY_SFC_SW_DWN,solar_kwh_m2_day,23.9907,1.0084,22.19,26.43,30,23.99,16.4133
Punjab,42104,Nahan,30.4,76.76,1996,2025,4,APR,PRECTOTCORR,rainfall_mm,0.874,0.6651,0,2.15,30,0.87,5.6018
Punjab,42104,Nahan,30.4,76.76,1996,2025,4,APR,RH2M,humidity_pct,28.146,8.8914,9.08,47.97,30,28.15,73.6064
Punjab,42104,Nahan,30.4,76.76,1996,2025,4,APR,T2M,temp_mean_c,28.168,1.6871,25.26,31.64,30,28.17,29.0664
Punjab,42104,Nahan,30.4,76.76,1996,2025,4,APR,T2M_MAX,temp_max_c,41.215,1.9285,37.49,44.78,30,44.78,33.0209
Punjab,42104,Nahan,30.4,76.76,1996,2025,4,APR,T2M_MIN,temp_min_c,15.5007,2.0861,11.88,20.04,30,11.88,25.7609
Punjab,42104,Nahan,30.4,76.76,1996,2025,4,APR,WS10M,wind_speed_ms,3.6813,0.3111,3.08,4.36,30,3.68,1.6536
Punjab,42104,Nahan,30.4,76.76,1996,2025,5,MAY,ALLSKY_SFC_SW_DWN,solar_kwh_m2_day,25.6483,1.2326,23,27.43,30,25.65,16.4133
Punjab,42104,Nahan,30.4,76.76,1996,2025,5,MAY,PRECTOTCORR,rainfall_mm,1.417,1.1232,0.11,4.16,30,1.42,5.6018
Punjab,42104,Nahan,30.4,76.76,1996,2025,5,MAY,RH2M,humidity_pct,26.0963,7.5061,15.31,44.09,30,26.1,73.6064
Punjab,42104,Nahan,30.4,76.76,1996,2025,5,MAY,T2M,temp_mean_c,32.684,1.5506,28.38,35.18,30,32.68,29.0664
Punjab,42104,Nahan,30.4,76.76,1996,2025,5,MAY,T2M_MAX,temp_max_c,44.6397,1.4602,41.81,47.39,30,47.39,33.0209
Punjab,42104,Nahan,30.4,76.76,1996,2025,5,MAY,T2M_MIN,temp_min_c,21.0497,2.3361,16.02,24.99,30,16.02,25.7609
Punjab,42104,Nahan,30.4,76.76,1996,2025,5,MAY,WS10M,wind_speed_ms,3.5547,0.3411,2.96,4.17,30,3.55,1.6536
Punjab,42104,Nahan,30.4,76.76,1996,2025,6,JUN,ALLSKY_SFC_SW_DWN,solar_kwh_m2_day,23.73,1.5301,20.03,27.52,30,23.73,16.4133
Punjab,42104,Nahan,30.4,76.76,1996,2025,6,JUN,PRECTOTCORR,rainfall_mm,4.627,2.8353,1.2,12.98,30,4.63,5.6018
Punjab,42104,Nahan,30.4,76.76,1996,2025,6,JUN,RH2M,humidity_pct,39.1577,10.6604,21.64,65.82,30,39.16,73.6064
Punjab,42104,Nahan,30.4,76.76,1996,2025,6,JUN,T2M,temp_mean_c,33.6087,1.6352,30.27,36.57,30,33.61,29.0664
Punjab,42104,Nahan,30.4,76.76,1996,2025,6,JUN,T2M_MAX,temp_max_c,44.3573,2.2151,39.38,47.93,30,47.93,33.0209
Punjab,42104,Nahan,30.4,76.76,1996,2025,6,JUN,T2M_MIN,temp_min_c,23.8807,1.7114,19.14,26.73,30,19.14,25.7609
Punjab,42104,Nahan,30.4,76.76,1996,2025,6,JUN,WS10M,wind_speed_ms,3.2083,0.4301,2.54,4.15,30,3.21,1.6536
Punjab,42104,Nahan,30.4,76.76,1996,2025,7,JUL,ALLSKY_SFC_SW_DWN,solar_kwh_m2_day,19.8407,1.4994,16.63,23.56,30,19.84,16.4133
Punjab,42104,Nahan,30.4,76.76,1996,2025,7,JUL,PRECTOTCORR,rainfall_mm,9.4413,3.6131,3,18.7,30,9.44,5.6018
Punjab,42104,Nahan,30.4,76.76,1996,2025,7,JUL,RH2M,humidity_pct,67.1377,11.2712,34.88,84.31,30,67.14,73.6064
Punjab,42104,Nahan,30.4,76.76,1996,2025,7,JUL,T2M,temp_mean_c,30.5563,1.6262,28.11,34.98,30,30.56,29.0664
Punjab,42104,Nahan,30.4,76.76,1996,2025,7,JUL,T2M_MAX,temp_max_c,39.981,2.8517,34.28,45.84,30,45.84,33.0209
Punjab,42104,Nahan,30.4,76.76,1996,2025,7,JUL,T2M_MIN,temp_min_c,24.3203,0.8004,22.86,26.28,30,22.86,25.7609
Punjab,42104,Nahan,30.4,76.76,1996,2025,7,JUL,WS10M,wind_speed_ms,2.5773,0.2522,2.21,3.27,30,2.58,1.6536
Punjab,42104,Nahan,30.4,76.76,1996,2025,8,AUG,ALLSKY_SFC_SW_DWN,solar_kwh_m2_day,19.3637,1.3882,15.5,22.27,30,19.36,16.4133
Punjab,42104,Nahan,30.4,76.76,1996,2025,8,AUG,PRECTOTCORR,rainfall_mm,8.9763,2.9331,3.18,14.35,30,8.98,5.6018
Punjab,42104,Nahan,30.4,76.76,1996,2025,8,AUG,RH2M,humidity_pct,77.4503,8.234,57.73,87.29,30,77.45,73.6064
Punjab,42104,Nahan,30.4,76.76,1996,2025,8,AUG,T2M,temp_mean_c,28.4547,1.0093,26.92,30.79,30,28.45,29.0664
Punjab,42104,Nahan,30.4,76.76,1996,2025,8,AUG,T2M_MAX,temp_max_c,34.7817,2.1397,31.9,40.18,30,40.18,33.0209
Punjab,42104,Nahan,30.4,76.76,1996,2025,8,AUG,T2M_MIN,temp_min_c,23.1807,0.6711,21.8,24.13,30,21.8,25.7609
Punjab,42104,Nahan,30.4,76.76,1996,2025,8,AUG,WS10M,wind_speed_ms,2.35,0.2049,1.98,2.96,30,2.35,1.6536
Punjab,42104,Nahan,30.4,76.76,1996,2025,9,SEP,ALLSKY_SFC_SW_DWN,solar_kwh_m2_day,19.3497,1.3648,16.66,22.23,30,19.35,16.4133
Punjab,42104,Nahan,30.4,76.76,1996,2025,9,SEP,PRECTOTCORR,rainfall_mm,5.3563,3.0995,0.75,11.81,30,5.36,5.6018
Punjab,42104,Nahan,30.4,76.76,1996,2025,9,SEP,RH2M,humidity_pct,72.444,9.2975,53.56,85.72,30,72.44,73.6064
Punjab,42104,Nahan,30.4,76.76,1996,2025,9,SEP,T2M,temp_mean_c,26.867,0.9072,25.43,29.42,30,26.87,29.0664
Punjab,42104,Nahan,30.4,76.76,1996,2025,9,SEP,T2M_MAX,temp_max_c,33.9663,1.8749,31.5,38.86,30,38.86,33.0209
Punjab,42104,Nahan,30.4,76.76,1996,2025,9,SEP,T2M_MIN,temp_min_c,19.9073,1.1409,18.14,22.02,30,18.14,25.7609
Punjab,42104,Nahan,30.4,76.76,1996,2025,9,SEP,WS10M,wind_speed_ms,2.3327,0.2774,1.85,2.97,30,2.33,1.6536
Punjab,42104,Nahan,30.4,76.76,1996,2025,10,OCT,ALLSKY_SFC_SW_DWN,solar_kwh_m2_day,18.375,1.0386,15.61,20.02,30,18.38,16.4133
Punjab,42104,Nahan,30.4,76.76,1996,2025,10,OCT,PRECTOTCORR,rainfall_mm,0.6293,0.6734,0,2.67,30,0.63,5.6018
Punjab,42104,Nahan,30.4,76.76,1996,2025,10,OCT,RH2M,humidity_pct,54.4033,12.53,31.8,75.88,30,54.4,73.6064
Punjab,42104,Nahan,30.4,76.76,1996,2025,10,OCT,T2M,temp_mean_c,23.594,0.9915,21.97,25.35,30,23.59,29.0664
Punjab,42104,Nahan,30.4,76.76,1996,2025,10,OCT,T2M_MAX,temp_max_c,33.0657,1.8684,30.23,36.42,30,36.42,33.0209
Punjab,42104,Nahan,30.4,76.76,1996,2025,10,OCT,T2M_MIN,temp_min_c,14.9917,1.0542,13.16,17.53,30,13.16,25.7609
Punjab,42104,Nahan,30.4,76.76,1996,2025,10,OCT,WS10M,wind_speed_ms,2.5743,0.2251,2.12,2.95,30,2.57,1.6536
Punjab,42104,Nahan,30.4,76.76,1996,2025,11,NOV,ALLSKY_SFC_SW_DWN,solar_kwh_m2_day,14.6453,0.8643,12.08,15.71,30,14.65,16.4133
Punjab,42104,Nahan,30.4,76.76,1996,2025,11,NOV,PRECTOTCORR,rainfall_mm,0.176,0.2708,0,1.05,30,0.18,5.6018
Punjab,42104,Nahan,30.4,76.76,1996,2025,11,NOV,RH2M,humidity_pct,44.5273,10.4726,25.03,65.18,30,44.53,73.6064
Punjab,42104,Nahan,30.4,76.76,1996,2025,11,NOV,T2M,temp_mean_c,18.99,0.8175,17.5,20.35,30,18.99,29.0664
Punjab,42104,Nahan,30.4,76.76,1996,2025,11,NOV,T2M_MAX,temp_max_c,29.7647,1.6262,26.59,34,30,34,33.0209
Punjab,42104,Nahan,30.4,76.76,1996,2025,11,NOV,T2M_MIN,temp_min_c,10.296,1.0567,8.8,12.8,30,8.8,25.7609
Punjab,42104,Nahan,30.4,76.76,1996,2025,11,NOV,WS10M,wind_speed_ms,2.804,0.2816,2.28,3.52,30,2.8,1.6536
Punjab,42104,Nahan,30.4,76.76,1996,2025,12,DEC,ALLSKY_SFC_SW_DWN,solar_kwh_m2_day,11.9377,0.9098,9.37,13.4,30,11.94,16.4133
Punjab,42104,Nahan,30.4,76.76,1996,2025,12,DEC,PRECTOTCORR,rainfall_mm,0.348,0.3663,0,1.31,30,0.35,5.6018
Punjab,42104,Nahan,30.4,76.76,1996,2025,12,DEC,RH2M,humidity_pct,42.1997,10.0372,18.74,56.8,30,42.2,73.6064
Punjab,42104,Nahan,30.4,76.76,1996,2025,12,DEC,T2M,temp_mean_c,14.7207,1.0245,12.4,16.33,30,14.72,29.0664
Punjab,42104,Nahan,30.4,76.76,1996,2025,12,DEC,T2M_MAX,temp_max_c,26.27,1.4364,22.91,28.83,30,28.83,33.0209
Punjab,42104,Nahan,30.4,76.76,1996,2025,12,DEC,T2M_MIN,temp_min_c,5.972,1.5197,2.93,8.37,30,2.93,25.7609
Punjab,42104,Nahan,30.4,76.76,1996,2025,12,DEC,WS10M,wind_speed_ms,2.8907,0.3099,2.18,3.36,30,2.89,1.6536
Punjab,42057,Pathankot,32.25,75.63333333,1996,2025,0,ANNUAL,ALLSKY_SFC_SW_DWN,solar_kwh_m2_day,17.6117,0.5491,16.63,18.54,30,,15.0033
Punjab,42057,Pathankot,32.25,75.63333333,1996,2025,0,ANNUAL,PRECTOTCORR,rainfall_mm,2.7917,1.097,0.85,4.68,30,,7.0282
Punjab,42057,Pathankot,32.25,75.63333333,1996,2025,0,ANNUAL,RH2M,humidity_pct,49.042,7.9036,33.52,63.94,30,,75.9009
Punjab,42057,Pathankot,32.25,75.63333333,1996,2025,0,ANNUAL,T2M,temp_mean_c,20.2803,0.7002,18.73,21.7,30,,25.7209
Punjab,42057,Pathankot,32.25,75.63333333,1996,2025,0,ANNUAL,T2M_MAX,temp_max_c,40.3097,1.6323,36.33,42.84,30,,29.0945
Punjab,42057,Pathankot,32.25,75.63333333,1996,2025,0,ANNUAL,T2M_MIN,temp_min_c,1.8283,1.5207,-2.27,4.45,30,,22.6673
Punjab,42057,Pathankot,32.25,75.63333333,1996,2025,0,ANNUAL,WS10M,wind_speed_ms,2.3737,0.1302,2.1,2.64,30,,1.2209
Punjab,42057,Pathankot,32.25,75.63333333,1996,2025,1,JAN,ALLSKY_SFC_SW_DWN,solar_kwh_m2_day,10.5743,1.093,8.4,13.03,30,10.57,15.0033
Punjab,42057,Pathankot,32.25,75.63333333,1996,2025,1,JAN,PRECTOTCORR,rainfall_mm,1.5787,1.5446,0.03,5.88,30,1.58,7.0282
Punjab,42057,Pathankot,32.25,75.63333333,1996,2025,1,JAN,RH2M,humidity_pct,46.269,10.5344,26.14,67.78,30,46.27,75.9009
Punjab,42057,Pathankot,32.25,75.63333333,1996,2025,1,JAN,T2M,temp_mean_c,9.7087,1.1876,7.12,11.65,30,9.71,25.7209
Punjab,42057,Pathankot,32.25,75.63333333,1996,2025,1,JAN,T2M_MAX,temp_max_c,20.1827,1.99,16.47,23.76,30,23.76,29.0945
Punjab,42057,Pathankot,32.25,75.63333333,1996,2025,1,JAN,T2M_MIN,temp_min_c,2.3737,1.553,-1.47,4.87,30,-1.47,22.6673
Punjab,42057,Pathankot,32.25,75.63333333,1996,2025,1,JAN,WS10M,wind_speed_ms,2.0727,0.1239,1.76,2.44,30,2.07,1.2209
Punjab,42057,Pathankot,32.25,75.63333333,1996,2025,2,FEB,ALLSKY_SFC_SW_DWN,solar_kwh_m2_day,13.6023,1.5482,9.9,16.24,30,13.6,15.0033
Punjab,42057,Pathankot,32.25,75.63333333,1996,2025,2,FEB,PRECTOTCORR,rainfall_mm,2.114,1.7982,0.07,6.6,30,2.11,7.0282
Punjab,42057,Pathankot,32.25,75.63333333,1996,2025,2,FEB,RH2M,humidity_pct,49.7133,9.3297,26.51,68.27,30,49.71,75.9009
Punjab,42057,Pathankot,32.25,75.63333333,1996,2025,2,FEB,T2M,temp_mean_c,11.8927,1.5992,9.34,16.45,30,11.89,25.7209
Punjab,42057,Pathankot,32.25,75.63333333,1996,2025,2,FEB,T2M_MAX,temp_max_c,23.0827,2.2826,18.26,26.85,30,26.85,29.0945
Punjab,42057,Pathankot,32.25,75.63333333,1996,2025,2,FEB,T2M_MIN,temp_min_c,3.2783,1.7024,-0.72,6.8,30,-0.72,22.6673
Punjab,42057,Pathankot,32.25,75.63333333,1996,2025,2,FEB,WS10M,wind_speed_ms,2.4333,0.1697,2.16,2.79,30,2.43,1.2209
Punjab,42057,Pathankot,32.25,75.63333333,1996,2025,3,MAR,ALLSKY_SFC_SW_DWN,solar_kwh_m2_day,18.1763,1.6074,15.73,21.43,30,18.18,15.0033
Punjab,42057,Pathankot,32.25,75.63333333,1996,2025,3,MAR,PRECTOTCORR,rainfall_mm,2.0427,2.1357,0.04,8.57,30,2.04,7.0282
Punjab,42057,Pathankot,32.25,75.63333333,1996,2025,3,MAR,RH2M,humidity_pct,46.7427,11.7352,27.29,71.46,30,46.74,75.9009
Punjab,42057,Pathankot,32.25,75.63333333,1996,2025,3,MAR,T2M,temp_mean_c,16.65,1.659,13.52,20.05,30,16.65,25.7209
Punjab,42057,Pathankot,32.25,75.63333333,1996,2025,3,MAR,T2M_MAX,temp_max_c,28.9633,2.3101,22.5,32.58,30,32.58,29.0945
Punjab,42057,Pathankot,32.25,75.63333333,1996,2025,3,MAR,T2M_MIN,temp_min_c,5.8337,2.068,0.67,9.69,30,0.67,22.6673
Punjab,42057,Pathankot,32.25,75.63333333,1996,2025,3,MAR,WS10M,wind_speed_ms,2.6663,0.2524,2.09,3.02,30,2.67,1.2209
Punjab,42057,Pathankot,32.25,75.63333333,1996,2025,4,APR,ALLSKY_SFC_SW_DWN,solar_kwh_m2_day,22.3357,1.1698,20.37,25.35,30,22.34,15.0033
Punjab,42057,Pathankot,32.25,75.63333333,1996,2025,4,APR,PRECTOTCORR,rainfall_mm,1.4753,1.1013,0.02,4.13,30,1.48,7.0282
Punjab,42057,Pathankot,32.25,75.63333333,1996,2025,4,APR,RH2M,humidity_pct,38.9123,11.7029,12.84,65.31,30,38.91,75.9009
Punjab,42057,Pathankot,32.25,75.63333333,1996,2025,4,APR,T2M,temp_mean_c,22.437,1.7938,19.01,25.61,30,22.44,25.7209
Punjab,42057,Pathankot,32.25,75.63333333,1996,2025,4,APR,T2M_MAX,temp_max_c,34.6147,2.6179,28.16,38.97,30,38.97,29.0945
Punjab,42057,Pathankot,32.25,75.63333333,1996,2025,4,APR,T2M_MIN,temp_min_c,10.7477,1.8051,7.59,14.88,30,7.59,22.6673
Punjab,42057,Pathankot,32.25,75.63333333,1996,2025,4,APR,WS10M,wind_speed_ms,2.829,0.2998,2.3,3.51,30,2.83,1.2209
Punjab,42057,Pathankot,32.25,75.63333333,1996,2025,5,MAY,ALLSKY_SFC_SW_DWN,solar_kwh_m2_day,24.926,1.2653,22.22,27.43,30,24.93,15.0033
Punjab,42057,Pathankot,32.25,75.63333333,1996,2025,5,MAY,PRECTOTCORR,rainfall_mm,1.1977,1.0105,0.26,4.24,30,1.2,7.0282
Punjab,42057,Pathankot,32.25,75.63333333,1996,2025,5,MAY,RH2M,humidity_pct,32.6017,9.0673,16.04,53.38,30,32.6,75.9009
Punjab,42057,Pathankot,32.25,75.63333333,1996,2025,5,MAY,T2M,temp_mean_c,27.286,1.7224,22.96,30.28,30,27.29,25.7209
Punjab,42057,Pathankot,32.25,75.63333333,1996,2025,5,MAY,T2M_MAX,temp_max_c,38.904,1.8836,35.4,42.37,30,42.37,29.0945
Punjab,42057,Pathankot,32.25,75.63333333,1996,2025,5,MAY,T2M_MIN,temp_min_c,15.9687,2.2477,10.39,20.15,30,10.39,22.6673
Punjab,42057,Pathankot,32.25,75.63333333,1996,2025,5,MAY,WS10M,wind_speed_ms,2.8743,0.2728,2.46,3.4,30,2.87,1.2209
Punjab,42057,Pathankot,32.25,75.63333333,1996,2025,6,JUN,ALLSKY_SFC_SW_DWN,solar_kwh_m2_day,24.0153,1.6094,20.59,26.54,30,24.01,15.0033
Punjab,42057,Pathankot,32.25,75.63333333,1996,2025,6,JUN,PRECTOTCORR,rainfall_mm,3.0737,1.7629,0.32,7.6,30,3.07,7.0282
Punjab,42057,Pathankot,32.25,75.63333333,1996,2025,6,JUN,RH2M,humidity_pct,39.7267,10.3596,21.99,63.39,30,39.73,75.9009
Punjab,42057,Pathankot,32.25,75.63333333,1996,2025,6,JUN,T2M,temp_mean_c,29.42,1.1881,26.32,31.25,30,29.42,25.7209
Punjab,42057,Pathankot,32.25,75.63333333,1996,2025,6,JUN,T2M_MAX,temp_max_c,39.665,2.0114,34.69,42.84,30,42.84,29.0945
Punjab,42057,Pathankot,32.25,75.63333333,1996,2025,6,JUN,T2M_MIN,temp_min_c,19.819,1.4736,16.33,22.72,30,16.33,22.6673
Punjab,42057,Pathankot,32.25,75.63333333,1996,2025,6,JUN,WS10M,wind_speed_ms,2.692,0.2529,2.16,3.12,30,2.69,1.2209
Punjab,42057,Pathankot,32.25,75.63333333,1996,2025,7,JUL,ALLSKY_SFC_SW_DWN,solar_kwh_m2_day,19.1407,2.0832,14.84,23.79,30,19.14,15.0033
Punjab,42057,Pathankot,32.25,75.63333333,1996,2025,7,JUL,PRECTOTCORR,rainfall_mm,8.3637,4.1702,1.67,17.33,30,8.36,7.0282
Punjab,42057,Pathankot,32.25,75.63333333,1996,2025,7,JUL,RH2M,humidity_pct,65.237,11.4618,31.96,83.16,30,65.24,75.9009
Punjab,42057,Pathankot,32.25,75.63333333,1996,2025,7,JUL,T2M,temp_mean_c,27.5783,1.3873,25.26,31.08,30,27.58,25.7209
Punjab,42057,Pathankot,32.25,75.63333333,1996,2025,7,JUL,T2M_MAX,temp_max_c,36.4947,2.6564,32.05,41.89,30,41.89,29.0945
Punjab,42057,Pathankot,32.25,75.63333333,1996,2025,7,JUL,T2M_MIN,temp_min_c,21.3287,0.7681,19.75,22.82,30,19.75,22.6673
Punjab,42057,Pathankot,32.25,75.63333333,1996,2025,7,JUL,WS10M,wind_speed_ms,2.317,0.1686,1.94,2.82,30,2.32,1.2209
Punjab,42057,Pathankot,32.25,75.63333333,1996,2025,8,AUG,ALLSKY_SFC_SW_DWN,solar_kwh_m2_day,17.8137,1.6203,14.04,20.41,30,17.81,15.0033
Punjab,42057,Pathankot,32.25,75.63333333,1996,2025,8,AUG,PRECTOTCORR,rainfall_mm,8.109,4.1753,1.22,19.01,30,8.11,7.0282
Punjab,42057,Pathankot,32.25,75.63333333,1996,2025,8,AUG,RH2M,humidity_pct,74.6153,9.5089,54.23,87.42,30,74.62,75.9009
Punjab,42057,Pathankot,32.25,75.63333333,1996,2025,8,AUG,T2M,temp_mean_c,25.7447,1.0121,24.46,27.95,30,25.74,25.7209
Punjab,42057,Pathankot,32.25,75.63333333,1996,2025,8,AUG,T2M_MAX,temp_max_c,32.0083,2.2336,29.35,36.92,30,36.92,29.0945
Punjab,42057,Pathankot,32.25,75.63333333,1996,2025,8,AUG,T2M_MIN,temp_min_c,20.3777,0.743,18.9,21.38,30,18.9,22.6673
Punjab,42057,Pathankot,32.25,75.63333333,1996,2025,8,AUG,WS10M,wind_speed_ms,2.1493,0.1644,1.86,2.45,30,2.15,1.2209
Punjab,42057,Pathankot,32.25,75.63333333,1996,2025,9,SEP,ALLSKY_SFC_SW_DWN,solar_kwh_m2_day,18.5987,1.2307,16.23,20.97,30,18.6,15.0033
Punjab,42057,Pathankot,32.25,75.63333333,1996,2025,9,SEP,PRECTOTCORR,rainfall_mm,3.561,2.8592,0.19,13.29,30,3.56,7.0282
Punjab,42057,Pathankot,32.25,75.63333333,1996,2025,9,SEP,RH2M,humidity_pct,66.697,11.6753,46.05,83.19,30,66.7,75.9009
Punjab,42057,Pathankot,32.25,75.63333333,1996,2025,9,SEP,T2M,temp_mean_c,24.146,0.9518,22.82,26.66,30,24.15,25.7209
Punjab,42057,Pathankot,32.25,75.63333333,1996,2025,9,SEP,T2M_MAX,temp_max_c,30.878,1.9282,28.31,34.96,30,34.96,29.0945
Punjab,42057,Pathankot,32.25,75.63333333,1996,2025,9,SEP,T2M_MIN,temp_min_c,17.4883,1.3572,14.69,19.97,30,14.69,22.6673
Punjab,42057,Pathankot,32.25,75.63333333,1996,2025,9,SEP,WS10M,wind_speed_ms,2.081,0.1892,1.83,2.55,30,2.08,1.2209
Punjab,42057,Pathankot,32.25,75.63333333,1996,2025,10,OCT,ALLSKY_SFC_SW_DWN,solar_kwh_m2_day,17.5633,1.1638,14.66,19.41,30,17.56,15.0033
Punjab,42057,Pathankot,32.25,75.63333333,1996,2025,10,OCT,PRECTOTCORR,rainfall_mm,0.7837,0.809,0,2.99,30,0.78,7.0282
Punjab,42057,Pathankot,32.25,75.63333333,1996,2025,10,OCT,RH2M,humidity_pct,49.3017,11.9203,27.75,68.79,30,49.3,75.9009
Punjab,42057,Pathankot,32.25,75.63333333,1996,2025,10,OCT,T2M,temp_mean_c,20.3217,0.8432,18.52,21.68,30,20.32,25.7209
Punjab,42057,Pathankot,32.25,75.63333333,1996,2025,10,OCT,T2M_MAX,temp_max_c,29.5097,1.7617,25.54,32.99,30,32.99,29.0945
Punjab,42057,Pathankot,32.25,75.63333333,1996,2025,10,OCT,T2M_MIN,temp_min_c,12.3213,1.0341,10.4,15.53,30,10.4,22.6673
Punjab,42057,Pathankot,32.25,75.63333333,1996,2025,10,OCT,WS10M,wind_speed_ms,2.2613,0.2061,1.83,2.69,30,2.26,1.2209
Punjab,42057,Pathankot,32.25,75.63333333,1996,2025,11,NOV,ALLSKY_SFC_SW_DWN,solar_kwh_m2_day,13.469,1.0288,10.03,14.9,30,13.47,15.0033
Punjab,42057,Pathankot,32.25,75.63333333,1996,2025,11,NOV,PRECTOTCORR,rainfall_mm,0.4827,0.6452,0,3.07,30,0.48,7.0282
Punjab,42057,Pathankot,32.25,75.63333333,1996,2025,11,NOV,RH2M,humidity_pct,40.28,10.5895,20.23,60.95,30,40.28,75.9009
Punjab,42057,Pathankot,32.25,75.63333333,1996,2025,11,NOV,T2M,temp_mean_c,15.8043,0.831,14.12,17.26,30,15.8,25.7209
Punjab,42057,Pathankot,32.25,75.63333333,1996,2025,11,NOV,T2M_MAX,temp_max_c,25.6207,1.614,22.38,29.5,30,29.5,29.0945
Punjab,42057,Pathankot,32.25,75.63333333,1996,2025,11,NOV,T2M_MIN,temp_min_c,7.982,1.6276,3.61,10.48,30,3.61,22.6673
Punjab,42057,Pathankot,32.25,75.63333333,1996,2025,11,NOV,WS10M,wind_speed_ms,2.134,0.164,1.8,2.54,30,2.13,1.2209
Punjab,42057,Pathankot,32.25,75.63333333,1996,2025,12,DEC,ALLSKY_SFC_SW_DWN,solar_kwh_m2_day,11.0313,0.8151,9.35,12.43,30,11.03,15.0033
Punjab,42057,Pathankot,32.25,75.63333333,1996,2025,12,DEC,PRECTOTCORR,rainfall_mm,0.586,0.7039,0,2.96,30,0.59,7.0282
Punjab,42057,Pathankot,32.25,75.63333333,1996,2025,12,DEC,RH2M,humidity_pct,38.1407,10.1069,15.37,52.25,30,38.14,75.9009
Punjab,42057,Pathankot,32.25,75.63333333,1996,2025,12,DEC,T2M,temp_mean_c,11.9833,1.1767,9,14.41,30,11.98,25.7209
Punjab,42057,Pathankot,32.25,75.63333333,1996,2025,12,DEC,T2M_MAX,temp_max_c,22.4993,1.6451,19.83,27.04,30,27.04,29.0945
Punjab,42057,Pathankot,32.25,75.63333333,1996,2025,12,DEC,T2M_MIN,temp_min_c,4.226,1.9446,-2.27,7.55,30,-2.27,22.6673
Punjab,42057,Pathankot,32.25,75.63333333,1996,2025,12,DEC,WS10M,wind_speed_ms,1.9753,0.1259,1.72,2.18,30,1.98,1.2209
Punjab,42101,Patiala,30.33,76.47,1996,2025,0,ANNUAL,ALLSKY_SFC_SW_DWN,solar_kwh_m2_day,18.689,0.4803,17.68,19.59,30,,16.4133
Punjab,42101,Patiala,30.33,76.47,1996,2025,0,ANNUAL,PRECTOTCORR,rainfall_mm,2.0987,0.6504,1.01,3.62,30,,5.8545
Punjab,42101,Patiala,30.33,76.47,1996,2025,0,ANNUAL,RH2M,humidity_pct,45.3387,7.0041,31.52,59.66,30,,73.0009
Punjab,42101,Patiala,30.33,76.47,1996,2025,0,ANNUAL,T2M,temp_mean_c,25.125,0.7679,23.67,26.69,30,,30.3209
Punjab,42101,Patiala,30.33,76.47,1996,2025,0,ANNUAL,T2M_MAX,temp_max_c,47.2313,1.2921,44.89,49.68,30,,34.8536
Punjab,42101,Patiala,30.33,76.47,1996,2025,0,ANNUAL,T2M_MIN,temp_min_c,2.5503,1.2305,-0.37,5.38,30,,26.5055
Punjab,42101,Patiala,30.33,76.47,1996,2025,0,ANNUAL,WS10M,wind_speed_ms,2.8003,0.1007,2.58,3.01,30,,2.0627
Punjab,42101,Patiala,30.33,76.47,1996,2025,1,JAN,ALLSKY_SFC_SW_DWN,solar_kwh_m2_day,11.3407,1.3373,8.17,13.89,30,11.34,16.4133
Punjab,42101,Patiala,30.33,76.47,1996,2025,1,JAN,PRECTOTCORR,rainfall_mm,0.9113,0.919,0.02,4.41,30,0.91,5.8545
Punjab,42101,Patiala,30.33,76.47,1996,2025,1,JAN,RH2M,humidity_pct,46.8297,10.0348,32.88,74.46,30,46.83,73.0009
Punjab,42101,Patiala,30.33,76.47,1996,2025,1,JAN,T2M,temp_mean_c,12.8017,0.9413,11.07,14.77,30,12.8,30.3209
Punjab,42101,Patiala,30.33,76.47,1996,2025,1,JAN,T2M_MAX,temp_max_c,25.0563,2.0862,21.55,30.13,30,30.13,34.8536
Punjab,42101,Patiala,30.33,76.47,1996,2025,1,JAN,T2M_MIN,temp_min_c,2.881,1.3689,-0.37,6.66,30,-0.37,26.5055
Punjab,42101,Patiala,30.33,76.47,1996,2025,1,JAN,WS10M,wind_speed_ms,2.8797,0.233,2.38,3.45,30,2.88,2.0627
Punjab,42101,Patiala,30.33,76.47,1996,2025,2,FEB,ALLSKY_SFC_SW_DWN,solar_kwh_m2_day,15.658,1.2449,13.11,17.9,30,15.66,16.4133
Punjab,42101,Patiala,30.33,76.47,1996,2025,2,FEB,PRECTOTCORR,rainfall_mm,0.9987,0.9811,0.06,4.34,30,1,5.8545
Punjab,42101,Patiala,30.33,76.47,1996,2025,2,FEB,RH2M,humidity_pct,44.8863,10.0396,26,65.19,30,44.89,73.0009
Punjab,42101,Patiala,30.33,76.47,1996,2025,2,FEB,T2M,temp_mean_c,16.3387,1.5094,13.99,21.43,30,16.34,30.3209
Punjab,42101,Patiala,30.33,76.47,1996,2025,2,FEB,T2M_MAX,temp_max_c,29.6227,2.655,23.57,33.86,30,33.86,34.8536
Punjab,42101,Patiala,30.33,76.47,1996,2025,2,FEB,T2M_MIN,temp_min_c,5.021,1.5684,2.63,9.16,30,2.63,26.5055
Punjab,42101,Patiala,30.33,76.47,1996,2025,2,FEB,WS10M,wind_speed_ms,3.1113,0.2462,2.38,3.52,30,3.11,2.0627
Punjab,42101,Patiala,30.33,76.47,1996,2025,3,MAR,ALLSKY_SFC_SW_DWN,solar_kwh_m2_day,20.3363,1.2391,17.93,22.59,30,20.34,16.4133
Punjab,42101,Patiala,30.33,76.47,1996,2025,3,MAR,PRECTOTCORR,rainfall_mm,0.8453,0.9194,0,3.72,30,0.85,5.8545
Punjab,42101,Patiala,30.33,76.47,1996,2025,3,MAR,RH2M,humidity_pct,37.1427,11.9389,17.83,63.22,30,37.14,73.0009
Punjab,42101,Patiala,30.33,76.47,1996,2025,3,MAR,T2M,temp_mean_c,22.4557,1.7628,19.19,26.28,30,22.46,30.3209
Punjab,42101,Patiala,30.33,76.47,1996,2025,3,MAR,T2M_MAX,temp_max_c,37.0153,2.3551,30.08,40.99,30,40.99,34.8536
Punjab,42101,Patiala,30.33,76.47,1996,2025,3,MAR,T2M_MIN,temp_min_c,9.5963,2.3958,4.66,15.28,30,4.66,26.5055
Punjab,42101,Patiala,30.33,76.47,1996,2025,3,MAR,WS10M,wind_speed_ms,3.167,0.2795,2.56,3.64,30,3.17,2.0627
Punjab,42101,Patiala,30.33,76.47,1996,2025,4,APR,ALLSKY_SFC_SW_DWN,solar_kwh_m2_day,23.9907,1.0084,22.19,26.43,30,23.99,16.4133
Punjab,42101,Patiala,30.33,76.47,1996,2025,4,APR,PRECTOTCORR,rainfall_mm,0.661,0.5101,0,1.48,30,0.66,5.8545
Punjab,42101,Patiala,30.33,76.47,1996,2025,4,APR,RH2M,humidity_pct,27.3563,8.9838,9.34,48.47,30,27.36,73.0009
Punjab,42101,Patiala,30.33,76.47,1996,2025,4,APR,T2M,temp_mean_c,29.161,1.7411,26.18,32.54,30,29.16,30.3209
Punjab,42101,Patiala,30.33,76.47,1996,2025,4,APR,T2M_MAX,temp_max_c,42.7707,1.9273,39.17,46.39,30,46.39,34.8536
Punjab,42101,Patiala,30.33,76.47,1996,2025,4,APR,T2M_MIN,temp_min_c,15.3803,1.8138,11.07,18.8,30,11.07,26.5055
Punjab,42101,Patiala,30.33,76.47,1996,2025,4,APR,WS10M,wind_speed_ms,3.2777,0.2695,2.77,3.78,30,3.28,2.0627
Punjab,42101,Patiala,30.33,76.47,1996,2025,5,MAY,ALLSKY_SFC_SW_DWN,solar_kwh_m2_day,25.6483,1.2326,23,27.43,30,25.65,16.4133
Punjab,42101,Patiala,30.33,76.47,1996,2025,5,MAY,PRECTOTCORR,rainfall_mm,1.0633,0.9642,0.11,3.92,30,1.06,5.8545
Punjab,42101,Patiala,30.33,76.47,1996,2025,5,MAY,RH2M,humidity_pct,24.2023,6.9357,14.03,40.56,30,24.2,73.0009
Punjab,42101,Patiala,30.33,76.47,1996,2025,5,MAY,T2M,temp_mean_c,34.1493,1.5198,29.98,36.5,30,34.15,30.3209
Punjab,42101,Patiala,30.33,76.47,1996,2025,5,MAY,T2M_MAX,temp_max_c,46.3653,1.3221,43.84,49.21,30,49.21,34.8536
Punjab,42101,Patiala,30.33,76.47,1996,2025,5,MAY,T2M_MIN,temp_min_c,21.62,2.3478,16.75,26.22,30,16.75,26.5055
Punjab,42101,Patiala,30.33,76.47,1996,2025,5,MAY,WS10M,wind_speed_ms,3.2937,0.299,2.69,3.84,30,3.29,2.0627
Punjab,42101,Patiala,30.33,76.47,1996,2025,6,JUN,ALLSKY_SFC_SW_DWN,solar_kwh_m2_day,23.73,1.5301,20.03,27.52,30,23.73,16.4133
Punjab,42101,Patiala,30.33,76.47,1996,2025,6,JUN,PRECTOTCORR,rainfall_mm,3.3467,2.0772,0.73,9.94,30,3.35,5.8545
Punjab,42101,Patiala,30.33,76.47,1996,2025,6,JUN,RH2M,humidity_pct,35.9113,9.3881,20.48,60.74,30,35.91,73.0009
Punjab,42101,Patiala,30.33,76.47,1996,2025,6,JUN,T2M,temp_mean_c,35.3287,1.5475,32.16,38.15,30,35.33,30.3209
Punjab,42101,Patiala,30.33,76.47,1996,2025,6,JUN,T2M_MAX,temp_max_c,46.1947,1.9716,41.79,49.68,30,49.68,34.8536
Punjab,42101,Patiala,30.33,76.47,1996,2025,6,JUN,T2M_MIN,temp_min_c,24.9337,1.8781,20.03,27.95,30,20.03,26.5055
Punjab,42101,Patiala,30.33,76.47,1996,2025,6,JUN,WS10M,wind_speed_ms,3.073,0.3588,2.34,4.06,30,3.07,2.0627
Punjab,42101,Patiala,30.33,76.47,1996,2025,7,JUL,ALLSKY_SFC_SW_DWN,solar_kwh_m2_day,19.8407,1.4994,16.63,23.56,30,19.84,16.4133
Punjab,42101,Patiala,30.33,76.47,1996,2025,7,JUL,PRECTOTCORR,rainfall_mm,6.4593,3.3722,1.52,14.87,30,6.46,5.8545
Punjab,42101,Patiala,30.33,76.47,1996,2025,7,JUL,RH2M,humidity_pct,59.7507,11.7024,31.39,79.6,30,59.75,73.0009
Punjab,42101,Patiala,30.33,76.47,1996,2025,7,JUL,T2M,temp_mean_c,32.6697,1.8521,29.7,37.03,30,32.67,30.3209
Punjab,42101,Patiala,30.33,76.47,1996,2025,7,JUL,T2M_MAX,temp_max_c,42.5863,2.5844,37.03,47.84,30,47.84,34.8536
Punjab,42101,Patiala,30.33,76.47,1996,2025,7,JUL,T2M_MIN,temp_min_c,25.7193,1.1234,23.88,28.46,30,23.88,26.5055
Punjab,42101,Patiala,30.33,76.47,1996,2025,7,JUL,WS10M,wind_speed_ms,2.665,0.2702,2.14,3.25,30,2.67,2.0627
Punjab,42101,Patiala,30.33,76.47,1996,2025,8,AUG,ALLSKY_SFC_SW_DWN,solar_kwh_m2_day,19.3637,1.3882,15.5,22.27,30,19.36,16.4133
Punjab,42101,Patiala,30.33,76.47,1996,2025,8,AUG,PRECTOTCORR,rainfall_mm,5.9273,2.6954,1.63,11.02,30,5.93,5.8545
Punjab,42101,Patiala,30.33,76.47,1996,2025,8,AUG,RH2M,humidity_pct,69.4933,10.83,44.49,84.28,30,69.49,73.0009
Punjab,42101,Patiala,30.33,76.47,1996,2025,8,AUG,T2M,temp_mean_c,30.485,1.5277,28.35,33.61,30,30.48,30.3209
Punjab,42101,Patiala,30.33,76.47,1996,2025,8,AUG,T2M_MAX,temp_max_c,38.208,2.7247,34.21,43.86,30,43.86,34.8536
Punjab,42101,Patiala,30.33,76.47,1996,2025,8,AUG,T2M_MIN,temp_min_c,24.2587,0.9227,21.92,25.75,30,21.92,26.5055
Punjab,42101,Patiala,30.33,76.47,1996,2025,8,AUG,WS10M,wind_speed_ms,2.3497,0.2398,1.93,2.78,30,2.35,2.0627
Punjab,42101,Patiala,30.33,76.47,1996,2025,9,SEP,ALLSKY_SFC_SW_DWN,solar_kwh_m2_day,19.3497,1.3648,16.66,22.23,30,19.35,16.4133
Punjab,42101,Patiala,30.33,76.47,1996,2025,9,SEP,PRECTOTCORR,rainfall_mm,3.958,2.505,0.39,9.33,30,3.96,5.8545
Punjab,42101,Patiala,30.33,76.47,1996,2025,9,SEP,RH2M,humidity_pct,65.191,11.1753,44.19,81.95,30,65.19,73.0009
Punjab,42101,Patiala,30.33,76.47,1996,2025,9,SEP,T2M,temp_mean_c,28.645,1.2544,26.82,31.6,30,28.64,30.3209
Punjab,42101,Patiala,30.33,76.47,1996,2025,9,SEP,T2M_MAX,temp_max_c,36.7747,2.2976,33.22,41.4,30,41.4,34.8536
Punjab,42101,Patiala,30.33,76.47,1996,2025,9,SEP,T2M_MIN,temp_min_c,20.488,1.3033,18.4,22.89,30,18.4,26.5055
Punjab,42101,Patiala,30.33,76.47,1996,2025,9,SEP,WS10M,wind_speed_ms,2.1857,0.2561,1.77,2.82,30,2.19,2.0627
Punjab,42101,Patiala,30.33,76.47,1996,2025,10,OCT,ALLSKY_SFC_SW_DWN,solar_kwh_m2_day,18.375,1.0386,15.61,20.02,30,18.38,16.4133
Punjab,42101,Patiala,30.33,76.47,1996,2025,10,OCT,PRECTOTCORR,rainfall_mm,0.4477,0.5157,0,1.64,30,0.45,5.8545
Punjab,42101,Patiala,30.33,76.47,1996,2025,10,OCT,RH2M,humidity_pct,48.8337,12.5821,27.92,71.8,30,48.83,73.0009
Punjab,42101,Patiala,30.33,76.47,1996,2025,10,OCT,T2M,temp_mean_c,24.9477,1.0457,23.02,26.85,30,24.95,30.3209
Punjab,42101,Patiala,30.33,76.47,1996,2025,10,OCT,T2M_MAX,temp_max_c,35.2973,2.0616,31.93,38.41,30,38.41,34.8536
Punjab,42101,Patiala,30.33,76.47,1996,2025,10,OCT,T2M_MIN,temp_min_c,15.0407,1.2121,13.18,18.04,30,13.18,26.5055
Punjab,42101,Patiala,30.33,76.47,1996,2025,10,OCT,WS10M,wind_speed_ms,2.2897,0.2493,1.86,2.72,30,2.29,2.0627
Punjab,42101,Patiala,30.33,76.47,1996,2025,11,NOV,ALLSKY_SFC_SW_DWN,solar_kwh_m2_day,14.6453,0.8643,12.08,15.71,30,14.65,16.4133
Punjab,42101,Patiala,30.33,76.47,1996,2025,11,NOV,PRECTOTCORR,rainfall_mm,0.1627,0.2534,0,1.17,30,0.16,5.8545
Punjab,42101,Patiala,30.33,76.47,1996,2025,11,NOV,RH2M,humidity_pct,41.888,11.2134,19.56,63.19,30,41.89,73.0009
Punjab,42101,Patiala,30.33,76.47,1996,2025,11,NOV,T2M,temp_mean_c,19.5407,1.0061,17.4,21.27,30,19.54,30.3209
Punjab,42101,Patiala,30.33,76.47,1996,2025,11,NOV,T2M_MAX,temp_max_c,31.2523,1.6904,28.17,35.87,30,35.87,34.8536
Punjab,42101,Patiala,30.33,76.47,1996,2025,11,NOV,T2M_MIN,temp_min_c,9.4333,1.2136,7.15,12.14,30,7.15,26.5055
Punjab,42101,Patiala,30.33,76.47,1996,2025,11,NOV,WS10M,wind_speed_ms,2.6077,0.2612,2.19,3.17,30,2.61,2.0627
Punjab,42101,Patiala,30.33,76.47,1996,2025,12,DEC,ALLSKY_SFC_SW_DWN,solar_kwh_m2_day,11.9377,0.9098,9.37,13.4,30,11.94,16.4133
Punjab,42101,Patiala,30.33,76.47,1996,2025,12,DEC,PRECTOTCORR,rainfall_mm,0.298,0.3184,0,1.08,30,0.3,5.8545
Punjab,42101,Patiala,30.33,76.47,1996,2025,12,DEC,RH2M,humidity_pct,42.2007,10.6677,18.16,58.16,30,42.2,73.0009
Punjab,42101,Patiala,30.33,76.47,1996,2025,12,DEC,T2M,temp_mean_c,14.6043,1.1153,12.07,16.41,30,14.6,30.3209
Punjab,42101,Patiala,30.33,76.47,1996,2025,12,DEC,T2M_MAX,temp_max_c,26.8877,1.4194,24.54,30.41,30,30.41,34.8536
Punjab,42101,Patiala,30.33,76.47,1996,2025,12,DEC,T2M_MIN,temp_min_c,4.557,1.7348,0.38,7.29,30,0.38,26.5055
Punjab,42101,Patiala,30.33,76.47,1996,2025,12,DEC,WS10M,wind_speed_ms,2.7297,0.2887,2.14,3.24,30,2.73,2.0627
Punjab,99916,Sirsa,29.53333333,75.01666667,1996,2025,0,ANNUAL,ALLSKY_SFC_SW_DWN,solar_kwh_m2_day,17.8467,0.5979,16.69,18.96,30,,17.0478
Punjab,99916,Sirsa,29.53333333,75.01666667,1996,2025,0,ANNUAL,PRECTOTCORR,rainfall_mm,1.2133,0.3472,0.46,1.97,30,,8.3473
Punjab,99916,Sirsa,29.53333333,75.01666667,1996,2025,0,ANNUAL,RH2M,humidity_pct,38.754,5.3696,27.71,48.33,30,,68.1609
Punjab,99916,Sirsa,29.53333333,75.01666667,1996,2025,0,ANNUAL,T2M,temp_mean_c,26.3243,0.6905,25.17,27.82,30,,31.7064
Punjab,99916,Sirsa,29.53333333,75.01666667,1996,2025,0,ANNUAL,T2M_MAX,temp_max_c,47.222,1.1029,44.87,49.12,30,,36.6409
Punjab,99916,Sirsa,29.53333333,75.01666667,1996,2025,0,ANNUAL,T2M_MIN,temp_min_c,2.3927,1.3779,0.47,5.85,30,,27.4745
Punjab,99916,Sirsa,29.53333333,75.01666667,1996,2025,0,ANNUAL,WS10M,wind_speed_ms,2.751,0.1363,2.59,3.11,30,,2.92
Punjab,99916,Sirsa,29.53333333,75.01666667,1996,2025,1,JAN,ALLSKY_SFC_SW_DWN,solar_kwh_m2_day,10.6957,1.6571,6.2,13.33,30,10.7,17.0478
Punjab,99916,Sirsa,29.53333333,75.01666667,1996,2025,1,JAN,PRECTOTCORR,rainfall_mm,0.41,0.424,0.01,2.01,30,0.41,8.3473
Punjab,99916,Sirsa,29.53333333,75.01666667,1996,2025,1,JAN,RH2M,humidity_pct,40.8077,8.6627,27.14,62.01,30,40.81,68.1609
Punjab,99916,Sirsa,29.53333333,75.01666667,1996,2025,1,JAN,T2M,temp_mean_c,13.4247,0.9066,11.51,15.02,30,13.42,31.7064
Punjab,99916,Sirsa,29.53333333,75.01666667,1996,2025,1,JAN,T2M_MAX,temp_max_c,26.049,1.6082,23.74,29.47,30,29.47,36.6409
Punjab,99916,Sirsa,29.53333333,75.01666667,1996,2025,1,JAN,T2M_MIN,temp_min_c,2.852,1.5497,0.54,5.85,30,0.54,27.4745
Punjab,99916,Sirsa,29.53333333,75.01666667,1996,2025,1,JAN,WS10M,wind_speed_ms,2.402,0.2245,1.96,2.93,30,2.4,2.92
Punjab,99916,Sirsa,29.53333333,75.01666667,1996,2025,2,FEB,ALLSKY_SFC_SW_DWN,solar_kwh_m2_day,15.574,1.0928,13.17,17.46,30,15.57,17.0478
Punjab,99916,Sirsa,29.53333333,75.01666667,1996,2025,2,FEB,PRECTOTCORR,rainfall_mm,0.5597,0.6953,0,2.71,30,0.56,8.3473
Punjab,99916,Sirsa,29.53333333,75.01666667,1996,2025,2,FEB,RH2M,humidity_pct,38.8543,9.883,22.88,58.56,30,38.85,68.1609
Punjab,99916,Sirsa,29.53333333,75.01666667,1996,2025,2,FEB,T2M,temp_mean_c,17.0967,1.5662,14.63,21.72,30,17.1,31.7064
Punjab,99916,Sirsa,29.53333333,75.01666667,1996,2025,2,FEB,T2M_MAX,temp_max_c,31.179,2.2766,26.67,35.14,30,35.14,36.6409
Punjab,99916,Sirsa,29.53333333,75.01666667,1996,2025,2,FEB,T2M_MIN,temp_min_c,4.6013,1.7784,1.54,9.36,30,1.54,27.4745
Punjab,99916,Sirsa,29.53333333,75.01666667,1996,2025,2,FEB,WS10M,wind_speed_ms,2.5827,0.1558,2.25,2.9,30,2.58,2.92
Punjab,99916,Sirsa,29.53333333,75.01666667,1996,2025,3,MAR,ALLSKY_SFC_SW_DWN,solar_kwh_m2_day,20.047,1.0156,17.78,22.01,30,20.05,17.0478
Punjab,99916,Sirsa,29.53333333,75.01666667,1996,2025,3,MAR,PRECTOTCORR,rainfall_mm,0.5273,0.6228,0,2.5,30,0.53,8.3473
Punjab,99916,Sirsa,29.53333333,75.01666667,1996,2025,3,MAR,RH2M,humidity_pct,32.4847,11.4052,16.24,59.4,30,32.48,68.1609
Punjab,99916,Sirsa,29.53333333,75.01666667,1996,2025,3,MAR,T2M,temp_mean_c,23.365,1.6847,20.24,26.79,30,23.37,31.7064
Punjab,99916,Sirsa,29.53333333,75.01666667,1996,2025,3,MAR,T2M_MAX,temp_max_c,38.3517,2.3265,32.22,42.04,30,42.04,36.6409
Punjab,99916,Sirsa,29.53333333,75.01666667,1996,2025,3,MAR,T2M_MIN,temp_min_c,9.8003,2.6613,3.52,14.2,30,3.52,27.4745
Punjab,99916,Sirsa,29.53333333,75.01666667,1996,2025,3,MAR,WS10M,wind_speed_ms,2.6903,0.2083,2.33,3.2,30,2.69,2.92
Punjab,99916,Sirsa,29.53333333,75.01666667,1996,2025,4,APR,ALLSKY_SFC_SW_DWN,solar_kwh_m2_day,23.3963,0.9113,21.74,25.48,30,23.4,17.0478
Punjab,99916,Sirsa,29.53333333,75.01666667,1996,2025,4,APR,PRECTOTCORR,rainfall_mm,0.4093,0.4051,0,1.88,30,0.41,8.3473
Punjab,99916,Sirsa,29.53333333,75.01666667,1996,2025,4,APR,RH2M,humidity_pct,23.809,8.2065,10.25,43.47,30,23.81,68.1609
Punjab,99916,Sirsa,29.53333333,75.01666667,1996,2025,4,APR,T2M,temp_mean_c,30.0053,1.6221,27.24,33.09,30,30.01,31.7064
Punjab,99916,Sirsa,29.53333333,75.01666667,1996,2025,4,APR,T2M_MAX,temp_max_c,43.5347,1.7659,40.21,46.83,30,46.83,36.6409
Punjab,99916,Sirsa,29.53333333,75.01666667,1996,2025,4,APR,T2M_MIN,temp_min_c,15.918,1.948,12.91,19.99,30,12.91,27.4745
Punjab,99916,Sirsa,29.53333333,75.01666667,1996,2025,4,APR,WS10M,wind_speed_ms,2.918,0.2411,2.45,3.59,30,2.92,2.92
Punjab,99916,Sirsa,29.53333333,75.01666667,1996,2025,5,MAY,ALLSKY_SFC_SW_DWN,solar_kwh_m2_day,23.944,1.0921,21.56,26.08,30,23.94,17.0478
Punjab,99916,Sirsa,29.53333333,75.01666667,1996,2025,5,MAY,PRECTOTCORR,rainfall_mm,0.9257,0.6975,0.02,2.74,30,0.93,8.3473
Punjab,99916,Sirsa,29.53333333,75.01666667,1996,2025,5,MAY,RH2M,humidity_pct,23.6603,5.9155,14.47,36.77,30,23.66,68.1609
Punjab,99916,Sirsa,29.53333333,75.01666667,1996,2025,5,MAY,T2M,temp_mean_c,34.747,1.435,31.36,36.8,30,34.75,31.7064
Punjab,99916,Sirsa,29.53333333,75.01666667,1996,2025,5,MAY,T2M_MAX,temp_max_c,46.7277,1.2005,44.38,49.12,30,49.12,36.6409
Punjab,99916,Sirsa,29.53333333,75.01666667,1996,2025,5,MAY,T2M_MIN,temp_min_c,22.0567,2.3302,16.75,26.03,30,16.75,27.4745
Punjab,99916,Sirsa,29.53333333,75.01666667,1996,2025,5,MAY,WS10M,wind_speed_ms,3.3393,0.4663,2.48,4.73,30,3.34,2.92
Punjab,99916,Sirsa,29.53333333,75.01666667,1996,2025,6,JUN,ALLSKY_SFC_SW_DWN,solar_kwh_m2_day,21.7937,1.1707,19.15,24.34,30,21.79,17.0478
Punjab,99916,Sirsa,29.53333333,75.01666667,1996,2025,6,JUN,PRECTOTCORR,rainfall_mm,2.0863,1.1958,0.51,5.08,30,2.09,8.3473
Punjab,99916,Sirsa,29.53333333,75.01666667,1996,2025,6,JUN,RH2M,humidity_pct,35.2967,7.3104,24.05,51.65,30,35.3,68.1609
Punjab,99916,Sirsa,29.53333333,75.01666667,1996,2025,6,JUN,T2M,temp_mean_c,36.1017,1.2143,33.52,38.05,30,36.1,31.7064
Punjab,99916,Sirsa,29.53333333,75.01666667,1996,2025,6,JUN,T2M_MAX,temp_max_c,46.3857,1.3952,42.73,48.59,30,48.59,36.6409
Punjab,99916,Sirsa,29.53333333,75.01666667,1996,2025,6,JUN,T2M_MIN,temp_min_c,25.6573,1.7484,20.37,28.19,30,20.37,27.4745
Punjab,99916,Sirsa,29.53333333,75.01666667,1996,2025,6,JUN,WS10M,wind_speed_ms,3.5587,0.4567,2.87,4.72,30,3.56,2.92
Punjab,99916,Sirsa,29.53333333,75.01666667,1996,2025,7,JUL,ALLSKY_SFC_SW_DWN,solar_kwh_m2_day,19.5587,1.5698,16.11,22.8,30,19.56,17.0478
Punjab,99916,Sirsa,29.53333333,75.01666667,1996,2025,7,JUL,PRECTOTCORR,rainfall_mm,3.691,2.2924,0.25,10.11,30,3.69,8.3473
Punjab,99916,Sirsa,29.53333333,75.01666667,1996,2025,7,JUL,RH2M,humidity_pct,52.933,10.5462,26.09,71.16,30,52.93,68.1609
Punjab,99916,Sirsa,29.53333333,75.01666667,1996,2025,7,JUL,T2M,temp_mean_c,34.197,1.6817,31.45,38.41,30,34.2,31.7064
Punjab,99916,Sirsa,29.53333333,75.01666667,1996,2025,7,JUL,T2M_MAX,temp_max_c,43.901,1.9251,39.89,47.14,30,47.14,36.6409
Punjab,99916,Sirsa,29.53333333,75.01666667,1996,2025,7,JUL,T2M_MIN,temp_min_c,26.6143,1.3282,24.3,30.85,30,24.3,27.4745
Punjab,99916,Sirsa,29.53333333,75.01666667,1996,2025,7,JUL,WS10M,wind_speed_ms,3.205,0.3939,2.58,4.48,30,3.21,2.92
Punjab,99916,Sirsa,29.53333333,75.01666667,1996,2025,8,AUG,ALLSKY_SFC_SW_DWN,solar_kwh_m2_day,19.9953,1.3416,16.46,22.04,30,20,17.0478
Punjab,99916,Sirsa,29.53333333,75.01666667,1996,2025,8,AUG,PRECTOTCORR,rainfall_mm,2.8367,1.7149,0.48,7.09,30,2.84,8.3473
Punjab,99916,Sirsa,29.53333333,75.01666667,1996,2025,8,AUG,RH2M,humidity_pct,58.2487,10.8625,38.3,76.39,30,58.25,68.1609
Punjab,99916,Sirsa,29.53333333,75.01666667,1996,2025,8,AUG,T2M,temp_mean_c,32.497,1.7293,29.5,35.52,30,32.5,31.7064
Punjab,99916,Sirsa,29.53333333,75.01666667,1996,2025,8,AUG,T2M_MAX,temp_max_c,41.097,2.2235,35.92,45.27,30,45.27,36.6409
Punjab,99916,Sirsa,29.53333333,75.01666667,1996,2025,8,AUG,T2M_MIN,temp_min_c,25.4583,1.0979,23.19,27.15,30,23.19,27.4745
Punjab,99916,Sirsa,29.53333333,75.01666667,1996,2025,8,AUG,WS10M,wind_speed_ms,3.0037,0.3796,2.39,4.06,30,3,2.92
Punjab,99916,Sirsa,29.53333333,75.01666667,1996,2025,9,SEP,ALLSKY_SFC_SW_DWN,solar_kwh_m2_day,19.2233,1.1754,16.33,21.24,30,19.22,17.0478
Punjab,99916,Sirsa,29.53333333,75.01666667,1996,2025,9,SEP,PRECTOTCORR,rainfall_mm,2.3353,1.6736,0.22,6.79,30,2.34,8.3473
Punjab,99916,Sirsa,29.53333333,75.01666667,1996,2025,9,SEP,RH2M,humidity_pct,54.149,11.4352,29.75,74.04,30,54.15,68.1609
Punjab,99916,Sirsa,29.53333333,75.01666667,1996,2025,9,SEP,T2M,temp_mean_c,30.6613,1.456,28.36,34.54,30,30.66,31.7064
Punjab,99916,Sirsa,29.53333333,75.01666667,1996,2025,9,SEP,T2M_MAX,temp_max_c,40.2233,2.2856,35.95,44.41,30,44.41,36.6409
Punjab,99916,Sirsa,29.53333333,75.01666667,1996,2025,9,SEP,T2M_MIN,temp_min_c,21.506,1.3786,19.04,25.3,30,19.04,27.4745
Punjab,99916,Sirsa,29.53333333,75.01666667,1996,2025,9,SEP,WS10M,wind_speed_ms,2.61,0.3279,1.91,3.11,30,2.61,2.92
Punjab,99916,Sirsa,29.53333333,75.01666667,1996,2025,10,OCT,ALLSKY_SFC_SW_DWN,solar_kwh_m2_day,16.5527,0.909,14.63,17.75,30,16.55,17.0478
Punjab,99916,Sirsa,29.53333333,75.01666667,1996,2025,10,OCT,PRECTOTCORR,rainfall_mm,0.4297,0.7723,0,3.46,30,0.43,8.3473
Punjab,99916,Sirsa,29.53333333,75.01666667,1996,2025,10,OCT,RH2M,humidity_pct,38.168,12.0043,16.16,56.59,30,38.17,68.1609
Punjab,99916,Sirsa,29.53333333,75.01666667,1996,2025,10,OCT,T2M,temp_mean_c,26.7967,1.2439,24.37,28.95,30,26.8,31.7064
Punjab,99916,Sirsa,29.53333333,75.01666667,1996,2025,10,OCT,T2M_MAX,temp_max_c,38.2227,1.6604,34.91,41.26,30,41.26,36.6409
Punjab,99916,Sirsa,29.53333333,75.01666667,1996,2025,10,OCT,T2M_MIN,temp_min_c,15.7953,1.3929,12.56,19.25,30,12.56,27.4745
Punjab,99916,Sirsa,29.53333333,75.01666667,1996,2025,10,OCT,WS10M,wind_speed_ms,2.1283,0.204,1.65,2.61,30,2.13,2.92
Punjab,99916,Sirsa,29.53333333,75.01666667,1996,2025,11,NOV,ALLSKY_SFC_SW_DWN,solar_kwh_m2_day,12.643,1.1828,9.93,14.41,30,12.64,17.0478
Punjab,99916,Sirsa,29.53333333,75.01666667,1996,2025,11,NOV,PRECTOTCORR,rainfall_mm,0.121,0.248,0,1.1,30,0.12,8.3473
Punjab,99916,Sirsa,29.53333333,75.01666667,1996,2025,11,NOV,RH2M,humidity_pct,32.428,9.5923,16.86,57.88,30,32.43,68.1609
Punjab,99916,Sirsa,29.53333333,75.01666667,1996,2025,11,NOV,T2M,temp_mean_c,20.9317,1.0565,19.21,23.17,30,20.93,31.7064
Punjab,99916,Sirsa,29.53333333,75.01666667,1996,2025,11,NOV,T2M_MAX,temp_max_c,33.3933,1.7523,30.76,37.8,30,37.8,36.6409
Punjab,99916,Sirsa,29.53333333,75.01666667,1996,2025,11,NOV,T2M_MIN,temp_min_c,10.1177,1.5348,6.65,13.2,30,6.65,27.4745
Punjab,99916,Sirsa,29.53333333,75.01666667,1996,2025,11,NOV,WS10M,wind_speed_ms,2.2567,0.2035,1.93,2.63,30,2.26,2.92
Punjab,99916,Sirsa,29.53333333,75.01666667,1996,2025,12,DEC,ALLSKY_SFC_SW_DWN,solar_kwh_m2_day,10.7047,0.9441,7.6,12.24,30,10.7,17.0478
Punjab,99916,Sirsa,29.53333333,75.01666667,1996,2025,12,DEC,PRECTOTCORR,rainfall_mm,0.166,0.2188,0,0.73,30,0.17,8.3473
Punjab,99916,Sirsa,29.53333333,75.01666667,1996,2025,12,DEC,RH2M,humidity_pct,33.933,9.3884,17.4,55.47,30,33.93,68.1609
Punjab,99916,Sirsa,29.53333333,75.01666667,1996,2025,12,DEC,T2M,temp_mean_c,15.6493,1.2114,12.95,17.87,30,15.65,31.7064
Punjab,99916,Sirsa,29.53333333,75.01666667,1996,2025,12,DEC,T2M_MAX,temp_max_c,28.1523,1.6466,25.16,31.96,30,31.96,36.6409
Punjab,99916,Sirsa,29.53333333,75.01666667,1996,2025,12,DEC,T2M_MIN,temp_min_c,4.7133,1.6959,0.47,7.18,30,0.47,27.4745
Punjab,99916,Sirsa,29.53333333,75.01666667,1996,2025,12,DEC,WS10M,wind_speed_ms,2.3057,0.2196,1.95,2.95,30,2.31,2.92
Punjab,42123,Sriganganagar,29.92,73.92,1996,2025,0,ANNUAL,ALLSKY_SFC_SW_DWN,solar_kwh_m2_day,18.4823,0.4984,17.45,19.37,30,,19.6644
Punjab,42123,Sriganganagar,29.92,73.92,1996,2025,0,ANNUAL,PRECTOTCORR,rainfall_mm,0.868,0.4245,0.27,2.31,30,,4.6891
Punjab,42123,Sriganganagar,29.92,73.92,1996,2025,0,ANNUAL,RH2M,humidity_pct,34.9097,5.2725,25.9,46.59,30,,57.6991
Punjab,42123,Sriganganagar,29.92,73.92,1996,2025,0,ANNUAL,T2M,temp_mean_c,27.0093,0.6756,25.64,28.35,30,,33.6655
Punjab,42123,Sriganganagar,29.92,73.92,1996,2025,0,ANNUAL,T2M_MAX,temp_max_c,47.9677,1.1089,45.15,49.88,30,,39.0118
Punjab,42123,Sriganganagar,29.92,73.92,1996,2025,0,ANNUAL,T2M_MIN,temp_min_c,2.518,1.4754,0.26,5.38,30,,29.0073
Punjab,42123,Sriganganagar,29.92,73.92,1996,2025,0,ANNUAL,WS10M,wind_speed_ms,2.6917,0.1371,2.52,3.12,30,,2.8573
Punjab,42123,Sriganganagar,29.92,73.92,1996,2025,1,JAN,ALLSKY_SFC_SW_DWN,solar_kwh_m2_day,11.352,1.3513,7.07,13.33,30,11.35,19.6644
Punjab,42123,Sriganganagar,29.92,73.92,1996,2025,1,JAN,PRECTOTCORR,rainfall_mm,0.328,0.3872,0,1.66,30,0.33,4.6891
Punjab,42123,Sriganganagar,29.92,73.92,1996,2025,1,JAN,RH2M,humidity_pct,38.8157,8.6924,25.97,58.38,30,38.82,57.6991
Punjab,42123,Sriganganagar,29.92,73.92,1996,2025,1,JAN,T2M,temp_mean_c,13.6607,0.8996,11.72,15.11,30,13.66,33.6655
Punjab,42123,Sriganganagar,29.92,73.92,1996,2025,1,JAN,T2M_MAX,temp_max_c,25.9383,1.5606,23.48,28.7,30,28.7,39.0118
Punjab,42123,Sriganganagar,29.92,73.92,1996,2025,1,JAN,T2M_MIN,temp_min_c,3.0903,1.5961,0.26,5.38,30,0.26,29.0073
Punjab,42123,Sriganganagar,29.92,73.92,1996,2025,1,JAN,WS10M,wind_speed_ms,2.1897,0.2097,1.71,2.68,30,2.19,2.8573
Punjab,42123,Sriganganagar,29.92,73.92,1996,2025,2,FEB,ALLSKY_SFC_SW_DWN,solar_kwh_m2_day,15.9093,0.8618,13.93,17.46,30,15.91,19.6644
Punjab,42123,Sriganganagar,29.92,73.92,1996,2025,2,FEB,PRECTOTCORR,rainfall_mm,0.4163,0.5179,0,2.09,30,0.42,4.6891
Punjab,42123,Sriganganagar,29.92,73.92,1996,2025,2,FEB,RH2M,humidity_pct,37.5337,9.3873,21.48,56.8,30,37.53,57.6991
Punjab,42123,Sriganganagar,29.92,73.92,1996,2025,2,FEB,T2M,temp_mean_c,17.214,1.5875,14.51,21.63,30,17.21,33.6655
Punjab,42123,Sriganganagar,29.92,73.92,1996,2025,2,FEB,T2M_MAX,temp_max_c,31.2423,2.3426,26.26,35.06,30,35.06,39.0118
Punjab,42123,Sriganganagar,29.92,73.92,1996,2025,2,FEB,T2M_MIN,temp_min_c,4.6837,1.8912,0.29,9.85,30,0.29,29.0073
Punjab,42123,Sriganganagar,29.92,73.92,1996,2025,2,FEB,WS10M,wind_speed_ms,2.4603,0.166,2.13,2.88,30,2.46,2.8573
Punjab,42123,Sriganganagar,29.92,73.92,1996,2025,3,MAR,ALLSKY_SFC_SW_DWN,solar_kwh_m2_day,20.1723,1.116,17.83,22.18,30,20.17,19.6644
Punjab,42123,Sriganganagar,29.92,73.92,1996,2025,3,MAR,PRECTOTCORR,rainfall_mm,0.4977,0.7768,0,3.84,30,0.5,4.6891
Punjab,42123,Sriganganagar,29.92,73.92,1996,2025,3,MAR,RH2M,humidity_pct,31.5357,11.2027,15,61.37,30,31.54,57.6991
Punjab,42123,Sriganganagar,29.92,73.92,1996,2025,3,MAR,T2M,temp_mean_c,23.492,1.692,20.16,26.83,30,23.49,33.6655
Punjab,42123,Sriganganagar,29.92,73.92,1996,2025,3,MAR,T2M_MAX,temp_max_c,38.5023,2.3011,31.71,42.29,30,42.29,39.0118
Punjab,42123,Sriganganagar,29.92,73.92,1996,2025,3,MAR,T2M_MIN,temp_min_c,10.067,2.5923,4.32,13.97,30,4.32,29.0073
Punjab,42123,Sriganganagar,29.92,73.92,1996,2025,3,MAR,WS10M,wind_speed_ms,2.6037,0.1773,2.27,3.05,30,2.6,2.8573
Punjab,42123,Sriganganagar,29.92,73.92,1996,2025,4,APR,ALLSKY_SFC_SW_DWN,solar_kwh_m2_day,23.6717,0.9635,22.03,25.72,30,23.67,19.6644
Punjab,42123,Sriganganagar,29.92,73.92,1996,2025,4,APR,PRECTOTCORR,rainfall_mm,0.3153,0.2865,0,0.96,30,0.32,4.6891
Punjab,42123,Sriganganagar,29.92,73.92,1996,2025,4,APR,RH2M,humidity_pct,23.9157,8.7779,9.83,50.81,30,23.92,57.6991
Punjab,42123,Sriganganagar,29.92,73.92,1996,2025,4,APR,T2M,temp_mean_c,30.1343,1.7315,26.65,33.42,30,30.13,33.6655
Punjab,42123,Sriganganagar,29.92,73.92,1996,2025,4,APR,T2M_MAX,temp_max_c,43.976,1.8767,39.98,46.91,30,46.91,39.0118
Punjab,42123,Sriganganagar,29.92,73.92,1996,2025,4,APR,T2M_MIN,temp_min_c,15.803,2.0647,12.25,20.74,30,12.25,29.0073
Punjab,42123,Sriganganagar,29.92,73.92,1996,2025,4,APR,WS10M,wind_speed_ms,2.841,0.2089,2.48,3.43,30,2.84,2.8573
Punjab,42123,Sriganganagar,29.92,73.92,1996,2025,5,MAY,ALLSKY_SFC_SW_DWN,solar_kwh_m2_day,24.41,1.0495,22.22,26.61,30,24.41,19.6644
Punjab,42123,Sriganganagar,29.92,73.92,1996,2025,5,MAY,PRECTOTCORR,rainfall_mm,0.5633,0.6562,0.02,3.37,30,0.56,4.6891
Punjab,42123,Sriganganagar,29.92,73.92,1996,2025,5,MAY,RH2M,humidity_pct,21.7717,5.2308,12.36,36.55,30,21.77,57.6991
Punjab,42123,Sriganganagar,29.92,73.92,1996,2025,5,MAY,T2M,temp_mean_c,35.227,1.5415,31.68,37.81,30,35.23,33.6655
Punjab,42123,Sriganganagar,29.92,73.92,1996,2025,5,MAY,T2M_MAX,temp_max_c,47.3277,1.3356,44.44,49.88,30,49.88,39.0118
Punjab,42123,Sriganganagar,29.92,73.92,1996,2025,5,MAY,T2M_MIN,temp_min_c,22.2017,2.559,15.16,26.16,30,15.16,29.0073
Punjab,42123,Sriganganagar,29.92,73.92,1996,2025,5,MAY,WS10M,wind_speed_ms,3.1763,0.4738,2.41,4.71,30,3.18,2.8573
Punjab,42123,Sriganganagar,29.92,73.92,1996,2025,6,JUN,ALLSKY_SFC_SW_DWN,solar_kwh_m2_day,22.7713,1.2647,19.81,24.75,30,22.77,19.6644
Punjab,42123,Sriganganagar,29.92,73.92,1996,2025,6,JUN,PRECTOTCORR,rainfall_mm,1.4893,0.9889,0.28,3.71,30,1.49,4.6891
Punjab,42123,Sriganganagar,29.92,73.92,1996,2025,6,JUN,RH2M,humidity_pct,31.4737,7.0174,21.87,50.57,30,31.47,57.6991
Punjab,42123,Sriganganagar,29.92,73.92,1996,2025,6,JUN,T2M,temp_mean_c,37.034,1.2038,33.73,39.1,30,37.03,33.6655
Punjab,42123,Sriganganagar,29.92,73.92,1996,2025,6,JUN,T2M_MAX,temp_max_c,47.3167,1.2452,44.38,49.59,30,49.59,39.0118
Punjab,42123,Sriganganagar,29.92,73.92,1996,2025,6,JUN,T2M_MIN,temp_min_c,26.546,1.9056,20.43,30.09,30,20.43,29.0073
Punjab,42123,Sriganganagar,29.92,73.92,1996,2025,6,JUN,WS10M,wind_speed_ms,3.5063,0.4254,2.87,4.47,30,3.51,2.8573
Punjab,42123,Sriganganagar,29.92,73.92,1996,2025,7,JUL,ALLSKY_SFC_SW_DWN,solar_kwh_m2_day,20.992,1.2378,17.71,22.57,30,20.99,19.6644
Punjab,42123,Sriganganagar,29.92,73.92,1996,2025,7,JUL,PRECTOTCORR,rainfall_mm,2.6567,2.3765,0.12,11.85,30,2.66,4.6891
Punjab,42123,Sriganganagar,29.92,73.92,1996,2025,7,JUL,RH2M,humidity_pct,45.5007,9.9499,24.71,70.39,30,45.5,57.6991
Punjab,42123,Sriganganagar,29.92,73.92,1996,2025,7,JUL,T2M,temp_mean_c,35.8193,1.6289,31.78,38.88,30,35.82,33.6655
Punjab,42123,Sriganganagar,29.92,73.92,1996,2025,7,JUL,T2M_MAX,temp_max_c,45.374,1.5666,41.81,48.53,30,48.53,39.0118
Punjab,42123,Sriganganagar,29.92,73.92,1996,2025,7,JUL,T2M_MIN,temp_min_c,27.632,1.2928,25.11,31.21,30,25.11,29.0073
Punjab,42123,Sriganganagar,29.92,73.92,1996,2025,7,JUL,WS10M,wind_speed_ms,3.2943,0.3652,2.83,4.34,30,3.29,2.8573
Punjab,42123,Sriganganagar,29.92,73.92,1996,2025,8,AUG,ALLSKY_SFC_SW_DWN,solar_kwh_m2_day,21.0577,1.2847,18.19,22.98,30,21.06,19.6644
Punjab,42123,Sriganganagar,29.92,73.92,1996,2025,8,AUG,PRECTOTCORR,rainfall_mm,1.8027,1.4158,0.22,5.34,30,1.8,4.6891
Punjab,42123,Sriganganagar,29.92,73.92,1996,2025,8,AUG,RH2M,humidity_pct,48.8867,11.1624,32.14,76.57,30,48.89,57.6991
Punjab,42123,Sriganganagar,29.92,73.92,1996,2025,8,AUG,T2M,temp_mean_c,34.325,1.814,29.73,37.06,30,34.33,33.6655
Punjab,42123,Sriganganagar,29.92,73.92,1996,2025,8,AUG,T2M_MAX,temp_max_c,42.8623,2.1184,36.51,45.7,30,45.7,39.0118
Punjab,42123,Sriganganagar,29.92,73.92,1996,2025,8,AUG,T2M_MIN,temp_min_c,26.3703,1.2867,23.64,28.65,30,23.64,29.0073
Punjab,42123,Sriganganagar,29.92,73.92,1996,2025,8,AUG,WS10M,wind_speed_ms,3.163,0.3493,2.49,4.08,30,3.16,2.8573
Punjab,42123,Sriganganagar,29.92,73.92,1996,2025,9,SEP,ALLSKY_SFC_SW_DWN,solar_kwh_m2_day,20.174,0.9583,17.59,21.64,30,20.17,19.6644
Punjab,42123,Sriganganagar,29.92,73.92,1996,2025,9,SEP,PRECTOTCORR,rainfall_mm,1.4947,1.4101,0.12,5.11,30,1.49,4.6891
Punjab,42123,Sriganganagar,29.92,73.92,1996,2025,9,SEP,RH2M,humidity_pct,45.769,11.2711,26.89,67.07,30,45.77,57.6991
Punjab,42123,Sriganganagar,29.92,73.92,1996,2025,9,SEP,T2M,temp_mean_c,32.0673,1.4848,29.42,35.23,30,32.07,33.6655
Punjab,42123,Sriganganagar,29.92,73.92,1996,2025,9,SEP,T2M_MAX,temp_max_c,41.7027,2.1563,36.13,45.58,30,45.58,39.0118
Punjab,42123,Sriganganagar,29.92,73.92,1996,2025,9,SEP,T2M_MIN,temp_min_c,22.524,1.4819,19.76,25.71,30,19.76,29.0073
Punjab,42123,Sriganganagar,29.92,73.92,1996,2025,9,SEP,WS10M,wind_speed_ms,2.6673,0.3587,1.87,3.36,30,2.67,2.8573
Punjab,42123,Sriganganagar,29.92,73.92,1996,2025,10,OCT,ALLSKY_SFC_SW_DWN,solar_kwh_m2_day,17.0783,0.8698,14.72,18.4,30,17.08,19.6644
Punjab,42123,Sriganganagar,29.92,73.92,1996,2025,10,OCT,PRECTOTCORR,rainfall_mm,0.244,0.3782,0,1.29,30,0.24,4.6891
Punjab,42123,Sriganganagar,29.92,73.92,1996,2025,10,OCT,RH2M,humidity_pct,32.38,10.6478,13.61,48.97,30,32.38,57.6991
Punjab,42123,Sriganganagar,29.92,73.92,1996,2025,10,OCT,T2M,temp_mean_c,27.578,1.2221,25.24,29.77,30,27.58,33.6655
Punjab,42123,Sriganganagar,29.92,73.92,1996,2025,10,OCT,T2M_MAX,temp_max_c,39.355,1.5059,36.69,41.81,30,41.81,39.0118
Punjab,42123,Sriganganagar,29.92,73.92,1996,2025,10,OCT,T2M_MIN,temp_min_c,16.1543,1.4595,13.67,20.32,30,13.67,29.0073
Punjab,42123,Sriganganagar,29.92,73.92,1996,2025,10,OCT,WS10M,wind_speed_ms,2.102,0.2113,1.69,2.48,30,2.1,2.8573
Punjab,42123,Sriganganagar,29.92,73.92,1996,2025,11,NOV,ALLSKY_SFC_SW_DWN,solar_kwh_m2_day,12.9867,1.0729,10.09,14.7,30,12.99,19.6644
Punjab,42123,Sriganganagar,29.92,73.92,1996,2025,11,NOV,PRECTOTCORR,rainfall_mm,0.4497,2.0756,0,11.41,30,0.45,4.6891
Punjab,42123,Sriganganagar,29.92,73.92,1996,2025,11,NOV,RH2M,humidity_pct,29.244,8.709,16.29,51.27,30,29.24,57.6991
Punjab,42123,Sriganganagar,29.92,73.92,1996,2025,11,NOV,T2M,temp_mean_c,21.2607,1.0653,19.03,23.42,30,21.26,33.6655
Punjab,42123,Sriganganagar,29.92,73.92,1996,2025,11,NOV,T2M_MAX,temp_max_c,33.98,1.6589,31.27,37.17,30,37.17,39.0118
Punjab,42123,Sriganganagar,29.92,73.92,1996,2025,11,NOV,T2M_MIN,temp_min_c,10.1217,1.7477,5.7,13.24,30,5.7,29.0073
Punjab,42123,Sriganganagar,29.92,73.92,1996,2025,11,NOV,WS10M,wind_speed_ms,2.1437,0.1893,1.86,2.59,30,2.14,2.8573
Punjab,42123,Sriganganagar,29.92,73.92,1996,2025,12,DEC,ALLSKY_SFC_SW_DWN,solar_kwh_m2_day,11.1713,0.7552,8.51,12.62,30,11.17,19.6644
Punjab,42123,Sriganganagar,29.92,73.92,1996,2025,12,DEC,PRECTOTCORR,rainfall_mm,0.1267,0.1581,0,0.51,30,0.13,4.6891
Punjab,42123,Sriganganagar,29.92,73.92,1996,2025,12,DEC,RH2M,humidity_pct,32.039,9.2471,16.84,55.48,30,32.04,57.6991
Punjab,42123,Sriganganagar,29.92,73.92,1996,2025,12,DEC,T2M,temp_mean_c,15.8447,1.2535,13.76,18.44,30,15.84,33.6655
Punjab,42123,Sriganganagar,29.92,73.92,1996,2025,12,DEC,T2M_MAX,temp_max_c,28.174,1.6517,24.66,31.93,30,31.93,39.0118
Punjab,42123,Sriganganagar,29.92,73.92,1996,2025,12,DEC,T2M_MIN,temp_min_c,4.8757,1.8802,0.76,7.84,30,0.76,29.0073
Punjab,42123,Sriganganagar,29.92,73.92,1996,2025,12,DEC,WS10M,wind_speed_ms,2.1397,0.1924,1.83,2.59,30,2.14,2.8573
Uttar Pradesh,42259,Agra (MO TAJ),27.167,78.033,1996,2025,0,ANNUAL,ALLSKY_SFC_SW_DWN,solar_kwh_m2_day,17.573,0.6965,16.31,18.73,30,,13.1356
Uttar Pradesh,42259,Agra (MO TAJ),27.167,78.033,1996,2025,0,ANNUAL,PRECTOTCORR,rainfall_mm,1.821,0.502,1.04,2.94,30,,13.6045
Uttar Pradesh,42259,Agra (MO TAJ),27.167,78.033,1996,2025,0,ANNUAL,RH2M,humidity_pct,44.9927,5.6008,33.62,55.41,30,,85.0736
Uttar Pradesh,42259,Agra (MO TAJ),27.167,78.033,1996,2025,0,ANNUAL,T2M,temp_mean_c,26.4157,0.6447,25.08,27.56,30,,29.1336
Uttar Pradesh,42259,Agra (MO TAJ),27.167,78.033,1996,2025,0,ANNUAL,T2M_MAX,temp_max_c,47.6437,1.0618,45.28,49.56,30,,32.5364
Uttar Pradesh,42259,Agra (MO TAJ),27.167,78.033,1996,2025,0,ANNUAL,T2M_MIN,temp_min_c,2.8867,1.3184,0.03,5.03,30,,26.5282
Uttar Pradesh,42259,Agra (MO TAJ),27.167,78.033,1996,2025,0,ANNUAL,WS10M,wind_speed_ms,2.8763,0.1461,2.64,3.19,30,,2.9645
Uttar Pradesh,42259,Agra (MO TAJ),27.167,78.033,1996,2025,1,JAN,ALLSKY_SFC_SW_DWN,solar_kwh_m2_day,10.9963,2.0368,6.96,14.95,30,11,13.1356
Uttar Pradesh,42259,Agra (MO TAJ),27.167,78.033,1996,2025,1,JAN,PRECTOTCORR,rainfall_mm,0.447,0.4721,0,1.84,30,0.45,13.6045
Uttar Pradesh,42259,Agra (MO TAJ),27.167,78.033,1996,2025,1,JAN,RH2M,humidity_pct,42.6973,10.6638,26.34,64.42,30,42.7,85.0736
Uttar Pradesh,42259,Agra (MO TAJ),27.167,78.033,1996,2025,1,JAN,T2M,temp_mean_c,14.815,1.0625,12.78,16.89,30,14.82,29.1336
Uttar Pradesh,42259,Agra (MO TAJ),27.167,78.033,1996,2025,1,JAN,T2M_MAX,temp_max_c,28.112,2.1685,23.95,32.35,30,32.35,32.5364
Uttar Pradesh,42259,Agra (MO TAJ),27.167,78.033,1996,2025,1,JAN,T2M_MIN,temp_min_c,3.3183,1.4144,0.03,6.3,30,0.03,26.5282
Uttar Pradesh,42259,Agra (MO TAJ),27.167,78.033,1996,2025,1,JAN,WS10M,wind_speed_ms,2.4497,0.2511,1.86,2.97,30,2.45,2.9645
Uttar Pradesh,42259,Agra (MO TAJ),27.167,78.033,1996,2025,2,FEB,ALLSKY_SFC_SW_DWN,solar_kwh_m2_day,16.275,1.2867,13.06,18.44,30,16.28,13.1356
Uttar Pradesh,42259,Agra (MO TAJ),27.167,78.033,1996,2025,2,FEB,PRECTOTCORR,rainfall_mm,0.399,0.5917,0,1.97,30,0.4,13.6045
Uttar Pradesh,42259,Agra (MO TAJ),27.167,78.033,1996,2025,2,FEB,RH2M,humidity_pct,36.7627,9.5835,19.62,54.35,30,36.76,85.0736
Uttar Pradesh,42259,Agra (MO TAJ),27.167,78.033,1996,2025,2,FEB,T2M,temp_mean_c,18.7563,1.4958,16.33,23.41,30,18.76,29.1336
Uttar Pradesh,42259,Agra (MO TAJ),27.167,78.033,1996,2025,2,FEB,T2M_MAX,temp_max_c,33.491,2.0956,28.01,37.22,30,37.22,32.5364
Uttar Pradesh,42259,Agra (MO TAJ),27.167,78.033,1996,2025,2,FEB,T2M_MIN,temp_min_c,5.7913,1.7714,1.37,10.54,30,1.37,26.5282
Uttar Pradesh,42259,Agra (MO TAJ),27.167,78.033,1996,2025,2,FEB,WS10M,wind_speed_ms,2.752,0.2092,2.38,3.21,30,2.75,2.9645
Uttar Pradesh,42259,Agra (MO TAJ),27.167,78.033,1996,2025,3,MAR,ALLSKY_SFC_SW_DWN,solar_kwh_m2_day,20.7397,1.0395,17.88,22.95,30,20.74,13.1356
Uttar Pradesh,42259,Agra (MO TAJ),27.167,78.033,1996,2025,3,MAR,PRECTOTCORR,rainfall_mm,0.313,0.508,0,2.49,30,0.31,13.6045
Uttar Pradesh,42259,Agra (MO TAJ),27.167,78.033,1996,2025,3,MAR,RH2M,humidity_pct,28.016,9.237,15.8,46.48,30,28.02,85.0736
Uttar Pradesh,42259,Agra (MO TAJ),27.167,78.033,1996,2025,3,MAR,T2M,temp_mean_c,25.1343,1.4885,22.14,27.46,30,25.13,29.1336
Uttar Pradesh,42259,Agra (MO TAJ),27.167,78.033,1996,2025,3,MAR,T2M_MAX,temp_max_c,40.12,2.3955,35.11,43.55,30,43.55,32.5364
Uttar Pradesh,42259,Agra (MO TAJ),27.167,78.033,1996,2025,3,MAR,T2M_MIN,temp_min_c,10.713,2.2764,6.48,14.81,30,6.48,26.5282
Uttar Pradesh,42259,Agra (MO TAJ),27.167,78.033,1996,2025,3,MAR,WS10M,wind_speed_ms,2.949,0.2893,2.3,3.49,30,2.95,2.9645
Uttar Pradesh,42259,Agra (MO TAJ),27.167,78.033,1996,2025,4,APR,ALLSKY_SFC_SW_DWN,solar_kwh_m2_day,23.844,0.7551,22.33,25.08,30,23.84,13.1356
Uttar Pradesh,42259,Agra (MO TAJ),27.167,78.033,1996,2025,4,APR,PRECTOTCORR,rainfall_mm,0.241,0.2838,0,1.19,30,0.24,13.6045
Uttar Pradesh,42259,Agra (MO TAJ),27.167,78.033,1996,2025,4,APR,RH2M,humidity_pct,19.7533,6.5988,8.73,39.83,30,19.75,85.0736
Uttar Pradesh,42259,Agra (MO TAJ),27.167,78.033,1996,2025,4,APR,T2M,temp_mean_c,31.734,1.3529,28.78,34.37,30,31.73,29.1336
Uttar Pradesh,42259,Agra (MO TAJ),27.167,78.033,1996,2025,4,APR,T2M_MAX,temp_max_c,44.6623,1.3661,41.19,47.25,30,47.25,32.5364
Uttar Pradesh,42259,Agra (MO TAJ),27.167,78.033,1996,2025,4,APR,T2M_MIN,temp_min_c,17.5377,1.7299,12.74,21.2,30,12.74,26.5282
Uttar Pradesh,42259,Agra (MO TAJ),27.167,78.033,1996,2025,4,APR,WS10M,wind_speed_ms,3.1443,0.3148,2.67,4,30,3.14,2.9645
Uttar Pradesh,42259,Agra (MO TAJ),27.167,78.033,1996,2025,5,MAY,ALLSKY_SFC_SW_DWN,solar_kwh_m2_day,23.8967,1.201,21.13,26.4,30,23.9,13.1356
Uttar Pradesh,42259,Agra (MO TAJ),27.167,78.033,1996,2025,5,MAY,PRECTOTCORR,rainfall_mm,0.7143,0.5896,0.03,2.51,30,0.71,13.6045
Uttar Pradesh,42259,Agra (MO TAJ),27.167,78.033,1996,2025,5,MAY,RH2M,humidity_pct,22.291,5.0182,14.35,34.71,30,22.29,85.0736
Uttar Pradesh,42259,Agra (MO TAJ),27.167,78.033,1996,2025,5,MAY,T2M,temp_mean_c,35.8967,1.1781,32.9,37.37,30,35.9,29.1336
Uttar Pradesh,42259,Agra (MO TAJ),27.167,78.033,1996,2025,5,MAY,T2M_MAX,temp_max_c,47.0453,1.3234,42.83,49.56,30,49.56,32.5364
Uttar Pradesh,42259,Agra (MO TAJ),27.167,78.033,1996,2025,5,MAY,T2M_MIN,temp_min_c,23.812,2.1509,18.71,27.02,30,18.71,26.5282
Uttar Pradesh,42259,Agra (MO TAJ),27.167,78.033,1996,2025,5,MAY,WS10M,wind_speed_ms,3.5153,0.4257,2.58,4.47,30,3.52,2.9645
Uttar Pradesh,42259,Agra (MO TAJ),27.167,78.033,1996,2025,6,JUN,ALLSKY_SFC_SW_DWN,solar_kwh_m2_day,21.45,1.3397,17.93,24.45,30,21.45,13.1356
Uttar Pradesh,42259,Agra (MO TAJ),27.167,78.033,1996,2025,6,JUN,PRECTOTCORR,rainfall_mm,2.3973,1.6539,0.54,6.92,30,2.4,13.6045
Uttar Pradesh,42259,Agra (MO TAJ),27.167,78.033,1996,2025,6,JUN,RH2M,humidity_pct,36.329,7.9622,22.51,54.67,30,36.33,85.0736
Uttar Pradesh,42259,Agra (MO TAJ),27.167,78.033,1996,2025,6,JUN,T2M,temp_mean_c,36.3817,1.498,33.22,38.86,30,36.38,29.1336
Uttar Pradesh,42259,Agra (MO TAJ),27.167,78.033,1996,2025,6,JUN,T2M_MAX,temp_max_c,46.6933,1.5846,43.18,49.01,30,49.01,32.5364
Uttar Pradesh,42259,Agra (MO TAJ),27.167,78.033,1996,2025,6,JUN,T2M_MIN,temp_min_c,26.9117,1.348,24.03,29.45,30,24.03,26.5282
Uttar Pradesh,42259,Agra (MO TAJ),27.167,78.033,1996,2025,6,JUN,WS10M,wind_speed_ms,3.7173,0.5903,2.81,5.03,30,3.72,2.9645
Uttar Pradesh,42259,Agra (MO TAJ),27.167,78.033,1996,2025,7,JUL,ALLSKY_SFC_SW_DWN,solar_kwh_m2_day,17.55,1.297,15.62,20.44,30,17.55,13.1356
Uttar Pradesh,42259,Agra (MO TAJ),27.167,78.033,1996,2025,7,JUL,PRECTOTCORR,rainfall_mm,6.4367,2.7837,0.37,13.72,30,6.44,13.6045
Uttar Pradesh,42259,Agra (MO TAJ),27.167,78.033,1996,2025,7,JUL,RH2M,humidity_pct,64.214,11.2266,29.4,83.88,30,64.21,85.0736
Uttar Pradesh,42259,Agra (MO TAJ),27.167,78.033,1996,2025,7,JUL,T2M,temp_mean_c,32.1897,1.8633,29.08,38.41,30,32.19,29.1336
Uttar Pradesh,42259,Agra (MO TAJ),27.167,78.033,1996,2025,7,JUL,T2M_MAX,temp_max_c,41.7673,2.8649,34.63,46.07,30,46.07,32.5364
Uttar Pradesh,42259,Agra (MO TAJ),27.167,78.033,1996,2025,7,JUL,T2M_MIN,temp_min_c,25.899,1.162,24.34,30.24,30,24.34,26.5282
Uttar Pradesh,42259,Agra (MO TAJ),27.167,78.033,1996,2025,7,JUL,WS10M,wind_speed_ms,3.3733,0.5274,2.26,5.12,30,3.37,2.9645
Uttar Pradesh,42259,Agra (MO TAJ),27.167,78.033,1996,2025,8,AUG,ALLSKY_SFC_SW_DWN,solar_kwh_m2_day,17.2717,1.593,14.8,20.31,30,17.27,13.1356
Uttar Pradesh,42259,Agra (MO TAJ),27.167,78.033,1996,2025,8,AUG,PRECTOTCORR,rainfall_mm,5.8637,2.1936,1.63,11.41,30,5.86,13.6045
Uttar Pradesh,42259,Agra (MO TAJ),27.167,78.033,1996,2025,8,AUG,RH2M,humidity_pct,75.8973,8.3104,61.2,87.02,30,75.9,85.0736
Uttar Pradesh,42259,Agra (MO TAJ),27.167,78.033,1996,2025,8,AUG,T2M,temp_mean_c,29.782,1.2177,28.28,32.53,30,29.78,29.1336
Uttar Pradesh,42259,Agra (MO TAJ),27.167,78.033,1996,2025,8,AUG,T2M_MAX,temp_max_c,36.953,2.7779,33.41,43.12,30,43.12,32.5364
Uttar Pradesh,42259,Agra (MO TAJ),27.167,78.033,1996,2025,8,AUG,T2M_MIN,temp_min_c,24.4517,0.7737,23.02,26.25,30,23.02,26.5282
Uttar Pradesh,42259,Agra (MO TAJ),27.167,78.033,1996,2025,8,AUG,WS10M,wind_speed_ms,3.12,0.4676,2.34,4.33,30,3.12,2.9645
Uttar Pradesh,42259,Agra (MO TAJ),27.167,78.033,1996,2025,9,SEP,ALLSKY_SFC_SW_DWN,solar_kwh_m2_day,17.6647,1.8007,14.15,20.48,30,17.66,13.1356
Uttar Pradesh,42259,Agra (MO TAJ),27.167,78.033,1996,2025,9,SEP,PRECTOTCORR,rainfall_mm,3.752,2.1266,0.76,9.12,30,3.75,13.6045
Uttar Pradesh,42259,Agra (MO TAJ),27.167,78.033,1996,2025,9,SEP,RH2M,humidity_pct,71.737,11.3022,46.64,86.44,30,71.74,85.0736
Uttar Pradesh,42259,Agra (MO TAJ),27.167,78.033,1996,2025,9,SEP,T2M,temp_mean_c,28.7763,1.3439,26.65,31.55,30,28.78,29.1336
Uttar Pradesh,42259,Agra (MO TAJ),27.167,78.033,1996,2025,9,SEP,T2M_MAX,temp_max_c,36.7123,2.6234,32.79,41.02,30,41.02,32.5364
Uttar Pradesh,42259,Agra (MO TAJ),27.167,78.033,1996,2025,9,SEP,T2M_MIN,temp_min_c,20.973,1.5464,17.48,23.42,30,17.48,26.5282
Uttar Pradesh,42259,Agra (MO TAJ),27.167,78.033,1996,2025,9,SEP,WS10M,wind_speed_ms,2.7717,0.4076,2.03,3.7,30,2.77,2.9645
Uttar Pradesh,42259,Agra (MO TAJ),27.167,78.033,1996,2025,10,OCT,ALLSKY_SFC_SW_DWN,solar_kwh_m2_day,16.8597,0.9965,14.67,18.47,30,16.86,13.1356
Uttar Pradesh,42259,Agra (MO TAJ),27.167,78.033,1996,2025,10,OCT,PRECTOTCORR,rainfall_mm,0.8003,1.1196,0,4.01,30,0.8,13.6045
Uttar Pradesh,42259,Agra (MO TAJ),27.167,78.033,1996,2025,10,OCT,RH2M,humidity_pct,54.9947,13.1901,32.66,76.43,30,54.99,85.0736
Uttar Pradesh,42259,Agra (MO TAJ),27.167,78.033,1996,2025,10,OCT,T2M,temp_mean_c,25.9367,1.3217,23.72,28.52,30,25.94,29.1336
Uttar Pradesh,42259,Agra (MO TAJ),27.167,78.033,1996,2025,10,OCT,T2M_MAX,temp_max_c,36.005,2.4698,31.44,40.42,30,40.42,32.5364
Uttar Pradesh,42259,Agra (MO TAJ),27.167,78.033,1996,2025,10,OCT,T2M_MIN,temp_min_c,15.5373,1.4849,11.7,18.51,30,11.7,26.5282
Uttar Pradesh,42259,Agra (MO TAJ),27.167,78.033,1996,2025,10,OCT,WS10M,wind_speed_ms,2.2283,0.1894,1.77,2.61,30,2.23,2.9645
Uttar Pradesh,42259,Agra (MO TAJ),27.167,78.033,1996,2025,11,NOV,ALLSKY_SFC_SW_DWN,solar_kwh_m2_day,13.3243,1.3001,10.98,16.55,30,13.32,13.1356
Uttar Pradesh,42259,Agra (MO TAJ),27.167,78.033,1996,2025,11,NOV,PRECTOTCORR,rainfall_mm,0.1337,0.3285,0,1.6,30,0.13,13.6045
Uttar Pradesh,42259,Agra (MO TAJ),27.167,78.033,1996,2025,11,NOV,RH2M,humidity_pct,44.3853,12.333,22.18,66.47,30,44.39,85.0736
Uttar Pradesh,42259,Agra (MO TAJ),27.167,78.033,1996,2025,11,NOV,T2M,temp_mean_c,20.999,1.3039,17.79,22.83,30,21,29.1336
Uttar Pradesh,42259,Agra (MO TAJ),27.167,78.033,1996,2025,11,NOV,T2M_MAX,temp_max_c,32.684,1.9383,29.02,38.78,30,38.78,32.5364
Uttar Pradesh,42259,Agra (MO TAJ),27.167,78.033,1996,2025,11,NOV,T2M_MIN,temp_min_c,9.534,1.4821,7.11,13.58,30,7.11,26.5282
Uttar Pradesh,42259,Agra (MO TAJ),27.167,78.033,1996,2025,11,NOV,WS10M,wind_speed_ms,2.2243,0.2151,1.79,2.67,30,2.22,2.9645
Uttar Pradesh,42259,Agra (MO TAJ),27.167,78.033,1996,2025,12,DEC,ALLSKY_SFC_SW_DWN,solar_kwh_m2_day,11.0857,1.1523,8.09,13.81,30,11.09,13.1356
Uttar Pradesh,42259,Agra (MO TAJ),27.167,78.033,1996,2025,12,DEC,PRECTOTCORR,rainfall_mm,0.2097,0.3544,0,1.67,30,0.21,13.6045
Uttar Pradesh,42259,Agra (MO TAJ),27.167,78.033,1996,2025,12,DEC,RH2M,humidity_pct,41.8853,11.3803,21.54,59.84,30,41.89,85.0736
Uttar Pradesh,42259,Agra (MO TAJ),27.167,78.033,1996,2025,12,DEC,T2M,temp_mean_c,16.316,1.1037,14.07,18.37,30,16.32,29.1336
Uttar Pradesh,42259,Agra (MO TAJ),27.167,78.033,1996,2025,12,DEC,T2M_MAX,temp_max_c,28.4503,1.6873,25.18,31.25,30,31.25,32.5364
Uttar Pradesh,42259,Agra (MO TAJ),27.167,78.033,1996,2025,12,DEC,T2M_MIN,temp_min_c,4.7253,1.532,0.81,6.95,30,0.81,26.5282
Uttar Pradesh,42259,Agra (MO TAJ),27.167,78.033,1996,2025,12,DEC,WS10M,wind_speed_ms,2.2707,0.2477,1.77,2.83,30,2.27,2.9645
Uttar Pradesh,42262,Aligarh,27.88,78.06,1996,2025,0,ANNUAL,ALLSKY_SFC_SW_DWN,solar_kwh_m2_day,17.573,0.6965,16.31,18.73,30,,13.1356
Uttar Pradesh,42262,Aligarh,27.88,78.06,1996,2025,0,ANNUAL,PRECTOTCORR,rainfall_mm,2.035,0.4455,1.44,3.33,30,,11.7373
Uttar Pradesh,42262,Aligarh,27.88,78.06,1996,2025,0,ANNUAL,RH2M,humidity_pct,46.8463,5.4333,36.85,55.73,30,,84.8855
Uttar Pradesh,42262,Aligarh,27.88,78.06,1996,2025,0,ANNUAL,T2M,temp_mean_c,25.69,0.5996,24.35,26.76,30,,29.1655
Uttar Pradesh,42262,Aligarh,27.88,78.06,1996,2025,0,ANNUAL,T2M_MAX,temp_max_c,47.2507,1.1944,44.58,48.94,30,,32.6791
Uttar Pradesh,42262,Aligarh,27.88,78.06,1996,2025,0,ANNUAL,T2M_MIN,temp_min_c,2.364,1.3304,-1.03,4.3,30,,26.5245
Uttar Pradesh,42262,Aligarh,27.88,78.06,1996,2025,0,ANNUAL,WS10M,wind_speed_ms,2.9303,0.1349,2.66,3.22,30,,2.99
Uttar Pradesh,42262,Aligarh,27.88,78.06,1996,2025,1,JAN,ALLSKY_SFC_SW_DWN,solar_kwh_m2_day,10.9963,2.0368,6.96,14.95,30,11,13.1356
Uttar Pradesh,42262,Aligarh,27.88,78.06,1996,2025,1,JAN,PRECTOTCORR,rainfall_mm,0.5643,0.5385,0.01,2.2,30,0.56,11.7373
Uttar Pradesh,42262,Aligarh,27.88,78.06,1996,2025,1,JAN,RH2M,humidity_pct,45.3487,10.9042,28.09,72.22,30,45.35,84.8855
Uttar Pradesh,42262,Aligarh,27.88,78.06,1996,2025,1,JAN,T2M,temp_mean_c,13.908,1.0744,11.58,16.1,30,13.91,29.1655
Uttar Pradesh,42262,Aligarh,27.88,78.06,1996,2025,1,JAN,T2M_MAX,temp_max_c,26.7377,2.2084,23.18,31.63,30,31.63,32.6791
Uttar Pradesh,42262,Aligarh,27.88,78.06,1996,2025,1,JAN,T2M_MIN,temp_min_c,2.872,1.4966,-1.03,5.83,30,-1.03,26.5245
Uttar Pradesh,42262,Aligarh,27.88,78.06,1996,2025,1,JAN,WS10M,wind_speed_ms,2.7573,0.3175,2.04,3.37,30,2.76,2.99
Uttar Pradesh,42262,Aligarh,27.88,78.06,1996,2025,2,FEB,ALLSKY_SFC_SW_DWN,solar_kwh_m2_day,16.275,1.2867,13.06,18.44,30,16.28,13.1356
Uttar Pradesh,42262,Aligarh,27.88,78.06,1996,2025,2,FEB,PRECTOTCORR,rainfall_mm,0.576,0.6904,0,2.29,30,0.58,11.7373
Uttar Pradesh,42262,Aligarh,27.88,78.06,1996,2025,2,FEB,RH2M,humidity_pct,40.5007,9.9786,22.96,59.3,30,40.5,84.8855
Uttar Pradesh,42262,Aligarh,27.88,78.06,1996,2025,2,FEB,T2M,temp_mean_c,17.764,1.5236,15.26,22.89,30,17.76,29.1655
Uttar Pradesh,42262,Aligarh,27.88,78.06,1996,2025,2,FEB,T2M_MAX,temp_max_c,31.9093,2.2641,26.11,36.14,30,36.14,32.6791
Uttar Pradesh,42262,Aligarh,27.88,78.06,1996,2025,2,FEB,T2M_MIN,temp_min_c,5.346,1.6827,1.22,9.41,30,1.22,26.5245
Uttar Pradesh,42262,Aligarh,27.88,78.06,1996,2025,2,FEB,WS10M,wind_speed_ms,3.0417,0.2443,2.54,3.64,30,3.04,2.99
Uttar Pradesh,42262,Aligarh,27.88,78.06,1996,2025,3,MAR,ALLSKY_SFC_SW_DWN,solar_kwh_m2_day,20.7397,1.0395,17.88,22.95,30,20.74,13.1356
Uttar Pradesh,42262,Aligarh,27.88,78.06,1996,2025,3,MAR,PRECTOTCORR,rainfall_mm,0.446,0.6216,0,2.47,30,0.45,11.7373
Uttar Pradesh,42262,Aligarh,27.88,78.06,1996,2025,3,MAR,RH2M,humidity_pct,31.2493,9.5908,17.68,51.8,30,31.25,84.8855
Uttar Pradesh,42262,Aligarh,27.88,78.06,1996,2025,3,MAR,T2M,temp_mean_c,24.1103,1.5004,21.26,26.68,30,24.11,29.1655
Uttar Pradesh,42262,Aligarh,27.88,78.06,1996,2025,3,MAR,T2M_MAX,temp_max_c,39.196,2.4027,34.62,42.81,30,42.81,32.6791
Uttar Pradesh,42262,Aligarh,27.88,78.06,1996,2025,3,MAR,T2M_MIN,temp_min_c,9.8687,2.3326,6,14.39,30,6,26.5245
Uttar Pradesh,42262,Aligarh,27.88,78.06,1996,2025,3,MAR,WS10M,wind_speed_ms,3.229,0.3243,2.55,3.93,30,3.23,2.99
Uttar Pradesh,42262,Aligarh,27.88,78.06,1996,2025,4,APR,ALLSKY_SFC_SW_DWN,solar_kwh_m2_day,23.844,0.7551,22.33,25.08,30,23.84,13.1356
Uttar Pradesh,42262,Aligarh,27.88,78.06,1996,2025,4,APR,PRECTOTCORR,rainfall_mm,0.3797,0.4115,0,1.91,30,0.38,11.7373
Uttar Pradesh,42262,Aligarh,27.88,78.06,1996,2025,4,APR,RH2M,humidity_pct,21.7103,7.1115,9,39.96,30,21.71,84.8855
Uttar Pradesh,42262,Aligarh,27.88,78.06,1996,2025,4,APR,T2M,temp_mean_c,30.914,1.4028,28.35,33.55,30,30.91,29.1655
Uttar Pradesh,42262,Aligarh,27.88,78.06,1996,2025,4,APR,T2M_MAX,temp_max_c,44.0653,1.5509,40.7,47.35,30,47.35,32.6791
Uttar Pradesh,42262,Aligarh,27.88,78.06,1996,2025,4,APR,T2M_MIN,temp_min_c,16.7213,1.8687,12.5,20.77,30,12.5,26.5245
Uttar Pradesh,42262,Aligarh,27.88,78.06,1996,2025,4,APR,WS10M,wind_speed_ms,3.3673,0.3419,2.66,4.32,30,3.37,2.99
Uttar Pradesh,42262,Aligarh,27.88,78.06,1996,2025,5,MAY,ALLSKY_SFC_SW_DWN,solar_kwh_m2_day,23.8967,1.201,21.13,26.4,30,23.9,13.1356
Uttar Pradesh,42262,Aligarh,27.88,78.06,1996,2025,5,MAY,PRECTOTCORR,rainfall_mm,0.9523,0.7723,0.02,3.3,30,0.95,11.7373
Uttar Pradesh,42262,Aligarh,27.88,78.06,1996,2025,5,MAY,RH2M,humidity_pct,23.7513,6.1613,14.11,37.27,30,23.75,84.8855
Uttar Pradesh,42262,Aligarh,27.88,78.06,1996,2025,5,MAY,T2M,temp_mean_c,35.078,1.2761,31.64,36.91,30,35.08,29.1655
Uttar Pradesh,42262,Aligarh,27.88,78.06,1996,2025,5,MAY,T2M_MAX,temp_max_c,46.643,1.4237,42.35,48.94,30,48.94,32.6791
Uttar Pradesh,42262,Aligarh,27.88,78.06,1996,2025,5,MAY,T2M_MIN,temp_min_c,22.957,2.1621,18.37,26.41,30,18.37,26.5245
Uttar Pradesh,42262,Aligarh,27.88,78.06,1996,2025,5,MAY,WS10M,wind_speed_ms,3.417,0.4249,2.69,4.37,30,3.42,2.99
Uttar Pradesh,42262,Aligarh,27.88,78.06,1996,2025,6,JUN,ALLSKY_SFC_SW_DWN,solar_kwh_m2_day,21.45,1.3397,17.93,24.45,30,21.45,13.1356
Uttar Pradesh,42262,Aligarh,27.88,78.06,1996,2025,6,JUN,PRECTOTCORR,rainfall_mm,2.833,1.7691,0.28,7.68,30,2.83,11.7373
Uttar Pradesh,42262,Aligarh,27.88,78.06,1996,2025,6,JUN,RH2M,humidity_pct,37.2173,8.9626,22.04,58.01,30,37.22,84.8855
Uttar Pradesh,42262,Aligarh,27.88,78.06,1996,2025,6,JUN,T2M,temp_mean_c,35.8163,1.6299,32.43,38.58,30,35.82,29.1655
Uttar Pradesh,42262,Aligarh,27.88,78.06,1996,2025,6,JUN,T2M_MAX,temp_max_c,46.2853,1.7985,42.17,48.71,30,48.71,32.6791
Uttar Pradesh,42262,Aligarh,27.88,78.06,1996,2025,6,JUN,T2M_MIN,temp_min_c,26.2783,1.5074,22.72,29.31,30,22.72,26.5245
Uttar Pradesh,42262,Aligarh,27.88,78.06,1996,2025,6,JUN,WS10M,wind_speed_ms,3.5263,0.6094,2.72,5,30,3.53,2.99
Uttar Pradesh,42262,Aligarh,27.88,78.06,1996,2025,7,JUL,ALLSKY_SFC_SW_DWN,solar_kwh_m2_day,17.55,1.297,15.62,20.44,30,17.55,13.1356
Uttar Pradesh,42262,Aligarh,27.88,78.06,1996,2025,7,JUL,PRECTOTCORR,rainfall_mm,6.8783,2.6688,0.31,11.54,30,6.88,11.7373
Uttar Pradesh,42262,Aligarh,27.88,78.06,1996,2025,7,JUL,RH2M,humidity_pct,65.5737,10.9122,27.96,80.09,30,65.57,84.8855
Uttar Pradesh,42262,Aligarh,27.88,78.06,1996,2025,7,JUL,T2M,temp_mean_c,31.9277,1.8079,29.59,38.37,30,31.93,29.1655
Uttar Pradesh,42262,Aligarh,27.88,78.06,1996,2025,7,JUL,T2M_MAX,temp_max_c,41.7303,2.6279,36.65,46.66,30,46.66,32.6791
Uttar Pradesh,42262,Aligarh,27.88,78.06,1996,2025,7,JUL,T2M_MIN,temp_min_c,25.677,1.1298,24.11,30.79,30,24.11,26.5245
Uttar Pradesh,42262,Aligarh,27.88,78.06,1996,2025,7,JUL,WS10M,wind_speed_ms,3.1123,0.4622,2.13,4.47,30,3.11,2.99
Uttar Pradesh,42262,Aligarh,27.88,78.06,1996,2025,8,AUG,ALLSKY_SFC_SW_DWN,solar_kwh_m2_day,17.2717,1.593,14.8,20.31,30,17.27,13.1356
Uttar Pradesh,42262,Aligarh,27.88,78.06,1996,2025,8,AUG,PRECTOTCORR,rainfall_mm,6.1293,2.3017,2.23,10.86,30,6.13,11.7373
Uttar Pradesh,42262,Aligarh,27.88,78.06,1996,2025,8,AUG,RH2M,humidity_pct,76.9183,7.5638,64.23,86.13,30,76.92,84.8855
Uttar Pradesh,42262,Aligarh,27.88,78.06,1996,2025,8,AUG,T2M,temp_mean_c,29.569,1.0284,28.22,31.21,30,29.57,29.1655
Uttar Pradesh,42262,Aligarh,27.88,78.06,1996,2025,8,AUG,T2M_MAX,temp_max_c,36.6687,2.6441,33.57,43.15,30,43.15,32.6791
Uttar Pradesh,42262,Aligarh,27.88,78.06,1996,2025,8,AUG,T2M_MIN,temp_min_c,24.178,0.6173,22.54,25.52,30,22.54,26.5245
Uttar Pradesh,42262,Aligarh,27.88,78.06,1996,2025,8,AUG,WS10M,wind_speed_ms,2.8913,0.3935,2.01,3.75,30,2.89,2.99
Uttar Pradesh,42262,Aligarh,27.88,78.06,1996,2025,9,SEP,ALLSKY_SFC_SW_DWN,solar_kwh_m2_day,17.6647,1.8007,14.15,20.48,30,17.66,13.1356
Uttar Pradesh,42262,Aligarh,27.88,78.06,1996,2025,9,SEP,PRECTOTCORR,rainfall_mm,4.3793,2.5206,0.79,9.77,30,4.38,11.7373
Uttar Pradesh,42262,Aligarh,27.88,78.06,1996,2025,9,SEP,RH2M,humidity_pct,72.3863,11.1699,46.46,86.99,30,72.39,84.8855
Uttar Pradesh,42262,Aligarh,27.88,78.06,1996,2025,9,SEP,T2M,temp_mean_c,28.3747,1.266,26.62,31.13,30,28.37,29.1655
Uttar Pradesh,42262,Aligarh,27.88,78.06,1996,2025,9,SEP,T2M_MAX,temp_max_c,36.1747,2.5767,31.98,40,30,40,32.6791
Uttar Pradesh,42262,Aligarh,27.88,78.06,1996,2025,9,SEP,T2M_MIN,temp_min_c,20.444,1.4964,16.65,22.96,30,16.65,26.5245
Uttar Pradesh,42262,Aligarh,27.88,78.06,1996,2025,9,SEP,WS10M,wind_speed_ms,2.6537,0.3464,1.91,3.45,30,2.65,2.99
Uttar Pradesh,42262,Aligarh,27.88,78.06,1996,2025,10,OCT,ALLSKY_SFC_SW_DWN,solar_kwh_m2_day,16.8597,0.9965,14.67,18.47,30,16.86,13.1356
Uttar Pradesh,42262,Aligarh,27.88,78.06,1996,2025,10,OCT,PRECTOTCORR,rainfall_mm,0.8193,1.1271,0,3.33,30,0.82,11.7373
Uttar Pradesh,42262,Aligarh,27.88,78.06,1996,2025,10,OCT,RH2M,humidity_pct,56.4533,13.7515,32.76,75.59,30,56.45,84.8855
Uttar Pradesh,42262,Aligarh,27.88,78.06,1996,2025,10,OCT,T2M,temp_mean_c,25.079,1.3804,22.82,27.69,30,25.08,29.1655
Uttar Pradesh,42262,Aligarh,27.88,78.06,1996,2025,10,OCT,T2M_MAX,temp_max_c,34.847,2.4626,30.93,38.84,30,38.84,32.6791
Uttar Pradesh,42262,Aligarh,27.88,78.06,1996,2025,10,OCT,T2M_MIN,temp_min_c,14.6957,1.7941,10.51,18.38,30,10.51,26.5245
Uttar Pradesh,42262,Aligarh,27.88,78.06,1996,2025,10,OCT,WS10M,wind_speed_ms,2.211,0.2342,1.66,2.73,30,2.21,2.99
Uttar Pradesh,42262,Aligarh,27.88,78.06,1996,2025,11,NOV,ALLSKY_SFC_SW_DWN,solar_kwh_m2_day,13.3243,1.3001,10.98,16.55,30,13.32,13.1356
Uttar Pradesh,42262,Aligarh,27.88,78.06,1996,2025,11,NOV,PRECTOTCORR,rainfall_mm,0.1127,0.2184,0,0.87,30,0.11,11.7373
Uttar Pradesh,42262,Aligarh,27.88,78.06,1996,2025,11,NOV,RH2M,humidity_pct,46.5603,13.0195,23.13,70.96,30,46.56,84.8855
Uttar Pradesh,42262,Aligarh,27.88,78.06,1996,2025,11,NOV,T2M,temp_mean_c,20.049,1.3858,16.78,22.24,30,20.05,29.1655
Uttar Pradesh,42262,Aligarh,27.88,78.06,1996,2025,11,NOV,T2M_MAX,temp_max_c,31.5983,2.1215,26.95,37.89,30,37.89,32.6791
Uttar Pradesh,42262,Aligarh,27.88,78.06,1996,2025,11,NOV,T2M_MIN,temp_min_c,8.8037,1.4922,6.4,11.72,30,6.4,26.5245
Uttar Pradesh,42262,Aligarh,27.88,78.06,1996,2025,11,NOV,WS10M,wind_speed_ms,2.4113,0.3163,1.89,3.16,30,2.41,2.99
Uttar Pradesh,42262,Aligarh,27.88,78.06,1996,2025,12,DEC,ALLSKY_SFC_SW_DWN,solar_kwh_m2_day,11.0857,1.1523,8.09,13.81,30,11.09,13.1356
Uttar Pradesh,42262,Aligarh,27.88,78.06,1996,2025,12,DEC,PRECTOTCORR,rainfall_mm,0.224,0.3608,0,1.45,30,0.22,11.7373
Uttar Pradesh,42262,Aligarh,27.88,78.06,1996,2025,12,DEC,RH2M,humidity_pct,43.6433,11.5243,21.67,64.31,30,43.64,84.8855
Uttar Pradesh,42262,Aligarh,27.88,78.06,1996,2025,12,DEC,T2M,temp_mean_c,15.402,1.1123,13.42,16.88,30,15.4,29.1655
Uttar Pradesh,42262,Aligarh,27.88,78.06,1996,2025,12,DEC,T2M_MAX,temp_max_c,27.6573,1.5524,23.56,30.18,30,30.18,32.6791
Uttar Pradesh,42262,Aligarh,27.88,78.06,1996,2025,12,DEC,T2M_MIN,temp_min_c,4.0777,1.5757,1.03,6.81,30,1.03,26.5245
Uttar Pradesh,42262,Aligarh,27.88,78.06,1996,2025,12,DEC,WS10M,wind_speed_ms,2.5617,0.35,2.07,3.31,30,2.56,2.99
Uttar Pradesh,42374,Ayodhya,26.75,82.08333333,1996,2025,0,ANNUAL,ALLSKY_SFC_SW_DWN,solar_kwh_m2_day,17.0263,0.7281,15.44,18.12,30,,14.9189
Uttar Pradesh,42374,Ayodhya,26.75,82.08333333,1996,2025,0,ANNUAL,PRECTOTCORR,rainfall_mm,2.872,0.7048,1.79,4.76,30,,11.9455
Uttar Pradesh,42374,Ayodhya,26.75,82.08333333,1996,2025,0,ANNUAL,RH2M,humidity_pct,53.8333,5.5077,43.03,62.85,30,,85.31
Uttar Pradesh,42374,Ayodhya,26.75,82.08333333,1996,2025,0,ANNUAL,T2M,temp_mean_c,25.7463,0.5441,24.47,26.88,30,,29.3145
Uttar Pradesh,42374,Ayodhya,26.75,82.08333333,1996,2025,0,ANNUAL,T2M_MAX,temp_max_c,46.4663,1.1778,43.54,48.67,30,,32.95
Uttar Pradesh,42374,Ayodhya,26.75,82.08333333,1996,2025,0,ANNUAL,T2M_MIN,temp_min_c,3.8787,1.0853,1.32,5.82,30,,26.53
Uttar Pradesh,42374,Ayodhya,26.75,82.08333333,1996,2025,0,ANNUAL,WS10M,wind_speed_ms,3.025,0.1211,2.7,3.21,30,,3.6118
Uttar Pradesh,42374,Ayodhya,26.75,82.08333333,1996,2025,1,JAN,ALLSKY_SFC_SW_DWN,solar_kwh_m2_day,10.5227,1.846,6.85,13.65,30,10.52,14.9189
Uttar Pradesh,42374,Ayodhya,26.75,82.08333333,1996,2025,1,JAN,PRECTOTCORR,rainfall_mm,0.545,0.5995,0,2.18,30,0.55,11.9455
Uttar Pradesh,42374,Ayodhya,26.75,82.08333333,1996,2025,1,JAN,RH2M,humidity_pct,51.201,11.4153,31.68,79.38,30,51.2,85.31
Uttar Pradesh,42374,Ayodhya,26.75,82.08333333,1996,2025,1,JAN,T2M,temp_mean_c,14.7847,1.08,12.48,16.86,30,14.78,29.3145
Uttar Pradesh,42374,Ayodhya,26.75,82.08333333,1996,2025,1,JAN,T2M_MAX,temp_max_c,27.013,2.1966,21.62,30.84,30,30.84,32.95
Uttar Pradesh,42374,Ayodhya,26.75,82.08333333,1996,2025,1,JAN,T2M_MIN,temp_min_c,4.326,1.1969,1.32,7.08,30,1.32,26.53
Uttar Pradesh,42374,Ayodhya,26.75,82.08333333,1996,2025,1,JAN,WS10M,wind_speed_ms,2.8187,0.2001,2.33,3.21,30,2.82,3.6118
Uttar Pradesh,42374,Ayodhya,26.75,82.08333333,1996,2025,2,FEB,ALLSKY_SFC_SW_DWN,solar_kwh_m2_day,16.069,1.159,14.16,18.1,30,16.07,14.9189
Uttar Pradesh,42374,Ayodhya,26.75,82.08333333,1996,2025,2,FEB,PRECTOTCORR,rainfall_mm,0.626,0.8522,0,3.55,30,0.63,11.9455
Uttar Pradesh,42374,Ayodhya,26.75,82.08333333,1996,2025,2,FEB,RH2M,humidity_pct,43.446,10.5495,25.23,67.72,30,43.45,85.31
Uttar Pradesh,42374,Ayodhya,26.75,82.08333333,1996,2025,2,FEB,T2M,temp_mean_c,18.86,1.4119,15.63,22.03,30,18.86,29.3145
Uttar Pradesh,42374,Ayodhya,26.75,82.08333333,1996,2025,2,FEB,T2M_MAX,temp_max_c,32.5047,2.19,27.36,37.69,30,37.69,32.95
Uttar Pradesh,42374,Ayodhya,26.75,82.08333333,1996,2025,2,FEB,T2M_MIN,temp_min_c,6.7017,1.5379,4.09,9.48,30,4.09,26.53
Uttar Pradesh,42374,Ayodhya,26.75,82.08333333,1996,2025,2,FEB,WS10M,wind_speed_ms,3.173,0.2828,2.71,3.76,30,3.17,3.6118
Uttar Pradesh,42374,Ayodhya,26.75,82.08333333,1996,2025,3,MAR,ALLSKY_SFC_SW_DWN,solar_kwh_m2_day,20.6507,0.9812,17.87,22.52,30,20.65,14.9189
Uttar Pradesh,42374,Ayodhya,26.75,82.08333333,1996,2025,3,MAR,PRECTOTCORR,rainfall_mm,0.3947,0.573,0,2.41,30,0.39,11.9455
Uttar Pradesh,42374,Ayodhya,26.75,82.08333333,1996,2025,3,MAR,RH2M,humidity_pct,32,10.2166,14.95,57.45,30,32,85.31
Uttar Pradesh,42374,Ayodhya,26.75,82.08333333,1996,2025,3,MAR,T2M,temp_mean_c,25.1217,1.3718,22.26,27.49,30,25.12,29.3145
Uttar Pradesh,42374,Ayodhya,26.75,82.08333333,1996,2025,3,MAR,T2M_MAX,temp_max_c,39.253,1.9693,35.46,42.98,30,42.98,32.95
Uttar Pradesh,42374,Ayodhya,26.75,82.08333333,1996,2025,3,MAR,T2M_MIN,temp_min_c,11.2097,2.1357,7.51,16.15,30,7.51,26.53
Uttar Pradesh,42374,Ayodhya,26.75,82.08333333,1996,2025,3,MAR,WS10M,wind_speed_ms,3.4807,0.3398,2.98,4.48,30,3.48,3.6118
Uttar Pradesh,42374,Ayodhya,26.75,82.08333333,1996,2025,4,APR,ALLSKY_SFC_SW_DWN,solar_kwh_m2_day,23.4173,1.0021,20.65,25.04,30,23.42,14.9189
Uttar Pradesh,42374,Ayodhya,26.75,82.08333333,1996,2025,4,APR,PRECTOTCORR,rainfall_mm,0.385,0.4411,0,1.58,30,0.38,11.9455
Uttar Pradesh,42374,Ayodhya,26.75,82.08333333,1996,2025,4,APR,RH2M,humidity_pct,23.2023,7.4761,9.36,41.79,30,23.2,85.31
Uttar Pradesh,42374,Ayodhya,26.75,82.08333333,1996,2025,4,APR,T2M,temp_mean_c,31.4513,1.2331,29.01,33.92,30,31.45,29.3145
Uttar Pradesh,42374,Ayodhya,26.75,82.08333333,1996,2025,4,APR,T2M_MAX,temp_max_c,43.9477,1.4313,40.86,46.94,30,46.94,32.95
Uttar Pradesh,42374,Ayodhya,26.75,82.08333333,1996,2025,4,APR,T2M_MIN,temp_min_c,18.2387,1.6468,14.92,22.8,30,14.92,26.53
Uttar Pradesh,42374,Ayodhya,26.75,82.08333333,1996,2025,4,APR,WS10M,wind_speed_ms,3.599,0.3978,2.98,4.74,30,3.6,3.6118
Uttar Pradesh,42374,Ayodhya,26.75,82.08333333,1996,2025,5,MAY,ALLSKY_SFC_SW_DWN,solar_kwh_m2_day,23.363,1.5858,17.9,25.23,30,23.36,14.9189
Uttar Pradesh,42374,Ayodhya,26.75,82.08333333,1996,2025,5,MAY,PRECTOTCORR,rainfall_mm,1.4197,1.498,0,8.16,30,1.42,11.9455
Uttar Pradesh,42374,Ayodhya,26.75,82.08333333,1996,2025,5,MAY,RH2M,humidity_pct,28.658,7.323,16.48,46.96,30,28.66,85.31
Uttar Pradesh,42374,Ayodhya,26.75,82.08333333,1996,2025,5,MAY,T2M,temp_mean_c,34.75,1.1963,30.85,36.15,30,34.75,29.3145
Uttar Pradesh,42374,Ayodhya,26.75,82.08333333,1996,2025,5,MAY,T2M_MAX,temp_max_c,45.7803,1.3092,42.2,48.15,30,48.15,32.95
Uttar Pradesh,42374,Ayodhya,26.75,82.08333333,1996,2025,5,MAY,T2M_MIN,temp_min_c,23.681,1.7427,19.76,26.39,30,19.76,26.53
Uttar Pradesh,42374,Ayodhya,26.75,82.08333333,1996,2025,5,MAY,WS10M,wind_speed_ms,3.4237,0.3892,2.86,4.35,30,3.42,3.6118
Uttar Pradesh,42374,Ayodhya,26.75,82.08333333,1996,2025,6,JUN,ALLSKY_SFC_SW_DWN,solar_kwh_m2_day,20.5837,2.4269,15.55,23.86,30,20.58,14.9189
Uttar Pradesh,42374,Ayodhya,26.75,82.08333333,1996,2025,6,JUN,PRECTOTCORR,rainfall_mm,4.6937,3.1754,0.37,12.18,30,4.69,11.9455
Uttar Pradesh,42374,Ayodhya,26.75,82.08333333,1996,2025,6,JUN,RH2M,humidity_pct,44.4883,12.2497,24.48,75.04,30,44.49,85.31
Uttar Pradesh,42374,Ayodhya,26.75,82.08333333,1996,2025,6,JUN,T2M,temp_mean_c,34.92,2.0953,30.01,38.57,30,34.92,29.3145
Uttar Pradesh,42374,Ayodhya,26.75,82.08333333,1996,2025,6,JUN,T2M_MAX,temp_max_c,45.1773,2.3384,38.91,48.67,30,48.67,32.95
Uttar Pradesh,42374,Ayodhya,26.75,82.08333333,1996,2025,6,JUN,T2M_MIN,temp_min_c,26.4167,1.259,23.32,29.1,30,23.32,26.53
Uttar Pradesh,42374,Ayodhya,26.75,82.08333333,1996,2025,6,JUN,WS10M,wind_speed_ms,3.6367,0.4991,2.73,4.69,30,3.64,3.6118
Uttar Pradesh,42374,Ayodhya,26.75,82.08333333,1996,2025,7,JUL,ALLSKY_SFC_SW_DWN,solar_kwh_m2_day,16.6383,1.4623,13.62,19.2,30,16.64,14.9189
Uttar Pradesh,42374,Ayodhya,26.75,82.08333333,1996,2025,7,JUL,PRECTOTCORR,rainfall_mm,10.0023,4.2872,4.43,18.66,30,10,11.9455
Uttar Pradesh,42374,Ayodhya,26.75,82.08333333,1996,2025,7,JUL,RH2M,humidity_pct,74.026,9.9429,44.23,87.53,30,74.03,85.31
Uttar Pradesh,42374,Ayodhya,26.75,82.08333333,1996,2025,7,JUL,T2M,temp_mean_c,30.8357,1.5124,28.57,35.61,30,30.84,29.3145
Uttar Pradesh,42374,Ayodhya,26.75,82.08333333,1996,2025,7,JUL,T2M_MAX,temp_max_c,39.1907,2.9284,33.5,44.21,30,44.21,32.95
Uttar Pradesh,42374,Ayodhya,26.75,82.08333333,1996,2025,7,JUL,T2M_MIN,temp_min_c,25.341,0.727,24.11,27.23,30,24.11,26.53
Uttar Pradesh,42374,Ayodhya,26.75,82.08333333,1996,2025,7,JUL,WS10M,wind_speed_ms,3.5363,0.3673,2.88,4.37,30,3.54,3.6118
Uttar Pradesh,42374,Ayodhya,26.75,82.08333333,1996,2025,8,AUG,ALLSKY_SFC_SW_DWN,solar_kwh_m2_day,16.6323,1.4535,13.63,19.14,30,16.63,14.9189
Uttar Pradesh,42374,Ayodhya,26.75,82.08333333,1996,2025,8,AUG,PRECTOTCORR,rainfall_mm,8.3293,3.4368,3.38,16.28,30,8.33,11.9455
Uttar Pradesh,42374,Ayodhya,26.75,82.08333333,1996,2025,8,AUG,RH2M,humidity_pct,82.1527,5.7079,68.9,89.3,30,82.15,85.31
Uttar Pradesh,42374,Ayodhya,26.75,82.08333333,1996,2025,8,AUG,T2M,temp_mean_c,29.2257,0.7379,28.23,30.89,30,29.23,29.3145
Uttar Pradesh,42374,Ayodhya,26.75,82.08333333,1996,2025,8,AUG,T2M_MAX,temp_max_c,35.414,1.9653,33.18,40.1,30,40.1,32.95
Uttar Pradesh,42374,Ayodhya,26.75,82.08333333,1996,2025,8,AUG,T2M_MIN,temp_min_c,24.5333,0.5705,23.3,25.4,30,23.3,26.53
Uttar Pradesh,42374,Ayodhya,26.75,82.08333333,1996,2025,8,AUG,WS10M,wind_speed_ms,3.1393,0.407,2.53,3.97,30,3.14,3.6118
Uttar Pradesh,42374,Ayodhya,26.75,82.08333333,1996,2025,9,SEP,ALLSKY_SFC_SW_DWN,solar_kwh_m2_day,16.531,1.5093,12.3,19.43,30,16.53,14.9189
Uttar Pradesh,42374,Ayodhya,26.75,82.08333333,1996,2025,9,SEP,PRECTOTCORR,rainfall_mm,5.9733,2.7076,0.89,12.08,30,5.97,11.9455
Uttar Pradesh,42374,Ayodhya,26.75,82.08333333,1996,2025,9,SEP,RH2M,humidity_pct,82.2587,5.8563,68.26,88.29,30,82.26,85.31
Uttar Pradesh,42374,Ayodhya,26.75,82.08333333,1996,2025,9,SEP,T2M,temp_mean_c,27.9273,0.5402,27.02,29.11,30,27.93,29.3145
Uttar Pradesh,42374,Ayodhya,26.75,82.08333333,1996,2025,9,SEP,T2M_MAX,temp_max_c,34.1183,1.5544,32.02,38.73,30,38.73,32.95
Uttar Pradesh,42374,Ayodhya,26.75,82.08333333,1996,2025,9,SEP,T2M_MIN,temp_min_c,21.8027,1.3205,19.38,23.89,30,19.38,26.53
Uttar Pradesh,42374,Ayodhya,26.75,82.08333333,1996,2025,9,SEP,WS10M,wind_speed_ms,2.8027,0.3468,2.16,3.66,30,2.8,3.6118
Uttar Pradesh,42374,Ayodhya,26.75,82.08333333,1996,2025,10,OCT,ALLSKY_SFC_SW_DWN,solar_kwh_m2_day,16.4167,1.1313,13.55,18.17,30,16.42,14.9189
Uttar Pradesh,42374,Ayodhya,26.75,82.08333333,1996,2025,10,OCT,PRECTOTCORR,rainfall_mm,1.543,1.728,0,7.39,30,1.54,11.9455
Uttar Pradesh,42374,Ayodhya,26.75,82.08333333,1996,2025,10,OCT,RH2M,humidity_pct,69.968,9.406,46.39,84.36,30,69.97,85.31
Uttar Pradesh,42374,Ayodhya,26.75,82.08333333,1996,2025,10,OCT,T2M,temp_mean_c,24.9653,1.0633,22.5,27.38,30,24.97,29.3145
Uttar Pradesh,42374,Ayodhya,26.75,82.08333333,1996,2025,10,OCT,T2M_MAX,temp_max_c,33.0317,1.6214,29.99,37.74,30,37.74,32.95
Uttar Pradesh,42374,Ayodhya,26.75,82.08333333,1996,2025,10,OCT,T2M_MIN,temp_min_c,15.3217,1.3442,11.42,17.8,30,11.42,26.53
Uttar Pradesh,42374,Ayodhya,26.75,82.08333333,1996,2025,10,OCT,WS10M,wind_speed_ms,2.083,0.3445,1.58,2.83,30,2.08,3.6118
Uttar Pradesh,42374,Ayodhya,26.75,82.08333333,1996,2025,11,NOV,ALLSKY_SFC_SW_DWN,solar_kwh_m2_day,13.2397,1.0344,11.37,15.63,30,13.24,14.9189
Uttar Pradesh,42374,Ayodhya,26.75,82.08333333,1996,2025,11,NOV,PRECTOTCORR,rainfall_mm,0.0977,0.1948,0,0.83,30,0.1,11.9455
Uttar Pradesh,42374,Ayodhya,26.75,82.08333333,1996,2025,11,NOV,RH2M,humidity_pct,59.008,12.6825,37.89,79.34,30,59.01,85.31
Uttar Pradesh,42374,Ayodhya,26.75,82.08333333,1996,2025,11,NOV,T2M,temp_mean_c,20.163,1.4362,17.23,23.55,30,20.16,29.3145
Uttar Pradesh,42374,Ayodhya,26.75,82.08333333,1996,2025,11,NOV,T2M_MAX,temp_max_c,30.3233,1.884,26.71,33.64,30,33.64,32.95
Uttar Pradesh,42374,Ayodhya,26.75,82.08333333,1996,2025,11,NOV,T2M_MIN,temp_min_c,9.9617,1.5785,7.24,13.96,30,7.24,26.53
Uttar Pradesh,42374,Ayodhya,26.75,82.08333333,1996,2025,11,NOV,WS10M,wind_speed_ms,2.213,0.3427,1.51,2.9,30,2.21,3.6118
Uttar Pradesh,42374,Ayodhya,26.75,82.08333333,1996,2025,12,DEC,ALLSKY_SFC_SW_DWN,solar_kwh_m2_day,10.3463,1.451,7.57,13.38,30,10.35,14.9189
Uttar Pradesh,42374,Ayodhya,26.75,82.08333333,1996,2025,12,DEC,PRECTOTCORR,rainfall_mm,0.238,0.4628,0,2.26,30,0.24,11.9455
Uttar Pradesh,42374,Ayodhya,26.75,82.08333333,1996,2025,12,DEC,RH2M,humidity_pct,54.4983,12.5014,34.77,77.5,30,54.5,85.31
Uttar Pradesh,42374,Ayodhya,26.75,82.08333333,1996,2025,12,DEC,T2M,temp_mean_c,15.722,1.0766,13.12,17.43,30,15.72,29.3145
Uttar Pradesh,42374,Ayodhya,26.75,82.08333333,1996,2025,12,DEC,T2M_MAX,temp_max_c,27.276,1.791,23.81,31.98,30,31.98,32.95
Uttar Pradesh,42374,Ayodhya,26.75,82.08333333,1996,2025,12,DEC,T2M_MIN,temp_min_c,5.2903,1.4363,1.82,7.7,30,1.82,26.53
Uttar Pradesh,42374,Ayodhya,26.75,82.08333333,1996,2025,12,DEC,WS10M,wind_speed_ms,2.4143,0.3502,1.69,3.25,30,2.41,3.6118
Uttar Pradesh,42381,Azamgarh,26.05,83.21666667,1996,2025,0,ANNUAL,ALLSKY_SFC_SW_DWN,solar_kwh_m2_day,16.9533,0.7779,15.3,18.4,30,,13.6744
Uttar Pradesh,42381,Azamgarh,26.05,83.21666667,1996,2025,0,ANNUAL,PRECTOTCORR,rainfall_mm,2.5137,0.4813,1.71,3.69,30,,10.9109
Uttar Pradesh,42381,Azamgarh,26.05,83.21666667,1996,2025,0,ANNUAL,RH2M,humidity_pct,53.796,4.3499,47.46,64.12,30,,84.9564
Uttar Pradesh,42381,Azamgarh,26.05,83.21666667,1996,2025,0,ANNUAL,T2M,temp_mean_c,26.1013,0.5145,24.75,26.9,30,,29.4173
Uttar Pradesh,42381,Azamgarh,26.05,83.21666667,1996,2025,0,ANNUAL,T2M_MAX,temp_max_c,46.9493,1.2254,43.9,48.83,30,,33.4718
Uttar Pradesh,42381,Azamgarh,26.05,83.21666667,1996,2025,0,ANNUAL,T2M_MIN,temp_min_c,4.0953,1.1623,1.64,6.17,30,,26.6127
Uttar Pradesh,42381,Azamgarh,26.05,83.21666667,1996,2025,0,ANNUAL,WS10M,wind_speed_ms,2.9987,0.117,2.65,3.2,30,,3.22
Uttar Pradesh,42381,Azamgarh,26.05,83.21666667,1996,2025,1,JAN,ALLSKY_SFC_SW_DWN,solar_kwh_m2_day,10.2873,2.0087,6.47,14.27,30,10.29,13.6744
Uttar Pradesh,42381,Azamgarh,26.05,83.21666667,1996,2025,1,JAN,PRECTOTCORR,rainfall_mm,0.3697,0.4239,0,1.46,30,0.37,10.9109
Uttar Pradesh,42381,Azamgarh,26.05,83.21666667,1996,2025,1,JAN,RH2M,humidity_pct,49.3397,11.0783,30.3,79.29,30,49.34,84.9564
Uttar Pradesh,42381,Azamgarh,26.05,83.21666667,1996,2025,1,JAN,T2M,temp_mean_c,15.3907,1.0342,13.04,17.37,30,15.39,29.4173
Uttar Pradesh,42381,Azamgarh,26.05,83.21666667,1996,2025,1,JAN,T2M_MAX,temp_max_c,28.0977,2.0163,23.43,31.72,30,31.72,33.4718
Uttar Pradesh,42381,Azamgarh,26.05,83.21666667,1996,2025,1,JAN,T2M_MIN,temp_min_c,4.5117,1.209,1.64,6.81,30,1.64,26.6127
Uttar Pradesh,42381,Azamgarh,26.05,83.21666667,1996,2025,1,JAN,WS10M,wind_speed_ms,2.691,0.1916,2.27,2.97,30,2.69,3.22
Uttar Pradesh,42381,Azamgarh,26.05,83.21666667,1996,2025,2,FEB,ALLSKY_SFC_SW_DWN,solar_kwh_m2_day,15.988,1.1155,13.7,18.25,30,15.99,13.6744
Uttar Pradesh,42381,Azamgarh,26.05,83.21666667,1996,2025,2,FEB,PRECTOTCORR,rainfall_mm,0.45,0.5525,0,2.05,30,0.45,10.9109
Uttar Pradesh,42381,Azamgarh,26.05,83.21666667,1996,2025,2,FEB,RH2M,humidity_pct,41.189,9.2807,24.5,63.87,30,41.19,84.9564
Uttar Pradesh,42381,Azamgarh,26.05,83.21666667,1996,2025,2,FEB,T2M,temp_mean_c,19.5453,1.4184,16.1,22.62,30,19.55,29.4173
Uttar Pradesh,42381,Azamgarh,26.05,83.21666667,1996,2025,2,FEB,T2M_MAX,temp_max_c,33.6707,2.2291,27.49,38.64,30,38.64,33.4718
Uttar Pradesh,42381,Azamgarh,26.05,83.21666667,1996,2025,2,FEB,T2M_MIN,temp_min_c,6.8793,1.4697,4.31,9.13,30,4.31,26.6127
Uttar Pradesh,42381,Azamgarh,26.05,83.21666667,1996,2025,2,FEB,WS10M,wind_speed_ms,3.046,0.2505,2.63,3.54,30,3.05,3.22
Uttar Pradesh,42381,Azamgarh,26.05,83.21666667,1996,2025,3,MAR,ALLSKY_SFC_SW_DWN,solar_kwh_m2_day,20.6117,0.9578,18.06,22.57,30,20.61,13.6744
Uttar Pradesh,42381,Azamgarh,26.05,83.21666667,1996,2025,3,MAR,PRECTOTCORR,rainfall_mm,0.3017,0.4262,0,1.5,30,0.3,10.9109
Uttar Pradesh,42381,Azamgarh,26.05,83.21666667,1996,2025,3,MAR,RH2M,humidity_pct,28.984,9.1692,14.65,53.38,30,28.98,84.9564
Uttar Pradesh,42381,Azamgarh,26.05,83.21666667,1996,2025,3,MAR,T2M,temp_mean_c,25.9713,1.3755,23.05,28.2,30,25.97,29.4173
Uttar Pradesh,42381,Azamgarh,26.05,83.21666667,1996,2025,3,MAR,T2M_MAX,temp_max_c,40.3277,1.8412,36.28,43.79,30,43.79,33.4718
Uttar Pradesh,42381,Azamgarh,26.05,83.21666667,1996,2025,3,MAR,T2M_MIN,temp_min_c,11.7427,2.1499,8.13,17.21,30,8.13,26.6127
Uttar Pradesh,42381,Azamgarh,26.05,83.21666667,1996,2025,3,MAR,WS10M,wind_speed_ms,3.3463,0.3069,2.83,4.23,30,3.35,3.22
Uttar Pradesh,42381,Azamgarh,26.05,83.21666667,1996,2025,4,APR,ALLSKY_SFC_SW_DWN,solar_kwh_m2_day,23.3027,1.2112,20.13,25.78,30,23.3,13.6744
Uttar Pradesh,42381,Azamgarh,26.05,83.21666667,1996,2025,4,APR,PRECTOTCORR,rainfall_mm,0.363,0.3821,0,1.45,30,0.36,10.9109
Uttar Pradesh,42381,Azamgarh,26.05,83.21666667,1996,2025,4,APR,RH2M,humidity_pct,21.9503,6.8785,8.8,39.32,30,21.95,84.9564
Uttar Pradesh,42381,Azamgarh,26.05,83.21666667,1996,2025,4,APR,T2M,temp_mean_c,32.1293,1.2488,29.85,34.66,30,32.13,29.4173
Uttar Pradesh,42381,Azamgarh,26.05,83.21666667,1996,2025,4,APR,T2M_MAX,temp_max_c,44.474,1.4591,41.36,47.55,30,47.55,33.4718
Uttar Pradesh,42381,Azamgarh,26.05,83.21666667,1996,2025,4,APR,T2M_MIN,temp_min_c,18.9857,1.6587,15.5,21.95,30,15.5,26.6127
Uttar Pradesh,42381,Azamgarh,26.05,83.21666667,1996,2025,4,APR,WS10M,wind_speed_ms,3.4183,0.4255,2.67,4.87,30,3.42,3.22
Uttar Pradesh,42381,Azamgarh,26.05,83.21666667,1996,2025,5,MAY,ALLSKY_SFC_SW_DWN,solar_kwh_m2_day,23.0417,1.7018,17.34,25.32,30,23.04,13.6744
Uttar Pradesh,42381,Azamgarh,26.05,83.21666667,1996,2025,5,MAY,PRECTOTCORR,rainfall_mm,1.09,1.1112,0.02,6.25,30,1.09,10.9109
Uttar Pradesh,42381,Azamgarh,26.05,83.21666667,1996,2025,5,MAY,RH2M,humidity_pct,28.448,6.9673,16.36,45.82,30,28.45,84.9564
Uttar Pradesh,42381,Azamgarh,26.05,83.21666667,1996,2025,5,MAY,T2M,temp_mean_c,35.277,1.1061,31.51,36.75,30,35.28,29.4173
Uttar Pradesh,42381,Azamgarh,26.05,83.21666667,1996,2025,5,MAY,T2M_MAX,temp_max_c,46.3097,1.3662,42.59,48.83,30,48.83,33.4718
Uttar Pradesh,42381,Azamgarh,26.05,83.21666667,1996,2025,5,MAY,T2M_MIN,temp_min_c,24.145,1.5804,20.72,26.68,30,20.72,26.6127
Uttar Pradesh,42381,Azamgarh,26.05,83.21666667,1996,2025,5,MAY,WS10M,wind_speed_ms,3.3757,0.357,2.71,4.29,30,3.38,3.22
Uttar Pradesh,42381,Azamgarh,26.05,83.21666667,1996,2025,6,JUN,ALLSKY_SFC_SW_DWN,solar_kwh_m2_day,20.1877,2.1535,15.29,23.17,30,20.19,13.6744
Uttar Pradesh,42381,Azamgarh,26.05,83.21666667,1996,2025,6,JUN,PRECTOTCORR,rainfall_mm,4.1713,2.9646,0.85,11.81,30,4.17,10.9109
Uttar Pradesh,42381,Azamgarh,26.05,83.21666667,1996,2025,6,JUN,RH2M,humidity_pct,44.4333,11.8811,28.07,73.92,30,44.43,84.9564
Uttar Pradesh,42381,Azamgarh,26.05,83.21666667,1996,2025,6,JUN,T2M,temp_mean_c,35.2207,2.133,30.41,38.2,30,35.22,29.4173
Uttar Pradesh,42381,Azamgarh,26.05,83.21666667,1996,2025,6,JUN,T2M_MAX,temp_max_c,45.6087,2.4147,40.36,48.68,30,48.68,33.4718
Uttar Pradesh,42381,Azamgarh,26.05,83.21666667,1996,2025,6,JUN,T2M_MIN,temp_min_c,26.9037,1.3664,24.48,29.49,30,24.48,26.6127
Uttar Pradesh,42381,Azamgarh,26.05,83.21666667,1996,2025,6,JUN,WS10M,wind_speed_ms,3.7533,0.4743,3.06,4.91,30,3.75,3.22
Uttar Pradesh,42381,Azamgarh,26.05,83.21666667,1996,2025,7,JUL,ALLSKY_SFC_SW_DWN,solar_kwh_m2_day,16.7147,1.6126,13.03,19.46,30,16.72,13.6744
Uttar Pradesh,42381,Azamgarh,26.05,83.21666667,1996,2025,7,JUL,PRECTOTCORR,rainfall_mm,8.6323,2.7369,4.05,15.42,30,8.63,10.9109
Uttar Pradesh,42381,Azamgarh,26.05,83.21666667,1996,2025,7,JUL,RH2M,humidity_pct,75.4283,6.9922,53.54,88.83,30,75.43,84.9564
Uttar Pradesh,42381,Azamgarh,26.05,83.21666667,1996,2025,7,JUL,T2M,temp_mean_c,30.6203,1.1056,28.45,34,30,30.62,29.4173
Uttar Pradesh,42381,Azamgarh,26.05,83.21666667,1996,2025,7,JUL,T2M_MAX,temp_max_c,38.992,2.5429,33.81,43.28,30,43.28,33.4718
Uttar Pradesh,42381,Azamgarh,26.05,83.21666667,1996,2025,7,JUL,T2M_MIN,temp_min_c,25.511,0.5946,24.52,27.05,30,24.52,26.6127
Uttar Pradesh,42381,Azamgarh,26.05,83.21666667,1996,2025,7,JUL,WS10M,wind_speed_ms,3.623,0.3486,2.97,4.28,30,3.62,3.22
Uttar Pradesh,42381,Azamgarh,26.05,83.21666667,1996,2025,8,AUG,ALLSKY_SFC_SW_DWN,solar_kwh_m2_day,16.7143,1.3551,13.53,19.21,30,16.71,13.6744
Uttar Pradesh,42381,Azamgarh,26.05,83.21666667,1996,2025,8,AUG,PRECTOTCORR,rainfall_mm,7.5987,2.5148,4.15,16.17,30,7.6,10.9109
Uttar Pradesh,42381,Azamgarh,26.05,83.21666667,1996,2025,8,AUG,RH2M,humidity_pct,83.7873,3.0001,77.41,88.78,30,83.79,84.9564
Uttar Pradesh,42381,Azamgarh,26.05,83.21666667,1996,2025,8,AUG,T2M,temp_mean_c,29.0267,0.4252,28.25,29.92,30,29.03,29.4173
Uttar Pradesh,42381,Azamgarh,26.05,83.21666667,1996,2025,8,AUG,T2M_MAX,temp_max_c,34.8613,1.3911,32.93,39.04,30,39.04,33.4718
Uttar Pradesh,42381,Azamgarh,26.05,83.21666667,1996,2025,8,AUG,T2M_MIN,temp_min_c,24.6673,0.4467,23.63,25.5,30,23.63,26.6127
Uttar Pradesh,42381,Azamgarh,26.05,83.21666667,1996,2025,8,AUG,WS10M,wind_speed_ms,3.1407,0.4273,2.52,4.08,30,3.14,3.22
Uttar Pradesh,42381,Azamgarh,26.05,83.21666667,1996,2025,9,SEP,ALLSKY_SFC_SW_DWN,solar_kwh_m2_day,16.5487,1.401,12.82,18.89,30,16.55,13.6744
Uttar Pradesh,42381,Azamgarh,26.05,83.21666667,1996,2025,9,SEP,PRECTOTCORR,rainfall_mm,5.2903,2.5435,0.8,13.78,30,5.29,10.9109
Uttar Pradesh,42381,Azamgarh,26.05,83.21666667,1996,2025,9,SEP,RH2M,humidity_pct,83.4503,4.9814,66.62,87.57,30,83.45,84.9564
Uttar Pradesh,42381,Azamgarh,26.05,83.21666667,1996,2025,9,SEP,T2M,temp_mean_c,27.992,0.5824,27.04,29.72,30,27.99,29.4173
Uttar Pradesh,42381,Azamgarh,26.05,83.21666667,1996,2025,9,SEP,T2M_MAX,temp_max_c,33.9647,1.4108,32.25,39.09,30,39.09,33.4718
Uttar Pradesh,42381,Azamgarh,26.05,83.21666667,1996,2025,9,SEP,T2M_MIN,temp_min_c,22.1527,1.3468,20.04,24.23,30,20.04,26.6127
Uttar Pradesh,42381,Azamgarh,26.05,83.21666667,1996,2025,9,SEP,WS10M,wind_speed_ms,2.8753,0.331,2.12,3.41,30,2.88,3.22
Uttar Pradesh,42381,Azamgarh,26.05,83.21666667,1996,2025,10,OCT,ALLSKY_SFC_SW_DWN,solar_kwh_m2_day,16.4033,1.1613,13.35,17.84,30,16.4,13.6744
Uttar Pradesh,42381,Azamgarh,26.05,83.21666667,1996,2025,10,OCT,PRECTOTCORR,rainfall_mm,1.4627,1.4494,0.02,5.02,30,1.46,10.9109
Uttar Pradesh,42381,Azamgarh,26.05,83.21666667,1996,2025,10,OCT,RH2M,humidity_pct,72.433,9.3517,44.86,84.9,30,72.43,84.9564
Uttar Pradesh,42381,Azamgarh,26.05,83.21666667,1996,2025,10,OCT,T2M,temp_mean_c,25.1917,0.9884,23.85,27.89,30,25.19,29.4173
Uttar Pradesh,42381,Azamgarh,26.05,83.21666667,1996,2025,10,OCT,T2M_MAX,temp_max_c,33.3257,1.7689,30.08,38.57,30,38.57,33.4718
Uttar Pradesh,42381,Azamgarh,26.05,83.21666667,1996,2025,10,OCT,T2M_MIN,temp_min_c,15.548,1.5502,11.82,18.47,30,11.82,26.6127
Uttar Pradesh,42381,Azamgarh,26.05,83.21666667,1996,2025,10,OCT,WS10M,wind_speed_ms,2.1703,0.4048,1.53,3.18,30,2.17,3.22
Uttar Pradesh,42381,Azamgarh,26.05,83.21666667,1996,2025,11,NOV,ALLSKY_SFC_SW_DWN,solar_kwh_m2_day,13.4423,1.0669,11.22,16.14,30,13.44,13.6744
Uttar Pradesh,42381,Azamgarh,26.05,83.21666667,1996,2025,11,NOV,PRECTOTCORR,rainfall_mm,0.0653,0.1212,0,0.54,30,0.07,10.9109
Uttar Pradesh,42381,Azamgarh,26.05,83.21666667,1996,2025,11,NOV,RH2M,humidity_pct,60.4603,12.2558,37.96,83.57,30,60.46,84.9564
Uttar Pradesh,42381,Azamgarh,26.05,83.21666667,1996,2025,11,NOV,T2M,temp_mean_c,20.4887,1.5612,17.6,24.35,30,20.49,29.4173
Uttar Pradesh,42381,Azamgarh,26.05,83.21666667,1996,2025,11,NOV,T2M_MAX,temp_max_c,30.6617,2.0632,26.66,33.85,30,33.85,33.4718
Uttar Pradesh,42381,Azamgarh,26.05,83.21666667,1996,2025,11,NOV,T2M_MIN,temp_min_c,10.192,1.5457,7.72,14.51,30,7.72,26.6127
Uttar Pradesh,42381,Azamgarh,26.05,83.21666667,1996,2025,11,NOV,WS10M,wind_speed_ms,2.196,0.3264,1.48,2.89,30,2.2,3.22
Uttar Pradesh,42381,Azamgarh,26.05,83.21666667,1996,2025,12,DEC,ALLSKY_SFC_SW_DWN,solar_kwh_m2_day,10.2943,1.6099,7.66,13.68,30,10.29,13.6744
Uttar Pradesh,42381,Azamgarh,26.05,83.21666667,1996,2025,12,DEC,PRECTOTCORR,rainfall_mm,0.178,0.3607,0,1.7,30,0.18,10.9109
Uttar Pradesh,42381,Azamgarh,26.05,83.21666667,1996,2025,12,DEC,RH2M,humidity_pct,54.3847,12.1733,31.37,81.16,30,54.38,84.9564
Uttar Pradesh,42381,Azamgarh,26.05,83.21666667,1996,2025,12,DEC,T2M,temp_mean_c,16.1657,1.2138,13.38,18.17,30,16.17,29.4173
Uttar Pradesh,42381,Azamgarh,26.05,83.21666667,1996,2025,12,DEC,T2M_MAX,temp_max_c,27.8263,1.9952,24.12,33.07,30,33.07,33.4718
Uttar Pradesh,42381,Azamgarh,26.05,83.21666667,1996,2025,12,DEC,T2M_MIN,temp_min_c,5.5857,1.5505,1.65,7.99,30,1.65,26.6127
Uttar Pradesh,42381,Azamgarh,26.05,83.21666667,1996,2025,12,DEC,WS10M,wind_speed_ms,2.3613,0.3435,1.61,3.23,30,2.36,3.22
Uttar Pradesh,42273,Bahraich,27.57,81.59,1996,2025,0,ANNUAL,ALLSKY_SFC_SW_DWN,solar_kwh_m2_day,17.5163,0.6014,16.22,18.48,30,,17.9944
Uttar Pradesh,42273,Bahraich,27.57,81.59,1996,2025,0,ANNUAL,PRECTOTCORR,rainfall_mm,3.1357,0.9254,1.56,5.54,30,,10.0682
Uttar Pradesh,42273,Bahraich,27.57,81.59,1996,2025,0,ANNUAL,RH2M,humidity_pct,53.2137,6.3058,40.38,63.34,30,,85.4609
Uttar Pradesh,42273,Bahraich,27.57,81.59,1996,2025,0,ANNUAL,T2M,temp_mean_c,25.6547,0.5714,24.51,26.94,30,,29.1773
Uttar Pradesh,42273,Bahraich,27.57,81.59,1996,2025,0,ANNUAL,T2M_MAX,temp_max_c,46.0207,1.309,43.48,48.69,30,,32.6627
Uttar Pradesh,42273,Bahraich,27.57,81.59,1996,2025,0,ANNUAL,T2M_MIN,temp_min_c,3.941,1.1229,0.67,5.99,30,,26.4727
Uttar Pradesh,42273,Bahraich,27.57,81.59,1996,2025,0,ANNUAL,WS10M,wind_speed_ms,2.9333,0.1205,2.64,3.11,30,,3.4955
Uttar Pradesh,42273,Bahraich,27.57,81.59,1996,2025,1,JAN,ALLSKY_SFC_SW_DWN,solar_kwh_m2_day,10.7683,1.7963,7.32,14.18,30,10.77,17.9944
Uttar Pradesh,42273,Bahraich,27.57,81.59,1996,2025,1,JAN,PRECTOTCORR,rainfall_mm,0.598,0.6112,0,1.97,30,0.6,10.0682
Uttar Pradesh,42273,Bahraich,27.57,81.59,1996,2025,1,JAN,RH2M,humidity_pct,50.6627,10.9474,31.75,79.4,30,50.66,85.4609
Uttar Pradesh,42273,Bahraich,27.57,81.59,1996,2025,1,JAN,T2M,temp_mean_c,14.8287,1.0072,12.81,16.43,30,14.83,29.1773
Uttar Pradesh,42273,Bahraich,27.57,81.59,1996,2025,1,JAN,T2M_MAX,temp_max_c,27.042,2.0632,22.09,30.86,30,30.86,32.6627
Uttar Pradesh,42273,Bahraich,27.57,81.59,1996,2025,1,JAN,T2M_MIN,temp_min_c,4.3527,1.2896,0.67,7.36,30,0.67,26.4727
Uttar Pradesh,42273,Bahraich,27.57,81.59,1996,2025,1,JAN,WS10M,wind_speed_ms,2.715,0.1868,2.31,3.11,30,2.71,3.4955
Uttar Pradesh,42273,Bahraich,27.57,81.59,1996,2025,2,FEB,ALLSKY_SFC_SW_DWN,solar_kwh_m2_day,16.126,1.149,13.19,18.13,30,16.13,17.9944
Uttar Pradesh,42273,Bahraich,27.57,81.59,1996,2025,2,FEB,PRECTOTCORR,rainfall_mm,0.7287,0.9571,0,3.47,30,0.73,10.0682
Uttar Pradesh,42273,Bahraich,27.57,81.59,1996,2025,2,FEB,RH2M,humidity_pct,43.132,10.6916,23.98,68.35,30,43.13,85.4609
Uttar Pradesh,42273,Bahraich,27.57,81.59,1996,2025,2,FEB,T2M,temp_mean_c,18.796,1.3187,15.74,21.61,30,18.8,29.1773
Uttar Pradesh,42273,Bahraich,27.57,81.59,1996,2025,2,FEB,T2M_MAX,temp_max_c,32.345,2.0992,27.99,37.5,30,37.5,32.6627
Uttar Pradesh,42273,Bahraich,27.57,81.59,1996,2025,2,FEB,T2M_MIN,temp_min_c,6.829,1.619,3.98,10.87,30,3.98,26.4727
Uttar Pradesh,42273,Bahraich,27.57,81.59,1996,2025,2,FEB,WS10M,wind_speed_ms,3.0927,0.2945,2.59,3.66,30,3.09,3.4955
Uttar Pradesh,42273,Bahraich,27.57,81.59,1996,2025,3,MAR,ALLSKY_SFC_SW_DWN,solar_kwh_m2_day,20.8507,1.0152,18.66,23.25,30,20.85,17.9944
Uttar Pradesh,42273,Bahraich,27.57,81.59,1996,2025,3,MAR,PRECTOTCORR,rainfall_mm,0.5067,0.7289,0,3.14,30,0.51,10.0682
Uttar Pradesh,42273,Bahraich,27.57,81.59,1996,2025,3,MAR,RH2M,humidity_pct,32.3133,11.0357,14,57.37,30,32.31,85.4609
Uttar Pradesh,42273,Bahraich,27.57,81.59,1996,2025,3,MAR,T2M,temp_mean_c,24.839,1.3861,22.02,27.21,30,24.84,29.1773
Uttar Pradesh,42273,Bahraich,27.57,81.59,1996,2025,3,MAR,T2M_MAX,temp_max_c,38.9057,1.9115,35.37,42.25,30,42.25,32.6627
Uttar Pradesh,42273,Bahraich,27.57,81.59,1996,2025,3,MAR,T2M_MIN,temp_min_c,11.0737,2.0838,7.11,14.91,30,7.11,26.4727
Uttar Pradesh,42273,Bahraich,27.57,81.59,1996,2025,3,MAR,WS10M,wind_speed_ms,3.4413,0.3285,2.9,4.43,30,3.44,3.4955
Uttar Pradesh,42273,Bahraich,27.57,81.59,1996,2025,4,APR,ALLSKY_SFC_SW_DWN,solar_kwh_m2_day,23.8643,1.0302,21.95,26.16,30,23.86,17.9944
Uttar Pradesh,42273,Bahraich,27.57,81.59,1996,2025,4,APR,PRECTOTCORR,rainfall_mm,0.5023,0.5755,0,2.03,30,0.5,10.0682
Uttar Pradesh,42273,Bahraich,27.57,81.59,1996,2025,4,APR,RH2M,humidity_pct,23.442,8.3578,8.28,43.43,30,23.44,85.4609
Uttar Pradesh,42273,Bahraich,27.57,81.59,1996,2025,4,APR,T2M,temp_mean_c,31.056,1.2706,28.47,33.57,30,31.06,29.1773
Uttar Pradesh,42273,Bahraich,27.57,81.59,1996,2025,4,APR,T2M_MAX,temp_max_c,43.545,1.5831,40,46.52,30,46.52,32.6627
Uttar Pradesh,42273,Bahraich,27.57,81.59,1996,2025,4,APR,T2M_MIN,temp_min_c,18.0013,1.7639,13.49,21.56,30,13.49,26.4727
Uttar Pradesh,42273,Bahraich,27.57,81.59,1996,2025,4,APR,WS10M,wind_speed_ms,3.5767,0.3911,3.06,4.66,30,3.58,3.4955
Uttar Pradesh,42273,Bahraich,27.57,81.59,1996,2025,5,MAY,ALLSKY_SFC_SW_DWN,solar_kwh_m2_day,23.872,1.4837,19.59,26.54,30,23.87,17.9944
Uttar Pradesh,42273,Bahraich,27.57,81.59,1996,2025,5,MAY,PRECTOTCORR,rainfall_mm,1.8173,1.8101,0.04,9.73,30,1.82,10.0682
Uttar Pradesh,42273,Bahraich,27.57,81.59,1996,2025,5,MAY,RH2M,humidity_pct,29.4593,8.0433,15.61,47.59,30,29.46,85.4609
Uttar Pradesh,42273,Bahraich,27.57,81.59,1996,2025,5,MAY,T2M,temp_mean_c,34.1523,1.2433,30.55,35.89,30,34.15,29.1773
Uttar Pradesh,42273,Bahraich,27.57,81.59,1996,2025,5,MAY,T2M_MAX,temp_max_c,45.3097,1.3772,42.18,47.77,30,47.77,32.6627
Uttar Pradesh,42273,Bahraich,27.57,81.59,1996,2025,5,MAY,T2M_MIN,temp_min_c,23.1023,1.7616,18.47,25.54,30,18.47,26.4727
Uttar Pradesh,42273,Bahraich,27.57,81.59,1996,2025,5,MAY,WS10M,wind_speed_ms,3.3797,0.3971,2.78,4.32,30,3.38,3.4955
Uttar Pradesh,42273,Bahraich,27.57,81.59,1996,2025,6,JUN,ALLSKY_SFC_SW_DWN,solar_kwh_m2_day,21.1607,2.3499,15.96,24.7,30,21.16,17.9944
Uttar Pradesh,42273,Bahraich,27.57,81.59,1996,2025,6,JUN,PRECTOTCORR,rainfall_mm,5.529,3.8294,0.54,14.24,30,5.53,10.0682
Uttar Pradesh,42273,Bahraich,27.57,81.59,1996,2025,6,JUN,RH2M,humidity_pct,45.3887,12.2874,24.76,75.42,30,45.39,85.4609
Uttar Pradesh,42273,Bahraich,27.57,81.59,1996,2025,6,JUN,T2M,temp_mean_c,34.414,2.0018,29.78,37.97,30,34.41,29.1773
Uttar Pradesh,42273,Bahraich,27.57,81.59,1996,2025,6,JUN,T2M_MAX,temp_max_c,44.7,2.37,38.63,48.69,30,48.69,32.6627
Uttar Pradesh,42273,Bahraich,27.57,81.59,1996,2025,6,JUN,T2M_MIN,temp_min_c,25.8503,1.3187,23.36,29.2,30,23.36,26.4727
Uttar Pradesh,42273,Bahraich,27.57,81.59,1996,2025,6,JUN,WS10M,wind_speed_ms,3.456,0.4766,2.66,4.36,30,3.46,3.4955
Uttar Pradesh,42273,Bahraich,27.57,81.59,1996,2025,7,JUL,ALLSKY_SFC_SW_DWN,solar_kwh_m2_day,17.3477,1.2836,14.91,19.79,30,17.35,17.9944
Uttar Pradesh,42273,Bahraich,27.57,81.59,1996,2025,7,JUL,PRECTOTCORR,rainfall_mm,10.9267,5.0739,4.05,21.03,30,10.93,10.0682
Uttar Pradesh,42273,Bahraich,27.57,81.59,1996,2025,7,JUL,RH2M,humidity_pct,73.6643,10.4248,43.24,86.68,30,73.66,85.4609
Uttar Pradesh,42273,Bahraich,27.57,81.59,1996,2025,7,JUL,T2M,temp_mean_c,30.738,1.5405,28.58,35.49,30,30.74,29.1773
Uttar Pradesh,42273,Bahraich,27.57,81.59,1996,2025,7,JUL,T2M_MAX,temp_max_c,38.993,2.9946,33.43,43.99,30,43.99,32.6627
Uttar Pradesh,42273,Bahraich,27.57,81.59,1996,2025,7,JUL,T2M_MIN,temp_min_c,25.1453,0.7136,24.08,26.95,30,24.08,26.4727
Uttar Pradesh,42273,Bahraich,27.57,81.59,1996,2025,7,JUL,WS10M,wind_speed_ms,3.398,0.387,2.88,4.41,30,3.4,3.4955
Uttar Pradesh,42273,Bahraich,27.57,81.59,1996,2025,8,AUG,ALLSKY_SFC_SW_DWN,solar_kwh_m2_day,17.362,1.522,13.95,19.67,30,17.36,17.9944
Uttar Pradesh,42273,Bahraich,27.57,81.59,1996,2025,8,AUG,PRECTOTCORR,rainfall_mm,8.8817,3.7841,2.84,17.7,30,8.88,10.0682
Uttar Pradesh,42273,Bahraich,27.57,81.59,1996,2025,8,AUG,RH2M,humidity_pct,80.8563,7.2295,64.54,88.88,30,80.86,85.4609
Uttar Pradesh,42273,Bahraich,27.57,81.59,1996,2025,8,AUG,T2M,temp_mean_c,29.3083,0.9467,28.12,31.45,30,29.31,29.1773
Uttar Pradesh,42273,Bahraich,27.57,81.59,1996,2025,8,AUG,T2M_MAX,temp_max_c,35.772,2.2991,33.07,40.85,30,40.85,32.6627
Uttar Pradesh,42273,Bahraich,27.57,81.59,1996,2025,8,AUG,T2M_MIN,temp_min_c,24.4043,0.5892,22.92,25.32,30,22.92,26.4727
Uttar Pradesh,42273,Bahraich,27.57,81.59,1996,2025,8,AUG,WS10M,wind_speed_ms,3.002,0.3586,2.43,3.76,30,3,3.4955
Uttar Pradesh,42273,Bahraich,27.57,81.59,1996,2025,9,SEP,ALLSKY_SFC_SW_DWN,solar_kwh_m2_day,17.211,1.304,14.2,19.77,30,17.21,17.9944
Uttar Pradesh,42273,Bahraich,27.57,81.59,1996,2025,9,SEP,PRECTOTCORR,rainfall_mm,5.9623,2.6742,1.11,11.38,30,5.96,10.0682
Uttar Pradesh,42273,Bahraich,27.57,81.59,1996,2025,9,SEP,RH2M,humidity_pct,80.9,6.2935,65.91,88.28,30,80.9,85.4609
Uttar Pradesh,42273,Bahraich,27.57,81.59,1996,2025,9,SEP,T2M,temp_mean_c,27.9767,0.6018,26.9,29.28,30,27.98,29.1773
Uttar Pradesh,42273,Bahraich,27.57,81.59,1996,2025,9,SEP,T2M_MAX,temp_max_c,34.517,1.5087,32.19,38.45,30,38.45,32.6627
Uttar Pradesh,42273,Bahraich,27.57,81.59,1996,2025,9,SEP,T2M_MIN,temp_min_c,21.7953,1.2328,18.73,23.7,30,18.73,26.4727
Uttar Pradesh,42273,Bahraich,27.57,81.59,1996,2025,9,SEP,WS10M,wind_speed_ms,2.628,0.3591,1.92,3.42,30,2.63,3.4955
Uttar Pradesh,42273,Bahraich,27.57,81.59,1996,2025,10,OCT,ALLSKY_SFC_SW_DWN,solar_kwh_m2_day,16.769,1.1227,14.25,18.6,30,16.77,17.9944
Uttar Pradesh,42273,Bahraich,27.57,81.59,1996,2025,10,OCT,PRECTOTCORR,rainfall_mm,1.594,1.8888,0,8.85,30,1.59,10.0682
Uttar Pradesh,42273,Bahraich,27.57,81.59,1996,2025,10,OCT,RH2M,humidity_pct,67.5133,10.2216,50.05,85.48,30,67.51,85.4609
Uttar Pradesh,42273,Bahraich,27.57,81.59,1996,2025,10,OCT,T2M,temp_mean_c,25.1707,1.0121,22.82,26.82,30,25.17,29.1773
Uttar Pradesh,42273,Bahraich,27.57,81.59,1996,2025,10,OCT,T2M_MAX,temp_max_c,33.599,1.5994,30.2,36.85,30,36.85,32.6627
Uttar Pradesh,42273,Bahraich,27.57,81.59,1996,2025,10,OCT,T2M_MIN,temp_min_c,15.9077,1.0878,12.74,18.13,30,12.74,26.4727
Uttar Pradesh,42273,Bahraich,27.57,81.59,1996,2025,10,OCT,WS10M,wind_speed_ms,2.0277,0.2932,1.59,2.71,30,2.03,3.4955
Uttar Pradesh,42273,Bahraich,27.57,81.59,1996,2025,11,NOV,ALLSKY_SFC_SW_DWN,solar_kwh_m2_day,13.8087,0.8938,12.18,15.7,30,13.81,17.9944
Uttar Pradesh,42273,Bahraich,27.57,81.59,1996,2025,11,NOV,PRECTOTCORR,rainfall_mm,0.0937,0.1884,0,0.82,30,0.09,10.0682
Uttar Pradesh,42273,Bahraich,27.57,81.59,1996,2025,11,NOV,RH2M,humidity_pct,57.1283,12.4277,35.6,80.97,30,57.13,85.4609
Uttar Pradesh,42273,Bahraich,27.57,81.59,1996,2025,11,NOV,T2M,temp_mean_c,20.4207,1.2053,17.25,23.06,30,20.42,29.1773
Uttar Pradesh,42273,Bahraich,27.57,81.59,1996,2025,11,NOV,T2M_MAX,temp_max_c,30.928,1.7901,26.78,34,30,34,32.6627
Uttar Pradesh,42273,Bahraich,27.57,81.59,1996,2025,11,NOV,T2M_MIN,temp_min_c,10.62,1.5061,7.64,13.92,30,7.64,26.4727
Uttar Pradesh,42273,Bahraich,27.57,81.59,1996,2025,11,NOV,WS10M,wind_speed_ms,2.173,0.2768,1.68,2.65,30,2.17,3.4955
Uttar Pradesh,42273,Bahraich,27.57,81.59,1996,2025,12,DEC,ALLSKY_SFC_SW_DWN,solar_kwh_m2_day,11.1123,1.2233,8.93,13.46,30,11.11,17.9944
Uttar Pradesh,42273,Bahraich,27.57,81.59,1996,2025,12,DEC,PRECTOTCORR,rainfall_mm,0.2563,0.47,0,2.14,30,0.26,10.0682
Uttar Pradesh,42273,Bahraich,27.57,81.59,1996,2025,12,DEC,RH2M,humidity_pct,53.052,11.2416,34.1,74.04,30,53.05,85.4609
Uttar Pradesh,42273,Bahraich,27.57,81.59,1996,2025,12,DEC,T2M,temp_mean_c,15.9167,0.9765,13.68,17.28,30,15.92,29.1773
Uttar Pradesh,42273,Bahraich,27.57,81.59,1996,2025,12,DEC,T2M_MAX,temp_max_c,27.6557,1.5518,24.91,31.49,30,31.49,32.6627
Uttar Pradesh,42273,Bahraich,27.57,81.59,1996,2025,12,DEC,T2M_MIN,temp_min_c,5.5237,1.604,2.14,8.59,30,2.14,26.4727
Uttar Pradesh,42273,Bahraich,27.57,81.59,1996,2025,12,DEC,WS10M,wind_speed_ms,2.3153,0.2698,1.83,2.86,30,2.32,3.4955
Uttar Pradesh,42473,Banda,25.47,80.37,1996,2025,0,ANNUAL,ALLSKY_SFC_SW_DWN,solar_kwh_m2_day,17.6033,0.6554,16.13,18.63,30,,12.3778
Uttar Pradesh,42473,Banda,25.47,80.37,1996,2025,0,ANNUAL,PRECTOTCORR,rainfall_mm,2.357,0.4842,1.58,3.5,30,,21.0509
Uttar Pradesh,42473,Banda,25.47,80.37,1996,2025,0,ANNUAL,RH2M,humidity_pct,50.6437,4.3975,40.4,59.4,30,,85.0918
Uttar Pradesh,42473,Banda,25.47,80.37,1996,2025,0,ANNUAL,T2M,temp_mean_c,26.6007,0.5577,25.35,27.63,30,,29.0482
Uttar Pradesh,42473,Banda,25.47,80.37,1996,2025,0,ANNUAL,T2M_MAX,temp_max_c,47.6163,1.2065,44.55,49.69,30,,32.2309
Uttar Pradesh,42473,Banda,25.47,80.37,1996,2025,0,ANNUAL,T2M_MIN,temp_min_c,4.2167,1.3346,1.66,6.72,30,,26.4391
Uttar Pradesh,42473,Banda,25.47,80.37,1996,2025,0,ANNUAL,WS10M,wind_speed_ms,2.906,0.1244,2.66,3.12,30,,2.7755
Uttar Pradesh,42473,Banda,25.47,80.37,1996,2025,1,JAN,ALLSKY_SFC_SW_DWN,solar_kwh_m2_day,11.8033,1.6467,7.98,15.04,30,11.8,12.3778
Uttar Pradesh,42473,Banda,25.47,80.37,1996,2025,1,JAN,PRECTOTCORR,rainfall_mm,0.4927,0.5846,0,2.09,30,0.49,21.0509
Uttar Pradesh,42473,Banda,25.47,80.37,1996,2025,1,JAN,RH2M,humidity_pct,47.3217,13.0153,25.16,76.72,30,47.32,85.0918
Uttar Pradesh,42473,Banda,25.47,80.37,1996,2025,1,JAN,T2M,temp_mean_c,15.954,1.1868,13.43,18.01,30,15.95,29.0482
Uttar Pradesh,42473,Banda,25.47,80.37,1996,2025,1,JAN,T2M_MAX,temp_max_c,29.485,2.6125,24.2,33.8,30,33.8,32.2309
Uttar Pradesh,42473,Banda,25.47,80.37,1996,2025,1,JAN,T2M_MIN,temp_min_c,4.647,1.3717,1.88,6.72,30,1.88,26.4391
Uttar Pradesh,42473,Banda,25.47,80.37,1996,2025,1,JAN,WS10M,wind_speed_ms,2.4183,0.1655,2,2.86,30,2.42,2.7755
Uttar Pradesh,42473,Banda,25.47,80.37,1996,2025,2,FEB,ALLSKY_SFC_SW_DWN,solar_kwh_m2_day,16.7973,1.2175,14.33,19.08,30,16.8,12.3778
Uttar Pradesh,42473,Banda,25.47,80.37,1996,2025,2,FEB,PRECTOTCORR,rainfall_mm,0.5063,0.6739,0,2.48,30,0.51,21.0509
Uttar Pradesh,42473,Banda,25.47,80.37,1996,2025,2,FEB,RH2M,humidity_pct,39.0077,10.3081,18.8,60.7,30,39.01,85.0918
Uttar Pradesh,42473,Banda,25.47,80.37,1996,2025,2,FEB,T2M,temp_mean_c,20.0727,1.4685,16.65,23.8,30,20.07,29.0482
Uttar Pradesh,42473,Banda,25.47,80.37,1996,2025,2,FEB,T2M_MAX,temp_max_c,34.6837,1.9164,29.37,38.31,30,38.31,32.2309
Uttar Pradesh,42473,Banda,25.47,80.37,1996,2025,2,FEB,T2M_MIN,temp_min_c,7.1507,1.6837,3.43,9.86,30,3.43,26.4391
Uttar Pradesh,42473,Banda,25.47,80.37,1996,2025,2,FEB,WS10M,wind_speed_ms,2.7197,0.2083,2.44,3.26,30,2.72,2.7755
Uttar Pradesh,42473,Banda,25.47,80.37,1996,2025,3,MAR,ALLSKY_SFC_SW_DWN,solar_kwh_m2_day,21.234,1.0813,18.39,23.33,30,21.23,12.3778
Uttar Pradesh,42473,Banda,25.47,80.37,1996,2025,3,MAR,PRECTOTCORR,rainfall_mm,0.308,0.4289,0,1.87,30,0.31,21.0509
Uttar Pradesh,42473,Banda,25.47,80.37,1996,2025,3,MAR,RH2M,humidity_pct,27.8973,9.3732,13.54,50.01,30,27.9,85.0918
Uttar Pradesh,42473,Banda,25.47,80.37,1996,2025,3,MAR,T2M,temp_mean_c,26.3807,1.485,23.64,28.88,30,26.38,29.0482
Uttar Pradesh,42473,Banda,25.47,80.37,1996,2025,3,MAR,T2M_MAX,temp_max_c,40.848,1.8965,36.81,44.17,30,44.17,32.2309
Uttar Pradesh,42473,Banda,25.47,80.37,1996,2025,3,MAR,T2M_MIN,temp_min_c,12.0903,2.1241,8.02,16.64,30,8.02,26.4391
Uttar Pradesh,42473,Banda,25.47,80.37,1996,2025,3,MAR,WS10M,wind_speed_ms,2.9123,0.264,2.28,3.43,30,2.91,2.7755
Uttar Pradesh,42473,Banda,25.47,80.37,1996,2025,4,APR,ALLSKY_SFC_SW_DWN,solar_kwh_m2_day,23.983,0.7686,22.61,25.32,30,23.98,12.3778
Uttar Pradesh,42473,Banda,25.47,80.37,1996,2025,4,APR,PRECTOTCORR,rainfall_mm,0.2507,0.2775,0,1.04,30,0.25,21.0509
Uttar Pradesh,42473,Banda,25.47,80.37,1996,2025,4,APR,RH2M,humidity_pct,19.319,6.2275,7.91,37.77,30,19.32,85.0918
Uttar Pradesh,42473,Banda,25.47,80.37,1996,2025,4,APR,T2M,temp_mean_c,32.7707,1.2653,30.24,35.33,30,32.77,29.0482
Uttar Pradesh,42473,Banda,25.47,80.37,1996,2025,4,APR,T2M_MAX,temp_max_c,45.3113,1.3151,42.18,47.75,30,47.75,32.2309
Uttar Pradesh,42473,Banda,25.47,80.37,1996,2025,4,APR,T2M_MIN,temp_min_c,19.0423,1.8561,13.91,22.75,30,13.91,26.4391
Uttar Pradesh,42473,Banda,25.47,80.37,1996,2025,4,APR,WS10M,wind_speed_ms,3.18,0.3152,2.53,3.84,30,3.18,2.7755
Uttar Pradesh,42473,Banda,25.47,80.37,1996,2025,5,MAY,ALLSKY_SFC_SW_DWN,solar_kwh_m2_day,23.9837,1.2179,20.8,26.22,30,23.98,12.3778
Uttar Pradesh,42473,Banda,25.47,80.37,1996,2025,5,MAY,PRECTOTCORR,rainfall_mm,0.7307,0.72,0.01,3.52,30,0.73,21.0509
Uttar Pradesh,42473,Banda,25.47,80.37,1996,2025,5,MAY,RH2M,humidity_pct,22.9787,5.768,13.78,36.6,30,22.98,85.0918
Uttar Pradesh,42473,Banda,25.47,80.37,1996,2025,5,MAY,T2M,temp_mean_c,36.471,1.1807,33.31,38.22,30,36.47,29.0482
Uttar Pradesh,42473,Banda,25.47,80.37,1996,2025,5,MAY,T2M_MAX,temp_max_c,47.1007,1.3003,43.31,48.9,30,48.9,32.2309
Uttar Pradesh,42473,Banda,25.47,80.37,1996,2025,5,MAY,T2M_MIN,temp_min_c,24.8467,1.8329,20.65,27.43,30,20.65,26.4391
Uttar Pradesh,42473,Banda,25.47,80.37,1996,2025,5,MAY,WS10M,wind_speed_ms,3.46,0.3523,2.97,4.31,30,3.46,2.7755
Uttar Pradesh,42473,Banda,25.47,80.37,1996,2025,6,JUN,ALLSKY_SFC_SW_DWN,solar_kwh_m2_day,20.7033,1.7127,16.93,23.76,30,20.7,12.3778
Uttar Pradesh,42473,Banda,25.47,80.37,1996,2025,6,JUN,PRECTOTCORR,rainfall_mm,3.5457,2.5063,0.53,8.8,30,3.55,21.0509
Uttar Pradesh,42473,Banda,25.47,80.37,1996,2025,6,JUN,RH2M,humidity_pct,40.948,10.3102,24.08,64.63,30,40.95,85.0918
Uttar Pradesh,42473,Banda,25.47,80.37,1996,2025,6,JUN,T2M,temp_mean_c,35.9513,1.9215,31.81,38.85,30,35.95,29.0482
Uttar Pradesh,42473,Banda,25.47,80.37,1996,2025,6,JUN,T2M_MAX,temp_max_c,46.661,1.8404,42.33,49.69,30,49.69,32.2309
Uttar Pradesh,42473,Banda,25.47,80.37,1996,2025,6,JUN,T2M_MIN,temp_min_c,27.094,1.4947,21.99,29.72,30,21.99,26.4391
Uttar Pradesh,42473,Banda,25.47,80.37,1996,2025,6,JUN,WS10M,wind_speed_ms,3.917,0.6048,2.82,5.66,30,3.92,2.7755
Uttar Pradesh,42473,Banda,25.47,80.37,1996,2025,7,JUL,ALLSKY_SFC_SW_DWN,solar_kwh_m2_day,16.839,1.431,13.8,18.69,30,16.84,12.3778
Uttar Pradesh,42473,Banda,25.47,80.37,1996,2025,7,JUL,PRECTOTCORR,rainfall_mm,8.284,3.2266,3.6,15.78,30,8.28,21.0509
Uttar Pradesh,42473,Banda,25.47,80.37,1996,2025,7,JUL,RH2M,humidity_pct,71.9607,8.4933,45.08,85.63,30,71.96,85.0918
Uttar Pradesh,42473,Banda,25.47,80.37,1996,2025,7,JUL,T2M,temp_mean_c,31.008,1.3845,28.45,35.34,30,31.01,29.0482
Uttar Pradesh,42473,Banda,25.47,80.37,1996,2025,7,JUL,T2M_MAX,temp_max_c,40.0163,3.1528,33.48,46.59,30,46.59,32.2309
Uttar Pradesh,42473,Banda,25.47,80.37,1996,2025,7,JUL,T2M_MIN,temp_min_c,25.363,0.6512,23.65,27.14,30,23.65,26.4391
Uttar Pradesh,42473,Banda,25.47,80.37,1996,2025,7,JUL,WS10M,wind_speed_ms,3.5443,0.4951,2.81,5.2,30,3.54,2.7755
Uttar Pradesh,42473,Banda,25.47,80.37,1996,2025,8,AUG,ALLSKY_SFC_SW_DWN,solar_kwh_m2_day,16.496,1.3703,13.57,19.24,30,16.5,12.3778
Uttar Pradesh,42473,Banda,25.47,80.37,1996,2025,8,AUG,PRECTOTCORR,rainfall_mm,7.3903,2.226,3.07,12.03,30,7.39,21.0509
Uttar Pradesh,42473,Banda,25.47,80.37,1996,2025,8,AUG,RH2M,humidity_pct,81.368,4.9068,67.19,87.65,30,81.37,85.0918
Uttar Pradesh,42473,Banda,25.47,80.37,1996,2025,8,AUG,T2M,temp_mean_c,29.1217,0.757,28.24,31.35,30,29.12,29.0482
Uttar Pradesh,42473,Banda,25.47,80.37,1996,2025,8,AUG,T2M_MAX,temp_max_c,35.496,2.2061,32.81,40.75,30,40.75,32.2309
Uttar Pradesh,42473,Banda,25.47,80.37,1996,2025,8,AUG,T2M_MIN,temp_min_c,24.5387,0.5941,22.79,25.45,30,22.79,26.4391
Uttar Pradesh,42473,Banda,25.47,80.37,1996,2025,8,AUG,WS10M,wind_speed_ms,3.1993,0.4605,2.37,4.22,30,3.2,2.7755
Uttar Pradesh,42473,Banda,25.47,80.37,1996,2025,9,SEP,ALLSKY_SFC_SW_DWN,solar_kwh_m2_day,17.2577,1.6644,12.76,20.13,30,17.26,12.3778
Uttar Pradesh,42473,Banda,25.47,80.37,1996,2025,9,SEP,PRECTOTCORR,rainfall_mm,5.037,2.6519,1.25,14.44,30,5.04,21.0509
Uttar Pradesh,42473,Banda,25.47,80.37,1996,2025,9,SEP,RH2M,humidity_pct,80.871,6.3415,60.59,89.84,30,80.87,85.0918
Uttar Pradesh,42473,Banda,25.47,80.37,1996,2025,9,SEP,T2M,temp_mean_c,28.0433,0.7268,26.89,30.27,30,28.04,29.0482
Uttar Pradesh,42473,Banda,25.47,80.37,1996,2025,9,SEP,T2M_MAX,temp_max_c,34.5233,1.7637,31.86,39.41,30,39.41,32.2309
Uttar Pradesh,42473,Banda,25.47,80.37,1996,2025,9,SEP,T2M_MIN,temp_min_c,21.7603,1.3699,19.44,23.8,30,19.44,26.4391
Uttar Pradesh,42473,Banda,25.47,80.37,1996,2025,9,SEP,WS10M,wind_speed_ms,2.857,0.3328,2.25,3.53,30,2.86,2.7755
Uttar Pradesh,42473,Banda,25.47,80.37,1996,2025,10,OCT,ALLSKY_SFC_SW_DWN,solar_kwh_m2_day,17.042,1.0972,14.21,19.03,30,17.04,12.3778
Uttar Pradesh,42473,Banda,25.47,80.37,1996,2025,10,OCT,PRECTOTCORR,rainfall_mm,1.1857,1.3815,0.01,5.84,30,1.19,21.0509
Uttar Pradesh,42473,Banda,25.47,80.37,1996,2025,10,OCT,RH2M,humidity_pct,67.2023,9.6014,44.04,80.18,30,67.2,85.0918
Uttar Pradesh,42473,Banda,25.47,80.37,1996,2025,10,OCT,T2M,temp_mean_c,25.533,1.2369,23.87,28.52,30,25.53,29.0482
Uttar Pradesh,42473,Banda,25.47,80.37,1996,2025,10,OCT,T2M_MAX,temp_max_c,33.975,2.3883,30.75,39.9,30,39.9,32.2309
Uttar Pradesh,42473,Banda,25.47,80.37,1996,2025,10,OCT,T2M_MIN,temp_min_c,15.4983,1.4196,12.49,18.4,30,12.49,26.4391
Uttar Pradesh,42473,Banda,25.47,80.37,1996,2025,10,OCT,WS10M,wind_speed_ms,2.2233,0.2673,1.8,2.84,30,2.22,2.7755
Uttar Pradesh,42473,Banda,25.47,80.37,1996,2025,11,NOV,ALLSKY_SFC_SW_DWN,solar_kwh_m2_day,13.8093,1.1815,11.43,16.28,30,13.81,12.3778
Uttar Pradesh,42473,Banda,25.47,80.37,1996,2025,11,NOV,PRECTOTCORR,rainfall_mm,0.151,0.298,0,1.06,30,0.15,21.0509
Uttar Pradesh,42473,Banda,25.47,80.37,1996,2025,11,NOV,RH2M,humidity_pct,56.132,11.3962,34.95,78.85,30,56.13,85.0918
Uttar Pradesh,42473,Banda,25.47,80.37,1996,2025,11,NOV,T2M,temp_mean_c,20.969,1.5551,17.84,24.53,30,20.97,29.0482
Uttar Pradesh,42473,Banda,25.47,80.37,1996,2025,11,NOV,T2M_MAX,temp_max_c,31.429,1.8791,28.09,34.63,30,34.63,32.2309
Uttar Pradesh,42473,Banda,25.47,80.37,1996,2025,11,NOV,T2M_MIN,temp_min_c,10.569,1.5201,7.99,14.72,30,7.99,26.4391
Uttar Pradesh,42473,Banda,25.47,80.37,1996,2025,11,NOV,WS10M,wind_speed_ms,2.1683,0.2374,1.71,2.68,30,2.17,2.7755
Uttar Pradesh,42473,Banda,25.47,80.37,1996,2025,12,DEC,ALLSKY_SFC_SW_DWN,solar_kwh_m2_day,11.387,1.2668,8.27,14.22,30,11.39,12.3778
Uttar Pradesh,42473,Banda,25.47,80.37,1996,2025,12,DEC,PRECTOTCORR,rainfall_mm,0.2303,0.4113,0,2.13,30,0.23,21.0509
Uttar Pradesh,42473,Banda,25.47,80.37,1996,2025,12,DEC,RH2M,humidity_pct,51.5373,14.0455,25.32,78.42,30,51.54,85.0918
Uttar Pradesh,42473,Banda,25.47,80.37,1996,2025,12,DEC,T2M,temp_mean_c,16.716,1.2181,14.06,19.53,30,16.72,29.0482
Uttar Pradesh,42473,Banda,25.47,80.37,1996,2025,12,DEC,T2M_MAX,temp_max_c,28.3343,1.8797,24.36,32.52,30,32.52,32.2309
Uttar Pradesh,42473,Banda,25.47,80.37,1996,2025,12,DEC,T2M_MIN,temp_min_c,6.022,1.5948,1.66,8.86,30,1.66,26.4391
Uttar Pradesh,42473,Banda,25.47,80.37,1996,2025,12,DEC,WS10M,wind_speed_ms,2.275,0.1876,1.91,2.62,30,2.27,2.7755
Uttar Pradesh,42370,Barabanki,26.933,81.183,1996,2025,0,ANNUAL,ALLSKY_SFC_SW_DWN,solar_kwh_m2_day,17.331,0.6711,16,18.38,30,,14.1356
Uttar Pradesh,42370,Barabanki,26.933,81.183,1996,2025,0,ANNUAL,PRECTOTCORR,rainfall_mm,2.785,0.6067,1.78,4.39,30,,11.4482
Uttar Pradesh,42370,Barabanki,26.933,81.183,1996,2025,0,ANNUAL,RH2M,humidity_pct,52.4077,5.1717,42.16,59.91,30,,84.84
Uttar Pradesh,42370,Barabanki,26.933,81.183,1996,2025,0,ANNUAL,T2M,temp_mean_c,25.818,0.5286,24.77,26.95,30,,29.2745
Uttar Pradesh,42370,Barabanki,26.933,81.183,1996,2025,0,ANNUAL,T2M_MAX,temp_max_c,46.9507,1.145,43.9,48.81,30,,32.6845
Uttar Pradesh,42370,Barabanki,26.933,81.183,1996,2025,0,ANNUAL,T2M_MIN,temp_min_c,3.6133,1.1317,1.19,5.69,30,,26.5436
Uttar Pradesh,42370,Barabanki,26.933,81.183,1996,2025,0,ANNUAL,WS10M,wind_speed_ms,2.9743,0.1137,2.66,3.16,30,,3.3064
Uttar Pradesh,42370,Barabanki,26.933,81.183,1996,2025,1,JAN,ALLSKY_SFC_SW_DWN,solar_kwh_m2_day,10.9133,1.762,6.97,14.47,30,10.91,14.1356
Uttar Pradesh,42370,Barabanki,26.933,81.183,1996,2025,1,JAN,PRECTOTCORR,rainfall_mm,0.5527,0.5878,0,2.07,30,0.55,11.4482
Uttar Pradesh,42370,Barabanki,26.933,81.183,1996,2025,1,JAN,RH2M,humidity_pct,49.632,11.3577,30.74,75.57,30,49.63,84.84
Uttar Pradesh,42370,Barabanki,26.933,81.183,1996,2025,1,JAN,T2M,temp_mean_c,14.753,1.0953,12.52,17.01,30,14.75,29.2745
Uttar Pradesh,42370,Barabanki,26.933,81.183,1996,2025,1,JAN,T2M_MAX,temp_max_c,27.2133,2.1776,23.02,31.09,30,31.09,32.6845
Uttar Pradesh,42370,Barabanki,26.933,81.183,1996,2025,1,JAN,T2M_MIN,temp_min_c,4.109,1.2472,1.19,7.22,30,1.19,26.5436
Uttar Pradesh,42370,Barabanki,26.933,81.183,1996,2025,1,JAN,WS10M,wind_speed_ms,2.7627,0.221,2.21,3.19,30,2.76,3.3064
Uttar Pradesh,42370,Barabanki,26.933,81.183,1996,2025,2,FEB,ALLSKY_SFC_SW_DWN,solar_kwh_m2_day,16.33,1.2229,13.92,18.21,30,16.33,14.1356
Uttar Pradesh,42370,Barabanki,26.933,81.183,1996,2025,2,FEB,PRECTOTCORR,rainfall_mm,0.6453,0.8496,0,3.22,30,0.65,11.4482
Uttar Pradesh,42370,Barabanki,26.933,81.183,1996,2025,2,FEB,RH2M,humidity_pct,42.2233,10.4632,24.15,64.4,30,42.22,84.84
Uttar Pradesh,42370,Barabanki,26.933,81.183,1996,2025,2,FEB,T2M,temp_mean_c,18.8027,1.4315,15.76,22.1,30,18.8,29.2745
Uttar Pradesh,42370,Barabanki,26.933,81.183,1996,2025,2,FEB,T2M_MAX,temp_max_c,32.6887,2.2494,27.67,37.69,30,37.69,32.6845
Uttar Pradesh,42370,Barabanki,26.933,81.183,1996,2025,2,FEB,T2M_MIN,temp_min_c,6.453,1.572,3.66,9.77,30,3.66,26.5436
Uttar Pradesh,42370,Barabanki,26.933,81.183,1996,2025,2,FEB,WS10M,wind_speed_ms,3.1,0.2611,2.66,3.72,30,3.1,3.3064
Uttar Pradesh,42370,Barabanki,26.933,81.183,1996,2025,3,MAR,ALLSKY_SFC_SW_DWN,solar_kwh_m2_day,20.958,1.0008,18.29,23.07,30,20.96,14.1356
Uttar Pradesh,42370,Barabanki,26.933,81.183,1996,2025,3,MAR,PRECTOTCORR,rainfall_mm,0.38,0.5769,0,2.46,30,0.38,11.4482
Uttar Pradesh,42370,Barabanki,26.933,81.183,1996,2025,3,MAR,RH2M,humidity_pct,31.0447,10.1824,14.8,56.39,30,31.04,84.84
Uttar Pradesh,42370,Barabanki,26.933,81.183,1996,2025,3,MAR,T2M,temp_mean_c,25.118,1.41,22.32,27.67,30,25.12,29.2745
Uttar Pradesh,42370,Barabanki,26.933,81.183,1996,2025,3,MAR,T2M_MAX,temp_max_c,39.59,2.0504,35.69,43.73,30,43.73,32.6845
Uttar Pradesh,42370,Barabanki,26.933,81.183,1996,2025,3,MAR,T2M_MIN,temp_min_c,11.0413,2.1413,7.54,15.97,30,7.54,26.5436
Uttar Pradesh,42370,Barabanki,26.933,81.183,1996,2025,3,MAR,WS10M,wind_speed_ms,3.3883,0.3341,2.86,4.3,30,3.39,3.3064
Uttar Pradesh,42370,Barabanki,26.933,81.183,1996,2025,4,APR,ALLSKY_SFC_SW_DWN,solar_kwh_m2_day,23.8323,0.9533,21.74,25.41,30,23.83,14.1356
Uttar Pradesh,42370,Barabanki,26.933,81.183,1996,2025,4,APR,PRECTOTCORR,rainfall_mm,0.3643,0.3898,0,1.58,30,0.36,11.4482
Uttar Pradesh,42370,Barabanki,26.933,81.183,1996,2025,4,APR,RH2M,humidity_pct,21.972,7.3872,8.34,41.46,30,21.97,84.84
Uttar Pradesh,42370,Barabanki,26.933,81.183,1996,2025,4,APR,T2M,temp_mean_c,31.5873,1.2823,28.95,33.96,30,31.59,29.2745
Uttar Pradesh,42370,Barabanki,26.933,81.183,1996,2025,4,APR,T2M_MAX,temp_max_c,44.4593,1.4536,41.52,47.41,30,47.41,32.6845
Uttar Pradesh,42370,Barabanki,26.933,81.183,1996,2025,4,APR,T2M_MIN,temp_min_c,18.0703,1.7401,14.71,22.89,30,14.71,26.5436
Uttar Pradesh,42370,Barabanki,26.933,81.183,1996,2025,4,APR,WS10M,wind_speed_ms,3.5297,0.3699,2.91,4.48,30,3.53,3.3064
Uttar Pradesh,42370,Barabanki,26.933,81.183,1996,2025,5,MAY,ALLSKY_SFC_SW_DWN,solar_kwh_m2_day,23.8797,1.4363,19.19,26.14,30,23.88,14.1356
Uttar Pradesh,42370,Barabanki,26.933,81.183,1996,2025,5,MAY,PRECTOTCORR,rainfall_mm,1.2193,0.9797,0,4.81,30,1.22,11.4482
Uttar Pradesh,42370,Barabanki,26.933,81.183,1996,2025,5,MAY,RH2M,humidity_pct,26.79,6.8376,15.78,42.58,30,26.79,84.84
Uttar Pradesh,42370,Barabanki,26.933,81.183,1996,2025,5,MAY,T2M,temp_mean_c,35.086,1.1491,31.48,36.38,30,35.09,29.2745
Uttar Pradesh,42370,Barabanki,26.933,81.183,1996,2025,5,MAY,T2M_MAX,temp_max_c,46.281,1.3595,42.58,48.62,30,48.62,32.6845
Uttar Pradesh,42370,Barabanki,26.933,81.183,1996,2025,5,MAY,T2M_MIN,temp_min_c,23.7843,1.8892,19.56,26.54,30,19.56,26.5436
Uttar Pradesh,42370,Barabanki,26.933,81.183,1996,2025,5,MAY,WS10M,wind_speed_ms,3.4187,0.3688,2.84,4.23,30,3.42,3.3064
Uttar Pradesh,42370,Barabanki,26.933,81.183,1996,2025,6,JUN,ALLSKY_SFC_SW_DWN,solar_kwh_m2_day,20.8603,2.1077,16.68,24.1,30,20.86,14.1356
Uttar Pradesh,42370,Barabanki,26.933,81.183,1996,2025,6,JUN,PRECTOTCORR,rainfall_mm,4.5083,3.085,0.5,13.28,30,4.51,11.4482
Uttar Pradesh,42370,Barabanki,26.933,81.183,1996,2025,6,JUN,RH2M,humidity_pct,42.5263,11.5868,23.58,67.05,30,42.53,84.84
Uttar Pradesh,42370,Barabanki,26.933,81.183,1996,2025,6,JUN,T2M,temp_mean_c,35.2527,2.0084,31.1,38.67,30,35.25,29.2745
Uttar Pradesh,42370,Barabanki,26.933,81.183,1996,2025,6,JUN,T2M_MAX,temp_max_c,45.7123,2.1985,41.3,48.81,30,48.81,32.6845
Uttar Pradesh,42370,Barabanki,26.933,81.183,1996,2025,6,JUN,T2M_MIN,temp_min_c,26.6533,1.4209,23.39,29.92,30,23.39,26.5436
Uttar Pradesh,42370,Barabanki,26.933,81.183,1996,2025,6,JUN,WS10M,wind_speed_ms,3.643,0.494,2.76,4.56,30,3.64,3.3064
Uttar Pradesh,42370,Barabanki,26.933,81.183,1996,2025,7,JUL,ALLSKY_SFC_SW_DWN,solar_kwh_m2_day,16.9037,1.355,14.04,19.57,30,16.9,14.1356
Uttar Pradesh,42370,Barabanki,26.933,81.183,1996,2025,7,JUL,PRECTOTCORR,rainfall_mm,9.66,3.8015,4.39,18.33,30,9.66,11.4482
Uttar Pradesh,42370,Barabanki,26.933,81.183,1996,2025,7,JUL,RH2M,humidity_pct,73.151,9.9811,41.99,87.66,30,73.15,84.84
Uttar Pradesh,42370,Barabanki,26.933,81.183,1996,2025,7,JUL,T2M,temp_mean_c,30.938,1.5401,28.53,35.97,30,30.94,29.2745
Uttar Pradesh,42370,Barabanki,26.933,81.183,1996,2025,7,JUL,T2M_MAX,temp_max_c,39.6427,3.014,33.22,45.09,30,45.09,32.6845
Uttar Pradesh,42370,Barabanki,26.933,81.183,1996,2025,7,JUL,T2M_MIN,temp_min_c,25.3887,0.6276,24.54,27.27,30,24.54,26.5436
Uttar Pradesh,42370,Barabanki,26.933,81.183,1996,2025,7,JUL,WS10M,wind_speed_ms,3.441,0.3695,2.76,4.33,30,3.44,3.3064
Uttar Pradesh,42370,Barabanki,26.933,81.183,1996,2025,8,AUG,ALLSKY_SFC_SW_DWN,solar_kwh_m2_day,16.8013,1.4826,13.52,19.4,30,16.8,14.1356
Uttar Pradesh,42370,Barabanki,26.933,81.183,1996,2025,8,AUG,PRECTOTCORR,rainfall_mm,8.305,3.4444,3.46,19.51,30,8.31,11.4482
Uttar Pradesh,42370,Barabanki,26.933,81.183,1996,2025,8,AUG,RH2M,humidity_pct,81.697,5.9062,68.45,89.38,30,81.7,84.84
Uttar Pradesh,42370,Barabanki,26.933,81.183,1996,2025,8,AUG,T2M,temp_mean_c,29.2313,0.7572,28.18,30.89,30,29.23,29.2745
Uttar Pradesh,42370,Barabanki,26.933,81.183,1996,2025,8,AUG,T2M_MAX,temp_max_c,35.441,1.979,32.62,40.32,30,40.32,32.6845
Uttar Pradesh,42370,Barabanki,26.933,81.183,1996,2025,8,AUG,T2M_MIN,temp_min_c,24.5383,0.5296,23.48,25.31,30,23.48,26.5436
Uttar Pradesh,42370,Barabanki,26.933,81.183,1996,2025,8,AUG,WS10M,wind_speed_ms,3.0763,0.3996,2.47,3.94,30,3.08,3.3064
Uttar Pradesh,42370,Barabanki,26.933,81.183,1996,2025,9,SEP,ALLSKY_SFC_SW_DWN,solar_kwh_m2_day,16.816,1.6213,12.61,19.97,30,16.82,14.1356
Uttar Pradesh,42370,Barabanki,26.933,81.183,1996,2025,9,SEP,PRECTOTCORR,rainfall_mm,5.7503,2.4462,0.7,10.19,30,5.75,11.4482
Uttar Pradesh,42370,Barabanki,26.933,81.183,1996,2025,9,SEP,RH2M,humidity_pct,81.4227,6.9948,59.32,88.28,30,81.42,84.84
Uttar Pradesh,42370,Barabanki,26.933,81.183,1996,2025,9,SEP,T2M,temp_mean_c,27.932,0.6742,26.81,30.08,30,27.93,29.2745
Uttar Pradesh,42370,Barabanki,26.933,81.183,1996,2025,9,SEP,T2M_MAX,temp_max_c,34.3333,1.652,31.77,38.32,30,38.32,32.6845
Uttar Pradesh,42370,Barabanki,26.933,81.183,1996,2025,9,SEP,T2M_MIN,temp_min_c,21.4843,1.3256,19.3,23.66,30,19.3,26.5436
Uttar Pradesh,42370,Barabanki,26.933,81.183,1996,2025,9,SEP,WS10M,wind_speed_ms,2.7307,0.3459,2,3.61,30,2.73,3.3064
Uttar Pradesh,42370,Barabanki,26.933,81.183,1996,2025,10,OCT,ALLSKY_SFC_SW_DWN,solar_kwh_m2_day,16.6253,1.1256,14.05,18.67,30,16.62,14.1356
Uttar Pradesh,42370,Barabanki,26.933,81.183,1996,2025,10,OCT,PRECTOTCORR,rainfall_mm,1.5097,1.7279,0,7.67,30,1.51,11.4482
Uttar Pradesh,42370,Barabanki,26.933,81.183,1996,2025,10,OCT,RH2M,humidity_pct,68.0293,10.0679,42.11,82.18,30,68.03,84.84
Uttar Pradesh,42370,Barabanki,26.933,81.183,1996,2025,10,OCT,T2M,temp_mean_c,24.9877,1.1465,22.56,27.84,30,24.99,29.2745
Uttar Pradesh,42370,Barabanki,26.933,81.183,1996,2025,10,OCT,T2M_MAX,temp_max_c,33.2513,1.8438,30.04,38.84,30,38.84,32.6845
Uttar Pradesh,42370,Barabanki,26.933,81.183,1996,2025,10,OCT,T2M_MIN,temp_min_c,15.0343,1.4382,11.19,17.81,30,11.19,26.5436
Uttar Pradesh,42370,Barabanki,26.933,81.183,1996,2025,10,OCT,WS10M,wind_speed_ms,2.023,0.3156,1.44,2.69,30,2.02,3.3064
Uttar Pradesh,42370,Barabanki,26.933,81.183,1996,2025,11,NOV,ALLSKY_SFC_SW_DWN,solar_kwh_m2_day,13.3757,1.128,11.01,15.88,30,13.38,14.1356
Uttar Pradesh,42370,Barabanki,26.933,81.183,1996,2025,11,NOV,PRECTOTCORR,rainfall_mm,0.0983,0.187,0,0.71,30,0.1,11.4482
Uttar Pradesh,42370,Barabanki,26.933,81.183,1996,2025,11,NOV,RH2M,humidity_pct,56.8447,12.6077,36.22,76.73,30,56.84,84.84
Uttar Pradesh,42370,Barabanki,26.933,81.183,1996,2025,11,NOV,T2M,temp_mean_c,20.1567,1.4453,17.5,23.97,30,20.16,29.2745
Uttar Pradesh,42370,Barabanki,26.933,81.183,1996,2025,11,NOV,T2M_MAX,temp_max_c,30.5053,1.9351,26.66,33.9,30,33.9,32.6845
Uttar Pradesh,42370,Barabanki,26.933,81.183,1996,2025,11,NOV,T2M_MIN,temp_min_c,9.7197,1.5513,7.32,13.66,30,7.32,26.5436
Uttar Pradesh,42370,Barabanki,26.933,81.183,1996,2025,11,NOV,WS10M,wind_speed_ms,2.1997,0.3437,1.58,3.02,30,2.2,3.3064
Uttar Pradesh,42370,Barabanki,26.933,81.183,1996,2025,12,DEC,ALLSKY_SFC_SW_DWN,solar_kwh_m2_day,10.766,1.3192,7.71,13.35,30,10.77,14.1356
Uttar Pradesh,42370,Barabanki,26.933,81.183,1996,2025,12,DEC,PRECTOTCORR,rainfall_mm,0.23,0.4331,0,2.12,30,0.23,11.4482
Uttar Pradesh,42370,Barabanki,26.933,81.183,1996,2025,12,DEC,RH2M,humidity_pct,52.4623,12.3335,32.23,74.63,30,52.46,84.84
Uttar Pradesh,42370,Barabanki,26.933,81.183,1996,2025,12,DEC,T2M,temp_mean_c,15.718,1.082,13.2,17.35,30,15.72,29.2745
Uttar Pradesh,42370,Barabanki,26.933,81.183,1996,2025,12,DEC,T2M_MAX,temp_max_c,27.4583,1.7834,23.94,32.26,30,32.26,32.6845
Uttar Pradesh,42370,Barabanki,26.933,81.183,1996,2025,12,DEC,T2M_MIN,temp_min_c,5.005,1.4373,1.76,7.58,30,1.76,26.5436
Uttar Pradesh,42370,Barabanki,26.933,81.183,1996,2025,12,DEC,WS10M,wind_speed_ms,2.3987,0.3641,1.74,3.28,30,2.4,3.3064
Uttar Pradesh,42189,Bareilly,28.37,79.4,1996,2025,0,ANNUAL,ALLSKY_SFC_SW_DWN,solar_kwh_m2_day,17.0087,0.59,16,17.9,30,,16.4878
Uttar Pradesh,42189,Bareilly,28.37,79.4,1996,2025,0,ANNUAL,PRECTOTCORR,rainfall_mm,2.8733,0.5929,1.88,4.22,30,,10.6055
Uttar Pradesh,42189,Bareilly,28.37,79.4,1996,2025,0,ANNUAL,RH2M,humidity_pct,51.851,5.2744,41.31,61.07,30,,85.0155
Uttar Pradesh,42189,Bareilly,28.37,79.4,1996,2025,0,ANNUAL,T2M,temp_mean_c,25.1797,0.5126,24.11,26.22,30,,29.1582
Uttar Pradesh,42189,Bareilly,28.37,79.4,1996,2025,0,ANNUAL,T2M_MAX,temp_max_c,46.6023,1.2945,43.66,48.61,30,,32.7564
Uttar Pradesh,42189,Bareilly,28.37,79.4,1996,2025,0,ANNUAL,T2M_MIN,temp_min_c,3.1123,1.0525,0.83,4.99,30,,26.3882
Uttar Pradesh,42189,Bareilly,28.37,79.4,1996,2025,0,ANNUAL,WS10M,wind_speed_ms,2.8623,0.1656,2.54,3.39,30,,3.1627
Uttar Pradesh,42189,Bareilly,28.37,79.4,1996,2025,1,JAN,ALLSKY_SFC_SW_DWN,solar_kwh_m2_day,9.925,1.8681,6.08,13.37,30,9.93,16.4878
Uttar Pradesh,42189,Bareilly,28.37,79.4,1996,2025,1,JAN,PRECTOTCORR,rainfall_mm,0.6833,0.6191,0.02,2.26,30,0.68,10.6055
Uttar Pradesh,42189,Bareilly,28.37,79.4,1996,2025,1,JAN,RH2M,humidity_pct,50.1037,11.2016,31.71,79.53,30,50.1,85.0155
Uttar Pradesh,42189,Bareilly,28.37,79.4,1996,2025,1,JAN,T2M,temp_mean_c,14.02,0.9885,11.6,15.7,30,14.02,29.1582
Uttar Pradesh,42189,Bareilly,28.37,79.4,1996,2025,1,JAN,T2M_MAX,temp_max_c,26.365,2.3514,21.93,31.96,30,31.96,32.7564
Uttar Pradesh,42189,Bareilly,28.37,79.4,1996,2025,1,JAN,T2M_MIN,temp_min_c,3.5533,1.1524,0.83,5.78,30,0.83,26.3882
Uttar Pradesh,42189,Bareilly,28.37,79.4,1996,2025,1,JAN,WS10M,wind_speed_ms,2.7993,0.3454,2.06,3.39,30,2.8,3.1627
Uttar Pradesh,42189,Bareilly,28.37,79.4,1996,2025,2,FEB,ALLSKY_SFC_SW_DWN,solar_kwh_m2_day,15.317,1.1131,12.31,16.82,30,15.32,16.4878
Uttar Pradesh,42189,Bareilly,28.37,79.4,1996,2025,2,FEB,PRECTOTCORR,rainfall_mm,0.8743,0.9458,0,2.9,30,0.87,10.6055
Uttar Pradesh,42189,Bareilly,28.37,79.4,1996,2025,2,FEB,RH2M,humidity_pct,44.683,10.5833,26.47,70.14,30,44.68,85.0155
Uttar Pradesh,42189,Bareilly,28.37,79.4,1996,2025,2,FEB,T2M,temp_mean_c,17.7433,1.4171,14.59,21.48,30,17.74,29.1582
Uttar Pradesh,42189,Bareilly,28.37,79.4,1996,2025,2,FEB,T2M_MAX,temp_max_c,31.4673,2.1842,25.81,35.75,30,35.75,32.7564
Uttar Pradesh,42189,Bareilly,28.37,79.4,1996,2025,2,FEB,T2M_MIN,temp_min_c,6.0587,1.5745,3.15,8.98,30,3.15,26.3882
Uttar Pradesh,42189,Bareilly,28.37,79.4,1996,2025,2,FEB,WS10M,wind_speed_ms,3.1437,0.2386,2.56,3.77,30,3.14,3.1627
Uttar Pradesh,42189,Bareilly,28.37,79.4,1996,2025,3,MAR,ALLSKY_SFC_SW_DWN,solar_kwh_m2_day,20.154,0.9589,17.86,22.31,30,20.15,16.4878
Uttar Pradesh,42189,Bareilly,28.37,79.4,1996,2025,3,MAR,PRECTOTCORR,rainfall_mm,0.5547,0.7974,0,3.21,30,0.55,10.6055
Uttar Pradesh,42189,Bareilly,28.37,79.4,1996,2025,3,MAR,RH2M,humidity_pct,34.517,10.582,18.25,60.6,30,34.52,85.0155
Uttar Pradesh,42189,Bareilly,28.37,79.4,1996,2025,3,MAR,T2M,temp_mean_c,23.8203,1.4444,21.18,26.53,30,23.82,29.1582
Uttar Pradesh,42189,Bareilly,28.37,79.4,1996,2025,3,MAR,T2M_MAX,temp_max_c,38.418,2.2042,34.83,42.27,30,42.27,32.7564
Uttar Pradesh,42189,Bareilly,28.37,79.4,1996,2025,3,MAR,T2M_MIN,temp_min_c,10.255,2.2167,6.3,14.65,30,6.3,26.3882
Uttar Pradesh,42189,Bareilly,28.37,79.4,1996,2025,3,MAR,WS10M,wind_speed_ms,3.4197,0.3683,2.78,4.04,30,3.42,3.1627
Uttar Pradesh,42189,Bareilly,28.37,79.4,1996,2025,4,APR,ALLSKY_SFC_SW_DWN,solar_kwh_m2_day,23.3713,0.86,21.52,25.38,30,23.37,16.4878
Uttar Pradesh,42189,Bareilly,28.37,79.4,1996,2025,4,APR,PRECTOTCORR,rainfall_mm,0.5603,0.5833,0,2.44,30,0.56,10.6055
Uttar Pradesh,42189,Bareilly,28.37,79.4,1996,2025,4,APR,RH2M,humidity_pct,23.8467,7.8537,8.68,42.32,30,23.85,85.0155
Uttar Pradesh,42189,Bareilly,28.37,79.4,1996,2025,4,APR,T2M,temp_mean_c,30.4823,1.3992,27.91,33.23,30,30.48,29.1582
Uttar Pradesh,42189,Bareilly,28.37,79.4,1996,2025,4,APR,T2M_MAX,temp_max_c,43.699,1.4728,40.46,46.91,30,46.91,32.7564
Uttar Pradesh,42189,Bareilly,28.37,79.4,1996,2025,4,APR,T2M_MIN,temp_min_c,16.8733,1.9313,11.4,20.61,30,11.4,26.3882
Uttar Pradesh,42189,Bareilly,28.37,79.4,1996,2025,4,APR,WS10M,wind_speed_ms,3.5487,0.42,2.81,4.41,30,3.55,3.1627
Uttar Pradesh,42189,Bareilly,28.37,79.4,1996,2025,5,MAY,ALLSKY_SFC_SW_DWN,solar_kwh_m2_day,23.6207,1.202,20.81,25.48,30,23.62,16.4878
Uttar Pradesh,42189,Bareilly,28.37,79.4,1996,2025,5,MAY,PRECTOTCORR,rainfall_mm,1.224,1.0981,0.06,4.64,30,1.22,10.6055
Uttar Pradesh,42189,Bareilly,28.37,79.4,1996,2025,5,MAY,RH2M,humidity_pct,26.2353,7.8814,14.55,44.43,30,26.24,85.0155
Uttar Pradesh,42189,Bareilly,28.37,79.4,1996,2025,5,MAY,T2M,temp_mean_c,34.2657,1.3731,30.8,36.24,30,34.27,29.1582
Uttar Pradesh,42189,Bareilly,28.37,79.4,1996,2025,5,MAY,T2M_MAX,temp_max_c,45.8977,1.5383,42.12,48.17,30,48.17,32.7564
Uttar Pradesh,42189,Bareilly,28.37,79.4,1996,2025,5,MAY,T2M_MIN,temp_min_c,22.3763,2.1034,17.31,25.67,30,17.31,26.3882
Uttar Pradesh,42189,Bareilly,28.37,79.4,1996,2025,5,MAY,WS10M,wind_speed_ms,3.3793,0.3601,2.8,4.11,30,3.38,3.1627
Uttar Pradesh,42189,Bareilly,28.37,79.4,1996,2025,6,JUN,ALLSKY_SFC_SW_DWN,solar_kwh_m2_day,21.16,1.9823,16.4,24.87,30,21.16,16.4878
Uttar Pradesh,42189,Bareilly,28.37,79.4,1996,2025,6,JUN,PRECTOTCORR,rainfall_mm,4.243,2.8909,0.31,12.21,30,4.24,10.6055
Uttar Pradesh,42189,Bareilly,28.37,79.4,1996,2025,6,JUN,RH2M,humidity_pct,40.2517,11.656,22.55,65.34,30,40.25,85.0155
Uttar Pradesh,42189,Bareilly,28.37,79.4,1996,2025,6,JUN,T2M,temp_mean_c,35.022,1.9582,30.94,38.07,30,35.02,29.1582
Uttar Pradesh,42189,Bareilly,28.37,79.4,1996,2025,6,JUN,T2M_MAX,temp_max_c,45.658,2.1619,40.92,48.61,30,48.61,32.7564
Uttar Pradesh,42189,Bareilly,28.37,79.4,1996,2025,6,JUN,T2M_MIN,temp_min_c,25.713,1.4017,23.33,28.51,30,23.33,26.3882
Uttar Pradesh,42189,Bareilly,28.37,79.4,1996,2025,6,JUN,WS10M,wind_speed_ms,3.4247,0.5881,2.43,4.73,30,3.42,3.1627
Uttar Pradesh,42189,Bareilly,28.37,79.4,1996,2025,7,JUL,ALLSKY_SFC_SW_DWN,solar_kwh_m2_day,16.9223,1.3852,15.03,19.89,30,16.92,16.4878
Uttar Pradesh,42189,Bareilly,28.37,79.4,1996,2025,7,JUL,PRECTOTCORR,rainfall_mm,10.133,3.5949,0.53,16.47,30,10.13,10.6055
Uttar Pradesh,42189,Bareilly,28.37,79.4,1996,2025,7,JUL,RH2M,humidity_pct,71.7373,10.5025,31.3,85.32,30,71.74,85.0155
Uttar Pradesh,42189,Bareilly,28.37,79.4,1996,2025,7,JUL,T2M,temp_mean_c,30.9483,1.6704,28.93,37.45,30,30.95,29.1582
Uttar Pradesh,42189,Bareilly,28.37,79.4,1996,2025,7,JUL,T2M_MAX,temp_max_c,40.3237,2.912,34.99,46.23,30,46.23,32.7564
Uttar Pradesh,42189,Bareilly,28.37,79.4,1996,2025,7,JUL,T2M_MIN,temp_min_c,25.157,0.9002,23.88,28.76,30,23.88,26.3882
Uttar Pradesh,42189,Bareilly,28.37,79.4,1996,2025,7,JUL,WS10M,wind_speed_ms,2.9667,0.3996,2.23,4.2,30,2.97,3.1627
Uttar Pradesh,42189,Bareilly,28.37,79.4,1996,2025,8,AUG,ALLSKY_SFC_SW_DWN,solar_kwh_m2_day,17.092,1.8593,13.13,20.39,30,17.09,16.4878
Uttar Pradesh,42189,Bareilly,28.37,79.4,1996,2025,8,AUG,PRECTOTCORR,rainfall_mm,8.5517,3.6763,2.89,17.75,30,8.55,10.6055
Uttar Pradesh,42189,Bareilly,28.37,79.4,1996,2025,8,AUG,RH2M,humidity_pct,81.2177,6.3414,66.87,87.77,30,81.22,85.0155
Uttar Pradesh,42189,Bareilly,28.37,79.4,1996,2025,8,AUG,T2M,temp_mean_c,29.0327,0.8155,27.96,31.08,30,29.03,29.1582
Uttar Pradesh,42189,Bareilly,28.37,79.4,1996,2025,8,AUG,T2M_MAX,temp_max_c,35.428,2.2776,32.61,41.72,30,41.72,32.7564
Uttar Pradesh,42189,Bareilly,28.37,79.4,1996,2025,8,AUG,T2M_MIN,temp_min_c,24.1687,0.5226,23.23,25.75,30,23.23,26.3882
Uttar Pradesh,42189,Bareilly,28.37,79.4,1996,2025,8,AUG,WS10M,wind_speed_ms,2.6643,0.3614,1.95,3.35,30,2.66,3.1627
Uttar Pradesh,42189,Bareilly,28.37,79.4,1996,2025,9,SEP,ALLSKY_SFC_SW_DWN,solar_kwh_m2_day,17.066,1.7292,12.88,19.78,30,17.07,16.4878
Uttar Pradesh,42189,Bareilly,28.37,79.4,1996,2025,9,SEP,PRECTOTCORR,rainfall_mm,5.827,3.5071,0.78,15.78,30,5.83,10.6055
Uttar Pradesh,42189,Bareilly,28.37,79.4,1996,2025,9,SEP,RH2M,humidity_pct,79.0253,8.2603,58.25,89.87,30,79.03,85.0155
Uttar Pradesh,42189,Bareilly,28.37,79.4,1996,2025,9,SEP,T2M,temp_mean_c,27.617,0.8848,26.24,29.38,30,27.62,29.1582
Uttar Pradesh,42189,Bareilly,28.37,79.4,1996,2025,9,SEP,T2M_MAX,temp_max_c,34.517,2.039,31.1,39.73,30,39.73,32.7564
Uttar Pradesh,42189,Bareilly,28.37,79.4,1996,2025,9,SEP,T2M_MIN,temp_min_c,20.5137,1.5118,17.52,23.42,30,17.52,26.3882
Uttar Pradesh,42189,Bareilly,28.37,79.4,1996,2025,9,SEP,WS10M,wind_speed_ms,2.4077,0.3949,1.66,3.2,30,2.41,3.1627
Uttar Pradesh,42189,Bareilly,28.37,79.4,1996,2025,10,OCT,ALLSKY_SFC_SW_DWN,solar_kwh_m2_day,16.354,0.9721,14.3,17.89,30,16.35,16.4878
Uttar Pradesh,42189,Bareilly,28.37,79.4,1996,2025,10,OCT,PRECTOTCORR,rainfall_mm,1.2243,1.9986,0,7.53,30,1.22,10.6055
Uttar Pradesh,42189,Bareilly,28.37,79.4,1996,2025,10,OCT,RH2M,humidity_pct,64.2647,11.6518,40.55,80.79,30,64.26,85.0155
Uttar Pradesh,42189,Bareilly,28.37,79.4,1996,2025,10,OCT,T2M,temp_mean_c,24.3127,1.1633,22.16,26.67,30,24.31,29.1582
Uttar Pradesh,42189,Bareilly,28.37,79.4,1996,2025,10,OCT,T2M_MAX,temp_max_c,33.305,1.9564,30.65,37.12,30,37.12,32.7564
Uttar Pradesh,42189,Bareilly,28.37,79.4,1996,2025,10,OCT,T2M_MIN,temp_min_c,14.5487,1.3266,11.8,17.26,30,11.8,26.3882
Uttar Pradesh,42189,Bareilly,28.37,79.4,1996,2025,10,OCT,WS10M,wind_speed_ms,1.9727,0.236,1.42,2.41,30,1.97,3.1627
Uttar Pradesh,42189,Bareilly,28.37,79.4,1996,2025,11,NOV,ALLSKY_SFC_SW_DWN,solar_kwh_m2_day,12.7957,0.983,10.84,14.47,30,12.8,16.4878
Uttar Pradesh,42189,Bareilly,28.37,79.4,1996,2025,11,NOV,PRECTOTCORR,rainfall_mm,0.1083,0.1991,0,0.66,30,0.11,10.6055
Uttar Pradesh,42189,Bareilly,28.37,79.4,1996,2025,11,NOV,RH2M,humidity_pct,54.783,12.9944,31.52,76.99,30,54.78,85.0155
Uttar Pradesh,42189,Bareilly,28.37,79.4,1996,2025,11,NOV,T2M,temp_mean_c,19.4817,1.3265,16.72,21.82,30,19.48,29.1582
Uttar Pradesh,42189,Bareilly,28.37,79.4,1996,2025,11,NOV,T2M_MAX,temp_max_c,30.0887,2.0206,26.12,34.7,30,34.7,32.7564
Uttar Pradesh,42189,Bareilly,28.37,79.4,1996,2025,11,NOV,T2M_MIN,temp_min_c,9.3403,1.4048,6.98,12.27,30,6.98,26.3882
Uttar Pradesh,42189,Bareilly,28.37,79.4,1996,2025,11,NOV,WS10M,wind_speed_ms,2.224,0.4343,1.33,3.65,30,2.22,3.1627
Uttar Pradesh,42189,Bareilly,28.37,79.4,1996,2025,12,DEC,ALLSKY_SFC_SW_DWN,solar_kwh_m2_day,10.3807,1.0877,7.44,12.49,30,10.38,16.4878
Uttar Pradesh,42189,Bareilly,28.37,79.4,1996,2025,12,DEC,PRECTOTCORR,rainfall_mm,0.2973,0.5115,0,1.93,30,0.3,10.6055
Uttar Pradesh,42189,Bareilly,28.37,79.4,1996,2025,12,DEC,RH2M,humidity_pct,50.6257,11.5276,30.05,68.61,30,50.63,85.0155
Uttar Pradesh,42189,Bareilly,28.37,79.4,1996,2025,12,DEC,T2M,temp_mean_c,15.1397,0.9831,13.38,16.8,30,15.14,29.1582
Uttar Pradesh,42189,Bareilly,28.37,79.4,1996,2025,12,DEC,T2M_MAX,temp_max_c,27.1687,1.6892,24.51,30.62,30,30.62,32.7564
Uttar Pradesh,42189,Bareilly,28.37,79.4,1996,2025,12,DEC,T2M_MIN,temp_min_c,4.5187,1.5391,0.97,7.25,30,0.97,26.3882
Uttar Pradesh,42189,Bareilly,28.37,79.4,1996,2025,12,DEC,WS10M,wind_speed_ms,2.4273,0.4359,1.87,3.62,30,2.43,3.1627
Uttar Pradesh,42258,Bharatpur,27.21666667,77.5,1996,2025,0,ANNUAL,ALLSKY_SFC_SW_DWN,solar_kwh_m2_day,17.8317,0.7081,16.49,18.91,30,,12.9944
Uttar Pradesh,42258,Bharatpur,27.21666667,77.5,1996,2025,0,ANNUAL,PRECTOTCORR,rainfall_mm,1.7477,0.554,0.89,3.13,30,,16.4345
Uttar Pradesh,42258,Bharatpur,27.21666667,77.5,1996,2025,0,ANNUAL,RH2M,humidity_pct,43.9983,5.8846,31.93,55.28,30,,86
Uttar Pradesh,42258,Bharatpur,27.21666667,77.5,1996,2025,0,ANNUAL,T2M,temp_mean_c,26.363,0.6648,25.07,27.63,30,,28.8073
Uttar Pradesh,42258,Bharatpur,27.21666667,77.5,1996,2025,0,ANNUAL,T2M_MAX,temp_max_c,47.4833,1.0557,44.99,49.54,30,,32.0355
Uttar Pradesh,42258,Bharatpur,27.21666667,77.5,1996,2025,0,ANNUAL,T2M_MIN,temp_min_c,2.9863,1.3669,0.14,5.67,30,,26.2573
Uttar Pradesh,42258,Bharatpur,27.21666667,77.5,1996,2025,0,ANNUAL,WS10M,wind_speed_ms,2.9003,0.1519,2.65,3.19,30,,2.9273
Uttar Pradesh,42258,Bharatpur,27.21666667,77.5,1996,2025,1,JAN,ALLSKY_SFC_SW_DWN,solar_kwh_m2_day,11.676,1.9611,7.67,15.77,30,11.68,12.9944
Uttar Pradesh,42258,Bharatpur,27.21666667,77.5,1996,2025,1,JAN,PRECTOTCORR,rainfall_mm,0.409,0.4397,0,1.58,30,0.41,16.4345
Uttar Pradesh,42258,Bharatpur,27.21666667,77.5,1996,2025,1,JAN,RH2M,humidity_pct,42.0167,10.5717,25.95,63.81,30,42.02,86
Uttar Pradesh,42258,Bharatpur,27.21666667,77.5,1996,2025,1,JAN,T2M,temp_mean_c,14.6977,1.073,12.79,16.94,30,14.7,28.8073
Uttar Pradesh,42258,Bharatpur,27.21666667,77.5,1996,2025,1,JAN,T2M_MAX,temp_max_c,28.313,2.0496,24.42,32.3,30,32.3,32.0355
Uttar Pradesh,42258,Bharatpur,27.21666667,77.5,1996,2025,1,JAN,T2M_MIN,temp_min_c,3.312,1.4355,0.14,6.47,30,0.14,26.2573
Uttar Pradesh,42258,Bharatpur,27.21666667,77.5,1996,2025,1,JAN,WS10M,wind_speed_ms,2.394,0.2383,1.85,2.82,30,2.39,2.9273
Uttar Pradesh,42258,Bharatpur,27.21666667,77.5,1996,2025,2,FEB,ALLSKY_SFC_SW_DWN,solar_kwh_m2_day,16.6717,1.1873,13.67,18.87,30,16.67,12.9944
Uttar Pradesh,42258,Bharatpur,27.21666667,77.5,1996,2025,2,FEB,PRECTOTCORR,rainfall_mm,0.392,0.543,0,1.94,30,0.39,16.4345
Uttar Pradesh,42258,Bharatpur,27.21666667,77.5,1996,2025,2,FEB,RH2M,humidity_pct,36.0727,9.5776,19.65,53.49,30,36.07,86
Uttar Pradesh,42258,Bharatpur,27.21666667,77.5,1996,2025,2,FEB,T2M,temp_mean_c,18.6233,1.5231,16.17,23.42,30,18.62,28.8073
Uttar Pradesh,42258,Bharatpur,27.21666667,77.5,1996,2025,2,FEB,T2M_MAX,temp_max_c,33.5853,2.1647,28.24,37.2,30,37.2,32.0355
Uttar Pradesh,42258,Bharatpur,27.21666667,77.5,1996,2025,2,FEB,T2M_MIN,temp_min_c,5.7717,1.796,1.74,11.02,30,1.74,26.2573
Uttar Pradesh,42258,Bharatpur,27.21666667,77.5,1996,2025,2,FEB,WS10M,wind_speed_ms,2.6743,0.1977,2.36,3.13,30,2.67,2.9273
Uttar Pradesh,42258,Bharatpur,27.21666667,77.5,1996,2025,3,MAR,ALLSKY_SFC_SW_DWN,solar_kwh_m2_day,20.8633,1.0595,18.01,22.9,30,20.86,12.9944
Uttar Pradesh,42258,Bharatpur,27.21666667,77.5,1996,2025,3,MAR,PRECTOTCORR,rainfall_mm,0.3257,0.5216,0,2.54,30,0.33,16.4345
Uttar Pradesh,42258,Bharatpur,27.21666667,77.5,1996,2025,3,MAR,RH2M,humidity_pct,27.8243,9.4869,14.88,47.39,30,27.82,86
Uttar Pradesh,42258,Bharatpur,27.21666667,77.5,1996,2025,3,MAR,T2M,temp_mean_c,24.972,1.5427,22.05,27.45,30,24.97,28.8073
Uttar Pradesh,42258,Bharatpur,27.21666667,77.5,1996,2025,3,MAR,T2M_MAX,temp_max_c,39.934,2.5144,34.34,43.37,30,43.37,32.0355
Uttar Pradesh,42258,Bharatpur,27.21666667,77.5,1996,2025,3,MAR,T2M_MIN,temp_min_c,10.6943,2.3521,6.36,14.76,30,6.36,26.2573
Uttar Pradesh,42258,Bharatpur,27.21666667,77.5,1996,2025,3,MAR,WS10M,wind_speed_ms,2.9007,0.2807,2.27,3.47,30,2.9,2.9273
Uttar Pradesh,42258,Bharatpur,27.21666667,77.5,1996,2025,4,APR,ALLSKY_SFC_SW_DWN,solar_kwh_m2_day,24.0753,0.7472,22.38,25.16,30,24.08,12.9944
Uttar Pradesh,42258,Bharatpur,27.21666667,77.5,1996,2025,4,APR,PRECTOTCORR,rainfall_mm,0.2263,0.2746,0,1.18,30,0.23,16.4345
Uttar Pradesh,42258,Bharatpur,27.21666667,77.5,1996,2025,4,APR,RH2M,humidity_pct,19.848,6.7209,8.84,40.02,30,19.85,86
Uttar Pradesh,42258,Bharatpur,27.21666667,77.5,1996,2025,4,APR,T2M,temp_mean_c,31.5363,1.3959,28.51,34.08,30,31.54,28.8073
Uttar Pradesh,42258,Bharatpur,27.21666667,77.5,1996,2025,4,APR,T2M_MAX,temp_max_c,44.4433,1.4169,41.41,47.1,30,47.1,32.0355
Uttar Pradesh,42258,Bharatpur,27.21666667,77.5,1996,2025,4,APR,T2M_MIN,temp_min_c,17.4353,1.8618,12.74,21.49,30,12.74,26.2573
Uttar Pradesh,42258,Bharatpur,27.21666667,77.5,1996,2025,4,APR,WS10M,wind_speed_ms,3.1547,0.3271,2.66,3.94,30,3.15,2.9273
Uttar Pradesh,42258,Bharatpur,27.21666667,77.5,1996,2025,5,MAY,ALLSKY_SFC_SW_DWN,solar_kwh_m2_day,23.9923,1.3161,21,26.85,30,23.99,12.9944
Uttar Pradesh,42258,Bharatpur,27.21666667,77.5,1996,2025,5,MAY,PRECTOTCORR,rainfall_mm,0.7083,0.5871,0.02,2.29,30,0.71,16.4345
Uttar Pradesh,42258,Bharatpur,27.21666667,77.5,1996,2025,5,MAY,RH2M,humidity_pct,22.354,5.0732,14.37,34.72,30,22.35,86
Uttar Pradesh,42258,Bharatpur,27.21666667,77.5,1996,2025,5,MAY,T2M,temp_mean_c,35.7327,1.1724,32.75,37.23,30,35.73,28.8073
Uttar Pradesh,42258,Bharatpur,27.21666667,77.5,1996,2025,5,MAY,T2M_MAX,temp_max_c,46.9253,1.3092,42.89,49.54,30,49.54,32.0355
Uttar Pradesh,42258,Bharatpur,27.21666667,77.5,1996,2025,5,MAY,T2M_MIN,temp_min_c,23.62,2.2559,18.39,27.01,30,18.39,26.2573
Uttar Pradesh,42258,Bharatpur,27.21666667,77.5,1996,2025,5,MAY,WS10M,wind_speed_ms,3.6677,0.4587,2.62,4.57,30,3.67,2.9273
Uttar Pradesh,42258,Bharatpur,27.21666667,77.5,1996,2025,6,JUN,ALLSKY_SFC_SW_DWN,solar_kwh_m2_day,21.501,1.2504,17.86,24.46,30,21.5,12.9944
Uttar Pradesh,42258,Bharatpur,27.21666667,77.5,1996,2025,6,JUN,PRECTOTCORR,rainfall_mm,2.302,1.6539,0.4,7.81,30,2.3,16.4345
Uttar Pradesh,42258,Bharatpur,27.21666667,77.5,1996,2025,6,JUN,RH2M,humidity_pct,36.2007,7.4218,23.94,53.27,30,36.2,86
Uttar Pradesh,42258,Bharatpur,27.21666667,77.5,1996,2025,6,JUN,T2M,temp_mean_c,36.238,1.3942,33.33,38.58,30,36.24,28.8073
Uttar Pradesh,42258,Bharatpur,27.21666667,77.5,1996,2025,6,JUN,T2M_MAX,temp_max_c,46.485,1.6315,42.43,48.84,30,48.84,32.0355
Uttar Pradesh,42258,Bharatpur,27.21666667,77.5,1996,2025,6,JUN,T2M_MIN,temp_min_c,26.648,1.3423,23.59,29.29,30,23.59,26.2573
Uttar Pradesh,42258,Bharatpur,27.21666667,77.5,1996,2025,6,JUN,WS10M,wind_speed_ms,3.8113,0.5575,2.88,5.04,30,3.81,2.9273
Uttar Pradesh,42258,Bharatpur,27.21666667,77.5,1996,2025,7,JUL,ALLSKY_SFC_SW_DWN,solar_kwh_m2_day,17.8133,1.3782,15.02,21.22,30,17.81,12.9944
Uttar Pradesh,42258,Bharatpur,27.21666667,77.5,1996,2025,7,JUL,PRECTOTCORR,rainfall_mm,6.1217,2.8617,0.26,14.06,30,6.12,16.4345
Uttar Pradesh,42258,Bharatpur,27.21666667,77.5,1996,2025,7,JUL,RH2M,humidity_pct,62.8043,10.8819,30.03,84.79,30,62.8,86
Uttar Pradesh,42258,Bharatpur,27.21666667,77.5,1996,2025,7,JUL,T2M,temp_mean_c,32.2393,1.7706,28.96,38,30,32.24,28.8073
Uttar Pradesh,42258,Bharatpur,27.21666667,77.5,1996,2025,7,JUL,T2M_MAX,temp_max_c,41.902,2.7424,34.21,46.16,30,46.16,32.0355
Uttar Pradesh,42258,Bharatpur,27.21666667,77.5,1996,2025,7,JUL,T2M_MIN,temp_min_c,25.823,1.1627,23.97,30.15,30,23.97,26.2573
Uttar Pradesh,42258,Bharatpur,27.21666667,77.5,1996,2025,7,JUL,WS10M,wind_speed_ms,3.4453,0.558,2.32,5.23,30,3.45,2.9273
Uttar Pradesh,42258,Bharatpur,27.21666667,77.5,1996,2025,8,AUG,ALLSKY_SFC_SW_DWN,solar_kwh_m2_day,17.293,1.6362,14.3,21.03,30,17.29,12.9944
Uttar Pradesh,42258,Bharatpur,27.21666667,77.5,1996,2025,8,AUG,PRECTOTCORR,rainfall_mm,5.702,2.4123,1.28,11.72,30,5.7,16.4345
Uttar Pradesh,42258,Bharatpur,27.21666667,77.5,1996,2025,8,AUG,RH2M,humidity_pct,74.2703,8.891,58.74,86.88,30,74.27,86
Uttar Pradesh,42258,Bharatpur,27.21666667,77.5,1996,2025,8,AUG,T2M,temp_mean_c,29.8237,1.3073,28.18,32.56,30,29.82,28.8073
Uttar Pradesh,42258,Bharatpur,27.21666667,77.5,1996,2025,8,AUG,T2M_MAX,temp_max_c,37.2873,2.7138,33.31,43.32,30,43.32,32.0355
Uttar Pradesh,42258,Bharatpur,27.21666667,77.5,1996,2025,8,AUG,T2M_MIN,temp_min_c,24.3047,0.7927,22.91,25.87,30,22.91,26.2573
Uttar Pradesh,42258,Bharatpur,27.21666667,77.5,1996,2025,8,AUG,WS10M,wind_speed_ms,3.1847,0.4753,2.37,4.33,30,3.18,2.9273
Uttar Pradesh,42258,Bharatpur,27.21666667,77.5,1996,2025,9,SEP,ALLSKY_SFC_SW_DWN,solar_kwh_m2_day,18.0727,1.7536,14.69,21,30,18.07,12.9944
Uttar Pradesh,42258,Bharatpur,27.21666667,77.5,1996,2025,9,SEP,PRECTOTCORR,rainfall_mm,3.5633,2.265,0.81,9.87,30,3.56,16.4345
Uttar Pradesh,42258,Bharatpur,27.21666667,77.5,1996,2025,9,SEP,RH2M,humidity_pct,69.3133,11.6765,44.14,85.82,30,69.31,86
Uttar Pradesh,42258,Bharatpur,27.21666667,77.5,1996,2025,9,SEP,T2M,temp_mean_c,28.896,1.3947,26.37,31.62,30,28.9,28.8073
Uttar Pradesh,42258,Bharatpur,27.21666667,77.5,1996,2025,9,SEP,T2M_MAX,temp_max_c,37.252,2.6682,32.83,41.11,30,41.11,32.0355
Uttar Pradesh,42258,Bharatpur,27.21666667,77.5,1996,2025,9,SEP,T2M_MIN,temp_min_c,20.9093,1.5796,17.54,23.75,30,17.54,26.2573
Uttar Pradesh,42258,Bharatpur,27.21666667,77.5,1996,2025,9,SEP,WS10M,wind_speed_ms,2.854,0.409,2.11,3.77,30,2.85,2.9273
Uttar Pradesh,42258,Bharatpur,27.21666667,77.5,1996,2025,10,OCT,ALLSKY_SFC_SW_DWN,solar_kwh_m2_day,17.0567,0.9252,14.67,18.18,30,17.06,12.9944
Uttar Pradesh,42258,Bharatpur,27.21666667,77.5,1996,2025,10,OCT,PRECTOTCORR,rainfall_mm,0.7647,1.1185,0,3.81,30,0.76,16.4345
Uttar Pradesh,42258,Bharatpur,27.21666667,77.5,1996,2025,10,OCT,RH2M,humidity_pct,52.5807,13.167,26.2,75.82,30,52.58,86
Uttar Pradesh,42258,Bharatpur,27.21666667,77.5,1996,2025,10,OCT,T2M,temp_mean_c,25.9957,1.2556,23.37,28.35,30,26,28.8073
Uttar Pradesh,42258,Bharatpur,27.21666667,77.5,1996,2025,10,OCT,T2M_MAX,temp_max_c,36.462,2.4495,31.55,40.66,30,40.66,32.0355
Uttar Pradesh,42258,Bharatpur,27.21666667,77.5,1996,2025,10,OCT,T2M_MIN,temp_min_c,15.6057,1.2848,12.45,18.46,30,12.45,26.2573
Uttar Pradesh,42258,Bharatpur,27.21666667,77.5,1996,2025,10,OCT,WS10M,wind_speed_ms,2.2757,0.1974,1.85,2.66,30,2.28,2.9273
Uttar Pradesh,42258,Bharatpur,27.21666667,77.5,1996,2025,11,NOV,ALLSKY_SFC_SW_DWN,solar_kwh_m2_day,13.4877,1.3564,10.62,16.56,30,13.49,12.9944
Uttar Pradesh,42258,Bharatpur,27.21666667,77.5,1996,2025,11,NOV,PRECTOTCORR,rainfall_mm,0.1373,0.3533,0,1.75,30,0.14,16.4345
Uttar Pradesh,42258,Bharatpur,27.21666667,77.5,1996,2025,11,NOV,RH2M,humidity_pct,42.7887,12.2301,20.55,63.19,30,42.79,86
Uttar Pradesh,42258,Bharatpur,27.21666667,77.5,1996,2025,11,NOV,T2M,temp_mean_c,21.0407,1.2082,17.92,22.69,30,21.04,28.8073
Uttar Pradesh,42258,Bharatpur,27.21666667,77.5,1996,2025,11,NOV,T2M_MAX,temp_max_c,32.968,1.7859,30.09,38.69,30,38.69,32.0355
Uttar Pradesh,42258,Bharatpur,27.21666667,77.5,1996,2025,11,NOV,T2M_MIN,temp_min_c,9.9067,1.3807,7.72,13.23,30,7.72,26.2573
Uttar Pradesh,42258,Bharatpur,27.21666667,77.5,1996,2025,11,NOV,WS10M,wind_speed_ms,2.207,0.2029,1.81,2.62,30,2.21,2.9273
Uttar Pradesh,42258,Bharatpur,27.21666667,77.5,1996,2025,12,DEC,ALLSKY_SFC_SW_DWN,solar_kwh_m2_day,11.5497,1.1406,8.21,14.15,30,11.55,12.9944
Uttar Pradesh,42258,Bharatpur,27.21666667,77.5,1996,2025,12,DEC,PRECTOTCORR,rainfall_mm,0.185,0.2906,0,1.29,30,0.18,16.4345
Uttar Pradesh,42258,Bharatpur,27.21666667,77.5,1996,2025,12,DEC,RH2M,humidity_pct,40.981,11.0877,20.46,59.51,30,40.98,86
Uttar Pradesh,42258,Bharatpur,27.21666667,77.5,1996,2025,12,DEC,T2M,temp_mean_c,16.2737,1.104,13.73,18.54,30,16.27,28.8073
Uttar Pradesh,42258,Bharatpur,27.21666667,77.5,1996,2025,12,DEC,T2M_MAX,temp_max_c,28.61,1.7078,24.89,31.06,30,31.06,32.0355
Uttar Pradesh,42258,Bharatpur,27.21666667,77.5,1996,2025,12,DEC,T2M_MIN,temp_min_c,4.9063,1.5711,0.72,7.03,30,0.72,26.2573
Uttar Pradesh,42258,Bharatpur,27.21666667,77.5,1996,2025,12,DEC,WS10M,wind_speed_ms,2.216,0.2099,1.77,2.73,30,2.22,2.9273
Uttar Pradesh,42354,Dholpur,26.66666667,77.83333333,1996,2025,0,ANNUAL,ALLSKY_SFC_SW_DWN,solar_kwh_m2_day,18.9627,0.771,17.28,20.34,30,,11.8733
Uttar Pradesh,42354,Dholpur,26.66666667,77.83333333,1996,2025,0,ANNUAL,PRECTOTCORR,rainfall_mm,1.968,0.5429,0.93,3.42,30,,12.9827
Uttar Pradesh,42354,Dholpur,26.66666667,77.83333333,1996,2025,0,ANNUAL,RH2M,humidity_pct,45.6523,5.6276,32.71,56.93,30,,86.3309
Uttar Pradesh,42354,Dholpur,26.66666667,77.83333333,1996,2025,0,ANNUAL,T2M,temp_mean_c,26.468,0.6486,25.24,27.65,30,,28.6791
Uttar Pradesh,42354,Dholpur,26.66666667,77.83333333,1996,2025,0,ANNUAL,T2M_MAX,temp_max_c,47.503,1.0505,45.02,49.62,30,,31.9173
Uttar Pradesh,42354,Dholpur,26.66666667,77.83333333,1996,2025,0,ANNUAL,T2M_MIN,temp_min_c,3.255,1.2345,0.74,5.44,30,,26.22
Uttar Pradesh,42354,Dholpur,26.66666667,77.83333333,1996,2025,0,ANNUAL,WS10M,wind_speed_ms,2.9223,0.1493,2.7,3.2,30,,2.97
Uttar Pradesh,42354,Dholpur,26.66666667,77.83333333,1996,2025,1,JAN,ALLSKY_SFC_SW_DWN,solar_kwh_m2_day,13.7573,1.5931,10.48,16.73,30,13.76,11.8733
Uttar Pradesh,42354,Dholpur,26.66666667,77.83333333,1996,2025,1,JAN,PRECTOTCORR,rainfall_mm,0.4223,0.4597,0,1.58,30,0.42,12.9827
Uttar Pradesh,42354,Dholpur,26.66666667,77.83333333,1996,2025,1,JAN,RH2M,humidity_pct,42.4847,10.9438,25.62,63.02,30,42.48,86.3309
Uttar Pradesh,42354,Dholpur,26.66666667,77.83333333,1996,2025,1,JAN,T2M,temp_mean_c,15.2143,1.1028,13.12,17.27,30,15.21,28.6791
Uttar Pradesh,42354,Dholpur,26.66666667,77.83333333,1996,2025,1,JAN,T2M_MAX,temp_max_c,29.0667,2.1809,24.64,32.97,30,32.97,31.9173
Uttar Pradesh,42354,Dholpur,26.66666667,77.83333333,1996,2025,1,JAN,T2M_MIN,temp_min_c,3.711,1.382,0.74,6.43,30,0.74,26.22
Uttar Pradesh,42354,Dholpur,26.66666667,77.83333333,1996,2025,1,JAN,WS10M,wind_speed_ms,2.4023,0.1934,1.97,2.83,30,2.4,2.97
Uttar Pradesh,42354,Dholpur,26.66666667,77.83333333,1996,2025,2,FEB,ALLSKY_SFC_SW_DWN,solar_kwh_m2_day,18.102,1.1437,15.82,19.96,30,18.1,11.8733
Uttar Pradesh,42354,Dholpur,26.66666667,77.83333333,1996,2025,2,FEB,PRECTOTCORR,rainfall_mm,0.389,0.6289,0,2.24,30,0.39,12.9827
Uttar Pradesh,42354,Dholpur,26.66666667,77.83333333,1996,2025,2,FEB,RH2M,humidity_pct,35.827,9.4938,20.19,54.47,30,35.83,86.3309
Uttar Pradesh,42354,Dholpur,26.66666667,77.83333333,1996,2025,2,FEB,T2M,temp_mean_c,19.164,1.5094,16.69,23.78,30,19.16,28.6791
Uttar Pradesh,42354,Dholpur,26.66666667,77.83333333,1996,2025,2,FEB,T2M_MAX,temp_max_c,34.2223,1.8285,28.67,38,30,38,31.9173
Uttar Pradesh,42354,Dholpur,26.66666667,77.83333333,1996,2025,2,FEB,T2M_MIN,temp_min_c,5.9047,1.766,1.83,10.77,30,1.83,26.22
Uttar Pradesh,42354,Dholpur,26.66666667,77.83333333,1996,2025,2,FEB,WS10M,wind_speed_ms,2.6737,0.1706,2.42,3.07,30,2.67,2.97
Uttar Pradesh,42354,Dholpur,26.66666667,77.83333333,1996,2025,3,MAR,ALLSKY_SFC_SW_DWN,solar_kwh_m2_day,21.96,1.1158,19.06,23.97,30,21.96,11.8733
Uttar Pradesh,42354,Dholpur,26.66666667,77.83333333,1996,2025,3,MAR,PRECTOTCORR,rainfall_mm,0.2913,0.5508,0,2.87,30,0.29,12.9827
Uttar Pradesh,42354,Dholpur,26.66666667,77.83333333,1996,2025,3,MAR,RH2M,humidity_pct,27.0607,9.1324,14.6,47,30,27.06,86.3309
Uttar Pradesh,42354,Dholpur,26.66666667,77.83333333,1996,2025,3,MAR,T2M,temp_mean_c,25.478,1.5175,22.44,27.85,30,25.48,28.6791
Uttar Pradesh,42354,Dholpur,26.66666667,77.83333333,1996,2025,3,MAR,T2M_MAX,temp_max_c,40.3783,2.3853,34.97,44.43,30,44.43,31.9173
Uttar Pradesh,42354,Dholpur,26.66666667,77.83333333,1996,2025,3,MAR,T2M_MIN,temp_min_c,10.9567,2.4722,6.38,15.59,30,6.38,26.22
Uttar Pradesh,42354,Dholpur,26.66666667,77.83333333,1996,2025,3,MAR,WS10M,wind_speed_ms,2.8687,0.2676,2.25,3.32,30,2.87,2.97
Uttar Pradesh,42354,Dholpur,26.66666667,77.83333333,1996,2025,4,APR,ALLSKY_SFC_SW_DWN,solar_kwh_m2_day,25.0773,0.9436,22.68,26.85,30,25.08,11.8733
Uttar Pradesh,42354,Dholpur,26.66666667,77.83333333,1996,2025,4,APR,PRECTOTCORR,rainfall_mm,0.208,0.2523,0,0.98,30,0.21,12.9827
Uttar Pradesh,42354,Dholpur,26.66666667,77.83333333,1996,2025,4,APR,RH2M,humidity_pct,19.1867,6.4073,8.57,40,30,19.19,86.3309
Uttar Pradesh,42354,Dholpur,26.66666667,77.83333333,1996,2025,4,APR,T2M,temp_mean_c,31.9693,1.3531,28.8,34.71,30,31.97,28.6791
Uttar Pradesh,42354,Dholpur,26.66666667,77.83333333,1996,2025,4,APR,T2M_MAX,temp_max_c,44.7283,1.2635,41.66,46.93,30,46.93,31.9173
Uttar Pradesh,42354,Dholpur,26.66666667,77.83333333,1996,2025,4,APR,T2M_MIN,temp_min_c,17.8353,1.9385,12.23,21.86,30,12.23,26.22
Uttar Pradesh,42354,Dholpur,26.66666667,77.83333333,1996,2025,4,APR,WS10M,wind_speed_ms,3.148,0.3334,2.59,3.93,30,3.15,2.97
Uttar Pradesh,42354,Dholpur,26.66666667,77.83333333,1996,2025,5,MAY,ALLSKY_SFC_SW_DWN,solar_kwh_m2_day,25.3853,1.1253,22.26,27.29,30,25.39,11.8733
Uttar Pradesh,42354,Dholpur,26.66666667,77.83333333,1996,2025,5,MAY,PRECTOTCORR,rainfall_mm,0.6837,0.6182,0.05,3.05,30,0.68,12.9827
Uttar Pradesh,42354,Dholpur,26.66666667,77.83333333,1996,2025,5,MAY,RH2M,humidity_pct,21.9017,4.7396,14.36,33.54,30,21.9,86.3309
Uttar Pradesh,42354,Dholpur,26.66666667,77.83333333,1996,2025,5,MAY,T2M,temp_mean_c,36.055,1.1642,33.17,37.56,30,36.06,28.6791
Uttar Pradesh,42354,Dholpur,26.66666667,77.83333333,1996,2025,5,MAY,T2M_MAX,temp_max_c,47.0113,1.2404,43.22,49.62,30,49.62,31.9173
Uttar Pradesh,42354,Dholpur,26.66666667,77.83333333,1996,2025,5,MAY,T2M_MIN,temp_min_c,24.005,2.1765,19.07,27.01,30,19.07,26.22
Uttar Pradesh,42354,Dholpur,26.66666667,77.83333333,1996,2025,5,MAY,WS10M,wind_speed_ms,3.713,0.4613,2.74,4.72,30,3.71,2.97
Uttar Pradesh,42354,Dholpur,26.66666667,77.83333333,1996,2025,6,JUN,ALLSKY_SFC_SW_DWN,solar_kwh_m2_day,22.36,1.4607,18.4,24.93,30,22.36,11.8733
Uttar Pradesh,42354,Dholpur,26.66666667,77.83333333,1996,2025,6,JUN,PRECTOTCORR,rainfall_mm,2.688,1.9428,0.61,7.98,30,2.69,12.9827
Uttar Pradesh,42354,Dholpur,26.66666667,77.83333333,1996,2025,6,JUN,RH2M,humidity_pct,37.1913,8.02,22.72,57.44,30,37.19,86.3309
Uttar Pradesh,42354,Dholpur,26.66666667,77.83333333,1996,2025,6,JUN,T2M,temp_mean_c,36.2237,1.4664,32.82,38.67,30,36.22,28.6791
Uttar Pradesh,42354,Dholpur,26.66666667,77.83333333,1996,2025,6,JUN,T2M_MAX,temp_max_c,46.644,1.5149,43.36,49.28,30,49.28,31.9173
Uttar Pradesh,42354,Dholpur,26.66666667,77.83333333,1996,2025,6,JUN,T2M_MIN,temp_min_c,26.7113,1.3165,23.59,28.76,30,23.59,26.22
Uttar Pradesh,42354,Dholpur,26.66666667,77.83333333,1996,2025,6,JUN,WS10M,wind_speed_ms,3.914,0.6069,2.9,5.21,30,3.91,2.97
Uttar Pradesh,42354,Dholpur,26.66666667,77.83333333,1996,2025,7,JUL,ALLSKY_SFC_SW_DWN,solar_kwh_m2_day,18.0797,1.5651,14.97,22.42,30,18.08,11.8733
Uttar Pradesh,42354,Dholpur,26.66666667,77.83333333,1996,2025,7,JUL,PRECTOTCORR,rainfall_mm,6.9667,3.046,0.51,16.11,30,6.97,12.9827
Uttar Pradesh,42354,Dholpur,26.66666667,77.83333333,1996,2025,7,JUL,RH2M,humidity_pct,66.0037,11.1285,32.62,84.91,30,66,86.3309
Uttar Pradesh,42354,Dholpur,26.66666667,77.83333333,1996,2025,7,JUL,T2M,temp_mean_c,31.7983,1.8326,28.91,37.61,30,31.8,28.6791
Uttar Pradesh,42354,Dholpur,26.66666667,77.83333333,1996,2025,7,JUL,T2M_MAX,temp_max_c,41.2793,3.1052,34.11,46.41,30,46.41,31.9173
Uttar Pradesh,42354,Dholpur,26.66666667,77.83333333,1996,2025,7,JUL,T2M_MIN,temp_min_c,25.6763,1.1633,23.85,29.66,30,23.85,26.22
Uttar Pradesh,42354,Dholpur,26.66666667,77.83333333,1996,2025,7,JUL,WS10M,wind_speed_ms,3.5257,0.5968,2.48,5.61,30,3.53,2.97
Uttar Pradesh,42354,Dholpur,26.66666667,77.83333333,1996,2025,8,AUG,ALLSKY_SFC_SW_DWN,solar_kwh_m2_day,17.2787,1.6169,14.15,20.62,30,17.28,11.8733
Uttar Pradesh,42354,Dholpur,26.66666667,77.83333333,1996,2025,8,AUG,PRECTOTCORR,rainfall_mm,6.4607,2.2572,1.65,11.41,30,6.46,12.9827
Uttar Pradesh,42354,Dholpur,26.66666667,77.83333333,1996,2025,8,AUG,RH2M,humidity_pct,77.7837,7.8038,60.79,88.06,30,77.78,86.3309
Uttar Pradesh,42354,Dholpur,26.66666667,77.83333333,1996,2025,8,AUG,T2M,temp_mean_c,29.3813,1.1591,28.01,32.41,30,29.38,28.6791
Uttar Pradesh,42354,Dholpur,26.66666667,77.83333333,1996,2025,8,AUG,T2M_MAX,temp_max_c,36.3407,2.8085,32.53,42.89,30,42.89,31.9173
Uttar Pradesh,42354,Dholpur,26.66666667,77.83333333,1996,2025,8,AUG,T2M_MIN,temp_min_c,24.3147,0.7728,22.51,25.78,30,22.51,26.22
Uttar Pradesh,42354,Dholpur,26.66666667,77.83333333,1996,2025,8,AUG,WS10M,wind_speed_ms,3.24,0.4939,2.57,4.47,30,3.24,2.97
Uttar Pradesh,42354,Dholpur,26.66666667,77.83333333,1996,2025,9,SEP,ALLSKY_SFC_SW_DWN,solar_kwh_m2_day,18.679,1.8845,15.06,21.7,30,18.68,11.8733
Uttar Pradesh,42354,Dholpur,26.66666667,77.83333333,1996,2025,9,SEP,PRECTOTCORR,rainfall_mm,4.084,2.2562,0.53,10.1,30,4.08,12.9827
Uttar Pradesh,42354,Dholpur,26.66666667,77.83333333,1996,2025,9,SEP,RH2M,humidity_pct,73.985,10.5528,51.46,86.77,30,73.99,86.3309
Uttar Pradesh,42354,Dholpur,26.66666667,77.83333333,1996,2025,9,SEP,T2M,temp_mean_c,28.427,1.266,26.31,30.99,30,28.43,28.6791
Uttar Pradesh,42354,Dholpur,26.66666667,77.83333333,1996,2025,9,SEP,T2M_MAX,temp_max_c,36.1203,2.5587,32.3,40.69,30,40.69,31.9173
Uttar Pradesh,42354,Dholpur,26.66666667,77.83333333,1996,2025,9,SEP,T2M_MIN,temp_min_c,20.9757,1.5454,17.98,23.36,30,17.98,26.22
Uttar Pradesh,42354,Dholpur,26.66666667,77.83333333,1996,2025,9,SEP,WS10M,wind_speed_ms,2.843,0.4429,2.07,3.94,30,2.84,2.97
Uttar Pradesh,42354,Dholpur,26.66666667,77.83333333,1996,2025,10,OCT,ALLSKY_SFC_SW_DWN,solar_kwh_m2_day,18.4497,1.0401,15.38,19.79,30,18.45,11.8733
Uttar Pradesh,42354,Dholpur,26.66666667,77.83333333,1996,2025,10,OCT,PRECTOTCORR,rainfall_mm,0.8423,1.1536,0,4.32,30,0.84,12.9827
Uttar Pradesh,42354,Dholpur,26.66666667,77.83333333,1996,2025,10,OCT,RH2M,humidity_pct,56.826,13.3013,31.07,77.3,30,56.83,86.3309
Uttar Pradesh,42354,Dholpur,26.66666667,77.83333333,1996,2025,10,OCT,T2M,temp_mean_c,25.8637,1.4074,23.41,28.49,30,25.86,28.6791
Uttar Pradesh,42354,Dholpur,26.66666667,77.83333333,1996,2025,10,OCT,T2M_MAX,temp_max_c,35.5293,2.5918,31.51,40.4,30,40.4,31.9173
Uttar Pradesh,42354,Dholpur,26.66666667,77.83333333,1996,2025,10,OCT,T2M_MIN,temp_min_c,15.633,1.4088,11.8,18.18,30,11.8,26.22
Uttar Pradesh,42354,Dholpur,26.66666667,77.83333333,1996,2025,10,OCT,WS10M,wind_speed_ms,2.2717,0.1999,1.85,2.77,30,2.27,2.97
Uttar Pradesh,42354,Dholpur,26.66666667,77.83333333,1996,2025,11,NOV,ALLSKY_SFC_SW_DWN,solar_kwh_m2_day,15.1683,1.4061,12.17,18.07,30,15.17,11.8733
Uttar Pradesh,42354,Dholpur,26.66666667,77.83333333,1996,2025,11,NOV,PRECTOTCORR,rainfall_mm,0.1697,0.4212,0,2.03,30,0.17,12.9827
Uttar Pradesh,42354,Dholpur,26.66666667,77.83333333,1996,2025,11,NOV,RH2M,humidity_pct,45.583,12.6811,24.22,69.49,30,45.58,86.3309
Uttar Pradesh,42354,Dholpur,26.66666667,77.83333333,1996,2025,11,NOV,T2M,temp_mean_c,21.1823,1.3379,17.58,23.07,30,21.18,28.6791
Uttar Pradesh,42354,Dholpur,26.66666667,77.83333333,1996,2025,11,NOV,T2M_MAX,temp_max_c,32.7043,1.9056,28.61,38.08,30,38.08,31.9173
Uttar Pradesh,42354,Dholpur,26.66666667,77.83333333,1996,2025,11,NOV,T2M_MIN,temp_min_c,9.908,1.5389,6.97,14.09,30,6.97,26.22
Uttar Pradesh,42354,Dholpur,26.66666667,77.83333333,1996,2025,11,NOV,WS10M,wind_speed_ms,2.216,0.1948,1.81,2.64,30,2.22,2.97
Uttar Pradesh,42354,Dholpur,26.66666667,77.83333333,1996,2025,12,DEC,ALLSKY_SFC_SW_DWN,solar_kwh_m2_day,13.353,1.1492,10.32,15.99,30,13.35,11.8733
Uttar Pradesh,42354,Dholpur,26.66666667,77.83333333,1996,2025,12,DEC,PRECTOTCORR,rainfall_mm,0.241,0.4555,0,2.24,30,0.24,12.9827
Uttar Pradesh,42354,Dholpur,26.66666667,77.83333333,1996,2025,12,DEC,RH2M,humidity_pct,42.93,12.1229,20.81,64.33,30,42.93,86.3309
Uttar Pradesh,42354,Dholpur,26.66666667,77.83333333,1996,2025,12,DEC,T2M,temp_mean_c,16.614,1.1612,14.24,18.71,30,16.61,28.6791
Uttar Pradesh,42354,Dholpur,26.66666667,77.83333333,1996,2025,12,DEC,T2M_MAX,temp_max_c,28.779,1.9416,24.84,32.46,30,32.46,31.9173
Uttar Pradesh,42354,Dholpur,26.66666667,77.83333333,1996,2025,12,DEC,T2M_MIN,temp_min_c,5.0413,1.5998,1.31,7.62,30,1.31,26.22
Uttar Pradesh,42354,Dholpur,26.66666667,77.83333333,1996,2025,12,DEC,WS10M,wind_speed_ms,2.25,0.1922,1.9,2.68,30,2.25,2.97
Uttar Pradesh,42364,Etawah,26.45,79.01666667,1996,2025,0,ANNUAL,ALLSKY_SFC_SW_DWN,solar_kwh_m2_day,18.0657,0.6729,16.7,19.13,30,,12.7889
Uttar Pradesh,42364,Etawah,26.45,79.01666667,1996,2025,0,ANNUAL,PRECTOTCORR,rainfall_mm,1.981,0.5578,0.91,3.52,30,,16.0618
Uttar Pradesh,42364,Etawah,26.45,79.01666667,1996,2025,0,ANNUAL,RH2M,humidity_pct,46.2457,5.6249,33.81,57.26,30,,85.1591
Uttar Pradesh,42364,Etawah,26.45,79.01666667,1996,2025,0,ANNUAL,T2M,temp_mean_c,26.5247,0.6509,25.26,27.69,30,,29.0927
Uttar Pradesh,42364,Etawah,26.45,79.01666667,1996,2025,0,ANNUAL,T2M_MAX,temp_max_c,47.5967,1.0695,45.27,49.54,30,,32.35
Uttar Pradesh,42364,Etawah,26.45,79.01666667,1996,2025,0,ANNUAL,T2M_MIN,temp_min_c,3.3793,1.2461,0.69,5.52,30,,26.5073
Uttar Pradesh,42364,Etawah,26.45,79.01666667,1996,2025,0,ANNUAL,WS10M,wind_speed_ms,2.9123,0.1644,2.67,3.22,30,,2.9409
Uttar Pradesh,42364,Etawah,26.45,79.01666667,1996,2025,1,JAN,ALLSKY_SFC_SW_DWN,solar_kwh_m2_day,11.9637,1.8154,7.8,15.33,30,11.96,12.7889
Uttar Pradesh,42364,Etawah,26.45,79.01666667,1996,2025,1,JAN,PRECTOTCORR,rainfall_mm,0.4123,0.469,0,1.49,30,0.41,16.0618
Uttar Pradesh,42364,Etawah,26.45,79.01666667,1996,2025,1,JAN,RH2M,humidity_pct,43.0697,11.181,25.79,65.48,30,43.07,85.1591
Uttar Pradesh,42364,Etawah,26.45,79.01666667,1996,2025,1,JAN,T2M,temp_mean_c,15.232,1.1065,13.19,17.21,30,15.23,29.0927
Uttar Pradesh,42364,Etawah,26.45,79.01666667,1996,2025,1,JAN,T2M_MAX,temp_max_c,28.7187,2.2451,24.38,33.05,30,33.05,32.35
Uttar Pradesh,42364,Etawah,26.45,79.01666667,1996,2025,1,JAN,T2M_MIN,temp_min_c,3.8263,1.2877,0.69,6.01,30,0.69,26.5073
Uttar Pradesh,42364,Etawah,26.45,79.01666667,1996,2025,1,JAN,WS10M,wind_speed_ms,2.462,0.2317,1.88,2.97,30,2.46,2.9409
Uttar Pradesh,42364,Etawah,26.45,79.01666667,1996,2025,2,FEB,ALLSKY_SFC_SW_DWN,solar_kwh_m2_day,17.0273,1.2288,14.64,19.22,30,17.03,12.7889
Uttar Pradesh,42364,Etawah,26.45,79.01666667,1996,2025,2,FEB,PRECTOTCORR,rainfall_mm,0.418,0.6161,0,2.23,30,0.42,16.0618
Uttar Pradesh,42364,Etawah,26.45,79.01666667,1996,2025,2,FEB,RH2M,humidity_pct,36.3937,9.8561,20.33,54.99,30,36.39,85.1591
Uttar Pradesh,42364,Etawah,26.45,79.01666667,1996,2025,2,FEB,T2M,temp_mean_c,19.2423,1.4915,16.79,23.68,30,19.24,29.0927
Uttar Pradesh,42364,Etawah,26.45,79.01666667,1996,2025,2,FEB,T2M_MAX,temp_max_c,34.0513,1.974,28.37,38.26,30,38.26,32.35
Uttar Pradesh,42364,Etawah,26.45,79.01666667,1996,2025,2,FEB,T2M_MIN,temp_min_c,6.1653,1.7588,1.7,10.56,30,1.7,26.5073
Uttar Pradesh,42364,Etawah,26.45,79.01666667,1996,2025,2,FEB,WS10M,wind_speed_ms,2.754,0.2009,2.39,3.23,30,2.75,2.9409
Uttar Pradesh,42364,Etawah,26.45,79.01666667,1996,2025,3,MAR,ALLSKY_SFC_SW_DWN,solar_kwh_m2_day,21.4863,1.0529,18.84,23.42,30,21.49,12.7889
Uttar Pradesh,42364,Etawah,26.45,79.01666667,1996,2025,3,MAR,PRECTOTCORR,rainfall_mm,0.302,0.5715,0,2.97,30,0.3,16.0618
Uttar Pradesh,42364,Etawah,26.45,79.01666667,1996,2025,3,MAR,RH2M,humidity_pct,27.3843,9.206,14.98,47.08,30,27.38,85.1591
Uttar Pradesh,42364,Etawah,26.45,79.01666667,1996,2025,3,MAR,T2M,temp_mean_c,25.5597,1.4902,22.54,27.87,30,25.56,29.0927
Uttar Pradesh,42364,Etawah,26.45,79.01666667,1996,2025,3,MAR,T2M_MAX,temp_max_c,40.4547,2.3002,35.8,43.87,30,43.87,32.35
Uttar Pradesh,42364,Etawah,26.45,79.01666667,1996,2025,3,MAR,T2M_MIN,temp_min_c,11.1783,2.2481,7.13,15.82,30,7.13,26.5073
Uttar Pradesh,42364,Etawah,26.45,79.01666667,1996,2025,3,MAR,WS10M,wind_speed_ms,2.93,0.3036,2.21,3.47,30,2.93,2.9409
Uttar Pradesh,42364,Etawah,26.45,79.01666667,1996,2025,4,APR,ALLSKY_SFC_SW_DWN,solar_kwh_m2_day,24.4677,0.8797,22.45,26.39,30,24.47,12.7889
Uttar Pradesh,42364,Etawah,26.45,79.01666667,1996,2025,4,APR,PRECTOTCORR,rainfall_mm,0.2067,0.228,0,0.92,30,0.21,16.0618
Uttar Pradesh,42364,Etawah,26.45,79.01666667,1996,2025,4,APR,RH2M,humidity_pct,19.3033,6.4537,8.48,39.93,30,19.3,85.1591
Uttar Pradesh,42364,Etawah,26.45,79.01666667,1996,2025,4,APR,T2M,temp_mean_c,32.0837,1.3425,29.01,34.86,30,32.08,29.0927
Uttar Pradesh,42364,Etawah,26.45,79.01666667,1996,2025,4,APR,T2M_MAX,temp_max_c,44.864,1.26,41.71,47.14,30,47.14,32.35
Uttar Pradesh,42364,Etawah,26.45,79.01666667,1996,2025,4,APR,T2M_MIN,temp_min_c,18.0813,1.8412,12.9,22.03,30,12.9,26.5073
Uttar Pradesh,42364,Etawah,26.45,79.01666667,1996,2025,4,APR,WS10M,wind_speed_ms,3.1637,0.3316,2.57,4.04,30,3.16,2.9409
Uttar Pradesh,42364,Etawah,26.45,79.01666667,1996,2025,5,MAY,ALLSKY_SFC_SW_DWN,solar_kwh_m2_day,24.6003,1.1475,21.63,26.75,30,24.6,12.7889
Uttar Pradesh,42364,Etawah,26.45,79.01666667,1996,2025,5,MAY,PRECTOTCORR,rainfall_mm,0.696,0.5984,0.01,2.94,30,0.7,16.0618
Uttar Pradesh,42364,Etawah,26.45,79.01666667,1996,2025,5,MAY,RH2M,humidity_pct,22.1073,4.895,14.31,34.44,30,22.11,85.1591
Uttar Pradesh,42364,Etawah,26.45,79.01666667,1996,2025,5,MAY,T2M,temp_mean_c,36.129,1.1759,33,37.65,30,36.13,29.0927
Uttar Pradesh,42364,Etawah,26.45,79.01666667,1996,2025,5,MAY,T2M_MAX,temp_max_c,47.106,1.2768,43.06,49.54,30,49.54,32.35
Uttar Pradesh,42364,Etawah,26.45,79.01666667,1996,2025,5,MAY,T2M_MIN,temp_min_c,24.0843,2.0795,19.57,27,30,19.57,26.5073
Uttar Pradesh,42364,Etawah,26.45,79.01666667,1996,2025,5,MAY,WS10M,wind_speed_ms,3.5717,0.4214,2.88,4.55,30,3.57,2.9409
Uttar Pradesh,42364,Etawah,26.45,79.01666667,1996,2025,6,JUN,ALLSKY_SFC_SW_DWN,solar_kwh_m2_day,21.7997,1.6545,17.88,24.92,30,21.8,12.7889
Uttar Pradesh,42364,Etawah,26.45,79.01666667,1996,2025,6,JUN,PRECTOTCORR,rainfall_mm,2.7297,1.9292,0.64,8.62,30,2.73,16.0618
Uttar Pradesh,42364,Etawah,26.45,79.01666667,1996,2025,6,JUN,RH2M,humidity_pct,37.327,8.2744,21.94,57.4,30,37.33,85.1591
Uttar Pradesh,42364,Etawah,26.45,79.01666667,1996,2025,6,JUN,T2M,temp_mean_c,36.3247,1.5175,32.94,38.99,30,36.32,29.0927
Uttar Pradesh,42364,Etawah,26.45,79.01666667,1996,2025,6,JUN,T2M_MAX,temp_max_c,46.78,1.458,43.88,49.39,30,49.39,32.35
Uttar Pradesh,42364,Etawah,26.45,79.01666667,1996,2025,6,JUN,T2M_MIN,temp_min_c,26.9207,1.325,23.78,29.05,30,23.78,26.5073
Uttar Pradesh,42364,Etawah,26.45,79.01666667,1996,2025,6,JUN,WS10M,wind_speed_ms,3.8463,0.627,2.79,5.26,30,3.85,2.9409
Uttar Pradesh,42364,Etawah,26.45,79.01666667,1996,2025,7,JUL,ALLSKY_SFC_SW_DWN,solar_kwh_m2_day,17.427,1.4261,14.76,20.23,30,17.43,12.7889
Uttar Pradesh,42364,Etawah,26.45,79.01666667,1996,2025,7,JUL,PRECTOTCORR,rainfall_mm,6.9633,2.9574,0.51,16.23,30,6.96,16.0618
Uttar Pradesh,42364,Etawah,26.45,79.01666667,1996,2025,7,JUL,RH2M,humidity_pct,66.2537,10.936,31.89,84.22,30,66.25,85.1591
Uttar Pradesh,42364,Etawah,26.45,79.01666667,1996,2025,7,JUL,T2M,temp_mean_c,31.894,1.8296,28.91,37.99,30,31.89,29.0927
Uttar Pradesh,42364,Etawah,26.45,79.01666667,1996,2025,7,JUL,T2M_MAX,temp_max_c,41.2717,3.0478,34.45,46.57,30,46.57,32.35
Uttar Pradesh,42364,Etawah,26.45,79.01666667,1996,2025,7,JUL,T2M_MIN,temp_min_c,25.859,1.1209,24.26,29.97,30,24.26,26.5073
Uttar Pradesh,42364,Etawah,26.45,79.01666667,1996,2025,7,JUL,WS10M,wind_speed_ms,3.479,0.5677,2.55,5.49,30,3.48,2.9409
Uttar Pradesh,42364,Etawah,26.45,79.01666667,1996,2025,8,AUG,ALLSKY_SFC_SW_DWN,solar_kwh_m2_day,17.135,1.5908,13.54,19.82,30,17.14,12.7889
Uttar Pradesh,42364,Etawah,26.45,79.01666667,1996,2025,8,AUG,PRECTOTCORR,rainfall_mm,6.4973,2.3346,1.56,11.35,30,6.5,16.0618
Uttar Pradesh,42364,Etawah,26.45,79.01666667,1996,2025,8,AUG,RH2M,humidity_pct,77.9043,7.8349,60.88,88.29,30,77.9,85.1591
Uttar Pradesh,42364,Etawah,26.45,79.01666667,1996,2025,8,AUG,T2M,temp_mean_c,29.531,1.154,28.11,32.55,30,29.53,29.0927
Uttar Pradesh,42364,Etawah,26.45,79.01666667,1996,2025,8,AUG,T2M_MAX,temp_max_c,36.3917,2.7515,32.41,42.79,30,42.79,32.35
Uttar Pradesh,42364,Etawah,26.45,79.01666667,1996,2025,8,AUG,T2M_MIN,temp_min_c,24.4497,0.7781,22.73,26.09,30,22.73,26.5073
Uttar Pradesh,42364,Etawah,26.45,79.01666667,1996,2025,8,AUG,WS10M,wind_speed_ms,3.196,0.4771,2.49,4.51,30,3.2,2.9409
Uttar Pradesh,42364,Etawah,26.45,79.01666667,1996,2025,9,SEP,ALLSKY_SFC_SW_DWN,solar_kwh_m2_day,17.7103,1.7833,13.56,20.74,30,17.71,12.7889
Uttar Pradesh,42364,Etawah,26.45,79.01666667,1996,2025,9,SEP,PRECTOTCORR,rainfall_mm,4.1173,2.2776,0.56,10.46,30,4.12,16.0618
Uttar Pradesh,42364,Etawah,26.45,79.01666667,1996,2025,9,SEP,RH2M,humidity_pct,74.7517,10.1038,52.04,86.39,30,74.75,85.1591
Uttar Pradesh,42364,Etawah,26.45,79.01666667,1996,2025,9,SEP,T2M,temp_mean_c,28.5227,1.2115,26.48,30.89,30,28.52,29.0927
Uttar Pradesh,42364,Etawah,26.45,79.01666667,1996,2025,9,SEP,T2M_MAX,temp_max_c,36.0633,2.5399,32.27,40.07,30,40.07,32.35
Uttar Pradesh,42364,Etawah,26.45,79.01666667,1996,2025,9,SEP,T2M_MIN,temp_min_c,21.099,1.6163,17.91,23.56,30,17.91,26.5073
Uttar Pradesh,42364,Etawah,26.45,79.01666667,1996,2025,9,SEP,WS10M,wind_speed_ms,2.8223,0.4246,2,3.7,30,2.82,2.9409
Uttar Pradesh,42364,Etawah,26.45,79.01666667,1996,2025,10,OCT,ALLSKY_SFC_SW_DWN,solar_kwh_m2_day,17.3183,1.1229,14.27,19.19,30,17.32,12.7889
Uttar Pradesh,42364,Etawah,26.45,79.01666667,1996,2025,10,OCT,PRECTOTCORR,rainfall_mm,0.87,1.2051,0,4.23,30,0.87,16.0618
Uttar Pradesh,42364,Etawah,26.45,79.01666667,1996,2025,10,OCT,RH2M,humidity_pct,58.1327,12.8278,35.55,77.65,30,58.13,85.1591
Uttar Pradesh,42364,Etawah,26.45,79.01666667,1996,2025,10,OCT,T2M,temp_mean_c,25.9243,1.4105,23.61,28.55,30,25.92,29.0927
Uttar Pradesh,42364,Etawah,26.45,79.01666667,1996,2025,10,OCT,T2M_MAX,temp_max_c,35.454,2.685,31.27,40.39,30,40.39,32.35
Uttar Pradesh,42364,Etawah,26.45,79.01666667,1996,2025,10,OCT,T2M_MIN,temp_min_c,15.676,1.4655,11.65,18.31,30,11.65,26.5073
Uttar Pradesh,42364,Etawah,26.45,79.01666667,1996,2025,10,OCT,WS10M,wind_speed_ms,2.223,0.2145,1.9,2.69,30,2.22,2.9409
Uttar Pradesh,42364,Etawah,26.45,79.01666667,1996,2025,11,NOV,ALLSKY_SFC_SW_DWN,solar_kwh_m2_day,14.057,1.2099,11.46,16.41,30,14.06,12.7889
Uttar Pradesh,42364,Etawah,26.45,79.01666667,1996,2025,11,NOV,PRECTOTCORR,rainfall_mm,0.1657,0.418,0,2.06,30,0.17,16.0618
Uttar Pradesh,42364,Etawah,26.45,79.01666667,1996,2025,11,NOV,RH2M,humidity_pct,47.1003,13.0548,26.08,70.27,30,47.1,85.1591
Uttar Pradesh,42364,Etawah,26.45,79.01666667,1996,2025,11,NOV,T2M,temp_mean_c,21.0937,1.4049,17.41,23.14,30,21.09,29.0927
Uttar Pradesh,42364,Etawah,26.45,79.01666667,1996,2025,11,NOV,T2M_MAX,temp_max_c,32.4867,2.0312,28.43,38.25,30,38.25,32.35
Uttar Pradesh,42364,Etawah,26.45,79.01666667,1996,2025,11,NOV,T2M_MIN,temp_min_c,9.854,1.5029,6.87,13.15,30,6.87,26.5073
Uttar Pradesh,42364,Etawah,26.45,79.01666667,1996,2025,11,NOV,WS10M,wind_speed_ms,2.208,0.2286,1.79,2.69,30,2.21,2.9409
Uttar Pradesh,42364,Etawah,26.45,79.01666667,1996,2025,12,DEC,ALLSKY_SFC_SW_DWN,solar_kwh_m2_day,11.8803,1.2218,8.47,14.69,30,11.88,12.7889
Uttar Pradesh,42364,Etawah,26.45,79.01666667,1996,2025,12,DEC,PRECTOTCORR,rainfall_mm,0.231,0.4316,0,2.12,30,0.23,16.0618
Uttar Pradesh,42364,Etawah,26.45,79.01666667,1996,2025,12,DEC,RH2M,humidity_pct,44.151,12.4004,21.53,68.11,30,44.15,85.1591
Uttar Pradesh,42364,Etawah,26.45,79.01666667,1996,2025,12,DEC,T2M,temp_mean_c,16.5107,1.1606,14.13,18.67,30,16.51,29.0927
Uttar Pradesh,42364,Etawah,26.45,79.01666667,1996,2025,12,DEC,T2M_MAX,temp_max_c,28.5157,1.9808,24.48,32.47,30,32.47,32.35
Uttar Pradesh,42364,Etawah,26.45,79.01666667,1996,2025,12,DEC,T2M_MIN,temp_min_c,5.0457,1.568,1.21,7.73,30,1.21,26.5073
Uttar Pradesh,42364,Etawah,26.45,79.01666667,1996,2025,12,DEC,WS10M,wind_speed_ms,2.285,0.2464,1.88,2.84,30,2.28,2.9409
Uttar Pradesh,42372,Fursatganj,26.25,81.36,1996,2025,0,ANNUAL,ALLSKY_SFC_SW_DWN,solar_kwh_m2_day,17.331,0.6711,16,18.38,30,,14.1356
Uttar Pradesh,42372,Fursatganj,26.25,81.36,1996,2025,0,ANNUAL,PRECTOTCORR,rainfall_mm,2.5493,0.4864,1.76,3.93,30,,15.9173
Uttar Pradesh,42372,Fursatganj,26.25,81.36,1996,2025,0,ANNUAL,RH2M,humidity_pct,51.667,4.7877,43.65,59.83,30,,85.1373
Uttar Pradesh,42372,Fursatganj,26.25,81.36,1996,2025,0,ANNUAL,T2M,temp_mean_c,26.0357,0.5314,24.8,27,30,,29.1618
Uttar Pradesh,42372,Fursatganj,26.25,81.36,1996,2025,0,ANNUAL,T2M_MAX,temp_max_c,47.21,1.1108,43.94,49.04,30,,32.4827
Uttar Pradesh,42372,Fursatganj,26.25,81.36,1996,2025,0,ANNUAL,T2M_MIN,temp_min_c,3.7853,1.3253,0.99,6.15,30,,26.5082
Uttar Pradesh,42372,Fursatganj,26.25,81.36,1996,2025,0,ANNUAL,WS10M,wind_speed_ms,2.9287,0.1133,2.64,3.11,30,,2.9882
Uttar Pradesh,42372,Fursatganj,26.25,81.36,1996,2025,1,JAN,ALLSKY_SFC_SW_DWN,solar_kwh_m2_day,10.9133,1.762,6.97,14.47,30,10.91,14.1356
Uttar Pradesh,42372,Fursatganj,26.25,81.36,1996,2025,1,JAN,PRECTOTCORR,rainfall_mm,0.5137,0.5654,0,1.94,30,0.51,15.9173
Uttar Pradesh,42372,Fursatganj,26.25,81.36,1996,2025,1,JAN,RH2M,humidity_pct,48.0927,12.0063,28,77.74,30,48.09,85.1373
Uttar Pradesh,42372,Fursatganj,26.25,81.36,1996,2025,1,JAN,T2M,temp_mean_c,15.082,1.1529,12.49,17.32,30,15.08,29.1618
Uttar Pradesh,42372,Fursatganj,26.25,81.36,1996,2025,1,JAN,T2M_MAX,temp_max_c,27.7653,2.3232,22.43,31.47,30,31.47,32.4827
Uttar Pradesh,42372,Fursatganj,26.25,81.36,1996,2025,1,JAN,T2M_MIN,temp_min_c,4.2673,1.3319,1.31,6.84,30,1.31,26.5082
Uttar Pradesh,42372,Fursatganj,26.25,81.36,1996,2025,1,JAN,WS10M,wind_speed_ms,2.6483,0.2083,2.05,3.02,30,2.65,2.9882
Uttar Pradesh,42372,Fursatganj,26.25,81.36,1996,2025,2,FEB,ALLSKY_SFC_SW_DWN,solar_kwh_m2_day,16.33,1.2229,13.92,18.21,30,16.33,14.1356
Uttar Pradesh,42372,Fursatganj,26.25,81.36,1996,2025,2,FEB,PRECTOTCORR,rainfall_mm,0.5453,0.7059,0,2.95,30,0.55,15.9173
Uttar Pradesh,42372,Fursatganj,26.25,81.36,1996,2025,2,FEB,RH2M,humidity_pct,40.558,10.3069,22.51,62.94,30,40.56,85.1373
Uttar Pradesh,42372,Fursatganj,26.25,81.36,1996,2025,2,FEB,T2M,temp_mean_c,19.15,1.489,15.63,22.85,30,19.15,29.1618
Uttar Pradesh,42372,Fursatganj,26.25,81.36,1996,2025,2,FEB,T2M_MAX,temp_max_c,33.1513,2.3645,26.83,38.08,30,38.08,32.4827
Uttar Pradesh,42372,Fursatganj,26.25,81.36,1996,2025,2,FEB,T2M_MIN,temp_min_c,6.756,1.6378,3.36,9.8,30,3.36,26.5082
Uttar Pradesh,42372,Fursatganj,26.25,81.36,1996,2025,2,FEB,WS10M,wind_speed_ms,2.993,0.2455,2.56,3.52,30,2.99,2.9882
Uttar Pradesh,42372,Fursatganj,26.25,81.36,1996,2025,3,MAR,ALLSKY_SFC_SW_DWN,solar_kwh_m2_day,20.958,1.0008,18.29,23.07,30,20.96,14.1356
Uttar Pradesh,42372,Fursatganj,26.25,81.36,1996,2025,3,MAR,PRECTOTCORR,rainfall_mm,0.3267,0.4781,0,2,30,0.33,15.9173
Uttar Pradesh,42372,Fursatganj,26.25,81.36,1996,2025,3,MAR,RH2M,humidity_pct,29.4777,9.8003,14.42,55.09,30,29.48,85.1373
Uttar Pradesh,42372,Fursatganj,26.25,81.36,1996,2025,3,MAR,T2M,temp_mean_c,25.515,1.4501,22.73,27.99,30,25.51,29.1618
Uttar Pradesh,42372,Fursatganj,26.25,81.36,1996,2025,3,MAR,T2M_MAX,temp_max_c,40.0363,2.0116,35.56,44.07,30,44.07,32.4827
Uttar Pradesh,42372,Fursatganj,26.25,81.36,1996,2025,3,MAR,T2M_MIN,temp_min_c,11.3757,2.1154,7.84,16.38,30,7.84,26.5082
Uttar Pradesh,42372,Fursatganj,26.25,81.36,1996,2025,3,MAR,WS10M,wind_speed_ms,3.245,0.3082,2.63,4.06,30,3.25,2.9882
Uttar Pradesh,42372,Fursatganj,26.25,81.36,1996,2025,4,APR,ALLSKY_SFC_SW_DWN,solar_kwh_m2_day,23.8323,0.9533,21.74,25.41,30,23.83,14.1356
Uttar Pradesh,42372,Fursatganj,26.25,81.36,1996,2025,4,APR,PRECTOTCORR,rainfall_mm,0.3223,0.3549,0,1.48,30,0.32,15.9173
Uttar Pradesh,42372,Fursatganj,26.25,81.36,1996,2025,4,APR,RH2M,humidity_pct,20.8613,7.0213,7.97,40.33,30,20.86,85.1373
Uttar Pradesh,42372,Fursatganj,26.25,81.36,1996,2025,4,APR,T2M,temp_mean_c,31.9437,1.298,29.28,34.09,30,31.94,29.1618
Uttar Pradesh,42372,Fursatganj,26.25,81.36,1996,2025,4,APR,T2M_MAX,temp_max_c,44.7563,1.4338,41.57,47.6,30,47.6,32.4827
Uttar Pradesh,42372,Fursatganj,26.25,81.36,1996,2025,4,APR,T2M_MIN,temp_min_c,18.5493,1.8194,14.83,22.81,30,14.83,26.5082
Uttar Pradesh,42372,Fursatganj,26.25,81.36,1996,2025,4,APR,WS10M,wind_speed_ms,3.405,0.3547,2.74,4.24,30,3.4,2.9882
Uttar Pradesh,42372,Fursatganj,26.25,81.36,1996,2025,5,MAY,ALLSKY_SFC_SW_DWN,solar_kwh_m2_day,23.8797,1.4363,19.19,26.14,30,23.88,14.1356
Uttar Pradesh,42372,Fursatganj,26.25,81.36,1996,2025,5,MAY,PRECTOTCORR,rainfall_mm,0.939,0.75,0,3.63,30,0.94,15.9173
Uttar Pradesh,42372,Fursatganj,26.25,81.36,1996,2025,5,MAY,RH2M,humidity_pct,25.3623,6.2726,15.71,40.63,30,25.36,85.1373
Uttar Pradesh,42372,Fursatganj,26.25,81.36,1996,2025,5,MAY,T2M,temp_mean_c,35.5203,1.137,31.92,36.81,30,35.52,29.1618
Uttar Pradesh,42372,Fursatganj,26.25,81.36,1996,2025,5,MAY,T2M_MAX,temp_max_c,46.568,1.3244,42.34,48.68,30,48.68,32.4827
Uttar Pradesh,42372,Fursatganj,26.25,81.36,1996,2025,5,MAY,T2M_MIN,temp_min_c,24.1053,1.7755,20.43,26.67,30,20.43,26.5082
Uttar Pradesh,42372,Fursatganj,26.25,81.36,1996,2025,5,MAY,WS10M,wind_speed_ms,3.3883,0.3344,2.81,4.04,30,3.39,2.9882
Uttar Pradesh,42372,Fursatganj,26.25,81.36,1996,2025,6,JUN,ALLSKY_SFC_SW_DWN,solar_kwh_m2_day,20.8603,2.1077,16.68,24.1,30,20.86,14.1356
Uttar Pradesh,42372,Fursatganj,26.25,81.36,1996,2025,6,JUN,PRECTOTCORR,rainfall_mm,3.9467,2.6226,0.4,11.64,30,3.95,15.9173
Uttar Pradesh,42372,Fursatganj,26.25,81.36,1996,2025,6,JUN,RH2M,humidity_pct,41.541,11.2796,23.65,65.83,30,41.54,85.1373
Uttar Pradesh,42372,Fursatganj,26.25,81.36,1996,2025,6,JUN,T2M,temp_mean_c,35.5567,2.0084,31.42,38.86,30,35.56,29.1618
Uttar Pradesh,42372,Fursatganj,26.25,81.36,1996,2025,6,JUN,T2M_MAX,temp_max_c,45.9897,2.1987,41.53,49.04,30,49.04,32.4827
Uttar Pradesh,42372,Fursatganj,26.25,81.36,1996,2025,6,JUN,T2M_MIN,temp_min_c,26.9463,1.4739,23.24,30.37,30,23.24,26.5082
Uttar Pradesh,42372,Fursatganj,26.25,81.36,1996,2025,6,JUN,WS10M,wind_speed_ms,3.6703,0.507,2.78,4.63,30,3.67,2.9882
Uttar Pradesh,42372,Fursatganj,26.25,81.36,1996,2025,7,JUL,ALLSKY_SFC_SW_DWN,solar_kwh_m2_day,16.9037,1.355,14.04,19.57,30,16.9,14.1356
Uttar Pradesh,42372,Fursatganj,26.25,81.36,1996,2025,7,JUL,PRECTOTCORR,rainfall_mm,8.743,2.9737,4.12,15.93,30,8.74,15.9173
Uttar Pradesh,42372,Fursatganj,26.25,81.36,1996,2025,7,JUL,RH2M,humidity_pct,72.9593,9.3357,42.74,88.08,30,72.96,85.1373
Uttar Pradesh,42372,Fursatganj,26.25,81.36,1996,2025,7,JUL,T2M,temp_mean_c,30.9453,1.4712,28.41,35.87,30,30.95,29.1618
Uttar Pradesh,42372,Fursatganj,26.25,81.36,1996,2025,7,JUL,T2M_MAX,temp_max_c,39.8337,2.9562,32.98,45.37,30,45.37,32.4827
Uttar Pradesh,42372,Fursatganj,26.25,81.36,1996,2025,7,JUL,T2M_MIN,temp_min_c,25.4147,0.5934,24.59,27.26,30,24.59,26.5082
Uttar Pradesh,42372,Fursatganj,26.25,81.36,1996,2025,7,JUL,WS10M,wind_speed_ms,3.441,0.3875,2.81,4.28,30,3.44,2.9882
Uttar Pradesh,42372,Fursatganj,26.25,81.36,1996,2025,8,AUG,ALLSKY_SFC_SW_DWN,solar_kwh_m2_day,16.8013,1.4826,13.52,19.4,30,16.8,14.1356
Uttar Pradesh,42372,Fursatganj,26.25,81.36,1996,2025,8,AUG,PRECTOTCORR,rainfall_mm,7.7867,2.8286,3.62,15.87,30,7.79,15.9173
Uttar Pradesh,42372,Fursatganj,26.25,81.36,1996,2025,8,AUG,RH2M,humidity_pct,82.2,4.9312,72.59,89.47,30,82.2,85.1373
Uttar Pradesh,42372,Fursatganj,26.25,81.36,1996,2025,8,AUG,T2M,temp_mean_c,29.1217,0.6692,28.17,30.59,30,29.12,29.1618
Uttar Pradesh,42372,Fursatganj,26.25,81.36,1996,2025,8,AUG,T2M_MAX,temp_max_c,35.2637,1.972,32.8,39.61,30,39.61,32.4827
Uttar Pradesh,42372,Fursatganj,26.25,81.36,1996,2025,8,AUG,T2M_MIN,temp_min_c,24.474,0.5122,23.55,25.36,30,23.55,26.5082
Uttar Pradesh,42372,Fursatganj,26.25,81.36,1996,2025,8,AUG,WS10M,wind_speed_ms,3.0863,0.4252,2.43,4.05,30,3.09,2.9882
Uttar Pradesh,42372,Fursatganj,26.25,81.36,1996,2025,9,SEP,ALLSKY_SFC_SW_DWN,solar_kwh_m2_day,16.816,1.6213,12.61,19.97,30,16.82,14.1356
Uttar Pradesh,42372,Fursatganj,26.25,81.36,1996,2025,9,SEP,PRECTOTCORR,rainfall_mm,5.536,2.4494,0.82,11.29,30,5.54,15.9173
Uttar Pradesh,42372,Fursatganj,26.25,81.36,1996,2025,9,SEP,RH2M,humidity_pct,81.6803,7.4024,55.64,88.4,30,81.68,85.1373
Uttar Pradesh,42372,Fursatganj,26.25,81.36,1996,2025,9,SEP,T2M,temp_mean_c,27.9303,0.7827,26.94,30.74,30,27.93,29.1618
Uttar Pradesh,42372,Fursatganj,26.25,81.36,1996,2025,9,SEP,T2M_MAX,temp_max_c,34.189,1.7933,31.81,39.44,30,39.44,32.4827
Uttar Pradesh,42372,Fursatganj,26.25,81.36,1996,2025,9,SEP,T2M_MIN,temp_min_c,21.584,1.3403,19.21,23.97,30,19.21,26.5082
Uttar Pradesh,42372,Fursatganj,26.25,81.36,1996,2025,9,SEP,WS10M,wind_speed_ms,2.76,0.3167,2.2,3.59,30,2.76,2.9882
Uttar Pradesh,42372,Fursatganj,26.25,81.36,1996,2025,10,OCT,ALLSKY_SFC_SW_DWN,solar_kwh_m2_day,16.6253,1.1256,14.05,18.67,30,16.62,14.1356
Uttar Pradesh,42372,Fursatganj,26.25,81.36,1996,2025,10,OCT,PRECTOTCORR,rainfall_mm,1.422,1.5575,0,6.03,30,1.42,15.9173
Uttar Pradesh,42372,Fursatganj,26.25,81.36,1996,2025,10,OCT,RH2M,humidity_pct,68.452,9.9481,39.39,81.74,30,68.45,85.1373
Uttar Pradesh,42372,Fursatganj,26.25,81.36,1996,2025,10,OCT,T2M,temp_mean_c,25.0473,1.1792,22.92,28.3,30,25.05,29.1618
Uttar Pradesh,42372,Fursatganj,26.25,81.36,1996,2025,10,OCT,T2M_MAX,temp_max_c,33.263,1.981,30.03,39.32,30,39.32,32.4827
Uttar Pradesh,42372,Fursatganj,26.25,81.36,1996,2025,10,OCT,T2M_MIN,temp_min_c,15.0973,1.456,11.62,18.48,30,11.62,26.5082
Uttar Pradesh,42372,Fursatganj,26.25,81.36,1996,2025,10,OCT,WS10M,wind_speed_ms,2.0427,0.2962,1.55,2.76,30,2.04,2.9882
Uttar Pradesh,42372,Fursatganj,26.25,81.36,1996,2025,11,NOV,ALLSKY_SFC_SW_DWN,solar_kwh_m2_day,13.3757,1.128,11.01,15.88,30,13.38,14.1356
Uttar Pradesh,42372,Fursatganj,26.25,81.36,1996,2025,11,NOV,PRECTOTCORR,rainfall_mm,0.1037,0.1984,0,0.81,30,0.1,15.9173
Uttar Pradesh,42372,Fursatganj,26.25,81.36,1996,2025,11,NOV,RH2M,humidity_pct,56.224,12.767,34.33,79.21,30,56.22,85.1373
Uttar Pradesh,42372,Fursatganj,26.25,81.36,1996,2025,11,NOV,T2M,temp_mean_c,20.3833,1.5628,17.28,24.52,30,20.38,29.1618
Uttar Pradesh,42372,Fursatganj,26.25,81.36,1996,2025,11,NOV,T2M_MAX,temp_max_c,30.5903,2.0156,26.45,34.55,30,34.55,32.4827
Uttar Pradesh,42372,Fursatganj,26.25,81.36,1996,2025,11,NOV,T2M_MIN,temp_min_c,9.936,1.6296,7.66,14.05,30,7.66,26.5082
Uttar Pradesh,42372,Fursatganj,26.25,81.36,1996,2025,11,NOV,WS10M,wind_speed_ms,2.1427,0.3162,1.49,2.88,30,2.14,2.9882
Uttar Pradesh,42372,Fursatganj,26.25,81.36,1996,2025,12,DEC,ALLSKY_SFC_SW_DWN,solar_kwh_m2_day,10.766,1.3192,7.71,13.35,30,10.77,14.1356
Uttar Pradesh,42372,Fursatganj,26.25,81.36,1996,2025,12,DEC,PRECTOTCORR,rainfall_mm,0.2227,0.4224,0,2.14,30,0.22,15.9173
Uttar Pradesh,42372,Fursatganj,26.25,81.36,1996,2025,12,DEC,RH2M,humidity_pct,51.4303,12.8882,31.59,76.58,30,51.43,85.1373
Uttar Pradesh,42372,Fursatganj,26.25,81.36,1996,2025,12,DEC,T2M,temp_mean_c,15.9957,1.142,13.26,17.86,30,16,29.1618
Uttar Pradesh,42372,Fursatganj,26.25,81.36,1996,2025,12,DEC,T2M_MAX,temp_max_c,27.676,1.9235,23.53,32.38,30,32.38,32.4827
Uttar Pradesh,42372,Fursatganj,26.25,81.36,1996,2025,12,DEC,T2M_MIN,temp_min_c,5.2487,1.5704,0.99,7.69,30,0.99,26.5082
Uttar Pradesh,42372,Fursatganj,26.25,81.36,1996,2025,12,DEC,WS10M,wind_speed_ms,2.336,0.3432,1.74,3.22,30,2.34,2.9882
Uttar Pradesh,99926,Gautam Budhnagar,28.58333333,77.35,1996,2025,0,ANNUAL,ALLSKY_SFC_SW_DWN,solar_kwh_m2_day,17.5883,0.6222,16.51,18.52,30,,13.3556
Uttar Pradesh,99926,Gautam Budhnagar,28.58333333,77.35,1996,2025,0,ANNUAL,PRECTOTCORR,rainfall_mm,2.099,0.47,1.29,3.2,30,,11.1736
Uttar Pradesh,99926,Gautam Budhnagar,28.58333333,77.35,1996,2025,0,ANNUAL,RH2M,humidity_pct,46.1847,5.5836,35.3,54.88,30,,85.7382
Uttar Pradesh,99926,Gautam Budhnagar,28.58333333,77.35,1996,2025,0,ANNUAL,T2M,temp_mean_c,25.5273,0.6142,24.34,26.75,30,,28.8409
Uttar Pradesh,99926,Gautam Budhnagar,28.58333333,77.35,1996,2025,0,ANNUAL,T2M_MAX,temp_max_c,47.1937,1.2182,44.31,49,30,,32.2845
Uttar Pradesh,99926,Gautam Budhnagar,28.58333333,77.35,1996,2025,0,ANNUAL,T2M_MIN,temp_min_c,2.347,1.3695,-1.36,4.53,30,,26.1336
Uttar Pradesh,99926,Gautam Budhnagar,28.58333333,77.35,1996,2025,0,ANNUAL,WS10M,wind_speed_ms,2.954,0.1372,2.7,3.21,30,,2.9773
Uttar Pradesh,99926,Gautam Budhnagar,28.58333333,77.35,1996,2025,1,JAN,ALLSKY_SFC_SW_DWN,solar_kwh_m2_day,11.115,1.6623,7.82,14.6,30,11.11,13.3556
Uttar Pradesh,99926,Gautam Budhnagar,28.58333333,77.35,1996,2025,1,JAN,PRECTOTCORR,rainfall_mm,0.6003,0.555,0.01,2.43,30,0.6,11.1736
Uttar Pradesh,99926,Gautam Budhnagar,28.58333333,77.35,1996,2025,1,JAN,RH2M,humidity_pct,45.44,10.5608,28.07,74.09,30,45.44,85.7382
Uttar Pradesh,99926,Gautam Budhnagar,28.58333333,77.35,1996,2025,1,JAN,T2M,temp_mean_c,13.5513,1.0356,11.2,15.62,30,13.55,28.8409
Uttar Pradesh,99926,Gautam Budhnagar,28.58333333,77.35,1996,2025,1,JAN,T2M_MAX,temp_max_c,26.4183,1.9699,22.9,31.32,30,31.32,32.2845
Uttar Pradesh,99926,Gautam Budhnagar,28.58333333,77.35,1996,2025,1,JAN,T2M_MIN,temp_min_c,2.824,1.5127,-1.36,6.06,30,-1.36,26.1336
Uttar Pradesh,99926,Gautam Budhnagar,28.58333333,77.35,1996,2025,1,JAN,WS10M,wind_speed_ms,2.8817,0.3188,2.16,3.5,30,2.88,2.9773
Uttar Pradesh,99926,Gautam Budhnagar,28.58333333,77.35,1996,2025,2,FEB,ALLSKY_SFC_SW_DWN,solar_kwh_m2_day,15.9183,1.1889,12.57,17.82,30,15.92,13.3556
Uttar Pradesh,99926,Gautam Budhnagar,28.58333333,77.35,1996,2025,2,FEB,PRECTOTCORR,rainfall_mm,0.71,0.7971,0,2.98,30,0.71,11.1736
Uttar Pradesh,99926,Gautam Budhnagar,28.58333333,77.35,1996,2025,2,FEB,RH2M,humidity_pct,41.324,10.192,24.21,61.49,30,41.32,85.7382
Uttar Pradesh,99926,Gautam Budhnagar,28.58333333,77.35,1996,2025,2,FEB,T2M,temp_mean_c,17.3327,1.5596,15.12,22.69,30,17.33,28.8409
Uttar Pradesh,99926,Gautam Budhnagar,28.58333333,77.35,1996,2025,2,FEB,T2M_MAX,temp_max_c,31.4383,2.2829,26.07,35.73,30,35.73,32.2845
Uttar Pradesh,99926,Gautam Budhnagar,28.58333333,77.35,1996,2025,2,FEB,T2M_MIN,temp_min_c,5.2353,1.7036,1.21,9.69,30,1.21,26.1336
Uttar Pradesh,99926,Gautam Budhnagar,28.58333333,77.35,1996,2025,2,FEB,WS10M,wind_speed_ms,3.119,0.263,2.52,3.7,30,3.12,2.9773
Uttar Pradesh,99926,Gautam Budhnagar,28.58333333,77.35,1996,2025,3,MAR,ALLSKY_SFC_SW_DWN,solar_kwh_m2_day,20.372,1.047,17.86,22.52,30,20.37,13.3556
Uttar Pradesh,99926,Gautam Budhnagar,28.58333333,77.35,1996,2025,3,MAR,PRECTOTCORR,rainfall_mm,0.545,0.7099,0,2.81,30,0.54,11.1736
Uttar Pradesh,99926,Gautam Budhnagar,28.58333333,77.35,1996,2025,3,MAR,RH2M,humidity_pct,32.5043,10.1077,17.47,54.56,30,32.5,85.7382
Uttar Pradesh,99926,Gautam Budhnagar,28.58333333,77.35,1996,2025,3,MAR,T2M,temp_mean_c,23.6277,1.6029,21.11,26.62,30,23.63,28.8409
Uttar Pradesh,99926,Gautam Budhnagar,28.58333333,77.35,1996,2025,3,MAR,T2M_MAX,temp_max_c,38.7237,2.5479,33.85,42.71,30,42.71,32.2845
Uttar Pradesh,99926,Gautam Budhnagar,28.58333333,77.35,1996,2025,3,MAR,T2M_MIN,temp_min_c,9.763,2.3715,6.1,14.61,30,6.1,26.1336
Uttar Pradesh,99926,Gautam Budhnagar,28.58333333,77.35,1996,2025,3,MAR,WS10M,wind_speed_ms,3.2633,0.3215,2.54,3.94,30,3.26,2.9773
Uttar Pradesh,99926,Gautam Budhnagar,28.58333333,77.35,1996,2025,4,APR,ALLSKY_SFC_SW_DWN,solar_kwh_m2_day,23.8993,0.8548,22.37,25.7,30,23.9,13.3556
Uttar Pradesh,99926,Gautam Budhnagar,28.58333333,77.35,1996,2025,4,APR,PRECTOTCORR,rainfall_mm,0.4127,0.51,0,2.55,30,0.41,11.1736
Uttar Pradesh,99926,Gautam Budhnagar,28.58333333,77.35,1996,2025,4,APR,RH2M,humidity_pct,22.8337,7.6378,9.27,40.58,30,22.83,85.7382
Uttar Pradesh,99926,Gautam Budhnagar,28.58333333,77.35,1996,2025,4,APR,T2M,temp_mean_c,30.4623,1.4796,27.79,33.3,30,30.46,28.8409
Uttar Pradesh,99926,Gautam Budhnagar,28.58333333,77.35,1996,2025,4,APR,T2M_MAX,temp_max_c,43.795,1.6255,40.41,47.21,30,47.21,32.2845
Uttar Pradesh,99926,Gautam Budhnagar,28.58333333,77.35,1996,2025,4,APR,T2M_MIN,temp_min_c,16.1977,1.7384,12.71,20.02,30,12.71,26.1336
Uttar Pradesh,99926,Gautam Budhnagar,28.58333333,77.35,1996,2025,4,APR,WS10M,wind_speed_ms,3.394,0.3356,2.65,4.24,30,3.39,2.9773
Uttar Pradesh,99926,Gautam Budhnagar,28.58333333,77.35,1996,2025,5,MAY,ALLSKY_SFC_SW_DWN,solar_kwh_m2_day,24.027,1.2992,21.19,26.32,30,24.03,13.3556
Uttar Pradesh,99926,Gautam Budhnagar,28.58333333,77.35,1996,2025,5,MAY,PRECTOTCORR,rainfall_mm,1.1633,1.0265,0.02,3.64,30,1.16,11.1736
Uttar Pradesh,99926,Gautam Budhnagar,28.58333333,77.35,1996,2025,5,MAY,RH2M,humidity_pct,24.3273,6.6779,14.36,38.93,30,24.33,85.7382
Uttar Pradesh,99926,Gautam Budhnagar,28.58333333,77.35,1996,2025,5,MAY,T2M,temp_mean_c,34.7643,1.3872,30.96,36.77,30,34.76,28.8409
Uttar Pradesh,99926,Gautam Budhnagar,28.58333333,77.35,1996,2025,5,MAY,T2M_MAX,temp_max_c,46.5283,1.4042,42.09,49,30,49,32.2845
Uttar Pradesh,99926,Gautam Budhnagar,28.58333333,77.35,1996,2025,5,MAY,T2M_MIN,temp_min_c,22.5567,2.259,17.78,26.82,30,17.78,26.1336
Uttar Pradesh,99926,Gautam Budhnagar,28.58333333,77.35,1996,2025,5,MAY,WS10M,wind_speed_ms,3.475,0.4576,2.82,4.58,30,3.47,2.9773
Uttar Pradesh,99926,Gautam Budhnagar,28.58333333,77.35,1996,2025,6,JUN,ALLSKY_SFC_SW_DWN,solar_kwh_m2_day,21.7097,1.3389,18.25,24.77,30,21.71,13.3556
Uttar Pradesh,99926,Gautam Budhnagar,28.58333333,77.35,1996,2025,6,JUN,PRECTOTCORR,rainfall_mm,2.93,1.5319,0.34,5.96,30,2.93,11.1736
Uttar Pradesh,99926,Gautam Budhnagar,28.58333333,77.35,1996,2025,6,JUN,RH2M,humidity_pct,37.433,8.3496,22.4,58.72,30,37.43,85.7382
Uttar Pradesh,99926,Gautam Budhnagar,28.58333333,77.35,1996,2025,6,JUN,T2M,temp_mean_c,35.601,1.49,32.36,38.43,30,35.6,28.8409
Uttar Pradesh,99926,Gautam Budhnagar,28.58333333,77.35,1996,2025,6,JUN,T2M_MAX,temp_max_c,46.2557,1.7919,41.79,48.79,30,48.79,32.2845
Uttar Pradesh,99926,Gautam Budhnagar,28.58333333,77.35,1996,2025,6,JUN,T2M_MIN,temp_min_c,25.736,1.5552,21.76,28.58,30,21.76,26.1336
Uttar Pradesh,99926,Gautam Budhnagar,28.58333333,77.35,1996,2025,6,JUN,WS10M,wind_speed_ms,3.4897,0.6191,2.62,5.03,30,3.49,2.9773
Uttar Pradesh,99926,Gautam Budhnagar,28.58333333,77.35,1996,2025,7,JUL,ALLSKY_SFC_SW_DWN,solar_kwh_m2_day,17.9157,1.4512,15.67,21.25,30,17.92,13.3556
Uttar Pradesh,99926,Gautam Budhnagar,28.58333333,77.35,1996,2025,7,JUL,PRECTOTCORR,rainfall_mm,6.7427,3.149,0.41,15.93,30,6.74,11.1736
Uttar Pradesh,99926,Gautam Budhnagar,28.58333333,77.35,1996,2025,7,JUL,RH2M,humidity_pct,63.4903,10.7194,29.34,78.79,30,63.49,85.7382
Uttar Pradesh,99926,Gautam Budhnagar,28.58333333,77.35,1996,2025,7,JUL,T2M,temp_mean_c,32.2147,1.751,29.94,37.87,30,32.21,28.8409
Uttar Pradesh,99926,Gautam Budhnagar,28.58333333,77.35,1996,2025,7,JUL,T2M_MAX,temp_max_c,42.271,2.2005,37.83,46.83,30,46.83,32.2845
Uttar Pradesh,99926,Gautam Budhnagar,28.58333333,77.35,1996,2025,7,JUL,T2M_MIN,temp_min_c,25.6367,1.1624,23.76,30.4,30,23.76,26.1336
Uttar Pradesh,99926,Gautam Budhnagar,28.58333333,77.35,1996,2025,7,JUL,WS10M,wind_speed_ms,3.0043,0.4688,2.19,4.54,30,3,2.9773
Uttar Pradesh,99926,Gautam Budhnagar,28.58333333,77.35,1996,2025,8,AUG,ALLSKY_SFC_SW_DWN,solar_kwh_m2_day,17.393,1.6733,14.38,20.9,30,17.39,13.3556
Uttar Pradesh,99926,Gautam Budhnagar,28.58333333,77.35,1996,2025,8,AUG,PRECTOTCORR,rainfall_mm,6.365,2.5692,1.9,11.41,30,6.37,11.1736
Uttar Pradesh,99926,Gautam Budhnagar,28.58333333,77.35,1996,2025,8,AUG,RH2M,humidity_pct,74.754,8.9656,56.56,84.96,30,74.75,85.7382
Uttar Pradesh,99926,Gautam Budhnagar,28.58333333,77.35,1996,2025,8,AUG,T2M,temp_mean_c,29.8323,1.2047,28.24,32.24,30,29.83,28.8409
Uttar Pradesh,99926,Gautam Budhnagar,28.58333333,77.35,1996,2025,8,AUG,T2M_MAX,temp_max_c,37.1227,2.6371,33.44,43.82,30,43.82,32.2845
Uttar Pradesh,99926,Gautam Budhnagar,28.58333333,77.35,1996,2025,8,AUG,T2M_MIN,temp_min_c,24.0647,0.7522,22.64,25.36,30,22.64,26.1336
Uttar Pradesh,99926,Gautam Budhnagar,28.58333333,77.35,1996,2025,8,AUG,WS10M,wind_speed_ms,2.7693,0.3584,2.03,3.6,30,2.77,2.9773
Uttar Pradesh,99926,Gautam Budhnagar,28.58333333,77.35,1996,2025,9,SEP,ALLSKY_SFC_SW_DWN,solar_kwh_m2_day,17.8883,1.7741,14.45,20.9,30,17.89,13.3556
Uttar Pradesh,99926,Gautam Budhnagar,28.58333333,77.35,1996,2025,9,SEP,PRECTOTCORR,rainfall_mm,4.4383,2.5614,0.48,9.77,30,4.44,11.1736
Uttar Pradesh,99926,Gautam Budhnagar,28.58333333,77.35,1996,2025,9,SEP,RH2M,humidity_pct,70.4277,11.2041,45.77,86.33,30,70.43,85.7382
Uttar Pradesh,99926,Gautam Budhnagar,28.58333333,77.35,1996,2025,9,SEP,T2M,temp_mean_c,28.4293,1.2715,26.57,30.94,30,28.43,28.8409
Uttar Pradesh,99926,Gautam Budhnagar,28.58333333,77.35,1996,2025,9,SEP,T2M_MAX,temp_max_c,36.4703,2.6091,32.37,40.6,30,40.6,32.2845
Uttar Pradesh,99926,Gautam Budhnagar,28.58333333,77.35,1996,2025,9,SEP,T2M_MIN,temp_min_c,20.214,1.4836,17.07,23.23,30,17.07,26.1336
Uttar Pradesh,99926,Gautam Budhnagar,28.58333333,77.35,1996,2025,9,SEP,WS10M,wind_speed_ms,2.584,0.3127,1.82,3.35,30,2.58,2.9773
Uttar Pradesh,99926,Gautam Budhnagar,28.58333333,77.35,1996,2025,10,OCT,ALLSKY_SFC_SW_DWN,solar_kwh_m2_day,16.785,0.8719,14.8,18.15,30,16.78,13.3556
Uttar Pradesh,99926,Gautam Budhnagar,28.58333333,77.35,1996,2025,10,OCT,PRECTOTCORR,rainfall_mm,0.775,1.1599,0,4.27,30,0.77,11.1736
Uttar Pradesh,99926,Gautam Budhnagar,28.58333333,77.35,1996,2025,10,OCT,RH2M,humidity_pct,53.852,13.0754,32.61,73.47,30,53.85,85.7382
Uttar Pradesh,99926,Gautam Budhnagar,28.58333333,77.35,1996,2025,10,OCT,T2M,temp_mean_c,25.033,1.2326,22.94,27.51,30,25.03,28.8409
Uttar Pradesh,99926,Gautam Budhnagar,28.58333333,77.35,1996,2025,10,OCT,T2M_MAX,temp_max_c,35.0997,2.2944,31.08,38.7,30,38.7,32.2845
Uttar Pradesh,99926,Gautam Budhnagar,28.58333333,77.35,1996,2025,10,OCT,T2M_MIN,temp_min_c,14.563,1.5441,10.92,17.46,30,10.92,26.1336
Uttar Pradesh,99926,Gautam Budhnagar,28.58333333,77.35,1996,2025,10,OCT,WS10M,wind_speed_ms,2.248,0.2483,1.77,2.77,30,2.25,2.9773
Uttar Pradesh,99926,Gautam Budhnagar,28.58333333,77.35,1996,2025,11,NOV,ALLSKY_SFC_SW_DWN,solar_kwh_m2_day,13.0267,1.1911,10.2,15.5,30,13.03,13.3556
Uttar Pradesh,99926,Gautam Budhnagar,28.58333333,77.35,1996,2025,11,NOV,PRECTOTCORR,rainfall_mm,0.121,0.2172,0,0.86,30,0.12,11.1736
Uttar Pradesh,99926,Gautam Budhnagar,28.58333333,77.35,1996,2025,11,NOV,RH2M,humidity_pct,44.489,12.2323,22.29,68.06,30,44.49,85.7382
Uttar Pradesh,99926,Gautam Budhnagar,28.58333333,77.35,1996,2025,11,NOV,T2M,temp_mean_c,19.9783,1.2355,17.41,21.82,30,19.98,28.8409
Uttar Pradesh,99926,Gautam Budhnagar,28.58333333,77.35,1996,2025,11,NOV,T2M_MAX,temp_max_c,31.6593,1.9995,27.63,37.67,30,37.67,32.2845
Uttar Pradesh,99926,Gautam Budhnagar,28.58333333,77.35,1996,2025,11,NOV,T2M_MIN,temp_min_c,8.8683,1.3676,6.53,11.46,30,6.53,26.1336
Uttar Pradesh,99926,Gautam Budhnagar,28.58333333,77.35,1996,2025,11,NOV,WS10M,wind_speed_ms,2.526,0.3454,1.86,3.23,30,2.53,2.9773
Uttar Pradesh,99926,Gautam Budhnagar,28.58333333,77.35,1996,2025,12,DEC,ALLSKY_SFC_SW_DWN,solar_kwh_m2_day,11.054,1.0135,7.71,13.09,30,11.05,13.3556
Uttar Pradesh,99926,Gautam Budhnagar,28.58333333,77.35,1996,2025,12,DEC,PRECTOTCORR,rainfall_mm,0.2457,0.4006,0,1.54,30,0.25,11.1736
Uttar Pradesh,99926,Gautam Budhnagar,28.58333333,77.35,1996,2025,12,DEC,RH2M,humidity_pct,42.6303,10.9961,19.87,62.05,30,42.63,85.7382
Uttar Pradesh,99926,Gautam Budhnagar,28.58333333,77.35,1996,2025,12,DEC,T2M,temp_mean_c,15.1803,1.1328,12.88,17.08,30,15.18,28.8409
Uttar Pradesh,99926,Gautam Budhnagar,28.58333333,77.35,1996,2025,12,DEC,T2M_MAX,temp_max_c,27.589,1.6135,22.72,29.84,30,29.84,32.2845
Uttar Pradesh,99926,Gautam Budhnagar,28.58333333,77.35,1996,2025,12,DEC,T2M_MIN,temp_min_c,4.0273,1.5711,0.47,6.74,30,0.47,26.1336
Uttar Pradesh,99926,Gautam Budhnagar,28.58333333,77.35,1996,2025,12,DEC,WS10M,wind_speed_ms,2.7057,0.3679,2.12,3.48,30,2.71,2.9773
Uttar Pradesh,99927,Ghaziabad,28.66666667,77.43333333,1996,2025,0,ANNUAL,ALLSKY_SFC_SW_DWN,solar_kwh_m2_day,17.5883,0.6222,16.51,18.52,30,,13.3556
Uttar Pradesh,99927,Ghaziabad,28.66666667,77.43333333,1996,2025,0,ANNUAL,PRECTOTCORR,rainfall_mm,2.099,0.47,1.29,3.2,30,,11.1736
Uttar Pradesh,99927,Ghaziabad,28.66666667,77.43333333,1996,2025,0,ANNUAL,RH2M,humidity_pct,46.1847,5.5836,35.3,54.88,30,,85.7382
Uttar Pradesh,99927,Ghaziabad,28.66666667,77.43333333,1996,2025,0,ANNUAL,T2M,temp_mean_c,25.5273,0.6142,24.34,26.75,30,,28.8409
Uttar Pradesh,99927,Ghaziabad,28.66666667,77.43333333,1996,2025,0,ANNUAL,T2M_MAX,temp_max_c,47.1937,1.2182,44.31,49,30,,32.2845
Uttar Pradesh,99927,Ghaziabad,28.66666667,77.43333333,1996,2025,0,ANNUAL,T2M_MIN,temp_min_c,2.347,1.3695,-1.36,4.53,30,,26.1336
Uttar Pradesh,99927,Ghaziabad,28.66666667,77.43333333,1996,2025,0,ANNUAL,WS10M,wind_speed_ms,2.954,0.1372,2.7,3.21,30,,2.9773
Uttar Pradesh,99927,Ghaziabad,28.66666667,77.43333333,1996,2025,1,JAN,ALLSKY_SFC_SW_DWN,solar_kwh_m2_day,11.115,1.6623,7.82,14.6,30,11.11,13.3556
Uttar Pradesh,99927,Ghaziabad,28.66666667,77.43333333,1996,2025,1,JAN,PRECTOTCORR,rainfall_mm,0.6003,0.555,0.01,2.43,30,0.6,11.1736
Uttar Pradesh,99927,Ghaziabad,28.66666667,77.43333333,1996,2025,1,JAN,RH2M,humidity_pct,45.44,10.5608,28.07,74.09,30,45.44,85.7382
Uttar Pradesh,99927,Ghaziabad,28.66666667,77.43333333,1996,2025,1,JAN,T2M,temp_mean_c,13.5513,1.0356,11.2,15.62,30,13.55,28.8409
Uttar Pradesh,99927,Ghaziabad,28.66666667,77.43333333,1996,2025,1,JAN,T2M_MAX,temp_max_c,26.4183,1.9699,22.9,31.32,30,31.32,32.2845
Uttar Pradesh,99927,Ghaziabad,28.66666667,77.43333333,1996,2025,1,JAN,T2M_MIN,temp_min_c,2.824,1.5127,-1.36,6.06,30,-1.36,26.1336
Uttar Pradesh,99927,Ghaziabad,28.66666667,77.43333333,1996,2025,1,JAN,WS10M,wind_speed_ms,2.8817,0.3188,2.16,3.5,30,2.88,2.9773
Uttar Pradesh,99927,Ghaziabad,28.66666667,77.43333333,1996,2025,2,FEB,ALLSKY_SFC_SW_DWN,solar_kwh_m2_day,15.9183,1.1889,12.57,17.82,30,15.92,13.3556
Uttar Pradesh,99927,Ghaziabad,28.66666667,77.43333333,1996,2025,2,FEB,PRECTOTCORR,rainfall_mm,0.71,0.7971,0,2.98,30,0.71,11.1736
Uttar Pradesh,99927,Ghaziabad,28.66666667,77.43333333,1996,2025,2,FEB,RH2M,humidity_pct,41.324,10.192,24.21,61.49,30,41.32,85.7382
Uttar Pradesh,99927,Ghaziabad,28.66666667,77.43333333,1996,2025,2,FEB,T2M,temp_mean_c,17.3327,1.5596,15.12,22.69,30,17.33,28.8409
Uttar Pradesh,99927,Ghaziabad,28.66666667,77.43333333,1996,2025,2,FEB,T2M_MAX,temp_max_c,31.4383,2.2829,26.07,35.73,30,35.73,32.2845
Uttar Pradesh,99927,Ghaziabad,28.66666667,77.43333333,1996,2025,2,FEB,T2M_MIN,temp_min_c,5.2353,1.7036,1.21,9.69,30,1.21,26.1336
Uttar Pradesh,99927,Ghaziabad,28.66666667,77.43333333,1996,2025,2,FEB,WS10M,wind_speed_ms,3.119,0.263,2.52,3.7,30,3.12,2.9773
Uttar Pradesh,99927,Ghaziabad,28.66666667,77.43333333,1996,2025,3,MAR,ALLSKY_SFC_SW_DWN,solar_kwh_m2_day,20.372,1.047,17.86,22.52,30,20.37,13.3556
Uttar Pradesh,99927,Ghaziabad,28.66666667,77.43333333,1996,2025,3,MAR,PRECTOTCORR,rainfall_mm,0.545,0.7099,0,2.81,30,0.54,11.1736
Uttar Pradesh,99927,Ghaziabad,28.66666667,77.43333333,1996,2025,3,MAR,RH2M,humidity_pct,32.5043,10.1077,17.47,54.56,30,32.5,85.7382
Uttar Pradesh,99927,Ghaziabad,28.66666667,77.43333333,1996,2025,3,MAR,T2M,temp_mean_c,23.6277,1.6029,21.11,26.62,30,23.63,28.8409
Uttar Pradesh,99927,Ghaziabad,28.66666667,77.43333333,1996,2025,3,MAR,T2M_MAX,temp_max_c,38.7237,2.5479,33.85,42.71,30,42.71,32.2845
Uttar Pradesh,99927,Ghaziabad,28.66666667,77.43333333,1996,2025,3,MAR,T2M_MIN,temp_min_c,9.763,2.3715,6.1,14.61,30,6.1,26.1336
Uttar Pradesh,99927,Ghaziabad,28.66666667,77.43333333,1996,2025,3,MAR,WS10M,wind_speed_ms,3.2633,0.3215,2.54,3.94,30,3.26,2.9773
Uttar Pradesh,99927,Ghaziabad,28.66666667,77.43333333,1996,2025,4,APR,ALLSKY_SFC_SW_DWN,solar_kwh_m2_day,23.8993,0.8548,22.37,25.7,30,23.9,13.3556
Uttar Pradesh,99927,Ghaziabad,28.66666667,77.43333333,1996,2025,4,APR,PRECTOTCORR,rainfall_mm,0.4127,0.51,0,2.55,30,0.41,11.1736
Uttar Pradesh,99927,Ghaziabad,28.66666667,77.43333333,1996,2025,4,APR,RH2M,humidity_pct,22.8337,7.6378,9.27,40.58,30,22.83,85.7382
Uttar Pradesh,99927,Ghaziabad,28.66666667,77.43333333,1996,2025,4,APR,T2M,temp_mean_c,30.4623,1.4796,27.79,33.3,30,30.46,28.8409
Uttar Pradesh,99927,Ghaziabad,28.66666667,77.43333333,1996,2025,4,APR,T2M_MAX,temp_max_c,43.795,1.6255,40.41,47.21,30,47.21,32.2845
Uttar Pradesh,99927,Ghaziabad,28.66666667,77.43333333,1996,2025,4,APR,T2M_MIN,temp_min_c,16.1977,1.7384,12.71,20.02,30,12.71,26.1336
Uttar Pradesh,99927,Ghaziabad,28.66666667,77.43333333,1996,2025,4,APR,WS10M,wind_speed_ms,3.394,0.3356,2.65,4.24,30,3.39,2.9773
Uttar Pradesh,99927,Ghaziabad,28.66666667,77.43333333,1996,2025,5,MAY,ALLSKY_SFC_SW_DWN,solar_kwh_m2_day,24.027,1.2992,21.19,26.32,30,24.03,13.3556
Uttar Pradesh,99927,Ghaziabad,28.66666667,77.43333333,1996,2025,5,MAY,PRECTOTCORR,rainfall_mm,1.1633,1.0265,0.02,3.64,30,1.16,11.1736
Uttar Pradesh,99927,Ghaziabad,28.66666667,77.43333333,1996,2025,5,MAY,RH2M,humidity_pct,24.3273,6.6779,14.36,38.93,30,24.33,85.7382
Uttar Pradesh,99927,Ghaziabad,28.66666667,77.43333333,1996,2025,5,MAY,T2M,temp_mean_c,34.7643,1.3872,30.96,36.77,30,34.76,28.8409
Uttar Pradesh,99927,Ghaziabad,28.66666667,77.43333333,1996,2025,5,MAY,T2M_MAX,temp_max_c,46.5283,1.4042,42.09,49,30,49,32.2845
Uttar Pradesh,99927,Ghaziabad,28.66666667,77.43333333,1996,2025,5,MAY,T2M_MIN,temp_min_c,22.5567,2.259,17.78,26.82,30,17.78,26.1336
Uttar Pradesh,99927,Ghaziabad,28.66666667,77.43333333,1996,2025,5,MAY,WS10M,wind_speed_ms,3.475,0.4576,2.82,4.58,30,3.47,2.9773
Uttar Pradesh,99927,Ghaziabad,28.66666667,77.43333333,1996,2025,6,JUN,ALLSKY_SFC_SW_DWN,solar_kwh_m2_day,21.7097,1.3389,18.25,24.77,30,21.71,13.3556
Uttar Pradesh,99927,Ghaziabad,28.66666667,77.43333333,1996,2025,6,JUN,PRECTOTCORR,rainfall_mm,2.93,1.5319,0.34,5.96,30,2.93,11.1736
Uttar Pradesh,99927,Ghaziabad,28.66666667,77.43333333,1996,2025,6,JUN,RH2M,humidity_pct,37.433,8.3496,22.4,58.72,30,37.43,85.7382
Uttar Pradesh,99927,Ghaziabad,28.66666667,77.43333333,1996,2025,6,JUN,T2M,temp_mean_c,35.601,1.49,32.36,38.43,30,35.6,28.8409
Uttar Pradesh,99927,Ghaziabad,28.66666667,77.43333333,1996,2025,6,JUN,T2M_MAX,temp_max_c,46.2557,1.7919,41.79,48.79,30,48.79,32.2845
Uttar Pradesh,99927,Ghaziabad,28.66666667,77.43333333,1996,2025,6,JUN,T2M_MIN,temp_min_c,25.736,1.5552,21.76,28.58,30,21.76,26.1336
Uttar Pradesh,99927,Ghaziabad,28.66666667,77.43333333,1996,2025,6,JUN,WS10M,wind_speed_ms,3.4897,0.6191,2.62,5.03,30,3.49,2.9773
Uttar Pradesh,99927,Ghaziabad,28.66666667,77.43333333,1996,2025,7,JUL,ALLSKY_SFC_SW_DWN,solar_kwh_m2_day,17.9157,1.4512,15.67,21.25,30,17.92,13.3556
Uttar Pradesh,99927,Ghaziabad,28.66666667,77.43333333,1996,2025,7,JUL,PRECTOTCORR,rainfall_mm,6.7427,3.149,0.41,15.93,30,6.74,11.1736
Uttar Pradesh,99927,Ghaziabad,28.66666667,77.43333333,1996,2025,7,JUL,RH2M,humidity_pct,63.4903,10.7194,29.34,78.79,30,63.49,85.7382
Uttar Pradesh,99927,Ghaziabad,28.66666667,77.43333333,1996,2025,7,JUL,T2M,temp_mean_c,32.2147,1.751,29.94,37.87,30,32.21,28.8409
Uttar Pradesh,99927,Ghaziabad,28.66666667,77.43333333,1996,2025,7,JUL,T2M_MAX,temp_max_c,42.271,2.2005,37.83,46.83,30,46.83,32.2845
Uttar Pradesh,99927,Ghaziabad,28.66666667,77.43333333,1996,2025,7,JUL,T2M_MIN,temp_min_c,25.6367,1.1624,23.76,30.4,30,23.76,26.1336
Uttar Pradesh,99927,Ghaziabad,28.66666667,77.43333333,1996,2025,7,JUL,WS10M,wind_speed_ms,3.0043,0.4688,2.19,4.54,30,3,2.9773
Uttar Pradesh,99927,Ghaziabad,28.66666667,77.43333333,1996,2025,8,AUG,ALLSKY_SFC_SW_DWN,solar_kwh_m2_day,17.393,1.6733,14.38,20.9,30,17.39,13.3556
Uttar Pradesh,99927,Ghaziabad,28.66666667,77.43333333,1996,2025,8,AUG,PRECTOTCORR,rainfall_mm,6.365,2.5692,1.9,11.41,30,6.37,11.1736
Uttar Pradesh,99927,Ghaziabad,28.66666667,77.43333333,1996,2025,8,AUG,RH2M,humidity_pct,74.754,8.9656,56.56,84.96,30,74.75,85.7382
Uttar Pradesh,99927,Ghaziabad,28.66666667,77.43333333,1996,2025,8,AUG,T2M,temp_mean_c,29.8323,1.2047,28.24,32.24,30,29.83,28.8409
Uttar Pradesh,99927,Ghaziabad,28.66666667,77.43333333,1996,2025,8,AUG,T2M_MAX,temp_max_c,37.1227,2.6371,33.44,43.82,30,43.82,32.2845
Uttar Pradesh,99927,Ghaziabad,28.66666667,77.43333333,1996,2025,8,AUG,T2M_MIN,temp_min_c,24.0647,0.7522,22.64,25.36,30,22.64,26.1336
Uttar Pradesh,99927,Ghaziabad,28.66666667,77.43333333,1996,2025,8,AUG,WS10M,wind_speed_ms,2.7693,0.3584,2.03,3.6,30,2.77,2.9773
Uttar Pradesh,99927,Ghaziabad,28.66666667,77.43333333,1996,2025,9,SEP,ALLSKY_SFC_SW_DWN,solar_kwh_m2_day,17.8883,1.7741,14.45,20.9,30,17.89,13.3556
Uttar Pradesh,99927,Ghaziabad,28.66666667,77.43333333,1996,2025,9,SEP,PRECTOTCORR,rainfall_mm,4.4383,2.5614,0.48,9.77,30,4.44,11.1736
Uttar Pradesh,99927,Ghaziabad,28.66666667,77.43333333,1996,2025,9,SEP,RH2M,humidity_pct,70.4277,11.2041,45.77,86.33,30,70.43,85.7382
Uttar Pradesh,99927,Ghaziabad,28.66666667,77.43333333,1996,2025,9,SEP,T2M,temp_mean_c,28.4293,1.2715,26.57,30.94,30,28.43,28.8409
Uttar Pradesh,99927,Ghaziabad,28.66666667,77.43333333,1996,2025,9,SEP,T2M_MAX,temp_max_c,36.4703,2.6091,32.37,40.6,30,40.6,32.2845
Uttar Pradesh,99927,Ghaziabad,28.66666667,77.43333333,1996,2025,9,SEP,T2M_MIN,temp_min_c,20.214,1.4836,17.07,23.23,30,17.07,26.1336
Uttar Pradesh,99927,Ghaziabad,28.66666667,77.43333333,1996,2025,9,SEP,WS10M,wind_speed_ms,2.584,0.3127,1.82,3.35,30,2.58,2.9773
Uttar Pradesh,99927,Ghaziabad,28.66666667,77.43333333,1996,2025,10,OCT,ALLSKY_SFC_SW_DWN,solar_kwh_m2_day,16.785,0.8719,14.8,18.15,30,16.78,13.3556
Uttar Pradesh,99927,Ghaziabad,28.66666667,77.43333333,1996,2025,10,OCT,PRECTOTCORR,rainfall_mm,0.775,1.1599,0,4.27,30,0.77,11.1736
Uttar Pradesh,99927,Ghaziabad,28.66666667,77.43333333,1996,2025,10,OCT,RH2M,humidity_pct,53.852,13.0754,32.61,73.47,30,53.85,85.7382
Uttar Pradesh,99927,Ghaziabad,28.66666667,77.43333333,1996,2025,10,OCT,T2M,temp_mean_c,25.033,1.2326,22.94,27.51,30,25.03,28.8409
Uttar Pradesh,99927,Ghaziabad,28.66666667,77.43333333,1996,2025,10,OCT,T2M_MAX,temp_max_c,35.0997,2.2944,31.08,38.7,30,38.7,32.2845
Uttar Pradesh,99927,Ghaziabad,28.66666667,77.43333333,1996,2025,10,OCT,T2M_MIN,temp_min_c,14.563,1.5441,10.92,17.46,30,10.92,26.1336
Uttar Pradesh,99927,Ghaziabad,28.66666667,77.43333333,1996,2025,10,OCT,WS10M,wind_speed_ms,2.248,0.2483,1.77,2.77,30,2.25,2.9773
Uttar Pradesh,99927,Ghaziabad,28.66666667,77.43333333,1996,2025,11,NOV,ALLSKY_SFC_SW_DWN,solar_kwh_m2_day,13.0267,1.1911,10.2,15.5,30,13.03,13.3556
Uttar Pradesh,99927,Ghaziabad,28.66666667,77.43333333,1996,2025,11,NOV,PRECTOTCORR,rainfall_mm,0.121,0.2172,0,0.86,30,0.12,11.1736
Uttar Pradesh,99927,Ghaziabad,28.66666667,77.43333333,1996,2025,11,NOV,RH2M,humidity_pct,44.489,12.2323,22.29,68.06,30,44.49,85.7382
Uttar Pradesh,99927,Ghaziabad,28.66666667,77.43333333,1996,2025,11,NOV,T2M,temp_mean_c,19.9783,1.2355,17.41,21.82,30,19.98,28.8409
Uttar Pradesh,99927,Ghaziabad,28.66666667,77.43333333,1996,2025,11,NOV,T2M_MAX,temp_max_c,31.6593,1.9995,27.63,37.67,30,37.67,32.2845
Uttar Pradesh,99927,Ghaziabad,28.66666667,77.43333333,1996,2025,11,NOV,T2M_MIN,temp_min_c,8.8683,1.3676,6.53,11.46,30,6.53,26.1336
Uttar Pradesh,99927,Ghaziabad,28.66666667,77.43333333,1996,2025,11,NOV,WS10M,wind_speed_ms,2.526,0.3454,1.86,3.23,30,2.53,2.9773
Uttar Pradesh,99927,Ghaziabad,28.66666667,77.43333333,1996,2025,12,DEC,ALLSKY_SFC_SW_DWN,solar_kwh_m2_day,11.054,1.0135,7.71,13.09,30,11.05,13.3556
Uttar Pradesh,99927,Ghaziabad,28.66666667,77.43333333,1996,2025,12,DEC,PRECTOTCORR,rainfall_mm,0.2457,0.4006,0,1.54,30,0.25,11.1736
Uttar Pradesh,99927,Ghaziabad,28.66666667,77.43333333,1996,2025,12,DEC,RH2M,humidity_pct,42.6303,10.9961,19.87,62.05,30,42.63,85.7382
Uttar Pradesh,99927,Ghaziabad,28.66666667,77.43333333,1996,2025,12,DEC,T2M,temp_mean_c,15.1803,1.1328,12.88,17.08,30,15.18,28.8409
Uttar Pradesh,99927,Ghaziabad,28.66666667,77.43333333,1996,2025,12,DEC,T2M_MAX,temp_max_c,27.589,1.6135,22.72,29.84,30,29.84,32.2845
Uttar Pradesh,99927,Ghaziabad,28.66666667,77.43333333,1996,2025,12,DEC,T2M_MIN,temp_min_c,4.0273,1.5711,0.47,6.74,30,0.47,26.1336
Uttar Pradesh,99927,Ghaziabad,28.66666667,77.43333333,1996,2025,12,DEC,WS10M,wind_speed_ms,2.7057,0.3679,2.12,3.48,30,2.71,2.9773
Uttar Pradesh,42379,Gorakhpur,26.75,83.37,1996,2025,0,ANNUAL,ALLSKY_SFC_SW_DWN,solar_kwh_m2_day,16.9533,0.7779,15.3,18.4,30,,13.6744
Uttar Pradesh,42379,Gorakhpur,26.75,83.37,1996,2025,0,ANNUAL,PRECTOTCORR,rainfall_mm,3.2213,0.8775,1.47,5.31,30,,11.9536
Uttar Pradesh,42379,Gorakhpur,26.75,83.37,1996,2025,0,ANNUAL,RH2M,humidity_pct,55.0907,5.6794,44.15,64.37,30,,86.4982
Uttar Pradesh,42379,Gorakhpur,26.75,83.37,1996,2025,0,ANNUAL,T2M,temp_mean_c,25.7123,0.5334,24.57,26.88,30,,29.2145
Uttar Pradesh,42379,Gorakhpur,26.75,83.37,1996,2025,0,ANNUAL,T2M_MAX,temp_max_c,45.9157,1.4723,42.87,48.75,30,,32.6455
Uttar Pradesh,42379,Gorakhpur,26.75,83.37,1996,2025,0,ANNUAL,T2M_MIN,temp_min_c,4.254,1.0011,0.68,6.35,30,,26.5455
Uttar Pradesh,42379,Gorakhpur,26.75,83.37,1996,2025,0,ANNUAL,WS10M,wind_speed_ms,2.9633,0.1361,2.58,3.16,30,,3.5555
Uttar Pradesh,42379,Gorakhpur,26.75,83.37,1996,2025,1,JAN,ALLSKY_SFC_SW_DWN,solar_kwh_m2_day,10.2873,2.0087,6.47,14.27,30,10.29,13.6744
Uttar Pradesh,42379,Gorakhpur,26.75,83.37,1996,2025,1,JAN,PRECTOTCORR,rainfall_mm,0.4493,0.5121,0,1.79,30,0.45,11.9536
Uttar Pradesh,42379,Gorakhpur,26.75,83.37,1996,2025,1,JAN,RH2M,humidity_pct,51.913,10.5625,30.71,78.51,30,51.91,86.4982
Uttar Pradesh,42379,Gorakhpur,26.75,83.37,1996,2025,1,JAN,T2M,temp_mean_c,14.945,1.0312,12.61,16.66,30,14.94,29.2145
Uttar Pradesh,42379,Gorakhpur,26.75,83.37,1996,2025,1,JAN,T2M_MAX,temp_max_c,27.019,1.7628,23.48,30.4,30,30.4,32.6455
Uttar Pradesh,42379,Gorakhpur,26.75,83.37,1996,2025,1,JAN,T2M_MIN,temp_min_c,4.6833,1.2141,0.68,7,30,0.68,26.5455
Uttar Pradesh,42379,Gorakhpur,26.75,83.37,1996,2025,1,JAN,WS10M,wind_speed_ms,2.7157,0.2058,2.38,3.13,30,2.72,3.5555
Uttar Pradesh,42379,Gorakhpur,26.75,83.37,1996,2025,2,FEB,ALLSKY_SFC_SW_DWN,solar_kwh_m2_day,15.988,1.1155,13.7,18.25,30,15.99,13.6744
Uttar Pradesh,42379,Gorakhpur,26.75,83.37,1996,2025,2,FEB,PRECTOTCORR,rainfall_mm,0.566,0.7508,0,3.14,30,0.57,11.9536
Uttar Pradesh,42379,Gorakhpur,26.75,83.37,1996,2025,2,FEB,RH2M,humidity_pct,43.456,10.2789,24.4,65.99,30,43.46,86.4982
Uttar Pradesh,42379,Gorakhpur,26.75,83.37,1996,2025,2,FEB,T2M,temp_mean_c,19.024,1.2781,16.33,21.76,30,19.02,29.2145
Uttar Pradesh,42379,Gorakhpur,26.75,83.37,1996,2025,2,FEB,T2M_MAX,temp_max_c,32.627,2.1302,28.14,37.92,30,37.92,32.6455
Uttar Pradesh,42379,Gorakhpur,26.75,83.37,1996,2025,2,FEB,T2M_MIN,temp_min_c,7.138,1.3867,4.39,10.01,30,4.39,26.5455
Uttar Pradesh,42379,Gorakhpur,26.75,83.37,1996,2025,2,FEB,WS10M,wind_speed_ms,3.124,0.3575,2.41,3.81,30,3.12,3.5555
Uttar Pradesh,42379,Gorakhpur,26.75,83.37,1996,2025,3,MAR,ALLSKY_SFC_SW_DWN,solar_kwh_m2_day,20.6117,0.9578,18.06,22.57,30,20.61,13.6744
Uttar Pradesh,42379,Gorakhpur,26.75,83.37,1996,2025,3,MAR,PRECTOTCORR,rainfall_mm,0.4083,0.5684,0,2.34,30,0.41,11.9536
Uttar Pradesh,42379,Gorakhpur,26.75,83.37,1996,2025,3,MAR,RH2M,humidity_pct,31.3873,10.4919,13.4,55.38,30,31.39,86.4982
Uttar Pradesh,42379,Gorakhpur,26.75,83.37,1996,2025,3,MAR,T2M,temp_mean_c,25.296,1.3777,22.76,27.58,30,25.3,29.2145
Uttar Pradesh,42379,Gorakhpur,26.75,83.37,1996,2025,3,MAR,T2M_MAX,temp_max_c,39.3183,1.7865,35.83,43.01,30,43.01,32.6455
Uttar Pradesh,42379,Gorakhpur,26.75,83.37,1996,2025,3,MAR,T2M_MIN,temp_min_c,11.567,1.9189,7.94,15.38,30,7.94,26.5455
Uttar Pradesh,42379,Gorakhpur,26.75,83.37,1996,2025,3,MAR,WS10M,wind_speed_ms,3.5123,0.4116,2.85,4.51,30,3.51,3.5555
Uttar Pradesh,42379,Gorakhpur,26.75,83.37,1996,2025,4,APR,ALLSKY_SFC_SW_DWN,solar_kwh_m2_day,23.3027,1.2112,20.13,25.78,30,23.3,13.6744
Uttar Pradesh,42379,Gorakhpur,26.75,83.37,1996,2025,4,APR,PRECTOTCORR,rainfall_mm,0.5137,0.4833,0,1.94,30,0.51,11.9536
Uttar Pradesh,42379,Gorakhpur,26.75,83.37,1996,2025,4,APR,RH2M,humidity_pct,24.028,7.741,9.62,41.85,30,24.03,86.4982
Uttar Pradesh,42379,Gorakhpur,26.75,83.37,1996,2025,4,APR,T2M,temp_mean_c,31.3363,1.2302,29.1,34.15,30,31.34,29.2145
Uttar Pradesh,42379,Gorakhpur,26.75,83.37,1996,2025,4,APR,T2M_MAX,temp_max_c,43.5753,1.5594,40.23,46.94,30,46.94,32.6455
Uttar Pradesh,42379,Gorakhpur,26.75,83.37,1996,2025,4,APR,T2M_MIN,temp_min_c,18.4527,1.5272,15.56,21.19,30,15.56,26.5455
Uttar Pradesh,42379,Gorakhpur,26.75,83.37,1996,2025,4,APR,WS10M,wind_speed_ms,3.57,0.5381,2.95,5.35,30,3.57,3.5555
Uttar Pradesh,42379,Gorakhpur,26.75,83.37,1996,2025,5,MAY,ALLSKY_SFC_SW_DWN,solar_kwh_m2_day,23.0417,1.7018,17.34,25.32,30,23.04,13.6744
Uttar Pradesh,42379,Gorakhpur,26.75,83.37,1996,2025,5,MAY,PRECTOTCORR,rainfall_mm,1.8647,1.7745,0.03,9.8,30,1.86,11.9536
Uttar Pradesh,42379,Gorakhpur,26.75,83.37,1996,2025,5,MAY,RH2M,humidity_pct,31.978,7.8899,17,49.09,30,31.98,86.4982
Uttar Pradesh,42379,Gorakhpur,26.75,83.37,1996,2025,5,MAY,T2M,temp_mean_c,34.086,1.1456,30.56,36,30,34.09,29.2145
Uttar Pradesh,42379,Gorakhpur,26.75,83.37,1996,2025,5,MAY,T2M_MAX,temp_max_c,45.2807,1.4215,42.12,48.24,30,48.24,32.6455
Uttar Pradesh,42379,Gorakhpur,26.75,83.37,1996,2025,5,MAY,T2M_MIN,temp_min_c,23.1807,1.6588,19.36,25.59,30,19.36,26.5455
Uttar Pradesh,42379,Gorakhpur,26.75,83.37,1996,2025,5,MAY,WS10M,wind_speed_ms,3.2893,0.4016,2.73,4.31,30,3.29,3.5555
Uttar Pradesh,42379,Gorakhpur,26.75,83.37,1996,2025,6,JUN,ALLSKY_SFC_SW_DWN,solar_kwh_m2_day,20.1877,2.1535,15.29,23.17,30,20.19,13.6744
Uttar Pradesh,42379,Gorakhpur,26.75,83.37,1996,2025,6,JUN,PRECTOTCORR,rainfall_mm,5.7637,4.4245,1.05,20.62,30,5.76,11.9536
Uttar Pradesh,42379,Gorakhpur,26.75,83.37,1996,2025,6,JUN,RH2M,humidity_pct,47.749,11.8919,29.56,78.02,30,47.75,86.4982
Uttar Pradesh,42379,Gorakhpur,26.75,83.37,1996,2025,6,JUN,T2M,temp_mean_c,34.292,1.983,29.74,37.42,30,34.29,29.2145
Uttar Pradesh,42379,Gorakhpur,26.75,83.37,1996,2025,6,JUN,T2M_MAX,temp_max_c,44.517,2.5586,38.26,48.75,30,48.75,32.6455
Uttar Pradesh,42379,Gorakhpur,26.75,83.37,1996,2025,6,JUN,T2M_MIN,temp_min_c,26.0237,1.163,23.74,28.94,30,23.74,26.5455
Uttar Pradesh,42379,Gorakhpur,26.75,83.37,1996,2025,6,JUN,WS10M,wind_speed_ms,3.4607,0.4639,2.75,4.53,30,3.46,3.5555
Uttar Pradesh,42379,Gorakhpur,26.75,83.37,1996,2025,7,JUL,ALLSKY_SFC_SW_DWN,solar_kwh_m2_day,16.7147,1.6126,13.03,19.46,30,16.72,13.6744
Uttar Pradesh,42379,Gorakhpur,26.75,83.37,1996,2025,7,JUL,PRECTOTCORR,rainfall_mm,11.146,4.6069,4.37,19.71,30,11.15,11.9536
Uttar Pradesh,42379,Gorakhpur,26.75,83.37,1996,2025,7,JUL,RH2M,humidity_pct,75.9933,8.5579,51.07,89.14,30,75.99,86.4982
Uttar Pradesh,42379,Gorakhpur,26.75,83.37,1996,2025,7,JUL,T2M,temp_mean_c,30.5383,1.2475,28.48,34.2,30,30.54,29.2145
Uttar Pradesh,42379,Gorakhpur,26.75,83.37,1996,2025,7,JUL,T2M_MAX,temp_max_c,38.6957,2.76,33.42,43.35,30,43.35,32.6455
Uttar Pradesh,42379,Gorakhpur,26.75,83.37,1996,2025,7,JUL,T2M_MIN,temp_min_c,25.4193,0.5939,23.72,26.86,30,23.72,26.5455
Uttar Pradesh,42379,Gorakhpur,26.75,83.37,1996,2025,7,JUL,WS10M,wind_speed_ms,3.5303,0.3695,2.97,4.24,30,3.53,3.5555
Uttar Pradesh,42379,Gorakhpur,26.75,83.37,1996,2025,8,AUG,ALLSKY_SFC_SW_DWN,solar_kwh_m2_day,16.7143,1.3551,13.53,19.21,30,16.71,13.6744
Uttar Pradesh,42379,Gorakhpur,26.75,83.37,1996,2025,8,AUG,PRECTOTCORR,rainfall_mm,9.3417,3.6386,2.27,15.98,30,9.34,11.9536
Uttar Pradesh,42379,Gorakhpur,26.75,83.37,1996,2025,8,AUG,RH2M,humidity_pct,82.473,5.8803,64.8,89.51,30,82.47,86.4982
Uttar Pradesh,42379,Gorakhpur,26.75,83.37,1996,2025,8,AUG,T2M,temp_mean_c,29.243,0.7483,28.32,31.52,30,29.24,29.2145
Uttar Pradesh,42379,Gorakhpur,26.75,83.37,1996,2025,8,AUG,T2M_MAX,temp_max_c,35.6693,1.8873,32.99,40.93,30,40.93,32.6455
Uttar Pradesh,42379,Gorakhpur,26.75,83.37,1996,2025,8,AUG,T2M_MIN,temp_min_c,24.6013,0.4998,23.52,25.34,30,23.52,26.5455
Uttar Pradesh,42379,Gorakhpur,26.75,83.37,1996,2025,8,AUG,WS10M,wind_speed_ms,3.0983,0.4291,2.52,3.97,30,3.1,3.5555
Uttar Pradesh,42379,Gorakhpur,26.75,83.37,1996,2025,9,SEP,ALLSKY_SFC_SW_DWN,solar_kwh_m2_day,16.5487,1.401,12.82,18.89,30,16.55,13.6744
Uttar Pradesh,42379,Gorakhpur,26.75,83.37,1996,2025,9,SEP,PRECTOTCORR,rainfall_mm,6.222,3.2545,1.13,14.73,30,6.22,11.9536
Uttar Pradesh,42379,Gorakhpur,26.75,83.37,1996,2025,9,SEP,RH2M,humidity_pct,82.739,5.3412,67.15,89.29,30,82.74,86.4982
Uttar Pradesh,42379,Gorakhpur,26.75,83.37,1996,2025,9,SEP,T2M,temp_mean_c,28.0133,0.571,27.02,29.35,30,28.01,29.2145
Uttar Pradesh,42379,Gorakhpur,26.75,83.37,1996,2025,9,SEP,T2M_MAX,temp_max_c,34.2087,1.4088,32.27,37.93,30,37.93,32.6455
Uttar Pradesh,42379,Gorakhpur,26.75,83.37,1996,2025,9,SEP,T2M_MIN,temp_min_c,22.096,1.3293,19.23,24.53,30,19.23,26.5455
Uttar Pradesh,42379,Gorakhpur,26.75,83.37,1996,2025,9,SEP,WS10M,wind_speed_ms,2.798,0.3317,2.11,3.38,30,2.8,3.5555
Uttar Pradesh,42379,Gorakhpur,26.75,83.37,1996,2025,10,OCT,ALLSKY_SFC_SW_DWN,solar_kwh_m2_day,16.4033,1.1613,13.35,17.84,30,16.4,13.6744
Uttar Pradesh,42379,Gorakhpur,26.75,83.37,1996,2025,10,OCT,PRECTOTCORR,rainfall_mm,1.922,2.0628,0.01,7.16,30,1.92,11.9536
Uttar Pradesh,42379,Gorakhpur,26.75,83.37,1996,2025,10,OCT,RH2M,humidity_pct,71.3283,9.552,51.32,87.71,30,71.33,86.4982
Uttar Pradesh,42379,Gorakhpur,26.75,83.37,1996,2025,10,OCT,T2M,temp_mean_c,25.2107,0.8926,23.5,26.95,30,25.21,29.2145
Uttar Pradesh,42379,Gorakhpur,26.75,83.37,1996,2025,10,OCT,T2M_MAX,temp_max_c,33.5377,1.5139,30.68,37.47,30,37.47,32.6455
Uttar Pradesh,42379,Gorakhpur,26.75,83.37,1996,2025,10,OCT,T2M_MIN,temp_min_c,15.9267,1.1514,13.13,17.42,30,13.13,26.5455
Uttar Pradesh,42379,Gorakhpur,26.75,83.37,1996,2025,10,OCT,WS10M,wind_speed_ms,2.0967,0.3683,1.55,3.12,30,2.1,3.5555
Uttar Pradesh,42379,Gorakhpur,26.75,83.37,1996,2025,11,NOV,ALLSKY_SFC_SW_DWN,solar_kwh_m2_day,13.4423,1.0669,11.22,16.14,30,13.44,13.6744
Uttar Pradesh,42379,Gorakhpur,26.75,83.37,1996,2025,11,NOV,PRECTOTCORR,rainfall_mm,0.048,0.0699,0,0.25,30,0.05,11.9536
Uttar Pradesh,42379,Gorakhpur,26.75,83.37,1996,2025,11,NOV,RH2M,humidity_pct,60.695,11.6734,39.97,82.53,30,60.7,86.4982
Uttar Pradesh,42379,Gorakhpur,26.75,83.37,1996,2025,11,NOV,T2M,temp_mean_c,20.4327,1.2647,17.64,23.28,30,20.43,29.2145
Uttar Pradesh,42379,Gorakhpur,26.75,83.37,1996,2025,11,NOV,T2M_MAX,temp_max_c,30.869,1.9553,26.88,33.95,30,33.95,32.6455
Uttar Pradesh,42379,Gorakhpur,26.75,83.37,1996,2025,11,NOV,T2M_MIN,temp_min_c,10.7467,1.4138,7.6,13.56,30,7.6,26.5455
Uttar Pradesh,42379,Gorakhpur,26.75,83.37,1996,2025,11,NOV,WS10M,wind_speed_ms,2.1117,0.3163,1.38,2.64,30,2.11,3.5555
Uttar Pradesh,42379,Gorakhpur,26.75,83.37,1996,2025,12,DEC,ALLSKY_SFC_SW_DWN,solar_kwh_m2_day,10.2943,1.6099,7.66,13.68,30,10.29,13.6744
Uttar Pradesh,42379,Gorakhpur,26.75,83.37,1996,2025,12,DEC,PRECTOTCORR,rainfall_mm,0.17,0.3354,0,1.45,30,0.17,11.9536
Uttar Pradesh,42379,Gorakhpur,26.75,83.37,1996,2025,12,DEC,RH2M,humidity_pct,56.1747,11.1108,37.02,77.72,30,56.17,86.4982
Uttar Pradesh,42379,Gorakhpur,26.75,83.37,1996,2025,12,DEC,T2M,temp_mean_c,15.9113,1.0325,13.71,17.44,30,15.91,29.2145
Uttar Pradesh,42379,Gorakhpur,26.75,83.37,1996,2025,12,DEC,T2M_MAX,temp_max_c,27.3187,1.6637,24.72,31.54,30,31.54,32.6455
Uttar Pradesh,42379,Gorakhpur,26.75,83.37,1996,2025,12,DEC,T2M_MIN,temp_min_c,5.7393,1.4296,2.29,9,30,2.29,26.5455
Uttar Pradesh,42379,Gorakhpur,26.75,83.37,1996,2025,12,DEC,WS10M,wind_speed_ms,2.2693,0.2916,1.69,2.86,30,2.27,3.5555
Uttar Pradesh,42559,Guna,24.65,77.31,1996,2025,0,ANNUAL,ALLSKY_SFC_SW_DWN,solar_kwh_m2_day,18.8693,0.7545,17.24,20.03,30,,11.2644
Uttar Pradesh,42559,Guna,24.65,77.31,1996,2025,0,ANNUAL,PRECTOTCORR,rainfall_mm,2.7163,0.7548,1.09,4.41,30,,10.6945
Uttar Pradesh,42559,Guna,24.65,77.31,1996,2025,0,ANNUAL,RH2M,humidity_pct,51.1263,4.9687,36.61,59,30,,86.29
Uttar Pradesh,42559,Guna,24.65,77.31,1996,2025,0,ANNUAL,T2M,temp_mean_c,24.993,0.4971,24.13,25.97,30,,26.5855
Uttar Pradesh,42559,Guna,24.65,77.31,1996,2025,0,ANNUAL,T2M_MAX,temp_max_c,45.3057,1.1286,42.85,47.43,30,,29.9227
Uttar Pradesh,42559,Guna,24.65,77.31,1996,2025,0,ANNUAL,T2M_MIN,temp_min_c,4.2533,1.5015,1.29,7.11,30,,24.0709
Uttar Pradesh,42559,Guna,24.65,77.31,1996,2025,0,ANNUAL,WS10M,wind_speed_ms,3.3903,0.1411,3.18,3.8,30,,4.0264
Uttar Pradesh,42559,Guna,24.65,77.31,1996,2025,1,JAN,ALLSKY_SFC_SW_DWN,solar_kwh_m2_day,15.2297,1.4851,11.47,17.33,30,15.23,11.2644
Uttar Pradesh,42559,Guna,24.65,77.31,1996,2025,1,JAN,PRECTOTCORR,rainfall_mm,0.2893,0.3775,0,1.59,30,0.29,10.6945
Uttar Pradesh,42559,Guna,24.65,77.31,1996,2025,1,JAN,RH2M,humidity_pct,43.3973,13.789,24.02,69.75,30,43.4,86.29
Uttar Pradesh,42559,Guna,24.65,77.31,1996,2025,1,JAN,T2M,temp_mean_c,16.0747,1.2683,13.8,18.28,30,16.07,26.5855
Uttar Pradesh,42559,Guna,24.65,77.31,1996,2025,1,JAN,T2M_MAX,temp_max_c,29.6397,2.0466,26.02,33.5,30,33.5,29.9227
Uttar Pradesh,42559,Guna,24.65,77.31,1996,2025,1,JAN,T2M_MIN,temp_min_c,4.681,1.4434,2.01,7.11,30,2.01,24.0709
Uttar Pradesh,42559,Guna,24.65,77.31,1996,2025,1,JAN,WS10M,wind_speed_ms,2.809,0.1696,2.46,3.19,30,2.81,4.0264
Uttar Pradesh,42559,Guna,24.65,77.31,1996,2025,2,FEB,ALLSKY_SFC_SW_DWN,solar_kwh_m2_day,18.939,1.1777,16.39,20.71,30,18.94,11.2644
Uttar Pradesh,42559,Guna,24.65,77.31,1996,2025,2,FEB,PRECTOTCORR,rainfall_mm,0.339,0.5257,0,1.91,30,0.34,10.6945
Uttar Pradesh,42559,Guna,24.65,77.31,1996,2025,2,FEB,RH2M,humidity_pct,34.118,10.3182,17.28,52.84,30,34.12,86.29
Uttar Pradesh,42559,Guna,24.65,77.31,1996,2025,2,FEB,T2M,temp_mean_c,19.7713,1.4303,17.38,23.95,30,19.77,26.5855
Uttar Pradesh,42559,Guna,24.65,77.31,1996,2025,2,FEB,T2M_MAX,temp_max_c,34.1423,1.6099,30.11,37.42,30,37.42,29.9227
Uttar Pradesh,42559,Guna,24.65,77.31,1996,2025,2,FEB,T2M_MIN,temp_min_c,6.855,1.8674,3.08,10.82,30,3.08,24.0709
Uttar Pradesh,42559,Guna,24.65,77.31,1996,2025,2,FEB,WS10M,wind_speed_ms,3.0803,0.2034,2.72,3.44,30,3.08,4.0264
Uttar Pradesh,42559,Guna,24.65,77.31,1996,2025,3,MAR,ALLSKY_SFC_SW_DWN,solar_kwh_m2_day,22.586,1.1242,19.23,24.57,30,22.59,11.2644
Uttar Pradesh,42559,Guna,24.65,77.31,1996,2025,3,MAR,PRECTOTCORR,rainfall_mm,0.326,0.5106,0,2.1,30,0.33,10.6945
Uttar Pradesh,42559,Guna,24.65,77.31,1996,2025,3,MAR,RH2M,humidity_pct,25.779,9.3803,13.87,49.57,30,25.78,86.29
Uttar Pradesh,42559,Guna,24.65,77.31,1996,2025,3,MAR,T2M,temp_mean_c,25.2953,1.4353,22.41,27.64,30,25.3,26.5855
Uttar Pradesh,42559,Guna,24.65,77.31,1996,2025,3,MAR,T2M_MAX,temp_max_c,39.4043,1.6871,35.7,42.49,30,42.49,29.9227
Uttar Pradesh,42559,Guna,24.65,77.31,1996,2025,3,MAR,T2M_MIN,temp_min_c,11.384,2.5851,6.57,14.84,30,6.57,24.0709
Uttar Pradesh,42559,Guna,24.65,77.31,1996,2025,3,MAR,WS10M,wind_speed_ms,3.2603,0.2739,2.57,3.73,30,3.26,4.0264
Uttar Pradesh,42559,Guna,24.65,77.31,1996,2025,4,APR,ALLSKY_SFC_SW_DWN,solar_kwh_m2_day,25.419,1.2234,21.79,27.63,30,25.42,11.2644
Uttar Pradesh,42559,Guna,24.65,77.31,1996,2025,4,APR,PRECTOTCORR,rainfall_mm,0.179,0.1959,0,0.78,30,0.18,10.6945
Uttar Pradesh,42559,Guna,24.65,77.31,1996,2025,4,APR,RH2M,humidity_pct,19.2637,4.9216,10.07,32.62,30,19.26,86.29
Uttar Pradesh,42559,Guna,24.65,77.31,1996,2025,4,APR,T2M,temp_mean_c,30.9387,1.0581,28.58,33.18,30,30.94,26.5855
Uttar Pradesh,42559,Guna,24.65,77.31,1996,2025,4,APR,T2M_MAX,temp_max_c,43.0703,1.0956,40.52,44.49,30,44.49,29.9227
Uttar Pradesh,42559,Guna,24.65,77.31,1996,2025,4,APR,T2M_MIN,temp_min_c,17.6527,1.7494,12.81,20.99,30,12.81,24.0709
Uttar Pradesh,42559,Guna,24.65,77.31,1996,2025,4,APR,WS10M,wind_speed_ms,3.6497,0.3343,3.08,4.47,30,3.65,4.0264
Uttar Pradesh,42559,Guna,24.65,77.31,1996,2025,5,MAY,ALLSKY_SFC_SW_DWN,solar_kwh_m2_day,25.6513,1.2654,20.74,27.67,30,25.65,11.2644
Uttar Pradesh,42559,Guna,24.65,77.31,1996,2025,5,MAY,PRECTOTCORR,rainfall_mm,0.465,0.5013,0,1.71,30,0.47,10.6945
Uttar Pradesh,42559,Guna,24.65,77.31,1996,2025,5,MAY,RH2M,humidity_pct,23.8843,5.5561,15.91,37.51,30,23.88,86.29
Uttar Pradesh,42559,Guna,24.65,77.31,1996,2025,5,MAY,T2M,temp_mean_c,34.3923,1.0346,31.9,35.68,30,34.39,26.5855
Uttar Pradesh,42559,Guna,24.65,77.31,1996,2025,5,MAY,T2M_MAX,temp_max_c,45.014,1.1983,42.3,47.43,30,47.43,29.9227
Uttar Pradesh,42559,Guna,24.65,77.31,1996,2025,5,MAY,T2M_MIN,temp_min_c,22.7393,1.9925,18.25,25.64,30,18.25,24.0709
Uttar Pradesh,42559,Guna,24.65,77.31,1996,2025,5,MAY,WS10M,wind_speed_ms,4.504,0.4699,3.72,5.54,30,4.5,4.0264
Uttar Pradesh,42559,Guna,24.65,77.31,1996,2025,6,JUN,ALLSKY_SFC_SW_DWN,solar_kwh_m2_day,21.3623,1.9522,16.69,24.49,30,21.36,11.2644
Uttar Pradesh,42559,Guna,24.65,77.31,1996,2025,6,JUN,PRECTOTCORR,rainfall_mm,4.504,3.7549,0.98,18.52,30,4.5,10.6945
Uttar Pradesh,42559,Guna,24.65,77.31,1996,2025,6,JUN,RH2M,humidity_pct,48.3123,9.3812,34.17,70.89,30,48.31,86.29
Uttar Pradesh,42559,Guna,24.65,77.31,1996,2025,6,JUN,T2M,temp_mean_c,32.5953,1.6262,28.66,35.18,30,32.6,26.5855
Uttar Pradesh,42559,Guna,24.65,77.31,1996,2025,6,JUN,T2M_MAX,temp_max_c,43.899,1.8207,39.61,46.74,30,46.74,29.9227
Uttar Pradesh,42559,Guna,24.65,77.31,1996,2025,6,JUN,T2M_MIN,temp_min_c,23.8063,1.2875,19.69,26.46,30,19.69,24.0709
Uttar Pradesh,42559,Guna,24.65,77.31,1996,2025,6,JUN,WS10M,wind_speed_ms,4.782,0.5681,3.9,6.16,30,4.78,4.0264
Uttar Pradesh,42559,Guna,24.65,77.31,1996,2025,7,JUL,ALLSKY_SFC_SW_DWN,solar_kwh_m2_day,15.5323,2.0661,10.94,19.85,30,15.53,11.2644
Uttar Pradesh,42559,Guna,24.65,77.31,1996,2025,7,JUL,PRECTOTCORR,rainfall_mm,10.717,4.8785,0.99,24.46,30,10.72,10.6945
Uttar Pradesh,42559,Guna,24.65,77.31,1996,2025,7,JUL,RH2M,humidity_pct,78.136,7.7864,51.82,89.6,30,78.14,86.29
Uttar Pradesh,42559,Guna,24.65,77.31,1996,2025,7,JUL,T2M,temp_mean_c,27.9067,1.162,26.1,31.73,30,27.91,26.5855
Uttar Pradesh,42559,Guna,24.65,77.31,1996,2025,7,JUL,T2M_MAX,temp_max_c,36.5837,3.095,31.51,42.99,30,42.99,29.9227
Uttar Pradesh,42559,Guna,24.65,77.31,1996,2025,7,JUL,T2M_MIN,temp_min_c,22.8017,0.6162,21.47,23.91,30,21.47,24.0709
Uttar Pradesh,42559,Guna,24.65,77.31,1996,2025,7,JUL,WS10M,wind_speed_ms,4.4247,0.6655,3.04,5.86,30,4.42,4.0264
Uttar Pradesh,42559,Guna,24.65,77.31,1996,2025,8,AUG,ALLSKY_SFC_SW_DWN,solar_kwh_m2_day,14.659,1.5941,12.47,18.02,30,14.66,11.2644
Uttar Pradesh,42559,Guna,24.65,77.31,1996,2025,8,AUG,PRECTOTCORR,rainfall_mm,9.775,4.0112,1.88,15.71,30,9.78,10.6945
Uttar Pradesh,42559,Guna,24.65,77.31,1996,2025,8,AUG,RH2M,humidity_pct,86.0737,3.0111,78,90.64,30,86.07,86.29
Uttar Pradesh,42559,Guna,24.65,77.31,1996,2025,8,AUG,T2M,temp_mean_c,26.2367,0.4786,25.35,27.32,30,26.24,26.5855
Uttar Pradesh,42559,Guna,24.65,77.31,1996,2025,8,AUG,T2M_MAX,temp_max_c,32.3477,1.6052,30.24,38.26,30,38.26,29.9227
Uttar Pradesh,42559,Guna,24.65,77.31,1996,2025,8,AUG,T2M_MIN,temp_min_c,21.7793,0.5227,20.5,22.73,30,20.5,24.0709
Uttar Pradesh,42559,Guna,24.65,77.31,1996,2025,8,AUG,WS10M,wind_speed_ms,3.8697,0.473,2.6,4.59,30,3.87,4.0264
Uttar Pradesh,42559,Guna,24.65,77.31,1996,2025,9,SEP,ALLSKY_SFC_SW_DWN,solar_kwh_m2_day,17.7773,2.1921,13.09,20.73,30,17.78,11.2644
Uttar Pradesh,42559,Guna,24.65,77.31,1996,2025,9,SEP,PRECTOTCORR,rainfall_mm,4.414,2.5538,0.65,10.87,30,4.41,10.6945
Uttar Pradesh,42559,Guna,24.65,77.31,1996,2025,9,SEP,RH2M,humidity_pct,82.3293,5.1726,65.95,90.64,30,82.33,86.29
Uttar Pradesh,42559,Guna,24.65,77.31,1996,2025,9,SEP,T2M,temp_mean_c,25.7073,0.6073,24.31,27.38,30,25.71,26.5855
Uttar Pradesh,42559,Guna,24.65,77.31,1996,2025,9,SEP,T2M_MAX,temp_max_c,32.288,1.5485,30.44,37.01,30,37.01,29.9227
Uttar Pradesh,42559,Guna,24.65,77.31,1996,2025,9,SEP,T2M_MIN,temp_min_c,19.2307,1.2769,17.27,22.02,30,17.27,24.0709
Uttar Pradesh,42559,Guna,24.65,77.31,1996,2025,9,SEP,WS10M,wind_speed_ms,3.0537,0.3637,2.38,4.09,30,3.05,4.0264
Uttar Pradesh,42559,Guna,24.65,77.31,1996,2025,10,OCT,ALLSKY_SFC_SW_DWN,solar_kwh_m2_day,18.7623,1.2994,14.75,20.69,30,18.76,11.2644
Uttar Pradesh,42559,Guna,24.65,77.31,1996,2025,10,OCT,PRECTOTCORR,rainfall_mm,0.795,0.8486,0,2.63,30,0.8,10.6945
Uttar Pradesh,42559,Guna,24.65,77.31,1996,2025,10,OCT,RH2M,humidity_pct,66.8513,9.7228,30.95,80.65,30,66.85,86.29
Uttar Pradesh,42559,Guna,24.65,77.31,1996,2025,10,OCT,T2M,temp_mean_c,23.7147,1.1017,22.03,27.29,30,23.71,26.5855
Uttar Pradesh,42559,Guna,24.65,77.31,1996,2025,10,OCT,T2M_MAX,temp_max_c,32.0723,2.0823,29.77,39.1,30,39.1,29.9227
Uttar Pradesh,42559,Guna,24.65,77.31,1996,2025,10,OCT,T2M_MIN,temp_min_c,13.9493,1.2377,11.37,16.14,30,11.37,24.0709
Uttar Pradesh,42559,Guna,24.65,77.31,1996,2025,10,OCT,WS10M,wind_speed_ms,2.3853,0.2362,1.91,2.95,30,2.39,4.0264
Uttar Pradesh,42559,Guna,24.65,77.31,1996,2025,11,NOV,ALLSKY_SFC_SW_DWN,solar_kwh_m2_day,16.074,1.3072,13.28,18.47,30,16.07,11.2644
Uttar Pradesh,42559,Guna,24.65,77.31,1996,2025,11,NOV,PRECTOTCORR,rainfall_mm,0.321,0.7167,0,2.57,30,0.32,10.6945
Uttar Pradesh,42559,Guna,24.65,77.31,1996,2025,11,NOV,RH2M,humidity_pct,55.3227,12.3077,22.6,77.28,30,55.32,86.29
Uttar Pradesh,42559,Guna,24.65,77.31,1996,2025,11,NOV,T2M,temp_mean_c,20.2257,1.126,17.63,22.5,30,20.23,26.5855
Uttar Pradesh,42559,Guna,24.65,77.31,1996,2025,11,NOV,T2M_MAX,temp_max_c,30.9723,1.8153,28.46,35.27,30,35.27,29.9227
Uttar Pradesh,42559,Guna,24.65,77.31,1996,2025,11,NOV,T2M_MIN,temp_min_c,10.0383,1.391,7.58,12.33,30,7.58,24.0709
Uttar Pradesh,42559,Guna,24.65,77.31,1996,2025,11,NOV,WS10M,wind_speed_ms,2.3213,0.2034,1.99,2.67,30,2.32,4.0264
Uttar Pradesh,42559,Guna,24.65,77.31,1996,2025,12,DEC,ALLSKY_SFC_SW_DWN,solar_kwh_m2_day,14.6147,1.1211,12.26,16.53,30,14.61,11.2644
Uttar Pradesh,42559,Guna,24.65,77.31,1996,2025,12,DEC,PRECTOTCORR,rainfall_mm,0.2283,0.4241,0,1.85,30,0.23,10.6945
Uttar Pradesh,42559,Guna,24.65,77.31,1996,2025,12,DEC,RH2M,humidity_pct,48.586,14.8073,18.36,78.11,30,48.59,86.29
Uttar Pradesh,42559,Guna,24.65,77.31,1996,2025,12,DEC,T2M,temp_mean_c,16.9143,1.2737,14.17,19.03,30,16.91,26.5855
Uttar Pradesh,42559,Guna,24.65,77.31,1996,2025,12,DEC,T2M_MAX,temp_max_c,28.9767,1.9654,24.97,32.27,30,32.27,29.9227
Uttar Pradesh,42559,Guna,24.65,77.31,1996,2025,12,DEC,T2M_MIN,temp_min_c,6.1947,1.7833,1.29,8.81,30,1.29,24.0709
Uttar Pradesh,42559,Guna,24.65,77.31,1996,2025,12,DEC,WS10M,wind_speed_ms,2.5257,0.1477,2.18,2.8,30,2.53,4.0264
Uttar Pradesh,42178,Gurgaon,28.46666667,77.03333333,1996,2025,0,ANNUAL,ALLSKY_SFC_SW_DWN,solar_kwh_m2_day,17.5883,0.6222,16.51,18.52,30,,13.3556
Uttar Pradesh,42178,Gurgaon,28.46666667,77.03333333,1996,2025,0,ANNUAL,PRECTOTCORR,rainfall_mm,1.848,0.4636,0.93,3,30,,9.7709
Uttar Pradesh,42178,Gurgaon,28.46666667,77.03333333,1996,2025,0,ANNUAL,RH2M,humidity_pct,44.2747,5.7163,32.7,53.27,30,,83.96
Uttar Pradesh,42178,Gurgaon,28.46666667,77.03333333,1996,2025,0,ANNUAL,T2M,temp_mean_c,25.626,0.6406,24.66,27.04,30,,28.9964
Uttar Pradesh,42178,Gurgaon,28.46666667,77.03333333,1996,2025,0,ANNUAL,T2M_MAX,temp_max_c,46.955,1.0545,44.58,48.64,30,,32.3364
Uttar Pradesh,42178,Gurgaon,28.46666667,77.03333333,1996,2025,0,ANNUAL,T2M_MIN,temp_min_c,2.2013,1.4169,-0.83,4.74,30,,26.1755
Uttar Pradesh,42178,Gurgaon,28.46666667,77.03333333,1996,2025,0,ANNUAL,WS10M,wind_speed_ms,2.942,0.1543,2.72,3.23,30,,2.9718
Uttar Pradesh,42178,Gurgaon,28.46666667,77.03333333,1996,2025,1,JAN,ALLSKY_SFC_SW_DWN,solar_kwh_m2_day,11.115,1.6623,7.82,14.6,30,11.11,13.3556
Uttar Pradesh,42178,Gurgaon,28.46666667,77.03333333,1996,2025,1,JAN,PRECTOTCORR,rainfall_mm,0.5733,0.5966,0,2.79,30,0.57,9.7709
Uttar Pradesh,42178,Gurgaon,28.46666667,77.03333333,1996,2025,1,JAN,RH2M,humidity_pct,43.911,10.4086,28.55,72.3,30,43.91,83.96
Uttar Pradesh,42178,Gurgaon,28.46666667,77.03333333,1996,2025,1,JAN,T2M,temp_mean_c,13.453,0.9828,11.56,15.48,30,13.45,28.9964
Uttar Pradesh,42178,Gurgaon,28.46666667,77.03333333,1996,2025,1,JAN,T2M_MAX,temp_max_c,26.614,1.858,24.21,31.29,30,31.29,32.3364
Uttar Pradesh,42178,Gurgaon,28.46666667,77.03333333,1996,2025,1,JAN,T2M_MIN,temp_min_c,2.5803,1.5427,-0.83,5.88,30,-0.83,26.1755
Uttar Pradesh,42178,Gurgaon,28.46666667,77.03333333,1996,2025,1,JAN,WS10M,wind_speed_ms,2.7467,0.2905,2.11,3.36,30,2.75,2.9718
Uttar Pradesh,42178,Gurgaon,28.46666667,77.03333333,1996,2025,2,FEB,ALLSKY_SFC_SW_DWN,solar_kwh_m2_day,15.9183,1.1889,12.57,17.82,30,15.92,13.3556
Uttar Pradesh,42178,Gurgaon,28.46666667,77.03333333,1996,2025,2,FEB,PRECTOTCORR,rainfall_mm,0.6583,0.7452,0,2.81,30,0.66,9.7709
Uttar Pradesh,42178,Gurgaon,28.46666667,77.03333333,1996,2025,2,FEB,RH2M,humidity_pct,40.3657,10.1402,23.54,60.88,30,40.37,83.96
Uttar Pradesh,42178,Gurgaon,28.46666667,77.03333333,1996,2025,2,FEB,T2M,temp_mean_c,17.194,1.5644,14.88,22.53,30,17.19,28.9964
Uttar Pradesh,42178,Gurgaon,28.46666667,77.03333333,1996,2025,2,FEB,T2M_MAX,temp_max_c,31.629,2.2793,26.44,35.29,30,35.29,32.3364
Uttar Pradesh,42178,Gurgaon,28.46666667,77.03333333,1996,2025,2,FEB,T2M_MIN,temp_min_c,4.8717,1.656,1.29,9.95,30,1.29,26.1755
Uttar Pradesh,42178,Gurgaon,28.46666667,77.03333333,1996,2025,2,FEB,WS10M,wind_speed_ms,2.959,0.2452,2.5,3.44,30,2.96,2.9718
Uttar Pradesh,42178,Gurgaon,28.46666667,77.03333333,1996,2025,3,MAR,ALLSKY_SFC_SW_DWN,solar_kwh_m2_day,20.372,1.047,17.86,22.52,30,20.37,13.3556
Uttar Pradesh,42178,Gurgaon,28.46666667,77.03333333,1996,2025,3,MAR,PRECTOTCORR,rainfall_mm,0.5383,0.6956,0,2.72,30,0.54,9.7709
Uttar Pradesh,42178,Gurgaon,28.46666667,77.03333333,1996,2025,3,MAR,RH2M,humidity_pct,32.1163,10.5138,16.96,55.76,30,32.12,83.96
Uttar Pradesh,42178,Gurgaon,28.46666667,77.03333333,1996,2025,3,MAR,T2M,temp_mean_c,23.4943,1.6118,20.82,26.64,30,23.49,28.9964
Uttar Pradesh,42178,Gurgaon,28.46666667,77.03333333,1996,2025,3,MAR,T2M_MAX,temp_max_c,38.7173,2.5038,33.43,42.58,30,42.58,32.3364
Uttar Pradesh,42178,Gurgaon,28.46666667,77.03333333,1996,2025,3,MAR,T2M_MIN,temp_min_c,9.6743,2.4912,4.79,14.64,30,4.79,26.1755
Uttar Pradesh,42178,Gurgaon,28.46666667,77.03333333,1996,2025,3,MAR,WS10M,wind_speed_ms,3.0917,0.3016,2.36,3.71,30,3.09,2.9718
Uttar Pradesh,42178,Gurgaon,28.46666667,77.03333333,1996,2025,4,APR,ALLSKY_SFC_SW_DWN,solar_kwh_m2_day,23.8993,0.8548,22.37,25.7,30,23.9,13.3556
Uttar Pradesh,42178,Gurgaon,28.46666667,77.03333333,1996,2025,4,APR,PRECTOTCORR,rainfall_mm,0.408,0.5,0,2.42,30,0.41,9.7709
Uttar Pradesh,42178,Gurgaon,28.46666667,77.03333333,1996,2025,4,APR,RH2M,humidity_pct,23.0583,7.6451,9.83,40.98,30,23.06,83.96
Uttar Pradesh,42178,Gurgaon,28.46666667,77.03333333,1996,2025,4,APR,T2M,temp_mean_c,30.2297,1.4729,27.66,32.97,30,30.23,28.9964
Uttar Pradesh,42178,Gurgaon,28.46666667,77.03333333,1996,2025,4,APR,T2M_MAX,temp_max_c,43.5543,1.6297,40.48,46.86,30,46.86,32.3364
Uttar Pradesh,42178,Gurgaon,28.46666667,77.03333333,1996,2025,4,APR,T2M_MIN,temp_min_c,15.9237,1.7827,12.19,20.02,30,12.19,26.1755
Uttar Pradesh,42178,Gurgaon,28.46666667,77.03333333,1996,2025,4,APR,WS10M,wind_speed_ms,3.2637,0.3205,2.59,4.11,30,3.26,2.9718
Uttar Pradesh,42178,Gurgaon,28.46666667,77.03333333,1996,2025,5,MAY,ALLSKY_SFC_SW_DWN,solar_kwh_m2_day,24.027,1.2992,21.19,26.32,30,24.03,13.3556
Uttar Pradesh,42178,Gurgaon,28.46666667,77.03333333,1996,2025,5,MAY,PRECTOTCORR,rainfall_mm,1.203,1.0902,0.01,3.82,30,1.2,9.7709
Uttar Pradesh,42178,Gurgaon,28.46666667,77.03333333,1996,2025,5,MAY,RH2M,humidity_pct,24.4817,6.6681,14.63,40.11,30,24.48,83.96
Uttar Pradesh,42178,Gurgaon,28.46666667,77.03333333,1996,2025,5,MAY,T2M,temp_mean_c,34.6313,1.4109,30.86,36.68,30,34.63,28.9964
Uttar Pradesh,42178,Gurgaon,28.46666667,77.03333333,1996,2025,5,MAY,T2M_MAX,temp_max_c,46.3007,1.321,41.67,48.52,30,48.52,32.3364
Uttar Pradesh,42178,Gurgaon,28.46666667,77.03333333,1996,2025,5,MAY,T2M_MIN,temp_min_c,22.511,2.2222,18.21,26.75,30,18.21,26.1755
Uttar Pradesh,42178,Gurgaon,28.46666667,77.03333333,1996,2025,5,MAY,WS10M,wind_speed_ms,3.5427,0.4907,2.78,4.73,30,3.54,2.9718
Uttar Pradesh,42178,Gurgaon,28.46666667,77.03333333,1996,2025,6,JUN,ALLSKY_SFC_SW_DWN,solar_kwh_m2_day,21.7097,1.3389,18.25,24.77,30,21.71,13.3556
Uttar Pradesh,42178,Gurgaon,28.46666667,77.03333333,1996,2025,6,JUN,PRECTOTCORR,rainfall_mm,2.6453,1.3032,0.42,5.01,30,2.65,9.7709
Uttar Pradesh,42178,Gurgaon,28.46666667,77.03333333,1996,2025,6,JUN,RH2M,humidity_pct,37.5217,7.9048,23.52,57.77,30,37.52,83.96
Uttar Pradesh,42178,Gurgaon,28.46666667,77.03333333,1996,2025,6,JUN,T2M,temp_mean_c,35.519,1.3961,32.59,37.99,30,35.52,28.9964
Uttar Pradesh,42178,Gurgaon,28.46666667,77.03333333,1996,2025,6,JUN,T2M_MAX,temp_max_c,46.0217,1.6671,41.79,48.64,30,48.64,32.3364
Uttar Pradesh,42178,Gurgaon,28.46666667,77.03333333,1996,2025,6,JUN,T2M_MIN,temp_min_c,25.747,1.6245,21.11,28.54,30,21.11,26.1755
Uttar Pradesh,42178,Gurgaon,28.46666667,77.03333333,1996,2025,6,JUN,WS10M,wind_speed_ms,3.578,0.61,2.65,5.18,30,3.58,2.9718
Uttar Pradesh,42178,Gurgaon,28.46666667,77.03333333,1996,2025,7,JUL,ALLSKY_SFC_SW_DWN,solar_kwh_m2_day,17.9157,1.4512,15.67,21.25,30,17.92,13.3556
Uttar Pradesh,42178,Gurgaon,28.46666667,77.03333333,1996,2025,7,JUL,PRECTOTCORR,rainfall_mm,5.814,3.2493,0.3,15.23,30,5.81,9.7709
Uttar Pradesh,42178,Gurgaon,28.46666667,77.03333333,1996,2025,7,JUL,RH2M,humidity_pct,60.5093,10.8803,28.66,78.25,30,60.51,83.96
Uttar Pradesh,42178,Gurgaon,28.46666667,77.03333333,1996,2025,7,JUL,T2M,temp_mean_c,32.6137,1.7581,29.91,37.89,30,32.61,28.9964
Uttar Pradesh,42178,Gurgaon,28.46666667,77.03333333,1996,2025,7,JUL,T2M_MAX,temp_max_c,42.6117,2.1749,38.31,46.74,30,46.74,32.3364
Uttar Pradesh,42178,Gurgaon,28.46666667,77.03333333,1996,2025,7,JUL,T2M_MIN,temp_min_c,25.829,1.286,23.71,30.11,30,23.71,26.1755
Uttar Pradesh,42178,Gurgaon,28.46666667,77.03333333,1996,2025,7,JUL,WS10M,wind_speed_ms,3.1597,0.5111,2.32,4.76,30,3.16,2.9718
Uttar Pradesh,42178,Gurgaon,28.46666667,77.03333333,1996,2025,8,AUG,ALLSKY_SFC_SW_DWN,solar_kwh_m2_day,17.393,1.6733,14.38,20.9,30,17.39,13.3556
Uttar Pradesh,42178,Gurgaon,28.46666667,77.03333333,1996,2025,8,AUG,PRECTOTCORR,rainfall_mm,5.542,2.3258,1.91,10.38,30,5.54,9.7709
Uttar Pradesh,42178,Gurgaon,28.46666667,77.03333333,1996,2025,8,AUG,RH2M,humidity_pct,71.125,9.4713,50.4,84.18,30,71.13,83.96
Uttar Pradesh,42178,Gurgaon,28.46666667,77.03333333,1996,2025,8,AUG,T2M,temp_mean_c,30.245,1.3134,28.5,33.1,30,30.24,28.9964
Uttar Pradesh,42178,Gurgaon,28.46666667,77.03333333,1996,2025,8,AUG,T2M_MAX,temp_max_c,37.9267,2.5462,34.12,44.26,30,44.26,32.3364
Uttar Pradesh,42178,Gurgaon,28.46666667,77.03333333,1996,2025,8,AUG,T2M_MIN,temp_min_c,24.2077,0.8386,22.82,26.13,30,22.82,26.1755
Uttar Pradesh,42178,Gurgaon,28.46666667,77.03333333,1996,2025,8,AUG,WS10M,wind_speed_ms,2.9077,0.3769,2.1,3.77,30,2.91,2.9718
Uttar Pradesh,42178,Gurgaon,28.46666667,77.03333333,1996,2025,9,SEP,ALLSKY_SFC_SW_DWN,solar_kwh_m2_day,17.8883,1.7741,14.45,20.9,30,17.89,13.3556
Uttar Pradesh,42178,Gurgaon,28.46666667,77.03333333,1996,2025,9,SEP,PRECTOTCORR,rainfall_mm,3.7063,2.3494,0.41,8.4,30,3.71,9.7709
Uttar Pradesh,42178,Gurgaon,28.46666667,77.03333333,1996,2025,9,SEP,RH2M,humidity_pct,66.745,11.1562,44.48,86.73,30,66.74,83.96
Uttar Pradesh,42178,Gurgaon,28.46666667,77.03333333,1996,2025,9,SEP,T2M,temp_mean_c,28.828,1.3007,26.68,31.52,30,28.83,28.9964
Uttar Pradesh,42178,Gurgaon,28.46666667,77.03333333,1996,2025,9,SEP,T2M_MAX,temp_max_c,37.3473,2.5699,32.69,42.37,30,42.37,32.3364
Uttar Pradesh,42178,Gurgaon,28.46666667,77.03333333,1996,2025,9,SEP,T2M_MIN,temp_min_c,20.4783,1.4618,17.4,23.82,30,17.4,26.1755
Uttar Pradesh,42178,Gurgaon,28.46666667,77.03333333,1996,2025,9,SEP,WS10M,wind_speed_ms,2.6753,0.3342,2.08,3.48,30,2.68,2.9718
Uttar Pradesh,42178,Gurgaon,28.46666667,77.03333333,1996,2025,10,OCT,ALLSKY_SFC_SW_DWN,solar_kwh_m2_day,16.785,0.8719,14.8,18.15,30,16.78,13.3556
Uttar Pradesh,42178,Gurgaon,28.46666667,77.03333333,1996,2025,10,OCT,PRECTOTCORR,rainfall_mm,0.6233,0.8717,0,3.09,30,0.62,9.7709
Uttar Pradesh,42178,Gurgaon,28.46666667,77.03333333,1996,2025,10,OCT,RH2M,humidity_pct,49.458,12.6448,25.46,70.83,30,49.46,83.96
Uttar Pradesh,42178,Gurgaon,28.46666667,77.03333333,1996,2025,10,OCT,T2M,temp_mean_c,25.4907,1.1581,23.74,27.73,30,25.49,28.9964
Uttar Pradesh,42178,Gurgaon,28.46666667,77.03333333,1996,2025,10,OCT,T2M_MAX,temp_max_c,36.078,1.9824,32.48,39.43,30,39.43,32.3364
Uttar Pradesh,42178,Gurgaon,28.46666667,77.03333333,1996,2025,10,OCT,T2M_MIN,temp_min_c,15.015,1.4364,11.64,17.83,30,11.64,26.1755
Uttar Pradesh,42178,Gurgaon,28.46666667,77.03333333,1996,2025,10,OCT,WS10M,wind_speed_ms,2.2803,0.2298,1.8,2.69,30,2.28,2.9718
Uttar Pradesh,42178,Gurgaon,28.46666667,77.03333333,1996,2025,11,NOV,ALLSKY_SFC_SW_DWN,solar_kwh_m2_day,13.0267,1.1911,10.2,15.5,30,13.03,13.3556
Uttar Pradesh,42178,Gurgaon,28.46666667,77.03333333,1996,2025,11,NOV,PRECTOTCORR,rainfall_mm,0.1183,0.1991,0,0.83,30,0.12,9.7709
Uttar Pradesh,42178,Gurgaon,28.46666667,77.03333333,1996,2025,11,NOV,RH2M,humidity_pct,41.063,11.5111,18.3,62.2,30,41.06,83.96
Uttar Pradesh,42178,Gurgaon,28.46666667,77.03333333,1996,2025,11,NOV,T2M,temp_mean_c,20.2217,1.1312,18.02,22.06,30,20.22,28.9964
Uttar Pradesh,42178,Gurgaon,28.46666667,77.03333333,1996,2025,11,NOV,T2M_MAX,temp_max_c,32.2397,1.8884,28.51,38.27,30,38.27,32.3364
Uttar Pradesh,42178,Gurgaon,28.46666667,77.03333333,1996,2025,11,NOV,T2M_MIN,temp_min_c,9.1367,1.3665,6.9,11.84,30,6.9,26.1755
Uttar Pradesh,42178,Gurgaon,28.46666667,77.03333333,1996,2025,11,NOV,WS10M,wind_speed_ms,2.49,0.2951,1.94,3.06,30,2.49,2.9718
Uttar Pradesh,42178,Gurgaon,28.46666667,77.03333333,1996,2025,12,DEC,ALLSKY_SFC_SW_DWN,solar_kwh_m2_day,11.054,1.0135,7.71,13.09,30,11.05,13.3556
Uttar Pradesh,42178,Gurgaon,28.46666667,77.03333333,1996,2025,12,DEC,PRECTOTCORR,rainfall_mm,0.2273,0.3524,0,1.29,30,0.23,9.7709
Uttar Pradesh,42178,Gurgaon,28.46666667,77.03333333,1996,2025,12,DEC,RH2M,humidity_pct,40.3387,10.4529,19.17,58.78,30,40.34,83.96
Uttar Pradesh,42178,Gurgaon,28.46666667,77.03333333,1996,2025,12,DEC,T2M,temp_mean_c,15.25,1.1449,12.61,17.25,30,15.25,28.9964
Uttar Pradesh,42178,Gurgaon,28.46666667,77.03333333,1996,2025,12,DEC,T2M_MAX,temp_max_c,27.833,1.5536,23.73,30.23,30,30.23,32.3364
Uttar Pradesh,42178,Gurgaon,28.46666667,77.03333333,1996,2025,12,DEC,T2M_MIN,temp_min_c,4.116,1.6896,0.3,6.88,30,0.3,26.1755
Uttar Pradesh,42178,Gurgaon,28.46666667,77.03333333,1996,2025,12,DEC,WS10M,wind_speed_ms,2.61,0.2997,2.16,3.38,30,2.61,2.9718
Uttar Pradesh,42361,Gwalior,26.23,78.25,1996,2025,0,ANNUAL,ALLSKY_SFC_SW_DWN,solar_kwh_m2_day,18.1733,0.7578,16.68,19.34,30,,11.8578
Uttar Pradesh,42361,Gwalior,26.23,78.25,1996,2025,0,ANNUAL,PRECTOTCORR,rainfall_mm,2.0627,0.5715,0.89,3.7,30,,11.0955
Uttar Pradesh,42361,Gwalior,26.23,78.25,1996,2025,0,ANNUAL,RH2M,humidity_pct,46.6837,5.5129,33.09,58.15,30,,85.9691
Uttar Pradesh,42361,Gwalior,26.23,78.25,1996,2025,0,ANNUAL,T2M,temp_mean_c,26.1977,0.6383,25.01,27.33,30,,28.3127
Uttar Pradesh,42361,Gwalior,26.23,78.25,1996,2025,0,ANNUAL,T2M_MAX,temp_max_c,46.923,1.0212,44.42,48.75,30,,31.56
Uttar Pradesh,42361,Gwalior,26.23,78.25,1996,2025,0,ANNUAL,T2M_MIN,temp_min_c,3.89,1.2099,1.4,6.18,30,,25.6818
Uttar Pradesh,42361,Gwalior,26.23,78.25,1996,2025,0,ANNUAL,WS10M,wind_speed_ms,3.0377,0.1482,2.83,3.35,30,,3.04
Uttar Pradesh,42361,Gwalior,26.23,78.25,1996,2025,1,JAN,ALLSKY_SFC_SW_DWN,solar_kwh_m2_day,12.4057,1.948,8.53,16.06,30,12.41,11.8578
Uttar Pradesh,42361,Gwalior,26.23,78.25,1996,2025,1,JAN,PRECTOTCORR,rainfall_mm,0.379,0.4237,0,1.45,30,0.38,11.0955
Uttar Pradesh,42361,Gwalior,26.23,78.25,1996,2025,1,JAN,RH2M,humidity_pct,42.5537,11.2456,25.06,61.86,30,42.55,85.9691
Uttar Pradesh,42361,Gwalior,26.23,78.25,1996,2025,1,JAN,T2M,temp_mean_c,15.5003,1.1424,13.61,17.54,30,15.5,28.3127
Uttar Pradesh,42361,Gwalior,26.23,78.25,1996,2025,1,JAN,T2M_MAX,temp_max_c,29.4847,2.2012,25.19,33.26,30,33.26,31.56
Uttar Pradesh,42361,Gwalior,26.23,78.25,1996,2025,1,JAN,T2M_MIN,temp_min_c,4.4223,1.4536,1.4,6.8,30,1.4,25.6818
Uttar Pradesh,42361,Gwalior,26.23,78.25,1996,2025,1,JAN,WS10M,wind_speed_ms,2.444,0.1668,2.14,2.96,30,2.44,3.04
Uttar Pradesh,42361,Gwalior,26.23,78.25,1996,2025,2,FEB,ALLSKY_SFC_SW_DWN,solar_kwh_m2_day,17.3037,1.2686,14.92,19.3,30,17.3,11.8578
Uttar Pradesh,42361,Gwalior,26.23,78.25,1996,2025,2,FEB,PRECTOTCORR,rainfall_mm,0.3873,0.6414,0,2.33,30,0.39,11.0955
Uttar Pradesh,42361,Gwalior,26.23,78.25,1996,2025,2,FEB,RH2M,humidity_pct,35.4453,9.168,18.95,54.61,30,35.45,85.9691
Uttar Pradesh,42361,Gwalior,26.23,78.25,1996,2025,2,FEB,T2M,temp_mean_c,19.358,1.5082,16.83,23.98,30,19.36,28.3127
Uttar Pradesh,42361,Gwalior,26.23,78.25,1996,2025,2,FEB,T2M_MAX,temp_max_c,34.3653,1.7577,29.12,37.72,30,37.72,31.56
Uttar Pradesh,42361,Gwalior,26.23,78.25,1996,2025,2,FEB,T2M_MIN,temp_min_c,6.4523,1.7948,3.06,11.14,30,3.06,25.6818
Uttar Pradesh,42361,Gwalior,26.23,78.25,1996,2025,2,FEB,WS10M,wind_speed_ms,2.7043,0.1723,2.46,3.15,30,2.7,3.04
Uttar Pradesh,42361,Gwalior,26.23,78.25,1996,2025,3,MAR,ALLSKY_SFC_SW_DWN,solar_kwh_m2_day,21.532,1.0688,18.46,23.47,30,21.53,11.8578
Uttar Pradesh,42361,Gwalior,26.23,78.25,1996,2025,3,MAR,PRECTOTCORR,rainfall_mm,0.2843,0.566,0,2.96,30,0.28,11.0955
Uttar Pradesh,42361,Gwalior,26.23,78.25,1996,2025,3,MAR,RH2M,humidity_pct,26.8093,8.9246,14.4,47.79,30,26.81,85.9691
Uttar Pradesh,42361,Gwalior,26.23,78.25,1996,2025,3,MAR,T2M,temp_mean_c,25.4727,1.52,22.5,27.85,30,25.47,28.3127
Uttar Pradesh,42361,Gwalior,26.23,78.25,1996,2025,3,MAR,T2M_MAX,temp_max_c,40.1357,2.1916,36.09,44.01,30,44.01,31.56
Uttar Pradesh,42361,Gwalior,26.23,78.25,1996,2025,3,MAR,T2M_MIN,temp_min_c,11.2873,2.6123,6.7,15.82,30,6.7,25.6818
Uttar Pradesh,42361,Gwalior,26.23,78.25,1996,2025,3,MAR,WS10M,wind_speed_ms,2.914,0.2641,2.24,3.38,30,2.91,3.04
Uttar Pradesh,42361,Gwalior,26.23,78.25,1996,2025,4,APR,ALLSKY_SFC_SW_DWN,solar_kwh_m2_day,24.502,0.8109,22.74,25.6,30,24.5,11.8578
Uttar Pradesh,42361,Gwalior,26.23,78.25,1996,2025,4,APR,PRECTOTCORR,rainfall_mm,0.189,0.2463,0,1.18,30,0.19,11.0955
Uttar Pradesh,42361,Gwalior,26.23,78.25,1996,2025,4,APR,RH2M,humidity_pct,19.146,6.1438,8.94,39.95,30,19.15,85.9691
Uttar Pradesh,42361,Gwalior,26.23,78.25,1996,2025,4,APR,T2M,temp_mean_c,31.8093,1.3294,28.66,34.59,30,31.81,28.3127
Uttar Pradesh,42361,Gwalior,26.23,78.25,1996,2025,4,APR,T2M_MAX,temp_max_c,44.2807,1.1635,41.93,46.44,30,46.44,31.56
Uttar Pradesh,42361,Gwalior,26.23,78.25,1996,2025,4,APR,T2M_MIN,temp_min_c,17.969,2.0393,12.06,22.16,30,12.06,25.6818
Uttar Pradesh,42361,Gwalior,26.23,78.25,1996,2025,4,APR,WS10M,wind_speed_ms,3.2553,0.3673,2.54,4.05,30,3.26,3.04
Uttar Pradesh,42361,Gwalior,26.23,78.25,1996,2025,5,MAY,ALLSKY_SFC_SW_DWN,solar_kwh_m2_day,24.6003,1.2093,21.75,26.84,30,24.6,11.8578
Uttar Pradesh,42361,Gwalior,26.23,78.25,1996,2025,5,MAY,PRECTOTCORR,rainfall_mm,0.6463,0.6141,0.05,3.13,30,0.65,11.0955
Uttar Pradesh,42361,Gwalior,26.23,78.25,1996,2025,5,MAY,RH2M,humidity_pct,22.0503,4.6851,14.64,32.98,30,22.05,85.9691
Uttar Pradesh,42361,Gwalior,26.23,78.25,1996,2025,5,MAY,T2M,temp_mean_c,35.747,1.1558,32.77,37.17,30,35.75,28.3127
Uttar Pradesh,42361,Gwalior,26.23,78.25,1996,2025,5,MAY,T2M_MAX,temp_max_c,46.4783,1.1628,43.37,48.75,30,48.75,31.56
Uttar Pradesh,42361,Gwalior,26.23,78.25,1996,2025,5,MAY,T2M_MIN,temp_min_c,23.8863,2.215,19.38,26.99,30,19.38,25.6818
Uttar Pradesh,42361,Gwalior,26.23,78.25,1996,2025,5,MAY,WS10M,wind_speed_ms,3.9333,0.4781,2.94,4.97,30,3.93,3.04
Uttar Pradesh,42361,Gwalior,26.23,78.25,1996,2025,6,JUN,ALLSKY_SFC_SW_DWN,solar_kwh_m2_day,21.7337,1.462,18.01,24.53,30,21.73,11.8578
Uttar Pradesh,42361,Gwalior,26.23,78.25,1996,2025,6,JUN,PRECTOTCORR,rainfall_mm,3.0033,2.2279,0.49,8.26,30,3,11.0955
Uttar Pradesh,42361,Gwalior,26.23,78.25,1996,2025,6,JUN,RH2M,humidity_pct,39.053,8.3172,24.53,61.56,30,39.05,85.9691
Uttar Pradesh,42361,Gwalior,26.23,78.25,1996,2025,6,JUN,T2M,temp_mean_c,35.5053,1.4977,31.68,37.88,30,35.51,28.3127
Uttar Pradesh,42361,Gwalior,26.23,78.25,1996,2025,6,JUN,T2M_MAX,temp_max_c,46.0263,1.5453,42.55,48.47,30,48.47,31.56
Uttar Pradesh,42361,Gwalior,26.23,78.25,1996,2025,6,JUN,T2M_MIN,temp_min_c,26.1697,1.3776,22.72,28.41,30,22.72,25.6818
Uttar Pradesh,42361,Gwalior,26.23,78.25,1996,2025,6,JUN,WS10M,wind_speed_ms,4.1677,0.5905,3.02,5.62,30,4.17,3.04
Uttar Pradesh,42361,Gwalior,26.23,78.25,1996,2025,7,JUL,ALLSKY_SFC_SW_DWN,solar_kwh_m2_day,17.4383,1.4275,15.03,20.9,30,17.44,11.8578
Uttar Pradesh,42361,Gwalior,26.23,78.25,1996,2025,7,JUL,PRECTOTCORR,rainfall_mm,7.3623,3.359,0.64,18.95,30,7.36,11.0955
Uttar Pradesh,42361,Gwalior,26.23,78.25,1996,2025,7,JUL,RH2M,humidity_pct,68.3503,10.5484,36.98,85.53,30,68.35,85.9691
Uttar Pradesh,42361,Gwalior,26.23,78.25,1996,2025,7,JUL,T2M,temp_mean_c,30.9507,1.7043,28.17,36.21,30,30.95,28.3127
Uttar Pradesh,42361,Gwalior,26.23,78.25,1996,2025,7,JUL,T2M_MAX,temp_max_c,40.232,3.1611,33.54,45.91,30,45.91,31.56
Uttar Pradesh,42361,Gwalior,26.23,78.25,1996,2025,7,JUL,T2M_MIN,temp_min_c,25.0093,0.9361,23.07,27.94,30,23.07,25.6818
Uttar Pradesh,42361,Gwalior,26.23,78.25,1996,2025,7,JUL,WS10M,wind_speed_ms,3.7513,0.6436,2.67,5.94,30,3.75,3.04
Uttar Pradesh,42361,Gwalior,26.23,78.25,1996,2025,8,AUG,ALLSKY_SFC_SW_DWN,solar_kwh_m2_day,17.0203,1.5151,13.95,19.91,30,17.02,11.8578
Uttar Pradesh,42361,Gwalior,26.23,78.25,1996,2025,8,AUG,PRECTOTCORR,rainfall_mm,6.787,2.2545,1.79,11.46,30,6.79,11.0955
Uttar Pradesh,42361,Gwalior,26.23,78.25,1996,2025,8,AUG,RH2M,humidity_pct,79.636,6.7866,63.41,88.56,30,79.64,85.9691
Uttar Pradesh,42361,Gwalior,26.23,78.25,1996,2025,8,AUG,T2M,temp_mean_c,28.6387,1.0182,27.33,31.47,30,28.64,28.3127
Uttar Pradesh,42361,Gwalior,26.23,78.25,1996,2025,8,AUG,T2M_MAX,temp_max_c,35.3353,2.7028,31.75,42.28,30,42.28,31.56
Uttar Pradesh,42361,Gwalior,26.23,78.25,1996,2025,8,AUG,T2M_MIN,temp_min_c,23.751,0.7467,22.09,25.3,30,22.09,25.6818
Uttar Pradesh,42361,Gwalior,26.23,78.25,1996,2025,8,AUG,WS10M,wind_speed_ms,3.3777,0.5088,2.48,4.48,30,3.38,3.04
Uttar Pradesh,42361,Gwalior,26.23,78.25,1996,2025,9,SEP,ALLSKY_SFC_SW_DWN,solar_kwh_m2_day,17.8657,1.8085,14,20.8,30,17.87,11.8578
Uttar Pradesh,42361,Gwalior,26.23,78.25,1996,2025,9,SEP,PRECTOTCORR,rainfall_mm,4.219,2.3031,0.39,10.21,30,4.22,11.0955
Uttar Pradesh,42361,Gwalior,26.23,78.25,1996,2025,9,SEP,RH2M,humidity_pct,76.121,9.5068,53.2,87.19,30,76.12,85.9691
Uttar Pradesh,42361,Gwalior,26.23,78.25,1996,2025,9,SEP,T2M,temp_mean_c,27.7313,1.1591,25.91,30.55,30,27.73,28.3127
Uttar Pradesh,42361,Gwalior,26.23,78.25,1996,2025,9,SEP,T2M_MAX,temp_max_c,35.2547,2.4111,32.3,39.66,30,39.66,31.56
Uttar Pradesh,42361,Gwalior,26.23,78.25,1996,2025,9,SEP,T2M_MIN,temp_min_c,20.676,1.4765,17.76,23.2,30,17.76,25.6818
Uttar Pradesh,42361,Gwalior,26.23,78.25,1996,2025,9,SEP,WS10M,wind_speed_ms,2.9573,0.4481,2.22,4.23,30,2.96,3.04
Uttar Pradesh,42361,Gwalior,26.23,78.25,1996,2025,10,OCT,ALLSKY_SFC_SW_DWN,solar_kwh_m2_day,17.4903,1.0421,14.58,18.91,30,17.49,11.8578
Uttar Pradesh,42361,Gwalior,26.23,78.25,1996,2025,10,OCT,PRECTOTCORR,rainfall_mm,0.8647,1.1579,0,4.17,30,0.86,11.0955
Uttar Pradesh,42361,Gwalior,26.23,78.25,1996,2025,10,OCT,RH2M,humidity_pct,58.5407,12.7571,31.02,77.97,30,58.54,85.9691
Uttar Pradesh,42361,Gwalior,26.23,78.25,1996,2025,10,OCT,T2M,temp_mean_c,25.4777,1.4085,22.92,28.11,30,25.48,28.3127
Uttar Pradesh,42361,Gwalior,26.23,78.25,1996,2025,10,OCT,T2M_MAX,temp_max_c,34.8133,2.5623,30.81,40.01,30,40.01,31.56
Uttar Pradesh,42361,Gwalior,26.23,78.25,1996,2025,10,OCT,T2M_MIN,temp_min_c,15.6583,1.346,12.04,18.3,30,12.04,25.6818
Uttar Pradesh,42361,Gwalior,26.23,78.25,1996,2025,10,OCT,WS10M,wind_speed_ms,2.3803,0.2063,2,2.84,30,2.38,3.04
Uttar Pradesh,42361,Gwalior,26.23,78.25,1996,2025,11,NOV,ALLSKY_SFC_SW_DWN,solar_kwh_m2_day,14.14,1.3823,11.49,17.19,30,14.14,11.8578
Uttar Pradesh,42361,Gwalior,26.23,78.25,1996,2025,11,NOV,PRECTOTCORR,rainfall_mm,0.2083,0.5047,0,2.24,30,0.21,11.0955
Uttar Pradesh,42361,Gwalior,26.23,78.25,1996,2025,11,NOV,RH2M,humidity_pct,47.2937,12.4814,23.7,70.25,30,47.29,85.9691
Uttar Pradesh,42361,Gwalior,26.23,78.25,1996,2025,11,NOV,T2M,temp_mean_c,21.1183,1.3198,17.48,23.25,30,21.12,28.3127
Uttar Pradesh,42361,Gwalior,26.23,78.25,1996,2025,11,NOV,T2M_MAX,temp_max_c,32.444,1.8857,28.43,37.58,30,37.58,31.56
Uttar Pradesh,42361,Gwalior,26.23,78.25,1996,2025,11,NOV,T2M_MIN,temp_min_c,10.4867,1.4652,6.96,13.88,30,6.96,25.6818
Uttar Pradesh,42361,Gwalior,26.23,78.25,1996,2025,11,NOV,WS10M,wind_speed_ms,2.2633,0.1932,1.8,2.64,30,2.26,3.04
Uttar Pradesh,42361,Gwalior,26.23,78.25,1996,2025,12,DEC,ALLSKY_SFC_SW_DWN,solar_kwh_m2_day,12.1483,1.3044,8.57,15.24,30,12.15,11.8578
Uttar Pradesh,42361,Gwalior,26.23,78.25,1996,2025,12,DEC,PRECTOTCORR,rainfall_mm,0.2583,0.5161,0,2.52,30,0.26,11.0955
Uttar Pradesh,42361,Gwalior,26.23,78.25,1996,2025,12,DEC,RH2M,humidity_pct,44.0703,12.6462,19.96,67.98,30,44.07,85.9691
Uttar Pradesh,42361,Gwalior,26.23,78.25,1996,2025,12,DEC,T2M,temp_mean_c,16.8263,1.2062,14.53,18.91,30,16.83,28.3127
Uttar Pradesh,42361,Gwalior,26.23,78.25,1996,2025,12,DEC,T2M_MAX,temp_max_c,28.8763,2.0064,24.54,32.62,30,32.62,31.56
Uttar Pradesh,42361,Gwalior,26.23,78.25,1996,2025,12,DEC,T2M_MIN,temp_min_c,5.7043,1.657,1.81,8.49,30,1.81,25.6818
Uttar Pradesh,42361,Gwalior,26.23,78.25,1996,2025,12,DEC,WS10M,wind_speed_ms,2.289,0.1529,2,2.63,30,2.29,3.04
Uttar Pradesh,42469,Hamirpur,25.95,80.15,1996,2025,0,ANNUAL,ALLSKY_SFC_SW_DWN,solar_kwh_m2_day,17.6033,0.6554,16.13,18.63,30,,12.3778
Uttar Pradesh,42469,Hamirpur,25.95,80.15,1996,2025,0,ANNUAL,PRECTOTCORR,rainfall_mm,2.1103,0.4257,1.42,3.07,30,,15.6636
Uttar Pradesh,42469,Hamirpur,25.95,80.15,1996,2025,0,ANNUAL,RH2M,humidity_pct,48.634,4.707,39.8,56.83,30,,84.5727
Uttar Pradesh,42469,Hamirpur,25.95,80.15,1996,2025,0,ANNUAL,T2M,temp_mean_c,26.5873,0.537,25.69,27.66,30,,29.2309
Uttar Pradesh,42469,Hamirpur,25.95,80.15,1996,2025,0,ANNUAL,T2M_MAX,temp_max_c,47.5803,1.2204,44.29,49.84,30,,32.52
Uttar Pradesh,42469,Hamirpur,25.95,80.15,1996,2025,0,ANNUAL,T2M_MIN,temp_min_c,3.8523,1.2937,0.99,6.16,30,,26.5545
Uttar Pradesh,42469,Hamirpur,25.95,80.15,1996,2025,0,ANNUAL,WS10M,wind_speed_ms,2.898,0.1414,2.66,3.17,30,,2.9418
Uttar Pradesh,42469,Hamirpur,25.95,80.15,1996,2025,1,JAN,ALLSKY_SFC_SW_DWN,solar_kwh_m2_day,11.8033,1.6467,7.98,15.04,30,11.8,12.3778
Uttar Pradesh,42469,Hamirpur,25.95,80.15,1996,2025,1,JAN,PRECTOTCORR,rainfall_mm,0.4743,0.5433,0,1.78,30,0.47,15.6636
Uttar Pradesh,42469,Hamirpur,25.95,80.15,1996,2025,1,JAN,RH2M,humidity_pct,45.0047,12.6734,25.35,72.58,30,45,84.5727
Uttar Pradesh,42469,Hamirpur,25.95,80.15,1996,2025,1,JAN,T2M,temp_mean_c,15.6363,1.1477,13.2,17.69,30,15.64,29.2309
Uttar Pradesh,42469,Hamirpur,25.95,80.15,1996,2025,1,JAN,T2M_MAX,temp_max_c,28.9647,2.4487,24.2,33.02,30,33.02,32.52
Uttar Pradesh,42469,Hamirpur,25.95,80.15,1996,2025,1,JAN,T2M_MIN,temp_min_c,4.3667,1.2674,1.81,6.42,30,1.81,26.5545
Uttar Pradesh,42469,Hamirpur,25.95,80.15,1996,2025,1,JAN,WS10M,wind_speed_ms,2.435,0.2142,1.87,2.86,30,2.43,2.9418
Uttar Pradesh,42469,Hamirpur,25.95,80.15,1996,2025,2,FEB,ALLSKY_SFC_SW_DWN,solar_kwh_m2_day,16.7973,1.2175,14.33,19.08,30,16.8,12.3778
Uttar Pradesh,42469,Hamirpur,25.95,80.15,1996,2025,2,FEB,PRECTOTCORR,rainfall_mm,0.4527,0.5983,0,2.21,30,0.45,15.6636
Uttar Pradesh,42469,Hamirpur,25.95,80.15,1996,2025,2,FEB,RH2M,humidity_pct,37.541,9.9736,19.89,53.44,30,37.54,84.5727
Uttar Pradesh,42469,Hamirpur,25.95,80.15,1996,2025,2,FEB,T2M,temp_mean_c,19.7177,1.4561,17.08,23.91,30,19.72,29.2309
Uttar Pradesh,42469,Hamirpur,25.95,80.15,1996,2025,2,FEB,T2M_MAX,temp_max_c,34.323,1.9378,29.78,38.61,30,38.61,32.52
Uttar Pradesh,42469,Hamirpur,25.95,80.15,1996,2025,2,FEB,T2M_MIN,temp_min_c,6.842,1.731,2.39,10.41,30,2.39,26.5545
Uttar Pradesh,42469,Hamirpur,25.95,80.15,1996,2025,2,FEB,WS10M,wind_speed_ms,2.7563,0.2289,2.37,3.27,30,2.76,2.9418
Uttar Pradesh,42469,Hamirpur,25.95,80.15,1996,2025,3,MAR,ALLSKY_SFC_SW_DWN,solar_kwh_m2_day,21.234,1.0813,18.39,23.33,30,21.23,12.3778
Uttar Pradesh,42469,Hamirpur,25.95,80.15,1996,2025,3,MAR,PRECTOTCORR,rainfall_mm,0.293,0.4554,0,2.14,30,0.29,15.6636
Uttar Pradesh,42469,Hamirpur,25.95,80.15,1996,2025,3,MAR,RH2M,humidity_pct,27.5907,9.0158,13.96,46.82,30,27.59,84.5727
Uttar Pradesh,42469,Hamirpur,25.95,80.15,1996,2025,3,MAR,T2M,temp_mean_c,26.033,1.425,23.5,28.52,30,26.03,29.2309
Uttar Pradesh,42469,Hamirpur,25.95,80.15,1996,2025,3,MAR,T2M_MAX,temp_max_c,40.732,2.0125,36.23,44.21,30,44.21,32.52
Uttar Pradesh,42469,Hamirpur,25.95,80.15,1996,2025,3,MAR,T2M_MIN,temp_min_c,11.7253,2.101,8.06,16.3,30,8.06,26.5545
Uttar Pradesh,42469,Hamirpur,25.95,80.15,1996,2025,3,MAR,WS10M,wind_speed_ms,2.9623,0.311,2.18,3.51,30,2.96,2.9418
Uttar Pradesh,42469,Hamirpur,25.95,80.15,1996,2025,4,APR,ALLSKY_SFC_SW_DWN,solar_kwh_m2_day,23.983,0.7686,22.61,25.32,30,23.98,12.3778
Uttar Pradesh,42469,Hamirpur,25.95,80.15,1996,2025,4,APR,PRECTOTCORR,rainfall_mm,0.2163,0.2058,0,0.67,30,0.22,15.6636
Uttar Pradesh,42469,Hamirpur,25.95,80.15,1996,2025,4,APR,RH2M,humidity_pct,19.0533,5.8158,8.12,36.8,30,19.05,84.5727
Uttar Pradesh,42469,Hamirpur,25.95,80.15,1996,2025,4,APR,T2M,temp_mean_c,32.52,1.2378,30.04,35.11,30,32.52,29.2309
Uttar Pradesh,42469,Hamirpur,25.95,80.15,1996,2025,4,APR,T2M_MAX,temp_max_c,45.1867,1.2398,42.77,47.78,30,47.78,32.52
Uttar Pradesh,42469,Hamirpur,25.95,80.15,1996,2025,4,APR,T2M_MIN,temp_min_c,18.8463,1.8117,13.94,22.82,30,13.94,26.5545
Uttar Pradesh,42469,Hamirpur,25.95,80.15,1996,2025,4,APR,WS10M,wind_speed_ms,3.204,0.3283,2.55,3.99,30,3.2,2.9418
Uttar Pradesh,42469,Hamirpur,25.95,80.15,1996,2025,5,MAY,ALLSKY_SFC_SW_DWN,solar_kwh_m2_day,23.9837,1.2179,20.8,26.22,30,23.98,12.3778
Uttar Pradesh,42469,Hamirpur,25.95,80.15,1996,2025,5,MAY,PRECTOTCORR,rainfall_mm,0.6627,0.4747,0.01,1.71,30,0.66,15.6636
Uttar Pradesh,42469,Hamirpur,25.95,80.15,1996,2025,5,MAY,RH2M,humidity_pct,22.6637,5.267,14.27,33.94,30,22.66,84.5727
Uttar Pradesh,42469,Hamirpur,25.95,80.15,1996,2025,5,MAY,T2M,temp_mean_c,36.3057,1.1385,33.12,37.94,30,36.31,29.2309
Uttar Pradesh,42469,Hamirpur,25.95,80.15,1996,2025,5,MAY,T2M_MAX,temp_max_c,47.081,1.2816,43.36,48.95,30,48.95,32.52
Uttar Pradesh,42469,Hamirpur,25.95,80.15,1996,2025,5,MAY,T2M_MIN,temp_min_c,24.5307,2.0311,19.95,27.02,30,19.95,26.5545
Uttar Pradesh,42469,Hamirpur,25.95,80.15,1996,2025,5,MAY,WS10M,wind_speed_ms,3.49,0.3482,3,4.25,30,3.49,2.9418
Uttar Pradesh,42469,Hamirpur,25.95,80.15,1996,2025,6,JUN,ALLSKY_SFC_SW_DWN,solar_kwh_m2_day,20.7033,1.7127,16.93,23.76,30,20.7,12.3778
Uttar Pradesh,42469,Hamirpur,25.95,80.15,1996,2025,6,JUN,PRECTOTCORR,rainfall_mm,2.986,1.793,0.51,7.19,30,2.99,15.6636
Uttar Pradesh,42469,Hamirpur,25.95,80.15,1996,2025,6,JUN,RH2M,humidity_pct,39.425,9.6388,23.02,62.81,30,39.43,84.5727
Uttar Pradesh,42469,Hamirpur,25.95,80.15,1996,2025,6,JUN,T2M,temp_mean_c,36.128,1.7882,32.05,39.28,30,36.13,29.2309
Uttar Pradesh,42469,Hamirpur,25.95,80.15,1996,2025,6,JUN,T2M_MAX,temp_max_c,46.6233,1.781,42.77,49.84,30,49.84,32.52
Uttar Pradesh,42469,Hamirpur,25.95,80.15,1996,2025,6,JUN,T2M_MIN,temp_min_c,27.0993,1.5942,21.75,30.85,30,21.75,26.5545
Uttar Pradesh,42469,Hamirpur,25.95,80.15,1996,2025,6,JUN,WS10M,wind_speed_ms,3.8183,0.5655,2.71,5.32,30,3.82,2.9418
Uttar Pradesh,42469,Hamirpur,25.95,80.15,1996,2025,7,JUL,ALLSKY_SFC_SW_DWN,solar_kwh_m2_day,16.839,1.431,13.8,18.69,30,16.84,12.3778
Uttar Pradesh,42469,Hamirpur,25.95,80.15,1996,2025,7,JUL,PRECTOTCORR,rainfall_mm,7.4187,2.5754,2.86,12.76,30,7.42,15.6636
Uttar Pradesh,42469,Hamirpur,25.95,80.15,1996,2025,7,JUL,RH2M,humidity_pct,69.4623,9.5601,38.63,85.47,30,69.46,84.5727
Uttar Pradesh,42469,Hamirpur,25.95,80.15,1996,2025,7,JUL,T2M,temp_mean_c,31.442,1.5696,28.59,36.56,30,31.44,29.2309
Uttar Pradesh,42469,Hamirpur,25.95,80.15,1996,2025,7,JUL,T2M_MAX,temp_max_c,40.5017,3.0043,33.95,46.43,30,46.43,32.52
Uttar Pradesh,42469,Hamirpur,25.95,80.15,1996,2025,7,JUL,T2M_MIN,temp_min_c,25.6637,0.8314,23.61,27.98,30,23.61,26.5545
Uttar Pradesh,42469,Hamirpur,25.95,80.15,1996,2025,7,JUL,WS10M,wind_speed_ms,3.489,0.4803,2.77,5.11,30,3.49,2.9418
Uttar Pradesh,42469,Hamirpur,25.95,80.15,1996,2025,8,AUG,ALLSKY_SFC_SW_DWN,solar_kwh_m2_day,16.496,1.3703,13.57,19.24,30,16.5,12.3778
Uttar Pradesh,42469,Hamirpur,25.95,80.15,1996,2025,8,AUG,PRECTOTCORR,rainfall_mm,6.591,1.9356,2.46,9.65,30,6.59,15.6636
Uttar Pradesh,42469,Hamirpur,25.95,80.15,1996,2025,8,AUG,RH2M,humidity_pct,79.712,5.7086,67,87.48,30,79.71,84.5727
Uttar Pradesh,42469,Hamirpur,25.95,80.15,1996,2025,8,AUG,T2M,temp_mean_c,29.3877,0.8487,28.29,31.4,30,29.39,29.2309
Uttar Pradesh,42469,Hamirpur,25.95,80.15,1996,2025,8,AUG,T2M_MAX,temp_max_c,35.9277,2.3468,33.22,41.21,30,41.21,32.52
Uttar Pradesh,42469,Hamirpur,25.95,80.15,1996,2025,8,AUG,T2M_MIN,temp_min_c,24.5393,0.5879,23.09,25.49,30,23.09,26.5545
Uttar Pradesh,42469,Hamirpur,25.95,80.15,1996,2025,8,AUG,WS10M,wind_speed_ms,3.2007,0.4412,2.43,4.26,30,3.2,2.9418
Uttar Pradesh,42469,Hamirpur,25.95,80.15,1996,2025,9,SEP,ALLSKY_SFC_SW_DWN,solar_kwh_m2_day,17.2577,1.6644,12.76,20.13,30,17.26,12.3778
Uttar Pradesh,42469,Hamirpur,25.95,80.15,1996,2025,9,SEP,PRECTOTCORR,rainfall_mm,4.5573,2.2927,0.82,10.48,30,4.56,15.6636
Uttar Pradesh,42469,Hamirpur,25.95,80.15,1996,2025,9,SEP,RH2M,humidity_pct,78.54,7.7964,56.43,87.81,30,78.54,84.5727
Uttar Pradesh,42469,Hamirpur,25.95,80.15,1996,2025,9,SEP,T2M,temp_mean_c,28.2643,0.8879,26.93,30.71,30,28.26,29.2309
Uttar Pradesh,42469,Hamirpur,25.95,80.15,1996,2025,9,SEP,T2M_MAX,temp_max_c,35.2817,2.0908,32.35,40.38,30,40.38,32.52
Uttar Pradesh,42469,Hamirpur,25.95,80.15,1996,2025,9,SEP,T2M_MIN,temp_min_c,21.4157,1.2842,18.98,23.45,30,18.98,26.5545
Uttar Pradesh,42469,Hamirpur,25.95,80.15,1996,2025,9,SEP,WS10M,wind_speed_ms,2.844,0.3628,2.36,3.59,30,2.84,2.9418
Uttar Pradesh,42469,Hamirpur,25.95,80.15,1996,2025,10,OCT,ALLSKY_SFC_SW_DWN,solar_kwh_m2_day,17.042,1.0972,14.21,19.03,30,17.04,12.3778
Uttar Pradesh,42469,Hamirpur,25.95,80.15,1996,2025,10,OCT,PRECTOTCORR,rainfall_mm,1.1283,1.2484,0,4.42,30,1.13,15.6636
Uttar Pradesh,42469,Hamirpur,25.95,80.15,1996,2025,10,OCT,RH2M,humidity_pct,63.1667,10.542,42.59,78.28,30,63.17,84.5727
Uttar Pradesh,42469,Hamirpur,25.95,80.15,1996,2025,10,OCT,T2M,temp_mean_c,25.7583,1.2645,23.75,28.53,30,25.76,29.2309
Uttar Pradesh,42469,Hamirpur,25.95,80.15,1996,2025,10,OCT,T2M_MAX,temp_max_c,34.7367,2.3593,30.98,40.18,30,40.18,32.52
Uttar Pradesh,42469,Hamirpur,25.95,80.15,1996,2025,10,OCT,T2M_MIN,temp_min_c,15.583,1.5337,11.67,18.3,30,11.67,26.5545
Uttar Pradesh,42469,Hamirpur,25.95,80.15,1996,2025,10,OCT,WS10M,wind_speed_ms,2.187,0.2342,1.74,2.79,30,2.19,2.9418
Uttar Pradesh,42469,Hamirpur,25.95,80.15,1996,2025,11,NOV,ALLSKY_SFC_SW_DWN,solar_kwh_m2_day,13.8093,1.1815,11.43,16.28,30,13.81,12.3778
Uttar Pradesh,42469,Hamirpur,25.95,80.15,1996,2025,11,NOV,PRECTOTCORR,rainfall_mm,0.1537,0.2934,0,0.95,30,0.15,15.6636
Uttar Pradesh,42469,Hamirpur,25.95,80.15,1996,2025,11,NOV,RH2M,humidity_pct,52.094,12.4757,34.23,77.09,30,52.09,84.5727
Uttar Pradesh,42469,Hamirpur,25.95,80.15,1996,2025,11,NOV,T2M,temp_mean_c,21.0403,1.472,17.54,24.32,30,21.04,29.2309
Uttar Pradesh,42469,Hamirpur,25.95,80.15,1996,2025,11,NOV,T2M_MAX,temp_max_c,31.9633,1.8867,27.53,36.27,30,36.27,32.52
Uttar Pradesh,42469,Hamirpur,25.95,80.15,1996,2025,11,NOV,T2M_MIN,temp_min_c,10.2103,1.5668,7.75,13.86,30,7.75,26.5545
Uttar Pradesh,42469,Hamirpur,25.95,80.15,1996,2025,11,NOV,WS10M,wind_speed_ms,2.1373,0.2452,1.66,2.57,30,2.14,2.9418
Uttar Pradesh,42469,Hamirpur,25.95,80.15,1996,2025,12,DEC,ALLSKY_SFC_SW_DWN,solar_kwh_m2_day,11.387,1.2668,8.27,14.22,30,11.39,12.3778
Uttar Pradesh,42469,Hamirpur,25.95,80.15,1996,2025,12,DEC,PRECTOTCORR,rainfall_mm,0.2297,0.4604,0,2.44,30,0.23,15.6636
Uttar Pradesh,42469,Hamirpur,25.95,80.15,1996,2025,12,DEC,RH2M,humidity_pct,48.213,13.9524,25.54,73.7,30,48.21,84.5727
Uttar Pradesh,42469,Hamirpur,25.95,80.15,1996,2025,12,DEC,T2M,temp_mean_c,16.5967,1.1473,14.08,18.99,30,16.6,29.2309
Uttar Pradesh,42469,Hamirpur,25.95,80.15,1996,2025,12,DEC,T2M_MAX,temp_max_c,28.3893,1.9707,24.43,32.19,30,32.19,32.52
Uttar Pradesh,42469,Hamirpur,25.95,80.15,1996,2025,12,DEC,T2M_MIN,temp_min_c,5.527,1.6561,0.99,8.53,30,0.99,26.5545
Uttar Pradesh,42469,Hamirpur,25.95,80.15,1996,2025,12,DEC,WS10M,wind_speed_ms,2.2593,0.2636,1.77,2.86,30,2.26,2.9418
Uttar Pradesh,42271,Hardoi,27.38,80.17,1996,2025,0,ANNUAL,ALLSKY_SFC_SW_DWN,solar_kwh_m2_day,17.671,0.6039,16.65,18.68,30,,15.9167
Uttar Pradesh,42271,Hardoi,27.38,80.17,1996,2025,0,ANNUAL,PRECTOTCORR,rainfall_mm,2.438,0.4389,1.7,3.8,30,,10.4336
Uttar Pradesh,42271,Hardoi,27.38,80.17,1996,2025,0,ANNUAL,RH2M,humidity_pct,50.5467,5.0165,41.22,58.62,30,,85.0545
Uttar Pradesh,42271,Hardoi,27.38,80.17,1996,2025,0,ANNUAL,T2M,temp_mean_c,25.7097,0.5224,24.63,26.77,30,,29.1955
Uttar Pradesh,42271,Hardoi,27.38,80.17,1996,2025,0,ANNUAL,T2M_MAX,temp_max_c,46.861,1.1464,44.12,49,30,,32.9136
Uttar Pradesh,42271,Hardoi,27.38,80.17,1996,2025,0,ANNUAL,T2M_MIN,temp_min_c,3.0303,1.0963,1.07,5.15,30,,26.6082
Uttar Pradesh,42271,Hardoi,27.38,80.17,1996,2025,0,ANNUAL,WS10M,wind_speed_ms,2.9177,0.1458,2.57,3.27,30,,3.1536
Uttar Pradesh,42271,Hardoi,27.38,80.17,1996,2025,1,JAN,ALLSKY_SFC_SW_DWN,solar_kwh_m2_day,11.0553,1.6846,7.46,14.06,30,11.06,15.9167
Uttar Pradesh,42271,Hardoi,27.38,80.17,1996,2025,1,JAN,PRECTOTCORR,rainfall_mm,0.5433,0.5237,0,1.77,30,0.54,10.4336
Uttar Pradesh,42271,Hardoi,27.38,80.17,1996,2025,1,JAN,RH2M,humidity_pct,48.177,11.1685,30.05,70.13,30,48.18,85.0545
Uttar Pradesh,42271,Hardoi,27.38,80.17,1996,2025,1,JAN,T2M,temp_mean_c,14.425,1.0492,12.17,16.69,30,14.42,29.1955
Uttar Pradesh,42271,Hardoi,27.38,80.17,1996,2025,1,JAN,T2M_MAX,temp_max_c,27.0053,2.2897,23.81,31.6,30,31.6,32.9136
Uttar Pradesh,42271,Hardoi,27.38,80.17,1996,2025,1,JAN,T2M_MIN,temp_min_c,3.557,1.1836,1.1,6.61,30,1.1,26.6082
Uttar Pradesh,42271,Hardoi,27.38,80.17,1996,2025,1,JAN,WS10M,wind_speed_ms,2.7177,0.2872,2.15,3.16,30,2.72,3.1536
Uttar Pradesh,42271,Hardoi,27.38,80.17,1996,2025,2,FEB,ALLSKY_SFC_SW_DWN,solar_kwh_m2_day,16.2947,1.1609,13.41,18.11,30,16.29,15.9167
Uttar Pradesh,42271,Hardoi,27.38,80.17,1996,2025,2,FEB,PRECTOTCORR,rainfall_mm,0.94,2.0267,0,10.91,30,0.94,10.4336
Uttar Pradesh,42271,Hardoi,27.38,80.17,1996,2025,2,FEB,RH2M,humidity_pct,41.8987,10.5338,24.05,64.24,30,41.9,85.0545
Uttar Pradesh,42271,Hardoi,27.38,80.17,1996,2025,2,FEB,T2M,temp_mean_c,18.3443,1.4399,15.46,22.11,30,18.34,29.1955
Uttar Pradesh,42271,Hardoi,27.38,80.17,1996,2025,2,FEB,T2M_MAX,temp_max_c,32.3477,2.27,26.88,36.89,30,36.89,32.9136
Uttar Pradesh,42271,Hardoi,27.38,80.17,1996,2025,2,FEB,T2M_MIN,temp_min_c,6.0033,1.6174,2.07,8.96,30,2.07,26.6082
Uttar Pradesh,42271,Hardoi,27.38,80.17,1996,2025,2,FEB,WS10M,wind_speed_ms,3.0623,0.2373,2.61,3.66,30,3.06,3.1536
Uttar Pradesh,42271,Hardoi,27.38,80.17,1996,2025,3,MAR,ALLSKY_SFC_SW_DWN,solar_kwh_m2_day,20.9113,1.0577,18.51,23.23,30,20.91,15.9167
Uttar Pradesh,42271,Hardoi,27.38,80.17,1996,2025,3,MAR,PRECTOTCORR,rainfall_mm,0.3813,0.6035,0,2.69,30,0.38,10.4336
Uttar Pradesh,42271,Hardoi,27.38,80.17,1996,2025,3,MAR,RH2M,humidity_pct,31.421,9.756,16.45,52.7,30,31.42,85.0545
Uttar Pradesh,42271,Hardoi,27.38,80.17,1996,2025,3,MAR,T2M,temp_mean_c,24.6523,1.3641,22.22,27.16,30,24.65,29.1955
Uttar Pradesh,42271,Hardoi,27.38,80.17,1996,2025,3,MAR,T2M_MAX,temp_max_c,39.3103,2.1588,35.97,43.59,30,43.59,32.9136
Uttar Pradesh,42271,Hardoi,27.38,80.17,1996,2025,3,MAR,T2M_MIN,temp_min_c,10.5373,2.1952,6.95,15.25,30,6.95,26.6082
Uttar Pradesh,42271,Hardoi,27.38,80.17,1996,2025,3,MAR,WS10M,wind_speed_ms,3.3207,0.3514,2.77,4.07,30,3.32,3.1536
Uttar Pradesh,42271,Hardoi,27.38,80.17,1996,2025,4,APR,ALLSKY_SFC_SW_DWN,solar_kwh_m2_day,23.8573,0.849,22.42,25.27,30,23.86,15.9167
Uttar Pradesh,42271,Hardoi,27.38,80.17,1996,2025,4,APR,PRECTOTCORR,rainfall_mm,0.3477,0.3223,0,1.18,30,0.35,10.4336
Uttar Pradesh,42271,Hardoi,27.38,80.17,1996,2025,4,APR,RH2M,humidity_pct,21.559,7.0094,8.39,41.05,30,21.56,85.0545
Uttar Pradesh,42271,Hardoi,27.38,80.17,1996,2025,4,APR,T2M,temp_mean_c,31.3003,1.318,28.63,33.6,30,31.3,29.1955
Uttar Pradesh,42271,Hardoi,27.38,80.17,1996,2025,4,APR,T2M_MAX,temp_max_c,44.263,1.4375,41.23,47.3,30,47.3,32.9136
Uttar Pradesh,42271,Hardoi,27.38,80.17,1996,2025,4,APR,T2M_MIN,temp_min_c,17.569,1.812,12.86,21.61,30,12.86,26.6082
Uttar Pradesh,42271,Hardoi,27.38,80.17,1996,2025,4,APR,WS10M,wind_speed_ms,3.4533,0.3633,2.86,4.24,30,3.45,3.1536
Uttar Pradesh,42271,Hardoi,27.38,80.17,1996,2025,5,MAY,ALLSKY_SFC_SW_DWN,solar_kwh_m2_day,24.127,1.3114,20.3,25.82,30,24.13,15.9167
Uttar Pradesh,42271,Hardoi,27.38,80.17,1996,2025,5,MAY,PRECTOTCORR,rainfall_mm,0.898,0.6856,0.03,2.66,30,0.9,10.4336
Uttar Pradesh,42271,Hardoi,27.38,80.17,1996,2025,5,MAY,RH2M,humidity_pct,24.8257,6.4189,14.85,38.08,30,24.83,85.0545
Uttar Pradesh,42271,Hardoi,27.38,80.17,1996,2025,5,MAY,T2M,temp_mean_c,35.1063,1.1708,31.88,36.48,30,35.11,29.1955
Uttar Pradesh,42271,Hardoi,27.38,80.17,1996,2025,5,MAY,T2M_MAX,temp_max_c,46.2187,1.4189,41.9,48.18,30,48.18,32.9136
Uttar Pradesh,42271,Hardoi,27.38,80.17,1996,2025,5,MAY,T2M_MIN,temp_min_c,23.414,2.0766,18.31,25.93,30,18.31,26.6082
Uttar Pradesh,42271,Hardoi,27.38,80.17,1996,2025,5,MAY,WS10M,wind_speed_ms,3.368,0.3506,2.74,4.06,30,3.37,3.1536
Uttar Pradesh,42271,Hardoi,27.38,80.17,1996,2025,6,JUN,ALLSKY_SFC_SW_DWN,solar_kwh_m2_day,21.5657,2.0269,17.16,24.81,30,21.57,15.9167
Uttar Pradesh,42271,Hardoi,27.38,80.17,1996,2025,6,JUN,PRECTOTCORR,rainfall_mm,3.5347,2.3113,0.43,9.73,30,3.53,10.4336
Uttar Pradesh,42271,Hardoi,27.38,80.17,1996,2025,6,JUN,RH2M,humidity_pct,39.852,11.0027,22.78,66.14,30,39.85,85.0545
Uttar Pradesh,42271,Hardoi,27.38,80.17,1996,2025,6,JUN,T2M,temp_mean_c,35.5367,1.9305,31.23,38.66,30,35.54,29.1955
Uttar Pradesh,42271,Hardoi,27.38,80.17,1996,2025,6,JUN,T2M_MAX,temp_max_c,45.9253,2.0608,41.37,49,30,49,32.9136
Uttar Pradesh,42271,Hardoi,27.38,80.17,1996,2025,6,JUN,T2M_MIN,temp_min_c,26.5627,1.4078,23.81,29.34,30,23.81,26.6082
Uttar Pradesh,42271,Hardoi,27.38,80.17,1996,2025,6,JUN,WS10M,wind_speed_ms,3.615,0.4986,2.59,4.71,30,3.61,3.1536
Uttar Pradesh,42271,Hardoi,27.38,80.17,1996,2025,7,JUL,ALLSKY_SFC_SW_DWN,solar_kwh_m2_day,17.4373,1.2897,14.93,20.46,30,17.44,15.9167
Uttar Pradesh,42271,Hardoi,27.38,80.17,1996,2025,7,JUL,PRECTOTCORR,rainfall_mm,8.5573,2.9697,2.16,15.3,30,8.56,10.4336
Uttar Pradesh,42271,Hardoi,27.38,80.17,1996,2025,7,JUL,RH2M,humidity_pct,71.1067,10.53,32.48,85.31,30,71.11,85.0545
Uttar Pradesh,42271,Hardoi,27.38,80.17,1996,2025,7,JUL,T2M,temp_mean_c,31.1663,1.7136,28.76,37.68,30,31.17,29.1955
Uttar Pradesh,42271,Hardoi,27.38,80.17,1996,2025,7,JUL,T2M_MAX,temp_max_c,40.2217,2.9318,33.82,46.15,30,46.15,32.9136
Uttar Pradesh,42271,Hardoi,27.38,80.17,1996,2025,7,JUL,T2M_MIN,temp_min_c,25.441,0.7165,24.22,27.8,30,24.22,26.6082
Uttar Pradesh,42271,Hardoi,27.38,80.17,1996,2025,7,JUL,WS10M,wind_speed_ms,3.277,0.3947,2.56,4.25,30,3.28,3.1536
Uttar Pradesh,42271,Hardoi,27.38,80.17,1996,2025,8,AUG,ALLSKY_SFC_SW_DWN,solar_kwh_m2_day,17.3603,1.6848,13.74,20.29,30,17.36,15.9167
Uttar Pradesh,42271,Hardoi,27.38,80.17,1996,2025,8,AUG,PRECTOTCORR,rainfall_mm,7.34,2.8438,3.16,12.47,30,7.34,10.4336
Uttar Pradesh,42271,Hardoi,27.38,80.17,1996,2025,8,AUG,RH2M,humidity_pct,80.72,5.9367,67.27,88.75,30,80.72,85.0545
Uttar Pradesh,42271,Hardoi,27.38,80.17,1996,2025,8,AUG,T2M,temp_mean_c,29.251,0.7649,28.14,30.99,30,29.25,29.1955
Uttar Pradesh,42271,Hardoi,27.38,80.17,1996,2025,8,AUG,T2M_MAX,temp_max_c,35.7263,2.2558,32.48,40.8,30,40.8,32.9136
Uttar Pradesh,42271,Hardoi,27.38,80.17,1996,2025,8,AUG,T2M_MIN,temp_min_c,24.584,0.3658,23.97,25.37,30,23.97,26.6082
Uttar Pradesh,42271,Hardoi,27.38,80.17,1996,2025,8,AUG,WS10M,wind_speed_ms,2.9623,0.4394,2.26,3.87,30,2.96,3.1536
Uttar Pradesh,42271,Hardoi,27.38,80.17,1996,2025,9,SEP,ALLSKY_SFC_SW_DWN,solar_kwh_m2_day,17.285,1.5382,13.63,20.03,30,17.28,15.9167
Uttar Pradesh,42271,Hardoi,27.38,80.17,1996,2025,9,SEP,PRECTOTCORR,rainfall_mm,5.0743,2.639,0.73,10.49,30,5.07,10.4336
Uttar Pradesh,42271,Hardoi,27.38,80.17,1996,2025,9,SEP,RH2M,humidity_pct,78.8203,8.8405,56.57,89.8,30,78.82,85.0545
Uttar Pradesh,42271,Hardoi,27.38,80.17,1996,2025,9,SEP,T2M,temp_mean_c,27.9913,0.9333,26.45,30.16,30,27.99,29.1955
Uttar Pradesh,42271,Hardoi,27.38,80.17,1996,2025,9,SEP,T2M_MAX,temp_max_c,34.8207,2.1103,31.61,38.94,30,38.94,32.9136
Uttar Pradesh,42271,Hardoi,27.38,80.17,1996,2025,9,SEP,T2M_MIN,temp_min_c,21.0087,1.4617,17.9,23.63,30,17.9,26.6082
Uttar Pradesh,42271,Hardoi,27.38,80.17,1996,2025,9,SEP,WS10M,wind_speed_ms,2.6343,0.4093,1.89,3.5,30,2.63,3.1536
Uttar Pradesh,42271,Hardoi,27.38,80.17,1996,2025,10,OCT,ALLSKY_SFC_SW_DWN,solar_kwh_m2_day,17.0393,1.0294,14.74,18.92,30,17.04,15.9167
Uttar Pradesh,42271,Hardoi,27.38,80.17,1996,2025,10,OCT,PRECTOTCORR,rainfall_mm,1.1257,1.4091,0,5.64,30,1.13,10.4336
Uttar Pradesh,42271,Hardoi,27.38,80.17,1996,2025,10,OCT,RH2M,humidity_pct,64.1843,11.6074,41.18,80.24,30,64.18,85.0545
Uttar Pradesh,42271,Hardoi,27.38,80.17,1996,2025,10,OCT,T2M,temp_mean_c,24.9147,1.2794,22.48,27.4,30,24.91,29.1955
Uttar Pradesh,42271,Hardoi,27.38,80.17,1996,2025,10,OCT,T2M_MAX,temp_max_c,33.5883,2.1201,31.21,38.21,30,38.21,32.9136
Uttar Pradesh,42271,Hardoi,27.38,80.17,1996,2025,10,OCT,T2M_MIN,temp_min_c,14.73,1.6773,10.81,18.55,30,10.81,26.6082
Uttar Pradesh,42271,Hardoi,27.38,80.17,1996,2025,10,OCT,WS10M,wind_speed_ms,2.0157,0.2742,1.57,2.5,30,2.02,3.1536
Uttar Pradesh,42271,Hardoi,27.38,80.17,1996,2025,11,NOV,ALLSKY_SFC_SW_DWN,solar_kwh_m2_day,13.876,0.9559,12.31,16.1,30,13.88,15.9167
Uttar Pradesh,42271,Hardoi,27.38,80.17,1996,2025,11,NOV,PRECTOTCORR,rainfall_mm,0.1147,0.2085,0,0.72,30,0.11,10.4336
Uttar Pradesh,42271,Hardoi,27.38,80.17,1996,2025,11,NOV,RH2M,humidity_pct,53.624,12.8591,33.61,75.99,30,53.62,85.0545
Uttar Pradesh,42271,Hardoi,27.38,80.17,1996,2025,11,NOV,T2M,temp_mean_c,19.9967,1.4101,16.96,22.95,30,20,29.1955
Uttar Pradesh,42271,Hardoi,27.38,80.17,1996,2025,11,NOV,T2M_MAX,temp_max_c,30.619,1.9147,27.54,35.08,30,35.08,32.9136
Uttar Pradesh,42271,Hardoi,27.38,80.17,1996,2025,11,NOV,T2M_MIN,temp_min_c,9.184,1.4436,6.66,12.19,30,6.66,26.6082
Uttar Pradesh,42271,Hardoi,27.38,80.17,1996,2025,11,NOV,WS10M,wind_speed_ms,2.212,0.4108,1.37,3.34,30,2.21,3.1536
Uttar Pradesh,42271,Hardoi,27.38,80.17,1996,2025,12,DEC,ALLSKY_SFC_SW_DWN,solar_kwh_m2_day,11.3157,1.1092,9.12,13.6,30,11.32,15.9167
Uttar Pradesh,42271,Hardoi,27.38,80.17,1996,2025,12,DEC,PRECTOTCORR,rainfall_mm,0.2553,0.4824,0,2.2,30,0.26,10.4336
Uttar Pradesh,42271,Hardoi,27.38,80.17,1996,2025,12,DEC,RH2M,humidity_pct,49.3597,12.308,30.34,71.95,30,49.36,85.0545
Uttar Pradesh,42271,Hardoi,27.38,80.17,1996,2025,12,DEC,T2M,temp_mean_c,15.5677,1.0463,13.59,17.08,30,15.57,29.1955
Uttar Pradesh,42271,Hardoi,27.38,80.17,1996,2025,12,DEC,T2M_MAX,temp_max_c,27.3777,1.7051,24.3,30.79,30,30.79,32.9136
Uttar Pradesh,42271,Hardoi,27.38,80.17,1996,2025,12,DEC,T2M_MIN,temp_min_c,4.479,1.5418,1.07,7.55,30,1.07,26.6082
Uttar Pradesh,42271,Hardoi,27.38,80.17,1996,2025,12,DEC,WS10M,wind_speed_ms,2.3973,0.4197,1.74,3.36,30,2.4,3.1536
Uttar Pradesh,42463,Jhansi,25.45,78.61,1996,2025,0,ANNUAL,ALLSKY_SFC_SW_DWN,solar_kwh_m2_day,18.2703,0.6954,16.82,19.61,30,,10.53
Uttar Pradesh,42463,Jhansi,25.45,78.61,1996,2025,0,ANNUAL,PRECTOTCORR,rainfall_mm,2.2117,0.5863,0.85,3.81,30,,12.1273
Uttar Pradesh,42463,Jhansi,25.45,78.61,1996,2025,0,ANNUAL,RH2M,humidity_pct,48.4333,5.5668,33.68,59.12,30,,84.0582
Uttar Pradesh,42463,Jhansi,25.45,78.61,1996,2025,0,ANNUAL,T2M,temp_mean_c,26.3807,0.6356,25.25,27.51,30,,28.5873
Uttar Pradesh,42463,Jhansi,25.45,78.61,1996,2025,0,ANNUAL,T2M_MAX,temp_max_c,47.2623,1.1235,44.26,48.97,30,,31.7855
Uttar Pradesh,42463,Jhansi,25.45,78.61,1996,2025,0,ANNUAL,T2M_MIN,temp_min_c,4.3283,1.2656,1.91,6.72,30,,25.8155
Uttar Pradesh,42463,Jhansi,25.45,78.61,1996,2025,0,ANNUAL,WS10M,wind_speed_ms,2.9723,0.1577,2.72,3.32,30,,3.0236
Uttar Pradesh,42463,Jhansi,25.45,78.61,1996,2025,1,JAN,ALLSKY_SFC_SW_DWN,solar_kwh_m2_day,13.205,1.7034,9.51,16.1,30,13.21,10.53
Uttar Pradesh,42463,Jhansi,25.45,78.61,1996,2025,1,JAN,PRECTOTCORR,rainfall_mm,0.3377,0.4342,0,1.63,30,0.34,12.1273
Uttar Pradesh,42463,Jhansi,25.45,78.61,1996,2025,1,JAN,RH2M,humidity_pct,44.325,12.87,24.9,66.5,30,44.33,84.0582
Uttar Pradesh,42463,Jhansi,25.45,78.61,1996,2025,1,JAN,T2M,temp_mean_c,15.8797,1.264,13.54,17.85,30,15.88,28.5873
Uttar Pradesh,42463,Jhansi,25.45,78.61,1996,2025,1,JAN,T2M_MAX,temp_max_c,29.8063,2.43,24.53,33.71,30,33.71,31.7855
Uttar Pradesh,42463,Jhansi,25.45,78.61,1996,2025,1,JAN,T2M_MIN,temp_min_c,4.8177,1.4554,1.91,7.24,30,1.91,25.8155
Uttar Pradesh,42463,Jhansi,25.45,78.61,1996,2025,1,JAN,WS10M,wind_speed_ms,2.375,0.1564,2.12,2.89,30,2.38,3.0236
Uttar Pradesh,42463,Jhansi,25.45,78.61,1996,2025,2,FEB,ALLSKY_SFC_SW_DWN,solar_kwh_m2_day,17.7133,1.2537,14.94,19.64,30,17.71,10.53
Uttar Pradesh,42463,Jhansi,25.45,78.61,1996,2025,2,FEB,PRECTOTCORR,rainfall_mm,0.3893,0.591,0,2.14,30,0.39,12.1273
Uttar Pradesh,42463,Jhansi,25.45,78.61,1996,2025,2,FEB,RH2M,humidity_pct,36.3247,9.8192,18.05,56.51,30,36.32,84.0582
Uttar Pradesh,42463,Jhansi,25.45,78.61,1996,2025,2,FEB,T2M,temp_mean_c,19.8573,1.5254,17.25,24.48,30,19.86,28.5873
Uttar Pradesh,42463,Jhansi,25.45,78.61,1996,2025,2,FEB,T2M_MAX,temp_max_c,34.9417,1.8363,29.44,38.73,30,38.73,31.7855
Uttar Pradesh,42463,Jhansi,25.45,78.61,1996,2025,2,FEB,T2M_MIN,temp_min_c,6.9457,1.7324,3.64,11.36,30,3.64,25.8155
Uttar Pradesh,42463,Jhansi,25.45,78.61,1996,2025,2,FEB,WS10M,wind_speed_ms,2.6427,0.1744,2.39,3.11,30,2.64,3.0236
Uttar Pradesh,42463,Jhansi,25.45,78.61,1996,2025,3,MAR,ALLSKY_SFC_SW_DWN,solar_kwh_m2_day,21.827,0.9915,18.93,23.43,30,21.83,10.53
Uttar Pradesh,42463,Jhansi,25.45,78.61,1996,2025,3,MAR,PRECTOTCORR,rainfall_mm,0.2997,0.5435,0,2.72,30,0.3,12.1273
Uttar Pradesh,42463,Jhansi,25.45,78.61,1996,2025,3,MAR,RH2M,humidity_pct,26.5393,9.1613,13.55,48.15,30,26.54,84.0582
Uttar Pradesh,42463,Jhansi,25.45,78.61,1996,2025,3,MAR,T2M,temp_mean_c,26.0033,1.5219,22.96,28.54,30,26,28.5873
Uttar Pradesh,42463,Jhansi,25.45,78.61,1996,2025,3,MAR,T2M_MAX,temp_max_c,40.6297,2.1087,36.31,44.24,30,44.24,31.7855
Uttar Pradesh,42463,Jhansi,25.45,78.61,1996,2025,3,MAR,T2M_MIN,temp_min_c,11.8047,2.4148,7.52,16.14,30,7.52,25.8155
Uttar Pradesh,42463,Jhansi,25.45,78.61,1996,2025,3,MAR,WS10M,wind_speed_ms,2.8513,0.2885,2.18,3.36,30,2.85,3.0236
Uttar Pradesh,42463,Jhansi,25.45,78.61,1996,2025,4,APR,ALLSKY_SFC_SW_DWN,solar_kwh_m2_day,24.6197,0.9298,22.61,26.51,30,24.62,10.53
Uttar Pradesh,42463,Jhansi,25.45,78.61,1996,2025,4,APR,PRECTOTCORR,rainfall_mm,0.1937,0.2189,0,0.96,30,0.19,12.1273
Uttar Pradesh,42463,Jhansi,25.45,78.61,1996,2025,4,APR,RH2M,humidity_pct,18.7667,5.9888,8.48,38.72,30,18.77,84.0582
Uttar Pradesh,42463,Jhansi,25.45,78.61,1996,2025,4,APR,T2M,temp_mean_c,32.2963,1.2867,29.39,34.96,30,32.3,28.5873
Uttar Pradesh,42463,Jhansi,25.45,78.61,1996,2025,4,APR,T2M_MAX,temp_max_c,44.7817,1.1837,42.47,47,30,47,31.7855
Uttar Pradesh,42463,Jhansi,25.45,78.61,1996,2025,4,APR,T2M_MIN,temp_min_c,18.5393,1.9667,12.74,22.35,30,12.74,25.8155
Uttar Pradesh,42463,Jhansi,25.45,78.61,1996,2025,4,APR,WS10M,wind_speed_ms,3.1957,0.3578,2.44,4,30,3.2,3.0236
Uttar Pradesh,42463,Jhansi,25.45,78.61,1996,2025,5,MAY,ALLSKY_SFC_SW_DWN,solar_kwh_m2_day,24.5987,1.2725,21.24,27.31,30,24.6,10.53
Uttar Pradesh,42463,Jhansi,25.45,78.61,1996,2025,5,MAY,PRECTOTCORR,rainfall_mm,0.5827,0.552,0.02,2.72,30,0.58,12.1273
Uttar Pradesh,42463,Jhansi,25.45,78.61,1996,2025,5,MAY,RH2M,humidity_pct,21.7127,4.8536,14.22,33.49,30,21.71,84.0582
Uttar Pradesh,42463,Jhansi,25.45,78.61,1996,2025,5,MAY,T2M,temp_mean_c,36.183,1.1604,33.12,37.67,30,36.18,28.5873
Uttar Pradesh,42463,Jhansi,25.45,78.61,1996,2025,5,MAY,T2M_MAX,temp_max_c,46.8267,1.1972,43.66,48.97,30,48.97,31.7855
Uttar Pradesh,42463,Jhansi,25.45,78.61,1996,2025,5,MAY,T2M_MIN,temp_min_c,24.2623,2.0727,20.25,26.74,30,20.25,25.8155
Uttar Pradesh,42463,Jhansi,25.45,78.61,1996,2025,5,MAY,WS10M,wind_speed_ms,3.8317,0.4608,2.99,4.87,30,3.83,3.0236
Uttar Pradesh,42463,Jhansi,25.45,78.61,1996,2025,6,JUN,ALLSKY_SFC_SW_DWN,solar_kwh_m2_day,21.2713,1.6631,17.04,24.08,30,21.27,10.53
Uttar Pradesh,42463,Jhansi,25.45,78.61,1996,2025,6,JUN,PRECTOTCORR,rainfall_mm,3.4557,2.5904,0.55,9.78,30,3.46,12.1273
Uttar Pradesh,42463,Jhansi,25.45,78.61,1996,2025,6,JUN,RH2M,humidity_pct,40.651,8.9725,25.46,64.84,30,40.65,84.0582
Uttar Pradesh,42463,Jhansi,25.45,78.61,1996,2025,6,JUN,T2M,temp_mean_c,35.4957,1.6168,31.31,38.05,30,35.5,28.5873
Uttar Pradesh,42463,Jhansi,25.45,78.61,1996,2025,6,JUN,T2M_MAX,temp_max_c,46.2107,1.6589,43.1,48.87,30,48.87,31.7855
Uttar Pradesh,42463,Jhansi,25.45,78.61,1996,2025,6,JUN,T2M_MIN,temp_min_c,26.351,1.4742,22.2,28.84,30,22.2,25.8155
Uttar Pradesh,42463,Jhansi,25.45,78.61,1996,2025,6,JUN,WS10M,wind_speed_ms,4.158,0.5995,3.06,5.81,30,4.16,3.0236
Uttar Pradesh,42463,Jhansi,25.45,78.61,1996,2025,7,JUL,ALLSKY_SFC_SW_DWN,solar_kwh_m2_day,16.722,1.5616,13.41,20.11,30,16.72,10.53
Uttar Pradesh,42463,Jhansi,25.45,78.61,1996,2025,7,JUL,PRECTOTCORR,rainfall_mm,8.0367,3.5736,0.82,20.46,30,8.04,12.1273
Uttar Pradesh,42463,Jhansi,25.45,78.61,1996,2025,7,JUL,RH2M,humidity_pct,70.7687,9.7985,38.45,85.25,30,70.77,84.0582
Uttar Pradesh,42463,Jhansi,25.45,78.61,1996,2025,7,JUL,T2M,temp_mean_c,30.7027,1.5949,28.22,36.12,30,30.7,28.5873
Uttar Pradesh,42463,Jhansi,25.45,78.61,1996,2025,7,JUL,T2M_MAX,temp_max_c,39.8293,3.3675,33.68,46.1,30,46.1,31.7855
Uttar Pradesh,42463,Jhansi,25.45,78.61,1996,2025,7,JUL,T2M_MIN,temp_min_c,24.966,0.7999,23.35,27.7,30,23.35,25.8155
Uttar Pradesh,42463,Jhansi,25.45,78.61,1996,2025,7,JUL,WS10M,wind_speed_ms,3.6723,0.6338,2.61,5.79,30,3.67,3.0236
Uttar Pradesh,42463,Jhansi,25.45,78.61,1996,2025,8,AUG,ALLSKY_SFC_SW_DWN,solar_kwh_m2_day,16.3813,1.4787,14.05,18.94,30,16.38,10.53
Uttar Pradesh,42463,Jhansi,25.45,78.61,1996,2025,8,AUG,PRECTOTCORR,rainfall_mm,7.3467,2.3354,1.86,12.41,30,7.35,12.1273
Uttar Pradesh,42463,Jhansi,25.45,78.61,1996,2025,8,AUG,RH2M,humidity_pct,81.099,5.5794,66.01,88.74,30,81.1,84.0582
Uttar Pradesh,42463,Jhansi,25.45,78.61,1996,2025,8,AUG,T2M,temp_mean_c,28.571,0.8492,27.4,31.08,30,28.57,28.5873
Uttar Pradesh,42463,Jhansi,25.45,78.61,1996,2025,8,AUG,T2M_MAX,temp_max_c,35.027,2.4885,32.06,41.81,30,41.81,31.7855
Uttar Pradesh,42463,Jhansi,25.45,78.61,1996,2025,8,AUG,T2M_MIN,temp_min_c,23.806,0.7506,22.19,25.2,30,22.19,25.8155
Uttar Pradesh,42463,Jhansi,25.45,78.61,1996,2025,8,AUG,WS10M,wind_speed_ms,3.3393,0.4856,2.34,4.4,30,3.34,3.0236
Uttar Pradesh,42463,Jhansi,25.45,78.61,1996,2025,9,SEP,ALLSKY_SFC_SW_DWN,solar_kwh_m2_day,18,1.9381,12.7,20.96,30,18,10.53
Uttar Pradesh,42463,Jhansi,25.45,78.61,1996,2025,9,SEP,PRECTOTCORR,rainfall_mm,4.39,2.3404,0.51,10.65,30,4.39,12.1273
Uttar Pradesh,42463,Jhansi,25.45,78.61,1996,2025,9,SEP,RH2M,humidity_pct,78.5613,7.4359,56.74,87.11,30,78.56,84.0582
Uttar Pradesh,42463,Jhansi,25.45,78.61,1996,2025,9,SEP,T2M,temp_mean_c,27.6623,0.9251,26.13,30.39,30,27.66,28.5873
Uttar Pradesh,42463,Jhansi,25.45,78.61,1996,2025,9,SEP,T2M_MAX,temp_max_c,34.718,2.0447,32.34,39.76,30,39.76,31.7855
Uttar Pradesh,42463,Jhansi,25.45,78.61,1996,2025,9,SEP,T2M_MIN,temp_min_c,20.9193,1.4702,18.08,23.55,30,18.08,25.8155
Uttar Pradesh,42463,Jhansi,25.45,78.61,1996,2025,9,SEP,WS10M,wind_speed_ms,2.8943,0.3744,2.36,3.99,30,2.89,3.0236
Uttar Pradesh,42463,Jhansi,25.45,78.61,1996,2025,10,OCT,ALLSKY_SFC_SW_DWN,solar_kwh_m2_day,17.7147,1.1357,14.48,19.36,30,17.72,10.53
Uttar Pradesh,42463,Jhansi,25.45,78.61,1996,2025,10,OCT,PRECTOTCORR,rainfall_mm,0.87,1.0597,0,3.37,30,0.87,12.1273
Uttar Pradesh,42463,Jhansi,25.45,78.61,1996,2025,10,OCT,RH2M,humidity_pct,62.2603,11.7646,32.64,78.9,30,62.26,84.0582
Uttar Pradesh,42463,Jhansi,25.45,78.61,1996,2025,10,OCT,T2M,temp_mean_c,25.5017,1.3729,23.21,28.48,30,25.5,28.5873
Uttar Pradesh,42463,Jhansi,25.45,78.61,1996,2025,10,OCT,T2M_MAX,temp_max_c,34.4493,2.5191,30.83,40.58,30,40.58,31.7855
Uttar Pradesh,42463,Jhansi,25.45,78.61,1996,2025,10,OCT,T2M_MIN,temp_min_c,15.646,1.4085,12.45,18.07,30,12.45,25.8155
Uttar Pradesh,42463,Jhansi,25.45,78.61,1996,2025,10,OCT,WS10M,wind_speed_ms,2.314,0.2125,1.96,2.87,30,2.31,3.0236
Uttar Pradesh,42463,Jhansi,25.45,78.61,1996,2025,11,NOV,ALLSKY_SFC_SW_DWN,solar_kwh_m2_day,14.5767,1.433,11.67,17.73,30,14.58,10.53
Uttar Pradesh,42463,Jhansi,25.45,78.61,1996,2025,11,NOV,PRECTOTCORR,rainfall_mm,0.2123,0.4873,0,2.26,30,0.21,12.1273
Uttar Pradesh,42463,Jhansi,25.45,78.61,1996,2025,11,NOV,RH2M,humidity_pct,51.4287,12.9301,24.27,71.3,30,51.43,84.0582
Uttar Pradesh,42463,Jhansi,25.45,78.61,1996,2025,11,NOV,T2M,temp_mean_c,21.1803,1.4106,17.84,23.74,30,21.18,28.5873
Uttar Pradesh,42463,Jhansi,25.45,78.61,1996,2025,11,NOV,T2M_MAX,temp_max_c,32.1903,2.0366,28.98,37.3,30,37.3,31.7855
Uttar Pradesh,42463,Jhansi,25.45,78.61,1996,2025,11,NOV,T2M_MIN,temp_min_c,10.777,1.3518,7.26,13.31,30,7.26,25.8155
Uttar Pradesh,42463,Jhansi,25.45,78.61,1996,2025,11,NOV,WS10M,wind_speed_ms,2.1717,0.2047,1.69,2.53,30,2.17,3.0236
Uttar Pradesh,42463,Jhansi,25.45,78.61,1996,2025,12,DEC,ALLSKY_SFC_SW_DWN,solar_kwh_m2_day,12.7297,1.2706,9.39,15.67,30,12.73,10.53
Uttar Pradesh,42463,Jhansi,25.45,78.61,1996,2025,12,DEC,PRECTOTCORR,rainfall_mm,0.24,0.4652,0,2.23,30,0.24,12.1273
Uttar Pradesh,42463,Jhansi,25.45,78.61,1996,2025,12,DEC,RH2M,humidity_pct,47.5683,14.0443,19.81,71.66,30,47.57,84.0582
Uttar Pradesh,42463,Jhansi,25.45,78.61,1996,2025,12,DEC,T2M,temp_mean_c,17.0117,1.3149,14.58,19.56,30,17.01,28.5873
Uttar Pradesh,42463,Jhansi,25.45,78.61,1996,2025,12,DEC,T2M_MAX,temp_max_c,28.8357,2.2055,24.78,32.9,30,32.9,31.7855
Uttar Pradesh,42463,Jhansi,25.45,78.61,1996,2025,12,DEC,T2M_MIN,temp_min_c,6.1747,1.7578,2.24,9.12,30,2.24,25.8155
Uttar Pradesh,42463,Jhansi,25.45,78.61,1996,2025,12,DEC,WS10M,wind_speed_ms,2.2103,0.1625,1.95,2.52,30,2.21,3.0236
Uttar Pradesh,42366,Kanpur,26.43333333,80.36666667,1996,2025,0,ANNUAL,ALLSKY_SFC_SW_DWN,solar_kwh_m2_day,17.4927,0.6732,16.2,18.57,30,,13.7611
Uttar Pradesh,42366,Kanpur,26.43333333,80.36666667,1996,2025,0,ANNUAL,PRECTOTCORR,rainfall_mm,2.335,0.4619,1.47,3.8,30,,11.8536
Uttar Pradesh,42366,Kanpur,26.43333333,80.36666667,1996,2025,0,ANNUAL,RH2M,humidity_pct,50.036,4.7602,42.22,57.56,30,,84.9973
Uttar Pradesh,42366,Kanpur,26.43333333,80.36666667,1996,2025,0,ANNUAL,T2M,temp_mean_c,26.193,0.5273,25.11,27.1,30,,29.15
Uttar Pradesh,42366,Kanpur,26.43333333,80.36666667,1996,2025,0,ANNUAL,T2M_MAX,temp_max_c,47.1957,1.1208,43.98,49.47,30,,32.5555
Uttar Pradesh,42366,Kanpur,26.43333333,80.36666667,1996,2025,0,ANNUAL,T2M_MIN,temp_min_c,3.631,1.3785,0.01,6.15,30,,26.4345
Uttar Pradesh,42366,Kanpur,26.43333333,80.36666667,1996,2025,0,ANNUAL,WS10M,wind_speed_ms,2.8963,0.1256,2.6,3.12,30,,3.0082
Uttar Pradesh,42366,Kanpur,26.43333333,80.36666667,1996,2025,1,JAN,ALLSKY_SFC_SW_DWN,solar_kwh_m2_day,11.039,1.7155,7.12,14.54,30,11.04,13.7611
Uttar Pradesh,42366,Kanpur,26.43333333,80.36666667,1996,2025,1,JAN,PRECTOTCORR,rainfall_mm,0.5517,0.6131,0,2.19,30,0.55,11.8536
Uttar Pradesh,42366,Kanpur,26.43333333,80.36666667,1996,2025,1,JAN,RH2M,humidity_pct,46.5573,12.262,27.1,74.99,30,46.56,84.9973
Uttar Pradesh,42366,Kanpur,26.43333333,80.36666667,1996,2025,1,JAN,T2M,temp_mean_c,15.1467,1.1324,12.73,17.35,30,15.15,29.15
Uttar Pradesh,42366,Kanpur,26.43333333,80.36666667,1996,2025,1,JAN,T2M_MAX,temp_max_c,27.87,2.4069,23.12,32.02,30,32.02,32.5555
Uttar Pradesh,42366,Kanpur,26.43333333,80.36666667,1996,2025,1,JAN,T2M_MIN,temp_min_c,4.1153,1.2301,1.49,6.15,30,1.49,26.4345
Uttar Pradesh,42366,Kanpur,26.43333333,80.36666667,1996,2025,1,JAN,WS10M,wind_speed_ms,2.5457,0.2317,1.92,2.96,30,2.55,3.0082
Uttar Pradesh,42366,Kanpur,26.43333333,80.36666667,1996,2025,2,FEB,ALLSKY_SFC_SW_DWN,solar_kwh_m2_day,16.3507,1.2255,14,18.32,30,16.35,13.7611
Uttar Pradesh,42366,Kanpur,26.43333333,80.36666667,1996,2025,2,FEB,PRECTOTCORR,rainfall_mm,0.5693,0.7634,0,2.92,30,0.57,11.8536
Uttar Pradesh,42366,Kanpur,26.43333333,80.36666667,1996,2025,2,FEB,RH2M,humidity_pct,39.4193,10.3918,21.65,58.52,30,39.42,84.9973
Uttar Pradesh,42366,Kanpur,26.43333333,80.36666667,1996,2025,2,FEB,T2M,temp_mean_c,19.1727,1.496,16.15,23.23,30,19.17,29.15
Uttar Pradesh,42366,Kanpur,26.43333333,80.36666667,1996,2025,2,FEB,T2M_MAX,temp_max_c,33.277,2.2752,27.65,38.19,30,38.19,32.5555
Uttar Pradesh,42366,Kanpur,26.43333333,80.36666667,1996,2025,2,FEB,T2M_MIN,temp_min_c,6.681,1.671,2.54,9.7,30,2.54,26.4345
Uttar Pradesh,42366,Kanpur,26.43333333,80.36666667,1996,2025,2,FEB,WS10M,wind_speed_ms,2.9037,0.2529,2.45,3.45,30,2.9,3.0082
Uttar Pradesh,42366,Kanpur,26.43333333,80.36666667,1996,2025,3,MAR,ALLSKY_SFC_SW_DWN,solar_kwh_m2_day,21.05,1.0189,18.29,23.05,30,21.05,13.7611
Uttar Pradesh,42366,Kanpur,26.43333333,80.36666667,1996,2025,3,MAR,PRECTOTCORR,rainfall_mm,0.3117,0.4641,0,2.07,30,0.31,11.8536
Uttar Pradesh,42366,Kanpur,26.43333333,80.36666667,1996,2025,3,MAR,RH2M,humidity_pct,29.1417,9.4071,14.41,51.96,30,29.14,84.9973
Uttar Pradesh,42366,Kanpur,26.43333333,80.36666667,1996,2025,3,MAR,T2M,temp_mean_c,25.5067,1.406,22.77,28,30,25.51,29.15
Uttar Pradesh,42366,Kanpur,26.43333333,80.36666667,1996,2025,3,MAR,T2M_MAX,temp_max_c,40.0333,1.9697,35.68,44,30,44,32.5555
Uttar Pradesh,42366,Kanpur,26.43333333,80.36666667,1996,2025,3,MAR,T2M_MIN,temp_min_c,11.3247,2.0679,8,16.14,30,8,26.4345
Uttar Pradesh,42366,Kanpur,26.43333333,80.36666667,1996,2025,3,MAR,WS10M,wind_speed_ms,3.1367,0.312,2.43,3.87,30,3.14,3.0082
Uttar Pradesh,42366,Kanpur,26.43333333,80.36666667,1996,2025,4,APR,ALLSKY_SFC_SW_DWN,solar_kwh_m2_day,23.8897,0.8771,22.04,25.33,30,23.89,13.7611
Uttar Pradesh,42366,Kanpur,26.43333333,80.36666667,1996,2025,4,APR,PRECTOTCORR,rainfall_mm,0.271,0.309,0,1.16,30,0.27,11.8536
Uttar Pradesh,42366,Kanpur,26.43333333,80.36666667,1996,2025,4,APR,RH2M,humidity_pct,20.261,6.4961,8.18,38.99,30,20.26,84.9973
Uttar Pradesh,42366,Kanpur,26.43333333,80.36666667,1996,2025,4,APR,T2M,temp_mean_c,32.0037,1.2592,29.43,34.31,30,32,29.15
Uttar Pradesh,42366,Kanpur,26.43333333,80.36666667,1996,2025,4,APR,T2M_MAX,temp_max_c,44.786,1.3417,41.99,47.55,30,47.55,32.5555
Uttar Pradesh,42366,Kanpur,26.43333333,80.36666667,1996,2025,4,APR,T2M_MIN,temp_min_c,18.529,1.8669,14.25,23.03,30,14.25,26.4345
Uttar Pradesh,42366,Kanpur,26.43333333,80.36666667,1996,2025,4,APR,WS10M,wind_speed_ms,3.3247,0.3388,2.71,4.09,30,3.32,3.0082
Uttar Pradesh,42366,Kanpur,26.43333333,80.36666667,1996,2025,5,MAY,ALLSKY_SFC_SW_DWN,solar_kwh_m2_day,24.059,1.3331,20.26,26.3,30,24.06,13.7611
Uttar Pradesh,42366,Kanpur,26.43333333,80.36666667,1996,2025,5,MAY,PRECTOTCORR,rainfall_mm,0.7917,0.6322,0.01,2.08,30,0.79,11.8536
Uttar Pradesh,42366,Kanpur,26.43333333,80.36666667,1996,2025,5,MAY,RH2M,humidity_pct,24.2073,5.8731,15.26,36.76,30,24.21,84.9973
Uttar Pradesh,42366,Kanpur,26.43333333,80.36666667,1996,2025,5,MAY,T2M,temp_mean_c,35.7017,1.1406,32.49,37.21,30,35.7,29.15
Uttar Pradesh,42366,Kanpur,26.43333333,80.36666667,1996,2025,5,MAY,T2M_MAX,temp_max_c,46.5963,1.3067,42.46,48.58,30,48.58,32.5555
Uttar Pradesh,42366,Kanpur,26.43333333,80.36666667,1996,2025,5,MAY,T2M_MIN,temp_min_c,24.1417,1.896,20.1,26.48,30,20.1,26.4345
Uttar Pradesh,42366,Kanpur,26.43333333,80.36666667,1996,2025,5,MAY,WS10M,wind_speed_ms,3.3703,0.3151,2.76,3.98,30,3.37,3.0082
Uttar Pradesh,42366,Kanpur,26.43333333,80.36666667,1996,2025,6,JUN,ALLSKY_SFC_SW_DWN,solar_kwh_m2_day,21.2217,1.7528,17.59,24.08,30,21.22,13.7611
Uttar Pradesh,42366,Kanpur,26.43333333,80.36666667,1996,2025,6,JUN,PRECTOTCORR,rainfall_mm,3.362,2.1178,0.27,8.33,30,3.36,11.8536
Uttar Pradesh,42366,Kanpur,26.43333333,80.36666667,1996,2025,6,JUN,RH2M,humidity_pct,40.2557,10.6758,23.26,65.07,30,40.26,84.9973
Uttar Pradesh,42366,Kanpur,26.43333333,80.36666667,1996,2025,6,JUN,T2M,temp_mean_c,35.7857,1.9318,31.55,39.04,30,35.79,29.15
Uttar Pradesh,42366,Kanpur,26.43333333,80.36666667,1996,2025,6,JUN,T2M_MAX,temp_max_c,46.1953,1.9416,42.11,49.47,30,49.47,32.5555
Uttar Pradesh,42366,Kanpur,26.43333333,80.36666667,1996,2025,6,JUN,T2M_MIN,temp_min_c,26.966,1.5452,22.66,30.6,30,22.66,26.4345
Uttar Pradesh,42366,Kanpur,26.43333333,80.36666667,1996,2025,6,JUN,WS10M,wind_speed_ms,3.6713,0.4936,2.8,4.69,30,3.67,3.0082
Uttar Pradesh,42366,Kanpur,26.43333333,80.36666667,1996,2025,7,JUL,ALLSKY_SFC_SW_DWN,solar_kwh_m2_day,17.2247,1.3883,14.29,19.75,30,17.22,13.7611
Uttar Pradesh,42366,Kanpur,26.43333333,80.36666667,1996,2025,7,JUL,PRECTOTCORR,rainfall_mm,7.9493,2.7684,3.98,15.41,30,7.95,11.8536
Uttar Pradesh,42366,Kanpur,26.43333333,80.36666667,1996,2025,7,JUL,RH2M,humidity_pct,71.0487,9.8165,39.15,86.99,30,71.05,84.9973
Uttar Pradesh,42366,Kanpur,26.43333333,80.36666667,1996,2025,7,JUL,T2M,temp_mean_c,31.2087,1.5821,28.49,36.52,30,31.21,29.15
Uttar Pradesh,42366,Kanpur,26.43333333,80.36666667,1996,2025,7,JUL,T2M_MAX,temp_max_c,40.2963,2.8718,33.59,45.74,30,45.74,32.5555
Uttar Pradesh,42366,Kanpur,26.43333333,80.36666667,1996,2025,7,JUL,T2M_MIN,temp_min_c,25.534,0.6324,24.26,27.34,30,24.26,26.4345
Uttar Pradesh,42366,Kanpur,26.43333333,80.36666667,1996,2025,7,JUL,WS10M,wind_speed_ms,3.462,0.4172,2.86,4.6,30,3.46,3.0082
Uttar Pradesh,42366,Kanpur,26.43333333,80.36666667,1996,2025,8,AUG,ALLSKY_SFC_SW_DWN,solar_kwh_m2_day,16.9453,1.5185,13.1,19.41,30,16.94,13.7611
Uttar Pradesh,42366,Kanpur,26.43333333,80.36666667,1996,2025,8,AUG,PRECTOTCORR,rainfall_mm,7.188,2.8568,2.43,14.27,30,7.19,11.8536
Uttar Pradesh,42366,Kanpur,26.43333333,80.36666667,1996,2025,8,AUG,RH2M,humidity_pct,80.5907,6.1629,65.16,88.98,30,80.59,84.9973
Uttar Pradesh,42366,Kanpur,26.43333333,80.36666667,1996,2025,8,AUG,T2M,temp_mean_c,29.3147,0.8658,28.2,31.68,30,29.31,29.15
Uttar Pradesh,42366,Kanpur,26.43333333,80.36666667,1996,2025,8,AUG,T2M_MAX,temp_max_c,35.713,2.3838,32.9,41.38,30,41.38,32.5555
Uttar Pradesh,42366,Kanpur,26.43333333,80.36666667,1996,2025,8,AUG,T2M_MIN,temp_min_c,24.6383,0.545,23.37,25.95,30,23.37,26.4345
Uttar Pradesh,42366,Kanpur,26.43333333,80.36666667,1996,2025,8,AUG,WS10M,wind_speed_ms,3.1213,0.4287,2.42,4.06,30,3.12,3.0082
Uttar Pradesh,42366,Kanpur,26.43333333,80.36666667,1996,2025,9,SEP,ALLSKY_SFC_SW_DWN,solar_kwh_m2_day,17.168,1.6897,13.07,20.32,30,17.17,13.7611
Uttar Pradesh,42366,Kanpur,26.43333333,80.36666667,1996,2025,9,SEP,PRECTOTCORR,rainfall_mm,5.2163,2.6268,1.17,10.73,30,5.22,11.8536
Uttar Pradesh,42366,Kanpur,26.43333333,80.36666667,1996,2025,9,SEP,RH2M,humidity_pct,79.795,8.4873,53.03,87.95,30,79.79,84.9973
Uttar Pradesh,42366,Kanpur,26.43333333,80.36666667,1996,2025,9,SEP,T2M,temp_mean_c,28.1203,0.9336,26.94,31.08,30,28.12,29.15
Uttar Pradesh,42366,Kanpur,26.43333333,80.36666667,1996,2025,9,SEP,T2M_MAX,temp_max_c,34.8113,2.099,31.82,40.36,30,40.36,32.5555
Uttar Pradesh,42366,Kanpur,26.43333333,80.36666667,1996,2025,9,SEP,T2M_MIN,temp_min_c,21.5483,1.3096,18.98,23.83,30,18.98,26.4345
Uttar Pradesh,42366,Kanpur,26.43333333,80.36666667,1996,2025,9,SEP,WS10M,wind_speed_ms,2.7763,0.3505,2.14,3.66,30,2.78,3.0082
Uttar Pradesh,42366,Kanpur,26.43333333,80.36666667,1996,2025,10,OCT,ALLSKY_SFC_SW_DWN,solar_kwh_m2_day,16.8057,1.0873,14.46,18.78,30,16.81,13.7611
Uttar Pradesh,42366,Kanpur,26.43333333,80.36666667,1996,2025,10,OCT,PRECTOTCORR,rainfall_mm,1.2817,1.4621,0,6.02,30,1.28,11.8536
Uttar Pradesh,42366,Kanpur,26.43333333,80.36666667,1996,2025,10,OCT,RH2M,humidity_pct,65.2297,10.2492,38.77,80.58,30,65.23,84.9973
Uttar Pradesh,42366,Kanpur,26.43333333,80.36666667,1996,2025,10,OCT,T2M,temp_mean_c,25.353,1.2299,23.12,28.31,30,25.35,29.15
Uttar Pradesh,42366,Kanpur,26.43333333,80.36666667,1996,2025,10,OCT,T2M_MAX,temp_max_c,33.872,2.0997,30.37,39.19,30,39.19,32.5555
Uttar Pradesh,42366,Kanpur,26.43333333,80.36666667,1996,2025,10,OCT,T2M_MIN,temp_min_c,15.3567,1.5087,11.49,18.85,30,11.49,26.4345
Uttar Pradesh,42366,Kanpur,26.43333333,80.36666667,1996,2025,10,OCT,WS10M,wind_speed_ms,2.0673,0.2764,1.55,2.72,30,2.07,3.0082
Uttar Pradesh,42366,Kanpur,26.43333333,80.36666667,1996,2025,11,NOV,ALLSKY_SFC_SW_DWN,solar_kwh_m2_day,13.3617,1.1363,11,15.77,30,13.36,13.7611
Uttar Pradesh,42366,Kanpur,26.43333333,80.36666667,1996,2025,11,NOV,PRECTOTCORR,rainfall_mm,0.1327,0.2558,0,1.02,30,0.13,11.8536
Uttar Pradesh,42366,Kanpur,26.43333333,80.36666667,1996,2025,11,NOV,RH2M,humidity_pct,53.3753,12.6558,35.01,77.6,30,53.38,84.9973
Uttar Pradesh,42366,Kanpur,26.43333333,80.36666667,1996,2025,11,NOV,T2M,temp_mean_c,20.63,1.4983,17.22,24.39,30,20.63,29.15
Uttar Pradesh,42366,Kanpur,26.43333333,80.36666667,1996,2025,11,NOV,T2M_MAX,temp_max_c,31.1633,2.0351,26.56,35.11,30,35.11,32.5555
Uttar Pradesh,42366,Kanpur,26.43333333,80.36666667,1996,2025,11,NOV,T2M_MIN,temp_min_c,9.944,1.558,7.27,13.66,30,7.27,26.4345
Uttar Pradesh,42366,Kanpur,26.43333333,80.36666667,1996,2025,11,NOV,WS10M,wind_speed_ms,2.1103,0.3093,1.39,2.84,30,2.11,3.0082
Uttar Pradesh,42366,Kanpur,26.43333333,80.36666667,1996,2025,12,DEC,ALLSKY_SFC_SW_DWN,solar_kwh_m2_day,10.8757,1.2585,7.8,13.81,30,10.88,13.7611
Uttar Pradesh,42366,Kanpur,26.43333333,80.36666667,1996,2025,12,DEC,PRECTOTCORR,rainfall_mm,0.2387,0.4667,0,2.41,30,0.24,11.8536
Uttar Pradesh,42366,Kanpur,26.43333333,80.36666667,1996,2025,12,DEC,RH2M,humidity_pct,49.419,13.2296,31.67,75.12,30,49.42,84.9973
Uttar Pradesh,42366,Kanpur,26.43333333,80.36666667,1996,2025,12,DEC,T2M,temp_mean_c,16.1327,1.084,13.49,18.04,30,16.13,29.15
Uttar Pradesh,42366,Kanpur,26.43333333,80.36666667,1996,2025,12,DEC,T2M_MAX,temp_max_c,27.7923,1.8223,23.88,31.11,30,31.11,32.5555
Uttar Pradesh,42366,Kanpur,26.43333333,80.36666667,1996,2025,12,DEC,T2M_MIN,temp_min_c,5.1543,1.728,0.01,8.36,30,0.01,26.4345
Uttar Pradesh,42366,Kanpur,26.43333333,80.36666667,1996,2025,12,DEC,WS10M,wind_speed_ms,2.2753,0.3448,1.71,3.01,30,2.28,3.0082
Uttar Pradesh,42367,Kanpur Barra,26.4,80.4,1996,2025,0,ANNUAL,ALLSKY_SFC_SW_DWN,solar_kwh_m2_day,17.4927,0.6732,16.2,18.57,30,,13.7611
Uttar Pradesh,42367,Kanpur Barra,26.4,80.4,1996,2025,0,ANNUAL,PRECTOTCORR,rainfall_mm,2.335,0.4619,1.47,3.8,30,,11.8536
Uttar Pradesh,42367,Kanpur Barra,26.4,80.4,1996,2025,0,ANNUAL,RH2M,humidity_pct,50.036,4.7602,42.22,57.56,30,,84.9973
Uttar Pradesh,42367,Kanpur Barra,26.4,80.4,1996,2025,0,ANNUAL,T2M,temp_mean_c,26.193,0.5273,25.11,27.1,30,,29.15
Uttar Pradesh,42367,Kanpur Barra,26.4,80.4,1996,2025,0,ANNUAL,T2M_MAX,temp_max_c,47.1957,1.1208,43.98,49.47,30,,32.5555
Uttar Pradesh,42367,Kanpur Barra,26.4,80.4,1996,2025,0,ANNUAL,T2M_MIN,temp_min_c,3.631,1.3785,0.01,6.15,30,,26.4345
Uttar Pradesh,42367,Kanpur Barra,26.4,80.4,1996,2025,0,ANNUAL,WS10M,wind_speed_ms,2.8963,0.1256,2.6,3.12,30,,3.0082
Uttar Pradesh,42367,Kanpur Barra,26.4,80.4,1996,2025,1,JAN,ALLSKY_SFC_SW_DWN,solar_kwh_m2_day,11.039,1.7155,7.12,14.54,30,11.04,13.7611
Uttar Pradesh,42367,Kanpur Barra,26.4,80.4,1996,2025,1,JAN,PRECTOTCORR,rainfall_mm,0.5517,0.6131,0,2.19,30,0.55,11.8536
Uttar Pradesh,42367,Kanpur Barra,26.4,80.4,1996,2025,1,JAN,RH2M,humidity_pct,46.5573,12.262,27.1,74.99,30,46.56,84.9973
Uttar Pradesh,42367,Kanpur Barra,26.4,80.4,1996,2025,1,JAN,T2M,temp_mean_c,15.1467,1.1324,12.73,17.35,30,15.15,29.15
Uttar Pradesh,42367,Kanpur Barra,26.4,80.4,1996,2025,1,JAN,T2M_MAX,temp_max_c,27.87,2.4069,23.12,32.02,30,32.02,32.5555
Uttar Pradesh,42367,Kanpur Barra,26.4,80.4,1996,2025,1,JAN,T2M_MIN,temp_min_c,4.1153,1.2301,1.49,6.15,30,1.49,26.4345
Uttar Pradesh,42367,Kanpur Barra,26.4,80.4,1996,2025,1,JAN,WS10M,wind_speed_ms,2.5457,0.2317,1.92,2.96,30,2.55,3.0082
Uttar Pradesh,42367,Kanpur Barra,26.4,80.4,1996,2025,2,FEB,ALLSKY_SFC_SW_DWN,solar_kwh_m2_day,16.3507,1.2255,14,18.32,30,16.35,13.7611
Uttar Pradesh,42367,Kanpur Barra,26.4,80.4,1996,2025,2,FEB,PRECTOTCORR,rainfall_mm,0.5693,0.7634,0,2.92,30,0.57,11.8536
Uttar Pradesh,42367,Kanpur Barra,26.4,80.4,1996,2025,2,FEB,RH2M,humidity_pct,39.4193,10.3918,21.65,58.52,30,39.42,84.9973
Uttar Pradesh,42367,Kanpur Barra,26.4,80.4,1996,2025,2,FEB,T2M,temp_mean_c,19.1727,1.496,16.15,23.23,30,19.17,29.15
Uttar Pradesh,42367,Kanpur Barra,26.4,80.4,1996,2025,2,FEB,T2M_MAX,temp_max_c,33.277,2.2752,27.65,38.19,30,38.19,32.5555
Uttar Pradesh,42367,Kanpur Barra,26.4,80.4,1996,2025,2,FEB,T2M_MIN,temp_min_c,6.681,1.671,2.54,9.7,30,2.54,26.4345
Uttar Pradesh,42367,Kanpur Barra,26.4,80.4,1996,2025,2,FEB,WS10M,wind_speed_ms,2.9037,0.2529,2.45,3.45,30,2.9,3.0082
Uttar Pradesh,42367,Kanpur Barra,26.4,80.4,1996,2025,3,MAR,ALLSKY_SFC_SW_DWN,solar_kwh_m2_day,21.05,1.0189,18.29,23.05,30,21.05,13.7611
Uttar Pradesh,42367,Kanpur Barra,26.4,80.4,1996,2025,3,MAR,PRECTOTCORR,rainfall_mm,0.3117,0.4641,0,2.07,30,0.31,11.8536
Uttar Pradesh,42367,Kanpur Barra,26.4,80.4,1996,2025,3,MAR,RH2M,humidity_pct,29.1417,9.4071,14.41,51.96,30,29.14,84.9973
Uttar Pradesh,42367,Kanpur Barra,26.4,80.4,1996,2025,3,MAR,T2M,temp_mean_c,25.5067,1.406,22.77,28,30,25.51,29.15
Uttar Pradesh,42367,Kanpur Barra,26.4,80.4,1996,2025,3,MAR,T2M_MAX,temp_max_c,40.0333,1.9697,35.68,44,30,44,32.5555
Uttar Pradesh,42367,Kanpur Barra,26.4,80.4,1996,2025,3,MAR,T2M_MIN,temp_min_c,11.3247,2.0679,8,16.14,30,8,26.4345
Uttar Pradesh,42367,Kanpur Barra,26.4,80.4,1996,2025,3,MAR,WS10M,wind_speed_ms,3.1367,0.312,2.43,3.87,30,3.14,3.0082
Uttar Pradesh,42367,Kanpur Barra,26.4,80.4,1996,2025,4,APR,ALLSKY_SFC_SW_DWN,solar_kwh_m2_day,23.8897,0.8771,22.04,25.33,30,23.89,13.7611
Uttar Pradesh,42367,Kanpur Barra,26.4,80.4,1996,2025,4,APR,PRECTOTCORR,rainfall_mm,0.271,0.309,0,1.16,30,0.27,11.8536
Uttar Pradesh,42367,Kanpur Barra,26.4,80.4,1996,2025,4,APR,RH2M,humidity_pct,20.261,6.4961,8.18,38.99,30,20.26,84.9973
Uttar Pradesh,42367,Kanpur Barra,26.4,80.4,1996,2025,4,APR,T2M,temp_mean_c,32.0037,1.2592,29.43,34.31,30,32,29.15
Uttar Pradesh,42367,Kanpur Barra,26.4,80.4,1996,2025,4,APR,T2M_MAX,temp_max_c,44.786,1.3417,41.99,47.55,30,47.55,32.5555
Uttar Pradesh,42367,Kanpur Barra,26.4,80.4,1996,2025,4,APR,T2M_MIN,temp_min_c,18.529,1.8669,14.25,23.03,30,14.25,26.4345
Uttar Pradesh,42367,Kanpur Barra,26.4,80.4,1996,2025,4,APR,WS10M,wind_speed_ms,3.3247,0.3388,2.71,4.09,30,3.32,3.0082
Uttar Pradesh,42367,Kanpur Barra,26.4,80.4,1996,2025,5,MAY,ALLSKY_SFC_SW_DWN,solar_kwh_m2_day,24.059,1.3331,20.26,26.3,30,24.06,13.7611
Uttar Pradesh,42367,Kanpur Barra,26.4,80.4,1996,2025,5,MAY,PRECTOTCORR,rainfall_mm,0.7917,0.6322,0.01,2.08,30,0.79,11.8536
Uttar Pradesh,42367,Kanpur Barra,26.4,80.4,1996,2025,5,MAY,RH2M,humidity_pct,24.2073,5.8731,15.26,36.76,30,24.21,84.9973
Uttar Pradesh,42367,Kanpur Barra,26.4,80.4,1996,2025,5,MAY,T2M,temp_mean_c,35.7017,1.1406,32.49,37.21,30,35.7,29.15
Uttar Pradesh,42367,Kanpur Barra,26.4,80.4,1996,2025,5,MAY,T2M_MAX,temp_max_c,46.5963,1.3067,42.46,48.58,30,48.58,32.5555
Uttar Pradesh,42367,Kanpur Barra,26.4,80.4,1996,2025,5,MAY,T2M_MIN,temp_min_c,24.1417,1.896,20.1,26.48,30,20.1,26.4345
Uttar Pradesh,42367,Kanpur Barra,26.4,80.4,1996,2025,5,MAY,WS10M,wind_speed_ms,3.3703,0.3151,2.76,3.98,30,3.37,3.0082
Uttar Pradesh,42367,Kanpur Barra,26.4,80.4,1996,2025,6,JUN,ALLSKY_SFC_SW_DWN,solar_kwh_m2_day,21.2217,1.7528,17.59,24.08,30,21.22,13.7611
Uttar Pradesh,42367,Kanpur Barra,26.4,80.4,1996,2025,6,JUN,PRECTOTCORR,rainfall_mm,3.362,2.1178,0.27,8.33,30,3.36,11.8536
Uttar Pradesh,42367,Kanpur Barra,26.4,80.4,1996,2025,6,JUN,RH2M,humidity_pct,40.2557,10.6758,23.26,65.07,30,40.26,84.9973
Uttar Pradesh,42367,Kanpur Barra,26.4,80.4,1996,2025,6,JUN,T2M,temp_mean_c,35.7857,1.9318,31.55,39.04,30,35.79,29.15
Uttar Pradesh,42367,Kanpur Barra,26.4,80.4,1996,2025,6,JUN,T2M_MAX,temp_max_c,46.1953,1.9416,42.11,49.47,30,49.47,32.5555
Uttar Pradesh,42367,Kanpur Barra,26.4,80.4,1996,2025,6,JUN,T2M_MIN,temp_min_c,26.966,1.5452,22.66,30.6,30,22.66,26.4345
Uttar Pradesh,42367,Kanpur Barra,26.4,80.4,1996,2025,6,JUN,WS10M,wind_speed_ms,3.6713,0.4936,2.8,4.69,30,3.67,3.0082
Uttar Pradesh,42367,Kanpur Barra,26.4,80.4,1996,2025,7,JUL,ALLSKY_SFC_SW_DWN,solar_kwh_m2_day,17.2247,1.3883,14.29,19.75,30,17.22,13.7611
Uttar Pradesh,42367,Kanpur Barra,26.4,80.4,1996,2025,7,JUL,PRECTOTCORR,rainfall_mm,7.9493,2.7684,3.98,15.41,30,7.95,11.8536
Uttar Pradesh,42367,Kanpur Barra,26.4,80.4,1996,2025,7,JUL,RH2M,humidity_pct,71.0487,9.8165,39.15,86.99,30,71.05,84.9973
Uttar Pradesh,42367,Kanpur Barra,26.4,80.4,1996,2025,7,JUL,T2M,temp_mean_c,31.2087,1.5821,28.49,36.52,30,31.21,29.15
Uttar Pradesh,42367,Kanpur Barra,26.4,80.4,1996,2025,7,JUL,T2M_MAX,temp_max_c,40.2963,2.8718,33.59,45.74,30,45.74,32.5555
Uttar Pradesh,42367,Kanpur Barra,26.4,80.4,1996,2025,7,JUL,T2M_MIN,temp_min_c,25.534,0.6324,24.26,27.34,30,24.26,26.4345
Uttar Pradesh,42367,Kanpur Barra,26.4,80.4,1996,2025,7,JUL,WS10M,wind_speed_ms,3.462,0.4172,2.86,4.6,30,3.46,3.0082
Uttar Pradesh,42367,Kanpur Barra,26.4,80.4,1996,2025,8,AUG,ALLSKY_SFC_SW_DWN,solar_kwh_m2_day,16.9453,1.5185,13.1,19.41,30,16.94,13.7611
Uttar Pradesh,42367,Kanpur Barra,26.4,80.4,1996,2025,8,AUG,PRECTOTCORR,rainfall_mm,7.188,2.8568,2.43,14.27,30,7.19,11.8536
Uttar Pradesh,42367,Kanpur Barra,26.4,80.4,1996,2025,8,AUG,RH2M,humidity_pct,80.5907,6.1629,65.16,88.98,30,80.59,84.9973
Uttar Pradesh,42367,Kanpur Barra,26.4,80.4,1996,2025,8,AUG,T2M,temp_mean_c,29.3147,0.8658,28.2,31.68,30,29.31,29.15
Uttar Pradesh,42367,Kanpur Barra,26.4,80.4,1996,2025,8,AUG,T2M_MAX,temp_max_c,35.713,2.3838,32.9,41.38,30,41.38,32.5555
Uttar Pradesh,42367,Kanpur Barra,26.4,80.4,1996,2025,8,AUG,T2M_MIN,temp_min_c,24.6383,0.545,23.37,25.95,30,23.37,26.4345
Uttar Pradesh,42367,Kanpur Barra,26.4,80.4,1996,2025,8,AUG,WS10M,wind_speed_ms,3.1213,0.4287,2.42,4.06,30,3.12,3.0082
Uttar Pradesh,42367,Kanpur Barra,26.4,80.4,1996,2025,9,SEP,ALLSKY_SFC_SW_DWN,solar_kwh_m2_day,17.168,1.6897,13.07,20.32,30,17.17,13.7611
Uttar Pradesh,42367,Kanpur Barra,26.4,80.4,1996,2025,9,SEP,PRECTOTCORR,rainfall_mm,5.2163,2.6268,1.17,10.73,30,5.22,11.8536
Uttar Pradesh,42367,Kanpur Barra,26.4,80.4,1996,2025,9,SEP,RH2M,humidity_pct,79.795,8.4873,53.03,87.95,30,79.79,84.9973
Uttar Pradesh,42367,Kanpur Barra,26.4,80.4,1996,2025,9,SEP,T2M,temp_mean_c,28.1203,0.9336,26.94,31.08,30,28.12,29.15
Uttar Pradesh,42367,Kanpur Barra,26.4,80.4,1996,2025,9,SEP,T2M_MAX,temp_max_c,34.8113,2.099,31.82,40.36,30,40.36,32.5555
Uttar Pradesh,42367,Kanpur Barra,26.4,80.4,1996,2025,9,SEP,T2M_MIN,temp_min_c,21.5483,1.3096,18.98,23.83,30,18.98,26.4345
Uttar Pradesh,42367,Kanpur Barra,26.4,80.4,1996,2025,9,SEP,WS10M,wind_speed_ms,2.7763,0.3505,2.14,3.66,30,2.78,3.0082
Uttar Pradesh,42367,Kanpur Barra,26.4,80.4,1996,2025,10,OCT,ALLSKY_SFC_SW_DWN,solar_kwh_m2_day,16.8057,1.0873,14.46,18.78,30,16.81,13.7611
Uttar Pradesh,42367,Kanpur Barra,26.4,80.4,1996,2025,10,OCT,PRECTOTCORR,rainfall_mm,1.2817,1.4621,0,6.02,30,1.28,11.8536
Uttar Pradesh,42367,Kanpur Barra,26.4,80.4,1996,2025,10,OCT,RH2M,humidity_pct,65.2297,10.2492,38.77,80.58,30,65.23,84.9973
Uttar Pradesh,42367,Kanpur Barra,26.4,80.4,1996,2025,10,OCT,T2M,temp_mean_c,25.353,1.2299,23.12,28.31,30,25.35,29.15
Uttar Pradesh,42367,Kanpur Barra,26.4,80.4,1996,2025,10,OCT,T2M_MAX,temp_max_c,33.872,2.0997,30.37,39.19,30,39.19,32.5555
Uttar Pradesh,42367,Kanpur Barra,26.4,80.4,1996,2025,10,OCT,T2M_MIN,temp_min_c,15.3567,1.5087,11.49,18.85,30,11.49,26.4345
Uttar Pradesh,42367,Kanpur Barra,26.4,80.4,1996,2025,10,OCT,WS10M,wind_speed_ms,2.0673,0.2764,1.55,2.72,30,2.07,3.0082
Uttar Pradesh,42367,Kanpur Barra,26.4,80.4,1996,2025,11,NOV,ALLSKY_SFC_SW_DWN,solar_kwh_m2_day,13.3617,1.1363,11,15.77,30,13.36,13.7611
Uttar Pradesh,42367,Kanpur Barra,26.4,80.4,1996,2025,11,NOV,PRECTOTCORR,rainfall_mm,0.1327,0.2558,0,1.02,30,0.13,11.8536
Uttar Pradesh,42367,Kanpur Barra,26.4,80.4,1996,2025,11,NOV,RH2M,humidity_pct,53.3753,12.6558,35.01,77.6,30,53.38,84.9973
Uttar Pradesh,42367,Kanpur Barra,26.4,80.4,1996,2025,11,NOV,T2M,temp_mean_c,20.63,1.4983,17.22,24.39,30,20.63,29.15
Uttar Pradesh,42367,Kanpur Barra,26.4,80.4,1996,2025,11,NOV,T2M_MAX,temp_max_c,31.1633,2.0351,26.56,35.11,30,35.11,32.5555
Uttar Pradesh,42367,Kanpur Barra,26.4,80.4,1996,2025,11,NOV,T2M_MIN,temp_min_c,9.944,1.558,7.27,13.66,30,7.27,26.4345
Uttar Pradesh,42367,Kanpur Barra,26.4,80.4,1996,2025,11,NOV,WS10M,wind_speed_ms,2.1103,0.3093,1.39,2.84,30,2.11,3.0082
Uttar Pradesh,42367,Kanpur Barra,26.4,80.4,1996,2025,12,DEC,ALLSKY_SFC_SW_DWN,solar_kwh_m2_day,10.8757,1.2585,7.8,13.81,30,10.88,13.7611
Uttar Pradesh,42367,Kanpur Barra,26.4,80.4,1996,2025,12,DEC,PRECTOTCORR,rainfall_mm,0.2387,0.4667,0,2.41,30,0.24,11.8536
Uttar Pradesh,42367,Kanpur Barra,26.4,80.4,1996,2025,12,DEC,RH2M,humidity_pct,49.419,13.2296,31.67,75.12,30,49.42,84.9973
Uttar Pradesh,42367,Kanpur Barra,26.4,80.4,1996,2025,12,DEC,T2M,temp_mean_c,16.1327,1.084,13.49,18.04,30,16.13,29.15
Uttar Pradesh,42367,Kanpur Barra,26.4,80.4,1996,2025,12,DEC,T2M_MAX,temp_max_c,27.7923,1.8223,23.88,31.11,30,31.11,32.5555
Uttar Pradesh,42367,Kanpur Barra,26.4,80.4,1996,2025,12,DEC,T2M_MIN,temp_min_c,5.1543,1.728,0.01,8.36,30,0.01,26.4345
Uttar Pradesh,42367,Kanpur Barra,26.4,80.4,1996,2025,12,DEC,WS10M,wind_speed_ms,2.2753,0.3448,1.71,3.01,30,2.28,3.0082
Uttar Pradesh,42137,Karnal,29.7,77.03,1996,2025,0,ANNUAL,ALLSKY_SFC_SW_DWN,solar_kwh_m2_day,17.434,0.5178,16.49,18.46,30,,14.5389
Uttar Pradesh,42137,Karnal,29.7,77.03,1996,2025,0,ANNUAL,PRECTOTCORR,rainfall_mm,2.1533,0.5382,1.05,3.19,30,,6.7718
Uttar Pradesh,42137,Karnal,29.7,77.03,1996,2025,0,ANNUAL,RH2M,humidity_pct,46.5493,6.3102,33.6,58.06,30,,80.9364
Uttar Pradesh,42137,Karnal,29.7,77.03,1996,2025,0,ANNUAL,T2M,temp_mean_c,25.081,0.6986,24.05,26.6,30,,29.1682
Uttar Pradesh,42137,Karnal,29.7,77.03,1996,2025,0,ANNUAL,T2M_MAX,temp_max_c,47.024,1.3447,44.48,49.4,30,,32.7855
Uttar Pradesh,42137,Karnal,29.7,77.03,1996,2025,0,ANNUAL,T2M_MIN,temp_min_c,2.3373,1.2537,-0.35,4.69,30,,26.2018
Uttar Pradesh,42137,Karnal,29.7,77.03,1996,2025,0,ANNUAL,WS10M,wind_speed_ms,2.945,0.1215,2.69,3.23,30,,2.6891
Uttar Pradesh,42137,Karnal,29.7,77.03,1996,2025,1,JAN,ALLSKY_SFC_SW_DWN,solar_kwh_m2_day,10.6437,1.6236,7.01,14.08,30,10.64,14.5389
Uttar Pradesh,42137,Karnal,29.7,77.03,1996,2025,1,JAN,PRECTOTCORR,rainfall_mm,0.738,0.6775,0.01,3.27,30,0.74,6.7718
Uttar Pradesh,42137,Karnal,29.7,77.03,1996,2025,1,JAN,RH2M,humidity_pct,46.7253,10.3015,32.01,76.33,30,46.73,80.9364
Uttar Pradesh,42137,Karnal,29.7,77.03,1996,2025,1,JAN,T2M,temp_mean_c,12.96,0.9518,11.07,14.72,30,12.96,29.1682
Uttar Pradesh,42137,Karnal,29.7,77.03,1996,2025,1,JAN,T2M_MAX,temp_max_c,25.545,1.9979,22.71,30.41,30,30.41,32.7855
Uttar Pradesh,42137,Karnal,29.7,77.03,1996,2025,1,JAN,T2M_MIN,temp_min_c,2.783,1.379,-0.35,6.14,30,-0.35,26.2018
Uttar Pradesh,42137,Karnal,29.7,77.03,1996,2025,1,JAN,WS10M,wind_speed_ms,3.01,0.2814,2.53,3.62,30,3.01,2.6891
Uttar Pradesh,42137,Karnal,29.7,77.03,1996,2025,2,FEB,ALLSKY_SFC_SW_DWN,solar_kwh_m2_day,15.3207,1.1565,12.7,17.49,30,15.32,14.5389
Uttar Pradesh,42137,Karnal,29.7,77.03,1996,2025,2,FEB,PRECTOTCORR,rainfall_mm,0.8583,0.8961,0.02,3.75,30,0.86,6.7718
Uttar Pradesh,42137,Karnal,29.7,77.03,1996,2025,2,FEB,RH2M,humidity_pct,43.556,10.2034,26.72,65.53,30,43.56,80.9364
Uttar Pradesh,42137,Karnal,29.7,77.03,1996,2025,2,FEB,T2M,temp_mean_c,16.6137,1.5083,14.24,21.93,30,16.61,29.1682
Uttar Pradesh,42137,Karnal,29.7,77.03,1996,2025,2,FEB,T2M_MAX,temp_max_c,30.3127,2.3578,25.69,34.56,30,34.56,32.7855
Uttar Pradesh,42137,Karnal,29.7,77.03,1996,2025,2,FEB,T2M_MIN,temp_min_c,4.9683,1.5832,1.6,9.18,30,1.6,26.2018
Uttar Pradesh,42137,Karnal,29.7,77.03,1996,2025,2,FEB,WS10M,wind_speed_ms,3.2247,0.2757,2.55,3.75,30,3.22,2.6891
Uttar Pradesh,42137,Karnal,29.7,77.03,1996,2025,3,MAR,ALLSKY_SFC_SW_DWN,solar_kwh_m2_day,19.8977,1.0604,17.9,22.16,30,19.9,14.5389
Uttar Pradesh,42137,Karnal,29.7,77.03,1996,2025,3,MAR,PRECTOTCORR,rainfall_mm,0.7113,0.8474,0,3.35,30,0.71,6.7718
Uttar Pradesh,42137,Karnal,29.7,77.03,1996,2025,3,MAR,RH2M,humidity_pct,35.2323,11.0273,17.43,60.64,30,35.23,80.9364
Uttar Pradesh,42137,Karnal,29.7,77.03,1996,2025,3,MAR,T2M,temp_mean_c,22.8287,1.6587,19.84,26.27,30,22.83,29.1682
Uttar Pradesh,42137,Karnal,29.7,77.03,1996,2025,3,MAR,T2M_MAX,temp_max_c,37.788,2.4203,31.91,41.85,30,41.85,32.7855
Uttar Pradesh,42137,Karnal,29.7,77.03,1996,2025,3,MAR,T2M_MIN,temp_min_c,9.5993,2.3665,5.38,13.95,30,5.38,26.2018
Uttar Pradesh,42137,Karnal,29.7,77.03,1996,2025,3,MAR,WS10M,wind_speed_ms,3.305,0.2959,2.71,3.8,30,3.3,2.6891
Uttar Pradesh,42137,Karnal,29.7,77.03,1996,2025,4,APR,ALLSKY_SFC_SW_DWN,solar_kwh_m2_day,23.5097,0.7855,22.08,25.34,30,23.51,14.5389
Uttar Pradesh,42137,Karnal,29.7,77.03,1996,2025,4,APR,PRECTOTCORR,rainfall_mm,0.5253,0.4775,0,1.99,30,0.53,6.7718
Uttar Pradesh,42137,Karnal,29.7,77.03,1996,2025,4,APR,RH2M,humidity_pct,25.3597,8.2337,9.34,43.55,30,25.36,80.9364
Uttar Pradesh,42137,Karnal,29.7,77.03,1996,2025,4,APR,T2M,temp_mean_c,29.5817,1.5857,26.78,32.66,30,29.58,29.1682
Uttar Pradesh,42137,Karnal,29.7,77.03,1996,2025,4,APR,T2M_MAX,temp_max_c,43.19,1.741,39.42,46.69,30,46.69,32.7855
Uttar Pradesh,42137,Karnal,29.7,77.03,1996,2025,4,APR,T2M_MIN,temp_min_c,15.616,1.9091,12.04,20.59,30,12.04,26.2018
Uttar Pradesh,42137,Karnal,29.7,77.03,1996,2025,4,APR,WS10M,wind_speed_ms,3.3963,0.3146,2.78,4.14,30,3.4,2.6891
Uttar Pradesh,42137,Karnal,29.7,77.03,1996,2025,5,MAY,ALLSKY_SFC_SW_DWN,solar_kwh_m2_day,23.9713,1.1438,21.59,25.57,30,23.97,14.5389
Uttar Pradesh,42137,Karnal,29.7,77.03,1996,2025,5,MAY,PRECTOTCORR,rainfall_mm,1.2237,0.9801,0.1,3.58,30,1.22,6.7718
Uttar Pradesh,42137,Karnal,29.7,77.03,1996,2025,5,MAY,RH2M,humidity_pct,24.8387,6.8998,14.86,40.94,30,24.84,80.9364
Uttar Pradesh,42137,Karnal,29.7,77.03,1996,2025,5,MAY,T2M,temp_mean_c,34.1983,1.5013,30.02,36.32,30,34.2,29.1682
Uttar Pradesh,42137,Karnal,29.7,77.03,1996,2025,5,MAY,T2M_MAX,temp_max_c,46.2727,1.4104,42.43,48.92,30,48.92,32.7855
Uttar Pradesh,42137,Karnal,29.7,77.03,1996,2025,5,MAY,T2M_MIN,temp_min_c,21.9817,2.4667,17.08,26.03,30,17.08,26.2018
Uttar Pradesh,42137,Karnal,29.7,77.03,1996,2025,5,MAY,WS10M,wind_speed_ms,3.4033,0.3801,2.84,4.28,30,3.4,2.6891
Uttar Pradesh,42137,Karnal,29.7,77.03,1996,2025,6,JUN,ALLSKY_SFC_SW_DWN,solar_kwh_m2_day,21.755,1.6794,17.98,25.83,30,21.75,14.5389
Uttar Pradesh,42137,Karnal,29.7,77.03,1996,2025,6,JUN,PRECTOTCORR,rainfall_mm,3.3113,1.6664,0.81,7.24,30,3.31,6.7718
Uttar Pradesh,42137,Karnal,29.7,77.03,1996,2025,6,JUN,RH2M,humidity_pct,37.6103,8.8584,22.18,61.25,30,37.61,80.9364
Uttar Pradesh,42137,Karnal,29.7,77.03,1996,2025,6,JUN,T2M,temp_mean_c,35.223,1.5243,31.99,38.1,30,35.22,29.1682
Uttar Pradesh,42137,Karnal,29.7,77.03,1996,2025,6,JUN,T2M_MAX,temp_max_c,45.9547,1.9922,41.52,49.4,30,49.4,32.7855
Uttar Pradesh,42137,Karnal,29.7,77.03,1996,2025,6,JUN,T2M_MIN,temp_min_c,25.283,1.732,20.22,27.9,30,20.22,26.2018
Uttar Pradesh,42137,Karnal,29.7,77.03,1996,2025,6,JUN,WS10M,wind_speed_ms,3.411,0.5539,2.49,4.7,30,3.41,2.6891
Uttar Pradesh,42137,Karnal,29.7,77.03,1996,2025,7,JUL,ALLSKY_SFC_SW_DWN,solar_kwh_m2_day,17.8763,1.3068,15.87,20.65,30,17.88,14.5389
Uttar Pradesh,42137,Karnal,29.7,77.03,1996,2025,7,JUL,PRECTOTCORR,rainfall_mm,7.0243,3.381,1.17,13.99,30,7.02,6.7718
Uttar Pradesh,42137,Karnal,29.7,77.03,1996,2025,7,JUL,RH2M,humidity_pct,62.2197,11.4788,29.65,80.71,30,62.22,80.9364
Uttar Pradesh,42137,Karnal,29.7,77.03,1996,2025,7,JUL,T2M,temp_mean_c,32.3083,1.8054,29.75,37.56,30,32.31,29.1682
Uttar Pradesh,42137,Karnal,29.7,77.03,1996,2025,7,JUL,T2M_MAX,temp_max_c,42.09,2.2348,37.78,46.75,30,46.75,32.7855
Uttar Pradesh,42137,Karnal,29.7,77.03,1996,2025,7,JUL,T2M_MIN,temp_min_c,25.605,1.0709,23.58,28.65,30,23.58,26.2018
Uttar Pradesh,42137,Karnal,29.7,77.03,1996,2025,7,JUL,WS10M,wind_speed_ms,2.9047,0.3877,2.32,4.05,30,2.9,2.6891
Uttar Pradesh,42137,Karnal,29.7,77.03,1996,2025,8,AUG,ALLSKY_SFC_SW_DWN,solar_kwh_m2_day,17.557,1.5694,14.22,20.32,30,17.56,14.5389
Uttar Pradesh,42137,Karnal,29.7,77.03,1996,2025,8,AUG,PRECTOTCORR,rainfall_mm,6.142,2.2399,2.04,10.3,30,6.14,6.7718
Uttar Pradesh,42137,Karnal,29.7,77.03,1996,2025,8,AUG,RH2M,humidity_pct,73.2653,9.7855,51.68,84.74,30,73.27,80.9364
Uttar Pradesh,42137,Karnal,29.7,77.03,1996,2025,8,AUG,T2M,temp_mean_c,29.953,1.3204,28.18,32.81,30,29.95,29.1682
Uttar Pradesh,42137,Karnal,29.7,77.03,1996,2025,8,AUG,T2M_MAX,temp_max_c,37.2473,2.6079,33.63,42.81,30,42.81,32.7855
Uttar Pradesh,42137,Karnal,29.7,77.03,1996,2025,8,AUG,T2M_MIN,temp_min_c,24.0777,0.9493,22.39,25.81,30,22.39,26.2018
Uttar Pradesh,42137,Karnal,29.7,77.03,1996,2025,8,AUG,WS10M,wind_speed_ms,2.6007,0.2636,2.13,3.13,30,2.6,2.6891
Uttar Pradesh,42137,Karnal,29.7,77.03,1996,2025,9,SEP,ALLSKY_SFC_SW_DWN,solar_kwh_m2_day,17.7887,1.5005,15.32,20.52,30,17.79,14.5389
Uttar Pradesh,42137,Karnal,29.7,77.03,1996,2025,9,SEP,PRECTOTCORR,rainfall_mm,4.1733,2.5999,0.52,9.87,30,4.17,6.7718
Uttar Pradesh,42137,Karnal,29.7,77.03,1996,2025,9,SEP,RH2M,humidity_pct,69.1157,10.664,49.62,84.64,30,69.12,80.9364
Uttar Pradesh,42137,Karnal,29.7,77.03,1996,2025,9,SEP,T2M,temp_mean_c,28.2663,1.1885,26.27,31.19,30,28.27,29.1682
Uttar Pradesh,42137,Karnal,29.7,77.03,1996,2025,9,SEP,T2M_MAX,temp_max_c,36.365,2.2728,32.59,41.45,30,41.45,32.7855
Uttar Pradesh,42137,Karnal,29.7,77.03,1996,2025,9,SEP,T2M_MIN,temp_min_c,20.0743,1.3774,17.29,22.87,30,17.29,26.2018
Uttar Pradesh,42137,Karnal,29.7,77.03,1996,2025,9,SEP,WS10M,wind_speed_ms,2.403,0.2968,1.81,3.07,30,2.4,2.6891
Uttar Pradesh,42137,Karnal,29.7,77.03,1996,2025,10,OCT,ALLSKY_SFC_SW_DWN,solar_kwh_m2_day,16.723,0.9706,14.36,18.41,30,16.72,14.5389
Uttar Pradesh,42137,Karnal,29.7,77.03,1996,2025,10,OCT,PRECTOTCORR,rainfall_mm,0.6133,0.7896,0,2.69,30,0.61,6.7718
Uttar Pradesh,42137,Karnal,29.7,77.03,1996,2025,10,OCT,RH2M,humidity_pct,52.5397,12.4631,31.41,73.67,30,52.54,80.9364
Uttar Pradesh,42137,Karnal,29.7,77.03,1996,2025,10,OCT,T2M,temp_mean_c,24.6567,1.087,22.9,26.94,30,24.66,29.1682
Uttar Pradesh,42137,Karnal,29.7,77.03,1996,2025,10,OCT,T2M_MAX,temp_max_c,35.015,2.1259,31.39,38.95,30,38.95,32.7855
Uttar Pradesh,42137,Karnal,29.7,77.03,1996,2025,10,OCT,T2M_MIN,temp_min_c,14.404,1.3521,12.24,17.65,30,12.24,26.2018
Uttar Pradesh,42137,Karnal,29.7,77.03,1996,2025,10,OCT,WS10M,wind_speed_ms,2.2443,0.2473,1.75,2.69,30,2.24,2.6891
Uttar Pradesh,42137,Karnal,29.7,77.03,1996,2025,11,NOV,ALLSKY_SFC_SW_DWN,solar_kwh_m2_day,13.2053,0.9967,11.18,14.75,30,13.21,14.5389
Uttar Pradesh,42137,Karnal,29.7,77.03,1996,2025,11,NOV,PRECTOTCORR,rainfall_mm,0.118,0.1834,0,0.78,30,0.12,6.7718
Uttar Pradesh,42137,Karnal,29.7,77.03,1996,2025,11,NOV,RH2M,humidity_pct,44.3823,11.5121,20.49,68.62,30,44.38,80.9364
Uttar Pradesh,42137,Karnal,29.7,77.03,1996,2025,11,NOV,T2M,temp_mean_c,19.419,1.1155,17.09,21.2,30,19.42,29.1682
Uttar Pradesh,42137,Karnal,29.7,77.03,1996,2025,11,NOV,T2M_MAX,temp_max_c,31.1887,1.8241,27.16,36.17,30,36.17,32.7855
Uttar Pradesh,42137,Karnal,29.7,77.03,1996,2025,11,NOV,T2M_MIN,temp_min_c,8.7723,1.2933,7.08,11.33,30,7.08,26.2018
Uttar Pradesh,42137,Karnal,29.7,77.03,1996,2025,11,NOV,WS10M,wind_speed_ms,2.6177,0.3431,1.85,3.33,30,2.62,2.6891
Uttar Pradesh,42137,Karnal,29.7,77.03,1996,2025,12,DEC,ALLSKY_SFC_SW_DWN,solar_kwh_m2_day,10.9787,0.9273,8.61,12.93,30,10.98,14.5389
Uttar Pradesh,42137,Karnal,29.7,77.03,1996,2025,12,DEC,PRECTOTCORR,rainfall_mm,0.2717,0.359,0,1.41,30,0.27,6.7718
Uttar Pradesh,42137,Karnal,29.7,77.03,1996,2025,12,DEC,RH2M,humidity_pct,43.1797,10.8133,19.8,59.99,30,43.18,80.9364
Uttar Pradesh,42137,Karnal,29.7,77.03,1996,2025,12,DEC,T2M,temp_mean_c,14.62,1.1052,12.31,16.4,30,14.62,29.1682
Uttar Pradesh,42137,Karnal,29.7,77.03,1996,2025,12,DEC,T2M_MAX,temp_max_c,27.1633,1.4883,22.76,29.25,30,29.25,32.7855
Uttar Pradesh,42137,Karnal,29.7,77.03,1996,2025,12,DEC,T2M_MIN,temp_min_c,4.0773,1.6404,-0.03,7.15,30,-0.03,26.2018
Uttar Pradesh,42137,Karnal,29.7,77.03,1996,2025,12,DEC,WS10M,wind_speed_ms,2.8387,0.3714,2.1,3.49,30,2.84,2.6891
Uttar Pradesh,42567,Khajuraho,24.98,79.92,1996,2025,0,ANNUAL,ALLSKY_SFC_SW_DWN,solar_kwh_m2_day,18.7597,0.646,17.14,19.84,30,,13.9656
Uttar Pradesh,42567,Khajuraho,24.98,79.92,1996,2025,0,ANNUAL,PRECTOTCORR,rainfall_mm,2.6383,0.6052,1.52,4.28,30,,12.3609
Uttar Pradesh,42567,Khajuraho,24.98,79.92,1996,2025,0,ANNUAL,RH2M,humidity_pct,51.652,4.442,39.44,59.66,30,,84.3364
Uttar Pradesh,42567,Khajuraho,24.98,79.92,1996,2025,0,ANNUAL,T2M,temp_mean_c,26.109,0.5352,25.06,27,30,,28.4455
Uttar Pradesh,42567,Khajuraho,24.98,79.92,1996,2025,0,ANNUAL,T2M_MAX,temp_max_c,46.9263,1.1644,44.13,48.78,30,,31.8464
Uttar Pradesh,42567,Khajuraho,24.98,79.92,1996,2025,0,ANNUAL,T2M_MIN,temp_min_c,4.4527,1.3132,1.71,7.1,30,,25.6318
Uttar Pradesh,42567,Khajuraho,24.98,79.92,1996,2025,0,ANNUAL,WS10M,wind_speed_ms,2.945,0.1322,2.7,3.23,30,,2.5982
Uttar Pradesh,42567,Khajuraho,24.98,79.92,1996,2025,1,JAN,ALLSKY_SFC_SW_DWN,solar_kwh_m2_day,14.7277,1.4948,11.51,17.06,30,14.73,13.9656
Uttar Pradesh,42567,Khajuraho,24.98,79.92,1996,2025,1,JAN,PRECTOTCORR,rainfall_mm,0.501,0.632,0,2.58,30,0.5,12.3609
Uttar Pradesh,42567,Khajuraho,24.98,79.92,1996,2025,1,JAN,RH2M,humidity_pct,47.2297,13.5551,25.17,74.37,30,47.23,84.3364
Uttar Pradesh,42567,Khajuraho,24.98,79.92,1996,2025,1,JAN,T2M,temp_mean_c,16.091,1.2533,13.65,18.07,30,16.09,28.4455
Uttar Pradesh,42567,Khajuraho,24.98,79.92,1996,2025,1,JAN,T2M_MAX,temp_max_c,29.7867,2.4884,24.19,34.23,30,34.23,31.8464
Uttar Pradesh,42567,Khajuraho,24.98,79.92,1996,2025,1,JAN,T2M_MIN,temp_min_c,4.8693,1.3616,1.91,7.1,30,1.91,25.6318
Uttar Pradesh,42567,Khajuraho,24.98,79.92,1996,2025,1,JAN,WS10M,wind_speed_ms,2.4307,0.1551,2.14,2.87,30,2.43,2.5982
Uttar Pradesh,42567,Khajuraho,24.98,79.92,1996,2025,2,FEB,ALLSKY_SFC_SW_DWN,solar_kwh_m2_day,18.668,1.1687,16.27,20.61,30,18.67,13.9656
Uttar Pradesh,42567,Khajuraho,24.98,79.92,1996,2025,2,FEB,PRECTOTCORR,rainfall_mm,0.5403,0.7399,0,2.31,30,0.54,12.3609
Uttar Pradesh,42567,Khajuraho,24.98,79.92,1996,2025,2,FEB,RH2M,humidity_pct,38.7953,10.67,18.39,60.2,30,38.8,84.3364
Uttar Pradesh,42567,Khajuraho,24.98,79.92,1996,2025,2,FEB,T2M,temp_mean_c,20.1357,1.4548,16.93,24.08,30,20.14,28.4455
Uttar Pradesh,42567,Khajuraho,24.98,79.92,1996,2025,2,FEB,T2M_MAX,temp_max_c,34.8527,1.9068,29.82,38.33,30,38.33,31.8464
Uttar Pradesh,42567,Khajuraho,24.98,79.92,1996,2025,2,FEB,T2M_MIN,temp_min_c,7.2783,1.7298,4.1,10.24,30,4.1,25.6318
Uttar Pradesh,42567,Khajuraho,24.98,79.92,1996,2025,2,FEB,WS10M,wind_speed_ms,2.6913,0.1852,2.41,3.17,30,2.69,2.5982
Uttar Pradesh,42567,Khajuraho,24.98,79.92,1996,2025,3,MAR,ALLSKY_SFC_SW_DWN,solar_kwh_m2_day,22.3723,1.1155,19.14,24.13,30,22.37,13.9656
Uttar Pradesh,42567,Khajuraho,24.98,79.92,1996,2025,3,MAR,PRECTOTCORR,rainfall_mm,0.3493,0.4876,0,2.18,30,0.35,12.3609
Uttar Pradesh,42567,Khajuraho,24.98,79.92,1996,2025,3,MAR,RH2M,humidity_pct,27.8773,9.9509,13.39,48.92,30,27.88,84.3364
Uttar Pradesh,42567,Khajuraho,24.98,79.92,1996,2025,3,MAR,T2M,temp_mean_c,26.1557,1.5179,23.24,28.52,30,26.16,28.4455
Uttar Pradesh,42567,Khajuraho,24.98,79.92,1996,2025,3,MAR,T2M_MAX,temp_max_c,40.503,1.8158,36.98,43.64,30,43.64,31.8464
Uttar Pradesh,42567,Khajuraho,24.98,79.92,1996,2025,3,MAR,T2M_MIN,temp_min_c,12.1237,2.366,7.09,16.21,30,7.09,25.6318
Uttar Pradesh,42567,Khajuraho,24.98,79.92,1996,2025,3,MAR,WS10M,wind_speed_ms,2.901,0.2521,2.3,3.34,30,2.9,2.5982
Uttar Pradesh,42567,Khajuraho,24.98,79.92,1996,2025,4,APR,ALLSKY_SFC_SW_DWN,solar_kwh_m2_day,25.148,1.1322,21.69,26.68,30,25.15,13.9656
Uttar Pradesh,42567,Khajuraho,24.98,79.92,1996,2025,4,APR,PRECTOTCORR,rainfall_mm,0.2613,0.268,0,0.96,30,0.26,12.3609
Uttar Pradesh,42567,Khajuraho,24.98,79.92,1996,2025,4,APR,RH2M,humidity_pct,19.5243,6.2031,8.3,38.31,30,19.52,84.3364
Uttar Pradesh,42567,Khajuraho,24.98,79.92,1996,2025,4,APR,T2M,temp_mean_c,32.332,1.2604,29.77,34.9,30,32.33,28.4455
Uttar Pradesh,42567,Khajuraho,24.98,79.92,1996,2025,4,APR,T2M_MAX,temp_max_c,44.691,1.1686,42.02,46.92,30,46.92,31.8464
Uttar Pradesh,42567,Khajuraho,24.98,79.92,1996,2025,4,APR,T2M_MIN,temp_min_c,18.8837,1.9044,13.06,22.7,30,13.06,25.6318
Uttar Pradesh,42567,Khajuraho,24.98,79.92,1996,2025,4,APR,WS10M,wind_speed_ms,3.209,0.2988,2.59,3.85,30,3.21,2.5982
Uttar Pradesh,42567,Khajuraho,24.98,79.92,1996,2025,5,MAY,ALLSKY_SFC_SW_DWN,solar_kwh_m2_day,25.379,1.2108,21.25,27.44,30,25.38,13.9656
Uttar Pradesh,42567,Khajuraho,24.98,79.92,1996,2025,5,MAY,PRECTOTCORR,rainfall_mm,0.797,0.9741,0.03,4.96,30,0.8,12.3609
Uttar Pradesh,42567,Khajuraho,24.98,79.92,1996,2025,5,MAY,RH2M,humidity_pct,23.1073,5.9612,13.78,37.57,30,23.11,84.3364
Uttar Pradesh,42567,Khajuraho,24.98,79.92,1996,2025,5,MAY,T2M,temp_mean_c,35.9497,1.201,32.91,37.67,30,35.95,28.4455
Uttar Pradesh,42567,Khajuraho,24.98,79.92,1996,2025,5,MAY,T2M_MAX,temp_max_c,46.5443,1.187,43.15,48.25,30,48.25,31.8464
Uttar Pradesh,42567,Khajuraho,24.98,79.92,1996,2025,5,MAY,T2M_MIN,temp_min_c,24.1943,1.9229,19.83,26.58,30,19.83,25.6318
Uttar Pradesh,42567,Khajuraho,24.98,79.92,1996,2025,5,MAY,WS10M,wind_speed_ms,3.6417,0.3834,3.08,4.55,30,3.64,2.5982
Uttar Pradesh,42567,Khajuraho,24.98,79.92,1996,2025,6,JUN,ALLSKY_SFC_SW_DWN,solar_kwh_m2_day,21.0903,1.9823,16.89,25.02,30,21.09,13.9656
Uttar Pradesh,42567,Khajuraho,24.98,79.92,1996,2025,6,JUN,PRECTOTCORR,rainfall_mm,3.8927,2.4003,1.07,9.37,30,3.89,12.3609
Uttar Pradesh,42567,Khajuraho,24.98,79.92,1996,2025,6,JUN,RH2M,humidity_pct,43.912,10.1406,26.31,65.83,30,43.91,84.3364
Uttar Pradesh,42567,Khajuraho,24.98,79.92,1996,2025,6,JUN,T2M,temp_mean_c,34.8273,1.8226,31.04,37.36,30,34.83,28.4455
Uttar Pradesh,42567,Khajuraho,24.98,79.92,1996,2025,6,JUN,T2M_MAX,temp_max_c,45.8317,1.8361,41.27,48.78,30,48.78,31.8464
Uttar Pradesh,42567,Khajuraho,24.98,79.92,1996,2025,6,JUN,T2M_MIN,temp_min_c,25.9313,1.3242,21.14,27.81,30,21.14,25.6318
Uttar Pradesh,42567,Khajuraho,24.98,79.92,1996,2025,6,JUN,WS10M,wind_speed_ms,4.0487,0.574,3.09,5.77,30,4.05,2.5982
Uttar Pradesh,42567,Khajuraho,24.98,79.92,1996,2025,7,JUL,ALLSKY_SFC_SW_DWN,solar_kwh_m2_day,16.1667,1.7458,12.78,19.7,30,16.17,13.9656
Uttar Pradesh,42567,Khajuraho,24.98,79.92,1996,2025,7,JUL,PRECTOTCORR,rainfall_mm,9.6243,4.5482,3.49,22.35,30,9.62,12.3609
Uttar Pradesh,42567,Khajuraho,24.98,79.92,1996,2025,7,JUL,RH2M,humidity_pct,74.9483,7.6835,49.12,85.9,30,74.95,84.3364
Uttar Pradesh,42567,Khajuraho,24.98,79.92,1996,2025,7,JUL,T2M,temp_mean_c,29.9003,1.2204,27.99,33.83,30,29.9,28.4455
Uttar Pradesh,42567,Khajuraho,24.98,79.92,1996,2025,7,JUL,T2M_MAX,temp_max_c,38.6947,3.2417,33.23,45.68,30,45.68,31.8464
Uttar Pradesh,42567,Khajuraho,24.98,79.92,1996,2025,7,JUL,T2M_MIN,temp_min_c,24.397,0.6793,22.72,25.52,30,22.72,25.6318
Uttar Pradesh,42567,Khajuraho,24.98,79.92,1996,2025,7,JUL,WS10M,wind_speed_ms,3.6003,0.5209,2.69,5.18,30,3.6,2.5982
Uttar Pradesh,42567,Khajuraho,24.98,79.92,1996,2025,8,AUG,ALLSKY_SFC_SW_DWN,solar_kwh_m2_day,15.4543,1.5026,13.19,17.75,30,15.45,13.9656
Uttar Pradesh,42567,Khajuraho,24.98,79.92,1996,2025,8,AUG,PRECTOTCORR,rainfall_mm,8.6513,3.0446,3.04,16.35,30,8.65,12.3609
Uttar Pradesh,42567,Khajuraho,24.98,79.92,1996,2025,8,AUG,RH2M,humidity_pct,83.6597,3.5766,70.87,88.51,30,83.66,84.3364
Uttar Pradesh,42567,Khajuraho,24.98,79.92,1996,2025,8,AUG,T2M,temp_mean_c,28.1273,0.5549,27.37,30.03,30,28.13,28.4455
Uttar Pradesh,42567,Khajuraho,24.98,79.92,1996,2025,8,AUG,T2M_MAX,temp_max_c,34.2303,1.7933,32.05,39.05,30,39.05,31.8464
Uttar Pradesh,42567,Khajuraho,24.98,79.92,1996,2025,8,AUG,T2M_MIN,temp_min_c,23.6553,0.58,21.8,24.56,30,21.8,25.6318
Uttar Pradesh,42567,Khajuraho,24.98,79.92,1996,2025,8,AUG,WS10M,wind_speed_ms,3.2707,0.4553,2.46,4.35,30,3.27,2.5982
Uttar Pradesh,42567,Khajuraho,24.98,79.92,1996,2025,9,SEP,ALLSKY_SFC_SW_DWN,solar_kwh_m2_day,17.5553,2.1184,11.14,21.21,30,17.56,13.9656
Uttar Pradesh,42567,Khajuraho,24.98,79.92,1996,2025,9,SEP,PRECTOTCORR,rainfall_mm,5.338,2.9522,0.98,16.23,30,5.34,12.3609
Uttar Pradesh,42567,Khajuraho,24.98,79.92,1996,2025,9,SEP,RH2M,humidity_pct,82.4233,4.4928,72.58,91.29,30,82.42,84.3364
Uttar Pradesh,42567,Khajuraho,24.98,79.92,1996,2025,9,SEP,T2M,temp_mean_c,27.1747,0.4785,26.14,27.81,30,27.17,28.4455
Uttar Pradesh,42567,Khajuraho,24.98,79.92,1996,2025,9,SEP,T2M_MAX,temp_max_c,33.409,1.2436,30.81,36.79,30,36.79,31.8464
Uttar Pradesh,42567,Khajuraho,24.98,79.92,1996,2025,9,SEP,T2M_MIN,temp_min_c,20.9953,1.3731,18.71,23.47,30,18.71,25.6318
Uttar Pradesh,42567,Khajuraho,24.98,79.92,1996,2025,9,SEP,WS10M,wind_speed_ms,2.839,0.3346,2.42,3.78,30,2.84,2.5982
Uttar Pradesh,42567,Khajuraho,24.98,79.92,1996,2025,10,OCT,ALLSKY_SFC_SW_DWN,solar_kwh_m2_day,18.4777,1.2314,14.71,20.45,30,18.48,13.9656
Uttar Pradesh,42567,Khajuraho,24.98,79.92,1996,2025,10,OCT,PRECTOTCORR,rainfall_mm,1.041,1.2237,0.01,4.57,30,1.04,12.3609
Uttar Pradesh,42567,Khajuraho,24.98,79.92,1996,2025,10,OCT,RH2M,humidity_pct,68.382,8.9701,44.15,80.45,30,68.38,84.3364
Uttar Pradesh,42567,Khajuraho,24.98,79.92,1996,2025,10,OCT,T2M,temp_mean_c,24.869,1.1135,23.24,27.43,30,24.87,28.4455
Uttar Pradesh,42567,Khajuraho,24.98,79.92,1996,2025,10,OCT,T2M_MAX,temp_max_c,33.151,2.1725,30.55,38.79,30,38.79,31.8464
Uttar Pradesh,42567,Khajuraho,24.98,79.92,1996,2025,10,OCT,T2M_MIN,temp_min_c,15.0697,1.3412,12.7,18.21,30,12.7,25.6318
Uttar Pradesh,42567,Khajuraho,24.98,79.92,1996,2025,10,OCT,WS10M,wind_speed_ms,2.2547,0.2524,1.81,2.9,30,2.25,2.5982
Uttar Pradesh,42567,Khajuraho,24.98,79.92,1996,2025,11,NOV,ALLSKY_SFC_SW_DWN,solar_kwh_m2_day,15.941,1.1753,13.67,18.17,30,15.94,13.9656
Uttar Pradesh,42567,Khajuraho,24.98,79.92,1996,2025,11,NOV,PRECTOTCORR,rainfall_mm,0.207,0.4148,0,1.61,30,0.21,12.3609
Uttar Pradesh,42567,Khajuraho,24.98,79.92,1996,2025,11,NOV,RH2M,humidity_pct,56.892,11.1934,29.06,78.02,30,56.89,84.3364
Uttar Pradesh,42567,Khajuraho,24.98,79.92,1996,2025,11,NOV,T2M,temp_mean_c,20.7223,1.3695,17.86,23.87,30,20.72,28.4455
Uttar Pradesh,42567,Khajuraho,24.98,79.92,1996,2025,11,NOV,T2M_MAX,temp_max_c,31.036,1.7108,28.21,34.98,30,34.98,31.8464
Uttar Pradesh,42567,Khajuraho,24.98,79.92,1996,2025,11,NOV,T2M_MIN,temp_min_c,10.475,1.3309,7.86,13.81,30,7.86,25.6318
Uttar Pradesh,42567,Khajuraho,24.98,79.92,1996,2025,11,NOV,WS10M,wind_speed_ms,2.1783,0.2192,1.71,2.68,30,2.18,2.5982
Uttar Pradesh,42567,Khajuraho,24.98,79.92,1996,2025,12,DEC,ALLSKY_SFC_SW_DWN,solar_kwh_m2_day,14.2867,1.3036,10.71,16.81,30,14.29,13.9656
Uttar Pradesh,42567,Khajuraho,24.98,79.92,1996,2025,12,DEC,PRECTOTCORR,rainfall_mm,0.247,0.4579,0,2.32,30,0.25,12.3609
Uttar Pradesh,42567,Khajuraho,24.98,79.92,1996,2025,12,DEC,RH2M,humidity_pct,51.826,14.1319,21.55,79,30,51.83,84.3364
Uttar Pradesh,42567,Khajuraho,24.98,79.92,1996,2025,12,DEC,T2M,temp_mean_c,16.8463,1.2413,14.14,19.6,30,16.85,28.4455
Uttar Pradesh,42567,Khajuraho,24.98,79.92,1996,2025,12,DEC,T2M_MAX,temp_max_c,28.5843,1.9413,24.39,32.42,30,32.42,31.8464
Uttar Pradesh,42567,Khajuraho,24.98,79.92,1996,2025,12,DEC,T2M_MIN,temp_min_c,6.2247,1.783,1.71,9.02,30,1.71,25.6318
Uttar Pradesh,42567,Khajuraho,24.98,79.92,1996,2025,12,DEC,WS10M,wind_speed_ms,2.2627,0.1476,1.99,2.58,30,2.26,2.5982
Uttar Pradesh,42270,Lakhimpur Kheri,27.9,80.8,1996,2025,0,ANNUAL,ALLSKY_SFC_SW_DWN,solar_kwh_m2_day,17.671,0.6039,16.65,18.68,30,,15.9167
Uttar Pradesh,42270,Lakhimpur Kheri,27.9,80.8,1996,2025,0,ANNUAL,PRECTOTCORR,rainfall_mm,2.9967,0.7015,1.61,4.38,30,,10.0091
Uttar Pradesh,42270,Lakhimpur Kheri,27.9,80.8,1996,2025,0,ANNUAL,RH2M,humidity_pct,52.598,5.9559,40.28,62.07,30,,85.2591
Uttar Pradesh,42270,Lakhimpur Kheri,27.9,80.8,1996,2025,0,ANNUAL,T2M,temp_mean_c,25.4753,0.5688,24.48,26.73,30,,29.2191
Uttar Pradesh,42270,Lakhimpur Kheri,27.9,80.8,1996,2025,0,ANNUAL,T2M_MAX,temp_max_c,46.542,1.2904,43.79,49,30,,32.8655
Uttar Pradesh,42270,Lakhimpur Kheri,27.9,80.8,1996,2025,0,ANNUAL,T2M_MIN,temp_min_c,3.5113,1.0479,0.9,5.24,30,,26.5582
Uttar Pradesh,42270,Lakhimpur Kheri,27.9,80.8,1996,2025,0,ANNUAL,WS10M,wind_speed_ms,2.791,0.1378,2.44,3.15,30,,3.1918
Uttar Pradesh,42270,Lakhimpur Kheri,27.9,80.8,1996,2025,1,JAN,ALLSKY_SFC_SW_DWN,solar_kwh_m2_day,11.0553,1.6846,7.46,14.06,30,11.06,15.9167
Uttar Pradesh,42270,Lakhimpur Kheri,27.9,80.8,1996,2025,1,JAN,PRECTOTCORR,rainfall_mm,0.6687,0.6199,0,2.11,30,0.67,10.0091
Uttar Pradesh,42270,Lakhimpur Kheri,27.9,80.8,1996,2025,1,JAN,RH2M,humidity_pct,50.2177,11.3359,30.53,77.07,30,50.22,85.2591
Uttar Pradesh,42270,Lakhimpur Kheri,27.9,80.8,1996,2025,1,JAN,T2M,temp_mean_c,14.515,1.023,12.27,16.49,30,14.51,29.2191
Uttar Pradesh,42270,Lakhimpur Kheri,27.9,80.8,1996,2025,1,JAN,T2M_MAX,temp_max_c,26.9537,2.334,22.55,32.24,30,32.24,32.8655
Uttar Pradesh,42270,Lakhimpur Kheri,27.9,80.8,1996,2025,1,JAN,T2M_MIN,temp_min_c,3.99,1.255,0.9,7.2,30,0.9,26.5582
Uttar Pradesh,42270,Lakhimpur Kheri,27.9,80.8,1996,2025,1,JAN,WS10M,wind_speed_ms,2.667,0.2541,2.09,3.09,30,2.67,3.1918
Uttar Pradesh,42270,Lakhimpur Kheri,27.9,80.8,1996,2025,2,FEB,ALLSKY_SFC_SW_DWN,solar_kwh_m2_day,16.2947,1.1609,13.41,18.11,30,16.29,15.9167
Uttar Pradesh,42270,Lakhimpur Kheri,27.9,80.8,1996,2025,2,FEB,PRECTOTCORR,rainfall_mm,1.0027,1.4215,0,6.42,30,1,10.0091
Uttar Pradesh,42270,Lakhimpur Kheri,27.9,80.8,1996,2025,2,FEB,RH2M,humidity_pct,43.8133,11.1041,25.48,69.5,30,43.81,85.2591
Uttar Pradesh,42270,Lakhimpur Kheri,27.9,80.8,1996,2025,2,FEB,T2M,temp_mean_c,18.3343,1.3956,15.16,21.32,30,18.33,29.2191
Uttar Pradesh,42270,Lakhimpur Kheri,27.9,80.8,1996,2025,2,FEB,T2M_MAX,temp_max_c,32.1267,2.1579,27.18,37.27,30,37.27,32.8655
Uttar Pradesh,42270,Lakhimpur Kheri,27.9,80.8,1996,2025,2,FEB,T2M_MIN,temp_min_c,6.4237,1.5908,3.36,9.3,30,3.36,26.5582
Uttar Pradesh,42270,Lakhimpur Kheri,27.9,80.8,1996,2025,2,FEB,WS10M,wind_speed_ms,3.0233,0.2617,2.54,3.64,30,3.02,3.1918
Uttar Pradesh,42270,Lakhimpur Kheri,27.9,80.8,1996,2025,3,MAR,ALLSKY_SFC_SW_DWN,solar_kwh_m2_day,20.9113,1.0577,18.51,23.23,30,20.91,15.9167
Uttar Pradesh,42270,Lakhimpur Kheri,27.9,80.8,1996,2025,3,MAR,PRECTOTCORR,rainfall_mm,0.5513,0.8395,0,3.57,30,0.55,10.0091
Uttar Pradesh,42270,Lakhimpur Kheri,27.9,80.8,1996,2025,3,MAR,RH2M,humidity_pct,33.4527,11.3675,16.25,60.87,30,33.45,85.2591
Uttar Pradesh,42270,Lakhimpur Kheri,27.9,80.8,1996,2025,3,MAR,T2M,temp_mean_c,24.3923,1.4331,21.75,27.01,30,24.39,29.2191
Uttar Pradesh,42270,Lakhimpur Kheri,27.9,80.8,1996,2025,3,MAR,T2M_MAX,temp_max_c,38.8653,2.1251,35.17,43.18,30,43.18,32.8655
Uttar Pradesh,42270,Lakhimpur Kheri,27.9,80.8,1996,2025,3,MAR,T2M_MIN,temp_min_c,10.737,2.2086,6.38,15.13,30,6.38,26.5582
Uttar Pradesh,42270,Lakhimpur Kheri,27.9,80.8,1996,2025,3,MAR,WS10M,wind_speed_ms,3.3267,0.3587,2.73,4.19,30,3.33,3.1918
Uttar Pradesh,42270,Lakhimpur Kheri,27.9,80.8,1996,2025,4,APR,ALLSKY_SFC_SW_DWN,solar_kwh_m2_day,23.8573,0.849,22.42,25.27,30,23.86,15.9167
Uttar Pradesh,42270,Lakhimpur Kheri,27.9,80.8,1996,2025,4,APR,PRECTOTCORR,rainfall_mm,0.535,0.6187,0,2.92,30,0.53,10.0091
Uttar Pradesh,42270,Lakhimpur Kheri,27.9,80.8,1996,2025,4,APR,RH2M,humidity_pct,23.6193,8.3766,8.3,43.63,30,23.62,85.2591
Uttar Pradesh,42270,Lakhimpur Kheri,27.9,80.8,1996,2025,4,APR,T2M,temp_mean_c,30.829,1.3719,28.13,33.34,30,30.83,29.2191
Uttar Pradesh,42270,Lakhimpur Kheri,27.9,80.8,1996,2025,4,APR,T2M_MAX,temp_max_c,43.7987,1.5511,40.49,46.89,30,46.89,32.8655
Uttar Pradesh,42270,Lakhimpur Kheri,27.9,80.8,1996,2025,4,APR,T2M_MIN,temp_min_c,17.4673,1.8661,12.5,21.2,30,12.5,26.5582
Uttar Pradesh,42270,Lakhimpur Kheri,27.9,80.8,1996,2025,4,APR,WS10M,wind_speed_ms,3.444,0.4184,2.86,4.5,30,3.44,3.1918
Uttar Pradesh,42270,Lakhimpur Kheri,27.9,80.8,1996,2025,5,MAY,ALLSKY_SFC_SW_DWN,solar_kwh_m2_day,24.127,1.3114,20.3,25.82,30,24.13,15.9167
Uttar Pradesh,42270,Lakhimpur Kheri,27.9,80.8,1996,2025,5,MAY,PRECTOTCORR,rainfall_mm,1.4897,1.2025,0.09,5.33,30,1.49,10.0091
Uttar Pradesh,42270,Lakhimpur Kheri,27.9,80.8,1996,2025,5,MAY,RH2M,humidity_pct,27.6263,8.0218,15.57,46.26,30,27.63,85.2591
Uttar Pradesh,42270,Lakhimpur Kheri,27.9,80.8,1996,2025,5,MAY,T2M,temp_mean_c,34.34,1.3204,30.97,35.91,30,34.34,29.2191
Uttar Pradesh,42270,Lakhimpur Kheri,27.9,80.8,1996,2025,5,MAY,T2M_MAX,temp_max_c,45.864,1.4259,42.37,48.4,30,48.4,32.8655
Uttar Pradesh,42270,Lakhimpur Kheri,27.9,80.8,1996,2025,5,MAY,T2M_MIN,temp_min_c,22.868,2.02,17.65,25.57,30,17.65,26.5582
Uttar Pradesh,42270,Lakhimpur Kheri,27.9,80.8,1996,2025,5,MAY,WS10M,wind_speed_ms,3.2353,0.3707,2.61,4.1,30,3.24,3.1918
Uttar Pradesh,42270,Lakhimpur Kheri,27.9,80.8,1996,2025,6,JUN,ALLSKY_SFC_SW_DWN,solar_kwh_m2_day,21.5657,2.0269,17.16,24.81,30,21.57,15.9167
Uttar Pradesh,42270,Lakhimpur Kheri,27.9,80.8,1996,2025,6,JUN,PRECTOTCORR,rainfall_mm,4.9613,3.5163,0.73,14.56,30,4.96,10.0091
Uttar Pradesh,42270,Lakhimpur Kheri,27.9,80.8,1996,2025,6,JUN,RH2M,humidity_pct,42.638,12.1982,23.57,69.16,30,42.64,85.2591
Uttar Pradesh,42270,Lakhimpur Kheri,27.9,80.8,1996,2025,6,JUN,T2M,temp_mean_c,34.8327,2.0156,30.73,38.06,30,34.83,29.2191
Uttar Pradesh,42270,Lakhimpur Kheri,27.9,80.8,1996,2025,6,JUN,T2M_MAX,temp_max_c,45.438,2.2422,40.97,49,30,49,32.8655
Uttar Pradesh,42270,Lakhimpur Kheri,27.9,80.8,1996,2025,6,JUN,T2M_MIN,temp_min_c,25.852,1.2891,23.44,28.64,30,23.44,26.5582
Uttar Pradesh,42270,Lakhimpur Kheri,27.9,80.8,1996,2025,6,JUN,WS10M,wind_speed_ms,3.3237,0.4928,2.35,4.39,30,3.32,3.1918
Uttar Pradesh,42270,Lakhimpur Kheri,27.9,80.8,1996,2025,7,JUL,ALLSKY_SFC_SW_DWN,solar_kwh_m2_day,17.4373,1.2897,14.93,20.46,30,17.44,15.9167
Uttar Pradesh,42270,Lakhimpur Kheri,27.9,80.8,1996,2025,7,JUL,PRECTOTCORR,rainfall_mm,10.674,4.2217,2.58,18.6,30,10.67,10.0091
Uttar Pradesh,42270,Lakhimpur Kheri,27.9,80.8,1996,2025,7,JUL,RH2M,humidity_pct,72.8747,10.5378,35.26,85.88,30,72.87,85.2591
Uttar Pradesh,42270,Lakhimpur Kheri,27.9,80.8,1996,2025,7,JUL,T2M,temp_mean_c,30.8897,1.6412,28.76,36.99,30,30.89,29.2191
Uttar Pradesh,42270,Lakhimpur Kheri,27.9,80.8,1996,2025,7,JUL,T2M_MAX,temp_max_c,39.6413,2.9413,33.99,45.34,30,45.34,32.8655
Uttar Pradesh,42270,Lakhimpur Kheri,27.9,80.8,1996,2025,7,JUL,T2M_MIN,temp_min_c,25.1613,0.6558,24.21,26.92,30,24.21,26.5582
Uttar Pradesh,42270,Lakhimpur Kheri,27.9,80.8,1996,2025,7,JUL,WS10M,wind_speed_ms,3.021,0.3638,2.37,3.93,30,3.02,3.1918
Uttar Pradesh,42270,Lakhimpur Kheri,27.9,80.8,1996,2025,8,AUG,ALLSKY_SFC_SW_DWN,solar_kwh_m2_day,17.3603,1.6848,13.74,20.29,30,17.36,15.9167
Uttar Pradesh,42270,Lakhimpur Kheri,27.9,80.8,1996,2025,8,AUG,PRECTOTCORR,rainfall_mm,8.5913,3.3289,3.05,16.8,30,8.59,10.0091
Uttar Pradesh,42270,Lakhimpur Kheri,27.9,80.8,1996,2025,8,AUG,RH2M,humidity_pct,81.162,6.5924,64.61,88.4,30,81.16,85.2591
Uttar Pradesh,42270,Lakhimpur Kheri,27.9,80.8,1996,2025,8,AUG,T2M,temp_mean_c,29.225,0.8352,28.11,31.04,30,29.22,29.2191
Uttar Pradesh,42270,Lakhimpur Kheri,27.9,80.8,1996,2025,8,AUG,T2M_MAX,temp_max_c,35.7003,2.0967,32.97,41.43,30,41.43,32.8655
Uttar Pradesh,42270,Lakhimpur Kheri,27.9,80.8,1996,2025,8,AUG,T2M_MIN,temp_min_c,24.3973,0.5626,23.13,25.36,30,23.13,26.5582
Uttar Pradesh,42270,Lakhimpur Kheri,27.9,80.8,1996,2025,8,AUG,WS10M,wind_speed_ms,2.7173,0.3019,2.18,3.42,30,2.72,3.1918
Uttar Pradesh,42270,Lakhimpur Kheri,27.9,80.8,1996,2025,9,SEP,ALLSKY_SFC_SW_DWN,solar_kwh_m2_day,17.285,1.5382,13.63,20.03,30,17.28,15.9167
Uttar Pradesh,42270,Lakhimpur Kheri,27.9,80.8,1996,2025,9,SEP,PRECTOTCORR,rainfall_mm,5.606,2.7079,1.4,12.76,30,5.61,10.0091
Uttar Pradesh,42270,Lakhimpur Kheri,27.9,80.8,1996,2025,9,SEP,RH2M,humidity_pct,80.0707,7.5969,60.09,89.19,30,80.07,85.2591
Uttar Pradesh,42270,Lakhimpur Kheri,27.9,80.8,1996,2025,9,SEP,T2M,temp_mean_c,27.8803,0.7941,26.51,29.63,30,27.88,29.2191
Uttar Pradesh,42270,Lakhimpur Kheri,27.9,80.8,1996,2025,9,SEP,T2M_MAX,temp_max_c,34.5073,1.807,32.31,38.01,30,38.01,32.8655
Uttar Pradesh,42270,Lakhimpur Kheri,27.9,80.8,1996,2025,9,SEP,T2M_MIN,temp_min_c,21.2317,1.3745,18.46,23.6,30,18.46,26.5582
Uttar Pradesh,42270,Lakhimpur Kheri,27.9,80.8,1996,2025,9,SEP,WS10M,wind_speed_ms,2.4007,0.339,1.64,3.02,30,2.4,3.1918
Uttar Pradesh,42270,Lakhimpur Kheri,27.9,80.8,1996,2025,10,OCT,ALLSKY_SFC_SW_DWN,solar_kwh_m2_day,17.0393,1.0294,14.74,18.92,30,17.04,15.9167
Uttar Pradesh,42270,Lakhimpur Kheri,27.9,80.8,1996,2025,10,OCT,PRECTOTCORR,rainfall_mm,1.2777,1.8226,0,8.32,30,1.28,10.0091
Uttar Pradesh,42270,Lakhimpur Kheri,27.9,80.8,1996,2025,10,OCT,RH2M,humidity_pct,66.1987,11.4008,46.02,81.98,30,66.2,85.2591
Uttar Pradesh,42270,Lakhimpur Kheri,27.9,80.8,1996,2025,10,OCT,T2M,temp_mean_c,24.7817,1.2033,22.17,27.09,30,24.78,29.2191
Uttar Pradesh,42270,Lakhimpur Kheri,27.9,80.8,1996,2025,10,OCT,T2M_MAX,temp_max_c,33.398,1.9324,30.65,37.08,30,37.08,32.8655
Uttar Pradesh,42270,Lakhimpur Kheri,27.9,80.8,1996,2025,10,OCT,T2M_MIN,temp_min_c,15.0423,1.3471,11.65,17.56,30,11.65,26.5582
Uttar Pradesh,42270,Lakhimpur Kheri,27.9,80.8,1996,2025,10,OCT,WS10M,wind_speed_ms,1.9213,0.2556,1.47,2.46,30,1.92,3.1918
Uttar Pradesh,42270,Lakhimpur Kheri,27.9,80.8,1996,2025,11,NOV,ALLSKY_SFC_SW_DWN,solar_kwh_m2_day,13.876,0.9559,12.31,16.1,30,13.88,15.9167
Uttar Pradesh,42270,Lakhimpur Kheri,27.9,80.8,1996,2025,11,NOV,PRECTOTCORR,rainfall_mm,0.1103,0.2054,0,0.92,30,0.11,10.0091
Uttar Pradesh,42270,Lakhimpur Kheri,27.9,80.8,1996,2025,11,NOV,RH2M,humidity_pct,56.5453,13.0732,34.4,78.08,30,56.55,85.2591
Uttar Pradesh,42270,Lakhimpur Kheri,27.9,80.8,1996,2025,11,NOV,T2M,temp_mean_c,19.8987,1.3597,16.94,22.71,30,19.9,29.2191
Uttar Pradesh,42270,Lakhimpur Kheri,27.9,80.8,1996,2025,11,NOV,T2M_MAX,temp_max_c,30.6343,1.9712,27.13,34.48,30,34.48,32.8655
Uttar Pradesh,42270,Lakhimpur Kheri,27.9,80.8,1996,2025,11,NOV,T2M_MIN,temp_min_c,9.836,1.4369,7.56,13.17,30,7.56,26.5582
Uttar Pradesh,42270,Lakhimpur Kheri,27.9,80.8,1996,2025,11,NOV,WS10M,wind_speed_ms,2.1393,0.3535,1.51,3.11,30,2.14,3.1918
Uttar Pradesh,42270,Lakhimpur Kheri,27.9,80.8,1996,2025,12,DEC,ALLSKY_SFC_SW_DWN,solar_kwh_m2_day,11.3157,1.1092,9.12,13.6,30,11.32,15.9167
Uttar Pradesh,42270,Lakhimpur Kheri,27.9,80.8,1996,2025,12,DEC,PRECTOTCORR,rainfall_mm,0.2887,0.5185,0,2.2,30,0.29,10.0091
Uttar Pradesh,42270,Lakhimpur Kheri,27.9,80.8,1996,2025,12,DEC,RH2M,humidity_pct,51.96,11.7727,32.47,69.87,30,51.96,85.2591
Uttar Pradesh,42270,Lakhimpur Kheri,27.9,80.8,1996,2025,12,DEC,T2M,temp_mean_c,15.5317,1.0073,13.74,17.15,30,15.53,29.2191
Uttar Pradesh,42270,Lakhimpur Kheri,27.9,80.8,1996,2025,12,DEC,T2M_MAX,temp_max_c,27.555,1.6838,25.23,31.59,30,31.59,32.8655
Uttar Pradesh,42270,Lakhimpur Kheri,27.9,80.8,1996,2025,12,DEC,T2M_MIN,temp_min_c,4.959,1.5512,1.34,7.98,30,1.34,26.5582
Uttar Pradesh,42270,Lakhimpur Kheri,27.9,80.8,1996,2025,12,DEC,WS10M,wind_speed_ms,2.2963,0.3449,1.83,3.17,30,2.3,3.1918
Uttar Pradesh,42369,Lucknow-Airport,26.75,80.88,1996,2025,0,ANNUAL,ALLSKY_SFC_SW_DWN,solar_kwh_m2_day,17.4927,0.6732,16.2,18.57,30,,13.7611
Uttar Pradesh,42369,Lucknow-Airport,26.75,80.88,1996,2025,0,ANNUAL,PRECTOTCORR,rainfall_mm,2.4893,0.4977,1.72,4.12,30,,9.5855
Uttar Pradesh,42369,Lucknow-Airport,26.75,80.88,1996,2025,0,ANNUAL,RH2M,humidity_pct,50.701,4.9817,41.34,57.87,30,,84.2282
Uttar Pradesh,42369,Lucknow-Airport,26.75,80.88,1996,2025,0,ANNUAL,T2M,temp_mean_c,25.9337,0.5235,24.98,26.96,30,,29.3264
Uttar Pradesh,42369,Lucknow-Airport,26.75,80.88,1996,2025,0,ANNUAL,T2M_MAX,temp_max_c,47.09,1.1276,44.02,49.37,30,,32.8691
Uttar Pradesh,42369,Lucknow-Airport,26.75,80.88,1996,2025,0,ANNUAL,T2M_MIN,temp_min_c,3.514,1.1864,1.01,5.7,30,,26.5536
Uttar Pradesh,42369,Lucknow-Airport,26.75,80.88,1996,2025,0,ANNUAL,WS10M,wind_speed_ms,2.95,0.1296,2.62,3.24,30,,3.0418
Uttar Pradesh,42369,Lucknow-Airport,26.75,80.88,1996,2025,1,JAN,ALLSKY_SFC_SW_DWN,solar_kwh_m2_day,11.039,1.7155,7.12,14.54,30,11.04,13.7611
Uttar Pradesh,42369,Lucknow-Airport,26.75,80.88,1996,2025,1,JAN,PRECTOTCORR,rainfall_mm,0.5797,0.6131,0,2.26,30,0.58,9.5855
Uttar Pradesh,42369,Lucknow-Airport,26.75,80.88,1996,2025,1,JAN,RH2M,humidity_pct,47.574,11.7575,29.11,74.14,30,47.57,84.2282
Uttar Pradesh,42369,Lucknow-Airport,26.75,80.88,1996,2025,1,JAN,T2M,temp_mean_c,14.7983,1.1159,12.69,17.07,30,14.8,29.3264
Uttar Pradesh,42369,Lucknow-Airport,26.75,80.88,1996,2025,1,JAN,T2M_MAX,temp_max_c,27.4393,2.3035,23.13,31.67,30,31.67,32.8691
Uttar Pradesh,42369,Lucknow-Airport,26.75,80.88,1996,2025,1,JAN,T2M_MIN,temp_min_c,4.0333,1.2164,1.38,6.91,30,1.38,26.5536
Uttar Pradesh,42369,Lucknow-Airport,26.75,80.88,1996,2025,1,JAN,WS10M,wind_speed_ms,2.7323,0.2635,2.13,3.16,30,2.73,3.0418
Uttar Pradesh,42369,Lucknow-Airport,26.75,80.88,1996,2025,2,FEB,ALLSKY_SFC_SW_DWN,solar_kwh_m2_day,16.3507,1.2255,14,18.32,30,16.35,13.7611
Uttar Pradesh,42369,Lucknow-Airport,26.75,80.88,1996,2025,2,FEB,PRECTOTCORR,rainfall_mm,0.756,1.289,0,6.17,30,0.76,9.5855
Uttar Pradesh,42369,Lucknow-Airport,26.75,80.88,1996,2025,2,FEB,RH2M,humidity_pct,40.6843,10.7485,23.23,61.6,30,40.68,84.2282
Uttar Pradesh,42369,Lucknow-Airport,26.75,80.88,1996,2025,2,FEB,T2M,temp_mean_c,18.8053,1.4869,15.91,22.77,30,18.81,29.3264
Uttar Pradesh,42369,Lucknow-Airport,26.75,80.88,1996,2025,2,FEB,T2M_MAX,temp_max_c,32.832,2.2774,27.86,37.7,30,37.7,32.8691
Uttar Pradesh,42369,Lucknow-Airport,26.75,80.88,1996,2025,2,FEB,T2M_MIN,temp_min_c,6.4353,1.6513,2.6,9.79,30,2.6,26.5536
Uttar Pradesh,42369,Lucknow-Airport,26.75,80.88,1996,2025,2,FEB,WS10M,wind_speed_ms,3.0707,0.2581,2.61,3.67,30,3.07,3.0418
Uttar Pradesh,42369,Lucknow-Airport,26.75,80.88,1996,2025,3,MAR,ALLSKY_SFC_SW_DWN,solar_kwh_m2_day,21.05,1.0189,18.29,23.05,30,21.05,13.7611
Uttar Pradesh,42369,Lucknow-Airport,26.75,80.88,1996,2025,3,MAR,PRECTOTCORR,rainfall_mm,0.3473,0.5366,0,2.4,30,0.35,9.5855
Uttar Pradesh,42369,Lucknow-Airport,26.75,80.88,1996,2025,3,MAR,RH2M,humidity_pct,30.054,9.7766,14.95,54.22,30,30.05,84.2282
Uttar Pradesh,42369,Lucknow-Airport,26.75,80.88,1996,2025,3,MAR,T2M,temp_mean_c,25.143,1.3922,22.43,27.62,30,25.14,29.3264
Uttar Pradesh,42369,Lucknow-Airport,26.75,80.88,1996,2025,3,MAR,T2M_MAX,temp_max_c,39.755,2.046,35.74,43.87,30,43.87,32.8691
Uttar Pradesh,42369,Lucknow-Airport,26.75,80.88,1996,2025,3,MAR,T2M_MIN,temp_min_c,11.041,2.0782,7.89,15.76,30,7.89,26.5536
Uttar Pradesh,42369,Lucknow-Airport,26.75,80.88,1996,2025,3,MAR,WS10M,wind_speed_ms,3.327,0.3378,2.73,4.15,30,3.33,3.0418
Uttar Pradesh,42369,Lucknow-Airport,26.75,80.88,1996,2025,4,APR,ALLSKY_SFC_SW_DWN,solar_kwh_m2_day,23.8897,0.8771,22.04,25.33,30,23.89,13.7611
Uttar Pradesh,42369,Lucknow-Airport,26.75,80.88,1996,2025,4,APR,PRECTOTCORR,rainfall_mm,0.306,0.3451,0,1.42,30,0.31,9.5855
Uttar Pradesh,42369,Lucknow-Airport,26.75,80.88,1996,2025,4,APR,RH2M,humidity_pct,20.8867,6.8753,8.14,40.2,30,20.89,84.2282
Uttar Pradesh,42369,Lucknow-Airport,26.75,80.88,1996,2025,4,APR,T2M,temp_mean_c,31.6917,1.2728,29.03,33.81,30,31.69,29.3264
Uttar Pradesh,42369,Lucknow-Airport,26.75,80.88,1996,2025,4,APR,T2M_MAX,temp_max_c,44.614,1.3789,41.67,47.44,30,47.44,32.8691
Uttar Pradesh,42369,Lucknow-Airport,26.75,80.88,1996,2025,4,APR,T2M_MIN,temp_min_c,18.1403,1.8148,14.35,22.75,30,14.35,26.5536
Uttar Pradesh,42369,Lucknow-Airport,26.75,80.88,1996,2025,4,APR,WS10M,wind_speed_ms,3.4703,0.3604,2.85,4.22,30,3.47,3.0418
Uttar Pradesh,42369,Lucknow-Airport,26.75,80.88,1996,2025,5,MAY,ALLSKY_SFC_SW_DWN,solar_kwh_m2_day,24.059,1.3331,20.26,26.3,30,24.06,13.7611
Uttar Pradesh,42369,Lucknow-Airport,26.75,80.88,1996,2025,5,MAY,PRECTOTCORR,rainfall_mm,0.933,0.7467,0.01,2.66,30,0.93,9.5855
Uttar Pradesh,42369,Lucknow-Airport,26.75,80.88,1996,2025,5,MAY,RH2M,humidity_pct,24.9793,6.2875,15.62,38.27,30,24.98,84.2282
Uttar Pradesh,42369,Lucknow-Airport,26.75,80.88,1996,2025,5,MAY,T2M,temp_mean_c,35.3617,1.1478,32.03,36.57,30,35.36,29.3264
Uttar Pradesh,42369,Lucknow-Airport,26.75,80.88,1996,2025,5,MAY,T2M_MAX,temp_max_c,46.4553,1.3344,42.79,48.51,30,48.51,32.8691
Uttar Pradesh,42369,Lucknow-Airport,26.75,80.88,1996,2025,5,MAY,T2M_MIN,temp_min_c,23.8077,2.0074,19.36,26.62,30,19.36,26.5536
Uttar Pradesh,42369,Lucknow-Airport,26.75,80.88,1996,2025,5,MAY,WS10M,wind_speed_ms,3.4047,0.3458,2.83,4.09,30,3.4,3.0418
Uttar Pradesh,42369,Lucknow-Airport,26.75,80.88,1996,2025,6,JUN,ALLSKY_SFC_SW_DWN,solar_kwh_m2_day,21.2217,1.7528,17.59,24.08,30,21.22,13.7611
Uttar Pradesh,42369,Lucknow-Airport,26.75,80.88,1996,2025,6,JUN,PRECTOTCORR,rainfall_mm,3.6593,2.3392,0.28,9.65,30,3.66,9.5855
Uttar Pradesh,42369,Lucknow-Airport,26.75,80.88,1996,2025,6,JUN,RH2M,humidity_pct,40.6133,11.1406,22.64,66.31,30,40.61,84.2282
Uttar Pradesh,42369,Lucknow-Airport,26.75,80.88,1996,2025,6,JUN,T2M,temp_mean_c,35.5877,1.9625,31.36,38.86,30,35.59,29.3264
Uttar Pradesh,42369,Lucknow-Airport,26.75,80.88,1996,2025,6,JUN,T2M_MAX,temp_max_c,46.0457,2.0089,42,49.37,30,49.37,32.8691
Uttar Pradesh,42369,Lucknow-Airport,26.75,80.88,1996,2025,6,JUN,T2M_MIN,temp_min_c,26.6933,1.5019,23.27,29.81,30,23.27,26.5536
Uttar Pradesh,42369,Lucknow-Airport,26.75,80.88,1996,2025,6,JUN,WS10M,wind_speed_ms,3.642,0.5014,2.71,4.72,30,3.64,3.0418
Uttar Pradesh,42369,Lucknow-Airport,26.75,80.88,1996,2025,7,JUL,ALLSKY_SFC_SW_DWN,solar_kwh_m2_day,17.2247,1.3883,14.29,19.75,30,17.22,13.7611
Uttar Pradesh,42369,Lucknow-Airport,26.75,80.88,1996,2025,7,JUL,PRECTOTCORR,rainfall_mm,8.479,3.1111,4.05,16.86,30,8.48,9.5855
Uttar Pradesh,42369,Lucknow-Airport,26.75,80.88,1996,2025,7,JUL,RH2M,humidity_pct,71.6957,10.2677,38.05,86.59,30,71.7,84.2282
Uttar Pradesh,42369,Lucknow-Airport,26.75,80.88,1996,2025,7,JUL,T2M,temp_mean_c,31.124,1.6401,28.61,36.72,30,31.12,29.3264
Uttar Pradesh,42369,Lucknow-Airport,26.75,80.88,1996,2025,7,JUL,T2M_MAX,temp_max_c,40.1537,2.9572,33.68,45.6,30,45.6,32.8691
Uttar Pradesh,42369,Lucknow-Airport,26.75,80.88,1996,2025,7,JUL,T2M_MIN,temp_min_c,25.5,0.5878,24.45,27.2,30,24.45,26.5536
Uttar Pradesh,42369,Lucknow-Airport,26.75,80.88,1996,2025,7,JUL,WS10M,wind_speed_ms,3.3643,0.3916,2.63,4.36,30,3.36,3.0418
Uttar Pradesh,42369,Lucknow-Airport,26.75,80.88,1996,2025,8,AUG,ALLSKY_SFC_SW_DWN,solar_kwh_m2_day,16.9453,1.5185,13.1,19.41,30,16.94,13.7611
Uttar Pradesh,42369,Lucknow-Airport,26.75,80.88,1996,2025,8,AUG,PRECTOTCORR,rainfall_mm,7.5793,3.3526,3.12,16.53,30,7.58,9.5855
Uttar Pradesh,42369,Lucknow-Airport,26.75,80.88,1996,2025,8,AUG,RH2M,humidity_pct,80.7633,6.123,67.73,88.92,30,80.76,84.2282
Uttar Pradesh,42369,Lucknow-Airport,26.75,80.88,1996,2025,8,AUG,T2M,temp_mean_c,29.3007,0.7982,28.21,31.15,30,29.3,29.3264
Uttar Pradesh,42369,Lucknow-Airport,26.75,80.88,1996,2025,8,AUG,T2M_MAX,temp_max_c,35.677,2.2569,32.83,40.5,30,40.5,32.8691
Uttar Pradesh,42369,Lucknow-Airport,26.75,80.88,1996,2025,8,AUG,T2M_MIN,temp_min_c,24.5943,0.4638,23.42,25.56,30,23.42,26.5536
Uttar Pradesh,42369,Lucknow-Airport,26.75,80.88,1996,2025,8,AUG,WS10M,wind_speed_ms,3.0323,0.4152,2.41,3.87,30,3.03,3.0418
Uttar Pradesh,42369,Lucknow-Airport,26.75,80.88,1996,2025,9,SEP,ALLSKY_SFC_SW_DWN,solar_kwh_m2_day,17.168,1.6897,13.07,20.32,30,17.17,13.7611
Uttar Pradesh,42369,Lucknow-Airport,26.75,80.88,1996,2025,9,SEP,PRECTOTCORR,rainfall_mm,5.4087,2.6315,1.09,10.16,30,5.41,9.5855
Uttar Pradesh,42369,Lucknow-Airport,26.75,80.88,1996,2025,9,SEP,RH2M,humidity_pct,79.918,8.5022,54.29,87.95,30,79.92,84.2282
Uttar Pradesh,42369,Lucknow-Airport,26.75,80.88,1996,2025,9,SEP,T2M,temp_mean_c,28.025,0.8801,26.75,30.56,30,28.03,29.3264
Uttar Pradesh,42369,Lucknow-Airport,26.75,80.88,1996,2025,9,SEP,T2M_MAX,temp_max_c,34.7257,1.9711,31.9,39.33,30,39.33,32.8691
Uttar Pradesh,42369,Lucknow-Airport,26.75,80.88,1996,2025,9,SEP,T2M_MIN,temp_min_c,21.3547,1.3053,18.68,23.61,30,18.68,26.5536
Uttar Pradesh,42369,Lucknow-Airport,26.75,80.88,1996,2025,9,SEP,WS10M,wind_speed_ms,2.7043,0.364,1.96,3.64,30,2.7,3.0418
Uttar Pradesh,42369,Lucknow-Airport,26.75,80.88,1996,2025,10,OCT,ALLSKY_SFC_SW_DWN,solar_kwh_m2_day,16.8057,1.0873,14.46,18.78,30,16.81,13.7611
Uttar Pradesh,42369,Lucknow-Airport,26.75,80.88,1996,2025,10,OCT,PRECTOTCORR,rainfall_mm,1.2913,1.5372,0,6.78,30,1.29,9.5855
Uttar Pradesh,42369,Lucknow-Airport,26.75,80.88,1996,2025,10,OCT,RH2M,humidity_pct,65.9067,10.7912,39.54,80.7,30,65.91,84.2282
Uttar Pradesh,42369,Lucknow-Airport,26.75,80.88,1996,2025,10,OCT,T2M,temp_mean_c,25.047,1.2428,22.58,27.95,30,25.05,29.3264
Uttar Pradesh,42369,Lucknow-Airport,26.75,80.88,1996,2025,10,OCT,T2M_MAX,temp_max_c,33.5423,2.0483,30.4,38.85,30,38.85,32.8691
Uttar Pradesh,42369,Lucknow-Airport,26.75,80.88,1996,2025,10,OCT,T2M_MIN,temp_min_c,15.076,1.4949,11.22,18.25,30,11.22,26.5536
Uttar Pradesh,42369,Lucknow-Airport,26.75,80.88,1996,2025,10,OCT,WS10M,wind_speed_ms,2.037,0.294,1.54,2.64,30,2.04,3.0418
Uttar Pradesh,42369,Lucknow-Airport,26.75,80.88,1996,2025,11,NOV,ALLSKY_SFC_SW_DWN,solar_kwh_m2_day,13.3617,1.1363,11,15.77,30,13.36,13.7611
Uttar Pradesh,42369,Lucknow-Airport,26.75,80.88,1996,2025,11,NOV,PRECTOTCORR,rainfall_mm,0.1233,0.2396,0,0.93,30,0.12,9.5855
Uttar Pradesh,42369,Lucknow-Airport,26.75,80.88,1996,2025,11,NOV,RH2M,humidity_pct,54.2683,12.9059,35.43,75.04,30,54.27,84.2282
Uttar Pradesh,42369,Lucknow-Airport,26.75,80.88,1996,2025,11,NOV,T2M,temp_mean_c,20.2553,1.4399,17.31,23.97,30,20.26,29.3264
Uttar Pradesh,42369,Lucknow-Airport,26.75,80.88,1996,2025,11,NOV,T2M_MAX,temp_max_c,30.7753,2.0153,26.87,34.73,30,34.73,32.8691
Uttar Pradesh,42369,Lucknow-Airport,26.75,80.88,1996,2025,11,NOV,T2M_MIN,temp_min_c,9.642,1.4844,6.98,12.83,30,6.98,26.5536
Uttar Pradesh,42369,Lucknow-Airport,26.75,80.88,1996,2025,11,NOV,WS10M,wind_speed_ms,2.223,0.364,1.5,3.17,30,2.22,3.0418
Uttar Pradesh,42369,Lucknow-Airport,26.75,80.88,1996,2025,12,DEC,ALLSKY_SFC_SW_DWN,solar_kwh_m2_day,10.8757,1.2585,7.8,13.81,30,10.88,13.7611
Uttar Pradesh,42369,Lucknow-Airport,26.75,80.88,1996,2025,12,DEC,PRECTOTCORR,rainfall_mm,0.25,0.4838,0,2.4,30,0.25,9.5855
Uttar Pradesh,42369,Lucknow-Airport,26.75,80.88,1996,2025,12,DEC,RH2M,humidity_pct,49.9673,12.6369,32.14,74.33,30,49.97,84.2282
Uttar Pradesh,42369,Lucknow-Airport,26.75,80.88,1996,2025,12,DEC,T2M,temp_mean_c,15.8213,1.0542,13.24,17.45,30,15.82,29.3264
Uttar Pradesh,42369,Lucknow-Airport,26.75,80.88,1996,2025,12,DEC,T2M_MAX,temp_max_c,27.622,1.7724,23.92,31.15,30,31.15,32.8691
Uttar Pradesh,42369,Lucknow-Airport,26.75,80.88,1996,2025,12,DEC,T2M_MIN,temp_min_c,4.904,1.5171,1.01,7.73,30,1.01,26.5536
Uttar Pradesh,42369,Lucknow-Airport,26.75,80.88,1996,2025,12,DEC,WS10M,wind_speed_ms,2.419,0.396,1.81,3.24,30,2.42,3.0418
Uttar Pradesh,99971,Lucknow-Control Room,26.88333333,80.93333333,1996,2025,0,ANNUAL,ALLSKY_SFC_SW_DWN,solar_kwh_m2_day,17.4927,0.6732,16.2,18.57,30,,13.7611
Uttar Pradesh,99971,Lucknow-Control Room,26.88333333,80.93333333,1996,2025,0,ANNUAL,PRECTOTCORR,rainfall_mm,2.4893,0.4977,1.72,4.12,30,,9.5855
Uttar Pradesh,99971,Lucknow-Control Room,26.88333333,80.93333333,1996,2025,0,ANNUAL,RH2M,humidity_pct,50.701,4.9817,41.34,57.87,30,,84.2282
Uttar Pradesh,99971,Lucknow-Control Room,26.88333333,80.93333333,1996,2025,0,ANNUAL,T2M,temp_mean_c,25.9337,0.5235,24.98,26.96,30,,29.3264
Uttar Pradesh,99971,Lucknow-Control Room,26.88333333,80.93333333,1996,2025,0,ANNUAL,T2M_MAX,temp_max_c,47.09,1.1276,44.02,49.37,30,,32.8691
Uttar Pradesh,99971,Lucknow-Control Room,26.88333333,80.93333333,1996,2025,0,ANNUAL,T2M_MIN,temp_min_c,3.514,1.1864,1.01,5.7,30,,26.5536
Uttar Pradesh,99971,Lucknow-Control Room,26.88333333,80.93333333,1996,2025,0,ANNUAL,WS10M,wind_speed_ms,2.95,0.1296,2.62,3.24,30,,3.0418
Uttar Pradesh,99971,Lucknow-Control Room,26.88333333,80.93333333,1996,2025,1,JAN,ALLSKY_SFC_SW_DWN,solar_kwh_m2_day,11.039,1.7155,7.12,14.54,30,11.04,13.7611
Uttar Pradesh,99971,Lucknow-Control Room,26.88333333,80.93333333,1996,2025,1,JAN,PRECTOTCORR,rainfall_mm,0.5797,0.6131,0,2.26,30,0.58,9.5855
Uttar Pradesh,99971,Lucknow-Control Room,26.88333333,80.93333333,1996,2025,1,JAN,RH2M,humidity_pct,47.574,11.7575,29.11,74.14,30,47.57,84.2282
Uttar Pradesh,99971,Lucknow-Control Room,26.88333333,80.93333333,1996,2025,1,JAN,T2M,temp_mean_c,14.7983,1.1159,12.69,17.07,30,14.8,29.3264
Uttar Pradesh,99971,Lucknow-Control Room,26.88333333,80.93333333,1996,2025,1,JAN,T2M_MAX,temp_max_c,27.4393,2.3035,23.13,31.67,30,31.67,32.8691
Uttar Pradesh,99971,Lucknow-Control Room,26.88333333,80.93333333,1996,2025,1,JAN,T2M_MIN,temp_min_c,4.0333,1.2164,1.38,6.91,30,1.38,26.5536
Uttar Pradesh,99971,Lucknow-Control Room,26.88333333,80.93333333,1996,2025,1,JAN,WS10M,wind_speed_ms,2.7323,0.2635,2.13,3.16,30,2.73,3.0418
Uttar Pradesh,99971,Lucknow-Control Room,26.88333333,80.93333333,1996,2025,2,FEB,ALLSKY_SFC_SW_DWN,solar_kwh_m2_day,16.3507,1.2255,14,18.32,30,16.35,13.7611
Uttar Pradesh,99971,Lucknow-Control Room,26.88333333,80.93333333,1996,2025,2,FEB,PRECTOTCORR,rainfall_mm,0.756,1.289,0,6.17,30,0.76,9.5855
Uttar Pradesh,99971,Lucknow-Control Room,26.88333333,80.93333333,1996,2025,2,FEB,RH2M,humidity_pct,40.6843,10.7485,23.23,61.6,30,40.68,84.2282
Uttar Pradesh,99971,Lucknow-Control Room,26.88333333,80.93333333,1996,2025,2,FEB,T2M,temp_mean_c,18.8053,1.4869,15.91,22.77,30,18.81,29.3264
Uttar Pradesh,99971,Lucknow-Control Room,26.88333333,80.93333333,1996,2025,2,FEB,T2M_MAX,temp_max_c,32.832,2.2774,27.86,37.7,30,37.7,32.8691
Uttar Pradesh,99971,Lucknow-Control Room,26.88333333,80.93333333,1996,2025,2,FEB,T2M_MIN,temp_min_c,6.4353,1.6513,2.6,9.79,30,2.6,26.5536
Uttar Pradesh,99971,Lucknow-Control Room,26.88333333,80.93333333,1996,2025,2,FEB,WS10M,wind_speed_ms,3.0707,0.2581,2.61,3.67,30,3.07,3.0418
Uttar Pradesh,99971,Lucknow-Control Room,26.88333333,80.93333333,1996,2025,3,MAR,ALLSKY_SFC_SW_DWN,solar_kwh_m2_day,21.05,1.0189,18.29,23.05,30,21.05,13.7611
Uttar Pradesh,99971,Lucknow-Control Room,26.88333333,80.93333333,1996,2025,3,MAR,PRECTOTCORR,rainfall_mm,0.3473,0.5366,0,2.4,30,0.35,9.5855
Uttar Pradesh,99971,Lucknow-Control Room,26.88333333,80.93333333,1996,2025,3,MAR,RH2M,humidity_pct,30.054,9.7766,14.95,54.22,30,30.05,84.2282
Uttar Pradesh,99971,Lucknow-Control Room,26.88333333,80.93333333,1996,2025,3,MAR,T2M,temp_mean_c,25.143,1.3922,22.43,27.62,30,25.14,29.3264
Uttar Pradesh,99971,Lucknow-Control Room,26.88333333,80.93333333,1996,2025,3,MAR,T2M_MAX,temp_max_c,39.755,2.046,35.74,43.87,30,43.87,32.8691
Uttar Pradesh,99971,Lucknow-Control Room,26.88333333,80.93333333,1996,2025,3,MAR,T2M_MIN,temp_min_c,11.041,2.0782,7.89,15.76,30,7.89,26.5536
Uttar Pradesh,99971,Lucknow-Control Room,26.88333333,80.93333333,1996,2025,3,MAR,WS10M,wind_speed_ms,3.327,0.3378,2.73,4.15,30,3.33,3.0418
Uttar Pradesh,99971,Lucknow-Control Room,26.88333333,80.93333333,1996,2025,4,APR,ALLSKY_SFC_SW_DWN,solar_kwh_m2_day,23.8897,0.8771,22.04,25.33,30,23.89,13.7611
Uttar Pradesh,99971,Lucknow-Control Room,26.88333333,80.93333333,1996,2025,4,APR,PRECTOTCORR,rainfall_mm,0.306,0.3451,0,1.42,30,0.31,9.5855
Uttar Pradesh,99971,Lucknow-Control Room,26.88333333,80.93333333,1996,2025,4,APR,RH2M,humidity_pct,20.8867,6.8753,8.14,40.2,30,20.89,84.2282
Uttar Pradesh,99971,Lucknow-Control Room,26.88333333,80.93333333,1996,2025,4,APR,T2M,temp_mean_c,31.6917,1.2728,29.03,33.81,30,31.69,29.3264
Uttar Pradesh,99971,Lucknow-Control Room,26.88333333,80.93333333,1996,2025,4,APR,T2M_MAX,temp_max_c,44.614,1.3789,41.67,47.44,30,47.44,32.8691
Uttar Pradesh,99971,Lucknow-Control Room,26.88333333,80.93333333,1996,2025,4,APR,T2M_MIN,temp_min_c,18.1403,1.8148,14.35,22.75,30,14.35,26.5536
Uttar Pradesh,99971,Lucknow-Control Room,26.88333333,80.93333333,1996,2025,4,APR,WS10M,wind_speed_ms,3.4703,0.3604,2.85,4.22,30,3.47,3.0418
Uttar Pradesh,99971,Lucknow-Control Room,26.88333333,80.93333333,1996,2025,5,MAY,ALLSKY_SFC_SW_DWN,solar_kwh_m2_day,24.059,1.3331,20.26,26.3,30,24.06,13.7611
Uttar Pradesh,99971,Lucknow-Control Room,26.88333333,80.93333333,1996,2025,5,MAY,PRECTOTCORR,rainfall_mm,0.933,0.7467,0.01,2.66,30,0.93,9.5855
Uttar Pradesh,99971,Lucknow-Control Room,26.88333333,80.93333333,1996,2025,5,MAY,RH2M,humidity_pct,24.9793,6.2875,15.62,38.27,30,24.98,84.2282
Uttar Pradesh,99971,Lucknow-Control Room,26.88333333,80.93333333,1996,2025,5,MAY,T2M,temp_mean_c,35.3617,1.1478,32.03,36.57,30,35.36,29.3264
Uttar Pradesh,99971,Lucknow-Control Room,26.88333333,80.93333333,1996,2025,5,MAY,T2M_MAX,temp_max_c,46.4553,1.3344,42.79,48.51,30,48.51,32.8691
Uttar Pradesh,99971,Lucknow-Control Room,26.88333333,80.93333333,1996,2025,5,MAY,T2M_MIN,temp_min_c,23.8077,2.0074,19.36,26.62,30,19.36,26.5536
Uttar Pradesh,99971,Lucknow-Control Room,26.88333333,80.93333333,1996,2025,5,MAY,WS10M,wind_speed_ms,3.4047,0.3458,2.83,4.09,30,3.4,3.0418
Uttar Pradesh,99971,Lucknow-Control Room,26.88333333,80.93333333,1996,2025,6,JUN,ALLSKY_SFC_SW_DWN,solar_kwh_m2_day,21.2217,1.7528,17.59,24.08,30,21.22,13.7611
Uttar Pradesh,99971,Lucknow-Control Room,26.88333333,80.93333333,1996,2025,6,JUN,PRECTOTCORR,rainfall_mm,3.6593,2.3392,0.28,9.65,30,3.66,9.5855
Uttar Pradesh,99971,Lucknow-Control Room,26.88333333,80.93333333,1996,2025,6,JUN,RH2M,humidity_pct,40.6133,11.1406,22.64,66.31,30,40.61,84.2282
Uttar Pradesh,99971,Lucknow-Control Room,26.88333333,80.93333333,1996,2025,6,JUN,T2M,temp_mean_c,35.5877,1.9625,31.36,38.86,30,35.59,29.3264
Uttar Pradesh,99971,Lucknow-Control Room,26.88333333,80.93333333,1996,2025,6,JUN,T2M_MAX,temp_max_c,46.0457,2.0089,42,49.37,30,49.37,32.8691
Uttar Pradesh,99971,Lucknow-Control Room,26.88333333,80.93333333,1996,2025,6,JUN,T2M_MIN,temp_min_c,26.6933,1.5019,23.27,29.81,30,23.27,26.5536
Uttar Pradesh,99971,Lucknow-Control Room,26.88333333,80.93333333,1996,2025,6,JUN,WS10M,wind_speed_ms,3.642,0.5014,2.71,4.72,30,3.64,3.0418
Uttar Pradesh,99971,Lucknow-Control Room,26.88333333,80.93333333,1996,2025,7,JUL,ALLSKY_SFC_SW_DWN,solar_kwh_m2_day,17.2247,1.3883,14.29,19.75,30,17.22,13.7611
Uttar Pradesh,99971,Lucknow-Control Room,26.88333333,80.93333333,1996,2025,7,JUL,PRECTOTCORR,rainfall_mm,8.479,3.1111,4.05,16.86,30,8.48,9.5855
Uttar Pradesh,99971,Lucknow-Control Room,26.88333333,80.93333333,1996,2025,7,JUL,RH2M,humidity_pct,71.6957,10.2677,38.05,86.59,30,71.7,84.2282
Uttar Pradesh,99971,Lucknow-Control Room,26.88333333,80.93333333,1996,2025,7,JUL,T2M,temp_mean_c,31.124,1.6401,28.61,36.72,30,31.12,29.3264
Uttar Pradesh,99971,Lucknow-Control Room,26.88333333,80.93333333,1996,2025,7,JUL,T2M_MAX,temp_max_c,40.1537,2.9572,33.68,45.6,30,45.6,32.8691
Uttar Pradesh,99971,Lucknow-Control Room,26.88333333,80.93333333,1996,2025,7,JUL,T2M_MIN,temp_min_c,25.5,0.5878,24.45,27.2,30,24.45,26.5536
Uttar Pradesh,99971,Lucknow-Control Room,26.88333333,80.93333333,1996,2025,7,JUL,WS10M,wind_speed_ms,3.3643,0.3916,2.63,4.36,30,3.36,3.0418
Uttar Pradesh,99971,Lucknow-Control Room,26.88333333,80.93333333,1996,2025,8,AUG,ALLSKY_SFC_SW_DWN,solar_kwh_m2_day,16.9453,1.5185,13.1,19.41,30,16.94,13.7611
Uttar Pradesh,99971,Lucknow-Control Room,26.88333333,80.93333333,1996,2025,8,AUG,PRECTOTCORR,rainfall_mm,7.5793,3.3526,3.12,16.53,30,7.58,9.5855
Uttar Pradesh,99971,Lucknow-Control Room,26.88333333,80.93333333,1996,2025,8,AUG,RH2M,humidity_pct,80.7633,6.123,67.73,88.92,30,80.76,84.2282
Uttar Pradesh,99971,Lucknow-Control Room,26.88333333,80.93333333,1996,2025,8,AUG,T2M,temp_mean_c,29.3007,0.7982,28.21,31.15,30,29.3,29.3264
Uttar Pradesh,99971,Lucknow-Control Room,26.88333333,80.93333333,1996,2025,8,AUG,T2M_MAX,temp_max_c,35.677,2.2569,32.83,40.5,30,40.5,32.8691
Uttar Pradesh,99971,Lucknow-Control Room,26.88333333,80.93333333,1996,2025,8,AUG,T2M_MIN,temp_min_c,24.5943,0.4638,23.42,25.56,30,23.42,26.5536
Uttar Pradesh,99971,Lucknow-Control Room,26.88333333,80.93333333,1996,2025,8,AUG,WS10M,wind_speed_ms,3.0323,0.4152,2.41,3.87,30,3.03,3.0418
Uttar Pradesh,99971,Lucknow-Control Room,26.88333333,80.93333333,1996,2025,9,SEP,ALLSKY_SFC_SW_DWN,solar_kwh_m2_day,17.168,1.6897,13.07,20.32,30,17.17,13.7611
Uttar Pradesh,99971,Lucknow-Control Room,26.88333333,80.93333333,1996,2025,9,SEP,PRECTOTCORR,rainfall_mm,5.4087,2.6315,1.09,10.16,30,5.41,9.5855
Uttar Pradesh,99971,Lucknow-Control Room,26.88333333,80.93333333,1996,2025,9,SEP,RH2M,humidity_pct,79.918,8.5022,54.29,87.95,30,79.92,84.2282
Uttar Pradesh,99971,Lucknow-Control Room,26.88333333,80.93333333,1996,2025,9,SEP,T2M,temp_mean_c,28.025,0.8801,26.75,30.56,30,28.03,29.3264
Uttar Pradesh,99971,Lucknow-Control Room,26.88333333,80.93333333,1996,2025,9,SEP,T2M_MAX,temp_max_c,34.7257,1.9711,31.9,39.33,30,39.33,32.8691
Uttar Pradesh,99971,Lucknow-Control Room,26.88333333,80.93333333,1996,2025,9,SEP,T2M_MIN,temp_min_c,21.3547,1.3053,18.68,23.61,30,18.68,26.5536
Uttar Pradesh,99971,Lucknow-Control Room,26.88333333,80.93333333,1996,2025,9,SEP,WS10M,wind_speed_ms,2.7043,0.364,1.96,3.64,30,2.7,3.0418
Uttar Pradesh,99971,Lucknow-Control Room,26.88333333,80.93333333,1996,2025,10,OCT,ALLSKY_SFC_SW_DWN,solar_kwh_m2_day,16.8057,1.0873,14.46,18.78,30,16.81,13.7611
Uttar Pradesh,99971,Lucknow-Control Room,26.88333333,80.93333333,1996,2025,10,OCT,PRECTOTCORR,rainfall_mm,1.2913,1.5372,0,6.78,30,1.29,9.5855
Uttar Pradesh,99971,Lucknow-Control Room,26.88333333,80.93333333,1996,2025,10,OCT,RH2M,humidity_pct,65.9067,10.7912,39.54,80.7,30,65.91,84.2282
Uttar Pradesh,99971,Lucknow-Control Room,26.88333333,80.93333333,1996,2025,10,OCT,T2M,temp_mean_c,25.047,1.2428,22.58,27.95,30,25.05,29.3264
Uttar Pradesh,99971,Lucknow-Control Room,26.88333333,80.93333333,1996,2025,10,OCT,T2M_MAX,temp_max_c,33.5423,2.0483,30.4,38.85,30,38.85,32.8691
Uttar Pradesh,99971,Lucknow-Control Room,26.88333333,80.93333333,1996,2025,10,OCT,T2M_MIN,temp_min_c,15.076,1.4949,11.22,18.25,30,11.22,26.5536
Uttar Pradesh,99971,Lucknow-Control Room,26.88333333,80.93333333,1996,2025,10,OCT,WS10M,wind_speed_ms,2.037,0.294,1.54,2.64,30,2.04,3.0418
Uttar Pradesh,99971,Lucknow-Control Room,26.88333333,80.93333333,1996,2025,11,NOV,ALLSKY_SFC_SW_DWN,solar_kwh_m2_day,13.3617,1.1363,11,15.77,30,13.36,13.7611
Uttar Pradesh,99971,Lucknow-Control Room,26.88333333,80.93333333,1996,2025,11,NOV,PRECTOTCORR,rainfall_mm,0.1233,0.2396,0,0.93,30,0.12,9.5855
Uttar Pradesh,99971,Lucknow-Control Room,26.88333333,80.93333333,1996,2025,11,NOV,RH2M,humidity_pct,54.2683,12.9059,35.43,75.04,30,54.27,84.2282
Uttar Pradesh,99971,Lucknow-Control Room,26.88333333,80.93333333,1996,2025,11,NOV,T2M,temp_mean_c,20.2553,1.4399,17.31,23.97,30,20.26,29.3264
Uttar Pradesh,99971,Lucknow-Control Room,26.88333333,80.93333333,1996,2025,11,NOV,T2M_MAX,temp_max_c,30.7753,2.0153,26.87,34.73,30,34.73,32.8691
Uttar Pradesh,99971,Lucknow-Control Room,26.88333333,80.93333333,1996,2025,11,NOV,T2M_MIN,temp_min_c,9.642,1.4844,6.98,12.83,30,6.98,26.5536
Uttar Pradesh,99971,Lucknow-Control Room,26.88333333,80.93333333,1996,2025,11,NOV,WS10M,wind_speed_ms,2.223,0.364,1.5,3.17,30,2.22,3.0418
Uttar Pradesh,99971,Lucknow-Control Room,26.88333333,80.93333333,1996,2025,12,DEC,ALLSKY_SFC_SW_DWN,solar_kwh_m2_day,10.8757,1.2585,7.8,13.81,30,10.88,13.7611
Uttar Pradesh,99971,Lucknow-Control Room,26.88333333,80.93333333,1996,2025,12,DEC,PRECTOTCORR,rainfall_mm,0.25,0.4838,0,2.4,30,0.25,9.5855
Uttar Pradesh,99971,Lucknow-Control Room,26.88333333,80.93333333,1996,2025,12,DEC,RH2M,humidity_pct,49.9673,12.6369,32.14,74.33,30,49.97,84.2282
Uttar Pradesh,99971,Lucknow-Control Room,26.88333333,80.93333333,1996,2025,12,DEC,T2M,temp_mean_c,15.8213,1.0542,13.24,17.45,30,15.82,29.3264
Uttar Pradesh,99971,Lucknow-Control Room,26.88333333,80.93333333,1996,2025,12,DEC,T2M_MAX,temp_max_c,27.622,1.7724,23.92,31.15,30,31.15,32.8691
Uttar Pradesh,99971,Lucknow-Control Room,26.88333333,80.93333333,1996,2025,12,DEC,T2M_MIN,temp_min_c,4.904,1.5171,1.01,7.73,30,1.01,26.5536
Uttar Pradesh,99971,Lucknow-Control Room,26.88333333,80.93333333,1996,2025,12,DEC,WS10M,wind_speed_ms,2.419,0.396,1.81,3.24,30,2.42,3.0418
Uttar Pradesh,99970,Lucknow-Hanuman Setu,26.85,80.93333333,1996,2025,0,ANNUAL,ALLSKY_SFC_SW_DWN,solar_kwh_m2_day,17.4927,0.6732,16.2,18.57,30,,13.7611
Uttar Pradesh,99970,Lucknow-Hanuman Setu,26.85,80.93333333,1996,2025,0,ANNUAL,PRECTOTCORR,rainfall_mm,2.4893,0.4977,1.72,4.12,30,,9.5855
Uttar Pradesh,99970,Lucknow-Hanuman Setu,26.85,80.93333333,1996,2025,0,ANNUAL,RH2M,humidity_pct,50.701,4.9817,41.34,57.87,30,,84.2282
Uttar Pradesh,99970,Lucknow-Hanuman Setu,26.85,80.93333333,1996,2025,0,ANNUAL,T2M,temp_mean_c,25.9337,0.5235,24.98,26.96,30,,29.3264
Uttar Pradesh,99970,Lucknow-Hanuman Setu,26.85,80.93333333,1996,2025,0,ANNUAL,T2M_MAX,temp_max_c,47.09,1.1276,44.02,49.37,30,,32.8691
Uttar Pradesh,99970,Lucknow-Hanuman Setu,26.85,80.93333333,1996,2025,0,ANNUAL,T2M_MIN,temp_min_c,3.514,1.1864,1.01,5.7,30,,26.5536
Uttar Pradesh,99970,Lucknow-Hanuman Setu,26.85,80.93333333,1996,2025,0,ANNUAL,WS10M,wind_speed_ms,2.95,0.1296,2.62,3.24,30,,3.0418
Uttar Pradesh,99970,Lucknow-Hanuman Setu,26.85,80.93333333,1996,2025,1,JAN,ALLSKY_SFC_SW_DWN,solar_kwh_m2_day,11.039,1.7155,7.12,14.54,30,11.04,13.7611
Uttar Pradesh,99970,Lucknow-Hanuman Setu,26.85,80.93333333,1996,2025,1,JAN,PRECTOTCORR,rainfall_mm,0.5797,0.6131,0,2.26,30,0.58,9.5855
Uttar Pradesh,99970,Lucknow-Hanuman Setu,26.85,80.93333333,1996,2025,1,JAN,RH2M,humidity_pct,47.574,11.7575,29.11,74.14,30,47.57,84.2282
Uttar Pradesh,99970,Lucknow-Hanuman Setu,26.85,80.93333333,1996,2025,1,JAN,T2M,temp_mean_c,14.7983,1.1159,12.69,17.07,30,14.8,29.3264
Uttar Pradesh,99970,Lucknow-Hanuman Setu,26.85,80.93333333,1996,2025,1,JAN,T2M_MAX,temp_max_c,27.4393,2.3035,23.13,31.67,30,31.67,32.8691
Uttar Pradesh,99970,Lucknow-Hanuman Setu,26.85,80.93333333,1996,2025,1,JAN,T2M_MIN,temp_min_c,4.0333,1.2164,1.38,6.91,30,1.38,26.5536
Uttar Pradesh,99970,Lucknow-Hanuman Setu,26.85,80.93333333,1996,2025,1,JAN,WS10M,wind_speed_ms,2.7323,0.2635,2.13,3.16,30,2.73,3.0418
Uttar Pradesh,99970,Lucknow-Hanuman Setu,26.85,80.93333333,1996,2025,2,FEB,ALLSKY_SFC_SW_DWN,solar_kwh_m2_day,16.3507,1.2255,14,18.32,30,16.35,13.7611
Uttar Pradesh,99970,Lucknow-Hanuman Setu,26.85,80.93333333,1996,2025,2,FEB,PRECTOTCORR,rainfall_mm,0.756,1.289,0,6.17,30,0.76,9.5855
Uttar Pradesh,99970,Lucknow-Hanuman Setu,26.85,80.93333333,1996,2025,2,FEB,RH2M,humidity_pct,40.6843,10.7485,23.23,61.6,30,40.68,84.2282
Uttar Pradesh,99970,Lucknow-Hanuman Setu,26.85,80.93333333,1996,2025,2,FEB,T2M,temp_mean_c,18.8053,1.4869,15.91,22.77,30,18.81,29.3264
Uttar Pradesh,99970,Lucknow-Hanuman Setu,26.85,80.93333333,1996,2025,2,FEB,T2M_MAX,temp_max_c,32.832,2.2774,27.86,37.7,30,37.7,32.8691
Uttar Pradesh,99970,Lucknow-Hanuman Setu,26.85,80.93333333,1996,2025,2,FEB,T2M_MIN,temp_min_c,6.4353,1.6513,2.6,9.79,30,2.6,26.5536
Uttar Pradesh,99970,Lucknow-Hanuman Setu,26.85,80.93333333,1996,2025,2,FEB,WS10M,wind_speed_ms,3.0707,0.2581,2.61,3.67,30,3.07,3.0418
Uttar Pradesh,99970,Lucknow-Hanuman Setu,26.85,80.93333333,1996,2025,3,MAR,ALLSKY_SFC_SW_DWN,solar_kwh_m2_day,21.05,1.0189,18.29,23.05,30,21.05,13.7611
Uttar Pradesh,99970,Lucknow-Hanuman Setu,26.85,80.93333333,1996,2025,3,MAR,PRECTOTCORR,rainfall_mm,0.3473,0.5366,0,2.4,30,0.35,9.5855
Uttar Pradesh,99970,Lucknow-Hanuman Setu,26.85,80.93333333,1996,2025,3,MAR,RH2M,humidity_pct,30.054,9.7766,14.95,54.22,30,30.05,84.2282
Uttar Pradesh,99970,Lucknow-Hanuman Setu,26.85,80.93333333,1996,2025,3,MAR,T2M,temp_mean_c,25.143,1.3922,22.43,27.62,30,25.14,29.3264
Uttar Pradesh,99970,Lucknow-Hanuman Setu,26.85,80.93333333,1996,2025,3,MAR,T2M_MAX,temp_max_c,39.755,2.046,35.74,43.87,30,43.87,32.8691
Uttar Pradesh,99970,Lucknow-Hanuman Setu,26.85,80.93333333,1996,2025,3,MAR,T2M_MIN,temp_min_c,11.041,2.0782,7.89,15.76,30,7.89,26.5536
Uttar Pradesh,99970,Lucknow-Hanuman Setu,26.85,80.93333333,1996,2025,3,MAR,WS10M,wind_speed_ms,3.327,0.3378,2.73,4.15,30,3.33,3.0418
Uttar Pradesh,99970,Lucknow-Hanuman Setu,26.85,80.93333333,1996,2025,4,APR,ALLSKY_SFC_SW_DWN,solar_kwh_m2_day,23.8897,0.8771,22.04,25.33,30,23.89,13.7611
Uttar Pradesh,99970,Lucknow-Hanuman Setu,26.85,80.93333333,1996,2025,4,APR,PRECTOTCORR,rainfall_mm,0.306,0.3451,0,1.42,30,0.31,9.5855
Uttar Pradesh,99970,Lucknow-Hanuman Setu,26.85,80.93333333,1996,2025,4,APR,RH2M,humidity_pct,20.8867,6.8753,8.14,40.2,30,20.89,84.2282
Uttar Pradesh,99970,Lucknow-Hanuman Setu,26.85,80.93333333,1996,2025,4,APR,T2M,temp_mean_c,31.6917,1.2728,29.03,33.81,30,31.69,29.3264
Uttar Pradesh,99970,Lucknow-Hanuman Setu,26.85,80.93333333,1996,2025,4,APR,T2M_MAX,temp_max_c,44.614,1.3789,41.67,47.44,30,47.44,32.8691
Uttar Pradesh,99970,Lucknow-Hanuman Setu,26.85,80.93333333,1996,2025,4,APR,T2M_MIN,temp_min_c,18.1403,1.8148,14.35,22.75,30,14.35,26.5536
Uttar Pradesh,99970,Lucknow-Hanuman Setu,26.85,80.93333333,1996,2025,4,APR,WS10M,wind_speed_ms,3.4703,0.3604,2.85,4.22,30,3.47,3.0418
Uttar Pradesh,99970,Lucknow-Hanuman Setu,26.85,80.93333333,1996,2025,5,MAY,ALLSKY_SFC_SW_DWN,solar_kwh_m2_day,24.059,1.3331,20.26,26.3,30,24.06,13.7611
Uttar Pradesh,99970,Lucknow-Hanuman Setu,26.85,80.93333333,1996,2025,5,MAY,PRECTOTCORR,rainfall_mm,0.933,0.7467,0.01,2.66,30,0.93,9.5855
Uttar Pradesh,99970,Lucknow-Hanuman Setu,26.85,80.93333333,1996,2025,5,MAY,RH2M,humidity_pct,24.9793,6.2875,15.62,38.27,30,24.98,84.2282
Uttar Pradesh,99970,Lucknow-Hanuman Setu,26.85,80.93333333,1996,2025,5,MAY,T2M,temp_mean_c,35.3617,1.1478,32.03,36.57,30,35.36,29.3264
Uttar Pradesh,99970,Lucknow-Hanuman Setu,26.85,80.93333333,1996,2025,5,MAY,T2M_MAX,temp_max_c,46.4553,1.3344,42.79,48.51,30,48.51,32.8691
Uttar Pradesh,99970,Lucknow-Hanuman Setu,26.85,80.93333333,1996,2025,5,MAY,T2M_MIN,temp_min_c,23.8077,2.0074,19.36,26.62,30,19.36,26.5536
Uttar Pradesh,99970,Lucknow-Hanuman Setu,26.85,80.93333333,1996,2025,5,MAY,WS10M,wind_speed_ms,3.4047,0.3458,2.83,4.09,30,3.4,3.0418
Uttar Pradesh,99970,Lucknow-Hanuman Setu,26.85,80.93333333,1996,2025,6,JUN,ALLSKY_SFC_SW_DWN,solar_kwh_m2_day,21.2217,1.7528,17.59,24.08,30,21.22,13.7611
Uttar Pradesh,99970,Lucknow-Hanuman Setu,26.85,80.93333333,1996,2025,6,JUN,PRECTOTCORR,rainfall_mm,3.6593,2.3392,0.28,9.65,30,3.66,9.5855
Uttar Pradesh,99970,Lucknow-Hanuman Setu,26.85,80.93333333,1996,2025,6,JUN,RH2M,humidity_pct,40.6133,11.1406,22.64,66.31,30,40.61,84.2282
Uttar Pradesh,99970,Lucknow-Hanuman Setu,26.85,80.93333333,1996,2025,6,JUN,T2M,temp_mean_c,35.5877,1.9625,31.36,38.86,30,35.59,29.3264
Uttar Pradesh,99970,Lucknow-Hanuman Setu,26.85,80.93333333,1996,2025,6,JUN,T2M_MAX,temp_max_c,46.0457,2.0089,42,49.37,30,49.37,32.8691
Uttar Pradesh,99970,Lucknow-Hanuman Setu,26.85,80.93333333,1996,2025,6,JUN,T2M_MIN,temp_min_c,26.6933,1.5019,23.27,29.81,30,23.27,26.5536
Uttar Pradesh,99970,Lucknow-Hanuman Setu,26.85,80.93333333,1996,2025,6,JUN,WS10M,wind_speed_ms,3.642,0.5014,2.71,4.72,30,3.64,3.0418
Uttar Pradesh,99970,Lucknow-Hanuman Setu,26.85,80.93333333,1996,2025,7,JUL,ALLSKY_SFC_SW_DWN,solar_kwh_m2_day,17.2247,1.3883,14.29,19.75,30,17.22,13.7611
Uttar Pradesh,99970,Lucknow-Hanuman Setu,26.85,80.93333333,1996,2025,7,JUL,PRECTOTCORR,rainfall_mm,8.479,3.1111,4.05,16.86,30,8.48,9.5855
Uttar Pradesh,99970,Lucknow-Hanuman Setu,26.85,80.93333333,1996,2025,7,JUL,RH2M,humidity_pct,71.6957,10.2677,38.05,86.59,30,71.7,84.2282
Uttar Pradesh,99970,Lucknow-Hanuman Setu,26.85,80.93333333,1996,2025,7,JUL,T2M,temp_mean_c,31.124,1.6401,28.61,36.72,30,31.12,29.3264
Uttar Pradesh,99970,Lucknow-Hanuman Setu,26.85,80.93333333,1996,2025,7,JUL,T2M_MAX,temp_max_c,40.1537,2.9572,33.68,45.6,30,45.6,32.8691
Uttar Pradesh,99970,Lucknow-Hanuman Setu,26.85,80.93333333,1996,2025,7,JUL,T2M_MIN,temp_min_c,25.5,0.5878,24.45,27.2,30,24.45,26.5536
Uttar Pradesh,99970,Lucknow-Hanuman Setu,26.85,80.93333333,1996,2025,7,JUL,WS10M,wind_speed_ms,3.3643,0.3916,2.63,4.36,30,3.36,3.0418
Uttar Pradesh,99970,Lucknow-Hanuman Setu,26.85,80.93333333,1996,2025,8,AUG,ALLSKY_SFC_SW_DWN,solar_kwh_m2_day,16.9453,1.5185,13.1,19.41,30,16.94,13.7611
Uttar Pradesh,99970,Lucknow-Hanuman Setu,26.85,80.93333333,1996,2025,8,AUG,PRECTOTCORR,rainfall_mm,7.5793,3.3526,3.12,16.53,30,7.58,9.5855
Uttar Pradesh,99970,Lucknow-Hanuman Setu,26.85,80.93333333,1996,2025,8,AUG,RH2M,humidity_pct,80.7633,6.123,67.73,88.92,30,80.76,84.2282
Uttar Pradesh,99970,Lucknow-Hanuman Setu,26.85,80.93333333,1996,2025,8,AUG,T2M,temp_mean_c,29.3007,0.7982,28.21,31.15,30,29.3,29.3264
Uttar Pradesh,99970,Lucknow-Hanuman Setu,26.85,80.93333333,1996,2025,8,AUG,T2M_MAX,temp_max_c,35.677,2.2569,32.83,40.5,30,40.5,32.8691
Uttar Pradesh,99970,Lucknow-Hanuman Setu,26.85,80.93333333,1996,2025,8,AUG,T2M_MIN,temp_min_c,24.5943,0.4638,23.42,25.56,30,23.42,26.5536
Uttar Pradesh,99970,Lucknow-Hanuman Setu,26.85,80.93333333,1996,2025,8,AUG,WS10M,wind_speed_ms,3.0323,0.4152,2.41,3.87,30,3.03,3.0418
Uttar Pradesh,99970,Lucknow-Hanuman Setu,26.85,80.93333333,1996,2025,9,SEP,ALLSKY_SFC_SW_DWN,solar_kwh_m2_day,17.168,1.6897,13.07,20.32,30,17.17,13.7611
Uttar Pradesh,99970,Lucknow-Hanuman Setu,26.85,80.93333333,1996,2025,9,SEP,PRECTOTCORR,rainfall_mm,5.4087,2.6315,1.09,10.16,30,5.41,9.5855
Uttar Pradesh,99970,Lucknow-Hanuman Setu,26.85,80.93333333,1996,2025,9,SEP,RH2M,humidity_pct,79.918,8.5022,54.29,87.95,30,79.92,84.2282
Uttar Pradesh,99970,Lucknow-Hanuman Setu,26.85,80.93333333,1996,2025,9,SEP,T2M,temp_mean_c,28.025,0.8801,26.75,30.56,30,28.03,29.3264
Uttar Pradesh,99970,Lucknow-Hanuman Setu,26.85,80.93333333,1996,2025,9,SEP,T2M_MAX,temp_max_c,34.7257,1.9711,31.9,39.33,30,39.33,32.8691
Uttar Pradesh,99970,Lucknow-Hanuman Setu,26.85,80.93333333,1996,2025,9,SEP,T2M_MIN,temp_min_c,21.3547,1.3053,18.68,23.61,30,18.68,26.5536
Uttar Pradesh,99970,Lucknow-Hanuman Setu,26.85,80.93333333,1996,2025,9,SEP,WS10M,wind_speed_ms,2.7043,0.364,1.96,3.64,30,2.7,3.0418
Uttar Pradesh,99970,Lucknow-Hanuman Setu,26.85,80.93333333,1996,2025,10,OCT,ALLSKY_SFC_SW_DWN,solar_kwh_m2_day,16.8057,1.0873,14.46,18.78,30,16.81,13.7611
Uttar Pradesh,99970,Lucknow-Hanuman Setu,26.85,80.93333333,1996,2025,10,OCT,PRECTOTCORR,rainfall_mm,1.2913,1.5372,0,6.78,30,1.29,9.5855
Uttar Pradesh,99970,Lucknow-Hanuman Setu,26.85,80.93333333,1996,2025,10,OCT,RH2M,humidity_pct,65.9067,10.7912,39.54,80.7,30,65.91,84.2282
Uttar Pradesh,99970,Lucknow-Hanuman Setu,26.85,80.93333333,1996,2025,10,OCT,T2M,temp_mean_c,25.047,1.2428,22.58,27.95,30,25.05,29.3264
Uttar Pradesh,99970,Lucknow-Hanuman Setu,26.85,80.93333333,1996,2025,10,OCT,T2M_MAX,temp_max_c,33.5423,2.0483,30.4,38.85,30,38.85,32.8691
Uttar Pradesh,99970,Lucknow-Hanuman Setu,26.85,80.93333333,1996,2025,10,OCT,T2M_MIN,temp_min_c,15.076,1.4949,11.22,18.25,30,11.22,26.5536
Uttar Pradesh,99970,Lucknow-Hanuman Setu,26.85,80.93333333,1996,2025,10,OCT,WS10M,wind_speed_ms,2.037,0.294,1.54,2.64,30,2.04,3.0418
Uttar Pradesh,99970,Lucknow-Hanuman Setu,26.85,80.93333333,1996,2025,11,NOV,ALLSKY_SFC_SW_DWN,solar_kwh_m2_day,13.3617,1.1363,11,15.77,30,13.36,13.7611
Uttar Pradesh,99970,Lucknow-Hanuman Setu,26.85,80.93333333,1996,2025,11,NOV,PRECTOTCORR,rainfall_mm,0.1233,0.2396,0,0.93,30,0.12,9.5855
Uttar Pradesh,99970,Lucknow-Hanuman Setu,26.85,80.93333333,1996,2025,11,NOV,RH2M,humidity_pct,54.2683,12.9059,35.43,75.04,30,54.27,84.2282
Uttar Pradesh,99970,Lucknow-Hanuman Setu,26.85,80.93333333,1996,2025,11,NOV,T2M,temp_mean_c,20.2553,1.4399,17.31,23.97,30,20.26,29.3264
Uttar Pradesh,99970,Lucknow-Hanuman Setu,26.85,80.93333333,1996,2025,11,NOV,T2M_MAX,temp_max_c,30.7753,2.0153,26.87,34.73,30,34.73,32.8691
Uttar Pradesh,99970,Lucknow-Hanuman Setu,26.85,80.93333333,1996,2025,11,NOV,T2M_MIN,temp_min_c,9.642,1.4844,6.98,12.83,30,6.98,26.5536
Uttar Pradesh,99970,Lucknow-Hanuman Setu,26.85,80.93333333,1996,2025,11,NOV,WS10M,wind_speed_ms,2.223,0.364,1.5,3.17,30,2.22,3.0418
Uttar Pradesh,99970,Lucknow-Hanuman Setu,26.85,80.93333333,1996,2025,12,DEC,ALLSKY_SFC_SW_DWN,solar_kwh_m2_day,10.8757,1.2585,7.8,13.81,30,10.88,13.7611
Uttar Pradesh,99970,Lucknow-Hanuman Setu,26.85,80.93333333,1996,2025,12,DEC,PRECTOTCORR,rainfall_mm,0.25,0.4838,0,2.4,30,0.25,9.5855
Uttar Pradesh,99970,Lucknow-Hanuman Setu,26.85,80.93333333,1996,2025,12,DEC,RH2M,humidity_pct,49.9673,12.6369,32.14,74.33,30,49.97,84.2282
Uttar Pradesh,99970,Lucknow-Hanuman Setu,26.85,80.93333333,1996,2025,12,DEC,T2M,temp_mean_c,15.8213,1.0542,13.24,17.45,30,15.82,29.3264
Uttar Pradesh,99970,Lucknow-Hanuman Setu,26.85,80.93333333,1996,2025,12,DEC,T2M_MAX,temp_max_c,27.622,1.7724,23.92,31.15,30,31.15,32.8691
Uttar Pradesh,99970,Lucknow-Hanuman Setu,26.85,80.93333333,1996,2025,12,DEC,T2M_MIN,temp_min_c,4.904,1.5171,1.01,7.73,30,1.01,26.5536
Uttar Pradesh,99970,Lucknow-Hanuman Setu,26.85,80.93333333,1996,2025,12,DEC,WS10M,wind_speed_ms,2.419,0.396,1.81,3.24,30,2.42,3.0418
Uttar Pradesh,99972,Lucknow-Malihabad,27.11666667,81.11666667,1996,2025,0,ANNUAL,ALLSKY_SFC_SW_DWN,solar_kwh_m2_day,17.5163,0.6014,16.22,18.48,30,,17.9944
Uttar Pradesh,99972,Lucknow-Malihabad,27.11666667,81.11666667,1996,2025,0,ANNUAL,PRECTOTCORR,rainfall_mm,2.785,0.6067,1.78,4.39,30,,11.4482
Uttar Pradesh,99972,Lucknow-Malihabad,27.11666667,81.11666667,1996,2025,0,ANNUAL,RH2M,humidity_pct,52.4077,5.1717,42.16,59.91,30,,84.84
Uttar Pradesh,99972,Lucknow-Malihabad,27.11666667,81.11666667,1996,2025,0,ANNUAL,T2M,temp_mean_c,25.818,0.5286,24.77,26.95,30,,29.2745
Uttar Pradesh,99972,Lucknow-Malihabad,27.11666667,81.11666667,1996,2025,0,ANNUAL,T2M_MAX,temp_max_c,46.9507,1.145,43.9,48.81,30,,32.6845
Uttar Pradesh,99972,Lucknow-Malihabad,27.11666667,81.11666667,1996,2025,0,ANNUAL,T2M_MIN,temp_min_c,3.6133,1.1317,1.19,5.69,30,,26.5436
Uttar Pradesh,99972,Lucknow-Malihabad,27.11666667,81.11666667,1996,2025,0,ANNUAL,WS10M,wind_speed_ms,2.9743,0.1137,2.66,3.16,30,,3.3064
Uttar Pradesh,99972,Lucknow-Malihabad,27.11666667,81.11666667,1996,2025,1,JAN,ALLSKY_SFC_SW_DWN,solar_kwh_m2_day,10.7683,1.7963,7.32,14.18,30,10.77,17.9944
Uttar Pradesh,99972,Lucknow-Malihabad,27.11666667,81.11666667,1996,2025,1,JAN,PRECTOTCORR,rainfall_mm,0.5527,0.5878,0,2.07,30,0.55,11.4482
Uttar Pradesh,99972,Lucknow-Malihabad,27.11666667,81.11666667,1996,2025,1,JAN,RH2M,humidity_pct,49.632,11.3577,30.74,75.57,30,49.63,84.84
Uttar Pradesh,99972,Lucknow-Malihabad,27.11666667,81.11666667,1996,2025,1,JAN,T2M,temp_mean_c,14.753,1.0953,12.52,17.01,30,14.75,29.2745
Uttar Pradesh,99972,Lucknow-Malihabad,27.11666667,81.11666667,1996,2025,1,JAN,T2M_MAX,temp_max_c,27.2133,2.1776,23.02,31.09,30,31.09,32.6845
Uttar Pradesh,99972,Lucknow-Malihabad,27.11666667,81.11666667,1996,2025,1,JAN,T2M_MIN,temp_min_c,4.109,1.2472,1.19,7.22,30,1.19,26.5436
Uttar Pradesh,99972,Lucknow-Malihabad,27.11666667,81.11666667,1996,2025,1,JAN,WS10M,wind_speed_ms,2.7627,0.221,2.21,3.19,30,2.76,3.3064
Uttar Pradesh,99972,Lucknow-Malihabad,27.11666667,81.11666667,1996,2025,2,FEB,ALLSKY_SFC_SW_DWN,solar_kwh_m2_day,16.126,1.149,13.19,18.13,30,16.13,17.9944
Uttar Pradesh,99972,Lucknow-Malihabad,27.11666667,81.11666667,1996,2025,2,FEB,PRECTOTCORR,rainfall_mm,0.6453,0.8496,0,3.22,30,0.65,11.4482
Uttar Pradesh,99972,Lucknow-Malihabad,27.11666667,81.11666667,1996,2025,2,FEB,RH2M,humidity_pct,42.2233,10.4632,24.15,64.4,30,42.22,84.84
Uttar Pradesh,99972,Lucknow-Malihabad,27.11666667,81.11666667,1996,2025,2,FEB,T2M,temp_mean_c,18.8027,1.4315,15.76,22.1,30,18.8,29.2745
Uttar Pradesh,99972,Lucknow-Malihabad,27.11666667,81.11666667,1996,2025,2,FEB,T2M_MAX,temp_max_c,32.6887,2.2494,27.67,37.69,30,37.69,32.6845
Uttar Pradesh,99972,Lucknow-Malihabad,27.11666667,81.11666667,1996,2025,2,FEB,T2M_MIN,temp_min_c,6.453,1.572,3.66,9.77,30,3.66,26.5436
Uttar Pradesh,99972,Lucknow-Malihabad,27.11666667,81.11666667,1996,2025,2,FEB,WS10M,wind_speed_ms,3.1,0.2611,2.66,3.72,30,3.1,3.3064
Uttar Pradesh,99972,Lucknow-Malihabad,27.11666667,81.11666667,1996,2025,3,MAR,ALLSKY_SFC_SW_DWN,solar_kwh_m2_day,20.8507,1.0152,18.66,23.25,30,20.85,17.9944
Uttar Pradesh,99972,Lucknow-Malihabad,27.11666667,81.11666667,1996,2025,3,MAR,PRECTOTCORR,rainfall_mm,0.38,0.5769,0,2.46,30,0.38,11.4482
Uttar Pradesh,99972,Lucknow-Malihabad,27.11666667,81.11666667,1996,2025,3,MAR,RH2M,humidity_pct,31.0447,10.1824,14.8,56.39,30,31.04,84.84
Uttar Pradesh,99972,Lucknow-Malihabad,27.11666667,81.11666667,1996,2025,3,MAR,T2M,temp_mean_c,25.118,1.41,22.32,27.67,30,25.12,29.2745
Uttar Pradesh,99972,Lucknow-Malihabad,27.11666667,81.11666667,1996,2025,3,MAR,T2M_MAX,temp_max_c,39.59,2.0504,35.69,43.73,30,43.73,32.6845
Uttar Pradesh,99972,Lucknow-Malihabad,27.11666667,81.11666667,1996,2025,3,MAR,T2M_MIN,temp_min_c,11.0413,2.1413,7.54,15.97,30,7.54,26.5436
Uttar Pradesh,99972,Lucknow-Malihabad,27.11666667,81.11666667,1996,2025,3,MAR,WS10M,wind_speed_ms,3.3883,0.3341,2.86,4.3,30,3.39,3.3064
Uttar Pradesh,99972,Lucknow-Malihabad,27.11666667,81.11666667,1996,2025,4,APR,ALLSKY_SFC_SW_DWN,solar_kwh_m2_day,23.8643,1.0302,21.95,26.16,30,23.86,17.9944
Uttar Pradesh,99972,Lucknow-Malihabad,27.11666667,81.11666667,1996,2025,4,APR,PRECTOTCORR,rainfall_mm,0.3643,0.3898,0,1.58,30,0.36,11.4482
Uttar Pradesh,99972,Lucknow-Malihabad,27.11666667,81.11666667,1996,2025,4,APR,RH2M,humidity_pct,21.972,7.3872,8.34,41.46,30,21.97,84.84
Uttar Pradesh,99972,Lucknow-Malihabad,27.11666667,81.11666667,1996,2025,4,APR,T2M,temp_mean_c,31.5873,1.2823,28.95,33.96,30,31.59,29.2745
Uttar Pradesh,99972,Lucknow-Malihabad,27.11666667,81.11666667,1996,2025,4,APR,T2M_MAX,temp_max_c,44.4593,1.4536,41.52,47.41,30,47.41,32.6845
Uttar Pradesh,99972,Lucknow-Malihabad,27.11666667,81.11666667,1996,2025,4,APR,T2M_MIN,temp_min_c,18.0703,1.7401,14.71,22.89,30,14.71,26.5436
Uttar Pradesh,99972,Lucknow-Malihabad,27.11666667,81.11666667,1996,2025,4,APR,WS10M,wind_speed_ms,3.5297,0.3699,2.91,4.48,30,3.53,3.3064
Uttar Pradesh,99972,Lucknow-Malihabad,27.11666667,81.11666667,1996,2025,5,MAY,ALLSKY_SFC_SW_DWN,solar_kwh_m2_day,23.872,1.4837,19.59,26.54,30,23.87,17.9944
Uttar Pradesh,99972,Lucknow-Malihabad,27.11666667,81.11666667,1996,2025,5,MAY,PRECTOTCORR,rainfall_mm,1.2193,0.9797,0,4.81,30,1.22,11.4482
Uttar Pradesh,99972,Lucknow-Malihabad,27.11666667,81.11666667,1996,2025,5,MAY,RH2M,humidity_pct,26.79,6.8376,15.78,42.58,30,26.79,84.84
Uttar Pradesh,99972,Lucknow-Malihabad,27.11666667,81.11666667,1996,2025,5,MAY,T2M,temp_mean_c,35.086,1.1491,31.48,36.38,30,35.09,29.2745
Uttar Pradesh,99972,Lucknow-Malihabad,27.11666667,81.11666667,1996,2025,5,MAY,T2M_MAX,temp_max_c,46.281,1.3595,42.58,48.62,30,48.62,32.6845
Uttar Pradesh,99972,Lucknow-Malihabad,27.11666667,81.11666667,1996,2025,5,MAY,T2M_MIN,temp_min_c,23.7843,1.8892,19.56,26.54,30,19.56,26.5436
Uttar Pradesh,99972,Lucknow-Malihabad,27.11666667,81.11666667,1996,2025,5,MAY,WS10M,wind_speed_ms,3.4187,0.3688,2.84,4.23,30,3.42,3.3064
Uttar Pradesh,99972,Lucknow-Malihabad,27.11666667,81.11666667,1996,2025,6,JUN,ALLSKY_SFC_SW_DWN,solar_kwh_m2_day,21.1607,2.3499,15.96,24.7,30,21.16,17.9944
Uttar Pradesh,99972,Lucknow-Malihabad,27.11666667,81.11666667,1996,2025,6,JUN,PRECTOTCORR,rainfall_mm,4.5083,3.085,0.5,13.28,30,4.51,11.4482
Uttar Pradesh,99972,Lucknow-Malihabad,27.11666667,81.11666667,1996,2025,6,JUN,RH2M,humidity_pct,42.5263,11.5868,23.58,67.05,30,42.53,84.84
Uttar Pradesh,99972,Lucknow-Malihabad,27.11666667,81.11666667,1996,2025,6,JUN,T2M,temp_mean_c,35.2527,2.0084,31.1,38.67,30,35.25,29.2745
Uttar Pradesh,99972,Lucknow-Malihabad,27.11666667,81.11666667,1996,2025,6,JUN,T2M_MAX,temp_max_c,45.7123,2.1985,41.3,48.81,30,48.81,32.6845
Uttar Pradesh,99972,Lucknow-Malihabad,27.11666667,81.11666667,1996,2025,6,JUN,T2M_MIN,temp_min_c,26.6533,1.4209,23.39,29.92,30,23.39,26.5436
Uttar Pradesh,99972,Lucknow-Malihabad,27.11666667,81.11666667,1996,2025,6,JUN,WS10M,wind_speed_ms,3.643,0.494,2.76,4.56,30,3.64,3.3064
Uttar Pradesh,99972,Lucknow-Malihabad,27.11666667,81.11666667,1996,2025,7,JUL,ALLSKY_SFC_SW_DWN,solar_kwh_m2_day,17.3477,1.2836,14.91,19.79,30,17.35,17.9944
Uttar Pradesh,99972,Lucknow-Malihabad,27.11666667,81.11666667,1996,2025,7,JUL,PRECTOTCORR,rainfall_mm,9.66,3.8015,4.39,18.33,30,9.66,11.4482
Uttar Pradesh,99972,Lucknow-Malihabad,27.11666667,81.11666667,1996,2025,7,JUL,RH2M,humidity_pct,73.151,9.9811,41.99,87.66,30,73.15,84.84
Uttar Pradesh,99972,Lucknow-Malihabad,27.11666667,81.11666667,1996,2025,7,JUL,T2M,temp_mean_c,30.938,1.5401,28.53,35.97,30,30.94,29.2745
Uttar Pradesh,99972,Lucknow-Malihabad,27.11666667,81.11666667,1996,2025,7,JUL,T2M_MAX,temp_max_c,39.6427,3.014,33.22,45.09,30,45.09,32.6845
Uttar Pradesh,99972,Lucknow-Malihabad,27.11666667,81.11666667,1996,2025,7,JUL,T2M_MIN,temp_min_c,25.3887,0.6276,24.54,27.27,30,24.54,26.5436
Uttar Pradesh,99972,Lucknow-Malihabad,27.11666667,81.11666667,1996,2025,7,JUL,WS10M,wind_speed_ms,3.441,0.3695,2.76,4.33,30,3.44,3.3064
Uttar Pradesh,99972,Lucknow-Malihabad,27.11666667,81.11666667,1996,2025,8,AUG,ALLSKY_SFC_SW_DWN,solar_kwh_m2_day,17.362,1.522,13.95,19.67,30,17.36,17.9944
Uttar Pradesh,99972,Lucknow-Malihabad,27.11666667,81.11666667,1996,2025,8,AUG,PRECTOTCORR,rainfall_mm,8.305,3.4444,3.46,19.51,30,8.31,11.4482
Uttar Pradesh,99972,Lucknow-Malihabad,27.11666667,81.11666667,1996,2025,8,AUG,RH2M,humidity_pct,81.697,5.9062,68.45,89.38,30,81.7,84.84
Uttar Pradesh,99972,Lucknow-Malihabad,27.11666667,81.11666667,1996,2025,8,AUG,T2M,temp_mean_c,29.2313,0.7572,28.18,30.89,30,29.23,29.2745
Uttar Pradesh,99972,Lucknow-Malihabad,27.11666667,81.11666667,1996,2025,8,AUG,T2M_MAX,temp_max_c,35.441,1.979,32.62,40.32,30,40.32,32.6845
Uttar Pradesh,99972,Lucknow-Malihabad,27.11666667,81.11666667,1996,2025,8,AUG,T2M_MIN,temp_min_c,24.5383,0.5296,23.48,25.31,30,23.48,26.5436
Uttar Pradesh,99972,Lucknow-Malihabad,27.11666667,81.11666667,1996,2025,8,AUG,WS10M,wind_speed_ms,3.0763,0.3996,2.47,3.94,30,3.08,3.3064
Uttar Pradesh,99972,Lucknow-Malihabad,27.11666667,81.11666667,1996,2025,9,SEP,ALLSKY_SFC_SW_DWN,solar_kwh_m2_day,17.211,1.304,14.2,19.77,30,17.21,17.9944
Uttar Pradesh,99972,Lucknow-Malihabad,27.11666667,81.11666667,1996,2025,9,SEP,PRECTOTCORR,rainfall_mm,5.7503,2.4462,0.7,10.19,30,5.75,11.4482
Uttar Pradesh,99972,Lucknow-Malihabad,27.11666667,81.11666667,1996,2025,9,SEP,RH2M,humidity_pct,81.4227,6.9948,59.32,88.28,30,81.42,84.84
Uttar Pradesh,99972,Lucknow-Malihabad,27.11666667,81.11666667,1996,2025,9,SEP,T2M,temp_mean_c,27.932,0.6742,26.81,30.08,30,27.93,29.2745
Uttar Pradesh,99972,Lucknow-Malihabad,27.11666667,81.11666667,1996,2025,9,SEP,T2M_MAX,temp_max_c,34.3333,1.652,31.77,38.32,30,38.32,32.6845
Uttar Pradesh,99972,Lucknow-Malihabad,27.11666667,81.11666667,1996,2025,9,SEP,T2M_MIN,temp_min_c,21.4843,1.3256,19.3,23.66,30,19.3,26.5436
Uttar Pradesh,99972,Lucknow-Malihabad,27.11666667,81.11666667,1996,2025,9,SEP,WS10M,wind_speed_ms,2.7307,0.3459,2,3.61,30,2.73,3.3064
Uttar Pradesh,99972,Lucknow-Malihabad,27.11666667,81.11666667,1996,2025,10,OCT,ALLSKY_SFC_SW_DWN,solar_kwh_m2_day,16.769,1.1227,14.25,18.6,30,16.77,17.9944
Uttar Pradesh,99972,Lucknow-Malihabad,27.11666667,81.11666667,1996,2025,10,OCT,PRECTOTCORR,rainfall_mm,1.5097,1.7279,0,7.67,30,1.51,11.4482
Uttar Pradesh,99972,Lucknow-Malihabad,27.11666667,81.11666667,1996,2025,10,OCT,RH2M,humidity_pct,68.0293,10.0679,42.11,82.18,30,68.03,84.84
Uttar Pradesh,99972,Lucknow-Malihabad,27.11666667,81.11666667,1996,2025,10,OCT,T2M,temp_mean_c,24.9877,1.1465,22.56,27.84,30,24.99,29.2745
Uttar Pradesh,99972,Lucknow-Malihabad,27.11666667,81.11666667,1996,2025,10,OCT,T2M_MAX,temp_max_c,33.2513,1.8438,30.04,38.84,30,38.84,32.6845
Uttar Pradesh,99972,Lucknow-Malihabad,27.11666667,81.11666667,1996,2025,10,OCT,T2M_MIN,temp_min_c,15.0343,1.4382,11.19,17.81,30,11.19,26.5436
Uttar Pradesh,99972,Lucknow-Malihabad,27.11666667,81.11666667,1996,2025,10,OCT,WS10M,wind_speed_ms,2.023,0.3156,1.44,2.69,30,2.02,3.3064
Uttar Pradesh,99972,Lucknow-Malihabad,27.11666667,81.11666667,1996,2025,11,NOV,ALLSKY_SFC_SW_DWN,solar_kwh_m2_day,13.8087,0.8938,12.18,15.7,30,13.81,17.9944
Uttar Pradesh,99972,Lucknow-Malihabad,27.11666667,81.11666667,1996,2025,11,NOV,PRECTOTCORR,rainfall_mm,0.0983,0.187,0,0.71,30,0.1,11.4482
Uttar Pradesh,99972,Lucknow-Malihabad,27.11666667,81.11666667,1996,2025,11,NOV,RH2M,humidity_pct,56.8447,12.6077,36.22,76.73,30,56.84,84.84
Uttar Pradesh,99972,Lucknow-Malihabad,27.11666667,81.11666667,1996,2025,11,NOV,T2M,temp_mean_c,20.1567,1.4453,17.5,23.97,30,20.16,29.2745
Uttar Pradesh,99972,Lucknow-Malihabad,27.11666667,81.11666667,1996,2025,11,NOV,T2M_MAX,temp_max_c,30.5053,1.9351,26.66,33.9,30,33.9,32.6845
Uttar Pradesh,99972,Lucknow-Malihabad,27.11666667,81.11666667,1996,2025,11,NOV,T2M_MIN,temp_min_c,9.7197,1.5513,7.32,13.66,30,7.32,26.5436
Uttar Pradesh,99972,Lucknow-Malihabad,27.11666667,81.11666667,1996,2025,11,NOV,WS10M,wind_speed_ms,2.1997,0.3437,1.58,3.02,30,2.2,3.3064
Uttar Pradesh,99972,Lucknow-Malihabad,27.11666667,81.11666667,1996,2025,12,DEC,ALLSKY_SFC_SW_DWN,solar_kwh_m2_day,11.1123,1.2233,8.93,13.46,30,11.11,17.9944
Uttar Pradesh,99972,Lucknow-Malihabad,27.11666667,81.11666667,1996,2025,12,DEC,PRECTOTCORR,rainfall_mm,0.23,0.4331,0,2.12,30,0.23,11.4482
Uttar Pradesh,99972,Lucknow-Malihabad,27.11666667,81.11666667,1996,2025,12,DEC,RH2M,humidity_pct,52.4623,12.3335,32.23,74.63,30,52.46,84.84
Uttar Pradesh,99972,Lucknow-Malihabad,27.11666667,81.11666667,1996,2025,12,DEC,T2M,temp_mean_c,15.718,1.082,13.2,17.35,30,15.72,29.2745
Uttar Pradesh,99972,Lucknow-Malihabad,27.11666667,81.11666667,1996,2025,12,DEC,T2M_MAX,temp_max_c,27.4583,1.7834,23.94,32.26,30,32.26,32.6845
Uttar Pradesh,99972,Lucknow-Malihabad,27.11666667,81.11666667,1996,2025,12,DEC,T2M_MIN,temp_min_c,5.005,1.4373,1.76,7.58,30,1.76,26.5436
Uttar Pradesh,99972,Lucknow-Malihabad,27.11666667,81.11666667,1996,2025,12,DEC,WS10M,wind_speed_ms,2.3987,0.3641,1.74,3.28,30,2.4,3.3064
Uttar Pradesh,99973,Lucknow-Mohanlalganj,27.11666667,80.53333333,1996,2025,0,ANNUAL,ALLSKY_SFC_SW_DWN,solar_kwh_m2_day,17.671,0.6039,16.65,18.68,30,,15.9167
Uttar Pradesh,99973,Lucknow-Mohanlalganj,27.11666667,80.53333333,1996,2025,0,ANNUAL,PRECTOTCORR,rainfall_mm,2.4893,0.4977,1.72,4.12,30,,9.5855
Uttar Pradesh,99973,Lucknow-Mohanlalganj,27.11666667,80.53333333,1996,2025,0,ANNUAL,RH2M,humidity_pct,50.701,4.9817,41.34,57.87,30,,84.2282
Uttar Pradesh,99973,Lucknow-Mohanlalganj,27.11666667,80.53333333,1996,2025,0,ANNUAL,T2M,temp_mean_c,25.9337,0.5235,24.98,26.96,30,,29.3264
Uttar Pradesh,99973,Lucknow-Mohanlalganj,27.11666667,80.53333333,1996,2025,0,ANNUAL,T2M_MAX,temp_max_c,47.09,1.1276,44.02,49.37,30,,32.8691
Uttar Pradesh,99973,Lucknow-Mohanlalganj,27.11666667,80.53333333,1996,2025,0,ANNUAL,T2M_MIN,temp_min_c,3.514,1.1864,1.01,5.7,30,,26.5536
Uttar Pradesh,99973,Lucknow-Mohanlalganj,27.11666667,80.53333333,1996,2025,0,ANNUAL,WS10M,wind_speed_ms,2.95,0.1296,2.62,3.24,30,,3.0418
Uttar Pradesh,99973,Lucknow-Mohanlalganj,27.11666667,80.53333333,1996,2025,1,JAN,ALLSKY_SFC_SW_DWN,solar_kwh_m2_day,11.0553,1.6846,7.46,14.06,30,11.06,15.9167
Uttar Pradesh,99973,Lucknow-Mohanlalganj,27.11666667,80.53333333,1996,2025,1,JAN,PRECTOTCORR,rainfall_mm,0.5797,0.6131,0,2.26,30,0.58,9.5855
Uttar Pradesh,99973,Lucknow-Mohanlalganj,27.11666667,80.53333333,1996,2025,1,JAN,RH2M,humidity_pct,47.574,11.7575,29.11,74.14,30,47.57,84.2282
Uttar Pradesh,99973,Lucknow-Mohanlalganj,27.11666667,80.53333333,1996,2025,1,JAN,T2M,temp_mean_c,14.7983,1.1159,12.69,17.07,30,14.8,29.3264
Uttar Pradesh,99973,Lucknow-Mohanlalganj,27.11666667,80.53333333,1996,2025,1,JAN,T2M_MAX,temp_max_c,27.4393,2.3035,23.13,31.67,30,31.67,32.8691
Uttar Pradesh,99973,Lucknow-Mohanlalganj,27.11666667,80.53333333,1996,2025,1,JAN,T2M_MIN,temp_min_c,4.0333,1.2164,1.38,6.91,30,1.38,26.5536
Uttar Pradesh,99973,Lucknow-Mohanlalganj,27.11666667,80.53333333,1996,2025,1,JAN,WS10M,wind_speed_ms,2.7323,0.2635,2.13,3.16,30,2.73,3.0418
Uttar Pradesh,99973,Lucknow-Mohanlalganj,27.11666667,80.53333333,1996,2025,2,FEB,ALLSKY_SFC_SW_DWN,solar_kwh_m2_day,16.2947,1.1609,13.41,18.11,30,16.29,15.9167
Uttar Pradesh,99973,Lucknow-Mohanlalganj,27.11666667,80.53333333,1996,2025,2,FEB,PRECTOTCORR,rainfall_mm,0.756,1.289,0,6.17,30,0.76,9.5855
Uttar Pradesh,99973,Lucknow-Mohanlalganj,27.11666667,80.53333333,1996,2025,2,FEB,RH2M,humidity_pct,40.6843,10.7485,23.23,61.6,30,40.68,84.2282
Uttar Pradesh,99973,Lucknow-Mohanlalganj,27.11666667,80.53333333,1996,2025,2,FEB,T2M,temp_mean_c,18.8053,1.4869,15.91,22.77,30,18.81,29.3264
Uttar Pradesh,99973,Lucknow-Mohanlalganj,27.11666667,80.53333333,1996,2025,2,FEB,T2M_MAX,temp_max_c,32.832,2.2774,27.86,37.7,30,37.7,32.8691
Uttar Pradesh,99973,Lucknow-Mohanlalganj,27.11666667,80.53333333,1996,2025,2,FEB,T2M_MIN,temp_min_c,6.4353,1.6513,2.6,9.79,30,2.6,26.5536
Uttar Pradesh,99973,Lucknow-Mohanlalganj,27.11666667,80.53333333,1996,2025,2,FEB,WS10M,wind_speed_ms,3.0707,0.2581,2.61,3.67,30,3.07,3.0418
Uttar Pradesh,99973,Lucknow-Mohanlalganj,27.11666667,80.53333333,1996,2025,3,MAR,ALLSKY_SFC_SW_DWN,solar_kwh_m2_day,20.9113,1.0577,18.51,23.23,30,20.91,15.9167
Uttar Pradesh,99973,Lucknow-Mohanlalganj,27.11666667,80.53333333,1996,2025,3,MAR,PRECTOTCORR,rainfall_mm,0.3473,0.5366,0,2.4,30,0.35,9.5855
Uttar Pradesh,99973,Lucknow-Mohanlalganj,27.11666667,80.53333333,1996,2025,3,MAR,RH2M,humidity_pct,30.054,9.7766,14.95,54.22,30,30.05,84.2282
Uttar Pradesh,99973,Lucknow-Mohanlalganj,27.11666667,80.53333333,1996,2025,3,MAR,T2M,temp_mean_c,25.143,1.3922,22.43,27.62,30,25.14,29.3264
Uttar Pradesh,99973,Lucknow-Mohanlalganj,27.11666667,80.53333333,1996,2025,3,MAR,T2M_MAX,temp_max_c,39.755,2.046,35.74,43.87,30,43.87,32.8691
Uttar Pradesh,99973,Lucknow-Mohanlalganj,27.11666667,80.53333333,1996,2025,3,MAR,T2M_MIN,temp_min_c,11.041,2.0782,7.89,15.76,30,7.89,26.5536
Uttar Pradesh,99973,Lucknow-Mohanlalganj,27.11666667,80.53333333,1996,2025,3,MAR,WS10M,wind_speed_ms,3.327,0.3378,2.73,4.15,30,3.33,3.0418
Uttar Pradesh,99973,Lucknow-Mohanlalganj,27.11666667,80.53333333,1996,2025,4,APR,ALLSKY_SFC_SW_DWN,solar_kwh_m2_day,23.8573,0.849,22.42,25.27,30,23.86,15.9167
Uttar Pradesh,99973,Lucknow-Mohanlalganj,27.11666667,80.53333333,1996,2025,4,APR,PRECTOTCORR,rainfall_mm,0.306,0.3451,0,1.42,30,0.31,9.5855
Uttar Pradesh,99973,Lucknow-Mohanlalganj,27.11666667,80.53333333,1996,2025,4,APR,RH2M,humidity_pct,20.8867,6.8753,8.14,40.2,30,20.89,84.2282
Uttar Pradesh,99973,Lucknow-Mohanlalganj,27.11666667,80.53333333,1996,2025,4,APR,T2M,temp_mean_c,31.6917,1.2728,29.03,33.81,30,31.69,29.3264
Uttar Pradesh,99973,Lucknow-Mohanlalganj,27.11666667,80.53333333,1996,2025,4,APR,T2M_MAX,temp_max_c,44.614,1.3789,41.67,47.44,30,47.44,32.8691
Uttar Pradesh,99973,Lucknow-Mohanlalganj,27.11666667,80.53333333,1996,2025,4,APR,T2M_MIN,temp_min_c,18.1403,1.8148,14.35,22.75,30,14.35,26.5536
Uttar Pradesh,99973,Lucknow-Mohanlalganj,27.11666667,80.53333333,1996,2025,4,APR,WS10M,wind_speed_ms,3.4703,0.3604,2.85,4.22,30,3.47,3.0418
Uttar Pradesh,99973,Lucknow-Mohanlalganj,27.11666667,80.53333333,1996,2025,5,MAY,ALLSKY_SFC_SW_DWN,solar_kwh_m2_day,24.127,1.3114,20.3,25.82,30,24.13,15.9167
Uttar Pradesh,99973,Lucknow-Mohanlalganj,27.11666667,80.53333333,1996,2025,5,MAY,PRECTOTCORR,rainfall_mm,0.933,0.7467,0.01,2.66,30,0.93,9.5855
Uttar Pradesh,99973,Lucknow-Mohanlalganj,27.11666667,80.53333333,1996,2025,5,MAY,RH2M,humidity_pct,24.9793,6.2875,15.62,38.27,30,24.98,84.2282
Uttar Pradesh,99973,Lucknow-Mohanlalganj,27.11666667,80.53333333,1996,2025,5,MAY,T2M,temp_mean_c,35.3617,1.1478,32.03,36.57,30,35.36,29.3264
Uttar Pradesh,99973,Lucknow-Mohanlalganj,27.11666667,80.53333333,1996,2025,5,MAY,T2M_MAX,temp_max_c,46.4553,1.3344,42.79,48.51,30,48.51,32.8691
Uttar Pradesh,99973,Lucknow-Mohanlalganj,27.11666667,80.53333333,1996,2025,5,MAY,T2M_MIN,temp_min_c,23.8077,2.0074,19.36,26.62,30,19.36,26.5536
Uttar Pradesh,99973,Lucknow-Mohanlalganj,27.11666667,80.53333333,1996,2025,5,MAY,WS10M,wind_speed_ms,3.4047,0.3458,2.83,4.09,30,3.4,3.0418
Uttar Pradesh,99973,Lucknow-Mohanlalganj,27.11666667,80.53333333,1996,2025,6,JUN,ALLSKY_SFC_SW_DWN,solar_kwh_m2_day,21.5657,2.0269,17.16,24.81,30,21.57,15.9167
Uttar Pradesh,99973,Lucknow-Mohanlalganj,27.11666667,80.53333333,1996,2025,6,JUN,PRECTOTCORR,rainfall_mm,3.6593,2.3392,0.28,9.65,30,3.66,9.5855
Uttar Pradesh,99973,Lucknow-Mohanlalganj,27.11666667,80.53333333,1996,2025,6,JUN,RH2M,humidity_pct,40.6133,11.1406,22.64,66.31,30,40.61,84.2282
Uttar Pradesh,99973,Lucknow-Mohanlalganj,27.11666667,80.53333333,1996,2025,6,JUN,T2M,temp_mean_c,35.5877,1.9625,31.36,38.86,30,35.59,29.3264
Uttar Pradesh,99973,Lucknow-Mohanlalganj,27.11666667,80.53333333,1996,2025,6,JUN,T2M_MAX,temp_max_c,46.0457,2.0089,42,49.37,30,49.37,32.8691
Uttar Pradesh,99973,Lucknow-Mohanlalganj,27.11666667,80.53333333,1996,2025,6,JUN,T2M_MIN,temp_min_c,26.6933,1.5019,23.27,29.81,30,23.27,26.5536
Uttar Pradesh,99973,Lucknow-Mohanlalganj,27.11666667,80.53333333,1996,2025,6,JUN,WS10M,wind_speed_ms,3.642,0.5014,2.71,4.72,30,3.64,3.0418
Uttar Pradesh,99973,Lucknow-Mohanlalganj,27.11666667,80.53333333,1996,2025,7,JUL,ALLSKY_SFC_SW_DWN,solar_kwh_m2_day,17.4373,1.2897,14.93,20.46,30,17.44,15.9167
Uttar Pradesh,99973,Lucknow-Mohanlalganj,27.11666667,80.53333333,1996,2025,7,JUL,PRECTOTCORR,rainfall_mm,8.479,3.1111,4.05,16.86,30,8.48,9.5855
Uttar Pradesh,99973,Lucknow-Mohanlalganj,27.11666667,80.53333333,1996,2025,7,JUL,RH2M,humidity_pct,71.6957,10.2677,38.05,86.59,30,71.7,84.2282
Uttar Pradesh,99973,Lucknow-Mohanlalganj,27.11666667,80.53333333,1996,2025,7,JUL,T2M,temp_mean_c,31.124,1.6401,28.61,36.72,30,31.12,29.3264
Uttar Pradesh,99973,Lucknow-Mohanlalganj,27.11666667,80.53333333,1996,2025,7,JUL,T2M_MAX,temp_max_c,40.1537,2.9572,33.68,45.6,30,45.6,32.8691
Uttar Pradesh,99973,Lucknow-Mohanlalganj,27.11666667,80.53333333,1996,2025,7,JUL,T2M_MIN,temp_min_c,25.5,0.5878,24.45,27.2,30,24.45,26.5536
Uttar Pradesh,99973,Lucknow-Mohanlalganj,27.11666667,80.53333333,1996,2025,7,JUL,WS10M,wind_speed_ms,3.3643,0.3916,2.63,4.36,30,3.36,3.0418
Uttar Pradesh,99973,Lucknow-Mohanlalganj,27.11666667,80.53333333,1996,2025,8,AUG,ALLSKY_SFC_SW_DWN,solar_kwh_m2_day,17.3603,1.6848,13.74,20.29,30,17.36,15.9167
Uttar Pradesh,99973,Lucknow-Mohanlalganj,27.11666667,80.53333333,1996,2025,8,AUG,PRECTOTCORR,rainfall_mm,7.5793,3.3526,3.12,16.53,30,7.58,9.5855
Uttar Pradesh,99973,Lucknow-Mohanlalganj,27.11666667,80.53333333,1996,2025,8,AUG,RH2M,humidity_pct,80.7633,6.123,67.73,88.92,30,80.76,84.2282
Uttar Pradesh,99973,Lucknow-Mohanlalganj,27.11666667,80.53333333,1996,2025,8,AUG,T2M,temp_mean_c,29.3007,0.7982,28.21,31.15,30,29.3,29.3264
Uttar Pradesh,99973,Lucknow-Mohanlalganj,27.11666667,80.53333333,1996,2025,8,AUG,T2M_MAX,temp_max_c,35.677,2.2569,32.83,40.5,30,40.5,32.8691
Uttar Pradesh,99973,Lucknow-Mohanlalganj,27.11666667,80.53333333,1996,2025,8,AUG,T2M_MIN,temp_min_c,24.5943,0.4638,23.42,25.56,30,23.42,26.5536
Uttar Pradesh,99973,Lucknow-Mohanlalganj,27.11666667,80.53333333,1996,2025,8,AUG,WS10M,wind_speed_ms,3.0323,0.4152,2.41,3.87,30,3.03,3.0418
Uttar Pradesh,99973,Lucknow-Mohanlalganj,27.11666667,80.53333333,1996,2025,9,SEP,ALLSKY_SFC_SW_DWN,solar_kwh_m2_day,17.285,1.5382,13.63,20.03,30,17.28,15.9167
Uttar Pradesh,99973,Lucknow-Mohanlalganj,27.11666667,80.53333333,1996,2025,9,SEP,PRECTOTCORR,rainfall_mm,5.4087,2.6315,1.09,10.16,30,5.41,9.5855
Uttar Pradesh,99973,Lucknow-Mohanlalganj,27.11666667,80.53333333,1996,2025,9,SEP,RH2M,humidity_pct,79.918,8.5022,54.29,87.95,30,79.92,84.2282
Uttar Pradesh,99973,Lucknow-Mohanlalganj,27.11666667,80.53333333,1996,2025,9,SEP,T2M,temp_mean_c,28.025,0.8801,26.75,30.56,30,28.03,29.3264
Uttar Pradesh,99973,Lucknow-Mohanlalganj,27.11666667,80.53333333,1996,2025,9,SEP,T2M_MAX,temp_max_c,34.7257,1.9711,31.9,39.33,30,39.33,32.8691
Uttar Pradesh,99973,Lucknow-Mohanlalganj,27.11666667,80.53333333,1996,2025,9,SEP,T2M_MIN,temp_min_c,21.3547,1.3053,18.68,23.61,30,18.68,26.5536
Uttar Pradesh,99973,Lucknow-Mohanlalganj,27.11666667,80.53333333,1996,2025,9,SEP,WS10M,wind_speed_ms,2.7043,0.364,1.96,3.64,30,2.7,3.0418
Uttar Pradesh,99973,Lucknow-Mohanlalganj,27.11666667,80.53333333,1996,2025,10,OCT,ALLSKY_SFC_SW_DWN,solar_kwh_m2_day,17.0393,1.0294,14.74,18.92,30,17.04,15.9167
Uttar Pradesh,99973,Lucknow-Mohanlalganj,27.11666667,80.53333333,1996,2025,10,OCT,PRECTOTCORR,rainfall_mm,1.2913,1.5372,0,6.78,30,1.29,9.5855
Uttar Pradesh,99973,Lucknow-Mohanlalganj,27.11666667,80.53333333,1996,2025,10,OCT,RH2M,humidity_pct,65.9067,10.7912,39.54,80.7,30,65.91,84.2282
Uttar Pradesh,99973,Lucknow-Mohanlalganj,27.11666667,80.53333333,1996,2025,10,OCT,T2M,temp_mean_c,25.047,1.2428,22.58,27.95,30,25.05,29.3264
Uttar Pradesh,99973,Lucknow-Mohanlalganj,27.11666667,80.53333333,1996,2025,10,OCT,T2M_MAX,temp_max_c,33.5423,2.0483,30.4,38.85,30,38.85,32.8691
Uttar Pradesh,99973,Lucknow-Mohanlalganj,27.11666667,80.53333333,1996,2025,10,OCT,T2M_MIN,temp_min_c,15.076,1.4949,11.22,18.25,30,11.22,26.5536
Uttar Pradesh,99973,Lucknow-Mohanlalganj,27.11666667,80.53333333,1996,2025,10,OCT,WS10M,wind_speed_ms,2.037,0.294,1.54,2.64,30,2.04,3.0418
Uttar Pradesh,99973,Lucknow-Mohanlalganj,27.11666667,80.53333333,1996,2025,11,NOV,ALLSKY_SFC_SW_DWN,solar_kwh_m2_day,13.876,0.9559,12.31,16.1,30,13.88,15.9167
Uttar Pradesh,99973,Lucknow-Mohanlalganj,27.11666667,80.53333333,1996,2025,11,NOV,PRECTOTCORR,rainfall_mm,0.1233,0.2396,0,0.93,30,0.12,9.5855
Uttar Pradesh,99973,Lucknow-Mohanlalganj,27.11666667,80.53333333,1996,2025,11,NOV,RH2M,humidity_pct,54.2683,12.9059,35.43,75.04,30,54.27,84.2282
Uttar Pradesh,99973,Lucknow-Mohanlalganj,27.11666667,80.53333333,1996,2025,11,NOV,T2M,temp_mean_c,20.2553,1.4399,17.31,23.97,30,20.26,29.3264
Uttar Pradesh,99973,Lucknow-Mohanlalganj,27.11666667,80.53333333,1996,2025,11,NOV,T2M_MAX,temp_max_c,30.7753,2.0153,26.87,34.73,30,34.73,32.8691
Uttar Pradesh,99973,Lucknow-Mohanlalganj,27.11666667,80.53333333,1996,2025,11,NOV,T2M_MIN,temp_min_c,9.642,1.4844,6.98,12.83,30,6.98,26.5536
Uttar Pradesh,99973,Lucknow-Mohanlalganj,27.11666667,80.53333333,1996,2025,11,NOV,WS10M,wind_speed_ms,2.223,0.364,1.5,3.17,30,2.22,3.0418
Uttar Pradesh,99973,Lucknow-Mohanlalganj,27.11666667,80.53333333,1996,2025,12,DEC,ALLSKY_SFC_SW_DWN,solar_kwh_m2_day,11.3157,1.1092,9.12,13.6,30,11.32,15.9167
Uttar Pradesh,99973,Lucknow-Mohanlalganj,27.11666667,80.53333333,1996,2025,12,DEC,PRECTOTCORR,rainfall_mm,0.25,0.4838,0,2.4,30,0.25,9.5855
Uttar Pradesh,99973,Lucknow-Mohanlalganj,27.11666667,80.53333333,1996,2025,12,DEC,RH2M,humidity_pct,49.9673,12.6369,32.14,74.33,30,49.97,84.2282
Uttar Pradesh,99973,Lucknow-Mohanlalganj,27.11666667,80.53333333,1996,2025,12,DEC,T2M,temp_mean_c,15.8213,1.0542,13.24,17.45,30,15.82,29.3264
Uttar Pradesh,99973,Lucknow-Mohanlalganj,27.11666667,80.53333333,1996,2025,12,DEC,T2M_MAX,temp_max_c,27.622,1.7724,23.92,31.15,30,31.15,32.8691
Uttar Pradesh,99973,Lucknow-Mohanlalganj,27.11666667,80.53333333,1996,2025,12,DEC,T2M_MIN,temp_min_c,4.904,1.5171,1.01,7.73,30,1.01,26.5536
Uttar Pradesh,99973,Lucknow-Mohanlalganj,27.11666667,80.53333333,1996,2025,12,DEC,WS10M,wind_speed_ms,2.419,0.396,1.81,3.24,30,2.42,3.0418
Uttar Pradesh,42265,Mainpuri,27.23333333,79.05,1996,2025,0,ANNUAL,ALLSKY_SFC_SW_DWN,solar_kwh_m2_day,17.4387,0.7094,16.28,18.81,30,,15.0011
Uttar Pradesh,42265,Mainpuri,27.23333333,79.05,1996,2025,0,ANNUAL,PRECTOTCORR,rainfall_mm,1.8113,0.5133,0.99,3.05,30,,16.9027
Uttar Pradesh,42265,Mainpuri,27.23333333,79.05,1996,2025,0,ANNUAL,RH2M,humidity_pct,45.6457,5.6397,34.75,56.07,30,,85.1764
Uttar Pradesh,42265,Mainpuri,27.23333333,79.05,1996,2025,0,ANNUAL,T2M,temp_mean_c,26.3913,0.6534,25.07,27.54,30,,29.1673
Uttar Pradesh,42265,Mainpuri,27.23333333,79.05,1996,2025,0,ANNUAL,T2M_MAX,temp_max_c,47.4957,1.1049,44.84,49.09,30,,32.4173
Uttar Pradesh,42265,Mainpuri,27.23333333,79.05,1996,2025,0,ANNUAL,T2M_MIN,temp_min_c,3.0333,1.2988,0.36,5.1,30,,26.6536
Uttar Pradesh,42265,Mainpuri,27.23333333,79.05,1996,2025,0,ANNUAL,WS10M,wind_speed_ms,2.915,0.1508,2.68,3.23,30,,2.9491
Uttar Pradesh,42265,Mainpuri,27.23333333,79.05,1996,2025,1,JAN,ALLSKY_SFC_SW_DWN,solar_kwh_m2_day,10.7647,2.1048,6.54,14.8,30,10.76,15.0011
Uttar Pradesh,42265,Mainpuri,27.23333333,79.05,1996,2025,1,JAN,PRECTOTCORR,rainfall_mm,0.4197,0.4408,0,1.43,30,0.42,16.9027
Uttar Pradesh,42265,Mainpuri,27.23333333,79.05,1996,2025,1,JAN,RH2M,humidity_pct,42.8203,10.7611,26.16,64.16,30,42.82,85.1764
Uttar Pradesh,42265,Mainpuri,27.23333333,79.05,1996,2025,1,JAN,T2M,temp_mean_c,14.9133,1.0946,12.86,17.05,30,14.91,29.1673
Uttar Pradesh,42265,Mainpuri,27.23333333,79.05,1996,2025,1,JAN,T2M_MAX,temp_max_c,27.9077,2.28,23.77,32.35,30,32.35,32.4173
Uttar Pradesh,42265,Mainpuri,27.23333333,79.05,1996,2025,1,JAN,T2M_MIN,temp_min_c,3.5287,1.2781,0.36,5.5,30,0.36,26.6536
Uttar Pradesh,42265,Mainpuri,27.23333333,79.05,1996,2025,1,JAN,WS10M,wind_speed_ms,2.5343,0.2683,1.86,3.11,30,2.53,2.9491
Uttar Pradesh,42265,Mainpuri,27.23333333,79.05,1996,2025,2,FEB,ALLSKY_SFC_SW_DWN,solar_kwh_m2_day,16.167,1.2995,12.99,18.3,30,16.17,15.0011
Uttar Pradesh,42265,Mainpuri,27.23333333,79.05,1996,2025,2,FEB,PRECTOTCORR,rainfall_mm,0.458,0.6518,0,2.13,30,0.46,16.9027
Uttar Pradesh,42265,Mainpuri,27.23333333,79.05,1996,2025,2,FEB,RH2M,humidity_pct,36.98,9.8705,19.43,55.4,30,36.98,85.1764
Uttar Pradesh,42265,Mainpuri,27.23333333,79.05,1996,2025,2,FEB,T2M,temp_mean_c,18.8557,1.4832,16.37,23.33,30,18.86,29.1673
Uttar Pradesh,42265,Mainpuri,27.23333333,79.05,1996,2025,2,FEB,T2M_MAX,temp_max_c,33.328,2.2375,27.54,37.55,30,37.55,32.4173
Uttar Pradesh,42265,Mainpuri,27.23333333,79.05,1996,2025,2,FEB,T2M_MIN,temp_min_c,5.9993,1.7354,1.4,10.14,30,1.4,26.6536
Uttar Pradesh,42265,Mainpuri,27.23333333,79.05,1996,2025,2,FEB,WS10M,wind_speed_ms,2.8587,0.2271,2.44,3.38,30,2.86,2.9491
Uttar Pradesh,42265,Mainpuri,27.23333333,79.05,1996,2025,3,MAR,ALLSKY_SFC_SW_DWN,solar_kwh_m2_day,20.8203,0.9975,18.21,22.94,30,20.82,15.0011
Uttar Pradesh,42265,Mainpuri,27.23333333,79.05,1996,2025,3,MAR,PRECTOTCORR,rainfall_mm,0.323,0.5259,0,2.57,30,0.32,16.9027
Uttar Pradesh,42265,Mainpuri,27.23333333,79.05,1996,2025,3,MAR,RH2M,humidity_pct,28.0983,9.3009,16.1,46.61,30,28.1,85.1764
Uttar Pradesh,42265,Mainpuri,27.23333333,79.05,1996,2025,3,MAR,T2M,temp_mean_c,25.205,1.4612,22.2,27.46,30,25.21,29.1673
Uttar Pradesh,42265,Mainpuri,27.23333333,79.05,1996,2025,3,MAR,T2M_MAX,temp_max_c,40.1703,2.2475,36.22,43.71,30,43.71,32.4173
Uttar Pradesh,42265,Mainpuri,27.23333333,79.05,1996,2025,3,MAR,T2M_MIN,temp_min_c,10.8643,2.1987,7.17,15.22,30,7.17,26.6536
Uttar Pradesh,42265,Mainpuri,27.23333333,79.05,1996,2025,3,MAR,WS10M,wind_speed_ms,3.0433,0.3148,2.39,3.63,30,3.04,2.9491
Uttar Pradesh,42265,Mainpuri,27.23333333,79.05,1996,2025,4,APR,ALLSKY_SFC_SW_DWN,solar_kwh_m2_day,23.8083,0.8282,22.19,25.37,30,23.81,15.0011
Uttar Pradesh,42265,Mainpuri,27.23333333,79.05,1996,2025,4,APR,PRECTOTCORR,rainfall_mm,0.2257,0.2471,0,1.06,30,0.23,16.9027
Uttar Pradesh,42265,Mainpuri,27.23333333,79.05,1996,2025,4,APR,RH2M,humidity_pct,19.769,6.5705,8.61,39.78,30,19.77,85.1764
Uttar Pradesh,42265,Mainpuri,27.23333333,79.05,1996,2025,4,APR,T2M,temp_mean_c,31.7867,1.3395,28.89,34.29,30,31.79,29.1673
Uttar Pradesh,42265,Mainpuri,27.23333333,79.05,1996,2025,4,APR,T2M_MAX,temp_max_c,44.702,1.3529,41.13,47.16,30,47.16,32.4173
Uttar Pradesh,42265,Mainpuri,27.23333333,79.05,1996,2025,4,APR,T2M_MIN,temp_min_c,17.805,1.723,13.29,21.59,30,13.29,26.6536
Uttar Pradesh,42265,Mainpuri,27.23333333,79.05,1996,2025,4,APR,WS10M,wind_speed_ms,3.2197,0.3173,2.71,4.14,30,3.22,2.9491
Uttar Pradesh,42265,Mainpuri,27.23333333,79.05,1996,2025,5,MAY,ALLSKY_SFC_SW_DWN,solar_kwh_m2_day,23.9467,1.2471,20.79,26.7,30,23.95,15.0011
Uttar Pradesh,42265,Mainpuri,27.23333333,79.05,1996,2025,5,MAY,PRECTOTCORR,rainfall_mm,0.7147,0.5821,0.04,2.48,30,0.71,16.9027
Uttar Pradesh,42265,Mainpuri,27.23333333,79.05,1996,2025,5,MAY,RH2M,humidity_pct,22.535,5.1825,14.45,35.14,30,22.53,85.1764
Uttar Pradesh,42265,Mainpuri,27.23333333,79.05,1996,2025,5,MAY,T2M,temp_mean_c,35.825,1.1947,32.66,37.3,30,35.83,29.1673
Uttar Pradesh,42265,Mainpuri,27.23333333,79.05,1996,2025,5,MAY,T2M_MAX,temp_max_c,46.897,1.3302,42.62,49.08,30,49.08,32.4173
Uttar Pradesh,42265,Mainpuri,27.23333333,79.05,1996,2025,5,MAY,T2M_MIN,temp_min_c,23.7663,2.0658,19.13,26.98,30,19.13,26.6536
Uttar Pradesh,42265,Mainpuri,27.23333333,79.05,1996,2025,5,MAY,WS10M,wind_speed_ms,3.4487,0.3988,2.75,4.37,30,3.45,2.9491
Uttar Pradesh,42265,Mainpuri,27.23333333,79.05,1996,2025,6,JUN,ALLSKY_SFC_SW_DWN,solar_kwh_m2_day,21.2707,1.7125,17.17,24.49,30,21.27,15.0011
Uttar Pradesh,42265,Mainpuri,27.23333333,79.05,1996,2025,6,JUN,PRECTOTCORR,rainfall_mm,2.4207,1.6378,0.47,7.5,30,2.42,16.9027
Uttar Pradesh,42265,Mainpuri,27.23333333,79.05,1996,2025,6,JUN,RH2M,humidity_pct,36.7453,8.4006,22.19,55.51,30,36.75,85.1764
Uttar Pradesh,42265,Mainpuri,27.23333333,79.05,1996,2025,6,JUN,T2M,temp_mean_c,36.299,1.5629,33.02,38.96,30,36.3,29.1673
Uttar Pradesh,42265,Mainpuri,27.23333333,79.05,1996,2025,6,JUN,T2M_MAX,temp_max_c,46.659,1.5735,43.12,49.09,30,49.09,32.4173
Uttar Pradesh,42265,Mainpuri,27.23333333,79.05,1996,2025,6,JUN,T2M_MIN,temp_min_c,26.9563,1.2941,24.36,29.5,30,24.36,26.6536
Uttar Pradesh,42265,Mainpuri,27.23333333,79.05,1996,2025,6,JUN,WS10M,wind_speed_ms,3.7183,0.5965,2.71,5.06,30,3.72,2.9491
Uttar Pradesh,42265,Mainpuri,27.23333333,79.05,1996,2025,7,JUL,ALLSKY_SFC_SW_DWN,solar_kwh_m2_day,17.1807,1.2991,14.86,19.6,30,17.18,15.0011
Uttar Pradesh,42265,Mainpuri,27.23333333,79.05,1996,2025,7,JUL,PRECTOTCORR,rainfall_mm,6.343,2.6424,0.38,13.11,30,6.34,16.9027
Uttar Pradesh,42265,Mainpuri,27.23333333,79.05,1996,2025,7,JUL,RH2M,humidity_pct,65.3027,11.2341,29.3,83.42,30,65.3,85.1764
Uttar Pradesh,42265,Mainpuri,27.23333333,79.05,1996,2025,7,JUL,T2M,temp_mean_c,32.039,1.8743,29.14,38.49,30,32.04,29.1673
Uttar Pradesh,42265,Mainpuri,27.23333333,79.05,1996,2025,7,JUL,T2M_MAX,temp_max_c,41.5267,2.9883,34.67,46.4,30,46.4,32.4173
Uttar Pradesh,42265,Mainpuri,27.23333333,79.05,1996,2025,7,JUL,T2M_MIN,temp_min_c,25.949,1.1468,24.4,30.68,30,24.4,26.6536
Uttar Pradesh,42265,Mainpuri,27.23333333,79.05,1996,2025,7,JUL,WS10M,wind_speed_ms,3.428,0.5147,2.41,5.03,30,3.43,2.9491
Uttar Pradesh,42265,Mainpuri,27.23333333,79.05,1996,2025,8,AUG,ALLSKY_SFC_SW_DWN,solar_kwh_m2_day,17.2493,1.7565,13.7,20.21,30,17.25,15.0011
Uttar Pradesh,42265,Mainpuri,27.23333333,79.05,1996,2025,8,AUG,PRECTOTCORR,rainfall_mm,5.84,2.2776,1.5,11.51,30,5.84,16.9027
Uttar Pradesh,42265,Mainpuri,27.23333333,79.05,1996,2025,8,AUG,RH2M,humidity_pct,76.7147,8.1329,61.99,87.35,30,76.71,85.1764
Uttar Pradesh,42265,Mainpuri,27.23333333,79.05,1996,2025,8,AUG,T2M,temp_mean_c,29.7177,1.1724,28.26,32.39,30,29.72,29.1673
Uttar Pradesh,42265,Mainpuri,27.23333333,79.05,1996,2025,8,AUG,T2M_MAX,temp_max_c,36.714,2.6892,33.27,42.68,30,42.68,32.4173
Uttar Pradesh,42265,Mainpuri,27.23333333,79.05,1996,2025,8,AUG,T2M_MIN,temp_min_c,24.565,0.7177,23.46,26.21,30,23.46,26.6536
Uttar Pradesh,42265,Mainpuri,27.23333333,79.05,1996,2025,8,AUG,WS10M,wind_speed_ms,3.1377,0.4589,2.41,4.38,30,3.14,2.9491
Uttar Pradesh,42265,Mainpuri,27.23333333,79.05,1996,2025,9,SEP,ALLSKY_SFC_SW_DWN,solar_kwh_m2_day,17.2253,1.8288,12.78,20.07,30,17.22,15.0011
Uttar Pradesh,42265,Mainpuri,27.23333333,79.05,1996,2025,9,SEP,PRECTOTCORR,rainfall_mm,3.6993,2.0856,0.8,9.32,30,3.7,16.9027
Uttar Pradesh,42265,Mainpuri,27.23333333,79.05,1996,2025,9,SEP,RH2M,humidity_pct,72.9293,10.9947,47.61,86.23,30,72.93,85.1764
Uttar Pradesh,42265,Mainpuri,27.23333333,79.05,1996,2025,9,SEP,T2M,temp_mean_c,28.7133,1.2985,26.69,31.52,30,28.71,29.1673
Uttar Pradesh,42265,Mainpuri,27.23333333,79.05,1996,2025,9,SEP,T2M_MAX,temp_max_c,36.47,2.5901,32.54,40.46,30,40.46,32.4173
Uttar Pradesh,42265,Mainpuri,27.23333333,79.05,1996,2025,9,SEP,T2M_MIN,temp_min_c,21.052,1.6186,17.33,23.33,30,17.33,26.6536
Uttar Pradesh,42265,Mainpuri,27.23333333,79.05,1996,2025,9,SEP,WS10M,wind_speed_ms,2.7787,0.4087,1.98,3.76,30,2.78,2.9491
Uttar Pradesh,42265,Mainpuri,27.23333333,79.05,1996,2025,10,OCT,ALLSKY_SFC_SW_DWN,solar_kwh_m2_day,16.7167,1.0082,14.46,18.34,30,16.72,15.0011
Uttar Pradesh,42265,Mainpuri,27.23333333,79.05,1996,2025,10,OCT,PRECTOTCORR,rainfall_mm,0.8223,1.1975,0,3.99,30,0.82,16.9027
Uttar Pradesh,42265,Mainpuri,27.23333333,79.05,1996,2025,10,OCT,RH2M,humidity_pct,56.4267,12.9956,34.73,77.69,30,56.43,85.1764
Uttar Pradesh,42265,Mainpuri,27.23333333,79.05,1996,2025,10,OCT,T2M,temp_mean_c,25.887,1.3589,23.64,28.51,30,25.89,29.1673
Uttar Pradesh,42265,Mainpuri,27.23333333,79.05,1996,2025,10,OCT,T2M_MAX,temp_max_c,35.6953,2.5719,31.03,40.21,30,40.21,32.4173
Uttar Pradesh,42265,Mainpuri,27.23333333,79.05,1996,2025,10,OCT,T2M_MIN,temp_min_c,15.4807,1.482,11.62,18.36,30,11.62,26.6536
Uttar Pradesh,42265,Mainpuri,27.23333333,79.05,1996,2025,10,OCT,WS10M,wind_speed_ms,2.2167,0.1943,1.82,2.59,30,2.22,2.9491
Uttar Pradesh,42265,Mainpuri,27.23333333,79.05,1996,2025,11,NOV,ALLSKY_SFC_SW_DWN,solar_kwh_m2_day,13.284,1.2118,11.09,16.28,30,13.28,15.0011
Uttar Pradesh,42265,Mainpuri,27.23333333,79.05,1996,2025,11,NOV,PRECTOTCORR,rainfall_mm,0.136,0.3373,0,1.64,30,0.14,16.9027
Uttar Pradesh,42265,Mainpuri,27.23333333,79.05,1996,2025,11,NOV,RH2M,humidity_pct,45.7347,12.8645,23.73,67.61,30,45.73,85.1764
Uttar Pradesh,42265,Mainpuri,27.23333333,79.05,1996,2025,11,NOV,T2M,temp_mean_c,20.9007,1.424,17.26,22.92,30,20.9,29.1673
Uttar Pradesh,42265,Mainpuri,27.23333333,79.05,1996,2025,11,NOV,T2M_MAX,temp_max_c,32.4147,2.0583,28.7,38.77,30,38.77,32.4173
Uttar Pradesh,42265,Mainpuri,27.23333333,79.05,1996,2025,11,NOV,T2M_MIN,temp_min_c,9.5597,1.4633,7.01,12.9,30,7.01,26.6536
Uttar Pradesh,42265,Mainpuri,27.23333333,79.05,1996,2025,11,NOV,WS10M,wind_speed_ms,2.2603,0.2394,1.83,2.76,30,2.26,2.9491
Uttar Pradesh,42265,Mainpuri,27.23333333,79.05,1996,2025,12,DEC,ALLSKY_SFC_SW_DWN,solar_kwh_m2_day,10.9103,1.1911,7.77,13.67,30,10.91,15.0011
Uttar Pradesh,42265,Mainpuri,27.23333333,79.05,1996,2025,12,DEC,PRECTOTCORR,rainfall_mm,0.1987,0.3317,0,1.52,30,0.2,16.9027
Uttar Pradesh,42265,Mainpuri,27.23333333,79.05,1996,2025,12,DEC,RH2M,humidity_pct,42.7143,11.7048,21.89,61.36,30,42.71,85.1764
Uttar Pradesh,42265,Mainpuri,27.23333333,79.05,1996,2025,12,DEC,T2M,temp_mean_c,16.2903,1.1249,14.02,18.2,30,16.29,29.1673
Uttar Pradesh,42265,Mainpuri,27.23333333,79.05,1996,2025,12,DEC,T2M_MAX,temp_max_c,28.354,1.7144,24.86,31.38,30,31.38,32.4173
Uttar Pradesh,42265,Mainpuri,27.23333333,79.05,1996,2025,12,DEC,T2M_MIN,temp_min_c,4.7917,1.6672,0.37,7.51,30,0.37,26.6536
Uttar Pradesh,42265,Mainpuri,27.23333333,79.05,1996,2025,12,DEC,WS10M,wind_speed_ms,2.3383,0.2864,1.87,3,30,2.34,2.9491
Uttar Pradesh,42180,New Delhi-Ayanagar,28.48,77.13,1996,2025,0,ANNUAL,ALLSKY_SFC_SW_DWN,solar_kwh_m2_day,17.5883,0.6222,16.51,18.52,30,,13.3556
Uttar Pradesh,42180,New Delhi-Ayanagar,28.48,77.13,1996,2025,0,ANNUAL,PRECTOTCORR,rainfall_mm,1.848,0.4636,0.93,3,30,,9.7709
Uttar Pradesh,42180,New Delhi-Ayanagar,28.48,77.13,1996,2025,0,ANNUAL,RH2M,humidity_pct,44.2747,5.7163,32.7,53.27,30,,83.96
Uttar Pradesh,42180,New Delhi-Ayanagar,28.48,77.13,1996,2025,0,ANNUAL,T2M,temp_mean_c,25.626,0.6406,24.66,27.04,30,,28.9964
Uttar Pradesh,42180,New Delhi-Ayanagar,28.48,77.13,1996,2025,0,ANNUAL,T2M_MAX,temp_max_c,46.955,1.0545,44.58,48.64,30,,32.3364
Uttar Pradesh,42180,New Delhi-Ayanagar,28.48,77.13,1996,2025,0,ANNUAL,T2M_MIN,temp_min_c,2.2013,1.4169,-0.83,4.74,30,,26.1755
Uttar Pradesh,42180,New Delhi-Ayanagar,28.48,77.13,1996,2025,0,ANNUAL,WS10M,wind_speed_ms,2.942,0.1543,2.72,3.23,30,,2.9718
Uttar Pradesh,42180,New Delhi-Ayanagar,28.48,77.13,1996,2025,1,JAN,ALLSKY_SFC_SW_DWN,solar_kwh_m2_day,11.115,1.6623,7.82,14.6,30,11.11,13.3556
Uttar Pradesh,42180,New Delhi-Ayanagar,28.48,77.13,1996,2025,1,JAN,PRECTOTCORR,rainfall_mm,0.5733,0.5966,0,2.79,30,0.57,9.7709
Uttar Pradesh,42180,New Delhi-Ayanagar,28.48,77.13,1996,2025,1,JAN,RH2M,humidity_pct,43.911,10.4086,28.55,72.3,30,43.91,83.96
Uttar Pradesh,42180,New Delhi-Ayanagar,28.48,77.13,1996,2025,1,JAN,T2M,temp_mean_c,13.453,0.9828,11.56,15.48,30,13.45,28.9964
Uttar Pradesh,42180,New Delhi-Ayanagar,28.48,77.13,1996,2025,1,JAN,T2M_MAX,temp_max_c,26.614,1.858,24.21,31.29,30,31.29,32.3364
Uttar Pradesh,42180,New Delhi-Ayanagar,28.48,77.13,1996,2025,1,JAN,T2M_MIN,temp_min_c,2.5803,1.5427,-0.83,5.88,30,-0.83,26.1755
Uttar Pradesh,42180,New Delhi-Ayanagar,28.48,77.13,1996,2025,1,JAN,WS10M,wind_speed_ms,2.7467,0.2905,2.11,3.36,30,2.75,2.9718
Uttar Pradesh,42180,New Delhi-Ayanagar,28.48,77.13,1996,2025,2,FEB,ALLSKY_SFC_SW_DWN,solar_kwh_m2_day,15.9183,1.1889,12.57,17.82,30,15.92,13.3556
Uttar Pradesh,42180,New Delhi-Ayanagar,28.48,77.13,1996,2025,2,FEB,PRECTOTCORR,rainfall_mm,0.6583,0.7452,0,2.81,30,0.66,9.7709
Uttar Pradesh,42180,New Delhi-Ayanagar,28.48,77.13,1996,2025,2,FEB,RH2M,humidity_pct,40.3657,10.1402,23.54,60.88,30,40.37,83.96
Uttar Pradesh,42180,New Delhi-Ayanagar,28.48,77.13,1996,2025,2,FEB,T2M,temp_mean_c,17.194,1.5644,14.88,22.53,30,17.19,28.9964
Uttar Pradesh,42180,New Delhi-Ayanagar,28.48,77.13,1996,2025,2,FEB,T2M_MAX,temp_max_c,31.629,2.2793,26.44,35.29,30,35.29,32.3364
Uttar Pradesh,42180,New Delhi-Ayanagar,28.48,77.13,1996,2025,2,FEB,T2M_MIN,temp_min_c,4.8717,1.656,1.29,9.95,30,1.29,26.1755
Uttar Pradesh,42180,New Delhi-Ayanagar,28.48,77.13,1996,2025,2,FEB,WS10M,wind_speed_ms,2.959,0.2452,2.5,3.44,30,2.96,2.9718
Uttar Pradesh,42180,New Delhi-Ayanagar,28.48,77.13,1996,2025,3,MAR,ALLSKY_SFC_SW_DWN,solar_kwh_m2_day,20.372,1.047,17.86,22.52,30,20.37,13.3556
Uttar Pradesh,42180,New Delhi-Ayanagar,28.48,77.13,1996,2025,3,MAR,PRECTOTCORR,rainfall_mm,0.5383,0.6956,0,2.72,30,0.54,9.7709
Uttar Pradesh,42180,New Delhi-Ayanagar,28.48,77.13,1996,2025,3,MAR,RH2M,humidity_pct,32.1163,10.5138,16.96,55.76,30,32.12,83.96
Uttar Pradesh,42180,New Delhi-Ayanagar,28.48,77.13,1996,2025,3,MAR,T2M,temp_mean_c,23.4943,1.6118,20.82,26.64,30,23.49,28.9964
Uttar Pradesh,42180,New Delhi-Ayanagar,28.48,77.13,1996,2025,3,MAR,T2M_MAX,temp_max_c,38.7173,2.5038,33.43,42.58,30,42.58,32.3364
Uttar Pradesh,42180,New Delhi-Ayanagar,28.48,77.13,1996,2025,3,MAR,T2M_MIN,temp_min_c,9.6743,2.4912,4.79,14.64,30,4.79,26.1755
Uttar Pradesh,42180,New Delhi-Ayanagar,28.48,77.13,1996,2025,3,MAR,WS10M,wind_speed_ms,3.0917,0.3016,2.36,3.71,30,3.09,2.9718
Uttar Pradesh,42180,New Delhi-Ayanagar,28.48,77.13,1996,2025,4,APR,ALLSKY_SFC_SW_DWN,solar_kwh_m2_day,23.8993,0.8548,22.37,25.7,30,23.9,13.3556
Uttar Pradesh,42180,New Delhi-Ayanagar,28.48,77.13,1996,2025,4,APR,PRECTOTCORR,rainfall_mm,0.408,0.5,0,2.42,30,0.41,9.7709
Uttar Pradesh,42180,New Delhi-Ayanagar,28.48,77.13,1996,2025,4,APR,RH2M,humidity_pct,23.0583,7.6451,9.83,40.98,30,23.06,83.96
Uttar Pradesh,42180,New Delhi-Ayanagar,28.48,77.13,1996,2025,4,APR,T2M,temp_mean_c,30.2297,1.4729,27.66,32.97,30,30.23,28.9964
Uttar Pradesh,42180,New Delhi-Ayanagar,28.48,77.13,1996,2025,4,APR,T2M_MAX,temp_max_c,43.5543,1.6297,40.48,46.86,30,46.86,32.3364
Uttar Pradesh,42180,New Delhi-Ayanagar,28.48,77.13,1996,2025,4,APR,T2M_MIN,temp_min_c,15.9237,1.7827,12.19,20.02,30,12.19,26.1755
Uttar Pradesh,42180,New Delhi-Ayanagar,28.48,77.13,1996,2025,4,APR,WS10M,wind_speed_ms,3.2637,0.3205,2.59,4.11,30,3.26,2.9718
Uttar Pradesh,42180,New Delhi-Ayanagar,28.48,77.13,1996,2025,5,MAY,ALLSKY_SFC_SW_DWN,solar_kwh_m2_day,24.027,1.2992,21.19,26.32,30,24.03,13.3556
Uttar Pradesh,42180,New Delhi-Ayanagar,28.48,77.13,1996,2025,5,MAY,PRECTOTCORR,rainfall_mm,1.203,1.0902,0.01,3.82,30,1.2,9.7709
Uttar Pradesh,42180,New Delhi-Ayanagar,28.48,77.13,1996,2025,5,MAY,RH2M,humidity_pct,24.4817,6.6681,14.63,40.11,30,24.48,83.96
Uttar Pradesh,42180,New Delhi-Ayanagar,28.48,77.13,1996,2025,5,MAY,T2M,temp_mean_c,34.6313,1.4109,30.86,36.68,30,34.63,28.9964
Uttar Pradesh,42180,New Delhi-Ayanagar,28.48,77.13,1996,2025,5,MAY,T2M_MAX,temp_max_c,46.3007,1.321,41.67,48.52,30,48.52,32.3364
Uttar Pradesh,42180,New Delhi-Ayanagar,28.48,77.13,1996,2025,5,MAY,T2M_MIN,temp_min_c,22.511,2.2222,18.21,26.75,30,18.21,26.1755
Uttar Pradesh,42180,New Delhi-Ayanagar,28.48,77.13,1996,2025,5,MAY,WS10M,wind_speed_ms,3.5427,0.4907,2.78,4.73,30,3.54,2.9718
Uttar Pradesh,42180,New Delhi-Ayanagar,28.48,77.13,1996,2025,6,JUN,ALLSKY_SFC_SW_DWN,solar_kwh_m2_day,21.7097,1.3389,18.25,24.77,30,21.71,13.3556
Uttar Pradesh,42180,New Delhi-Ayanagar,28.48,77.13,1996,2025,6,JUN,PRECTOTCORR,rainfall_mm,2.6453,1.3032,0.42,5.01,30,2.65,9.7709
Uttar Pradesh,42180,New Delhi-Ayanagar,28.48,77.13,1996,2025,6,JUN,RH2M,humidity_pct,37.5217,7.9048,23.52,57.77,30,37.52,83.96
Uttar Pradesh,42180,New Delhi-Ayanagar,28.48,77.13,1996,2025,6,JUN,T2M,temp_mean_c,35.519,1.3961,32.59,37.99,30,35.52,28.9964
Uttar Pradesh,42180,New Delhi-Ayanagar,28.48,77.13,1996,2025,6,JUN,T2M_MAX,temp_max_c,46.0217,1.6671,41.79,48.64,30,48.64,32.3364
Uttar Pradesh,42180,New Delhi-Ayanagar,28.48,77.13,1996,2025,6,JUN,T2M_MIN,temp_min_c,25.747,1.6245,21.11,28.54,30,21.11,26.1755
Uttar Pradesh,42180,New Delhi-Ayanagar,28.48,77.13,1996,2025,6,JUN,WS10M,wind_speed_ms,3.578,0.61,2.65,5.18,30,3.58,2.9718
Uttar Pradesh,42180,New Delhi-Ayanagar,28.48,77.13,1996,2025,7,JUL,ALLSKY_SFC_SW_DWN,solar_kwh_m2_day,17.9157,1.4512,15.67,21.25,30,17.92,13.3556
Uttar Pradesh,42180,New Delhi-Ayanagar,28.48,77.13,1996,2025,7,JUL,PRECTOTCORR,rainfall_mm,5.814,3.2493,0.3,15.23,30,5.81,9.7709
Uttar Pradesh,42180,New Delhi-Ayanagar,28.48,77.13,1996,2025,7,JUL,RH2M,humidity_pct,60.5093,10.8803,28.66,78.25,30,60.51,83.96
Uttar Pradesh,42180,New Delhi-Ayanagar,28.48,77.13,1996,2025,7,JUL,T2M,temp_mean_c,32.6137,1.7581,29.91,37.89,30,32.61,28.9964
Uttar Pradesh,42180,New Delhi-Ayanagar,28.48,77.13,1996,2025,7,JUL,T2M_MAX,temp_max_c,42.6117,2.1749,38.31,46.74,30,46.74,32.3364
Uttar Pradesh,42180,New Delhi-Ayanagar,28.48,77.13,1996,2025,7,JUL,T2M_MIN,temp_min_c,25.829,1.286,23.71,30.11,30,23.71,26.1755
Uttar Pradesh,42180,New Delhi-Ayanagar,28.48,77.13,1996,2025,7,JUL,WS10M,wind_speed_ms,3.1597,0.5111,2.32,4.76,30,3.16,2.9718
Uttar Pradesh,42180,New Delhi-Ayanagar,28.48,77.13,1996,2025,8,AUG,ALLSKY_SFC_SW_DWN,solar_kwh_m2_day,17.393,1.6733,14.38,20.9,30,17.39,13.3556
Uttar Pradesh,42180,New Delhi-Ayanagar,28.48,77.13,1996,2025,8,AUG,PRECTOTCORR,rainfall_mm,5.542,2.3258,1.91,10.38,30,5.54,9.7709
Uttar Pradesh,42180,New Delhi-Ayanagar,28.48,77.13,1996,2025,8,AUG,RH2M,humidity_pct,71.125,9.4713,50.4,84.18,30,71.13,83.96
Uttar Pradesh,42180,New Delhi-Ayanagar,28.48,77.13,1996,2025,8,AUG,T2M,temp_mean_c,30.245,1.3134,28.5,33.1,30,30.24,28.9964
Uttar Pradesh,42180,New Delhi-Ayanagar,28.48,77.13,1996,2025,8,AUG,T2M_MAX,temp_max_c,37.9267,2.5462,34.12,44.26,30,44.26,32.3364
Uttar Pradesh,42180,New Delhi-Ayanagar,28.48,77.13,1996,2025,8,AUG,T2M_MIN,temp_min_c,24.2077,0.8386,22.82,26.13,30,22.82,26.1755
Uttar Pradesh,42180,New Delhi-Ayanagar,28.48,77.13,1996,2025,8,AUG,WS10M,wind_speed_ms,2.9077,0.3769,2.1,3.77,30,2.91,2.9718
Uttar Pradesh,42180,New Delhi-Ayanagar,28.48,77.13,1996,2025,9,SEP,ALLSKY_SFC_SW_DWN,solar_kwh_m2_day,17.8883,1.7741,14.45,20.9,30,17.89,13.3556
Uttar Pradesh,42180,New Delhi-Ayanagar,28.48,77.13,1996,2025,9,SEP,PRECTOTCORR,rainfall_mm,3.7063,2.3494,0.41,8.4,30,3.71,9.7709
Uttar Pradesh,42180,New Delhi-Ayanagar,28.48,77.13,1996,2025,9,SEP,RH2M,humidity_pct,66.745,11.1562,44.48,86.73,30,66.74,83.96
Uttar Pradesh,42180,New Delhi-Ayanagar,28.48,77.13,1996,2025,9,SEP,T2M,temp_mean_c,28.828,1.3007,26.68,31.52,30,28.83,28.9964
Uttar Pradesh,42180,New Delhi-Ayanagar,28.48,77.13,1996,2025,9,SEP,T2M_MAX,temp_max_c,37.3473,2.5699,32.69,42.37,30,42.37,32.3364
Uttar Pradesh,42180,New Delhi-Ayanagar,28.48,77.13,1996,2025,9,SEP,T2M_MIN,temp_min_c,20.4783,1.4618,17.4,23.82,30,17.4,26.1755
Uttar Pradesh,42180,New Delhi-Ayanagar,28.48,77.13,1996,2025,9,SEP,WS10M,wind_speed_ms,2.6753,0.3342,2.08,3.48,30,2.68,2.9718
Uttar Pradesh,42180,New Delhi-Ayanagar,28.48,77.13,1996,2025,10,OCT,ALLSKY_SFC_SW_DWN,solar_kwh_m2_day,16.785,0.8719,14.8,18.15,30,16.78,13.3556
Uttar Pradesh,42180,New Delhi-Ayanagar,28.48,77.13,1996,2025,10,OCT,PRECTOTCORR,rainfall_mm,0.6233,0.8717,0,3.09,30,0.62,9.7709
Uttar Pradesh,42180,New Delhi-Ayanagar,28.48,77.13,1996,2025,10,OCT,RH2M,humidity_pct,49.458,12.6448,25.46,70.83,30,49.46,83.96
Uttar Pradesh,42180,New Delhi-Ayanagar,28.48,77.13,1996,2025,10,OCT,T2M,temp_mean_c,25.4907,1.1581,23.74,27.73,30,25.49,28.9964
Uttar Pradesh,42180,New Delhi-Ayanagar,28.48,77.13,1996,2025,10,OCT,T2M_MAX,temp_max_c,36.078,1.9824,32.48,39.43,30,39.43,32.3364
Uttar Pradesh,42180,New Delhi-Ayanagar,28.48,77.13,1996,2025,10,OCT,T2M_MIN,temp_min_c,15.015,1.4364,11.64,17.83,30,11.64,26.1755
Uttar Pradesh,42180,New Delhi-Ayanagar,28.48,77.13,1996,2025,10,OCT,WS10M,wind_speed_ms,2.2803,0.2298,1.8,2.69,30,2.28,2.9718
Uttar Pradesh,42180,New Delhi-Ayanagar,28.48,77.13,1996,2025,11,NOV,ALLSKY_SFC_SW_DWN,solar_kwh_m2_day,13.0267,1.1911,10.2,15.5,30,13.03,13.3556
Uttar Pradesh,42180,New Delhi-Ayanagar,28.48,77.13,1996,2025,11,NOV,PRECTOTCORR,rainfall_mm,0.1183,0.1991,0,0.83,30,0.12,9.7709
Uttar Pradesh,42180,New Delhi-Ayanagar,28.48,77.13,1996,2025,11,NOV,RH2M,humidity_pct,41.063,11.5111,18.3,62.2,30,41.06,83.96
Uttar Pradesh,42180,New Delhi-Ayanagar,28.48,77.13,1996,2025,11,NOV,T2M,temp_mean_c,20.2217,1.1312,18.02,22.06,30,20.22,28.9964
Uttar Pradesh,42180,New Delhi-Ayanagar,28.48,77.13,1996,2025,11,NOV,T2M_MAX,temp_max_c,32.2397,1.8884,28.51,38.27,30,38.27,32.3364
Uttar Pradesh,42180,New Delhi-Ayanagar,28.48,77.13,1996,2025,11,NOV,T2M_MIN,temp_min_c,9.1367,1.3665,6.9,11.84,30,6.9,26.1755
Uttar Pradesh,42180,New Delhi-Ayanagar,28.48,77.13,1996,2025,11,NOV,WS10M,wind_speed_ms,2.49,0.2951,1.94,3.06,30,2.49,2.9718
Uttar Pradesh,42180,New Delhi-Ayanagar,28.48,77.13,1996,2025,12,DEC,ALLSKY_SFC_SW_DWN,solar_kwh_m2_day,11.054,1.0135,7.71,13.09,30,11.05,13.3556
Uttar Pradesh,42180,New Delhi-Ayanagar,28.48,77.13,1996,2025,12,DEC,PRECTOTCORR,rainfall_mm,0.2273,0.3524,0,1.29,30,0.23,9.7709
Uttar Pradesh,42180,New Delhi-Ayanagar,28.48,77.13,1996,2025,12,DEC,RH2M,humidity_pct,40.3387,10.4529,19.17,58.78,30,40.34,83.96
Uttar Pradesh,42180,New Delhi-Ayanagar,28.48,77.13,1996,2025,12,DEC,T2M,temp_mean_c,15.25,1.1449,12.61,17.25,30,15.25,28.9964
Uttar Pradesh,42180,New Delhi-Ayanagar,28.48,77.13,1996,2025,12,DEC,T2M_MAX,temp_max_c,27.833,1.5536,23.73,30.23,30,30.23,32.3364
Uttar Pradesh,42180,New Delhi-Ayanagar,28.48,77.13,1996,2025,12,DEC,T2M_MIN,temp_min_c,4.116,1.6896,0.3,6.88,30,0.3,26.1755
Uttar Pradesh,42180,New Delhi-Ayanagar,28.48,77.13,1996,2025,12,DEC,WS10M,wind_speed_ms,2.61,0.2997,2.16,3.38,30,2.61,2.9718
Uttar Pradesh,99921,New Delhi-Delhi University,28.68333333,77.21666667,1996,2025,0,ANNUAL,ALLSKY_SFC_SW_DWN,solar_kwh_m2_day,17.5883,0.6222,16.51,18.52,30,,13.3556
Uttar Pradesh,99921,New Delhi-Delhi University,28.68333333,77.21666667,1996,2025,0,ANNUAL,PRECTOTCORR,rainfall_mm,2.099,0.47,1.29,3.2,30,,11.1736
Uttar Pradesh,99921,New Delhi-Delhi University,28.68333333,77.21666667,1996,2025,0,ANNUAL,RH2M,humidity_pct,46.1847,5.5836,35.3,54.88,30,,85.7382
Uttar Pradesh,99921,New Delhi-Delhi University,28.68333333,77.21666667,1996,2025,0,ANNUAL,T2M,temp_mean_c,25.5273,0.6142,24.34,26.75,30,,28.8409
Uttar Pradesh,99921,New Delhi-Delhi University,28.68333333,77.21666667,1996,2025,0,ANNUAL,T2M_MAX,temp_max_c,47.1937,1.2182,44.31,49,30,,32.2845
Uttar Pradesh,99921,New Delhi-Delhi University,28.68333333,77.21666667,1996,2025,0,ANNUAL,T2M_MIN,temp_min_c,2.347,1.3695,-1.36,4.53,30,,26.1336
Uttar Pradesh,99921,New Delhi-Delhi University,28.68333333,77.21666667,1996,2025,0,ANNUAL,WS10M,wind_speed_ms,2.954,0.1372,2.7,3.21,30,,2.9773
Uttar Pradesh,99921,New Delhi-Delhi University,28.68333333,77.21666667,1996,2025,1,JAN,ALLSKY_SFC_SW_DWN,solar_kwh_m2_day,11.115,1.6623,7.82,14.6,30,11.11,13.3556
Uttar Pradesh,99921,New Delhi-Delhi University,28.68333333,77.21666667,1996,2025,1,JAN,PRECTOTCORR,rainfall_mm,0.6003,0.555,0.01,2.43,30,0.6,11.1736
Uttar Pradesh,99921,New Delhi-Delhi University,28.68333333,77.21666667,1996,2025,1,JAN,RH2M,humidity_pct,45.44,10.5608,28.07,74.09,30,45.44,85.7382
Uttar Pradesh,99921,New Delhi-Delhi University,28.68333333,77.21666667,1996,2025,1,JAN,T2M,temp_mean_c,13.5513,1.0356,11.2,15.62,30,13.55,28.8409
Uttar Pradesh,99921,New Delhi-Delhi University,28.68333333,77.21666667,1996,2025,1,JAN,T2M_MAX,temp_max_c,26.4183,1.9699,22.9,31.32,30,31.32,32.2845
Uttar Pradesh,99921,New Delhi-Delhi University,28.68333333,77.21666667,1996,2025,1,JAN,T2M_MIN,temp_min_c,2.824,1.5127,-1.36,6.06,30,-1.36,26.1336
Uttar Pradesh,99921,New Delhi-Delhi University,28.68333333,77.21666667,1996,2025,1,JAN,WS10M,wind_speed_ms,2.8817,0.3188,2.16,3.5,30,2.88,2.9773
Uttar Pradesh,99921,New Delhi-Delhi University,28.68333333,77.21666667,1996,2025,2,FEB,ALLSKY_SFC_SW_DWN,solar_kwh_m2_day,15.9183,1.1889,12.57,17.82,30,15.92,13.3556
Uttar Pradesh,99921,New Delhi-Delhi University,28.68333333,77.21666667,1996,2025,2,FEB,PRECTOTCORR,rainfall_mm,0.71,0.7971,0,2.98,30,0.71,11.1736
Uttar Pradesh,99921,New Delhi-Delhi University,28.68333333,77.21666667,1996,2025,2,FEB,RH2M,humidity_pct,41.324,10.192,24.21,61.49,30,41.32,85.7382
Uttar Pradesh,99921,New Delhi-Delhi University,28.68333333,77.21666667,1996,2025,2,FEB,T2M,temp_mean_c,17.3327,1.5596,15.12,22.69,30,17.33,28.8409
Uttar Pradesh,99921,New Delhi-Delhi University,28.68333333,77.21666667,1996,2025,2,FEB,T2M_MAX,temp_max_c,31.4383,2.2829,26.07,35.73,30,35.73,32.2845
Uttar Pradesh,99921,New Delhi-Delhi University,28.68333333,77.21666667,1996,2025,2,FEB,T2M_MIN,temp_min_c,5.2353,1.7036,1.21,9.69,30,1.21,26.1336
Uttar Pradesh,99921,New Delhi-Delhi University,28.68333333,77.21666667,1996,2025,2,FEB,WS10M,wind_speed_ms,3.119,0.263,2.52,3.7,30,3.12,2.9773
Uttar Pradesh,99921,New Delhi-Delhi University,28.68333333,77.21666667,1996,2025,3,MAR,ALLSKY_SFC_SW_DWN,solar_kwh_m2_day,20.372,1.047,17.86,22.52,30,20.37,13.3556
Uttar Pradesh,99921,New Delhi-Delhi University,28.68333333,77.21666667,1996,2025,3,MAR,PRECTOTCORR,rainfall_mm,0.545,0.7099,0,2.81,30,0.54,11.1736
Uttar Pradesh,99921,New Delhi-Delhi University,28.68333333,77.21666667,1996,2025,3,MAR,RH2M,humidity_pct,32.5043,10.1077,17.47,54.56,30,32.5,85.7382
Uttar Pradesh,99921,New Delhi-Delhi University,28.68333333,77.21666667,1996,2025,3,MAR,T2M,temp_mean_c,23.6277,1.6029,21.11,26.62,30,23.63,28.8409
Uttar Pradesh,99921,New Delhi-Delhi University,28.68333333,77.21666667,1996,2025,3,MAR,T2M_MAX,temp_max_c,38.7237,2.5479,33.85,42.71,30,42.71,32.2845
Uttar Pradesh,99921,New Delhi-Delhi University,28.68333333,77.21666667,1996,2025,3,MAR,T2M_MIN,temp_min_c,9.763,2.3715,6.1,14.61,30,6.1,26.1336
Uttar Pradesh,99921,New Delhi-Delhi University,28.68333333,77.21666667,1996,2025,3,MAR,WS10M,wind_speed_ms,3.2633,0.3215,2.54,3.94,30,3.26,2.9773
Uttar Pradesh,99921,New Delhi-Delhi University,28.68333333,77.21666667,1996,2025,4,APR,ALLSKY_SFC_SW_DWN,solar_kwh_m2_day,23.8993,0.8548,22.37,25.7,30,23.9,13.3556
Uttar Pradesh,99921,New Delhi-Delhi University,28.68333333,77.21666667,1996,2025,4,APR,PRECTOTCORR,rainfall_mm,0.4127,0.51,0,2.55,30,0.41,11.1736
Uttar Pradesh,99921,New Delhi-Delhi University,28.68333333,77.21666667,1996,2025,4,APR,RH2M,humidity_pct,22.8337,7.6378,9.27,40.58,30,22.83,85.7382
Uttar Pradesh,99921,New Delhi-Delhi University,28.68333333,77.21666667,1996,2025,4,APR,T2M,temp_mean_c,30.4623,1.4796,27.79,33.3,30,30.46,28.8409
Uttar Pradesh,99921,New Delhi-Delhi University,28.68333333,77.21666667,1996,2025,4,APR,T2M_MAX,temp_max_c,43.795,1.6255,40.41,47.21,30,47.21,32.2845
Uttar Pradesh,99921,New Delhi-Delhi University,28.68333333,77.21666667,1996,2025,4,APR,T2M_MIN,temp_min_c,16.1977,1.7384,12.71,20.02,30,12.71,26.1336
Uttar Pradesh,99921,New Delhi-Delhi University,28.68333333,77.21666667,1996,2025,4,APR,WS10M,wind_speed_ms,3.394,0.3356,2.65,4.24,30,3.39,2.9773
Uttar Pradesh,99921,New Delhi-Delhi University,28.68333333,77.21666667,1996,2025,5,MAY,ALLSKY_SFC_SW_DWN,solar_kwh_m2_day,24.027,1.2992,21.19,26.32,30,24.03,13.3556
Uttar Pradesh,99921,New Delhi-Delhi University,28.68333333,77.21666667,1996,2025,5,MAY,PRECTOTCORR,rainfall_mm,1.1633,1.0265,0.02,3.64,30,1.16,11.1736
Uttar Pradesh,99921,New Delhi-Delhi University,28.68333333,77.21666667,1996,2025,5,MAY,RH2M,humidity_pct,24.3273,6.6779,14.36,38.93,30,24.33,85.7382
Uttar Pradesh,99921,New Delhi-Delhi University,28.68333333,77.21666667,1996,2025,5,MAY,T2M,temp_mean_c,34.7643,1.3872,30.96,36.77,30,34.76,28.8409
Uttar Pradesh,99921,New Delhi-Delhi University,28.68333333,77.21666667,1996,2025,5,MAY,T2M_MAX,temp_max_c,46.5283,1.4042,42.09,49,30,49,32.2845
Uttar Pradesh,99921,New Delhi-Delhi University,28.68333333,77.21666667,1996,2025,5,MAY,T2M_MIN,temp_min_c,22.5567,2.259,17.78,26.82,30,17.78,26.1336
Uttar Pradesh,99921,New Delhi-Delhi University,28.68333333,77.21666667,1996,2025,5,MAY,WS10M,wind_speed_ms,3.475,0.4576,2.82,4.58,30,3.47,2.9773
Uttar Pradesh,99921,New Delhi-Delhi University,28.68333333,77.21666667,1996,2025,6,JUN,ALLSKY_SFC_SW_DWN,solar_kwh_m2_day,21.7097,1.3389,18.25,24.77,30,21.71,13.3556
Uttar Pradesh,99921,New Delhi-Delhi University,28.68333333,77.21666667,1996,2025,6,JUN,PRECTOTCORR,rainfall_mm,2.93,1.5319,0.34,5.96,30,2.93,11.1736
Uttar Pradesh,99921,New Delhi-Delhi University,28.68333333,77.21666667,1996,2025,6,JUN,RH2M,humidity_pct,37.433,8.3496,22.4,58.72,30,37.43,85.7382
Uttar Pradesh,99921,New Delhi-Delhi University,28.68333333,77.21666667,1996,2025,6,JUN,T2M,temp_mean_c,35.601,1.49,32.36,38.43,30,35.6,28.8409
Uttar Pradesh,99921,New Delhi-Delhi University,28.68333333,77.21666667,1996,2025,6,JUN,T2M_MAX,temp_max_c,46.2557,1.7919,41.79,48.79,30,48.79,32.2845
Uttar Pradesh,99921,New Delhi-Delhi University,28.68333333,77.21666667,1996,2025,6,JUN,T2M_MIN,temp_min_c,25.736,1.5552,21.76,28.58,30,21.76,26.1336
Uttar Pradesh,99921,New Delhi-Delhi University,28.68333333,77.21666667,1996,2025,6,JUN,WS10M,wind_speed_ms,3.4897,0.6191,2.62,5.03,30,3.49,2.9773
Uttar Pradesh,99921,New Delhi-Delhi University,28.68333333,77.21666667,1996,2025,7,JUL,ALLSKY_SFC_SW_DWN,solar_kwh_m2_day,17.9157,1.4512,15.67,21.25,30,17.92,13.3556
Uttar Pradesh,99921,New Delhi-Delhi University,28.68333333,77.21666667,1996,2025,7,JUL,PRECTOTCORR,rainfall_mm,6.7427,3.149,0.41,15.93,30,6.74,11.1736
Uttar Pradesh,99921,New Delhi-Delhi University,28.68333333,77.21666667,1996,2025,7,JUL,RH2M,humidity_pct,63.4903,10.7194,29.34,78.79,30,63.49,85.7382
Uttar Pradesh,99921,New Delhi-Delhi University,28.68333333,77.21666667,1996,2025,7,JUL,T2M,temp_mean_c,32.2147,1.751,29.94,37.87,30,32.21,28.8409
Uttar Pradesh,99921,New Delhi-Delhi University,28.68333333,77.21666667,1996,2025,7,JUL,T2M_MAX,temp_max_c,42.271,2.2005,37.83,46.83,30,46.83,32.2845
Uttar Pradesh,99921,New Delhi-Delhi University,28.68333333,77.21666667,1996,2025,7,JUL,T2M_MIN,temp_min_c,25.6367,1.1624,23.76,30.4,30,23.76,26.1336
Uttar Pradesh,99921,New Delhi-Delhi University,28.68333333,77.21666667,1996,2025,7,JUL,WS10M,wind_speed_ms,3.0043,0.4688,2.19,4.54,30,3,2.9773
Uttar Pradesh,99921,New Delhi-Delhi University,28.68333333,77.21666667,1996,2025,8,AUG,ALLSKY_SFC_SW_DWN,solar_kwh_m2_day,17.393,1.6733,14.38,20.9,30,17.39,13.3556
Uttar Pradesh,99921,New Delhi-Delhi University,28.68333333,77.21666667,1996,2025,8,AUG,PRECTOTCORR,rainfall_mm,6.365,2.5692,1.9,11.41,30,6.37,11.1736
Uttar Pradesh,99921,New Delhi-Delhi University,28.68333333,77.21666667,1996,2025,8,AUG,RH2M,humidity_pct,74.754,8.9656,56.56,84.96,30,74.75,85.7382
Uttar Pradesh,99921,New Delhi-Delhi University,28.68333333,77.21666667,1996,2025,8,AUG,T2M,temp_mean_c,29.8323,1.2047,28.24,32.24,30,29.83,28.8409
Uttar Pradesh,99921,New Delhi-Delhi University,28.68333333,77.21666667,1996,2025,8,AUG,T2M_MAX,temp_max_c,37.1227,2.6371,33.44,43.82,30,43.82,32.2845
Uttar Pradesh,99921,New Delhi-Delhi University,28.68333333,77.21666667,1996,2025,8,AUG,T2M_MIN,temp_min_c,24.0647,0.7522,22.64,25.36,30,22.64,26.1336
Uttar Pradesh,99921,New Delhi-Delhi University,28.68333333,77.21666667,1996,2025,8,AUG,WS10M,wind_speed_ms,2.7693,0.3584,2.03,3.6,30,2.77,2.9773
Uttar Pradesh,99921,New Delhi-Delhi University,28.68333333,77.21666667,1996,2025,9,SEP,ALLSKY_SFC_SW_DWN,solar_kwh_m2_day,17.8883,1.7741,14.45,20.9,30,17.89,13.3556
Uttar Pradesh,99921,New Delhi-Delhi University,28.68333333,77.21666667,1996,2025,9,SEP,PRECTOTCORR,rainfall_mm,4.4383,2.5614,0.48,9.77,30,4.44,11.1736
Uttar Pradesh,99921,New Delhi-Delhi University,28.68333333,77.21666667,1996,2025,9,SEP,RH2M,humidity_pct,70.4277,11.2041,45.77,86.33,30,70.43,85.7382
Uttar Pradesh,99921,New Delhi-Delhi University,28.68333333,77.21666667,1996,2025,9,SEP,T2M,temp_mean_c,28.4293,1.2715,26.57,30.94,30,28.43,28.8409
Uttar Pradesh,99921,New Delhi-Delhi University,28.68333333,77.21666667,1996,2025,9,SEP,T2M_MAX,temp_max_c,36.4703,2.6091,32.37,40.6,30,40.6,32.2845
Uttar Pradesh,99921,New Delhi-Delhi University,28.68333333,77.21666667,1996,2025,9,SEP,T2M_MIN,temp_min_c,20.214,1.4836,17.07,23.23,30,17.07,26.1336
Uttar Pradesh,99921,New Delhi-Delhi University,28.68333333,77.21666667,1996,2025,9,SEP,WS10M,wind_speed_ms,2.584,0.3127,1.82,3.35,30,2.58,2.9773
Uttar Pradesh,99921,New Delhi-Delhi University,28.68333333,77.21666667,1996,2025,10,OCT,ALLSKY_SFC_SW_DWN,solar_kwh_m2_day,16.785,0.8719,14.8,18.15,30,16.78,13.3556
Uttar Pradesh,99921,New Delhi-Delhi University,28.68333333,77.21666667,1996,2025,10,OCT,PRECTOTCORR,rainfall_mm,0.775,1.1599,0,4.27,30,0.77,11.1736
Uttar Pradesh,99921,New Delhi-Delhi University,28.68333333,77.21666667,1996,2025,10,OCT,RH2M,humidity_pct,53.852,13.0754,32.61,73.47,30,53.85,85.7382
Uttar Pradesh,99921,New Delhi-Delhi University,28.68333333,77.21666667,1996,2025,10,OCT,T2M,temp_mean_c,25.033,1.2326,22.94,27.51,30,25.03,28.8409
Uttar Pradesh,99921,New Delhi-Delhi University,28.68333333,77.21666667,1996,2025,10,OCT,T2M_MAX,temp_max_c,35.0997,2.2944,31.08,38.7,30,38.7,32.2845
Uttar Pradesh,99921,New Delhi-Delhi University,28.68333333,77.21666667,1996,2025,10,OCT,T2M_MIN,temp_min_c,14.563,1.5441,10.92,17.46,30,10.92,26.1336
Uttar Pradesh,99921,New Delhi-Delhi University,28.68333333,77.21666667,1996,2025,10,OCT,WS10M,wind_speed_ms,2.248,0.2483,1.77,2.77,30,2.25,2.9773
Uttar Pradesh,99921,New Delhi-Delhi University,28.68333333,77.21666667,1996,2025,11,NOV,ALLSKY_SFC_SW_DWN,solar_kwh_m2_day,13.0267,1.1911,10.2,15.5,30,13.03,13.3556
Uttar Pradesh,99921,New Delhi-Delhi University,28.68333333,77.21666667,1996,2025,11,NOV,PRECTOTCORR,rainfall_mm,0.121,0.2172,0,0.86,30,0.12,11.1736
Uttar Pradesh,99921,New Delhi-Delhi University,28.68333333,77.21666667,1996,2025,11,NOV,RH2M,humidity_pct,44.489,12.2323,22.29,68.06,30,44.49,85.7382
Uttar Pradesh,99921,New Delhi-Delhi University,28.68333333,77.21666667,1996,2025,11,NOV,T2M,temp_mean_c,19.9783,1.2355,17.41,21.82,30,19.98,28.8409
Uttar Pradesh,99921,New Delhi-Delhi University,28.68333333,77.21666667,1996,2025,11,NOV,T2M_MAX,temp_max_c,31.6593,1.9995,27.63,37.67,30,37.67,32.2845
Uttar Pradesh,99921,New Delhi-Delhi University,28.68333333,77.21666667,1996,2025,11,NOV,T2M_MIN,temp_min_c,8.8683,1.3676,6.53,11.46,30,6.53,26.1336
Uttar Pradesh,99921,New Delhi-Delhi University,28.68333333,77.21666667,1996,2025,11,NOV,WS10M,wind_speed_ms,2.526,0.3454,1.86,3.23,30,2.53,2.9773
Uttar Pradesh,99921,New Delhi-Delhi University,28.68333333,77.21666667,1996,2025,12,DEC,ALLSKY_SFC_SW_DWN,solar_kwh_m2_day,11.054,1.0135,7.71,13.09,30,11.05,13.3556
Uttar Pradesh,99921,New Delhi-Delhi University,28.68333333,77.21666667,1996,2025,12,DEC,PRECTOTCORR,rainfall_mm,0.2457,0.4006,0,1.54,30,0.25,11.1736
Uttar Pradesh,99921,New Delhi-Delhi University,28.68333333,77.21666667,1996,2025,12,DEC,RH2M,humidity_pct,42.6303,10.9961,19.87,62.05,30,42.63,85.7382
Uttar Pradesh,99921,New Delhi-Delhi University,28.68333333,77.21666667,1996,2025,12,DEC,T2M,temp_mean_c,15.1803,1.1328,12.88,17.08,30,15.18,28.8409
Uttar Pradesh,99921,New Delhi-Delhi University,28.68333333,77.21666667,1996,2025,12,DEC,T2M_MAX,temp_max_c,27.589,1.6135,22.72,29.84,30,29.84,32.2845
Uttar Pradesh,99921,New Delhi-Delhi University,28.68333333,77.21666667,1996,2025,12,DEC,T2M_MIN,temp_min_c,4.0273,1.5711,0.47,6.74,30,0.47,26.1336
Uttar Pradesh,99921,New Delhi-Delhi University,28.68333333,77.21666667,1996,2025,12,DEC,WS10M,wind_speed_ms,2.7057,0.3679,2.12,3.48,30,2.71,2.9773
Uttar Pradesh,99923,New Delhi-Lodi Road,28.58333333,77.21666667,1996,2025,0,ANNUAL,ALLSKY_SFC_SW_DWN,solar_kwh_m2_day,17.5883,0.6222,16.51,18.52,30,,13.3556
Uttar Pradesh,99923,New Delhi-Lodi Road,28.58333333,77.21666667,1996,2025,0,ANNUAL,PRECTOTCORR,rainfall_mm,2.099,0.47,1.29,3.2,30,,11.1736
Uttar Pradesh,99923,New Delhi-Lodi Road,28.58333333,77.21666667,1996,2025,0,ANNUAL,RH2M,humidity_pct,46.1847,5.5836,35.3,54.88,30,,85.7382
Uttar Pradesh,99923,New Delhi-Lodi Road,28.58333333,77.21666667,1996,2025,0,ANNUAL,T2M,temp_mean_c,25.5273,0.6142,24.34,26.75,30,,28.8409
Uttar Pradesh,99923,New Delhi-Lodi Road,28.58333333,77.21666667,1996,2025,0,ANNUAL,T2M_MAX,temp_max_c,47.1937,1.2182,44.31,49,30,,32.2845
Uttar Pradesh,99923,New Delhi-Lodi Road,28.58333333,77.21666667,1996,2025,0,ANNUAL,T2M_MIN,temp_min_c,2.347,1.3695,-1.36,4.53,30,,26.1336
Uttar Pradesh,99923,New Delhi-Lodi Road,28.58333333,77.21666667,1996,2025,0,ANNUAL,WS10M,wind_speed_ms,2.954,0.1372,2.7,3.21,30,,2.9773
Uttar Pradesh,99923,New Delhi-Lodi Road,28.58333333,77.21666667,1996,2025,1,JAN,ALLSKY_SFC_SW_DWN,solar_kwh_m2_day,11.115,1.6623,7.82,14.6,30,11.11,13.3556
Uttar Pradesh,99923,New Delhi-Lodi Road,28.58333333,77.21666667,1996,2025,1,JAN,PRECTOTCORR,rainfall_mm,0.6003,0.555,0.01,2.43,30,0.6,11.1736
Uttar Pradesh,99923,New Delhi-Lodi Road,28.58333333,77.21666667,1996,2025,1,JAN,RH2M,humidity_pct,45.44,10.5608,28.07,74.09,30,45.44,85.7382
Uttar Pradesh,99923,New Delhi-Lodi Road,28.58333333,77.21666667,1996,2025,1,JAN,T2M,temp_mean_c,13.5513,1.0356,11.2,15.62,30,13.55,28.8409
Uttar Pradesh,99923,New Delhi-Lodi Road,28.58333333,77.21666667,1996,2025,1,JAN,T2M_MAX,temp_max_c,26.4183,1.9699,22.9,31.32,30,31.32,32.2845
Uttar Pradesh,99923,New Delhi-Lodi Road,28.58333333,77.21666667,1996,2025,1,JAN,T2M_MIN,temp_min_c,2.824,1.5127,-1.36,6.06,30,-1.36,26.1336
Uttar Pradesh,99923,New Delhi-Lodi Road,28.58333333,77.21666667,1996,2025,1,JAN,WS10M,wind_speed_ms,2.8817,0.3188,2.16,3.5,30,2.88,2.9773
Uttar Pradesh,99923,New Delhi-Lodi Road,28.58333333,77.21666667,1996,2025,2,FEB,ALLSKY_SFC_SW_DWN,solar_kwh_m2_day,15.9183,1.1889,12.57,17.82,30,15.92,13.3556
Uttar Pradesh,99923,New Delhi-Lodi Road,28.58333333,77.21666667,1996,2025,2,FEB,PRECTOTCORR,rainfall_mm,0.71,0.7971,0,2.98,30,0.71,11.1736
Uttar Pradesh,99923,New Delhi-Lodi Road,28.58333333,77.21666667,1996,2025,2,FEB,RH2M,humidity_pct,41.324,10.192,24.21,61.49,30,41.32,85.7382
Uttar Pradesh,99923,New Delhi-Lodi Road,28.58333333,77.21666667,1996,2025,2,FEB,T2M,temp_mean_c,17.3327,1.5596,15.12,22.69,30,17.33,28.8409
Uttar Pradesh,99923,New Delhi-Lodi Road,28.58333333,77.21666667,1996,2025,2,FEB,T2M_MAX,temp_max_c,31.4383,2.2829,26.07,35.73,30,35.73,32.2845
Uttar Pradesh,99923,New Delhi-Lodi Road,28.58333333,77.21666667,1996,2025,2,FEB,T2M_MIN,temp_min_c,5.2353,1.7036,1.21,9.69,30,1.21,26.1336
Uttar Pradesh,99923,New Delhi-Lodi Road,28.58333333,77.21666667,1996,2025,2,FEB,WS10M,wind_speed_ms,3.119,0.263,2.52,3.7,30,3.12,2.9773
Uttar Pradesh,99923,New Delhi-Lodi Road,28.58333333,77.21666667,1996,2025,3,MAR,ALLSKY_SFC_SW_DWN,solar_kwh_m2_day,20.372,1.047,17.86,22.52,30,20.37,13.3556
Uttar Pradesh,99923,New Delhi-Lodi Road,28.58333333,77.21666667,1996,2025,3,MAR,PRECTOTCORR,rainfall_mm,0.545,0.7099,0,2.81,30,0.54,11.1736
Uttar Pradesh,99923,New Delhi-Lodi Road,28.58333333,77.21666667,1996,2025,3,MAR,RH2M,humidity_pct,32.5043,10.1077,17.47,54.56,30,32.5,85.7382
Uttar Pradesh,99923,New Delhi-Lodi Road,28.58333333,77.21666667,1996,2025,3,MAR,T2M,temp_mean_c,23.6277,1.6029,21.11,26.62,30,23.63,28.8409
Uttar Pradesh,99923,New Delhi-Lodi Road,28.58333333,77.21666667,1996,2025,3,MAR,T2M_MAX,temp_max_c,38.7237,2.5479,33.85,42.71,30,42.71,32.2845
Uttar Pradesh,99923,New Delhi-Lodi Road,28.58333333,77.21666667,1996,2025,3,MAR,T2M_MIN,temp_min_c,9.763,2.3715,6.1,14.61,30,6.1,26.1336
Uttar Pradesh,99923,New Delhi-Lodi Road,28.58333333,77.21666667,1996,2025,3,MAR,WS10M,wind_speed_ms,3.2633,0.3215,2.54,3.94,30,3.26,2.9773
Uttar Pradesh,99923,New Delhi-Lodi Road,28.58333333,77.21666667,1996,2025,4,APR,ALLSKY_SFC_SW_DWN,solar_kwh_m2_day,23.8993,0.8548,22.37,25.7,30,23.9,13.3556
Uttar Pradesh,99923,New Delhi-Lodi Road,28.58333333,77.21666667,1996,2025,4,APR,PRECTOTCORR,rainfall_mm,0.4127,0.51,0,2.55,30,0.41,11.1736
Uttar Pradesh,99923,New Delhi-Lodi Road,28.58333333,77.21666667,1996,2025,4,APR,RH2M,humidity_pct,22.8337,7.6378,9.27,40.58,30,22.83,85.7382
Uttar Pradesh,99923,New Delhi-Lodi Road,28.58333333,77.21666667,1996,2025,4,APR,T2M,temp_mean_c,30.4623,1.4796,27.79,33.3,30,30.46,28.8409
Uttar Pradesh,99923,New Delhi-Lodi Road,28.58333333,77.21666667,1996,2025,4,APR,T2M_MAX,temp_max_c,43.795,1.6255,40.41,47.21,30,47.21,32.2845
Uttar Pradesh,99923,New Delhi-Lodi Road,28.58333333,77.21666667,1996,2025,4,APR,T2M_MIN,temp_min_c,16.1977,1.7384,12.71,20.02,30,12.71,26.1336
Uttar Pradesh,99923,New Delhi-Lodi Road,28.58333333,77.21666667,1996,2025,4,APR,WS10M,wind_speed_ms,3.394,0.3356,2.65,4.24,30,3.39,2.9773
Uttar Pradesh,99923,New Delhi-Lodi Road,28.58333333,77.21666667,1996,2025,5,MAY,ALLSKY_SFC_SW_DWN,solar_kwh_m2_day,24.027,1.2992,21.19,26.32,30,24.03,13.3556
Uttar Pradesh,99923,New Delhi-Lodi Road,28.58333333,77.21666667,1996,2025,5,MAY,PRECTOTCORR,rainfall_mm,1.1633,1.0265,0.02,3.64,30,1.16,11.1736
Uttar Pradesh,99923,New Delhi-Lodi Road,28.58333333,77.21666667,1996,2025,5,MAY,RH2M,humidity_pct,24.3273,6.6779,14.36,38.93,30,24.33,85.7382
Uttar Pradesh,99923,New Delhi-Lodi Road,28.58333333,77.21666667,1996,2025,5,MAY,T2M,temp_mean_c,34.7643,1.3872,30.96,36.77,30,34.76,28.8409
Uttar Pradesh,99923,New Delhi-Lodi Road,28.58333333,77.21666667,1996,2025,5,MAY,T2M_MAX,temp_max_c,46.5283,1.4042,42.09,49,30,49,32.2845
Uttar Pradesh,99923,New Delhi-Lodi Road,28.58333333,77.21666667,1996,2025,5,MAY,T2M_MIN,temp_min_c,22.5567,2.259,17.78,26.82,30,17.78,26.1336
Uttar Pradesh,99923,New Delhi-Lodi Road,28.58333333,77.21666667,1996,2025,5,MAY,WS10M,wind_speed_ms,3.475,0.4576,2.82,4.58,30,3.47,2.9773
Uttar Pradesh,99923,New Delhi-Lodi Road,28.58333333,77.21666667,1996,2025,6,JUN,ALLSKY_SFC_SW_DWN,solar_kwh_m2_day,21.7097,1.3389,18.25,24.77,30,21.71,13.3556
Uttar Pradesh,99923,New Delhi-Lodi Road,28.58333333,77.21666667,1996,2025,6,JUN,PRECTOTCORR,rainfall_mm,2.93,1.5319,0.34,5.96,30,2.93,11.1736
Uttar Pradesh,99923,New Delhi-Lodi Road,28.58333333,77.21666667,1996,2025,6,JUN,RH2M,humidity_pct,37.433,8.3496,22.4,58.72,30,37.43,85.7382
Uttar Pradesh,99923,New Delhi-Lodi Road,28.58333333,77.21666667,1996,2025,6,JUN,T2M,temp_mean_c,35.601,1.49,32.36,38.43,30,35.6,28.8409
Uttar Pradesh,99923,New Delhi-Lodi Road,28.58333333,77.21666667,1996,2025,6,JUN,T2M_MAX,temp_max_c,46.2557,1.7919,41.79,48.79,30,48.79,32.2845
Uttar Pradesh,99923,New Delhi-Lodi Road,28.58333333,77.21666667,1996,2025,6,JUN,T2M_MIN,temp_min_c,25.736,1.5552,21.76,28.58,30,21.76,26.1336
Uttar Pradesh,99923,New Delhi-Lodi Road,28.58333333,77.21666667,1996,2025,6,JUN,WS10M,wind_speed_ms,3.4897,0.6191,2.62,5.03,30,3.49,2.9773
Uttar Pradesh,99923,New Delhi-Lodi Road,28.58333333,77.21666667,1996,2025,7,JUL,ALLSKY_SFC_SW_DWN,solar_kwh_m2_day,17.9157,1.4512,15.67,21.25,30,17.92,13.3556
Uttar Pradesh,99923,New Delhi-Lodi Road,28.58333333,77.21666667,1996,2025,7,JUL,PRECTOTCORR,rainfall_mm,6.7427,3.149,0.41,15.93,30,6.74,11.1736
Uttar Pradesh,99923,New Delhi-Lodi Road,28.58333333,77.21666667,1996,2025,7,JUL,RH2M,humidity_pct,63.4903,10.7194,29.34,78.79,30,63.49,85.7382
Uttar Pradesh,99923,New Delhi-Lodi Road,28.58333333,77.21666667,1996,2025,7,JUL,T2M,temp_mean_c,32.2147,1.751,29.94,37.87,30,32.21,28.8409
Uttar Pradesh,99923,New Delhi-Lodi Road,28.58333333,77.21666667,1996,2025,7,JUL,T2M_MAX,temp_max_c,42.271,2.2005,37.83,46.83,30,46.83,32.2845
Uttar Pradesh,99923,New Delhi-Lodi Road,28.58333333,77.21666667,1996,2025,7,JUL,T2M_MIN,temp_min_c,25.6367,1.1624,23.76,30.4,30,23.76,26.1336
Uttar Pradesh,99923,New Delhi-Lodi Road,28.58333333,77.21666667,1996,2025,7,JUL,WS10M,wind_speed_ms,3.0043,0.4688,2.19,4.54,30,3,2.9773
Uttar Pradesh,99923,New Delhi-Lodi Road,28.58333333,77.21666667,1996,2025,8,AUG,ALLSKY_SFC_SW_DWN,solar_kwh_m2_day,17.393,1.6733,14.38,20.9,30,17.39,13.3556
Uttar Pradesh,99923,New Delhi-Lodi Road,28.58333333,77.21666667,1996,2025,8,AUG,PRECTOTCORR,rainfall_mm,6.365,2.5692,1.9,11.41,30,6.37,11.1736
Uttar Pradesh,99923,New Delhi-Lodi Road,28.58333333,77.21666667,1996,2025,8,AUG,RH2M,humidity_pct,74.754,8.9656,56.56,84.96,30,74.75,85.7382
Uttar Pradesh,99923,New Delhi-Lodi Road,28.58333333,77.21666667,1996,2025,8,AUG,T2M,temp_mean_c,29.8323,1.2047,28.24,32.24,30,29.83,28.8409
Uttar Pradesh,99923,New Delhi-Lodi Road,28.58333333,77.21666667,1996,2025,8,AUG,T2M_MAX,temp_max_c,37.1227,2.6371,33.44,43.82,30,43.82,32.2845
Uttar Pradesh,99923,New Delhi-Lodi Road,28.58333333,77.21666667,1996,2025,8,AUG,T2M_MIN,temp_min_c,24.0647,0.7522,22.64,25.36,30,22.64,26.1336
Uttar Pradesh,99923,New Delhi-Lodi Road,28.58333333,77.21666667,1996,2025,8,AUG,WS10M,wind_speed_ms,2.7693,0.3584,2.03,3.6,30,2.77,2.9773
Uttar Pradesh,99923,New Delhi-Lodi Road,28.58333333,77.21666667,1996,2025,9,SEP,ALLSKY_SFC_SW_DWN,solar_kwh_m2_day,17.8883,1.7741,14.45,20.9,30,17.89,13.3556
Uttar Pradesh,99923,New Delhi-Lodi Road,28.58333333,77.21666667,1996,2025,9,SEP,PRECTOTCORR,rainfall_mm,4.4383,2.5614,0.48,9.77,30,4.44,11.1736
Uttar Pradesh,99923,New Delhi-Lodi Road,28.58333333,77.21666667,1996,2025,9,SEP,RH2M,humidity_pct,70.4277,11.2041,45.77,86.33,30,70.43,85.7382
Uttar Pradesh,99923,New Delhi-Lodi Road,28.58333333,77.21666667,1996,2025,9,SEP,T2M,temp_mean_c,28.4293,1.2715,26.57,30.94,30,28.43,28.8409
Uttar Pradesh,99923,New Delhi-Lodi Road,28.58333333,77.21666667,1996,2025,9,SEP,T2M_MAX,temp_max_c,36.4703,2.6091,32.37,40.6,30,40.6,32.2845
Uttar Pradesh,99923,New Delhi-Lodi Road,28.58333333,77.21666667,1996,2025,9,SEP,T2M_MIN,temp_min_c,20.214,1.4836,17.07,23.23,30,17.07,26.1336
Uttar Pradesh,99923,New Delhi-Lodi Road,28.58333333,77.21666667,1996,2025,9,SEP,WS10M,wind_speed_ms,2.584,0.3127,1.82,3.35,30,2.58,2.9773
Uttar Pradesh,99923,New Delhi-Lodi Road,28.58333333,77.21666667,1996,2025,10,OCT,ALLSKY_SFC_SW_DWN,solar_kwh_m2_day,16.785,0.8719,14.8,18.15,30,16.78,13.3556
Uttar Pradesh,99923,New Delhi-Lodi Road,28.58333333,77.21666667,1996,2025,10,OCT,PRECTOTCORR,rainfall_mm,0.775,1.1599,0,4.27,30,0.77,11.1736
Uttar Pradesh,99923,New Delhi-Lodi Road,28.58333333,77.21666667,1996,2025,10,OCT,RH2M,humidity_pct,53.852,13.0754,32.61,73.47,30,53.85,85.7382
Uttar Pradesh,99923,New Delhi-Lodi Road,28.58333333,77.21666667,1996,2025,10,OCT,T2M,temp_mean_c,25.033,1.2326,22.94,27.51,30,25.03,28.8409
Uttar Pradesh,99923,New Delhi-Lodi Road,28.58333333,77.21666667,1996,2025,10,OCT,T2M_MAX,temp_max_c,35.0997,2.2944,31.08,38.7,30,38.7,32.2845
Uttar Pradesh,99923,New Delhi-Lodi Road,28.58333333,77.21666667,1996,2025,10,OCT,T2M_MIN,temp_min_c,14.563,1.5441,10.92,17.46,30,10.92,26.1336
Uttar Pradesh,99923,New Delhi-Lodi Road,28.58333333,77.21666667,1996,2025,10,OCT,WS10M,wind_speed_ms,2.248,0.2483,1.77,2.77,30,2.25,2.9773
Uttar Pradesh,99923,New Delhi-Lodi Road,28.58333333,77.21666667,1996,2025,11,NOV,ALLSKY_SFC_SW_DWN,solar_kwh_m2_day,13.0267,1.1911,10.2,15.5,30,13.03,13.3556
Uttar Pradesh,99923,New Delhi-Lodi Road,28.58333333,77.21666667,1996,2025,11,NOV,PRECTOTCORR,rainfall_mm,0.121,0.2172,0,0.86,30,0.12,11.1736
Uttar Pradesh,99923,New Delhi-Lodi Road,28.58333333,77.21666667,1996,2025,11,NOV,RH2M,humidity_pct,44.489,12.2323,22.29,68.06,30,44.49,85.7382
Uttar Pradesh,99923,New Delhi-Lodi Road,28.58333333,77.21666667,1996,2025,11,NOV,T2M,temp_mean_c,19.9783,1.2355,17.41,21.82,30,19.98,28.8409
Uttar Pradesh,99923,New Delhi-Lodi Road,28.58333333,77.21666667,1996,2025,11,NOV,T2M_MAX,temp_max_c,31.6593,1.9995,27.63,37.67,30,37.67,32.2845
Uttar Pradesh,99923,New Delhi-Lodi Road,28.58333333,77.21666667,1996,2025,11,NOV,T2M_MIN,temp_min_c,8.8683,1.3676,6.53,11.46,30,6.53,26.1336
Uttar Pradesh,99923,New Delhi-Lodi Road,28.58333333,77.21666667,1996,2025,11,NOV,WS10M,wind_speed_ms,2.526,0.3454,1.86,3.23,30,2.53,2.9773
Uttar Pradesh,99923,New Delhi-Lodi Road,28.58333333,77.21666667,1996,2025,12,DEC,ALLSKY_SFC_SW_DWN,solar_kwh_m2_day,11.054,1.0135,7.71,13.09,30,11.05,13.3556
Uttar Pradesh,99923,New Delhi-Lodi Road,28.58333333,77.21666667,1996,2025,12,DEC,PRECTOTCORR,rainfall_mm,0.2457,0.4006,0,1.54,30,0.25,11.1736
Uttar Pradesh,99923,New Delhi-Lodi Road,28.58333333,77.21666667,1996,2025,12,DEC,RH2M,humidity_pct,42.6303,10.9961,19.87,62.05,30,42.63,85.7382
Uttar Pradesh,99923,New Delhi-Lodi Road,28.58333333,77.21666667,1996,2025,12,DEC,T2M,temp_mean_c,15.1803,1.1328,12.88,17.08,30,15.18,28.8409
Uttar Pradesh,99923,New Delhi-Lodi Road,28.58333333,77.21666667,1996,2025,12,DEC,T2M_MAX,temp_max_c,27.589,1.6135,22.72,29.84,30,29.84,32.2845
Uttar Pradesh,99923,New Delhi-Lodi Road,28.58333333,77.21666667,1996,2025,12,DEC,T2M_MIN,temp_min_c,4.0273,1.5711,0.47,6.74,30,0.47,26.1336
Uttar Pradesh,99923,New Delhi-Lodi Road,28.58333333,77.21666667,1996,2025,12,DEC,WS10M,wind_speed_ms,2.7057,0.3679,2.12,3.48,30,2.71,2.9773
Uttar Pradesh,99922,New Delhi-Narela,28.85,77.08333333,1996,2025,0,ANNUAL,ALLSKY_SFC_SW_DWN,solar_kwh_m2_day,17.5883,0.6222,16.51,18.52,30,,13.3556
Uttar Pradesh,99922,New Delhi-Narela,28.85,77.08333333,1996,2025,0,ANNUAL,PRECTOTCORR,rainfall_mm,1.965,0.498,0.96,3.13,30,,8.3318
Uttar Pradesh,99922,New Delhi-Narela,28.85,77.08333333,1996,2025,0,ANNUAL,RH2M,humidity_pct,45.1523,5.9947,32.91,55.35,30,,83.4555
Uttar Pradesh,99922,New Delhi-Narela,28.85,77.08333333,1996,2025,0,ANNUAL,T2M,temp_mean_c,25.4177,0.6721,24.48,26.91,30,,28.9382
Uttar Pradesh,99922,New Delhi-Narela,28.85,77.08333333,1996,2025,0,ANNUAL,T2M_MAX,temp_max_c,47.0593,1.2146,44.54,49.08,30,,32.3227
Uttar Pradesh,99922,New Delhi-Narela,28.85,77.08333333,1996,2025,0,ANNUAL,T2M_MIN,temp_min_c,2.0663,1.3517,-1.21,4.32,30,,26.0691
Uttar Pradesh,99922,New Delhi-Narela,28.85,77.08333333,1996,2025,0,ANNUAL,WS10M,wind_speed_ms,2.933,0.1389,2.71,3.24,30,,2.9509
Uttar Pradesh,99922,New Delhi-Narela,28.85,77.08333333,1996,2025,1,JAN,ALLSKY_SFC_SW_DWN,solar_kwh_m2_day,11.115,1.6623,7.82,14.6,30,11.11,13.3556
Uttar Pradesh,99922,New Delhi-Narela,28.85,77.08333333,1996,2025,1,JAN,PRECTOTCORR,rainfall_mm,0.6377,0.6173,0,3,30,0.64,8.3318
Uttar Pradesh,99922,New Delhi-Narela,28.85,77.08333333,1996,2025,1,JAN,RH2M,humidity_pct,45.3467,10.3246,29.77,75.06,30,45.35,83.4555
Uttar Pradesh,99922,New Delhi-Narela,28.85,77.08333333,1996,2025,1,JAN,T2M,temp_mean_c,13.1667,0.9674,11.19,15.06,30,13.17,28.9382
Uttar Pradesh,99922,New Delhi-Narela,28.85,77.08333333,1996,2025,1,JAN,T2M_MAX,temp_max_c,26.0397,1.9529,23,31.05,30,31.05,32.3227
Uttar Pradesh,99922,New Delhi-Narela,28.85,77.08333333,1996,2025,1,JAN,T2M_MIN,temp_min_c,2.517,1.5243,-1.21,5.83,30,-1.21,26.0691
Uttar Pradesh,99922,New Delhi-Narela,28.85,77.08333333,1996,2025,1,JAN,WS10M,wind_speed_ms,2.861,0.2809,2.34,3.46,30,2.86,2.9509
Uttar Pradesh,99922,New Delhi-Narela,28.85,77.08333333,1996,2025,2,FEB,ALLSKY_SFC_SW_DWN,solar_kwh_m2_day,15.9183,1.1889,12.57,17.82,30,15.92,13.3556
Uttar Pradesh,99922,New Delhi-Narela,28.85,77.08333333,1996,2025,2,FEB,PRECTOTCORR,rainfall_mm,0.751,0.8227,0,3.26,30,0.75,8.3318
Uttar Pradesh,99922,New Delhi-Narela,28.85,77.08333333,1996,2025,2,FEB,RH2M,humidity_pct,42.0243,10.2094,24.9,63.76,30,42.02,83.4555
Uttar Pradesh,99922,New Delhi-Narela,28.85,77.08333333,1996,2025,2,FEB,T2M,temp_mean_c,16.879,1.5369,14.58,22.27,30,16.88,28.9382
Uttar Pradesh,99922,New Delhi-Narela,28.85,77.08333333,1996,2025,2,FEB,T2M_MAX,temp_max_c,30.9293,2.2891,26.37,34.9,30,34.9,32.3227
Uttar Pradesh,99922,New Delhi-Narela,28.85,77.08333333,1996,2025,2,FEB,T2M_MIN,temp_min_c,4.7667,1.6034,1.32,9.21,30,1.32,26.0691
Uttar Pradesh,99922,New Delhi-Narela,28.85,77.08333333,1996,2025,2,FEB,WS10M,wind_speed_ms,3.0643,0.2482,2.54,3.53,30,3.06,2.9509
Uttar Pradesh,99922,New Delhi-Narela,28.85,77.08333333,1996,2025,3,MAR,ALLSKY_SFC_SW_DWN,solar_kwh_m2_day,20.372,1.047,17.86,22.52,30,20.37,13.3556
Uttar Pradesh,99922,New Delhi-Narela,28.85,77.08333333,1996,2025,3,MAR,PRECTOTCORR,rainfall_mm,0.608,0.7603,0,2.99,30,0.61,8.3318
Uttar Pradesh,99922,New Delhi-Narela,28.85,77.08333333,1996,2025,3,MAR,RH2M,humidity_pct,33.618,10.6798,17.31,57.65,30,33.62,83.4555
Uttar Pradesh,99922,New Delhi-Narela,28.85,77.08333333,1996,2025,3,MAR,T2M,temp_mean_c,23.1863,1.6246,20.45,26.41,30,23.19,28.9382
Uttar Pradesh,99922,New Delhi-Narela,28.85,77.08333333,1996,2025,3,MAR,T2M_MAX,temp_max_c,38.2767,2.502,32.8,42.36,30,42.36,32.3227
Uttar Pradesh,99922,New Delhi-Narela,28.85,77.08333333,1996,2025,3,MAR,T2M_MIN,temp_min_c,9.525,2.4183,5.27,14.23,30,5.27,26.0691
Uttar Pradesh,99922,New Delhi-Narela,28.85,77.08333333,1996,2025,3,MAR,WS10M,wind_speed_ms,3.1727,0.2855,2.49,3.73,30,3.17,2.9509
Uttar Pradesh,99922,New Delhi-Narela,28.85,77.08333333,1996,2025,4,APR,ALLSKY_SFC_SW_DWN,solar_kwh_m2_day,23.8993,0.8548,22.37,25.7,30,23.9,13.3556
Uttar Pradesh,99922,New Delhi-Narela,28.85,77.08333333,1996,2025,4,APR,PRECTOTCORR,rainfall_mm,0.4447,0.4961,0,2.35,30,0.44,8.3318
Uttar Pradesh,99922,New Delhi-Narela,28.85,77.08333333,1996,2025,4,APR,RH2M,humidity_pct,24.1207,7.9414,9.58,41.61,30,24.12,83.4555
Uttar Pradesh,99922,New Delhi-Narela,28.85,77.08333333,1996,2025,4,APR,T2M,temp_mean_c,29.9727,1.5229,27.26,32.84,30,29.97,28.9382
Uttar Pradesh,99922,New Delhi-Narela,28.85,77.08333333,1996,2025,4,APR,T2M_MAX,temp_max_c,43.4427,1.6906,39.99,46.97,30,46.97,32.3227
Uttar Pradesh,99922,New Delhi-Narela,28.85,77.08333333,1996,2025,4,APR,T2M_MIN,temp_min_c,15.6887,1.8283,12.08,20.09,30,12.08,26.0691
Uttar Pradesh,99922,New Delhi-Narela,28.85,77.08333333,1996,2025,4,APR,WS10M,wind_speed_ms,3.3013,0.3078,2.63,4.01,30,3.3,2.9509
Uttar Pradesh,99922,New Delhi-Narela,28.85,77.08333333,1996,2025,5,MAY,ALLSKY_SFC_SW_DWN,solar_kwh_m2_day,24.027,1.2992,21.19,26.32,30,24.03,13.3556
Uttar Pradesh,99922,New Delhi-Narela,28.85,77.08333333,1996,2025,5,MAY,PRECTOTCORR,rainfall_mm,1.2523,1.0848,0.04,3.79,30,1.25,8.3318
Uttar Pradesh,99922,New Delhi-Narela,28.85,77.08333333,1996,2025,5,MAY,RH2M,humidity_pct,24.6477,6.7844,14.9,39.84,30,24.65,83.4555
Uttar Pradesh,99922,New Delhi-Narela,28.85,77.08333333,1996,2025,5,MAY,T2M,temp_mean_c,34.4773,1.4751,30.44,36.61,30,34.48,28.9382
Uttar Pradesh,99922,New Delhi-Narela,28.85,77.08333333,1996,2025,5,MAY,T2M_MAX,temp_max_c,46.3387,1.4012,41.88,48.8,30,48.8,32.3227
Uttar Pradesh,99922,New Delhi-Narela,28.85,77.08333333,1996,2025,5,MAY,T2M_MIN,temp_min_c,22.2917,2.282,17.59,26.51,30,17.59,26.0691
Uttar Pradesh,99922,New Delhi-Narela,28.85,77.08333333,1996,2025,5,MAY,WS10M,wind_speed_ms,3.457,0.4406,2.81,4.58,30,3.46,2.9509
Uttar Pradesh,99922,New Delhi-Narela,28.85,77.08333333,1996,2025,6,JUN,ALLSKY_SFC_SW_DWN,solar_kwh_m2_day,21.7097,1.3389,18.25,24.77,30,21.71,13.3556
Uttar Pradesh,99922,New Delhi-Narela,28.85,77.08333333,1996,2025,6,JUN,PRECTOTCORR,rainfall_mm,2.917,1.3701,0.52,4.92,30,2.92,8.3318
Uttar Pradesh,99922,New Delhi-Narela,28.85,77.08333333,1996,2025,6,JUN,RH2M,humidity_pct,37.348,8.1652,22.86,58.9,30,37.35,83.4555
Uttar Pradesh,99922,New Delhi-Narela,28.85,77.08333333,1996,2025,6,JUN,T2M,temp_mean_c,35.468,1.4391,32.42,38.22,30,35.47,28.9382
Uttar Pradesh,99922,New Delhi-Narela,28.85,77.08333333,1996,2025,6,JUN,T2M_MAX,temp_max_c,46.0967,1.8178,41.85,49.08,30,49.08,32.3227
Uttar Pradesh,99922,New Delhi-Narela,28.85,77.08333333,1996,2025,6,JUN,T2M_MIN,temp_min_c,25.6167,1.6239,20.93,28.44,30,20.93,26.0691
Uttar Pradesh,99922,New Delhi-Narela,28.85,77.08333333,1996,2025,6,JUN,WS10M,wind_speed_ms,3.5093,0.5916,2.57,5.03,30,3.51,2.9509
Uttar Pradesh,99922,New Delhi-Narela,28.85,77.08333333,1996,2025,7,JUL,ALLSKY_SFC_SW_DWN,solar_kwh_m2_day,17.9157,1.4512,15.67,21.25,30,17.92,13.3556
Uttar Pradesh,99922,New Delhi-Narela,28.85,77.08333333,1996,2025,7,JUL,PRECTOTCORR,rainfall_mm,6.292,3.3687,0.57,15.27,30,6.29,8.3318
Uttar Pradesh,99922,New Delhi-Narela,28.85,77.08333333,1996,2025,7,JUL,RH2M,humidity_pct,60.675,11.2831,28.39,78.22,30,60.67,83.4555
Uttar Pradesh,99922,New Delhi-Narela,28.85,77.08333333,1996,2025,7,JUL,T2M,temp_mean_c,32.6427,1.8106,29.94,37.99,30,32.64,28.9382
Uttar Pradesh,99922,New Delhi-Narela,28.85,77.08333333,1996,2025,7,JUL,T2M_MAX,temp_max_c,42.5633,2.0628,38.44,46.45,30,46.45,32.3227
Uttar Pradesh,99922,New Delhi-Narela,28.85,77.08333333,1996,2025,7,JUL,T2M_MIN,temp_min_c,25.818,1.3529,23.15,30.34,30,23.15,26.0691
Uttar Pradesh,99922,New Delhi-Narela,28.85,77.08333333,1996,2025,7,JUL,WS10M,wind_speed_ms,3.0637,0.4731,2.38,4.58,30,3.06,2.9509
Uttar Pradesh,99922,New Delhi-Narela,28.85,77.08333333,1996,2025,8,AUG,ALLSKY_SFC_SW_DWN,solar_kwh_m2_day,17.393,1.6733,14.38,20.9,30,17.39,13.3556
Uttar Pradesh,99922,New Delhi-Narela,28.85,77.08333333,1996,2025,8,AUG,PRECTOTCORR,rainfall_mm,5.663,2.3125,1.79,10.07,30,5.66,8.3318
Uttar Pradesh,99922,New Delhi-Narela,28.85,77.08333333,1996,2025,8,AUG,RH2M,humidity_pct,71.4813,9.8751,49.58,83.87,30,71.48,83.4555
Uttar Pradesh,99922,New Delhi-Narela,28.85,77.08333333,1996,2025,8,AUG,T2M,temp_mean_c,30.2753,1.3468,28.52,33.33,30,30.28,28.9382
Uttar Pradesh,99922,New Delhi-Narela,28.85,77.08333333,1996,2025,8,AUG,T2M_MAX,temp_max_c,37.8447,2.6256,34.1,44.07,30,44.07,32.3227
Uttar Pradesh,99922,New Delhi-Narela,28.85,77.08333333,1996,2025,8,AUG,T2M_MIN,temp_min_c,24.2783,0.9055,22.75,26.35,30,22.75,26.0691
Uttar Pradesh,99922,New Delhi-Narela,28.85,77.08333333,1996,2025,8,AUG,WS10M,wind_speed_ms,2.769,0.3383,2.05,3.55,30,2.77,2.9509
Uttar Pradesh,99922,New Delhi-Narela,28.85,77.08333333,1996,2025,9,SEP,ALLSKY_SFC_SW_DWN,solar_kwh_m2_day,17.8883,1.7741,14.45,20.9,30,17.89,13.3556
Uttar Pradesh,99922,New Delhi-Narela,28.85,77.08333333,1996,2025,9,SEP,PRECTOTCORR,rainfall_mm,3.896,2.5039,0.4,8.78,30,3.9,8.3318
Uttar Pradesh,99922,New Delhi-Narela,28.85,77.08333333,1996,2025,9,SEP,RH2M,humidity_pct,67.3773,11.0974,46.62,85.88,30,67.38,83.4555
Uttar Pradesh,99922,New Delhi-Narela,28.85,77.08333333,1996,2025,9,SEP,T2M,temp_mean_c,28.682,1.2811,26.55,31.59,30,28.68,28.9382
Uttar Pradesh,99922,New Delhi-Narela,28.85,77.08333333,1996,2025,9,SEP,T2M_MAX,temp_max_c,37.0247,2.4662,32.8,42.1,30,42.1,32.3227
Uttar Pradesh,99922,New Delhi-Narela,28.85,77.08333333,1996,2025,9,SEP,T2M_MIN,temp_min_c,20.2237,1.48,17.3,23.46,30,17.3,26.0691
Uttar Pradesh,99922,New Delhi-Narela,28.85,77.08333333,1996,2025,9,SEP,WS10M,wind_speed_ms,2.5477,0.3014,1.94,3.1,30,2.55,2.9509
Uttar Pradesh,99922,New Delhi-Narela,28.85,77.08333333,1996,2025,10,OCT,ALLSKY_SFC_SW_DWN,solar_kwh_m2_day,16.785,0.8719,14.8,18.15,30,16.78,13.3556
Uttar Pradesh,99922,New Delhi-Narela,28.85,77.08333333,1996,2025,10,OCT,PRECTOTCORR,rainfall_mm,0.6233,0.8657,0,3.13,30,0.62,8.3318
Uttar Pradesh,99922,New Delhi-Narela,28.85,77.08333333,1996,2025,10,OCT,RH2M,humidity_pct,50.6457,12.6125,28.48,72.81,30,50.65,83.4555
Uttar Pradesh,99922,New Delhi-Narela,28.85,77.08333333,1996,2025,10,OCT,T2M,temp_mean_c,25.1513,1.1516,23.32,27.34,30,25.15,28.9382
Uttar Pradesh,99922,New Delhi-Narela,28.85,77.08333333,1996,2025,10,OCT,T2M_MAX,temp_max_c,35.6683,2.1354,31.96,39.26,30,39.26,32.3227
Uttar Pradesh,99922,New Delhi-Narela,28.85,77.08333333,1996,2025,10,OCT,T2M_MIN,temp_min_c,14.6247,1.5223,11.85,17.99,30,11.85,26.0691
Uttar Pradesh,99922,New Delhi-Narela,28.85,77.08333333,1996,2025,10,OCT,WS10M,wind_speed_ms,2.2377,0.2297,1.79,2.69,30,2.24,2.9509
Uttar Pradesh,99922,New Delhi-Narela,28.85,77.08333333,1996,2025,11,NOV,ALLSKY_SFC_SW_DWN,solar_kwh_m2_day,13.0267,1.1911,10.2,15.5,30,13.03,13.3556
Uttar Pradesh,99922,New Delhi-Narela,28.85,77.08333333,1996,2025,11,NOV,PRECTOTCORR,rainfall_mm,0.1163,0.1859,0,0.7,30,0.12,8.3318
Uttar Pradesh,99922,New Delhi-Narela,28.85,77.08333333,1996,2025,11,NOV,RH2M,humidity_pct,42.3953,11.6172,18.75,64.79,30,42.4,83.4555
Uttar Pradesh,99922,New Delhi-Narela,28.85,77.08333333,1996,2025,11,NOV,T2M,temp_mean_c,19.8417,1.1679,17.34,21.69,30,19.84,28.9382
Uttar Pradesh,99922,New Delhi-Narela,28.85,77.08333333,1996,2025,11,NOV,T2M_MAX,temp_max_c,31.72,1.9348,27.51,37.42,30,37.42,32.3227
Uttar Pradesh,99922,New Delhi-Narela,28.85,77.08333333,1996,2025,11,NOV,T2M_MIN,temp_min_c,8.844,1.38,6.78,11.65,30,6.78,26.0691
Uttar Pradesh,99922,New Delhi-Narela,28.85,77.08333333,1996,2025,11,NOV,WS10M,wind_speed_ms,2.5287,0.3201,1.83,3.1,30,2.53,2.9509
Uttar Pradesh,99922,New Delhi-Narela,28.85,77.08333333,1996,2025,12,DEC,ALLSKY_SFC_SW_DWN,solar_kwh_m2_day,11.054,1.0135,7.71,13.09,30,11.05,13.3556
Uttar Pradesh,99922,New Delhi-Narela,28.85,77.08333333,1996,2025,12,DEC,PRECTOTCORR,rainfall_mm,0.2473,0.3615,0,1.33,30,0.25,8.3318
Uttar Pradesh,99922,New Delhi-Narela,28.85,77.08333333,1996,2025,12,DEC,RH2M,humidity_pct,41.5853,10.5477,19.36,59.2,30,41.59,83.4555
Uttar Pradesh,99922,New Delhi-Narela,28.85,77.08333333,1996,2025,12,DEC,T2M,temp_mean_c,14.9123,1.1221,12.46,16.66,30,14.91,28.9382
Uttar Pradesh,99922,New Delhi-Narela,28.85,77.08333333,1996,2025,12,DEC,T2M_MAX,temp_max_c,27.4717,1.5933,22.8,29.63,30,29.63,32.3227
Uttar Pradesh,99922,New Delhi-Narela,28.85,77.08333333,1996,2025,12,DEC,T2M_MIN,temp_min_c,3.886,1.6521,0.19,6.72,30,0.19,26.0691
Uttar Pradesh,99922,New Delhi-Narela,28.85,77.08333333,1996,2025,12,DEC,WS10M,wind_speed_ms,2.7003,0.3352,2.1,3.44,30,2.7,2.9509
Uttar Pradesh,42181,New Delhi-Palam,28.57,77.12,1996,2025,0,ANNUAL,ALLSKY_SFC_SW_DWN,solar_kwh_m2_day,17.5883,0.6222,16.51,18.52,30,,13.3556
Uttar Pradesh,42181,New Delhi-Palam,28.57,77.12,1996,2025,0,ANNUAL,PRECTOTCORR,rainfall_mm,1.848,0.4636,0.93,3,30,,9.7709
Uttar Pradesh,42181,New Delhi-Palam,28.57,77.12,1996,2025,0,ANNUAL,RH2M,humidity_pct,44.2747,5.7163,32.7,53.27,30,,83.96
Uttar Pradesh,42181,New Delhi-Palam,28.57,77.12,1996,2025,0,ANNUAL,T2M,temp_mean_c,25.626,0.6406,24.66,27.04,30,,28.9964
Uttar Pradesh,42181,New Delhi-Palam,28.57,77.12,1996,2025,0,ANNUAL,T2M_MAX,temp_max_c,46.955,1.0545,44.58,48.64,30,,32.3364
Uttar Pradesh,42181,New Delhi-Palam,28.57,77.12,1996,2025,0,ANNUAL,T2M_MIN,temp_min_c,2.2013,1.4169,-0.83,4.74,30,,26.1755
Uttar Pradesh,42181,New Delhi-Palam,28.57,77.12,1996,2025,0,ANNUAL,WS10M,wind_speed_ms,2.942,0.1543,2.72,3.23,30,,2.9718
Uttar Pradesh,42181,New Delhi-Palam,28.57,77.12,1996,2025,1,JAN,ALLSKY_SFC_SW_DWN,solar_kwh_m2_day,11.115,1.6623,7.82,14.6,30,11.11,13.3556
Uttar Pradesh,42181,New Delhi-Palam,28.57,77.12,1996,2025,1,JAN,PRECTOTCORR,rainfall_mm,0.5733,0.5966,0,2.79,30,0.57,9.7709
Uttar Pradesh,42181,New Delhi-Palam,28.57,77.12,1996,2025,1,JAN,RH2M,humidity_pct,43.911,10.4086,28.55,72.3,30,43.91,83.96
Uttar Pradesh,42181,New Delhi-Palam,28.57,77.12,1996,2025,1,JAN,T2M,temp_mean_c,13.453,0.9828,11.56,15.48,30,13.45,28.9964
Uttar Pradesh,42181,New Delhi-Palam,28.57,77.12,1996,2025,1,JAN,T2M_MAX,temp_max_c,26.614,1.858,24.21,31.29,30,31.29,32.3364
Uttar Pradesh,42181,New Delhi-Palam,28.57,77.12,1996,2025,1,JAN,T2M_MIN,temp_min_c,2.5803,1.5427,-0.83,5.88,30,-0.83,26.1755
Uttar Pradesh,42181,New Delhi-Palam,28.57,77.12,1996,2025,1,JAN,WS10M,wind_speed_ms,2.7467,0.2905,2.11,3.36,30,2.75,2.9718
Uttar Pradesh,42181,New Delhi-Palam,28.57,77.12,1996,2025,2,FEB,ALLSKY_SFC_SW_DWN,solar_kwh_m2_day,15.9183,1.1889,12.57,17.82,30,15.92,13.3556
Uttar Pradesh,42181,New Delhi-Palam,28.57,77.12,1996,2025,2,FEB,PRECTOTCORR,rainfall_mm,0.6583,0.7452,0,2.81,30,0.66,9.7709
Uttar Pradesh,42181,New Delhi-Palam,28.57,77.12,1996,2025,2,FEB,RH2M,humidity_pct,40.3657,10.1402,23.54,60.88,30,40.37,83.96
Uttar Pradesh,42181,New Delhi-Palam,28.57,77.12,1996,2025,2,FEB,T2M,temp_mean_c,17.194,1.5644,14.88,22.53,30,17.19,28.9964
Uttar Pradesh,42181,New Delhi-Palam,28.57,77.12,1996,2025,2,FEB,T2M_MAX,temp_max_c,31.629,2.2793,26.44,35.29,30,35.29,32.3364
Uttar Pradesh,42181,New Delhi-Palam,28.57,77.12,1996,2025,2,FEB,T2M_MIN,temp_min_c,4.8717,1.656,1.29,9.95,30,1.29,26.1755
Uttar Pradesh,42181,New Delhi-Palam,28.57,77.12,1996,2025,2,FEB,WS10M,wind_speed_ms,2.959,0.2452,2.5,3.44,30,2.96,2.9718
Uttar Pradesh,42181,New Delhi-Palam,28.57,77.12,1996,2025,3,MAR,ALLSKY_SFC_SW_DWN,solar_kwh_m2_day,20.372,1.047,17.86,22.52,30,20.37,13.3556
Uttar Pradesh,42181,New Delhi-Palam,28.57,77.12,1996,2025,3,MAR,PRECTOTCORR,rainfall_mm,0.5383,0.6956,0,2.72,30,0.54,9.7709
Uttar Pradesh,42181,New Delhi-Palam,28.57,77.12,1996,2025,3,MAR,RH2M,humidity_pct,32.1163,10.5138,16.96,55.76,30,32.12,83.96
Uttar Pradesh,42181,New Delhi-Palam,28.57,77.12,1996,2025,3,MAR,T2M,temp_mean_c,23.4943,1.6118,20.82,26.64,30,23.49,28.9964
Uttar Pradesh,42181,New Delhi-Palam,28.57,77.12,1996,2025,3,MAR,T2M_MAX,temp_max_c,38.7173,2.5038,33.43,42.58,30,42.58,32.3364
Uttar Pradesh,42181,New Delhi-Palam,28.57,77.12,1996,2025,3,MAR,T2M_MIN,temp_min_c,9.6743,2.4912,4.79,14.64,30,4.79,26.1755
Uttar Pradesh,42181,New Delhi-Palam,28.57,77.12,1996,2025,3,MAR,WS10M,wind_speed_ms,3.0917,0.3016,2.36,3.71,30,3.09,2.9718
Uttar Pradesh,42181,New Delhi-Palam,28.57,77.12,1996,2025,4,APR,ALLSKY_SFC_SW_DWN,solar_kwh_m2_day,23.8993,0.8548,22.37,25.7,30,23.9,13.3556
Uttar Pradesh,42181,New Delhi-Palam,28.57,77.12,1996,2025,4,APR,PRECTOTCORR,rainfall_mm,0.408,0.5,0,2.42,30,0.41,9.7709
Uttar Pradesh,42181,New Delhi-Palam,28.57,77.12,1996,2025,4,APR,RH2M,humidity_pct,23.0583,7.6451,9.83,40.98,30,23.06,83.96
Uttar Pradesh,42181,New Delhi-Palam,28.57,77.12,1996,2025,4,APR,T2M,temp_mean_c,30.2297,1.4729,27.66,32.97,30,30.23,28.9964
Uttar Pradesh,42181,New Delhi-Palam,28.57,77.12,1996,2025,4,APR,T2M_MAX,temp_max_c,43.5543,1.6297,40.48,46.86,30,46.86,32.3364
Uttar Pradesh,42181,New Delhi-Palam,28.57,77.12,1996,2025,4,APR,T2M_MIN,temp_min_c,15.9237,1.7827,12.19,20.02,30,12.19,26.1755
Uttar Pradesh,42181,New Delhi-Palam,28.57,77.12,1996,2025,4,APR,WS10M,wind_speed_ms,3.2637,0.3205,2.59,4.11,30,3.26,2.9718
Uttar Pradesh,42181,New Delhi-Palam,28.57,77.12,1996,2025,5,MAY,ALLSKY_SFC_SW_DWN,solar_kwh_m2_day,24.027,1.2992,21.19,26.32,30,24.03,13.3556
Uttar Pradesh,42181,New Delhi-Palam,28.57,77.12,1996,2025,5,MAY,PRECTOTCORR,rainfall_mm,1.203,1.0902,0.01,3.82,30,1.2,9.7709
Uttar Pradesh,42181,New Delhi-Palam,28.57,77.12,1996,2025,5,MAY,RH2M,humidity_pct,24.4817,6.6681,14.63,40.11,30,24.48,83.96
Uttar Pradesh,42181,New Delhi-Palam,28.57,77.12,1996,2025,5,MAY,T2M,temp_mean_c,34.6313,1.4109,30.86,36.68,30,34.63,28.9964
Uttar Pradesh,42181,New Delhi-Palam,28.57,77.12,1996,2025,5,MAY,T2M_MAX,temp_max_c,46.3007,1.321,41.67,48.52,30,48.52,32.3364
Uttar Pradesh,42181,New Delhi-Palam,28.57,77.12,1996,2025,5,MAY,T2M_MIN,temp_min_c,22.511,2.2222,18.21,26.75,30,18.21,26.1755
Uttar Pradesh,42181,New Delhi-Palam,28.57,77.12,1996,2025,5,MAY,WS10M,wind_speed_ms,3.5427,0.4907,2.78,4.73,30,3.54,2.9718
Uttar Pradesh,42181,New Delhi-Palam,28.57,77.12,1996,2025,6,JUN,ALLSKY_SFC_SW_DWN,solar_kwh_m2_day,21.7097,1.3389,18.25,24.77,30,21.71,13.3556
Uttar Pradesh,42181,New Delhi-Palam,28.57,77.12,1996,2025,6,JUN,PRECTOTCORR,rainfall_mm,2.6453,1.3032,0.42,5.01,30,2.65,9.7709
Uttar Pradesh,42181,New Delhi-Palam,28.57,77.12,1996,2025,6,JUN,RH2M,humidity_pct,37.5217,7.9048,23.52,57.77,30,37.52,83.96
Uttar Pradesh,42181,New Delhi-Palam,28.57,77.12,1996,2025,6,JUN,T2M,temp_mean_c,35.519,1.3961,32.59,37.99,30,35.52,28.9964
Uttar Pradesh,42181,New Delhi-Palam,28.57,77.12,1996,2025,6,JUN,T2M_MAX,temp_max_c,46.0217,1.6671,41.79,48.64,30,48.64,32.3364
Uttar Pradesh,42181,New Delhi-Palam,28.57,77.12,1996,2025,6,JUN,T2M_MIN,temp_min_c,25.747,1.6245,21.11,28.54,30,21.11,26.1755
Uttar Pradesh,42181,New Delhi-Palam,28.57,77.12,1996,2025,6,JUN,WS10M,wind_speed_ms,3.578,0.61,2.65,5.18,30,3.58,2.9718
Uttar Pradesh,42181,New Delhi-Palam,28.57,77.12,1996,2025,7,JUL,ALLSKY_SFC_SW_DWN,solar_kwh_m2_day,17.9157,1.4512,15.67,21.25,30,17.92,13.3556
Uttar Pradesh,42181,New Delhi-Palam,28.57,77.12,1996,2025,7,JUL,PRECTOTCORR,rainfall_mm,5.814,3.2493,0.3,15.23,30,5.81,9.7709
Uttar Pradesh,42181,New Delhi-Palam,28.57,77.12,1996,2025,7,JUL,RH2M,humidity_pct,60.5093,10.8803,28.66,78.25,30,60.51,83.96
Uttar Pradesh,42181,New Delhi-Palam,28.57,77.12,1996,2025,7,JUL,T2M,temp_mean_c,32.6137,1.7581,29.91,37.89,30,32.61,28.9964
Uttar Pradesh,42181,New Delhi-Palam,28.57,77.12,1996,2025,7,JUL,T2M_MAX,temp_max_c,42.6117,2.1749,38.31,46.74,30,46.74,32.3364
Uttar Pradesh,42181,New Delhi-Palam,28.57,77.12,1996,2025,7,JUL,T2M_MIN,temp_min_c,25.829,1.286,23.71,30.11,30,23.71,26.1755
Uttar Pradesh,42181,New Delhi-Palam,28.57,77.12,1996,2025,7,JUL,WS10M,wind_speed_ms,3.1597,0.5111,2.32,4.76,30,3.16,2.9718
Uttar Pradesh,42181,New Delhi-Palam,28.57,77.12,1996,2025,8,AUG,ALLSKY_SFC_SW_DWN,solar_kwh_m2_day,17.393,1.6733,14.38,20.9,30,17.39,13.3556
Uttar Pradesh,42181,New Delhi-Palam,28.57,77.12,1996,2025,8,AUG,PRECTOTCORR,rainfall_mm,5.542,2.3258,1.91,10.38,30,5.54,9.7709
Uttar Pradesh,42181,New Delhi-Palam,28.57,77.12,1996,2025,8,AUG,RH2M,humidity_pct,71.125,9.4713,50.4,84.18,30,71.13,83.96
Uttar Pradesh,42181,New Delhi-Palam,28.57,77.12,1996,2025,8,AUG,T2M,temp_mean_c,30.245,1.3134,28.5,33.1,30,30.24,28.9964
Uttar Pradesh,42181,New Delhi-Palam,28.57,77.12,1996,2025,8,AUG,T2M_MAX,temp_max_c,37.9267,2.5462,34.12,44.26,30,44.26,32.3364
Uttar Pradesh,42181,New Delhi-Palam,28.57,77.12,1996,2025,8,AUG,T2M_MIN,temp_min_c,24.2077,0.8386,22.82,26.13,30,22.82,26.1755
Uttar Pradesh,42181,New Delhi-Palam,28.57,77.12,1996,2025,8,AUG,WS10M,wind_speed_ms,2.9077,0.3769,2.1,3.77,30,2.91,2.9718
Uttar Pradesh,42181,New Delhi-Palam,28.57,77.12,1996,2025,9,SEP,ALLSKY_SFC_SW_DWN,solar_kwh_m2_day,17.8883,1.7741,14.45,20.9,30,17.89,13.3556
Uttar Pradesh,42181,New Delhi-Palam,28.57,77.12,1996,2025,9,SEP,PRECTOTCORR,rainfall_mm,3.7063,2.3494,0.41,8.4,30,3.71,9.7709
Uttar Pradesh,42181,New Delhi-Palam,28.57,77.12,1996,2025,9,SEP,RH2M,humidity_pct,66.745,11.1562,44.48,86.73,30,66.74,83.96
Uttar Pradesh,42181,New Delhi-Palam,28.57,77.12,1996,2025,9,SEP,T2M,temp_mean_c,28.828,1.3007,26.68,31.52,30,28.83,28.9964
Uttar Pradesh,42181,New Delhi-Palam,28.57,77.12,1996,2025,9,SEP,T2M_MAX,temp_max_c,37.3473,2.5699,32.69,42.37,30,42.37,32.3364
Uttar Pradesh,42181,New Delhi-Palam,28.57,77.12,1996,2025,9,SEP,T2M_MIN,temp_min_c,20.4783,1.4618,17.4,23.82,30,17.4,26.1755
Uttar Pradesh,42181,New Delhi-Palam,28.57,77.12,1996,2025,9,SEP,WS10M,wind_speed_ms,2.6753,0.3342,2.08,3.48,30,2.68,2.9718
Uttar Pradesh,42181,New Delhi-Palam,28.57,77.12,1996,2025,10,OCT,ALLSKY_SFC_SW_DWN,solar_kwh_m2_day,16.785,0.8719,14.8,18.15,30,16.78,13.3556
Uttar Pradesh,42181,New Delhi-Palam,28.57,77.12,1996,2025,10,OCT,PRECTOTCORR,rainfall_mm,0.6233,0.8717,0,3.09,30,0.62,9.7709
Uttar Pradesh,42181,New Delhi-Palam,28.57,77.12,1996,2025,10,OCT,RH2M,humidity_pct,49.458,12.6448,25.46,70.83,30,49.46,83.96
Uttar Pradesh,42181,New Delhi-Palam,28.57,77.12,1996,2025,10,OCT,T2M,temp_mean_c,25.4907,1.1581,23.74,27.73,30,25.49,28.9964
Uttar Pradesh,42181,New Delhi-Palam,28.57,77.12,1996,2025,10,OCT,T2M_MAX,temp_max_c,36.078,1.9824,32.48,39.43,30,39.43,32.3364
Uttar Pradesh,42181,New Delhi-Palam,28.57,77.12,1996,2025,10,OCT,T2M_MIN,temp_min_c,15.015,1.4364,11.64,17.83,30,11.64,26.1755
Uttar Pradesh,42181,New Delhi-Palam,28.57,77.12,1996,2025,10,OCT,WS10M,wind_speed_ms,2.2803,0.2298,1.8,2.69,30,2.28,2.9718
Uttar Pradesh,42181,New Delhi-Palam,28.57,77.12,1996,2025,11,NOV,ALLSKY_SFC_SW_DWN,solar_kwh_m2_day,13.0267,1.1911,10.2,15.5,30,13.03,13.3556
Uttar Pradesh,42181,New Delhi-Palam,28.57,77.12,1996,2025,11,NOV,PRECTOTCORR,rainfall_mm,0.1183,0.1991,0,0.83,30,0.12,9.7709
Uttar Pradesh,42181,New Delhi-Palam,28.57,77.12,1996,2025,11,NOV,RH2M,humidity_pct,41.063,11.5111,18.3,62.2,30,41.06,83.96
Uttar Pradesh,42181,New Delhi-Palam,28.57,77.12,1996,2025,11,NOV,T2M,temp_mean_c,20.2217,1.1312,18.02,22.06,30,20.22,28.9964
Uttar Pradesh,42181,New Delhi-Palam,28.57,77.12,1996,2025,11,NOV,T2M_MAX,temp_max_c,32.2397,1.8884,28.51,38.27,30,38.27,32.3364
Uttar Pradesh,42181,New Delhi-Palam,28.57,77.12,1996,2025,11,NOV,T2M_MIN,temp_min_c,9.1367,1.3665,6.9,11.84,30,6.9,26.1755
Uttar Pradesh,42181,New Delhi-Palam,28.57,77.12,1996,2025,11,NOV,WS10M,wind_speed_ms,2.49,0.2951,1.94,3.06,30,2.49,2.9718
Uttar Pradesh,42181,New Delhi-Palam,28.57,77.12,1996,2025,12,DEC,ALLSKY_SFC_SW_DWN,solar_kwh_m2_day,11.054,1.0135,7.71,13.09,30,11.05,13.3556
Uttar Pradesh,42181,New Delhi-Palam,28.57,77.12,1996,2025,12,DEC,PRECTOTCORR,rainfall_mm,0.2273,0.3524,0,1.29,30,0.23,9.7709
Uttar Pradesh,42181,New Delhi-Palam,28.57,77.12,1996,2025,12,DEC,RH2M,humidity_pct,40.3387,10.4529,19.17,58.78,30,40.34,83.96
Uttar Pradesh,42181,New Delhi-Palam,28.57,77.12,1996,2025,12,DEC,T2M,temp_mean_c,15.25,1.1449,12.61,17.25,30,15.25,28.9964
Uttar Pradesh,42181,New Delhi-Palam,28.57,77.12,1996,2025,12,DEC,T2M_MAX,temp_max_c,27.833,1.5536,23.73,30.23,30,30.23,32.3364
Uttar Pradesh,42181,New Delhi-Palam,28.57,77.12,1996,2025,12,DEC,T2M_MIN,temp_min_c,4.116,1.6896,0.3,6.88,30,0.3,26.1755
Uttar Pradesh,42181,New Delhi-Palam,28.57,77.12,1996,2025,12,DEC,WS10M,wind_speed_ms,2.61,0.2997,2.16,3.38,30,2.61,2.9718
Uttar Pradesh,42184,New Delhi-Ridge,28.68,77.22,1996,2025,0,ANNUAL,ALLSKY_SFC_SW_DWN,solar_kwh_m2_day,17.5883,0.6222,16.51,18.52,30,,13.3556
Uttar Pradesh,42184,New Delhi-Ridge,28.68,77.22,1996,2025,0,ANNUAL,PRECTOTCORR,rainfall_mm,2.099,0.47,1.29,3.2,30,,11.1736
Uttar Pradesh,42184,New Delhi-Ridge,28.68,77.22,1996,2025,0,ANNUAL,RH2M,humidity_pct,46.1847,5.5836,35.3,54.88,30,,85.7382
Uttar Pradesh,42184,New Delhi-Ridge,28.68,77.22,1996,2025,0,ANNUAL,T2M,temp_mean_c,25.5273,0.6142,24.34,26.75,30,,28.8409
Uttar Pradesh,42184,New Delhi-Ridge,28.68,77.22,1996,2025,0,ANNUAL,T2M_MAX,temp_max_c,47.1937,1.2182,44.31,49,30,,32.2845
Uttar Pradesh,42184,New Delhi-Ridge,28.68,77.22,1996,2025,0,ANNUAL,T2M_MIN,temp_min_c,2.347,1.3695,-1.36,4.53,30,,26.1336
Uttar Pradesh,42184,New Delhi-Ridge,28.68,77.22,1996,2025,0,ANNUAL,WS10M,wind_speed_ms,2.954,0.1372,2.7,3.21,30,,2.9773
Uttar Pradesh,42184,New Delhi-Ridge,28.68,77.22,1996,2025,1,JAN,ALLSKY_SFC_SW_DWN,solar_kwh_m2_day,11.115,1.6623,7.82,14.6,30,11.11,13.3556
Uttar Pradesh,42184,New Delhi-Ridge,28.68,77.22,1996,2025,1,JAN,PRECTOTCORR,rainfall_mm,0.6003,0.555,0.01,2.43,30,0.6,11.1736
Uttar Pradesh,42184,New Delhi-Ridge,28.68,77.22,1996,2025,1,JAN,RH2M,humidity_pct,45.44,10.5608,28.07,74.09,30,45.44,85.7382
Uttar Pradesh,42184,New Delhi-Ridge,28.68,77.22,1996,2025,1,JAN,T2M,temp_mean_c,13.5513,1.0356,11.2,15.62,30,13.55,28.8409
Uttar Pradesh,42184,New Delhi-Ridge,28.68,77.22,1996,2025,1,JAN,T2M_MAX,temp_max_c,26.4183,1.9699,22.9,31.32,30,31.32,32.2845
Uttar Pradesh,42184,New Delhi-Ridge,28.68,77.22,1996,2025,1,JAN,T2M_MIN,temp_min_c,2.824,1.5127,-1.36,6.06,30,-1.36,26.1336
Uttar Pradesh,42184,New Delhi-Ridge,28.68,77.22,1996,2025,1,JAN,WS10M,wind_speed_ms,2.8817,0.3188,2.16,3.5,30,2.88,2.9773
Uttar Pradesh,42184,New Delhi-Ridge,28.68,77.22,1996,2025,2,FEB,ALLSKY_SFC_SW_DWN,solar_kwh_m2_day,15.9183,1.1889,12.57,17.82,30,15.92,13.3556
Uttar Pradesh,42184,New Delhi-Ridge,28.68,77.22,1996,2025,2,FEB,PRECTOTCORR,rainfall_mm,0.71,0.7971,0,2.98,30,0.71,11.1736
Uttar Pradesh,42184,New Delhi-Ridge,28.68,77.22,1996,2025,2,FEB,RH2M,humidity_pct,41.324,10.192,24.21,61.49,30,41.32,85.7382
Uttar Pradesh,42184,New Delhi-Ridge,28.68,77.22,1996,2025,2,FEB,T2M,temp_mean_c,17.3327,1.5596,15.12,22.69,30,17.33,28.8409
Uttar Pradesh,42184,New Delhi-Ridge,28.68,77.22,1996,2025,2,FEB,T2M_MAX,temp_max_c,31.4383,2.2829,26.07,35.73,30,35.73,32.2845
Uttar Pradesh,42184,New Delhi-Ridge,28.68,77.22,1996,2025,2,FEB,T2M_MIN,temp_min_c,5.2353,1.7036,1.21,9.69,30,1.21,26.1336
Uttar Pradesh,42184,New Delhi-Ridge,28.68,77.22,1996,2025,2,FEB,WS10M,wind_speed_ms,3.119,0.263,2.52,3.7,30,3.12,2.9773
Uttar Pradesh,42184,New Delhi-Ridge,28.68,77.22,1996,2025,3,MAR,ALLSKY_SFC_SW_DWN,solar_kwh_m2_day,20.372,1.047,17.86,22.52,30,20.37,13.3556
Uttar Pradesh,42184,New Delhi-Ridge,28.68,77.22,1996,2025,3,MAR,PRECTOTCORR,rainfall_mm,0.545,0.7099,0,2.81,30,0.54,11.1736
Uttar Pradesh,42184,New Delhi-Ridge,28.68,77.22,1996,2025,3,MAR,RH2M,humidity_pct,32.5043,10.1077,17.47,54.56,30,32.5,85.7382
Uttar Pradesh,42184,New Delhi-Ridge,28.68,77.22,1996,2025,3,MAR,T2M,temp_mean_c,23.6277,1.6029,21.11,26.62,30,23.63,28.8409
Uttar Pradesh,42184,New Delhi-Ridge,28.68,77.22,1996,2025,3,MAR,T2M_MAX,temp_max_c,38.7237,2.5479,33.85,42.71,30,42.71,32.2845
Uttar Pradesh,42184,New Delhi-Ridge,28.68,77.22,1996,2025,3,MAR,T2M_MIN,temp_min_c,9.763,2.3715,6.1,14.61,30,6.1,26.1336
Uttar Pradesh,42184,New Delhi-Ridge,28.68,77.22,1996,2025,3,MAR,WS10M,wind_speed_ms,3.2633,0.3215,2.54,3.94,30,3.26,2.9773
Uttar Pradesh,42184,New Delhi-Ridge,28.68,77.22,1996,2025,4,APR,ALLSKY_SFC_SW_DWN,solar_kwh_m2_day,23.8993,0.8548,22.37,25.7,30,23.9,13.3556
Uttar Pradesh,42184,New Delhi-Ridge,28.68,77.22,1996,2025,4,APR,PRECTOTCORR,rainfall_mm,0.4127,0.51,0,2.55,30,0.41,11.1736
Uttar Pradesh,42184,New Delhi-Ridge,28.68,77.22,1996,2025,4,APR,RH2M,humidity_pct,22.8337,7.6378,9.27,40.58,30,22.83,85.7382
Uttar Pradesh,42184,New Delhi-Ridge,28.68,77.22,1996,2025,4,APR,T2M,temp_mean_c,30.4623,1.4796,27.79,33.3,30,30.46,28.8409
Uttar Pradesh,42184,New Delhi-Ridge,28.68,77.22,1996,2025,4,APR,T2M_MAX,temp_max_c,43.795,1.6255,40.41,47.21,30,47.21,32.2845
Uttar Pradesh,42184,New Delhi-Ridge,28.68,77.22,1996,2025,4,APR,T2M_MIN,temp_min_c,16.1977,1.7384,12.71,20.02,30,12.71,26.1336
Uttar Pradesh,42184,New Delhi-Ridge,28.68,77.22,1996,2025,4,APR,WS10M,wind_speed_ms,3.394,0.3356,2.65,4.24,30,3.39,2.9773
Uttar Pradesh,42184,New Delhi-Ridge,28.68,77.22,1996,2025,5,MAY,ALLSKY_SFC_SW_DWN,solar_kwh_m2_day,24.027,1.2992,21.19,26.32,30,24.03,13.3556
Uttar Pradesh,42184,New Delhi-Ridge,28.68,77.22,1996,2025,5,MAY,PRECTOTCORR,rainfall_mm,1.1633,1.0265,0.02,3.64,30,1.16,11.1736
Uttar Pradesh,42184,New Delhi-Ridge,28.68,77.22,1996,2025,5,MAY,RH2M,humidity_pct,24.3273,6.6779,14.36,38.93,30,24.33,85.7382
Uttar Pradesh,42184,New Delhi-Ridge,28.68,77.22,1996,2025,5,MAY,T2M,temp_mean_c,34.7643,1.3872,30.96,36.77,30,34.76,28.8409
Uttar Pradesh,42184,New Delhi-Ridge,28.68,77.22,1996,2025,5,MAY,T2M_MAX,temp_max_c,46.5283,1.4042,42.09,49,30,49,32.2845
Uttar Pradesh,42184,New Delhi-Ridge,28.68,77.22,1996,2025,5,MAY,T2M_MIN,temp_min_c,22.5567,2.259,17.78,26.82,30,17.78,26.1336
Uttar Pradesh,42184,New Delhi-Ridge,28.68,77.22,1996,2025,5,MAY,WS10M,wind_speed_ms,3.475,0.4576,2.82,4.58,30,3.47,2.9773
Uttar Pradesh,42184,New Delhi-Ridge,28.68,77.22,1996,2025,6,JUN,ALLSKY_SFC_SW_DWN,solar_kwh_m2_day,21.7097,1.3389,18.25,24.77,30,21.71,13.3556
Uttar Pradesh,42184,New Delhi-Ridge,28.68,77.22,1996,2025,6,JUN,PRECTOTCORR,rainfall_mm,2.93,1.5319,0.34,5.96,30,2.93,11.1736
Uttar Pradesh,42184,New Delhi-Ridge,28.68,77.22,1996,2025,6,JUN,RH2M,humidity_pct,37.433,8.3496,22.4,58.72,30,37.43,85.7382
Uttar Pradesh,42184,New Delhi-Ridge,28.68,77.22,1996,2025,6,JUN,T2M,temp_mean_c,35.601,1.49,32.36,38.43,30,35.6,28.8409
Uttar Pradesh,42184,New Delhi-Ridge,28.68,77.22,1996,2025,6,JUN,T2M_MAX,temp_max_c,46.2557,1.7919,41.79,48.79,30,48.79,32.2845
Uttar Pradesh,42184,New Delhi-Ridge,28.68,77.22,1996,2025,6,JUN,T2M_MIN,temp_min_c,25.736,1.5552,21.76,28.58,30,21.76,26.1336
Uttar Pradesh,42184,New Delhi-Ridge,28.68,77.22,1996,2025,6,JUN,WS10M,wind_speed_ms,3.4897,0.6191,2.62,5.03,30,3.49,2.9773
Uttar Pradesh,42184,New Delhi-Ridge,28.68,77.22,1996,2025,7,JUL,ALLSKY_SFC_SW_DWN,solar_kwh_m2_day,17.9157,1.4512,15.67,21.25,30,17.92,13.3556
Uttar Pradesh,42184,New Delhi-Ridge,28.68,77.22,1996,2025,7,JUL,PRECTOTCORR,rainfall_mm,6.7427,3.149,0.41,15.93,30,6.74,11.1736
Uttar Pradesh,42184,New Delhi-Ridge,28.68,77.22,1996,2025,7,JUL,RH2M,humidity_pct,63.4903,10.7194,29.34,78.79,30,63.49,85.7382
Uttar Pradesh,42184,New Delhi-Ridge,28.68,77.22,1996,2025,7,JUL,T2M,temp_mean_c,32.2147,1.751,29.94,37.87,30,32.21,28.8409
Uttar Pradesh,42184,New Delhi-Ridge,28.68,77.22,1996,2025,7,JUL,T2M_MAX,temp_max_c,42.271,2.2005,37.83,46.83,30,46.83,32.2845
Uttar Pradesh,42184,New Delhi-Ridge,28.68,77.22,1996,2025,7,JUL,T2M_MIN,temp_min_c,25.6367,1.1624,23.76,30.4,30,23.76,26.1336
Uttar Pradesh,42184,New Delhi-Ridge,28.68,77.22,1996,2025,7,JUL,WS10M,wind_speed_ms,3.0043,0.4688,2.19,4.54,30,3,2.9773
Uttar Pradesh,42184,New Delhi-Ridge,28.68,77.22,1996,2025,8,AUG,ALLSKY_SFC_SW_DWN,solar_kwh_m2_day,17.393,1.6733,14.38,20.9,30,17.39,13.3556
Uttar Pradesh,42184,New Delhi-Ridge,28.68,77.22,1996,2025,8,AUG,PRECTOTCORR,rainfall_mm,6.365,2.5692,1.9,11.41,30,6.37,11.1736
Uttar Pradesh,42184,New Delhi-Ridge,28.68,77.22,1996,2025,8,AUG,RH2M,humidity_pct,74.754,8.9656,56.56,84.96,30,74.75,85.7382
Uttar Pradesh,42184,New Delhi-Ridge,28.68,77.22,1996,2025,8,AUG,T2M,temp_mean_c,29.8323,1.2047,28.24,32.24,30,29.83,28.8409
Uttar Pradesh,42184,New Delhi-Ridge,28.68,77.22,1996,2025,8,AUG,T2M_MAX,temp_max_c,37.1227,2.6371,33.44,43.82,30,43.82,32.2845
Uttar Pradesh,42184,New Delhi-Ridge,28.68,77.22,1996,2025,8,AUG,T2M_MIN,temp_min_c,24.0647,0.7522,22.64,25.36,30,22.64,26.1336
Uttar Pradesh,42184,New Delhi-Ridge,28.68,77.22,1996,2025,8,AUG,WS10M,wind_speed_ms,2.7693,0.3584,2.03,3.6,30,2.77,2.9773
Uttar Pradesh,42184,New Delhi-Ridge,28.68,77.22,1996,2025,9,SEP,ALLSKY_SFC_SW_DWN,solar_kwh_m2_day,17.8883,1.7741,14.45,20.9,30,17.89,13.3556
Uttar Pradesh,42184,New Delhi-Ridge,28.68,77.22,1996,2025,9,SEP,PRECTOTCORR,rainfall_mm,4.4383,2.5614,0.48,9.77,30,4.44,11.1736
Uttar Pradesh,42184,New Delhi-Ridge,28.68,77.22,1996,2025,9,SEP,RH2M,humidity_pct,70.4277,11.2041,45.77,86.33,30,70.43,85.7382
Uttar Pradesh,42184,New Delhi-Ridge,28.68,77.22,1996,2025,9,SEP,T2M,temp_mean_c,28.4293,1.2715,26.57,30.94,30,28.43,28.8409
Uttar Pradesh,42184,New Delhi-Ridge,28.68,77.22,1996,2025,9,SEP,T2M_MAX,temp_max_c,36.4703,2.6091,32.37,40.6,30,40.6,32.2845
Uttar Pradesh,42184,New Delhi-Ridge,28.68,77.22,1996,2025,9,SEP,T2M_MIN,temp_min_c,20.214,1.4836,17.07,23.23,30,17.07,26.1336
Uttar Pradesh,42184,New Delhi-Ridge,28.68,77.22,1996,2025,9,SEP,WS10M,wind_speed_ms,2.584,0.3127,1.82,3.35,30,2.58,2.9773
Uttar Pradesh,42184,New Delhi-Ridge,28.68,77.22,1996,2025,10,OCT,ALLSKY_SFC_SW_DWN,solar_kwh_m2_day,16.785,0.8719,14.8,18.15,30,16.78,13.3556
Uttar Pradesh,42184,New Delhi-Ridge,28.68,77.22,1996,2025,10,OCT,PRECTOTCORR,rainfall_mm,0.775,1.1599,0,4.27,30,0.77,11.1736
Uttar Pradesh,42184,New Delhi-Ridge,28.68,77.22,1996,2025,10,OCT,RH2M,humidity_pct,53.852,13.0754,32.61,73.47,30,53.85,85.7382
Uttar Pradesh,42184,New Delhi-Ridge,28.68,77.22,1996,2025,10,OCT,T2M,temp_mean_c,25.033,1.2326,22.94,27.51,30,25.03,28.8409
Uttar Pradesh,42184,New Delhi-Ridge,28.68,77.22,1996,2025,10,OCT,T2M_MAX,temp_max_c,35.0997,2.2944,31.08,38.7,30,38.7,32.2845
Uttar Pradesh,42184,New Delhi-Ridge,28.68,77.22,1996,2025,10,OCT,T2M_MIN,temp_min_c,14.563,1.5441,10.92,17.46,30,10.92,26.1336
Uttar Pradesh,42184,New Delhi-Ridge,28.68,77.22,1996,2025,10,OCT,WS10M,wind_speed_ms,2.248,0.2483,1.77,2.77,30,2.25,2.9773
Uttar Pradesh,42184,New Delhi-Ridge,28.68,77.22,1996,2025,11,NOV,ALLSKY_SFC_SW_DWN,solar_kwh_m2_day,13.0267,1.1911,10.2,15.5,30,13.03,13.3556
Uttar Pradesh,42184,New Delhi-Ridge,28.68,77.22,1996,2025,11,NOV,PRECTOTCORR,rainfall_mm,0.121,0.2172,0,0.86,30,0.12,11.1736
Uttar Pradesh,42184,New Delhi-Ridge,28.68,77.22,1996,2025,11,NOV,RH2M,humidity_pct,44.489,12.2323,22.29,68.06,30,44.49,85.7382
Uttar Pradesh,42184,New Delhi-Ridge,28.68,77.22,1996,2025,11,NOV,T2M,temp_mean_c,19.9783,1.2355,17.41,21.82,30,19.98,28.8409
Uttar Pradesh,42184,New Delhi-Ridge,28.68,77.22,1996,2025,11,NOV,T2M_MAX,temp_max_c,31.6593,1.9995,27.63,37.67,30,37.67,32.2845
Uttar Pradesh,42184,New Delhi-Ridge,28.68,77.22,1996,2025,11,NOV,T2M_MIN,temp_min_c,8.8683,1.3676,6.53,11.46,30,6.53,26.1336
Uttar Pradesh,42184,New Delhi-Ridge,28.68,77.22,1996,2025,11,NOV,WS10M,wind_speed_ms,2.526,0.3454,1.86,3.23,30,2.53,2.9773
Uttar Pradesh,42184,New Delhi-Ridge,28.68,77.22,1996,2025,12,DEC,ALLSKY_SFC_SW_DWN,solar_kwh_m2_day,11.054,1.0135,7.71,13.09,30,11.05,13.3556
Uttar Pradesh,42184,New Delhi-Ridge,28.68,77.22,1996,2025,12,DEC,PRECTOTCORR,rainfall_mm,0.2457,0.4006,0,1.54,30,0.25,11.1736
Uttar Pradesh,42184,New Delhi-Ridge,28.68,77.22,1996,2025,12,DEC,RH2M,humidity_pct,42.6303,10.9961,19.87,62.05,30,42.63,85.7382
Uttar Pradesh,42184,New Delhi-Ridge,28.68,77.22,1996,2025,12,DEC,T2M,temp_mean_c,15.1803,1.1328,12.88,17.08,30,15.18,28.8409
Uttar Pradesh,42184,New Delhi-Ridge,28.68,77.22,1996,2025,12,DEC,T2M_MAX,temp_max_c,27.589,1.6135,22.72,29.84,30,29.84,32.2845
Uttar Pradesh,42184,New Delhi-Ridge,28.68,77.22,1996,2025,12,DEC,T2M_MIN,temp_min_c,4.0273,1.5711,0.47,6.74,30,0.47,26.1336
Uttar Pradesh,42184,New Delhi-Ridge,28.68,77.22,1996,2025,12,DEC,WS10M,wind_speed_ms,2.7057,0.3679,2.12,3.48,30,2.71,2.9773
Uttar Pradesh,42182,New Delhi-Safdarjung,28.58,77.2,1996,2025,0,ANNUAL,ALLSKY_SFC_SW_DWN,solar_kwh_m2_day,17.5883,0.6222,16.51,18.52,30,,13.3556
Uttar Pradesh,42182,New Delhi-Safdarjung,28.58,77.2,1996,2025,0,ANNUAL,PRECTOTCORR,rainfall_mm,2.099,0.47,1.29,3.2,30,,11.1736
Uttar Pradesh,42182,New Delhi-Safdarjung,28.58,77.2,1996,2025,0,ANNUAL,RH2M,humidity_pct,46.1847,5.5836,35.3,54.88,30,,85.7382
Uttar Pradesh,42182,New Delhi-Safdarjung,28.58,77.2,1996,2025,0,ANNUAL,T2M,temp_mean_c,25.5273,0.6142,24.34,26.75,30,,28.8409
Uttar Pradesh,42182,New Delhi-Safdarjung,28.58,77.2,1996,2025,0,ANNUAL,T2M_MAX,temp_max_c,47.1937,1.2182,44.31,49,30,,32.2845
Uttar Pradesh,42182,New Delhi-Safdarjung,28.58,77.2,1996,2025,0,ANNUAL,T2M_MIN,temp_min_c,2.347,1.3695,-1.36,4.53,30,,26.1336
Uttar Pradesh,42182,New Delhi-Safdarjung,28.58,77.2,1996,2025,0,ANNUAL,WS10M,wind_speed_ms,2.954,0.1372,2.7,3.21,30,,2.9773
Uttar Pradesh,42182,New Delhi-Safdarjung,28.58,77.2,1996,2025,1,JAN,ALLSKY_SFC_SW_DWN,solar_kwh_m2_day,11.115,1.6623,7.82,14.6,30,11.11,13.3556
Uttar Pradesh,42182,New Delhi-Safdarjung,28.58,77.2,1996,2025,1,JAN,PRECTOTCORR,rainfall_mm,0.6003,0.555,0.01,2.43,30,0.6,11.1736
Uttar Pradesh,42182,New Delhi-Safdarjung,28.58,77.2,1996,2025,1,JAN,RH2M,humidity_pct,45.44,10.5608,28.07,74.09,30,45.44,85.7382
Uttar Pradesh,42182,New Delhi-Safdarjung,28.58,77.2,1996,2025,1,JAN,T2M,temp_mean_c,13.5513,1.0356,11.2,15.62,30,13.55,28.8409
Uttar Pradesh,42182,New Delhi-Safdarjung,28.58,77.2,1996,2025,1,JAN,T2M_MAX,temp_max_c,26.4183,1.9699,22.9,31.32,30,31.32,32.2845
Uttar Pradesh,42182,New Delhi-Safdarjung,28.58,77.2,1996,2025,1,JAN,T2M_MIN,temp_min_c,2.824,1.5127,-1.36,6.06,30,-1.36,26.1336
Uttar Pradesh,42182,New Delhi-Safdarjung,28.58,77.2,1996,2025,1,JAN,WS10M,wind_speed_ms,2.8817,0.3188,2.16,3.5,30,2.88,2.9773
Uttar Pradesh,42182,New Delhi-Safdarjung,28.58,77.2,1996,2025,2,FEB,ALLSKY_SFC_SW_DWN,solar_kwh_m2_day,15.9183,1.1889,12.57,17.82,30,15.92,13.3556
Uttar Pradesh,42182,New Delhi-Safdarjung,28.58,77.2,1996,2025,2,FEB,PRECTOTCORR,rainfall_mm,0.71,0.7971,0,2.98,30,0.71,11.1736
Uttar Pradesh,42182,New Delhi-Safdarjung,28.58,77.2,1996,2025,2,FEB,RH2M,humidity_pct,41.324,10.192,24.21,61.49,30,41.32,85.7382
Uttar Pradesh,42182,New Delhi-Safdarjung,28.58,77.2,1996,2025,2,FEB,T2M,temp_mean_c,17.3327,1.5596,15.12,22.69,30,17.33,28.8409
Uttar Pradesh,42182,New Delhi-Safdarjung,28.58,77.2,1996,2025,2,FEB,T2M_MAX,temp_max_c,31.4383,2.2829,26.07,35.73,30,35.73,32.2845
Uttar Pradesh,42182,New Delhi-Safdarjung,28.58,77.2,1996,2025,2,FEB,T2M_MIN,temp_min_c,5.2353,1.7036,1.21,9.69,30,1.21,26.1336
Uttar Pradesh,42182,New Delhi-Safdarjung,28.58,77.2,1996,2025,2,FEB,WS10M,wind_speed_ms,3.119,0.263,2.52,3.7,30,3.12,2.9773
Uttar Pradesh,42182,New Delhi-Safdarjung,28.58,77.2,1996,2025,3,MAR,ALLSKY_SFC_SW_DWN,solar_kwh_m2_day,20.372,1.047,17.86,22.52,30,20.37,13.3556
Uttar Pradesh,42182,New Delhi-Safdarjung,28.58,77.2,1996,2025,3,MAR,PRECTOTCORR,rainfall_mm,0.545,0.7099,0,2.81,30,0.54,11.1736
Uttar Pradesh,42182,New Delhi-Safdarjung,28.58,77.2,1996,2025,3,MAR,RH2M,humidity_pct,32.5043,10.1077,17.47,54.56,30,32.5,85.7382
Uttar Pradesh,42182,New Delhi-Safdarjung,28.58,77.2,1996,2025,3,MAR,T2M,temp_mean_c,23.6277,1.6029,21.11,26.62,30,23.63,28.8409
Uttar Pradesh,42182,New Delhi-Safdarjung,28.58,77.2,1996,2025,3,MAR,T2M_MAX,temp_max_c,38.7237,2.5479,33.85,42.71,30,42.71,32.2845
Uttar Pradesh,42182,New Delhi-Safdarjung,28.58,77.2,1996,2025,3,MAR,T2M_MIN,temp_min_c,9.763,2.3715,6.1,14.61,30,6.1,26.1336
Uttar Pradesh,42182,New Delhi-Safdarjung,28.58,77.2,1996,2025,3,MAR,WS10M,wind_speed_ms,3.2633,0.3215,2.54,3.94,30,3.26,2.9773
Uttar Pradesh,42182,New Delhi-Safdarjung,28.58,77.2,1996,2025,4,APR,ALLSKY_SFC_SW_DWN,solar_kwh_m2_day,23.8993,0.8548,22.37,25.7,30,23.9,13.3556
Uttar Pradesh,42182,New Delhi-Safdarjung,28.58,77.2,1996,2025,4,APR,PRECTOTCORR,rainfall_mm,0.4127,0.51,0,2.55,30,0.41,11.1736
Uttar Pradesh,42182,New Delhi-Safdarjung,28.58,77.2,1996,2025,4,APR,RH2M,humidity_pct,22.8337,7.6378,9.27,40.58,30,22.83,85.7382
Uttar Pradesh,42182,New Delhi-Safdarjung,28.58,77.2,1996,2025,4,APR,T2M,temp_mean_c,30.4623,1.4796,27.79,33.3,30,30.46,28.8409
Uttar Pradesh,42182,New Delhi-Safdarjung,28.58,77.2,1996,2025,4,APR,T2M_MAX,temp_max_c,43.795,1.6255,40.41,47.21,30,47.21,32.2845
Uttar Pradesh,42182,New Delhi-Safdarjung,28.58,77.2,1996,2025,4,APR,T2M_MIN,temp_min_c,16.1977,1.7384,12.71,20.02,30,12.71,26.1336
Uttar Pradesh,42182,New Delhi-Safdarjung,28.58,77.2,1996,2025,4,APR,WS10M,wind_speed_ms,3.394,0.3356,2.65,4.24,30,3.39,2.9773
Uttar Pradesh,42182,New Delhi-Safdarjung,28.58,77.2,1996,2025,5,MAY,ALLSKY_SFC_SW_DWN,solar_kwh_m2_day,24.027,1.2992,21.19,26.32,30,24.03,13.3556
Uttar Pradesh,42182,New Delhi-Safdarjung,28.58,77.2,1996,2025,5,MAY,PRECTOTCORR,rainfall_mm,1.1633,1.0265,0.02,3.64,30,1.16,11.1736
Uttar Pradesh,42182,New Delhi-Safdarjung,28.58,77.2,1996,2025,5,MAY,RH2M,humidity_pct,24.3273,6.6779,14.36,38.93,30,24.33,85.7382
Uttar Pradesh,42182,New Delhi-Safdarjung,28.58,77.2,1996,2025,5,MAY,T2M,temp_mean_c,34.7643,1.3872,30.96,36.77,30,34.76,28.8409
Uttar Pradesh,42182,New Delhi-Safdarjung,28.58,77.2,1996,2025,5,MAY,T2M_MAX,temp_max_c,46.5283,1.4042,42.09,49,30,49,32.2845
Uttar Pradesh,42182,New Delhi-Safdarjung,28.58,77.2,1996,2025,5,MAY,T2M_MIN,temp_min_c,22.5567,2.259,17.78,26.82,30,17.78,26.1336
Uttar Pradesh,42182,New Delhi-Safdarjung,28.58,77.2,1996,2025,5,MAY,WS10M,wind_speed_ms,3.475,0.4576,2.82,4.58,30,3.47,2.9773
Uttar Pradesh,42182,New Delhi-Safdarjung,28.58,77.2,1996,2025,6,JUN,ALLSKY_SFC_SW_DWN,solar_kwh_m2_day,21.7097,1.3389,18.25,24.77,30,21.71,13.3556
Uttar Pradesh,42182,New Delhi-Safdarjung,28.58,77.2,1996,2025,6,JUN,PRECTOTCORR,rainfall_mm,2.93,1.5319,0.34,5.96,30,2.93,11.1736
Uttar Pradesh,42182,New Delhi-Safdarjung,28.58,77.2,1996,2025,6,JUN,RH2M,humidity_pct,37.433,8.3496,22.4,58.72,30,37.43,85.7382
Uttar Pradesh,42182,New Delhi-Safdarjung,28.58,77.2,1996,2025,6,JUN,T2M,temp_mean_c,35.601,1.49,32.36,38.43,30,35.6,28.8409
Uttar Pradesh,42182,New Delhi-Safdarjung,28.58,77.2,1996,2025,6,JUN,T2M_MAX,temp_max_c,46.2557,1.7919,41.79,48.79,30,48.79,32.2845
Uttar Pradesh,42182,New Delhi-Safdarjung,28.58,77.2,1996,2025,6,JUN,T2M_MIN,temp_min_c,25.736,1.5552,21.76,28.58,30,21.76,26.1336
Uttar Pradesh,42182,New Delhi-Safdarjung,28.58,77.2,1996,2025,6,JUN,WS10M,wind_speed_ms,3.4897,0.6191,2.62,5.03,30,3.49,2.9773
Uttar Pradesh,42182,New Delhi-Safdarjung,28.58,77.2,1996,2025,7,JUL,ALLSKY_SFC_SW_DWN,solar_kwh_m2_day,17.9157,1.4512,15.67,21.25,30,17.92,13.3556
Uttar Pradesh,42182,New Delhi-Safdarjung,28.58,77.2,1996,2025,7,JUL,PRECTOTCORR,rainfall_mm,6.7427,3.149,0.41,15.93,30,6.74,11.1736
Uttar Pradesh,42182,New Delhi-Safdarjung,28.58,77.2,1996,2025,7,JUL,RH2M,humidity_pct,63.4903,10.7194,29.34,78.79,30,63.49,85.7382
Uttar Pradesh,42182,New Delhi-Safdarjung,28.58,77.2,1996,2025,7,JUL,T2M,temp_mean_c,32.2147,1.751,29.94,37.87,30,32.21,28.8409
Uttar Pradesh,42182,New Delhi-Safdarjung,28.58,77.2,1996,2025,7,JUL,T2M_MAX,temp_max_c,42.271,2.2005,37.83,46.83,30,46.83,32.2845
Uttar Pradesh,42182,New Delhi-Safdarjung,28.58,77.2,1996,2025,7,JUL,T2M_MIN,temp_min_c,25.6367,1.1624,23.76,30.4,30,23.76,26.1336
Uttar Pradesh,42182,New Delhi-Safdarjung,28.58,77.2,1996,2025,7,JUL,WS10M,wind_speed_ms,3.0043,0.4688,2.19,4.54,30,3,2.9773
Uttar Pradesh,42182,New Delhi-Safdarjung,28.58,77.2,1996,2025,8,AUG,ALLSKY_SFC_SW_DWN,solar_kwh_m2_day,17.393,1.6733,14.38,20.9,30,17.39,13.3556
Uttar Pradesh,42182,New Delhi-Safdarjung,28.58,77.2,1996,2025,8,AUG,PRECTOTCORR,rainfall_mm,6.365,2.5692,1.9,11.41,30,6.37,11.1736
Uttar Pradesh,42182,New Delhi-Safdarjung,28.58,77.2,1996,2025,8,AUG,RH2M,humidity_pct,74.754,8.9656,56.56,84.96,30,74.75,85.7382
Uttar Pradesh,42182,New Delhi-Safdarjung,28.58,77.2,1996,2025,8,AUG,T2M,temp_mean_c,29.8323,1.2047,28.24,32.24,30,29.83,28.8409
Uttar Pradesh,42182,New Delhi-Safdarjung,28.58,77.2,1996,2025,8,AUG,T2M_MAX,temp_max_c,37.1227,2.6371,33.44,43.82,30,43.82,32.2845
Uttar Pradesh,42182,New Delhi-Safdarjung,28.58,77.2,1996,2025,8,AUG,T2M_MIN,temp_min_c,24.0647,0.7522,22.64,25.36,30,22.64,26.1336
Uttar Pradesh,42182,New Delhi-Safdarjung,28.58,77.2,1996,2025,8,AUG,WS10M,wind_speed_ms,2.7693,0.3584,2.03,3.6,30,2.77,2.9773
Uttar Pradesh,42182,New Delhi-Safdarjung,28.58,77.2,1996,2025,9,SEP,ALLSKY_SFC_SW_DWN,solar_kwh_m2_day,17.8883,1.7741,14.45,20.9,30,17.89,13.3556
Uttar Pradesh,42182,New Delhi-Safdarjung,28.58,77.2,1996,2025,9,SEP,PRECTOTCORR,rainfall_mm,4.4383,2.5614,0.48,9.77,30,4.44,11.1736
Uttar Pradesh,42182,New Delhi-Safdarjung,28.58,77.2,1996,2025,9,SEP,RH2M,humidity_pct,70.4277,11.2041,45.77,86.33,30,70.43,85.7382
Uttar Pradesh,42182,New Delhi-Safdarjung,28.58,77.2,1996,2025,9,SEP,T2M,temp_mean_c,28.4293,1.2715,26.57,30.94,30,28.43,28.8409
Uttar Pradesh,42182,New Delhi-Safdarjung,28.58,77.2,1996,2025,9,SEP,T2M_MAX,temp_max_c,36.4703,2.6091,32.37,40.6,30,40.6,32.2845
Uttar Pradesh,42182,New Delhi-Safdarjung,28.58,77.2,1996,2025,9,SEP,T2M_MIN,temp_min_c,20.214,1.4836,17.07,23.23,30,17.07,26.1336
Uttar Pradesh,42182,New Delhi-Safdarjung,28.58,77.2,1996,2025,9,SEP,WS10M,wind_speed_ms,2.584,0.3127,1.82,3.35,30,2.58,2.9773
Uttar Pradesh,42182,New Delhi-Safdarjung,28.58,77.2,1996,2025,10,OCT,ALLSKY_SFC_SW_DWN,solar_kwh_m2_day,16.785,0.8719,14.8,18.15,30,16.78,13.3556
Uttar Pradesh,42182,New Delhi-Safdarjung,28.58,77.2,1996,2025,10,OCT,PRECTOTCORR,rainfall_mm,0.775,1.1599,0,4.27,30,0.77,11.1736
Uttar Pradesh,42182,New Delhi-Safdarjung,28.58,77.2,1996,2025,10,OCT,RH2M,humidity_pct,53.852,13.0754,32.61,73.47,30,53.85,85.7382
Uttar Pradesh,42182,New Delhi-Safdarjung,28.58,77.2,1996,2025,10,OCT,T2M,temp_mean_c,25.033,1.2326,22.94,27.51,30,25.03,28.8409
Uttar Pradesh,42182,New Delhi-Safdarjung,28.58,77.2,1996,2025,10,OCT,T2M_MAX,temp_max_c,35.0997,2.2944,31.08,38.7,30,38.7,32.2845
Uttar Pradesh,42182,New Delhi-Safdarjung,28.58,77.2,1996,2025,10,OCT,T2M_MIN,temp_min_c,14.563,1.5441,10.92,17.46,30,10.92,26.1336
Uttar Pradesh,42182,New Delhi-Safdarjung,28.58,77.2,1996,2025,10,OCT,WS10M,wind_speed_ms,2.248,0.2483,1.77,2.77,30,2.25,2.9773
Uttar Pradesh,42182,New Delhi-Safdarjung,28.58,77.2,1996,2025,11,NOV,ALLSKY_SFC_SW_DWN,solar_kwh_m2_day,13.0267,1.1911,10.2,15.5,30,13.03,13.3556
Uttar Pradesh,42182,New Delhi-Safdarjung,28.58,77.2,1996,2025,11,NOV,PRECTOTCORR,rainfall_mm,0.121,0.2172,0,0.86,30,0.12,11.1736
Uttar Pradesh,42182,New Delhi-Safdarjung,28.58,77.2,1996,2025,11,NOV,RH2M,humidity_pct,44.489,12.2323,22.29,68.06,30,44.49,85.7382
Uttar Pradesh,42182,New Delhi-Safdarjung,28.58,77.2,1996,2025,11,NOV,T2M,temp_mean_c,19.9783,1.2355,17.41,21.82,30,19.98,28.8409
Uttar Pradesh,42182,New Delhi-Safdarjung,28.58,77.2,1996,2025,11,NOV,T2M_MAX,temp_max_c,31.6593,1.9995,27.63,37.67,30,37.67,32.2845
Uttar Pradesh,42182,New Delhi-Safdarjung,28.58,77.2,1996,2025,11,NOV,T2M_MIN,temp_min_c,8.8683,1.3676,6.53,11.46,30,6.53,26.1336
Uttar Pradesh,42182,New Delhi-Safdarjung,28.58,77.2,1996,2025,11,NOV,WS10M,wind_speed_ms,2.526,0.3454,1.86,3.23,30,2.53,2.9773
Uttar Pradesh,42182,New Delhi-Safdarjung,28.58,77.2,1996,2025,12,DEC,ALLSKY_SFC_SW_DWN,solar_kwh_m2_day,11.054,1.0135,7.71,13.09,30,11.05,13.3556
Uttar Pradesh,42182,New Delhi-Safdarjung,28.58,77.2,1996,2025,12,DEC,PRECTOTCORR,rainfall_mm,0.2457,0.4006,0,1.54,30,0.25,11.1736
Uttar Pradesh,42182,New Delhi-Safdarjung,28.58,77.2,1996,2025,12,DEC,RH2M,humidity_pct,42.6303,10.9961,19.87,62.05,30,42.63,85.7382
Uttar Pradesh,42182,New Delhi-Safdarjung,28.58,77.2,1996,2025,12,DEC,T2M,temp_mean_c,15.1803,1.1328,12.88,17.08,30,15.18,28.8409
Uttar Pradesh,42182,New Delhi-Safdarjung,28.58,77.2,1996,2025,12,DEC,T2M_MAX,temp_max_c,27.589,1.6135,22.72,29.84,30,29.84,32.2845
Uttar Pradesh,42182,New Delhi-Safdarjung,28.58,77.2,1996,2025,12,DEC,T2M_MIN,temp_min_c,4.0273,1.5711,0.47,6.74,30,0.47,26.1336
Uttar Pradesh,42182,New Delhi-Safdarjung,28.58,77.2,1996,2025,12,DEC,WS10M,wind_speed_ms,2.7057,0.3679,2.12,3.48,30,2.71,2.9773
Uttar Pradesh,42474,Prayagraj,25.3093,81.8081,1996,2025,0,ANNUAL,ALLSKY_SFC_SW_DWN,solar_kwh_m2_day,17.591,0.6676,16.17,18.59,30,,13.34
Uttar Pradesh,42474,Prayagraj,25.3093,81.8081,1996,2025,0,ANNUAL,PRECTOTCORR,rainfall_mm,2.3733,0.503,1.44,3.29,30,,16.7191
Uttar Pradesh,42474,Prayagraj,25.3093,81.8081,1996,2025,0,ANNUAL,RH2M,humidity_pct,51.604,4.4403,41.94,61.9,30,,84.4436
Uttar Pradesh,42474,Prayagraj,25.3093,81.8081,1996,2025,0,ANNUAL,T2M,temp_mean_c,26.5157,0.5717,25.11,27.72,30,,29.3891
Uttar Pradesh,42474,Prayagraj,25.3093,81.8081,1996,2025,0,ANNUAL,T2M_MAX,temp_max_c,47.5153,1.1768,44.54,49.29,30,,33.2591
Uttar Pradesh,42474,Prayagraj,25.3093,81.8081,1996,2025,0,ANNUAL,T2M_MIN,temp_min_c,4.2823,1.3622,1,6.5,30,,26.5118
Uttar Pradesh,42474,Prayagraj,25.3093,81.8081,1996,2025,0,ANNUAL,WS10M,wind_speed_ms,2.939,0.1248,2.72,3.17,30,,2.9264
Uttar Pradesh,42474,Prayagraj,25.3093,81.8081,1996,2025,1,JAN,ALLSKY_SFC_SW_DWN,solar_kwh_m2_day,11.7073,1.7113,7.69,15.08,30,11.71,13.34
Uttar Pradesh,42474,Prayagraj,25.3093,81.8081,1996,2025,1,JAN,PRECTOTCORR,rainfall_mm,0.4203,0.5129,0,1.92,30,0.42,16.7191
Uttar Pradesh,42474,Prayagraj,25.3093,81.8081,1996,2025,1,JAN,RH2M,humidity_pct,46.9837,12.5443,26.35,77.92,30,46.98,84.4436
Uttar Pradesh,42474,Prayagraj,25.3093,81.8081,1996,2025,1,JAN,T2M,temp_mean_c,15.962,1.0908,13.26,17.79,30,15.96,29.3891
Uttar Pradesh,42474,Prayagraj,25.3093,81.8081,1996,2025,1,JAN,T2M_MAX,temp_max_c,29.6533,2.3935,23.91,33.45,30,33.45,33.2591
Uttar Pradesh,42474,Prayagraj,25.3093,81.8081,1996,2025,1,JAN,T2M_MIN,temp_min_c,4.696,1.3148,1.68,6.5,30,1.68,26.5118
Uttar Pradesh,42474,Prayagraj,25.3093,81.8081,1996,2025,1,JAN,WS10M,wind_speed_ms,2.5827,0.1886,2.06,2.99,30,2.58,2.9264
Uttar Pradesh,42474,Prayagraj,25.3093,81.8081,1996,2025,2,FEB,ALLSKY_SFC_SW_DWN,solar_kwh_m2_day,16.754,1.2906,14.29,19.08,30,16.75,13.34
Uttar Pradesh,42474,Prayagraj,25.3093,81.8081,1996,2025,2,FEB,PRECTOTCORR,rainfall_mm,0.5023,0.6791,0,2.51,30,0.5,16.7191
Uttar Pradesh,42474,Prayagraj,25.3093,81.8081,1996,2025,2,FEB,RH2M,humidity_pct,39.023,10.4675,19.17,61.7,30,39.02,84.4436
Uttar Pradesh,42474,Prayagraj,25.3093,81.8081,1996,2025,2,FEB,T2M,temp_mean_c,20.078,1.46,16.47,23.58,30,20.08,29.3891
Uttar Pradesh,42474,Prayagraj,25.3093,81.8081,1996,2025,2,FEB,T2M_MAX,temp_max_c,34.6477,2.0523,29.17,38.75,30,38.75,33.2591
Uttar Pradesh,42474,Prayagraj,25.3093,81.8081,1996,2025,2,FEB,T2M_MIN,temp_min_c,7.268,1.7543,3.51,10.35,30,3.51,26.5118
Uttar Pradesh,42474,Prayagraj,25.3093,81.8081,1996,2025,2,FEB,WS10M,wind_speed_ms,2.898,0.2191,2.56,3.44,30,2.9,2.9264
Uttar Pradesh,42474,Prayagraj,25.3093,81.8081,1996,2025,3,MAR,ALLSKY_SFC_SW_DWN,solar_kwh_m2_day,21.194,1.0468,18.42,23.14,30,21.19,13.34
Uttar Pradesh,42474,Prayagraj,25.3093,81.8081,1996,2025,3,MAR,PRECTOTCORR,rainfall_mm,0.3207,0.4561,0,1.95,30,0.32,16.7191
Uttar Pradesh,42474,Prayagraj,25.3093,81.8081,1996,2025,3,MAR,RH2M,humidity_pct,27.7173,9.5041,13.49,52.63,30,27.72,84.4436
Uttar Pradesh,42474,Prayagraj,25.3093,81.8081,1996,2025,3,MAR,T2M,temp_mean_c,26.407,1.4361,23.8,28.75,30,26.41,29.3891
Uttar Pradesh,42474,Prayagraj,25.3093,81.8081,1996,2025,3,MAR,T2M_MAX,temp_max_c,40.9547,1.7933,37.25,44.21,30,44.21,33.2591
Uttar Pradesh,42474,Prayagraj,25.3093,81.8081,1996,2025,3,MAR,T2M_MIN,temp_min_c,11.967,2.2424,8.53,16.73,30,8.53,26.5118
Uttar Pradesh,42474,Prayagraj,25.3093,81.8081,1996,2025,3,MAR,WS10M,wind_speed_ms,3.0973,0.2712,2.47,3.79,30,3.1,2.9264
Uttar Pradesh,42474,Prayagraj,25.3093,81.8081,1996,2025,4,APR,ALLSKY_SFC_SW_DWN,solar_kwh_m2_day,24.0603,0.8482,22.3,25.31,30,24.06,13.34
Uttar Pradesh,42474,Prayagraj,25.3093,81.8081,1996,2025,4,APR,PRECTOTCORR,rainfall_mm,0.2873,0.3929,0,1.69,30,0.29,16.7191
Uttar Pradesh,42474,Prayagraj,25.3093,81.8081,1996,2025,4,APR,RH2M,humidity_pct,20.085,6.7049,7.75,39.05,30,20.09,84.4436
Uttar Pradesh,42474,Prayagraj,25.3093,81.8081,1996,2025,4,APR,T2M,temp_mean_c,32.6387,1.2685,30.09,35.04,30,32.64,29.3891
Uttar Pradesh,42474,Prayagraj,25.3093,81.8081,1996,2025,4,APR,T2M_MAX,temp_max_c,45.241,1.3695,42.5,47.78,30,47.78,33.2591
Uttar Pradesh,42474,Prayagraj,25.3093,81.8081,1996,2025,4,APR,T2M_MIN,temp_min_c,19.275,1.8605,15.05,23.17,30,15.05,26.5118
Uttar Pradesh,42474,Prayagraj,25.3093,81.8081,1996,2025,4,APR,WS10M,wind_speed_ms,3.2497,0.345,2.48,4.06,30,3.25,2.9264
Uttar Pradesh,42474,Prayagraj,25.3093,81.8081,1996,2025,5,MAY,ALLSKY_SFC_SW_DWN,solar_kwh_m2_day,24.033,1.3591,20.09,26.5,30,24.03,13.34
Uttar Pradesh,42474,Prayagraj,25.3093,81.8081,1996,2025,5,MAY,PRECTOTCORR,rainfall_mm,0.663,0.8095,0.01,4.33,30,0.66,16.7191
Uttar Pradesh,42474,Prayagraj,25.3093,81.8081,1996,2025,5,MAY,RH2M,humidity_pct,24.469,6.1091,15.42,42.13,30,24.47,84.4436
Uttar Pradesh,42474,Prayagraj,25.3093,81.8081,1996,2025,5,MAY,T2M,temp_mean_c,36.2233,1.16,32.44,37.75,30,36.22,29.3891
Uttar Pradesh,42474,Prayagraj,25.3093,81.8081,1996,2025,5,MAY,T2M_MAX,temp_max_c,46.9943,1.2386,43.09,49.05,30,49.05,33.2591
Uttar Pradesh,42474,Prayagraj,25.3093,81.8081,1996,2025,5,MAY,T2M_MIN,temp_min_c,24.9103,1.7278,21.6,27.73,30,21.6,26.5118
Uttar Pradesh,42474,Prayagraj,25.3093,81.8081,1996,2025,5,MAY,WS10M,wind_speed_ms,3.402,0.3174,2.88,4.03,30,3.4,2.9264
Uttar Pradesh,42474,Prayagraj,25.3093,81.8081,1996,2025,6,JUN,ALLSKY_SFC_SW_DWN,solar_kwh_m2_day,20.7847,1.9528,16.28,23.57,30,20.78,13.34
Uttar Pradesh,42474,Prayagraj,25.3093,81.8081,1996,2025,6,JUN,PRECTOTCORR,rainfall_mm,3.7617,2.9856,0.43,10.5,30,3.76,16.7191
Uttar Pradesh,42474,Prayagraj,25.3093,81.8081,1996,2025,6,JUN,RH2M,humidity_pct,42.0107,11.5536,25.67,68.5,30,42.01,84.4436
Uttar Pradesh,42474,Prayagraj,25.3093,81.8081,1996,2025,6,JUN,T2M,temp_mean_c,35.8003,2.1262,31.19,38.82,30,35.8,29.3891
Uttar Pradesh,42474,Prayagraj,25.3093,81.8081,1996,2025,6,JUN,T2M_MAX,temp_max_c,46.4087,2.1704,40.56,49.29,30,49.29,33.2591
Uttar Pradesh,42474,Prayagraj,25.3093,81.8081,1996,2025,6,JUN,T2M_MIN,temp_min_c,27.044,1.5338,23.7,30.08,30,23.7,26.5118
Uttar Pradesh,42474,Prayagraj,25.3093,81.8081,1996,2025,6,JUN,WS10M,wind_speed_ms,3.8327,0.557,2.84,5.26,30,3.83,2.9264
Uttar Pradesh,42474,Prayagraj,25.3093,81.8081,1996,2025,7,JUL,ALLSKY_SFC_SW_DWN,solar_kwh_m2_day,16.8267,1.4126,13.51,18.94,30,16.83,13.34
Uttar Pradesh,42474,Prayagraj,25.3093,81.8081,1996,2025,7,JUL,PRECTOTCORR,rainfall_mm,8.133,2.8498,3.52,15.02,30,8.13,16.7191
Uttar Pradesh,42474,Prayagraj,25.3093,81.8081,1996,2025,7,JUL,RH2M,humidity_pct,74.135,8.0439,49.41,88.3,30,74.13,84.4436
Uttar Pradesh,42474,Prayagraj,25.3093,81.8081,1996,2025,7,JUL,T2M,temp_mean_c,30.763,1.2968,28.27,34.71,30,30.76,29.3891
Uttar Pradesh,42474,Prayagraj,25.3093,81.8081,1996,2025,7,JUL,T2M_MAX,temp_max_c,39.5647,3.0076,32.81,45.68,30,45.68,33.2591
Uttar Pradesh,42474,Prayagraj,25.3093,81.8081,1996,2025,7,JUL,T2M_MIN,temp_min_c,25.1827,0.6277,23.99,27.33,30,23.99,26.5118
Uttar Pradesh,42474,Prayagraj,25.3093,81.8081,1996,2025,7,JUL,WS10M,wind_speed_ms,3.5033,0.4321,2.77,4.76,30,3.5,2.9264
Uttar Pradesh,42474,Prayagraj,25.3093,81.8081,1996,2025,8,AUG,ALLSKY_SFC_SW_DWN,solar_kwh_m2_day,16.6793,1.3627,13.89,19.23,30,16.68,13.34
Uttar Pradesh,42474,Prayagraj,25.3093,81.8081,1996,2025,8,AUG,PRECTOTCORR,rainfall_mm,7.3193,2.4665,2.47,11.92,30,7.32,16.7191
Uttar Pradesh,42474,Prayagraj,25.3093,81.8081,1996,2025,8,AUG,RH2M,humidity_pct,82.8037,4.3477,68.41,88.67,30,82.8,84.4436
Uttar Pradesh,42474,Prayagraj,25.3093,81.8081,1996,2025,8,AUG,T2M,temp_mean_c,29.0603,0.6613,28.19,31.32,30,29.06,29.3891
Uttar Pradesh,42474,Prayagraj,25.3093,81.8081,1996,2025,8,AUG,T2M_MAX,temp_max_c,35.128,1.9512,32.91,39.8,30,39.8,33.2591
Uttar Pradesh,42474,Prayagraj,25.3093,81.8081,1996,2025,8,AUG,T2M_MIN,temp_min_c,24.6903,0.4551,23.54,25.47,30,23.54,26.5118
Uttar Pradesh,42474,Prayagraj,25.3093,81.8081,1996,2025,8,AUG,WS10M,wind_speed_ms,3.105,0.4342,2.22,3.95,30,3.11,2.9264
Uttar Pradesh,42474,Prayagraj,25.3093,81.8081,1996,2025,9,SEP,ALLSKY_SFC_SW_DWN,solar_kwh_m2_day,17.1247,1.6108,13.19,20.17,30,17.12,13.34
Uttar Pradesh,42474,Prayagraj,25.3093,81.8081,1996,2025,9,SEP,PRECTOTCORR,rainfall_mm,5.298,3.1784,1,14.67,30,5.3,16.7191
Uttar Pradesh,42474,Prayagraj,25.3093,81.8081,1996,2025,9,SEP,RH2M,humidity_pct,82.2763,6.2387,63.44,89.09,30,82.28,84.4436
Uttar Pradesh,42474,Prayagraj,25.3093,81.8081,1996,2025,9,SEP,T2M,temp_mean_c,28.056,0.7397,26.91,30.17,30,28.06,29.3891
Uttar Pradesh,42474,Prayagraj,25.3093,81.8081,1996,2025,9,SEP,T2M_MAX,temp_max_c,34.2267,1.8488,32.38,39.85,30,39.85,33.2591
Uttar Pradesh,42474,Prayagraj,25.3093,81.8081,1996,2025,9,SEP,T2M_MIN,temp_min_c,22.0377,1.3388,19.88,24.08,30,19.88,26.5118
Uttar Pradesh,42474,Prayagraj,25.3093,81.8081,1996,2025,9,SEP,WS10M,wind_speed_ms,2.831,0.2819,2.17,3.43,30,2.83,2.9264
Uttar Pradesh,42474,Prayagraj,25.3093,81.8081,1996,2025,10,OCT,ALLSKY_SFC_SW_DWN,solar_kwh_m2_day,16.907,1.1985,13.96,19.22,30,16.91,13.34
Uttar Pradesh,42474,Prayagraj,25.3093,81.8081,1996,2025,10,OCT,PRECTOTCORR,rainfall_mm,1.2787,1.5292,0.01,7.03,30,1.28,16.7191
Uttar Pradesh,42474,Prayagraj,25.3093,81.8081,1996,2025,10,OCT,RH2M,humidity_pct,69.154,9.7872,42.22,82.55,30,69.15,84.4436
Uttar Pradesh,42474,Prayagraj,25.3093,81.8081,1996,2025,10,OCT,T2M,temp_mean_c,25.49,1.2302,23.78,28.65,30,25.49,29.3891
Uttar Pradesh,42474,Prayagraj,25.3093,81.8081,1996,2025,10,OCT,T2M_MAX,temp_max_c,33.818,2.4423,30.57,39.52,30,39.52,33.2591
Uttar Pradesh,42474,Prayagraj,25.3093,81.8081,1996,2025,10,OCT,T2M_MIN,temp_min_c,15.3757,1.4238,12.44,18.16,30,12.44,26.5118
Uttar Pradesh,42474,Prayagraj,25.3093,81.8081,1996,2025,10,OCT,WS10M,wind_speed_ms,2.1873,0.3164,1.72,3.03,30,2.19,2.9264
Uttar Pradesh,42474,Prayagraj,25.3093,81.8081,1996,2025,11,NOV,ALLSKY_SFC_SW_DWN,solar_kwh_m2_day,13.7897,1.1176,11.38,16.12,30,13.79,13.34
Uttar Pradesh,42474,Prayagraj,25.3093,81.8081,1996,2025,11,NOV,PRECTOTCORR,rainfall_mm,0.116,0.2413,0,0.95,30,0.12,16.7191
Uttar Pradesh,42474,Prayagraj,25.3093,81.8081,1996,2025,11,NOV,RH2M,humidity_pct,57.365,12.0157,35.73,80.75,30,57.36,84.4436
Uttar Pradesh,42474,Prayagraj,25.3093,81.8081,1996,2025,11,NOV,T2M,temp_mean_c,20.9087,1.6896,17.65,24.9,30,20.91,29.3891
Uttar Pradesh,42474,Prayagraj,25.3093,81.8081,1996,2025,11,NOV,T2M_MAX,temp_max_c,31.408,2.0471,27.97,34.71,30,34.71,33.2591
Uttar Pradesh,42474,Prayagraj,25.3093,81.8081,1996,2025,11,NOV,T2M_MIN,temp_min_c,10.5623,1.5022,8.15,13.86,30,8.15,26.5118
Uttar Pradesh,42474,Prayagraj,25.3093,81.8081,1996,2025,11,NOV,WS10M,wind_speed_ms,2.2167,0.2416,1.74,2.68,30,2.22,2.9264
Uttar Pradesh,42474,Prayagraj,25.3093,81.8081,1996,2025,12,DEC,ALLSKY_SFC_SW_DWN,solar_kwh_m2_day,11.322,1.2814,8.09,13.99,30,11.32,13.34
Uttar Pradesh,42474,Prayagraj,25.3093,81.8081,1996,2025,12,DEC,PRECTOTCORR,rainfall_mm,0.2317,0.3977,0,1.92,30,0.23,16.7191
Uttar Pradesh,42474,Prayagraj,25.3093,81.8081,1996,2025,12,DEC,RH2M,humidity_pct,51.9807,13.5372,27.89,79.8,30,51.98,84.4436
Uttar Pradesh,42474,Prayagraj,25.3093,81.8081,1996,2025,12,DEC,T2M,temp_mean_c,16.616,1.2226,13.64,19.15,30,16.62,29.3891
Uttar Pradesh,42474,Prayagraj,25.3093,81.8081,1996,2025,12,DEC,T2M_MAX,temp_max_c,28.59,1.8401,24.36,32.91,30,32.91,33.2591
Uttar Pradesh,42474,Prayagraj,25.3093,81.8081,1996,2025,12,DEC,T2M_MIN,temp_min_c,6.052,1.6448,1,8.59,30,1,26.5118
Uttar Pradesh,42474,Prayagraj,25.3093,81.8081,1996,2025,12,DEC,WS10M,wind_speed_ms,2.3623,0.2707,1.9,3.05,30,2.36,2.9264
Uttar Pradesh,42574,Rewa,24.53,81.3,1996,2025,0,ANNUAL,ALLSKY_SFC_SW_DWN,solar_kwh_m2_day,18.517,0.6766,16.88,19.65,30,,11.1544
Uttar Pradesh,42574,Rewa,24.53,81.3,1996,2025,0,ANNUAL,PRECTOTCORR,rainfall_mm,2.7153,0.5743,1.62,3.9,30,,9.9964
Uttar Pradesh,42574,Rewa,24.53,81.3,1996,2025,0,ANNUAL,RH2M,humidity_pct,53.6693,4.1167,42.87,63.82,30,,83.1655
Uttar Pradesh,42574,Rewa,24.53,81.3,1996,2025,0,ANNUAL,T2M,temp_mean_c,25.5773,0.5328,24.31,26.73,30,,28.2127
Uttar Pradesh,42574,Rewa,24.53,81.3,1996,2025,0,ANNUAL,T2M_MAX,temp_max_c,46.1977,1.1083,43.36,47.97,30,,31.8773
Uttar Pradesh,42574,Rewa,24.53,81.3,1996,2025,0,ANNUAL,T2M_MIN,temp_min_c,4.5417,1.3309,0.86,7.26,30,,25.2327
Uttar Pradesh,42574,Rewa,24.53,81.3,1996,2025,0,ANNUAL,WS10M,wind_speed_ms,2.9657,0.1318,2.7,3.23,30,,2.5055
Uttar Pradesh,42574,Rewa,24.53,81.3,1996,2025,1,JAN,ALLSKY_SFC_SW_DWN,solar_kwh_m2_day,14.5547,1.5082,11.43,17.27,30,14.55,11.1544
Uttar Pradesh,42574,Rewa,24.53,81.3,1996,2025,1,JAN,PRECTOTCORR,rainfall_mm,0.501,0.5468,0,1.8,30,0.5,9.9964
Uttar Pradesh,42574,Rewa,24.53,81.3,1996,2025,1,JAN,RH2M,humidity_pct,49.24,13.3521,25.4,75.36,30,49.24,83.1655
Uttar Pradesh,42574,Rewa,24.53,81.3,1996,2025,1,JAN,T2M,temp_mean_c,16.0083,1.1386,13.48,18.09,30,16.01,28.2127
Uttar Pradesh,42574,Rewa,24.53,81.3,1996,2025,1,JAN,T2M_MAX,temp_max_c,29.7203,2.2766,25.39,33.95,30,33.95,31.8773
Uttar Pradesh,42574,Rewa,24.53,81.3,1996,2025,1,JAN,T2M_MIN,temp_min_c,4.9573,1.3633,2.02,8.01,30,2.02,25.2327
Uttar Pradesh,42574,Rewa,24.53,81.3,1996,2025,1,JAN,WS10M,wind_speed_ms,2.4993,0.1542,2.26,2.86,30,2.5,2.5055
Uttar Pradesh,42574,Rewa,24.53,81.3,1996,2025,2,FEB,ALLSKY_SFC_SW_DWN,solar_kwh_m2_day,18.402,1.2436,15.61,20.42,30,18.4,11.1544
Uttar Pradesh,42574,Rewa,24.53,81.3,1996,2025,2,FEB,PRECTOTCORR,rainfall_mm,0.5723,0.7482,0,2.51,30,0.57,9.9964
Uttar Pradesh,42574,Rewa,24.53,81.3,1996,2025,2,FEB,RH2M,humidity_pct,39.782,11.0307,18.52,61.82,30,39.78,83.1655
Uttar Pradesh,42574,Rewa,24.53,81.3,1996,2025,2,FEB,T2M,temp_mean_c,20.099,1.4395,16.66,23.79,30,20.1,28.2127
Uttar Pradesh,42574,Rewa,24.53,81.3,1996,2025,2,FEB,T2M_MAX,temp_max_c,34.4297,1.8417,29.56,37.87,30,37.87,31.8773
Uttar Pradesh,42574,Rewa,24.53,81.3,1996,2025,2,FEB,T2M_MIN,temp_min_c,7.6757,1.7543,4.11,10.71,30,4.11,25.2327
Uttar Pradesh,42574,Rewa,24.53,81.3,1996,2025,2,FEB,WS10M,wind_speed_ms,2.7793,0.2046,2.5,3.31,30,2.78,2.5055
Uttar Pradesh,42574,Rewa,24.53,81.3,1996,2025,3,MAR,ALLSKY_SFC_SW_DWN,solar_kwh_m2_day,22.1307,1.1818,19.51,24.5,30,22.13,11.1544
Uttar Pradesh,42574,Rewa,24.53,81.3,1996,2025,3,MAR,PRECTOTCORR,rainfall_mm,0.393,0.4487,0,1.71,30,0.39,9.9964
Uttar Pradesh,42574,Rewa,24.53,81.3,1996,2025,3,MAR,RH2M,humidity_pct,28.4587,10.83,13.29,54.51,30,28.46,83.1655
Uttar Pradesh,42574,Rewa,24.53,81.3,1996,2025,3,MAR,T2M,temp_mean_c,25.952,1.5436,22.83,28.42,30,25.95,28.2127
Uttar Pradesh,42574,Rewa,24.53,81.3,1996,2025,3,MAR,T2M_MAX,temp_max_c,40.0463,1.7234,36.42,43.38,30,43.38,31.8773
Uttar Pradesh,42574,Rewa,24.53,81.3,1996,2025,3,MAR,T2M_MIN,temp_min_c,12.301,2.4794,6.95,16.59,30,6.95,25.2327
Uttar Pradesh,42574,Rewa,24.53,81.3,1996,2025,3,MAR,WS10M,wind_speed_ms,2.99,0.2645,2.39,3.39,30,2.99,2.5055
Uttar Pradesh,42574,Rewa,24.53,81.3,1996,2025,4,APR,ALLSKY_SFC_SW_DWN,solar_kwh_m2_day,24.8033,1.1069,22.68,26.76,30,24.8,11.1544
Uttar Pradesh,42574,Rewa,24.53,81.3,1996,2025,4,APR,PRECTOTCORR,rainfall_mm,0.2947,0.3227,0,1.39,30,0.29,9.9964
Uttar Pradesh,42574,Rewa,24.53,81.3,1996,2025,4,APR,RH2M,humidity_pct,20.3757,6.5243,8.04,39.07,30,20.38,83.1655
Uttar Pradesh,42574,Rewa,24.53,81.3,1996,2025,4,APR,T2M,temp_mean_c,31.9263,1.2542,29.58,34.41,30,31.93,28.2127
Uttar Pradesh,42574,Rewa,24.53,81.3,1996,2025,4,APR,T2M_MAX,temp_max_c,44.1527,1.2161,41.38,46.21,30,46.21,31.8773
Uttar Pradesh,42574,Rewa,24.53,81.3,1996,2025,4,APR,T2M_MIN,temp_min_c,18.9227,1.7614,14.76,22.53,30,14.76,25.2327
Uttar Pradesh,42574,Rewa,24.53,81.3,1996,2025,4,APR,WS10M,wind_speed_ms,3.2667,0.2948,2.59,3.87,30,3.27,2.5055
Uttar Pradesh,42574,Rewa,24.53,81.3,1996,2025,5,MAY,ALLSKY_SFC_SW_DWN,solar_kwh_m2_day,24.9333,1.3099,21.08,27.18,30,24.93,11.1544
Uttar Pradesh,42574,Rewa,24.53,81.3,1996,2025,5,MAY,PRECTOTCORR,rainfall_mm,0.8657,0.9509,0.01,4.36,30,0.87,9.9964
Uttar Pradesh,42574,Rewa,24.53,81.3,1996,2025,5,MAY,RH2M,humidity_pct,25.015,6.8203,14.38,44.2,30,25.02,83.1655
Uttar Pradesh,42574,Rewa,24.53,81.3,1996,2025,5,MAY,T2M,temp_mean_c,35.1823,1.2101,31.47,37.07,30,35.18,28.2127
Uttar Pradesh,42574,Rewa,24.53,81.3,1996,2025,5,MAY,T2M_MAX,temp_max_c,45.7927,1.1609,42.37,47.77,30,47.77,31.8773
Uttar Pradesh,42574,Rewa,24.53,81.3,1996,2025,5,MAY,T2M_MIN,temp_min_c,23.866,1.6453,19.58,26.56,30,19.58,25.2327
Uttar Pradesh,42574,Rewa,24.53,81.3,1996,2025,5,MAY,WS10M,wind_speed_ms,3.5993,0.3265,3.03,4.44,30,3.6,2.5055
Uttar Pradesh,42574,Rewa,24.53,81.3,1996,2025,6,JUN,ALLSKY_SFC_SW_DWN,solar_kwh_m2_day,20.559,1.9427,16.2,23.52,30,20.56,11.1544
Uttar Pradesh,42574,Rewa,24.53,81.3,1996,2025,6,JUN,PRECTOTCORR,rainfall_mm,4.241,2.8822,0.78,9.76,30,4.24,9.9964
Uttar Pradesh,42574,Rewa,24.53,81.3,1996,2025,6,JUN,RH2M,humidity_pct,46.685,11.0417,28.15,70.86,30,46.69,83.1655
Uttar Pradesh,42574,Rewa,24.53,81.3,1996,2025,6,JUN,T2M,temp_mean_c,33.8137,1.9763,29.36,36.39,30,33.81,28.2127
Uttar Pradesh,42574,Rewa,24.53,81.3,1996,2025,6,JUN,T2M_MAX,temp_max_c,45.0043,2.0779,38.92,47.97,30,47.97,31.8773
Uttar Pradesh,42574,Rewa,24.53,81.3,1996,2025,6,JUN,T2M_MIN,temp_min_c,25.1853,1.1962,21.61,27.45,30,21.61,25.2327
Uttar Pradesh,42574,Rewa,24.53,81.3,1996,2025,6,JUN,WS10M,wind_speed_ms,4.036,0.5421,3.33,5.78,30,4.04,2.5055
Uttar Pradesh,42574,Rewa,24.53,81.3,1996,2025,7,JUL,ALLSKY_SFC_SW_DWN,solar_kwh_m2_day,16.594,1.3804,13.71,18.76,30,16.59,11.1544
Uttar Pradesh,42574,Rewa,24.53,81.3,1996,2025,7,JUL,PRECTOTCORR,rainfall_mm,9.359,3.7401,3.81,17.7,30,9.36,9.9964
Uttar Pradesh,42574,Rewa,24.53,81.3,1996,2025,7,JUL,RH2M,humidity_pct,77.6403,5.8686,58.82,86.43,30,77.64,83.1655
Uttar Pradesh,42574,Rewa,24.53,81.3,1996,2025,7,JUL,T2M,temp_mean_c,28.8993,0.9621,27.18,31.52,30,28.9,28.2127
Uttar Pradesh,42574,Rewa,24.53,81.3,1996,2025,7,JUL,T2M_MAX,temp_max_c,37.5153,2.8515,32.62,44.65,30,44.65,31.8773
Uttar Pradesh,42574,Rewa,24.53,81.3,1996,2025,7,JUL,T2M_MIN,temp_min_c,23.6123,0.6067,22.47,24.7,30,22.47,25.2327
Uttar Pradesh,42574,Rewa,24.53,81.3,1996,2025,7,JUL,WS10M,wind_speed_ms,3.674,0.4827,2.92,5,30,3.67,2.5055
Uttar Pradesh,42574,Rewa,24.53,81.3,1996,2025,8,AUG,ALLSKY_SFC_SW_DWN,solar_kwh_m2_day,15.922,1.3909,12.95,18.44,30,15.92,11.1544
Uttar Pradesh,42574,Rewa,24.53,81.3,1996,2025,8,AUG,PRECTOTCORR,rainfall_mm,8.984,3.4543,2.77,18.53,30,8.98,9.9964
Uttar Pradesh,42574,Rewa,24.53,81.3,1996,2025,8,AUG,RH2M,humidity_pct,84.9907,2.9879,73.38,88.53,30,84.99,83.1655
Uttar Pradesh,42574,Rewa,24.53,81.3,1996,2025,8,AUG,T2M,temp_mean_c,27.452,0.4799,26.75,29.21,30,27.45,28.2127
Uttar Pradesh,42574,Rewa,24.53,81.3,1996,2025,8,AUG,T2M_MAX,temp_max_c,33.326,1.5955,31.72,37.99,30,37.99,31.8773
Uttar Pradesh,42574,Rewa,24.53,81.3,1996,2025,8,AUG,T2M_MIN,temp_min_c,23.1297,0.5395,21.73,23.94,30,21.73,25.2327
Uttar Pradesh,42574,Rewa,24.53,81.3,1996,2025,8,AUG,WS10M,wind_speed_ms,3.2707,0.4484,2.29,4.23,30,3.27,2.5055
Uttar Pradesh,42574,Rewa,24.53,81.3,1996,2025,9,SEP,ALLSKY_SFC_SW_DWN,solar_kwh_m2_day,17.143,1.6779,12.8,20.11,30,17.14,11.1544
Uttar Pradesh,42574,Rewa,24.53,81.3,1996,2025,9,SEP,PRECTOTCORR,rainfall_mm,5.472,2.8373,1.91,16.03,30,5.47,9.9964
Uttar Pradesh,42574,Rewa,24.53,81.3,1996,2025,9,SEP,RH2M,humidity_pct,84.331,3.4403,77.88,91.3,30,84.33,83.1655
Uttar Pradesh,42574,Rewa,24.53,81.3,1996,2025,9,SEP,T2M,temp_mean_c,26.546,0.4134,25.59,27.48,30,26.55,28.2127
Uttar Pradesh,42574,Rewa,24.53,81.3,1996,2025,9,SEP,T2M_MAX,temp_max_c,32.4657,1.0049,30.81,35.59,30,35.59,31.8773
Uttar Pradesh,42574,Rewa,24.53,81.3,1996,2025,9,SEP,T2M_MIN,temp_min_c,20.703,1.4934,17.96,23.1,30,17.96,25.2327
Uttar Pradesh,42574,Rewa,24.53,81.3,1996,2025,9,SEP,WS10M,wind_speed_ms,2.849,0.3272,2.28,3.44,30,2.85,2.5055
Uttar Pradesh,42574,Rewa,24.53,81.3,1996,2025,10,OCT,ALLSKY_SFC_SW_DWN,solar_kwh_m2_day,17.802,1.3967,14.19,20.16,30,17.8,11.1544
Uttar Pradesh,42574,Rewa,24.53,81.3,1996,2025,10,OCT,PRECTOTCORR,rainfall_mm,1.2113,1.4577,0.02,7.14,30,1.21,9.9964
Uttar Pradesh,42574,Rewa,24.53,81.3,1996,2025,10,OCT,RH2M,humidity_pct,71.6613,7.2693,54.89,83.3,30,71.66,83.1655
Uttar Pradesh,42574,Rewa,24.53,81.3,1996,2025,10,OCT,T2M,temp_mean_c,24.201,0.9712,22.7,26.36,30,24.2,28.2127
Uttar Pradesh,42574,Rewa,24.53,81.3,1996,2025,10,OCT,T2M_MAX,temp_max_c,32.213,1.9316,29.4,36.5,30,36.5,31.8773
Uttar Pradesh,42574,Rewa,24.53,81.3,1996,2025,10,OCT,T2M_MIN,temp_min_c,14.5273,1.3828,11.93,17.35,30,11.93,25.2327
Uttar Pradesh,42574,Rewa,24.53,81.3,1996,2025,10,OCT,WS10M,wind_speed_ms,2.2217,0.2943,1.78,3.15,30,2.22,2.5055
Uttar Pradesh,42574,Rewa,24.53,81.3,1996,2025,11,NOV,ALLSKY_SFC_SW_DWN,solar_kwh_m2_day,15.6507,1.088,13.54,17.98,30,15.65,11.1544
Uttar Pradesh,42574,Rewa,24.53,81.3,1996,2025,11,NOV,PRECTOTCORR,rainfall_mm,0.2057,0.4223,0,1.64,30,0.21,9.9964
Uttar Pradesh,42574,Rewa,24.53,81.3,1996,2025,11,NOV,RH2M,humidity_pct,60.1013,9.8131,32.04,78.52,30,60.1,83.1655
Uttar Pradesh,42574,Rewa,24.53,81.3,1996,2025,11,NOV,T2M,temp_mean_c,20.191,1.3583,17.54,23.2,30,20.19,28.2127
Uttar Pradesh,42574,Rewa,24.53,81.3,1996,2025,11,NOV,T2M_MAX,temp_max_c,30.189,1.6663,27.69,34.54,30,34.54,31.8773
Uttar Pradesh,42574,Rewa,24.53,81.3,1996,2025,11,NOV,T2M_MIN,temp_min_c,10.322,1.3627,8,13.75,30,8,25.2327
Uttar Pradesh,42574,Rewa,24.53,81.3,1996,2025,11,NOV,WS10M,wind_speed_ms,2.1213,0.2098,1.65,2.63,30,2.12,2.5055
Uttar Pradesh,42574,Rewa,24.53,81.3,1996,2025,12,DEC,ALLSKY_SFC_SW_DWN,solar_kwh_m2_day,13.8307,1.2139,10.79,16.2,30,13.83,11.1544
Uttar Pradesh,42574,Rewa,24.53,81.3,1996,2025,12,DEC,PRECTOTCORR,rainfall_mm,0.2717,0.4308,0,1.99,30,0.27,9.9964
Uttar Pradesh,42574,Rewa,24.53,81.3,1996,2025,12,DEC,RH2M,humidity_pct,54.4347,13.3104,22.85,80.24,30,54.43,83.1655
Uttar Pradesh,42574,Rewa,24.53,81.3,1996,2025,12,DEC,T2M,temp_mean_c,16.507,1.2517,13.74,19.27,30,16.51,28.2127
Uttar Pradesh,42574,Rewa,24.53,81.3,1996,2025,12,DEC,T2M_MAX,temp_max_c,28.1977,1.8651,23.95,32.12,30,32.12,31.8773
Uttar Pradesh,42574,Rewa,24.53,81.3,1996,2025,12,DEC,T2M_MIN,temp_min_c,6.2427,1.7565,0.86,8.87,30,0.86,25.2327
Uttar Pradesh,42574,Rewa,24.53,81.3,1996,2025,12,DEC,WS10M,wind_speed_ms,2.279,0.1726,2.01,2.66,30,2.28,2.5055
Uttar Pradesh,42671,Sagar,23.85,78.75,1996,2025,0,ANNUAL,ALLSKY_SFC_SW_DWN,solar_kwh_m2_day,18.5183,0.7032,17.09,19.67,30,,12.3256
Uttar Pradesh,42671,Sagar,23.85,78.75,1996,2025,0,ANNUAL,PRECTOTCORR,rainfall_mm,3.165,0.7069,1.81,4.62,30,,11.9527
Uttar Pradesh,42671,Sagar,23.85,78.75,1996,2025,0,ANNUAL,RH2M,humidity_pct,53.2507,4.2467,41.38,59.42,30,,83.6955
Uttar Pradesh,42671,Sagar,23.85,78.75,1996,2025,0,ANNUAL,T2M,temp_mean_c,25.091,0.4339,24.3,25.91,30,,27.1155
Uttar Pradesh,42671,Sagar,23.85,78.75,1996,2025,0,ANNUAL,T2M_MAX,temp_max_c,45.6457,1.092,42.87,47.21,30,,30.7945
Uttar Pradesh,42671,Sagar,23.85,78.75,1996,2025,0,ANNUAL,T2M_MIN,temp_min_c,4.5463,1.4965,1.3,7.49,30,,24.3073
Uttar Pradesh,42671,Sagar,23.85,78.75,1996,2025,0,ANNUAL,WS10M,wind_speed_ms,3.215,0.1295,3.01,3.55,30,,3.6336
Uttar Pradesh,42671,Sagar,23.85,78.75,1996,2025,1,JAN,ALLSKY_SFC_SW_DWN,solar_kwh_m2_day,15.497,1.4532,12.52,18.1,30,15.5,12.3256
Uttar Pradesh,42671,Sagar,23.85,78.75,1996,2025,1,JAN,PRECTOTCORR,rainfall_mm,0.3793,0.4933,0,1.89,30,0.38,11.9527
Uttar Pradesh,42671,Sagar,23.85,78.75,1996,2025,1,JAN,RH2M,humidity_pct,46.4153,13.9094,24.88,71.16,30,46.42,83.6955
Uttar Pradesh,42671,Sagar,23.85,78.75,1996,2025,1,JAN,T2M,temp_mean_c,16.3247,1.2176,14.07,18.35,30,16.32,27.1155
Uttar Pradesh,42671,Sagar,23.85,78.75,1996,2025,1,JAN,T2M_MAX,temp_max_c,30.0683,2.183,25.65,33.47,30,33.47,30.7945
Uttar Pradesh,42671,Sagar,23.85,78.75,1996,2025,1,JAN,T2M_MIN,temp_min_c,5.002,1.4721,1.67,7.78,30,1.67,24.3073
Uttar Pradesh,42671,Sagar,23.85,78.75,1996,2025,1,JAN,WS10M,wind_speed_ms,2.6587,0.1585,2.33,2.97,30,2.66,3.6336
Uttar Pradesh,42671,Sagar,23.85,78.75,1996,2025,2,FEB,ALLSKY_SFC_SW_DWN,solar_kwh_m2_day,19.2197,1.1135,17.12,20.87,30,19.22,12.3256
Uttar Pradesh,42671,Sagar,23.85,78.75,1996,2025,2,FEB,PRECTOTCORR,rainfall_mm,0.3973,0.5721,0,1.91,30,0.4,11.9527
Uttar Pradesh,42671,Sagar,23.85,78.75,1996,2025,2,FEB,RH2M,humidity_pct,36.626,10.8335,17.67,53.97,30,36.63,83.6955
Uttar Pradesh,42671,Sagar,23.85,78.75,1996,2025,2,FEB,T2M,temp_mean_c,20.1693,1.4063,17.52,24.29,30,20.17,27.1155
Uttar Pradesh,42671,Sagar,23.85,78.75,1996,2025,2,FEB,T2M_MAX,temp_max_c,34.683,1.5833,30.52,37.88,30,37.88,30.7945
Uttar Pradesh,42671,Sagar,23.85,78.75,1996,2025,2,FEB,T2M_MIN,temp_min_c,7.3023,1.8567,4.2,10.96,30,4.2,24.3073
Uttar Pradesh,42671,Sagar,23.85,78.75,1996,2025,2,FEB,WS10M,wind_speed_ms,2.905,0.2277,2.46,3.41,30,2.9,3.6336
Uttar Pradesh,42671,Sagar,23.85,78.75,1996,2025,3,MAR,ALLSKY_SFC_SW_DWN,solar_kwh_m2_day,22.752,1.2028,19.75,25.06,30,22.75,12.3256
Uttar Pradesh,42671,Sagar,23.85,78.75,1996,2025,3,MAR,PRECTOTCORR,rainfall_mm,0.3757,0.5542,0,2.31,30,0.38,11.9527
Uttar Pradesh,42671,Sagar,23.85,78.75,1996,2025,3,MAR,RH2M,humidity_pct,26.8483,10.0815,14.46,50.68,30,26.85,83.6955
Uttar Pradesh,42671,Sagar,23.85,78.75,1996,2025,3,MAR,T2M,temp_mean_c,25.709,1.4464,22.8,28.23,30,25.71,27.1155
Uttar Pradesh,42671,Sagar,23.85,78.75,1996,2025,3,MAR,T2M_MAX,temp_max_c,39.8647,1.5848,37.34,42.35,30,42.35,30.7945
Uttar Pradesh,42671,Sagar,23.85,78.75,1996,2025,3,MAR,T2M_MIN,temp_min_c,11.8763,2.5288,7.12,16.22,30,7.12,24.3073
Uttar Pradesh,42671,Sagar,23.85,78.75,1996,2025,3,MAR,WS10M,wind_speed_ms,3.0897,0.2561,2.51,3.6,30,3.09,3.6336
Uttar Pradesh,42671,Sagar,23.85,78.75,1996,2025,4,APR,ALLSKY_SFC_SW_DWN,solar_kwh_m2_day,25.137,1.2489,22.02,27.46,30,25.14,12.3256
Uttar Pradesh,42671,Sagar,23.85,78.75,1996,2025,4,APR,PRECTOTCORR,rainfall_mm,0.2373,0.3134,0,1.22,30,0.24,11.9527
Uttar Pradesh,42671,Sagar,23.85,78.75,1996,2025,4,APR,RH2M,humidity_pct,19.5327,5.6648,9.25,33,30,19.53,83.6955
Uttar Pradesh,42671,Sagar,23.85,78.75,1996,2025,4,APR,T2M,temp_mean_c,31.414,1.1054,29.2,33.59,30,31.41,27.1155
Uttar Pradesh,42671,Sagar,23.85,78.75,1996,2025,4,APR,T2M_MAX,temp_max_c,43.5347,1.0485,41.23,45.1,30,45.1,30.7945
Uttar Pradesh,42671,Sagar,23.85,78.75,1996,2025,4,APR,T2M_MIN,temp_min_c,18.3007,1.9297,13.45,21.92,30,13.45,24.3073
Uttar Pradesh,42671,Sagar,23.85,78.75,1996,2025,4,APR,WS10M,wind_speed_ms,3.4517,0.3326,2.89,4.26,30,3.45,3.6336
Uttar Pradesh,42671,Sagar,23.85,78.75,1996,2025,5,MAY,ALLSKY_SFC_SW_DWN,solar_kwh_m2_day,24.8197,1.2397,20.23,26.68,30,24.82,12.3256
Uttar Pradesh,42671,Sagar,23.85,78.75,1996,2025,5,MAY,PRECTOTCORR,rainfall_mm,0.553,0.5776,0,2.14,30,0.55,11.9527
Uttar Pradesh,42671,Sagar,23.85,78.75,1996,2025,5,MAY,RH2M,humidity_pct,23.5897,6.1101,14.9,37.54,30,23.59,83.6955
Uttar Pradesh,42671,Sagar,23.85,78.75,1996,2025,5,MAY,T2M,temp_mean_c,34.818,1.1183,31.9,36.26,30,34.82,27.1155
Uttar Pradesh,42671,Sagar,23.85,78.75,1996,2025,5,MAY,T2M_MAX,temp_max_c,45.266,1.1754,42.13,47.2,30,47.2,30.7945
Uttar Pradesh,42671,Sagar,23.85,78.75,1996,2025,5,MAY,T2M_MIN,temp_min_c,23.2557,1.9395,18.33,25.7,30,18.33,24.3073
Uttar Pradesh,42671,Sagar,23.85,78.75,1996,2025,5,MAY,WS10M,wind_speed_ms,4.1493,0.4212,3.4,5.08,30,4.15,3.6336
Uttar Pradesh,42671,Sagar,23.85,78.75,1996,2025,6,JUN,ALLSKY_SFC_SW_DWN,solar_kwh_m2_day,20.074,1.9994,15.85,23.32,30,20.07,12.3256
Uttar Pradesh,42671,Sagar,23.85,78.75,1996,2025,6,JUN,PRECTOTCORR,rainfall_mm,5.1033,3.2775,1.8,15.83,30,5.1,11.9527
Uttar Pradesh,42671,Sagar,23.85,78.75,1996,2025,6,JUN,RH2M,humidity_pct,49.894,9.9018,35.86,70.54,30,49.89,83.6955
Uttar Pradesh,42671,Sagar,23.85,78.75,1996,2025,6,JUN,T2M,temp_mean_c,32.5363,1.7397,28.83,35.23,30,32.54,27.1155
Uttar Pradesh,42671,Sagar,23.85,78.75,1996,2025,6,JUN,T2M_MAX,temp_max_c,44.086,2.1213,38.66,47.21,30,47.21,30.7945
Uttar Pradesh,42671,Sagar,23.85,78.75,1996,2025,6,JUN,T2M_MIN,temp_min_c,23.831,1.2944,19.73,25.97,30,19.73,24.3073
Uttar Pradesh,42671,Sagar,23.85,78.75,1996,2025,6,JUN,WS10M,wind_speed_ms,4.4927,0.4866,3.53,5.81,30,4.49,3.6336
Uttar Pradesh,42671,Sagar,23.85,78.75,1996,2025,7,JUL,ALLSKY_SFC_SW_DWN,solar_kwh_m2_day,14.5343,1.9735,10.3,18.17,30,14.53,12.3256
Uttar Pradesh,42671,Sagar,23.85,78.75,1996,2025,7,JUL,PRECTOTCORR,rainfall_mm,12.542,4.8562,1.59,22.14,30,12.54,11.9527
Uttar Pradesh,42671,Sagar,23.85,78.75,1996,2025,7,JUL,RH2M,humidity_pct,80.1323,6.7681,54.77,88.94,30,80.13,83.6955
Uttar Pradesh,42671,Sagar,23.85,78.75,1996,2025,7,JUL,T2M,temp_mean_c,27.694,1.0107,26.1,31.28,30,27.69,27.1155
Uttar Pradesh,42671,Sagar,23.85,78.75,1996,2025,7,JUL,T2M_MAX,temp_max_c,35.9633,2.7953,31.66,41.65,30,41.65,30.7945
Uttar Pradesh,42671,Sagar,23.85,78.75,1996,2025,7,JUL,T2M_MIN,temp_min_c,22.7713,0.6921,20.78,24.04,30,20.78,24.3073
Uttar Pradesh,42671,Sagar,23.85,78.75,1996,2025,7,JUL,WS10M,wind_speed_ms,4.224,0.629,2.84,5.28,30,4.22,3.6336
Uttar Pradesh,42671,Sagar,23.85,78.75,1996,2025,8,AUG,ALLSKY_SFC_SW_DWN,solar_kwh_m2_day,13.8417,1.7601,10.89,16.58,30,13.84,12.3256
Uttar Pradesh,42671,Sagar,23.85,78.75,1996,2025,8,AUG,PRECTOTCORR,rainfall_mm,11.109,4.6237,4.05,19.49,30,11.11,11.9527
Uttar Pradesh,42671,Sagar,23.85,78.75,1996,2025,8,AUG,RH2M,humidity_pct,87.3517,2.0447,82.88,90.51,30,87.35,83.6955
Uttar Pradesh,42671,Sagar,23.85,78.75,1996,2025,8,AUG,T2M,temp_mean_c,26.215,0.3751,25.5,26.94,30,26.22,27.1155
Uttar Pradesh,42671,Sagar,23.85,78.75,1996,2025,8,AUG,T2M_MAX,temp_max_c,31.8957,1.2927,29.91,37.04,30,37.04,30.7945
Uttar Pradesh,42671,Sagar,23.85,78.75,1996,2025,8,AUG,T2M_MIN,temp_min_c,21.9493,0.5045,20.66,22.97,30,20.66,24.3073
Uttar Pradesh,42671,Sagar,23.85,78.75,1996,2025,8,AUG,WS10M,wind_speed_ms,3.7307,0.4786,2.63,4.55,30,3.73,3.6336
Uttar Pradesh,42671,Sagar,23.85,78.75,1996,2025,9,SEP,ALLSKY_SFC_SW_DWN,solar_kwh_m2_day,16.9723,2.268,11.29,20.53,30,16.97,12.3256
Uttar Pradesh,42671,Sagar,23.85,78.75,1996,2025,9,SEP,PRECTOTCORR,rainfall_mm,5.4577,3.0671,0.84,15.04,30,5.46,11.9527
Uttar Pradesh,42671,Sagar,23.85,78.75,1996,2025,9,SEP,RH2M,humidity_pct,84.2053,3.7875,74.84,91.69,30,84.21,83.6955
Uttar Pradesh,42671,Sagar,23.85,78.75,1996,2025,9,SEP,T2M,temp_mean_c,25.7063,0.4479,24.66,26.46,30,25.71,27.1155
Uttar Pradesh,42671,Sagar,23.85,78.75,1996,2025,9,SEP,T2M_MAX,temp_max_c,31.673,0.9055,29.86,33.78,30,33.78,30.7945
Uttar Pradesh,42671,Sagar,23.85,78.75,1996,2025,9,SEP,T2M_MIN,temp_min_c,19.6747,1.2827,17.63,22.11,30,17.63,24.3073
Uttar Pradesh,42671,Sagar,23.85,78.75,1996,2025,9,SEP,WS10M,wind_speed_ms,2.9127,0.3557,2.3,3.88,30,2.91,3.6336
Uttar Pradesh,42671,Sagar,23.85,78.75,1996,2025,10,OCT,ALLSKY_SFC_SW_DWN,solar_kwh_m2_day,18.5137,1.2649,14.96,20.52,30,18.51,12.3256
Uttar Pradesh,42671,Sagar,23.85,78.75,1996,2025,10,OCT,PRECTOTCORR,rainfall_mm,0.9443,0.9928,0.01,3.88,30,0.94,11.9527
Uttar Pradesh,42671,Sagar,23.85,78.75,1996,2025,10,OCT,RH2M,humidity_pct,70.6857,7.3026,45.81,81.37,30,70.69,83.6955
Uttar Pradesh,42671,Sagar,23.85,78.75,1996,2025,10,OCT,T2M,temp_mean_c,23.5427,0.9026,22.13,25.94,30,23.54,27.1155
Uttar Pradesh,42671,Sagar,23.85,78.75,1996,2025,10,OCT,T2M_MAX,temp_max_c,31.451,1.6731,29.45,37.27,30,37.27,30.7945
Uttar Pradesh,42671,Sagar,23.85,78.75,1996,2025,10,OCT,T2M_MIN,temp_min_c,14.1187,1.184,11.77,16.81,30,11.77,24.3073
Uttar Pradesh,42671,Sagar,23.85,78.75,1996,2025,10,OCT,WS10M,wind_speed_ms,2.2803,0.258,1.9,3.09,30,2.28,3.6336
Uttar Pradesh,42671,Sagar,23.85,78.75,1996,2025,11,NOV,ALLSKY_SFC_SW_DWN,solar_kwh_m2_day,16.236,1.1557,13.84,18.52,30,16.24,12.3256
Uttar Pradesh,42671,Sagar,23.85,78.75,1996,2025,11,NOV,PRECTOTCORR,rainfall_mm,0.3173,0.682,0,2.39,30,0.32,11.9527
Uttar Pradesh,42671,Sagar,23.85,78.75,1996,2025,11,NOV,RH2M,humidity_pct,59.5503,10.8629,26.87,79.55,30,59.55,83.6955
Uttar Pradesh,42671,Sagar,23.85,78.75,1996,2025,11,NOV,T2M,temp_mean_c,19.999,1.0647,17.73,22.28,30,20,27.1155
Uttar Pradesh,42671,Sagar,23.85,78.75,1996,2025,11,NOV,T2M_MAX,temp_max_c,30.2827,1.6279,27.99,34.59,30,34.59,30.7945
Uttar Pradesh,42671,Sagar,23.85,78.75,1996,2025,11,NOV,T2M_MIN,temp_min_c,10.0977,1.3667,7.82,12.92,30,7.82,24.3073
Uttar Pradesh,42671,Sagar,23.85,78.75,1996,2025,11,NOV,WS10M,wind_speed_ms,2.2343,0.1843,1.9,2.63,30,2.23,3.6336
Uttar Pradesh,42671,Sagar,23.85,78.75,1996,2025,12,DEC,ALLSKY_SFC_SW_DWN,solar_kwh_m2_day,14.8287,1.1528,12.66,16.99,30,14.83,12.3256
Uttar Pradesh,42671,Sagar,23.85,78.75,1996,2025,12,DEC,PRECTOTCORR,rainfall_mm,0.2723,0.5166,0,2.54,30,0.27,11.9527
Uttar Pradesh,42671,Sagar,23.85,78.75,1996,2025,12,DEC,RH2M,humidity_pct,52.7173,13.8853,18.78,83.12,30,52.72,83.6955
Uttar Pradesh,42671,Sagar,23.85,78.75,1996,2025,12,DEC,T2M,temp_mean_c,16.8407,1.222,14.37,19.05,30,16.84,27.1155
Uttar Pradesh,42671,Sagar,23.85,78.75,1996,2025,12,DEC,T2M_MAX,temp_max_c,28.8067,1.7798,25.4,31.9,30,31.9,30.7945
Uttar Pradesh,42671,Sagar,23.85,78.75,1996,2025,12,DEC,T2M_MIN,temp_min_c,6.3413,1.7148,1.3,8.81,30,1.3,24.3073
Uttar Pradesh,42671,Sagar,23.85,78.75,1996,2025,12,DEC,WS10M,wind_speed_ms,2.4213,0.1373,2.16,2.63,30,2.42,3.6336
Uttar Pradesh,42571,Satna,24.57,80.83,1996,2025,0,ANNUAL,ALLSKY_SFC_SW_DWN,solar_kwh_m2_day,18.531,0.6621,16.8,19.66,30,,12.3456
Uttar Pradesh,42571,Satna,24.57,80.83,1996,2025,0,ANNUAL,PRECTOTCORR,rainfall_mm,2.9003,0.6843,1.7,4.42,30,,12.1209
Uttar Pradesh,42571,Satna,24.57,80.83,1996,2025,0,ANNUAL,RH2M,humidity_pct,54.034,4.2339,42.6,63.54,30,,84.3591
Uttar Pradesh,42571,Satna,24.57,80.83,1996,2025,0,ANNUAL,T2M,temp_mean_c,25.362,0.5183,24.15,26.34,30,,27.8236
Uttar Pradesh,42571,Satna,24.57,80.83,1996,2025,0,ANNUAL,T2M_MAX,temp_max_c,46.0047,1.107,43.19,47.86,30,,31.3827
Uttar Pradesh,42571,Satna,24.57,80.83,1996,2025,0,ANNUAL,T2M_MIN,temp_min_c,4.4803,1.3563,1.01,7.86,30,,25.0818
Uttar Pradesh,42571,Satna,24.57,80.83,1996,2025,0,ANNUAL,WS10M,wind_speed_ms,2.9847,0.1371,2.69,3.26,30,,2.5691
Uttar Pradesh,42571,Satna,24.57,80.83,1996,2025,1,JAN,ALLSKY_SFC_SW_DWN,solar_kwh_m2_day,14.6093,1.4918,11.52,17.21,30,14.61,12.3456
Uttar Pradesh,42571,Satna,24.57,80.83,1996,2025,1,JAN,PRECTOTCORR,rainfall_mm,0.537,0.6018,0,1.98,30,0.54,12.1209
Uttar Pradesh,42571,Satna,24.57,80.83,1996,2025,1,JAN,RH2M,humidity_pct,50.1303,13.5058,25.41,75.32,30,50.13,84.3591
Uttar Pradesh,42571,Satna,24.57,80.83,1996,2025,1,JAN,T2M,temp_mean_c,15.7917,1.1797,13.37,18.01,30,15.79,27.8236
Uttar Pradesh,42571,Satna,24.57,80.83,1996,2025,1,JAN,T2M_MAX,temp_max_c,29.3103,2.3086,24.91,33.83,30,33.83,31.3827
Uttar Pradesh,42571,Satna,24.57,80.83,1996,2025,1,JAN,T2M_MIN,temp_min_c,4.8507,1.3904,1.97,8.53,30,1.97,25.0818
Uttar Pradesh,42571,Satna,24.57,80.83,1996,2025,1,JAN,WS10M,wind_speed_ms,2.5047,0.1597,2.22,2.86,30,2.5,2.5691
Uttar Pradesh,42571,Satna,24.57,80.83,1996,2025,2,FEB,ALLSKY_SFC_SW_DWN,solar_kwh_m2_day,18.434,1.1724,15.9,20.47,30,18.43,12.3456
Uttar Pradesh,42571,Satna,24.57,80.83,1996,2025,2,FEB,PRECTOTCORR,rainfall_mm,0.6217,0.8484,0,2.77,30,0.62,12.1209
Uttar Pradesh,42571,Satna,24.57,80.83,1996,2025,2,FEB,RH2M,humidity_pct,40.3143,11.1506,18.52,62.49,30,40.31,84.3591
Uttar Pradesh,42571,Satna,24.57,80.83,1996,2025,2,FEB,T2M,temp_mean_c,19.876,1.4639,16.44,23.71,30,19.88,27.8236
Uttar Pradesh,42571,Satna,24.57,80.83,1996,2025,2,FEB,T2M_MAX,temp_max_c,34.246,1.8255,29.37,37.95,30,37.95,31.3827
Uttar Pradesh,42571,Satna,24.57,80.83,1996,2025,2,FEB,T2M_MIN,temp_min_c,7.3467,1.7023,4.22,10.65,30,4.22,25.0818
Uttar Pradesh,42571,Satna,24.57,80.83,1996,2025,2,FEB,WS10M,wind_speed_ms,2.7803,0.2019,2.51,3.31,30,2.78,2.5691
Uttar Pradesh,42571,Satna,24.57,80.83,1996,2025,3,MAR,ALLSKY_SFC_SW_DWN,solar_kwh_m2_day,22.127,1.2123,18.94,24.69,30,22.13,12.3456
Uttar Pradesh,42571,Satna,24.57,80.83,1996,2025,3,MAR,PRECTOTCORR,rainfall_mm,0.4007,0.4938,0,2.03,30,0.4,12.1209
Uttar Pradesh,42571,Satna,24.57,80.83,1996,2025,3,MAR,RH2M,humidity_pct,28.7907,11.0187,13.26,53.86,30,28.79,84.3591
Uttar Pradesh,42571,Satna,24.57,80.83,1996,2025,3,MAR,T2M,temp_mean_c,25.727,1.577,22.53,28.27,30,25.73,27.8236
Uttar Pradesh,42571,Satna,24.57,80.83,1996,2025,3,MAR,T2M_MAX,temp_max_c,39.797,1.7635,36.48,42.94,30,42.94,31.3827
Uttar Pradesh,42571,Satna,24.57,80.83,1996,2025,3,MAR,T2M_MIN,temp_min_c,12.1307,2.4957,6.26,16.58,30,6.26,25.0818
Uttar Pradesh,42571,Satna,24.57,80.83,1996,2025,3,MAR,WS10M,wind_speed_ms,2.9963,0.2652,2.37,3.4,30,3,2.5691
Uttar Pradesh,42571,Satna,24.57,80.83,1996,2025,4,APR,ALLSKY_SFC_SW_DWN,solar_kwh_m2_day,24.9007,1.1197,22.22,26.7,30,24.9,12.3456
Uttar Pradesh,42571,Satna,24.57,80.83,1996,2025,4,APR,PRECTOTCORR,rainfall_mm,0.292,0.3151,0,1.22,30,0.29,12.1209
Uttar Pradesh,42571,Satna,24.57,80.83,1996,2025,4,APR,RH2M,humidity_pct,20.2233,6.4857,8.29,39.24,30,20.22,84.3591
Uttar Pradesh,42571,Satna,24.57,80.83,1996,2025,4,APR,T2M,temp_mean_c,31.741,1.2622,29.27,34.18,30,31.74,27.8236
Uttar Pradesh,42571,Satna,24.57,80.83,1996,2025,4,APR,T2M_MAX,temp_max_c,43.8843,1.1588,41.55,45.96,30,45.96,31.3827
Uttar Pradesh,42571,Satna,24.57,80.83,1996,2025,4,APR,T2M_MIN,temp_min_c,18.713,1.7534,14.11,21.97,30,14.11,25.0818
Uttar Pradesh,42571,Satna,24.57,80.83,1996,2025,4,APR,WS10M,wind_speed_ms,3.2943,0.2767,2.71,3.9,30,3.29,2.5691
Uttar Pradesh,42571,Satna,24.57,80.83,1996,2025,5,MAY,ALLSKY_SFC_SW_DWN,solar_kwh_m2_day,24.862,1.2521,20.99,27.08,30,24.86,12.3456
Uttar Pradesh,42571,Satna,24.57,80.83,1996,2025,5,MAY,PRECTOTCORR,rainfall_mm,1.035,1.7041,0.01,9.19,30,1.04,12.1209
Uttar Pradesh,42571,Satna,24.57,80.83,1996,2025,5,MAY,RH2M,humidity_pct,24.668,6.8898,14.06,43.34,30,24.67,84.3591
Uttar Pradesh,42571,Satna,24.57,80.83,1996,2025,5,MAY,T2M,temp_mean_c,35.07,1.2485,31.46,36.94,30,35.07,27.8236
Uttar Pradesh,42571,Satna,24.57,80.83,1996,2025,5,MAY,T2M_MAX,temp_max_c,45.586,1.1609,42.12,47.46,30,47.46,31.3827
Uttar Pradesh,42571,Satna,24.57,80.83,1996,2025,5,MAY,T2M_MIN,temp_min_c,23.6273,1.7823,18.86,26.47,30,18.86,25.0818
Uttar Pradesh,42571,Satna,24.57,80.83,1996,2025,5,MAY,WS10M,wind_speed_ms,3.668,0.3511,3.02,4.51,30,3.67,2.5691
Uttar Pradesh,42571,Satna,24.57,80.83,1996,2025,6,JUN,ALLSKY_SFC_SW_DWN,solar_kwh_m2_day,20.5363,1.8267,16.68,23.95,30,20.54,12.3456
Uttar Pradesh,42571,Satna,24.57,80.83,1996,2025,6,JUN,PRECTOTCORR,rainfall_mm,4.4473,2.835,1.08,10.55,30,4.45,12.1209
Uttar Pradesh,42571,Satna,24.57,80.83,1996,2025,6,JUN,RH2M,humidity_pct,47.1447,10.8592,28.58,70.31,30,47.14,84.3591
Uttar Pradesh,42571,Satna,24.57,80.83,1996,2025,6,JUN,T2M,temp_mean_c,33.5703,1.9087,29.33,36.14,30,33.57,27.8236
Uttar Pradesh,42571,Satna,24.57,80.83,1996,2025,6,JUN,T2M_MAX,temp_max_c,44.78,2.0749,39.13,47.86,30,47.86,31.3827
Uttar Pradesh,42571,Satna,24.57,80.83,1996,2025,6,JUN,T2M_MIN,temp_min_c,24.9197,1.0414,22.11,26.56,30,22.11,25.0818
Uttar Pradesh,42571,Satna,24.57,80.83,1996,2025,6,JUN,WS10M,wind_speed_ms,4.0883,0.5609,3.29,5.78,30,4.09,2.5691
Uttar Pradesh,42571,Satna,24.57,80.83,1996,2025,7,JUL,ALLSKY_SFC_SW_DWN,solar_kwh_m2_day,16.399,1.5545,13.2,18.87,30,16.4,12.3456
Uttar Pradesh,42571,Satna,24.57,80.83,1996,2025,7,JUL,PRECTOTCORR,rainfall_mm,10.32,4.6813,4.22,23.25,30,10.32,12.1209
Uttar Pradesh,42571,Satna,24.57,80.83,1996,2025,7,JUL,RH2M,humidity_pct,78.3533,6.1222,58.39,87.1,30,78.35,84.3591
Uttar Pradesh,42571,Satna,24.57,80.83,1996,2025,7,JUL,T2M,temp_mean_c,28.644,0.9618,27.12,31.38,30,28.64,27.8236
Uttar Pradesh,42571,Satna,24.57,80.83,1996,2025,7,JUL,T2M_MAX,temp_max_c,37.108,2.9998,32.34,44.4,30,44.4,31.3827
Uttar Pradesh,42571,Satna,24.57,80.83,1996,2025,7,JUL,T2M_MIN,temp_min_c,23.3963,0.7057,21.96,24.76,30,21.96,25.0818
Uttar Pradesh,42571,Satna,24.57,80.83,1996,2025,7,JUL,WS10M,wind_speed_ms,3.7133,0.5065,2.94,4.98,30,3.71,2.5691
Uttar Pradesh,42571,Satna,24.57,80.83,1996,2025,8,AUG,ALLSKY_SFC_SW_DWN,solar_kwh_m2_day,15.726,1.4153,13.02,18.16,30,15.73,12.3456
Uttar Pradesh,42571,Satna,24.57,80.83,1996,2025,8,AUG,PRECTOTCORR,rainfall_mm,9.587,3.7654,2.69,18.38,30,9.59,12.1209
Uttar Pradesh,42571,Satna,24.57,80.83,1996,2025,8,AUG,RH2M,humidity_pct,85.717,2.8663,74.22,89.1,30,85.72,84.3591
Uttar Pradesh,42571,Satna,24.57,80.83,1996,2025,8,AUG,T2M,temp_mean_c,27.176,0.4596,26.5,28.85,30,27.18,27.8236
Uttar Pradesh,42571,Satna,24.57,80.83,1996,2025,8,AUG,T2M_MAX,temp_max_c,32.954,1.5009,31.02,37.4,30,37.4,31.3827
Uttar Pradesh,42571,Satna,24.57,80.83,1996,2025,8,AUG,T2M_MIN,temp_min_c,22.8947,0.6159,21.24,23.89,30,21.24,25.0818
Uttar Pradesh,42571,Satna,24.57,80.83,1996,2025,8,AUG,WS10M,wind_speed_ms,3.3263,0.4522,2.4,4.34,30,3.33,2.5691
Uttar Pradesh,42571,Satna,24.57,80.83,1996,2025,9,SEP,ALLSKY_SFC_SW_DWN,solar_kwh_m2_day,17.299,1.9139,11.59,20.92,30,17.3,12.3456
Uttar Pradesh,42571,Satna,24.57,80.83,1996,2025,9,SEP,PRECTOTCORR,rainfall_mm,5.6737,3.2175,1.28,19.14,30,5.67,12.1209
Uttar Pradesh,42571,Satna,24.57,80.83,1996,2025,9,SEP,RH2M,humidity_pct,84.7073,3.4154,79,92.47,30,84.71,84.3591
Uttar Pradesh,42571,Satna,24.57,80.83,1996,2025,9,SEP,T2M,temp_mean_c,26.291,0.4063,25.32,27.01,30,26.29,27.8236
Uttar Pradesh,42571,Satna,24.57,80.83,1996,2025,9,SEP,T2M_MAX,temp_max_c,32.172,0.9894,30.24,35.1,30,35.1,31.3827
Uttar Pradesh,42571,Satna,24.57,80.83,1996,2025,9,SEP,T2M_MIN,temp_min_c,20.459,1.4461,17.78,22.67,30,17.78,25.0818
Uttar Pradesh,42571,Satna,24.57,80.83,1996,2025,9,SEP,WS10M,wind_speed_ms,2.8497,0.3437,2.37,3.66,30,2.85,2.5691
Uttar Pradesh,42571,Satna,24.57,80.83,1996,2025,10,OCT,ALLSKY_SFC_SW_DWN,solar_kwh_m2_day,18.0467,1.2975,14.38,20.4,30,18.05,12.3456
Uttar Pradesh,42571,Satna,24.57,80.83,1996,2025,10,OCT,PRECTOTCORR,rainfall_mm,1.158,1.4279,0.02,6.31,30,1.16,12.1209
Uttar Pradesh,42571,Satna,24.57,80.83,1996,2025,10,OCT,RH2M,humidity_pct,71.8167,7.2621,52.37,82.94,30,71.82,84.3591
Uttar Pradesh,42571,Satna,24.57,80.83,1996,2025,10,OCT,T2M,temp_mean_c,23.957,0.9195,22.55,25.89,30,23.96,27.8236
Uttar Pradesh,42571,Satna,24.57,80.83,1996,2025,10,OCT,T2M_MAX,temp_max_c,31.8467,1.8375,29.34,36.79,30,36.79,31.3827
Uttar Pradesh,42571,Satna,24.57,80.83,1996,2025,10,OCT,T2M_MIN,temp_min_c,14.3923,1.3259,12.21,17.26,30,12.21,25.0818
Uttar Pradesh,42571,Satna,24.57,80.83,1996,2025,10,OCT,WS10M,wind_speed_ms,2.2043,0.2789,1.79,3.09,30,2.2,2.5691
Uttar Pradesh,42571,Satna,24.57,80.83,1996,2025,11,NOV,ALLSKY_SFC_SW_DWN,solar_kwh_m2_day,15.6587,1.115,13.59,18.08,30,15.66,12.3456
Uttar Pradesh,42571,Satna,24.57,80.83,1996,2025,11,NOV,PRECTOTCORR,rainfall_mm,0.2267,0.4788,0,1.97,30,0.23,12.1209
Uttar Pradesh,42571,Satna,24.57,80.83,1996,2025,11,NOV,RH2M,humidity_pct,60.375,10.0377,30.35,78.56,30,60.38,84.3591
Uttar Pradesh,42571,Satna,24.57,80.83,1996,2025,11,NOV,T2M,temp_mean_c,19.9873,1.2926,17.44,22.96,30,19.99,27.8236
Uttar Pradesh,42571,Satna,24.57,80.83,1996,2025,11,NOV,T2M_MAX,temp_max_c,29.8413,1.6575,27.46,34.39,30,34.39,31.3827
Uttar Pradesh,42571,Satna,24.57,80.83,1996,2025,11,NOV,T2M_MIN,temp_min_c,10.2423,1.24,8.21,13.29,30,8.21,25.0818
Uttar Pradesh,42571,Satna,24.57,80.83,1996,2025,11,NOV,WS10M,wind_speed_ms,2.1103,0.2152,1.59,2.62,30,2.11,2.5691
Uttar Pradesh,42571,Satna,24.57,80.83,1996,2025,12,DEC,ALLSKY_SFC_SW_DWN,solar_kwh_m2_day,13.9053,1.2327,10.68,16.09,30,13.91,12.3456
Uttar Pradesh,42571,Satna,24.57,80.83,1996,2025,12,DEC,PRECTOTCORR,rainfall_mm,0.2697,0.4588,0,2.27,30,0.27,12.1209
Uttar Pradesh,42571,Satna,24.57,80.83,1996,2025,12,DEC,RH2M,humidity_pct,54.8383,13.5745,21.79,80.44,30,54.84,84.3591
Uttar Pradesh,42571,Satna,24.57,80.83,1996,2025,12,DEC,T2M,temp_mean_c,16.3713,1.2193,13.87,19.13,30,16.37,27.8236
Uttar Pradesh,42571,Satna,24.57,80.83,1996,2025,12,DEC,T2M_MAX,temp_max_c,27.9213,1.8051,23.78,31.64,30,31.64,31.3827
Uttar Pradesh,42571,Satna,24.57,80.83,1996,2025,12,DEC,T2M_MIN,temp_min_c,6.1537,1.8377,1.01,9.57,30,1.01,25.0818
Uttar Pradesh,42571,Satna,24.57,80.83,1996,2025,12,DEC,WS10M,wind_speed_ms,2.2817,0.1685,1.97,2.65,30,2.28,2.5691
Uttar Pradesh,42266,Shahjahanpur,27.88,79.9,1996,2025,0,ANNUAL,ALLSKY_SFC_SW_DWN,solar_kwh_m2_day,17.4387,0.7094,16.28,18.81,30,,15.0011
Uttar Pradesh,42266,Shahjahanpur,27.88,79.9,1996,2025,0,ANNUAL,PRECTOTCORR,rainfall_mm,2.8563,0.5758,1.83,4.17,30,,10.5318
Uttar Pradesh,42266,Shahjahanpur,27.88,79.9,1996,2025,0,ANNUAL,RH2M,humidity_pct,51.944,5.2735,41.7,60.85,30,,84.6791
Uttar Pradesh,42266,Shahjahanpur,27.88,79.9,1996,2025,0,ANNUAL,T2M,temp_mean_c,25.3837,0.5267,24.33,26.48,30,,29.2918
Uttar Pradesh,42266,Shahjahanpur,27.88,79.9,1996,2025,0,ANNUAL,T2M_MAX,temp_max_c,46.5987,1.2287,43.82,48.77,30,,32.9809
Uttar Pradesh,42266,Shahjahanpur,27.88,79.9,1996,2025,0,ANNUAL,T2M_MIN,temp_min_c,3.2513,0.9841,1.21,5.23,30,,26.5709
Uttar Pradesh,42266,Shahjahanpur,27.88,79.9,1996,2025,0,ANNUAL,WS10M,wind_speed_ms,2.9123,0.1564,2.59,3.39,30,,3.3064
Uttar Pradesh,42266,Shahjahanpur,27.88,79.9,1996,2025,1,JAN,ALLSKY_SFC_SW_DWN,solar_kwh_m2_day,10.7647,2.1048,6.54,14.8,30,10.76,15.0011
Uttar Pradesh,42266,Shahjahanpur,27.88,79.9,1996,2025,1,JAN,PRECTOTCORR,rainfall_mm,0.6203,0.5714,0,1.69,30,0.62,10.5318
Uttar Pradesh,42266,Shahjahanpur,27.88,79.9,1996,2025,1,JAN,RH2M,humidity_pct,49.7777,11.5006,31.11,76.23,30,49.78,84.6791
Uttar Pradesh,42266,Shahjahanpur,27.88,79.9,1996,2025,1,JAN,T2M,temp_mean_c,14.2307,1.0546,11.69,16.25,30,14.23,29.2918
Uttar Pradesh,42266,Shahjahanpur,27.88,79.9,1996,2025,1,JAN,T2M_MAX,temp_max_c,26.648,2.4733,22.11,32.02,30,32.02,32.9809
Uttar Pradesh,42266,Shahjahanpur,27.88,79.9,1996,2025,1,JAN,T2M_MIN,temp_min_c,3.7477,1.153,1.26,6.77,30,1.26,26.5709
Uttar Pradesh,42266,Shahjahanpur,27.88,79.9,1996,2025,1,JAN,WS10M,wind_speed_ms,2.8527,0.3196,2.19,3.43,30,2.85,3.3064
Uttar Pradesh,42266,Shahjahanpur,27.88,79.9,1996,2025,2,FEB,ALLSKY_SFC_SW_DWN,solar_kwh_m2_day,16.167,1.2995,12.99,18.3,30,16.17,15.0011
Uttar Pradesh,42266,Shahjahanpur,27.88,79.9,1996,2025,2,FEB,PRECTOTCORR,rainfall_mm,0.9633,1.4629,0,7.23,30,0.96,10.5318
Uttar Pradesh,42266,Shahjahanpur,27.88,79.9,1996,2025,2,FEB,RH2M,humidity_pct,43.6763,10.8298,25.27,68.89,30,43.68,84.6791
Uttar Pradesh,42266,Shahjahanpur,27.88,79.9,1996,2025,2,FEB,T2M,temp_mean_c,18.069,1.4554,14.84,21.48,30,18.07,29.2918
Uttar Pradesh,42266,Shahjahanpur,27.88,79.9,1996,2025,2,FEB,T2M_MAX,temp_max_c,31.895,2.2682,26.13,36.63,30,36.63,32.9809
Uttar Pradesh,42266,Shahjahanpur,27.88,79.9,1996,2025,2,FEB,T2M_MIN,temp_min_c,6.281,1.5649,2.91,9.02,30,2.91,26.5709
Uttar Pradesh,42266,Shahjahanpur,27.88,79.9,1996,2025,2,FEB,WS10M,wind_speed_ms,3.1827,0.2518,2.74,3.82,30,3.18,3.3064
Uttar Pradesh,42266,Shahjahanpur,27.88,79.9,1996,2025,3,MAR,ALLSKY_SFC_SW_DWN,solar_kwh_m2_day,20.8203,0.9975,18.21,22.94,30,20.82,15.0011
Uttar Pradesh,42266,Shahjahanpur,27.88,79.9,1996,2025,3,MAR,PRECTOTCORR,rainfall_mm,0.4823,0.7478,0,3.18,30,0.48,10.5318
Uttar Pradesh,42266,Shahjahanpur,27.88,79.9,1996,2025,3,MAR,RH2M,humidity_pct,32.9707,10.5149,16.86,57.81,30,32.97,84.6791
Uttar Pradesh,42266,Shahjahanpur,27.88,79.9,1996,2025,3,MAR,T2M,temp_mean_c,24.2857,1.3997,21.9,26.94,30,24.29,29.2918
Uttar Pradesh,42266,Shahjahanpur,27.88,79.9,1996,2025,3,MAR,T2M_MAX,temp_max_c,38.834,2.1897,35.38,43.12,30,43.12,32.9809
Uttar Pradesh,42266,Shahjahanpur,27.88,79.9,1996,2025,3,MAR,T2M_MIN,temp_min_c,10.605,2.195,6.38,14.97,30,6.38,26.5709
Uttar Pradesh,42266,Shahjahanpur,27.88,79.9,1996,2025,3,MAR,WS10M,wind_speed_ms,3.4613,0.3816,2.87,4.27,30,3.46,3.3064
Uttar Pradesh,42266,Shahjahanpur,27.88,79.9,1996,2025,4,APR,ALLSKY_SFC_SW_DWN,solar_kwh_m2_day,23.8083,0.8282,22.19,25.37,30,23.81,15.0011
Uttar Pradesh,42266,Shahjahanpur,27.88,79.9,1996,2025,4,APR,PRECTOTCORR,rainfall_mm,0.4927,0.5145,0,2.32,30,0.49,10.5318
Uttar Pradesh,42266,Shahjahanpur,27.88,79.9,1996,2025,4,APR,RH2M,humidity_pct,22.818,7.6404,8.43,42.09,30,22.82,84.6791
Uttar Pradesh,42266,Shahjahanpur,27.88,79.9,1996,2025,4,APR,T2M,temp_mean_c,30.888,1.3648,28.34,33.44,30,30.89,29.2918
Uttar Pradesh,42266,Shahjahanpur,27.88,79.9,1996,2025,4,APR,T2M_MAX,temp_max_c,43.8947,1.4883,40.81,47.03,30,47.03,32.9809
Uttar Pradesh,42266,Shahjahanpur,27.88,79.9,1996,2025,4,APR,T2M_MIN,temp_min_c,17.3827,1.7572,12.52,21.54,30,12.52,26.5709
Uttar Pradesh,42266,Shahjahanpur,27.88,79.9,1996,2025,4,APR,WS10M,wind_speed_ms,3.5363,0.4233,2.87,4.46,30,3.54,3.3064
Uttar Pradesh,42266,Shahjahanpur,27.88,79.9,1996,2025,5,MAY,ALLSKY_SFC_SW_DWN,solar_kwh_m2_day,23.9467,1.2471,20.79,26.7,30,23.95,15.0011
Uttar Pradesh,42266,Shahjahanpur,27.88,79.9,1996,2025,5,MAY,PRECTOTCORR,rainfall_mm,1.141,0.9496,0.07,4.03,30,1.14,10.5318
Uttar Pradesh,42266,Shahjahanpur,27.88,79.9,1996,2025,5,MAY,RH2M,humidity_pct,26.0957,7.4153,14.8,43.17,30,26.1,84.6791
Uttar Pradesh,42266,Shahjahanpur,27.88,79.9,1996,2025,5,MAY,T2M,temp_mean_c,34.5793,1.277,31.29,36.21,30,34.58,29.2918
Uttar Pradesh,42266,Shahjahanpur,27.88,79.9,1996,2025,5,MAY,T2M_MAX,temp_max_c,45.9523,1.4268,42.18,48.01,30,48.01,32.9809
Uttar Pradesh,42266,Shahjahanpur,27.88,79.9,1996,2025,5,MAY,T2M_MIN,temp_min_c,22.881,2.0484,17.62,25.59,30,17.62,26.5709
Uttar Pradesh,42266,Shahjahanpur,27.88,79.9,1996,2025,5,MAY,WS10M,wind_speed_ms,3.3353,0.3741,2.66,4.13,30,3.34,3.3064
Uttar Pradesh,42266,Shahjahanpur,27.88,79.9,1996,2025,6,JUN,ALLSKY_SFC_SW_DWN,solar_kwh_m2_day,21.2707,1.7125,17.17,24.49,30,21.27,15.0011
Uttar Pradesh,42266,Shahjahanpur,27.88,79.9,1996,2025,6,JUN,PRECTOTCORR,rainfall_mm,4.312,3.0684,0.5,12.93,30,4.31,10.5318
Uttar Pradesh,42266,Shahjahanpur,27.88,79.9,1996,2025,6,JUN,RH2M,humidity_pct,40.8143,11.9888,23.03,67.71,30,40.81,84.6791
Uttar Pradesh,42266,Shahjahanpur,27.88,79.9,1996,2025,6,JUN,T2M,temp_mean_c,35.1403,2.0324,30.86,38.2,30,35.14,29.2918
Uttar Pradesh,42266,Shahjahanpur,27.88,79.9,1996,2025,6,JUN,T2M_MAX,temp_max_c,45.6663,2.1449,41.58,48.77,30,48.77,32.9809
Uttar Pradesh,42266,Shahjahanpur,27.88,79.9,1996,2025,6,JUN,T2M_MIN,temp_min_c,26.0167,1.3836,23.67,28.87,30,23.67,26.5709
Uttar Pradesh,42266,Shahjahanpur,27.88,79.9,1996,2025,6,JUN,WS10M,wind_speed_ms,3.4643,0.5433,2.43,4.72,30,3.46,3.3064
Uttar Pradesh,42266,Shahjahanpur,27.88,79.9,1996,2025,7,JUL,ALLSKY_SFC_SW_DWN,solar_kwh_m2_day,17.1807,1.2991,14.86,19.6,30,17.18,15.0011
Uttar Pradesh,42266,Shahjahanpur,27.88,79.9,1996,2025,7,JUL,PRECTOTCORR,rainfall_mm,10.311,3.8123,1.4,16.7,30,10.31,10.5318
Uttar Pradesh,42266,Shahjahanpur,27.88,79.9,1996,2025,7,JUL,RH2M,humidity_pct,72.4457,10.4087,31.83,84.96,30,72.45,84.6791
Uttar Pradesh,42266,Shahjahanpur,27.88,79.9,1996,2025,7,JUL,T2M,temp_mean_c,30.9323,1.6766,28.89,37.62,30,30.93,29.2918
Uttar Pradesh,42266,Shahjahanpur,27.88,79.9,1996,2025,7,JUL,T2M_MAX,temp_max_c,39.8533,3.0167,34.18,46.09,30,46.09,32.9809
Uttar Pradesh,42266,Shahjahanpur,27.88,79.9,1996,2025,7,JUL,T2M_MIN,temp_min_c,25.2127,0.7758,23.99,27.78,30,23.99,26.5709
Uttar Pradesh,42266,Shahjahanpur,27.88,79.9,1996,2025,7,JUL,WS10M,wind_speed_ms,3.058,0.3895,2.29,4.17,30,3.06,3.3064
Uttar Pradesh,42266,Shahjahanpur,27.88,79.9,1996,2025,8,AUG,ALLSKY_SFC_SW_DWN,solar_kwh_m2_day,17.2493,1.7565,13.7,20.21,30,17.25,15.0011
Uttar Pradesh,42266,Shahjahanpur,27.88,79.9,1996,2025,8,AUG,PRECTOTCORR,rainfall_mm,8.397,3.39,3.74,15.25,30,8.4,10.5318
Uttar Pradesh,42266,Shahjahanpur,27.88,79.9,1996,2025,8,AUG,RH2M,humidity_pct,81.5227,5.7582,69.04,88.18,30,81.52,84.6791
Uttar Pradesh,42266,Shahjahanpur,27.88,79.9,1996,2025,8,AUG,T2M,temp_mean_c,29.097,0.7228,28.1,30.64,30,29.1,29.2918
Uttar Pradesh,42266,Shahjahanpur,27.88,79.9,1996,2025,8,AUG,T2M_MAX,temp_max_c,35.443,2.0487,33.02,41.35,30,41.35,32.9809
Uttar Pradesh,42266,Shahjahanpur,27.88,79.9,1996,2025,8,AUG,T2M_MIN,temp_min_c,24.294,0.5009,23.45,25.61,30,23.45,26.5709
Uttar Pradesh,42266,Shahjahanpur,27.88,79.9,1996,2025,8,AUG,WS10M,wind_speed_ms,2.7803,0.374,2.11,3.57,30,2.78,3.3064
Uttar Pradesh,42266,Shahjahanpur,27.88,79.9,1996,2025,9,SEP,ALLSKY_SFC_SW_DWN,solar_kwh_m2_day,17.2253,1.8288,12.78,20.07,30,17.22,15.0011
Uttar Pradesh,42266,Shahjahanpur,27.88,79.9,1996,2025,9,SEP,PRECTOTCORR,rainfall_mm,5.759,3.3202,0.79,14.94,30,5.76,10.5318
Uttar Pradesh,42266,Shahjahanpur,27.88,79.9,1996,2025,9,SEP,RH2M,humidity_pct,79.7937,7.8715,60.1,90.4,30,79.79,84.6791
Uttar Pradesh,42266,Shahjahanpur,27.88,79.9,1996,2025,9,SEP,T2M,temp_mean_c,27.732,0.8402,26.26,29.43,30,27.73,29.2918
Uttar Pradesh,42266,Shahjahanpur,27.88,79.9,1996,2025,9,SEP,T2M_MAX,temp_max_c,34.376,1.8854,31.49,39.23,30,39.23,32.9809
Uttar Pradesh,42266,Shahjahanpur,27.88,79.9,1996,2025,9,SEP,T2M_MIN,temp_min_c,20.7407,1.5337,17.53,23.53,30,17.53,26.5709
Uttar Pradesh,42266,Shahjahanpur,27.88,79.9,1996,2025,9,SEP,WS10M,wind_speed_ms,2.5043,0.408,1.71,3.23,30,2.5,3.3064
Uttar Pradesh,42266,Shahjahanpur,27.88,79.9,1996,2025,10,OCT,ALLSKY_SFC_SW_DWN,solar_kwh_m2_day,16.7167,1.0082,14.46,18.34,30,16.72,15.0011
Uttar Pradesh,42266,Shahjahanpur,27.88,79.9,1996,2025,10,OCT,PRECTOTCORR,rainfall_mm,1.2183,1.7518,0,6.97,30,1.22,10.5318
Uttar Pradesh,42266,Shahjahanpur,27.88,79.9,1996,2025,10,OCT,RH2M,humidity_pct,65.5497,11.638,41.44,81.57,30,65.55,84.6791
Uttar Pradesh,42266,Shahjahanpur,27.88,79.9,1996,2025,10,OCT,T2M,temp_mean_c,24.507,1.2687,21.99,26.98,30,24.51,29.2918
Uttar Pradesh,42266,Shahjahanpur,27.88,79.9,1996,2025,10,OCT,T2M_MAX,temp_max_c,33.214,1.9559,30.85,36.77,30,36.77,32.9809
Uttar Pradesh,42266,Shahjahanpur,27.88,79.9,1996,2025,10,OCT,T2M_MIN,temp_min_c,14.538,1.5059,11.01,17.58,30,11.01,26.5709
Uttar Pradesh,42266,Shahjahanpur,27.88,79.9,1996,2025,10,OCT,WS10M,wind_speed_ms,2.0013,0.2714,1.55,2.58,30,2,3.3064
Uttar Pradesh,42266,Shahjahanpur,27.88,79.9,1996,2025,11,NOV,ALLSKY_SFC_SW_DWN,solar_kwh_m2_day,13.284,1.2118,11.09,16.28,30,13.28,15.0011
Uttar Pradesh,42266,Shahjahanpur,27.88,79.9,1996,2025,11,NOV,PRECTOTCORR,rainfall_mm,0.1073,0.1924,0,0.65,30,0.11,10.5318
Uttar Pradesh,42266,Shahjahanpur,27.88,79.9,1996,2025,11,NOV,RH2M,humidity_pct,55.757,13.2994,33.68,78.26,30,55.76,84.6791
Uttar Pradesh,42266,Shahjahanpur,27.88,79.9,1996,2025,11,NOV,T2M,temp_mean_c,19.6037,1.4725,16.64,22.34,30,19.6,29.2918
Uttar Pradesh,42266,Shahjahanpur,27.88,79.9,1996,2025,11,NOV,T2M_MAX,temp_max_c,30.2077,2.0088,26.78,34.66,30,34.66,32.9809
Uttar Pradesh,42266,Shahjahanpur,27.88,79.9,1996,2025,11,NOV,T2M_MIN,temp_min_c,9.2913,1.3843,7.05,12.08,30,7.05,26.5709
Uttar Pradesh,42266,Shahjahanpur,27.88,79.9,1996,2025,11,NOV,WS10M,wind_speed_ms,2.2917,0.4422,1.47,3.64,30,2.29,3.3064
Uttar Pradesh,42266,Shahjahanpur,27.88,79.9,1996,2025,12,DEC,ALLSKY_SFC_SW_DWN,solar_kwh_m2_day,10.9103,1.1911,7.77,13.67,30,10.91,15.0011
Uttar Pradesh,42266,Shahjahanpur,27.88,79.9,1996,2025,12,DEC,PRECTOTCORR,rainfall_mm,0.2817,0.5133,0,2.15,30,0.28,10.5318
Uttar Pradesh,42266,Shahjahanpur,27.88,79.9,1996,2025,12,DEC,RH2M,humidity_pct,51.1293,12.3175,30.58,71.16,30,51.13,84.6791
Uttar Pradesh,42266,Shahjahanpur,27.88,79.9,1996,2025,12,DEC,T2M,temp_mean_c,15.281,1.0645,13.41,16.96,30,15.28,29.2918
Uttar Pradesh,42266,Shahjahanpur,27.88,79.9,1996,2025,12,DEC,T2M_MAX,temp_max_c,27.1313,1.7678,24.45,30.74,30,30.74,32.9809
Uttar Pradesh,42266,Shahjahanpur,27.88,79.9,1996,2025,12,DEC,T2M_MIN,temp_min_c,4.5987,1.4788,1.21,7.26,30,1.21,26.5709
Uttar Pradesh,42266,Shahjahanpur,27.88,79.9,1996,2025,12,DEC,WS10M,wind_speed_ms,2.51,0.4339,1.9,3.56,30,2.51,3.3064
Uttar Pradesh,42459,Shivpuri,25.33,77.65,1996,2025,0,ANNUAL,ALLSKY_SFC_SW_DWN,solar_kwh_m2_day,18.9663,0.711,17.32,20.22,30,,9.11
Uttar Pradesh,42459,Shivpuri,25.33,77.65,1996,2025,0,ANNUAL,PRECTOTCORR,rainfall_mm,2.176,0.6389,0.75,3.94,30,,9.76
Uttar Pradesh,42459,Shivpuri,25.33,77.65,1996,2025,0,ANNUAL,RH2M,humidity_pct,48.3587,5.4903,33.67,57.64,30,,84.5682
Uttar Pradesh,42459,Shivpuri,25.33,77.65,1996,2025,0,ANNUAL,T2M,temp_mean_c,25.401,0.5803,24.34,26.5,30,,27.6173
Uttar Pradesh,42459,Shivpuri,25.33,77.65,1996,2025,0,ANNUAL,T2M_MAX,temp_max_c,45.8303,1.0857,43.35,47.83,30,,31.2009
Uttar Pradesh,42459,Shivpuri,25.33,77.65,1996,2025,0,ANNUAL,T2M_MIN,temp_min_c,4.1473,1.5468,0.68,7.74,30,,24.8291
Uttar Pradesh,42459,Shivpuri,25.33,77.65,1996,2025,0,ANNUAL,WS10M,wind_speed_ms,3.2337,0.129,3.04,3.58,30,,3.5445
Uttar Pradesh,42459,Shivpuri,25.33,77.65,1996,2025,1,JAN,ALLSKY_SFC_SW_DWN,solar_kwh_m2_day,14.5803,1.3646,11.42,16.45,30,14.58,9.11
Uttar Pradesh,42459,Shivpuri,25.33,77.65,1996,2025,1,JAN,PRECTOTCORR,rainfall_mm,0.3007,0.3756,0,1.26,30,0.3,9.76
Uttar Pradesh,42459,Shivpuri,25.33,77.65,1996,2025,1,JAN,RH2M,humidity_pct,41.7977,12.8163,24.18,64.51,30,41.8,84.5682
Uttar Pradesh,42459,Shivpuri,25.33,77.65,1996,2025,1,JAN,T2M,temp_mean_c,15.6447,1.257,13.62,17.71,30,15.64,27.6173
Uttar Pradesh,42459,Shivpuri,25.33,77.65,1996,2025,1,JAN,T2M_MAX,temp_max_c,29.395,2.1613,24.94,33.09,30,33.09,31.2009
Uttar Pradesh,42459,Shivpuri,25.33,77.65,1996,2025,1,JAN,T2M_MIN,temp_min_c,4.6173,1.7093,0.68,7.81,30,0.68,24.8291
Uttar Pradesh,42459,Shivpuri,25.33,77.65,1996,2025,1,JAN,WS10M,wind_speed_ms,2.669,0.1394,2.4,3.06,30,2.67,3.5445
Uttar Pradesh,42459,Shivpuri,25.33,77.65,1996,2025,2,FEB,ALLSKY_SFC_SW_DWN,solar_kwh_m2_day,18.467,1.0969,16.17,20.26,30,18.47,9.11
Uttar Pradesh,42459,Shivpuri,25.33,77.65,1996,2025,2,FEB,PRECTOTCORR,rainfall_mm,0.3607,0.5597,0,2.02,30,0.36,9.76
Uttar Pradesh,42459,Shivpuri,25.33,77.65,1996,2025,2,FEB,RH2M,humidity_pct,33.5733,9.9119,17.61,56.12,30,33.57,84.5682
Uttar Pradesh,42459,Shivpuri,25.33,77.65,1996,2025,2,FEB,T2M,temp_mean_c,19.421,1.4884,16.87,23.95,30,19.42,27.6173
Uttar Pradesh,42459,Shivpuri,25.33,77.65,1996,2025,2,FEB,T2M_MAX,temp_max_c,33.9947,1.598,29.51,37.29,30,37.29,31.2009
Uttar Pradesh,42459,Shivpuri,25.33,77.65,1996,2025,2,FEB,T2M_MIN,temp_min_c,6.565,1.8421,3.48,11.74,30,3.48,24.8291
Uttar Pradesh,42459,Shivpuri,25.33,77.65,1996,2025,2,FEB,WS10M,wind_speed_ms,2.9593,0.1524,2.74,3.28,30,2.96,3.5445
Uttar Pradesh,42459,Shivpuri,25.33,77.65,1996,2025,3,MAR,ALLSKY_SFC_SW_DWN,solar_kwh_m2_day,22.354,1.0941,19.25,24.42,30,22.35,9.11
Uttar Pradesh,42459,Shivpuri,25.33,77.65,1996,2025,3,MAR,PRECTOTCORR,rainfall_mm,0.2907,0.5467,0,2.73,30,0.29,9.76
Uttar Pradesh,42459,Shivpuri,25.33,77.65,1996,2025,3,MAR,RH2M,humidity_pct,25.868,9.5069,13.91,52,30,25.87,84.5682
Uttar Pradesh,42459,Shivpuri,25.33,77.65,1996,2025,3,MAR,T2M,temp_mean_c,25.157,1.517,22.05,27.65,30,25.16,27.6173
Uttar Pradesh,42459,Shivpuri,25.33,77.65,1996,2025,3,MAR,T2M_MAX,temp_max_c,39.4327,1.907,35.78,42.54,30,42.54,31.2009
Uttar Pradesh,42459,Shivpuri,25.33,77.65,1996,2025,3,MAR,T2M_MIN,temp_min_c,11.06,2.6591,5.9,15.91,30,5.9,24.8291
Uttar Pradesh,42459,Shivpuri,25.33,77.65,1996,2025,3,MAR,WS10M,wind_speed_ms,3.15,0.2507,2.54,3.52,30,3.15,3.5445
Uttar Pradesh,42459,Shivpuri,25.33,77.65,1996,2025,4,APR,ALLSKY_SFC_SW_DWN,solar_kwh_m2_day,25.3337,1.0246,22.59,26.93,30,25.33,9.11
Uttar Pradesh,42459,Shivpuri,25.33,77.65,1996,2025,4,APR,PRECTOTCORR,rainfall_mm,0.177,0.2054,0,0.79,30,0.18,9.76
Uttar Pradesh,42459,Shivpuri,25.33,77.65,1996,2025,4,APR,RH2M,humidity_pct,19.218,5.7357,9.48,39.29,30,19.22,84.5682
Uttar Pradesh,42459,Shivpuri,25.33,77.65,1996,2025,4,APR,T2M,temp_mean_c,31.064,1.2021,28.49,33.72,30,31.06,27.6173
Uttar Pradesh,42459,Shivpuri,25.33,77.65,1996,2025,4,APR,T2M_MAX,temp_max_c,43.358,1.1361,40.88,44.82,30,44.82,31.2009
Uttar Pradesh,42459,Shivpuri,25.33,77.65,1996,2025,4,APR,T2M_MIN,temp_min_c,17.559,1.8778,12.6,21,30,12.6,24.8291
Uttar Pradesh,42459,Shivpuri,25.33,77.65,1996,2025,4,APR,WS10M,wind_speed_ms,3.499,0.3142,2.92,4.26,30,3.5,3.5445
Uttar Pradesh,42459,Shivpuri,25.33,77.65,1996,2025,5,MAY,ALLSKY_SFC_SW_DWN,solar_kwh_m2_day,25.5173,1.2318,21.66,27.72,30,25.52,9.11
Uttar Pradesh,42459,Shivpuri,25.33,77.65,1996,2025,5,MAY,PRECTOTCORR,rainfall_mm,0.5413,0.5162,0.03,2.42,30,0.54,9.76
Uttar Pradesh,42459,Shivpuri,25.33,77.65,1996,2025,5,MAY,RH2M,humidity_pct,23.1427,5.2512,14.98,35.77,30,23.14,84.5682
Uttar Pradesh,42459,Shivpuri,25.33,77.65,1996,2025,5,MAY,T2M,temp_mean_c,34.724,1.1092,31.75,36.09,30,34.72,27.6173
Uttar Pradesh,42459,Shivpuri,25.33,77.65,1996,2025,5,MAY,T2M_MAX,temp_max_c,45.4777,1.1214,43.03,47.83,30,47.83,31.2009
Uttar Pradesh,42459,Shivpuri,25.33,77.65,1996,2025,5,MAY,T2M_MIN,temp_min_c,22.8313,2.155,18.05,26.23,30,18.05,24.8291
Uttar Pradesh,42459,Shivpuri,25.33,77.65,1996,2025,5,MAY,WS10M,wind_speed_ms,4.232,0.4465,3.38,5.26,30,4.23,3.5445
Uttar Pradesh,42459,Shivpuri,25.33,77.65,1996,2025,6,JUN,ALLSKY_SFC_SW_DWN,solar_kwh_m2_day,21.9573,1.7607,17.08,24.9,30,21.96,9.11
Uttar Pradesh,42459,Shivpuri,25.33,77.65,1996,2025,6,JUN,PRECTOTCORR,rainfall_mm,3.4787,2.8009,0.48,11.33,30,3.48,9.76
Uttar Pradesh,42459,Shivpuri,25.33,77.65,1996,2025,6,JUN,RH2M,humidity_pct,43.841,8.8501,30.9,67.85,30,43.84,84.5682
Uttar Pradesh,42459,Shivpuri,25.33,77.65,1996,2025,6,JUN,T2M,temp_mean_c,33.8217,1.5012,29.74,36.19,30,33.82,27.6173
Uttar Pradesh,42459,Shivpuri,25.33,77.65,1996,2025,6,JUN,T2M_MAX,temp_max_c,44.862,1.4768,41.79,47.61,30,47.61,31.2009
Uttar Pradesh,42459,Shivpuri,25.33,77.65,1996,2025,6,JUN,T2M_MIN,temp_min_c,24.6533,1.307,21.43,27.03,30,21.43,24.8291
Uttar Pradesh,42459,Shivpuri,25.33,77.65,1996,2025,6,JUN,WS10M,wind_speed_ms,4.44,0.5387,3.52,5.77,30,4.44,3.5445
Uttar Pradesh,42459,Shivpuri,25.33,77.65,1996,2025,7,JUL,ALLSKY_SFC_SW_DWN,solar_kwh_m2_day,16.81,1.8168,12.48,20.8,30,16.81,9.11
Uttar Pradesh,42459,Shivpuri,25.33,77.65,1996,2025,7,JUL,PRECTOTCORR,rainfall_mm,8.0283,3.7338,0.7,21.03,30,8.03,9.76
Uttar Pradesh,42459,Shivpuri,25.33,77.65,1996,2025,7,JUL,RH2M,humidity_pct,74.1917,9.1295,44.28,88.69,30,74.19,84.5682
Uttar Pradesh,42459,Shivpuri,25.33,77.65,1996,2025,7,JUL,T2M,temp_mean_c,29.1703,1.4327,27.03,33.8,30,29.17,27.6173
Uttar Pradesh,42459,Shivpuri,25.33,77.65,1996,2025,7,JUL,T2M_MAX,temp_max_c,38.314,3.3205,32.44,44.73,30,44.73,31.2009
Uttar Pradesh,42459,Shivpuri,25.33,77.65,1996,2025,7,JUL,T2M_MIN,temp_min_c,23.6127,0.6621,22,25.36,30,22,24.8291
Uttar Pradesh,42459,Shivpuri,25.33,77.65,1996,2025,7,JUL,WS10M,wind_speed_ms,4.018,0.6451,2.87,5.89,30,4.02,3.5445
Uttar Pradesh,42459,Shivpuri,25.33,77.65,1996,2025,8,AUG,ALLSKY_SFC_SW_DWN,solar_kwh_m2_day,16.105,1.8029,12.56,19.76,30,16.11,9.11
Uttar Pradesh,42459,Shivpuri,25.33,77.65,1996,2025,8,AUG,PRECTOTCORR,rainfall_mm,7.356,2.4851,1.39,12.69,30,7.36,9.76
Uttar Pradesh,42459,Shivpuri,25.33,77.65,1996,2025,8,AUG,RH2M,humidity_pct,83.491,4.4763,71.34,89,30,83.49,84.5682
Uttar Pradesh,42459,Shivpuri,25.33,77.65,1996,2025,8,AUG,T2M,temp_mean_c,27.1907,0.6944,26.24,29.03,30,27.19,27.6173
Uttar Pradesh,42459,Shivpuri,25.33,77.65,1996,2025,8,AUG,T2M_MAX,temp_max_c,33.5443,2.2476,31.34,41.28,30,41.28,31.2009
Uttar Pradesh,42459,Shivpuri,25.33,77.65,1996,2025,8,AUG,T2M_MIN,temp_min_c,22.5823,0.6367,21.27,23.62,30,21.27,24.8291
Uttar Pradesh,42459,Shivpuri,25.33,77.65,1996,2025,8,AUG,WS10M,wind_speed_ms,3.5837,0.4591,2.56,4.47,30,3.58,3.5445
Uttar Pradesh,42459,Shivpuri,25.33,77.65,1996,2025,9,SEP,ALLSKY_SFC_SW_DWN,solar_kwh_m2_day,18.463,2.0547,14.47,21.56,30,18.46,9.11
Uttar Pradesh,42459,Shivpuri,25.33,77.65,1996,2025,9,SEP,PRECTOTCORR,rainfall_mm,4.149,2.2892,0.49,10.97,30,4.15,9.76
Uttar Pradesh,42459,Shivpuri,25.33,77.65,1996,2025,9,SEP,RH2M,humidity_pct,79.566,7.2697,56.15,88.21,30,79.57,84.5682
Uttar Pradesh,42459,Shivpuri,25.33,77.65,1996,2025,9,SEP,T2M,temp_mean_c,26.4333,0.9254,24.8,29.31,30,26.43,27.6173
Uttar Pradesh,42459,Shivpuri,25.33,77.65,1996,2025,9,SEP,T2M_MAX,temp_max_c,33.679,2.2928,31.15,39.23,30,39.23,31.2009
Uttar Pradesh,42459,Shivpuri,25.33,77.65,1996,2025,9,SEP,T2M_MIN,temp_min_c,19.658,1.4013,16.9,22.34,30,16.9,24.8291
Uttar Pradesh,42459,Shivpuri,25.33,77.65,1996,2025,9,SEP,WS10M,wind_speed_ms,3.0127,0.3945,2.49,4.23,30,3.01,3.5445
Uttar Pradesh,42459,Shivpuri,25.33,77.65,1996,2025,10,OCT,ALLSKY_SFC_SW_DWN,solar_kwh_m2_day,18.6103,1.1631,15.17,20.08,30,18.61,9.11
Uttar Pradesh,42459,Shivpuri,25.33,77.65,1996,2025,10,OCT,PRECTOTCORR,rainfall_mm,0.7923,1.0034,0,3.53,30,0.79,9.76
Uttar Pradesh,42459,Shivpuri,25.33,77.65,1996,2025,10,OCT,RH2M,humidity_pct,61.6297,11.8215,25.68,78.86,30,61.63,84.5682
Uttar Pradesh,42459,Shivpuri,25.33,77.65,1996,2025,10,OCT,T2M,temp_mean_c,24.423,1.3226,22.38,27.97,30,24.42,27.6173
Uttar Pradesh,42459,Shivpuri,25.33,77.65,1996,2025,10,OCT,T2M_MAX,temp_max_c,33.427,2.4707,29.99,39.55,30,39.55,31.2009
Uttar Pradesh,42459,Shivpuri,25.33,77.65,1996,2025,10,OCT,T2M_MIN,temp_min_c,14.711,1.2061,12.17,16.92,30,12.17,24.8291
Uttar Pradesh,42459,Shivpuri,25.33,77.65,1996,2025,10,OCT,WS10M,wind_speed_ms,2.4743,0.2308,1.94,2.9,30,2.47,3.5445
Uttar Pradesh,42459,Shivpuri,25.33,77.65,1996,2025,11,NOV,ALLSKY_SFC_SW_DWN,solar_kwh_m2_day,15.5327,1.4517,11.95,18.33,30,15.53,9.11
Uttar Pradesh,42459,Shivpuri,25.33,77.65,1996,2025,11,NOV,PRECTOTCORR,rainfall_mm,0.2373,0.5684,0,2.41,30,0.24,9.76
Uttar Pradesh,42459,Shivpuri,25.33,77.65,1996,2025,11,NOV,RH2M,humidity_pct,48.804,13.6941,22.27,71.29,30,48.8,84.5682
Uttar Pradesh,42459,Shivpuri,25.33,77.65,1996,2025,11,NOV,T2M,temp_mean_c,20.698,1.2878,17.41,22.66,30,20.7,27.6173
Uttar Pradesh,42459,Shivpuri,25.33,77.65,1996,2025,11,NOV,T2M_MAX,temp_max_c,31.9153,2.0367,27.97,36.69,30,36.69,31.2009
Uttar Pradesh,42459,Shivpuri,25.33,77.65,1996,2025,11,NOV,T2M_MIN,temp_min_c,10.486,1.3917,7.62,12.97,30,7.62,24.8291
Uttar Pradesh,42459,Shivpuri,25.33,77.65,1996,2025,11,NOV,WS10M,wind_speed_ms,2.329,0.1509,2.07,2.61,30,2.33,3.5445
Uttar Pradesh,42459,Shivpuri,25.33,77.65,1996,2025,12,DEC,ALLSKY_SFC_SW_DWN,solar_kwh_m2_day,13.9917,1.0603,11.71,16.33,30,13.99,9.11
Uttar Pradesh,42459,Shivpuri,25.33,77.65,1996,2025,12,DEC,PRECTOTCORR,rainfall_mm,0.2253,0.4361,0,1.94,30,0.23,9.76
Uttar Pradesh,42459,Shivpuri,25.33,77.65,1996,2025,12,DEC,RH2M,humidity_pct,43.8363,14.2667,18.69,71.56,30,43.84,84.5682
Uttar Pradesh,42459,Shivpuri,25.33,77.65,1996,2025,12,DEC,T2M,temp_mean_c,16.879,1.2971,14.35,18.98,30,16.88,27.6173
Uttar Pradesh,42459,Shivpuri,25.33,77.65,1996,2025,12,DEC,T2M_MAX,temp_max_c,28.9507,1.9468,25.05,31.61,30,31.61,31.2009
Uttar Pradesh,42459,Shivpuri,25.33,77.65,1996,2025,12,DEC,T2M_MIN,temp_min_c,6.127,1.7025,2.23,8.68,30,2.23,24.8291
Uttar Pradesh,42459,Shivpuri,25.33,77.65,1996,2025,12,DEC,WS10M,wind_speed_ms,2.4143,0.1524,2.1,2.74,30,2.41,3.5445
Uttar Pradesh,42377,Sultanpur,26.25,82,1996,2025,0,ANNUAL,ALLSKY_SFC_SW_DWN,solar_kwh_m2_day,17.0263,0.7281,15.44,18.12,30,,14.9189
Uttar Pradesh,42377,Sultanpur,26.25,82,1996,2025,0,ANNUAL,PRECTOTCORR,rainfall_mm,2.583,0.5296,1.95,3.93,30,,19.6282
Uttar Pradesh,42377,Sultanpur,26.25,82,1996,2025,0,ANNUAL,RH2M,humidity_pct,52.7987,5.0265,44.21,62.87,30,,85.3609
Uttar Pradesh,42377,Sultanpur,26.25,82,1996,2025,0,ANNUAL,T2M,temp_mean_c,25.9663,0.5503,24.51,26.91,30,,29.2145
Uttar Pradesh,42377,Sultanpur,26.25,82,1996,2025,0,ANNUAL,T2M_MAX,temp_max_c,47.109,1.1308,44.02,48.97,30,,32.8782
Uttar Pradesh,42377,Sultanpur,26.25,82,1996,2025,0,ANNUAL,T2M_MIN,temp_min_c,4.0007,1.267,1.41,6.3,30,,26.4736
Uttar Pradesh,42377,Sultanpur,26.25,82,1996,2025,0,ANNUAL,WS10M,wind_speed_ms,2.992,0.1142,2.7,3.2,30,,3.1955
Uttar Pradesh,42377,Sultanpur,26.25,82,1996,2025,1,JAN,ALLSKY_SFC_SW_DWN,solar_kwh_m2_day,10.5227,1.846,6.85,13.65,30,10.52,14.9189
Uttar Pradesh,42377,Sultanpur,26.25,82,1996,2025,1,JAN,PRECTOTCORR,rainfall_mm,0.4937,0.5676,0,2.07,30,0.49,19.6282
Uttar Pradesh,42377,Sultanpur,26.25,82,1996,2025,1,JAN,RH2M,humidity_pct,49.379,12.0406,30.19,78.92,30,49.38,85.3609
Uttar Pradesh,42377,Sultanpur,26.25,82,1996,2025,1,JAN,T2M,temp_mean_c,15.0563,1.1413,12.34,17.27,30,15.06,29.2145
Uttar Pradesh,42377,Sultanpur,26.25,82,1996,2025,1,JAN,T2M_MAX,temp_max_c,27.6067,2.3165,22.06,31.17,30,31.17,32.8782
Uttar Pradesh,42377,Sultanpur,26.25,82,1996,2025,1,JAN,T2M_MIN,temp_min_c,4.4417,1.322,1.41,7.08,30,1.41,26.4736
Uttar Pradesh,42377,Sultanpur,26.25,82,1996,2025,1,JAN,WS10M,wind_speed_ms,2.748,0.1949,2.22,3.13,30,2.75,3.1955
Uttar Pradesh,42377,Sultanpur,26.25,82,1996,2025,2,FEB,ALLSKY_SFC_SW_DWN,solar_kwh_m2_day,16.069,1.159,14.16,18.1,30,16.07,14.9189
Uttar Pradesh,42377,Sultanpur,26.25,82,1996,2025,2,FEB,PRECTOTCORR,rainfall_mm,0.5497,0.7472,0,3.23,30,0.55,19.6282
Uttar Pradesh,42377,Sultanpur,26.25,82,1996,2025,2,FEB,RH2M,humidity_pct,41.4583,10.4338,23.44,64.03,30,41.46,85.3609
Uttar Pradesh,42377,Sultanpur,26.25,82,1996,2025,2,FEB,T2M,temp_mean_c,19.1827,1.5034,15.63,22.87,30,19.18,29.2145
Uttar Pradesh,42377,Sultanpur,26.25,82,1996,2025,2,FEB,T2M_MAX,temp_max_c,33.1427,2.3416,26.86,38.1,30,38.1,32.8782
Uttar Pradesh,42377,Sultanpur,26.25,82,1996,2025,2,FEB,T2M_MIN,temp_min_c,6.8433,1.5976,4.04,9.79,30,4.04,26.4736
Uttar Pradesh,42377,Sultanpur,26.25,82,1996,2025,2,FEB,WS10M,wind_speed_ms,3.0913,0.2503,2.65,3.63,30,3.09,3.1955
Uttar Pradesh,42377,Sultanpur,26.25,82,1996,2025,3,MAR,ALLSKY_SFC_SW_DWN,solar_kwh_m2_day,20.6507,0.9812,17.87,22.52,30,20.65,14.9189
Uttar Pradesh,42377,Sultanpur,26.25,82,1996,2025,3,MAR,PRECTOTCORR,rainfall_mm,0.3277,0.4628,0,1.8,30,0.33,19.6282
Uttar Pradesh,42377,Sultanpur,26.25,82,1996,2025,3,MAR,RH2M,humidity_pct,29.9587,9.7884,13.91,55.89,30,29.96,85.3609
Uttar Pradesh,42377,Sultanpur,26.25,82,1996,2025,3,MAR,T2M,temp_mean_c,25.53,1.4169,22.58,27.88,30,25.53,29.2145
Uttar Pradesh,42377,Sultanpur,26.25,82,1996,2025,3,MAR,T2M_MAX,temp_max_c,39.9657,1.9885,35.65,43.82,30,43.82,32.8782
Uttar Pradesh,42377,Sultanpur,26.25,82,1996,2025,3,MAR,T2M_MIN,temp_min_c,11.4727,2.1482,7.95,16.65,30,7.95,26.4736
Uttar Pradesh,42377,Sultanpur,26.25,82,1996,2025,3,MAR,WS10M,wind_speed_ms,3.37,0.3107,2.81,4.29,30,3.37,3.1955
Uttar Pradesh,42377,Sultanpur,26.25,82,1996,2025,4,APR,ALLSKY_SFC_SW_DWN,solar_kwh_m2_day,23.4173,1.0021,20.65,25.04,30,23.42,14.9189
Uttar Pradesh,42377,Sultanpur,26.25,82,1996,2025,4,APR,PRECTOTCORR,rainfall_mm,0.3307,0.374,0,1.33,30,0.33,19.6282
Uttar Pradesh,42377,Sultanpur,26.25,82,1996,2025,4,APR,RH2M,humidity_pct,21.4733,7.0917,8.22,40.06,30,21.47,85.3609
Uttar Pradesh,42377,Sultanpur,26.25,82,1996,2025,4,APR,T2M,temp_mean_c,31.912,1.2644,29.43,34.24,30,31.91,29.2145
Uttar Pradesh,42377,Sultanpur,26.25,82,1996,2025,4,APR,T2M_MAX,temp_max_c,44.6153,1.4137,41.44,47.6,30,47.6,32.8782
Uttar Pradesh,42377,Sultanpur,26.25,82,1996,2025,4,APR,T2M_MIN,temp_min_c,18.6493,1.6941,15.39,22.53,30,15.39,26.4736
Uttar Pradesh,42377,Sultanpur,26.25,82,1996,2025,4,APR,WS10M,wind_speed_ms,3.492,0.379,2.76,4.56,30,3.49,3.1955
Uttar Pradesh,42377,Sultanpur,26.25,82,1996,2025,5,MAY,ALLSKY_SFC_SW_DWN,solar_kwh_m2_day,23.363,1.5858,17.9,25.23,30,23.36,14.9189
Uttar Pradesh,42377,Sultanpur,26.25,82,1996,2025,5,MAY,PRECTOTCORR,rainfall_mm,1.0837,1.1917,0,6.52,30,1.08,19.6282
Uttar Pradesh,42377,Sultanpur,26.25,82,1996,2025,5,MAY,RH2M,humidity_pct,26.583,6.7965,15.81,45.2,30,26.58,85.3609
Uttar Pradesh,42377,Sultanpur,26.25,82,1996,2025,5,MAY,T2M,temp_mean_c,35.34,1.1988,31.23,36.58,30,35.34,29.2145
Uttar Pradesh,42377,Sultanpur,26.25,82,1996,2025,5,MAY,T2M_MAX,temp_max_c,46.433,1.336,42.18,48.72,30,48.72,32.8782
Uttar Pradesh,42377,Sultanpur,26.25,82,1996,2025,5,MAY,T2M_MIN,temp_min_c,24.0217,1.7383,20.57,26.97,30,20.57,26.4736
Uttar Pradesh,42377,Sultanpur,26.25,82,1996,2025,5,MAY,WS10M,wind_speed_ms,3.4143,0.361,2.81,4.23,30,3.41,3.1955
Uttar Pradesh,42377,Sultanpur,26.25,82,1996,2025,6,JUN,ALLSKY_SFC_SW_DWN,solar_kwh_m2_day,20.5837,2.4269,15.55,23.86,30,20.58,14.9189
Uttar Pradesh,42377,Sultanpur,26.25,82,1996,2025,6,JUN,PRECTOTCORR,rainfall_mm,4.0487,2.7417,0.32,10.82,30,4.05,19.6282
Uttar Pradesh,42377,Sultanpur,26.25,82,1996,2025,6,JUN,RH2M,humidity_pct,42.8063,12.0134,24.07,72.66,30,42.81,85.3609
Uttar Pradesh,42377,Sultanpur,26.25,82,1996,2025,6,JUN,T2M,temp_mean_c,35.3493,2.111,30.43,38.82,30,35.35,29.2145
Uttar Pradesh,42377,Sultanpur,26.25,82,1996,2025,6,JUN,T2M_MAX,temp_max_c,45.8303,2.3243,39.96,48.97,30,48.97,32.8782
Uttar Pradesh,42377,Sultanpur,26.25,82,1996,2025,6,JUN,T2M_MIN,temp_min_c,26.8427,1.3433,23.4,29.63,30,23.4,26.4736
Uttar Pradesh,42377,Sultanpur,26.25,82,1996,2025,6,JUN,WS10M,wind_speed_ms,3.69,0.5088,2.7,4.73,30,3.69,3.1955
Uttar Pradesh,42377,Sultanpur,26.25,82,1996,2025,7,JUL,ALLSKY_SFC_SW_DWN,solar_kwh_m2_day,16.6383,1.4623,13.62,19.2,30,16.64,14.9189
Uttar Pradesh,42377,Sultanpur,26.25,82,1996,2025,7,JUL,PRECTOTCORR,rainfall_mm,8.9213,3.191,4.2,15.96,30,8.92,19.6282
Uttar Pradesh,42377,Sultanpur,26.25,82,1996,2025,7,JUL,RH2M,humidity_pct,73.631,9.301,44.63,88.3,30,73.63,85.3609
Uttar Pradesh,42377,Sultanpur,26.25,82,1996,2025,7,JUL,T2M,temp_mean_c,30.8703,1.4487,28.42,35.56,30,30.87,29.2145
Uttar Pradesh,42377,Sultanpur,26.25,82,1996,2025,7,JUL,T2M_MAX,temp_max_c,39.5203,2.8514,33.42,44.62,30,44.62,32.8782
Uttar Pradesh,42377,Sultanpur,26.25,82,1996,2025,7,JUL,T2M_MIN,temp_min_c,25.3977,0.5967,24.56,27.13,30,24.56,26.4736
Uttar Pradesh,42377,Sultanpur,26.25,82,1996,2025,7,JUL,WS10M,wind_speed_ms,3.5037,0.3698,2.86,4.25,30,3.5,3.1955
Uttar Pradesh,42377,Sultanpur,26.25,82,1996,2025,8,AUG,ALLSKY_SFC_SW_DWN,solar_kwh_m2_day,16.6323,1.4535,13.63,19.14,30,16.63,14.9189
Uttar Pradesh,42377,Sultanpur,26.25,82,1996,2025,8,AUG,PRECTOTCORR,rainfall_mm,7.6423,2.7175,3.56,12.83,30,7.64,19.6282
Uttar Pradesh,42377,Sultanpur,26.25,82,1996,2025,8,AUG,RH2M,humidity_pct,82.774,4.6399,72.13,89.41,30,82.77,85.3609
Uttar Pradesh,42377,Sultanpur,26.25,82,1996,2025,8,AUG,T2M,temp_mean_c,29.0893,0.6365,28.22,30.7,30,29.09,29.2145
Uttar Pradesh,42377,Sultanpur,26.25,82,1996,2025,8,AUG,T2M_MAX,temp_max_c,35.225,1.9598,32.89,39.69,30,39.69,32.8782
Uttar Pradesh,42377,Sultanpur,26.25,82,1996,2025,8,AUG,T2M_MIN,temp_min_c,24.461,0.5428,23.29,25.65,30,23.29,26.4736
Uttar Pradesh,42377,Sultanpur,26.25,82,1996,2025,8,AUG,WS10M,wind_speed_ms,3.1103,0.4163,2.53,4.04,30,3.11,3.1955
Uttar Pradesh,42377,Sultanpur,26.25,82,1996,2025,9,SEP,ALLSKY_SFC_SW_DWN,solar_kwh_m2_day,16.531,1.5093,12.3,19.43,30,16.53,14.9189
Uttar Pradesh,42377,Sultanpur,26.25,82,1996,2025,9,SEP,PRECTOTCORR,rainfall_mm,5.6553,2.718,0.76,12.89,30,5.66,19.6282
Uttar Pradesh,42377,Sultanpur,26.25,82,1996,2025,9,SEP,RH2M,humidity_pct,82.519,6.246,63.76,88.36,30,82.52,85.3609
Uttar Pradesh,42377,Sultanpur,26.25,82,1996,2025,9,SEP,T2M,temp_mean_c,27.902,0.6289,27.03,29.69,30,27.9,29.2145
Uttar Pradesh,42377,Sultanpur,26.25,82,1996,2025,9,SEP,T2M_MAX,temp_max_c,34.036,1.6692,32.02,39.29,30,39.29,32.8782
Uttar Pradesh,42377,Sultanpur,26.25,82,1996,2025,9,SEP,T2M_MIN,temp_min_c,21.7837,1.3145,19.46,23.92,30,19.46,26.4736
Uttar Pradesh,42377,Sultanpur,26.25,82,1996,2025,9,SEP,WS10M,wind_speed_ms,2.7993,0.296,2.3,3.59,30,2.8,3.1955
Uttar Pradesh,42377,Sultanpur,26.25,82,1996,2025,10,OCT,ALLSKY_SFC_SW_DWN,solar_kwh_m2_day,16.4167,1.1313,13.55,18.17,30,16.42,14.9189
Uttar Pradesh,42377,Sultanpur,26.25,82,1996,2025,10,OCT,PRECTOTCORR,rainfall_mm,1.426,1.5283,0.01,5.43,30,1.43,19.6282
Uttar Pradesh,42377,Sultanpur,26.25,82,1996,2025,10,OCT,RH2M,humidity_pct,70.3797,9.517,42.35,83.51,30,70.38,85.3609
Uttar Pradesh,42377,Sultanpur,26.25,82,1996,2025,10,OCT,T2M,temp_mean_c,24.9537,1.1324,22.59,27.96,30,24.95,29.2145
Uttar Pradesh,42377,Sultanpur,26.25,82,1996,2025,10,OCT,T2M_MAX,temp_max_c,33.0237,1.8498,29.86,38.85,30,38.85,32.8782
Uttar Pradesh,42377,Sultanpur,26.25,82,1996,2025,10,OCT,T2M_MIN,temp_min_c,15.0977,1.3933,11.5,17.76,30,11.5,26.4736
Uttar Pradesh,42377,Sultanpur,26.25,82,1996,2025,10,OCT,WS10M,wind_speed_ms,2.091,0.3285,1.56,2.89,30,2.09,3.1955
Uttar Pradesh,42377,Sultanpur,26.25,82,1996,2025,11,NOV,ALLSKY_SFC_SW_DWN,solar_kwh_m2_day,13.2397,1.0344,11.37,15.63,30,13.24,14.9189
Uttar Pradesh,42377,Sultanpur,26.25,82,1996,2025,11,NOV,PRECTOTCORR,rainfall_mm,0.1007,0.2051,0,0.93,30,0.1,19.6282
Uttar Pradesh,42377,Sultanpur,26.25,82,1996,2025,11,NOV,RH2M,humidity_pct,58.362,12.9536,35.99,80.75,30,58.36,85.3609
Uttar Pradesh,42377,Sultanpur,26.25,82,1996,2025,11,NOV,T2M,temp_mean_c,20.265,1.618,17.32,24.32,30,20.26,29.2145
Uttar Pradesh,42377,Sultanpur,26.25,82,1996,2025,11,NOV,T2M_MAX,temp_max_c,30.368,2.015,26.25,33.91,30,33.91,32.8782
Uttar Pradesh,42377,Sultanpur,26.25,82,1996,2025,11,NOV,T2M_MIN,temp_min_c,9.989,1.6935,7.44,14.24,30,7.44,26.4736
Uttar Pradesh,42377,Sultanpur,26.25,82,1996,2025,11,NOV,WS10M,wind_speed_ms,2.2013,0.3233,1.58,2.93,30,2.2,3.1955
Uttar Pradesh,42377,Sultanpur,26.25,82,1996,2025,12,DEC,ALLSKY_SFC_SW_DWN,solar_kwh_m2_day,10.3463,1.451,7.57,13.38,30,10.35,14.9189
Uttar Pradesh,42377,Sultanpur,26.25,82,1996,2025,12,DEC,PRECTOTCORR,rainfall_mm,0.2297,0.4469,0,2.25,30,0.23,19.6282
Uttar Pradesh,42377,Sultanpur,26.25,82,1996,2025,12,DEC,RH2M,humidity_pct,53.0797,13.072,31.35,78.88,30,53.08,85.3609
Uttar Pradesh,42377,Sultanpur,26.25,82,1996,2025,12,DEC,T2M,temp_mean_c,15.926,1.1505,13.12,17.78,30,15.93,29.2145
Uttar Pradesh,42377,Sultanpur,26.25,82,1996,2025,12,DEC,T2M_MAX,temp_max_c,27.6013,1.9425,23.6,32.79,30,32.79,32.8782
Uttar Pradesh,42377,Sultanpur,26.25,82,1996,2025,12,DEC,T2M_MIN,temp_min_c,5.4413,1.467,1.84,7.75,30,1.84,26.4736
Uttar Pradesh,42377,Sultanpur,26.25,82,1996,2025,12,DEC,WS10M,wind_speed_ms,2.4117,0.3456,1.73,3.34,30,2.41,3.1955
Uttar Pradesh,42679,Umaria,23.53,80.88,1996,2025,0,ANNUAL,ALLSKY_SFC_SW_DWN,solar_kwh_m2_day,18.4023,0.6151,16.91,19.62,30,,13.9622
Uttar Pradesh,42679,Umaria,23.53,80.88,1996,2025,0,ANNUAL,PRECTOTCORR,rainfall_mm,3.331,0.6369,2.13,4.95,30,,10.9555
Uttar Pradesh,42679,Umaria,23.53,80.88,1996,2025,0,ANNUAL,RH2M,humidity_pct,55.5053,3.8557,45.55,64.13,30,,86.5136
Uttar Pradesh,42679,Umaria,23.53,80.88,1996,2025,0,ANNUAL,T2M,temp_mean_c,24.881,0.4467,23.93,25.77,30,,26.5282
Uttar Pradesh,42679,Umaria,23.53,80.88,1996,2025,0,ANNUAL,T2M_MAX,temp_max_c,45.2753,1.1104,42.28,47.36,30,,30.18
Uttar Pradesh,42679,Umaria,23.53,80.88,1996,2025,0,ANNUAL,T2M_MIN,temp_min_c,4.8203,1.6302,1.62,8.15,30,,23.9118
Uttar Pradesh,42679,Umaria,23.53,80.88,1996,2025,0,ANNUAL,WS10M,wind_speed_ms,3.0573,0.13,2.77,3.35,30,,2.9618
Uttar Pradesh,42679,Umaria,23.53,80.88,1996,2025,1,JAN,ALLSKY_SFC_SW_DWN,solar_kwh_m2_day,15.0997,1.433,12.67,17.89,30,15.1,13.9622
Uttar Pradesh,42679,Umaria,23.53,80.88,1996,2025,1,JAN,PRECTOTCORR,rainfall_mm,0.616,0.6898,0,2.07,30,0.62,10.9555
Uttar Pradesh,42679,Umaria,23.53,80.88,1996,2025,1,JAN,RH2M,humidity_pct,48.7633,13.3168,24.77,69.87,30,48.76,86.5136
Uttar Pradesh,42679,Umaria,23.53,80.88,1996,2025,1,JAN,T2M,temp_mean_c,16.543,1.0728,14.5,18.88,30,16.54,26.5282
Uttar Pradesh,42679,Umaria,23.53,80.88,1996,2025,1,JAN,T2M_MAX,temp_max_c,30.0623,2.1175,25.2,34.05,30,34.05,30.18
Uttar Pradesh,42679,Umaria,23.53,80.88,1996,2025,1,JAN,T2M_MIN,temp_min_c,5.2717,1.6669,1.84,8.29,30,1.84,23.9118
Uttar Pradesh,42679,Umaria,23.53,80.88,1996,2025,1,JAN,WS10M,wind_speed_ms,2.67,0.1492,2.28,2.88,30,2.67,2.9618
Uttar Pradesh,42679,Umaria,23.53,80.88,1996,2025,2,FEB,ALLSKY_SFC_SW_DWN,solar_kwh_m2_day,18.849,1.0706,16.79,20.64,30,18.85,13.9622
Uttar Pradesh,42679,Umaria,23.53,80.88,1996,2025,2,FEB,PRECTOTCORR,rainfall_mm,0.6557,0.7707,0,2.61,30,0.66,10.9555
Uttar Pradesh,42679,Umaria,23.53,80.88,1996,2025,2,FEB,RH2M,humidity_pct,39.779,11.2007,18.77,59.42,30,39.78,86.5136
Uttar Pradesh,42679,Umaria,23.53,80.88,1996,2025,2,FEB,T2M,temp_mean_c,20.3287,1.4191,17.51,24,30,20.33,26.5282
Uttar Pradesh,42679,Umaria,23.53,80.88,1996,2025,2,FEB,T2M_MAX,temp_max_c,34.44,1.6696,30.17,38.19,30,38.19,30.18
Uttar Pradesh,42679,Umaria,23.53,80.88,1996,2025,2,FEB,T2M_MIN,temp_min_c,7.8353,2.0137,3.43,11.68,30,3.43,23.9118
Uttar Pradesh,42679,Umaria,23.53,80.88,1996,2025,2,FEB,WS10M,wind_speed_ms,2.8887,0.1982,2.49,3.31,30,2.89,2.9618
Uttar Pradesh,42679,Umaria,23.53,80.88,1996,2025,3,MAR,ALLSKY_SFC_SW_DWN,solar_kwh_m2_day,22.332,1.1952,19.18,24.69,30,22.33,13.9622
Uttar Pradesh,42679,Umaria,23.53,80.88,1996,2025,3,MAR,PRECTOTCORR,rainfall_mm,0.549,0.5763,0,2.03,30,0.55,10.9555
Uttar Pradesh,42679,Umaria,23.53,80.88,1996,2025,3,MAR,RH2M,humidity_pct,29.6763,11.5299,14.4,55.88,30,29.68,86.5136
Uttar Pradesh,42679,Umaria,23.53,80.88,1996,2025,3,MAR,T2M,temp_mean_c,25.6307,1.5035,22.41,28.21,30,25.63,26.5282
Uttar Pradesh,42679,Umaria,23.53,80.88,1996,2025,3,MAR,T2M_MAX,temp_max_c,39.5487,1.5357,37.07,42.62,30,42.62,30.18
Uttar Pradesh,42679,Umaria,23.53,80.88,1996,2025,3,MAR,T2M_MIN,temp_min_c,12.049,2.6044,6.4,16.81,30,6.4,23.9118
Uttar Pradesh,42679,Umaria,23.53,80.88,1996,2025,3,MAR,WS10M,wind_speed_ms,3.0137,0.2397,2.52,3.6,30,3.01,2.9618
Uttar Pradesh,42679,Umaria,23.53,80.88,1996,2025,4,APR,ALLSKY_SFC_SW_DWN,solar_kwh_m2_day,24.922,1.2462,22.04,26.95,30,24.92,13.9622
Uttar Pradesh,42679,Umaria,23.53,80.88,1996,2025,4,APR,PRECTOTCORR,rainfall_mm,0.445,0.386,0,1.36,30,0.44,10.9555
Uttar Pradesh,42679,Umaria,23.53,80.88,1996,2025,4,APR,RH2M,humidity_pct,21.8093,6.8933,8.6,37.44,30,21.81,86.5136
Uttar Pradesh,42679,Umaria,23.53,80.88,1996,2025,4,APR,T2M,temp_mean_c,31.1827,1.2074,28.77,33.45,30,31.18,26.5282
Uttar Pradesh,42679,Umaria,23.53,80.88,1996,2025,4,APR,T2M_MAX,temp_max_c,43.3307,1.0527,41.67,45.28,30,45.28,30.18
Uttar Pradesh,42679,Umaria,23.53,80.88,1996,2025,4,APR,T2M_MIN,temp_min_c,18.4503,1.8463,15.05,21.84,30,15.05,23.9118
Uttar Pradesh,42679,Umaria,23.53,80.88,1996,2025,4,APR,WS10M,wind_speed_ms,3.2677,0.2519,2.7,3.9,30,3.27,2.9618
Uttar Pradesh,42679,Umaria,23.53,80.88,1996,2025,5,MAY,ALLSKY_SFC_SW_DWN,solar_kwh_m2_day,24.8007,1.301,20.34,26.75,30,24.8,13.9622
Uttar Pradesh,42679,Umaria,23.53,80.88,1996,2025,5,MAY,PRECTOTCORR,rainfall_mm,0.8653,0.8559,0,4.01,30,0.87,10.9555
Uttar Pradesh,42679,Umaria,23.53,80.88,1996,2025,5,MAY,RH2M,humidity_pct,26.11,7.5383,15.01,46.83,30,26.11,86.5136
Uttar Pradesh,42679,Umaria,23.53,80.88,1996,2025,5,MAY,T2M,temp_mean_c,34.298,1.2115,30.57,36.07,30,34.3,26.5282
Uttar Pradesh,42679,Umaria,23.53,80.88,1996,2025,5,MAY,T2M_MAX,temp_max_c,44.941,1.1215,41.61,46.8,30,46.8,30.18
Uttar Pradesh,42679,Umaria,23.53,80.88,1996,2025,5,MAY,T2M_MIN,temp_min_c,22.991,1.6788,18.88,25.36,30,18.88,23.9118
Uttar Pradesh,42679,Umaria,23.53,80.88,1996,2025,5,MAY,WS10M,wind_speed_ms,3.6833,0.3097,3.09,4.34,30,3.68,2.9618
Uttar Pradesh,42679,Umaria,23.53,80.88,1996,2025,6,JUN,ALLSKY_SFC_SW_DWN,solar_kwh_m2_day,20.0237,1.921,16.09,23.52,30,20.02,13.9622
Uttar Pradesh,42679,Umaria,23.53,80.88,1996,2025,6,JUN,PRECTOTCORR,rainfall_mm,5.465,2.9363,1.88,12.23,30,5.46,10.9555
Uttar Pradesh,42679,Umaria,23.53,80.88,1996,2025,6,JUN,RH2M,humidity_pct,52.2087,10.5272,34.19,73.62,30,52.21,86.5136
Uttar Pradesh,42679,Umaria,23.53,80.88,1996,2025,6,JUN,T2M,temp_mean_c,31.975,1.8499,28.21,34.78,30,31.97,26.5282
Uttar Pradesh,42679,Umaria,23.53,80.88,1996,2025,6,JUN,T2M_MAX,temp_max_c,43.8667,2.1349,38.44,47.36,30,47.36,30.18
Uttar Pradesh,42679,Umaria,23.53,80.88,1996,2025,6,JUN,T2M_MIN,temp_min_c,23.526,1.1411,21.06,25.8,30,21.06,23.9118
Uttar Pradesh,42679,Umaria,23.53,80.88,1996,2025,6,JUN,WS10M,wind_speed_ms,4.1753,0.4718,3.28,5.6,30,4.18,2.9618
Uttar Pradesh,42679,Umaria,23.53,80.88,1996,2025,7,JUL,ALLSKY_SFC_SW_DWN,solar_kwh_m2_day,15.2303,1.7488,11.4,17.98,30,15.23,13.9622
Uttar Pradesh,42679,Umaria,23.53,80.88,1996,2025,7,JUL,PRECTOTCORR,rainfall_mm,11.3533,3.8662,3.38,22.8,30,11.35,10.9555
Uttar Pradesh,42679,Umaria,23.53,80.88,1996,2025,7,JUL,RH2M,humidity_pct,81.9577,4.784,64.67,89.61,30,81.96,86.5136
Uttar Pradesh,42679,Umaria,23.53,80.88,1996,2025,7,JUL,T2M,temp_mean_c,27.2003,0.7595,25.67,29.47,30,27.2,26.5282
Uttar Pradesh,42679,Umaria,23.53,80.88,1996,2025,7,JUL,T2M_MAX,temp_max_c,34.6787,2.169,31.37,39.79,30,39.79,30.18
Uttar Pradesh,42679,Umaria,23.53,80.88,1996,2025,7,JUL,T2M_MIN,temp_min_c,22.3983,0.6409,20.91,23.37,30,20.91,23.9118
Uttar Pradesh,42679,Umaria,23.53,80.88,1996,2025,7,JUL,WS10M,wind_speed_ms,3.9543,0.5662,2.94,5.04,30,3.95,2.9618
Uttar Pradesh,42679,Umaria,23.53,80.88,1996,2025,8,AUG,ALLSKY_SFC_SW_DWN,solar_kwh_m2_day,14.2747,1.5205,11.01,17.08,30,14.27,13.9622
Uttar Pradesh,42679,Umaria,23.53,80.88,1996,2025,8,AUG,PRECTOTCORR,rainfall_mm,11.1847,3.8252,4.03,19.42,30,11.18,10.9555
Uttar Pradesh,42679,Umaria,23.53,80.88,1996,2025,8,AUG,RH2M,humidity_pct,87.8247,1.6653,83.77,89.95,30,87.82,86.5136
Uttar Pradesh,42679,Umaria,23.53,80.88,1996,2025,8,AUG,T2M,temp_mean_c,26.042,0.3206,25.42,26.71,30,26.04,26.5282
Uttar Pradesh,42679,Umaria,23.53,80.88,1996,2025,8,AUG,T2M_MAX,temp_max_c,31.5943,0.9824,30.45,35.51,30,35.51,30.18
Uttar Pradesh,42679,Umaria,23.53,80.88,1996,2025,8,AUG,T2M_MIN,temp_min_c,21.9187,0.5507,20.21,22.61,30,20.21,23.9118
Uttar Pradesh,42679,Umaria,23.53,80.88,1996,2025,8,AUG,WS10M,wind_speed_ms,3.5277,0.4494,2.63,4.48,30,3.53,2.9618
Uttar Pradesh,42679,Umaria,23.53,80.88,1996,2025,9,SEP,ALLSKY_SFC_SW_DWN,solar_kwh_m2_day,17.019,2.0268,10.91,20.86,30,17.02,13.9622
Uttar Pradesh,42679,Umaria,23.53,80.88,1996,2025,9,SEP,PRECTOTCORR,rainfall_mm,6.628,3.4099,1.99,18.08,30,6.63,10.9555
Uttar Pradesh,42679,Umaria,23.53,80.88,1996,2025,9,SEP,RH2M,humidity_pct,85.882,2.8291,80.72,92.51,30,85.88,86.5136
Uttar Pradesh,42679,Umaria,23.53,80.88,1996,2025,9,SEP,T2M,temp_mean_c,25.463,0.3917,24.53,26.09,30,25.46,26.5282
Uttar Pradesh,42679,Umaria,23.53,80.88,1996,2025,9,SEP,T2M_MAX,temp_max_c,31.0733,0.5983,29.65,32.15,30,32.15,30.18
Uttar Pradesh,42679,Umaria,23.53,80.88,1996,2025,9,SEP,T2M_MIN,temp_min_c,19.6593,1.55,16.49,22.14,30,16.49,23.9118
Uttar Pradesh,42679,Umaria,23.53,80.88,1996,2025,9,SEP,WS10M,wind_speed_ms,2.7797,0.377,2.11,3.67,30,2.78,2.9618
Uttar Pradesh,42679,Umaria,23.53,80.88,1996,2025,10,OCT,ALLSKY_SFC_SW_DWN,solar_kwh_m2_day,18.1907,1.3539,14.56,20.59,30,18.19,13.9622
Uttar Pradesh,42679,Umaria,23.53,80.88,1996,2025,10,OCT,PRECTOTCORR,rainfall_mm,1.3357,1.4457,0.02,6.85,30,1.34,10.9555
Uttar Pradesh,42679,Umaria,23.53,80.88,1996,2025,10,OCT,RH2M,humidity_pct,74.1567,6.4548,55.14,84.27,30,74.16,86.5136
Uttar Pradesh,42679,Umaria,23.53,80.88,1996,2025,10,OCT,T2M,temp_mean_c,23.1787,0.821,21.89,25.11,30,23.18,26.5282
Uttar Pradesh,42679,Umaria,23.53,80.88,1996,2025,10,OCT,T2M_MAX,temp_max_c,30.53,1.3806,28.48,35.4,30,35.4,30.18
Uttar Pradesh,42679,Umaria,23.53,80.88,1996,2025,10,OCT,T2M_MIN,temp_min_c,14.1753,1.1634,12.44,16.55,30,12.44,23.9118
Uttar Pradesh,42679,Umaria,23.53,80.88,1996,2025,10,OCT,WS10M,wind_speed_ms,2.201,0.2815,1.86,3.08,30,2.2,2.9618
Uttar Pradesh,42679,Umaria,23.53,80.88,1996,2025,11,NOV,ALLSKY_SFC_SW_DWN,solar_kwh_m2_day,15.934,1.1096,13.82,18.28,30,15.93,13.9622
Uttar Pradesh,42679,Umaria,23.53,80.88,1996,2025,11,NOV,PRECTOTCORR,rainfall_mm,0.307,0.6687,0,2.74,30,0.31,10.9555
Uttar Pradesh,42679,Umaria,23.53,80.88,1996,2025,11,NOV,RH2M,humidity_pct,61.9423,9.4886,32.62,79.92,30,61.94,86.5136
Uttar Pradesh,42679,Umaria,23.53,80.88,1996,2025,11,NOV,T2M,temp_mean_c,19.8107,1.096,17.4,22.37,30,19.81,26.5282
Uttar Pradesh,42679,Umaria,23.53,80.88,1996,2025,11,NOV,T2M_MAX,temp_max_c,29.4497,1.4517,27.53,33.51,30,33.51,30.18
Uttar Pradesh,42679,Umaria,23.53,80.88,1996,2025,11,NOV,T2M_MIN,temp_min_c,10.367,1.3278,6.6,12.95,30,6.6,23.9118
Uttar Pradesh,42679,Umaria,23.53,80.88,1996,2025,11,NOV,WS10M,wind_speed_ms,2.1077,0.2091,1.77,2.61,30,2.11,2.9618
Uttar Pradesh,42679,Umaria,23.53,80.88,1996,2025,12,DEC,ALLSKY_SFC_SW_DWN,solar_kwh_m2_day,14.3257,1.3171,10.17,16.43,30,14.33,13.9622
Uttar Pradesh,42679,Umaria,23.53,80.88,1996,2025,12,DEC,PRECTOTCORR,rainfall_mm,0.3147,0.5377,0,2.69,30,0.31,10.9555
Uttar Pradesh,42679,Umaria,23.53,80.88,1996,2025,12,DEC,RH2M,humidity_pct,54.5473,12.9093,20.59,84.51,30,54.55,86.5136
Uttar Pradesh,42679,Umaria,23.53,80.88,1996,2025,12,DEC,T2M,temp_mean_c,16.8177,1.0968,14.51,18.76,30,16.82,26.5282
Uttar Pradesh,42679,Umaria,23.53,80.88,1996,2025,12,DEC,T2M_MAX,temp_max_c,28.504,1.566,25.25,31.32,30,31.32,30.18
Uttar Pradesh,42679,Umaria,23.53,80.88,1996,2025,12,DEC,T2M_MIN,temp_min_c,6.7693,1.6844,1.62,9.54,30,1.62,23.9118
Uttar Pradesh,42679,Umaria,23.53,80.88,1996,2025,12,DEC,WS10M,wind_speed_ms,2.4023,0.1844,1.96,2.76,30,2.4,2.9618
Uttar Pradesh,42479,Varanasi,25.45,82.87,1996,2025,0,ANNUAL,ALLSKY_SFC_SW_DWN,solar_kwh_m2_day,17.341,0.7298,15.9,18.33,30,,14.0567
Uttar Pradesh,42479,Varanasi,25.45,82.87,1996,2025,0,ANNUAL,PRECTOTCORR,rainfall_mm,2.3447,0.4536,1.49,3.15,30,,10.8691
Uttar Pradesh,42479,Varanasi,25.45,82.87,1996,2025,0,ANNUAL,RH2M,humidity_pct,52.4303,4.0441,46.81,62.67,30,,83.8364
Uttar Pradesh,42479,Varanasi,25.45,82.87,1996,2025,0,ANNUAL,T2M,temp_mean_c,26.532,0.5197,25.22,27.56,30,,29.5564
Uttar Pradesh,42479,Varanasi,25.45,82.87,1996,2025,0,ANNUAL,T2M_MAX,temp_max_c,47.249,1.177,44.38,49.29,30,,33.6991
Uttar Pradesh,42479,Varanasi,25.45,82.87,1996,2025,0,ANNUAL,T2M_MIN,temp_min_c,4.586,1.1898,2.18,6.92,30,,26.5827
Uttar Pradesh,42479,Varanasi,25.45,82.87,1996,2025,0,ANNUAL,WS10M,wind_speed_ms,3.0113,0.1132,2.76,3.26,30,,2.9245
Uttar Pradesh,42479,Varanasi,25.45,82.87,1996,2025,1,JAN,ALLSKY_SFC_SW_DWN,solar_kwh_m2_day,11.1867,1.715,7.22,14.42,30,11.19,14.0567
Uttar Pradesh,42479,Varanasi,25.45,82.87,1996,2025,1,JAN,PRECTOTCORR,rainfall_mm,0.3523,0.405,0,1.57,30,0.35,10.8691
Uttar Pradesh,42479,Varanasi,25.45,82.87,1996,2025,1,JAN,RH2M,humidity_pct,47.0023,11.4542,28.42,75.99,30,47,83.8364
Uttar Pradesh,42479,Varanasi,25.45,82.87,1996,2025,1,JAN,T2M,temp_mean_c,16.0803,1.009,13.63,17.86,30,16.08,29.5564
Uttar Pradesh,42479,Varanasi,25.45,82.87,1996,2025,1,JAN,T2M_MAX,temp_max_c,29.5767,1.9718,25.34,33.13,30,33.13,33.6991
Uttar Pradesh,42479,Varanasi,25.45,82.87,1996,2025,1,JAN,T2M_MIN,temp_min_c,4.957,1.1866,2.62,6.92,30,2.62,26.5827
Uttar Pradesh,42479,Varanasi,25.45,82.87,1996,2025,1,JAN,WS10M,wind_speed_ms,2.7067,0.1872,2.23,3.14,30,2.71,2.9245
Uttar Pradesh,42479,Varanasi,25.45,82.87,1996,2025,2,FEB,ALLSKY_SFC_SW_DWN,solar_kwh_m2_day,16.4247,1.2186,14.06,18.45,30,16.43,14.0567
Uttar Pradesh,42479,Varanasi,25.45,82.87,1996,2025,2,FEB,PRECTOTCORR,rainfall_mm,0.4387,0.5567,0,1.99,30,0.44,10.8691
Uttar Pradesh,42479,Varanasi,25.45,82.87,1996,2025,2,FEB,RH2M,humidity_pct,39.1727,9.7033,20.5,60.91,30,39.17,83.8364
Uttar Pradesh,42479,Varanasi,25.45,82.87,1996,2025,2,FEB,T2M,temp_mean_c,20.22,1.4126,16.79,23.5,30,20.22,29.5564
Uttar Pradesh,42479,Varanasi,25.45,82.87,1996,2025,2,FEB,T2M_MAX,temp_max_c,34.6863,1.9754,29.13,39.06,30,39.06,33.6991
Uttar Pradesh,42479,Varanasi,25.45,82.87,1996,2025,2,FEB,T2M_MIN,temp_min_c,7.392,1.6165,4.29,10.14,30,4.29,26.5827
Uttar Pradesh,42479,Varanasi,25.45,82.87,1996,2025,2,FEB,WS10M,wind_speed_ms,3.0247,0.2296,2.63,3.54,30,3.02,2.9245
Uttar Pradesh,42479,Varanasi,25.45,82.87,1996,2025,3,MAR,ALLSKY_SFC_SW_DWN,solar_kwh_m2_day,20.8603,1.1111,18.25,23.1,30,20.86,14.0567
Uttar Pradesh,42479,Varanasi,25.45,82.87,1996,2025,3,MAR,PRECTOTCORR,rainfall_mm,0.3057,0.4496,0,1.93,30,0.31,10.8691
Uttar Pradesh,42479,Varanasi,25.45,82.87,1996,2025,3,MAR,RH2M,humidity_pct,27.7093,9.0962,13.71,53.03,30,27.71,83.8364
Uttar Pradesh,42479,Varanasi,25.45,82.87,1996,2025,3,MAR,T2M,temp_mean_c,26.5173,1.3546,23.73,28.6,30,26.52,29.5564
Uttar Pradesh,42479,Varanasi,25.45,82.87,1996,2025,3,MAR,T2M_MAX,temp_max_c,40.9283,1.723,37.01,44.06,30,44.06,33.6991
Uttar Pradesh,42479,Varanasi,25.45,82.87,1996,2025,3,MAR,T2M_MIN,temp_min_c,12.1697,2.1469,8.42,16.97,30,8.42,26.5827
Uttar Pradesh,42479,Varanasi,25.45,82.87,1996,2025,3,MAR,WS10M,wind_speed_ms,3.267,0.2653,2.67,4.03,30,3.27,2.9245
Uttar Pradesh,42479,Varanasi,25.45,82.87,1996,2025,4,APR,ALLSKY_SFC_SW_DWN,solar_kwh_m2_day,23.765,0.9889,21.03,25.13,30,23.77,14.0567
Uttar Pradesh,42479,Varanasi,25.45,82.87,1996,2025,4,APR,PRECTOTCORR,rainfall_mm,0.3337,0.4072,0,1.64,30,0.33,10.8691
Uttar Pradesh,42479,Varanasi,25.45,82.87,1996,2025,4,APR,RH2M,humidity_pct,21.2723,6.8333,8.38,39.14,30,21.27,83.8364
Uttar Pradesh,42479,Varanasi,25.45,82.87,1996,2025,4,APR,T2M,temp_mean_c,32.573,1.2413,30,34.89,30,32.57,29.5564
Uttar Pradesh,42479,Varanasi,25.45,82.87,1996,2025,4,APR,T2M_MAX,temp_max_c,44.9667,1.3687,42.25,47.69,30,47.69,33.6991
Uttar Pradesh,42479,Varanasi,25.45,82.87,1996,2025,4,APR,T2M_MIN,temp_min_c,19.38,1.8724,15.27,23.3,30,15.27,26.5827
Uttar Pradesh,42479,Varanasi,25.45,82.87,1996,2025,4,APR,WS10M,wind_speed_ms,3.338,0.3822,2.58,4.59,30,3.34,2.9245
Uttar Pradesh,42479,Varanasi,25.45,82.87,1996,2025,5,MAY,ALLSKY_SFC_SW_DWN,solar_kwh_m2_day,23.6247,1.4974,18.46,25.43,30,23.62,14.0567
Uttar Pradesh,42479,Varanasi,25.45,82.87,1996,2025,5,MAY,PRECTOTCORR,rainfall_mm,0.8477,0.8963,0.03,4.99,30,0.85,10.8691
Uttar Pradesh,42479,Varanasi,25.45,82.87,1996,2025,5,MAY,RH2M,humidity_pct,27.0403,6.432,16.15,43.83,30,27.04,83.8364
Uttar Pradesh,42479,Varanasi,25.45,82.87,1996,2025,5,MAY,T2M,temp_mean_c,35.831,1.085,32.19,37.24,30,35.83,29.5564
Uttar Pradesh,42479,Varanasi,25.45,82.87,1996,2025,5,MAY,T2M_MAX,temp_max_c,46.7027,1.2848,43.39,49.29,30,49.29,33.6991
Uttar Pradesh,42479,Varanasi,25.45,82.87,1996,2025,5,MAY,T2M_MIN,temp_min_c,24.5867,1.714,20.93,27.42,30,20.93,26.5827
Uttar Pradesh,42479,Varanasi,25.45,82.87,1996,2025,5,MAY,WS10M,wind_speed_ms,3.4037,0.3326,2.79,4.2,30,3.4,2.9245
Uttar Pradesh,42479,Varanasi,25.45,82.87,1996,2025,6,JUN,ALLSKY_SFC_SW_DWN,solar_kwh_m2_day,20.6157,2.0537,15.89,23.29,30,20.61,14.0567
Uttar Pradesh,42479,Varanasi,25.45,82.87,1996,2025,6,JUN,PRECTOTCORR,rainfall_mm,3.8563,2.7177,0.66,10.64,30,3.86,10.8691
Uttar Pradesh,42479,Varanasi,25.45,82.87,1996,2025,6,JUN,RH2M,humidity_pct,43.998,11.6579,27.49,71.8,30,44,83.8364
Uttar Pradesh,42479,Varanasi,25.45,82.87,1996,2025,6,JUN,T2M,temp_mean_c,35.484,2.1365,30.78,38.22,30,35.48,29.5564
Uttar Pradesh,42479,Varanasi,25.45,82.87,1996,2025,6,JUN,T2M_MAX,temp_max_c,46.026,2.2244,40.79,48.85,30,48.85,33.6991
Uttar Pradesh,42479,Varanasi,25.45,82.87,1996,2025,6,JUN,T2M_MIN,temp_min_c,26.947,1.3452,24.26,29.55,30,24.26,26.5827
Uttar Pradesh,42479,Varanasi,25.45,82.87,1996,2025,6,JUN,WS10M,wind_speed_ms,3.833,0.514,3.03,5.15,30,3.83,2.9245
Uttar Pradesh,42479,Varanasi,25.45,82.87,1996,2025,7,JUL,ALLSKY_SFC_SW_DWN,solar_kwh_m2_day,16.858,1.4437,13.61,19.12,30,16.86,14.0567
Uttar Pradesh,42479,Varanasi,25.45,82.87,1996,2025,7,JUL,PRECTOTCORR,rainfall_mm,8.025,2.6391,3.97,14.6,30,8.02,10.8691
Uttar Pradesh,42479,Varanasi,25.45,82.87,1996,2025,7,JUL,RH2M,humidity_pct,74.4923,6.4109,56.71,87.88,30,74.49,83.8364
Uttar Pradesh,42479,Varanasi,25.45,82.87,1996,2025,7,JUL,T2M,temp_mean_c,30.765,1.0492,28.57,33.5,30,30.76,29.5564
Uttar Pradesh,42479,Varanasi,25.45,82.87,1996,2025,7,JUL,T2M_MAX,temp_max_c,39.0783,2.4446,33.7,43.12,30,43.12,33.6991
Uttar Pradesh,42479,Varanasi,25.45,82.87,1996,2025,7,JUL,T2M_MIN,temp_min_c,25.5537,0.5804,24.33,26.8,30,24.33,26.5827
Uttar Pradesh,42479,Varanasi,25.45,82.87,1996,2025,7,JUL,WS10M,wind_speed_ms,3.588,0.3836,2.86,4.14,30,3.59,2.9245
Uttar Pradesh,42479,Varanasi,25.45,82.87,1996,2025,8,AUG,ALLSKY_SFC_SW_DWN,solar_kwh_m2_day,16.7447,1.3365,14.33,18.86,30,16.74,14.0567
Uttar Pradesh,42479,Varanasi,25.45,82.87,1996,2025,8,AUG,PRECTOTCORR,rainfall_mm,7.1713,2.3405,3.95,14.22,30,7.17,10.8691
Uttar Pradesh,42479,Varanasi,25.45,82.87,1996,2025,8,AUG,RH2M,humidity_pct,82.6997,3.4737,73.85,88.02,30,82.7,83.8364
Uttar Pradesh,42479,Varanasi,25.45,82.87,1996,2025,8,AUG,T2M,temp_mean_c,29.1893,0.5107,28.26,30.69,30,29.19,29.5564
Uttar Pradesh,42479,Varanasi,25.45,82.87,1996,2025,8,AUG,T2M_MAX,temp_max_c,35.142,1.4941,32.9,38.82,30,38.82,33.6991
Uttar Pradesh,42479,Varanasi,25.45,82.87,1996,2025,8,AUG,T2M_MIN,temp_min_c,24.8353,0.4011,23.99,25.58,30,23.99,26.5827
Uttar Pradesh,42479,Varanasi,25.45,82.87,1996,2025,8,AUG,WS10M,wind_speed_ms,3.1293,0.4367,2.23,4.04,30,3.13,2.9245
Uttar Pradesh,42479,Varanasi,25.45,82.87,1996,2025,9,SEP,ALLSKY_SFC_SW_DWN,solar_kwh_m2_day,16.9103,1.4525,13.4,19.72,30,16.91,14.0567
Uttar Pradesh,42479,Varanasi,25.45,82.87,1996,2025,9,SEP,PRECTOTCORR,rainfall_mm,5.006,2.5114,0.92,14.18,30,5.01,10.8691
Uttar Pradesh,42479,Varanasi,25.45,82.87,1996,2025,9,SEP,RH2M,humidity_pct,82.553,5.014,67.58,87.34,30,82.55,83.8364
Uttar Pradesh,42479,Varanasi,25.45,82.87,1996,2025,9,SEP,T2M,temp_mean_c,28.1823,0.6452,27.14,29.84,30,28.18,29.5564
Uttar Pradesh,42479,Varanasi,25.45,82.87,1996,2025,9,SEP,T2M_MAX,temp_max_c,34.296,1.6216,32.38,39.66,30,39.66,33.6991
Uttar Pradesh,42479,Varanasi,25.45,82.87,1996,2025,9,SEP,T2M_MIN,temp_min_c,22.3713,1.2797,20.04,24.39,30,20.04,26.5827
Uttar Pradesh,42479,Varanasi,25.45,82.87,1996,2025,9,SEP,WS10M,wind_speed_ms,2.8873,0.3405,2.03,3.44,30,2.89,2.9245
Uttar Pradesh,42479,Varanasi,25.45,82.87,1996,2025,10,OCT,ALLSKY_SFC_SW_DWN,solar_kwh_m2_day,16.7127,1.2437,13.67,18.98,30,16.71,14.0567
Uttar Pradesh,42479,Varanasi,25.45,82.87,1996,2025,10,OCT,PRECTOTCORR,rainfall_mm,1.3567,1.3759,0.03,5.21,30,1.36,10.8691
Uttar Pradesh,42479,Varanasi,25.45,82.87,1996,2025,10,OCT,RH2M,humidity_pct,70.786,9.03,45.48,83.54,30,70.79,83.8364
Uttar Pradesh,42479,Varanasi,25.45,82.87,1996,2025,10,OCT,T2M,temp_mean_c,25.596,1.0293,24.01,28.21,30,25.6,29.5564
Uttar Pradesh,42479,Varanasi,25.45,82.87,1996,2025,10,OCT,T2M_MAX,temp_max_c,33.804,1.9709,30.36,39.02,30,39.02,33.6991
Uttar Pradesh,42479,Varanasi,25.45,82.87,1996,2025,10,OCT,T2M_MIN,temp_min_c,15.8883,1.469,12.75,18.29,30,12.75,26.5827
Uttar Pradesh,42479,Varanasi,25.45,82.87,1996,2025,10,OCT,WS10M,wind_speed_ms,2.2467,0.3743,1.71,3.31,30,2.25,2.9245
Uttar Pradesh,42479,Varanasi,25.45,82.87,1996,2025,11,NOV,ALLSKY_SFC_SW_DWN,solar_kwh_m2_day,13.633,1.0614,11.56,15.98,30,13.63,14.0567
Uttar Pradesh,42479,Varanasi,25.45,82.87,1996,2025,11,NOV,PRECTOTCORR,rainfall_mm,0.089,0.1688,0,0.75,30,0.09,10.8691
Uttar Pradesh,42479,Varanasi,25.45,82.87,1996,2025,11,NOV,RH2M,humidity_pct,58.8407,11.1449,38.85,82.19,30,58.84,83.8364
Uttar Pradesh,42479,Varanasi,25.45,82.87,1996,2025,11,NOV,T2M,temp_mean_c,21.0027,1.5205,17.78,24.72,30,21,29.5564
Uttar Pradesh,42479,Varanasi,25.45,82.87,1996,2025,11,NOV,T2M_MAX,temp_max_c,31.57,1.8512,28.16,34.39,30,34.39,33.6991
Uttar Pradesh,42479,Varanasi,25.45,82.87,1996,2025,11,NOV,T2M_MIN,temp_min_c,10.709,1.4619,8.24,13.59,30,8.24,26.5827
Uttar Pradesh,42479,Varanasi,25.45,82.87,1996,2025,11,NOV,WS10M,wind_speed_ms,2.2887,0.2565,1.82,2.79,30,2.29,2.9245
Uttar Pradesh,42479,Varanasi,25.45,82.87,1996,2025,12,DEC,ALLSKY_SFC_SW_DWN,solar_kwh_m2_day,10.8493,1.323,7.87,13.63,30,10.85,14.0567
Uttar Pradesh,42479,Varanasi,25.45,82.87,1996,2025,12,DEC,PRECTOTCORR,rainfall_mm,0.1907,0.357,0,1.55,30,0.19,10.8691
Uttar Pradesh,42479,Varanasi,25.45,82.87,1996,2025,12,DEC,RH2M,humidity_pct,52.3383,12.3243,31.63,80.54,30,52.34,83.8364
Uttar Pradesh,42479,Varanasi,25.45,82.87,1996,2025,12,DEC,T2M,temp_mean_c,16.754,1.2507,13.62,18.86,30,16.75,29.5564
Uttar Pradesh,42479,Varanasi,25.45,82.87,1996,2025,12,DEC,T2M_MAX,temp_max_c,28.7217,1.8846,24.04,33.21,30,33.21,33.6991
Uttar Pradesh,42479,Varanasi,25.45,82.87,1996,2025,12,DEC,T2M_MIN,temp_min_c,6.2183,1.5145,2.18,8.45,30,2.18,26.5827
Uttar Pradesh,42479,Varanasi,25.45,82.87,1996,2025,12,DEC,WS10M,wind_speed_ms,2.4337,0.3029,1.9,3.24,30,2.43,2.9245
Uttar Pradesh,42483,Varanasi BHU,25.3,83.02,1996,2025,0,ANNUAL,ALLSKY_SFC_SW_DWN,solar_kwh_m2_day,17.2607,0.7323,15.82,18.26,30,,14.0311
Uttar Pradesh,42483,Varanasi BHU,25.3,83.02,1996,2025,0,ANNUAL,PRECTOTCORR,rainfall_mm,2.3447,0.4536,1.49,3.15,30,,10.8691
Uttar Pradesh,42483,Varanasi BHU,25.3,83.02,1996,2025,0,ANNUAL,RH2M,humidity_pct,52.4303,4.0441,46.81,62.67,30,,83.8364
Uttar Pradesh,42483,Varanasi BHU,25.3,83.02,1996,2025,0,ANNUAL,T2M,temp_mean_c,26.532,0.5197,25.22,27.56,30,,29.5564
Uttar Pradesh,42483,Varanasi BHU,25.3,83.02,1996,2025,0,ANNUAL,T2M_MAX,temp_max_c,47.249,1.177,44.38,49.29,30,,33.6991
Uttar Pradesh,42483,Varanasi BHU,25.3,83.02,1996,2025,0,ANNUAL,T2M_MIN,temp_min_c,4.586,1.1898,2.18,6.92,30,,26.5827
Uttar Pradesh,42483,Varanasi BHU,25.3,83.02,1996,2025,0,ANNUAL,WS10M,wind_speed_ms,3.0113,0.1132,2.76,3.26,30,,2.9245
Uttar Pradesh,42483,Varanasi BHU,25.3,83.02,1996,2025,1,JAN,ALLSKY_SFC_SW_DWN,solar_kwh_m2_day,11.0823,1.6222,7.04,13.89,30,11.08,14.0311
Uttar Pradesh,42483,Varanasi BHU,25.3,83.02,1996,2025,1,JAN,PRECTOTCORR,rainfall_mm,0.3523,0.405,0,1.57,30,0.35,10.8691
Uttar Pradesh,42483,Varanasi BHU,25.3,83.02,1996,2025,1,JAN,RH2M,humidity_pct,47.0023,11.4542,28.42,75.99,30,47,83.8364
Uttar Pradesh,42483,Varanasi BHU,25.3,83.02,1996,2025,1,JAN,T2M,temp_mean_c,16.0803,1.009,13.63,17.86,30,16.08,29.5564
Uttar Pradesh,42483,Varanasi BHU,25.3,83.02,1996,2025,1,JAN,T2M_MAX,temp_max_c,29.5767,1.9718,25.34,33.13,30,33.13,33.6991
Uttar Pradesh,42483,Varanasi BHU,25.3,83.02,1996,2025,1,JAN,T2M_MIN,temp_min_c,4.957,1.1866,2.62,6.92,30,2.62,26.5827
Uttar Pradesh,42483,Varanasi BHU,25.3,83.02,1996,2025,1,JAN,WS10M,wind_speed_ms,2.7067,0.1872,2.23,3.14,30,2.71,2.9245
Uttar Pradesh,42483,Varanasi BHU,25.3,83.02,1996,2025,2,FEB,ALLSKY_SFC_SW_DWN,solar_kwh_m2_day,16.271,1.0966,13.84,18.44,30,16.27,14.0311
Uttar Pradesh,42483,Varanasi BHU,25.3,83.02,1996,2025,2,FEB,PRECTOTCORR,rainfall_mm,0.4387,0.5567,0,1.99,30,0.44,10.8691
Uttar Pradesh,42483,Varanasi BHU,25.3,83.02,1996,2025,2,FEB,RH2M,humidity_pct,39.1727,9.7033,20.5,60.91,30,39.17,83.8364
Uttar Pradesh,42483,Varanasi BHU,25.3,83.02,1996,2025,2,FEB,T2M,temp_mean_c,20.22,1.4126,16.79,23.5,30,20.22,29.5564
Uttar Pradesh,42483,Varanasi BHU,25.3,83.02,1996,2025,2,FEB,T2M_MAX,temp_max_c,34.6863,1.9754,29.13,39.06,30,39.06,33.6991
Uttar Pradesh,42483,Varanasi BHU,25.3,83.02,1996,2025,2,FEB,T2M_MIN,temp_min_c,7.392,1.6165,4.29,10.14,30,4.29,26.5827
Uttar Pradesh,42483,Varanasi BHU,25.3,83.02,1996,2025,2,FEB,WS10M,wind_speed_ms,3.0247,0.2296,2.63,3.54,30,3.02,2.9245
Uttar Pradesh,42483,Varanasi BHU,25.3,83.02,1996,2025,3,MAR,ALLSKY_SFC_SW_DWN,solar_kwh_m2_day,20.6553,1.0007,18.24,23.02,30,20.66,14.0311
Uttar Pradesh,42483,Varanasi BHU,25.3,83.02,1996,2025,3,MAR,PRECTOTCORR,rainfall_mm,0.3057,0.4496,0,1.93,30,0.31,10.8691
Uttar Pradesh,42483,Varanasi BHU,25.3,83.02,1996,2025,3,MAR,RH2M,humidity_pct,27.7093,9.0962,13.71,53.03,30,27.71,83.8364
Uttar Pradesh,42483,Varanasi BHU,25.3,83.02,1996,2025,3,MAR,T2M,temp_mean_c,26.5173,1.3546,23.73,28.6,30,26.52,29.5564
Uttar Pradesh,42483,Varanasi BHU,25.3,83.02,1996,2025,3,MAR,T2M_MAX,temp_max_c,40.9283,1.723,37.01,44.06,30,44.06,33.6991
Uttar Pradesh,42483,Varanasi BHU,25.3,83.02,1996,2025,3,MAR,T2M_MIN,temp_min_c,12.1697,2.1469,8.42,16.97,30,8.42,26.5827
Uttar Pradesh,42483,Varanasi BHU,25.3,83.02,1996,2025,3,MAR,WS10M,wind_speed_ms,3.267,0.2653,2.67,4.03,30,3.27,2.9245
Uttar Pradesh,42483,Varanasi BHU,25.3,83.02,1996,2025,4,APR,ALLSKY_SFC_SW_DWN,solar_kwh_m2_day,23.5423,1.1378,20.34,25.28,30,23.54,14.0311
Uttar Pradesh,42483,Varanasi BHU,25.3,83.02,1996,2025,4,APR,PRECTOTCORR,rainfall_mm,0.3337,0.4072,0,1.64,30,0.33,10.8691
Uttar Pradesh,42483,Varanasi BHU,25.3,83.02,1996,2025,4,APR,RH2M,humidity_pct,21.2723,6.8333,8.38,39.14,30,21.27,83.8364
Uttar Pradesh,42483,Varanasi BHU,25.3,83.02,1996,2025,4,APR,T2M,temp_mean_c,32.573,1.2413,30,34.89,30,32.57,29.5564
Uttar Pradesh,42483,Varanasi BHU,25.3,83.02,1996,2025,4,APR,T2M_MAX,temp_max_c,44.9667,1.3687,42.25,47.69,30,47.69,33.6991
Uttar Pradesh,42483,Varanasi BHU,25.3,83.02,1996,2025,4,APR,T2M_MIN,temp_min_c,19.38,1.8724,15.27,23.3,30,15.27,26.5827
Uttar Pradesh,42483,Varanasi BHU,25.3,83.02,1996,2025,4,APR,WS10M,wind_speed_ms,3.338,0.3822,2.58,4.59,30,3.34,2.9245
Uttar Pradesh,42483,Varanasi BHU,25.3,83.02,1996,2025,5,MAY,ALLSKY_SFC_SW_DWN,solar_kwh_m2_day,23.3777,1.5114,17.93,25.26,30,23.38,14.0311
Uttar Pradesh,42483,Varanasi BHU,25.3,83.02,1996,2025,5,MAY,PRECTOTCORR,rainfall_mm,0.8477,0.8963,0.03,4.99,30,0.85,10.8691
Uttar Pradesh,42483,Varanasi BHU,25.3,83.02,1996,2025,5,MAY,RH2M,humidity_pct,27.0403,6.432,16.15,43.83,30,27.04,83.8364
Uttar Pradesh,42483,Varanasi BHU,25.3,83.02,1996,2025,5,MAY,T2M,temp_mean_c,35.831,1.085,32.19,37.24,30,35.83,29.5564
Uttar Pradesh,42483,Varanasi BHU,25.3,83.02,1996,2025,5,MAY,T2M_MAX,temp_max_c,46.7027,1.2848,43.39,49.29,30,49.29,33.6991
Uttar Pradesh,42483,Varanasi BHU,25.3,83.02,1996,2025,5,MAY,T2M_MIN,temp_min_c,24.5867,1.714,20.93,27.42,30,20.93,26.5827
Uttar Pradesh,42483,Varanasi BHU,25.3,83.02,1996,2025,5,MAY,WS10M,wind_speed_ms,3.4037,0.3326,2.79,4.2,30,3.4,2.9245
Uttar Pradesh,42483,Varanasi BHU,25.3,83.02,1996,2025,6,JUN,ALLSKY_SFC_SW_DWN,solar_kwh_m2_day,20.3097,1.9528,15.46,22.92,30,20.31,14.0311
Uttar Pradesh,42483,Varanasi BHU,25.3,83.02,1996,2025,6,JUN,PRECTOTCORR,rainfall_mm,3.8563,2.7177,0.66,10.64,30,3.86,10.8691
Uttar Pradesh,42483,Varanasi BHU,25.3,83.02,1996,2025,6,JUN,RH2M,humidity_pct,43.998,11.6579,27.49,71.8,30,44,83.8364
Uttar Pradesh,42483,Varanasi BHU,25.3,83.02,1996,2025,6,JUN,T2M,temp_mean_c,35.484,2.1365,30.78,38.22,30,35.48,29.5564
Uttar Pradesh,42483,Varanasi BHU,25.3,83.02,1996,2025,6,JUN,T2M_MAX,temp_max_c,46.026,2.2244,40.79,48.85,30,48.85,33.6991
Uttar Pradesh,42483,Varanasi BHU,25.3,83.02,1996,2025,6,JUN,T2M_MIN,temp_min_c,26.947,1.3452,24.26,29.55,30,24.26,26.5827
Uttar Pradesh,42483,Varanasi BHU,25.3,83.02,1996,2025,6,JUN,WS10M,wind_speed_ms,3.833,0.514,3.03,5.15,30,3.83,2.9245
Uttar Pradesh,42483,Varanasi BHU,25.3,83.02,1996,2025,7,JUL,ALLSKY_SFC_SW_DWN,solar_kwh_m2_day,16.8887,1.4927,13.71,19.45,30,16.89,14.0311
Uttar Pradesh,42483,Varanasi BHU,25.3,83.02,1996,2025,7,JUL,PRECTOTCORR,rainfall_mm,8.025,2.6391,3.97,14.6,30,8.02,10.8691
Uttar Pradesh,42483,Varanasi BHU,25.3,83.02,1996,2025,7,JUL,RH2M,humidity_pct,74.4923,6.4109,56.71,87.88,30,74.49,83.8364
Uttar Pradesh,42483,Varanasi BHU,25.3,83.02,1996,2025,7,JUL,T2M,temp_mean_c,30.765,1.0492,28.57,33.5,30,30.76,29.5564
Uttar Pradesh,42483,Varanasi BHU,25.3,83.02,1996,2025,7,JUL,T2M_MAX,temp_max_c,39.0783,2.4446,33.7,43.12,30,43.12,33.6991
Uttar Pradesh,42483,Varanasi BHU,25.3,83.02,1996,2025,7,JUL,T2M_MIN,temp_min_c,25.5537,0.5804,24.33,26.8,30,24.33,26.5827
Uttar Pradesh,42483,Varanasi BHU,25.3,83.02,1996,2025,7,JUL,WS10M,wind_speed_ms,3.588,0.3836,2.86,4.14,30,3.59,2.9245
Uttar Pradesh,42483,Varanasi BHU,25.3,83.02,1996,2025,8,AUG,ALLSKY_SFC_SW_DWN,solar_kwh_m2_day,16.7743,1.3281,14.17,18.76,30,16.77,14.0311
Uttar Pradesh,42483,Varanasi BHU,25.3,83.02,1996,2025,8,AUG,PRECTOTCORR,rainfall_mm,7.1713,2.3405,3.95,14.22,30,7.17,10.8691
Uttar Pradesh,42483,Varanasi BHU,25.3,83.02,1996,2025,8,AUG,RH2M,humidity_pct,82.6997,3.4737,73.85,88.02,30,82.7,83.8364
Uttar Pradesh,42483,Varanasi BHU,25.3,83.02,1996,2025,8,AUG,T2M,temp_mean_c,29.1893,0.5107,28.26,30.69,30,29.19,29.5564
Uttar Pradesh,42483,Varanasi BHU,25.3,83.02,1996,2025,8,AUG,T2M_MAX,temp_max_c,35.142,1.4941,32.9,38.82,30,38.82,33.6991
Uttar Pradesh,42483,Varanasi BHU,25.3,83.02,1996,2025,8,AUG,T2M_MIN,temp_min_c,24.8353,0.4011,23.99,25.58,30,23.99,26.5827
Uttar Pradesh,42483,Varanasi BHU,25.3,83.02,1996,2025,8,AUG,WS10M,wind_speed_ms,3.1293,0.4367,2.23,4.04,30,3.13,2.9245
Uttar Pradesh,42483,Varanasi BHU,25.3,83.02,1996,2025,9,SEP,ALLSKY_SFC_SW_DWN,solar_kwh_m2_day,16.7997,1.3583,13.71,19.2,30,16.8,14.0311
Uttar Pradesh,42483,Varanasi BHU,25.3,83.02,1996,2025,9,SEP,PRECTOTCORR,rainfall_mm,5.006,2.5114,0.92,14.18,30,5.01,10.8691
Uttar Pradesh,42483,Varanasi BHU,25.3,83.02,1996,2025,9,SEP,RH2M,humidity_pct,82.553,5.014,67.58,87.34,30,82.55,83.8364
Uttar Pradesh,42483,Varanasi BHU,25.3,83.02,1996,2025,9,SEP,T2M,temp_mean_c,28.1823,0.6452,27.14,29.84,30,28.18,29.5564
Uttar Pradesh,42483,Varanasi BHU,25.3,83.02,1996,2025,9,SEP,T2M_MAX,temp_max_c,34.296,1.6216,32.38,39.66,30,39.66,33.6991
Uttar Pradesh,42483,Varanasi BHU,25.3,83.02,1996,2025,9,SEP,T2M_MIN,temp_min_c,22.3713,1.2797,20.04,24.39,30,20.04,26.5827
Uttar Pradesh,42483,Varanasi BHU,25.3,83.02,1996,2025,9,SEP,WS10M,wind_speed_ms,2.8873,0.3405,2.03,3.44,30,2.89,2.9245
Uttar Pradesh,42483,Varanasi BHU,25.3,83.02,1996,2025,10,OCT,ALLSKY_SFC_SW_DWN,solar_kwh_m2_day,16.76,1.3004,13.66,18.96,30,16.76,14.0311
Uttar Pradesh,42483,Varanasi BHU,25.3,83.02,1996,2025,10,OCT,PRECTOTCORR,rainfall_mm,1.3567,1.3759,0.03,5.21,30,1.36,10.8691
Uttar Pradesh,42483,Varanasi BHU,25.3,83.02,1996,2025,10,OCT,RH2M,humidity_pct,70.786,9.03,45.48,83.54,30,70.79,83.8364
Uttar Pradesh,42483,Varanasi BHU,25.3,83.02,1996,2025,10,OCT,T2M,temp_mean_c,25.596,1.0293,24.01,28.21,30,25.6,29.5564
Uttar Pradesh,42483,Varanasi BHU,25.3,83.02,1996,2025,10,OCT,T2M_MAX,temp_max_c,33.804,1.9709,30.36,39.02,30,39.02,33.6991
Uttar Pradesh,42483,Varanasi BHU,25.3,83.02,1996,2025,10,OCT,T2M_MIN,temp_min_c,15.8883,1.469,12.75,18.29,30,12.75,26.5827
Uttar Pradesh,42483,Varanasi BHU,25.3,83.02,1996,2025,10,OCT,WS10M,wind_speed_ms,2.2467,0.3743,1.71,3.31,30,2.25,2.9245
Uttar Pradesh,42483,Varanasi BHU,25.3,83.02,1996,2025,11,NOV,ALLSKY_SFC_SW_DWN,solar_kwh_m2_day,13.8783,1.0384,11.89,16.32,30,13.88,14.0311
Uttar Pradesh,42483,Varanasi BHU,25.3,83.02,1996,2025,11,NOV,PRECTOTCORR,rainfall_mm,0.089,0.1688,0,0.75,30,0.09,10.8691
Uttar Pradesh,42483,Varanasi BHU,25.3,83.02,1996,2025,11,NOV,RH2M,humidity_pct,58.8407,11.1449,38.85,82.19,30,58.84,83.8364
Uttar Pradesh,42483,Varanasi BHU,25.3,83.02,1996,2025,11,NOV,T2M,temp_mean_c,21.0027,1.5205,17.78,24.72,30,21,29.5564
Uttar Pradesh,42483,Varanasi BHU,25.3,83.02,1996,2025,11,NOV,T2M_MAX,temp_max_c,31.57,1.8512,28.16,34.39,30,34.39,33.6991
Uttar Pradesh,42483,Varanasi BHU,25.3,83.02,1996,2025,11,NOV,T2M_MIN,temp_min_c,10.709,1.4619,8.24,13.59,30,8.24,26.5827
Uttar Pradesh,42483,Varanasi BHU,25.3,83.02,1996,2025,11,NOV,WS10M,wind_speed_ms,2.2887,0.2565,1.82,2.79,30,2.29,2.9245
Uttar Pradesh,42483,Varanasi BHU,25.3,83.02,1996,2025,12,DEC,ALLSKY_SFC_SW_DWN,solar_kwh_m2_day,10.8697,1.3331,8.31,13.83,30,10.87,14.0311
Uttar Pradesh,42483,Varanasi BHU,25.3,83.02,1996,2025,12,DEC,PRECTOTCORR,rainfall_mm,0.1907,0.357,0,1.55,30,0.19,10.8691
Uttar Pradesh,42483,Varanasi BHU,25.3,83.02,1996,2025,12,DEC,RH2M,humidity_pct,52.3383,12.3243,31.63,80.54,30,52.34,83.8364
Uttar Pradesh,42483,Varanasi BHU,25.3,83.02,1996,2025,12,DEC,T2M,temp_mean_c,16.754,1.2507,13.62,18.86,30,16.75,29.5564
Uttar Pradesh,42483,Varanasi BHU,25.3,83.02,1996,2025,12,DEC,T2M_MAX,temp_max_c,28.7217,1.8846,24.04,33.21,30,33.21,33.6991
Uttar Pradesh,42483,Varanasi BHU,25.3,83.02,1996,2025,12,DEC,T2M_MIN,temp_min_c,6.2183,1.5145,2.18,8.45,30,2.18,26.5827
Uttar Pradesh,42483,Varanasi BHU,25.3,83.02,1996,2025,12,DEC,WS10M,wind_speed_ms,2.4337,0.3029,1.9,3.24,30,2.43,2.9245
