date(1995-2025),lat,lon,District,STATE,Dist_Code,TEHSIL,Tmax_Std
01-01-2025,26.5,81.5,AMETHI,UTTAR PRADESH,D680,AMETHI,3.05
02-01-2025,26.5,81.5,AMETHI,UTTAR PRADESH,D680,AMETHI,3.16
03-01-2025,26.5,81.5,AMETHI,UTTAR PRADESH,D680,AMETHI,3.41
04-01-2025,26.5,81.5,AMETHI,UTTAR PRADESH,D680,AMETHI,3.23
05-01-2025,26.5,81.5,AMETHI,UTTAR PRADESH,D680,AMETHI,3.9
06-01-2025,26.5,81.5,AMETHI,UTTAR PRADESH,D680,AMETHI,3.88
07-01-2025,26.5,81.5,AMETHI,UTTAR PRADESH,D680,AMETHI,3.7
08-01-2025,26.5,81.5,AMETHI,UTTAR PRADESH,D680,AMETHI,3.41
09-01-2025,26.5,81.5,AMETHI,UTTAR PRADESH,D680,AMETHI,3.3
10-01-2025,26.5,81.5,AMETHI,UTTAR PRADESH,D680,AMETHI,3.26
11-01-2025,26.5,81.5,AMETHI,UTTAR PRADESH,D680,AMETHI,3.16
12-01-2025,26.5,81.5,AMETHI,UTTAR PRADESH,D680,AMETHI,3
13-01-2025,26.5,81.5,AMETHI,UTTAR PRADESH,D680,AMETHI,3.31
14-01-2025,26.5,81.5,AMETHI,UTTAR PRADESH,D680,AMETHI,3.3
15-01-2025,26.5,81.5,AMETHI,UTTAR PRADESH,D680,AMETHI,3.29
16-01-2025,26.5,81.5,AMETHI,UTTAR PRADESH,D680,AMETHI,3.8
17-01-2025,26.5,81.5,AMETHI,UTTAR PRADESH,D680,AMETHI,3.56
18-01-2025,26.5,81.5,AMETHI,UTTAR PRADESH,D680,AMETHI,3.92
19-01-2025,26.5,81.5,AMETHI,UTTAR PRADESH,D680,AMETHI,3.85
20-01-2025,26.5,81.5,AMETHI,UTTAR PRADESH,D680,AMETHI,3.24
21-01-2025,26.5,81.5,AMETHI,UTTAR PRADESH,D680,AMETHI,3.12
22-01-2025,26.5,81.5,AMETHI,UTTAR PRADESH,D680,AMETHI,2.98
23-01-2025,26.5,81.5,AMETHI,UTTAR PRADESH,D680,AMETHI,2.75
24-01-2025,26.5,81.5,AMETHI,UTTAR PRADESH,D680,AMETHI,2.55
25-01-2025,26.5,81.5,AMETHI,UTTAR PRADESH,D680,AMETHI,2.75
26-01-2025,26.5,81.5,AMETHI,UTTAR PRADESH,D680,AMETHI,2.85
27-01-2025,26.5,81.5,AMETHI,UTTAR PRADESH,D680,AMETHI,2.61
28-01-2025,26.5,81.5,AMETHI,UTTAR PRADESH,D680,AMETHI,2.19
29-01-2025,26.5,81.5,AMETHI,UTTAR PRADESH,D680,AMETHI,2.33
30-01-2025,26.5,81.5,AMETHI,UTTAR PRADESH,D680,AMETHI,2.35
31-01-2025,26.5,81.5,AMETHI,UTTAR PRADESH,D680,AMETHI,2.57
01-02-2025,26.5,81.5,AMETHI,UTTAR PRADESH,D680,AMETHI,2.51
02-02-2025,26.5,81.5,AMETHI,UTTAR PRADESH,D680,AMETHI,2.38
03-02-2025,26.5,81.5,AMETHI,UTTAR PRADESH,D680,AMETHI,1.9
04-02-2025,26.5,81.5,AMETHI,UTTAR PRADESH,D680,AMETHI,2.11
05-02-2025,26.5,81.5,AMETHI,UTTAR PRADESH,D680,AMETHI,2.14
06-02-2025,26.5,81.5,AMETHI,UTTAR PRADESH,D680,AMETHI,2.13
07-02-2025,26.5,81.5,AMETHI,UTTAR PRADESH,D680,AMETHI,2.21
08-02-2025,26.5,81.5,AMETHI,UTTAR PRADESH,D680,AMETHI,2.23
09-02-2025,26.5,81.5,AMETHI,UTTAR PRADESH,D680,AMETHI,2.08
10-02-2025,26.5,81.5,AMETHI,UTTAR PRADESH,D680,AMETHI,2.37
11-02-2025,26.5,81.5,AMETHI,UTTAR PRADESH,D680,AMETHI,2.59
12-02-2025,26.5,81.5,AMETHI,UTTAR PRADESH,D680,AMETHI,2.47
13-02-2025,26.5,81.5,AMETHI,UTTAR PRADESH,D680,AMETHI,2.59
14-02-2025,26.5,81.5,AMETHI,UTTAR PRADESH,D680,AMETHI,2.5
15-02-2025,26.5,81.5,AMETHI,UTTAR PRADESH,D680,AMETHI,2.44
16-02-2025,26.5,81.5,AMETHI,UTTAR PRADESH,D680,AMETHI,2.83
17-02-2025,26.5,81.5,AMETHI,UTTAR PRADESH,D680,AMETHI,2.27
18-02-2025,26.5,81.5,AMETHI,UTTAR PRADESH,D680,AMETHI,2.08
19-02-2025,26.5,81.5,AMETHI,UTTAR PRADESH,D680,AMETHI,2.19
20-02-2025,26.5,81.5,AMETHI,UTTAR PRADESH,D680,AMETHI,1.99
21-02-2025,26.5,81.5,AMETHI,UTTAR PRADESH,D680,AMETHI,2.42
22-02-2025,26.5,81.5,AMETHI,UTTAR PRADESH,D680,AMETHI,2.78
23-02-2025,26.5,81.5,AMETHI,UTTAR PRADESH,D680,AMETHI,2.51
24-02-2025,26.5,81.5,AMETHI,UTTAR PRADESH,D680,AMETHI,2.72
25-02-2025,26.5,81.5,AMETHI,UTTAR PRADESH,D680,AMETHI,2.66
26-02-2025,26.5,81.5,AMETHI,UTTAR PRADESH,D680,AMETHI,2.31
27-02-2025,26.5,81.5,AMETHI,UTTAR PRADESH,D680,AMETHI,2.67
28-02-2025,26.5,81.5,AMETHI,UTTAR PRADESH,D680,AMETHI,2.56
29-02-2025,26.5,81.5,AMETHI,UTTAR PRADESH,D680,AMETHI,1.8
01-03-2025,26.5,81.5,AMETHI,UTTAR PRADESH,D680,AMETHI,3.1
02-03-2025,26.5,81.5,AMETHI,UTTAR PRADESH,D680,AMETHI,2.81
03-03-2025,26.5,81.5,AMETHI,UTTAR PRADESH,D680,AMETHI,2.91
04-03-2025,26.5,81.5,AMETHI,UTTAR PRADESH,D680,AMETHI,3.06
05-03-2025,26.5,81.5,AMETHI,UTTAR PRADESH,D680,AMETHI,2.7
06-03-2025,26.5,81.5,AMETHI,UTTAR PRADESH,D680,AMETHI,2.15
07-03-2025,26.5,81.5,AMETHI,UTTAR PRADESH,D680,AMETHI,2.43
08-03-2025,26.5,81.5,AMETHI,UTTAR PRADESH,D680,AMETHI,2.09
09-03-2025,26.5,81.5,AMETHI,UTTAR PRADESH,D680,AMETHI,2.02
10-03-2025,26.5,81.5,AMETHI,UTTAR PRADESH,D680,AMETHI,2.98
11-03-2025,26.5,81.5,AMETHI,UTTAR PRADESH,D680,AMETHI,2.35
12-03-2025,26.5,81.5,AMETHI,UTTAR PRADESH,D680,AMETHI,2.37
13-03-2025,26.5,81.5,AMETHI,UTTAR PRADESH,D680,AMETHI,2.58
14-03-2025,26.5,81.5,AMETHI,UTTAR PRADESH,D680,AMETHI,2.65
15-03-2025,26.5,81.5,AMETHI,UTTAR PRADESH,D680,AMETHI,3
16-03-2025,26.5,81.5,AMETHI,UTTAR PRADESH,D680,AMETHI,2.32
17-03-2025,26.5,81.5,AMETHI,UTTAR PRADESH,D680,AMETHI,2.53
18-03-2025,26.5,81.5,AMETHI,UTTAR PRADESH,D680,AMETHI,2.34
19-03-2025,26.5,81.5,AMETHI,UTTAR PRADESH,D680,AMETHI,2.48
20-03-2025,26.5,81.5,AMETHI,UTTAR PRADESH,D680,AMETHI,2.49
21-03-2025,26.5,81.5,AMETHI,UTTAR PRADESH,D680,AMETHI,2.49
22-03-2025,26.5,81.5,AMETHI,UTTAR PRADESH,D680,AMETHI,2.24
23-03-2025,26.5,81.5,AMETHI,UTTAR PRADESH,D680,AMETHI,2.17
24-03-2025,26.5,81.5,AMETHI,UTTAR PRADESH,D680,AMETHI,2.23
25-03-2025,26.5,81.5,AMETHI,UTTAR PRADESH,D680,AMETHI,2.13
26-03-2025,26.5,81.5,AMETHI,UTTAR PRADESH,D680,AMETHI,2.34
27-03-2025,26.5,81.5,AMETHI,UTTAR PRADESH,D680,AMETHI,2.69
28-03-2025,26.5,81.5,AMETHI,UTTAR PRADESH,D680,AMETHI,1.95
29-03-2025,26.5,81.5,AMETHI,UTTAR PRADESH,D680,AMETHI,2
30-03-2025,26.5,81.5,AMETHI,UTTAR PRADESH,D680,AMETHI,2.7
31-03-2025,26.5,81.5,AMETHI,UTTAR PRADESH,D680,AMETHI,2.64
01-04-2025,26.5,81.5,AMETHI,UTTAR PRADESH,D680,AMETHI,2.51
02-04-2025,26.5,81.5,AMETHI,UTTAR PRADESH,D680,AMETHI,2.1
03-04-2025,26.5,81.5,AMETHI,UTTAR PRADESH,D680,AMETHI,2.44
04-04-2025,26.5,81.5,AMETHI,UTTAR PRADESH,D680,AMETHI,2.52
05-04-2025,26.5,81.5,AMETHI,UTTAR PRADESH,D680,AMETHI,2.43
06-04-2025,26.5,81.5,AMETHI,UTTAR PRADESH,D680,AMETHI,2.19
07-04-2025,26.5,81.5,AMETHI,UTTAR PRADESH,D680,AMETHI,2.13
08-04-2025,26.5,81.5,AMETHI,UTTAR PRADESH,D680,AMETHI,2.07
09-04-2025,26.5,81.5,AMETHI,UTTAR PRADESH,D680,AMETHI,2.11
10-04-2025,26.5,81.5,AMETHI,UTTAR PRADESH,D680,AMETHI,2.18
11-04-2025,26.5,81.5,AMETHI,UTTAR PRADESH,D680,AMETHI,2.06
12-04-2025,26.5,81.5,AMETHI,UTTAR PRADESH,D680,AMETHI,2.2
13-04-2025,26.5,81.5,AMETHI,UTTAR PRADESH,D680,AMETHI,2.53
14-04-2025,26.5,81.5,AMETHI,UTTAR PRADESH,D680,AMETHI,2.33
15-04-2025,26.5,81.5,AMETHI,UTTAR PRADESH,D680,AMETHI,2.43
16-04-2025,26.5,81.5,AMETHI,UTTAR PRADESH,D680,AMETHI,2.43
17-04-2025,26.5,81.5,AMETHI,UTTAR PRADESH,D680,AMETHI,2.74
18-04-2025,26.5,81.5,AMETHI,UTTAR PRADESH,D680,AMETHI,2.86
19-04-2025,26.5,81.5,AMETHI,UTTAR PRADESH,D680,AMETHI,2.71
20-04-2025,26.5,81.5,AMETHI,UTTAR PRADESH,D680,AMETHI,2.43
21-04-2025,26.5,81.5,AMETHI,UTTAR PRADESH,D680,AMETHI,2.67
22-04-2025,26.5,81.5,AMETHI,UTTAR PRADESH,D680,AMETHI,2.32
23-04-2025,26.5,81.5,AMETHI,UTTAR PRADESH,D680,AMETHI,2.19
24-04-2025,26.5,81.5,AMETHI,UTTAR PRADESH,D680,AMETHI,2.34
25-04-2025,26.5,81.5,AMETHI,UTTAR PRADESH,D680,AMETHI,2.48
26-04-2025,26.5,81.5,AMETHI,UTTAR PRADESH,D680,AMETHI,2.92
27-04-2025,26.5,81.5,AMETHI,UTTAR PRADESH,D680,AMETHI,2.54
28-04-2025,26.5,81.5,AMETHI,UTTAR PRADESH,D680,AMETHI,2.44
29-04-2025,26.5,81.5,AMETHI,UTTAR PRADESH,D680,AMETHI,2.57
30-04-2025,26.5,81.5,AMETHI,UTTAR PRADESH,D680,AMETHI,3.13
01-05-2025,26.5,81.5,AMETHI,UTTAR PRADESH,D680,AMETHI,3.1
02-05-2025,26.5,81.5,AMETHI,UTTAR PRADESH,D680,AMETHI,2.63
03-05-2025,26.5,81.5,AMETHI,UTTAR PRADESH,D680,AMETHI,2.42
04-05-2025,26.5,81.5,AMETHI,UTTAR PRADESH,D680,AMETHI,2.42
05-05-2025,26.5,81.5,AMETHI,UTTAR PRADESH,D680,AMETHI,2.43
06-05-2025,26.5,81.5,AMETHI,UTTAR PRADESH,D680,AMETHI,2.31
07-05-2025,26.5,81.5,AMETHI,UTTAR PRADESH,D680,AMETHI,2.39
08-05-2025,26.5,81.5,AMETHI,UTTAR PRADESH,D680,AMETHI,2.03
09-05-2025,26.5,81.5,AMETHI,UTTAR PRADESH,D680,AMETHI,1.67
10-05-2025,26.5,81.5,AMETHI,UTTAR PRADESH,D680,AMETHI,2.14
11-05-2025,26.5,81.5,AMETHI,UTTAR PRADESH,D680,AMETHI,2
12-05-2025,26.5,81.5,AMETHI,UTTAR PRADESH,D680,AMETHI,2.13
13-05-2025,26.5,81.5,AMETHI,UTTAR PRADESH,D680,AMETHI,2.23
14-05-2025,26.5,81.5,AMETHI,UTTAR PRADESH,D680,AMETHI,2.08
15-05-2025,26.5,81.5,AMETHI,UTTAR PRADESH,D680,AMETHI,2.3
16-05-2025,26.5,81.5,AMETHI,UTTAR PRADESH,D680,AMETHI,2.05
17-05-2025,26.5,81.5,AMETHI,UTTAR PRADESH,D680,AMETHI,2.1
18-05-2025,26.5,81.5,AMETHI,UTTAR PRADESH,D680,AMETHI,2.5
19-05-2025,26.5,81.5,AMETHI,UTTAR PRADESH,D680,AMETHI,3.03
20-05-2025,26.5,81.5,AMETHI,UTTAR PRADESH,D680,AMETHI,2.89
21-05-2025,26.5,81.5,AMETHI,UTTAR PRADESH,D680,AMETHI,2.82
22-05-2025,26.5,81.5,AMETHI,UTTAR PRADESH,D680,AMETHI,2.98
23-05-2025,26.5,81.5,AMETHI,UTTAR PRADESH,D680,AMETHI,2.83
24-05-2025,26.5,81.5,AMETHI,UTTAR PRADESH,D680,AMETHI,2.94
25-05-2025,26.5,81.5,AMETHI,UTTAR PRADESH,D680,AMETHI,3.04
26-05-2025,26.5,81.5,AMETHI,UTTAR PRADESH,D680,AMETHI,2.85
27-05-2025,26.5,81.5,AMETHI,UTTAR PRADESH,D680,AMETHI,2.91
28-05-2025,26.5,81.5,AMETHI,UTTAR PRADESH,D680,AMETHI,3.29
29-05-2025,26.5,81.5,AMETHI,UTTAR PRADESH,D680,AMETHI,3.41
30-05-2025,26.5,81.5,AMETHI,UTTAR PRADESH,D680,AMETHI,3.06
31-05-2025,26.5,81.5,AMETHI,UTTAR PRADESH,D680,AMETHI,3.02
01-06-2025,26.5,81.5,AMETHI,UTTAR PRADESH,D680,AMETHI,2.94
02-06-2025,26.5,81.5,AMETHI,UTTAR PRADESH,D680,AMETHI,2.82
03-06-2025,26.5,81.5,AMETHI,UTTAR PRADESH,D680,AMETHI,3.08
04-06-2025,26.5,81.5,AMETHI,UTTAR PRADESH,D680,AMETHI,3.42
05-06-2025,26.5,81.5,AMETHI,UTTAR PRADESH,D680,AMETHI,3.18
06-06-2025,26.5,81.5,AMETHI,UTTAR PRADESH,D680,AMETHI,3.03
07-06-2025,26.5,81.5,AMETHI,UTTAR PRADESH,D680,AMETHI,3.33
08-06-2025,26.5,81.5,AMETHI,UTTAR PRADESH,D680,AMETHI,3.23
09-06-2025,26.5,81.5,AMETHI,UTTAR PRADESH,D680,AMETHI,3.15
10-06-2025,26.5,81.5,AMETHI,UTTAR PRADESH,D680,AMETHI,3.17
11-06-2025,26.5,81.5,AMETHI,UTTAR PRADESH,D680,AMETHI,2.92
12-06-2025,26.5,81.5,AMETHI,UTTAR PRADESH,D680,AMETHI,3.21
13-06-2025,26.5,81.5,AMETHI,UTTAR PRADESH,D680,AMETHI,3.12
14-06-2025,26.5,81.5,AMETHI,UTTAR PRADESH,D680,AMETHI,3.57
15-06-2025,26.5,81.5,AMETHI,UTTAR PRADESH,D680,AMETHI,3.9
16-06-2025,26.5,81.5,AMETHI,UTTAR PRADESH,D680,AMETHI,4.06
17-06-2025,26.5,81.5,AMETHI,UTTAR PRADESH,D680,AMETHI,4.08
18-06-2025,26.5,81.5,AMETHI,UTTAR PRADESH,D680,AMETHI,3.99
19-06-2025,26.5,81.5,AMETHI,UTTAR PRADESH,D680,AMETHI,4.04
20-06-2025,26.5,81.5,AMETHI,UTTAR PRADESH,D680,AMETHI,3.67
21-06-2025,26.5,81.5,AMETHI,UTTAR PRADESH,D680,AMETHI,3.18
22-06-2025,26.5,81.5,AMETHI,UTTAR PRADESH,D680,AMETHI,3.16
23-06-2025,26.5,81.5,AMETHI,UTTAR PRADESH,D680,AMETHI,2.84
24-06-2025,26.5,81.5,AMETHI,UTTAR PRADESH,D680,AMETHI,2.4
25-06-2025,26.5,81.5,AMETHI,UTTAR PRADESH,D680,AMETHI,2.63
26-06-2025,26.5,81.5,AMETHI,UTTAR PRADESH,D680,AMETHI,2.41
27-06-2025,26.5,81.5,AMETHI,UTTAR PRADESH,D680,AMETHI,2.89
28-06-2025,26.5,81.5,AMETHI,UTTAR PRADESH,D680,AMETHI,2.96
29-06-2025,26.5,81.5,AMETHI,UTTAR PRADESH,D680,AMETHI,3.27
30-06-2025,26.5,81.5,AMETHI,UTTAR PRADESH,D680,AMETHI,3.25
01-07-2025,26.5,81.5,AMETHI,UTTAR PRADESH,D680,AMETHI,2.6
02-07-2025,26.5,81.5,AMETHI,UTTAR PRADESH,D680,AMETHI,2.32
03-07-2025,26.5,81.5,AMETHI,UTTAR PRADESH,D680,AMETHI,1.91
04-07-2025,26.5,81.5,AMETHI,UTTAR PRADESH,D680,AMETHI,2.07
05-07-2025,26.5,81.5,AMETHI,UTTAR PRADESH,D680,AMETHI,2.55
06-07-2025,26.5,81.5,AMETHI,UTTAR PRADESH,D680,AMETHI,2.73
07-07-2025,26.5,81.5,AMETHI,UTTAR PRADESH,D680,AMETHI,2.37
08-07-2025,26.5,81.5,AMETHI,UTTAR PRADESH,D680,AMETHI,2.43
09-07-2025,26.5,81.5,AMETHI,UTTAR PRADESH,D680,AMETHI,2.74
10-07-2025,26.5,81.5,AMETHI,UTTAR PRADESH,D680,AMETHI,2.49
11-07-2025,26.5,81.5,AMETHI,UTTAR PRADESH,D680,AMETHI,2.44
12-07-2025,26.5,81.5,AMETHI,UTTAR PRADESH,D680,AMETHI,2.33
13-07-2025,26.5,81.5,AMETHI,UTTAR PRADESH,D680,AMETHI,2.2
14-07-2025,26.5,81.5,AMETHI,UTTAR PRADESH,D680,AMETHI,2.33
15-07-2025,26.5,81.5,AMETHI,UTTAR PRADESH,D680,AMETHI,2.14
16-07-2025,26.5,81.5,AMETHI,UTTAR PRADESH,D680,AMETHI,2.05
17-07-2025,26.5,81.5,AMETHI,UTTAR PRADESH,D680,AMETHI,2.24
18-07-2025,26.5,81.5,AMETHI,UTTAR PRADESH,D680,AMETHI,2.2
19-07-2025,26.5,81.5,AMETHI,UTTAR PRADESH,D680,AMETHI,1.91
20-07-2025,26.5,81.5,AMETHI,UTTAR PRADESH,D680,AMETHI,1.75
21-07-2025,26.5,81.5,AMETHI,UTTAR PRADESH,D680,AMETHI,1.84
22-07-2025,26.5,81.5,AMETHI,UTTAR PRADESH,D680,AMETHI,1.68
23-07-2025,26.5,81.5,AMETHI,UTTAR PRADESH,D680,AMETHI,1.75
24-07-2025,26.5,81.5,AMETHI,UTTAR PRADESH,D680,AMETHI,1.83
25-07-2025,26.5,81.5,AMETHI,UTTAR PRADESH,D680,AMETHI,1.87
26-07-2025,26.5,81.5,AMETHI,UTTAR PRADESH,D680,AMETHI,1.82
27-07-2025,26.5,81.5,AMETHI,UTTAR PRADESH,D680,AMETHI,2.14
28-07-2025,26.5,81.5,AMETHI,UTTAR PRADESH,D680,AMETHI,1.69
29-07-2025,26.5,81.5,AMETHI,UTTAR PRADESH,D680,AMETHI,1.77
30-07-2025,26.5,81.5,AMETHI,UTTAR PRADESH,D680,AMETHI,1.57
31-07-2025,26.5,81.5,AMETHI,UTTAR PRADESH,D680,AMETHI,1.6
01-08-2025,26.5,81.5,AMETHI,UTTAR PRADESH,D680,AMETHI,1.52
02-08-2025,26.5,81.5,AMETHI,UTTAR PRADESH,D680,AMETHI,1.37
03-08-2025,26.5,81.5,AMETHI,UTTAR PRADESH,D680,AMETHI,1.8
04-08-2025,26.5,81.5,AMETHI,UTTAR PRADESH,D680,AMETHI,1.54
05-08-2025,26.5,81.5,AMETHI,UTTAR PRADESH,D680,AMETHI,1.46
06-08-2025,26.5,81.5,AMETHI,UTTAR PRADESH,D680,AMETHI,1.46
07-08-2025,26.5,81.5,AMETHI,UTTAR PRADESH,D680,AMETHI,1.32
08-08-2025,26.5,81.5,AMETHI,UTTAR PRADESH,D680,AMETHI,1.34
09-08-2025,26.5,81.5,AMETHI,UTTAR PRADESH,D680,AMETHI,1.45
10-08-2025,26.5,81.5,AMETHI,UTTAR PRADESH,D680,AMETHI,1.4
11-08-2025,26.5,81.5,AMETHI,UTTAR PRADESH,D680,AMETHI,1.46
12-08-2025,26.5,81.5,AMETHI,UTTAR PRADESH,D680,AMETHI,1.81
13-08-2025,26.5,81.5,AMETHI,UTTAR PRADESH,D680,AMETHI,1.54
14-08-2025,26.5,81.5,AMETHI,UTTAR PRADESH,D680,AMETHI,1.56
15-08-2025,26.5,81.5,AMETHI,UTTAR PRADESH,D680,AMETHI,1.83
16-08-2025,26.5,81.5,AMETHI,UTTAR PRADESH,D680,AMETHI,1.73
17-08-2025,26.5,81.5,AMETHI,UTTAR PRADESH,D680,AMETHI,1.64
18-08-2025,26.5,81.5,AMETHI,UTTAR PRADESH,D680,AMETHI,1.69
19-08-2025,26.5,81.5,AMETHI,UTTAR PRADESH,D680,AMETHI,1.66
20-08-2025,26.5,81.5,AMETHI,UTTAR PRADESH,D680,AMETHI,1.34
21-08-2025,26.5,81.5,AMETHI,UTTAR PRADESH,D680,AMETHI,1.43
22-08-2025,26.5,81.5,AMETHI,UTTAR PRADESH,D680,AMETHI,1.73
23-08-2025,26.5,81.5,AMETHI,UTTAR PRADESH,D680,AMETHI,1.53
24-08-2025,26.5,81.5,AMETHI,UTTAR PRADESH,D680,AMETHI,1.36
25-08-2025,26.5,81.5,AMETHI,UTTAR PRADESH,D680,AMETHI,1.43
26-08-2025,26.5,81.5,AMETHI,UTTAR PRADESH,D680,AMETHI,1.29
27-08-2025,26.5,81.5,AMETHI,UTTAR PRADESH,D680,AMETHI,1.24
28-08-2025,26.5,81.5,AMETHI,UTTAR PRADESH,D680,AMETHI,1.28
29-08-2025,26.5,81.5,AMETHI,UTTAR PRADESH,D680,AMETHI,1.42
30-08-2025,26.5,81.5,AMETHI,UTTAR PRADESH,D680,AMETHI,1.47
31-08-2025,26.5,81.5,AMETHI,UTTAR PRADESH,D680,AMETHI,1.7
01-09-2025,26.5,81.5,AMETHI,UTTAR PRADESH,D680,AMETHI,1.73
02-09-2025,26.5,81.5,AMETHI,UTTAR PRADESH,D680,AMETHI,2.05
03-09-2025,26.5,81.5,AMETHI,UTTAR PRADESH,D680,AMETHI,1.9
04-09-2025,26.5,81.5,AMETHI,UTTAR PRADESH,D680,AMETHI,1.69
05-09-2025,26.5,81.5,AMETHI,UTTAR PRADESH,D680,AMETHI,1.71
06-09-2025,26.5,81.5,AMETHI,UTTAR PRADESH,D680,AMETHI,1.8
07-09-2025,26.5,81.5,AMETHI,UTTAR PRADESH,D680,AMETHI,1.83
08-09-2025,26.5,81.5,AMETHI,UTTAR PRADESH,D680,AMETHI,1.93
09-09-2025,26.5,81.5,AMETHI,UTTAR PRADESH,D680,AMETHI,1.97
10-09-2025,26.5,81.5,AMETHI,UTTAR PRADESH,D680,AMETHI,1.77
11-09-2025,26.5,81.5,AMETHI,UTTAR PRADESH,D680,AMETHI,1.73
12-09-2025,26.5,81.5,AMETHI,UTTAR PRADESH,D680,AMETHI,1.84
13-09-2025,26.5,81.5,AMETHI,UTTAR PRADESH,D680,AMETHI,1.94
14-09-2025,26.5,81.5,AMETHI,UTTAR PRADESH,D680,AMETHI,1.89
15-09-2025,26.5,81.5,AMETHI,UTTAR PRADESH,D680,AMETHI,2.06
16-09-2025,26.5,81.5,AMETHI,UTTAR PRADESH,D680,AMETHI,2.01
17-09-2025,26.5,81.5,AMETHI,UTTAR PRADESH,D680,AMETHI,2.05
18-09-2025,26.5,81.5,AMETHI,UTTAR PRADESH,D680,AMETHI,1.85
19-09-2025,26.5,81.5,AMETHI,UTTAR PRADESH,D680,AMETHI,2.07
20-09-2025,26.5,81.5,AMETHI,UTTAR PRADESH,D680,AMETHI,1.73
21-09-2025,26.5,81.5,AMETHI,UTTAR PRADESH,D680,AMETHI,1.94
22-09-2025,26.5,81.5,AMETHI,UTTAR PRADESH,D680,AMETHI,1.86
23-09-2025,26.5,81.5,AMETHI,UTTAR PRADESH,D680,AMETHI,1.68
24-09-2025,26.5,81.5,AMETHI,UTTAR PRADESH,D680,AMETHI,2.07
25-09-2025,26.5,81.5,AMETHI,UTTAR PRADESH,D680,AMETHI,1.99
26-09-2025,26.5,81.5,AMETHI,UTTAR PRADESH,D680,AMETHI,1.9
27-09-2025,26.5,81.5,AMETHI,UTTAR PRADESH,D680,AMETHI,1.96
28-09-2025,26.5,81.5,AMETHI,UTTAR PRADESH,D680,AMETHI,1.96
29-09-2025,26.5,81.5,AMETHI,UTTAR PRADESH,D680,AMETHI,1.9
30-09-2025,26.5,81.5,AMETHI,UTTAR PRADESH,D680,AMETHI,1.47
01-10-2025,26.5,81.5,AMETHI,UTTAR PRADESH,D680,AMETHI,1.24
02-10-2025,26.5,81.5,AMETHI,UTTAR PRADESH,D680,AMETHI,1.77
03-10-2025,26.5,81.5,AMETHI,UTTAR PRADESH,D680,AMETHI,2.22
04-10-2025,26.5,81.5,AMETHI,UTTAR PRADESH,D680,AMETHI,2.19
05-10-2025,26.5,81.5,AMETHI,UTTAR PRADESH,D680,AMETHI,2.08
06-10-2025,26.5,81.5,AMETHI,UTTAR PRADESH,D680,AMETHI,2.29
07-10-2025,26.5,81.5,AMETHI,UTTAR PRADESH,D680,AMETHI,1.84
08-10-2025,26.5,81.5,AMETHI,UTTAR PRADESH,D680,AMETHI,1.59
09-10-2025,26.5,81.5,AMETHI,UTTAR PRADESH,D680,AMETHI,1.47
10-10-2025,26.5,81.5,AMETHI,UTTAR PRADESH,D680,AMETHI,1.68
11-10-2025,26.5,81.5,AMETHI,UTTAR PRADESH,D680,AMETHI,1.75
12-10-2025,26.5,81.5,AMETHI,UTTAR PRADESH,D680,AMETHI,1.51
13-10-2025,26.5,81.5,AMETHI,UTTAR PRADESH,D680,AMETHI,1.67
14-10-2025,26.5,81.5,AMETHI,UTTAR PRADESH,D680,AMETHI,2.32
15-10-2025,26.5,81.5,AMETHI,UTTAR PRADESH,D680,AMETHI,1.82
16-10-2025,26.5,81.5,AMETHI,UTTAR PRADESH,D680,AMETHI,1.62
17-10-2025,26.5,81.5,AMETHI,UTTAR PRADESH,D680,AMETHI,1.7
18-10-2025,26.5,81.5,AMETHI,UTTAR PRADESH,D680,AMETHI,1.48
19-10-2025,26.5,81.5,AMETHI,UTTAR PRADESH,D680,AMETHI,1.68
20-10-2025,26.5,81.5,AMETHI,UTTAR PRADESH,D680,AMETHI,1.59
21-10-2025,26.5,81.5,AMETHI,UTTAR PRADESH,D680,AMETHI,1.82
22-10-2025,26.5,81.5,AMETHI,UTTAR PRADESH,D680,AMETHI,1.44
23-10-2025,26.5,81.5,AMETHI,UTTAR PRADESH,D680,AMETHI,1.62
24-10-2025,26.5,81.5,AMETHI,UTTAR PRADESH,D680,AMETHI,1.61
25-10-2025,26.5,81.5,AMETHI,UTTAR PRADESH,D680,AMETHI,1.72
26-10-2025,26.5,81.5,AMETHI,UTTAR PRADESH,D680,AMETHI,1.41
27-10-2025,26.5,81.5,AMETHI,UTTAR PRADESH,D680,AMETHI,1.5
28-10-2025,26.5,81.5,AMETHI,UTTAR PRADESH,D680,AMETHI,1.71
29-10-2025,26.5,81.5,AMETHI,UTTAR PRADESH,D680,AMETHI,1.79
30-10-2025,26.5,81.5,AMETHI,UTTAR PRADESH,D680,AMETHI,1.98
31-10-2025,26.5,81.5,AMETHI,UTTAR PRADESH,D680,AMETHI,1.8
01-11-2025,26.5,81.5,AMETHI,UTTAR PRADESH,D680,AMETHI,1.26
02-11-2025,26.5,81.5,AMETHI,UTTAR PRADESH,D680,AMETHI,1.21
03-11-2025,26.5,81.5,AMETHI,UTTAR PRADESH,D680,AMETHI,1.23
04-11-2025,26.5,81.5,AMETHI,UTTAR PRADESH,D680,AMETHI,1.14
05-11-2025,26.5,81.5,AMETHI,UTTAR PRADESH,D680,AMETHI,1.06
06-11-2025,26.5,81.5,AMETHI,UTTAR PRADESH,D680,AMETHI,1.17
07-11-2025,26.5,81.5,AMETHI,UTTAR PRADESH,D680,AMETHI,1.14
08-11-2025,26.5,81.5,AMETHI,UTTAR PRADESH,D680,AMETHI,1.37
09-11-2025,26.5,81.5,AMETHI,UTTAR PRADESH,D680,AMETHI,1.08
10-11-2025,26.5,81.5,AMETHI,UTTAR PRADESH,D680,AMETHI,1.16
11-11-2025,26.5,81.5,AMETHI,UTTAR PRADESH,D680,AMETHI,1.05
12-11-2025,26.5,81.5,AMETHI,UTTAR PRADESH,D680,AMETHI,1.62
13-11-2025,26.5,81.5,AMETHI,UTTAR PRADESH,D680,AMETHI,1.27
14-11-2025,26.5,81.5,AMETHI,UTTAR PRADESH,D680,AMETHI,1.14
15-11-2025,26.5,81.5,AMETHI,UTTAR PRADESH,D680,AMETHI,1.21
16-11-2025,26.5,81.5,AMETHI,UTTAR PRADESH,D680,AMETHI,1.4
17-11-2025,26.5,81.5,AMETHI,UTTAR PRADESH,D680,AMETHI,1.35
18-11-2025,26.5,81.5,AMETHI,UTTAR PRADESH,D680,AMETHI,1.51
19-11-2025,26.5,81.5,AMETHI,UTTAR PRADESH,D680,AMETHI,1.49
20-11-2025,26.5,81.5,AMETHI,UTTAR PRADESH,D680,AMETHI,1.23
21-11-2025,26.5,81.5,AMETHI,UTTAR PRADESH,D680,AMETHI,1.2
22-11-2025,26.5,81.5,AMETHI,UTTAR PRADESH,D680,AMETHI,1.2
23-11-2025,26.5,81.5,AMETHI,UTTAR PRADESH,D680,AMETHI,1.36
24-11-2025,26.5,81.5,AMETHI,UTTAR PRADESH,D680,AMETHI,0.97
25-11-2025,26.5,81.5,AMETHI,UTTAR PRADESH,D680,AMETHI,0.98
26-11-2025,26.5,81.5,AMETHI,UTTAR PRADESH,D680,AMETHI,1
27-11-2025,26.5,81.5,AMETHI,UTTAR PRADESH,D680,AMETHI,1.24
28-11-2025,26.5,81.5,AMETHI,UTTAR PRADESH,D680,AMETHI,1.38
29-11-2025,26.5,81.5,AMETHI,UTTAR PRADESH,D680,AMETHI,1.66
30-11-2025,26.5,81.5,AMETHI,UTTAR PRADESH,D680,AMETHI,1.63
01-12-2025,26.5,81.5,AMETHI,UTTAR PRADESH,D680,AMETHI,1.35
02-12-2025,26.5,81.5,AMETHI,UTTAR PRADESH,D680,AMETHI,1.12
03-12-2025,26.5,81.5,AMETHI,UTTAR PRADESH,D680,AMETHI,1.2
04-12-2025,26.5,81.5,AMETHI,UTTAR PRADESH,D680,AMETHI,1.24
05-12-2025,26.5,81.5,AMETHI,UTTAR PRADESH,D680,AMETHI,1.37
06-12-2025,26.5,81.5,AMETHI,UTTAR PRADESH,D680,AMETHI,1.35
07-12-2025,26.5,81.5,AMETHI,UTTAR PRADESH,D680,AMETHI,1.63
08-12-2025,26.5,81.5,AMETHI,UTTAR PRADESH,D680,AMETHI,1.75
09-12-2025,26.5,81.5,AMETHI,UTTAR PRADESH,D680,AMETHI,1.8
10-12-2025,26.5,81.5,AMETHI,UTTAR PRADESH,D680,AMETHI,1.7
11-12-2025,26.5,81.5,AMETHI,UTTAR PRADESH,D680,AMETHI,1.67
12-12-2025,26.5,81.5,AMETHI,UTTAR PRADESH,D680,AMETHI,1.8
13-12-2025,26.5,81.5,AMETHI,UTTAR PRADESH,D680,AMETHI,2.01
14-12-2025,26.5,81.5,AMETHI,UTTAR PRADESH,D680,AMETHI,2.04
15-12-2025,26.5,81.5,AMETHI,UTTAR PRADESH,D680,AMETHI,2.06
16-12-2025,26.5,81.5,AMETHI,UTTAR PRADESH,D680,AMETHI,2.19
17-12-2025,26.5,81.5,AMETHI,UTTAR PRADESH,D680,AMETHI,2.44
18-12-2025,26.5,81.5,AMETHI,UTTAR PRADESH,D680,AMETHI,2.82
19-12-2025,26.5,81.5,AMETHI,UTTAR PRADESH,D680,AMETHI,2.64
20-12-2025,26.5,81.5,AMETHI,UTTAR PRADESH,D680,AMETHI,2.6
21-12-2025,26.5,81.5,AMETHI,UTTAR PRADESH,D680,AMETHI,3
22-12-2025,26.5,81.5,AMETHI,UTTAR PRADESH,D680,AMETHI,2.77
23-12-2025,26.5,81.5,AMETHI,UTTAR PRADESH,D680,AMETHI,2.5
24-12-2025,26.5,81.5,AMETHI,UTTAR PRADESH,D680,AMETHI,2.96
25-12-2025,26.5,81.5,AMETHI,UTTAR PRADESH,D680,AMETHI,2.74
26-12-2025,26.5,81.5,AMETHI,UTTAR PRADESH,D680,AMETHI,3.05
27-12-2025,26.5,81.5,AMETHI,UTTAR PRADESH,D680,AMETHI,3.36
28-12-2025,26.5,81.5,AMETHI,UTTAR PRADESH,D680,AMETHI,3.12
29-12-2025,26.5,81.5,AMETHI,UTTAR PRADESH,D680,AMETHI,3.2
30-12-2025,26.5,81.5,AMETHI,UTTAR PRADESH,D680,AMETHI,3.6
31-12-2025,26.5,81.5,AMETHI,UTTAR PRADESH,D680,AMETHI,3.04
01-01-2025,26.5,79.5,AURAIYA,UTTAR PRADESH,D682,AURAIYA,2.91
02-01-2025,26.5,79.5,AURAIYA,UTTAR PRADESH,D682,AURAIYA,3.12
03-01-2025,26.5,79.5,AURAIYA,UTTAR PRADESH,D682,AURAIYA,3.17
04-01-2025,26.5,79.5,AURAIYA,UTTAR PRADESH,D682,AURAIYA,3.13
05-01-2025,26.5,79.5,AURAIYA,UTTAR PRADESH,D682,AURAIYA,3.81
06-01-2025,26.5,79.5,AURAIYA,UTTAR PRADESH,D682,AURAIYA,3.84
07-01-2025,26.5,79.5,AURAIYA,UTTAR PRADESH,D682,AURAIYA,3.16
08-01-2025,26.5,79.5,AURAIYA,UTTAR PRADESH,D682,AURAIYA,2.81
09-01-2025,26.5,79.5,AURAIYA,UTTAR PRADESH,D682,AURAIYA,3.17
10-01-2025,26.5,79.5,AURAIYA,UTTAR PRADESH,D682,AURAIYA,2.95
11-01-2025,26.5,79.5,AURAIYA,UTTAR PRADESH,D682,AURAIYA,2.83
12-01-2025,26.5,79.5,AURAIYA,UTTAR PRADESH,D682,AURAIYA,2.78
13-01-2025,26.5,79.5,AURAIYA,UTTAR PRADESH,D682,AURAIYA,3.08
14-01-2025,26.5,79.5,AURAIYA,UTTAR PRADESH,D682,AURAIYA,2.85
15-01-2025,26.5,79.5,AURAIYA,UTTAR PRADESH,D682,AURAIYA,3.23
16-01-2025,26.5,79.5,AURAIYA,UTTAR PRADESH,D682,AURAIYA,3.86
17-01-2025,26.5,79.5,AURAIYA,UTTAR PRADESH,D682,AURAIYA,3.73
18-01-2025,26.5,79.5,AURAIYA,UTTAR PRADESH,D682,AURAIYA,3.89
19-01-2025,26.5,79.5,AURAIYA,UTTAR PRADESH,D682,AURAIYA,3.83
20-01-2025,26.5,79.5,AURAIYA,UTTAR PRADESH,D682,AURAIYA,3.22
21-01-2025,26.5,79.5,AURAIYA,UTTAR PRADESH,D682,AURAIYA,2.92
22-01-2025,26.5,79.5,AURAIYA,UTTAR PRADESH,D682,AURAIYA,3.01
23-01-2025,26.5,79.5,AURAIYA,UTTAR PRADESH,D682,AURAIYA,2.61
24-01-2025,26.5,79.5,AURAIYA,UTTAR PRADESH,D682,AURAIYA,2.57
25-01-2025,26.5,79.5,AURAIYA,UTTAR PRADESH,D682,AURAIYA,3.03
26-01-2025,26.5,79.5,AURAIYA,UTTAR PRADESH,D682,AURAIYA,2.91
27-01-2025,26.5,79.5,AURAIYA,UTTAR PRADESH,D682,AURAIYA,2.51
28-01-2025,26.5,79.5,AURAIYA,UTTAR PRADESH,D682,AURAIYA,2.27
29-01-2025,26.5,79.5,AURAIYA,UTTAR PRADESH,D682,AURAIYA,2.39
30-01-2025,26.5,79.5,AURAIYA,UTTAR PRADESH,D682,AURAIYA,2.56
31-01-2025,26.5,79.5,AURAIYA,UTTAR PRADESH,D682,AURAIYA,2.58
01-02-2025,26.5,79.5,AURAIYA,UTTAR PRADESH,D682,AURAIYA,2.65
02-02-2025,26.5,79.5,AURAIYA,UTTAR PRADESH,D682,AURAIYA,2.39
03-02-2025,26.5,79.5,AURAIYA,UTTAR PRADESH,D682,AURAIYA,2.1
04-02-2025,26.5,79.5,AURAIYA,UTTAR PRADESH,D682,AURAIYA,2.33
05-02-2025,26.5,79.5,AURAIYA,UTTAR PRADESH,D682,AURAIYA,2.39
06-02-2025,26.5,79.5,AURAIYA,UTTAR PRADESH,D682,AURAIYA,2.48
07-02-2025,26.5,79.5,AURAIYA,UTTAR PRADESH,D682,AURAIYA,2.32
08-02-2025,26.5,79.5,AURAIYA,UTTAR PRADESH,D682,AURAIYA,2.27
09-02-2025,26.5,79.5,AURAIYA,UTTAR PRADESH,D682,AURAIYA,2.49
10-02-2025,26.5,79.5,AURAIYA,UTTAR PRADESH,D682,AURAIYA,2.77
11-02-2025,26.5,79.5,AURAIYA,UTTAR PRADESH,D682,AURAIYA,2.67
12-02-2025,26.5,79.5,AURAIYA,UTTAR PRADESH,D682,AURAIYA,2.71
13-02-2025,26.5,79.5,AURAIYA,UTTAR PRADESH,D682,AURAIYA,2.73
14-02-2025,26.5,79.5,AURAIYA,UTTAR PRADESH,D682,AURAIYA,2.58
15-02-2025,26.5,79.5,AURAIYA,UTTAR PRADESH,D682,AURAIYA,2.56
16-02-2025,26.5,79.5,AURAIYA,UTTAR PRADESH,D682,AURAIYA,2.84
17-02-2025,26.5,79.5,AURAIYA,UTTAR PRADESH,D682,AURAIYA,2.36
18-02-2025,26.5,79.5,AURAIYA,UTTAR PRADESH,D682,AURAIYA,2.13
19-02-2025,26.5,79.5,AURAIYA,UTTAR PRADESH,D682,AURAIYA,2.29
20-02-2025,26.5,79.5,AURAIYA,UTTAR PRADESH,D682,AURAIYA,2.13
21-02-2025,26.5,79.5,AURAIYA,UTTAR PRADESH,D682,AURAIYA,2.65
22-02-2025,26.5,79.5,AURAIYA,UTTAR PRADESH,D682,AURAIYA,2.93
23-02-2025,26.5,79.5,AURAIYA,UTTAR PRADESH,D682,AURAIYA,2.79
24-02-2025,26.5,79.5,AURAIYA,UTTAR PRADESH,D682,AURAIYA,2.87
25-02-2025,26.5,79.5,AURAIYA,UTTAR PRADESH,D682,AURAIYA,2.71
26-02-2025,26.5,79.5,AURAIYA,UTTAR PRADESH,D682,AURAIYA,2.5
27-02-2025,26.5,79.5,AURAIYA,UTTAR PRADESH,D682,AURAIYA,2.87
28-02-2025,26.5,79.5,AURAIYA,UTTAR PRADESH,D682,AURAIYA,2.76
29-02-2025,26.5,79.5,AURAIYA,UTTAR PRADESH,D682,AURAIYA,1.77
01-03-2025,26.5,79.5,AURAIYA,UTTAR PRADESH,D682,AURAIYA,3.37
02-03-2025,26.5,79.5,AURAIYA,UTTAR PRADESH,D682,AURAIYA,3.09
03-03-2025,26.5,79.5,AURAIYA,UTTAR PRADESH,D682,AURAIYA,3.14
04-03-2025,26.5,79.5,AURAIYA,UTTAR PRADESH,D682,AURAIYA,3.04
05-03-2025,26.5,79.5,AURAIYA,UTTAR PRADESH,D682,AURAIYA,2.88
06-03-2025,26.5,79.5,AURAIYA,UTTAR PRADESH,D682,AURAIYA,2.48
07-03-2025,26.5,79.5,AURAIYA,UTTAR PRADESH,D682,AURAIYA,2.6
08-03-2025,26.5,79.5,AURAIYA,UTTAR PRADESH,D682,AURAIYA,2.25
09-03-2025,26.5,79.5,AURAIYA,UTTAR PRADESH,D682,AURAIYA,2.06
10-03-2025,26.5,79.5,AURAIYA,UTTAR PRADESH,D682,AURAIYA,2.85
11-03-2025,26.5,79.5,AURAIYA,UTTAR PRADESH,D682,AURAIYA,2.58
12-03-2025,26.5,79.5,AURAIYA,UTTAR PRADESH,D682,AURAIYA,2.49
13-03-2025,26.5,79.5,AURAIYA,UTTAR PRADESH,D682,AURAIYA,2.71
14-03-2025,26.5,79.5,AURAIYA,UTTAR PRADESH,D682,AURAIYA,2.79
15-03-2025,26.5,79.5,AURAIYA,UTTAR PRADESH,D682,AURAIYA,3.16
16-03-2025,26.5,79.5,AURAIYA,UTTAR PRADESH,D682,AURAIYA,2.43
17-03-2025,26.5,79.5,AURAIYA,UTTAR PRADESH,D682,AURAIYA,2.53
18-03-2025,26.5,79.5,AURAIYA,UTTAR PRADESH,D682,AURAIYA,2.51
19-03-2025,26.5,79.5,AURAIYA,UTTAR PRADESH,D682,AURAIYA,2.54
20-03-2025,26.5,79.5,AURAIYA,UTTAR PRADESH,D682,AURAIYA,2.61
21-03-2025,26.5,79.5,AURAIYA,UTTAR PRADESH,D682,AURAIYA,2.51
22-03-2025,26.5,79.5,AURAIYA,UTTAR PRADESH,D682,AURAIYA,2.31
23-03-2025,26.5,79.5,AURAIYA,UTTAR PRADESH,D682,AURAIYA,2.16
24-03-2025,26.5,79.5,AURAIYA,UTTAR PRADESH,D682,AURAIYA,2.23
25-03-2025,26.5,79.5,AURAIYA,UTTAR PRADESH,D682,AURAIYA,2.15
26-03-2025,26.5,79.5,AURAIYA,UTTAR PRADESH,D682,AURAIYA,2.3
27-03-2025,26.5,79.5,AURAIYA,UTTAR PRADESH,D682,AURAIYA,2.85
28-03-2025,26.5,79.5,AURAIYA,UTTAR PRADESH,D682,AURAIYA,2.04
29-03-2025,26.5,79.5,AURAIYA,UTTAR PRADESH,D682,AURAIYA,2.13
30-03-2025,26.5,79.5,AURAIYA,UTTAR PRADESH,D682,AURAIYA,2.58
31-03-2025,26.5,79.5,AURAIYA,UTTAR PRADESH,D682,AURAIYA,2.76
01-04-2025,26.5,79.5,AURAIYA,UTTAR PRADESH,D682,AURAIYA,2.66
02-04-2025,26.5,79.5,AURAIYA,UTTAR PRADESH,D682,AURAIYA,2.28
03-04-2025,26.5,79.5,AURAIYA,UTTAR PRADESH,D682,AURAIYA,2.62
04-04-2025,26.5,79.5,AURAIYA,UTTAR PRADESH,D682,AURAIYA,2.68
05-04-2025,26.5,79.5,AURAIYA,UTTAR PRADESH,D682,AURAIYA,2.57
06-04-2025,26.5,79.5,AURAIYA,UTTAR PRADESH,D682,AURAIYA,2.32
07-04-2025,26.5,79.5,AURAIYA,UTTAR PRADESH,D682,AURAIYA,2.26
08-04-2025,26.5,79.5,AURAIYA,UTTAR PRADESH,D682,AURAIYA,2.07
09-04-2025,26.5,79.5,AURAIYA,UTTAR PRADESH,D682,AURAIYA,2.33
10-04-2025,26.5,79.5,AURAIYA,UTTAR PRADESH,D682,AURAIYA,2.16
11-04-2025,26.5,79.5,AURAIYA,UTTAR PRADESH,D682,AURAIYA,2.16
12-04-2025,26.5,79.5,AURAIYA,UTTAR PRADESH,D682,AURAIYA,2.37
13-04-2025,26.5,79.5,AURAIYA,UTTAR PRADESH,D682,AURAIYA,2.68
14-04-2025,26.5,79.5,AURAIYA,UTTAR PRADESH,D682,AURAIYA,2.32
15-04-2025,26.5,79.5,AURAIYA,UTTAR PRADESH,D682,AURAIYA,2.46
16-04-2025,26.5,79.5,AURAIYA,UTTAR PRADESH,D682,AURAIYA,2.64
17-04-2025,26.5,79.5,AURAIYA,UTTAR PRADESH,D682,AURAIYA,2.91
18-04-2025,26.5,79.5,AURAIYA,UTTAR PRADESH,D682,AURAIYA,3
19-04-2025,26.5,79.5,AURAIYA,UTTAR PRADESH,D682,AURAIYA,2.77
20-04-2025,26.5,79.5,AURAIYA,UTTAR PRADESH,D682,AURAIYA,2.56
21-04-2025,26.5,79.5,AURAIYA,UTTAR PRADESH,D682,AURAIYA,2.7
22-04-2025,26.5,79.5,AURAIYA,UTTAR PRADESH,D682,AURAIYA,2.27
23-04-2025,26.5,79.5,AURAIYA,UTTAR PRADESH,D682,AURAIYA,1.92
24-04-2025,26.5,79.5,AURAIYA,UTTAR PRADESH,D682,AURAIYA,2.25
25-04-2025,26.5,79.5,AURAIYA,UTTAR PRADESH,D682,AURAIYA,2.37
26-04-2025,26.5,79.5,AURAIYA,UTTAR PRADESH,D682,AURAIYA,2.54
27-04-2025,26.5,79.5,AURAIYA,UTTAR PRADESH,D682,AURAIYA,2.31
28-04-2025,26.5,79.5,AURAIYA,UTTAR PRADESH,D682,AURAIYA,2.41
29-04-2025,26.5,79.5,AURAIYA,UTTAR PRADESH,D682,AURAIYA,2.6
30-04-2025,26.5,79.5,AURAIYA,UTTAR PRADESH,D682,AURAIYA,3.09
01-05-2025,26.5,79.5,AURAIYA,UTTAR PRADESH,D682,AURAIYA,3.05
02-05-2025,26.5,79.5,AURAIYA,UTTAR PRADESH,D682,AURAIYA,2.9
03-05-2025,26.5,79.5,AURAIYA,UTTAR PRADESH,D682,AURAIYA,2.65
04-05-2025,26.5,79.5,AURAIYA,UTTAR PRADESH,D682,AURAIYA,2.58
05-05-2025,26.5,79.5,AURAIYA,UTTAR PRADESH,D682,AURAIYA,2.54
06-05-2025,26.5,79.5,AURAIYA,UTTAR PRADESH,D682,AURAIYA,2.3
07-05-2025,26.5,79.5,AURAIYA,UTTAR PRADESH,D682,AURAIYA,2.24
08-05-2025,26.5,79.5,AURAIYA,UTTAR PRADESH,D682,AURAIYA,2.06
09-05-2025,26.5,79.5,AURAIYA,UTTAR PRADESH,D682,AURAIYA,1.79
10-05-2025,26.5,79.5,AURAIYA,UTTAR PRADESH,D682,AURAIYA,2.01
11-05-2025,26.5,79.5,AURAIYA,UTTAR PRADESH,D682,AURAIYA,1.84
12-05-2025,26.5,79.5,AURAIYA,UTTAR PRADESH,D682,AURAIYA,1.83
13-05-2025,26.5,79.5,AURAIYA,UTTAR PRADESH,D682,AURAIYA,2.1
14-05-2025,26.5,79.5,AURAIYA,UTTAR PRADESH,D682,AURAIYA,1.92
15-05-2025,26.5,79.5,AURAIYA,UTTAR PRADESH,D682,AURAIYA,1.99
16-05-2025,26.5,79.5,AURAIYA,UTTAR PRADESH,D682,AURAIYA,1.81
17-05-2025,26.5,79.5,AURAIYA,UTTAR PRADESH,D682,AURAIYA,2.33
18-05-2025,26.5,79.5,AURAIYA,UTTAR PRADESH,D682,AURAIYA,2.73
19-05-2025,26.5,79.5,AURAIYA,UTTAR PRADESH,D682,AURAIYA,3.01
20-05-2025,26.5,79.5,AURAIYA,UTTAR PRADESH,D682,AURAIYA,2.94
21-05-2025,26.5,79.5,AURAIYA,UTTAR PRADESH,D682,AURAIYA,2.74
22-05-2025,26.5,79.5,AURAIYA,UTTAR PRADESH,D682,AURAIYA,3.01
23-05-2025,26.5,79.5,AURAIYA,UTTAR PRADESH,D682,AURAIYA,2.93
24-05-2025,26.5,79.5,AURAIYA,UTTAR PRADESH,D682,AURAIYA,2.76
25-05-2025,26.5,79.5,AURAIYA,UTTAR PRADESH,D682,AURAIYA,2.71
26-05-2025,26.5,79.5,AURAIYA,UTTAR PRADESH,D682,AURAIYA,2.69
27-05-2025,26.5,79.5,AURAIYA,UTTAR PRADESH,D682,AURAIYA,2.7
28-05-2025,26.5,79.5,AURAIYA,UTTAR PRADESH,D682,AURAIYA,2.64
29-05-2025,26.5,79.5,AURAIYA,UTTAR PRADESH,D682,AURAIYA,3.2
30-05-2025,26.5,79.5,AURAIYA,UTTAR PRADESH,D682,AURAIYA,3.05
31-05-2025,26.5,79.5,AURAIYA,UTTAR PRADESH,D682,AURAIYA,2.85
01-06-2025,26.5,79.5,AURAIYA,UTTAR PRADESH,D682,AURAIYA,3.1
02-06-2025,26.5,79.5,AURAIYA,UTTAR PRADESH,D682,AURAIYA,3.09
03-06-2025,26.5,79.5,AURAIYA,UTTAR PRADESH,D682,AURAIYA,3.18
04-06-2025,26.5,79.5,AURAIYA,UTTAR PRADESH,D682,AURAIYA,3.63
05-06-2025,26.5,79.5,AURAIYA,UTTAR PRADESH,D682,AURAIYA,3.27
06-06-2025,26.5,79.5,AURAIYA,UTTAR PRADESH,D682,AURAIYA,2.75
07-06-2025,26.5,79.5,AURAIYA,UTTAR PRADESH,D682,AURAIYA,3.25
08-06-2025,26.5,79.5,AURAIYA,UTTAR PRADESH,D682,AURAIYA,3.21
09-06-2025,26.5,79.5,AURAIYA,UTTAR PRADESH,D682,AURAIYA,2.85
10-06-2025,26.5,79.5,AURAIYA,UTTAR PRADESH,D682,AURAIYA,3.29
11-06-2025,26.5,79.5,AURAIYA,UTTAR PRADESH,D682,AURAIYA,2.88
12-06-2025,26.5,79.5,AURAIYA,UTTAR PRADESH,D682,AURAIYA,2.66
13-06-2025,26.5,79.5,AURAIYA,UTTAR PRADESH,D682,AURAIYA,2.82
14-06-2025,26.5,79.5,AURAIYA,UTTAR PRADESH,D682,AURAIYA,2.94
15-06-2025,26.5,79.5,AURAIYA,UTTAR PRADESH,D682,AURAIYA,3.43
16-06-2025,26.5,79.5,AURAIYA,UTTAR PRADESH,D682,AURAIYA,3.98
17-06-2025,26.5,79.5,AURAIYA,UTTAR PRADESH,D682,AURAIYA,3.97
18-06-2025,26.5,79.5,AURAIYA,UTTAR PRADESH,D682,AURAIYA,3.75
19-06-2025,26.5,79.5,AURAIYA,UTTAR PRADESH,D682,AURAIYA,3.58
20-06-2025,26.5,79.5,AURAIYA,UTTAR PRADESH,D682,AURAIYA,3.55
21-06-2025,26.5,79.5,AURAIYA,UTTAR PRADESH,D682,AURAIYA,3.22
22-06-2025,26.5,79.5,AURAIYA,UTTAR PRADESH,D682,AURAIYA,3.28
23-06-2025,26.5,79.5,AURAIYA,UTTAR PRADESH,D682,AURAIYA,2.87
24-06-2025,26.5,79.5,AURAIYA,UTTAR PRADESH,D682,AURAIYA,2.63
25-06-2025,26.5,79.5,AURAIYA,UTTAR PRADESH,D682,AURAIYA,2.86
26-06-2025,26.5,79.5,AURAIYA,UTTAR PRADESH,D682,AURAIYA,2.6
27-06-2025,26.5,79.5,AURAIYA,UTTAR PRADESH,D682,AURAIYA,3.05
28-06-2025,26.5,79.5,AURAIYA,UTTAR PRADESH,D682,AURAIYA,3.06
29-06-2025,26.5,79.5,AURAIYA,UTTAR PRADESH,D682,AURAIYA,3.11
30-06-2025,26.5,79.5,AURAIYA,UTTAR PRADESH,D682,AURAIYA,3.35
01-07-2025,26.5,79.5,AURAIYA,UTTAR PRADESH,D682,AURAIYA,2.77
02-07-2025,26.5,79.5,AURAIYA,UTTAR PRADESH,D682,AURAIYA,2.66
03-07-2025,26.5,79.5,AURAIYA,UTTAR PRADESH,D682,AURAIYA,2.09
04-07-2025,26.5,79.5,AURAIYA,UTTAR PRADESH,D682,AURAIYA,2.3
05-07-2025,26.5,79.5,AURAIYA,UTTAR PRADESH,D682,AURAIYA,2.68
06-07-2025,26.5,79.5,AURAIYA,UTTAR PRADESH,D682,AURAIYA,2.98
07-07-2025,26.5,79.5,AURAIYA,UTTAR PRADESH,D682,AURAIYA,2.63
08-07-2025,26.5,79.5,AURAIYA,UTTAR PRADESH,D682,AURAIYA,2.58
09-07-2025,26.5,79.5,AURAIYA,UTTAR PRADESH,D682,AURAIYA,2.82
10-07-2025,26.5,79.5,AURAIYA,UTTAR PRADESH,D682,AURAIYA,2.52
11-07-2025,26.5,79.5,AURAIYA,UTTAR PRADESH,D682,AURAIYA,2.54
12-07-2025,26.5,79.5,AURAIYA,UTTAR PRADESH,D682,AURAIYA,2.46
13-07-2025,26.5,79.5,AURAIYA,UTTAR PRADESH,D682,AURAIYA,2.54
14-07-2025,26.5,79.5,AURAIYA,UTTAR PRADESH,D682,AURAIYA,2.51
15-07-2025,26.5,79.5,AURAIYA,UTTAR PRADESH,D682,AURAIYA,2.43
16-07-2025,26.5,79.5,AURAIYA,UTTAR PRADESH,D682,AURAIYA,2.39
17-07-2025,26.5,79.5,AURAIYA,UTTAR PRADESH,D682,AURAIYA,2.46
18-07-2025,26.5,79.5,AURAIYA,UTTAR PRADESH,D682,AURAIYA,2.23
19-07-2025,26.5,79.5,AURAIYA,UTTAR PRADESH,D682,AURAIYA,1.99
20-07-2025,26.5,79.5,AURAIYA,UTTAR PRADESH,D682,AURAIYA,1.77
21-07-2025,26.5,79.5,AURAIYA,UTTAR PRADESH,D682,AURAIYA,1.84
22-07-2025,26.5,79.5,AURAIYA,UTTAR PRADESH,D682,AURAIYA,1.98
23-07-2025,26.5,79.5,AURAIYA,UTTAR PRADESH,D682,AURAIYA,1.83
24-07-2025,26.5,79.5,AURAIYA,UTTAR PRADESH,D682,AURAIYA,1.7
25-07-2025,26.5,79.5,AURAIYA,UTTAR PRADESH,D682,AURAIYA,1.81
26-07-2025,26.5,79.5,AURAIYA,UTTAR PRADESH,D682,AURAIYA,1.96
27-07-2025,26.5,79.5,AURAIYA,UTTAR PRADESH,D682,AURAIYA,2.17
28-07-2025,26.5,79.5,AURAIYA,UTTAR PRADESH,D682,AURAIYA,1.97
29-07-2025,26.5,79.5,AURAIYA,UTTAR PRADESH,D682,AURAIYA,2.05
30-07-2025,26.5,79.5,AURAIYA,UTTAR PRADESH,D682,AURAIYA,1.93
31-07-2025,26.5,79.5,AURAIYA,UTTAR PRADESH,D682,AURAIYA,1.65
01-08-2025,26.5,79.5,AURAIYA,UTTAR PRADESH,D682,AURAIYA,1.57
02-08-2025,26.5,79.5,AURAIYA,UTTAR PRADESH,D682,AURAIYA,1.56
03-08-2025,26.5,79.5,AURAIYA,UTTAR PRADESH,D682,AURAIYA,1.7
04-08-2025,26.5,79.5,AURAIYA,UTTAR PRADESH,D682,AURAIYA,1.55
05-08-2025,26.5,79.5,AURAIYA,UTTAR PRADESH,D682,AURAIYA,1.23
06-08-2025,26.5,79.5,AURAIYA,UTTAR PRADESH,D682,AURAIYA,1.33
07-08-2025,26.5,79.5,AURAIYA,UTTAR PRADESH,D682,AURAIYA,1.49
08-08-2025,26.5,79.5,AURAIYA,UTTAR PRADESH,D682,AURAIYA,1.65
09-08-2025,26.5,79.5,AURAIYA,UTTAR PRADESH,D682,AURAIYA,1.63
10-08-2025,26.5,79.5,AURAIYA,UTTAR PRADESH,D682,AURAIYA,1.35
11-08-2025,26.5,79.5,AURAIYA,UTTAR PRADESH,D682,AURAIYA,1.33
12-08-2025,26.5,79.5,AURAIYA,UTTAR PRADESH,D682,AURAIYA,1.54
13-08-2025,26.5,79.5,AURAIYA,UTTAR PRADESH,D682,AURAIYA,1.47
14-08-2025,26.5,79.5,AURAIYA,UTTAR PRADESH,D682,AURAIYA,1.57
15-08-2025,26.5,79.5,AURAIYA,UTTAR PRADESH,D682,AURAIYA,1.83
16-08-2025,26.5,79.5,AURAIYA,UTTAR PRADESH,D682,AURAIYA,1.82
17-08-2025,26.5,79.5,AURAIYA,UTTAR PRADESH,D682,AURAIYA,1.73
18-08-2025,26.5,79.5,AURAIYA,UTTAR PRADESH,D682,AURAIYA,1.62
19-08-2025,26.5,79.5,AURAIYA,UTTAR PRADESH,D682,AURAIYA,1.6
20-08-2025,26.5,79.5,AURAIYA,UTTAR PRADESH,D682,AURAIYA,1.34
21-08-2025,26.5,79.5,AURAIYA,UTTAR PRADESH,D682,AURAIYA,1.55
22-08-2025,26.5,79.5,AURAIYA,UTTAR PRADESH,D682,AURAIYA,1.69
23-08-2025,26.5,79.5,AURAIYA,UTTAR PRADESH,D682,AURAIYA,1.65
24-08-2025,26.5,79.5,AURAIYA,UTTAR PRADESH,D682,AURAIYA,1.7
25-08-2025,26.5,79.5,AURAIYA,UTTAR PRADESH,D682,AURAIYA,1.68
26-08-2025,26.5,79.5,AURAIYA,UTTAR PRADESH,D682,AURAIYA,1.45
27-08-2025,26.5,79.5,AURAIYA,UTTAR PRADESH,D682,AURAIYA,1.22
28-08-2025,26.5,79.5,AURAIYA,UTTAR PRADESH,D682,AURAIYA,1.23
29-08-2025,26.5,79.5,AURAIYA,UTTAR PRADESH,D682,AURAIYA,1.43
30-08-2025,26.5,79.5,AURAIYA,UTTAR PRADESH,D682,AURAIYA,1.59
31-08-2025,26.5,79.5,AURAIYA,UTTAR PRADESH,D682,AURAIYA,1.69
01-09-2025,26.5,79.5,AURAIYA,UTTAR PRADESH,D682,AURAIYA,1.79
02-09-2025,26.5,79.5,AURAIYA,UTTAR PRADESH,D682,AURAIYA,2.04
03-09-2025,26.5,79.5,AURAIYA,UTTAR PRADESH,D682,AURAIYA,2.04
04-09-2025,26.5,79.5,AURAIYA,UTTAR PRADESH,D682,AURAIYA,2.04
05-09-2025,26.5,79.5,AURAIYA,UTTAR PRADESH,D682,AURAIYA,1.98
06-09-2025,26.5,79.5,AURAIYA,UTTAR PRADESH,D682,AURAIYA,1.97
07-09-2025,26.5,79.5,AURAIYA,UTTAR PRADESH,D682,AURAIYA,2.01
08-09-2025,26.5,79.5,AURAIYA,UTTAR PRADESH,D682,AURAIYA,2.11
09-09-2025,26.5,79.5,AURAIYA,UTTAR PRADESH,D682,AURAIYA,2.3
10-09-2025,26.5,79.5,AURAIYA,UTTAR PRADESH,D682,AURAIYA,2.22
11-09-2025,26.5,79.5,AURAIYA,UTTAR PRADESH,D682,AURAIYA,2.28
12-09-2025,26.5,79.5,AURAIYA,UTTAR PRADESH,D682,AURAIYA,2.24
13-09-2025,26.5,79.5,AURAIYA,UTTAR PRADESH,D682,AURAIYA,1.98
14-09-2025,26.5,79.5,AURAIYA,UTTAR PRADESH,D682,AURAIYA,1.78
15-09-2025,26.5,79.5,AURAIYA,UTTAR PRADESH,D682,AURAIYA,2.03
16-09-2025,26.5,79.5,AURAIYA,UTTAR PRADESH,D682,AURAIYA,2.29
17-09-2025,26.5,79.5,AURAIYA,UTTAR PRADESH,D682,AURAIYA,2.28
18-09-2025,26.5,79.5,AURAIYA,UTTAR PRADESH,D682,AURAIYA,2.22
19-09-2025,26.5,79.5,AURAIYA,UTTAR PRADESH,D682,AURAIYA,2.26
20-09-2025,26.5,79.5,AURAIYA,UTTAR PRADESH,D682,AURAIYA,1.93
21-09-2025,26.5,79.5,AURAIYA,UTTAR PRADESH,D682,AURAIYA,2.22
22-09-2025,26.5,79.5,AURAIYA,UTTAR PRADESH,D682,AURAIYA,2.12
23-09-2025,26.5,79.5,AURAIYA,UTTAR PRADESH,D682,AURAIYA,1.75
24-09-2025,26.5,79.5,AURAIYA,UTTAR PRADESH,D682,AURAIYA,1.89
25-09-2025,26.5,79.5,AURAIYA,UTTAR PRADESH,D682,AURAIYA,2.28
26-09-2025,26.5,79.5,AURAIYA,UTTAR PRADESH,D682,AURAIYA,2.05
27-09-2025,26.5,79.5,AURAIYA,UTTAR PRADESH,D682,AURAIYA,1.98
28-09-2025,26.5,79.5,AURAIYA,UTTAR PRADESH,D682,AURAIYA,2.01
29-09-2025,26.5,79.5,AURAIYA,UTTAR PRADESH,D682,AURAIYA,1.87
30-09-2025,26.5,79.5,AURAIYA,UTTAR PRADESH,D682,AURAIYA,1.49
01-10-2025,26.5,79.5,AURAIYA,UTTAR PRADESH,D682,AURAIYA,1.47
02-10-2025,26.5,79.5,AURAIYA,UTTAR PRADESH,D682,AURAIYA,1.83
03-10-2025,26.5,79.5,AURAIYA,UTTAR PRADESH,D682,AURAIYA,2.4
04-10-2025,26.5,79.5,AURAIYA,UTTAR PRADESH,D682,AURAIYA,2.6
05-10-2025,26.5,79.5,AURAIYA,UTTAR PRADESH,D682,AURAIYA,2.55
06-10-2025,26.5,79.5,AURAIYA,UTTAR PRADESH,D682,AURAIYA,2.67
07-10-2025,26.5,79.5,AURAIYA,UTTAR PRADESH,D682,AURAIYA,2.16
08-10-2025,26.5,79.5,AURAIYA,UTTAR PRADESH,D682,AURAIYA,1.81
09-10-2025,26.5,79.5,AURAIYA,UTTAR PRADESH,D682,AURAIYA,1.59
10-10-2025,26.5,79.5,AURAIYA,UTTAR PRADESH,D682,AURAIYA,1.85
11-10-2025,26.5,79.5,AURAIYA,UTTAR PRADESH,D682,AURAIYA,1.9
12-10-2025,26.5,79.5,AURAIYA,UTTAR PRADESH,D682,AURAIYA,1.82
13-10-2025,26.5,79.5,AURAIYA,UTTAR PRADESH,D682,AURAIYA,1.81
14-10-2025,26.5,79.5,AURAIYA,UTTAR PRADESH,D682,AURAIYA,2.45
15-10-2025,26.5,79.5,AURAIYA,UTTAR PRADESH,D682,AURAIYA,1.86
16-10-2025,26.5,79.5,AURAIYA,UTTAR PRADESH,D682,AURAIYA,1.63
17-10-2025,26.5,79.5,AURAIYA,UTTAR PRADESH,D682,AURAIYA,1.61
18-10-2025,26.5,79.5,AURAIYA,UTTAR PRADESH,D682,AURAIYA,1.6
19-10-2025,26.5,79.5,AURAIYA,UTTAR PRADESH,D682,AURAIYA,1.6
20-10-2025,26.5,79.5,AURAIYA,UTTAR PRADESH,D682,AURAIYA,1.7
21-10-2025,26.5,79.5,AURAIYA,UTTAR PRADESH,D682,AURAIYA,1.78
22-10-2025,26.5,79.5,AURAIYA,UTTAR PRADESH,D682,AURAIYA,1.54
23-10-2025,26.5,79.5,AURAIYA,UTTAR PRADESH,D682,AURAIYA,1.71
24-10-2025,26.5,79.5,AURAIYA,UTTAR PRADESH,D682,AURAIYA,1.95
25-10-2025,26.5,79.5,AURAIYA,UTTAR PRADESH,D682,AURAIYA,1.72
26-10-2025,26.5,79.5,AURAIYA,UTTAR PRADESH,D682,AURAIYA,1.54
27-10-2025,26.5,79.5,AURAIYA,UTTAR PRADESH,D682,AURAIYA,1.8
28-10-2025,26.5,79.5,AURAIYA,UTTAR PRADESH,D682,AURAIYA,2.1
29-10-2025,26.5,79.5,AURAIYA,UTTAR PRADESH,D682,AURAIYA,2
30-10-2025,26.5,79.5,AURAIYA,UTTAR PRADESH,D682,AURAIYA,2.13
31-10-2025,26.5,79.5,AURAIYA,UTTAR PRADESH,D682,AURAIYA,1.81
01-11-2025,26.5,79.5,AURAIYA,UTTAR PRADESH,D682,AURAIYA,1.33
02-11-2025,26.5,79.5,AURAIYA,UTTAR PRADESH,D682,AURAIYA,1.33
03-11-2025,26.5,79.5,AURAIYA,UTTAR PRADESH,D682,AURAIYA,1.33
04-11-2025,26.5,79.5,AURAIYA,UTTAR PRADESH,D682,AURAIYA,1.28
05-11-2025,26.5,79.5,AURAIYA,UTTAR PRADESH,D682,AURAIYA,1.19
06-11-2025,26.5,79.5,AURAIYA,UTTAR PRADESH,D682,AURAIYA,1.35
07-11-2025,26.5,79.5,AURAIYA,UTTAR PRADESH,D682,AURAIYA,1.38
08-11-2025,26.5,79.5,AURAIYA,UTTAR PRADESH,D682,AURAIYA,1.63
09-11-2025,26.5,79.5,AURAIYA,UTTAR PRADESH,D682,AURAIYA,1.32
10-11-2025,26.5,79.5,AURAIYA,UTTAR PRADESH,D682,AURAIYA,1.17
11-11-2025,26.5,79.5,AURAIYA,UTTAR PRADESH,D682,AURAIYA,1.24
12-11-2025,26.5,79.5,AURAIYA,UTTAR PRADESH,D682,AURAIYA,1.96
13-11-2025,26.5,79.5,AURAIYA,UTTAR PRADESH,D682,AURAIYA,1.52
14-11-2025,26.5,79.5,AURAIYA,UTTAR PRADESH,D682,AURAIYA,1.44
15-11-2025,26.5,79.5,AURAIYA,UTTAR PRADESH,D682,AURAIYA,1.4
16-11-2025,26.5,79.5,AURAIYA,UTTAR PRADESH,D682,AURAIYA,1.39
17-11-2025,26.5,79.5,AURAIYA,UTTAR PRADESH,D682,AURAIYA,1.3
18-11-2025,26.5,79.5,AURAIYA,UTTAR PRADESH,D682,AURAIYA,1.47
19-11-2025,26.5,79.5,AURAIYA,UTTAR PRADESH,D682,AURAIYA,1.65
20-11-2025,26.5,79.5,AURAIYA,UTTAR PRADESH,D682,AURAIYA,1.49
21-11-2025,26.5,79.5,AURAIYA,UTTAR PRADESH,D682,AURAIYA,1.4
22-11-2025,26.5,79.5,AURAIYA,UTTAR PRADESH,D682,AURAIYA,1.46
23-11-2025,26.5,79.5,AURAIYA,UTTAR PRADESH,D682,AURAIYA,1.62
24-11-2025,26.5,79.5,AURAIYA,UTTAR PRADESH,D682,AURAIYA,1.25
25-11-2025,26.5,79.5,AURAIYA,UTTAR PRADESH,D682,AURAIYA,1.23
26-11-2025,26.5,79.5,AURAIYA,UTTAR PRADESH,D682,AURAIYA,1.36
27-11-2025,26.5,79.5,AURAIYA,UTTAR PRADESH,D682,AURAIYA,1.47
28-11-2025,26.5,79.5,AURAIYA,UTTAR PRADESH,D682,AURAIYA,1.5
29-11-2025,26.5,79.5,AURAIYA,UTTAR PRADESH,D682,AURAIYA,1.64
30-11-2025,26.5,79.5,AURAIYA,UTTAR PRADESH,D682,AURAIYA,1.67
01-12-2025,26.5,79.5,AURAIYA,UTTAR PRADESH,D682,AURAIYA,1.42
02-12-2025,26.5,79.5,AURAIYA,UTTAR PRADESH,D682,AURAIYA,1.43
03-12-2025,26.5,79.5,AURAIYA,UTTAR PRADESH,D682,AURAIYA,1.48
04-12-2025,26.5,79.5,AURAIYA,UTTAR PRADESH,D682,AURAIYA,1.74
05-12-2025,26.5,79.5,AURAIYA,UTTAR PRADESH,D682,AURAIYA,1.66
06-12-2025,26.5,79.5,AURAIYA,UTTAR PRADESH,D682,AURAIYA,1.54
07-12-2025,26.5,79.5,AURAIYA,UTTAR PRADESH,D682,AURAIYA,1.62
08-12-2025,26.5,79.5,AURAIYA,UTTAR PRADESH,D682,AURAIYA,1.75
09-12-2025,26.5,79.5,AURAIYA,UTTAR PRADESH,D682,AURAIYA,2.03
10-12-2025,26.5,79.5,AURAIYA,UTTAR PRADESH,D682,AURAIYA,1.95
11-12-2025,26.5,79.5,AURAIYA,UTTAR PRADESH,D682,AURAIYA,1.75
12-12-2025,26.5,79.5,AURAIYA,UTTAR PRADESH,D682,AURAIYA,1.86
13-12-2025,26.5,79.5,AURAIYA,UTTAR PRADESH,D682,AURAIYA,2
14-12-2025,26.5,79.5,AURAIYA,UTTAR PRADESH,D682,AURAIYA,2.08
15-12-2025,26.5,79.5,AURAIYA,UTTAR PRADESH,D682,AURAIYA,2.17
16-12-2025,26.5,79.5,AURAIYA,UTTAR PRADESH,D682,AURAIYA,2.42
17-12-2025,26.5,79.5,AURAIYA,UTTAR PRADESH,D682,AURAIYA,2.54
18-12-2025,26.5,79.5,AURAIYA,UTTAR PRADESH,D682,AURAIYA,2.82
19-12-2025,26.5,79.5,AURAIYA,UTTAR PRADESH,D682,AURAIYA,2.52
20-12-2025,26.5,79.5,AURAIYA,UTTAR PRADESH,D682,AURAIYA,2.56
21-12-2025,26.5,79.5,AURAIYA,UTTAR PRADESH,D682,AURAIYA,2.74
22-12-2025,26.5,79.5,AURAIYA,UTTAR PRADESH,D682,AURAIYA,2.81
23-12-2025,26.5,79.5,AURAIYA,UTTAR PRADESH,D682,AURAIYA,2.46
24-12-2025,26.5,79.5,AURAIYA,UTTAR PRADESH,D682,AURAIYA,2.97
25-12-2025,26.5,79.5,AURAIYA,UTTAR PRADESH,D682,AURAIYA,2.65
26-12-2025,26.5,79.5,AURAIYA,UTTAR PRADESH,D682,AURAIYA,2.96
27-12-2025,26.5,79.5,AURAIYA,UTTAR PRADESH,D682,AURAIYA,3.32
28-12-2025,26.5,79.5,AURAIYA,UTTAR PRADESH,D682,AURAIYA,3.27
29-12-2025,26.5,79.5,AURAIYA,UTTAR PRADESH,D682,AURAIYA,3.06
30-12-2025,26.5,79.5,AURAIYA,UTTAR PRADESH,D682,AURAIYA,3.41
31-12-2025,26.5,79.5,AURAIYA,UTTAR PRADESH,D682,AURAIYA,3.11
01-01-2025,27.5,81.5,BAHRAICH,UTTAR PRADESH,D686,BAHRAICH,3
02-01-2025,27.5,81.5,BAHRAICH,UTTAR PRADESH,D686,BAHRAICH,3.05
03-01-2025,27.5,81.5,BAHRAICH,UTTAR PRADESH,D686,BAHRAICH,3.27
04-01-2025,27.5,81.5,BAHRAICH,UTTAR PRADESH,D686,BAHRAICH,3.16
05-01-2025,27.5,81.5,BAHRAICH,UTTAR PRADESH,D686,BAHRAICH,3.75
06-01-2025,27.5,81.5,BAHRAICH,UTTAR PRADESH,D686,BAHRAICH,3.49
07-01-2025,27.5,81.5,BAHRAICH,UTTAR PRADESH,D686,BAHRAICH,3.48
08-01-2025,27.5,81.5,BAHRAICH,UTTAR PRADESH,D686,BAHRAICH,3.4
09-01-2025,27.5,81.5,BAHRAICH,UTTAR PRADESH,D686,BAHRAICH,3.3
10-01-2025,27.5,81.5,BAHRAICH,UTTAR PRADESH,D686,BAHRAICH,3.17
11-01-2025,27.5,81.5,BAHRAICH,UTTAR PRADESH,D686,BAHRAICH,3.1
12-01-2025,27.5,81.5,BAHRAICH,UTTAR PRADESH,D686,BAHRAICH,2.84
13-01-2025,27.5,81.5,BAHRAICH,UTTAR PRADESH,D686,BAHRAICH,3.17
14-01-2025,27.5,81.5,BAHRAICH,UTTAR PRADESH,D686,BAHRAICH,3.24
15-01-2025,27.5,81.5,BAHRAICH,UTTAR PRADESH,D686,BAHRAICH,3.08
16-01-2025,27.5,81.5,BAHRAICH,UTTAR PRADESH,D686,BAHRAICH,3.53
17-01-2025,27.5,81.5,BAHRAICH,UTTAR PRADESH,D686,BAHRAICH,3.51
18-01-2025,27.5,81.5,BAHRAICH,UTTAR PRADESH,D686,BAHRAICH,3.72
19-01-2025,27.5,81.5,BAHRAICH,UTTAR PRADESH,D686,BAHRAICH,3.63
20-01-2025,27.5,81.5,BAHRAICH,UTTAR PRADESH,D686,BAHRAICH,3.28
21-01-2025,27.5,81.5,BAHRAICH,UTTAR PRADESH,D686,BAHRAICH,3.06
22-01-2025,27.5,81.5,BAHRAICH,UTTAR PRADESH,D686,BAHRAICH,2.88
23-01-2025,27.5,81.5,BAHRAICH,UTTAR PRADESH,D686,BAHRAICH,2.79
24-01-2025,27.5,81.5,BAHRAICH,UTTAR PRADESH,D686,BAHRAICH,2.53
25-01-2025,27.5,81.5,BAHRAICH,UTTAR PRADESH,D686,BAHRAICH,2.65
26-01-2025,27.5,81.5,BAHRAICH,UTTAR PRADESH,D686,BAHRAICH,2.64
27-01-2025,27.5,81.5,BAHRAICH,UTTAR PRADESH,D686,BAHRAICH,2.55
28-01-2025,27.5,81.5,BAHRAICH,UTTAR PRADESH,D686,BAHRAICH,2.2
29-01-2025,27.5,81.5,BAHRAICH,UTTAR PRADESH,D686,BAHRAICH,2.26
30-01-2025,27.5,81.5,BAHRAICH,UTTAR PRADESH,D686,BAHRAICH,2.29
31-01-2025,27.5,81.5,BAHRAICH,UTTAR PRADESH,D686,BAHRAICH,2.59
01-02-2025,27.5,81.5,BAHRAICH,UTTAR PRADESH,D686,BAHRAICH,2.53
02-02-2025,27.5,81.5,BAHRAICH,UTTAR PRADESH,D686,BAHRAICH,2.3
03-02-2025,27.5,81.5,BAHRAICH,UTTAR PRADESH,D686,BAHRAICH,1.85
04-02-2025,27.5,81.5,BAHRAICH,UTTAR PRADESH,D686,BAHRAICH,2.14
05-02-2025,27.5,81.5,BAHRAICH,UTTAR PRADESH,D686,BAHRAICH,2.12
06-02-2025,27.5,81.5,BAHRAICH,UTTAR PRADESH,D686,BAHRAICH,2.15
07-02-2025,27.5,81.5,BAHRAICH,UTTAR PRADESH,D686,BAHRAICH,2.07
08-02-2025,27.5,81.5,BAHRAICH,UTTAR PRADESH,D686,BAHRAICH,2.25
09-02-2025,27.5,81.5,BAHRAICH,UTTAR PRADESH,D686,BAHRAICH,2.12
10-02-2025,27.5,81.5,BAHRAICH,UTTAR PRADESH,D686,BAHRAICH,2.26
11-02-2025,27.5,81.5,BAHRAICH,UTTAR PRADESH,D686,BAHRAICH,2.62
12-02-2025,27.5,81.5,BAHRAICH,UTTAR PRADESH,D686,BAHRAICH,2.41
13-02-2025,27.5,81.5,BAHRAICH,UTTAR PRADESH,D686,BAHRAICH,2.45
14-02-2025,27.5,81.5,BAHRAICH,UTTAR PRADESH,D686,BAHRAICH,2.53
15-02-2025,27.5,81.5,BAHRAICH,UTTAR PRADESH,D686,BAHRAICH,2.38
16-02-2025,27.5,81.5,BAHRAICH,UTTAR PRADESH,D686,BAHRAICH,2.86
17-02-2025,27.5,81.5,BAHRAICH,UTTAR PRADESH,D686,BAHRAICH,2.19
18-02-2025,27.5,81.5,BAHRAICH,UTTAR PRADESH,D686,BAHRAICH,2.11
19-02-2025,27.5,81.5,BAHRAICH,UTTAR PRADESH,D686,BAHRAICH,2.21
20-02-2025,27.5,81.5,BAHRAICH,UTTAR PRADESH,D686,BAHRAICH,1.87
21-02-2025,27.5,81.5,BAHRAICH,UTTAR PRADESH,D686,BAHRAICH,2.31
22-02-2025,27.5,81.5,BAHRAICH,UTTAR PRADESH,D686,BAHRAICH,2.68
23-02-2025,27.5,81.5,BAHRAICH,UTTAR PRADESH,D686,BAHRAICH,2.45
24-02-2025,27.5,81.5,BAHRAICH,UTTAR PRADESH,D686,BAHRAICH,2.73
25-02-2025,27.5,81.5,BAHRAICH,UTTAR PRADESH,D686,BAHRAICH,2.54
26-02-2025,27.5,81.5,BAHRAICH,UTTAR PRADESH,D686,BAHRAICH,2.41
27-02-2025,27.5,81.5,BAHRAICH,UTTAR PRADESH,D686,BAHRAICH,2.73
28-02-2025,27.5,81.5,BAHRAICH,UTTAR PRADESH,D686,BAHRAICH,2.58
29-02-2025,27.5,81.5,BAHRAICH,UTTAR PRADESH,D686,BAHRAICH,1.75
01-03-2025,27.5,81.5,BAHRAICH,UTTAR PRADESH,D686,BAHRAICH,3.01
02-03-2025,27.5,81.5,BAHRAICH,UTTAR PRADESH,D686,BAHRAICH,2.82
03-03-2025,27.5,81.5,BAHRAICH,UTTAR PRADESH,D686,BAHRAICH,2.92
04-03-2025,27.5,81.5,BAHRAICH,UTTAR PRADESH,D686,BAHRAICH,3.02
05-03-2025,27.5,81.5,BAHRAICH,UTTAR PRADESH,D686,BAHRAICH,2.73
06-03-2025,27.5,81.5,BAHRAICH,UTTAR PRADESH,D686,BAHRAICH,2.25
07-03-2025,27.5,81.5,BAHRAICH,UTTAR PRADESH,D686,BAHRAICH,2.51
08-03-2025,27.5,81.5,BAHRAICH,UTTAR PRADESH,D686,BAHRAICH,2.01
09-03-2025,27.5,81.5,BAHRAICH,UTTAR PRADESH,D686,BAHRAICH,1.97
10-03-2025,27.5,81.5,BAHRAICH,UTTAR PRADESH,D686,BAHRAICH,2.84
11-03-2025,27.5,81.5,BAHRAICH,UTTAR PRADESH,D686,BAHRAICH,2.37
12-03-2025,27.5,81.5,BAHRAICH,UTTAR PRADESH,D686,BAHRAICH,2.34
13-03-2025,27.5,81.5,BAHRAICH,UTTAR PRADESH,D686,BAHRAICH,2.61
14-03-2025,27.5,81.5,BAHRAICH,UTTAR PRADESH,D686,BAHRAICH,2.59
15-03-2025,27.5,81.5,BAHRAICH,UTTAR PRADESH,D686,BAHRAICH,2.88
16-03-2025,27.5,81.5,BAHRAICH,UTTAR PRADESH,D686,BAHRAICH,2.2
17-03-2025,27.5,81.5,BAHRAICH,UTTAR PRADESH,D686,BAHRAICH,2.39
18-03-2025,27.5,81.5,BAHRAICH,UTTAR PRADESH,D686,BAHRAICH,2.32
19-03-2025,27.5,81.5,BAHRAICH,UTTAR PRADESH,D686,BAHRAICH,2.33
20-03-2025,27.5,81.5,BAHRAICH,UTTAR PRADESH,D686,BAHRAICH,2.45
21-03-2025,27.5,81.5,BAHRAICH,UTTAR PRADESH,D686,BAHRAICH,2.5
22-03-2025,27.5,81.5,BAHRAICH,UTTAR PRADESH,D686,BAHRAICH,2.21
23-03-2025,27.5,81.5,BAHRAICH,UTTAR PRADESH,D686,BAHRAICH,2.23
24-03-2025,27.5,81.5,BAHRAICH,UTTAR PRADESH,D686,BAHRAICH,2.34
25-03-2025,27.5,81.5,BAHRAICH,UTTAR PRADESH,D686,BAHRAICH,2.06
26-03-2025,27.5,81.5,BAHRAICH,UTTAR PRADESH,D686,BAHRAICH,2.29
27-03-2025,27.5,81.5,BAHRAICH,UTTAR PRADESH,D686,BAHRAICH,2.51
28-03-2025,27.5,81.5,BAHRAICH,UTTAR PRADESH,D686,BAHRAICH,1.9
29-03-2025,27.5,81.5,BAHRAICH,UTTAR PRADESH,D686,BAHRAICH,2.06
30-03-2025,27.5,81.5,BAHRAICH,UTTAR PRADESH,D686,BAHRAICH,2.7
31-03-2025,27.5,81.5,BAHRAICH,UTTAR PRADESH,D686,BAHRAICH,2.71
01-04-2025,27.5,81.5,BAHRAICH,UTTAR PRADESH,D686,BAHRAICH,2.58
02-04-2025,27.5,81.5,BAHRAICH,UTTAR PRADESH,D686,BAHRAICH,2.06
03-04-2025,27.5,81.5,BAHRAICH,UTTAR PRADESH,D686,BAHRAICH,2.5
04-04-2025,27.5,81.5,BAHRAICH,UTTAR PRADESH,D686,BAHRAICH,2.69
05-04-2025,27.5,81.5,BAHRAICH,UTTAR PRADESH,D686,BAHRAICH,2.46
06-04-2025,27.5,81.5,BAHRAICH,UTTAR PRADESH,D686,BAHRAICH,2.19
07-04-2025,27.5,81.5,BAHRAICH,UTTAR PRADESH,D686,BAHRAICH,2.15
08-04-2025,27.5,81.5,BAHRAICH,UTTAR PRADESH,D686,BAHRAICH,2.07
09-04-2025,27.5,81.5,BAHRAICH,UTTAR PRADESH,D686,BAHRAICH,2.2
10-04-2025,27.5,81.5,BAHRAICH,UTTAR PRADESH,D686,BAHRAICH,2.19
11-04-2025,27.5,81.5,BAHRAICH,UTTAR PRADESH,D686,BAHRAICH,2.16
12-04-2025,27.5,81.5,BAHRAICH,UTTAR PRADESH,D686,BAHRAICH,2.19
13-04-2025,27.5,81.5,BAHRAICH,UTTAR PRADESH,D686,BAHRAICH,2.52
14-04-2025,27.5,81.5,BAHRAICH,UTTAR PRADESH,D686,BAHRAICH,2.31
15-04-2025,27.5,81.5,BAHRAICH,UTTAR PRADESH,D686,BAHRAICH,2.48
16-04-2025,27.5,81.5,BAHRAICH,UTTAR PRADESH,D686,BAHRAICH,2.34
17-04-2025,27.5,81.5,BAHRAICH,UTTAR PRADESH,D686,BAHRAICH,2.8
18-04-2025,27.5,81.5,BAHRAICH,UTTAR PRADESH,D686,BAHRAICH,2.88
19-04-2025,27.5,81.5,BAHRAICH,UTTAR PRADESH,D686,BAHRAICH,2.66
20-04-2025,27.5,81.5,BAHRAICH,UTTAR PRADESH,D686,BAHRAICH,2.5
21-04-2025,27.5,81.5,BAHRAICH,UTTAR PRADESH,D686,BAHRAICH,2.69
22-04-2025,27.5,81.5,BAHRAICH,UTTAR PRADESH,D686,BAHRAICH,2.29
23-04-2025,27.5,81.5,BAHRAICH,UTTAR PRADESH,D686,BAHRAICH,2.23
24-04-2025,27.5,81.5,BAHRAICH,UTTAR PRADESH,D686,BAHRAICH,2.39
25-04-2025,27.5,81.5,BAHRAICH,UTTAR PRADESH,D686,BAHRAICH,2.58
26-04-2025,27.5,81.5,BAHRAICH,UTTAR PRADESH,D686,BAHRAICH,3.12
27-04-2025,27.5,81.5,BAHRAICH,UTTAR PRADESH,D686,BAHRAICH,2.62
28-04-2025,27.5,81.5,BAHRAICH,UTTAR PRADESH,D686,BAHRAICH,2.57
29-04-2025,27.5,81.5,BAHRAICH,UTTAR PRADESH,D686,BAHRAICH,2.64
30-04-2025,27.5,81.5,BAHRAICH,UTTAR PRADESH,D686,BAHRAICH,3.3
01-05-2025,27.5,81.5,BAHRAICH,UTTAR PRADESH,D686,BAHRAICH,3.35
02-05-2025,27.5,81.5,BAHRAICH,UTTAR PRADESH,D686,BAHRAICH,2.78
03-05-2025,27.5,81.5,BAHRAICH,UTTAR PRADESH,D686,BAHRAICH,2.48
04-05-2025,27.5,81.5,BAHRAICH,UTTAR PRADESH,D686,BAHRAICH,2.57
05-05-2025,27.5,81.5,BAHRAICH,UTTAR PRADESH,D686,BAHRAICH,2.55
06-05-2025,27.5,81.5,BAHRAICH,UTTAR PRADESH,D686,BAHRAICH,2.39
07-05-2025,27.5,81.5,BAHRAICH,UTTAR PRADESH,D686,BAHRAICH,2.52
08-05-2025,27.5,81.5,BAHRAICH,UTTAR PRADESH,D686,BAHRAICH,2.15
09-05-2025,27.5,81.5,BAHRAICH,UTTAR PRADESH,D686,BAHRAICH,1.92
10-05-2025,27.5,81.5,BAHRAICH,UTTAR PRADESH,D686,BAHRAICH,2.33
11-05-2025,27.5,81.5,BAHRAICH,UTTAR PRADESH,D686,BAHRAICH,2.07
12-05-2025,27.5,81.5,BAHRAICH,UTTAR PRADESH,D686,BAHRAICH,2.17
13-05-2025,27.5,81.5,BAHRAICH,UTTAR PRADESH,D686,BAHRAICH,2.28
14-05-2025,27.5,81.5,BAHRAICH,UTTAR PRADESH,D686,BAHRAICH,2.19
15-05-2025,27.5,81.5,BAHRAICH,UTTAR PRADESH,D686,BAHRAICH,2.28
16-05-2025,27.5,81.5,BAHRAICH,UTTAR PRADESH,D686,BAHRAICH,2.13
17-05-2025,27.5,81.5,BAHRAICH,UTTAR PRADESH,D686,BAHRAICH,2.3
18-05-2025,27.5,81.5,BAHRAICH,UTTAR PRADESH,D686,BAHRAICH,2.53
19-05-2025,27.5,81.5,BAHRAICH,UTTAR PRADESH,D686,BAHRAICH,3.2
20-05-2025,27.5,81.5,BAHRAICH,UTTAR PRADESH,D686,BAHRAICH,2.94
21-05-2025,27.5,81.5,BAHRAICH,UTTAR PRADESH,D686,BAHRAICH,2.96
22-05-2025,27.5,81.5,BAHRAICH,UTTAR PRADESH,D686,BAHRAICH,3.09
23-05-2025,27.5,81.5,BAHRAICH,UTTAR PRADESH,D686,BAHRAICH,2.96
24-05-2025,27.5,81.5,BAHRAICH,UTTAR PRADESH,D686,BAHRAICH,3.05
25-05-2025,27.5,81.5,BAHRAICH,UTTAR PRADESH,D686,BAHRAICH,3.13
26-05-2025,27.5,81.5,BAHRAICH,UTTAR PRADESH,D686,BAHRAICH,2.9
27-05-2025,27.5,81.5,BAHRAICH,UTTAR PRADESH,D686,BAHRAICH,2.88
28-05-2025,27.5,81.5,BAHRAICH,UTTAR PRADESH,D686,BAHRAICH,3.35
29-05-2025,27.5,81.5,BAHRAICH,UTTAR PRADESH,D686,BAHRAICH,3.49
30-05-2025,27.5,81.5,BAHRAICH,UTTAR PRADESH,D686,BAHRAICH,3.12
31-05-2025,27.5,81.5,BAHRAICH,UTTAR PRADESH,D686,BAHRAICH,3.1
01-06-2025,27.5,81.5,BAHRAICH,UTTAR PRADESH,D686,BAHRAICH,3.05
02-06-2025,27.5,81.5,BAHRAICH,UTTAR PRADESH,D686,BAHRAICH,2.88
03-06-2025,27.5,81.5,BAHRAICH,UTTAR PRADESH,D686,BAHRAICH,3.27
04-06-2025,27.5,81.5,BAHRAICH,UTTAR PRADESH,D686,BAHRAICH,3.55
05-06-2025,27.5,81.5,BAHRAICH,UTTAR PRADESH,D686,BAHRAICH,3.22
06-06-2025,27.5,81.5,BAHRAICH,UTTAR PRADESH,D686,BAHRAICH,3.04
07-06-2025,27.5,81.5,BAHRAICH,UTTAR PRADESH,D686,BAHRAICH,3.39
08-06-2025,27.5,81.5,BAHRAICH,UTTAR PRADESH,D686,BAHRAICH,3.28
09-06-2025,27.5,81.5,BAHRAICH,UTTAR PRADESH,D686,BAHRAICH,3.29
10-06-2025,27.5,81.5,BAHRAICH,UTTAR PRADESH,D686,BAHRAICH,3.16
11-06-2025,27.5,81.5,BAHRAICH,UTTAR PRADESH,D686,BAHRAICH,2.78
12-06-2025,27.5,81.5,BAHRAICH,UTTAR PRADESH,D686,BAHRAICH,3.14
13-06-2025,27.5,81.5,BAHRAICH,UTTAR PRADESH,D686,BAHRAICH,3.08
14-06-2025,27.5,81.5,BAHRAICH,UTTAR PRADESH,D686,BAHRAICH,3.55
15-06-2025,27.5,81.5,BAHRAICH,UTTAR PRADESH,D686,BAHRAICH,3.91
16-06-2025,27.5,81.5,BAHRAICH,UTTAR PRADESH,D686,BAHRAICH,3.98
17-06-2025,27.5,81.5,BAHRAICH,UTTAR PRADESH,D686,BAHRAICH,3.84
18-06-2025,27.5,81.5,BAHRAICH,UTTAR PRADESH,D686,BAHRAICH,3.85
19-06-2025,27.5,81.5,BAHRAICH,UTTAR PRADESH,D686,BAHRAICH,3.88
20-06-2025,27.5,81.5,BAHRAICH,UTTAR PRADESH,D686,BAHRAICH,3.46
21-06-2025,27.5,81.5,BAHRAICH,UTTAR PRADESH,D686,BAHRAICH,3.01
22-06-2025,27.5,81.5,BAHRAICH,UTTAR PRADESH,D686,BAHRAICH,2.92
23-06-2025,27.5,81.5,BAHRAICH,UTTAR PRADESH,D686,BAHRAICH,2.7
24-06-2025,27.5,81.5,BAHRAICH,UTTAR PRADESH,D686,BAHRAICH,2.43
25-06-2025,27.5,81.5,BAHRAICH,UTTAR PRADESH,D686,BAHRAICH,2.72
26-06-2025,27.5,81.5,BAHRAICH,UTTAR PRADESH,D686,BAHRAICH,2.41
27-06-2025,27.5,81.5,BAHRAICH,UTTAR PRADESH,D686,BAHRAICH,2.76
28-06-2025,27.5,81.5,BAHRAICH,UTTAR PRADESH,D686,BAHRAICH,2.82
29-06-2025,27.5,81.5,BAHRAICH,UTTAR PRADESH,D686,BAHRAICH,3.21
30-06-2025,27.5,81.5,BAHRAICH,UTTAR PRADESH,D686,BAHRAICH,3.21
01-07-2025,27.5,81.5,BAHRAICH,UTTAR PRADESH,D686,BAHRAICH,2.32
02-07-2025,27.5,81.5,BAHRAICH,UTTAR PRADESH,D686,BAHRAICH,2.21
03-07-2025,27.5,81.5,BAHRAICH,UTTAR PRADESH,D686,BAHRAICH,1.9
04-07-2025,27.5,81.5,BAHRAICH,UTTAR PRADESH,D686,BAHRAICH,1.84
05-07-2025,27.5,81.5,BAHRAICH,UTTAR PRADESH,D686,BAHRAICH,2.36
06-07-2025,27.5,81.5,BAHRAICH,UTTAR PRADESH,D686,BAHRAICH,2.66
07-07-2025,27.5,81.5,BAHRAICH,UTTAR PRADESH,D686,BAHRAICH,2.31
08-07-2025,27.5,81.5,BAHRAICH,UTTAR PRADESH,D686,BAHRAICH,2.35
09-07-2025,27.5,81.5,BAHRAICH,UTTAR PRADESH,D686,BAHRAICH,2.54
10-07-2025,27.5,81.5,BAHRAICH,UTTAR PRADESH,D686,BAHRAICH,2.39
11-07-2025,27.5,81.5,BAHRAICH,UTTAR PRADESH,D686,BAHRAICH,2.4
12-07-2025,27.5,81.5,BAHRAICH,UTTAR PRADESH,D686,BAHRAICH,2.21
13-07-2025,27.5,81.5,BAHRAICH,UTTAR PRADESH,D686,BAHRAICH,2.03
14-07-2025,27.5,81.5,BAHRAICH,UTTAR PRADESH,D686,BAHRAICH,2.17
15-07-2025,27.5,81.5,BAHRAICH,UTTAR PRADESH,D686,BAHRAICH,1.95
16-07-2025,27.5,81.5,BAHRAICH,UTTAR PRADESH,D686,BAHRAICH,2.02
17-07-2025,27.5,81.5,BAHRAICH,UTTAR PRADESH,D686,BAHRAICH,2.09
18-07-2025,27.5,81.5,BAHRAICH,UTTAR PRADESH,D686,BAHRAICH,2.24
19-07-2025,27.5,81.5,BAHRAICH,UTTAR PRADESH,D686,BAHRAICH,1.92
20-07-2025,27.5,81.5,BAHRAICH,UTTAR PRADESH,D686,BAHRAICH,1.77
21-07-2025,27.5,81.5,BAHRAICH,UTTAR PRADESH,D686,BAHRAICH,1.7
22-07-2025,27.5,81.5,BAHRAICH,UTTAR PRADESH,D686,BAHRAICH,1.63
23-07-2025,27.5,81.5,BAHRAICH,UTTAR PRADESH,D686,BAHRAICH,1.66
24-07-2025,27.5,81.5,BAHRAICH,UTTAR PRADESH,D686,BAHRAICH,1.79
25-07-2025,27.5,81.5,BAHRAICH,UTTAR PRADESH,D686,BAHRAICH,1.87
26-07-2025,27.5,81.5,BAHRAICH,UTTAR PRADESH,D686,BAHRAICH,1.86
27-07-2025,27.5,81.5,BAHRAICH,UTTAR PRADESH,D686,BAHRAICH,2.14
28-07-2025,27.5,81.5,BAHRAICH,UTTAR PRADESH,D686,BAHRAICH,1.72
29-07-2025,27.5,81.5,BAHRAICH,UTTAR PRADESH,D686,BAHRAICH,1.72
30-07-2025,27.5,81.5,BAHRAICH,UTTAR PRADESH,D686,BAHRAICH,1.53
31-07-2025,27.5,81.5,BAHRAICH,UTTAR PRADESH,D686,BAHRAICH,1.53
01-08-2025,27.5,81.5,BAHRAICH,UTTAR PRADESH,D686,BAHRAICH,1.44
02-08-2025,27.5,81.5,BAHRAICH,UTTAR PRADESH,D686,BAHRAICH,1.33
03-08-2025,27.5,81.5,BAHRAICH,UTTAR PRADESH,D686,BAHRAICH,1.8
04-08-2025,27.5,81.5,BAHRAICH,UTTAR PRADESH,D686,BAHRAICH,1.57
05-08-2025,27.5,81.5,BAHRAICH,UTTAR PRADESH,D686,BAHRAICH,1.4
06-08-2025,27.5,81.5,BAHRAICH,UTTAR PRADESH,D686,BAHRAICH,1.35
07-08-2025,27.5,81.5,BAHRAICH,UTTAR PRADESH,D686,BAHRAICH,1.27
08-08-2025,27.5,81.5,BAHRAICH,UTTAR PRADESH,D686,BAHRAICH,1.41
09-08-2025,27.5,81.5,BAHRAICH,UTTAR PRADESH,D686,BAHRAICH,1.43
10-08-2025,27.5,81.5,BAHRAICH,UTTAR PRADESH,D686,BAHRAICH,1.35
11-08-2025,27.5,81.5,BAHRAICH,UTTAR PRADESH,D686,BAHRAICH,1.47
12-08-2025,27.5,81.5,BAHRAICH,UTTAR PRADESH,D686,BAHRAICH,1.85
13-08-2025,27.5,81.5,BAHRAICH,UTTAR PRADESH,D686,BAHRAICH,1.67
14-08-2025,27.5,81.5,BAHRAICH,UTTAR PRADESH,D686,BAHRAICH,1.49
15-08-2025,27.5,81.5,BAHRAICH,UTTAR PRADESH,D686,BAHRAICH,1.8
16-08-2025,27.5,81.5,BAHRAICH,UTTAR PRADESH,D686,BAHRAICH,1.77
17-08-2025,27.5,81.5,BAHRAICH,UTTAR PRADESH,D686,BAHRAICH,1.7
18-08-2025,27.5,81.5,BAHRAICH,UTTAR PRADESH,D686,BAHRAICH,1.72
19-08-2025,27.5,81.5,BAHRAICH,UTTAR PRADESH,D686,BAHRAICH,1.64
20-08-2025,27.5,81.5,BAHRAICH,UTTAR PRADESH,D686,BAHRAICH,1.32
21-08-2025,27.5,81.5,BAHRAICH,UTTAR PRADESH,D686,BAHRAICH,1.42
22-08-2025,27.5,81.5,BAHRAICH,UTTAR PRADESH,D686,BAHRAICH,1.6
23-08-2025,27.5,81.5,BAHRAICH,UTTAR PRADESH,D686,BAHRAICH,1.49
24-08-2025,27.5,81.5,BAHRAICH,UTTAR PRADESH,D686,BAHRAICH,1.32
25-08-2025,27.5,81.5,BAHRAICH,UTTAR PRADESH,D686,BAHRAICH,1.46
26-08-2025,27.5,81.5,BAHRAICH,UTTAR PRADESH,D686,BAHRAICH,1.24
27-08-2025,27.5,81.5,BAHRAICH,UTTAR PRADESH,D686,BAHRAICH,1.23
28-08-2025,27.5,81.5,BAHRAICH,UTTAR PRADESH,D686,BAHRAICH,1.34
29-08-2025,27.5,81.5,BAHRAICH,UTTAR PRADESH,D686,BAHRAICH,1.35
30-08-2025,27.5,81.5,BAHRAICH,UTTAR PRADESH,D686,BAHRAICH,1.43
31-08-2025,27.5,81.5,BAHRAICH,UTTAR PRADESH,D686,BAHRAICH,1.7
01-09-2025,27.5,81.5,BAHRAICH,UTTAR PRADESH,D686,BAHRAICH,1.69
02-09-2025,27.5,81.5,BAHRAICH,UTTAR PRADESH,D686,BAHRAICH,2.01
03-09-2025,27.5,81.5,BAHRAICH,UTTAR PRADESH,D686,BAHRAICH,1.71
04-09-2025,27.5,81.5,BAHRAICH,UTTAR PRADESH,D686,BAHRAICH,1.7
05-09-2025,27.5,81.5,BAHRAICH,UTTAR PRADESH,D686,BAHRAICH,1.69
06-09-2025,27.5,81.5,BAHRAICH,UTTAR PRADESH,D686,BAHRAICH,1.9
07-09-2025,27.5,81.5,BAHRAICH,UTTAR PRADESH,D686,BAHRAICH,1.75
08-09-2025,27.5,81.5,BAHRAICH,UTTAR PRADESH,D686,BAHRAICH,1.8
09-09-2025,27.5,81.5,BAHRAICH,UTTAR PRADESH,D686,BAHRAICH,1.92
10-09-2025,27.5,81.5,BAHRAICH,UTTAR PRADESH,D686,BAHRAICH,1.8
11-09-2025,27.5,81.5,BAHRAICH,UTTAR PRADESH,D686,BAHRAICH,1.75
12-09-2025,27.5,81.5,BAHRAICH,UTTAR PRADESH,D686,BAHRAICH,1.77
13-09-2025,27.5,81.5,BAHRAICH,UTTAR PRADESH,D686,BAHRAICH,1.88
14-09-2025,27.5,81.5,BAHRAICH,UTTAR PRADESH,D686,BAHRAICH,1.72
15-09-2025,27.5,81.5,BAHRAICH,UTTAR PRADESH,D686,BAHRAICH,1.86
16-09-2025,27.5,81.5,BAHRAICH,UTTAR PRADESH,D686,BAHRAICH,2.11
17-09-2025,27.5,81.5,BAHRAICH,UTTAR PRADESH,D686,BAHRAICH,2.23
18-09-2025,27.5,81.5,BAHRAICH,UTTAR PRADESH,D686,BAHRAICH,1.93
19-09-2025,27.5,81.5,BAHRAICH,UTTAR PRADESH,D686,BAHRAICH,1.99
20-09-2025,27.5,81.5,BAHRAICH,UTTAR PRADESH,D686,BAHRAICH,1.73
21-09-2025,27.5,81.5,BAHRAICH,UTTAR PRADESH,D686,BAHRAICH,1.91
22-09-2025,27.5,81.5,BAHRAICH,UTTAR PRADESH,D686,BAHRAICH,1.83
23-09-2025,27.5,81.5,BAHRAICH,UTTAR PRADESH,D686,BAHRAICH,1.53
24-09-2025,27.5,81.5,BAHRAICH,UTTAR PRADESH,D686,BAHRAICH,2.04
25-09-2025,27.5,81.5,BAHRAICH,UTTAR PRADESH,D686,BAHRAICH,2.03
26-09-2025,27.5,81.5,BAHRAICH,UTTAR PRADESH,D686,BAHRAICH,1.93
27-09-2025,27.5,81.5,BAHRAICH,UTTAR PRADESH,D686,BAHRAICH,1.98
28-09-2025,27.5,81.5,BAHRAICH,UTTAR PRADESH,D686,BAHRAICH,1.96
29-09-2025,27.5,81.5,BAHRAICH,UTTAR PRADESH,D686,BAHRAICH,1.89
30-09-2025,27.5,81.5,BAHRAICH,UTTAR PRADESH,D686,BAHRAICH,1.48
01-10-2025,27.5,81.5,BAHRAICH,UTTAR PRADESH,D686,BAHRAICH,1.34
02-10-2025,27.5,81.5,BAHRAICH,UTTAR PRADESH,D686,BAHRAICH,1.74
03-10-2025,27.5,81.5,BAHRAICH,UTTAR PRADESH,D686,BAHRAICH,2.09
04-10-2025,27.5,81.5,BAHRAICH,UTTAR PRADESH,D686,BAHRAICH,2.08
05-10-2025,27.5,81.5,BAHRAICH,UTTAR PRADESH,D686,BAHRAICH,1.95
06-10-2025,27.5,81.5,BAHRAICH,UTTAR PRADESH,D686,BAHRAICH,2.22
07-10-2025,27.5,81.5,BAHRAICH,UTTAR PRADESH,D686,BAHRAICH,1.84
08-10-2025,27.5,81.5,BAHRAICH,UTTAR PRADESH,D686,BAHRAICH,1.49
09-10-2025,27.5,81.5,BAHRAICH,UTTAR PRADESH,D686,BAHRAICH,1.44
10-10-2025,27.5,81.5,BAHRAICH,UTTAR PRADESH,D686,BAHRAICH,1.73
11-10-2025,27.5,81.5,BAHRAICH,UTTAR PRADESH,D686,BAHRAICH,1.9
12-10-2025,27.5,81.5,BAHRAICH,UTTAR PRADESH,D686,BAHRAICH,1.5
13-10-2025,27.5,81.5,BAHRAICH,UTTAR PRADESH,D686,BAHRAICH,1.54
14-10-2025,27.5,81.5,BAHRAICH,UTTAR PRADESH,D686,BAHRAICH,2.25
15-10-2025,27.5,81.5,BAHRAICH,UTTAR PRADESH,D686,BAHRAICH,1.9
16-10-2025,27.5,81.5,BAHRAICH,UTTAR PRADESH,D686,BAHRAICH,1.58
17-10-2025,27.5,81.5,BAHRAICH,UTTAR PRADESH,D686,BAHRAICH,1.51
18-10-2025,27.5,81.5,BAHRAICH,UTTAR PRADESH,D686,BAHRAICH,1.3
19-10-2025,27.5,81.5,BAHRAICH,UTTAR PRADESH,D686,BAHRAICH,1.69
20-10-2025,27.5,81.5,BAHRAICH,UTTAR PRADESH,D686,BAHRAICH,1.46
21-10-2025,27.5,81.5,BAHRAICH,UTTAR PRADESH,D686,BAHRAICH,1.55
22-10-2025,27.5,81.5,BAHRAICH,UTTAR PRADESH,D686,BAHRAICH,1.23
23-10-2025,27.5,81.5,BAHRAICH,UTTAR PRADESH,D686,BAHRAICH,1.47
24-10-2025,27.5,81.5,BAHRAICH,UTTAR PRADESH,D686,BAHRAICH,1.63
25-10-2025,27.5,81.5,BAHRAICH,UTTAR PRADESH,D686,BAHRAICH,1.51
26-10-2025,27.5,81.5,BAHRAICH,UTTAR PRADESH,D686,BAHRAICH,1.22
27-10-2025,27.5,81.5,BAHRAICH,UTTAR PRADESH,D686,BAHRAICH,1.37
28-10-2025,27.5,81.5,BAHRAICH,UTTAR PRADESH,D686,BAHRAICH,1.61
29-10-2025,27.5,81.5,BAHRAICH,UTTAR PRADESH,D686,BAHRAICH,1.74
30-10-2025,27.5,81.5,BAHRAICH,UTTAR PRADESH,D686,BAHRAICH,1.86
31-10-2025,27.5,81.5,BAHRAICH,UTTAR PRADESH,D686,BAHRAICH,1.68
01-11-2025,27.5,81.5,BAHRAICH,UTTAR PRADESH,D686,BAHRAICH,1.17
02-11-2025,27.5,81.5,BAHRAICH,UTTAR PRADESH,D686,BAHRAICH,1.14
03-11-2025,27.5,81.5,BAHRAICH,UTTAR PRADESH,D686,BAHRAICH,1.09
04-11-2025,27.5,81.5,BAHRAICH,UTTAR PRADESH,D686,BAHRAICH,1.02
05-11-2025,27.5,81.5,BAHRAICH,UTTAR PRADESH,D686,BAHRAICH,0.97
06-11-2025,27.5,81.5,BAHRAICH,UTTAR PRADESH,D686,BAHRAICH,0.99
07-11-2025,27.5,81.5,BAHRAICH,UTTAR PRADESH,D686,BAHRAICH,1.12
08-11-2025,27.5,81.5,BAHRAICH,UTTAR PRADESH,D686,BAHRAICH,1.37
09-11-2025,27.5,81.5,BAHRAICH,UTTAR PRADESH,D686,BAHRAICH,1.09
10-11-2025,27.5,81.5,BAHRAICH,UTTAR PRADESH,D686,BAHRAICH,1.08
11-11-2025,27.5,81.5,BAHRAICH,UTTAR PRADESH,D686,BAHRAICH,0.93
12-11-2025,27.5,81.5,BAHRAICH,UTTAR PRADESH,D686,BAHRAICH,1.39
13-11-2025,27.5,81.5,BAHRAICH,UTTAR PRADESH,D686,BAHRAICH,1.1
14-11-2025,27.5,81.5,BAHRAICH,UTTAR PRADESH,D686,BAHRAICH,1.1
15-11-2025,27.5,81.5,BAHRAICH,UTTAR PRADESH,D686,BAHRAICH,1.06
16-11-2025,27.5,81.5,BAHRAICH,UTTAR PRADESH,D686,BAHRAICH,1.22
17-11-2025,27.5,81.5,BAHRAICH,UTTAR PRADESH,D686,BAHRAICH,1.15
18-11-2025,27.5,81.5,BAHRAICH,UTTAR PRADESH,D686,BAHRAICH,1.26
19-11-2025,27.5,81.5,BAHRAICH,UTTAR PRADESH,D686,BAHRAICH,1.28
20-11-2025,27.5,81.5,BAHRAICH,UTTAR PRADESH,D686,BAHRAICH,1.16
21-11-2025,27.5,81.5,BAHRAICH,UTTAR PRADESH,D686,BAHRAICH,1.2
22-11-2025,27.5,81.5,BAHRAICH,UTTAR PRADESH,D686,BAHRAICH,1.16
23-11-2025,27.5,81.5,BAHRAICH,UTTAR PRADESH,D686,BAHRAICH,1.26
24-11-2025,27.5,81.5,BAHRAICH,UTTAR PRADESH,D686,BAHRAICH,0.98
25-11-2025,27.5,81.5,BAHRAICH,UTTAR PRADESH,D686,BAHRAICH,1.1
26-11-2025,27.5,81.5,BAHRAICH,UTTAR PRADESH,D686,BAHRAICH,1.05
27-11-2025,27.5,81.5,BAHRAICH,UTTAR PRADESH,D686,BAHRAICH,1.21
28-11-2025,27.5,81.5,BAHRAICH,UTTAR PRADESH,D686,BAHRAICH,1.35
29-11-2025,27.5,81.5,BAHRAICH,UTTAR PRADESH,D686,BAHRAICH,1.57
30-11-2025,27.5,81.5,BAHRAICH,UTTAR PRADESH,D686,BAHRAICH,1.49
01-12-2025,27.5,81.5,BAHRAICH,UTTAR PRADESH,D686,BAHRAICH,1.25
02-12-2025,27.5,81.5,BAHRAICH,UTTAR PRADESH,D686,BAHRAICH,1.09
03-12-2025,27.5,81.5,BAHRAICH,UTTAR PRADESH,D686,BAHRAICH,1.19
04-12-2025,27.5,81.5,BAHRAICH,UTTAR PRADESH,D686,BAHRAICH,1.16
05-12-2025,27.5,81.5,BAHRAICH,UTTAR PRADESH,D686,BAHRAICH,1.29
06-12-2025,27.5,81.5,BAHRAICH,UTTAR PRADESH,D686,BAHRAICH,1.33
07-12-2025,27.5,81.5,BAHRAICH,UTTAR PRADESH,D686,BAHRAICH,1.62
08-12-2025,27.5,81.5,BAHRAICH,UTTAR PRADESH,D686,BAHRAICH,1.78
09-12-2025,27.5,81.5,BAHRAICH,UTTAR PRADESH,D686,BAHRAICH,1.85
10-12-2025,27.5,81.5,BAHRAICH,UTTAR PRADESH,D686,BAHRAICH,1.76
11-12-2025,27.5,81.5,BAHRAICH,UTTAR PRADESH,D686,BAHRAICH,1.77
12-12-2025,27.5,81.5,BAHRAICH,UTTAR PRADESH,D686,BAHRAICH,1.82
13-12-2025,27.5,81.5,BAHRAICH,UTTAR PRADESH,D686,BAHRAICH,2.22
14-12-2025,27.5,81.5,BAHRAICH,UTTAR PRADESH,D686,BAHRAICH,2.19
15-12-2025,27.5,81.5,BAHRAICH,UTTAR PRADESH,D686,BAHRAICH,2.2
16-12-2025,27.5,81.5,BAHRAICH,UTTAR PRADESH,D686,BAHRAICH,2.22
17-12-2025,27.5,81.5,BAHRAICH,UTTAR PRADESH,D686,BAHRAICH,2.42
18-12-2025,27.5,81.5,BAHRAICH,UTTAR PRADESH,D686,BAHRAICH,2.73
19-12-2025,27.5,81.5,BAHRAICH,UTTAR PRADESH,D686,BAHRAICH,2.59
20-12-2025,27.5,81.5,BAHRAICH,UTTAR PRADESH,D686,BAHRAICH,2.63
21-12-2025,27.5,81.5,BAHRAICH,UTTAR PRADESH,D686,BAHRAICH,2.95
22-12-2025,27.5,81.5,BAHRAICH,UTTAR PRADESH,D686,BAHRAICH,2.63
23-12-2025,27.5,81.5,BAHRAICH,UTTAR PRADESH,D686,BAHRAICH,2.46
24-12-2025,27.5,81.5,BAHRAICH,UTTAR PRADESH,D686,BAHRAICH,2.91
25-12-2025,27.5,81.5,BAHRAICH,UTTAR PRADESH,D686,BAHRAICH,2.75
26-12-2025,27.5,81.5,BAHRAICH,UTTAR PRADESH,D686,BAHRAICH,3.06
27-12-2025,27.5,81.5,BAHRAICH,UTTAR PRADESH,D686,BAHRAICH,3.18
28-12-2025,27.5,81.5,BAHRAICH,UTTAR PRADESH,D686,BAHRAICH,2.94
29-12-2025,27.5,81.5,BAHRAICH,UTTAR PRADESH,D686,BAHRAICH,3.2
30-12-2025,27.5,81.5,BAHRAICH,UTTAR PRADESH,D686,BAHRAICH,3.38
31-12-2025,27.5,81.5,BAHRAICH,UTTAR PRADESH,D686,BAHRAICH,3.12
01-01-2025,25.5,80.5,BANDA,UTTAR PRADESH,D689,ATARRA,2.93
02-01-2025,25.5,80.5,BANDA,UTTAR PRADESH,D689,ATARRA,3.06
03-01-2025,25.5,80.5,BANDA,UTTAR PRADESH,D689,ATARRA,2.91
04-01-2025,25.5,80.5,BANDA,UTTAR PRADESH,D689,ATARRA,2.82
05-01-2025,25.5,80.5,BANDA,UTTAR PRADESH,D689,ATARRA,3.33
06-01-2025,25.5,80.5,BANDA,UTTAR PRADESH,D689,ATARRA,3.63
07-01-2025,25.5,80.5,BANDA,UTTAR PRADESH,D689,ATARRA,3.11
08-01-2025,25.5,80.5,BANDA,UTTAR PRADESH,D689,ATARRA,2.65
09-01-2025,25.5,80.5,BANDA,UTTAR PRADESH,D689,ATARRA,2.85
10-01-2025,25.5,80.5,BANDA,UTTAR PRADESH,D689,ATARRA,2.95
11-01-2025,25.5,80.5,BANDA,UTTAR PRADESH,D689,ATARRA,2.67
12-01-2025,25.5,80.5,BANDA,UTTAR PRADESH,D689,ATARRA,2.85
13-01-2025,25.5,80.5,BANDA,UTTAR PRADESH,D689,ATARRA,3.07
14-01-2025,25.5,80.5,BANDA,UTTAR PRADESH,D689,ATARRA,2.87
15-01-2025,25.5,80.5,BANDA,UTTAR PRADESH,D689,ATARRA,3.35
16-01-2025,25.5,80.5,BANDA,UTTAR PRADESH,D689,ATARRA,3.64
17-01-2025,25.5,80.5,BANDA,UTTAR PRADESH,D689,ATARRA,3.42
18-01-2025,25.5,80.5,BANDA,UTTAR PRADESH,D689,ATARRA,3.83
19-01-2025,25.5,80.5,BANDA,UTTAR PRADESH,D689,ATARRA,3.57
20-01-2025,25.5,80.5,BANDA,UTTAR PRADESH,D689,ATARRA,3.08
21-01-2025,25.5,80.5,BANDA,UTTAR PRADESH,D689,ATARRA,2.79
22-01-2025,25.5,80.5,BANDA,UTTAR PRADESH,D689,ATARRA,2.78
23-01-2025,25.5,80.5,BANDA,UTTAR PRADESH,D689,ATARRA,2.66
24-01-2025,25.5,80.5,BANDA,UTTAR PRADESH,D689,ATARRA,2.61
25-01-2025,25.5,80.5,BANDA,UTTAR PRADESH,D689,ATARRA,2.78
26-01-2025,25.5,80.5,BANDA,UTTAR PRADESH,D689,ATARRA,3.02
27-01-2025,25.5,80.5,BANDA,UTTAR PRADESH,D689,ATARRA,2.73
28-01-2025,25.5,80.5,BANDA,UTTAR PRADESH,D689,ATARRA,2.33
29-01-2025,25.5,80.5,BANDA,UTTAR PRADESH,D689,ATARRA,2.41
30-01-2025,25.5,80.5,BANDA,UTTAR PRADESH,D689,ATARRA,2.66
31-01-2025,25.5,80.5,BANDA,UTTAR PRADESH,D689,ATARRA,2.48
01-02-2025,25.5,80.5,BANDA,UTTAR PRADESH,D689,ATARRA,2.59
02-02-2025,25.5,80.5,BANDA,UTTAR PRADESH,D689,ATARRA,2.42
03-02-2025,25.5,80.5,BANDA,UTTAR PRADESH,D689,ATARRA,2.28
04-02-2025,25.5,80.5,BANDA,UTTAR PRADESH,D689,ATARRA,2.52
05-02-2025,25.5,80.5,BANDA,UTTAR PRADESH,D689,ATARRA,2.41
06-02-2025,25.5,80.5,BANDA,UTTAR PRADESH,D689,ATARRA,2.46
07-02-2025,25.5,80.5,BANDA,UTTAR PRADESH,D689,ATARRA,2.43
08-02-2025,25.5,80.5,BANDA,UTTAR PRADESH,D689,ATARRA,2.31
09-02-2025,25.5,80.5,BANDA,UTTAR PRADESH,D689,ATARRA,2.33
10-02-2025,25.5,80.5,BANDA,UTTAR PRADESH,D689,ATARRA,2.8
11-02-2025,25.5,80.5,BANDA,UTTAR PRADESH,D689,ATARRA,2.57
12-02-2025,25.5,80.5,BANDA,UTTAR PRADESH,D689,ATARRA,2.63
13-02-2025,25.5,80.5,BANDA,UTTAR PRADESH,D689,ATARRA,2.95
14-02-2025,25.5,80.5,BANDA,UTTAR PRADESH,D689,ATARRA,2.59
15-02-2025,25.5,80.5,BANDA,UTTAR PRADESH,D689,ATARRA,2.61
16-02-2025,25.5,80.5,BANDA,UTTAR PRADESH,D689,ATARRA,2.82
17-02-2025,25.5,80.5,BANDA,UTTAR PRADESH,D689,ATARRA,2.35
18-02-2025,25.5,80.5,BANDA,UTTAR PRADESH,D689,ATARRA,2.17
19-02-2025,25.5,80.5,BANDA,UTTAR PRADESH,D689,ATARRA,2.17
20-02-2025,25.5,80.5,BANDA,UTTAR PRADESH,D689,ATARRA,2.21
21-02-2025,25.5,80.5,BANDA,UTTAR PRADESH,D689,ATARRA,2.46
22-02-2025,25.5,80.5,BANDA,UTTAR PRADESH,D689,ATARRA,3.04
23-02-2025,25.5,80.5,BANDA,UTTAR PRADESH,D689,ATARRA,2.96
24-02-2025,25.5,80.5,BANDA,UTTAR PRADESH,D689,ATARRA,2.95
25-02-2025,25.5,80.5,BANDA,UTTAR PRADESH,D689,ATARRA,2.75
26-02-2025,25.5,80.5,BANDA,UTTAR PRADESH,D689,ATARRA,2.45
27-02-2025,25.5,80.5,BANDA,UTTAR PRADESH,D689,ATARRA,2.91
28-02-2025,25.5,80.5,BANDA,UTTAR PRADESH,D689,ATARRA,2.67
29-02-2025,25.5,80.5,BANDA,UTTAR PRADESH,D689,ATARRA,1.52
01-03-2025,25.5,80.5,BANDA,UTTAR PRADESH,D689,ATARRA,3.34
02-03-2025,25.5,80.5,BANDA,UTTAR PRADESH,D689,ATARRA,3
03-03-2025,25.5,80.5,BANDA,UTTAR PRADESH,D689,ATARRA,2.99
04-03-2025,25.5,80.5,BANDA,UTTAR PRADESH,D689,ATARRA,2.91
05-03-2025,25.5,80.5,BANDA,UTTAR PRADESH,D689,ATARRA,2.9
06-03-2025,25.5,80.5,BANDA,UTTAR PRADESH,D689,ATARRA,2.35
07-03-2025,25.5,80.5,BANDA,UTTAR PRADESH,D689,ATARRA,2.52
08-03-2025,25.5,80.5,BANDA,UTTAR PRADESH,D689,ATARRA,2.32
09-03-2025,25.5,80.5,BANDA,UTTAR PRADESH,D689,ATARRA,2.09
10-03-2025,25.5,80.5,BANDA,UTTAR PRADESH,D689,ATARRA,3
11-03-2025,25.5,80.5,BANDA,UTTAR PRADESH,D689,ATARRA,2.52
12-03-2025,25.5,80.5,BANDA,UTTAR PRADESH,D689,ATARRA,2.54
13-03-2025,25.5,80.5,BANDA,UTTAR PRADESH,D689,ATARRA,2.62
14-03-2025,25.5,80.5,BANDA,UTTAR PRADESH,D689,ATARRA,2.83
15-03-2025,25.5,80.5,BANDA,UTTAR PRADESH,D689,ATARRA,3.23
16-03-2025,25.5,80.5,BANDA,UTTAR PRADESH,D689,ATARRA,2.5
17-03-2025,25.5,80.5,BANDA,UTTAR PRADESH,D689,ATARRA,2.78
18-03-2025,25.5,80.5,BANDA,UTTAR PRADESH,D689,ATARRA,2.66
19-03-2025,25.5,80.5,BANDA,UTTAR PRADESH,D689,ATARRA,2.75
20-03-2025,25.5,80.5,BANDA,UTTAR PRADESH,D689,ATARRA,2.51
21-03-2025,25.5,80.5,BANDA,UTTAR PRADESH,D689,ATARRA,2.38
22-03-2025,25.5,80.5,BANDA,UTTAR PRADESH,D689,ATARRA,2.17
23-03-2025,25.5,80.5,BANDA,UTTAR PRADESH,D689,ATARRA,1.95
24-03-2025,25.5,80.5,BANDA,UTTAR PRADESH,D689,ATARRA,2.07
25-03-2025,25.5,80.5,BANDA,UTTAR PRADESH,D689,ATARRA,2.08
26-03-2025,25.5,80.5,BANDA,UTTAR PRADESH,D689,ATARRA,2.31
27-03-2025,25.5,80.5,BANDA,UTTAR PRADESH,D689,ATARRA,2.8
28-03-2025,25.5,80.5,BANDA,UTTAR PRADESH,D689,ATARRA,2.13
29-03-2025,25.5,80.5,BANDA,UTTAR PRADESH,D689,ATARRA,2.02
30-03-2025,25.5,80.5,BANDA,UTTAR PRADESH,D689,ATARRA,2.52
31-03-2025,25.5,80.5,BANDA,UTTAR PRADESH,D689,ATARRA,2.6
01-04-2025,25.5,80.5,BANDA,UTTAR PRADESH,D689,ATARRA,2.56
02-04-2025,25.5,80.5,BANDA,UTTAR PRADESH,D689,ATARRA,2.25
03-04-2025,25.5,80.5,BANDA,UTTAR PRADESH,D689,ATARRA,2.57
04-04-2025,25.5,80.5,BANDA,UTTAR PRADESH,D689,ATARRA,2.44
05-04-2025,25.5,80.5,BANDA,UTTAR PRADESH,D689,ATARRA,2.46
06-04-2025,25.5,80.5,BANDA,UTTAR PRADESH,D689,ATARRA,2.25
07-04-2025,25.5,80.5,BANDA,UTTAR PRADESH,D689,ATARRA,2.1
08-04-2025,25.5,80.5,BANDA,UTTAR PRADESH,D689,ATARRA,2.08
09-04-2025,25.5,80.5,BANDA,UTTAR PRADESH,D689,ATARRA,2.21
10-04-2025,25.5,80.5,BANDA,UTTAR PRADESH,D689,ATARRA,2.02
11-04-2025,25.5,80.5,BANDA,UTTAR PRADESH,D689,ATARRA,1.9
12-04-2025,25.5,80.5,BANDA,UTTAR PRADESH,D689,ATARRA,2.33
13-04-2025,25.5,80.5,BANDA,UTTAR PRADESH,D689,ATARRA,2.63
14-04-2025,25.5,80.5,BANDA,UTTAR PRADESH,D689,ATARRA,2.48
15-04-2025,25.5,80.5,BANDA,UTTAR PRADESH,D689,ATARRA,2.4
16-04-2025,25.5,80.5,BANDA,UTTAR PRADESH,D689,ATARRA,2.59
17-04-2025,25.5,80.5,BANDA,UTTAR PRADESH,D689,ATARRA,2.9
18-04-2025,25.5,80.5,BANDA,UTTAR PRADESH,D689,ATARRA,2.86
19-04-2025,25.5,80.5,BANDA,UTTAR PRADESH,D689,ATARRA,2.75
20-04-2025,25.5,80.5,BANDA,UTTAR PRADESH,D689,ATARRA,2.45
21-04-2025,25.5,80.5,BANDA,UTTAR PRADESH,D689,ATARRA,2.75
22-04-2025,25.5,80.5,BANDA,UTTAR PRADESH,D689,ATARRA,2.35
23-04-2025,25.5,80.5,BANDA,UTTAR PRADESH,D689,ATARRA,1.9
24-04-2025,25.5,80.5,BANDA,UTTAR PRADESH,D689,ATARRA,2.16
25-04-2025,25.5,80.5,BANDA,UTTAR PRADESH,D689,ATARRA,2.29
26-04-2025,25.5,80.5,BANDA,UTTAR PRADESH,D689,ATARRA,2.42
27-04-2025,25.5,80.5,BANDA,UTTAR PRADESH,D689,ATARRA,2.28
28-04-2025,25.5,80.5,BANDA,UTTAR PRADESH,D689,ATARRA,2.26
29-04-2025,25.5,80.5,BANDA,UTTAR PRADESH,D689,ATARRA,2.52
30-04-2025,25.5,80.5,BANDA,UTTAR PRADESH,D689,ATARRA,2.94
01-05-2025,25.5,80.5,BANDA,UTTAR PRADESH,D689,ATARRA,2.77
02-05-2025,25.5,80.5,BANDA,UTTAR PRADESH,D689,ATARRA,2.64
03-05-2025,25.5,80.5,BANDA,UTTAR PRADESH,D689,ATARRA,2.52
04-05-2025,25.5,80.5,BANDA,UTTAR PRADESH,D689,ATARRA,2.34
05-05-2025,25.5,80.5,BANDA,UTTAR PRADESH,D689,ATARRA,2.36
06-05-2025,25.5,80.5,BANDA,UTTAR PRADESH,D689,ATARRA,2.2
07-05-2025,25.5,80.5,BANDA,UTTAR PRADESH,D689,ATARRA,2.12
08-05-2025,25.5,80.5,BANDA,UTTAR PRADESH,D689,ATARRA,2.01
09-05-2025,25.5,80.5,BANDA,UTTAR PRADESH,D689,ATARRA,1.55
10-05-2025,25.5,80.5,BANDA,UTTAR PRADESH,D689,ATARRA,1.71
11-05-2025,25.5,80.5,BANDA,UTTAR PRADESH,D689,ATARRA,1.84
12-05-2025,25.5,80.5,BANDA,UTTAR PRADESH,D689,ATARRA,1.89
13-05-2025,25.5,80.5,BANDA,UTTAR PRADESH,D689,ATARRA,2
14-05-2025,25.5,80.5,BANDA,UTTAR PRADESH,D689,ATARRA,1.89
15-05-2025,25.5,80.5,BANDA,UTTAR PRADESH,D689,ATARRA,2.03
16-05-2025,25.5,80.5,BANDA,UTTAR PRADESH,D689,ATARRA,1.8
17-05-2025,25.5,80.5,BANDA,UTTAR PRADESH,D689,ATARRA,1.98
18-05-2025,25.5,80.5,BANDA,UTTAR PRADESH,D689,ATARRA,2.48
19-05-2025,25.5,80.5,BANDA,UTTAR PRADESH,D689,ATARRA,2.76
20-05-2025,25.5,80.5,BANDA,UTTAR PRADESH,D689,ATARRA,2.72
21-05-2025,25.5,80.5,BANDA,UTTAR PRADESH,D689,ATARRA,2.5
22-05-2025,25.5,80.5,BANDA,UTTAR PRADESH,D689,ATARRA,2.73
23-05-2025,25.5,80.5,BANDA,UTTAR PRADESH,D689,ATARRA,2.56
24-05-2025,25.5,80.5,BANDA,UTTAR PRADESH,D689,ATARRA,2.83
25-05-2025,25.5,80.5,BANDA,UTTAR PRADESH,D689,ATARRA,2.75
26-05-2025,25.5,80.5,BANDA,UTTAR PRADESH,D689,ATARRA,2.51
27-05-2025,25.5,80.5,BANDA,UTTAR PRADESH,D689,ATARRA,2.52
28-05-2025,25.5,80.5,BANDA,UTTAR PRADESH,D689,ATARRA,2.66
29-05-2025,25.5,80.5,BANDA,UTTAR PRADESH,D689,ATARRA,2.94
30-05-2025,25.5,80.5,BANDA,UTTAR PRADESH,D689,ATARRA,2.67
31-05-2025,25.5,80.5,BANDA,UTTAR PRADESH,D689,ATARRA,2.68
01-06-2025,25.5,80.5,BANDA,UTTAR PRADESH,D689,ATARRA,2.72
02-06-2025,25.5,80.5,BANDA,UTTAR PRADESH,D689,ATARRA,2.75
03-06-2025,25.5,80.5,BANDA,UTTAR PRADESH,D689,ATARRA,2.98
04-06-2025,25.5,80.5,BANDA,UTTAR PRADESH,D689,ATARRA,3.52
05-06-2025,25.5,80.5,BANDA,UTTAR PRADESH,D689,ATARRA,3.36
06-06-2025,25.5,80.5,BANDA,UTTAR PRADESH,D689,ATARRA,2.93
07-06-2025,25.5,80.5,BANDA,UTTAR PRADESH,D689,ATARRA,3.25
08-06-2025,25.5,80.5,BANDA,UTTAR PRADESH,D689,ATARRA,2.93
09-06-2025,25.5,80.5,BANDA,UTTAR PRADESH,D689,ATARRA,2.83
10-06-2025,25.5,80.5,BANDA,UTTAR PRADESH,D689,ATARRA,3.18
11-06-2025,25.5,80.5,BANDA,UTTAR PRADESH,D689,ATARRA,3.17
12-06-2025,25.5,80.5,BANDA,UTTAR PRADESH,D689,ATARRA,2.86
13-06-2025,25.5,80.5,BANDA,UTTAR PRADESH,D689,ATARRA,3.06
14-06-2025,25.5,80.5,BANDA,UTTAR PRADESH,D689,ATARRA,3.24
15-06-2025,25.5,80.5,BANDA,UTTAR PRADESH,D689,ATARRA,3.71
16-06-2025,25.5,80.5,BANDA,UTTAR PRADESH,D689,ATARRA,4.17
17-06-2025,25.5,80.5,BANDA,UTTAR PRADESH,D689,ATARRA,4.22
18-06-2025,25.5,80.5,BANDA,UTTAR PRADESH,D689,ATARRA,4.02
19-06-2025,25.5,80.5,BANDA,UTTAR PRADESH,D689,ATARRA,3.87
20-06-2025,25.5,80.5,BANDA,UTTAR PRADESH,D689,ATARRA,3.98
21-06-2025,25.5,80.5,BANDA,UTTAR PRADESH,D689,ATARRA,3.6
22-06-2025,25.5,80.5,BANDA,UTTAR PRADESH,D689,ATARRA,3.42
23-06-2025,25.5,80.5,BANDA,UTTAR PRADESH,D689,ATARRA,3.1
24-06-2025,25.5,80.5,BANDA,UTTAR PRADESH,D689,ATARRA,2.68
25-06-2025,25.5,80.5,BANDA,UTTAR PRADESH,D689,ATARRA,2.69
26-06-2025,25.5,80.5,BANDA,UTTAR PRADESH,D689,ATARRA,2.63
27-06-2025,25.5,80.5,BANDA,UTTAR PRADESH,D689,ATARRA,3.16
28-06-2025,25.5,80.5,BANDA,UTTAR PRADESH,D689,ATARRA,3.34
29-06-2025,25.5,80.5,BANDA,UTTAR PRADESH,D689,ATARRA,3.28
30-06-2025,25.5,80.5,BANDA,UTTAR PRADESH,D689,ATARRA,3.33
01-07-2025,25.5,80.5,BANDA,UTTAR PRADESH,D689,ATARRA,3.01
02-07-2025,25.5,80.5,BANDA,UTTAR PRADESH,D689,ATARRA,2.74
03-07-2025,25.5,80.5,BANDA,UTTAR PRADESH,D689,ATARRA,2.41
04-07-2025,25.5,80.5,BANDA,UTTAR PRADESH,D689,ATARRA,2.45
05-07-2025,25.5,80.5,BANDA,UTTAR PRADESH,D689,ATARRA,2.87
06-07-2025,25.5,80.5,BANDA,UTTAR PRADESH,D689,ATARRA,3.1
07-07-2025,25.5,80.5,BANDA,UTTAR PRADESH,D689,ATARRA,2.69
08-07-2025,25.5,80.5,BANDA,UTTAR PRADESH,D689,ATARRA,2.63
09-07-2025,25.5,80.5,BANDA,UTTAR PRADESH,D689,ATARRA,2.99
10-07-2025,25.5,80.5,BANDA,UTTAR PRADESH,D689,ATARRA,2.73
11-07-2025,25.5,80.5,BANDA,UTTAR PRADESH,D689,ATARRA,2.52
12-07-2025,25.5,80.5,BANDA,UTTAR PRADESH,D689,ATARRA,2.63
13-07-2025,25.5,80.5,BANDA,UTTAR PRADESH,D689,ATARRA,2.6
14-07-2025,25.5,80.5,BANDA,UTTAR PRADESH,D689,ATARRA,2.41
15-07-2025,25.5,80.5,BANDA,UTTAR PRADESH,D689,ATARRA,2.26
16-07-2025,25.5,80.5,BANDA,UTTAR PRADESH,D689,ATARRA,2.19
17-07-2025,25.5,80.5,BANDA,UTTAR PRADESH,D689,ATARRA,2.44
18-07-2025,25.5,80.5,BANDA,UTTAR PRADESH,D689,ATARRA,2.09
19-07-2025,25.5,80.5,BANDA,UTTAR PRADESH,D689,ATARRA,1.96
20-07-2025,25.5,80.5,BANDA,UTTAR PRADESH,D689,ATARRA,1.94
21-07-2025,25.5,80.5,BANDA,UTTAR PRADESH,D689,ATARRA,1.93
22-07-2025,25.5,80.5,BANDA,UTTAR PRADESH,D689,ATARRA,1.94
23-07-2025,25.5,80.5,BANDA,UTTAR PRADESH,D689,ATARRA,2.04
24-07-2025,25.5,80.5,BANDA,UTTAR PRADESH,D689,ATARRA,1.94
25-07-2025,25.5,80.5,BANDA,UTTAR PRADESH,D689,ATARRA,1.88
26-07-2025,25.5,80.5,BANDA,UTTAR PRADESH,D689,ATARRA,1.99
27-07-2025,25.5,80.5,BANDA,UTTAR PRADESH,D689,ATARRA,2.39
28-07-2025,25.5,80.5,BANDA,UTTAR PRADESH,D689,ATARRA,2.07
29-07-2025,25.5,80.5,BANDA,UTTAR PRADESH,D689,ATARRA,2.07
30-07-2025,25.5,80.5,BANDA,UTTAR PRADESH,D689,ATARRA,2.01
31-07-2025,25.5,80.5,BANDA,UTTAR PRADESH,D689,ATARRA,1.68
01-08-2025,25.5,80.5,BANDA,UTTAR PRADESH,D689,ATARRA,1.77
02-08-2025,25.5,80.5,BANDA,UTTAR PRADESH,D689,ATARRA,1.67
03-08-2025,25.5,80.5,BANDA,UTTAR PRADESH,D689,ATARRA,1.78
04-08-2025,25.5,80.5,BANDA,UTTAR PRADESH,D689,ATARRA,1.56
05-08-2025,25.5,80.5,BANDA,UTTAR PRADESH,D689,ATARRA,1.46
06-08-2025,25.5,80.5,BANDA,UTTAR PRADESH,D689,ATARRA,1.69
07-08-2025,25.5,80.5,BANDA,UTTAR PRADESH,D689,ATARRA,1.58
08-08-2025,25.5,80.5,BANDA,UTTAR PRADESH,D689,ATARRA,1.54
09-08-2025,25.5,80.5,BANDA,UTTAR PRADESH,D689,ATARRA,1.62
10-08-2025,25.5,80.5,BANDA,UTTAR PRADESH,D689,ATARRA,1.54
11-08-2025,25.5,80.5,BANDA,UTTAR PRADESH,D689,ATARRA,1.5
12-08-2025,25.5,80.5,BANDA,UTTAR PRADESH,D689,ATARRA,1.63
13-08-2025,25.5,80.5,BANDA,UTTAR PRADESH,D689,ATARRA,1.47
14-08-2025,25.5,80.5,BANDA,UTTAR PRADESH,D689,ATARRA,1.7
15-08-2025,25.5,80.5,BANDA,UTTAR PRADESH,D689,ATARRA,1.89
16-08-2025,25.5,80.5,BANDA,UTTAR PRADESH,D689,ATARRA,1.7
17-08-2025,25.5,80.5,BANDA,UTTAR PRADESH,D689,ATARRA,1.66
18-08-2025,25.5,80.5,BANDA,UTTAR PRADESH,D689,ATARRA,1.57
19-08-2025,25.5,80.5,BANDA,UTTAR PRADESH,D689,ATARRA,1.79
20-08-2025,25.5,80.5,BANDA,UTTAR PRADESH,D689,ATARRA,1.59
21-08-2025,25.5,80.5,BANDA,UTTAR PRADESH,D689,ATARRA,1.65
22-08-2025,25.5,80.5,BANDA,UTTAR PRADESH,D689,ATARRA,1.9
23-08-2025,25.5,80.5,BANDA,UTTAR PRADESH,D689,ATARRA,1.55
24-08-2025,25.5,80.5,BANDA,UTTAR PRADESH,D689,ATARRA,1.73
25-08-2025,25.5,80.5,BANDA,UTTAR PRADESH,D689,ATARRA,1.63
26-08-2025,25.5,80.5,BANDA,UTTAR PRADESH,D689,ATARRA,1.41
27-08-2025,25.5,80.5,BANDA,UTTAR PRADESH,D689,ATARRA,1.26
28-08-2025,25.5,80.5,BANDA,UTTAR PRADESH,D689,ATARRA,1.31
29-08-2025,25.5,80.5,BANDA,UTTAR PRADESH,D689,ATARRA,1.54
30-08-2025,25.5,80.5,BANDA,UTTAR PRADESH,D689,ATARRA,1.54
31-08-2025,25.5,80.5,BANDA,UTTAR PRADESH,D689,ATARRA,1.73
01-09-2025,25.5,80.5,BANDA,UTTAR PRADESH,D689,ATARRA,1.9
02-09-2025,25.5,80.5,BANDA,UTTAR PRADESH,D689,ATARRA,2.15
03-09-2025,25.5,80.5,BANDA,UTTAR PRADESH,D689,ATARRA,2.15
04-09-2025,25.5,80.5,BANDA,UTTAR PRADESH,D689,ATARRA,2.01
05-09-2025,25.5,80.5,BANDA,UTTAR PRADESH,D689,ATARRA,1.88
06-09-2025,25.5,80.5,BANDA,UTTAR PRADESH,D689,ATARRA,1.95
07-09-2025,25.5,80.5,BANDA,UTTAR PRADESH,D689,ATARRA,1.96
08-09-2025,25.5,80.5,BANDA,UTTAR PRADESH,D689,ATARRA,2.25
09-09-2025,25.5,80.5,BANDA,UTTAR PRADESH,D689,ATARRA,2.27
10-09-2025,25.5,80.5,BANDA,UTTAR PRADESH,D689,ATARRA,2.15
11-09-2025,25.5,80.5,BANDA,UTTAR PRADESH,D689,ATARRA,2.09
12-09-2025,25.5,80.5,BANDA,UTTAR PRADESH,D689,ATARRA,2.14
13-09-2025,25.5,80.5,BANDA,UTTAR PRADESH,D689,ATARRA,2.07
14-09-2025,25.5,80.5,BANDA,UTTAR PRADESH,D689,ATARRA,1.88
15-09-2025,25.5,80.5,BANDA,UTTAR PRADESH,D689,ATARRA,2.11
16-09-2025,25.5,80.5,BANDA,UTTAR PRADESH,D689,ATARRA,2.15
17-09-2025,25.5,80.5,BANDA,UTTAR PRADESH,D689,ATARRA,2.01
18-09-2025,25.5,80.5,BANDA,UTTAR PRADESH,D689,ATARRA,1.93
19-09-2025,25.5,80.5,BANDA,UTTAR PRADESH,D689,ATARRA,2.06
20-09-2025,25.5,80.5,BANDA,UTTAR PRADESH,D689,ATARRA,1.73
21-09-2025,25.5,80.5,BANDA,UTTAR PRADESH,D689,ATARRA,2.11
22-09-2025,25.5,80.5,BANDA,UTTAR PRADESH,D689,ATARRA,1.93
23-09-2025,25.5,80.5,BANDA,UTTAR PRADESH,D689,ATARRA,1.59
24-09-2025,25.5,80.5,BANDA,UTTAR PRADESH,D689,ATARRA,1.93
25-09-2025,25.5,80.5,BANDA,UTTAR PRADESH,D689,ATARRA,2.06
26-09-2025,25.5,80.5,BANDA,UTTAR PRADESH,D689,ATARRA,1.95
27-09-2025,25.5,80.5,BANDA,UTTAR PRADESH,D689,ATARRA,1.88
28-09-2025,25.5,80.5,BANDA,UTTAR PRADESH,D689,ATARRA,1.9
29-09-2025,25.5,80.5,BANDA,UTTAR PRADESH,D689,ATARRA,1.91
30-09-2025,25.5,80.5,BANDA,UTTAR PRADESH,D689,ATARRA,1.49
01-10-2025,25.5,80.5,BANDA,UTTAR PRADESH,D689,ATARRA,1.35
02-10-2025,25.5,80.5,BANDA,UTTAR PRADESH,D689,ATARRA,1.89
03-10-2025,25.5,80.5,BANDA,UTTAR PRADESH,D689,ATARRA,2.25
04-10-2025,25.5,80.5,BANDA,UTTAR PRADESH,D689,ATARRA,2.32
05-10-2025,25.5,80.5,BANDA,UTTAR PRADESH,D689,ATARRA,2.2
06-10-2025,25.5,80.5,BANDA,UTTAR PRADESH,D689,ATARRA,2.34
07-10-2025,25.5,80.5,BANDA,UTTAR PRADESH,D689,ATARRA,1.92
08-10-2025,25.5,80.5,BANDA,UTTAR PRADESH,D689,ATARRA,1.65
09-10-2025,25.5,80.5,BANDA,UTTAR PRADESH,D689,ATARRA,1.61
10-10-2025,25.5,80.5,BANDA,UTTAR PRADESH,D689,ATARRA,1.63
11-10-2025,25.5,80.5,BANDA,UTTAR PRADESH,D689,ATARRA,1.7
12-10-2025,25.5,80.5,BANDA,UTTAR PRADESH,D689,ATARRA,1.5
13-10-2025,25.5,80.5,BANDA,UTTAR PRADESH,D689,ATARRA,1.87
14-10-2025,25.5,80.5,BANDA,UTTAR PRADESH,D689,ATARRA,2.4
15-10-2025,25.5,80.5,BANDA,UTTAR PRADESH,D689,ATARRA,1.89
16-10-2025,25.5,80.5,BANDA,UTTAR PRADESH,D689,ATARRA,1.8
17-10-2025,25.5,80.5,BANDA,UTTAR PRADESH,D689,ATARRA,1.59
18-10-2025,25.5,80.5,BANDA,UTTAR PRADESH,D689,ATARRA,1.73
19-10-2025,25.5,80.5,BANDA,UTTAR PRADESH,D689,ATARRA,1.69
20-10-2025,25.5,80.5,BANDA,UTTAR PRADESH,D689,ATARRA,1.79
21-10-2025,25.5,80.5,BANDA,UTTAR PRADESH,D689,ATARRA,1.86
22-10-2025,25.5,80.5,BANDA,UTTAR PRADESH,D689,ATARRA,1.63
23-10-2025,25.5,80.5,BANDA,UTTAR PRADESH,D689,ATARRA,1.83
24-10-2025,25.5,80.5,BANDA,UTTAR PRADESH,D689,ATARRA,2
25-10-2025,25.5,80.5,BANDA,UTTAR PRADESH,D689,ATARRA,1.93
26-10-2025,25.5,80.5,BANDA,UTTAR PRADESH,D689,ATARRA,1.79
27-10-2025,25.5,80.5,BANDA,UTTAR PRADESH,D689,ATARRA,1.73
28-10-2025,25.5,80.5,BANDA,UTTAR PRADESH,D689,ATARRA,1.82
29-10-2025,25.5,80.5,BANDA,UTTAR PRADESH,D689,ATARRA,2.09
30-10-2025,25.5,80.5,BANDA,UTTAR PRADESH,D689,ATARRA,2.12
31-10-2025,25.5,80.5,BANDA,UTTAR PRADESH,D689,ATARRA,1.94
01-11-2025,25.5,80.5,BANDA,UTTAR PRADESH,D689,ATARRA,1.39
02-11-2025,25.5,80.5,BANDA,UTTAR PRADESH,D689,ATARRA,1.31
03-11-2025,25.5,80.5,BANDA,UTTAR PRADESH,D689,ATARRA,1.34
04-11-2025,25.5,80.5,BANDA,UTTAR PRADESH,D689,ATARRA,1.26
05-11-2025,25.5,80.5,BANDA,UTTAR PRADESH,D689,ATARRA,1.13
06-11-2025,25.5,80.5,BANDA,UTTAR PRADESH,D689,ATARRA,1.22
07-11-2025,25.5,80.5,BANDA,UTTAR PRADESH,D689,ATARRA,1.29
08-11-2025,25.5,80.5,BANDA,UTTAR PRADESH,D689,ATARRA,1.37
09-11-2025,25.5,80.5,BANDA,UTTAR PRADESH,D689,ATARRA,1.29
10-11-2025,25.5,80.5,BANDA,UTTAR PRADESH,D689,ATARRA,1.25
11-11-2025,25.5,80.5,BANDA,UTTAR PRADESH,D689,ATARRA,1.22
12-11-2025,25.5,80.5,BANDA,UTTAR PRADESH,D689,ATARRA,1.72
13-11-2025,25.5,80.5,BANDA,UTTAR PRADESH,D689,ATARRA,1.61
14-11-2025,25.5,80.5,BANDA,UTTAR PRADESH,D689,ATARRA,1.38
15-11-2025,25.5,80.5,BANDA,UTTAR PRADESH,D689,ATARRA,1.44
16-11-2025,25.5,80.5,BANDA,UTTAR PRADESH,D689,ATARRA,1.66
17-11-2025,25.5,80.5,BANDA,UTTAR PRADESH,D689,ATARRA,1.67
18-11-2025,25.5,80.5,BANDA,UTTAR PRADESH,D689,ATARRA,1.76
19-11-2025,25.5,80.5,BANDA,UTTAR PRADESH,D689,ATARRA,1.84
20-11-2025,25.5,80.5,BANDA,UTTAR PRADESH,D689,ATARRA,1.55
21-11-2025,25.5,80.5,BANDA,UTTAR PRADESH,D689,ATARRA,1.39
22-11-2025,25.5,80.5,BANDA,UTTAR PRADESH,D689,ATARRA,1.36
23-11-2025,25.5,80.5,BANDA,UTTAR PRADESH,D689,ATARRA,1.39
24-11-2025,25.5,80.5,BANDA,UTTAR PRADESH,D689,ATARRA,1.13
25-11-2025,25.5,80.5,BANDA,UTTAR PRADESH,D689,ATARRA,1.01
26-11-2025,25.5,80.5,BANDA,UTTAR PRADESH,D689,ATARRA,1.19
27-11-2025,25.5,80.5,BANDA,UTTAR PRADESH,D689,ATARRA,1.49
28-11-2025,25.5,80.5,BANDA,UTTAR PRADESH,D689,ATARRA,1.69
29-11-2025,25.5,80.5,BANDA,UTTAR PRADESH,D689,ATARRA,1.83
30-11-2025,25.5,80.5,BANDA,UTTAR PRADESH,D689,ATARRA,1.84
01-12-2025,25.5,80.5,BANDA,UTTAR PRADESH,D689,ATARRA,1.65
02-12-2025,25.5,80.5,BANDA,UTTAR PRADESH,D689,ATARRA,1.38
03-12-2025,25.5,80.5,BANDA,UTTAR PRADESH,D689,ATARRA,1.4
04-12-2025,25.5,80.5,BANDA,UTTAR PRADESH,D689,ATARRA,1.59
05-12-2025,25.5,80.5,BANDA,UTTAR PRADESH,D689,ATARRA,1.66
06-12-2025,25.5,80.5,BANDA,UTTAR PRADESH,D689,ATARRA,1.76
07-12-2025,25.5,80.5,BANDA,UTTAR PRADESH,D689,ATARRA,1.78
08-12-2025,25.5,80.5,BANDA,UTTAR PRADESH,D689,ATARRA,1.87
09-12-2025,25.5,80.5,BANDA,UTTAR PRADESH,D689,ATARRA,2.14
10-12-2025,25.5,80.5,BANDA,UTTAR PRADESH,D689,ATARRA,1.95
11-12-2025,25.5,80.5,BANDA,UTTAR PRADESH,D689,ATARRA,1.7
12-12-2025,25.5,80.5,BANDA,UTTAR PRADESH,D689,ATARRA,1.71
13-12-2025,25.5,80.5,BANDA,UTTAR PRADESH,D689,ATARRA,1.86
14-12-2025,25.5,80.5,BANDA,UTTAR PRADESH,D689,ATARRA,1.99
15-12-2025,25.5,80.5,BANDA,UTTAR PRADESH,D689,ATARRA,2.11
16-12-2025,25.5,80.5,BANDA,UTTAR PRADESH,D689,ATARRA,2.37
17-12-2025,25.5,80.5,BANDA,UTTAR PRADESH,D689,ATARRA,2.32
18-12-2025,25.5,80.5,BANDA,UTTAR PRADESH,D689,ATARRA,2.48
19-12-2025,25.5,80.5,BANDA,UTTAR PRADESH,D689,ATARRA,2.15
20-12-2025,25.5,80.5,BANDA,UTTAR PRADESH,D689,ATARRA,2.17
21-12-2025,25.5,80.5,BANDA,UTTAR PRADESH,D689,ATARRA,2.6
22-12-2025,25.5,80.5,BANDA,UTTAR PRADESH,D689,ATARRA,2.46
23-12-2025,25.5,80.5,BANDA,UTTAR PRADESH,D689,ATARRA,2.11
24-12-2025,25.5,80.5,BANDA,UTTAR PRADESH,D689,ATARRA,2.58
25-12-2025,25.5,80.5,BANDA,UTTAR PRADESH,D689,ATARRA,2.38
26-12-2025,25.5,80.5,BANDA,UTTAR PRADESH,D689,ATARRA,2.65
27-12-2025,25.5,80.5,BANDA,UTTAR PRADESH,D689,ATARRA,3.06
28-12-2025,25.5,80.5,BANDA,UTTAR PRADESH,D689,ATARRA,3.02
29-12-2025,25.5,80.5,BANDA,UTTAR PRADESH,D689,ATARRA,2.99
30-12-2025,25.5,80.5,BANDA,UTTAR PRADESH,D689,ATARRA,3.18
31-12-2025,25.5,80.5,BANDA,UTTAR PRADESH,D689,ATARRA,2.97
01-01-2025,28.5,79.5,BAREILLY,UTTAR PRADESH,D691,AONLA,2.51
02-01-2025,28.5,79.5,BAREILLY,UTTAR PRADESH,D691,AONLA,2.73
03-01-2025,28.5,79.5,BAREILLY,UTTAR PRADESH,D691,AONLA,2.78
04-01-2025,28.5,79.5,BAREILLY,UTTAR PRADESH,D691,AONLA,2.91
05-01-2025,28.5,79.5,BAREILLY,UTTAR PRADESH,D691,AONLA,3.34
06-01-2025,28.5,79.5,BAREILLY,UTTAR PRADESH,D691,AONLA,2.9
07-01-2025,28.5,79.5,BAREILLY,UTTAR PRADESH,D691,AONLA,2.82
08-01-2025,28.5,79.5,BAREILLY,UTTAR PRADESH,D691,AONLA,2.84
09-01-2025,28.5,79.5,BAREILLY,UTTAR PRADESH,D691,AONLA,3.06
10-01-2025,28.5,79.5,BAREILLY,UTTAR PRADESH,D691,AONLA,2.67
11-01-2025,28.5,79.5,BAREILLY,UTTAR PRADESH,D691,AONLA,2.67
12-01-2025,28.5,79.5,BAREILLY,UTTAR PRADESH,D691,AONLA,2.25
13-01-2025,28.5,79.5,BAREILLY,UTTAR PRADESH,D691,AONLA,2.69
14-01-2025,28.5,79.5,BAREILLY,UTTAR PRADESH,D691,AONLA,2.5
15-01-2025,28.5,79.5,BAREILLY,UTTAR PRADESH,D691,AONLA,2.4
16-01-2025,28.5,79.5,BAREILLY,UTTAR PRADESH,D691,AONLA,2.79
17-01-2025,28.5,79.5,BAREILLY,UTTAR PRADESH,D691,AONLA,2.71
18-01-2025,28.5,79.5,BAREILLY,UTTAR PRADESH,D691,AONLA,2.98
19-01-2025,28.5,79.5,BAREILLY,UTTAR PRADESH,D691,AONLA,3.19
20-01-2025,28.5,79.5,BAREILLY,UTTAR PRADESH,D691,AONLA,3.18
21-01-2025,28.5,79.5,BAREILLY,UTTAR PRADESH,D691,AONLA,2.8
22-01-2025,28.5,79.5,BAREILLY,UTTAR PRADESH,D691,AONLA,2.86
23-01-2025,28.5,79.5,BAREILLY,UTTAR PRADESH,D691,AONLA,2.78
24-01-2025,28.5,79.5,BAREILLY,UTTAR PRADESH,D691,AONLA,2.47
25-01-2025,28.5,79.5,BAREILLY,UTTAR PRADESH,D691,AONLA,2.75
26-01-2025,28.5,79.5,BAREILLY,UTTAR PRADESH,D691,AONLA,2.29
27-01-2025,28.5,79.5,BAREILLY,UTTAR PRADESH,D691,AONLA,2.15
28-01-2025,28.5,79.5,BAREILLY,UTTAR PRADESH,D691,AONLA,2.23
29-01-2025,28.5,79.5,BAREILLY,UTTAR PRADESH,D691,AONLA,2.46
30-01-2025,28.5,79.5,BAREILLY,UTTAR PRADESH,D691,AONLA,2.48
31-01-2025,28.5,79.5,BAREILLY,UTTAR PRADESH,D691,AONLA,2.7
01-02-2025,28.5,79.5,BAREILLY,UTTAR PRADESH,D691,AONLA,2.73
02-02-2025,28.5,79.5,BAREILLY,UTTAR PRADESH,D691,AONLA,2.25
03-02-2025,28.5,79.5,BAREILLY,UTTAR PRADESH,D691,AONLA,2.12
04-02-2025,28.5,79.5,BAREILLY,UTTAR PRADESH,D691,AONLA,2.38
05-02-2025,28.5,79.5,BAREILLY,UTTAR PRADESH,D691,AONLA,2.49
06-02-2025,28.5,79.5,BAREILLY,UTTAR PRADESH,D691,AONLA,2.27
07-02-2025,28.5,79.5,BAREILLY,UTTAR PRADESH,D691,AONLA,2.11
08-02-2025,28.5,79.5,BAREILLY,UTTAR PRADESH,D691,AONLA,2.25
09-02-2025,28.5,79.5,BAREILLY,UTTAR PRADESH,D691,AONLA,2.28
10-02-2025,28.5,79.5,BAREILLY,UTTAR PRADESH,D691,AONLA,2.42
11-02-2025,28.5,79.5,BAREILLY,UTTAR PRADESH,D691,AONLA,2.71
12-02-2025,28.5,79.5,BAREILLY,UTTAR PRADESH,D691,AONLA,2.48
13-02-2025,28.5,79.5,BAREILLY,UTTAR PRADESH,D691,AONLA,2.26
14-02-2025,28.5,79.5,BAREILLY,UTTAR PRADESH,D691,AONLA,2.51
15-02-2025,28.5,79.5,BAREILLY,UTTAR PRADESH,D691,AONLA,2.57
16-02-2025,28.5,79.5,BAREILLY,UTTAR PRADESH,D691,AONLA,2.85
17-02-2025,28.5,79.5,BAREILLY,UTTAR PRADESH,D691,AONLA,2.37
18-02-2025,28.5,79.5,BAREILLY,UTTAR PRADESH,D691,AONLA,2.33
19-02-2025,28.5,79.5,BAREILLY,UTTAR PRADESH,D691,AONLA,2.3
20-02-2025,28.5,79.5,BAREILLY,UTTAR PRADESH,D691,AONLA,2.23
21-02-2025,28.5,79.5,BAREILLY,UTTAR PRADESH,D691,AONLA,2.46
22-02-2025,28.5,79.5,BAREILLY,UTTAR PRADESH,D691,AONLA,2.68
23-02-2025,28.5,79.5,BAREILLY,UTTAR PRADESH,D691,AONLA,2.73
24-02-2025,28.5,79.5,BAREILLY,UTTAR PRADESH,D691,AONLA,2.63
25-02-2025,28.5,79.5,BAREILLY,UTTAR PRADESH,D691,AONLA,2.69
26-02-2025,28.5,79.5,BAREILLY,UTTAR PRADESH,D691,AONLA,2.92
27-02-2025,28.5,79.5,BAREILLY,UTTAR PRADESH,D691,AONLA,2.77
28-02-2025,28.5,79.5,BAREILLY,UTTAR PRADESH,D691,AONLA,2.81
29-02-2025,28.5,79.5,BAREILLY,UTTAR PRADESH,D691,AONLA,1.69
01-03-2025,28.5,79.5,BAREILLY,UTTAR PRADESH,D691,AONLA,3.21
02-03-2025,28.5,79.5,BAREILLY,UTTAR PRADESH,D691,AONLA,3.13
03-03-2025,28.5,79.5,BAREILLY,UTTAR PRADESH,D691,AONLA,3.05
04-03-2025,28.5,79.5,BAREILLY,UTTAR PRADESH,D691,AONLA,3.04
05-03-2025,28.5,79.5,BAREILLY,UTTAR PRADESH,D691,AONLA,2.62
06-03-2025,28.5,79.5,BAREILLY,UTTAR PRADESH,D691,AONLA,2.63
07-03-2025,28.5,79.5,BAREILLY,UTTAR PRADESH,D691,AONLA,2.68
08-03-2025,28.5,79.5,BAREILLY,UTTAR PRADESH,D691,AONLA,2.33
09-03-2025,28.5,79.5,BAREILLY,UTTAR PRADESH,D691,AONLA,2.15
10-03-2025,28.5,79.5,BAREILLY,UTTAR PRADESH,D691,AONLA,2.59
11-03-2025,28.5,79.5,BAREILLY,UTTAR PRADESH,D691,AONLA,2.6
12-03-2025,28.5,79.5,BAREILLY,UTTAR PRADESH,D691,AONLA,2.4
13-03-2025,28.5,79.5,BAREILLY,UTTAR PRADESH,D691,AONLA,2.77
14-03-2025,28.5,79.5,BAREILLY,UTTAR PRADESH,D691,AONLA,2.72
15-03-2025,28.5,79.5,BAREILLY,UTTAR PRADESH,D691,AONLA,2.84
16-03-2025,28.5,79.5,BAREILLY,UTTAR PRADESH,D691,AONLA,2.19
17-03-2025,28.5,79.5,BAREILLY,UTTAR PRADESH,D691,AONLA,2.19
18-03-2025,28.5,79.5,BAREILLY,UTTAR PRADESH,D691,AONLA,2.54
19-03-2025,28.5,79.5,BAREILLY,UTTAR PRADESH,D691,AONLA,2.34
20-03-2025,28.5,79.5,BAREILLY,UTTAR PRADESH,D691,AONLA,2.56
21-03-2025,28.5,79.5,BAREILLY,UTTAR PRADESH,D691,AONLA,2.62
22-03-2025,28.5,79.5,BAREILLY,UTTAR PRADESH,D691,AONLA,2.34
23-03-2025,28.5,79.5,BAREILLY,UTTAR PRADESH,D691,AONLA,2.49
24-03-2025,28.5,79.5,BAREILLY,UTTAR PRADESH,D691,AONLA,2.5
25-03-2025,28.5,79.5,BAREILLY,UTTAR PRADESH,D691,AONLA,2.24
26-03-2025,28.5,79.5,BAREILLY,UTTAR PRADESH,D691,AONLA,2.23
27-03-2025,28.5,79.5,BAREILLY,UTTAR PRADESH,D691,AONLA,2.71
28-03-2025,28.5,79.5,BAREILLY,UTTAR PRADESH,D691,AONLA,1.99
29-03-2025,28.5,79.5,BAREILLY,UTTAR PRADESH,D691,AONLA,2.29
30-03-2025,28.5,79.5,BAREILLY,UTTAR PRADESH,D691,AONLA,2.91
31-03-2025,28.5,79.5,BAREILLY,UTTAR PRADESH,D691,AONLA,2.95
01-04-2025,28.5,79.5,BAREILLY,UTTAR PRADESH,D691,AONLA,2.71
02-04-2025,28.5,79.5,BAREILLY,UTTAR PRADESH,D691,AONLA,2.3
03-04-2025,28.5,79.5,BAREILLY,UTTAR PRADESH,D691,AONLA,2.92
04-04-2025,28.5,79.5,BAREILLY,UTTAR PRADESH,D691,AONLA,3.21
05-04-2025,28.5,79.5,BAREILLY,UTTAR PRADESH,D691,AONLA,2.81
06-04-2025,28.5,79.5,BAREILLY,UTTAR PRADESH,D691,AONLA,2.38
07-04-2025,28.5,79.5,BAREILLY,UTTAR PRADESH,D691,AONLA,2.38
08-04-2025,28.5,79.5,BAREILLY,UTTAR PRADESH,D691,AONLA,2.03
09-04-2025,28.5,79.5,BAREILLY,UTTAR PRADESH,D691,AONLA,2.65
10-04-2025,28.5,79.5,BAREILLY,UTTAR PRADESH,D691,AONLA,2.3
11-04-2025,28.5,79.5,BAREILLY,UTTAR PRADESH,D691,AONLA,2.46
12-04-2025,28.5,79.5,BAREILLY,UTTAR PRADESH,D691,AONLA,2.36
13-04-2025,28.5,79.5,BAREILLY,UTTAR PRADESH,D691,AONLA,2.66
14-04-2025,28.5,79.5,BAREILLY,UTTAR PRADESH,D691,AONLA,2.41
15-04-2025,28.5,79.5,BAREILLY,UTTAR PRADESH,D691,AONLA,2.41
16-04-2025,28.5,79.5,BAREILLY,UTTAR PRADESH,D691,AONLA,2.72
17-04-2025,28.5,79.5,BAREILLY,UTTAR PRADESH,D691,AONLA,2.9
18-04-2025,28.5,79.5,BAREILLY,UTTAR PRADESH,D691,AONLA,3.25
19-04-2025,28.5,79.5,BAREILLY,UTTAR PRADESH,D691,AONLA,2.85
20-04-2025,28.5,79.5,BAREILLY,UTTAR PRADESH,D691,AONLA,2.61
21-04-2025,28.5,79.5,BAREILLY,UTTAR PRADESH,D691,AONLA,2.58
22-04-2025,28.5,79.5,BAREILLY,UTTAR PRADESH,D691,AONLA,2.26
23-04-2025,28.5,79.5,BAREILLY,UTTAR PRADESH,D691,AONLA,2.01
24-04-2025,28.5,79.5,BAREILLY,UTTAR PRADESH,D691,AONLA,2.35
25-04-2025,28.5,79.5,BAREILLY,UTTAR PRADESH,D691,AONLA,2.3
26-04-2025,28.5,79.5,BAREILLY,UTTAR PRADESH,D691,AONLA,2.86
27-04-2025,28.5,79.5,BAREILLY,UTTAR PRADESH,D691,AONLA,2.49
28-04-2025,28.5,79.5,BAREILLY,UTTAR PRADESH,D691,AONLA,2.51
29-04-2025,28.5,79.5,BAREILLY,UTTAR PRADESH,D691,AONLA,2.62
30-04-2025,28.5,79.5,BAREILLY,UTTAR PRADESH,D691,AONLA,3.49
01-05-2025,28.5,79.5,BAREILLY,UTTAR PRADESH,D691,AONLA,3.66
02-05-2025,28.5,79.5,BAREILLY,UTTAR PRADESH,D691,AONLA,3.35
03-05-2025,28.5,79.5,BAREILLY,UTTAR PRADESH,D691,AONLA,2.63
04-05-2025,28.5,79.5,BAREILLY,UTTAR PRADESH,D691,AONLA,2.73
05-05-2025,28.5,79.5,BAREILLY,UTTAR PRADESH,D691,AONLA,2.61
06-05-2025,28.5,79.5,BAREILLY,UTTAR PRADESH,D691,AONLA,2.41
07-05-2025,28.5,79.5,BAREILLY,UTTAR PRADESH,D691,AONLA,2.4
08-05-2025,28.5,79.5,BAREILLY,UTTAR PRADESH,D691,AONLA,2.15
09-05-2025,28.5,79.5,BAREILLY,UTTAR PRADESH,D691,AONLA,2.14
10-05-2025,28.5,79.5,BAREILLY,UTTAR PRADESH,D691,AONLA,2.29
11-05-2025,28.5,79.5,BAREILLY,UTTAR PRADESH,D691,AONLA,1.85
12-05-2025,28.5,79.5,BAREILLY,UTTAR PRADESH,D691,AONLA,1.92
13-05-2025,28.5,79.5,BAREILLY,UTTAR PRADESH,D691,AONLA,2.28
14-05-2025,28.5,79.5,BAREILLY,UTTAR PRADESH,D691,AONLA,2.09
15-05-2025,28.5,79.5,BAREILLY,UTTAR PRADESH,D691,AONLA,2.06
16-05-2025,28.5,79.5,BAREILLY,UTTAR PRADESH,D691,AONLA,1.99
17-05-2025,28.5,79.5,BAREILLY,UTTAR PRADESH,D691,AONLA,2.57
18-05-2025,28.5,79.5,BAREILLY,UTTAR PRADESH,D691,AONLA,2.78
19-05-2025,28.5,79.5,BAREILLY,UTTAR PRADESH,D691,AONLA,3.26
20-05-2025,28.5,79.5,BAREILLY,UTTAR PRADESH,D691,AONLA,2.93
21-05-2025,28.5,79.5,BAREILLY,UTTAR PRADESH,D691,AONLA,3.06
22-05-2025,28.5,79.5,BAREILLY,UTTAR PRADESH,D691,AONLA,3.4
23-05-2025,28.5,79.5,BAREILLY,UTTAR PRADESH,D691,AONLA,3.2
24-05-2025,28.5,79.5,BAREILLY,UTTAR PRADESH,D691,AONLA,2.89
25-05-2025,28.5,79.5,BAREILLY,UTTAR PRADESH,D691,AONLA,2.92
26-05-2025,28.5,79.5,BAREILLY,UTTAR PRADESH,D691,AONLA,2.92
27-05-2025,28.5,79.5,BAREILLY,UTTAR PRADESH,D691,AONLA,2.91
28-05-2025,28.5,79.5,BAREILLY,UTTAR PRADESH,D691,AONLA,2.82
29-05-2025,28.5,79.5,BAREILLY,UTTAR PRADESH,D691,AONLA,3.37
30-05-2025,28.5,79.5,BAREILLY,UTTAR PRADESH,D691,AONLA,3.4
31-05-2025,28.5,79.5,BAREILLY,UTTAR PRADESH,D691,AONLA,3.18
01-06-2025,28.5,79.5,BAREILLY,UTTAR PRADESH,D691,AONLA,3.35
02-06-2025,28.5,79.5,BAREILLY,UTTAR PRADESH,D691,AONLA,3.24
03-06-2025,28.5,79.5,BAREILLY,UTTAR PRADESH,D691,AONLA,3.51
04-06-2025,28.5,79.5,BAREILLY,UTTAR PRADESH,D691,AONLA,3.48
05-06-2025,28.5,79.5,BAREILLY,UTTAR PRADESH,D691,AONLA,3.14
06-06-2025,28.5,79.5,BAREILLY,UTTAR PRADESH,D691,AONLA,2.76
07-06-2025,28.5,79.5,BAREILLY,UTTAR PRADESH,D691,AONLA,3.51
08-06-2025,28.5,79.5,BAREILLY,UTTAR PRADESH,D691,AONLA,3.49
09-06-2025,28.5,79.5,BAREILLY,UTTAR PRADESH,D691,AONLA,3.33
10-06-2025,28.5,79.5,BAREILLY,UTTAR PRADESH,D691,AONLA,3.06
11-06-2025,28.5,79.5,BAREILLY,UTTAR PRADESH,D691,AONLA,2.76
12-06-2025,28.5,79.5,BAREILLY,UTTAR PRADESH,D691,AONLA,2.87
13-06-2025,28.5,79.5,BAREILLY,UTTAR PRADESH,D691,AONLA,2.81
14-06-2025,28.5,79.5,BAREILLY,UTTAR PRADESH,D691,AONLA,3.04
15-06-2025,28.5,79.5,BAREILLY,UTTAR PRADESH,D691,AONLA,3.47
16-06-2025,28.5,79.5,BAREILLY,UTTAR PRADESH,D691,AONLA,3.68
17-06-2025,28.5,79.5,BAREILLY,UTTAR PRADESH,D691,AONLA,3.73
18-06-2025,28.5,79.5,BAREILLY,UTTAR PRADESH,D691,AONLA,3.49
19-06-2025,28.5,79.5,BAREILLY,UTTAR PRADESH,D691,AONLA,3.3
20-06-2025,28.5,79.5,BAREILLY,UTTAR PRADESH,D691,AONLA,3.22
21-06-2025,28.5,79.5,BAREILLY,UTTAR PRADESH,D691,AONLA,2.9
22-06-2025,28.5,79.5,BAREILLY,UTTAR PRADESH,D691,AONLA,2.71
23-06-2025,28.5,79.5,BAREILLY,UTTAR PRADESH,D691,AONLA,2.4
24-06-2025,28.5,79.5,BAREILLY,UTTAR PRADESH,D691,AONLA,2.58
25-06-2025,28.5,79.5,BAREILLY,UTTAR PRADESH,D691,AONLA,2.86
26-06-2025,28.5,79.5,BAREILLY,UTTAR PRADESH,D691,AONLA,2.51
27-06-2025,28.5,79.5,BAREILLY,UTTAR PRADESH,D691,AONLA,2.64
28-06-2025,28.5,79.5,BAREILLY,UTTAR PRADESH,D691,AONLA,2.42
29-06-2025,28.5,79.5,BAREILLY,UTTAR PRADESH,D691,AONLA,2.84
30-06-2025,28.5,79.5,BAREILLY,UTTAR PRADESH,D691,AONLA,3.05
01-07-2025,28.5,79.5,BAREILLY,UTTAR PRADESH,D691,AONLA,2.37
02-07-2025,28.5,79.5,BAREILLY,UTTAR PRADESH,D691,AONLA,2.2
03-07-2025,28.5,79.5,BAREILLY,UTTAR PRADESH,D691,AONLA,1.8
04-07-2025,28.5,79.5,BAREILLY,UTTAR PRADESH,D691,AONLA,1.47
05-07-2025,28.5,79.5,BAREILLY,UTTAR PRADESH,D691,AONLA,2.08
06-07-2025,28.5,79.5,BAREILLY,UTTAR PRADESH,D691,AONLA,2.58
07-07-2025,28.5,79.5,BAREILLY,UTTAR PRADESH,D691,AONLA,2.38
08-07-2025,28.5,79.5,BAREILLY,UTTAR PRADESH,D691,AONLA,2.2
09-07-2025,28.5,79.5,BAREILLY,UTTAR PRADESH,D691,AONLA,2.12
10-07-2025,28.5,79.5,BAREILLY,UTTAR PRADESH,D691,AONLA,2.38
11-07-2025,28.5,79.5,BAREILLY,UTTAR PRADESH,D691,AONLA,2.64
12-07-2025,28.5,79.5,BAREILLY,UTTAR PRADESH,D691,AONLA,2.33
13-07-2025,28.5,79.5,BAREILLY,UTTAR PRADESH,D691,AONLA,1.91
14-07-2025,28.5,79.5,BAREILLY,UTTAR PRADESH,D691,AONLA,1.9
15-07-2025,28.5,79.5,BAREILLY,UTTAR PRADESH,D691,AONLA,1.89
16-07-2025,28.5,79.5,BAREILLY,UTTAR PRADESH,D691,AONLA,2.13
17-07-2025,28.5,79.5,BAREILLY,UTTAR PRADESH,D691,AONLA,2.05
18-07-2025,28.5,79.5,BAREILLY,UTTAR PRADESH,D691,AONLA,2.07
19-07-2025,28.5,79.5,BAREILLY,UTTAR PRADESH,D691,AONLA,2.08
20-07-2025,28.5,79.5,BAREILLY,UTTAR PRADESH,D691,AONLA,1.84
21-07-2025,28.5,79.5,BAREILLY,UTTAR PRADESH,D691,AONLA,1.6
22-07-2025,28.5,79.5,BAREILLY,UTTAR PRADESH,D691,AONLA,1.64
23-07-2025,28.5,79.5,BAREILLY,UTTAR PRADESH,D691,AONLA,1.58
24-07-2025,28.5,79.5,BAREILLY,UTTAR PRADESH,D691,AONLA,1.46
25-07-2025,28.5,79.5,BAREILLY,UTTAR PRADESH,D691,AONLA,1.77
26-07-2025,28.5,79.5,BAREILLY,UTTAR PRADESH,D691,AONLA,1.85
27-07-2025,28.5,79.5,BAREILLY,UTTAR PRADESH,D691,AONLA,2.19
28-07-2025,28.5,79.5,BAREILLY,UTTAR PRADESH,D691,AONLA,1.88
29-07-2025,28.5,79.5,BAREILLY,UTTAR PRADESH,D691,AONLA,1.75
30-07-2025,28.5,79.5,BAREILLY,UTTAR PRADESH,D691,AONLA,1.66
31-07-2025,28.5,79.5,BAREILLY,UTTAR PRADESH,D691,AONLA,1.72
01-08-2025,28.5,79.5,BAREILLY,UTTAR PRADESH,D691,AONLA,1.36
02-08-2025,28.5,79.5,BAREILLY,UTTAR PRADESH,D691,AONLA,1.41
03-08-2025,28.5,79.5,BAREILLY,UTTAR PRADESH,D691,AONLA,1.8
04-08-2025,28.5,79.5,BAREILLY,UTTAR PRADESH,D691,AONLA,1.56
05-08-2025,28.5,79.5,BAREILLY,UTTAR PRADESH,D691,AONLA,1.29
06-08-2025,28.5,79.5,BAREILLY,UTTAR PRADESH,D691,AONLA,1.34
07-08-2025,28.5,79.5,BAREILLY,UTTAR PRADESH,D691,AONLA,1.24
08-08-2025,28.5,79.5,BAREILLY,UTTAR PRADESH,D691,AONLA,1.63
09-08-2025,28.5,79.5,BAREILLY,UTTAR PRADESH,D691,AONLA,1.6
10-08-2025,28.5,79.5,BAREILLY,UTTAR PRADESH,D691,AONLA,1.5
11-08-2025,28.5,79.5,BAREILLY,UTTAR PRADESH,D691,AONLA,1.43
12-08-2025,28.5,79.5,BAREILLY,UTTAR PRADESH,D691,AONLA,1.65
13-08-2025,28.5,79.5,BAREILLY,UTTAR PRADESH,D691,AONLA,1.81
14-08-2025,28.5,79.5,BAREILLY,UTTAR PRADESH,D691,AONLA,1.54
15-08-2025,28.5,79.5,BAREILLY,UTTAR PRADESH,D691,AONLA,1.79
16-08-2025,28.5,79.5,BAREILLY,UTTAR PRADESH,D691,AONLA,1.96
17-08-2025,28.5,79.5,BAREILLY,UTTAR PRADESH,D691,AONLA,1.8
18-08-2025,28.5,79.5,BAREILLY,UTTAR PRADESH,D691,AONLA,1.66
19-08-2025,28.5,79.5,BAREILLY,UTTAR PRADESH,D691,AONLA,1.47
20-08-2025,28.5,79.5,BAREILLY,UTTAR PRADESH,D691,AONLA,1.26
21-08-2025,28.5,79.5,BAREILLY,UTTAR PRADESH,D691,AONLA,1.67
22-08-2025,28.5,79.5,BAREILLY,UTTAR PRADESH,D691,AONLA,1.83
23-08-2025,28.5,79.5,BAREILLY,UTTAR PRADESH,D691,AONLA,1.8
24-08-2025,28.5,79.5,BAREILLY,UTTAR PRADESH,D691,AONLA,1.72
25-08-2025,28.5,79.5,BAREILLY,UTTAR PRADESH,D691,AONLA,1.7
26-08-2025,28.5,79.5,BAREILLY,UTTAR PRADESH,D691,AONLA,1.57
27-08-2025,28.5,79.5,BAREILLY,UTTAR PRADESH,D691,AONLA,1.12
28-08-2025,28.5,79.5,BAREILLY,UTTAR PRADESH,D691,AONLA,1.3
29-08-2025,28.5,79.5,BAREILLY,UTTAR PRADESH,D691,AONLA,1.41
30-08-2025,28.5,79.5,BAREILLY,UTTAR PRADESH,D691,AONLA,1.59
31-08-2025,28.5,79.5,BAREILLY,UTTAR PRADESH,D691,AONLA,1.76
01-09-2025,28.5,79.5,BAREILLY,UTTAR PRADESH,D691,AONLA,1.66
02-09-2025,28.5,79.5,BAREILLY,UTTAR PRADESH,D691,AONLA,2.08
03-09-2025,28.5,79.5,BAREILLY,UTTAR PRADESH,D691,AONLA,1.61
04-09-2025,28.5,79.5,BAREILLY,UTTAR PRADESH,D691,AONLA,1.79
05-09-2025,28.5,79.5,BAREILLY,UTTAR PRADESH,D691,AONLA,1.94
06-09-2025,28.5,79.5,BAREILLY,UTTAR PRADESH,D691,AONLA,1.97
07-09-2025,28.5,79.5,BAREILLY,UTTAR PRADESH,D691,AONLA,1.92
08-09-2025,28.5,79.5,BAREILLY,UTTAR PRADESH,D691,AONLA,1.85
09-09-2025,28.5,79.5,BAREILLY,UTTAR PRADESH,D691,AONLA,2.29
10-09-2025,28.5,79.5,BAREILLY,UTTAR PRADESH,D691,AONLA,2.23
11-09-2025,28.5,79.5,BAREILLY,UTTAR PRADESH,D691,AONLA,2.25
12-09-2025,28.5,79.5,BAREILLY,UTTAR PRADESH,D691,AONLA,2.18
13-09-2025,28.5,79.5,BAREILLY,UTTAR PRADESH,D691,AONLA,2.03
14-09-2025,28.5,79.5,BAREILLY,UTTAR PRADESH,D691,AONLA,1.61
15-09-2025,28.5,79.5,BAREILLY,UTTAR PRADESH,D691,AONLA,1.67
16-09-2025,28.5,79.5,BAREILLY,UTTAR PRADESH,D691,AONLA,2.22
17-09-2025,28.5,79.5,BAREILLY,UTTAR PRADESH,D691,AONLA,2.26
18-09-2025,28.5,79.5,BAREILLY,UTTAR PRADESH,D691,AONLA,2.07
19-09-2025,28.5,79.5,BAREILLY,UTTAR PRADESH,D691,AONLA,2.23
20-09-2025,28.5,79.5,BAREILLY,UTTAR PRADESH,D691,AONLA,2.02
21-09-2025,28.5,79.5,BAREILLY,UTTAR PRADESH,D691,AONLA,2.15
22-09-2025,28.5,79.5,BAREILLY,UTTAR PRADESH,D691,AONLA,2.22
23-09-2025,28.5,79.5,BAREILLY,UTTAR PRADESH,D691,AONLA,1.99
24-09-2025,28.5,79.5,BAREILLY,UTTAR PRADESH,D691,AONLA,2.16
25-09-2025,28.5,79.5,BAREILLY,UTTAR PRADESH,D691,AONLA,2.09
26-09-2025,28.5,79.5,BAREILLY,UTTAR PRADESH,D691,AONLA,1.79
27-09-2025,28.5,79.5,BAREILLY,UTTAR PRADESH,D691,AONLA,1.65
28-09-2025,28.5,79.5,BAREILLY,UTTAR PRADESH,D691,AONLA,1.74
29-09-2025,28.5,79.5,BAREILLY,UTTAR PRADESH,D691,AONLA,1.52
30-09-2025,28.5,79.5,BAREILLY,UTTAR PRADESH,D691,AONLA,1.42
01-10-2025,28.5,79.5,BAREILLY,UTTAR PRADESH,D691,AONLA,1.49
02-10-2025,28.5,79.5,BAREILLY,UTTAR PRADESH,D691,AONLA,1.45
03-10-2025,28.5,79.5,BAREILLY,UTTAR PRADESH,D691,AONLA,1.92
04-10-2025,28.5,79.5,BAREILLY,UTTAR PRADESH,D691,AONLA,2.34
05-10-2025,28.5,79.5,BAREILLY,UTTAR PRADESH,D691,AONLA,2.24
06-10-2025,28.5,79.5,BAREILLY,UTTAR PRADESH,D691,AONLA,2.46
07-10-2025,28.5,79.5,BAREILLY,UTTAR PRADESH,D691,AONLA,2.22
08-10-2025,28.5,79.5,BAREILLY,UTTAR PRADESH,D691,AONLA,2.01
09-10-2025,28.5,79.5,BAREILLY,UTTAR PRADESH,D691,AONLA,1.63
10-10-2025,28.5,79.5,BAREILLY,UTTAR PRADESH,D691,AONLA,1.93
11-10-2025,28.5,79.5,BAREILLY,UTTAR PRADESH,D691,AONLA,2.28
12-10-2025,28.5,79.5,BAREILLY,UTTAR PRADESH,D691,AONLA,1.68
13-10-2025,28.5,79.5,BAREILLY,UTTAR PRADESH,D691,AONLA,1.42
14-10-2025,28.5,79.5,BAREILLY,UTTAR PRADESH,D691,AONLA,2.16
15-10-2025,28.5,79.5,BAREILLY,UTTAR PRADESH,D691,AONLA,1.75
16-10-2025,28.5,79.5,BAREILLY,UTTAR PRADESH,D691,AONLA,1.7
17-10-2025,28.5,79.5,BAREILLY,UTTAR PRADESH,D691,AONLA,1.56
18-10-2025,28.5,79.5,BAREILLY,UTTAR PRADESH,D691,AONLA,1.69
19-10-2025,28.5,79.5,BAREILLY,UTTAR PRADESH,D691,AONLA,1.73
20-10-2025,28.5,79.5,BAREILLY,UTTAR PRADESH,D691,AONLA,1.41
21-10-2025,28.5,79.5,BAREILLY,UTTAR PRADESH,D691,AONLA,1.31
22-10-2025,28.5,79.5,BAREILLY,UTTAR PRADESH,D691,AONLA,1.19
23-10-2025,28.5,79.5,BAREILLY,UTTAR PRADESH,D691,AONLA,1.34
24-10-2025,28.5,79.5,BAREILLY,UTTAR PRADESH,D691,AONLA,1.77
25-10-2025,28.5,79.5,BAREILLY,UTTAR PRADESH,D691,AONLA,1.35
26-10-2025,28.5,79.5,BAREILLY,UTTAR PRADESH,D691,AONLA,1.29
27-10-2025,28.5,79.5,BAREILLY,UTTAR PRADESH,D691,AONLA,1.5
28-10-2025,28.5,79.5,BAREILLY,UTTAR PRADESH,D691,AONLA,1.69
29-10-2025,28.5,79.5,BAREILLY,UTTAR PRADESH,D691,AONLA,1.76
30-10-2025,28.5,79.5,BAREILLY,UTTAR PRADESH,D691,AONLA,1.66
31-10-2025,28.5,79.5,BAREILLY,UTTAR PRADESH,D691,AONLA,1.33
01-11-2025,28.5,79.5,BAREILLY,UTTAR PRADESH,D691,AONLA,1.11
02-11-2025,28.5,79.5,BAREILLY,UTTAR PRADESH,D691,AONLA,1.16
03-11-2025,28.5,79.5,BAREILLY,UTTAR PRADESH,D691,AONLA,1.23
04-11-2025,28.5,79.5,BAREILLY,UTTAR PRADESH,D691,AONLA,1.12
05-11-2025,28.5,79.5,BAREILLY,UTTAR PRADESH,D691,AONLA,1.2
06-11-2025,28.5,79.5,BAREILLY,UTTAR PRADESH,D691,AONLA,1.09
07-11-2025,28.5,79.5,BAREILLY,UTTAR PRADESH,D691,AONLA,1.34
08-11-2025,28.5,79.5,BAREILLY,UTTAR PRADESH,D691,AONLA,1.44
09-11-2025,28.5,79.5,BAREILLY,UTTAR PRADESH,D691,AONLA,1.29
10-11-2025,28.5,79.5,BAREILLY,UTTAR PRADESH,D691,AONLA,1.11
11-11-2025,28.5,79.5,BAREILLY,UTTAR PRADESH,D691,AONLA,1.1
12-11-2025,28.5,79.5,BAREILLY,UTTAR PRADESH,D691,AONLA,1.57
13-11-2025,28.5,79.5,BAREILLY,UTTAR PRADESH,D691,AONLA,1.24
14-11-2025,28.5,79.5,BAREILLY,UTTAR PRADESH,D691,AONLA,1.17
15-11-2025,28.5,79.5,BAREILLY,UTTAR PRADESH,D691,AONLA,1.04
16-11-2025,28.5,79.5,BAREILLY,UTTAR PRADESH,D691,AONLA,1.22
17-11-2025,28.5,79.5,BAREILLY,UTTAR PRADESH,D691,AONLA,1.07
18-11-2025,28.5,79.5,BAREILLY,UTTAR PRADESH,D691,AONLA,1.1
19-11-2025,28.5,79.5,BAREILLY,UTTAR PRADESH,D691,AONLA,1.03
20-11-2025,28.5,79.5,BAREILLY,UTTAR PRADESH,D691,AONLA,1.15
21-11-2025,28.5,79.5,BAREILLY,UTTAR PRADESH,D691,AONLA,1.14
22-11-2025,28.5,79.5,BAREILLY,UTTAR PRADESH,D691,AONLA,1.25
23-11-2025,28.5,79.5,BAREILLY,UTTAR PRADESH,D691,AONLA,1.34
24-11-2025,28.5,79.5,BAREILLY,UTTAR PRADESH,D691,AONLA,1.21
25-11-2025,28.5,79.5,BAREILLY,UTTAR PRADESH,D691,AONLA,1.33
26-11-2025,28.5,79.5,BAREILLY,UTTAR PRADESH,D691,AONLA,1.53
27-11-2025,28.5,79.5,BAREILLY,UTTAR PRADESH,D691,AONLA,1.52
28-11-2025,28.5,79.5,BAREILLY,UTTAR PRADESH,D691,AONLA,1.48
29-11-2025,28.5,79.5,BAREILLY,UTTAR PRADESH,D691,AONLA,1.35
30-11-2025,28.5,79.5,BAREILLY,UTTAR PRADESH,D691,AONLA,1.39
01-12-2025,28.5,79.5,BAREILLY,UTTAR PRADESH,D691,AONLA,1.4
02-12-2025,28.5,79.5,BAREILLY,UTTAR PRADESH,D691,AONLA,1.4
03-12-2025,28.5,79.5,BAREILLY,UTTAR PRADESH,D691,AONLA,1.32
04-12-2025,28.5,79.5,BAREILLY,UTTAR PRADESH,D691,AONLA,1.51
05-12-2025,28.5,79.5,BAREILLY,UTTAR PRADESH,D691,AONLA,1.1
06-12-2025,28.5,79.5,BAREILLY,UTTAR PRADESH,D691,AONLA,1.06
07-12-2025,28.5,79.5,BAREILLY,UTTAR PRADESH,D691,AONLA,1.25
08-12-2025,28.5,79.5,BAREILLY,UTTAR PRADESH,D691,AONLA,1.53
09-12-2025,28.5,79.5,BAREILLY,UTTAR PRADESH,D691,AONLA,1.78
10-12-2025,28.5,79.5,BAREILLY,UTTAR PRADESH,D691,AONLA,1.74
11-12-2025,28.5,79.5,BAREILLY,UTTAR PRADESH,D691,AONLA,1.8
12-12-2025,28.5,79.5,BAREILLY,UTTAR PRADESH,D691,AONLA,1.9
13-12-2025,28.5,79.5,BAREILLY,UTTAR PRADESH,D691,AONLA,2.23
14-12-2025,28.5,79.5,BAREILLY,UTTAR PRADESH,D691,AONLA,2.15
15-12-2025,28.5,79.5,BAREILLY,UTTAR PRADESH,D691,AONLA,2.07
16-12-2025,28.5,79.5,BAREILLY,UTTAR PRADESH,D691,AONLA,2.26
17-12-2025,28.5,79.5,BAREILLY,UTTAR PRADESH,D691,AONLA,2.45
18-12-2025,28.5,79.5,BAREILLY,UTTAR PRADESH,D691,AONLA,2.72
19-12-2025,28.5,79.5,BAREILLY,UTTAR PRADESH,D691,AONLA,2.37
20-12-2025,28.5,79.5,BAREILLY,UTTAR PRADESH,D691,AONLA,2.6
21-12-2025,28.5,79.5,BAREILLY,UTTAR PRADESH,D691,AONLA,2.71
22-12-2025,28.5,79.5,BAREILLY,UTTAR PRADESH,D691,AONLA,2.64
23-12-2025,28.5,79.5,BAREILLY,UTTAR PRADESH,D691,AONLA,2.34
24-12-2025,28.5,79.5,BAREILLY,UTTAR PRADESH,D691,AONLA,2.57
25-12-2025,28.5,79.5,BAREILLY,UTTAR PRADESH,D691,AONLA,2.81
26-12-2025,28.5,79.5,BAREILLY,UTTAR PRADESH,D691,AONLA,3.01
27-12-2025,28.5,79.5,BAREILLY,UTTAR PRADESH,D691,AONLA,2.92
28-12-2025,28.5,79.5,BAREILLY,UTTAR PRADESH,D691,AONLA,2.76
29-12-2025,28.5,79.5,BAREILLY,UTTAR PRADESH,D691,AONLA,2.76
30-12-2025,28.5,79.5,BAREILLY,UTTAR PRADESH,D691,AONLA,2.92
31-12-2025,28.5,79.5,BAREILLY,UTTAR PRADESH,D691,AONLA,3.04
01-01-2025,29.5,78.5,BIJNOR,UTTAR PRADESH,D694,AFZALGARH,2.41
02-01-2025,29.5,78.5,BIJNOR,UTTAR PRADESH,D694,AFZALGARH,2.46
03-01-2025,29.5,78.5,BIJNOR,UTTAR PRADESH,D694,AFZALGARH,2.49
04-01-2025,29.5,78.5,BIJNOR,UTTAR PRADESH,D694,AFZALGARH,2.65
05-01-2025,29.5,78.5,BIJNOR,UTTAR PRADESH,D694,AFZALGARH,2.92
06-01-2025,29.5,78.5,BIJNOR,UTTAR PRADESH,D694,AFZALGARH,2.46
07-01-2025,29.5,78.5,BIJNOR,UTTAR PRADESH,D694,AFZALGARH,2.65
08-01-2025,29.5,78.5,BIJNOR,UTTAR PRADESH,D694,AFZALGARH,2.76
09-01-2025,29.5,78.5,BIJNOR,UTTAR PRADESH,D694,AFZALGARH,2.78
10-01-2025,29.5,78.5,BIJNOR,UTTAR PRADESH,D694,AFZALGARH,2.45
11-01-2025,29.5,78.5,BIJNOR,UTTAR PRADESH,D694,AFZALGARH,2.39
12-01-2025,29.5,78.5,BIJNOR,UTTAR PRADESH,D694,AFZALGARH,2.13
13-01-2025,29.5,78.5,BIJNOR,UTTAR PRADESH,D694,AFZALGARH,2.48
14-01-2025,29.5,78.5,BIJNOR,UTTAR PRADESH,D694,AFZALGARH,2.32
15-01-2025,29.5,78.5,BIJNOR,UTTAR PRADESH,D694,AFZALGARH,2.14
16-01-2025,29.5,78.5,BIJNOR,UTTAR PRADESH,D694,AFZALGARH,2.54
17-01-2025,29.5,78.5,BIJNOR,UTTAR PRADESH,D694,AFZALGARH,2.2
18-01-2025,29.5,78.5,BIJNOR,UTTAR PRADESH,D694,AFZALGARH,2.53
19-01-2025,29.5,78.5,BIJNOR,UTTAR PRADESH,D694,AFZALGARH,2.85
20-01-2025,29.5,78.5,BIJNOR,UTTAR PRADESH,D694,AFZALGARH,3.03
21-01-2025,29.5,78.5,BIJNOR,UTTAR PRADESH,D694,AFZALGARH,2.62
22-01-2025,29.5,78.5,BIJNOR,UTTAR PRADESH,D694,AFZALGARH,2.89
23-01-2025,29.5,78.5,BIJNOR,UTTAR PRADESH,D694,AFZALGARH,2.68
24-01-2025,29.5,78.5,BIJNOR,UTTAR PRADESH,D694,AFZALGARH,2.64
25-01-2025,29.5,78.5,BIJNOR,UTTAR PRADESH,D694,AFZALGARH,2.75
26-01-2025,29.5,78.5,BIJNOR,UTTAR PRADESH,D694,AFZALGARH,2.41
27-01-2025,29.5,78.5,BIJNOR,UTTAR PRADESH,D694,AFZALGARH,2.42
28-01-2025,29.5,78.5,BIJNOR,UTTAR PRADESH,D694,AFZALGARH,2.49
29-01-2025,29.5,78.5,BIJNOR,UTTAR PRADESH,D694,AFZALGARH,2.63
30-01-2025,29.5,78.5,BIJNOR,UTTAR PRADESH,D694,AFZALGARH,2.73
31-01-2025,29.5,78.5,BIJNOR,UTTAR PRADESH,D694,AFZALGARH,2.79
01-02-2025,29.5,78.5,BIJNOR,UTTAR PRADESH,D694,AFZALGARH,2.81
02-02-2025,29.5,78.5,BIJNOR,UTTAR PRADESH,D694,AFZALGARH,2.36
03-02-2025,29.5,78.5,BIJNOR,UTTAR PRADESH,D694,AFZALGARH,2.68
04-02-2025,29.5,78.5,BIJNOR,UTTAR PRADESH,D694,AFZALGARH,2.76
05-02-2025,29.5,78.5,BIJNOR,UTTAR PRADESH,D694,AFZALGARH,2.76
06-02-2025,29.5,78.5,BIJNOR,UTTAR PRADESH,D694,AFZALGARH,2.41
07-02-2025,29.5,78.5,BIJNOR,UTTAR PRADESH,D694,AFZALGARH,2.42
08-02-2025,29.5,78.5,BIJNOR,UTTAR PRADESH,D694,AFZALGARH,2.57
09-02-2025,29.5,78.5,BIJNOR,UTTAR PRADESH,D694,AFZALGARH,2.59
10-02-2025,29.5,78.5,BIJNOR,UTTAR PRADESH,D694,AFZALGARH,2.67
11-02-2025,29.5,78.5,BIJNOR,UTTAR PRADESH,D694,AFZALGARH,2.89
12-02-2025,29.5,78.5,BIJNOR,UTTAR PRADESH,D694,AFZALGARH,2.8
13-02-2025,29.5,78.5,BIJNOR,UTTAR PRADESH,D694,AFZALGARH,2.49
14-02-2025,29.5,78.5,BIJNOR,UTTAR PRADESH,D694,AFZALGARH,2.86
15-02-2025,29.5,78.5,BIJNOR,UTTAR PRADESH,D694,AFZALGARH,2.81
16-02-2025,29.5,78.5,BIJNOR,UTTAR PRADESH,D694,AFZALGARH,2.92
17-02-2025,29.5,78.5,BIJNOR,UTTAR PRADESH,D694,AFZALGARH,2.74
18-02-2025,29.5,78.5,BIJNOR,UTTAR PRADESH,D694,AFZALGARH,2.58
19-02-2025,29.5,78.5,BIJNOR,UTTAR PRADESH,D694,AFZALGARH,2.47
20-02-2025,29.5,78.5,BIJNOR,UTTAR PRADESH,D694,AFZALGARH,2.48
21-02-2025,29.5,78.5,BIJNOR,UTTAR PRADESH,D694,AFZALGARH,2.59
22-02-2025,29.5,78.5,BIJNOR,UTTAR PRADESH,D694,AFZALGARH,2.7
23-02-2025,29.5,78.5,BIJNOR,UTTAR PRADESH,D694,AFZALGARH,2.92
24-02-2025,29.5,78.5,BIJNOR,UTTAR PRADESH,D694,AFZALGARH,2.7
25-02-2025,29.5,78.5,BIJNOR,UTTAR PRADESH,D694,AFZALGARH,2.92
26-02-2025,29.5,78.5,BIJNOR,UTTAR PRADESH,D694,AFZALGARH,3.38
27-02-2025,29.5,78.5,BIJNOR,UTTAR PRADESH,D694,AFZALGARH,2.95
28-02-2025,29.5,78.5,BIJNOR,UTTAR PRADESH,D694,AFZALGARH,2.83
29-02-2025,29.5,78.5,BIJNOR,UTTAR PRADESH,D694,AFZALGARH,2
01-03-2025,29.5,78.5,BIJNOR,UTTAR PRADESH,D694,AFZALGARH,3.47
02-03-2025,29.5,78.5,BIJNOR,UTTAR PRADESH,D694,AFZALGARH,3.41
03-03-2025,29.5,78.5,BIJNOR,UTTAR PRADESH,D694,AFZALGARH,3.12
04-03-2025,29.5,78.5,BIJNOR,UTTAR PRADESH,D694,AFZALGARH,3.07
05-03-2025,29.5,78.5,BIJNOR,UTTAR PRADESH,D694,AFZALGARH,2.64
06-03-2025,29.5,78.5,BIJNOR,UTTAR PRADESH,D694,AFZALGARH,2.99
07-03-2025,29.5,78.5,BIJNOR,UTTAR PRADESH,D694,AFZALGARH,2.94
08-03-2025,29.5,78.5,BIJNOR,UTTAR PRADESH,D694,AFZALGARH,2.68
09-03-2025,29.5,78.5,BIJNOR,UTTAR PRADESH,D694,AFZALGARH,2.48
10-03-2025,29.5,78.5,BIJNOR,UTTAR PRADESH,D694,AFZALGARH,2.52
11-03-2025,29.5,78.5,BIJNOR,UTTAR PRADESH,D694,AFZALGARH,3.1
12-03-2025,29.5,78.5,BIJNOR,UTTAR PRADESH,D694,AFZALGARH,2.9
13-03-2025,29.5,78.5,BIJNOR,UTTAR PRADESH,D694,AFZALGARH,3.31
14-03-2025,29.5,78.5,BIJNOR,UTTAR PRADESH,D694,AFZALGARH,3.29
15-03-2025,29.5,78.5,BIJNOR,UTTAR PRADESH,D694,AFZALGARH,3.1
16-03-2025,29.5,78.5,BIJNOR,UTTAR PRADESH,D694,AFZALGARH,2.5
17-03-2025,29.5,78.5,BIJNOR,UTTAR PRADESH,D694,AFZALGARH,2.49
18-03-2025,29.5,78.5,BIJNOR,UTTAR PRADESH,D694,AFZALGARH,2.95
19-03-2025,29.5,78.5,BIJNOR,UTTAR PRADESH,D694,AFZALGARH,2.61
20-03-2025,29.5,78.5,BIJNOR,UTTAR PRADESH,D694,AFZALGARH,2.72
21-03-2025,29.5,78.5,BIJNOR,UTTAR PRADESH,D694,AFZALGARH,2.81
22-03-2025,29.5,78.5,BIJNOR,UTTAR PRADESH,D694,AFZALGARH,2.64
23-03-2025,29.5,78.5,BIJNOR,UTTAR PRADESH,D694,AFZALGARH,2.97
24-03-2025,29.5,78.5,BIJNOR,UTTAR PRADESH,D694,AFZALGARH,2.94
25-03-2025,29.5,78.5,BIJNOR,UTTAR PRADESH,D694,AFZALGARH,2.75
26-03-2025,29.5,78.5,BIJNOR,UTTAR PRADESH,D694,AFZALGARH,2.56
27-03-2025,29.5,78.5,BIJNOR,UTTAR PRADESH,D694,AFZALGARH,3.2
28-03-2025,29.5,78.5,BIJNOR,UTTAR PRADESH,D694,AFZALGARH,2.48
29-03-2025,29.5,78.5,BIJNOR,UTTAR PRADESH,D694,AFZALGARH,2.69
30-03-2025,29.5,78.5,BIJNOR,UTTAR PRADESH,D694,AFZALGARH,3.13
31-03-2025,29.5,78.5,BIJNOR,UTTAR PRADESH,D694,AFZALGARH,3.43
01-04-2025,29.5,78.5,BIJNOR,UTTAR PRADESH,D694,AFZALGARH,2.92
02-04-2025,29.5,78.5,BIJNOR,UTTAR PRADESH,D694,AFZALGARH,2.59
03-04-2025,29.5,78.5,BIJNOR,UTTAR PRADESH,D694,AFZALGARH,3.36
04-04-2025,29.5,78.5,BIJNOR,UTTAR PRADESH,D694,AFZALGARH,3.48
05-04-2025,29.5,78.5,BIJNOR,UTTAR PRADESH,D694,AFZALGARH,3.18
06-04-2025,29.5,78.5,BIJNOR,UTTAR PRADESH,D694,AFZALGARH,2.56
07-04-2025,29.5,78.5,BIJNOR,UTTAR PRADESH,D694,AFZALGARH,2.75
08-04-2025,29.5,78.5,BIJNOR,UTTAR PRADESH,D694,AFZALGARH,2.24
09-04-2025,29.5,78.5,BIJNOR,UTTAR PRADESH,D694,AFZALGARH,2.94
10-04-2025,29.5,78.5,BIJNOR,UTTAR PRADESH,D694,AFZALGARH,2.59
11-04-2025,29.5,78.5,BIJNOR,UTTAR PRADESH,D694,AFZALGARH,2.65
12-04-2025,29.5,78.5,BIJNOR,UTTAR PRADESH,D694,AFZALGARH,2.43
13-04-2025,29.5,78.5,BIJNOR,UTTAR PRADESH,D694,AFZALGARH,2.74
14-04-2025,29.5,78.5,BIJNOR,UTTAR PRADESH,D694,AFZALGARH,2.46
15-04-2025,29.5,78.5,BIJNOR,UTTAR PRADESH,D694,AFZALGARH,2.34
16-04-2025,29.5,78.5,BIJNOR,UTTAR PRADESH,D694,AFZALGARH,2.96
17-04-2025,29.5,78.5,BIJNOR,UTTAR PRADESH,D694,AFZALGARH,3.39
18-04-2025,29.5,78.5,BIJNOR,UTTAR PRADESH,D694,AFZALGARH,3.66
19-04-2025,29.5,78.5,BIJNOR,UTTAR PRADESH,D694,AFZALGARH,3.17
20-04-2025,29.5,78.5,BIJNOR,UTTAR PRADESH,D694,AFZALGARH,2.9
21-04-2025,29.5,78.5,BIJNOR,UTTAR PRADESH,D694,AFZALGARH,2.94
22-04-2025,29.5,78.5,BIJNOR,UTTAR PRADESH,D694,AFZALGARH,2.36
23-04-2025,29.5,78.5,BIJNOR,UTTAR PRADESH,D694,AFZALGARH,2.34
24-04-2025,29.5,78.5,BIJNOR,UTTAR PRADESH,D694,AFZALGARH,2.23
25-04-2025,29.5,78.5,BIJNOR,UTTAR PRADESH,D694,AFZALGARH,2.3
26-04-2025,29.5,78.5,BIJNOR,UTTAR PRADESH,D694,AFZALGARH,2.97
27-04-2025,29.5,78.5,BIJNOR,UTTAR PRADESH,D694,AFZALGARH,2.77
28-04-2025,29.5,78.5,BIJNOR,UTTAR PRADESH,D694,AFZALGARH,2.57
29-04-2025,29.5,78.5,BIJNOR,UTTAR PRADESH,D694,AFZALGARH,2.66
30-04-2025,29.5,78.5,BIJNOR,UTTAR PRADESH,D694,AFZALGARH,3.36
01-05-2025,29.5,78.5,BIJNOR,UTTAR PRADESH,D694,AFZALGARH,3.63
02-05-2025,29.5,78.5,BIJNOR,UTTAR PRADESH,D694,AFZALGARH,3.64
03-05-2025,29.5,78.5,BIJNOR,UTTAR PRADESH,D694,AFZALGARH,2.84
04-05-2025,29.5,78.5,BIJNOR,UTTAR PRADESH,D694,AFZALGARH,2.67
05-05-2025,29.5,78.5,BIJNOR,UTTAR PRADESH,D694,AFZALGARH,2.62
06-05-2025,29.5,78.5,BIJNOR,UTTAR PRADESH,D694,AFZALGARH,2.49
07-05-2025,29.5,78.5,BIJNOR,UTTAR PRADESH,D694,AFZALGARH,2.66
08-05-2025,29.5,78.5,BIJNOR,UTTAR PRADESH,D694,AFZALGARH,2.21
09-05-2025,29.5,78.5,BIJNOR,UTTAR PRADESH,D694,AFZALGARH,2.29
10-05-2025,29.5,78.5,BIJNOR,UTTAR PRADESH,D694,AFZALGARH,2.46
11-05-2025,29.5,78.5,BIJNOR,UTTAR PRADESH,D694,AFZALGARH,2.05
12-05-2025,29.5,78.5,BIJNOR,UTTAR PRADESH,D694,AFZALGARH,2.31
13-05-2025,29.5,78.5,BIJNOR,UTTAR PRADESH,D694,AFZALGARH,2.6
14-05-2025,29.5,78.5,BIJNOR,UTTAR PRADESH,D694,AFZALGARH,2.44
15-05-2025,29.5,78.5,BIJNOR,UTTAR PRADESH,D694,AFZALGARH,2.46
16-05-2025,29.5,78.5,BIJNOR,UTTAR PRADESH,D694,AFZALGARH,2.45
17-05-2025,29.5,78.5,BIJNOR,UTTAR PRADESH,D694,AFZALGARH,2.87
18-05-2025,29.5,78.5,BIJNOR,UTTAR PRADESH,D694,AFZALGARH,3.04
19-05-2025,29.5,78.5,BIJNOR,UTTAR PRADESH,D694,AFZALGARH,3.55
20-05-2025,29.5,78.5,BIJNOR,UTTAR PRADESH,D694,AFZALGARH,3.12
21-05-2025,29.5,78.5,BIJNOR,UTTAR PRADESH,D694,AFZALGARH,3.19
22-05-2025,29.5,78.5,BIJNOR,UTTAR PRADESH,D694,AFZALGARH,3.41
23-05-2025,29.5,78.5,BIJNOR,UTTAR PRADESH,D694,AFZALGARH,3.31
24-05-2025,29.5,78.5,BIJNOR,UTTAR PRADESH,D694,AFZALGARH,3.32
25-05-2025,29.5,78.5,BIJNOR,UTTAR PRADESH,D694,AFZALGARH,3.2
26-05-2025,29.5,78.5,BIJNOR,UTTAR PRADESH,D694,AFZALGARH,3
27-05-2025,29.5,78.5,BIJNOR,UTTAR PRADESH,D694,AFZALGARH,2.93
28-05-2025,29.5,78.5,BIJNOR,UTTAR PRADESH,D694,AFZALGARH,2.68
29-05-2025,29.5,78.5,BIJNOR,UTTAR PRADESH,D694,AFZALGARH,3.35
30-05-2025,29.5,78.5,BIJNOR,UTTAR PRADESH,D694,AFZALGARH,3.43
31-05-2025,29.5,78.5,BIJNOR,UTTAR PRADESH,D694,AFZALGARH,3.64
01-06-2025,29.5,78.5,BIJNOR,UTTAR PRADESH,D694,AFZALGARH,3.65
02-06-2025,29.5,78.5,BIJNOR,UTTAR PRADESH,D694,AFZALGARH,3.3
03-06-2025,29.5,78.5,BIJNOR,UTTAR PRADESH,D694,AFZALGARH,3.54
04-06-2025,29.5,78.5,BIJNOR,UTTAR PRADESH,D694,AFZALGARH,3.41
05-06-2025,29.5,78.5,BIJNOR,UTTAR PRADESH,D694,AFZALGARH,3.29
06-06-2025,29.5,78.5,BIJNOR,UTTAR PRADESH,D694,AFZALGARH,2.82
07-06-2025,29.5,78.5,BIJNOR,UTTAR PRADESH,D694,AFZALGARH,3.47
08-06-2025,29.5,78.5,BIJNOR,UTTAR PRADESH,D694,AFZALGARH,3.82
09-06-2025,29.5,78.5,BIJNOR,UTTAR PRADESH,D694,AFZALGARH,3.73
10-06-2025,29.5,78.5,BIJNOR,UTTAR PRADESH,D694,AFZALGARH,3.2
11-06-2025,29.5,78.5,BIJNOR,UTTAR PRADESH,D694,AFZALGARH,2.96
12-06-2025,29.5,78.5,BIJNOR,UTTAR PRADESH,D694,AFZALGARH,2.92
13-06-2025,29.5,78.5,BIJNOR,UTTAR PRADESH,D694,AFZALGARH,2.97
14-06-2025,29.5,78.5,BIJNOR,UTTAR PRADESH,D694,AFZALGARH,2.95
15-06-2025,29.5,78.5,BIJNOR,UTTAR PRADESH,D694,AFZALGARH,3.42
16-06-2025,29.5,78.5,BIJNOR,UTTAR PRADESH,D694,AFZALGARH,3.66
17-06-2025,29.5,78.5,BIJNOR,UTTAR PRADESH,D694,AFZALGARH,3.84
18-06-2025,29.5,78.5,BIJNOR,UTTAR PRADESH,D694,AFZALGARH,3.5
19-06-2025,29.5,78.5,BIJNOR,UTTAR PRADESH,D694,AFZALGARH,3.08
20-06-2025,29.5,78.5,BIJNOR,UTTAR PRADESH,D694,AFZALGARH,3.05
21-06-2025,29.5,78.5,BIJNOR,UTTAR PRADESH,D694,AFZALGARH,2.92
22-06-2025,29.5,78.5,BIJNOR,UTTAR PRADESH,D694,AFZALGARH,2.59
23-06-2025,29.5,78.5,BIJNOR,UTTAR PRADESH,D694,AFZALGARH,2.39
24-06-2025,29.5,78.5,BIJNOR,UTTAR PRADESH,D694,AFZALGARH,2.64
25-06-2025,29.5,78.5,BIJNOR,UTTAR PRADESH,D694,AFZALGARH,2.97
26-06-2025,29.5,78.5,BIJNOR,UTTAR PRADESH,D694,AFZALGARH,2.45
27-06-2025,29.5,78.5,BIJNOR,UTTAR PRADESH,D694,AFZALGARH,2.59
28-06-2025,29.5,78.5,BIJNOR,UTTAR PRADESH,D694,AFZALGARH,2.32
29-06-2025,29.5,78.5,BIJNOR,UTTAR PRADESH,D694,AFZALGARH,2.54
30-06-2025,29.5,78.5,BIJNOR,UTTAR PRADESH,D694,AFZALGARH,2.79
01-07-2025,29.5,78.5,BIJNOR,UTTAR PRADESH,D694,AFZALGARH,2.45
02-07-2025,29.5,78.5,BIJNOR,UTTAR PRADESH,D694,AFZALGARH,2.23
03-07-2025,29.5,78.5,BIJNOR,UTTAR PRADESH,D694,AFZALGARH,1.65
04-07-2025,29.5,78.5,BIJNOR,UTTAR PRADESH,D694,AFZALGARH,1.56
05-07-2025,29.5,78.5,BIJNOR,UTTAR PRADESH,D694,AFZALGARH,1.94
06-07-2025,29.5,78.5,BIJNOR,UTTAR PRADESH,D694,AFZALGARH,2.56
07-07-2025,29.5,78.5,BIJNOR,UTTAR PRADESH,D694,AFZALGARH,2.21
08-07-2025,29.5,78.5,BIJNOR,UTTAR PRADESH,D694,AFZALGARH,2.26
09-07-2025,29.5,78.5,BIJNOR,UTTAR PRADESH,D694,AFZALGARH,2.12
10-07-2025,29.5,78.5,BIJNOR,UTTAR PRADESH,D694,AFZALGARH,2.36
11-07-2025,29.5,78.5,BIJNOR,UTTAR PRADESH,D694,AFZALGARH,2.64
12-07-2025,29.5,78.5,BIJNOR,UTTAR PRADESH,D694,AFZALGARH,2.5
13-07-2025,29.5,78.5,BIJNOR,UTTAR PRADESH,D694,AFZALGARH,1.82
14-07-2025,29.5,78.5,BIJNOR,UTTAR PRADESH,D694,AFZALGARH,1.58
15-07-2025,29.5,78.5,BIJNOR,UTTAR PRADESH,D694,AFZALGARH,1.73
16-07-2025,29.5,78.5,BIJNOR,UTTAR PRADESH,D694,AFZALGARH,2.12
17-07-2025,29.5,78.5,BIJNOR,UTTAR PRADESH,D694,AFZALGARH,1.87
18-07-2025,29.5,78.5,BIJNOR,UTTAR PRADESH,D694,AFZALGARH,1.94
19-07-2025,29.5,78.5,BIJNOR,UTTAR PRADESH,D694,AFZALGARH,2.19
20-07-2025,29.5,78.5,BIJNOR,UTTAR PRADESH,D694,AFZALGARH,1.83
21-07-2025,29.5,78.5,BIJNOR,UTTAR PRADESH,D694,AFZALGARH,1.82
22-07-2025,29.5,78.5,BIJNOR,UTTAR PRADESH,D694,AFZALGARH,1.64
23-07-2025,29.5,78.5,BIJNOR,UTTAR PRADESH,D694,AFZALGARH,1.51
24-07-2025,29.5,78.5,BIJNOR,UTTAR PRADESH,D694,AFZALGARH,1.39
25-07-2025,29.5,78.5,BIJNOR,UTTAR PRADESH,D694,AFZALGARH,1.79
26-07-2025,29.5,78.5,BIJNOR,UTTAR PRADESH,D694,AFZALGARH,1.98
27-07-2025,29.5,78.5,BIJNOR,UTTAR PRADESH,D694,AFZALGARH,2.09
28-07-2025,29.5,78.5,BIJNOR,UTTAR PRADESH,D694,AFZALGARH,2.15
29-07-2025,29.5,78.5,BIJNOR,UTTAR PRADESH,D694,AFZALGARH,1.86
30-07-2025,29.5,78.5,BIJNOR,UTTAR PRADESH,D694,AFZALGARH,1.75
31-07-2025,29.5,78.5,BIJNOR,UTTAR PRADESH,D694,AFZALGARH,2.06
01-08-2025,29.5,78.5,BIJNOR,UTTAR PRADESH,D694,AFZALGARH,1.45
02-08-2025,29.5,78.5,BIJNOR,UTTAR PRADESH,D694,AFZALGARH,1.65
03-08-2025,29.5,78.5,BIJNOR,UTTAR PRADESH,D694,AFZALGARH,1.98
04-08-2025,29.5,78.5,BIJNOR,UTTAR PRADESH,D694,AFZALGARH,1.66
05-08-2025,29.5,78.5,BIJNOR,UTTAR PRADESH,D694,AFZALGARH,1.37
06-08-2025,29.5,78.5,BIJNOR,UTTAR PRADESH,D694,AFZALGARH,1.7
07-08-2025,29.5,78.5,BIJNOR,UTTAR PRADESH,D694,AFZALGARH,1.38
08-08-2025,29.5,78.5,BIJNOR,UTTAR PRADESH,D694,AFZALGARH,1.64
09-08-2025,29.5,78.5,BIJNOR,UTTAR PRADESH,D694,AFZALGARH,1.68
10-08-2025,29.5,78.5,BIJNOR,UTTAR PRADESH,D694,AFZALGARH,1.62
11-08-2025,29.5,78.5,BIJNOR,UTTAR PRADESH,D694,AFZALGARH,1.35
12-08-2025,29.5,78.5,BIJNOR,UTTAR PRADESH,D694,AFZALGARH,1.69
13-08-2025,29.5,78.5,BIJNOR,UTTAR PRADESH,D694,AFZALGARH,1.87
14-08-2025,29.5,78.5,BIJNOR,UTTAR PRADESH,D694,AFZALGARH,1.67
15-08-2025,29.5,78.5,BIJNOR,UTTAR PRADESH,D694,AFZALGARH,1.85
16-08-2025,29.5,78.5,BIJNOR,UTTAR PRADESH,D694,AFZALGARH,1.87
17-08-2025,29.5,78.5,BIJNOR,UTTAR PRADESH,D694,AFZALGARH,2.02
18-08-2025,29.5,78.5,BIJNOR,UTTAR PRADESH,D694,AFZALGARH,1.58
19-08-2025,29.5,78.5,BIJNOR,UTTAR PRADESH,D694,AFZALGARH,1.61
20-08-2025,29.5,78.5,BIJNOR,UTTAR PRADESH,D694,AFZALGARH,1.37
21-08-2025,29.5,78.5,BIJNOR,UTTAR PRADESH,D694,AFZALGARH,1.86
22-08-2025,29.5,78.5,BIJNOR,UTTAR PRADESH,D694,AFZALGARH,2
23-08-2025,29.5,78.5,BIJNOR,UTTAR PRADESH,D694,AFZALGARH,1.9
24-08-2025,29.5,78.5,BIJNOR,UTTAR PRADESH,D694,AFZALGARH,1.9
25-08-2025,29.5,78.5,BIJNOR,UTTAR PRADESH,D694,AFZALGARH,1.67
26-08-2025,29.5,78.5,BIJNOR,UTTAR PRADESH,D694,AFZALGARH,1.67
27-08-2025,29.5,78.5,BIJNOR,UTTAR PRADESH,D694,AFZALGARH,1.33
28-08-2025,29.5,78.5,BIJNOR,UTTAR PRADESH,D694,AFZALGARH,1.4
29-08-2025,29.5,78.5,BIJNOR,UTTAR PRADESH,D694,AFZALGARH,1.56
30-08-2025,29.5,78.5,BIJNOR,UTTAR PRADESH,D694,AFZALGARH,1.79
31-08-2025,29.5,78.5,BIJNOR,UTTAR PRADESH,D694,AFZALGARH,1.71
01-09-2025,29.5,78.5,BIJNOR,UTTAR PRADESH,D694,AFZALGARH,1.9
02-09-2025,29.5,78.5,BIJNOR,UTTAR PRADESH,D694,AFZALGARH,1.98
03-09-2025,29.5,78.5,BIJNOR,UTTAR PRADESH,D694,AFZALGARH,1.56
04-09-2025,29.5,78.5,BIJNOR,UTTAR PRADESH,D694,AFZALGARH,1.75
05-09-2025,29.5,78.5,BIJNOR,UTTAR PRADESH,D694,AFZALGARH,2
06-09-2025,29.5,78.5,BIJNOR,UTTAR PRADESH,D694,AFZALGARH,1.82
07-09-2025,29.5,78.5,BIJNOR,UTTAR PRADESH,D694,AFZALGARH,2.05
08-09-2025,29.5,78.5,BIJNOR,UTTAR PRADESH,D694,AFZALGARH,2.1
09-09-2025,29.5,78.5,BIJNOR,UTTAR PRADESH,D694,AFZALGARH,2.36
10-09-2025,29.5,78.5,BIJNOR,UTTAR PRADESH,D694,AFZALGARH,2.35
11-09-2025,29.5,78.5,BIJNOR,UTTAR PRADESH,D694,AFZALGARH,2.25
12-09-2025,29.5,78.5,BIJNOR,UTTAR PRADESH,D694,AFZALGARH,2.02
13-09-2025,29.5,78.5,BIJNOR,UTTAR PRADESH,D694,AFZALGARH,2.11
14-09-2025,29.5,78.5,BIJNOR,UTTAR PRADESH,D694,AFZALGARH,1.59
15-09-2025,29.5,78.5,BIJNOR,UTTAR PRADESH,D694,AFZALGARH,1.72
16-09-2025,29.5,78.5,BIJNOR,UTTAR PRADESH,D694,AFZALGARH,2.03
17-09-2025,29.5,78.5,BIJNOR,UTTAR PRADESH,D694,AFZALGARH,1.98
18-09-2025,29.5,78.5,BIJNOR,UTTAR PRADESH,D694,AFZALGARH,1.94
19-09-2025,29.5,78.5,BIJNOR,UTTAR PRADESH,D694,AFZALGARH,2.44
20-09-2025,29.5,78.5,BIJNOR,UTTAR PRADESH,D694,AFZALGARH,2.21
21-09-2025,29.5,78.5,BIJNOR,UTTAR PRADESH,D694,AFZALGARH,1.95
22-09-2025,29.5,78.5,BIJNOR,UTTAR PRADESH,D694,AFZALGARH,2.48
23-09-2025,29.5,78.5,BIJNOR,UTTAR PRADESH,D694,AFZALGARH,2.47
24-09-2025,29.5,78.5,BIJNOR,UTTAR PRADESH,D694,AFZALGARH,2.59
25-09-2025,29.5,78.5,BIJNOR,UTTAR PRADESH,D694,AFZALGARH,2.42
26-09-2025,29.5,78.5,BIJNOR,UTTAR PRADESH,D694,AFZALGARH,1.73
27-09-2025,29.5,78.5,BIJNOR,UTTAR PRADESH,D694,AFZALGARH,1.53
28-09-2025,29.5,78.5,BIJNOR,UTTAR PRADESH,D694,AFZALGARH,1.44
29-09-2025,29.5,78.5,BIJNOR,UTTAR PRADESH,D694,AFZALGARH,1.52
30-09-2025,29.5,78.5,BIJNOR,UTTAR PRADESH,D694,AFZALGARH,1.52
01-10-2025,29.5,78.5,BIJNOR,UTTAR PRADESH,D694,AFZALGARH,1.72
02-10-2025,29.5,78.5,BIJNOR,UTTAR PRADESH,D694,AFZALGARH,1.44
03-10-2025,29.5,78.5,BIJNOR,UTTAR PRADESH,D694,AFZALGARH,1.84
04-10-2025,29.5,78.5,BIJNOR,UTTAR PRADESH,D694,AFZALGARH,2.13
05-10-2025,29.5,78.5,BIJNOR,UTTAR PRADESH,D694,AFZALGARH,2.18
06-10-2025,29.5,78.5,BIJNOR,UTTAR PRADESH,D694,AFZALGARH,2.15
07-10-2025,29.5,78.5,BIJNOR,UTTAR PRADESH,D694,AFZALGARH,2.07
08-10-2025,29.5,78.5,BIJNOR,UTTAR PRADESH,D694,AFZALGARH,2.14
09-10-2025,29.5,78.5,BIJNOR,UTTAR PRADESH,D694,AFZALGARH,1.81
10-10-2025,29.5,78.5,BIJNOR,UTTAR PRADESH,D694,AFZALGARH,1.74
11-10-2025,29.5,78.5,BIJNOR,UTTAR PRADESH,D694,AFZALGARH,2.35
12-10-2025,29.5,78.5,BIJNOR,UTTAR PRADESH,D694,AFZALGARH,1.89
13-10-2025,29.5,78.5,BIJNOR,UTTAR PRADESH,D694,AFZALGARH,1.42
14-10-2025,29.5,78.5,BIJNOR,UTTAR PRADESH,D694,AFZALGARH,2.01
15-10-2025,29.5,78.5,BIJNOR,UTTAR PRADESH,D694,AFZALGARH,1.7
16-10-2025,29.5,78.5,BIJNOR,UTTAR PRADESH,D694,AFZALGARH,2.08
17-10-2025,29.5,78.5,BIJNOR,UTTAR PRADESH,D694,AFZALGARH,2.19
18-10-2025,29.5,78.5,BIJNOR,UTTAR PRADESH,D694,AFZALGARH,2.29
19-10-2025,29.5,78.5,BIJNOR,UTTAR PRADESH,D694,AFZALGARH,1.94
20-10-2025,29.5,78.5,BIJNOR,UTTAR PRADESH,D694,AFZALGARH,1.67
21-10-2025,29.5,78.5,BIJNOR,UTTAR PRADESH,D694,AFZALGARH,1.46
22-10-2025,29.5,78.5,BIJNOR,UTTAR PRADESH,D694,AFZALGARH,1.5
23-10-2025,29.5,78.5,BIJNOR,UTTAR PRADESH,D694,AFZALGARH,1.62
24-10-2025,29.5,78.5,BIJNOR,UTTAR PRADESH,D694,AFZALGARH,2.04
25-10-2025,29.5,78.5,BIJNOR,UTTAR PRADESH,D694,AFZALGARH,1.51
26-10-2025,29.5,78.5,BIJNOR,UTTAR PRADESH,D694,AFZALGARH,1.45
27-10-2025,29.5,78.5,BIJNOR,UTTAR PRADESH,D694,AFZALGARH,1.42
28-10-2025,29.5,78.5,BIJNOR,UTTAR PRADESH,D694,AFZALGARH,1.49
29-10-2025,29.5,78.5,BIJNOR,UTTAR PRADESH,D694,AFZALGARH,1.73
30-10-2025,29.5,78.5,BIJNOR,UTTAR PRADESH,D694,AFZALGARH,1.74
31-10-2025,29.5,78.5,BIJNOR,UTTAR PRADESH,D694,AFZALGARH,1.43
01-11-2025,29.5,78.5,BIJNOR,UTTAR PRADESH,D694,AFZALGARH,1.32
02-11-2025,29.5,78.5,BIJNOR,UTTAR PRADESH,D694,AFZALGARH,1.46
03-11-2025,29.5,78.5,BIJNOR,UTTAR PRADESH,D694,AFZALGARH,1.55
04-11-2025,29.5,78.5,BIJNOR,UTTAR PRADESH,D694,AFZALGARH,1.3
05-11-2025,29.5,78.5,BIJNOR,UTTAR PRADESH,D694,AFZALGARH,1.37
06-11-2025,29.5,78.5,BIJNOR,UTTAR PRADESH,D694,AFZALGARH,1.18
07-11-2025,29.5,78.5,BIJNOR,UTTAR PRADESH,D694,AFZALGARH,1.75
08-11-2025,29.5,78.5,BIJNOR,UTTAR PRADESH,D694,AFZALGARH,1.5
09-11-2025,29.5,78.5,BIJNOR,UTTAR PRADESH,D694,AFZALGARH,1.47
10-11-2025,29.5,78.5,BIJNOR,UTTAR PRADESH,D694,AFZALGARH,1.51
11-11-2025,29.5,78.5,BIJNOR,UTTAR PRADESH,D694,AFZALGARH,1.26
12-11-2025,29.5,78.5,BIJNOR,UTTAR PRADESH,D694,AFZALGARH,1.51
13-11-2025,29.5,78.5,BIJNOR,UTTAR PRADESH,D694,AFZALGARH,1.22
14-11-2025,29.5,78.5,BIJNOR,UTTAR PRADESH,D694,AFZALGARH,1.22
15-11-2025,29.5,78.5,BIJNOR,UTTAR PRADESH,D694,AFZALGARH,1.18
16-11-2025,29.5,78.5,BIJNOR,UTTAR PRADESH,D694,AFZALGARH,1.3
17-11-2025,29.5,78.5,BIJNOR,UTTAR PRADESH,D694,AFZALGARH,1.33
18-11-2025,29.5,78.5,BIJNOR,UTTAR PRADESH,D694,AFZALGARH,1.26
19-11-2025,29.5,78.5,BIJNOR,UTTAR PRADESH,D694,AFZALGARH,1.12
20-11-2025,29.5,78.5,BIJNOR,UTTAR PRADESH,D694,AFZALGARH,1.23
21-11-2025,29.5,78.5,BIJNOR,UTTAR PRADESH,D694,AFZALGARH,1.21
22-11-2025,29.5,78.5,BIJNOR,UTTAR PRADESH,D694,AFZALGARH,1.3
23-11-2025,29.5,78.5,BIJNOR,UTTAR PRADESH,D694,AFZALGARH,1.24
24-11-2025,29.5,78.5,BIJNOR,UTTAR PRADESH,D694,AFZALGARH,1.35
25-11-2025,29.5,78.5,BIJNOR,UTTAR PRADESH,D694,AFZALGARH,1.66
26-11-2025,29.5,78.5,BIJNOR,UTTAR PRADESH,D694,AFZALGARH,1.8
27-11-2025,29.5,78.5,BIJNOR,UTTAR PRADESH,D694,AFZALGARH,1.93
28-11-2025,29.5,78.5,BIJNOR,UTTAR PRADESH,D694,AFZALGARH,1.91
29-11-2025,29.5,78.5,BIJNOR,UTTAR PRADESH,D694,AFZALGARH,1.54
30-11-2025,29.5,78.5,BIJNOR,UTTAR PRADESH,D694,AFZALGARH,1.6
01-12-2025,29.5,78.5,BIJNOR,UTTAR PRADESH,D694,AFZALGARH,1.76
02-12-2025,29.5,78.5,BIJNOR,UTTAR PRADESH,D694,AFZALGARH,1.83
03-12-2025,29.5,78.5,BIJNOR,UTTAR PRADESH,D694,AFZALGARH,1.53
04-12-2025,29.5,78.5,BIJNOR,UTTAR PRADESH,D694,AFZALGARH,1.63
05-12-2025,29.5,78.5,BIJNOR,UTTAR PRADESH,D694,AFZALGARH,1.46
06-12-2025,29.5,78.5,BIJNOR,UTTAR PRADESH,D694,AFZALGARH,1.31
07-12-2025,29.5,78.5,BIJNOR,UTTAR PRADESH,D694,AFZALGARH,1.23
08-12-2025,29.5,78.5,BIJNOR,UTTAR PRADESH,D694,AFZALGARH,1.68
09-12-2025,29.5,78.5,BIJNOR,UTTAR PRADESH,D694,AFZALGARH,1.89
10-12-2025,29.5,78.5,BIJNOR,UTTAR PRADESH,D694,AFZALGARH,1.9
11-12-2025,29.5,78.5,BIJNOR,UTTAR PRADESH,D694,AFZALGARH,1.99
12-12-2025,29.5,78.5,BIJNOR,UTTAR PRADESH,D694,AFZALGARH,2.25
13-12-2025,29.5,78.5,BIJNOR,UTTAR PRADESH,D694,AFZALGARH,2.46
14-12-2025,29.5,78.5,BIJNOR,UTTAR PRADESH,D694,AFZALGARH,2.44
15-12-2025,29.5,78.5,BIJNOR,UTTAR PRADESH,D694,AFZALGARH,2.23
16-12-2025,29.5,78.5,BIJNOR,UTTAR PRADESH,D694,AFZALGARH,2.6
17-12-2025,29.5,78.5,BIJNOR,UTTAR PRADESH,D694,AFZALGARH,2.65
18-12-2025,29.5,78.5,BIJNOR,UTTAR PRADESH,D694,AFZALGARH,2.92
19-12-2025,29.5,78.5,BIJNOR,UTTAR PRADESH,D694,AFZALGARH,2.34
20-12-2025,29.5,78.5,BIJNOR,UTTAR PRADESH,D694,AFZALGARH,2.52
21-12-2025,29.5,78.5,BIJNOR,UTTAR PRADESH,D694,AFZALGARH,2.83
22-12-2025,29.5,78.5,BIJNOR,UTTAR PRADESH,D694,AFZALGARH,2.73
23-12-2025,29.5,78.5,BIJNOR,UTTAR PRADESH,D694,AFZALGARH,2.52
24-12-2025,29.5,78.5,BIJNOR,UTTAR PRADESH,D694,AFZALGARH,2.4
25-12-2025,29.5,78.5,BIJNOR,UTTAR PRADESH,D694,AFZALGARH,2.95
26-12-2025,29.5,78.5,BIJNOR,UTTAR PRADESH,D694,AFZALGARH,2.91
27-12-2025,29.5,78.5,BIJNOR,UTTAR PRADESH,D694,AFZALGARH,2.78
28-12-2025,29.5,78.5,BIJNOR,UTTAR PRADESH,D694,AFZALGARH,2.72
29-12-2025,29.5,78.5,BIJNOR,UTTAR PRADESH,D694,AFZALGARH,2.55
30-12-2025,29.5,78.5,BIJNOR,UTTAR PRADESH,D694,AFZALGARH,2.64
31-12-2025,29.5,78.5,BIJNOR,UTTAR PRADESH,D694,AFZALGARH,2.83
01-01-2025,27.5,78.5,ETAH,UTTAR PRADESH,D700,ALIGANJ,2.72
02-01-2025,27.5,78.5,ETAH,UTTAR PRADESH,D700,ALIGANJ,2.9
03-01-2025,27.5,78.5,ETAH,UTTAR PRADESH,D700,ALIGANJ,2.83
04-01-2025,27.5,78.5,ETAH,UTTAR PRADESH,D700,ALIGANJ,3.04
05-01-2025,27.5,78.5,ETAH,UTTAR PRADESH,D700,ALIGANJ,3.59
06-01-2025,27.5,78.5,ETAH,UTTAR PRADESH,D700,ALIGANJ,3.26
07-01-2025,27.5,78.5,ETAH,UTTAR PRADESH,D700,ALIGANJ,2.71
08-01-2025,27.5,78.5,ETAH,UTTAR PRADESH,D700,ALIGANJ,2.8
09-01-2025,27.5,78.5,ETAH,UTTAR PRADESH,D700,ALIGANJ,2.98
10-01-2025,27.5,78.5,ETAH,UTTAR PRADESH,D700,ALIGANJ,2.69
11-01-2025,27.5,78.5,ETAH,UTTAR PRADESH,D700,ALIGANJ,2.75
12-01-2025,27.5,78.5,ETAH,UTTAR PRADESH,D700,ALIGANJ,2.52
13-01-2025,27.5,78.5,ETAH,UTTAR PRADESH,D700,ALIGANJ,2.82
14-01-2025,27.5,78.5,ETAH,UTTAR PRADESH,D700,ALIGANJ,2.62
15-01-2025,27.5,78.5,ETAH,UTTAR PRADESH,D700,ALIGANJ,2.81
16-01-2025,27.5,78.5,ETAH,UTTAR PRADESH,D700,ALIGANJ,3.33
17-01-2025,27.5,78.5,ETAH,UTTAR PRADESH,D700,ALIGANJ,3.18
18-01-2025,27.5,78.5,ETAH,UTTAR PRADESH,D700,ALIGANJ,3.45
19-01-2025,27.5,78.5,ETAH,UTTAR PRADESH,D700,ALIGANJ,3.57
20-01-2025,27.5,78.5,ETAH,UTTAR PRADESH,D700,ALIGANJ,3.17
21-01-2025,27.5,78.5,ETAH,UTTAR PRADESH,D700,ALIGANJ,2.84
22-01-2025,27.5,78.5,ETAH,UTTAR PRADESH,D700,ALIGANJ,2.93
23-01-2025,27.5,78.5,ETAH,UTTAR PRADESH,D700,ALIGANJ,2.5
24-01-2025,27.5,78.5,ETAH,UTTAR PRADESH,D700,ALIGANJ,2.57
25-01-2025,27.5,78.5,ETAH,UTTAR PRADESH,D700,ALIGANJ,2.94
26-01-2025,27.5,78.5,ETAH,UTTAR PRADESH,D700,ALIGANJ,2.56
27-01-2025,27.5,78.5,ETAH,UTTAR PRADESH,D700,ALIGANJ,2.27
28-01-2025,27.5,78.5,ETAH,UTTAR PRADESH,D700,ALIGANJ,2.19
29-01-2025,27.5,78.5,ETAH,UTTAR PRADESH,D700,ALIGANJ,2.45
30-01-2025,27.5,78.5,ETAH,UTTAR PRADESH,D700,ALIGANJ,2.6
31-01-2025,27.5,78.5,ETAH,UTTAR PRADESH,D700,ALIGANJ,2.51
01-02-2025,27.5,78.5,ETAH,UTTAR PRADESH,D700,ALIGANJ,2.61
02-02-2025,27.5,78.5,ETAH,UTTAR PRADESH,D700,ALIGANJ,2.31
03-02-2025,27.5,78.5,ETAH,UTTAR PRADESH,D700,ALIGANJ,2.11
04-02-2025,27.5,78.5,ETAH,UTTAR PRADESH,D700,ALIGANJ,2.3
05-02-2025,27.5,78.5,ETAH,UTTAR PRADESH,D700,ALIGANJ,2.46
06-02-2025,27.5,78.5,ETAH,UTTAR PRADESH,D700,ALIGANJ,2.51
07-02-2025,27.5,78.5,ETAH,UTTAR PRADESH,D700,ALIGANJ,2.22
08-02-2025,27.5,78.5,ETAH,UTTAR PRADESH,D700,ALIGANJ,2.29
09-02-2025,27.5,78.5,ETAH,UTTAR PRADESH,D700,ALIGANJ,2.55
10-02-2025,27.5,78.5,ETAH,UTTAR PRADESH,D700,ALIGANJ,2.56
11-02-2025,27.5,78.5,ETAH,UTTAR PRADESH,D700,ALIGANJ,2.6
12-02-2025,27.5,78.5,ETAH,UTTAR PRADESH,D700,ALIGANJ,2.56
13-02-2025,27.5,78.5,ETAH,UTTAR PRADESH,D700,ALIGANJ,2.52
14-02-2025,27.5,78.5,ETAH,UTTAR PRADESH,D700,ALIGANJ,2.49
15-02-2025,27.5,78.5,ETAH,UTTAR PRADESH,D700,ALIGANJ,2.53
16-02-2025,27.5,78.5,ETAH,UTTAR PRADESH,D700,ALIGANJ,2.87
17-02-2025,27.5,78.5,ETAH,UTTAR PRADESH,D700,ALIGANJ,2.42
18-02-2025,27.5,78.5,ETAH,UTTAR PRADESH,D700,ALIGANJ,2.3
19-02-2025,27.5,78.5,ETAH,UTTAR PRADESH,D700,ALIGANJ,2.47
20-02-2025,27.5,78.5,ETAH,UTTAR PRADESH,D700,ALIGANJ,2.36
21-02-2025,27.5,78.5,ETAH,UTTAR PRADESH,D700,ALIGANJ,2.82
22-02-2025,27.5,78.5,ETAH,UTTAR PRADESH,D700,ALIGANJ,2.97
23-02-2025,27.5,78.5,ETAH,UTTAR PRADESH,D700,ALIGANJ,2.85
24-02-2025,27.5,78.5,ETAH,UTTAR PRADESH,D700,ALIGANJ,2.79
25-02-2025,27.5,78.5,ETAH,UTTAR PRADESH,D700,ALIGANJ,2.8
26-02-2025,27.5,78.5,ETAH,UTTAR PRADESH,D700,ALIGANJ,2.88
27-02-2025,27.5,78.5,ETAH,UTTAR PRADESH,D700,ALIGANJ,2.92
28-02-2025,27.5,78.5,ETAH,UTTAR PRADESH,D700,ALIGANJ,2.98
29-02-2025,27.5,78.5,ETAH,UTTAR PRADESH,D700,ALIGANJ,1.82
01-03-2025,27.5,78.5,ETAH,UTTAR PRADESH,D700,ALIGANJ,3.36
02-03-2025,27.5,78.5,ETAH,UTTAR PRADESH,D700,ALIGANJ,3.22
03-03-2025,27.5,78.5,ETAH,UTTAR PRADESH,D700,ALIGANJ,3.26
04-03-2025,27.5,78.5,ETAH,UTTAR PRADESH,D700,ALIGANJ,3.21
05-03-2025,27.5,78.5,ETAH,UTTAR PRADESH,D700,ALIGANJ,2.92
06-03-2025,27.5,78.5,ETAH,UTTAR PRADESH,D700,ALIGANJ,2.75
07-03-2025,27.5,78.5,ETAH,UTTAR PRADESH,D700,ALIGANJ,2.78
08-03-2025,27.5,78.5,ETAH,UTTAR PRADESH,D700,ALIGANJ,2.32
09-03-2025,27.5,78.5,ETAH,UTTAR PRADESH,D700,ALIGANJ,2.32
10-03-2025,27.5,78.5,ETAH,UTTAR PRADESH,D700,ALIGANJ,2.63
11-03-2025,27.5,78.5,ETAH,UTTAR PRADESH,D700,ALIGANJ,2.69
12-03-2025,27.5,78.5,ETAH,UTTAR PRADESH,D700,ALIGANJ,2.53
13-03-2025,27.5,78.5,ETAH,UTTAR PRADESH,D700,ALIGANJ,2.88
14-03-2025,27.5,78.5,ETAH,UTTAR PRADESH,D700,ALIGANJ,2.81
15-03-2025,27.5,78.5,ETAH,UTTAR PRADESH,D700,ALIGANJ,3.1
16-03-2025,27.5,78.5,ETAH,UTTAR PRADESH,D700,ALIGANJ,2.42
17-03-2025,27.5,78.5,ETAH,UTTAR PRADESH,D700,ALIGANJ,2.49
18-03-2025,27.5,78.5,ETAH,UTTAR PRADESH,D700,ALIGANJ,2.64
19-03-2025,27.5,78.5,ETAH,UTTAR PRADESH,D700,ALIGANJ,2.53
20-03-2025,27.5,78.5,ETAH,UTTAR PRADESH,D700,ALIGANJ,2.55
21-03-2025,27.5,78.5,ETAH,UTTAR PRADESH,D700,ALIGANJ,2.65
22-03-2025,27.5,78.5,ETAH,UTTAR PRADESH,D700,ALIGANJ,2.42
23-03-2025,27.5,78.5,ETAH,UTTAR PRADESH,D700,ALIGANJ,2.39
24-03-2025,27.5,78.5,ETAH,UTTAR PRADESH,D700,ALIGANJ,2.35
25-03-2025,27.5,78.5,ETAH,UTTAR PRADESH,D700,ALIGANJ,2.38
26-03-2025,27.5,78.5,ETAH,UTTAR PRADESH,D700,ALIGANJ,2.32
27-03-2025,27.5,78.5,ETAH,UTTAR PRADESH,D700,ALIGANJ,2.89
28-03-2025,27.5,78.5,ETAH,UTTAR PRADESH,D700,ALIGANJ,2.17
29-03-2025,27.5,78.5,ETAH,UTTAR PRADESH,D700,ALIGANJ,2.37
30-03-2025,27.5,78.5,ETAH,UTTAR PRADESH,D700,ALIGANJ,2.9
31-03-2025,27.5,78.5,ETAH,UTTAR PRADESH,D700,ALIGANJ,2.89
01-04-2025,27.5,78.5,ETAH,UTTAR PRADESH,D700,ALIGANJ,2.71
02-04-2025,27.5,78.5,ETAH,UTTAR PRADESH,D700,ALIGANJ,2.4
03-04-2025,27.5,78.5,ETAH,UTTAR PRADESH,D700,ALIGANJ,2.82
04-04-2025,27.5,78.5,ETAH,UTTAR PRADESH,D700,ALIGANJ,3
05-04-2025,27.5,78.5,ETAH,UTTAR PRADESH,D700,ALIGANJ,2.77
06-04-2025,27.5,78.5,ETAH,UTTAR PRADESH,D700,ALIGANJ,2.42
07-04-2025,27.5,78.5,ETAH,UTTAR PRADESH,D700,ALIGANJ,2.36
08-04-2025,27.5,78.5,ETAH,UTTAR PRADESH,D700,ALIGANJ,2.13
09-04-2025,27.5,78.5,ETAH,UTTAR PRADESH,D700,ALIGANJ,2.6
10-04-2025,27.5,78.5,ETAH,UTTAR PRADESH,D700,ALIGANJ,2.25
11-04-2025,27.5,78.5,ETAH,UTTAR PRADESH,D700,ALIGANJ,2.33
12-04-2025,27.5,78.5,ETAH,UTTAR PRADESH,D700,ALIGANJ,2.48
13-04-2025,27.5,78.5,ETAH,UTTAR PRADESH,D700,ALIGANJ,2.68
14-04-2025,27.5,78.5,ETAH,UTTAR PRADESH,D700,ALIGANJ,2.46
15-04-2025,27.5,78.5,ETAH,UTTAR PRADESH,D700,ALIGANJ,2.46
16-04-2025,27.5,78.5,ETAH,UTTAR PRADESH,D700,ALIGANJ,2.72
17-04-2025,27.5,78.5,ETAH,UTTAR PRADESH,D700,ALIGANJ,2.92
18-04-2025,27.5,78.5,ETAH,UTTAR PRADESH,D700,ALIGANJ,3.22
19-04-2025,27.5,78.5,ETAH,UTTAR PRADESH,D700,ALIGANJ,2.91
20-04-2025,27.5,78.5,ETAH,UTTAR PRADESH,D700,ALIGANJ,2.7
21-04-2025,27.5,78.5,ETAH,UTTAR PRADESH,D700,ALIGANJ,2.6
22-04-2025,27.5,78.5,ETAH,UTTAR PRADESH,D700,ALIGANJ,2.2
23-04-2025,27.5,78.5,ETAH,UTTAR PRADESH,D700,ALIGANJ,1.92
24-04-2025,27.5,78.5,ETAH,UTTAR PRADESH,D700,ALIGANJ,2.31
25-04-2025,27.5,78.5,ETAH,UTTAR PRADESH,D700,ALIGANJ,2.3
26-04-2025,27.5,78.5,ETAH,UTTAR PRADESH,D700,ALIGANJ,2.46
27-04-2025,27.5,78.5,ETAH,UTTAR PRADESH,D700,ALIGANJ,2.4
28-04-2025,27.5,78.5,ETAH,UTTAR PRADESH,D700,ALIGANJ,2.41
29-04-2025,27.5,78.5,ETAH,UTTAR PRADESH,D700,ALIGANJ,2.6
30-04-2025,27.5,78.5,ETAH,UTTAR PRADESH,D700,ALIGANJ,3.23
01-05-2025,27.5,78.5,ETAH,UTTAR PRADESH,D700,ALIGANJ,3.32
02-05-2025,27.5,78.5,ETAH,UTTAR PRADESH,D700,ALIGANJ,3.21
03-05-2025,27.5,78.5,ETAH,UTTAR PRADESH,D700,ALIGANJ,2.51
04-05-2025,27.5,78.5,ETAH,UTTAR PRADESH,D700,ALIGANJ,2.56
05-05-2025,27.5,78.5,ETAH,UTTAR PRADESH,D700,ALIGANJ,2.51
06-05-2025,27.5,78.5,ETAH,UTTAR PRADESH,D700,ALIGANJ,2.47
07-05-2025,27.5,78.5,ETAH,UTTAR PRADESH,D700,ALIGANJ,2.29
08-05-2025,27.5,78.5,ETAH,UTTAR PRADESH,D700,ALIGANJ,2.14
09-05-2025,27.5,78.5,ETAH,UTTAR PRADESH,D700,ALIGANJ,2.15
10-05-2025,27.5,78.5,ETAH,UTTAR PRADESH,D700,ALIGANJ,2.18
11-05-2025,27.5,78.5,ETAH,UTTAR PRADESH,D700,ALIGANJ,1.85
12-05-2025,27.5,78.5,ETAH,UTTAR PRADESH,D700,ALIGANJ,1.91
13-05-2025,27.5,78.5,ETAH,UTTAR PRADESH,D700,ALIGANJ,2.17
14-05-2025,27.5,78.5,ETAH,UTTAR PRADESH,D700,ALIGANJ,2.12
15-05-2025,27.5,78.5,ETAH,UTTAR PRADESH,D700,ALIGANJ,2.1
16-05-2025,27.5,78.5,ETAH,UTTAR PRADESH,D700,ALIGANJ,1.85
17-05-2025,27.5,78.5,ETAH,UTTAR PRADESH,D700,ALIGANJ,2.52
18-05-2025,27.5,78.5,ETAH,UTTAR PRADESH,D700,ALIGANJ,3.07
19-05-2025,27.5,78.5,ETAH,UTTAR PRADESH,D700,ALIGANJ,3.23
20-05-2025,27.5,78.5,ETAH,UTTAR PRADESH,D700,ALIGANJ,2.87
21-05-2025,27.5,78.5,ETAH,UTTAR PRADESH,D700,ALIGANJ,2.84
22-05-2025,27.5,78.5,ETAH,UTTAR PRADESH,D700,ALIGANJ,3.28
23-05-2025,27.5,78.5,ETAH,UTTAR PRADESH,D700,ALIGANJ,3.14
24-05-2025,27.5,78.5,ETAH,UTTAR PRADESH,D700,ALIGANJ,2.9
25-05-2025,27.5,78.5,ETAH,UTTAR PRADESH,D700,ALIGANJ,2.86
26-05-2025,27.5,78.5,ETAH,UTTAR PRADESH,D700,ALIGANJ,2.82
27-05-2025,27.5,78.5,ETAH,UTTAR PRADESH,D700,ALIGANJ,2.85
28-05-2025,27.5,78.5,ETAH,UTTAR PRADESH,D700,ALIGANJ,2.59
29-05-2025,27.5,78.5,ETAH,UTTAR PRADESH,D700,ALIGANJ,3.27
30-05-2025,27.5,78.5,ETAH,UTTAR PRADESH,D700,ALIGANJ,3.32
31-05-2025,27.5,78.5,ETAH,UTTAR PRADESH,D700,ALIGANJ,2.98
01-06-2025,27.5,78.5,ETAH,UTTAR PRADESH,D700,ALIGANJ,3.26
02-06-2025,27.5,78.5,ETAH,UTTAR PRADESH,D700,ALIGANJ,3.29
03-06-2025,27.5,78.5,ETAH,UTTAR PRADESH,D700,ALIGANJ,3.44
04-06-2025,27.5,78.5,ETAH,UTTAR PRADESH,D700,ALIGANJ,3.58
05-06-2025,27.5,78.5,ETAH,UTTAR PRADESH,D700,ALIGANJ,3.21
06-06-2025,27.5,78.5,ETAH,UTTAR PRADESH,D700,ALIGANJ,2.72
07-06-2025,27.5,78.5,ETAH,UTTAR PRADESH,D700,ALIGANJ,3.44
08-06-2025,27.5,78.5,ETAH,UTTAR PRADESH,D700,ALIGANJ,3.49
09-06-2025,27.5,78.5,ETAH,UTTAR PRADESH,D700,ALIGANJ,3.16
10-06-2025,27.5,78.5,ETAH,UTTAR PRADESH,D700,ALIGANJ,3.18
11-06-2025,27.5,78.5,ETAH,UTTAR PRADESH,D700,ALIGANJ,2.76
12-06-2025,27.5,78.5,ETAH,UTTAR PRADESH,D700,ALIGANJ,2.63
13-06-2025,27.5,78.5,ETAH,UTTAR PRADESH,D700,ALIGANJ,2.57
14-06-2025,27.5,78.5,ETAH,UTTAR PRADESH,D700,ALIGANJ,2.54
15-06-2025,27.5,78.5,ETAH,UTTAR PRADESH,D700,ALIGANJ,3
16-06-2025,27.5,78.5,ETAH,UTTAR PRADESH,D700,ALIGANJ,3.48
17-06-2025,27.5,78.5,ETAH,UTTAR PRADESH,D700,ALIGANJ,3.71
18-06-2025,27.5,78.5,ETAH,UTTAR PRADESH,D700,ALIGANJ,3.48
19-06-2025,27.5,78.5,ETAH,UTTAR PRADESH,D700,ALIGANJ,3.41
20-06-2025,27.5,78.5,ETAH,UTTAR PRADESH,D700,ALIGANJ,3.44
21-06-2025,27.5,78.5,ETAH,UTTAR PRADESH,D700,ALIGANJ,3.11
22-06-2025,27.5,78.5,ETAH,UTTAR PRADESH,D700,ALIGANJ,2.93
23-06-2025,27.5,78.5,ETAH,UTTAR PRADESH,D700,ALIGANJ,2.76
24-06-2025,27.5,78.5,ETAH,UTTAR PRADESH,D700,ALIGANJ,2.69
25-06-2025,27.5,78.5,ETAH,UTTAR PRADESH,D700,ALIGANJ,2.94
26-06-2025,27.5,78.5,ETAH,UTTAR PRADESH,D700,ALIGANJ,2.52
27-06-2025,27.5,78.5,ETAH,UTTAR PRADESH,D700,ALIGANJ,2.85
28-06-2025,27.5,78.5,ETAH,UTTAR PRADESH,D700,ALIGANJ,2.85
29-06-2025,27.5,78.5,ETAH,UTTAR PRADESH,D700,ALIGANJ,2.98
30-06-2025,27.5,78.5,ETAH,UTTAR PRADESH,D700,ALIGANJ,3.22
01-07-2025,27.5,78.5,ETAH,UTTAR PRADESH,D700,ALIGANJ,2.68
02-07-2025,27.5,78.5,ETAH,UTTAR PRADESH,D700,ALIGANJ,2.55
03-07-2025,27.5,78.5,ETAH,UTTAR PRADESH,D700,ALIGANJ,2.01
04-07-2025,27.5,78.5,ETAH,UTTAR PRADESH,D700,ALIGANJ,2.17
05-07-2025,27.5,78.5,ETAH,UTTAR PRADESH,D700,ALIGANJ,2.33
06-07-2025,27.5,78.5,ETAH,UTTAR PRADESH,D700,ALIGANJ,2.84
07-07-2025,27.5,78.5,ETAH,UTTAR PRADESH,D700,ALIGANJ,2.68
08-07-2025,27.5,78.5,ETAH,UTTAR PRADESH,D700,ALIGANJ,2.47
09-07-2025,27.5,78.5,ETAH,UTTAR PRADESH,D700,ALIGANJ,2.57
10-07-2025,27.5,78.5,ETAH,UTTAR PRADESH,D700,ALIGANJ,2.6
11-07-2025,27.5,78.5,ETAH,UTTAR PRADESH,D700,ALIGANJ,2.74
12-07-2025,27.5,78.5,ETAH,UTTAR PRADESH,D700,ALIGANJ,2.66
13-07-2025,27.5,78.5,ETAH,UTTAR PRADESH,D700,ALIGANJ,2.47
14-07-2025,27.5,78.5,ETAH,UTTAR PRADESH,D700,ALIGANJ,2.3
15-07-2025,27.5,78.5,ETAH,UTTAR PRADESH,D700,ALIGANJ,2.34
16-07-2025,27.5,78.5,ETAH,UTTAR PRADESH,D700,ALIGANJ,2.37
17-07-2025,27.5,78.5,ETAH,UTTAR PRADESH,D700,ALIGANJ,2.38
18-07-2025,27.5,78.5,ETAH,UTTAR PRADESH,D700,ALIGANJ,2.16
19-07-2025,27.5,78.5,ETAH,UTTAR PRADESH,D700,ALIGANJ,2.09
20-07-2025,27.5,78.5,ETAH,UTTAR PRADESH,D700,ALIGANJ,1.91
21-07-2025,27.5,78.5,ETAH,UTTAR PRADESH,D700,ALIGANJ,1.73
22-07-2025,27.5,78.5,ETAH,UTTAR PRADESH,D700,ALIGANJ,1.85
23-07-2025,27.5,78.5,ETAH,UTTAR PRADESH,D700,ALIGANJ,1.84
24-07-2025,27.5,78.5,ETAH,UTTAR PRADESH,D700,ALIGANJ,1.62
25-07-2025,27.5,78.5,ETAH,UTTAR PRADESH,D700,ALIGANJ,1.75
26-07-2025,27.5,78.5,ETAH,UTTAR PRADESH,D700,ALIGANJ,1.94
27-07-2025,27.5,78.5,ETAH,UTTAR PRADESH,D700,ALIGANJ,2.18
28-07-2025,27.5,78.5,ETAH,UTTAR PRADESH,D700,ALIGANJ,2
29-07-2025,27.5,78.5,ETAH,UTTAR PRADESH,D700,ALIGANJ,1.87
30-07-2025,27.5,78.5,ETAH,UTTAR PRADESH,D700,ALIGANJ,1.82
31-07-2025,27.5,78.5,ETAH,UTTAR PRADESH,D700,ALIGANJ,1.87
01-08-2025,27.5,78.5,ETAH,UTTAR PRADESH,D700,ALIGANJ,1.45
02-08-2025,27.5,78.5,ETAH,UTTAR PRADESH,D700,ALIGANJ,1.54
03-08-2025,27.5,78.5,ETAH,UTTAR PRADESH,D700,ALIGANJ,1.78
04-08-2025,27.5,78.5,ETAH,UTTAR PRADESH,D700,ALIGANJ,1.61
05-08-2025,27.5,78.5,ETAH,UTTAR PRADESH,D700,ALIGANJ,1.28
06-08-2025,27.5,78.5,ETAH,UTTAR PRADESH,D700,ALIGANJ,1.24
07-08-2025,27.5,78.5,ETAH,UTTAR PRADESH,D700,ALIGANJ,1.38
08-08-2025,27.5,78.5,ETAH,UTTAR PRADESH,D700,ALIGANJ,1.7
09-08-2025,27.5,78.5,ETAH,UTTAR PRADESH,D700,ALIGANJ,1.73
10-08-2025,27.5,78.5,ETAH,UTTAR PRADESH,D700,ALIGANJ,1.55
11-08-2025,27.5,78.5,ETAH,UTTAR PRADESH,D700,ALIGANJ,1.35
12-08-2025,27.5,78.5,ETAH,UTTAR PRADESH,D700,ALIGANJ,1.59
13-08-2025,27.5,78.5,ETAH,UTTAR PRADESH,D700,ALIGANJ,1.71
14-08-2025,27.5,78.5,ETAH,UTTAR PRADESH,D700,ALIGANJ,1.53
15-08-2025,27.5,78.5,ETAH,UTTAR PRADESH,D700,ALIGANJ,1.68
16-08-2025,27.5,78.5,ETAH,UTTAR PRADESH,D700,ALIGANJ,1.86
17-08-2025,27.5,78.5,ETAH,UTTAR PRADESH,D700,ALIGANJ,1.91
18-08-2025,27.5,78.5,ETAH,UTTAR PRADESH,D700,ALIGANJ,1.71
19-08-2025,27.5,78.5,ETAH,UTTAR PRADESH,D700,ALIGANJ,1.36
20-08-2025,27.5,78.5,ETAH,UTTAR PRADESH,D700,ALIGANJ,1.3
21-08-2025,27.5,78.5,ETAH,UTTAR PRADESH,D700,ALIGANJ,1.67
22-08-2025,27.5,78.5,ETAH,UTTAR PRADESH,D700,ALIGANJ,1.84
23-08-2025,27.5,78.5,ETAH,UTTAR PRADESH,D700,ALIGANJ,1.87
24-08-2025,27.5,78.5,ETAH,UTTAR PRADESH,D700,ALIGANJ,1.79
25-08-2025,27.5,78.5,ETAH,UTTAR PRADESH,D700,ALIGANJ,1.78
26-08-2025,27.5,78.5,ETAH,UTTAR PRADESH,D700,ALIGANJ,1.73
27-08-2025,27.5,78.5,ETAH,UTTAR PRADESH,D700,ALIGANJ,1.27
28-08-2025,27.5,78.5,ETAH,UTTAR PRADESH,D700,ALIGANJ,1.35
29-08-2025,27.5,78.5,ETAH,UTTAR PRADESH,D700,ALIGANJ,1.36
30-08-2025,27.5,78.5,ETAH,UTTAR PRADESH,D700,ALIGANJ,1.67
31-08-2025,27.5,78.5,ETAH,UTTAR PRADESH,D700,ALIGANJ,1.78
01-09-2025,27.5,78.5,ETAH,UTTAR PRADESH,D700,ALIGANJ,1.94
02-09-2025,27.5,78.5,ETAH,UTTAR PRADESH,D700,ALIGANJ,2.12
03-09-2025,27.5,78.5,ETAH,UTTAR PRADESH,D700,ALIGANJ,1.93
04-09-2025,27.5,78.5,ETAH,UTTAR PRADESH,D700,ALIGANJ,2.05
05-09-2025,27.5,78.5,ETAH,UTTAR PRADESH,D700,ALIGANJ,2.13
06-09-2025,27.5,78.5,ETAH,UTTAR PRADESH,D700,ALIGANJ,2.01
07-09-2025,27.5,78.5,ETAH,UTTAR PRADESH,D700,ALIGANJ,2.04
08-09-2025,27.5,78.5,ETAH,UTTAR PRADESH,D700,ALIGANJ,2.07
09-09-2025,27.5,78.5,ETAH,UTTAR PRADESH,D700,ALIGANJ,2.29
10-09-2025,27.5,78.5,ETAH,UTTAR PRADESH,D700,ALIGANJ,2.31
11-09-2025,27.5,78.5,ETAH,UTTAR PRADESH,D700,ALIGANJ,2.35
12-09-2025,27.5,78.5,ETAH,UTTAR PRADESH,D700,ALIGANJ,2.35
13-09-2025,27.5,78.5,ETAH,UTTAR PRADESH,D700,ALIGANJ,2.14
14-09-2025,27.5,78.5,ETAH,UTTAR PRADESH,D700,ALIGANJ,1.77
15-09-2025,27.5,78.5,ETAH,UTTAR PRADESH,D700,ALIGANJ,1.79
16-09-2025,27.5,78.5,ETAH,UTTAR PRADESH,D700,ALIGANJ,2.34
17-09-2025,27.5,78.5,ETAH,UTTAR PRADESH,D700,ALIGANJ,2.37
18-09-2025,27.5,78.5,ETAH,UTTAR PRADESH,D700,ALIGANJ,2.24
19-09-2025,27.5,78.5,ETAH,UTTAR PRADESH,D700,ALIGANJ,2.24
20-09-2025,27.5,78.5,ETAH,UTTAR PRADESH,D700,ALIGANJ,2.04
21-09-2025,27.5,78.5,ETAH,UTTAR PRADESH,D700,ALIGANJ,2.08
22-09-2025,27.5,78.5,ETAH,UTTAR PRADESH,D700,ALIGANJ,2.31
23-09-2025,27.5,78.5,ETAH,UTTAR PRADESH,D700,ALIGANJ,1.99
24-09-2025,27.5,78.5,ETAH,UTTAR PRADESH,D700,ALIGANJ,2.12
25-09-2025,27.5,78.5,ETAH,UTTAR PRADESH,D700,ALIGANJ,2.17
26-09-2025,27.5,78.5,ETAH,UTTAR PRADESH,D700,ALIGANJ,2
27-09-2025,27.5,78.5,ETAH,UTTAR PRADESH,D700,ALIGANJ,1.71
28-09-2025,27.5,78.5,ETAH,UTTAR PRADESH,D700,ALIGANJ,1.79
29-09-2025,27.5,78.5,ETAH,UTTAR PRADESH,D700,ALIGANJ,1.61
30-09-2025,27.5,78.5,ETAH,UTTAR PRADESH,D700,ALIGANJ,1.5
01-10-2025,27.5,78.5,ETAH,UTTAR PRADESH,D700,ALIGANJ,1.62
02-10-2025,27.5,78.5,ETAH,UTTAR PRADESH,D700,ALIGANJ,1.57
03-10-2025,27.5,78.5,ETAH,UTTAR PRADESH,D700,ALIGANJ,2.18
04-10-2025,27.5,78.5,ETAH,UTTAR PRADESH,D700,ALIGANJ,2.62
05-10-2025,27.5,78.5,ETAH,UTTAR PRADESH,D700,ALIGANJ,2.53
06-10-2025,27.5,78.5,ETAH,UTTAR PRADESH,D700,ALIGANJ,2.71
07-10-2025,27.5,78.5,ETAH,UTTAR PRADESH,D700,ALIGANJ,2.33
08-10-2025,27.5,78.5,ETAH,UTTAR PRADESH,D700,ALIGANJ,2.11
09-10-2025,27.5,78.5,ETAH,UTTAR PRADESH,D700,ALIGANJ,1.81
10-10-2025,27.5,78.5,ETAH,UTTAR PRADESH,D700,ALIGANJ,1.96
11-10-2025,27.5,78.5,ETAH,UTTAR PRADESH,D700,ALIGANJ,2.19
12-10-2025,27.5,78.5,ETAH,UTTAR PRADESH,D700,ALIGANJ,1.9
13-10-2025,27.5,78.5,ETAH,UTTAR PRADESH,D700,ALIGANJ,1.67
14-10-2025,27.5,78.5,ETAH,UTTAR PRADESH,D700,ALIGANJ,2.22
15-10-2025,27.5,78.5,ETAH,UTTAR PRADESH,D700,ALIGANJ,1.8
16-10-2025,27.5,78.5,ETAH,UTTAR PRADESH,D700,ALIGANJ,1.76
17-10-2025,27.5,78.5,ETAH,UTTAR PRADESH,D700,ALIGANJ,1.63
18-10-2025,27.5,78.5,ETAH,UTTAR PRADESH,D700,ALIGANJ,1.81
19-10-2025,27.5,78.5,ETAH,UTTAR PRADESH,D700,ALIGANJ,1.76
20-10-2025,27.5,78.5,ETAH,UTTAR PRADESH,D700,ALIGANJ,1.63
21-10-2025,27.5,78.5,ETAH,UTTAR PRADESH,D700,ALIGANJ,1.55
22-10-2025,27.5,78.5,ETAH,UTTAR PRADESH,D700,ALIGANJ,1.4
23-10-2025,27.5,78.5,ETAH,UTTAR PRADESH,D700,ALIGANJ,1.55
24-10-2025,27.5,78.5,ETAH,UTTAR PRADESH,D700,ALIGANJ,1.93
25-10-2025,27.5,78.5,ETAH,UTTAR PRADESH,D700,ALIGANJ,1.68
26-10-2025,27.5,78.5,ETAH,UTTAR PRADESH,D700,ALIGANJ,1.46
27-10-2025,27.5,78.5,ETAH,UTTAR PRADESH,D700,ALIGANJ,1.8
28-10-2025,27.5,78.5,ETAH,UTTAR PRADESH,D700,ALIGANJ,2.22
29-10-2025,27.5,78.5,ETAH,UTTAR PRADESH,D700,ALIGANJ,1.88
30-10-2025,27.5,78.5,ETAH,UTTAR PRADESH,D700,ALIGANJ,2.13
31-10-2025,27.5,78.5,ETAH,UTTAR PRADESH,D700,ALIGANJ,1.64
01-11-2025,27.5,78.5,ETAH,UTTAR PRADESH,D700,ALIGANJ,1.25
02-11-2025,27.5,78.5,ETAH,UTTAR PRADESH,D700,ALIGANJ,1.31
03-11-2025,27.5,78.5,ETAH,UTTAR PRADESH,D700,ALIGANJ,1.33
04-11-2025,27.5,78.5,ETAH,UTTAR PRADESH,D700,ALIGANJ,1.32
05-11-2025,27.5,78.5,ETAH,UTTAR PRADESH,D700,ALIGANJ,1.28
06-11-2025,27.5,78.5,ETAH,UTTAR PRADESH,D700,ALIGANJ,1.32
07-11-2025,27.5,78.5,ETAH,UTTAR PRADESH,D700,ALIGANJ,1.6
08-11-2025,27.5,78.5,ETAH,UTTAR PRADESH,D700,ALIGANJ,1.66
09-11-2025,27.5,78.5,ETAH,UTTAR PRADESH,D700,ALIGANJ,1.49
10-11-2025,27.5,78.5,ETAH,UTTAR PRADESH,D700,ALIGANJ,1.26
11-11-2025,27.5,78.5,ETAH,UTTAR PRADESH,D700,ALIGANJ,1.35
12-11-2025,27.5,78.5,ETAH,UTTAR PRADESH,D700,ALIGANJ,1.9
13-11-2025,27.5,78.5,ETAH,UTTAR PRADESH,D700,ALIGANJ,1.51
14-11-2025,27.5,78.5,ETAH,UTTAR PRADESH,D700,ALIGANJ,1.38
15-11-2025,27.5,78.5,ETAH,UTTAR PRADESH,D700,ALIGANJ,1.22
16-11-2025,27.5,78.5,ETAH,UTTAR PRADESH,D700,ALIGANJ,1.32
17-11-2025,27.5,78.5,ETAH,UTTAR PRADESH,D700,ALIGANJ,1.22
18-11-2025,27.5,78.5,ETAH,UTTAR PRADESH,D700,ALIGANJ,1.38
19-11-2025,27.5,78.5,ETAH,UTTAR PRADESH,D700,ALIGANJ,1.42
20-11-2025,27.5,78.5,ETAH,UTTAR PRADESH,D700,ALIGANJ,1.51
21-11-2025,27.5,78.5,ETAH,UTTAR PRADESH,D700,ALIGANJ,1.33
22-11-2025,27.5,78.5,ETAH,UTTAR PRADESH,D700,ALIGANJ,1.48
23-11-2025,27.5,78.5,ETAH,UTTAR PRADESH,D700,ALIGANJ,1.7
24-11-2025,27.5,78.5,ETAH,UTTAR PRADESH,D700,ALIGANJ,1.51
25-11-2025,27.5,78.5,ETAH,UTTAR PRADESH,D700,ALIGANJ,1.33
26-11-2025,27.5,78.5,ETAH,UTTAR PRADESH,D700,ALIGANJ,1.77
27-11-2025,27.5,78.5,ETAH,UTTAR PRADESH,D700,ALIGANJ,1.69
28-11-2025,27.5,78.5,ETAH,UTTAR PRADESH,D700,ALIGANJ,1.65
29-11-2025,27.5,78.5,ETAH,UTTAR PRADESH,D700,ALIGANJ,1.59
30-11-2025,27.5,78.5,ETAH,UTTAR PRADESH,D700,ALIGANJ,1.56
01-12-2025,27.5,78.5,ETAH,UTTAR PRADESH,D700,ALIGANJ,1.57
02-12-2025,27.5,78.5,ETAH,UTTAR PRADESH,D700,ALIGANJ,1.64
03-12-2025,27.5,78.5,ETAH,UTTAR PRADESH,D700,ALIGANJ,1.58
04-12-2025,27.5,78.5,ETAH,UTTAR PRADESH,D700,ALIGANJ,1.78
05-12-2025,27.5,78.5,ETAH,UTTAR PRADESH,D700,ALIGANJ,1.5
06-12-2025,27.5,78.5,ETAH,UTTAR PRADESH,D700,ALIGANJ,1.39
07-12-2025,27.5,78.5,ETAH,UTTAR PRADESH,D700,ALIGANJ,1.41
08-12-2025,27.5,78.5,ETAH,UTTAR PRADESH,D700,ALIGANJ,1.73
09-12-2025,27.5,78.5,ETAH,UTTAR PRADESH,D700,ALIGANJ,1.89
10-12-2025,27.5,78.5,ETAH,UTTAR PRADESH,D700,ALIGANJ,2
11-12-2025,27.5,78.5,ETAH,UTTAR PRADESH,D700,ALIGANJ,1.77
12-12-2025,27.5,78.5,ETAH,UTTAR PRADESH,D700,ALIGANJ,1.93
13-12-2025,27.5,78.5,ETAH,UTTAR PRADESH,D700,ALIGANJ,2.08
14-12-2025,27.5,78.5,ETAH,UTTAR PRADESH,D700,ALIGANJ,2.15
15-12-2025,27.5,78.5,ETAH,UTTAR PRADESH,D700,ALIGANJ,2.16
16-12-2025,27.5,78.5,ETAH,UTTAR PRADESH,D700,ALIGANJ,2.44
17-12-2025,27.5,78.5,ETAH,UTTAR PRADESH,D700,ALIGANJ,2.73
18-12-2025,27.5,78.5,ETAH,UTTAR PRADESH,D700,ALIGANJ,2.7
19-12-2025,27.5,78.5,ETAH,UTTAR PRADESH,D700,ALIGANJ,2.3
20-12-2025,27.5,78.5,ETAH,UTTAR PRADESH,D700,ALIGANJ,2.53
21-12-2025,27.5,78.5,ETAH,UTTAR PRADESH,D700,ALIGANJ,2.73
22-12-2025,27.5,78.5,ETAH,UTTAR PRADESH,D700,ALIGANJ,2.65
23-12-2025,27.5,78.5,ETAH,UTTAR PRADESH,D700,ALIGANJ,2.31
24-12-2025,27.5,78.5,ETAH,UTTAR PRADESH,D700,ALIGANJ,2.67
25-12-2025,27.5,78.5,ETAH,UTTAR PRADESH,D700,ALIGANJ,2.76
26-12-2025,27.5,78.5,ETAH,UTTAR PRADESH,D700,ALIGANJ,2.91
27-12-2025,27.5,78.5,ETAH,UTTAR PRADESH,D700,ALIGANJ,2.98
28-12-2025,27.5,78.5,ETAH,UTTAR PRADESH,D700,ALIGANJ,2.97
29-12-2025,27.5,78.5,ETAH,UTTAR PRADESH,D700,ALIGANJ,2.74
30-12-2025,27.5,78.5,ETAH,UTTAR PRADESH,D700,ALIGANJ,3.03
31-12-2025,27.5,78.5,ETAH,UTTAR PRADESH,D700,ALIGANJ,3.16
01-01-2025,27.5,79.5,FARRUKHABAD,UTTAR PRADESH,D702,AMRITPUR,2.74
02-01-2025,27.5,79.5,FARRUKHABAD,UTTAR PRADESH,D702,AMRITPUR,2.95
03-01-2025,27.5,79.5,FARRUKHABAD,UTTAR PRADESH,D702,AMRITPUR,3.06
04-01-2025,27.5,79.5,FARRUKHABAD,UTTAR PRADESH,D702,AMRITPUR,3.14
05-01-2025,27.5,79.5,FARRUKHABAD,UTTAR PRADESH,D702,AMRITPUR,3.75
06-01-2025,27.5,79.5,FARRUKHABAD,UTTAR PRADESH,D702,AMRITPUR,3.39
07-01-2025,27.5,79.5,FARRUKHABAD,UTTAR PRADESH,D702,AMRITPUR,3
08-01-2025,27.5,79.5,FARRUKHABAD,UTTAR PRADESH,D702,AMRITPUR,2.89
09-01-2025,27.5,79.5,FARRUKHABAD,UTTAR PRADESH,D702,AMRITPUR,3.17
10-01-2025,27.5,79.5,FARRUKHABAD,UTTAR PRADESH,D702,AMRITPUR,2.77
11-01-2025,27.5,79.5,FARRUKHABAD,UTTAR PRADESH,D702,AMRITPUR,2.79
12-01-2025,27.5,79.5,FARRUKHABAD,UTTAR PRADESH,D702,AMRITPUR,2.55
13-01-2025,27.5,79.5,FARRUKHABAD,UTTAR PRADESH,D702,AMRITPUR,2.97
14-01-2025,27.5,79.5,FARRUKHABAD,UTTAR PRADESH,D702,AMRITPUR,2.85
15-01-2025,27.5,79.5,FARRUKHABAD,UTTAR PRADESH,D702,AMRITPUR,2.91
16-01-2025,27.5,79.5,FARRUKHABAD,UTTAR PRADESH,D702,AMRITPUR,3.44
17-01-2025,27.5,79.5,FARRUKHABAD,UTTAR PRADESH,D702,AMRITPUR,3.34
18-01-2025,27.5,79.5,FARRUKHABAD,UTTAR PRADESH,D702,AMRITPUR,3.58
19-01-2025,27.5,79.5,FARRUKHABAD,UTTAR PRADESH,D702,AMRITPUR,3.77
20-01-2025,27.5,79.5,FARRUKHABAD,UTTAR PRADESH,D702,AMRITPUR,3.34
21-01-2025,27.5,79.5,FARRUKHABAD,UTTAR PRADESH,D702,AMRITPUR,3.01
22-01-2025,27.5,79.5,FARRUKHABAD,UTTAR PRADESH,D702,AMRITPUR,3.01
23-01-2025,27.5,79.5,FARRUKHABAD,UTTAR PRADESH,D702,AMRITPUR,2.69
24-01-2025,27.5,79.5,FARRUKHABAD,UTTAR PRADESH,D702,AMRITPUR,2.48
25-01-2025,27.5,79.5,FARRUKHABAD,UTTAR PRADESH,D702,AMRITPUR,2.94
26-01-2025,27.5,79.5,FARRUKHABAD,UTTAR PRADESH,D702,AMRITPUR,2.58
27-01-2025,27.5,79.5,FARRUKHABAD,UTTAR PRADESH,D702,AMRITPUR,2.28
28-01-2025,27.5,79.5,FARRUKHABAD,UTTAR PRADESH,D702,AMRITPUR,2.13
29-01-2025,27.5,79.5,FARRUKHABAD,UTTAR PRADESH,D702,AMRITPUR,2.34
30-01-2025,27.5,79.5,FARRUKHABAD,UTTAR PRADESH,D702,AMRITPUR,2.45
31-01-2025,27.5,79.5,FARRUKHABAD,UTTAR PRADESH,D702,AMRITPUR,2.53
01-02-2025,27.5,79.5,FARRUKHABAD,UTTAR PRADESH,D702,AMRITPUR,2.58
02-02-2025,27.5,79.5,FARRUKHABAD,UTTAR PRADESH,D702,AMRITPUR,2.25
03-02-2025,27.5,79.5,FARRUKHABAD,UTTAR PRADESH,D702,AMRITPUR,2.01
04-02-2025,27.5,79.5,FARRUKHABAD,UTTAR PRADESH,D702,AMRITPUR,2.3
05-02-2025,27.5,79.5,FARRUKHABAD,UTTAR PRADESH,D702,AMRITPUR,2.44
06-02-2025,27.5,79.5,FARRUKHABAD,UTTAR PRADESH,D702,AMRITPUR,2.38
07-02-2025,27.5,79.5,FARRUKHABAD,UTTAR PRADESH,D702,AMRITPUR,2.16
08-02-2025,27.5,79.5,FARRUKHABAD,UTTAR PRADESH,D702,AMRITPUR,2.29
09-02-2025,27.5,79.5,FARRUKHABAD,UTTAR PRADESH,D702,AMRITPUR,2.42
10-02-2025,27.5,79.5,FARRUKHABAD,UTTAR PRADESH,D702,AMRITPUR,2.49
11-02-2025,27.5,79.5,FARRUKHABAD,UTTAR PRADESH,D702,AMRITPUR,2.64
12-02-2025,27.5,79.5,FARRUKHABAD,UTTAR PRADESH,D702,AMRITPUR,2.49
13-02-2025,27.5,79.5,FARRUKHABAD,UTTAR PRADESH,D702,AMRITPUR,2.44
14-02-2025,27.5,79.5,FARRUKHABAD,UTTAR PRADESH,D702,AMRITPUR,2.42
15-02-2025,27.5,79.5,FARRUKHABAD,UTTAR PRADESH,D702,AMRITPUR,2.47
16-02-2025,27.5,79.5,FARRUKHABAD,UTTAR PRADESH,D702,AMRITPUR,2.89
17-02-2025,27.5,79.5,FARRUKHABAD,UTTAR PRADESH,D702,AMRITPUR,2.32
18-02-2025,27.5,79.5,FARRUKHABAD,UTTAR PRADESH,D702,AMRITPUR,2.21
19-02-2025,27.5,79.5,FARRUKHABAD,UTTAR PRADESH,D702,AMRITPUR,2.41
20-02-2025,27.5,79.5,FARRUKHABAD,UTTAR PRADESH,D702,AMRITPUR,2.14
21-02-2025,27.5,79.5,FARRUKHABAD,UTTAR PRADESH,D702,AMRITPUR,2.62
22-02-2025,27.5,79.5,FARRUKHABAD,UTTAR PRADESH,D702,AMRITPUR,2.88
23-02-2025,27.5,79.5,FARRUKHABAD,UTTAR PRADESH,D702,AMRITPUR,2.77
24-02-2025,27.5,79.5,FARRUKHABAD,UTTAR PRADESH,D702,AMRITPUR,2.82
25-02-2025,27.5,79.5,FARRUKHABAD,UTTAR PRADESH,D702,AMRITPUR,2.72
26-02-2025,27.5,79.5,FARRUKHABAD,UTTAR PRADESH,D702,AMRITPUR,2.75
27-02-2025,27.5,79.5,FARRUKHABAD,UTTAR PRADESH,D702,AMRITPUR,2.79
28-02-2025,27.5,79.5,FARRUKHABAD,UTTAR PRADESH,D702,AMRITPUR,2.87
29-02-2025,27.5,79.5,FARRUKHABAD,UTTAR PRADESH,D702,AMRITPUR,1.81
01-03-2025,27.5,79.5,FARRUKHABAD,UTTAR PRADESH,D702,AMRITPUR,3.24
02-03-2025,27.5,79.5,FARRUKHABAD,UTTAR PRADESH,D702,AMRITPUR,3.07
03-03-2025,27.5,79.5,FARRUKHABAD,UTTAR PRADESH,D702,AMRITPUR,3.1
04-03-2025,27.5,79.5,FARRUKHABAD,UTTAR PRADESH,D702,AMRITPUR,3.11
05-03-2025,27.5,79.5,FARRUKHABAD,UTTAR PRADESH,D702,AMRITPUR,2.79
06-03-2025,27.5,79.5,FARRUKHABAD,UTTAR PRADESH,D702,AMRITPUR,2.6
07-03-2025,27.5,79.5,FARRUKHABAD,UTTAR PRADESH,D702,AMRITPUR,2.71
08-03-2025,27.5,79.5,FARRUKHABAD,UTTAR PRADESH,D702,AMRITPUR,2.25
09-03-2025,27.5,79.5,FARRUKHABAD,UTTAR PRADESH,D702,AMRITPUR,2.19
10-03-2025,27.5,79.5,FARRUKHABAD,UTTAR PRADESH,D702,AMRITPUR,2.77
11-03-2025,27.5,79.5,FARRUKHABAD,UTTAR PRADESH,D702,AMRITPUR,2.63
12-03-2025,27.5,79.5,FARRUKHABAD,UTTAR PRADESH,D702,AMRITPUR,2.47
13-03-2025,27.5,79.5,FARRUKHABAD,UTTAR PRADESH,D702,AMRITPUR,2.74
14-03-2025,27.5,79.5,FARRUKHABAD,UTTAR PRADESH,D702,AMRITPUR,2.68
15-03-2025,27.5,79.5,FARRUKHABAD,UTTAR PRADESH,D702,AMRITPUR,2.97
16-03-2025,27.5,79.5,FARRUKHABAD,UTTAR PRADESH,D702,AMRITPUR,2.27
17-03-2025,27.5,79.5,FARRUKHABAD,UTTAR PRADESH,D702,AMRITPUR,2.34
18-03-2025,27.5,79.5,FARRUKHABAD,UTTAR PRADESH,D702,AMRITPUR,2.49
19-03-2025,27.5,79.5,FARRUKHABAD,UTTAR PRADESH,D702,AMRITPUR,2.46
20-03-2025,27.5,79.5,FARRUKHABAD,UTTAR PRADESH,D702,AMRITPUR,2.53
21-03-2025,27.5,79.5,FARRUKHABAD,UTTAR PRADESH,D702,AMRITPUR,2.52
22-03-2025,27.5,79.5,FARRUKHABAD,UTTAR PRADESH,D702,AMRITPUR,2.26
23-03-2025,27.5,79.5,FARRUKHABAD,UTTAR PRADESH,D702,AMRITPUR,2.27
24-03-2025,27.5,79.5,FARRUKHABAD,UTTAR PRADESH,D702,AMRITPUR,2.31
25-03-2025,27.5,79.5,FARRUKHABAD,UTTAR PRADESH,D702,AMRITPUR,2.21
26-03-2025,27.5,79.5,FARRUKHABAD,UTTAR PRADESH,D702,AMRITPUR,2.35
27-03-2025,27.5,79.5,FARRUKHABAD,UTTAR PRADESH,D702,AMRITPUR,2.81
28-03-2025,27.5,79.5,FARRUKHABAD,UTTAR PRADESH,D702,AMRITPUR,1.98
29-03-2025,27.5,79.5,FARRUKHABAD,UTTAR PRADESH,D702,AMRITPUR,2.26
30-03-2025,27.5,79.5,FARRUKHABAD,UTTAR PRADESH,D702,AMRITPUR,2.85
31-03-2025,27.5,79.5,FARRUKHABAD,UTTAR PRADESH,D702,AMRITPUR,2.75
01-04-2025,27.5,79.5,FARRUKHABAD,UTTAR PRADESH,D702,AMRITPUR,2.65
02-04-2025,27.5,79.5,FARRUKHABAD,UTTAR PRADESH,D702,AMRITPUR,2.26
03-04-2025,27.5,79.5,FARRUKHABAD,UTTAR PRADESH,D702,AMRITPUR,2.65
04-04-2025,27.5,79.5,FARRUKHABAD,UTTAR PRADESH,D702,AMRITPUR,2.95
05-04-2025,27.5,79.5,FARRUKHABAD,UTTAR PRADESH,D702,AMRITPUR,2.64
06-04-2025,27.5,79.5,FARRUKHABAD,UTTAR PRADESH,D702,AMRITPUR,2.32
07-04-2025,27.5,79.5,FARRUKHABAD,UTTAR PRADESH,D702,AMRITPUR,2.26
08-04-2025,27.5,79.5,FARRUKHABAD,UTTAR PRADESH,D702,AMRITPUR,2.04
09-04-2025,27.5,79.5,FARRUKHABAD,UTTAR PRADESH,D702,AMRITPUR,2.47
10-04-2025,27.5,79.5,FARRUKHABAD,UTTAR PRADESH,D702,AMRITPUR,2.15
11-04-2025,27.5,79.5,FARRUKHABAD,UTTAR PRADESH,D702,AMRITPUR,2.29
12-04-2025,27.5,79.5,FARRUKHABAD,UTTAR PRADESH,D702,AMRITPUR,2.31
13-04-2025,27.5,79.5,FARRUKHABAD,UTTAR PRADESH,D702,AMRITPUR,2.71
14-04-2025,27.5,79.5,FARRUKHABAD,UTTAR PRADESH,D702,AMRITPUR,2.38
15-04-2025,27.5,79.5,FARRUKHABAD,UTTAR PRADESH,D702,AMRITPUR,2.46
16-04-2025,27.5,79.5,FARRUKHABAD,UTTAR PRADESH,D702,AMRITPUR,2.65
17-04-2025,27.5,79.5,FARRUKHABAD,UTTAR PRADESH,D702,AMRITPUR,2.82
18-04-2025,27.5,79.5,FARRUKHABAD,UTTAR PRADESH,D702,AMRITPUR,3.13
19-04-2025,27.5,79.5,FARRUKHABAD,UTTAR PRADESH,D702,AMRITPUR,2.83
20-04-2025,27.5,79.5,FARRUKHABAD,UTTAR PRADESH,D702,AMRITPUR,2.56
21-04-2025,27.5,79.5,FARRUKHABAD,UTTAR PRADESH,D702,AMRITPUR,2.5
22-04-2025,27.5,79.5,FARRUKHABAD,UTTAR PRADESH,D702,AMRITPUR,2.18
23-04-2025,27.5,79.5,FARRUKHABAD,UTTAR PRADESH,D702,AMRITPUR,1.92
24-04-2025,27.5,79.5,FARRUKHABAD,UTTAR PRADESH,D702,AMRITPUR,2.32
25-04-2025,27.5,79.5,FARRUKHABAD,UTTAR PRADESH,D702,AMRITPUR,2.3
26-04-2025,27.5,79.5,FARRUKHABAD,UTTAR PRADESH,D702,AMRITPUR,2.72
27-04-2025,27.5,79.5,FARRUKHABAD,UTTAR PRADESH,D702,AMRITPUR,2.38
28-04-2025,27.5,79.5,FARRUKHABAD,UTTAR PRADESH,D702,AMRITPUR,2.4
29-04-2025,27.5,79.5,FARRUKHABAD,UTTAR PRADESH,D702,AMRITPUR,2.59
30-04-2025,27.5,79.5,FARRUKHABAD,UTTAR PRADESH,D702,AMRITPUR,3.29
01-05-2025,27.5,79.5,FARRUKHABAD,UTTAR PRADESH,D702,AMRITPUR,3.35
02-05-2025,27.5,79.5,FARRUKHABAD,UTTAR PRADESH,D702,AMRITPUR,3.11
03-05-2025,27.5,79.5,FARRUKHABAD,UTTAR PRADESH,D702,AMRITPUR,2.54
04-05-2025,27.5,79.5,FARRUKHABAD,UTTAR PRADESH,D702,AMRITPUR,2.71
05-05-2025,27.5,79.5,FARRUKHABAD,UTTAR PRADESH,D702,AMRITPUR,2.58
06-05-2025,27.5,79.5,FARRUKHABAD,UTTAR PRADESH,D702,AMRITPUR,2.39
07-05-2025,27.5,79.5,FARRUKHABAD,UTTAR PRADESH,D702,AMRITPUR,2.28
08-05-2025,27.5,79.5,FARRUKHABAD,UTTAR PRADESH,D702,AMRITPUR,2.09
09-05-2025,27.5,79.5,FARRUKHABAD,UTTAR PRADESH,D702,AMRITPUR,2.02
10-05-2025,27.5,79.5,FARRUKHABAD,UTTAR PRADESH,D702,AMRITPUR,2.17
11-05-2025,27.5,79.5,FARRUKHABAD,UTTAR PRADESH,D702,AMRITPUR,1.85
12-05-2025,27.5,79.5,FARRUKHABAD,UTTAR PRADESH,D702,AMRITPUR,1.94
13-05-2025,27.5,79.5,FARRUKHABAD,UTTAR PRADESH,D702,AMRITPUR,2.19
14-05-2025,27.5,79.5,FARRUKHABAD,UTTAR PRADESH,D702,AMRITPUR,2
15-05-2025,27.5,79.5,FARRUKHABAD,UTTAR PRADESH,D702,AMRITPUR,2.07
16-05-2025,27.5,79.5,FARRUKHABAD,UTTAR PRADESH,D702,AMRITPUR,1.94
17-05-2025,27.5,79.5,FARRUKHABAD,UTTAR PRADESH,D702,AMRITPUR,2.48
18-05-2025,27.5,79.5,FARRUKHABAD,UTTAR PRADESH,D702,AMRITPUR,2.77
19-05-2025,27.5,79.5,FARRUKHABAD,UTTAR PRADESH,D702,AMRITPUR,3.18
20-05-2025,27.5,79.5,FARRUKHABAD,UTTAR PRADESH,D702,AMRITPUR,2.91
21-05-2025,27.5,79.5,FARRUKHABAD,UTTAR PRADESH,D702,AMRITPUR,2.92
22-05-2025,27.5,79.5,FARRUKHABAD,UTTAR PRADESH,D702,AMRITPUR,3.27
23-05-2025,27.5,79.5,FARRUKHABAD,UTTAR PRADESH,D702,AMRITPUR,3.16
24-05-2025,27.5,79.5,FARRUKHABAD,UTTAR PRADESH,D702,AMRITPUR,2.89
25-05-2025,27.5,79.5,FARRUKHABAD,UTTAR PRADESH,D702,AMRITPUR,2.82
26-05-2025,27.5,79.5,FARRUKHABAD,UTTAR PRADESH,D702,AMRITPUR,2.79
27-05-2025,27.5,79.5,FARRUKHABAD,UTTAR PRADESH,D702,AMRITPUR,2.84
28-05-2025,27.5,79.5,FARRUKHABAD,UTTAR PRADESH,D702,AMRITPUR,2.81
29-05-2025,27.5,79.5,FARRUKHABAD,UTTAR PRADESH,D702,AMRITPUR,3.35
30-05-2025,27.5,79.5,FARRUKHABAD,UTTAR PRADESH,D702,AMRITPUR,3.3
31-05-2025,27.5,79.5,FARRUKHABAD,UTTAR PRADESH,D702,AMRITPUR,2.99
01-06-2025,27.5,79.5,FARRUKHABAD,UTTAR PRADESH,D702,AMRITPUR,3.29
02-06-2025,27.5,79.5,FARRUKHABAD,UTTAR PRADESH,D702,AMRITPUR,3.19
03-06-2025,27.5,79.5,FARRUKHABAD,UTTAR PRADESH,D702,AMRITPUR,3.4
04-06-2025,27.5,79.5,FARRUKHABAD,UTTAR PRADESH,D702,AMRITPUR,3.58
05-06-2025,27.5,79.5,FARRUKHABAD,UTTAR PRADESH,D702,AMRITPUR,3.19
06-06-2025,27.5,79.5,FARRUKHABAD,UTTAR PRADESH,D702,AMRITPUR,2.71
07-06-2025,27.5,79.5,FARRUKHABAD,UTTAR PRADESH,D702,AMRITPUR,3.42
08-06-2025,27.5,79.5,FARRUKHABAD,UTTAR PRADESH,D702,AMRITPUR,3.39
09-06-2025,27.5,79.5,FARRUKHABAD,UTTAR PRADESH,D702,AMRITPUR,3.1
10-06-2025,27.5,79.5,FARRUKHABAD,UTTAR PRADESH,D702,AMRITPUR,3.11
11-06-2025,27.5,79.5,FARRUKHABAD,UTTAR PRADESH,D702,AMRITPUR,2.65
12-06-2025,27.5,79.5,FARRUKHABAD,UTTAR PRADESH,D702,AMRITPUR,2.72
13-06-2025,27.5,79.5,FARRUKHABAD,UTTAR PRADESH,D702,AMRITPUR,2.82
14-06-2025,27.5,79.5,FARRUKHABAD,UTTAR PRADESH,D702,AMRITPUR,2.95
15-06-2025,27.5,79.5,FARRUKHABAD,UTTAR PRADESH,D702,AMRITPUR,3.31
16-06-2025,27.5,79.5,FARRUKHABAD,UTTAR PRADESH,D702,AMRITPUR,3.67
17-06-2025,27.5,79.5,FARRUKHABAD,UTTAR PRADESH,D702,AMRITPUR,3.79
18-06-2025,27.5,79.5,FARRUKHABAD,UTTAR PRADESH,D702,AMRITPUR,3.59
19-06-2025,27.5,79.5,FARRUKHABAD,UTTAR PRADESH,D702,AMRITPUR,3.45
20-06-2025,27.5,79.5,FARRUKHABAD,UTTAR PRADESH,D702,AMRITPUR,3.34
21-06-2025,27.5,79.5,FARRUKHABAD,UTTAR PRADESH,D702,AMRITPUR,3.04
22-06-2025,27.5,79.5,FARRUKHABAD,UTTAR PRADESH,D702,AMRITPUR,2.91
23-06-2025,27.5,79.5,FARRUKHABAD,UTTAR PRADESH,D702,AMRITPUR,2.67
24-06-2025,27.5,79.5,FARRUKHABAD,UTTAR PRADESH,D702,AMRITPUR,2.63
25-06-2025,27.5,79.5,FARRUKHABAD,UTTAR PRADESH,D702,AMRITPUR,2.81
26-06-2025,27.5,79.5,FARRUKHABAD,UTTAR PRADESH,D702,AMRITPUR,2.47
27-06-2025,27.5,79.5,FARRUKHABAD,UTTAR PRADESH,D702,AMRITPUR,2.76
28-06-2025,27.5,79.5,FARRUKHABAD,UTTAR PRADESH,D702,AMRITPUR,2.66
29-06-2025,27.5,79.5,FARRUKHABAD,UTTAR PRADESH,D702,AMRITPUR,2.95
30-06-2025,27.5,79.5,FARRUKHABAD,UTTAR PRADESH,D702,AMRITPUR,3.19
01-07-2025,27.5,79.5,FARRUKHABAD,UTTAR PRADESH,D702,AMRITPUR,2.49
02-07-2025,27.5,79.5,FARRUKHABAD,UTTAR PRADESH,D702,AMRITPUR,2.41
03-07-2025,27.5,79.5,FARRUKHABAD,UTTAR PRADESH,D702,AMRITPUR,1.81
04-07-2025,27.5,79.5,FARRUKHABAD,UTTAR PRADESH,D702,AMRITPUR,1.8
05-07-2025,27.5,79.5,FARRUKHABAD,UTTAR PRADESH,D702,AMRITPUR,2.22
06-07-2025,27.5,79.5,FARRUKHABAD,UTTAR PRADESH,D702,AMRITPUR,2.75
07-07-2025,27.5,79.5,FARRUKHABAD,UTTAR PRADESH,D702,AMRITPUR,2.54
08-07-2025,27.5,79.5,FARRUKHABAD,UTTAR PRADESH,D702,AMRITPUR,2.4
09-07-2025,27.5,79.5,FARRUKHABAD,UTTAR PRADESH,D702,AMRITPUR,2.5
10-07-2025,27.5,79.5,FARRUKHABAD,UTTAR PRADESH,D702,AMRITPUR,2.48
11-07-2025,27.5,79.5,FARRUKHABAD,UTTAR PRADESH,D702,AMRITPUR,2.63
12-07-2025,27.5,79.5,FARRUKHABAD,UTTAR PRADESH,D702,AMRITPUR,2.34
13-07-2025,27.5,79.5,FARRUKHABAD,UTTAR PRADESH,D702,AMRITPUR,2.24
14-07-2025,27.5,79.5,FARRUKHABAD,UTTAR PRADESH,D702,AMRITPUR,2.23
15-07-2025,27.5,79.5,FARRUKHABAD,UTTAR PRADESH,D702,AMRITPUR,2.17
16-07-2025,27.5,79.5,FARRUKHABAD,UTTAR PRADESH,D702,AMRITPUR,2.22
17-07-2025,27.5,79.5,FARRUKHABAD,UTTAR PRADESH,D702,AMRITPUR,2.25
18-07-2025,27.5,79.5,FARRUKHABAD,UTTAR PRADESH,D702,AMRITPUR,2.18
19-07-2025,27.5,79.5,FARRUKHABAD,UTTAR PRADESH,D702,AMRITPUR,2.04
20-07-2025,27.5,79.5,FARRUKHABAD,UTTAR PRADESH,D702,AMRITPUR,1.85
21-07-2025,27.5,79.5,FARRUKHABAD,UTTAR PRADESH,D702,AMRITPUR,1.66
22-07-2025,27.5,79.5,FARRUKHABAD,UTTAR PRADESH,D702,AMRITPUR,1.78
23-07-2025,27.5,79.5,FARRUKHABAD,UTTAR PRADESH,D702,AMRITPUR,1.7
24-07-2025,27.5,79.5,FARRUKHABAD,UTTAR PRADESH,D702,AMRITPUR,1.54
25-07-2025,27.5,79.5,FARRUKHABAD,UTTAR PRADESH,D702,AMRITPUR,1.8
26-07-2025,27.5,79.5,FARRUKHABAD,UTTAR PRADESH,D702,AMRITPUR,1.88
27-07-2025,27.5,79.5,FARRUKHABAD,UTTAR PRADESH,D702,AMRITPUR,2.2
28-07-2025,27.5,79.5,FARRUKHABAD,UTTAR PRADESH,D702,AMRITPUR,1.96
29-07-2025,27.5,79.5,FARRUKHABAD,UTTAR PRADESH,D702,AMRITPUR,1.82
30-07-2025,27.5,79.5,FARRUKHABAD,UTTAR PRADESH,D702,AMRITPUR,1.79
31-07-2025,27.5,79.5,FARRUKHABAD,UTTAR PRADESH,D702,AMRITPUR,1.64
01-08-2025,27.5,79.5,FARRUKHABAD,UTTAR PRADESH,D702,AMRITPUR,1.38
02-08-2025,27.5,79.5,FARRUKHABAD,UTTAR PRADESH,D702,AMRITPUR,1.43
03-08-2025,27.5,79.5,FARRUKHABAD,UTTAR PRADESH,D702,AMRITPUR,1.72
04-08-2025,27.5,79.5,FARRUKHABAD,UTTAR PRADESH,D702,AMRITPUR,1.44
05-08-2025,27.5,79.5,FARRUKHABAD,UTTAR PRADESH,D702,AMRITPUR,1.25
06-08-2025,27.5,79.5,FARRUKHABAD,UTTAR PRADESH,D702,AMRITPUR,1.2
07-08-2025,27.5,79.5,FARRUKHABAD,UTTAR PRADESH,D702,AMRITPUR,1.29
08-08-2025,27.5,79.5,FARRUKHABAD,UTTAR PRADESH,D702,AMRITPUR,1.57
09-08-2025,27.5,79.5,FARRUKHABAD,UTTAR PRADESH,D702,AMRITPUR,1.62
10-08-2025,27.5,79.5,FARRUKHABAD,UTTAR PRADESH,D702,AMRITPUR,1.39
11-08-2025,27.5,79.5,FARRUKHABAD,UTTAR PRADESH,D702,AMRITPUR,1.35
12-08-2025,27.5,79.5,FARRUKHABAD,UTTAR PRADESH,D702,AMRITPUR,1.68
13-08-2025,27.5,79.5,FARRUKHABAD,UTTAR PRADESH,D702,AMRITPUR,1.74
14-08-2025,27.5,79.5,FARRUKHABAD,UTTAR PRADESH,D702,AMRITPUR,1.55
15-08-2025,27.5,79.5,FARRUKHABAD,UTTAR PRADESH,D702,AMRITPUR,1.75
16-08-2025,27.5,79.5,FARRUKHABAD,UTTAR PRADESH,D702,AMRITPUR,1.91
17-08-2025,27.5,79.5,FARRUKHABAD,UTTAR PRADESH,D702,AMRITPUR,1.78
18-08-2025,27.5,79.5,FARRUKHABAD,UTTAR PRADESH,D702,AMRITPUR,1.68
19-08-2025,27.5,79.5,FARRUKHABAD,UTTAR PRADESH,D702,AMRITPUR,1.47
20-08-2025,27.5,79.5,FARRUKHABAD,UTTAR PRADESH,D702,AMRITPUR,1.33
21-08-2025,27.5,79.5,FARRUKHABAD,UTTAR PRADESH,D702,AMRITPUR,1.65
22-08-2025,27.5,79.5,FARRUKHABAD,UTTAR PRADESH,D702,AMRITPUR,1.71
23-08-2025,27.5,79.5,FARRUKHABAD,UTTAR PRADESH,D702,AMRITPUR,1.76
24-08-2025,27.5,79.5,FARRUKHABAD,UTTAR PRADESH,D702,AMRITPUR,1.63
25-08-2025,27.5,79.5,FARRUKHABAD,UTTAR PRADESH,D702,AMRITPUR,1.74
26-08-2025,27.5,79.5,FARRUKHABAD,UTTAR PRADESH,D702,AMRITPUR,1.53
27-08-2025,27.5,79.5,FARRUKHABAD,UTTAR PRADESH,D702,AMRITPUR,1.16
28-08-2025,27.5,79.5,FARRUKHABAD,UTTAR PRADESH,D702,AMRITPUR,1.26
29-08-2025,27.5,79.5,FARRUKHABAD,UTTAR PRADESH,D702,AMRITPUR,1.36
30-08-2025,27.5,79.5,FARRUKHABAD,UTTAR PRADESH,D702,AMRITPUR,1.63
31-08-2025,27.5,79.5,FARRUKHABAD,UTTAR PRADESH,D702,AMRITPUR,1.78
01-09-2025,27.5,79.5,FARRUKHABAD,UTTAR PRADESH,D702,AMRITPUR,1.66
02-09-2025,27.5,79.5,FARRUKHABAD,UTTAR PRADESH,D702,AMRITPUR,2.08
03-09-2025,27.5,79.5,FARRUKHABAD,UTTAR PRADESH,D702,AMRITPUR,1.81
04-09-2025,27.5,79.5,FARRUKHABAD,UTTAR PRADESH,D702,AMRITPUR,1.93
05-09-2025,27.5,79.5,FARRUKHABAD,UTTAR PRADESH,D702,AMRITPUR,1.99
06-09-2025,27.5,79.5,FARRUKHABAD,UTTAR PRADESH,D702,AMRITPUR,2.05
07-09-2025,27.5,79.5,FARRUKHABAD,UTTAR PRADESH,D702,AMRITPUR,1.96
08-09-2025,27.5,79.5,FARRUKHABAD,UTTAR PRADESH,D702,AMRITPUR,1.97
09-09-2025,27.5,79.5,FARRUKHABAD,UTTAR PRADESH,D702,AMRITPUR,2.27
10-09-2025,27.5,79.5,FARRUKHABAD,UTTAR PRADESH,D702,AMRITPUR,2.23
11-09-2025,27.5,79.5,FARRUKHABAD,UTTAR PRADESH,D702,AMRITPUR,2.21
12-09-2025,27.5,79.5,FARRUKHABAD,UTTAR PRADESH,D702,AMRITPUR,2.23
13-09-2025,27.5,79.5,FARRUKHABAD,UTTAR PRADESH,D702,AMRITPUR,1.99
14-09-2025,27.5,79.5,FARRUKHABAD,UTTAR PRADESH,D702,AMRITPUR,1.7
15-09-2025,27.5,79.5,FARRUKHABAD,UTTAR PRADESH,D702,AMRITPUR,1.88
16-09-2025,27.5,79.5,FARRUKHABAD,UTTAR PRADESH,D702,AMRITPUR,2.27
17-09-2025,27.5,79.5,FARRUKHABAD,UTTAR PRADESH,D702,AMRITPUR,2.33
18-09-2025,27.5,79.5,FARRUKHABAD,UTTAR PRADESH,D702,AMRITPUR,2.18
19-09-2025,27.5,79.5,FARRUKHABAD,UTTAR PRADESH,D702,AMRITPUR,2.13
20-09-2025,27.5,79.5,FARRUKHABAD,UTTAR PRADESH,D702,AMRITPUR,1.98
21-09-2025,27.5,79.5,FARRUKHABAD,UTTAR PRADESH,D702,AMRITPUR,2.26
22-09-2025,27.5,79.5,FARRUKHABAD,UTTAR PRADESH,D702,AMRITPUR,2.3
23-09-2025,27.5,79.5,FARRUKHABAD,UTTAR PRADESH,D702,AMRITPUR,1.82
24-09-2025,27.5,79.5,FARRUKHABAD,UTTAR PRADESH,D702,AMRITPUR,2.15
25-09-2025,27.5,79.5,FARRUKHABAD,UTTAR PRADESH,D702,AMRITPUR,2.24
26-09-2025,27.5,79.5,FARRUKHABAD,UTTAR PRADESH,D702,AMRITPUR,1.92
27-09-2025,27.5,79.5,FARRUKHABAD,UTTAR PRADESH,D702,AMRITPUR,1.74
28-09-2025,27.5,79.5,FARRUKHABAD,UTTAR PRADESH,D702,AMRITPUR,1.79
29-09-2025,27.5,79.5,FARRUKHABAD,UTTAR PRADESH,D702,AMRITPUR,1.62
30-09-2025,27.5,79.5,FARRUKHABAD,UTTAR PRADESH,D702,AMRITPUR,1.46
01-10-2025,27.5,79.5,FARRUKHABAD,UTTAR PRADESH,D702,AMRITPUR,1.52
02-10-2025,27.5,79.5,FARRUKHABAD,UTTAR PRADESH,D702,AMRITPUR,1.6
03-10-2025,27.5,79.5,FARRUKHABAD,UTTAR PRADESH,D702,AMRITPUR,2.23
04-10-2025,27.5,79.5,FARRUKHABAD,UTTAR PRADESH,D702,AMRITPUR,2.53
05-10-2025,27.5,79.5,FARRUKHABAD,UTTAR PRADESH,D702,AMRITPUR,2.42
06-10-2025,27.5,79.5,FARRUKHABAD,UTTAR PRADESH,D702,AMRITPUR,2.67
07-10-2025,27.5,79.5,FARRUKHABAD,UTTAR PRADESH,D702,AMRITPUR,2.23
08-10-2025,27.5,79.5,FARRUKHABAD,UTTAR PRADESH,D702,AMRITPUR,1.97
09-10-2025,27.5,79.5,FARRUKHABAD,UTTAR PRADESH,D702,AMRITPUR,1.63
10-10-2025,27.5,79.5,FARRUKHABAD,UTTAR PRADESH,D702,AMRITPUR,1.98
11-10-2025,27.5,79.5,FARRUKHABAD,UTTAR PRADESH,D702,AMRITPUR,2.19
12-10-2025,27.5,79.5,FARRUKHABAD,UTTAR PRADESH,D702,AMRITPUR,1.75
13-10-2025,27.5,79.5,FARRUKHABAD,UTTAR PRADESH,D702,AMRITPUR,1.58
14-10-2025,27.5,79.5,FARRUKHABAD,UTTAR PRADESH,D702,AMRITPUR,2.26
15-10-2025,27.5,79.5,FARRUKHABAD,UTTAR PRADESH,D702,AMRITPUR,1.8
16-10-2025,27.5,79.5,FARRUKHABAD,UTTAR PRADESH,D702,AMRITPUR,1.64
17-10-2025,27.5,79.5,FARRUKHABAD,UTTAR PRADESH,D702,AMRITPUR,1.58
18-10-2025,27.5,79.5,FARRUKHABAD,UTTAR PRADESH,D702,AMRITPUR,1.7
19-10-2025,27.5,79.5,FARRUKHABAD,UTTAR PRADESH,D702,AMRITPUR,1.71
20-10-2025,27.5,79.5,FARRUKHABAD,UTTAR PRADESH,D702,AMRITPUR,1.53
21-10-2025,27.5,79.5,FARRUKHABAD,UTTAR PRADESH,D702,AMRITPUR,1.55
22-10-2025,27.5,79.5,FARRUKHABAD,UTTAR PRADESH,D702,AMRITPUR,1.33
23-10-2025,27.5,79.5,FARRUKHABAD,UTTAR PRADESH,D702,AMRITPUR,1.5
24-10-2025,27.5,79.5,FARRUKHABAD,UTTAR PRADESH,D702,AMRITPUR,1.81
25-10-2025,27.5,79.5,FARRUKHABAD,UTTAR PRADESH,D702,AMRITPUR,1.52
26-10-2025,27.5,79.5,FARRUKHABAD,UTTAR PRADESH,D702,AMRITPUR,1.41
27-10-2025,27.5,79.5,FARRUKHABAD,UTTAR PRADESH,D702,AMRITPUR,1.69
28-10-2025,27.5,79.5,FARRUKHABAD,UTTAR PRADESH,D702,AMRITPUR,2.06
29-10-2025,27.5,79.5,FARRUKHABAD,UTTAR PRADESH,D702,AMRITPUR,1.86
30-10-2025,27.5,79.5,FARRUKHABAD,UTTAR PRADESH,D702,AMRITPUR,1.97
31-10-2025,27.5,79.5,FARRUKHABAD,UTTAR PRADESH,D702,AMRITPUR,1.56
01-11-2025,27.5,79.5,FARRUKHABAD,UTTAR PRADESH,D702,AMRITPUR,1.18
02-11-2025,27.5,79.5,FARRUKHABAD,UTTAR PRADESH,D702,AMRITPUR,1.21
03-11-2025,27.5,79.5,FARRUKHABAD,UTTAR PRADESH,D702,AMRITPUR,1.21
04-11-2025,27.5,79.5,FARRUKHABAD,UTTAR PRADESH,D702,AMRITPUR,1.19
05-11-2025,27.5,79.5,FARRUKHABAD,UTTAR PRADESH,D702,AMRITPUR,1.17
06-11-2025,27.5,79.5,FARRUKHABAD,UTTAR PRADESH,D702,AMRITPUR,1.21
07-11-2025,27.5,79.5,FARRUKHABAD,UTTAR PRADESH,D702,AMRITPUR,1.33
08-11-2025,27.5,79.5,FARRUKHABAD,UTTAR PRADESH,D702,AMRITPUR,1.6
09-11-2025,27.5,79.5,FARRUKHABAD,UTTAR PRADESH,D702,AMRITPUR,1.36
10-11-2025,27.5,79.5,FARRUKHABAD,UTTAR PRADESH,D702,AMRITPUR,1.15
11-11-2025,27.5,79.5,FARRUKHABAD,UTTAR PRADESH,D702,AMRITPUR,1.29
12-11-2025,27.5,79.5,FARRUKHABAD,UTTAR PRADESH,D702,AMRITPUR,1.78
13-11-2025,27.5,79.5,FARRUKHABAD,UTTAR PRADESH,D702,AMRITPUR,1.37
14-11-2025,27.5,79.5,FARRUKHABAD,UTTAR PRADESH,D702,AMRITPUR,1.27
15-11-2025,27.5,79.5,FARRUKHABAD,UTTAR PRADESH,D702,AMRITPUR,1.2
16-11-2025,27.5,79.5,FARRUKHABAD,UTTAR PRADESH,D702,AMRITPUR,1.3
17-11-2025,27.5,79.5,FARRUKHABAD,UTTAR PRADESH,D702,AMRITPUR,1.14
18-11-2025,27.5,79.5,FARRUKHABAD,UTTAR PRADESH,D702,AMRITPUR,1.32
19-11-2025,27.5,79.5,FARRUKHABAD,UTTAR PRADESH,D702,AMRITPUR,1.36
20-11-2025,27.5,79.5,FARRUKHABAD,UTTAR PRADESH,D702,AMRITPUR,1.41
21-11-2025,27.5,79.5,FARRUKHABAD,UTTAR PRADESH,D702,AMRITPUR,1.27
22-11-2025,27.5,79.5,FARRUKHABAD,UTTAR PRADESH,D702,AMRITPUR,1.33
23-11-2025,27.5,79.5,FARRUKHABAD,UTTAR PRADESH,D702,AMRITPUR,1.58
24-11-2025,27.5,79.5,FARRUKHABAD,UTTAR PRADESH,D702,AMRITPUR,1.24
25-11-2025,27.5,79.5,FARRUKHABAD,UTTAR PRADESH,D702,AMRITPUR,1.18
26-11-2025,27.5,79.5,FARRUKHABAD,UTTAR PRADESH,D702,AMRITPUR,1.55
27-11-2025,27.5,79.5,FARRUKHABAD,UTTAR PRADESH,D702,AMRITPUR,1.5
28-11-2025,27.5,79.5,FARRUKHABAD,UTTAR PRADESH,D702,AMRITPUR,1.56
29-11-2025,27.5,79.5,FARRUKHABAD,UTTAR PRADESH,D702,AMRITPUR,1.52
30-11-2025,27.5,79.5,FARRUKHABAD,UTTAR PRADESH,D702,AMRITPUR,1.55
01-12-2025,27.5,79.5,FARRUKHABAD,UTTAR PRADESH,D702,AMRITPUR,1.42
02-12-2025,27.5,79.5,FARRUKHABAD,UTTAR PRADESH,D702,AMRITPUR,1.44
03-12-2025,27.5,79.5,FARRUKHABAD,UTTAR PRADESH,D702,AMRITPUR,1.38
04-12-2025,27.5,79.5,FARRUKHABAD,UTTAR PRADESH,D702,AMRITPUR,1.6
05-12-2025,27.5,79.5,FARRUKHABAD,UTTAR PRADESH,D702,AMRITPUR,1.35
06-12-2025,27.5,79.5,FARRUKHABAD,UTTAR PRADESH,D702,AMRITPUR,1.27
07-12-2025,27.5,79.5,FARRUKHABAD,UTTAR PRADESH,D702,AMRITPUR,1.45
08-12-2025,27.5,79.5,FARRUKHABAD,UTTAR PRADESH,D702,AMRITPUR,1.66
09-12-2025,27.5,79.5,FARRUKHABAD,UTTAR PRADESH,D702,AMRITPUR,1.77
10-12-2025,27.5,79.5,FARRUKHABAD,UTTAR PRADESH,D702,AMRITPUR,1.85
11-12-2025,27.5,79.5,FARRUKHABAD,UTTAR PRADESH,D702,AMRITPUR,1.76
12-12-2025,27.5,79.5,FARRUKHABAD,UTTAR PRADESH,D702,AMRITPUR,1.81
13-12-2025,27.5,79.5,FARRUKHABAD,UTTAR PRADESH,D702,AMRITPUR,2.11
14-12-2025,27.5,79.5,FARRUKHABAD,UTTAR PRADESH,D702,AMRITPUR,2.17
15-12-2025,27.5,79.5,FARRUKHABAD,UTTAR PRADESH,D702,AMRITPUR,2.14
16-12-2025,27.5,79.5,FARRUKHABAD,UTTAR PRADESH,D702,AMRITPUR,2.34
17-12-2025,27.5,79.5,FARRUKHABAD,UTTAR PRADESH,D702,AMRITPUR,2.56
18-12-2025,27.5,79.5,FARRUKHABAD,UTTAR PRADESH,D702,AMRITPUR,2.65
19-12-2025,27.5,79.5,FARRUKHABAD,UTTAR PRADESH,D702,AMRITPUR,2.34
20-12-2025,27.5,79.5,FARRUKHABAD,UTTAR PRADESH,D702,AMRITPUR,2.63
21-12-2025,27.5,79.5,FARRUKHABAD,UTTAR PRADESH,D702,AMRITPUR,2.78
22-12-2025,27.5,79.5,FARRUKHABAD,UTTAR PRADESH,D702,AMRITPUR,2.7
23-12-2025,27.5,79.5,FARRUKHABAD,UTTAR PRADESH,D702,AMRITPUR,2.36
24-12-2025,27.5,79.5,FARRUKHABAD,UTTAR PRADESH,D702,AMRITPUR,2.83
25-12-2025,27.5,79.5,FARRUKHABAD,UTTAR PRADESH,D702,AMRITPUR,2.81
26-12-2025,27.5,79.5,FARRUKHABAD,UTTAR PRADESH,D702,AMRITPUR,3.08
27-12-2025,27.5,79.5,FARRUKHABAD,UTTAR PRADESH,D702,AMRITPUR,3.09
28-12-2025,27.5,79.5,FARRUKHABAD,UTTAR PRADESH,D702,AMRITPUR,2.96
29-12-2025,27.5,79.5,FARRUKHABAD,UTTAR PRADESH,D702,AMRITPUR,2.93
30-12-2025,27.5,79.5,FARRUKHABAD,UTTAR PRADESH,D702,AMRITPUR,3.3
31-12-2025,27.5,79.5,FARRUKHABAD,UTTAR PRADESH,D702,AMRITPUR,3.2
01-01-2025,28.5,77.5,GAUTAM BUDH NAGAR,UTTAR PRADESH,D705,DADRI,2.86
02-01-2025,28.5,77.5,GAUTAM BUDH NAGAR,UTTAR PRADESH,D705,DADRI,3.04
03-01-2025,28.5,77.5,GAUTAM BUDH NAGAR,UTTAR PRADESH,D705,DADRI,3.02
04-01-2025,28.5,77.5,GAUTAM BUDH NAGAR,UTTAR PRADESH,D705,DADRI,3.2
05-01-2025,28.5,77.5,GAUTAM BUDH NAGAR,UTTAR PRADESH,D705,DADRI,3.36
06-01-2025,28.5,77.5,GAUTAM BUDH NAGAR,UTTAR PRADESH,D705,DADRI,2.96
07-01-2025,28.5,77.5,GAUTAM BUDH NAGAR,UTTAR PRADESH,D705,DADRI,2.89
08-01-2025,28.5,77.5,GAUTAM BUDH NAGAR,UTTAR PRADESH,D705,DADRI,2.97
09-01-2025,28.5,77.5,GAUTAM BUDH NAGAR,UTTAR PRADESH,D705,DADRI,2.92
10-01-2025,28.5,77.5,GAUTAM BUDH NAGAR,UTTAR PRADESH,D705,DADRI,2.7
11-01-2025,28.5,77.5,GAUTAM BUDH NAGAR,UTTAR PRADESH,D705,DADRI,2.68
12-01-2025,28.5,77.5,GAUTAM BUDH NAGAR,UTTAR PRADESH,D705,DADRI,2.59
13-01-2025,28.5,77.5,GAUTAM BUDH NAGAR,UTTAR PRADESH,D705,DADRI,2.65
14-01-2025,28.5,77.5,GAUTAM BUDH NAGAR,UTTAR PRADESH,D705,DADRI,2.51
15-01-2025,28.5,77.5,GAUTAM BUDH NAGAR,UTTAR PRADESH,D705,DADRI,2.37
16-01-2025,28.5,77.5,GAUTAM BUDH NAGAR,UTTAR PRADESH,D705,DADRI,2.85
17-01-2025,28.5,77.5,GAUTAM BUDH NAGAR,UTTAR PRADESH,D705,DADRI,2.64
18-01-2025,28.5,77.5,GAUTAM BUDH NAGAR,UTTAR PRADESH,D705,DADRI,2.74
19-01-2025,28.5,77.5,GAUTAM BUDH NAGAR,UTTAR PRADESH,D705,DADRI,3.05
20-01-2025,28.5,77.5,GAUTAM BUDH NAGAR,UTTAR PRADESH,D705,DADRI,2.96
21-01-2025,28.5,77.5,GAUTAM BUDH NAGAR,UTTAR PRADESH,D705,DADRI,2.81
22-01-2025,28.5,77.5,GAUTAM BUDH NAGAR,UTTAR PRADESH,D705,DADRI,2.87
23-01-2025,28.5,77.5,GAUTAM BUDH NAGAR,UTTAR PRADESH,D705,DADRI,2.63
24-01-2025,28.5,77.5,GAUTAM BUDH NAGAR,UTTAR PRADESH,D705,DADRI,2.62
25-01-2025,28.5,77.5,GAUTAM BUDH NAGAR,UTTAR PRADESH,D705,DADRI,2.77
26-01-2025,28.5,77.5,GAUTAM BUDH NAGAR,UTTAR PRADESH,D705,DADRI,2.11
27-01-2025,28.5,77.5,GAUTAM BUDH NAGAR,UTTAR PRADESH,D705,DADRI,2.08
28-01-2025,28.5,77.5,GAUTAM BUDH NAGAR,UTTAR PRADESH,D705,DADRI,2.23
29-01-2025,28.5,77.5,GAUTAM BUDH NAGAR,UTTAR PRADESH,D705,DADRI,2.41
30-01-2025,28.5,77.5,GAUTAM BUDH NAGAR,UTTAR PRADESH,D705,DADRI,2.53
31-01-2025,28.5,77.5,GAUTAM BUDH NAGAR,UTTAR PRADESH,D705,DADRI,2.41
01-02-2025,28.5,77.5,GAUTAM BUDH NAGAR,UTTAR PRADESH,D705,DADRI,2.61
02-02-2025,28.5,77.5,GAUTAM BUDH NAGAR,UTTAR PRADESH,D705,DADRI,2.37
03-02-2025,28.5,77.5,GAUTAM BUDH NAGAR,UTTAR PRADESH,D705,DADRI,2.43
04-02-2025,28.5,77.5,GAUTAM BUDH NAGAR,UTTAR PRADESH,D705,DADRI,2.41
05-02-2025,28.5,77.5,GAUTAM BUDH NAGAR,UTTAR PRADESH,D705,DADRI,2.57
06-02-2025,28.5,77.5,GAUTAM BUDH NAGAR,UTTAR PRADESH,D705,DADRI,2.46
07-02-2025,28.5,77.5,GAUTAM BUDH NAGAR,UTTAR PRADESH,D705,DADRI,2.34
08-02-2025,28.5,77.5,GAUTAM BUDH NAGAR,UTTAR PRADESH,D705,DADRI,2.46
09-02-2025,28.5,77.5,GAUTAM BUDH NAGAR,UTTAR PRADESH,D705,DADRI,2.48
10-02-2025,28.5,77.5,GAUTAM BUDH NAGAR,UTTAR PRADESH,D705,DADRI,2.54
11-02-2025,28.5,77.5,GAUTAM BUDH NAGAR,UTTAR PRADESH,D705,DADRI,2.53
12-02-2025,28.5,77.5,GAUTAM BUDH NAGAR,UTTAR PRADESH,D705,DADRI,2.58
13-02-2025,28.5,77.5,GAUTAM BUDH NAGAR,UTTAR PRADESH,D705,DADRI,2.41
14-02-2025,28.5,77.5,GAUTAM BUDH NAGAR,UTTAR PRADESH,D705,DADRI,2.59
15-02-2025,28.5,77.5,GAUTAM BUDH NAGAR,UTTAR PRADESH,D705,DADRI,2.52
16-02-2025,28.5,77.5,GAUTAM BUDH NAGAR,UTTAR PRADESH,D705,DADRI,2.65
17-02-2025,28.5,77.5,GAUTAM BUDH NAGAR,UTTAR PRADESH,D705,DADRI,2.45
18-02-2025,28.5,77.5,GAUTAM BUDH NAGAR,UTTAR PRADESH,D705,DADRI,2.24
19-02-2025,28.5,77.5,GAUTAM BUDH NAGAR,UTTAR PRADESH,D705,DADRI,2.21
20-02-2025,28.5,77.5,GAUTAM BUDH NAGAR,UTTAR PRADESH,D705,DADRI,2.54
21-02-2025,28.5,77.5,GAUTAM BUDH NAGAR,UTTAR PRADESH,D705,DADRI,2.72
22-02-2025,28.5,77.5,GAUTAM BUDH NAGAR,UTTAR PRADESH,D705,DADRI,2.75
23-02-2025,28.5,77.5,GAUTAM BUDH NAGAR,UTTAR PRADESH,D705,DADRI,2.99
24-02-2025,28.5,77.5,GAUTAM BUDH NAGAR,UTTAR PRADESH,D705,DADRI,2.68
25-02-2025,28.5,77.5,GAUTAM BUDH NAGAR,UTTAR PRADESH,D705,DADRI,2.92
26-02-2025,28.5,77.5,GAUTAM BUDH NAGAR,UTTAR PRADESH,D705,DADRI,3.21
27-02-2025,28.5,77.5,GAUTAM BUDH NAGAR,UTTAR PRADESH,D705,DADRI,3.13
28-02-2025,28.5,77.5,GAUTAM BUDH NAGAR,UTTAR PRADESH,D705,DADRI,2.86
29-02-2025,28.5,77.5,GAUTAM BUDH NAGAR,UTTAR PRADESH,D705,DADRI,2.02
01-03-2025,28.5,77.5,GAUTAM BUDH NAGAR,UTTAR PRADESH,D705,DADRI,3.32
02-03-2025,28.5,77.5,GAUTAM BUDH NAGAR,UTTAR PRADESH,D705,DADRI,3.38
03-03-2025,28.5,77.5,GAUTAM BUDH NAGAR,UTTAR PRADESH,D705,DADRI,3.18
04-03-2025,28.5,77.5,GAUTAM BUDH NAGAR,UTTAR PRADESH,D705,DADRI,3.21
05-03-2025,28.5,77.5,GAUTAM BUDH NAGAR,UTTAR PRADESH,D705,DADRI,3.03
06-03-2025,28.5,77.5,GAUTAM BUDH NAGAR,UTTAR PRADESH,D705,DADRI,3.09
07-03-2025,28.5,77.5,GAUTAM BUDH NAGAR,UTTAR PRADESH,D705,DADRI,2.81
08-03-2025,28.5,77.5,GAUTAM BUDH NAGAR,UTTAR PRADESH,D705,DADRI,2.51
09-03-2025,28.5,77.5,GAUTAM BUDH NAGAR,UTTAR PRADESH,D705,DADRI,2.35
10-03-2025,28.5,77.5,GAUTAM BUDH NAGAR,UTTAR PRADESH,D705,DADRI,2.33
11-03-2025,28.5,77.5,GAUTAM BUDH NAGAR,UTTAR PRADESH,D705,DADRI,2.85
12-03-2025,28.5,77.5,GAUTAM BUDH NAGAR,UTTAR PRADESH,D705,DADRI,2.79
13-03-2025,28.5,77.5,GAUTAM BUDH NAGAR,UTTAR PRADESH,D705,DADRI,3.17
14-03-2025,28.5,77.5,GAUTAM BUDH NAGAR,UTTAR PRADESH,D705,DADRI,3.11
15-03-2025,28.5,77.5,GAUTAM BUDH NAGAR,UTTAR PRADESH,D705,DADRI,3.17
16-03-2025,28.5,77.5,GAUTAM BUDH NAGAR,UTTAR PRADESH,D705,DADRI,2.51
17-03-2025,28.5,77.5,GAUTAM BUDH NAGAR,UTTAR PRADESH,D705,DADRI,2.6
18-03-2025,28.5,77.5,GAUTAM BUDH NAGAR,UTTAR PRADESH,D705,DADRI,2.92
19-03-2025,28.5,77.5,GAUTAM BUDH NAGAR,UTTAR PRADESH,D705,DADRI,2.51
20-03-2025,28.5,77.5,GAUTAM BUDH NAGAR,UTTAR PRADESH,D705,DADRI,2.51
21-03-2025,28.5,77.5,GAUTAM BUDH NAGAR,UTTAR PRADESH,D705,DADRI,2.73
22-03-2025,28.5,77.5,GAUTAM BUDH NAGAR,UTTAR PRADESH,D705,DADRI,2.56
23-03-2025,28.5,77.5,GAUTAM BUDH NAGAR,UTTAR PRADESH,D705,DADRI,2.77
24-03-2025,28.5,77.5,GAUTAM BUDH NAGAR,UTTAR PRADESH,D705,DADRI,2.79
25-03-2025,28.5,77.5,GAUTAM BUDH NAGAR,UTTAR PRADESH,D705,DADRI,2.59
26-03-2025,28.5,77.5,GAUTAM BUDH NAGAR,UTTAR PRADESH,D705,DADRI,2.38
27-03-2025,28.5,77.5,GAUTAM BUDH NAGAR,UTTAR PRADESH,D705,DADRI,2.9
28-03-2025,28.5,77.5,GAUTAM BUDH NAGAR,UTTAR PRADESH,D705,DADRI,2.36
29-03-2025,28.5,77.5,GAUTAM BUDH NAGAR,UTTAR PRADESH,D705,DADRI,2.67
30-03-2025,28.5,77.5,GAUTAM BUDH NAGAR,UTTAR PRADESH,D705,DADRI,3.03
31-03-2025,28.5,77.5,GAUTAM BUDH NAGAR,UTTAR PRADESH,D705,DADRI,3.26
01-04-2025,28.5,77.5,GAUTAM BUDH NAGAR,UTTAR PRADESH,D705,DADRI,2.9
02-04-2025,28.5,77.5,GAUTAM BUDH NAGAR,UTTAR PRADESH,D705,DADRI,2.66
03-04-2025,28.5,77.5,GAUTAM BUDH NAGAR,UTTAR PRADESH,D705,DADRI,3.24
04-04-2025,28.5,77.5,GAUTAM BUDH NAGAR,UTTAR PRADESH,D705,DADRI,3.32
05-04-2025,28.5,77.5,GAUTAM BUDH NAGAR,UTTAR PRADESH,D705,DADRI,2.88
06-04-2025,28.5,77.5,GAUTAM BUDH NAGAR,UTTAR PRADESH,D705,DADRI,2.59
07-04-2025,28.5,77.5,GAUTAM BUDH NAGAR,UTTAR PRADESH,D705,DADRI,2.74
08-04-2025,28.5,77.5,GAUTAM BUDH NAGAR,UTTAR PRADESH,D705,DADRI,2.34
09-04-2025,28.5,77.5,GAUTAM BUDH NAGAR,UTTAR PRADESH,D705,DADRI,2.81
10-04-2025,28.5,77.5,GAUTAM BUDH NAGAR,UTTAR PRADESH,D705,DADRI,2.59
11-04-2025,28.5,77.5,GAUTAM BUDH NAGAR,UTTAR PRADESH,D705,DADRI,2.76
12-04-2025,28.5,77.5,GAUTAM BUDH NAGAR,UTTAR PRADESH,D705,DADRI,2.63
13-04-2025,28.5,77.5,GAUTAM BUDH NAGAR,UTTAR PRADESH,D705,DADRI,2.75
14-04-2025,28.5,77.5,GAUTAM BUDH NAGAR,UTTAR PRADESH,D705,DADRI,2.67
15-04-2025,28.5,77.5,GAUTAM BUDH NAGAR,UTTAR PRADESH,D705,DADRI,2.37
16-04-2025,28.5,77.5,GAUTAM BUDH NAGAR,UTTAR PRADESH,D705,DADRI,2.85
17-04-2025,28.5,77.5,GAUTAM BUDH NAGAR,UTTAR PRADESH,D705,DADRI,3.21
18-04-2025,28.5,77.5,GAUTAM BUDH NAGAR,UTTAR PRADESH,D705,DADRI,3.44
19-04-2025,28.5,77.5,GAUTAM BUDH NAGAR,UTTAR PRADESH,D705,DADRI,2.99
20-04-2025,28.5,77.5,GAUTAM BUDH NAGAR,UTTAR PRADESH,D705,DADRI,2.94
21-04-2025,28.5,77.5,GAUTAM BUDH NAGAR,UTTAR PRADESH,D705,DADRI,2.72
22-04-2025,28.5,77.5,GAUTAM BUDH NAGAR,UTTAR PRADESH,D705,DADRI,2.3
23-04-2025,28.5,77.5,GAUTAM BUDH NAGAR,UTTAR PRADESH,D705,DADRI,2.29
24-04-2025,28.5,77.5,GAUTAM BUDH NAGAR,UTTAR PRADESH,D705,DADRI,2.21
25-04-2025,28.5,77.5,GAUTAM BUDH NAGAR,UTTAR PRADESH,D705,DADRI,2.2
26-04-2025,28.5,77.5,GAUTAM BUDH NAGAR,UTTAR PRADESH,D705,DADRI,2.68
27-04-2025,28.5,77.5,GAUTAM BUDH NAGAR,UTTAR PRADESH,D705,DADRI,2.51
28-04-2025,28.5,77.5,GAUTAM BUDH NAGAR,UTTAR PRADESH,D705,DADRI,2.44
29-04-2025,28.5,77.5,GAUTAM BUDH NAGAR,UTTAR PRADESH,D705,DADRI,2.66
30-04-2025,28.5,77.5,GAUTAM BUDH NAGAR,UTTAR PRADESH,D705,DADRI,3.31
01-05-2025,28.5,77.5,GAUTAM BUDH NAGAR,UTTAR PRADESH,D705,DADRI,3.72
02-05-2025,28.5,77.5,GAUTAM BUDH NAGAR,UTTAR PRADESH,D705,DADRI,3.6
03-05-2025,28.5,77.5,GAUTAM BUDH NAGAR,UTTAR PRADESH,D705,DADRI,2.82
04-05-2025,28.5,77.5,GAUTAM BUDH NAGAR,UTTAR PRADESH,D705,DADRI,2.61
05-05-2025,28.5,77.5,GAUTAM BUDH NAGAR,UTTAR PRADESH,D705,DADRI,2.6
06-05-2025,28.5,77.5,GAUTAM BUDH NAGAR,UTTAR PRADESH,D705,DADRI,2.56
07-05-2025,28.5,77.5,GAUTAM BUDH NAGAR,UTTAR PRADESH,D705,DADRI,2.52
08-05-2025,28.5,77.5,GAUTAM BUDH NAGAR,UTTAR PRADESH,D705,DADRI,2.23
09-05-2025,28.5,77.5,GAUTAM BUDH NAGAR,UTTAR PRADESH,D705,DADRI,2.16
10-05-2025,28.5,77.5,GAUTAM BUDH NAGAR,UTTAR PRADESH,D705,DADRI,2.35
11-05-2025,28.5,77.5,GAUTAM BUDH NAGAR,UTTAR PRADESH,D705,DADRI,2.03
12-05-2025,28.5,77.5,GAUTAM BUDH NAGAR,UTTAR PRADESH,D705,DADRI,2.27
13-05-2025,28.5,77.5,GAUTAM BUDH NAGAR,UTTAR PRADESH,D705,DADRI,2.71
14-05-2025,28.5,77.5,GAUTAM BUDH NAGAR,UTTAR PRADESH,D705,DADRI,2.53
15-05-2025,28.5,77.5,GAUTAM BUDH NAGAR,UTTAR PRADESH,D705,DADRI,2.48
16-05-2025,28.5,77.5,GAUTAM BUDH NAGAR,UTTAR PRADESH,D705,DADRI,2.02
17-05-2025,28.5,77.5,GAUTAM BUDH NAGAR,UTTAR PRADESH,D705,DADRI,2.58
18-05-2025,28.5,77.5,GAUTAM BUDH NAGAR,UTTAR PRADESH,D705,DADRI,3.27
19-05-2025,28.5,77.5,GAUTAM BUDH NAGAR,UTTAR PRADESH,D705,DADRI,3.56
20-05-2025,28.5,77.5,GAUTAM BUDH NAGAR,UTTAR PRADESH,D705,DADRI,2.98
21-05-2025,28.5,77.5,GAUTAM BUDH NAGAR,UTTAR PRADESH,D705,DADRI,3.25
22-05-2025,28.5,77.5,GAUTAM BUDH NAGAR,UTTAR PRADESH,D705,DADRI,3.56
23-05-2025,28.5,77.5,GAUTAM BUDH NAGAR,UTTAR PRADESH,D705,DADRI,3.34
24-05-2025,28.5,77.5,GAUTAM BUDH NAGAR,UTTAR PRADESH,D705,DADRI,3.25
25-05-2025,28.5,77.5,GAUTAM BUDH NAGAR,UTTAR PRADESH,D705,DADRI,3.29
26-05-2025,28.5,77.5,GAUTAM BUDH NAGAR,UTTAR PRADESH,D705,DADRI,2.98
27-05-2025,28.5,77.5,GAUTAM BUDH NAGAR,UTTAR PRADESH,D705,DADRI,2.95
28-05-2025,28.5,77.5,GAUTAM BUDH NAGAR,UTTAR PRADESH,D705,DADRI,2.51
29-05-2025,28.5,77.5,GAUTAM BUDH NAGAR,UTTAR PRADESH,D705,DADRI,3.44
30-05-2025,28.5,77.5,GAUTAM BUDH NAGAR,UTTAR PRADESH,D705,DADRI,3.68
31-05-2025,28.5,77.5,GAUTAM BUDH NAGAR,UTTAR PRADESH,D705,DADRI,3.43
01-06-2025,28.5,77.5,GAUTAM BUDH NAGAR,UTTAR PRADESH,D705,DADRI,3.68
02-06-2025,28.5,77.5,GAUTAM BUDH NAGAR,UTTAR PRADESH,D705,DADRI,3.45
03-06-2025,28.5,77.5,GAUTAM BUDH NAGAR,UTTAR PRADESH,D705,DADRI,3.58
04-06-2025,28.5,77.5,GAUTAM BUDH NAGAR,UTTAR PRADESH,D705,DADRI,3.45
05-06-2025,28.5,77.5,GAUTAM BUDH NAGAR,UTTAR PRADESH,D705,DADRI,3.27
06-06-2025,28.5,77.5,GAUTAM BUDH NAGAR,UTTAR PRADESH,D705,DADRI,2.84
07-06-2025,28.5,77.5,GAUTAM BUDH NAGAR,UTTAR PRADESH,D705,DADRI,3.4
08-06-2025,28.5,77.5,GAUTAM BUDH NAGAR,UTTAR PRADESH,D705,DADRI,3.96
09-06-2025,28.5,77.5,GAUTAM BUDH NAGAR,UTTAR PRADESH,D705,DADRI,3.39
10-06-2025,28.5,77.5,GAUTAM BUDH NAGAR,UTTAR PRADESH,D705,DADRI,3.06
11-06-2025,28.5,77.5,GAUTAM BUDH NAGAR,UTTAR PRADESH,D705,DADRI,2.75
12-06-2025,28.5,77.5,GAUTAM BUDH NAGAR,UTTAR PRADESH,D705,DADRI,2.43
13-06-2025,28.5,77.5,GAUTAM BUDH NAGAR,UTTAR PRADESH,D705,DADRI,2.72
14-06-2025,28.5,77.5,GAUTAM BUDH NAGAR,UTTAR PRADESH,D705,DADRI,2.68
15-06-2025,28.5,77.5,GAUTAM BUDH NAGAR,UTTAR PRADESH,D705,DADRI,3.22
16-06-2025,28.5,77.5,GAUTAM BUDH NAGAR,UTTAR PRADESH,D705,DADRI,3.6
17-06-2025,28.5,77.5,GAUTAM BUDH NAGAR,UTTAR PRADESH,D705,DADRI,3.78
18-06-2025,28.5,77.5,GAUTAM BUDH NAGAR,UTTAR PRADESH,D705,DADRI,3.49
19-06-2025,28.5,77.5,GAUTAM BUDH NAGAR,UTTAR PRADESH,D705,DADRI,3.1
20-06-2025,28.5,77.5,GAUTAM BUDH NAGAR,UTTAR PRADESH,D705,DADRI,3.13
21-06-2025,28.5,77.5,GAUTAM BUDH NAGAR,UTTAR PRADESH,D705,DADRI,3.06
22-06-2025,28.5,77.5,GAUTAM BUDH NAGAR,UTTAR PRADESH,D705,DADRI,2.86
23-06-2025,28.5,77.5,GAUTAM BUDH NAGAR,UTTAR PRADESH,D705,DADRI,2.55
24-06-2025,28.5,77.5,GAUTAM BUDH NAGAR,UTTAR PRADESH,D705,DADRI,2.61
25-06-2025,28.5,77.5,GAUTAM BUDH NAGAR,UTTAR PRADESH,D705,DADRI,3.07
26-06-2025,28.5,77.5,GAUTAM BUDH NAGAR,UTTAR PRADESH,D705,DADRI,2.51
27-06-2025,28.5,77.5,GAUTAM BUDH NAGAR,UTTAR PRADESH,D705,DADRI,2.83
28-06-2025,28.5,77.5,GAUTAM BUDH NAGAR,UTTAR PRADESH,D705,DADRI,2.7
29-06-2025,28.5,77.5,GAUTAM BUDH NAGAR,UTTAR PRADESH,D705,DADRI,2.79
30-06-2025,28.5,77.5,GAUTAM BUDH NAGAR,UTTAR PRADESH,D705,DADRI,3.06
01-07-2025,28.5,77.5,GAUTAM BUDH NAGAR,UTTAR PRADESH,D705,DADRI,2.72
02-07-2025,28.5,77.5,GAUTAM BUDH NAGAR,UTTAR PRADESH,D705,DADRI,2.57
03-07-2025,28.5,77.5,GAUTAM BUDH NAGAR,UTTAR PRADESH,D705,DADRI,2.13
04-07-2025,28.5,77.5,GAUTAM BUDH NAGAR,UTTAR PRADESH,D705,DADRI,2.03
05-07-2025,28.5,77.5,GAUTAM BUDH NAGAR,UTTAR PRADESH,D705,DADRI,2.26
06-07-2025,28.5,77.5,GAUTAM BUDH NAGAR,UTTAR PRADESH,D705,DADRI,2.62
07-07-2025,28.5,77.5,GAUTAM BUDH NAGAR,UTTAR PRADESH,D705,DADRI,2.61
08-07-2025,28.5,77.5,GAUTAM BUDH NAGAR,UTTAR PRADESH,D705,DADRI,2.53
09-07-2025,28.5,77.5,GAUTAM BUDH NAGAR,UTTAR PRADESH,D705,DADRI,2.17
10-07-2025,28.5,77.5,GAUTAM BUDH NAGAR,UTTAR PRADESH,D705,DADRI,2.67
11-07-2025,28.5,77.5,GAUTAM BUDH NAGAR,UTTAR PRADESH,D705,DADRI,2.77
12-07-2025,28.5,77.5,GAUTAM BUDH NAGAR,UTTAR PRADESH,D705,DADRI,2.79
13-07-2025,28.5,77.5,GAUTAM BUDH NAGAR,UTTAR PRADESH,D705,DADRI,2.22
14-07-2025,28.5,77.5,GAUTAM BUDH NAGAR,UTTAR PRADESH,D705,DADRI,1.88
15-07-2025,28.5,77.5,GAUTAM BUDH NAGAR,UTTAR PRADESH,D705,DADRI,2.11
16-07-2025,28.5,77.5,GAUTAM BUDH NAGAR,UTTAR PRADESH,D705,DADRI,2.42
17-07-2025,28.5,77.5,GAUTAM BUDH NAGAR,UTTAR PRADESH,D705,DADRI,2.27
18-07-2025,28.5,77.5,GAUTAM BUDH NAGAR,UTTAR PRADESH,D705,DADRI,1.95
19-07-2025,28.5,77.5,GAUTAM BUDH NAGAR,UTTAR PRADESH,D705,DADRI,2.12
20-07-2025,28.5,77.5,GAUTAM BUDH NAGAR,UTTAR PRADESH,D705,DADRI,2.01
21-07-2025,28.5,77.5,GAUTAM BUDH NAGAR,UTTAR PRADESH,D705,DADRI,1.87
22-07-2025,28.5,77.5,GAUTAM BUDH NAGAR,UTTAR PRADESH,D705,DADRI,1.96
23-07-2025,28.5,77.5,GAUTAM BUDH NAGAR,UTTAR PRADESH,D705,DADRI,1.68
24-07-2025,28.5,77.5,GAUTAM BUDH NAGAR,UTTAR PRADESH,D705,DADRI,1.57
25-07-2025,28.5,77.5,GAUTAM BUDH NAGAR,UTTAR PRADESH,D705,DADRI,1.69
26-07-2025,28.5,77.5,GAUTAM BUDH NAGAR,UTTAR PRADESH,D705,DADRI,1.93
27-07-2025,28.5,77.5,GAUTAM BUDH NAGAR,UTTAR PRADESH,D705,DADRI,2.04
28-07-2025,28.5,77.5,GAUTAM BUDH NAGAR,UTTAR PRADESH,D705,DADRI,2.15
29-07-2025,28.5,77.5,GAUTAM BUDH NAGAR,UTTAR PRADESH,D705,DADRI,1.99
30-07-2025,28.5,77.5,GAUTAM BUDH NAGAR,UTTAR PRADESH,D705,DADRI,1.74
31-07-2025,28.5,77.5,GAUTAM BUDH NAGAR,UTTAR PRADESH,D705,DADRI,2.12
01-08-2025,28.5,77.5,GAUTAM BUDH NAGAR,UTTAR PRADESH,D705,DADRI,1.63
02-08-2025,28.5,77.5,GAUTAM BUDH NAGAR,UTTAR PRADESH,D705,DADRI,1.7
03-08-2025,28.5,77.5,GAUTAM BUDH NAGAR,UTTAR PRADESH,D705,DADRI,2.05
04-08-2025,28.5,77.5,GAUTAM BUDH NAGAR,UTTAR PRADESH,D705,DADRI,1.86
05-08-2025,28.5,77.5,GAUTAM BUDH NAGAR,UTTAR PRADESH,D705,DADRI,1.5
06-08-2025,28.5,77.5,GAUTAM BUDH NAGAR,UTTAR PRADESH,D705,DADRI,1.63
07-08-2025,28.5,77.5,GAUTAM BUDH NAGAR,UTTAR PRADESH,D705,DADRI,1.49
08-08-2025,28.5,77.5,GAUTAM BUDH NAGAR,UTTAR PRADESH,D705,DADRI,1.93
09-08-2025,28.5,77.5,GAUTAM BUDH NAGAR,UTTAR PRADESH,D705,DADRI,1.92
10-08-2025,28.5,77.5,GAUTAM BUDH NAGAR,UTTAR PRADESH,D705,DADRI,1.66
11-08-2025,28.5,77.5,GAUTAM BUDH NAGAR,UTTAR PRADESH,D705,DADRI,1.43
12-08-2025,28.5,77.5,GAUTAM BUDH NAGAR,UTTAR PRADESH,D705,DADRI,1.49
13-08-2025,28.5,77.5,GAUTAM BUDH NAGAR,UTTAR PRADESH,D705,DADRI,1.65
14-08-2025,28.5,77.5,GAUTAM BUDH NAGAR,UTTAR PRADESH,D705,DADRI,1.54
15-08-2025,28.5,77.5,GAUTAM BUDH NAGAR,UTTAR PRADESH,D705,DADRI,1.8
16-08-2025,28.5,77.5,GAUTAM BUDH NAGAR,UTTAR PRADESH,D705,DADRI,1.91
17-08-2025,28.5,77.5,GAUTAM BUDH NAGAR,UTTAR PRADESH,D705,DADRI,1.98
18-08-2025,28.5,77.5,GAUTAM BUDH NAGAR,UTTAR PRADESH,D705,DADRI,1.61
19-08-2025,28.5,77.5,GAUTAM BUDH NAGAR,UTTAR PRADESH,D705,DADRI,1.45
20-08-2025,28.5,77.5,GAUTAM BUDH NAGAR,UTTAR PRADESH,D705,DADRI,1.43
21-08-2025,28.5,77.5,GAUTAM BUDH NAGAR,UTTAR PRADESH,D705,DADRI,1.85
22-08-2025,28.5,77.5,GAUTAM BUDH NAGAR,UTTAR PRADESH,D705,DADRI,1.89
23-08-2025,28.5,77.5,GAUTAM BUDH NAGAR,UTTAR PRADESH,D705,DADRI,1.91
24-08-2025,28.5,77.5,GAUTAM BUDH NAGAR,UTTAR PRADESH,D705,DADRI,1.89
25-08-2025,28.5,77.5,GAUTAM BUDH NAGAR,UTTAR PRADESH,D705,DADRI,1.94
26-08-2025,28.5,77.5,GAUTAM BUDH NAGAR,UTTAR PRADESH,D705,DADRI,1.8
27-08-2025,28.5,77.5,GAUTAM BUDH NAGAR,UTTAR PRADESH,D705,DADRI,1.59
28-08-2025,28.5,77.5,GAUTAM BUDH NAGAR,UTTAR PRADESH,D705,DADRI,1.43
29-08-2025,28.5,77.5,GAUTAM BUDH NAGAR,UTTAR PRADESH,D705,DADRI,1.63
30-08-2025,28.5,77.5,GAUTAM BUDH NAGAR,UTTAR PRADESH,D705,DADRI,1.74
31-08-2025,28.5,77.5,GAUTAM BUDH NAGAR,UTTAR PRADESH,D705,DADRI,1.74
01-09-2025,28.5,77.5,GAUTAM BUDH NAGAR,UTTAR PRADESH,D705,DADRI,2.07
02-09-2025,28.5,77.5,GAUTAM BUDH NAGAR,UTTAR PRADESH,D705,DADRI,2.12
03-09-2025,28.5,77.5,GAUTAM BUDH NAGAR,UTTAR PRADESH,D705,DADRI,1.78
04-09-2025,28.5,77.5,GAUTAM BUDH NAGAR,UTTAR PRADESH,D705,DADRI,2.03
05-09-2025,28.5,77.5,GAUTAM BUDH NAGAR,UTTAR PRADESH,D705,DADRI,2.09
06-09-2025,28.5,77.5,GAUTAM BUDH NAGAR,UTTAR PRADESH,D705,DADRI,1.77
07-09-2025,28.5,77.5,GAUTAM BUDH NAGAR,UTTAR PRADESH,D705,DADRI,2.13
08-09-2025,28.5,77.5,GAUTAM BUDH NAGAR,UTTAR PRADESH,D705,DADRI,2.14
09-09-2025,28.5,77.5,GAUTAM BUDH NAGAR,UTTAR PRADESH,D705,DADRI,2.21
10-09-2025,28.5,77.5,GAUTAM BUDH NAGAR,UTTAR PRADESH,D705,DADRI,2.37
11-09-2025,28.5,77.5,GAUTAM BUDH NAGAR,UTTAR PRADESH,D705,DADRI,2.42
12-09-2025,28.5,77.5,GAUTAM BUDH NAGAR,UTTAR PRADESH,D705,DADRI,2.26
13-09-2025,28.5,77.5,GAUTAM BUDH NAGAR,UTTAR PRADESH,D705,DADRI,2.2
14-09-2025,28.5,77.5,GAUTAM BUDH NAGAR,UTTAR PRADESH,D705,DADRI,1.78
15-09-2025,28.5,77.5,GAUTAM BUDH NAGAR,UTTAR PRADESH,D705,DADRI,1.52
16-09-2025,28.5,77.5,GAUTAM BUDH NAGAR,UTTAR PRADESH,D705,DADRI,1.96
17-09-2025,28.5,77.5,GAUTAM BUDH NAGAR,UTTAR PRADESH,D705,DADRI,2.04
18-09-2025,28.5,77.5,GAUTAM BUDH NAGAR,UTTAR PRADESH,D705,DADRI,2.06
19-09-2025,28.5,77.5,GAUTAM BUDH NAGAR,UTTAR PRADESH,D705,DADRI,2.33
20-09-2025,28.5,77.5,GAUTAM BUDH NAGAR,UTTAR PRADESH,D705,DADRI,2.02
21-09-2025,28.5,77.5,GAUTAM BUDH NAGAR,UTTAR PRADESH,D705,DADRI,1.88
22-09-2025,28.5,77.5,GAUTAM BUDH NAGAR,UTTAR PRADESH,D705,DADRI,2.45
23-09-2025,28.5,77.5,GAUTAM BUDH NAGAR,UTTAR PRADESH,D705,DADRI,2.34
24-09-2025,28.5,77.5,GAUTAM BUDH NAGAR,UTTAR PRADESH,D705,DADRI,2.37
25-09-2025,28.5,77.5,GAUTAM BUDH NAGAR,UTTAR PRADESH,D705,DADRI,2.26
26-09-2025,28.5,77.5,GAUTAM BUDH NAGAR,UTTAR PRADESH,D705,DADRI,1.84
27-09-2025,28.5,77.5,GAUTAM BUDH NAGAR,UTTAR PRADESH,D705,DADRI,1.64
28-09-2025,28.5,77.5,GAUTAM BUDH NAGAR,UTTAR PRADESH,D705,DADRI,1.44
29-09-2025,28.5,77.5,GAUTAM BUDH NAGAR,UTTAR PRADESH,D705,DADRI,1.45
30-09-2025,28.5,77.5,GAUTAM BUDH NAGAR,UTTAR PRADESH,D705,DADRI,1.48
01-10-2025,28.5,77.5,GAUTAM BUDH NAGAR,UTTAR PRADESH,D705,DADRI,1.64
02-10-2025,28.5,77.5,GAUTAM BUDH NAGAR,UTTAR PRADESH,D705,DADRI,1.3
03-10-2025,28.5,77.5,GAUTAM BUDH NAGAR,UTTAR PRADESH,D705,DADRI,1.89
04-10-2025,28.5,77.5,GAUTAM BUDH NAGAR,UTTAR PRADESH,D705,DADRI,2.29
05-10-2025,28.5,77.5,GAUTAM BUDH NAGAR,UTTAR PRADESH,D705,DADRI,2.29
06-10-2025,28.5,77.5,GAUTAM BUDH NAGAR,UTTAR PRADESH,D705,DADRI,2.47
07-10-2025,28.5,77.5,GAUTAM BUDH NAGAR,UTTAR PRADESH,D705,DADRI,2.27
08-10-2025,28.5,77.5,GAUTAM BUDH NAGAR,UTTAR PRADESH,D705,DADRI,2.37
09-10-2025,28.5,77.5,GAUTAM BUDH NAGAR,UTTAR PRADESH,D705,DADRI,1.94
10-10-2025,28.5,77.5,GAUTAM BUDH NAGAR,UTTAR PRADESH,D705,DADRI,1.91
11-10-2025,28.5,77.5,GAUTAM BUDH NAGAR,UTTAR PRADESH,D705,DADRI,2.18
12-10-2025,28.5,77.5,GAUTAM BUDH NAGAR,UTTAR PRADESH,D705,DADRI,1.93
13-10-2025,28.5,77.5,GAUTAM BUDH NAGAR,UTTAR PRADESH,D705,DADRI,1.4
14-10-2025,28.5,77.5,GAUTAM BUDH NAGAR,UTTAR PRADESH,D705,DADRI,2.03
15-10-2025,28.5,77.5,GAUTAM BUDH NAGAR,UTTAR PRADESH,D705,DADRI,1.64
16-10-2025,28.5,77.5,GAUTAM BUDH NAGAR,UTTAR PRADESH,D705,DADRI,1.81
17-10-2025,28.5,77.5,GAUTAM BUDH NAGAR,UTTAR PRADESH,D705,DADRI,2.07
18-10-2025,28.5,77.5,GAUTAM BUDH NAGAR,UTTAR PRADESH,D705,DADRI,2.17
19-10-2025,28.5,77.5,GAUTAM BUDH NAGAR,UTTAR PRADESH,D705,DADRI,1.72
20-10-2025,28.5,77.5,GAUTAM BUDH NAGAR,UTTAR PRADESH,D705,DADRI,1.65
21-10-2025,28.5,77.5,GAUTAM BUDH NAGAR,UTTAR PRADESH,D705,DADRI,1.5
22-10-2025,28.5,77.5,GAUTAM BUDH NAGAR,UTTAR PRADESH,D705,DADRI,1.44
23-10-2025,28.5,77.5,GAUTAM BUDH NAGAR,UTTAR PRADESH,D705,DADRI,1.63
24-10-2025,28.5,77.5,GAUTAM BUDH NAGAR,UTTAR PRADESH,D705,DADRI,1.96
25-10-2025,28.5,77.5,GAUTAM BUDH NAGAR,UTTAR PRADESH,D705,DADRI,1.51
26-10-2025,28.5,77.5,GAUTAM BUDH NAGAR,UTTAR PRADESH,D705,DADRI,1.42
27-10-2025,28.5,77.5,GAUTAM BUDH NAGAR,UTTAR PRADESH,D705,DADRI,1.49
28-10-2025,28.5,77.5,GAUTAM BUDH NAGAR,UTTAR PRADESH,D705,DADRI,1.76
29-10-2025,28.5,77.5,GAUTAM BUDH NAGAR,UTTAR PRADESH,D705,DADRI,1.67
30-10-2025,28.5,77.5,GAUTAM BUDH NAGAR,UTTAR PRADESH,D705,DADRI,1.81
31-10-2025,28.5,77.5,GAUTAM BUDH NAGAR,UTTAR PRADESH,D705,DADRI,1.53
01-11-2025,28.5,77.5,GAUTAM BUDH NAGAR,UTTAR PRADESH,D705,DADRI,1.42
02-11-2025,28.5,77.5,GAUTAM BUDH NAGAR,UTTAR PRADESH,D705,DADRI,1.47
03-11-2025,28.5,77.5,GAUTAM BUDH NAGAR,UTTAR PRADESH,D705,DADRI,1.46
04-11-2025,28.5,77.5,GAUTAM BUDH NAGAR,UTTAR PRADESH,D705,DADRI,1.27
05-11-2025,28.5,77.5,GAUTAM BUDH NAGAR,UTTAR PRADESH,D705,DADRI,1.42
06-11-2025,28.5,77.5,GAUTAM BUDH NAGAR,UTTAR PRADESH,D705,DADRI,1.23
07-11-2025,28.5,77.5,GAUTAM BUDH NAGAR,UTTAR PRADESH,D705,DADRI,1.84
08-11-2025,28.5,77.5,GAUTAM BUDH NAGAR,UTTAR PRADESH,D705,DADRI,1.54
09-11-2025,28.5,77.5,GAUTAM BUDH NAGAR,UTTAR PRADESH,D705,DADRI,1.44
10-11-2025,28.5,77.5,GAUTAM BUDH NAGAR,UTTAR PRADESH,D705,DADRI,1.41
11-11-2025,28.5,77.5,GAUTAM BUDH NAGAR,UTTAR PRADESH,D705,DADRI,1.21
12-11-2025,28.5,77.5,GAUTAM BUDH NAGAR,UTTAR PRADESH,D705,DADRI,1.36
13-11-2025,28.5,77.5,GAUTAM BUDH NAGAR,UTTAR PRADESH,D705,DADRI,1.5
14-11-2025,28.5,77.5,GAUTAM BUDH NAGAR,UTTAR PRADESH,D705,DADRI,1.27
15-11-2025,28.5,77.5,GAUTAM BUDH NAGAR,UTTAR PRADESH,D705,DADRI,1.17
16-11-2025,28.5,77.5,GAUTAM BUDH NAGAR,UTTAR PRADESH,D705,DADRI,1.34
17-11-2025,28.5,77.5,GAUTAM BUDH NAGAR,UTTAR PRADESH,D705,DADRI,1.25
18-11-2025,28.5,77.5,GAUTAM BUDH NAGAR,UTTAR PRADESH,D705,DADRI,1.42
19-11-2025,28.5,77.5,GAUTAM BUDH NAGAR,UTTAR PRADESH,D705,DADRI,1.26
20-11-2025,28.5,77.5,GAUTAM BUDH NAGAR,UTTAR PRADESH,D705,DADRI,1.37
21-11-2025,28.5,77.5,GAUTAM BUDH NAGAR,UTTAR PRADESH,D705,DADRI,1.3
22-11-2025,28.5,77.5,GAUTAM BUDH NAGAR,UTTAR PRADESH,D705,DADRI,1.35
23-11-2025,28.5,77.5,GAUTAM BUDH NAGAR,UTTAR PRADESH,D705,DADRI,1.3
24-11-2025,28.5,77.5,GAUTAM BUDH NAGAR,UTTAR PRADESH,D705,DADRI,1.38
25-11-2025,28.5,77.5,GAUTAM BUDH NAGAR,UTTAR PRADESH,D705,DADRI,1.55
26-11-2025,28.5,77.5,GAUTAM BUDH NAGAR,UTTAR PRADESH,D705,DADRI,1.7
27-11-2025,28.5,77.5,GAUTAM BUDH NAGAR,UTTAR PRADESH,D705,DADRI,1.76
28-11-2025,28.5,77.5,GAUTAM BUDH NAGAR,UTTAR PRADESH,D705,DADRI,1.75
29-11-2025,28.5,77.5,GAUTAM BUDH NAGAR,UTTAR PRADESH,D705,DADRI,1.45
30-11-2025,28.5,77.5,GAUTAM BUDH NAGAR,UTTAR PRADESH,D705,DADRI,1.45
01-12-2025,28.5,77.5,GAUTAM BUDH NAGAR,UTTAR PRADESH,D705,DADRI,1.58
02-12-2025,28.5,77.5,GAUTAM BUDH NAGAR,UTTAR PRADESH,D705,DADRI,1.76
03-12-2025,28.5,77.5,GAUTAM BUDH NAGAR,UTTAR PRADESH,D705,DADRI,1.54
04-12-2025,28.5,77.5,GAUTAM BUDH NAGAR,UTTAR PRADESH,D705,DADRI,1.63
05-12-2025,28.5,77.5,GAUTAM BUDH NAGAR,UTTAR PRADESH,D705,DADRI,1.54
06-12-2025,28.5,77.5,GAUTAM BUDH NAGAR,UTTAR PRADESH,D705,DADRI,1.16
07-12-2025,28.5,77.5,GAUTAM BUDH NAGAR,UTTAR PRADESH,D705,DADRI,1.22
08-12-2025,28.5,77.5,GAUTAM BUDH NAGAR,UTTAR PRADESH,D705,DADRI,1.77
09-12-2025,28.5,77.5,GAUTAM BUDH NAGAR,UTTAR PRADESH,D705,DADRI,1.95
10-12-2025,28.5,77.5,GAUTAM BUDH NAGAR,UTTAR PRADESH,D705,DADRI,1.92
11-12-2025,28.5,77.5,GAUTAM BUDH NAGAR,UTTAR PRADESH,D705,DADRI,1.76
12-12-2025,28.5,77.5,GAUTAM BUDH NAGAR,UTTAR PRADESH,D705,DADRI,2.02
13-12-2025,28.5,77.5,GAUTAM BUDH NAGAR,UTTAR PRADESH,D705,DADRI,2.39
14-12-2025,28.5,77.5,GAUTAM BUDH NAGAR,UTTAR PRADESH,D705,DADRI,2.36
15-12-2025,28.5,77.5,GAUTAM BUDH NAGAR,UTTAR PRADESH,D705,DADRI,2.26
16-12-2025,28.5,77.5,GAUTAM BUDH NAGAR,UTTAR PRADESH,D705,DADRI,2.55
17-12-2025,28.5,77.5,GAUTAM BUDH NAGAR,UTTAR PRADESH,D705,DADRI,2.94
18-12-2025,28.5,77.5,GAUTAM BUDH NAGAR,UTTAR PRADESH,D705,DADRI,3.09
19-12-2025,28.5,77.5,GAUTAM BUDH NAGAR,UTTAR PRADESH,D705,DADRI,2.62
20-12-2025,28.5,77.5,GAUTAM BUDH NAGAR,UTTAR PRADESH,D705,DADRI,2.73
21-12-2025,28.5,77.5,GAUTAM BUDH NAGAR,UTTAR PRADESH,D705,DADRI,2.91
22-12-2025,28.5,77.5,GAUTAM BUDH NAGAR,UTTAR PRADESH,D705,DADRI,2.77
23-12-2025,28.5,77.5,GAUTAM BUDH NAGAR,UTTAR PRADESH,D705,DADRI,2.79
24-12-2025,28.5,77.5,GAUTAM BUDH NAGAR,UTTAR PRADESH,D705,DADRI,2.64
25-12-2025,28.5,77.5,GAUTAM BUDH NAGAR,UTTAR PRADESH,D705,DADRI,3.07
26-12-2025,28.5,77.5,GAUTAM BUDH NAGAR,UTTAR PRADESH,D705,DADRI,2.93
27-12-2025,28.5,77.5,GAUTAM BUDH NAGAR,UTTAR PRADESH,D705,DADRI,2.98
28-12-2025,28.5,77.5,GAUTAM BUDH NAGAR,UTTAR PRADESH,D705,DADRI,2.84
29-12-2025,28.5,77.5,GAUTAM BUDH NAGAR,UTTAR PRADESH,D705,DADRI,2.5
30-12-2025,28.5,77.5,GAUTAM BUDH NAGAR,UTTAR PRADESH,D705,DADRI,2.75
31-12-2025,28.5,77.5,GAUTAM BUDH NAGAR,UTTAR PRADESH,D705,DADRI,2.9
01-01-2025,25.5,79.5,HAMIRPUR,UTTAR PRADESH,D710,HAMIRPUR,2.91
02-01-2025,25.5,79.5,HAMIRPUR,UTTAR PRADESH,D710,HAMIRPUR,3.11
03-01-2025,25.5,79.5,HAMIRPUR,UTTAR PRADESH,D710,HAMIRPUR,2.95
04-01-2025,25.5,79.5,HAMIRPUR,UTTAR PRADESH,D710,HAMIRPUR,2.87
05-01-2025,25.5,79.5,HAMIRPUR,UTTAR PRADESH,D710,HAMIRPUR,3.35
06-01-2025,25.5,79.5,HAMIRPUR,UTTAR PRADESH,D710,HAMIRPUR,3.85
07-01-2025,25.5,79.5,HAMIRPUR,UTTAR PRADESH,D710,HAMIRPUR,2.89
08-01-2025,25.5,79.5,HAMIRPUR,UTTAR PRADESH,D710,HAMIRPUR,2.4
09-01-2025,25.5,79.5,HAMIRPUR,UTTAR PRADESH,D710,HAMIRPUR,2.78
10-01-2025,25.5,79.5,HAMIRPUR,UTTAR PRADESH,D710,HAMIRPUR,2.82
11-01-2025,25.5,79.5,HAMIRPUR,UTTAR PRADESH,D710,HAMIRPUR,2.58
12-01-2025,25.5,79.5,HAMIRPUR,UTTAR PRADESH,D710,HAMIRPUR,2.84
13-01-2025,25.5,79.5,HAMIRPUR,UTTAR PRADESH,D710,HAMIRPUR,3.08
14-01-2025,25.5,79.5,HAMIRPUR,UTTAR PRADESH,D710,HAMIRPUR,2.86
15-01-2025,25.5,79.5,HAMIRPUR,UTTAR PRADESH,D710,HAMIRPUR,3.32
16-01-2025,25.5,79.5,HAMIRPUR,UTTAR PRADESH,D710,HAMIRPUR,3.73
17-01-2025,25.5,79.5,HAMIRPUR,UTTAR PRADESH,D710,HAMIRPUR,3.55
18-01-2025,25.5,79.5,HAMIRPUR,UTTAR PRADESH,D710,HAMIRPUR,3.7
19-01-2025,25.5,79.5,HAMIRPUR,UTTAR PRADESH,D710,HAMIRPUR,3.59
20-01-2025,25.5,79.5,HAMIRPUR,UTTAR PRADESH,D710,HAMIRPUR,3.05
21-01-2025,25.5,79.5,HAMIRPUR,UTTAR PRADESH,D710,HAMIRPUR,2.8
22-01-2025,25.5,79.5,HAMIRPUR,UTTAR PRADESH,D710,HAMIRPUR,3
23-01-2025,25.5,79.5,HAMIRPUR,UTTAR PRADESH,D710,HAMIRPUR,2.68
24-01-2025,25.5,79.5,HAMIRPUR,UTTAR PRADESH,D710,HAMIRPUR,2.66
25-01-2025,25.5,79.5,HAMIRPUR,UTTAR PRADESH,D710,HAMIRPUR,3.01
26-01-2025,25.5,79.5,HAMIRPUR,UTTAR PRADESH,D710,HAMIRPUR,3.09
27-01-2025,25.5,79.5,HAMIRPUR,UTTAR PRADESH,D710,HAMIRPUR,2.74
28-01-2025,25.5,79.5,HAMIRPUR,UTTAR PRADESH,D710,HAMIRPUR,2.5
29-01-2025,25.5,79.5,HAMIRPUR,UTTAR PRADESH,D710,HAMIRPUR,2.45
30-01-2025,25.5,79.5,HAMIRPUR,UTTAR PRADESH,D710,HAMIRPUR,2.68
31-01-2025,25.5,79.5,HAMIRPUR,UTTAR PRADESH,D710,HAMIRPUR,2.58
01-02-2025,25.5,79.5,HAMIRPUR,UTTAR PRADESH,D710,HAMIRPUR,2.73
02-02-2025,25.5,79.5,HAMIRPUR,UTTAR PRADESH,D710,HAMIRPUR,2.54
03-02-2025,25.5,79.5,HAMIRPUR,UTTAR PRADESH,D710,HAMIRPUR,2.38
04-02-2025,25.5,79.5,HAMIRPUR,UTTAR PRADESH,D710,HAMIRPUR,2.6
05-02-2025,25.5,79.5,HAMIRPUR,UTTAR PRADESH,D710,HAMIRPUR,2.6
06-02-2025,25.5,79.5,HAMIRPUR,UTTAR PRADESH,D710,HAMIRPUR,2.6
07-02-2025,25.5,79.5,HAMIRPUR,UTTAR PRADESH,D710,HAMIRPUR,2.45
08-02-2025,25.5,79.5,HAMIRPUR,UTTAR PRADESH,D710,HAMIRPUR,2.42
09-02-2025,25.5,79.5,HAMIRPUR,UTTAR PRADESH,D710,HAMIRPUR,2.58
10-02-2025,25.5,79.5,HAMIRPUR,UTTAR PRADESH,D710,HAMIRPUR,3.03
11-02-2025,25.5,79.5,HAMIRPUR,UTTAR PRADESH,D710,HAMIRPUR,2.75
12-02-2025,25.5,79.5,HAMIRPUR,UTTAR PRADESH,D710,HAMIRPUR,2.82
13-02-2025,25.5,79.5,HAMIRPUR,UTTAR PRADESH,D710,HAMIRPUR,3.03
14-02-2025,25.5,79.5,HAMIRPUR,UTTAR PRADESH,D710,HAMIRPUR,2.65
15-02-2025,25.5,79.5,HAMIRPUR,UTTAR PRADESH,D710,HAMIRPUR,2.65
16-02-2025,25.5,79.5,HAMIRPUR,UTTAR PRADESH,D710,HAMIRPUR,2.85
17-02-2025,25.5,79.5,HAMIRPUR,UTTAR PRADESH,D710,HAMIRPUR,2.43
18-02-2025,25.5,79.5,HAMIRPUR,UTTAR PRADESH,D710,HAMIRPUR,2.22
19-02-2025,25.5,79.5,HAMIRPUR,UTTAR PRADESH,D710,HAMIRPUR,2.3
20-02-2025,25.5,79.5,HAMIRPUR,UTTAR PRADESH,D710,HAMIRPUR,2.26
21-02-2025,25.5,79.5,HAMIRPUR,UTTAR PRADESH,D710,HAMIRPUR,2.64
22-02-2025,25.5,79.5,HAMIRPUR,UTTAR PRADESH,D710,HAMIRPUR,3.14
23-02-2025,25.5,79.5,HAMIRPUR,UTTAR PRADESH,D710,HAMIRPUR,3.14
24-02-2025,25.5,79.5,HAMIRPUR,UTTAR PRADESH,D710,HAMIRPUR,3.06
25-02-2025,25.5,79.5,HAMIRPUR,UTTAR PRADESH,D710,HAMIRPUR,2.83
26-02-2025,25.5,79.5,HAMIRPUR,UTTAR PRADESH,D710,HAMIRPUR,2.54
27-02-2025,25.5,79.5,HAMIRPUR,UTTAR PRADESH,D710,HAMIRPUR,3
28-02-2025,25.5,79.5,HAMIRPUR,UTTAR PRADESH,D710,HAMIRPUR,2.78
29-02-2025,25.5,79.5,HAMIRPUR,UTTAR PRADESH,D710,HAMIRPUR,1.8
01-03-2025,25.5,79.5,HAMIRPUR,UTTAR PRADESH,D710,HAMIRPUR,3.47
02-03-2025,25.5,79.5,HAMIRPUR,UTTAR PRADESH,D710,HAMIRPUR,3.08
03-03-2025,25.5,79.5,HAMIRPUR,UTTAR PRADESH,D710,HAMIRPUR,3.06
04-03-2025,25.5,79.5,HAMIRPUR,UTTAR PRADESH,D710,HAMIRPUR,3
05-03-2025,25.5,79.5,HAMIRPUR,UTTAR PRADESH,D710,HAMIRPUR,2.91
06-03-2025,25.5,79.5,HAMIRPUR,UTTAR PRADESH,D710,HAMIRPUR,2.42
07-03-2025,25.5,79.5,HAMIRPUR,UTTAR PRADESH,D710,HAMIRPUR,2.62
08-03-2025,25.5,79.5,HAMIRPUR,UTTAR PRADESH,D710,HAMIRPUR,2.44
09-03-2025,25.5,79.5,HAMIRPUR,UTTAR PRADESH,D710,HAMIRPUR,2.22
10-03-2025,25.5,79.5,HAMIRPUR,UTTAR PRADESH,D710,HAMIRPUR,2.97
11-03-2025,25.5,79.5,HAMIRPUR,UTTAR PRADESH,D710,HAMIRPUR,2.62
12-03-2025,25.5,79.5,HAMIRPUR,UTTAR PRADESH,D710,HAMIRPUR,2.64
13-03-2025,25.5,79.5,HAMIRPUR,UTTAR PRADESH,D710,HAMIRPUR,2.73
14-03-2025,25.5,79.5,HAMIRPUR,UTTAR PRADESH,D710,HAMIRPUR,3.02
15-03-2025,25.5,79.5,HAMIRPUR,UTTAR PRADESH,D710,HAMIRPUR,3.32
16-03-2025,25.5,79.5,HAMIRPUR,UTTAR PRADESH,D710,HAMIRPUR,2.58
17-03-2025,25.5,79.5,HAMIRPUR,UTTAR PRADESH,D710,HAMIRPUR,2.78
18-03-2025,25.5,79.5,HAMIRPUR,UTTAR PRADESH,D710,HAMIRPUR,2.64
19-03-2025,25.5,79.5,HAMIRPUR,UTTAR PRADESH,D710,HAMIRPUR,2.76
20-03-2025,25.5,79.5,HAMIRPUR,UTTAR PRADESH,D710,HAMIRPUR,2.48
21-03-2025,25.5,79.5,HAMIRPUR,UTTAR PRADESH,D710,HAMIRPUR,2.39
22-03-2025,25.5,79.5,HAMIRPUR,UTTAR PRADESH,D710,HAMIRPUR,2.19
23-03-2025,25.5,79.5,HAMIRPUR,UTTAR PRADESH,D710,HAMIRPUR,2.01
24-03-2025,25.5,79.5,HAMIRPUR,UTTAR PRADESH,D710,HAMIRPUR,2.03
25-03-2025,25.5,79.5,HAMIRPUR,UTTAR PRADESH,D710,HAMIRPUR,2.09
26-03-2025,25.5,79.5,HAMIRPUR,UTTAR PRADESH,D710,HAMIRPUR,2.37
27-03-2025,25.5,79.5,HAMIRPUR,UTTAR PRADESH,D710,HAMIRPUR,2.9
28-03-2025,25.5,79.5,HAMIRPUR,UTTAR PRADESH,D710,HAMIRPUR,2.21
29-03-2025,25.5,79.5,HAMIRPUR,UTTAR PRADESH,D710,HAMIRPUR,2.13
30-03-2025,25.5,79.5,HAMIRPUR,UTTAR PRADESH,D710,HAMIRPUR,2.51
31-03-2025,25.5,79.5,HAMIRPUR,UTTAR PRADESH,D710,HAMIRPUR,2.69
01-04-2025,25.5,79.5,HAMIRPUR,UTTAR PRADESH,D710,HAMIRPUR,2.58
02-04-2025,25.5,79.5,HAMIRPUR,UTTAR PRADESH,D710,HAMIRPUR,2.34
03-04-2025,25.5,79.5,HAMIRPUR,UTTAR PRADESH,D710,HAMIRPUR,2.6
04-04-2025,25.5,79.5,HAMIRPUR,UTTAR PRADESH,D710,HAMIRPUR,2.51
05-04-2025,25.5,79.5,HAMIRPUR,UTTAR PRADESH,D710,HAMIRPUR,2.55
06-04-2025,25.5,79.5,HAMIRPUR,UTTAR PRADESH,D710,HAMIRPUR,2.35
07-04-2025,25.5,79.5,HAMIRPUR,UTTAR PRADESH,D710,HAMIRPUR,2.14
08-04-2025,25.5,79.5,HAMIRPUR,UTTAR PRADESH,D710,HAMIRPUR,2.17
09-04-2025,25.5,79.5,HAMIRPUR,UTTAR PRADESH,D710,HAMIRPUR,2.27
10-04-2025,25.5,79.5,HAMIRPUR,UTTAR PRADESH,D710,HAMIRPUR,2.02
11-04-2025,25.5,79.5,HAMIRPUR,UTTAR PRADESH,D710,HAMIRPUR,1.94
12-04-2025,25.5,79.5,HAMIRPUR,UTTAR PRADESH,D710,HAMIRPUR,2.35
13-04-2025,25.5,79.5,HAMIRPUR,UTTAR PRADESH,D710,HAMIRPUR,2.78
14-04-2025,25.5,79.5,HAMIRPUR,UTTAR PRADESH,D710,HAMIRPUR,2.48
15-04-2025,25.5,79.5,HAMIRPUR,UTTAR PRADESH,D710,HAMIRPUR,2.43
16-04-2025,25.5,79.5,HAMIRPUR,UTTAR PRADESH,D710,HAMIRPUR,2.67
17-04-2025,25.5,79.5,HAMIRPUR,UTTAR PRADESH,D710,HAMIRPUR,2.92
18-04-2025,25.5,79.5,HAMIRPUR,UTTAR PRADESH,D710,HAMIRPUR,2.97
19-04-2025,25.5,79.5,HAMIRPUR,UTTAR PRADESH,D710,HAMIRPUR,2.76
20-04-2025,25.5,79.5,HAMIRPUR,UTTAR PRADESH,D710,HAMIRPUR,2.47
21-04-2025,25.5,79.5,HAMIRPUR,UTTAR PRADESH,D710,HAMIRPUR,2.58
22-04-2025,25.5,79.5,HAMIRPUR,UTTAR PRADESH,D710,HAMIRPUR,2.27
23-04-2025,25.5,79.5,HAMIRPUR,UTTAR PRADESH,D710,HAMIRPUR,1.87
24-04-2025,25.5,79.5,HAMIRPUR,UTTAR PRADESH,D710,HAMIRPUR,2.1
25-04-2025,25.5,79.5,HAMIRPUR,UTTAR PRADESH,D710,HAMIRPUR,2.15
26-04-2025,25.5,79.5,HAMIRPUR,UTTAR PRADESH,D710,HAMIRPUR,2.18
27-04-2025,25.5,79.5,HAMIRPUR,UTTAR PRADESH,D710,HAMIRPUR,2.16
28-04-2025,25.5,79.5,HAMIRPUR,UTTAR PRADESH,D710,HAMIRPUR,2.19
29-04-2025,25.5,79.5,HAMIRPUR,UTTAR PRADESH,D710,HAMIRPUR,2.63
30-04-2025,25.5,79.5,HAMIRPUR,UTTAR PRADESH,D710,HAMIRPUR,2.9
01-05-2025,25.5,79.5,HAMIRPUR,UTTAR PRADESH,D710,HAMIRPUR,2.71
02-05-2025,25.5,79.5,HAMIRPUR,UTTAR PRADESH,D710,HAMIRPUR,2.68
03-05-2025,25.5,79.5,HAMIRPUR,UTTAR PRADESH,D710,HAMIRPUR,2.49
04-05-2025,25.5,79.5,HAMIRPUR,UTTAR PRADESH,D710,HAMIRPUR,2.42
05-05-2025,25.5,79.5,HAMIRPUR,UTTAR PRADESH,D710,HAMIRPUR,2.32
06-05-2025,25.5,79.5,HAMIRPUR,UTTAR PRADESH,D710,HAMIRPUR,2.24
07-05-2025,25.5,79.5,HAMIRPUR,UTTAR PRADESH,D710,HAMIRPUR,2.11
08-05-2025,25.5,79.5,HAMIRPUR,UTTAR PRADESH,D710,HAMIRPUR,2.02
09-05-2025,25.5,79.5,HAMIRPUR,UTTAR PRADESH,D710,HAMIRPUR,1.66
10-05-2025,25.5,79.5,HAMIRPUR,UTTAR PRADESH,D710,HAMIRPUR,1.63
11-05-2025,25.5,79.5,HAMIRPUR,UTTAR PRADESH,D710,HAMIRPUR,1.75
12-05-2025,25.5,79.5,HAMIRPUR,UTTAR PRADESH,D710,HAMIRPUR,1.82
13-05-2025,25.5,79.5,HAMIRPUR,UTTAR PRADESH,D710,HAMIRPUR,2.07
14-05-2025,25.5,79.5,HAMIRPUR,UTTAR PRADESH,D710,HAMIRPUR,1.97
15-05-2025,25.5,79.5,HAMIRPUR,UTTAR PRADESH,D710,HAMIRPUR,1.99
16-05-2025,25.5,79.5,HAMIRPUR,UTTAR PRADESH,D710,HAMIRPUR,1.74
17-05-2025,25.5,79.5,HAMIRPUR,UTTAR PRADESH,D710,HAMIRPUR,2.13
18-05-2025,25.5,79.5,HAMIRPUR,UTTAR PRADESH,D710,HAMIRPUR,2.65
19-05-2025,25.5,79.5,HAMIRPUR,UTTAR PRADESH,D710,HAMIRPUR,2.88
20-05-2025,25.5,79.5,HAMIRPUR,UTTAR PRADESH,D710,HAMIRPUR,2.83
21-05-2025,25.5,79.5,HAMIRPUR,UTTAR PRADESH,D710,HAMIRPUR,2.55
22-05-2025,25.5,79.5,HAMIRPUR,UTTAR PRADESH,D710,HAMIRPUR,2.78
23-05-2025,25.5,79.5,HAMIRPUR,UTTAR PRADESH,D710,HAMIRPUR,2.61
24-05-2025,25.5,79.5,HAMIRPUR,UTTAR PRADESH,D710,HAMIRPUR,2.8
25-05-2025,25.5,79.5,HAMIRPUR,UTTAR PRADESH,D710,HAMIRPUR,2.69
26-05-2025,25.5,79.5,HAMIRPUR,UTTAR PRADESH,D710,HAMIRPUR,2.44
27-05-2025,25.5,79.5,HAMIRPUR,UTTAR PRADESH,D710,HAMIRPUR,2.43
28-05-2025,25.5,79.5,HAMIRPUR,UTTAR PRADESH,D710,HAMIRPUR,2.37
29-05-2025,25.5,79.5,HAMIRPUR,UTTAR PRADESH,D710,HAMIRPUR,2.81
30-05-2025,25.5,79.5,HAMIRPUR,UTTAR PRADESH,D710,HAMIRPUR,2.66
31-05-2025,25.5,79.5,HAMIRPUR,UTTAR PRADESH,D710,HAMIRPUR,2.68
01-06-2025,25.5,79.5,HAMIRPUR,UTTAR PRADESH,D710,HAMIRPUR,2.8
02-06-2025,25.5,79.5,HAMIRPUR,UTTAR PRADESH,D710,HAMIRPUR,2.92
03-06-2025,25.5,79.5,HAMIRPUR,UTTAR PRADESH,D710,HAMIRPUR,3.11
04-06-2025,25.5,79.5,HAMIRPUR,UTTAR PRADESH,D710,HAMIRPUR,3.67
05-06-2025,25.5,79.5,HAMIRPUR,UTTAR PRADESH,D710,HAMIRPUR,3.33
06-06-2025,25.5,79.5,HAMIRPUR,UTTAR PRADESH,D710,HAMIRPUR,2.73
07-06-2025,25.5,79.5,HAMIRPUR,UTTAR PRADESH,D710,HAMIRPUR,3.16
08-06-2025,25.5,79.5,HAMIRPUR,UTTAR PRADESH,D710,HAMIRPUR,2.99
09-06-2025,25.5,79.5,HAMIRPUR,UTTAR PRADESH,D710,HAMIRPUR,2.81
10-06-2025,25.5,79.5,HAMIRPUR,UTTAR PRADESH,D710,HAMIRPUR,3.16
11-06-2025,25.5,79.5,HAMIRPUR,UTTAR PRADESH,D710,HAMIRPUR,3.11
12-06-2025,25.5,79.5,HAMIRPUR,UTTAR PRADESH,D710,HAMIRPUR,2.65
13-06-2025,25.5,79.5,HAMIRPUR,UTTAR PRADESH,D710,HAMIRPUR,2.87
14-06-2025,25.5,79.5,HAMIRPUR,UTTAR PRADESH,D710,HAMIRPUR,2.89
15-06-2025,25.5,79.5,HAMIRPUR,UTTAR PRADESH,D710,HAMIRPUR,3.36
16-06-2025,25.5,79.5,HAMIRPUR,UTTAR PRADESH,D710,HAMIRPUR,4.03
17-06-2025,25.5,79.5,HAMIRPUR,UTTAR PRADESH,D710,HAMIRPUR,4.17
18-06-2025,25.5,79.5,HAMIRPUR,UTTAR PRADESH,D710,HAMIRPUR,3.93
19-06-2025,25.5,79.5,HAMIRPUR,UTTAR PRADESH,D710,HAMIRPUR,3.69
20-06-2025,25.5,79.5,HAMIRPUR,UTTAR PRADESH,D710,HAMIRPUR,3.83
21-06-2025,25.5,79.5,HAMIRPUR,UTTAR PRADESH,D710,HAMIRPUR,3.52
22-06-2025,25.5,79.5,HAMIRPUR,UTTAR PRADESH,D710,HAMIRPUR,3.47
23-06-2025,25.5,79.5,HAMIRPUR,UTTAR PRADESH,D710,HAMIRPUR,3.17
24-06-2025,25.5,79.5,HAMIRPUR,UTTAR PRADESH,D710,HAMIRPUR,2.68
25-06-2025,25.5,79.5,HAMIRPUR,UTTAR PRADESH,D710,HAMIRPUR,2.74
26-06-2025,25.5,79.5,HAMIRPUR,UTTAR PRADESH,D710,HAMIRPUR,2.71
27-06-2025,25.5,79.5,HAMIRPUR,UTTAR PRADESH,D710,HAMIRPUR,3.2
28-06-2025,25.5,79.5,HAMIRPUR,UTTAR PRADESH,D710,HAMIRPUR,3.41
29-06-2025,25.5,79.5,HAMIRPUR,UTTAR PRADESH,D710,HAMIRPUR,3.22
30-06-2025,25.5,79.5,HAMIRPUR,UTTAR PRADESH,D710,HAMIRPUR,3.3
01-07-2025,25.5,79.5,HAMIRPUR,UTTAR PRADESH,D710,HAMIRPUR,3.1
02-07-2025,25.5,79.5,HAMIRPUR,UTTAR PRADESH,D710,HAMIRPUR,2.85
03-07-2025,25.5,79.5,HAMIRPUR,UTTAR PRADESH,D710,HAMIRPUR,2.49
04-07-2025,25.5,79.5,HAMIRPUR,UTTAR PRADESH,D710,HAMIRPUR,2.48
05-07-2025,25.5,79.5,HAMIRPUR,UTTAR PRADESH,D710,HAMIRPUR,2.85
06-07-2025,25.5,79.5,HAMIRPUR,UTTAR PRADESH,D710,HAMIRPUR,3.2
07-07-2025,25.5,79.5,HAMIRPUR,UTTAR PRADESH,D710,HAMIRPUR,2.88
08-07-2025,25.5,79.5,HAMIRPUR,UTTAR PRADESH,D710,HAMIRPUR,2.79
09-07-2025,25.5,79.5,HAMIRPUR,UTTAR PRADESH,D710,HAMIRPUR,3.11
10-07-2025,25.5,79.5,HAMIRPUR,UTTAR PRADESH,D710,HAMIRPUR,2.77
11-07-2025,25.5,79.5,HAMIRPUR,UTTAR PRADESH,D710,HAMIRPUR,2.55
12-07-2025,25.5,79.5,HAMIRPUR,UTTAR PRADESH,D710,HAMIRPUR,2.56
13-07-2025,25.5,79.5,HAMIRPUR,UTTAR PRADESH,D710,HAMIRPUR,2.77
14-07-2025,25.5,79.5,HAMIRPUR,UTTAR PRADESH,D710,HAMIRPUR,2.48
15-07-2025,25.5,79.5,HAMIRPUR,UTTAR PRADESH,D710,HAMIRPUR,2.4
16-07-2025,25.5,79.5,HAMIRPUR,UTTAR PRADESH,D710,HAMIRPUR,2.35
17-07-2025,25.5,79.5,HAMIRPUR,UTTAR PRADESH,D710,HAMIRPUR,2.57
18-07-2025,25.5,79.5,HAMIRPUR,UTTAR PRADESH,D710,HAMIRPUR,2.25
19-07-2025,25.5,79.5,HAMIRPUR,UTTAR PRADESH,D710,HAMIRPUR,2.05
20-07-2025,25.5,79.5,HAMIRPUR,UTTAR PRADESH,D710,HAMIRPUR,1.92
21-07-2025,25.5,79.5,HAMIRPUR,UTTAR PRADESH,D710,HAMIRPUR,2.11
22-07-2025,25.5,79.5,HAMIRPUR,UTTAR PRADESH,D710,HAMIRPUR,2.18
23-07-2025,25.5,79.5,HAMIRPUR,UTTAR PRADESH,D710,HAMIRPUR,2.17
24-07-2025,25.5,79.5,HAMIRPUR,UTTAR PRADESH,D710,HAMIRPUR,2.03
25-07-2025,25.5,79.5,HAMIRPUR,UTTAR PRADESH,D710,HAMIRPUR,1.92
26-07-2025,25.5,79.5,HAMIRPUR,UTTAR PRADESH,D710,HAMIRPUR,2.06
27-07-2025,25.5,79.5,HAMIRPUR,UTTAR PRADESH,D710,HAMIRPUR,2.33
28-07-2025,25.5,79.5,HAMIRPUR,UTTAR PRADESH,D710,HAMIRPUR,2.1
29-07-2025,25.5,79.5,HAMIRPUR,UTTAR PRADESH,D710,HAMIRPUR,2.15
30-07-2025,25.5,79.5,HAMIRPUR,UTTAR PRADESH,D710,HAMIRPUR,2.13
31-07-2025,25.5,79.5,HAMIRPUR,UTTAR PRADESH,D710,HAMIRPUR,1.88
01-08-2025,25.5,79.5,HAMIRPUR,UTTAR PRADESH,D710,HAMIRPUR,1.74
02-08-2025,25.5,79.5,HAMIRPUR,UTTAR PRADESH,D710,HAMIRPUR,1.73
03-08-2025,25.5,79.5,HAMIRPUR,UTTAR PRADESH,D710,HAMIRPUR,1.75
04-08-2025,25.5,79.5,HAMIRPUR,UTTAR PRADESH,D710,HAMIRPUR,1.61
05-08-2025,25.5,79.5,HAMIRPUR,UTTAR PRADESH,D710,HAMIRPUR,1.35
06-08-2025,25.5,79.5,HAMIRPUR,UTTAR PRADESH,D710,HAMIRPUR,1.66
07-08-2025,25.5,79.5,HAMIRPUR,UTTAR PRADESH,D710,HAMIRPUR,1.75
08-08-2025,25.5,79.5,HAMIRPUR,UTTAR PRADESH,D710,HAMIRPUR,1.76
09-08-2025,25.5,79.5,HAMIRPUR,UTTAR PRADESH,D710,HAMIRPUR,1.7
10-08-2025,25.5,79.5,HAMIRPUR,UTTAR PRADESH,D710,HAMIRPUR,1.52
11-08-2025,25.5,79.5,HAMIRPUR,UTTAR PRADESH,D710,HAMIRPUR,1.45
12-08-2025,25.5,79.5,HAMIRPUR,UTTAR PRADESH,D710,HAMIRPUR,1.48
13-08-2025,25.5,79.5,HAMIRPUR,UTTAR PRADESH,D710,HAMIRPUR,1.32
14-08-2025,25.5,79.5,HAMIRPUR,UTTAR PRADESH,D710,HAMIRPUR,1.67
15-08-2025,25.5,79.5,HAMIRPUR,UTTAR PRADESH,D710,HAMIRPUR,2.05
16-08-2025,25.5,79.5,HAMIRPUR,UTTAR PRADESH,D710,HAMIRPUR,1.88
17-08-2025,25.5,79.5,HAMIRPUR,UTTAR PRADESH,D710,HAMIRPUR,1.64
18-08-2025,25.5,79.5,HAMIRPUR,UTTAR PRADESH,D710,HAMIRPUR,1.56
19-08-2025,25.5,79.5,HAMIRPUR,UTTAR PRADESH,D710,HAMIRPUR,1.87
20-08-2025,25.5,79.5,HAMIRPUR,UTTAR PRADESH,D710,HAMIRPUR,1.64
21-08-2025,25.5,79.5,HAMIRPUR,UTTAR PRADESH,D710,HAMIRPUR,1.77
22-08-2025,25.5,79.5,HAMIRPUR,UTTAR PRADESH,D710,HAMIRPUR,1.93
23-08-2025,25.5,79.5,HAMIRPUR,UTTAR PRADESH,D710,HAMIRPUR,1.7
24-08-2025,25.5,79.5,HAMIRPUR,UTTAR PRADESH,D710,HAMIRPUR,1.81
25-08-2025,25.5,79.5,HAMIRPUR,UTTAR PRADESH,D710,HAMIRPUR,1.72
26-08-2025,25.5,79.5,HAMIRPUR,UTTAR PRADESH,D710,HAMIRPUR,1.56
27-08-2025,25.5,79.5,HAMIRPUR,UTTAR PRADESH,D710,HAMIRPUR,1.34
28-08-2025,25.5,79.5,HAMIRPUR,UTTAR PRADESH,D710,HAMIRPUR,1.32
29-08-2025,25.5,79.5,HAMIRPUR,UTTAR PRADESH,D710,HAMIRPUR,1.53
30-08-2025,25.5,79.5,HAMIRPUR,UTTAR PRADESH,D710,HAMIRPUR,1.59
31-08-2025,25.5,79.5,HAMIRPUR,UTTAR PRADESH,D710,HAMIRPUR,1.74
01-09-2025,25.5,79.5,HAMIRPUR,UTTAR PRADESH,D710,HAMIRPUR,1.97
02-09-2025,25.5,79.5,HAMIRPUR,UTTAR PRADESH,D710,HAMIRPUR,2.14
03-09-2025,25.5,79.5,HAMIRPUR,UTTAR PRADESH,D710,HAMIRPUR,2.18
04-09-2025,25.5,79.5,HAMIRPUR,UTTAR PRADESH,D710,HAMIRPUR,2.13
05-09-2025,25.5,79.5,HAMIRPUR,UTTAR PRADESH,D710,HAMIRPUR,2.03
06-09-2025,25.5,79.5,HAMIRPUR,UTTAR PRADESH,D710,HAMIRPUR,1.92
07-09-2025,25.5,79.5,HAMIRPUR,UTTAR PRADESH,D710,HAMIRPUR,1.98
08-09-2025,25.5,79.5,HAMIRPUR,UTTAR PRADESH,D710,HAMIRPUR,2.24
09-09-2025,25.5,79.5,HAMIRPUR,UTTAR PRADESH,D710,HAMIRPUR,2.35
10-09-2025,25.5,79.5,HAMIRPUR,UTTAR PRADESH,D710,HAMIRPUR,2.35
11-09-2025,25.5,79.5,HAMIRPUR,UTTAR PRADESH,D710,HAMIRPUR,2.33
12-09-2025,25.5,79.5,HAMIRPUR,UTTAR PRADESH,D710,HAMIRPUR,2.33
13-09-2025,25.5,79.5,HAMIRPUR,UTTAR PRADESH,D710,HAMIRPUR,2.05
14-09-2025,25.5,79.5,HAMIRPUR,UTTAR PRADESH,D710,HAMIRPUR,1.86
15-09-2025,25.5,79.5,HAMIRPUR,UTTAR PRADESH,D710,HAMIRPUR,2.11
16-09-2025,25.5,79.5,HAMIRPUR,UTTAR PRADESH,D710,HAMIRPUR,2.23
17-09-2025,25.5,79.5,HAMIRPUR,UTTAR PRADESH,D710,HAMIRPUR,2.14
18-09-2025,25.5,79.5,HAMIRPUR,UTTAR PRADESH,D710,HAMIRPUR,2.17
19-09-2025,25.5,79.5,HAMIRPUR,UTTAR PRADESH,D710,HAMIRPUR,2.15
20-09-2025,25.5,79.5,HAMIRPUR,UTTAR PRADESH,D710,HAMIRPUR,1.9
21-09-2025,25.5,79.5,HAMIRPUR,UTTAR PRADESH,D710,HAMIRPUR,2.1
22-09-2025,25.5,79.5,HAMIRPUR,UTTAR PRADESH,D710,HAMIRPUR,2.03
23-09-2025,25.5,79.5,HAMIRPUR,UTTAR PRADESH,D710,HAMIRPUR,1.78
24-09-2025,25.5,79.5,HAMIRPUR,UTTAR PRADESH,D710,HAMIRPUR,1.87
25-09-2025,25.5,79.5,HAMIRPUR,UTTAR PRADESH,D710,HAMIRPUR,2.23
26-09-2025,25.5,79.5,HAMIRPUR,UTTAR PRADESH,D710,HAMIRPUR,1.98
27-09-2025,25.5,79.5,HAMIRPUR,UTTAR PRADESH,D710,HAMIRPUR,1.81
28-09-2025,25.5,79.5,HAMIRPUR,UTTAR PRADESH,D710,HAMIRPUR,1.94
29-09-2025,25.5,79.5,HAMIRPUR,UTTAR PRADESH,D710,HAMIRPUR,1.86
30-09-2025,25.5,79.5,HAMIRPUR,UTTAR PRADESH,D710,HAMIRPUR,1.52
01-10-2025,25.5,79.5,HAMIRPUR,UTTAR PRADESH,D710,HAMIRPUR,1.49
02-10-2025,25.5,79.5,HAMIRPUR,UTTAR PRADESH,D710,HAMIRPUR,1.92
03-10-2025,25.5,79.5,HAMIRPUR,UTTAR PRADESH,D710,HAMIRPUR,2.36
04-10-2025,25.5,79.5,HAMIRPUR,UTTAR PRADESH,D710,HAMIRPUR,2.61
05-10-2025,25.5,79.5,HAMIRPUR,UTTAR PRADESH,D710,HAMIRPUR,2.45
06-10-2025,25.5,79.5,HAMIRPUR,UTTAR PRADESH,D710,HAMIRPUR,2.53
07-10-2025,25.5,79.5,HAMIRPUR,UTTAR PRADESH,D710,HAMIRPUR,2.04
08-10-2025,25.5,79.5,HAMIRPUR,UTTAR PRADESH,D710,HAMIRPUR,1.74
09-10-2025,25.5,79.5,HAMIRPUR,UTTAR PRADESH,D710,HAMIRPUR,1.63
10-10-2025,25.5,79.5,HAMIRPUR,UTTAR PRADESH,D710,HAMIRPUR,1.64
11-10-2025,25.5,79.5,HAMIRPUR,UTTAR PRADESH,D710,HAMIRPUR,1.73
12-10-2025,25.5,79.5,HAMIRPUR,UTTAR PRADESH,D710,HAMIRPUR,1.66
13-10-2025,25.5,79.5,HAMIRPUR,UTTAR PRADESH,D710,HAMIRPUR,1.88
14-10-2025,25.5,79.5,HAMIRPUR,UTTAR PRADESH,D710,HAMIRPUR,2.44
15-10-2025,25.5,79.5,HAMIRPUR,UTTAR PRADESH,D710,HAMIRPUR,1.83
16-10-2025,25.5,79.5,HAMIRPUR,UTTAR PRADESH,D710,HAMIRPUR,1.77
17-10-2025,25.5,79.5,HAMIRPUR,UTTAR PRADESH,D710,HAMIRPUR,1.7
18-10-2025,25.5,79.5,HAMIRPUR,UTTAR PRADESH,D710,HAMIRPUR,1.79
19-10-2025,25.5,79.5,HAMIRPUR,UTTAR PRADESH,D710,HAMIRPUR,1.78
20-10-2025,25.5,79.5,HAMIRPUR,UTTAR PRADESH,D710,HAMIRPUR,1.95
21-10-2025,25.5,79.5,HAMIRPUR,UTTAR PRADESH,D710,HAMIRPUR,1.91
22-10-2025,25.5,79.5,HAMIRPUR,UTTAR PRADESH,D710,HAMIRPUR,1.69
23-10-2025,25.5,79.5,HAMIRPUR,UTTAR PRADESH,D710,HAMIRPUR,1.88
24-10-2025,25.5,79.5,HAMIRPUR,UTTAR PRADESH,D710,HAMIRPUR,2.13
25-10-2025,25.5,79.5,HAMIRPUR,UTTAR PRADESH,D710,HAMIRPUR,1.96
26-10-2025,25.5,79.5,HAMIRPUR,UTTAR PRADESH,D710,HAMIRPUR,1.89
27-10-2025,25.5,79.5,HAMIRPUR,UTTAR PRADESH,D710,HAMIRPUR,1.99
28-10-2025,25.5,79.5,HAMIRPUR,UTTAR PRADESH,D710,HAMIRPUR,2.13
29-10-2025,25.5,79.5,HAMIRPUR,UTTAR PRADESH,D710,HAMIRPUR,2.19
30-10-2025,25.5,79.5,HAMIRPUR,UTTAR PRADESH,D710,HAMIRPUR,2.26
31-10-2025,25.5,79.5,HAMIRPUR,UTTAR PRADESH,D710,HAMIRPUR,1.99
01-11-2025,25.5,79.5,HAMIRPUR,UTTAR PRADESH,D710,HAMIRPUR,1.42
02-11-2025,25.5,79.5,HAMIRPUR,UTTAR PRADESH,D710,HAMIRPUR,1.29
03-11-2025,25.5,79.5,HAMIRPUR,UTTAR PRADESH,D710,HAMIRPUR,1.39
04-11-2025,25.5,79.5,HAMIRPUR,UTTAR PRADESH,D710,HAMIRPUR,1.33
05-11-2025,25.5,79.5,HAMIRPUR,UTTAR PRADESH,D710,HAMIRPUR,1.12
06-11-2025,25.5,79.5,HAMIRPUR,UTTAR PRADESH,D710,HAMIRPUR,1.3
07-11-2025,25.5,79.5,HAMIRPUR,UTTAR PRADESH,D710,HAMIRPUR,1.35
08-11-2025,25.5,79.5,HAMIRPUR,UTTAR PRADESH,D710,HAMIRPUR,1.5
09-11-2025,25.5,79.5,HAMIRPUR,UTTAR PRADESH,D710,HAMIRPUR,1.33
10-11-2025,25.5,79.5,HAMIRPUR,UTTAR PRADESH,D710,HAMIRPUR,1.27
11-11-2025,25.5,79.5,HAMIRPUR,UTTAR PRADESH,D710,HAMIRPUR,1.37
12-11-2025,25.5,79.5,HAMIRPUR,UTTAR PRADESH,D710,HAMIRPUR,1.97
13-11-2025,25.5,79.5,HAMIRPUR,UTTAR PRADESH,D710,HAMIRPUR,1.64
14-11-2025,25.5,79.5,HAMIRPUR,UTTAR PRADESH,D710,HAMIRPUR,1.56
15-11-2025,25.5,79.5,HAMIRPUR,UTTAR PRADESH,D710,HAMIRPUR,1.58
16-11-2025,25.5,79.5,HAMIRPUR,UTTAR PRADESH,D710,HAMIRPUR,1.73
17-11-2025,25.5,79.5,HAMIRPUR,UTTAR PRADESH,D710,HAMIRPUR,1.58
18-11-2025,25.5,79.5,HAMIRPUR,UTTAR PRADESH,D710,HAMIRPUR,1.73
19-11-2025,25.5,79.5,HAMIRPUR,UTTAR PRADESH,D710,HAMIRPUR,1.87
20-11-2025,25.5,79.5,HAMIRPUR,UTTAR PRADESH,D710,HAMIRPUR,1.69
21-11-2025,25.5,79.5,HAMIRPUR,UTTAR PRADESH,D710,HAMIRPUR,1.48
22-11-2025,25.5,79.5,HAMIRPUR,UTTAR PRADESH,D710,HAMIRPUR,1.56
23-11-2025,25.5,79.5,HAMIRPUR,UTTAR PRADESH,D710,HAMIRPUR,1.64
24-11-2025,25.5,79.5,HAMIRPUR,UTTAR PRADESH,D710,HAMIRPUR,1.27
25-11-2025,25.5,79.5,HAMIRPUR,UTTAR PRADESH,D710,HAMIRPUR,1.24
26-11-2025,25.5,79.5,HAMIRPUR,UTTAR PRADESH,D710,HAMIRPUR,1.47
27-11-2025,25.5,79.5,HAMIRPUR,UTTAR PRADESH,D710,HAMIRPUR,1.69
28-11-2025,25.5,79.5,HAMIRPUR,UTTAR PRADESH,D710,HAMIRPUR,1.81
29-11-2025,25.5,79.5,HAMIRPUR,UTTAR PRADESH,D710,HAMIRPUR,1.87
30-11-2025,25.5,79.5,HAMIRPUR,UTTAR PRADESH,D710,HAMIRPUR,1.87
01-12-2025,25.5,79.5,HAMIRPUR,UTTAR PRADESH,D710,HAMIRPUR,1.71
02-12-2025,25.5,79.5,HAMIRPUR,UTTAR PRADESH,D710,HAMIRPUR,1.6
03-12-2025,25.5,79.5,HAMIRPUR,UTTAR PRADESH,D710,HAMIRPUR,1.55
04-12-2025,25.5,79.5,HAMIRPUR,UTTAR PRADESH,D710,HAMIRPUR,1.85
05-12-2025,25.5,79.5,HAMIRPUR,UTTAR PRADESH,D710,HAMIRPUR,1.8
06-12-2025,25.5,79.5,HAMIRPUR,UTTAR PRADESH,D710,HAMIRPUR,1.81
07-12-2025,25.5,79.5,HAMIRPUR,UTTAR PRADESH,D710,HAMIRPUR,1.73
08-12-2025,25.5,79.5,HAMIRPUR,UTTAR PRADESH,D710,HAMIRPUR,1.77
09-12-2025,25.5,79.5,HAMIRPUR,UTTAR PRADESH,D710,HAMIRPUR,2.23
10-12-2025,25.5,79.5,HAMIRPUR,UTTAR PRADESH,D710,HAMIRPUR,2.1
11-12-2025,25.5,79.5,HAMIRPUR,UTTAR PRADESH,D710,HAMIRPUR,1.82
12-12-2025,25.5,79.5,HAMIRPUR,UTTAR PRADESH,D710,HAMIRPUR,1.86
13-12-2025,25.5,79.5,HAMIRPUR,UTTAR PRADESH,D710,HAMIRPUR,1.88
14-12-2025,25.5,79.5,HAMIRPUR,UTTAR PRADESH,D710,HAMIRPUR,2.12
15-12-2025,25.5,79.5,HAMIRPUR,UTTAR PRADESH,D710,HAMIRPUR,2.31
16-12-2025,25.5,79.5,HAMIRPUR,UTTAR PRADESH,D710,HAMIRPUR,2.5
17-12-2025,25.5,79.5,HAMIRPUR,UTTAR PRADESH,D710,HAMIRPUR,2.49
18-12-2025,25.5,79.5,HAMIRPUR,UTTAR PRADESH,D710,HAMIRPUR,2.56
19-12-2025,25.5,79.5,HAMIRPUR,UTTAR PRADESH,D710,HAMIRPUR,2.25
20-12-2025,25.5,79.5,HAMIRPUR,UTTAR PRADESH,D710,HAMIRPUR,2.16
21-12-2025,25.5,79.5,HAMIRPUR,UTTAR PRADESH,D710,HAMIRPUR,2.51
22-12-2025,25.5,79.5,HAMIRPUR,UTTAR PRADESH,D710,HAMIRPUR,2.55
23-12-2025,25.5,79.5,HAMIRPUR,UTTAR PRADESH,D710,HAMIRPUR,2.19
24-12-2025,25.5,79.5,HAMIRPUR,UTTAR PRADESH,D710,HAMIRPUR,2.64
25-12-2025,25.5,79.5,HAMIRPUR,UTTAR PRADESH,D710,HAMIRPUR,2.4
26-12-2025,25.5,79.5,HAMIRPUR,UTTAR PRADESH,D710,HAMIRPUR,2.64
27-12-2025,25.5,79.5,HAMIRPUR,UTTAR PRADESH,D710,HAMIRPUR,3.08
28-12-2025,25.5,79.5,HAMIRPUR,UTTAR PRADESH,D710,HAMIRPUR,3.17
29-12-2025,25.5,79.5,HAMIRPUR,UTTAR PRADESH,D710,HAMIRPUR,3
30-12-2025,25.5,79.5,HAMIRPUR,UTTAR PRADESH,D710,HAMIRPUR,3.13
31-12-2025,25.5,79.5,HAMIRPUR,UTTAR PRADESH,D710,HAMIRPUR,3.07
01-01-2025,25.5,78.5,JHANSI,UTTAR PRADESH,D716,GARAUTHA,2.82
02-01-2025,25.5,78.5,JHANSI,UTTAR PRADESH,D716,GARAUTHA,3
03-01-2025,25.5,78.5,JHANSI,UTTAR PRADESH,D716,GARAUTHA,2.81
04-01-2025,25.5,78.5,JHANSI,UTTAR PRADESH,D716,GARAUTHA,2.74
05-01-2025,25.5,78.5,JHANSI,UTTAR PRADESH,D716,GARAUTHA,3.09
06-01-2025,25.5,78.5,JHANSI,UTTAR PRADESH,D716,GARAUTHA,3.63
07-01-2025,25.5,78.5,JHANSI,UTTAR PRADESH,D716,GARAUTHA,2.5
08-01-2025,25.5,78.5,JHANSI,UTTAR PRADESH,D716,GARAUTHA,2.22
09-01-2025,25.5,78.5,JHANSI,UTTAR PRADESH,D716,GARAUTHA,2.62
10-01-2025,25.5,78.5,JHANSI,UTTAR PRADESH,D716,GARAUTHA,2.75
11-01-2025,25.5,78.5,JHANSI,UTTAR PRADESH,D716,GARAUTHA,2.59
12-01-2025,25.5,78.5,JHANSI,UTTAR PRADESH,D716,GARAUTHA,2.77
13-01-2025,25.5,78.5,JHANSI,UTTAR PRADESH,D716,GARAUTHA,2.96
14-01-2025,25.5,78.5,JHANSI,UTTAR PRADESH,D716,GARAUTHA,2.74
15-01-2025,25.5,78.5,JHANSI,UTTAR PRADESH,D716,GARAUTHA,3.17
16-01-2025,25.5,78.5,JHANSI,UTTAR PRADESH,D716,GARAUTHA,3.67
17-01-2025,25.5,78.5,JHANSI,UTTAR PRADESH,D716,GARAUTHA,3.5
18-01-2025,25.5,78.5,JHANSI,UTTAR PRADESH,D716,GARAUTHA,3.55
19-01-2025,25.5,78.5,JHANSI,UTTAR PRADESH,D716,GARAUTHA,3.53
20-01-2025,25.5,78.5,JHANSI,UTTAR PRADESH,D716,GARAUTHA,3.04
21-01-2025,25.5,78.5,JHANSI,UTTAR PRADESH,D716,GARAUTHA,2.67
22-01-2025,25.5,78.5,JHANSI,UTTAR PRADESH,D716,GARAUTHA,2.98
23-01-2025,25.5,78.5,JHANSI,UTTAR PRADESH,D716,GARAUTHA,2.73
24-01-2025,25.5,78.5,JHANSI,UTTAR PRADESH,D716,GARAUTHA,2.73
25-01-2025,25.5,78.5,JHANSI,UTTAR PRADESH,D716,GARAUTHA,3.31
26-01-2025,25.5,78.5,JHANSI,UTTAR PRADESH,D716,GARAUTHA,3.03
27-01-2025,25.5,78.5,JHANSI,UTTAR PRADESH,D716,GARAUTHA,2.74
28-01-2025,25.5,78.5,JHANSI,UTTAR PRADESH,D716,GARAUTHA,2.71
29-01-2025,25.5,78.5,JHANSI,UTTAR PRADESH,D716,GARAUTHA,2.49
30-01-2025,25.5,78.5,JHANSI,UTTAR PRADESH,D716,GARAUTHA,2.81
31-01-2025,25.5,78.5,JHANSI,UTTAR PRADESH,D716,GARAUTHA,2.62
01-02-2025,25.5,78.5,JHANSI,UTTAR PRADESH,D716,GARAUTHA,2.75
02-02-2025,25.5,78.5,JHANSI,UTTAR PRADESH,D716,GARAUTHA,2.56
03-02-2025,25.5,78.5,JHANSI,UTTAR PRADESH,D716,GARAUTHA,2.39
04-02-2025,25.5,78.5,JHANSI,UTTAR PRADESH,D716,GARAUTHA,2.59
05-02-2025,25.5,78.5,JHANSI,UTTAR PRADESH,D716,GARAUTHA,2.68
06-02-2025,25.5,78.5,JHANSI,UTTAR PRADESH,D716,GARAUTHA,2.72
07-02-2025,25.5,78.5,JHANSI,UTTAR PRADESH,D716,GARAUTHA,2.58
08-02-2025,25.5,78.5,JHANSI,UTTAR PRADESH,D716,GARAUTHA,2.47
09-02-2025,25.5,78.5,JHANSI,UTTAR PRADESH,D716,GARAUTHA,2.82
10-02-2025,25.5,78.5,JHANSI,UTTAR PRADESH,D716,GARAUTHA,3.11
11-02-2025,25.5,78.5,JHANSI,UTTAR PRADESH,D716,GARAUTHA,2.78
12-02-2025,25.5,78.5,JHANSI,UTTAR PRADESH,D716,GARAUTHA,2.95
13-02-2025,25.5,78.5,JHANSI,UTTAR PRADESH,D716,GARAUTHA,3.04
14-02-2025,25.5,78.5,JHANSI,UTTAR PRADESH,D716,GARAUTHA,2.66
15-02-2025,25.5,78.5,JHANSI,UTTAR PRADESH,D716,GARAUTHA,2.67
16-02-2025,25.5,78.5,JHANSI,UTTAR PRADESH,D716,GARAUTHA,2.85
17-02-2025,25.5,78.5,JHANSI,UTTAR PRADESH,D716,GARAUTHA,2.5
18-02-2025,25.5,78.5,JHANSI,UTTAR PRADESH,D716,GARAUTHA,2.26
19-02-2025,25.5,78.5,JHANSI,UTTAR PRADESH,D716,GARAUTHA,2.44
20-02-2025,25.5,78.5,JHANSI,UTTAR PRADESH,D716,GARAUTHA,2.43
21-02-2025,25.5,78.5,JHANSI,UTTAR PRADESH,D716,GARAUTHA,2.87
22-02-2025,25.5,78.5,JHANSI,UTTAR PRADESH,D716,GARAUTHA,3.23
23-02-2025,25.5,78.5,JHANSI,UTTAR PRADESH,D716,GARAUTHA,3.11
24-02-2025,25.5,78.5,JHANSI,UTTAR PRADESH,D716,GARAUTHA,3.07
25-02-2025,25.5,78.5,JHANSI,UTTAR PRADESH,D716,GARAUTHA,2.88
26-02-2025,25.5,78.5,JHANSI,UTTAR PRADESH,D716,GARAUTHA,2.65
27-02-2025,25.5,78.5,JHANSI,UTTAR PRADESH,D716,GARAUTHA,3.09
28-02-2025,25.5,78.5,JHANSI,UTTAR PRADESH,D716,GARAUTHA,2.94
29-02-2025,25.5,78.5,JHANSI,UTTAR PRADESH,D716,GARAUTHA,2.02
01-03-2025,25.5,78.5,JHANSI,UTTAR PRADESH,D716,GARAUTHA,3.71
02-03-2025,25.5,78.5,JHANSI,UTTAR PRADESH,D716,GARAUTHA,3.32
03-03-2025,25.5,78.5,JHANSI,UTTAR PRADESH,D716,GARAUTHA,3.16
04-03-2025,25.5,78.5,JHANSI,UTTAR PRADESH,D716,GARAUTHA,2.98
05-03-2025,25.5,78.5,JHANSI,UTTAR PRADESH,D716,GARAUTHA,2.97
06-03-2025,25.5,78.5,JHANSI,UTTAR PRADESH,D716,GARAUTHA,2.67
07-03-2025,25.5,78.5,JHANSI,UTTAR PRADESH,D716,GARAUTHA,2.62
08-03-2025,25.5,78.5,JHANSI,UTTAR PRADESH,D716,GARAUTHA,2.52
09-03-2025,25.5,78.5,JHANSI,UTTAR PRADESH,D716,GARAUTHA,2.3
10-03-2025,25.5,78.5,JHANSI,UTTAR PRADESH,D716,GARAUTHA,2.96
11-03-2025,25.5,78.5,JHANSI,UTTAR PRADESH,D716,GARAUTHA,2.8
12-03-2025,25.5,78.5,JHANSI,UTTAR PRADESH,D716,GARAUTHA,2.85
13-03-2025,25.5,78.5,JHANSI,UTTAR PRADESH,D716,GARAUTHA,3.06
14-03-2025,25.5,78.5,JHANSI,UTTAR PRADESH,D716,GARAUTHA,3.24
15-03-2025,25.5,78.5,JHANSI,UTTAR PRADESH,D716,GARAUTHA,3.46
16-03-2025,25.5,78.5,JHANSI,UTTAR PRADESH,D716,GARAUTHA,2.74
17-03-2025,25.5,78.5,JHANSI,UTTAR PRADESH,D716,GARAUTHA,2.91
18-03-2025,25.5,78.5,JHANSI,UTTAR PRADESH,D716,GARAUTHA,2.75
19-03-2025,25.5,78.5,JHANSI,UTTAR PRADESH,D716,GARAUTHA,2.79
20-03-2025,25.5,78.5,JHANSI,UTTAR PRADESH,D716,GARAUTHA,2.45
21-03-2025,25.5,78.5,JHANSI,UTTAR PRADESH,D716,GARAUTHA,2.46
22-03-2025,25.5,78.5,JHANSI,UTTAR PRADESH,D716,GARAUTHA,2.31
23-03-2025,25.5,78.5,JHANSI,UTTAR PRADESH,D716,GARAUTHA,2.14
24-03-2025,25.5,78.5,JHANSI,UTTAR PRADESH,D716,GARAUTHA,2.1
25-03-2025,25.5,78.5,JHANSI,UTTAR PRADESH,D716,GARAUTHA,2.2
26-03-2025,25.5,78.5,JHANSI,UTTAR PRADESH,D716,GARAUTHA,2.38
27-03-2025,25.5,78.5,JHANSI,UTTAR PRADESH,D716,GARAUTHA,3.06
28-03-2025,25.5,78.5,JHANSI,UTTAR PRADESH,D716,GARAUTHA,2.33
29-03-2025,25.5,78.5,JHANSI,UTTAR PRADESH,D716,GARAUTHA,2.32
30-03-2025,25.5,78.5,JHANSI,UTTAR PRADESH,D716,GARAUTHA,2.54
31-03-2025,25.5,78.5,JHANSI,UTTAR PRADESH,D716,GARAUTHA,2.7
01-04-2025,25.5,78.5,JHANSI,UTTAR PRADESH,D716,GARAUTHA,2.59
02-04-2025,25.5,78.5,JHANSI,UTTAR PRADESH,D716,GARAUTHA,2.42
03-04-2025,25.5,78.5,JHANSI,UTTAR PRADESH,D716,GARAUTHA,2.6
04-04-2025,25.5,78.5,JHANSI,UTTAR PRADESH,D716,GARAUTHA,2.64
05-04-2025,25.5,78.5,JHANSI,UTTAR PRADESH,D716,GARAUTHA,2.62
06-04-2025,25.5,78.5,JHANSI,UTTAR PRADESH,D716,GARAUTHA,2.35
07-04-2025,25.5,78.5,JHANSI,UTTAR PRADESH,D716,GARAUTHA,2.29
08-04-2025,25.5,78.5,JHANSI,UTTAR PRADESH,D716,GARAUTHA,2.16
09-04-2025,25.5,78.5,JHANSI,UTTAR PRADESH,D716,GARAUTHA,2.27
10-04-2025,25.5,78.5,JHANSI,UTTAR PRADESH,D716,GARAUTHA,2.05
11-04-2025,25.5,78.5,JHANSI,UTTAR PRADESH,D716,GARAUTHA,2.01
12-04-2025,25.5,78.5,JHANSI,UTTAR PRADESH,D716,GARAUTHA,2.38
13-04-2025,25.5,78.5,JHANSI,UTTAR PRADESH,D716,GARAUTHA,2.85
14-04-2025,25.5,78.5,JHANSI,UTTAR PRADESH,D716,GARAUTHA,2.46
15-04-2025,25.5,78.5,JHANSI,UTTAR PRADESH,D716,GARAUTHA,2.37
16-04-2025,25.5,78.5,JHANSI,UTTAR PRADESH,D716,GARAUTHA,2.72
17-04-2025,25.5,78.5,JHANSI,UTTAR PRADESH,D716,GARAUTHA,2.94
18-04-2025,25.5,78.5,JHANSI,UTTAR PRADESH,D716,GARAUTHA,3.04
19-04-2025,25.5,78.5,JHANSI,UTTAR PRADESH,D716,GARAUTHA,2.76
20-04-2025,25.5,78.5,JHANSI,UTTAR PRADESH,D716,GARAUTHA,2.53
21-04-2025,25.5,78.5,JHANSI,UTTAR PRADESH,D716,GARAUTHA,2.43
22-04-2025,25.5,78.5,JHANSI,UTTAR PRADESH,D716,GARAUTHA,2.22
23-04-2025,25.5,78.5,JHANSI,UTTAR PRADESH,D716,GARAUTHA,1.88
24-04-2025,25.5,78.5,JHANSI,UTTAR PRADESH,D716,GARAUTHA,2.06
25-04-2025,25.5,78.5,JHANSI,UTTAR PRADESH,D716,GARAUTHA,2.06
26-04-2025,25.5,78.5,JHANSI,UTTAR PRADESH,D716,GARAUTHA,1.94
27-04-2025,25.5,78.5,JHANSI,UTTAR PRADESH,D716,GARAUTHA,2.09
28-04-2025,25.5,78.5,JHANSI,UTTAR PRADESH,D716,GARAUTHA,2.21
29-04-2025,25.5,78.5,JHANSI,UTTAR PRADESH,D716,GARAUTHA,2.71
30-04-2025,25.5,78.5,JHANSI,UTTAR PRADESH,D716,GARAUTHA,2.79
01-05-2025,25.5,78.5,JHANSI,UTTAR PRADESH,D716,GARAUTHA,2.71
02-05-2025,25.5,78.5,JHANSI,UTTAR PRADESH,D716,GARAUTHA,2.79
03-05-2025,25.5,78.5,JHANSI,UTTAR PRADESH,D716,GARAUTHA,2.49
04-05-2025,25.5,78.5,JHANSI,UTTAR PRADESH,D716,GARAUTHA,2.39
05-05-2025,25.5,78.5,JHANSI,UTTAR PRADESH,D716,GARAUTHA,2.36
06-05-2025,25.5,78.5,JHANSI,UTTAR PRADESH,D716,GARAUTHA,2.36
07-05-2025,25.5,78.5,JHANSI,UTTAR PRADESH,D716,GARAUTHA,2.27
08-05-2025,25.5,78.5,JHANSI,UTTAR PRADESH,D716,GARAUTHA,2.11
09-05-2025,25.5,78.5,JHANSI,UTTAR PRADESH,D716,GARAUTHA,1.88
10-05-2025,25.5,78.5,JHANSI,UTTAR PRADESH,D716,GARAUTHA,1.77
11-05-2025,25.5,78.5,JHANSI,UTTAR PRADESH,D716,GARAUTHA,1.8
12-05-2025,25.5,78.5,JHANSI,UTTAR PRADESH,D716,GARAUTHA,1.97
13-05-2025,25.5,78.5,JHANSI,UTTAR PRADESH,D716,GARAUTHA,2.2
14-05-2025,25.5,78.5,JHANSI,UTTAR PRADESH,D716,GARAUTHA,2.12
15-05-2025,25.5,78.5,JHANSI,UTTAR PRADESH,D716,GARAUTHA,2.01
16-05-2025,25.5,78.5,JHANSI,UTTAR PRADESH,D716,GARAUTHA,1.75
17-05-2025,25.5,78.5,JHANSI,UTTAR PRADESH,D716,GARAUTHA,2.29
18-05-2025,25.5,78.5,JHANSI,UTTAR PRADESH,D716,GARAUTHA,2.88
19-05-2025,25.5,78.5,JHANSI,UTTAR PRADESH,D716,GARAUTHA,2.95
20-05-2025,25.5,78.5,JHANSI,UTTAR PRADESH,D716,GARAUTHA,3.05
21-05-2025,25.5,78.5,JHANSI,UTTAR PRADESH,D716,GARAUTHA,2.6
22-05-2025,25.5,78.5,JHANSI,UTTAR PRADESH,D716,GARAUTHA,2.71
23-05-2025,25.5,78.5,JHANSI,UTTAR PRADESH,D716,GARAUTHA,2.62
24-05-2025,25.5,78.5,JHANSI,UTTAR PRADESH,D716,GARAUTHA,2.76
25-05-2025,25.5,78.5,JHANSI,UTTAR PRADESH,D716,GARAUTHA,2.55
26-05-2025,25.5,78.5,JHANSI,UTTAR PRADESH,D716,GARAUTHA,2.33
27-05-2025,25.5,78.5,JHANSI,UTTAR PRADESH,D716,GARAUTHA,2.31
28-05-2025,25.5,78.5,JHANSI,UTTAR PRADESH,D716,GARAUTHA,2.13
29-05-2025,25.5,78.5,JHANSI,UTTAR PRADESH,D716,GARAUTHA,2.66
30-05-2025,25.5,78.5,JHANSI,UTTAR PRADESH,D716,GARAUTHA,2.77
31-05-2025,25.5,78.5,JHANSI,UTTAR PRADESH,D716,GARAUTHA,2.6
01-06-2025,25.5,78.5,JHANSI,UTTAR PRADESH,D716,GARAUTHA,2.81
02-06-2025,25.5,78.5,JHANSI,UTTAR PRADESH,D716,GARAUTHA,3.16
03-06-2025,25.5,78.5,JHANSI,UTTAR PRADESH,D716,GARAUTHA,3.22
04-06-2025,25.5,78.5,JHANSI,UTTAR PRADESH,D716,GARAUTHA,3.77
05-06-2025,25.5,78.5,JHANSI,UTTAR PRADESH,D716,GARAUTHA,3.35
06-06-2025,25.5,78.5,JHANSI,UTTAR PRADESH,D716,GARAUTHA,2.82
07-06-2025,25.5,78.5,JHANSI,UTTAR PRADESH,D716,GARAUTHA,3.15
08-06-2025,25.5,78.5,JHANSI,UTTAR PRADESH,D716,GARAUTHA,3.1
09-06-2025,25.5,78.5,JHANSI,UTTAR PRADESH,D716,GARAUTHA,2.72
10-06-2025,25.5,78.5,JHANSI,UTTAR PRADESH,D716,GARAUTHA,3.03
11-06-2025,25.5,78.5,JHANSI,UTTAR PRADESH,D716,GARAUTHA,3.07
12-06-2025,25.5,78.5,JHANSI,UTTAR PRADESH,D716,GARAUTHA,2.52
13-06-2025,25.5,78.5,JHANSI,UTTAR PRADESH,D716,GARAUTHA,2.65
14-06-2025,25.5,78.5,JHANSI,UTTAR PRADESH,D716,GARAUTHA,2.57
15-06-2025,25.5,78.5,JHANSI,UTTAR PRADESH,D716,GARAUTHA,3.05
16-06-2025,25.5,78.5,JHANSI,UTTAR PRADESH,D716,GARAUTHA,3.7
17-06-2025,25.5,78.5,JHANSI,UTTAR PRADESH,D716,GARAUTHA,4.07
18-06-2025,25.5,78.5,JHANSI,UTTAR PRADESH,D716,GARAUTHA,3.75
19-06-2025,25.5,78.5,JHANSI,UTTAR PRADESH,D716,GARAUTHA,3.63
20-06-2025,25.5,78.5,JHANSI,UTTAR PRADESH,D716,GARAUTHA,3.74
21-06-2025,25.5,78.5,JHANSI,UTTAR PRADESH,D716,GARAUTHA,3.5
22-06-2025,25.5,78.5,JHANSI,UTTAR PRADESH,D716,GARAUTHA,3.58
23-06-2025,25.5,78.5,JHANSI,UTTAR PRADESH,D716,GARAUTHA,3.32
24-06-2025,25.5,78.5,JHANSI,UTTAR PRADESH,D716,GARAUTHA,2.65
25-06-2025,25.5,78.5,JHANSI,UTTAR PRADESH,D716,GARAUTHA,2.66
26-06-2025,25.5,78.5,JHANSI,UTTAR PRADESH,D716,GARAUTHA,2.83
27-06-2025,25.5,78.5,JHANSI,UTTAR PRADESH,D716,GARAUTHA,3.17
28-06-2025,25.5,78.5,JHANSI,UTTAR PRADESH,D716,GARAUTHA,3.5
29-06-2025,25.5,78.5,JHANSI,UTTAR PRADESH,D716,GARAUTHA,3.06
30-06-2025,25.5,78.5,JHANSI,UTTAR PRADESH,D716,GARAUTHA,3.16
01-07-2025,25.5,78.5,JHANSI,UTTAR PRADESH,D716,GARAUTHA,3.05
02-07-2025,25.5,78.5,JHANSI,UTTAR PRADESH,D716,GARAUTHA,2.96
03-07-2025,25.5,78.5,JHANSI,UTTAR PRADESH,D716,GARAUTHA,2.64
04-07-2025,25.5,78.5,JHANSI,UTTAR PRADESH,D716,GARAUTHA,2.67
05-07-2025,25.5,78.5,JHANSI,UTTAR PRADESH,D716,GARAUTHA,2.85
06-07-2025,25.5,78.5,JHANSI,UTTAR PRADESH,D716,GARAUTHA,3.34
07-07-2025,25.5,78.5,JHANSI,UTTAR PRADESH,D716,GARAUTHA,3.15
08-07-2025,25.5,78.5,JHANSI,UTTAR PRADESH,D716,GARAUTHA,2.98
09-07-2025,25.5,78.5,JHANSI,UTTAR PRADESH,D716,GARAUTHA,3.18
10-07-2025,25.5,78.5,JHANSI,UTTAR PRADESH,D716,GARAUTHA,2.83
11-07-2025,25.5,78.5,JHANSI,UTTAR PRADESH,D716,GARAUTHA,2.72
12-07-2025,25.5,78.5,JHANSI,UTTAR PRADESH,D716,GARAUTHA,2.69
13-07-2025,25.5,78.5,JHANSI,UTTAR PRADESH,D716,GARAUTHA,2.86
14-07-2025,25.5,78.5,JHANSI,UTTAR PRADESH,D716,GARAUTHA,2.59
15-07-2025,25.5,78.5,JHANSI,UTTAR PRADESH,D716,GARAUTHA,2.45
16-07-2025,25.5,78.5,JHANSI,UTTAR PRADESH,D716,GARAUTHA,2.52
17-07-2025,25.5,78.5,JHANSI,UTTAR PRADESH,D716,GARAUTHA,2.64
18-07-2025,25.5,78.5,JHANSI,UTTAR PRADESH,D716,GARAUTHA,2.36
19-07-2025,25.5,78.5,JHANSI,UTTAR PRADESH,D716,GARAUTHA,2.09
20-07-2025,25.5,78.5,JHANSI,UTTAR PRADESH,D716,GARAUTHA,1.95
21-07-2025,25.5,78.5,JHANSI,UTTAR PRADESH,D716,GARAUTHA,2.23
22-07-2025,25.5,78.5,JHANSI,UTTAR PRADESH,D716,GARAUTHA,2.33
23-07-2025,25.5,78.5,JHANSI,UTTAR PRADESH,D716,GARAUTHA,2.39
24-07-2025,25.5,78.5,JHANSI,UTTAR PRADESH,D716,GARAUTHA,2.25
25-07-2025,25.5,78.5,JHANSI,UTTAR PRADESH,D716,GARAUTHA,1.94
26-07-2025,25.5,78.5,JHANSI,UTTAR PRADESH,D716,GARAUTHA,2.15
27-07-2025,25.5,78.5,JHANSI,UTTAR PRADESH,D716,GARAUTHA,2.27
28-07-2025,25.5,78.5,JHANSI,UTTAR PRADESH,D716,GARAUTHA,2.19
29-07-2025,25.5,78.5,JHANSI,UTTAR PRADESH,D716,GARAUTHA,2.23
30-07-2025,25.5,78.5,JHANSI,UTTAR PRADESH,D716,GARAUTHA,2.24
31-07-2025,25.5,78.5,JHANSI,UTTAR PRADESH,D716,GARAUTHA,2.2
01-08-2025,25.5,78.5,JHANSI,UTTAR PRADESH,D716,GARAUTHA,1.82
02-08-2025,25.5,78.5,JHANSI,UTTAR PRADESH,D716,GARAUTHA,1.95
03-08-2025,25.5,78.5,JHANSI,UTTAR PRADESH,D716,GARAUTHA,1.74
04-08-2025,25.5,78.5,JHANSI,UTTAR PRADESH,D716,GARAUTHA,1.8
05-08-2025,25.5,78.5,JHANSI,UTTAR PRADESH,D716,GARAUTHA,1.32
06-08-2025,25.5,78.5,JHANSI,UTTAR PRADESH,D716,GARAUTHA,1.58
07-08-2025,25.5,78.5,JHANSI,UTTAR PRADESH,D716,GARAUTHA,1.8
08-08-2025,25.5,78.5,JHANSI,UTTAR PRADESH,D716,GARAUTHA,2.08
09-08-2025,25.5,78.5,JHANSI,UTTAR PRADESH,D716,GARAUTHA,1.93
10-08-2025,25.5,78.5,JHANSI,UTTAR PRADESH,D716,GARAUTHA,1.64
11-08-2025,25.5,78.5,JHANSI,UTTAR PRADESH,D716,GARAUTHA,1.56
12-08-2025,25.5,78.5,JHANSI,UTTAR PRADESH,D716,GARAUTHA,1.4
13-08-2025,25.5,78.5,JHANSI,UTTAR PRADESH,D716,GARAUTHA,1.35
14-08-2025,25.5,78.5,JHANSI,UTTAR PRADESH,D716,GARAUTHA,1.5
15-08-2025,25.5,78.5,JHANSI,UTTAR PRADESH,D716,GARAUTHA,1.97
16-08-2025,25.5,78.5,JHANSI,UTTAR PRADESH,D716,GARAUTHA,1.9
17-08-2025,25.5,78.5,JHANSI,UTTAR PRADESH,D716,GARAUTHA,1.64
18-08-2025,25.5,78.5,JHANSI,UTTAR PRADESH,D716,GARAUTHA,1.62
19-08-2025,25.5,78.5,JHANSI,UTTAR PRADESH,D716,GARAUTHA,1.83
20-08-2025,25.5,78.5,JHANSI,UTTAR PRADESH,D716,GARAUTHA,1.71
21-08-2025,25.5,78.5,JHANSI,UTTAR PRADESH,D716,GARAUTHA,1.85
22-08-2025,25.5,78.5,JHANSI,UTTAR PRADESH,D716,GARAUTHA,1.99
23-08-2025,25.5,78.5,JHANSI,UTTAR PRADESH,D716,GARAUTHA,1.95
24-08-2025,25.5,78.5,JHANSI,UTTAR PRADESH,D716,GARAUTHA,1.95
25-08-2025,25.5,78.5,JHANSI,UTTAR PRADESH,D716,GARAUTHA,2.02
26-08-2025,25.5,78.5,JHANSI,UTTAR PRADESH,D716,GARAUTHA,1.7
27-08-2025,25.5,78.5,JHANSI,UTTAR PRADESH,D716,GARAUTHA,1.44
28-08-2025,25.5,78.5,JHANSI,UTTAR PRADESH,D716,GARAUTHA,1.37
29-08-2025,25.5,78.5,JHANSI,UTTAR PRADESH,D716,GARAUTHA,1.5
30-08-2025,25.5,78.5,JHANSI,UTTAR PRADESH,D716,GARAUTHA,1.69
31-08-2025,25.5,78.5,JHANSI,UTTAR PRADESH,D716,GARAUTHA,1.78
01-09-2025,25.5,78.5,JHANSI,UTTAR PRADESH,D716,GARAUTHA,2.16
02-09-2025,25.5,78.5,JHANSI,UTTAR PRADESH,D716,GARAUTHA,2.11
03-09-2025,25.5,78.5,JHANSI,UTTAR PRADESH,D716,GARAUTHA,2.21
04-09-2025,25.5,78.5,JHANSI,UTTAR PRADESH,D716,GARAUTHA,2.24
05-09-2025,25.5,78.5,JHANSI,UTTAR PRADESH,D716,GARAUTHA,2.28
06-09-2025,25.5,78.5,JHANSI,UTTAR PRADESH,D716,GARAUTHA,2.05
07-09-2025,25.5,78.5,JHANSI,UTTAR PRADESH,D716,GARAUTHA,2.04
08-09-2025,25.5,78.5,JHANSI,UTTAR PRADESH,D716,GARAUTHA,2.3
09-09-2025,25.5,78.5,JHANSI,UTTAR PRADESH,D716,GARAUTHA,2.51
10-09-2025,25.5,78.5,JHANSI,UTTAR PRADESH,D716,GARAUTHA,2.46
11-09-2025,25.5,78.5,JHANSI,UTTAR PRADESH,D716,GARAUTHA,2.56
12-09-2025,25.5,78.5,JHANSI,UTTAR PRADESH,D716,GARAUTHA,2.33
13-09-2025,25.5,78.5,JHANSI,UTTAR PRADESH,D716,GARAUTHA,1.94
14-09-2025,25.5,78.5,JHANSI,UTTAR PRADESH,D716,GARAUTHA,1.87
15-09-2025,25.5,78.5,JHANSI,UTTAR PRADESH,D716,GARAUTHA,2.04
16-09-2025,25.5,78.5,JHANSI,UTTAR PRADESH,D716,GARAUTHA,2.3
17-09-2025,25.5,78.5,JHANSI,UTTAR PRADESH,D716,GARAUTHA,2.23
18-09-2025,25.5,78.5,JHANSI,UTTAR PRADESH,D716,GARAUTHA,2.37
19-09-2025,25.5,78.5,JHANSI,UTTAR PRADESH,D716,GARAUTHA,2.31
20-09-2025,25.5,78.5,JHANSI,UTTAR PRADESH,D716,GARAUTHA,2.08
21-09-2025,25.5,78.5,JHANSI,UTTAR PRADESH,D716,GARAUTHA,2.09
22-09-2025,25.5,78.5,JHANSI,UTTAR PRADESH,D716,GARAUTHA,2.23
23-09-2025,25.5,78.5,JHANSI,UTTAR PRADESH,D716,GARAUTHA,2
24-09-2025,25.5,78.5,JHANSI,UTTAR PRADESH,D716,GARAUTHA,1.82
25-09-2025,25.5,78.5,JHANSI,UTTAR PRADESH,D716,GARAUTHA,2.32
26-09-2025,25.5,78.5,JHANSI,UTTAR PRADESH,D716,GARAUTHA,2.03
27-09-2025,25.5,78.5,JHANSI,UTTAR PRADESH,D716,GARAUTHA,1.76
28-09-2025,25.5,78.5,JHANSI,UTTAR PRADESH,D716,GARAUTHA,2.04
29-09-2025,25.5,78.5,JHANSI,UTTAR PRADESH,D716,GARAUTHA,1.78
30-09-2025,25.5,78.5,JHANSI,UTTAR PRADESH,D716,GARAUTHA,1.56
01-10-2025,25.5,78.5,JHANSI,UTTAR PRADESH,D716,GARAUTHA,1.62
02-10-2025,25.5,78.5,JHANSI,UTTAR PRADESH,D716,GARAUTHA,1.87
03-10-2025,25.5,78.5,JHANSI,UTTAR PRADESH,D716,GARAUTHA,2.54
04-10-2025,25.5,78.5,JHANSI,UTTAR PRADESH,D716,GARAUTHA,2.8
05-10-2025,25.5,78.5,JHANSI,UTTAR PRADESH,D716,GARAUTHA,2.65
06-10-2025,25.5,78.5,JHANSI,UTTAR PRADESH,D716,GARAUTHA,2.74
07-10-2025,25.5,78.5,JHANSI,UTTAR PRADESH,D716,GARAUTHA,2.21
08-10-2025,25.5,78.5,JHANSI,UTTAR PRADESH,D716,GARAUTHA,1.99
09-10-2025,25.5,78.5,JHANSI,UTTAR PRADESH,D716,GARAUTHA,1.82
10-10-2025,25.5,78.5,JHANSI,UTTAR PRADESH,D716,GARAUTHA,1.79
11-10-2025,25.5,78.5,JHANSI,UTTAR PRADESH,D716,GARAUTHA,1.75
12-10-2025,25.5,78.5,JHANSI,UTTAR PRADESH,D716,GARAUTHA,1.84
13-10-2025,25.5,78.5,JHANSI,UTTAR PRADESH,D716,GARAUTHA,1.95
14-10-2025,25.5,78.5,JHANSI,UTTAR PRADESH,D716,GARAUTHA,2.35
15-10-2025,25.5,78.5,JHANSI,UTTAR PRADESH,D716,GARAUTHA,1.76
16-10-2025,25.5,78.5,JHANSI,UTTAR PRADESH,D716,GARAUTHA,1.7
17-10-2025,25.5,78.5,JHANSI,UTTAR PRADESH,D716,GARAUTHA,1.71
18-10-2025,25.5,78.5,JHANSI,UTTAR PRADESH,D716,GARAUTHA,1.77
19-10-2025,25.5,78.5,JHANSI,UTTAR PRADESH,D716,GARAUTHA,1.69
20-10-2025,25.5,78.5,JHANSI,UTTAR PRADESH,D716,GARAUTHA,1.9
21-10-2025,25.5,78.5,JHANSI,UTTAR PRADESH,D716,GARAUTHA,1.93
22-10-2025,25.5,78.5,JHANSI,UTTAR PRADESH,D716,GARAUTHA,1.73
23-10-2025,25.5,78.5,JHANSI,UTTAR PRADESH,D716,GARAUTHA,1.86
24-10-2025,25.5,78.5,JHANSI,UTTAR PRADESH,D716,GARAUTHA,2.17
25-10-2025,25.5,78.5,JHANSI,UTTAR PRADESH,D716,GARAUTHA,2.06
26-10-2025,25.5,78.5,JHANSI,UTTAR PRADESH,D716,GARAUTHA,2.01
27-10-2025,25.5,78.5,JHANSI,UTTAR PRADESH,D716,GARAUTHA,2.18
28-10-2025,25.5,78.5,JHANSI,UTTAR PRADESH,D716,GARAUTHA,2.41
29-10-2025,25.5,78.5,JHANSI,UTTAR PRADESH,D716,GARAUTHA,2.19
30-10-2025,25.5,78.5,JHANSI,UTTAR PRADESH,D716,GARAUTHA,2.37
31-10-2025,25.5,78.5,JHANSI,UTTAR PRADESH,D716,GARAUTHA,2.04
01-11-2025,25.5,78.5,JHANSI,UTTAR PRADESH,D716,GARAUTHA,1.56
02-11-2025,25.5,78.5,JHANSI,UTTAR PRADESH,D716,GARAUTHA,1.44
03-11-2025,25.5,78.5,JHANSI,UTTAR PRADESH,D716,GARAUTHA,1.55
04-11-2025,25.5,78.5,JHANSI,UTTAR PRADESH,D716,GARAUTHA,1.43
05-11-2025,25.5,78.5,JHANSI,UTTAR PRADESH,D716,GARAUTHA,1.25
06-11-2025,25.5,78.5,JHANSI,UTTAR PRADESH,D716,GARAUTHA,1.41
07-11-2025,25.5,78.5,JHANSI,UTTAR PRADESH,D716,GARAUTHA,1.5
08-11-2025,25.5,78.5,JHANSI,UTTAR PRADESH,D716,GARAUTHA,1.63
09-11-2025,25.5,78.5,JHANSI,UTTAR PRADESH,D716,GARAUTHA,1.44
10-11-2025,25.5,78.5,JHANSI,UTTAR PRADESH,D716,GARAUTHA,1.37
11-11-2025,25.5,78.5,JHANSI,UTTAR PRADESH,D716,GARAUTHA,1.5
12-11-2025,25.5,78.5,JHANSI,UTTAR PRADESH,D716,GARAUTHA,2.16
13-11-2025,25.5,78.5,JHANSI,UTTAR PRADESH,D716,GARAUTHA,1.84
14-11-2025,25.5,78.5,JHANSI,UTTAR PRADESH,D716,GARAUTHA,1.59
15-11-2025,25.5,78.5,JHANSI,UTTAR PRADESH,D716,GARAUTHA,1.62
16-11-2025,25.5,78.5,JHANSI,UTTAR PRADESH,D716,GARAUTHA,1.74
17-11-2025,25.5,78.5,JHANSI,UTTAR PRADESH,D716,GARAUTHA,1.62
18-11-2025,25.5,78.5,JHANSI,UTTAR PRADESH,D716,GARAUTHA,1.81
19-11-2025,25.5,78.5,JHANSI,UTTAR PRADESH,D716,GARAUTHA,1.98
20-11-2025,25.5,78.5,JHANSI,UTTAR PRADESH,D716,GARAUTHA,1.86
21-11-2025,25.5,78.5,JHANSI,UTTAR PRADESH,D716,GARAUTHA,1.57
22-11-2025,25.5,78.5,JHANSI,UTTAR PRADESH,D716,GARAUTHA,1.77
23-11-2025,25.5,78.5,JHANSI,UTTAR PRADESH,D716,GARAUTHA,1.93
24-11-2025,25.5,78.5,JHANSI,UTTAR PRADESH,D716,GARAUTHA,1.65
25-11-2025,25.5,78.5,JHANSI,UTTAR PRADESH,D716,GARAUTHA,1.43
26-11-2025,25.5,78.5,JHANSI,UTTAR PRADESH,D716,GARAUTHA,1.62
27-11-2025,25.5,78.5,JHANSI,UTTAR PRADESH,D716,GARAUTHA,1.7
28-11-2025,25.5,78.5,JHANSI,UTTAR PRADESH,D716,GARAUTHA,1.75
29-11-2025,25.5,78.5,JHANSI,UTTAR PRADESH,D716,GARAUTHA,1.8
30-11-2025,25.5,78.5,JHANSI,UTTAR PRADESH,D716,GARAUTHA,1.87
01-12-2025,25.5,78.5,JHANSI,UTTAR PRADESH,D716,GARAUTHA,1.71
02-12-2025,25.5,78.5,JHANSI,UTTAR PRADESH,D716,GARAUTHA,1.79
03-12-2025,25.5,78.5,JHANSI,UTTAR PRADESH,D716,GARAUTHA,1.79
04-12-2025,25.5,78.5,JHANSI,UTTAR PRADESH,D716,GARAUTHA,2.13
05-12-2025,25.5,78.5,JHANSI,UTTAR PRADESH,D716,GARAUTHA,2.15
06-12-2025,25.5,78.5,JHANSI,UTTAR PRADESH,D716,GARAUTHA,2.08
07-12-2025,25.5,78.5,JHANSI,UTTAR PRADESH,D716,GARAUTHA,1.93
08-12-2025,25.5,78.5,JHANSI,UTTAR PRADESH,D716,GARAUTHA,1.91
09-12-2025,25.5,78.5,JHANSI,UTTAR PRADESH,D716,GARAUTHA,2.36
10-12-2025,25.5,78.5,JHANSI,UTTAR PRADESH,D716,GARAUTHA,2.25
11-12-2025,25.5,78.5,JHANSI,UTTAR PRADESH,D716,GARAUTHA,1.9
12-12-2025,25.5,78.5,JHANSI,UTTAR PRADESH,D716,GARAUTHA,1.99
13-12-2025,25.5,78.5,JHANSI,UTTAR PRADESH,D716,GARAUTHA,1.9
14-12-2025,25.5,78.5,JHANSI,UTTAR PRADESH,D716,GARAUTHA,2.3
15-12-2025,25.5,78.5,JHANSI,UTTAR PRADESH,D716,GARAUTHA,2.46
16-12-2025,25.5,78.5,JHANSI,UTTAR PRADESH,D716,GARAUTHA,2.73
17-12-2025,25.5,78.5,JHANSI,UTTAR PRADESH,D716,GARAUTHA,2.76
18-12-2025,25.5,78.5,JHANSI,UTTAR PRADESH,D716,GARAUTHA,2.67
19-12-2025,25.5,78.5,JHANSI,UTTAR PRADESH,D716,GARAUTHA,2.28
20-12-2025,25.5,78.5,JHANSI,UTTAR PRADESH,D716,GARAUTHA,2.08
21-12-2025,25.5,78.5,JHANSI,UTTAR PRADESH,D716,GARAUTHA,2.35
22-12-2025,25.5,78.5,JHANSI,UTTAR PRADESH,D716,GARAUTHA,2.36
23-12-2025,25.5,78.5,JHANSI,UTTAR PRADESH,D716,GARAUTHA,2.23
24-12-2025,25.5,78.5,JHANSI,UTTAR PRADESH,D716,GARAUTHA,2.51
25-12-2025,25.5,78.5,JHANSI,UTTAR PRADESH,D716,GARAUTHA,2.24
26-12-2025,25.5,78.5,JHANSI,UTTAR PRADESH,D716,GARAUTHA,2.43
27-12-2025,25.5,78.5,JHANSI,UTTAR PRADESH,D716,GARAUTHA,2.93
28-12-2025,25.5,78.5,JHANSI,UTTAR PRADESH,D716,GARAUTHA,3.08
29-12-2025,25.5,78.5,JHANSI,UTTAR PRADESH,D716,GARAUTHA,2.96
30-12-2025,25.5,78.5,JHANSI,UTTAR PRADESH,D716,GARAUTHA,2.99
31-12-2025,25.5,78.5,JHANSI,UTTAR PRADESH,D716,GARAUTHA,3.14
01-01-2025,25.5,81.5,KAUSHAMBI,UTTAR PRADESH,D721,CHAIL,2.94
02-01-2025,25.5,81.5,KAUSHAMBI,UTTAR PRADESH,D721,CHAIL,2.94
03-01-2025,25.5,81.5,KAUSHAMBI,UTTAR PRADESH,D721,CHAIL,3.16
04-01-2025,25.5,81.5,KAUSHAMBI,UTTAR PRADESH,D721,CHAIL,2.94
05-01-2025,25.5,81.5,KAUSHAMBI,UTTAR PRADESH,D721,CHAIL,3.42
06-01-2025,25.5,81.5,KAUSHAMBI,UTTAR PRADESH,D721,CHAIL,3.49
07-01-2025,25.5,81.5,KAUSHAMBI,UTTAR PRADESH,D721,CHAIL,3.43
08-01-2025,25.5,81.5,KAUSHAMBI,UTTAR PRADESH,D721,CHAIL,2.97
09-01-2025,25.5,81.5,KAUSHAMBI,UTTAR PRADESH,D721,CHAIL,2.93
10-01-2025,25.5,81.5,KAUSHAMBI,UTTAR PRADESH,D721,CHAIL,3.04
11-01-2025,25.5,81.5,KAUSHAMBI,UTTAR PRADESH,D721,CHAIL,2.86
12-01-2025,25.5,81.5,KAUSHAMBI,UTTAR PRADESH,D721,CHAIL,2.83
13-01-2025,25.5,81.5,KAUSHAMBI,UTTAR PRADESH,D721,CHAIL,3.22
14-01-2025,25.5,81.5,KAUSHAMBI,UTTAR PRADESH,D721,CHAIL,2.95
15-01-2025,25.5,81.5,KAUSHAMBI,UTTAR PRADESH,D721,CHAIL,3.25
16-01-2025,25.5,81.5,KAUSHAMBI,UTTAR PRADESH,D721,CHAIL,3.48
17-01-2025,25.5,81.5,KAUSHAMBI,UTTAR PRADESH,D721,CHAIL,3.25
18-01-2025,25.5,81.5,KAUSHAMBI,UTTAR PRADESH,D721,CHAIL,3.71
19-01-2025,25.5,81.5,KAUSHAMBI,UTTAR PRADESH,D721,CHAIL,3.58
20-01-2025,25.5,81.5,KAUSHAMBI,UTTAR PRADESH,D721,CHAIL,3.04
21-01-2025,25.5,81.5,KAUSHAMBI,UTTAR PRADESH,D721,CHAIL,2.9
22-01-2025,25.5,81.5,KAUSHAMBI,UTTAR PRADESH,D721,CHAIL,2.78
23-01-2025,25.5,81.5,KAUSHAMBI,UTTAR PRADESH,D721,CHAIL,2.78
24-01-2025,25.5,81.5,KAUSHAMBI,UTTAR PRADESH,D721,CHAIL,2.68
25-01-2025,25.5,81.5,KAUSHAMBI,UTTAR PRADESH,D721,CHAIL,2.61
26-01-2025,25.5,81.5,KAUSHAMBI,UTTAR PRADESH,D721,CHAIL,2.97
27-01-2025,25.5,81.5,KAUSHAMBI,UTTAR PRADESH,D721,CHAIL,2.6
28-01-2025,25.5,81.5,KAUSHAMBI,UTTAR PRADESH,D721,CHAIL,2.23
29-01-2025,25.5,81.5,KAUSHAMBI,UTTAR PRADESH,D721,CHAIL,2.32
30-01-2025,25.5,81.5,KAUSHAMBI,UTTAR PRADESH,D721,CHAIL,2.48
31-01-2025,25.5,81.5,KAUSHAMBI,UTTAR PRADESH,D721,CHAIL,2.54
01-02-2025,25.5,81.5,KAUSHAMBI,UTTAR PRADESH,D721,CHAIL,2.55
02-02-2025,25.5,81.5,KAUSHAMBI,UTTAR PRADESH,D721,CHAIL,2.43
03-02-2025,25.5,81.5,KAUSHAMBI,UTTAR PRADESH,D721,CHAIL,2.09
04-02-2025,25.5,81.5,KAUSHAMBI,UTTAR PRADESH,D721,CHAIL,2.35
05-02-2025,25.5,81.5,KAUSHAMBI,UTTAR PRADESH,D721,CHAIL,2.23
06-02-2025,25.5,81.5,KAUSHAMBI,UTTAR PRADESH,D721,CHAIL,2.2
07-02-2025,25.5,81.5,KAUSHAMBI,UTTAR PRADESH,D721,CHAIL,2.24
08-02-2025,25.5,81.5,KAUSHAMBI,UTTAR PRADESH,D721,CHAIL,2.19
09-02-2025,25.5,81.5,KAUSHAMBI,UTTAR PRADESH,D721,CHAIL,2.12
10-02-2025,25.5,81.5,KAUSHAMBI,UTTAR PRADESH,D721,CHAIL,2.56
11-02-2025,25.5,81.5,KAUSHAMBI,UTTAR PRADESH,D721,CHAIL,2.54
12-02-2025,25.5,81.5,KAUSHAMBI,UTTAR PRADESH,D721,CHAIL,2.46
13-02-2025,25.5,81.5,KAUSHAMBI,UTTAR PRADESH,D721,CHAIL,2.72
14-02-2025,25.5,81.5,KAUSHAMBI,UTTAR PRADESH,D721,CHAIL,2.55
15-02-2025,25.5,81.5,KAUSHAMBI,UTTAR PRADESH,D721,CHAIL,2.58
16-02-2025,25.5,81.5,KAUSHAMBI,UTTAR PRADESH,D721,CHAIL,2.83
17-02-2025,25.5,81.5,KAUSHAMBI,UTTAR PRADESH,D721,CHAIL,2.3
18-02-2025,25.5,81.5,KAUSHAMBI,UTTAR PRADESH,D721,CHAIL,2.12
19-02-2025,25.5,81.5,KAUSHAMBI,UTTAR PRADESH,D721,CHAIL,2.11
20-02-2025,25.5,81.5,KAUSHAMBI,UTTAR PRADESH,D721,CHAIL,2.05
21-02-2025,25.5,81.5,KAUSHAMBI,UTTAR PRADESH,D721,CHAIL,2.39
22-02-2025,25.5,81.5,KAUSHAMBI,UTTAR PRADESH,D721,CHAIL,2.84
23-02-2025,25.5,81.5,KAUSHAMBI,UTTAR PRADESH,D721,CHAIL,2.64
24-02-2025,25.5,81.5,KAUSHAMBI,UTTAR PRADESH,D721,CHAIL,2.8
25-02-2025,25.5,81.5,KAUSHAMBI,UTTAR PRADESH,D721,CHAIL,2.74
26-02-2025,25.5,81.5,KAUSHAMBI,UTTAR PRADESH,D721,CHAIL,2.27
27-02-2025,25.5,81.5,KAUSHAMBI,UTTAR PRADESH,D721,CHAIL,2.71
28-02-2025,25.5,81.5,KAUSHAMBI,UTTAR PRADESH,D721,CHAIL,2.55
29-02-2025,25.5,81.5,KAUSHAMBI,UTTAR PRADESH,D721,CHAIL,1.66
01-03-2025,25.5,81.5,KAUSHAMBI,UTTAR PRADESH,D721,CHAIL,3.19
02-03-2025,25.5,81.5,KAUSHAMBI,UTTAR PRADESH,D721,CHAIL,2.81
03-03-2025,25.5,81.5,KAUSHAMBI,UTTAR PRADESH,D721,CHAIL,2.83
04-03-2025,25.5,81.5,KAUSHAMBI,UTTAR PRADESH,D721,CHAIL,2.89
05-03-2025,25.5,81.5,KAUSHAMBI,UTTAR PRADESH,D721,CHAIL,2.79
06-03-2025,25.5,81.5,KAUSHAMBI,UTTAR PRADESH,D721,CHAIL,2.18
07-03-2025,25.5,81.5,KAUSHAMBI,UTTAR PRADESH,D721,CHAIL,2.42
08-03-2025,25.5,81.5,KAUSHAMBI,UTTAR PRADESH,D721,CHAIL,2.19
09-03-2025,25.5,81.5,KAUSHAMBI,UTTAR PRADESH,D721,CHAIL,2
10-03-2025,25.5,81.5,KAUSHAMBI,UTTAR PRADESH,D721,CHAIL,2.85
11-03-2025,25.5,81.5,KAUSHAMBI,UTTAR PRADESH,D721,CHAIL,2.34
12-03-2025,25.5,81.5,KAUSHAMBI,UTTAR PRADESH,D721,CHAIL,2.42
13-03-2025,25.5,81.5,KAUSHAMBI,UTTAR PRADESH,D721,CHAIL,2.6
14-03-2025,25.5,81.5,KAUSHAMBI,UTTAR PRADESH,D721,CHAIL,2.79
15-03-2025,25.5,81.5,KAUSHAMBI,UTTAR PRADESH,D721,CHAIL,3.17
16-03-2025,25.5,81.5,KAUSHAMBI,UTTAR PRADESH,D721,CHAIL,2.41
17-03-2025,25.5,81.5,KAUSHAMBI,UTTAR PRADESH,D721,CHAIL,2.59
18-03-2025,25.5,81.5,KAUSHAMBI,UTTAR PRADESH,D721,CHAIL,2.42
19-03-2025,25.5,81.5,KAUSHAMBI,UTTAR PRADESH,D721,CHAIL,2.58
20-03-2025,25.5,81.5,KAUSHAMBI,UTTAR PRADESH,D721,CHAIL,2.47
21-03-2025,25.5,81.5,KAUSHAMBI,UTTAR PRADESH,D721,CHAIL,2.44
22-03-2025,25.5,81.5,KAUSHAMBI,UTTAR PRADESH,D721,CHAIL,2.18
23-03-2025,25.5,81.5,KAUSHAMBI,UTTAR PRADESH,D721,CHAIL,1.97
24-03-2025,25.5,81.5,KAUSHAMBI,UTTAR PRADESH,D721,CHAIL,2.05
25-03-2025,25.5,81.5,KAUSHAMBI,UTTAR PRADESH,D721,CHAIL,2.04
26-03-2025,25.5,81.5,KAUSHAMBI,UTTAR PRADESH,D721,CHAIL,2.31
27-03-2025,25.5,81.5,KAUSHAMBI,UTTAR PRADESH,D721,CHAIL,2.48
28-03-2025,25.5,81.5,KAUSHAMBI,UTTAR PRADESH,D721,CHAIL,1.96
29-03-2025,25.5,81.5,KAUSHAMBI,UTTAR PRADESH,D721,CHAIL,1.91
30-03-2025,25.5,81.5,KAUSHAMBI,UTTAR PRADESH,D721,CHAIL,2.5
31-03-2025,25.5,81.5,KAUSHAMBI,UTTAR PRADESH,D721,CHAIL,2.56
01-04-2025,25.5,81.5,KAUSHAMBI,UTTAR PRADESH,D721,CHAIL,2.52
02-04-2025,25.5,81.5,KAUSHAMBI,UTTAR PRADESH,D721,CHAIL,2.13
03-04-2025,25.5,81.5,KAUSHAMBI,UTTAR PRADESH,D721,CHAIL,2.38
04-04-2025,25.5,81.5,KAUSHAMBI,UTTAR PRADESH,D721,CHAIL,2.45
05-04-2025,25.5,81.5,KAUSHAMBI,UTTAR PRADESH,D721,CHAIL,2.35
06-04-2025,25.5,81.5,KAUSHAMBI,UTTAR PRADESH,D721,CHAIL,2.14
07-04-2025,25.5,81.5,KAUSHAMBI,UTTAR PRADESH,D721,CHAIL,2.02
08-04-2025,25.5,81.5,KAUSHAMBI,UTTAR PRADESH,D721,CHAIL,2.02
09-04-2025,25.5,81.5,KAUSHAMBI,UTTAR PRADESH,D721,CHAIL,1.98
10-04-2025,25.5,81.5,KAUSHAMBI,UTTAR PRADESH,D721,CHAIL,2.05
11-04-2025,25.5,81.5,KAUSHAMBI,UTTAR PRADESH,D721,CHAIL,1.95
12-04-2025,25.5,81.5,KAUSHAMBI,UTTAR PRADESH,D721,CHAIL,2.39
13-04-2025,25.5,81.5,KAUSHAMBI,UTTAR PRADESH,D721,CHAIL,2.52
14-04-2025,25.5,81.5,KAUSHAMBI,UTTAR PRADESH,D721,CHAIL,2.45
15-04-2025,25.5,81.5,KAUSHAMBI,UTTAR PRADESH,D721,CHAIL,2.37
16-04-2025,25.5,81.5,KAUSHAMBI,UTTAR PRADESH,D721,CHAIL,2.45
17-04-2025,25.5,81.5,KAUSHAMBI,UTTAR PRADESH,D721,CHAIL,2.76
18-04-2025,25.5,81.5,KAUSHAMBI,UTTAR PRADESH,D721,CHAIL,2.67
19-04-2025,25.5,81.5,KAUSHAMBI,UTTAR PRADESH,D721,CHAIL,2.71
20-04-2025,25.5,81.5,KAUSHAMBI,UTTAR PRADESH,D721,CHAIL,2.41
21-04-2025,25.5,81.5,KAUSHAMBI,UTTAR PRADESH,D721,CHAIL,2.79
22-04-2025,25.5,81.5,KAUSHAMBI,UTTAR PRADESH,D721,CHAIL,2.32
23-04-2025,25.5,81.5,KAUSHAMBI,UTTAR PRADESH,D721,CHAIL,1.92
24-04-2025,25.5,81.5,KAUSHAMBI,UTTAR PRADESH,D721,CHAIL,2.21
25-04-2025,25.5,81.5,KAUSHAMBI,UTTAR PRADESH,D721,CHAIL,2.37
26-04-2025,25.5,81.5,KAUSHAMBI,UTTAR PRADESH,D721,CHAIL,2.71
27-04-2025,25.5,81.5,KAUSHAMBI,UTTAR PRADESH,D721,CHAIL,2.35
28-04-2025,25.5,81.5,KAUSHAMBI,UTTAR PRADESH,D721,CHAIL,2.29
29-04-2025,25.5,81.5,KAUSHAMBI,UTTAR PRADESH,D721,CHAIL,2.43
30-04-2025,25.5,81.5,KAUSHAMBI,UTTAR PRADESH,D721,CHAIL,2.96
01-05-2025,25.5,81.5,KAUSHAMBI,UTTAR PRADESH,D721,CHAIL,2.87
02-05-2025,25.5,81.5,KAUSHAMBI,UTTAR PRADESH,D721,CHAIL,2.55
03-05-2025,25.5,81.5,KAUSHAMBI,UTTAR PRADESH,D721,CHAIL,2.34
04-05-2025,25.5,81.5,KAUSHAMBI,UTTAR PRADESH,D721,CHAIL,2.23
05-05-2025,25.5,81.5,KAUSHAMBI,UTTAR PRADESH,D721,CHAIL,2.31
06-05-2025,25.5,81.5,KAUSHAMBI,UTTAR PRADESH,D721,CHAIL,2.14
07-05-2025,25.5,81.5,KAUSHAMBI,UTTAR PRADESH,D721,CHAIL,2.2
08-05-2025,25.5,81.5,KAUSHAMBI,UTTAR PRADESH,D721,CHAIL,1.94
09-05-2025,25.5,81.5,KAUSHAMBI,UTTAR PRADESH,D721,CHAIL,1.62
10-05-2025,25.5,81.5,KAUSHAMBI,UTTAR PRADESH,D721,CHAIL,1.92
11-05-2025,25.5,81.5,KAUSHAMBI,UTTAR PRADESH,D721,CHAIL,1.84
12-05-2025,25.5,81.5,KAUSHAMBI,UTTAR PRADESH,D721,CHAIL,1.94
13-05-2025,25.5,81.5,KAUSHAMBI,UTTAR PRADESH,D721,CHAIL,2.09
14-05-2025,25.5,81.5,KAUSHAMBI,UTTAR PRADESH,D721,CHAIL,1.92
15-05-2025,25.5,81.5,KAUSHAMBI,UTTAR PRADESH,D721,CHAIL,2.17
16-05-2025,25.5,81.5,KAUSHAMBI,UTTAR PRADESH,D721,CHAIL,1.93
17-05-2025,25.5,81.5,KAUSHAMBI,UTTAR PRADESH,D721,CHAIL,1.94
18-05-2025,25.5,81.5,KAUSHAMBI,UTTAR PRADESH,D721,CHAIL,2.34
19-05-2025,25.5,81.5,KAUSHAMBI,UTTAR PRADESH,D721,CHAIL,2.8
20-05-2025,25.5,81.5,KAUSHAMBI,UTTAR PRADESH,D721,CHAIL,2.7
21-05-2025,25.5,81.5,KAUSHAMBI,UTTAR PRADESH,D721,CHAIL,2.59
22-05-2025,25.5,81.5,KAUSHAMBI,UTTAR PRADESH,D721,CHAIL,2.79
23-05-2025,25.5,81.5,KAUSHAMBI,UTTAR PRADESH,D721,CHAIL,2.64
24-05-2025,25.5,81.5,KAUSHAMBI,UTTAR PRADESH,D721,CHAIL,2.89
25-05-2025,25.5,81.5,KAUSHAMBI,UTTAR PRADESH,D721,CHAIL,2.91
26-05-2025,25.5,81.5,KAUSHAMBI,UTTAR PRADESH,D721,CHAIL,2.71
27-05-2025,25.5,81.5,KAUSHAMBI,UTTAR PRADESH,D721,CHAIL,2.77
28-05-2025,25.5,81.5,KAUSHAMBI,UTTAR PRADESH,D721,CHAIL,3.03
29-05-2025,25.5,81.5,KAUSHAMBI,UTTAR PRADESH,D721,CHAIL,3.22
30-05-2025,25.5,81.5,KAUSHAMBI,UTTAR PRADESH,D721,CHAIL,2.82
31-05-2025,25.5,81.5,KAUSHAMBI,UTTAR PRADESH,D721,CHAIL,2.79
01-06-2025,25.5,81.5,KAUSHAMBI,UTTAR PRADESH,D721,CHAIL,2.71
02-06-2025,25.5,81.5,KAUSHAMBI,UTTAR PRADESH,D721,CHAIL,2.73
03-06-2025,25.5,81.5,KAUSHAMBI,UTTAR PRADESH,D721,CHAIL,2.96
04-06-2025,25.5,81.5,KAUSHAMBI,UTTAR PRADESH,D721,CHAIL,3.37
05-06-2025,25.5,81.5,KAUSHAMBI,UTTAR PRADESH,D721,CHAIL,3.29
06-06-2025,25.5,81.5,KAUSHAMBI,UTTAR PRADESH,D721,CHAIL,3.07
07-06-2025,25.5,81.5,KAUSHAMBI,UTTAR PRADESH,D721,CHAIL,3.19
08-06-2025,25.5,81.5,KAUSHAMBI,UTTAR PRADESH,D721,CHAIL,3
09-06-2025,25.5,81.5,KAUSHAMBI,UTTAR PRADESH,D721,CHAIL,2.92
10-06-2025,25.5,81.5,KAUSHAMBI,UTTAR PRADESH,D721,CHAIL,3.17
11-06-2025,25.5,81.5,KAUSHAMBI,UTTAR PRADESH,D721,CHAIL,3.11
12-06-2025,25.5,81.5,KAUSHAMBI,UTTAR PRADESH,D721,CHAIL,2.97
13-06-2025,25.5,81.5,KAUSHAMBI,UTTAR PRADESH,D721,CHAIL,3.1
14-06-2025,25.5,81.5,KAUSHAMBI,UTTAR PRADESH,D721,CHAIL,3.6
15-06-2025,25.5,81.5,KAUSHAMBI,UTTAR PRADESH,D721,CHAIL,3.88
16-06-2025,25.5,81.5,KAUSHAMBI,UTTAR PRADESH,D721,CHAIL,4.17
17-06-2025,25.5,81.5,KAUSHAMBI,UTTAR PRADESH,D721,CHAIL,4.22
18-06-2025,25.5,81.5,KAUSHAMBI,UTTAR PRADESH,D721,CHAIL,4.09
19-06-2025,25.5,81.5,KAUSHAMBI,UTTAR PRADESH,D721,CHAIL,4
20-06-2025,25.5,81.5,KAUSHAMBI,UTTAR PRADESH,D721,CHAIL,3.9
21-06-2025,25.5,81.5,KAUSHAMBI,UTTAR PRADESH,D721,CHAIL,3.38
22-06-2025,25.5,81.5,KAUSHAMBI,UTTAR PRADESH,D721,CHAIL,3.32
23-06-2025,25.5,81.5,KAUSHAMBI,UTTAR PRADESH,D721,CHAIL,2.95
24-06-2025,25.5,81.5,KAUSHAMBI,UTTAR PRADESH,D721,CHAIL,2.46
25-06-2025,25.5,81.5,KAUSHAMBI,UTTAR PRADESH,D721,CHAIL,2.68
26-06-2025,25.5,81.5,KAUSHAMBI,UTTAR PRADESH,D721,CHAIL,2.51
27-06-2025,25.5,81.5,KAUSHAMBI,UTTAR PRADESH,D721,CHAIL,2.93
28-06-2025,25.5,81.5,KAUSHAMBI,UTTAR PRADESH,D721,CHAIL,3.1
29-06-2025,25.5,81.5,KAUSHAMBI,UTTAR PRADESH,D721,CHAIL,3.25
30-06-2025,25.5,81.5,KAUSHAMBI,UTTAR PRADESH,D721,CHAIL,3.2
01-07-2025,25.5,81.5,KAUSHAMBI,UTTAR PRADESH,D721,CHAIL,2.79
02-07-2025,25.5,81.5,KAUSHAMBI,UTTAR PRADESH,D721,CHAIL,2.51
03-07-2025,25.5,81.5,KAUSHAMBI,UTTAR PRADESH,D721,CHAIL,2.16
04-07-2025,25.5,81.5,KAUSHAMBI,UTTAR PRADESH,D721,CHAIL,2.16
05-07-2025,25.5,81.5,KAUSHAMBI,UTTAR PRADESH,D721,CHAIL,2.74
06-07-2025,25.5,81.5,KAUSHAMBI,UTTAR PRADESH,D721,CHAIL,2.89
07-07-2025,25.5,81.5,KAUSHAMBI,UTTAR PRADESH,D721,CHAIL,2.45
08-07-2025,25.5,81.5,KAUSHAMBI,UTTAR PRADESH,D721,CHAIL,2.48
09-07-2025,25.5,81.5,KAUSHAMBI,UTTAR PRADESH,D721,CHAIL,2.75
10-07-2025,25.5,81.5,KAUSHAMBI,UTTAR PRADESH,D721,CHAIL,2.61
11-07-2025,25.5,81.5,KAUSHAMBI,UTTAR PRADESH,D721,CHAIL,2.37
12-07-2025,25.5,81.5,KAUSHAMBI,UTTAR PRADESH,D721,CHAIL,2.43
13-07-2025,25.5,81.5,KAUSHAMBI,UTTAR PRADESH,D721,CHAIL,2.31
14-07-2025,25.5,81.5,KAUSHAMBI,UTTAR PRADESH,D721,CHAIL,2.29
15-07-2025,25.5,81.5,KAUSHAMBI,UTTAR PRADESH,D721,CHAIL,2.14
16-07-2025,25.5,81.5,KAUSHAMBI,UTTAR PRADESH,D721,CHAIL,2.04
17-07-2025,25.5,81.5,KAUSHAMBI,UTTAR PRADESH,D721,CHAIL,2.3
18-07-2025,25.5,81.5,KAUSHAMBI,UTTAR PRADESH,D721,CHAIL,2.13
19-07-2025,25.5,81.5,KAUSHAMBI,UTTAR PRADESH,D721,CHAIL,1.86
20-07-2025,25.5,81.5,KAUSHAMBI,UTTAR PRADESH,D721,CHAIL,1.79
21-07-2025,25.5,81.5,KAUSHAMBI,UTTAR PRADESH,D721,CHAIL,1.82
22-07-2025,25.5,81.5,KAUSHAMBI,UTTAR PRADESH,D721,CHAIL,1.63
23-07-2025,25.5,81.5,KAUSHAMBI,UTTAR PRADESH,D721,CHAIL,1.88
24-07-2025,25.5,81.5,KAUSHAMBI,UTTAR PRADESH,D721,CHAIL,1.9
25-07-2025,25.5,81.5,KAUSHAMBI,UTTAR PRADESH,D721,CHAIL,1.79
26-07-2025,25.5,81.5,KAUSHAMBI,UTTAR PRADESH,D721,CHAIL,1.85
27-07-2025,25.5,81.5,KAUSHAMBI,UTTAR PRADESH,D721,CHAIL,2.21
28-07-2025,25.5,81.5,KAUSHAMBI,UTTAR PRADESH,D721,CHAIL,1.91
29-07-2025,25.5,81.5,KAUSHAMBI,UTTAR PRADESH,D721,CHAIL,1.91
30-07-2025,25.5,81.5,KAUSHAMBI,UTTAR PRADESH,D721,CHAIL,1.78
31-07-2025,25.5,81.5,KAUSHAMBI,UTTAR PRADESH,D721,CHAIL,1.6
01-08-2025,25.5,81.5,KAUSHAMBI,UTTAR PRADESH,D721,CHAIL,1.65
02-08-2025,25.5,81.5,KAUSHAMBI,UTTAR PRADESH,D721,CHAIL,1.45
03-08-2025,25.5,81.5,KAUSHAMBI,UTTAR PRADESH,D721,CHAIL,1.78
04-08-2025,25.5,81.5,KAUSHAMBI,UTTAR PRADESH,D721,CHAIL,1.52
05-08-2025,25.5,81.5,KAUSHAMBI,UTTAR PRADESH,D721,CHAIL,1.46
06-08-2025,25.5,81.5,KAUSHAMBI,UTTAR PRADESH,D721,CHAIL,1.56
07-08-2025,25.5,81.5,KAUSHAMBI,UTTAR PRADESH,D721,CHAIL,1.47
08-08-2025,25.5,81.5,KAUSHAMBI,UTTAR PRADESH,D721,CHAIL,1.49
09-08-2025,25.5,81.5,KAUSHAMBI,UTTAR PRADESH,D721,CHAIL,1.56
10-08-2025,25.5,81.5,KAUSHAMBI,UTTAR PRADESH,D721,CHAIL,1.46
11-08-2025,25.5,81.5,KAUSHAMBI,UTTAR PRADESH,D721,CHAIL,1.34
12-08-2025,25.5,81.5,KAUSHAMBI,UTTAR PRADESH,D721,CHAIL,1.7
13-08-2025,25.5,81.5,KAUSHAMBI,UTTAR PRADESH,D721,CHAIL,1.52
14-08-2025,25.5,81.5,KAUSHAMBI,UTTAR PRADESH,D721,CHAIL,1.66
15-08-2025,25.5,81.5,KAUSHAMBI,UTTAR PRADESH,D721,CHAIL,1.77
16-08-2025,25.5,81.5,KAUSHAMBI,UTTAR PRADESH,D721,CHAIL,1.62
17-08-2025,25.5,81.5,KAUSHAMBI,UTTAR PRADESH,D721,CHAIL,1.51
18-08-2025,25.5,81.5,KAUSHAMBI,UTTAR PRADESH,D721,CHAIL,1.55
19-08-2025,25.5,81.5,KAUSHAMBI,UTTAR PRADESH,D721,CHAIL,1.67
20-08-2025,25.5,81.5,KAUSHAMBI,UTTAR PRADESH,D721,CHAIL,1.37
21-08-2025,25.5,81.5,KAUSHAMBI,UTTAR PRADESH,D721,CHAIL,1.39
22-08-2025,25.5,81.5,KAUSHAMBI,UTTAR PRADESH,D721,CHAIL,1.75
23-08-2025,25.5,81.5,KAUSHAMBI,UTTAR PRADESH,D721,CHAIL,1.51
24-08-2025,25.5,81.5,KAUSHAMBI,UTTAR PRADESH,D721,CHAIL,1.47
25-08-2025,25.5,81.5,KAUSHAMBI,UTTAR PRADESH,D721,CHAIL,1.47
26-08-2025,25.5,81.5,KAUSHAMBI,UTTAR PRADESH,D721,CHAIL,1.35
27-08-2025,25.5,81.5,KAUSHAMBI,UTTAR PRADESH,D721,CHAIL,1.29
28-08-2025,25.5,81.5,KAUSHAMBI,UTTAR PRADESH,D721,CHAIL,1.29
29-08-2025,25.5,81.5,KAUSHAMBI,UTTAR PRADESH,D721,CHAIL,1.44
30-08-2025,25.5,81.5,KAUSHAMBI,UTTAR PRADESH,D721,CHAIL,1.51
31-08-2025,25.5,81.5,KAUSHAMBI,UTTAR PRADESH,D721,CHAIL,1.66
01-09-2025,25.5,81.5,KAUSHAMBI,UTTAR PRADESH,D721,CHAIL,1.74
02-09-2025,25.5,81.5,KAUSHAMBI,UTTAR PRADESH,D721,CHAIL,1.96
03-09-2025,25.5,81.5,KAUSHAMBI,UTTAR PRADESH,D721,CHAIL,1.93
04-09-2025,25.5,81.5,KAUSHAMBI,UTTAR PRADESH,D721,CHAIL,1.82
05-09-2025,25.5,81.5,KAUSHAMBI,UTTAR PRADESH,D721,CHAIL,1.76
06-09-2025,25.5,81.5,KAUSHAMBI,UTTAR PRADESH,D721,CHAIL,1.81
07-09-2025,25.5,81.5,KAUSHAMBI,UTTAR PRADESH,D721,CHAIL,1.89
08-09-2025,25.5,81.5,KAUSHAMBI,UTTAR PRADESH,D721,CHAIL,1.95
09-09-2025,25.5,81.5,KAUSHAMBI,UTTAR PRADESH,D721,CHAIL,2.1
10-09-2025,25.5,81.5,KAUSHAMBI,UTTAR PRADESH,D721,CHAIL,1.77
11-09-2025,25.5,81.5,KAUSHAMBI,UTTAR PRADESH,D721,CHAIL,1.71
12-09-2025,25.5,81.5,KAUSHAMBI,UTTAR PRADESH,D721,CHAIL,1.84
13-09-2025,25.5,81.5,KAUSHAMBI,UTTAR PRADESH,D721,CHAIL,1.97
14-09-2025,25.5,81.5,KAUSHAMBI,UTTAR PRADESH,D721,CHAIL,1.83
15-09-2025,25.5,81.5,KAUSHAMBI,UTTAR PRADESH,D721,CHAIL,2.11
16-09-2025,25.5,81.5,KAUSHAMBI,UTTAR PRADESH,D721,CHAIL,2.05
17-09-2025,25.5,81.5,KAUSHAMBI,UTTAR PRADESH,D721,CHAIL,1.93
18-09-2025,25.5,81.5,KAUSHAMBI,UTTAR PRADESH,D721,CHAIL,1.76
19-09-2025,25.5,81.5,KAUSHAMBI,UTTAR PRADESH,D721,CHAIL,1.91
20-09-2025,25.5,81.5,KAUSHAMBI,UTTAR PRADESH,D721,CHAIL,1.55
21-09-2025,25.5,81.5,KAUSHAMBI,UTTAR PRADESH,D721,CHAIL,1.86
22-09-2025,25.5,81.5,KAUSHAMBI,UTTAR PRADESH,D721,CHAIL,1.72
23-09-2025,25.5,81.5,KAUSHAMBI,UTTAR PRADESH,D721,CHAIL,1.58
24-09-2025,25.5,81.5,KAUSHAMBI,UTTAR PRADESH,D721,CHAIL,2.11
25-09-2025,25.5,81.5,KAUSHAMBI,UTTAR PRADESH,D721,CHAIL,1.99
26-09-2025,25.5,81.5,KAUSHAMBI,UTTAR PRADESH,D721,CHAIL,1.9
27-09-2025,25.5,81.5,KAUSHAMBI,UTTAR PRADESH,D721,CHAIL,1.89
28-09-2025,25.5,81.5,KAUSHAMBI,UTTAR PRADESH,D721,CHAIL,1.97
29-09-2025,25.5,81.5,KAUSHAMBI,UTTAR PRADESH,D721,CHAIL,1.91
30-09-2025,25.5,81.5,KAUSHAMBI,UTTAR PRADESH,D721,CHAIL,1.48
01-10-2025,25.5,81.5,KAUSHAMBI,UTTAR PRADESH,D721,CHAIL,1.22
02-10-2025,25.5,81.5,KAUSHAMBI,UTTAR PRADESH,D721,CHAIL,1.83
03-10-2025,25.5,81.5,KAUSHAMBI,UTTAR PRADESH,D721,CHAIL,2.09
04-10-2025,25.5,81.5,KAUSHAMBI,UTTAR PRADESH,D721,CHAIL,2.09
05-10-2025,25.5,81.5,KAUSHAMBI,UTTAR PRADESH,D721,CHAIL,2.02
06-10-2025,25.5,81.5,KAUSHAMBI,UTTAR PRADESH,D721,CHAIL,2.1
07-10-2025,25.5,81.5,KAUSHAMBI,UTTAR PRADESH,D721,CHAIL,1.78
08-10-2025,25.5,81.5,KAUSHAMBI,UTTAR PRADESH,D721,CHAIL,1.6
09-10-2025,25.5,81.5,KAUSHAMBI,UTTAR PRADESH,D721,CHAIL,1.58
10-10-2025,25.5,81.5,KAUSHAMBI,UTTAR PRADESH,D721,CHAIL,1.62
11-10-2025,25.5,81.5,KAUSHAMBI,UTTAR PRADESH,D721,CHAIL,1.65
12-10-2025,25.5,81.5,KAUSHAMBI,UTTAR PRADESH,D721,CHAIL,1.38
13-10-2025,25.5,81.5,KAUSHAMBI,UTTAR PRADESH,D721,CHAIL,1.83
14-10-2025,25.5,81.5,KAUSHAMBI,UTTAR PRADESH,D721,CHAIL,2.41
15-10-2025,25.5,81.5,KAUSHAMBI,UTTAR PRADESH,D721,CHAIL,1.94
16-10-2025,25.5,81.5,KAUSHAMBI,UTTAR PRADESH,D721,CHAIL,1.72
17-10-2025,25.5,81.5,KAUSHAMBI,UTTAR PRADESH,D721,CHAIL,1.57
18-10-2025,25.5,81.5,KAUSHAMBI,UTTAR PRADESH,D721,CHAIL,1.66
19-10-2025,25.5,81.5,KAUSHAMBI,UTTAR PRADESH,D721,CHAIL,1.67
20-10-2025,25.5,81.5,KAUSHAMBI,UTTAR PRADESH,D721,CHAIL,1.72
21-10-2025,25.5,81.5,KAUSHAMBI,UTTAR PRADESH,D721,CHAIL,1.82
22-10-2025,25.5,81.5,KAUSHAMBI,UTTAR PRADESH,D721,CHAIL,1.57
23-10-2025,25.5,81.5,KAUSHAMBI,UTTAR PRADESH,D721,CHAIL,1.64
24-10-2025,25.5,81.5,KAUSHAMBI,UTTAR PRADESH,D721,CHAIL,1.74
25-10-2025,25.5,81.5,KAUSHAMBI,UTTAR PRADESH,D721,CHAIL,1.86
26-10-2025,25.5,81.5,KAUSHAMBI,UTTAR PRADESH,D721,CHAIL,1.73
27-10-2025,25.5,81.5,KAUSHAMBI,UTTAR PRADESH,D721,CHAIL,1.53
28-10-2025,25.5,81.5,KAUSHAMBI,UTTAR PRADESH,D721,CHAIL,1.61
29-10-2025,25.5,81.5,KAUSHAMBI,UTTAR PRADESH,D721,CHAIL,1.85
30-10-2025,25.5,81.5,KAUSHAMBI,UTTAR PRADESH,D721,CHAIL,1.92
31-10-2025,25.5,81.5,KAUSHAMBI,UTTAR PRADESH,D721,CHAIL,1.87
01-11-2025,25.5,81.5,KAUSHAMBI,UTTAR PRADESH,D721,CHAIL,1.31
02-11-2025,25.5,81.5,KAUSHAMBI,UTTAR PRADESH,D721,CHAIL,1.19
03-11-2025,25.5,81.5,KAUSHAMBI,UTTAR PRADESH,D721,CHAIL,1.24
04-11-2025,25.5,81.5,KAUSHAMBI,UTTAR PRADESH,D721,CHAIL,1.22
05-11-2025,25.5,81.5,KAUSHAMBI,UTTAR PRADESH,D721,CHAIL,1.13
06-11-2025,25.5,81.5,KAUSHAMBI,UTTAR PRADESH,D721,CHAIL,1.19
07-11-2025,25.5,81.5,KAUSHAMBI,UTTAR PRADESH,D721,CHAIL,1.21
08-11-2025,25.5,81.5,KAUSHAMBI,UTTAR PRADESH,D721,CHAIL,1.33
09-11-2025,25.5,81.5,KAUSHAMBI,UTTAR PRADESH,D721,CHAIL,1.2
10-11-2025,25.5,81.5,KAUSHAMBI,UTTAR PRADESH,D721,CHAIL,1.22
11-11-2025,25.5,81.5,KAUSHAMBI,UTTAR PRADESH,D721,CHAIL,1.09
12-11-2025,25.5,81.5,KAUSHAMBI,UTTAR PRADESH,D721,CHAIL,1.35
13-11-2025,25.5,81.5,KAUSHAMBI,UTTAR PRADESH,D721,CHAIL,1.32
14-11-2025,25.5,81.5,KAUSHAMBI,UTTAR PRADESH,D721,CHAIL,1.26
15-11-2025,25.5,81.5,KAUSHAMBI,UTTAR PRADESH,D721,CHAIL,1.32
16-11-2025,25.5,81.5,KAUSHAMBI,UTTAR PRADESH,D721,CHAIL,1.56
17-11-2025,25.5,81.5,KAUSHAMBI,UTTAR PRADESH,D721,CHAIL,1.67
18-11-2025,25.5,81.5,KAUSHAMBI,UTTAR PRADESH,D721,CHAIL,1.69
19-11-2025,25.5,81.5,KAUSHAMBI,UTTAR PRADESH,D721,CHAIL,1.61
20-11-2025,25.5,81.5,KAUSHAMBI,UTTAR PRADESH,D721,CHAIL,1.42
21-11-2025,25.5,81.5,KAUSHAMBI,UTTAR PRADESH,D721,CHAIL,1.29
22-11-2025,25.5,81.5,KAUSHAMBI,UTTAR PRADESH,D721,CHAIL,1.23
23-11-2025,25.5,81.5,KAUSHAMBI,UTTAR PRADESH,D721,CHAIL,1.23
24-11-2025,25.5,81.5,KAUSHAMBI,UTTAR PRADESH,D721,CHAIL,1.01
25-11-2025,25.5,81.5,KAUSHAMBI,UTTAR PRADESH,D721,CHAIL,0.9
26-11-2025,25.5,81.5,KAUSHAMBI,UTTAR PRADESH,D721,CHAIL,0.96
27-11-2025,25.5,81.5,KAUSHAMBI,UTTAR PRADESH,D721,CHAIL,1.28
28-11-2025,25.5,81.5,KAUSHAMBI,UTTAR PRADESH,D721,CHAIL,1.41
29-11-2025,25.5,81.5,KAUSHAMBI,UTTAR PRADESH,D721,CHAIL,1.75
30-11-2025,25.5,81.5,KAUSHAMBI,UTTAR PRADESH,D721,CHAIL,1.67
01-12-2025,25.5,81.5,KAUSHAMBI,UTTAR PRADESH,D721,CHAIL,1.43
02-12-2025,25.5,81.5,KAUSHAMBI,UTTAR PRADESH,D721,CHAIL,1.13
03-12-2025,25.5,81.5,KAUSHAMBI,UTTAR PRADESH,D721,CHAIL,1.25
04-12-2025,25.5,81.5,KAUSHAMBI,UTTAR PRADESH,D721,CHAIL,1.3
05-12-2025,25.5,81.5,KAUSHAMBI,UTTAR PRADESH,D721,CHAIL,1.48
06-12-2025,25.5,81.5,KAUSHAMBI,UTTAR PRADESH,D721,CHAIL,1.5
07-12-2025,25.5,81.5,KAUSHAMBI,UTTAR PRADESH,D721,CHAIL,1.59
08-12-2025,25.5,81.5,KAUSHAMBI,UTTAR PRADESH,D721,CHAIL,1.73
09-12-2025,25.5,81.5,KAUSHAMBI,UTTAR PRADESH,D721,CHAIL,1.8
10-12-2025,25.5,81.5,KAUSHAMBI,UTTAR PRADESH,D721,CHAIL,1.74
11-12-2025,25.5,81.5,KAUSHAMBI,UTTAR PRADESH,D721,CHAIL,1.62
12-12-2025,25.5,81.5,KAUSHAMBI,UTTAR PRADESH,D721,CHAIL,1.74
13-12-2025,25.5,81.5,KAUSHAMBI,UTTAR PRADESH,D721,CHAIL,1.9
14-12-2025,25.5,81.5,KAUSHAMBI,UTTAR PRADESH,D721,CHAIL,1.94
15-12-2025,25.5,81.5,KAUSHAMBI,UTTAR PRADESH,D721,CHAIL,2
16-12-2025,25.5,81.5,KAUSHAMBI,UTTAR PRADESH,D721,CHAIL,2.1
17-12-2025,25.5,81.5,KAUSHAMBI,UTTAR PRADESH,D721,CHAIL,2.37
18-12-2025,25.5,81.5,KAUSHAMBI,UTTAR PRADESH,D721,CHAIL,2.59
19-12-2025,25.5,81.5,KAUSHAMBI,UTTAR PRADESH,D721,CHAIL,2.48
20-12-2025,25.5,81.5,KAUSHAMBI,UTTAR PRADESH,D721,CHAIL,2.32
21-12-2025,25.5,81.5,KAUSHAMBI,UTTAR PRADESH,D721,CHAIL,2.76
22-12-2025,25.5,81.5,KAUSHAMBI,UTTAR PRADESH,D721,CHAIL,2.61
23-12-2025,25.5,81.5,KAUSHAMBI,UTTAR PRADESH,D721,CHAIL,2.26
24-12-2025,25.5,81.5,KAUSHAMBI,UTTAR PRADESH,D721,CHAIL,2.57
25-12-2025,25.5,81.5,KAUSHAMBI,UTTAR PRADESH,D721,CHAIL,2.38
26-12-2025,25.5,81.5,KAUSHAMBI,UTTAR PRADESH,D721,CHAIL,2.78
27-12-2025,25.5,81.5,KAUSHAMBI,UTTAR PRADESH,D721,CHAIL,3.06
28-12-2025,25.5,81.5,KAUSHAMBI,UTTAR PRADESH,D721,CHAIL,3
29-12-2025,25.5,81.5,KAUSHAMBI,UTTAR PRADESH,D721,CHAIL,2.97
30-12-2025,25.5,81.5,KAUSHAMBI,UTTAR PRADESH,D721,CHAIL,3.21
31-12-2025,25.5,81.5,KAUSHAMBI,UTTAR PRADESH,D721,CHAIL,2.79
01-01-2025,28.5,80.5,KHERI,UTTAR PRADESH,D722,DHAURAHARA,2.53
02-01-2025,28.5,80.5,KHERI,UTTAR PRADESH,D722,DHAURAHARA,2.77
03-01-2025,28.5,80.5,KHERI,UTTAR PRADESH,D722,DHAURAHARA,2.91
04-01-2025,28.5,80.5,KHERI,UTTAR PRADESH,D722,DHAURAHARA,2.93
05-01-2025,28.5,80.5,KHERI,UTTAR PRADESH,D722,DHAURAHARA,3.42
06-01-2025,28.5,80.5,KHERI,UTTAR PRADESH,D722,DHAURAHARA,3
07-01-2025,28.5,80.5,KHERI,UTTAR PRADESH,D722,DHAURAHARA,2.9
08-01-2025,28.5,80.5,KHERI,UTTAR PRADESH,D722,DHAURAHARA,2.92
09-01-2025,28.5,80.5,KHERI,UTTAR PRADESH,D722,DHAURAHARA,3.06
10-01-2025,28.5,80.5,KHERI,UTTAR PRADESH,D722,DHAURAHARA,2.7
11-01-2025,28.5,80.5,KHERI,UTTAR PRADESH,D722,DHAURAHARA,2.74
12-01-2025,28.5,80.5,KHERI,UTTAR PRADESH,D722,DHAURAHARA,2.37
13-01-2025,28.5,80.5,KHERI,UTTAR PRADESH,D722,DHAURAHARA,2.77
14-01-2025,28.5,80.5,KHERI,UTTAR PRADESH,D722,DHAURAHARA,2.63
15-01-2025,28.5,80.5,KHERI,UTTAR PRADESH,D722,DHAURAHARA,2.47
16-01-2025,28.5,80.5,KHERI,UTTAR PRADESH,D722,DHAURAHARA,2.9
17-01-2025,28.5,80.5,KHERI,UTTAR PRADESH,D722,DHAURAHARA,2.78
18-01-2025,28.5,80.5,KHERI,UTTAR PRADESH,D722,DHAURAHARA,3.07
19-01-2025,28.5,80.5,KHERI,UTTAR PRADESH,D722,DHAURAHARA,3.28
20-01-2025,28.5,80.5,KHERI,UTTAR PRADESH,D722,DHAURAHARA,3.25
21-01-2025,28.5,80.5,KHERI,UTTAR PRADESH,D722,DHAURAHARA,2.81
22-01-2025,28.5,80.5,KHERI,UTTAR PRADESH,D722,DHAURAHARA,2.89
23-01-2025,28.5,80.5,KHERI,UTTAR PRADESH,D722,DHAURAHARA,2.72
24-01-2025,28.5,80.5,KHERI,UTTAR PRADESH,D722,DHAURAHARA,2.43
25-01-2025,28.5,80.5,KHERI,UTTAR PRADESH,D722,DHAURAHARA,2.67
26-01-2025,28.5,80.5,KHERI,UTTAR PRADESH,D722,DHAURAHARA,2.3
27-01-2025,28.5,80.5,KHERI,UTTAR PRADESH,D722,DHAURAHARA,2.09
28-01-2025,28.5,80.5,KHERI,UTTAR PRADESH,D722,DHAURAHARA,2.13
29-01-2025,28.5,80.5,KHERI,UTTAR PRADESH,D722,DHAURAHARA,2.22
30-01-2025,28.5,80.5,KHERI,UTTAR PRADESH,D722,DHAURAHARA,2.36
31-01-2025,28.5,80.5,KHERI,UTTAR PRADESH,D722,DHAURAHARA,2.66
01-02-2025,28.5,80.5,KHERI,UTTAR PRADESH,D722,DHAURAHARA,2.58
02-02-2025,28.5,80.5,KHERI,UTTAR PRADESH,D722,DHAURAHARA,2.16
03-02-2025,28.5,80.5,KHERI,UTTAR PRADESH,D722,DHAURAHARA,2.05
04-02-2025,28.5,80.5,KHERI,UTTAR PRADESH,D722,DHAURAHARA,2.32
05-02-2025,28.5,80.5,KHERI,UTTAR PRADESH,D722,DHAURAHARA,2.5
06-02-2025,28.5,80.5,KHERI,UTTAR PRADESH,D722,DHAURAHARA,2.19
07-02-2025,28.5,80.5,KHERI,UTTAR PRADESH,D722,DHAURAHARA,2.06
08-02-2025,28.5,80.5,KHERI,UTTAR PRADESH,D722,DHAURAHARA,2.23
09-02-2025,28.5,80.5,KHERI,UTTAR PRADESH,D722,DHAURAHARA,2.33
10-02-2025,28.5,80.5,KHERI,UTTAR PRADESH,D722,DHAURAHARA,2.52
11-02-2025,28.5,80.5,KHERI,UTTAR PRADESH,D722,DHAURAHARA,2.83
12-02-2025,28.5,80.5,KHERI,UTTAR PRADESH,D722,DHAURAHARA,2.42
13-02-2025,28.5,80.5,KHERI,UTTAR PRADESH,D722,DHAURAHARA,2.21
14-02-2025,28.5,80.5,KHERI,UTTAR PRADESH,D722,DHAURAHARA,2.47
15-02-2025,28.5,80.5,KHERI,UTTAR PRADESH,D722,DHAURAHARA,2.5
16-02-2025,28.5,80.5,KHERI,UTTAR PRADESH,D722,DHAURAHARA,2.87
17-02-2025,28.5,80.5,KHERI,UTTAR PRADESH,D722,DHAURAHARA,2.36
18-02-2025,28.5,80.5,KHERI,UTTAR PRADESH,D722,DHAURAHARA,2.29
19-02-2025,28.5,80.5,KHERI,UTTAR PRADESH,D722,DHAURAHARA,2.31
20-02-2025,28.5,80.5,KHERI,UTTAR PRADESH,D722,DHAURAHARA,2.06
21-02-2025,28.5,80.5,KHERI,UTTAR PRADESH,D722,DHAURAHARA,2.42
22-02-2025,28.5,80.5,KHERI,UTTAR PRADESH,D722,DHAURAHARA,2.66
23-02-2025,28.5,80.5,KHERI,UTTAR PRADESH,D722,DHAURAHARA,2.65
24-02-2025,28.5,80.5,KHERI,UTTAR PRADESH,D722,DHAURAHARA,2.69
25-02-2025,28.5,80.5,KHERI,UTTAR PRADESH,D722,DHAURAHARA,2.71
26-02-2025,28.5,80.5,KHERI,UTTAR PRADESH,D722,DHAURAHARA,2.88
27-02-2025,28.5,80.5,KHERI,UTTAR PRADESH,D722,DHAURAHARA,2.68
28-02-2025,28.5,80.5,KHERI,UTTAR PRADESH,D722,DHAURAHARA,2.75
29-02-2025,28.5,80.5,KHERI,UTTAR PRADESH,D722,DHAURAHARA,1.71
01-03-2025,28.5,80.5,KHERI,UTTAR PRADESH,D722,DHAURAHARA,3.12
02-03-2025,28.5,80.5,KHERI,UTTAR PRADESH,D722,DHAURAHARA,3.03
03-03-2025,28.5,80.5,KHERI,UTTAR PRADESH,D722,DHAURAHARA,3
04-03-2025,28.5,80.5,KHERI,UTTAR PRADESH,D722,DHAURAHARA,3.01
05-03-2025,28.5,80.5,KHERI,UTTAR PRADESH,D722,DHAURAHARA,2.59
06-03-2025,28.5,80.5,KHERI,UTTAR PRADESH,D722,DHAURAHARA,2.6
07-03-2025,28.5,80.5,KHERI,UTTAR PRADESH,D722,DHAURAHARA,2.66
08-03-2025,28.5,80.5,KHERI,UTTAR PRADESH,D722,DHAURAHARA,2.26
09-03-2025,28.5,80.5,KHERI,UTTAR PRADESH,D722,DHAURAHARA,2.1
10-03-2025,28.5,80.5,KHERI,UTTAR PRADESH,D722,DHAURAHARA,2.6
11-03-2025,28.5,80.5,KHERI,UTTAR PRADESH,D722,DHAURAHARA,2.55
12-03-2025,28.5,80.5,KHERI,UTTAR PRADESH,D722,DHAURAHARA,2.44
13-03-2025,28.5,80.5,KHERI,UTTAR PRADESH,D722,DHAURAHARA,2.77
14-03-2025,28.5,80.5,KHERI,UTTAR PRADESH,D722,DHAURAHARA,2.7
15-03-2025,28.5,80.5,KHERI,UTTAR PRADESH,D722,DHAURAHARA,2.85
16-03-2025,28.5,80.5,KHERI,UTTAR PRADESH,D722,DHAURAHARA,2.19
17-03-2025,28.5,80.5,KHERI,UTTAR PRADESH,D722,DHAURAHARA,2.17
18-03-2025,28.5,80.5,KHERI,UTTAR PRADESH,D722,DHAURAHARA,2.45
19-03-2025,28.5,80.5,KHERI,UTTAR PRADESH,D722,DHAURAHARA,2.38
20-03-2025,28.5,80.5,KHERI,UTTAR PRADESH,D722,DHAURAHARA,2.56
21-03-2025,28.5,80.5,KHERI,UTTAR PRADESH,D722,DHAURAHARA,2.56
22-03-2025,28.5,80.5,KHERI,UTTAR PRADESH,D722,DHAURAHARA,2.23
23-03-2025,28.5,80.5,KHERI,UTTAR PRADESH,D722,DHAURAHARA,2.45
24-03-2025,28.5,80.5,KHERI,UTTAR PRADESH,D722,DHAURAHARA,2.39
25-03-2025,28.5,80.5,KHERI,UTTAR PRADESH,D722,DHAURAHARA,2.07
26-03-2025,28.5,80.5,KHERI,UTTAR PRADESH,D722,DHAURAHARA,2.25
27-03-2025,28.5,80.5,KHERI,UTTAR PRADESH,D722,DHAURAHARA,2.63
28-03-2025,28.5,80.5,KHERI,UTTAR PRADESH,D722,DHAURAHARA,1.86
29-03-2025,28.5,80.5,KHERI,UTTAR PRADESH,D722,DHAURAHARA,2.21
30-03-2025,28.5,80.5,KHERI,UTTAR PRADESH,D722,DHAURAHARA,2.83
31-03-2025,28.5,80.5,KHERI,UTTAR PRADESH,D722,DHAURAHARA,2.85
01-04-2025,28.5,80.5,KHERI,UTTAR PRADESH,D722,DHAURAHARA,2.63
02-04-2025,28.5,80.5,KHERI,UTTAR PRADESH,D722,DHAURAHARA,2.13
03-04-2025,28.5,80.5,KHERI,UTTAR PRADESH,D722,DHAURAHARA,2.77
04-04-2025,28.5,80.5,KHERI,UTTAR PRADESH,D722,DHAURAHARA,3.14
05-04-2025,28.5,80.5,KHERI,UTTAR PRADESH,D722,DHAURAHARA,2.75
06-04-2025,28.5,80.5,KHERI,UTTAR PRADESH,D722,DHAURAHARA,2.29
07-04-2025,28.5,80.5,KHERI,UTTAR PRADESH,D722,DHAURAHARA,2.3
08-04-2025,28.5,80.5,KHERI,UTTAR PRADESH,D722,DHAURAHARA,1.96
09-04-2025,28.5,80.5,KHERI,UTTAR PRADESH,D722,DHAURAHARA,2.45
10-04-2025,28.5,80.5,KHERI,UTTAR PRADESH,D722,DHAURAHARA,2.27
11-04-2025,28.5,80.5,KHERI,UTTAR PRADESH,D722,DHAURAHARA,2.32
12-04-2025,28.5,80.5,KHERI,UTTAR PRADESH,D722,DHAURAHARA,2.31
13-04-2025,28.5,80.5,KHERI,UTTAR PRADESH,D722,DHAURAHARA,2.58
14-04-2025,28.5,80.5,KHERI,UTTAR PRADESH,D722,DHAURAHARA,2.35
15-04-2025,28.5,80.5,KHERI,UTTAR PRADESH,D722,DHAURAHARA,2.43
16-04-2025,28.5,80.5,KHERI,UTTAR PRADESH,D722,DHAURAHARA,2.53
17-04-2025,28.5,80.5,KHERI,UTTAR PRADESH,D722,DHAURAHARA,2.79
18-04-2025,28.5,80.5,KHERI,UTTAR PRADESH,D722,DHAURAHARA,3.19
19-04-2025,28.5,80.5,KHERI,UTTAR PRADESH,D722,DHAURAHARA,2.73
20-04-2025,28.5,80.5,KHERI,UTTAR PRADESH,D722,DHAURAHARA,2.52
21-04-2025,28.5,80.5,KHERI,UTTAR PRADESH,D722,DHAURAHARA,2.52
22-04-2025,28.5,80.5,KHERI,UTTAR PRADESH,D722,DHAURAHARA,2.22
23-04-2025,28.5,80.5,KHERI,UTTAR PRADESH,D722,DHAURAHARA,2.06
24-04-2025,28.5,80.5,KHERI,UTTAR PRADESH,D722,DHAURAHARA,2.4
25-04-2025,28.5,80.5,KHERI,UTTAR PRADESH,D722,DHAURAHARA,2.35
26-04-2025,28.5,80.5,KHERI,UTTAR PRADESH,D722,DHAURAHARA,2.94
27-04-2025,28.5,80.5,KHERI,UTTAR PRADESH,D722,DHAURAHARA,2.48
28-04-2025,28.5,80.5,KHERI,UTTAR PRADESH,D722,DHAURAHARA,2.54
29-04-2025,28.5,80.5,KHERI,UTTAR PRADESH,D722,DHAURAHARA,2.66
30-04-2025,28.5,80.5,KHERI,UTTAR PRADESH,D722,DHAURAHARA,3.48
01-05-2025,28.5,80.5,KHERI,UTTAR PRADESH,D722,DHAURAHARA,3.5
02-05-2025,28.5,80.5,KHERI,UTTAR PRADESH,D722,DHAURAHARA,3.09
03-05-2025,28.5,80.5,KHERI,UTTAR PRADESH,D722,DHAURAHARA,2.54
04-05-2025,28.5,80.5,KHERI,UTTAR PRADESH,D722,DHAURAHARA,2.77
05-05-2025,28.5,80.5,KHERI,UTTAR PRADESH,D722,DHAURAHARA,2.62
06-05-2025,28.5,80.5,KHERI,UTTAR PRADESH,D722,DHAURAHARA,2.4
07-05-2025,28.5,80.5,KHERI,UTTAR PRADESH,D722,DHAURAHARA,2.42
08-05-2025,28.5,80.5,KHERI,UTTAR PRADESH,D722,DHAURAHARA,2.18
09-05-2025,28.5,80.5,KHERI,UTTAR PRADESH,D722,DHAURAHARA,2.13
10-05-2025,28.5,80.5,KHERI,UTTAR PRADESH,D722,DHAURAHARA,2.32
11-05-2025,28.5,80.5,KHERI,UTTAR PRADESH,D722,DHAURAHARA,1.9
12-05-2025,28.5,80.5,KHERI,UTTAR PRADESH,D722,DHAURAHARA,2.02
13-05-2025,28.5,80.5,KHERI,UTTAR PRADESH,D722,DHAURAHARA,2.3
14-05-2025,28.5,80.5,KHERI,UTTAR PRADESH,D722,DHAURAHARA,2.09
15-05-2025,28.5,80.5,KHERI,UTTAR PRADESH,D722,DHAURAHARA,2.13
16-05-2025,28.5,80.5,KHERI,UTTAR PRADESH,D722,DHAURAHARA,2.08
17-05-2025,28.5,80.5,KHERI,UTTAR PRADESH,D722,DHAURAHARA,2.5
18-05-2025,28.5,80.5,KHERI,UTTAR PRADESH,D722,DHAURAHARA,2.62
19-05-2025,28.5,80.5,KHERI,UTTAR PRADESH,D722,DHAURAHARA,3.18
20-05-2025,28.5,80.5,KHERI,UTTAR PRADESH,D722,DHAURAHARA,2.86
21-05-2025,28.5,80.5,KHERI,UTTAR PRADESH,D722,DHAURAHARA,2.99
22-05-2025,28.5,80.5,KHERI,UTTAR PRADESH,D722,DHAURAHARA,3.39
23-05-2025,28.5,80.5,KHERI,UTTAR PRADESH,D722,DHAURAHARA,3.27
24-05-2025,28.5,80.5,KHERI,UTTAR PRADESH,D722,DHAURAHARA,2.91
25-05-2025,28.5,80.5,KHERI,UTTAR PRADESH,D722,DHAURAHARA,2.89
26-05-2025,28.5,80.5,KHERI,UTTAR PRADESH,D722,DHAURAHARA,2.89
27-05-2025,28.5,80.5,KHERI,UTTAR PRADESH,D722,DHAURAHARA,2.88
28-05-2025,28.5,80.5,KHERI,UTTAR PRADESH,D722,DHAURAHARA,2.96
29-05-2025,28.5,80.5,KHERI,UTTAR PRADESH,D722,DHAURAHARA,3.37
30-05-2025,28.5,80.5,KHERI,UTTAR PRADESH,D722,DHAURAHARA,3.39
31-05-2025,28.5,80.5,KHERI,UTTAR PRADESH,D722,DHAURAHARA,3.2
01-06-2025,28.5,80.5,KHERI,UTTAR PRADESH,D722,DHAURAHARA,3.37
02-06-2025,28.5,80.5,KHERI,UTTAR PRADESH,D722,DHAURAHARA,3.11
03-06-2025,28.5,80.5,KHERI,UTTAR PRADESH,D722,DHAURAHARA,3.48
04-06-2025,28.5,80.5,KHERI,UTTAR PRADESH,D722,DHAURAHARA,3.48
05-06-2025,28.5,80.5,KHERI,UTTAR PRADESH,D722,DHAURAHARA,3.1
06-06-2025,28.5,80.5,KHERI,UTTAR PRADESH,D722,DHAURAHARA,2.89
07-06-2025,28.5,80.5,KHERI,UTTAR PRADESH,D722,DHAURAHARA,3.53
08-06-2025,28.5,80.5,KHERI,UTTAR PRADESH,D722,DHAURAHARA,3.44
09-06-2025,28.5,80.5,KHERI,UTTAR PRADESH,D722,DHAURAHARA,3.22
10-06-2025,28.5,80.5,KHERI,UTTAR PRADESH,D722,DHAURAHARA,2.97
11-06-2025,28.5,80.5,KHERI,UTTAR PRADESH,D722,DHAURAHARA,2.72
12-06-2025,28.5,80.5,KHERI,UTTAR PRADESH,D722,DHAURAHARA,2.95
13-06-2025,28.5,80.5,KHERI,UTTAR PRADESH,D722,DHAURAHARA,2.97
14-06-2025,28.5,80.5,KHERI,UTTAR PRADESH,D722,DHAURAHARA,3.15
15-06-2025,28.5,80.5,KHERI,UTTAR PRADESH,D722,DHAURAHARA,3.57
16-06-2025,28.5,80.5,KHERI,UTTAR PRADESH,D722,DHAURAHARA,3.72
17-06-2025,28.5,80.5,KHERI,UTTAR PRADESH,D722,DHAURAHARA,3.76
18-06-2025,28.5,80.5,KHERI,UTTAR PRADESH,D722,DHAURAHARA,3.63
19-06-2025,28.5,80.5,KHERI,UTTAR PRADESH,D722,DHAURAHARA,3.41
20-06-2025,28.5,80.5,KHERI,UTTAR PRADESH,D722,DHAURAHARA,3.24
21-06-2025,28.5,80.5,KHERI,UTTAR PRADESH,D722,DHAURAHARA,2.94
22-06-2025,28.5,80.5,KHERI,UTTAR PRADESH,D722,DHAURAHARA,2.63
23-06-2025,28.5,80.5,KHERI,UTTAR PRADESH,D722,DHAURAHARA,2.42
24-06-2025,28.5,80.5,KHERI,UTTAR PRADESH,D722,DHAURAHARA,2.47
25-06-2025,28.5,80.5,KHERI,UTTAR PRADESH,D722,DHAURAHARA,2.75
26-06-2025,28.5,80.5,KHERI,UTTAR PRADESH,D722,DHAURAHARA,2.45
27-06-2025,28.5,80.5,KHERI,UTTAR PRADESH,D722,DHAURAHARA,2.58
28-06-2025,28.5,80.5,KHERI,UTTAR PRADESH,D722,DHAURAHARA,2.45
29-06-2025,28.5,80.5,KHERI,UTTAR PRADESH,D722,DHAURAHARA,2.94
30-06-2025,28.5,80.5,KHERI,UTTAR PRADESH,D722,DHAURAHARA,3
01-07-2025,28.5,80.5,KHERI,UTTAR PRADESH,D722,DHAURAHARA,2.34
02-07-2025,28.5,80.5,KHERI,UTTAR PRADESH,D722,DHAURAHARA,2.29
03-07-2025,28.5,80.5,KHERI,UTTAR PRADESH,D722,DHAURAHARA,1.77
04-07-2025,28.5,80.5,KHERI,UTTAR PRADESH,D722,DHAURAHARA,1.58
05-07-2025,28.5,80.5,KHERI,UTTAR PRADESH,D722,DHAURAHARA,2.15
06-07-2025,28.5,80.5,KHERI,UTTAR PRADESH,D722,DHAURAHARA,2.54
07-07-2025,28.5,80.5,KHERI,UTTAR PRADESH,D722,DHAURAHARA,2.46
08-07-2025,28.5,80.5,KHERI,UTTAR PRADESH,D722,DHAURAHARA,2.33
09-07-2025,28.5,80.5,KHERI,UTTAR PRADESH,D722,DHAURAHARA,2.23
10-07-2025,28.5,80.5,KHERI,UTTAR PRADESH,D722,DHAURAHARA,2.38
11-07-2025,28.5,80.5,KHERI,UTTAR PRADESH,D722,DHAURAHARA,2.59
12-07-2025,28.5,80.5,KHERI,UTTAR PRADESH,D722,DHAURAHARA,2.18
13-07-2025,28.5,80.5,KHERI,UTTAR PRADESH,D722,DHAURAHARA,1.9
14-07-2025,28.5,80.5,KHERI,UTTAR PRADESH,D722,DHAURAHARA,1.99
15-07-2025,28.5,80.5,KHERI,UTTAR PRADESH,D722,DHAURAHARA,1.9
16-07-2025,28.5,80.5,KHERI,UTTAR PRADESH,D722,DHAURAHARA,2.12
17-07-2025,28.5,80.5,KHERI,UTTAR PRADESH,D722,DHAURAHARA,2.1
18-07-2025,28.5,80.5,KHERI,UTTAR PRADESH,D722,DHAURAHARA,2.12
19-07-2025,28.5,80.5,KHERI,UTTAR PRADESH,D722,DHAURAHARA,2.06
20-07-2025,28.5,80.5,KHERI,UTTAR PRADESH,D722,DHAURAHARA,1.81
21-07-2025,28.5,80.5,KHERI,UTTAR PRADESH,D722,DHAURAHARA,1.58
22-07-2025,28.5,80.5,KHERI,UTTAR PRADESH,D722,DHAURAHARA,1.61
23-07-2025,28.5,80.5,KHERI,UTTAR PRADESH,D722,DHAURAHARA,1.59
24-07-2025,28.5,80.5,KHERI,UTTAR PRADESH,D722,DHAURAHARA,1.49
25-07-2025,28.5,80.5,KHERI,UTTAR PRADESH,D722,DHAURAHARA,1.81
26-07-2025,28.5,80.5,KHERI,UTTAR PRADESH,D722,DHAURAHARA,1.88
27-07-2025,28.5,80.5,KHERI,UTTAR PRADESH,D722,DHAURAHARA,2.26
28-07-2025,28.5,80.5,KHERI,UTTAR PRADESH,D722,DHAURAHARA,1.88
29-07-2025,28.5,80.5,KHERI,UTTAR PRADESH,D722,DHAURAHARA,1.76
30-07-2025,28.5,80.5,KHERI,UTTAR PRADESH,D722,DHAURAHARA,1.71
31-07-2025,28.5,80.5,KHERI,UTTAR PRADESH,D722,DHAURAHARA,1.71
01-08-2025,28.5,80.5,KHERI,UTTAR PRADESH,D722,DHAURAHARA,1.41
02-08-2025,28.5,80.5,KHERI,UTTAR PRADESH,D722,DHAURAHARA,1.37
03-08-2025,28.5,80.5,KHERI,UTTAR PRADESH,D722,DHAURAHARA,1.74
04-08-2025,28.5,80.5,KHERI,UTTAR PRADESH,D722,DHAURAHARA,1.58
05-08-2025,28.5,80.5,KHERI,UTTAR PRADESH,D722,DHAURAHARA,1.31
06-08-2025,28.5,80.5,KHERI,UTTAR PRADESH,D722,DHAURAHARA,1.29
07-08-2025,28.5,80.5,KHERI,UTTAR PRADESH,D722,DHAURAHARA,1.21
08-08-2025,28.5,80.5,KHERI,UTTAR PRADESH,D722,DHAURAHARA,1.54
09-08-2025,28.5,80.5,KHERI,UTTAR PRADESH,D722,DHAURAHARA,1.59
10-08-2025,28.5,80.5,KHERI,UTTAR PRADESH,D722,DHAURAHARA,1.49
11-08-2025,28.5,80.5,KHERI,UTTAR PRADESH,D722,DHAURAHARA,1.51
12-08-2025,28.5,80.5,KHERI,UTTAR PRADESH,D722,DHAURAHARA,1.71
13-08-2025,28.5,80.5,KHERI,UTTAR PRADESH,D722,DHAURAHARA,1.82
14-08-2025,28.5,80.5,KHERI,UTTAR PRADESH,D722,DHAURAHARA,1.52
15-08-2025,28.5,80.5,KHERI,UTTAR PRADESH,D722,DHAURAHARA,1.77
16-08-2025,28.5,80.5,KHERI,UTTAR PRADESH,D722,DHAURAHARA,1.97
17-08-2025,28.5,80.5,KHERI,UTTAR PRADESH,D722,DHAURAHARA,1.79
18-08-2025,28.5,80.5,KHERI,UTTAR PRADESH,D722,DHAURAHARA,1.67
19-08-2025,28.5,80.5,KHERI,UTTAR PRADESH,D722,DHAURAHARA,1.62
20-08-2025,28.5,80.5,KHERI,UTTAR PRADESH,D722,DHAURAHARA,1.39
21-08-2025,28.5,80.5,KHERI,UTTAR PRADESH,D722,DHAURAHARA,1.66
22-08-2025,28.5,80.5,KHERI,UTTAR PRADESH,D722,DHAURAHARA,1.72
23-08-2025,28.5,80.5,KHERI,UTTAR PRADESH,D722,DHAURAHARA,1.66
24-08-2025,28.5,80.5,KHERI,UTTAR PRADESH,D722,DHAURAHARA,1.61
25-08-2025,28.5,80.5,KHERI,UTTAR PRADESH,D722,DHAURAHARA,1.65
26-08-2025,28.5,80.5,KHERI,UTTAR PRADESH,D722,DHAURAHARA,1.53
27-08-2025,28.5,80.5,KHERI,UTTAR PRADESH,D722,DHAURAHARA,1.13
28-08-2025,28.5,80.5,KHERI,UTTAR PRADESH,D722,DHAURAHARA,1.29
29-08-2025,28.5,80.5,KHERI,UTTAR PRADESH,D722,DHAURAHARA,1.38
30-08-2025,28.5,80.5,KHERI,UTTAR PRADESH,D722,DHAURAHARA,1.6
31-08-2025,28.5,80.5,KHERI,UTTAR PRADESH,D722,DHAURAHARA,1.77
01-09-2025,28.5,80.5,KHERI,UTTAR PRADESH,D722,DHAURAHARA,1.6
02-09-2025,28.5,80.5,KHERI,UTTAR PRADESH,D722,DHAURAHARA,2.12
03-09-2025,28.5,80.5,KHERI,UTTAR PRADESH,D722,DHAURAHARA,1.67
04-09-2025,28.5,80.5,KHERI,UTTAR PRADESH,D722,DHAURAHARA,1.77
05-09-2025,28.5,80.5,KHERI,UTTAR PRADESH,D722,DHAURAHARA,1.96
06-09-2025,28.5,80.5,KHERI,UTTAR PRADESH,D722,DHAURAHARA,2.03
07-09-2025,28.5,80.5,KHERI,UTTAR PRADESH,D722,DHAURAHARA,1.85
08-09-2025,28.5,80.5,KHERI,UTTAR PRADESH,D722,DHAURAHARA,1.82
09-09-2025,28.5,80.5,KHERI,UTTAR PRADESH,D722,DHAURAHARA,2.23
10-09-2025,28.5,80.5,KHERI,UTTAR PRADESH,D722,DHAURAHARA,2.13
11-09-2025,28.5,80.5,KHERI,UTTAR PRADESH,D722,DHAURAHARA,2.12
12-09-2025,28.5,80.5,KHERI,UTTAR PRADESH,D722,DHAURAHARA,2.16
13-09-2025,28.5,80.5,KHERI,UTTAR PRADESH,D722,DHAURAHARA,1.95
14-09-2025,28.5,80.5,KHERI,UTTAR PRADESH,D722,DHAURAHARA,1.64
15-09-2025,28.5,80.5,KHERI,UTTAR PRADESH,D722,DHAURAHARA,1.76
16-09-2025,28.5,80.5,KHERI,UTTAR PRADESH,D722,DHAURAHARA,2.12
17-09-2025,28.5,80.5,KHERI,UTTAR PRADESH,D722,DHAURAHARA,2.22
18-09-2025,28.5,80.5,KHERI,UTTAR PRADESH,D722,DHAURAHARA,2.11
19-09-2025,28.5,80.5,KHERI,UTTAR PRADESH,D722,DHAURAHARA,2.19
20-09-2025,28.5,80.5,KHERI,UTTAR PRADESH,D722,DHAURAHARA,2.02
21-09-2025,28.5,80.5,KHERI,UTTAR PRADESH,D722,DHAURAHARA,2.17
22-09-2025,28.5,80.5,KHERI,UTTAR PRADESH,D722,DHAURAHARA,2.18
23-09-2025,28.5,80.5,KHERI,UTTAR PRADESH,D722,DHAURAHARA,1.83
24-09-2025,28.5,80.5,KHERI,UTTAR PRADESH,D722,DHAURAHARA,2.13
25-09-2025,28.5,80.5,KHERI,UTTAR PRADESH,D722,DHAURAHARA,2.15
26-09-2025,28.5,80.5,KHERI,UTTAR PRADESH,D722,DHAURAHARA,1.85
27-09-2025,28.5,80.5,KHERI,UTTAR PRADESH,D722,DHAURAHARA,1.75
28-09-2025,28.5,80.5,KHERI,UTTAR PRADESH,D722,DHAURAHARA,1.84
29-09-2025,28.5,80.5,KHERI,UTTAR PRADESH,D722,DHAURAHARA,1.62
30-09-2025,28.5,80.5,KHERI,UTTAR PRADESH,D722,DHAURAHARA,1.47
01-10-2025,28.5,80.5,KHERI,UTTAR PRADESH,D722,DHAURAHARA,1.53
02-10-2025,28.5,80.5,KHERI,UTTAR PRADESH,D722,DHAURAHARA,1.55
03-10-2025,28.5,80.5,KHERI,UTTAR PRADESH,D722,DHAURAHARA,2.06
04-10-2025,28.5,80.5,KHERI,UTTAR PRADESH,D722,DHAURAHARA,2.3
05-10-2025,28.5,80.5,KHERI,UTTAR PRADESH,D722,DHAURAHARA,2.27
06-10-2025,28.5,80.5,KHERI,UTTAR PRADESH,D722,DHAURAHARA,2.46
07-10-2025,28.5,80.5,KHERI,UTTAR PRADESH,D722,DHAURAHARA,2.19
08-10-2025,28.5,80.5,KHERI,UTTAR PRADESH,D722,DHAURAHARA,1.93
09-10-2025,28.5,80.5,KHERI,UTTAR PRADESH,D722,DHAURAHARA,1.57
10-10-2025,28.5,80.5,KHERI,UTTAR PRADESH,D722,DHAURAHARA,1.95
11-10-2025,28.5,80.5,KHERI,UTTAR PRADESH,D722,DHAURAHARA,2.25
12-10-2025,28.5,80.5,KHERI,UTTAR PRADESH,D722,DHAURAHARA,1.67
13-10-2025,28.5,80.5,KHERI,UTTAR PRADESH,D722,DHAURAHARA,1.47
14-10-2025,28.5,80.5,KHERI,UTTAR PRADESH,D722,DHAURAHARA,2.22
15-10-2025,28.5,80.5,KHERI,UTTAR PRADESH,D722,DHAURAHARA,1.86
16-10-2025,28.5,80.5,KHERI,UTTAR PRADESH,D722,DHAURAHARA,1.68
17-10-2025,28.5,80.5,KHERI,UTTAR PRADESH,D722,DHAURAHARA,1.54
18-10-2025,28.5,80.5,KHERI,UTTAR PRADESH,D722,DHAURAHARA,1.63
19-10-2025,28.5,80.5,KHERI,UTTAR PRADESH,D722,DHAURAHARA,1.75
20-10-2025,28.5,80.5,KHERI,UTTAR PRADESH,D722,DHAURAHARA,1.4
21-10-2025,28.5,80.5,KHERI,UTTAR PRADESH,D722,DHAURAHARA,1.3
22-10-2025,28.5,80.5,KHERI,UTTAR PRADESH,D722,DHAURAHARA,1.18
23-10-2025,28.5,80.5,KHERI,UTTAR PRADESH,D722,DHAURAHARA,1.36
24-10-2025,28.5,80.5,KHERI,UTTAR PRADESH,D722,DHAURAHARA,1.76
25-10-2025,28.5,80.5,KHERI,UTTAR PRADESH,D722,DHAURAHARA,1.4
26-10-2025,28.5,80.5,KHERI,UTTAR PRADESH,D722,DHAURAHARA,1.27
27-10-2025,28.5,80.5,KHERI,UTTAR PRADESH,D722,DHAURAHARA,1.56
28-10-2025,28.5,80.5,KHERI,UTTAR PRADESH,D722,DHAURAHARA,1.77
29-10-2025,28.5,80.5,KHERI,UTTAR PRADESH,D722,DHAURAHARA,1.77
30-10-2025,28.5,80.5,KHERI,UTTAR PRADESH,D722,DHAURAHARA,1.69
31-10-2025,28.5,80.5,KHERI,UTTAR PRADESH,D722,DHAURAHARA,1.4
01-11-2025,28.5,80.5,KHERI,UTTAR PRADESH,D722,DHAURAHARA,1.07
02-11-2025,28.5,80.5,KHERI,UTTAR PRADESH,D722,DHAURAHARA,1.12
03-11-2025,28.5,80.5,KHERI,UTTAR PRADESH,D722,DHAURAHARA,1.18
04-11-2025,28.5,80.5,KHERI,UTTAR PRADESH,D722,DHAURAHARA,1.06
05-11-2025,28.5,80.5,KHERI,UTTAR PRADESH,D722,DHAURAHARA,1.09
06-11-2025,28.5,80.5,KHERI,UTTAR PRADESH,D722,DHAURAHARA,1.06
07-11-2025,28.5,80.5,KHERI,UTTAR PRADESH,D722,DHAURAHARA,1.24
08-11-2025,28.5,80.5,KHERI,UTTAR PRADESH,D722,DHAURAHARA,1.5
09-11-2025,28.5,80.5,KHERI,UTTAR PRADESH,D722,DHAURAHARA,1.25
10-11-2025,28.5,80.5,KHERI,UTTAR PRADESH,D722,DHAURAHARA,1.05
11-11-2025,28.5,80.5,KHERI,UTTAR PRADESH,D722,DHAURAHARA,1.1
12-11-2025,28.5,80.5,KHERI,UTTAR PRADESH,D722,DHAURAHARA,1.52
13-11-2025,28.5,80.5,KHERI,UTTAR PRADESH,D722,DHAURAHARA,1.19
14-11-2025,28.5,80.5,KHERI,UTTAR PRADESH,D722,DHAURAHARA,1.1
15-11-2025,28.5,80.5,KHERI,UTTAR PRADESH,D722,DHAURAHARA,0.97
16-11-2025,28.5,80.5,KHERI,UTTAR PRADESH,D722,DHAURAHARA,1.17
17-11-2025,28.5,80.5,KHERI,UTTAR PRADESH,D722,DHAURAHARA,0.98
18-11-2025,28.5,80.5,KHERI,UTTAR PRADESH,D722,DHAURAHARA,1.01
19-11-2025,28.5,80.5,KHERI,UTTAR PRADESH,D722,DHAURAHARA,1.02
20-11-2025,28.5,80.5,KHERI,UTTAR PRADESH,D722,DHAURAHARA,1.14
21-11-2025,28.5,80.5,KHERI,UTTAR PRADESH,D722,DHAURAHARA,1.11
22-11-2025,28.5,80.5,KHERI,UTTAR PRADESH,D722,DHAURAHARA,1.21
23-11-2025,28.5,80.5,KHERI,UTTAR PRADESH,D722,DHAURAHARA,1.37
24-11-2025,28.5,80.5,KHERI,UTTAR PRADESH,D722,DHAURAHARA,1.17
25-11-2025,28.5,80.5,KHERI,UTTAR PRADESH,D722,DHAURAHARA,1.29
26-11-2025,28.5,80.5,KHERI,UTTAR PRADESH,D722,DHAURAHARA,1.45
27-11-2025,28.5,80.5,KHERI,UTTAR PRADESH,D722,DHAURAHARA,1.4
28-11-2025,28.5,80.5,KHERI,UTTAR PRADESH,D722,DHAURAHARA,1.46
29-11-2025,28.5,80.5,KHERI,UTTAR PRADESH,D722,DHAURAHARA,1.38
30-11-2025,28.5,80.5,KHERI,UTTAR PRADESH,D722,DHAURAHARA,1.4
01-12-2025,28.5,80.5,KHERI,UTTAR PRADESH,D722,DHAURAHARA,1.34
02-12-2025,28.5,80.5,KHERI,UTTAR PRADESH,D722,DHAURAHARA,1.34
03-12-2025,28.5,80.5,KHERI,UTTAR PRADESH,D722,DHAURAHARA,1.26
04-12-2025,28.5,80.5,KHERI,UTTAR PRADESH,D722,DHAURAHARA,1.32
05-12-2025,28.5,80.5,KHERI,UTTAR PRADESH,D722,DHAURAHARA,1.07
06-12-2025,28.5,80.5,KHERI,UTTAR PRADESH,D722,DHAURAHARA,1.13
07-12-2025,28.5,80.5,KHERI,UTTAR PRADESH,D722,DHAURAHARA,1.32
08-12-2025,28.5,80.5,KHERI,UTTAR PRADESH,D722,DHAURAHARA,1.57
09-12-2025,28.5,80.5,KHERI,UTTAR PRADESH,D722,DHAURAHARA,1.83
10-12-2025,28.5,80.5,KHERI,UTTAR PRADESH,D722,DHAURAHARA,1.76
11-12-2025,28.5,80.5,KHERI,UTTAR PRADESH,D722,DHAURAHARA,1.86
12-12-2025,28.5,80.5,KHERI,UTTAR PRADESH,D722,DHAURAHARA,1.88
13-12-2025,28.5,80.5,KHERI,UTTAR PRADESH,D722,DHAURAHARA,2.25
14-12-2025,28.5,80.5,KHERI,UTTAR PRADESH,D722,DHAURAHARA,2.14
15-12-2025,28.5,80.5,KHERI,UTTAR PRADESH,D722,DHAURAHARA,2.1
16-12-2025,28.5,80.5,KHERI,UTTAR PRADESH,D722,DHAURAHARA,2.2
17-12-2025,28.5,80.5,KHERI,UTTAR PRADESH,D722,DHAURAHARA,2.42
18-12-2025,28.5,80.5,KHERI,UTTAR PRADESH,D722,DHAURAHARA,2.56
19-12-2025,28.5,80.5,KHERI,UTTAR PRADESH,D722,DHAURAHARA,2.37
20-12-2025,28.5,80.5,KHERI,UTTAR PRADESH,D722,DHAURAHARA,2.64
21-12-2025,28.5,80.5,KHERI,UTTAR PRADESH,D722,DHAURAHARA,2.69
22-12-2025,28.5,80.5,KHERI,UTTAR PRADESH,D722,DHAURAHARA,2.62
23-12-2025,28.5,80.5,KHERI,UTTAR PRADESH,D722,DHAURAHARA,2.33
24-12-2025,28.5,80.5,KHERI,UTTAR PRADESH,D722,DHAURAHARA,2.63
25-12-2025,28.5,80.5,KHERI,UTTAR PRADESH,D722,DHAURAHARA,2.73
26-12-2025,28.5,80.5,KHERI,UTTAR PRADESH,D722,DHAURAHARA,3.02
27-12-2025,28.5,80.5,KHERI,UTTAR PRADESH,D722,DHAURAHARA,2.9
28-12-2025,28.5,80.5,KHERI,UTTAR PRADESH,D722,DHAURAHARA,2.68
29-12-2025,28.5,80.5,KHERI,UTTAR PRADESH,D722,DHAURAHARA,2.83
30-12-2025,28.5,80.5,KHERI,UTTAR PRADESH,D722,DHAURAHARA,2.98
31-12-2025,28.5,80.5,KHERI,UTTAR PRADESH,D722,DHAURAHARA,3.04
01-01-2025,24.5,78.5,LALITPUR,UTTAR PRADESH,D724,LALITPUR,2.92
02-01-2025,24.5,78.5,LALITPUR,UTTAR PRADESH,D724,LALITPUR,3.02
03-01-2025,24.5,78.5,LALITPUR,UTTAR PRADESH,D724,LALITPUR,2.7
04-01-2025,24.5,78.5,LALITPUR,UTTAR PRADESH,D724,LALITPUR,2.57
05-01-2025,24.5,78.5,LALITPUR,UTTAR PRADESH,D724,LALITPUR,2.78
06-01-2025,24.5,78.5,LALITPUR,UTTAR PRADESH,D724,LALITPUR,3.25
07-01-2025,24.5,78.5,LALITPUR,UTTAR PRADESH,D724,LALITPUR,2.51
08-01-2025,24.5,78.5,LALITPUR,UTTAR PRADESH,D724,LALITPUR,2.26
09-01-2025,24.5,78.5,LALITPUR,UTTAR PRADESH,D724,LALITPUR,2.51
10-01-2025,24.5,78.5,LALITPUR,UTTAR PRADESH,D724,LALITPUR,2.67
11-01-2025,24.5,78.5,LALITPUR,UTTAR PRADESH,D724,LALITPUR,2.69
12-01-2025,24.5,78.5,LALITPUR,UTTAR PRADESH,D724,LALITPUR,2.83
13-01-2025,24.5,78.5,LALITPUR,UTTAR PRADESH,D724,LALITPUR,3.02
14-01-2025,24.5,78.5,LALITPUR,UTTAR PRADESH,D724,LALITPUR,2.75
15-01-2025,24.5,78.5,LALITPUR,UTTAR PRADESH,D724,LALITPUR,2.79
16-01-2025,24.5,78.5,LALITPUR,UTTAR PRADESH,D724,LALITPUR,3.21
17-01-2025,24.5,78.5,LALITPUR,UTTAR PRADESH,D724,LALITPUR,3.12
18-01-2025,24.5,78.5,LALITPUR,UTTAR PRADESH,D724,LALITPUR,3.21
19-01-2025,24.5,78.5,LALITPUR,UTTAR PRADESH,D724,LALITPUR,3.11
20-01-2025,24.5,78.5,LALITPUR,UTTAR PRADESH,D724,LALITPUR,2.96
21-01-2025,24.5,78.5,LALITPUR,UTTAR PRADESH,D724,LALITPUR,2.84
22-01-2025,24.5,78.5,LALITPUR,UTTAR PRADESH,D724,LALITPUR,2.89
23-01-2025,24.5,78.5,LALITPUR,UTTAR PRADESH,D724,LALITPUR,2.84
24-01-2025,24.5,78.5,LALITPUR,UTTAR PRADESH,D724,LALITPUR,2.77
25-01-2025,24.5,78.5,LALITPUR,UTTAR PRADESH,D724,LALITPUR,3.11
26-01-2025,24.5,78.5,LALITPUR,UTTAR PRADESH,D724,LALITPUR,3.07
27-01-2025,24.5,78.5,LALITPUR,UTTAR PRADESH,D724,LALITPUR,2.97
28-01-2025,24.5,78.5,LALITPUR,UTTAR PRADESH,D724,LALITPUR,2.78
29-01-2025,24.5,78.5,LALITPUR,UTTAR PRADESH,D724,LALITPUR,2.53
30-01-2025,24.5,78.5,LALITPUR,UTTAR PRADESH,D724,LALITPUR,2.78
31-01-2025,24.5,78.5,LALITPUR,UTTAR PRADESH,D724,LALITPUR,2.6
01-02-2025,24.5,78.5,LALITPUR,UTTAR PRADESH,D724,LALITPUR,2.79
02-02-2025,24.5,78.5,LALITPUR,UTTAR PRADESH,D724,LALITPUR,2.54
03-02-2025,24.5,78.5,LALITPUR,UTTAR PRADESH,D724,LALITPUR,2.61
04-02-2025,24.5,78.5,LALITPUR,UTTAR PRADESH,D724,LALITPUR,2.83
05-02-2025,24.5,78.5,LALITPUR,UTTAR PRADESH,D724,LALITPUR,2.98
06-02-2025,24.5,78.5,LALITPUR,UTTAR PRADESH,D724,LALITPUR,2.94
07-02-2025,24.5,78.5,LALITPUR,UTTAR PRADESH,D724,LALITPUR,2.6
08-02-2025,24.5,78.5,LALITPUR,UTTAR PRADESH,D724,LALITPUR,2.45
09-02-2025,24.5,78.5,LALITPUR,UTTAR PRADESH,D724,LALITPUR,2.78
10-02-2025,24.5,78.5,LALITPUR,UTTAR PRADESH,D724,LALITPUR,3.07
11-02-2025,24.5,78.5,LALITPUR,UTTAR PRADESH,D724,LALITPUR,2.67
12-02-2025,24.5,78.5,LALITPUR,UTTAR PRADESH,D724,LALITPUR,2.8
13-02-2025,24.5,78.5,LALITPUR,UTTAR PRADESH,D724,LALITPUR,2.94
14-02-2025,24.5,78.5,LALITPUR,UTTAR PRADESH,D724,LALITPUR,2.57
15-02-2025,24.5,78.5,LALITPUR,UTTAR PRADESH,D724,LALITPUR,2.62
16-02-2025,24.5,78.5,LALITPUR,UTTAR PRADESH,D724,LALITPUR,2.52
17-02-2025,24.5,78.5,LALITPUR,UTTAR PRADESH,D724,LALITPUR,2.39
18-02-2025,24.5,78.5,LALITPUR,UTTAR PRADESH,D724,LALITPUR,2.19
19-02-2025,24.5,78.5,LALITPUR,UTTAR PRADESH,D724,LALITPUR,2.25
20-02-2025,24.5,78.5,LALITPUR,UTTAR PRADESH,D724,LALITPUR,2.38
21-02-2025,24.5,78.5,LALITPUR,UTTAR PRADESH,D724,LALITPUR,2.66
22-02-2025,24.5,78.5,LALITPUR,UTTAR PRADESH,D724,LALITPUR,3.09
23-02-2025,24.5,78.5,LALITPUR,UTTAR PRADESH,D724,LALITPUR,3.14
24-02-2025,24.5,78.5,LALITPUR,UTTAR PRADESH,D724,LALITPUR,3.11
25-02-2025,24.5,78.5,LALITPUR,UTTAR PRADESH,D724,LALITPUR,2.76
26-02-2025,24.5,78.5,LALITPUR,UTTAR PRADESH,D724,LALITPUR,2.59
27-02-2025,24.5,78.5,LALITPUR,UTTAR PRADESH,D724,LALITPUR,2.86
28-02-2025,24.5,78.5,LALITPUR,UTTAR PRADESH,D724,LALITPUR,2.77
29-02-2025,24.5,78.5,LALITPUR,UTTAR PRADESH,D724,LALITPUR,1.68
01-03-2025,24.5,78.5,LALITPUR,UTTAR PRADESH,D724,LALITPUR,3.58
02-03-2025,24.5,78.5,LALITPUR,UTTAR PRADESH,D724,LALITPUR,3.14
03-03-2025,24.5,78.5,LALITPUR,UTTAR PRADESH,D724,LALITPUR,2.9
04-03-2025,24.5,78.5,LALITPUR,UTTAR PRADESH,D724,LALITPUR,2.82
05-03-2025,24.5,78.5,LALITPUR,UTTAR PRADESH,D724,LALITPUR,2.92
06-03-2025,24.5,78.5,LALITPUR,UTTAR PRADESH,D724,LALITPUR,2.43
07-03-2025,24.5,78.5,LALITPUR,UTTAR PRADESH,D724,LALITPUR,2.43
08-03-2025,24.5,78.5,LALITPUR,UTTAR PRADESH,D724,LALITPUR,2.61
09-03-2025,24.5,78.5,LALITPUR,UTTAR PRADESH,D724,LALITPUR,2.38
10-03-2025,24.5,78.5,LALITPUR,UTTAR PRADESH,D724,LALITPUR,2.84
11-03-2025,24.5,78.5,LALITPUR,UTTAR PRADESH,D724,LALITPUR,2.53
12-03-2025,24.5,78.5,LALITPUR,UTTAR PRADESH,D724,LALITPUR,2.77
13-03-2025,24.5,78.5,LALITPUR,UTTAR PRADESH,D724,LALITPUR,2.89
14-03-2025,24.5,78.5,LALITPUR,UTTAR PRADESH,D724,LALITPUR,3.01
15-03-2025,24.5,78.5,LALITPUR,UTTAR PRADESH,D724,LALITPUR,3.32
16-03-2025,24.5,78.5,LALITPUR,UTTAR PRADESH,D724,LALITPUR,2.66
17-03-2025,24.5,78.5,LALITPUR,UTTAR PRADESH,D724,LALITPUR,2.95
18-03-2025,24.5,78.5,LALITPUR,UTTAR PRADESH,D724,LALITPUR,2.8
19-03-2025,24.5,78.5,LALITPUR,UTTAR PRADESH,D724,LALITPUR,2.96
20-03-2025,24.5,78.5,LALITPUR,UTTAR PRADESH,D724,LALITPUR,2.3
21-03-2025,24.5,78.5,LALITPUR,UTTAR PRADESH,D724,LALITPUR,2.28
22-03-2025,24.5,78.5,LALITPUR,UTTAR PRADESH,D724,LALITPUR,2.15
23-03-2025,24.5,78.5,LALITPUR,UTTAR PRADESH,D724,LALITPUR,1.99
24-03-2025,24.5,78.5,LALITPUR,UTTAR PRADESH,D724,LALITPUR,1.97
25-03-2025,24.5,78.5,LALITPUR,UTTAR PRADESH,D724,LALITPUR,2.05
26-03-2025,24.5,78.5,LALITPUR,UTTAR PRADESH,D724,LALITPUR,2.21
27-03-2025,24.5,78.5,LALITPUR,UTTAR PRADESH,D724,LALITPUR,2.75
28-03-2025,24.5,78.5,LALITPUR,UTTAR PRADESH,D724,LALITPUR,2.26
29-03-2025,24.5,78.5,LALITPUR,UTTAR PRADESH,D724,LALITPUR,2.12
30-03-2025,24.5,78.5,LALITPUR,UTTAR PRADESH,D724,LALITPUR,2.18
31-03-2025,24.5,78.5,LALITPUR,UTTAR PRADESH,D724,LALITPUR,2.52
01-04-2025,24.5,78.5,LALITPUR,UTTAR PRADESH,D724,LALITPUR,2.37
02-04-2025,24.5,78.5,LALITPUR,UTTAR PRADESH,D724,LALITPUR,2.32
03-04-2025,24.5,78.5,LALITPUR,UTTAR PRADESH,D724,LALITPUR,2.47
04-04-2025,24.5,78.5,LALITPUR,UTTAR PRADESH,D724,LALITPUR,2.42
05-04-2025,24.5,78.5,LALITPUR,UTTAR PRADESH,D724,LALITPUR,2.58
06-04-2025,24.5,78.5,LALITPUR,UTTAR PRADESH,D724,LALITPUR,2.27
07-04-2025,24.5,78.5,LALITPUR,UTTAR PRADESH,D724,LALITPUR,2.1
08-04-2025,24.5,78.5,LALITPUR,UTTAR PRADESH,D724,LALITPUR,2.11
09-04-2025,24.5,78.5,LALITPUR,UTTAR PRADESH,D724,LALITPUR,2.04
10-04-2025,24.5,78.5,LALITPUR,UTTAR PRADESH,D724,LALITPUR,2.01
11-04-2025,24.5,78.5,LALITPUR,UTTAR PRADESH,D724,LALITPUR,2.07
12-04-2025,24.5,78.5,LALITPUR,UTTAR PRADESH,D724,LALITPUR,2.32
13-04-2025,24.5,78.5,LALITPUR,UTTAR PRADESH,D724,LALITPUR,2.69
14-04-2025,24.5,78.5,LALITPUR,UTTAR PRADESH,D724,LALITPUR,2.47
15-04-2025,24.5,78.5,LALITPUR,UTTAR PRADESH,D724,LALITPUR,2.27
16-04-2025,24.5,78.5,LALITPUR,UTTAR PRADESH,D724,LALITPUR,2.54
17-04-2025,24.5,78.5,LALITPUR,UTTAR PRADESH,D724,LALITPUR,2.75
18-04-2025,24.5,78.5,LALITPUR,UTTAR PRADESH,D724,LALITPUR,2.72
19-04-2025,24.5,78.5,LALITPUR,UTTAR PRADESH,D724,LALITPUR,2.56
20-04-2025,24.5,78.5,LALITPUR,UTTAR PRADESH,D724,LALITPUR,2.41
21-04-2025,24.5,78.5,LALITPUR,UTTAR PRADESH,D724,LALITPUR,2.23
22-04-2025,24.5,78.5,LALITPUR,UTTAR PRADESH,D724,LALITPUR,2.16
23-04-2025,24.5,78.5,LALITPUR,UTTAR PRADESH,D724,LALITPUR,1.82
24-04-2025,24.5,78.5,LALITPUR,UTTAR PRADESH,D724,LALITPUR,1.77
25-04-2025,24.5,78.5,LALITPUR,UTTAR PRADESH,D724,LALITPUR,1.74
26-04-2025,24.5,78.5,LALITPUR,UTTAR PRADESH,D724,LALITPUR,1.73
27-04-2025,24.5,78.5,LALITPUR,UTTAR PRADESH,D724,LALITPUR,1.99
28-04-2025,24.5,78.5,LALITPUR,UTTAR PRADESH,D724,LALITPUR,2.07
29-04-2025,24.5,78.5,LALITPUR,UTTAR PRADESH,D724,LALITPUR,2.66
30-04-2025,24.5,78.5,LALITPUR,UTTAR PRADESH,D724,LALITPUR,2.8
01-05-2025,24.5,78.5,LALITPUR,UTTAR PRADESH,D724,LALITPUR,2.54
02-05-2025,24.5,78.5,LALITPUR,UTTAR PRADESH,D724,LALITPUR,2.67
03-05-2025,24.5,78.5,LALITPUR,UTTAR PRADESH,D724,LALITPUR,2.56
04-05-2025,24.5,78.5,LALITPUR,UTTAR PRADESH,D724,LALITPUR,2.26
05-05-2025,24.5,78.5,LALITPUR,UTTAR PRADESH,D724,LALITPUR,2.28
06-05-2025,24.5,78.5,LALITPUR,UTTAR PRADESH,D724,LALITPUR,2.19
07-05-2025,24.5,78.5,LALITPUR,UTTAR PRADESH,D724,LALITPUR,2.11
08-05-2025,24.5,78.5,LALITPUR,UTTAR PRADESH,D724,LALITPUR,2.05
09-05-2025,24.5,78.5,LALITPUR,UTTAR PRADESH,D724,LALITPUR,1.83
10-05-2025,24.5,78.5,LALITPUR,UTTAR PRADESH,D724,LALITPUR,1.52
11-05-2025,24.5,78.5,LALITPUR,UTTAR PRADESH,D724,LALITPUR,1.62
12-05-2025,24.5,78.5,LALITPUR,UTTAR PRADESH,D724,LALITPUR,1.81
13-05-2025,24.5,78.5,LALITPUR,UTTAR PRADESH,D724,LALITPUR,2.02
14-05-2025,24.5,78.5,LALITPUR,UTTAR PRADESH,D724,LALITPUR,2.06
15-05-2025,24.5,78.5,LALITPUR,UTTAR PRADESH,D724,LALITPUR,2.04
16-05-2025,24.5,78.5,LALITPUR,UTTAR PRADESH,D724,LALITPUR,1.76
17-05-2025,24.5,78.5,LALITPUR,UTTAR PRADESH,D724,LALITPUR,2.06
18-05-2025,24.5,78.5,LALITPUR,UTTAR PRADESH,D724,LALITPUR,2.34
19-05-2025,24.5,78.5,LALITPUR,UTTAR PRADESH,D724,LALITPUR,2.61
20-05-2025,24.5,78.5,LALITPUR,UTTAR PRADESH,D724,LALITPUR,2.83
21-05-2025,24.5,78.5,LALITPUR,UTTAR PRADESH,D724,LALITPUR,2.42
22-05-2025,24.5,78.5,LALITPUR,UTTAR PRADESH,D724,LALITPUR,2.51
23-05-2025,24.5,78.5,LALITPUR,UTTAR PRADESH,D724,LALITPUR,2.34
24-05-2025,24.5,78.5,LALITPUR,UTTAR PRADESH,D724,LALITPUR,2.67
25-05-2025,24.5,78.5,LALITPUR,UTTAR PRADESH,D724,LALITPUR,2.48
26-05-2025,24.5,78.5,LALITPUR,UTTAR PRADESH,D724,LALITPUR,2.11
27-05-2025,24.5,78.5,LALITPUR,UTTAR PRADESH,D724,LALITPUR,1.97
28-05-2025,24.5,78.5,LALITPUR,UTTAR PRADESH,D724,LALITPUR,2.01
29-05-2025,24.5,78.5,LALITPUR,UTTAR PRADESH,D724,LALITPUR,2.3
30-05-2025,24.5,78.5,LALITPUR,UTTAR PRADESH,D724,LALITPUR,2.51
31-05-2025,24.5,78.5,LALITPUR,UTTAR PRADESH,D724,LALITPUR,2.33
01-06-2025,24.5,78.5,LALITPUR,UTTAR PRADESH,D724,LALITPUR,2.62
02-06-2025,24.5,78.5,LALITPUR,UTTAR PRADESH,D724,LALITPUR,2.95
03-06-2025,24.5,78.5,LALITPUR,UTTAR PRADESH,D724,LALITPUR,3.1
04-06-2025,24.5,78.5,LALITPUR,UTTAR PRADESH,D724,LALITPUR,3.66
05-06-2025,24.5,78.5,LALITPUR,UTTAR PRADESH,D724,LALITPUR,3.31
06-06-2025,24.5,78.5,LALITPUR,UTTAR PRADESH,D724,LALITPUR,2.78
07-06-2025,24.5,78.5,LALITPUR,UTTAR PRADESH,D724,LALITPUR,3.04
08-06-2025,24.5,78.5,LALITPUR,UTTAR PRADESH,D724,LALITPUR,2.83
09-06-2025,24.5,78.5,LALITPUR,UTTAR PRADESH,D724,LALITPUR,2.71
10-06-2025,24.5,78.5,LALITPUR,UTTAR PRADESH,D724,LALITPUR,2.93
11-06-2025,24.5,78.5,LALITPUR,UTTAR PRADESH,D724,LALITPUR,3.33
12-06-2025,24.5,78.5,LALITPUR,UTTAR PRADESH,D724,LALITPUR,2.69
13-06-2025,24.5,78.5,LALITPUR,UTTAR PRADESH,D724,LALITPUR,2.69
14-06-2025,24.5,78.5,LALITPUR,UTTAR PRADESH,D724,LALITPUR,2.49
15-06-2025,24.5,78.5,LALITPUR,UTTAR PRADESH,D724,LALITPUR,2.92
16-06-2025,24.5,78.5,LALITPUR,UTTAR PRADESH,D724,LALITPUR,3.59
17-06-2025,24.5,78.5,LALITPUR,UTTAR PRADESH,D724,LALITPUR,3.86
18-06-2025,24.5,78.5,LALITPUR,UTTAR PRADESH,D724,LALITPUR,3.66
19-06-2025,24.5,78.5,LALITPUR,UTTAR PRADESH,D724,LALITPUR,3.41
20-06-2025,24.5,78.5,LALITPUR,UTTAR PRADESH,D724,LALITPUR,3.5
21-06-2025,24.5,78.5,LALITPUR,UTTAR PRADESH,D724,LALITPUR,3.49
22-06-2025,24.5,78.5,LALITPUR,UTTAR PRADESH,D724,LALITPUR,3.65
23-06-2025,24.5,78.5,LALITPUR,UTTAR PRADESH,D724,LALITPUR,3.43
24-06-2025,24.5,78.5,LALITPUR,UTTAR PRADESH,D724,LALITPUR,2.75
25-06-2025,24.5,78.5,LALITPUR,UTTAR PRADESH,D724,LALITPUR,2.62
26-06-2025,24.5,78.5,LALITPUR,UTTAR PRADESH,D724,LALITPUR,3.04
27-06-2025,24.5,78.5,LALITPUR,UTTAR PRADESH,D724,LALITPUR,3.24
28-06-2025,24.5,78.5,LALITPUR,UTTAR PRADESH,D724,LALITPUR,3.32
29-06-2025,24.5,78.5,LALITPUR,UTTAR PRADESH,D724,LALITPUR,2.92
30-06-2025,24.5,78.5,LALITPUR,UTTAR PRADESH,D724,LALITPUR,3.06
01-07-2025,24.5,78.5,LALITPUR,UTTAR PRADESH,D724,LALITPUR,3.15
02-07-2025,24.5,78.5,LALITPUR,UTTAR PRADESH,D724,LALITPUR,3.01
03-07-2025,24.5,78.5,LALITPUR,UTTAR PRADESH,D724,LALITPUR,2.78
04-07-2025,24.5,78.5,LALITPUR,UTTAR PRADESH,D724,LALITPUR,2.72
05-07-2025,24.5,78.5,LALITPUR,UTTAR PRADESH,D724,LALITPUR,2.85
06-07-2025,24.5,78.5,LALITPUR,UTTAR PRADESH,D724,LALITPUR,3.34
07-07-2025,24.5,78.5,LALITPUR,UTTAR PRADESH,D724,LALITPUR,3.16
08-07-2025,24.5,78.5,LALITPUR,UTTAR PRADESH,D724,LALITPUR,2.89
09-07-2025,24.5,78.5,LALITPUR,UTTAR PRADESH,D724,LALITPUR,2.93
10-07-2025,24.5,78.5,LALITPUR,UTTAR PRADESH,D724,LALITPUR,2.66
11-07-2025,24.5,78.5,LALITPUR,UTTAR PRADESH,D724,LALITPUR,2.53
12-07-2025,24.5,78.5,LALITPUR,UTTAR PRADESH,D724,LALITPUR,2.48
13-07-2025,24.5,78.5,LALITPUR,UTTAR PRADESH,D724,LALITPUR,2.84
14-07-2025,24.5,78.5,LALITPUR,UTTAR PRADESH,D724,LALITPUR,2.45
15-07-2025,24.5,78.5,LALITPUR,UTTAR PRADESH,D724,LALITPUR,2.43
16-07-2025,24.5,78.5,LALITPUR,UTTAR PRADESH,D724,LALITPUR,2.35
17-07-2025,24.5,78.5,LALITPUR,UTTAR PRADESH,D724,LALITPUR,2.59
18-07-2025,24.5,78.5,LALITPUR,UTTAR PRADESH,D724,LALITPUR,2.35
19-07-2025,24.5,78.5,LALITPUR,UTTAR PRADESH,D724,LALITPUR,2.04
20-07-2025,24.5,78.5,LALITPUR,UTTAR PRADESH,D724,LALITPUR,2.09
21-07-2025,24.5,78.5,LALITPUR,UTTAR PRADESH,D724,LALITPUR,2.63
22-07-2025,24.5,78.5,LALITPUR,UTTAR PRADESH,D724,LALITPUR,2.47
23-07-2025,24.5,78.5,LALITPUR,UTTAR PRADESH,D724,LALITPUR,2.72
24-07-2025,24.5,78.5,LALITPUR,UTTAR PRADESH,D724,LALITPUR,2.6
25-07-2025,24.5,78.5,LALITPUR,UTTAR PRADESH,D724,LALITPUR,2.18
26-07-2025,24.5,78.5,LALITPUR,UTTAR PRADESH,D724,LALITPUR,2.32
27-07-2025,24.5,78.5,LALITPUR,UTTAR PRADESH,D724,LALITPUR,2.43
28-07-2025,24.5,78.5,LALITPUR,UTTAR PRADESH,D724,LALITPUR,2.24
29-07-2025,24.5,78.5,LALITPUR,UTTAR PRADESH,D724,LALITPUR,2.27
30-07-2025,24.5,78.5,LALITPUR,UTTAR PRADESH,D724,LALITPUR,2.31
31-07-2025,24.5,78.5,LALITPUR,UTTAR PRADESH,D724,LALITPUR,2.37
01-08-2025,24.5,78.5,LALITPUR,UTTAR PRADESH,D724,LALITPUR,1.95
02-08-2025,24.5,78.5,LALITPUR,UTTAR PRADESH,D724,LALITPUR,1.93
03-08-2025,24.5,78.5,LALITPUR,UTTAR PRADESH,D724,LALITPUR,1.72
04-08-2025,24.5,78.5,LALITPUR,UTTAR PRADESH,D724,LALITPUR,1.67
05-08-2025,24.5,78.5,LALITPUR,UTTAR PRADESH,D724,LALITPUR,1.6
06-08-2025,24.5,78.5,LALITPUR,UTTAR PRADESH,D724,LALITPUR,1.9
07-08-2025,24.5,78.5,LALITPUR,UTTAR PRADESH,D724,LALITPUR,1.91
08-08-2025,24.5,78.5,LALITPUR,UTTAR PRADESH,D724,LALITPUR,1.98
09-08-2025,24.5,78.5,LALITPUR,UTTAR PRADESH,D724,LALITPUR,1.86
10-08-2025,24.5,78.5,LALITPUR,UTTAR PRADESH,D724,LALITPUR,1.73
11-08-2025,24.5,78.5,LALITPUR,UTTAR PRADESH,D724,LALITPUR,1.66
12-08-2025,24.5,78.5,LALITPUR,UTTAR PRADESH,D724,LALITPUR,1.44
13-08-2025,24.5,78.5,LALITPUR,UTTAR PRADESH,D724,LALITPUR,1.33
14-08-2025,24.5,78.5,LALITPUR,UTTAR PRADESH,D724,LALITPUR,1.69
15-08-2025,24.5,78.5,LALITPUR,UTTAR PRADESH,D724,LALITPUR,2.04
16-08-2025,24.5,78.5,LALITPUR,UTTAR PRADESH,D724,LALITPUR,1.92
17-08-2025,24.5,78.5,LALITPUR,UTTAR PRADESH,D724,LALITPUR,1.72
18-08-2025,24.5,78.5,LALITPUR,UTTAR PRADESH,D724,LALITPUR,1.67
19-08-2025,24.5,78.5,LALITPUR,UTTAR PRADESH,D724,LALITPUR,2.06
20-08-2025,24.5,78.5,LALITPUR,UTTAR PRADESH,D724,LALITPUR,1.87
21-08-2025,24.5,78.5,LALITPUR,UTTAR PRADESH,D724,LALITPUR,1.87
22-08-2025,24.5,78.5,LALITPUR,UTTAR PRADESH,D724,LALITPUR,2
23-08-2025,24.5,78.5,LALITPUR,UTTAR PRADESH,D724,LALITPUR,1.9
24-08-2025,24.5,78.5,LALITPUR,UTTAR PRADESH,D724,LALITPUR,2.02
25-08-2025,24.5,78.5,LALITPUR,UTTAR PRADESH,D724,LALITPUR,2.12
26-08-2025,24.5,78.5,LALITPUR,UTTAR PRADESH,D724,LALITPUR,1.73
27-08-2025,24.5,78.5,LALITPUR,UTTAR PRADESH,D724,LALITPUR,1.44
28-08-2025,24.5,78.5,LALITPUR,UTTAR PRADESH,D724,LALITPUR,1.61
29-08-2025,24.5,78.5,LALITPUR,UTTAR PRADESH,D724,LALITPUR,1.6
30-08-2025,24.5,78.5,LALITPUR,UTTAR PRADESH,D724,LALITPUR,1.66
31-08-2025,24.5,78.5,LALITPUR,UTTAR PRADESH,D724,LALITPUR,1.82
01-09-2025,24.5,78.5,LALITPUR,UTTAR PRADESH,D724,LALITPUR,2.23
02-09-2025,24.5,78.5,LALITPUR,UTTAR PRADESH,D724,LALITPUR,2.16
03-09-2025,24.5,78.5,LALITPUR,UTTAR PRADESH,D724,LALITPUR,2.23
04-09-2025,24.5,78.5,LALITPUR,UTTAR PRADESH,D724,LALITPUR,2.03
05-09-2025,24.5,78.5,LALITPUR,UTTAR PRADESH,D724,LALITPUR,2.22
06-09-2025,24.5,78.5,LALITPUR,UTTAR PRADESH,D724,LALITPUR,2.13
07-09-2025,24.5,78.5,LALITPUR,UTTAR PRADESH,D724,LALITPUR,2.06
08-09-2025,24.5,78.5,LALITPUR,UTTAR PRADESH,D724,LALITPUR,2.39
09-09-2025,24.5,78.5,LALITPUR,UTTAR PRADESH,D724,LALITPUR,2.38
10-09-2025,24.5,78.5,LALITPUR,UTTAR PRADESH,D724,LALITPUR,2.43
11-09-2025,24.5,78.5,LALITPUR,UTTAR PRADESH,D724,LALITPUR,2.35
12-09-2025,24.5,78.5,LALITPUR,UTTAR PRADESH,D724,LALITPUR,2.14
13-09-2025,24.5,78.5,LALITPUR,UTTAR PRADESH,D724,LALITPUR,1.95
14-09-2025,24.5,78.5,LALITPUR,UTTAR PRADESH,D724,LALITPUR,1.82
15-09-2025,24.5,78.5,LALITPUR,UTTAR PRADESH,D724,LALITPUR,2.09
16-09-2025,24.5,78.5,LALITPUR,UTTAR PRADESH,D724,LALITPUR,2.33
17-09-2025,24.5,78.5,LALITPUR,UTTAR PRADESH,D724,LALITPUR,2.14
18-09-2025,24.5,78.5,LALITPUR,UTTAR PRADESH,D724,LALITPUR,2.11
19-09-2025,24.5,78.5,LALITPUR,UTTAR PRADESH,D724,LALITPUR,2.05
20-09-2025,24.5,78.5,LALITPUR,UTTAR PRADESH,D724,LALITPUR,2.09
21-09-2025,24.5,78.5,LALITPUR,UTTAR PRADESH,D724,LALITPUR,2.08
22-09-2025,24.5,78.5,LALITPUR,UTTAR PRADESH,D724,LALITPUR,2.09
23-09-2025,24.5,78.5,LALITPUR,UTTAR PRADESH,D724,LALITPUR,1.95
24-09-2025,24.5,78.5,LALITPUR,UTTAR PRADESH,D724,LALITPUR,1.89
25-09-2025,24.5,78.5,LALITPUR,UTTAR PRADESH,D724,LALITPUR,2.1
26-09-2025,24.5,78.5,LALITPUR,UTTAR PRADESH,D724,LALITPUR,1.85
27-09-2025,24.5,78.5,LALITPUR,UTTAR PRADESH,D724,LALITPUR,1.61
28-09-2025,24.5,78.5,LALITPUR,UTTAR PRADESH,D724,LALITPUR,1.7
29-09-2025,24.5,78.5,LALITPUR,UTTAR PRADESH,D724,LALITPUR,1.67
30-09-2025,24.5,78.5,LALITPUR,UTTAR PRADESH,D724,LALITPUR,1.61
01-10-2025,24.5,78.5,LALITPUR,UTTAR PRADESH,D724,LALITPUR,1.47
02-10-2025,24.5,78.5,LALITPUR,UTTAR PRADESH,D724,LALITPUR,1.84
03-10-2025,24.5,78.5,LALITPUR,UTTAR PRADESH,D724,LALITPUR,2.33
04-10-2025,24.5,78.5,LALITPUR,UTTAR PRADESH,D724,LALITPUR,2.43
05-10-2025,24.5,78.5,LALITPUR,UTTAR PRADESH,D724,LALITPUR,2.35
06-10-2025,24.5,78.5,LALITPUR,UTTAR PRADESH,D724,LALITPUR,2.48
07-10-2025,24.5,78.5,LALITPUR,UTTAR PRADESH,D724,LALITPUR,2.07
08-10-2025,24.5,78.5,LALITPUR,UTTAR PRADESH,D724,LALITPUR,1.71
09-10-2025,24.5,78.5,LALITPUR,UTTAR PRADESH,D724,LALITPUR,1.75
10-10-2025,24.5,78.5,LALITPUR,UTTAR PRADESH,D724,LALITPUR,1.66
11-10-2025,24.5,78.5,LALITPUR,UTTAR PRADESH,D724,LALITPUR,1.63
12-10-2025,24.5,78.5,LALITPUR,UTTAR PRADESH,D724,LALITPUR,1.59
13-10-2025,24.5,78.5,LALITPUR,UTTAR PRADESH,D724,LALITPUR,1.85
14-10-2025,24.5,78.5,LALITPUR,UTTAR PRADESH,D724,LALITPUR,2.2
15-10-2025,24.5,78.5,LALITPUR,UTTAR PRADESH,D724,LALITPUR,1.76
16-10-2025,24.5,78.5,LALITPUR,UTTAR PRADESH,D724,LALITPUR,1.65
17-10-2025,24.5,78.5,LALITPUR,UTTAR PRADESH,D724,LALITPUR,1.64
18-10-2025,24.5,78.5,LALITPUR,UTTAR PRADESH,D724,LALITPUR,1.66
19-10-2025,24.5,78.5,LALITPUR,UTTAR PRADESH,D724,LALITPUR,1.58
20-10-2025,24.5,78.5,LALITPUR,UTTAR PRADESH,D724,LALITPUR,1.92
21-10-2025,24.5,78.5,LALITPUR,UTTAR PRADESH,D724,LALITPUR,1.86
22-10-2025,24.5,78.5,LALITPUR,UTTAR PRADESH,D724,LALITPUR,1.64
23-10-2025,24.5,78.5,LALITPUR,UTTAR PRADESH,D724,LALITPUR,1.89
24-10-2025,24.5,78.5,LALITPUR,UTTAR PRADESH,D724,LALITPUR,2.19
25-10-2025,24.5,78.5,LALITPUR,UTTAR PRADESH,D724,LALITPUR,2.15
26-10-2025,24.5,78.5,LALITPUR,UTTAR PRADESH,D724,LALITPUR,2.19
27-10-2025,24.5,78.5,LALITPUR,UTTAR PRADESH,D724,LALITPUR,1.99
28-10-2025,24.5,78.5,LALITPUR,UTTAR PRADESH,D724,LALITPUR,2.18
29-10-2025,24.5,78.5,LALITPUR,UTTAR PRADESH,D724,LALITPUR,2.24
30-10-2025,24.5,78.5,LALITPUR,UTTAR PRADESH,D724,LALITPUR,2.21
31-10-2025,24.5,78.5,LALITPUR,UTTAR PRADESH,D724,LALITPUR,2
01-11-2025,24.5,78.5,LALITPUR,UTTAR PRADESH,D724,LALITPUR,1.63
02-11-2025,24.5,78.5,LALITPUR,UTTAR PRADESH,D724,LALITPUR,1.52
03-11-2025,24.5,78.5,LALITPUR,UTTAR PRADESH,D724,LALITPUR,1.49
04-11-2025,24.5,78.5,LALITPUR,UTTAR PRADESH,D724,LALITPUR,1.41
05-11-2025,24.5,78.5,LALITPUR,UTTAR PRADESH,D724,LALITPUR,1.26
06-11-2025,24.5,78.5,LALITPUR,UTTAR PRADESH,D724,LALITPUR,1.32
07-11-2025,24.5,78.5,LALITPUR,UTTAR PRADESH,D724,LALITPUR,1.38
08-11-2025,24.5,78.5,LALITPUR,UTTAR PRADESH,D724,LALITPUR,1.4
09-11-2025,24.5,78.5,LALITPUR,UTTAR PRADESH,D724,LALITPUR,1.29
10-11-2025,24.5,78.5,LALITPUR,UTTAR PRADESH,D724,LALITPUR,1.51
11-11-2025,24.5,78.5,LALITPUR,UTTAR PRADESH,D724,LALITPUR,1.4
12-11-2025,24.5,78.5,LALITPUR,UTTAR PRADESH,D724,LALITPUR,2.03
13-11-2025,24.5,78.5,LALITPUR,UTTAR PRADESH,D724,LALITPUR,1.88
14-11-2025,24.5,78.5,LALITPUR,UTTAR PRADESH,D724,LALITPUR,1.51
15-11-2025,24.5,78.5,LALITPUR,UTTAR PRADESH,D724,LALITPUR,1.6
16-11-2025,24.5,78.5,LALITPUR,UTTAR PRADESH,D724,LALITPUR,1.87
17-11-2025,24.5,78.5,LALITPUR,UTTAR PRADESH,D724,LALITPUR,1.75
18-11-2025,24.5,78.5,LALITPUR,UTTAR PRADESH,D724,LALITPUR,1.79
19-11-2025,24.5,78.5,LALITPUR,UTTAR PRADESH,D724,LALITPUR,1.9
20-11-2025,24.5,78.5,LALITPUR,UTTAR PRADESH,D724,LALITPUR,1.82
21-11-2025,24.5,78.5,LALITPUR,UTTAR PRADESH,D724,LALITPUR,1.63
22-11-2025,24.5,78.5,LALITPUR,UTTAR PRADESH,D724,LALITPUR,1.65
23-11-2025,24.5,78.5,LALITPUR,UTTAR PRADESH,D724,LALITPUR,1.68
24-11-2025,24.5,78.5,LALITPUR,UTTAR PRADESH,D724,LALITPUR,1.61
25-11-2025,24.5,78.5,LALITPUR,UTTAR PRADESH,D724,LALITPUR,1.44
26-11-2025,24.5,78.5,LALITPUR,UTTAR PRADESH,D724,LALITPUR,1.39
27-11-2025,24.5,78.5,LALITPUR,UTTAR PRADESH,D724,LALITPUR,1.67
28-11-2025,24.5,78.5,LALITPUR,UTTAR PRADESH,D724,LALITPUR,1.81
29-11-2025,24.5,78.5,LALITPUR,UTTAR PRADESH,D724,LALITPUR,1.84
30-11-2025,24.5,78.5,LALITPUR,UTTAR PRADESH,D724,LALITPUR,1.96
01-12-2025,24.5,78.5,LALITPUR,UTTAR PRADESH,D724,LALITPUR,1.82
02-12-2025,24.5,78.5,LALITPUR,UTTAR PRADESH,D724,LALITPUR,1.71
03-12-2025,24.5,78.5,LALITPUR,UTTAR PRADESH,D724,LALITPUR,1.74
04-12-2025,24.5,78.5,LALITPUR,UTTAR PRADESH,D724,LALITPUR,1.84
05-12-2025,24.5,78.5,LALITPUR,UTTAR PRADESH,D724,LALITPUR,2.16
06-12-2025,24.5,78.5,LALITPUR,UTTAR PRADESH,D724,LALITPUR,2.09
07-12-2025,24.5,78.5,LALITPUR,UTTAR PRADESH,D724,LALITPUR,1.99
08-12-2025,24.5,78.5,LALITPUR,UTTAR PRADESH,D724,LALITPUR,1.94
09-12-2025,24.5,78.5,LALITPUR,UTTAR PRADESH,D724,LALITPUR,2.38
10-12-2025,24.5,78.5,LALITPUR,UTTAR PRADESH,D724,LALITPUR,2.37
11-12-2025,24.5,78.5,LALITPUR,UTTAR PRADESH,D724,LALITPUR,2.09
12-12-2025,24.5,78.5,LALITPUR,UTTAR PRADESH,D724,LALITPUR,2.01
13-12-2025,24.5,78.5,LALITPUR,UTTAR PRADESH,D724,LALITPUR,1.95
14-12-2025,24.5,78.5,LALITPUR,UTTAR PRADESH,D724,LALITPUR,2.29
15-12-2025,24.5,78.5,LALITPUR,UTTAR PRADESH,D724,LALITPUR,2.48
16-12-2025,24.5,78.5,LALITPUR,UTTAR PRADESH,D724,LALITPUR,2.74
17-12-2025,24.5,78.5,LALITPUR,UTTAR PRADESH,D724,LALITPUR,2.76
18-12-2025,24.5,78.5,LALITPUR,UTTAR PRADESH,D724,LALITPUR,2.67
19-12-2025,24.5,78.5,LALITPUR,UTTAR PRADESH,D724,LALITPUR,2.24
20-12-2025,24.5,78.5,LALITPUR,UTTAR PRADESH,D724,LALITPUR,1.86
21-12-2025,24.5,78.5,LALITPUR,UTTAR PRADESH,D724,LALITPUR,2.04
22-12-2025,24.5,78.5,LALITPUR,UTTAR PRADESH,D724,LALITPUR,2.09
23-12-2025,24.5,78.5,LALITPUR,UTTAR PRADESH,D724,LALITPUR,1.94
24-12-2025,24.5,78.5,LALITPUR,UTTAR PRADESH,D724,LALITPUR,2.25
25-12-2025,24.5,78.5,LALITPUR,UTTAR PRADESH,D724,LALITPUR,2.09
26-12-2025,24.5,78.5,LALITPUR,UTTAR PRADESH,D724,LALITPUR,2.19
27-12-2025,24.5,78.5,LALITPUR,UTTAR PRADESH,D724,LALITPUR,2.57
28-12-2025,24.5,78.5,LALITPUR,UTTAR PRADESH,D724,LALITPUR,2.73
29-12-2025,24.5,78.5,LALITPUR,UTTAR PRADESH,D724,LALITPUR,2.91
30-12-2025,24.5,78.5,LALITPUR,UTTAR PRADESH,D724,LALITPUR,2.79
31-12-2025,24.5,78.5,LALITPUR,UTTAR PRADESH,D724,LALITPUR,2.99
01-01-2025,27.5,77.5,MATHURA,UTTAR PRADESH,D728,CHHATA,2.81
02-01-2025,27.5,77.5,MATHURA,UTTAR PRADESH,D728,CHHATA,2.86
03-01-2025,27.5,77.5,MATHURA,UTTAR PRADESH,D728,CHHATA,2.82
04-01-2025,27.5,77.5,MATHURA,UTTAR PRADESH,D728,CHHATA,3.08
05-01-2025,27.5,77.5,MATHURA,UTTAR PRADESH,D728,CHHATA,3.47
06-01-2025,27.5,77.5,MATHURA,UTTAR PRADESH,D728,CHHATA,3.03
07-01-2025,27.5,77.5,MATHURA,UTTAR PRADESH,D728,CHHATA,2.59
08-01-2025,27.5,77.5,MATHURA,UTTAR PRADESH,D728,CHHATA,2.65
09-01-2025,27.5,77.5,MATHURA,UTTAR PRADESH,D728,CHHATA,2.88
10-01-2025,27.5,77.5,MATHURA,UTTAR PRADESH,D728,CHHATA,2.56
11-01-2025,27.5,77.5,MATHURA,UTTAR PRADESH,D728,CHHATA,2.69
12-01-2025,27.5,77.5,MATHURA,UTTAR PRADESH,D728,CHHATA,2.69
13-01-2025,27.5,77.5,MATHURA,UTTAR PRADESH,D728,CHHATA,2.69
14-01-2025,27.5,77.5,MATHURA,UTTAR PRADESH,D728,CHHATA,2.62
15-01-2025,27.5,77.5,MATHURA,UTTAR PRADESH,D728,CHHATA,2.73
16-01-2025,27.5,77.5,MATHURA,UTTAR PRADESH,D728,CHHATA,3.12
17-01-2025,27.5,77.5,MATHURA,UTTAR PRADESH,D728,CHHATA,3.01
18-01-2025,27.5,77.5,MATHURA,UTTAR PRADESH,D728,CHHATA,3.06
19-01-2025,27.5,77.5,MATHURA,UTTAR PRADESH,D728,CHHATA,3.08
20-01-2025,27.5,77.5,MATHURA,UTTAR PRADESH,D728,CHHATA,2.81
21-01-2025,27.5,77.5,MATHURA,UTTAR PRADESH,D728,CHHATA,2.57
22-01-2025,27.5,77.5,MATHURA,UTTAR PRADESH,D728,CHHATA,2.79
23-01-2025,27.5,77.5,MATHURA,UTTAR PRADESH,D728,CHHATA,2.4
24-01-2025,27.5,77.5,MATHURA,UTTAR PRADESH,D728,CHHATA,2.61
25-01-2025,27.5,77.5,MATHURA,UTTAR PRADESH,D728,CHHATA,3.1
26-01-2025,27.5,77.5,MATHURA,UTTAR PRADESH,D728,CHHATA,2.43
27-01-2025,27.5,77.5,MATHURA,UTTAR PRADESH,D728,CHHATA,2.34
28-01-2025,27.5,77.5,MATHURA,UTTAR PRADESH,D728,CHHATA,2.22
29-01-2025,27.5,77.5,MATHURA,UTTAR PRADESH,D728,CHHATA,2.53
30-01-2025,27.5,77.5,MATHURA,UTTAR PRADESH,D728,CHHATA,2.57
31-01-2025,27.5,77.5,MATHURA,UTTAR PRADESH,D728,CHHATA,2.28
01-02-2025,27.5,77.5,MATHURA,UTTAR PRADESH,D728,CHHATA,2.6
02-02-2025,27.5,77.5,MATHURA,UTTAR PRADESH,D728,CHHATA,2.46
03-02-2025,27.5,77.5,MATHURA,UTTAR PRADESH,D728,CHHATA,2.37
04-02-2025,27.5,77.5,MATHURA,UTTAR PRADESH,D728,CHHATA,2.34
05-02-2025,27.5,77.5,MATHURA,UTTAR PRADESH,D728,CHHATA,2.62
06-02-2025,27.5,77.5,MATHURA,UTTAR PRADESH,D728,CHHATA,2.62
07-02-2025,27.5,77.5,MATHURA,UTTAR PRADESH,D728,CHHATA,2.36
08-02-2025,27.5,77.5,MATHURA,UTTAR PRADESH,D728,CHHATA,2.35
09-02-2025,27.5,77.5,MATHURA,UTTAR PRADESH,D728,CHHATA,2.74
10-02-2025,27.5,77.5,MATHURA,UTTAR PRADESH,D728,CHHATA,2.67
11-02-2025,27.5,77.5,MATHURA,UTTAR PRADESH,D728,CHHATA,2.62
12-02-2025,27.5,77.5,MATHURA,UTTAR PRADESH,D728,CHHATA,2.69
13-02-2025,27.5,77.5,MATHURA,UTTAR PRADESH,D728,CHHATA,2.64
14-02-2025,27.5,77.5,MATHURA,UTTAR PRADESH,D728,CHHATA,2.54
15-02-2025,27.5,77.5,MATHURA,UTTAR PRADESH,D728,CHHATA,2.66
16-02-2025,27.5,77.5,MATHURA,UTTAR PRADESH,D728,CHHATA,2.77
17-02-2025,27.5,77.5,MATHURA,UTTAR PRADESH,D728,CHHATA,2.52
18-02-2025,27.5,77.5,MATHURA,UTTAR PRADESH,D728,CHHATA,2.3
19-02-2025,27.5,77.5,MATHURA,UTTAR PRADESH,D728,CHHATA,2.62
20-02-2025,27.5,77.5,MATHURA,UTTAR PRADESH,D728,CHHATA,2.68
21-02-2025,27.5,77.5,MATHURA,UTTAR PRADESH,D728,CHHATA,2.98
22-02-2025,27.5,77.5,MATHURA,UTTAR PRADESH,D728,CHHATA,3.08
23-02-2025,27.5,77.5,MATHURA,UTTAR PRADESH,D728,CHHATA,2.9
24-02-2025,27.5,77.5,MATHURA,UTTAR PRADESH,D728,CHHATA,2.93
25-02-2025,27.5,77.5,MATHURA,UTTAR PRADESH,D728,CHHATA,2.95
26-02-2025,27.5,77.5,MATHURA,UTTAR PRADESH,D728,CHHATA,2.9
27-02-2025,27.5,77.5,MATHURA,UTTAR PRADESH,D728,CHHATA,2.97
28-02-2025,27.5,77.5,MATHURA,UTTAR PRADESH,D728,CHHATA,3.1
29-02-2025,27.5,77.5,MATHURA,UTTAR PRADESH,D728,CHHATA,1.99
01-03-2025,27.5,77.5,MATHURA,UTTAR PRADESH,D728,CHHATA,3.46
02-03-2025,27.5,77.5,MATHURA,UTTAR PRADESH,D728,CHHATA,3.31
03-03-2025,27.5,77.5,MATHURA,UTTAR PRADESH,D728,CHHATA,3.26
04-03-2025,27.5,77.5,MATHURA,UTTAR PRADESH,D728,CHHATA,3.2
05-03-2025,27.5,77.5,MATHURA,UTTAR PRADESH,D728,CHHATA,3.03
06-03-2025,27.5,77.5,MATHURA,UTTAR PRADESH,D728,CHHATA,2.93
07-03-2025,27.5,77.5,MATHURA,UTTAR PRADESH,D728,CHHATA,2.71
08-03-2025,27.5,77.5,MATHURA,UTTAR PRADESH,D728,CHHATA,2.41
09-03-2025,27.5,77.5,MATHURA,UTTAR PRADESH,D728,CHHATA,2.42
10-03-2025,27.5,77.5,MATHURA,UTTAR PRADESH,D728,CHHATA,2.64
11-03-2025,27.5,77.5,MATHURA,UTTAR PRADESH,D728,CHHATA,2.9
12-03-2025,27.5,77.5,MATHURA,UTTAR PRADESH,D728,CHHATA,2.86
13-03-2025,27.5,77.5,MATHURA,UTTAR PRADESH,D728,CHHATA,3.14
14-03-2025,27.5,77.5,MATHURA,UTTAR PRADESH,D728,CHHATA,3.11
15-03-2025,27.5,77.5,MATHURA,UTTAR PRADESH,D728,CHHATA,3.3
16-03-2025,27.5,77.5,MATHURA,UTTAR PRADESH,D728,CHHATA,2.57
17-03-2025,27.5,77.5,MATHURA,UTTAR PRADESH,D728,CHHATA,2.76
18-03-2025,27.5,77.5,MATHURA,UTTAR PRADESH,D728,CHHATA,2.79
19-03-2025,27.5,77.5,MATHURA,UTTAR PRADESH,D728,CHHATA,2.59
20-03-2025,27.5,77.5,MATHURA,UTTAR PRADESH,D728,CHHATA,2.51
21-03-2025,27.5,77.5,MATHURA,UTTAR PRADESH,D728,CHHATA,2.63
22-03-2025,27.5,77.5,MATHURA,UTTAR PRADESH,D728,CHHATA,2.49
23-03-2025,27.5,77.5,MATHURA,UTTAR PRADESH,D728,CHHATA,2.54
24-03-2025,27.5,77.5,MATHURA,UTTAR PRADESH,D728,CHHATA,2.48
25-03-2025,27.5,77.5,MATHURA,UTTAR PRADESH,D728,CHHATA,2.48
26-03-2025,27.5,77.5,MATHURA,UTTAR PRADESH,D728,CHHATA,2.41
27-03-2025,27.5,77.5,MATHURA,UTTAR PRADESH,D728,CHHATA,2.87
28-03-2025,27.5,77.5,MATHURA,UTTAR PRADESH,D728,CHHATA,2.37
29-03-2025,27.5,77.5,MATHURA,UTTAR PRADESH,D728,CHHATA,2.53
30-03-2025,27.5,77.5,MATHURA,UTTAR PRADESH,D728,CHHATA,3.01
31-03-2025,27.5,77.5,MATHURA,UTTAR PRADESH,D728,CHHATA,3.09
01-04-2025,27.5,77.5,MATHURA,UTTAR PRADESH,D728,CHHATA,2.71
02-04-2025,27.5,77.5,MATHURA,UTTAR PRADESH,D728,CHHATA,2.58
03-04-2025,27.5,77.5,MATHURA,UTTAR PRADESH,D728,CHHATA,2.94
04-04-2025,27.5,77.5,MATHURA,UTTAR PRADESH,D728,CHHATA,3.1
05-04-2025,27.5,77.5,MATHURA,UTTAR PRADESH,D728,CHHATA,2.78
06-04-2025,27.5,77.5,MATHURA,UTTAR PRADESH,D728,CHHATA,2.46
07-04-2025,27.5,77.5,MATHURA,UTTAR PRADESH,D728,CHHATA,2.64
08-04-2025,27.5,77.5,MATHURA,UTTAR PRADESH,D728,CHHATA,2.46
09-04-2025,27.5,77.5,MATHURA,UTTAR PRADESH,D728,CHHATA,2.69
10-04-2025,27.5,77.5,MATHURA,UTTAR PRADESH,D728,CHHATA,2.42
11-04-2025,27.5,77.5,MATHURA,UTTAR PRADESH,D728,CHHATA,2.42
12-04-2025,27.5,77.5,MATHURA,UTTAR PRADESH,D728,CHHATA,2.55
13-04-2025,27.5,77.5,MATHURA,UTTAR PRADESH,D728,CHHATA,2.69
14-04-2025,27.5,77.5,MATHURA,UTTAR PRADESH,D728,CHHATA,2.5
15-04-2025,27.5,77.5,MATHURA,UTTAR PRADESH,D728,CHHATA,2.35
16-04-2025,27.5,77.5,MATHURA,UTTAR PRADESH,D728,CHHATA,2.73
17-04-2025,27.5,77.5,MATHURA,UTTAR PRADESH,D728,CHHATA,3.03
18-04-2025,27.5,77.5,MATHURA,UTTAR PRADESH,D728,CHHATA,3.28
19-04-2025,27.5,77.5,MATHURA,UTTAR PRADESH,D728,CHHATA,3.02
20-04-2025,27.5,77.5,MATHURA,UTTAR PRADESH,D728,CHHATA,2.89
21-04-2025,27.5,77.5,MATHURA,UTTAR PRADESH,D728,CHHATA,2.69
22-04-2025,27.5,77.5,MATHURA,UTTAR PRADESH,D728,CHHATA,2.28
23-04-2025,27.5,77.5,MATHURA,UTTAR PRADESH,D728,CHHATA,2.04
24-04-2025,27.5,77.5,MATHURA,UTTAR PRADESH,D728,CHHATA,2.12
25-04-2025,27.5,77.5,MATHURA,UTTAR PRADESH,D728,CHHATA,2.19
26-04-2025,27.5,77.5,MATHURA,UTTAR PRADESH,D728,CHHATA,2.18
27-04-2025,27.5,77.5,MATHURA,UTTAR PRADESH,D728,CHHATA,2.27
28-04-2025,27.5,77.5,MATHURA,UTTAR PRADESH,D728,CHHATA,2.32
29-04-2025,27.5,77.5,MATHURA,UTTAR PRADESH,D728,CHHATA,2.68
30-04-2025,27.5,77.5,MATHURA,UTTAR PRADESH,D728,CHHATA,3.13
01-05-2025,27.5,77.5,MATHURA,UTTAR PRADESH,D728,CHHATA,3.29
02-05-2025,27.5,77.5,MATHURA,UTTAR PRADESH,D728,CHHATA,3.24
03-05-2025,27.5,77.5,MATHURA,UTTAR PRADESH,D728,CHHATA,2.66
04-05-2025,27.5,77.5,MATHURA,UTTAR PRADESH,D728,CHHATA,2.54
05-05-2025,27.5,77.5,MATHURA,UTTAR PRADESH,D728,CHHATA,2.56
06-05-2025,27.5,77.5,MATHURA,UTTAR PRADESH,D728,CHHATA,2.65
07-05-2025,27.5,77.5,MATHURA,UTTAR PRADESH,D728,CHHATA,2.42
08-05-2025,27.5,77.5,MATHURA,UTTAR PRADESH,D728,CHHATA,2.15
09-05-2025,27.5,77.5,MATHURA,UTTAR PRADESH,D728,CHHATA,2.07
10-05-2025,27.5,77.5,MATHURA,UTTAR PRADESH,D728,CHHATA,2.18
11-05-2025,27.5,77.5,MATHURA,UTTAR PRADESH,D728,CHHATA,1.96
12-05-2025,27.5,77.5,MATHURA,UTTAR PRADESH,D728,CHHATA,2.18
13-05-2025,27.5,77.5,MATHURA,UTTAR PRADESH,D728,CHHATA,2.55
14-05-2025,27.5,77.5,MATHURA,UTTAR PRADESH,D728,CHHATA,2.63
15-05-2025,27.5,77.5,MATHURA,UTTAR PRADESH,D728,CHHATA,2.3
16-05-2025,27.5,77.5,MATHURA,UTTAR PRADESH,D728,CHHATA,1.95
17-05-2025,27.5,77.5,MATHURA,UTTAR PRADESH,D728,CHHATA,2.46
18-05-2025,27.5,77.5,MATHURA,UTTAR PRADESH,D728,CHHATA,3.31
19-05-2025,27.5,77.5,MATHURA,UTTAR PRADESH,D728,CHHATA,3.63
20-05-2025,27.5,77.5,MATHURA,UTTAR PRADESH,D728,CHHATA,2.92
21-05-2025,27.5,77.5,MATHURA,UTTAR PRADESH,D728,CHHATA,2.92
22-05-2025,27.5,77.5,MATHURA,UTTAR PRADESH,D728,CHHATA,3.3
23-05-2025,27.5,77.5,MATHURA,UTTAR PRADESH,D728,CHHATA,3.11
24-05-2025,27.5,77.5,MATHURA,UTTAR PRADESH,D728,CHHATA,3.06
25-05-2025,27.5,77.5,MATHURA,UTTAR PRADESH,D728,CHHATA,2.85
26-05-2025,27.5,77.5,MATHURA,UTTAR PRADESH,D728,CHHATA,2.82
27-05-2025,27.5,77.5,MATHURA,UTTAR PRADESH,D728,CHHATA,2.83
28-05-2025,27.5,77.5,MATHURA,UTTAR PRADESH,D728,CHHATA,2.39
29-05-2025,27.5,77.5,MATHURA,UTTAR PRADESH,D728,CHHATA,3.27
30-05-2025,27.5,77.5,MATHURA,UTTAR PRADESH,D728,CHHATA,3.47
31-05-2025,27.5,77.5,MATHURA,UTTAR PRADESH,D728,CHHATA,3.08
01-06-2025,27.5,77.5,MATHURA,UTTAR PRADESH,D728,CHHATA,3.41
02-06-2025,27.5,77.5,MATHURA,UTTAR PRADESH,D728,CHHATA,3.46
03-06-2025,27.5,77.5,MATHURA,UTTAR PRADESH,D728,CHHATA,3.49
04-06-2025,27.5,77.5,MATHURA,UTTAR PRADESH,D728,CHHATA,3.47
05-06-2025,27.5,77.5,MATHURA,UTTAR PRADESH,D728,CHHATA,3.22
06-06-2025,27.5,77.5,MATHURA,UTTAR PRADESH,D728,CHHATA,2.7
07-06-2025,27.5,77.5,MATHURA,UTTAR PRADESH,D728,CHHATA,3.05
08-06-2025,27.5,77.5,MATHURA,UTTAR PRADESH,D728,CHHATA,3.66
09-06-2025,27.5,77.5,MATHURA,UTTAR PRADESH,D728,CHHATA,3.02
10-06-2025,27.5,77.5,MATHURA,UTTAR PRADESH,D728,CHHATA,3.1
11-06-2025,27.5,77.5,MATHURA,UTTAR PRADESH,D728,CHHATA,2.6
12-06-2025,27.5,77.5,MATHURA,UTTAR PRADESH,D728,CHHATA,2.36
13-06-2025,27.5,77.5,MATHURA,UTTAR PRADESH,D728,CHHATA,2.46
14-06-2025,27.5,77.5,MATHURA,UTTAR PRADESH,D728,CHHATA,2.32
15-06-2025,27.5,77.5,MATHURA,UTTAR PRADESH,D728,CHHATA,2.68
16-06-2025,27.5,77.5,MATHURA,UTTAR PRADESH,D728,CHHATA,3.26
17-06-2025,27.5,77.5,MATHURA,UTTAR PRADESH,D728,CHHATA,3.63
18-06-2025,27.5,77.5,MATHURA,UTTAR PRADESH,D728,CHHATA,3.43
19-06-2025,27.5,77.5,MATHURA,UTTAR PRADESH,D728,CHHATA,3.37
20-06-2025,27.5,77.5,MATHURA,UTTAR PRADESH,D728,CHHATA,3.17
21-06-2025,27.5,77.5,MATHURA,UTTAR PRADESH,D728,CHHATA,3.13
22-06-2025,27.5,77.5,MATHURA,UTTAR PRADESH,D728,CHHATA,2.84
23-06-2025,27.5,77.5,MATHURA,UTTAR PRADESH,D728,CHHATA,2.75
24-06-2025,27.5,77.5,MATHURA,UTTAR PRADESH,D728,CHHATA,2.57
25-06-2025,27.5,77.5,MATHURA,UTTAR PRADESH,D728,CHHATA,2.89
26-06-2025,27.5,77.5,MATHURA,UTTAR PRADESH,D728,CHHATA,2.52
27-06-2025,27.5,77.5,MATHURA,UTTAR PRADESH,D728,CHHATA,2.95
28-06-2025,27.5,77.5,MATHURA,UTTAR PRADESH,D728,CHHATA,3.01
29-06-2025,27.5,77.5,MATHURA,UTTAR PRADESH,D728,CHHATA,2.87
30-06-2025,27.5,77.5,MATHURA,UTTAR PRADESH,D728,CHHATA,3.11
01-07-2025,27.5,77.5,MATHURA,UTTAR PRADESH,D728,CHHATA,2.75
02-07-2025,27.5,77.5,MATHURA,UTTAR PRADESH,D728,CHHATA,2.72
03-07-2025,27.5,77.5,MATHURA,UTTAR PRADESH,D728,CHHATA,2.23
04-07-2025,27.5,77.5,MATHURA,UTTAR PRADESH,D728,CHHATA,2.44
05-07-2025,27.5,77.5,MATHURA,UTTAR PRADESH,D728,CHHATA,2.47
06-07-2025,27.5,77.5,MATHURA,UTTAR PRADESH,D728,CHHATA,2.78
07-07-2025,27.5,77.5,MATHURA,UTTAR PRADESH,D728,CHHATA,2.74
08-07-2025,27.5,77.5,MATHURA,UTTAR PRADESH,D728,CHHATA,2.66
09-07-2025,27.5,77.5,MATHURA,UTTAR PRADESH,D728,CHHATA,2.56
10-07-2025,27.5,77.5,MATHURA,UTTAR PRADESH,D728,CHHATA,2.88
11-07-2025,27.5,77.5,MATHURA,UTTAR PRADESH,D728,CHHATA,2.85
12-07-2025,27.5,77.5,MATHURA,UTTAR PRADESH,D728,CHHATA,2.83
13-07-2025,27.5,77.5,MATHURA,UTTAR PRADESH,D728,CHHATA,2.48
14-07-2025,27.5,77.5,MATHURA,UTTAR PRADESH,D728,CHHATA,2.34
15-07-2025,27.5,77.5,MATHURA,UTTAR PRADESH,D728,CHHATA,2.41
16-07-2025,27.5,77.5,MATHURA,UTTAR PRADESH,D728,CHHATA,2.6
17-07-2025,27.5,77.5,MATHURA,UTTAR PRADESH,D728,CHHATA,2.54
18-07-2025,27.5,77.5,MATHURA,UTTAR PRADESH,D728,CHHATA,2.12
19-07-2025,27.5,77.5,MATHURA,UTTAR PRADESH,D728,CHHATA,1.99
20-07-2025,27.5,77.5,MATHURA,UTTAR PRADESH,D728,CHHATA,1.86
21-07-2025,27.5,77.5,MATHURA,UTTAR PRADESH,D728,CHHATA,1.81
22-07-2025,27.5,77.5,MATHURA,UTTAR PRADESH,D728,CHHATA,2.08
23-07-2025,27.5,77.5,MATHURA,UTTAR PRADESH,D728,CHHATA,2
24-07-2025,27.5,77.5,MATHURA,UTTAR PRADESH,D728,CHHATA,1.76
25-07-2025,27.5,77.5,MATHURA,UTTAR PRADESH,D728,CHHATA,1.82
26-07-2025,27.5,77.5,MATHURA,UTTAR PRADESH,D728,CHHATA,2.05
27-07-2025,27.5,77.5,MATHURA,UTTAR PRADESH,D728,CHHATA,2.04
28-07-2025,27.5,77.5,MATHURA,UTTAR PRADESH,D728,CHHATA,2.13
29-07-2025,27.5,77.5,MATHURA,UTTAR PRADESH,D728,CHHATA,2.07
30-07-2025,27.5,77.5,MATHURA,UTTAR PRADESH,D728,CHHATA,1.87
31-07-2025,27.5,77.5,MATHURA,UTTAR PRADESH,D728,CHHATA,2.22
01-08-2025,27.5,77.5,MATHURA,UTTAR PRADESH,D728,CHHATA,1.69
02-08-2025,27.5,77.5,MATHURA,UTTAR PRADESH,D728,CHHATA,1.74
03-08-2025,27.5,77.5,MATHURA,UTTAR PRADESH,D728,CHHATA,1.94
04-08-2025,27.5,77.5,MATHURA,UTTAR PRADESH,D728,CHHATA,1.83
05-08-2025,27.5,77.5,MATHURA,UTTAR PRADESH,D728,CHHATA,1.44
06-08-2025,27.5,77.5,MATHURA,UTTAR PRADESH,D728,CHHATA,1.26
07-08-2025,27.5,77.5,MATHURA,UTTAR PRADESH,D728,CHHATA,1.56
08-08-2025,27.5,77.5,MATHURA,UTTAR PRADESH,D728,CHHATA,1.97
09-08-2025,27.5,77.5,MATHURA,UTTAR PRADESH,D728,CHHATA,1.89
10-08-2025,27.5,77.5,MATHURA,UTTAR PRADESH,D728,CHHATA,1.73
11-08-2025,27.5,77.5,MATHURA,UTTAR PRADESH,D728,CHHATA,1.56
12-08-2025,27.5,77.5,MATHURA,UTTAR PRADESH,D728,CHHATA,1.41
13-08-2025,27.5,77.5,MATHURA,UTTAR PRADESH,D728,CHHATA,1.53
14-08-2025,27.5,77.5,MATHURA,UTTAR PRADESH,D728,CHHATA,1.46
15-08-2025,27.5,77.5,MATHURA,UTTAR PRADESH,D728,CHHATA,1.74
16-08-2025,27.5,77.5,MATHURA,UTTAR PRADESH,D728,CHHATA,1.94
17-08-2025,27.5,77.5,MATHURA,UTTAR PRADESH,D728,CHHATA,2.1
18-08-2025,27.5,77.5,MATHURA,UTTAR PRADESH,D728,CHHATA,1.81
19-08-2025,27.5,77.5,MATHURA,UTTAR PRADESH,D728,CHHATA,1.44
20-08-2025,27.5,77.5,MATHURA,UTTAR PRADESH,D728,CHHATA,1.53
21-08-2025,27.5,77.5,MATHURA,UTTAR PRADESH,D728,CHHATA,1.86
22-08-2025,27.5,77.5,MATHURA,UTTAR PRADESH,D728,CHHATA,1.96
23-08-2025,27.5,77.5,MATHURA,UTTAR PRADESH,D728,CHHATA,2.17
24-08-2025,27.5,77.5,MATHURA,UTTAR PRADESH,D728,CHHATA,2.03
25-08-2025,27.5,77.5,MATHURA,UTTAR PRADESH,D728,CHHATA,1.94
26-08-2025,27.5,77.5,MATHURA,UTTAR PRADESH,D728,CHHATA,1.79
27-08-2025,27.5,77.5,MATHURA,UTTAR PRADESH,D728,CHHATA,1.61
28-08-2025,27.5,77.5,MATHURA,UTTAR PRADESH,D728,CHHATA,1.47
29-08-2025,27.5,77.5,MATHURA,UTTAR PRADESH,D728,CHHATA,1.36
30-08-2025,27.5,77.5,MATHURA,UTTAR PRADESH,D728,CHHATA,1.76
31-08-2025,27.5,77.5,MATHURA,UTTAR PRADESH,D728,CHHATA,1.62
01-09-2025,27.5,77.5,MATHURA,UTTAR PRADESH,D728,CHHATA,2.11
02-09-2025,27.5,77.5,MATHURA,UTTAR PRADESH,D728,CHHATA,1.96
03-09-2025,27.5,77.5,MATHURA,UTTAR PRADESH,D728,CHHATA,1.9
04-09-2025,27.5,77.5,MATHURA,UTTAR PRADESH,D728,CHHATA,2.16
05-09-2025,27.5,77.5,MATHURA,UTTAR PRADESH,D728,CHHATA,2.24
06-09-2025,27.5,77.5,MATHURA,UTTAR PRADESH,D728,CHHATA,1.78
07-09-2025,27.5,77.5,MATHURA,UTTAR PRADESH,D728,CHHATA,2.16
08-09-2025,27.5,77.5,MATHURA,UTTAR PRADESH,D728,CHHATA,2.06
09-09-2025,27.5,77.5,MATHURA,UTTAR PRADESH,D728,CHHATA,2.27
10-09-2025,27.5,77.5,MATHURA,UTTAR PRADESH,D728,CHHATA,2.45
11-09-2025,27.5,77.5,MATHURA,UTTAR PRADESH,D728,CHHATA,2.47
12-09-2025,27.5,77.5,MATHURA,UTTAR PRADESH,D728,CHHATA,2.33
13-09-2025,27.5,77.5,MATHURA,UTTAR PRADESH,D728,CHHATA,2.1
14-09-2025,27.5,77.5,MATHURA,UTTAR PRADESH,D728,CHHATA,1.83
15-09-2025,27.5,77.5,MATHURA,UTTAR PRADESH,D728,CHHATA,1.71
16-09-2025,27.5,77.5,MATHURA,UTTAR PRADESH,D728,CHHATA,2.11
17-09-2025,27.5,77.5,MATHURA,UTTAR PRADESH,D728,CHHATA,2.25
18-09-2025,27.5,77.5,MATHURA,UTTAR PRADESH,D728,CHHATA,2.29
19-09-2025,27.5,77.5,MATHURA,UTTAR PRADESH,D728,CHHATA,2.27
20-09-2025,27.5,77.5,MATHURA,UTTAR PRADESH,D728,CHHATA,2.09
21-09-2025,27.5,77.5,MATHURA,UTTAR PRADESH,D728,CHHATA,2.02
22-09-2025,27.5,77.5,MATHURA,UTTAR PRADESH,D728,CHHATA,2.38
23-09-2025,27.5,77.5,MATHURA,UTTAR PRADESH,D728,CHHATA,2.31
24-09-2025,27.5,77.5,MATHURA,UTTAR PRADESH,D728,CHHATA,2.32
25-09-2025,27.5,77.5,MATHURA,UTTAR PRADESH,D728,CHHATA,2.24
26-09-2025,27.5,77.5,MATHURA,UTTAR PRADESH,D728,CHHATA,1.93
27-09-2025,27.5,77.5,MATHURA,UTTAR PRADESH,D728,CHHATA,1.67
28-09-2025,27.5,77.5,MATHURA,UTTAR PRADESH,D728,CHHATA,1.57
29-09-2025,27.5,77.5,MATHURA,UTTAR PRADESH,D728,CHHATA,1.55
30-09-2025,27.5,77.5,MATHURA,UTTAR PRADESH,D728,CHHATA,1.58
01-10-2025,27.5,77.5,MATHURA,UTTAR PRADESH,D728,CHHATA,1.82
02-10-2025,27.5,77.5,MATHURA,UTTAR PRADESH,D728,CHHATA,1.55
03-10-2025,27.5,77.5,MATHURA,UTTAR PRADESH,D728,CHHATA,2.26
04-10-2025,27.5,77.5,MATHURA,UTTAR PRADESH,D728,CHHATA,2.8
05-10-2025,27.5,77.5,MATHURA,UTTAR PRADESH,D728,CHHATA,2.75
06-10-2025,27.5,77.5,MATHURA,UTTAR PRADESH,D728,CHHATA,2.87
07-10-2025,27.5,77.5,MATHURA,UTTAR PRADESH,D728,CHHATA,2.42
08-10-2025,27.5,77.5,MATHURA,UTTAR PRADESH,D728,CHHATA,2.56
09-10-2025,27.5,77.5,MATHURA,UTTAR PRADESH,D728,CHHATA,2.17
10-10-2025,27.5,77.5,MATHURA,UTTAR PRADESH,D728,CHHATA,2.02
11-10-2025,27.5,77.5,MATHURA,UTTAR PRADESH,D728,CHHATA,2.16
12-10-2025,27.5,77.5,MATHURA,UTTAR PRADESH,D728,CHHATA,2.1
13-10-2025,27.5,77.5,MATHURA,UTTAR PRADESH,D728,CHHATA,1.7
14-10-2025,27.5,77.5,MATHURA,UTTAR PRADESH,D728,CHHATA,2.11
15-10-2025,27.5,77.5,MATHURA,UTTAR PRADESH,D728,CHHATA,1.71
16-10-2025,27.5,77.5,MATHURA,UTTAR PRADESH,D728,CHHATA,1.67
17-10-2025,27.5,77.5,MATHURA,UTTAR PRADESH,D728,CHHATA,1.9
18-10-2025,27.5,77.5,MATHURA,UTTAR PRADESH,D728,CHHATA,2.1
19-10-2025,27.5,77.5,MATHURA,UTTAR PRADESH,D728,CHHATA,1.86
20-10-2025,27.5,77.5,MATHURA,UTTAR PRADESH,D728,CHHATA,1.78
21-10-2025,27.5,77.5,MATHURA,UTTAR PRADESH,D728,CHHATA,1.72
22-10-2025,27.5,77.5,MATHURA,UTTAR PRADESH,D728,CHHATA,1.65
23-10-2025,27.5,77.5,MATHURA,UTTAR PRADESH,D728,CHHATA,1.69
24-10-2025,27.5,77.5,MATHURA,UTTAR PRADESH,D728,CHHATA,2.05
25-10-2025,27.5,77.5,MATHURA,UTTAR PRADESH,D728,CHHATA,1.77
26-10-2025,27.5,77.5,MATHURA,UTTAR PRADESH,D728,CHHATA,1.64
27-10-2025,27.5,77.5,MATHURA,UTTAR PRADESH,D728,CHHATA,1.87
28-10-2025,27.5,77.5,MATHURA,UTTAR PRADESH,D728,CHHATA,2.39
29-10-2025,27.5,77.5,MATHURA,UTTAR PRADESH,D728,CHHATA,1.94
30-10-2025,27.5,77.5,MATHURA,UTTAR PRADESH,D728,CHHATA,2.21
31-10-2025,27.5,77.5,MATHURA,UTTAR PRADESH,D728,CHHATA,1.77
01-11-2025,27.5,77.5,MATHURA,UTTAR PRADESH,D728,CHHATA,1.59
02-11-2025,27.5,77.5,MATHURA,UTTAR PRADESH,D728,CHHATA,1.6
03-11-2025,27.5,77.5,MATHURA,UTTAR PRADESH,D728,CHHATA,1.63
04-11-2025,27.5,77.5,MATHURA,UTTAR PRADESH,D728,CHHATA,1.49
05-11-2025,27.5,77.5,MATHURA,UTTAR PRADESH,D728,CHHATA,1.53
06-11-2025,27.5,77.5,MATHURA,UTTAR PRADESH,D728,CHHATA,1.49
07-11-2025,27.5,77.5,MATHURA,UTTAR PRADESH,D728,CHHATA,1.99
08-11-2025,27.5,77.5,MATHURA,UTTAR PRADESH,D728,CHHATA,1.73
09-11-2025,27.5,77.5,MATHURA,UTTAR PRADESH,D728,CHHATA,1.54
10-11-2025,27.5,77.5,MATHURA,UTTAR PRADESH,D728,CHHATA,1.44
11-11-2025,27.5,77.5,MATHURA,UTTAR PRADESH,D728,CHHATA,1.49
12-11-2025,27.5,77.5,MATHURA,UTTAR PRADESH,D728,CHHATA,1.96
13-11-2025,27.5,77.5,MATHURA,UTTAR PRADESH,D728,CHHATA,1.77
14-11-2025,27.5,77.5,MATHURA,UTTAR PRADESH,D728,CHHATA,1.5
15-11-2025,27.5,77.5,MATHURA,UTTAR PRADESH,D728,CHHATA,1.35
16-11-2025,27.5,77.5,MATHURA,UTTAR PRADESH,D728,CHHATA,1.48
17-11-2025,27.5,77.5,MATHURA,UTTAR PRADESH,D728,CHHATA,1.5
18-11-2025,27.5,77.5,MATHURA,UTTAR PRADESH,D728,CHHATA,1.75
19-11-2025,27.5,77.5,MATHURA,UTTAR PRADESH,D728,CHHATA,1.73
20-11-2025,27.5,77.5,MATHURA,UTTAR PRADESH,D728,CHHATA,1.64
21-11-2025,27.5,77.5,MATHURA,UTTAR PRADESH,D728,CHHATA,1.48
22-11-2025,27.5,77.5,MATHURA,UTTAR PRADESH,D728,CHHATA,1.59
23-11-2025,27.5,77.5,MATHURA,UTTAR PRADESH,D728,CHHATA,1.83
24-11-2025,27.5,77.5,MATHURA,UTTAR PRADESH,D728,CHHATA,1.82
25-11-2025,27.5,77.5,MATHURA,UTTAR PRADESH,D728,CHHATA,1.5
26-11-2025,27.5,77.5,MATHURA,UTTAR PRADESH,D728,CHHATA,1.83
27-11-2025,27.5,77.5,MATHURA,UTTAR PRADESH,D728,CHHATA,1.78
28-11-2025,27.5,77.5,MATHURA,UTTAR PRADESH,D728,CHHATA,1.85
29-11-2025,27.5,77.5,MATHURA,UTTAR PRADESH,D728,CHHATA,1.68
30-11-2025,27.5,77.5,MATHURA,UTTAR PRADESH,D728,CHHATA,1.69
01-12-2025,27.5,77.5,MATHURA,UTTAR PRADESH,D728,CHHATA,1.71
02-12-2025,27.5,77.5,MATHURA,UTTAR PRADESH,D728,CHHATA,1.94
03-12-2025,27.5,77.5,MATHURA,UTTAR PRADESH,D728,CHHATA,1.74
04-12-2025,27.5,77.5,MATHURA,UTTAR PRADESH,D728,CHHATA,1.92
05-12-2025,27.5,77.5,MATHURA,UTTAR PRADESH,D728,CHHATA,1.92
06-12-2025,27.5,77.5,MATHURA,UTTAR PRADESH,D728,CHHATA,1.62
07-12-2025,27.5,77.5,MATHURA,UTTAR PRADESH,D728,CHHATA,1.53
08-12-2025,27.5,77.5,MATHURA,UTTAR PRADESH,D728,CHHATA,1.97
09-12-2025,27.5,77.5,MATHURA,UTTAR PRADESH,D728,CHHATA,2.08
10-12-2025,27.5,77.5,MATHURA,UTTAR PRADESH,D728,CHHATA,2.13
11-12-2025,27.5,77.5,MATHURA,UTTAR PRADESH,D728,CHHATA,1.71
12-12-2025,27.5,77.5,MATHURA,UTTAR PRADESH,D728,CHHATA,2.01
13-12-2025,27.5,77.5,MATHURA,UTTAR PRADESH,D728,CHHATA,2.14
14-12-2025,27.5,77.5,MATHURA,UTTAR PRADESH,D728,CHHATA,2.28
15-12-2025,27.5,77.5,MATHURA,UTTAR PRADESH,D728,CHHATA,2.42
16-12-2025,27.5,77.5,MATHURA,UTTAR PRADESH,D728,CHHATA,2.67
17-12-2025,27.5,77.5,MATHURA,UTTAR PRADESH,D728,CHHATA,3.18
18-12-2025,27.5,77.5,MATHURA,UTTAR PRADESH,D728,CHHATA,2.88
19-12-2025,27.5,77.5,MATHURA,UTTAR PRADESH,D728,CHHATA,2.42
20-12-2025,27.5,77.5,MATHURA,UTTAR PRADESH,D728,CHHATA,2.47
21-12-2025,27.5,77.5,MATHURA,UTTAR PRADESH,D728,CHHATA,2.73
22-12-2025,27.5,77.5,MATHURA,UTTAR PRADESH,D728,CHHATA,2.73
23-12-2025,27.5,77.5,MATHURA,UTTAR PRADESH,D728,CHHATA,2.61
24-12-2025,27.5,77.5,MATHURA,UTTAR PRADESH,D728,CHHATA,2.69
25-12-2025,27.5,77.5,MATHURA,UTTAR PRADESH,D728,CHHATA,2.68
26-12-2025,27.5,77.5,MATHURA,UTTAR PRADESH,D728,CHHATA,2.72
27-12-2025,27.5,77.5,MATHURA,UTTAR PRADESH,D728,CHHATA,2.86
28-12-2025,27.5,77.5,MATHURA,UTTAR PRADESH,D728,CHHATA,3
29-12-2025,27.5,77.5,MATHURA,UTTAR PRADESH,D728,CHHATA,2.6
30-12-2025,27.5,77.5,MATHURA,UTTAR PRADESH,D728,CHHATA,2.95
31-12-2025,27.5,77.5,MATHURA,UTTAR PRADESH,D728,CHHATA,2.96
01-01-2025,29.5,77.5,MUZAFFARNAGAR,UTTAR PRADESH,D733,BUDHANA,2.56
02-01-2025,29.5,77.5,MUZAFFARNAGAR,UTTAR PRADESH,D733,BUDHANA,2.51
03-01-2025,29.5,77.5,MUZAFFARNAGAR,UTTAR PRADESH,D733,BUDHANA,2.57
04-01-2025,29.5,77.5,MUZAFFARNAGAR,UTTAR PRADESH,D733,BUDHANA,2.73
05-01-2025,29.5,77.5,MUZAFFARNAGAR,UTTAR PRADESH,D733,BUDHANA,2.98
06-01-2025,29.5,77.5,MUZAFFARNAGAR,UTTAR PRADESH,D733,BUDHANA,2.41
07-01-2025,29.5,77.5,MUZAFFARNAGAR,UTTAR PRADESH,D733,BUDHANA,2.69
08-01-2025,29.5,77.5,MUZAFFARNAGAR,UTTAR PRADESH,D733,BUDHANA,2.85
09-01-2025,29.5,77.5,MUZAFFARNAGAR,UTTAR PRADESH,D733,BUDHANA,2.78
10-01-2025,29.5,77.5,MUZAFFARNAGAR,UTTAR PRADESH,D733,BUDHANA,2.56
11-01-2025,29.5,77.5,MUZAFFARNAGAR,UTTAR PRADESH,D733,BUDHANA,2.39
12-01-2025,29.5,77.5,MUZAFFARNAGAR,UTTAR PRADESH,D733,BUDHANA,2.26
13-01-2025,29.5,77.5,MUZAFFARNAGAR,UTTAR PRADESH,D733,BUDHANA,2.37
14-01-2025,29.5,77.5,MUZAFFARNAGAR,UTTAR PRADESH,D733,BUDHANA,2.24
15-01-2025,29.5,77.5,MUZAFFARNAGAR,UTTAR PRADESH,D733,BUDHANA,2.19
16-01-2025,29.5,77.5,MUZAFFARNAGAR,UTTAR PRADESH,D733,BUDHANA,2.64
17-01-2025,29.5,77.5,MUZAFFARNAGAR,UTTAR PRADESH,D733,BUDHANA,2.08
18-01-2025,29.5,77.5,MUZAFFARNAGAR,UTTAR PRADESH,D733,BUDHANA,2.31
19-01-2025,29.5,77.5,MUZAFFARNAGAR,UTTAR PRADESH,D733,BUDHANA,2.54
20-01-2025,29.5,77.5,MUZAFFARNAGAR,UTTAR PRADESH,D733,BUDHANA,2.87
21-01-2025,29.5,77.5,MUZAFFARNAGAR,UTTAR PRADESH,D733,BUDHANA,2.6
22-01-2025,29.5,77.5,MUZAFFARNAGAR,UTTAR PRADESH,D733,BUDHANA,2.79
23-01-2025,29.5,77.5,MUZAFFARNAGAR,UTTAR PRADESH,D733,BUDHANA,2.64
24-01-2025,29.5,77.5,MUZAFFARNAGAR,UTTAR PRADESH,D733,BUDHANA,2.56
25-01-2025,29.5,77.5,MUZAFFARNAGAR,UTTAR PRADESH,D733,BUDHANA,2.7
26-01-2025,29.5,77.5,MUZAFFARNAGAR,UTTAR PRADESH,D733,BUDHANA,2.46
27-01-2025,29.5,77.5,MUZAFFARNAGAR,UTTAR PRADESH,D733,BUDHANA,2.32
28-01-2025,29.5,77.5,MUZAFFARNAGAR,UTTAR PRADESH,D733,BUDHANA,2.4
29-01-2025,29.5,77.5,MUZAFFARNAGAR,UTTAR PRADESH,D733,BUDHANA,2.47
30-01-2025,29.5,77.5,MUZAFFARNAGAR,UTTAR PRADESH,D733,BUDHANA,2.67
31-01-2025,29.5,77.5,MUZAFFARNAGAR,UTTAR PRADESH,D733,BUDHANA,2.61
01-02-2025,29.5,77.5,MUZAFFARNAGAR,UTTAR PRADESH,D733,BUDHANA,2.78
02-02-2025,29.5,77.5,MUZAFFARNAGAR,UTTAR PRADESH,D733,BUDHANA,2.27
03-02-2025,29.5,77.5,MUZAFFARNAGAR,UTTAR PRADESH,D733,BUDHANA,2.7
04-02-2025,29.5,77.5,MUZAFFARNAGAR,UTTAR PRADESH,D733,BUDHANA,2.74
05-02-2025,29.5,77.5,MUZAFFARNAGAR,UTTAR PRADESH,D733,BUDHANA,2.68
06-02-2025,29.5,77.5,MUZAFFARNAGAR,UTTAR PRADESH,D733,BUDHANA,2.52
07-02-2025,29.5,77.5,MUZAFFARNAGAR,UTTAR PRADESH,D733,BUDHANA,2.44
08-02-2025,29.5,77.5,MUZAFFARNAGAR,UTTAR PRADESH,D733,BUDHANA,2.5
09-02-2025,29.5,77.5,MUZAFFARNAGAR,UTTAR PRADESH,D733,BUDHANA,2.47
10-02-2025,29.5,77.5,MUZAFFARNAGAR,UTTAR PRADESH,D733,BUDHANA,2.46
11-02-2025,29.5,77.5,MUZAFFARNAGAR,UTTAR PRADESH,D733,BUDHANA,2.56
12-02-2025,29.5,77.5,MUZAFFARNAGAR,UTTAR PRADESH,D733,BUDHANA,2.76
13-02-2025,29.5,77.5,MUZAFFARNAGAR,UTTAR PRADESH,D733,BUDHANA,2.4
14-02-2025,29.5,77.5,MUZAFFARNAGAR,UTTAR PRADESH,D733,BUDHANA,2.85
15-02-2025,29.5,77.5,MUZAFFARNAGAR,UTTAR PRADESH,D733,BUDHANA,2.8
16-02-2025,29.5,77.5,MUZAFFARNAGAR,UTTAR PRADESH,D733,BUDHANA,2.89
17-02-2025,29.5,77.5,MUZAFFARNAGAR,UTTAR PRADESH,D733,BUDHANA,2.62
18-02-2025,29.5,77.5,MUZAFFARNAGAR,UTTAR PRADESH,D733,BUDHANA,2.34
19-02-2025,29.5,77.5,MUZAFFARNAGAR,UTTAR PRADESH,D733,BUDHANA,2.4
20-02-2025,29.5,77.5,MUZAFFARNAGAR,UTTAR PRADESH,D733,BUDHANA,2.6
21-02-2025,29.5,77.5,MUZAFFARNAGAR,UTTAR PRADESH,D733,BUDHANA,2.58
22-02-2025,29.5,77.5,MUZAFFARNAGAR,UTTAR PRADESH,D733,BUDHANA,2.68
23-02-2025,29.5,77.5,MUZAFFARNAGAR,UTTAR PRADESH,D733,BUDHANA,2.94
24-02-2025,29.5,77.5,MUZAFFARNAGAR,UTTAR PRADESH,D733,BUDHANA,2.81
25-02-2025,29.5,77.5,MUZAFFARNAGAR,UTTAR PRADESH,D733,BUDHANA,2.89
26-02-2025,29.5,77.5,MUZAFFARNAGAR,UTTAR PRADESH,D733,BUDHANA,3.27
27-02-2025,29.5,77.5,MUZAFFARNAGAR,UTTAR PRADESH,D733,BUDHANA,3.05
28-02-2025,29.5,77.5,MUZAFFARNAGAR,UTTAR PRADESH,D733,BUDHANA,2.76
29-02-2025,29.5,77.5,MUZAFFARNAGAR,UTTAR PRADESH,D733,BUDHANA,1.89
01-03-2025,29.5,77.5,MUZAFFARNAGAR,UTTAR PRADESH,D733,BUDHANA,3.4
02-03-2025,29.5,77.5,MUZAFFARNAGAR,UTTAR PRADESH,D733,BUDHANA,3.46
03-03-2025,29.5,77.5,MUZAFFARNAGAR,UTTAR PRADESH,D733,BUDHANA,3.22
04-03-2025,29.5,77.5,MUZAFFARNAGAR,UTTAR PRADESH,D733,BUDHANA,3.2
05-03-2025,29.5,77.5,MUZAFFARNAGAR,UTTAR PRADESH,D733,BUDHANA,2.93
06-03-2025,29.5,77.5,MUZAFFARNAGAR,UTTAR PRADESH,D733,BUDHANA,3.12
07-03-2025,29.5,77.5,MUZAFFARNAGAR,UTTAR PRADESH,D733,BUDHANA,2.86
08-03-2025,29.5,77.5,MUZAFFARNAGAR,UTTAR PRADESH,D733,BUDHANA,2.67
09-03-2025,29.5,77.5,MUZAFFARNAGAR,UTTAR PRADESH,D733,BUDHANA,2.43
10-03-2025,29.5,77.5,MUZAFFARNAGAR,UTTAR PRADESH,D733,BUDHANA,2.39
11-03-2025,29.5,77.5,MUZAFFARNAGAR,UTTAR PRADESH,D733,BUDHANA,3
12-03-2025,29.5,77.5,MUZAFFARNAGAR,UTTAR PRADESH,D733,BUDHANA,2.72
13-03-2025,29.5,77.5,MUZAFFARNAGAR,UTTAR PRADESH,D733,BUDHANA,3.2
14-03-2025,29.5,77.5,MUZAFFARNAGAR,UTTAR PRADESH,D733,BUDHANA,3.18
15-03-2025,29.5,77.5,MUZAFFARNAGAR,UTTAR PRADESH,D733,BUDHANA,3.18
16-03-2025,29.5,77.5,MUZAFFARNAGAR,UTTAR PRADESH,D733,BUDHANA,2.55
17-03-2025,29.5,77.5,MUZAFFARNAGAR,UTTAR PRADESH,D733,BUDHANA,2.6
18-03-2025,29.5,77.5,MUZAFFARNAGAR,UTTAR PRADESH,D733,BUDHANA,3.06
19-03-2025,29.5,77.5,MUZAFFARNAGAR,UTTAR PRADESH,D733,BUDHANA,2.6
20-03-2025,29.5,77.5,MUZAFFARNAGAR,UTTAR PRADESH,D733,BUDHANA,2.66
21-03-2025,29.5,77.5,MUZAFFARNAGAR,UTTAR PRADESH,D733,BUDHANA,2.78
22-03-2025,29.5,77.5,MUZAFFARNAGAR,UTTAR PRADESH,D733,BUDHANA,2.64
23-03-2025,29.5,77.5,MUZAFFARNAGAR,UTTAR PRADESH,D733,BUDHANA,2.94
24-03-2025,29.5,77.5,MUZAFFARNAGAR,UTTAR PRADESH,D733,BUDHANA,3
25-03-2025,29.5,77.5,MUZAFFARNAGAR,UTTAR PRADESH,D733,BUDHANA,2.81
26-03-2025,29.5,77.5,MUZAFFARNAGAR,UTTAR PRADESH,D733,BUDHANA,2.47
27-03-2025,29.5,77.5,MUZAFFARNAGAR,UTTAR PRADESH,D733,BUDHANA,3.1
28-03-2025,29.5,77.5,MUZAFFARNAGAR,UTTAR PRADESH,D733,BUDHANA,2.48
29-03-2025,29.5,77.5,MUZAFFARNAGAR,UTTAR PRADESH,D733,BUDHANA,2.78
30-03-2025,29.5,77.5,MUZAFFARNAGAR,UTTAR PRADESH,D733,BUDHANA,3.06
31-03-2025,29.5,77.5,MUZAFFARNAGAR,UTTAR PRADESH,D733,BUDHANA,3.51
01-04-2025,29.5,77.5,MUZAFFARNAGAR,UTTAR PRADESH,D733,BUDHANA,2.95
02-04-2025,29.5,77.5,MUZAFFARNAGAR,UTTAR PRADESH,D733,BUDHANA,2.65
03-04-2025,29.5,77.5,MUZAFFARNAGAR,UTTAR PRADESH,D733,BUDHANA,3.35
04-04-2025,29.5,77.5,MUZAFFARNAGAR,UTTAR PRADESH,D733,BUDHANA,3.42
05-04-2025,29.5,77.5,MUZAFFARNAGAR,UTTAR PRADESH,D733,BUDHANA,3.12
06-04-2025,29.5,77.5,MUZAFFARNAGAR,UTTAR PRADESH,D733,BUDHANA,2.63
07-04-2025,29.5,77.5,MUZAFFARNAGAR,UTTAR PRADESH,D733,BUDHANA,2.86
08-04-2025,29.5,77.5,MUZAFFARNAGAR,UTTAR PRADESH,D733,BUDHANA,2.28
09-04-2025,29.5,77.5,MUZAFFARNAGAR,UTTAR PRADESH,D733,BUDHANA,2.8
10-04-2025,29.5,77.5,MUZAFFARNAGAR,UTTAR PRADESH,D733,BUDHANA,2.58
11-04-2025,29.5,77.5,MUZAFFARNAGAR,UTTAR PRADESH,D733,BUDHANA,2.86
12-04-2025,29.5,77.5,MUZAFFARNAGAR,UTTAR PRADESH,D733,BUDHANA,2.59
13-04-2025,29.5,77.5,MUZAFFARNAGAR,UTTAR PRADESH,D733,BUDHANA,2.8
14-04-2025,29.5,77.5,MUZAFFARNAGAR,UTTAR PRADESH,D733,BUDHANA,2.68
15-04-2025,29.5,77.5,MUZAFFARNAGAR,UTTAR PRADESH,D733,BUDHANA,2.36
16-04-2025,29.5,77.5,MUZAFFARNAGAR,UTTAR PRADESH,D733,BUDHANA,2.92
17-04-2025,29.5,77.5,MUZAFFARNAGAR,UTTAR PRADESH,D733,BUDHANA,3.36
18-04-2025,29.5,77.5,MUZAFFARNAGAR,UTTAR PRADESH,D733,BUDHANA,3.47
19-04-2025,29.5,77.5,MUZAFFARNAGAR,UTTAR PRADESH,D733,BUDHANA,3.07
20-04-2025,29.5,77.5,MUZAFFARNAGAR,UTTAR PRADESH,D733,BUDHANA,3
21-04-2025,29.5,77.5,MUZAFFARNAGAR,UTTAR PRADESH,D733,BUDHANA,2.98
22-04-2025,29.5,77.5,MUZAFFARNAGAR,UTTAR PRADESH,D733,BUDHANA,2.34
23-04-2025,29.5,77.5,MUZAFFARNAGAR,UTTAR PRADESH,D733,BUDHANA,2.43
24-04-2025,29.5,77.5,MUZAFFARNAGAR,UTTAR PRADESH,D733,BUDHANA,2.04
25-04-2025,29.5,77.5,MUZAFFARNAGAR,UTTAR PRADESH,D733,BUDHANA,2.19
26-04-2025,29.5,77.5,MUZAFFARNAGAR,UTTAR PRADESH,D733,BUDHANA,2.79
27-04-2025,29.5,77.5,MUZAFFARNAGAR,UTTAR PRADESH,D733,BUDHANA,2.74
28-04-2025,29.5,77.5,MUZAFFARNAGAR,UTTAR PRADESH,D733,BUDHANA,2.46
29-04-2025,29.5,77.5,MUZAFFARNAGAR,UTTAR PRADESH,D733,BUDHANA,2.69
30-04-2025,29.5,77.5,MUZAFFARNAGAR,UTTAR PRADESH,D733,BUDHANA,3.21
01-05-2025,29.5,77.5,MUZAFFARNAGAR,UTTAR PRADESH,D733,BUDHANA,3.92
02-05-2025,29.5,77.5,MUZAFFARNAGAR,UTTAR PRADESH,D733,BUDHANA,3.77
03-05-2025,29.5,77.5,MUZAFFARNAGAR,UTTAR PRADESH,D733,BUDHANA,3.02
04-05-2025,29.5,77.5,MUZAFFARNAGAR,UTTAR PRADESH,D733,BUDHANA,2.72
05-05-2025,29.5,77.5,MUZAFFARNAGAR,UTTAR PRADESH,D733,BUDHANA,2.77
06-05-2025,29.5,77.5,MUZAFFARNAGAR,UTTAR PRADESH,D733,BUDHANA,2.46
07-05-2025,29.5,77.5,MUZAFFARNAGAR,UTTAR PRADESH,D733,BUDHANA,2.81
08-05-2025,29.5,77.5,MUZAFFARNAGAR,UTTAR PRADESH,D733,BUDHANA,2.39
09-05-2025,29.5,77.5,MUZAFFARNAGAR,UTTAR PRADESH,D733,BUDHANA,2.26
10-05-2025,29.5,77.5,MUZAFFARNAGAR,UTTAR PRADESH,D733,BUDHANA,2.42
11-05-2025,29.5,77.5,MUZAFFARNAGAR,UTTAR PRADESH,D733,BUDHANA,2.07
12-05-2025,29.5,77.5,MUZAFFARNAGAR,UTTAR PRADESH,D733,BUDHANA,2.31
13-05-2025,29.5,77.5,MUZAFFARNAGAR,UTTAR PRADESH,D733,BUDHANA,2.73
14-05-2025,29.5,77.5,MUZAFFARNAGAR,UTTAR PRADESH,D733,BUDHANA,2.46
15-05-2025,29.5,77.5,MUZAFFARNAGAR,UTTAR PRADESH,D733,BUDHANA,2.42
16-05-2025,29.5,77.5,MUZAFFARNAGAR,UTTAR PRADESH,D733,BUDHANA,2.14
17-05-2025,29.5,77.5,MUZAFFARNAGAR,UTTAR PRADESH,D733,BUDHANA,2.54
18-05-2025,29.5,77.5,MUZAFFARNAGAR,UTTAR PRADESH,D733,BUDHANA,3.01
19-05-2025,29.5,77.5,MUZAFFARNAGAR,UTTAR PRADESH,D733,BUDHANA,3.5
20-05-2025,29.5,77.5,MUZAFFARNAGAR,UTTAR PRADESH,D733,BUDHANA,2.96
21-05-2025,29.5,77.5,MUZAFFARNAGAR,UTTAR PRADESH,D733,BUDHANA,3.2
22-05-2025,29.5,77.5,MUZAFFARNAGAR,UTTAR PRADESH,D733,BUDHANA,3.39
23-05-2025,29.5,77.5,MUZAFFARNAGAR,UTTAR PRADESH,D733,BUDHANA,3.23
24-05-2025,29.5,77.5,MUZAFFARNAGAR,UTTAR PRADESH,D733,BUDHANA,3.45
25-05-2025,29.5,77.5,MUZAFFARNAGAR,UTTAR PRADESH,D733,BUDHANA,3.42
26-05-2025,29.5,77.5,MUZAFFARNAGAR,UTTAR PRADESH,D733,BUDHANA,2.95
27-05-2025,29.5,77.5,MUZAFFARNAGAR,UTTAR PRADESH,D733,BUDHANA,2.91
28-05-2025,29.5,77.5,MUZAFFARNAGAR,UTTAR PRADESH,D733,BUDHANA,2.55
29-05-2025,29.5,77.5,MUZAFFARNAGAR,UTTAR PRADESH,D733,BUDHANA,3.3
30-05-2025,29.5,77.5,MUZAFFARNAGAR,UTTAR PRADESH,D733,BUDHANA,3.54
31-05-2025,29.5,77.5,MUZAFFARNAGAR,UTTAR PRADESH,D733,BUDHANA,3.59
01-06-2025,29.5,77.5,MUZAFFARNAGAR,UTTAR PRADESH,D733,BUDHANA,3.59
02-06-2025,29.5,77.5,MUZAFFARNAGAR,UTTAR PRADESH,D733,BUDHANA,3.28
03-06-2025,29.5,77.5,MUZAFFARNAGAR,UTTAR PRADESH,D733,BUDHANA,3.48
04-06-2025,29.5,77.5,MUZAFFARNAGAR,UTTAR PRADESH,D733,BUDHANA,3.37
05-06-2025,29.5,77.5,MUZAFFARNAGAR,UTTAR PRADESH,D733,BUDHANA,3.31
06-06-2025,29.5,77.5,MUZAFFARNAGAR,UTTAR PRADESH,D733,BUDHANA,2.78
07-06-2025,29.5,77.5,MUZAFFARNAGAR,UTTAR PRADESH,D733,BUDHANA,3.31
08-06-2025,29.5,77.5,MUZAFFARNAGAR,UTTAR PRADESH,D733,BUDHANA,3.95
09-06-2025,29.5,77.5,MUZAFFARNAGAR,UTTAR PRADESH,D733,BUDHANA,3.56
10-06-2025,29.5,77.5,MUZAFFARNAGAR,UTTAR PRADESH,D733,BUDHANA,3.19
11-06-2025,29.5,77.5,MUZAFFARNAGAR,UTTAR PRADESH,D733,BUDHANA,2.84
12-06-2025,29.5,77.5,MUZAFFARNAGAR,UTTAR PRADESH,D733,BUDHANA,2.53
13-06-2025,29.5,77.5,MUZAFFARNAGAR,UTTAR PRADESH,D733,BUDHANA,2.77
14-06-2025,29.5,77.5,MUZAFFARNAGAR,UTTAR PRADESH,D733,BUDHANA,2.68
15-06-2025,29.5,77.5,MUZAFFARNAGAR,UTTAR PRADESH,D733,BUDHANA,3.37
16-06-2025,29.5,77.5,MUZAFFARNAGAR,UTTAR PRADESH,D733,BUDHANA,3.53
17-06-2025,29.5,77.5,MUZAFFARNAGAR,UTTAR PRADESH,D733,BUDHANA,3.75
18-06-2025,29.5,77.5,MUZAFFARNAGAR,UTTAR PRADESH,D733,BUDHANA,3.37
19-06-2025,29.5,77.5,MUZAFFARNAGAR,UTTAR PRADESH,D733,BUDHANA,3
20-06-2025,29.5,77.5,MUZAFFARNAGAR,UTTAR PRADESH,D733,BUDHANA,2.98
21-06-2025,29.5,77.5,MUZAFFARNAGAR,UTTAR PRADESH,D733,BUDHANA,2.97
22-06-2025,29.5,77.5,MUZAFFARNAGAR,UTTAR PRADESH,D733,BUDHANA,2.77
23-06-2025,29.5,77.5,MUZAFFARNAGAR,UTTAR PRADESH,D733,BUDHANA,2.5
24-06-2025,29.5,77.5,MUZAFFARNAGAR,UTTAR PRADESH,D733,BUDHANA,2.62
25-06-2025,29.5,77.5,MUZAFFARNAGAR,UTTAR PRADESH,D733,BUDHANA,3.01
26-06-2025,29.5,77.5,MUZAFFARNAGAR,UTTAR PRADESH,D733,BUDHANA,2.41
27-06-2025,29.5,77.5,MUZAFFARNAGAR,UTTAR PRADESH,D733,BUDHANA,2.78
28-06-2025,29.5,77.5,MUZAFFARNAGAR,UTTAR PRADESH,D733,BUDHANA,2.45
29-06-2025,29.5,77.5,MUZAFFARNAGAR,UTTAR PRADESH,D733,BUDHANA,2.65
30-06-2025,29.5,77.5,MUZAFFARNAGAR,UTTAR PRADESH,D733,BUDHANA,2.83
01-07-2025,29.5,77.5,MUZAFFARNAGAR,UTTAR PRADESH,D733,BUDHANA,2.54
02-07-2025,29.5,77.5,MUZAFFARNAGAR,UTTAR PRADESH,D733,BUDHANA,2.36
03-07-2025,29.5,77.5,MUZAFFARNAGAR,UTTAR PRADESH,D733,BUDHANA,1.77
04-07-2025,29.5,77.5,MUZAFFARNAGAR,UTTAR PRADESH,D733,BUDHANA,1.68
05-07-2025,29.5,77.5,MUZAFFARNAGAR,UTTAR PRADESH,D733,BUDHANA,1.93
06-07-2025,29.5,77.5,MUZAFFARNAGAR,UTTAR PRADESH,D733,BUDHANA,2.48
07-07-2025,29.5,77.5,MUZAFFARNAGAR,UTTAR PRADESH,D733,BUDHANA,2.32
08-07-2025,29.5,77.5,MUZAFFARNAGAR,UTTAR PRADESH,D733,BUDHANA,2.33
09-07-2025,29.5,77.5,MUZAFFARNAGAR,UTTAR PRADESH,D733,BUDHANA,1.94
10-07-2025,29.5,77.5,MUZAFFARNAGAR,UTTAR PRADESH,D733,BUDHANA,2.36
11-07-2025,29.5,77.5,MUZAFFARNAGAR,UTTAR PRADESH,D733,BUDHANA,2.48
12-07-2025,29.5,77.5,MUZAFFARNAGAR,UTTAR PRADESH,D733,BUDHANA,2.45
13-07-2025,29.5,77.5,MUZAFFARNAGAR,UTTAR PRADESH,D733,BUDHANA,1.82
14-07-2025,29.5,77.5,MUZAFFARNAGAR,UTTAR PRADESH,D733,BUDHANA,1.46
15-07-2025,29.5,77.5,MUZAFFARNAGAR,UTTAR PRADESH,D733,BUDHANA,1.68
16-07-2025,29.5,77.5,MUZAFFARNAGAR,UTTAR PRADESH,D733,BUDHANA,2.12
17-07-2025,29.5,77.5,MUZAFFARNAGAR,UTTAR PRADESH,D733,BUDHANA,1.92
18-07-2025,29.5,77.5,MUZAFFARNAGAR,UTTAR PRADESH,D733,BUDHANA,1.97
19-07-2025,29.5,77.5,MUZAFFARNAGAR,UTTAR PRADESH,D733,BUDHANA,2.31
20-07-2025,29.5,77.5,MUZAFFARNAGAR,UTTAR PRADESH,D733,BUDHANA,1.81
21-07-2025,29.5,77.5,MUZAFFARNAGAR,UTTAR PRADESH,D733,BUDHANA,1.96
22-07-2025,29.5,77.5,MUZAFFARNAGAR,UTTAR PRADESH,D733,BUDHANA,1.88
23-07-2025,29.5,77.5,MUZAFFARNAGAR,UTTAR PRADESH,D733,BUDHANA,1.58
24-07-2025,29.5,77.5,MUZAFFARNAGAR,UTTAR PRADESH,D733,BUDHANA,1.43
25-07-2025,29.5,77.5,MUZAFFARNAGAR,UTTAR PRADESH,D733,BUDHANA,1.7
26-07-2025,29.5,77.5,MUZAFFARNAGAR,UTTAR PRADESH,D733,BUDHANA,1.82
27-07-2025,29.5,77.5,MUZAFFARNAGAR,UTTAR PRADESH,D733,BUDHANA,1.86
28-07-2025,29.5,77.5,MUZAFFARNAGAR,UTTAR PRADESH,D733,BUDHANA,2.14
29-07-2025,29.5,77.5,MUZAFFARNAGAR,UTTAR PRADESH,D733,BUDHANA,1.87
30-07-2025,29.5,77.5,MUZAFFARNAGAR,UTTAR PRADESH,D733,BUDHANA,1.6
31-07-2025,29.5,77.5,MUZAFFARNAGAR,UTTAR PRADESH,D733,BUDHANA,2.05
01-08-2025,29.5,77.5,MUZAFFARNAGAR,UTTAR PRADESH,D733,BUDHANA,1.41
02-08-2025,29.5,77.5,MUZAFFARNAGAR,UTTAR PRADESH,D733,BUDHANA,1.58
03-08-2025,29.5,77.5,MUZAFFARNAGAR,UTTAR PRADESH,D733,BUDHANA,2.07
04-08-2025,29.5,77.5,MUZAFFARNAGAR,UTTAR PRADESH,D733,BUDHANA,1.91
05-08-2025,29.5,77.5,MUZAFFARNAGAR,UTTAR PRADESH,D733,BUDHANA,1.39
06-08-2025,29.5,77.5,MUZAFFARNAGAR,UTTAR PRADESH,D733,BUDHANA,1.7
07-08-2025,29.5,77.5,MUZAFFARNAGAR,UTTAR PRADESH,D733,BUDHANA,1.45
08-08-2025,29.5,77.5,MUZAFFARNAGAR,UTTAR PRADESH,D733,BUDHANA,1.77
09-08-2025,29.5,77.5,MUZAFFARNAGAR,UTTAR PRADESH,D733,BUDHANA,1.74
10-08-2025,29.5,77.5,MUZAFFARNAGAR,UTTAR PRADESH,D733,BUDHANA,1.61
11-08-2025,29.5,77.5,MUZAFFARNAGAR,UTTAR PRADESH,D733,BUDHANA,1.49
12-08-2025,29.5,77.5,MUZAFFARNAGAR,UTTAR PRADESH,D733,BUDHANA,1.44
13-08-2025,29.5,77.5,MUZAFFARNAGAR,UTTAR PRADESH,D733,BUDHANA,1.69
14-08-2025,29.5,77.5,MUZAFFARNAGAR,UTTAR PRADESH,D733,BUDHANA,1.74
15-08-2025,29.5,77.5,MUZAFFARNAGAR,UTTAR PRADESH,D733,BUDHANA,1.81
16-08-2025,29.5,77.5,MUZAFFARNAGAR,UTTAR PRADESH,D733,BUDHANA,1.82
17-08-2025,29.5,77.5,MUZAFFARNAGAR,UTTAR PRADESH,D733,BUDHANA,1.94
18-08-2025,29.5,77.5,MUZAFFARNAGAR,UTTAR PRADESH,D733,BUDHANA,1.54
19-08-2025,29.5,77.5,MUZAFFARNAGAR,UTTAR PRADESH,D733,BUDHANA,1.48
20-08-2025,29.5,77.5,MUZAFFARNAGAR,UTTAR PRADESH,D733,BUDHANA,1.43
21-08-2025,29.5,77.5,MUZAFFARNAGAR,UTTAR PRADESH,D733,BUDHANA,1.84
22-08-2025,29.5,77.5,MUZAFFARNAGAR,UTTAR PRADESH,D733,BUDHANA,1.83
23-08-2025,29.5,77.5,MUZAFFARNAGAR,UTTAR PRADESH,D733,BUDHANA,1.9
24-08-2025,29.5,77.5,MUZAFFARNAGAR,UTTAR PRADESH,D733,BUDHANA,1.98
25-08-2025,29.5,77.5,MUZAFFARNAGAR,UTTAR PRADESH,D733,BUDHANA,1.87
26-08-2025,29.5,77.5,MUZAFFARNAGAR,UTTAR PRADESH,D733,BUDHANA,1.72
27-08-2025,29.5,77.5,MUZAFFARNAGAR,UTTAR PRADESH,D733,BUDHANA,1.43
28-08-2025,29.5,77.5,MUZAFFARNAGAR,UTTAR PRADESH,D733,BUDHANA,1.35
29-08-2025,29.5,77.5,MUZAFFARNAGAR,UTTAR PRADESH,D733,BUDHANA,1.64
30-08-2025,29.5,77.5,MUZAFFARNAGAR,UTTAR PRADESH,D733,BUDHANA,1.71
31-08-2025,29.5,77.5,MUZAFFARNAGAR,UTTAR PRADESH,D733,BUDHANA,1.73
01-09-2025,29.5,77.5,MUZAFFARNAGAR,UTTAR PRADESH,D733,BUDHANA,2.02
02-09-2025,29.5,77.5,MUZAFFARNAGAR,UTTAR PRADESH,D733,BUDHANA,2
03-09-2025,29.5,77.5,MUZAFFARNAGAR,UTTAR PRADESH,D733,BUDHANA,1.7
04-09-2025,29.5,77.5,MUZAFFARNAGAR,UTTAR PRADESH,D733,BUDHANA,1.85
05-09-2025,29.5,77.5,MUZAFFARNAGAR,UTTAR PRADESH,D733,BUDHANA,1.93
06-09-2025,29.5,77.5,MUZAFFARNAGAR,UTTAR PRADESH,D733,BUDHANA,1.58
07-09-2025,29.5,77.5,MUZAFFARNAGAR,UTTAR PRADESH,D733,BUDHANA,1.94
08-09-2025,29.5,77.5,MUZAFFARNAGAR,UTTAR PRADESH,D733,BUDHANA,2.2
09-09-2025,29.5,77.5,MUZAFFARNAGAR,UTTAR PRADESH,D733,BUDHANA,2.21
10-09-2025,29.5,77.5,MUZAFFARNAGAR,UTTAR PRADESH,D733,BUDHANA,2.21
11-09-2025,29.5,77.5,MUZAFFARNAGAR,UTTAR PRADESH,D733,BUDHANA,2.25
12-09-2025,29.5,77.5,MUZAFFARNAGAR,UTTAR PRADESH,D733,BUDHANA,2.01
13-09-2025,29.5,77.5,MUZAFFARNAGAR,UTTAR PRADESH,D733,BUDHANA,2.21
14-09-2025,29.5,77.5,MUZAFFARNAGAR,UTTAR PRADESH,D733,BUDHANA,1.85
15-09-2025,29.5,77.5,MUZAFFARNAGAR,UTTAR PRADESH,D733,BUDHANA,1.66
16-09-2025,29.5,77.5,MUZAFFARNAGAR,UTTAR PRADESH,D733,BUDHANA,1.89
17-09-2025,29.5,77.5,MUZAFFARNAGAR,UTTAR PRADESH,D733,BUDHANA,1.67
18-09-2025,29.5,77.5,MUZAFFARNAGAR,UTTAR PRADESH,D733,BUDHANA,1.97
19-09-2025,29.5,77.5,MUZAFFARNAGAR,UTTAR PRADESH,D733,BUDHANA,2.36
20-09-2025,29.5,77.5,MUZAFFARNAGAR,UTTAR PRADESH,D733,BUDHANA,2.04
21-09-2025,29.5,77.5,MUZAFFARNAGAR,UTTAR PRADESH,D733,BUDHANA,1.72
22-09-2025,29.5,77.5,MUZAFFARNAGAR,UTTAR PRADESH,D733,BUDHANA,2.36
23-09-2025,29.5,77.5,MUZAFFARNAGAR,UTTAR PRADESH,D733,BUDHANA,2.3
24-09-2025,29.5,77.5,MUZAFFARNAGAR,UTTAR PRADESH,D733,BUDHANA,2.35
25-09-2025,29.5,77.5,MUZAFFARNAGAR,UTTAR PRADESH,D733,BUDHANA,2.21
26-09-2025,29.5,77.5,MUZAFFARNAGAR,UTTAR PRADESH,D733,BUDHANA,1.64
27-09-2025,29.5,77.5,MUZAFFARNAGAR,UTTAR PRADESH,D733,BUDHANA,1.6
28-09-2025,29.5,77.5,MUZAFFARNAGAR,UTTAR PRADESH,D733,BUDHANA,1.45
29-09-2025,29.5,77.5,MUZAFFARNAGAR,UTTAR PRADESH,D733,BUDHANA,1.5
30-09-2025,29.5,77.5,MUZAFFARNAGAR,UTTAR PRADESH,D733,BUDHANA,1.6
01-10-2025,29.5,77.5,MUZAFFARNAGAR,UTTAR PRADESH,D733,BUDHANA,1.7
02-10-2025,29.5,77.5,MUZAFFARNAGAR,UTTAR PRADESH,D733,BUDHANA,1.35
03-10-2025,29.5,77.5,MUZAFFARNAGAR,UTTAR PRADESH,D733,BUDHANA,1.74
04-10-2025,29.5,77.5,MUZAFFARNAGAR,UTTAR PRADESH,D733,BUDHANA,2.07
05-10-2025,29.5,77.5,MUZAFFARNAGAR,UTTAR PRADESH,D733,BUDHANA,2.11
06-10-2025,29.5,77.5,MUZAFFARNAGAR,UTTAR PRADESH,D733,BUDHANA,2.23
07-10-2025,29.5,77.5,MUZAFFARNAGAR,UTTAR PRADESH,D733,BUDHANA,2.17
08-10-2025,29.5,77.5,MUZAFFARNAGAR,UTTAR PRADESH,D733,BUDHANA,2.19
09-10-2025,29.5,77.5,MUZAFFARNAGAR,UTTAR PRADESH,D733,BUDHANA,1.81
10-10-2025,29.5,77.5,MUZAFFARNAGAR,UTTAR PRADESH,D733,BUDHANA,1.74
11-10-2025,29.5,77.5,MUZAFFARNAGAR,UTTAR PRADESH,D733,BUDHANA,2.24
12-10-2025,29.5,77.5,MUZAFFARNAGAR,UTTAR PRADESH,D733,BUDHANA,1.92
13-10-2025,29.5,77.5,MUZAFFARNAGAR,UTTAR PRADESH,D733,BUDHANA,1.51
14-10-2025,29.5,77.5,MUZAFFARNAGAR,UTTAR PRADESH,D733,BUDHANA,1.95
15-10-2025,29.5,77.5,MUZAFFARNAGAR,UTTAR PRADESH,D733,BUDHANA,1.69
16-10-2025,29.5,77.5,MUZAFFARNAGAR,UTTAR PRADESH,D733,BUDHANA,2.02
17-10-2025,29.5,77.5,MUZAFFARNAGAR,UTTAR PRADESH,D733,BUDHANA,2.15
18-10-2025,29.5,77.5,MUZAFFARNAGAR,UTTAR PRADESH,D733,BUDHANA,2.32
19-10-2025,29.5,77.5,MUZAFFARNAGAR,UTTAR PRADESH,D733,BUDHANA,1.79
20-10-2025,29.5,77.5,MUZAFFARNAGAR,UTTAR PRADESH,D733,BUDHANA,1.62
21-10-2025,29.5,77.5,MUZAFFARNAGAR,UTTAR PRADESH,D733,BUDHANA,1.43
22-10-2025,29.5,77.5,MUZAFFARNAGAR,UTTAR PRADESH,D733,BUDHANA,1.45
23-10-2025,29.5,77.5,MUZAFFARNAGAR,UTTAR PRADESH,D733,BUDHANA,1.6
24-10-2025,29.5,77.5,MUZAFFARNAGAR,UTTAR PRADESH,D733,BUDHANA,1.98
25-10-2025,29.5,77.5,MUZAFFARNAGAR,UTTAR PRADESH,D733,BUDHANA,1.42
26-10-2025,29.5,77.5,MUZAFFARNAGAR,UTTAR PRADESH,D733,BUDHANA,1.34
27-10-2025,29.5,77.5,MUZAFFARNAGAR,UTTAR PRADESH,D733,BUDHANA,1.41
28-10-2025,29.5,77.5,MUZAFFARNAGAR,UTTAR PRADESH,D733,BUDHANA,1.47
29-10-2025,29.5,77.5,MUZAFFARNAGAR,UTTAR PRADESH,D733,BUDHANA,1.52
30-10-2025,29.5,77.5,MUZAFFARNAGAR,UTTAR PRADESH,D733,BUDHANA,1.67
31-10-2025,29.5,77.5,MUZAFFARNAGAR,UTTAR PRADESH,D733,BUDHANA,1.33
01-11-2025,29.5,77.5,MUZAFFARNAGAR,UTTAR PRADESH,D733,BUDHANA,1.25
02-11-2025,29.5,77.5,MUZAFFARNAGAR,UTTAR PRADESH,D733,BUDHANA,1.39
03-11-2025,29.5,77.5,MUZAFFARNAGAR,UTTAR PRADESH,D733,BUDHANA,1.52
04-11-2025,29.5,77.5,MUZAFFARNAGAR,UTTAR PRADESH,D733,BUDHANA,1.17
05-11-2025,29.5,77.5,MUZAFFARNAGAR,UTTAR PRADESH,D733,BUDHANA,1.3
06-11-2025,29.5,77.5,MUZAFFARNAGAR,UTTAR PRADESH,D733,BUDHANA,1.1
07-11-2025,29.5,77.5,MUZAFFARNAGAR,UTTAR PRADESH,D733,BUDHANA,1.75
08-11-2025,29.5,77.5,MUZAFFARNAGAR,UTTAR PRADESH,D733,BUDHANA,1.46
09-11-2025,29.5,77.5,MUZAFFARNAGAR,UTTAR PRADESH,D733,BUDHANA,1.45
10-11-2025,29.5,77.5,MUZAFFARNAGAR,UTTAR PRADESH,D733,BUDHANA,1.41
11-11-2025,29.5,77.5,MUZAFFARNAGAR,UTTAR PRADESH,D733,BUDHANA,1.1
12-11-2025,29.5,77.5,MUZAFFARNAGAR,UTTAR PRADESH,D733,BUDHANA,1.19
13-11-2025,29.5,77.5,MUZAFFARNAGAR,UTTAR PRADESH,D733,BUDHANA,1.28
14-11-2025,29.5,77.5,MUZAFFARNAGAR,UTTAR PRADESH,D733,BUDHANA,1.19
15-11-2025,29.5,77.5,MUZAFFARNAGAR,UTTAR PRADESH,D733,BUDHANA,1.19
16-11-2025,29.5,77.5,MUZAFFARNAGAR,UTTAR PRADESH,D733,BUDHANA,1.34
17-11-2025,29.5,77.5,MUZAFFARNAGAR,UTTAR PRADESH,D733,BUDHANA,1.35
18-11-2025,29.5,77.5,MUZAFFARNAGAR,UTTAR PRADESH,D733,BUDHANA,1.29
19-11-2025,29.5,77.5,MUZAFFARNAGAR,UTTAR PRADESH,D733,BUDHANA,1.21
20-11-2025,29.5,77.5,MUZAFFARNAGAR,UTTAR PRADESH,D733,BUDHANA,1.27
21-11-2025,29.5,77.5,MUZAFFARNAGAR,UTTAR PRADESH,D733,BUDHANA,1.31
22-11-2025,29.5,77.5,MUZAFFARNAGAR,UTTAR PRADESH,D733,BUDHANA,1.44
23-11-2025,29.5,77.5,MUZAFFARNAGAR,UTTAR PRADESH,D733,BUDHANA,1.33
24-11-2025,29.5,77.5,MUZAFFARNAGAR,UTTAR PRADESH,D733,BUDHANA,1.34
25-11-2025,29.5,77.5,MUZAFFARNAGAR,UTTAR PRADESH,D733,BUDHANA,1.84
26-11-2025,29.5,77.5,MUZAFFARNAGAR,UTTAR PRADESH,D733,BUDHANA,1.86
27-11-2025,29.5,77.5,MUZAFFARNAGAR,UTTAR PRADESH,D733,BUDHANA,1.95
28-11-2025,29.5,77.5,MUZAFFARNAGAR,UTTAR PRADESH,D733,BUDHANA,1.9
29-11-2025,29.5,77.5,MUZAFFARNAGAR,UTTAR PRADESH,D733,BUDHANA,1.55
30-11-2025,29.5,77.5,MUZAFFARNAGAR,UTTAR PRADESH,D733,BUDHANA,1.52
01-12-2025,29.5,77.5,MUZAFFARNAGAR,UTTAR PRADESH,D733,BUDHANA,1.66
02-12-2025,29.5,77.5,MUZAFFARNAGAR,UTTAR PRADESH,D733,BUDHANA,1.82
03-12-2025,29.5,77.5,MUZAFFARNAGAR,UTTAR PRADESH,D733,BUDHANA,1.5
04-12-2025,29.5,77.5,MUZAFFARNAGAR,UTTAR PRADESH,D733,BUDHANA,1.6
05-12-2025,29.5,77.5,MUZAFFARNAGAR,UTTAR PRADESH,D733,BUDHANA,1.5
06-12-2025,29.5,77.5,MUZAFFARNAGAR,UTTAR PRADESH,D733,BUDHANA,1.19
07-12-2025,29.5,77.5,MUZAFFARNAGAR,UTTAR PRADESH,D733,BUDHANA,1.13
08-12-2025,29.5,77.5,MUZAFFARNAGAR,UTTAR PRADESH,D733,BUDHANA,1.79
09-12-2025,29.5,77.5,MUZAFFARNAGAR,UTTAR PRADESH,D733,BUDHANA,2.02
10-12-2025,29.5,77.5,MUZAFFARNAGAR,UTTAR PRADESH,D733,BUDHANA,1.98
11-12-2025,29.5,77.5,MUZAFFARNAGAR,UTTAR PRADESH,D733,BUDHANA,1.86
12-12-2025,29.5,77.5,MUZAFFARNAGAR,UTTAR PRADESH,D733,BUDHANA,2.25
13-12-2025,29.5,77.5,MUZAFFARNAGAR,UTTAR PRADESH,D733,BUDHANA,2.39
14-12-2025,29.5,77.5,MUZAFFARNAGAR,UTTAR PRADESH,D733,BUDHANA,2.33
15-12-2025,29.5,77.5,MUZAFFARNAGAR,UTTAR PRADESH,D733,BUDHANA,2.23
16-12-2025,29.5,77.5,MUZAFFARNAGAR,UTTAR PRADESH,D733,BUDHANA,2.55
17-12-2025,29.5,77.5,MUZAFFARNAGAR,UTTAR PRADESH,D733,BUDHANA,2.63
18-12-2025,29.5,77.5,MUZAFFARNAGAR,UTTAR PRADESH,D733,BUDHANA,2.94
19-12-2025,29.5,77.5,MUZAFFARNAGAR,UTTAR PRADESH,D733,BUDHANA,2.47
20-12-2025,29.5,77.5,MUZAFFARNAGAR,UTTAR PRADESH,D733,BUDHANA,2.59
21-12-2025,29.5,77.5,MUZAFFARNAGAR,UTTAR PRADESH,D733,BUDHANA,2.83
22-12-2025,29.5,77.5,MUZAFFARNAGAR,UTTAR PRADESH,D733,BUDHANA,2.68
23-12-2025,29.5,77.5,MUZAFFARNAGAR,UTTAR PRADESH,D733,BUDHANA,2.77
24-12-2025,29.5,77.5,MUZAFFARNAGAR,UTTAR PRADESH,D733,BUDHANA,2.45
25-12-2025,29.5,77.5,MUZAFFARNAGAR,UTTAR PRADESH,D733,BUDHANA,2.86
26-12-2025,29.5,77.5,MUZAFFARNAGAR,UTTAR PRADESH,D733,BUDHANA,2.73
27-12-2025,29.5,77.5,MUZAFFARNAGAR,UTTAR PRADESH,D733,BUDHANA,2.86
28-12-2025,29.5,77.5,MUZAFFARNAGAR,UTTAR PRADESH,D733,BUDHANA,2.76
29-12-2025,29.5,77.5,MUZAFFARNAGAR,UTTAR PRADESH,D733,BUDHANA,2.45
30-12-2025,29.5,77.5,MUZAFFARNAGAR,UTTAR PRADESH,D733,BUDHANA,2.62
31-12-2025,29.5,77.5,MUZAFFARNAGAR,UTTAR PRADESH,D733,BUDHANA,2.56
01-01-2025,28.5,78.5,SAMBHAL,UTTAR PRADESH,D739,CHANDAUSI,2.6
02-01-2025,28.5,78.5,SAMBHAL,UTTAR PRADESH,D739,CHANDAUSI,2.85
03-01-2025,28.5,78.5,SAMBHAL,UTTAR PRADESH,D739,CHANDAUSI,2.75
04-01-2025,28.5,78.5,SAMBHAL,UTTAR PRADESH,D739,CHANDAUSI,2.98
05-01-2025,28.5,78.5,SAMBHAL,UTTAR PRADESH,D739,CHANDAUSI,3.27
06-01-2025,28.5,78.5,SAMBHAL,UTTAR PRADESH,D739,CHANDAUSI,2.78
07-01-2025,28.5,78.5,SAMBHAL,UTTAR PRADESH,D739,CHANDAUSI,2.8
08-01-2025,28.5,78.5,SAMBHAL,UTTAR PRADESH,D739,CHANDAUSI,2.85
09-01-2025,28.5,78.5,SAMBHAL,UTTAR PRADESH,D739,CHANDAUSI,2.95
10-01-2025,28.5,78.5,SAMBHAL,UTTAR PRADESH,D739,CHANDAUSI,2.54
11-01-2025,28.5,78.5,SAMBHAL,UTTAR PRADESH,D739,CHANDAUSI,2.63
12-01-2025,28.5,78.5,SAMBHAL,UTTAR PRADESH,D739,CHANDAUSI,2.47
13-01-2025,28.5,78.5,SAMBHAL,UTTAR PRADESH,D739,CHANDAUSI,2.59
14-01-2025,28.5,78.5,SAMBHAL,UTTAR PRADESH,D739,CHANDAUSI,2.39
15-01-2025,28.5,78.5,SAMBHAL,UTTAR PRADESH,D739,CHANDAUSI,2.35
16-01-2025,28.5,78.5,SAMBHAL,UTTAR PRADESH,D739,CHANDAUSI,2.93
17-01-2025,28.5,78.5,SAMBHAL,UTTAR PRADESH,D739,CHANDAUSI,2.6
18-01-2025,28.5,78.5,SAMBHAL,UTTAR PRADESH,D739,CHANDAUSI,2.89
19-01-2025,28.5,78.5,SAMBHAL,UTTAR PRADESH,D739,CHANDAUSI,3.07
20-01-2025,28.5,78.5,SAMBHAL,UTTAR PRADESH,D739,CHANDAUSI,3.04
21-01-2025,28.5,78.5,SAMBHAL,UTTAR PRADESH,D739,CHANDAUSI,2.77
22-01-2025,28.5,78.5,SAMBHAL,UTTAR PRADESH,D739,CHANDAUSI,2.84
23-01-2025,28.5,78.5,SAMBHAL,UTTAR PRADESH,D739,CHANDAUSI,2.6
24-01-2025,28.5,78.5,SAMBHAL,UTTAR PRADESH,D739,CHANDAUSI,2.61
25-01-2025,28.5,78.5,SAMBHAL,UTTAR PRADESH,D739,CHANDAUSI,2.75
26-01-2025,28.5,78.5,SAMBHAL,UTTAR PRADESH,D739,CHANDAUSI,2.17
27-01-2025,28.5,78.5,SAMBHAL,UTTAR PRADESH,D739,CHANDAUSI,2.1
28-01-2025,28.5,78.5,SAMBHAL,UTTAR PRADESH,D739,CHANDAUSI,2.28
29-01-2025,28.5,78.5,SAMBHAL,UTTAR PRADESH,D739,CHANDAUSI,2.53
30-01-2025,28.5,78.5,SAMBHAL,UTTAR PRADESH,D739,CHANDAUSI,2.64
31-01-2025,28.5,78.5,SAMBHAL,UTTAR PRADESH,D739,CHANDAUSI,2.57
01-02-2025,28.5,78.5,SAMBHAL,UTTAR PRADESH,D739,CHANDAUSI,2.74
02-02-2025,28.5,78.5,SAMBHAL,UTTAR PRADESH,D739,CHANDAUSI,2.36
03-02-2025,28.5,78.5,SAMBHAL,UTTAR PRADESH,D739,CHANDAUSI,2.36
04-02-2025,28.5,78.5,SAMBHAL,UTTAR PRADESH,D739,CHANDAUSI,2.46
05-02-2025,28.5,78.5,SAMBHAL,UTTAR PRADESH,D739,CHANDAUSI,2.59
06-02-2025,28.5,78.5,SAMBHAL,UTTAR PRADESH,D739,CHANDAUSI,2.33
07-02-2025,28.5,78.5,SAMBHAL,UTTAR PRADESH,D739,CHANDAUSI,2.15
08-02-2025,28.5,78.5,SAMBHAL,UTTAR PRADESH,D739,CHANDAUSI,2.36
09-02-2025,28.5,78.5,SAMBHAL,UTTAR PRADESH,D739,CHANDAUSI,2.4
10-02-2025,28.5,78.5,SAMBHAL,UTTAR PRADESH,D739,CHANDAUSI,2.52
11-02-2025,28.5,78.5,SAMBHAL,UTTAR PRADESH,D739,CHANDAUSI,2.68
12-02-2025,28.5,78.5,SAMBHAL,UTTAR PRADESH,D739,CHANDAUSI,2.54
13-02-2025,28.5,78.5,SAMBHAL,UTTAR PRADESH,D739,CHANDAUSI,2.28
14-02-2025,28.5,78.5,SAMBHAL,UTTAR PRADESH,D739,CHANDAUSI,2.64
15-02-2025,28.5,78.5,SAMBHAL,UTTAR PRADESH,D739,CHANDAUSI,2.51
16-02-2025,28.5,78.5,SAMBHAL,UTTAR PRADESH,D739,CHANDAUSI,2.73
17-02-2025,28.5,78.5,SAMBHAL,UTTAR PRADESH,D739,CHANDAUSI,2.38
18-02-2025,28.5,78.5,SAMBHAL,UTTAR PRADESH,D739,CHANDAUSI,2.32
19-02-2025,28.5,78.5,SAMBHAL,UTTAR PRADESH,D739,CHANDAUSI,2.28
20-02-2025,28.5,78.5,SAMBHAL,UTTAR PRADESH,D739,CHANDAUSI,2.41
21-02-2025,28.5,78.5,SAMBHAL,UTTAR PRADESH,D739,CHANDAUSI,2.62
22-02-2025,28.5,78.5,SAMBHAL,UTTAR PRADESH,D739,CHANDAUSI,2.8
23-02-2025,28.5,78.5,SAMBHAL,UTTAR PRADESH,D739,CHANDAUSI,2.91
24-02-2025,28.5,78.5,SAMBHAL,UTTAR PRADESH,D739,CHANDAUSI,2.63
25-02-2025,28.5,78.5,SAMBHAL,UTTAR PRADESH,D739,CHANDAUSI,2.84
26-02-2025,28.5,78.5,SAMBHAL,UTTAR PRADESH,D739,CHANDAUSI,3.11
27-02-2025,28.5,78.5,SAMBHAL,UTTAR PRADESH,D739,CHANDAUSI,2.96
28-02-2025,28.5,78.5,SAMBHAL,UTTAR PRADESH,D739,CHANDAUSI,2.86
29-02-2025,28.5,78.5,SAMBHAL,UTTAR PRADESH,D739,CHANDAUSI,1.83
01-03-2025,28.5,78.5,SAMBHAL,UTTAR PRADESH,D739,CHANDAUSI,3.36
02-03-2025,28.5,78.5,SAMBHAL,UTTAR PRADESH,D739,CHANDAUSI,3.33
03-03-2025,28.5,78.5,SAMBHAL,UTTAR PRADESH,D739,CHANDAUSI,3.19
04-03-2025,28.5,78.5,SAMBHAL,UTTAR PRADESH,D739,CHANDAUSI,3.15
05-03-2025,28.5,78.5,SAMBHAL,UTTAR PRADESH,D739,CHANDAUSI,2.76
06-03-2025,28.5,78.5,SAMBHAL,UTTAR PRADESH,D739,CHANDAUSI,2.91
07-03-2025,28.5,78.5,SAMBHAL,UTTAR PRADESH,D739,CHANDAUSI,2.79
08-03-2025,28.5,78.5,SAMBHAL,UTTAR PRADESH,D739,CHANDAUSI,2.47
09-03-2025,28.5,78.5,SAMBHAL,UTTAR PRADESH,D739,CHANDAUSI,2.38
10-03-2025,28.5,78.5,SAMBHAL,UTTAR PRADESH,D739,CHANDAUSI,2.38
11-03-2025,28.5,78.5,SAMBHAL,UTTAR PRADESH,D739,CHANDAUSI,2.79
12-03-2025,28.5,78.5,SAMBHAL,UTTAR PRADESH,D739,CHANDAUSI,2.58
13-03-2025,28.5,78.5,SAMBHAL,UTTAR PRADESH,D739,CHANDAUSI,3
14-03-2025,28.5,78.5,SAMBHAL,UTTAR PRADESH,D739,CHANDAUSI,2.94
15-03-2025,28.5,78.5,SAMBHAL,UTTAR PRADESH,D739,CHANDAUSI,2.98
16-03-2025,28.5,78.5,SAMBHAL,UTTAR PRADESH,D739,CHANDAUSI,2.39
17-03-2025,28.5,78.5,SAMBHAL,UTTAR PRADESH,D739,CHANDAUSI,2.4
18-03-2025,28.5,78.5,SAMBHAL,UTTAR PRADESH,D739,CHANDAUSI,2.8
19-03-2025,28.5,78.5,SAMBHAL,UTTAR PRADESH,D739,CHANDAUSI,2.52
20-03-2025,28.5,78.5,SAMBHAL,UTTAR PRADESH,D739,CHANDAUSI,2.56
21-03-2025,28.5,78.5,SAMBHAL,UTTAR PRADESH,D739,CHANDAUSI,2.75
22-03-2025,28.5,78.5,SAMBHAL,UTTAR PRADESH,D739,CHANDAUSI,2.46
23-03-2025,28.5,78.5,SAMBHAL,UTTAR PRADESH,D739,CHANDAUSI,2.62
24-03-2025,28.5,78.5,SAMBHAL,UTTAR PRADESH,D739,CHANDAUSI,2.68
25-03-2025,28.5,78.5,SAMBHAL,UTTAR PRADESH,D739,CHANDAUSI,2.48
26-03-2025,28.5,78.5,SAMBHAL,UTTAR PRADESH,D739,CHANDAUSI,2.32
27-03-2025,28.5,78.5,SAMBHAL,UTTAR PRADESH,D739,CHANDAUSI,2.92
28-03-2025,28.5,78.5,SAMBHAL,UTTAR PRADESH,D739,CHANDAUSI,2.25
29-03-2025,28.5,78.5,SAMBHAL,UTTAR PRADESH,D739,CHANDAUSI,2.53
30-03-2025,28.5,78.5,SAMBHAL,UTTAR PRADESH,D739,CHANDAUSI,2.98
31-03-2025,28.5,78.5,SAMBHAL,UTTAR PRADESH,D739,CHANDAUSI,3.17
01-04-2025,28.5,78.5,SAMBHAL,UTTAR PRADESH,D739,CHANDAUSI,2.81
02-04-2025,28.5,78.5,SAMBHAL,UTTAR PRADESH,D739,CHANDAUSI,2.48
03-04-2025,28.5,78.5,SAMBHAL,UTTAR PRADESH,D739,CHANDAUSI,3.1
04-04-2025,28.5,78.5,SAMBHAL,UTTAR PRADESH,D739,CHANDAUSI,3.28
05-04-2025,28.5,78.5,SAMBHAL,UTTAR PRADESH,D739,CHANDAUSI,3
06-04-2025,28.5,78.5,SAMBHAL,UTTAR PRADESH,D739,CHANDAUSI,2.48
07-04-2025,28.5,78.5,SAMBHAL,UTTAR PRADESH,D739,CHANDAUSI,2.6
08-04-2025,28.5,78.5,SAMBHAL,UTTAR PRADESH,D739,CHANDAUSI,2.18
09-04-2025,28.5,78.5,SAMBHAL,UTTAR PRADESH,D739,CHANDAUSI,2.8
10-04-2025,28.5,78.5,SAMBHAL,UTTAR PRADESH,D739,CHANDAUSI,2.46
11-04-2025,28.5,78.5,SAMBHAL,UTTAR PRADESH,D739,CHANDAUSI,2.63
12-04-2025,28.5,78.5,SAMBHAL,UTTAR PRADESH,D739,CHANDAUSI,2.46
13-04-2025,28.5,78.5,SAMBHAL,UTTAR PRADESH,D739,CHANDAUSI,2.75
14-04-2025,28.5,78.5,SAMBHAL,UTTAR PRADESH,D739,CHANDAUSI,2.57
15-04-2025,28.5,78.5,SAMBHAL,UTTAR PRADESH,D739,CHANDAUSI,2.45
16-04-2025,28.5,78.5,SAMBHAL,UTTAR PRADESH,D739,CHANDAUSI,2.93
17-04-2025,28.5,78.5,SAMBHAL,UTTAR PRADESH,D739,CHANDAUSI,3.12
18-04-2025,28.5,78.5,SAMBHAL,UTTAR PRADESH,D739,CHANDAUSI,3.43
19-04-2025,28.5,78.5,SAMBHAL,UTTAR PRADESH,D739,CHANDAUSI,2.97
20-04-2025,28.5,78.5,SAMBHAL,UTTAR PRADESH,D739,CHANDAUSI,2.78
21-04-2025,28.5,78.5,SAMBHAL,UTTAR PRADESH,D739,CHANDAUSI,2.58
22-04-2025,28.5,78.5,SAMBHAL,UTTAR PRADESH,D739,CHANDAUSI,2.24
23-04-2025,28.5,78.5,SAMBHAL,UTTAR PRADESH,D739,CHANDAUSI,2.16
24-04-2025,28.5,78.5,SAMBHAL,UTTAR PRADESH,D739,CHANDAUSI,2.24
25-04-2025,28.5,78.5,SAMBHAL,UTTAR PRADESH,D739,CHANDAUSI,2.17
26-04-2025,28.5,78.5,SAMBHAL,UTTAR PRADESH,D739,CHANDAUSI,2.76
27-04-2025,28.5,78.5,SAMBHAL,UTTAR PRADESH,D739,CHANDAUSI,2.54
28-04-2025,28.5,78.5,SAMBHAL,UTTAR PRADESH,D739,CHANDAUSI,2.47
29-04-2025,28.5,78.5,SAMBHAL,UTTAR PRADESH,D739,CHANDAUSI,2.68
30-04-2025,28.5,78.5,SAMBHAL,UTTAR PRADESH,D739,CHANDAUSI,3.47
01-05-2025,28.5,78.5,SAMBHAL,UTTAR PRADESH,D739,CHANDAUSI,3.69
02-05-2025,28.5,78.5,SAMBHAL,UTTAR PRADESH,D739,CHANDAUSI,3.51
03-05-2025,28.5,78.5,SAMBHAL,UTTAR PRADESH,D739,CHANDAUSI,2.74
04-05-2025,28.5,78.5,SAMBHAL,UTTAR PRADESH,D739,CHANDAUSI,2.71
05-05-2025,28.5,78.5,SAMBHAL,UTTAR PRADESH,D739,CHANDAUSI,2.6
06-05-2025,28.5,78.5,SAMBHAL,UTTAR PRADESH,D739,CHANDAUSI,2.41
07-05-2025,28.5,78.5,SAMBHAL,UTTAR PRADESH,D739,CHANDAUSI,2.47
08-05-2025,28.5,78.5,SAMBHAL,UTTAR PRADESH,D739,CHANDAUSI,2.18
09-05-2025,28.5,78.5,SAMBHAL,UTTAR PRADESH,D739,CHANDAUSI,2.28
10-05-2025,28.5,78.5,SAMBHAL,UTTAR PRADESH,D739,CHANDAUSI,2.34
11-05-2025,28.5,78.5,SAMBHAL,UTTAR PRADESH,D739,CHANDAUSI,1.91
12-05-2025,28.5,78.5,SAMBHAL,UTTAR PRADESH,D739,CHANDAUSI,2.06
13-05-2025,28.5,78.5,SAMBHAL,UTTAR PRADESH,D739,CHANDAUSI,2.42
14-05-2025,28.5,78.5,SAMBHAL,UTTAR PRADESH,D739,CHANDAUSI,2.31
15-05-2025,28.5,78.5,SAMBHAL,UTTAR PRADESH,D739,CHANDAUSI,2.3
16-05-2025,28.5,78.5,SAMBHAL,UTTAR PRADESH,D739,CHANDAUSI,2.02
17-05-2025,28.5,78.5,SAMBHAL,UTTAR PRADESH,D739,CHANDAUSI,2.64
18-05-2025,28.5,78.5,SAMBHAL,UTTAR PRADESH,D739,CHANDAUSI,2.99
19-05-2025,28.5,78.5,SAMBHAL,UTTAR PRADESH,D739,CHANDAUSI,3.4
20-05-2025,28.5,78.5,SAMBHAL,UTTAR PRADESH,D739,CHANDAUSI,3.02
21-05-2025,28.5,78.5,SAMBHAL,UTTAR PRADESH,D739,CHANDAUSI,3.09
22-05-2025,28.5,78.5,SAMBHAL,UTTAR PRADESH,D739,CHANDAUSI,3.54
23-05-2025,28.5,78.5,SAMBHAL,UTTAR PRADESH,D739,CHANDAUSI,3.33
24-05-2025,28.5,78.5,SAMBHAL,UTTAR PRADESH,D739,CHANDAUSI,3.1
25-05-2025,28.5,78.5,SAMBHAL,UTTAR PRADESH,D739,CHANDAUSI,3.11
26-05-2025,28.5,78.5,SAMBHAL,UTTAR PRADESH,D739,CHANDAUSI,2.93
27-05-2025,28.5,78.5,SAMBHAL,UTTAR PRADESH,D739,CHANDAUSI,2.94
28-05-2025,28.5,78.5,SAMBHAL,UTTAR PRADESH,D739,CHANDAUSI,2.61
29-05-2025,28.5,78.5,SAMBHAL,UTTAR PRADESH,D739,CHANDAUSI,3.4
30-05-2025,28.5,78.5,SAMBHAL,UTTAR PRADESH,D739,CHANDAUSI,3.55
31-05-2025,28.5,78.5,SAMBHAL,UTTAR PRADESH,D739,CHANDAUSI,3.29
01-06-2025,28.5,78.5,SAMBHAL,UTTAR PRADESH,D739,CHANDAUSI,3.54
02-06-2025,28.5,78.5,SAMBHAL,UTTAR PRADESH,D739,CHANDAUSI,3.36
03-06-2025,28.5,78.5,SAMBHAL,UTTAR PRADESH,D739,CHANDAUSI,3.55
04-06-2025,28.5,78.5,SAMBHAL,UTTAR PRADESH,D739,CHANDAUSI,3.57
05-06-2025,28.5,78.5,SAMBHAL,UTTAR PRADESH,D739,CHANDAUSI,3.15
06-06-2025,28.5,78.5,SAMBHAL,UTTAR PRADESH,D739,CHANDAUSI,2.87
07-06-2025,28.5,78.5,SAMBHAL,UTTAR PRADESH,D739,CHANDAUSI,3.46
08-06-2025,28.5,78.5,SAMBHAL,UTTAR PRADESH,D739,CHANDAUSI,3.61
09-06-2025,28.5,78.5,SAMBHAL,UTTAR PRADESH,D739,CHANDAUSI,3.34
10-06-2025,28.5,78.5,SAMBHAL,UTTAR PRADESH,D739,CHANDAUSI,3.02
11-06-2025,28.5,78.5,SAMBHAL,UTTAR PRADESH,D739,CHANDAUSI,2.7
12-06-2025,28.5,78.5,SAMBHAL,UTTAR PRADESH,D739,CHANDAUSI,2.62
13-06-2025,28.5,78.5,SAMBHAL,UTTAR PRADESH,D739,CHANDAUSI,2.76
14-06-2025,28.5,78.5,SAMBHAL,UTTAR PRADESH,D739,CHANDAUSI,2.76
15-06-2025,28.5,78.5,SAMBHAL,UTTAR PRADESH,D739,CHANDAUSI,3.3
16-06-2025,28.5,78.5,SAMBHAL,UTTAR PRADESH,D739,CHANDAUSI,3.64
17-06-2025,28.5,78.5,SAMBHAL,UTTAR PRADESH,D739,CHANDAUSI,3.79
18-06-2025,28.5,78.5,SAMBHAL,UTTAR PRADESH,D739,CHANDAUSI,3.49
19-06-2025,28.5,78.5,SAMBHAL,UTTAR PRADESH,D739,CHANDAUSI,3.09
20-06-2025,28.5,78.5,SAMBHAL,UTTAR PRADESH,D739,CHANDAUSI,3.2
21-06-2025,28.5,78.5,SAMBHAL,UTTAR PRADESH,D739,CHANDAUSI,2.99
22-06-2025,28.5,78.5,SAMBHAL,UTTAR PRADESH,D739,CHANDAUSI,2.67
23-06-2025,28.5,78.5,SAMBHAL,UTTAR PRADESH,D739,CHANDAUSI,2.44
24-06-2025,28.5,78.5,SAMBHAL,UTTAR PRADESH,D739,CHANDAUSI,2.62
25-06-2025,28.5,78.5,SAMBHAL,UTTAR PRADESH,D739,CHANDAUSI,3.04
26-06-2025,28.5,78.5,SAMBHAL,UTTAR PRADESH,D739,CHANDAUSI,2.55
27-06-2025,28.5,78.5,SAMBHAL,UTTAR PRADESH,D739,CHANDAUSI,2.68
28-06-2025,28.5,78.5,SAMBHAL,UTTAR PRADESH,D739,CHANDAUSI,2.61
29-06-2025,28.5,78.5,SAMBHAL,UTTAR PRADESH,D739,CHANDAUSI,2.83
30-06-2025,28.5,78.5,SAMBHAL,UTTAR PRADESH,D739,CHANDAUSI,3.06
01-07-2025,28.5,78.5,SAMBHAL,UTTAR PRADESH,D739,CHANDAUSI,2.55
02-07-2025,28.5,78.5,SAMBHAL,UTTAR PRADESH,D739,CHANDAUSI,2.42
03-07-2025,28.5,78.5,SAMBHAL,UTTAR PRADESH,D739,CHANDAUSI,2.02
04-07-2025,28.5,78.5,SAMBHAL,UTTAR PRADESH,D739,CHANDAUSI,1.78
05-07-2025,28.5,78.5,SAMBHAL,UTTAR PRADESH,D739,CHANDAUSI,2.2
06-07-2025,28.5,78.5,SAMBHAL,UTTAR PRADESH,D739,CHANDAUSI,2.71
07-07-2025,28.5,78.5,SAMBHAL,UTTAR PRADESH,D739,CHANDAUSI,2.51
08-07-2025,28.5,78.5,SAMBHAL,UTTAR PRADESH,D739,CHANDAUSI,2.45
09-07-2025,28.5,78.5,SAMBHAL,UTTAR PRADESH,D739,CHANDAUSI,2.2
10-07-2025,28.5,78.5,SAMBHAL,UTTAR PRADESH,D739,CHANDAUSI,2.61
11-07-2025,28.5,78.5,SAMBHAL,UTTAR PRADESH,D739,CHANDAUSI,2.73
12-07-2025,28.5,78.5,SAMBHAL,UTTAR PRADESH,D739,CHANDAUSI,2.61
13-07-2025,28.5,78.5,SAMBHAL,UTTAR PRADESH,D739,CHANDAUSI,1.99
14-07-2025,28.5,78.5,SAMBHAL,UTTAR PRADESH,D739,CHANDAUSI,1.87
15-07-2025,28.5,78.5,SAMBHAL,UTTAR PRADESH,D739,CHANDAUSI,1.97
16-07-2025,28.5,78.5,SAMBHAL,UTTAR PRADESH,D739,CHANDAUSI,2.32
17-07-2025,28.5,78.5,SAMBHAL,UTTAR PRADESH,D739,CHANDAUSI,2.11
18-07-2025,28.5,78.5,SAMBHAL,UTTAR PRADESH,D739,CHANDAUSI,1.97
19-07-2025,28.5,78.5,SAMBHAL,UTTAR PRADESH,D739,CHANDAUSI,2.13
20-07-2025,28.5,78.5,SAMBHAL,UTTAR PRADESH,D739,CHANDAUSI,1.84
21-07-2025,28.5,78.5,SAMBHAL,UTTAR PRADESH,D739,CHANDAUSI,1.68
22-07-2025,28.5,78.5,SAMBHAL,UTTAR PRADESH,D739,CHANDAUSI,1.65
23-07-2025,28.5,78.5,SAMBHAL,UTTAR PRADESH,D739,CHANDAUSI,1.58
24-07-2025,28.5,78.5,SAMBHAL,UTTAR PRADESH,D739,CHANDAUSI,1.46
25-07-2025,28.5,78.5,SAMBHAL,UTTAR PRADESH,D739,CHANDAUSI,1.69
26-07-2025,28.5,78.5,SAMBHAL,UTTAR PRADESH,D739,CHANDAUSI,1.97
27-07-2025,28.5,78.5,SAMBHAL,UTTAR PRADESH,D739,CHANDAUSI,2.09
28-07-2025,28.5,78.5,SAMBHAL,UTTAR PRADESH,D739,CHANDAUSI,2.01
29-07-2025,28.5,78.5,SAMBHAL,UTTAR PRADESH,D739,CHANDAUSI,1.87
30-07-2025,28.5,78.5,SAMBHAL,UTTAR PRADESH,D739,CHANDAUSI,1.71
31-07-2025,28.5,78.5,SAMBHAL,UTTAR PRADESH,D739,CHANDAUSI,2.01
01-08-2025,28.5,78.5,SAMBHAL,UTTAR PRADESH,D739,CHANDAUSI,1.45
02-08-2025,28.5,78.5,SAMBHAL,UTTAR PRADESH,D739,CHANDAUSI,1.58
03-08-2025,28.5,78.5,SAMBHAL,UTTAR PRADESH,D739,CHANDAUSI,1.9
04-08-2025,28.5,78.5,SAMBHAL,UTTAR PRADESH,D739,CHANDAUSI,1.6
05-08-2025,28.5,78.5,SAMBHAL,UTTAR PRADESH,D739,CHANDAUSI,1.3
06-08-2025,28.5,78.5,SAMBHAL,UTTAR PRADESH,D739,CHANDAUSI,1.52
07-08-2025,28.5,78.5,SAMBHAL,UTTAR PRADESH,D739,CHANDAUSI,1.39
08-08-2025,28.5,78.5,SAMBHAL,UTTAR PRADESH,D739,CHANDAUSI,1.81
09-08-2025,28.5,78.5,SAMBHAL,UTTAR PRADESH,D739,CHANDAUSI,1.79
10-08-2025,28.5,78.5,SAMBHAL,UTTAR PRADESH,D739,CHANDAUSI,1.6
11-08-2025,28.5,78.5,SAMBHAL,UTTAR PRADESH,D739,CHANDAUSI,1.39
12-08-2025,28.5,78.5,SAMBHAL,UTTAR PRADESH,D739,CHANDAUSI,1.63
13-08-2025,28.5,78.5,SAMBHAL,UTTAR PRADESH,D739,CHANDAUSI,1.78
14-08-2025,28.5,78.5,SAMBHAL,UTTAR PRADESH,D739,CHANDAUSI,1.56
15-08-2025,28.5,78.5,SAMBHAL,UTTAR PRADESH,D739,CHANDAUSI,1.77
16-08-2025,28.5,78.5,SAMBHAL,UTTAR PRADESH,D739,CHANDAUSI,1.92
17-08-2025,28.5,78.5,SAMBHAL,UTTAR PRADESH,D739,CHANDAUSI,1.98
18-08-2025,28.5,78.5,SAMBHAL,UTTAR PRADESH,D739,CHANDAUSI,1.68
19-08-2025,28.5,78.5,SAMBHAL,UTTAR PRADESH,D739,CHANDAUSI,1.37
20-08-2025,28.5,78.5,SAMBHAL,UTTAR PRADESH,D739,CHANDAUSI,1.32
21-08-2025,28.5,78.5,SAMBHAL,UTTAR PRADESH,D739,CHANDAUSI,1.82
22-08-2025,28.5,78.5,SAMBHAL,UTTAR PRADESH,D739,CHANDAUSI,1.88
23-08-2025,28.5,78.5,SAMBHAL,UTTAR PRADESH,D739,CHANDAUSI,1.82
24-08-2025,28.5,78.5,SAMBHAL,UTTAR PRADESH,D739,CHANDAUSI,1.77
25-08-2025,28.5,78.5,SAMBHAL,UTTAR PRADESH,D739,CHANDAUSI,1.75
26-08-2025,28.5,78.5,SAMBHAL,UTTAR PRADESH,D739,CHANDAUSI,1.76
27-08-2025,28.5,78.5,SAMBHAL,UTTAR PRADESH,D739,CHANDAUSI,1.32
28-08-2025,28.5,78.5,SAMBHAL,UTTAR PRADESH,D739,CHANDAUSI,1.37
29-08-2025,28.5,78.5,SAMBHAL,UTTAR PRADESH,D739,CHANDAUSI,1.48
30-08-2025,28.5,78.5,SAMBHAL,UTTAR PRADESH,D739,CHANDAUSI,1.76
31-08-2025,28.5,78.5,SAMBHAL,UTTAR PRADESH,D739,CHANDAUSI,1.76
01-09-2025,28.5,78.5,SAMBHAL,UTTAR PRADESH,D739,CHANDAUSI,1.95
02-09-2025,28.5,78.5,SAMBHAL,UTTAR PRADESH,D739,CHANDAUSI,2.22
03-09-2025,28.5,78.5,SAMBHAL,UTTAR PRADESH,D739,CHANDAUSI,1.6
04-09-2025,28.5,78.5,SAMBHAL,UTTAR PRADESH,D739,CHANDAUSI,1.87
05-09-2025,28.5,78.5,SAMBHAL,UTTAR PRADESH,D739,CHANDAUSI,2.01
06-09-2025,28.5,78.5,SAMBHAL,UTTAR PRADESH,D739,CHANDAUSI,1.88
07-09-2025,28.5,78.5,SAMBHAL,UTTAR PRADESH,D739,CHANDAUSI,2.06
08-09-2025,28.5,78.5,SAMBHAL,UTTAR PRADESH,D739,CHANDAUSI,2.01
09-09-2025,28.5,78.5,SAMBHAL,UTTAR PRADESH,D739,CHANDAUSI,2.26
10-09-2025,28.5,78.5,SAMBHAL,UTTAR PRADESH,D739,CHANDAUSI,2.35
11-09-2025,28.5,78.5,SAMBHAL,UTTAR PRADESH,D739,CHANDAUSI,2.34
12-09-2025,28.5,78.5,SAMBHAL,UTTAR PRADESH,D739,CHANDAUSI,2.31
13-09-2025,28.5,78.5,SAMBHAL,UTTAR PRADESH,D739,CHANDAUSI,2.15
14-09-2025,28.5,78.5,SAMBHAL,UTTAR PRADESH,D739,CHANDAUSI,1.59
15-09-2025,28.5,78.5,SAMBHAL,UTTAR PRADESH,D739,CHANDAUSI,1.57
16-09-2025,28.5,78.5,SAMBHAL,UTTAR PRADESH,D739,CHANDAUSI,2.02
17-09-2025,28.5,78.5,SAMBHAL,UTTAR PRADESH,D739,CHANDAUSI,2.18
18-09-2025,28.5,78.5,SAMBHAL,UTTAR PRADESH,D739,CHANDAUSI,2.16
19-09-2025,28.5,78.5,SAMBHAL,UTTAR PRADESH,D739,CHANDAUSI,2.31
20-09-2025,28.5,78.5,SAMBHAL,UTTAR PRADESH,D739,CHANDAUSI,2.1
21-09-2025,28.5,78.5,SAMBHAL,UTTAR PRADESH,D739,CHANDAUSI,1.98
22-09-2025,28.5,78.5,SAMBHAL,UTTAR PRADESH,D739,CHANDAUSI,2.35
23-09-2025,28.5,78.5,SAMBHAL,UTTAR PRADESH,D739,CHANDAUSI,2.19
24-09-2025,28.5,78.5,SAMBHAL,UTTAR PRADESH,D739,CHANDAUSI,2.35
25-09-2025,28.5,78.5,SAMBHAL,UTTAR PRADESH,D739,CHANDAUSI,2.21
26-09-2025,28.5,78.5,SAMBHAL,UTTAR PRADESH,D739,CHANDAUSI,1.78
27-09-2025,28.5,78.5,SAMBHAL,UTTAR PRADESH,D739,CHANDAUSI,1.55
28-09-2025,28.5,78.5,SAMBHAL,UTTAR PRADESH,D739,CHANDAUSI,1.52
29-09-2025,28.5,78.5,SAMBHAL,UTTAR PRADESH,D739,CHANDAUSI,1.47
30-09-2025,28.5,78.5,SAMBHAL,UTTAR PRADESH,D739,CHANDAUSI,1.45
01-10-2025,28.5,78.5,SAMBHAL,UTTAR PRADESH,D739,CHANDAUSI,1.58
02-10-2025,28.5,78.5,SAMBHAL,UTTAR PRADESH,D739,CHANDAUSI,1.35
03-10-2025,28.5,78.5,SAMBHAL,UTTAR PRADESH,D739,CHANDAUSI,1.87
04-10-2025,28.5,78.5,SAMBHAL,UTTAR PRADESH,D739,CHANDAUSI,2.21
05-10-2025,28.5,78.5,SAMBHAL,UTTAR PRADESH,D739,CHANDAUSI,2.27
06-10-2025,28.5,78.5,SAMBHAL,UTTAR PRADESH,D739,CHANDAUSI,2.41
07-10-2025,28.5,78.5,SAMBHAL,UTTAR PRADESH,D739,CHANDAUSI,2.25
08-10-2025,28.5,78.5,SAMBHAL,UTTAR PRADESH,D739,CHANDAUSI,2.27
09-10-2025,28.5,78.5,SAMBHAL,UTTAR PRADESH,D739,CHANDAUSI,1.88
10-10-2025,28.5,78.5,SAMBHAL,UTTAR PRADESH,D739,CHANDAUSI,1.84
11-10-2025,28.5,78.5,SAMBHAL,UTTAR PRADESH,D739,CHANDAUSI,2.26
12-10-2025,28.5,78.5,SAMBHAL,UTTAR PRADESH,D739,CHANDAUSI,1.83
13-10-2025,28.5,78.5,SAMBHAL,UTTAR PRADESH,D739,CHANDAUSI,1.42
14-10-2025,28.5,78.5,SAMBHAL,UTTAR PRADESH,D739,CHANDAUSI,2.09
15-10-2025,28.5,78.5,SAMBHAL,UTTAR PRADESH,D739,CHANDAUSI,1.61
16-10-2025,28.5,78.5,SAMBHAL,UTTAR PRADESH,D739,CHANDAUSI,1.85
17-10-2025,28.5,78.5,SAMBHAL,UTTAR PRADESH,D739,CHANDAUSI,1.91
18-10-2025,28.5,78.5,SAMBHAL,UTTAR PRADESH,D739,CHANDAUSI,1.96
19-10-2025,28.5,78.5,SAMBHAL,UTTAR PRADESH,D739,CHANDAUSI,1.73
20-10-2025,28.5,78.5,SAMBHAL,UTTAR PRADESH,D739,CHANDAUSI,1.52
21-10-2025,28.5,78.5,SAMBHAL,UTTAR PRADESH,D739,CHANDAUSI,1.34
22-10-2025,28.5,78.5,SAMBHAL,UTTAR PRADESH,D739,CHANDAUSI,1.31
23-10-2025,28.5,78.5,SAMBHAL,UTTAR PRADESH,D739,CHANDAUSI,1.45
24-10-2025,28.5,78.5,SAMBHAL,UTTAR PRADESH,D739,CHANDAUSI,1.87
25-10-2025,28.5,78.5,SAMBHAL,UTTAR PRADESH,D739,CHANDAUSI,1.38
26-10-2025,28.5,78.5,SAMBHAL,UTTAR PRADESH,D739,CHANDAUSI,1.32
27-10-2025,28.5,78.5,SAMBHAL,UTTAR PRADESH,D739,CHANDAUSI,1.47
28-10-2025,28.5,78.5,SAMBHAL,UTTAR PRADESH,D739,CHANDAUSI,1.71
29-10-2025,28.5,78.5,SAMBHAL,UTTAR PRADESH,D739,CHANDAUSI,1.7
30-10-2025,28.5,78.5,SAMBHAL,UTTAR PRADESH,D739,CHANDAUSI,1.71
31-10-2025,28.5,78.5,SAMBHAL,UTTAR PRADESH,D739,CHANDAUSI,1.34
01-11-2025,28.5,78.5,SAMBHAL,UTTAR PRADESH,D739,CHANDAUSI,1.18
02-11-2025,28.5,78.5,SAMBHAL,UTTAR PRADESH,D739,CHANDAUSI,1.27
03-11-2025,28.5,78.5,SAMBHAL,UTTAR PRADESH,D739,CHANDAUSI,1.34
04-11-2025,28.5,78.5,SAMBHAL,UTTAR PRADESH,D739,CHANDAUSI,1.2
05-11-2025,28.5,78.5,SAMBHAL,UTTAR PRADESH,D739,CHANDAUSI,1.33
06-11-2025,28.5,78.5,SAMBHAL,UTTAR PRADESH,D739,CHANDAUSI,1.17
07-11-2025,28.5,78.5,SAMBHAL,UTTAR PRADESH,D739,CHANDAUSI,1.64
08-11-2025,28.5,78.5,SAMBHAL,UTTAR PRADESH,D739,CHANDAUSI,1.48
09-11-2025,28.5,78.5,SAMBHAL,UTTAR PRADESH,D739,CHANDAUSI,1.39
10-11-2025,28.5,78.5,SAMBHAL,UTTAR PRADESH,D739,CHANDAUSI,1.31
11-11-2025,28.5,78.5,SAMBHAL,UTTAR PRADESH,D739,CHANDAUSI,1.17
12-11-2025,28.5,78.5,SAMBHAL,UTTAR PRADESH,D739,CHANDAUSI,1.4
13-11-2025,28.5,78.5,SAMBHAL,UTTAR PRADESH,D739,CHANDAUSI,1.37
14-11-2025,28.5,78.5,SAMBHAL,UTTAR PRADESH,D739,CHANDAUSI,1.29
15-11-2025,28.5,78.5,SAMBHAL,UTTAR PRADESH,D739,CHANDAUSI,1.15
16-11-2025,28.5,78.5,SAMBHAL,UTTAR PRADESH,D739,CHANDAUSI,1.32
17-11-2025,28.5,78.5,SAMBHAL,UTTAR PRADESH,D739,CHANDAUSI,1.2
18-11-2025,28.5,78.5,SAMBHAL,UTTAR PRADESH,D739,CHANDAUSI,1.27
19-11-2025,28.5,78.5,SAMBHAL,UTTAR PRADESH,D739,CHANDAUSI,1.14
20-11-2025,28.5,78.5,SAMBHAL,UTTAR PRADESH,D739,CHANDAUSI,1.25
21-11-2025,28.5,78.5,SAMBHAL,UTTAR PRADESH,D739,CHANDAUSI,1.16
22-11-2025,28.5,78.5,SAMBHAL,UTTAR PRADESH,D739,CHANDAUSI,1.3
23-11-2025,28.5,78.5,SAMBHAL,UTTAR PRADESH,D739,CHANDAUSI,1.32
24-11-2025,28.5,78.5,SAMBHAL,UTTAR PRADESH,D739,CHANDAUSI,1.31
25-11-2025,28.5,78.5,SAMBHAL,UTTAR PRADESH,D739,CHANDAUSI,1.44
26-11-2025,28.5,78.5,SAMBHAL,UTTAR PRADESH,D739,CHANDAUSI,1.77
27-11-2025,28.5,78.5,SAMBHAL,UTTAR PRADESH,D739,CHANDAUSI,1.69
28-11-2025,28.5,78.5,SAMBHAL,UTTAR PRADESH,D739,CHANDAUSI,1.69
29-11-2025,28.5,78.5,SAMBHAL,UTTAR PRADESH,D739,CHANDAUSI,1.39
30-11-2025,28.5,78.5,SAMBHAL,UTTAR PRADESH,D739,CHANDAUSI,1.47
01-12-2025,28.5,78.5,SAMBHAL,UTTAR PRADESH,D739,CHANDAUSI,1.56
02-12-2025,28.5,78.5,SAMBHAL,UTTAR PRADESH,D739,CHANDAUSI,1.7
03-12-2025,28.5,78.5,SAMBHAL,UTTAR PRADESH,D739,CHANDAUSI,1.53
04-12-2025,28.5,78.5,SAMBHAL,UTTAR PRADESH,D739,CHANDAUSI,1.59
05-12-2025,28.5,78.5,SAMBHAL,UTTAR PRADESH,D739,CHANDAUSI,1.45
06-12-2025,28.5,78.5,SAMBHAL,UTTAR PRADESH,D739,CHANDAUSI,1.16
07-12-2025,28.5,78.5,SAMBHAL,UTTAR PRADESH,D739,CHANDAUSI,1.25
08-12-2025,28.5,78.5,SAMBHAL,UTTAR PRADESH,D739,CHANDAUSI,1.65
09-12-2025,28.5,78.5,SAMBHAL,UTTAR PRADESH,D739,CHANDAUSI,1.87
10-12-2025,28.5,78.5,SAMBHAL,UTTAR PRADESH,D739,CHANDAUSI,1.93
11-12-2025,28.5,78.5,SAMBHAL,UTTAR PRADESH,D739,CHANDAUSI,1.86
12-12-2025,28.5,78.5,SAMBHAL,UTTAR PRADESH,D739,CHANDAUSI,2.07
13-12-2025,28.5,78.5,SAMBHAL,UTTAR PRADESH,D739,CHANDAUSI,2.36
14-12-2025,28.5,78.5,SAMBHAL,UTTAR PRADESH,D739,CHANDAUSI,2.26
15-12-2025,28.5,78.5,SAMBHAL,UTTAR PRADESH,D739,CHANDAUSI,2.07
16-12-2025,28.5,78.5,SAMBHAL,UTTAR PRADESH,D739,CHANDAUSI,2.54
17-12-2025,28.5,78.5,SAMBHAL,UTTAR PRADESH,D739,CHANDAUSI,2.62
18-12-2025,28.5,78.5,SAMBHAL,UTTAR PRADESH,D739,CHANDAUSI,2.83
19-12-2025,28.5,78.5,SAMBHAL,UTTAR PRADESH,D739,CHANDAUSI,2.41
20-12-2025,28.5,78.5,SAMBHAL,UTTAR PRADESH,D739,CHANDAUSI,2.61
21-12-2025,28.5,78.5,SAMBHAL,UTTAR PRADESH,D739,CHANDAUSI,2.86
22-12-2025,28.5,78.5,SAMBHAL,UTTAR PRADESH,D739,CHANDAUSI,2.7
23-12-2025,28.5,78.5,SAMBHAL,UTTAR PRADESH,D739,CHANDAUSI,2.55
24-12-2025,28.5,78.5,SAMBHAL,UTTAR PRADESH,D739,CHANDAUSI,2.49
25-12-2025,28.5,78.5,SAMBHAL,UTTAR PRADESH,D739,CHANDAUSI,2.99
26-12-2025,28.5,78.5,SAMBHAL,UTTAR PRADESH,D739,CHANDAUSI,2.93
27-12-2025,28.5,78.5,SAMBHAL,UTTAR PRADESH,D739,CHANDAUSI,2.88
28-12-2025,28.5,78.5,SAMBHAL,UTTAR PRADESH,D739,CHANDAUSI,2.83
29-12-2025,28.5,78.5,SAMBHAL,UTTAR PRADESH,D739,CHANDAUSI,2.66
30-12-2025,28.5,78.5,SAMBHAL,UTTAR PRADESH,D739,CHANDAUSI,2.77
31-12-2025,28.5,78.5,SAMBHAL,UTTAR PRADESH,D739,CHANDAUSI,2.99
01-01-2025,27.5,80.5,SITAPUR,UTTAR PRADESH,D745,BISWAN,2.79
02-01-2025,27.5,80.5,SITAPUR,UTTAR PRADESH,D745,BISWAN,2.95
03-01-2025,27.5,80.5,SITAPUR,UTTAR PRADESH,D745,BISWAN,3.13
04-01-2025,27.5,80.5,SITAPUR,UTTAR PRADESH,D745,BISWAN,3.14
05-01-2025,27.5,80.5,SITAPUR,UTTAR PRADESH,D745,BISWAN,3.76
06-01-2025,27.5,80.5,SITAPUR,UTTAR PRADESH,D745,BISWAN,3.53
07-01-2025,27.5,80.5,SITAPUR,UTTAR PRADESH,D745,BISWAN,3.09
08-01-2025,27.5,80.5,SITAPUR,UTTAR PRADESH,D745,BISWAN,3.12
09-01-2025,27.5,80.5,SITAPUR,UTTAR PRADESH,D745,BISWAN,3.22
10-01-2025,27.5,80.5,SITAPUR,UTTAR PRADESH,D745,BISWAN,2.81
11-01-2025,27.5,80.5,SITAPUR,UTTAR PRADESH,D745,BISWAN,2.89
12-01-2025,27.5,80.5,SITAPUR,UTTAR PRADESH,D745,BISWAN,2.69
13-01-2025,27.5,80.5,SITAPUR,UTTAR PRADESH,D745,BISWAN,2.94
14-01-2025,27.5,80.5,SITAPUR,UTTAR PRADESH,D745,BISWAN,2.96
15-01-2025,27.5,80.5,SITAPUR,UTTAR PRADESH,D745,BISWAN,2.98
16-01-2025,27.5,80.5,SITAPUR,UTTAR PRADESH,D745,BISWAN,3.52
17-01-2025,27.5,80.5,SITAPUR,UTTAR PRADESH,D745,BISWAN,3.38
18-01-2025,27.5,80.5,SITAPUR,UTTAR PRADESH,D745,BISWAN,3.62
19-01-2025,27.5,80.5,SITAPUR,UTTAR PRADESH,D745,BISWAN,3.56
20-01-2025,27.5,80.5,SITAPUR,UTTAR PRADESH,D745,BISWAN,3.3
21-01-2025,27.5,80.5,SITAPUR,UTTAR PRADESH,D745,BISWAN,3.05
22-01-2025,27.5,80.5,SITAPUR,UTTAR PRADESH,D745,BISWAN,2.94
23-01-2025,27.5,80.5,SITAPUR,UTTAR PRADESH,D745,BISWAN,2.67
24-01-2025,27.5,80.5,SITAPUR,UTTAR PRADESH,D745,BISWAN,2.39
25-01-2025,27.5,80.5,SITAPUR,UTTAR PRADESH,D745,BISWAN,2.76
26-01-2025,27.5,80.5,SITAPUR,UTTAR PRADESH,D745,BISWAN,2.62
27-01-2025,27.5,80.5,SITAPUR,UTTAR PRADESH,D745,BISWAN,2.3
28-01-2025,27.5,80.5,SITAPUR,UTTAR PRADESH,D745,BISWAN,2.12
29-01-2025,27.5,80.5,SITAPUR,UTTAR PRADESH,D745,BISWAN,2.21
30-01-2025,27.5,80.5,SITAPUR,UTTAR PRADESH,D745,BISWAN,2.34
31-01-2025,27.5,80.5,SITAPUR,UTTAR PRADESH,D745,BISWAN,2.59
01-02-2025,27.5,80.5,SITAPUR,UTTAR PRADESH,D745,BISWAN,2.57
02-02-2025,27.5,80.5,SITAPUR,UTTAR PRADESH,D745,BISWAN,2.2
03-02-2025,27.5,80.5,SITAPUR,UTTAR PRADESH,D745,BISWAN,1.91
04-02-2025,27.5,80.5,SITAPUR,UTTAR PRADESH,D745,BISWAN,2.16
05-02-2025,27.5,80.5,SITAPUR,UTTAR PRADESH,D745,BISWAN,2.3
06-02-2025,27.5,80.5,SITAPUR,UTTAR PRADESH,D745,BISWAN,2.26
07-02-2025,27.5,80.5,SITAPUR,UTTAR PRADESH,D745,BISWAN,2.1
08-02-2025,27.5,80.5,SITAPUR,UTTAR PRADESH,D745,BISWAN,2.28
09-02-2025,27.5,80.5,SITAPUR,UTTAR PRADESH,D745,BISWAN,2.34
10-02-2025,27.5,80.5,SITAPUR,UTTAR PRADESH,D745,BISWAN,2.49
11-02-2025,27.5,80.5,SITAPUR,UTTAR PRADESH,D745,BISWAN,2.78
12-02-2025,27.5,80.5,SITAPUR,UTTAR PRADESH,D745,BISWAN,2.49
13-02-2025,27.5,80.5,SITAPUR,UTTAR PRADESH,D745,BISWAN,2.4
14-02-2025,27.5,80.5,SITAPUR,UTTAR PRADESH,D745,BISWAN,2.46
15-02-2025,27.5,80.5,SITAPUR,UTTAR PRADESH,D745,BISWAN,2.44
16-02-2025,27.5,80.5,SITAPUR,UTTAR PRADESH,D745,BISWAN,2.84
17-02-2025,27.5,80.5,SITAPUR,UTTAR PRADESH,D745,BISWAN,2.26
18-02-2025,27.5,80.5,SITAPUR,UTTAR PRADESH,D745,BISWAN,2.27
19-02-2025,27.5,80.5,SITAPUR,UTTAR PRADESH,D745,BISWAN,2.24
20-02-2025,27.5,80.5,SITAPUR,UTTAR PRADESH,D745,BISWAN,1.94
21-02-2025,27.5,80.5,SITAPUR,UTTAR PRADESH,D745,BISWAN,2.41
22-02-2025,27.5,80.5,SITAPUR,UTTAR PRADESH,D745,BISWAN,2.71
23-02-2025,27.5,80.5,SITAPUR,UTTAR PRADESH,D745,BISWAN,2.55
24-02-2025,27.5,80.5,SITAPUR,UTTAR PRADESH,D745,BISWAN,2.64
25-02-2025,27.5,80.5,SITAPUR,UTTAR PRADESH,D745,BISWAN,2.62
26-02-2025,27.5,80.5,SITAPUR,UTTAR PRADESH,D745,BISWAN,2.6
27-02-2025,27.5,80.5,SITAPUR,UTTAR PRADESH,D745,BISWAN,2.76
28-02-2025,27.5,80.5,SITAPUR,UTTAR PRADESH,D745,BISWAN,2.71
29-02-2025,27.5,80.5,SITAPUR,UTTAR PRADESH,D745,BISWAN,1.81
01-03-2025,27.5,80.5,SITAPUR,UTTAR PRADESH,D745,BISWAN,3.1
02-03-2025,27.5,80.5,SITAPUR,UTTAR PRADESH,D745,BISWAN,2.96
03-03-2025,27.5,80.5,SITAPUR,UTTAR PRADESH,D745,BISWAN,3.05
04-03-2025,27.5,80.5,SITAPUR,UTTAR PRADESH,D745,BISWAN,3.08
05-03-2025,27.5,80.5,SITAPUR,UTTAR PRADESH,D745,BISWAN,2.66
06-03-2025,27.5,80.5,SITAPUR,UTTAR PRADESH,D745,BISWAN,2.36
07-03-2025,27.5,80.5,SITAPUR,UTTAR PRADESH,D745,BISWAN,2.52
08-03-2025,27.5,80.5,SITAPUR,UTTAR PRADESH,D745,BISWAN,2.14
09-03-2025,27.5,80.5,SITAPUR,UTTAR PRADESH,D745,BISWAN,2.04
10-03-2025,27.5,80.5,SITAPUR,UTTAR PRADESH,D745,BISWAN,2.86
11-03-2025,27.5,80.5,SITAPUR,UTTAR PRADESH,D745,BISWAN,2.56
12-03-2025,27.5,80.5,SITAPUR,UTTAR PRADESH,D745,BISWAN,2.34
13-03-2025,27.5,80.5,SITAPUR,UTTAR PRADESH,D745,BISWAN,2.65
14-03-2025,27.5,80.5,SITAPUR,UTTAR PRADESH,D745,BISWAN,2.65
15-03-2025,27.5,80.5,SITAPUR,UTTAR PRADESH,D745,BISWAN,2.88
16-03-2025,27.5,80.5,SITAPUR,UTTAR PRADESH,D745,BISWAN,2.3
17-03-2025,27.5,80.5,SITAPUR,UTTAR PRADESH,D745,BISWAN,2.32
18-03-2025,27.5,80.5,SITAPUR,UTTAR PRADESH,D745,BISWAN,2.39
19-03-2025,27.5,80.5,SITAPUR,UTTAR PRADESH,D745,BISWAN,2.45
20-03-2025,27.5,80.5,SITAPUR,UTTAR PRADESH,D745,BISWAN,2.54
21-03-2025,27.5,80.5,SITAPUR,UTTAR PRADESH,D745,BISWAN,2.5
22-03-2025,27.5,80.5,SITAPUR,UTTAR PRADESH,D745,BISWAN,2.22
23-03-2025,27.5,80.5,SITAPUR,UTTAR PRADESH,D745,BISWAN,2.31
24-03-2025,27.5,80.5,SITAPUR,UTTAR PRADESH,D745,BISWAN,2.29
25-03-2025,27.5,80.5,SITAPUR,UTTAR PRADESH,D745,BISWAN,2.09
26-03-2025,27.5,80.5,SITAPUR,UTTAR PRADESH,D745,BISWAN,2.26
27-03-2025,27.5,80.5,SITAPUR,UTTAR PRADESH,D745,BISWAN,2.68
28-03-2025,27.5,80.5,SITAPUR,UTTAR PRADESH,D745,BISWAN,1.86
29-03-2025,27.5,80.5,SITAPUR,UTTAR PRADESH,D745,BISWAN,2.14
30-03-2025,27.5,80.5,SITAPUR,UTTAR PRADESH,D745,BISWAN,2.69
31-03-2025,27.5,80.5,SITAPUR,UTTAR PRADESH,D745,BISWAN,2.75
01-04-2025,27.5,80.5,SITAPUR,UTTAR PRADESH,D745,BISWAN,2.6
02-04-2025,27.5,80.5,SITAPUR,UTTAR PRADESH,D745,BISWAN,2.09
03-04-2025,27.5,80.5,SITAPUR,UTTAR PRADESH,D745,BISWAN,2.64
04-04-2025,27.5,80.5,SITAPUR,UTTAR PRADESH,D745,BISWAN,2.84
05-04-2025,27.5,80.5,SITAPUR,UTTAR PRADESH,D745,BISWAN,2.55
06-04-2025,27.5,80.5,SITAPUR,UTTAR PRADESH,D745,BISWAN,2.2
07-04-2025,27.5,80.5,SITAPUR,UTTAR PRADESH,D745,BISWAN,2.23
08-04-2025,27.5,80.5,SITAPUR,UTTAR PRADESH,D745,BISWAN,2.02
09-04-2025,27.5,80.5,SITAPUR,UTTAR PRADESH,D745,BISWAN,2.37
10-04-2025,27.5,80.5,SITAPUR,UTTAR PRADESH,D745,BISWAN,2.2
11-04-2025,27.5,80.5,SITAPUR,UTTAR PRADESH,D745,BISWAN,2.19
12-04-2025,27.5,80.5,SITAPUR,UTTAR PRADESH,D745,BISWAN,2.26
13-04-2025,27.5,80.5,SITAPUR,UTTAR PRADESH,D745,BISWAN,2.62
14-04-2025,27.5,80.5,SITAPUR,UTTAR PRADESH,D745,BISWAN,2.29
15-04-2025,27.5,80.5,SITAPUR,UTTAR PRADESH,D745,BISWAN,2.5
16-04-2025,27.5,80.5,SITAPUR,UTTAR PRADESH,D745,BISWAN,2.51
17-04-2025,27.5,80.5,SITAPUR,UTTAR PRADESH,D745,BISWAN,2.83
18-04-2025,27.5,80.5,SITAPUR,UTTAR PRADESH,D745,BISWAN,3
19-04-2025,27.5,80.5,SITAPUR,UTTAR PRADESH,D745,BISWAN,2.7
20-04-2025,27.5,80.5,SITAPUR,UTTAR PRADESH,D745,BISWAN,2.5
21-04-2025,27.5,80.5,SITAPUR,UTTAR PRADESH,D745,BISWAN,2.49
22-04-2025,27.5,80.5,SITAPUR,UTTAR PRADESH,D745,BISWAN,2.25
23-04-2025,27.5,80.5,SITAPUR,UTTAR PRADESH,D745,BISWAN,2.2
24-04-2025,27.5,80.5,SITAPUR,UTTAR PRADESH,D745,BISWAN,2.45
25-04-2025,27.5,80.5,SITAPUR,UTTAR PRADESH,D745,BISWAN,2.42
26-04-2025,27.5,80.5,SITAPUR,UTTAR PRADESH,D745,BISWAN,2.96
27-04-2025,27.5,80.5,SITAPUR,UTTAR PRADESH,D745,BISWAN,2.5
28-04-2025,27.5,80.5,SITAPUR,UTTAR PRADESH,D745,BISWAN,2.53
29-04-2025,27.5,80.5,SITAPUR,UTTAR PRADESH,D745,BISWAN,2.7
30-04-2025,27.5,80.5,SITAPUR,UTTAR PRADESH,D745,BISWAN,3.42
01-05-2025,27.5,80.5,SITAPUR,UTTAR PRADESH,D745,BISWAN,3.31
02-05-2025,27.5,80.5,SITAPUR,UTTAR PRADESH,D745,BISWAN,2.91
03-05-2025,27.5,80.5,SITAPUR,UTTAR PRADESH,D745,BISWAN,2.61
04-05-2025,27.5,80.5,SITAPUR,UTTAR PRADESH,D745,BISWAN,2.78
05-05-2025,27.5,80.5,SITAPUR,UTTAR PRADESH,D745,BISWAN,2.58
06-05-2025,27.5,80.5,SITAPUR,UTTAR PRADESH,D745,BISWAN,2.38
07-05-2025,27.5,80.5,SITAPUR,UTTAR PRADESH,D745,BISWAN,2.35
08-05-2025,27.5,80.5,SITAPUR,UTTAR PRADESH,D745,BISWAN,2.1
09-05-2025,27.5,80.5,SITAPUR,UTTAR PRADESH,D745,BISWAN,1.97
10-05-2025,27.5,80.5,SITAPUR,UTTAR PRADESH,D745,BISWAN,2.27
11-05-2025,27.5,80.5,SITAPUR,UTTAR PRADESH,D745,BISWAN,2.01
12-05-2025,27.5,80.5,SITAPUR,UTTAR PRADESH,D745,BISWAN,1.96
13-05-2025,27.5,80.5,SITAPUR,UTTAR PRADESH,D745,BISWAN,2.26
14-05-2025,27.5,80.5,SITAPUR,UTTAR PRADESH,D745,BISWAN,2.12
15-05-2025,27.5,80.5,SITAPUR,UTTAR PRADESH,D745,BISWAN,2.14
16-05-2025,27.5,80.5,SITAPUR,UTTAR PRADESH,D745,BISWAN,2.07
17-05-2025,27.5,80.5,SITAPUR,UTTAR PRADESH,D745,BISWAN,2.53
18-05-2025,27.5,80.5,SITAPUR,UTTAR PRADESH,D745,BISWAN,2.68
19-05-2025,27.5,80.5,SITAPUR,UTTAR PRADESH,D745,BISWAN,3.21
20-05-2025,27.5,80.5,SITAPUR,UTTAR PRADESH,D745,BISWAN,2.95
21-05-2025,27.5,80.5,SITAPUR,UTTAR PRADESH,D745,BISWAN,2.96
22-05-2025,27.5,80.5,SITAPUR,UTTAR PRADESH,D745,BISWAN,3.29
23-05-2025,27.5,80.5,SITAPUR,UTTAR PRADESH,D745,BISWAN,3.22
24-05-2025,27.5,80.5,SITAPUR,UTTAR PRADESH,D745,BISWAN,2.93
25-05-2025,27.5,80.5,SITAPUR,UTTAR PRADESH,D745,BISWAN,2.94
26-05-2025,27.5,80.5,SITAPUR,UTTAR PRADESH,D745,BISWAN,2.86
27-05-2025,27.5,80.5,SITAPUR,UTTAR PRADESH,D745,BISWAN,2.88
28-05-2025,27.5,80.5,SITAPUR,UTTAR PRADESH,D745,BISWAN,3.09
29-05-2025,27.5,80.5,SITAPUR,UTTAR PRADESH,D745,BISWAN,3.4
30-05-2025,27.5,80.5,SITAPUR,UTTAR PRADESH,D745,BISWAN,3.15
31-05-2025,27.5,80.5,SITAPUR,UTTAR PRADESH,D745,BISWAN,3.09
01-06-2025,27.5,80.5,SITAPUR,UTTAR PRADESH,D745,BISWAN,3.17
02-06-2025,27.5,80.5,SITAPUR,UTTAR PRADESH,D745,BISWAN,2.98
03-06-2025,27.5,80.5,SITAPUR,UTTAR PRADESH,D745,BISWAN,3.34
04-06-2025,27.5,80.5,SITAPUR,UTTAR PRADESH,D745,BISWAN,3.55
05-06-2025,27.5,80.5,SITAPUR,UTTAR PRADESH,D745,BISWAN,3.19
06-06-2025,27.5,80.5,SITAPUR,UTTAR PRADESH,D745,BISWAN,2.93
07-06-2025,27.5,80.5,SITAPUR,UTTAR PRADESH,D745,BISWAN,3.52
08-06-2025,27.5,80.5,SITAPUR,UTTAR PRADESH,D745,BISWAN,3.38
09-06-2025,27.5,80.5,SITAPUR,UTTAR PRADESH,D745,BISWAN,3.25
10-06-2025,27.5,80.5,SITAPUR,UTTAR PRADESH,D745,BISWAN,3.09
11-06-2025,27.5,80.5,SITAPUR,UTTAR PRADESH,D745,BISWAN,2.65
12-06-2025,27.5,80.5,SITAPUR,UTTAR PRADESH,D745,BISWAN,2.92
13-06-2025,27.5,80.5,SITAPUR,UTTAR PRADESH,D745,BISWAN,2.96
14-06-2025,27.5,80.5,SITAPUR,UTTAR PRADESH,D745,BISWAN,3.22
15-06-2025,27.5,80.5,SITAPUR,UTTAR PRADESH,D745,BISWAN,3.53
16-06-2025,27.5,80.5,SITAPUR,UTTAR PRADESH,D745,BISWAN,3.8
17-06-2025,27.5,80.5,SITAPUR,UTTAR PRADESH,D745,BISWAN,3.75
18-06-2025,27.5,80.5,SITAPUR,UTTAR PRADESH,D745,BISWAN,3.66
19-06-2025,27.5,80.5,SITAPUR,UTTAR PRADESH,D745,BISWAN,3.63
20-06-2025,27.5,80.5,SITAPUR,UTTAR PRADESH,D745,BISWAN,3.41
21-06-2025,27.5,80.5,SITAPUR,UTTAR PRADESH,D745,BISWAN,3.06
22-06-2025,27.5,80.5,SITAPUR,UTTAR PRADESH,D745,BISWAN,2.96
23-06-2025,27.5,80.5,SITAPUR,UTTAR PRADESH,D745,BISWAN,2.7
24-06-2025,27.5,80.5,SITAPUR,UTTAR PRADESH,D745,BISWAN,2.64
25-06-2025,27.5,80.5,SITAPUR,UTTAR PRADESH,D745,BISWAN,2.79
26-06-2025,27.5,80.5,SITAPUR,UTTAR PRADESH,D745,BISWAN,2.5
27-06-2025,27.5,80.5,SITAPUR,UTTAR PRADESH,D745,BISWAN,2.78
28-06-2025,27.5,80.5,SITAPUR,UTTAR PRADESH,D745,BISWAN,2.69
29-06-2025,27.5,80.5,SITAPUR,UTTAR PRADESH,D745,BISWAN,3.11
30-06-2025,27.5,80.5,SITAPUR,UTTAR PRADESH,D745,BISWAN,3.2
01-07-2025,27.5,80.5,SITAPUR,UTTAR PRADESH,D745,BISWAN,2.49
02-07-2025,27.5,80.5,SITAPUR,UTTAR PRADESH,D745,BISWAN,2.42
03-07-2025,27.5,80.5,SITAPUR,UTTAR PRADESH,D745,BISWAN,1.83
04-07-2025,27.5,80.5,SITAPUR,UTTAR PRADESH,D745,BISWAN,1.87
05-07-2025,27.5,80.5,SITAPUR,UTTAR PRADESH,D745,BISWAN,2.33
06-07-2025,27.5,80.5,SITAPUR,UTTAR PRADESH,D745,BISWAN,2.7
07-07-2025,27.5,80.5,SITAPUR,UTTAR PRADESH,D745,BISWAN,2.47
08-07-2025,27.5,80.5,SITAPUR,UTTAR PRADESH,D745,BISWAN,2.42
09-07-2025,27.5,80.5,SITAPUR,UTTAR PRADESH,D745,BISWAN,2.6
10-07-2025,27.5,80.5,SITAPUR,UTTAR PRADESH,D745,BISWAN,2.45
11-07-2025,27.5,80.5,SITAPUR,UTTAR PRADESH,D745,BISWAN,2.55
12-07-2025,27.5,80.5,SITAPUR,UTTAR PRADESH,D745,BISWAN,2.21
13-07-2025,27.5,80.5,SITAPUR,UTTAR PRADESH,D745,BISWAN,2.06
14-07-2025,27.5,80.5,SITAPUR,UTTAR PRADESH,D745,BISWAN,2.19
15-07-2025,27.5,80.5,SITAPUR,UTTAR PRADESH,D745,BISWAN,2
16-07-2025,27.5,80.5,SITAPUR,UTTAR PRADESH,D745,BISWAN,2.07
17-07-2025,27.5,80.5,SITAPUR,UTTAR PRADESH,D745,BISWAN,2.18
18-07-2025,27.5,80.5,SITAPUR,UTTAR PRADESH,D745,BISWAN,2.19
19-07-2025,27.5,80.5,SITAPUR,UTTAR PRADESH,D745,BISWAN,1.94
20-07-2025,27.5,80.5,SITAPUR,UTTAR PRADESH,D745,BISWAN,1.75
21-07-2025,27.5,80.5,SITAPUR,UTTAR PRADESH,D745,BISWAN,1.69
22-07-2025,27.5,80.5,SITAPUR,UTTAR PRADESH,D745,BISWAN,1.72
23-07-2025,27.5,80.5,SITAPUR,UTTAR PRADESH,D745,BISWAN,1.57
24-07-2025,27.5,80.5,SITAPUR,UTTAR PRADESH,D745,BISWAN,1.61
25-07-2025,27.5,80.5,SITAPUR,UTTAR PRADESH,D745,BISWAN,1.89
26-07-2025,27.5,80.5,SITAPUR,UTTAR PRADESH,D745,BISWAN,1.88
27-07-2025,27.5,80.5,SITAPUR,UTTAR PRADESH,D745,BISWAN,2.3
28-07-2025,27.5,80.5,SITAPUR,UTTAR PRADESH,D745,BISWAN,1.83
29-07-2025,27.5,80.5,SITAPUR,UTTAR PRADESH,D745,BISWAN,1.78
30-07-2025,27.5,80.5,SITAPUR,UTTAR PRADESH,D745,BISWAN,1.74
31-07-2025,27.5,80.5,SITAPUR,UTTAR PRADESH,D745,BISWAN,1.62
01-08-2025,27.5,80.5,SITAPUR,UTTAR PRADESH,D745,BISWAN,1.44
02-08-2025,27.5,80.5,SITAPUR,UTTAR PRADESH,D745,BISWAN,1.35
03-08-2025,27.5,80.5,SITAPUR,UTTAR PRADESH,D745,BISWAN,1.77
04-08-2025,27.5,80.5,SITAPUR,UTTAR PRADESH,D745,BISWAN,1.54
05-08-2025,27.5,80.5,SITAPUR,UTTAR PRADESH,D745,BISWAN,1.31
06-08-2025,27.5,80.5,SITAPUR,UTTAR PRADESH,D745,BISWAN,1.22
07-08-2025,27.5,80.5,SITAPUR,UTTAR PRADESH,D745,BISWAN,1.27
08-08-2025,27.5,80.5,SITAPUR,UTTAR PRADESH,D745,BISWAN,1.42
09-08-2025,27.5,80.5,SITAPUR,UTTAR PRADESH,D745,BISWAN,1.52
10-08-2025,27.5,80.5,SITAPUR,UTTAR PRADESH,D745,BISWAN,1.49
11-08-2025,27.5,80.5,SITAPUR,UTTAR PRADESH,D745,BISWAN,1.48
12-08-2025,27.5,80.5,SITAPUR,UTTAR PRADESH,D745,BISWAN,1.75
13-08-2025,27.5,80.5,SITAPUR,UTTAR PRADESH,D745,BISWAN,1.71
14-08-2025,27.5,80.5,SITAPUR,UTTAR PRADESH,D745,BISWAN,1.59
15-08-2025,27.5,80.5,SITAPUR,UTTAR PRADESH,D745,BISWAN,1.8
16-08-2025,27.5,80.5,SITAPUR,UTTAR PRADESH,D745,BISWAN,1.86
17-08-2025,27.5,80.5,SITAPUR,UTTAR PRADESH,D745,BISWAN,1.73
18-08-2025,27.5,80.5,SITAPUR,UTTAR PRADESH,D745,BISWAN,1.74
19-08-2025,27.5,80.5,SITAPUR,UTTAR PRADESH,D745,BISWAN,1.62
20-08-2025,27.5,80.5,SITAPUR,UTTAR PRADESH,D745,BISWAN,1.36
21-08-2025,27.5,80.5,SITAPUR,UTTAR PRADESH,D745,BISWAN,1.52
22-08-2025,27.5,80.5,SITAPUR,UTTAR PRADESH,D745,BISWAN,1.65
23-08-2025,27.5,80.5,SITAPUR,UTTAR PRADESH,D745,BISWAN,1.59
24-08-2025,27.5,80.5,SITAPUR,UTTAR PRADESH,D745,BISWAN,1.54
25-08-2025,27.5,80.5,SITAPUR,UTTAR PRADESH,D745,BISWAN,1.56
26-08-2025,27.5,80.5,SITAPUR,UTTAR PRADESH,D745,BISWAN,1.42
27-08-2025,27.5,80.5,SITAPUR,UTTAR PRADESH,D745,BISWAN,1.15
28-08-2025,27.5,80.5,SITAPUR,UTTAR PRADESH,D745,BISWAN,1.32
29-08-2025,27.5,80.5,SITAPUR,UTTAR PRADESH,D745,BISWAN,1.35
30-08-2025,27.5,80.5,SITAPUR,UTTAR PRADESH,D745,BISWAN,1.61
31-08-2025,27.5,80.5,SITAPUR,UTTAR PRADESH,D745,BISWAN,1.75
01-09-2025,27.5,80.5,SITAPUR,UTTAR PRADESH,D745,BISWAN,1.62
02-09-2025,27.5,80.5,SITAPUR,UTTAR PRADESH,D745,BISWAN,2.1
03-09-2025,27.5,80.5,SITAPUR,UTTAR PRADESH,D745,BISWAN,1.78
04-09-2025,27.5,80.5,SITAPUR,UTTAR PRADESH,D745,BISWAN,1.74
05-09-2025,27.5,80.5,SITAPUR,UTTAR PRADESH,D745,BISWAN,1.86
06-09-2025,27.5,80.5,SITAPUR,UTTAR PRADESH,D745,BISWAN,2.02
07-09-2025,27.5,80.5,SITAPUR,UTTAR PRADESH,D745,BISWAN,1.81
08-09-2025,27.5,80.5,SITAPUR,UTTAR PRADESH,D745,BISWAN,1.9
09-09-2025,27.5,80.5,SITAPUR,UTTAR PRADESH,D745,BISWAN,2.23
10-09-2025,27.5,80.5,SITAPUR,UTTAR PRADESH,D745,BISWAN,2.06
11-09-2025,27.5,80.5,SITAPUR,UTTAR PRADESH,D745,BISWAN,2.04
12-09-2025,27.5,80.5,SITAPUR,UTTAR PRADESH,D745,BISWAN,2.02
13-09-2025,27.5,80.5,SITAPUR,UTTAR PRADESH,D745,BISWAN,1.88
14-09-2025,27.5,80.5,SITAPUR,UTTAR PRADESH,D745,BISWAN,1.73
15-09-2025,27.5,80.5,SITAPUR,UTTAR PRADESH,D745,BISWAN,1.87
16-09-2025,27.5,80.5,SITAPUR,UTTAR PRADESH,D745,BISWAN,2.18
17-09-2025,27.5,80.5,SITAPUR,UTTAR PRADESH,D745,BISWAN,2.26
18-09-2025,27.5,80.5,SITAPUR,UTTAR PRADESH,D745,BISWAN,2.14
19-09-2025,27.5,80.5,SITAPUR,UTTAR PRADESH,D745,BISWAN,2.14
20-09-2025,27.5,80.5,SITAPUR,UTTAR PRADESH,D745,BISWAN,1.92
21-09-2025,27.5,80.5,SITAPUR,UTTAR PRADESH,D745,BISWAN,2.13
22-09-2025,27.5,80.5,SITAPUR,UTTAR PRADESH,D745,BISWAN,2.09
23-09-2025,27.5,80.5,SITAPUR,UTTAR PRADESH,D745,BISWAN,1.72
24-09-2025,27.5,80.5,SITAPUR,UTTAR PRADESH,D745,BISWAN,1.99
25-09-2025,27.5,80.5,SITAPUR,UTTAR PRADESH,D745,BISWAN,2.14
26-09-2025,27.5,80.5,SITAPUR,UTTAR PRADESH,D745,BISWAN,1.84
27-09-2025,27.5,80.5,SITAPUR,UTTAR PRADESH,D745,BISWAN,1.87
28-09-2025,27.5,80.5,SITAPUR,UTTAR PRADESH,D745,BISWAN,1.89
29-09-2025,27.5,80.5,SITAPUR,UTTAR PRADESH,D745,BISWAN,1.76
30-09-2025,27.5,80.5,SITAPUR,UTTAR PRADESH,D745,BISWAN,1.45
01-10-2025,27.5,80.5,SITAPUR,UTTAR PRADESH,D745,BISWAN,1.41
02-10-2025,27.5,80.5,SITAPUR,UTTAR PRADESH,D745,BISWAN,1.67
03-10-2025,27.5,80.5,SITAPUR,UTTAR PRADESH,D745,BISWAN,2.24
04-10-2025,27.5,80.5,SITAPUR,UTTAR PRADESH,D745,BISWAN,2.32
05-10-2025,27.5,80.5,SITAPUR,UTTAR PRADESH,D745,BISWAN,2.22
06-10-2025,27.5,80.5,SITAPUR,UTTAR PRADESH,D745,BISWAN,2.56
07-10-2025,27.5,80.5,SITAPUR,UTTAR PRADESH,D745,BISWAN,2.13
08-10-2025,27.5,80.5,SITAPUR,UTTAR PRADESH,D745,BISWAN,1.73
09-10-2025,27.5,80.5,SITAPUR,UTTAR PRADESH,D745,BISWAN,1.51
10-10-2025,27.5,80.5,SITAPUR,UTTAR PRADESH,D745,BISWAN,1.91
11-10-2025,27.5,80.5,SITAPUR,UTTAR PRADESH,D745,BISWAN,2.08
12-10-2025,27.5,80.5,SITAPUR,UTTAR PRADESH,D745,BISWAN,1.61
13-10-2025,27.5,80.5,SITAPUR,UTTAR PRADESH,D745,BISWAN,1.54
14-10-2025,27.5,80.5,SITAPUR,UTTAR PRADESH,D745,BISWAN,2.31
15-10-2025,27.5,80.5,SITAPUR,UTTAR PRADESH,D745,BISWAN,1.84
16-10-2025,27.5,80.5,SITAPUR,UTTAR PRADESH,D745,BISWAN,1.53
17-10-2025,27.5,80.5,SITAPUR,UTTAR PRADESH,D745,BISWAN,1.44
18-10-2025,27.5,80.5,SITAPUR,UTTAR PRADESH,D745,BISWAN,1.45
19-10-2025,27.5,80.5,SITAPUR,UTTAR PRADESH,D745,BISWAN,1.75
20-10-2025,27.5,80.5,SITAPUR,UTTAR PRADESH,D745,BISWAN,1.45
21-10-2025,27.5,80.5,SITAPUR,UTTAR PRADESH,D745,BISWAN,1.42
22-10-2025,27.5,80.5,SITAPUR,UTTAR PRADESH,D745,BISWAN,1.22
23-10-2025,27.5,80.5,SITAPUR,UTTAR PRADESH,D745,BISWAN,1.47
24-10-2025,27.5,80.5,SITAPUR,UTTAR PRADESH,D745,BISWAN,1.74
25-10-2025,27.5,80.5,SITAPUR,UTTAR PRADESH,D745,BISWAN,1.47
26-10-2025,27.5,80.5,SITAPUR,UTTAR PRADESH,D745,BISWAN,1.23
27-10-2025,27.5,80.5,SITAPUR,UTTAR PRADESH,D745,BISWAN,1.56
28-10-2025,27.5,80.5,SITAPUR,UTTAR PRADESH,D745,BISWAN,1.87
29-10-2025,27.5,80.5,SITAPUR,UTTAR PRADESH,D745,BISWAN,1.91
30-10-2025,27.5,80.5,SITAPUR,UTTAR PRADESH,D745,BISWAN,1.87
31-10-2025,27.5,80.5,SITAPUR,UTTAR PRADESH,D745,BISWAN,1.56
01-11-2025,27.5,80.5,SITAPUR,UTTAR PRADESH,D745,BISWAN,1.05
02-11-2025,27.5,80.5,SITAPUR,UTTAR PRADESH,D745,BISWAN,1.1
03-11-2025,27.5,80.5,SITAPUR,UTTAR PRADESH,D745,BISWAN,1.13
04-11-2025,27.5,80.5,SITAPUR,UTTAR PRADESH,D745,BISWAN,1.02
05-11-2025,27.5,80.5,SITAPUR,UTTAR PRADESH,D745,BISWAN,0.96
06-11-2025,27.5,80.5,SITAPUR,UTTAR PRADESH,D745,BISWAN,1.04
07-11-2025,27.5,80.5,SITAPUR,UTTAR PRADESH,D745,BISWAN,1.12
08-11-2025,27.5,80.5,SITAPUR,UTTAR PRADESH,D745,BISWAN,1.47
09-11-2025,27.5,80.5,SITAPUR,UTTAR PRADESH,D745,BISWAN,1.18
10-11-2025,27.5,80.5,SITAPUR,UTTAR PRADESH,D745,BISWAN,1.05
11-11-2025,27.5,80.5,SITAPUR,UTTAR PRADESH,D745,BISWAN,1.11
12-11-2025,27.5,80.5,SITAPUR,UTTAR PRADESH,D745,BISWAN,1.75
13-11-2025,27.5,80.5,SITAPUR,UTTAR PRADESH,D745,BISWAN,1.3
14-11-2025,27.5,80.5,SITAPUR,UTTAR PRADESH,D745,BISWAN,1.19
15-11-2025,27.5,80.5,SITAPUR,UTTAR PRADESH,D745,BISWAN,1.09
16-11-2025,27.5,80.5,SITAPUR,UTTAR PRADESH,D745,BISWAN,1.19
17-11-2025,27.5,80.5,SITAPUR,UTTAR PRADESH,D745,BISWAN,1.03
18-11-2025,27.5,80.5,SITAPUR,UTTAR PRADESH,D745,BISWAN,1.19
19-11-2025,27.5,80.5,SITAPUR,UTTAR PRADESH,D745,BISWAN,1.33
20-11-2025,27.5,80.5,SITAPUR,UTTAR PRADESH,D745,BISWAN,1.25
21-11-2025,27.5,80.5,SITAPUR,UTTAR PRADESH,D745,BISWAN,1.21
22-11-2025,27.5,80.5,SITAPUR,UTTAR PRADESH,D745,BISWAN,1.24
23-11-2025,27.5,80.5,SITAPUR,UTTAR PRADESH,D745,BISWAN,1.49
24-11-2025,27.5,80.5,SITAPUR,UTTAR PRADESH,D745,BISWAN,1.11
25-11-2025,27.5,80.5,SITAPUR,UTTAR PRADESH,D745,BISWAN,1.16
26-11-2025,27.5,80.5,SITAPUR,UTTAR PRADESH,D745,BISWAN,1.26
27-11-2025,27.5,80.5,SITAPUR,UTTAR PRADESH,D745,BISWAN,1.33
28-11-2025,27.5,80.5,SITAPUR,UTTAR PRADESH,D745,BISWAN,1.45
29-11-2025,27.5,80.5,SITAPUR,UTTAR PRADESH,D745,BISWAN,1.61
30-11-2025,27.5,80.5,SITAPUR,UTTAR PRADESH,D745,BISWAN,1.54
01-12-2025,27.5,80.5,SITAPUR,UTTAR PRADESH,D745,BISWAN,1.31
02-12-2025,27.5,80.5,SITAPUR,UTTAR PRADESH,D745,BISWAN,1.24
03-12-2025,27.5,80.5,SITAPUR,UTTAR PRADESH,D745,BISWAN,1.24
04-12-2025,27.5,80.5,SITAPUR,UTTAR PRADESH,D745,BISWAN,1.41
05-12-2025,27.5,80.5,SITAPUR,UTTAR PRADESH,D745,BISWAN,1.24
06-12-2025,27.5,80.5,SITAPUR,UTTAR PRADESH,D745,BISWAN,1.2
07-12-2025,27.5,80.5,SITAPUR,UTTAR PRADESH,D745,BISWAN,1.52
08-12-2025,27.5,80.5,SITAPUR,UTTAR PRADESH,D745,BISWAN,1.7
09-12-2025,27.5,80.5,SITAPUR,UTTAR PRADESH,D745,BISWAN,1.84
10-12-2025,27.5,80.5,SITAPUR,UTTAR PRADESH,D745,BISWAN,1.8
11-12-2025,27.5,80.5,SITAPUR,UTTAR PRADESH,D745,BISWAN,1.79
12-12-2025,27.5,80.5,SITAPUR,UTTAR PRADESH,D745,BISWAN,1.82
13-12-2025,27.5,80.5,SITAPUR,UTTAR PRADESH,D745,BISWAN,2.21
14-12-2025,27.5,80.5,SITAPUR,UTTAR PRADESH,D745,BISWAN,2.18
15-12-2025,27.5,80.5,SITAPUR,UTTAR PRADESH,D745,BISWAN,2.12
16-12-2025,27.5,80.5,SITAPUR,UTTAR PRADESH,D745,BISWAN,2.18
17-12-2025,27.5,80.5,SITAPUR,UTTAR PRADESH,D745,BISWAN,2.41
18-12-2025,27.5,80.5,SITAPUR,UTTAR PRADESH,D745,BISWAN,2.57
19-12-2025,27.5,80.5,SITAPUR,UTTAR PRADESH,D745,BISWAN,2.41
20-12-2025,27.5,80.5,SITAPUR,UTTAR PRADESH,D745,BISWAN,2.54
21-12-2025,27.5,80.5,SITAPUR,UTTAR PRADESH,D745,BISWAN,2.82
22-12-2025,27.5,80.5,SITAPUR,UTTAR PRADESH,D745,BISWAN,2.68
23-12-2025,27.5,80.5,SITAPUR,UTTAR PRADESH,D745,BISWAN,2.31
24-12-2025,27.5,80.5,SITAPUR,UTTAR PRADESH,D745,BISWAN,2.89
25-12-2025,27.5,80.5,SITAPUR,UTTAR PRADESH,D745,BISWAN,2.77
26-12-2025,27.5,80.5,SITAPUR,UTTAR PRADESH,D745,BISWAN,3.09
27-12-2025,27.5,80.5,SITAPUR,UTTAR PRADESH,D745,BISWAN,3.16
28-12-2025,27.5,80.5,SITAPUR,UTTAR PRADESH,D745,BISWAN,2.89
29-12-2025,27.5,80.5,SITAPUR,UTTAR PRADESH,D745,BISWAN,3.18
30-12-2025,27.5,80.5,SITAPUR,UTTAR PRADESH,D745,BISWAN,3.35
31-12-2025,27.5,80.5,SITAPUR,UTTAR PRADESH,D745,BISWAN,3.28
01-01-2025,26.5,80.5,UNNAO,UTTAR PRADESH,D748,BIGHAPUR,2.87
02-01-2025,26.5,80.5,UNNAO,UTTAR PRADESH,D748,BIGHAPUR,3.15
03-01-2025,26.5,80.5,UNNAO,UTTAR PRADESH,D748,BIGHAPUR,3.27
04-01-2025,26.5,80.5,UNNAO,UTTAR PRADESH,D748,BIGHAPUR,3.21
05-01-2025,26.5,80.5,UNNAO,UTTAR PRADESH,D748,BIGHAPUR,3.87
06-01-2025,26.5,80.5,UNNAO,UTTAR PRADESH,D748,BIGHAPUR,3.9
07-01-2025,26.5,80.5,UNNAO,UTTAR PRADESH,D748,BIGHAPUR,3.32
08-01-2025,26.5,80.5,UNNAO,UTTAR PRADESH,D748,BIGHAPUR,3.03
09-01-2025,26.5,80.5,UNNAO,UTTAR PRADESH,D748,BIGHAPUR,3.15
10-01-2025,26.5,80.5,UNNAO,UTTAR PRADESH,D748,BIGHAPUR,3.05
11-01-2025,26.5,80.5,UNNAO,UTTAR PRADESH,D748,BIGHAPUR,2.91
12-01-2025,26.5,80.5,UNNAO,UTTAR PRADESH,D748,BIGHAPUR,2.93
13-01-2025,26.5,80.5,UNNAO,UTTAR PRADESH,D748,BIGHAPUR,3.14
14-01-2025,26.5,80.5,UNNAO,UTTAR PRADESH,D748,BIGHAPUR,3.12
15-01-2025,26.5,80.5,UNNAO,UTTAR PRADESH,D748,BIGHAPUR,3.42
16-01-2025,26.5,80.5,UNNAO,UTTAR PRADESH,D748,BIGHAPUR,4
17-01-2025,26.5,80.5,UNNAO,UTTAR PRADESH,D748,BIGHAPUR,3.7
18-01-2025,26.5,80.5,UNNAO,UTTAR PRADESH,D748,BIGHAPUR,4.1
19-01-2025,26.5,80.5,UNNAO,UTTAR PRADESH,D748,BIGHAPUR,3.86
20-01-2025,26.5,80.5,UNNAO,UTTAR PRADESH,D748,BIGHAPUR,3.25
21-01-2025,26.5,80.5,UNNAO,UTTAR PRADESH,D748,BIGHAPUR,2.98
22-01-2025,26.5,80.5,UNNAO,UTTAR PRADESH,D748,BIGHAPUR,3.01
23-01-2025,26.5,80.5,UNNAO,UTTAR PRADESH,D748,BIGHAPUR,2.56
24-01-2025,26.5,80.5,UNNAO,UTTAR PRADESH,D748,BIGHAPUR,2.42
25-01-2025,26.5,80.5,UNNAO,UTTAR PRADESH,D748,BIGHAPUR,2.78
26-01-2025,26.5,80.5,UNNAO,UTTAR PRADESH,D748,BIGHAPUR,2.83
27-01-2025,26.5,80.5,UNNAO,UTTAR PRADESH,D748,BIGHAPUR,2.61
28-01-2025,26.5,80.5,UNNAO,UTTAR PRADESH,D748,BIGHAPUR,2.18
29-01-2025,26.5,80.5,UNNAO,UTTAR PRADESH,D748,BIGHAPUR,2.27
30-01-2025,26.5,80.5,UNNAO,UTTAR PRADESH,D748,BIGHAPUR,2.45
31-01-2025,26.5,80.5,UNNAO,UTTAR PRADESH,D748,BIGHAPUR,2.54
01-02-2025,26.5,80.5,UNNAO,UTTAR PRADESH,D748,BIGHAPUR,2.47
02-02-2025,26.5,80.5,UNNAO,UTTAR PRADESH,D748,BIGHAPUR,2.27
03-02-2025,26.5,80.5,UNNAO,UTTAR PRADESH,D748,BIGHAPUR,2
04-02-2025,26.5,80.5,UNNAO,UTTAR PRADESH,D748,BIGHAPUR,2.26
05-02-2025,26.5,80.5,UNNAO,UTTAR PRADESH,D748,BIGHAPUR,2.28
06-02-2025,26.5,80.5,UNNAO,UTTAR PRADESH,D748,BIGHAPUR,2.38
07-02-2025,26.5,80.5,UNNAO,UTTAR PRADESH,D748,BIGHAPUR,2.28
08-02-2025,26.5,80.5,UNNAO,UTTAR PRADESH,D748,BIGHAPUR,2.27
09-02-2025,26.5,80.5,UNNAO,UTTAR PRADESH,D748,BIGHAPUR,2.27
10-02-2025,26.5,80.5,UNNAO,UTTAR PRADESH,D748,BIGHAPUR,2.64
11-02-2025,26.5,80.5,UNNAO,UTTAR PRADESH,D748,BIGHAPUR,2.64
12-02-2025,26.5,80.5,UNNAO,UTTAR PRADESH,D748,BIGHAPUR,2.47
13-02-2025,26.5,80.5,UNNAO,UTTAR PRADESH,D748,BIGHAPUR,2.67
14-02-2025,26.5,80.5,UNNAO,UTTAR PRADESH,D748,BIGHAPUR,2.56
15-02-2025,26.5,80.5,UNNAO,UTTAR PRADESH,D748,BIGHAPUR,2.51
16-02-2025,26.5,80.5,UNNAO,UTTAR PRADESH,D748,BIGHAPUR,2.83
17-02-2025,26.5,80.5,UNNAO,UTTAR PRADESH,D748,BIGHAPUR,2.27
18-02-2025,26.5,80.5,UNNAO,UTTAR PRADESH,D748,BIGHAPUR,2.1
19-02-2025,26.5,80.5,UNNAO,UTTAR PRADESH,D748,BIGHAPUR,2.2
20-02-2025,26.5,80.5,UNNAO,UTTAR PRADESH,D748,BIGHAPUR,2.06
21-02-2025,26.5,80.5,UNNAO,UTTAR PRADESH,D748,BIGHAPUR,2.6
22-02-2025,26.5,80.5,UNNAO,UTTAR PRADESH,D748,BIGHAPUR,2.89
23-02-2025,26.5,80.5,UNNAO,UTTAR PRADESH,D748,BIGHAPUR,2.74
24-02-2025,26.5,80.5,UNNAO,UTTAR PRADESH,D748,BIGHAPUR,2.86
25-02-2025,26.5,80.5,UNNAO,UTTAR PRADESH,D748,BIGHAPUR,2.65
26-02-2025,26.5,80.5,UNNAO,UTTAR PRADESH,D748,BIGHAPUR,2.41
27-02-2025,26.5,80.5,UNNAO,UTTAR PRADESH,D748,BIGHAPUR,2.84
28-02-2025,26.5,80.5,UNNAO,UTTAR PRADESH,D748,BIGHAPUR,2.68
29-02-2025,26.5,80.5,UNNAO,UTTAR PRADESH,D748,BIGHAPUR,1.73
01-03-2025,26.5,80.5,UNNAO,UTTAR PRADESH,D748,BIGHAPUR,3.22
02-03-2025,26.5,80.5,UNNAO,UTTAR PRADESH,D748,BIGHAPUR,2.91
03-03-2025,26.5,80.5,UNNAO,UTTAR PRADESH,D748,BIGHAPUR,3
04-03-2025,26.5,80.5,UNNAO,UTTAR PRADESH,D748,BIGHAPUR,2.98
05-03-2025,26.5,80.5,UNNAO,UTTAR PRADESH,D748,BIGHAPUR,2.8
06-03-2025,26.5,80.5,UNNAO,UTTAR PRADESH,D748,BIGHAPUR,2.32
07-03-2025,26.5,80.5,UNNAO,UTTAR PRADESH,D748,BIGHAPUR,2.5
08-03-2025,26.5,80.5,UNNAO,UTTAR PRADESH,D748,BIGHAPUR,2.19
09-03-2025,26.5,80.5,UNNAO,UTTAR PRADESH,D748,BIGHAPUR,2.01
10-03-2025,26.5,80.5,UNNAO,UTTAR PRADESH,D748,BIGHAPUR,2.99
11-03-2025,26.5,80.5,UNNAO,UTTAR PRADESH,D748,BIGHAPUR,2.56
12-03-2025,26.5,80.5,UNNAO,UTTAR PRADESH,D748,BIGHAPUR,2.42
13-03-2025,26.5,80.5,UNNAO,UTTAR PRADESH,D748,BIGHAPUR,2.5
14-03-2025,26.5,80.5,UNNAO,UTTAR PRADESH,D748,BIGHAPUR,2.7
15-03-2025,26.5,80.5,UNNAO,UTTAR PRADESH,D748,BIGHAPUR,3.05
16-03-2025,26.5,80.5,UNNAO,UTTAR PRADESH,D748,BIGHAPUR,2.43
17-03-2025,26.5,80.5,UNNAO,UTTAR PRADESH,D748,BIGHAPUR,2.53
18-03-2025,26.5,80.5,UNNAO,UTTAR PRADESH,D748,BIGHAPUR,2.46
19-03-2025,26.5,80.5,UNNAO,UTTAR PRADESH,D748,BIGHAPUR,2.54
20-03-2025,26.5,80.5,UNNAO,UTTAR PRADESH,D748,BIGHAPUR,2.55
21-03-2025,26.5,80.5,UNNAO,UTTAR PRADESH,D748,BIGHAPUR,2.46
22-03-2025,26.5,80.5,UNNAO,UTTAR PRADESH,D748,BIGHAPUR,2.29
23-03-2025,26.5,80.5,UNNAO,UTTAR PRADESH,D748,BIGHAPUR,2.14
24-03-2025,26.5,80.5,UNNAO,UTTAR PRADESH,D748,BIGHAPUR,2.22
25-03-2025,26.5,80.5,UNNAO,UTTAR PRADESH,D748,BIGHAPUR,2.1
26-03-2025,26.5,80.5,UNNAO,UTTAR PRADESH,D748,BIGHAPUR,2.33
27-03-2025,26.5,80.5,UNNAO,UTTAR PRADESH,D748,BIGHAPUR,2.75
28-03-2025,26.5,80.5,UNNAO,UTTAR PRADESH,D748,BIGHAPUR,2.04
29-03-2025,26.5,80.5,UNNAO,UTTAR PRADESH,D748,BIGHAPUR,2.12
30-03-2025,26.5,80.5,UNNAO,UTTAR PRADESH,D748,BIGHAPUR,2.65
31-03-2025,26.5,80.5,UNNAO,UTTAR PRADESH,D748,BIGHAPUR,2.66
01-04-2025,26.5,80.5,UNNAO,UTTAR PRADESH,D748,BIGHAPUR,2.54
02-04-2025,26.5,80.5,UNNAO,UTTAR PRADESH,D748,BIGHAPUR,2.2
03-04-2025,26.5,80.5,UNNAO,UTTAR PRADESH,D748,BIGHAPUR,2.59
04-04-2025,26.5,80.5,UNNAO,UTTAR PRADESH,D748,BIGHAPUR,2.55
05-04-2025,26.5,80.5,UNNAO,UTTAR PRADESH,D748,BIGHAPUR,2.46
06-04-2025,26.5,80.5,UNNAO,UTTAR PRADESH,D748,BIGHAPUR,2.23
07-04-2025,26.5,80.5,UNNAO,UTTAR PRADESH,D748,BIGHAPUR,2.18
08-04-2025,26.5,80.5,UNNAO,UTTAR PRADESH,D748,BIGHAPUR,2.05
09-04-2025,26.5,80.5,UNNAO,UTTAR PRADESH,D748,BIGHAPUR,2.31
10-04-2025,26.5,80.5,UNNAO,UTTAR PRADESH,D748,BIGHAPUR,2.18
11-04-2025,26.5,80.5,UNNAO,UTTAR PRADESH,D748,BIGHAPUR,2.14
12-04-2025,26.5,80.5,UNNAO,UTTAR PRADESH,D748,BIGHAPUR,2.32
13-04-2025,26.5,80.5,UNNAO,UTTAR PRADESH,D748,BIGHAPUR,2.6
14-04-2025,26.5,80.5,UNNAO,UTTAR PRADESH,D748,BIGHAPUR,2.37
15-04-2025,26.5,80.5,UNNAO,UTTAR PRADESH,D748,BIGHAPUR,2.45
16-04-2025,26.5,80.5,UNNAO,UTTAR PRADESH,D748,BIGHAPUR,2.61
17-04-2025,26.5,80.5,UNNAO,UTTAR PRADESH,D748,BIGHAPUR,2.89
18-04-2025,26.5,80.5,UNNAO,UTTAR PRADESH,D748,BIGHAPUR,2.96
19-04-2025,26.5,80.5,UNNAO,UTTAR PRADESH,D748,BIGHAPUR,2.81
20-04-2025,26.5,80.5,UNNAO,UTTAR PRADESH,D748,BIGHAPUR,2.47
21-04-2025,26.5,80.5,UNNAO,UTTAR PRADESH,D748,BIGHAPUR,2.69
22-04-2025,26.5,80.5,UNNAO,UTTAR PRADESH,D748,BIGHAPUR,2.3
23-04-2025,26.5,80.5,UNNAO,UTTAR PRADESH,D748,BIGHAPUR,2.04
24-04-2025,26.5,80.5,UNNAO,UTTAR PRADESH,D748,BIGHAPUR,2.31
25-04-2025,26.5,80.5,UNNAO,UTTAR PRADESH,D748,BIGHAPUR,2.39
26-04-2025,26.5,80.5,UNNAO,UTTAR PRADESH,D748,BIGHAPUR,2.69
27-04-2025,26.5,80.5,UNNAO,UTTAR PRADESH,D748,BIGHAPUR,2.4
28-04-2025,26.5,80.5,UNNAO,UTTAR PRADESH,D748,BIGHAPUR,2.38
29-04-2025,26.5,80.5,UNNAO,UTTAR PRADESH,D748,BIGHAPUR,2.65
30-04-2025,26.5,80.5,UNNAO,UTTAR PRADESH,D748,BIGHAPUR,3.14
01-05-2025,26.5,80.5,UNNAO,UTTAR PRADESH,D748,BIGHAPUR,3.04
02-05-2025,26.5,80.5,UNNAO,UTTAR PRADESH,D748,BIGHAPUR,2.76
03-05-2025,26.5,80.5,UNNAO,UTTAR PRADESH,D748,BIGHAPUR,2.55
04-05-2025,26.5,80.5,UNNAO,UTTAR PRADESH,D748,BIGHAPUR,2.61
05-05-2025,26.5,80.5,UNNAO,UTTAR PRADESH,D748,BIGHAPUR,2.48
06-05-2025,26.5,80.5,UNNAO,UTTAR PRADESH,D748,BIGHAPUR,2.26
07-05-2025,26.5,80.5,UNNAO,UTTAR PRADESH,D748,BIGHAPUR,2.28
08-05-2025,26.5,80.5,UNNAO,UTTAR PRADESH,D748,BIGHAPUR,2.05
09-05-2025,26.5,80.5,UNNAO,UTTAR PRADESH,D748,BIGHAPUR,1.65
10-05-2025,26.5,80.5,UNNAO,UTTAR PRADESH,D748,BIGHAPUR,1.99
11-05-2025,26.5,80.5,UNNAO,UTTAR PRADESH,D748,BIGHAPUR,1.88
12-05-2025,26.5,80.5,UNNAO,UTTAR PRADESH,D748,BIGHAPUR,1.94
13-05-2025,26.5,80.5,UNNAO,UTTAR PRADESH,D748,BIGHAPUR,2.14
14-05-2025,26.5,80.5,UNNAO,UTTAR PRADESH,D748,BIGHAPUR,1.95
15-05-2025,26.5,80.5,UNNAO,UTTAR PRADESH,D748,BIGHAPUR,2.08
16-05-2025,26.5,80.5,UNNAO,UTTAR PRADESH,D748,BIGHAPUR,1.91
17-05-2025,26.5,80.5,UNNAO,UTTAR PRADESH,D748,BIGHAPUR,2.26
18-05-2025,26.5,80.5,UNNAO,UTTAR PRADESH,D748,BIGHAPUR,2.66
19-05-2025,26.5,80.5,UNNAO,UTTAR PRADESH,D748,BIGHAPUR,3.05
20-05-2025,26.5,80.5,UNNAO,UTTAR PRADESH,D748,BIGHAPUR,2.82
21-05-2025,26.5,80.5,UNNAO,UTTAR PRADESH,D748,BIGHAPUR,2.72
22-05-2025,26.5,80.5,UNNAO,UTTAR PRADESH,D748,BIGHAPUR,3.01
23-05-2025,26.5,80.5,UNNAO,UTTAR PRADESH,D748,BIGHAPUR,2.9
24-05-2025,26.5,80.5,UNNAO,UTTAR PRADESH,D748,BIGHAPUR,2.83
25-05-2025,26.5,80.5,UNNAO,UTTAR PRADESH,D748,BIGHAPUR,2.83
26-05-2025,26.5,80.5,UNNAO,UTTAR PRADESH,D748,BIGHAPUR,2.75
27-05-2025,26.5,80.5,UNNAO,UTTAR PRADESH,D748,BIGHAPUR,2.68
28-05-2025,26.5,80.5,UNNAO,UTTAR PRADESH,D748,BIGHAPUR,2.82
29-05-2025,26.5,80.5,UNNAO,UTTAR PRADESH,D748,BIGHAPUR,3.18
30-05-2025,26.5,80.5,UNNAO,UTTAR PRADESH,D748,BIGHAPUR,2.95
31-05-2025,26.5,80.5,UNNAO,UTTAR PRADESH,D748,BIGHAPUR,2.95
01-06-2025,26.5,80.5,UNNAO,UTTAR PRADESH,D748,BIGHAPUR,2.97
02-06-2025,26.5,80.5,UNNAO,UTTAR PRADESH,D748,BIGHAPUR,2.91
03-06-2025,26.5,80.5,UNNAO,UTTAR PRADESH,D748,BIGHAPUR,3.17
04-06-2025,26.5,80.5,UNNAO,UTTAR PRADESH,D748,BIGHAPUR,3.57
05-06-2025,26.5,80.5,UNNAO,UTTAR PRADESH,D748,BIGHAPUR,3.23
06-06-2025,26.5,80.5,UNNAO,UTTAR PRADESH,D748,BIGHAPUR,2.8
07-06-2025,26.5,80.5,UNNAO,UTTAR PRADESH,D748,BIGHAPUR,3.23
08-06-2025,26.5,80.5,UNNAO,UTTAR PRADESH,D748,BIGHAPUR,3.1
09-06-2025,26.5,80.5,UNNAO,UTTAR PRADESH,D748,BIGHAPUR,2.93
10-06-2025,26.5,80.5,UNNAO,UTTAR PRADESH,D748,BIGHAPUR,3.16
11-06-2025,26.5,80.5,UNNAO,UTTAR PRADESH,D748,BIGHAPUR,2.83
12-06-2025,26.5,80.5,UNNAO,UTTAR PRADESH,D748,BIGHAPUR,2.93
13-06-2025,26.5,80.5,UNNAO,UTTAR PRADESH,D748,BIGHAPUR,3.07
14-06-2025,26.5,80.5,UNNAO,UTTAR PRADESH,D748,BIGHAPUR,3.27
15-06-2025,26.5,80.5,UNNAO,UTTAR PRADESH,D748,BIGHAPUR,3.66
16-06-2025,26.5,80.5,UNNAO,UTTAR PRADESH,D748,BIGHAPUR,4.06
17-06-2025,26.5,80.5,UNNAO,UTTAR PRADESH,D748,BIGHAPUR,4.18
18-06-2025,26.5,80.5,UNNAO,UTTAR PRADESH,D748,BIGHAPUR,3.84
19-06-2025,26.5,80.5,UNNAO,UTTAR PRADESH,D748,BIGHAPUR,3.8
20-06-2025,26.5,80.5,UNNAO,UTTAR PRADESH,D748,BIGHAPUR,3.73
21-06-2025,26.5,80.5,UNNAO,UTTAR PRADESH,D748,BIGHAPUR,3.42
22-06-2025,26.5,80.5,UNNAO,UTTAR PRADESH,D748,BIGHAPUR,3.36
23-06-2025,26.5,80.5,UNNAO,UTTAR PRADESH,D748,BIGHAPUR,3.05
24-06-2025,26.5,80.5,UNNAO,UTTAR PRADESH,D748,BIGHAPUR,2.58
25-06-2025,26.5,80.5,UNNAO,UTTAR PRADESH,D748,BIGHAPUR,2.74
26-06-2025,26.5,80.5,UNNAO,UTTAR PRADESH,D748,BIGHAPUR,2.54
27-06-2025,26.5,80.5,UNNAO,UTTAR PRADESH,D748,BIGHAPUR,2.99
28-06-2025,26.5,80.5,UNNAO,UTTAR PRADESH,D748,BIGHAPUR,3.02
29-06-2025,26.5,80.5,UNNAO,UTTAR PRADESH,D748,BIGHAPUR,3.26
30-06-2025,26.5,80.5,UNNAO,UTTAR PRADESH,D748,BIGHAPUR,3.34
01-07-2025,26.5,80.5,UNNAO,UTTAR PRADESH,D748,BIGHAPUR,2.75
02-07-2025,26.5,80.5,UNNAO,UTTAR PRADESH,D748,BIGHAPUR,2.55
03-07-2025,26.5,80.5,UNNAO,UTTAR PRADESH,D748,BIGHAPUR,2.02
04-07-2025,26.5,80.5,UNNAO,UTTAR PRADESH,D748,BIGHAPUR,2.22
05-07-2025,26.5,80.5,UNNAO,UTTAR PRADESH,D748,BIGHAPUR,2.58
06-07-2025,26.5,80.5,UNNAO,UTTAR PRADESH,D748,BIGHAPUR,2.94
07-07-2025,26.5,80.5,UNNAO,UTTAR PRADESH,D748,BIGHAPUR,2.57
08-07-2025,26.5,80.5,UNNAO,UTTAR PRADESH,D748,BIGHAPUR,2.57
09-07-2025,26.5,80.5,UNNAO,UTTAR PRADESH,D748,BIGHAPUR,2.92
10-07-2025,26.5,80.5,UNNAO,UTTAR PRADESH,D748,BIGHAPUR,2.61
11-07-2025,26.5,80.5,UNNAO,UTTAR PRADESH,D748,BIGHAPUR,2.55
12-07-2025,26.5,80.5,UNNAO,UTTAR PRADESH,D748,BIGHAPUR,2.33
13-07-2025,26.5,80.5,UNNAO,UTTAR PRADESH,D748,BIGHAPUR,2.29
14-07-2025,26.5,80.5,UNNAO,UTTAR PRADESH,D748,BIGHAPUR,2.34
15-07-2025,26.5,80.5,UNNAO,UTTAR PRADESH,D748,BIGHAPUR,2.17
16-07-2025,26.5,80.5,UNNAO,UTTAR PRADESH,D748,BIGHAPUR,2.16
17-07-2025,26.5,80.5,UNNAO,UTTAR PRADESH,D748,BIGHAPUR,2.36
18-07-2025,26.5,80.5,UNNAO,UTTAR PRADESH,D748,BIGHAPUR,2.22
19-07-2025,26.5,80.5,UNNAO,UTTAR PRADESH,D748,BIGHAPUR,2.06
20-07-2025,26.5,80.5,UNNAO,UTTAR PRADESH,D748,BIGHAPUR,1.81
21-07-2025,26.5,80.5,UNNAO,UTTAR PRADESH,D748,BIGHAPUR,1.8
22-07-2025,26.5,80.5,UNNAO,UTTAR PRADESH,D748,BIGHAPUR,1.82
23-07-2025,26.5,80.5,UNNAO,UTTAR PRADESH,D748,BIGHAPUR,1.74
24-07-2025,26.5,80.5,UNNAO,UTTAR PRADESH,D748,BIGHAPUR,1.77
25-07-2025,26.5,80.5,UNNAO,UTTAR PRADESH,D748,BIGHAPUR,1.9
26-07-2025,26.5,80.5,UNNAO,UTTAR PRADESH,D748,BIGHAPUR,1.92
27-07-2025,26.5,80.5,UNNAO,UTTAR PRADESH,D748,BIGHAPUR,2.26
28-07-2025,26.5,80.5,UNNAO,UTTAR PRADESH,D748,BIGHAPUR,1.84
29-07-2025,26.5,80.5,UNNAO,UTTAR PRADESH,D748,BIGHAPUR,1.93
30-07-2025,26.5,80.5,UNNAO,UTTAR PRADESH,D748,BIGHAPUR,1.8
31-07-2025,26.5,80.5,UNNAO,UTTAR PRADESH,D748,BIGHAPUR,1.65
01-08-2025,26.5,80.5,UNNAO,UTTAR PRADESH,D748,BIGHAPUR,1.66
02-08-2025,26.5,80.5,UNNAO,UTTAR PRADESH,D748,BIGHAPUR,1.52
03-08-2025,26.5,80.5,UNNAO,UTTAR PRADESH,D748,BIGHAPUR,1.73
04-08-2025,26.5,80.5,UNNAO,UTTAR PRADESH,D748,BIGHAPUR,1.56
05-08-2025,26.5,80.5,UNNAO,UTTAR PRADESH,D748,BIGHAPUR,1.36
06-08-2025,26.5,80.5,UNNAO,UTTAR PRADESH,D748,BIGHAPUR,1.51
07-08-2025,26.5,80.5,UNNAO,UTTAR PRADESH,D748,BIGHAPUR,1.4
08-08-2025,26.5,80.5,UNNAO,UTTAR PRADESH,D748,BIGHAPUR,1.38
09-08-2025,26.5,80.5,UNNAO,UTTAR PRADESH,D748,BIGHAPUR,1.52
10-08-2025,26.5,80.5,UNNAO,UTTAR PRADESH,D748,BIGHAPUR,1.33
11-08-2025,26.5,80.5,UNNAO,UTTAR PRADESH,D748,BIGHAPUR,1.4
12-08-2025,26.5,80.5,UNNAO,UTTAR PRADESH,D748,BIGHAPUR,1.7
13-08-2025,26.5,80.5,UNNAO,UTTAR PRADESH,D748,BIGHAPUR,1.52
14-08-2025,26.5,80.5,UNNAO,UTTAR PRADESH,D748,BIGHAPUR,1.61
15-08-2025,26.5,80.5,UNNAO,UTTAR PRADESH,D748,BIGHAPUR,1.83
16-08-2025,26.5,80.5,UNNAO,UTTAR PRADESH,D748,BIGHAPUR,1.78
17-08-2025,26.5,80.5,UNNAO,UTTAR PRADESH,D748,BIGHAPUR,1.72
18-08-2025,26.5,80.5,UNNAO,UTTAR PRADESH,D748,BIGHAPUR,1.66
19-08-2025,26.5,80.5,UNNAO,UTTAR PRADESH,D748,BIGHAPUR,1.72
20-08-2025,26.5,80.5,UNNAO,UTTAR PRADESH,D748,BIGHAPUR,1.46
21-08-2025,26.5,80.5,UNNAO,UTTAR PRADESH,D748,BIGHAPUR,1.56
22-08-2025,26.5,80.5,UNNAO,UTTAR PRADESH,D748,BIGHAPUR,1.72
23-08-2025,26.5,80.5,UNNAO,UTTAR PRADESH,D748,BIGHAPUR,1.55
24-08-2025,26.5,80.5,UNNAO,UTTAR PRADESH,D748,BIGHAPUR,1.5
25-08-2025,26.5,80.5,UNNAO,UTTAR PRADESH,D748,BIGHAPUR,1.53
26-08-2025,26.5,80.5,UNNAO,UTTAR PRADESH,D748,BIGHAPUR,1.32
27-08-2025,26.5,80.5,UNNAO,UTTAR PRADESH,D748,BIGHAPUR,1.21
28-08-2025,26.5,80.5,UNNAO,UTTAR PRADESH,D748,BIGHAPUR,1.27
29-08-2025,26.5,80.5,UNNAO,UTTAR PRADESH,D748,BIGHAPUR,1.47
30-08-2025,26.5,80.5,UNNAO,UTTAR PRADESH,D748,BIGHAPUR,1.66
31-08-2025,26.5,80.5,UNNAO,UTTAR PRADESH,D748,BIGHAPUR,1.7
01-09-2025,26.5,80.5,UNNAO,UTTAR PRADESH,D748,BIGHAPUR,1.71
02-09-2025,26.5,80.5,UNNAO,UTTAR PRADESH,D748,BIGHAPUR,2.08
03-09-2025,26.5,80.5,UNNAO,UTTAR PRADESH,D748,BIGHAPUR,1.95
04-09-2025,26.5,80.5,UNNAO,UTTAR PRADESH,D748,BIGHAPUR,1.83
05-09-2025,26.5,80.5,UNNAO,UTTAR PRADESH,D748,BIGHAPUR,1.82
06-09-2025,26.5,80.5,UNNAO,UTTAR PRADESH,D748,BIGHAPUR,1.85
07-09-2025,26.5,80.5,UNNAO,UTTAR PRADESH,D748,BIGHAPUR,1.81
08-09-2025,26.5,80.5,UNNAO,UTTAR PRADESH,D748,BIGHAPUR,2.12
09-09-2025,26.5,80.5,UNNAO,UTTAR PRADESH,D748,BIGHAPUR,2.21
10-09-2025,26.5,80.5,UNNAO,UTTAR PRADESH,D748,BIGHAPUR,2.01
11-09-2025,26.5,80.5,UNNAO,UTTAR PRADESH,D748,BIGHAPUR,2.02
12-09-2025,26.5,80.5,UNNAO,UTTAR PRADESH,D748,BIGHAPUR,2.03
13-09-2025,26.5,80.5,UNNAO,UTTAR PRADESH,D748,BIGHAPUR,1.94
14-09-2025,26.5,80.5,UNNAO,UTTAR PRADESH,D748,BIGHAPUR,1.82
15-09-2025,26.5,80.5,UNNAO,UTTAR PRADESH,D748,BIGHAPUR,1.96
16-09-2025,26.5,80.5,UNNAO,UTTAR PRADESH,D748,BIGHAPUR,2.1
17-09-2025,26.5,80.5,UNNAO,UTTAR PRADESH,D748,BIGHAPUR,2.17
18-09-2025,26.5,80.5,UNNAO,UTTAR PRADESH,D748,BIGHAPUR,2.03
19-09-2025,26.5,80.5,UNNAO,UTTAR PRADESH,D748,BIGHAPUR,2.14
20-09-2025,26.5,80.5,UNNAO,UTTAR PRADESH,D748,BIGHAPUR,1.84
21-09-2025,26.5,80.5,UNNAO,UTTAR PRADESH,D748,BIGHAPUR,2.16
22-09-2025,26.5,80.5,UNNAO,UTTAR PRADESH,D748,BIGHAPUR,1.98
23-09-2025,26.5,80.5,UNNAO,UTTAR PRADESH,D748,BIGHAPUR,1.66
24-09-2025,26.5,80.5,UNNAO,UTTAR PRADESH,D748,BIGHAPUR,1.91
25-09-2025,26.5,80.5,UNNAO,UTTAR PRADESH,D748,BIGHAPUR,2.06
26-09-2025,26.5,80.5,UNNAO,UTTAR PRADESH,D748,BIGHAPUR,1.88
27-09-2025,26.5,80.5,UNNAO,UTTAR PRADESH,D748,BIGHAPUR,1.99
28-09-2025,26.5,80.5,UNNAO,UTTAR PRADESH,D748,BIGHAPUR,2
29-09-2025,26.5,80.5,UNNAO,UTTAR PRADESH,D748,BIGHAPUR,1.9
30-09-2025,26.5,80.5,UNNAO,UTTAR PRADESH,D748,BIGHAPUR,1.51
01-10-2025,26.5,80.5,UNNAO,UTTAR PRADESH,D748,BIGHAPUR,1.33
02-10-2025,26.5,80.5,UNNAO,UTTAR PRADESH,D748,BIGHAPUR,1.79
03-10-2025,26.5,80.5,UNNAO,UTTAR PRADESH,D748,BIGHAPUR,2.21
04-10-2025,26.5,80.5,UNNAO,UTTAR PRADESH,D748,BIGHAPUR,2.43
05-10-2025,26.5,80.5,UNNAO,UTTAR PRADESH,D748,BIGHAPUR,2.24
06-10-2025,26.5,80.5,UNNAO,UTTAR PRADESH,D748,BIGHAPUR,2.44
07-10-2025,26.5,80.5,UNNAO,UTTAR PRADESH,D748,BIGHAPUR,1.95
08-10-2025,26.5,80.5,UNNAO,UTTAR PRADESH,D748,BIGHAPUR,1.64
09-10-2025,26.5,80.5,UNNAO,UTTAR PRADESH,D748,BIGHAPUR,1.52
10-10-2025,26.5,80.5,UNNAO,UTTAR PRADESH,D748,BIGHAPUR,1.72
11-10-2025,26.5,80.5,UNNAO,UTTAR PRADESH,D748,BIGHAPUR,1.87
12-10-2025,26.5,80.5,UNNAO,UTTAR PRADESH,D748,BIGHAPUR,1.57
13-10-2025,26.5,80.5,UNNAO,UTTAR PRADESH,D748,BIGHAPUR,1.69
14-10-2025,26.5,80.5,UNNAO,UTTAR PRADESH,D748,BIGHAPUR,2.37
15-10-2025,26.5,80.5,UNNAO,UTTAR PRADESH,D748,BIGHAPUR,1.85
16-10-2025,26.5,80.5,UNNAO,UTTAR PRADESH,D748,BIGHAPUR,1.66
17-10-2025,26.5,80.5,UNNAO,UTTAR PRADESH,D748,BIGHAPUR,1.55
18-10-2025,26.5,80.5,UNNAO,UTTAR PRADESH,D748,BIGHAPUR,1.68
19-10-2025,26.5,80.5,UNNAO,UTTAR PRADESH,D748,BIGHAPUR,1.67
20-10-2025,26.5,80.5,UNNAO,UTTAR PRADESH,D748,BIGHAPUR,1.61
21-10-2025,26.5,80.5,UNNAO,UTTAR PRADESH,D748,BIGHAPUR,1.7
22-10-2025,26.5,80.5,UNNAO,UTTAR PRADESH,D748,BIGHAPUR,1.39
23-10-2025,26.5,80.5,UNNAO,UTTAR PRADESH,D748,BIGHAPUR,1.62
24-10-2025,26.5,80.5,UNNAO,UTTAR PRADESH,D748,BIGHAPUR,1.8
25-10-2025,26.5,80.5,UNNAO,UTTAR PRADESH,D748,BIGHAPUR,1.66
26-10-2025,26.5,80.5,UNNAO,UTTAR PRADESH,D748,BIGHAPUR,1.42
27-10-2025,26.5,80.5,UNNAO,UTTAR PRADESH,D748,BIGHAPUR,1.67
28-10-2025,26.5,80.5,UNNAO,UTTAR PRADESH,D748,BIGHAPUR,1.96
29-10-2025,26.5,80.5,UNNAO,UTTAR PRADESH,D748,BIGHAPUR,1.89
30-10-2025,26.5,80.5,UNNAO,UTTAR PRADESH,D748,BIGHAPUR,2.04
31-10-2025,26.5,80.5,UNNAO,UTTAR PRADESH,D748,BIGHAPUR,1.76
01-11-2025,26.5,80.5,UNNAO,UTTAR PRADESH,D748,BIGHAPUR,1.16
02-11-2025,26.5,80.5,UNNAO,UTTAR PRADESH,D748,BIGHAPUR,1.14
03-11-2025,26.5,80.5,UNNAO,UTTAR PRADESH,D748,BIGHAPUR,1.2
04-11-2025,26.5,80.5,UNNAO,UTTAR PRADESH,D748,BIGHAPUR,1.14
05-11-2025,26.5,80.5,UNNAO,UTTAR PRADESH,D748,BIGHAPUR,1.08
06-11-2025,26.5,80.5,UNNAO,UTTAR PRADESH,D748,BIGHAPUR,1.25
07-11-2025,26.5,80.5,UNNAO,UTTAR PRADESH,D748,BIGHAPUR,1.25
08-11-2025,26.5,80.5,UNNAO,UTTAR PRADESH,D748,BIGHAPUR,1.49
09-11-2025,26.5,80.5,UNNAO,UTTAR PRADESH,D748,BIGHAPUR,1.21
10-11-2025,26.5,80.5,UNNAO,UTTAR PRADESH,D748,BIGHAPUR,1.14
11-11-2025,26.5,80.5,UNNAO,UTTAR PRADESH,D748,BIGHAPUR,1.13
12-11-2025,26.5,80.5,UNNAO,UTTAR PRADESH,D748,BIGHAPUR,1.69
13-11-2025,26.5,80.5,UNNAO,UTTAR PRADESH,D748,BIGHAPUR,1.47
14-11-2025,26.5,80.5,UNNAO,UTTAR PRADESH,D748,BIGHAPUR,1.29
15-11-2025,26.5,80.5,UNNAO,UTTAR PRADESH,D748,BIGHAPUR,1.31
16-11-2025,26.5,80.5,UNNAO,UTTAR PRADESH,D748,BIGHAPUR,1.43
17-11-2025,26.5,80.5,UNNAO,UTTAR PRADESH,D748,BIGHAPUR,1.37
18-11-2025,26.5,80.5,UNNAO,UTTAR PRADESH,D748,BIGHAPUR,1.45
19-11-2025,26.5,80.5,UNNAO,UTTAR PRADESH,D748,BIGHAPUR,1.57
20-11-2025,26.5,80.5,UNNAO,UTTAR PRADESH,D748,BIGHAPUR,1.37
21-11-2025,26.5,80.5,UNNAO,UTTAR PRADESH,D748,BIGHAPUR,1.31
22-11-2025,26.5,80.5,UNNAO,UTTAR PRADESH,D748,BIGHAPUR,1.29
23-11-2025,26.5,80.5,UNNAO,UTTAR PRADESH,D748,BIGHAPUR,1.38
24-11-2025,26.5,80.5,UNNAO,UTTAR PRADESH,D748,BIGHAPUR,1.03
25-11-2025,26.5,80.5,UNNAO,UTTAR PRADESH,D748,BIGHAPUR,1.08
26-11-2025,26.5,80.5,UNNAO,UTTAR PRADESH,D748,BIGHAPUR,1.18
27-11-2025,26.5,80.5,UNNAO,UTTAR PRADESH,D748,BIGHAPUR,1.35
28-11-2025,26.5,80.5,UNNAO,UTTAR PRADESH,D748,BIGHAPUR,1.51
29-11-2025,26.5,80.5,UNNAO,UTTAR PRADESH,D748,BIGHAPUR,1.71
30-11-2025,26.5,80.5,UNNAO,UTTAR PRADESH,D748,BIGHAPUR,1.67
01-12-2025,26.5,80.5,UNNAO,UTTAR PRADESH,D748,BIGHAPUR,1.42
02-12-2025,26.5,80.5,UNNAO,UTTAR PRADESH,D748,BIGHAPUR,1.29
03-12-2025,26.5,80.5,UNNAO,UTTAR PRADESH,D748,BIGHAPUR,1.31
04-12-2025,26.5,80.5,UNNAO,UTTAR PRADESH,D748,BIGHAPUR,1.5
05-12-2025,26.5,80.5,UNNAO,UTTAR PRADESH,D748,BIGHAPUR,1.49
06-12-2025,26.5,80.5,UNNAO,UTTAR PRADESH,D748,BIGHAPUR,1.53
07-12-2025,26.5,80.5,UNNAO,UTTAR PRADESH,D748,BIGHAPUR,1.77
08-12-2025,26.5,80.5,UNNAO,UTTAR PRADESH,D748,BIGHAPUR,1.83
09-12-2025,26.5,80.5,UNNAO,UTTAR PRADESH,D748,BIGHAPUR,2.01
10-12-2025,26.5,80.5,UNNAO,UTTAR PRADESH,D748,BIGHAPUR,1.86
11-12-2025,26.5,80.5,UNNAO,UTTAR PRADESH,D748,BIGHAPUR,1.7
12-12-2025,26.5,80.5,UNNAO,UTTAR PRADESH,D748,BIGHAPUR,1.76
13-12-2025,26.5,80.5,UNNAO,UTTAR PRADESH,D748,BIGHAPUR,1.98
14-12-2025,26.5,80.5,UNNAO,UTTAR PRADESH,D748,BIGHAPUR,2.01
15-12-2025,26.5,80.5,UNNAO,UTTAR PRADESH,D748,BIGHAPUR,2.04
16-12-2025,26.5,80.5,UNNAO,UTTAR PRADESH,D748,BIGHAPUR,2.24
17-12-2025,26.5,80.5,UNNAO,UTTAR PRADESH,D748,BIGHAPUR,2.36
18-12-2025,26.5,80.5,UNNAO,UTTAR PRADESH,D748,BIGHAPUR,2.57
19-12-2025,26.5,80.5,UNNAO,UTTAR PRADESH,D748,BIGHAPUR,2.42
20-12-2025,26.5,80.5,UNNAO,UTTAR PRADESH,D748,BIGHAPUR,2.57
21-12-2025,26.5,80.5,UNNAO,UTTAR PRADESH,D748,BIGHAPUR,2.86
22-12-2025,26.5,80.5,UNNAO,UTTAR PRADESH,D748,BIGHAPUR,2.7
23-12-2025,26.5,80.5,UNNAO,UTTAR PRADESH,D748,BIGHAPUR,2.35
24-12-2025,26.5,80.5,UNNAO,UTTAR PRADESH,D748,BIGHAPUR,2.86
25-12-2025,26.5,80.5,UNNAO,UTTAR PRADESH,D748,BIGHAPUR,2.66
26-12-2025,26.5,80.5,UNNAO,UTTAR PRADESH,D748,BIGHAPUR,3.01
27-12-2025,26.5,80.5,UNNAO,UTTAR PRADESH,D748,BIGHAPUR,3.26
28-12-2025,26.5,80.5,UNNAO,UTTAR PRADESH,D748,BIGHAPUR,3.16
29-12-2025,26.5,80.5,UNNAO,UTTAR PRADESH,D748,BIGHAPUR,3.18
30-12-2025,26.5,80.5,UNNAO,UTTAR PRADESH,D748,BIGHAPUR,3.58
31-12-2025,26.5,80.5,UNNAO,UTTAR PRADESH,D748,BIGHAPUR,3.13
01-01-2025,30.5,76.5,PATIALA,PUNJAB,D536,PATIALA,2.41
02-01-2025,30.5,76.5,PATIALA,PUNJAB,D536,PATIALA,2.24
03-01-2025,30.5,76.5,PATIALA,PUNJAB,D536,PATIALA,2.47
04-01-2025,30.5,76.5,PATIALA,PUNJAB,D536,PATIALA,2.49
05-01-2025,30.5,76.5,PATIALA,PUNJAB,D536,PATIALA,2.56
06-01-2025,30.5,76.5,PATIALA,PUNJAB,D536,PATIALA,2.45
07-01-2025,30.5,76.5,PATIALA,PUNJAB,D536,PATIALA,2.59
08-01-2025,30.5,76.5,PATIALA,PUNJAB,D536,PATIALA,2.73
09-01-2025,30.5,76.5,PATIALA,PUNJAB,D536,PATIALA,2.57
10-01-2025,30.5,76.5,PATIALA,PUNJAB,D536,PATIALA,2.48
11-01-2025,30.5,76.5,PATIALA,PUNJAB,D536,PATIALA,2.35
12-01-2025,30.5,76.5,PATIALA,PUNJAB,D536,PATIALA,2.27
13-01-2025,30.5,76.5,PATIALA,PUNJAB,D536,PATIALA,2.21
14-01-2025,30.5,76.5,PATIALA,PUNJAB,D536,PATIALA,2.2
15-01-2025,30.5,76.5,PATIALA,PUNJAB,D536,PATIALA,2.21
16-01-2025,30.5,76.5,PATIALA,PUNJAB,D536,PATIALA,2.57
17-01-2025,30.5,76.5,PATIALA,PUNJAB,D536,PATIALA,1.97
18-01-2025,30.5,76.5,PATIALA,PUNJAB,D536,PATIALA,2.01
19-01-2025,30.5,76.5,PATIALA,PUNJAB,D536,PATIALA,2.26
20-01-2025,30.5,76.5,PATIALA,PUNJAB,D536,PATIALA,2.58
21-01-2025,30.5,76.5,PATIALA,PUNJAB,D536,PATIALA,2.43
22-01-2025,30.5,76.5,PATIALA,PUNJAB,D536,PATIALA,2.71
23-01-2025,30.5,76.5,PATIALA,PUNJAB,D536,PATIALA,2.54
24-01-2025,30.5,76.5,PATIALA,PUNJAB,D536,PATIALA,2.59
25-01-2025,30.5,76.5,PATIALA,PUNJAB,D536,PATIALA,2.56
26-01-2025,30.5,76.5,PATIALA,PUNJAB,D536,PATIALA,2.49
27-01-2025,30.5,76.5,PATIALA,PUNJAB,D536,PATIALA,2.36
28-01-2025,30.5,76.5,PATIALA,PUNJAB,D536,PATIALA,2.56
29-01-2025,30.5,76.5,PATIALA,PUNJAB,D536,PATIALA,2.53
30-01-2025,30.5,76.5,PATIALA,PUNJAB,D536,PATIALA,2.69
31-01-2025,30.5,76.5,PATIALA,PUNJAB,D536,PATIALA,2.8
01-02-2025,30.5,76.5,PATIALA,PUNJAB,D536,PATIALA,2.8
02-02-2025,30.5,76.5,PATIALA,PUNJAB,D536,PATIALA,2.26
03-02-2025,30.5,76.5,PATIALA,PUNJAB,D536,PATIALA,2.66
04-02-2025,30.5,76.5,PATIALA,PUNJAB,D536,PATIALA,2.83
05-02-2025,30.5,76.5,PATIALA,PUNJAB,D536,PATIALA,2.78
06-02-2025,30.5,76.5,PATIALA,PUNJAB,D536,PATIALA,2.71
07-02-2025,30.5,76.5,PATIALA,PUNJAB,D536,PATIALA,2.6
08-02-2025,30.5,76.5,PATIALA,PUNJAB,D536,PATIALA,2.53
09-02-2025,30.5,76.5,PATIALA,PUNJAB,D536,PATIALA,2.3
10-02-2025,30.5,76.5,PATIALA,PUNJAB,D536,PATIALA,2.5
11-02-2025,30.5,76.5,PATIALA,PUNJAB,D536,PATIALA,2.53
12-02-2025,30.5,76.5,PATIALA,PUNJAB,D536,PATIALA,2.68
13-02-2025,30.5,76.5,PATIALA,PUNJAB,D536,PATIALA,2.5
14-02-2025,30.5,76.5,PATIALA,PUNJAB,D536,PATIALA,2.73
15-02-2025,30.5,76.5,PATIALA,PUNJAB,D536,PATIALA,2.77
16-02-2025,30.5,76.5,PATIALA,PUNJAB,D536,PATIALA,2.76
17-02-2025,30.5,76.5,PATIALA,PUNJAB,D536,PATIALA,2.5
18-02-2025,30.5,76.5,PATIALA,PUNJAB,D536,PATIALA,2.26
19-02-2025,30.5,76.5,PATIALA,PUNJAB,D536,PATIALA,2.4
20-02-2025,30.5,76.5,PATIALA,PUNJAB,D536,PATIALA,2.73
21-02-2025,30.5,76.5,PATIALA,PUNJAB,D536,PATIALA,2.71
22-02-2025,30.5,76.5,PATIALA,PUNJAB,D536,PATIALA,2.52
23-02-2025,30.5,76.5,PATIALA,PUNJAB,D536,PATIALA,2.86
24-02-2025,30.5,76.5,PATIALA,PUNJAB,D536,PATIALA,2.84
25-02-2025,30.5,76.5,PATIALA,PUNJAB,D536,PATIALA,3.01
26-02-2025,30.5,76.5,PATIALA,PUNJAB,D536,PATIALA,3.18
27-02-2025,30.5,76.5,PATIALA,PUNJAB,D536,PATIALA,3.08
28-02-2025,30.5,76.5,PATIALA,PUNJAB,D536,PATIALA,2.71
29-02-2025,30.5,76.5,PATIALA,PUNJAB,D536,PATIALA,1.94
01-03-2025,30.5,76.5,PATIALA,PUNJAB,D536,PATIALA,3.36
02-03-2025,30.5,76.5,PATIALA,PUNJAB,D536,PATIALA,3.65
03-03-2025,30.5,76.5,PATIALA,PUNJAB,D536,PATIALA,3.14
04-03-2025,30.5,76.5,PATIALA,PUNJAB,D536,PATIALA,3.18
05-03-2025,30.5,76.5,PATIALA,PUNJAB,D536,PATIALA,2.96
06-03-2025,30.5,76.5,PATIALA,PUNJAB,D536,PATIALA,3.01
07-03-2025,30.5,76.5,PATIALA,PUNJAB,D536,PATIALA,2.84
08-03-2025,30.5,76.5,PATIALA,PUNJAB,D536,PATIALA,2.68
09-03-2025,30.5,76.5,PATIALA,PUNJAB,D536,PATIALA,2.41
10-03-2025,30.5,76.5,PATIALA,PUNJAB,D536,PATIALA,2.32
11-03-2025,30.5,76.5,PATIALA,PUNJAB,D536,PATIALA,3.04
12-03-2025,30.5,76.5,PATIALA,PUNJAB,D536,PATIALA,2.84
13-03-2025,30.5,76.5,PATIALA,PUNJAB,D536,PATIALA,3.39
14-03-2025,30.5,76.5,PATIALA,PUNJAB,D536,PATIALA,3.41
15-03-2025,30.5,76.5,PATIALA,PUNJAB,D536,PATIALA,3.2
16-03-2025,30.5,76.5,PATIALA,PUNJAB,D536,PATIALA,2.93
17-03-2025,30.5,76.5,PATIALA,PUNJAB,D536,PATIALA,2.86
18-03-2025,30.5,76.5,PATIALA,PUNJAB,D536,PATIALA,3.07
19-03-2025,30.5,76.5,PATIALA,PUNJAB,D536,PATIALA,2.77
20-03-2025,30.5,76.5,PATIALA,PUNJAB,D536,PATIALA,2.7
21-03-2025,30.5,76.5,PATIALA,PUNJAB,D536,PATIALA,2.73
22-03-2025,30.5,76.5,PATIALA,PUNJAB,D536,PATIALA,2.86
23-03-2025,30.5,76.5,PATIALA,PUNJAB,D536,PATIALA,2.96
24-03-2025,30.5,76.5,PATIALA,PUNJAB,D536,PATIALA,3.14
25-03-2025,30.5,76.5,PATIALA,PUNJAB,D536,PATIALA,2.75
26-03-2025,30.5,76.5,PATIALA,PUNJAB,D536,PATIALA,2.36
27-03-2025,30.5,76.5,PATIALA,PUNJAB,D536,PATIALA,3.25
28-03-2025,30.5,76.5,PATIALA,PUNJAB,D536,PATIALA,2.67
29-03-2025,30.5,76.5,PATIALA,PUNJAB,D536,PATIALA,2.84
30-03-2025,30.5,76.5,PATIALA,PUNJAB,D536,PATIALA,3.13
31-03-2025,30.5,76.5,PATIALA,PUNJAB,D536,PATIALA,3.65
01-04-2025,30.5,76.5,PATIALA,PUNJAB,D536,PATIALA,3.04
02-04-2025,30.5,76.5,PATIALA,PUNJAB,D536,PATIALA,2.84
03-04-2025,30.5,76.5,PATIALA,PUNJAB,D536,PATIALA,3.34
04-04-2025,30.5,76.5,PATIALA,PUNJAB,D536,PATIALA,3.29
05-04-2025,30.5,76.5,PATIALA,PUNJAB,D536,PATIALA,3.23
06-04-2025,30.5,76.5,PATIALA,PUNJAB,D536,PATIALA,2.73
07-04-2025,30.5,76.5,PATIALA,PUNJAB,D536,PATIALA,2.98
08-04-2025,30.5,76.5,PATIALA,PUNJAB,D536,PATIALA,2.54
09-04-2025,30.5,76.5,PATIALA,PUNJAB,D536,PATIALA,2.7
10-04-2025,30.5,76.5,PATIALA,PUNJAB,D536,PATIALA,2.67
11-04-2025,30.5,76.5,PATIALA,PUNJAB,D536,PATIALA,2.94
12-04-2025,30.5,76.5,PATIALA,PUNJAB,D536,PATIALA,2.57
13-04-2025,30.5,76.5,PATIALA,PUNJAB,D536,PATIALA,2.79
14-04-2025,30.5,76.5,PATIALA,PUNJAB,D536,PATIALA,2.84
15-04-2025,30.5,76.5,PATIALA,PUNJAB,D536,PATIALA,2.49
16-04-2025,30.5,76.5,PATIALA,PUNJAB,D536,PATIALA,3.05
17-04-2025,30.5,76.5,PATIALA,PUNJAB,D536,PATIALA,3.64
18-04-2025,30.5,76.5,PATIALA,PUNJAB,D536,PATIALA,3.58
19-04-2025,30.5,76.5,PATIALA,PUNJAB,D536,PATIALA,3.18
20-04-2025,30.5,76.5,PATIALA,PUNJAB,D536,PATIALA,3.18
21-04-2025,30.5,76.5,PATIALA,PUNJAB,D536,PATIALA,2.97
22-04-2025,30.5,76.5,PATIALA,PUNJAB,D536,PATIALA,2.44
23-04-2025,30.5,76.5,PATIALA,PUNJAB,D536,PATIALA,2.59
24-04-2025,30.5,76.5,PATIALA,PUNJAB,D536,PATIALA,2.02
25-04-2025,30.5,76.5,PATIALA,PUNJAB,D536,PATIALA,2.22
26-04-2025,30.5,76.5,PATIALA,PUNJAB,D536,PATIALA,2.72
27-04-2025,30.5,76.5,PATIALA,PUNJAB,D536,PATIALA,2.93
28-04-2025,30.5,76.5,PATIALA,PUNJAB,D536,PATIALA,2.53
29-04-2025,30.5,76.5,PATIALA,PUNJAB,D536,PATIALA,2.95
30-04-2025,30.5,76.5,PATIALA,PUNJAB,D536,PATIALA,3.31
01-05-2025,30.5,76.5,PATIALA,PUNJAB,D536,PATIALA,4.07
02-05-2025,30.5,76.5,PATIALA,PUNJAB,D536,PATIALA,3.99
03-05-2025,30.5,76.5,PATIALA,PUNJAB,D536,PATIALA,3.17
04-05-2025,30.5,76.5,PATIALA,PUNJAB,D536,PATIALA,2.86
05-05-2025,30.5,76.5,PATIALA,PUNJAB,D536,PATIALA,2.84
06-05-2025,30.5,76.5,PATIALA,PUNJAB,D536,PATIALA,2.59
07-05-2025,30.5,76.5,PATIALA,PUNJAB,D536,PATIALA,2.91
08-05-2025,30.5,76.5,PATIALA,PUNJAB,D536,PATIALA,2.45
09-05-2025,30.5,76.5,PATIALA,PUNJAB,D536,PATIALA,2.28
10-05-2025,30.5,76.5,PATIALA,PUNJAB,D536,PATIALA,2.49
11-05-2025,30.5,76.5,PATIALA,PUNJAB,D536,PATIALA,2.27
12-05-2025,30.5,76.5,PATIALA,PUNJAB,D536,PATIALA,2.83
13-05-2025,30.5,76.5,PATIALA,PUNJAB,D536,PATIALA,2.94
14-05-2025,30.5,76.5,PATIALA,PUNJAB,D536,PATIALA,2.6
15-05-2025,30.5,76.5,PATIALA,PUNJAB,D536,PATIALA,2.55
16-05-2025,30.5,76.5,PATIALA,PUNJAB,D536,PATIALA,2.18
17-05-2025,30.5,76.5,PATIALA,PUNJAB,D536,PATIALA,2.63
18-05-2025,30.5,76.5,PATIALA,PUNJAB,D536,PATIALA,2.86
19-05-2025,30.5,76.5,PATIALA,PUNJAB,D536,PATIALA,3.24
20-05-2025,30.5,76.5,PATIALA,PUNJAB,D536,PATIALA,2.77
21-05-2025,30.5,76.5,PATIALA,PUNJAB,D536,PATIALA,3.11
22-05-2025,30.5,76.5,PATIALA,PUNJAB,D536,PATIALA,3.32
23-05-2025,30.5,76.5,PATIALA,PUNJAB,D536,PATIALA,3.18
24-05-2025,30.5,76.5,PATIALA,PUNJAB,D536,PATIALA,3.56
25-05-2025,30.5,76.5,PATIALA,PUNJAB,D536,PATIALA,3.64
26-05-2025,30.5,76.5,PATIALA,PUNJAB,D536,PATIALA,2.97
27-05-2025,30.5,76.5,PATIALA,PUNJAB,D536,PATIALA,2.81
28-05-2025,30.5,76.5,PATIALA,PUNJAB,D536,PATIALA,2.51
29-05-2025,30.5,76.5,PATIALA,PUNJAB,D536,PATIALA,2.93
30-05-2025,30.5,76.5,PATIALA,PUNJAB,D536,PATIALA,3.44
31-05-2025,30.5,76.5,PATIALA,PUNJAB,D536,PATIALA,3.58
01-06-2025,30.5,76.5,PATIALA,PUNJAB,D536,PATIALA,3.71
02-06-2025,30.5,76.5,PATIALA,PUNJAB,D536,PATIALA,3.39
03-06-2025,30.5,76.5,PATIALA,PUNJAB,D536,PATIALA,3.5
04-06-2025,30.5,76.5,PATIALA,PUNJAB,D536,PATIALA,3.55
05-06-2025,30.5,76.5,PATIALA,PUNJAB,D536,PATIALA,3.52
06-06-2025,30.5,76.5,PATIALA,PUNJAB,D536,PATIALA,3.03
07-06-2025,30.5,76.5,PATIALA,PUNJAB,D536,PATIALA,3.01
08-06-2025,30.5,76.5,PATIALA,PUNJAB,D536,PATIALA,3.79
09-06-2025,30.5,76.5,PATIALA,PUNJAB,D536,PATIALA,3.27
10-06-2025,30.5,76.5,PATIALA,PUNJAB,D536,PATIALA,3.13
11-06-2025,30.5,76.5,PATIALA,PUNJAB,D536,PATIALA,2.89
12-06-2025,30.5,76.5,PATIALA,PUNJAB,D536,PATIALA,2.53
13-06-2025,30.5,76.5,PATIALA,PUNJAB,D536,PATIALA,2.8
14-06-2025,30.5,76.5,PATIALA,PUNJAB,D536,PATIALA,2.58
15-06-2025,30.5,76.5,PATIALA,PUNJAB,D536,PATIALA,3.31
16-06-2025,30.5,76.5,PATIALA,PUNJAB,D536,PATIALA,3.49
17-06-2025,30.5,76.5,PATIALA,PUNJAB,D536,PATIALA,3.75
18-06-2025,30.5,76.5,PATIALA,PUNJAB,D536,PATIALA,3.39
19-06-2025,30.5,76.5,PATIALA,PUNJAB,D536,PATIALA,2.7
20-06-2025,30.5,76.5,PATIALA,PUNJAB,D536,PATIALA,2.99
21-06-2025,30.5,76.5,PATIALA,PUNJAB,D536,PATIALA,3.17
22-06-2025,30.5,76.5,PATIALA,PUNJAB,D536,PATIALA,2.99
23-06-2025,30.5,76.5,PATIALA,PUNJAB,D536,PATIALA,2.75
24-06-2025,30.5,76.5,PATIALA,PUNJAB,D536,PATIALA,2.7
25-06-2025,30.5,76.5,PATIALA,PUNJAB,D536,PATIALA,2.96
26-06-2025,30.5,76.5,PATIALA,PUNJAB,D536,PATIALA,2.63
27-06-2025,30.5,76.5,PATIALA,PUNJAB,D536,PATIALA,2.77
28-06-2025,30.5,76.5,PATIALA,PUNJAB,D536,PATIALA,2.72
29-06-2025,30.5,76.5,PATIALA,PUNJAB,D536,PATIALA,2.66
30-06-2025,30.5,76.5,PATIALA,PUNJAB,D536,PATIALA,2.65
01-07-2025,30.5,76.5,PATIALA,PUNJAB,D536,PATIALA,2.77
02-07-2025,30.5,76.5,PATIALA,PUNJAB,D536,PATIALA,2.33
03-07-2025,30.5,76.5,PATIALA,PUNJAB,D536,PATIALA,1.99
04-07-2025,30.5,76.5,PATIALA,PUNJAB,D536,PATIALA,1.88
05-07-2025,30.5,76.5,PATIALA,PUNJAB,D536,PATIALA,2.07
06-07-2025,30.5,76.5,PATIALA,PUNJAB,D536,PATIALA,2.66
07-07-2025,30.5,76.5,PATIALA,PUNJAB,D536,PATIALA,2.39
08-07-2025,30.5,76.5,PATIALA,PUNJAB,D536,PATIALA,2.49
09-07-2025,30.5,76.5,PATIALA,PUNJAB,D536,PATIALA,1.97
10-07-2025,30.5,76.5,PATIALA,PUNJAB,D536,PATIALA,2.44
11-07-2025,30.5,76.5,PATIALA,PUNJAB,D536,PATIALA,2.3
12-07-2025,30.5,76.5,PATIALA,PUNJAB,D536,PATIALA,2.25
13-07-2025,30.5,76.5,PATIALA,PUNJAB,D536,PATIALA,1.54
14-07-2025,30.5,76.5,PATIALA,PUNJAB,D536,PATIALA,1.46
15-07-2025,30.5,76.5,PATIALA,PUNJAB,D536,PATIALA,1.63
16-07-2025,30.5,76.5,PATIALA,PUNJAB,D536,PATIALA,2.04
17-07-2025,30.5,76.5,PATIALA,PUNJAB,D536,PATIALA,1.91
18-07-2025,30.5,76.5,PATIALA,PUNJAB,D536,PATIALA,1.9
19-07-2025,30.5,76.5,PATIALA,PUNJAB,D536,PATIALA,2.19
20-07-2025,30.5,76.5,PATIALA,PUNJAB,D536,PATIALA,1.8
21-07-2025,30.5,76.5,PATIALA,PUNJAB,D536,PATIALA,2.2
22-07-2025,30.5,76.5,PATIALA,PUNJAB,D536,PATIALA,2.09
23-07-2025,30.5,76.5,PATIALA,PUNJAB,D536,PATIALA,1.74
24-07-2025,30.5,76.5,PATIALA,PUNJAB,D536,PATIALA,1.34
25-07-2025,30.5,76.5,PATIALA,PUNJAB,D536,PATIALA,1.48
26-07-2025,30.5,76.5,PATIALA,PUNJAB,D536,PATIALA,1.51
27-07-2025,30.5,76.5,PATIALA,PUNJAB,D536,PATIALA,1.66
28-07-2025,30.5,76.5,PATIALA,PUNJAB,D536,PATIALA,2.02
29-07-2025,30.5,76.5,PATIALA,PUNJAB,D536,PATIALA,1.81
30-07-2025,30.5,76.5,PATIALA,PUNJAB,D536,PATIALA,1.44
31-07-2025,30.5,76.5,PATIALA,PUNJAB,D536,PATIALA,1.96
01-08-2025,30.5,76.5,PATIALA,PUNJAB,D536,PATIALA,1.55
02-08-2025,30.5,76.5,PATIALA,PUNJAB,D536,PATIALA,1.72
03-08-2025,30.5,76.5,PATIALA,PUNJAB,D536,PATIALA,2.11
04-08-2025,30.5,76.5,PATIALA,PUNJAB,D536,PATIALA,2
05-08-2025,30.5,76.5,PATIALA,PUNJAB,D536,PATIALA,1.57
06-08-2025,30.5,76.5,PATIALA,PUNJAB,D536,PATIALA,1.71
07-08-2025,30.5,76.5,PATIALA,PUNJAB,D536,PATIALA,1.5
08-08-2025,30.5,76.5,PATIALA,PUNJAB,D536,PATIALA,1.71
09-08-2025,30.5,76.5,PATIALA,PUNJAB,D536,PATIALA,1.69
10-08-2025,30.5,76.5,PATIALA,PUNJAB,D536,PATIALA,1.73
11-08-2025,30.5,76.5,PATIALA,PUNJAB,D536,PATIALA,1.65
12-08-2025,30.5,76.5,PATIALA,PUNJAB,D536,PATIALA,1.51
13-08-2025,30.5,76.5,PATIALA,PUNJAB,D536,PATIALA,1.69
14-08-2025,30.5,76.5,PATIALA,PUNJAB,D536,PATIALA,1.9
15-08-2025,30.5,76.5,PATIALA,PUNJAB,D536,PATIALA,1.94
16-08-2025,30.5,76.5,PATIALA,PUNJAB,D536,PATIALA,1.64
17-08-2025,30.5,76.5,PATIALA,PUNJAB,D536,PATIALA,1.86
18-08-2025,30.5,76.5,PATIALA,PUNJAB,D536,PATIALA,1.47
19-08-2025,30.5,76.5,PATIALA,PUNJAB,D536,PATIALA,1.33
20-08-2025,30.5,76.5,PATIALA,PUNJAB,D536,PATIALA,1.39
21-08-2025,30.5,76.5,PATIALA,PUNJAB,D536,PATIALA,1.83
22-08-2025,30.5,76.5,PATIALA,PUNJAB,D536,PATIALA,1.64
23-08-2025,30.5,76.5,PATIALA,PUNJAB,D536,PATIALA,1.73
24-08-2025,30.5,76.5,PATIALA,PUNJAB,D536,PATIALA,2.07
25-08-2025,30.5,76.5,PATIALA,PUNJAB,D536,PATIALA,1.91
26-08-2025,30.5,76.5,PATIALA,PUNJAB,D536,PATIALA,1.7
27-08-2025,30.5,76.5,PATIALA,PUNJAB,D536,PATIALA,1.71
28-08-2025,30.5,76.5,PATIALA,PUNJAB,D536,PATIALA,1.47
29-08-2025,30.5,76.5,PATIALA,PUNJAB,D536,PATIALA,1.78
30-08-2025,30.5,76.5,PATIALA,PUNJAB,D536,PATIALA,1.56
31-08-2025,30.5,76.5,PATIALA,PUNJAB,D536,PATIALA,1.86
01-09-2025,30.5,76.5,PATIALA,PUNJAB,D536,PATIALA,2.08
02-09-2025,30.5,76.5,PATIALA,PUNJAB,D536,PATIALA,2.07
03-09-2025,30.5,76.5,PATIALA,PUNJAB,D536,PATIALA,1.92
04-09-2025,30.5,76.5,PATIALA,PUNJAB,D536,PATIALA,2.04
05-09-2025,30.5,76.5,PATIALA,PUNJAB,D536,PATIALA,2.07
06-09-2025,30.5,76.5,PATIALA,PUNJAB,D536,PATIALA,1.64
07-09-2025,30.5,76.5,PATIALA,PUNJAB,D536,PATIALA,1.8
08-09-2025,30.5,76.5,PATIALA,PUNJAB,D536,PATIALA,2.13
09-09-2025,30.5,76.5,PATIALA,PUNJAB,D536,PATIALA,1.96
10-09-2025,30.5,76.5,PATIALA,PUNJAB,D536,PATIALA,2.11
11-09-2025,30.5,76.5,PATIALA,PUNJAB,D536,PATIALA,2.21
12-09-2025,30.5,76.5,PATIALA,PUNJAB,D536,PATIALA,1.85
13-09-2025,30.5,76.5,PATIALA,PUNJAB,D536,PATIALA,2.24
14-09-2025,30.5,76.5,PATIALA,PUNJAB,D536,PATIALA,2.06
15-09-2025,30.5,76.5,PATIALA,PUNJAB,D536,PATIALA,1.74
16-09-2025,30.5,76.5,PATIALA,PUNJAB,D536,PATIALA,1.78
17-09-2025,30.5,76.5,PATIALA,PUNJAB,D536,PATIALA,1.42
18-09-2025,30.5,76.5,PATIALA,PUNJAB,D536,PATIALA,1.99
19-09-2025,30.5,76.5,PATIALA,PUNJAB,D536,PATIALA,2.32
20-09-2025,30.5,76.5,PATIALA,PUNJAB,D536,PATIALA,1.97
21-09-2025,30.5,76.5,PATIALA,PUNJAB,D536,PATIALA,1.65
22-09-2025,30.5,76.5,PATIALA,PUNJAB,D536,PATIALA,2.12
23-09-2025,30.5,76.5,PATIALA,PUNJAB,D536,PATIALA,2.34
24-09-2025,30.5,76.5,PATIALA,PUNJAB,D536,PATIALA,2.29
25-09-2025,30.5,76.5,PATIALA,PUNJAB,D536,PATIALA,1.95
26-09-2025,30.5,76.5,PATIALA,PUNJAB,D536,PATIALA,1.36
27-09-2025,30.5,76.5,PATIALA,PUNJAB,D536,PATIALA,1.32
28-09-2025,30.5,76.5,PATIALA,PUNJAB,D536,PATIALA,1.22
29-09-2025,30.5,76.5,PATIALA,PUNJAB,D536,PATIALA,1.45
30-09-2025,30.5,76.5,PATIALA,PUNJAB,D536,PATIALA,1.67
01-10-2025,30.5,76.5,PATIALA,PUNJAB,D536,PATIALA,1.63
02-10-2025,30.5,76.5,PATIALA,PUNJAB,D536,PATIALA,1.25
03-10-2025,30.5,76.5,PATIALA,PUNJAB,D536,PATIALA,1.57
04-10-2025,30.5,76.5,PATIALA,PUNJAB,D536,PATIALA,1.92
05-10-2025,30.5,76.5,PATIALA,PUNJAB,D536,PATIALA,2
06-10-2025,30.5,76.5,PATIALA,PUNJAB,D536,PATIALA,2.36
07-10-2025,30.5,76.5,PATIALA,PUNJAB,D536,PATIALA,2.2
08-10-2025,30.5,76.5,PATIALA,PUNJAB,D536,PATIALA,2.05
09-10-2025,30.5,76.5,PATIALA,PUNJAB,D536,PATIALA,1.7
10-10-2025,30.5,76.5,PATIALA,PUNJAB,D536,PATIALA,1.62
11-10-2025,30.5,76.5,PATIALA,PUNJAB,D536,PATIALA,2.2
12-10-2025,30.5,76.5,PATIALA,PUNJAB,D536,PATIALA,1.87
13-10-2025,30.5,76.5,PATIALA,PUNJAB,D536,PATIALA,1.62
14-10-2025,30.5,76.5,PATIALA,PUNJAB,D536,PATIALA,1.92
15-10-2025,30.5,76.5,PATIALA,PUNJAB,D536,PATIALA,1.59
16-10-2025,30.5,76.5,PATIALA,PUNJAB,D536,PATIALA,2.05
17-10-2025,30.5,76.5,PATIALA,PUNJAB,D536,PATIALA,2.34
18-10-2025,30.5,76.5,PATIALA,PUNJAB,D536,PATIALA,2.31
19-10-2025,30.5,76.5,PATIALA,PUNJAB,D536,PATIALA,1.72
20-10-2025,30.5,76.5,PATIALA,PUNJAB,D536,PATIALA,1.46
21-10-2025,30.5,76.5,PATIALA,PUNJAB,D536,PATIALA,1.57
22-10-2025,30.5,76.5,PATIALA,PUNJAB,D536,PATIALA,1.52
23-10-2025,30.5,76.5,PATIALA,PUNJAB,D536,PATIALA,1.5
24-10-2025,30.5,76.5,PATIALA,PUNJAB,D536,PATIALA,1.91
25-10-2025,30.5,76.5,PATIALA,PUNJAB,D536,PATIALA,1.23
26-10-2025,30.5,76.5,PATIALA,PUNJAB,D536,PATIALA,1.24
27-10-2025,30.5,76.5,PATIALA,PUNJAB,D536,PATIALA,1.42
28-10-2025,30.5,76.5,PATIALA,PUNJAB,D536,PATIALA,1.38
29-10-2025,30.5,76.5,PATIALA,PUNJAB,D536,PATIALA,1.42
30-10-2025,30.5,76.5,PATIALA,PUNJAB,D536,PATIALA,1.75
31-10-2025,30.5,76.5,PATIALA,PUNJAB,D536,PATIALA,1.24
01-11-2025,30.5,76.5,PATIALA,PUNJAB,D536,PATIALA,1.27
02-11-2025,30.5,76.5,PATIALA,PUNJAB,D536,PATIALA,1.38
03-11-2025,30.5,76.5,PATIALA,PUNJAB,D536,PATIALA,1.41
04-11-2025,30.5,76.5,PATIALA,PUNJAB,D536,PATIALA,1.08
05-11-2025,30.5,76.5,PATIALA,PUNJAB,D536,PATIALA,1.19
06-11-2025,30.5,76.5,PATIALA,PUNJAB,D536,PATIALA,1.06
07-11-2025,30.5,76.5,PATIALA,PUNJAB,D536,PATIALA,1.79
08-11-2025,30.5,76.5,PATIALA,PUNJAB,D536,PATIALA,1.29
09-11-2025,30.5,76.5,PATIALA,PUNJAB,D536,PATIALA,1.31
10-11-2025,30.5,76.5,PATIALA,PUNJAB,D536,PATIALA,1.63
11-11-2025,30.5,76.5,PATIALA,PUNJAB,D536,PATIALA,1.29
12-11-2025,30.5,76.5,PATIALA,PUNJAB,D536,PATIALA,1.08
13-11-2025,30.5,76.5,PATIALA,PUNJAB,D536,PATIALA,1.39
14-11-2025,30.5,76.5,PATIALA,PUNJAB,D536,PATIALA,1.21
15-11-2025,30.5,76.5,PATIALA,PUNJAB,D536,PATIALA,1.33
16-11-2025,30.5,76.5,PATIALA,PUNJAB,D536,PATIALA,1.66
17-11-2025,30.5,76.5,PATIALA,PUNJAB,D536,PATIALA,1.62
18-11-2025,30.5,76.5,PATIALA,PUNJAB,D536,PATIALA,1.39
19-11-2025,30.5,76.5,PATIALA,PUNJAB,D536,PATIALA,1.38
20-11-2025,30.5,76.5,PATIALA,PUNJAB,D536,PATIALA,1.34
21-11-2025,30.5,76.5,PATIALA,PUNJAB,D536,PATIALA,1.4
22-11-2025,30.5,76.5,PATIALA,PUNJAB,D536,PATIALA,1.55
23-11-2025,30.5,76.5,PATIALA,PUNJAB,D536,PATIALA,1.41
24-11-2025,30.5,76.5,PATIALA,PUNJAB,D536,PATIALA,1.4
25-11-2025,30.5,76.5,PATIALA,PUNJAB,D536,PATIALA,1.91
26-11-2025,30.5,76.5,PATIALA,PUNJAB,D536,PATIALA,1.92
27-11-2025,30.5,76.5,PATIALA,PUNJAB,D536,PATIALA,2.01
28-11-2025,30.5,76.5,PATIALA,PUNJAB,D536,PATIALA,1.84
29-11-2025,30.5,76.5,PATIALA,PUNJAB,D536,PATIALA,1.49
30-11-2025,30.5,76.5,PATIALA,PUNJAB,D536,PATIALA,1.59
01-12-2025,30.5,76.5,PATIALA,PUNJAB,D536,PATIALA,1.58
02-12-2025,30.5,76.5,PATIALA,PUNJAB,D536,PATIALA,1.89
03-12-2025,30.5,76.5,PATIALA,PUNJAB,D536,PATIALA,1.59
04-12-2025,30.5,76.5,PATIALA,PUNJAB,D536,PATIALA,1.72
05-12-2025,30.5,76.5,PATIALA,PUNJAB,D536,PATIALA,1.67
06-12-2025,30.5,76.5,PATIALA,PUNJAB,D536,PATIALA,1.28
07-12-2025,30.5,76.5,PATIALA,PUNJAB,D536,PATIALA,1.05
08-12-2025,30.5,76.5,PATIALA,PUNJAB,D536,PATIALA,1.68
09-12-2025,30.5,76.5,PATIALA,PUNJAB,D536,PATIALA,1.93
10-12-2025,30.5,76.5,PATIALA,PUNJAB,D536,PATIALA,2.04
11-12-2025,30.5,76.5,PATIALA,PUNJAB,D536,PATIALA,1.88
12-12-2025,30.5,76.5,PATIALA,PUNJAB,D536,PATIALA,2.33
13-12-2025,30.5,76.5,PATIALA,PUNJAB,D536,PATIALA,2.45
14-12-2025,30.5,76.5,PATIALA,PUNJAB,D536,PATIALA,2.47
15-12-2025,30.5,76.5,PATIALA,PUNJAB,D536,PATIALA,2.25
16-12-2025,30.5,76.5,PATIALA,PUNJAB,D536,PATIALA,2.79
17-12-2025,30.5,76.5,PATIALA,PUNJAB,D536,PATIALA,2.59
18-12-2025,30.5,76.5,PATIALA,PUNJAB,D536,PATIALA,2.88
19-12-2025,30.5,76.5,PATIALA,PUNJAB,D536,PATIALA,2.6
20-12-2025,30.5,76.5,PATIALA,PUNJAB,D536,PATIALA,2.32
21-12-2025,30.5,76.5,PATIALA,PUNJAB,D536,PATIALA,2.5
22-12-2025,30.5,76.5,PATIALA,PUNJAB,D536,PATIALA,2.5
23-12-2025,30.5,76.5,PATIALA,PUNJAB,D536,PATIALA,2.76
24-12-2025,30.5,76.5,PATIALA,PUNJAB,D536,PATIALA,2.44
25-12-2025,30.5,76.5,PATIALA,PUNJAB,D536,PATIALA,2.69
26-12-2025,30.5,76.5,PATIALA,PUNJAB,D536,PATIALA,2.39
27-12-2025,30.5,76.5,PATIALA,PUNJAB,D536,PATIALA,2.77
28-12-2025,30.5,76.5,PATIALA,PUNJAB,D536,PATIALA,2.95
29-12-2025,30.5,76.5,PATIALA,PUNJAB,D536,PATIALA,2.6
30-12-2025,30.5,76.5,PATIALA,PUNJAB,D536,PATIALA,2.79
31-12-2025,30.5,76.5,PATIALA,PUNJAB,D536,PATIALA,2.62
01-01-2025,30.5,75.5,BARNALA,PUNJAB,D520,BARNALA,2.7
02-01-2025,30.5,75.5,BARNALA,PUNJAB,D520,BARNALA,2.42
03-01-2025,30.5,75.5,BARNALA,PUNJAB,D520,BARNALA,2.56
04-01-2025,30.5,75.5,BARNALA,PUNJAB,D520,BARNALA,2.52
05-01-2025,30.5,75.5,BARNALA,PUNJAB,D520,BARNALA,2.63
06-01-2025,30.5,75.5,BARNALA,PUNJAB,D520,BARNALA,2.7
07-01-2025,30.5,75.5,BARNALA,PUNJAB,D520,BARNALA,2.79
08-01-2025,30.5,75.5,BARNALA,PUNJAB,D520,BARNALA,2.81
09-01-2025,30.5,75.5,BARNALA,PUNJAB,D520,BARNALA,2.63
10-01-2025,30.5,75.5,BARNALA,PUNJAB,D520,BARNALA,2.65
11-01-2025,30.5,75.5,BARNALA,PUNJAB,D520,BARNALA,2.63
12-01-2025,30.5,75.5,BARNALA,PUNJAB,D520,BARNALA,2.55
13-01-2025,30.5,75.5,BARNALA,PUNJAB,D520,BARNALA,2.37
14-01-2025,30.5,75.5,BARNALA,PUNJAB,D520,BARNALA,2.46
15-01-2025,30.5,75.5,BARNALA,PUNJAB,D520,BARNALA,2.38
16-01-2025,30.5,75.5,BARNALA,PUNJAB,D520,BARNALA,2.73
17-01-2025,30.5,75.5,BARNALA,PUNJAB,D520,BARNALA,2.11
18-01-2025,30.5,75.5,BARNALA,PUNJAB,D520,BARNALA,2.06
19-01-2025,30.5,75.5,BARNALA,PUNJAB,D520,BARNALA,2.15
20-01-2025,30.5,75.5,BARNALA,PUNJAB,D520,BARNALA,2.58
21-01-2025,30.5,75.5,BARNALA,PUNJAB,D520,BARNALA,2.55
22-01-2025,30.5,75.5,BARNALA,PUNJAB,D520,BARNALA,2.82
23-01-2025,30.5,75.5,BARNALA,PUNJAB,D520,BARNALA,2.59
24-01-2025,30.5,75.5,BARNALA,PUNJAB,D520,BARNALA,2.63
25-01-2025,30.5,75.5,BARNALA,PUNJAB,D520,BARNALA,2.64
26-01-2025,30.5,75.5,BARNALA,PUNJAB,D520,BARNALA,2.46
27-01-2025,30.5,75.5,BARNALA,PUNJAB,D520,BARNALA,2.42
28-01-2025,30.5,75.5,BARNALA,PUNJAB,D520,BARNALA,2.55
29-01-2025,30.5,75.5,BARNALA,PUNJAB,D520,BARNALA,2.45
30-01-2025,30.5,75.5,BARNALA,PUNJAB,D520,BARNALA,2.58
31-01-2025,30.5,75.5,BARNALA,PUNJAB,D520,BARNALA,2.8
01-02-2025,30.5,75.5,BARNALA,PUNJAB,D520,BARNALA,2.85
02-02-2025,30.5,75.5,BARNALA,PUNJAB,D520,BARNALA,2.36
03-02-2025,30.5,75.5,BARNALA,PUNJAB,D520,BARNALA,2.79
04-02-2025,30.5,75.5,BARNALA,PUNJAB,D520,BARNALA,2.95
05-02-2025,30.5,75.5,BARNALA,PUNJAB,D520,BARNALA,2.79
06-02-2025,30.5,75.5,BARNALA,PUNJAB,D520,BARNALA,2.78
07-02-2025,30.5,75.5,BARNALA,PUNJAB,D520,BARNALA,2.66
08-02-2025,30.5,75.5,BARNALA,PUNJAB,D520,BARNALA,2.58
09-02-2025,30.5,75.5,BARNALA,PUNJAB,D520,BARNALA,2.21
10-02-2025,30.5,75.5,BARNALA,PUNJAB,D520,BARNALA,2.44
11-02-2025,30.5,75.5,BARNALA,PUNJAB,D520,BARNALA,2.43
12-02-2025,30.5,75.5,BARNALA,PUNJAB,D520,BARNALA,2.64
13-02-2025,30.5,75.5,BARNALA,PUNJAB,D520,BARNALA,2.43
14-02-2025,30.5,75.5,BARNALA,PUNJAB,D520,BARNALA,2.64
15-02-2025,30.5,75.5,BARNALA,PUNJAB,D520,BARNALA,2.76
16-02-2025,30.5,75.5,BARNALA,PUNJAB,D520,BARNALA,2.73
17-02-2025,30.5,75.5,BARNALA,PUNJAB,D520,BARNALA,2.42
18-02-2025,30.5,75.5,BARNALA,PUNJAB,D520,BARNALA,2.28
19-02-2025,30.5,75.5,BARNALA,PUNJAB,D520,BARNALA,2.49
20-02-2025,30.5,75.5,BARNALA,PUNJAB,D520,BARNALA,2.82
21-02-2025,30.5,75.5,BARNALA,PUNJAB,D520,BARNALA,2.88
22-02-2025,30.5,75.5,BARNALA,PUNJAB,D520,BARNALA,2.54
23-02-2025,30.5,75.5,BARNALA,PUNJAB,D520,BARNALA,2.87
24-02-2025,30.5,75.5,BARNALA,PUNJAB,D520,BARNALA,2.86
25-02-2025,30.5,75.5,BARNALA,PUNJAB,D520,BARNALA,3.09
26-02-2025,30.5,75.5,BARNALA,PUNJAB,D520,BARNALA,3.22
27-02-2025,30.5,75.5,BARNALA,PUNJAB,D520,BARNALA,3.25
28-02-2025,30.5,75.5,BARNALA,PUNJAB,D520,BARNALA,2.75
29-02-2025,30.5,75.5,BARNALA,PUNJAB,D520,BARNALA,1.92
01-03-2025,30.5,75.5,BARNALA,PUNJAB,D520,BARNALA,3.32
02-03-2025,30.5,75.5,BARNALA,PUNJAB,D520,BARNALA,3.68
03-03-2025,30.5,75.5,BARNALA,PUNJAB,D520,BARNALA,3.11
04-03-2025,30.5,75.5,BARNALA,PUNJAB,D520,BARNALA,3.27
05-03-2025,30.5,75.5,BARNALA,PUNJAB,D520,BARNALA,3.21
06-03-2025,30.5,75.5,BARNALA,PUNJAB,D520,BARNALA,3.09
07-03-2025,30.5,75.5,BARNALA,PUNJAB,D520,BARNALA,2.85
08-03-2025,30.5,75.5,BARNALA,PUNJAB,D520,BARNALA,2.73
09-03-2025,30.5,75.5,BARNALA,PUNJAB,D520,BARNALA,2.3
10-03-2025,30.5,75.5,BARNALA,PUNJAB,D520,BARNALA,2.33
11-03-2025,30.5,75.5,BARNALA,PUNJAB,D520,BARNALA,3.03
12-03-2025,30.5,75.5,BARNALA,PUNJAB,D520,BARNALA,2.87
13-03-2025,30.5,75.5,BARNALA,PUNJAB,D520,BARNALA,3.38
14-03-2025,30.5,75.5,BARNALA,PUNJAB,D520,BARNALA,3.41
15-03-2025,30.5,75.5,BARNALA,PUNJAB,D520,BARNALA,3.27
16-03-2025,30.5,75.5,BARNALA,PUNJAB,D520,BARNALA,3.01
17-03-2025,30.5,75.5,BARNALA,PUNJAB,D520,BARNALA,2.96
18-03-2025,30.5,75.5,BARNALA,PUNJAB,D520,BARNALA,3.09
19-03-2025,30.5,75.5,BARNALA,PUNJAB,D520,BARNALA,2.83
20-03-2025,30.5,75.5,BARNALA,PUNJAB,D520,BARNALA,2.71
21-03-2025,30.5,75.5,BARNALA,PUNJAB,D520,BARNALA,2.73
22-03-2025,30.5,75.5,BARNALA,PUNJAB,D520,BARNALA,2.95
23-03-2025,30.5,75.5,BARNALA,PUNJAB,D520,BARNALA,2.97
24-03-2025,30.5,75.5,BARNALA,PUNJAB,D520,BARNALA,3.19
25-03-2025,30.5,75.5,BARNALA,PUNJAB,D520,BARNALA,2.89
26-03-2025,30.5,75.5,BARNALA,PUNJAB,D520,BARNALA,2.38
27-03-2025,30.5,75.5,BARNALA,PUNJAB,D520,BARNALA,3.33
28-03-2025,30.5,75.5,BARNALA,PUNJAB,D520,BARNALA,2.83
29-03-2025,30.5,75.5,BARNALA,PUNJAB,D520,BARNALA,3.01
30-03-2025,30.5,75.5,BARNALA,PUNJAB,D520,BARNALA,3.17
31-03-2025,30.5,75.5,BARNALA,PUNJAB,D520,BARNALA,3.69
01-04-2025,30.5,75.5,BARNALA,PUNJAB,D520,BARNALA,3.13
02-04-2025,30.5,75.5,BARNALA,PUNJAB,D520,BARNALA,2.86
03-04-2025,30.5,75.5,BARNALA,PUNJAB,D520,BARNALA,3.46
04-04-2025,30.5,75.5,BARNALA,PUNJAB,D520,BARNALA,3.31
05-04-2025,30.5,75.5,BARNALA,PUNJAB,D520,BARNALA,3.31
06-04-2025,30.5,75.5,BARNALA,PUNJAB,D520,BARNALA,2.93
07-04-2025,30.5,75.5,BARNALA,PUNJAB,D520,BARNALA,3.12
08-04-2025,30.5,75.5,BARNALA,PUNJAB,D520,BARNALA,2.77
09-04-2025,30.5,75.5,BARNALA,PUNJAB,D520,BARNALA,2.83
10-04-2025,30.5,75.5,BARNALA,PUNJAB,D520,BARNALA,2.68
11-04-2025,30.5,75.5,BARNALA,PUNJAB,D520,BARNALA,3.02
12-04-2025,30.5,75.5,BARNALA,PUNJAB,D520,BARNALA,2.54
13-04-2025,30.5,75.5,BARNALA,PUNJAB,D520,BARNALA,2.76
14-04-2025,30.5,75.5,BARNALA,PUNJAB,D520,BARNALA,2.87
15-04-2025,30.5,75.5,BARNALA,PUNJAB,D520,BARNALA,2.47
16-04-2025,30.5,75.5,BARNALA,PUNJAB,D520,BARNALA,3.14
17-04-2025,30.5,75.5,BARNALA,PUNJAB,D520,BARNALA,3.86
18-04-2025,30.5,75.5,BARNALA,PUNJAB,D520,BARNALA,3.66
19-04-2025,30.5,75.5,BARNALA,PUNJAB,D520,BARNALA,3.31
20-04-2025,30.5,75.5,BARNALA,PUNJAB,D520,BARNALA,3.38
21-04-2025,30.5,75.5,BARNALA,PUNJAB,D520,BARNALA,3.25
22-04-2025,30.5,75.5,BARNALA,PUNJAB,D520,BARNALA,2.54
23-04-2025,30.5,75.5,BARNALA,PUNJAB,D520,BARNALA,2.85
24-04-2025,30.5,75.5,BARNALA,PUNJAB,D520,BARNALA,2.13
25-04-2025,30.5,75.5,BARNALA,PUNJAB,D520,BARNALA,2.15
26-04-2025,30.5,75.5,BARNALA,PUNJAB,D520,BARNALA,2.64
27-04-2025,30.5,75.5,BARNALA,PUNJAB,D520,BARNALA,3
28-04-2025,30.5,75.5,BARNALA,PUNJAB,D520,BARNALA,2.69
29-04-2025,30.5,75.5,BARNALA,PUNJAB,D520,BARNALA,3.17
30-04-2025,30.5,75.5,BARNALA,PUNJAB,D520,BARNALA,3.41
01-05-2025,30.5,75.5,BARNALA,PUNJAB,D520,BARNALA,3.96
02-05-2025,30.5,75.5,BARNALA,PUNJAB,D520,BARNALA,4.01
03-05-2025,30.5,75.5,BARNALA,PUNJAB,D520,BARNALA,3.21
04-05-2025,30.5,75.5,BARNALA,PUNJAB,D520,BARNALA,3.03
05-05-2025,30.5,75.5,BARNALA,PUNJAB,D520,BARNALA,2.93
06-05-2025,30.5,75.5,BARNALA,PUNJAB,D520,BARNALA,2.67
07-05-2025,30.5,75.5,BARNALA,PUNJAB,D520,BARNALA,2.96
08-05-2025,30.5,75.5,BARNALA,PUNJAB,D520,BARNALA,2.74
09-05-2025,30.5,75.5,BARNALA,PUNJAB,D520,BARNALA,2.47
10-05-2025,30.5,75.5,BARNALA,PUNJAB,D520,BARNALA,2.64
11-05-2025,30.5,75.5,BARNALA,PUNJAB,D520,BARNALA,2.46
12-05-2025,30.5,75.5,BARNALA,PUNJAB,D520,BARNALA,2.94
13-05-2025,30.5,75.5,BARNALA,PUNJAB,D520,BARNALA,3.07
14-05-2025,30.5,75.5,BARNALA,PUNJAB,D520,BARNALA,2.8
15-05-2025,30.5,75.5,BARNALA,PUNJAB,D520,BARNALA,2.7
16-05-2025,30.5,75.5,BARNALA,PUNJAB,D520,BARNALA,2.33
17-05-2025,30.5,75.5,BARNALA,PUNJAB,D520,BARNALA,2.75
18-05-2025,30.5,75.5,BARNALA,PUNJAB,D520,BARNALA,2.91
19-05-2025,30.5,75.5,BARNALA,PUNJAB,D520,BARNALA,3.33
20-05-2025,30.5,75.5,BARNALA,PUNJAB,D520,BARNALA,2.81
21-05-2025,30.5,75.5,BARNALA,PUNJAB,D520,BARNALA,3.12
22-05-2025,30.5,75.5,BARNALA,PUNJAB,D520,BARNALA,3.31
23-05-2025,30.5,75.5,BARNALA,PUNJAB,D520,BARNALA,3.23
24-05-2025,30.5,75.5,BARNALA,PUNJAB,D520,BARNALA,3.58
25-05-2025,30.5,75.5,BARNALA,PUNJAB,D520,BARNALA,3.63
26-05-2025,30.5,75.5,BARNALA,PUNJAB,D520,BARNALA,2.91
27-05-2025,30.5,75.5,BARNALA,PUNJAB,D520,BARNALA,2.77
28-05-2025,30.5,75.5,BARNALA,PUNJAB,D520,BARNALA,2.6
29-05-2025,30.5,75.5,BARNALA,PUNJAB,D520,BARNALA,2.99
30-05-2025,30.5,75.5,BARNALA,PUNJAB,D520,BARNALA,3.38
31-05-2025,30.5,75.5,BARNALA,PUNJAB,D520,BARNALA,3.55
01-06-2025,30.5,75.5,BARNALA,PUNJAB,D520,BARNALA,3.91
02-06-2025,30.5,75.5,BARNALA,PUNJAB,D520,BARNALA,3.45
03-06-2025,30.5,75.5,BARNALA,PUNJAB,D520,BARNALA,3.44
04-06-2025,30.5,75.5,BARNALA,PUNJAB,D520,BARNALA,3.54
05-06-2025,30.5,75.5,BARNALA,PUNJAB,D520,BARNALA,3.7
06-06-2025,30.5,75.5,BARNALA,PUNJAB,D520,BARNALA,3.06
07-06-2025,30.5,75.5,BARNALA,PUNJAB,D520,BARNALA,2.97
08-06-2025,30.5,75.5,BARNALA,PUNJAB,D520,BARNALA,3.7
09-06-2025,30.5,75.5,BARNALA,PUNJAB,D520,BARNALA,3.2
10-06-2025,30.5,75.5,BARNALA,PUNJAB,D520,BARNALA,3.07
11-06-2025,30.5,75.5,BARNALA,PUNJAB,D520,BARNALA,2.89
12-06-2025,30.5,75.5,BARNALA,PUNJAB,D520,BARNALA,2.39
13-06-2025,30.5,75.5,BARNALA,PUNJAB,D520,BARNALA,2.82
14-06-2025,30.5,75.5,BARNALA,PUNJAB,D520,BARNALA,2.55
15-06-2025,30.5,75.5,BARNALA,PUNJAB,D520,BARNALA,3.34
16-06-2025,30.5,75.5,BARNALA,PUNJAB,D520,BARNALA,3.63
17-06-2025,30.5,75.5,BARNALA,PUNJAB,D520,BARNALA,3.73
18-06-2025,30.5,75.5,BARNALA,PUNJAB,D520,BARNALA,3.48
19-06-2025,30.5,75.5,BARNALA,PUNJAB,D520,BARNALA,2.94
20-06-2025,30.5,75.5,BARNALA,PUNJAB,D520,BARNALA,3.09
21-06-2025,30.5,75.5,BARNALA,PUNJAB,D520,BARNALA,3.4
22-06-2025,30.5,75.5,BARNALA,PUNJAB,D520,BARNALA,3.08
23-06-2025,30.5,75.5,BARNALA,PUNJAB,D520,BARNALA,2.8
24-06-2025,30.5,75.5,BARNALA,PUNJAB,D520,BARNALA,2.64
25-06-2025,30.5,75.5,BARNALA,PUNJAB,D520,BARNALA,2.9
26-06-2025,30.5,75.5,BARNALA,PUNJAB,D520,BARNALA,2.85
27-06-2025,30.5,75.5,BARNALA,PUNJAB,D520,BARNALA,2.87
28-06-2025,30.5,75.5,BARNALA,PUNJAB,D520,BARNALA,3.04
29-06-2025,30.5,75.5,BARNALA,PUNJAB,D520,BARNALA,2.95
30-06-2025,30.5,75.5,BARNALA,PUNJAB,D520,BARNALA,2.73
01-07-2025,30.5,75.5,BARNALA,PUNJAB,D520,BARNALA,2.78
02-07-2025,30.5,75.5,BARNALA,PUNJAB,D520,BARNALA,2.45
03-07-2025,30.5,75.5,BARNALA,PUNJAB,D520,BARNALA,2.22
04-07-2025,30.5,75.5,BARNALA,PUNJAB,D520,BARNALA,2.25
05-07-2025,30.5,75.5,BARNALA,PUNJAB,D520,BARNALA,2.14
06-07-2025,30.5,75.5,BARNALA,PUNJAB,D520,BARNALA,2.59
07-07-2025,30.5,75.5,BARNALA,PUNJAB,D520,BARNALA,2.42
08-07-2025,30.5,75.5,BARNALA,PUNJAB,D520,BARNALA,2.64
09-07-2025,30.5,75.5,BARNALA,PUNJAB,D520,BARNALA,2.07
10-07-2025,30.5,75.5,BARNALA,PUNJAB,D520,BARNALA,2.3
11-07-2025,30.5,75.5,BARNALA,PUNJAB,D520,BARNALA,2.28
12-07-2025,30.5,75.5,BARNALA,PUNJAB,D520,BARNALA,2.24
13-07-2025,30.5,75.5,BARNALA,PUNJAB,D520,BARNALA,1.77
14-07-2025,30.5,75.5,BARNALA,PUNJAB,D520,BARNALA,1.62
15-07-2025,30.5,75.5,BARNALA,PUNJAB,D520,BARNALA,1.67
16-07-2025,30.5,75.5,BARNALA,PUNJAB,D520,BARNALA,2.11
17-07-2025,30.5,75.5,BARNALA,PUNJAB,D520,BARNALA,1.91
18-07-2025,30.5,75.5,BARNALA,PUNJAB,D520,BARNALA,1.85
19-07-2025,30.5,75.5,BARNALA,PUNJAB,D520,BARNALA,2.12
20-07-2025,30.5,75.5,BARNALA,PUNJAB,D520,BARNALA,1.92
21-07-2025,30.5,75.5,BARNALA,PUNJAB,D520,BARNALA,2.34
22-07-2025,30.5,75.5,BARNALA,PUNJAB,D520,BARNALA,2.18
23-07-2025,30.5,75.5,BARNALA,PUNJAB,D520,BARNALA,1.85
24-07-2025,30.5,75.5,BARNALA,PUNJAB,D520,BARNALA,1.46
25-07-2025,30.5,75.5,BARNALA,PUNJAB,D520,BARNALA,1.69
26-07-2025,30.5,75.5,BARNALA,PUNJAB,D520,BARNALA,1.55
27-07-2025,30.5,75.5,BARNALA,PUNJAB,D520,BARNALA,1.7
28-07-2025,30.5,75.5,BARNALA,PUNJAB,D520,BARNALA,2.1
29-07-2025,30.5,75.5,BARNALA,PUNJAB,D520,BARNALA,1.89
30-07-2025,30.5,75.5,BARNALA,PUNJAB,D520,BARNALA,1.6
31-07-2025,30.5,75.5,BARNALA,PUNJAB,D520,BARNALA,1.92
01-08-2025,30.5,75.5,BARNALA,PUNJAB,D520,BARNALA,1.97
02-08-2025,30.5,75.5,BARNALA,PUNJAB,D520,BARNALA,1.83
03-08-2025,30.5,75.5,BARNALA,PUNJAB,D520,BARNALA,2.1
04-08-2025,30.5,75.5,BARNALA,PUNJAB,D520,BARNALA,2.04
05-08-2025,30.5,75.5,BARNALA,PUNJAB,D520,BARNALA,1.54
06-08-2025,30.5,75.5,BARNALA,PUNJAB,D520,BARNALA,1.65
07-08-2025,30.5,75.5,BARNALA,PUNJAB,D520,BARNALA,1.52
08-08-2025,30.5,75.5,BARNALA,PUNJAB,D520,BARNALA,1.67
09-08-2025,30.5,75.5,BARNALA,PUNJAB,D520,BARNALA,1.61
10-08-2025,30.5,75.5,BARNALA,PUNJAB,D520,BARNALA,1.7
11-08-2025,30.5,75.5,BARNALA,PUNJAB,D520,BARNALA,1.83
12-08-2025,30.5,75.5,BARNALA,PUNJAB,D520,BARNALA,1.55
13-08-2025,30.5,75.5,BARNALA,PUNJAB,D520,BARNALA,1.71
14-08-2025,30.5,75.5,BARNALA,PUNJAB,D520,BARNALA,1.95
15-08-2025,30.5,75.5,BARNALA,PUNJAB,D520,BARNALA,2.01
16-08-2025,30.5,75.5,BARNALA,PUNJAB,D520,BARNALA,1.61
17-08-2025,30.5,75.5,BARNALA,PUNJAB,D520,BARNALA,1.7
18-08-2025,30.5,75.5,BARNALA,PUNJAB,D520,BARNALA,1.39
19-08-2025,30.5,75.5,BARNALA,PUNJAB,D520,BARNALA,1.34
20-08-2025,30.5,75.5,BARNALA,PUNJAB,D520,BARNALA,1.51
21-08-2025,30.5,75.5,BARNALA,PUNJAB,D520,BARNALA,1.71
22-08-2025,30.5,75.5,BARNALA,PUNJAB,D520,BARNALA,1.65
23-08-2025,30.5,75.5,BARNALA,PUNJAB,D520,BARNALA,1.71
24-08-2025,30.5,75.5,BARNALA,PUNJAB,D520,BARNALA,2.06
25-08-2025,30.5,75.5,BARNALA,PUNJAB,D520,BARNALA,1.97
26-08-2025,30.5,75.5,BARNALA,PUNJAB,D520,BARNALA,1.77
27-08-2025,30.5,75.5,BARNALA,PUNJAB,D520,BARNALA,1.73
28-08-2025,30.5,75.5,BARNALA,PUNJAB,D520,BARNALA,1.56
29-08-2025,30.5,75.5,BARNALA,PUNJAB,D520,BARNALA,1.75
30-08-2025,30.5,75.5,BARNALA,PUNJAB,D520,BARNALA,1.47
31-08-2025,30.5,75.5,BARNALA,PUNJAB,D520,BARNALA,1.88
01-09-2025,30.5,75.5,BARNALA,PUNJAB,D520,BARNALA,2.18
02-09-2025,30.5,75.5,BARNALA,PUNJAB,D520,BARNALA,2.2
03-09-2025,30.5,75.5,BARNALA,PUNJAB,D520,BARNALA,2.07
04-09-2025,30.5,75.5,BARNALA,PUNJAB,D520,BARNALA,2.31
05-09-2025,30.5,75.5,BARNALA,PUNJAB,D520,BARNALA,2.19
06-09-2025,30.5,75.5,BARNALA,PUNJAB,D520,BARNALA,1.82
07-09-2025,30.5,75.5,BARNALA,PUNJAB,D520,BARNALA,1.91
08-09-2025,30.5,75.5,BARNALA,PUNJAB,D520,BARNALA,2.16
09-09-2025,30.5,75.5,BARNALA,PUNJAB,D520,BARNALA,1.91
10-09-2025,30.5,75.5,BARNALA,PUNJAB,D520,BARNALA,2.04
11-09-2025,30.5,75.5,BARNALA,PUNJAB,D520,BARNALA,2.24
12-09-2025,30.5,75.5,BARNALA,PUNJAB,D520,BARNALA,1.83
13-09-2025,30.5,75.5,BARNALA,PUNJAB,D520,BARNALA,2.09
14-09-2025,30.5,75.5,BARNALA,PUNJAB,D520,BARNALA,2.07
15-09-2025,30.5,75.5,BARNALA,PUNJAB,D520,BARNALA,1.8
16-09-2025,30.5,75.5,BARNALA,PUNJAB,D520,BARNALA,1.75
17-09-2025,30.5,75.5,BARNALA,PUNJAB,D520,BARNALA,1.43
18-09-2025,30.5,75.5,BARNALA,PUNJAB,D520,BARNALA,1.89
19-09-2025,30.5,75.5,BARNALA,PUNJAB,D520,BARNALA,2.32
20-09-2025,30.5,75.5,BARNALA,PUNJAB,D520,BARNALA,1.88
21-09-2025,30.5,75.5,BARNALA,PUNJAB,D520,BARNALA,1.53
22-09-2025,30.5,75.5,BARNALA,PUNJAB,D520,BARNALA,2.23
23-09-2025,30.5,75.5,BARNALA,PUNJAB,D520,BARNALA,2.38
24-09-2025,30.5,75.5,BARNALA,PUNJAB,D520,BARNALA,2.25
25-09-2025,30.5,75.5,BARNALA,PUNJAB,D520,BARNALA,1.77
26-09-2025,30.5,75.5,BARNALA,PUNJAB,D520,BARNALA,1.4
27-09-2025,30.5,75.5,BARNALA,PUNJAB,D520,BARNALA,1.35
28-09-2025,30.5,75.5,BARNALA,PUNJAB,D520,BARNALA,1.27
29-09-2025,30.5,75.5,BARNALA,PUNJAB,D520,BARNALA,1.5
30-09-2025,30.5,75.5,BARNALA,PUNJAB,D520,BARNALA,1.74
01-10-2025,30.5,75.5,BARNALA,PUNJAB,D520,BARNALA,1.64
02-10-2025,30.5,75.5,BARNALA,PUNJAB,D520,BARNALA,1.26
03-10-2025,30.5,75.5,BARNALA,PUNJAB,D520,BARNALA,1.61
04-10-2025,30.5,75.5,BARNALA,PUNJAB,D520,BARNALA,1.91
05-10-2025,30.5,75.5,BARNALA,PUNJAB,D520,BARNALA,2.09
06-10-2025,30.5,75.5,BARNALA,PUNJAB,D520,BARNALA,2.42
07-10-2025,30.5,75.5,BARNALA,PUNJAB,D520,BARNALA,2.28
08-10-2025,30.5,75.5,BARNALA,PUNJAB,D520,BARNALA,2
09-10-2025,30.5,75.5,BARNALA,PUNJAB,D520,BARNALA,1.7
10-10-2025,30.5,75.5,BARNALA,PUNJAB,D520,BARNALA,1.57
11-10-2025,30.5,75.5,BARNALA,PUNJAB,D520,BARNALA,2.2
12-10-2025,30.5,75.5,BARNALA,PUNJAB,D520,BARNALA,1.85
13-10-2025,30.5,75.5,BARNALA,PUNJAB,D520,BARNALA,1.68
14-10-2025,30.5,75.5,BARNALA,PUNJAB,D520,BARNALA,1.98
15-10-2025,30.5,75.5,BARNALA,PUNJAB,D520,BARNALA,1.58
16-10-2025,30.5,75.5,BARNALA,PUNJAB,D520,BARNALA,2.1
17-10-2025,30.5,75.5,BARNALA,PUNJAB,D520,BARNALA,2.46
18-10-2025,30.5,75.5,BARNALA,PUNJAB,D520,BARNALA,2.45
19-10-2025,30.5,75.5,BARNALA,PUNJAB,D520,BARNALA,1.67
20-10-2025,30.5,75.5,BARNALA,PUNJAB,D520,BARNALA,1.59
21-10-2025,30.5,75.5,BARNALA,PUNJAB,D520,BARNALA,1.73
22-10-2025,30.5,75.5,BARNALA,PUNJAB,D520,BARNALA,1.66
23-10-2025,30.5,75.5,BARNALA,PUNJAB,D520,BARNALA,1.7
24-10-2025,30.5,75.5,BARNALA,PUNJAB,D520,BARNALA,2.02
25-10-2025,30.5,75.5,BARNALA,PUNJAB,D520,BARNALA,1.44
26-10-2025,30.5,75.5,BARNALA,PUNJAB,D520,BARNALA,1.34
27-10-2025,30.5,75.5,BARNALA,PUNJAB,D520,BARNALA,1.59
28-10-2025,30.5,75.5,BARNALA,PUNJAB,D520,BARNALA,1.53
29-10-2025,30.5,75.5,BARNALA,PUNJAB,D520,BARNALA,1.64
30-10-2025,30.5,75.5,BARNALA,PUNJAB,D520,BARNALA,1.82
31-10-2025,30.5,75.5,BARNALA,PUNJAB,D520,BARNALA,1.31
01-11-2025,30.5,75.5,BARNALA,PUNJAB,D520,BARNALA,1.3
02-11-2025,30.5,75.5,BARNALA,PUNJAB,D520,BARNALA,1.45
03-11-2025,30.5,75.5,BARNALA,PUNJAB,D520,BARNALA,1.57
04-11-2025,30.5,75.5,BARNALA,PUNJAB,D520,BARNALA,1.09
05-11-2025,30.5,75.5,BARNALA,PUNJAB,D520,BARNALA,1.17
06-11-2025,30.5,75.5,BARNALA,PUNJAB,D520,BARNALA,1.13
07-11-2025,30.5,75.5,BARNALA,PUNJAB,D520,BARNALA,1.75
08-11-2025,30.5,75.5,BARNALA,PUNJAB,D520,BARNALA,1.32
09-11-2025,30.5,75.5,BARNALA,PUNJAB,D520,BARNALA,1.31
10-11-2025,30.5,75.5,BARNALA,PUNJAB,D520,BARNALA,1.66
11-11-2025,30.5,75.5,BARNALA,PUNJAB,D520,BARNALA,1.37
12-11-2025,30.5,75.5,BARNALA,PUNJAB,D520,BARNALA,1.13
13-11-2025,30.5,75.5,BARNALA,PUNJAB,D520,BARNALA,1.48
14-11-2025,30.5,75.5,BARNALA,PUNJAB,D520,BARNALA,1.47
15-11-2025,30.5,75.5,BARNALA,PUNJAB,D520,BARNALA,1.48
16-11-2025,30.5,75.5,BARNALA,PUNJAB,D520,BARNALA,1.83
17-11-2025,30.5,75.5,BARNALA,PUNJAB,D520,BARNALA,1.7
18-11-2025,30.5,75.5,BARNALA,PUNJAB,D520,BARNALA,1.5
19-11-2025,30.5,75.5,BARNALA,PUNJAB,D520,BARNALA,1.43
20-11-2025,30.5,75.5,BARNALA,PUNJAB,D520,BARNALA,1.41
21-11-2025,30.5,75.5,BARNALA,PUNJAB,D520,BARNALA,1.57
22-11-2025,30.5,75.5,BARNALA,PUNJAB,D520,BARNALA,1.64
23-11-2025,30.5,75.5,BARNALA,PUNJAB,D520,BARNALA,1.51
24-11-2025,30.5,75.5,BARNALA,PUNJAB,D520,BARNALA,1.5
25-11-2025,30.5,75.5,BARNALA,PUNJAB,D520,BARNALA,2.01
26-11-2025,30.5,75.5,BARNALA,PUNJAB,D520,BARNALA,1.99
27-11-2025,30.5,75.5,BARNALA,PUNJAB,D520,BARNALA,2.04
28-11-2025,30.5,75.5,BARNALA,PUNJAB,D520,BARNALA,1.85
29-11-2025,30.5,75.5,BARNALA,PUNJAB,D520,BARNALA,1.65
30-11-2025,30.5,75.5,BARNALA,PUNJAB,D520,BARNALA,1.66
01-12-2025,30.5,75.5,BARNALA,PUNJAB,D520,BARNALA,1.59
02-12-2025,30.5,75.5,BARNALA,PUNJAB,D520,BARNALA,1.89
03-12-2025,30.5,75.5,BARNALA,PUNJAB,D520,BARNALA,1.52
04-12-2025,30.5,75.5,BARNALA,PUNJAB,D520,BARNALA,1.69
05-12-2025,30.5,75.5,BARNALA,PUNJAB,D520,BARNALA,1.73
06-12-2025,30.5,75.5,BARNALA,PUNJAB,D520,BARNALA,1.35
07-12-2025,30.5,75.5,BARNALA,PUNJAB,D520,BARNALA,1.14
08-12-2025,30.5,75.5,BARNALA,PUNJAB,D520,BARNALA,1.74
09-12-2025,30.5,75.5,BARNALA,PUNJAB,D520,BARNALA,2.07
10-12-2025,30.5,75.5,BARNALA,PUNJAB,D520,BARNALA,2.05
11-12-2025,30.5,75.5,BARNALA,PUNJAB,D520,BARNALA,1.89
12-12-2025,30.5,75.5,BARNALA,PUNJAB,D520,BARNALA,2.41
13-12-2025,30.5,75.5,BARNALA,PUNJAB,D520,BARNALA,2.62
14-12-2025,30.5,75.5,BARNALA,PUNJAB,D520,BARNALA,2.6
15-12-2025,30.5,75.5,BARNALA,PUNJAB,D520,BARNALA,2.5
16-12-2025,30.5,75.5,BARNALA,PUNJAB,D520,BARNALA,2.9
17-12-2025,30.5,75.5,BARNALA,PUNJAB,D520,BARNALA,2.75
18-12-2025,30.5,75.5,BARNALA,PUNJAB,D520,BARNALA,2.99
19-12-2025,30.5,75.5,BARNALA,PUNJAB,D520,BARNALA,2.71
20-12-2025,30.5,75.5,BARNALA,PUNJAB,D520,BARNALA,2.46
21-12-2025,30.5,75.5,BARNALA,PUNJAB,D520,BARNALA,2.74
22-12-2025,30.5,75.5,BARNALA,PUNJAB,D520,BARNALA,2.61
23-12-2025,30.5,75.5,BARNALA,PUNJAB,D520,BARNALA,2.81
24-12-2025,30.5,75.5,BARNALA,PUNJAB,D520,BARNALA,2.49
25-12-2025,30.5,75.5,BARNALA,PUNJAB,D520,BARNALA,2.74
26-12-2025,30.5,75.5,BARNALA,PUNJAB,D520,BARNALA,2.47
27-12-2025,30.5,75.5,BARNALA,PUNJAB,D520,BARNALA,2.86
28-12-2025,30.5,75.5,BARNALA,PUNJAB,D520,BARNALA,2.99
29-12-2025,30.5,75.5,BARNALA,PUNJAB,D520,BARNALA,2.74
30-12-2025,30.5,75.5,BARNALA,PUNJAB,D520,BARNALA,2.92
31-12-2025,30.5,75.5,BARNALA,PUNJAB,D520,BARNALA,2.69
01-01-2025,29.5,75.5,FATEHABAD,HARYANA,D214,FATEHABAD,3.01
02-01-2025,29.5,75.5,FATEHABAD,HARYANA,D214,FATEHABAD,2.73
03-01-2025,29.5,75.5,FATEHABAD,HARYANA,D214,FATEHABAD,2.86
04-01-2025,29.5,75.5,FATEHABAD,HARYANA,D214,FATEHABAD,3.13
05-01-2025,29.5,75.5,FATEHABAD,HARYANA,D214,FATEHABAD,3.38
06-01-2025,29.5,75.5,FATEHABAD,HARYANA,D214,FATEHABAD,2.8
07-01-2025,29.5,75.5,FATEHABAD,HARYANA,D214,FATEHABAD,2.83
08-01-2025,29.5,75.5,FATEHABAD,HARYANA,D214,FATEHABAD,2.96
09-01-2025,29.5,75.5,FATEHABAD,HARYANA,D214,FATEHABAD,2.98
10-01-2025,29.5,75.5,FATEHABAD,HARYANA,D214,FATEHABAD,3.01
11-01-2025,29.5,75.5,FATEHABAD,HARYANA,D214,FATEHABAD,2.89
12-01-2025,29.5,75.5,FATEHABAD,HARYANA,D214,FATEHABAD,2.86
13-01-2025,29.5,75.5,FATEHABAD,HARYANA,D214,FATEHABAD,2.57
14-01-2025,29.5,75.5,FATEHABAD,HARYANA,D214,FATEHABAD,2.68
15-01-2025,29.5,75.5,FATEHABAD,HARYANA,D214,FATEHABAD,2.38
16-01-2025,29.5,75.5,FATEHABAD,HARYANA,D214,FATEHABAD,2.89
17-01-2025,29.5,75.5,FATEHABAD,HARYANA,D214,FATEHABAD,2.53
18-01-2025,29.5,75.5,FATEHABAD,HARYANA,D214,FATEHABAD,2.36
19-01-2025,29.5,75.5,FATEHABAD,HARYANA,D214,FATEHABAD,2.35
20-01-2025,29.5,75.5,FATEHABAD,HARYANA,D214,FATEHABAD,2.59
21-01-2025,29.5,75.5,FATEHABAD,HARYANA,D214,FATEHABAD,2.59
22-01-2025,29.5,75.5,FATEHABAD,HARYANA,D214,FATEHABAD,2.72
23-01-2025,29.5,75.5,FATEHABAD,HARYANA,D214,FATEHABAD,2.51
24-01-2025,29.5,75.5,FATEHABAD,HARYANA,D214,FATEHABAD,2.73
25-01-2025,29.5,75.5,FATEHABAD,HARYANA,D214,FATEHABAD,2.77
26-01-2025,29.5,75.5,FATEHABAD,HARYANA,D214,FATEHABAD,2.58
27-01-2025,29.5,75.5,FATEHABAD,HARYANA,D214,FATEHABAD,2.51
28-01-2025,29.5,75.5,FATEHABAD,HARYANA,D214,FATEHABAD,2.44
29-01-2025,29.5,75.5,FATEHABAD,HARYANA,D214,FATEHABAD,2.49
30-01-2025,29.5,75.5,FATEHABAD,HARYANA,D214,FATEHABAD,2.54
31-01-2025,29.5,75.5,FATEHABAD,HARYANA,D214,FATEHABAD,2.66
01-02-2025,29.5,75.5,FATEHABAD,HARYANA,D214,FATEHABAD,2.81
02-02-2025,29.5,75.5,FATEHABAD,HARYANA,D214,FATEHABAD,2.49
03-02-2025,29.5,75.5,FATEHABAD,HARYANA,D214,FATEHABAD,2.79
04-02-2025,29.5,75.5,FATEHABAD,HARYANA,D214,FATEHABAD,2.72
05-02-2025,29.5,75.5,FATEHABAD,HARYANA,D214,FATEHABAD,2.86
06-02-2025,29.5,75.5,FATEHABAD,HARYANA,D214,FATEHABAD,2.76
07-02-2025,29.5,75.5,FATEHABAD,HARYANA,D214,FATEHABAD,2.56
08-02-2025,29.5,75.5,FATEHABAD,HARYANA,D214,FATEHABAD,2.63
09-02-2025,29.5,75.5,FATEHABAD,HARYANA,D214,FATEHABAD,2.53
10-02-2025,29.5,75.5,FATEHABAD,HARYANA,D214,FATEHABAD,2.54
11-02-2025,29.5,75.5,FATEHABAD,HARYANA,D214,FATEHABAD,2.35
12-02-2025,29.5,75.5,FATEHABAD,HARYANA,D214,FATEHABAD,2.72
13-02-2025,29.5,75.5,FATEHABAD,HARYANA,D214,FATEHABAD,2.49
14-02-2025,29.5,75.5,FATEHABAD,HARYANA,D214,FATEHABAD,2.67
15-02-2025,29.5,75.5,FATEHABAD,HARYANA,D214,FATEHABAD,2.81
16-02-2025,29.5,75.5,FATEHABAD,HARYANA,D214,FATEHABAD,2.79
17-02-2025,29.5,75.5,FATEHABAD,HARYANA,D214,FATEHABAD,2.56
18-02-2025,29.5,75.5,FATEHABAD,HARYANA,D214,FATEHABAD,2.4
19-02-2025,29.5,75.5,FATEHABAD,HARYANA,D214,FATEHABAD,2.52
20-02-2025,29.5,75.5,FATEHABAD,HARYANA,D214,FATEHABAD,2.97
21-02-2025,29.5,75.5,FATEHABAD,HARYANA,D214,FATEHABAD,2.98
22-02-2025,29.5,75.5,FATEHABAD,HARYANA,D214,FATEHABAD,2.89
23-02-2025,29.5,75.5,FATEHABAD,HARYANA,D214,FATEHABAD,2.99
24-02-2025,29.5,75.5,FATEHABAD,HARYANA,D214,FATEHABAD,2.94
25-02-2025,29.5,75.5,FATEHABAD,HARYANA,D214,FATEHABAD,3.11
26-02-2025,29.5,75.5,FATEHABAD,HARYANA,D214,FATEHABAD,3.27
27-02-2025,29.5,75.5,FATEHABAD,HARYANA,D214,FATEHABAD,3.23
28-02-2025,29.5,75.5,FATEHABAD,HARYANA,D214,FATEHABAD,2.86
29-02-2025,29.5,75.5,FATEHABAD,HARYANA,D214,FATEHABAD,2.21
01-03-2025,29.5,75.5,FATEHABAD,HARYANA,D214,FATEHABAD,3.48
02-03-2025,29.5,75.5,FATEHABAD,HARYANA,D214,FATEHABAD,3.55
03-03-2025,29.5,75.5,FATEHABAD,HARYANA,D214,FATEHABAD,3.07
04-03-2025,29.5,75.5,FATEHABAD,HARYANA,D214,FATEHABAD,3.39
05-03-2025,29.5,75.5,FATEHABAD,HARYANA,D214,FATEHABAD,3.23
06-03-2025,29.5,75.5,FATEHABAD,HARYANA,D214,FATEHABAD,3.34
07-03-2025,29.5,75.5,FATEHABAD,HARYANA,D214,FATEHABAD,2.88
08-03-2025,29.5,75.5,FATEHABAD,HARYANA,D214,FATEHABAD,2.72
09-03-2025,29.5,75.5,FATEHABAD,HARYANA,D214,FATEHABAD,2.58
10-03-2025,29.5,75.5,FATEHABAD,HARYANA,D214,FATEHABAD,2.57
11-03-2025,29.5,75.5,FATEHABAD,HARYANA,D214,FATEHABAD,3.19
12-03-2025,29.5,75.5,FATEHABAD,HARYANA,D214,FATEHABAD,3.03
13-03-2025,29.5,75.5,FATEHABAD,HARYANA,D214,FATEHABAD,3.46
14-03-2025,29.5,75.5,FATEHABAD,HARYANA,D214,FATEHABAD,3.6
15-03-2025,29.5,75.5,FATEHABAD,HARYANA,D214,FATEHABAD,3.45
16-03-2025,29.5,75.5,FATEHABAD,HARYANA,D214,FATEHABAD,3.02
17-03-2025,29.5,75.5,FATEHABAD,HARYANA,D214,FATEHABAD,3
18-03-2025,29.5,75.5,FATEHABAD,HARYANA,D214,FATEHABAD,3.09
19-03-2025,29.5,75.5,FATEHABAD,HARYANA,D214,FATEHABAD,2.69
20-03-2025,29.5,75.5,FATEHABAD,HARYANA,D214,FATEHABAD,2.6
21-03-2025,29.5,75.5,FATEHABAD,HARYANA,D214,FATEHABAD,2.68
22-03-2025,29.5,75.5,FATEHABAD,HARYANA,D214,FATEHABAD,2.94
23-03-2025,29.5,75.5,FATEHABAD,HARYANA,D214,FATEHABAD,3.01
24-03-2025,29.5,75.5,FATEHABAD,HARYANA,D214,FATEHABAD,3.08
25-03-2025,29.5,75.5,FATEHABAD,HARYANA,D214,FATEHABAD,2.93
26-03-2025,29.5,75.5,FATEHABAD,HARYANA,D214,FATEHABAD,2.7
27-03-2025,29.5,75.5,FATEHABAD,HARYANA,D214,FATEHABAD,3.28
28-03-2025,29.5,75.5,FATEHABAD,HARYANA,D214,FATEHABAD,2.87
29-03-2025,29.5,75.5,FATEHABAD,HARYANA,D214,FATEHABAD,2.99
30-03-2025,29.5,75.5,FATEHABAD,HARYANA,D214,FATEHABAD,3.15
31-03-2025,29.5,75.5,FATEHABAD,HARYANA,D214,FATEHABAD,3.57
01-04-2025,29.5,75.5,FATEHABAD,HARYANA,D214,FATEHABAD,3.06
02-04-2025,29.5,75.5,FATEHABAD,HARYANA,D214,FATEHABAD,2.9
03-04-2025,29.5,75.5,FATEHABAD,HARYANA,D214,FATEHABAD,3.55
04-04-2025,29.5,75.5,FATEHABAD,HARYANA,D214,FATEHABAD,3.3
05-04-2025,29.5,75.5,FATEHABAD,HARYANA,D214,FATEHABAD,3.06
06-04-2025,29.5,75.5,FATEHABAD,HARYANA,D214,FATEHABAD,2.89
07-04-2025,29.5,75.5,FATEHABAD,HARYANA,D214,FATEHABAD,3.23
08-04-2025,29.5,75.5,FATEHABAD,HARYANA,D214,FATEHABAD,2.88
09-04-2025,29.5,75.5,FATEHABAD,HARYANA,D214,FATEHABAD,2.83
10-04-2025,29.5,75.5,FATEHABAD,HARYANA,D214,FATEHABAD,2.87
11-04-2025,29.5,75.5,FATEHABAD,HARYANA,D214,FATEHABAD,2.96
12-04-2025,29.5,75.5,FATEHABAD,HARYANA,D214,FATEHABAD,2.6
13-04-2025,29.5,75.5,FATEHABAD,HARYANA,D214,FATEHABAD,2.75
14-04-2025,29.5,75.5,FATEHABAD,HARYANA,D214,FATEHABAD,2.79
15-04-2025,29.5,75.5,FATEHABAD,HARYANA,D214,FATEHABAD,2.42
16-04-2025,29.5,75.5,FATEHABAD,HARYANA,D214,FATEHABAD,2.95
17-04-2025,29.5,75.5,FATEHABAD,HARYANA,D214,FATEHABAD,3.59
18-04-2025,29.5,75.5,FATEHABAD,HARYANA,D214,FATEHABAD,3.59
19-04-2025,29.5,75.5,FATEHABAD,HARYANA,D214,FATEHABAD,3.3
20-04-2025,29.5,75.5,FATEHABAD,HARYANA,D214,FATEHABAD,3.35
21-04-2025,29.5,75.5,FATEHABAD,HARYANA,D214,FATEHABAD,3.23
22-04-2025,29.5,75.5,FATEHABAD,HARYANA,D214,FATEHABAD,2.4
23-04-2025,29.5,75.5,FATEHABAD,HARYANA,D214,FATEHABAD,2.59
24-04-2025,29.5,75.5,FATEHABAD,HARYANA,D214,FATEHABAD,2.13
25-04-2025,29.5,75.5,FATEHABAD,HARYANA,D214,FATEHABAD,2.11
26-04-2025,29.5,75.5,FATEHABAD,HARYANA,D214,FATEHABAD,2.47
27-04-2025,29.5,75.5,FATEHABAD,HARYANA,D214,FATEHABAD,2.75
28-04-2025,29.5,75.5,FATEHABAD,HARYANA,D214,FATEHABAD,2.45
29-04-2025,29.5,75.5,FATEHABAD,HARYANA,D214,FATEHABAD,2.89
30-04-2025,29.5,75.5,FATEHABAD,HARYANA,D214,FATEHABAD,3.3
01-05-2025,29.5,75.5,FATEHABAD,HARYANA,D214,FATEHABAD,3.95
02-05-2025,29.5,75.5,FATEHABAD,HARYANA,D214,FATEHABAD,3.85
03-05-2025,29.5,75.5,FATEHABAD,HARYANA,D214,FATEHABAD,3.05
04-05-2025,29.5,75.5,FATEHABAD,HARYANA,D214,FATEHABAD,2.89
05-05-2025,29.5,75.5,FATEHABAD,HARYANA,D214,FATEHABAD,2.92
06-05-2025,29.5,75.5,FATEHABAD,HARYANA,D214,FATEHABAD,2.79
07-05-2025,29.5,75.5,FATEHABAD,HARYANA,D214,FATEHABAD,2.91
08-05-2025,29.5,75.5,FATEHABAD,HARYANA,D214,FATEHABAD,2.69
09-05-2025,29.5,75.5,FATEHABAD,HARYANA,D214,FATEHABAD,2.4
10-05-2025,29.5,75.5,FATEHABAD,HARYANA,D214,FATEHABAD,2.35
11-05-2025,29.5,75.5,FATEHABAD,HARYANA,D214,FATEHABAD,2.24
12-05-2025,29.5,75.5,FATEHABAD,HARYANA,D214,FATEHABAD,2.75
13-05-2025,29.5,75.5,FATEHABAD,HARYANA,D214,FATEHABAD,3.06
14-05-2025,29.5,75.5,FATEHABAD,HARYANA,D214,FATEHABAD,2.88
15-05-2025,29.5,75.5,FATEHABAD,HARYANA,D214,FATEHABAD,2.72
16-05-2025,29.5,75.5,FATEHABAD,HARYANA,D214,FATEHABAD,2.22
17-05-2025,29.5,75.5,FATEHABAD,HARYANA,D214,FATEHABAD,2.81
18-05-2025,29.5,75.5,FATEHABAD,HARYANA,D214,FATEHABAD,3.37
19-05-2025,29.5,75.5,FATEHABAD,HARYANA,D214,FATEHABAD,3.87
20-05-2025,29.5,75.5,FATEHABAD,HARYANA,D214,FATEHABAD,2.95
21-05-2025,29.5,75.5,FATEHABAD,HARYANA,D214,FATEHABAD,3.23
22-05-2025,29.5,75.5,FATEHABAD,HARYANA,D214,FATEHABAD,3.46
23-05-2025,29.5,75.5,FATEHABAD,HARYANA,D214,FATEHABAD,3.3
24-05-2025,29.5,75.5,FATEHABAD,HARYANA,D214,FATEHABAD,3.66
25-05-2025,29.5,75.5,FATEHABAD,HARYANA,D214,FATEHABAD,3.53
26-05-2025,29.5,75.5,FATEHABAD,HARYANA,D214,FATEHABAD,3.1
27-05-2025,29.5,75.5,FATEHABAD,HARYANA,D214,FATEHABAD,3
28-05-2025,29.5,75.5,FATEHABAD,HARYANA,D214,FATEHABAD,2.7
29-05-2025,29.5,75.5,FATEHABAD,HARYANA,D214,FATEHABAD,3.35
30-05-2025,29.5,75.5,FATEHABAD,HARYANA,D214,FATEHABAD,3.58
31-05-2025,29.5,75.5,FATEHABAD,HARYANA,D214,FATEHABAD,3.58
01-06-2025,29.5,75.5,FATEHABAD,HARYANA,D214,FATEHABAD,3.91
02-06-2025,29.5,75.5,FATEHABAD,HARYANA,D214,FATEHABAD,3.52
03-06-2025,29.5,75.5,FATEHABAD,HARYANA,D214,FATEHABAD,3.57
04-06-2025,29.5,75.5,FATEHABAD,HARYANA,D214,FATEHABAD,3.56
05-06-2025,29.5,75.5,FATEHABAD,HARYANA,D214,FATEHABAD,3.72
06-06-2025,29.5,75.5,FATEHABAD,HARYANA,D214,FATEHABAD,2.9
07-06-2025,29.5,75.5,FATEHABAD,HARYANA,D214,FATEHABAD,3.03
08-06-2025,29.5,75.5,FATEHABAD,HARYANA,D214,FATEHABAD,3.89
09-06-2025,29.5,75.5,FATEHABAD,HARYANA,D214,FATEHABAD,3.19
10-06-2025,29.5,75.5,FATEHABAD,HARYANA,D214,FATEHABAD,3.09
11-06-2025,29.5,75.5,FATEHABAD,HARYANA,D214,FATEHABAD,3.01
12-06-2025,29.5,75.5,FATEHABAD,HARYANA,D214,FATEHABAD,2.45
13-06-2025,29.5,75.5,FATEHABAD,HARYANA,D214,FATEHABAD,2.68
14-06-2025,29.5,75.5,FATEHABAD,HARYANA,D214,FATEHABAD,2.47
15-06-2025,29.5,75.5,FATEHABAD,HARYANA,D214,FATEHABAD,3.03
16-06-2025,29.5,75.5,FATEHABAD,HARYANA,D214,FATEHABAD,3.34
17-06-2025,29.5,75.5,FATEHABAD,HARYANA,D214,FATEHABAD,3.75
18-06-2025,29.5,75.5,FATEHABAD,HARYANA,D214,FATEHABAD,3.73
19-06-2025,29.5,75.5,FATEHABAD,HARYANA,D214,FATEHABAD,3.29
20-06-2025,29.5,75.5,FATEHABAD,HARYANA,D214,FATEHABAD,3.16
21-06-2025,29.5,75.5,FATEHABAD,HARYANA,D214,FATEHABAD,3.29
22-06-2025,29.5,75.5,FATEHABAD,HARYANA,D214,FATEHABAD,3.08
23-06-2025,29.5,75.5,FATEHABAD,HARYANA,D214,FATEHABAD,2.81
24-06-2025,29.5,75.5,FATEHABAD,HARYANA,D214,FATEHABAD,2.53
25-06-2025,29.5,75.5,FATEHABAD,HARYANA,D214,FATEHABAD,2.88
26-06-2025,29.5,75.5,FATEHABAD,HARYANA,D214,FATEHABAD,2.7
27-06-2025,29.5,75.5,FATEHABAD,HARYANA,D214,FATEHABAD,2.97
28-06-2025,29.5,75.5,FATEHABAD,HARYANA,D214,FATEHABAD,3.05
29-06-2025,29.5,75.5,FATEHABAD,HARYANA,D214,FATEHABAD,2.95
30-06-2025,29.5,75.5,FATEHABAD,HARYANA,D214,FATEHABAD,2.63
01-07-2025,29.5,75.5,FATEHABAD,HARYANA,D214,FATEHABAD,2.87
02-07-2025,29.5,75.5,FATEHABAD,HARYANA,D214,FATEHABAD,2.63
03-07-2025,29.5,75.5,FATEHABAD,HARYANA,D214,FATEHABAD,2.27
04-07-2025,29.5,75.5,FATEHABAD,HARYANA,D214,FATEHABAD,2.35
05-07-2025,29.5,75.5,FATEHABAD,HARYANA,D214,FATEHABAD,2.17
06-07-2025,29.5,75.5,FATEHABAD,HARYANA,D214,FATEHABAD,2.54
07-07-2025,29.5,75.5,FATEHABAD,HARYANA,D214,FATEHABAD,2.63
08-07-2025,29.5,75.5,FATEHABAD,HARYANA,D214,FATEHABAD,2.66
09-07-2025,29.5,75.5,FATEHABAD,HARYANA,D214,FATEHABAD,2.25
10-07-2025,29.5,75.5,FATEHABAD,HARYANA,D214,FATEHABAD,2.88
11-07-2025,29.5,75.5,FATEHABAD,HARYANA,D214,FATEHABAD,2.85
12-07-2025,29.5,75.5,FATEHABAD,HARYANA,D214,FATEHABAD,2.62
13-07-2025,29.5,75.5,FATEHABAD,HARYANA,D214,FATEHABAD,2.27
14-07-2025,29.5,75.5,FATEHABAD,HARYANA,D214,FATEHABAD,1.87
15-07-2025,29.5,75.5,FATEHABAD,HARYANA,D214,FATEHABAD,2.05
16-07-2025,29.5,75.5,FATEHABAD,HARYANA,D214,FATEHABAD,2.27
17-07-2025,29.5,75.5,FATEHABAD,HARYANA,D214,FATEHABAD,2.25
18-07-2025,29.5,75.5,FATEHABAD,HARYANA,D214,FATEHABAD,2.01
19-07-2025,29.5,75.5,FATEHABAD,HARYANA,D214,FATEHABAD,2.33
20-07-2025,29.5,75.5,FATEHABAD,HARYANA,D214,FATEHABAD,2.02
21-07-2025,29.5,75.5,FATEHABAD,HARYANA,D214,FATEHABAD,2.31
22-07-2025,29.5,75.5,FATEHABAD,HARYANA,D214,FATEHABAD,2.46
23-07-2025,29.5,75.5,FATEHABAD,HARYANA,D214,FATEHABAD,2.02
24-07-2025,29.5,75.5,FATEHABAD,HARYANA,D214,FATEHABAD,1.93
25-07-2025,29.5,75.5,FATEHABAD,HARYANA,D214,FATEHABAD,1.98
26-07-2025,29.5,75.5,FATEHABAD,HARYANA,D214,FATEHABAD,2.03
27-07-2025,29.5,75.5,FATEHABAD,HARYANA,D214,FATEHABAD,2.03
28-07-2025,29.5,75.5,FATEHABAD,HARYANA,D214,FATEHABAD,2.45
29-07-2025,29.5,75.5,FATEHABAD,HARYANA,D214,FATEHABAD,2.22
30-07-2025,29.5,75.5,FATEHABAD,HARYANA,D214,FATEHABAD,1.78
31-07-2025,29.5,75.5,FATEHABAD,HARYANA,D214,FATEHABAD,2.3
01-08-2025,29.5,75.5,FATEHABAD,HARYANA,D214,FATEHABAD,2.02
02-08-2025,29.5,75.5,FATEHABAD,HARYANA,D214,FATEHABAD,2
03-08-2025,29.5,75.5,FATEHABAD,HARYANA,D214,FATEHABAD,2.37
04-08-2025,29.5,75.5,FATEHABAD,HARYANA,D214,FATEHABAD,2.12
05-08-2025,29.5,75.5,FATEHABAD,HARYANA,D214,FATEHABAD,1.71
06-08-2025,29.5,75.5,FATEHABAD,HARYANA,D214,FATEHABAD,1.67
07-08-2025,29.5,75.5,FATEHABAD,HARYANA,D214,FATEHABAD,1.53
08-08-2025,29.5,75.5,FATEHABAD,HARYANA,D214,FATEHABAD,1.78
09-08-2025,29.5,75.5,FATEHABAD,HARYANA,D214,FATEHABAD,1.82
10-08-2025,29.5,75.5,FATEHABAD,HARYANA,D214,FATEHABAD,1.79
11-08-2025,29.5,75.5,FATEHABAD,HARYANA,D214,FATEHABAD,1.74
12-08-2025,29.5,75.5,FATEHABAD,HARYANA,D214,FATEHABAD,1.42
13-08-2025,29.5,75.5,FATEHABAD,HARYANA,D214,FATEHABAD,1.59
14-08-2025,29.5,75.5,FATEHABAD,HARYANA,D214,FATEHABAD,1.8
15-08-2025,29.5,75.5,FATEHABAD,HARYANA,D214,FATEHABAD,1.95
16-08-2025,29.5,75.5,FATEHABAD,HARYANA,D214,FATEHABAD,1.82
17-08-2025,29.5,75.5,FATEHABAD,HARYANA,D214,FATEHABAD,1.96
18-08-2025,29.5,75.5,FATEHABAD,HARYANA,D214,FATEHABAD,1.6
19-08-2025,29.5,75.5,FATEHABAD,HARYANA,D214,FATEHABAD,1.47
20-08-2025,29.5,75.5,FATEHABAD,HARYANA,D214,FATEHABAD,1.66
21-08-2025,29.5,75.5,FATEHABAD,HARYANA,D214,FATEHABAD,1.92
22-08-2025,29.5,75.5,FATEHABAD,HARYANA,D214,FATEHABAD,1.88
23-08-2025,29.5,75.5,FATEHABAD,HARYANA,D214,FATEHABAD,1.88
24-08-2025,29.5,75.5,FATEHABAD,HARYANA,D214,FATEHABAD,2.24
25-08-2025,29.5,75.5,FATEHABAD,HARYANA,D214,FATEHABAD,2.18
26-08-2025,29.5,75.5,FATEHABAD,HARYANA,D214,FATEHABAD,1.82
27-08-2025,29.5,75.5,FATEHABAD,HARYANA,D214,FATEHABAD,1.89
28-08-2025,29.5,75.5,FATEHABAD,HARYANA,D214,FATEHABAD,1.67
29-08-2025,29.5,75.5,FATEHABAD,HARYANA,D214,FATEHABAD,1.84
30-08-2025,29.5,75.5,FATEHABAD,HARYANA,D214,FATEHABAD,1.7
31-08-2025,29.5,75.5,FATEHABAD,HARYANA,D214,FATEHABAD,1.84
01-09-2025,29.5,75.5,FATEHABAD,HARYANA,D214,FATEHABAD,2.28
02-09-2025,29.5,75.5,FATEHABAD,HARYANA,D214,FATEHABAD,2.07
03-09-2025,29.5,75.5,FATEHABAD,HARYANA,D214,FATEHABAD,1.98
04-09-2025,29.5,75.5,FATEHABAD,HARYANA,D214,FATEHABAD,2.31
05-09-2025,29.5,75.5,FATEHABAD,HARYANA,D214,FATEHABAD,2.24
06-09-2025,29.5,75.5,FATEHABAD,HARYANA,D214,FATEHABAD,1.8
07-09-2025,29.5,75.5,FATEHABAD,HARYANA,D214,FATEHABAD,1.97
08-09-2025,29.5,75.5,FATEHABAD,HARYANA,D214,FATEHABAD,2.23
09-09-2025,29.5,75.5,FATEHABAD,HARYANA,D214,FATEHABAD,2
10-09-2025,29.5,75.5,FATEHABAD,HARYANA,D214,FATEHABAD,2.2
11-09-2025,29.5,75.5,FATEHABAD,HARYANA,D214,FATEHABAD,2.54
12-09-2025,29.5,75.5,FATEHABAD,HARYANA,D214,FATEHABAD,2.08
13-09-2025,29.5,75.5,FATEHABAD,HARYANA,D214,FATEHABAD,2.15
14-09-2025,29.5,75.5,FATEHABAD,HARYANA,D214,FATEHABAD,2.08
15-09-2025,29.5,75.5,FATEHABAD,HARYANA,D214,FATEHABAD,1.7
16-09-2025,29.5,75.5,FATEHABAD,HARYANA,D214,FATEHABAD,1.82
17-09-2025,29.5,75.5,FATEHABAD,HARYANA,D214,FATEHABAD,1.68
18-09-2025,29.5,75.5,FATEHABAD,HARYANA,D214,FATEHABAD,2.05
19-09-2025,29.5,75.5,FATEHABAD,HARYANA,D214,FATEHABAD,2.46
20-09-2025,29.5,75.5,FATEHABAD,HARYANA,D214,FATEHABAD,1.98
21-09-2025,29.5,75.5,FATEHABAD,HARYANA,D214,FATEHABAD,1.75
22-09-2025,29.5,75.5,FATEHABAD,HARYANA,D214,FATEHABAD,2.47
23-09-2025,29.5,75.5,FATEHABAD,HARYANA,D214,FATEHABAD,2.56
24-09-2025,29.5,75.5,FATEHABAD,HARYANA,D214,FATEHABAD,2.51
25-09-2025,29.5,75.5,FATEHABAD,HARYANA,D214,FATEHABAD,2.07
26-09-2025,29.5,75.5,FATEHABAD,HARYANA,D214,FATEHABAD,1.7
27-09-2025,29.5,75.5,FATEHABAD,HARYANA,D214,FATEHABAD,1.73
28-09-2025,29.5,75.5,FATEHABAD,HARYANA,D214,FATEHABAD,1.3
29-09-2025,29.5,75.5,FATEHABAD,HARYANA,D214,FATEHABAD,1.52
30-09-2025,29.5,75.5,FATEHABAD,HARYANA,D214,FATEHABAD,1.65
01-10-2025,29.5,75.5,FATEHABAD,HARYANA,D214,FATEHABAD,1.76
02-10-2025,29.5,75.5,FATEHABAD,HARYANA,D214,FATEHABAD,1.35
03-10-2025,29.5,75.5,FATEHABAD,HARYANA,D214,FATEHABAD,1.83
04-10-2025,29.5,75.5,FATEHABAD,HARYANA,D214,FATEHABAD,2.26
05-10-2025,29.5,75.5,FATEHABAD,HARYANA,D214,FATEHABAD,2.44
06-10-2025,29.5,75.5,FATEHABAD,HARYANA,D214,FATEHABAD,2.73
07-10-2025,29.5,75.5,FATEHABAD,HARYANA,D214,FATEHABAD,2.4
08-10-2025,29.5,75.5,FATEHABAD,HARYANA,D214,FATEHABAD,2.37
09-10-2025,29.5,75.5,FATEHABAD,HARYANA,D214,FATEHABAD,2.05
10-10-2025,29.5,75.5,FATEHABAD,HARYANA,D214,FATEHABAD,1.83
11-10-2025,29.5,75.5,FATEHABAD,HARYANA,D214,FATEHABAD,2.31
12-10-2025,29.5,75.5,FATEHABAD,HARYANA,D214,FATEHABAD,2.04
13-10-2025,29.5,75.5,FATEHABAD,HARYANA,D214,FATEHABAD,1.69
14-10-2025,29.5,75.5,FATEHABAD,HARYANA,D214,FATEHABAD,2.01
15-10-2025,29.5,75.5,FATEHABAD,HARYANA,D214,FATEHABAD,1.76
16-10-2025,29.5,75.5,FATEHABAD,HARYANA,D214,FATEHABAD,2.05
17-10-2025,29.5,75.5,FATEHABAD,HARYANA,D214,FATEHABAD,2.65
18-10-2025,29.5,75.5,FATEHABAD,HARYANA,D214,FATEHABAD,2.57
19-10-2025,29.5,75.5,FATEHABAD,HARYANA,D214,FATEHABAD,2.18
20-10-2025,29.5,75.5,FATEHABAD,HARYANA,D214,FATEHABAD,1.98
21-10-2025,29.5,75.5,FATEHABAD,HARYANA,D214,FATEHABAD,1.83
22-10-2025,29.5,75.5,FATEHABAD,HARYANA,D214,FATEHABAD,1.83
23-10-2025,29.5,75.5,FATEHABAD,HARYANA,D214,FATEHABAD,1.96
24-10-2025,29.5,75.5,FATEHABAD,HARYANA,D214,FATEHABAD,2.18
25-10-2025,29.5,75.5,FATEHABAD,HARYANA,D214,FATEHABAD,1.69
26-10-2025,29.5,75.5,FATEHABAD,HARYANA,D214,FATEHABAD,1.62
27-10-2025,29.5,75.5,FATEHABAD,HARYANA,D214,FATEHABAD,1.7
28-10-2025,29.5,75.5,FATEHABAD,HARYANA,D214,FATEHABAD,1.99
29-10-2025,29.5,75.5,FATEHABAD,HARYANA,D214,FATEHABAD,1.88
30-10-2025,29.5,75.5,FATEHABAD,HARYANA,D214,FATEHABAD,2.01
31-10-2025,29.5,75.5,FATEHABAD,HARYANA,D214,FATEHABAD,1.7
01-11-2025,29.5,75.5,FATEHABAD,HARYANA,D214,FATEHABAD,1.6
02-11-2025,29.5,75.5,FATEHABAD,HARYANA,D214,FATEHABAD,1.78
03-11-2025,29.5,75.5,FATEHABAD,HARYANA,D214,FATEHABAD,1.73
04-11-2025,29.5,75.5,FATEHABAD,HARYANA,D214,FATEHABAD,1.38
05-11-2025,29.5,75.5,FATEHABAD,HARYANA,D214,FATEHABAD,1.45
06-11-2025,29.5,75.5,FATEHABAD,HARYANA,D214,FATEHABAD,1.42
07-11-2025,29.5,75.5,FATEHABAD,HARYANA,D214,FATEHABAD,2.08
08-11-2025,29.5,75.5,FATEHABAD,HARYANA,D214,FATEHABAD,1.67
09-11-2025,29.5,75.5,FATEHABAD,HARYANA,D214,FATEHABAD,1.55
10-11-2025,29.5,75.5,FATEHABAD,HARYANA,D214,FATEHABAD,1.63
11-11-2025,29.5,75.5,FATEHABAD,HARYANA,D214,FATEHABAD,1.45
12-11-2025,29.5,75.5,FATEHABAD,HARYANA,D214,FATEHABAD,1.34
13-11-2025,29.5,75.5,FATEHABAD,HARYANA,D214,FATEHABAD,1.63
14-11-2025,29.5,75.5,FATEHABAD,HARYANA,D214,FATEHABAD,1.41
15-11-2025,29.5,75.5,FATEHABAD,HARYANA,D214,FATEHABAD,1.39
16-11-2025,29.5,75.5,FATEHABAD,HARYANA,D214,FATEHABAD,1.61
17-11-2025,29.5,75.5,FATEHABAD,HARYANA,D214,FATEHABAD,1.61
18-11-2025,29.5,75.5,FATEHABAD,HARYANA,D214,FATEHABAD,1.57
19-11-2025,29.5,75.5,FATEHABAD,HARYANA,D214,FATEHABAD,1.61
20-11-2025,29.5,75.5,FATEHABAD,HARYANA,D214,FATEHABAD,1.54
21-11-2025,29.5,75.5,FATEHABAD,HARYANA,D214,FATEHABAD,1.69
22-11-2025,29.5,75.5,FATEHABAD,HARYANA,D214,FATEHABAD,1.67
23-11-2025,29.5,75.5,FATEHABAD,HARYANA,D214,FATEHABAD,1.57
24-11-2025,29.5,75.5,FATEHABAD,HARYANA,D214,FATEHABAD,1.53
25-11-2025,29.5,75.5,FATEHABAD,HARYANA,D214,FATEHABAD,1.87
26-11-2025,29.5,75.5,FATEHABAD,HARYANA,D214,FATEHABAD,1.94
27-11-2025,29.5,75.5,FATEHABAD,HARYANA,D214,FATEHABAD,2.11
28-11-2025,29.5,75.5,FATEHABAD,HARYANA,D214,FATEHABAD,2.08
29-11-2025,29.5,75.5,FATEHABAD,HARYANA,D214,FATEHABAD,1.78
30-11-2025,29.5,75.5,FATEHABAD,HARYANA,D214,FATEHABAD,1.79
01-12-2025,29.5,75.5,FATEHABAD,HARYANA,D214,FATEHABAD,1.82
02-12-2025,29.5,75.5,FATEHABAD,HARYANA,D214,FATEHABAD,2.07
03-12-2025,29.5,75.5,FATEHABAD,HARYANA,D214,FATEHABAD,1.7
04-12-2025,29.5,75.5,FATEHABAD,HARYANA,D214,FATEHABAD,1.9
05-12-2025,29.5,75.5,FATEHABAD,HARYANA,D214,FATEHABAD,1.94
06-12-2025,29.5,75.5,FATEHABAD,HARYANA,D214,FATEHABAD,1.59
07-12-2025,29.5,75.5,FATEHABAD,HARYANA,D214,FATEHABAD,1.4
08-12-2025,29.5,75.5,FATEHABAD,HARYANA,D214,FATEHABAD,2.01
09-12-2025,29.5,75.5,FATEHABAD,HARYANA,D214,FATEHABAD,2.23
10-12-2025,29.5,75.5,FATEHABAD,HARYANA,D214,FATEHABAD,2.14
11-12-2025,29.5,75.5,FATEHABAD,HARYANA,D214,FATEHABAD,1.85
12-12-2025,29.5,75.5,FATEHABAD,HARYANA,D214,FATEHABAD,2.34
13-12-2025,29.5,75.5,FATEHABAD,HARYANA,D214,FATEHABAD,2.6
14-12-2025,29.5,75.5,FATEHABAD,HARYANA,D214,FATEHABAD,2.59
15-12-2025,29.5,75.5,FATEHABAD,HARYANA,D214,FATEHABAD,2.77
16-12-2025,29.5,75.5,FATEHABAD,HARYANA,D214,FATEHABAD,3.07
17-12-2025,29.5,75.5,FATEHABAD,HARYANA,D214,FATEHABAD,3.23
18-12-2025,29.5,75.5,FATEHABAD,HARYANA,D214,FATEHABAD,3.07
19-12-2025,29.5,75.5,FATEHABAD,HARYANA,D214,FATEHABAD,2.75
20-12-2025,29.5,75.5,FATEHABAD,HARYANA,D214,FATEHABAD,2.74
21-12-2025,29.5,75.5,FATEHABAD,HARYANA,D214,FATEHABAD,2.98
22-12-2025,29.5,75.5,FATEHABAD,HARYANA,D214,FATEHABAD,2.81
23-12-2025,29.5,75.5,FATEHABAD,HARYANA,D214,FATEHABAD,3.11
24-12-2025,29.5,75.5,FATEHABAD,HARYANA,D214,FATEHABAD,2.88
25-12-2025,29.5,75.5,FATEHABAD,HARYANA,D214,FATEHABAD,3.05
26-12-2025,29.5,75.5,FATEHABAD,HARYANA,D214,FATEHABAD,2.56
27-12-2025,29.5,75.5,FATEHABAD,HARYANA,D214,FATEHABAD,3.02
28-12-2025,29.5,75.5,FATEHABAD,HARYANA,D214,FATEHABAD,3.07
29-12-2025,29.5,75.5,FATEHABAD,HARYANA,D214,FATEHABAD,2.89
30-12-2025,29.5,75.5,FATEHABAD,HARYANA,D214,FATEHABAD,3.14
31-12-2025,29.5,75.5,FATEHABAD,HARYANA,D214,FATEHABAD,2.78
01-01-2025,28.5,76.5,JHAJJAR,HARYANA,D217,JHAJJAR,2.83
02-01-2025,28.5,76.5,JHAJJAR,HARYANA,D217,JHAJJAR,2.91
03-01-2025,28.5,76.5,JHAJJAR,HARYANA,D217,JHAJJAR,2.9
04-01-2025,28.5,76.5,JHAJJAR,HARYANA,D217,JHAJJAR,3.17
05-01-2025,28.5,76.5,JHAJJAR,HARYANA,D217,JHAJJAR,3.44
06-01-2025,28.5,76.5,JHAJJAR,HARYANA,D217,JHAJJAR,2.8
07-01-2025,28.5,76.5,JHAJJAR,HARYANA,D217,JHAJJAR,2.65
08-01-2025,28.5,76.5,JHAJJAR,HARYANA,D217,JHAJJAR,2.91
09-01-2025,28.5,76.5,JHAJJAR,HARYANA,D217,JHAJJAR,2.92
10-01-2025,28.5,76.5,JHAJJAR,HARYANA,D217,JHAJJAR,2.88
11-01-2025,28.5,76.5,JHAJJAR,HARYANA,D217,JHAJJAR,2.82
12-01-2025,28.5,76.5,JHAJJAR,HARYANA,D217,JHAJJAR,2.84
13-01-2025,28.5,76.5,JHAJJAR,HARYANA,D217,JHAJJAR,2.59
14-01-2025,28.5,76.5,JHAJJAR,HARYANA,D217,JHAJJAR,2.62
15-01-2025,28.5,76.5,JHAJJAR,HARYANA,D217,JHAJJAR,2.51
16-01-2025,28.5,76.5,JHAJJAR,HARYANA,D217,JHAJJAR,2.91
17-01-2025,28.5,76.5,JHAJJAR,HARYANA,D217,JHAJJAR,2.75
18-01-2025,28.5,76.5,JHAJJAR,HARYANA,D217,JHAJJAR,2.54
19-01-2025,28.5,76.5,JHAJJAR,HARYANA,D217,JHAJJAR,2.53
20-01-2025,28.5,76.5,JHAJJAR,HARYANA,D217,JHAJJAR,2.6
21-01-2025,28.5,76.5,JHAJJAR,HARYANA,D217,JHAJJAR,2.56
22-01-2025,28.5,76.5,JHAJJAR,HARYANA,D217,JHAJJAR,2.62
23-01-2025,28.5,76.5,JHAJJAR,HARYANA,D217,JHAJJAR,2.53
24-01-2025,28.5,76.5,JHAJJAR,HARYANA,D217,JHAJJAR,2.71
25-01-2025,28.5,76.5,JHAJJAR,HARYANA,D217,JHAJJAR,2.91
26-01-2025,28.5,76.5,JHAJJAR,HARYANA,D217,JHAJJAR,2.32
27-01-2025,28.5,76.5,JHAJJAR,HARYANA,D217,JHAJJAR,2.36
28-01-2025,28.5,76.5,JHAJJAR,HARYANA,D217,JHAJJAR,2.42
29-01-2025,28.5,76.5,JHAJJAR,HARYANA,D217,JHAJJAR,2.52
30-01-2025,28.5,76.5,JHAJJAR,HARYANA,D217,JHAJJAR,2.57
31-01-2025,28.5,76.5,JHAJJAR,HARYANA,D217,JHAJJAR,2.46
01-02-2025,28.5,76.5,JHAJJAR,HARYANA,D217,JHAJJAR,2.7
02-02-2025,28.5,76.5,JHAJJAR,HARYANA,D217,JHAJJAR,2.46
03-02-2025,28.5,76.5,JHAJJAR,HARYANA,D217,JHAJJAR,2.58
04-02-2025,28.5,76.5,JHAJJAR,HARYANA,D217,JHAJJAR,2.45
05-02-2025,28.5,76.5,JHAJJAR,HARYANA,D217,JHAJJAR,2.75
06-02-2025,28.5,76.5,JHAJJAR,HARYANA,D217,JHAJJAR,2.74
07-02-2025,28.5,76.5,JHAJJAR,HARYANA,D217,JHAJJAR,2.56
08-02-2025,28.5,76.5,JHAJJAR,HARYANA,D217,JHAJJAR,2.57
09-02-2025,28.5,76.5,JHAJJAR,HARYANA,D217,JHAJJAR,2.72
10-02-2025,28.5,76.5,JHAJJAR,HARYANA,D217,JHAJJAR,2.56
11-02-2025,28.5,76.5,JHAJJAR,HARYANA,D217,JHAJJAR,2.4
12-02-2025,28.5,76.5,JHAJJAR,HARYANA,D217,JHAJJAR,2.69
13-02-2025,28.5,76.5,JHAJJAR,HARYANA,D217,JHAJJAR,2.57
14-02-2025,28.5,76.5,JHAJJAR,HARYANA,D217,JHAJJAR,2.68
15-02-2025,28.5,76.5,JHAJJAR,HARYANA,D217,JHAJJAR,2.74
16-02-2025,28.5,76.5,JHAJJAR,HARYANA,D217,JHAJJAR,2.82
17-02-2025,28.5,76.5,JHAJJAR,HARYANA,D217,JHAJJAR,2.57
18-02-2025,28.5,76.5,JHAJJAR,HARYANA,D217,JHAJJAR,2.46
19-02-2025,28.5,76.5,JHAJJAR,HARYANA,D217,JHAJJAR,2.52
20-02-2025,28.5,76.5,JHAJJAR,HARYANA,D217,JHAJJAR,2.98
21-02-2025,28.5,76.5,JHAJJAR,HARYANA,D217,JHAJJAR,3.01
22-02-2025,28.5,76.5,JHAJJAR,HARYANA,D217,JHAJJAR,3.03
23-02-2025,28.5,76.5,JHAJJAR,HARYANA,D217,JHAJJAR,3.02
24-02-2025,28.5,76.5,JHAJJAR,HARYANA,D217,JHAJJAR,3
25-02-2025,28.5,76.5,JHAJJAR,HARYANA,D217,JHAJJAR,3.18
26-02-2025,28.5,76.5,JHAJJAR,HARYANA,D217,JHAJJAR,3.19
27-02-2025,28.5,76.5,JHAJJAR,HARYANA,D217,JHAJJAR,3.21
28-02-2025,28.5,76.5,JHAJJAR,HARYANA,D217,JHAJJAR,2.96
29-02-2025,28.5,76.5,JHAJJAR,HARYANA,D217,JHAJJAR,2.25
01-03-2025,28.5,76.5,JHAJJAR,HARYANA,D217,JHAJJAR,3.45
02-03-2025,28.5,76.5,JHAJJAR,HARYANA,D217,JHAJJAR,3.42
03-03-2025,28.5,76.5,JHAJJAR,HARYANA,D217,JHAJJAR,3.22
04-03-2025,28.5,76.5,JHAJJAR,HARYANA,D217,JHAJJAR,3.45
05-03-2025,28.5,76.5,JHAJJAR,HARYANA,D217,JHAJJAR,3.24
06-03-2025,28.5,76.5,JHAJJAR,HARYANA,D217,JHAJJAR,3.21
07-03-2025,28.5,76.5,JHAJJAR,HARYANA,D217,JHAJJAR,2.82
08-03-2025,28.5,76.5,JHAJJAR,HARYANA,D217,JHAJJAR,2.56
09-03-2025,28.5,76.5,JHAJJAR,HARYANA,D217,JHAJJAR,2.54
10-03-2025,28.5,76.5,JHAJJAR,HARYANA,D217,JHAJJAR,2.56
11-03-2025,28.5,76.5,JHAJJAR,HARYANA,D217,JHAJJAR,3.05
12-03-2025,28.5,76.5,JHAJJAR,HARYANA,D217,JHAJJAR,2.89
13-03-2025,28.5,76.5,JHAJJAR,HARYANA,D217,JHAJJAR,3.39
14-03-2025,28.5,76.5,JHAJJAR,HARYANA,D217,JHAJJAR,3.38
15-03-2025,28.5,76.5,JHAJJAR,HARYANA,D217,JHAJJAR,3.46
16-03-2025,28.5,76.5,JHAJJAR,HARYANA,D217,JHAJJAR,2.88
17-03-2025,28.5,76.5,JHAJJAR,HARYANA,D217,JHAJJAR,2.94
18-03-2025,28.5,76.5,JHAJJAR,HARYANA,D217,JHAJJAR,3.04
19-03-2025,28.5,76.5,JHAJJAR,HARYANA,D217,JHAJJAR,2.61
20-03-2025,28.5,76.5,JHAJJAR,HARYANA,D217,JHAJJAR,2.48
21-03-2025,28.5,76.5,JHAJJAR,HARYANA,D217,JHAJJAR,2.66
22-03-2025,28.5,76.5,JHAJJAR,HARYANA,D217,JHAJJAR,2.73
23-03-2025,28.5,76.5,JHAJJAR,HARYANA,D217,JHAJJAR,2.85
24-03-2025,28.5,76.5,JHAJJAR,HARYANA,D217,JHAJJAR,2.85
25-03-2025,28.5,76.5,JHAJJAR,HARYANA,D217,JHAJJAR,2.7
26-03-2025,28.5,76.5,JHAJJAR,HARYANA,D217,JHAJJAR,2.54
27-03-2025,28.5,76.5,JHAJJAR,HARYANA,D217,JHAJJAR,3.03
28-03-2025,28.5,76.5,JHAJJAR,HARYANA,D217,JHAJJAR,2.65
29-03-2025,28.5,76.5,JHAJJAR,HARYANA,D217,JHAJJAR,2.85
30-03-2025,28.5,76.5,JHAJJAR,HARYANA,D217,JHAJJAR,3.17
31-03-2025,28.5,76.5,JHAJJAR,HARYANA,D217,JHAJJAR,3.36
01-04-2025,28.5,76.5,JHAJJAR,HARYANA,D217,JHAJJAR,2.95
02-04-2025,28.5,76.5,JHAJJAR,HARYANA,D217,JHAJJAR,2.8
03-04-2025,28.5,76.5,JHAJJAR,HARYANA,D217,JHAJJAR,3.42
04-04-2025,28.5,76.5,JHAJJAR,HARYANA,D217,JHAJJAR,3.26
05-04-2025,28.5,76.5,JHAJJAR,HARYANA,D217,JHAJJAR,2.89
06-04-2025,28.5,76.5,JHAJJAR,HARYANA,D217,JHAJJAR,2.74
07-04-2025,28.5,76.5,JHAJJAR,HARYANA,D217,JHAJJAR,2.9
08-04-2025,28.5,76.5,JHAJJAR,HARYANA,D217,JHAJJAR,2.63
09-04-2025,28.5,76.5,JHAJJAR,HARYANA,D217,JHAJJAR,2.76
10-04-2025,28.5,76.5,JHAJJAR,HARYANA,D217,JHAJJAR,2.75
11-04-2025,28.5,76.5,JHAJJAR,HARYANA,D217,JHAJJAR,2.77
12-04-2025,28.5,76.5,JHAJJAR,HARYANA,D217,JHAJJAR,2.63
13-04-2025,28.5,76.5,JHAJJAR,HARYANA,D217,JHAJJAR,2.7
14-04-2025,28.5,76.5,JHAJJAR,HARYANA,D217,JHAJJAR,2.74
15-04-2025,28.5,76.5,JHAJJAR,HARYANA,D217,JHAJJAR,2.33
16-04-2025,28.5,76.5,JHAJJAR,HARYANA,D217,JHAJJAR,2.82
17-04-2025,28.5,76.5,JHAJJAR,HARYANA,D217,JHAJJAR,3.35
18-04-2025,28.5,76.5,JHAJJAR,HARYANA,D217,JHAJJAR,3.48
19-04-2025,28.5,76.5,JHAJJAR,HARYANA,D217,JHAJJAR,3.06
20-04-2025,28.5,76.5,JHAJJAR,HARYANA,D217,JHAJJAR,3.22
21-04-2025,28.5,76.5,JHAJJAR,HARYANA,D217,JHAJJAR,2.96
22-04-2025,28.5,76.5,JHAJJAR,HARYANA,D217,JHAJJAR,2.28
23-04-2025,28.5,76.5,JHAJJAR,HARYANA,D217,JHAJJAR,2.29
24-04-2025,28.5,76.5,JHAJJAR,HARYANA,D217,JHAJJAR,2.18
25-04-2025,28.5,76.5,JHAJJAR,HARYANA,D217,JHAJJAR,2.15
26-04-2025,28.5,76.5,JHAJJAR,HARYANA,D217,JHAJJAR,2.39
27-04-2025,28.5,76.5,JHAJJAR,HARYANA,D217,JHAJJAR,2.5
28-04-2025,28.5,76.5,JHAJJAR,HARYANA,D217,JHAJJAR,2.34
29-04-2025,28.5,76.5,JHAJJAR,HARYANA,D217,JHAJJAR,2.75
30-04-2025,28.5,76.5,JHAJJAR,HARYANA,D217,JHAJJAR,3.2
01-05-2025,28.5,76.5,JHAJJAR,HARYANA,D217,JHAJJAR,3.78
02-05-2025,28.5,76.5,JHAJJAR,HARYANA,D217,JHAJJAR,3.7
03-05-2025,28.5,76.5,JHAJJAR,HARYANA,D217,JHAJJAR,2.81
04-05-2025,28.5,76.5,JHAJJAR,HARYANA,D217,JHAJJAR,2.66
05-05-2025,28.5,76.5,JHAJJAR,HARYANA,D217,JHAJJAR,2.77
06-05-2025,28.5,76.5,JHAJJAR,HARYANA,D217,JHAJJAR,2.78
07-05-2025,28.5,76.5,JHAJJAR,HARYANA,D217,JHAJJAR,2.67
08-05-2025,28.5,76.5,JHAJJAR,HARYANA,D217,JHAJJAR,2.49
09-05-2025,28.5,76.5,JHAJJAR,HARYANA,D217,JHAJJAR,2.26
10-05-2025,28.5,76.5,JHAJJAR,HARYANA,D217,JHAJJAR,2.18
11-05-2025,28.5,76.5,JHAJJAR,HARYANA,D217,JHAJJAR,2.14
12-05-2025,28.5,76.5,JHAJJAR,HARYANA,D217,JHAJJAR,2.48
13-05-2025,28.5,76.5,JHAJJAR,HARYANA,D217,JHAJJAR,2.83
14-05-2025,28.5,76.5,JHAJJAR,HARYANA,D217,JHAJJAR,2.83
15-05-2025,28.5,76.5,JHAJJAR,HARYANA,D217,JHAJJAR,2.59
16-05-2025,28.5,76.5,JHAJJAR,HARYANA,D217,JHAJJAR,2.04
17-05-2025,28.5,76.5,JHAJJAR,HARYANA,D217,JHAJJAR,2.62
18-05-2025,28.5,76.5,JHAJJAR,HARYANA,D217,JHAJJAR,3.51
19-05-2025,28.5,76.5,JHAJJAR,HARYANA,D217,JHAJJAR,4.03
20-05-2025,28.5,76.5,JHAJJAR,HARYANA,D217,JHAJJAR,3.06
21-05-2025,28.5,76.5,JHAJJAR,HARYANA,D217,JHAJJAR,3.23
22-05-2025,28.5,76.5,JHAJJAR,HARYANA,D217,JHAJJAR,3.42
23-05-2025,28.5,76.5,JHAJJAR,HARYANA,D217,JHAJJAR,3.15
24-05-2025,28.5,76.5,JHAJJAR,HARYANA,D217,JHAJJAR,3.47
25-05-2025,28.5,76.5,JHAJJAR,HARYANA,D217,JHAJJAR,3.25
26-05-2025,28.5,76.5,JHAJJAR,HARYANA,D217,JHAJJAR,3.02
27-05-2025,28.5,76.5,JHAJJAR,HARYANA,D217,JHAJJAR,2.77
28-05-2025,28.5,76.5,JHAJJAR,HARYANA,D217,JHAJJAR,2.5
29-05-2025,28.5,76.5,JHAJJAR,HARYANA,D217,JHAJJAR,3.17
30-05-2025,28.5,76.5,JHAJJAR,HARYANA,D217,JHAJJAR,3.56
31-05-2025,28.5,76.5,JHAJJAR,HARYANA,D217,JHAJJAR,3.47
01-06-2025,28.5,76.5,JHAJJAR,HARYANA,D217,JHAJJAR,3.66
02-06-2025,28.5,76.5,JHAJJAR,HARYANA,D217,JHAJJAR,3.51
03-06-2025,28.5,76.5,JHAJJAR,HARYANA,D217,JHAJJAR,3.55
04-06-2025,28.5,76.5,JHAJJAR,HARYANA,D217,JHAJJAR,3.45
05-06-2025,28.5,76.5,JHAJJAR,HARYANA,D217,JHAJJAR,3.5
06-06-2025,28.5,76.5,JHAJJAR,HARYANA,D217,JHAJJAR,2.79
07-06-2025,28.5,76.5,JHAJJAR,HARYANA,D217,JHAJJAR,3.16
08-06-2025,28.5,76.5,JHAJJAR,HARYANA,D217,JHAJJAR,3.89
09-06-2025,28.5,76.5,JHAJJAR,HARYANA,D217,JHAJJAR,3.13
10-06-2025,28.5,76.5,JHAJJAR,HARYANA,D217,JHAJJAR,2.99
11-06-2025,28.5,76.5,JHAJJAR,HARYANA,D217,JHAJJAR,2.86
12-06-2025,28.5,76.5,JHAJJAR,HARYANA,D217,JHAJJAR,2.36
13-06-2025,28.5,76.5,JHAJJAR,HARYANA,D217,JHAJJAR,2.51
14-06-2025,28.5,76.5,JHAJJAR,HARYANA,D217,JHAJJAR,2.43
15-06-2025,28.5,76.5,JHAJJAR,HARYANA,D217,JHAJJAR,2.86
16-06-2025,28.5,76.5,JHAJJAR,HARYANA,D217,JHAJJAR,3.22
17-06-2025,28.5,76.5,JHAJJAR,HARYANA,D217,JHAJJAR,3.65
18-06-2025,28.5,76.5,JHAJJAR,HARYANA,D217,JHAJJAR,3.64
19-06-2025,28.5,76.5,JHAJJAR,HARYANA,D217,JHAJJAR,3.29
20-06-2025,28.5,76.5,JHAJJAR,HARYANA,D217,JHAJJAR,3.08
21-06-2025,28.5,76.5,JHAJJAR,HARYANA,D217,JHAJJAR,3.12
22-06-2025,28.5,76.5,JHAJJAR,HARYANA,D217,JHAJJAR,2.99
23-06-2025,28.5,76.5,JHAJJAR,HARYANA,D217,JHAJJAR,2.82
24-06-2025,28.5,76.5,JHAJJAR,HARYANA,D217,JHAJJAR,2.59
25-06-2025,28.5,76.5,JHAJJAR,HARYANA,D217,JHAJJAR,2.89
26-06-2025,28.5,76.5,JHAJJAR,HARYANA,D217,JHAJJAR,2.64
27-06-2025,28.5,76.5,JHAJJAR,HARYANA,D217,JHAJJAR,3.08
28-06-2025,28.5,76.5,JHAJJAR,HARYANA,D217,JHAJJAR,2.92
29-06-2025,28.5,76.5,JHAJJAR,HARYANA,D217,JHAJJAR,2.9
30-06-2025,28.5,76.5,JHAJJAR,HARYANA,D217,JHAJJAR,2.96
01-07-2025,28.5,76.5,JHAJJAR,HARYANA,D217,JHAJJAR,2.87
02-07-2025,28.5,76.5,JHAJJAR,HARYANA,D217,JHAJJAR,2.74
03-07-2025,28.5,76.5,JHAJJAR,HARYANA,D217,JHAJJAR,2.37
04-07-2025,28.5,76.5,JHAJJAR,HARYANA,D217,JHAJJAR,2.48
05-07-2025,28.5,76.5,JHAJJAR,HARYANA,D217,JHAJJAR,2.37
06-07-2025,28.5,76.5,JHAJJAR,HARYANA,D217,JHAJJAR,2.72
07-07-2025,28.5,76.5,JHAJJAR,HARYANA,D217,JHAJJAR,2.71
08-07-2025,28.5,76.5,JHAJJAR,HARYANA,D217,JHAJJAR,2.68
09-07-2025,28.5,76.5,JHAJJAR,HARYANA,D217,JHAJJAR,2.36
10-07-2025,28.5,76.5,JHAJJAR,HARYANA,D217,JHAJJAR,3.11
11-07-2025,28.5,76.5,JHAJJAR,HARYANA,D217,JHAJJAR,2.98
12-07-2025,28.5,76.5,JHAJJAR,HARYANA,D217,JHAJJAR,2.83
13-07-2025,28.5,76.5,JHAJJAR,HARYANA,D217,JHAJJAR,2.43
14-07-2025,28.5,76.5,JHAJJAR,HARYANA,D217,JHAJJAR,2.04
15-07-2025,28.5,76.5,JHAJJAR,HARYANA,D217,JHAJJAR,2.31
16-07-2025,28.5,76.5,JHAJJAR,HARYANA,D217,JHAJJAR,2.57
17-07-2025,28.5,76.5,JHAJJAR,HARYANA,D217,JHAJJAR,2.44
18-07-2025,28.5,76.5,JHAJJAR,HARYANA,D217,JHAJJAR,2.02
19-07-2025,28.5,76.5,JHAJJAR,HARYANA,D217,JHAJJAR,2.27
20-07-2025,28.5,76.5,JHAJJAR,HARYANA,D217,JHAJJAR,2.04
21-07-2025,28.5,76.5,JHAJJAR,HARYANA,D217,JHAJJAR,2.04
22-07-2025,28.5,76.5,JHAJJAR,HARYANA,D217,JHAJJAR,2.36
23-07-2025,28.5,76.5,JHAJJAR,HARYANA,D217,JHAJJAR,2.04
24-07-2025,28.5,76.5,JHAJJAR,HARYANA,D217,JHAJJAR,2.02
25-07-2025,28.5,76.5,JHAJJAR,HARYANA,D217,JHAJJAR,1.94
26-07-2025,28.5,76.5,JHAJJAR,HARYANA,D217,JHAJJAR,2.09
27-07-2025,28.5,76.5,JHAJJAR,HARYANA,D217,JHAJJAR,2.23
28-07-2025,28.5,76.5,JHAJJAR,HARYANA,D217,JHAJJAR,2.45
29-07-2025,28.5,76.5,JHAJJAR,HARYANA,D217,JHAJJAR,2.24
30-07-2025,28.5,76.5,JHAJJAR,HARYANA,D217,JHAJJAR,1.96
31-07-2025,28.5,76.5,JHAJJAR,HARYANA,D217,JHAJJAR,2.5
01-08-2025,28.5,76.5,JHAJJAR,HARYANA,D217,JHAJJAR,2
02-08-2025,28.5,76.5,JHAJJAR,HARYANA,D217,JHAJJAR,1.98
03-08-2025,28.5,76.5,JHAJJAR,HARYANA,D217,JHAJJAR,2.25
04-08-2025,28.5,76.5,JHAJJAR,HARYANA,D217,JHAJJAR,2.15
05-08-2025,28.5,76.5,JHAJJAR,HARYANA,D217,JHAJJAR,1.71
06-08-2025,28.5,76.5,JHAJJAR,HARYANA,D217,JHAJJAR,1.57
07-08-2025,28.5,76.5,JHAJJAR,HARYANA,D217,JHAJJAR,1.61
08-08-2025,28.5,76.5,JHAJJAR,HARYANA,D217,JHAJJAR,1.98
09-08-2025,28.5,76.5,JHAJJAR,HARYANA,D217,JHAJJAR,2.04
10-08-2025,28.5,76.5,JHAJJAR,HARYANA,D217,JHAJJAR,1.89
11-08-2025,28.5,76.5,JHAJJAR,HARYANA,D217,JHAJJAR,1.77
12-08-2025,28.5,76.5,JHAJJAR,HARYANA,D217,JHAJJAR,1.5
13-08-2025,28.5,76.5,JHAJJAR,HARYANA,D217,JHAJJAR,1.54
14-08-2025,28.5,76.5,JHAJJAR,HARYANA,D217,JHAJJAR,1.58
15-08-2025,28.5,76.5,JHAJJAR,HARYANA,D217,JHAJJAR,1.95
16-08-2025,28.5,76.5,JHAJJAR,HARYANA,D217,JHAJJAR,1.93
17-08-2025,28.5,76.5,JHAJJAR,HARYANA,D217,JHAJJAR,2.05
18-08-2025,28.5,76.5,JHAJJAR,HARYANA,D217,JHAJJAR,1.71
19-08-2025,28.5,76.5,JHAJJAR,HARYANA,D217,JHAJJAR,1.57
20-08-2025,28.5,76.5,JHAJJAR,HARYANA,D217,JHAJJAR,1.74
21-08-2025,28.5,76.5,JHAJJAR,HARYANA,D217,JHAJJAR,2.06
22-08-2025,28.5,76.5,JHAJJAR,HARYANA,D217,JHAJJAR,2.14
23-08-2025,28.5,76.5,JHAJJAR,HARYANA,D217,JHAJJAR,2.15
24-08-2025,28.5,76.5,JHAJJAR,HARYANA,D217,JHAJJAR,2.24
25-08-2025,28.5,76.5,JHAJJAR,HARYANA,D217,JHAJJAR,2.11
26-08-2025,28.5,76.5,JHAJJAR,HARYANA,D217,JHAJJAR,1.85
27-08-2025,28.5,76.5,JHAJJAR,HARYANA,D217,JHAJJAR,1.94
28-08-2025,28.5,76.5,JHAJJAR,HARYANA,D217,JHAJJAR,1.67
29-08-2025,28.5,76.5,JHAJJAR,HARYANA,D217,JHAJJAR,1.81
30-08-2025,28.5,76.5,JHAJJAR,HARYANA,D217,JHAJJAR,1.78
31-08-2025,28.5,76.5,JHAJJAR,HARYANA,D217,JHAJJAR,1.78
01-09-2025,28.5,76.5,JHAJJAR,HARYANA,D217,JHAJJAR,2.31
02-09-2025,28.5,76.5,JHAJJAR,HARYANA,D217,JHAJJAR,2.14
03-09-2025,28.5,76.5,JHAJJAR,HARYANA,D217,JHAJJAR,2.03
04-09-2025,28.5,76.5,JHAJJAR,HARYANA,D217,JHAJJAR,2.34
05-09-2025,28.5,76.5,JHAJJAR,HARYANA,D217,JHAJJAR,2.35
06-09-2025,28.5,76.5,JHAJJAR,HARYANA,D217,JHAJJAR,1.84
07-09-2025,28.5,76.5,JHAJJAR,HARYANA,D217,JHAJJAR,2.04
08-09-2025,28.5,76.5,JHAJJAR,HARYANA,D217,JHAJJAR,2.04
09-09-2025,28.5,76.5,JHAJJAR,HARYANA,D217,JHAJJAR,2.16
10-09-2025,28.5,76.5,JHAJJAR,HARYANA,D217,JHAJJAR,2.37
11-09-2025,28.5,76.5,JHAJJAR,HARYANA,D217,JHAJJAR,2.5
12-09-2025,28.5,76.5,JHAJJAR,HARYANA,D217,JHAJJAR,2.13
13-09-2025,28.5,76.5,JHAJJAR,HARYANA,D217,JHAJJAR,1.98
14-09-2025,28.5,76.5,JHAJJAR,HARYANA,D217,JHAJJAR,1.8
15-09-2025,28.5,76.5,JHAJJAR,HARYANA,D217,JHAJJAR,1.62
16-09-2025,28.5,76.5,JHAJJAR,HARYANA,D217,JHAJJAR,1.82
17-09-2025,28.5,76.5,JHAJJAR,HARYANA,D217,JHAJJAR,1.94
18-09-2025,28.5,76.5,JHAJJAR,HARYANA,D217,JHAJJAR,2.18
19-09-2025,28.5,76.5,JHAJJAR,HARYANA,D217,JHAJJAR,2.5
20-09-2025,28.5,76.5,JHAJJAR,HARYANA,D217,JHAJJAR,1.95
21-09-2025,28.5,76.5,JHAJJAR,HARYANA,D217,JHAJJAR,1.84
22-09-2025,28.5,76.5,JHAJJAR,HARYANA,D217,JHAJJAR,2.5
23-09-2025,28.5,76.5,JHAJJAR,HARYANA,D217,JHAJJAR,2.51
24-09-2025,28.5,76.5,JHAJJAR,HARYANA,D217,JHAJJAR,2.51
25-09-2025,28.5,76.5,JHAJJAR,HARYANA,D217,JHAJJAR,2.16
26-09-2025,28.5,76.5,JHAJJAR,HARYANA,D217,JHAJJAR,1.75
27-09-2025,28.5,76.5,JHAJJAR,HARYANA,D217,JHAJJAR,1.65
28-09-2025,28.5,76.5,JHAJJAR,HARYANA,D217,JHAJJAR,1.37
29-09-2025,28.5,76.5,JHAJJAR,HARYANA,D217,JHAJJAR,1.47
30-09-2025,28.5,76.5,JHAJJAR,HARYANA,D217,JHAJJAR,1.49
01-10-2025,28.5,76.5,JHAJJAR,HARYANA,D217,JHAJJAR,1.78
02-10-2025,28.5,76.5,JHAJJAR,HARYANA,D217,JHAJJAR,1.41
03-10-2025,28.5,76.5,JHAJJAR,HARYANA,D217,JHAJJAR,2.02
04-10-2025,28.5,76.5,JHAJJAR,HARYANA,D217,JHAJJAR,2.49
05-10-2025,28.5,76.5,JHAJJAR,HARYANA,D217,JHAJJAR,2.56
06-10-2025,28.5,76.5,JHAJJAR,HARYANA,D217,JHAJJAR,2.85
07-10-2025,28.5,76.5,JHAJJAR,HARYANA,D217,JHAJJAR,2.47
08-10-2025,28.5,76.5,JHAJJAR,HARYANA,D217,JHAJJAR,2.56
09-10-2025,28.5,76.5,JHAJJAR,HARYANA,D217,JHAJJAR,2.09
10-10-2025,28.5,76.5,JHAJJAR,HARYANA,D217,JHAJJAR,2
11-10-2025,28.5,76.5,JHAJJAR,HARYANA,D217,JHAJJAR,2.41
12-10-2025,28.5,76.5,JHAJJAR,HARYANA,D217,JHAJJAR,2.1
13-10-2025,28.5,76.5,JHAJJAR,HARYANA,D217,JHAJJAR,1.61
14-10-2025,28.5,76.5,JHAJJAR,HARYANA,D217,JHAJJAR,2.03
15-10-2025,28.5,76.5,JHAJJAR,HARYANA,D217,JHAJJAR,1.68
16-10-2025,28.5,76.5,JHAJJAR,HARYANA,D217,JHAJJAR,1.82
17-10-2025,28.5,76.5,JHAJJAR,HARYANA,D217,JHAJJAR,2.32
18-10-2025,28.5,76.5,JHAJJAR,HARYANA,D217,JHAJJAR,2.34
19-10-2025,28.5,76.5,JHAJJAR,HARYANA,D217,JHAJJAR,2.07
20-10-2025,28.5,76.5,JHAJJAR,HARYANA,D217,JHAJJAR,1.91
21-10-2025,28.5,76.5,JHAJJAR,HARYANA,D217,JHAJJAR,1.75
22-10-2025,28.5,76.5,JHAJJAR,HARYANA,D217,JHAJJAR,1.76
23-10-2025,28.5,76.5,JHAJJAR,HARYANA,D217,JHAJJAR,1.85
24-10-2025,28.5,76.5,JHAJJAR,HARYANA,D217,JHAJJAR,2.14
25-10-2025,28.5,76.5,JHAJJAR,HARYANA,D217,JHAJJAR,1.79
26-10-2025,28.5,76.5,JHAJJAR,HARYANA,D217,JHAJJAR,1.66
27-10-2025,28.5,76.5,JHAJJAR,HARYANA,D217,JHAJJAR,1.71
28-10-2025,28.5,76.5,JHAJJAR,HARYANA,D217,JHAJJAR,2.23
29-10-2025,28.5,76.5,JHAJJAR,HARYANA,D217,JHAJJAR,1.87
30-10-2025,28.5,76.5,JHAJJAR,HARYANA,D217,JHAJJAR,2.1
31-10-2025,28.5,76.5,JHAJJAR,HARYANA,D217,JHAJJAR,1.73
01-11-2025,28.5,76.5,JHAJJAR,HARYANA,D217,JHAJJAR,1.68
02-11-2025,28.5,76.5,JHAJJAR,HARYANA,D217,JHAJJAR,1.74
03-11-2025,28.5,76.5,JHAJJAR,HARYANA,D217,JHAJJAR,1.66
04-11-2025,28.5,76.5,JHAJJAR,HARYANA,D217,JHAJJAR,1.45
05-11-2025,28.5,76.5,JHAJJAR,HARYANA,D217,JHAJJAR,1.62
06-11-2025,28.5,76.5,JHAJJAR,HARYANA,D217,JHAJJAR,1.46
07-11-2025,28.5,76.5,JHAJJAR,HARYANA,D217,JHAJJAR,2.23
08-11-2025,28.5,76.5,JHAJJAR,HARYANA,D217,JHAJJAR,1.74
09-11-2025,28.5,76.5,JHAJJAR,HARYANA,D217,JHAJJAR,1.51
10-11-2025,28.5,76.5,JHAJJAR,HARYANA,D217,JHAJJAR,1.45
11-11-2025,28.5,76.5,JHAJJAR,HARYANA,D217,JHAJJAR,1.44
12-11-2025,28.5,76.5,JHAJJAR,HARYANA,D217,JHAJJAR,1.64
13-11-2025,28.5,76.5,JHAJJAR,HARYANA,D217,JHAJJAR,1.73
14-11-2025,28.5,76.5,JHAJJAR,HARYANA,D217,JHAJJAR,1.39
15-11-2025,28.5,76.5,JHAJJAR,HARYANA,D217,JHAJJAR,1.38
16-11-2025,28.5,76.5,JHAJJAR,HARYANA,D217,JHAJJAR,1.53
17-11-2025,28.5,76.5,JHAJJAR,HARYANA,D217,JHAJJAR,1.56
18-11-2025,28.5,76.5,JHAJJAR,HARYANA,D217,JHAJJAR,1.65
19-11-2025,28.5,76.5,JHAJJAR,HARYANA,D217,JHAJJAR,1.65
20-11-2025,28.5,76.5,JHAJJAR,HARYANA,D217,JHAJJAR,1.62
21-11-2025,28.5,76.5,JHAJJAR,HARYANA,D217,JHAJJAR,1.56
22-11-2025,28.5,76.5,JHAJJAR,HARYANA,D217,JHAJJAR,1.61
23-11-2025,28.5,76.5,JHAJJAR,HARYANA,D217,JHAJJAR,1.68
24-11-2025,28.5,76.5,JHAJJAR,HARYANA,D217,JHAJJAR,1.69
25-11-2025,28.5,76.5,JHAJJAR,HARYANA,D217,JHAJJAR,1.69
26-11-2025,28.5,76.5,JHAJJAR,HARYANA,D217,JHAJJAR,1.8
27-11-2025,28.5,76.5,JHAJJAR,HARYANA,D217,JHAJJAR,2.01
28-11-2025,28.5,76.5,JHAJJAR,HARYANA,D217,JHAJJAR,2.12
29-11-2025,28.5,76.5,JHAJJAR,HARYANA,D217,JHAJJAR,1.77
30-11-2025,28.5,76.5,JHAJJAR,HARYANA,D217,JHAJJAR,1.76
01-12-2025,28.5,76.5,JHAJJAR,HARYANA,D217,JHAJJAR,1.81
02-12-2025,28.5,76.5,JHAJJAR,HARYANA,D217,JHAJJAR,2.08
03-12-2025,28.5,76.5,JHAJJAR,HARYANA,D217,JHAJJAR,1.76
04-12-2025,28.5,76.5,JHAJJAR,HARYANA,D217,JHAJJAR,1.87
05-12-2025,28.5,76.5,JHAJJAR,HARYANA,D217,JHAJJAR,1.9
06-12-2025,28.5,76.5,JHAJJAR,HARYANA,D217,JHAJJAR,1.52
07-12-2025,28.5,76.5,JHAJJAR,HARYANA,D217,JHAJJAR,1.48
08-12-2025,28.5,76.5,JHAJJAR,HARYANA,D217,JHAJJAR,2.02
09-12-2025,28.5,76.5,JHAJJAR,HARYANA,D217,JHAJJAR,2.16
10-12-2025,28.5,76.5,JHAJJAR,HARYANA,D217,JHAJJAR,2.22
11-12-2025,28.5,76.5,JHAJJAR,HARYANA,D217,JHAJJAR,1.77
12-12-2025,28.5,76.5,JHAJJAR,HARYANA,D217,JHAJJAR,2.09
13-12-2025,28.5,76.5,JHAJJAR,HARYANA,D217,JHAJJAR,2.41
14-12-2025,28.5,76.5,JHAJJAR,HARYANA,D217,JHAJJAR,2.44
15-12-2025,28.5,76.5,JHAJJAR,HARYANA,D217,JHAJJAR,2.53
16-12-2025,28.5,76.5,JHAJJAR,HARYANA,D217,JHAJJAR,2.89
17-12-2025,28.5,76.5,JHAJJAR,HARYANA,D217,JHAJJAR,3.29
18-12-2025,28.5,76.5,JHAJJAR,HARYANA,D217,JHAJJAR,3.03
19-12-2025,28.5,76.5,JHAJJAR,HARYANA,D217,JHAJJAR,2.57
20-12-2025,28.5,76.5,JHAJJAR,HARYANA,D217,JHAJJAR,2.5
21-12-2025,28.5,76.5,JHAJJAR,HARYANA,D217,JHAJJAR,2.84
22-12-2025,28.5,76.5,JHAJJAR,HARYANA,D217,JHAJJAR,2.62
23-12-2025,28.5,76.5,JHAJJAR,HARYANA,D217,JHAJJAR,2.93
24-12-2025,28.5,76.5,JHAJJAR,HARYANA,D217,JHAJJAR,2.68
25-12-2025,28.5,76.5,JHAJJAR,HARYANA,D217,JHAJJAR,2.89
26-12-2025,28.5,76.5,JHAJJAR,HARYANA,D217,JHAJJAR,2.56
27-12-2025,28.5,76.5,JHAJJAR,HARYANA,D217,JHAJJAR,2.9
28-12-2025,28.5,76.5,JHAJJAR,HARYANA,D217,JHAJJAR,2.94
29-12-2025,28.5,76.5,JHAJJAR,HARYANA,D217,JHAJJAR,2.61
30-12-2025,28.5,76.5,JHAJJAR,HARYANA,D217,JHAJJAR,3
31-12-2025,28.5,76.5,JHAJJAR,HARYANA,D217,JHAJJAR,2.65
01-01-2025,29.5,76.5,JIND,HARYANA,D218,JULANA,2.76
02-01-2025,29.5,76.5,JIND,HARYANA,D218,JULANA,2.62
03-01-2025,29.5,76.5,JIND,HARYANA,D218,JULANA,2.73
04-01-2025,29.5,76.5,JIND,HARYANA,D218,JULANA,2.92
05-01-2025,29.5,76.5,JIND,HARYANA,D218,JULANA,3.18
06-01-2025,29.5,76.5,JIND,HARYANA,D218,JULANA,2.55
07-01-2025,29.5,76.5,JIND,HARYANA,D218,JULANA,2.61
08-01-2025,29.5,76.5,JIND,HARYANA,D218,JULANA,2.85
09-01-2025,29.5,76.5,JIND,HARYANA,D218,JULANA,2.81
10-01-2025,29.5,76.5,JIND,HARYANA,D218,JULANA,2.82
11-01-2025,29.5,76.5,JIND,HARYANA,D218,JULANA,2.59
12-01-2025,29.5,76.5,JIND,HARYANA,D218,JULANA,2.62
13-01-2025,29.5,76.5,JIND,HARYANA,D218,JULANA,2.4
14-01-2025,29.5,76.5,JIND,HARYANA,D218,JULANA,2.41
15-01-2025,29.5,76.5,JIND,HARYANA,D218,JULANA,2.34
16-01-2025,29.5,76.5,JIND,HARYANA,D218,JULANA,2.76
17-01-2025,29.5,76.5,JIND,HARYANA,D218,JULANA,2.32
18-01-2025,29.5,76.5,JIND,HARYANA,D218,JULANA,2.36
19-01-2025,29.5,76.5,JIND,HARYANA,D218,JULANA,2.44
20-01-2025,29.5,76.5,JIND,HARYANA,D218,JULANA,2.68
21-01-2025,29.5,76.5,JIND,HARYANA,D218,JULANA,2.58
22-01-2025,29.5,76.5,JIND,HARYANA,D218,JULANA,2.76
23-01-2025,29.5,76.5,JIND,HARYANA,D218,JULANA,2.55
24-01-2025,29.5,76.5,JIND,HARYANA,D218,JULANA,2.6
25-01-2025,29.5,76.5,JIND,HARYANA,D218,JULANA,2.65
26-01-2025,29.5,76.5,JIND,HARYANA,D218,JULANA,2.45
27-01-2025,29.5,76.5,JIND,HARYANA,D218,JULANA,2.27
28-01-2025,29.5,76.5,JIND,HARYANA,D218,JULANA,2.43
29-01-2025,29.5,76.5,JIND,HARYANA,D218,JULANA,2.48
30-01-2025,29.5,76.5,JIND,HARYANA,D218,JULANA,2.64
31-01-2025,29.5,76.5,JIND,HARYANA,D218,JULANA,2.64
01-02-2025,29.5,76.5,JIND,HARYANA,D218,JULANA,2.84
02-02-2025,29.5,76.5,JIND,HARYANA,D218,JULANA,2.39
03-02-2025,29.5,76.5,JIND,HARYANA,D218,JULANA,2.65
04-02-2025,29.5,76.5,JIND,HARYANA,D218,JULANA,2.7
05-02-2025,29.5,76.5,JIND,HARYANA,D218,JULANA,2.8
06-02-2025,29.5,76.5,JIND,HARYANA,D218,JULANA,2.68
07-02-2025,29.5,76.5,JIND,HARYANA,D218,JULANA,2.54
08-02-2025,29.5,76.5,JIND,HARYANA,D218,JULANA,2.51
09-02-2025,29.5,76.5,JIND,HARYANA,D218,JULANA,2.52
10-02-2025,29.5,76.5,JIND,HARYANA,D218,JULANA,2.53
11-02-2025,29.5,76.5,JIND,HARYANA,D218,JULANA,2.52
12-02-2025,29.5,76.5,JIND,HARYANA,D218,JULANA,2.74
13-02-2025,29.5,76.5,JIND,HARYANA,D218,JULANA,2.45
14-02-2025,29.5,76.5,JIND,HARYANA,D218,JULANA,2.71
15-02-2025,29.5,76.5,JIND,HARYANA,D218,JULANA,2.8
16-02-2025,29.5,76.5,JIND,HARYANA,D218,JULANA,2.74
17-02-2025,29.5,76.5,JIND,HARYANA,D218,JULANA,2.54
18-02-2025,29.5,76.5,JIND,HARYANA,D218,JULANA,2.3
19-02-2025,29.5,76.5,JIND,HARYANA,D218,JULANA,2.43
20-02-2025,29.5,76.5,JIND,HARYANA,D218,JULANA,2.86
21-02-2025,29.5,76.5,JIND,HARYANA,D218,JULANA,2.81
22-02-2025,29.5,76.5,JIND,HARYANA,D218,JULANA,2.84
23-02-2025,29.5,76.5,JIND,HARYANA,D218,JULANA,2.95
24-02-2025,29.5,76.5,JIND,HARYANA,D218,JULANA,2.99
25-02-2025,29.5,76.5,JIND,HARYANA,D218,JULANA,3.13
26-02-2025,29.5,76.5,JIND,HARYANA,D218,JULANA,3.32
27-02-2025,29.5,76.5,JIND,HARYANA,D218,JULANA,3.28
28-02-2025,29.5,76.5,JIND,HARYANA,D218,JULANA,2.85
29-02-2025,29.5,76.5,JIND,HARYANA,D218,JULANA,1.97
01-03-2025,29.5,76.5,JIND,HARYANA,D218,JULANA,3.43
02-03-2025,29.5,76.5,JIND,HARYANA,D218,JULANA,3.52
03-03-2025,29.5,76.5,JIND,HARYANA,D218,JULANA,3.26
04-03-2025,29.5,76.5,JIND,HARYANA,D218,JULANA,3.34
05-03-2025,29.5,76.5,JIND,HARYANA,D218,JULANA,3.15
06-03-2025,29.5,76.5,JIND,HARYANA,D218,JULANA,3.28
07-03-2025,29.5,76.5,JIND,HARYANA,D218,JULANA,2.89
08-03-2025,29.5,76.5,JIND,HARYANA,D218,JULANA,2.73
09-03-2025,29.5,76.5,JIND,HARYANA,D218,JULANA,2.51
10-03-2025,29.5,76.5,JIND,HARYANA,D218,JULANA,2.44
11-03-2025,29.5,76.5,JIND,HARYANA,D218,JULANA,2.96
12-03-2025,29.5,76.5,JIND,HARYANA,D218,JULANA,2.85
13-03-2025,29.5,76.5,JIND,HARYANA,D218,JULANA,3.37
14-03-2025,29.5,76.5,JIND,HARYANA,D218,JULANA,3.39
15-03-2025,29.5,76.5,JIND,HARYANA,D218,JULANA,3.36
16-03-2025,29.5,76.5,JIND,HARYANA,D218,JULANA,2.88
17-03-2025,29.5,76.5,JIND,HARYANA,D218,JULANA,2.86
18-03-2025,29.5,76.5,JIND,HARYANA,D218,JULANA,3.13
19-03-2025,29.5,76.5,JIND,HARYANA,D218,JULANA,2.66
20-03-2025,29.5,76.5,JIND,HARYANA,D218,JULANA,2.6
21-03-2025,29.5,76.5,JIND,HARYANA,D218,JULANA,2.7
22-03-2025,29.5,76.5,JIND,HARYANA,D218,JULANA,2.8
23-03-2025,29.5,76.5,JIND,HARYANA,D218,JULANA,3.02
24-03-2025,29.5,76.5,JIND,HARYANA,D218,JULANA,3.11
25-03-2025,29.5,76.5,JIND,HARYANA,D218,JULANA,2.87
26-03-2025,29.5,76.5,JIND,HARYANA,D218,JULANA,2.43
27-03-2025,29.5,76.5,JIND,HARYANA,D218,JULANA,3.14
28-03-2025,29.5,76.5,JIND,HARYANA,D218,JULANA,2.69
29-03-2025,29.5,76.5,JIND,HARYANA,D218,JULANA,2.87
30-03-2025,29.5,76.5,JIND,HARYANA,D218,JULANA,3.15
31-03-2025,29.5,76.5,JIND,HARYANA,D218,JULANA,3.57
01-04-2025,29.5,76.5,JIND,HARYANA,D218,JULANA,3
02-04-2025,29.5,76.5,JIND,HARYANA,D218,JULANA,2.8
03-04-2025,29.5,76.5,JIND,HARYANA,D218,JULANA,3.5
04-04-2025,29.5,76.5,JIND,HARYANA,D218,JULANA,3.38
05-04-2025,29.5,76.5,JIND,HARYANA,D218,JULANA,3.1
06-04-2025,29.5,76.5,JIND,HARYANA,D218,JULANA,2.75
07-04-2025,29.5,76.5,JIND,HARYANA,D218,JULANA,3.05
08-04-2025,29.5,76.5,JIND,HARYANA,D218,JULANA,2.57
09-04-2025,29.5,76.5,JIND,HARYANA,D218,JULANA,2.68
10-04-2025,29.5,76.5,JIND,HARYANA,D218,JULANA,2.77
11-04-2025,29.5,76.5,JIND,HARYANA,D218,JULANA,2.89
12-04-2025,29.5,76.5,JIND,HARYANA,D218,JULANA,2.67
13-04-2025,29.5,76.5,JIND,HARYANA,D218,JULANA,2.84
14-04-2025,29.5,76.5,JIND,HARYANA,D218,JULANA,2.78
15-04-2025,29.5,76.5,JIND,HARYANA,D218,JULANA,2.33
16-04-2025,29.5,76.5,JIND,HARYANA,D218,JULANA,2.94
17-04-2025,29.5,76.5,JIND,HARYANA,D218,JULANA,3.46
18-04-2025,29.5,76.5,JIND,HARYANA,D218,JULANA,3.47
19-04-2025,29.5,76.5,JIND,HARYANA,D218,JULANA,3.12
20-04-2025,29.5,76.5,JIND,HARYANA,D218,JULANA,3.18
21-04-2025,29.5,76.5,JIND,HARYANA,D218,JULANA,2.98
22-04-2025,29.5,76.5,JIND,HARYANA,D218,JULANA,2.4
23-04-2025,29.5,76.5,JIND,HARYANA,D218,JULANA,2.51
24-04-2025,29.5,76.5,JIND,HARYANA,D218,JULANA,2.07
25-04-2025,29.5,76.5,JIND,HARYANA,D218,JULANA,2.19
26-04-2025,29.5,76.5,JIND,HARYANA,D218,JULANA,2.55
27-04-2025,29.5,76.5,JIND,HARYANA,D218,JULANA,2.68
28-04-2025,29.5,76.5,JIND,HARYANA,D218,JULANA,2.39
29-04-2025,29.5,76.5,JIND,HARYANA,D218,JULANA,2.73
30-04-2025,29.5,76.5,JIND,HARYANA,D218,JULANA,3.21
01-05-2025,29.5,76.5,JIND,HARYANA,D218,JULANA,4
02-05-2025,29.5,76.5,JIND,HARYANA,D218,JULANA,3.92
03-05-2025,29.5,76.5,JIND,HARYANA,D218,JULANA,3.05
04-05-2025,29.5,76.5,JIND,HARYANA,D218,JULANA,2.77
05-05-2025,29.5,76.5,JIND,HARYANA,D218,JULANA,2.82
06-05-2025,29.5,76.5,JIND,HARYANA,D218,JULANA,2.62
07-05-2025,29.5,76.5,JIND,HARYANA,D218,JULANA,2.85
08-05-2025,29.5,76.5,JIND,HARYANA,D218,JULANA,2.52
09-05-2025,29.5,76.5,JIND,HARYANA,D218,JULANA,2.31
10-05-2025,29.5,76.5,JIND,HARYANA,D218,JULANA,2.4
11-05-2025,29.5,76.5,JIND,HARYANA,D218,JULANA,2.17
12-05-2025,29.5,76.5,JIND,HARYANA,D218,JULANA,2.57
13-05-2025,29.5,76.5,JIND,HARYANA,D218,JULANA,2.86
14-05-2025,29.5,76.5,JIND,HARYANA,D218,JULANA,2.65
15-05-2025,29.5,76.5,JIND,HARYANA,D218,JULANA,2.51
16-05-2025,29.5,76.5,JIND,HARYANA,D218,JULANA,2.12
17-05-2025,29.5,76.5,JIND,HARYANA,D218,JULANA,2.72
18-05-2025,29.5,76.5,JIND,HARYANA,D218,JULANA,3.33
19-05-2025,29.5,76.5,JIND,HARYANA,D218,JULANA,3.63
20-05-2025,29.5,76.5,JIND,HARYANA,D218,JULANA,2.88
21-05-2025,29.5,76.5,JIND,HARYANA,D218,JULANA,3.15
22-05-2025,29.5,76.5,JIND,HARYANA,D218,JULANA,3.45
23-05-2025,29.5,76.5,JIND,HARYANA,D218,JULANA,3.19
24-05-2025,29.5,76.5,JIND,HARYANA,D218,JULANA,3.53
25-05-2025,29.5,76.5,JIND,HARYANA,D218,JULANA,3.5
26-05-2025,29.5,76.5,JIND,HARYANA,D218,JULANA,3.01
27-05-2025,29.5,76.5,JIND,HARYANA,D218,JULANA,2.88
28-05-2025,29.5,76.5,JIND,HARYANA,D218,JULANA,2.61
29-05-2025,29.5,76.5,JIND,HARYANA,D218,JULANA,3.27
30-05-2025,29.5,76.5,JIND,HARYANA,D218,JULANA,3.47
31-05-2025,29.5,76.5,JIND,HARYANA,D218,JULANA,3.52
01-06-2025,29.5,76.5,JIND,HARYANA,D218,JULANA,3.66
02-06-2025,29.5,76.5,JIND,HARYANA,D218,JULANA,3.37
03-06-2025,29.5,76.5,JIND,HARYANA,D218,JULANA,3.58
04-06-2025,29.5,76.5,JIND,HARYANA,D218,JULANA,3.51
05-06-2025,29.5,76.5,JIND,HARYANA,D218,JULANA,3.58
06-06-2025,29.5,76.5,JIND,HARYANA,D218,JULANA,2.83
07-06-2025,29.5,76.5,JIND,HARYANA,D218,JULANA,3.17
08-06-2025,29.5,76.5,JIND,HARYANA,D218,JULANA,3.98
09-06-2025,29.5,76.5,JIND,HARYANA,D218,JULANA,3.28
10-06-2025,29.5,76.5,JIND,HARYANA,D218,JULANA,3.16
11-06-2025,29.5,76.5,JIND,HARYANA,D218,JULANA,2.9
12-06-2025,29.5,76.5,JIND,HARYANA,D218,JULANA,2.49
13-06-2025,29.5,76.5,JIND,HARYANA,D218,JULANA,2.67
14-06-2025,29.5,76.5,JIND,HARYANA,D218,JULANA,2.51
15-06-2025,29.5,76.5,JIND,HARYANA,D218,JULANA,3.08
16-06-2025,29.5,76.5,JIND,HARYANA,D218,JULANA,3.28
17-06-2025,29.5,76.5,JIND,HARYANA,D218,JULANA,3.7
18-06-2025,29.5,76.5,JIND,HARYANA,D218,JULANA,3.54
19-06-2025,29.5,76.5,JIND,HARYANA,D218,JULANA,3.1
20-06-2025,29.5,76.5,JIND,HARYANA,D218,JULANA,3.01
21-06-2025,29.5,76.5,JIND,HARYANA,D218,JULANA,3.02
22-06-2025,29.5,76.5,JIND,HARYANA,D218,JULANA,3
23-06-2025,29.5,76.5,JIND,HARYANA,D218,JULANA,2.63
24-06-2025,29.5,76.5,JIND,HARYANA,D218,JULANA,2.5
25-06-2025,29.5,76.5,JIND,HARYANA,D218,JULANA,2.95
26-06-2025,29.5,76.5,JIND,HARYANA,D218,JULANA,2.64
27-06-2025,29.5,76.5,JIND,HARYANA,D218,JULANA,2.99
28-06-2025,29.5,76.5,JIND,HARYANA,D218,JULANA,2.79
29-06-2025,29.5,76.5,JIND,HARYANA,D218,JULANA,2.8
30-06-2025,29.5,76.5,JIND,HARYANA,D218,JULANA,2.71
01-07-2025,29.5,76.5,JIND,HARYANA,D218,JULANA,2.76
02-07-2025,29.5,76.5,JIND,HARYANA,D218,JULANA,2.55
03-07-2025,29.5,76.5,JIND,HARYANA,D218,JULANA,2.1
04-07-2025,29.5,76.5,JIND,HARYANA,D218,JULANA,2.11
05-07-2025,29.5,76.5,JIND,HARYANA,D218,JULANA,2.05
06-07-2025,29.5,76.5,JIND,HARYANA,D218,JULANA,2.49
07-07-2025,29.5,76.5,JIND,HARYANA,D218,JULANA,2.43
08-07-2025,29.5,76.5,JIND,HARYANA,D218,JULANA,2.49
09-07-2025,29.5,76.5,JIND,HARYANA,D218,JULANA,2.1
10-07-2025,29.5,76.5,JIND,HARYANA,D218,JULANA,2.68
11-07-2025,29.5,76.5,JIND,HARYANA,D218,JULANA,2.66
12-07-2025,29.5,76.5,JIND,HARYANA,D218,JULANA,2.59
13-07-2025,29.5,76.5,JIND,HARYANA,D218,JULANA,2.04
14-07-2025,29.5,76.5,JIND,HARYANA,D218,JULANA,1.71
15-07-2025,29.5,76.5,JIND,HARYANA,D218,JULANA,1.88
16-07-2025,29.5,76.5,JIND,HARYANA,D218,JULANA,2.2
17-07-2025,29.5,76.5,JIND,HARYANA,D218,JULANA,2.16
18-07-2025,29.5,76.5,JIND,HARYANA,D218,JULANA,1.94
19-07-2025,29.5,76.5,JIND,HARYANA,D218,JULANA,2.32
20-07-2025,29.5,76.5,JIND,HARYANA,D218,JULANA,1.86
21-07-2025,29.5,76.5,JIND,HARYANA,D218,JULANA,2.18
22-07-2025,29.5,76.5,JIND,HARYANA,D218,JULANA,2.16
23-07-2025,29.5,76.5,JIND,HARYANA,D218,JULANA,1.77
24-07-2025,29.5,76.5,JIND,HARYANA,D218,JULANA,1.58
25-07-2025,29.5,76.5,JIND,HARYANA,D218,JULANA,1.76
26-07-2025,29.5,76.5,JIND,HARYANA,D218,JULANA,1.84
27-07-2025,29.5,76.5,JIND,HARYANA,D218,JULANA,1.93
28-07-2025,29.5,76.5,JIND,HARYANA,D218,JULANA,2.24
29-07-2025,29.5,76.5,JIND,HARYANA,D218,JULANA,1.97
30-07-2025,29.5,76.5,JIND,HARYANA,D218,JULANA,1.56
31-07-2025,29.5,76.5,JIND,HARYANA,D218,JULANA,2.15
01-08-2025,29.5,76.5,JIND,HARYANA,D218,JULANA,1.7
02-08-2025,29.5,76.5,JIND,HARYANA,D218,JULANA,1.77
03-08-2025,29.5,76.5,JIND,HARYANA,D218,JULANA,2.29
04-08-2025,29.5,76.5,JIND,HARYANA,D218,JULANA,2.11
05-08-2025,29.5,76.5,JIND,HARYANA,D218,JULANA,1.57
06-08-2025,29.5,76.5,JIND,HARYANA,D218,JULANA,1.74
07-08-2025,29.5,76.5,JIND,HARYANA,D218,JULANA,1.57
08-08-2025,29.5,76.5,JIND,HARYANA,D218,JULANA,1.86
09-08-2025,29.5,76.5,JIND,HARYANA,D218,JULANA,1.9
10-08-2025,29.5,76.5,JIND,HARYANA,D218,JULANA,1.74
11-08-2025,29.5,76.5,JIND,HARYANA,D218,JULANA,1.65
12-08-2025,29.5,76.5,JIND,HARYANA,D218,JULANA,1.42
13-08-2025,29.5,76.5,JIND,HARYANA,D218,JULANA,1.6
14-08-2025,29.5,76.5,JIND,HARYANA,D218,JULANA,1.71
15-08-2025,29.5,76.5,JIND,HARYANA,D218,JULANA,1.94
16-08-2025,29.5,76.5,JIND,HARYANA,D218,JULANA,1.81
17-08-2025,29.5,76.5,JIND,HARYANA,D218,JULANA,1.96
18-08-2025,29.5,76.5,JIND,HARYANA,D218,JULANA,1.57
19-08-2025,29.5,76.5,JIND,HARYANA,D218,JULANA,1.45
20-08-2025,29.5,76.5,JIND,HARYANA,D218,JULANA,1.53
21-08-2025,29.5,76.5,JIND,HARYANA,D218,JULANA,1.99
22-08-2025,29.5,76.5,JIND,HARYANA,D218,JULANA,1.84
23-08-2025,29.5,76.5,JIND,HARYANA,D218,JULANA,1.93
24-08-2025,29.5,76.5,JIND,HARYANA,D218,JULANA,2.23
25-08-2025,29.5,76.5,JIND,HARYANA,D218,JULANA,2.1
26-08-2025,29.5,76.5,JIND,HARYANA,D218,JULANA,1.84
27-08-2025,29.5,76.5,JIND,HARYANA,D218,JULANA,1.74
28-08-2025,29.5,76.5,JIND,HARYANA,D218,JULANA,1.49
29-08-2025,29.5,76.5,JIND,HARYANA,D218,JULANA,1.75
30-08-2025,29.5,76.5,JIND,HARYANA,D218,JULANA,1.68
31-08-2025,29.5,76.5,JIND,HARYANA,D218,JULANA,1.8
01-09-2025,29.5,76.5,JIND,HARYANA,D218,JULANA,2.21
02-09-2025,29.5,76.5,JIND,HARYANA,D218,JULANA,2
03-09-2025,29.5,76.5,JIND,HARYANA,D218,JULANA,1.85
04-09-2025,29.5,76.5,JIND,HARYANA,D218,JULANA,2.11
05-09-2025,29.5,76.5,JIND,HARYANA,D218,JULANA,2.11
06-09-2025,29.5,76.5,JIND,HARYANA,D218,JULANA,1.67
07-09-2025,29.5,76.5,JIND,HARYANA,D218,JULANA,1.96
08-09-2025,29.5,76.5,JIND,HARYANA,D218,JULANA,2.2
09-09-2025,29.5,76.5,JIND,HARYANA,D218,JULANA,2.08
10-09-2025,29.5,76.5,JIND,HARYANA,D218,JULANA,2.25
11-09-2025,29.5,76.5,JIND,HARYANA,D218,JULANA,2.45
12-09-2025,29.5,76.5,JIND,HARYANA,D218,JULANA,2.09
13-09-2025,29.5,76.5,JIND,HARYANA,D218,JULANA,2.26
14-09-2025,29.5,76.5,JIND,HARYANA,D218,JULANA,1.94
15-09-2025,29.5,76.5,JIND,HARYANA,D218,JULANA,1.7
16-09-2025,29.5,76.5,JIND,HARYANA,D218,JULANA,1.82
17-09-2025,29.5,76.5,JIND,HARYANA,D218,JULANA,1.62
18-09-2025,29.5,76.5,JIND,HARYANA,D218,JULANA,2.08
19-09-2025,29.5,76.5,JIND,HARYANA,D218,JULANA,2.49
20-09-2025,29.5,76.5,JIND,HARYANA,D218,JULANA,1.93
21-09-2025,29.5,76.5,JIND,HARYANA,D218,JULANA,1.77
22-09-2025,29.5,76.5,JIND,HARYANA,D218,JULANA,2.42
23-09-2025,29.5,76.5,JIND,HARYANA,D218,JULANA,2.49
24-09-2025,29.5,76.5,JIND,HARYANA,D218,JULANA,2.46
25-09-2025,29.5,76.5,JIND,HARYANA,D218,JULANA,2.16
26-09-2025,29.5,76.5,JIND,HARYANA,D218,JULANA,1.66
27-09-2025,29.5,76.5,JIND,HARYANA,D218,JULANA,1.59
28-09-2025,29.5,76.5,JIND,HARYANA,D218,JULANA,1.37
29-09-2025,29.5,76.5,JIND,HARYANA,D218,JULANA,1.5
30-09-2025,29.5,76.5,JIND,HARYANA,D218,JULANA,1.69
01-10-2025,29.5,76.5,JIND,HARYANA,D218,JULANA,1.74
02-10-2025,29.5,76.5,JIND,HARYANA,D218,JULANA,1.32
03-10-2025,29.5,76.5,JIND,HARYANA,D218,JULANA,1.79
04-10-2025,29.5,76.5,JIND,HARYANA,D218,JULANA,2.14
05-10-2025,29.5,76.5,JIND,HARYANA,D218,JULANA,2.3
06-10-2025,29.5,76.5,JIND,HARYANA,D218,JULANA,2.56
07-10-2025,29.5,76.5,JIND,HARYANA,D218,JULANA,2.3
08-10-2025,29.5,76.5,JIND,HARYANA,D218,JULANA,2.41
09-10-2025,29.5,76.5,JIND,HARYANA,D218,JULANA,1.97
10-10-2025,29.5,76.5,JIND,HARYANA,D218,JULANA,1.83
11-10-2025,29.5,76.5,JIND,HARYANA,D218,JULANA,2.32
12-10-2025,29.5,76.5,JIND,HARYANA,D218,JULANA,2.03
13-10-2025,29.5,76.5,JIND,HARYANA,D218,JULANA,1.66
14-10-2025,29.5,76.5,JIND,HARYANA,D218,JULANA,1.97
15-10-2025,29.5,76.5,JIND,HARYANA,D218,JULANA,1.73
16-10-2025,29.5,76.5,JIND,HARYANA,D218,JULANA,1.96
17-10-2025,29.5,76.5,JIND,HARYANA,D218,JULANA,2.47
18-10-2025,29.5,76.5,JIND,HARYANA,D218,JULANA,2.33
19-10-2025,29.5,76.5,JIND,HARYANA,D218,JULANA,1.96
20-10-2025,29.5,76.5,JIND,HARYANA,D218,JULANA,1.77
21-10-2025,29.5,76.5,JIND,HARYANA,D218,JULANA,1.61
22-10-2025,29.5,76.5,JIND,HARYANA,D218,JULANA,1.68
23-10-2025,29.5,76.5,JIND,HARYANA,D218,JULANA,1.74
24-10-2025,29.5,76.5,JIND,HARYANA,D218,JULANA,2.07
25-10-2025,29.5,76.5,JIND,HARYANA,D218,JULANA,1.58
26-10-2025,29.5,76.5,JIND,HARYANA,D218,JULANA,1.46
27-10-2025,29.5,76.5,JIND,HARYANA,D218,JULANA,1.54
28-10-2025,29.5,76.5,JIND,HARYANA,D218,JULANA,1.76
29-10-2025,29.5,76.5,JIND,HARYANA,D218,JULANA,1.66
30-10-2025,29.5,76.5,JIND,HARYANA,D218,JULANA,1.88
31-10-2025,29.5,76.5,JIND,HARYANA,D218,JULANA,1.52
01-11-2025,29.5,76.5,JIND,HARYANA,D218,JULANA,1.55
02-11-2025,29.5,76.5,JIND,HARYANA,D218,JULANA,1.62
03-11-2025,29.5,76.5,JIND,HARYANA,D218,JULANA,1.62
04-11-2025,29.5,76.5,JIND,HARYANA,D218,JULANA,1.23
05-11-2025,29.5,76.5,JIND,HARYANA,D218,JULANA,1.44
06-11-2025,29.5,76.5,JIND,HARYANA,D218,JULANA,1.22
07-11-2025,29.5,76.5,JIND,HARYANA,D218,JULANA,2.03
08-11-2025,29.5,76.5,JIND,HARYANA,D218,JULANA,1.56
09-11-2025,29.5,76.5,JIND,HARYANA,D218,JULANA,1.48
10-11-2025,29.5,76.5,JIND,HARYANA,D218,JULANA,1.5
11-11-2025,29.5,76.5,JIND,HARYANA,D218,JULANA,1.26
12-11-2025,29.5,76.5,JIND,HARYANA,D218,JULANA,1.25
13-11-2025,29.5,76.5,JIND,HARYANA,D218,JULANA,1.48
14-11-2025,29.5,76.5,JIND,HARYANA,D218,JULANA,1.29
15-11-2025,29.5,76.5,JIND,HARYANA,D218,JULANA,1.32
16-11-2025,29.5,76.5,JIND,HARYANA,D218,JULANA,1.45
17-11-2025,29.5,76.5,JIND,HARYANA,D218,JULANA,1.5
18-11-2025,29.5,76.5,JIND,HARYANA,D218,JULANA,1.4
19-11-2025,29.5,76.5,JIND,HARYANA,D218,JULANA,1.45
20-11-2025,29.5,76.5,JIND,HARYANA,D218,JULANA,1.4
21-11-2025,29.5,76.5,JIND,HARYANA,D218,JULANA,1.44
22-11-2025,29.5,76.5,JIND,HARYANA,D218,JULANA,1.61
23-11-2025,29.5,76.5,JIND,HARYANA,D218,JULANA,1.49
24-11-2025,29.5,76.5,JIND,HARYANA,D218,JULANA,1.49
25-11-2025,29.5,76.5,JIND,HARYANA,D218,JULANA,1.84
26-11-2025,29.5,76.5,JIND,HARYANA,D218,JULANA,1.85
27-11-2025,29.5,76.5,JIND,HARYANA,D218,JULANA,2.04
28-11-2025,29.5,76.5,JIND,HARYANA,D218,JULANA,2
29-11-2025,29.5,76.5,JIND,HARYANA,D218,JULANA,1.65
30-11-2025,29.5,76.5,JIND,HARYANA,D218,JULANA,1.71
01-12-2025,29.5,76.5,JIND,HARYANA,D218,JULANA,1.78
02-12-2025,29.5,76.5,JIND,HARYANA,D218,JULANA,1.98
03-12-2025,29.5,76.5,JIND,HARYANA,D218,JULANA,1.59
04-12-2025,29.5,76.5,JIND,HARYANA,D218,JULANA,1.75
05-12-2025,29.5,76.5,JIND,HARYANA,D218,JULANA,1.85
06-12-2025,29.5,76.5,JIND,HARYANA,D218,JULANA,1.4
07-12-2025,29.5,76.5,JIND,HARYANA,D218,JULANA,1.2
08-12-2025,29.5,76.5,JIND,HARYANA,D218,JULANA,1.88
09-12-2025,29.5,76.5,JIND,HARYANA,D218,JULANA,2.15
10-12-2025,29.5,76.5,JIND,HARYANA,D218,JULANA,2.13
11-12-2025,29.5,76.5,JIND,HARYANA,D218,JULANA,1.85
12-12-2025,29.5,76.5,JIND,HARYANA,D218,JULANA,2.26
13-12-2025,29.5,76.5,JIND,HARYANA,D218,JULANA,2.5
14-12-2025,29.5,76.5,JIND,HARYANA,D218,JULANA,2.44
15-12-2025,29.5,76.5,JIND,HARYANA,D218,JULANA,2.45
16-12-2025,29.5,76.5,JIND,HARYANA,D218,JULANA,2.72
17-12-2025,29.5,76.5,JIND,HARYANA,D218,JULANA,2.92
18-12-2025,29.5,76.5,JIND,HARYANA,D218,JULANA,2.94
19-12-2025,29.5,76.5,JIND,HARYANA,D218,JULANA,2.52
20-12-2025,29.5,76.5,JIND,HARYANA,D218,JULANA,2.52
21-12-2025,29.5,76.5,JIND,HARYANA,D218,JULANA,2.89
22-12-2025,29.5,76.5,JIND,HARYANA,D218,JULANA,2.65
23-12-2025,29.5,76.5,JIND,HARYANA,D218,JULANA,3.01
24-12-2025,29.5,76.5,JIND,HARYANA,D218,JULANA,2.59
25-12-2025,29.5,76.5,JIND,HARYANA,D218,JULANA,2.91
26-12-2025,29.5,76.5,JIND,HARYANA,D218,JULANA,2.58
27-12-2025,29.5,76.5,JIND,HARYANA,D218,JULANA,2.97
28-12-2025,29.5,76.5,JIND,HARYANA,D218,JULANA,2.92
29-12-2025,29.5,76.5,JIND,HARYANA,D218,JULANA,2.63
30-12-2025,29.5,76.5,JIND,HARYANA,D218,JULANA,2.92
31-12-2025,29.5,76.5,JIND,HARYANA,D218,JULANA,2.6
01-01-2025,31.5,75.5,KAPURTHALA,PUNJAB,D529,SULTANPUR LODHI,2.66
02-01-2025,31.5,75.5,KAPURTHALA,PUNJAB,D529,SULTANPUR LODHI,2.48
03-01-2025,31.5,75.5,KAPURTHALA,PUNJAB,D529,SULTANPUR LODHI,2.41
04-01-2025,31.5,75.5,KAPURTHALA,PUNJAB,D529,SULTANPUR LODHI,2.31
05-01-2025,31.5,75.5,KAPURTHALA,PUNJAB,D529,SULTANPUR LODHI,2.48
06-01-2025,31.5,75.5,KAPURTHALA,PUNJAB,D529,SULTANPUR LODHI,2.41
07-01-2025,31.5,75.5,KAPURTHALA,PUNJAB,D529,SULTANPUR LODHI,2.65
08-01-2025,31.5,75.5,KAPURTHALA,PUNJAB,D529,SULTANPUR LODHI,2.58
09-01-2025,31.5,75.5,KAPURTHALA,PUNJAB,D529,SULTANPUR LODHI,2.57
10-01-2025,31.5,75.5,KAPURTHALA,PUNJAB,D529,SULTANPUR LODHI,2.6
11-01-2025,31.5,75.5,KAPURTHALA,PUNJAB,D529,SULTANPUR LODHI,2.55
12-01-2025,31.5,75.5,KAPURTHALA,PUNJAB,D529,SULTANPUR LODHI,2.5
13-01-2025,31.5,75.5,KAPURTHALA,PUNJAB,D529,SULTANPUR LODHI,2.47
14-01-2025,31.5,75.5,KAPURTHALA,PUNJAB,D529,SULTANPUR LODHI,2.61
15-01-2025,31.5,75.5,KAPURTHALA,PUNJAB,D529,SULTANPUR LODHI,2.59
16-01-2025,31.5,75.5,KAPURTHALA,PUNJAB,D529,SULTANPUR LODHI,2.99
17-01-2025,31.5,75.5,KAPURTHALA,PUNJAB,D529,SULTANPUR LODHI,2.32
18-01-2025,31.5,75.5,KAPURTHALA,PUNJAB,D529,SULTANPUR LODHI,1.99
19-01-2025,31.5,75.5,KAPURTHALA,PUNJAB,D529,SULTANPUR LODHI,2.08
20-01-2025,31.5,75.5,KAPURTHALA,PUNJAB,D529,SULTANPUR LODHI,2.59
21-01-2025,31.5,75.5,KAPURTHALA,PUNJAB,D529,SULTANPUR LODHI,2.59
22-01-2025,31.5,75.5,KAPURTHALA,PUNJAB,D529,SULTANPUR LODHI,2.87
23-01-2025,31.5,75.5,KAPURTHALA,PUNJAB,D529,SULTANPUR LODHI,2.77
24-01-2025,31.5,75.5,KAPURTHALA,PUNJAB,D529,SULTANPUR LODHI,2.63
25-01-2025,31.5,75.5,KAPURTHALA,PUNJAB,D529,SULTANPUR LODHI,2.53
26-01-2025,31.5,75.5,KAPURTHALA,PUNJAB,D529,SULTANPUR LODHI,2.37
27-01-2025,31.5,75.5,KAPURTHALA,PUNJAB,D529,SULTANPUR LODHI,2.44
28-01-2025,31.5,75.5,KAPURTHALA,PUNJAB,D529,SULTANPUR LODHI,2.68
29-01-2025,31.5,75.5,KAPURTHALA,PUNJAB,D529,SULTANPUR LODHI,2.48
30-01-2025,31.5,75.5,KAPURTHALA,PUNJAB,D529,SULTANPUR LODHI,2.69
31-01-2025,31.5,75.5,KAPURTHALA,PUNJAB,D529,SULTANPUR LODHI,3.08
01-02-2025,31.5,75.5,KAPURTHALA,PUNJAB,D529,SULTANPUR LODHI,3.15
02-02-2025,31.5,75.5,KAPURTHALA,PUNJAB,D529,SULTANPUR LODHI,2.55
03-02-2025,31.5,75.5,KAPURTHALA,PUNJAB,D529,SULTANPUR LODHI,2.97
04-02-2025,31.5,75.5,KAPURTHALA,PUNJAB,D529,SULTANPUR LODHI,3.25
05-02-2025,31.5,75.5,KAPURTHALA,PUNJAB,D529,SULTANPUR LODHI,2.89
06-02-2025,31.5,75.5,KAPURTHALA,PUNJAB,D529,SULTANPUR LODHI,2.91
07-02-2025,31.5,75.5,KAPURTHALA,PUNJAB,D529,SULTANPUR LODHI,2.78
08-02-2025,31.5,75.5,KAPURTHALA,PUNJAB,D529,SULTANPUR LODHI,2.78
09-02-2025,31.5,75.5,KAPURTHALA,PUNJAB,D529,SULTANPUR LODHI,2.41
10-02-2025,31.5,75.5,KAPURTHALA,PUNJAB,D529,SULTANPUR LODHI,2.68
11-02-2025,31.5,75.5,KAPURTHALA,PUNJAB,D529,SULTANPUR LODHI,2.6
12-02-2025,31.5,75.5,KAPURTHALA,PUNJAB,D529,SULTANPUR LODHI,2.68
13-02-2025,31.5,75.5,KAPURTHALA,PUNJAB,D529,SULTANPUR LODHI,2.59
14-02-2025,31.5,75.5,KAPURTHALA,PUNJAB,D529,SULTANPUR LODHI,2.7
15-02-2025,31.5,75.5,KAPURTHALA,PUNJAB,D529,SULTANPUR LODHI,2.65
16-02-2025,31.5,75.5,KAPURTHALA,PUNJAB,D529,SULTANPUR LODHI,2.87
17-02-2025,31.5,75.5,KAPURTHALA,PUNJAB,D529,SULTANPUR LODHI,2.43
18-02-2025,31.5,75.5,KAPURTHALA,PUNJAB,D529,SULTANPUR LODHI,2.55
19-02-2025,31.5,75.5,KAPURTHALA,PUNJAB,D529,SULTANPUR LODHI,2.94
20-02-2025,31.5,75.5,KAPURTHALA,PUNJAB,D529,SULTANPUR LODHI,3.26
21-02-2025,31.5,75.5,KAPURTHALA,PUNJAB,D529,SULTANPUR LODHI,3.22
22-02-2025,31.5,75.5,KAPURTHALA,PUNJAB,D529,SULTANPUR LODHI,2.74
23-02-2025,31.5,75.5,KAPURTHALA,PUNJAB,D529,SULTANPUR LODHI,3.01
24-02-2025,31.5,75.5,KAPURTHALA,PUNJAB,D529,SULTANPUR LODHI,2.99
25-02-2025,31.5,75.5,KAPURTHALA,PUNJAB,D529,SULTANPUR LODHI,3.24
26-02-2025,31.5,75.5,KAPURTHALA,PUNJAB,D529,SULTANPUR LODHI,3.12
27-02-2025,31.5,75.5,KAPURTHALA,PUNJAB,D529,SULTANPUR LODHI,3.37
28-02-2025,31.5,75.5,KAPURTHALA,PUNJAB,D529,SULTANPUR LODHI,3.04
29-02-2025,31.5,75.5,KAPURTHALA,PUNJAB,D529,SULTANPUR LODHI,2.73
01-03-2025,31.5,75.5,KAPURTHALA,PUNJAB,D529,SULTANPUR LODHI,3.58
02-03-2025,31.5,75.5,KAPURTHALA,PUNJAB,D529,SULTANPUR LODHI,4.02
03-03-2025,31.5,75.5,KAPURTHALA,PUNJAB,D529,SULTANPUR LODHI,3.54
04-03-2025,31.5,75.5,KAPURTHALA,PUNJAB,D529,SULTANPUR LODHI,3.55
05-03-2025,31.5,75.5,KAPURTHALA,PUNJAB,D529,SULTANPUR LODHI,3.43
06-03-2025,31.5,75.5,KAPURTHALA,PUNJAB,D529,SULTANPUR LODHI,3.13
07-03-2025,31.5,75.5,KAPURTHALA,PUNJAB,D529,SULTANPUR LODHI,2.91
08-03-2025,31.5,75.5,KAPURTHALA,PUNJAB,D529,SULTANPUR LODHI,2.84
09-03-2025,31.5,75.5,KAPURTHALA,PUNJAB,D529,SULTANPUR LODHI,2.55
10-03-2025,31.5,75.5,KAPURTHALA,PUNJAB,D529,SULTANPUR LODHI,2.57
11-03-2025,31.5,75.5,KAPURTHALA,PUNJAB,D529,SULTANPUR LODHI,3.38
12-03-2025,31.5,75.5,KAPURTHALA,PUNJAB,D529,SULTANPUR LODHI,3.07
13-03-2025,31.5,75.5,KAPURTHALA,PUNJAB,D529,SULTANPUR LODHI,3.74
14-03-2025,31.5,75.5,KAPURTHALA,PUNJAB,D529,SULTANPUR LODHI,3.61
15-03-2025,31.5,75.5,KAPURTHALA,PUNJAB,D529,SULTANPUR LODHI,3.41
16-03-2025,31.5,75.5,KAPURTHALA,PUNJAB,D529,SULTANPUR LODHI,3.38
17-03-2025,31.5,75.5,KAPURTHALA,PUNJAB,D529,SULTANPUR LODHI,3.23
18-03-2025,31.5,75.5,KAPURTHALA,PUNJAB,D529,SULTANPUR LODHI,3.31
19-03-2025,31.5,75.5,KAPURTHALA,PUNJAB,D529,SULTANPUR LODHI,3.12
20-03-2025,31.5,75.5,KAPURTHALA,PUNJAB,D529,SULTANPUR LODHI,2.9
21-03-2025,31.5,75.5,KAPURTHALA,PUNJAB,D529,SULTANPUR LODHI,3.03
22-03-2025,31.5,75.5,KAPURTHALA,PUNJAB,D529,SULTANPUR LODHI,3.05
23-03-2025,31.5,75.5,KAPURTHALA,PUNJAB,D529,SULTANPUR LODHI,2.99
24-03-2025,31.5,75.5,KAPURTHALA,PUNJAB,D529,SULTANPUR LODHI,3.23
25-03-2025,31.5,75.5,KAPURTHALA,PUNJAB,D529,SULTANPUR LODHI,2.79
26-03-2025,31.5,75.5,KAPURTHALA,PUNJAB,D529,SULTANPUR LODHI,2.45
27-03-2025,31.5,75.5,KAPURTHALA,PUNJAB,D529,SULTANPUR LODHI,3.32
28-03-2025,31.5,75.5,KAPURTHALA,PUNJAB,D529,SULTANPUR LODHI,3.06
29-03-2025,31.5,75.5,KAPURTHALA,PUNJAB,D529,SULTANPUR LODHI,3.16
30-03-2025,31.5,75.5,KAPURTHALA,PUNJAB,D529,SULTANPUR LODHI,3.33
31-03-2025,31.5,75.5,KAPURTHALA,PUNJAB,D529,SULTANPUR LODHI,3.71
01-04-2025,31.5,75.5,KAPURTHALA,PUNJAB,D529,SULTANPUR LODHI,3.25
02-04-2025,31.5,75.5,KAPURTHALA,PUNJAB,D529,SULTANPUR LODHI,2.86
03-04-2025,31.5,75.5,KAPURTHALA,PUNJAB,D529,SULTANPUR LODHI,3.28
04-04-2025,31.5,75.5,KAPURTHALA,PUNJAB,D529,SULTANPUR LODHI,3.21
05-04-2025,31.5,75.5,KAPURTHALA,PUNJAB,D529,SULTANPUR LODHI,3.24
06-04-2025,31.5,75.5,KAPURTHALA,PUNJAB,D529,SULTANPUR LODHI,2.99
07-04-2025,31.5,75.5,KAPURTHALA,PUNJAB,D529,SULTANPUR LODHI,3.16
08-04-2025,31.5,75.5,KAPURTHALA,PUNJAB,D529,SULTANPUR LODHI,2.86
09-04-2025,31.5,75.5,KAPURTHALA,PUNJAB,D529,SULTANPUR LODHI,2.84
10-04-2025,31.5,75.5,KAPURTHALA,PUNJAB,D529,SULTANPUR LODHI,2.76
11-04-2025,31.5,75.5,KAPURTHALA,PUNJAB,D529,SULTANPUR LODHI,3.23
12-04-2025,31.5,75.5,KAPURTHALA,PUNJAB,D529,SULTANPUR LODHI,2.55
13-04-2025,31.5,75.5,KAPURTHALA,PUNJAB,D529,SULTANPUR LODHI,2.79
14-04-2025,31.5,75.5,KAPURTHALA,PUNJAB,D529,SULTANPUR LODHI,2.96
15-04-2025,31.5,75.5,KAPURTHALA,PUNJAB,D529,SULTANPUR LODHI,2.75
16-04-2025,31.5,75.5,KAPURTHALA,PUNJAB,D529,SULTANPUR LODHI,3.25
17-04-2025,31.5,75.5,KAPURTHALA,PUNJAB,D529,SULTANPUR LODHI,4.04
18-04-2025,31.5,75.5,KAPURTHALA,PUNJAB,D529,SULTANPUR LODHI,3.81
19-04-2025,31.5,75.5,KAPURTHALA,PUNJAB,D529,SULTANPUR LODHI,3.51
20-04-2025,31.5,75.5,KAPURTHALA,PUNJAB,D529,SULTANPUR LODHI,3.53
21-04-2025,31.5,75.5,KAPURTHALA,PUNJAB,D529,SULTANPUR LODHI,3.28
22-04-2025,31.5,75.5,KAPURTHALA,PUNJAB,D529,SULTANPUR LODHI,2.57
23-04-2025,31.5,75.5,KAPURTHALA,PUNJAB,D529,SULTANPUR LODHI,2.96
24-04-2025,31.5,75.5,KAPURTHALA,PUNJAB,D529,SULTANPUR LODHI,2.2
25-04-2025,31.5,75.5,KAPURTHALA,PUNJAB,D529,SULTANPUR LODHI,2.31
26-04-2025,31.5,75.5,KAPURTHALA,PUNJAB,D529,SULTANPUR LODHI,2.88
27-04-2025,31.5,75.5,KAPURTHALA,PUNJAB,D529,SULTANPUR LODHI,3.2
28-04-2025,31.5,75.5,KAPURTHALA,PUNJAB,D529,SULTANPUR LODHI,3.1
29-04-2025,31.5,75.5,KAPURTHALA,PUNJAB,D529,SULTANPUR LODHI,3.77
30-04-2025,31.5,75.5,KAPURTHALA,PUNJAB,D529,SULTANPUR LODHI,3.71
01-05-2025,31.5,75.5,KAPURTHALA,PUNJAB,D529,SULTANPUR LODHI,3.99
02-05-2025,31.5,75.5,KAPURTHALA,PUNJAB,D529,SULTANPUR LODHI,4.14
03-05-2025,31.5,75.5,KAPURTHALA,PUNJAB,D529,SULTANPUR LODHI,3.38
04-05-2025,31.5,75.5,KAPURTHALA,PUNJAB,D529,SULTANPUR LODHI,3.28
05-05-2025,31.5,75.5,KAPURTHALA,PUNJAB,D529,SULTANPUR LODHI,3.06
06-05-2025,31.5,75.5,KAPURTHALA,PUNJAB,D529,SULTANPUR LODHI,2.69
07-05-2025,31.5,75.5,KAPURTHALA,PUNJAB,D529,SULTANPUR LODHI,3.1
08-05-2025,31.5,75.5,KAPURTHALA,PUNJAB,D529,SULTANPUR LODHI,2.99
09-05-2025,31.5,75.5,KAPURTHALA,PUNJAB,D529,SULTANPUR LODHI,2.72
10-05-2025,31.5,75.5,KAPURTHALA,PUNJAB,D529,SULTANPUR LODHI,2.73
11-05-2025,31.5,75.5,KAPURTHALA,PUNJAB,D529,SULTANPUR LODHI,2.77
12-05-2025,31.5,75.5,KAPURTHALA,PUNJAB,D529,SULTANPUR LODHI,3.38
13-05-2025,31.5,75.5,KAPURTHALA,PUNJAB,D529,SULTANPUR LODHI,3.12
14-05-2025,31.5,75.5,KAPURTHALA,PUNJAB,D529,SULTANPUR LODHI,3.05
15-05-2025,31.5,75.5,KAPURTHALA,PUNJAB,D529,SULTANPUR LODHI,2.84
16-05-2025,31.5,75.5,KAPURTHALA,PUNJAB,D529,SULTANPUR LODHI,2.47
17-05-2025,31.5,75.5,KAPURTHALA,PUNJAB,D529,SULTANPUR LODHI,2.61
18-05-2025,31.5,75.5,KAPURTHALA,PUNJAB,D529,SULTANPUR LODHI,2.55
19-05-2025,31.5,75.5,KAPURTHALA,PUNJAB,D529,SULTANPUR LODHI,2.83
20-05-2025,31.5,75.5,KAPURTHALA,PUNJAB,D529,SULTANPUR LODHI,2.46
21-05-2025,31.5,75.5,KAPURTHALA,PUNJAB,D529,SULTANPUR LODHI,2.89
22-05-2025,31.5,75.5,KAPURTHALA,PUNJAB,D529,SULTANPUR LODHI,3.1
23-05-2025,31.5,75.5,KAPURTHALA,PUNJAB,D529,SULTANPUR LODHI,3.06
24-05-2025,31.5,75.5,KAPURTHALA,PUNJAB,D529,SULTANPUR LODHI,3.6
25-05-2025,31.5,75.5,KAPURTHALA,PUNJAB,D529,SULTANPUR LODHI,3.56
26-05-2025,31.5,75.5,KAPURTHALA,PUNJAB,D529,SULTANPUR LODHI,2.95
27-05-2025,31.5,75.5,KAPURTHALA,PUNJAB,D529,SULTANPUR LODHI,2.65
28-05-2025,31.5,75.5,KAPURTHALA,PUNJAB,D529,SULTANPUR LODHI,2.51
29-05-2025,31.5,75.5,KAPURTHALA,PUNJAB,D529,SULTANPUR LODHI,2.62
30-05-2025,31.5,75.5,KAPURTHALA,PUNJAB,D529,SULTANPUR LODHI,3.3
31-05-2025,31.5,75.5,KAPURTHALA,PUNJAB,D529,SULTANPUR LODHI,3.73
01-06-2025,31.5,75.5,KAPURTHALA,PUNJAB,D529,SULTANPUR LODHI,3.82
02-06-2025,31.5,75.5,KAPURTHALA,PUNJAB,D529,SULTANPUR LODHI,3.37
03-06-2025,31.5,75.5,KAPURTHALA,PUNJAB,D529,SULTANPUR LODHI,3.51
04-06-2025,31.5,75.5,KAPURTHALA,PUNJAB,D529,SULTANPUR LODHI,3.73
05-06-2025,31.5,75.5,KAPURTHALA,PUNJAB,D529,SULTANPUR LODHI,3.72
06-06-2025,31.5,75.5,KAPURTHALA,PUNJAB,D529,SULTANPUR LODHI,3.25
07-06-2025,31.5,75.5,KAPURTHALA,PUNJAB,D529,SULTANPUR LODHI,2.96
08-06-2025,31.5,75.5,KAPURTHALA,PUNJAB,D529,SULTANPUR LODHI,3.46
09-06-2025,31.5,75.5,KAPURTHALA,PUNJAB,D529,SULTANPUR LODHI,3.01
10-06-2025,31.5,75.5,KAPURTHALA,PUNJAB,D529,SULTANPUR LODHI,3.07
11-06-2025,31.5,75.5,KAPURTHALA,PUNJAB,D529,SULTANPUR LODHI,2.57
12-06-2025,31.5,75.5,KAPURTHALA,PUNJAB,D529,SULTANPUR LODHI,2.21
13-06-2025,31.5,75.5,KAPURTHALA,PUNJAB,D529,SULTANPUR LODHI,2.73
14-06-2025,31.5,75.5,KAPURTHALA,PUNJAB,D529,SULTANPUR LODHI,2.45
15-06-2025,31.5,75.5,KAPURTHALA,PUNJAB,D529,SULTANPUR LODHI,3.15
16-06-2025,31.5,75.5,KAPURTHALA,PUNJAB,D529,SULTANPUR LODHI,3.57
17-06-2025,31.5,75.5,KAPURTHALA,PUNJAB,D529,SULTANPUR LODHI,3.58
18-06-2025,31.5,75.5,KAPURTHALA,PUNJAB,D529,SULTANPUR LODHI,3.25
19-06-2025,31.5,75.5,KAPURTHALA,PUNJAB,D529,SULTANPUR LODHI,2.51
20-06-2025,31.5,75.5,KAPURTHALA,PUNJAB,D529,SULTANPUR LODHI,3.02
21-06-2025,31.5,75.5,KAPURTHALA,PUNJAB,D529,SULTANPUR LODHI,3.52
22-06-2025,31.5,75.5,KAPURTHALA,PUNJAB,D529,SULTANPUR LODHI,3.06
23-06-2025,31.5,75.5,KAPURTHALA,PUNJAB,D529,SULTANPUR LODHI,2.83
24-06-2025,31.5,75.5,KAPURTHALA,PUNJAB,D529,SULTANPUR LODHI,2.76
25-06-2025,31.5,75.5,KAPURTHALA,PUNJAB,D529,SULTANPUR LODHI,2.89
26-06-2025,31.5,75.5,KAPURTHALA,PUNJAB,D529,SULTANPUR LODHI,2.96
27-06-2025,31.5,75.5,KAPURTHALA,PUNJAB,D529,SULTANPUR LODHI,2.89
28-06-2025,31.5,75.5,KAPURTHALA,PUNJAB,D529,SULTANPUR LODHI,3.19
29-06-2025,31.5,75.5,KAPURTHALA,PUNJAB,D529,SULTANPUR LODHI,3
30-06-2025,31.5,75.5,KAPURTHALA,PUNJAB,D529,SULTANPUR LODHI,2.88
01-07-2025,31.5,75.5,KAPURTHALA,PUNJAB,D529,SULTANPUR LODHI,2.85
02-07-2025,31.5,75.5,KAPURTHALA,PUNJAB,D529,SULTANPUR LODHI,2.5
03-07-2025,31.5,75.5,KAPURTHALA,PUNJAB,D529,SULTANPUR LODHI,2.41
04-07-2025,31.5,75.5,KAPURTHALA,PUNJAB,D529,SULTANPUR LODHI,2.4
05-07-2025,31.5,75.5,KAPURTHALA,PUNJAB,D529,SULTANPUR LODHI,2.13
06-07-2025,31.5,75.5,KAPURTHALA,PUNJAB,D529,SULTANPUR LODHI,2.78
07-07-2025,31.5,75.5,KAPURTHALA,PUNJAB,D529,SULTANPUR LODHI,2.59
08-07-2025,31.5,75.5,KAPURTHALA,PUNJAB,D529,SULTANPUR LODHI,2.97
09-07-2025,31.5,75.5,KAPURTHALA,PUNJAB,D529,SULTANPUR LODHI,2.35
10-07-2025,31.5,75.5,KAPURTHALA,PUNJAB,D529,SULTANPUR LODHI,2.39
11-07-2025,31.5,75.5,KAPURTHALA,PUNJAB,D529,SULTANPUR LODHI,2.04
12-07-2025,31.5,75.5,KAPURTHALA,PUNJAB,D529,SULTANPUR LODHI,2.28
13-07-2025,31.5,75.5,KAPURTHALA,PUNJAB,D529,SULTANPUR LODHI,1.59
14-07-2025,31.5,75.5,KAPURTHALA,PUNJAB,D529,SULTANPUR LODHI,1.76
15-07-2025,31.5,75.5,KAPURTHALA,PUNJAB,D529,SULTANPUR LODHI,1.77
16-07-2025,31.5,75.5,KAPURTHALA,PUNJAB,D529,SULTANPUR LODHI,2.13
17-07-2025,31.5,75.5,KAPURTHALA,PUNJAB,D529,SULTANPUR LODHI,1.87
18-07-2025,31.5,75.5,KAPURTHALA,PUNJAB,D529,SULTANPUR LODHI,1.92
19-07-2025,31.5,75.5,KAPURTHALA,PUNJAB,D529,SULTANPUR LODHI,1.96
20-07-2025,31.5,75.5,KAPURTHALA,PUNJAB,D529,SULTANPUR LODHI,1.94
21-07-2025,31.5,75.5,KAPURTHALA,PUNJAB,D529,SULTANPUR LODHI,2.36
22-07-2025,31.5,75.5,KAPURTHALA,PUNJAB,D529,SULTANPUR LODHI,2.21
23-07-2025,31.5,75.5,KAPURTHALA,PUNJAB,D529,SULTANPUR LODHI,1.94
24-07-2025,31.5,75.5,KAPURTHALA,PUNJAB,D529,SULTANPUR LODHI,1.53
25-07-2025,31.5,75.5,KAPURTHALA,PUNJAB,D529,SULTANPUR LODHI,1.73
26-07-2025,31.5,75.5,KAPURTHALA,PUNJAB,D529,SULTANPUR LODHI,1.4
27-07-2025,31.5,75.5,KAPURTHALA,PUNJAB,D529,SULTANPUR LODHI,1.61
28-07-2025,31.5,75.5,KAPURTHALA,PUNJAB,D529,SULTANPUR LODHI,2.01
29-07-2025,31.5,75.5,KAPURTHALA,PUNJAB,D529,SULTANPUR LODHI,1.73
30-07-2025,31.5,75.5,KAPURTHALA,PUNJAB,D529,SULTANPUR LODHI,1.76
31-07-2025,31.5,75.5,KAPURTHALA,PUNJAB,D529,SULTANPUR LODHI,1.89
01-08-2025,31.5,75.5,KAPURTHALA,PUNJAB,D529,SULTANPUR LODHI,2.09
02-08-2025,31.5,75.5,KAPURTHALA,PUNJAB,D529,SULTANPUR LODHI,1.99
03-08-2025,31.5,75.5,KAPURTHALA,PUNJAB,D529,SULTANPUR LODHI,1.95
04-08-2025,31.5,75.5,KAPURTHALA,PUNJAB,D529,SULTANPUR LODHI,2.12
05-08-2025,31.5,75.5,KAPURTHALA,PUNJAB,D529,SULTANPUR LODHI,1.8
06-08-2025,31.5,75.5,KAPURTHALA,PUNJAB,D529,SULTANPUR LODHI,1.84
07-08-2025,31.5,75.5,KAPURTHALA,PUNJAB,D529,SULTANPUR LODHI,1.54
08-08-2025,31.5,75.5,KAPURTHALA,PUNJAB,D529,SULTANPUR LODHI,1.59
09-08-2025,31.5,75.5,KAPURTHALA,PUNJAB,D529,SULTANPUR LODHI,1.54
10-08-2025,31.5,75.5,KAPURTHALA,PUNJAB,D529,SULTANPUR LODHI,1.8
11-08-2025,31.5,75.5,KAPURTHALA,PUNJAB,D529,SULTANPUR LODHI,1.94
12-08-2025,31.5,75.5,KAPURTHALA,PUNJAB,D529,SULTANPUR LODHI,1.72
13-08-2025,31.5,75.5,KAPURTHALA,PUNJAB,D529,SULTANPUR LODHI,1.94
14-08-2025,31.5,75.5,KAPURTHALA,PUNJAB,D529,SULTANPUR LODHI,2.28
15-08-2025,31.5,75.5,KAPURTHALA,PUNJAB,D529,SULTANPUR LODHI,2.27
16-08-2025,31.5,75.5,KAPURTHALA,PUNJAB,D529,SULTANPUR LODHI,1.58
17-08-2025,31.5,75.5,KAPURTHALA,PUNJAB,D529,SULTANPUR LODHI,1.81
18-08-2025,31.5,75.5,KAPURTHALA,PUNJAB,D529,SULTANPUR LODHI,1.63
19-08-2025,31.5,75.5,KAPURTHALA,PUNJAB,D529,SULTANPUR LODHI,1.47
20-08-2025,31.5,75.5,KAPURTHALA,PUNJAB,D529,SULTANPUR LODHI,1.71
21-08-2025,31.5,75.5,KAPURTHALA,PUNJAB,D529,SULTANPUR LODHI,1.66
22-08-2025,31.5,75.5,KAPURTHALA,PUNJAB,D529,SULTANPUR LODHI,1.67
23-08-2025,31.5,75.5,KAPURTHALA,PUNJAB,D529,SULTANPUR LODHI,1.74
24-08-2025,31.5,75.5,KAPURTHALA,PUNJAB,D529,SULTANPUR LODHI,2.06
25-08-2025,31.5,75.5,KAPURTHALA,PUNJAB,D529,SULTANPUR LODHI,2.08
26-08-2025,31.5,75.5,KAPURTHALA,PUNJAB,D529,SULTANPUR LODHI,2.11
27-08-2025,31.5,75.5,KAPURTHALA,PUNJAB,D529,SULTANPUR LODHI,2.06
28-08-2025,31.5,75.5,KAPURTHALA,PUNJAB,D529,SULTANPUR LODHI,1.92
29-08-2025,31.5,75.5,KAPURTHALA,PUNJAB,D529,SULTANPUR LODHI,2.12
30-08-2025,31.5,75.5,KAPURTHALA,PUNJAB,D529,SULTANPUR LODHI,1.75
31-08-2025,31.5,75.5,KAPURTHALA,PUNJAB,D529,SULTANPUR LODHI,2.18
01-09-2025,31.5,75.5,KAPURTHALA,PUNJAB,D529,SULTANPUR LODHI,2.11
02-09-2025,31.5,75.5,KAPURTHALA,PUNJAB,D529,SULTANPUR LODHI,2.55
03-09-2025,31.5,75.5,KAPURTHALA,PUNJAB,D529,SULTANPUR LODHI,2.52
04-09-2025,31.5,75.5,KAPURTHALA,PUNJAB,D529,SULTANPUR LODHI,2.48
05-09-2025,31.5,75.5,KAPURTHALA,PUNJAB,D529,SULTANPUR LODHI,2.2
06-09-2025,31.5,75.5,KAPURTHALA,PUNJAB,D529,SULTANPUR LODHI,2.01
07-09-2025,31.5,75.5,KAPURTHALA,PUNJAB,D529,SULTANPUR LODHI,2.06
08-09-2025,31.5,75.5,KAPURTHALA,PUNJAB,D529,SULTANPUR LODHI,2.11
09-09-2025,31.5,75.5,KAPURTHALA,PUNJAB,D529,SULTANPUR LODHI,1.91
10-09-2025,31.5,75.5,KAPURTHALA,PUNJAB,D529,SULTANPUR LODHI,1.96
11-09-2025,31.5,75.5,KAPURTHALA,PUNJAB,D529,SULTANPUR LODHI,2.04
12-09-2025,31.5,75.5,KAPURTHALA,PUNJAB,D529,SULTANPUR LODHI,1.84
13-09-2025,31.5,75.5,KAPURTHALA,PUNJAB,D529,SULTANPUR LODHI,2.05
14-09-2025,31.5,75.5,KAPURTHALA,PUNJAB,D529,SULTANPUR LODHI,2.28
15-09-2025,31.5,75.5,KAPURTHALA,PUNJAB,D529,SULTANPUR LODHI,1.91
16-09-2025,31.5,75.5,KAPURTHALA,PUNJAB,D529,SULTANPUR LODHI,1.95
17-09-2025,31.5,75.5,KAPURTHALA,PUNJAB,D529,SULTANPUR LODHI,1.44
18-09-2025,31.5,75.5,KAPURTHALA,PUNJAB,D529,SULTANPUR LODHI,1.94
19-09-2025,31.5,75.5,KAPURTHALA,PUNJAB,D529,SULTANPUR LODHI,2.34
20-09-2025,31.5,75.5,KAPURTHALA,PUNJAB,D529,SULTANPUR LODHI,1.91
21-09-2025,31.5,75.5,KAPURTHALA,PUNJAB,D529,SULTANPUR LODHI,1.59
22-09-2025,31.5,75.5,KAPURTHALA,PUNJAB,D529,SULTANPUR LODHI,2.15
23-09-2025,31.5,75.5,KAPURTHALA,PUNJAB,D529,SULTANPUR LODHI,2.35
24-09-2025,31.5,75.5,KAPURTHALA,PUNJAB,D529,SULTANPUR LODHI,1.85
25-09-2025,31.5,75.5,KAPURTHALA,PUNJAB,D529,SULTANPUR LODHI,1.49
26-09-2025,31.5,75.5,KAPURTHALA,PUNJAB,D529,SULTANPUR LODHI,1.38
27-09-2025,31.5,75.5,KAPURTHALA,PUNJAB,D529,SULTANPUR LODHI,1.39
28-09-2025,31.5,75.5,KAPURTHALA,PUNJAB,D529,SULTANPUR LODHI,1.34
29-09-2025,31.5,75.5,KAPURTHALA,PUNJAB,D529,SULTANPUR LODHI,1.58
30-09-2025,31.5,75.5,KAPURTHALA,PUNJAB,D529,SULTANPUR LODHI,1.83
01-10-2025,31.5,75.5,KAPURTHALA,PUNJAB,D529,SULTANPUR LODHI,1.72
02-10-2025,31.5,75.5,KAPURTHALA,PUNJAB,D529,SULTANPUR LODHI,1.27
03-10-2025,31.5,75.5,KAPURTHALA,PUNJAB,D529,SULTANPUR LODHI,1.69
04-10-2025,31.5,75.5,KAPURTHALA,PUNJAB,D529,SULTANPUR LODHI,1.88
05-10-2025,31.5,75.5,KAPURTHALA,PUNJAB,D529,SULTANPUR LODHI,2.05
06-10-2025,31.5,75.5,KAPURTHALA,PUNJAB,D529,SULTANPUR LODHI,2.69
07-10-2025,31.5,75.5,KAPURTHALA,PUNJAB,D529,SULTANPUR LODHI,2.48
08-10-2025,31.5,75.5,KAPURTHALA,PUNJAB,D529,SULTANPUR LODHI,2.17
09-10-2025,31.5,75.5,KAPURTHALA,PUNJAB,D529,SULTANPUR LODHI,1.83
10-10-2025,31.5,75.5,KAPURTHALA,PUNJAB,D529,SULTANPUR LODHI,1.76
11-10-2025,31.5,75.5,KAPURTHALA,PUNJAB,D529,SULTANPUR LODHI,2.16
12-10-2025,31.5,75.5,KAPURTHALA,PUNJAB,D529,SULTANPUR LODHI,1.95
13-10-2025,31.5,75.5,KAPURTHALA,PUNJAB,D529,SULTANPUR LODHI,1.87
14-10-2025,31.5,75.5,KAPURTHALA,PUNJAB,D529,SULTANPUR LODHI,2.12
15-10-2025,31.5,75.5,KAPURTHALA,PUNJAB,D529,SULTANPUR LODHI,1.77
16-10-2025,31.5,75.5,KAPURTHALA,PUNJAB,D529,SULTANPUR LODHI,2.16
17-10-2025,31.5,75.5,KAPURTHALA,PUNJAB,D529,SULTANPUR LODHI,2.63
18-10-2025,31.5,75.5,KAPURTHALA,PUNJAB,D529,SULTANPUR LODHI,2.33
19-10-2025,31.5,75.5,KAPURTHALA,PUNJAB,D529,SULTANPUR LODHI,1.61
20-10-2025,31.5,75.5,KAPURTHALA,PUNJAB,D529,SULTANPUR LODHI,1.61
21-10-2025,31.5,75.5,KAPURTHALA,PUNJAB,D529,SULTANPUR LODHI,2
22-10-2025,31.5,75.5,KAPURTHALA,PUNJAB,D529,SULTANPUR LODHI,1.83
23-10-2025,31.5,75.5,KAPURTHALA,PUNJAB,D529,SULTANPUR LODHI,1.78
24-10-2025,31.5,75.5,KAPURTHALA,PUNJAB,D529,SULTANPUR LODHI,2.04
25-10-2025,31.5,75.5,KAPURTHALA,PUNJAB,D529,SULTANPUR LODHI,1.49
26-10-2025,31.5,75.5,KAPURTHALA,PUNJAB,D529,SULTANPUR LODHI,1.34
27-10-2025,31.5,75.5,KAPURTHALA,PUNJAB,D529,SULTANPUR LODHI,1.78
28-10-2025,31.5,75.5,KAPURTHALA,PUNJAB,D529,SULTANPUR LODHI,1.53
29-10-2025,31.5,75.5,KAPURTHALA,PUNJAB,D529,SULTANPUR LODHI,1.65
30-10-2025,31.5,75.5,KAPURTHALA,PUNJAB,D529,SULTANPUR LODHI,1.8
31-10-2025,31.5,75.5,KAPURTHALA,PUNJAB,D529,SULTANPUR LODHI,1.34
01-11-2025,31.5,75.5,KAPURTHALA,PUNJAB,D529,SULTANPUR LODHI,1.33
02-11-2025,31.5,75.5,KAPURTHALA,PUNJAB,D529,SULTANPUR LODHI,1.4
03-11-2025,31.5,75.5,KAPURTHALA,PUNJAB,D529,SULTANPUR LODHI,1.43
04-11-2025,31.5,75.5,KAPURTHALA,PUNJAB,D529,SULTANPUR LODHI,1.29
05-11-2025,31.5,75.5,KAPURTHALA,PUNJAB,D529,SULTANPUR LODHI,1.44
06-11-2025,31.5,75.5,KAPURTHALA,PUNJAB,D529,SULTANPUR LODHI,1.4
07-11-2025,31.5,75.5,KAPURTHALA,PUNJAB,D529,SULTANPUR LODHI,1.84
08-11-2025,31.5,75.5,KAPURTHALA,PUNJAB,D529,SULTANPUR LODHI,1.39
09-11-2025,31.5,75.5,KAPURTHALA,PUNJAB,D529,SULTANPUR LODHI,1.54
10-11-2025,31.5,75.5,KAPURTHALA,PUNJAB,D529,SULTANPUR LODHI,1.97
11-11-2025,31.5,75.5,KAPURTHALA,PUNJAB,D529,SULTANPUR LODHI,1.51
12-11-2025,31.5,75.5,KAPURTHALA,PUNJAB,D529,SULTANPUR LODHI,1.34
13-11-2025,31.5,75.5,KAPURTHALA,PUNJAB,D529,SULTANPUR LODHI,1.61
14-11-2025,31.5,75.5,KAPURTHALA,PUNJAB,D529,SULTANPUR LODHI,1.83
15-11-2025,31.5,75.5,KAPURTHALA,PUNJAB,D529,SULTANPUR LODHI,1.84
16-11-2025,31.5,75.5,KAPURTHALA,PUNJAB,D529,SULTANPUR LODHI,2.17
17-11-2025,31.5,75.5,KAPURTHALA,PUNJAB,D529,SULTANPUR LODHI,2
18-11-2025,31.5,75.5,KAPURTHALA,PUNJAB,D529,SULTANPUR LODHI,1.84
19-11-2025,31.5,75.5,KAPURTHALA,PUNJAB,D529,SULTANPUR LODHI,1.94
20-11-2025,31.5,75.5,KAPURTHALA,PUNJAB,D529,SULTANPUR LODHI,1.59
21-11-2025,31.5,75.5,KAPURTHALA,PUNJAB,D529,SULTANPUR LODHI,1.7
22-11-2025,31.5,75.5,KAPURTHALA,PUNJAB,D529,SULTANPUR LODHI,1.79
23-11-2025,31.5,75.5,KAPURTHALA,PUNJAB,D529,SULTANPUR LODHI,1.78
24-11-2025,31.5,75.5,KAPURTHALA,PUNJAB,D529,SULTANPUR LODHI,1.69
25-11-2025,31.5,75.5,KAPURTHALA,PUNJAB,D529,SULTANPUR LODHI,2.22
26-11-2025,31.5,75.5,KAPURTHALA,PUNJAB,D529,SULTANPUR LODHI,2.27
27-11-2025,31.5,75.5,KAPURTHALA,PUNJAB,D529,SULTANPUR LODHI,2.15
28-11-2025,31.5,75.5,KAPURTHALA,PUNJAB,D529,SULTANPUR LODHI,2.05
29-11-2025,31.5,75.5,KAPURTHALA,PUNJAB,D529,SULTANPUR LODHI,1.9
30-11-2025,31.5,75.5,KAPURTHALA,PUNJAB,D529,SULTANPUR LODHI,2.01
01-12-2025,31.5,75.5,KAPURTHALA,PUNJAB,D529,SULTANPUR LODHI,1.95
02-12-2025,31.5,75.5,KAPURTHALA,PUNJAB,D529,SULTANPUR LODHI,2.02
03-12-2025,31.5,75.5,KAPURTHALA,PUNJAB,D529,SULTANPUR LODHI,1.75
04-12-2025,31.5,75.5,KAPURTHALA,PUNJAB,D529,SULTANPUR LODHI,1.87
05-12-2025,31.5,75.5,KAPURTHALA,PUNJAB,D529,SULTANPUR LODHI,1.77
06-12-2025,31.5,75.5,KAPURTHALA,PUNJAB,D529,SULTANPUR LODHI,1.68
07-12-2025,31.5,75.5,KAPURTHALA,PUNJAB,D529,SULTANPUR LODHI,1.27
08-12-2025,31.5,75.5,KAPURTHALA,PUNJAB,D529,SULTANPUR LODHI,1.77
09-12-2025,31.5,75.5,KAPURTHALA,PUNJAB,D529,SULTANPUR LODHI,2.1
10-12-2025,31.5,75.5,KAPURTHALA,PUNJAB,D529,SULTANPUR LODHI,1.92
11-12-2025,31.5,75.5,KAPURTHALA,PUNJAB,D529,SULTANPUR LODHI,2.01
12-12-2025,31.5,75.5,KAPURTHALA,PUNJAB,D529,SULTANPUR LODHI,2.64
13-12-2025,31.5,75.5,KAPURTHALA,PUNJAB,D529,SULTANPUR LODHI,2.72
14-12-2025,31.5,75.5,KAPURTHALA,PUNJAB,D529,SULTANPUR LODHI,2.68
15-12-2025,31.5,75.5,KAPURTHALA,PUNJAB,D529,SULTANPUR LODHI,2.28
16-12-2025,31.5,75.5,KAPURTHALA,PUNJAB,D529,SULTANPUR LODHI,2.86
17-12-2025,31.5,75.5,KAPURTHALA,PUNJAB,D529,SULTANPUR LODHI,2.59
18-12-2025,31.5,75.5,KAPURTHALA,PUNJAB,D529,SULTANPUR LODHI,2.77
19-12-2025,31.5,75.5,KAPURTHALA,PUNJAB,D529,SULTANPUR LODHI,2.46
20-12-2025,31.5,75.5,KAPURTHALA,PUNJAB,D529,SULTANPUR LODHI,2.16
21-12-2025,31.5,75.5,KAPURTHALA,PUNJAB,D529,SULTANPUR LODHI,2.38
22-12-2025,31.5,75.5,KAPURTHALA,PUNJAB,D529,SULTANPUR LODHI,2.16
23-12-2025,31.5,75.5,KAPURTHALA,PUNJAB,D529,SULTANPUR LODHI,2.6
24-12-2025,31.5,75.5,KAPURTHALA,PUNJAB,D529,SULTANPUR LODHI,2.23
25-12-2025,31.5,75.5,KAPURTHALA,PUNJAB,D529,SULTANPUR LODHI,2.47
26-12-2025,31.5,75.5,KAPURTHALA,PUNJAB,D529,SULTANPUR LODHI,2.42
27-12-2025,31.5,75.5,KAPURTHALA,PUNJAB,D529,SULTANPUR LODHI,2.67
28-12-2025,31.5,75.5,KAPURTHALA,PUNJAB,D529,SULTANPUR LODHI,3.01
29-12-2025,31.5,75.5,KAPURTHALA,PUNJAB,D529,SULTANPUR LODHI,2.7
30-12-2025,31.5,75.5,KAPURTHALA,PUNJAB,D529,SULTANPUR LODHI,2.99
31-12-2025,31.5,75.5,KAPURTHALA,PUNJAB,D529,SULTANPUR LODHI,2.66
01-01-2025,30.5,74.5,SRI MUKTSAR SAHIB,PUNJAB,D533,MUKTSAR,2.86
02-01-2025,30.5,74.5,SRI MUKTSAR SAHIB,PUNJAB,D533,MUKTSAR,2.72
03-01-2025,30.5,74.5,SRI MUKTSAR SAHIB,PUNJAB,D533,MUKTSAR,2.93
04-01-2025,30.5,74.5,SRI MUKTSAR SAHIB,PUNJAB,D533,MUKTSAR,2.95
05-01-2025,30.5,74.5,SRI MUKTSAR SAHIB,PUNJAB,D533,MUKTSAR,3.14
06-01-2025,30.5,74.5,SRI MUKTSAR SAHIB,PUNJAB,D533,MUKTSAR,2.92
07-01-2025,30.5,74.5,SRI MUKTSAR SAHIB,PUNJAB,D533,MUKTSAR,2.89
08-01-2025,30.5,74.5,SRI MUKTSAR SAHIB,PUNJAB,D533,MUKTSAR,2.97
09-01-2025,30.5,74.5,SRI MUKTSAR SAHIB,PUNJAB,D533,MUKTSAR,2.87
10-01-2025,30.5,74.5,SRI MUKTSAR SAHIB,PUNJAB,D533,MUKTSAR,2.92
11-01-2025,30.5,74.5,SRI MUKTSAR SAHIB,PUNJAB,D533,MUKTSAR,2.7
12-01-2025,30.5,74.5,SRI MUKTSAR SAHIB,PUNJAB,D533,MUKTSAR,2.62
13-01-2025,30.5,74.5,SRI MUKTSAR SAHIB,PUNJAB,D533,MUKTSAR,2.45
14-01-2025,30.5,74.5,SRI MUKTSAR SAHIB,PUNJAB,D533,MUKTSAR,2.68
15-01-2025,30.5,74.5,SRI MUKTSAR SAHIB,PUNJAB,D533,MUKTSAR,2.47
16-01-2025,30.5,74.5,SRI MUKTSAR SAHIB,PUNJAB,D533,MUKTSAR,2.8
17-01-2025,30.5,74.5,SRI MUKTSAR SAHIB,PUNJAB,D533,MUKTSAR,2.39
18-01-2025,30.5,74.5,SRI MUKTSAR SAHIB,PUNJAB,D533,MUKTSAR,2.16
19-01-2025,30.5,74.5,SRI MUKTSAR SAHIB,PUNJAB,D533,MUKTSAR,2.17
20-01-2025,30.5,74.5,SRI MUKTSAR SAHIB,PUNJAB,D533,MUKTSAR,2.6
21-01-2025,30.5,74.5,SRI MUKTSAR SAHIB,PUNJAB,D533,MUKTSAR,2.71
22-01-2025,30.5,74.5,SRI MUKTSAR SAHIB,PUNJAB,D533,MUKTSAR,2.72
23-01-2025,30.5,74.5,SRI MUKTSAR SAHIB,PUNJAB,D533,MUKTSAR,2.59
24-01-2025,30.5,74.5,SRI MUKTSAR SAHIB,PUNJAB,D533,MUKTSAR,2.6
25-01-2025,30.5,74.5,SRI MUKTSAR SAHIB,PUNJAB,D533,MUKTSAR,2.69
26-01-2025,30.5,74.5,SRI MUKTSAR SAHIB,PUNJAB,D533,MUKTSAR,2.45
27-01-2025,30.5,74.5,SRI MUKTSAR SAHIB,PUNJAB,D533,MUKTSAR,2.48
28-01-2025,30.5,74.5,SRI MUKTSAR SAHIB,PUNJAB,D533,MUKTSAR,2.51
29-01-2025,30.5,74.5,SRI MUKTSAR SAHIB,PUNJAB,D533,MUKTSAR,2.43
30-01-2025,30.5,74.5,SRI MUKTSAR SAHIB,PUNJAB,D533,MUKTSAR,2.41
31-01-2025,30.5,74.5,SRI MUKTSAR SAHIB,PUNJAB,D533,MUKTSAR,2.73
01-02-2025,30.5,74.5,SRI MUKTSAR SAHIB,PUNJAB,D533,MUKTSAR,2.75
02-02-2025,30.5,74.5,SRI MUKTSAR SAHIB,PUNJAB,D533,MUKTSAR,2.26
03-02-2025,30.5,74.5,SRI MUKTSAR SAHIB,PUNJAB,D533,MUKTSAR,2.71
04-02-2025,30.5,74.5,SRI MUKTSAR SAHIB,PUNJAB,D533,MUKTSAR,2.79
05-02-2025,30.5,74.5,SRI MUKTSAR SAHIB,PUNJAB,D533,MUKTSAR,2.64
06-02-2025,30.5,74.5,SRI MUKTSAR SAHIB,PUNJAB,D533,MUKTSAR,2.68
07-02-2025,30.5,74.5,SRI MUKTSAR SAHIB,PUNJAB,D533,MUKTSAR,2.54
08-02-2025,30.5,74.5,SRI MUKTSAR SAHIB,PUNJAB,D533,MUKTSAR,2.59
09-02-2025,30.5,74.5,SRI MUKTSAR SAHIB,PUNJAB,D533,MUKTSAR,2.43
10-02-2025,30.5,74.5,SRI MUKTSAR SAHIB,PUNJAB,D533,MUKTSAR,2.45
11-02-2025,30.5,74.5,SRI MUKTSAR SAHIB,PUNJAB,D533,MUKTSAR,2.49
12-02-2025,30.5,74.5,SRI MUKTSAR SAHIB,PUNJAB,D533,MUKTSAR,2.56
13-02-2025,30.5,74.5,SRI MUKTSAR SAHIB,PUNJAB,D533,MUKTSAR,2.46
14-02-2025,30.5,74.5,SRI MUKTSAR SAHIB,PUNJAB,D533,MUKTSAR,2.69
15-02-2025,30.5,74.5,SRI MUKTSAR SAHIB,PUNJAB,D533,MUKTSAR,2.78
16-02-2025,30.5,74.5,SRI MUKTSAR SAHIB,PUNJAB,D533,MUKTSAR,2.82
17-02-2025,30.5,74.5,SRI MUKTSAR SAHIB,PUNJAB,D533,MUKTSAR,2.5
18-02-2025,30.5,74.5,SRI MUKTSAR SAHIB,PUNJAB,D533,MUKTSAR,2.33
19-02-2025,30.5,74.5,SRI MUKTSAR SAHIB,PUNJAB,D533,MUKTSAR,2.67
20-02-2025,30.5,74.5,SRI MUKTSAR SAHIB,PUNJAB,D533,MUKTSAR,2.98
21-02-2025,30.5,74.5,SRI MUKTSAR SAHIB,PUNJAB,D533,MUKTSAR,2.91
22-02-2025,30.5,74.5,SRI MUKTSAR SAHIB,PUNJAB,D533,MUKTSAR,2.66
23-02-2025,30.5,74.5,SRI MUKTSAR SAHIB,PUNJAB,D533,MUKTSAR,2.88
24-02-2025,30.5,74.5,SRI MUKTSAR SAHIB,PUNJAB,D533,MUKTSAR,2.92
25-02-2025,30.5,74.5,SRI MUKTSAR SAHIB,PUNJAB,D533,MUKTSAR,3.07
26-02-2025,30.5,74.5,SRI MUKTSAR SAHIB,PUNJAB,D533,MUKTSAR,3.22
27-02-2025,30.5,74.5,SRI MUKTSAR SAHIB,PUNJAB,D533,MUKTSAR,3.06
28-02-2025,30.5,74.5,SRI MUKTSAR SAHIB,PUNJAB,D533,MUKTSAR,2.76
29-02-2025,30.5,74.5,SRI MUKTSAR SAHIB,PUNJAB,D533,MUKTSAR,2.04
01-03-2025,30.5,74.5,SRI MUKTSAR SAHIB,PUNJAB,D533,MUKTSAR,3.39
02-03-2025,30.5,74.5,SRI MUKTSAR SAHIB,PUNJAB,D533,MUKTSAR,3.69
03-03-2025,30.5,74.5,SRI MUKTSAR SAHIB,PUNJAB,D533,MUKTSAR,3.05
04-03-2025,30.5,74.5,SRI MUKTSAR SAHIB,PUNJAB,D533,MUKTSAR,3.3
05-03-2025,30.5,74.5,SRI MUKTSAR SAHIB,PUNJAB,D533,MUKTSAR,3.17
06-03-2025,30.5,74.5,SRI MUKTSAR SAHIB,PUNJAB,D533,MUKTSAR,3.16
07-03-2025,30.5,74.5,SRI MUKTSAR SAHIB,PUNJAB,D533,MUKTSAR,2.88
08-03-2025,30.5,74.5,SRI MUKTSAR SAHIB,PUNJAB,D533,MUKTSAR,2.68
09-03-2025,30.5,74.5,SRI MUKTSAR SAHIB,PUNJAB,D533,MUKTSAR,2.4
10-03-2025,30.5,74.5,SRI MUKTSAR SAHIB,PUNJAB,D533,MUKTSAR,2.56
11-03-2025,30.5,74.5,SRI MUKTSAR SAHIB,PUNJAB,D533,MUKTSAR,3.22
12-03-2025,30.5,74.5,SRI MUKTSAR SAHIB,PUNJAB,D533,MUKTSAR,3.03
13-03-2025,30.5,74.5,SRI MUKTSAR SAHIB,PUNJAB,D533,MUKTSAR,3.5
14-03-2025,30.5,74.5,SRI MUKTSAR SAHIB,PUNJAB,D533,MUKTSAR,3.57
15-03-2025,30.5,74.5,SRI MUKTSAR SAHIB,PUNJAB,D533,MUKTSAR,3.36
16-03-2025,30.5,74.5,SRI MUKTSAR SAHIB,PUNJAB,D533,MUKTSAR,3.06
17-03-2025,30.5,74.5,SRI MUKTSAR SAHIB,PUNJAB,D533,MUKTSAR,3.03
18-03-2025,30.5,74.5,SRI MUKTSAR SAHIB,PUNJAB,D533,MUKTSAR,3.04
19-03-2025,30.5,74.5,SRI MUKTSAR SAHIB,PUNJAB,D533,MUKTSAR,2.82
20-03-2025,30.5,74.5,SRI MUKTSAR SAHIB,PUNJAB,D533,MUKTSAR,2.77
21-03-2025,30.5,74.5,SRI MUKTSAR SAHIB,PUNJAB,D533,MUKTSAR,2.73
22-03-2025,30.5,74.5,SRI MUKTSAR SAHIB,PUNJAB,D533,MUKTSAR,3.04
23-03-2025,30.5,74.5,SRI MUKTSAR SAHIB,PUNJAB,D533,MUKTSAR,3.04
24-03-2025,30.5,74.5,SRI MUKTSAR SAHIB,PUNJAB,D533,MUKTSAR,3.17
25-03-2025,30.5,74.5,SRI MUKTSAR SAHIB,PUNJAB,D533,MUKTSAR,2.94
26-03-2025,30.5,74.5,SRI MUKTSAR SAHIB,PUNJAB,D533,MUKTSAR,2.68
27-03-2025,30.5,74.5,SRI MUKTSAR SAHIB,PUNJAB,D533,MUKTSAR,3.49
28-03-2025,30.5,74.5,SRI MUKTSAR SAHIB,PUNJAB,D533,MUKTSAR,2.94
29-03-2025,30.5,74.5,SRI MUKTSAR SAHIB,PUNJAB,D533,MUKTSAR,3.09
30-03-2025,30.5,74.5,SRI MUKTSAR SAHIB,PUNJAB,D533,MUKTSAR,3.12
31-03-2025,30.5,74.5,SRI MUKTSAR SAHIB,PUNJAB,D533,MUKTSAR,3.62
01-04-2025,30.5,74.5,SRI MUKTSAR SAHIB,PUNJAB,D533,MUKTSAR,3.13
02-04-2025,30.5,74.5,SRI MUKTSAR SAHIB,PUNJAB,D533,MUKTSAR,2.9
03-04-2025,30.5,74.5,SRI MUKTSAR SAHIB,PUNJAB,D533,MUKTSAR,3.48
04-04-2025,30.5,74.5,SRI MUKTSAR SAHIB,PUNJAB,D533,MUKTSAR,3.32
05-04-2025,30.5,74.5,SRI MUKTSAR SAHIB,PUNJAB,D533,MUKTSAR,3.23
06-04-2025,30.5,74.5,SRI MUKTSAR SAHIB,PUNJAB,D533,MUKTSAR,3.1
07-04-2025,30.5,74.5,SRI MUKTSAR SAHIB,PUNJAB,D533,MUKTSAR,3.35
08-04-2025,30.5,74.5,SRI MUKTSAR SAHIB,PUNJAB,D533,MUKTSAR,2.95
09-04-2025,30.5,74.5,SRI MUKTSAR SAHIB,PUNJAB,D533,MUKTSAR,2.97
10-04-2025,30.5,74.5,SRI MUKTSAR SAHIB,PUNJAB,D533,MUKTSAR,2.89
11-04-2025,30.5,74.5,SRI MUKTSAR SAHIB,PUNJAB,D533,MUKTSAR,3
12-04-2025,30.5,74.5,SRI MUKTSAR SAHIB,PUNJAB,D533,MUKTSAR,2.58
13-04-2025,30.5,74.5,SRI MUKTSAR SAHIB,PUNJAB,D533,MUKTSAR,2.76
14-04-2025,30.5,74.5,SRI MUKTSAR SAHIB,PUNJAB,D533,MUKTSAR,2.91
15-04-2025,30.5,74.5,SRI MUKTSAR SAHIB,PUNJAB,D533,MUKTSAR,2.44
16-04-2025,30.5,74.5,SRI MUKTSAR SAHIB,PUNJAB,D533,MUKTSAR,3.11
17-04-2025,30.5,74.5,SRI MUKTSAR SAHIB,PUNJAB,D533,MUKTSAR,3.98
18-04-2025,30.5,74.5,SRI MUKTSAR SAHIB,PUNJAB,D533,MUKTSAR,3.75
19-04-2025,30.5,74.5,SRI MUKTSAR SAHIB,PUNJAB,D533,MUKTSAR,3.44
20-04-2025,30.5,74.5,SRI MUKTSAR SAHIB,PUNJAB,D533,MUKTSAR,3.45
21-04-2025,30.5,74.5,SRI MUKTSAR SAHIB,PUNJAB,D533,MUKTSAR,3.39
22-04-2025,30.5,74.5,SRI MUKTSAR SAHIB,PUNJAB,D533,MUKTSAR,2.53
23-04-2025,30.5,74.5,SRI MUKTSAR SAHIB,PUNJAB,D533,MUKTSAR,2.81
24-04-2025,30.5,74.5,SRI MUKTSAR SAHIB,PUNJAB,D533,MUKTSAR,2.22
25-04-2025,30.5,74.5,SRI MUKTSAR SAHIB,PUNJAB,D533,MUKTSAR,2.11
26-04-2025,30.5,74.5,SRI MUKTSAR SAHIB,PUNJAB,D533,MUKTSAR,2.64
27-04-2025,30.5,74.5,SRI MUKTSAR SAHIB,PUNJAB,D533,MUKTSAR,2.92
28-04-2025,30.5,74.5,SRI MUKTSAR SAHIB,PUNJAB,D533,MUKTSAR,2.69
29-04-2025,30.5,74.5,SRI MUKTSAR SAHIB,PUNJAB,D533,MUKTSAR,2.99
30-04-2025,30.5,74.5,SRI MUKTSAR SAHIB,PUNJAB,D533,MUKTSAR,3.34
01-05-2025,30.5,74.5,SRI MUKTSAR SAHIB,PUNJAB,D533,MUKTSAR,3.92
02-05-2025,30.5,74.5,SRI MUKTSAR SAHIB,PUNJAB,D533,MUKTSAR,4.02
03-05-2025,30.5,74.5,SRI MUKTSAR SAHIB,PUNJAB,D533,MUKTSAR,3.17
04-05-2025,30.5,74.5,SRI MUKTSAR SAHIB,PUNJAB,D533,MUKTSAR,3.12
05-05-2025,30.5,74.5,SRI MUKTSAR SAHIB,PUNJAB,D533,MUKTSAR,2.99
06-05-2025,30.5,74.5,SRI MUKTSAR SAHIB,PUNJAB,D533,MUKTSAR,2.81
07-05-2025,30.5,74.5,SRI MUKTSAR SAHIB,PUNJAB,D533,MUKTSAR,2.97
08-05-2025,30.5,74.5,SRI MUKTSAR SAHIB,PUNJAB,D533,MUKTSAR,2.75
09-05-2025,30.5,74.5,SRI MUKTSAR SAHIB,PUNJAB,D533,MUKTSAR,2.47
10-05-2025,30.5,74.5,SRI MUKTSAR SAHIB,PUNJAB,D533,MUKTSAR,2.56
11-05-2025,30.5,74.5,SRI MUKTSAR SAHIB,PUNJAB,D533,MUKTSAR,2.53
12-05-2025,30.5,74.5,SRI MUKTSAR SAHIB,PUNJAB,D533,MUKTSAR,2.98
13-05-2025,30.5,74.5,SRI MUKTSAR SAHIB,PUNJAB,D533,MUKTSAR,3.16
14-05-2025,30.5,74.5,SRI MUKTSAR SAHIB,PUNJAB,D533,MUKTSAR,2.94
15-05-2025,30.5,74.5,SRI MUKTSAR SAHIB,PUNJAB,D533,MUKTSAR,2.81
16-05-2025,30.5,74.5,SRI MUKTSAR SAHIB,PUNJAB,D533,MUKTSAR,2.45
17-05-2025,30.5,74.5,SRI MUKTSAR SAHIB,PUNJAB,D533,MUKTSAR,2.93
18-05-2025,30.5,74.5,SRI MUKTSAR SAHIB,PUNJAB,D533,MUKTSAR,3.11
19-05-2025,30.5,74.5,SRI MUKTSAR SAHIB,PUNJAB,D533,MUKTSAR,3.41
20-05-2025,30.5,74.5,SRI MUKTSAR SAHIB,PUNJAB,D533,MUKTSAR,2.89
21-05-2025,30.5,74.5,SRI MUKTSAR SAHIB,PUNJAB,D533,MUKTSAR,3.25
22-05-2025,30.5,74.5,SRI MUKTSAR SAHIB,PUNJAB,D533,MUKTSAR,3.4
23-05-2025,30.5,74.5,SRI MUKTSAR SAHIB,PUNJAB,D533,MUKTSAR,3.33
24-05-2025,30.5,74.5,SRI MUKTSAR SAHIB,PUNJAB,D533,MUKTSAR,3.62
25-05-2025,30.5,74.5,SRI MUKTSAR SAHIB,PUNJAB,D533,MUKTSAR,3.63
26-05-2025,30.5,74.5,SRI MUKTSAR SAHIB,PUNJAB,D533,MUKTSAR,2.99
27-05-2025,30.5,74.5,SRI MUKTSAR SAHIB,PUNJAB,D533,MUKTSAR,2.89
28-05-2025,30.5,74.5,SRI MUKTSAR SAHIB,PUNJAB,D533,MUKTSAR,2.64
29-05-2025,30.5,74.5,SRI MUKTSAR SAHIB,PUNJAB,D533,MUKTSAR,3.1
30-05-2025,30.5,74.5,SRI MUKTSAR SAHIB,PUNJAB,D533,MUKTSAR,3.28
31-05-2025,30.5,74.5,SRI MUKTSAR SAHIB,PUNJAB,D533,MUKTSAR,3.6
01-06-2025,30.5,74.5,SRI MUKTSAR SAHIB,PUNJAB,D533,MUKTSAR,4
02-06-2025,30.5,74.5,SRI MUKTSAR SAHIB,PUNJAB,D533,MUKTSAR,3.48
03-06-2025,30.5,74.5,SRI MUKTSAR SAHIB,PUNJAB,D533,MUKTSAR,3.43
04-06-2025,30.5,74.5,SRI MUKTSAR SAHIB,PUNJAB,D533,MUKTSAR,3.5
05-06-2025,30.5,74.5,SRI MUKTSAR SAHIB,PUNJAB,D533,MUKTSAR,3.7
06-06-2025,30.5,74.5,SRI MUKTSAR SAHIB,PUNJAB,D533,MUKTSAR,2.99
07-06-2025,30.5,74.5,SRI MUKTSAR SAHIB,PUNJAB,D533,MUKTSAR,2.95
08-06-2025,30.5,74.5,SRI MUKTSAR SAHIB,PUNJAB,D533,MUKTSAR,3.69
09-06-2025,30.5,74.5,SRI MUKTSAR SAHIB,PUNJAB,D533,MUKTSAR,3.2
10-06-2025,30.5,74.5,SRI MUKTSAR SAHIB,PUNJAB,D533,MUKTSAR,3.13
11-06-2025,30.5,74.5,SRI MUKTSAR SAHIB,PUNJAB,D533,MUKTSAR,2.94
12-06-2025,30.5,74.5,SRI MUKTSAR SAHIB,PUNJAB,D533,MUKTSAR,2.43
13-06-2025,30.5,74.5,SRI MUKTSAR SAHIB,PUNJAB,D533,MUKTSAR,2.83
14-06-2025,30.5,74.5,SRI MUKTSAR SAHIB,PUNJAB,D533,MUKTSAR,2.53
15-06-2025,30.5,74.5,SRI MUKTSAR SAHIB,PUNJAB,D533,MUKTSAR,3.22
16-06-2025,30.5,74.5,SRI MUKTSAR SAHIB,PUNJAB,D533,MUKTSAR,3.58
17-06-2025,30.5,74.5,SRI MUKTSAR SAHIB,PUNJAB,D533,MUKTSAR,3.72
18-06-2025,30.5,74.5,SRI MUKTSAR SAHIB,PUNJAB,D533,MUKTSAR,3.58
19-06-2025,30.5,74.5,SRI MUKTSAR SAHIB,PUNJAB,D533,MUKTSAR,3.12
20-06-2025,30.5,74.5,SRI MUKTSAR SAHIB,PUNJAB,D533,MUKTSAR,3.22
21-06-2025,30.5,74.5,SRI MUKTSAR SAHIB,PUNJAB,D533,MUKTSAR,3.51
22-06-2025,30.5,74.5,SRI MUKTSAR SAHIB,PUNJAB,D533,MUKTSAR,3.14
23-06-2025,30.5,74.5,SRI MUKTSAR SAHIB,PUNJAB,D533,MUKTSAR,2.86
24-06-2025,30.5,74.5,SRI MUKTSAR SAHIB,PUNJAB,D533,MUKTSAR,2.61
25-06-2025,30.5,74.5,SRI MUKTSAR SAHIB,PUNJAB,D533,MUKTSAR,2.84
26-06-2025,30.5,74.5,SRI MUKTSAR SAHIB,PUNJAB,D533,MUKTSAR,2.75
27-06-2025,30.5,74.5,SRI MUKTSAR SAHIB,PUNJAB,D533,MUKTSAR,2.84
28-06-2025,30.5,74.5,SRI MUKTSAR SAHIB,PUNJAB,D533,MUKTSAR,3.23
29-06-2025,30.5,74.5,SRI MUKTSAR SAHIB,PUNJAB,D533,MUKTSAR,3
30-06-2025,30.5,74.5,SRI MUKTSAR SAHIB,PUNJAB,D533,MUKTSAR,2.71
01-07-2025,30.5,74.5,SRI MUKTSAR SAHIB,PUNJAB,D533,MUKTSAR,2.89
02-07-2025,30.5,74.5,SRI MUKTSAR SAHIB,PUNJAB,D533,MUKTSAR,2.51
03-07-2025,30.5,74.5,SRI MUKTSAR SAHIB,PUNJAB,D533,MUKTSAR,2.31
04-07-2025,30.5,74.5,SRI MUKTSAR SAHIB,PUNJAB,D533,MUKTSAR,2.3
05-07-2025,30.5,74.5,SRI MUKTSAR SAHIB,PUNJAB,D533,MUKTSAR,1.99
06-07-2025,30.5,74.5,SRI MUKTSAR SAHIB,PUNJAB,D533,MUKTSAR,2.59
07-07-2025,30.5,74.5,SRI MUKTSAR SAHIB,PUNJAB,D533,MUKTSAR,2.61
08-07-2025,30.5,74.5,SRI MUKTSAR SAHIB,PUNJAB,D533,MUKTSAR,2.73
09-07-2025,30.5,74.5,SRI MUKTSAR SAHIB,PUNJAB,D533,MUKTSAR,2.25
10-07-2025,30.5,74.5,SRI MUKTSAR SAHIB,PUNJAB,D533,MUKTSAR,2.5
11-07-2025,30.5,74.5,SRI MUKTSAR SAHIB,PUNJAB,D533,MUKTSAR,2.45
12-07-2025,30.5,74.5,SRI MUKTSAR SAHIB,PUNJAB,D533,MUKTSAR,2.35
13-07-2025,30.5,74.5,SRI MUKTSAR SAHIB,PUNJAB,D533,MUKTSAR,1.93
14-07-2025,30.5,74.5,SRI MUKTSAR SAHIB,PUNJAB,D533,MUKTSAR,1.82
15-07-2025,30.5,74.5,SRI MUKTSAR SAHIB,PUNJAB,D533,MUKTSAR,1.83
16-07-2025,30.5,74.5,SRI MUKTSAR SAHIB,PUNJAB,D533,MUKTSAR,2.11
17-07-2025,30.5,74.5,SRI MUKTSAR SAHIB,PUNJAB,D533,MUKTSAR,1.94
18-07-2025,30.5,74.5,SRI MUKTSAR SAHIB,PUNJAB,D533,MUKTSAR,1.88
19-07-2025,30.5,74.5,SRI MUKTSAR SAHIB,PUNJAB,D533,MUKTSAR,2.15
20-07-2025,30.5,74.5,SRI MUKTSAR SAHIB,PUNJAB,D533,MUKTSAR,2.06
21-07-2025,30.5,74.5,SRI MUKTSAR SAHIB,PUNJAB,D533,MUKTSAR,2.39
22-07-2025,30.5,74.5,SRI MUKTSAR SAHIB,PUNJAB,D533,MUKTSAR,2.33
23-07-2025,30.5,74.5,SRI MUKTSAR SAHIB,PUNJAB,D533,MUKTSAR,1.92
24-07-2025,30.5,74.5,SRI MUKTSAR SAHIB,PUNJAB,D533,MUKTSAR,1.73
25-07-2025,30.5,74.5,SRI MUKTSAR SAHIB,PUNJAB,D533,MUKTSAR,1.95
26-07-2025,30.5,74.5,SRI MUKTSAR SAHIB,PUNJAB,D533,MUKTSAR,1.84
27-07-2025,30.5,74.5,SRI MUKTSAR SAHIB,PUNJAB,D533,MUKTSAR,1.92
28-07-2025,30.5,74.5,SRI MUKTSAR SAHIB,PUNJAB,D533,MUKTSAR,2.27
29-07-2025,30.5,74.5,SRI MUKTSAR SAHIB,PUNJAB,D533,MUKTSAR,2.04
30-07-2025,30.5,74.5,SRI MUKTSAR SAHIB,PUNJAB,D533,MUKTSAR,1.72
31-07-2025,30.5,74.5,SRI MUKTSAR SAHIB,PUNJAB,D533,MUKTSAR,1.95
01-08-2025,30.5,74.5,SRI MUKTSAR SAHIB,PUNJAB,D533,MUKTSAR,2
02-08-2025,30.5,74.5,SRI MUKTSAR SAHIB,PUNJAB,D533,MUKTSAR,1.93
03-08-2025,30.5,74.5,SRI MUKTSAR SAHIB,PUNJAB,D533,MUKTSAR,2.14
04-08-2025,30.5,74.5,SRI MUKTSAR SAHIB,PUNJAB,D533,MUKTSAR,1.99
05-08-2025,30.5,74.5,SRI MUKTSAR SAHIB,PUNJAB,D533,MUKTSAR,1.68
06-08-2025,30.5,74.5,SRI MUKTSAR SAHIB,PUNJAB,D533,MUKTSAR,1.81
07-08-2025,30.5,74.5,SRI MUKTSAR SAHIB,PUNJAB,D533,MUKTSAR,1.56
08-08-2025,30.5,74.5,SRI MUKTSAR SAHIB,PUNJAB,D533,MUKTSAR,1.65
09-08-2025,30.5,74.5,SRI MUKTSAR SAHIB,PUNJAB,D533,MUKTSAR,1.63
10-08-2025,30.5,74.5,SRI MUKTSAR SAHIB,PUNJAB,D533,MUKTSAR,1.73
11-08-2025,30.5,74.5,SRI MUKTSAR SAHIB,PUNJAB,D533,MUKTSAR,1.67
12-08-2025,30.5,74.5,SRI MUKTSAR SAHIB,PUNJAB,D533,MUKTSAR,1.47
13-08-2025,30.5,74.5,SRI MUKTSAR SAHIB,PUNJAB,D533,MUKTSAR,1.67
14-08-2025,30.5,74.5,SRI MUKTSAR SAHIB,PUNJAB,D533,MUKTSAR,1.89
15-08-2025,30.5,74.5,SRI MUKTSAR SAHIB,PUNJAB,D533,MUKTSAR,2.02
16-08-2025,30.5,74.5,SRI MUKTSAR SAHIB,PUNJAB,D533,MUKTSAR,1.65
17-08-2025,30.5,74.5,SRI MUKTSAR SAHIB,PUNJAB,D533,MUKTSAR,1.78
18-08-2025,30.5,74.5,SRI MUKTSAR SAHIB,PUNJAB,D533,MUKTSAR,1.45
19-08-2025,30.5,74.5,SRI MUKTSAR SAHIB,PUNJAB,D533,MUKTSAR,1.32
20-08-2025,30.5,74.5,SRI MUKTSAR SAHIB,PUNJAB,D533,MUKTSAR,1.58
21-08-2025,30.5,74.5,SRI MUKTSAR SAHIB,PUNJAB,D533,MUKTSAR,1.72
22-08-2025,30.5,74.5,SRI MUKTSAR SAHIB,PUNJAB,D533,MUKTSAR,1.92
23-08-2025,30.5,74.5,SRI MUKTSAR SAHIB,PUNJAB,D533,MUKTSAR,1.7
24-08-2025,30.5,74.5,SRI MUKTSAR SAHIB,PUNJAB,D533,MUKTSAR,2.12
25-08-2025,30.5,74.5,SRI MUKTSAR SAHIB,PUNJAB,D533,MUKTSAR,2.09
26-08-2025,30.5,74.5,SRI MUKTSAR SAHIB,PUNJAB,D533,MUKTSAR,1.8
27-08-2025,30.5,74.5,SRI MUKTSAR SAHIB,PUNJAB,D533,MUKTSAR,1.91
28-08-2025,30.5,74.5,SRI MUKTSAR SAHIB,PUNJAB,D533,MUKTSAR,1.66
29-08-2025,30.5,74.5,SRI MUKTSAR SAHIB,PUNJAB,D533,MUKTSAR,1.83
30-08-2025,30.5,74.5,SRI MUKTSAR SAHIB,PUNJAB,D533,MUKTSAR,1.43
31-08-2025,30.5,74.5,SRI MUKTSAR SAHIB,PUNJAB,D533,MUKTSAR,1.96
01-09-2025,30.5,74.5,SRI MUKTSAR SAHIB,PUNJAB,D533,MUKTSAR,2.2
02-09-2025,30.5,74.5,SRI MUKTSAR SAHIB,PUNJAB,D533,MUKTSAR,2.25
03-09-2025,30.5,74.5,SRI MUKTSAR SAHIB,PUNJAB,D533,MUKTSAR,2.18
04-09-2025,30.5,74.5,SRI MUKTSAR SAHIB,PUNJAB,D533,MUKTSAR,2.41
05-09-2025,30.5,74.5,SRI MUKTSAR SAHIB,PUNJAB,D533,MUKTSAR,2.21
06-09-2025,30.5,74.5,SRI MUKTSAR SAHIB,PUNJAB,D533,MUKTSAR,1.78
07-09-2025,30.5,74.5,SRI MUKTSAR SAHIB,PUNJAB,D533,MUKTSAR,1.94
08-09-2025,30.5,74.5,SRI MUKTSAR SAHIB,PUNJAB,D533,MUKTSAR,1.99
09-09-2025,30.5,74.5,SRI MUKTSAR SAHIB,PUNJAB,D533,MUKTSAR,1.8
10-09-2025,30.5,74.5,SRI MUKTSAR SAHIB,PUNJAB,D533,MUKTSAR,2.02
11-09-2025,30.5,74.5,SRI MUKTSAR SAHIB,PUNJAB,D533,MUKTSAR,2.26
12-09-2025,30.5,74.5,SRI MUKTSAR SAHIB,PUNJAB,D533,MUKTSAR,1.79
13-09-2025,30.5,74.5,SRI MUKTSAR SAHIB,PUNJAB,D533,MUKTSAR,1.85
14-09-2025,30.5,74.5,SRI MUKTSAR SAHIB,PUNJAB,D533,MUKTSAR,1.98
15-09-2025,30.5,74.5,SRI MUKTSAR SAHIB,PUNJAB,D533,MUKTSAR,1.73
16-09-2025,30.5,74.5,SRI MUKTSAR SAHIB,PUNJAB,D533,MUKTSAR,1.76
17-09-2025,30.5,74.5,SRI MUKTSAR SAHIB,PUNJAB,D533,MUKTSAR,1.49
18-09-2025,30.5,74.5,SRI MUKTSAR SAHIB,PUNJAB,D533,MUKTSAR,1.89
19-09-2025,30.5,74.5,SRI MUKTSAR SAHIB,PUNJAB,D533,MUKTSAR,2.25
20-09-2025,30.5,74.5,SRI MUKTSAR SAHIB,PUNJAB,D533,MUKTSAR,1.88
21-09-2025,30.5,74.5,SRI MUKTSAR SAHIB,PUNJAB,D533,MUKTSAR,1.54
22-09-2025,30.5,74.5,SRI MUKTSAR SAHIB,PUNJAB,D533,MUKTSAR,2.34
23-09-2025,30.5,74.5,SRI MUKTSAR SAHIB,PUNJAB,D533,MUKTSAR,2.5
24-09-2025,30.5,74.5,SRI MUKTSAR SAHIB,PUNJAB,D533,MUKTSAR,2.28
25-09-2025,30.5,74.5,SRI MUKTSAR SAHIB,PUNJAB,D533,MUKTSAR,1.82
26-09-2025,30.5,74.5,SRI MUKTSAR SAHIB,PUNJAB,D533,MUKTSAR,1.51
27-09-2025,30.5,74.5,SRI MUKTSAR SAHIB,PUNJAB,D533,MUKTSAR,1.42
28-09-2025,30.5,74.5,SRI MUKTSAR SAHIB,PUNJAB,D533,MUKTSAR,1.24
29-09-2025,30.5,74.5,SRI MUKTSAR SAHIB,PUNJAB,D533,MUKTSAR,1.48
30-09-2025,30.5,74.5,SRI MUKTSAR SAHIB,PUNJAB,D533,MUKTSAR,1.7
01-10-2025,30.5,74.5,SRI MUKTSAR SAHIB,PUNJAB,D533,MUKTSAR,1.66
02-10-2025,30.5,74.5,SRI MUKTSAR SAHIB,PUNJAB,D533,MUKTSAR,1.36
03-10-2025,30.5,74.5,SRI MUKTSAR SAHIB,PUNJAB,D533,MUKTSAR,1.67
04-10-2025,30.5,74.5,SRI MUKTSAR SAHIB,PUNJAB,D533,MUKTSAR,2.08
05-10-2025,30.5,74.5,SRI MUKTSAR SAHIB,PUNJAB,D533,MUKTSAR,2.23
06-10-2025,30.5,74.5,SRI MUKTSAR SAHIB,PUNJAB,D533,MUKTSAR,2.66
07-10-2025,30.5,74.5,SRI MUKTSAR SAHIB,PUNJAB,D533,MUKTSAR,2.26
08-10-2025,30.5,74.5,SRI MUKTSAR SAHIB,PUNJAB,D533,MUKTSAR,2.05
09-10-2025,30.5,74.5,SRI MUKTSAR SAHIB,PUNJAB,D533,MUKTSAR,1.83
10-10-2025,30.5,74.5,SRI MUKTSAR SAHIB,PUNJAB,D533,MUKTSAR,1.68
11-10-2025,30.5,74.5,SRI MUKTSAR SAHIB,PUNJAB,D533,MUKTSAR,2.2
12-10-2025,30.5,74.5,SRI MUKTSAR SAHIB,PUNJAB,D533,MUKTSAR,1.92
13-10-2025,30.5,74.5,SRI MUKTSAR SAHIB,PUNJAB,D533,MUKTSAR,1.71
14-10-2025,30.5,74.5,SRI MUKTSAR SAHIB,PUNJAB,D533,MUKTSAR,1.96
15-10-2025,30.5,74.5,SRI MUKTSAR SAHIB,PUNJAB,D533,MUKTSAR,1.65
16-10-2025,30.5,74.5,SRI MUKTSAR SAHIB,PUNJAB,D533,MUKTSAR,2.09
17-10-2025,30.5,74.5,SRI MUKTSAR SAHIB,PUNJAB,D533,MUKTSAR,2.61
18-10-2025,30.5,74.5,SRI MUKTSAR SAHIB,PUNJAB,D533,MUKTSAR,2.5
19-10-2025,30.5,74.5,SRI MUKTSAR SAHIB,PUNJAB,D533,MUKTSAR,1.84
20-10-2025,30.5,74.5,SRI MUKTSAR SAHIB,PUNJAB,D533,MUKTSAR,1.76
21-10-2025,30.5,74.5,SRI MUKTSAR SAHIB,PUNJAB,D533,MUKTSAR,1.94
22-10-2025,30.5,74.5,SRI MUKTSAR SAHIB,PUNJAB,D533,MUKTSAR,1.89
23-10-2025,30.5,74.5,SRI MUKTSAR SAHIB,PUNJAB,D533,MUKTSAR,1.86
24-10-2025,30.5,74.5,SRI MUKTSAR SAHIB,PUNJAB,D533,MUKTSAR,2.15
25-10-2025,30.5,74.5,SRI MUKTSAR SAHIB,PUNJAB,D533,MUKTSAR,1.57
26-10-2025,30.5,74.5,SRI MUKTSAR SAHIB,PUNJAB,D533,MUKTSAR,1.51
27-10-2025,30.5,74.5,SRI MUKTSAR SAHIB,PUNJAB,D533,MUKTSAR,1.74
28-10-2025,30.5,74.5,SRI MUKTSAR SAHIB,PUNJAB,D533,MUKTSAR,1.65
29-10-2025,30.5,74.5,SRI MUKTSAR SAHIB,PUNJAB,D533,MUKTSAR,1.78
30-10-2025,30.5,74.5,SRI MUKTSAR SAHIB,PUNJAB,D533,MUKTSAR,1.96
31-10-2025,30.5,74.5,SRI MUKTSAR SAHIB,PUNJAB,D533,MUKTSAR,1.44
01-11-2025,30.5,74.5,SRI MUKTSAR SAHIB,PUNJAB,D533,MUKTSAR,1.44
02-11-2025,30.5,74.5,SRI MUKTSAR SAHIB,PUNJAB,D533,MUKTSAR,1.65
03-11-2025,30.5,74.5,SRI MUKTSAR SAHIB,PUNJAB,D533,MUKTSAR,1.64
04-11-2025,30.5,74.5,SRI MUKTSAR SAHIB,PUNJAB,D533,MUKTSAR,1.24
05-11-2025,30.5,74.5,SRI MUKTSAR SAHIB,PUNJAB,D533,MUKTSAR,1.27
06-11-2025,30.5,74.5,SRI MUKTSAR SAHIB,PUNJAB,D533,MUKTSAR,1.29
07-11-2025,30.5,74.5,SRI MUKTSAR SAHIB,PUNJAB,D533,MUKTSAR,1.9
08-11-2025,30.5,74.5,SRI MUKTSAR SAHIB,PUNJAB,D533,MUKTSAR,1.46
09-11-2025,30.5,74.5,SRI MUKTSAR SAHIB,PUNJAB,D533,MUKTSAR,1.46
10-11-2025,30.5,74.5,SRI MUKTSAR SAHIB,PUNJAB,D533,MUKTSAR,1.78
11-11-2025,30.5,74.5,SRI MUKTSAR SAHIB,PUNJAB,D533,MUKTSAR,1.46
12-11-2025,30.5,74.5,SRI MUKTSAR SAHIB,PUNJAB,D533,MUKTSAR,1.25
13-11-2025,30.5,74.5,SRI MUKTSAR SAHIB,PUNJAB,D533,MUKTSAR,1.48
14-11-2025,30.5,74.5,SRI MUKTSAR SAHIB,PUNJAB,D533,MUKTSAR,1.59
15-11-2025,30.5,74.5,SRI MUKTSAR SAHIB,PUNJAB,D533,MUKTSAR,1.53
16-11-2025,30.5,74.5,SRI MUKTSAR SAHIB,PUNJAB,D533,MUKTSAR,1.87
17-11-2025,30.5,74.5,SRI MUKTSAR SAHIB,PUNJAB,D533,MUKTSAR,1.71
18-11-2025,30.5,74.5,SRI MUKTSAR SAHIB,PUNJAB,D533,MUKTSAR,1.58
19-11-2025,30.5,74.5,SRI MUKTSAR SAHIB,PUNJAB,D533,MUKTSAR,1.55
20-11-2025,30.5,74.5,SRI MUKTSAR SAHIB,PUNJAB,D533,MUKTSAR,1.46
21-11-2025,30.5,74.5,SRI MUKTSAR SAHIB,PUNJAB,D533,MUKTSAR,1.67
22-11-2025,30.5,74.5,SRI MUKTSAR SAHIB,PUNJAB,D533,MUKTSAR,1.67
23-11-2025,30.5,74.5,SRI MUKTSAR SAHIB,PUNJAB,D533,MUKTSAR,1.5
24-11-2025,30.5,74.5,SRI MUKTSAR SAHIB,PUNJAB,D533,MUKTSAR,1.51
25-11-2025,30.5,74.5,SRI MUKTSAR SAHIB,PUNJAB,D533,MUKTSAR,1.95
26-11-2025,30.5,74.5,SRI MUKTSAR SAHIB,PUNJAB,D533,MUKTSAR,1.98
27-11-2025,30.5,74.5,SRI MUKTSAR SAHIB,PUNJAB,D533,MUKTSAR,2.1
28-11-2025,30.5,74.5,SRI MUKTSAR SAHIB,PUNJAB,D533,MUKTSAR,1.91
29-11-2025,30.5,74.5,SRI MUKTSAR SAHIB,PUNJAB,D533,MUKTSAR,1.79
30-11-2025,30.5,74.5,SRI MUKTSAR SAHIB,PUNJAB,D533,MUKTSAR,1.76
01-12-2025,30.5,74.5,SRI MUKTSAR SAHIB,PUNJAB,D533,MUKTSAR,1.72
02-12-2025,30.5,74.5,SRI MUKTSAR SAHIB,PUNJAB,D533,MUKTSAR,1.86
03-12-2025,30.5,74.5,SRI MUKTSAR SAHIB,PUNJAB,D533,MUKTSAR,1.58
04-12-2025,30.5,74.5,SRI MUKTSAR SAHIB,PUNJAB,D533,MUKTSAR,1.93
05-12-2025,30.5,74.5,SRI MUKTSAR SAHIB,PUNJAB,D533,MUKTSAR,1.85
06-12-2025,30.5,74.5,SRI MUKTSAR SAHIB,PUNJAB,D533,MUKTSAR,1.54
07-12-2025,30.5,74.5,SRI MUKTSAR SAHIB,PUNJAB,D533,MUKTSAR,1.38
08-12-2025,30.5,74.5,SRI MUKTSAR SAHIB,PUNJAB,D533,MUKTSAR,1.88
09-12-2025,30.5,74.5,SRI MUKTSAR SAHIB,PUNJAB,D533,MUKTSAR,2.17
10-12-2025,30.5,74.5,SRI MUKTSAR SAHIB,PUNJAB,D533,MUKTSAR,2.15
11-12-2025,30.5,74.5,SRI MUKTSAR SAHIB,PUNJAB,D533,MUKTSAR,1.89
12-12-2025,30.5,74.5,SRI MUKTSAR SAHIB,PUNJAB,D533,MUKTSAR,2.44
13-12-2025,30.5,74.5,SRI MUKTSAR SAHIB,PUNJAB,D533,MUKTSAR,2.65
14-12-2025,30.5,74.5,SRI MUKTSAR SAHIB,PUNJAB,D533,MUKTSAR,2.75
15-12-2025,30.5,74.5,SRI MUKTSAR SAHIB,PUNJAB,D533,MUKTSAR,2.67
16-12-2025,30.5,74.5,SRI MUKTSAR SAHIB,PUNJAB,D533,MUKTSAR,3.05
17-12-2025,30.5,74.5,SRI MUKTSAR SAHIB,PUNJAB,D533,MUKTSAR,2.98
18-12-2025,30.5,74.5,SRI MUKTSAR SAHIB,PUNJAB,D533,MUKTSAR,3.04
19-12-2025,30.5,74.5,SRI MUKTSAR SAHIB,PUNJAB,D533,MUKTSAR,2.7
20-12-2025,30.5,74.5,SRI MUKTSAR SAHIB,PUNJAB,D533,MUKTSAR,2.56
21-12-2025,30.5,74.5,SRI MUKTSAR SAHIB,PUNJAB,D533,MUKTSAR,2.84
22-12-2025,30.5,74.5,SRI MUKTSAR SAHIB,PUNJAB,D533,MUKTSAR,2.75
23-12-2025,30.5,74.5,SRI MUKTSAR SAHIB,PUNJAB,D533,MUKTSAR,2.91
24-12-2025,30.5,74.5,SRI MUKTSAR SAHIB,PUNJAB,D533,MUKTSAR,2.68
25-12-2025,30.5,74.5,SRI MUKTSAR SAHIB,PUNJAB,D533,MUKTSAR,2.92
26-12-2025,30.5,74.5,SRI MUKTSAR SAHIB,PUNJAB,D533,MUKTSAR,2.54
27-12-2025,30.5,74.5,SRI MUKTSAR SAHIB,PUNJAB,D533,MUKTSAR,2.84
28-12-2025,30.5,74.5,SRI MUKTSAR SAHIB,PUNJAB,D533,MUKTSAR,2.98
29-12-2025,30.5,74.5,SRI MUKTSAR SAHIB,PUNJAB,D533,MUKTSAR,2.89
30-12-2025,30.5,74.5,SRI MUKTSAR SAHIB,PUNJAB,D533,MUKTSAR,3.19
31-12-2025,30.5,74.5,SRI MUKTSAR SAHIB,PUNJAB,D533,MUKTSAR,2.88
01-01-2025,25.5,84.5,BHOJPUR,BIHAR,D97,PIRO,2.71
02-01-2025,25.5,84.5,BHOJPUR,BIHAR,D97,PIRO,2.8
03-01-2025,25.5,84.5,BHOJPUR,BIHAR,D97,PIRO,2.95
04-01-2025,25.5,84.5,BHOJPUR,BIHAR,D97,PIRO,2.82
05-01-2025,25.5,84.5,BHOJPUR,BIHAR,D97,PIRO,2.94
06-01-2025,25.5,84.5,BHOJPUR,BIHAR,D97,PIRO,3.11
07-01-2025,25.5,84.5,BHOJPUR,BIHAR,D97,PIRO,3.21
08-01-2025,25.5,84.5,BHOJPUR,BIHAR,D97,PIRO,2.89
09-01-2025,25.5,84.5,BHOJPUR,BIHAR,D97,PIRO,2.72
10-01-2025,25.5,84.5,BHOJPUR,BIHAR,D97,PIRO,2.93
11-01-2025,25.5,84.5,BHOJPUR,BIHAR,D97,PIRO,2.99
12-01-2025,25.5,84.5,BHOJPUR,BIHAR,D97,PIRO,2.64
13-01-2025,25.5,84.5,BHOJPUR,BIHAR,D97,PIRO,2.72
14-01-2025,25.5,84.5,BHOJPUR,BIHAR,D97,PIRO,3.05
15-01-2025,25.5,84.5,BHOJPUR,BIHAR,D97,PIRO,2.87
16-01-2025,25.5,84.5,BHOJPUR,BIHAR,D97,PIRO,3
17-01-2025,25.5,84.5,BHOJPUR,BIHAR,D97,PIRO,3.05
18-01-2025,25.5,84.5,BHOJPUR,BIHAR,D97,PIRO,3.41
19-01-2025,25.5,84.5,BHOJPUR,BIHAR,D97,PIRO,3.32
20-01-2025,25.5,84.5,BHOJPUR,BIHAR,D97,PIRO,2.66
21-01-2025,25.5,84.5,BHOJPUR,BIHAR,D97,PIRO,2.63
22-01-2025,25.5,84.5,BHOJPUR,BIHAR,D97,PIRO,2.64
23-01-2025,25.5,84.5,BHOJPUR,BIHAR,D97,PIRO,2.77
24-01-2025,25.5,84.5,BHOJPUR,BIHAR,D97,PIRO,2.74
25-01-2025,25.5,84.5,BHOJPUR,BIHAR,D97,PIRO,2.45
26-01-2025,25.5,84.5,BHOJPUR,BIHAR,D97,PIRO,2.15
27-01-2025,25.5,84.5,BHOJPUR,BIHAR,D97,PIRO,2.22
28-01-2025,25.5,84.5,BHOJPUR,BIHAR,D97,PIRO,1.93
29-01-2025,25.5,84.5,BHOJPUR,BIHAR,D97,PIRO,2.33
30-01-2025,25.5,84.5,BHOJPUR,BIHAR,D97,PIRO,2.39
31-01-2025,25.5,84.5,BHOJPUR,BIHAR,D97,PIRO,2.38
01-02-2025,25.5,84.5,BHOJPUR,BIHAR,D97,PIRO,2.32
02-02-2025,25.5,84.5,BHOJPUR,BIHAR,D97,PIRO,2.3
03-02-2025,25.5,84.5,BHOJPUR,BIHAR,D97,PIRO,2
04-02-2025,25.5,84.5,BHOJPUR,BIHAR,D97,PIRO,2.01
05-02-2025,25.5,84.5,BHOJPUR,BIHAR,D97,PIRO,2.02
06-02-2025,25.5,84.5,BHOJPUR,BIHAR,D97,PIRO,2.07
07-02-2025,25.5,84.5,BHOJPUR,BIHAR,D97,PIRO,2.12
08-02-2025,25.5,84.5,BHOJPUR,BIHAR,D97,PIRO,2.07
09-02-2025,25.5,84.5,BHOJPUR,BIHAR,D97,PIRO,1.72
10-02-2025,25.5,84.5,BHOJPUR,BIHAR,D97,PIRO,1.86
11-02-2025,25.5,84.5,BHOJPUR,BIHAR,D97,PIRO,2.32
12-02-2025,25.5,84.5,BHOJPUR,BIHAR,D97,PIRO,2.12
13-02-2025,25.5,84.5,BHOJPUR,BIHAR,D97,PIRO,2.28
14-02-2025,25.5,84.5,BHOJPUR,BIHAR,D97,PIRO,2.47
15-02-2025,25.5,84.5,BHOJPUR,BIHAR,D97,PIRO,2.52
16-02-2025,25.5,84.5,BHOJPUR,BIHAR,D97,PIRO,2.38
17-02-2025,25.5,84.5,BHOJPUR,BIHAR,D97,PIRO,2.17
18-02-2025,25.5,84.5,BHOJPUR,BIHAR,D97,PIRO,1.98
19-02-2025,25.5,84.5,BHOJPUR,BIHAR,D97,PIRO,1.84
20-02-2025,25.5,84.5,BHOJPUR,BIHAR,D97,PIRO,2.12
21-02-2025,25.5,84.5,BHOJPUR,BIHAR,D97,PIRO,2.12
22-02-2025,25.5,84.5,BHOJPUR,BIHAR,D97,PIRO,2.36
23-02-2025,25.5,84.5,BHOJPUR,BIHAR,D97,PIRO,2.16
24-02-2025,25.5,84.5,BHOJPUR,BIHAR,D97,PIRO,2.34
25-02-2025,25.5,84.5,BHOJPUR,BIHAR,D97,PIRO,2.53
26-02-2025,25.5,84.5,BHOJPUR,BIHAR,D97,PIRO,2.23
27-02-2025,25.5,84.5,BHOJPUR,BIHAR,D97,PIRO,2.34
28-02-2025,25.5,84.5,BHOJPUR,BIHAR,D97,PIRO,2.48
29-02-2025,25.5,84.5,BHOJPUR,BIHAR,D97,PIRO,1.97
01-03-2025,25.5,84.5,BHOJPUR,BIHAR,D97,PIRO,2.57
02-03-2025,25.5,84.5,BHOJPUR,BIHAR,D97,PIRO,2.46
03-03-2025,25.5,84.5,BHOJPUR,BIHAR,D97,PIRO,2.46
04-03-2025,25.5,84.5,BHOJPUR,BIHAR,D97,PIRO,2.36
05-03-2025,25.5,84.5,BHOJPUR,BIHAR,D97,PIRO,2.53
06-03-2025,25.5,84.5,BHOJPUR,BIHAR,D97,PIRO,2.2
07-03-2025,25.5,84.5,BHOJPUR,BIHAR,D97,PIRO,2.25
08-03-2025,25.5,84.5,BHOJPUR,BIHAR,D97,PIRO,2.17
09-03-2025,25.5,84.5,BHOJPUR,BIHAR,D97,PIRO,1.99
10-03-2025,25.5,84.5,BHOJPUR,BIHAR,D97,PIRO,2.24
11-03-2025,25.5,84.5,BHOJPUR,BIHAR,D97,PIRO,2.14
12-03-2025,25.5,84.5,BHOJPUR,BIHAR,D97,PIRO,2.08
13-03-2025,25.5,84.5,BHOJPUR,BIHAR,D97,PIRO,2.85
14-03-2025,25.5,84.5,BHOJPUR,BIHAR,D97,PIRO,2.82
15-03-2025,25.5,84.5,BHOJPUR,BIHAR,D97,PIRO,2.5
16-03-2025,25.5,84.5,BHOJPUR,BIHAR,D97,PIRO,2.04
17-03-2025,25.5,84.5,BHOJPUR,BIHAR,D97,PIRO,2.22
18-03-2025,25.5,84.5,BHOJPUR,BIHAR,D97,PIRO,2.04
19-03-2025,25.5,84.5,BHOJPUR,BIHAR,D97,PIRO,2.33
20-03-2025,25.5,84.5,BHOJPUR,BIHAR,D97,PIRO,2.87
21-03-2025,25.5,84.5,BHOJPUR,BIHAR,D97,PIRO,2.79
22-03-2025,25.5,84.5,BHOJPUR,BIHAR,D97,PIRO,2.16
23-03-2025,25.5,84.5,BHOJPUR,BIHAR,D97,PIRO,2.03
24-03-2025,25.5,84.5,BHOJPUR,BIHAR,D97,PIRO,2.08
25-03-2025,25.5,84.5,BHOJPUR,BIHAR,D97,PIRO,2.27
26-03-2025,25.5,84.5,BHOJPUR,BIHAR,D97,PIRO,2.25
27-03-2025,25.5,84.5,BHOJPUR,BIHAR,D97,PIRO,1.89
28-03-2025,25.5,84.5,BHOJPUR,BIHAR,D97,PIRO,1.71
29-03-2025,25.5,84.5,BHOJPUR,BIHAR,D97,PIRO,1.53
30-03-2025,25.5,84.5,BHOJPUR,BIHAR,D97,PIRO,2.15
31-03-2025,25.5,84.5,BHOJPUR,BIHAR,D97,PIRO,2.25
01-04-2025,25.5,84.5,BHOJPUR,BIHAR,D97,PIRO,2.25
02-04-2025,25.5,84.5,BHOJPUR,BIHAR,D97,PIRO,2.06
03-04-2025,25.5,84.5,BHOJPUR,BIHAR,D97,PIRO,2.05
04-04-2025,25.5,84.5,BHOJPUR,BIHAR,D97,PIRO,2.43
05-04-2025,25.5,84.5,BHOJPUR,BIHAR,D97,PIRO,2.36
06-04-2025,25.5,84.5,BHOJPUR,BIHAR,D97,PIRO,1.99
07-04-2025,25.5,84.5,BHOJPUR,BIHAR,D97,PIRO,2.14
08-04-2025,25.5,84.5,BHOJPUR,BIHAR,D97,PIRO,1.97
09-04-2025,25.5,84.5,BHOJPUR,BIHAR,D97,PIRO,1.91
10-04-2025,25.5,84.5,BHOJPUR,BIHAR,D97,PIRO,2.16
11-04-2025,25.5,84.5,BHOJPUR,BIHAR,D97,PIRO,2.1
12-04-2025,25.5,84.5,BHOJPUR,BIHAR,D97,PIRO,2.24
13-04-2025,25.5,84.5,BHOJPUR,BIHAR,D97,PIRO,2.23
14-04-2025,25.5,84.5,BHOJPUR,BIHAR,D97,PIRO,2.08
15-04-2025,25.5,84.5,BHOJPUR,BIHAR,D97,PIRO,2.11
16-04-2025,25.5,84.5,BHOJPUR,BIHAR,D97,PIRO,1.96
17-04-2025,25.5,84.5,BHOJPUR,BIHAR,D97,PIRO,2.36
18-04-2025,25.5,84.5,BHOJPUR,BIHAR,D97,PIRO,2.39
19-04-2025,25.5,84.5,BHOJPUR,BIHAR,D97,PIRO,2.57
20-04-2025,25.5,84.5,BHOJPUR,BIHAR,D97,PIRO,2.5
21-04-2025,25.5,84.5,BHOJPUR,BIHAR,D97,PIRO,3.02
22-04-2025,25.5,84.5,BHOJPUR,BIHAR,D97,PIRO,2.55
23-04-2025,25.5,84.5,BHOJPUR,BIHAR,D97,PIRO,2.17
24-04-2025,25.5,84.5,BHOJPUR,BIHAR,D97,PIRO,2.51
25-04-2025,25.5,84.5,BHOJPUR,BIHAR,D97,PIRO,2.89
26-04-2025,25.5,84.5,BHOJPUR,BIHAR,D97,PIRO,3.32
27-04-2025,25.5,84.5,BHOJPUR,BIHAR,D97,PIRO,2.96
28-04-2025,25.5,84.5,BHOJPUR,BIHAR,D97,PIRO,2.84
29-04-2025,25.5,84.5,BHOJPUR,BIHAR,D97,PIRO,2.65
30-04-2025,25.5,84.5,BHOJPUR,BIHAR,D97,PIRO,3.01
01-05-2025,25.5,84.5,BHOJPUR,BIHAR,D97,PIRO,3.19
02-05-2025,25.5,84.5,BHOJPUR,BIHAR,D97,PIRO,2.53
03-05-2025,25.5,84.5,BHOJPUR,BIHAR,D97,PIRO,2.33
04-05-2025,25.5,84.5,BHOJPUR,BIHAR,D97,PIRO,2.23
05-05-2025,25.5,84.5,BHOJPUR,BIHAR,D97,PIRO,2.43
06-05-2025,25.5,84.5,BHOJPUR,BIHAR,D97,PIRO,2.07
07-05-2025,25.5,84.5,BHOJPUR,BIHAR,D97,PIRO,2.48
08-05-2025,25.5,84.5,BHOJPUR,BIHAR,D97,PIRO,2.23
09-05-2025,25.5,84.5,BHOJPUR,BIHAR,D97,PIRO,2.44
10-05-2025,25.5,84.5,BHOJPUR,BIHAR,D97,PIRO,2.45
11-05-2025,25.5,84.5,BHOJPUR,BIHAR,D97,PIRO,2.45
12-05-2025,25.5,84.5,BHOJPUR,BIHAR,D97,PIRO,2.73
13-05-2025,25.5,84.5,BHOJPUR,BIHAR,D97,PIRO,2.42
14-05-2025,25.5,84.5,BHOJPUR,BIHAR,D97,PIRO,2.28
15-05-2025,25.5,84.5,BHOJPUR,BIHAR,D97,PIRO,2.35
16-05-2025,25.5,84.5,BHOJPUR,BIHAR,D97,PIRO,2.35
17-05-2025,25.5,84.5,BHOJPUR,BIHAR,D97,PIRO,2.04
18-05-2025,25.5,84.5,BHOJPUR,BIHAR,D97,PIRO,1.57
19-05-2025,25.5,84.5,BHOJPUR,BIHAR,D97,PIRO,2.34
20-05-2025,25.5,84.5,BHOJPUR,BIHAR,D97,PIRO,2.98
21-05-2025,25.5,84.5,BHOJPUR,BIHAR,D97,PIRO,2.73
22-05-2025,25.5,84.5,BHOJPUR,BIHAR,D97,PIRO,2.77
23-05-2025,25.5,84.5,BHOJPUR,BIHAR,D97,PIRO,2.76
24-05-2025,25.5,84.5,BHOJPUR,BIHAR,D97,PIRO,2.83
25-05-2025,25.5,84.5,BHOJPUR,BIHAR,D97,PIRO,3.26
26-05-2025,25.5,84.5,BHOJPUR,BIHAR,D97,PIRO,3.02
27-05-2025,25.5,84.5,BHOJPUR,BIHAR,D97,PIRO,3.51
28-05-2025,25.5,84.5,BHOJPUR,BIHAR,D97,PIRO,3.5
29-05-2025,25.5,84.5,BHOJPUR,BIHAR,D97,PIRO,3.25
30-05-2025,25.5,84.5,BHOJPUR,BIHAR,D97,PIRO,3.12
31-05-2025,25.5,84.5,BHOJPUR,BIHAR,D97,PIRO,3.09
01-06-2025,25.5,84.5,BHOJPUR,BIHAR,D97,PIRO,2.68
02-06-2025,25.5,84.5,BHOJPUR,BIHAR,D97,PIRO,2.43
03-06-2025,25.5,84.5,BHOJPUR,BIHAR,D97,PIRO,2.55
04-06-2025,25.5,84.5,BHOJPUR,BIHAR,D97,PIRO,2.77
05-06-2025,25.5,84.5,BHOJPUR,BIHAR,D97,PIRO,2.67
06-06-2025,25.5,84.5,BHOJPUR,BIHAR,D97,PIRO,2.95
07-06-2025,25.5,84.5,BHOJPUR,BIHAR,D97,PIRO,3.36
08-06-2025,25.5,84.5,BHOJPUR,BIHAR,D97,PIRO,3.54
09-06-2025,25.5,84.5,BHOJPUR,BIHAR,D97,PIRO,3.19
10-06-2025,25.5,84.5,BHOJPUR,BIHAR,D97,PIRO,2.77
11-06-2025,25.5,84.5,BHOJPUR,BIHAR,D97,PIRO,2.76
12-06-2025,25.5,84.5,BHOJPUR,BIHAR,D97,PIRO,2.92
13-06-2025,25.5,84.5,BHOJPUR,BIHAR,D97,PIRO,3.07
14-06-2025,25.5,84.5,BHOJPUR,BIHAR,D97,PIRO,3.68
15-06-2025,25.5,84.5,BHOJPUR,BIHAR,D97,PIRO,4.08
16-06-2025,25.5,84.5,BHOJPUR,BIHAR,D97,PIRO,3.94
17-06-2025,25.5,84.5,BHOJPUR,BIHAR,D97,PIRO,3.72
18-06-2025,25.5,84.5,BHOJPUR,BIHAR,D97,PIRO,3.75
19-06-2025,25.5,84.5,BHOJPUR,BIHAR,D97,PIRO,4.04
20-06-2025,25.5,84.5,BHOJPUR,BIHAR,D97,PIRO,3.35
21-06-2025,25.5,84.5,BHOJPUR,BIHAR,D97,PIRO,2.88
22-06-2025,25.5,84.5,BHOJPUR,BIHAR,D97,PIRO,2.7
23-06-2025,25.5,84.5,BHOJPUR,BIHAR,D97,PIRO,2.51
24-06-2025,25.5,84.5,BHOJPUR,BIHAR,D97,PIRO,2.14
25-06-2025,25.5,84.5,BHOJPUR,BIHAR,D97,PIRO,2.32
26-06-2025,25.5,84.5,BHOJPUR,BIHAR,D97,PIRO,2.06
27-06-2025,25.5,84.5,BHOJPUR,BIHAR,D97,PIRO,2.11
28-06-2025,25.5,84.5,BHOJPUR,BIHAR,D97,PIRO,2.4
29-06-2025,25.5,84.5,BHOJPUR,BIHAR,D97,PIRO,2.75
30-06-2025,25.5,84.5,BHOJPUR,BIHAR,D97,PIRO,2.46
01-07-2025,25.5,84.5,BHOJPUR,BIHAR,D97,PIRO,1.9
02-07-2025,25.5,84.5,BHOJPUR,BIHAR,D97,PIRO,1.7
03-07-2025,25.5,84.5,BHOJPUR,BIHAR,D97,PIRO,1.36
04-07-2025,25.5,84.5,BHOJPUR,BIHAR,D97,PIRO,1.81
05-07-2025,25.5,84.5,BHOJPUR,BIHAR,D97,PIRO,2.05
06-07-2025,25.5,84.5,BHOJPUR,BIHAR,D97,PIRO,1.8
07-07-2025,25.5,84.5,BHOJPUR,BIHAR,D97,PIRO,1.59
08-07-2025,25.5,84.5,BHOJPUR,BIHAR,D97,PIRO,1.96
09-07-2025,25.5,84.5,BHOJPUR,BIHAR,D97,PIRO,1.91
10-07-2025,25.5,84.5,BHOJPUR,BIHAR,D97,PIRO,2.13
11-07-2025,25.5,84.5,BHOJPUR,BIHAR,D97,PIRO,2.14
12-07-2025,25.5,84.5,BHOJPUR,BIHAR,D97,PIRO,2.1
13-07-2025,25.5,84.5,BHOJPUR,BIHAR,D97,PIRO,1.96
14-07-2025,25.5,84.5,BHOJPUR,BIHAR,D97,PIRO,1.93
15-07-2025,25.5,84.5,BHOJPUR,BIHAR,D97,PIRO,1.7
16-07-2025,25.5,84.5,BHOJPUR,BIHAR,D97,PIRO,1.98
17-07-2025,25.5,84.5,BHOJPUR,BIHAR,D97,PIRO,1.81
18-07-2025,25.5,84.5,BHOJPUR,BIHAR,D97,PIRO,1.76
19-07-2025,25.5,84.5,BHOJPUR,BIHAR,D97,PIRO,1.77
20-07-2025,25.5,84.5,BHOJPUR,BIHAR,D97,PIRO,1.71
21-07-2025,25.5,84.5,BHOJPUR,BIHAR,D97,PIRO,1.47
22-07-2025,25.5,84.5,BHOJPUR,BIHAR,D97,PIRO,1.43
23-07-2025,25.5,84.5,BHOJPUR,BIHAR,D97,PIRO,1.74
24-07-2025,25.5,84.5,BHOJPUR,BIHAR,D97,PIRO,1.56
25-07-2025,25.5,84.5,BHOJPUR,BIHAR,D97,PIRO,1.73
26-07-2025,25.5,84.5,BHOJPUR,BIHAR,D97,PIRO,1.94
27-07-2025,25.5,84.5,BHOJPUR,BIHAR,D97,PIRO,1.77
28-07-2025,25.5,84.5,BHOJPUR,BIHAR,D97,PIRO,1.61
29-07-2025,25.5,84.5,BHOJPUR,BIHAR,D97,PIRO,1.58
30-07-2025,25.5,84.5,BHOJPUR,BIHAR,D97,PIRO,1.52
31-07-2025,25.5,84.5,BHOJPUR,BIHAR,D97,PIRO,1.49
01-08-2025,25.5,84.5,BHOJPUR,BIHAR,D97,PIRO,1.42
02-08-2025,25.5,84.5,BHOJPUR,BIHAR,D97,PIRO,1.35
03-08-2025,25.5,84.5,BHOJPUR,BIHAR,D97,PIRO,1.48
04-08-2025,25.5,84.5,BHOJPUR,BIHAR,D97,PIRO,1.43
05-08-2025,25.5,84.5,BHOJPUR,BIHAR,D97,PIRO,1.41
06-08-2025,25.5,84.5,BHOJPUR,BIHAR,D97,PIRO,1.41
07-08-2025,25.5,84.5,BHOJPUR,BIHAR,D97,PIRO,1.34
08-08-2025,25.5,84.5,BHOJPUR,BIHAR,D97,PIRO,1.47
09-08-2025,25.5,84.5,BHOJPUR,BIHAR,D97,PIRO,1.61
10-08-2025,25.5,84.5,BHOJPUR,BIHAR,D97,PIRO,1.32
11-08-2025,25.5,84.5,BHOJPUR,BIHAR,D97,PIRO,1.41
12-08-2025,25.5,84.5,BHOJPUR,BIHAR,D97,PIRO,1.51
13-08-2025,25.5,84.5,BHOJPUR,BIHAR,D97,PIRO,1.62
14-08-2025,25.5,84.5,BHOJPUR,BIHAR,D97,PIRO,1.7
15-08-2025,25.5,84.5,BHOJPUR,BIHAR,D97,PIRO,1.32
16-08-2025,25.5,84.5,BHOJPUR,BIHAR,D97,PIRO,1.4
17-08-2025,25.5,84.5,BHOJPUR,BIHAR,D97,PIRO,1.32
18-08-2025,25.5,84.5,BHOJPUR,BIHAR,D97,PIRO,1.55
19-08-2025,25.5,84.5,BHOJPUR,BIHAR,D97,PIRO,1.24
20-08-2025,25.5,84.5,BHOJPUR,BIHAR,D97,PIRO,1.21
21-08-2025,25.5,84.5,BHOJPUR,BIHAR,D97,PIRO,1.13
22-08-2025,25.5,84.5,BHOJPUR,BIHAR,D97,PIRO,1.43
23-08-2025,25.5,84.5,BHOJPUR,BIHAR,D97,PIRO,1.3
24-08-2025,25.5,84.5,BHOJPUR,BIHAR,D97,PIRO,1.36
25-08-2025,25.5,84.5,BHOJPUR,BIHAR,D97,PIRO,1.26
26-08-2025,25.5,84.5,BHOJPUR,BIHAR,D97,PIRO,1.18
27-08-2025,25.5,84.5,BHOJPUR,BIHAR,D97,PIRO,1.2
28-08-2025,25.5,84.5,BHOJPUR,BIHAR,D97,PIRO,1.31
29-08-2025,25.5,84.5,BHOJPUR,BIHAR,D97,PIRO,1.12
30-08-2025,25.5,84.5,BHOJPUR,BIHAR,D97,PIRO,1.37
31-08-2025,25.5,84.5,BHOJPUR,BIHAR,D97,PIRO,1.57
01-09-2025,25.5,84.5,BHOJPUR,BIHAR,D97,PIRO,1.72
02-09-2025,25.5,84.5,BHOJPUR,BIHAR,D97,PIRO,1.66
03-09-2025,25.5,84.5,BHOJPUR,BIHAR,D97,PIRO,1.49
04-09-2025,25.5,84.5,BHOJPUR,BIHAR,D97,PIRO,1.37
05-09-2025,25.5,84.5,BHOJPUR,BIHAR,D97,PIRO,1.48
06-09-2025,25.5,84.5,BHOJPUR,BIHAR,D97,PIRO,1.75
07-09-2025,25.5,84.5,BHOJPUR,BIHAR,D97,PIRO,1.71
08-09-2025,25.5,84.5,BHOJPUR,BIHAR,D97,PIRO,1.46
09-09-2025,25.5,84.5,BHOJPUR,BIHAR,D97,PIRO,1.6
10-09-2025,25.5,84.5,BHOJPUR,BIHAR,D97,PIRO,1.33
11-09-2025,25.5,84.5,BHOJPUR,BIHAR,D97,PIRO,1.29
12-09-2025,25.5,84.5,BHOJPUR,BIHAR,D97,PIRO,1.82
13-09-2025,25.5,84.5,BHOJPUR,BIHAR,D97,PIRO,1.76
14-09-2025,25.5,84.5,BHOJPUR,BIHAR,D97,PIRO,1.76
15-09-2025,25.5,84.5,BHOJPUR,BIHAR,D97,PIRO,1.75
16-09-2025,25.5,84.5,BHOJPUR,BIHAR,D97,PIRO,1.64
17-09-2025,25.5,84.5,BHOJPUR,BIHAR,D97,PIRO,1.51
18-09-2025,25.5,84.5,BHOJPUR,BIHAR,D97,PIRO,1.57
19-09-2025,25.5,84.5,BHOJPUR,BIHAR,D97,PIRO,1.47
20-09-2025,25.5,84.5,BHOJPUR,BIHAR,D97,PIRO,1.37
21-09-2025,25.5,84.5,BHOJPUR,BIHAR,D97,PIRO,1.61
22-09-2025,25.5,84.5,BHOJPUR,BIHAR,D97,PIRO,1.66
23-09-2025,25.5,84.5,BHOJPUR,BIHAR,D97,PIRO,1.95
24-09-2025,25.5,84.5,BHOJPUR,BIHAR,D97,PIRO,2.16
25-09-2025,25.5,84.5,BHOJPUR,BIHAR,D97,PIRO,1.87
26-09-2025,25.5,84.5,BHOJPUR,BIHAR,D97,PIRO,2.15
27-09-2025,25.5,84.5,BHOJPUR,BIHAR,D97,PIRO,1.98
28-09-2025,25.5,84.5,BHOJPUR,BIHAR,D97,PIRO,2.1
29-09-2025,25.5,84.5,BHOJPUR,BIHAR,D97,PIRO,1.93
30-09-2025,25.5,84.5,BHOJPUR,BIHAR,D97,PIRO,1.82
01-10-2025,25.5,84.5,BHOJPUR,BIHAR,D97,PIRO,1.54
02-10-2025,25.5,84.5,BHOJPUR,BIHAR,D97,PIRO,1.78
03-10-2025,25.5,84.5,BHOJPUR,BIHAR,D97,PIRO,1.71
04-10-2025,25.5,84.5,BHOJPUR,BIHAR,D97,PIRO,1.73
05-10-2025,25.5,84.5,BHOJPUR,BIHAR,D97,PIRO,1.53
06-10-2025,25.5,84.5,BHOJPUR,BIHAR,D97,PIRO,1.45
07-10-2025,25.5,84.5,BHOJPUR,BIHAR,D97,PIRO,1.48
08-10-2025,25.5,84.5,BHOJPUR,BIHAR,D97,PIRO,1.72
09-10-2025,25.5,84.5,BHOJPUR,BIHAR,D97,PIRO,1.79
10-10-2025,25.5,84.5,BHOJPUR,BIHAR,D97,PIRO,1.41
11-10-2025,25.5,84.5,BHOJPUR,BIHAR,D97,PIRO,1.31
12-10-2025,25.5,84.5,BHOJPUR,BIHAR,D97,PIRO,1.31
13-10-2025,25.5,84.5,BHOJPUR,BIHAR,D97,PIRO,1.66
14-10-2025,25.5,84.5,BHOJPUR,BIHAR,D97,PIRO,1.83
15-10-2025,25.5,84.5,BHOJPUR,BIHAR,D97,PIRO,1.69
16-10-2025,25.5,84.5,BHOJPUR,BIHAR,D97,PIRO,1.45
17-10-2025,25.5,84.5,BHOJPUR,BIHAR,D97,PIRO,1.28
18-10-2025,25.5,84.5,BHOJPUR,BIHAR,D97,PIRO,1.38
19-10-2025,25.5,84.5,BHOJPUR,BIHAR,D97,PIRO,1.61
20-10-2025,25.5,84.5,BHOJPUR,BIHAR,D97,PIRO,1.53
21-10-2025,25.5,84.5,BHOJPUR,BIHAR,D97,PIRO,1.6
22-10-2025,25.5,84.5,BHOJPUR,BIHAR,D97,PIRO,1.46
23-10-2025,25.5,84.5,BHOJPUR,BIHAR,D97,PIRO,1.43
24-10-2025,25.5,84.5,BHOJPUR,BIHAR,D97,PIRO,1.49
25-10-2025,25.5,84.5,BHOJPUR,BIHAR,D97,PIRO,2.16
26-10-2025,25.5,84.5,BHOJPUR,BIHAR,D97,PIRO,1.91
27-10-2025,25.5,84.5,BHOJPUR,BIHAR,D97,PIRO,1.32
28-10-2025,25.5,84.5,BHOJPUR,BIHAR,D97,PIRO,1
29-10-2025,25.5,84.5,BHOJPUR,BIHAR,D97,PIRO,1.18
30-10-2025,25.5,84.5,BHOJPUR,BIHAR,D97,PIRO,1.46
31-10-2025,25.5,84.5,BHOJPUR,BIHAR,D97,PIRO,1.68
01-11-2025,25.5,84.5,BHOJPUR,BIHAR,D97,PIRO,1.55
02-11-2025,25.5,84.5,BHOJPUR,BIHAR,D97,PIRO,1.03
03-11-2025,25.5,84.5,BHOJPUR,BIHAR,D97,PIRO,1.12
04-11-2025,25.5,84.5,BHOJPUR,BIHAR,D97,PIRO,1.15
05-11-2025,25.5,84.5,BHOJPUR,BIHAR,D97,PIRO,1.13
06-11-2025,25.5,84.5,BHOJPUR,BIHAR,D97,PIRO,0.91
07-11-2025,25.5,84.5,BHOJPUR,BIHAR,D97,PIRO,0.87
08-11-2025,25.5,84.5,BHOJPUR,BIHAR,D97,PIRO,1.37
09-11-2025,25.5,84.5,BHOJPUR,BIHAR,D97,PIRO,0.96
10-11-2025,25.5,84.5,BHOJPUR,BIHAR,D97,PIRO,1.01
11-11-2025,25.5,84.5,BHOJPUR,BIHAR,D97,PIRO,1.02
12-11-2025,25.5,84.5,BHOJPUR,BIHAR,D97,PIRO,1.02
13-11-2025,25.5,84.5,BHOJPUR,BIHAR,D97,PIRO,0.97
14-11-2025,25.5,84.5,BHOJPUR,BIHAR,D97,PIRO,0.95
15-11-2025,25.5,84.5,BHOJPUR,BIHAR,D97,PIRO,0.93
16-11-2025,25.5,84.5,BHOJPUR,BIHAR,D97,PIRO,1.14
17-11-2025,25.5,84.5,BHOJPUR,BIHAR,D97,PIRO,1.43
18-11-2025,25.5,84.5,BHOJPUR,BIHAR,D97,PIRO,1.26
19-11-2025,25.5,84.5,BHOJPUR,BIHAR,D97,PIRO,1.22
20-11-2025,25.5,84.5,BHOJPUR,BIHAR,D97,PIRO,1.16
21-11-2025,25.5,84.5,BHOJPUR,BIHAR,D97,PIRO,1.04
22-11-2025,25.5,84.5,BHOJPUR,BIHAR,D97,PIRO,1.06
23-11-2025,25.5,84.5,BHOJPUR,BIHAR,D97,PIRO,1.08
24-11-2025,25.5,84.5,BHOJPUR,BIHAR,D97,PIRO,1.03
25-11-2025,25.5,84.5,BHOJPUR,BIHAR,D97,PIRO,0.86
26-11-2025,25.5,84.5,BHOJPUR,BIHAR,D97,PIRO,0.8
27-11-2025,25.5,84.5,BHOJPUR,BIHAR,D97,PIRO,1.17
28-11-2025,25.5,84.5,BHOJPUR,BIHAR,D97,PIRO,0.94
29-11-2025,25.5,84.5,BHOJPUR,BIHAR,D97,PIRO,1.13
30-11-2025,25.5,84.5,BHOJPUR,BIHAR,D97,PIRO,1.17
01-12-2025,25.5,84.5,BHOJPUR,BIHAR,D97,PIRO,1.31
02-12-2025,25.5,84.5,BHOJPUR,BIHAR,D97,PIRO,1
03-12-2025,25.5,84.5,BHOJPUR,BIHAR,D97,PIRO,1.12
04-12-2025,25.5,84.5,BHOJPUR,BIHAR,D97,PIRO,1.21
05-12-2025,25.5,84.5,BHOJPUR,BIHAR,D97,PIRO,1.28
06-12-2025,25.5,84.5,BHOJPUR,BIHAR,D97,PIRO,1.21
07-12-2025,25.5,84.5,BHOJPUR,BIHAR,D97,PIRO,1.51
08-12-2025,25.5,84.5,BHOJPUR,BIHAR,D97,PIRO,1.61
09-12-2025,25.5,84.5,BHOJPUR,BIHAR,D97,PIRO,1.69
10-12-2025,25.5,84.5,BHOJPUR,BIHAR,D97,PIRO,1.81
11-12-2025,25.5,84.5,BHOJPUR,BIHAR,D97,PIRO,1.72
12-12-2025,25.5,84.5,BHOJPUR,BIHAR,D97,PIRO,1.72
13-12-2025,25.5,84.5,BHOJPUR,BIHAR,D97,PIRO,1.87
14-12-2025,25.5,84.5,BHOJPUR,BIHAR,D97,PIRO,1.61
15-12-2025,25.5,84.5,BHOJPUR,BIHAR,D97,PIRO,1.76
16-12-2025,25.5,84.5,BHOJPUR,BIHAR,D97,PIRO,1.74
17-12-2025,25.5,84.5,BHOJPUR,BIHAR,D97,PIRO,1.97
18-12-2025,25.5,84.5,BHOJPUR,BIHAR,D97,PIRO,2.22
19-12-2025,25.5,84.5,BHOJPUR,BIHAR,D97,PIRO,2.51
20-12-2025,25.5,84.5,BHOJPUR,BIHAR,D97,PIRO,2.43
21-12-2025,25.5,84.5,BHOJPUR,BIHAR,D97,PIRO,2.56
22-12-2025,25.5,84.5,BHOJPUR,BIHAR,D97,PIRO,2.36
23-12-2025,25.5,84.5,BHOJPUR,BIHAR,D97,PIRO,2.23
24-12-2025,25.5,84.5,BHOJPUR,BIHAR,D97,PIRO,2.2
25-12-2025,25.5,84.5,BHOJPUR,BIHAR,D97,PIRO,2.33
26-12-2025,25.5,84.5,BHOJPUR,BIHAR,D97,PIRO,2.59
27-12-2025,25.5,84.5,BHOJPUR,BIHAR,D97,PIRO,2.66
28-12-2025,25.5,84.5,BHOJPUR,BIHAR,D97,PIRO,2.63
29-12-2025,25.5,84.5,BHOJPUR,BIHAR,D97,PIRO,2.68
30-12-2025,25.5,84.5,BHOJPUR,BIHAR,D97,PIRO,2.74
31-12-2025,25.5,84.5,BHOJPUR,BIHAR,D97,PIRO,2.5
01-01-2025,24.5,84.5,GAYA,BIHAR,D100,DUMARIA,2.31
02-01-2025,24.5,84.5,GAYA,BIHAR,D100,DUMARIA,2.28
03-01-2025,24.5,84.5,GAYA,BIHAR,D100,DUMARIA,2.36
04-01-2025,24.5,84.5,GAYA,BIHAR,D100,DUMARIA,2.33
05-01-2025,24.5,84.5,GAYA,BIHAR,D100,DUMARIA,2.41
06-01-2025,24.5,84.5,GAYA,BIHAR,D100,DUMARIA,2.71
07-01-2025,24.5,84.5,GAYA,BIHAR,D100,DUMARIA,2.71
08-01-2025,24.5,84.5,GAYA,BIHAR,D100,DUMARIA,2.39
09-01-2025,24.5,84.5,GAYA,BIHAR,D100,DUMARIA,2.28
10-01-2025,24.5,84.5,GAYA,BIHAR,D100,DUMARIA,2.51
11-01-2025,24.5,84.5,GAYA,BIHAR,D100,DUMARIA,2.52
12-01-2025,24.5,84.5,GAYA,BIHAR,D100,DUMARIA,2.19
13-01-2025,24.5,84.5,GAYA,BIHAR,D100,DUMARIA,2.3
14-01-2025,24.5,84.5,GAYA,BIHAR,D100,DUMARIA,2.65
15-01-2025,24.5,84.5,GAYA,BIHAR,D100,DUMARIA,2.5
16-01-2025,24.5,84.5,GAYA,BIHAR,D100,DUMARIA,2.57
17-01-2025,24.5,84.5,GAYA,BIHAR,D100,DUMARIA,2.85
18-01-2025,24.5,84.5,GAYA,BIHAR,D100,DUMARIA,2.99
19-01-2025,24.5,84.5,GAYA,BIHAR,D100,DUMARIA,2.95
20-01-2025,24.5,84.5,GAYA,BIHAR,D100,DUMARIA,2.46
21-01-2025,24.5,84.5,GAYA,BIHAR,D100,DUMARIA,2.36
22-01-2025,24.5,84.5,GAYA,BIHAR,D100,DUMARIA,2.36
23-01-2025,24.5,84.5,GAYA,BIHAR,D100,DUMARIA,2.67
24-01-2025,24.5,84.5,GAYA,BIHAR,D100,DUMARIA,2.68
25-01-2025,24.5,84.5,GAYA,BIHAR,D100,DUMARIA,2.31
26-01-2025,24.5,84.5,GAYA,BIHAR,D100,DUMARIA,2.23
27-01-2025,24.5,84.5,GAYA,BIHAR,D100,DUMARIA,2.15
28-01-2025,24.5,84.5,GAYA,BIHAR,D100,DUMARIA,1.88
29-01-2025,24.5,84.5,GAYA,BIHAR,D100,DUMARIA,2.46
30-01-2025,24.5,84.5,GAYA,BIHAR,D100,DUMARIA,2.45
31-01-2025,24.5,84.5,GAYA,BIHAR,D100,DUMARIA,2.36
01-02-2025,24.5,84.5,GAYA,BIHAR,D100,DUMARIA,2.25
02-02-2025,24.5,84.5,GAYA,BIHAR,D100,DUMARIA,2.21
03-02-2025,24.5,84.5,GAYA,BIHAR,D100,DUMARIA,2
04-02-2025,24.5,84.5,GAYA,BIHAR,D100,DUMARIA,2.08
05-02-2025,24.5,84.5,GAYA,BIHAR,D100,DUMARIA,2.14
06-02-2025,24.5,84.5,GAYA,BIHAR,D100,DUMARIA,2.13
07-02-2025,24.5,84.5,GAYA,BIHAR,D100,DUMARIA,2.32
08-02-2025,24.5,84.5,GAYA,BIHAR,D100,DUMARIA,2.27
09-02-2025,24.5,84.5,GAYA,BIHAR,D100,DUMARIA,1.89
10-02-2025,24.5,84.5,GAYA,BIHAR,D100,DUMARIA,1.98
11-02-2025,24.5,84.5,GAYA,BIHAR,D100,DUMARIA,2.32
12-02-2025,24.5,84.5,GAYA,BIHAR,D100,DUMARIA,2.22
13-02-2025,24.5,84.5,GAYA,BIHAR,D100,DUMARIA,2.43
14-02-2025,24.5,84.5,GAYA,BIHAR,D100,DUMARIA,2.39
15-02-2025,24.5,84.5,GAYA,BIHAR,D100,DUMARIA,2.58
16-02-2025,24.5,84.5,GAYA,BIHAR,D100,DUMARIA,2.55
17-02-2025,24.5,84.5,GAYA,BIHAR,D100,DUMARIA,2.33
18-02-2025,24.5,84.5,GAYA,BIHAR,D100,DUMARIA,2.07
19-02-2025,24.5,84.5,GAYA,BIHAR,D100,DUMARIA,2.04
20-02-2025,24.5,84.5,GAYA,BIHAR,D100,DUMARIA,2.32
21-02-2025,24.5,84.5,GAYA,BIHAR,D100,DUMARIA,2.28
22-02-2025,24.5,84.5,GAYA,BIHAR,D100,DUMARIA,2.38
23-02-2025,24.5,84.5,GAYA,BIHAR,D100,DUMARIA,2.24
24-02-2025,24.5,84.5,GAYA,BIHAR,D100,DUMARIA,2.34
25-02-2025,24.5,84.5,GAYA,BIHAR,D100,DUMARIA,2.65
26-02-2025,24.5,84.5,GAYA,BIHAR,D100,DUMARIA,2.42
27-02-2025,24.5,84.5,GAYA,BIHAR,D100,DUMARIA,2.38
28-02-2025,24.5,84.5,GAYA,BIHAR,D100,DUMARIA,2.67
29-02-2025,24.5,84.5,GAYA,BIHAR,D100,DUMARIA,1.99
01-03-2025,24.5,84.5,GAYA,BIHAR,D100,DUMARIA,2.59
02-03-2025,24.5,84.5,GAYA,BIHAR,D100,DUMARIA,2.65
03-03-2025,24.5,84.5,GAYA,BIHAR,D100,DUMARIA,2.5
04-03-2025,24.5,84.5,GAYA,BIHAR,D100,DUMARIA,2.37
05-03-2025,24.5,84.5,GAYA,BIHAR,D100,DUMARIA,2.53
06-03-2025,24.5,84.5,GAYA,BIHAR,D100,DUMARIA,2.33
07-03-2025,24.5,84.5,GAYA,BIHAR,D100,DUMARIA,2.41
08-03-2025,24.5,84.5,GAYA,BIHAR,D100,DUMARIA,2.31
09-03-2025,24.5,84.5,GAYA,BIHAR,D100,DUMARIA,2.1
10-03-2025,24.5,84.5,GAYA,BIHAR,D100,DUMARIA,2.44
11-03-2025,24.5,84.5,GAYA,BIHAR,D100,DUMARIA,2.43
12-03-2025,24.5,84.5,GAYA,BIHAR,D100,DUMARIA,2.22
13-03-2025,24.5,84.5,GAYA,BIHAR,D100,DUMARIA,2.88
14-03-2025,24.5,84.5,GAYA,BIHAR,D100,DUMARIA,2.85
15-03-2025,24.5,84.5,GAYA,BIHAR,D100,DUMARIA,2.46
16-03-2025,24.5,84.5,GAYA,BIHAR,D100,DUMARIA,2.11
17-03-2025,24.5,84.5,GAYA,BIHAR,D100,DUMARIA,2.23
18-03-2025,24.5,84.5,GAYA,BIHAR,D100,DUMARIA,2.13
19-03-2025,24.5,84.5,GAYA,BIHAR,D100,DUMARIA,2.53
20-03-2025,24.5,84.5,GAYA,BIHAR,D100,DUMARIA,2.96
21-03-2025,24.5,84.5,GAYA,BIHAR,D100,DUMARIA,2.97
22-03-2025,24.5,84.5,GAYA,BIHAR,D100,DUMARIA,2.26
23-03-2025,24.5,84.5,GAYA,BIHAR,D100,DUMARIA,2.14
24-03-2025,24.5,84.5,GAYA,BIHAR,D100,DUMARIA,2.12
25-03-2025,24.5,84.5,GAYA,BIHAR,D100,DUMARIA,2.29
26-03-2025,24.5,84.5,GAYA,BIHAR,D100,DUMARIA,2.17
27-03-2025,24.5,84.5,GAYA,BIHAR,D100,DUMARIA,1.9
28-03-2025,24.5,84.5,GAYA,BIHAR,D100,DUMARIA,1.81
29-03-2025,24.5,84.5,GAYA,BIHAR,D100,DUMARIA,1.62
30-03-2025,24.5,84.5,GAYA,BIHAR,D100,DUMARIA,2.25
31-03-2025,24.5,84.5,GAYA,BIHAR,D100,DUMARIA,2.26
01-04-2025,24.5,84.5,GAYA,BIHAR,D100,DUMARIA,2.32
02-04-2025,24.5,84.5,GAYA,BIHAR,D100,DUMARIA,2.13
03-04-2025,24.5,84.5,GAYA,BIHAR,D100,DUMARIA,2.24
04-04-2025,24.5,84.5,GAYA,BIHAR,D100,DUMARIA,2.54
05-04-2025,24.5,84.5,GAYA,BIHAR,D100,DUMARIA,2.44
06-04-2025,24.5,84.5,GAYA,BIHAR,D100,DUMARIA,2.06
07-04-2025,24.5,84.5,GAYA,BIHAR,D100,DUMARIA,2.17
08-04-2025,24.5,84.5,GAYA,BIHAR,D100,DUMARIA,2.09
09-04-2025,24.5,84.5,GAYA,BIHAR,D100,DUMARIA,1.93
10-04-2025,24.5,84.5,GAYA,BIHAR,D100,DUMARIA,2.05
11-04-2025,24.5,84.5,GAYA,BIHAR,D100,DUMARIA,2.13
12-04-2025,24.5,84.5,GAYA,BIHAR,D100,DUMARIA,2.32
13-04-2025,24.5,84.5,GAYA,BIHAR,D100,DUMARIA,2.27
14-04-2025,24.5,84.5,GAYA,BIHAR,D100,DUMARIA,2
15-04-2025,24.5,84.5,GAYA,BIHAR,D100,DUMARIA,2.22
16-04-2025,24.5,84.5,GAYA,BIHAR,D100,DUMARIA,2.1
17-04-2025,24.5,84.5,GAYA,BIHAR,D100,DUMARIA,2.46
18-04-2025,24.5,84.5,GAYA,BIHAR,D100,DUMARIA,2.47
19-04-2025,24.5,84.5,GAYA,BIHAR,D100,DUMARIA,2.66
20-04-2025,24.5,84.5,GAYA,BIHAR,D100,DUMARIA,2.57
21-04-2025,24.5,84.5,GAYA,BIHAR,D100,DUMARIA,2.92
22-04-2025,24.5,84.5,GAYA,BIHAR,D100,DUMARIA,2.64
23-04-2025,24.5,84.5,GAYA,BIHAR,D100,DUMARIA,2.18
24-04-2025,24.5,84.5,GAYA,BIHAR,D100,DUMARIA,2.42
25-04-2025,24.5,84.5,GAYA,BIHAR,D100,DUMARIA,2.84
26-04-2025,24.5,84.5,GAYA,BIHAR,D100,DUMARIA,3.25
27-04-2025,24.5,84.5,GAYA,BIHAR,D100,DUMARIA,3.1
28-04-2025,24.5,84.5,GAYA,BIHAR,D100,DUMARIA,2.94
29-04-2025,24.5,84.5,GAYA,BIHAR,D100,DUMARIA,2.78
30-04-2025,24.5,84.5,GAYA,BIHAR,D100,DUMARIA,2.98
01-05-2025,24.5,84.5,GAYA,BIHAR,D100,DUMARIA,3.23
02-05-2025,24.5,84.5,GAYA,BIHAR,D100,DUMARIA,2.64
03-05-2025,24.5,84.5,GAYA,BIHAR,D100,DUMARIA,2.49
04-05-2025,24.5,84.5,GAYA,BIHAR,D100,DUMARIA,2.2
05-05-2025,24.5,84.5,GAYA,BIHAR,D100,DUMARIA,2.28
06-05-2025,24.5,84.5,GAYA,BIHAR,D100,DUMARIA,1.92
07-05-2025,24.5,84.5,GAYA,BIHAR,D100,DUMARIA,2.27
08-05-2025,24.5,84.5,GAYA,BIHAR,D100,DUMARIA,2.15
09-05-2025,24.5,84.5,GAYA,BIHAR,D100,DUMARIA,2.45
10-05-2025,24.5,84.5,GAYA,BIHAR,D100,DUMARIA,2.51
11-05-2025,24.5,84.5,GAYA,BIHAR,D100,DUMARIA,2.57
12-05-2025,24.5,84.5,GAYA,BIHAR,D100,DUMARIA,2.54
13-05-2025,24.5,84.5,GAYA,BIHAR,D100,DUMARIA,2.37
14-05-2025,24.5,84.5,GAYA,BIHAR,D100,DUMARIA,2.15
15-05-2025,24.5,84.5,GAYA,BIHAR,D100,DUMARIA,2.01
16-05-2025,24.5,84.5,GAYA,BIHAR,D100,DUMARIA,2.31
17-05-2025,24.5,84.5,GAYA,BIHAR,D100,DUMARIA,2.1
18-05-2025,24.5,84.5,GAYA,BIHAR,D100,DUMARIA,1.57
19-05-2025,24.5,84.5,GAYA,BIHAR,D100,DUMARIA,2.06
20-05-2025,24.5,84.5,GAYA,BIHAR,D100,DUMARIA,2.87
21-05-2025,24.5,84.5,GAYA,BIHAR,D100,DUMARIA,2.75
22-05-2025,24.5,84.5,GAYA,BIHAR,D100,DUMARIA,2.7
23-05-2025,24.5,84.5,GAYA,BIHAR,D100,DUMARIA,2.57
24-05-2025,24.5,84.5,GAYA,BIHAR,D100,DUMARIA,2.67
25-05-2025,24.5,84.5,GAYA,BIHAR,D100,DUMARIA,3.21
26-05-2025,24.5,84.5,GAYA,BIHAR,D100,DUMARIA,3.03
27-05-2025,24.5,84.5,GAYA,BIHAR,D100,DUMARIA,3.45
28-05-2025,24.5,84.5,GAYA,BIHAR,D100,DUMARIA,3.17
29-05-2025,24.5,84.5,GAYA,BIHAR,D100,DUMARIA,3.12
30-05-2025,24.5,84.5,GAYA,BIHAR,D100,DUMARIA,3.07
31-05-2025,24.5,84.5,GAYA,BIHAR,D100,DUMARIA,3.02
01-06-2025,24.5,84.5,GAYA,BIHAR,D100,DUMARIA,2.54
02-06-2025,24.5,84.5,GAYA,BIHAR,D100,DUMARIA,2.5
03-06-2025,24.5,84.5,GAYA,BIHAR,D100,DUMARIA,2.57
04-06-2025,24.5,84.5,GAYA,BIHAR,D100,DUMARIA,2.83
05-06-2025,24.5,84.5,GAYA,BIHAR,D100,DUMARIA,2.57
06-06-2025,24.5,84.5,GAYA,BIHAR,D100,DUMARIA,2.83
07-06-2025,24.5,84.5,GAYA,BIHAR,D100,DUMARIA,3.35
08-06-2025,24.5,84.5,GAYA,BIHAR,D100,DUMARIA,3.43
09-06-2025,24.5,84.5,GAYA,BIHAR,D100,DUMARIA,3.2
10-06-2025,24.5,84.5,GAYA,BIHAR,D100,DUMARIA,2.82
11-06-2025,24.5,84.5,GAYA,BIHAR,D100,DUMARIA,2.83
12-06-2025,24.5,84.5,GAYA,BIHAR,D100,DUMARIA,3.03
13-06-2025,24.5,84.5,GAYA,BIHAR,D100,DUMARIA,3.12
14-06-2025,24.5,84.5,GAYA,BIHAR,D100,DUMARIA,3.69
15-06-2025,24.5,84.5,GAYA,BIHAR,D100,DUMARIA,3.95
16-06-2025,24.5,84.5,GAYA,BIHAR,D100,DUMARIA,3.79
17-06-2025,24.5,84.5,GAYA,BIHAR,D100,DUMARIA,3.72
18-06-2025,24.5,84.5,GAYA,BIHAR,D100,DUMARIA,3.98
19-06-2025,24.5,84.5,GAYA,BIHAR,D100,DUMARIA,4.09
20-06-2025,24.5,84.5,GAYA,BIHAR,D100,DUMARIA,3.39
21-06-2025,24.5,84.5,GAYA,BIHAR,D100,DUMARIA,2.86
22-06-2025,24.5,84.5,GAYA,BIHAR,D100,DUMARIA,2.7
23-06-2025,24.5,84.5,GAYA,BIHAR,D100,DUMARIA,2.67
24-06-2025,24.5,84.5,GAYA,BIHAR,D100,DUMARIA,2.19
25-06-2025,24.5,84.5,GAYA,BIHAR,D100,DUMARIA,2.24
26-06-2025,24.5,84.5,GAYA,BIHAR,D100,DUMARIA,2.08
27-06-2025,24.5,84.5,GAYA,BIHAR,D100,DUMARIA,2.02
28-06-2025,24.5,84.5,GAYA,BIHAR,D100,DUMARIA,2.23
29-06-2025,24.5,84.5,GAYA,BIHAR,D100,DUMARIA,2.48
30-06-2025,24.5,84.5,GAYA,BIHAR,D100,DUMARIA,2.27
01-07-2025,24.5,84.5,GAYA,BIHAR,D100,DUMARIA,1.75
02-07-2025,24.5,84.5,GAYA,BIHAR,D100,DUMARIA,1.59
03-07-2025,24.5,84.5,GAYA,BIHAR,D100,DUMARIA,1.24
04-07-2025,24.5,84.5,GAYA,BIHAR,D100,DUMARIA,1.72
05-07-2025,24.5,84.5,GAYA,BIHAR,D100,DUMARIA,1.98
06-07-2025,24.5,84.5,GAYA,BIHAR,D100,DUMARIA,1.8
07-07-2025,24.5,84.5,GAYA,BIHAR,D100,DUMARIA,1.68
08-07-2025,24.5,84.5,GAYA,BIHAR,D100,DUMARIA,1.8
09-07-2025,24.5,84.5,GAYA,BIHAR,D100,DUMARIA,1.72
10-07-2025,24.5,84.5,GAYA,BIHAR,D100,DUMARIA,2.06
11-07-2025,24.5,84.5,GAYA,BIHAR,D100,DUMARIA,1.91
12-07-2025,24.5,84.5,GAYA,BIHAR,D100,DUMARIA,1.96
13-07-2025,24.5,84.5,GAYA,BIHAR,D100,DUMARIA,1.85
14-07-2025,24.5,84.5,GAYA,BIHAR,D100,DUMARIA,1.75
15-07-2025,24.5,84.5,GAYA,BIHAR,D100,DUMARIA,1.71
16-07-2025,24.5,84.5,GAYA,BIHAR,D100,DUMARIA,1.92
17-07-2025,24.5,84.5,GAYA,BIHAR,D100,DUMARIA,1.7
18-07-2025,24.5,84.5,GAYA,BIHAR,D100,DUMARIA,1.51
19-07-2025,24.5,84.5,GAYA,BIHAR,D100,DUMARIA,1.53
20-07-2025,24.5,84.5,GAYA,BIHAR,D100,DUMARIA,1.55
21-07-2025,24.5,84.5,GAYA,BIHAR,D100,DUMARIA,1.37
22-07-2025,24.5,84.5,GAYA,BIHAR,D100,DUMARIA,1.59
23-07-2025,24.5,84.5,GAYA,BIHAR,D100,DUMARIA,1.8
24-07-2025,24.5,84.5,GAYA,BIHAR,D100,DUMARIA,1.5
25-07-2025,24.5,84.5,GAYA,BIHAR,D100,DUMARIA,1.72
26-07-2025,24.5,84.5,GAYA,BIHAR,D100,DUMARIA,2.05
27-07-2025,24.5,84.5,GAYA,BIHAR,D100,DUMARIA,1.76
28-07-2025,24.5,84.5,GAYA,BIHAR,D100,DUMARIA,1.57
29-07-2025,24.5,84.5,GAYA,BIHAR,D100,DUMARIA,1.54
30-07-2025,24.5,84.5,GAYA,BIHAR,D100,DUMARIA,1.51
31-07-2025,24.5,84.5,GAYA,BIHAR,D100,DUMARIA,1.49
01-08-2025,24.5,84.5,GAYA,BIHAR,D100,DUMARIA,1.48
02-08-2025,24.5,84.5,GAYA,BIHAR,D100,DUMARIA,1.41
03-08-2025,24.5,84.5,GAYA,BIHAR,D100,DUMARIA,1.35
04-08-2025,24.5,84.5,GAYA,BIHAR,D100,DUMARIA,1.35
05-08-2025,24.5,84.5,GAYA,BIHAR,D100,DUMARIA,1.41
06-08-2025,24.5,84.5,GAYA,BIHAR,D100,DUMARIA,1.38
07-08-2025,24.5,84.5,GAYA,BIHAR,D100,DUMARIA,1.35
08-08-2025,24.5,84.5,GAYA,BIHAR,D100,DUMARIA,1.58
09-08-2025,24.5,84.5,GAYA,BIHAR,D100,DUMARIA,1.62
10-08-2025,24.5,84.5,GAYA,BIHAR,D100,DUMARIA,1.4
11-08-2025,24.5,84.5,GAYA,BIHAR,D100,DUMARIA,1.41
12-08-2025,24.5,84.5,GAYA,BIHAR,D100,DUMARIA,1.41
13-08-2025,24.5,84.5,GAYA,BIHAR,D100,DUMARIA,1.53
14-08-2025,24.5,84.5,GAYA,BIHAR,D100,DUMARIA,1.65
15-08-2025,24.5,84.5,GAYA,BIHAR,D100,DUMARIA,1.21
16-08-2025,24.5,84.5,GAYA,BIHAR,D100,DUMARIA,1.18
17-08-2025,24.5,84.5,GAYA,BIHAR,D100,DUMARIA,1.29
18-08-2025,24.5,84.5,GAYA,BIHAR,D100,DUMARIA,1.54
19-08-2025,24.5,84.5,GAYA,BIHAR,D100,DUMARIA,1.06
20-08-2025,24.5,84.5,GAYA,BIHAR,D100,DUMARIA,1.3
21-08-2025,24.5,84.5,GAYA,BIHAR,D100,DUMARIA,1.13
22-08-2025,24.5,84.5,GAYA,BIHAR,D100,DUMARIA,1.41
23-08-2025,24.5,84.5,GAYA,BIHAR,D100,DUMARIA,1.28
24-08-2025,24.5,84.5,GAYA,BIHAR,D100,DUMARIA,1.39
25-08-2025,24.5,84.5,GAYA,BIHAR,D100,DUMARIA,1.17
26-08-2025,24.5,84.5,GAYA,BIHAR,D100,DUMARIA,1.24
27-08-2025,24.5,84.5,GAYA,BIHAR,D100,DUMARIA,1.14
28-08-2025,24.5,84.5,GAYA,BIHAR,D100,DUMARIA,1.22
29-08-2025,24.5,84.5,GAYA,BIHAR,D100,DUMARIA,1.09
30-08-2025,24.5,84.5,GAYA,BIHAR,D100,DUMARIA,1.4
31-08-2025,24.5,84.5,GAYA,BIHAR,D100,DUMARIA,1.49
01-09-2025,24.5,84.5,GAYA,BIHAR,D100,DUMARIA,1.67
02-09-2025,24.5,84.5,GAYA,BIHAR,D100,DUMARIA,1.67
03-09-2025,24.5,84.5,GAYA,BIHAR,D100,DUMARIA,1.45
04-09-2025,24.5,84.5,GAYA,BIHAR,D100,DUMARIA,1.46
05-09-2025,24.5,84.5,GAYA,BIHAR,D100,DUMARIA,1.5
06-09-2025,24.5,84.5,GAYA,BIHAR,D100,DUMARIA,1.84
07-09-2025,24.5,84.5,GAYA,BIHAR,D100,DUMARIA,1.82
08-09-2025,24.5,84.5,GAYA,BIHAR,D100,DUMARIA,1.48
09-09-2025,24.5,84.5,GAYA,BIHAR,D100,DUMARIA,1.6
10-09-2025,24.5,84.5,GAYA,BIHAR,D100,DUMARIA,1.39
11-09-2025,24.5,84.5,GAYA,BIHAR,D100,DUMARIA,1.26
12-09-2025,24.5,84.5,GAYA,BIHAR,D100,DUMARIA,1.77
13-09-2025,24.5,84.5,GAYA,BIHAR,D100,DUMARIA,1.68
14-09-2025,24.5,84.5,GAYA,BIHAR,D100,DUMARIA,1.89
15-09-2025,24.5,84.5,GAYA,BIHAR,D100,DUMARIA,1.72
16-09-2025,24.5,84.5,GAYA,BIHAR,D100,DUMARIA,1.57
17-09-2025,24.5,84.5,GAYA,BIHAR,D100,DUMARIA,1.32
18-09-2025,24.5,84.5,GAYA,BIHAR,D100,DUMARIA,1.47
19-09-2025,24.5,84.5,GAYA,BIHAR,D100,DUMARIA,1.39
20-09-2025,24.5,84.5,GAYA,BIHAR,D100,DUMARIA,1.42
21-09-2025,24.5,84.5,GAYA,BIHAR,D100,DUMARIA,1.62
22-09-2025,24.5,84.5,GAYA,BIHAR,D100,DUMARIA,1.66
23-09-2025,24.5,84.5,GAYA,BIHAR,D100,DUMARIA,1.96
24-09-2025,24.5,84.5,GAYA,BIHAR,D100,DUMARIA,2.08
25-09-2025,24.5,84.5,GAYA,BIHAR,D100,DUMARIA,1.87
26-09-2025,24.5,84.5,GAYA,BIHAR,D100,DUMARIA,1.96
27-09-2025,24.5,84.5,GAYA,BIHAR,D100,DUMARIA,1.89
28-09-2025,24.5,84.5,GAYA,BIHAR,D100,DUMARIA,1.93
29-09-2025,24.5,84.5,GAYA,BIHAR,D100,DUMARIA,1.77
30-09-2025,24.5,84.5,GAYA,BIHAR,D100,DUMARIA,1.74
01-10-2025,24.5,84.5,GAYA,BIHAR,D100,DUMARIA,1.59
02-10-2025,24.5,84.5,GAYA,BIHAR,D100,DUMARIA,1.72
03-10-2025,24.5,84.5,GAYA,BIHAR,D100,DUMARIA,1.56
04-10-2025,24.5,84.5,GAYA,BIHAR,D100,DUMARIA,1.66
05-10-2025,24.5,84.5,GAYA,BIHAR,D100,DUMARIA,1.37
06-10-2025,24.5,84.5,GAYA,BIHAR,D100,DUMARIA,1.23
07-10-2025,24.5,84.5,GAYA,BIHAR,D100,DUMARIA,1.47
08-10-2025,24.5,84.5,GAYA,BIHAR,D100,DUMARIA,1.76
09-10-2025,24.5,84.5,GAYA,BIHAR,D100,DUMARIA,1.87
10-10-2025,24.5,84.5,GAYA,BIHAR,D100,DUMARIA,1.55
11-10-2025,24.5,84.5,GAYA,BIHAR,D100,DUMARIA,1.4
12-10-2025,24.5,84.5,GAYA,BIHAR,D100,DUMARIA,1.36
13-10-2025,24.5,84.5,GAYA,BIHAR,D100,DUMARIA,1.76
14-10-2025,24.5,84.5,GAYA,BIHAR,D100,DUMARIA,1.63
15-10-2025,24.5,84.5,GAYA,BIHAR,D100,DUMARIA,1.65
16-10-2025,24.5,84.5,GAYA,BIHAR,D100,DUMARIA,1.38
17-10-2025,24.5,84.5,GAYA,BIHAR,D100,DUMARIA,1.24
18-10-2025,24.5,84.5,GAYA,BIHAR,D100,DUMARIA,1.31
19-10-2025,24.5,84.5,GAYA,BIHAR,D100,DUMARIA,1.66
20-10-2025,24.5,84.5,GAYA,BIHAR,D100,DUMARIA,1.57
21-10-2025,24.5,84.5,GAYA,BIHAR,D100,DUMARIA,1.57
22-10-2025,24.5,84.5,GAYA,BIHAR,D100,DUMARIA,1.37
23-10-2025,24.5,84.5,GAYA,BIHAR,D100,DUMARIA,1.51
24-10-2025,24.5,84.5,GAYA,BIHAR,D100,DUMARIA,1.63
25-10-2025,24.5,84.5,GAYA,BIHAR,D100,DUMARIA,2.24
26-10-2025,24.5,84.5,GAYA,BIHAR,D100,DUMARIA,2
27-10-2025,24.5,84.5,GAYA,BIHAR,D100,DUMARIA,1.35
28-10-2025,24.5,84.5,GAYA,BIHAR,D100,DUMARIA,0.98
29-10-2025,24.5,84.5,GAYA,BIHAR,D100,DUMARIA,1.04
30-10-2025,24.5,84.5,GAYA,BIHAR,D100,DUMARIA,1.35
31-10-2025,24.5,84.5,GAYA,BIHAR,D100,DUMARIA,1.43
01-11-2025,24.5,84.5,GAYA,BIHAR,D100,DUMARIA,1.53
02-11-2025,24.5,84.5,GAYA,BIHAR,D100,DUMARIA,1.21
03-11-2025,24.5,84.5,GAYA,BIHAR,D100,DUMARIA,1.2
04-11-2025,24.5,84.5,GAYA,BIHAR,D100,DUMARIA,1.15
05-11-2025,24.5,84.5,GAYA,BIHAR,D100,DUMARIA,1.25
06-11-2025,24.5,84.5,GAYA,BIHAR,D100,DUMARIA,1
07-11-2025,24.5,84.5,GAYA,BIHAR,D100,DUMARIA,0.82
08-11-2025,24.5,84.5,GAYA,BIHAR,D100,DUMARIA,1.32
09-11-2025,24.5,84.5,GAYA,BIHAR,D100,DUMARIA,0.95
10-11-2025,24.5,84.5,GAYA,BIHAR,D100,DUMARIA,1.07
11-11-2025,24.5,84.5,GAYA,BIHAR,D100,DUMARIA,1.07
12-11-2025,24.5,84.5,GAYA,BIHAR,D100,DUMARIA,1.05
13-11-2025,24.5,84.5,GAYA,BIHAR,D100,DUMARIA,1.18
14-11-2025,24.5,84.5,GAYA,BIHAR,D100,DUMARIA,1.15
15-11-2025,24.5,84.5,GAYA,BIHAR,D100,DUMARIA,1.11
16-11-2025,24.5,84.5,GAYA,BIHAR,D100,DUMARIA,1.16
17-11-2025,24.5,84.5,GAYA,BIHAR,D100,DUMARIA,1.66
18-11-2025,24.5,84.5,GAYA,BIHAR,D100,DUMARIA,1.33
19-11-2025,24.5,84.5,GAYA,BIHAR,D100,DUMARIA,1.23
20-11-2025,24.5,84.5,GAYA,BIHAR,D100,DUMARIA,1.23
21-11-2025,24.5,84.5,GAYA,BIHAR,D100,DUMARIA,1.05
22-11-2025,24.5,84.5,GAYA,BIHAR,D100,DUMARIA,1.01
23-11-2025,24.5,84.5,GAYA,BIHAR,D100,DUMARIA,1.04
24-11-2025,24.5,84.5,GAYA,BIHAR,D100,DUMARIA,1
25-11-2025,24.5,84.5,GAYA,BIHAR,D100,DUMARIA,0.85
26-11-2025,24.5,84.5,GAYA,BIHAR,D100,DUMARIA,0.88
27-11-2025,24.5,84.5,GAYA,BIHAR,D100,DUMARIA,1.22
28-11-2025,24.5,84.5,GAYA,BIHAR,D100,DUMARIA,0.9
29-11-2025,24.5,84.5,GAYA,BIHAR,D100,DUMARIA,1.18
30-11-2025,24.5,84.5,GAYA,BIHAR,D100,DUMARIA,1.3
01-12-2025,24.5,84.5,GAYA,BIHAR,D100,DUMARIA,1.41
02-12-2025,24.5,84.5,GAYA,BIHAR,D100,DUMARIA,1.09
03-12-2025,24.5,84.5,GAYA,BIHAR,D100,DUMARIA,1.15
04-12-2025,24.5,84.5,GAYA,BIHAR,D100,DUMARIA,1.19
05-12-2025,24.5,84.5,GAYA,BIHAR,D100,DUMARIA,1.24
06-12-2025,24.5,84.5,GAYA,BIHAR,D100,DUMARIA,1.23
07-12-2025,24.5,84.5,GAYA,BIHAR,D100,DUMARIA,1.57
08-12-2025,24.5,84.5,GAYA,BIHAR,D100,DUMARIA,1.44
09-12-2025,24.5,84.5,GAYA,BIHAR,D100,DUMARIA,1.4
10-12-2025,24.5,84.5,GAYA,BIHAR,D100,DUMARIA,1.7
11-12-2025,24.5,84.5,GAYA,BIHAR,D100,DUMARIA,1.52
12-12-2025,24.5,84.5,GAYA,BIHAR,D100,DUMARIA,1.52
13-12-2025,24.5,84.5,GAYA,BIHAR,D100,DUMARIA,1.63
14-12-2025,24.5,84.5,GAYA,BIHAR,D100,DUMARIA,1.46
15-12-2025,24.5,84.5,GAYA,BIHAR,D100,DUMARIA,1.49
16-12-2025,24.5,84.5,GAYA,BIHAR,D100,DUMARIA,1.53
17-12-2025,24.5,84.5,GAYA,BIHAR,D100,DUMARIA,1.92
18-12-2025,24.5,84.5,GAYA,BIHAR,D100,DUMARIA,1.96
19-12-2025,24.5,84.5,GAYA,BIHAR,D100,DUMARIA,2.2
20-12-2025,24.5,84.5,GAYA,BIHAR,D100,DUMARIA,2.03
21-12-2025,24.5,84.5,GAYA,BIHAR,D100,DUMARIA,2.07
22-12-2025,24.5,84.5,GAYA,BIHAR,D100,DUMARIA,2.05
23-12-2025,24.5,84.5,GAYA,BIHAR,D100,DUMARIA,1.8
24-12-2025,24.5,84.5,GAYA,BIHAR,D100,DUMARIA,1.75
25-12-2025,24.5,84.5,GAYA,BIHAR,D100,DUMARIA,2
26-12-2025,24.5,84.5,GAYA,BIHAR,D100,DUMARIA,2.39
27-12-2025,24.5,84.5,GAYA,BIHAR,D100,DUMARIA,2.27
28-12-2025,24.5,84.5,GAYA,BIHAR,D100,DUMARIA,2.25
29-12-2025,24.5,84.5,GAYA,BIHAR,D100,DUMARIA,2.33
30-12-2025,24.5,84.5,GAYA,BIHAR,D100,DUMARIA,2.4
31-12-2025,24.5,84.5,GAYA,BIHAR,D100,DUMARIA,2.33
01-01-2025,26.5,84.5,GOPALGANJ,BIHAR,D101,BAIKUNTHPUR,2.88
02-01-2025,26.5,84.5,GOPALGANJ,BIHAR,D101,BAIKUNTHPUR,3.04
03-01-2025,26.5,84.5,GOPALGANJ,BIHAR,D101,BAIKUNTHPUR,3.2
04-01-2025,26.5,84.5,GOPALGANJ,BIHAR,D101,BAIKUNTHPUR,3.08
05-01-2025,26.5,84.5,GOPALGANJ,BIHAR,D101,BAIKUNTHPUR,3.21
06-01-2025,26.5,84.5,GOPALGANJ,BIHAR,D101,BAIKUNTHPUR,3.42
07-01-2025,26.5,84.5,GOPALGANJ,BIHAR,D101,BAIKUNTHPUR,3.55
08-01-2025,26.5,84.5,GOPALGANJ,BIHAR,D101,BAIKUNTHPUR,3.2
09-01-2025,26.5,84.5,GOPALGANJ,BIHAR,D101,BAIKUNTHPUR,2.94
10-01-2025,26.5,84.5,GOPALGANJ,BIHAR,D101,BAIKUNTHPUR,3.25
11-01-2025,26.5,84.5,GOPALGANJ,BIHAR,D101,BAIKUNTHPUR,3.31
12-01-2025,26.5,84.5,GOPALGANJ,BIHAR,D101,BAIKUNTHPUR,2.9
13-01-2025,26.5,84.5,GOPALGANJ,BIHAR,D101,BAIKUNTHPUR,2.93
14-01-2025,26.5,84.5,GOPALGANJ,BIHAR,D101,BAIKUNTHPUR,3.23
15-01-2025,26.5,84.5,GOPALGANJ,BIHAR,D101,BAIKUNTHPUR,3.12
16-01-2025,26.5,84.5,GOPALGANJ,BIHAR,D101,BAIKUNTHPUR,3.34
17-01-2025,26.5,84.5,GOPALGANJ,BIHAR,D101,BAIKUNTHPUR,3.37
18-01-2025,26.5,84.5,GOPALGANJ,BIHAR,D101,BAIKUNTHPUR,3.55
19-01-2025,26.5,84.5,GOPALGANJ,BIHAR,D101,BAIKUNTHPUR,3.53
20-01-2025,26.5,84.5,GOPALGANJ,BIHAR,D101,BAIKUNTHPUR,2.89
21-01-2025,26.5,84.5,GOPALGANJ,BIHAR,D101,BAIKUNTHPUR,2.77
22-01-2025,26.5,84.5,GOPALGANJ,BIHAR,D101,BAIKUNTHPUR,2.67
23-01-2025,26.5,84.5,GOPALGANJ,BIHAR,D101,BAIKUNTHPUR,2.81
24-01-2025,26.5,84.5,GOPALGANJ,BIHAR,D101,BAIKUNTHPUR,2.74
25-01-2025,26.5,84.5,GOPALGANJ,BIHAR,D101,BAIKUNTHPUR,2.46
26-01-2025,26.5,84.5,GOPALGANJ,BIHAR,D101,BAIKUNTHPUR,2.26
27-01-2025,26.5,84.5,GOPALGANJ,BIHAR,D101,BAIKUNTHPUR,2.29
28-01-2025,26.5,84.5,GOPALGANJ,BIHAR,D101,BAIKUNTHPUR,2.08
29-01-2025,26.5,84.5,GOPALGANJ,BIHAR,D101,BAIKUNTHPUR,2.24
30-01-2025,26.5,84.5,GOPALGANJ,BIHAR,D101,BAIKUNTHPUR,2.42
31-01-2025,26.5,84.5,GOPALGANJ,BIHAR,D101,BAIKUNTHPUR,2.39
01-02-2025,26.5,84.5,GOPALGANJ,BIHAR,D101,BAIKUNTHPUR,2.24
02-02-2025,26.5,84.5,GOPALGANJ,BIHAR,D101,BAIKUNTHPUR,2.44
03-02-2025,26.5,84.5,GOPALGANJ,BIHAR,D101,BAIKUNTHPUR,2
04-02-2025,26.5,84.5,GOPALGANJ,BIHAR,D101,BAIKUNTHPUR,2.01
05-02-2025,26.5,84.5,GOPALGANJ,BIHAR,D101,BAIKUNTHPUR,2.01
06-02-2025,26.5,84.5,GOPALGANJ,BIHAR,D101,BAIKUNTHPUR,2.05
07-02-2025,26.5,84.5,GOPALGANJ,BIHAR,D101,BAIKUNTHPUR,2
08-02-2025,26.5,84.5,GOPALGANJ,BIHAR,D101,BAIKUNTHPUR,2.02
09-02-2025,26.5,84.5,GOPALGANJ,BIHAR,D101,BAIKUNTHPUR,1.72
10-02-2025,26.5,84.5,GOPALGANJ,BIHAR,D101,BAIKUNTHPUR,1.76
11-02-2025,26.5,84.5,GOPALGANJ,BIHAR,D101,BAIKUNTHPUR,2.45
12-02-2025,26.5,84.5,GOPALGANJ,BIHAR,D101,BAIKUNTHPUR,2.19
13-02-2025,26.5,84.5,GOPALGANJ,BIHAR,D101,BAIKUNTHPUR,2.26
14-02-2025,26.5,84.5,GOPALGANJ,BIHAR,D101,BAIKUNTHPUR,2.59
15-02-2025,26.5,84.5,GOPALGANJ,BIHAR,D101,BAIKUNTHPUR,2.55
16-02-2025,26.5,84.5,GOPALGANJ,BIHAR,D101,BAIKUNTHPUR,2.32
17-02-2025,26.5,84.5,GOPALGANJ,BIHAR,D101,BAIKUNTHPUR,2.14
18-02-2025,26.5,84.5,GOPALGANJ,BIHAR,D101,BAIKUNTHPUR,1.91
19-02-2025,26.5,84.5,GOPALGANJ,BIHAR,D101,BAIKUNTHPUR,1.82
20-02-2025,26.5,84.5,GOPALGANJ,BIHAR,D101,BAIKUNTHPUR,2.07
21-02-2025,26.5,84.5,GOPALGANJ,BIHAR,D101,BAIKUNTHPUR,2.07
22-02-2025,26.5,84.5,GOPALGANJ,BIHAR,D101,BAIKUNTHPUR,2.31
23-02-2025,26.5,84.5,GOPALGANJ,BIHAR,D101,BAIKUNTHPUR,2.08
24-02-2025,26.5,84.5,GOPALGANJ,BIHAR,D101,BAIKUNTHPUR,2.23
25-02-2025,26.5,84.5,GOPALGANJ,BIHAR,D101,BAIKUNTHPUR,2.49
26-02-2025,26.5,84.5,GOPALGANJ,BIHAR,D101,BAIKUNTHPUR,2.1
27-02-2025,26.5,84.5,GOPALGANJ,BIHAR,D101,BAIKUNTHPUR,2.25
28-02-2025,26.5,84.5,GOPALGANJ,BIHAR,D101,BAIKUNTHPUR,2.38
29-02-2025,26.5,84.5,GOPALGANJ,BIHAR,D101,BAIKUNTHPUR,1.94
01-03-2025,26.5,84.5,GOPALGANJ,BIHAR,D101,BAIKUNTHPUR,2.49
02-03-2025,26.5,84.5,GOPALGANJ,BIHAR,D101,BAIKUNTHPUR,2.36
03-03-2025,26.5,84.5,GOPALGANJ,BIHAR,D101,BAIKUNTHPUR,2.43
04-03-2025,26.5,84.5,GOPALGANJ,BIHAR,D101,BAIKUNTHPUR,2.31
05-03-2025,26.5,84.5,GOPALGANJ,BIHAR,D101,BAIKUNTHPUR,2.43
06-03-2025,26.5,84.5,GOPALGANJ,BIHAR,D101,BAIKUNTHPUR,2.2
07-03-2025,26.5,84.5,GOPALGANJ,BIHAR,D101,BAIKUNTHPUR,2.25
08-03-2025,26.5,84.5,GOPALGANJ,BIHAR,D101,BAIKUNTHPUR,2.11
09-03-2025,26.5,84.5,GOPALGANJ,BIHAR,D101,BAIKUNTHPUR,1.9
10-03-2025,26.5,84.5,GOPALGANJ,BIHAR,D101,BAIKUNTHPUR,2.31
11-03-2025,26.5,84.5,GOPALGANJ,BIHAR,D101,BAIKUNTHPUR,2.08
12-03-2025,26.5,84.5,GOPALGANJ,BIHAR,D101,BAIKUNTHPUR,2.06
13-03-2025,26.5,84.5,GOPALGANJ,BIHAR,D101,BAIKUNTHPUR,2.8
14-03-2025,26.5,84.5,GOPALGANJ,BIHAR,D101,BAIKUNTHPUR,2.66
15-03-2025,26.5,84.5,GOPALGANJ,BIHAR,D101,BAIKUNTHPUR,2.44
16-03-2025,26.5,84.5,GOPALGANJ,BIHAR,D101,BAIKUNTHPUR,1.96
17-03-2025,26.5,84.5,GOPALGANJ,BIHAR,D101,BAIKUNTHPUR,2.2
18-03-2025,26.5,84.5,GOPALGANJ,BIHAR,D101,BAIKUNTHPUR,1.93
19-03-2025,26.5,84.5,GOPALGANJ,BIHAR,D101,BAIKUNTHPUR,2.27
20-03-2025,26.5,84.5,GOPALGANJ,BIHAR,D101,BAIKUNTHPUR,2.85
21-03-2025,26.5,84.5,GOPALGANJ,BIHAR,D101,BAIKUNTHPUR,2.68
22-03-2025,26.5,84.5,GOPALGANJ,BIHAR,D101,BAIKUNTHPUR,2.08
23-03-2025,26.5,84.5,GOPALGANJ,BIHAR,D101,BAIKUNTHPUR,2.06
24-03-2025,26.5,84.5,GOPALGANJ,BIHAR,D101,BAIKUNTHPUR,2.13
25-03-2025,26.5,84.5,GOPALGANJ,BIHAR,D101,BAIKUNTHPUR,2.24
26-03-2025,26.5,84.5,GOPALGANJ,BIHAR,D101,BAIKUNTHPUR,2.25
27-03-2025,26.5,84.5,GOPALGANJ,BIHAR,D101,BAIKUNTHPUR,1.93
28-03-2025,26.5,84.5,GOPALGANJ,BIHAR,D101,BAIKUNTHPUR,1.69
29-03-2025,26.5,84.5,GOPALGANJ,BIHAR,D101,BAIKUNTHPUR,1.43
30-03-2025,26.5,84.5,GOPALGANJ,BIHAR,D101,BAIKUNTHPUR,1.93
31-03-2025,26.5,84.5,GOPALGANJ,BIHAR,D101,BAIKUNTHPUR,2.21
01-04-2025,26.5,84.5,GOPALGANJ,BIHAR,D101,BAIKUNTHPUR,2.18
02-04-2025,26.5,84.5,GOPALGANJ,BIHAR,D101,BAIKUNTHPUR,1.91
03-04-2025,26.5,84.5,GOPALGANJ,BIHAR,D101,BAIKUNTHPUR,1.99
04-04-2025,26.5,84.5,GOPALGANJ,BIHAR,D101,BAIKUNTHPUR,2.34
05-04-2025,26.5,84.5,GOPALGANJ,BIHAR,D101,BAIKUNTHPUR,2.41
06-04-2025,26.5,84.5,GOPALGANJ,BIHAR,D101,BAIKUNTHPUR,2.09
07-04-2025,26.5,84.5,GOPALGANJ,BIHAR,D101,BAIKUNTHPUR,2.1
08-04-2025,26.5,84.5,GOPALGANJ,BIHAR,D101,BAIKUNTHPUR,2.05
09-04-2025,26.5,84.5,GOPALGANJ,BIHAR,D101,BAIKUNTHPUR,2.01
10-04-2025,26.5,84.5,GOPALGANJ,BIHAR,D101,BAIKUNTHPUR,2.38
11-04-2025,26.5,84.5,GOPALGANJ,BIHAR,D101,BAIKUNTHPUR,2.2
12-04-2025,26.5,84.5,GOPALGANJ,BIHAR,D101,BAIKUNTHPUR,2.14
13-04-2025,26.5,84.5,GOPALGANJ,BIHAR,D101,BAIKUNTHPUR,2.17
14-04-2025,26.5,84.5,GOPALGANJ,BIHAR,D101,BAIKUNTHPUR,1.99
15-04-2025,26.5,84.5,GOPALGANJ,BIHAR,D101,BAIKUNTHPUR,2.15
16-04-2025,26.5,84.5,GOPALGANJ,BIHAR,D101,BAIKUNTHPUR,1.88
17-04-2025,26.5,84.5,GOPALGANJ,BIHAR,D101,BAIKUNTHPUR,2.3
18-04-2025,26.5,84.5,GOPALGANJ,BIHAR,D101,BAIKUNTHPUR,2.36
19-04-2025,26.5,84.5,GOPALGANJ,BIHAR,D101,BAIKUNTHPUR,2.57
20-04-2025,26.5,84.5,GOPALGANJ,BIHAR,D101,BAIKUNTHPUR,2.56
21-04-2025,26.5,84.5,GOPALGANJ,BIHAR,D101,BAIKUNTHPUR,3.04
22-04-2025,26.5,84.5,GOPALGANJ,BIHAR,D101,BAIKUNTHPUR,2.66
23-04-2025,26.5,84.5,GOPALGANJ,BIHAR,D101,BAIKUNTHPUR,2.44
24-04-2025,26.5,84.5,GOPALGANJ,BIHAR,D101,BAIKUNTHPUR,2.6
25-04-2025,26.5,84.5,GOPALGANJ,BIHAR,D101,BAIKUNTHPUR,3
26-04-2025,26.5,84.5,GOPALGANJ,BIHAR,D101,BAIKUNTHPUR,3.36
27-04-2025,26.5,84.5,GOPALGANJ,BIHAR,D101,BAIKUNTHPUR,2.89
28-04-2025,26.5,84.5,GOPALGANJ,BIHAR,D101,BAIKUNTHPUR,2.79
29-04-2025,26.5,84.5,GOPALGANJ,BIHAR,D101,BAIKUNTHPUR,2.61
30-04-2025,26.5,84.5,GOPALGANJ,BIHAR,D101,BAIKUNTHPUR,3.03
01-05-2025,26.5,84.5,GOPALGANJ,BIHAR,D101,BAIKUNTHPUR,3.19
02-05-2025,26.5,84.5,GOPALGANJ,BIHAR,D101,BAIKUNTHPUR,2.44
03-05-2025,26.5,84.5,GOPALGANJ,BIHAR,D101,BAIKUNTHPUR,2.44
04-05-2025,26.5,84.5,GOPALGANJ,BIHAR,D101,BAIKUNTHPUR,2.37
05-05-2025,26.5,84.5,GOPALGANJ,BIHAR,D101,BAIKUNTHPUR,2.42
06-05-2025,26.5,84.5,GOPALGANJ,BIHAR,D101,BAIKUNTHPUR,2.12
07-05-2025,26.5,84.5,GOPALGANJ,BIHAR,D101,BAIKUNTHPUR,2.59
08-05-2025,26.5,84.5,GOPALGANJ,BIHAR,D101,BAIKUNTHPUR,2.23
09-05-2025,26.5,84.5,GOPALGANJ,BIHAR,D101,BAIKUNTHPUR,2.51
10-05-2025,26.5,84.5,GOPALGANJ,BIHAR,D101,BAIKUNTHPUR,2.45
11-05-2025,26.5,84.5,GOPALGANJ,BIHAR,D101,BAIKUNTHPUR,2.4
12-05-2025,26.5,84.5,GOPALGANJ,BIHAR,D101,BAIKUNTHPUR,2.85
13-05-2025,26.5,84.5,GOPALGANJ,BIHAR,D101,BAIKUNTHPUR,2.51
14-05-2025,26.5,84.5,GOPALGANJ,BIHAR,D101,BAIKUNTHPUR,2.48
15-05-2025,26.5,84.5,GOPALGANJ,BIHAR,D101,BAIKUNTHPUR,2.56
16-05-2025,26.5,84.5,GOPALGANJ,BIHAR,D101,BAIKUNTHPUR,2.47
17-05-2025,26.5,84.5,GOPALGANJ,BIHAR,D101,BAIKUNTHPUR,2.08
18-05-2025,26.5,84.5,GOPALGANJ,BIHAR,D101,BAIKUNTHPUR,1.86
19-05-2025,26.5,84.5,GOPALGANJ,BIHAR,D101,BAIKUNTHPUR,2.46
20-05-2025,26.5,84.5,GOPALGANJ,BIHAR,D101,BAIKUNTHPUR,3.05
21-05-2025,26.5,84.5,GOPALGANJ,BIHAR,D101,BAIKUNTHPUR,2.87
22-05-2025,26.5,84.5,GOPALGANJ,BIHAR,D101,BAIKUNTHPUR,2.75
23-05-2025,26.5,84.5,GOPALGANJ,BIHAR,D101,BAIKUNTHPUR,2.84
24-05-2025,26.5,84.5,GOPALGANJ,BIHAR,D101,BAIKUNTHPUR,2.93
25-05-2025,26.5,84.5,GOPALGANJ,BIHAR,D101,BAIKUNTHPUR,3.22
26-05-2025,26.5,84.5,GOPALGANJ,BIHAR,D101,BAIKUNTHPUR,2.99
27-05-2025,26.5,84.5,GOPALGANJ,BIHAR,D101,BAIKUNTHPUR,3.35
28-05-2025,26.5,84.5,GOPALGANJ,BIHAR,D101,BAIKUNTHPUR,3.63
29-05-2025,26.5,84.5,GOPALGANJ,BIHAR,D101,BAIKUNTHPUR,3.33
30-05-2025,26.5,84.5,GOPALGANJ,BIHAR,D101,BAIKUNTHPUR,3.18
31-05-2025,26.5,84.5,GOPALGANJ,BIHAR,D101,BAIKUNTHPUR,3.31
01-06-2025,26.5,84.5,GOPALGANJ,BIHAR,D101,BAIKUNTHPUR,2.77
02-06-2025,26.5,84.5,GOPALGANJ,BIHAR,D101,BAIKUNTHPUR,2.49
03-06-2025,26.5,84.5,GOPALGANJ,BIHAR,D101,BAIKUNTHPUR,2.58
04-06-2025,26.5,84.5,GOPALGANJ,BIHAR,D101,BAIKUNTHPUR,2.81
05-06-2025,26.5,84.5,GOPALGANJ,BIHAR,D101,BAIKUNTHPUR,2.78
06-06-2025,26.5,84.5,GOPALGANJ,BIHAR,D101,BAIKUNTHPUR,2.93
07-06-2025,26.5,84.5,GOPALGANJ,BIHAR,D101,BAIKUNTHPUR,3.35
08-06-2025,26.5,84.5,GOPALGANJ,BIHAR,D101,BAIKUNTHPUR,3.62
09-06-2025,26.5,84.5,GOPALGANJ,BIHAR,D101,BAIKUNTHPUR,3.21
10-06-2025,26.5,84.5,GOPALGANJ,BIHAR,D101,BAIKUNTHPUR,2.74
11-06-2025,26.5,84.5,GOPALGANJ,BIHAR,D101,BAIKUNTHPUR,2.66
12-06-2025,26.5,84.5,GOPALGANJ,BIHAR,D101,BAIKUNTHPUR,3.05
13-06-2025,26.5,84.5,GOPALGANJ,BIHAR,D101,BAIKUNTHPUR,2.97
14-06-2025,26.5,84.5,GOPALGANJ,BIHAR,D101,BAIKUNTHPUR,3.6
15-06-2025,26.5,84.5,GOPALGANJ,BIHAR,D101,BAIKUNTHPUR,4.06
16-06-2025,26.5,84.5,GOPALGANJ,BIHAR,D101,BAIKUNTHPUR,3.87
17-06-2025,26.5,84.5,GOPALGANJ,BIHAR,D101,BAIKUNTHPUR,3.64
18-06-2025,26.5,84.5,GOPALGANJ,BIHAR,D101,BAIKUNTHPUR,3.62
19-06-2025,26.5,84.5,GOPALGANJ,BIHAR,D101,BAIKUNTHPUR,3.95
20-06-2025,26.5,84.5,GOPALGANJ,BIHAR,D101,BAIKUNTHPUR,3.27
21-06-2025,26.5,84.5,GOPALGANJ,BIHAR,D101,BAIKUNTHPUR,2.81
22-06-2025,26.5,84.5,GOPALGANJ,BIHAR,D101,BAIKUNTHPUR,2.59
23-06-2025,26.5,84.5,GOPALGANJ,BIHAR,D101,BAIKUNTHPUR,2.35
24-06-2025,26.5,84.5,GOPALGANJ,BIHAR,D101,BAIKUNTHPUR,2.07
25-06-2025,26.5,84.5,GOPALGANJ,BIHAR,D101,BAIKUNTHPUR,2.35
26-06-2025,26.5,84.5,GOPALGANJ,BIHAR,D101,BAIKUNTHPUR,2.07
27-06-2025,26.5,84.5,GOPALGANJ,BIHAR,D101,BAIKUNTHPUR,2.11
28-06-2025,26.5,84.5,GOPALGANJ,BIHAR,D101,BAIKUNTHPUR,2.33
29-06-2025,26.5,84.5,GOPALGANJ,BIHAR,D101,BAIKUNTHPUR,2.78
30-06-2025,26.5,84.5,GOPALGANJ,BIHAR,D101,BAIKUNTHPUR,2.42
01-07-2025,26.5,84.5,GOPALGANJ,BIHAR,D101,BAIKUNTHPUR,1.83
02-07-2025,26.5,84.5,GOPALGANJ,BIHAR,D101,BAIKUNTHPUR,1.64
03-07-2025,26.5,84.5,GOPALGANJ,BIHAR,D101,BAIKUNTHPUR,1.41
04-07-2025,26.5,84.5,GOPALGANJ,BIHAR,D101,BAIKUNTHPUR,1.79
05-07-2025,26.5,84.5,GOPALGANJ,BIHAR,D101,BAIKUNTHPUR,2.08
06-07-2025,26.5,84.5,GOPALGANJ,BIHAR,D101,BAIKUNTHPUR,1.79
07-07-2025,26.5,84.5,GOPALGANJ,BIHAR,D101,BAIKUNTHPUR,1.78
08-07-2025,26.5,84.5,GOPALGANJ,BIHAR,D101,BAIKUNTHPUR,2.07
09-07-2025,26.5,84.5,GOPALGANJ,BIHAR,D101,BAIKUNTHPUR,2.05
10-07-2025,26.5,84.5,GOPALGANJ,BIHAR,D101,BAIKUNTHPUR,2.17
11-07-2025,26.5,84.5,GOPALGANJ,BIHAR,D101,BAIKUNTHPUR,2.21
12-07-2025,26.5,84.5,GOPALGANJ,BIHAR,D101,BAIKUNTHPUR,2.12
13-07-2025,26.5,84.5,GOPALGANJ,BIHAR,D101,BAIKUNTHPUR,2.06
14-07-2025,26.5,84.5,GOPALGANJ,BIHAR,D101,BAIKUNTHPUR,2.02
15-07-2025,26.5,84.5,GOPALGANJ,BIHAR,D101,BAIKUNTHPUR,1.72
16-07-2025,26.5,84.5,GOPALGANJ,BIHAR,D101,BAIKUNTHPUR,2.06
17-07-2025,26.5,84.5,GOPALGANJ,BIHAR,D101,BAIKUNTHPUR,1.92
18-07-2025,26.5,84.5,GOPALGANJ,BIHAR,D101,BAIKUNTHPUR,1.94
19-07-2025,26.5,84.5,GOPALGANJ,BIHAR,D101,BAIKUNTHPUR,2.05
20-07-2025,26.5,84.5,GOPALGANJ,BIHAR,D101,BAIKUNTHPUR,1.81
21-07-2025,26.5,84.5,GOPALGANJ,BIHAR,D101,BAIKUNTHPUR,1.56
22-07-2025,26.5,84.5,GOPALGANJ,BIHAR,D101,BAIKUNTHPUR,1.38
23-07-2025,26.5,84.5,GOPALGANJ,BIHAR,D101,BAIKUNTHPUR,1.72
24-07-2025,26.5,84.5,GOPALGANJ,BIHAR,D101,BAIKUNTHPUR,1.67
25-07-2025,26.5,84.5,GOPALGANJ,BIHAR,D101,BAIKUNTHPUR,1.81
26-07-2025,26.5,84.5,GOPALGANJ,BIHAR,D101,BAIKUNTHPUR,1.93
27-07-2025,26.5,84.5,GOPALGANJ,BIHAR,D101,BAIKUNTHPUR,1.93
28-07-2025,26.5,84.5,GOPALGANJ,BIHAR,D101,BAIKUNTHPUR,1.69
29-07-2025,26.5,84.5,GOPALGANJ,BIHAR,D101,BAIKUNTHPUR,1.6
30-07-2025,26.5,84.5,GOPALGANJ,BIHAR,D101,BAIKUNTHPUR,1.54
31-07-2025,26.5,84.5,GOPALGANJ,BIHAR,D101,BAIKUNTHPUR,1.47
01-08-2025,26.5,84.5,GOPALGANJ,BIHAR,D101,BAIKUNTHPUR,1.52
02-08-2025,26.5,84.5,GOPALGANJ,BIHAR,D101,BAIKUNTHPUR,1.26
03-08-2025,26.5,84.5,GOPALGANJ,BIHAR,D101,BAIKUNTHPUR,1.54
04-08-2025,26.5,84.5,GOPALGANJ,BIHAR,D101,BAIKUNTHPUR,1.56
05-08-2025,26.5,84.5,GOPALGANJ,BIHAR,D101,BAIKUNTHPUR,1.41
06-08-2025,26.5,84.5,GOPALGANJ,BIHAR,D101,BAIKUNTHPUR,1.4
07-08-2025,26.5,84.5,GOPALGANJ,BIHAR,D101,BAIKUNTHPUR,1.3
08-08-2025,26.5,84.5,GOPALGANJ,BIHAR,D101,BAIKUNTHPUR,1.41
09-08-2025,26.5,84.5,GOPALGANJ,BIHAR,D101,BAIKUNTHPUR,1.56
10-08-2025,26.5,84.5,GOPALGANJ,BIHAR,D101,BAIKUNTHPUR,1.31
11-08-2025,26.5,84.5,GOPALGANJ,BIHAR,D101,BAIKUNTHPUR,1.46
12-08-2025,26.5,84.5,GOPALGANJ,BIHAR,D101,BAIKUNTHPUR,1.67
13-08-2025,26.5,84.5,GOPALGANJ,BIHAR,D101,BAIKUNTHPUR,1.65
14-08-2025,26.5,84.5,GOPALGANJ,BIHAR,D101,BAIKUNTHPUR,1.65
15-08-2025,26.5,84.5,GOPALGANJ,BIHAR,D101,BAIKUNTHPUR,1.39
16-08-2025,26.5,84.5,GOPALGANJ,BIHAR,D101,BAIKUNTHPUR,1.51
17-08-2025,26.5,84.5,GOPALGANJ,BIHAR,D101,BAIKUNTHPUR,1.37
18-08-2025,26.5,84.5,GOPALGANJ,BIHAR,D101,BAIKUNTHPUR,1.69
19-08-2025,26.5,84.5,GOPALGANJ,BIHAR,D101,BAIKUNTHPUR,1.43
20-08-2025,26.5,84.5,GOPALGANJ,BIHAR,D101,BAIKUNTHPUR,1.16
21-08-2025,26.5,84.5,GOPALGANJ,BIHAR,D101,BAIKUNTHPUR,1.16
22-08-2025,26.5,84.5,GOPALGANJ,BIHAR,D101,BAIKUNTHPUR,1.44
23-08-2025,26.5,84.5,GOPALGANJ,BIHAR,D101,BAIKUNTHPUR,1.33
24-08-2025,26.5,84.5,GOPALGANJ,BIHAR,D101,BAIKUNTHPUR,1.3
25-08-2025,26.5,84.5,GOPALGANJ,BIHAR,D101,BAIKUNTHPUR,1.35
26-08-2025,26.5,84.5,GOPALGANJ,BIHAR,D101,BAIKUNTHPUR,1.35
27-08-2025,26.5,84.5,GOPALGANJ,BIHAR,D101,BAIKUNTHPUR,1.26
28-08-2025,26.5,84.5,GOPALGANJ,BIHAR,D101,BAIKUNTHPUR,1.4
29-08-2025,26.5,84.5,GOPALGANJ,BIHAR,D101,BAIKUNTHPUR,1.16
30-08-2025,26.5,84.5,GOPALGANJ,BIHAR,D101,BAIKUNTHPUR,1.43
31-08-2025,26.5,84.5,GOPALGANJ,BIHAR,D101,BAIKUNTHPUR,1.59
01-09-2025,26.5,84.5,GOPALGANJ,BIHAR,D101,BAIKUNTHPUR,1.69
02-09-2025,26.5,84.5,GOPALGANJ,BIHAR,D101,BAIKUNTHPUR,1.73
03-09-2025,26.5,84.5,GOPALGANJ,BIHAR,D101,BAIKUNTHPUR,1.5
04-09-2025,26.5,84.5,GOPALGANJ,BIHAR,D101,BAIKUNTHPUR,1.29
05-09-2025,26.5,84.5,GOPALGANJ,BIHAR,D101,BAIKUNTHPUR,1.53
06-09-2025,26.5,84.5,GOPALGANJ,BIHAR,D101,BAIKUNTHPUR,1.72
07-09-2025,26.5,84.5,GOPALGANJ,BIHAR,D101,BAIKUNTHPUR,1.59
08-09-2025,26.5,84.5,GOPALGANJ,BIHAR,D101,BAIKUNTHPUR,1.46
09-09-2025,26.5,84.5,GOPALGANJ,BIHAR,D101,BAIKUNTHPUR,1.67
10-09-2025,26.5,84.5,GOPALGANJ,BIHAR,D101,BAIKUNTHPUR,1.33
11-09-2025,26.5,84.5,GOPALGANJ,BIHAR,D101,BAIKUNTHPUR,1.25
12-09-2025,26.5,84.5,GOPALGANJ,BIHAR,D101,BAIKUNTHPUR,1.76
13-09-2025,26.5,84.5,GOPALGANJ,BIHAR,D101,BAIKUNTHPUR,1.77
14-09-2025,26.5,84.5,GOPALGANJ,BIHAR,D101,BAIKUNTHPUR,1.72
15-09-2025,26.5,84.5,GOPALGANJ,BIHAR,D101,BAIKUNTHPUR,1.81
16-09-2025,26.5,84.5,GOPALGANJ,BIHAR,D101,BAIKUNTHPUR,1.64
17-09-2025,26.5,84.5,GOPALGANJ,BIHAR,D101,BAIKUNTHPUR,1.62
18-09-2025,26.5,84.5,GOPALGANJ,BIHAR,D101,BAIKUNTHPUR,1.59
19-09-2025,26.5,84.5,GOPALGANJ,BIHAR,D101,BAIKUNTHPUR,1.47
20-09-2025,26.5,84.5,GOPALGANJ,BIHAR,D101,BAIKUNTHPUR,1.38
21-09-2025,26.5,84.5,GOPALGANJ,BIHAR,D101,BAIKUNTHPUR,1.59
22-09-2025,26.5,84.5,GOPALGANJ,BIHAR,D101,BAIKUNTHPUR,1.69
23-09-2025,26.5,84.5,GOPALGANJ,BIHAR,D101,BAIKUNTHPUR,1.87
24-09-2025,26.5,84.5,GOPALGANJ,BIHAR,D101,BAIKUNTHPUR,2.28
25-09-2025,26.5,84.5,GOPALGANJ,BIHAR,D101,BAIKUNTHPUR,1.94
26-09-2025,26.5,84.5,GOPALGANJ,BIHAR,D101,BAIKUNTHPUR,2.2
27-09-2025,26.5,84.5,GOPALGANJ,BIHAR,D101,BAIKUNTHPUR,2.06
28-09-2025,26.5,84.5,GOPALGANJ,BIHAR,D101,BAIKUNTHPUR,2.26
29-09-2025,26.5,84.5,GOPALGANJ,BIHAR,D101,BAIKUNTHPUR,2.06
30-09-2025,26.5,84.5,GOPALGANJ,BIHAR,D101,BAIKUNTHPUR,1.85
01-10-2025,26.5,84.5,GOPALGANJ,BIHAR,D101,BAIKUNTHPUR,1.61
02-10-2025,26.5,84.5,GOPALGANJ,BIHAR,D101,BAIKUNTHPUR,1.86
03-10-2025,26.5,84.5,GOPALGANJ,BIHAR,D101,BAIKUNTHPUR,1.78
04-10-2025,26.5,84.5,GOPALGANJ,BIHAR,D101,BAIKUNTHPUR,1.86
05-10-2025,26.5,84.5,GOPALGANJ,BIHAR,D101,BAIKUNTHPUR,1.65
06-10-2025,26.5,84.5,GOPALGANJ,BIHAR,D101,BAIKUNTHPUR,1.64
07-10-2025,26.5,84.5,GOPALGANJ,BIHAR,D101,BAIKUNTHPUR,1.5
08-10-2025,26.5,84.5,GOPALGANJ,BIHAR,D101,BAIKUNTHPUR,1.61
09-10-2025,26.5,84.5,GOPALGANJ,BIHAR,D101,BAIKUNTHPUR,1.79
10-10-2025,26.5,84.5,GOPALGANJ,BIHAR,D101,BAIKUNTHPUR,1.36
11-10-2025,26.5,84.5,GOPALGANJ,BIHAR,D101,BAIKUNTHPUR,1.33
12-10-2025,26.5,84.5,GOPALGANJ,BIHAR,D101,BAIKUNTHPUR,1.31
13-10-2025,26.5,84.5,GOPALGANJ,BIHAR,D101,BAIKUNTHPUR,1.63
14-10-2025,26.5,84.5,GOPALGANJ,BIHAR,D101,BAIKUNTHPUR,1.8
15-10-2025,26.5,84.5,GOPALGANJ,BIHAR,D101,BAIKUNTHPUR,1.82
16-10-2025,26.5,84.5,GOPALGANJ,BIHAR,D101,BAIKUNTHPUR,1.51
17-10-2025,26.5,84.5,GOPALGANJ,BIHAR,D101,BAIKUNTHPUR,1.35
18-10-2025,26.5,84.5,GOPALGANJ,BIHAR,D101,BAIKUNTHPUR,1.38
19-10-2025,26.5,84.5,GOPALGANJ,BIHAR,D101,BAIKUNTHPUR,1.57
20-10-2025,26.5,84.5,GOPALGANJ,BIHAR,D101,BAIKUNTHPUR,1.49
21-10-2025,26.5,84.5,GOPALGANJ,BIHAR,D101,BAIKUNTHPUR,1.57
22-10-2025,26.5,84.5,GOPALGANJ,BIHAR,D101,BAIKUNTHPUR,1.41
23-10-2025,26.5,84.5,GOPALGANJ,BIHAR,D101,BAIKUNTHPUR,1.36
24-10-2025,26.5,84.5,GOPALGANJ,BIHAR,D101,BAIKUNTHPUR,1.39
25-10-2025,26.5,84.5,GOPALGANJ,BIHAR,D101,BAIKUNTHPUR,2.08
26-10-2025,26.5,84.5,GOPALGANJ,BIHAR,D101,BAIKUNTHPUR,1.72
27-10-2025,26.5,84.5,GOPALGANJ,BIHAR,D101,BAIKUNTHPUR,1.25
28-10-2025,26.5,84.5,GOPALGANJ,BIHAR,D101,BAIKUNTHPUR,1.04
29-10-2025,26.5,84.5,GOPALGANJ,BIHAR,D101,BAIKUNTHPUR,1.23
30-10-2025,26.5,84.5,GOPALGANJ,BIHAR,D101,BAIKUNTHPUR,1.58
31-10-2025,26.5,84.5,GOPALGANJ,BIHAR,D101,BAIKUNTHPUR,1.77
01-11-2025,26.5,84.5,GOPALGANJ,BIHAR,D101,BAIKUNTHPUR,1.54
02-11-2025,26.5,84.5,GOPALGANJ,BIHAR,D101,BAIKUNTHPUR,1
03-11-2025,26.5,84.5,GOPALGANJ,BIHAR,D101,BAIKUNTHPUR,1.1
04-11-2025,26.5,84.5,GOPALGANJ,BIHAR,D101,BAIKUNTHPUR,1.15
05-11-2025,26.5,84.5,GOPALGANJ,BIHAR,D101,BAIKUNTHPUR,1.08
06-11-2025,26.5,84.5,GOPALGANJ,BIHAR,D101,BAIKUNTHPUR,0.95
07-11-2025,26.5,84.5,GOPALGANJ,BIHAR,D101,BAIKUNTHPUR,0.92
08-11-2025,26.5,84.5,GOPALGANJ,BIHAR,D101,BAIKUNTHPUR,1.34
09-11-2025,26.5,84.5,GOPALGANJ,BIHAR,D101,BAIKUNTHPUR,0.93
10-11-2025,26.5,84.5,GOPALGANJ,BIHAR,D101,BAIKUNTHPUR,1
11-11-2025,26.5,84.5,GOPALGANJ,BIHAR,D101,BAIKUNTHPUR,0.99
12-11-2025,26.5,84.5,GOPALGANJ,BIHAR,D101,BAIKUNTHPUR,1.04
13-11-2025,26.5,84.5,GOPALGANJ,BIHAR,D101,BAIKUNTHPUR,0.82
14-11-2025,26.5,84.5,GOPALGANJ,BIHAR,D101,BAIKUNTHPUR,0.83
15-11-2025,26.5,84.5,GOPALGANJ,BIHAR,D101,BAIKUNTHPUR,0.8
16-11-2025,26.5,84.5,GOPALGANJ,BIHAR,D101,BAIKUNTHPUR,1.05
17-11-2025,26.5,84.5,GOPALGANJ,BIHAR,D101,BAIKUNTHPUR,1.33
18-11-2025,26.5,84.5,GOPALGANJ,BIHAR,D101,BAIKUNTHPUR,1.32
19-11-2025,26.5,84.5,GOPALGANJ,BIHAR,D101,BAIKUNTHPUR,1.25
20-11-2025,26.5,84.5,GOPALGANJ,BIHAR,D101,BAIKUNTHPUR,1.17
21-11-2025,26.5,84.5,GOPALGANJ,BIHAR,D101,BAIKUNTHPUR,1.06
22-11-2025,26.5,84.5,GOPALGANJ,BIHAR,D101,BAIKUNTHPUR,1.13
23-11-2025,26.5,84.5,GOPALGANJ,BIHAR,D101,BAIKUNTHPUR,1.14
24-11-2025,26.5,84.5,GOPALGANJ,BIHAR,D101,BAIKUNTHPUR,1.06
25-11-2025,26.5,84.5,GOPALGANJ,BIHAR,D101,BAIKUNTHPUR,0.87
26-11-2025,26.5,84.5,GOPALGANJ,BIHAR,D101,BAIKUNTHPUR,0.81
27-11-2025,26.5,84.5,GOPALGANJ,BIHAR,D101,BAIKUNTHPUR,1.03
28-11-2025,26.5,84.5,GOPALGANJ,BIHAR,D101,BAIKUNTHPUR,1.02
29-11-2025,26.5,84.5,GOPALGANJ,BIHAR,D101,BAIKUNTHPUR,1.19
30-11-2025,26.5,84.5,GOPALGANJ,BIHAR,D101,BAIKUNTHPUR,1.2
01-12-2025,26.5,84.5,GOPALGANJ,BIHAR,D101,BAIKUNTHPUR,1.27
02-12-2025,26.5,84.5,GOPALGANJ,BIHAR,D101,BAIKUNTHPUR,1.01
03-12-2025,26.5,84.5,GOPALGANJ,BIHAR,D101,BAIKUNTHPUR,1.17
04-12-2025,26.5,84.5,GOPALGANJ,BIHAR,D101,BAIKUNTHPUR,1.3
05-12-2025,26.5,84.5,GOPALGANJ,BIHAR,D101,BAIKUNTHPUR,1.42
06-12-2025,26.5,84.5,GOPALGANJ,BIHAR,D101,BAIKUNTHPUR,1.38
07-12-2025,26.5,84.5,GOPALGANJ,BIHAR,D101,BAIKUNTHPUR,1.62
08-12-2025,26.5,84.5,GOPALGANJ,BIHAR,D101,BAIKUNTHPUR,1.88
09-12-2025,26.5,84.5,GOPALGANJ,BIHAR,D101,BAIKUNTHPUR,1.91
10-12-2025,26.5,84.5,GOPALGANJ,BIHAR,D101,BAIKUNTHPUR,2.08
11-12-2025,26.5,84.5,GOPALGANJ,BIHAR,D101,BAIKUNTHPUR,1.9
12-12-2025,26.5,84.5,GOPALGANJ,BIHAR,D101,BAIKUNTHPUR,1.97
13-12-2025,26.5,84.5,GOPALGANJ,BIHAR,D101,BAIKUNTHPUR,2.11
14-12-2025,26.5,84.5,GOPALGANJ,BIHAR,D101,BAIKUNTHPUR,1.87
15-12-2025,26.5,84.5,GOPALGANJ,BIHAR,D101,BAIKUNTHPUR,2.06
16-12-2025,26.5,84.5,GOPALGANJ,BIHAR,D101,BAIKUNTHPUR,1.97
17-12-2025,26.5,84.5,GOPALGANJ,BIHAR,D101,BAIKUNTHPUR,2.18
18-12-2025,26.5,84.5,GOPALGANJ,BIHAR,D101,BAIKUNTHPUR,2.55
19-12-2025,26.5,84.5,GOPALGANJ,BIHAR,D101,BAIKUNTHPUR,2.78
20-12-2025,26.5,84.5,GOPALGANJ,BIHAR,D101,BAIKUNTHPUR,2.7
21-12-2025,26.5,84.5,GOPALGANJ,BIHAR,D101,BAIKUNTHPUR,2.84
22-12-2025,26.5,84.5,GOPALGANJ,BIHAR,D101,BAIKUNTHPUR,2.6
23-12-2025,26.5,84.5,GOPALGANJ,BIHAR,D101,BAIKUNTHPUR,2.38
24-12-2025,26.5,84.5,GOPALGANJ,BIHAR,D101,BAIKUNTHPUR,2.58
25-12-2025,26.5,84.5,GOPALGANJ,BIHAR,D101,BAIKUNTHPUR,2.47
26-12-2025,26.5,84.5,GOPALGANJ,BIHAR,D101,BAIKUNTHPUR,2.68
27-12-2025,26.5,84.5,GOPALGANJ,BIHAR,D101,BAIKUNTHPUR,2.82
28-12-2025,26.5,84.5,GOPALGANJ,BIHAR,D101,BAIKUNTHPUR,2.75
29-12-2025,26.5,84.5,GOPALGANJ,BIHAR,D101,BAIKUNTHPUR,3.01
30-12-2025,26.5,84.5,GOPALGANJ,BIHAR,D101,BAIKUNTHPUR,2.95
31-12-2025,26.5,84.5,GOPALGANJ,BIHAR,D101,BAIKUNTHPUR,2.7
01-01-2025,24.5,86.5,JAMUI,BIHAR,D103,CHAKAI,1.97
02-01-2025,24.5,86.5,JAMUI,BIHAR,D103,CHAKAI,2.03
03-01-2025,24.5,86.5,JAMUI,BIHAR,D103,CHAKAI,2
04-01-2025,24.5,86.5,JAMUI,BIHAR,D103,CHAKAI,2.08
05-01-2025,24.5,86.5,JAMUI,BIHAR,D103,CHAKAI,2.29
06-01-2025,24.5,86.5,JAMUI,BIHAR,D103,CHAKAI,2.63
07-01-2025,24.5,86.5,JAMUI,BIHAR,D103,CHAKAI,2.52
08-01-2025,24.5,86.5,JAMUI,BIHAR,D103,CHAKAI,2.52
09-01-2025,24.5,86.5,JAMUI,BIHAR,D103,CHAKAI,2.36
10-01-2025,24.5,86.5,JAMUI,BIHAR,D103,CHAKAI,2.6
11-01-2025,24.5,86.5,JAMUI,BIHAR,D103,CHAKAI,2.56
12-01-2025,24.5,86.5,JAMUI,BIHAR,D103,CHAKAI,2.17
13-01-2025,24.5,86.5,JAMUI,BIHAR,D103,CHAKAI,1.92
14-01-2025,24.5,86.5,JAMUI,BIHAR,D103,CHAKAI,2.38
15-01-2025,24.5,86.5,JAMUI,BIHAR,D103,CHAKAI,2.39
16-01-2025,24.5,86.5,JAMUI,BIHAR,D103,CHAKAI,2.47
17-01-2025,24.5,86.5,JAMUI,BIHAR,D103,CHAKAI,2.66
18-01-2025,24.5,86.5,JAMUI,BIHAR,D103,CHAKAI,2.66
19-01-2025,24.5,86.5,JAMUI,BIHAR,D103,CHAKAI,2.71
20-01-2025,24.5,86.5,JAMUI,BIHAR,D103,CHAKAI,2.29
21-01-2025,24.5,86.5,JAMUI,BIHAR,D103,CHAKAI,2.2
22-01-2025,24.5,86.5,JAMUI,BIHAR,D103,CHAKAI,2.44
23-01-2025,24.5,86.5,JAMUI,BIHAR,D103,CHAKAI,2.61
24-01-2025,24.5,86.5,JAMUI,BIHAR,D103,CHAKAI,2.56
25-01-2025,24.5,86.5,JAMUI,BIHAR,D103,CHAKAI,2.47
26-01-2025,24.5,86.5,JAMUI,BIHAR,D103,CHAKAI,2.07
27-01-2025,24.5,86.5,JAMUI,BIHAR,D103,CHAKAI,2.05
28-01-2025,24.5,86.5,JAMUI,BIHAR,D103,CHAKAI,1.69
29-01-2025,24.5,86.5,JAMUI,BIHAR,D103,CHAKAI,2.29
30-01-2025,24.5,86.5,JAMUI,BIHAR,D103,CHAKAI,2.2
31-01-2025,24.5,86.5,JAMUI,BIHAR,D103,CHAKAI,2.11
01-02-2025,24.5,86.5,JAMUI,BIHAR,D103,CHAKAI,1.99
02-02-2025,24.5,86.5,JAMUI,BIHAR,D103,CHAKAI,1.99
03-02-2025,24.5,86.5,JAMUI,BIHAR,D103,CHAKAI,1.76
04-02-2025,24.5,86.5,JAMUI,BIHAR,D103,CHAKAI,2.05
05-02-2025,24.5,86.5,JAMUI,BIHAR,D103,CHAKAI,1.88
06-02-2025,24.5,86.5,JAMUI,BIHAR,D103,CHAKAI,2.13
07-02-2025,24.5,86.5,JAMUI,BIHAR,D103,CHAKAI,2.11
08-02-2025,24.5,86.5,JAMUI,BIHAR,D103,CHAKAI,2.23
09-02-2025,24.5,86.5,JAMUI,BIHAR,D103,CHAKAI,1.99
10-02-2025,24.5,86.5,JAMUI,BIHAR,D103,CHAKAI,1.78
11-02-2025,24.5,86.5,JAMUI,BIHAR,D103,CHAKAI,1.91
12-02-2025,24.5,86.5,JAMUI,BIHAR,D103,CHAKAI,1.87
13-02-2025,24.5,86.5,JAMUI,BIHAR,D103,CHAKAI,2.58
14-02-2025,24.5,86.5,JAMUI,BIHAR,D103,CHAKAI,2.34
15-02-2025,24.5,86.5,JAMUI,BIHAR,D103,CHAKAI,2.52
16-02-2025,24.5,86.5,JAMUI,BIHAR,D103,CHAKAI,2.65
17-02-2025,24.5,86.5,JAMUI,BIHAR,D103,CHAKAI,2.47
18-02-2025,24.5,86.5,JAMUI,BIHAR,D103,CHAKAI,2.12
19-02-2025,24.5,86.5,JAMUI,BIHAR,D103,CHAKAI,1.87
20-02-2025,24.5,86.5,JAMUI,BIHAR,D103,CHAKAI,2.28
21-02-2025,24.5,86.5,JAMUI,BIHAR,D103,CHAKAI,2.11
22-02-2025,24.5,86.5,JAMUI,BIHAR,D103,CHAKAI,2.33
23-02-2025,24.5,86.5,JAMUI,BIHAR,D103,CHAKAI,2.12
24-02-2025,24.5,86.5,JAMUI,BIHAR,D103,CHAKAI,2.03
25-02-2025,24.5,86.5,JAMUI,BIHAR,D103,CHAKAI,2.48
26-02-2025,24.5,86.5,JAMUI,BIHAR,D103,CHAKAI,2.5
27-02-2025,24.5,86.5,JAMUI,BIHAR,D103,CHAKAI,2.44
28-02-2025,24.5,86.5,JAMUI,BIHAR,D103,CHAKAI,2.65
29-02-2025,24.5,86.5,JAMUI,BIHAR,D103,CHAKAI,2.11
01-03-2025,24.5,86.5,JAMUI,BIHAR,D103,CHAKAI,2.53
02-03-2025,24.5,86.5,JAMUI,BIHAR,D103,CHAKAI,2.45
03-03-2025,24.5,86.5,JAMUI,BIHAR,D103,CHAKAI,2.24
04-03-2025,24.5,86.5,JAMUI,BIHAR,D103,CHAKAI,2.28
05-03-2025,24.5,86.5,JAMUI,BIHAR,D103,CHAKAI,2.42
06-03-2025,24.5,86.5,JAMUI,BIHAR,D103,CHAKAI,2.44
07-03-2025,24.5,86.5,JAMUI,BIHAR,D103,CHAKAI,2.3
08-03-2025,24.5,86.5,JAMUI,BIHAR,D103,CHAKAI,2.15
09-03-2025,24.5,86.5,JAMUI,BIHAR,D103,CHAKAI,2.03
10-03-2025,24.5,86.5,JAMUI,BIHAR,D103,CHAKAI,1.98
11-03-2025,24.5,86.5,JAMUI,BIHAR,D103,CHAKAI,2.21
12-03-2025,24.5,86.5,JAMUI,BIHAR,D103,CHAKAI,2.09
13-03-2025,24.5,86.5,JAMUI,BIHAR,D103,CHAKAI,2.73
14-03-2025,24.5,86.5,JAMUI,BIHAR,D103,CHAKAI,2.97
15-03-2025,24.5,86.5,JAMUI,BIHAR,D103,CHAKAI,2.05
16-03-2025,24.5,86.5,JAMUI,BIHAR,D103,CHAKAI,2.01
17-03-2025,24.5,86.5,JAMUI,BIHAR,D103,CHAKAI,2.08
18-03-2025,24.5,86.5,JAMUI,BIHAR,D103,CHAKAI,1.78
19-03-2025,24.5,86.5,JAMUI,BIHAR,D103,CHAKAI,2.28
20-03-2025,24.5,86.5,JAMUI,BIHAR,D103,CHAKAI,2.82
21-03-2025,24.5,86.5,JAMUI,BIHAR,D103,CHAKAI,2.86
22-03-2025,24.5,86.5,JAMUI,BIHAR,D103,CHAKAI,2.35
23-03-2025,24.5,86.5,JAMUI,BIHAR,D103,CHAKAI,2.26
24-03-2025,24.5,86.5,JAMUI,BIHAR,D103,CHAKAI,2.17
25-03-2025,24.5,86.5,JAMUI,BIHAR,D103,CHAKAI,2.47
26-03-2025,24.5,86.5,JAMUI,BIHAR,D103,CHAKAI,2.17
27-03-2025,24.5,86.5,JAMUI,BIHAR,D103,CHAKAI,1.9
28-03-2025,24.5,86.5,JAMUI,BIHAR,D103,CHAKAI,1.85
29-03-2025,24.5,86.5,JAMUI,BIHAR,D103,CHAKAI,1.5
30-03-2025,24.5,86.5,JAMUI,BIHAR,D103,CHAKAI,1.48
31-03-2025,24.5,86.5,JAMUI,BIHAR,D103,CHAKAI,2.36
01-04-2025,24.5,86.5,JAMUI,BIHAR,D103,CHAKAI,2.44
02-04-2025,24.5,86.5,JAMUI,BIHAR,D103,CHAKAI,2.22
03-04-2025,24.5,86.5,JAMUI,BIHAR,D103,CHAKAI,1.87
04-04-2025,24.5,86.5,JAMUI,BIHAR,D103,CHAKAI,2.8
05-04-2025,24.5,86.5,JAMUI,BIHAR,D103,CHAKAI,2.61
06-04-2025,24.5,86.5,JAMUI,BIHAR,D103,CHAKAI,2.39
07-04-2025,24.5,86.5,JAMUI,BIHAR,D103,CHAKAI,2.16
08-04-2025,24.5,86.5,JAMUI,BIHAR,D103,CHAKAI,2.02
09-04-2025,24.5,86.5,JAMUI,BIHAR,D103,CHAKAI,2.28
10-04-2025,24.5,86.5,JAMUI,BIHAR,D103,CHAKAI,2.66
11-04-2025,24.5,86.5,JAMUI,BIHAR,D103,CHAKAI,2.5
12-04-2025,24.5,86.5,JAMUI,BIHAR,D103,CHAKAI,2.29
13-04-2025,24.5,86.5,JAMUI,BIHAR,D103,CHAKAI,2.43
14-04-2025,24.5,86.5,JAMUI,BIHAR,D103,CHAKAI,2.03
15-04-2025,24.5,86.5,JAMUI,BIHAR,D103,CHAKAI,2.18
16-04-2025,24.5,86.5,JAMUI,BIHAR,D103,CHAKAI,2.05
17-04-2025,24.5,86.5,JAMUI,BIHAR,D103,CHAKAI,2.27
18-04-2025,24.5,86.5,JAMUI,BIHAR,D103,CHAKAI,2.35
19-04-2025,24.5,86.5,JAMUI,BIHAR,D103,CHAKAI,2.51
20-04-2025,24.5,86.5,JAMUI,BIHAR,D103,CHAKAI,2.76
21-04-2025,24.5,86.5,JAMUI,BIHAR,D103,CHAKAI,2.81
22-04-2025,24.5,86.5,JAMUI,BIHAR,D103,CHAKAI,2.5
23-04-2025,24.5,86.5,JAMUI,BIHAR,D103,CHAKAI,2.36
24-04-2025,24.5,86.5,JAMUI,BIHAR,D103,CHAKAI,2.74
25-04-2025,24.5,86.5,JAMUI,BIHAR,D103,CHAKAI,3.14
26-04-2025,24.5,86.5,JAMUI,BIHAR,D103,CHAKAI,3.28
27-04-2025,24.5,86.5,JAMUI,BIHAR,D103,CHAKAI,3.05
28-04-2025,24.5,86.5,JAMUI,BIHAR,D103,CHAKAI,3.14
29-04-2025,24.5,86.5,JAMUI,BIHAR,D103,CHAKAI,2.83
30-04-2025,24.5,86.5,JAMUI,BIHAR,D103,CHAKAI,2.78
01-05-2025,24.5,86.5,JAMUI,BIHAR,D103,CHAKAI,3.11
02-05-2025,24.5,86.5,JAMUI,BIHAR,D103,CHAKAI,2.58
03-05-2025,24.5,86.5,JAMUI,BIHAR,D103,CHAKAI,2.55
04-05-2025,24.5,86.5,JAMUI,BIHAR,D103,CHAKAI,2.3
05-05-2025,24.5,86.5,JAMUI,BIHAR,D103,CHAKAI,2.17
06-05-2025,24.5,86.5,JAMUI,BIHAR,D103,CHAKAI,1.98
07-05-2025,24.5,86.5,JAMUI,BIHAR,D103,CHAKAI,2.27
08-05-2025,24.5,86.5,JAMUI,BIHAR,D103,CHAKAI,2.25
09-05-2025,24.5,86.5,JAMUI,BIHAR,D103,CHAKAI,2.59
10-05-2025,24.5,86.5,JAMUI,BIHAR,D103,CHAKAI,2.38
11-05-2025,24.5,86.5,JAMUI,BIHAR,D103,CHAKAI,2.55
12-05-2025,24.5,86.5,JAMUI,BIHAR,D103,CHAKAI,2.51
13-05-2025,24.5,86.5,JAMUI,BIHAR,D103,CHAKAI,2.32
14-05-2025,24.5,86.5,JAMUI,BIHAR,D103,CHAKAI,2.43
15-05-2025,24.5,86.5,JAMUI,BIHAR,D103,CHAKAI,2.09
16-05-2025,24.5,86.5,JAMUI,BIHAR,D103,CHAKAI,2.69
17-05-2025,24.5,86.5,JAMUI,BIHAR,D103,CHAKAI,2.23
18-05-2025,24.5,86.5,JAMUI,BIHAR,D103,CHAKAI,1.63
19-05-2025,24.5,86.5,JAMUI,BIHAR,D103,CHAKAI,2.16
20-05-2025,24.5,86.5,JAMUI,BIHAR,D103,CHAKAI,2.74
21-05-2025,24.5,86.5,JAMUI,BIHAR,D103,CHAKAI,2.93
22-05-2025,24.5,86.5,JAMUI,BIHAR,D103,CHAKAI,2.63
23-05-2025,24.5,86.5,JAMUI,BIHAR,D103,CHAKAI,2.54
24-05-2025,24.5,86.5,JAMUI,BIHAR,D103,CHAKAI,2.55
25-05-2025,24.5,86.5,JAMUI,BIHAR,D103,CHAKAI,3.11
26-05-2025,24.5,86.5,JAMUI,BIHAR,D103,CHAKAI,2.53
27-05-2025,24.5,86.5,JAMUI,BIHAR,D103,CHAKAI,3.08
28-05-2025,24.5,86.5,JAMUI,BIHAR,D103,CHAKAI,3.08
29-05-2025,24.5,86.5,JAMUI,BIHAR,D103,CHAKAI,3.06
30-05-2025,24.5,86.5,JAMUI,BIHAR,D103,CHAKAI,2.9
31-05-2025,24.5,86.5,JAMUI,BIHAR,D103,CHAKAI,2.98
01-06-2025,24.5,86.5,JAMUI,BIHAR,D103,CHAKAI,2.36
02-06-2025,24.5,86.5,JAMUI,BIHAR,D103,CHAKAI,2.27
03-06-2025,24.5,86.5,JAMUI,BIHAR,D103,CHAKAI,2.19
04-06-2025,24.5,86.5,JAMUI,BIHAR,D103,CHAKAI,2.31
05-06-2025,24.5,86.5,JAMUI,BIHAR,D103,CHAKAI,2.28
06-06-2025,24.5,86.5,JAMUI,BIHAR,D103,CHAKAI,2.25
07-06-2025,24.5,86.5,JAMUI,BIHAR,D103,CHAKAI,2.61
08-06-2025,24.5,86.5,JAMUI,BIHAR,D103,CHAKAI,2.84
09-06-2025,24.5,86.5,JAMUI,BIHAR,D103,CHAKAI,2.71
10-06-2025,24.5,86.5,JAMUI,BIHAR,D103,CHAKAI,2.43
11-06-2025,24.5,86.5,JAMUI,BIHAR,D103,CHAKAI,2.18
12-06-2025,24.5,86.5,JAMUI,BIHAR,D103,CHAKAI,2.52
13-06-2025,24.5,86.5,JAMUI,BIHAR,D103,CHAKAI,2.6
14-06-2025,24.5,86.5,JAMUI,BIHAR,D103,CHAKAI,3.05
15-06-2025,24.5,86.5,JAMUI,BIHAR,D103,CHAKAI,3.07
16-06-2025,24.5,86.5,JAMUI,BIHAR,D103,CHAKAI,3.18
17-06-2025,24.5,86.5,JAMUI,BIHAR,D103,CHAKAI,3
18-06-2025,24.5,86.5,JAMUI,BIHAR,D103,CHAKAI,3.33
19-06-2025,24.5,86.5,JAMUI,BIHAR,D103,CHAKAI,3.43
20-06-2025,24.5,86.5,JAMUI,BIHAR,D103,CHAKAI,2.48
21-06-2025,24.5,86.5,JAMUI,BIHAR,D103,CHAKAI,2.29
22-06-2025,24.5,86.5,JAMUI,BIHAR,D103,CHAKAI,2.22
23-06-2025,24.5,86.5,JAMUI,BIHAR,D103,CHAKAI,2.19
24-06-2025,24.5,86.5,JAMUI,BIHAR,D103,CHAKAI,2.16
25-06-2025,24.5,86.5,JAMUI,BIHAR,D103,CHAKAI,2.17
26-06-2025,24.5,86.5,JAMUI,BIHAR,D103,CHAKAI,1.96
27-06-2025,24.5,86.5,JAMUI,BIHAR,D103,CHAKAI,2.02
28-06-2025,24.5,86.5,JAMUI,BIHAR,D103,CHAKAI,1.92
29-06-2025,24.5,86.5,JAMUI,BIHAR,D103,CHAKAI,2.16
30-06-2025,24.5,86.5,JAMUI,BIHAR,D103,CHAKAI,2.02
01-07-2025,24.5,86.5,JAMUI,BIHAR,D103,CHAKAI,1.53
02-07-2025,24.5,86.5,JAMUI,BIHAR,D103,CHAKAI,1.42
03-07-2025,24.5,86.5,JAMUI,BIHAR,D103,CHAKAI,1.27
04-07-2025,24.5,86.5,JAMUI,BIHAR,D103,CHAKAI,1.74
05-07-2025,24.5,86.5,JAMUI,BIHAR,D103,CHAKAI,1.82
06-07-2025,24.5,86.5,JAMUI,BIHAR,D103,CHAKAI,1.55
07-07-2025,24.5,86.5,JAMUI,BIHAR,D103,CHAKAI,1.17
08-07-2025,24.5,86.5,JAMUI,BIHAR,D103,CHAKAI,1.25
09-07-2025,24.5,86.5,JAMUI,BIHAR,D103,CHAKAI,1.3
10-07-2025,24.5,86.5,JAMUI,BIHAR,D103,CHAKAI,1.85
11-07-2025,24.5,86.5,JAMUI,BIHAR,D103,CHAKAI,1.7
12-07-2025,24.5,86.5,JAMUI,BIHAR,D103,CHAKAI,1.55
13-07-2025,24.5,86.5,JAMUI,BIHAR,D103,CHAKAI,1.67
14-07-2025,24.5,86.5,JAMUI,BIHAR,D103,CHAKAI,1.64
15-07-2025,24.5,86.5,JAMUI,BIHAR,D103,CHAKAI,1.58
16-07-2025,24.5,86.5,JAMUI,BIHAR,D103,CHAKAI,1.82
17-07-2025,24.5,86.5,JAMUI,BIHAR,D103,CHAKAI,1.5
18-07-2025,24.5,86.5,JAMUI,BIHAR,D103,CHAKAI,1.33
19-07-2025,24.5,86.5,JAMUI,BIHAR,D103,CHAKAI,1.58
20-07-2025,24.5,86.5,JAMUI,BIHAR,D103,CHAKAI,1.61
21-07-2025,24.5,86.5,JAMUI,BIHAR,D103,CHAKAI,1.52
22-07-2025,24.5,86.5,JAMUI,BIHAR,D103,CHAKAI,1.61
23-07-2025,24.5,86.5,JAMUI,BIHAR,D103,CHAKAI,1.71
24-07-2025,24.5,86.5,JAMUI,BIHAR,D103,CHAKAI,1.29
25-07-2025,24.5,86.5,JAMUI,BIHAR,D103,CHAKAI,1.65
26-07-2025,24.5,86.5,JAMUI,BIHAR,D103,CHAKAI,1.84
27-07-2025,24.5,86.5,JAMUI,BIHAR,D103,CHAKAI,1.61
28-07-2025,24.5,86.5,JAMUI,BIHAR,D103,CHAKAI,1.48
29-07-2025,24.5,86.5,JAMUI,BIHAR,D103,CHAKAI,1.18
30-07-2025,24.5,86.5,JAMUI,BIHAR,D103,CHAKAI,1.12
31-07-2025,24.5,86.5,JAMUI,BIHAR,D103,CHAKAI,1.33
01-08-2025,24.5,86.5,JAMUI,BIHAR,D103,CHAKAI,1.46
02-08-2025,24.5,86.5,JAMUI,BIHAR,D103,CHAKAI,1.29
03-08-2025,24.5,86.5,JAMUI,BIHAR,D103,CHAKAI,1.14
04-08-2025,24.5,86.5,JAMUI,BIHAR,D103,CHAKAI,1.16
05-08-2025,24.5,86.5,JAMUI,BIHAR,D103,CHAKAI,1.09
06-08-2025,24.5,86.5,JAMUI,BIHAR,D103,CHAKAI,1.21
07-08-2025,24.5,86.5,JAMUI,BIHAR,D103,CHAKAI,1.36
08-08-2025,24.5,86.5,JAMUI,BIHAR,D103,CHAKAI,1.57
09-08-2025,24.5,86.5,JAMUI,BIHAR,D103,CHAKAI,1.6
10-08-2025,24.5,86.5,JAMUI,BIHAR,D103,CHAKAI,1.39
11-08-2025,24.5,86.5,JAMUI,BIHAR,D103,CHAKAI,1.3
12-08-2025,24.5,86.5,JAMUI,BIHAR,D103,CHAKAI,1.3
13-08-2025,24.5,86.5,JAMUI,BIHAR,D103,CHAKAI,1.42
14-08-2025,24.5,86.5,JAMUI,BIHAR,D103,CHAKAI,1.71
15-08-2025,24.5,86.5,JAMUI,BIHAR,D103,CHAKAI,1.26
16-08-2025,24.5,86.5,JAMUI,BIHAR,D103,CHAKAI,1.43
17-08-2025,24.5,86.5,JAMUI,BIHAR,D103,CHAKAI,1.56
18-08-2025,24.5,86.5,JAMUI,BIHAR,D103,CHAKAI,1.56
19-08-2025,24.5,86.5,JAMUI,BIHAR,D103,CHAKAI,1.22
20-08-2025,24.5,86.5,JAMUI,BIHAR,D103,CHAKAI,1.34
21-08-2025,24.5,86.5,JAMUI,BIHAR,D103,CHAKAI,1.26
22-08-2025,24.5,86.5,JAMUI,BIHAR,D103,CHAKAI,1.41
23-08-2025,24.5,86.5,JAMUI,BIHAR,D103,CHAKAI,1.17
24-08-2025,24.5,86.5,JAMUI,BIHAR,D103,CHAKAI,1.24
25-08-2025,24.5,86.5,JAMUI,BIHAR,D103,CHAKAI,1.12
26-08-2025,24.5,86.5,JAMUI,BIHAR,D103,CHAKAI,1.08
27-08-2025,24.5,86.5,JAMUI,BIHAR,D103,CHAKAI,1.22
28-08-2025,24.5,86.5,JAMUI,BIHAR,D103,CHAKAI,1.33
29-08-2025,24.5,86.5,JAMUI,BIHAR,D103,CHAKAI,1.13
30-08-2025,24.5,86.5,JAMUI,BIHAR,D103,CHAKAI,1.24
31-08-2025,24.5,86.5,JAMUI,BIHAR,D103,CHAKAI,1.47
01-09-2025,24.5,86.5,JAMUI,BIHAR,D103,CHAKAI,1.55
02-09-2025,24.5,86.5,JAMUI,BIHAR,D103,CHAKAI,1.49
03-09-2025,24.5,86.5,JAMUI,BIHAR,D103,CHAKAI,1.19
04-09-2025,24.5,86.5,JAMUI,BIHAR,D103,CHAKAI,1.21
05-09-2025,24.5,86.5,JAMUI,BIHAR,D103,CHAKAI,1.42
06-09-2025,24.5,86.5,JAMUI,BIHAR,D103,CHAKAI,1.66
07-09-2025,24.5,86.5,JAMUI,BIHAR,D103,CHAKAI,1.47
08-09-2025,24.5,86.5,JAMUI,BIHAR,D103,CHAKAI,1.4
09-09-2025,24.5,86.5,JAMUI,BIHAR,D103,CHAKAI,1.59
10-09-2025,24.5,86.5,JAMUI,BIHAR,D103,CHAKAI,1.38
11-09-2025,24.5,86.5,JAMUI,BIHAR,D103,CHAKAI,1.33
12-09-2025,24.5,86.5,JAMUI,BIHAR,D103,CHAKAI,1.94
13-09-2025,24.5,86.5,JAMUI,BIHAR,D103,CHAKAI,1.79
14-09-2025,24.5,86.5,JAMUI,BIHAR,D103,CHAKAI,1.94
15-09-2025,24.5,86.5,JAMUI,BIHAR,D103,CHAKAI,1.72
16-09-2025,24.5,86.5,JAMUI,BIHAR,D103,CHAKAI,1.57
17-09-2025,24.5,86.5,JAMUI,BIHAR,D103,CHAKAI,1.46
18-09-2025,24.5,86.5,JAMUI,BIHAR,D103,CHAKAI,1.69
19-09-2025,24.5,86.5,JAMUI,BIHAR,D103,CHAKAI,1.5
20-09-2025,24.5,86.5,JAMUI,BIHAR,D103,CHAKAI,1.44
21-09-2025,24.5,86.5,JAMUI,BIHAR,D103,CHAKAI,1.83
22-09-2025,24.5,86.5,JAMUI,BIHAR,D103,CHAKAI,1.81
23-09-2025,24.5,86.5,JAMUI,BIHAR,D103,CHAKAI,2.02
24-09-2025,24.5,86.5,JAMUI,BIHAR,D103,CHAKAI,2.2
25-09-2025,24.5,86.5,JAMUI,BIHAR,D103,CHAKAI,1.9
26-09-2025,24.5,86.5,JAMUI,BIHAR,D103,CHAKAI,1.94
27-09-2025,24.5,86.5,JAMUI,BIHAR,D103,CHAKAI,1.87
28-09-2025,24.5,86.5,JAMUI,BIHAR,D103,CHAKAI,1.89
29-09-2025,24.5,86.5,JAMUI,BIHAR,D103,CHAKAI,1.91
30-09-2025,24.5,86.5,JAMUI,BIHAR,D103,CHAKAI,1.81
01-10-2025,24.5,86.5,JAMUI,BIHAR,D103,CHAKAI,1.49
02-10-2025,24.5,86.5,JAMUI,BIHAR,D103,CHAKAI,1.36
03-10-2025,24.5,86.5,JAMUI,BIHAR,D103,CHAKAI,1.27
04-10-2025,24.5,86.5,JAMUI,BIHAR,D103,CHAKAI,1.61
05-10-2025,24.5,86.5,JAMUI,BIHAR,D103,CHAKAI,1.5
06-10-2025,24.5,86.5,JAMUI,BIHAR,D103,CHAKAI,1.44
07-10-2025,24.5,86.5,JAMUI,BIHAR,D103,CHAKAI,1.67
08-10-2025,24.5,86.5,JAMUI,BIHAR,D103,CHAKAI,1.96
09-10-2025,24.5,86.5,JAMUI,BIHAR,D103,CHAKAI,1.86
10-10-2025,24.5,86.5,JAMUI,BIHAR,D103,CHAKAI,1.5
11-10-2025,24.5,86.5,JAMUI,BIHAR,D103,CHAKAI,1.39
12-10-2025,24.5,86.5,JAMUI,BIHAR,D103,CHAKAI,1.35
13-10-2025,24.5,86.5,JAMUI,BIHAR,D103,CHAKAI,1.43
14-10-2025,24.5,86.5,JAMUI,BIHAR,D103,CHAKAI,1.23
15-10-2025,24.5,86.5,JAMUI,BIHAR,D103,CHAKAI,1.35
16-10-2025,24.5,86.5,JAMUI,BIHAR,D103,CHAKAI,1.22
17-10-2025,24.5,86.5,JAMUI,BIHAR,D103,CHAKAI,1.17
18-10-2025,24.5,86.5,JAMUI,BIHAR,D103,CHAKAI,1.16
19-10-2025,24.5,86.5,JAMUI,BIHAR,D103,CHAKAI,1.77
20-10-2025,24.5,86.5,JAMUI,BIHAR,D103,CHAKAI,1.58
21-10-2025,24.5,86.5,JAMUI,BIHAR,D103,CHAKAI,1.58
22-10-2025,24.5,86.5,JAMUI,BIHAR,D103,CHAKAI,1.51
23-10-2025,24.5,86.5,JAMUI,BIHAR,D103,CHAKAI,1.47
24-10-2025,24.5,86.5,JAMUI,BIHAR,D103,CHAKAI,1.55
25-10-2025,24.5,86.5,JAMUI,BIHAR,D103,CHAKAI,2.18
26-10-2025,24.5,86.5,JAMUI,BIHAR,D103,CHAKAI,2.14
27-10-2025,24.5,86.5,JAMUI,BIHAR,D103,CHAKAI,1.36
28-10-2025,24.5,86.5,JAMUI,BIHAR,D103,CHAKAI,1.1
29-10-2025,24.5,86.5,JAMUI,BIHAR,D103,CHAKAI,1.33
30-10-2025,24.5,86.5,JAMUI,BIHAR,D103,CHAKAI,1.59
31-10-2025,24.5,86.5,JAMUI,BIHAR,D103,CHAKAI,1.35
01-11-2025,24.5,86.5,JAMUI,BIHAR,D103,CHAKAI,1.68
02-11-2025,24.5,86.5,JAMUI,BIHAR,D103,CHAKAI,1.41
03-11-2025,24.5,86.5,JAMUI,BIHAR,D103,CHAKAI,1.24
04-11-2025,24.5,86.5,JAMUI,BIHAR,D103,CHAKAI,1.2
05-11-2025,24.5,86.5,JAMUI,BIHAR,D103,CHAKAI,1.21
06-11-2025,24.5,86.5,JAMUI,BIHAR,D103,CHAKAI,1.05
07-11-2025,24.5,86.5,JAMUI,BIHAR,D103,CHAKAI,0.93
08-11-2025,24.5,86.5,JAMUI,BIHAR,D103,CHAKAI,1.25
09-11-2025,24.5,86.5,JAMUI,BIHAR,D103,CHAKAI,1.03
10-11-2025,24.5,86.5,JAMUI,BIHAR,D103,CHAKAI,1.07
11-11-2025,24.5,86.5,JAMUI,BIHAR,D103,CHAKAI,1.27
12-11-2025,24.5,86.5,JAMUI,BIHAR,D103,CHAKAI,1.37
13-11-2025,24.5,86.5,JAMUI,BIHAR,D103,CHAKAI,1.51
14-11-2025,24.5,86.5,JAMUI,BIHAR,D103,CHAKAI,1.35
15-11-2025,24.5,86.5,JAMUI,BIHAR,D103,CHAKAI,1.18
16-11-2025,24.5,86.5,JAMUI,BIHAR,D103,CHAKAI,1.05
17-11-2025,24.5,86.5,JAMUI,BIHAR,D103,CHAKAI,1.14
18-11-2025,24.5,86.5,JAMUI,BIHAR,D103,CHAKAI,0.98
19-11-2025,24.5,86.5,JAMUI,BIHAR,D103,CHAKAI,0.95
20-11-2025,24.5,86.5,JAMUI,BIHAR,D103,CHAKAI,1.01
21-11-2025,24.5,86.5,JAMUI,BIHAR,D103,CHAKAI,1.02
22-11-2025,24.5,86.5,JAMUI,BIHAR,D103,CHAKAI,0.9
23-11-2025,24.5,86.5,JAMUI,BIHAR,D103,CHAKAI,1.02
24-11-2025,24.5,86.5,JAMUI,BIHAR,D103,CHAKAI,1.06
25-11-2025,24.5,86.5,JAMUI,BIHAR,D103,CHAKAI,1.04
26-11-2025,24.5,86.5,JAMUI,BIHAR,D103,CHAKAI,0.8
27-11-2025,24.5,86.5,JAMUI,BIHAR,D103,CHAKAI,1.13
28-11-2025,24.5,86.5,JAMUI,BIHAR,D103,CHAKAI,0.85
29-11-2025,24.5,86.5,JAMUI,BIHAR,D103,CHAKAI,0.9
30-11-2025,24.5,86.5,JAMUI,BIHAR,D103,CHAKAI,1.03
01-12-2025,24.5,86.5,JAMUI,BIHAR,D103,CHAKAI,1.11
02-12-2025,24.5,86.5,JAMUI,BIHAR,D103,CHAKAI,1.15
03-12-2025,24.5,86.5,JAMUI,BIHAR,D103,CHAKAI,1.08
04-12-2025,24.5,86.5,JAMUI,BIHAR,D103,CHAKAI,1.2
05-12-2025,24.5,86.5,JAMUI,BIHAR,D103,CHAKAI,1.03
06-12-2025,24.5,86.5,JAMUI,BIHAR,D103,CHAKAI,0.98
07-12-2025,24.5,86.5,JAMUI,BIHAR,D103,CHAKAI,1.39
08-12-2025,24.5,86.5,JAMUI,BIHAR,D103,CHAKAI,1.24
09-12-2025,24.5,86.5,JAMUI,BIHAR,D103,CHAKAI,1.46
10-12-2025,24.5,86.5,JAMUI,BIHAR,D103,CHAKAI,1.46
11-12-2025,24.5,86.5,JAMUI,BIHAR,D103,CHAKAI,1.8
12-12-2025,24.5,86.5,JAMUI,BIHAR,D103,CHAKAI,1.56
13-12-2025,24.5,86.5,JAMUI,BIHAR,D103,CHAKAI,1.74
14-12-2025,24.5,86.5,JAMUI,BIHAR,D103,CHAKAI,1.67
15-12-2025,24.5,86.5,JAMUI,BIHAR,D103,CHAKAI,1.64
16-12-2025,24.5,86.5,JAMUI,BIHAR,D103,CHAKAI,1.44
17-12-2025,24.5,86.5,JAMUI,BIHAR,D103,CHAKAI,1.72
18-12-2025,24.5,86.5,JAMUI,BIHAR,D103,CHAKAI,1.89
19-12-2025,24.5,86.5,JAMUI,BIHAR,D103,CHAKAI,1.97
20-12-2025,24.5,86.5,JAMUI,BIHAR,D103,CHAKAI,2.15
21-12-2025,24.5,86.5,JAMUI,BIHAR,D103,CHAKAI,2.15
22-12-2025,24.5,86.5,JAMUI,BIHAR,D103,CHAKAI,2.17
23-12-2025,24.5,86.5,JAMUI,BIHAR,D103,CHAKAI,2.17
24-12-2025,24.5,86.5,JAMUI,BIHAR,D103,CHAKAI,1.92
25-12-2025,24.5,86.5,JAMUI,BIHAR,D103,CHAKAI,2.16
26-12-2025,24.5,86.5,JAMUI,BIHAR,D103,CHAKAI,2.16
27-12-2025,24.5,86.5,JAMUI,BIHAR,D103,CHAKAI,2.15
28-12-2025,24.5,86.5,JAMUI,BIHAR,D103,CHAKAI,2.05
29-12-2025,24.5,86.5,JAMUI,BIHAR,D103,CHAKAI,2.14
30-12-2025,24.5,86.5,JAMUI,BIHAR,D103,CHAKAI,2.1
31-12-2025,24.5,86.5,JAMUI,BIHAR,D103,CHAKAI,2.1
01-01-2025,25.5,87.5,KATIHAR,BIHAR,D104,BARARI,1.89
02-01-2025,25.5,87.5,KATIHAR,BIHAR,D104,BARARI,2.2
03-01-2025,25.5,87.5,KATIHAR,BIHAR,D104,BARARI,2.06
04-01-2025,25.5,87.5,KATIHAR,BIHAR,D104,BARARI,2.19
05-01-2025,25.5,87.5,KATIHAR,BIHAR,D104,BARARI,2.28
06-01-2025,25.5,87.5,KATIHAR,BIHAR,D104,BARARI,2.62
07-01-2025,25.5,87.5,KATIHAR,BIHAR,D104,BARARI,2.44
08-01-2025,25.5,87.5,KATIHAR,BIHAR,D104,BARARI,2.57
09-01-2025,25.5,87.5,KATIHAR,BIHAR,D104,BARARI,2.26
10-01-2025,25.5,87.5,KATIHAR,BIHAR,D104,BARARI,2.42
11-01-2025,25.5,87.5,KATIHAR,BIHAR,D104,BARARI,2.51
12-01-2025,25.5,87.5,KATIHAR,BIHAR,D104,BARARI,2.2
13-01-2025,25.5,87.5,KATIHAR,BIHAR,D104,BARARI,1.91
14-01-2025,25.5,87.5,KATIHAR,BIHAR,D104,BARARI,1.85
15-01-2025,25.5,87.5,KATIHAR,BIHAR,D104,BARARI,2.06
16-01-2025,25.5,87.5,KATIHAR,BIHAR,D104,BARARI,2.41
17-01-2025,25.5,87.5,KATIHAR,BIHAR,D104,BARARI,2.09
18-01-2025,25.5,87.5,KATIHAR,BIHAR,D104,BARARI,2.11
19-01-2025,25.5,87.5,KATIHAR,BIHAR,D104,BARARI,2.12
20-01-2025,25.5,87.5,KATIHAR,BIHAR,D104,BARARI,1.79
21-01-2025,25.5,87.5,KATIHAR,BIHAR,D104,BARARI,1.92
22-01-2025,25.5,87.5,KATIHAR,BIHAR,D104,BARARI,2
23-01-2025,25.5,87.5,KATIHAR,BIHAR,D104,BARARI,2.43
24-01-2025,25.5,87.5,KATIHAR,BIHAR,D104,BARARI,2.49
25-01-2025,25.5,87.5,KATIHAR,BIHAR,D104,BARARI,2.3
26-01-2025,25.5,87.5,KATIHAR,BIHAR,D104,BARARI,2.09
27-01-2025,25.5,87.5,KATIHAR,BIHAR,D104,BARARI,2.1
28-01-2025,25.5,87.5,KATIHAR,BIHAR,D104,BARARI,1.77
29-01-2025,25.5,87.5,KATIHAR,BIHAR,D104,BARARI,2.18
30-01-2025,25.5,87.5,KATIHAR,BIHAR,D104,BARARI,2.2
31-01-2025,25.5,87.5,KATIHAR,BIHAR,D104,BARARI,1.95
01-02-2025,25.5,87.5,KATIHAR,BIHAR,D104,BARARI,1.75
02-02-2025,25.5,87.5,KATIHAR,BIHAR,D104,BARARI,1.89
03-02-2025,25.5,87.5,KATIHAR,BIHAR,D104,BARARI,1.83
04-02-2025,25.5,87.5,KATIHAR,BIHAR,D104,BARARI,2.34
05-02-2025,25.5,87.5,KATIHAR,BIHAR,D104,BARARI,2.22
06-02-2025,25.5,87.5,KATIHAR,BIHAR,D104,BARARI,1.94
07-02-2025,25.5,87.5,KATIHAR,BIHAR,D104,BARARI,2.09
08-02-2025,25.5,87.5,KATIHAR,BIHAR,D104,BARARI,1.96
09-02-2025,25.5,87.5,KATIHAR,BIHAR,D104,BARARI,1.83
10-02-2025,25.5,87.5,KATIHAR,BIHAR,D104,BARARI,1.72
11-02-2025,25.5,87.5,KATIHAR,BIHAR,D104,BARARI,1.7
12-02-2025,25.5,87.5,KATIHAR,BIHAR,D104,BARARI,1.72
13-02-2025,25.5,87.5,KATIHAR,BIHAR,D104,BARARI,2.19
14-02-2025,25.5,87.5,KATIHAR,BIHAR,D104,BARARI,2.28
15-02-2025,25.5,87.5,KATIHAR,BIHAR,D104,BARARI,2.21
16-02-2025,25.5,87.5,KATIHAR,BIHAR,D104,BARARI,2.2
17-02-2025,25.5,87.5,KATIHAR,BIHAR,D104,BARARI,2.26
18-02-2025,25.5,87.5,KATIHAR,BIHAR,D104,BARARI,1.99
19-02-2025,25.5,87.5,KATIHAR,BIHAR,D104,BARARI,1.55
20-02-2025,25.5,87.5,KATIHAR,BIHAR,D104,BARARI,2.15
21-02-2025,25.5,87.5,KATIHAR,BIHAR,D104,BARARI,1.75
22-02-2025,25.5,87.5,KATIHAR,BIHAR,D104,BARARI,1.81
23-02-2025,25.5,87.5,KATIHAR,BIHAR,D104,BARARI,1.51
24-02-2025,25.5,87.5,KATIHAR,BIHAR,D104,BARARI,1.37
25-02-2025,25.5,87.5,KATIHAR,BIHAR,D104,BARARI,1.76
26-02-2025,25.5,87.5,KATIHAR,BIHAR,D104,BARARI,2.1
27-02-2025,25.5,87.5,KATIHAR,BIHAR,D104,BARARI,1.92
28-02-2025,25.5,87.5,KATIHAR,BIHAR,D104,BARARI,2.14
29-02-2025,25.5,87.5,KATIHAR,BIHAR,D104,BARARI,2.09
01-03-2025,25.5,87.5,KATIHAR,BIHAR,D104,BARARI,2.1
02-03-2025,25.5,87.5,KATIHAR,BIHAR,D104,BARARI,1.83
03-03-2025,25.5,87.5,KATIHAR,BIHAR,D104,BARARI,1.74
04-03-2025,25.5,87.5,KATIHAR,BIHAR,D104,BARARI,1.79
05-03-2025,25.5,87.5,KATIHAR,BIHAR,D104,BARARI,1.91
06-03-2025,25.5,87.5,KATIHAR,BIHAR,D104,BARARI,2.29
07-03-2025,25.5,87.5,KATIHAR,BIHAR,D104,BARARI,2.04
08-03-2025,25.5,87.5,KATIHAR,BIHAR,D104,BARARI,1.94
09-03-2025,25.5,87.5,KATIHAR,BIHAR,D104,BARARI,1.92
10-03-2025,25.5,87.5,KATIHAR,BIHAR,D104,BARARI,1.89
11-03-2025,25.5,87.5,KATIHAR,BIHAR,D104,BARARI,2.39
12-03-2025,25.5,87.5,KATIHAR,BIHAR,D104,BARARI,1.88
13-03-2025,25.5,87.5,KATIHAR,BIHAR,D104,BARARI,2.43
14-03-2025,25.5,87.5,KATIHAR,BIHAR,D104,BARARI,2.37
15-03-2025,25.5,87.5,KATIHAR,BIHAR,D104,BARARI,1.66
16-03-2025,25.5,87.5,KATIHAR,BIHAR,D104,BARARI,1.98
17-03-2025,25.5,87.5,KATIHAR,BIHAR,D104,BARARI,1.89
18-03-2025,25.5,87.5,KATIHAR,BIHAR,D104,BARARI,1.79
19-03-2025,25.5,87.5,KATIHAR,BIHAR,D104,BARARI,2.26
20-03-2025,25.5,87.5,KATIHAR,BIHAR,D104,BARARI,2.6
21-03-2025,25.5,87.5,KATIHAR,BIHAR,D104,BARARI,2.47
22-03-2025,25.5,87.5,KATIHAR,BIHAR,D104,BARARI,2.14
23-03-2025,25.5,87.5,KATIHAR,BIHAR,D104,BARARI,2.13
24-03-2025,25.5,87.5,KATIHAR,BIHAR,D104,BARARI,1.89
25-03-2025,25.5,87.5,KATIHAR,BIHAR,D104,BARARI,2.26
26-03-2025,25.5,87.5,KATIHAR,BIHAR,D104,BARARI,2.16
27-03-2025,25.5,87.5,KATIHAR,BIHAR,D104,BARARI,2.03
28-03-2025,25.5,87.5,KATIHAR,BIHAR,D104,BARARI,1.93
29-03-2025,25.5,87.5,KATIHAR,BIHAR,D104,BARARI,1.67
30-03-2025,25.5,87.5,KATIHAR,BIHAR,D104,BARARI,1.9
31-03-2025,25.5,87.5,KATIHAR,BIHAR,D104,BARARI,2.4
01-04-2025,25.5,87.5,KATIHAR,BIHAR,D104,BARARI,2.44
02-04-2025,25.5,87.5,KATIHAR,BIHAR,D104,BARARI,2.35
03-04-2025,25.5,87.5,KATIHAR,BIHAR,D104,BARARI,2.01
04-04-2025,25.5,87.5,KATIHAR,BIHAR,D104,BARARI,2.61
05-04-2025,25.5,87.5,KATIHAR,BIHAR,D104,BARARI,2.4
06-04-2025,25.5,87.5,KATIHAR,BIHAR,D104,BARARI,2.32
07-04-2025,25.5,87.5,KATIHAR,BIHAR,D104,BARARI,2.04
08-04-2025,25.5,87.5,KATIHAR,BIHAR,D104,BARARI,1.98
09-04-2025,25.5,87.5,KATIHAR,BIHAR,D104,BARARI,2.36
10-04-2025,25.5,87.5,KATIHAR,BIHAR,D104,BARARI,2.85
11-04-2025,25.5,87.5,KATIHAR,BIHAR,D104,BARARI,2.27
12-04-2025,25.5,87.5,KATIHAR,BIHAR,D104,BARARI,2.03
13-04-2025,25.5,87.5,KATIHAR,BIHAR,D104,BARARI,2.2
14-04-2025,25.5,87.5,KATIHAR,BIHAR,D104,BARARI,1.77
15-04-2025,25.5,87.5,KATIHAR,BIHAR,D104,BARARI,2.24
16-04-2025,25.5,87.5,KATIHAR,BIHAR,D104,BARARI,1.84
17-04-2025,25.5,87.5,KATIHAR,BIHAR,D104,BARARI,2.33
18-04-2025,25.5,87.5,KATIHAR,BIHAR,D104,BARARI,2.16
19-04-2025,25.5,87.5,KATIHAR,BIHAR,D104,BARARI,2.41
20-04-2025,25.5,87.5,KATIHAR,BIHAR,D104,BARARI,2.36
21-04-2025,25.5,87.5,KATIHAR,BIHAR,D104,BARARI,2.46
22-04-2025,25.5,87.5,KATIHAR,BIHAR,D104,BARARI,2.34
23-04-2025,25.5,87.5,KATIHAR,BIHAR,D104,BARARI,2.35
24-04-2025,25.5,87.5,KATIHAR,BIHAR,D104,BARARI,2.99
25-04-2025,25.5,87.5,KATIHAR,BIHAR,D104,BARARI,3.2
26-04-2025,25.5,87.5,KATIHAR,BIHAR,D104,BARARI,2.97
27-04-2025,25.5,87.5,KATIHAR,BIHAR,D104,BARARI,2.32
28-04-2025,25.5,87.5,KATIHAR,BIHAR,D104,BARARI,2.5
29-04-2025,25.5,87.5,KATIHAR,BIHAR,D104,BARARI,2.18
30-04-2025,25.5,87.5,KATIHAR,BIHAR,D104,BARARI,2.38
01-05-2025,25.5,87.5,KATIHAR,BIHAR,D104,BARARI,2.45
02-05-2025,25.5,87.5,KATIHAR,BIHAR,D104,BARARI,2.26
03-05-2025,25.5,87.5,KATIHAR,BIHAR,D104,BARARI,2.32
04-05-2025,25.5,87.5,KATIHAR,BIHAR,D104,BARARI,2.39
05-05-2025,25.5,87.5,KATIHAR,BIHAR,D104,BARARI,1.78
06-05-2025,25.5,87.5,KATIHAR,BIHAR,D104,BARARI,1.8
07-05-2025,25.5,87.5,KATIHAR,BIHAR,D104,BARARI,2.09
08-05-2025,25.5,87.5,KATIHAR,BIHAR,D104,BARARI,2.03
09-05-2025,25.5,87.5,KATIHAR,BIHAR,D104,BARARI,2.26
10-05-2025,25.5,87.5,KATIHAR,BIHAR,D104,BARARI,2.17
11-05-2025,25.5,87.5,KATIHAR,BIHAR,D104,BARARI,2.26
12-05-2025,25.5,87.5,KATIHAR,BIHAR,D104,BARARI,2.11
13-05-2025,25.5,87.5,KATIHAR,BIHAR,D104,BARARI,2.12
14-05-2025,25.5,87.5,KATIHAR,BIHAR,D104,BARARI,2.27
15-05-2025,25.5,87.5,KATIHAR,BIHAR,D104,BARARI,1.97
16-05-2025,25.5,87.5,KATIHAR,BIHAR,D104,BARARI,1.97
17-05-2025,25.5,87.5,KATIHAR,BIHAR,D104,BARARI,1.61
18-05-2025,25.5,87.5,KATIHAR,BIHAR,D104,BARARI,1.5
19-05-2025,25.5,87.5,KATIHAR,BIHAR,D104,BARARI,1.76
20-05-2025,25.5,87.5,KATIHAR,BIHAR,D104,BARARI,2.05
21-05-2025,25.5,87.5,KATIHAR,BIHAR,D104,BARARI,2.25
22-05-2025,25.5,87.5,KATIHAR,BIHAR,D104,BARARI,2.09
23-05-2025,25.5,87.5,KATIHAR,BIHAR,D104,BARARI,2.02
24-05-2025,25.5,87.5,KATIHAR,BIHAR,D104,BARARI,2.36
25-05-2025,25.5,87.5,KATIHAR,BIHAR,D104,BARARI,2.39
26-05-2025,25.5,87.5,KATIHAR,BIHAR,D104,BARARI,2.04
27-05-2025,25.5,87.5,KATIHAR,BIHAR,D104,BARARI,2.26
28-05-2025,25.5,87.5,KATIHAR,BIHAR,D104,BARARI,2.66
29-05-2025,25.5,87.5,KATIHAR,BIHAR,D104,BARARI,2.13
30-05-2025,25.5,87.5,KATIHAR,BIHAR,D104,BARARI,2.23
31-05-2025,25.5,87.5,KATIHAR,BIHAR,D104,BARARI,2.41
01-06-2025,25.5,87.5,KATIHAR,BIHAR,D104,BARARI,2.07
02-06-2025,25.5,87.5,KATIHAR,BIHAR,D104,BARARI,1.93
03-06-2025,25.5,87.5,KATIHAR,BIHAR,D104,BARARI,1.95
04-06-2025,25.5,87.5,KATIHAR,BIHAR,D104,BARARI,2.13
05-06-2025,25.5,87.5,KATIHAR,BIHAR,D104,BARARI,2.06
06-06-2025,25.5,87.5,KATIHAR,BIHAR,D104,BARARI,1.68
07-06-2025,25.5,87.5,KATIHAR,BIHAR,D104,BARARI,2.11
08-06-2025,25.5,87.5,KATIHAR,BIHAR,D104,BARARI,2.15
09-06-2025,25.5,87.5,KATIHAR,BIHAR,D104,BARARI,2.07
10-06-2025,25.5,87.5,KATIHAR,BIHAR,D104,BARARI,2.04
11-06-2025,25.5,87.5,KATIHAR,BIHAR,D104,BARARI,1.75
12-06-2025,25.5,87.5,KATIHAR,BIHAR,D104,BARARI,1.98
13-06-2025,25.5,87.5,KATIHAR,BIHAR,D104,BARARI,1.81
14-06-2025,25.5,87.5,KATIHAR,BIHAR,D104,BARARI,2.37
15-06-2025,25.5,87.5,KATIHAR,BIHAR,D104,BARARI,2.02
16-06-2025,25.5,87.5,KATIHAR,BIHAR,D104,BARARI,1.96
17-06-2025,25.5,87.5,KATIHAR,BIHAR,D104,BARARI,1.74
18-06-2025,25.5,87.5,KATIHAR,BIHAR,D104,BARARI,2.23
19-06-2025,25.5,87.5,KATIHAR,BIHAR,D104,BARARI,2.46
20-06-2025,25.5,87.5,KATIHAR,BIHAR,D104,BARARI,1.92
21-06-2025,25.5,87.5,KATIHAR,BIHAR,D104,BARARI,1.62
22-06-2025,25.5,87.5,KATIHAR,BIHAR,D104,BARARI,1.52
23-06-2025,25.5,87.5,KATIHAR,BIHAR,D104,BARARI,1.58
24-06-2025,25.5,87.5,KATIHAR,BIHAR,D104,BARARI,1.79
25-06-2025,25.5,87.5,KATIHAR,BIHAR,D104,BARARI,1.75
26-06-2025,25.5,87.5,KATIHAR,BIHAR,D104,BARARI,1.6
27-06-2025,25.5,87.5,KATIHAR,BIHAR,D104,BARARI,1.51
28-06-2025,25.5,87.5,KATIHAR,BIHAR,D104,BARARI,1.58
29-06-2025,25.5,87.5,KATIHAR,BIHAR,D104,BARARI,1.78
30-06-2025,25.5,87.5,KATIHAR,BIHAR,D104,BARARI,1.75
01-07-2025,25.5,87.5,KATIHAR,BIHAR,D104,BARARI,1.6
02-07-2025,25.5,87.5,KATIHAR,BIHAR,D104,BARARI,1.47
03-07-2025,25.5,87.5,KATIHAR,BIHAR,D104,BARARI,1.22
04-07-2025,25.5,87.5,KATIHAR,BIHAR,D104,BARARI,1.34
05-07-2025,25.5,87.5,KATIHAR,BIHAR,D104,BARARI,1.68
06-07-2025,25.5,87.5,KATIHAR,BIHAR,D104,BARARI,1.5
07-07-2025,25.5,87.5,KATIHAR,BIHAR,D104,BARARI,1.16
08-07-2025,25.5,87.5,KATIHAR,BIHAR,D104,BARARI,1.28
09-07-2025,25.5,87.5,KATIHAR,BIHAR,D104,BARARI,1.31
10-07-2025,25.5,87.5,KATIHAR,BIHAR,D104,BARARI,1.43
11-07-2025,25.5,87.5,KATIHAR,BIHAR,D104,BARARI,1.38
12-07-2025,25.5,87.5,KATIHAR,BIHAR,D104,BARARI,1.65
13-07-2025,25.5,87.5,KATIHAR,BIHAR,D104,BARARI,1.72
14-07-2025,25.5,87.5,KATIHAR,BIHAR,D104,BARARI,1.63
15-07-2025,25.5,87.5,KATIHAR,BIHAR,D104,BARARI,1.71
16-07-2025,25.5,87.5,KATIHAR,BIHAR,D104,BARARI,1.66
17-07-2025,25.5,87.5,KATIHAR,BIHAR,D104,BARARI,1.55
18-07-2025,25.5,87.5,KATIHAR,BIHAR,D104,BARARI,1.52
19-07-2025,25.5,87.5,KATIHAR,BIHAR,D104,BARARI,1.83
20-07-2025,25.5,87.5,KATIHAR,BIHAR,D104,BARARI,1.61
21-07-2025,25.5,87.5,KATIHAR,BIHAR,D104,BARARI,1.52
22-07-2025,25.5,87.5,KATIHAR,BIHAR,D104,BARARI,1.54
23-07-2025,25.5,87.5,KATIHAR,BIHAR,D104,BARARI,1.79
24-07-2025,25.5,87.5,KATIHAR,BIHAR,D104,BARARI,1.41
25-07-2025,25.5,87.5,KATIHAR,BIHAR,D104,BARARI,1.67
26-07-2025,25.5,87.5,KATIHAR,BIHAR,D104,BARARI,1.64
27-07-2025,25.5,87.5,KATIHAR,BIHAR,D104,BARARI,1.69
28-07-2025,25.5,87.5,KATIHAR,BIHAR,D104,BARARI,1.37
29-07-2025,25.5,87.5,KATIHAR,BIHAR,D104,BARARI,1.15
30-07-2025,25.5,87.5,KATIHAR,BIHAR,D104,BARARI,1.32
31-07-2025,25.5,87.5,KATIHAR,BIHAR,D104,BARARI,1.39
01-08-2025,25.5,87.5,KATIHAR,BIHAR,D104,BARARI,1.54
02-08-2025,25.5,87.5,KATIHAR,BIHAR,D104,BARARI,1.3
03-08-2025,25.5,87.5,KATIHAR,BIHAR,D104,BARARI,1.37
04-08-2025,25.5,87.5,KATIHAR,BIHAR,D104,BARARI,1.16
05-08-2025,25.5,87.5,KATIHAR,BIHAR,D104,BARARI,1.37
06-08-2025,25.5,87.5,KATIHAR,BIHAR,D104,BARARI,1.25
07-08-2025,25.5,87.5,KATIHAR,BIHAR,D104,BARARI,1.17
08-08-2025,25.5,87.5,KATIHAR,BIHAR,D104,BARARI,1.43
09-08-2025,25.5,87.5,KATIHAR,BIHAR,D104,BARARI,1.21
10-08-2025,25.5,87.5,KATIHAR,BIHAR,D104,BARARI,1.31
11-08-2025,25.5,87.5,KATIHAR,BIHAR,D104,BARARI,1.47
12-08-2025,25.5,87.5,KATIHAR,BIHAR,D104,BARARI,1.55
13-08-2025,25.5,87.5,KATIHAR,BIHAR,D104,BARARI,1.5
14-08-2025,25.5,87.5,KATIHAR,BIHAR,D104,BARARI,1.68
15-08-2025,25.5,87.5,KATIHAR,BIHAR,D104,BARARI,1.37
16-08-2025,25.5,87.5,KATIHAR,BIHAR,D104,BARARI,1.67
17-08-2025,25.5,87.5,KATIHAR,BIHAR,D104,BARARI,1.82
18-08-2025,25.5,87.5,KATIHAR,BIHAR,D104,BARARI,1.7
19-08-2025,25.5,87.5,KATIHAR,BIHAR,D104,BARARI,1.47
20-08-2025,25.5,87.5,KATIHAR,BIHAR,D104,BARARI,1.51
21-08-2025,25.5,87.5,KATIHAR,BIHAR,D104,BARARI,1.65
22-08-2025,25.5,87.5,KATIHAR,BIHAR,D104,BARARI,1.45
23-08-2025,25.5,87.5,KATIHAR,BIHAR,D104,BARARI,1.15
24-08-2025,25.5,87.5,KATIHAR,BIHAR,D104,BARARI,1.19
25-08-2025,25.5,87.5,KATIHAR,BIHAR,D104,BARARI,1.37
26-08-2025,25.5,87.5,KATIHAR,BIHAR,D104,BARARI,1.45
27-08-2025,25.5,87.5,KATIHAR,BIHAR,D104,BARARI,1.36
28-08-2025,25.5,87.5,KATIHAR,BIHAR,D104,BARARI,1.31
29-08-2025,25.5,87.5,KATIHAR,BIHAR,D104,BARARI,1.07
30-08-2025,25.5,87.5,KATIHAR,BIHAR,D104,BARARI,1.35
31-08-2025,25.5,87.5,KATIHAR,BIHAR,D104,BARARI,1.42
01-09-2025,25.5,87.5,KATIHAR,BIHAR,D104,BARARI,1.57
02-09-2025,25.5,87.5,KATIHAR,BIHAR,D104,BARARI,1.69
03-09-2025,25.5,87.5,KATIHAR,BIHAR,D104,BARARI,1.42
04-09-2025,25.5,87.5,KATIHAR,BIHAR,D104,BARARI,1.27
05-09-2025,25.5,87.5,KATIHAR,BIHAR,D104,BARARI,1.49
06-09-2025,25.5,87.5,KATIHAR,BIHAR,D104,BARARI,1.51
07-09-2025,25.5,87.5,KATIHAR,BIHAR,D104,BARARI,1.4
08-09-2025,25.5,87.5,KATIHAR,BIHAR,D104,BARARI,1.24
09-09-2025,25.5,87.5,KATIHAR,BIHAR,D104,BARARI,1.33
10-09-2025,25.5,87.5,KATIHAR,BIHAR,D104,BARARI,1.47
11-09-2025,25.5,87.5,KATIHAR,BIHAR,D104,BARARI,1.42
12-09-2025,25.5,87.5,KATIHAR,BIHAR,D104,BARARI,1.78
13-09-2025,25.5,87.5,KATIHAR,BIHAR,D104,BARARI,1.71
14-09-2025,25.5,87.5,KATIHAR,BIHAR,D104,BARARI,1.71
15-09-2025,25.5,87.5,KATIHAR,BIHAR,D104,BARARI,1.61
16-09-2025,25.5,87.5,KATIHAR,BIHAR,D104,BARARI,1.68
17-09-2025,25.5,87.5,KATIHAR,BIHAR,D104,BARARI,1.83
18-09-2025,25.5,87.5,KATIHAR,BIHAR,D104,BARARI,2.06
19-09-2025,25.5,87.5,KATIHAR,BIHAR,D104,BARARI,1.69
20-09-2025,25.5,87.5,KATIHAR,BIHAR,D104,BARARI,1.61
21-09-2025,25.5,87.5,KATIHAR,BIHAR,D104,BARARI,2.05
22-09-2025,25.5,87.5,KATIHAR,BIHAR,D104,BARARI,1.95
23-09-2025,25.5,87.5,KATIHAR,BIHAR,D104,BARARI,1.97
24-09-2025,25.5,87.5,KATIHAR,BIHAR,D104,BARARI,2.05
25-09-2025,25.5,87.5,KATIHAR,BIHAR,D104,BARARI,2.07
26-09-2025,25.5,87.5,KATIHAR,BIHAR,D104,BARARI,2.25
27-09-2025,25.5,87.5,KATIHAR,BIHAR,D104,BARARI,1.98
28-09-2025,25.5,87.5,KATIHAR,BIHAR,D104,BARARI,2.1
29-09-2025,25.5,87.5,KATIHAR,BIHAR,D104,BARARI,2.19
30-09-2025,25.5,87.5,KATIHAR,BIHAR,D104,BARARI,2.01
01-10-2025,25.5,87.5,KATIHAR,BIHAR,D104,BARARI,1.35
02-10-2025,25.5,87.5,KATIHAR,BIHAR,D104,BARARI,1.35
03-10-2025,25.5,87.5,KATIHAR,BIHAR,D104,BARARI,1.28
04-10-2025,25.5,87.5,KATIHAR,BIHAR,D104,BARARI,1.73
05-10-2025,25.5,87.5,KATIHAR,BIHAR,D104,BARARI,1.93
06-10-2025,25.5,87.5,KATIHAR,BIHAR,D104,BARARI,1.79
07-10-2025,25.5,87.5,KATIHAR,BIHAR,D104,BARARI,1.78
08-10-2025,25.5,87.5,KATIHAR,BIHAR,D104,BARARI,2.02
09-10-2025,25.5,87.5,KATIHAR,BIHAR,D104,BARARI,1.91
10-10-2025,25.5,87.5,KATIHAR,BIHAR,D104,BARARI,1.71
11-10-2025,25.5,87.5,KATIHAR,BIHAR,D104,BARARI,1.45
12-10-2025,25.5,87.5,KATIHAR,BIHAR,D104,BARARI,1.5
13-10-2025,25.5,87.5,KATIHAR,BIHAR,D104,BARARI,1.31
14-10-2025,25.5,87.5,KATIHAR,BIHAR,D104,BARARI,1.36
15-10-2025,25.5,87.5,KATIHAR,BIHAR,D104,BARARI,1.56
16-10-2025,25.5,87.5,KATIHAR,BIHAR,D104,BARARI,1.3
17-10-2025,25.5,87.5,KATIHAR,BIHAR,D104,BARARI,1.34
18-10-2025,25.5,87.5,KATIHAR,BIHAR,D104,BARARI,1.15
19-10-2025,25.5,87.5,KATIHAR,BIHAR,D104,BARARI,1.94
20-10-2025,25.5,87.5,KATIHAR,BIHAR,D104,BARARI,1.72
21-10-2025,25.5,87.5,KATIHAR,BIHAR,D104,BARARI,1.67
22-10-2025,25.5,87.5,KATIHAR,BIHAR,D104,BARARI,1.77
23-10-2025,25.5,87.5,KATIHAR,BIHAR,D104,BARARI,1.45
24-10-2025,25.5,87.5,KATIHAR,BIHAR,D104,BARARI,1.4
25-10-2025,25.5,87.5,KATIHAR,BIHAR,D104,BARARI,2.01
26-10-2025,25.5,87.5,KATIHAR,BIHAR,D104,BARARI,1.95
27-10-2025,25.5,87.5,KATIHAR,BIHAR,D104,BARARI,1.68
28-10-2025,25.5,87.5,KATIHAR,BIHAR,D104,BARARI,1.24
29-10-2025,25.5,87.5,KATIHAR,BIHAR,D104,BARARI,1.52
30-10-2025,25.5,87.5,KATIHAR,BIHAR,D104,BARARI,1.75
31-10-2025,25.5,87.5,KATIHAR,BIHAR,D104,BARARI,1.62
01-11-2025,25.5,87.5,KATIHAR,BIHAR,D104,BARARI,1.7
02-11-2025,25.5,87.5,KATIHAR,BIHAR,D104,BARARI,1.36
03-11-2025,25.5,87.5,KATIHAR,BIHAR,D104,BARARI,1.16
04-11-2025,25.5,87.5,KATIHAR,BIHAR,D104,BARARI,1.23
05-11-2025,25.5,87.5,KATIHAR,BIHAR,D104,BARARI,1.19
06-11-2025,25.5,87.5,KATIHAR,BIHAR,D104,BARARI,1.15
07-11-2025,25.5,87.5,KATIHAR,BIHAR,D104,BARARI,1.1
08-11-2025,25.5,87.5,KATIHAR,BIHAR,D104,BARARI,0.94
09-11-2025,25.5,87.5,KATIHAR,BIHAR,D104,BARARI,1.04
10-11-2025,25.5,87.5,KATIHAR,BIHAR,D104,BARARI,1.01
11-11-2025,25.5,87.5,KATIHAR,BIHAR,D104,BARARI,1.27
12-11-2025,25.5,87.5,KATIHAR,BIHAR,D104,BARARI,1.22
13-11-2025,25.5,87.5,KATIHAR,BIHAR,D104,BARARI,1.22
14-11-2025,25.5,87.5,KATIHAR,BIHAR,D104,BARARI,1.08
15-11-2025,25.5,87.5,KATIHAR,BIHAR,D104,BARARI,1.01
16-11-2025,25.5,87.5,KATIHAR,BIHAR,D104,BARARI,1.19
17-11-2025,25.5,87.5,KATIHAR,BIHAR,D104,BARARI,1.24
18-11-2025,25.5,87.5,KATIHAR,BIHAR,D104,BARARI,0.93
19-11-2025,25.5,87.5,KATIHAR,BIHAR,D104,BARARI,0.87
20-11-2025,25.5,87.5,KATIHAR,BIHAR,D104,BARARI,1.14
21-11-2025,25.5,87.5,KATIHAR,BIHAR,D104,BARARI,0.95
22-11-2025,25.5,87.5,KATIHAR,BIHAR,D104,BARARI,1.03
23-11-2025,25.5,87.5,KATIHAR,BIHAR,D104,BARARI,0.89
24-11-2025,25.5,87.5,KATIHAR,BIHAR,D104,BARARI,0.92
25-11-2025,25.5,87.5,KATIHAR,BIHAR,D104,BARARI,1
26-11-2025,25.5,87.5,KATIHAR,BIHAR,D104,BARARI,0.91
27-11-2025,25.5,87.5,KATIHAR,BIHAR,D104,BARARI,1.18
28-11-2025,25.5,87.5,KATIHAR,BIHAR,D104,BARARI,1.07
29-11-2025,25.5,87.5,KATIHAR,BIHAR,D104,BARARI,1.09
30-11-2025,25.5,87.5,KATIHAR,BIHAR,D104,BARARI,1.1
01-12-2025,25.5,87.5,KATIHAR,BIHAR,D104,BARARI,1.18
02-12-2025,25.5,87.5,KATIHAR,BIHAR,D104,BARARI,1.18
03-12-2025,25.5,87.5,KATIHAR,BIHAR,D104,BARARI,1.13
04-12-2025,25.5,87.5,KATIHAR,BIHAR,D104,BARARI,1.11
05-12-2025,25.5,87.5,KATIHAR,BIHAR,D104,BARARI,0.99
06-12-2025,25.5,87.5,KATIHAR,BIHAR,D104,BARARI,1.02
07-12-2025,25.5,87.5,KATIHAR,BIHAR,D104,BARARI,1.32
08-12-2025,25.5,87.5,KATIHAR,BIHAR,D104,BARARI,1.13
09-12-2025,25.5,87.5,KATIHAR,BIHAR,D104,BARARI,1.42
10-12-2025,25.5,87.5,KATIHAR,BIHAR,D104,BARARI,1.78
11-12-2025,25.5,87.5,KATIHAR,BIHAR,D104,BARARI,2.04
12-12-2025,25.5,87.5,KATIHAR,BIHAR,D104,BARARI,1.44
13-12-2025,25.5,87.5,KATIHAR,BIHAR,D104,BARARI,1.64
14-12-2025,25.5,87.5,KATIHAR,BIHAR,D104,BARARI,1.79
15-12-2025,25.5,87.5,KATIHAR,BIHAR,D104,BARARI,1.59
16-12-2025,25.5,87.5,KATIHAR,BIHAR,D104,BARARI,1.39
17-12-2025,25.5,87.5,KATIHAR,BIHAR,D104,BARARI,1.82
18-12-2025,25.5,87.5,KATIHAR,BIHAR,D104,BARARI,2.02
19-12-2025,25.5,87.5,KATIHAR,BIHAR,D104,BARARI,1.84
20-12-2025,25.5,87.5,KATIHAR,BIHAR,D104,BARARI,2.23
21-12-2025,25.5,87.5,KATIHAR,BIHAR,D104,BARARI,2.27
22-12-2025,25.5,87.5,KATIHAR,BIHAR,D104,BARARI,2.21
23-12-2025,25.5,87.5,KATIHAR,BIHAR,D104,BARARI,1.96
24-12-2025,25.5,87.5,KATIHAR,BIHAR,D104,BARARI,1.71
25-12-2025,25.5,87.5,KATIHAR,BIHAR,D104,BARARI,2.02
26-12-2025,25.5,87.5,KATIHAR,BIHAR,D104,BARARI,1.89
27-12-2025,25.5,87.5,KATIHAR,BIHAR,D104,BARARI,2.06
28-12-2025,25.5,87.5,KATIHAR,BIHAR,D104,BARARI,1.99
29-12-2025,25.5,87.5,KATIHAR,BIHAR,D104,BARARI,2.33
30-12-2025,25.5,87.5,KATIHAR,BIHAR,D104,BARARI,1.96
31-12-2025,25.5,87.5,KATIHAR,BIHAR,D104,BARARI,1.97
01-01-2025,25.5,86.5,KHAGARIA,BIHAR,D105,GOGRI,2.29
02-01-2025,25.5,86.5,KHAGARIA,BIHAR,D105,GOGRI,2.47
03-01-2025,25.5,86.5,KHAGARIA,BIHAR,D105,GOGRI,2.3
04-01-2025,25.5,86.5,KHAGARIA,BIHAR,D105,GOGRI,2.39
05-01-2025,25.5,86.5,KHAGARIA,BIHAR,D105,GOGRI,2.41
06-01-2025,25.5,86.5,KHAGARIA,BIHAR,D105,GOGRI,2.68
07-01-2025,25.5,86.5,KHAGARIA,BIHAR,D105,GOGRI,2.62
08-01-2025,25.5,86.5,KHAGARIA,BIHAR,D105,GOGRI,2.71
09-01-2025,25.5,86.5,KHAGARIA,BIHAR,D105,GOGRI,2.45
10-01-2025,25.5,86.5,KHAGARIA,BIHAR,D105,GOGRI,2.81
11-01-2025,25.5,86.5,KHAGARIA,BIHAR,D105,GOGRI,2.75
12-01-2025,25.5,86.5,KHAGARIA,BIHAR,D105,GOGRI,2.36
13-01-2025,25.5,86.5,KHAGARIA,BIHAR,D105,GOGRI,2.15
14-01-2025,25.5,86.5,KHAGARIA,BIHAR,D105,GOGRI,2.35
15-01-2025,25.5,86.5,KHAGARIA,BIHAR,D105,GOGRI,2.62
16-01-2025,25.5,86.5,KHAGARIA,BIHAR,D105,GOGRI,2.71
17-01-2025,25.5,86.5,KHAGARIA,BIHAR,D105,GOGRI,2.77
18-01-2025,25.5,86.5,KHAGARIA,BIHAR,D105,GOGRI,2.77
19-01-2025,25.5,86.5,KHAGARIA,BIHAR,D105,GOGRI,2.57
20-01-2025,25.5,86.5,KHAGARIA,BIHAR,D105,GOGRI,2.08
21-01-2025,25.5,86.5,KHAGARIA,BIHAR,D105,GOGRI,2.08
22-01-2025,25.5,86.5,KHAGARIA,BIHAR,D105,GOGRI,2.22
23-01-2025,25.5,86.5,KHAGARIA,BIHAR,D105,GOGRI,2.56
24-01-2025,25.5,86.5,KHAGARIA,BIHAR,D105,GOGRI,2.61
25-01-2025,25.5,86.5,KHAGARIA,BIHAR,D105,GOGRI,2.37
26-01-2025,25.5,86.5,KHAGARIA,BIHAR,D105,GOGRI,2.12
27-01-2025,25.5,86.5,KHAGARIA,BIHAR,D105,GOGRI,2.15
28-01-2025,25.5,86.5,KHAGARIA,BIHAR,D105,GOGRI,1.8
29-01-2025,25.5,86.5,KHAGARIA,BIHAR,D105,GOGRI,2.18
30-01-2025,25.5,86.5,KHAGARIA,BIHAR,D105,GOGRI,2.34
31-01-2025,25.5,86.5,KHAGARIA,BIHAR,D105,GOGRI,2.08
01-02-2025,25.5,86.5,KHAGARIA,BIHAR,D105,GOGRI,1.96
02-02-2025,25.5,86.5,KHAGARIA,BIHAR,D105,GOGRI,2.07
03-02-2025,25.5,86.5,KHAGARIA,BIHAR,D105,GOGRI,1.93
04-02-2025,25.5,86.5,KHAGARIA,BIHAR,D105,GOGRI,2.09
05-02-2025,25.5,86.5,KHAGARIA,BIHAR,D105,GOGRI,2.11
06-02-2025,25.5,86.5,KHAGARIA,BIHAR,D105,GOGRI,2.11
07-02-2025,25.5,86.5,KHAGARIA,BIHAR,D105,GOGRI,1.96
08-02-2025,25.5,86.5,KHAGARIA,BIHAR,D105,GOGRI,2.02
09-02-2025,25.5,86.5,KHAGARIA,BIHAR,D105,GOGRI,1.78
10-02-2025,25.5,86.5,KHAGARIA,BIHAR,D105,GOGRI,1.63
11-02-2025,25.5,86.5,KHAGARIA,BIHAR,D105,GOGRI,1.87
12-02-2025,25.5,86.5,KHAGARIA,BIHAR,D105,GOGRI,1.84
13-02-2025,25.5,86.5,KHAGARIA,BIHAR,D105,GOGRI,2.25
14-02-2025,25.5,86.5,KHAGARIA,BIHAR,D105,GOGRI,2.42
15-02-2025,25.5,86.5,KHAGARIA,BIHAR,D105,GOGRI,2.38
16-02-2025,25.5,86.5,KHAGARIA,BIHAR,D105,GOGRI,2.2
17-02-2025,25.5,86.5,KHAGARIA,BIHAR,D105,GOGRI,2.15
18-02-2025,25.5,86.5,KHAGARIA,BIHAR,D105,GOGRI,2
19-02-2025,25.5,86.5,KHAGARIA,BIHAR,D105,GOGRI,1.7
20-02-2025,25.5,86.5,KHAGARIA,BIHAR,D105,GOGRI,2.25
21-02-2025,25.5,86.5,KHAGARIA,BIHAR,D105,GOGRI,1.88
22-02-2025,25.5,86.5,KHAGARIA,BIHAR,D105,GOGRI,2.05
23-02-2025,25.5,86.5,KHAGARIA,BIHAR,D105,GOGRI,1.77
24-02-2025,25.5,86.5,KHAGARIA,BIHAR,D105,GOGRI,1.52
25-02-2025,25.5,86.5,KHAGARIA,BIHAR,D105,GOGRI,2.05
26-02-2025,25.5,86.5,KHAGARIA,BIHAR,D105,GOGRI,2.3
27-02-2025,25.5,86.5,KHAGARIA,BIHAR,D105,GOGRI,2.07
28-02-2025,25.5,86.5,KHAGARIA,BIHAR,D105,GOGRI,2.35
29-02-2025,25.5,86.5,KHAGARIA,BIHAR,D105,GOGRI,2.21
01-03-2025,25.5,86.5,KHAGARIA,BIHAR,D105,GOGRI,2.2
02-03-2025,25.5,86.5,KHAGARIA,BIHAR,D105,GOGRI,1.95
03-03-2025,25.5,86.5,KHAGARIA,BIHAR,D105,GOGRI,1.83
04-03-2025,25.5,86.5,KHAGARIA,BIHAR,D105,GOGRI,1.93
05-03-2025,25.5,86.5,KHAGARIA,BIHAR,D105,GOGRI,2.07
06-03-2025,25.5,86.5,KHAGARIA,BIHAR,D105,GOGRI,2.28
07-03-2025,25.5,86.5,KHAGARIA,BIHAR,D105,GOGRI,2.22
08-03-2025,25.5,86.5,KHAGARIA,BIHAR,D105,GOGRI,2.07
09-03-2025,25.5,86.5,KHAGARIA,BIHAR,D105,GOGRI,1.94
10-03-2025,25.5,86.5,KHAGARIA,BIHAR,D105,GOGRI,2
11-03-2025,25.5,86.5,KHAGARIA,BIHAR,D105,GOGRI,2.29
12-03-2025,25.5,86.5,KHAGARIA,BIHAR,D105,GOGRI,1.87
13-03-2025,25.5,86.5,KHAGARIA,BIHAR,D105,GOGRI,2.49
14-03-2025,25.5,86.5,KHAGARIA,BIHAR,D105,GOGRI,2.52
15-03-2025,25.5,86.5,KHAGARIA,BIHAR,D105,GOGRI,1.77
16-03-2025,25.5,86.5,KHAGARIA,BIHAR,D105,GOGRI,1.92
17-03-2025,25.5,86.5,KHAGARIA,BIHAR,D105,GOGRI,1.85
18-03-2025,25.5,86.5,KHAGARIA,BIHAR,D105,GOGRI,1.71
19-03-2025,25.5,86.5,KHAGARIA,BIHAR,D105,GOGRI,2.26
20-03-2025,25.5,86.5,KHAGARIA,BIHAR,D105,GOGRI,2.76
21-03-2025,25.5,86.5,KHAGARIA,BIHAR,D105,GOGRI,2.62
22-03-2025,25.5,86.5,KHAGARIA,BIHAR,D105,GOGRI,2.2
23-03-2025,25.5,86.5,KHAGARIA,BIHAR,D105,GOGRI,2.02
24-03-2025,25.5,86.5,KHAGARIA,BIHAR,D105,GOGRI,1.86
25-03-2025,25.5,86.5,KHAGARIA,BIHAR,D105,GOGRI,2.14
26-03-2025,25.5,86.5,KHAGARIA,BIHAR,D105,GOGRI,2.23
27-03-2025,25.5,86.5,KHAGARIA,BIHAR,D105,GOGRI,1.94
28-03-2025,25.5,86.5,KHAGARIA,BIHAR,D105,GOGRI,1.77
29-03-2025,25.5,86.5,KHAGARIA,BIHAR,D105,GOGRI,1.49
30-03-2025,25.5,86.5,KHAGARIA,BIHAR,D105,GOGRI,1.66
31-03-2025,25.5,86.5,KHAGARIA,BIHAR,D105,GOGRI,2.32
01-04-2025,25.5,86.5,KHAGARIA,BIHAR,D105,GOGRI,2.33
02-04-2025,25.5,86.5,KHAGARIA,BIHAR,D105,GOGRI,2.1
03-04-2025,25.5,86.5,KHAGARIA,BIHAR,D105,GOGRI,1.88
04-04-2025,25.5,86.5,KHAGARIA,BIHAR,D105,GOGRI,2.61
05-04-2025,25.5,86.5,KHAGARIA,BIHAR,D105,GOGRI,2.53
06-04-2025,25.5,86.5,KHAGARIA,BIHAR,D105,GOGRI,2.32
07-04-2025,25.5,86.5,KHAGARIA,BIHAR,D105,GOGRI,1.98
08-04-2025,25.5,86.5,KHAGARIA,BIHAR,D105,GOGRI,1.9
09-04-2025,25.5,86.5,KHAGARIA,BIHAR,D105,GOGRI,2.36
10-04-2025,25.5,86.5,KHAGARIA,BIHAR,D105,GOGRI,2.64
11-04-2025,25.5,86.5,KHAGARIA,BIHAR,D105,GOGRI,2.33
12-04-2025,25.5,86.5,KHAGARIA,BIHAR,D105,GOGRI,2.11
13-04-2025,25.5,86.5,KHAGARIA,BIHAR,D105,GOGRI,2.13
14-04-2025,25.5,86.5,KHAGARIA,BIHAR,D105,GOGRI,1.84
15-04-2025,25.5,86.5,KHAGARIA,BIHAR,D105,GOGRI,2.2
16-04-2025,25.5,86.5,KHAGARIA,BIHAR,D105,GOGRI,1.79
17-04-2025,25.5,86.5,KHAGARIA,BIHAR,D105,GOGRI,2.15
18-04-2025,25.5,86.5,KHAGARIA,BIHAR,D105,GOGRI,2.18
19-04-2025,25.5,86.5,KHAGARIA,BIHAR,D105,GOGRI,2.45
20-04-2025,25.5,86.5,KHAGARIA,BIHAR,D105,GOGRI,2.61
21-04-2025,25.5,86.5,KHAGARIA,BIHAR,D105,GOGRI,2.68
22-04-2025,25.5,86.5,KHAGARIA,BIHAR,D105,GOGRI,2.46
23-04-2025,25.5,86.5,KHAGARIA,BIHAR,D105,GOGRI,2.38
24-04-2025,25.5,86.5,KHAGARIA,BIHAR,D105,GOGRI,2.88
25-04-2025,25.5,86.5,KHAGARIA,BIHAR,D105,GOGRI,3.14
26-04-2025,25.5,86.5,KHAGARIA,BIHAR,D105,GOGRI,3.22
27-04-2025,25.5,86.5,KHAGARIA,BIHAR,D105,GOGRI,2.63
28-04-2025,25.5,86.5,KHAGARIA,BIHAR,D105,GOGRI,2.91
29-04-2025,25.5,86.5,KHAGARIA,BIHAR,D105,GOGRI,2.52
30-04-2025,25.5,86.5,KHAGARIA,BIHAR,D105,GOGRI,2.64
01-05-2025,25.5,86.5,KHAGARIA,BIHAR,D105,GOGRI,2.85
02-05-2025,25.5,86.5,KHAGARIA,BIHAR,D105,GOGRI,2.36
03-05-2025,25.5,86.5,KHAGARIA,BIHAR,D105,GOGRI,2.3
04-05-2025,25.5,86.5,KHAGARIA,BIHAR,D105,GOGRI,2.38
05-05-2025,25.5,86.5,KHAGARIA,BIHAR,D105,GOGRI,2.03
06-05-2025,25.5,86.5,KHAGARIA,BIHAR,D105,GOGRI,1.89
07-05-2025,25.5,86.5,KHAGARIA,BIHAR,D105,GOGRI,2.23
08-05-2025,25.5,86.5,KHAGARIA,BIHAR,D105,GOGRI,2.11
09-05-2025,25.5,86.5,KHAGARIA,BIHAR,D105,GOGRI,2.55
10-05-2025,25.5,86.5,KHAGARIA,BIHAR,D105,GOGRI,2.24
11-05-2025,25.5,86.5,KHAGARIA,BIHAR,D105,GOGRI,2.36
12-05-2025,25.5,86.5,KHAGARIA,BIHAR,D105,GOGRI,2.38
13-05-2025,25.5,86.5,KHAGARIA,BIHAR,D105,GOGRI,2.32
14-05-2025,25.5,86.5,KHAGARIA,BIHAR,D105,GOGRI,2.42
15-05-2025,25.5,86.5,KHAGARIA,BIHAR,D105,GOGRI,1.98
16-05-2025,25.5,86.5,KHAGARIA,BIHAR,D105,GOGRI,2.12
17-05-2025,25.5,86.5,KHAGARIA,BIHAR,D105,GOGRI,1.83
18-05-2025,25.5,86.5,KHAGARIA,BIHAR,D105,GOGRI,1.57
19-05-2025,25.5,86.5,KHAGARIA,BIHAR,D105,GOGRI,1.94
20-05-2025,25.5,86.5,KHAGARIA,BIHAR,D105,GOGRI,2.65
21-05-2025,25.5,86.5,KHAGARIA,BIHAR,D105,GOGRI,2.61
22-05-2025,25.5,86.5,KHAGARIA,BIHAR,D105,GOGRI,2.51
23-05-2025,25.5,86.5,KHAGARIA,BIHAR,D105,GOGRI,2.33
24-05-2025,25.5,86.5,KHAGARIA,BIHAR,D105,GOGRI,2.48
25-05-2025,25.5,86.5,KHAGARIA,BIHAR,D105,GOGRI,2.68
26-05-2025,25.5,86.5,KHAGARIA,BIHAR,D105,GOGRI,2.38
27-05-2025,25.5,86.5,KHAGARIA,BIHAR,D105,GOGRI,2.72
28-05-2025,25.5,86.5,KHAGARIA,BIHAR,D105,GOGRI,2.96
29-05-2025,25.5,86.5,KHAGARIA,BIHAR,D105,GOGRI,2.62
30-05-2025,25.5,86.5,KHAGARIA,BIHAR,D105,GOGRI,2.59
31-05-2025,25.5,86.5,KHAGARIA,BIHAR,D105,GOGRI,2.85
01-06-2025,25.5,86.5,KHAGARIA,BIHAR,D105,GOGRI,2.25
02-06-2025,25.5,86.5,KHAGARIA,BIHAR,D105,GOGRI,2.01
03-06-2025,25.5,86.5,KHAGARIA,BIHAR,D105,GOGRI,2.03
04-06-2025,25.5,86.5,KHAGARIA,BIHAR,D105,GOGRI,2.27
05-06-2025,25.5,86.5,KHAGARIA,BIHAR,D105,GOGRI,2.13
06-06-2025,25.5,86.5,KHAGARIA,BIHAR,D105,GOGRI,1.91
07-06-2025,25.5,86.5,KHAGARIA,BIHAR,D105,GOGRI,2.42
08-06-2025,25.5,86.5,KHAGARIA,BIHAR,D105,GOGRI,2.56
09-06-2025,25.5,86.5,KHAGARIA,BIHAR,D105,GOGRI,2.38
10-06-2025,25.5,86.5,KHAGARIA,BIHAR,D105,GOGRI,2.06
11-06-2025,25.5,86.5,KHAGARIA,BIHAR,D105,GOGRI,1.91
12-06-2025,25.5,86.5,KHAGARIA,BIHAR,D105,GOGRI,2.11
13-06-2025,25.5,86.5,KHAGARIA,BIHAR,D105,GOGRI,2.08
14-06-2025,25.5,86.5,KHAGARIA,BIHAR,D105,GOGRI,2.76
15-06-2025,25.5,86.5,KHAGARIA,BIHAR,D105,GOGRI,2.64
16-06-2025,25.5,86.5,KHAGARIA,BIHAR,D105,GOGRI,2.5
17-06-2025,25.5,86.5,KHAGARIA,BIHAR,D105,GOGRI,2.28
18-06-2025,25.5,86.5,KHAGARIA,BIHAR,D105,GOGRI,2.55
19-06-2025,25.5,86.5,KHAGARIA,BIHAR,D105,GOGRI,2.87
20-06-2025,25.5,86.5,KHAGARIA,BIHAR,D105,GOGRI,2.29
21-06-2025,25.5,86.5,KHAGARIA,BIHAR,D105,GOGRI,2.1
22-06-2025,25.5,86.5,KHAGARIA,BIHAR,D105,GOGRI,1.75
23-06-2025,25.5,86.5,KHAGARIA,BIHAR,D105,GOGRI,1.69
24-06-2025,25.5,86.5,KHAGARIA,BIHAR,D105,GOGRI,1.82
25-06-2025,25.5,86.5,KHAGARIA,BIHAR,D105,GOGRI,1.93
26-06-2025,25.5,86.5,KHAGARIA,BIHAR,D105,GOGRI,1.72
27-06-2025,25.5,86.5,KHAGARIA,BIHAR,D105,GOGRI,1.62
28-06-2025,25.5,86.5,KHAGARIA,BIHAR,D105,GOGRI,1.72
29-06-2025,25.5,86.5,KHAGARIA,BIHAR,D105,GOGRI,2.09
30-06-2025,25.5,86.5,KHAGARIA,BIHAR,D105,GOGRI,1.88
01-07-2025,25.5,86.5,KHAGARIA,BIHAR,D105,GOGRI,1.62
02-07-2025,25.5,86.5,KHAGARIA,BIHAR,D105,GOGRI,1.41
03-07-2025,25.5,86.5,KHAGARIA,BIHAR,D105,GOGRI,1.24
04-07-2025,25.5,86.5,KHAGARIA,BIHAR,D105,GOGRI,1.48
05-07-2025,25.5,86.5,KHAGARIA,BIHAR,D105,GOGRI,1.74
06-07-2025,25.5,86.5,KHAGARIA,BIHAR,D105,GOGRI,1.39
07-07-2025,25.5,86.5,KHAGARIA,BIHAR,D105,GOGRI,1.19
08-07-2025,25.5,86.5,KHAGARIA,BIHAR,D105,GOGRI,1.41
09-07-2025,25.5,86.5,KHAGARIA,BIHAR,D105,GOGRI,1.28
10-07-2025,25.5,86.5,KHAGARIA,BIHAR,D105,GOGRI,1.61
11-07-2025,25.5,86.5,KHAGARIA,BIHAR,D105,GOGRI,1.68
12-07-2025,25.5,86.5,KHAGARIA,BIHAR,D105,GOGRI,1.64
13-07-2025,25.5,86.5,KHAGARIA,BIHAR,D105,GOGRI,1.79
14-07-2025,25.5,86.5,KHAGARIA,BIHAR,D105,GOGRI,1.62
15-07-2025,25.5,86.5,KHAGARIA,BIHAR,D105,GOGRI,1.63
16-07-2025,25.5,86.5,KHAGARIA,BIHAR,D105,GOGRI,1.77
17-07-2025,25.5,86.5,KHAGARIA,BIHAR,D105,GOGRI,1.63
18-07-2025,25.5,86.5,KHAGARIA,BIHAR,D105,GOGRI,1.5
19-07-2025,25.5,86.5,KHAGARIA,BIHAR,D105,GOGRI,1.77
20-07-2025,25.5,86.5,KHAGARIA,BIHAR,D105,GOGRI,1.67
21-07-2025,25.5,86.5,KHAGARIA,BIHAR,D105,GOGRI,1.47
22-07-2025,25.5,86.5,KHAGARIA,BIHAR,D105,GOGRI,1.45
23-07-2025,25.5,86.5,KHAGARIA,BIHAR,D105,GOGRI,1.73
24-07-2025,25.5,86.5,KHAGARIA,BIHAR,D105,GOGRI,1.34
25-07-2025,25.5,86.5,KHAGARIA,BIHAR,D105,GOGRI,1.64
26-07-2025,25.5,86.5,KHAGARIA,BIHAR,D105,GOGRI,1.66
27-07-2025,25.5,86.5,KHAGARIA,BIHAR,D105,GOGRI,1.52
28-07-2025,25.5,86.5,KHAGARIA,BIHAR,D105,GOGRI,1.37
29-07-2025,25.5,86.5,KHAGARIA,BIHAR,D105,GOGRI,1.18
30-07-2025,25.5,86.5,KHAGARIA,BIHAR,D105,GOGRI,1.34
31-07-2025,25.5,86.5,KHAGARIA,BIHAR,D105,GOGRI,1.35
01-08-2025,25.5,86.5,KHAGARIA,BIHAR,D105,GOGRI,1.5
02-08-2025,25.5,86.5,KHAGARIA,BIHAR,D105,GOGRI,1.35
03-08-2025,25.5,86.5,KHAGARIA,BIHAR,D105,GOGRI,1.4
04-08-2025,25.5,86.5,KHAGARIA,BIHAR,D105,GOGRI,1.26
05-08-2025,25.5,86.5,KHAGARIA,BIHAR,D105,GOGRI,1.15
06-08-2025,25.5,86.5,KHAGARIA,BIHAR,D105,GOGRI,1.08
07-08-2025,25.5,86.5,KHAGARIA,BIHAR,D105,GOGRI,1.19
08-08-2025,25.5,86.5,KHAGARIA,BIHAR,D105,GOGRI,1.55
09-08-2025,25.5,86.5,KHAGARIA,BIHAR,D105,GOGRI,1.36
10-08-2025,25.5,86.5,KHAGARIA,BIHAR,D105,GOGRI,1.3
11-08-2025,25.5,86.5,KHAGARIA,BIHAR,D105,GOGRI,1.35
12-08-2025,25.5,86.5,KHAGARIA,BIHAR,D105,GOGRI,1.49
13-08-2025,25.5,86.5,KHAGARIA,BIHAR,D105,GOGRI,1.47
14-08-2025,25.5,86.5,KHAGARIA,BIHAR,D105,GOGRI,1.72
15-08-2025,25.5,86.5,KHAGARIA,BIHAR,D105,GOGRI,1.41
16-08-2025,25.5,86.5,KHAGARIA,BIHAR,D105,GOGRI,1.53
17-08-2025,25.5,86.5,KHAGARIA,BIHAR,D105,GOGRI,1.57
18-08-2025,25.5,86.5,KHAGARIA,BIHAR,D105,GOGRI,1.56
19-08-2025,25.5,86.5,KHAGARIA,BIHAR,D105,GOGRI,1.28
20-08-2025,25.5,86.5,KHAGARIA,BIHAR,D105,GOGRI,1.32
21-08-2025,25.5,86.5,KHAGARIA,BIHAR,D105,GOGRI,1.37
22-08-2025,25.5,86.5,KHAGARIA,BIHAR,D105,GOGRI,1.38
23-08-2025,25.5,86.5,KHAGARIA,BIHAR,D105,GOGRI,1.13
24-08-2025,25.5,86.5,KHAGARIA,BIHAR,D105,GOGRI,1.22
25-08-2025,25.5,86.5,KHAGARIA,BIHAR,D105,GOGRI,1.33
26-08-2025,25.5,86.5,KHAGARIA,BIHAR,D105,GOGRI,1.37
27-08-2025,25.5,86.5,KHAGARIA,BIHAR,D105,GOGRI,1.26
28-08-2025,25.5,86.5,KHAGARIA,BIHAR,D105,GOGRI,1.28
29-08-2025,25.5,86.5,KHAGARIA,BIHAR,D105,GOGRI,1.05
30-08-2025,25.5,86.5,KHAGARIA,BIHAR,D105,GOGRI,1.24
31-08-2025,25.5,86.5,KHAGARIA,BIHAR,D105,GOGRI,1.33
01-09-2025,25.5,86.5,KHAGARIA,BIHAR,D105,GOGRI,1.46
02-09-2025,25.5,86.5,KHAGARIA,BIHAR,D105,GOGRI,1.64
03-09-2025,25.5,86.5,KHAGARIA,BIHAR,D105,GOGRI,1.45
04-09-2025,25.5,86.5,KHAGARIA,BIHAR,D105,GOGRI,1.18
05-09-2025,25.5,86.5,KHAGARIA,BIHAR,D105,GOGRI,1.38
06-09-2025,25.5,86.5,KHAGARIA,BIHAR,D105,GOGRI,1.57
07-09-2025,25.5,86.5,KHAGARIA,BIHAR,D105,GOGRI,1.42
08-09-2025,25.5,86.5,KHAGARIA,BIHAR,D105,GOGRI,1.35
09-09-2025,25.5,86.5,KHAGARIA,BIHAR,D105,GOGRI,1.35
10-09-2025,25.5,86.5,KHAGARIA,BIHAR,D105,GOGRI,1.34
11-09-2025,25.5,86.5,KHAGARIA,BIHAR,D105,GOGRI,1.27
12-09-2025,25.5,86.5,KHAGARIA,BIHAR,D105,GOGRI,1.83
13-09-2025,25.5,86.5,KHAGARIA,BIHAR,D105,GOGRI,1.68
14-09-2025,25.5,86.5,KHAGARIA,BIHAR,D105,GOGRI,1.71
15-09-2025,25.5,86.5,KHAGARIA,BIHAR,D105,GOGRI,1.53
16-09-2025,25.5,86.5,KHAGARIA,BIHAR,D105,GOGRI,1.51
17-09-2025,25.5,86.5,KHAGARIA,BIHAR,D105,GOGRI,1.5
18-09-2025,25.5,86.5,KHAGARIA,BIHAR,D105,GOGRI,1.72
19-09-2025,25.5,86.5,KHAGARIA,BIHAR,D105,GOGRI,1.41
20-09-2025,25.5,86.5,KHAGARIA,BIHAR,D105,GOGRI,1.46
21-09-2025,25.5,86.5,KHAGARIA,BIHAR,D105,GOGRI,1.77
22-09-2025,25.5,86.5,KHAGARIA,BIHAR,D105,GOGRI,1.72
23-09-2025,25.5,86.5,KHAGARIA,BIHAR,D105,GOGRI,1.83
24-09-2025,25.5,86.5,KHAGARIA,BIHAR,D105,GOGRI,1.96
25-09-2025,25.5,86.5,KHAGARIA,BIHAR,D105,GOGRI,1.96
26-09-2025,25.5,86.5,KHAGARIA,BIHAR,D105,GOGRI,2.2
27-09-2025,25.5,86.5,KHAGARIA,BIHAR,D105,GOGRI,2
28-09-2025,25.5,86.5,KHAGARIA,BIHAR,D105,GOGRI,2.01
29-09-2025,25.5,86.5,KHAGARIA,BIHAR,D105,GOGRI,2.08
30-09-2025,25.5,86.5,KHAGARIA,BIHAR,D105,GOGRI,1.97
01-10-2025,25.5,86.5,KHAGARIA,BIHAR,D105,GOGRI,1.36
02-10-2025,25.5,86.5,KHAGARIA,BIHAR,D105,GOGRI,1.39
03-10-2025,25.5,86.5,KHAGARIA,BIHAR,D105,GOGRI,1.38
04-10-2025,25.5,86.5,KHAGARIA,BIHAR,D105,GOGRI,1.77
05-10-2025,25.5,86.5,KHAGARIA,BIHAR,D105,GOGRI,1.76
06-10-2025,25.5,86.5,KHAGARIA,BIHAR,D105,GOGRI,1.6
07-10-2025,25.5,86.5,KHAGARIA,BIHAR,D105,GOGRI,1.64
08-10-2025,25.5,86.5,KHAGARIA,BIHAR,D105,GOGRI,1.81
09-10-2025,25.5,86.5,KHAGARIA,BIHAR,D105,GOGRI,1.95
10-10-2025,25.5,86.5,KHAGARIA,BIHAR,D105,GOGRI,1.68
11-10-2025,25.5,86.5,KHAGARIA,BIHAR,D105,GOGRI,1.41
12-10-2025,25.5,86.5,KHAGARIA,BIHAR,D105,GOGRI,1.36
13-10-2025,25.5,86.5,KHAGARIA,BIHAR,D105,GOGRI,1.39
14-10-2025,25.5,86.5,KHAGARIA,BIHAR,D105,GOGRI,1.42
15-10-2025,25.5,86.5,KHAGARIA,BIHAR,D105,GOGRI,1.48
16-10-2025,25.5,86.5,KHAGARIA,BIHAR,D105,GOGRI,1.26
17-10-2025,25.5,86.5,KHAGARIA,BIHAR,D105,GOGRI,1.29
18-10-2025,25.5,86.5,KHAGARIA,BIHAR,D105,GOGRI,1.17
19-10-2025,25.5,86.5,KHAGARIA,BIHAR,D105,GOGRI,1.87
20-10-2025,25.5,86.5,KHAGARIA,BIHAR,D105,GOGRI,1.59
21-10-2025,25.5,86.5,KHAGARIA,BIHAR,D105,GOGRI,1.51
22-10-2025,25.5,86.5,KHAGARIA,BIHAR,D105,GOGRI,1.54
23-10-2025,25.5,86.5,KHAGARIA,BIHAR,D105,GOGRI,1.28
24-10-2025,25.5,86.5,KHAGARIA,BIHAR,D105,GOGRI,1.29
25-10-2025,25.5,86.5,KHAGARIA,BIHAR,D105,GOGRI,2.03
26-10-2025,25.5,86.5,KHAGARIA,BIHAR,D105,GOGRI,1.89
27-10-2025,25.5,86.5,KHAGARIA,BIHAR,D105,GOGRI,1.52
28-10-2025,25.5,86.5,KHAGARIA,BIHAR,D105,GOGRI,1.11
29-10-2025,25.5,86.5,KHAGARIA,BIHAR,D105,GOGRI,1.26
30-10-2025,25.5,86.5,KHAGARIA,BIHAR,D105,GOGRI,1.61
31-10-2025,25.5,86.5,KHAGARIA,BIHAR,D105,GOGRI,1.47
01-11-2025,25.5,86.5,KHAGARIA,BIHAR,D105,GOGRI,1.58
02-11-2025,25.5,86.5,KHAGARIA,BIHAR,D105,GOGRI,1.2
03-11-2025,25.5,86.5,KHAGARIA,BIHAR,D105,GOGRI,1.06
04-11-2025,25.5,86.5,KHAGARIA,BIHAR,D105,GOGRI,1.19
05-11-2025,25.5,86.5,KHAGARIA,BIHAR,D105,GOGRI,1.09
06-11-2025,25.5,86.5,KHAGARIA,BIHAR,D105,GOGRI,1.02
07-11-2025,25.5,86.5,KHAGARIA,BIHAR,D105,GOGRI,0.95
08-11-2025,25.5,86.5,KHAGARIA,BIHAR,D105,GOGRI,1.06
09-11-2025,25.5,86.5,KHAGARIA,BIHAR,D105,GOGRI,0.88
10-11-2025,25.5,86.5,KHAGARIA,BIHAR,D105,GOGRI,0.98
11-11-2025,25.5,86.5,KHAGARIA,BIHAR,D105,GOGRI,1.15
12-11-2025,25.5,86.5,KHAGARIA,BIHAR,D105,GOGRI,1.2
13-11-2025,25.5,86.5,KHAGARIA,BIHAR,D105,GOGRI,1.1
14-11-2025,25.5,86.5,KHAGARIA,BIHAR,D105,GOGRI,1
15-11-2025,25.5,86.5,KHAGARIA,BIHAR,D105,GOGRI,0.72
16-11-2025,25.5,86.5,KHAGARIA,BIHAR,D105,GOGRI,0.77
17-11-2025,25.5,86.5,KHAGARIA,BIHAR,D105,GOGRI,1.15
18-11-2025,25.5,86.5,KHAGARIA,BIHAR,D105,GOGRI,0.94
19-11-2025,25.5,86.5,KHAGARIA,BIHAR,D105,GOGRI,0.89
20-11-2025,25.5,86.5,KHAGARIA,BIHAR,D105,GOGRI,1.08
21-11-2025,25.5,86.5,KHAGARIA,BIHAR,D105,GOGRI,0.97
22-11-2025,25.5,86.5,KHAGARIA,BIHAR,D105,GOGRI,0.98
23-11-2025,25.5,86.5,KHAGARIA,BIHAR,D105,GOGRI,0.93
24-11-2025,25.5,86.5,KHAGARIA,BIHAR,D105,GOGRI,0.91
25-11-2025,25.5,86.5,KHAGARIA,BIHAR,D105,GOGRI,0.99
26-11-2025,25.5,86.5,KHAGARIA,BIHAR,D105,GOGRI,0.88
27-11-2025,25.5,86.5,KHAGARIA,BIHAR,D105,GOGRI,1.29
28-11-2025,25.5,86.5,KHAGARIA,BIHAR,D105,GOGRI,0.89
29-11-2025,25.5,86.5,KHAGARIA,BIHAR,D105,GOGRI,1.01
30-11-2025,25.5,86.5,KHAGARIA,BIHAR,D105,GOGRI,0.99
01-12-2025,25.5,86.5,KHAGARIA,BIHAR,D105,GOGRI,1.13
02-12-2025,25.5,86.5,KHAGARIA,BIHAR,D105,GOGRI,1.18
03-12-2025,25.5,86.5,KHAGARIA,BIHAR,D105,GOGRI,1.19
04-12-2025,25.5,86.5,KHAGARIA,BIHAR,D105,GOGRI,1.26
05-12-2025,25.5,86.5,KHAGARIA,BIHAR,D105,GOGRI,1.07
06-12-2025,25.5,86.5,KHAGARIA,BIHAR,D105,GOGRI,1.03
07-12-2025,25.5,86.5,KHAGARIA,BIHAR,D105,GOGRI,1.35
08-12-2025,25.5,86.5,KHAGARIA,BIHAR,D105,GOGRI,1.3
09-12-2025,25.5,86.5,KHAGARIA,BIHAR,D105,GOGRI,1.6
10-12-2025,25.5,86.5,KHAGARIA,BIHAR,D105,GOGRI,1.79
11-12-2025,25.5,86.5,KHAGARIA,BIHAR,D105,GOGRI,2.03
12-12-2025,25.5,86.5,KHAGARIA,BIHAR,D105,GOGRI,1.61
13-12-2025,25.5,86.5,KHAGARIA,BIHAR,D105,GOGRI,1.67
14-12-2025,25.5,86.5,KHAGARIA,BIHAR,D105,GOGRI,1.67
15-12-2025,25.5,86.5,KHAGARIA,BIHAR,D105,GOGRI,1.51
16-12-2025,25.5,86.5,KHAGARIA,BIHAR,D105,GOGRI,1.39
17-12-2025,25.5,86.5,KHAGARIA,BIHAR,D105,GOGRI,1.8
18-12-2025,25.5,86.5,KHAGARIA,BIHAR,D105,GOGRI,2.03
19-12-2025,25.5,86.5,KHAGARIA,BIHAR,D105,GOGRI,2.01
20-12-2025,25.5,86.5,KHAGARIA,BIHAR,D105,GOGRI,2.35
21-12-2025,25.5,86.5,KHAGARIA,BIHAR,D105,GOGRI,2.37
22-12-2025,25.5,86.5,KHAGARIA,BIHAR,D105,GOGRI,2.29
23-12-2025,25.5,86.5,KHAGARIA,BIHAR,D105,GOGRI,2.13
24-12-2025,25.5,86.5,KHAGARIA,BIHAR,D105,GOGRI,1.91
25-12-2025,25.5,86.5,KHAGARIA,BIHAR,D105,GOGRI,2.17
26-12-2025,25.5,86.5,KHAGARIA,BIHAR,D105,GOGRI,2.11
27-12-2025,25.5,86.5,KHAGARIA,BIHAR,D105,GOGRI,2.34
28-12-2025,25.5,86.5,KHAGARIA,BIHAR,D105,GOGRI,2.28
29-12-2025,25.5,86.5,KHAGARIA,BIHAR,D105,GOGRI,2.4
30-12-2025,25.5,86.5,KHAGARIA,BIHAR,D105,GOGRI,2.24
31-12-2025,25.5,86.5,KHAGARIA,BIHAR,D105,GOGRI,2.08
01-01-2025,26.5,86.5,MADHUBANI,BIHAR,D109,BENIPATTI,2.3
02-01-2025,26.5,86.5,MADHUBANI,BIHAR,D109,BENIPATTI,2.52
03-01-2025,26.5,86.5,MADHUBANI,BIHAR,D109,BENIPATTI,2.37
04-01-2025,26.5,86.5,MADHUBANI,BIHAR,D109,BENIPATTI,2.47
05-01-2025,26.5,86.5,MADHUBANI,BIHAR,D109,BENIPATTI,2.44
06-01-2025,26.5,86.5,MADHUBANI,BIHAR,D109,BENIPATTI,2.61
07-01-2025,26.5,86.5,MADHUBANI,BIHAR,D109,BENIPATTI,2.64
08-01-2025,26.5,86.5,MADHUBANI,BIHAR,D109,BENIPATTI,2.7
09-01-2025,26.5,86.5,MADHUBANI,BIHAR,D109,BENIPATTI,2.46
10-01-2025,26.5,86.5,MADHUBANI,BIHAR,D109,BENIPATTI,2.73
11-01-2025,26.5,86.5,MADHUBANI,BIHAR,D109,BENIPATTI,2.65
12-01-2025,26.5,86.5,MADHUBANI,BIHAR,D109,BENIPATTI,2.25
13-01-2025,26.5,86.5,MADHUBANI,BIHAR,D109,BENIPATTI,2.06
14-01-2025,26.5,86.5,MADHUBANI,BIHAR,D109,BENIPATTI,2.13
15-01-2025,26.5,86.5,MADHUBANI,BIHAR,D109,BENIPATTI,2.39
16-01-2025,26.5,86.5,MADHUBANI,BIHAR,D109,BENIPATTI,2.74
17-01-2025,26.5,86.5,MADHUBANI,BIHAR,D109,BENIPATTI,2.36
18-01-2025,26.5,86.5,MADHUBANI,BIHAR,D109,BENIPATTI,2.39
19-01-2025,26.5,86.5,MADHUBANI,BIHAR,D109,BENIPATTI,2.27
20-01-2025,26.5,86.5,MADHUBANI,BIHAR,D109,BENIPATTI,1.89
21-01-2025,26.5,86.5,MADHUBANI,BIHAR,D109,BENIPATTI,2.28
22-01-2025,26.5,86.5,MADHUBANI,BIHAR,D109,BENIPATTI,2.2
23-01-2025,26.5,86.5,MADHUBANI,BIHAR,D109,BENIPATTI,2.53
24-01-2025,26.5,86.5,MADHUBANI,BIHAR,D109,BENIPATTI,2.63
25-01-2025,26.5,86.5,MADHUBANI,BIHAR,D109,BENIPATTI,2.44
26-01-2025,26.5,86.5,MADHUBANI,BIHAR,D109,BENIPATTI,2.17
27-01-2025,26.5,86.5,MADHUBANI,BIHAR,D109,BENIPATTI,2.1
28-01-2025,26.5,86.5,MADHUBANI,BIHAR,D109,BENIPATTI,1.93
29-01-2025,26.5,86.5,MADHUBANI,BIHAR,D109,BENIPATTI,2.08
30-01-2025,26.5,86.5,MADHUBANI,BIHAR,D109,BENIPATTI,2.41
31-01-2025,26.5,86.5,MADHUBANI,BIHAR,D109,BENIPATTI,2
01-02-2025,26.5,86.5,MADHUBANI,BIHAR,D109,BENIPATTI,1.94
02-02-2025,26.5,86.5,MADHUBANI,BIHAR,D109,BENIPATTI,2.05
03-02-2025,26.5,86.5,MADHUBANI,BIHAR,D109,BENIPATTI,1.95
04-02-2025,26.5,86.5,MADHUBANI,BIHAR,D109,BENIPATTI,2.3
05-02-2025,26.5,86.5,MADHUBANI,BIHAR,D109,BENIPATTI,2.4
06-02-2025,26.5,86.5,MADHUBANI,BIHAR,D109,BENIPATTI,2.02
07-02-2025,26.5,86.5,MADHUBANI,BIHAR,D109,BENIPATTI,2.18
08-02-2025,26.5,86.5,MADHUBANI,BIHAR,D109,BENIPATTI,2.07
09-02-2025,26.5,86.5,MADHUBANI,BIHAR,D109,BENIPATTI,1.78
10-02-2025,26.5,86.5,MADHUBANI,BIHAR,D109,BENIPATTI,1.68
11-02-2025,26.5,86.5,MADHUBANI,BIHAR,D109,BENIPATTI,1.95
12-02-2025,26.5,86.5,MADHUBANI,BIHAR,D109,BENIPATTI,1.81
13-02-2025,26.5,86.5,MADHUBANI,BIHAR,D109,BENIPATTI,2.04
14-02-2025,26.5,86.5,MADHUBANI,BIHAR,D109,BENIPATTI,2.54
15-02-2025,26.5,86.5,MADHUBANI,BIHAR,D109,BENIPATTI,2.17
16-02-2025,26.5,86.5,MADHUBANI,BIHAR,D109,BENIPATTI,2.14
17-02-2025,26.5,86.5,MADHUBANI,BIHAR,D109,BENIPATTI,2.15
18-02-2025,26.5,86.5,MADHUBANI,BIHAR,D109,BENIPATTI,1.86
19-02-2025,26.5,86.5,MADHUBANI,BIHAR,D109,BENIPATTI,1.49
20-02-2025,26.5,86.5,MADHUBANI,BIHAR,D109,BENIPATTI,2.15
21-02-2025,26.5,86.5,MADHUBANI,BIHAR,D109,BENIPATTI,1.68
22-02-2025,26.5,86.5,MADHUBANI,BIHAR,D109,BENIPATTI,1.87
23-02-2025,26.5,86.5,MADHUBANI,BIHAR,D109,BENIPATTI,1.65
24-02-2025,26.5,86.5,MADHUBANI,BIHAR,D109,BENIPATTI,1.5
25-02-2025,26.5,86.5,MADHUBANI,BIHAR,D109,BENIPATTI,1.87
26-02-2025,26.5,86.5,MADHUBANI,BIHAR,D109,BENIPATTI,2.11
27-02-2025,26.5,86.5,MADHUBANI,BIHAR,D109,BENIPATTI,1.92
28-02-2025,26.5,86.5,MADHUBANI,BIHAR,D109,BENIPATTI,2.13
29-02-2025,26.5,86.5,MADHUBANI,BIHAR,D109,BENIPATTI,2.37
01-03-2025,26.5,86.5,MADHUBANI,BIHAR,D109,BENIPATTI,2.04
02-03-2025,26.5,86.5,MADHUBANI,BIHAR,D109,BENIPATTI,1.66
03-03-2025,26.5,86.5,MADHUBANI,BIHAR,D109,BENIPATTI,1.76
04-03-2025,26.5,86.5,MADHUBANI,BIHAR,D109,BENIPATTI,1.75
05-03-2025,26.5,86.5,MADHUBANI,BIHAR,D109,BENIPATTI,2.02
06-03-2025,26.5,86.5,MADHUBANI,BIHAR,D109,BENIPATTI,2.27
07-03-2025,26.5,86.5,MADHUBANI,BIHAR,D109,BENIPATTI,2.12
08-03-2025,26.5,86.5,MADHUBANI,BIHAR,D109,BENIPATTI,2.08
09-03-2025,26.5,86.5,MADHUBANI,BIHAR,D109,BENIPATTI,2.01
10-03-2025,26.5,86.5,MADHUBANI,BIHAR,D109,BENIPATTI,1.95
11-03-2025,26.5,86.5,MADHUBANI,BIHAR,D109,BENIPATTI,2.26
12-03-2025,26.5,86.5,MADHUBANI,BIHAR,D109,BENIPATTI,1.93
13-03-2025,26.5,86.5,MADHUBANI,BIHAR,D109,BENIPATTI,2.46
14-03-2025,26.5,86.5,MADHUBANI,BIHAR,D109,BENIPATTI,2.31
15-03-2025,26.5,86.5,MADHUBANI,BIHAR,D109,BENIPATTI,1.67
16-03-2025,26.5,86.5,MADHUBANI,BIHAR,D109,BENIPATTI,1.88
17-03-2025,26.5,86.5,MADHUBANI,BIHAR,D109,BENIPATTI,1.76
18-03-2025,26.5,86.5,MADHUBANI,BIHAR,D109,BENIPATTI,1.69
19-03-2025,26.5,86.5,MADHUBANI,BIHAR,D109,BENIPATTI,2.17
20-03-2025,26.5,86.5,MADHUBANI,BIHAR,D109,BENIPATTI,2.83
21-03-2025,26.5,86.5,MADHUBANI,BIHAR,D109,BENIPATTI,2.68
22-03-2025,26.5,86.5,MADHUBANI,BIHAR,D109,BENIPATTI,2.21
23-03-2025,26.5,86.5,MADHUBANI,BIHAR,D109,BENIPATTI,2.17
24-03-2025,26.5,86.5,MADHUBANI,BIHAR,D109,BENIPATTI,2
25-03-2025,26.5,86.5,MADHUBANI,BIHAR,D109,BENIPATTI,2.2
26-03-2025,26.5,86.5,MADHUBANI,BIHAR,D109,BENIPATTI,2.24
27-03-2025,26.5,86.5,MADHUBANI,BIHAR,D109,BENIPATTI,1.96
28-03-2025,26.5,86.5,MADHUBANI,BIHAR,D109,BENIPATTI,1.74
29-03-2025,26.5,86.5,MADHUBANI,BIHAR,D109,BENIPATTI,1.53
30-03-2025,26.5,86.5,MADHUBANI,BIHAR,D109,BENIPATTI,1.72
31-03-2025,26.5,86.5,MADHUBANI,BIHAR,D109,BENIPATTI,2.25
01-04-2025,26.5,86.5,MADHUBANI,BIHAR,D109,BENIPATTI,2.17
02-04-2025,26.5,86.5,MADHUBANI,BIHAR,D109,BENIPATTI,2.17
03-04-2025,26.5,86.5,MADHUBANI,BIHAR,D109,BENIPATTI,1.87
04-04-2025,26.5,86.5,MADHUBANI,BIHAR,D109,BENIPATTI,2.4
05-04-2025,26.5,86.5,MADHUBANI,BIHAR,D109,BENIPATTI,2.19
06-04-2025,26.5,86.5,MADHUBANI,BIHAR,D109,BENIPATTI,2.11
07-04-2025,26.5,86.5,MADHUBANI,BIHAR,D109,BENIPATTI,1.88
08-04-2025,26.5,86.5,MADHUBANI,BIHAR,D109,BENIPATTI,1.96
09-04-2025,26.5,86.5,MADHUBANI,BIHAR,D109,BENIPATTI,2.28
10-04-2025,26.5,86.5,MADHUBANI,BIHAR,D109,BENIPATTI,2.74
11-04-2025,26.5,86.5,MADHUBANI,BIHAR,D109,BENIPATTI,2.31
12-04-2025,26.5,86.5,MADHUBANI,BIHAR,D109,BENIPATTI,2.07
13-04-2025,26.5,86.5,MADHUBANI,BIHAR,D109,BENIPATTI,2.11
14-04-2025,26.5,86.5,MADHUBANI,BIHAR,D109,BENIPATTI,1.78
15-04-2025,26.5,86.5,MADHUBANI,BIHAR,D109,BENIPATTI,2.19
16-04-2025,26.5,86.5,MADHUBANI,BIHAR,D109,BENIPATTI,1.73
17-04-2025,26.5,86.5,MADHUBANI,BIHAR,D109,BENIPATTI,2.12
18-04-2025,26.5,86.5,MADHUBANI,BIHAR,D109,BENIPATTI,2.05
19-04-2025,26.5,86.5,MADHUBANI,BIHAR,D109,BENIPATTI,2.27
20-04-2025,26.5,86.5,MADHUBANI,BIHAR,D109,BENIPATTI,2.25
21-04-2025,26.5,86.5,MADHUBANI,BIHAR,D109,BENIPATTI,2.38
22-04-2025,26.5,86.5,MADHUBANI,BIHAR,D109,BENIPATTI,2.34
23-04-2025,26.5,86.5,MADHUBANI,BIHAR,D109,BENIPATTI,2.24
24-04-2025,26.5,86.5,MADHUBANI,BIHAR,D109,BENIPATTI,2.77
25-04-2025,26.5,86.5,MADHUBANI,BIHAR,D109,BENIPATTI,3
26-04-2025,26.5,86.5,MADHUBANI,BIHAR,D109,BENIPATTI,2.85
27-04-2025,26.5,86.5,MADHUBANI,BIHAR,D109,BENIPATTI,2.21
28-04-2025,26.5,86.5,MADHUBANI,BIHAR,D109,BENIPATTI,2.66
29-04-2025,26.5,86.5,MADHUBANI,BIHAR,D109,BENIPATTI,2.13
30-04-2025,26.5,86.5,MADHUBANI,BIHAR,D109,BENIPATTI,2.42
01-05-2025,26.5,86.5,MADHUBANI,BIHAR,D109,BENIPATTI,2.34
02-05-2025,26.5,86.5,MADHUBANI,BIHAR,D109,BENIPATTI,2.03
03-05-2025,26.5,86.5,MADHUBANI,BIHAR,D109,BENIPATTI,2.04
04-05-2025,26.5,86.5,MADHUBANI,BIHAR,D109,BENIPATTI,2.31
05-05-2025,26.5,86.5,MADHUBANI,BIHAR,D109,BENIPATTI,1.85
06-05-2025,26.5,86.5,MADHUBANI,BIHAR,D109,BENIPATTI,2.02
07-05-2025,26.5,86.5,MADHUBANI,BIHAR,D109,BENIPATTI,2.22
08-05-2025,26.5,86.5,MADHUBANI,BIHAR,D109,BENIPATTI,2
09-05-2025,26.5,86.5,MADHUBANI,BIHAR,D109,BENIPATTI,2.36
10-05-2025,26.5,86.5,MADHUBANI,BIHAR,D109,BENIPATTI,2.11
11-05-2025,26.5,86.5,MADHUBANI,BIHAR,D109,BENIPATTI,2.21
12-05-2025,26.5,86.5,MADHUBANI,BIHAR,D109,BENIPATTI,2.47
13-05-2025,26.5,86.5,MADHUBANI,BIHAR,D109,BENIPATTI,2.24
14-05-2025,26.5,86.5,MADHUBANI,BIHAR,D109,BENIPATTI,2.31
15-05-2025,26.5,86.5,MADHUBANI,BIHAR,D109,BENIPATTI,2.12
16-05-2025,26.5,86.5,MADHUBANI,BIHAR,D109,BENIPATTI,1.95
17-05-2025,26.5,86.5,MADHUBANI,BIHAR,D109,BENIPATTI,1.57
18-05-2025,26.5,86.5,MADHUBANI,BIHAR,D109,BENIPATTI,1.47
19-05-2025,26.5,86.5,MADHUBANI,BIHAR,D109,BENIPATTI,1.86
20-05-2025,26.5,86.5,MADHUBANI,BIHAR,D109,BENIPATTI,2.33
21-05-2025,26.5,86.5,MADHUBANI,BIHAR,D109,BENIPATTI,2.28
22-05-2025,26.5,86.5,MADHUBANI,BIHAR,D109,BENIPATTI,2.3
23-05-2025,26.5,86.5,MADHUBANI,BIHAR,D109,BENIPATTI,2.11
24-05-2025,26.5,86.5,MADHUBANI,BIHAR,D109,BENIPATTI,2.32
25-05-2025,26.5,86.5,MADHUBANI,BIHAR,D109,BENIPATTI,2.34
26-05-2025,26.5,86.5,MADHUBANI,BIHAR,D109,BENIPATTI,2.11
27-05-2025,26.5,86.5,MADHUBANI,BIHAR,D109,BENIPATTI,2.39
28-05-2025,26.5,86.5,MADHUBANI,BIHAR,D109,BENIPATTI,2.76
29-05-2025,26.5,86.5,MADHUBANI,BIHAR,D109,BENIPATTI,2.14
30-05-2025,26.5,86.5,MADHUBANI,BIHAR,D109,BENIPATTI,2.33
31-05-2025,26.5,86.5,MADHUBANI,BIHAR,D109,BENIPATTI,2.53
01-06-2025,26.5,86.5,MADHUBANI,BIHAR,D109,BENIPATTI,2.13
02-06-2025,26.5,86.5,MADHUBANI,BIHAR,D109,BENIPATTI,1.87
03-06-2025,26.5,86.5,MADHUBANI,BIHAR,D109,BENIPATTI,1.89
04-06-2025,26.5,86.5,MADHUBANI,BIHAR,D109,BENIPATTI,2.2
05-06-2025,26.5,86.5,MADHUBANI,BIHAR,D109,BENIPATTI,2.15
06-06-2025,26.5,86.5,MADHUBANI,BIHAR,D109,BENIPATTI,1.86
07-06-2025,26.5,86.5,MADHUBANI,BIHAR,D109,BENIPATTI,2.27
08-06-2025,26.5,86.5,MADHUBANI,BIHAR,D109,BENIPATTI,2.3
09-06-2025,26.5,86.5,MADHUBANI,BIHAR,D109,BENIPATTI,2.18
10-06-2025,26.5,86.5,MADHUBANI,BIHAR,D109,BENIPATTI,2.11
11-06-2025,26.5,86.5,MADHUBANI,BIHAR,D109,BENIPATTI,1.91
12-06-2025,26.5,86.5,MADHUBANI,BIHAR,D109,BENIPATTI,2.12
13-06-2025,26.5,86.5,MADHUBANI,BIHAR,D109,BENIPATTI,1.92
14-06-2025,26.5,86.5,MADHUBANI,BIHAR,D109,BENIPATTI,2.48
15-06-2025,26.5,86.5,MADHUBANI,BIHAR,D109,BENIPATTI,2.31
16-06-2025,26.5,86.5,MADHUBANI,BIHAR,D109,BENIPATTI,2.05
17-06-2025,26.5,86.5,MADHUBANI,BIHAR,D109,BENIPATTI,1.75
18-06-2025,26.5,86.5,MADHUBANI,BIHAR,D109,BENIPATTI,2.2
19-06-2025,26.5,86.5,MADHUBANI,BIHAR,D109,BENIPATTI,2.61
20-06-2025,26.5,86.5,MADHUBANI,BIHAR,D109,BENIPATTI,2.29
21-06-2025,26.5,86.5,MADHUBANI,BIHAR,D109,BENIPATTI,1.95
22-06-2025,26.5,86.5,MADHUBANI,BIHAR,D109,BENIPATTI,1.5
23-06-2025,26.5,86.5,MADHUBANI,BIHAR,D109,BENIPATTI,1.54
24-06-2025,26.5,86.5,MADHUBANI,BIHAR,D109,BENIPATTI,1.69
25-06-2025,26.5,86.5,MADHUBANI,BIHAR,D109,BENIPATTI,1.8
26-06-2025,26.5,86.5,MADHUBANI,BIHAR,D109,BENIPATTI,1.64
27-06-2025,26.5,86.5,MADHUBANI,BIHAR,D109,BENIPATTI,1.34
28-06-2025,26.5,86.5,MADHUBANI,BIHAR,D109,BENIPATTI,1.68
29-06-2025,26.5,86.5,MADHUBANI,BIHAR,D109,BENIPATTI,1.94
30-06-2025,26.5,86.5,MADHUBANI,BIHAR,D109,BENIPATTI,1.77
01-07-2025,26.5,86.5,MADHUBANI,BIHAR,D109,BENIPATTI,1.72
02-07-2025,26.5,86.5,MADHUBANI,BIHAR,D109,BENIPATTI,1.51
03-07-2025,26.5,86.5,MADHUBANI,BIHAR,D109,BENIPATTI,1.18
04-07-2025,26.5,86.5,MADHUBANI,BIHAR,D109,BENIPATTI,1.39
05-07-2025,26.5,86.5,MADHUBANI,BIHAR,D109,BENIPATTI,1.71
06-07-2025,26.5,86.5,MADHUBANI,BIHAR,D109,BENIPATTI,1.51
07-07-2025,26.5,86.5,MADHUBANI,BIHAR,D109,BENIPATTI,1.42
08-07-2025,26.5,86.5,MADHUBANI,BIHAR,D109,BENIPATTI,1.54
09-07-2025,26.5,86.5,MADHUBANI,BIHAR,D109,BENIPATTI,1.59
10-07-2025,26.5,86.5,MADHUBANI,BIHAR,D109,BENIPATTI,1.67
11-07-2025,26.5,86.5,MADHUBANI,BIHAR,D109,BENIPATTI,1.65
12-07-2025,26.5,86.5,MADHUBANI,BIHAR,D109,BENIPATTI,1.87
13-07-2025,26.5,86.5,MADHUBANI,BIHAR,D109,BENIPATTI,1.89
14-07-2025,26.5,86.5,MADHUBANI,BIHAR,D109,BENIPATTI,1.67
15-07-2025,26.5,86.5,MADHUBANI,BIHAR,D109,BENIPATTI,1.67
16-07-2025,26.5,86.5,MADHUBANI,BIHAR,D109,BENIPATTI,1.84
17-07-2025,26.5,86.5,MADHUBANI,BIHAR,D109,BENIPATTI,1.71
18-07-2025,26.5,86.5,MADHUBANI,BIHAR,D109,BENIPATTI,1.68
19-07-2025,26.5,86.5,MADHUBANI,BIHAR,D109,BENIPATTI,1.83
20-07-2025,26.5,86.5,MADHUBANI,BIHAR,D109,BENIPATTI,1.74
21-07-2025,26.5,86.5,MADHUBANI,BIHAR,D109,BENIPATTI,1.48
22-07-2025,26.5,86.5,MADHUBANI,BIHAR,D109,BENIPATTI,1.46
23-07-2025,26.5,86.5,MADHUBANI,BIHAR,D109,BENIPATTI,1.72
24-07-2025,26.5,86.5,MADHUBANI,BIHAR,D109,BENIPATTI,1.44
25-07-2025,26.5,86.5,MADHUBANI,BIHAR,D109,BENIPATTI,1.6
26-07-2025,26.5,86.5,MADHUBANI,BIHAR,D109,BENIPATTI,1.58
27-07-2025,26.5,86.5,MADHUBANI,BIHAR,D109,BENIPATTI,1.62
28-07-2025,26.5,86.5,MADHUBANI,BIHAR,D109,BENIPATTI,1.4
29-07-2025,26.5,86.5,MADHUBANI,BIHAR,D109,BENIPATTI,1.29
30-07-2025,26.5,86.5,MADHUBANI,BIHAR,D109,BENIPATTI,1.39
31-07-2025,26.5,86.5,MADHUBANI,BIHAR,D109,BENIPATTI,1.38
01-08-2025,26.5,86.5,MADHUBANI,BIHAR,D109,BENIPATTI,1.54
02-08-2025,26.5,86.5,MADHUBANI,BIHAR,D109,BENIPATTI,1.45
03-08-2025,26.5,86.5,MADHUBANI,BIHAR,D109,BENIPATTI,1.64
04-08-2025,26.5,86.5,MADHUBANI,BIHAR,D109,BENIPATTI,1.44
05-08-2025,26.5,86.5,MADHUBANI,BIHAR,D109,BENIPATTI,1.37
06-08-2025,26.5,86.5,MADHUBANI,BIHAR,D109,BENIPATTI,1.29
07-08-2025,26.5,86.5,MADHUBANI,BIHAR,D109,BENIPATTI,1.09
08-08-2025,26.5,86.5,MADHUBANI,BIHAR,D109,BENIPATTI,1.5
09-08-2025,26.5,86.5,MADHUBANI,BIHAR,D109,BENIPATTI,1.38
10-08-2025,26.5,86.5,MADHUBANI,BIHAR,D109,BENIPATTI,1.39
11-08-2025,26.5,86.5,MADHUBANI,BIHAR,D109,BENIPATTI,1.54
12-08-2025,26.5,86.5,MADHUBANI,BIHAR,D109,BENIPATTI,1.71
13-08-2025,26.5,86.5,MADHUBANI,BIHAR,D109,BENIPATTI,1.74
14-08-2025,26.5,86.5,MADHUBANI,BIHAR,D109,BENIPATTI,1.77
15-08-2025,26.5,86.5,MADHUBANI,BIHAR,D109,BENIPATTI,1.55
16-08-2025,26.5,86.5,MADHUBANI,BIHAR,D109,BENIPATTI,1.57
17-08-2025,26.5,86.5,MADHUBANI,BIHAR,D109,BENIPATTI,1.58
18-08-2025,26.5,86.5,MADHUBANI,BIHAR,D109,BENIPATTI,1.62
19-08-2025,26.5,86.5,MADHUBANI,BIHAR,D109,BENIPATTI,1.45
20-08-2025,26.5,86.5,MADHUBANI,BIHAR,D109,BENIPATTI,1.44
21-08-2025,26.5,86.5,MADHUBANI,BIHAR,D109,BENIPATTI,1.55
22-08-2025,26.5,86.5,MADHUBANI,BIHAR,D109,BENIPATTI,1.43
23-08-2025,26.5,86.5,MADHUBANI,BIHAR,D109,BENIPATTI,1.43
24-08-2025,26.5,86.5,MADHUBANI,BIHAR,D109,BENIPATTI,1.33
25-08-2025,26.5,86.5,MADHUBANI,BIHAR,D109,BENIPATTI,1.59
26-08-2025,26.5,86.5,MADHUBANI,BIHAR,D109,BENIPATTI,1.57
27-08-2025,26.5,86.5,MADHUBANI,BIHAR,D109,BENIPATTI,1.43
28-08-2025,26.5,86.5,MADHUBANI,BIHAR,D109,BENIPATTI,1.5
29-08-2025,26.5,86.5,MADHUBANI,BIHAR,D109,BENIPATTI,1.17
30-08-2025,26.5,86.5,MADHUBANI,BIHAR,D109,BENIPATTI,1.41
31-08-2025,26.5,86.5,MADHUBANI,BIHAR,D109,BENIPATTI,1.34
01-09-2025,26.5,86.5,MADHUBANI,BIHAR,D109,BENIPATTI,1.54
02-09-2025,26.5,86.5,MADHUBANI,BIHAR,D109,BENIPATTI,1.68
03-09-2025,26.5,86.5,MADHUBANI,BIHAR,D109,BENIPATTI,1.45
04-09-2025,26.5,86.5,MADHUBANI,BIHAR,D109,BENIPATTI,1.24
05-09-2025,26.5,86.5,MADHUBANI,BIHAR,D109,BENIPATTI,1.42
06-09-2025,26.5,86.5,MADHUBANI,BIHAR,D109,BENIPATTI,1.46
07-09-2025,26.5,86.5,MADHUBANI,BIHAR,D109,BENIPATTI,1.41
08-09-2025,26.5,86.5,MADHUBANI,BIHAR,D109,BENIPATTI,1.37
09-09-2025,26.5,86.5,MADHUBANI,BIHAR,D109,BENIPATTI,1.3
10-09-2025,26.5,86.5,MADHUBANI,BIHAR,D109,BENIPATTI,1.4
11-09-2025,26.5,86.5,MADHUBANI,BIHAR,D109,BENIPATTI,1.35
12-09-2025,26.5,86.5,MADHUBANI,BIHAR,D109,BENIPATTI,1.75
13-09-2025,26.5,86.5,MADHUBANI,BIHAR,D109,BENIPATTI,1.74
14-09-2025,26.5,86.5,MADHUBANI,BIHAR,D109,BENIPATTI,1.75
15-09-2025,26.5,86.5,MADHUBANI,BIHAR,D109,BENIPATTI,1.5
16-09-2025,26.5,86.5,MADHUBANI,BIHAR,D109,BENIPATTI,1.68
17-09-2025,26.5,86.5,MADHUBANI,BIHAR,D109,BENIPATTI,1.73
18-09-2025,26.5,86.5,MADHUBANI,BIHAR,D109,BENIPATTI,1.94
19-09-2025,26.5,86.5,MADHUBANI,BIHAR,D109,BENIPATTI,1.6
20-09-2025,26.5,86.5,MADHUBANI,BIHAR,D109,BENIPATTI,1.48
21-09-2025,26.5,86.5,MADHUBANI,BIHAR,D109,BENIPATTI,1.79
22-09-2025,26.5,86.5,MADHUBANI,BIHAR,D109,BENIPATTI,1.65
23-09-2025,26.5,86.5,MADHUBANI,BIHAR,D109,BENIPATTI,1.77
24-09-2025,26.5,86.5,MADHUBANI,BIHAR,D109,BENIPATTI,1.9
25-09-2025,26.5,86.5,MADHUBANI,BIHAR,D109,BENIPATTI,2.03
26-09-2025,26.5,86.5,MADHUBANI,BIHAR,D109,BENIPATTI,2.4
27-09-2025,26.5,86.5,MADHUBANI,BIHAR,D109,BENIPATTI,2.16
28-09-2025,26.5,86.5,MADHUBANI,BIHAR,D109,BENIPATTI,2.16
29-09-2025,26.5,86.5,MADHUBANI,BIHAR,D109,BENIPATTI,2.19
30-09-2025,26.5,86.5,MADHUBANI,BIHAR,D109,BENIPATTI,2.03
01-10-2025,26.5,86.5,MADHUBANI,BIHAR,D109,BENIPATTI,1.39
02-10-2025,26.5,86.5,MADHUBANI,BIHAR,D109,BENIPATTI,1.56
03-10-2025,26.5,86.5,MADHUBANI,BIHAR,D109,BENIPATTI,1.54
04-10-2025,26.5,86.5,MADHUBANI,BIHAR,D109,BENIPATTI,1.82
05-10-2025,26.5,86.5,MADHUBANI,BIHAR,D109,BENIPATTI,1.97
06-10-2025,26.5,86.5,MADHUBANI,BIHAR,D109,BENIPATTI,1.87
07-10-2025,26.5,86.5,MADHUBANI,BIHAR,D109,BENIPATTI,1.81
08-10-2025,26.5,86.5,MADHUBANI,BIHAR,D109,BENIPATTI,1.83
09-10-2025,26.5,86.5,MADHUBANI,BIHAR,D109,BENIPATTI,1.96
10-10-2025,26.5,86.5,MADHUBANI,BIHAR,D109,BENIPATTI,1.72
11-10-2025,26.5,86.5,MADHUBANI,BIHAR,D109,BENIPATTI,1.45
12-10-2025,26.5,86.5,MADHUBANI,BIHAR,D109,BENIPATTI,1.55
13-10-2025,26.5,86.5,MADHUBANI,BIHAR,D109,BENIPATTI,1.43
14-10-2025,26.5,86.5,MADHUBANI,BIHAR,D109,BENIPATTI,1.47
15-10-2025,26.5,86.5,MADHUBANI,BIHAR,D109,BENIPATTI,1.65
16-10-2025,26.5,86.5,MADHUBANI,BIHAR,D109,BENIPATTI,1.3
17-10-2025,26.5,86.5,MADHUBANI,BIHAR,D109,BENIPATTI,1.27
18-10-2025,26.5,86.5,MADHUBANI,BIHAR,D109,BENIPATTI,1.16
19-10-2025,26.5,86.5,MADHUBANI,BIHAR,D109,BENIPATTI,1.92
20-10-2025,26.5,86.5,MADHUBANI,BIHAR,D109,BENIPATTI,1.69
21-10-2025,26.5,86.5,MADHUBANI,BIHAR,D109,BENIPATTI,1.51
22-10-2025,26.5,86.5,MADHUBANI,BIHAR,D109,BENIPATTI,1.6
23-10-2025,26.5,86.5,MADHUBANI,BIHAR,D109,BENIPATTI,1.26
24-10-2025,26.5,86.5,MADHUBANI,BIHAR,D109,BENIPATTI,1.21
25-10-2025,26.5,86.5,MADHUBANI,BIHAR,D109,BENIPATTI,1.88
26-10-2025,26.5,86.5,MADHUBANI,BIHAR,D109,BENIPATTI,1.84
27-10-2025,26.5,86.5,MADHUBANI,BIHAR,D109,BENIPATTI,1.53
28-10-2025,26.5,86.5,MADHUBANI,BIHAR,D109,BENIPATTI,1.14
29-10-2025,26.5,86.5,MADHUBANI,BIHAR,D109,BENIPATTI,1.37
30-10-2025,26.5,86.5,MADHUBANI,BIHAR,D109,BENIPATTI,1.75
31-10-2025,26.5,86.5,MADHUBANI,BIHAR,D109,BENIPATTI,1.87
01-11-2025,26.5,86.5,MADHUBANI,BIHAR,D109,BENIPATTI,1.81
02-11-2025,26.5,86.5,MADHUBANI,BIHAR,D109,BENIPATTI,1.4
03-11-2025,26.5,86.5,MADHUBANI,BIHAR,D109,BENIPATTI,1.15
04-11-2025,26.5,86.5,MADHUBANI,BIHAR,D109,BENIPATTI,1.13
05-11-2025,26.5,86.5,MADHUBANI,BIHAR,D109,BENIPATTI,1.02
06-11-2025,26.5,86.5,MADHUBANI,BIHAR,D109,BENIPATTI,1.17
07-11-2025,26.5,86.5,MADHUBANI,BIHAR,D109,BENIPATTI,0.98
08-11-2025,26.5,86.5,MADHUBANI,BIHAR,D109,BENIPATTI,0.99
09-11-2025,26.5,86.5,MADHUBANI,BIHAR,D109,BENIPATTI,1.04
10-11-2025,26.5,86.5,MADHUBANI,BIHAR,D109,BENIPATTI,0.99
11-11-2025,26.5,86.5,MADHUBANI,BIHAR,D109,BENIPATTI,1.23
12-11-2025,26.5,86.5,MADHUBANI,BIHAR,D109,BENIPATTI,1.14
13-11-2025,26.5,86.5,MADHUBANI,BIHAR,D109,BENIPATTI,1.13
14-11-2025,26.5,86.5,MADHUBANI,BIHAR,D109,BENIPATTI,1.08
15-11-2025,26.5,86.5,MADHUBANI,BIHAR,D109,BENIPATTI,0.82
16-11-2025,26.5,86.5,MADHUBANI,BIHAR,D109,BENIPATTI,1.18
17-11-2025,26.5,86.5,MADHUBANI,BIHAR,D109,BENIPATTI,1.37
18-11-2025,26.5,86.5,MADHUBANI,BIHAR,D109,BENIPATTI,1.04
19-11-2025,26.5,86.5,MADHUBANI,BIHAR,D109,BENIPATTI,0.93
20-11-2025,26.5,86.5,MADHUBANI,BIHAR,D109,BENIPATTI,1.12
21-11-2025,26.5,86.5,MADHUBANI,BIHAR,D109,BENIPATTI,0.99
22-11-2025,26.5,86.5,MADHUBANI,BIHAR,D109,BENIPATTI,1.11
23-11-2025,26.5,86.5,MADHUBANI,BIHAR,D109,BENIPATTI,0.99
24-11-2025,26.5,86.5,MADHUBANI,BIHAR,D109,BENIPATTI,0.99
25-11-2025,26.5,86.5,MADHUBANI,BIHAR,D109,BENIPATTI,1.05
26-11-2025,26.5,86.5,MADHUBANI,BIHAR,D109,BENIPATTI,0.99
27-11-2025,26.5,86.5,MADHUBANI,BIHAR,D109,BENIPATTI,1.35
28-11-2025,26.5,86.5,MADHUBANI,BIHAR,D109,BENIPATTI,1.07
29-11-2025,26.5,86.5,MADHUBANI,BIHAR,D109,BENIPATTI,1.21
30-11-2025,26.5,86.5,MADHUBANI,BIHAR,D109,BENIPATTI,1.14
01-12-2025,26.5,86.5,MADHUBANI,BIHAR,D109,BENIPATTI,1.28
02-12-2025,26.5,86.5,MADHUBANI,BIHAR,D109,BENIPATTI,1.24
03-12-2025,26.5,86.5,MADHUBANI,BIHAR,D109,BENIPATTI,1.24
04-12-2025,26.5,86.5,MADHUBANI,BIHAR,D109,BENIPATTI,1.22
05-12-2025,26.5,86.5,MADHUBANI,BIHAR,D109,BENIPATTI,1.1
06-12-2025,26.5,86.5,MADHUBANI,BIHAR,D109,BENIPATTI,1.15
07-12-2025,26.5,86.5,MADHUBANI,BIHAR,D109,BENIPATTI,1.32
08-12-2025,26.5,86.5,MADHUBANI,BIHAR,D109,BENIPATTI,1.25
09-12-2025,26.5,86.5,MADHUBANI,BIHAR,D109,BENIPATTI,1.59
10-12-2025,26.5,86.5,MADHUBANI,BIHAR,D109,BENIPATTI,1.87
11-12-2025,26.5,86.5,MADHUBANI,BIHAR,D109,BENIPATTI,2
12-12-2025,26.5,86.5,MADHUBANI,BIHAR,D109,BENIPATTI,1.62
13-12-2025,26.5,86.5,MADHUBANI,BIHAR,D109,BENIPATTI,1.71
14-12-2025,26.5,86.5,MADHUBANI,BIHAR,D109,BENIPATTI,1.76
15-12-2025,26.5,86.5,MADHUBANI,BIHAR,D109,BENIPATTI,1.52
16-12-2025,26.5,86.5,MADHUBANI,BIHAR,D109,BENIPATTI,1.48
17-12-2025,26.5,86.5,MADHUBANI,BIHAR,D109,BENIPATTI,1.73
18-12-2025,26.5,86.5,MADHUBANI,BIHAR,D109,BENIPATTI,2
19-12-2025,26.5,86.5,MADHUBANI,BIHAR,D109,BENIPATTI,1.94
20-12-2025,26.5,86.5,MADHUBANI,BIHAR,D109,BENIPATTI,2.23
21-12-2025,26.5,86.5,MADHUBANI,BIHAR,D109,BENIPATTI,2.26
22-12-2025,26.5,86.5,MADHUBANI,BIHAR,D109,BENIPATTI,2.2
23-12-2025,26.5,86.5,MADHUBANI,BIHAR,D109,BENIPATTI,2
24-12-2025,26.5,86.5,MADHUBANI,BIHAR,D109,BENIPATTI,1.82
25-12-2025,26.5,86.5,MADHUBANI,BIHAR,D109,BENIPATTI,2.03
26-12-2025,26.5,86.5,MADHUBANI,BIHAR,D109,BENIPATTI,1.81
27-12-2025,26.5,86.5,MADHUBANI,BIHAR,D109,BENIPATTI,2.19
28-12-2025,26.5,86.5,MADHUBANI,BIHAR,D109,BENIPATTI,2.12
29-12-2025,26.5,86.5,MADHUBANI,BIHAR,D109,BENIPATTI,2.3
30-12-2025,26.5,86.5,MADHUBANI,BIHAR,D109,BENIPATTI,2.01
31-12-2025,26.5,86.5,MADHUBANI,BIHAR,D109,BENIPATTI,2.1
01-01-2025,26.5,85.5,SITAMARHI,BIHAR,D124,RUNISAIDPUR,2.58
02-01-2025,26.5,85.5,SITAMARHI,BIHAR,D124,RUNISAIDPUR,2.78
03-01-2025,26.5,85.5,SITAMARHI,BIHAR,D124,RUNISAIDPUR,2.83
04-01-2025,26.5,85.5,SITAMARHI,BIHAR,D124,RUNISAIDPUR,2.86
05-01-2025,26.5,85.5,SITAMARHI,BIHAR,D124,RUNISAIDPUR,2.86
06-01-2025,26.5,85.5,SITAMARHI,BIHAR,D124,RUNISAIDPUR,3.02
07-01-2025,26.5,85.5,SITAMARHI,BIHAR,D124,RUNISAIDPUR,3.24
08-01-2025,26.5,85.5,SITAMARHI,BIHAR,D124,RUNISAIDPUR,3.08
09-01-2025,26.5,85.5,SITAMARHI,BIHAR,D124,RUNISAIDPUR,2.85
10-01-2025,26.5,85.5,SITAMARHI,BIHAR,D124,RUNISAIDPUR,3.15
11-01-2025,26.5,85.5,SITAMARHI,BIHAR,D124,RUNISAIDPUR,3.07
12-01-2025,26.5,85.5,SITAMARHI,BIHAR,D124,RUNISAIDPUR,2.54
13-01-2025,26.5,85.5,SITAMARHI,BIHAR,D124,RUNISAIDPUR,2.52
14-01-2025,26.5,85.5,SITAMARHI,BIHAR,D124,RUNISAIDPUR,2.78
15-01-2025,26.5,85.5,SITAMARHI,BIHAR,D124,RUNISAIDPUR,2.76
16-01-2025,26.5,85.5,SITAMARHI,BIHAR,D124,RUNISAIDPUR,2.99
17-01-2025,26.5,85.5,SITAMARHI,BIHAR,D124,RUNISAIDPUR,2.77
18-01-2025,26.5,85.5,SITAMARHI,BIHAR,D124,RUNISAIDPUR,3.18
19-01-2025,26.5,85.5,SITAMARHI,BIHAR,D124,RUNISAIDPUR,3.05
20-01-2025,26.5,85.5,SITAMARHI,BIHAR,D124,RUNISAIDPUR,2.4
21-01-2025,26.5,85.5,SITAMARHI,BIHAR,D124,RUNISAIDPUR,2.53
22-01-2025,26.5,85.5,SITAMARHI,BIHAR,D124,RUNISAIDPUR,2.48
23-01-2025,26.5,85.5,SITAMARHI,BIHAR,D124,RUNISAIDPUR,2.6
24-01-2025,26.5,85.5,SITAMARHI,BIHAR,D124,RUNISAIDPUR,2.63
25-01-2025,26.5,85.5,SITAMARHI,BIHAR,D124,RUNISAIDPUR,2.41
26-01-2025,26.5,85.5,SITAMARHI,BIHAR,D124,RUNISAIDPUR,2.12
27-01-2025,26.5,85.5,SITAMARHI,BIHAR,D124,RUNISAIDPUR,2.21
28-01-2025,26.5,85.5,SITAMARHI,BIHAR,D124,RUNISAIDPUR,1.95
29-01-2025,26.5,85.5,SITAMARHI,BIHAR,D124,RUNISAIDPUR,2.2
30-01-2025,26.5,85.5,SITAMARHI,BIHAR,D124,RUNISAIDPUR,2.33
31-01-2025,26.5,85.5,SITAMARHI,BIHAR,D124,RUNISAIDPUR,2.1
01-02-2025,26.5,85.5,SITAMARHI,BIHAR,D124,RUNISAIDPUR,2.18
02-02-2025,26.5,85.5,SITAMARHI,BIHAR,D124,RUNISAIDPUR,2.27
03-02-2025,26.5,85.5,SITAMARHI,BIHAR,D124,RUNISAIDPUR,2.03
04-02-2025,26.5,85.5,SITAMARHI,BIHAR,D124,RUNISAIDPUR,2.19
05-02-2025,26.5,85.5,SITAMARHI,BIHAR,D124,RUNISAIDPUR,2.23
06-02-2025,26.5,85.5,SITAMARHI,BIHAR,D124,RUNISAIDPUR,2.07
07-02-2025,26.5,85.5,SITAMARHI,BIHAR,D124,RUNISAIDPUR,2.1
08-02-2025,26.5,85.5,SITAMARHI,BIHAR,D124,RUNISAIDPUR,2.04
09-02-2025,26.5,85.5,SITAMARHI,BIHAR,D124,RUNISAIDPUR,1.62
10-02-2025,26.5,85.5,SITAMARHI,BIHAR,D124,RUNISAIDPUR,1.69
11-02-2025,26.5,85.5,SITAMARHI,BIHAR,D124,RUNISAIDPUR,2.24
12-02-2025,26.5,85.5,SITAMARHI,BIHAR,D124,RUNISAIDPUR,1.96
13-02-2025,26.5,85.5,SITAMARHI,BIHAR,D124,RUNISAIDPUR,2.17
14-02-2025,26.5,85.5,SITAMARHI,BIHAR,D124,RUNISAIDPUR,2.55
15-02-2025,26.5,85.5,SITAMARHI,BIHAR,D124,RUNISAIDPUR,2.32
16-02-2025,26.5,85.5,SITAMARHI,BIHAR,D124,RUNISAIDPUR,2.15
17-02-2025,26.5,85.5,SITAMARHI,BIHAR,D124,RUNISAIDPUR,2.12
18-02-2025,26.5,85.5,SITAMARHI,BIHAR,D124,RUNISAIDPUR,1.87
19-02-2025,26.5,85.5,SITAMARHI,BIHAR,D124,RUNISAIDPUR,1.59
20-02-2025,26.5,85.5,SITAMARHI,BIHAR,D124,RUNISAIDPUR,2.1
21-02-2025,26.5,85.5,SITAMARHI,BIHAR,D124,RUNISAIDPUR,1.88
22-02-2025,26.5,85.5,SITAMARHI,BIHAR,D124,RUNISAIDPUR,2.06
23-02-2025,26.5,85.5,SITAMARHI,BIHAR,D124,RUNISAIDPUR,1.81
24-02-2025,26.5,85.5,SITAMARHI,BIHAR,D124,RUNISAIDPUR,1.83
25-02-2025,26.5,85.5,SITAMARHI,BIHAR,D124,RUNISAIDPUR,2.13
26-02-2025,26.5,85.5,SITAMARHI,BIHAR,D124,RUNISAIDPUR,2.11
27-02-2025,26.5,85.5,SITAMARHI,BIHAR,D124,RUNISAIDPUR,2.03
28-02-2025,26.5,85.5,SITAMARHI,BIHAR,D124,RUNISAIDPUR,2.22
29-02-2025,26.5,85.5,SITAMARHI,BIHAR,D124,RUNISAIDPUR,2.23
01-03-2025,26.5,85.5,SITAMARHI,BIHAR,D124,RUNISAIDPUR,2.12
02-03-2025,26.5,85.5,SITAMARHI,BIHAR,D124,RUNISAIDPUR,1.94
03-03-2025,26.5,85.5,SITAMARHI,BIHAR,D124,RUNISAIDPUR,2
04-03-2025,26.5,85.5,SITAMARHI,BIHAR,D124,RUNISAIDPUR,1.93
05-03-2025,26.5,85.5,SITAMARHI,BIHAR,D124,RUNISAIDPUR,2.23
06-03-2025,26.5,85.5,SITAMARHI,BIHAR,D124,RUNISAIDPUR,2.22
07-03-2025,26.5,85.5,SITAMARHI,BIHAR,D124,RUNISAIDPUR,2.11
08-03-2025,26.5,85.5,SITAMARHI,BIHAR,D124,RUNISAIDPUR,1.99
09-03-2025,26.5,85.5,SITAMARHI,BIHAR,D124,RUNISAIDPUR,1.88
10-03-2025,26.5,85.5,SITAMARHI,BIHAR,D124,RUNISAIDPUR,2.16
11-03-2025,26.5,85.5,SITAMARHI,BIHAR,D124,RUNISAIDPUR,2.1
12-03-2025,26.5,85.5,SITAMARHI,BIHAR,D124,RUNISAIDPUR,1.9
13-03-2025,26.5,85.5,SITAMARHI,BIHAR,D124,RUNISAIDPUR,2.62
14-03-2025,26.5,85.5,SITAMARHI,BIHAR,D124,RUNISAIDPUR,2.46
15-03-2025,26.5,85.5,SITAMARHI,BIHAR,D124,RUNISAIDPUR,2.09
16-03-2025,26.5,85.5,SITAMARHI,BIHAR,D124,RUNISAIDPUR,1.92
17-03-2025,26.5,85.5,SITAMARHI,BIHAR,D124,RUNISAIDPUR,2.04
18-03-2025,26.5,85.5,SITAMARHI,BIHAR,D124,RUNISAIDPUR,1.73
19-03-2025,26.5,85.5,SITAMARHI,BIHAR,D124,RUNISAIDPUR,2.21
20-03-2025,26.5,85.5,SITAMARHI,BIHAR,D124,RUNISAIDPUR,2.78
21-03-2025,26.5,85.5,SITAMARHI,BIHAR,D124,RUNISAIDPUR,2.54
22-03-2025,26.5,85.5,SITAMARHI,BIHAR,D124,RUNISAIDPUR,2.11
23-03-2025,26.5,85.5,SITAMARHI,BIHAR,D124,RUNISAIDPUR,1.96
24-03-2025,26.5,85.5,SITAMARHI,BIHAR,D124,RUNISAIDPUR,1.9
25-03-2025,26.5,85.5,SITAMARHI,BIHAR,D124,RUNISAIDPUR,2.12
26-03-2025,26.5,85.5,SITAMARHI,BIHAR,D124,RUNISAIDPUR,2.18
27-03-2025,26.5,85.5,SITAMARHI,BIHAR,D124,RUNISAIDPUR,1.87
28-03-2025,26.5,85.5,SITAMARHI,BIHAR,D124,RUNISAIDPUR,1.56
29-03-2025,26.5,85.5,SITAMARHI,BIHAR,D124,RUNISAIDPUR,1.31
30-03-2025,26.5,85.5,SITAMARHI,BIHAR,D124,RUNISAIDPUR,1.69
31-03-2025,26.5,85.5,SITAMARHI,BIHAR,D124,RUNISAIDPUR,2.24
01-04-2025,26.5,85.5,SITAMARHI,BIHAR,D124,RUNISAIDPUR,2.12
02-04-2025,26.5,85.5,SITAMARHI,BIHAR,D124,RUNISAIDPUR,1.95
03-04-2025,26.5,85.5,SITAMARHI,BIHAR,D124,RUNISAIDPUR,1.86
04-04-2025,26.5,85.5,SITAMARHI,BIHAR,D124,RUNISAIDPUR,2.37
05-04-2025,26.5,85.5,SITAMARHI,BIHAR,D124,RUNISAIDPUR,2.38
06-04-2025,26.5,85.5,SITAMARHI,BIHAR,D124,RUNISAIDPUR,2.12
07-04-2025,26.5,85.5,SITAMARHI,BIHAR,D124,RUNISAIDPUR,1.99
08-04-2025,26.5,85.5,SITAMARHI,BIHAR,D124,RUNISAIDPUR,1.92
09-04-2025,26.5,85.5,SITAMARHI,BIHAR,D124,RUNISAIDPUR,2.12
10-04-2025,26.5,85.5,SITAMARHI,BIHAR,D124,RUNISAIDPUR,2.43
11-04-2025,26.5,85.5,SITAMARHI,BIHAR,D124,RUNISAIDPUR,2.2
12-04-2025,26.5,85.5,SITAMARHI,BIHAR,D124,RUNISAIDPUR,2.02
13-04-2025,26.5,85.5,SITAMARHI,BIHAR,D124,RUNISAIDPUR,1.99
14-04-2025,26.5,85.5,SITAMARHI,BIHAR,D124,RUNISAIDPUR,1.81
15-04-2025,26.5,85.5,SITAMARHI,BIHAR,D124,RUNISAIDPUR,2.07
16-04-2025,26.5,85.5,SITAMARHI,BIHAR,D124,RUNISAIDPUR,1.66
17-04-2025,26.5,85.5,SITAMARHI,BIHAR,D124,RUNISAIDPUR,2.11
18-04-2025,26.5,85.5,SITAMARHI,BIHAR,D124,RUNISAIDPUR,2.02
19-04-2025,26.5,85.5,SITAMARHI,BIHAR,D124,RUNISAIDPUR,2.31
20-04-2025,26.5,85.5,SITAMARHI,BIHAR,D124,RUNISAIDPUR,2.38
21-04-2025,26.5,85.5,SITAMARHI,BIHAR,D124,RUNISAIDPUR,2.65
22-04-2025,26.5,85.5,SITAMARHI,BIHAR,D124,RUNISAIDPUR,2.49
23-04-2025,26.5,85.5,SITAMARHI,BIHAR,D124,RUNISAIDPUR,2.32
24-04-2025,26.5,85.5,SITAMARHI,BIHAR,D124,RUNISAIDPUR,2.8
25-04-2025,26.5,85.5,SITAMARHI,BIHAR,D124,RUNISAIDPUR,3.07
26-04-2025,26.5,85.5,SITAMARHI,BIHAR,D124,RUNISAIDPUR,3.15
27-04-2025,26.5,85.5,SITAMARHI,BIHAR,D124,RUNISAIDPUR,2.55
28-04-2025,26.5,85.5,SITAMARHI,BIHAR,D124,RUNISAIDPUR,2.72
29-04-2025,26.5,85.5,SITAMARHI,BIHAR,D124,RUNISAIDPUR,2.33
30-04-2025,26.5,85.5,SITAMARHI,BIHAR,D124,RUNISAIDPUR,2.67
01-05-2025,26.5,85.5,SITAMARHI,BIHAR,D124,RUNISAIDPUR,2.84
02-05-2025,26.5,85.5,SITAMARHI,BIHAR,D124,RUNISAIDPUR,2.23
03-05-2025,26.5,85.5,SITAMARHI,BIHAR,D124,RUNISAIDPUR,2.14
04-05-2025,26.5,85.5,SITAMARHI,BIHAR,D124,RUNISAIDPUR,2.29
05-05-2025,26.5,85.5,SITAMARHI,BIHAR,D124,RUNISAIDPUR,2.08
06-05-2025,26.5,85.5,SITAMARHI,BIHAR,D124,RUNISAIDPUR,1.9
07-05-2025,26.5,85.5,SITAMARHI,BIHAR,D124,RUNISAIDPUR,2.44
08-05-2025,26.5,85.5,SITAMARHI,BIHAR,D124,RUNISAIDPUR,2.11
09-05-2025,26.5,85.5,SITAMARHI,BIHAR,D124,RUNISAIDPUR,2.39
10-05-2025,26.5,85.5,SITAMARHI,BIHAR,D124,RUNISAIDPUR,2.31
11-05-2025,26.5,85.5,SITAMARHI,BIHAR,D124,RUNISAIDPUR,2.3
12-05-2025,26.5,85.5,SITAMARHI,BIHAR,D124,RUNISAIDPUR,2.59
13-05-2025,26.5,85.5,SITAMARHI,BIHAR,D124,RUNISAIDPUR,2.31
14-05-2025,26.5,85.5,SITAMARHI,BIHAR,D124,RUNISAIDPUR,2.38
15-05-2025,26.5,85.5,SITAMARHI,BIHAR,D124,RUNISAIDPUR,2.28
16-05-2025,26.5,85.5,SITAMARHI,BIHAR,D124,RUNISAIDPUR,2.13
17-05-2025,26.5,85.5,SITAMARHI,BIHAR,D124,RUNISAIDPUR,1.71
18-05-2025,26.5,85.5,SITAMARHI,BIHAR,D124,RUNISAIDPUR,1.51
19-05-2025,26.5,85.5,SITAMARHI,BIHAR,D124,RUNISAIDPUR,2.08
20-05-2025,26.5,85.5,SITAMARHI,BIHAR,D124,RUNISAIDPUR,2.8
21-05-2025,26.5,85.5,SITAMARHI,BIHAR,D124,RUNISAIDPUR,2.63
22-05-2025,26.5,85.5,SITAMARHI,BIHAR,D124,RUNISAIDPUR,2.54
23-05-2025,26.5,85.5,SITAMARHI,BIHAR,D124,RUNISAIDPUR,2.45
24-05-2025,26.5,85.5,SITAMARHI,BIHAR,D124,RUNISAIDPUR,2.56
25-05-2025,26.5,85.5,SITAMARHI,BIHAR,D124,RUNISAIDPUR,2.82
26-05-2025,26.5,85.5,SITAMARHI,BIHAR,D124,RUNISAIDPUR,2.53
27-05-2025,26.5,85.5,SITAMARHI,BIHAR,D124,RUNISAIDPUR,2.94
28-05-2025,26.5,85.5,SITAMARHI,BIHAR,D124,RUNISAIDPUR,3.3
29-05-2025,26.5,85.5,SITAMARHI,BIHAR,D124,RUNISAIDPUR,2.78
30-05-2025,26.5,85.5,SITAMARHI,BIHAR,D124,RUNISAIDPUR,2.76
31-05-2025,26.5,85.5,SITAMARHI,BIHAR,D124,RUNISAIDPUR,2.86
01-06-2025,26.5,85.5,SITAMARHI,BIHAR,D124,RUNISAIDPUR,2.47
02-06-2025,26.5,85.5,SITAMARHI,BIHAR,D124,RUNISAIDPUR,2.12
03-06-2025,26.5,85.5,SITAMARHI,BIHAR,D124,RUNISAIDPUR,2.07
04-06-2025,26.5,85.5,SITAMARHI,BIHAR,D124,RUNISAIDPUR,2.39
05-06-2025,26.5,85.5,SITAMARHI,BIHAR,D124,RUNISAIDPUR,2.31
06-06-2025,26.5,85.5,SITAMARHI,BIHAR,D124,RUNISAIDPUR,2.44
07-06-2025,26.5,85.5,SITAMARHI,BIHAR,D124,RUNISAIDPUR,2.95
08-06-2025,26.5,85.5,SITAMARHI,BIHAR,D124,RUNISAIDPUR,3.07
09-06-2025,26.5,85.5,SITAMARHI,BIHAR,D124,RUNISAIDPUR,2.72
10-06-2025,26.5,85.5,SITAMARHI,BIHAR,D124,RUNISAIDPUR,2.27
11-06-2025,26.5,85.5,SITAMARHI,BIHAR,D124,RUNISAIDPUR,2.23
12-06-2025,26.5,85.5,SITAMARHI,BIHAR,D124,RUNISAIDPUR,2.44
13-06-2025,26.5,85.5,SITAMARHI,BIHAR,D124,RUNISAIDPUR,2.33
14-06-2025,26.5,85.5,SITAMARHI,BIHAR,D124,RUNISAIDPUR,2.98
15-06-2025,26.5,85.5,SITAMARHI,BIHAR,D124,RUNISAIDPUR,3.11
16-06-2025,26.5,85.5,SITAMARHI,BIHAR,D124,RUNISAIDPUR,2.86
17-06-2025,26.5,85.5,SITAMARHI,BIHAR,D124,RUNISAIDPUR,2.58
18-06-2025,26.5,85.5,SITAMARHI,BIHAR,D124,RUNISAIDPUR,2.83
19-06-2025,26.5,85.5,SITAMARHI,BIHAR,D124,RUNISAIDPUR,3.17
20-06-2025,26.5,85.5,SITAMARHI,BIHAR,D124,RUNISAIDPUR,2.62
21-06-2025,26.5,85.5,SITAMARHI,BIHAR,D124,RUNISAIDPUR,2.32
22-06-2025,26.5,85.5,SITAMARHI,BIHAR,D124,RUNISAIDPUR,1.95
23-06-2025,26.5,85.5,SITAMARHI,BIHAR,D124,RUNISAIDPUR,1.92
24-06-2025,26.5,85.5,SITAMARHI,BIHAR,D124,RUNISAIDPUR,1.8
25-06-2025,26.5,85.5,SITAMARHI,BIHAR,D124,RUNISAIDPUR,1.98
26-06-2025,26.5,85.5,SITAMARHI,BIHAR,D124,RUNISAIDPUR,1.84
27-06-2025,26.5,85.5,SITAMARHI,BIHAR,D124,RUNISAIDPUR,1.72
28-06-2025,26.5,85.5,SITAMARHI,BIHAR,D124,RUNISAIDPUR,2.03
29-06-2025,26.5,85.5,SITAMARHI,BIHAR,D124,RUNISAIDPUR,2.36
30-06-2025,26.5,85.5,SITAMARHI,BIHAR,D124,RUNISAIDPUR,2.07
01-07-2025,26.5,85.5,SITAMARHI,BIHAR,D124,RUNISAIDPUR,1.63
02-07-2025,26.5,85.5,SITAMARHI,BIHAR,D124,RUNISAIDPUR,1.52
03-07-2025,26.5,85.5,SITAMARHI,BIHAR,D124,RUNISAIDPUR,1.28
04-07-2025,26.5,85.5,SITAMARHI,BIHAR,D124,RUNISAIDPUR,1.61
05-07-2025,26.5,85.5,SITAMARHI,BIHAR,D124,RUNISAIDPUR,1.74
06-07-2025,26.5,85.5,SITAMARHI,BIHAR,D124,RUNISAIDPUR,1.39
07-07-2025,26.5,85.5,SITAMARHI,BIHAR,D124,RUNISAIDPUR,1.38
08-07-2025,26.5,85.5,SITAMARHI,BIHAR,D124,RUNISAIDPUR,1.7
09-07-2025,26.5,85.5,SITAMARHI,BIHAR,D124,RUNISAIDPUR,1.67
10-07-2025,26.5,85.5,SITAMARHI,BIHAR,D124,RUNISAIDPUR,1.85
11-07-2025,26.5,85.5,SITAMARHI,BIHAR,D124,RUNISAIDPUR,1.93
12-07-2025,26.5,85.5,SITAMARHI,BIHAR,D124,RUNISAIDPUR,1.89
13-07-2025,26.5,85.5,SITAMARHI,BIHAR,D124,RUNISAIDPUR,1.91
14-07-2025,26.5,85.5,SITAMARHI,BIHAR,D124,RUNISAIDPUR,1.73
15-07-2025,26.5,85.5,SITAMARHI,BIHAR,D124,RUNISAIDPUR,1.59
16-07-2025,26.5,85.5,SITAMARHI,BIHAR,D124,RUNISAIDPUR,1.88
17-07-2025,26.5,85.5,SITAMARHI,BIHAR,D124,RUNISAIDPUR,1.76
18-07-2025,26.5,85.5,SITAMARHI,BIHAR,D124,RUNISAIDPUR,1.73
19-07-2025,26.5,85.5,SITAMARHI,BIHAR,D124,RUNISAIDPUR,1.85
20-07-2025,26.5,85.5,SITAMARHI,BIHAR,D124,RUNISAIDPUR,1.81
21-07-2025,26.5,85.5,SITAMARHI,BIHAR,D124,RUNISAIDPUR,1.47
22-07-2025,26.5,85.5,SITAMARHI,BIHAR,D124,RUNISAIDPUR,1.34
23-07-2025,26.5,85.5,SITAMARHI,BIHAR,D124,RUNISAIDPUR,1.69
24-07-2025,26.5,85.5,SITAMARHI,BIHAR,D124,RUNISAIDPUR,1.51
25-07-2025,26.5,85.5,SITAMARHI,BIHAR,D124,RUNISAIDPUR,1.7
26-07-2025,26.5,85.5,SITAMARHI,BIHAR,D124,RUNISAIDPUR,1.68
27-07-2025,26.5,85.5,SITAMARHI,BIHAR,D124,RUNISAIDPUR,1.65
28-07-2025,26.5,85.5,SITAMARHI,BIHAR,D124,RUNISAIDPUR,1.47
29-07-2025,26.5,85.5,SITAMARHI,BIHAR,D124,RUNISAIDPUR,1.36
30-07-2025,26.5,85.5,SITAMARHI,BIHAR,D124,RUNISAIDPUR,1.42
31-07-2025,26.5,85.5,SITAMARHI,BIHAR,D124,RUNISAIDPUR,1.56
01-08-2025,26.5,85.5,SITAMARHI,BIHAR,D124,RUNISAIDPUR,1.46
02-08-2025,26.5,85.5,SITAMARHI,BIHAR,D124,RUNISAIDPUR,1.21
03-08-2025,26.5,85.5,SITAMARHI,BIHAR,D124,RUNISAIDPUR,1.39
04-08-2025,26.5,85.5,SITAMARHI,BIHAR,D124,RUNISAIDPUR,1.41
05-08-2025,26.5,85.5,SITAMARHI,BIHAR,D124,RUNISAIDPUR,1.26
06-08-2025,26.5,85.5,SITAMARHI,BIHAR,D124,RUNISAIDPUR,1.21
07-08-2025,26.5,85.5,SITAMARHI,BIHAR,D124,RUNISAIDPUR,1.09
08-08-2025,26.5,85.5,SITAMARHI,BIHAR,D124,RUNISAIDPUR,1.39
09-08-2025,26.5,85.5,SITAMARHI,BIHAR,D124,RUNISAIDPUR,1.42
10-08-2025,26.5,85.5,SITAMARHI,BIHAR,D124,RUNISAIDPUR,1.27
11-08-2025,26.5,85.5,SITAMARHI,BIHAR,D124,RUNISAIDPUR,1.41
12-08-2025,26.5,85.5,SITAMARHI,BIHAR,D124,RUNISAIDPUR,1.62
13-08-2025,26.5,85.5,SITAMARHI,BIHAR,D124,RUNISAIDPUR,1.72
14-08-2025,26.5,85.5,SITAMARHI,BIHAR,D124,RUNISAIDPUR,1.72
15-08-2025,26.5,85.5,SITAMARHI,BIHAR,D124,RUNISAIDPUR,1.46
16-08-2025,26.5,85.5,SITAMARHI,BIHAR,D124,RUNISAIDPUR,1.52
17-08-2025,26.5,85.5,SITAMARHI,BIHAR,D124,RUNISAIDPUR,1.48
18-08-2025,26.5,85.5,SITAMARHI,BIHAR,D124,RUNISAIDPUR,1.68
19-08-2025,26.5,85.5,SITAMARHI,BIHAR,D124,RUNISAIDPUR,1.43
20-08-2025,26.5,85.5,SITAMARHI,BIHAR,D124,RUNISAIDPUR,1.19
21-08-2025,26.5,85.5,SITAMARHI,BIHAR,D124,RUNISAIDPUR,1.35
22-08-2025,26.5,85.5,SITAMARHI,BIHAR,D124,RUNISAIDPUR,1.37
23-08-2025,26.5,85.5,SITAMARHI,BIHAR,D124,RUNISAIDPUR,1.35
24-08-2025,26.5,85.5,SITAMARHI,BIHAR,D124,RUNISAIDPUR,1.27
25-08-2025,26.5,85.5,SITAMARHI,BIHAR,D124,RUNISAIDPUR,1.47
26-08-2025,26.5,85.5,SITAMARHI,BIHAR,D124,RUNISAIDPUR,1.5
27-08-2025,26.5,85.5,SITAMARHI,BIHAR,D124,RUNISAIDPUR,1.38
28-08-2025,26.5,85.5,SITAMARHI,BIHAR,D124,RUNISAIDPUR,1.45
29-08-2025,26.5,85.5,SITAMARHI,BIHAR,D124,RUNISAIDPUR,1.17
30-08-2025,26.5,85.5,SITAMARHI,BIHAR,D124,RUNISAIDPUR,1.49
31-08-2025,26.5,85.5,SITAMARHI,BIHAR,D124,RUNISAIDPUR,1.54
01-09-2025,26.5,85.5,SITAMARHI,BIHAR,D124,RUNISAIDPUR,1.6
02-09-2025,26.5,85.5,SITAMARHI,BIHAR,D124,RUNISAIDPUR,1.64
03-09-2025,26.5,85.5,SITAMARHI,BIHAR,D124,RUNISAIDPUR,1.49
04-09-2025,26.5,85.5,SITAMARHI,BIHAR,D124,RUNISAIDPUR,1.26
05-09-2025,26.5,85.5,SITAMARHI,BIHAR,D124,RUNISAIDPUR,1.48
06-09-2025,26.5,85.5,SITAMARHI,BIHAR,D124,RUNISAIDPUR,1.58
07-09-2025,26.5,85.5,SITAMARHI,BIHAR,D124,RUNISAIDPUR,1.52
08-09-2025,26.5,85.5,SITAMARHI,BIHAR,D124,RUNISAIDPUR,1.37
09-09-2025,26.5,85.5,SITAMARHI,BIHAR,D124,RUNISAIDPUR,1.42
10-09-2025,26.5,85.5,SITAMARHI,BIHAR,D124,RUNISAIDPUR,1.37
11-09-2025,26.5,85.5,SITAMARHI,BIHAR,D124,RUNISAIDPUR,1.31
12-09-2025,26.5,85.5,SITAMARHI,BIHAR,D124,RUNISAIDPUR,1.83
13-09-2025,26.5,85.5,SITAMARHI,BIHAR,D124,RUNISAIDPUR,1.75
14-09-2025,26.5,85.5,SITAMARHI,BIHAR,D124,RUNISAIDPUR,1.72
15-09-2025,26.5,85.5,SITAMARHI,BIHAR,D124,RUNISAIDPUR,1.55
16-09-2025,26.5,85.5,SITAMARHI,BIHAR,D124,RUNISAIDPUR,1.55
17-09-2025,26.5,85.5,SITAMARHI,BIHAR,D124,RUNISAIDPUR,1.55
18-09-2025,26.5,85.5,SITAMARHI,BIHAR,D124,RUNISAIDPUR,1.78
19-09-2025,26.5,85.5,SITAMARHI,BIHAR,D124,RUNISAIDPUR,1.55
20-09-2025,26.5,85.5,SITAMARHI,BIHAR,D124,RUNISAIDPUR,1.37
21-09-2025,26.5,85.5,SITAMARHI,BIHAR,D124,RUNISAIDPUR,1.63
22-09-2025,26.5,85.5,SITAMARHI,BIHAR,D124,RUNISAIDPUR,1.68
23-09-2025,26.5,85.5,SITAMARHI,BIHAR,D124,RUNISAIDPUR,1.96
24-09-2025,26.5,85.5,SITAMARHI,BIHAR,D124,RUNISAIDPUR,2.14
25-09-2025,26.5,85.5,SITAMARHI,BIHAR,D124,RUNISAIDPUR,1.99
26-09-2025,26.5,85.5,SITAMARHI,BIHAR,D124,RUNISAIDPUR,2.38
27-09-2025,26.5,85.5,SITAMARHI,BIHAR,D124,RUNISAIDPUR,2.13
28-09-2025,26.5,85.5,SITAMARHI,BIHAR,D124,RUNISAIDPUR,2.2
29-09-2025,26.5,85.5,SITAMARHI,BIHAR,D124,RUNISAIDPUR,2.11
30-09-2025,26.5,85.5,SITAMARHI,BIHAR,D124,RUNISAIDPUR,1.94
01-10-2025,26.5,85.5,SITAMARHI,BIHAR,D124,RUNISAIDPUR,1.42
02-10-2025,26.5,85.5,SITAMARHI,BIHAR,D124,RUNISAIDPUR,1.62
03-10-2025,26.5,85.5,SITAMARHI,BIHAR,D124,RUNISAIDPUR,1.6
04-10-2025,26.5,85.5,SITAMARHI,BIHAR,D124,RUNISAIDPUR,1.82
05-10-2025,26.5,85.5,SITAMARHI,BIHAR,D124,RUNISAIDPUR,1.73
06-10-2025,26.5,85.5,SITAMARHI,BIHAR,D124,RUNISAIDPUR,1.65
07-10-2025,26.5,85.5,SITAMARHI,BIHAR,D124,RUNISAIDPUR,1.66
08-10-2025,26.5,85.5,SITAMARHI,BIHAR,D124,RUNISAIDPUR,1.73
09-10-2025,26.5,85.5,SITAMARHI,BIHAR,D124,RUNISAIDPUR,1.87
10-10-2025,26.5,85.5,SITAMARHI,BIHAR,D124,RUNISAIDPUR,1.42
11-10-2025,26.5,85.5,SITAMARHI,BIHAR,D124,RUNISAIDPUR,1.25
12-10-2025,26.5,85.5,SITAMARHI,BIHAR,D124,RUNISAIDPUR,1.35
13-10-2025,26.5,85.5,SITAMARHI,BIHAR,D124,RUNISAIDPUR,1.53
14-10-2025,26.5,85.5,SITAMARHI,BIHAR,D124,RUNISAIDPUR,1.68
15-10-2025,26.5,85.5,SITAMARHI,BIHAR,D124,RUNISAIDPUR,1.71
16-10-2025,26.5,85.5,SITAMARHI,BIHAR,D124,RUNISAIDPUR,1.42
17-10-2025,26.5,85.5,SITAMARHI,BIHAR,D124,RUNISAIDPUR,1.39
18-10-2025,26.5,85.5,SITAMARHI,BIHAR,D124,RUNISAIDPUR,1.32
19-10-2025,26.5,85.5,SITAMARHI,BIHAR,D124,RUNISAIDPUR,1.77
20-10-2025,26.5,85.5,SITAMARHI,BIHAR,D124,RUNISAIDPUR,1.56
21-10-2025,26.5,85.5,SITAMARHI,BIHAR,D124,RUNISAIDPUR,1.53
22-10-2025,26.5,85.5,SITAMARHI,BIHAR,D124,RUNISAIDPUR,1.55
23-10-2025,26.5,85.5,SITAMARHI,BIHAR,D124,RUNISAIDPUR,1.37
24-10-2025,26.5,85.5,SITAMARHI,BIHAR,D124,RUNISAIDPUR,1.3
25-10-2025,26.5,85.5,SITAMARHI,BIHAR,D124,RUNISAIDPUR,2
26-10-2025,26.5,85.5,SITAMARHI,BIHAR,D124,RUNISAIDPUR,1.75
27-10-2025,26.5,85.5,SITAMARHI,BIHAR,D124,RUNISAIDPUR,1.34
28-10-2025,26.5,85.5,SITAMARHI,BIHAR,D124,RUNISAIDPUR,1.15
29-10-2025,26.5,85.5,SITAMARHI,BIHAR,D124,RUNISAIDPUR,1.25
30-10-2025,26.5,85.5,SITAMARHI,BIHAR,D124,RUNISAIDPUR,1.62
31-10-2025,26.5,85.5,SITAMARHI,BIHAR,D124,RUNISAIDPUR,1.82
01-11-2025,26.5,85.5,SITAMARHI,BIHAR,D124,RUNISAIDPUR,1.59
02-11-2025,26.5,85.5,SITAMARHI,BIHAR,D124,RUNISAIDPUR,1.08
03-11-2025,26.5,85.5,SITAMARHI,BIHAR,D124,RUNISAIDPUR,1.04
04-11-2025,26.5,85.5,SITAMARHI,BIHAR,D124,RUNISAIDPUR,1.11
05-11-2025,26.5,85.5,SITAMARHI,BIHAR,D124,RUNISAIDPUR,1.01
06-11-2025,26.5,85.5,SITAMARHI,BIHAR,D124,RUNISAIDPUR,1
07-11-2025,26.5,85.5,SITAMARHI,BIHAR,D124,RUNISAIDPUR,0.94
08-11-2025,26.5,85.5,SITAMARHI,BIHAR,D124,RUNISAIDPUR,1.15
09-11-2025,26.5,85.5,SITAMARHI,BIHAR,D124,RUNISAIDPUR,0.91
10-11-2025,26.5,85.5,SITAMARHI,BIHAR,D124,RUNISAIDPUR,0.94
11-11-2025,26.5,85.5,SITAMARHI,BIHAR,D124,RUNISAIDPUR,1.05
12-11-2025,26.5,85.5,SITAMARHI,BIHAR,D124,RUNISAIDPUR,0.96
13-11-2025,26.5,85.5,SITAMARHI,BIHAR,D124,RUNISAIDPUR,0.94
14-11-2025,26.5,85.5,SITAMARHI,BIHAR,D124,RUNISAIDPUR,0.88
15-11-2025,26.5,85.5,SITAMARHI,BIHAR,D124,RUNISAIDPUR,0.69
16-11-2025,26.5,85.5,SITAMARHI,BIHAR,D124,RUNISAIDPUR,0.89
17-11-2025,26.5,85.5,SITAMARHI,BIHAR,D124,RUNISAIDPUR,1.26
18-11-2025,26.5,85.5,SITAMARHI,BIHAR,D124,RUNISAIDPUR,1.09
19-11-2025,26.5,85.5,SITAMARHI,BIHAR,D124,RUNISAIDPUR,1.05
20-11-2025,26.5,85.5,SITAMARHI,BIHAR,D124,RUNISAIDPUR,1.1
21-11-2025,26.5,85.5,SITAMARHI,BIHAR,D124,RUNISAIDPUR,1
22-11-2025,26.5,85.5,SITAMARHI,BIHAR,D124,RUNISAIDPUR,1.08
23-11-2025,26.5,85.5,SITAMARHI,BIHAR,D124,RUNISAIDPUR,1
24-11-2025,26.5,85.5,SITAMARHI,BIHAR,D124,RUNISAIDPUR,0.94
25-11-2025,26.5,85.5,SITAMARHI,BIHAR,D124,RUNISAIDPUR,0.91
26-11-2025,26.5,85.5,SITAMARHI,BIHAR,D124,RUNISAIDPUR,0.88
27-11-2025,26.5,85.5,SITAMARHI,BIHAR,D124,RUNISAIDPUR,1.22
28-11-2025,26.5,85.5,SITAMARHI,BIHAR,D124,RUNISAIDPUR,0.89
29-11-2025,26.5,85.5,SITAMARHI,BIHAR,D124,RUNISAIDPUR,1.08
30-11-2025,26.5,85.5,SITAMARHI,BIHAR,D124,RUNISAIDPUR,1.03
01-12-2025,26.5,85.5,SITAMARHI,BIHAR,D124,RUNISAIDPUR,1.19
02-12-2025,26.5,85.5,SITAMARHI,BIHAR,D124,RUNISAIDPUR,1.14
03-12-2025,26.5,85.5,SITAMARHI,BIHAR,D124,RUNISAIDPUR,1.26
04-12-2025,26.5,85.5,SITAMARHI,BIHAR,D124,RUNISAIDPUR,1.21
05-12-2025,26.5,85.5,SITAMARHI,BIHAR,D124,RUNISAIDPUR,1.15
06-12-2025,26.5,85.5,SITAMARHI,BIHAR,D124,RUNISAIDPUR,1.02
07-12-2025,26.5,85.5,SITAMARHI,BIHAR,D124,RUNISAIDPUR,1.33
08-12-2025,26.5,85.5,SITAMARHI,BIHAR,D124,RUNISAIDPUR,1.42
09-12-2025,26.5,85.5,SITAMARHI,BIHAR,D124,RUNISAIDPUR,1.74
10-12-2025,26.5,85.5,SITAMARHI,BIHAR,D124,RUNISAIDPUR,2.02
11-12-2025,26.5,85.5,SITAMARHI,BIHAR,D124,RUNISAIDPUR,1.96
12-12-2025,26.5,85.5,SITAMARHI,BIHAR,D124,RUNISAIDPUR,1.8
13-12-2025,26.5,85.5,SITAMARHI,BIHAR,D124,RUNISAIDPUR,1.88
14-12-2025,26.5,85.5,SITAMARHI,BIHAR,D124,RUNISAIDPUR,1.75
15-12-2025,26.5,85.5,SITAMARHI,BIHAR,D124,RUNISAIDPUR,1.68
16-12-2025,26.5,85.5,SITAMARHI,BIHAR,D124,RUNISAIDPUR,1.64
17-12-2025,26.5,85.5,SITAMARHI,BIHAR,D124,RUNISAIDPUR,1.91
18-12-2025,26.5,85.5,SITAMARHI,BIHAR,D124,RUNISAIDPUR,2.27
19-12-2025,26.5,85.5,SITAMARHI,BIHAR,D124,RUNISAIDPUR,2.38
20-12-2025,26.5,85.5,SITAMARHI,BIHAR,D124,RUNISAIDPUR,2.51
21-12-2025,26.5,85.5,SITAMARHI,BIHAR,D124,RUNISAIDPUR,2.57
22-12-2025,26.5,85.5,SITAMARHI,BIHAR,D124,RUNISAIDPUR,2.45
23-12-2025,26.5,85.5,SITAMARHI,BIHAR,D124,RUNISAIDPUR,2.18
24-12-2025,26.5,85.5,SITAMARHI,BIHAR,D124,RUNISAIDPUR,2.1
25-12-2025,26.5,85.5,SITAMARHI,BIHAR,D124,RUNISAIDPUR,2.25
26-12-2025,26.5,85.5,SITAMARHI,BIHAR,D124,RUNISAIDPUR,2.37
27-12-2025,26.5,85.5,SITAMARHI,BIHAR,D124,RUNISAIDPUR,2.54
28-12-2025,26.5,85.5,SITAMARHI,BIHAR,D124,RUNISAIDPUR,2.52
29-12-2025,26.5,85.5,SITAMARHI,BIHAR,D124,RUNISAIDPUR,2.54
30-12-2025,26.5,85.5,SITAMARHI,BIHAR,D124,RUNISAIDPUR,2.39
31-12-2025,26.5,85.5,SITAMARHI,BIHAR,D124,RUNISAIDPUR,2.42
01-01-2025,25.5,85.5,VAISHALI,BIHAR,D127,RAGHOPUR,2.59
02-01-2025,25.5,85.5,VAISHALI,BIHAR,D127,RAGHOPUR,2.58
03-01-2025,25.5,85.5,VAISHALI,BIHAR,D127,RAGHOPUR,2.72
04-01-2025,25.5,85.5,VAISHALI,BIHAR,D127,RAGHOPUR,2.62
05-01-2025,25.5,85.5,VAISHALI,BIHAR,D127,RAGHOPUR,2.72
06-01-2025,25.5,85.5,VAISHALI,BIHAR,D127,RAGHOPUR,2.98
07-01-2025,25.5,85.5,VAISHALI,BIHAR,D127,RAGHOPUR,3.07
08-01-2025,25.5,85.5,VAISHALI,BIHAR,D127,RAGHOPUR,2.88
09-01-2025,25.5,85.5,VAISHALI,BIHAR,D127,RAGHOPUR,2.73
10-01-2025,25.5,85.5,VAISHALI,BIHAR,D127,RAGHOPUR,2.92
11-01-2025,25.5,85.5,VAISHALI,BIHAR,D127,RAGHOPUR,2.92
12-01-2025,25.5,85.5,VAISHALI,BIHAR,D127,RAGHOPUR,2.51
13-01-2025,25.5,85.5,VAISHALI,BIHAR,D127,RAGHOPUR,2.53
14-01-2025,25.5,85.5,VAISHALI,BIHAR,D127,RAGHOPUR,2.82
15-01-2025,25.5,85.5,VAISHALI,BIHAR,D127,RAGHOPUR,2.86
16-01-2025,25.5,85.5,VAISHALI,BIHAR,D127,RAGHOPUR,2.87
17-01-2025,25.5,85.5,VAISHALI,BIHAR,D127,RAGHOPUR,3.08
18-01-2025,25.5,85.5,VAISHALI,BIHAR,D127,RAGHOPUR,3.29
19-01-2025,25.5,85.5,VAISHALI,BIHAR,D127,RAGHOPUR,3.17
20-01-2025,25.5,85.5,VAISHALI,BIHAR,D127,RAGHOPUR,2.55
21-01-2025,25.5,85.5,VAISHALI,BIHAR,D127,RAGHOPUR,2.52
22-01-2025,25.5,85.5,VAISHALI,BIHAR,D127,RAGHOPUR,2.6
23-01-2025,25.5,85.5,VAISHALI,BIHAR,D127,RAGHOPUR,2.75
24-01-2025,25.5,85.5,VAISHALI,BIHAR,D127,RAGHOPUR,2.7
25-01-2025,25.5,85.5,VAISHALI,BIHAR,D127,RAGHOPUR,2.44
26-01-2025,25.5,85.5,VAISHALI,BIHAR,D127,RAGHOPUR,2.05
27-01-2025,25.5,85.5,VAISHALI,BIHAR,D127,RAGHOPUR,2.25
28-01-2025,25.5,85.5,VAISHALI,BIHAR,D127,RAGHOPUR,1.95
29-01-2025,25.5,85.5,VAISHALI,BIHAR,D127,RAGHOPUR,2.34
30-01-2025,25.5,85.5,VAISHALI,BIHAR,D127,RAGHOPUR,2.39
31-01-2025,25.5,85.5,VAISHALI,BIHAR,D127,RAGHOPUR,2.3
01-02-2025,25.5,85.5,VAISHALI,BIHAR,D127,RAGHOPUR,2.17
02-02-2025,25.5,85.5,VAISHALI,BIHAR,D127,RAGHOPUR,2.27
03-02-2025,25.5,85.5,VAISHALI,BIHAR,D127,RAGHOPUR,1.96
04-02-2025,25.5,85.5,VAISHALI,BIHAR,D127,RAGHOPUR,2.03
05-02-2025,25.5,85.5,VAISHALI,BIHAR,D127,RAGHOPUR,2
06-02-2025,25.5,85.5,VAISHALI,BIHAR,D127,RAGHOPUR,2.13
07-02-2025,25.5,85.5,VAISHALI,BIHAR,D127,RAGHOPUR,2.12
08-02-2025,25.5,85.5,VAISHALI,BIHAR,D127,RAGHOPUR,2.09
09-02-2025,25.5,85.5,VAISHALI,BIHAR,D127,RAGHOPUR,1.73
10-02-2025,25.5,85.5,VAISHALI,BIHAR,D127,RAGHOPUR,1.73
11-02-2025,25.5,85.5,VAISHALI,BIHAR,D127,RAGHOPUR,2.21
12-02-2025,25.5,85.5,VAISHALI,BIHAR,D127,RAGHOPUR,2
13-02-2025,25.5,85.5,VAISHALI,BIHAR,D127,RAGHOPUR,2.29
14-02-2025,25.5,85.5,VAISHALI,BIHAR,D127,RAGHOPUR,2.44
15-02-2025,25.5,85.5,VAISHALI,BIHAR,D127,RAGHOPUR,2.46
16-02-2025,25.5,85.5,VAISHALI,BIHAR,D127,RAGHOPUR,2.45
17-02-2025,25.5,85.5,VAISHALI,BIHAR,D127,RAGHOPUR,2.22
18-02-2025,25.5,85.5,VAISHALI,BIHAR,D127,RAGHOPUR,1.98
19-02-2025,25.5,85.5,VAISHALI,BIHAR,D127,RAGHOPUR,1.78
20-02-2025,25.5,85.5,VAISHALI,BIHAR,D127,RAGHOPUR,2.21
21-02-2025,25.5,85.5,VAISHALI,BIHAR,D127,RAGHOPUR,2.11
22-02-2025,25.5,85.5,VAISHALI,BIHAR,D127,RAGHOPUR,2.29
23-02-2025,25.5,85.5,VAISHALI,BIHAR,D127,RAGHOPUR,2.15
24-02-2025,25.5,85.5,VAISHALI,BIHAR,D127,RAGHOPUR,2.15
25-02-2025,25.5,85.5,VAISHALI,BIHAR,D127,RAGHOPUR,2.43
26-02-2025,25.5,85.5,VAISHALI,BIHAR,D127,RAGHOPUR,2.33
27-02-2025,25.5,85.5,VAISHALI,BIHAR,D127,RAGHOPUR,2.26
28-02-2025,25.5,85.5,VAISHALI,BIHAR,D127,RAGHOPUR,2.46
29-02-2025,25.5,85.5,VAISHALI,BIHAR,D127,RAGHOPUR,1.98
01-03-2025,25.5,85.5,VAISHALI,BIHAR,D127,RAGHOPUR,2.47
02-03-2025,25.5,85.5,VAISHALI,BIHAR,D127,RAGHOPUR,2.29
03-03-2025,25.5,85.5,VAISHALI,BIHAR,D127,RAGHOPUR,2.24
04-03-2025,25.5,85.5,VAISHALI,BIHAR,D127,RAGHOPUR,2.18
05-03-2025,25.5,85.5,VAISHALI,BIHAR,D127,RAGHOPUR,2.45
06-03-2025,25.5,85.5,VAISHALI,BIHAR,D127,RAGHOPUR,2.27
07-03-2025,25.5,85.5,VAISHALI,BIHAR,D127,RAGHOPUR,2.24
08-03-2025,25.5,85.5,VAISHALI,BIHAR,D127,RAGHOPUR,2.09
09-03-2025,25.5,85.5,VAISHALI,BIHAR,D127,RAGHOPUR,1.92
10-03-2025,25.5,85.5,VAISHALI,BIHAR,D127,RAGHOPUR,2.29
11-03-2025,25.5,85.5,VAISHALI,BIHAR,D127,RAGHOPUR,2.27
12-03-2025,25.5,85.5,VAISHALI,BIHAR,D127,RAGHOPUR,2.03
13-03-2025,25.5,85.5,VAISHALI,BIHAR,D127,RAGHOPUR,2.92
14-03-2025,25.5,85.5,VAISHALI,BIHAR,D127,RAGHOPUR,2.88
15-03-2025,25.5,85.5,VAISHALI,BIHAR,D127,RAGHOPUR,2.24
16-03-2025,25.5,85.5,VAISHALI,BIHAR,D127,RAGHOPUR,1.97
17-03-2025,25.5,85.5,VAISHALI,BIHAR,D127,RAGHOPUR,2.13
18-03-2025,25.5,85.5,VAISHALI,BIHAR,D127,RAGHOPUR,1.84
19-03-2025,25.5,85.5,VAISHALI,BIHAR,D127,RAGHOPUR,2.36
20-03-2025,25.5,85.5,VAISHALI,BIHAR,D127,RAGHOPUR,2.93
21-03-2025,25.5,85.5,VAISHALI,BIHAR,D127,RAGHOPUR,2.88
22-03-2025,25.5,85.5,VAISHALI,BIHAR,D127,RAGHOPUR,2.24
23-03-2025,25.5,85.5,VAISHALI,BIHAR,D127,RAGHOPUR,2.15
24-03-2025,25.5,85.5,VAISHALI,BIHAR,D127,RAGHOPUR,2.08
25-03-2025,25.5,85.5,VAISHALI,BIHAR,D127,RAGHOPUR,2.34
26-03-2025,25.5,85.5,VAISHALI,BIHAR,D127,RAGHOPUR,2.21
27-03-2025,25.5,85.5,VAISHALI,BIHAR,D127,RAGHOPUR,1.98
28-03-2025,25.5,85.5,VAISHALI,BIHAR,D127,RAGHOPUR,1.76
29-03-2025,25.5,85.5,VAISHALI,BIHAR,D127,RAGHOPUR,1.35
30-03-2025,25.5,85.5,VAISHALI,BIHAR,D127,RAGHOPUR,1.78
31-03-2025,25.5,85.5,VAISHALI,BIHAR,D127,RAGHOPUR,2.28
01-04-2025,25.5,85.5,VAISHALI,BIHAR,D127,RAGHOPUR,2.28
02-04-2025,25.5,85.5,VAISHALI,BIHAR,D127,RAGHOPUR,2.07
03-04-2025,25.5,85.5,VAISHALI,BIHAR,D127,RAGHOPUR,2.02
04-04-2025,25.5,85.5,VAISHALI,BIHAR,D127,RAGHOPUR,2.61
05-04-2025,25.5,85.5,VAISHALI,BIHAR,D127,RAGHOPUR,2.45
06-04-2025,25.5,85.5,VAISHALI,BIHAR,D127,RAGHOPUR,2.16
07-04-2025,25.5,85.5,VAISHALI,BIHAR,D127,RAGHOPUR,2.1
08-04-2025,25.5,85.5,VAISHALI,BIHAR,D127,RAGHOPUR,1.97
09-04-2025,25.5,85.5,VAISHALI,BIHAR,D127,RAGHOPUR,2.1
10-04-2025,25.5,85.5,VAISHALI,BIHAR,D127,RAGHOPUR,2.4
11-04-2025,25.5,85.5,VAISHALI,BIHAR,D127,RAGHOPUR,2.27
12-04-2025,25.5,85.5,VAISHALI,BIHAR,D127,RAGHOPUR,2.26
13-04-2025,25.5,85.5,VAISHALI,BIHAR,D127,RAGHOPUR,2.3
14-04-2025,25.5,85.5,VAISHALI,BIHAR,D127,RAGHOPUR,2.01
15-04-2025,25.5,85.5,VAISHALI,BIHAR,D127,RAGHOPUR,2.19
16-04-2025,25.5,85.5,VAISHALI,BIHAR,D127,RAGHOPUR,1.95
17-04-2025,25.5,85.5,VAISHALI,BIHAR,D127,RAGHOPUR,2.23
18-04-2025,25.5,85.5,VAISHALI,BIHAR,D127,RAGHOPUR,2.34
19-04-2025,25.5,85.5,VAISHALI,BIHAR,D127,RAGHOPUR,2.57
20-04-2025,25.5,85.5,VAISHALI,BIHAR,D127,RAGHOPUR,2.63
21-04-2025,25.5,85.5,VAISHALI,BIHAR,D127,RAGHOPUR,2.89
22-04-2025,25.5,85.5,VAISHALI,BIHAR,D127,RAGHOPUR,2.62
23-04-2025,25.5,85.5,VAISHALI,BIHAR,D127,RAGHOPUR,2.32
24-04-2025,25.5,85.5,VAISHALI,BIHAR,D127,RAGHOPUR,2.75
25-04-2025,25.5,85.5,VAISHALI,BIHAR,D127,RAGHOPUR,3.11
26-04-2025,25.5,85.5,VAISHALI,BIHAR,D127,RAGHOPUR,3.38
27-04-2025,25.5,85.5,VAISHALI,BIHAR,D127,RAGHOPUR,2.97
28-04-2025,25.5,85.5,VAISHALI,BIHAR,D127,RAGHOPUR,3.03
29-04-2025,25.5,85.5,VAISHALI,BIHAR,D127,RAGHOPUR,2.68
30-04-2025,25.5,85.5,VAISHALI,BIHAR,D127,RAGHOPUR,2.93
01-05-2025,25.5,85.5,VAISHALI,BIHAR,D127,RAGHOPUR,3.19
02-05-2025,25.5,85.5,VAISHALI,BIHAR,D127,RAGHOPUR,2.56
03-05-2025,25.5,85.5,VAISHALI,BIHAR,D127,RAGHOPUR,2.46
04-05-2025,25.5,85.5,VAISHALI,BIHAR,D127,RAGHOPUR,2.41
05-05-2025,25.5,85.5,VAISHALI,BIHAR,D127,RAGHOPUR,2.28
06-05-2025,25.5,85.5,VAISHALI,BIHAR,D127,RAGHOPUR,1.99
07-05-2025,25.5,85.5,VAISHALI,BIHAR,D127,RAGHOPUR,2.55
08-05-2025,25.5,85.5,VAISHALI,BIHAR,D127,RAGHOPUR,2.22
09-05-2025,25.5,85.5,VAISHALI,BIHAR,D127,RAGHOPUR,2.57
10-05-2025,25.5,85.5,VAISHALI,BIHAR,D127,RAGHOPUR,2.38
11-05-2025,25.5,85.5,VAISHALI,BIHAR,D127,RAGHOPUR,2.53
12-05-2025,25.5,85.5,VAISHALI,BIHAR,D127,RAGHOPUR,2.74
13-05-2025,25.5,85.5,VAISHALI,BIHAR,D127,RAGHOPUR,2.56
14-05-2025,25.5,85.5,VAISHALI,BIHAR,D127,RAGHOPUR,2.44
15-05-2025,25.5,85.5,VAISHALI,BIHAR,D127,RAGHOPUR,2.32
16-05-2025,25.5,85.5,VAISHALI,BIHAR,D127,RAGHOPUR,2.44
17-05-2025,25.5,85.5,VAISHALI,BIHAR,D127,RAGHOPUR,2.06
18-05-2025,25.5,85.5,VAISHALI,BIHAR,D127,RAGHOPUR,1.48
19-05-2025,25.5,85.5,VAISHALI,BIHAR,D127,RAGHOPUR,2.21
20-05-2025,25.5,85.5,VAISHALI,BIHAR,D127,RAGHOPUR,2.89
21-05-2025,25.5,85.5,VAISHALI,BIHAR,D127,RAGHOPUR,2.82
22-05-2025,25.5,85.5,VAISHALI,BIHAR,D127,RAGHOPUR,2.72
23-05-2025,25.5,85.5,VAISHALI,BIHAR,D127,RAGHOPUR,2.66
24-05-2025,25.5,85.5,VAISHALI,BIHAR,D127,RAGHOPUR,2.75
25-05-2025,25.5,85.5,VAISHALI,BIHAR,D127,RAGHOPUR,3.34
26-05-2025,25.5,85.5,VAISHALI,BIHAR,D127,RAGHOPUR,2.88
27-05-2025,25.5,85.5,VAISHALI,BIHAR,D127,RAGHOPUR,3.28
28-05-2025,25.5,85.5,VAISHALI,BIHAR,D127,RAGHOPUR,3.27
29-05-2025,25.5,85.5,VAISHALI,BIHAR,D127,RAGHOPUR,3.1
30-05-2025,25.5,85.5,VAISHALI,BIHAR,D127,RAGHOPUR,2.97
31-05-2025,25.5,85.5,VAISHALI,BIHAR,D127,RAGHOPUR,3.08
01-06-2025,25.5,85.5,VAISHALI,BIHAR,D127,RAGHOPUR,2.62
02-06-2025,25.5,85.5,VAISHALI,BIHAR,D127,RAGHOPUR,2.28
03-06-2025,25.5,85.5,VAISHALI,BIHAR,D127,RAGHOPUR,2.35
04-06-2025,25.5,85.5,VAISHALI,BIHAR,D127,RAGHOPUR,2.6
05-06-2025,25.5,85.5,VAISHALI,BIHAR,D127,RAGHOPUR,2.43
06-06-2025,25.5,85.5,VAISHALI,BIHAR,D127,RAGHOPUR,2.59
07-06-2025,25.5,85.5,VAISHALI,BIHAR,D127,RAGHOPUR,3.17
08-06-2025,25.5,85.5,VAISHALI,BIHAR,D127,RAGHOPUR,3.42
09-06-2025,25.5,85.5,VAISHALI,BIHAR,D127,RAGHOPUR,3.01
10-06-2025,25.5,85.5,VAISHALI,BIHAR,D127,RAGHOPUR,2.56
11-06-2025,25.5,85.5,VAISHALI,BIHAR,D127,RAGHOPUR,2.51
12-06-2025,25.5,85.5,VAISHALI,BIHAR,D127,RAGHOPUR,2.8
13-06-2025,25.5,85.5,VAISHALI,BIHAR,D127,RAGHOPUR,2.75
14-06-2025,25.5,85.5,VAISHALI,BIHAR,D127,RAGHOPUR,3.38
15-06-2025,25.5,85.5,VAISHALI,BIHAR,D127,RAGHOPUR,3.66
16-06-2025,25.5,85.5,VAISHALI,BIHAR,D127,RAGHOPUR,3.6
17-06-2025,25.5,85.5,VAISHALI,BIHAR,D127,RAGHOPUR,3.22
18-06-2025,25.5,85.5,VAISHALI,BIHAR,D127,RAGHOPUR,3.45
19-06-2025,25.5,85.5,VAISHALI,BIHAR,D127,RAGHOPUR,3.75
20-06-2025,25.5,85.5,VAISHALI,BIHAR,D127,RAGHOPUR,2.91
21-06-2025,25.5,85.5,VAISHALI,BIHAR,D127,RAGHOPUR,2.61
22-06-2025,25.5,85.5,VAISHALI,BIHAR,D127,RAGHOPUR,2.3
23-06-2025,25.5,85.5,VAISHALI,BIHAR,D127,RAGHOPUR,2.28
24-06-2025,25.5,85.5,VAISHALI,BIHAR,D127,RAGHOPUR,2
25-06-2025,25.5,85.5,VAISHALI,BIHAR,D127,RAGHOPUR,2.17
26-06-2025,25.5,85.5,VAISHALI,BIHAR,D127,RAGHOPUR,1.97
27-06-2025,25.5,85.5,VAISHALI,BIHAR,D127,RAGHOPUR,1.85
28-06-2025,25.5,85.5,VAISHALI,BIHAR,D127,RAGHOPUR,2.06
29-06-2025,25.5,85.5,VAISHALI,BIHAR,D127,RAGHOPUR,2.48
30-06-2025,25.5,85.5,VAISHALI,BIHAR,D127,RAGHOPUR,2.2
01-07-2025,25.5,85.5,VAISHALI,BIHAR,D127,RAGHOPUR,1.69
02-07-2025,25.5,85.5,VAISHALI,BIHAR,D127,RAGHOPUR,1.53
03-07-2025,25.5,85.5,VAISHALI,BIHAR,D127,RAGHOPUR,1.3
04-07-2025,25.5,85.5,VAISHALI,BIHAR,D127,RAGHOPUR,1.74
05-07-2025,25.5,85.5,VAISHALI,BIHAR,D127,RAGHOPUR,1.78
06-07-2025,25.5,85.5,VAISHALI,BIHAR,D127,RAGHOPUR,1.42
07-07-2025,25.5,85.5,VAISHALI,BIHAR,D127,RAGHOPUR,1.35
08-07-2025,25.5,85.5,VAISHALI,BIHAR,D127,RAGHOPUR,1.7
09-07-2025,25.5,85.5,VAISHALI,BIHAR,D127,RAGHOPUR,1.64
10-07-2025,25.5,85.5,VAISHALI,BIHAR,D127,RAGHOPUR,2
11-07-2025,25.5,85.5,VAISHALI,BIHAR,D127,RAGHOPUR,1.92
12-07-2025,25.5,85.5,VAISHALI,BIHAR,D127,RAGHOPUR,1.88
13-07-2025,25.5,85.5,VAISHALI,BIHAR,D127,RAGHOPUR,1.94
14-07-2025,25.5,85.5,VAISHALI,BIHAR,D127,RAGHOPUR,1.81
15-07-2025,25.5,85.5,VAISHALI,BIHAR,D127,RAGHOPUR,1.55
16-07-2025,25.5,85.5,VAISHALI,BIHAR,D127,RAGHOPUR,1.86
17-07-2025,25.5,85.5,VAISHALI,BIHAR,D127,RAGHOPUR,1.66
18-07-2025,25.5,85.5,VAISHALI,BIHAR,D127,RAGHOPUR,1.51
19-07-2025,25.5,85.5,VAISHALI,BIHAR,D127,RAGHOPUR,1.69
20-07-2025,25.5,85.5,VAISHALI,BIHAR,D127,RAGHOPUR,1.72
21-07-2025,25.5,85.5,VAISHALI,BIHAR,D127,RAGHOPUR,1.44
22-07-2025,25.5,85.5,VAISHALI,BIHAR,D127,RAGHOPUR,1.41
23-07-2025,25.5,85.5,VAISHALI,BIHAR,D127,RAGHOPUR,1.73
24-07-2025,25.5,85.5,VAISHALI,BIHAR,D127,RAGHOPUR,1.37
25-07-2025,25.5,85.5,VAISHALI,BIHAR,D127,RAGHOPUR,1.65
26-07-2025,25.5,85.5,VAISHALI,BIHAR,D127,RAGHOPUR,1.85
27-07-2025,25.5,85.5,VAISHALI,BIHAR,D127,RAGHOPUR,1.63
28-07-2025,25.5,85.5,VAISHALI,BIHAR,D127,RAGHOPUR,1.56
29-07-2025,25.5,85.5,VAISHALI,BIHAR,D127,RAGHOPUR,1.37
30-07-2025,25.5,85.5,VAISHALI,BIHAR,D127,RAGHOPUR,1.38
31-07-2025,25.5,85.5,VAISHALI,BIHAR,D127,RAGHOPUR,1.44
01-08-2025,25.5,85.5,VAISHALI,BIHAR,D127,RAGHOPUR,1.4
02-08-2025,25.5,85.5,VAISHALI,BIHAR,D127,RAGHOPUR,1.27
03-08-2025,25.5,85.5,VAISHALI,BIHAR,D127,RAGHOPUR,1.36
04-08-2025,25.5,85.5,VAISHALI,BIHAR,D127,RAGHOPUR,1.41
05-08-2025,25.5,85.5,VAISHALI,BIHAR,D127,RAGHOPUR,1.22
06-08-2025,25.5,85.5,VAISHALI,BIHAR,D127,RAGHOPUR,1.21
07-08-2025,25.5,85.5,VAISHALI,BIHAR,D127,RAGHOPUR,1.21
08-08-2025,25.5,85.5,VAISHALI,BIHAR,D127,RAGHOPUR,1.52
09-08-2025,25.5,85.5,VAISHALI,BIHAR,D127,RAGHOPUR,1.55
10-08-2025,25.5,85.5,VAISHALI,BIHAR,D127,RAGHOPUR,1.27
11-08-2025,25.5,85.5,VAISHALI,BIHAR,D127,RAGHOPUR,1.36
12-08-2025,25.5,85.5,VAISHALI,BIHAR,D127,RAGHOPUR,1.46
13-08-2025,25.5,85.5,VAISHALI,BIHAR,D127,RAGHOPUR,1.56
14-08-2025,25.5,85.5,VAISHALI,BIHAR,D127,RAGHOPUR,1.72
15-08-2025,25.5,85.5,VAISHALI,BIHAR,D127,RAGHOPUR,1.26
16-08-2025,25.5,85.5,VAISHALI,BIHAR,D127,RAGHOPUR,1.43
17-08-2025,25.5,85.5,VAISHALI,BIHAR,D127,RAGHOPUR,1.35
18-08-2025,25.5,85.5,VAISHALI,BIHAR,D127,RAGHOPUR,1.52
19-08-2025,25.5,85.5,VAISHALI,BIHAR,D127,RAGHOPUR,1.14
20-08-2025,25.5,85.5,VAISHALI,BIHAR,D127,RAGHOPUR,1.19
21-08-2025,25.5,85.5,VAISHALI,BIHAR,D127,RAGHOPUR,1.2
22-08-2025,25.5,85.5,VAISHALI,BIHAR,D127,RAGHOPUR,1.36
23-08-2025,25.5,85.5,VAISHALI,BIHAR,D127,RAGHOPUR,1.2
24-08-2025,25.5,85.5,VAISHALI,BIHAR,D127,RAGHOPUR,1.26
25-08-2025,25.5,85.5,VAISHALI,BIHAR,D127,RAGHOPUR,1.27
26-08-2025,25.5,85.5,VAISHALI,BIHAR,D127,RAGHOPUR,1.29
27-08-2025,25.5,85.5,VAISHALI,BIHAR,D127,RAGHOPUR,1.25
28-08-2025,25.5,85.5,VAISHALI,BIHAR,D127,RAGHOPUR,1.34
29-08-2025,25.5,85.5,VAISHALI,BIHAR,D127,RAGHOPUR,1.12
30-08-2025,25.5,85.5,VAISHALI,BIHAR,D127,RAGHOPUR,1.35
31-08-2025,25.5,85.5,VAISHALI,BIHAR,D127,RAGHOPUR,1.43
01-09-2025,25.5,85.5,VAISHALI,BIHAR,D127,RAGHOPUR,1.56
02-09-2025,25.5,85.5,VAISHALI,BIHAR,D127,RAGHOPUR,1.56
03-09-2025,25.5,85.5,VAISHALI,BIHAR,D127,RAGHOPUR,1.37
04-09-2025,25.5,85.5,VAISHALI,BIHAR,D127,RAGHOPUR,1.22
05-09-2025,25.5,85.5,VAISHALI,BIHAR,D127,RAGHOPUR,1.37
06-09-2025,25.5,85.5,VAISHALI,BIHAR,D127,RAGHOPUR,1.67
07-09-2025,25.5,85.5,VAISHALI,BIHAR,D127,RAGHOPUR,1.63
08-09-2025,25.5,85.5,VAISHALI,BIHAR,D127,RAGHOPUR,1.38
09-09-2025,25.5,85.5,VAISHALI,BIHAR,D127,RAGHOPUR,1.47
10-09-2025,25.5,85.5,VAISHALI,BIHAR,D127,RAGHOPUR,1.28
11-09-2025,25.5,85.5,VAISHALI,BIHAR,D127,RAGHOPUR,1.21
12-09-2025,25.5,85.5,VAISHALI,BIHAR,D127,RAGHOPUR,1.85
13-09-2025,25.5,85.5,VAISHALI,BIHAR,D127,RAGHOPUR,1.7
14-09-2025,25.5,85.5,VAISHALI,BIHAR,D127,RAGHOPUR,1.87
15-09-2025,25.5,85.5,VAISHALI,BIHAR,D127,RAGHOPUR,1.67
16-09-2025,25.5,85.5,VAISHALI,BIHAR,D127,RAGHOPUR,1.56
17-09-2025,25.5,85.5,VAISHALI,BIHAR,D127,RAGHOPUR,1.46
18-09-2025,25.5,85.5,VAISHALI,BIHAR,D127,RAGHOPUR,1.68
19-09-2025,25.5,85.5,VAISHALI,BIHAR,D127,RAGHOPUR,1.47
20-09-2025,25.5,85.5,VAISHALI,BIHAR,D127,RAGHOPUR,1.4
21-09-2025,25.5,85.5,VAISHALI,BIHAR,D127,RAGHOPUR,1.63
22-09-2025,25.5,85.5,VAISHALI,BIHAR,D127,RAGHOPUR,1.7
23-09-2025,25.5,85.5,VAISHALI,BIHAR,D127,RAGHOPUR,1.96
24-09-2025,25.5,85.5,VAISHALI,BIHAR,D127,RAGHOPUR,2.22
25-09-2025,25.5,85.5,VAISHALI,BIHAR,D127,RAGHOPUR,2.01
26-09-2025,25.5,85.5,VAISHALI,BIHAR,D127,RAGHOPUR,2.16
27-09-2025,25.5,85.5,VAISHALI,BIHAR,D127,RAGHOPUR,2.11
28-09-2025,25.5,85.5,VAISHALI,BIHAR,D127,RAGHOPUR,2.07
29-09-2025,25.5,85.5,VAISHALI,BIHAR,D127,RAGHOPUR,1.96
30-09-2025,25.5,85.5,VAISHALI,BIHAR,D127,RAGHOPUR,1.94
01-10-2025,25.5,85.5,VAISHALI,BIHAR,D127,RAGHOPUR,1.6
02-10-2025,25.5,85.5,VAISHALI,BIHAR,D127,RAGHOPUR,1.73
03-10-2025,25.5,85.5,VAISHALI,BIHAR,D127,RAGHOPUR,1.59
04-10-2025,25.5,85.5,VAISHALI,BIHAR,D127,RAGHOPUR,1.77
05-10-2025,25.5,85.5,VAISHALI,BIHAR,D127,RAGHOPUR,1.5
06-10-2025,25.5,85.5,VAISHALI,BIHAR,D127,RAGHOPUR,1.42
07-10-2025,25.5,85.5,VAISHALI,BIHAR,D127,RAGHOPUR,1.51
08-10-2025,25.5,85.5,VAISHALI,BIHAR,D127,RAGHOPUR,1.73
09-10-2025,25.5,85.5,VAISHALI,BIHAR,D127,RAGHOPUR,1.84
10-10-2025,25.5,85.5,VAISHALI,BIHAR,D127,RAGHOPUR,1.45
11-10-2025,25.5,85.5,VAISHALI,BIHAR,D127,RAGHOPUR,1.36
12-10-2025,25.5,85.5,VAISHALI,BIHAR,D127,RAGHOPUR,1.3
13-10-2025,25.5,85.5,VAISHALI,BIHAR,D127,RAGHOPUR,1.59
14-10-2025,25.5,85.5,VAISHALI,BIHAR,D127,RAGHOPUR,1.57
15-10-2025,25.5,85.5,VAISHALI,BIHAR,D127,RAGHOPUR,1.6
16-10-2025,25.5,85.5,VAISHALI,BIHAR,D127,RAGHOPUR,1.39
17-10-2025,25.5,85.5,VAISHALI,BIHAR,D127,RAGHOPUR,1.26
18-10-2025,25.5,85.5,VAISHALI,BIHAR,D127,RAGHOPUR,1.28
19-10-2025,25.5,85.5,VAISHALI,BIHAR,D127,RAGHOPUR,1.83
20-10-2025,25.5,85.5,VAISHALI,BIHAR,D127,RAGHOPUR,1.55
21-10-2025,25.5,85.5,VAISHALI,BIHAR,D127,RAGHOPUR,1.61
22-10-2025,25.5,85.5,VAISHALI,BIHAR,D127,RAGHOPUR,1.48
23-10-2025,25.5,85.5,VAISHALI,BIHAR,D127,RAGHOPUR,1.41
24-10-2025,25.5,85.5,VAISHALI,BIHAR,D127,RAGHOPUR,1.41
25-10-2025,25.5,85.5,VAISHALI,BIHAR,D127,RAGHOPUR,2.24
26-10-2025,25.5,85.5,VAISHALI,BIHAR,D127,RAGHOPUR,2.01
27-10-2025,25.5,85.5,VAISHALI,BIHAR,D127,RAGHOPUR,1.23
28-10-2025,25.5,85.5,VAISHALI,BIHAR,D127,RAGHOPUR,1.05
29-10-2025,25.5,85.5,VAISHALI,BIHAR,D127,RAGHOPUR,1.12
30-10-2025,25.5,85.5,VAISHALI,BIHAR,D127,RAGHOPUR,1.44
31-10-2025,25.5,85.5,VAISHALI,BIHAR,D127,RAGHOPUR,1.58
01-11-2025,25.5,85.5,VAISHALI,BIHAR,D127,RAGHOPUR,1.66
02-11-2025,25.5,85.5,VAISHALI,BIHAR,D127,RAGHOPUR,1.11
03-11-2025,25.5,85.5,VAISHALI,BIHAR,D127,RAGHOPUR,1.14
04-11-2025,25.5,85.5,VAISHALI,BIHAR,D127,RAGHOPUR,1.23
05-11-2025,25.5,85.5,VAISHALI,BIHAR,D127,RAGHOPUR,1.13
06-11-2025,25.5,85.5,VAISHALI,BIHAR,D127,RAGHOPUR,0.99
07-11-2025,25.5,85.5,VAISHALI,BIHAR,D127,RAGHOPUR,0.88
08-11-2025,25.5,85.5,VAISHALI,BIHAR,D127,RAGHOPUR,1.37
09-11-2025,25.5,85.5,VAISHALI,BIHAR,D127,RAGHOPUR,0.86
10-11-2025,25.5,85.5,VAISHALI,BIHAR,D127,RAGHOPUR,1.09
11-11-2025,25.5,85.5,VAISHALI,BIHAR,D127,RAGHOPUR,1.13
12-11-2025,25.5,85.5,VAISHALI,BIHAR,D127,RAGHOPUR,1.16
13-11-2025,25.5,85.5,VAISHALI,BIHAR,D127,RAGHOPUR,1.22
14-11-2025,25.5,85.5,VAISHALI,BIHAR,D127,RAGHOPUR,1.09
15-11-2025,25.5,85.5,VAISHALI,BIHAR,D127,RAGHOPUR,0.92
16-11-2025,25.5,85.5,VAISHALI,BIHAR,D127,RAGHOPUR,0.98
17-11-2025,25.5,85.5,VAISHALI,BIHAR,D127,RAGHOPUR,1.29
18-11-2025,25.5,85.5,VAISHALI,BIHAR,D127,RAGHOPUR,0.99
19-11-2025,25.5,85.5,VAISHALI,BIHAR,D127,RAGHOPUR,1
20-11-2025,25.5,85.5,VAISHALI,BIHAR,D127,RAGHOPUR,1.08
21-11-2025,25.5,85.5,VAISHALI,BIHAR,D127,RAGHOPUR,1.03
22-11-2025,25.5,85.5,VAISHALI,BIHAR,D127,RAGHOPUR,1.04
23-11-2025,25.5,85.5,VAISHALI,BIHAR,D127,RAGHOPUR,1.13
24-11-2025,25.5,85.5,VAISHALI,BIHAR,D127,RAGHOPUR,1.09
25-11-2025,25.5,85.5,VAISHALI,BIHAR,D127,RAGHOPUR,0.93
26-11-2025,25.5,85.5,VAISHALI,BIHAR,D127,RAGHOPUR,0.84
27-11-2025,25.5,85.5,VAISHALI,BIHAR,D127,RAGHOPUR,1.25
28-11-2025,25.5,85.5,VAISHALI,BIHAR,D127,RAGHOPUR,0.83
29-11-2025,25.5,85.5,VAISHALI,BIHAR,D127,RAGHOPUR,1.06
30-11-2025,25.5,85.5,VAISHALI,BIHAR,D127,RAGHOPUR,1.07
01-12-2025,25.5,85.5,VAISHALI,BIHAR,D127,RAGHOPUR,1.27
02-12-2025,25.5,85.5,VAISHALI,BIHAR,D127,RAGHOPUR,1.11
03-12-2025,25.5,85.5,VAISHALI,BIHAR,D127,RAGHOPUR,1.19
04-12-2025,25.5,85.5,VAISHALI,BIHAR,D127,RAGHOPUR,1.27
05-12-2025,25.5,85.5,VAISHALI,BIHAR,D127,RAGHOPUR,1.14
06-12-2025,25.5,85.5,VAISHALI,BIHAR,D127,RAGHOPUR,1.12
07-12-2025,25.5,85.5,VAISHALI,BIHAR,D127,RAGHOPUR,1.51
08-12-2025,25.5,85.5,VAISHALI,BIHAR,D127,RAGHOPUR,1.49
09-12-2025,25.5,85.5,VAISHALI,BIHAR,D127,RAGHOPUR,1.54
10-12-2025,25.5,85.5,VAISHALI,BIHAR,D127,RAGHOPUR,1.8
11-12-2025,25.5,85.5,VAISHALI,BIHAR,D127,RAGHOPUR,1.84
12-12-2025,25.5,85.5,VAISHALI,BIHAR,D127,RAGHOPUR,1.75
13-12-2025,25.5,85.5,VAISHALI,BIHAR,D127,RAGHOPUR,1.86
14-12-2025,25.5,85.5,VAISHALI,BIHAR,D127,RAGHOPUR,1.75
15-12-2025,25.5,85.5,VAISHALI,BIHAR,D127,RAGHOPUR,1.67
16-12-2025,25.5,85.5,VAISHALI,BIHAR,D127,RAGHOPUR,1.59
17-12-2025,25.5,85.5,VAISHALI,BIHAR,D127,RAGHOPUR,1.9
18-12-2025,25.5,85.5,VAISHALI,BIHAR,D127,RAGHOPUR,2.12
19-12-2025,25.5,85.5,VAISHALI,BIHAR,D127,RAGHOPUR,2.56
20-12-2025,25.5,85.5,VAISHALI,BIHAR,D127,RAGHOPUR,2.42
21-12-2025,25.5,85.5,VAISHALI,BIHAR,D127,RAGHOPUR,2.4
22-12-2025,25.5,85.5,VAISHALI,BIHAR,D127,RAGHOPUR,2.3
23-12-2025,25.5,85.5,VAISHALI,BIHAR,D127,RAGHOPUR,2.18
24-12-2025,25.5,85.5,VAISHALI,BIHAR,D127,RAGHOPUR,2.08
25-12-2025,25.5,85.5,VAISHALI,BIHAR,D127,RAGHOPUR,2.26
26-12-2025,25.5,85.5,VAISHALI,BIHAR,D127,RAGHOPUR,2.51
27-12-2025,25.5,85.5,VAISHALI,BIHAR,D127,RAGHOPUR,2.48
28-12-2025,25.5,85.5,VAISHALI,BIHAR,D127,RAGHOPUR,2.4
29-12-2025,25.5,85.5,VAISHALI,BIHAR,D127,RAGHOPUR,2.46
30-12-2025,25.5,85.5,VAISHALI,BIHAR,D127,RAGHOPUR,2.46
31-12-2025,25.5,85.5,VAISHALI,BIHAR,D127,RAGHOPUR,2.49
01-01-2025,25.5,83.5,GHAZIPUR,UTTAR PRADESH,D706,GHAZIPUR,2.8
02-01-2025,25.5,83.5,GHAZIPUR,UTTAR PRADESH,D706,GHAZIPUR,2.86
03-01-2025,25.5,83.5,GHAZIPUR,UTTAR PRADESH,D706,GHAZIPUR,3.01
04-01-2025,25.5,83.5,GHAZIPUR,UTTAR PRADESH,D706,GHAZIPUR,2.84
05-01-2025,25.5,83.5,GHAZIPUR,UTTAR PRADESH,D706,GHAZIPUR,2.99
06-01-2025,25.5,83.5,GHAZIPUR,UTTAR PRADESH,D706,GHAZIPUR,3.14
07-01-2025,25.5,83.5,GHAZIPUR,UTTAR PRADESH,D706,GHAZIPUR,3.29
08-01-2025,25.5,83.5,GHAZIPUR,UTTAR PRADESH,D706,GHAZIPUR,2.89
09-01-2025,25.5,83.5,GHAZIPUR,UTTAR PRADESH,D706,GHAZIPUR,2.67
10-01-2025,25.5,83.5,GHAZIPUR,UTTAR PRADESH,D706,GHAZIPUR,2.86
11-01-2025,25.5,83.5,GHAZIPUR,UTTAR PRADESH,D706,GHAZIPUR,2.89
12-01-2025,25.5,83.5,GHAZIPUR,UTTAR PRADESH,D706,GHAZIPUR,2.61
13-01-2025,25.5,83.5,GHAZIPUR,UTTAR PRADESH,D706,GHAZIPUR,2.74
14-01-2025,25.5,83.5,GHAZIPUR,UTTAR PRADESH,D706,GHAZIPUR,3.05
15-01-2025,25.5,83.5,GHAZIPUR,UTTAR PRADESH,D706,GHAZIPUR,3.03
16-01-2025,25.5,83.5,GHAZIPUR,UTTAR PRADESH,D706,GHAZIPUR,3.1
17-01-2025,25.5,83.5,GHAZIPUR,UTTAR PRADESH,D706,GHAZIPUR,3.13
18-01-2025,25.5,83.5,GHAZIPUR,UTTAR PRADESH,D706,GHAZIPUR,3.49
19-01-2025,25.5,83.5,GHAZIPUR,UTTAR PRADESH,D706,GHAZIPUR,3.41
20-01-2025,25.5,83.5,GHAZIPUR,UTTAR PRADESH,D706,GHAZIPUR,2.73
21-01-2025,25.5,83.5,GHAZIPUR,UTTAR PRADESH,D706,GHAZIPUR,2.61
22-01-2025,25.5,83.5,GHAZIPUR,UTTAR PRADESH,D706,GHAZIPUR,2.62
23-01-2025,25.5,83.5,GHAZIPUR,UTTAR PRADESH,D706,GHAZIPUR,2.71
24-01-2025,25.5,83.5,GHAZIPUR,UTTAR PRADESH,D706,GHAZIPUR,2.71
25-01-2025,25.5,83.5,GHAZIPUR,UTTAR PRADESH,D706,GHAZIPUR,2.3
26-01-2025,25.5,83.5,GHAZIPUR,UTTAR PRADESH,D706,GHAZIPUR,2.34
27-01-2025,25.5,83.5,GHAZIPUR,UTTAR PRADESH,D706,GHAZIPUR,2.28
28-01-2025,25.5,83.5,GHAZIPUR,UTTAR PRADESH,D706,GHAZIPUR,2.04
29-01-2025,25.5,83.5,GHAZIPUR,UTTAR PRADESH,D706,GHAZIPUR,2.41
30-01-2025,25.5,83.5,GHAZIPUR,UTTAR PRADESH,D706,GHAZIPUR,2.42
31-01-2025,25.5,83.5,GHAZIPUR,UTTAR PRADESH,D706,GHAZIPUR,2.43
01-02-2025,25.5,83.5,GHAZIPUR,UTTAR PRADESH,D706,GHAZIPUR,2.34
02-02-2025,25.5,83.5,GHAZIPUR,UTTAR PRADESH,D706,GHAZIPUR,2.33
03-02-2025,25.5,83.5,GHAZIPUR,UTTAR PRADESH,D706,GHAZIPUR,1.97
04-02-2025,25.5,83.5,GHAZIPUR,UTTAR PRADESH,D706,GHAZIPUR,2.06
05-02-2025,25.5,83.5,GHAZIPUR,UTTAR PRADESH,D706,GHAZIPUR,2.04
06-02-2025,25.5,83.5,GHAZIPUR,UTTAR PRADESH,D706,GHAZIPUR,2.03
07-02-2025,25.5,83.5,GHAZIPUR,UTTAR PRADESH,D706,GHAZIPUR,2.12
08-02-2025,25.5,83.5,GHAZIPUR,UTTAR PRADESH,D706,GHAZIPUR,2.11
09-02-2025,25.5,83.5,GHAZIPUR,UTTAR PRADESH,D706,GHAZIPUR,1.84
10-02-2025,25.5,83.5,GHAZIPUR,UTTAR PRADESH,D706,GHAZIPUR,2.03
11-02-2025,25.5,83.5,GHAZIPUR,UTTAR PRADESH,D706,GHAZIPUR,2.45
12-02-2025,25.5,83.5,GHAZIPUR,UTTAR PRADESH,D706,GHAZIPUR,2.29
13-02-2025,25.5,83.5,GHAZIPUR,UTTAR PRADESH,D706,GHAZIPUR,2.4
14-02-2025,25.5,83.5,GHAZIPUR,UTTAR PRADESH,D706,GHAZIPUR,2.51
15-02-2025,25.5,83.5,GHAZIPUR,UTTAR PRADESH,D706,GHAZIPUR,2.59
16-02-2025,25.5,83.5,GHAZIPUR,UTTAR PRADESH,D706,GHAZIPUR,2.4
17-02-2025,25.5,83.5,GHAZIPUR,UTTAR PRADESH,D706,GHAZIPUR,2.15
18-02-2025,25.5,83.5,GHAZIPUR,UTTAR PRADESH,D706,GHAZIPUR,1.97
19-02-2025,25.5,83.5,GHAZIPUR,UTTAR PRADESH,D706,GHAZIPUR,1.89
20-02-2025,25.5,83.5,GHAZIPUR,UTTAR PRADESH,D706,GHAZIPUR,2.11
21-02-2025,25.5,83.5,GHAZIPUR,UTTAR PRADESH,D706,GHAZIPUR,2.14
22-02-2025,25.5,83.5,GHAZIPUR,UTTAR PRADESH,D706,GHAZIPUR,2.36
23-02-2025,25.5,83.5,GHAZIPUR,UTTAR PRADESH,D706,GHAZIPUR,2.26
24-02-2025,25.5,83.5,GHAZIPUR,UTTAR PRADESH,D706,GHAZIPUR,2.5
25-02-2025,25.5,83.5,GHAZIPUR,UTTAR PRADESH,D706,GHAZIPUR,2.68
26-02-2025,25.5,83.5,GHAZIPUR,UTTAR PRADESH,D706,GHAZIPUR,2.22
27-02-2025,25.5,83.5,GHAZIPUR,UTTAR PRADESH,D706,GHAZIPUR,2.4
28-02-2025,25.5,83.5,GHAZIPUR,UTTAR PRADESH,D706,GHAZIPUR,2.51
29-02-2025,25.5,83.5,GHAZIPUR,UTTAR PRADESH,D706,GHAZIPUR,2.02
01-03-2025,25.5,83.5,GHAZIPUR,UTTAR PRADESH,D706,GHAZIPUR,2.68
02-03-2025,25.5,83.5,GHAZIPUR,UTTAR PRADESH,D706,GHAZIPUR,2.58
03-03-2025,25.5,83.5,GHAZIPUR,UTTAR PRADESH,D706,GHAZIPUR,2.59
04-03-2025,25.5,83.5,GHAZIPUR,UTTAR PRADESH,D706,GHAZIPUR,2.5
05-03-2025,25.5,83.5,GHAZIPUR,UTTAR PRADESH,D706,GHAZIPUR,2.58
06-03-2025,25.5,83.5,GHAZIPUR,UTTAR PRADESH,D706,GHAZIPUR,2.22
07-03-2025,25.5,83.5,GHAZIPUR,UTTAR PRADESH,D706,GHAZIPUR,2.33
08-03-2025,25.5,83.5,GHAZIPUR,UTTAR PRADESH,D706,GHAZIPUR,2.15
09-03-2025,25.5,83.5,GHAZIPUR,UTTAR PRADESH,D706,GHAZIPUR,2.02
10-03-2025,25.5,83.5,GHAZIPUR,UTTAR PRADESH,D706,GHAZIPUR,2.47
11-03-2025,25.5,83.5,GHAZIPUR,UTTAR PRADESH,D706,GHAZIPUR,2.12
12-03-2025,25.5,83.5,GHAZIPUR,UTTAR PRADESH,D706,GHAZIPUR,2.22
13-03-2025,25.5,83.5,GHAZIPUR,UTTAR PRADESH,D706,GHAZIPUR,2.86
14-03-2025,25.5,83.5,GHAZIPUR,UTTAR PRADESH,D706,GHAZIPUR,2.73
15-03-2025,25.5,83.5,GHAZIPUR,UTTAR PRADESH,D706,GHAZIPUR,2.67
16-03-2025,25.5,83.5,GHAZIPUR,UTTAR PRADESH,D706,GHAZIPUR,2.12
17-03-2025,25.5,83.5,GHAZIPUR,UTTAR PRADESH,D706,GHAZIPUR,2.38
18-03-2025,25.5,83.5,GHAZIPUR,UTTAR PRADESH,D706,GHAZIPUR,2.12
19-03-2025,25.5,83.5,GHAZIPUR,UTTAR PRADESH,D706,GHAZIPUR,2.32
20-03-2025,25.5,83.5,GHAZIPUR,UTTAR PRADESH,D706,GHAZIPUR,2.85
21-03-2025,25.5,83.5,GHAZIPUR,UTTAR PRADESH,D706,GHAZIPUR,2.72
22-03-2025,25.5,83.5,GHAZIPUR,UTTAR PRADESH,D706,GHAZIPUR,2.19
23-03-2025,25.5,83.5,GHAZIPUR,UTTAR PRADESH,D706,GHAZIPUR,2.01
24-03-2025,25.5,83.5,GHAZIPUR,UTTAR PRADESH,D706,GHAZIPUR,2.13
25-03-2025,25.5,83.5,GHAZIPUR,UTTAR PRADESH,D706,GHAZIPUR,2.2
26-03-2025,25.5,83.5,GHAZIPUR,UTTAR PRADESH,D706,GHAZIPUR,2.23
27-03-2025,25.5,83.5,GHAZIPUR,UTTAR PRADESH,D706,GHAZIPUR,2
28-03-2025,25.5,83.5,GHAZIPUR,UTTAR PRADESH,D706,GHAZIPUR,1.76
29-03-2025,25.5,83.5,GHAZIPUR,UTTAR PRADESH,D706,GHAZIPUR,1.61
30-03-2025,25.5,83.5,GHAZIPUR,UTTAR PRADESH,D706,GHAZIPUR,2.3
31-03-2025,25.5,83.5,GHAZIPUR,UTTAR PRADESH,D706,GHAZIPUR,2.32
01-04-2025,25.5,83.5,GHAZIPUR,UTTAR PRADESH,D706,GHAZIPUR,2.26
02-04-2025,25.5,83.5,GHAZIPUR,UTTAR PRADESH,D706,GHAZIPUR,2
03-04-2025,25.5,83.5,GHAZIPUR,UTTAR PRADESH,D706,GHAZIPUR,2.09
04-04-2025,25.5,83.5,GHAZIPUR,UTTAR PRADESH,D706,GHAZIPUR,2.39
05-04-2025,25.5,83.5,GHAZIPUR,UTTAR PRADESH,D706,GHAZIPUR,2.31
06-04-2025,25.5,83.5,GHAZIPUR,UTTAR PRADESH,D706,GHAZIPUR,1.96
07-04-2025,25.5,83.5,GHAZIPUR,UTTAR PRADESH,D706,GHAZIPUR,2.1
08-04-2025,25.5,83.5,GHAZIPUR,UTTAR PRADESH,D706,GHAZIPUR,1.99
09-04-2025,25.5,83.5,GHAZIPUR,UTTAR PRADESH,D706,GHAZIPUR,1.85
10-04-2025,25.5,83.5,GHAZIPUR,UTTAR PRADESH,D706,GHAZIPUR,2.1
11-04-2025,25.5,83.5,GHAZIPUR,UTTAR PRADESH,D706,GHAZIPUR,2.07
12-04-2025,25.5,83.5,GHAZIPUR,UTTAR PRADESH,D706,GHAZIPUR,2.27
13-04-2025,25.5,83.5,GHAZIPUR,UTTAR PRADESH,D706,GHAZIPUR,2.25
14-04-2025,25.5,83.5,GHAZIPUR,UTTAR PRADESH,D706,GHAZIPUR,2.14
15-04-2025,25.5,83.5,GHAZIPUR,UTTAR PRADESH,D706,GHAZIPUR,2.14
16-04-2025,25.5,83.5,GHAZIPUR,UTTAR PRADESH,D706,GHAZIPUR,2.02
17-04-2025,25.5,83.5,GHAZIPUR,UTTAR PRADESH,D706,GHAZIPUR,2.52
18-04-2025,25.5,83.5,GHAZIPUR,UTTAR PRADESH,D706,GHAZIPUR,2.48
19-04-2025,25.5,83.5,GHAZIPUR,UTTAR PRADESH,D706,GHAZIPUR,2.58
20-04-2025,25.5,83.5,GHAZIPUR,UTTAR PRADESH,D706,GHAZIPUR,2.44
21-04-2025,25.5,83.5,GHAZIPUR,UTTAR PRADESH,D706,GHAZIPUR,2.94
22-04-2025,25.5,83.5,GHAZIPUR,UTTAR PRADESH,D706,GHAZIPUR,2.53
23-04-2025,25.5,83.5,GHAZIPUR,UTTAR PRADESH,D706,GHAZIPUR,2.1
24-04-2025,25.5,83.5,GHAZIPUR,UTTAR PRADESH,D706,GHAZIPUR,2.35
25-04-2025,25.5,83.5,GHAZIPUR,UTTAR PRADESH,D706,GHAZIPUR,2.71
26-04-2025,25.5,83.5,GHAZIPUR,UTTAR PRADESH,D706,GHAZIPUR,3.19
27-04-2025,25.5,83.5,GHAZIPUR,UTTAR PRADESH,D706,GHAZIPUR,2.85
28-04-2025,25.5,83.5,GHAZIPUR,UTTAR PRADESH,D706,GHAZIPUR,2.68
29-04-2025,25.5,83.5,GHAZIPUR,UTTAR PRADESH,D706,GHAZIPUR,2.56
30-04-2025,25.5,83.5,GHAZIPUR,UTTAR PRADESH,D706,GHAZIPUR,3.04
01-05-2025,25.5,83.5,GHAZIPUR,UTTAR PRADESH,D706,GHAZIPUR,3.12
02-05-2025,25.5,83.5,GHAZIPUR,UTTAR PRADESH,D706,GHAZIPUR,2.5
03-05-2025,25.5,83.5,GHAZIPUR,UTTAR PRADESH,D706,GHAZIPUR,2.42
04-05-2025,25.5,83.5,GHAZIPUR,UTTAR PRADESH,D706,GHAZIPUR,2.23
05-05-2025,25.5,83.5,GHAZIPUR,UTTAR PRADESH,D706,GHAZIPUR,2.26
06-05-2025,25.5,83.5,GHAZIPUR,UTTAR PRADESH,D706,GHAZIPUR,2.1
07-05-2025,25.5,83.5,GHAZIPUR,UTTAR PRADESH,D706,GHAZIPUR,2.4
08-05-2025,25.5,83.5,GHAZIPUR,UTTAR PRADESH,D706,GHAZIPUR,2.17
09-05-2025,25.5,83.5,GHAZIPUR,UTTAR PRADESH,D706,GHAZIPUR,2.32
10-05-2025,25.5,83.5,GHAZIPUR,UTTAR PRADESH,D706,GHAZIPUR,2.42
11-05-2025,25.5,83.5,GHAZIPUR,UTTAR PRADESH,D706,GHAZIPUR,2.33
12-05-2025,25.5,83.5,GHAZIPUR,UTTAR PRADESH,D706,GHAZIPUR,2.6
13-05-2025,25.5,83.5,GHAZIPUR,UTTAR PRADESH,D706,GHAZIPUR,2.34
14-05-2025,25.5,83.5,GHAZIPUR,UTTAR PRADESH,D706,GHAZIPUR,2.15
15-05-2025,25.5,83.5,GHAZIPUR,UTTAR PRADESH,D706,GHAZIPUR,2.23
16-05-2025,25.5,83.5,GHAZIPUR,UTTAR PRADESH,D706,GHAZIPUR,2.19
17-05-2025,25.5,83.5,GHAZIPUR,UTTAR PRADESH,D706,GHAZIPUR,1.97
18-05-2025,25.5,83.5,GHAZIPUR,UTTAR PRADESH,D706,GHAZIPUR,1.78
19-05-2025,25.5,83.5,GHAZIPUR,UTTAR PRADESH,D706,GHAZIPUR,2.4
20-05-2025,25.5,83.5,GHAZIPUR,UTTAR PRADESH,D706,GHAZIPUR,2.9
21-05-2025,25.5,83.5,GHAZIPUR,UTTAR PRADESH,D706,GHAZIPUR,2.72
22-05-2025,25.5,83.5,GHAZIPUR,UTTAR PRADESH,D706,GHAZIPUR,2.84
23-05-2025,25.5,83.5,GHAZIPUR,UTTAR PRADESH,D706,GHAZIPUR,2.74
24-05-2025,25.5,83.5,GHAZIPUR,UTTAR PRADESH,D706,GHAZIPUR,2.82
25-05-2025,25.5,83.5,GHAZIPUR,UTTAR PRADESH,D706,GHAZIPUR,3.11
26-05-2025,25.5,83.5,GHAZIPUR,UTTAR PRADESH,D706,GHAZIPUR,3.06
27-05-2025,25.5,83.5,GHAZIPUR,UTTAR PRADESH,D706,GHAZIPUR,3.42
28-05-2025,25.5,83.5,GHAZIPUR,UTTAR PRADESH,D706,GHAZIPUR,3.39
29-05-2025,25.5,83.5,GHAZIPUR,UTTAR PRADESH,D706,GHAZIPUR,3.22
30-05-2025,25.5,83.5,GHAZIPUR,UTTAR PRADESH,D706,GHAZIPUR,3.05
31-05-2025,25.5,83.5,GHAZIPUR,UTTAR PRADESH,D706,GHAZIPUR,3.05
01-06-2025,25.5,83.5,GHAZIPUR,UTTAR PRADESH,D706,GHAZIPUR,2.7
02-06-2025,25.5,83.5,GHAZIPUR,UTTAR PRADESH,D706,GHAZIPUR,2.53
03-06-2025,25.5,83.5,GHAZIPUR,UTTAR PRADESH,D706,GHAZIPUR,2.64
04-06-2025,25.5,83.5,GHAZIPUR,UTTAR PRADESH,D706,GHAZIPUR,3.02
05-06-2025,25.5,83.5,GHAZIPUR,UTTAR PRADESH,D706,GHAZIPUR,2.93
06-06-2025,25.5,83.5,GHAZIPUR,UTTAR PRADESH,D706,GHAZIPUR,3.1
07-06-2025,25.5,83.5,GHAZIPUR,UTTAR PRADESH,D706,GHAZIPUR,3.38
08-06-2025,25.5,83.5,GHAZIPUR,UTTAR PRADESH,D706,GHAZIPUR,3.43
09-06-2025,25.5,83.5,GHAZIPUR,UTTAR PRADESH,D706,GHAZIPUR,3.16
10-06-2025,25.5,83.5,GHAZIPUR,UTTAR PRADESH,D706,GHAZIPUR,2.86
11-06-2025,25.5,83.5,GHAZIPUR,UTTAR PRADESH,D706,GHAZIPUR,2.84
12-06-2025,25.5,83.5,GHAZIPUR,UTTAR PRADESH,D706,GHAZIPUR,2.96
13-06-2025,25.5,83.5,GHAZIPUR,UTTAR PRADESH,D706,GHAZIPUR,3.08
14-06-2025,25.5,83.5,GHAZIPUR,UTTAR PRADESH,D706,GHAZIPUR,3.65
15-06-2025,25.5,83.5,GHAZIPUR,UTTAR PRADESH,D706,GHAZIPUR,4.12
16-06-2025,25.5,83.5,GHAZIPUR,UTTAR PRADESH,D706,GHAZIPUR,4.01
17-06-2025,25.5,83.5,GHAZIPUR,UTTAR PRADESH,D706,GHAZIPUR,3.95
18-06-2025,25.5,83.5,GHAZIPUR,UTTAR PRADESH,D706,GHAZIPUR,3.93
19-06-2025,25.5,83.5,GHAZIPUR,UTTAR PRADESH,D706,GHAZIPUR,4.05
20-06-2025,25.5,83.5,GHAZIPUR,UTTAR PRADESH,D706,GHAZIPUR,3.59
21-06-2025,25.5,83.5,GHAZIPUR,UTTAR PRADESH,D706,GHAZIPUR,2.96
22-06-2025,25.5,83.5,GHAZIPUR,UTTAR PRADESH,D706,GHAZIPUR,2.85
23-06-2025,25.5,83.5,GHAZIPUR,UTTAR PRADESH,D706,GHAZIPUR,2.63
24-06-2025,25.5,83.5,GHAZIPUR,UTTAR PRADESH,D706,GHAZIPUR,2.1
25-06-2025,25.5,83.5,GHAZIPUR,UTTAR PRADESH,D706,GHAZIPUR,2.41
26-06-2025,25.5,83.5,GHAZIPUR,UTTAR PRADESH,D706,GHAZIPUR,2.22
27-06-2025,25.5,83.5,GHAZIPUR,UTTAR PRADESH,D706,GHAZIPUR,2.27
28-06-2025,25.5,83.5,GHAZIPUR,UTTAR PRADESH,D706,GHAZIPUR,2.57
29-06-2025,25.5,83.5,GHAZIPUR,UTTAR PRADESH,D706,GHAZIPUR,2.83
30-06-2025,25.5,83.5,GHAZIPUR,UTTAR PRADESH,D706,GHAZIPUR,2.6
01-07-2025,25.5,83.5,GHAZIPUR,UTTAR PRADESH,D706,GHAZIPUR,2.1
02-07-2025,25.5,83.5,GHAZIPUR,UTTAR PRADESH,D706,GHAZIPUR,1.89
03-07-2025,25.5,83.5,GHAZIPUR,UTTAR PRADESH,D706,GHAZIPUR,1.49
04-07-2025,25.5,83.5,GHAZIPUR,UTTAR PRADESH,D706,GHAZIPUR,1.81
05-07-2025,25.5,83.5,GHAZIPUR,UTTAR PRADESH,D706,GHAZIPUR,2.3
06-07-2025,25.5,83.5,GHAZIPUR,UTTAR PRADESH,D706,GHAZIPUR,2.08
07-07-2025,25.5,83.5,GHAZIPUR,UTTAR PRADESH,D706,GHAZIPUR,1.92
08-07-2025,25.5,83.5,GHAZIPUR,UTTAR PRADESH,D706,GHAZIPUR,2.14
09-07-2025,25.5,83.5,GHAZIPUR,UTTAR PRADESH,D706,GHAZIPUR,2.12
10-07-2025,25.5,83.5,GHAZIPUR,UTTAR PRADESH,D706,GHAZIPUR,2.29
11-07-2025,25.5,83.5,GHAZIPUR,UTTAR PRADESH,D706,GHAZIPUR,2.22
12-07-2025,25.5,83.5,GHAZIPUR,UTTAR PRADESH,D706,GHAZIPUR,2.18
13-07-2025,25.5,83.5,GHAZIPUR,UTTAR PRADESH,D706,GHAZIPUR,2
14-07-2025,25.5,83.5,GHAZIPUR,UTTAR PRADESH,D706,GHAZIPUR,1.92
15-07-2025,25.5,83.5,GHAZIPUR,UTTAR PRADESH,D706,GHAZIPUR,1.84
16-07-2025,25.5,83.5,GHAZIPUR,UTTAR PRADESH,D706,GHAZIPUR,2.14
17-07-2025,25.5,83.5,GHAZIPUR,UTTAR PRADESH,D706,GHAZIPUR,1.92
18-07-2025,25.5,83.5,GHAZIPUR,UTTAR PRADESH,D706,GHAZIPUR,1.88
19-07-2025,25.5,83.5,GHAZIPUR,UTTAR PRADESH,D706,GHAZIPUR,1.84
20-07-2025,25.5,83.5,GHAZIPUR,UTTAR PRADESH,D706,GHAZIPUR,1.65
21-07-2025,25.5,83.5,GHAZIPUR,UTTAR PRADESH,D706,GHAZIPUR,1.54
22-07-2025,25.5,83.5,GHAZIPUR,UTTAR PRADESH,D706,GHAZIPUR,1.44
23-07-2025,25.5,83.5,GHAZIPUR,UTTAR PRADESH,D706,GHAZIPUR,1.68
24-07-2025,25.5,83.5,GHAZIPUR,UTTAR PRADESH,D706,GHAZIPUR,1.64
25-07-2025,25.5,83.5,GHAZIPUR,UTTAR PRADESH,D706,GHAZIPUR,1.77
26-07-2025,25.5,83.5,GHAZIPUR,UTTAR PRADESH,D706,GHAZIPUR,1.91
27-07-2025,25.5,83.5,GHAZIPUR,UTTAR PRADESH,D706,GHAZIPUR,1.93
28-07-2025,25.5,83.5,GHAZIPUR,UTTAR PRADESH,D706,GHAZIPUR,1.74
29-07-2025,25.5,83.5,GHAZIPUR,UTTAR PRADESH,D706,GHAZIPUR,1.74
30-07-2025,25.5,83.5,GHAZIPUR,UTTAR PRADESH,D706,GHAZIPUR,1.57
31-07-2025,25.5,83.5,GHAZIPUR,UTTAR PRADESH,D706,GHAZIPUR,1.53
01-08-2025,25.5,83.5,GHAZIPUR,UTTAR PRADESH,D706,GHAZIPUR,1.47
02-08-2025,25.5,83.5,GHAZIPUR,UTTAR PRADESH,D706,GHAZIPUR,1.42
03-08-2025,25.5,83.5,GHAZIPUR,UTTAR PRADESH,D706,GHAZIPUR,1.71
04-08-2025,25.5,83.5,GHAZIPUR,UTTAR PRADESH,D706,GHAZIPUR,1.5
05-08-2025,25.5,83.5,GHAZIPUR,UTTAR PRADESH,D706,GHAZIPUR,1.51
06-08-2025,25.5,83.5,GHAZIPUR,UTTAR PRADESH,D706,GHAZIPUR,1.45
07-08-2025,25.5,83.5,GHAZIPUR,UTTAR PRADESH,D706,GHAZIPUR,1.35
08-08-2025,25.5,83.5,GHAZIPUR,UTTAR PRADESH,D706,GHAZIPUR,1.47
09-08-2025,25.5,83.5,GHAZIPUR,UTTAR PRADESH,D706,GHAZIPUR,1.57
10-08-2025,25.5,83.5,GHAZIPUR,UTTAR PRADESH,D706,GHAZIPUR,1.35
11-08-2025,25.5,83.5,GHAZIPUR,UTTAR PRADESH,D706,GHAZIPUR,1.46
12-08-2025,25.5,83.5,GHAZIPUR,UTTAR PRADESH,D706,GHAZIPUR,1.56
13-08-2025,25.5,83.5,GHAZIPUR,UTTAR PRADESH,D706,GHAZIPUR,1.64
14-08-2025,25.5,83.5,GHAZIPUR,UTTAR PRADESH,D706,GHAZIPUR,1.69
15-08-2025,25.5,83.5,GHAZIPUR,UTTAR PRADESH,D706,GHAZIPUR,1.36
16-08-2025,25.5,83.5,GHAZIPUR,UTTAR PRADESH,D706,GHAZIPUR,1.38
17-08-2025,25.5,83.5,GHAZIPUR,UTTAR PRADESH,D706,GHAZIPUR,1.26
18-08-2025,25.5,83.5,GHAZIPUR,UTTAR PRADESH,D706,GHAZIPUR,1.55
19-08-2025,25.5,83.5,GHAZIPUR,UTTAR PRADESH,D706,GHAZIPUR,1.34
20-08-2025,25.5,83.5,GHAZIPUR,UTTAR PRADESH,D706,GHAZIPUR,1.2
21-08-2025,25.5,83.5,GHAZIPUR,UTTAR PRADESH,D706,GHAZIPUR,1.09
22-08-2025,25.5,83.5,GHAZIPUR,UTTAR PRADESH,D706,GHAZIPUR,1.44
23-08-2025,25.5,83.5,GHAZIPUR,UTTAR PRADESH,D706,GHAZIPUR,1.4
24-08-2025,25.5,83.5,GHAZIPUR,UTTAR PRADESH,D706,GHAZIPUR,1.45
25-08-2025,25.5,83.5,GHAZIPUR,UTTAR PRADESH,D706,GHAZIPUR,1.32
26-08-2025,25.5,83.5,GHAZIPUR,UTTAR PRADESH,D706,GHAZIPUR,1.27
27-08-2025,25.5,83.5,GHAZIPUR,UTTAR PRADESH,D706,GHAZIPUR,1.11
28-08-2025,25.5,83.5,GHAZIPUR,UTTAR PRADESH,D706,GHAZIPUR,1.24
29-08-2025,25.5,83.5,GHAZIPUR,UTTAR PRADESH,D706,GHAZIPUR,1.17
30-08-2025,25.5,83.5,GHAZIPUR,UTTAR PRADESH,D706,GHAZIPUR,1.41
31-08-2025,25.5,83.5,GHAZIPUR,UTTAR PRADESH,D706,GHAZIPUR,1.53
01-09-2025,25.5,83.5,GHAZIPUR,UTTAR PRADESH,D706,GHAZIPUR,1.67
02-09-2025,25.5,83.5,GHAZIPUR,UTTAR PRADESH,D706,GHAZIPUR,1.77
03-09-2025,25.5,83.5,GHAZIPUR,UTTAR PRADESH,D706,GHAZIPUR,1.6
04-09-2025,25.5,83.5,GHAZIPUR,UTTAR PRADESH,D706,GHAZIPUR,1.43
05-09-2025,25.5,83.5,GHAZIPUR,UTTAR PRADESH,D706,GHAZIPUR,1.51
06-09-2025,25.5,83.5,GHAZIPUR,UTTAR PRADESH,D706,GHAZIPUR,1.7
07-09-2025,25.5,83.5,GHAZIPUR,UTTAR PRADESH,D706,GHAZIPUR,1.77
08-09-2025,25.5,83.5,GHAZIPUR,UTTAR PRADESH,D706,GHAZIPUR,1.51
09-09-2025,25.5,83.5,GHAZIPUR,UTTAR PRADESH,D706,GHAZIPUR,1.63
10-09-2025,25.5,83.5,GHAZIPUR,UTTAR PRADESH,D706,GHAZIPUR,1.34
11-09-2025,25.5,83.5,GHAZIPUR,UTTAR PRADESH,D706,GHAZIPUR,1.27
12-09-2025,25.5,83.5,GHAZIPUR,UTTAR PRADESH,D706,GHAZIPUR,1.69
13-09-2025,25.5,83.5,GHAZIPUR,UTTAR PRADESH,D706,GHAZIPUR,1.77
14-09-2025,25.5,83.5,GHAZIPUR,UTTAR PRADESH,D706,GHAZIPUR,1.76
15-09-2025,25.5,83.5,GHAZIPUR,UTTAR PRADESH,D706,GHAZIPUR,1.83
16-09-2025,25.5,83.5,GHAZIPUR,UTTAR PRADESH,D706,GHAZIPUR,1.74
17-09-2025,25.5,83.5,GHAZIPUR,UTTAR PRADESH,D706,GHAZIPUR,1.61
18-09-2025,25.5,83.5,GHAZIPUR,UTTAR PRADESH,D706,GHAZIPUR,1.48
19-09-2025,25.5,83.5,GHAZIPUR,UTTAR PRADESH,D706,GHAZIPUR,1.54
20-09-2025,25.5,83.5,GHAZIPUR,UTTAR PRADESH,D706,GHAZIPUR,1.42
21-09-2025,25.5,83.5,GHAZIPUR,UTTAR PRADESH,D706,GHAZIPUR,1.56
22-09-2025,25.5,83.5,GHAZIPUR,UTTAR PRADESH,D706,GHAZIPUR,1.68
23-09-2025,25.5,83.5,GHAZIPUR,UTTAR PRADESH,D706,GHAZIPUR,1.84
24-09-2025,25.5,83.5,GHAZIPUR,UTTAR PRADESH,D706,GHAZIPUR,2.1
25-09-2025,25.5,83.5,GHAZIPUR,UTTAR PRADESH,D706,GHAZIPUR,1.87
26-09-2025,25.5,83.5,GHAZIPUR,UTTAR PRADESH,D706,GHAZIPUR,2.16
27-09-2025,25.5,83.5,GHAZIPUR,UTTAR PRADESH,D706,GHAZIPUR,2.01
28-09-2025,25.5,83.5,GHAZIPUR,UTTAR PRADESH,D706,GHAZIPUR,2.18
29-09-2025,25.5,83.5,GHAZIPUR,UTTAR PRADESH,D706,GHAZIPUR,1.93
30-09-2025,25.5,83.5,GHAZIPUR,UTTAR PRADESH,D706,GHAZIPUR,1.68
01-10-2025,25.5,83.5,GHAZIPUR,UTTAR PRADESH,D706,GHAZIPUR,1.52
02-10-2025,25.5,83.5,GHAZIPUR,UTTAR PRADESH,D706,GHAZIPUR,1.79
03-10-2025,25.5,83.5,GHAZIPUR,UTTAR PRADESH,D706,GHAZIPUR,1.81
04-10-2025,25.5,83.5,GHAZIPUR,UTTAR PRADESH,D706,GHAZIPUR,1.84
05-10-2025,25.5,83.5,GHAZIPUR,UTTAR PRADESH,D706,GHAZIPUR,1.65
06-10-2025,25.5,83.5,GHAZIPUR,UTTAR PRADESH,D706,GHAZIPUR,1.58
07-10-2025,25.5,83.5,GHAZIPUR,UTTAR PRADESH,D706,GHAZIPUR,1.38
08-10-2025,25.5,83.5,GHAZIPUR,UTTAR PRADESH,D706,GHAZIPUR,1.53
09-10-2025,25.5,83.5,GHAZIPUR,UTTAR PRADESH,D706,GHAZIPUR,1.72
10-10-2025,25.5,83.5,GHAZIPUR,UTTAR PRADESH,D706,GHAZIPUR,1.34
11-10-2025,25.5,83.5,GHAZIPUR,UTTAR PRADESH,D706,GHAZIPUR,1.33
12-10-2025,25.5,83.5,GHAZIPUR,UTTAR PRADESH,D706,GHAZIPUR,1.28
13-10-2025,25.5,83.5,GHAZIPUR,UTTAR PRADESH,D706,GHAZIPUR,1.71
14-10-2025,25.5,83.5,GHAZIPUR,UTTAR PRADESH,D706,GHAZIPUR,1.97
15-10-2025,25.5,83.5,GHAZIPUR,UTTAR PRADESH,D706,GHAZIPUR,1.82
16-10-2025,25.5,83.5,GHAZIPUR,UTTAR PRADESH,D706,GHAZIPUR,1.55
17-10-2025,25.5,83.5,GHAZIPUR,UTTAR PRADESH,D706,GHAZIPUR,1.41
18-10-2025,25.5,83.5,GHAZIPUR,UTTAR PRADESH,D706,GHAZIPUR,1.43
19-10-2025,25.5,83.5,GHAZIPUR,UTTAR PRADESH,D706,GHAZIPUR,1.63
20-10-2025,25.5,83.5,GHAZIPUR,UTTAR PRADESH,D706,GHAZIPUR,1.55
21-10-2025,25.5,83.5,GHAZIPUR,UTTAR PRADESH,D706,GHAZIPUR,1.7
22-10-2025,25.5,83.5,GHAZIPUR,UTTAR PRADESH,D706,GHAZIPUR,1.53
23-10-2025,25.5,83.5,GHAZIPUR,UTTAR PRADESH,D706,GHAZIPUR,1.45
24-10-2025,25.5,83.5,GHAZIPUR,UTTAR PRADESH,D706,GHAZIPUR,1.53
25-10-2025,25.5,83.5,GHAZIPUR,UTTAR PRADESH,D706,GHAZIPUR,2.11
26-10-2025,25.5,83.5,GHAZIPUR,UTTAR PRADESH,D706,GHAZIPUR,1.75
27-10-2025,25.5,83.5,GHAZIPUR,UTTAR PRADESH,D706,GHAZIPUR,1.39
28-10-2025,25.5,83.5,GHAZIPUR,UTTAR PRADESH,D706,GHAZIPUR,0.94
29-10-2025,25.5,83.5,GHAZIPUR,UTTAR PRADESH,D706,GHAZIPUR,1.29
30-10-2025,25.5,83.5,GHAZIPUR,UTTAR PRADESH,D706,GHAZIPUR,1.59
31-10-2025,25.5,83.5,GHAZIPUR,UTTAR PRADESH,D706,GHAZIPUR,1.77
01-11-2025,25.5,83.5,GHAZIPUR,UTTAR PRADESH,D706,GHAZIPUR,1.54
02-11-2025,25.5,83.5,GHAZIPUR,UTTAR PRADESH,D706,GHAZIPUR,1.03
03-11-2025,25.5,83.5,GHAZIPUR,UTTAR PRADESH,D706,GHAZIPUR,1.12
04-11-2025,25.5,83.5,GHAZIPUR,UTTAR PRADESH,D706,GHAZIPUR,1.14
05-11-2025,25.5,83.5,GHAZIPUR,UTTAR PRADESH,D706,GHAZIPUR,1.19
06-11-2025,25.5,83.5,GHAZIPUR,UTTAR PRADESH,D706,GHAZIPUR,0.99
07-11-2025,25.5,83.5,GHAZIPUR,UTTAR PRADESH,D706,GHAZIPUR,0.95
08-11-2025,25.5,83.5,GHAZIPUR,UTTAR PRADESH,D706,GHAZIPUR,1.25
09-11-2025,25.5,83.5,GHAZIPUR,UTTAR PRADESH,D706,GHAZIPUR,1.05
10-11-2025,25.5,83.5,GHAZIPUR,UTTAR PRADESH,D706,GHAZIPUR,1.05
11-11-2025,25.5,83.5,GHAZIPUR,UTTAR PRADESH,D706,GHAZIPUR,0.96
12-11-2025,25.5,83.5,GHAZIPUR,UTTAR PRADESH,D706,GHAZIPUR,0.93
13-11-2025,25.5,83.5,GHAZIPUR,UTTAR PRADESH,D706,GHAZIPUR,0.89
14-11-2025,25.5,83.5,GHAZIPUR,UTTAR PRADESH,D706,GHAZIPUR,0.96
15-11-2025,25.5,83.5,GHAZIPUR,UTTAR PRADESH,D706,GHAZIPUR,0.97
16-11-2025,25.5,83.5,GHAZIPUR,UTTAR PRADESH,D706,GHAZIPUR,1.3
17-11-2025,25.5,83.5,GHAZIPUR,UTTAR PRADESH,D706,GHAZIPUR,1.56
18-11-2025,25.5,83.5,GHAZIPUR,UTTAR PRADESH,D706,GHAZIPUR,1.47
19-11-2025,25.5,83.5,GHAZIPUR,UTTAR PRADESH,D706,GHAZIPUR,1.42
20-11-2025,25.5,83.5,GHAZIPUR,UTTAR PRADESH,D706,GHAZIPUR,1.2
21-11-2025,25.5,83.5,GHAZIPUR,UTTAR PRADESH,D706,GHAZIPUR,1.1
22-11-2025,25.5,83.5,GHAZIPUR,UTTAR PRADESH,D706,GHAZIPUR,1.12
23-11-2025,25.5,83.5,GHAZIPUR,UTTAR PRADESH,D706,GHAZIPUR,1.09
24-11-2025,25.5,83.5,GHAZIPUR,UTTAR PRADESH,D706,GHAZIPUR,1.07
25-11-2025,25.5,83.5,GHAZIPUR,UTTAR PRADESH,D706,GHAZIPUR,0.81
26-11-2025,25.5,83.5,GHAZIPUR,UTTAR PRADESH,D706,GHAZIPUR,0.8
27-11-2025,25.5,83.5,GHAZIPUR,UTTAR PRADESH,D706,GHAZIPUR,1.06
28-11-2025,25.5,83.5,GHAZIPUR,UTTAR PRADESH,D706,GHAZIPUR,1.02
29-11-2025,25.5,83.5,GHAZIPUR,UTTAR PRADESH,D706,GHAZIPUR,1.24
30-11-2025,25.5,83.5,GHAZIPUR,UTTAR PRADESH,D706,GHAZIPUR,1.23
01-12-2025,25.5,83.5,GHAZIPUR,UTTAR PRADESH,D706,GHAZIPUR,1.36
02-12-2025,25.5,83.5,GHAZIPUR,UTTAR PRADESH,D706,GHAZIPUR,1
03-12-2025,25.5,83.5,GHAZIPUR,UTTAR PRADESH,D706,GHAZIPUR,1.13
04-12-2025,25.5,83.5,GHAZIPUR,UTTAR PRADESH,D706,GHAZIPUR,1.24
05-12-2025,25.5,83.5,GHAZIPUR,UTTAR PRADESH,D706,GHAZIPUR,1.42
06-12-2025,25.5,83.5,GHAZIPUR,UTTAR PRADESH,D706,GHAZIPUR,1.43
07-12-2025,25.5,83.5,GHAZIPUR,UTTAR PRADESH,D706,GHAZIPUR,1.7
08-12-2025,25.5,83.5,GHAZIPUR,UTTAR PRADESH,D706,GHAZIPUR,1.8
09-12-2025,25.5,83.5,GHAZIPUR,UTTAR PRADESH,D706,GHAZIPUR,1.76
10-12-2025,25.5,83.5,GHAZIPUR,UTTAR PRADESH,D706,GHAZIPUR,1.93
11-12-2025,25.5,83.5,GHAZIPUR,UTTAR PRADESH,D706,GHAZIPUR,1.68
12-12-2025,25.5,83.5,GHAZIPUR,UTTAR PRADESH,D706,GHAZIPUR,1.74
13-12-2025,25.5,83.5,GHAZIPUR,UTTAR PRADESH,D706,GHAZIPUR,1.89
14-12-2025,25.5,83.5,GHAZIPUR,UTTAR PRADESH,D706,GHAZIPUR,1.65
15-12-2025,25.5,83.5,GHAZIPUR,UTTAR PRADESH,D706,GHAZIPUR,1.85
16-12-2025,25.5,83.5,GHAZIPUR,UTTAR PRADESH,D706,GHAZIPUR,1.96
17-12-2025,25.5,83.5,GHAZIPUR,UTTAR PRADESH,D706,GHAZIPUR,2.07
18-12-2025,25.5,83.5,GHAZIPUR,UTTAR PRADESH,D706,GHAZIPUR,2.33
19-12-2025,25.5,83.5,GHAZIPUR,UTTAR PRADESH,D706,GHAZIPUR,2.54
20-12-2025,25.5,83.5,GHAZIPUR,UTTAR PRADESH,D706,GHAZIPUR,2.38
21-12-2025,25.5,83.5,GHAZIPUR,UTTAR PRADESH,D706,GHAZIPUR,2.6
22-12-2025,25.5,83.5,GHAZIPUR,UTTAR PRADESH,D706,GHAZIPUR,2.37
23-12-2025,25.5,83.5,GHAZIPUR,UTTAR PRADESH,D706,GHAZIPUR,2.13
24-12-2025,25.5,83.5,GHAZIPUR,UTTAR PRADESH,D706,GHAZIPUR,2.33
25-12-2025,25.5,83.5,GHAZIPUR,UTTAR PRADESH,D706,GHAZIPUR,2.33
26-12-2025,25.5,83.5,GHAZIPUR,UTTAR PRADESH,D706,GHAZIPUR,2.65
27-12-2025,25.5,83.5,GHAZIPUR,UTTAR PRADESH,D706,GHAZIPUR,2.77
28-12-2025,25.5,83.5,GHAZIPUR,UTTAR PRADESH,D706,GHAZIPUR,2.72
29-12-2025,25.5,83.5,GHAZIPUR,UTTAR PRADESH,D706,GHAZIPUR,2.87
30-12-2025,25.5,83.5,GHAZIPUR,UTTAR PRADESH,D706,GHAZIPUR,2.91
31-12-2025,25.5,83.5,GHAZIPUR,UTTAR PRADESH,D706,GHAZIPUR,2.74
01-01-2025,26.5,83.5,GORAKHPUR,UTTAR PRADESH,D709,BANSGAON,3.05
02-01-2025,26.5,83.5,GORAKHPUR,UTTAR PRADESH,D709,BANSGAON,3.06
03-01-2025,26.5,83.5,GORAKHPUR,UTTAR PRADESH,D709,BANSGAON,3.25
04-01-2025,26.5,83.5,GORAKHPUR,UTTAR PRADESH,D709,BANSGAON,3.18
05-01-2025,26.5,83.5,GORAKHPUR,UTTAR PRADESH,D709,BANSGAON,3.49
06-01-2025,26.5,83.5,GORAKHPUR,UTTAR PRADESH,D709,BANSGAON,3.48
07-01-2025,26.5,83.5,GORAKHPUR,UTTAR PRADESH,D709,BANSGAON,3.68
08-01-2025,26.5,83.5,GORAKHPUR,UTTAR PRADESH,D709,BANSGAON,3.35
09-01-2025,26.5,83.5,GORAKHPUR,UTTAR PRADESH,D709,BANSGAON,3.15
10-01-2025,26.5,83.5,GORAKHPUR,UTTAR PRADESH,D709,BANSGAON,3.33
11-01-2025,26.5,83.5,GORAKHPUR,UTTAR PRADESH,D709,BANSGAON,3.39
12-01-2025,26.5,83.5,GORAKHPUR,UTTAR PRADESH,D709,BANSGAON,3.05
13-01-2025,26.5,83.5,GORAKHPUR,UTTAR PRADESH,D709,BANSGAON,3.12
14-01-2025,26.5,83.5,GORAKHPUR,UTTAR PRADESH,D709,BANSGAON,3.42
15-01-2025,26.5,83.5,GORAKHPUR,UTTAR PRADESH,D709,BANSGAON,3.09
16-01-2025,26.5,83.5,GORAKHPUR,UTTAR PRADESH,D709,BANSGAON,3.44
17-01-2025,26.5,83.5,GORAKHPUR,UTTAR PRADESH,D709,BANSGAON,3.33
18-01-2025,26.5,83.5,GORAKHPUR,UTTAR PRADESH,D709,BANSGAON,3.65
19-01-2025,26.5,83.5,GORAKHPUR,UTTAR PRADESH,D709,BANSGAON,3.71
20-01-2025,26.5,83.5,GORAKHPUR,UTTAR PRADESH,D709,BANSGAON,3.03
21-01-2025,26.5,83.5,GORAKHPUR,UTTAR PRADESH,D709,BANSGAON,3.01
22-01-2025,26.5,83.5,GORAKHPUR,UTTAR PRADESH,D709,BANSGAON,2.93
23-01-2025,26.5,83.5,GORAKHPUR,UTTAR PRADESH,D709,BANSGAON,2.86
24-01-2025,26.5,83.5,GORAKHPUR,UTTAR PRADESH,D709,BANSGAON,2.8
25-01-2025,26.5,83.5,GORAKHPUR,UTTAR PRADESH,D709,BANSGAON,2.47
26-01-2025,26.5,83.5,GORAKHPUR,UTTAR PRADESH,D709,BANSGAON,2.43
27-01-2025,26.5,83.5,GORAKHPUR,UTTAR PRADESH,D709,BANSGAON,2.36
28-01-2025,26.5,83.5,GORAKHPUR,UTTAR PRADESH,D709,BANSGAON,2.19
29-01-2025,26.5,83.5,GORAKHPUR,UTTAR PRADESH,D709,BANSGAON,2.32
30-01-2025,26.5,83.5,GORAKHPUR,UTTAR PRADESH,D709,BANSGAON,2.43
31-01-2025,26.5,83.5,GORAKHPUR,UTTAR PRADESH,D709,BANSGAON,2.49
01-02-2025,26.5,83.5,GORAKHPUR,UTTAR PRADESH,D709,BANSGAON,2.39
02-02-2025,26.5,83.5,GORAKHPUR,UTTAR PRADESH,D709,BANSGAON,2.5
03-02-2025,26.5,83.5,GORAKHPUR,UTTAR PRADESH,D709,BANSGAON,1.98
04-02-2025,26.5,83.5,GORAKHPUR,UTTAR PRADESH,D709,BANSGAON,2.11
05-02-2025,26.5,83.5,GORAKHPUR,UTTAR PRADESH,D709,BANSGAON,2.1
06-02-2025,26.5,83.5,GORAKHPUR,UTTAR PRADESH,D709,BANSGAON,1.94
07-02-2025,26.5,83.5,GORAKHPUR,UTTAR PRADESH,D709,BANSGAON,2.09
08-02-2025,26.5,83.5,GORAKHPUR,UTTAR PRADESH,D709,BANSGAON,2.12
09-02-2025,26.5,83.5,GORAKHPUR,UTTAR PRADESH,D709,BANSGAON,1.85
10-02-2025,26.5,83.5,GORAKHPUR,UTTAR PRADESH,D709,BANSGAON,1.95
11-02-2025,26.5,83.5,GORAKHPUR,UTTAR PRADESH,D709,BANSGAON,2.55
12-02-2025,26.5,83.5,GORAKHPUR,UTTAR PRADESH,D709,BANSGAON,2.33
13-02-2025,26.5,83.5,GORAKHPUR,UTTAR PRADESH,D709,BANSGAON,2.3
14-02-2025,26.5,83.5,GORAKHPUR,UTTAR PRADESH,D709,BANSGAON,2.53
15-02-2025,26.5,83.5,GORAKHPUR,UTTAR PRADESH,D709,BANSGAON,2.57
16-02-2025,26.5,83.5,GORAKHPUR,UTTAR PRADESH,D709,BANSGAON,2.36
17-02-2025,26.5,83.5,GORAKHPUR,UTTAR PRADESH,D709,BANSGAON,2.13
18-02-2025,26.5,83.5,GORAKHPUR,UTTAR PRADESH,D709,BANSGAON,1.93
19-02-2025,26.5,83.5,GORAKHPUR,UTTAR PRADESH,D709,BANSGAON,1.84
20-02-2025,26.5,83.5,GORAKHPUR,UTTAR PRADESH,D709,BANSGAON,1.96
21-02-2025,26.5,83.5,GORAKHPUR,UTTAR PRADESH,D709,BANSGAON,2.12
22-02-2025,26.5,83.5,GORAKHPUR,UTTAR PRADESH,D709,BANSGAON,2.39
23-02-2025,26.5,83.5,GORAKHPUR,UTTAR PRADESH,D709,BANSGAON,2.19
24-02-2025,26.5,83.5,GORAKHPUR,UTTAR PRADESH,D709,BANSGAON,2.4
25-02-2025,26.5,83.5,GORAKHPUR,UTTAR PRADESH,D709,BANSGAON,2.54
26-02-2025,26.5,83.5,GORAKHPUR,UTTAR PRADESH,D709,BANSGAON,2.14
27-02-2025,26.5,83.5,GORAKHPUR,UTTAR PRADESH,D709,BANSGAON,2.35
28-02-2025,26.5,83.5,GORAKHPUR,UTTAR PRADESH,D709,BANSGAON,2.49
29-02-2025,26.5,83.5,GORAKHPUR,UTTAR PRADESH,D709,BANSGAON,1.99
01-03-2025,26.5,83.5,GORAKHPUR,UTTAR PRADESH,D709,BANSGAON,2.67
02-03-2025,26.5,83.5,GORAKHPUR,UTTAR PRADESH,D709,BANSGAON,2.43
03-03-2025,26.5,83.5,GORAKHPUR,UTTAR PRADESH,D709,BANSGAON,2.59
04-03-2025,26.5,83.5,GORAKHPUR,UTTAR PRADESH,D709,BANSGAON,2.52
05-03-2025,26.5,83.5,GORAKHPUR,UTTAR PRADESH,D709,BANSGAON,2.5
06-03-2025,26.5,83.5,GORAKHPUR,UTTAR PRADESH,D709,BANSGAON,2.2
07-03-2025,26.5,83.5,GORAKHPUR,UTTAR PRADESH,D709,BANSGAON,2.36
08-03-2025,26.5,83.5,GORAKHPUR,UTTAR PRADESH,D709,BANSGAON,2.09
09-03-2025,26.5,83.5,GORAKHPUR,UTTAR PRADESH,D709,BANSGAON,1.89
10-03-2025,26.5,83.5,GORAKHPUR,UTTAR PRADESH,D709,BANSGAON,2.48
11-03-2025,26.5,83.5,GORAKHPUR,UTTAR PRADESH,D709,BANSGAON,2.07
12-03-2025,26.5,83.5,GORAKHPUR,UTTAR PRADESH,D709,BANSGAON,2.26
13-03-2025,26.5,83.5,GORAKHPUR,UTTAR PRADESH,D709,BANSGAON,2.8
14-03-2025,26.5,83.5,GORAKHPUR,UTTAR PRADESH,D709,BANSGAON,2.66
15-03-2025,26.5,83.5,GORAKHPUR,UTTAR PRADESH,D709,BANSGAON,2.69
16-03-2025,26.5,83.5,GORAKHPUR,UTTAR PRADESH,D709,BANSGAON,2.11
17-03-2025,26.5,83.5,GORAKHPUR,UTTAR PRADESH,D709,BANSGAON,2.39
18-03-2025,26.5,83.5,GORAKHPUR,UTTAR PRADESH,D709,BANSGAON,2.1
19-03-2025,26.5,83.5,GORAKHPUR,UTTAR PRADESH,D709,BANSGAON,2.31
20-03-2025,26.5,83.5,GORAKHPUR,UTTAR PRADESH,D709,BANSGAON,2.75
21-03-2025,26.5,83.5,GORAKHPUR,UTTAR PRADESH,D709,BANSGAON,2.7
22-03-2025,26.5,83.5,GORAKHPUR,UTTAR PRADESH,D709,BANSGAON,2.19
23-03-2025,26.5,83.5,GORAKHPUR,UTTAR PRADESH,D709,BANSGAON,2.06
24-03-2025,26.5,83.5,GORAKHPUR,UTTAR PRADESH,D709,BANSGAON,2.18
25-03-2025,26.5,83.5,GORAKHPUR,UTTAR PRADESH,D709,BANSGAON,2.21
26-03-2025,26.5,83.5,GORAKHPUR,UTTAR PRADESH,D709,BANSGAON,2.22
27-03-2025,26.5,83.5,GORAKHPUR,UTTAR PRADESH,D709,BANSGAON,2.11
28-03-2025,26.5,83.5,GORAKHPUR,UTTAR PRADESH,D709,BANSGAON,1.8
29-03-2025,26.5,83.5,GORAKHPUR,UTTAR PRADESH,D709,BANSGAON,1.54
30-03-2025,26.5,83.5,GORAKHPUR,UTTAR PRADESH,D709,BANSGAON,2.35
31-03-2025,26.5,83.5,GORAKHPUR,UTTAR PRADESH,D709,BANSGAON,2.37
01-04-2025,26.5,83.5,GORAKHPUR,UTTAR PRADESH,D709,BANSGAON,2.36
02-04-2025,26.5,83.5,GORAKHPUR,UTTAR PRADESH,D709,BANSGAON,1.96
03-04-2025,26.5,83.5,GORAKHPUR,UTTAR PRADESH,D709,BANSGAON,2.16
04-04-2025,26.5,83.5,GORAKHPUR,UTTAR PRADESH,D709,BANSGAON,2.43
05-04-2025,26.5,83.5,GORAKHPUR,UTTAR PRADESH,D709,BANSGAON,2.33
06-04-2025,26.5,83.5,GORAKHPUR,UTTAR PRADESH,D709,BANSGAON,2.06
07-04-2025,26.5,83.5,GORAKHPUR,UTTAR PRADESH,D709,BANSGAON,2.14
08-04-2025,26.5,83.5,GORAKHPUR,UTTAR PRADESH,D709,BANSGAON,2.02
09-04-2025,26.5,83.5,GORAKHPUR,UTTAR PRADESH,D709,BANSGAON,1.88
10-04-2025,26.5,83.5,GORAKHPUR,UTTAR PRADESH,D709,BANSGAON,2.34
11-04-2025,26.5,83.5,GORAKHPUR,UTTAR PRADESH,D709,BANSGAON,2.18
12-04-2025,26.5,83.5,GORAKHPUR,UTTAR PRADESH,D709,BANSGAON,2.27
13-04-2025,26.5,83.5,GORAKHPUR,UTTAR PRADESH,D709,BANSGAON,2.24
14-04-2025,26.5,83.5,GORAKHPUR,UTTAR PRADESH,D709,BANSGAON,2.1
15-04-2025,26.5,83.5,GORAKHPUR,UTTAR PRADESH,D709,BANSGAON,2.16
16-04-2025,26.5,83.5,GORAKHPUR,UTTAR PRADESH,D709,BANSGAON,1.91
17-04-2025,26.5,83.5,GORAKHPUR,UTTAR PRADESH,D709,BANSGAON,2.46
18-04-2025,26.5,83.5,GORAKHPUR,UTTAR PRADESH,D709,BANSGAON,2.44
19-04-2025,26.5,83.5,GORAKHPUR,UTTAR PRADESH,D709,BANSGAON,2.61
20-04-2025,26.5,83.5,GORAKHPUR,UTTAR PRADESH,D709,BANSGAON,2.55
21-04-2025,26.5,83.5,GORAKHPUR,UTTAR PRADESH,D709,BANSGAON,2.98
22-04-2025,26.5,83.5,GORAKHPUR,UTTAR PRADESH,D709,BANSGAON,2.59
23-04-2025,26.5,83.5,GORAKHPUR,UTTAR PRADESH,D709,BANSGAON,2.34
24-04-2025,26.5,83.5,GORAKHPUR,UTTAR PRADESH,D709,BANSGAON,2.47
25-04-2025,26.5,83.5,GORAKHPUR,UTTAR PRADESH,D709,BANSGAON,2.88
26-04-2025,26.5,83.5,GORAKHPUR,UTTAR PRADESH,D709,BANSGAON,3.28
27-04-2025,26.5,83.5,GORAKHPUR,UTTAR PRADESH,D709,BANSGAON,2.87
28-04-2025,26.5,83.5,GORAKHPUR,UTTAR PRADESH,D709,BANSGAON,2.77
29-04-2025,26.5,83.5,GORAKHPUR,UTTAR PRADESH,D709,BANSGAON,2.66
30-04-2025,26.5,83.5,GORAKHPUR,UTTAR PRADESH,D709,BANSGAON,3.14
01-05-2025,26.5,83.5,GORAKHPUR,UTTAR PRADESH,D709,BANSGAON,3.22
02-05-2025,26.5,83.5,GORAKHPUR,UTTAR PRADESH,D709,BANSGAON,2.47
03-05-2025,26.5,83.5,GORAKHPUR,UTTAR PRADESH,D709,BANSGAON,2.37
04-05-2025,26.5,83.5,GORAKHPUR,UTTAR PRADESH,D709,BANSGAON,2.29
05-05-2025,26.5,83.5,GORAKHPUR,UTTAR PRADESH,D709,BANSGAON,2.41
06-05-2025,26.5,83.5,GORAKHPUR,UTTAR PRADESH,D709,BANSGAON,2.24
07-05-2025,26.5,83.5,GORAKHPUR,UTTAR PRADESH,D709,BANSGAON,2.62
08-05-2025,26.5,83.5,GORAKHPUR,UTTAR PRADESH,D709,BANSGAON,2.28
09-05-2025,26.5,83.5,GORAKHPUR,UTTAR PRADESH,D709,BANSGAON,2.41
10-05-2025,26.5,83.5,GORAKHPUR,UTTAR PRADESH,D709,BANSGAON,2.55
11-05-2025,26.5,83.5,GORAKHPUR,UTTAR PRADESH,D709,BANSGAON,2.46
12-05-2025,26.5,83.5,GORAKHPUR,UTTAR PRADESH,D709,BANSGAON,2.79
13-05-2025,26.5,83.5,GORAKHPUR,UTTAR PRADESH,D709,BANSGAON,2.46
14-05-2025,26.5,83.5,GORAKHPUR,UTTAR PRADESH,D709,BANSGAON,2.34
15-05-2025,26.5,83.5,GORAKHPUR,UTTAR PRADESH,D709,BANSGAON,2.48
16-05-2025,26.5,83.5,GORAKHPUR,UTTAR PRADESH,D709,BANSGAON,2.27
17-05-2025,26.5,83.5,GORAKHPUR,UTTAR PRADESH,D709,BANSGAON,2.1
18-05-2025,26.5,83.5,GORAKHPUR,UTTAR PRADESH,D709,BANSGAON,2
19-05-2025,26.5,83.5,GORAKHPUR,UTTAR PRADESH,D709,BANSGAON,2.74
20-05-2025,26.5,83.5,GORAKHPUR,UTTAR PRADESH,D709,BANSGAON,3.1
21-05-2025,26.5,83.5,GORAKHPUR,UTTAR PRADESH,D709,BANSGAON,2.99
22-05-2025,26.5,83.5,GORAKHPUR,UTTAR PRADESH,D709,BANSGAON,2.99
23-05-2025,26.5,83.5,GORAKHPUR,UTTAR PRADESH,D709,BANSGAON,2.91
24-05-2025,26.5,83.5,GORAKHPUR,UTTAR PRADESH,D709,BANSGAON,3.04
25-05-2025,26.5,83.5,GORAKHPUR,UTTAR PRADESH,D709,BANSGAON,3.27
26-05-2025,26.5,83.5,GORAKHPUR,UTTAR PRADESH,D709,BANSGAON,2.99
27-05-2025,26.5,83.5,GORAKHPUR,UTTAR PRADESH,D709,BANSGAON,3.29
28-05-2025,26.5,83.5,GORAKHPUR,UTTAR PRADESH,D709,BANSGAON,3.64
29-05-2025,26.5,83.5,GORAKHPUR,UTTAR PRADESH,D709,BANSGAON,3.44
30-05-2025,26.5,83.5,GORAKHPUR,UTTAR PRADESH,D709,BANSGAON,3.24
31-05-2025,26.5,83.5,GORAKHPUR,UTTAR PRADESH,D709,BANSGAON,3.27
01-06-2025,26.5,83.5,GORAKHPUR,UTTAR PRADESH,D709,BANSGAON,2.88
02-06-2025,26.5,83.5,GORAKHPUR,UTTAR PRADESH,D709,BANSGAON,2.67
03-06-2025,26.5,83.5,GORAKHPUR,UTTAR PRADESH,D709,BANSGAON,2.81
04-06-2025,26.5,83.5,GORAKHPUR,UTTAR PRADESH,D709,BANSGAON,3.13
05-06-2025,26.5,83.5,GORAKHPUR,UTTAR PRADESH,D709,BANSGAON,2.99
06-06-2025,26.5,83.5,GORAKHPUR,UTTAR PRADESH,D709,BANSGAON,3.16
07-06-2025,26.5,83.5,GORAKHPUR,UTTAR PRADESH,D709,BANSGAON,3.42
08-06-2025,26.5,83.5,GORAKHPUR,UTTAR PRADESH,D709,BANSGAON,3.54
09-06-2025,26.5,83.5,GORAKHPUR,UTTAR PRADESH,D709,BANSGAON,3.18
10-06-2025,26.5,83.5,GORAKHPUR,UTTAR PRADESH,D709,BANSGAON,2.98
11-06-2025,26.5,83.5,GORAKHPUR,UTTAR PRADESH,D709,BANSGAON,2.8
12-06-2025,26.5,83.5,GORAKHPUR,UTTAR PRADESH,D709,BANSGAON,3.04
13-06-2025,26.5,83.5,GORAKHPUR,UTTAR PRADESH,D709,BANSGAON,3.16
14-06-2025,26.5,83.5,GORAKHPUR,UTTAR PRADESH,D709,BANSGAON,3.69
15-06-2025,26.5,83.5,GORAKHPUR,UTTAR PRADESH,D709,BANSGAON,4.22
16-06-2025,26.5,83.5,GORAKHPUR,UTTAR PRADESH,D709,BANSGAON,4.01
17-06-2025,26.5,83.5,GORAKHPUR,UTTAR PRADESH,D709,BANSGAON,3.87
18-06-2025,26.5,83.5,GORAKHPUR,UTTAR PRADESH,D709,BANSGAON,3.78
19-06-2025,26.5,83.5,GORAKHPUR,UTTAR PRADESH,D709,BANSGAON,4.14
20-06-2025,26.5,83.5,GORAKHPUR,UTTAR PRADESH,D709,BANSGAON,3.43
21-06-2025,26.5,83.5,GORAKHPUR,UTTAR PRADESH,D709,BANSGAON,2.83
22-06-2025,26.5,83.5,GORAKHPUR,UTTAR PRADESH,D709,BANSGAON,2.78
23-06-2025,26.5,83.5,GORAKHPUR,UTTAR PRADESH,D709,BANSGAON,2.49
24-06-2025,26.5,83.5,GORAKHPUR,UTTAR PRADESH,D709,BANSGAON,2.02
25-06-2025,26.5,83.5,GORAKHPUR,UTTAR PRADESH,D709,BANSGAON,2.46
26-06-2025,26.5,83.5,GORAKHPUR,UTTAR PRADESH,D709,BANSGAON,2.23
27-06-2025,26.5,83.5,GORAKHPUR,UTTAR PRADESH,D709,BANSGAON,2.31
28-06-2025,26.5,83.5,GORAKHPUR,UTTAR PRADESH,D709,BANSGAON,2.64
29-06-2025,26.5,83.5,GORAKHPUR,UTTAR PRADESH,D709,BANSGAON,3
30-06-2025,26.5,83.5,GORAKHPUR,UTTAR PRADESH,D709,BANSGAON,2.52
01-07-2025,26.5,83.5,GORAKHPUR,UTTAR PRADESH,D709,BANSGAON,1.95
02-07-2025,26.5,83.5,GORAKHPUR,UTTAR PRADESH,D709,BANSGAON,1.8
03-07-2025,26.5,83.5,GORAKHPUR,UTTAR PRADESH,D709,BANSGAON,1.44
04-07-2025,26.5,83.5,GORAKHPUR,UTTAR PRADESH,D709,BANSGAON,1.79
05-07-2025,26.5,83.5,GORAKHPUR,UTTAR PRADESH,D709,BANSGAON,2.25
06-07-2025,26.5,83.5,GORAKHPUR,UTTAR PRADESH,D709,BANSGAON,2.13
07-07-2025,26.5,83.5,GORAKHPUR,UTTAR PRADESH,D709,BANSGAON,1.89
08-07-2025,26.5,83.5,GORAKHPUR,UTTAR PRADESH,D709,BANSGAON,2.09
09-07-2025,26.5,83.5,GORAKHPUR,UTTAR PRADESH,D709,BANSGAON,2.17
10-07-2025,26.5,83.5,GORAKHPUR,UTTAR PRADESH,D709,BANSGAON,2.38
11-07-2025,26.5,83.5,GORAKHPUR,UTTAR PRADESH,D709,BANSGAON,2.28
12-07-2025,26.5,83.5,GORAKHPUR,UTTAR PRADESH,D709,BANSGAON,2.12
13-07-2025,26.5,83.5,GORAKHPUR,UTTAR PRADESH,D709,BANSGAON,2
14-07-2025,26.5,83.5,GORAKHPUR,UTTAR PRADESH,D709,BANSGAON,2.05
15-07-2025,26.5,83.5,GORAKHPUR,UTTAR PRADESH,D709,BANSGAON,1.77
16-07-2025,26.5,83.5,GORAKHPUR,UTTAR PRADESH,D709,BANSGAON,2.06
17-07-2025,26.5,83.5,GORAKHPUR,UTTAR PRADESH,D709,BANSGAON,2.03
18-07-2025,26.5,83.5,GORAKHPUR,UTTAR PRADESH,D709,BANSGAON,2.09
19-07-2025,26.5,83.5,GORAKHPUR,UTTAR PRADESH,D709,BANSGAON,1.97
20-07-2025,26.5,83.5,GORAKHPUR,UTTAR PRADESH,D709,BANSGAON,1.69
21-07-2025,26.5,83.5,GORAKHPUR,UTTAR PRADESH,D709,BANSGAON,1.58
22-07-2025,26.5,83.5,GORAKHPUR,UTTAR PRADESH,D709,BANSGAON,1.38
23-07-2025,26.5,83.5,GORAKHPUR,UTTAR PRADESH,D709,BANSGAON,1.71
24-07-2025,26.5,83.5,GORAKHPUR,UTTAR PRADESH,D709,BANSGAON,1.81
25-07-2025,26.5,83.5,GORAKHPUR,UTTAR PRADESH,D709,BANSGAON,1.79
26-07-2025,26.5,83.5,GORAKHPUR,UTTAR PRADESH,D709,BANSGAON,1.94
27-07-2025,26.5,83.5,GORAKHPUR,UTTAR PRADESH,D709,BANSGAON,1.99
28-07-2025,26.5,83.5,GORAKHPUR,UTTAR PRADESH,D709,BANSGAON,1.7
29-07-2025,26.5,83.5,GORAKHPUR,UTTAR PRADESH,D709,BANSGAON,1.72
30-07-2025,26.5,83.5,GORAKHPUR,UTTAR PRADESH,D709,BANSGAON,1.61
31-07-2025,26.5,83.5,GORAKHPUR,UTTAR PRADESH,D709,BANSGAON,1.56
01-08-2025,26.5,83.5,GORAKHPUR,UTTAR PRADESH,D709,BANSGAON,1.51
02-08-2025,26.5,83.5,GORAKHPUR,UTTAR PRADESH,D709,BANSGAON,1.35
03-08-2025,26.5,83.5,GORAKHPUR,UTTAR PRADESH,D709,BANSGAON,1.67
04-08-2025,26.5,83.5,GORAKHPUR,UTTAR PRADESH,D709,BANSGAON,1.56
05-08-2025,26.5,83.5,GORAKHPUR,UTTAR PRADESH,D709,BANSGAON,1.49
06-08-2025,26.5,83.5,GORAKHPUR,UTTAR PRADESH,D709,BANSGAON,1.39
07-08-2025,26.5,83.5,GORAKHPUR,UTTAR PRADESH,D709,BANSGAON,1.28
08-08-2025,26.5,83.5,GORAKHPUR,UTTAR PRADESH,D709,BANSGAON,1.29
09-08-2025,26.5,83.5,GORAKHPUR,UTTAR PRADESH,D709,BANSGAON,1.53
10-08-2025,26.5,83.5,GORAKHPUR,UTTAR PRADESH,D709,BANSGAON,1.31
11-08-2025,26.5,83.5,GORAKHPUR,UTTAR PRADESH,D709,BANSGAON,1.42
12-08-2025,26.5,83.5,GORAKHPUR,UTTAR PRADESH,D709,BANSGAON,1.66
13-08-2025,26.5,83.5,GORAKHPUR,UTTAR PRADESH,D709,BANSGAON,1.68
14-08-2025,26.5,83.5,GORAKHPUR,UTTAR PRADESH,D709,BANSGAON,1.68
15-08-2025,26.5,83.5,GORAKHPUR,UTTAR PRADESH,D709,BANSGAON,1.47
16-08-2025,26.5,83.5,GORAKHPUR,UTTAR PRADESH,D709,BANSGAON,1.48
17-08-2025,26.5,83.5,GORAKHPUR,UTTAR PRADESH,D709,BANSGAON,1.29
18-08-2025,26.5,83.5,GORAKHPUR,UTTAR PRADESH,D709,BANSGAON,1.74
19-08-2025,26.5,83.5,GORAKHPUR,UTTAR PRADESH,D709,BANSGAON,1.45
20-08-2025,26.5,83.5,GORAKHPUR,UTTAR PRADESH,D709,BANSGAON,1.17
21-08-2025,26.5,83.5,GORAKHPUR,UTTAR PRADESH,D709,BANSGAON,1.11
22-08-2025,26.5,83.5,GORAKHPUR,UTTAR PRADESH,D709,BANSGAON,1.46
23-08-2025,26.5,83.5,GORAKHPUR,UTTAR PRADESH,D709,BANSGAON,1.4
24-08-2025,26.5,83.5,GORAKHPUR,UTTAR PRADESH,D709,BANSGAON,1.26
25-08-2025,26.5,83.5,GORAKHPUR,UTTAR PRADESH,D709,BANSGAON,1.39
26-08-2025,26.5,83.5,GORAKHPUR,UTTAR PRADESH,D709,BANSGAON,1.25
27-08-2025,26.5,83.5,GORAKHPUR,UTTAR PRADESH,D709,BANSGAON,1.23
28-08-2025,26.5,83.5,GORAKHPUR,UTTAR PRADESH,D709,BANSGAON,1.37
29-08-2025,26.5,83.5,GORAKHPUR,UTTAR PRADESH,D709,BANSGAON,1.2
30-08-2025,26.5,83.5,GORAKHPUR,UTTAR PRADESH,D709,BANSGAON,1.41
31-08-2025,26.5,83.5,GORAKHPUR,UTTAR PRADESH,D709,BANSGAON,1.59
01-09-2025,26.5,83.5,GORAKHPUR,UTTAR PRADESH,D709,BANSGAON,1.63
02-09-2025,26.5,83.5,GORAKHPUR,UTTAR PRADESH,D709,BANSGAON,1.77
03-09-2025,26.5,83.5,GORAKHPUR,UTTAR PRADESH,D709,BANSGAON,1.58
04-09-2025,26.5,83.5,GORAKHPUR,UTTAR PRADESH,D709,BANSGAON,1.44
05-09-2025,26.5,83.5,GORAKHPUR,UTTAR PRADESH,D709,BANSGAON,1.54
06-09-2025,26.5,83.5,GORAKHPUR,UTTAR PRADESH,D709,BANSGAON,1.7
07-09-2025,26.5,83.5,GORAKHPUR,UTTAR PRADESH,D709,BANSGAON,1.71
08-09-2025,26.5,83.5,GORAKHPUR,UTTAR PRADESH,D709,BANSGAON,1.55
09-09-2025,26.5,83.5,GORAKHPUR,UTTAR PRADESH,D709,BANSGAON,1.69
10-09-2025,26.5,83.5,GORAKHPUR,UTTAR PRADESH,D709,BANSGAON,1.35
11-09-2025,26.5,83.5,GORAKHPUR,UTTAR PRADESH,D709,BANSGAON,1.29
12-09-2025,26.5,83.5,GORAKHPUR,UTTAR PRADESH,D709,BANSGAON,1.68
13-09-2025,26.5,83.5,GORAKHPUR,UTTAR PRADESH,D709,BANSGAON,1.82
14-09-2025,26.5,83.5,GORAKHPUR,UTTAR PRADESH,D709,BANSGAON,1.73
15-09-2025,26.5,83.5,GORAKHPUR,UTTAR PRADESH,D709,BANSGAON,1.85
16-09-2025,26.5,83.5,GORAKHPUR,UTTAR PRADESH,D709,BANSGAON,1.84
17-09-2025,26.5,83.5,GORAKHPUR,UTTAR PRADESH,D709,BANSGAON,1.71
18-09-2025,26.5,83.5,GORAKHPUR,UTTAR PRADESH,D709,BANSGAON,1.56
19-09-2025,26.5,83.5,GORAKHPUR,UTTAR PRADESH,D709,BANSGAON,1.52
20-09-2025,26.5,83.5,GORAKHPUR,UTTAR PRADESH,D709,BANSGAON,1.32
21-09-2025,26.5,83.5,GORAKHPUR,UTTAR PRADESH,D709,BANSGAON,1.44
22-09-2025,26.5,83.5,GORAKHPUR,UTTAR PRADESH,D709,BANSGAON,1.61
23-09-2025,26.5,83.5,GORAKHPUR,UTTAR PRADESH,D709,BANSGAON,1.68
24-09-2025,26.5,83.5,GORAKHPUR,UTTAR PRADESH,D709,BANSGAON,2.19
25-09-2025,26.5,83.5,GORAKHPUR,UTTAR PRADESH,D709,BANSGAON,1.94
26-09-2025,26.5,83.5,GORAKHPUR,UTTAR PRADESH,D709,BANSGAON,2.18
27-09-2025,26.5,83.5,GORAKHPUR,UTTAR PRADESH,D709,BANSGAON,2.12
28-09-2025,26.5,83.5,GORAKHPUR,UTTAR PRADESH,D709,BANSGAON,2.22
29-09-2025,26.5,83.5,GORAKHPUR,UTTAR PRADESH,D709,BANSGAON,2.04
30-09-2025,26.5,83.5,GORAKHPUR,UTTAR PRADESH,D709,BANSGAON,1.67
01-10-2025,26.5,83.5,GORAKHPUR,UTTAR PRADESH,D709,BANSGAON,1.54
02-10-2025,26.5,83.5,GORAKHPUR,UTTAR PRADESH,D709,BANSGAON,1.85
03-10-2025,26.5,83.5,GORAKHPUR,UTTAR PRADESH,D709,BANSGAON,1.85
04-10-2025,26.5,83.5,GORAKHPUR,UTTAR PRADESH,D709,BANSGAON,1.85
05-10-2025,26.5,83.5,GORAKHPUR,UTTAR PRADESH,D709,BANSGAON,1.7
06-10-2025,26.5,83.5,GORAKHPUR,UTTAR PRADESH,D709,BANSGAON,1.75
07-10-2025,26.5,83.5,GORAKHPUR,UTTAR PRADESH,D709,BANSGAON,1.46
08-10-2025,26.5,83.5,GORAKHPUR,UTTAR PRADESH,D709,BANSGAON,1.47
09-10-2025,26.5,83.5,GORAKHPUR,UTTAR PRADESH,D709,BANSGAON,1.62
10-10-2025,26.5,83.5,GORAKHPUR,UTTAR PRADESH,D709,BANSGAON,1.36
11-10-2025,26.5,83.5,GORAKHPUR,UTTAR PRADESH,D709,BANSGAON,1.4
12-10-2025,26.5,83.5,GORAKHPUR,UTTAR PRADESH,D709,BANSGAON,1.34
13-10-2025,26.5,83.5,GORAKHPUR,UTTAR PRADESH,D709,BANSGAON,1.67
14-10-2025,26.5,83.5,GORAKHPUR,UTTAR PRADESH,D709,BANSGAON,2.02
15-10-2025,26.5,83.5,GORAKHPUR,UTTAR PRADESH,D709,BANSGAON,1.82
16-10-2025,26.5,83.5,GORAKHPUR,UTTAR PRADESH,D709,BANSGAON,1.57
17-10-2025,26.5,83.5,GORAKHPUR,UTTAR PRADESH,D709,BANSGAON,1.52
18-10-2025,26.5,83.5,GORAKHPUR,UTTAR PRADESH,D709,BANSGAON,1.37
19-10-2025,26.5,83.5,GORAKHPUR,UTTAR PRADESH,D709,BANSGAON,1.57
20-10-2025,26.5,83.5,GORAKHPUR,UTTAR PRADESH,D709,BANSGAON,1.48
21-10-2025,26.5,83.5,GORAKHPUR,UTTAR PRADESH,D709,BANSGAON,1.72
22-10-2025,26.5,83.5,GORAKHPUR,UTTAR PRADESH,D709,BANSGAON,1.47
23-10-2025,26.5,83.5,GORAKHPUR,UTTAR PRADESH,D709,BANSGAON,1.4
24-10-2025,26.5,83.5,GORAKHPUR,UTTAR PRADESH,D709,BANSGAON,1.43
25-10-2025,26.5,83.5,GORAKHPUR,UTTAR PRADESH,D709,BANSGAON,1.93
26-10-2025,26.5,83.5,GORAKHPUR,UTTAR PRADESH,D709,BANSGAON,1.58
27-10-2025,26.5,83.5,GORAKHPUR,UTTAR PRADESH,D709,BANSGAON,1.29
28-10-2025,26.5,83.5,GORAKHPUR,UTTAR PRADESH,D709,BANSGAON,1.09
29-10-2025,26.5,83.5,GORAKHPUR,UTTAR PRADESH,D709,BANSGAON,1.38
30-10-2025,26.5,83.5,GORAKHPUR,UTTAR PRADESH,D709,BANSGAON,1.63
31-10-2025,26.5,83.5,GORAKHPUR,UTTAR PRADESH,D709,BANSGAON,1.78
01-11-2025,26.5,83.5,GORAKHPUR,UTTAR PRADESH,D709,BANSGAON,1.42
02-11-2025,26.5,83.5,GORAKHPUR,UTTAR PRADESH,D709,BANSGAON,1.05
03-11-2025,26.5,83.5,GORAKHPUR,UTTAR PRADESH,D709,BANSGAON,1.11
04-11-2025,26.5,83.5,GORAKHPUR,UTTAR PRADESH,D709,BANSGAON,1.04
05-11-2025,26.5,83.5,GORAKHPUR,UTTAR PRADESH,D709,BANSGAON,1.07
06-11-2025,26.5,83.5,GORAKHPUR,UTTAR PRADESH,D709,BANSGAON,1.02
07-11-2025,26.5,83.5,GORAKHPUR,UTTAR PRADESH,D709,BANSGAON,1.04
08-11-2025,26.5,83.5,GORAKHPUR,UTTAR PRADESH,D709,BANSGAON,1.28
09-11-2025,26.5,83.5,GORAKHPUR,UTTAR PRADESH,D709,BANSGAON,0.99
10-11-2025,26.5,83.5,GORAKHPUR,UTTAR PRADESH,D709,BANSGAON,1
11-11-2025,26.5,83.5,GORAKHPUR,UTTAR PRADESH,D709,BANSGAON,0.81
12-11-2025,26.5,83.5,GORAKHPUR,UTTAR PRADESH,D709,BANSGAON,0.95
13-11-2025,26.5,83.5,GORAKHPUR,UTTAR PRADESH,D709,BANSGAON,0.82
14-11-2025,26.5,83.5,GORAKHPUR,UTTAR PRADESH,D709,BANSGAON,0.88
15-11-2025,26.5,83.5,GORAKHPUR,UTTAR PRADESH,D709,BANSGAON,0.85
16-11-2025,26.5,83.5,GORAKHPUR,UTTAR PRADESH,D709,BANSGAON,1.23
17-11-2025,26.5,83.5,GORAKHPUR,UTTAR PRADESH,D709,BANSGAON,1.49
18-11-2025,26.5,83.5,GORAKHPUR,UTTAR PRADESH,D709,BANSGAON,1.46
19-11-2025,26.5,83.5,GORAKHPUR,UTTAR PRADESH,D709,BANSGAON,1.35
20-11-2025,26.5,83.5,GORAKHPUR,UTTAR PRADESH,D709,BANSGAON,1.11
21-11-2025,26.5,83.5,GORAKHPUR,UTTAR PRADESH,D709,BANSGAON,1.07
22-11-2025,26.5,83.5,GORAKHPUR,UTTAR PRADESH,D709,BANSGAON,1.12
23-11-2025,26.5,83.5,GORAKHPUR,UTTAR PRADESH,D709,BANSGAON,1.09
24-11-2025,26.5,83.5,GORAKHPUR,UTTAR PRADESH,D709,BANSGAON,1.06
25-11-2025,26.5,83.5,GORAKHPUR,UTTAR PRADESH,D709,BANSGAON,0.92
26-11-2025,26.5,83.5,GORAKHPUR,UTTAR PRADESH,D709,BANSGAON,0.82
27-11-2025,26.5,83.5,GORAKHPUR,UTTAR PRADESH,D709,BANSGAON,0.96
28-11-2025,26.5,83.5,GORAKHPUR,UTTAR PRADESH,D709,BANSGAON,1.09
29-11-2025,26.5,83.5,GORAKHPUR,UTTAR PRADESH,D709,BANSGAON,1.29
30-11-2025,26.5,83.5,GORAKHPUR,UTTAR PRADESH,D709,BANSGAON,1.22
01-12-2025,26.5,83.5,GORAKHPUR,UTTAR PRADESH,D709,BANSGAON,1.23
02-12-2025,26.5,83.5,GORAKHPUR,UTTAR PRADESH,D709,BANSGAON,1.02
03-12-2025,26.5,83.5,GORAKHPUR,UTTAR PRADESH,D709,BANSGAON,1.24
04-12-2025,26.5,83.5,GORAKHPUR,UTTAR PRADESH,D709,BANSGAON,1.13
05-12-2025,26.5,83.5,GORAKHPUR,UTTAR PRADESH,D709,BANSGAON,1.39
06-12-2025,26.5,83.5,GORAKHPUR,UTTAR PRADESH,D709,BANSGAON,1.33
07-12-2025,26.5,83.5,GORAKHPUR,UTTAR PRADESH,D709,BANSGAON,1.65
08-12-2025,26.5,83.5,GORAKHPUR,UTTAR PRADESH,D709,BANSGAON,1.87
09-12-2025,26.5,83.5,GORAKHPUR,UTTAR PRADESH,D709,BANSGAON,1.92
10-12-2025,26.5,83.5,GORAKHPUR,UTTAR PRADESH,D709,BANSGAON,1.99
11-12-2025,26.5,83.5,GORAKHPUR,UTTAR PRADESH,D709,BANSGAON,1.74
12-12-2025,26.5,83.5,GORAKHPUR,UTTAR PRADESH,D709,BANSGAON,1.88
13-12-2025,26.5,83.5,GORAKHPUR,UTTAR PRADESH,D709,BANSGAON,2.12
14-12-2025,26.5,83.5,GORAKHPUR,UTTAR PRADESH,D709,BANSGAON,1.8
15-12-2025,26.5,83.5,GORAKHPUR,UTTAR PRADESH,D709,BANSGAON,2
16-12-2025,26.5,83.5,GORAKHPUR,UTTAR PRADESH,D709,BANSGAON,2.09
17-12-2025,26.5,83.5,GORAKHPUR,UTTAR PRADESH,D709,BANSGAON,2.29
18-12-2025,26.5,83.5,GORAKHPUR,UTTAR PRADESH,D709,BANSGAON,2.62
19-12-2025,26.5,83.5,GORAKHPUR,UTTAR PRADESH,D709,BANSGAON,2.84
20-12-2025,26.5,83.5,GORAKHPUR,UTTAR PRADESH,D709,BANSGAON,2.72
21-12-2025,26.5,83.5,GORAKHPUR,UTTAR PRADESH,D709,BANSGAON,2.92
22-12-2025,26.5,83.5,GORAKHPUR,UTTAR PRADESH,D709,BANSGAON,2.66
23-12-2025,26.5,83.5,GORAKHPUR,UTTAR PRADESH,D709,BANSGAON,2.5
24-12-2025,26.5,83.5,GORAKHPUR,UTTAR PRADESH,D709,BANSGAON,2.67
25-12-2025,26.5,83.5,GORAKHPUR,UTTAR PRADESH,D709,BANSGAON,2.6
26-12-2025,26.5,83.5,GORAKHPUR,UTTAR PRADESH,D709,BANSGAON,3
27-12-2025,26.5,83.5,GORAKHPUR,UTTAR PRADESH,D709,BANSGAON,3.01
28-12-2025,26.5,83.5,GORAKHPUR,UTTAR PRADESH,D709,BANSGAON,3.04
29-12-2025,26.5,83.5,GORAKHPUR,UTTAR PRADESH,D709,BANSGAON,3.24
30-12-2025,26.5,83.5,GORAKHPUR,UTTAR PRADESH,D709,BANSGAON,3.2
31-12-2025,26.5,83.5,GORAKHPUR,UTTAR PRADESH,D709,BANSGAON,2.89
01-01-2025,26.5,82.5,AMBEDKAR NAGAR,UTTAR PRADESH,D679,AKBARPUR,3.03
02-01-2025,26.5,82.5,AMBEDKAR NAGAR,UTTAR PRADESH,D679,AKBARPUR,2.98
03-01-2025,26.5,82.5,AMBEDKAR NAGAR,UTTAR PRADESH,D679,AKBARPUR,3.26
04-01-2025,26.5,82.5,AMBEDKAR NAGAR,UTTAR PRADESH,D679,AKBARPUR,3.13
05-01-2025,26.5,82.5,AMBEDKAR NAGAR,UTTAR PRADESH,D679,AKBARPUR,3.66
06-01-2025,26.5,82.5,AMBEDKAR NAGAR,UTTAR PRADESH,D679,AKBARPUR,3.51
07-01-2025,26.5,82.5,AMBEDKAR NAGAR,UTTAR PRADESH,D679,AKBARPUR,3.71
08-01-2025,26.5,82.5,AMBEDKAR NAGAR,UTTAR PRADESH,D679,AKBARPUR,3.38
09-01-2025,26.5,82.5,AMBEDKAR NAGAR,UTTAR PRADESH,D679,AKBARPUR,3.14
10-01-2025,26.5,82.5,AMBEDKAR NAGAR,UTTAR PRADESH,D679,AKBARPUR,3.27
11-01-2025,26.5,82.5,AMBEDKAR NAGAR,UTTAR PRADESH,D679,AKBARPUR,3.3
12-01-2025,26.5,82.5,AMBEDKAR NAGAR,UTTAR PRADESH,D679,AKBARPUR,2.97
13-01-2025,26.5,82.5,AMBEDKAR NAGAR,UTTAR PRADESH,D679,AKBARPUR,3.07
14-01-2025,26.5,82.5,AMBEDKAR NAGAR,UTTAR PRADESH,D679,AKBARPUR,3.42
15-01-2025,26.5,82.5,AMBEDKAR NAGAR,UTTAR PRADESH,D679,AKBARPUR,3.3
16-01-2025,26.5,82.5,AMBEDKAR NAGAR,UTTAR PRADESH,D679,AKBARPUR,3.52
17-01-2025,26.5,82.5,AMBEDKAR NAGAR,UTTAR PRADESH,D679,AKBARPUR,3.5
18-01-2025,26.5,82.5,AMBEDKAR NAGAR,UTTAR PRADESH,D679,AKBARPUR,3.69
19-01-2025,26.5,82.5,AMBEDKAR NAGAR,UTTAR PRADESH,D679,AKBARPUR,3.67
20-01-2025,26.5,82.5,AMBEDKAR NAGAR,UTTAR PRADESH,D679,AKBARPUR,3.07
21-01-2025,26.5,82.5,AMBEDKAR NAGAR,UTTAR PRADESH,D679,AKBARPUR,2.99
22-01-2025,26.5,82.5,AMBEDKAR NAGAR,UTTAR PRADESH,D679,AKBARPUR,2.98
23-01-2025,26.5,82.5,AMBEDKAR NAGAR,UTTAR PRADESH,D679,AKBARPUR,2.92
24-01-2025,26.5,82.5,AMBEDKAR NAGAR,UTTAR PRADESH,D679,AKBARPUR,2.77
25-01-2025,26.5,82.5,AMBEDKAR NAGAR,UTTAR PRADESH,D679,AKBARPUR,2.49
26-01-2025,26.5,82.5,AMBEDKAR NAGAR,UTTAR PRADESH,D679,AKBARPUR,2.6
27-01-2025,26.5,82.5,AMBEDKAR NAGAR,UTTAR PRADESH,D679,AKBARPUR,2.47
28-01-2025,26.5,82.5,AMBEDKAR NAGAR,UTTAR PRADESH,D679,AKBARPUR,2.16
29-01-2025,26.5,82.5,AMBEDKAR NAGAR,UTTAR PRADESH,D679,AKBARPUR,2.27
30-01-2025,26.5,82.5,AMBEDKAR NAGAR,UTTAR PRADESH,D679,AKBARPUR,2.35
31-01-2025,26.5,82.5,AMBEDKAR NAGAR,UTTAR PRADESH,D679,AKBARPUR,2.54
01-02-2025,26.5,82.5,AMBEDKAR NAGAR,UTTAR PRADESH,D679,AKBARPUR,2.44
02-02-2025,26.5,82.5,AMBEDKAR NAGAR,UTTAR PRADESH,D679,AKBARPUR,2.53
03-02-2025,26.5,82.5,AMBEDKAR NAGAR,UTTAR PRADESH,D679,AKBARPUR,1.94
04-02-2025,26.5,82.5,AMBEDKAR NAGAR,UTTAR PRADESH,D679,AKBARPUR,2.09
05-02-2025,26.5,82.5,AMBEDKAR NAGAR,UTTAR PRADESH,D679,AKBARPUR,2.08
06-02-2025,26.5,82.5,AMBEDKAR NAGAR,UTTAR PRADESH,D679,AKBARPUR,2.03
07-02-2025,26.5,82.5,AMBEDKAR NAGAR,UTTAR PRADESH,D679,AKBARPUR,2.05
08-02-2025,26.5,82.5,AMBEDKAR NAGAR,UTTAR PRADESH,D679,AKBARPUR,2.05
09-02-2025,26.5,82.5,AMBEDKAR NAGAR,UTTAR PRADESH,D679,AKBARPUR,1.88
10-02-2025,26.5,82.5,AMBEDKAR NAGAR,UTTAR PRADESH,D679,AKBARPUR,2.16
11-02-2025,26.5,82.5,AMBEDKAR NAGAR,UTTAR PRADESH,D679,AKBARPUR,2.53
12-02-2025,26.5,82.5,AMBEDKAR NAGAR,UTTAR PRADESH,D679,AKBARPUR,2.39
13-02-2025,26.5,82.5,AMBEDKAR NAGAR,UTTAR PRADESH,D679,AKBARPUR,2.44
14-02-2025,26.5,82.5,AMBEDKAR NAGAR,UTTAR PRADESH,D679,AKBARPUR,2.66
15-02-2025,26.5,82.5,AMBEDKAR NAGAR,UTTAR PRADESH,D679,AKBARPUR,2.52
16-02-2025,26.5,82.5,AMBEDKAR NAGAR,UTTAR PRADESH,D679,AKBARPUR,2.46
17-02-2025,26.5,82.5,AMBEDKAR NAGAR,UTTAR PRADESH,D679,AKBARPUR,2.12
18-02-2025,26.5,82.5,AMBEDKAR NAGAR,UTTAR PRADESH,D679,AKBARPUR,1.99
19-02-2025,26.5,82.5,AMBEDKAR NAGAR,UTTAR PRADESH,D679,AKBARPUR,1.98
20-02-2025,26.5,82.5,AMBEDKAR NAGAR,UTTAR PRADESH,D679,AKBARPUR,1.91
21-02-2025,26.5,82.5,AMBEDKAR NAGAR,UTTAR PRADESH,D679,AKBARPUR,2.26
22-02-2025,26.5,82.5,AMBEDKAR NAGAR,UTTAR PRADESH,D679,AKBARPUR,2.59
23-02-2025,26.5,82.5,AMBEDKAR NAGAR,UTTAR PRADESH,D679,AKBARPUR,2.31
24-02-2025,26.5,82.5,AMBEDKAR NAGAR,UTTAR PRADESH,D679,AKBARPUR,2.52
25-02-2025,26.5,82.5,AMBEDKAR NAGAR,UTTAR PRADESH,D679,AKBARPUR,2.56
26-02-2025,26.5,82.5,AMBEDKAR NAGAR,UTTAR PRADESH,D679,AKBARPUR,2.13
27-02-2025,26.5,82.5,AMBEDKAR NAGAR,UTTAR PRADESH,D679,AKBARPUR,2.45
28-02-2025,26.5,82.5,AMBEDKAR NAGAR,UTTAR PRADESH,D679,AKBARPUR,2.5
29-02-2025,26.5,82.5,AMBEDKAR NAGAR,UTTAR PRADESH,D679,AKBARPUR,1.98
01-03-2025,26.5,82.5,AMBEDKAR NAGAR,UTTAR PRADESH,D679,AKBARPUR,2.67
02-03-2025,26.5,82.5,AMBEDKAR NAGAR,UTTAR PRADESH,D679,AKBARPUR,2.55
03-03-2025,26.5,82.5,AMBEDKAR NAGAR,UTTAR PRADESH,D679,AKBARPUR,2.67
04-03-2025,26.5,82.5,AMBEDKAR NAGAR,UTTAR PRADESH,D679,AKBARPUR,2.68
05-03-2025,26.5,82.5,AMBEDKAR NAGAR,UTTAR PRADESH,D679,AKBARPUR,2.56
06-03-2025,26.5,82.5,AMBEDKAR NAGAR,UTTAR PRADESH,D679,AKBARPUR,2.11
07-03-2025,26.5,82.5,AMBEDKAR NAGAR,UTTAR PRADESH,D679,AKBARPUR,2.35
08-03-2025,26.5,82.5,AMBEDKAR NAGAR,UTTAR PRADESH,D679,AKBARPUR,2.08
09-03-2025,26.5,82.5,AMBEDKAR NAGAR,UTTAR PRADESH,D679,AKBARPUR,1.94
10-03-2025,26.5,82.5,AMBEDKAR NAGAR,UTTAR PRADESH,D679,AKBARPUR,2.68
11-03-2025,26.5,82.5,AMBEDKAR NAGAR,UTTAR PRADESH,D679,AKBARPUR,2.16
12-03-2025,26.5,82.5,AMBEDKAR NAGAR,UTTAR PRADESH,D679,AKBARPUR,2.2
13-03-2025,26.5,82.5,AMBEDKAR NAGAR,UTTAR PRADESH,D679,AKBARPUR,2.7
14-03-2025,26.5,82.5,AMBEDKAR NAGAR,UTTAR PRADESH,D679,AKBARPUR,2.63
15-03-2025,26.5,82.5,AMBEDKAR NAGAR,UTTAR PRADESH,D679,AKBARPUR,2.71
16-03-2025,26.5,82.5,AMBEDKAR NAGAR,UTTAR PRADESH,D679,AKBARPUR,2.13
17-03-2025,26.5,82.5,AMBEDKAR NAGAR,UTTAR PRADESH,D679,AKBARPUR,2.37
18-03-2025,26.5,82.5,AMBEDKAR NAGAR,UTTAR PRADESH,D679,AKBARPUR,2.12
19-03-2025,26.5,82.5,AMBEDKAR NAGAR,UTTAR PRADESH,D679,AKBARPUR,2.37
20-03-2025,26.5,82.5,AMBEDKAR NAGAR,UTTAR PRADESH,D679,AKBARPUR,2.66
21-03-2025,26.5,82.5,AMBEDKAR NAGAR,UTTAR PRADESH,D679,AKBARPUR,2.58
22-03-2025,26.5,82.5,AMBEDKAR NAGAR,UTTAR PRADESH,D679,AKBARPUR,2.19
23-03-2025,26.5,82.5,AMBEDKAR NAGAR,UTTAR PRADESH,D679,AKBARPUR,2.09
24-03-2025,26.5,82.5,AMBEDKAR NAGAR,UTTAR PRADESH,D679,AKBARPUR,2.18
25-03-2025,26.5,82.5,AMBEDKAR NAGAR,UTTAR PRADESH,D679,AKBARPUR,2.1
26-03-2025,26.5,82.5,AMBEDKAR NAGAR,UTTAR PRADESH,D679,AKBARPUR,2.17
27-03-2025,26.5,82.5,AMBEDKAR NAGAR,UTTAR PRADESH,D679,AKBARPUR,2.12
28-03-2025,26.5,82.5,AMBEDKAR NAGAR,UTTAR PRADESH,D679,AKBARPUR,1.73
29-03-2025,26.5,82.5,AMBEDKAR NAGAR,UTTAR PRADESH,D679,AKBARPUR,1.66
30-03-2025,26.5,82.5,AMBEDKAR NAGAR,UTTAR PRADESH,D679,AKBARPUR,2.4
31-03-2025,26.5,82.5,AMBEDKAR NAGAR,UTTAR PRADESH,D679,AKBARPUR,2.44
01-04-2025,26.5,82.5,AMBEDKAR NAGAR,UTTAR PRADESH,D679,AKBARPUR,2.4
02-04-2025,26.5,82.5,AMBEDKAR NAGAR,UTTAR PRADESH,D679,AKBARPUR,1.94
03-04-2025,26.5,82.5,AMBEDKAR NAGAR,UTTAR PRADESH,D679,AKBARPUR,2.25
04-04-2025,26.5,82.5,AMBEDKAR NAGAR,UTTAR PRADESH,D679,AKBARPUR,2.33
05-04-2025,26.5,82.5,AMBEDKAR NAGAR,UTTAR PRADESH,D679,AKBARPUR,2.26
06-04-2025,26.5,82.5,AMBEDKAR NAGAR,UTTAR PRADESH,D679,AKBARPUR,2.04
07-04-2025,26.5,82.5,AMBEDKAR NAGAR,UTTAR PRADESH,D679,AKBARPUR,2.12
08-04-2025,26.5,82.5,AMBEDKAR NAGAR,UTTAR PRADESH,D679,AKBARPUR,2
09-04-2025,26.5,82.5,AMBEDKAR NAGAR,UTTAR PRADESH,D679,AKBARPUR,1.88
10-04-2025,26.5,82.5,AMBEDKAR NAGAR,UTTAR PRADESH,D679,AKBARPUR,2.27
11-04-2025,26.5,82.5,AMBEDKAR NAGAR,UTTAR PRADESH,D679,AKBARPUR,2.16
12-04-2025,26.5,82.5,AMBEDKAR NAGAR,UTTAR PRADESH,D679,AKBARPUR,2.17
13-04-2025,26.5,82.5,AMBEDKAR NAGAR,UTTAR PRADESH,D679,AKBARPUR,2.29
14-04-2025,26.5,82.5,AMBEDKAR NAGAR,UTTAR PRADESH,D679,AKBARPUR,2.19
15-04-2025,26.5,82.5,AMBEDKAR NAGAR,UTTAR PRADESH,D679,AKBARPUR,2.25
16-04-2025,26.5,82.5,AMBEDKAR NAGAR,UTTAR PRADESH,D679,AKBARPUR,1.98
17-04-2025,26.5,82.5,AMBEDKAR NAGAR,UTTAR PRADESH,D679,AKBARPUR,2.5
18-04-2025,26.5,82.5,AMBEDKAR NAGAR,UTTAR PRADESH,D679,AKBARPUR,2.53
19-04-2025,26.5,82.5,AMBEDKAR NAGAR,UTTAR PRADESH,D679,AKBARPUR,2.56
20-04-2025,26.5,82.5,AMBEDKAR NAGAR,UTTAR PRADESH,D679,AKBARPUR,2.43
21-04-2025,26.5,82.5,AMBEDKAR NAGAR,UTTAR PRADESH,D679,AKBARPUR,2.83
22-04-2025,26.5,82.5,AMBEDKAR NAGAR,UTTAR PRADESH,D679,AKBARPUR,2.4
23-04-2025,26.5,82.5,AMBEDKAR NAGAR,UTTAR PRADESH,D679,AKBARPUR,2.22
24-04-2025,26.5,82.5,AMBEDKAR NAGAR,UTTAR PRADESH,D679,AKBARPUR,2.45
25-04-2025,26.5,82.5,AMBEDKAR NAGAR,UTTAR PRADESH,D679,AKBARPUR,2.75
26-04-2025,26.5,82.5,AMBEDKAR NAGAR,UTTAR PRADESH,D679,AKBARPUR,3.19
27-04-2025,26.5,82.5,AMBEDKAR NAGAR,UTTAR PRADESH,D679,AKBARPUR,2.74
28-04-2025,26.5,82.5,AMBEDKAR NAGAR,UTTAR PRADESH,D679,AKBARPUR,2.64
29-04-2025,26.5,82.5,AMBEDKAR NAGAR,UTTAR PRADESH,D679,AKBARPUR,2.64
30-04-2025,26.5,82.5,AMBEDKAR NAGAR,UTTAR PRADESH,D679,AKBARPUR,3.19
01-05-2025,26.5,82.5,AMBEDKAR NAGAR,UTTAR PRADESH,D679,AKBARPUR,3.14
02-05-2025,26.5,82.5,AMBEDKAR NAGAR,UTTAR PRADESH,D679,AKBARPUR,2.59
03-05-2025,26.5,82.5,AMBEDKAR NAGAR,UTTAR PRADESH,D679,AKBARPUR,2.36
04-05-2025,26.5,82.5,AMBEDKAR NAGAR,UTTAR PRADESH,D679,AKBARPUR,2.38
05-05-2025,26.5,82.5,AMBEDKAR NAGAR,UTTAR PRADESH,D679,AKBARPUR,2.37
06-05-2025,26.5,82.5,AMBEDKAR NAGAR,UTTAR PRADESH,D679,AKBARPUR,2.39
07-05-2025,26.5,82.5,AMBEDKAR NAGAR,UTTAR PRADESH,D679,AKBARPUR,2.53
08-05-2025,26.5,82.5,AMBEDKAR NAGAR,UTTAR PRADESH,D679,AKBARPUR,2.17
09-05-2025,26.5,82.5,AMBEDKAR NAGAR,UTTAR PRADESH,D679,AKBARPUR,2.24
10-05-2025,26.5,82.5,AMBEDKAR NAGAR,UTTAR PRADESH,D679,AKBARPUR,2.39
11-05-2025,26.5,82.5,AMBEDKAR NAGAR,UTTAR PRADESH,D679,AKBARPUR,2.29
12-05-2025,26.5,82.5,AMBEDKAR NAGAR,UTTAR PRADESH,D679,AKBARPUR,2.5
13-05-2025,26.5,82.5,AMBEDKAR NAGAR,UTTAR PRADESH,D679,AKBARPUR,2.3
14-05-2025,26.5,82.5,AMBEDKAR NAGAR,UTTAR PRADESH,D679,AKBARPUR,2.22
15-05-2025,26.5,82.5,AMBEDKAR NAGAR,UTTAR PRADESH,D679,AKBARPUR,2.4
16-05-2025,26.5,82.5,AMBEDKAR NAGAR,UTTAR PRADESH,D679,AKBARPUR,2.18
17-05-2025,26.5,82.5,AMBEDKAR NAGAR,UTTAR PRADESH,D679,AKBARPUR,2.05
18-05-2025,26.5,82.5,AMBEDKAR NAGAR,UTTAR PRADESH,D679,AKBARPUR,2.23
19-05-2025,26.5,82.5,AMBEDKAR NAGAR,UTTAR PRADESH,D679,AKBARPUR,2.84
20-05-2025,26.5,82.5,AMBEDKAR NAGAR,UTTAR PRADESH,D679,AKBARPUR,2.97
21-05-2025,26.5,82.5,AMBEDKAR NAGAR,UTTAR PRADESH,D679,AKBARPUR,2.93
22-05-2025,26.5,82.5,AMBEDKAR NAGAR,UTTAR PRADESH,D679,AKBARPUR,2.94
23-05-2025,26.5,82.5,AMBEDKAR NAGAR,UTTAR PRADESH,D679,AKBARPUR,2.8
24-05-2025,26.5,82.5,AMBEDKAR NAGAR,UTTAR PRADESH,D679,AKBARPUR,3.03
25-05-2025,26.5,82.5,AMBEDKAR NAGAR,UTTAR PRADESH,D679,AKBARPUR,3.22
26-05-2025,26.5,82.5,AMBEDKAR NAGAR,UTTAR PRADESH,D679,AKBARPUR,2.92
27-05-2025,26.5,82.5,AMBEDKAR NAGAR,UTTAR PRADESH,D679,AKBARPUR,3.26
28-05-2025,26.5,82.5,AMBEDKAR NAGAR,UTTAR PRADESH,D679,AKBARPUR,3.51
29-05-2025,26.5,82.5,AMBEDKAR NAGAR,UTTAR PRADESH,D679,AKBARPUR,3.38
30-05-2025,26.5,82.5,AMBEDKAR NAGAR,UTTAR PRADESH,D679,AKBARPUR,3.17
31-05-2025,26.5,82.5,AMBEDKAR NAGAR,UTTAR PRADESH,D679,AKBARPUR,3.17
01-06-2025,26.5,82.5,AMBEDKAR NAGAR,UTTAR PRADESH,D679,AKBARPUR,2.83
02-06-2025,26.5,82.5,AMBEDKAR NAGAR,UTTAR PRADESH,D679,AKBARPUR,2.62
03-06-2025,26.5,82.5,AMBEDKAR NAGAR,UTTAR PRADESH,D679,AKBARPUR,2.97
04-06-2025,26.5,82.5,AMBEDKAR NAGAR,UTTAR PRADESH,D679,AKBARPUR,3.32
05-06-2025,26.5,82.5,AMBEDKAR NAGAR,UTTAR PRADESH,D679,AKBARPUR,2.98
06-06-2025,26.5,82.5,AMBEDKAR NAGAR,UTTAR PRADESH,D679,AKBARPUR,3.14
07-06-2025,26.5,82.5,AMBEDKAR NAGAR,UTTAR PRADESH,D679,AKBARPUR,3.31
08-06-2025,26.5,82.5,AMBEDKAR NAGAR,UTTAR PRADESH,D679,AKBARPUR,3.34
09-06-2025,26.5,82.5,AMBEDKAR NAGAR,UTTAR PRADESH,D679,AKBARPUR,3.1
10-06-2025,26.5,82.5,AMBEDKAR NAGAR,UTTAR PRADESH,D679,AKBARPUR,2.98
11-06-2025,26.5,82.5,AMBEDKAR NAGAR,UTTAR PRADESH,D679,AKBARPUR,2.81
12-06-2025,26.5,82.5,AMBEDKAR NAGAR,UTTAR PRADESH,D679,AKBARPUR,3.03
13-06-2025,26.5,82.5,AMBEDKAR NAGAR,UTTAR PRADESH,D679,AKBARPUR,3.14
14-06-2025,26.5,82.5,AMBEDKAR NAGAR,UTTAR PRADESH,D679,AKBARPUR,3.74
15-06-2025,26.5,82.5,AMBEDKAR NAGAR,UTTAR PRADESH,D679,AKBARPUR,4.11
16-06-2025,26.5,82.5,AMBEDKAR NAGAR,UTTAR PRADESH,D679,AKBARPUR,4.03
17-06-2025,26.5,82.5,AMBEDKAR NAGAR,UTTAR PRADESH,D679,AKBARPUR,3.99
18-06-2025,26.5,82.5,AMBEDKAR NAGAR,UTTAR PRADESH,D679,AKBARPUR,3.83
19-06-2025,26.5,82.5,AMBEDKAR NAGAR,UTTAR PRADESH,D679,AKBARPUR,4.05
20-06-2025,26.5,82.5,AMBEDKAR NAGAR,UTTAR PRADESH,D679,AKBARPUR,3.54
21-06-2025,26.5,82.5,AMBEDKAR NAGAR,UTTAR PRADESH,D679,AKBARPUR,2.89
22-06-2025,26.5,82.5,AMBEDKAR NAGAR,UTTAR PRADESH,D679,AKBARPUR,2.89
23-06-2025,26.5,82.5,AMBEDKAR NAGAR,UTTAR PRADESH,D679,AKBARPUR,2.59
24-06-2025,26.5,82.5,AMBEDKAR NAGAR,UTTAR PRADESH,D679,AKBARPUR,2.15
25-06-2025,26.5,82.5,AMBEDKAR NAGAR,UTTAR PRADESH,D679,AKBARPUR,2.56
26-06-2025,26.5,82.5,AMBEDKAR NAGAR,UTTAR PRADESH,D679,AKBARPUR,2.34
27-06-2025,26.5,82.5,AMBEDKAR NAGAR,UTTAR PRADESH,D679,AKBARPUR,2.52
28-06-2025,26.5,82.5,AMBEDKAR NAGAR,UTTAR PRADESH,D679,AKBARPUR,2.7
29-06-2025,26.5,82.5,AMBEDKAR NAGAR,UTTAR PRADESH,D679,AKBARPUR,3.11
30-06-2025,26.5,82.5,AMBEDKAR NAGAR,UTTAR PRADESH,D679,AKBARPUR,2.8
01-07-2025,26.5,82.5,AMBEDKAR NAGAR,UTTAR PRADESH,D679,AKBARPUR,2.09
02-07-2025,26.5,82.5,AMBEDKAR NAGAR,UTTAR PRADESH,D679,AKBARPUR,2
03-07-2025,26.5,82.5,AMBEDKAR NAGAR,UTTAR PRADESH,D679,AKBARPUR,1.67
04-07-2025,26.5,82.5,AMBEDKAR NAGAR,UTTAR PRADESH,D679,AKBARPUR,1.86
05-07-2025,26.5,82.5,AMBEDKAR NAGAR,UTTAR PRADESH,D679,AKBARPUR,2.43
06-07-2025,26.5,82.5,AMBEDKAR NAGAR,UTTAR PRADESH,D679,AKBARPUR,2.37
07-07-2025,26.5,82.5,AMBEDKAR NAGAR,UTTAR PRADESH,D679,AKBARPUR,2.07
08-07-2025,26.5,82.5,AMBEDKAR NAGAR,UTTAR PRADESH,D679,AKBARPUR,2.18
09-07-2025,26.5,82.5,AMBEDKAR NAGAR,UTTAR PRADESH,D679,AKBARPUR,2.4
10-07-2025,26.5,82.5,AMBEDKAR NAGAR,UTTAR PRADESH,D679,AKBARPUR,2.43
11-07-2025,26.5,82.5,AMBEDKAR NAGAR,UTTAR PRADESH,D679,AKBARPUR,2.33
12-07-2025,26.5,82.5,AMBEDKAR NAGAR,UTTAR PRADESH,D679,AKBARPUR,2.29
13-07-2025,26.5,82.5,AMBEDKAR NAGAR,UTTAR PRADESH,D679,AKBARPUR,2.02
14-07-2025,26.5,82.5,AMBEDKAR NAGAR,UTTAR PRADESH,D679,AKBARPUR,2.18
15-07-2025,26.5,82.5,AMBEDKAR NAGAR,UTTAR PRADESH,D679,AKBARPUR,1.99
16-07-2025,26.5,82.5,AMBEDKAR NAGAR,UTTAR PRADESH,D679,AKBARPUR,2.08
17-07-2025,26.5,82.5,AMBEDKAR NAGAR,UTTAR PRADESH,D679,AKBARPUR,2.1
18-07-2025,26.5,82.5,AMBEDKAR NAGAR,UTTAR PRADESH,D679,AKBARPUR,2.18
19-07-2025,26.5,82.5,AMBEDKAR NAGAR,UTTAR PRADESH,D679,AKBARPUR,1.94
20-07-2025,26.5,82.5,AMBEDKAR NAGAR,UTTAR PRADESH,D679,AKBARPUR,1.73
21-07-2025,26.5,82.5,AMBEDKAR NAGAR,UTTAR PRADESH,D679,AKBARPUR,1.63
22-07-2025,26.5,82.5,AMBEDKAR NAGAR,UTTAR PRADESH,D679,AKBARPUR,1.43
23-07-2025,26.5,82.5,AMBEDKAR NAGAR,UTTAR PRADESH,D679,AKBARPUR,1.73
24-07-2025,26.5,82.5,AMBEDKAR NAGAR,UTTAR PRADESH,D679,AKBARPUR,1.94
25-07-2025,26.5,82.5,AMBEDKAR NAGAR,UTTAR PRADESH,D679,AKBARPUR,1.82
26-07-2025,26.5,82.5,AMBEDKAR NAGAR,UTTAR PRADESH,D679,AKBARPUR,1.9
27-07-2025,26.5,82.5,AMBEDKAR NAGAR,UTTAR PRADESH,D679,AKBARPUR,2.03
28-07-2025,26.5,82.5,AMBEDKAR NAGAR,UTTAR PRADESH,D679,AKBARPUR,1.82
29-07-2025,26.5,82.5,AMBEDKAR NAGAR,UTTAR PRADESH,D679,AKBARPUR,1.68
30-07-2025,26.5,82.5,AMBEDKAR NAGAR,UTTAR PRADESH,D679,AKBARPUR,1.54
31-07-2025,26.5,82.5,AMBEDKAR NAGAR,UTTAR PRADESH,D679,AKBARPUR,1.55
01-08-2025,26.5,82.5,AMBEDKAR NAGAR,UTTAR PRADESH,D679,AKBARPUR,1.48
02-08-2025,26.5,82.5,AMBEDKAR NAGAR,UTTAR PRADESH,D679,AKBARPUR,1.41
03-08-2025,26.5,82.5,AMBEDKAR NAGAR,UTTAR PRADESH,D679,AKBARPUR,1.71
04-08-2025,26.5,82.5,AMBEDKAR NAGAR,UTTAR PRADESH,D679,AKBARPUR,1.63
05-08-2025,26.5,82.5,AMBEDKAR NAGAR,UTTAR PRADESH,D679,AKBARPUR,1.46
06-08-2025,26.5,82.5,AMBEDKAR NAGAR,UTTAR PRADESH,D679,AKBARPUR,1.47
07-08-2025,26.5,82.5,AMBEDKAR NAGAR,UTTAR PRADESH,D679,AKBARPUR,1.3
08-08-2025,26.5,82.5,AMBEDKAR NAGAR,UTTAR PRADESH,D679,AKBARPUR,1.35
09-08-2025,26.5,82.5,AMBEDKAR NAGAR,UTTAR PRADESH,D679,AKBARPUR,1.44
10-08-2025,26.5,82.5,AMBEDKAR NAGAR,UTTAR PRADESH,D679,AKBARPUR,1.42
11-08-2025,26.5,82.5,AMBEDKAR NAGAR,UTTAR PRADESH,D679,AKBARPUR,1.49
12-08-2025,26.5,82.5,AMBEDKAR NAGAR,UTTAR PRADESH,D679,AKBARPUR,1.81
13-08-2025,26.5,82.5,AMBEDKAR NAGAR,UTTAR PRADESH,D679,AKBARPUR,1.6
14-08-2025,26.5,82.5,AMBEDKAR NAGAR,UTTAR PRADESH,D679,AKBARPUR,1.55
15-08-2025,26.5,82.5,AMBEDKAR NAGAR,UTTAR PRADESH,D679,AKBARPUR,1.48
16-08-2025,26.5,82.5,AMBEDKAR NAGAR,UTTAR PRADESH,D679,AKBARPUR,1.49
17-08-2025,26.5,82.5,AMBEDKAR NAGAR,UTTAR PRADESH,D679,AKBARPUR,1.31
18-08-2025,26.5,82.5,AMBEDKAR NAGAR,UTTAR PRADESH,D679,AKBARPUR,1.6
19-08-2025,26.5,82.5,AMBEDKAR NAGAR,UTTAR PRADESH,D679,AKBARPUR,1.44
20-08-2025,26.5,82.5,AMBEDKAR NAGAR,UTTAR PRADESH,D679,AKBARPUR,1.25
21-08-2025,26.5,82.5,AMBEDKAR NAGAR,UTTAR PRADESH,D679,AKBARPUR,1.29
22-08-2025,26.5,82.5,AMBEDKAR NAGAR,UTTAR PRADESH,D679,AKBARPUR,1.54
23-08-2025,26.5,82.5,AMBEDKAR NAGAR,UTTAR PRADESH,D679,AKBARPUR,1.42
24-08-2025,26.5,82.5,AMBEDKAR NAGAR,UTTAR PRADESH,D679,AKBARPUR,1.32
25-08-2025,26.5,82.5,AMBEDKAR NAGAR,UTTAR PRADESH,D679,AKBARPUR,1.37
26-08-2025,26.5,82.5,AMBEDKAR NAGAR,UTTAR PRADESH,D679,AKBARPUR,1.18
27-08-2025,26.5,82.5,AMBEDKAR NAGAR,UTTAR PRADESH,D679,AKBARPUR,1.18
28-08-2025,26.5,82.5,AMBEDKAR NAGAR,UTTAR PRADESH,D679,AKBARPUR,1.33
29-08-2025,26.5,82.5,AMBEDKAR NAGAR,UTTAR PRADESH,D679,AKBARPUR,1.27
30-08-2025,26.5,82.5,AMBEDKAR NAGAR,UTTAR PRADESH,D679,AKBARPUR,1.39
31-08-2025,26.5,82.5,AMBEDKAR NAGAR,UTTAR PRADESH,D679,AKBARPUR,1.56
01-09-2025,26.5,82.5,AMBEDKAR NAGAR,UTTAR PRADESH,D679,AKBARPUR,1.66
02-09-2025,26.5,82.5,AMBEDKAR NAGAR,UTTAR PRADESH,D679,AKBARPUR,1.89
03-09-2025,26.5,82.5,AMBEDKAR NAGAR,UTTAR PRADESH,D679,AKBARPUR,1.68
04-09-2025,26.5,82.5,AMBEDKAR NAGAR,UTTAR PRADESH,D679,AKBARPUR,1.53
05-09-2025,26.5,82.5,AMBEDKAR NAGAR,UTTAR PRADESH,D679,AKBARPUR,1.6
06-09-2025,26.5,82.5,AMBEDKAR NAGAR,UTTAR PRADESH,D679,AKBARPUR,1.78
07-09-2025,26.5,82.5,AMBEDKAR NAGAR,UTTAR PRADESH,D679,AKBARPUR,1.75
08-09-2025,26.5,82.5,AMBEDKAR NAGAR,UTTAR PRADESH,D679,AKBARPUR,1.65
09-09-2025,26.5,82.5,AMBEDKAR NAGAR,UTTAR PRADESH,D679,AKBARPUR,1.82
10-09-2025,26.5,82.5,AMBEDKAR NAGAR,UTTAR PRADESH,D679,AKBARPUR,1.47
11-09-2025,26.5,82.5,AMBEDKAR NAGAR,UTTAR PRADESH,D679,AKBARPUR,1.4
12-09-2025,26.5,82.5,AMBEDKAR NAGAR,UTTAR PRADESH,D679,AKBARPUR,1.7
13-09-2025,26.5,82.5,AMBEDKAR NAGAR,UTTAR PRADESH,D679,AKBARPUR,1.85
14-09-2025,26.5,82.5,AMBEDKAR NAGAR,UTTAR PRADESH,D679,AKBARPUR,1.8
15-09-2025,26.5,82.5,AMBEDKAR NAGAR,UTTAR PRADESH,D679,AKBARPUR,1.9
16-09-2025,26.5,82.5,AMBEDKAR NAGAR,UTTAR PRADESH,D679,AKBARPUR,1.95
17-09-2025,26.5,82.5,AMBEDKAR NAGAR,UTTAR PRADESH,D679,AKBARPUR,1.87
18-09-2025,26.5,82.5,AMBEDKAR NAGAR,UTTAR PRADESH,D679,AKBARPUR,1.65
19-09-2025,26.5,82.5,AMBEDKAR NAGAR,UTTAR PRADESH,D679,AKBARPUR,1.66
20-09-2025,26.5,82.5,AMBEDKAR NAGAR,UTTAR PRADESH,D679,AKBARPUR,1.41
21-09-2025,26.5,82.5,AMBEDKAR NAGAR,UTTAR PRADESH,D679,AKBARPUR,1.51
22-09-2025,26.5,82.5,AMBEDKAR NAGAR,UTTAR PRADESH,D679,AKBARPUR,1.52
23-09-2025,26.5,82.5,AMBEDKAR NAGAR,UTTAR PRADESH,D679,AKBARPUR,1.47
24-09-2025,26.5,82.5,AMBEDKAR NAGAR,UTTAR PRADESH,D679,AKBARPUR,2.1
25-09-2025,26.5,82.5,AMBEDKAR NAGAR,UTTAR PRADESH,D679,AKBARPUR,1.94
26-09-2025,26.5,82.5,AMBEDKAR NAGAR,UTTAR PRADESH,D679,AKBARPUR,2.09
27-09-2025,26.5,82.5,AMBEDKAR NAGAR,UTTAR PRADESH,D679,AKBARPUR,2.11
28-09-2025,26.5,82.5,AMBEDKAR NAGAR,UTTAR PRADESH,D679,AKBARPUR,2.17
29-09-2025,26.5,82.5,AMBEDKAR NAGAR,UTTAR PRADESH,D679,AKBARPUR,2.05
30-09-2025,26.5,82.5,AMBEDKAR NAGAR,UTTAR PRADESH,D679,AKBARPUR,1.71
01-10-2025,26.5,82.5,AMBEDKAR NAGAR,UTTAR PRADESH,D679,AKBARPUR,1.47
02-10-2025,26.5,82.5,AMBEDKAR NAGAR,UTTAR PRADESH,D679,AKBARPUR,1.87
03-10-2025,26.5,82.5,AMBEDKAR NAGAR,UTTAR PRADESH,D679,AKBARPUR,1.99
04-10-2025,26.5,82.5,AMBEDKAR NAGAR,UTTAR PRADESH,D679,AKBARPUR,1.91
05-10-2025,26.5,82.5,AMBEDKAR NAGAR,UTTAR PRADESH,D679,AKBARPUR,1.74
06-10-2025,26.5,82.5,AMBEDKAR NAGAR,UTTAR PRADESH,D679,AKBARPUR,1.84
07-10-2025,26.5,82.5,AMBEDKAR NAGAR,UTTAR PRADESH,D679,AKBARPUR,1.54
08-10-2025,26.5,82.5,AMBEDKAR NAGAR,UTTAR PRADESH,D679,AKBARPUR,1.48
09-10-2025,26.5,82.5,AMBEDKAR NAGAR,UTTAR PRADESH,D679,AKBARPUR,1.55
10-10-2025,26.5,82.5,AMBEDKAR NAGAR,UTTAR PRADESH,D679,AKBARPUR,1.43
11-10-2025,26.5,82.5,AMBEDKAR NAGAR,UTTAR PRADESH,D679,AKBARPUR,1.56
12-10-2025,26.5,82.5,AMBEDKAR NAGAR,UTTAR PRADESH,D679,AKBARPUR,1.48
13-10-2025,26.5,82.5,AMBEDKAR NAGAR,UTTAR PRADESH,D679,AKBARPUR,1.78
14-10-2025,26.5,82.5,AMBEDKAR NAGAR,UTTAR PRADESH,D679,AKBARPUR,2.21
15-10-2025,26.5,82.5,AMBEDKAR NAGAR,UTTAR PRADESH,D679,AKBARPUR,1.93
16-10-2025,26.5,82.5,AMBEDKAR NAGAR,UTTAR PRADESH,D679,AKBARPUR,1.68
17-10-2025,26.5,82.5,AMBEDKAR NAGAR,UTTAR PRADESH,D679,AKBARPUR,1.58
18-10-2025,26.5,82.5,AMBEDKAR NAGAR,UTTAR PRADESH,D679,AKBARPUR,1.35
19-10-2025,26.5,82.5,AMBEDKAR NAGAR,UTTAR PRADESH,D679,AKBARPUR,1.61
20-10-2025,26.5,82.5,AMBEDKAR NAGAR,UTTAR PRADESH,D679,AKBARPUR,1.51
21-10-2025,26.5,82.5,AMBEDKAR NAGAR,UTTAR PRADESH,D679,AKBARPUR,1.79
22-10-2025,26.5,82.5,AMBEDKAR NAGAR,UTTAR PRADESH,D679,AKBARPUR,1.41
23-10-2025,26.5,82.5,AMBEDKAR NAGAR,UTTAR PRADESH,D679,AKBARPUR,1.47
24-10-2025,26.5,82.5,AMBEDKAR NAGAR,UTTAR PRADESH,D679,AKBARPUR,1.52
25-10-2025,26.5,82.5,AMBEDKAR NAGAR,UTTAR PRADESH,D679,AKBARPUR,1.92
26-10-2025,26.5,82.5,AMBEDKAR NAGAR,UTTAR PRADESH,D679,AKBARPUR,1.55
27-10-2025,26.5,82.5,AMBEDKAR NAGAR,UTTAR PRADESH,D679,AKBARPUR,1.34
28-10-2025,26.5,82.5,AMBEDKAR NAGAR,UTTAR PRADESH,D679,AKBARPUR,1.23
29-10-2025,26.5,82.5,AMBEDKAR NAGAR,UTTAR PRADESH,D679,AKBARPUR,1.45
30-10-2025,26.5,82.5,AMBEDKAR NAGAR,UTTAR PRADESH,D679,AKBARPUR,1.79
31-10-2025,26.5,82.5,AMBEDKAR NAGAR,UTTAR PRADESH,D679,AKBARPUR,1.8
01-11-2025,26.5,82.5,AMBEDKAR NAGAR,UTTAR PRADESH,D679,AKBARPUR,1.37
02-11-2025,26.5,82.5,AMBEDKAR NAGAR,UTTAR PRADESH,D679,AKBARPUR,1.15
03-11-2025,26.5,82.5,AMBEDKAR NAGAR,UTTAR PRADESH,D679,AKBARPUR,1.1
04-11-2025,26.5,82.5,AMBEDKAR NAGAR,UTTAR PRADESH,D679,AKBARPUR,1.02
05-11-2025,26.5,82.5,AMBEDKAR NAGAR,UTTAR PRADESH,D679,AKBARPUR,1.02
06-11-2025,26.5,82.5,AMBEDKAR NAGAR,UTTAR PRADESH,D679,AKBARPUR,1
07-11-2025,26.5,82.5,AMBEDKAR NAGAR,UTTAR PRADESH,D679,AKBARPUR,1.09
08-11-2025,26.5,82.5,AMBEDKAR NAGAR,UTTAR PRADESH,D679,AKBARPUR,1.2
09-11-2025,26.5,82.5,AMBEDKAR NAGAR,UTTAR PRADESH,D679,AKBARPUR,1.02
10-11-2025,26.5,82.5,AMBEDKAR NAGAR,UTTAR PRADESH,D679,AKBARPUR,1.02
11-11-2025,26.5,82.5,AMBEDKAR NAGAR,UTTAR PRADESH,D679,AKBARPUR,0.87
12-11-2025,26.5,82.5,AMBEDKAR NAGAR,UTTAR PRADESH,D679,AKBARPUR,1.09
13-11-2025,26.5,82.5,AMBEDKAR NAGAR,UTTAR PRADESH,D679,AKBARPUR,0.88
14-11-2025,26.5,82.5,AMBEDKAR NAGAR,UTTAR PRADESH,D679,AKBARPUR,0.87
15-11-2025,26.5,82.5,AMBEDKAR NAGAR,UTTAR PRADESH,D679,AKBARPUR,0.96
16-11-2025,26.5,82.5,AMBEDKAR NAGAR,UTTAR PRADESH,D679,AKBARPUR,1.29
17-11-2025,26.5,82.5,AMBEDKAR NAGAR,UTTAR PRADESH,D679,AKBARPUR,1.49
18-11-2025,26.5,82.5,AMBEDKAR NAGAR,UTTAR PRADESH,D679,AKBARPUR,1.49
19-11-2025,26.5,82.5,AMBEDKAR NAGAR,UTTAR PRADESH,D679,AKBARPUR,1.4
20-11-2025,26.5,82.5,AMBEDKAR NAGAR,UTTAR PRADESH,D679,AKBARPUR,1.15
21-11-2025,26.5,82.5,AMBEDKAR NAGAR,UTTAR PRADESH,D679,AKBARPUR,1.12
22-11-2025,26.5,82.5,AMBEDKAR NAGAR,UTTAR PRADESH,D679,AKBARPUR,1.16
23-11-2025,26.5,82.5,AMBEDKAR NAGAR,UTTAR PRADESH,D679,AKBARPUR,1.14
24-11-2025,26.5,82.5,AMBEDKAR NAGAR,UTTAR PRADESH,D679,AKBARPUR,1.03
25-11-2025,26.5,82.5,AMBEDKAR NAGAR,UTTAR PRADESH,D679,AKBARPUR,0.91
26-11-2025,26.5,82.5,AMBEDKAR NAGAR,UTTAR PRADESH,D679,AKBARPUR,0.87
27-11-2025,26.5,82.5,AMBEDKAR NAGAR,UTTAR PRADESH,D679,AKBARPUR,1.01
28-11-2025,26.5,82.5,AMBEDKAR NAGAR,UTTAR PRADESH,D679,AKBARPUR,1.21
29-11-2025,26.5,82.5,AMBEDKAR NAGAR,UTTAR PRADESH,D679,AKBARPUR,1.52
30-11-2025,26.5,82.5,AMBEDKAR NAGAR,UTTAR PRADESH,D679,AKBARPUR,1.35
01-12-2025,26.5,82.5,AMBEDKAR NAGAR,UTTAR PRADESH,D679,AKBARPUR,1.26
02-12-2025,26.5,82.5,AMBEDKAR NAGAR,UTTAR PRADESH,D679,AKBARPUR,1.03
03-12-2025,26.5,82.5,AMBEDKAR NAGAR,UTTAR PRADESH,D679,AKBARPUR,1.23
04-12-2025,26.5,82.5,AMBEDKAR NAGAR,UTTAR PRADESH,D679,AKBARPUR,1.13
05-12-2025,26.5,82.5,AMBEDKAR NAGAR,UTTAR PRADESH,D679,AKBARPUR,1.43
06-12-2025,26.5,82.5,AMBEDKAR NAGAR,UTTAR PRADESH,D679,AKBARPUR,1.38
07-12-2025,26.5,82.5,AMBEDKAR NAGAR,UTTAR PRADESH,D679,AKBARPUR,1.61
08-12-2025,26.5,82.5,AMBEDKAR NAGAR,UTTAR PRADESH,D679,AKBARPUR,1.96
09-12-2025,26.5,82.5,AMBEDKAR NAGAR,UTTAR PRADESH,D679,AKBARPUR,1.93
10-12-2025,26.5,82.5,AMBEDKAR NAGAR,UTTAR PRADESH,D679,AKBARPUR,1.9
11-12-2025,26.5,82.5,AMBEDKAR NAGAR,UTTAR PRADESH,D679,AKBARPUR,1.72
12-12-2025,26.5,82.5,AMBEDKAR NAGAR,UTTAR PRADESH,D679,AKBARPUR,1.87
13-12-2025,26.5,82.5,AMBEDKAR NAGAR,UTTAR PRADESH,D679,AKBARPUR,2.11
14-12-2025,26.5,82.5,AMBEDKAR NAGAR,UTTAR PRADESH,D679,AKBARPUR,1.91
15-12-2025,26.5,82.5,AMBEDKAR NAGAR,UTTAR PRADESH,D679,AKBARPUR,2
16-12-2025,26.5,82.5,AMBEDKAR NAGAR,UTTAR PRADESH,D679,AKBARPUR,2.18
17-12-2025,26.5,82.5,AMBEDKAR NAGAR,UTTAR PRADESH,D679,AKBARPUR,2.32
18-12-2025,26.5,82.5,AMBEDKAR NAGAR,UTTAR PRADESH,D679,AKBARPUR,2.69
19-12-2025,26.5,82.5,AMBEDKAR NAGAR,UTTAR PRADESH,D679,AKBARPUR,2.86
20-12-2025,26.5,82.5,AMBEDKAR NAGAR,UTTAR PRADESH,D679,AKBARPUR,2.73
21-12-2025,26.5,82.5,AMBEDKAR NAGAR,UTTAR PRADESH,D679,AKBARPUR,3.04
22-12-2025,26.5,82.5,AMBEDKAR NAGAR,UTTAR PRADESH,D679,AKBARPUR,2.7
23-12-2025,26.5,82.5,AMBEDKAR NAGAR,UTTAR PRADESH,D679,AKBARPUR,2.54
24-12-2025,26.5,82.5,AMBEDKAR NAGAR,UTTAR PRADESH,D679,AKBARPUR,2.76
25-12-2025,26.5,82.5,AMBEDKAR NAGAR,UTTAR PRADESH,D679,AKBARPUR,2.55
26-12-2025,26.5,82.5,AMBEDKAR NAGAR,UTTAR PRADESH,D679,AKBARPUR,3.04
27-12-2025,26.5,82.5,AMBEDKAR NAGAR,UTTAR PRADESH,D679,AKBARPUR,3.11
28-12-2025,26.5,82.5,AMBEDKAR NAGAR,UTTAR PRADESH,D679,AKBARPUR,3.14
29-12-2025,26.5,82.5,AMBEDKAR NAGAR,UTTAR PRADESH,D679,AKBARPUR,3.27
30-12-2025,26.5,82.5,AMBEDKAR NAGAR,UTTAR PRADESH,D679,AKBARPUR,3.36
31-12-2025,26.5,82.5,AMBEDKAR NAGAR,UTTAR PRADESH,D679,AKBARPUR,3.07
01-01-2025,27.5,82.5,BALRAMPUR,UTTAR PRADESH,D688,BALRAMPUR,3.03
02-01-2025,27.5,82.5,BALRAMPUR,UTTAR PRADESH,D688,BALRAMPUR,3.06
03-01-2025,27.5,82.5,BALRAMPUR,UTTAR PRADESH,D688,BALRAMPUR,3.26
04-01-2025,27.5,82.5,BALRAMPUR,UTTAR PRADESH,D688,BALRAMPUR,3.19
05-01-2025,27.5,82.5,BALRAMPUR,UTTAR PRADESH,D688,BALRAMPUR,3.77
06-01-2025,27.5,82.5,BALRAMPUR,UTTAR PRADESH,D688,BALRAMPUR,3.41
07-01-2025,27.5,82.5,BALRAMPUR,UTTAR PRADESH,D688,BALRAMPUR,3.69
08-01-2025,27.5,82.5,BALRAMPUR,UTTAR PRADESH,D688,BALRAMPUR,3.5
09-01-2025,27.5,82.5,BALRAMPUR,UTTAR PRADESH,D688,BALRAMPUR,3.33
10-01-2025,27.5,82.5,BALRAMPUR,UTTAR PRADESH,D688,BALRAMPUR,3.33
11-01-2025,27.5,82.5,BALRAMPUR,UTTAR PRADESH,D688,BALRAMPUR,3.3
12-01-2025,27.5,82.5,BALRAMPUR,UTTAR PRADESH,D688,BALRAMPUR,2.96
13-01-2025,27.5,82.5,BALRAMPUR,UTTAR PRADESH,D688,BALRAMPUR,3.06
14-01-2025,27.5,82.5,BALRAMPUR,UTTAR PRADESH,D688,BALRAMPUR,3.38
15-01-2025,27.5,82.5,BALRAMPUR,UTTAR PRADESH,D688,BALRAMPUR,3.15
16-01-2025,27.5,82.5,BALRAMPUR,UTTAR PRADESH,D688,BALRAMPUR,3.45
17-01-2025,27.5,82.5,BALRAMPUR,UTTAR PRADESH,D688,BALRAMPUR,3.52
18-01-2025,27.5,82.5,BALRAMPUR,UTTAR PRADESH,D688,BALRAMPUR,3.6
19-01-2025,27.5,82.5,BALRAMPUR,UTTAR PRADESH,D688,BALRAMPUR,3.73
20-01-2025,27.5,82.5,BALRAMPUR,UTTAR PRADESH,D688,BALRAMPUR,3.26
21-01-2025,27.5,82.5,BALRAMPUR,UTTAR PRADESH,D688,BALRAMPUR,3.16
22-01-2025,27.5,82.5,BALRAMPUR,UTTAR PRADESH,D688,BALRAMPUR,2.92
23-01-2025,27.5,82.5,BALRAMPUR,UTTAR PRADESH,D688,BALRAMPUR,2.86
24-01-2025,27.5,82.5,BALRAMPUR,UTTAR PRADESH,D688,BALRAMPUR,2.63
25-01-2025,27.5,82.5,BALRAMPUR,UTTAR PRADESH,D688,BALRAMPUR,2.53
26-01-2025,27.5,82.5,BALRAMPUR,UTTAR PRADESH,D688,BALRAMPUR,2.56
27-01-2025,27.5,82.5,BALRAMPUR,UTTAR PRADESH,D688,BALRAMPUR,2.45
28-01-2025,27.5,82.5,BALRAMPUR,UTTAR PRADESH,D688,BALRAMPUR,2.18
29-01-2025,27.5,82.5,BALRAMPUR,UTTAR PRADESH,D688,BALRAMPUR,2.27
30-01-2025,27.5,82.5,BALRAMPUR,UTTAR PRADESH,D688,BALRAMPUR,2.31
31-01-2025,27.5,82.5,BALRAMPUR,UTTAR PRADESH,D688,BALRAMPUR,2.47
01-02-2025,27.5,82.5,BALRAMPUR,UTTAR PRADESH,D688,BALRAMPUR,2.45
02-02-2025,27.5,82.5,BALRAMPUR,UTTAR PRADESH,D688,BALRAMPUR,2.5
03-02-2025,27.5,82.5,BALRAMPUR,UTTAR PRADESH,D688,BALRAMPUR,1.91
04-02-2025,27.5,82.5,BALRAMPUR,UTTAR PRADESH,D688,BALRAMPUR,2.11
05-02-2025,27.5,82.5,BALRAMPUR,UTTAR PRADESH,D688,BALRAMPUR,2.13
06-02-2025,27.5,82.5,BALRAMPUR,UTTAR PRADESH,D688,BALRAMPUR,2.02
07-02-2025,27.5,82.5,BALRAMPUR,UTTAR PRADESH,D688,BALRAMPUR,1.99
08-02-2025,27.5,82.5,BALRAMPUR,UTTAR PRADESH,D688,BALRAMPUR,2.15
09-02-2025,27.5,82.5,BALRAMPUR,UTTAR PRADESH,D688,BALRAMPUR,2
10-02-2025,27.5,82.5,BALRAMPUR,UTTAR PRADESH,D688,BALRAMPUR,2.04
11-02-2025,27.5,82.5,BALRAMPUR,UTTAR PRADESH,D688,BALRAMPUR,2.59
12-02-2025,27.5,82.5,BALRAMPUR,UTTAR PRADESH,D688,BALRAMPUR,2.36
13-02-2025,27.5,82.5,BALRAMPUR,UTTAR PRADESH,D688,BALRAMPUR,2.31
14-02-2025,27.5,82.5,BALRAMPUR,UTTAR PRADESH,D688,BALRAMPUR,2.65
15-02-2025,27.5,82.5,BALRAMPUR,UTTAR PRADESH,D688,BALRAMPUR,2.51
16-02-2025,27.5,82.5,BALRAMPUR,UTTAR PRADESH,D688,BALRAMPUR,2.53
17-02-2025,27.5,82.5,BALRAMPUR,UTTAR PRADESH,D688,BALRAMPUR,2.1
18-02-2025,27.5,82.5,BALRAMPUR,UTTAR PRADESH,D688,BALRAMPUR,1.99
19-02-2025,27.5,82.5,BALRAMPUR,UTTAR PRADESH,D688,BALRAMPUR,2.05
20-02-2025,27.5,82.5,BALRAMPUR,UTTAR PRADESH,D688,BALRAMPUR,1.78
21-02-2025,27.5,82.5,BALRAMPUR,UTTAR PRADESH,D688,BALRAMPUR,2.25
22-02-2025,27.5,82.5,BALRAMPUR,UTTAR PRADESH,D688,BALRAMPUR,2.52
23-02-2025,27.5,82.5,BALRAMPUR,UTTAR PRADESH,D688,BALRAMPUR,2.3
24-02-2025,27.5,82.5,BALRAMPUR,UTTAR PRADESH,D688,BALRAMPUR,2.6
25-02-2025,27.5,82.5,BALRAMPUR,UTTAR PRADESH,D688,BALRAMPUR,2.53
26-02-2025,27.5,82.5,BALRAMPUR,UTTAR PRADESH,D688,BALRAMPUR,2.27
27-02-2025,27.5,82.5,BALRAMPUR,UTTAR PRADESH,D688,BALRAMPUR,2.51
28-02-2025,27.5,82.5,BALRAMPUR,UTTAR PRADESH,D688,BALRAMPUR,2.55
29-02-2025,27.5,82.5,BALRAMPUR,UTTAR PRADESH,D688,BALRAMPUR,1.78
01-03-2025,27.5,82.5,BALRAMPUR,UTTAR PRADESH,D688,BALRAMPUR,2.69
02-03-2025,27.5,82.5,BALRAMPUR,UTTAR PRADESH,D688,BALRAMPUR,2.6
03-03-2025,27.5,82.5,BALRAMPUR,UTTAR PRADESH,D688,BALRAMPUR,2.66
04-03-2025,27.5,82.5,BALRAMPUR,UTTAR PRADESH,D688,BALRAMPUR,2.72
05-03-2025,27.5,82.5,BALRAMPUR,UTTAR PRADESH,D688,BALRAMPUR,2.59
06-03-2025,27.5,82.5,BALRAMPUR,UTTAR PRADESH,D688,BALRAMPUR,2.22
07-03-2025,27.5,82.5,BALRAMPUR,UTTAR PRADESH,D688,BALRAMPUR,2.48
08-03-2025,27.5,82.5,BALRAMPUR,UTTAR PRADESH,D688,BALRAMPUR,1.98
09-03-2025,27.5,82.5,BALRAMPUR,UTTAR PRADESH,D688,BALRAMPUR,1.86
10-03-2025,27.5,82.5,BALRAMPUR,UTTAR PRADESH,D688,BALRAMPUR,2.61
11-03-2025,27.5,82.5,BALRAMPUR,UTTAR PRADESH,D688,BALRAMPUR,2.19
12-03-2025,27.5,82.5,BALRAMPUR,UTTAR PRADESH,D688,BALRAMPUR,2.26
13-03-2025,27.5,82.5,BALRAMPUR,UTTAR PRADESH,D688,BALRAMPUR,2.62
14-03-2025,27.5,82.5,BALRAMPUR,UTTAR PRADESH,D688,BALRAMPUR,2.43
15-03-2025,27.5,82.5,BALRAMPUR,UTTAR PRADESH,D688,BALRAMPUR,2.67
16-03-2025,27.5,82.5,BALRAMPUR,UTTAR PRADESH,D688,BALRAMPUR,2
17-03-2025,27.5,82.5,BALRAMPUR,UTTAR PRADESH,D688,BALRAMPUR,2.27
18-03-2025,27.5,82.5,BALRAMPUR,UTTAR PRADESH,D688,BALRAMPUR,2.12
19-03-2025,27.5,82.5,BALRAMPUR,UTTAR PRADESH,D688,BALRAMPUR,2.24
20-03-2025,27.5,82.5,BALRAMPUR,UTTAR PRADESH,D688,BALRAMPUR,2.55
21-03-2025,27.5,82.5,BALRAMPUR,UTTAR PRADESH,D688,BALRAMPUR,2.59
22-03-2025,27.5,82.5,BALRAMPUR,UTTAR PRADESH,D688,BALRAMPUR,2.2
23-03-2025,27.5,82.5,BALRAMPUR,UTTAR PRADESH,D688,BALRAMPUR,2.17
24-03-2025,27.5,82.5,BALRAMPUR,UTTAR PRADESH,D688,BALRAMPUR,2.28
25-03-2025,27.5,82.5,BALRAMPUR,UTTAR PRADESH,D688,BALRAMPUR,2.14
26-03-2025,27.5,82.5,BALRAMPUR,UTTAR PRADESH,D688,BALRAMPUR,2.19
27-03-2025,27.5,82.5,BALRAMPUR,UTTAR PRADESH,D688,BALRAMPUR,2.25
28-03-2025,27.5,82.5,BALRAMPUR,UTTAR PRADESH,D688,BALRAMPUR,1.78
29-03-2025,27.5,82.5,BALRAMPUR,UTTAR PRADESH,D688,BALRAMPUR,1.79
30-03-2025,27.5,82.5,BALRAMPUR,UTTAR PRADESH,D688,BALRAMPUR,2.49
31-03-2025,27.5,82.5,BALRAMPUR,UTTAR PRADESH,D688,BALRAMPUR,2.54
01-04-2025,27.5,82.5,BALRAMPUR,UTTAR PRADESH,D688,BALRAMPUR,2.47
02-04-2025,27.5,82.5,BALRAMPUR,UTTAR PRADESH,D688,BALRAMPUR,1.95
03-04-2025,27.5,82.5,BALRAMPUR,UTTAR PRADESH,D688,BALRAMPUR,2.36
04-04-2025,27.5,82.5,BALRAMPUR,UTTAR PRADESH,D688,BALRAMPUR,2.52
05-04-2025,27.5,82.5,BALRAMPUR,UTTAR PRADESH,D688,BALRAMPUR,2.38
06-04-2025,27.5,82.5,BALRAMPUR,UTTAR PRADESH,D688,BALRAMPUR,2.1
07-04-2025,27.5,82.5,BALRAMPUR,UTTAR PRADESH,D688,BALRAMPUR,2.24
08-04-2025,27.5,82.5,BALRAMPUR,UTTAR PRADESH,D688,BALRAMPUR,2.03
09-04-2025,27.5,82.5,BALRAMPUR,UTTAR PRADESH,D688,BALRAMPUR,2.06
10-04-2025,27.5,82.5,BALRAMPUR,UTTAR PRADESH,D688,BALRAMPUR,2.35
11-04-2025,27.5,82.5,BALRAMPUR,UTTAR PRADESH,D688,BALRAMPUR,2.28
12-04-2025,27.5,82.5,BALRAMPUR,UTTAR PRADESH,D688,BALRAMPUR,2.14
13-04-2025,27.5,82.5,BALRAMPUR,UTTAR PRADESH,D688,BALRAMPUR,2.2
14-04-2025,27.5,82.5,BALRAMPUR,UTTAR PRADESH,D688,BALRAMPUR,2.06
15-04-2025,27.5,82.5,BALRAMPUR,UTTAR PRADESH,D688,BALRAMPUR,2.27
16-04-2025,27.5,82.5,BALRAMPUR,UTTAR PRADESH,D688,BALRAMPUR,1.97
17-04-2025,27.5,82.5,BALRAMPUR,UTTAR PRADESH,D688,BALRAMPUR,2.55
18-04-2025,27.5,82.5,BALRAMPUR,UTTAR PRADESH,D688,BALRAMPUR,2.64
19-04-2025,27.5,82.5,BALRAMPUR,UTTAR PRADESH,D688,BALRAMPUR,2.56
20-04-2025,27.5,82.5,BALRAMPUR,UTTAR PRADESH,D688,BALRAMPUR,2.46
21-04-2025,27.5,82.5,BALRAMPUR,UTTAR PRADESH,D688,BALRAMPUR,2.71
22-04-2025,27.5,82.5,BALRAMPUR,UTTAR PRADESH,D688,BALRAMPUR,2.44
23-04-2025,27.5,82.5,BALRAMPUR,UTTAR PRADESH,D688,BALRAMPUR,2.38
24-04-2025,27.5,82.5,BALRAMPUR,UTTAR PRADESH,D688,BALRAMPUR,2.61
25-04-2025,27.5,82.5,BALRAMPUR,UTTAR PRADESH,D688,BALRAMPUR,2.84
26-04-2025,27.5,82.5,BALRAMPUR,UTTAR PRADESH,D688,BALRAMPUR,3.32
27-04-2025,27.5,82.5,BALRAMPUR,UTTAR PRADESH,D688,BALRAMPUR,2.81
28-04-2025,27.5,82.5,BALRAMPUR,UTTAR PRADESH,D688,BALRAMPUR,2.68
29-04-2025,27.5,82.5,BALRAMPUR,UTTAR PRADESH,D688,BALRAMPUR,2.66
30-04-2025,27.5,82.5,BALRAMPUR,UTTAR PRADESH,D688,BALRAMPUR,3.21
01-05-2025,27.5,82.5,BALRAMPUR,UTTAR PRADESH,D688,BALRAMPUR,3.32
02-05-2025,27.5,82.5,BALRAMPUR,UTTAR PRADESH,D688,BALRAMPUR,2.64
03-05-2025,27.5,82.5,BALRAMPUR,UTTAR PRADESH,D688,BALRAMPUR,2.32
04-05-2025,27.5,82.5,BALRAMPUR,UTTAR PRADESH,D688,BALRAMPUR,2.42
05-05-2025,27.5,82.5,BALRAMPUR,UTTAR PRADESH,D688,BALRAMPUR,2.51
06-05-2025,27.5,82.5,BALRAMPUR,UTTAR PRADESH,D688,BALRAMPUR,2.36
07-05-2025,27.5,82.5,BALRAMPUR,UTTAR PRADESH,D688,BALRAMPUR,2.6
08-05-2025,27.5,82.5,BALRAMPUR,UTTAR PRADESH,D688,BALRAMPUR,2.18
09-05-2025,27.5,82.5,BALRAMPUR,UTTAR PRADESH,D688,BALRAMPUR,2.18
10-05-2025,27.5,82.5,BALRAMPUR,UTTAR PRADESH,D688,BALRAMPUR,2.46
11-05-2025,27.5,82.5,BALRAMPUR,UTTAR PRADESH,D688,BALRAMPUR,2.29
12-05-2025,27.5,82.5,BALRAMPUR,UTTAR PRADESH,D688,BALRAMPUR,2.39
13-05-2025,27.5,82.5,BALRAMPUR,UTTAR PRADESH,D688,BALRAMPUR,2.35
14-05-2025,27.5,82.5,BALRAMPUR,UTTAR PRADESH,D688,BALRAMPUR,2.27
15-05-2025,27.5,82.5,BALRAMPUR,UTTAR PRADESH,D688,BALRAMPUR,2.51
16-05-2025,27.5,82.5,BALRAMPUR,UTTAR PRADESH,D688,BALRAMPUR,2.28
17-05-2025,27.5,82.5,BALRAMPUR,UTTAR PRADESH,D688,BALRAMPUR,2.2
18-05-2025,27.5,82.5,BALRAMPUR,UTTAR PRADESH,D688,BALRAMPUR,2.29
19-05-2025,27.5,82.5,BALRAMPUR,UTTAR PRADESH,D688,BALRAMPUR,2.97
20-05-2025,27.5,82.5,BALRAMPUR,UTTAR PRADESH,D688,BALRAMPUR,3.09
21-05-2025,27.5,82.5,BALRAMPUR,UTTAR PRADESH,D688,BALRAMPUR,3.03
22-05-2025,27.5,82.5,BALRAMPUR,UTTAR PRADESH,D688,BALRAMPUR,3.01
23-05-2025,27.5,82.5,BALRAMPUR,UTTAR PRADESH,D688,BALRAMPUR,2.92
24-05-2025,27.5,82.5,BALRAMPUR,UTTAR PRADESH,D688,BALRAMPUR,2.98
25-05-2025,27.5,82.5,BALRAMPUR,UTTAR PRADESH,D688,BALRAMPUR,3.25
26-05-2025,27.5,82.5,BALRAMPUR,UTTAR PRADESH,D688,BALRAMPUR,2.98
27-05-2025,27.5,82.5,BALRAMPUR,UTTAR PRADESH,D688,BALRAMPUR,3
28-05-2025,27.5,82.5,BALRAMPUR,UTTAR PRADESH,D688,BALRAMPUR,3.52
29-05-2025,27.5,82.5,BALRAMPUR,UTTAR PRADESH,D688,BALRAMPUR,3.53
30-05-2025,27.5,82.5,BALRAMPUR,UTTAR PRADESH,D688,BALRAMPUR,3.3
31-05-2025,27.5,82.5,BALRAMPUR,UTTAR PRADESH,D688,BALRAMPUR,3.23
01-06-2025,27.5,82.5,BALRAMPUR,UTTAR PRADESH,D688,BALRAMPUR,2.94
02-06-2025,27.5,82.5,BALRAMPUR,UTTAR PRADESH,D688,BALRAMPUR,2.69
03-06-2025,27.5,82.5,BALRAMPUR,UTTAR PRADESH,D688,BALRAMPUR,2.98
04-06-2025,27.5,82.5,BALRAMPUR,UTTAR PRADESH,D688,BALRAMPUR,3.29
05-06-2025,27.5,82.5,BALRAMPUR,UTTAR PRADESH,D688,BALRAMPUR,3.08
06-06-2025,27.5,82.5,BALRAMPUR,UTTAR PRADESH,D688,BALRAMPUR,3.19
07-06-2025,27.5,82.5,BALRAMPUR,UTTAR PRADESH,D688,BALRAMPUR,3.48
08-06-2025,27.5,82.5,BALRAMPUR,UTTAR PRADESH,D688,BALRAMPUR,3.47
09-06-2025,27.5,82.5,BALRAMPUR,UTTAR PRADESH,D688,BALRAMPUR,3.31
10-06-2025,27.5,82.5,BALRAMPUR,UTTAR PRADESH,D688,BALRAMPUR,3.01
11-06-2025,27.5,82.5,BALRAMPUR,UTTAR PRADESH,D688,BALRAMPUR,2.73
12-06-2025,27.5,82.5,BALRAMPUR,UTTAR PRADESH,D688,BALRAMPUR,3.15
13-06-2025,27.5,82.5,BALRAMPUR,UTTAR PRADESH,D688,BALRAMPUR,3.12
14-06-2025,27.5,82.5,BALRAMPUR,UTTAR PRADESH,D688,BALRAMPUR,3.68
15-06-2025,27.5,82.5,BALRAMPUR,UTTAR PRADESH,D688,BALRAMPUR,4.11
16-06-2025,27.5,82.5,BALRAMPUR,UTTAR PRADESH,D688,BALRAMPUR,3.97
17-06-2025,27.5,82.5,BALRAMPUR,UTTAR PRADESH,D688,BALRAMPUR,3.81
18-06-2025,27.5,82.5,BALRAMPUR,UTTAR PRADESH,D688,BALRAMPUR,3.75
19-06-2025,27.5,82.5,BALRAMPUR,UTTAR PRADESH,D688,BALRAMPUR,3.95
20-06-2025,27.5,82.5,BALRAMPUR,UTTAR PRADESH,D688,BALRAMPUR,3.32
21-06-2025,27.5,82.5,BALRAMPUR,UTTAR PRADESH,D688,BALRAMPUR,2.77
22-06-2025,27.5,82.5,BALRAMPUR,UTTAR PRADESH,D688,BALRAMPUR,2.7
23-06-2025,27.5,82.5,BALRAMPUR,UTTAR PRADESH,D688,BALRAMPUR,2.45
24-06-2025,27.5,82.5,BALRAMPUR,UTTAR PRADESH,D688,BALRAMPUR,2.07
25-06-2025,27.5,82.5,BALRAMPUR,UTTAR PRADESH,D688,BALRAMPUR,2.56
26-06-2025,27.5,82.5,BALRAMPUR,UTTAR PRADESH,D688,BALRAMPUR,2.31
27-06-2025,27.5,82.5,BALRAMPUR,UTTAR PRADESH,D688,BALRAMPUR,2.51
28-06-2025,27.5,82.5,BALRAMPUR,UTTAR PRADESH,D688,BALRAMPUR,2.56
29-06-2025,27.5,82.5,BALRAMPUR,UTTAR PRADESH,D688,BALRAMPUR,2.96
30-06-2025,27.5,82.5,BALRAMPUR,UTTAR PRADESH,D688,BALRAMPUR,2.75
01-07-2025,27.5,82.5,BALRAMPUR,UTTAR PRADESH,D688,BALRAMPUR,2
02-07-2025,27.5,82.5,BALRAMPUR,UTTAR PRADESH,D688,BALRAMPUR,1.92
03-07-2025,27.5,82.5,BALRAMPUR,UTTAR PRADESH,D688,BALRAMPUR,1.66
04-07-2025,27.5,82.5,BALRAMPUR,UTTAR PRADESH,D688,BALRAMPUR,1.77
05-07-2025,27.5,82.5,BALRAMPUR,UTTAR PRADESH,D688,BALRAMPUR,2.26
06-07-2025,27.5,82.5,BALRAMPUR,UTTAR PRADESH,D688,BALRAMPUR,2.3
07-07-2025,27.5,82.5,BALRAMPUR,UTTAR PRADESH,D688,BALRAMPUR,2.02
08-07-2025,27.5,82.5,BALRAMPUR,UTTAR PRADESH,D688,BALRAMPUR,2.15
09-07-2025,27.5,82.5,BALRAMPUR,UTTAR PRADESH,D688,BALRAMPUR,2.27
10-07-2025,27.5,82.5,BALRAMPUR,UTTAR PRADESH,D688,BALRAMPUR,2.34
11-07-2025,27.5,82.5,BALRAMPUR,UTTAR PRADESH,D688,BALRAMPUR,2.35
12-07-2025,27.5,82.5,BALRAMPUR,UTTAR PRADESH,D688,BALRAMPUR,2.19
13-07-2025,27.5,82.5,BALRAMPUR,UTTAR PRADESH,D688,BALRAMPUR,1.97
14-07-2025,27.5,82.5,BALRAMPUR,UTTAR PRADESH,D688,BALRAMPUR,2.13
15-07-2025,27.5,82.5,BALRAMPUR,UTTAR PRADESH,D688,BALRAMPUR,1.86
16-07-2025,27.5,82.5,BALRAMPUR,UTTAR PRADESH,D688,BALRAMPUR,2.05
17-07-2025,27.5,82.5,BALRAMPUR,UTTAR PRADESH,D688,BALRAMPUR,2.01
18-07-2025,27.5,82.5,BALRAMPUR,UTTAR PRADESH,D688,BALRAMPUR,2.26
19-07-2025,27.5,82.5,BALRAMPUR,UTTAR PRADESH,D688,BALRAMPUR,1.95
20-07-2025,27.5,82.5,BALRAMPUR,UTTAR PRADESH,D688,BALRAMPUR,1.74
21-07-2025,27.5,82.5,BALRAMPUR,UTTAR PRADESH,D688,BALRAMPUR,1.65
22-07-2025,27.5,82.5,BALRAMPUR,UTTAR PRADESH,D688,BALRAMPUR,1.48
23-07-2025,27.5,82.5,BALRAMPUR,UTTAR PRADESH,D688,BALRAMPUR,1.55
24-07-2025,27.5,82.5,BALRAMPUR,UTTAR PRADESH,D688,BALRAMPUR,1.84
25-07-2025,27.5,82.5,BALRAMPUR,UTTAR PRADESH,D688,BALRAMPUR,1.84
26-07-2025,27.5,82.5,BALRAMPUR,UTTAR PRADESH,D688,BALRAMPUR,1.85
27-07-2025,27.5,82.5,BALRAMPUR,UTTAR PRADESH,D688,BALRAMPUR,2.12
28-07-2025,27.5,82.5,BALRAMPUR,UTTAR PRADESH,D688,BALRAMPUR,1.7
29-07-2025,27.5,82.5,BALRAMPUR,UTTAR PRADESH,D688,BALRAMPUR,1.7
30-07-2025,27.5,82.5,BALRAMPUR,UTTAR PRADESH,D688,BALRAMPUR,1.56
31-07-2025,27.5,82.5,BALRAMPUR,UTTAR PRADESH,D688,BALRAMPUR,1.52
01-08-2025,27.5,82.5,BALRAMPUR,UTTAR PRADESH,D688,BALRAMPUR,1.43
02-08-2025,27.5,82.5,BALRAMPUR,UTTAR PRADESH,D688,BALRAMPUR,1.35
03-08-2025,27.5,82.5,BALRAMPUR,UTTAR PRADESH,D688,BALRAMPUR,1.69
04-08-2025,27.5,82.5,BALRAMPUR,UTTAR PRADESH,D688,BALRAMPUR,1.62
05-08-2025,27.5,82.5,BALRAMPUR,UTTAR PRADESH,D688,BALRAMPUR,1.42
06-08-2025,27.5,82.5,BALRAMPUR,UTTAR PRADESH,D688,BALRAMPUR,1.31
07-08-2025,27.5,82.5,BALRAMPUR,UTTAR PRADESH,D688,BALRAMPUR,1.18
08-08-2025,27.5,82.5,BALRAMPUR,UTTAR PRADESH,D688,BALRAMPUR,1.38
09-08-2025,27.5,82.5,BALRAMPUR,UTTAR PRADESH,D688,BALRAMPUR,1.44
10-08-2025,27.5,82.5,BALRAMPUR,UTTAR PRADESH,D688,BALRAMPUR,1.32
11-08-2025,27.5,82.5,BALRAMPUR,UTTAR PRADESH,D688,BALRAMPUR,1.4
12-08-2025,27.5,82.5,BALRAMPUR,UTTAR PRADESH,D688,BALRAMPUR,1.8
13-08-2025,27.5,82.5,BALRAMPUR,UTTAR PRADESH,D688,BALRAMPUR,1.64
14-08-2025,27.5,82.5,BALRAMPUR,UTTAR PRADESH,D688,BALRAMPUR,1.51
15-08-2025,27.5,82.5,BALRAMPUR,UTTAR PRADESH,D688,BALRAMPUR,1.5
16-08-2025,27.5,82.5,BALRAMPUR,UTTAR PRADESH,D688,BALRAMPUR,1.54
17-08-2025,27.5,82.5,BALRAMPUR,UTTAR PRADESH,D688,BALRAMPUR,1.38
18-08-2025,27.5,82.5,BALRAMPUR,UTTAR PRADESH,D688,BALRAMPUR,1.72
19-08-2025,27.5,82.5,BALRAMPUR,UTTAR PRADESH,D688,BALRAMPUR,1.55
20-08-2025,27.5,82.5,BALRAMPUR,UTTAR PRADESH,D688,BALRAMPUR,1.2
21-08-2025,27.5,82.5,BALRAMPUR,UTTAR PRADESH,D688,BALRAMPUR,1.31
22-08-2025,27.5,82.5,BALRAMPUR,UTTAR PRADESH,D688,BALRAMPUR,1.52
23-08-2025,27.5,82.5,BALRAMPUR,UTTAR PRADESH,D688,BALRAMPUR,1.46
24-08-2025,27.5,82.5,BALRAMPUR,UTTAR PRADESH,D688,BALRAMPUR,1.23
25-08-2025,27.5,82.5,BALRAMPUR,UTTAR PRADESH,D688,BALRAMPUR,1.41
26-08-2025,27.5,82.5,BALRAMPUR,UTTAR PRADESH,D688,BALRAMPUR,1.24
27-08-2025,27.5,82.5,BALRAMPUR,UTTAR PRADESH,D688,BALRAMPUR,1.21
28-08-2025,27.5,82.5,BALRAMPUR,UTTAR PRADESH,D688,BALRAMPUR,1.36
29-08-2025,27.5,82.5,BALRAMPUR,UTTAR PRADESH,D688,BALRAMPUR,1.34
30-08-2025,27.5,82.5,BALRAMPUR,UTTAR PRADESH,D688,BALRAMPUR,1.39
31-08-2025,27.5,82.5,BALRAMPUR,UTTAR PRADESH,D688,BALRAMPUR,1.63
01-09-2025,27.5,82.5,BALRAMPUR,UTTAR PRADESH,D688,BALRAMPUR,1.7
02-09-2025,27.5,82.5,BALRAMPUR,UTTAR PRADESH,D688,BALRAMPUR,1.89
03-09-2025,27.5,82.5,BALRAMPUR,UTTAR PRADESH,D688,BALRAMPUR,1.65
04-09-2025,27.5,82.5,BALRAMPUR,UTTAR PRADESH,D688,BALRAMPUR,1.5
05-09-2025,27.5,82.5,BALRAMPUR,UTTAR PRADESH,D688,BALRAMPUR,1.5
06-09-2025,27.5,82.5,BALRAMPUR,UTTAR PRADESH,D688,BALRAMPUR,1.69
07-09-2025,27.5,82.5,BALRAMPUR,UTTAR PRADESH,D688,BALRAMPUR,1.68
08-09-2025,27.5,82.5,BALRAMPUR,UTTAR PRADESH,D688,BALRAMPUR,1.65
09-09-2025,27.5,82.5,BALRAMPUR,UTTAR PRADESH,D688,BALRAMPUR,1.88
10-09-2025,27.5,82.5,BALRAMPUR,UTTAR PRADESH,D688,BALRAMPUR,1.48
11-09-2025,27.5,82.5,BALRAMPUR,UTTAR PRADESH,D688,BALRAMPUR,1.5
12-09-2025,27.5,82.5,BALRAMPUR,UTTAR PRADESH,D688,BALRAMPUR,1.67
13-09-2025,27.5,82.5,BALRAMPUR,UTTAR PRADESH,D688,BALRAMPUR,1.81
14-09-2025,27.5,82.5,BALRAMPUR,UTTAR PRADESH,D688,BALRAMPUR,1.79
15-09-2025,27.5,82.5,BALRAMPUR,UTTAR PRADESH,D688,BALRAMPUR,1.94
16-09-2025,27.5,82.5,BALRAMPUR,UTTAR PRADESH,D688,BALRAMPUR,2.01
17-09-2025,27.5,82.5,BALRAMPUR,UTTAR PRADESH,D688,BALRAMPUR,1.98
18-09-2025,27.5,82.5,BALRAMPUR,UTTAR PRADESH,D688,BALRAMPUR,1.73
19-09-2025,27.5,82.5,BALRAMPUR,UTTAR PRADESH,D688,BALRAMPUR,1.71
20-09-2025,27.5,82.5,BALRAMPUR,UTTAR PRADESH,D688,BALRAMPUR,1.52
21-09-2025,27.5,82.5,BALRAMPUR,UTTAR PRADESH,D688,BALRAMPUR,1.57
22-09-2025,27.5,82.5,BALRAMPUR,UTTAR PRADESH,D688,BALRAMPUR,1.62
23-09-2025,27.5,82.5,BALRAMPUR,UTTAR PRADESH,D688,BALRAMPUR,1.47
24-09-2025,27.5,82.5,BALRAMPUR,UTTAR PRADESH,D688,BALRAMPUR,2.05
25-09-2025,27.5,82.5,BALRAMPUR,UTTAR PRADESH,D688,BALRAMPUR,1.89
26-09-2025,27.5,82.5,BALRAMPUR,UTTAR PRADESH,D688,BALRAMPUR,1.94
27-09-2025,27.5,82.5,BALRAMPUR,UTTAR PRADESH,D688,BALRAMPUR,2.07
28-09-2025,27.5,82.5,BALRAMPUR,UTTAR PRADESH,D688,BALRAMPUR,2.08
29-09-2025,27.5,82.5,BALRAMPUR,UTTAR PRADESH,D688,BALRAMPUR,1.98
30-09-2025,27.5,82.5,BALRAMPUR,UTTAR PRADESH,D688,BALRAMPUR,1.68
01-10-2025,27.5,82.5,BALRAMPUR,UTTAR PRADESH,D688,BALRAMPUR,1.52
02-10-2025,27.5,82.5,BALRAMPUR,UTTAR PRADESH,D688,BALRAMPUR,1.83
03-10-2025,27.5,82.5,BALRAMPUR,UTTAR PRADESH,D688,BALRAMPUR,1.95
04-10-2025,27.5,82.5,BALRAMPUR,UTTAR PRADESH,D688,BALRAMPUR,1.91
05-10-2025,27.5,82.5,BALRAMPUR,UTTAR PRADESH,D688,BALRAMPUR,1.79
06-10-2025,27.5,82.5,BALRAMPUR,UTTAR PRADESH,D688,BALRAMPUR,2.02
07-10-2025,27.5,82.5,BALRAMPUR,UTTAR PRADESH,D688,BALRAMPUR,1.69
08-10-2025,27.5,82.5,BALRAMPUR,UTTAR PRADESH,D688,BALRAMPUR,1.52
09-10-2025,27.5,82.5,BALRAMPUR,UTTAR PRADESH,D688,BALRAMPUR,1.54
10-10-2025,27.5,82.5,BALRAMPUR,UTTAR PRADESH,D688,BALRAMPUR,1.6
11-10-2025,27.5,82.5,BALRAMPUR,UTTAR PRADESH,D688,BALRAMPUR,1.66
12-10-2025,27.5,82.5,BALRAMPUR,UTTAR PRADESH,D688,BALRAMPUR,1.51
13-10-2025,27.5,82.5,BALRAMPUR,UTTAR PRADESH,D688,BALRAMPUR,1.53
14-10-2025,27.5,82.5,BALRAMPUR,UTTAR PRADESH,D688,BALRAMPUR,2.1
15-10-2025,27.5,82.5,BALRAMPUR,UTTAR PRADESH,D688,BALRAMPUR,1.87
16-10-2025,27.5,82.5,BALRAMPUR,UTTAR PRADESH,D688,BALRAMPUR,1.58
17-10-2025,27.5,82.5,BALRAMPUR,UTTAR PRADESH,D688,BALRAMPUR,1.6
18-10-2025,27.5,82.5,BALRAMPUR,UTTAR PRADESH,D688,BALRAMPUR,1.36
19-10-2025,27.5,82.5,BALRAMPUR,UTTAR PRADESH,D688,BALRAMPUR,1.64
20-10-2025,27.5,82.5,BALRAMPUR,UTTAR PRADESH,D688,BALRAMPUR,1.45
21-10-2025,27.5,82.5,BALRAMPUR,UTTAR PRADESH,D688,BALRAMPUR,1.66
22-10-2025,27.5,82.5,BALRAMPUR,UTTAR PRADESH,D688,BALRAMPUR,1.33
23-10-2025,27.5,82.5,BALRAMPUR,UTTAR PRADESH,D688,BALRAMPUR,1.44
24-10-2025,27.5,82.5,BALRAMPUR,UTTAR PRADESH,D688,BALRAMPUR,1.56
25-10-2025,27.5,82.5,BALRAMPUR,UTTAR PRADESH,D688,BALRAMPUR,1.67
26-10-2025,27.5,82.5,BALRAMPUR,UTTAR PRADESH,D688,BALRAMPUR,1.33
27-10-2025,27.5,82.5,BALRAMPUR,UTTAR PRADESH,D688,BALRAMPUR,1.23
28-10-2025,27.5,82.5,BALRAMPUR,UTTAR PRADESH,D688,BALRAMPUR,1.27
29-10-2025,27.5,82.5,BALRAMPUR,UTTAR PRADESH,D688,BALRAMPUR,1.55
30-10-2025,27.5,82.5,BALRAMPUR,UTTAR PRADESH,D688,BALRAMPUR,1.66
31-10-2025,27.5,82.5,BALRAMPUR,UTTAR PRADESH,D688,BALRAMPUR,1.66
01-11-2025,27.5,82.5,BALRAMPUR,UTTAR PRADESH,D688,BALRAMPUR,1.19
02-11-2025,27.5,82.5,BALRAMPUR,UTTAR PRADESH,D688,BALRAMPUR,1.09
03-11-2025,27.5,82.5,BALRAMPUR,UTTAR PRADESH,D688,BALRAMPUR,1.04
04-11-2025,27.5,82.5,BALRAMPUR,UTTAR PRADESH,D688,BALRAMPUR,1.01
05-11-2025,27.5,82.5,BALRAMPUR,UTTAR PRADESH,D688,BALRAMPUR,0.95
06-11-2025,27.5,82.5,BALRAMPUR,UTTAR PRADESH,D688,BALRAMPUR,1.04
07-11-2025,27.5,82.5,BALRAMPUR,UTTAR PRADESH,D688,BALRAMPUR,1.17
08-11-2025,27.5,82.5,BALRAMPUR,UTTAR PRADESH,D688,BALRAMPUR,1.27
09-11-2025,27.5,82.5,BALRAMPUR,UTTAR PRADESH,D688,BALRAMPUR,1.04
10-11-2025,27.5,82.5,BALRAMPUR,UTTAR PRADESH,D688,BALRAMPUR,0.99
11-11-2025,27.5,82.5,BALRAMPUR,UTTAR PRADESH,D688,BALRAMPUR,0.87
12-11-2025,27.5,82.5,BALRAMPUR,UTTAR PRADESH,D688,BALRAMPUR,1.19
13-11-2025,27.5,82.5,BALRAMPUR,UTTAR PRADESH,D688,BALRAMPUR,0.88
14-11-2025,27.5,82.5,BALRAMPUR,UTTAR PRADESH,D688,BALRAMPUR,0.91
15-11-2025,27.5,82.5,BALRAMPUR,UTTAR PRADESH,D688,BALRAMPUR,0.86
16-11-2025,27.5,82.5,BALRAMPUR,UTTAR PRADESH,D688,BALRAMPUR,1.22
17-11-2025,27.5,82.5,BALRAMPUR,UTTAR PRADESH,D688,BALRAMPUR,1.21
18-11-2025,27.5,82.5,BALRAMPUR,UTTAR PRADESH,D688,BALRAMPUR,1.26
19-11-2025,27.5,82.5,BALRAMPUR,UTTAR PRADESH,D688,BALRAMPUR,1.27
20-11-2025,27.5,82.5,BALRAMPUR,UTTAR PRADESH,D688,BALRAMPUR,1.1
21-11-2025,27.5,82.5,BALRAMPUR,UTTAR PRADESH,D688,BALRAMPUR,1.13
22-11-2025,27.5,82.5,BALRAMPUR,UTTAR PRADESH,D688,BALRAMPUR,1.13
23-11-2025,27.5,82.5,BALRAMPUR,UTTAR PRADESH,D688,BALRAMPUR,1.21
24-11-2025,27.5,82.5,BALRAMPUR,UTTAR PRADESH,D688,BALRAMPUR,0.99
25-11-2025,27.5,82.5,BALRAMPUR,UTTAR PRADESH,D688,BALRAMPUR,1.08
26-11-2025,27.5,82.5,BALRAMPUR,UTTAR PRADESH,D688,BALRAMPUR,0.94
27-11-2025,27.5,82.5,BALRAMPUR,UTTAR PRADESH,D688,BALRAMPUR,0.99
28-11-2025,27.5,82.5,BALRAMPUR,UTTAR PRADESH,D688,BALRAMPUR,1.2
29-11-2025,27.5,82.5,BALRAMPUR,UTTAR PRADESH,D688,BALRAMPUR,1.52
30-11-2025,27.5,82.5,BALRAMPUR,UTTAR PRADESH,D688,BALRAMPUR,1.33
01-12-2025,27.5,82.5,BALRAMPUR,UTTAR PRADESH,D688,BALRAMPUR,1.23
02-12-2025,27.5,82.5,BALRAMPUR,UTTAR PRADESH,D688,BALRAMPUR,1.08
03-12-2025,27.5,82.5,BALRAMPUR,UTTAR PRADESH,D688,BALRAMPUR,1.2
04-12-2025,27.5,82.5,BALRAMPUR,UTTAR PRADESH,D688,BALRAMPUR,1.14
05-12-2025,27.5,82.5,BALRAMPUR,UTTAR PRADESH,D688,BALRAMPUR,1.38
06-12-2025,27.5,82.5,BALRAMPUR,UTTAR PRADESH,D688,BALRAMPUR,1.32
07-12-2025,27.5,82.5,BALRAMPUR,UTTAR PRADESH,D688,BALRAMPUR,1.63
08-12-2025,27.5,82.5,BALRAMPUR,UTTAR PRADESH,D688,BALRAMPUR,1.99
09-12-2025,27.5,82.5,BALRAMPUR,UTTAR PRADESH,D688,BALRAMPUR,1.97
10-12-2025,27.5,82.5,BALRAMPUR,UTTAR PRADESH,D688,BALRAMPUR,1.92
11-12-2025,27.5,82.5,BALRAMPUR,UTTAR PRADESH,D688,BALRAMPUR,1.8
12-12-2025,27.5,82.5,BALRAMPUR,UTTAR PRADESH,D688,BALRAMPUR,1.92
13-12-2025,27.5,82.5,BALRAMPUR,UTTAR PRADESH,D688,BALRAMPUR,2.37
14-12-2025,27.5,82.5,BALRAMPUR,UTTAR PRADESH,D688,BALRAMPUR,2.04
15-12-2025,27.5,82.5,BALRAMPUR,UTTAR PRADESH,D688,BALRAMPUR,2.1
16-12-2025,27.5,82.5,BALRAMPUR,UTTAR PRADESH,D688,BALRAMPUR,2.32
17-12-2025,27.5,82.5,BALRAMPUR,UTTAR PRADESH,D688,BALRAMPUR,2.49
18-12-2025,27.5,82.5,BALRAMPUR,UTTAR PRADESH,D688,BALRAMPUR,2.84
19-12-2025,27.5,82.5,BALRAMPUR,UTTAR PRADESH,D688,BALRAMPUR,2.82
20-12-2025,27.5,82.5,BALRAMPUR,UTTAR PRADESH,D688,BALRAMPUR,2.78
21-12-2025,27.5,82.5,BALRAMPUR,UTTAR PRADESH,D688,BALRAMPUR,3.08
22-12-2025,27.5,82.5,BALRAMPUR,UTTAR PRADESH,D688,BALRAMPUR,2.71
23-12-2025,27.5,82.5,BALRAMPUR,UTTAR PRADESH,D688,BALRAMPUR,2.65
24-12-2025,27.5,82.5,BALRAMPUR,UTTAR PRADESH,D688,BALRAMPUR,2.85
25-12-2025,27.5,82.5,BALRAMPUR,UTTAR PRADESH,D688,BALRAMPUR,2.65
26-12-2025,27.5,82.5,BALRAMPUR,UTTAR PRADESH,D688,BALRAMPUR,3.1
27-12-2025,27.5,82.5,BALRAMPUR,UTTAR PRADESH,D688,BALRAMPUR,3.1
28-12-2025,27.5,82.5,BALRAMPUR,UTTAR PRADESH,D688,BALRAMPUR,3.03
29-12-2025,27.5,82.5,BALRAMPUR,UTTAR PRADESH,D688,BALRAMPUR,3.18
30-12-2025,27.5,82.5,BALRAMPUR,UTTAR PRADESH,D688,BALRAMPUR,3.3
31-12-2025,27.5,82.5,BALRAMPUR,UTTAR PRADESH,D688,BALRAMPUR,3.07
01-01-2025,25.5,82.5,JAUNPUR,UTTAR PRADESH,D715,BADLAPUR,2.94
02-01-2025,25.5,82.5,JAUNPUR,UTTAR PRADESH,D715,BADLAPUR,2.92
03-01-2025,25.5,82.5,JAUNPUR,UTTAR PRADESH,D715,BADLAPUR,3.29
04-01-2025,25.5,82.5,JAUNPUR,UTTAR PRADESH,D715,BADLAPUR,3.05
05-01-2025,25.5,82.5,JAUNPUR,UTTAR PRADESH,D715,BADLAPUR,3.5
06-01-2025,25.5,82.5,JAUNPUR,UTTAR PRADESH,D715,BADLAPUR,3.48
07-01-2025,25.5,82.5,JAUNPUR,UTTAR PRADESH,D715,BADLAPUR,3.57
08-01-2025,25.5,82.5,JAUNPUR,UTTAR PRADESH,D715,BADLAPUR,3.21
09-01-2025,25.5,82.5,JAUNPUR,UTTAR PRADESH,D715,BADLAPUR,3.06
10-01-2025,25.5,82.5,JAUNPUR,UTTAR PRADESH,D715,BADLAPUR,3.08
11-01-2025,25.5,82.5,JAUNPUR,UTTAR PRADESH,D715,BADLAPUR,3.03
12-01-2025,25.5,82.5,JAUNPUR,UTTAR PRADESH,D715,BADLAPUR,2.82
13-01-2025,25.5,82.5,JAUNPUR,UTTAR PRADESH,D715,BADLAPUR,3.03
14-01-2025,25.5,82.5,JAUNPUR,UTTAR PRADESH,D715,BADLAPUR,3.13
15-01-2025,25.5,82.5,JAUNPUR,UTTAR PRADESH,D715,BADLAPUR,3.25
16-01-2025,25.5,82.5,JAUNPUR,UTTAR PRADESH,D715,BADLAPUR,3.31
17-01-2025,25.5,82.5,JAUNPUR,UTTAR PRADESH,D715,BADLAPUR,3.33
18-01-2025,25.5,82.5,JAUNPUR,UTTAR PRADESH,D715,BADLAPUR,3.65
19-01-2025,25.5,82.5,JAUNPUR,UTTAR PRADESH,D715,BADLAPUR,3.58
20-01-2025,25.5,82.5,JAUNPUR,UTTAR PRADESH,D715,BADLAPUR,3
21-01-2025,25.5,82.5,JAUNPUR,UTTAR PRADESH,D715,BADLAPUR,2.87
22-01-2025,25.5,82.5,JAUNPUR,UTTAR PRADESH,D715,BADLAPUR,2.86
23-01-2025,25.5,82.5,JAUNPUR,UTTAR PRADESH,D715,BADLAPUR,2.84
24-01-2025,25.5,82.5,JAUNPUR,UTTAR PRADESH,D715,BADLAPUR,2.76
25-01-2025,25.5,82.5,JAUNPUR,UTTAR PRADESH,D715,BADLAPUR,2.43
26-01-2025,25.5,82.5,JAUNPUR,UTTAR PRADESH,D715,BADLAPUR,2.76
27-01-2025,25.5,82.5,JAUNPUR,UTTAR PRADESH,D715,BADLAPUR,2.51
28-01-2025,25.5,82.5,JAUNPUR,UTTAR PRADESH,D715,BADLAPUR,2.18
29-01-2025,25.5,82.5,JAUNPUR,UTTAR PRADESH,D715,BADLAPUR,2.4
30-01-2025,25.5,82.5,JAUNPUR,UTTAR PRADESH,D715,BADLAPUR,2.48
31-01-2025,25.5,82.5,JAUNPUR,UTTAR PRADESH,D715,BADLAPUR,2.58
01-02-2025,25.5,82.5,JAUNPUR,UTTAR PRADESH,D715,BADLAPUR,2.42
02-02-2025,25.5,82.5,JAUNPUR,UTTAR PRADESH,D715,BADLAPUR,2.44
03-02-2025,25.5,82.5,JAUNPUR,UTTAR PRADESH,D715,BADLAPUR,2.01
04-02-2025,25.5,82.5,JAUNPUR,UTTAR PRADESH,D715,BADLAPUR,2.14
05-02-2025,25.5,82.5,JAUNPUR,UTTAR PRADESH,D715,BADLAPUR,2.14
06-02-2025,25.5,82.5,JAUNPUR,UTTAR PRADESH,D715,BADLAPUR,2.13
07-02-2025,25.5,82.5,JAUNPUR,UTTAR PRADESH,D715,BADLAPUR,2.14
08-02-2025,25.5,82.5,JAUNPUR,UTTAR PRADESH,D715,BADLAPUR,2.09
09-02-2025,25.5,82.5,JAUNPUR,UTTAR PRADESH,D715,BADLAPUR,1.94
10-02-2025,25.5,82.5,JAUNPUR,UTTAR PRADESH,D715,BADLAPUR,2.28
11-02-2025,25.5,82.5,JAUNPUR,UTTAR PRADESH,D715,BADLAPUR,2.55
12-02-2025,25.5,82.5,JAUNPUR,UTTAR PRADESH,D715,BADLAPUR,2.43
13-02-2025,25.5,82.5,JAUNPUR,UTTAR PRADESH,D715,BADLAPUR,2.57
14-02-2025,25.5,82.5,JAUNPUR,UTTAR PRADESH,D715,BADLAPUR,2.63
15-02-2025,25.5,82.5,JAUNPUR,UTTAR PRADESH,D715,BADLAPUR,2.58
16-02-2025,25.5,82.5,JAUNPUR,UTTAR PRADESH,D715,BADLAPUR,2.59
17-02-2025,25.5,82.5,JAUNPUR,UTTAR PRADESH,D715,BADLAPUR,2.24
18-02-2025,25.5,82.5,JAUNPUR,UTTAR PRADESH,D715,BADLAPUR,2.14
19-02-2025,25.5,82.5,JAUNPUR,UTTAR PRADESH,D715,BADLAPUR,2.12
20-02-2025,25.5,82.5,JAUNPUR,UTTAR PRADESH,D715,BADLAPUR,2.04
21-02-2025,25.5,82.5,JAUNPUR,UTTAR PRADESH,D715,BADLAPUR,2.33
22-02-2025,25.5,82.5,JAUNPUR,UTTAR PRADESH,D715,BADLAPUR,2.6
23-02-2025,25.5,82.5,JAUNPUR,UTTAR PRADESH,D715,BADLAPUR,2.4
24-02-2025,25.5,82.5,JAUNPUR,UTTAR PRADESH,D715,BADLAPUR,2.68
25-02-2025,25.5,82.5,JAUNPUR,UTTAR PRADESH,D715,BADLAPUR,2.7
26-02-2025,25.5,82.5,JAUNPUR,UTTAR PRADESH,D715,BADLAPUR,2.26
27-02-2025,25.5,82.5,JAUNPUR,UTTAR PRADESH,D715,BADLAPUR,2.54
28-02-2025,25.5,82.5,JAUNPUR,UTTAR PRADESH,D715,BADLAPUR,2.58
29-02-2025,25.5,82.5,JAUNPUR,UTTAR PRADESH,D715,BADLAPUR,1.9
01-03-2025,25.5,82.5,JAUNPUR,UTTAR PRADESH,D715,BADLAPUR,2.89
02-03-2025,25.5,82.5,JAUNPUR,UTTAR PRADESH,D715,BADLAPUR,2.81
03-03-2025,25.5,82.5,JAUNPUR,UTTAR PRADESH,D715,BADLAPUR,2.84
04-03-2025,25.5,82.5,JAUNPUR,UTTAR PRADESH,D715,BADLAPUR,2.86
05-03-2025,25.5,82.5,JAUNPUR,UTTAR PRADESH,D715,BADLAPUR,2.68
06-03-2025,25.5,82.5,JAUNPUR,UTTAR PRADESH,D715,BADLAPUR,2.17
07-03-2025,25.5,82.5,JAUNPUR,UTTAR PRADESH,D715,BADLAPUR,2.39
08-03-2025,25.5,82.5,JAUNPUR,UTTAR PRADESH,D715,BADLAPUR,2.08
09-03-2025,25.5,82.5,JAUNPUR,UTTAR PRADESH,D715,BADLAPUR,1.87
10-03-2025,25.5,82.5,JAUNPUR,UTTAR PRADESH,D715,BADLAPUR,2.58
11-03-2025,25.5,82.5,JAUNPUR,UTTAR PRADESH,D715,BADLAPUR,2.27
12-03-2025,25.5,82.5,JAUNPUR,UTTAR PRADESH,D715,BADLAPUR,2.29
13-03-2025,25.5,82.5,JAUNPUR,UTTAR PRADESH,D715,BADLAPUR,2.78
14-03-2025,25.5,82.5,JAUNPUR,UTTAR PRADESH,D715,BADLAPUR,2.83
15-03-2025,25.5,82.5,JAUNPUR,UTTAR PRADESH,D715,BADLAPUR,2.97
16-03-2025,25.5,82.5,JAUNPUR,UTTAR PRADESH,D715,BADLAPUR,2.28
17-03-2025,25.5,82.5,JAUNPUR,UTTAR PRADESH,D715,BADLAPUR,2.53
18-03-2025,25.5,82.5,JAUNPUR,UTTAR PRADESH,D715,BADLAPUR,2.35
19-03-2025,25.5,82.5,JAUNPUR,UTTAR PRADESH,D715,BADLAPUR,2.42
20-03-2025,25.5,82.5,JAUNPUR,UTTAR PRADESH,D715,BADLAPUR,2.68
21-03-2025,25.5,82.5,JAUNPUR,UTTAR PRADESH,D715,BADLAPUR,2.61
22-03-2025,25.5,82.5,JAUNPUR,UTTAR PRADESH,D715,BADLAPUR,2.26
23-03-2025,25.5,82.5,JAUNPUR,UTTAR PRADESH,D715,BADLAPUR,2.1
24-03-2025,25.5,82.5,JAUNPUR,UTTAR PRADESH,D715,BADLAPUR,2.19
25-03-2025,25.5,82.5,JAUNPUR,UTTAR PRADESH,D715,BADLAPUR,2.16
26-03-2025,25.5,82.5,JAUNPUR,UTTAR PRADESH,D715,BADLAPUR,2.27
27-03-2025,25.5,82.5,JAUNPUR,UTTAR PRADESH,D715,BADLAPUR,2.18
28-03-2025,25.5,82.5,JAUNPUR,UTTAR PRADESH,D715,BADLAPUR,1.9
29-03-2025,25.5,82.5,JAUNPUR,UTTAR PRADESH,D715,BADLAPUR,1.74
30-03-2025,25.5,82.5,JAUNPUR,UTTAR PRADESH,D715,BADLAPUR,2.51
31-03-2025,25.5,82.5,JAUNPUR,UTTAR PRADESH,D715,BADLAPUR,2.55
01-04-2025,25.5,82.5,JAUNPUR,UTTAR PRADESH,D715,BADLAPUR,2.47
02-04-2025,25.5,82.5,JAUNPUR,UTTAR PRADESH,D715,BADLAPUR,2.02
03-04-2025,25.5,82.5,JAUNPUR,UTTAR PRADESH,D715,BADLAPUR,2.25
04-04-2025,25.5,82.5,JAUNPUR,UTTAR PRADESH,D715,BADLAPUR,2.47
05-04-2025,25.5,82.5,JAUNPUR,UTTAR PRADESH,D715,BADLAPUR,2.34
06-04-2025,25.5,82.5,JAUNPUR,UTTAR PRADESH,D715,BADLAPUR,2.03
07-04-2025,25.5,82.5,JAUNPUR,UTTAR PRADESH,D715,BADLAPUR,2.14
08-04-2025,25.5,82.5,JAUNPUR,UTTAR PRADESH,D715,BADLAPUR,2.07
09-04-2025,25.5,82.5,JAUNPUR,UTTAR PRADESH,D715,BADLAPUR,1.93
10-04-2025,25.5,82.5,JAUNPUR,UTTAR PRADESH,D715,BADLAPUR,2.17
11-04-2025,25.5,82.5,JAUNPUR,UTTAR PRADESH,D715,BADLAPUR,2.1
12-04-2025,25.5,82.5,JAUNPUR,UTTAR PRADESH,D715,BADLAPUR,2.36
13-04-2025,25.5,82.5,JAUNPUR,UTTAR PRADESH,D715,BADLAPUR,2.36
14-04-2025,25.5,82.5,JAUNPUR,UTTAR PRADESH,D715,BADLAPUR,2.31
15-04-2025,25.5,82.5,JAUNPUR,UTTAR PRADESH,D715,BADLAPUR,2.34
16-04-2025,25.5,82.5,JAUNPUR,UTTAR PRADESH,D715,BADLAPUR,2.12
17-04-2025,25.5,82.5,JAUNPUR,UTTAR PRADESH,D715,BADLAPUR,2.68
18-04-2025,25.5,82.5,JAUNPUR,UTTAR PRADESH,D715,BADLAPUR,2.56
19-04-2025,25.5,82.5,JAUNPUR,UTTAR PRADESH,D715,BADLAPUR,2.64
20-04-2025,25.5,82.5,JAUNPUR,UTTAR PRADESH,D715,BADLAPUR,2.51
21-04-2025,25.5,82.5,JAUNPUR,UTTAR PRADESH,D715,BADLAPUR,3.12
22-04-2025,25.5,82.5,JAUNPUR,UTTAR PRADESH,D715,BADLAPUR,2.5
23-04-2025,25.5,82.5,JAUNPUR,UTTAR PRADESH,D715,BADLAPUR,2.21
24-04-2025,25.5,82.5,JAUNPUR,UTTAR PRADESH,D715,BADLAPUR,2.34
25-04-2025,25.5,82.5,JAUNPUR,UTTAR PRADESH,D715,BADLAPUR,2.69
26-04-2025,25.5,82.5,JAUNPUR,UTTAR PRADESH,D715,BADLAPUR,3.22
27-04-2025,25.5,82.5,JAUNPUR,UTTAR PRADESH,D715,BADLAPUR,2.74
28-04-2025,25.5,82.5,JAUNPUR,UTTAR PRADESH,D715,BADLAPUR,2.62
29-04-2025,25.5,82.5,JAUNPUR,UTTAR PRADESH,D715,BADLAPUR,2.62
30-04-2025,25.5,82.5,JAUNPUR,UTTAR PRADESH,D715,BADLAPUR,3.03
01-05-2025,25.5,82.5,JAUNPUR,UTTAR PRADESH,D715,BADLAPUR,3.09
02-05-2025,25.5,82.5,JAUNPUR,UTTAR PRADESH,D715,BADLAPUR,2.5
03-05-2025,25.5,82.5,JAUNPUR,UTTAR PRADESH,D715,BADLAPUR,2.33
04-05-2025,25.5,82.5,JAUNPUR,UTTAR PRADESH,D715,BADLAPUR,2.12
05-05-2025,25.5,82.5,JAUNPUR,UTTAR PRADESH,D715,BADLAPUR,2.35
06-05-2025,25.5,82.5,JAUNPUR,UTTAR PRADESH,D715,BADLAPUR,2.27
07-05-2025,25.5,82.5,JAUNPUR,UTTAR PRADESH,D715,BADLAPUR,2.39
08-05-2025,25.5,82.5,JAUNPUR,UTTAR PRADESH,D715,BADLAPUR,2.11
09-05-2025,25.5,82.5,JAUNPUR,UTTAR PRADESH,D715,BADLAPUR,2.05
10-05-2025,25.5,82.5,JAUNPUR,UTTAR PRADESH,D715,BADLAPUR,2.2
11-05-2025,25.5,82.5,JAUNPUR,UTTAR PRADESH,D715,BADLAPUR,2.18
12-05-2025,25.5,82.5,JAUNPUR,UTTAR PRADESH,D715,BADLAPUR,2.32
13-05-2025,25.5,82.5,JAUNPUR,UTTAR PRADESH,D715,BADLAPUR,2.27
14-05-2025,25.5,82.5,JAUNPUR,UTTAR PRADESH,D715,BADLAPUR,2.14
15-05-2025,25.5,82.5,JAUNPUR,UTTAR PRADESH,D715,BADLAPUR,2.35
16-05-2025,25.5,82.5,JAUNPUR,UTTAR PRADESH,D715,BADLAPUR,2.18
17-05-2025,25.5,82.5,JAUNPUR,UTTAR PRADESH,D715,BADLAPUR,1.96
18-05-2025,25.5,82.5,JAUNPUR,UTTAR PRADESH,D715,BADLAPUR,2.21
19-05-2025,25.5,82.5,JAUNPUR,UTTAR PRADESH,D715,BADLAPUR,2.82
20-05-2025,25.5,82.5,JAUNPUR,UTTAR PRADESH,D715,BADLAPUR,2.88
21-05-2025,25.5,82.5,JAUNPUR,UTTAR PRADESH,D715,BADLAPUR,2.88
22-05-2025,25.5,82.5,JAUNPUR,UTTAR PRADESH,D715,BADLAPUR,3.03
23-05-2025,25.5,82.5,JAUNPUR,UTTAR PRADESH,D715,BADLAPUR,2.8
24-05-2025,25.5,82.5,JAUNPUR,UTTAR PRADESH,D715,BADLAPUR,3.09
25-05-2025,25.5,82.5,JAUNPUR,UTTAR PRADESH,D715,BADLAPUR,3.16
26-05-2025,25.5,82.5,JAUNPUR,UTTAR PRADESH,D715,BADLAPUR,3.02
27-05-2025,25.5,82.5,JAUNPUR,UTTAR PRADESH,D715,BADLAPUR,3.29
28-05-2025,25.5,82.5,JAUNPUR,UTTAR PRADESH,D715,BADLAPUR,3.47
29-05-2025,25.5,82.5,JAUNPUR,UTTAR PRADESH,D715,BADLAPUR,3.4
30-05-2025,25.5,82.5,JAUNPUR,UTTAR PRADESH,D715,BADLAPUR,3.13
31-05-2025,25.5,82.5,JAUNPUR,UTTAR PRADESH,D715,BADLAPUR,3.17
01-06-2025,25.5,82.5,JAUNPUR,UTTAR PRADESH,D715,BADLAPUR,2.92
02-06-2025,25.5,82.5,JAUNPUR,UTTAR PRADESH,D715,BADLAPUR,2.76
03-06-2025,25.5,82.5,JAUNPUR,UTTAR PRADESH,D715,BADLAPUR,3.05
04-06-2025,25.5,82.5,JAUNPUR,UTTAR PRADESH,D715,BADLAPUR,3.31
05-06-2025,25.5,82.5,JAUNPUR,UTTAR PRADESH,D715,BADLAPUR,3.19
06-06-2025,25.5,82.5,JAUNPUR,UTTAR PRADESH,D715,BADLAPUR,3.26
07-06-2025,25.5,82.5,JAUNPUR,UTTAR PRADESH,D715,BADLAPUR,3.31
08-06-2025,25.5,82.5,JAUNPUR,UTTAR PRADESH,D715,BADLAPUR,3.35
09-06-2025,25.5,82.5,JAUNPUR,UTTAR PRADESH,D715,BADLAPUR,3.15
10-06-2025,25.5,82.5,JAUNPUR,UTTAR PRADESH,D715,BADLAPUR,3.11
11-06-2025,25.5,82.5,JAUNPUR,UTTAR PRADESH,D715,BADLAPUR,3.11
12-06-2025,25.5,82.5,JAUNPUR,UTTAR PRADESH,D715,BADLAPUR,3.13
13-06-2025,25.5,82.5,JAUNPUR,UTTAR PRADESH,D715,BADLAPUR,3.36
14-06-2025,25.5,82.5,JAUNPUR,UTTAR PRADESH,D715,BADLAPUR,3.96
15-06-2025,25.5,82.5,JAUNPUR,UTTAR PRADESH,D715,BADLAPUR,4.26
16-06-2025,25.5,82.5,JAUNPUR,UTTAR PRADESH,D715,BADLAPUR,4.2
17-06-2025,25.5,82.5,JAUNPUR,UTTAR PRADESH,D715,BADLAPUR,4.29
18-06-2025,25.5,82.5,JAUNPUR,UTTAR PRADESH,D715,BADLAPUR,4.17
19-06-2025,25.5,82.5,JAUNPUR,UTTAR PRADESH,D715,BADLAPUR,4.25
20-06-2025,25.5,82.5,JAUNPUR,UTTAR PRADESH,D715,BADLAPUR,3.75
21-06-2025,25.5,82.5,JAUNPUR,UTTAR PRADESH,D715,BADLAPUR,3.13
22-06-2025,25.5,82.5,JAUNPUR,UTTAR PRADESH,D715,BADLAPUR,3.1
23-06-2025,25.5,82.5,JAUNPUR,UTTAR PRADESH,D715,BADLAPUR,2.79
24-06-2025,25.5,82.5,JAUNPUR,UTTAR PRADESH,D715,BADLAPUR,2.25
25-06-2025,25.5,82.5,JAUNPUR,UTTAR PRADESH,D715,BADLAPUR,2.57
26-06-2025,25.5,82.5,JAUNPUR,UTTAR PRADESH,D715,BADLAPUR,2.35
27-06-2025,25.5,82.5,JAUNPUR,UTTAR PRADESH,D715,BADLAPUR,2.52
28-06-2025,25.5,82.5,JAUNPUR,UTTAR PRADESH,D715,BADLAPUR,2.86
29-06-2025,25.5,82.5,JAUNPUR,UTTAR PRADESH,D715,BADLAPUR,3.14
30-06-2025,25.5,82.5,JAUNPUR,UTTAR PRADESH,D715,BADLAPUR,2.93
01-07-2025,25.5,82.5,JAUNPUR,UTTAR PRADESH,D715,BADLAPUR,2.35
02-07-2025,25.5,82.5,JAUNPUR,UTTAR PRADESH,D715,BADLAPUR,2.11
03-07-2025,25.5,82.5,JAUNPUR,UTTAR PRADESH,D715,BADLAPUR,1.74
04-07-2025,25.5,82.5,JAUNPUR,UTTAR PRADESH,D715,BADLAPUR,1.97
05-07-2025,25.5,82.5,JAUNPUR,UTTAR PRADESH,D715,BADLAPUR,2.61
06-07-2025,25.5,82.5,JAUNPUR,UTTAR PRADESH,D715,BADLAPUR,2.49
07-07-2025,25.5,82.5,JAUNPUR,UTTAR PRADESH,D715,BADLAPUR,2.17
08-07-2025,25.5,82.5,JAUNPUR,UTTAR PRADESH,D715,BADLAPUR,2.28
09-07-2025,25.5,82.5,JAUNPUR,UTTAR PRADESH,D715,BADLAPUR,2.42
10-07-2025,25.5,82.5,JAUNPUR,UTTAR PRADESH,D715,BADLAPUR,2.43
11-07-2025,25.5,82.5,JAUNPUR,UTTAR PRADESH,D715,BADLAPUR,2.33
12-07-2025,25.5,82.5,JAUNPUR,UTTAR PRADESH,D715,BADLAPUR,2.23
13-07-2025,25.5,82.5,JAUNPUR,UTTAR PRADESH,D715,BADLAPUR,2.11
14-07-2025,25.5,82.5,JAUNPUR,UTTAR PRADESH,D715,BADLAPUR,2.17
15-07-2025,25.5,82.5,JAUNPUR,UTTAR PRADESH,D715,BADLAPUR,2.03
16-07-2025,25.5,82.5,JAUNPUR,UTTAR PRADESH,D715,BADLAPUR,2.19
17-07-2025,25.5,82.5,JAUNPUR,UTTAR PRADESH,D715,BADLAPUR,2.15
18-07-2025,25.5,82.5,JAUNPUR,UTTAR PRADESH,D715,BADLAPUR,2.13
19-07-2025,25.5,82.5,JAUNPUR,UTTAR PRADESH,D715,BADLAPUR,1.93
20-07-2025,25.5,82.5,JAUNPUR,UTTAR PRADESH,D715,BADLAPUR,1.85
21-07-2025,25.5,82.5,JAUNPUR,UTTAR PRADESH,D715,BADLAPUR,1.69
22-07-2025,25.5,82.5,JAUNPUR,UTTAR PRADESH,D715,BADLAPUR,1.42
23-07-2025,25.5,82.5,JAUNPUR,UTTAR PRADESH,D715,BADLAPUR,1.76
24-07-2025,25.5,82.5,JAUNPUR,UTTAR PRADESH,D715,BADLAPUR,1.91
25-07-2025,25.5,82.5,JAUNPUR,UTTAR PRADESH,D715,BADLAPUR,1.8
26-07-2025,25.5,82.5,JAUNPUR,UTTAR PRADESH,D715,BADLAPUR,1.83
27-07-2025,25.5,82.5,JAUNPUR,UTTAR PRADESH,D715,BADLAPUR,2.04
28-07-2025,25.5,82.5,JAUNPUR,UTTAR PRADESH,D715,BADLAPUR,1.87
29-07-2025,25.5,82.5,JAUNPUR,UTTAR PRADESH,D715,BADLAPUR,1.76
30-07-2025,25.5,82.5,JAUNPUR,UTTAR PRADESH,D715,BADLAPUR,1.58
31-07-2025,25.5,82.5,JAUNPUR,UTTAR PRADESH,D715,BADLAPUR,1.58
01-08-2025,25.5,82.5,JAUNPUR,UTTAR PRADESH,D715,BADLAPUR,1.57
02-08-2025,25.5,82.5,JAUNPUR,UTTAR PRADESH,D715,BADLAPUR,1.45
03-08-2025,25.5,82.5,JAUNPUR,UTTAR PRADESH,D715,BADLAPUR,1.72
04-08-2025,25.5,82.5,JAUNPUR,UTTAR PRADESH,D715,BADLAPUR,1.57
05-08-2025,25.5,82.5,JAUNPUR,UTTAR PRADESH,D715,BADLAPUR,1.45
06-08-2025,25.5,82.5,JAUNPUR,UTTAR PRADESH,D715,BADLAPUR,1.46
07-08-2025,25.5,82.5,JAUNPUR,UTTAR PRADESH,D715,BADLAPUR,1.39
08-08-2025,25.5,82.5,JAUNPUR,UTTAR PRADESH,D715,BADLAPUR,1.35
09-08-2025,25.5,82.5,JAUNPUR,UTTAR PRADESH,D715,BADLAPUR,1.53
10-08-2025,25.5,82.5,JAUNPUR,UTTAR PRADESH,D715,BADLAPUR,1.34
11-08-2025,25.5,82.5,JAUNPUR,UTTAR PRADESH,D715,BADLAPUR,1.4
12-08-2025,25.5,82.5,JAUNPUR,UTTAR PRADESH,D715,BADLAPUR,1.68
13-08-2025,25.5,82.5,JAUNPUR,UTTAR PRADESH,D715,BADLAPUR,1.54
14-08-2025,25.5,82.5,JAUNPUR,UTTAR PRADESH,D715,BADLAPUR,1.6
15-08-2025,25.5,82.5,JAUNPUR,UTTAR PRADESH,D715,BADLAPUR,1.49
16-08-2025,25.5,82.5,JAUNPUR,UTTAR PRADESH,D715,BADLAPUR,1.48
17-08-2025,25.5,82.5,JAUNPUR,UTTAR PRADESH,D715,BADLAPUR,1.37
18-08-2025,25.5,82.5,JAUNPUR,UTTAR PRADESH,D715,BADLAPUR,1.59
19-08-2025,25.5,82.5,JAUNPUR,UTTAR PRADESH,D715,BADLAPUR,1.54
20-08-2025,25.5,82.5,JAUNPUR,UTTAR PRADESH,D715,BADLAPUR,1.31
21-08-2025,25.5,82.5,JAUNPUR,UTTAR PRADESH,D715,BADLAPUR,1.22
22-08-2025,25.5,82.5,JAUNPUR,UTTAR PRADESH,D715,BADLAPUR,1.66
23-08-2025,25.5,82.5,JAUNPUR,UTTAR PRADESH,D715,BADLAPUR,1.45
24-08-2025,25.5,82.5,JAUNPUR,UTTAR PRADESH,D715,BADLAPUR,1.34
25-08-2025,25.5,82.5,JAUNPUR,UTTAR PRADESH,D715,BADLAPUR,1.37
26-08-2025,25.5,82.5,JAUNPUR,UTTAR PRADESH,D715,BADLAPUR,1.3
27-08-2025,25.5,82.5,JAUNPUR,UTTAR PRADESH,D715,BADLAPUR,1.28
28-08-2025,25.5,82.5,JAUNPUR,UTTAR PRADESH,D715,BADLAPUR,1.24
29-08-2025,25.5,82.5,JAUNPUR,UTTAR PRADESH,D715,BADLAPUR,1.21
30-08-2025,25.5,82.5,JAUNPUR,UTTAR PRADESH,D715,BADLAPUR,1.42
31-08-2025,25.5,82.5,JAUNPUR,UTTAR PRADESH,D715,BADLAPUR,1.58
01-09-2025,25.5,82.5,JAUNPUR,UTTAR PRADESH,D715,BADLAPUR,1.66
02-09-2025,25.5,82.5,JAUNPUR,UTTAR PRADESH,D715,BADLAPUR,1.89
03-09-2025,25.5,82.5,JAUNPUR,UTTAR PRADESH,D715,BADLAPUR,1.71
04-09-2025,25.5,82.5,JAUNPUR,UTTAR PRADESH,D715,BADLAPUR,1.53
05-09-2025,25.5,82.5,JAUNPUR,UTTAR PRADESH,D715,BADLAPUR,1.57
06-09-2025,25.5,82.5,JAUNPUR,UTTAR PRADESH,D715,BADLAPUR,1.77
07-09-2025,25.5,82.5,JAUNPUR,UTTAR PRADESH,D715,BADLAPUR,1.8
08-09-2025,25.5,82.5,JAUNPUR,UTTAR PRADESH,D715,BADLAPUR,1.63
09-09-2025,25.5,82.5,JAUNPUR,UTTAR PRADESH,D715,BADLAPUR,1.85
10-09-2025,25.5,82.5,JAUNPUR,UTTAR PRADESH,D715,BADLAPUR,1.52
11-09-2025,25.5,82.5,JAUNPUR,UTTAR PRADESH,D715,BADLAPUR,1.37
12-09-2025,25.5,82.5,JAUNPUR,UTTAR PRADESH,D715,BADLAPUR,1.63
13-09-2025,25.5,82.5,JAUNPUR,UTTAR PRADESH,D715,BADLAPUR,1.84
14-09-2025,25.5,82.5,JAUNPUR,UTTAR PRADESH,D715,BADLAPUR,1.83
15-09-2025,25.5,82.5,JAUNPUR,UTTAR PRADESH,D715,BADLAPUR,1.97
16-09-2025,25.5,82.5,JAUNPUR,UTTAR PRADESH,D715,BADLAPUR,1.94
17-09-2025,25.5,82.5,JAUNPUR,UTTAR PRADESH,D715,BADLAPUR,1.84
18-09-2025,25.5,82.5,JAUNPUR,UTTAR PRADESH,D715,BADLAPUR,1.63
19-09-2025,25.5,82.5,JAUNPUR,UTTAR PRADESH,D715,BADLAPUR,1.69
20-09-2025,25.5,82.5,JAUNPUR,UTTAR PRADESH,D715,BADLAPUR,1.42
21-09-2025,25.5,82.5,JAUNPUR,UTTAR PRADESH,D715,BADLAPUR,1.53
22-09-2025,25.5,82.5,JAUNPUR,UTTAR PRADESH,D715,BADLAPUR,1.55
23-09-2025,25.5,82.5,JAUNPUR,UTTAR PRADESH,D715,BADLAPUR,1.59
24-09-2025,25.5,82.5,JAUNPUR,UTTAR PRADESH,D715,BADLAPUR,2.15
25-09-2025,25.5,82.5,JAUNPUR,UTTAR PRADESH,D715,BADLAPUR,1.96
26-09-2025,25.5,82.5,JAUNPUR,UTTAR PRADESH,D715,BADLAPUR,2
27-09-2025,25.5,82.5,JAUNPUR,UTTAR PRADESH,D715,BADLAPUR,1.98
28-09-2025,25.5,82.5,JAUNPUR,UTTAR PRADESH,D715,BADLAPUR,2.08
29-09-2025,25.5,82.5,JAUNPUR,UTTAR PRADESH,D715,BADLAPUR,1.97
30-09-2025,25.5,82.5,JAUNPUR,UTTAR PRADESH,D715,BADLAPUR,1.65
01-10-2025,25.5,82.5,JAUNPUR,UTTAR PRADESH,D715,BADLAPUR,1.41
02-10-2025,25.5,82.5,JAUNPUR,UTTAR PRADESH,D715,BADLAPUR,1.78
03-10-2025,25.5,82.5,JAUNPUR,UTTAR PRADESH,D715,BADLAPUR,1.88
04-10-2025,25.5,82.5,JAUNPUR,UTTAR PRADESH,D715,BADLAPUR,1.85
05-10-2025,25.5,82.5,JAUNPUR,UTTAR PRADESH,D715,BADLAPUR,1.72
06-10-2025,25.5,82.5,JAUNPUR,UTTAR PRADESH,D715,BADLAPUR,1.8
07-10-2025,25.5,82.5,JAUNPUR,UTTAR PRADESH,D715,BADLAPUR,1.55
08-10-2025,25.5,82.5,JAUNPUR,UTTAR PRADESH,D715,BADLAPUR,1.57
09-10-2025,25.5,82.5,JAUNPUR,UTTAR PRADESH,D715,BADLAPUR,1.59
10-10-2025,25.5,82.5,JAUNPUR,UTTAR PRADESH,D715,BADLAPUR,1.42
11-10-2025,25.5,82.5,JAUNPUR,UTTAR PRADESH,D715,BADLAPUR,1.54
12-10-2025,25.5,82.5,JAUNPUR,UTTAR PRADESH,D715,BADLAPUR,1.43
13-10-2025,25.5,82.5,JAUNPUR,UTTAR PRADESH,D715,BADLAPUR,1.78
14-10-2025,25.5,82.5,JAUNPUR,UTTAR PRADESH,D715,BADLAPUR,2.23
15-10-2025,25.5,82.5,JAUNPUR,UTTAR PRADESH,D715,BADLAPUR,1.92
16-10-2025,25.5,82.5,JAUNPUR,UTTAR PRADESH,D715,BADLAPUR,1.7
17-10-2025,25.5,82.5,JAUNPUR,UTTAR PRADESH,D715,BADLAPUR,1.53
18-10-2025,25.5,82.5,JAUNPUR,UTTAR PRADESH,D715,BADLAPUR,1.43
19-10-2025,25.5,82.5,JAUNPUR,UTTAR PRADESH,D715,BADLAPUR,1.54
20-10-2025,25.5,82.5,JAUNPUR,UTTAR PRADESH,D715,BADLAPUR,1.52
21-10-2025,25.5,82.5,JAUNPUR,UTTAR PRADESH,D715,BADLAPUR,1.84
22-10-2025,25.5,82.5,JAUNPUR,UTTAR PRADESH,D715,BADLAPUR,1.52
23-10-2025,25.5,82.5,JAUNPUR,UTTAR PRADESH,D715,BADLAPUR,1.49
24-10-2025,25.5,82.5,JAUNPUR,UTTAR PRADESH,D715,BADLAPUR,1.6
25-10-2025,25.5,82.5,JAUNPUR,UTTAR PRADESH,D715,BADLAPUR,1.94
26-10-2025,25.5,82.5,JAUNPUR,UTTAR PRADESH,D715,BADLAPUR,1.62
27-10-2025,25.5,82.5,JAUNPUR,UTTAR PRADESH,D715,BADLAPUR,1.32
28-10-2025,25.5,82.5,JAUNPUR,UTTAR PRADESH,D715,BADLAPUR,1.18
29-10-2025,25.5,82.5,JAUNPUR,UTTAR PRADESH,D715,BADLAPUR,1.55
30-10-2025,25.5,82.5,JAUNPUR,UTTAR PRADESH,D715,BADLAPUR,1.77
31-10-2025,25.5,82.5,JAUNPUR,UTTAR PRADESH,D715,BADLAPUR,1.85
01-11-2025,25.5,82.5,JAUNPUR,UTTAR PRADESH,D715,BADLAPUR,1.5
02-11-2025,25.5,82.5,JAUNPUR,UTTAR PRADESH,D715,BADLAPUR,1.13
03-11-2025,25.5,82.5,JAUNPUR,UTTAR PRADESH,D715,BADLAPUR,1.14
04-11-2025,25.5,82.5,JAUNPUR,UTTAR PRADESH,D715,BADLAPUR,1.22
05-11-2025,25.5,82.5,JAUNPUR,UTTAR PRADESH,D715,BADLAPUR,1.23
06-11-2025,25.5,82.5,JAUNPUR,UTTAR PRADESH,D715,BADLAPUR,1.1
07-11-2025,25.5,82.5,JAUNPUR,UTTAR PRADESH,D715,BADLAPUR,1.13
08-11-2025,25.5,82.5,JAUNPUR,UTTAR PRADESH,D715,BADLAPUR,1.29
09-11-2025,25.5,82.5,JAUNPUR,UTTAR PRADESH,D715,BADLAPUR,1.14
10-11-2025,25.5,82.5,JAUNPUR,UTTAR PRADESH,D715,BADLAPUR,1.17
11-11-2025,25.5,82.5,JAUNPUR,UTTAR PRADESH,D715,BADLAPUR,0.93
12-11-2025,25.5,82.5,JAUNPUR,UTTAR PRADESH,D715,BADLAPUR,1.07
13-11-2025,25.5,82.5,JAUNPUR,UTTAR PRADESH,D715,BADLAPUR,0.98
14-11-2025,25.5,82.5,JAUNPUR,UTTAR PRADESH,D715,BADLAPUR,1.04
15-11-2025,25.5,82.5,JAUNPUR,UTTAR PRADESH,D715,BADLAPUR,1.16
16-11-2025,25.5,82.5,JAUNPUR,UTTAR PRADESH,D715,BADLAPUR,1.39
17-11-2025,25.5,82.5,JAUNPUR,UTTAR PRADESH,D715,BADLAPUR,1.66
18-11-2025,25.5,82.5,JAUNPUR,UTTAR PRADESH,D715,BADLAPUR,1.54
19-11-2025,25.5,82.5,JAUNPUR,UTTAR PRADESH,D715,BADLAPUR,1.48
20-11-2025,25.5,82.5,JAUNPUR,UTTAR PRADESH,D715,BADLAPUR,1.26
21-11-2025,25.5,82.5,JAUNPUR,UTTAR PRADESH,D715,BADLAPUR,1.17
22-11-2025,25.5,82.5,JAUNPUR,UTTAR PRADESH,D715,BADLAPUR,1.18
23-11-2025,25.5,82.5,JAUNPUR,UTTAR PRADESH,D715,BADLAPUR,1.16
24-11-2025,25.5,82.5,JAUNPUR,UTTAR PRADESH,D715,BADLAPUR,1.08
25-11-2025,25.5,82.5,JAUNPUR,UTTAR PRADESH,D715,BADLAPUR,0.84
26-11-2025,25.5,82.5,JAUNPUR,UTTAR PRADESH,D715,BADLAPUR,0.85
27-11-2025,25.5,82.5,JAUNPUR,UTTAR PRADESH,D715,BADLAPUR,1.05
28-11-2025,25.5,82.5,JAUNPUR,UTTAR PRADESH,D715,BADLAPUR,1.2
29-11-2025,25.5,82.5,JAUNPUR,UTTAR PRADESH,D715,BADLAPUR,1.53
30-11-2025,25.5,82.5,JAUNPUR,UTTAR PRADESH,D715,BADLAPUR,1.49
01-12-2025,25.5,82.5,JAUNPUR,UTTAR PRADESH,D715,BADLAPUR,1.4
02-12-2025,25.5,82.5,JAUNPUR,UTTAR PRADESH,D715,BADLAPUR,0.96
03-12-2025,25.5,82.5,JAUNPUR,UTTAR PRADESH,D715,BADLAPUR,1.13
04-12-2025,25.5,82.5,JAUNPUR,UTTAR PRADESH,D715,BADLAPUR,1.05
05-12-2025,25.5,82.5,JAUNPUR,UTTAR PRADESH,D715,BADLAPUR,1.45
06-12-2025,25.5,82.5,JAUNPUR,UTTAR PRADESH,D715,BADLAPUR,1.37
07-12-2025,25.5,82.5,JAUNPUR,UTTAR PRADESH,D715,BADLAPUR,1.63
08-12-2025,25.5,82.5,JAUNPUR,UTTAR PRADESH,D715,BADLAPUR,1.74
09-12-2025,25.5,82.5,JAUNPUR,UTTAR PRADESH,D715,BADLAPUR,1.72
10-12-2025,25.5,82.5,JAUNPUR,UTTAR PRADESH,D715,BADLAPUR,1.84
11-12-2025,25.5,82.5,JAUNPUR,UTTAR PRADESH,D715,BADLAPUR,1.6
12-12-2025,25.5,82.5,JAUNPUR,UTTAR PRADESH,D715,BADLAPUR,1.87
13-12-2025,25.5,82.5,JAUNPUR,UTTAR PRADESH,D715,BADLAPUR,2.09
14-12-2025,25.5,82.5,JAUNPUR,UTTAR PRADESH,D715,BADLAPUR,1.93
15-12-2025,25.5,82.5,JAUNPUR,UTTAR PRADESH,D715,BADLAPUR,2.07
16-12-2025,25.5,82.5,JAUNPUR,UTTAR PRADESH,D715,BADLAPUR,2.11
17-12-2025,25.5,82.5,JAUNPUR,UTTAR PRADESH,D715,BADLAPUR,2.36
18-12-2025,25.5,82.5,JAUNPUR,UTTAR PRADESH,D715,BADLAPUR,2.66
19-12-2025,25.5,82.5,JAUNPUR,UTTAR PRADESH,D715,BADLAPUR,2.74
20-12-2025,25.5,82.5,JAUNPUR,UTTAR PRADESH,D715,BADLAPUR,2.53
21-12-2025,25.5,82.5,JAUNPUR,UTTAR PRADESH,D715,BADLAPUR,2.88
22-12-2025,25.5,82.5,JAUNPUR,UTTAR PRADESH,D715,BADLAPUR,2.64
23-12-2025,25.5,82.5,JAUNPUR,UTTAR PRADESH,D715,BADLAPUR,2.44
24-12-2025,25.5,82.5,JAUNPUR,UTTAR PRADESH,D715,BADLAPUR,2.68
25-12-2025,25.5,82.5,JAUNPUR,UTTAR PRADESH,D715,BADLAPUR,2.65
26-12-2025,25.5,82.5,JAUNPUR,UTTAR PRADESH,D715,BADLAPUR,2.83
27-12-2025,25.5,82.5,JAUNPUR,UTTAR PRADESH,D715,BADLAPUR,3
28-12-2025,25.5,82.5,JAUNPUR,UTTAR PRADESH,D715,BADLAPUR,3.05
29-12-2025,25.5,82.5,JAUNPUR,UTTAR PRADESH,D715,BADLAPUR,3.1
30-12-2025,25.5,82.5,JAUNPUR,UTTAR PRADESH,D715,BADLAPUR,3.2
31-12-2025,25.5,82.5,JAUNPUR,UTTAR PRADESH,D715,BADLAPUR,2.88
