 date(1995-2025),lat,lon,District,STATE,Dist_Code,TEHSIL,Tmin_Std
01-01-2025,26.5,81.5,AMETHI,UTTAR PRADESH,D680,AMETHI,2.43
02-01-2025,26.5,81.5,AMETHI,UTTAR PRADESH,D680,AMETHI,2.22
03-01-2025,26.5,81.5,AMETHI,UTTAR PRADESH,D680,AMETHI,2.52
04-01-2025,26.5,81.5,AMETHI,UTTAR PRADESH,D680,AMETHI,2.56
05-01-2025,26.5,81.5,AMETHI,UTTAR PRADESH,D680,AMETHI,2.46
06-01-2025,26.5,81.5,AMETHI,UTTAR PRADESH,D680,AMETHI,2.47
07-01-2025,26.5,81.5,AMETHI,UTTAR PRADESH,D680,AMETHI,3.07
08-01-2025,26.5,81.5,AMETHI,UTTAR PRADESH,D680,AMETHI,3.16
09-01-2025,26.5,81.5,AMETHI,UTTAR PRADESH,D680,AMETHI,2.84
10-01-2025,26.5,81.5,AMETHI,UTTAR PRADESH,D680,AMETHI,2.67
11-01-2025,26.5,81.5,AMETHI,UTTAR PRADESH,D680,AMETHI,2.22
12-01-2025,26.5,81.5,AMETHI,UTTAR PRADESH,D680,AMETHI,1.98
13-01-2025,26.5,81.5,AMETHI,UTTAR PRADESH,D680,AMETHI,2.05
14-01-2025,26.5,81.5,AMETHI,UTTAR PRADESH,D680,AMETHI,2
15-01-2025,26.5,81.5,AMETHI,UTTAR PRADESH,D680,AMETHI,2.08
16-01-2025,26.5,81.5,AMETHI,UTTAR PRADESH,D680,AMETHI,2.37
17-01-2025,26.5,81.5,AMETHI,UTTAR PRADESH,D680,AMETHI,2.57
18-01-2025,26.5,81.5,AMETHI,UTTAR PRADESH,D680,AMETHI,2.77
19-01-2025,26.5,81.5,AMETHI,UTTAR PRADESH,D680,AMETHI,2.56
20-01-2025,26.5,81.5,AMETHI,UTTAR PRADESH,D680,AMETHI,2.18
21-01-2025,26.5,81.5,AMETHI,UTTAR PRADESH,D680,AMETHI,1.75
22-01-2025,26.5,81.5,AMETHI,UTTAR PRADESH,D680,AMETHI,2.26
23-01-2025,26.5,81.5,AMETHI,UTTAR PRADESH,D680,AMETHI,2.64
24-01-2025,26.5,81.5,AMETHI,UTTAR PRADESH,D680,AMETHI,2.41
25-01-2025,26.5,81.5,AMETHI,UTTAR PRADESH,D680,AMETHI,2.28
26-01-2025,26.5,81.5,AMETHI,UTTAR PRADESH,D680,AMETHI,2.18
27-01-2025,26.5,81.5,AMETHI,UTTAR PRADESH,D680,AMETHI,2.25
28-01-2025,26.5,81.5,AMETHI,UTTAR PRADESH,D680,AMETHI,2.16
29-01-2025,26.5,81.5,AMETHI,UTTAR PRADESH,D680,AMETHI,2
30-01-2025,26.5,81.5,AMETHI,UTTAR PRADESH,D680,AMETHI,2.08
31-01-2025,26.5,81.5,AMETHI,UTTAR PRADESH,D680,AMETHI,2.37
01-02-2025,26.5,81.5,AMETHI,UTTAR PRADESH,D680,AMETHI,2.25
02-02-2025,26.5,81.5,AMETHI,UTTAR PRADESH,D680,AMETHI,1.89
03-02-2025,26.5,81.5,AMETHI,UTTAR PRADESH,D680,AMETHI,1.7
04-02-2025,26.5,81.5,AMETHI,UTTAR PRADESH,D680,AMETHI,1.72
05-02-2025,26.5,81.5,AMETHI,UTTAR PRADESH,D680,AMETHI,1.98
06-02-2025,26.5,81.5,AMETHI,UTTAR PRADESH,D680,AMETHI,1.9
07-02-2025,26.5,81.5,AMETHI,UTTAR PRADESH,D680,AMETHI,2.13
08-02-2025,26.5,81.5,AMETHI,UTTAR PRADESH,D680,AMETHI,2.17
09-02-2025,26.5,81.5,AMETHI,UTTAR PRADESH,D680,AMETHI,1.98
10-02-2025,26.5,81.5,AMETHI,UTTAR PRADESH,D680,AMETHI,2.09
11-02-2025,26.5,81.5,AMETHI,UTTAR PRADESH,D680,AMETHI,2.16
12-02-2025,26.5,81.5,AMETHI,UTTAR PRADESH,D680,AMETHI,2.25
13-02-2025,26.5,81.5,AMETHI,UTTAR PRADESH,D680,AMETHI,2.32
14-02-2025,26.5,81.5,AMETHI,UTTAR PRADESH,D680,AMETHI,2.23
15-02-2025,26.5,81.5,AMETHI,UTTAR PRADESH,D680,AMETHI,2.32
16-02-2025,26.5,81.5,AMETHI,UTTAR PRADESH,D680,AMETHI,1.66
17-02-2025,26.5,81.5,AMETHI,UTTAR PRADESH,D680,AMETHI,1.76
18-02-2025,26.5,81.5,AMETHI,UTTAR PRADESH,D680,AMETHI,2.22
19-02-2025,26.5,81.5,AMETHI,UTTAR PRADESH,D680,AMETHI,2.33
20-02-2025,26.5,81.5,AMETHI,UTTAR PRADESH,D680,AMETHI,2.42
21-02-2025,26.5,81.5,AMETHI,UTTAR PRADESH,D680,AMETHI,2.2
22-02-2025,26.5,81.5,AMETHI,UTTAR PRADESH,D680,AMETHI,1.67
23-02-2025,26.5,81.5,AMETHI,UTTAR PRADESH,D680,AMETHI,1.74
24-02-2025,26.5,81.5,AMETHI,UTTAR PRADESH,D680,AMETHI,1.97
25-02-2025,26.5,81.5,AMETHI,UTTAR PRADESH,D680,AMETHI,2.16
26-02-2025,26.5,81.5,AMETHI,UTTAR PRADESH,D680,AMETHI,1.97
27-02-2025,26.5,81.5,AMETHI,UTTAR PRADESH,D680,AMETHI,1.83
28-02-2025,26.5,81.5,AMETHI,UTTAR PRADESH,D680,AMETHI,2.12
29-02-2025,26.5,81.5,AMETHI,UTTAR PRADESH,D680,AMETHI,2.08
01-03-2025,26.5,81.5,AMETHI,UTTAR PRADESH,D680,AMETHI,2.27
02-03-2025,26.5,81.5,AMETHI,UTTAR PRADESH,D680,AMETHI,2.07
03-03-2025,26.5,81.5,AMETHI,UTTAR PRADESH,D680,AMETHI,2.07
04-03-2025,26.5,81.5,AMETHI,UTTAR PRADESH,D680,AMETHI,1.82
05-03-2025,26.5,81.5,AMETHI,UTTAR PRADESH,D680,AMETHI,2.34
06-03-2025,26.5,81.5,AMETHI,UTTAR PRADESH,D680,AMETHI,2.15
07-03-2025,26.5,81.5,AMETHI,UTTAR PRADESH,D680,AMETHI,2.14
08-03-2025,26.5,81.5,AMETHI,UTTAR PRADESH,D680,AMETHI,2.11
09-03-2025,26.5,81.5,AMETHI,UTTAR PRADESH,D680,AMETHI,2.27
10-03-2025,26.5,81.5,AMETHI,UTTAR PRADESH,D680,AMETHI,1.82
11-03-2025,26.5,81.5,AMETHI,UTTAR PRADESH,D680,AMETHI,1.79
12-03-2025,26.5,81.5,AMETHI,UTTAR PRADESH,D680,AMETHI,1.87
13-03-2025,26.5,81.5,AMETHI,UTTAR PRADESH,D680,AMETHI,1.79
14-03-2025,26.5,81.5,AMETHI,UTTAR PRADESH,D680,AMETHI,1.79
15-03-2025,26.5,81.5,AMETHI,UTTAR PRADESH,D680,AMETHI,2.03
16-03-2025,26.5,81.5,AMETHI,UTTAR PRADESH,D680,AMETHI,2.2
17-03-2025,26.5,81.5,AMETHI,UTTAR PRADESH,D680,AMETHI,2.01
18-03-2025,26.5,81.5,AMETHI,UTTAR PRADESH,D680,AMETHI,1.91
19-03-2025,26.5,81.5,AMETHI,UTTAR PRADESH,D680,AMETHI,1.93
20-03-2025,26.5,81.5,AMETHI,UTTAR PRADESH,D680,AMETHI,1.98
21-03-2025,26.5,81.5,AMETHI,UTTAR PRADESH,D680,AMETHI,1.86
22-03-2025,26.5,81.5,AMETHI,UTTAR PRADESH,D680,AMETHI,1.77
23-03-2025,26.5,81.5,AMETHI,UTTAR PRADESH,D680,AMETHI,1.64
24-03-2025,26.5,81.5,AMETHI,UTTAR PRADESH,D680,AMETHI,1.84
25-03-2025,26.5,81.5,AMETHI,UTTAR PRADESH,D680,AMETHI,2
26-03-2025,26.5,81.5,AMETHI,UTTAR PRADESH,D680,AMETHI,1.85
27-03-2025,26.5,81.5,AMETHI,UTTAR PRADESH,D680,AMETHI,2.07
28-03-2025,26.5,81.5,AMETHI,UTTAR PRADESH,D680,AMETHI,1.53
29-03-2025,26.5,81.5,AMETHI,UTTAR PRADESH,D680,AMETHI,1.56
30-03-2025,26.5,81.5,AMETHI,UTTAR PRADESH,D680,AMETHI,1.86
31-03-2025,26.5,81.5,AMETHI,UTTAR PRADESH,D680,AMETHI,1.84
01-04-2025,26.5,81.5,AMETHI,UTTAR PRADESH,D680,AMETHI,1.63
02-04-2025,26.5,81.5,AMETHI,UTTAR PRADESH,D680,AMETHI,1.65
03-04-2025,26.5,81.5,AMETHI,UTTAR PRADESH,D680,AMETHI,1.77
04-04-2025,26.5,81.5,AMETHI,UTTAR PRADESH,D680,AMETHI,2.27
05-04-2025,26.5,81.5,AMETHI,UTTAR PRADESH,D680,AMETHI,2.01
06-04-2025,26.5,81.5,AMETHI,UTTAR PRADESH,D680,AMETHI,2.01
07-04-2025,26.5,81.5,AMETHI,UTTAR PRADESH,D680,AMETHI,1.76
08-04-2025,26.5,81.5,AMETHI,UTTAR PRADESH,D680,AMETHI,1.63
09-04-2025,26.5,81.5,AMETHI,UTTAR PRADESH,D680,AMETHI,1.51
10-04-2025,26.5,81.5,AMETHI,UTTAR PRADESH,D680,AMETHI,1.78
11-04-2025,26.5,81.5,AMETHI,UTTAR PRADESH,D680,AMETHI,2.01
12-04-2025,26.5,81.5,AMETHI,UTTAR PRADESH,D680,AMETHI,1.94
13-04-2025,26.5,81.5,AMETHI,UTTAR PRADESH,D680,AMETHI,1.85
14-04-2025,26.5,81.5,AMETHI,UTTAR PRADESH,D680,AMETHI,1.57
15-04-2025,26.5,81.5,AMETHI,UTTAR PRADESH,D680,AMETHI,1.45
16-04-2025,26.5,81.5,AMETHI,UTTAR PRADESH,D680,AMETHI,1.55
17-04-2025,26.5,81.5,AMETHI,UTTAR PRADESH,D680,AMETHI,1.73
18-04-2025,26.5,81.5,AMETHI,UTTAR PRADESH,D680,AMETHI,2.05
19-04-2025,26.5,81.5,AMETHI,UTTAR PRADESH,D680,AMETHI,2.04
20-04-2025,26.5,81.5,AMETHI,UTTAR PRADESH,D680,AMETHI,2.26
21-04-2025,26.5,81.5,AMETHI,UTTAR PRADESH,D680,AMETHI,2.15
22-04-2025,26.5,81.5,AMETHI,UTTAR PRADESH,D680,AMETHI,2.15
23-04-2025,26.5,81.5,AMETHI,UTTAR PRADESH,D680,AMETHI,1.59
24-04-2025,26.5,81.5,AMETHI,UTTAR PRADESH,D680,AMETHI,1.54
25-04-2025,26.5,81.5,AMETHI,UTTAR PRADESH,D680,AMETHI,1.77
26-04-2025,26.5,81.5,AMETHI,UTTAR PRADESH,D680,AMETHI,1.77
27-04-2025,26.5,81.5,AMETHI,UTTAR PRADESH,D680,AMETHI,1.58
28-04-2025,26.5,81.5,AMETHI,UTTAR PRADESH,D680,AMETHI,1.27
29-04-2025,26.5,81.5,AMETHI,UTTAR PRADESH,D680,AMETHI,1.33
30-04-2025,26.5,81.5,AMETHI,UTTAR PRADESH,D680,AMETHI,1.4
01-05-2025,26.5,81.5,AMETHI,UTTAR PRADESH,D680,AMETHI,1.77
02-05-2025,26.5,81.5,AMETHI,UTTAR PRADESH,D680,AMETHI,1.82
03-05-2025,26.5,81.5,AMETHI,UTTAR PRADESH,D680,AMETHI,2.12
04-05-2025,26.5,81.5,AMETHI,UTTAR PRADESH,D680,AMETHI,2.12
05-05-2025,26.5,81.5,AMETHI,UTTAR PRADESH,D680,AMETHI,1.55
06-05-2025,26.5,81.5,AMETHI,UTTAR PRADESH,D680,AMETHI,1.57
07-05-2025,26.5,81.5,AMETHI,UTTAR PRADESH,D680,AMETHI,1.47
08-05-2025,26.5,81.5,AMETHI,UTTAR PRADESH,D680,AMETHI,1.49
09-05-2025,26.5,81.5,AMETHI,UTTAR PRADESH,D680,AMETHI,1.35
10-05-2025,26.5,81.5,AMETHI,UTTAR PRADESH,D680,AMETHI,2.01
11-05-2025,26.5,81.5,AMETHI,UTTAR PRADESH,D680,AMETHI,2.16
12-05-2025,26.5,81.5,AMETHI,UTTAR PRADESH,D680,AMETHI,1.96
13-05-2025,26.5,81.5,AMETHI,UTTAR PRADESH,D680,AMETHI,1.87
14-05-2025,26.5,81.5,AMETHI,UTTAR PRADESH,D680,AMETHI,1.93
15-05-2025,26.5,81.5,AMETHI,UTTAR PRADESH,D680,AMETHI,1.65
16-05-2025,26.5,81.5,AMETHI,UTTAR PRADESH,D680,AMETHI,1.76
17-05-2025,26.5,81.5,AMETHI,UTTAR PRADESH,D680,AMETHI,1.85
18-05-2025,26.5,81.5,AMETHI,UTTAR PRADESH,D680,AMETHI,1.74
19-05-2025,26.5,81.5,AMETHI,UTTAR PRADESH,D680,AMETHI,1.88
20-05-2025,26.5,81.5,AMETHI,UTTAR PRADESH,D680,AMETHI,1.87
21-05-2025,26.5,81.5,AMETHI,UTTAR PRADESH,D680,AMETHI,1.57
22-05-2025,26.5,81.5,AMETHI,UTTAR PRADESH,D680,AMETHI,1.51
23-05-2025,26.5,81.5,AMETHI,UTTAR PRADESH,D680,AMETHI,1.56
24-05-2025,26.5,81.5,AMETHI,UTTAR PRADESH,D680,AMETHI,1.79
25-05-2025,26.5,81.5,AMETHI,UTTAR PRADESH,D680,AMETHI,1.75
26-05-2025,26.5,81.5,AMETHI,UTTAR PRADESH,D680,AMETHI,2.21
27-05-2025,26.5,81.5,AMETHI,UTTAR PRADESH,D680,AMETHI,1.91
28-05-2025,26.5,81.5,AMETHI,UTTAR PRADESH,D680,AMETHI,1.87
29-05-2025,26.5,81.5,AMETHI,UTTAR PRADESH,D680,AMETHI,1.88
30-05-2025,26.5,81.5,AMETHI,UTTAR PRADESH,D680,AMETHI,2.06
31-05-2025,26.5,81.5,AMETHI,UTTAR PRADESH,D680,AMETHI,1.66
01-06-2025,26.5,81.5,AMETHI,UTTAR PRADESH,D680,AMETHI,1.46
02-06-2025,26.5,81.5,AMETHI,UTTAR PRADESH,D680,AMETHI,1.51
03-06-2025,26.5,81.5,AMETHI,UTTAR PRADESH,D680,AMETHI,1.4
04-06-2025,26.5,81.5,AMETHI,UTTAR PRADESH,D680,AMETHI,1.72
05-06-2025,26.5,81.5,AMETHI,UTTAR PRADESH,D680,AMETHI,1.96
06-06-2025,26.5,81.5,AMETHI,UTTAR PRADESH,D680,AMETHI,1.73
07-06-2025,26.5,81.5,AMETHI,UTTAR PRADESH,D680,AMETHI,1.42
08-06-2025,26.5,81.5,AMETHI,UTTAR PRADESH,D680,AMETHI,1.49
09-06-2025,26.5,81.5,AMETHI,UTTAR PRADESH,D680,AMETHI,1.62
10-06-2025,26.5,81.5,AMETHI,UTTAR PRADESH,D680,AMETHI,1.49
11-06-2025,26.5,81.5,AMETHI,UTTAR PRADESH,D680,AMETHI,1.59
12-06-2025,26.5,81.5,AMETHI,UTTAR PRADESH,D680,AMETHI,1.53
13-06-2025,26.5,81.5,AMETHI,UTTAR PRADESH,D680,AMETHI,1.38
14-06-2025,26.5,81.5,AMETHI,UTTAR PRADESH,D680,AMETHI,1.78
15-06-2025,26.5,81.5,AMETHI,UTTAR PRADESH,D680,AMETHI,2.01
16-06-2025,26.5,81.5,AMETHI,UTTAR PRADESH,D680,AMETHI,1.91
17-06-2025,26.5,81.5,AMETHI,UTTAR PRADESH,D680,AMETHI,1.73
18-06-2025,26.5,81.5,AMETHI,UTTAR PRADESH,D680,AMETHI,1.78
19-06-2025,26.5,81.5,AMETHI,UTTAR PRADESH,D680,AMETHI,1.87
20-06-2025,26.5,81.5,AMETHI,UTTAR PRADESH,D680,AMETHI,1.75
21-06-2025,26.5,81.5,AMETHI,UTTAR PRADESH,D680,AMETHI,1.59
22-06-2025,26.5,81.5,AMETHI,UTTAR PRADESH,D680,AMETHI,1.38
23-06-2025,26.5,81.5,AMETHI,UTTAR PRADESH,D680,AMETHI,1.44
24-06-2025,26.5,81.5,AMETHI,UTTAR PRADESH,D680,AMETHI,1.21
25-06-2025,26.5,81.5,AMETHI,UTTAR PRADESH,D680,AMETHI,1.17
26-06-2025,26.5,81.5,AMETHI,UTTAR PRADESH,D680,AMETHI,1.26
27-06-2025,26.5,81.5,AMETHI,UTTAR PRADESH,D680,AMETHI,1.36
28-06-2025,26.5,81.5,AMETHI,UTTAR PRADESH,D680,AMETHI,1.34
29-06-2025,26.5,81.5,AMETHI,UTTAR PRADESH,D680,AMETHI,1.45
30-06-2025,26.5,81.5,AMETHI,UTTAR PRADESH,D680,AMETHI,1.57
01-07-2025,26.5,81.5,AMETHI,UTTAR PRADESH,D680,AMETHI,1.38
02-07-2025,26.5,81.5,AMETHI,UTTAR PRADESH,D680,AMETHI,1.11
03-07-2025,26.5,81.5,AMETHI,UTTAR PRADESH,D680,AMETHI,0.95
04-07-2025,26.5,81.5,AMETHI,UTTAR PRADESH,D680,AMETHI,1.01
05-07-2025,26.5,81.5,AMETHI,UTTAR PRADESH,D680,AMETHI,1.13
06-07-2025,26.5,81.5,AMETHI,UTTAR PRADESH,D680,AMETHI,1.17
07-07-2025,26.5,81.5,AMETHI,UTTAR PRADESH,D680,AMETHI,1.19
08-07-2025,26.5,81.5,AMETHI,UTTAR PRADESH,D680,AMETHI,1.17
09-07-2025,26.5,81.5,AMETHI,UTTAR PRADESH,D680,AMETHI,1.4
10-07-2025,26.5,81.5,AMETHI,UTTAR PRADESH,D680,AMETHI,1.3
11-07-2025,26.5,81.5,AMETHI,UTTAR PRADESH,D680,AMETHI,1.26
12-07-2025,26.5,81.5,AMETHI,UTTAR PRADESH,D680,AMETHI,1.28
13-07-2025,26.5,81.5,AMETHI,UTTAR PRADESH,D680,AMETHI,0.99
14-07-2025,26.5,81.5,AMETHI,UTTAR PRADESH,D680,AMETHI,1.18
15-07-2025,26.5,81.5,AMETHI,UTTAR PRADESH,D680,AMETHI,1.01
16-07-2025,26.5,81.5,AMETHI,UTTAR PRADESH,D680,AMETHI,0.96
17-07-2025,26.5,81.5,AMETHI,UTTAR PRADESH,D680,AMETHI,1.15
18-07-2025,26.5,81.5,AMETHI,UTTAR PRADESH,D680,AMETHI,1.23
19-07-2025,26.5,81.5,AMETHI,UTTAR PRADESH,D680,AMETHI,0.94
20-07-2025,26.5,81.5,AMETHI,UTTAR PRADESH,D680,AMETHI,0.93
21-07-2025,26.5,81.5,AMETHI,UTTAR PRADESH,D680,AMETHI,1
22-07-2025,26.5,81.5,AMETHI,UTTAR PRADESH,D680,AMETHI,0.86
23-07-2025,26.5,81.5,AMETHI,UTTAR PRADESH,D680,AMETHI,0.85
24-07-2025,26.5,81.5,AMETHI,UTTAR PRADESH,D680,AMETHI,0.96
25-07-2025,26.5,81.5,AMETHI,UTTAR PRADESH,D680,AMETHI,1.09
26-07-2025,26.5,81.5,AMETHI,UTTAR PRADESH,D680,AMETHI,1.08
27-07-2025,26.5,81.5,AMETHI,UTTAR PRADESH,D680,AMETHI,1.19
28-07-2025,26.5,81.5,AMETHI,UTTAR PRADESH,D680,AMETHI,1.15
29-07-2025,26.5,81.5,AMETHI,UTTAR PRADESH,D680,AMETHI,0.8
30-07-2025,26.5,81.5,AMETHI,UTTAR PRADESH,D680,AMETHI,0.82
31-07-2025,26.5,81.5,AMETHI,UTTAR PRADESH,D680,AMETHI,0.93
01-08-2025,26.5,81.5,AMETHI,UTTAR PRADESH,D680,AMETHI,0.92
02-08-2025,26.5,81.5,AMETHI,UTTAR PRADESH,D680,AMETHI,0.94
03-08-2025,26.5,81.5,AMETHI,UTTAR PRADESH,D680,AMETHI,0.67
04-08-2025,26.5,81.5,AMETHI,UTTAR PRADESH,D680,AMETHI,0.77
05-08-2025,26.5,81.5,AMETHI,UTTAR PRADESH,D680,AMETHI,0.68
06-08-2025,26.5,81.5,AMETHI,UTTAR PRADESH,D680,AMETHI,0.67
07-08-2025,26.5,81.5,AMETHI,UTTAR PRADESH,D680,AMETHI,0.72
08-08-2025,26.5,81.5,AMETHI,UTTAR PRADESH,D680,AMETHI,0.79
09-08-2025,26.5,81.5,AMETHI,UTTAR PRADESH,D680,AMETHI,0.67
10-08-2025,26.5,81.5,AMETHI,UTTAR PRADESH,D680,AMETHI,0.79
11-08-2025,26.5,81.5,AMETHI,UTTAR PRADESH,D680,AMETHI,0.69
12-08-2025,26.5,81.5,AMETHI,UTTAR PRADESH,D680,AMETHI,0.66
13-08-2025,26.5,81.5,AMETHI,UTTAR PRADESH,D680,AMETHI,0.68
14-08-2025,26.5,81.5,AMETHI,UTTAR PRADESH,D680,AMETHI,0.72
15-08-2025,26.5,81.5,AMETHI,UTTAR PRADESH,D680,AMETHI,0.66
16-08-2025,26.5,81.5,AMETHI,UTTAR PRADESH,D680,AMETHI,0.68
17-08-2025,26.5,81.5,AMETHI,UTTAR PRADESH,D680,AMETHI,0.84
18-08-2025,26.5,81.5,AMETHI,UTTAR PRADESH,D680,AMETHI,0.71
19-08-2025,26.5,81.5,AMETHI,UTTAR PRADESH,D680,AMETHI,0.78
20-08-2025,26.5,81.5,AMETHI,UTTAR PRADESH,D680,AMETHI,0.77
21-08-2025,26.5,81.5,AMETHI,UTTAR PRADESH,D680,AMETHI,0.7
22-08-2025,26.5,81.5,AMETHI,UTTAR PRADESH,D680,AMETHI,0.76
23-08-2025,26.5,81.5,AMETHI,UTTAR PRADESH,D680,AMETHI,0.76
24-08-2025,26.5,81.5,AMETHI,UTTAR PRADESH,D680,AMETHI,0.62
25-08-2025,26.5,81.5,AMETHI,UTTAR PRADESH,D680,AMETHI,0.64
26-08-2025,26.5,81.5,AMETHI,UTTAR PRADESH,D680,AMETHI,0.77
27-08-2025,26.5,81.5,AMETHI,UTTAR PRADESH,D680,AMETHI,0.7
28-08-2025,26.5,81.5,AMETHI,UTTAR PRADESH,D680,AMETHI,0.82
29-08-2025,26.5,81.5,AMETHI,UTTAR PRADESH,D680,AMETHI,0.72
30-08-2025,26.5,81.5,AMETHI,UTTAR PRADESH,D680,AMETHI,0.82
31-08-2025,26.5,81.5,AMETHI,UTTAR PRADESH,D680,AMETHI,0.73
01-09-2025,26.5,81.5,AMETHI,UTTAR PRADESH,D680,AMETHI,0.98
02-09-2025,26.5,81.5,AMETHI,UTTAR PRADESH,D680,AMETHI,0.99
03-09-2025,26.5,81.5,AMETHI,UTTAR PRADESH,D680,AMETHI,0.86
04-09-2025,26.5,81.5,AMETHI,UTTAR PRADESH,D680,AMETHI,0.64
05-09-2025,26.5,81.5,AMETHI,UTTAR PRADESH,D680,AMETHI,0.7
06-09-2025,26.5,81.5,AMETHI,UTTAR PRADESH,D680,AMETHI,0.85
07-09-2025,26.5,81.5,AMETHI,UTTAR PRADESH,D680,AMETHI,0.74
08-09-2025,26.5,81.5,AMETHI,UTTAR PRADESH,D680,AMETHI,0.86
09-09-2025,26.5,81.5,AMETHI,UTTAR PRADESH,D680,AMETHI,0.9
10-09-2025,26.5,81.5,AMETHI,UTTAR PRADESH,D680,AMETHI,0.78
11-09-2025,26.5,81.5,AMETHI,UTTAR PRADESH,D680,AMETHI,0.73
12-09-2025,26.5,81.5,AMETHI,UTTAR PRADESH,D680,AMETHI,0.7
13-09-2025,26.5,81.5,AMETHI,UTTAR PRADESH,D680,AMETHI,0.73
14-09-2025,26.5,81.5,AMETHI,UTTAR PRADESH,D680,AMETHI,0.86
15-09-2025,26.5,81.5,AMETHI,UTTAR PRADESH,D680,AMETHI,0.81
16-09-2025,26.5,81.5,AMETHI,UTTAR PRADESH,D680,AMETHI,0.79
17-09-2025,26.5,81.5,AMETHI,UTTAR PRADESH,D680,AMETHI,0.86
18-09-2025,26.5,81.5,AMETHI,UTTAR PRADESH,D680,AMETHI,0.81
19-09-2025,26.5,81.5,AMETHI,UTTAR PRADESH,D680,AMETHI,0.86
20-09-2025,26.5,81.5,AMETHI,UTTAR PRADESH,D680,AMETHI,0.84
21-09-2025,26.5,81.5,AMETHI,UTTAR PRADESH,D680,AMETHI,0.83
22-09-2025,26.5,81.5,AMETHI,UTTAR PRADESH,D680,AMETHI,0.84
23-09-2025,26.5,81.5,AMETHI,UTTAR PRADESH,D680,AMETHI,0.79
24-09-2025,26.5,81.5,AMETHI,UTTAR PRADESH,D680,AMETHI,0.82
25-09-2025,26.5,81.5,AMETHI,UTTAR PRADESH,D680,AMETHI,1
26-09-2025,26.5,81.5,AMETHI,UTTAR PRADESH,D680,AMETHI,0.94
27-09-2025,26.5,81.5,AMETHI,UTTAR PRADESH,D680,AMETHI,1.01
28-09-2025,26.5,81.5,AMETHI,UTTAR PRADESH,D680,AMETHI,1.05
29-09-2025,26.5,81.5,AMETHI,UTTAR PRADESH,D680,AMETHI,1.01
30-09-2025,26.5,81.5,AMETHI,UTTAR PRADESH,D680,AMETHI,1.29
01-10-2025,26.5,81.5,AMETHI,UTTAR PRADESH,D680,AMETHI,1.2
02-10-2025,26.5,81.5,AMETHI,UTTAR PRADESH,D680,AMETHI,1.19
03-10-2025,26.5,81.5,AMETHI,UTTAR PRADESH,D680,AMETHI,1.27
04-10-2025,26.5,81.5,AMETHI,UTTAR PRADESH,D680,AMETHI,1.19
05-10-2025,26.5,81.5,AMETHI,UTTAR PRADESH,D680,AMETHI,1.17
06-10-2025,26.5,81.5,AMETHI,UTTAR PRADESH,D680,AMETHI,1.13
07-10-2025,26.5,81.5,AMETHI,UTTAR PRADESH,D680,AMETHI,1.44
08-10-2025,26.5,81.5,AMETHI,UTTAR PRADESH,D680,AMETHI,1.5
09-10-2025,26.5,81.5,AMETHI,UTTAR PRADESH,D680,AMETHI,1.39
10-10-2025,26.5,81.5,AMETHI,UTTAR PRADESH,D680,AMETHI,1.34
11-10-2025,26.5,81.5,AMETHI,UTTAR PRADESH,D680,AMETHI,1.36
12-10-2025,26.5,81.5,AMETHI,UTTAR PRADESH,D680,AMETHI,1.65
13-10-2025,26.5,81.5,AMETHI,UTTAR PRADESH,D680,AMETHI,1.76
14-10-2025,26.5,81.5,AMETHI,UTTAR PRADESH,D680,AMETHI,1.75
15-10-2025,26.5,81.5,AMETHI,UTTAR PRADESH,D680,AMETHI,1.87
16-10-2025,26.5,81.5,AMETHI,UTTAR PRADESH,D680,AMETHI,1.79
17-10-2025,26.5,81.5,AMETHI,UTTAR PRADESH,D680,AMETHI,1.88
18-10-2025,26.5,81.5,AMETHI,UTTAR PRADESH,D680,AMETHI,1.71
19-10-2025,26.5,81.5,AMETHI,UTTAR PRADESH,D680,AMETHI,1.73
20-10-2025,26.5,81.5,AMETHI,UTTAR PRADESH,D680,AMETHI,1.79
21-10-2025,26.5,81.5,AMETHI,UTTAR PRADESH,D680,AMETHI,1.68
22-10-2025,26.5,81.5,AMETHI,UTTAR PRADESH,D680,AMETHI,1.61
23-10-2025,26.5,81.5,AMETHI,UTTAR PRADESH,D680,AMETHI,1.74
24-10-2025,26.5,81.5,AMETHI,UTTAR PRADESH,D680,AMETHI,1.82
25-10-2025,26.5,81.5,AMETHI,UTTAR PRADESH,D680,AMETHI,1.79
26-10-2025,26.5,81.5,AMETHI,UTTAR PRADESH,D680,AMETHI,1.66
27-10-2025,26.5,81.5,AMETHI,UTTAR PRADESH,D680,AMETHI,1.51
28-10-2025,26.5,81.5,AMETHI,UTTAR PRADESH,D680,AMETHI,1.68
29-10-2025,26.5,81.5,AMETHI,UTTAR PRADESH,D680,AMETHI,1.71
30-10-2025,26.5,81.5,AMETHI,UTTAR PRADESH,D680,AMETHI,1.95
31-10-2025,26.5,81.5,AMETHI,UTTAR PRADESH,D680,AMETHI,1.6
01-11-2025,26.5,81.5,AMETHI,UTTAR PRADESH,D680,AMETHI,1.78
02-11-2025,26.5,81.5,AMETHI,UTTAR PRADESH,D680,AMETHI,1.64
03-11-2025,26.5,81.5,AMETHI,UTTAR PRADESH,D680,AMETHI,1.62
04-11-2025,26.5,81.5,AMETHI,UTTAR PRADESH,D680,AMETHI,1.8
05-11-2025,26.5,81.5,AMETHI,UTTAR PRADESH,D680,AMETHI,1.75
06-11-2025,26.5,81.5,AMETHI,UTTAR PRADESH,D680,AMETHI,1.77
07-11-2025,26.5,81.5,AMETHI,UTTAR PRADESH,D680,AMETHI,1.83
08-11-2025,26.5,81.5,AMETHI,UTTAR PRADESH,D680,AMETHI,1.92
09-11-2025,26.5,81.5,AMETHI,UTTAR PRADESH,D680,AMETHI,2.11
10-11-2025,26.5,81.5,AMETHI,UTTAR PRADESH,D680,AMETHI,2.16
11-11-2025,26.5,81.5,AMETHI,UTTAR PRADESH,D680,AMETHI,1.98
12-11-2025,26.5,81.5,AMETHI,UTTAR PRADESH,D680,AMETHI,1.87
13-11-2025,26.5,81.5,AMETHI,UTTAR PRADESH,D680,AMETHI,1.75
14-11-2025,26.5,81.5,AMETHI,UTTAR PRADESH,D680,AMETHI,2
15-11-2025,26.5,81.5,AMETHI,UTTAR PRADESH,D680,AMETHI,1.99
16-11-2025,26.5,81.5,AMETHI,UTTAR PRADESH,D680,AMETHI,2.31
17-11-2025,26.5,81.5,AMETHI,UTTAR PRADESH,D680,AMETHI,2.13
18-11-2025,26.5,81.5,AMETHI,UTTAR PRADESH,D680,AMETHI,2.32
19-11-2025,26.5,81.5,AMETHI,UTTAR PRADESH,D680,AMETHI,2.14
20-11-2025,26.5,81.5,AMETHI,UTTAR PRADESH,D680,AMETHI,1.91
21-11-2025,26.5,81.5,AMETHI,UTTAR PRADESH,D680,AMETHI,1.67
22-11-2025,26.5,81.5,AMETHI,UTTAR PRADESH,D680,AMETHI,1.57
23-11-2025,26.5,81.5,AMETHI,UTTAR PRADESH,D680,AMETHI,1.72
24-11-2025,26.5,81.5,AMETHI,UTTAR PRADESH,D680,AMETHI,1.69
25-11-2025,26.5,81.5,AMETHI,UTTAR PRADESH,D680,AMETHI,1.74
26-11-2025,26.5,81.5,AMETHI,UTTAR PRADESH,D680,AMETHI,1.88
27-11-2025,26.5,81.5,AMETHI,UTTAR PRADESH,D680,AMETHI,1.95
28-11-2025,26.5,81.5,AMETHI,UTTAR PRADESH,D680,AMETHI,1.86
29-11-2025,26.5,81.5,AMETHI,UTTAR PRADESH,D680,AMETHI,1.82
30-11-2025,26.5,81.5,AMETHI,UTTAR PRADESH,D680,AMETHI,1.93
01-12-2025,26.5,81.5,AMETHI,UTTAR PRADESH,D680,AMETHI,2.03
02-12-2025,26.5,81.5,AMETHI,UTTAR PRADESH,D680,AMETHI,2.17
03-12-2025,26.5,81.5,AMETHI,UTTAR PRADESH,D680,AMETHI,2.25
04-12-2025,26.5,81.5,AMETHI,UTTAR PRADESH,D680,AMETHI,1.91
05-12-2025,26.5,81.5,AMETHI,UTTAR PRADESH,D680,AMETHI,1.7
06-12-2025,26.5,81.5,AMETHI,UTTAR PRADESH,D680,AMETHI,1.99
07-12-2025,26.5,81.5,AMETHI,UTTAR PRADESH,D680,AMETHI,2.01
08-12-2025,26.5,81.5,AMETHI,UTTAR PRADESH,D680,AMETHI,2
09-12-2025,26.5,81.5,AMETHI,UTTAR PRADESH,D680,AMETHI,2.04
10-12-2025,26.5,81.5,AMETHI,UTTAR PRADESH,D680,AMETHI,2.17
11-12-2025,26.5,81.5,AMETHI,UTTAR PRADESH,D680,AMETHI,2.01
12-12-2025,26.5,81.5,AMETHI,UTTAR PRADESH,D680,AMETHI,2.21
13-12-2025,26.5,81.5,AMETHI,UTTAR PRADESH,D680,AMETHI,2.23
14-12-2025,26.5,81.5,AMETHI,UTTAR PRADESH,D680,AMETHI,2.14
15-12-2025,26.5,81.5,AMETHI,UTTAR PRADESH,D680,AMETHI,1.99
16-12-2025,26.5,81.5,AMETHI,UTTAR PRADESH,D680,AMETHI,1.88
17-12-2025,26.5,81.5,AMETHI,UTTAR PRADESH,D680,AMETHI,1.88
18-12-2025,26.5,81.5,AMETHI,UTTAR PRADESH,D680,AMETHI,1.75
19-12-2025,26.5,81.5,AMETHI,UTTAR PRADESH,D680,AMETHI,2.12
20-12-2025,26.5,81.5,AMETHI,UTTAR PRADESH,D680,AMETHI,2.1
21-12-2025,26.5,81.5,AMETHI,UTTAR PRADESH,D680,AMETHI,2.06
22-12-2025,26.5,81.5,AMETHI,UTTAR PRADESH,D680,AMETHI,2.23
23-12-2025,26.5,81.5,AMETHI,UTTAR PRADESH,D680,AMETHI,2.01
24-12-2025,26.5,81.5,AMETHI,UTTAR PRADESH,D680,AMETHI,1.67
25-12-2025,26.5,81.5,AMETHI,UTTAR PRADESH,D680,AMETHI,1.72
26-12-2025,26.5,81.5,AMETHI,UTTAR PRADESH,D680,AMETHI,1.72
27-12-2025,26.5,81.5,AMETHI,UTTAR PRADESH,D680,AMETHI,1.69
28-12-2025,26.5,81.5,AMETHI,UTTAR PRADESH,D680,AMETHI,2.04
29-12-2025,26.5,81.5,AMETHI,UTTAR PRADESH,D680,AMETHI,1.98
30-12-2025,26.5,81.5,AMETHI,UTTAR PRADESH,D680,AMETHI,1.95
31-12-2025,26.5,81.5,AMETHI,UTTAR PRADESH,D680,AMETHI,2.34
01-01-2025,26.5,79.5,AURAIYA,UTTAR PRADESH,D682,AURAIYA,2.56
02-01-2025,26.5,79.5,AURAIYA,UTTAR PRADESH,D682,AURAIYA,2.11
03-01-2025,26.5,79.5,AURAIYA,UTTAR PRADESH,D682,AURAIYA,2.51
04-01-2025,26.5,79.5,AURAIYA,UTTAR PRADESH,D682,AURAIYA,2.41
05-01-2025,26.5,79.5,AURAIYA,UTTAR PRADESH,D682,AURAIYA,2.23
06-01-2025,26.5,79.5,AURAIYA,UTTAR PRADESH,D682,AURAIYA,2.47
07-01-2025,26.5,79.5,AURAIYA,UTTAR PRADESH,D682,AURAIYA,3.05
08-01-2025,26.5,79.5,AURAIYA,UTTAR PRADESH,D682,AURAIYA,3.06
09-01-2025,26.5,79.5,AURAIYA,UTTAR PRADESH,D682,AURAIYA,2.82
10-01-2025,26.5,79.5,AURAIYA,UTTAR PRADESH,D682,AURAIYA,2.5
11-01-2025,26.5,79.5,AURAIYA,UTTAR PRADESH,D682,AURAIYA,2.11
12-01-2025,26.5,79.5,AURAIYA,UTTAR PRADESH,D682,AURAIYA,1.9
13-01-2025,26.5,79.5,AURAIYA,UTTAR PRADESH,D682,AURAIYA,2.17
14-01-2025,26.5,79.5,AURAIYA,UTTAR PRADESH,D682,AURAIYA,2.24
15-01-2025,26.5,79.5,AURAIYA,UTTAR PRADESH,D682,AURAIYA,2.24
16-01-2025,26.5,79.5,AURAIYA,UTTAR PRADESH,D682,AURAIYA,2.63
17-01-2025,26.5,79.5,AURAIYA,UTTAR PRADESH,D682,AURAIYA,2.87
18-01-2025,26.5,79.5,AURAIYA,UTTAR PRADESH,D682,AURAIYA,2.97
19-01-2025,26.5,79.5,AURAIYA,UTTAR PRADESH,D682,AURAIYA,2.38
20-01-2025,26.5,79.5,AURAIYA,UTTAR PRADESH,D682,AURAIYA,1.94
21-01-2025,26.5,79.5,AURAIYA,UTTAR PRADESH,D682,AURAIYA,1.77
22-01-2025,26.5,79.5,AURAIYA,UTTAR PRADESH,D682,AURAIYA,2.14
23-01-2025,26.5,79.5,AURAIYA,UTTAR PRADESH,D682,AURAIYA,2.53
24-01-2025,26.5,79.5,AURAIYA,UTTAR PRADESH,D682,AURAIYA,2.16
25-01-2025,26.5,79.5,AURAIYA,UTTAR PRADESH,D682,AURAIYA,2.18
26-01-2025,26.5,79.5,AURAIYA,UTTAR PRADESH,D682,AURAIYA,2.12
27-01-2025,26.5,79.5,AURAIYA,UTTAR PRADESH,D682,AURAIYA,2.02
28-01-2025,26.5,79.5,AURAIYA,UTTAR PRADESH,D682,AURAIYA,2.01
29-01-2025,26.5,79.5,AURAIYA,UTTAR PRADESH,D682,AURAIYA,2.2
30-01-2025,26.5,79.5,AURAIYA,UTTAR PRADESH,D682,AURAIYA,2.26
31-01-2025,26.5,79.5,AURAIYA,UTTAR PRADESH,D682,AURAIYA,2.43
01-02-2025,26.5,79.5,AURAIYA,UTTAR PRADESH,D682,AURAIYA,2.2
02-02-2025,26.5,79.5,AURAIYA,UTTAR PRADESH,D682,AURAIYA,1.98
03-02-2025,26.5,79.5,AURAIYA,UTTAR PRADESH,D682,AURAIYA,1.67
04-02-2025,26.5,79.5,AURAIYA,UTTAR PRADESH,D682,AURAIYA,1.97
05-02-2025,26.5,79.5,AURAIYA,UTTAR PRADESH,D682,AURAIYA,2.18
06-02-2025,26.5,79.5,AURAIYA,UTTAR PRADESH,D682,AURAIYA,2.12
07-02-2025,26.5,79.5,AURAIYA,UTTAR PRADESH,D682,AURAIYA,2.24
08-02-2025,26.5,79.5,AURAIYA,UTTAR PRADESH,D682,AURAIYA,2.04
09-02-2025,26.5,79.5,AURAIYA,UTTAR PRADESH,D682,AURAIYA,2.24
10-02-2025,26.5,79.5,AURAIYA,UTTAR PRADESH,D682,AURAIYA,2.3
11-02-2025,26.5,79.5,AURAIYA,UTTAR PRADESH,D682,AURAIYA,2.32
12-02-2025,26.5,79.5,AURAIYA,UTTAR PRADESH,D682,AURAIYA,2.32
13-02-2025,26.5,79.5,AURAIYA,UTTAR PRADESH,D682,AURAIYA,2.22
14-02-2025,26.5,79.5,AURAIYA,UTTAR PRADESH,D682,AURAIYA,2.33
15-02-2025,26.5,79.5,AURAIYA,UTTAR PRADESH,D682,AURAIYA,2.35
16-02-2025,26.5,79.5,AURAIYA,UTTAR PRADESH,D682,AURAIYA,1.83
17-02-2025,26.5,79.5,AURAIYA,UTTAR PRADESH,D682,AURAIYA,1.95
18-02-2025,26.5,79.5,AURAIYA,UTTAR PRADESH,D682,AURAIYA,2.27
19-02-2025,26.5,79.5,AURAIYA,UTTAR PRADESH,D682,AURAIYA,2.3
20-02-2025,26.5,79.5,AURAIYA,UTTAR PRADESH,D682,AURAIYA,2.51
21-02-2025,26.5,79.5,AURAIYA,UTTAR PRADESH,D682,AURAIYA,2.22
22-02-2025,26.5,79.5,AURAIYA,UTTAR PRADESH,D682,AURAIYA,1.82
23-02-2025,26.5,79.5,AURAIYA,UTTAR PRADESH,D682,AURAIYA,2.11
24-02-2025,26.5,79.5,AURAIYA,UTTAR PRADESH,D682,AURAIYA,2.26
25-02-2025,26.5,79.5,AURAIYA,UTTAR PRADESH,D682,AURAIYA,2.36
26-02-2025,26.5,79.5,AURAIYA,UTTAR PRADESH,D682,AURAIYA,2.08
27-02-2025,26.5,79.5,AURAIYA,UTTAR PRADESH,D682,AURAIYA,2.11
28-02-2025,26.5,79.5,AURAIYA,UTTAR PRADESH,D682,AURAIYA,2.3
29-02-2025,26.5,79.5,AURAIYA,UTTAR PRADESH,D682,AURAIYA,2.18
01-03-2025,26.5,79.5,AURAIYA,UTTAR PRADESH,D682,AURAIYA,2.38
02-03-2025,26.5,79.5,AURAIYA,UTTAR PRADESH,D682,AURAIYA,2.15
03-03-2025,26.5,79.5,AURAIYA,UTTAR PRADESH,D682,AURAIYA,2.16
04-03-2025,26.5,79.5,AURAIYA,UTTAR PRADESH,D682,AURAIYA,2.12
05-03-2025,26.5,79.5,AURAIYA,UTTAR PRADESH,D682,AURAIYA,2.41
06-03-2025,26.5,79.5,AURAIYA,UTTAR PRADESH,D682,AURAIYA,2.27
07-03-2025,26.5,79.5,AURAIYA,UTTAR PRADESH,D682,AURAIYA,2.18
08-03-2025,26.5,79.5,AURAIYA,UTTAR PRADESH,D682,AURAIYA,2.16
09-03-2025,26.5,79.5,AURAIYA,UTTAR PRADESH,D682,AURAIYA,2.27
10-03-2025,26.5,79.5,AURAIYA,UTTAR PRADESH,D682,AURAIYA,1.85
11-03-2025,26.5,79.5,AURAIYA,UTTAR PRADESH,D682,AURAIYA,1.86
12-03-2025,26.5,79.5,AURAIYA,UTTAR PRADESH,D682,AURAIYA,1.98
13-03-2025,26.5,79.5,AURAIYA,UTTAR PRADESH,D682,AURAIYA,1.87
14-03-2025,26.5,79.5,AURAIYA,UTTAR PRADESH,D682,AURAIYA,1.97
15-03-2025,26.5,79.5,AURAIYA,UTTAR PRADESH,D682,AURAIYA,2.22
16-03-2025,26.5,79.5,AURAIYA,UTTAR PRADESH,D682,AURAIYA,2.32
17-03-2025,26.5,79.5,AURAIYA,UTTAR PRADESH,D682,AURAIYA,1.85
18-03-2025,26.5,79.5,AURAIYA,UTTAR PRADESH,D682,AURAIYA,2
19-03-2025,26.5,79.5,AURAIYA,UTTAR PRADESH,D682,AURAIYA,2.09
20-03-2025,26.5,79.5,AURAIYA,UTTAR PRADESH,D682,AURAIYA,2.14
21-03-2025,26.5,79.5,AURAIYA,UTTAR PRADESH,D682,AURAIYA,1.92
22-03-2025,26.5,79.5,AURAIYA,UTTAR PRADESH,D682,AURAIYA,1.9
23-03-2025,26.5,79.5,AURAIYA,UTTAR PRADESH,D682,AURAIYA,1.87
24-03-2025,26.5,79.5,AURAIYA,UTTAR PRADESH,D682,AURAIYA,1.99
25-03-2025,26.5,79.5,AURAIYA,UTTAR PRADESH,D682,AURAIYA,2.08
26-03-2025,26.5,79.5,AURAIYA,UTTAR PRADESH,D682,AURAIYA,1.86
27-03-2025,26.5,79.5,AURAIYA,UTTAR PRADESH,D682,AURAIYA,1.89
28-03-2025,26.5,79.5,AURAIYA,UTTAR PRADESH,D682,AURAIYA,1.33
29-03-2025,26.5,79.5,AURAIYA,UTTAR PRADESH,D682,AURAIYA,1.67
30-03-2025,26.5,79.5,AURAIYA,UTTAR PRADESH,D682,AURAIYA,1.66
31-03-2025,26.5,79.5,AURAIYA,UTTAR PRADESH,D682,AURAIYA,1.85
01-04-2025,26.5,79.5,AURAIYA,UTTAR PRADESH,D682,AURAIYA,1.86
02-04-2025,26.5,79.5,AURAIYA,UTTAR PRADESH,D682,AURAIYA,1.84
03-04-2025,26.5,79.5,AURAIYA,UTTAR PRADESH,D682,AURAIYA,2
04-04-2025,26.5,79.5,AURAIYA,UTTAR PRADESH,D682,AURAIYA,2.28
05-04-2025,26.5,79.5,AURAIYA,UTTAR PRADESH,D682,AURAIYA,2.05
06-04-2025,26.5,79.5,AURAIYA,UTTAR PRADESH,D682,AURAIYA,2.06
07-04-2025,26.5,79.5,AURAIYA,UTTAR PRADESH,D682,AURAIYA,1.89
08-04-2025,26.5,79.5,AURAIYA,UTTAR PRADESH,D682,AURAIYA,1.59
09-04-2025,26.5,79.5,AURAIYA,UTTAR PRADESH,D682,AURAIYA,1.57
10-04-2025,26.5,79.5,AURAIYA,UTTAR PRADESH,D682,AURAIYA,2.16
11-04-2025,26.5,79.5,AURAIYA,UTTAR PRADESH,D682,AURAIYA,2.07
12-04-2025,26.5,79.5,AURAIYA,UTTAR PRADESH,D682,AURAIYA,1.87
13-04-2025,26.5,79.5,AURAIYA,UTTAR PRADESH,D682,AURAIYA,2.01
14-04-2025,26.5,79.5,AURAIYA,UTTAR PRADESH,D682,AURAIYA,1.76
15-04-2025,26.5,79.5,AURAIYA,UTTAR PRADESH,D682,AURAIYA,1.72
16-04-2025,26.5,79.5,AURAIYA,UTTAR PRADESH,D682,AURAIYA,1.78
17-04-2025,26.5,79.5,AURAIYA,UTTAR PRADESH,D682,AURAIYA,2.03
18-04-2025,26.5,79.5,AURAIYA,UTTAR PRADESH,D682,AURAIYA,2.19
19-04-2025,26.5,79.5,AURAIYA,UTTAR PRADESH,D682,AURAIYA,2.14
20-04-2025,26.5,79.5,AURAIYA,UTTAR PRADESH,D682,AURAIYA,2.26
21-04-2025,26.5,79.5,AURAIYA,UTTAR PRADESH,D682,AURAIYA,2.19
22-04-2025,26.5,79.5,AURAIYA,UTTAR PRADESH,D682,AURAIYA,2.18
23-04-2025,26.5,79.5,AURAIYA,UTTAR PRADESH,D682,AURAIYA,1.6
24-04-2025,26.5,79.5,AURAIYA,UTTAR PRADESH,D682,AURAIYA,1.55
25-04-2025,26.5,79.5,AURAIYA,UTTAR PRADESH,D682,AURAIYA,1.87
26-04-2025,26.5,79.5,AURAIYA,UTTAR PRADESH,D682,AURAIYA,1.59
27-04-2025,26.5,79.5,AURAIYA,UTTAR PRADESH,D682,AURAIYA,1.55
28-04-2025,26.5,79.5,AURAIYA,UTTAR PRADESH,D682,AURAIYA,1.38
29-04-2025,26.5,79.5,AURAIYA,UTTAR PRADESH,D682,AURAIYA,1.28
30-04-2025,26.5,79.5,AURAIYA,UTTAR PRADESH,D682,AURAIYA,1.35
01-05-2025,26.5,79.5,AURAIYA,UTTAR PRADESH,D682,AURAIYA,1.86
02-05-2025,26.5,79.5,AURAIYA,UTTAR PRADESH,D682,AURAIYA,2.06
03-05-2025,26.5,79.5,AURAIYA,UTTAR PRADESH,D682,AURAIYA,2.29
04-05-2025,26.5,79.5,AURAIYA,UTTAR PRADESH,D682,AURAIYA,2.03
05-05-2025,26.5,79.5,AURAIYA,UTTAR PRADESH,D682,AURAIYA,1.59
06-05-2025,26.5,79.5,AURAIYA,UTTAR PRADESH,D682,AURAIYA,1.64
07-05-2025,26.5,79.5,AURAIYA,UTTAR PRADESH,D682,AURAIYA,1.68
08-05-2025,26.5,79.5,AURAIYA,UTTAR PRADESH,D682,AURAIYA,1.56
09-05-2025,26.5,79.5,AURAIYA,UTTAR PRADESH,D682,AURAIYA,1.53
10-05-2025,26.5,79.5,AURAIYA,UTTAR PRADESH,D682,AURAIYA,2.18
11-05-2025,26.5,79.5,AURAIYA,UTTAR PRADESH,D682,AURAIYA,2.24
12-05-2025,26.5,79.5,AURAIYA,UTTAR PRADESH,D682,AURAIYA,1.99
13-05-2025,26.5,79.5,AURAIYA,UTTAR PRADESH,D682,AURAIYA,1.79
14-05-2025,26.5,79.5,AURAIYA,UTTAR PRADESH,D682,AURAIYA,1.87
15-05-2025,26.5,79.5,AURAIYA,UTTAR PRADESH,D682,AURAIYA,1.74
16-05-2025,26.5,79.5,AURAIYA,UTTAR PRADESH,D682,AURAIYA,1.78
17-05-2025,26.5,79.5,AURAIYA,UTTAR PRADESH,D682,AURAIYA,1.93
18-05-2025,26.5,79.5,AURAIYA,UTTAR PRADESH,D682,AURAIYA,1.89
19-05-2025,26.5,79.5,AURAIYA,UTTAR PRADESH,D682,AURAIYA,2.11
20-05-2025,26.5,79.5,AURAIYA,UTTAR PRADESH,D682,AURAIYA,2.06
21-05-2025,26.5,79.5,AURAIYA,UTTAR PRADESH,D682,AURAIYA,1.81
22-05-2025,26.5,79.5,AURAIYA,UTTAR PRADESH,D682,AURAIYA,1.91
23-05-2025,26.5,79.5,AURAIYA,UTTAR PRADESH,D682,AURAIYA,1.73
24-05-2025,26.5,79.5,AURAIYA,UTTAR PRADESH,D682,AURAIYA,1.95
25-05-2025,26.5,79.5,AURAIYA,UTTAR PRADESH,D682,AURAIYA,1.77
26-05-2025,26.5,79.5,AURAIYA,UTTAR PRADESH,D682,AURAIYA,2.44
27-05-2025,26.5,79.5,AURAIYA,UTTAR PRADESH,D682,AURAIYA,1.89
28-05-2025,26.5,79.5,AURAIYA,UTTAR PRADESH,D682,AURAIYA,2.12
29-05-2025,26.5,79.5,AURAIYA,UTTAR PRADESH,D682,AURAIYA,1.98
30-05-2025,26.5,79.5,AURAIYA,UTTAR PRADESH,D682,AURAIYA,2.16
31-05-2025,26.5,79.5,AURAIYA,UTTAR PRADESH,D682,AURAIYA,1.82
01-06-2025,26.5,79.5,AURAIYA,UTTAR PRADESH,D682,AURAIYA,1.78
02-06-2025,26.5,79.5,AURAIYA,UTTAR PRADESH,D682,AURAIYA,1.88
03-06-2025,26.5,79.5,AURAIYA,UTTAR PRADESH,D682,AURAIYA,1.68
04-06-2025,26.5,79.5,AURAIYA,UTTAR PRADESH,D682,AURAIYA,1.87
05-06-2025,26.5,79.5,AURAIYA,UTTAR PRADESH,D682,AURAIYA,2.04
06-06-2025,26.5,79.5,AURAIYA,UTTAR PRADESH,D682,AURAIYA,1.77
07-06-2025,26.5,79.5,AURAIYA,UTTAR PRADESH,D682,AURAIYA,1.63
08-06-2025,26.5,79.5,AURAIYA,UTTAR PRADESH,D682,AURAIYA,1.52
09-06-2025,26.5,79.5,AURAIYA,UTTAR PRADESH,D682,AURAIYA,1.57
10-06-2025,26.5,79.5,AURAIYA,UTTAR PRADESH,D682,AURAIYA,1.81
11-06-2025,26.5,79.5,AURAIYA,UTTAR PRADESH,D682,AURAIYA,1.79
12-06-2025,26.5,79.5,AURAIYA,UTTAR PRADESH,D682,AURAIYA,1.69
13-06-2025,26.5,79.5,AURAIYA,UTTAR PRADESH,D682,AURAIYA,1.62
14-06-2025,26.5,79.5,AURAIYA,UTTAR PRADESH,D682,AURAIYA,1.73
15-06-2025,26.5,79.5,AURAIYA,UTTAR PRADESH,D682,AURAIYA,1.88
16-06-2025,26.5,79.5,AURAIYA,UTTAR PRADESH,D682,AURAIYA,2.02
17-06-2025,26.5,79.5,AURAIYA,UTTAR PRADESH,D682,AURAIYA,1.83
18-06-2025,26.5,79.5,AURAIYA,UTTAR PRADESH,D682,AURAIYA,1.75
19-06-2025,26.5,79.5,AURAIYA,UTTAR PRADESH,D682,AURAIYA,1.81
20-06-2025,26.5,79.5,AURAIYA,UTTAR PRADESH,D682,AURAIYA,1.67
21-06-2025,26.5,79.5,AURAIYA,UTTAR PRADESH,D682,AURAIYA,1.61
22-06-2025,26.5,79.5,AURAIYA,UTTAR PRADESH,D682,AURAIYA,1.72
23-06-2025,26.5,79.5,AURAIYA,UTTAR PRADESH,D682,AURAIYA,1.78
24-06-2025,26.5,79.5,AURAIYA,UTTAR PRADESH,D682,AURAIYA,1.6
25-06-2025,26.5,79.5,AURAIYA,UTTAR PRADESH,D682,AURAIYA,1.3
26-06-2025,26.5,79.5,AURAIYA,UTTAR PRADESH,D682,AURAIYA,1.45
27-06-2025,26.5,79.5,AURAIYA,UTTAR PRADESH,D682,AURAIYA,1.5
28-06-2025,26.5,79.5,AURAIYA,UTTAR PRADESH,D682,AURAIYA,1.5
29-06-2025,26.5,79.5,AURAIYA,UTTAR PRADESH,D682,AURAIYA,1.43
30-06-2025,26.5,79.5,AURAIYA,UTTAR PRADESH,D682,AURAIYA,1.59
01-07-2025,26.5,79.5,AURAIYA,UTTAR PRADESH,D682,AURAIYA,1.51
02-07-2025,26.5,79.5,AURAIYA,UTTAR PRADESH,D682,AURAIYA,1.36
03-07-2025,26.5,79.5,AURAIYA,UTTAR PRADESH,D682,AURAIYA,1.11
04-07-2025,26.5,79.5,AURAIYA,UTTAR PRADESH,D682,AURAIYA,1.08
05-07-2025,26.5,79.5,AURAIYA,UTTAR PRADESH,D682,AURAIYA,1.18
06-07-2025,26.5,79.5,AURAIYA,UTTAR PRADESH,D682,AURAIYA,1.21
07-07-2025,26.5,79.5,AURAIYA,UTTAR PRADESH,D682,AURAIYA,1.29
08-07-2025,26.5,79.5,AURAIYA,UTTAR PRADESH,D682,AURAIYA,1.35
09-07-2025,26.5,79.5,AURAIYA,UTTAR PRADESH,D682,AURAIYA,1.25
10-07-2025,26.5,79.5,AURAIYA,UTTAR PRADESH,D682,AURAIYA,1.3
11-07-2025,26.5,79.5,AURAIYA,UTTAR PRADESH,D682,AURAIYA,1.35
12-07-2025,26.5,79.5,AURAIYA,UTTAR PRADESH,D682,AURAIYA,1.3
13-07-2025,26.5,79.5,AURAIYA,UTTAR PRADESH,D682,AURAIYA,1.11
14-07-2025,26.5,79.5,AURAIYA,UTTAR PRADESH,D682,AURAIYA,1.09
15-07-2025,26.5,79.5,AURAIYA,UTTAR PRADESH,D682,AURAIYA,1.11
16-07-2025,26.5,79.5,AURAIYA,UTTAR PRADESH,D682,AURAIYA,1.05
17-07-2025,26.5,79.5,AURAIYA,UTTAR PRADESH,D682,AURAIYA,1.1
18-07-2025,26.5,79.5,AURAIYA,UTTAR PRADESH,D682,AURAIYA,1.22
19-07-2025,26.5,79.5,AURAIYA,UTTAR PRADESH,D682,AURAIYA,1.08
20-07-2025,26.5,79.5,AURAIYA,UTTAR PRADESH,D682,AURAIYA,0.93
21-07-2025,26.5,79.5,AURAIYA,UTTAR PRADESH,D682,AURAIYA,1.11
22-07-2025,26.5,79.5,AURAIYA,UTTAR PRADESH,D682,AURAIYA,1.03
23-07-2025,26.5,79.5,AURAIYA,UTTAR PRADESH,D682,AURAIYA,0.99
24-07-2025,26.5,79.5,AURAIYA,UTTAR PRADESH,D682,AURAIYA,1.01
25-07-2025,26.5,79.5,AURAIYA,UTTAR PRADESH,D682,AURAIYA,1.03
26-07-2025,26.5,79.5,AURAIYA,UTTAR PRADESH,D682,AURAIYA,1.12
27-07-2025,26.5,79.5,AURAIYA,UTTAR PRADESH,D682,AURAIYA,1.14
28-07-2025,26.5,79.5,AURAIYA,UTTAR PRADESH,D682,AURAIYA,1.14
29-07-2025,26.5,79.5,AURAIYA,UTTAR PRADESH,D682,AURAIYA,0.95
30-07-2025,26.5,79.5,AURAIYA,UTTAR PRADESH,D682,AURAIYA,1.04
31-07-2025,26.5,79.5,AURAIYA,UTTAR PRADESH,D682,AURAIYA,0.96
01-08-2025,26.5,79.5,AURAIYA,UTTAR PRADESH,D682,AURAIYA,0.85
02-08-2025,26.5,79.5,AURAIYA,UTTAR PRADESH,D682,AURAIYA,0.87
03-08-2025,26.5,79.5,AURAIYA,UTTAR PRADESH,D682,AURAIYA,0.75
04-08-2025,26.5,79.5,AURAIYA,UTTAR PRADESH,D682,AURAIYA,0.81
05-08-2025,26.5,79.5,AURAIYA,UTTAR PRADESH,D682,AURAIYA,0.75
06-08-2025,26.5,79.5,AURAIYA,UTTAR PRADESH,D682,AURAIYA,0.74
07-08-2025,26.5,79.5,AURAIYA,UTTAR PRADESH,D682,AURAIYA,0.76
08-08-2025,26.5,79.5,AURAIYA,UTTAR PRADESH,D682,AURAIYA,0.99
09-08-2025,26.5,79.5,AURAIYA,UTTAR PRADESH,D682,AURAIYA,0.8
10-08-2025,26.5,79.5,AURAIYA,UTTAR PRADESH,D682,AURAIYA,0.82
11-08-2025,26.5,79.5,AURAIYA,UTTAR PRADESH,D682,AURAIYA,0.69
12-08-2025,26.5,79.5,AURAIYA,UTTAR PRADESH,D682,AURAIYA,0.64
13-08-2025,26.5,79.5,AURAIYA,UTTAR PRADESH,D682,AURAIYA,0.72
14-08-2025,26.5,79.5,AURAIYA,UTTAR PRADESH,D682,AURAIYA,0.78
15-08-2025,26.5,79.5,AURAIYA,UTTAR PRADESH,D682,AURAIYA,0.79
16-08-2025,26.5,79.5,AURAIYA,UTTAR PRADESH,D682,AURAIYA,0.85
17-08-2025,26.5,79.5,AURAIYA,UTTAR PRADESH,D682,AURAIYA,0.98
18-08-2025,26.5,79.5,AURAIYA,UTTAR PRADESH,D682,AURAIYA,0.84
19-08-2025,26.5,79.5,AURAIYA,UTTAR PRADESH,D682,AURAIYA,0.71
20-08-2025,26.5,79.5,AURAIYA,UTTAR PRADESH,D682,AURAIYA,0.73
21-08-2025,26.5,79.5,AURAIYA,UTTAR PRADESH,D682,AURAIYA,0.83
22-08-2025,26.5,79.5,AURAIYA,UTTAR PRADESH,D682,AURAIYA,0.93
23-08-2025,26.5,79.5,AURAIYA,UTTAR PRADESH,D682,AURAIYA,0.87
24-08-2025,26.5,79.5,AURAIYA,UTTAR PRADESH,D682,AURAIYA,0.69
25-08-2025,26.5,79.5,AURAIYA,UTTAR PRADESH,D682,AURAIYA,0.62
26-08-2025,26.5,79.5,AURAIYA,UTTAR PRADESH,D682,AURAIYA,0.65
27-08-2025,26.5,79.5,AURAIYA,UTTAR PRADESH,D682,AURAIYA,0.59
28-08-2025,26.5,79.5,AURAIYA,UTTAR PRADESH,D682,AURAIYA,0.78
29-08-2025,26.5,79.5,AURAIYA,UTTAR PRADESH,D682,AURAIYA,0.68
30-08-2025,26.5,79.5,AURAIYA,UTTAR PRADESH,D682,AURAIYA,0.78
31-08-2025,26.5,79.5,AURAIYA,UTTAR PRADESH,D682,AURAIYA,0.76
01-09-2025,26.5,79.5,AURAIYA,UTTAR PRADESH,D682,AURAIYA,0.95
02-09-2025,26.5,79.5,AURAIYA,UTTAR PRADESH,D682,AURAIYA,0.98
03-09-2025,26.5,79.5,AURAIYA,UTTAR PRADESH,D682,AURAIYA,0.94
04-09-2025,26.5,79.5,AURAIYA,UTTAR PRADESH,D682,AURAIYA,0.78
05-09-2025,26.5,79.5,AURAIYA,UTTAR PRADESH,D682,AURAIYA,0.84
06-09-2025,26.5,79.5,AURAIYA,UTTAR PRADESH,D682,AURAIYA,0.9
07-09-2025,26.5,79.5,AURAIYA,UTTAR PRADESH,D682,AURAIYA,0.93
08-09-2025,26.5,79.5,AURAIYA,UTTAR PRADESH,D682,AURAIYA,1.11
09-09-2025,26.5,79.5,AURAIYA,UTTAR PRADESH,D682,AURAIYA,1.08
10-09-2025,26.5,79.5,AURAIYA,UTTAR PRADESH,D682,AURAIYA,0.95
11-09-2025,26.5,79.5,AURAIYA,UTTAR PRADESH,D682,AURAIYA,0.91
12-09-2025,26.5,79.5,AURAIYA,UTTAR PRADESH,D682,AURAIYA,0.91
13-09-2025,26.5,79.5,AURAIYA,UTTAR PRADESH,D682,AURAIYA,0.87
14-09-2025,26.5,79.5,AURAIYA,UTTAR PRADESH,D682,AURAIYA,1
15-09-2025,26.5,79.5,AURAIYA,UTTAR PRADESH,D682,AURAIYA,1.03
16-09-2025,26.5,79.5,AURAIYA,UTTAR PRADESH,D682,AURAIYA,0.96
17-09-2025,26.5,79.5,AURAIYA,UTTAR PRADESH,D682,AURAIYA,0.94
18-09-2025,26.5,79.5,AURAIYA,UTTAR PRADESH,D682,AURAIYA,0.96
19-09-2025,26.5,79.5,AURAIYA,UTTAR PRADESH,D682,AURAIYA,1.07
20-09-2025,26.5,79.5,AURAIYA,UTTAR PRADESH,D682,AURAIYA,1.07
21-09-2025,26.5,79.5,AURAIYA,UTTAR PRADESH,D682,AURAIYA,1
22-09-2025,26.5,79.5,AURAIYA,UTTAR PRADESH,D682,AURAIYA,1.04
23-09-2025,26.5,79.5,AURAIYA,UTTAR PRADESH,D682,AURAIYA,0.82
24-09-2025,26.5,79.5,AURAIYA,UTTAR PRADESH,D682,AURAIYA,0.87
25-09-2025,26.5,79.5,AURAIYA,UTTAR PRADESH,D682,AURAIYA,1
26-09-2025,26.5,79.5,AURAIYA,UTTAR PRADESH,D682,AURAIYA,0.95
27-09-2025,26.5,79.5,AURAIYA,UTTAR PRADESH,D682,AURAIYA,1.03
28-09-2025,26.5,79.5,AURAIYA,UTTAR PRADESH,D682,AURAIYA,1.09
29-09-2025,26.5,79.5,AURAIYA,UTTAR PRADESH,D682,AURAIYA,1.23
30-09-2025,26.5,79.5,AURAIYA,UTTAR PRADESH,D682,AURAIYA,1.4
01-10-2025,26.5,79.5,AURAIYA,UTTAR PRADESH,D682,AURAIYA,1.31
02-10-2025,26.5,79.5,AURAIYA,UTTAR PRADESH,D682,AURAIYA,1.44
03-10-2025,26.5,79.5,AURAIYA,UTTAR PRADESH,D682,AURAIYA,1.58
04-10-2025,26.5,79.5,AURAIYA,UTTAR PRADESH,D682,AURAIYA,1.41
05-10-2025,26.5,79.5,AURAIYA,UTTAR PRADESH,D682,AURAIYA,1.33
06-10-2025,26.5,79.5,AURAIYA,UTTAR PRADESH,D682,AURAIYA,1.39
07-10-2025,26.5,79.5,AURAIYA,UTTAR PRADESH,D682,AURAIYA,1.49
08-10-2025,26.5,79.5,AURAIYA,UTTAR PRADESH,D682,AURAIYA,1.49
09-10-2025,26.5,79.5,AURAIYA,UTTAR PRADESH,D682,AURAIYA,1.5
10-10-2025,26.5,79.5,AURAIYA,UTTAR PRADESH,D682,AURAIYA,1.46
11-10-2025,26.5,79.5,AURAIYA,UTTAR PRADESH,D682,AURAIYA,1.36
12-10-2025,26.5,79.5,AURAIYA,UTTAR PRADESH,D682,AURAIYA,1.51
13-10-2025,26.5,79.5,AURAIYA,UTTAR PRADESH,D682,AURAIYA,1.46
14-10-2025,26.5,79.5,AURAIYA,UTTAR PRADESH,D682,AURAIYA,1.77
15-10-2025,26.5,79.5,AURAIYA,UTTAR PRADESH,D682,AURAIYA,1.73
16-10-2025,26.5,79.5,AURAIYA,UTTAR PRADESH,D682,AURAIYA,1.69
17-10-2025,26.5,79.5,AURAIYA,UTTAR PRADESH,D682,AURAIYA,1.88
18-10-2025,26.5,79.5,AURAIYA,UTTAR PRADESH,D682,AURAIYA,1.6
19-10-2025,26.5,79.5,AURAIYA,UTTAR PRADESH,D682,AURAIYA,1.68
20-10-2025,26.5,79.5,AURAIYA,UTTAR PRADESH,D682,AURAIYA,1.66
21-10-2025,26.5,79.5,AURAIYA,UTTAR PRADESH,D682,AURAIYA,1.59
22-10-2025,26.5,79.5,AURAIYA,UTTAR PRADESH,D682,AURAIYA,1.45
23-10-2025,26.5,79.5,AURAIYA,UTTAR PRADESH,D682,AURAIYA,1.51
24-10-2025,26.5,79.5,AURAIYA,UTTAR PRADESH,D682,AURAIYA,1.6
25-10-2025,26.5,79.5,AURAIYA,UTTAR PRADESH,D682,AURAIYA,1.59
26-10-2025,26.5,79.5,AURAIYA,UTTAR PRADESH,D682,AURAIYA,1.56
27-10-2025,26.5,79.5,AURAIYA,UTTAR PRADESH,D682,AURAIYA,1.44
28-10-2025,26.5,79.5,AURAIYA,UTTAR PRADESH,D682,AURAIYA,1.53
29-10-2025,26.5,79.5,AURAIYA,UTTAR PRADESH,D682,AURAIYA,1.58
30-10-2025,26.5,79.5,AURAIYA,UTTAR PRADESH,D682,AURAIYA,1.86
31-10-2025,26.5,79.5,AURAIYA,UTTAR PRADESH,D682,AURAIYA,1.59
01-11-2025,26.5,79.5,AURAIYA,UTTAR PRADESH,D682,AURAIYA,1.66
02-11-2025,26.5,79.5,AURAIYA,UTTAR PRADESH,D682,AURAIYA,1.41
03-11-2025,26.5,79.5,AURAIYA,UTTAR PRADESH,D682,AURAIYA,1.63
04-11-2025,26.5,79.5,AURAIYA,UTTAR PRADESH,D682,AURAIYA,1.86
05-11-2025,26.5,79.5,AURAIYA,UTTAR PRADESH,D682,AURAIYA,1.74
06-11-2025,26.5,79.5,AURAIYA,UTTAR PRADESH,D682,AURAIYA,1.82
07-11-2025,26.5,79.5,AURAIYA,UTTAR PRADESH,D682,AURAIYA,1.88
08-11-2025,26.5,79.5,AURAIYA,UTTAR PRADESH,D682,AURAIYA,2.03
09-11-2025,26.5,79.5,AURAIYA,UTTAR PRADESH,D682,AURAIYA,2.17
10-11-2025,26.5,79.5,AURAIYA,UTTAR PRADESH,D682,AURAIYA,2.12
11-11-2025,26.5,79.5,AURAIYA,UTTAR PRADESH,D682,AURAIYA,1.99
12-11-2025,26.5,79.5,AURAIYA,UTTAR PRADESH,D682,AURAIYA,1.84
13-11-2025,26.5,79.5,AURAIYA,UTTAR PRADESH,D682,AURAIYA,1.74
14-11-2025,26.5,79.5,AURAIYA,UTTAR PRADESH,D682,AURAIYA,2.05
15-11-2025,26.5,79.5,AURAIYA,UTTAR PRADESH,D682,AURAIYA,2.01
16-11-2025,26.5,79.5,AURAIYA,UTTAR PRADESH,D682,AURAIYA,2.2
17-11-2025,26.5,79.5,AURAIYA,UTTAR PRADESH,D682,AURAIYA,2.17
18-11-2025,26.5,79.5,AURAIYA,UTTAR PRADESH,D682,AURAIYA,2.22
19-11-2025,26.5,79.5,AURAIYA,UTTAR PRADESH,D682,AURAIYA,2.13
20-11-2025,26.5,79.5,AURAIYA,UTTAR PRADESH,D682,AURAIYA,1.86
21-11-2025,26.5,79.5,AURAIYA,UTTAR PRADESH,D682,AURAIYA,1.47
22-11-2025,26.5,79.5,AURAIYA,UTTAR PRADESH,D682,AURAIYA,1.6
23-11-2025,26.5,79.5,AURAIYA,UTTAR PRADESH,D682,AURAIYA,1.79
24-11-2025,26.5,79.5,AURAIYA,UTTAR PRADESH,D682,AURAIYA,1.71
25-11-2025,26.5,79.5,AURAIYA,UTTAR PRADESH,D682,AURAIYA,1.8
26-11-2025,26.5,79.5,AURAIYA,UTTAR PRADESH,D682,AURAIYA,1.96
27-11-2025,26.5,79.5,AURAIYA,UTTAR PRADESH,D682,AURAIYA,1.89
28-11-2025,26.5,79.5,AURAIYA,UTTAR PRADESH,D682,AURAIYA,1.77
29-11-2025,26.5,79.5,AURAIYA,UTTAR PRADESH,D682,AURAIYA,1.61
30-11-2025,26.5,79.5,AURAIYA,UTTAR PRADESH,D682,AURAIYA,1.9
01-12-2025,26.5,79.5,AURAIYA,UTTAR PRADESH,D682,AURAIYA,2.14
02-12-2025,26.5,79.5,AURAIYA,UTTAR PRADESH,D682,AURAIYA,2.29
03-12-2025,26.5,79.5,AURAIYA,UTTAR PRADESH,D682,AURAIYA,2.27
04-12-2025,26.5,79.5,AURAIYA,UTTAR PRADESH,D682,AURAIYA,2.01
05-12-2025,26.5,79.5,AURAIYA,UTTAR PRADESH,D682,AURAIYA,1.86
06-12-2025,26.5,79.5,AURAIYA,UTTAR PRADESH,D682,AURAIYA,2.15
07-12-2025,26.5,79.5,AURAIYA,UTTAR PRADESH,D682,AURAIYA,2.11
08-12-2025,26.5,79.5,AURAIYA,UTTAR PRADESH,D682,AURAIYA,1.95
09-12-2025,26.5,79.5,AURAIYA,UTTAR PRADESH,D682,AURAIYA,2.12
10-12-2025,26.5,79.5,AURAIYA,UTTAR PRADESH,D682,AURAIYA,2.17
11-12-2025,26.5,79.5,AURAIYA,UTTAR PRADESH,D682,AURAIYA,2.11
12-12-2025,26.5,79.5,AURAIYA,UTTAR PRADESH,D682,AURAIYA,2.37
13-12-2025,26.5,79.5,AURAIYA,UTTAR PRADESH,D682,AURAIYA,2.39
14-12-2025,26.5,79.5,AURAIYA,UTTAR PRADESH,D682,AURAIYA,2.09
15-12-2025,26.5,79.5,AURAIYA,UTTAR PRADESH,D682,AURAIYA,2.04
16-12-2025,26.5,79.5,AURAIYA,UTTAR PRADESH,D682,AURAIYA,1.99
17-12-2025,26.5,79.5,AURAIYA,UTTAR PRADESH,D682,AURAIYA,1.97
18-12-2025,26.5,79.5,AURAIYA,UTTAR PRADESH,D682,AURAIYA,1.89
19-12-2025,26.5,79.5,AURAIYA,UTTAR PRADESH,D682,AURAIYA,2.26
20-12-2025,26.5,79.5,AURAIYA,UTTAR PRADESH,D682,AURAIYA,2.11
21-12-2025,26.5,79.5,AURAIYA,UTTAR PRADESH,D682,AURAIYA,2.13
22-12-2025,26.5,79.5,AURAIYA,UTTAR PRADESH,D682,AURAIYA,2.19
23-12-2025,26.5,79.5,AURAIYA,UTTAR PRADESH,D682,AURAIYA,1.83
24-12-2025,26.5,79.5,AURAIYA,UTTAR PRADESH,D682,AURAIYA,1.82
25-12-2025,26.5,79.5,AURAIYA,UTTAR PRADESH,D682,AURAIYA,1.69
26-12-2025,26.5,79.5,AURAIYA,UTTAR PRADESH,D682,AURAIYA,1.6
27-12-2025,26.5,79.5,AURAIYA,UTTAR PRADESH,D682,AURAIYA,1.91
28-12-2025,26.5,79.5,AURAIYA,UTTAR PRADESH,D682,AURAIYA,2.24
29-12-2025,26.5,79.5,AURAIYA,UTTAR PRADESH,D682,AURAIYA,2.05
30-12-2025,26.5,79.5,AURAIYA,UTTAR PRADESH,D682,AURAIYA,1.98
31-12-2025,26.5,79.5,AURAIYA,UTTAR PRADESH,D682,AURAIYA,2.45
01-01-2025,27.5,81.5,BAHRAICH,UTTAR PRADESH,D686,BAHRAICH,2.16
02-01-2025,27.5,81.5,BAHRAICH,UTTAR PRADESH,D686,BAHRAICH,2.04
03-01-2025,27.5,81.5,BAHRAICH,UTTAR PRADESH,D686,BAHRAICH,2.34
04-01-2025,27.5,81.5,BAHRAICH,UTTAR PRADESH,D686,BAHRAICH,2.35
05-01-2025,27.5,81.5,BAHRAICH,UTTAR PRADESH,D686,BAHRAICH,2.23
06-01-2025,27.5,81.5,BAHRAICH,UTTAR PRADESH,D686,BAHRAICH,2.08
07-01-2025,27.5,81.5,BAHRAICH,UTTAR PRADESH,D686,BAHRAICH,2.71
08-01-2025,27.5,81.5,BAHRAICH,UTTAR PRADESH,D686,BAHRAICH,2.84
09-01-2025,27.5,81.5,BAHRAICH,UTTAR PRADESH,D686,BAHRAICH,2.57
10-01-2025,27.5,81.5,BAHRAICH,UTTAR PRADESH,D686,BAHRAICH,2.34
11-01-2025,27.5,81.5,BAHRAICH,UTTAR PRADESH,D686,BAHRAICH,1.97
12-01-2025,27.5,81.5,BAHRAICH,UTTAR PRADESH,D686,BAHRAICH,1.79
13-01-2025,27.5,81.5,BAHRAICH,UTTAR PRADESH,D686,BAHRAICH,1.84
14-01-2025,27.5,81.5,BAHRAICH,UTTAR PRADESH,D686,BAHRAICH,1.81
15-01-2025,27.5,81.5,BAHRAICH,UTTAR PRADESH,D686,BAHRAICH,1.85
16-01-2025,27.5,81.5,BAHRAICH,UTTAR PRADESH,D686,BAHRAICH,2.21
17-01-2025,27.5,81.5,BAHRAICH,UTTAR PRADESH,D686,BAHRAICH,2.29
18-01-2025,27.5,81.5,BAHRAICH,UTTAR PRADESH,D686,BAHRAICH,2.56
19-01-2025,27.5,81.5,BAHRAICH,UTTAR PRADESH,D686,BAHRAICH,2.18
20-01-2025,27.5,81.5,BAHRAICH,UTTAR PRADESH,D686,BAHRAICH,1.88
21-01-2025,27.5,81.5,BAHRAICH,UTTAR PRADESH,D686,BAHRAICH,1.7
22-01-2025,27.5,81.5,BAHRAICH,UTTAR PRADESH,D686,BAHRAICH,1.94
23-01-2025,27.5,81.5,BAHRAICH,UTTAR PRADESH,D686,BAHRAICH,2.46
24-01-2025,27.5,81.5,BAHRAICH,UTTAR PRADESH,D686,BAHRAICH,2.24
25-01-2025,27.5,81.5,BAHRAICH,UTTAR PRADESH,D686,BAHRAICH,2.17
26-01-2025,27.5,81.5,BAHRAICH,UTTAR PRADESH,D686,BAHRAICH,2.05
27-01-2025,27.5,81.5,BAHRAICH,UTTAR PRADESH,D686,BAHRAICH,2.07
28-01-2025,27.5,81.5,BAHRAICH,UTTAR PRADESH,D686,BAHRAICH,1.96
29-01-2025,27.5,81.5,BAHRAICH,UTTAR PRADESH,D686,BAHRAICH,1.81
30-01-2025,27.5,81.5,BAHRAICH,UTTAR PRADESH,D686,BAHRAICH,1.96
31-01-2025,27.5,81.5,BAHRAICH,UTTAR PRADESH,D686,BAHRAICH,2.32
01-02-2025,27.5,81.5,BAHRAICH,UTTAR PRADESH,D686,BAHRAICH,2.16
02-02-2025,27.5,81.5,BAHRAICH,UTTAR PRADESH,D686,BAHRAICH,1.74
03-02-2025,27.5,81.5,BAHRAICH,UTTAR PRADESH,D686,BAHRAICH,1.48
04-02-2025,27.5,81.5,BAHRAICH,UTTAR PRADESH,D686,BAHRAICH,1.45
05-02-2025,27.5,81.5,BAHRAICH,UTTAR PRADESH,D686,BAHRAICH,1.78
06-02-2025,27.5,81.5,BAHRAICH,UTTAR PRADESH,D686,BAHRAICH,1.77
07-02-2025,27.5,81.5,BAHRAICH,UTTAR PRADESH,D686,BAHRAICH,1.99
08-02-2025,27.5,81.5,BAHRAICH,UTTAR PRADESH,D686,BAHRAICH,2
09-02-2025,27.5,81.5,BAHRAICH,UTTAR PRADESH,D686,BAHRAICH,1.91
10-02-2025,27.5,81.5,BAHRAICH,UTTAR PRADESH,D686,BAHRAICH,1.97
11-02-2025,27.5,81.5,BAHRAICH,UTTAR PRADESH,D686,BAHRAICH,2.06
12-02-2025,27.5,81.5,BAHRAICH,UTTAR PRADESH,D686,BAHRAICH,2.11
13-02-2025,27.5,81.5,BAHRAICH,UTTAR PRADESH,D686,BAHRAICH,2.21
14-02-2025,27.5,81.5,BAHRAICH,UTTAR PRADESH,D686,BAHRAICH,2.13
15-02-2025,27.5,81.5,BAHRAICH,UTTAR PRADESH,D686,BAHRAICH,2.18
16-02-2025,27.5,81.5,BAHRAICH,UTTAR PRADESH,D686,BAHRAICH,1.57
17-02-2025,27.5,81.5,BAHRAICH,UTTAR PRADESH,D686,BAHRAICH,1.8
18-02-2025,27.5,81.5,BAHRAICH,UTTAR PRADESH,D686,BAHRAICH,2.25
19-02-2025,27.5,81.5,BAHRAICH,UTTAR PRADESH,D686,BAHRAICH,2.23
20-02-2025,27.5,81.5,BAHRAICH,UTTAR PRADESH,D686,BAHRAICH,2.35
21-02-2025,27.5,81.5,BAHRAICH,UTTAR PRADESH,D686,BAHRAICH,2.11
22-02-2025,27.5,81.5,BAHRAICH,UTTAR PRADESH,D686,BAHRAICH,1.61
23-02-2025,27.5,81.5,BAHRAICH,UTTAR PRADESH,D686,BAHRAICH,1.71
24-02-2025,27.5,81.5,BAHRAICH,UTTAR PRADESH,D686,BAHRAICH,1.95
25-02-2025,27.5,81.5,BAHRAICH,UTTAR PRADESH,D686,BAHRAICH,2.1
26-02-2025,27.5,81.5,BAHRAICH,UTTAR PRADESH,D686,BAHRAICH,1.95
27-02-2025,27.5,81.5,BAHRAICH,UTTAR PRADESH,D686,BAHRAICH,1.85
28-02-2025,27.5,81.5,BAHRAICH,UTTAR PRADESH,D686,BAHRAICH,2.07
29-02-2025,27.5,81.5,BAHRAICH,UTTAR PRADESH,D686,BAHRAICH,2.17
01-03-2025,27.5,81.5,BAHRAICH,UTTAR PRADESH,D686,BAHRAICH,2.15
02-03-2025,27.5,81.5,BAHRAICH,UTTAR PRADESH,D686,BAHRAICH,1.96
03-03-2025,27.5,81.5,BAHRAICH,UTTAR PRADESH,D686,BAHRAICH,1.87
04-03-2025,27.5,81.5,BAHRAICH,UTTAR PRADESH,D686,BAHRAICH,1.76
05-03-2025,27.5,81.5,BAHRAICH,UTTAR PRADESH,D686,BAHRAICH,2.25
06-03-2025,27.5,81.5,BAHRAICH,UTTAR PRADESH,D686,BAHRAICH,1.95
07-03-2025,27.5,81.5,BAHRAICH,UTTAR PRADESH,D686,BAHRAICH,1.97
08-03-2025,27.5,81.5,BAHRAICH,UTTAR PRADESH,D686,BAHRAICH,2.06
09-03-2025,27.5,81.5,BAHRAICH,UTTAR PRADESH,D686,BAHRAICH,2.11
10-03-2025,27.5,81.5,BAHRAICH,UTTAR PRADESH,D686,BAHRAICH,1.76
11-03-2025,27.5,81.5,BAHRAICH,UTTAR PRADESH,D686,BAHRAICH,1.76
12-03-2025,27.5,81.5,BAHRAICH,UTTAR PRADESH,D686,BAHRAICH,1.84
13-03-2025,27.5,81.5,BAHRAICH,UTTAR PRADESH,D686,BAHRAICH,1.73
14-03-2025,27.5,81.5,BAHRAICH,UTTAR PRADESH,D686,BAHRAICH,1.85
15-03-2025,27.5,81.5,BAHRAICH,UTTAR PRADESH,D686,BAHRAICH,2
16-03-2025,27.5,81.5,BAHRAICH,UTTAR PRADESH,D686,BAHRAICH,2.22
17-03-2025,27.5,81.5,BAHRAICH,UTTAR PRADESH,D686,BAHRAICH,2.01
18-03-2025,27.5,81.5,BAHRAICH,UTTAR PRADESH,D686,BAHRAICH,1.94
19-03-2025,27.5,81.5,BAHRAICH,UTTAR PRADESH,D686,BAHRAICH,1.98
20-03-2025,27.5,81.5,BAHRAICH,UTTAR PRADESH,D686,BAHRAICH,1.95
21-03-2025,27.5,81.5,BAHRAICH,UTTAR PRADESH,D686,BAHRAICH,1.82
22-03-2025,27.5,81.5,BAHRAICH,UTTAR PRADESH,D686,BAHRAICH,1.74
23-03-2025,27.5,81.5,BAHRAICH,UTTAR PRADESH,D686,BAHRAICH,1.66
24-03-2025,27.5,81.5,BAHRAICH,UTTAR PRADESH,D686,BAHRAICH,1.87
25-03-2025,27.5,81.5,BAHRAICH,UTTAR PRADESH,D686,BAHRAICH,1.98
26-03-2025,27.5,81.5,BAHRAICH,UTTAR PRADESH,D686,BAHRAICH,1.83
27-03-2025,27.5,81.5,BAHRAICH,UTTAR PRADESH,D686,BAHRAICH,1.92
28-03-2025,27.5,81.5,BAHRAICH,UTTAR PRADESH,D686,BAHRAICH,1.4
29-03-2025,27.5,81.5,BAHRAICH,UTTAR PRADESH,D686,BAHRAICH,1.51
30-03-2025,27.5,81.5,BAHRAICH,UTTAR PRADESH,D686,BAHRAICH,1.74
31-03-2025,27.5,81.5,BAHRAICH,UTTAR PRADESH,D686,BAHRAICH,1.73
01-04-2025,27.5,81.5,BAHRAICH,UTTAR PRADESH,D686,BAHRAICH,1.6
02-04-2025,27.5,81.5,BAHRAICH,UTTAR PRADESH,D686,BAHRAICH,1.6
03-04-2025,27.5,81.5,BAHRAICH,UTTAR PRADESH,D686,BAHRAICH,1.82
04-04-2025,27.5,81.5,BAHRAICH,UTTAR PRADESH,D686,BAHRAICH,2.2
05-04-2025,27.5,81.5,BAHRAICH,UTTAR PRADESH,D686,BAHRAICH,1.96
06-04-2025,27.5,81.5,BAHRAICH,UTTAR PRADESH,D686,BAHRAICH,1.97
07-04-2025,27.5,81.5,BAHRAICH,UTTAR PRADESH,D686,BAHRAICH,1.81
08-04-2025,27.5,81.5,BAHRAICH,UTTAR PRADESH,D686,BAHRAICH,1.62
09-04-2025,27.5,81.5,BAHRAICH,UTTAR PRADESH,D686,BAHRAICH,1.59
10-04-2025,27.5,81.5,BAHRAICH,UTTAR PRADESH,D686,BAHRAICH,1.87
11-04-2025,27.5,81.5,BAHRAICH,UTTAR PRADESH,D686,BAHRAICH,2.03
12-04-2025,27.5,81.5,BAHRAICH,UTTAR PRADESH,D686,BAHRAICH,2.01
13-04-2025,27.5,81.5,BAHRAICH,UTTAR PRADESH,D686,BAHRAICH,1.84
14-04-2025,27.5,81.5,BAHRAICH,UTTAR PRADESH,D686,BAHRAICH,1.69
15-04-2025,27.5,81.5,BAHRAICH,UTTAR PRADESH,D686,BAHRAICH,1.45
16-04-2025,27.5,81.5,BAHRAICH,UTTAR PRADESH,D686,BAHRAICH,1.6
17-04-2025,27.5,81.5,BAHRAICH,UTTAR PRADESH,D686,BAHRAICH,1.71
18-04-2025,27.5,81.5,BAHRAICH,UTTAR PRADESH,D686,BAHRAICH,1.89
19-04-2025,27.5,81.5,BAHRAICH,UTTAR PRADESH,D686,BAHRAICH,1.95
20-04-2025,27.5,81.5,BAHRAICH,UTTAR PRADESH,D686,BAHRAICH,2.1
21-04-2025,27.5,81.5,BAHRAICH,UTTAR PRADESH,D686,BAHRAICH,2
22-04-2025,27.5,81.5,BAHRAICH,UTTAR PRADESH,D686,BAHRAICH,2.11
23-04-2025,27.5,81.5,BAHRAICH,UTTAR PRADESH,D686,BAHRAICH,1.48
24-04-2025,27.5,81.5,BAHRAICH,UTTAR PRADESH,D686,BAHRAICH,1.54
25-04-2025,27.5,81.5,BAHRAICH,UTTAR PRADESH,D686,BAHRAICH,1.77
26-04-2025,27.5,81.5,BAHRAICH,UTTAR PRADESH,D686,BAHRAICH,1.63
27-04-2025,27.5,81.5,BAHRAICH,UTTAR PRADESH,D686,BAHRAICH,1.58
28-04-2025,27.5,81.5,BAHRAICH,UTTAR PRADESH,D686,BAHRAICH,1.29
29-04-2025,27.5,81.5,BAHRAICH,UTTAR PRADESH,D686,BAHRAICH,1.32
30-04-2025,27.5,81.5,BAHRAICH,UTTAR PRADESH,D686,BAHRAICH,1.47
01-05-2025,27.5,81.5,BAHRAICH,UTTAR PRADESH,D686,BAHRAICH,1.85
02-05-2025,27.5,81.5,BAHRAICH,UTTAR PRADESH,D686,BAHRAICH,1.78
03-05-2025,27.5,81.5,BAHRAICH,UTTAR PRADESH,D686,BAHRAICH,2.05
04-05-2025,27.5,81.5,BAHRAICH,UTTAR PRADESH,D686,BAHRAICH,1.96
05-05-2025,27.5,81.5,BAHRAICH,UTTAR PRADESH,D686,BAHRAICH,1.48
06-05-2025,27.5,81.5,BAHRAICH,UTTAR PRADESH,D686,BAHRAICH,1.59
07-05-2025,27.5,81.5,BAHRAICH,UTTAR PRADESH,D686,BAHRAICH,1.56
08-05-2025,27.5,81.5,BAHRAICH,UTTAR PRADESH,D686,BAHRAICH,1.48
09-05-2025,27.5,81.5,BAHRAICH,UTTAR PRADESH,D686,BAHRAICH,1.41
10-05-2025,27.5,81.5,BAHRAICH,UTTAR PRADESH,D686,BAHRAICH,2
11-05-2025,27.5,81.5,BAHRAICH,UTTAR PRADESH,D686,BAHRAICH,2.08
12-05-2025,27.5,81.5,BAHRAICH,UTTAR PRADESH,D686,BAHRAICH,1.98
13-05-2025,27.5,81.5,BAHRAICH,UTTAR PRADESH,D686,BAHRAICH,1.91
14-05-2025,27.5,81.5,BAHRAICH,UTTAR PRADESH,D686,BAHRAICH,1.96
15-05-2025,27.5,81.5,BAHRAICH,UTTAR PRADESH,D686,BAHRAICH,1.67
16-05-2025,27.5,81.5,BAHRAICH,UTTAR PRADESH,D686,BAHRAICH,1.78
17-05-2025,27.5,81.5,BAHRAICH,UTTAR PRADESH,D686,BAHRAICH,1.73
18-05-2025,27.5,81.5,BAHRAICH,UTTAR PRADESH,D686,BAHRAICH,1.86
19-05-2025,27.5,81.5,BAHRAICH,UTTAR PRADESH,D686,BAHRAICH,1.86
20-05-2025,27.5,81.5,BAHRAICH,UTTAR PRADESH,D686,BAHRAICH,1.74
21-05-2025,27.5,81.5,BAHRAICH,UTTAR PRADESH,D686,BAHRAICH,1.54
22-05-2025,27.5,81.5,BAHRAICH,UTTAR PRADESH,D686,BAHRAICH,1.42
23-05-2025,27.5,81.5,BAHRAICH,UTTAR PRADESH,D686,BAHRAICH,1.48
24-05-2025,27.5,81.5,BAHRAICH,UTTAR PRADESH,D686,BAHRAICH,1.73
25-05-2025,27.5,81.5,BAHRAICH,UTTAR PRADESH,D686,BAHRAICH,1.68
26-05-2025,27.5,81.5,BAHRAICH,UTTAR PRADESH,D686,BAHRAICH,1.98
27-05-2025,27.5,81.5,BAHRAICH,UTTAR PRADESH,D686,BAHRAICH,1.78
28-05-2025,27.5,81.5,BAHRAICH,UTTAR PRADESH,D686,BAHRAICH,1.91
29-05-2025,27.5,81.5,BAHRAICH,UTTAR PRADESH,D686,BAHRAICH,1.79
30-05-2025,27.5,81.5,BAHRAICH,UTTAR PRADESH,D686,BAHRAICH,1.97
31-05-2025,27.5,81.5,BAHRAICH,UTTAR PRADESH,D686,BAHRAICH,1.67
01-06-2025,27.5,81.5,BAHRAICH,UTTAR PRADESH,D686,BAHRAICH,1.53
02-06-2025,27.5,81.5,BAHRAICH,UTTAR PRADESH,D686,BAHRAICH,1.48
03-06-2025,27.5,81.5,BAHRAICH,UTTAR PRADESH,D686,BAHRAICH,1.37
04-06-2025,27.5,81.5,BAHRAICH,UTTAR PRADESH,D686,BAHRAICH,1.69
05-06-2025,27.5,81.5,BAHRAICH,UTTAR PRADESH,D686,BAHRAICH,1.81
06-06-2025,27.5,81.5,BAHRAICH,UTTAR PRADESH,D686,BAHRAICH,1.66
07-06-2025,27.5,81.5,BAHRAICH,UTTAR PRADESH,D686,BAHRAICH,1.36
08-06-2025,27.5,81.5,BAHRAICH,UTTAR PRADESH,D686,BAHRAICH,1.49
09-06-2025,27.5,81.5,BAHRAICH,UTTAR PRADESH,D686,BAHRAICH,1.66
10-06-2025,27.5,81.5,BAHRAICH,UTTAR PRADESH,D686,BAHRAICH,1.44
11-06-2025,27.5,81.5,BAHRAICH,UTTAR PRADESH,D686,BAHRAICH,1.45
12-06-2025,27.5,81.5,BAHRAICH,UTTAR PRADESH,D686,BAHRAICH,1.52
13-06-2025,27.5,81.5,BAHRAICH,UTTAR PRADESH,D686,BAHRAICH,1.36
14-06-2025,27.5,81.5,BAHRAICH,UTTAR PRADESH,D686,BAHRAICH,1.81
15-06-2025,27.5,81.5,BAHRAICH,UTTAR PRADESH,D686,BAHRAICH,1.86
16-06-2025,27.5,81.5,BAHRAICH,UTTAR PRADESH,D686,BAHRAICH,1.76
17-06-2025,27.5,81.5,BAHRAICH,UTTAR PRADESH,D686,BAHRAICH,1.63
18-06-2025,27.5,81.5,BAHRAICH,UTTAR PRADESH,D686,BAHRAICH,1.75
19-06-2025,27.5,81.5,BAHRAICH,UTTAR PRADESH,D686,BAHRAICH,1.87
20-06-2025,27.5,81.5,BAHRAICH,UTTAR PRADESH,D686,BAHRAICH,1.68
21-06-2025,27.5,81.5,BAHRAICH,UTTAR PRADESH,D686,BAHRAICH,1.51
22-06-2025,27.5,81.5,BAHRAICH,UTTAR PRADESH,D686,BAHRAICH,1.3
23-06-2025,27.5,81.5,BAHRAICH,UTTAR PRADESH,D686,BAHRAICH,1.34
24-06-2025,27.5,81.5,BAHRAICH,UTTAR PRADESH,D686,BAHRAICH,1.07
25-06-2025,27.5,81.5,BAHRAICH,UTTAR PRADESH,D686,BAHRAICH,1.1
26-06-2025,27.5,81.5,BAHRAICH,UTTAR PRADESH,D686,BAHRAICH,1.25
27-06-2025,27.5,81.5,BAHRAICH,UTTAR PRADESH,D686,BAHRAICH,1.25
28-06-2025,27.5,81.5,BAHRAICH,UTTAR PRADESH,D686,BAHRAICH,1.35
29-06-2025,27.5,81.5,BAHRAICH,UTTAR PRADESH,D686,BAHRAICH,1.32
30-06-2025,27.5,81.5,BAHRAICH,UTTAR PRADESH,D686,BAHRAICH,1.48
01-07-2025,27.5,81.5,BAHRAICH,UTTAR PRADESH,D686,BAHRAICH,1.27
02-07-2025,27.5,81.5,BAHRAICH,UTTAR PRADESH,D686,BAHRAICH,1.02
03-07-2025,27.5,81.5,BAHRAICH,UTTAR PRADESH,D686,BAHRAICH,0.9
04-07-2025,27.5,81.5,BAHRAICH,UTTAR PRADESH,D686,BAHRAICH,0.92
05-07-2025,27.5,81.5,BAHRAICH,UTTAR PRADESH,D686,BAHRAICH,1.13
06-07-2025,27.5,81.5,BAHRAICH,UTTAR PRADESH,D686,BAHRAICH,1.12
07-07-2025,27.5,81.5,BAHRAICH,UTTAR PRADESH,D686,BAHRAICH,1.11
08-07-2025,27.5,81.5,BAHRAICH,UTTAR PRADESH,D686,BAHRAICH,1.13
09-07-2025,27.5,81.5,BAHRAICH,UTTAR PRADESH,D686,BAHRAICH,1.29
10-07-2025,27.5,81.5,BAHRAICH,UTTAR PRADESH,D686,BAHRAICH,1.23
11-07-2025,27.5,81.5,BAHRAICH,UTTAR PRADESH,D686,BAHRAICH,1.22
12-07-2025,27.5,81.5,BAHRAICH,UTTAR PRADESH,D686,BAHRAICH,1.28
13-07-2025,27.5,81.5,BAHRAICH,UTTAR PRADESH,D686,BAHRAICH,1
14-07-2025,27.5,81.5,BAHRAICH,UTTAR PRADESH,D686,BAHRAICH,1.15
15-07-2025,27.5,81.5,BAHRAICH,UTTAR PRADESH,D686,BAHRAICH,0.91
16-07-2025,27.5,81.5,BAHRAICH,UTTAR PRADESH,D686,BAHRAICH,0.94
17-07-2025,27.5,81.5,BAHRAICH,UTTAR PRADESH,D686,BAHRAICH,1.06
18-07-2025,27.5,81.5,BAHRAICH,UTTAR PRADESH,D686,BAHRAICH,1.14
19-07-2025,27.5,81.5,BAHRAICH,UTTAR PRADESH,D686,BAHRAICH,0.99
20-07-2025,27.5,81.5,BAHRAICH,UTTAR PRADESH,D686,BAHRAICH,1
21-07-2025,27.5,81.5,BAHRAICH,UTTAR PRADESH,D686,BAHRAICH,0.95
22-07-2025,27.5,81.5,BAHRAICH,UTTAR PRADESH,D686,BAHRAICH,0.84
23-07-2025,27.5,81.5,BAHRAICH,UTTAR PRADESH,D686,BAHRAICH,0.85
24-07-2025,27.5,81.5,BAHRAICH,UTTAR PRADESH,D686,BAHRAICH,0.95
25-07-2025,27.5,81.5,BAHRAICH,UTTAR PRADESH,D686,BAHRAICH,1.06
26-07-2025,27.5,81.5,BAHRAICH,UTTAR PRADESH,D686,BAHRAICH,0.98
27-07-2025,27.5,81.5,BAHRAICH,UTTAR PRADESH,D686,BAHRAICH,1.16
28-07-2025,27.5,81.5,BAHRAICH,UTTAR PRADESH,D686,BAHRAICH,1.17
29-07-2025,27.5,81.5,BAHRAICH,UTTAR PRADESH,D686,BAHRAICH,0.84
30-07-2025,27.5,81.5,BAHRAICH,UTTAR PRADESH,D686,BAHRAICH,0.77
31-07-2025,27.5,81.5,BAHRAICH,UTTAR PRADESH,D686,BAHRAICH,0.84
01-08-2025,27.5,81.5,BAHRAICH,UTTAR PRADESH,D686,BAHRAICH,0.84
02-08-2025,27.5,81.5,BAHRAICH,UTTAR PRADESH,D686,BAHRAICH,0.86
03-08-2025,27.5,81.5,BAHRAICH,UTTAR PRADESH,D686,BAHRAICH,0.65
04-08-2025,27.5,81.5,BAHRAICH,UTTAR PRADESH,D686,BAHRAICH,0.72
05-08-2025,27.5,81.5,BAHRAICH,UTTAR PRADESH,D686,BAHRAICH,0.62
06-08-2025,27.5,81.5,BAHRAICH,UTTAR PRADESH,D686,BAHRAICH,0.61
07-08-2025,27.5,81.5,BAHRAICH,UTTAR PRADESH,D686,BAHRAICH,0.73
08-08-2025,27.5,81.5,BAHRAICH,UTTAR PRADESH,D686,BAHRAICH,0.79
09-08-2025,27.5,81.5,BAHRAICH,UTTAR PRADESH,D686,BAHRAICH,0.7
10-08-2025,27.5,81.5,BAHRAICH,UTTAR PRADESH,D686,BAHRAICH,0.86
11-08-2025,27.5,81.5,BAHRAICH,UTTAR PRADESH,D686,BAHRAICH,0.7
12-08-2025,27.5,81.5,BAHRAICH,UTTAR PRADESH,D686,BAHRAICH,0.68
13-08-2025,27.5,81.5,BAHRAICH,UTTAR PRADESH,D686,BAHRAICH,0.64
14-08-2025,27.5,81.5,BAHRAICH,UTTAR PRADESH,D686,BAHRAICH,0.76
15-08-2025,27.5,81.5,BAHRAICH,UTTAR PRADESH,D686,BAHRAICH,0.68
16-08-2025,27.5,81.5,BAHRAICH,UTTAR PRADESH,D686,BAHRAICH,0.68
17-08-2025,27.5,81.5,BAHRAICH,UTTAR PRADESH,D686,BAHRAICH,0.85
18-08-2025,27.5,81.5,BAHRAICH,UTTAR PRADESH,D686,BAHRAICH,0.8
19-08-2025,27.5,81.5,BAHRAICH,UTTAR PRADESH,D686,BAHRAICH,0.8
20-08-2025,27.5,81.5,BAHRAICH,UTTAR PRADESH,D686,BAHRAICH,0.7
21-08-2025,27.5,81.5,BAHRAICH,UTTAR PRADESH,D686,BAHRAICH,0.66
22-08-2025,27.5,81.5,BAHRAICH,UTTAR PRADESH,D686,BAHRAICH,0.76
23-08-2025,27.5,81.5,BAHRAICH,UTTAR PRADESH,D686,BAHRAICH,0.67
24-08-2025,27.5,81.5,BAHRAICH,UTTAR PRADESH,D686,BAHRAICH,0.59
25-08-2025,27.5,81.5,BAHRAICH,UTTAR PRADESH,D686,BAHRAICH,0.6
26-08-2025,27.5,81.5,BAHRAICH,UTTAR PRADESH,D686,BAHRAICH,0.66
27-08-2025,27.5,81.5,BAHRAICH,UTTAR PRADESH,D686,BAHRAICH,0.69
28-08-2025,27.5,81.5,BAHRAICH,UTTAR PRADESH,D686,BAHRAICH,0.85
29-08-2025,27.5,81.5,BAHRAICH,UTTAR PRADESH,D686,BAHRAICH,0.74
30-08-2025,27.5,81.5,BAHRAICH,UTTAR PRADESH,D686,BAHRAICH,0.76
31-08-2025,27.5,81.5,BAHRAICH,UTTAR PRADESH,D686,BAHRAICH,0.77
01-09-2025,27.5,81.5,BAHRAICH,UTTAR PRADESH,D686,BAHRAICH,0.94
02-09-2025,27.5,81.5,BAHRAICH,UTTAR PRADESH,D686,BAHRAICH,0.96
03-09-2025,27.5,81.5,BAHRAICH,UTTAR PRADESH,D686,BAHRAICH,0.87
04-09-2025,27.5,81.5,BAHRAICH,UTTAR PRADESH,D686,BAHRAICH,0.57
05-09-2025,27.5,81.5,BAHRAICH,UTTAR PRADESH,D686,BAHRAICH,0.71
06-09-2025,27.5,81.5,BAHRAICH,UTTAR PRADESH,D686,BAHRAICH,0.95
07-09-2025,27.5,81.5,BAHRAICH,UTTAR PRADESH,D686,BAHRAICH,0.77
08-09-2025,27.5,81.5,BAHRAICH,UTTAR PRADESH,D686,BAHRAICH,0.85
09-09-2025,27.5,81.5,BAHRAICH,UTTAR PRADESH,D686,BAHRAICH,0.88
10-09-2025,27.5,81.5,BAHRAICH,UTTAR PRADESH,D686,BAHRAICH,0.74
11-09-2025,27.5,81.5,BAHRAICH,UTTAR PRADESH,D686,BAHRAICH,0.76
12-09-2025,27.5,81.5,BAHRAICH,UTTAR PRADESH,D686,BAHRAICH,0.75
13-09-2025,27.5,81.5,BAHRAICH,UTTAR PRADESH,D686,BAHRAICH,0.76
14-09-2025,27.5,81.5,BAHRAICH,UTTAR PRADESH,D686,BAHRAICH,0.87
15-09-2025,27.5,81.5,BAHRAICH,UTTAR PRADESH,D686,BAHRAICH,0.77
16-09-2025,27.5,81.5,BAHRAICH,UTTAR PRADESH,D686,BAHRAICH,0.85
17-09-2025,27.5,81.5,BAHRAICH,UTTAR PRADESH,D686,BAHRAICH,0.92
18-09-2025,27.5,81.5,BAHRAICH,UTTAR PRADESH,D686,BAHRAICH,0.84
19-09-2025,27.5,81.5,BAHRAICH,UTTAR PRADESH,D686,BAHRAICH,0.88
20-09-2025,27.5,81.5,BAHRAICH,UTTAR PRADESH,D686,BAHRAICH,0.89
21-09-2025,27.5,81.5,BAHRAICH,UTTAR PRADESH,D686,BAHRAICH,0.88
22-09-2025,27.5,81.5,BAHRAICH,UTTAR PRADESH,D686,BAHRAICH,0.86
23-09-2025,27.5,81.5,BAHRAICH,UTTAR PRADESH,D686,BAHRAICH,0.82
24-09-2025,27.5,81.5,BAHRAICH,UTTAR PRADESH,D686,BAHRAICH,0.82
25-09-2025,27.5,81.5,BAHRAICH,UTTAR PRADESH,D686,BAHRAICH,1
26-09-2025,27.5,81.5,BAHRAICH,UTTAR PRADESH,D686,BAHRAICH,0.97
27-09-2025,27.5,81.5,BAHRAICH,UTTAR PRADESH,D686,BAHRAICH,0.94
28-09-2025,27.5,81.5,BAHRAICH,UTTAR PRADESH,D686,BAHRAICH,1
29-09-2025,27.5,81.5,BAHRAICH,UTTAR PRADESH,D686,BAHRAICH,0.97
30-09-2025,27.5,81.5,BAHRAICH,UTTAR PRADESH,D686,BAHRAICH,1.23
01-10-2025,27.5,81.5,BAHRAICH,UTTAR PRADESH,D686,BAHRAICH,1.21
02-10-2025,27.5,81.5,BAHRAICH,UTTAR PRADESH,D686,BAHRAICH,1.2
03-10-2025,27.5,81.5,BAHRAICH,UTTAR PRADESH,D686,BAHRAICH,1.24
04-10-2025,27.5,81.5,BAHRAICH,UTTAR PRADESH,D686,BAHRAICH,1.13
05-10-2025,27.5,81.5,BAHRAICH,UTTAR PRADESH,D686,BAHRAICH,1.12
06-10-2025,27.5,81.5,BAHRAICH,UTTAR PRADESH,D686,BAHRAICH,1.06
07-10-2025,27.5,81.5,BAHRAICH,UTTAR PRADESH,D686,BAHRAICH,1.39
08-10-2025,27.5,81.5,BAHRAICH,UTTAR PRADESH,D686,BAHRAICH,1.49
09-10-2025,27.5,81.5,BAHRAICH,UTTAR PRADESH,D686,BAHRAICH,1.35
10-10-2025,27.5,81.5,BAHRAICH,UTTAR PRADESH,D686,BAHRAICH,1.32
11-10-2025,27.5,81.5,BAHRAICH,UTTAR PRADESH,D686,BAHRAICH,1.26
12-10-2025,27.5,81.5,BAHRAICH,UTTAR PRADESH,D686,BAHRAICH,1.56
13-10-2025,27.5,81.5,BAHRAICH,UTTAR PRADESH,D686,BAHRAICH,1.67
14-10-2025,27.5,81.5,BAHRAICH,UTTAR PRADESH,D686,BAHRAICH,1.68
15-10-2025,27.5,81.5,BAHRAICH,UTTAR PRADESH,D686,BAHRAICH,1.72
16-10-2025,27.5,81.5,BAHRAICH,UTTAR PRADESH,D686,BAHRAICH,1.67
17-10-2025,27.5,81.5,BAHRAICH,UTTAR PRADESH,D686,BAHRAICH,1.75
18-10-2025,27.5,81.5,BAHRAICH,UTTAR PRADESH,D686,BAHRAICH,1.5
19-10-2025,27.5,81.5,BAHRAICH,UTTAR PRADESH,D686,BAHRAICH,1.65
20-10-2025,27.5,81.5,BAHRAICH,UTTAR PRADESH,D686,BAHRAICH,1.7
21-10-2025,27.5,81.5,BAHRAICH,UTTAR PRADESH,D686,BAHRAICH,1.54
22-10-2025,27.5,81.5,BAHRAICH,UTTAR PRADESH,D686,BAHRAICH,1.5
23-10-2025,27.5,81.5,BAHRAICH,UTTAR PRADESH,D686,BAHRAICH,1.66
24-10-2025,27.5,81.5,BAHRAICH,UTTAR PRADESH,D686,BAHRAICH,1.71
25-10-2025,27.5,81.5,BAHRAICH,UTTAR PRADESH,D686,BAHRAICH,1.69
26-10-2025,27.5,81.5,BAHRAICH,UTTAR PRADESH,D686,BAHRAICH,1.58
27-10-2025,27.5,81.5,BAHRAICH,UTTAR PRADESH,D686,BAHRAICH,1.48
28-10-2025,27.5,81.5,BAHRAICH,UTTAR PRADESH,D686,BAHRAICH,1.64
29-10-2025,27.5,81.5,BAHRAICH,UTTAR PRADESH,D686,BAHRAICH,1.66
30-10-2025,27.5,81.5,BAHRAICH,UTTAR PRADESH,D686,BAHRAICH,1.82
31-10-2025,27.5,81.5,BAHRAICH,UTTAR PRADESH,D686,BAHRAICH,1.48
01-11-2025,27.5,81.5,BAHRAICH,UTTAR PRADESH,D686,BAHRAICH,1.65
02-11-2025,27.5,81.5,BAHRAICH,UTTAR PRADESH,D686,BAHRAICH,1.54
03-11-2025,27.5,81.5,BAHRAICH,UTTAR PRADESH,D686,BAHRAICH,1.57
04-11-2025,27.5,81.5,BAHRAICH,UTTAR PRADESH,D686,BAHRAICH,1.72
05-11-2025,27.5,81.5,BAHRAICH,UTTAR PRADESH,D686,BAHRAICH,1.63
06-11-2025,27.5,81.5,BAHRAICH,UTTAR PRADESH,D686,BAHRAICH,1.69
07-11-2025,27.5,81.5,BAHRAICH,UTTAR PRADESH,D686,BAHRAICH,1.7
08-11-2025,27.5,81.5,BAHRAICH,UTTAR PRADESH,D686,BAHRAICH,1.79
09-11-2025,27.5,81.5,BAHRAICH,UTTAR PRADESH,D686,BAHRAICH,1.93
10-11-2025,27.5,81.5,BAHRAICH,UTTAR PRADESH,D686,BAHRAICH,2.01
11-11-2025,27.5,81.5,BAHRAICH,UTTAR PRADESH,D686,BAHRAICH,1.77
12-11-2025,27.5,81.5,BAHRAICH,UTTAR PRADESH,D686,BAHRAICH,1.77
13-11-2025,27.5,81.5,BAHRAICH,UTTAR PRADESH,D686,BAHRAICH,1.6
14-11-2025,27.5,81.5,BAHRAICH,UTTAR PRADESH,D686,BAHRAICH,1.83
15-11-2025,27.5,81.5,BAHRAICH,UTTAR PRADESH,D686,BAHRAICH,1.82
16-11-2025,27.5,81.5,BAHRAICH,UTTAR PRADESH,D686,BAHRAICH,2.02
17-11-2025,27.5,81.5,BAHRAICH,UTTAR PRADESH,D686,BAHRAICH,1.95
18-11-2025,27.5,81.5,BAHRAICH,UTTAR PRADESH,D686,BAHRAICH,2.1
19-11-2025,27.5,81.5,BAHRAICH,UTTAR PRADESH,D686,BAHRAICH,1.89
20-11-2025,27.5,81.5,BAHRAICH,UTTAR PRADESH,D686,BAHRAICH,1.73
21-11-2025,27.5,81.5,BAHRAICH,UTTAR PRADESH,D686,BAHRAICH,1.62
22-11-2025,27.5,81.5,BAHRAICH,UTTAR PRADESH,D686,BAHRAICH,1.59
23-11-2025,27.5,81.5,BAHRAICH,UTTAR PRADESH,D686,BAHRAICH,1.77
24-11-2025,27.5,81.5,BAHRAICH,UTTAR PRADESH,D686,BAHRAICH,1.73
25-11-2025,27.5,81.5,BAHRAICH,UTTAR PRADESH,D686,BAHRAICH,1.66
26-11-2025,27.5,81.5,BAHRAICH,UTTAR PRADESH,D686,BAHRAICH,1.79
27-11-2025,27.5,81.5,BAHRAICH,UTTAR PRADESH,D686,BAHRAICH,1.82
28-11-2025,27.5,81.5,BAHRAICH,UTTAR PRADESH,D686,BAHRAICH,1.8
29-11-2025,27.5,81.5,BAHRAICH,UTTAR PRADESH,D686,BAHRAICH,1.66
30-11-2025,27.5,81.5,BAHRAICH,UTTAR PRADESH,D686,BAHRAICH,1.73
01-12-2025,27.5,81.5,BAHRAICH,UTTAR PRADESH,D686,BAHRAICH,1.85
02-12-2025,27.5,81.5,BAHRAICH,UTTAR PRADESH,D686,BAHRAICH,1.99
03-12-2025,27.5,81.5,BAHRAICH,UTTAR PRADESH,D686,BAHRAICH,1.99
04-12-2025,27.5,81.5,BAHRAICH,UTTAR PRADESH,D686,BAHRAICH,1.74
05-12-2025,27.5,81.5,BAHRAICH,UTTAR PRADESH,D686,BAHRAICH,1.54
06-12-2025,27.5,81.5,BAHRAICH,UTTAR PRADESH,D686,BAHRAICH,1.86
07-12-2025,27.5,81.5,BAHRAICH,UTTAR PRADESH,D686,BAHRAICH,1.85
08-12-2025,27.5,81.5,BAHRAICH,UTTAR PRADESH,D686,BAHRAICH,1.85
09-12-2025,27.5,81.5,BAHRAICH,UTTAR PRADESH,D686,BAHRAICH,1.9
10-12-2025,27.5,81.5,BAHRAICH,UTTAR PRADESH,D686,BAHRAICH,2.01
11-12-2025,27.5,81.5,BAHRAICH,UTTAR PRADESH,D686,BAHRAICH,1.83
12-12-2025,27.5,81.5,BAHRAICH,UTTAR PRADESH,D686,BAHRAICH,2.02
13-12-2025,27.5,81.5,BAHRAICH,UTTAR PRADESH,D686,BAHRAICH,2.04
14-12-2025,27.5,81.5,BAHRAICH,UTTAR PRADESH,D686,BAHRAICH,2.02
15-12-2025,27.5,81.5,BAHRAICH,UTTAR PRADESH,D686,BAHRAICH,1.75
16-12-2025,27.5,81.5,BAHRAICH,UTTAR PRADESH,D686,BAHRAICH,1.72
17-12-2025,27.5,81.5,BAHRAICH,UTTAR PRADESH,D686,BAHRAICH,1.74
18-12-2025,27.5,81.5,BAHRAICH,UTTAR PRADESH,D686,BAHRAICH,1.65
19-12-2025,27.5,81.5,BAHRAICH,UTTAR PRADESH,D686,BAHRAICH,1.97
20-12-2025,27.5,81.5,BAHRAICH,UTTAR PRADESH,D686,BAHRAICH,1.98
21-12-2025,27.5,81.5,BAHRAICH,UTTAR PRADESH,D686,BAHRAICH,1.97
22-12-2025,27.5,81.5,BAHRAICH,UTTAR PRADESH,D686,BAHRAICH,2.09
23-12-2025,27.5,81.5,BAHRAICH,UTTAR PRADESH,D686,BAHRAICH,1.83
24-12-2025,27.5,81.5,BAHRAICH,UTTAR PRADESH,D686,BAHRAICH,1.52
25-12-2025,27.5,81.5,BAHRAICH,UTTAR PRADESH,D686,BAHRAICH,1.59
26-12-2025,27.5,81.5,BAHRAICH,UTTAR PRADESH,D686,BAHRAICH,1.56
27-12-2025,27.5,81.5,BAHRAICH,UTTAR PRADESH,D686,BAHRAICH,1.62
28-12-2025,27.5,81.5,BAHRAICH,UTTAR PRADESH,D686,BAHRAICH,1.86
29-12-2025,27.5,81.5,BAHRAICH,UTTAR PRADESH,D686,BAHRAICH,1.72
30-12-2025,27.5,81.5,BAHRAICH,UTTAR PRADESH,D686,BAHRAICH,1.72
31-12-2025,27.5,81.5,BAHRAICH,UTTAR PRADESH,D686,BAHRAICH,2.07
01-01-2025,25.5,80.5,BANDA,UTTAR PRADESH,D689,ATARRA,2.35
02-01-2025,25.5,80.5,BANDA,UTTAR PRADESH,D689,ATARRA,2.18
03-01-2025,25.5,80.5,BANDA,UTTAR PRADESH,D689,ATARRA,2.67
04-01-2025,25.5,80.5,BANDA,UTTAR PRADESH,D689,ATARRA,2.73
05-01-2025,25.5,80.5,BANDA,UTTAR PRADESH,D689,ATARRA,2.54
06-01-2025,25.5,80.5,BANDA,UTTAR PRADESH,D689,ATARRA,2.76
07-01-2025,25.5,80.5,BANDA,UTTAR PRADESH,D689,ATARRA,3.17
08-01-2025,25.5,80.5,BANDA,UTTAR PRADESH,D689,ATARRA,3.24
09-01-2025,25.5,80.5,BANDA,UTTAR PRADESH,D689,ATARRA,2.99
10-01-2025,25.5,80.5,BANDA,UTTAR PRADESH,D689,ATARRA,2.71
11-01-2025,25.5,80.5,BANDA,UTTAR PRADESH,D689,ATARRA,2.39
12-01-2025,25.5,80.5,BANDA,UTTAR PRADESH,D689,ATARRA,1.88
13-01-2025,25.5,80.5,BANDA,UTTAR PRADESH,D689,ATARRA,2.24
14-01-2025,25.5,80.5,BANDA,UTTAR PRADESH,D689,ATARRA,2.26
15-01-2025,25.5,80.5,BANDA,UTTAR PRADESH,D689,ATARRA,2.33
16-01-2025,25.5,80.5,BANDA,UTTAR PRADESH,D689,ATARRA,2.59
17-01-2025,25.5,80.5,BANDA,UTTAR PRADESH,D689,ATARRA,2.91
18-01-2025,25.5,80.5,BANDA,UTTAR PRADESH,D689,ATARRA,3.01
19-01-2025,25.5,80.5,BANDA,UTTAR PRADESH,D689,ATARRA,2.83
20-01-2025,25.5,80.5,BANDA,UTTAR PRADESH,D689,ATARRA,2.28
21-01-2025,25.5,80.5,BANDA,UTTAR PRADESH,D689,ATARRA,2.03
22-01-2025,25.5,80.5,BANDA,UTTAR PRADESH,D689,ATARRA,2.3
23-01-2025,25.5,80.5,BANDA,UTTAR PRADESH,D689,ATARRA,2.5
24-01-2025,25.5,80.5,BANDA,UTTAR PRADESH,D689,ATARRA,2.41
25-01-2025,25.5,80.5,BANDA,UTTAR PRADESH,D689,ATARRA,2.3
26-01-2025,25.5,80.5,BANDA,UTTAR PRADESH,D689,ATARRA,2.19
27-01-2025,25.5,80.5,BANDA,UTTAR PRADESH,D689,ATARRA,2.33
28-01-2025,25.5,80.5,BANDA,UTTAR PRADESH,D689,ATARRA,2.26
29-01-2025,25.5,80.5,BANDA,UTTAR PRADESH,D689,ATARRA,2.22
30-01-2025,25.5,80.5,BANDA,UTTAR PRADESH,D689,ATARRA,2.29
31-01-2025,25.5,80.5,BANDA,UTTAR PRADESH,D689,ATARRA,2.37
01-02-2025,25.5,80.5,BANDA,UTTAR PRADESH,D689,ATARRA,2.1
02-02-2025,25.5,80.5,BANDA,UTTAR PRADESH,D689,ATARRA,1.98
03-02-2025,25.5,80.5,BANDA,UTTAR PRADESH,D689,ATARRA,1.85
04-02-2025,25.5,80.5,BANDA,UTTAR PRADESH,D689,ATARRA,1.84
05-02-2025,25.5,80.5,BANDA,UTTAR PRADESH,D689,ATARRA,1.94
06-02-2025,25.5,80.5,BANDA,UTTAR PRADESH,D689,ATARRA,1.98
07-02-2025,25.5,80.5,BANDA,UTTAR PRADESH,D689,ATARRA,2.23
08-02-2025,25.5,80.5,BANDA,UTTAR PRADESH,D689,ATARRA,2.26
09-02-2025,25.5,80.5,BANDA,UTTAR PRADESH,D689,ATARRA,2.15
10-02-2025,25.5,80.5,BANDA,UTTAR PRADESH,D689,ATARRA,2.25
11-02-2025,25.5,80.5,BANDA,UTTAR PRADESH,D689,ATARRA,2.27
12-02-2025,25.5,80.5,BANDA,UTTAR PRADESH,D689,ATARRA,2.33
13-02-2025,25.5,80.5,BANDA,UTTAR PRADESH,D689,ATARRA,2.3
14-02-2025,25.5,80.5,BANDA,UTTAR PRADESH,D689,ATARRA,2.36
15-02-2025,25.5,80.5,BANDA,UTTAR PRADESH,D689,ATARRA,2.42
16-02-2025,25.5,80.5,BANDA,UTTAR PRADESH,D689,ATARRA,1.85
17-02-2025,25.5,80.5,BANDA,UTTAR PRADESH,D689,ATARRA,1.92
18-02-2025,25.5,80.5,BANDA,UTTAR PRADESH,D689,ATARRA,2.2
19-02-2025,25.5,80.5,BANDA,UTTAR PRADESH,D689,ATARRA,2.25
20-02-2025,25.5,80.5,BANDA,UTTAR PRADESH,D689,ATARRA,2.33
21-02-2025,25.5,80.5,BANDA,UTTAR PRADESH,D689,ATARRA,2.14
22-02-2025,25.5,80.5,BANDA,UTTAR PRADESH,D689,ATARRA,1.79
23-02-2025,25.5,80.5,BANDA,UTTAR PRADESH,D689,ATARRA,2.01
24-02-2025,25.5,80.5,BANDA,UTTAR PRADESH,D689,ATARRA,2.18
25-02-2025,25.5,80.5,BANDA,UTTAR PRADESH,D689,ATARRA,2.27
26-02-2025,25.5,80.5,BANDA,UTTAR PRADESH,D689,ATARRA,2.02
27-02-2025,25.5,80.5,BANDA,UTTAR PRADESH,D689,ATARRA,1.83
28-02-2025,25.5,80.5,BANDA,UTTAR PRADESH,D689,ATARRA,2.11
29-02-2025,25.5,80.5,BANDA,UTTAR PRADESH,D689,ATARRA,1.94
01-03-2025,25.5,80.5,BANDA,UTTAR PRADESH,D689,ATARRA,2.25
02-03-2025,25.5,80.5,BANDA,UTTAR PRADESH,D689,ATARRA,2.15
03-03-2025,25.5,80.5,BANDA,UTTAR PRADESH,D689,ATARRA,2.06
04-03-2025,25.5,80.5,BANDA,UTTAR PRADESH,D689,ATARRA,1.88
05-03-2025,25.5,80.5,BANDA,UTTAR PRADESH,D689,ATARRA,2.23
06-03-2025,25.5,80.5,BANDA,UTTAR PRADESH,D689,ATARRA,2.34
07-03-2025,25.5,80.5,BANDA,UTTAR PRADESH,D689,ATARRA,2.21
08-03-2025,25.5,80.5,BANDA,UTTAR PRADESH,D689,ATARRA,1.99
09-03-2025,25.5,80.5,BANDA,UTTAR PRADESH,D689,ATARRA,2.29
10-03-2025,25.5,80.5,BANDA,UTTAR PRADESH,D689,ATARRA,1.86
11-03-2025,25.5,80.5,BANDA,UTTAR PRADESH,D689,ATARRA,1.74
12-03-2025,25.5,80.5,BANDA,UTTAR PRADESH,D689,ATARRA,1.69
13-03-2025,25.5,80.5,BANDA,UTTAR PRADESH,D689,ATARRA,1.79
14-03-2025,25.5,80.5,BANDA,UTTAR PRADESH,D689,ATARRA,1.82
15-03-2025,25.5,80.5,BANDA,UTTAR PRADESH,D689,ATARRA,2.07
16-03-2025,25.5,80.5,BANDA,UTTAR PRADESH,D689,ATARRA,2.11
17-03-2025,25.5,80.5,BANDA,UTTAR PRADESH,D689,ATARRA,1.66
18-03-2025,25.5,80.5,BANDA,UTTAR PRADESH,D689,ATARRA,1.71
19-03-2025,25.5,80.5,BANDA,UTTAR PRADESH,D689,ATARRA,1.92
20-03-2025,25.5,80.5,BANDA,UTTAR PRADESH,D689,ATARRA,2.08
21-03-2025,25.5,80.5,BANDA,UTTAR PRADESH,D689,ATARRA,1.87
22-03-2025,25.5,80.5,BANDA,UTTAR PRADESH,D689,ATARRA,1.7
23-03-2025,25.5,80.5,BANDA,UTTAR PRADESH,D689,ATARRA,1.68
24-03-2025,25.5,80.5,BANDA,UTTAR PRADESH,D689,ATARRA,1.8
25-03-2025,25.5,80.5,BANDA,UTTAR PRADESH,D689,ATARRA,2.16
26-03-2025,25.5,80.5,BANDA,UTTAR PRADESH,D689,ATARRA,1.94
27-03-2025,25.5,80.5,BANDA,UTTAR PRADESH,D689,ATARRA,2.05
28-03-2025,25.5,80.5,BANDA,UTTAR PRADESH,D689,ATARRA,1.56
29-03-2025,25.5,80.5,BANDA,UTTAR PRADESH,D689,ATARRA,1.63
30-03-2025,25.5,80.5,BANDA,UTTAR PRADESH,D689,ATARRA,1.88
31-03-2025,25.5,80.5,BANDA,UTTAR PRADESH,D689,ATARRA,1.92
01-04-2025,25.5,80.5,BANDA,UTTAR PRADESH,D689,ATARRA,1.73
02-04-2025,25.5,80.5,BANDA,UTTAR PRADESH,D689,ATARRA,1.77
03-04-2025,25.5,80.5,BANDA,UTTAR PRADESH,D689,ATARRA,1.82
04-04-2025,25.5,80.5,BANDA,UTTAR PRADESH,D689,ATARRA,2.27
05-04-2025,25.5,80.5,BANDA,UTTAR PRADESH,D689,ATARRA,1.98
06-04-2025,25.5,80.5,BANDA,UTTAR PRADESH,D689,ATARRA,1.99
07-04-2025,25.5,80.5,BANDA,UTTAR PRADESH,D689,ATARRA,1.77
08-04-2025,25.5,80.5,BANDA,UTTAR PRADESH,D689,ATARRA,1.54
09-04-2025,25.5,80.5,BANDA,UTTAR PRADESH,D689,ATARRA,1.48
10-04-2025,25.5,80.5,BANDA,UTTAR PRADESH,D689,ATARRA,2.02
11-04-2025,25.5,80.5,BANDA,UTTAR PRADESH,D689,ATARRA,2.16
12-04-2025,25.5,80.5,BANDA,UTTAR PRADESH,D689,ATARRA,1.99
13-04-2025,25.5,80.5,BANDA,UTTAR PRADESH,D689,ATARRA,1.96
14-04-2025,25.5,80.5,BANDA,UTTAR PRADESH,D689,ATARRA,1.6
15-04-2025,25.5,80.5,BANDA,UTTAR PRADESH,D689,ATARRA,1.61
16-04-2025,25.5,80.5,BANDA,UTTAR PRADESH,D689,ATARRA,1.6
17-04-2025,25.5,80.5,BANDA,UTTAR PRADESH,D689,ATARRA,1.93
18-04-2025,25.5,80.5,BANDA,UTTAR PRADESH,D689,ATARRA,2.24
19-04-2025,25.5,80.5,BANDA,UTTAR PRADESH,D689,ATARRA,2.1
20-04-2025,25.5,80.5,BANDA,UTTAR PRADESH,D689,ATARRA,2.28
21-04-2025,25.5,80.5,BANDA,UTTAR PRADESH,D689,ATARRA,2.15
22-04-2025,25.5,80.5,BANDA,UTTAR PRADESH,D689,ATARRA,2.09
23-04-2025,25.5,80.5,BANDA,UTTAR PRADESH,D689,ATARRA,1.72
24-04-2025,25.5,80.5,BANDA,UTTAR PRADESH,D689,ATARRA,1.64
25-04-2025,25.5,80.5,BANDA,UTTAR PRADESH,D689,ATARRA,1.81
26-04-2025,25.5,80.5,BANDA,UTTAR PRADESH,D689,ATARRA,1.68
27-04-2025,25.5,80.5,BANDA,UTTAR PRADESH,D689,ATARRA,1.67
28-04-2025,25.5,80.5,BANDA,UTTAR PRADESH,D689,ATARRA,1.23
29-04-2025,25.5,80.5,BANDA,UTTAR PRADESH,D689,ATARRA,1.41
30-04-2025,25.5,80.5,BANDA,UTTAR PRADESH,D689,ATARRA,1.51
01-05-2025,25.5,80.5,BANDA,UTTAR PRADESH,D689,ATARRA,1.92
02-05-2025,25.5,80.5,BANDA,UTTAR PRADESH,D689,ATARRA,2.05
03-05-2025,25.5,80.5,BANDA,UTTAR PRADESH,D689,ATARRA,2.32
04-05-2025,25.5,80.5,BANDA,UTTAR PRADESH,D689,ATARRA,2.18
05-05-2025,25.5,80.5,BANDA,UTTAR PRADESH,D689,ATARRA,1.81
06-05-2025,25.5,80.5,BANDA,UTTAR PRADESH,D689,ATARRA,1.66
07-05-2025,25.5,80.5,BANDA,UTTAR PRADESH,D689,ATARRA,1.44
08-05-2025,25.5,80.5,BANDA,UTTAR PRADESH,D689,ATARRA,1.49
09-05-2025,25.5,80.5,BANDA,UTTAR PRADESH,D689,ATARRA,1.41
10-05-2025,25.5,80.5,BANDA,UTTAR PRADESH,D689,ATARRA,1.94
11-05-2025,25.5,80.5,BANDA,UTTAR PRADESH,D689,ATARRA,2.39
12-05-2025,25.5,80.5,BANDA,UTTAR PRADESH,D689,ATARRA,1.84
13-05-2025,25.5,80.5,BANDA,UTTAR PRADESH,D689,ATARRA,1.71
14-05-2025,25.5,80.5,BANDA,UTTAR PRADESH,D689,ATARRA,1.77
15-05-2025,25.5,80.5,BANDA,UTTAR PRADESH,D689,ATARRA,1.53
16-05-2025,25.5,80.5,BANDA,UTTAR PRADESH,D689,ATARRA,1.7
17-05-2025,25.5,80.5,BANDA,UTTAR PRADESH,D689,ATARRA,1.86
18-05-2025,25.5,80.5,BANDA,UTTAR PRADESH,D689,ATARRA,1.79
19-05-2025,25.5,80.5,BANDA,UTTAR PRADESH,D689,ATARRA,1.98
20-05-2025,25.5,80.5,BANDA,UTTAR PRADESH,D689,ATARRA,1.86
21-05-2025,25.5,80.5,BANDA,UTTAR PRADESH,D689,ATARRA,1.97
22-05-2025,25.5,80.5,BANDA,UTTAR PRADESH,D689,ATARRA,1.76
23-05-2025,25.5,80.5,BANDA,UTTAR PRADESH,D689,ATARRA,1.65
24-05-2025,25.5,80.5,BANDA,UTTAR PRADESH,D689,ATARRA,1.9
25-05-2025,25.5,80.5,BANDA,UTTAR PRADESH,D689,ATARRA,1.76
26-05-2025,25.5,80.5,BANDA,UTTAR PRADESH,D689,ATARRA,2.41
27-05-2025,25.5,80.5,BANDA,UTTAR PRADESH,D689,ATARRA,1.87
28-05-2025,25.5,80.5,BANDA,UTTAR PRADESH,D689,ATARRA,1.99
29-05-2025,25.5,80.5,BANDA,UTTAR PRADESH,D689,ATARRA,1.93
30-05-2025,25.5,80.5,BANDA,UTTAR PRADESH,D689,ATARRA,2.2
31-05-2025,25.5,80.5,BANDA,UTTAR PRADESH,D689,ATARRA,1.87
01-06-2025,25.5,80.5,BANDA,UTTAR PRADESH,D689,ATARRA,1.67
02-06-2025,25.5,80.5,BANDA,UTTAR PRADESH,D689,ATARRA,1.67
03-06-2025,25.5,80.5,BANDA,UTTAR PRADESH,D689,ATARRA,1.5
04-06-2025,25.5,80.5,BANDA,UTTAR PRADESH,D689,ATARRA,1.77
05-06-2025,25.5,80.5,BANDA,UTTAR PRADESH,D689,ATARRA,2.12
06-06-2025,25.5,80.5,BANDA,UTTAR PRADESH,D689,ATARRA,1.81
07-06-2025,25.5,80.5,BANDA,UTTAR PRADESH,D689,ATARRA,1.63
08-06-2025,25.5,80.5,BANDA,UTTAR PRADESH,D689,ATARRA,1.71
09-06-2025,25.5,80.5,BANDA,UTTAR PRADESH,D689,ATARRA,1.74
10-06-2025,25.5,80.5,BANDA,UTTAR PRADESH,D689,ATARRA,1.92
11-06-2025,25.5,80.5,BANDA,UTTAR PRADESH,D689,ATARRA,1.83
12-06-2025,25.5,80.5,BANDA,UTTAR PRADESH,D689,ATARRA,1.8
13-06-2025,25.5,80.5,BANDA,UTTAR PRADESH,D689,ATARRA,1.77
14-06-2025,25.5,80.5,BANDA,UTTAR PRADESH,D689,ATARRA,1.81
15-06-2025,25.5,80.5,BANDA,UTTAR PRADESH,D689,ATARRA,2.14
16-06-2025,25.5,80.5,BANDA,UTTAR PRADESH,D689,ATARRA,2.06
17-06-2025,25.5,80.5,BANDA,UTTAR PRADESH,D689,ATARRA,1.93
18-06-2025,25.5,80.5,BANDA,UTTAR PRADESH,D689,ATARRA,1.77
19-06-2025,25.5,80.5,BANDA,UTTAR PRADESH,D689,ATARRA,1.82
20-06-2025,25.5,80.5,BANDA,UTTAR PRADESH,D689,ATARRA,1.84
21-06-2025,25.5,80.5,BANDA,UTTAR PRADESH,D689,ATARRA,1.82
22-06-2025,25.5,80.5,BANDA,UTTAR PRADESH,D689,ATARRA,1.58
23-06-2025,25.5,80.5,BANDA,UTTAR PRADESH,D689,ATARRA,1.71
24-06-2025,25.5,80.5,BANDA,UTTAR PRADESH,D689,ATARRA,1.47
25-06-2025,25.5,80.5,BANDA,UTTAR PRADESH,D689,ATARRA,1.43
26-06-2025,25.5,80.5,BANDA,UTTAR PRADESH,D689,ATARRA,1.4
27-06-2025,25.5,80.5,BANDA,UTTAR PRADESH,D689,ATARRA,1.54
28-06-2025,25.5,80.5,BANDA,UTTAR PRADESH,D689,ATARRA,1.57
29-06-2025,25.5,80.5,BANDA,UTTAR PRADESH,D689,ATARRA,1.39
30-06-2025,25.5,80.5,BANDA,UTTAR PRADESH,D689,ATARRA,1.67
01-07-2025,25.5,80.5,BANDA,UTTAR PRADESH,D689,ATARRA,1.56
02-07-2025,25.5,80.5,BANDA,UTTAR PRADESH,D689,ATARRA,1.21
03-07-2025,25.5,80.5,BANDA,UTTAR PRADESH,D689,ATARRA,1.39
04-07-2025,25.5,80.5,BANDA,UTTAR PRADESH,D689,ATARRA,1.22
05-07-2025,25.5,80.5,BANDA,UTTAR PRADESH,D689,ATARRA,1.23
06-07-2025,25.5,80.5,BANDA,UTTAR PRADESH,D689,ATARRA,1.36
07-07-2025,25.5,80.5,BANDA,UTTAR PRADESH,D689,ATARRA,1.3
08-07-2025,25.5,80.5,BANDA,UTTAR PRADESH,D689,ATARRA,1.23
09-07-2025,25.5,80.5,BANDA,UTTAR PRADESH,D689,ATARRA,1.25
10-07-2025,25.5,80.5,BANDA,UTTAR PRADESH,D689,ATARRA,1.22
11-07-2025,25.5,80.5,BANDA,UTTAR PRADESH,D689,ATARRA,1.22
12-07-2025,25.5,80.5,BANDA,UTTAR PRADESH,D689,ATARRA,1.3
13-07-2025,25.5,80.5,BANDA,UTTAR PRADESH,D689,ATARRA,1.21
14-07-2025,25.5,80.5,BANDA,UTTAR PRADESH,D689,ATARRA,1.22
15-07-2025,25.5,80.5,BANDA,UTTAR PRADESH,D689,ATARRA,1.21
16-07-2025,25.5,80.5,BANDA,UTTAR PRADESH,D689,ATARRA,1.13
17-07-2025,25.5,80.5,BANDA,UTTAR PRADESH,D689,ATARRA,1.3
18-07-2025,25.5,80.5,BANDA,UTTAR PRADESH,D689,ATARRA,1.33
19-07-2025,25.5,80.5,BANDA,UTTAR PRADESH,D689,ATARRA,1.11
20-07-2025,25.5,80.5,BANDA,UTTAR PRADESH,D689,ATARRA,1
21-07-2025,25.5,80.5,BANDA,UTTAR PRADESH,D689,ATARRA,1.1
22-07-2025,25.5,80.5,BANDA,UTTAR PRADESH,D689,ATARRA,1.01
23-07-2025,25.5,80.5,BANDA,UTTAR PRADESH,D689,ATARRA,1.15
24-07-2025,25.5,80.5,BANDA,UTTAR PRADESH,D689,ATARRA,1.1
25-07-2025,25.5,80.5,BANDA,UTTAR PRADESH,D689,ATARRA,1.1
26-07-2025,25.5,80.5,BANDA,UTTAR PRADESH,D689,ATARRA,1.16
27-07-2025,25.5,80.5,BANDA,UTTAR PRADESH,D689,ATARRA,1.23
28-07-2025,25.5,80.5,BANDA,UTTAR PRADESH,D689,ATARRA,1.26
29-07-2025,25.5,80.5,BANDA,UTTAR PRADESH,D689,ATARRA,0.97
30-07-2025,25.5,80.5,BANDA,UTTAR PRADESH,D689,ATARRA,0.95
31-07-2025,25.5,80.5,BANDA,UTTAR PRADESH,D689,ATARRA,1.06
01-08-2025,25.5,80.5,BANDA,UTTAR PRADESH,D689,ATARRA,0.89
02-08-2025,25.5,80.5,BANDA,UTTAR PRADESH,D689,ATARRA,1
03-08-2025,25.5,80.5,BANDA,UTTAR PRADESH,D689,ATARRA,0.75
04-08-2025,25.5,80.5,BANDA,UTTAR PRADESH,D689,ATARRA,0.73
05-08-2025,25.5,80.5,BANDA,UTTAR PRADESH,D689,ATARRA,0.69
06-08-2025,25.5,80.5,BANDA,UTTAR PRADESH,D689,ATARRA,0.82
07-08-2025,25.5,80.5,BANDA,UTTAR PRADESH,D689,ATARRA,0.84
08-08-2025,25.5,80.5,BANDA,UTTAR PRADESH,D689,ATARRA,0.93
09-08-2025,25.5,80.5,BANDA,UTTAR PRADESH,D689,ATARRA,0.82
10-08-2025,25.5,80.5,BANDA,UTTAR PRADESH,D689,ATARRA,0.93
11-08-2025,25.5,80.5,BANDA,UTTAR PRADESH,D689,ATARRA,0.98
12-08-2025,25.5,80.5,BANDA,UTTAR PRADESH,D689,ATARRA,0.77
13-08-2025,25.5,80.5,BANDA,UTTAR PRADESH,D689,ATARRA,0.89
14-08-2025,25.5,80.5,BANDA,UTTAR PRADESH,D689,ATARRA,0.79
15-08-2025,25.5,80.5,BANDA,UTTAR PRADESH,D689,ATARRA,0.85
16-08-2025,25.5,80.5,BANDA,UTTAR PRADESH,D689,ATARRA,0.88
17-08-2025,25.5,80.5,BANDA,UTTAR PRADESH,D689,ATARRA,1.1
18-08-2025,25.5,80.5,BANDA,UTTAR PRADESH,D689,ATARRA,0.95
19-08-2025,25.5,80.5,BANDA,UTTAR PRADESH,D689,ATARRA,0.92
20-08-2025,25.5,80.5,BANDA,UTTAR PRADESH,D689,ATARRA,1
21-08-2025,25.5,80.5,BANDA,UTTAR PRADESH,D689,ATARRA,1.02
22-08-2025,25.5,80.5,BANDA,UTTAR PRADESH,D689,ATARRA,1.05
23-08-2025,25.5,80.5,BANDA,UTTAR PRADESH,D689,ATARRA,0.99
24-08-2025,25.5,80.5,BANDA,UTTAR PRADESH,D689,ATARRA,0.65
25-08-2025,25.5,80.5,BANDA,UTTAR PRADESH,D689,ATARRA,0.82
26-08-2025,25.5,80.5,BANDA,UTTAR PRADESH,D689,ATARRA,0.85
27-08-2025,25.5,80.5,BANDA,UTTAR PRADESH,D689,ATARRA,0.84
28-08-2025,25.5,80.5,BANDA,UTTAR PRADESH,D689,ATARRA,0.97
29-08-2025,25.5,80.5,BANDA,UTTAR PRADESH,D689,ATARRA,0.72
30-08-2025,25.5,80.5,BANDA,UTTAR PRADESH,D689,ATARRA,0.87
31-08-2025,25.5,80.5,BANDA,UTTAR PRADESH,D689,ATARRA,0.8
01-09-2025,25.5,80.5,BANDA,UTTAR PRADESH,D689,ATARRA,0.95
02-09-2025,25.5,80.5,BANDA,UTTAR PRADESH,D689,ATARRA,1.1
03-09-2025,25.5,80.5,BANDA,UTTAR PRADESH,D689,ATARRA,0.89
04-09-2025,25.5,80.5,BANDA,UTTAR PRADESH,D689,ATARRA,0.84
05-09-2025,25.5,80.5,BANDA,UTTAR PRADESH,D689,ATARRA,0.9
06-09-2025,25.5,80.5,BANDA,UTTAR PRADESH,D689,ATARRA,0.86
07-09-2025,25.5,80.5,BANDA,UTTAR PRADESH,D689,ATARRA,0.97
08-09-2025,25.5,80.5,BANDA,UTTAR PRADESH,D689,ATARRA,1.05
09-09-2025,25.5,80.5,BANDA,UTTAR PRADESH,D689,ATARRA,1.07
10-09-2025,25.5,80.5,BANDA,UTTAR PRADESH,D689,ATARRA,0.97
11-09-2025,25.5,80.5,BANDA,UTTAR PRADESH,D689,ATARRA,0.91
12-09-2025,25.5,80.5,BANDA,UTTAR PRADESH,D689,ATARRA,0.93
13-09-2025,25.5,80.5,BANDA,UTTAR PRADESH,D689,ATARRA,0.84
14-09-2025,25.5,80.5,BANDA,UTTAR PRADESH,D689,ATARRA,0.99
15-09-2025,25.5,80.5,BANDA,UTTAR PRADESH,D689,ATARRA,1.13
16-09-2025,25.5,80.5,BANDA,UTTAR PRADESH,D689,ATARRA,0.95
17-09-2025,25.5,80.5,BANDA,UTTAR PRADESH,D689,ATARRA,1
18-09-2025,25.5,80.5,BANDA,UTTAR PRADESH,D689,ATARRA,1.03
19-09-2025,25.5,80.5,BANDA,UTTAR PRADESH,D689,ATARRA,1.06
20-09-2025,25.5,80.5,BANDA,UTTAR PRADESH,D689,ATARRA,1.02
21-09-2025,25.5,80.5,BANDA,UTTAR PRADESH,D689,ATARRA,1.14
22-09-2025,25.5,80.5,BANDA,UTTAR PRADESH,D689,ATARRA,1.06
23-09-2025,25.5,80.5,BANDA,UTTAR PRADESH,D689,ATARRA,0.94
24-09-2025,25.5,80.5,BANDA,UTTAR PRADESH,D689,ATARRA,0.86
25-09-2025,25.5,80.5,BANDA,UTTAR PRADESH,D689,ATARRA,1.07
26-09-2025,25.5,80.5,BANDA,UTTAR PRADESH,D689,ATARRA,1.03
27-09-2025,25.5,80.5,BANDA,UTTAR PRADESH,D689,ATARRA,1.02
28-09-2025,25.5,80.5,BANDA,UTTAR PRADESH,D689,ATARRA,1.15
29-09-2025,25.5,80.5,BANDA,UTTAR PRADESH,D689,ATARRA,1.14
30-09-2025,25.5,80.5,BANDA,UTTAR PRADESH,D689,ATARRA,1.32
01-10-2025,25.5,80.5,BANDA,UTTAR PRADESH,D689,ATARRA,1.27
02-10-2025,25.5,80.5,BANDA,UTTAR PRADESH,D689,ATARRA,1.34
03-10-2025,25.5,80.5,BANDA,UTTAR PRADESH,D689,ATARRA,1.4
04-10-2025,25.5,80.5,BANDA,UTTAR PRADESH,D689,ATARRA,1.26
05-10-2025,25.5,80.5,BANDA,UTTAR PRADESH,D689,ATARRA,1.29
06-10-2025,25.5,80.5,BANDA,UTTAR PRADESH,D689,ATARRA,1.31
07-10-2025,25.5,80.5,BANDA,UTTAR PRADESH,D689,ATARRA,1.37
08-10-2025,25.5,80.5,BANDA,UTTAR PRADESH,D689,ATARRA,1.43
09-10-2025,25.5,80.5,BANDA,UTTAR PRADESH,D689,ATARRA,1.48
10-10-2025,25.5,80.5,BANDA,UTTAR PRADESH,D689,ATARRA,1.39
11-10-2025,25.5,80.5,BANDA,UTTAR PRADESH,D689,ATARRA,1.38
12-10-2025,25.5,80.5,BANDA,UTTAR PRADESH,D689,ATARRA,1.75
13-10-2025,25.5,80.5,BANDA,UTTAR PRADESH,D689,ATARRA,1.79
14-10-2025,25.5,80.5,BANDA,UTTAR PRADESH,D689,ATARRA,1.89
15-10-2025,25.5,80.5,BANDA,UTTAR PRADESH,D689,ATARRA,1.92
16-10-2025,25.5,80.5,BANDA,UTTAR PRADESH,D689,ATARRA,1.87
17-10-2025,25.5,80.5,BANDA,UTTAR PRADESH,D689,ATARRA,1.95
18-10-2025,25.5,80.5,BANDA,UTTAR PRADESH,D689,ATARRA,1.89
19-10-2025,25.5,80.5,BANDA,UTTAR PRADESH,D689,ATARRA,1.83
20-10-2025,25.5,80.5,BANDA,UTTAR PRADESH,D689,ATARRA,1.79
21-10-2025,25.5,80.5,BANDA,UTTAR PRADESH,D689,ATARRA,1.77
22-10-2025,25.5,80.5,BANDA,UTTAR PRADESH,D689,ATARRA,1.68
23-10-2025,25.5,80.5,BANDA,UTTAR PRADESH,D689,ATARRA,1.7
24-10-2025,25.5,80.5,BANDA,UTTAR PRADESH,D689,ATARRA,1.76
25-10-2025,25.5,80.5,BANDA,UTTAR PRADESH,D689,ATARRA,1.78
26-10-2025,25.5,80.5,BANDA,UTTAR PRADESH,D689,ATARRA,1.67
27-10-2025,25.5,80.5,BANDA,UTTAR PRADESH,D689,ATARRA,1.54
28-10-2025,25.5,80.5,BANDA,UTTAR PRADESH,D689,ATARRA,1.63
29-10-2025,25.5,80.5,BANDA,UTTAR PRADESH,D689,ATARRA,1.73
30-10-2025,25.5,80.5,BANDA,UTTAR PRADESH,D689,ATARRA,2
31-10-2025,25.5,80.5,BANDA,UTTAR PRADESH,D689,ATARRA,1.78
01-11-2025,25.5,80.5,BANDA,UTTAR PRADESH,D689,ATARRA,1.87
02-11-2025,25.5,80.5,BANDA,UTTAR PRADESH,D689,ATARRA,1.72
03-11-2025,25.5,80.5,BANDA,UTTAR PRADESH,D689,ATARRA,1.74
04-11-2025,25.5,80.5,BANDA,UTTAR PRADESH,D689,ATARRA,1.88
05-11-2025,25.5,80.5,BANDA,UTTAR PRADESH,D689,ATARRA,1.86
06-11-2025,25.5,80.5,BANDA,UTTAR PRADESH,D689,ATARRA,1.92
07-11-2025,25.5,80.5,BANDA,UTTAR PRADESH,D689,ATARRA,1.91
08-11-2025,25.5,80.5,BANDA,UTTAR PRADESH,D689,ATARRA,2.11
09-11-2025,25.5,80.5,BANDA,UTTAR PRADESH,D689,ATARRA,2.33
10-11-2025,25.5,80.5,BANDA,UTTAR PRADESH,D689,ATARRA,2.26
11-11-2025,25.5,80.5,BANDA,UTTAR PRADESH,D689,ATARRA,2.2
12-11-2025,25.5,80.5,BANDA,UTTAR PRADESH,D689,ATARRA,1.98
13-11-2025,25.5,80.5,BANDA,UTTAR PRADESH,D689,ATARRA,1.93
14-11-2025,25.5,80.5,BANDA,UTTAR PRADESH,D689,ATARRA,2.08
15-11-2025,25.5,80.5,BANDA,UTTAR PRADESH,D689,ATARRA,2.14
16-11-2025,25.5,80.5,BANDA,UTTAR PRADESH,D689,ATARRA,2.34
17-11-2025,25.5,80.5,BANDA,UTTAR PRADESH,D689,ATARRA,2.19
18-11-2025,25.5,80.5,BANDA,UTTAR PRADESH,D689,ATARRA,2.38
19-11-2025,25.5,80.5,BANDA,UTTAR PRADESH,D689,ATARRA,2.33
20-11-2025,25.5,80.5,BANDA,UTTAR PRADESH,D689,ATARRA,2.1
21-11-2025,25.5,80.5,BANDA,UTTAR PRADESH,D689,ATARRA,1.64
22-11-2025,25.5,80.5,BANDA,UTTAR PRADESH,D689,ATARRA,1.71
23-11-2025,25.5,80.5,BANDA,UTTAR PRADESH,D689,ATARRA,1.68
24-11-2025,25.5,80.5,BANDA,UTTAR PRADESH,D689,ATARRA,1.66
25-11-2025,25.5,80.5,BANDA,UTTAR PRADESH,D689,ATARRA,1.79
26-11-2025,25.5,80.5,BANDA,UTTAR PRADESH,D689,ATARRA,1.83
27-11-2025,25.5,80.5,BANDA,UTTAR PRADESH,D689,ATARRA,1.95
28-11-2025,25.5,80.5,BANDA,UTTAR PRADESH,D689,ATARRA,1.78
29-11-2025,25.5,80.5,BANDA,UTTAR PRADESH,D689,ATARRA,1.83
30-11-2025,25.5,80.5,BANDA,UTTAR PRADESH,D689,ATARRA,2.01
01-12-2025,25.5,80.5,BANDA,UTTAR PRADESH,D689,ATARRA,2.14
02-12-2025,25.5,80.5,BANDA,UTTAR PRADESH,D689,ATARRA,2.3
03-12-2025,25.5,80.5,BANDA,UTTAR PRADESH,D689,ATARRA,2.29
04-12-2025,25.5,80.5,BANDA,UTTAR PRADESH,D689,ATARRA,1.99
05-12-2025,25.5,80.5,BANDA,UTTAR PRADESH,D689,ATARRA,1.86
06-12-2025,25.5,80.5,BANDA,UTTAR PRADESH,D689,ATARRA,2.25
07-12-2025,25.5,80.5,BANDA,UTTAR PRADESH,D689,ATARRA,2.23
08-12-2025,25.5,80.5,BANDA,UTTAR PRADESH,D689,ATARRA,2.21
09-12-2025,25.5,80.5,BANDA,UTTAR PRADESH,D689,ATARRA,2.28
10-12-2025,25.5,80.5,BANDA,UTTAR PRADESH,D689,ATARRA,2.35
11-12-2025,25.5,80.5,BANDA,UTTAR PRADESH,D689,ATARRA,2.31
12-12-2025,25.5,80.5,BANDA,UTTAR PRADESH,D689,ATARRA,2.34
13-12-2025,25.5,80.5,BANDA,UTTAR PRADESH,D689,ATARRA,2.44
14-12-2025,25.5,80.5,BANDA,UTTAR PRADESH,D689,ATARRA,2.27
15-12-2025,25.5,80.5,BANDA,UTTAR PRADESH,D689,ATARRA,2.18
16-12-2025,25.5,80.5,BANDA,UTTAR PRADESH,D689,ATARRA,2.05
17-12-2025,25.5,80.5,BANDA,UTTAR PRADESH,D689,ATARRA,1.94
18-12-2025,25.5,80.5,BANDA,UTTAR PRADESH,D689,ATARRA,1.91
19-12-2025,25.5,80.5,BANDA,UTTAR PRADESH,D689,ATARRA,2.18
20-12-2025,25.5,80.5,BANDA,UTTAR PRADESH,D689,ATARRA,2.03
21-12-2025,25.5,80.5,BANDA,UTTAR PRADESH,D689,ATARRA,2.01
22-12-2025,25.5,80.5,BANDA,UTTAR PRADESH,D689,ATARRA,2.2
23-12-2025,25.5,80.5,BANDA,UTTAR PRADESH,D689,ATARRA,1.95
24-12-2025,25.5,80.5,BANDA,UTTAR PRADESH,D689,ATARRA,1.94
25-12-2025,25.5,80.5,BANDA,UTTAR PRADESH,D689,ATARRA,1.79
26-12-2025,25.5,80.5,BANDA,UTTAR PRADESH,D689,ATARRA,1.79
27-12-2025,25.5,80.5,BANDA,UTTAR PRADESH,D689,ATARRA,2.09
28-12-2025,25.5,80.5,BANDA,UTTAR PRADESH,D689,ATARRA,2.41
29-12-2025,25.5,80.5,BANDA,UTTAR PRADESH,D689,ATARRA,2.25
30-12-2025,25.5,80.5,BANDA,UTTAR PRADESH,D689,ATARRA,2.05
31-12-2025,25.5,80.5,BANDA,UTTAR PRADESH,D689,ATARRA,2.25
01-01-2025,28.5,79.5,BAREILLY,UTTAR PRADESH,D691,AONLA,2.18
02-01-2025,28.5,79.5,BAREILLY,UTTAR PRADESH,D691,AONLA,1.89
03-01-2025,28.5,79.5,BAREILLY,UTTAR PRADESH,D691,AONLA,2.11
04-01-2025,28.5,79.5,BAREILLY,UTTAR PRADESH,D691,AONLA,1.85
05-01-2025,28.5,79.5,BAREILLY,UTTAR PRADESH,D691,AONLA,1.88
06-01-2025,28.5,79.5,BAREILLY,UTTAR PRADESH,D691,AONLA,2
07-01-2025,28.5,79.5,BAREILLY,UTTAR PRADESH,D691,AONLA,2.43
08-01-2025,28.5,79.5,BAREILLY,UTTAR PRADESH,D691,AONLA,2.44
09-01-2025,28.5,79.5,BAREILLY,UTTAR PRADESH,D691,AONLA,2.1
10-01-2025,28.5,79.5,BAREILLY,UTTAR PRADESH,D691,AONLA,1.93
11-01-2025,28.5,79.5,BAREILLY,UTTAR PRADESH,D691,AONLA,1.64
12-01-2025,28.5,79.5,BAREILLY,UTTAR PRADESH,D691,AONLA,1.63
13-01-2025,28.5,79.5,BAREILLY,UTTAR PRADESH,D691,AONLA,1.76
14-01-2025,28.5,79.5,BAREILLY,UTTAR PRADESH,D691,AONLA,1.93
15-01-2025,28.5,79.5,BAREILLY,UTTAR PRADESH,D691,AONLA,1.75
16-01-2025,28.5,79.5,BAREILLY,UTTAR PRADESH,D691,AONLA,2.16
17-01-2025,28.5,79.5,BAREILLY,UTTAR PRADESH,D691,AONLA,2.29
18-01-2025,28.5,79.5,BAREILLY,UTTAR PRADESH,D691,AONLA,2.26
19-01-2025,28.5,79.5,BAREILLY,UTTAR PRADESH,D691,AONLA,1.69
20-01-2025,28.5,79.5,BAREILLY,UTTAR PRADESH,D691,AONLA,1.37
21-01-2025,28.5,79.5,BAREILLY,UTTAR PRADESH,D691,AONLA,1.61
22-01-2025,28.5,79.5,BAREILLY,UTTAR PRADESH,D691,AONLA,1.87
23-01-2025,28.5,79.5,BAREILLY,UTTAR PRADESH,D691,AONLA,2.29
24-01-2025,28.5,79.5,BAREILLY,UTTAR PRADESH,D691,AONLA,1.9
25-01-2025,28.5,79.5,BAREILLY,UTTAR PRADESH,D691,AONLA,1.95
26-01-2025,28.5,79.5,BAREILLY,UTTAR PRADESH,D691,AONLA,2.11
27-01-2025,28.5,79.5,BAREILLY,UTTAR PRADESH,D691,AONLA,1.67
28-01-2025,28.5,79.5,BAREILLY,UTTAR PRADESH,D691,AONLA,1.74
29-01-2025,28.5,79.5,BAREILLY,UTTAR PRADESH,D691,AONLA,1.87
30-01-2025,28.5,79.5,BAREILLY,UTTAR PRADESH,D691,AONLA,2.02
31-01-2025,28.5,79.5,BAREILLY,UTTAR PRADESH,D691,AONLA,2.13
01-02-2025,28.5,79.5,BAREILLY,UTTAR PRADESH,D691,AONLA,1.99
02-02-2025,28.5,79.5,BAREILLY,UTTAR PRADESH,D691,AONLA,1.79
03-02-2025,28.5,79.5,BAREILLY,UTTAR PRADESH,D691,AONLA,1.34
04-02-2025,28.5,79.5,BAREILLY,UTTAR PRADESH,D691,AONLA,1.79
05-02-2025,28.5,79.5,BAREILLY,UTTAR PRADESH,D691,AONLA,2.03
06-02-2025,28.5,79.5,BAREILLY,UTTAR PRADESH,D691,AONLA,1.91
07-02-2025,28.5,79.5,BAREILLY,UTTAR PRADESH,D691,AONLA,2.13
08-02-2025,28.5,79.5,BAREILLY,UTTAR PRADESH,D691,AONLA,1.7
09-02-2025,28.5,79.5,BAREILLY,UTTAR PRADESH,D691,AONLA,2.02
10-02-2025,28.5,79.5,BAREILLY,UTTAR PRADESH,D691,AONLA,2.09
11-02-2025,28.5,79.5,BAREILLY,UTTAR PRADESH,D691,AONLA,2.23
12-02-2025,28.5,79.5,BAREILLY,UTTAR PRADESH,D691,AONLA,2.09
13-02-2025,28.5,79.5,BAREILLY,UTTAR PRADESH,D691,AONLA,2.11
14-02-2025,28.5,79.5,BAREILLY,UTTAR PRADESH,D691,AONLA,2.08
15-02-2025,28.5,79.5,BAREILLY,UTTAR PRADESH,D691,AONLA,2.03
16-02-2025,28.5,79.5,BAREILLY,UTTAR PRADESH,D691,AONLA,1.42
17-02-2025,28.5,79.5,BAREILLY,UTTAR PRADESH,D691,AONLA,1.94
18-02-2025,28.5,79.5,BAREILLY,UTTAR PRADESH,D691,AONLA,2.24
19-02-2025,28.5,79.5,BAREILLY,UTTAR PRADESH,D691,AONLA,2.15
20-02-2025,28.5,79.5,BAREILLY,UTTAR PRADESH,D691,AONLA,2.59
21-02-2025,28.5,79.5,BAREILLY,UTTAR PRADESH,D691,AONLA,2.1
22-02-2025,28.5,79.5,BAREILLY,UTTAR PRADESH,D691,AONLA,1.59
23-02-2025,28.5,79.5,BAREILLY,UTTAR PRADESH,D691,AONLA,2.1
24-02-2025,28.5,79.5,BAREILLY,UTTAR PRADESH,D691,AONLA,2.2
25-02-2025,28.5,79.5,BAREILLY,UTTAR PRADESH,D691,AONLA,2.31
26-02-2025,28.5,79.5,BAREILLY,UTTAR PRADESH,D691,AONLA,1.95
27-02-2025,28.5,79.5,BAREILLY,UTTAR PRADESH,D691,AONLA,2.12
28-02-2025,28.5,79.5,BAREILLY,UTTAR PRADESH,D691,AONLA,2.25
29-02-2025,28.5,79.5,BAREILLY,UTTAR PRADESH,D691,AONLA,1.86
01-03-2025,28.5,79.5,BAREILLY,UTTAR PRADESH,D691,AONLA,2.2
02-03-2025,28.5,79.5,BAREILLY,UTTAR PRADESH,D691,AONLA,1.93
03-03-2025,28.5,79.5,BAREILLY,UTTAR PRADESH,D691,AONLA,1.85
04-03-2025,28.5,79.5,BAREILLY,UTTAR PRADESH,D691,AONLA,2.19
05-03-2025,28.5,79.5,BAREILLY,UTTAR PRADESH,D691,AONLA,2.4
06-03-2025,28.5,79.5,BAREILLY,UTTAR PRADESH,D691,AONLA,1.99
07-03-2025,28.5,79.5,BAREILLY,UTTAR PRADESH,D691,AONLA,2.1
08-03-2025,28.5,79.5,BAREILLY,UTTAR PRADESH,D691,AONLA,2.13
09-03-2025,28.5,79.5,BAREILLY,UTTAR PRADESH,D691,AONLA,2.21
10-03-2025,28.5,79.5,BAREILLY,UTTAR PRADESH,D691,AONLA,1.96
11-03-2025,28.5,79.5,BAREILLY,UTTAR PRADESH,D691,AONLA,1.89
12-03-2025,28.5,79.5,BAREILLY,UTTAR PRADESH,D691,AONLA,2.07
13-03-2025,28.5,79.5,BAREILLY,UTTAR PRADESH,D691,AONLA,1.92
14-03-2025,28.5,79.5,BAREILLY,UTTAR PRADESH,D691,AONLA,2.12
15-03-2025,28.5,79.5,BAREILLY,UTTAR PRADESH,D691,AONLA,2.21
16-03-2025,28.5,79.5,BAREILLY,UTTAR PRADESH,D691,AONLA,2.43
17-03-2025,28.5,79.5,BAREILLY,UTTAR PRADESH,D691,AONLA,1.93
18-03-2025,28.5,79.5,BAREILLY,UTTAR PRADESH,D691,AONLA,2.16
19-03-2025,28.5,79.5,BAREILLY,UTTAR PRADESH,D691,AONLA,2.15
20-03-2025,28.5,79.5,BAREILLY,UTTAR PRADESH,D691,AONLA,2.04
21-03-2025,28.5,79.5,BAREILLY,UTTAR PRADESH,D691,AONLA,1.75
22-03-2025,28.5,79.5,BAREILLY,UTTAR PRADESH,D691,AONLA,1.82
23-03-2025,28.5,79.5,BAREILLY,UTTAR PRADESH,D691,AONLA,1.95
24-03-2025,28.5,79.5,BAREILLY,UTTAR PRADESH,D691,AONLA,1.88
25-03-2025,28.5,79.5,BAREILLY,UTTAR PRADESH,D691,AONLA,1.9
26-03-2025,28.5,79.5,BAREILLY,UTTAR PRADESH,D691,AONLA,1.76
27-03-2025,28.5,79.5,BAREILLY,UTTAR PRADESH,D691,AONLA,1.65
28-03-2025,28.5,79.5,BAREILLY,UTTAR PRADESH,D691,AONLA,1.21
29-03-2025,28.5,79.5,BAREILLY,UTTAR PRADESH,D691,AONLA,1.59
30-03-2025,28.5,79.5,BAREILLY,UTTAR PRADESH,D691,AONLA,1.73
31-03-2025,28.5,79.5,BAREILLY,UTTAR PRADESH,D691,AONLA,1.86
01-04-2025,28.5,79.5,BAREILLY,UTTAR PRADESH,D691,AONLA,1.93
02-04-2025,28.5,79.5,BAREILLY,UTTAR PRADESH,D691,AONLA,1.84
03-04-2025,28.5,79.5,BAREILLY,UTTAR PRADESH,D691,AONLA,2.18
04-04-2025,28.5,79.5,BAREILLY,UTTAR PRADESH,D691,AONLA,2.11
05-04-2025,28.5,79.5,BAREILLY,UTTAR PRADESH,D691,AONLA,2.03
06-04-2025,28.5,79.5,BAREILLY,UTTAR PRADESH,D691,AONLA,2.03
07-04-2025,28.5,79.5,BAREILLY,UTTAR PRADESH,D691,AONLA,1.95
08-04-2025,28.5,79.5,BAREILLY,UTTAR PRADESH,D691,AONLA,1.86
09-04-2025,28.5,79.5,BAREILLY,UTTAR PRADESH,D691,AONLA,1.87
10-04-2025,28.5,79.5,BAREILLY,UTTAR PRADESH,D691,AONLA,2.23
11-04-2025,28.5,79.5,BAREILLY,UTTAR PRADESH,D691,AONLA,1.9
12-04-2025,28.5,79.5,BAREILLY,UTTAR PRADESH,D691,AONLA,1.93
13-04-2025,28.5,79.5,BAREILLY,UTTAR PRADESH,D691,AONLA,1.97
14-04-2025,28.5,79.5,BAREILLY,UTTAR PRADESH,D691,AONLA,1.85
15-04-2025,28.5,79.5,BAREILLY,UTTAR PRADESH,D691,AONLA,1.69
16-04-2025,28.5,79.5,BAREILLY,UTTAR PRADESH,D691,AONLA,1.68
17-04-2025,28.5,79.5,BAREILLY,UTTAR PRADESH,D691,AONLA,2.03
18-04-2025,28.5,79.5,BAREILLY,UTTAR PRADESH,D691,AONLA,2.21
19-04-2025,28.5,79.5,BAREILLY,UTTAR PRADESH,D691,AONLA,2.24
20-04-2025,28.5,79.5,BAREILLY,UTTAR PRADESH,D691,AONLA,2.33
21-04-2025,28.5,79.5,BAREILLY,UTTAR PRADESH,D691,AONLA,2.31
22-04-2025,28.5,79.5,BAREILLY,UTTAR PRADESH,D691,AONLA,2.09
23-04-2025,28.5,79.5,BAREILLY,UTTAR PRADESH,D691,AONLA,1.56
24-04-2025,28.5,79.5,BAREILLY,UTTAR PRADESH,D691,AONLA,1.72
25-04-2025,28.5,79.5,BAREILLY,UTTAR PRADESH,D691,AONLA,1.79
26-04-2025,28.5,79.5,BAREILLY,UTTAR PRADESH,D691,AONLA,1.5
27-04-2025,28.5,79.5,BAREILLY,UTTAR PRADESH,D691,AONLA,1.55
28-04-2025,28.5,79.5,BAREILLY,UTTAR PRADESH,D691,AONLA,1.56
29-04-2025,28.5,79.5,BAREILLY,UTTAR PRADESH,D691,AONLA,1.31
30-04-2025,28.5,79.5,BAREILLY,UTTAR PRADESH,D691,AONLA,1.67
01-05-2025,28.5,79.5,BAREILLY,UTTAR PRADESH,D691,AONLA,2.02
02-05-2025,28.5,79.5,BAREILLY,UTTAR PRADESH,D691,AONLA,2.02
03-05-2025,28.5,79.5,BAREILLY,UTTAR PRADESH,D691,AONLA,2.1
04-05-2025,28.5,79.5,BAREILLY,UTTAR PRADESH,D691,AONLA,2.02
05-05-2025,28.5,79.5,BAREILLY,UTTAR PRADESH,D691,AONLA,1.67
06-05-2025,28.5,79.5,BAREILLY,UTTAR PRADESH,D691,AONLA,1.59
07-05-2025,28.5,79.5,BAREILLY,UTTAR PRADESH,D691,AONLA,1.69
08-05-2025,28.5,79.5,BAREILLY,UTTAR PRADESH,D691,AONLA,1.7
09-05-2025,28.5,79.5,BAREILLY,UTTAR PRADESH,D691,AONLA,1.56
10-05-2025,28.5,79.5,BAREILLY,UTTAR PRADESH,D691,AONLA,2.21
11-05-2025,28.5,79.5,BAREILLY,UTTAR PRADESH,D691,AONLA,2.03
12-05-2025,28.5,79.5,BAREILLY,UTTAR PRADESH,D691,AONLA,2.03
13-05-2025,28.5,79.5,BAREILLY,UTTAR PRADESH,D691,AONLA,2.01
14-05-2025,28.5,79.5,BAREILLY,UTTAR PRADESH,D691,AONLA,1.92
15-05-2025,28.5,79.5,BAREILLY,UTTAR PRADESH,D691,AONLA,1.9
16-05-2025,28.5,79.5,BAREILLY,UTTAR PRADESH,D691,AONLA,1.99
17-05-2025,28.5,79.5,BAREILLY,UTTAR PRADESH,D691,AONLA,1.93
18-05-2025,28.5,79.5,BAREILLY,UTTAR PRADESH,D691,AONLA,2
19-05-2025,28.5,79.5,BAREILLY,UTTAR PRADESH,D691,AONLA,1.89
20-05-2025,28.5,79.5,BAREILLY,UTTAR PRADESH,D691,AONLA,2.11
21-05-2025,28.5,79.5,BAREILLY,UTTAR PRADESH,D691,AONLA,1.86
22-05-2025,28.5,79.5,BAREILLY,UTTAR PRADESH,D691,AONLA,1.84
23-05-2025,28.5,79.5,BAREILLY,UTTAR PRADESH,D691,AONLA,1.78
24-05-2025,28.5,79.5,BAREILLY,UTTAR PRADESH,D691,AONLA,1.87
25-05-2025,28.5,79.5,BAREILLY,UTTAR PRADESH,D691,AONLA,1.8
26-05-2025,28.5,79.5,BAREILLY,UTTAR PRADESH,D691,AONLA,2.15
27-05-2025,28.5,79.5,BAREILLY,UTTAR PRADESH,D691,AONLA,1.88
28-05-2025,28.5,79.5,BAREILLY,UTTAR PRADESH,D691,AONLA,1.89
29-05-2025,28.5,79.5,BAREILLY,UTTAR PRADESH,D691,AONLA,1.99
30-05-2025,28.5,79.5,BAREILLY,UTTAR PRADESH,D691,AONLA,2.12
31-05-2025,28.5,79.5,BAREILLY,UTTAR PRADESH,D691,AONLA,1.95
01-06-2025,28.5,79.5,BAREILLY,UTTAR PRADESH,D691,AONLA,2.01
02-06-2025,28.5,79.5,BAREILLY,UTTAR PRADESH,D691,AONLA,1.89
03-06-2025,28.5,79.5,BAREILLY,UTTAR PRADESH,D691,AONLA,1.85
04-06-2025,28.5,79.5,BAREILLY,UTTAR PRADESH,D691,AONLA,1.82
05-06-2025,28.5,79.5,BAREILLY,UTTAR PRADESH,D691,AONLA,1.91
06-06-2025,28.5,79.5,BAREILLY,UTTAR PRADESH,D691,AONLA,1.66
07-06-2025,28.5,79.5,BAREILLY,UTTAR PRADESH,D691,AONLA,1.5
08-06-2025,28.5,79.5,BAREILLY,UTTAR PRADESH,D691,AONLA,1.61
09-06-2025,28.5,79.5,BAREILLY,UTTAR PRADESH,D691,AONLA,1.63
10-06-2025,28.5,79.5,BAREILLY,UTTAR PRADESH,D691,AONLA,1.76
11-06-2025,28.5,79.5,BAREILLY,UTTAR PRADESH,D691,AONLA,1.43
12-06-2025,28.5,79.5,BAREILLY,UTTAR PRADESH,D691,AONLA,1.65
13-06-2025,28.5,79.5,BAREILLY,UTTAR PRADESH,D691,AONLA,1.49
14-06-2025,28.5,79.5,BAREILLY,UTTAR PRADESH,D691,AONLA,1.81
15-06-2025,28.5,79.5,BAREILLY,UTTAR PRADESH,D691,AONLA,1.59
16-06-2025,28.5,79.5,BAREILLY,UTTAR PRADESH,D691,AONLA,1.86
17-06-2025,28.5,79.5,BAREILLY,UTTAR PRADESH,D691,AONLA,1.83
18-06-2025,28.5,79.5,BAREILLY,UTTAR PRADESH,D691,AONLA,1.63
19-06-2025,28.5,79.5,BAREILLY,UTTAR PRADESH,D691,AONLA,1.83
20-06-2025,28.5,79.5,BAREILLY,UTTAR PRADESH,D691,AONLA,1.47
21-06-2025,28.5,79.5,BAREILLY,UTTAR PRADESH,D691,AONLA,1.66
22-06-2025,28.5,79.5,BAREILLY,UTTAR PRADESH,D691,AONLA,1.47
23-06-2025,28.5,79.5,BAREILLY,UTTAR PRADESH,D691,AONLA,1.47
24-06-2025,28.5,79.5,BAREILLY,UTTAR PRADESH,D691,AONLA,1.24
25-06-2025,28.5,79.5,BAREILLY,UTTAR PRADESH,D691,AONLA,1.39
26-06-2025,28.5,79.5,BAREILLY,UTTAR PRADESH,D691,AONLA,1.54
27-06-2025,28.5,79.5,BAREILLY,UTTAR PRADESH,D691,AONLA,1.21
28-06-2025,28.5,79.5,BAREILLY,UTTAR PRADESH,D691,AONLA,1.26
29-06-2025,28.5,79.5,BAREILLY,UTTAR PRADESH,D691,AONLA,1.17
30-06-2025,28.5,79.5,BAREILLY,UTTAR PRADESH,D691,AONLA,1.4
01-07-2025,28.5,79.5,BAREILLY,UTTAR PRADESH,D691,AONLA,1.34
02-07-2025,28.5,79.5,BAREILLY,UTTAR PRADESH,D691,AONLA,1.24
03-07-2025,28.5,79.5,BAREILLY,UTTAR PRADESH,D691,AONLA,1.08
04-07-2025,28.5,79.5,BAREILLY,UTTAR PRADESH,D691,AONLA,0.94
05-07-2025,28.5,79.5,BAREILLY,UTTAR PRADESH,D691,AONLA,1.12
06-07-2025,28.5,79.5,BAREILLY,UTTAR PRADESH,D691,AONLA,1.03
07-07-2025,28.5,79.5,BAREILLY,UTTAR PRADESH,D691,AONLA,1.1
08-07-2025,28.5,79.5,BAREILLY,UTTAR PRADESH,D691,AONLA,1.29
09-07-2025,28.5,79.5,BAREILLY,UTTAR PRADESH,D691,AONLA,1.1
10-07-2025,28.5,79.5,BAREILLY,UTTAR PRADESH,D691,AONLA,1.25
11-07-2025,28.5,79.5,BAREILLY,UTTAR PRADESH,D691,AONLA,1.32
12-07-2025,28.5,79.5,BAREILLY,UTTAR PRADESH,D691,AONLA,1.18
13-07-2025,28.5,79.5,BAREILLY,UTTAR PRADESH,D691,AONLA,1.02
14-07-2025,28.5,79.5,BAREILLY,UTTAR PRADESH,D691,AONLA,1.03
15-07-2025,28.5,79.5,BAREILLY,UTTAR PRADESH,D691,AONLA,0.98
16-07-2025,28.5,79.5,BAREILLY,UTTAR PRADESH,D691,AONLA,1.08
17-07-2025,28.5,79.5,BAREILLY,UTTAR PRADESH,D691,AONLA,1.01
18-07-2025,28.5,79.5,BAREILLY,UTTAR PRADESH,D691,AONLA,1
19-07-2025,28.5,79.5,BAREILLY,UTTAR PRADESH,D691,AONLA,1.16
20-07-2025,28.5,79.5,BAREILLY,UTTAR PRADESH,D691,AONLA,0.98
21-07-2025,28.5,79.5,BAREILLY,UTTAR PRADESH,D691,AONLA,1.06
22-07-2025,28.5,79.5,BAREILLY,UTTAR PRADESH,D691,AONLA,1
23-07-2025,28.5,79.5,BAREILLY,UTTAR PRADESH,D691,AONLA,0.92
24-07-2025,28.5,79.5,BAREILLY,UTTAR PRADESH,D691,AONLA,0.9
25-07-2025,28.5,79.5,BAREILLY,UTTAR PRADESH,D691,AONLA,0.9
26-07-2025,28.5,79.5,BAREILLY,UTTAR PRADESH,D691,AONLA,0.93
27-07-2025,28.5,79.5,BAREILLY,UTTAR PRADESH,D691,AONLA,1.03
28-07-2025,28.5,79.5,BAREILLY,UTTAR PRADESH,D691,AONLA,1.22
29-07-2025,28.5,79.5,BAREILLY,UTTAR PRADESH,D691,AONLA,0.97
30-07-2025,28.5,79.5,BAREILLY,UTTAR PRADESH,D691,AONLA,0.83
31-07-2025,28.5,79.5,BAREILLY,UTTAR PRADESH,D691,AONLA,0.84
01-08-2025,28.5,79.5,BAREILLY,UTTAR PRADESH,D691,AONLA,0.85
02-08-2025,28.5,79.5,BAREILLY,UTTAR PRADESH,D691,AONLA,0.82
03-08-2025,28.5,79.5,BAREILLY,UTTAR PRADESH,D691,AONLA,0.77
04-08-2025,28.5,79.5,BAREILLY,UTTAR PRADESH,D691,AONLA,0.87
05-08-2025,28.5,79.5,BAREILLY,UTTAR PRADESH,D691,AONLA,0.83
06-08-2025,28.5,79.5,BAREILLY,UTTAR PRADESH,D691,AONLA,0.75
07-08-2025,28.5,79.5,BAREILLY,UTTAR PRADESH,D691,AONLA,0.8
08-08-2025,28.5,79.5,BAREILLY,UTTAR PRADESH,D691,AONLA,0.9
09-08-2025,28.5,79.5,BAREILLY,UTTAR PRADESH,D691,AONLA,0.78
10-08-2025,28.5,79.5,BAREILLY,UTTAR PRADESH,D691,AONLA,0.88
11-08-2025,28.5,79.5,BAREILLY,UTTAR PRADESH,D691,AONLA,0.68
12-08-2025,28.5,79.5,BAREILLY,UTTAR PRADESH,D691,AONLA,0.74
13-08-2025,28.5,79.5,BAREILLY,UTTAR PRADESH,D691,AONLA,0.73
14-08-2025,28.5,79.5,BAREILLY,UTTAR PRADESH,D691,AONLA,0.7
15-08-2025,28.5,79.5,BAREILLY,UTTAR PRADESH,D691,AONLA,0.72
16-08-2025,28.5,79.5,BAREILLY,UTTAR PRADESH,D691,AONLA,0.75
17-08-2025,28.5,79.5,BAREILLY,UTTAR PRADESH,D691,AONLA,0.93
18-08-2025,28.5,79.5,BAREILLY,UTTAR PRADESH,D691,AONLA,0.92
19-08-2025,28.5,79.5,BAREILLY,UTTAR PRADESH,D691,AONLA,0.76
20-08-2025,28.5,79.5,BAREILLY,UTTAR PRADESH,D691,AONLA,0.68
21-08-2025,28.5,79.5,BAREILLY,UTTAR PRADESH,D691,AONLA,0.67
22-08-2025,28.5,79.5,BAREILLY,UTTAR PRADESH,D691,AONLA,0.93
23-08-2025,28.5,79.5,BAREILLY,UTTAR PRADESH,D691,AONLA,0.74
24-08-2025,28.5,79.5,BAREILLY,UTTAR PRADESH,D691,AONLA,0.73
25-08-2025,28.5,79.5,BAREILLY,UTTAR PRADESH,D691,AONLA,0.61
26-08-2025,28.5,79.5,BAREILLY,UTTAR PRADESH,D691,AONLA,0.63
27-08-2025,28.5,79.5,BAREILLY,UTTAR PRADESH,D691,AONLA,0.62
28-08-2025,28.5,79.5,BAREILLY,UTTAR PRADESH,D691,AONLA,0.8
29-08-2025,28.5,79.5,BAREILLY,UTTAR PRADESH,D691,AONLA,0.8
30-08-2025,28.5,79.5,BAREILLY,UTTAR PRADESH,D691,AONLA,0.82
31-08-2025,28.5,79.5,BAREILLY,UTTAR PRADESH,D691,AONLA,0.85
01-09-2025,28.5,79.5,BAREILLY,UTTAR PRADESH,D691,AONLA,0.92
02-09-2025,28.5,79.5,BAREILLY,UTTAR PRADESH,D691,AONLA,0.96
03-09-2025,28.5,79.5,BAREILLY,UTTAR PRADESH,D691,AONLA,1.01
04-09-2025,28.5,79.5,BAREILLY,UTTAR PRADESH,D691,AONLA,0.72
05-09-2025,28.5,79.5,BAREILLY,UTTAR PRADESH,D691,AONLA,0.86
06-09-2025,28.5,79.5,BAREILLY,UTTAR PRADESH,D691,AONLA,1.06
07-09-2025,28.5,79.5,BAREILLY,UTTAR PRADESH,D691,AONLA,0.94
08-09-2025,28.5,79.5,BAREILLY,UTTAR PRADESH,D691,AONLA,0.89
09-09-2025,28.5,79.5,BAREILLY,UTTAR PRADESH,D691,AONLA,1.04
10-09-2025,28.5,79.5,BAREILLY,UTTAR PRADESH,D691,AONLA,0.97
11-09-2025,28.5,79.5,BAREILLY,UTTAR PRADESH,D691,AONLA,0.94
12-09-2025,28.5,79.5,BAREILLY,UTTAR PRADESH,D691,AONLA,1
13-09-2025,28.5,79.5,BAREILLY,UTTAR PRADESH,D691,AONLA,1.05
14-09-2025,28.5,79.5,BAREILLY,UTTAR PRADESH,D691,AONLA,1.06
15-09-2025,28.5,79.5,BAREILLY,UTTAR PRADESH,D691,AONLA,0.91
16-09-2025,28.5,79.5,BAREILLY,UTTAR PRADESH,D691,AONLA,1.01
17-09-2025,28.5,79.5,BAREILLY,UTTAR PRADESH,D691,AONLA,0.97
18-09-2025,28.5,79.5,BAREILLY,UTTAR PRADESH,D691,AONLA,1.02
19-09-2025,28.5,79.5,BAREILLY,UTTAR PRADESH,D691,AONLA,1.16
20-09-2025,28.5,79.5,BAREILLY,UTTAR PRADESH,D691,AONLA,1.08
21-09-2025,28.5,79.5,BAREILLY,UTTAR PRADESH,D691,AONLA,1.12
22-09-2025,28.5,79.5,BAREILLY,UTTAR PRADESH,D691,AONLA,0.98
23-09-2025,28.5,79.5,BAREILLY,UTTAR PRADESH,D691,AONLA,0.94
24-09-2025,28.5,79.5,BAREILLY,UTTAR PRADESH,D691,AONLA,0.96
25-09-2025,28.5,79.5,BAREILLY,UTTAR PRADESH,D691,AONLA,0.93
26-09-2025,28.5,79.5,BAREILLY,UTTAR PRADESH,D691,AONLA,0.97
27-09-2025,28.5,79.5,BAREILLY,UTTAR PRADESH,D691,AONLA,0.93
28-09-2025,28.5,79.5,BAREILLY,UTTAR PRADESH,D691,AONLA,1.01
29-09-2025,28.5,79.5,BAREILLY,UTTAR PRADESH,D691,AONLA,1.21
30-09-2025,28.5,79.5,BAREILLY,UTTAR PRADESH,D691,AONLA,1.38
01-10-2025,28.5,79.5,BAREILLY,UTTAR PRADESH,D691,AONLA,1.35
02-10-2025,28.5,79.5,BAREILLY,UTTAR PRADESH,D691,AONLA,1.54
03-10-2025,28.5,79.5,BAREILLY,UTTAR PRADESH,D691,AONLA,1.43
04-10-2025,28.5,79.5,BAREILLY,UTTAR PRADESH,D691,AONLA,1.28
05-10-2025,28.5,79.5,BAREILLY,UTTAR PRADESH,D691,AONLA,1.31
06-10-2025,28.5,79.5,BAREILLY,UTTAR PRADESH,D691,AONLA,1.24
07-10-2025,28.5,79.5,BAREILLY,UTTAR PRADESH,D691,AONLA,1.54
08-10-2025,28.5,79.5,BAREILLY,UTTAR PRADESH,D691,AONLA,1.47
09-10-2025,28.5,79.5,BAREILLY,UTTAR PRADESH,D691,AONLA,1.44
10-10-2025,28.5,79.5,BAREILLY,UTTAR PRADESH,D691,AONLA,1.4
11-10-2025,28.5,79.5,BAREILLY,UTTAR PRADESH,D691,AONLA,1.16
12-10-2025,28.5,79.5,BAREILLY,UTTAR PRADESH,D691,AONLA,1.31
13-10-2025,28.5,79.5,BAREILLY,UTTAR PRADESH,D691,AONLA,1.38
14-10-2025,28.5,79.5,BAREILLY,UTTAR PRADESH,D691,AONLA,1.56
15-10-2025,28.5,79.5,BAREILLY,UTTAR PRADESH,D691,AONLA,1.5
16-10-2025,28.5,79.5,BAREILLY,UTTAR PRADESH,D691,AONLA,1.33
17-10-2025,28.5,79.5,BAREILLY,UTTAR PRADESH,D691,AONLA,1.58
18-10-2025,28.5,79.5,BAREILLY,UTTAR PRADESH,D691,AONLA,1.3
19-10-2025,28.5,79.5,BAREILLY,UTTAR PRADESH,D691,AONLA,1.42
20-10-2025,28.5,79.5,BAREILLY,UTTAR PRADESH,D691,AONLA,1.66
21-10-2025,28.5,79.5,BAREILLY,UTTAR PRADESH,D691,AONLA,1.51
22-10-2025,28.5,79.5,BAREILLY,UTTAR PRADESH,D691,AONLA,1.51
23-10-2025,28.5,79.5,BAREILLY,UTTAR PRADESH,D691,AONLA,1.49
24-10-2025,28.5,79.5,BAREILLY,UTTAR PRADESH,D691,AONLA,1.46
25-10-2025,28.5,79.5,BAREILLY,UTTAR PRADESH,D691,AONLA,1.61
26-10-2025,28.5,79.5,BAREILLY,UTTAR PRADESH,D691,AONLA,1.4
27-10-2025,28.5,79.5,BAREILLY,UTTAR PRADESH,D691,AONLA,1.44
28-10-2025,28.5,79.5,BAREILLY,UTTAR PRADESH,D691,AONLA,1.57
29-10-2025,28.5,79.5,BAREILLY,UTTAR PRADESH,D691,AONLA,1.59
30-10-2025,28.5,79.5,BAREILLY,UTTAR PRADESH,D691,AONLA,1.67
31-10-2025,28.5,79.5,BAREILLY,UTTAR PRADESH,D691,AONLA,1.48
01-11-2025,28.5,79.5,BAREILLY,UTTAR PRADESH,D691,AONLA,1.52
02-11-2025,28.5,79.5,BAREILLY,UTTAR PRADESH,D691,AONLA,1.39
03-11-2025,28.5,79.5,BAREILLY,UTTAR PRADESH,D691,AONLA,1.5
04-11-2025,28.5,79.5,BAREILLY,UTTAR PRADESH,D691,AONLA,1.54
05-11-2025,28.5,79.5,BAREILLY,UTTAR PRADESH,D691,AONLA,1.56
06-11-2025,28.5,79.5,BAREILLY,UTTAR PRADESH,D691,AONLA,1.66
07-11-2025,28.5,79.5,BAREILLY,UTTAR PRADESH,D691,AONLA,1.74
08-11-2025,28.5,79.5,BAREILLY,UTTAR PRADESH,D691,AONLA,1.65
09-11-2025,28.5,79.5,BAREILLY,UTTAR PRADESH,D691,AONLA,1.77
10-11-2025,28.5,79.5,BAREILLY,UTTAR PRADESH,D691,AONLA,1.73
11-11-2025,28.5,79.5,BAREILLY,UTTAR PRADESH,D691,AONLA,1.53
12-11-2025,28.5,79.5,BAREILLY,UTTAR PRADESH,D691,AONLA,1.49
13-11-2025,28.5,79.5,BAREILLY,UTTAR PRADESH,D691,AONLA,1.36
14-11-2025,28.5,79.5,BAREILLY,UTTAR PRADESH,D691,AONLA,1.8
15-11-2025,28.5,79.5,BAREILLY,UTTAR PRADESH,D691,AONLA,1.73
16-11-2025,28.5,79.5,BAREILLY,UTTAR PRADESH,D691,AONLA,1.74
17-11-2025,28.5,79.5,BAREILLY,UTTAR PRADESH,D691,AONLA,1.79
18-11-2025,28.5,79.5,BAREILLY,UTTAR PRADESH,D691,AONLA,1.84
19-11-2025,28.5,79.5,BAREILLY,UTTAR PRADESH,D691,AONLA,1.57
20-11-2025,28.5,79.5,BAREILLY,UTTAR PRADESH,D691,AONLA,1.37
21-11-2025,28.5,79.5,BAREILLY,UTTAR PRADESH,D691,AONLA,1.4
22-11-2025,28.5,79.5,BAREILLY,UTTAR PRADESH,D691,AONLA,1.52
23-11-2025,28.5,79.5,BAREILLY,UTTAR PRADESH,D691,AONLA,1.68
24-11-2025,28.5,79.5,BAREILLY,UTTAR PRADESH,D691,AONLA,1.64
25-11-2025,28.5,79.5,BAREILLY,UTTAR PRADESH,D691,AONLA,1.64
26-11-2025,28.5,79.5,BAREILLY,UTTAR PRADESH,D691,AONLA,1.8
27-11-2025,28.5,79.5,BAREILLY,UTTAR PRADESH,D691,AONLA,1.64
28-11-2025,28.5,79.5,BAREILLY,UTTAR PRADESH,D691,AONLA,1.54
29-11-2025,28.5,79.5,BAREILLY,UTTAR PRADESH,D691,AONLA,1.34
30-11-2025,28.5,79.5,BAREILLY,UTTAR PRADESH,D691,AONLA,1.5
01-12-2025,28.5,79.5,BAREILLY,UTTAR PRADESH,D691,AONLA,1.79
02-12-2025,28.5,79.5,BAREILLY,UTTAR PRADESH,D691,AONLA,1.98
03-12-2025,28.5,79.5,BAREILLY,UTTAR PRADESH,D691,AONLA,1.77
04-12-2025,28.5,79.5,BAREILLY,UTTAR PRADESH,D691,AONLA,1.64
05-12-2025,28.5,79.5,BAREILLY,UTTAR PRADESH,D691,AONLA,1.62
06-12-2025,28.5,79.5,BAREILLY,UTTAR PRADESH,D691,AONLA,1.75
07-12-2025,28.5,79.5,BAREILLY,UTTAR PRADESH,D691,AONLA,1.78
08-12-2025,28.5,79.5,BAREILLY,UTTAR PRADESH,D691,AONLA,1.73
09-12-2025,28.5,79.5,BAREILLY,UTTAR PRADESH,D691,AONLA,1.87
10-12-2025,28.5,79.5,BAREILLY,UTTAR PRADESH,D691,AONLA,1.89
11-12-2025,28.5,79.5,BAREILLY,UTTAR PRADESH,D691,AONLA,1.97
12-12-2025,28.5,79.5,BAREILLY,UTTAR PRADESH,D691,AONLA,2.07
13-12-2025,28.5,79.5,BAREILLY,UTTAR PRADESH,D691,AONLA,1.86
14-12-2025,28.5,79.5,BAREILLY,UTTAR PRADESH,D691,AONLA,1.86
15-12-2025,28.5,79.5,BAREILLY,UTTAR PRADESH,D691,AONLA,1.72
16-12-2025,28.5,79.5,BAREILLY,UTTAR PRADESH,D691,AONLA,1.74
17-12-2025,28.5,79.5,BAREILLY,UTTAR PRADESH,D691,AONLA,1.62
18-12-2025,28.5,79.5,BAREILLY,UTTAR PRADESH,D691,AONLA,1.62
19-12-2025,28.5,79.5,BAREILLY,UTTAR PRADESH,D691,AONLA,2.09
20-12-2025,28.5,79.5,BAREILLY,UTTAR PRADESH,D691,AONLA,1.97
21-12-2025,28.5,79.5,BAREILLY,UTTAR PRADESH,D691,AONLA,1.91
22-12-2025,28.5,79.5,BAREILLY,UTTAR PRADESH,D691,AONLA,1.88
23-12-2025,28.5,79.5,BAREILLY,UTTAR PRADESH,D691,AONLA,1.51
24-12-2025,28.5,79.5,BAREILLY,UTTAR PRADESH,D691,AONLA,1.42
25-12-2025,28.5,79.5,BAREILLY,UTTAR PRADESH,D691,AONLA,1.43
26-12-2025,28.5,79.5,BAREILLY,UTTAR PRADESH,D691,AONLA,1.32
27-12-2025,28.5,79.5,BAREILLY,UTTAR PRADESH,D691,AONLA,1.6
28-12-2025,28.5,79.5,BAREILLY,UTTAR PRADESH,D691,AONLA,1.76
29-12-2025,28.5,79.5,BAREILLY,UTTAR PRADESH,D691,AONLA,1.69
30-12-2025,28.5,79.5,BAREILLY,UTTAR PRADESH,D691,AONLA,1.77
31-12-2025,28.5,79.5,BAREILLY,UTTAR PRADESH,D691,AONLA,2.07
01-01-2025,29.5,78.5,BIJNOR,UTTAR PRADESH,D694,AFZALGARH,2.11
02-01-2025,29.5,78.5,BIJNOR,UTTAR PRADESH,D694,AFZALGARH,1.83
03-01-2025,29.5,78.5,BIJNOR,UTTAR PRADESH,D694,AFZALGARH,1.96
04-01-2025,29.5,78.5,BIJNOR,UTTAR PRADESH,D694,AFZALGARH,1.59
05-01-2025,29.5,78.5,BIJNOR,UTTAR PRADESH,D694,AFZALGARH,1.89
06-01-2025,29.5,78.5,BIJNOR,UTTAR PRADESH,D694,AFZALGARH,2.1
07-01-2025,29.5,78.5,BIJNOR,UTTAR PRADESH,D694,AFZALGARH,2.29
08-01-2025,29.5,78.5,BIJNOR,UTTAR PRADESH,D694,AFZALGARH,2.17
09-01-2025,29.5,78.5,BIJNOR,UTTAR PRADESH,D694,AFZALGARH,1.81
10-01-2025,29.5,78.5,BIJNOR,UTTAR PRADESH,D694,AFZALGARH,1.7
11-01-2025,29.5,78.5,BIJNOR,UTTAR PRADESH,D694,AFZALGARH,1.66
12-01-2025,29.5,78.5,BIJNOR,UTTAR PRADESH,D694,AFZALGARH,1.69
13-01-2025,29.5,78.5,BIJNOR,UTTAR PRADESH,D694,AFZALGARH,1.85
14-01-2025,29.5,78.5,BIJNOR,UTTAR PRADESH,D694,AFZALGARH,1.96
15-01-2025,29.5,78.5,BIJNOR,UTTAR PRADESH,D694,AFZALGARH,1.74
16-01-2025,29.5,78.5,BIJNOR,UTTAR PRADESH,D694,AFZALGARH,1.98
17-01-2025,29.5,78.5,BIJNOR,UTTAR PRADESH,D694,AFZALGARH,2.24
18-01-2025,29.5,78.5,BIJNOR,UTTAR PRADESH,D694,AFZALGARH,2.24
19-01-2025,29.5,78.5,BIJNOR,UTTAR PRADESH,D694,AFZALGARH,1.69
20-01-2025,29.5,78.5,BIJNOR,UTTAR PRADESH,D694,AFZALGARH,1.71
21-01-2025,29.5,78.5,BIJNOR,UTTAR PRADESH,D694,AFZALGARH,1.82
22-01-2025,29.5,78.5,BIJNOR,UTTAR PRADESH,D694,AFZALGARH,2
23-01-2025,29.5,78.5,BIJNOR,UTTAR PRADESH,D694,AFZALGARH,2.25
24-01-2025,29.5,78.5,BIJNOR,UTTAR PRADESH,D694,AFZALGARH,2.11
25-01-2025,29.5,78.5,BIJNOR,UTTAR PRADESH,D694,AFZALGARH,1.88
26-01-2025,29.5,78.5,BIJNOR,UTTAR PRADESH,D694,AFZALGARH,2.2
27-01-2025,29.5,78.5,BIJNOR,UTTAR PRADESH,D694,AFZALGARH,1.59
28-01-2025,29.5,78.5,BIJNOR,UTTAR PRADESH,D694,AFZALGARH,1.84
29-01-2025,29.5,78.5,BIJNOR,UTTAR PRADESH,D694,AFZALGARH,1.96
30-01-2025,29.5,78.5,BIJNOR,UTTAR PRADESH,D694,AFZALGARH,2.19
31-01-2025,29.5,78.5,BIJNOR,UTTAR PRADESH,D694,AFZALGARH,2.19
01-02-2025,29.5,78.5,BIJNOR,UTTAR PRADESH,D694,AFZALGARH,2.09
02-02-2025,29.5,78.5,BIJNOR,UTTAR PRADESH,D694,AFZALGARH,2.02
03-02-2025,29.5,78.5,BIJNOR,UTTAR PRADESH,D694,AFZALGARH,1.54
04-02-2025,29.5,78.5,BIJNOR,UTTAR PRADESH,D694,AFZALGARH,2.09
05-02-2025,29.5,78.5,BIJNOR,UTTAR PRADESH,D694,AFZALGARH,2.32
06-02-2025,29.5,78.5,BIJNOR,UTTAR PRADESH,D694,AFZALGARH,2
07-02-2025,29.5,78.5,BIJNOR,UTTAR PRADESH,D694,AFZALGARH,2.28
08-02-2025,29.5,78.5,BIJNOR,UTTAR PRADESH,D694,AFZALGARH,1.74
09-02-2025,29.5,78.5,BIJNOR,UTTAR PRADESH,D694,AFZALGARH,2.11
10-02-2025,29.5,78.5,BIJNOR,UTTAR PRADESH,D694,AFZALGARH,2.21
11-02-2025,29.5,78.5,BIJNOR,UTTAR PRADESH,D694,AFZALGARH,2.24
12-02-2025,29.5,78.5,BIJNOR,UTTAR PRADESH,D694,AFZALGARH,2.06
13-02-2025,29.5,78.5,BIJNOR,UTTAR PRADESH,D694,AFZALGARH,2.2
14-02-2025,29.5,78.5,BIJNOR,UTTAR PRADESH,D694,AFZALGARH,2.06
15-02-2025,29.5,78.5,BIJNOR,UTTAR PRADESH,D694,AFZALGARH,1.94
16-02-2025,29.5,78.5,BIJNOR,UTTAR PRADESH,D694,AFZALGARH,1.69
17-02-2025,29.5,78.5,BIJNOR,UTTAR PRADESH,D694,AFZALGARH,2.17
18-02-2025,29.5,78.5,BIJNOR,UTTAR PRADESH,D694,AFZALGARH,2.35
19-02-2025,29.5,78.5,BIJNOR,UTTAR PRADESH,D694,AFZALGARH,2.24
20-02-2025,29.5,78.5,BIJNOR,UTTAR PRADESH,D694,AFZALGARH,2.65
21-02-2025,29.5,78.5,BIJNOR,UTTAR PRADESH,D694,AFZALGARH,2.06
22-02-2025,29.5,78.5,BIJNOR,UTTAR PRADESH,D694,AFZALGARH,1.67
23-02-2025,29.5,78.5,BIJNOR,UTTAR PRADESH,D694,AFZALGARH,2.12
24-02-2025,29.5,78.5,BIJNOR,UTTAR PRADESH,D694,AFZALGARH,2.17
25-02-2025,29.5,78.5,BIJNOR,UTTAR PRADESH,D694,AFZALGARH,2.2
26-02-2025,29.5,78.5,BIJNOR,UTTAR PRADESH,D694,AFZALGARH,2.07
27-02-2025,29.5,78.5,BIJNOR,UTTAR PRADESH,D694,AFZALGARH,2.38
28-02-2025,29.5,78.5,BIJNOR,UTTAR PRADESH,D694,AFZALGARH,2.3
29-02-2025,29.5,78.5,BIJNOR,UTTAR PRADESH,D694,AFZALGARH,1.52
01-03-2025,29.5,78.5,BIJNOR,UTTAR PRADESH,D694,AFZALGARH,2.17
02-03-2025,29.5,78.5,BIJNOR,UTTAR PRADESH,D694,AFZALGARH,1.87
03-03-2025,29.5,78.5,BIJNOR,UTTAR PRADESH,D694,AFZALGARH,1.85
04-03-2025,29.5,78.5,BIJNOR,UTTAR PRADESH,D694,AFZALGARH,2.25
05-03-2025,29.5,78.5,BIJNOR,UTTAR PRADESH,D694,AFZALGARH,2.34
06-03-2025,29.5,78.5,BIJNOR,UTTAR PRADESH,D694,AFZALGARH,1.88
07-03-2025,29.5,78.5,BIJNOR,UTTAR PRADESH,D694,AFZALGARH,2.11
08-03-2025,29.5,78.5,BIJNOR,UTTAR PRADESH,D694,AFZALGARH,2
09-03-2025,29.5,78.5,BIJNOR,UTTAR PRADESH,D694,AFZALGARH,2.14
10-03-2025,29.5,78.5,BIJNOR,UTTAR PRADESH,D694,AFZALGARH,2.19
11-03-2025,29.5,78.5,BIJNOR,UTTAR PRADESH,D694,AFZALGARH,2.03
12-03-2025,29.5,78.5,BIJNOR,UTTAR PRADESH,D694,AFZALGARH,2.22
13-03-2025,29.5,78.5,BIJNOR,UTTAR PRADESH,D694,AFZALGARH,2.15
14-03-2025,29.5,78.5,BIJNOR,UTTAR PRADESH,D694,AFZALGARH,2.19
15-03-2025,29.5,78.5,BIJNOR,UTTAR PRADESH,D694,AFZALGARH,2.44
16-03-2025,29.5,78.5,BIJNOR,UTTAR PRADESH,D694,AFZALGARH,2.31
17-03-2025,29.5,78.5,BIJNOR,UTTAR PRADESH,D694,AFZALGARH,1.95
18-03-2025,29.5,78.5,BIJNOR,UTTAR PRADESH,D694,AFZALGARH,2.11
19-03-2025,29.5,78.5,BIJNOR,UTTAR PRADESH,D694,AFZALGARH,2.12
20-03-2025,29.5,78.5,BIJNOR,UTTAR PRADESH,D694,AFZALGARH,1.94
21-03-2025,29.5,78.5,BIJNOR,UTTAR PRADESH,D694,AFZALGARH,1.6
22-03-2025,29.5,78.5,BIJNOR,UTTAR PRADESH,D694,AFZALGARH,1.88
23-03-2025,29.5,78.5,BIJNOR,UTTAR PRADESH,D694,AFZALGARH,1.91
24-03-2025,29.5,78.5,BIJNOR,UTTAR PRADESH,D694,AFZALGARH,1.97
25-03-2025,29.5,78.5,BIJNOR,UTTAR PRADESH,D694,AFZALGARH,1.89
26-03-2025,29.5,78.5,BIJNOR,UTTAR PRADESH,D694,AFZALGARH,1.86
27-03-2025,29.5,78.5,BIJNOR,UTTAR PRADESH,D694,AFZALGARH,1.7
28-03-2025,29.5,78.5,BIJNOR,UTTAR PRADESH,D694,AFZALGARH,1.58
29-03-2025,29.5,78.5,BIJNOR,UTTAR PRADESH,D694,AFZALGARH,1.71
30-03-2025,29.5,78.5,BIJNOR,UTTAR PRADESH,D694,AFZALGARH,1.9
31-03-2025,29.5,78.5,BIJNOR,UTTAR PRADESH,D694,AFZALGARH,1.88
01-04-2025,29.5,78.5,BIJNOR,UTTAR PRADESH,D694,AFZALGARH,2.09
02-04-2025,29.5,78.5,BIJNOR,UTTAR PRADESH,D694,AFZALGARH,2
03-04-2025,29.5,78.5,BIJNOR,UTTAR PRADESH,D694,AFZALGARH,2.36
04-04-2025,29.5,78.5,BIJNOR,UTTAR PRADESH,D694,AFZALGARH,2.19
05-04-2025,29.5,78.5,BIJNOR,UTTAR PRADESH,D694,AFZALGARH,2.07
06-04-2025,29.5,78.5,BIJNOR,UTTAR PRADESH,D694,AFZALGARH,2.04
07-04-2025,29.5,78.5,BIJNOR,UTTAR PRADESH,D694,AFZALGARH,1.94
08-04-2025,29.5,78.5,BIJNOR,UTTAR PRADESH,D694,AFZALGARH,2.05
09-04-2025,29.5,78.5,BIJNOR,UTTAR PRADESH,D694,AFZALGARH,2.1
10-04-2025,29.5,78.5,BIJNOR,UTTAR PRADESH,D694,AFZALGARH,2.4
11-04-2025,29.5,78.5,BIJNOR,UTTAR PRADESH,D694,AFZALGARH,1.85
12-04-2025,29.5,78.5,BIJNOR,UTTAR PRADESH,D694,AFZALGARH,2.04
13-04-2025,29.5,78.5,BIJNOR,UTTAR PRADESH,D694,AFZALGARH,2.02
14-04-2025,29.5,78.5,BIJNOR,UTTAR PRADESH,D694,AFZALGARH,2.09
15-04-2025,29.5,78.5,BIJNOR,UTTAR PRADESH,D694,AFZALGARH,1.76
16-04-2025,29.5,78.5,BIJNOR,UTTAR PRADESH,D694,AFZALGARH,1.73
17-04-2025,29.5,78.5,BIJNOR,UTTAR PRADESH,D694,AFZALGARH,2.31
18-04-2025,29.5,78.5,BIJNOR,UTTAR PRADESH,D694,AFZALGARH,2.64
19-04-2025,29.5,78.5,BIJNOR,UTTAR PRADESH,D694,AFZALGARH,2.76
20-04-2025,29.5,78.5,BIJNOR,UTTAR PRADESH,D694,AFZALGARH,2.53
21-04-2025,29.5,78.5,BIJNOR,UTTAR PRADESH,D694,AFZALGARH,2.81
22-04-2025,29.5,78.5,BIJNOR,UTTAR PRADESH,D694,AFZALGARH,2.16
23-04-2025,29.5,78.5,BIJNOR,UTTAR PRADESH,D694,AFZALGARH,1.82
24-04-2025,29.5,78.5,BIJNOR,UTTAR PRADESH,D694,AFZALGARH,1.97
25-04-2025,29.5,78.5,BIJNOR,UTTAR PRADESH,D694,AFZALGARH,1.67
26-04-2025,29.5,78.5,BIJNOR,UTTAR PRADESH,D694,AFZALGARH,1.62
27-04-2025,29.5,78.5,BIJNOR,UTTAR PRADESH,D694,AFZALGARH,1.63
28-04-2025,29.5,78.5,BIJNOR,UTTAR PRADESH,D694,AFZALGARH,1.75
29-04-2025,29.5,78.5,BIJNOR,UTTAR PRADESH,D694,AFZALGARH,1.71
30-04-2025,29.5,78.5,BIJNOR,UTTAR PRADESH,D694,AFZALGARH,1.96
01-05-2025,29.5,78.5,BIJNOR,UTTAR PRADESH,D694,AFZALGARH,2.12
02-05-2025,29.5,78.5,BIJNOR,UTTAR PRADESH,D694,AFZALGARH,2.06
03-05-2025,29.5,78.5,BIJNOR,UTTAR PRADESH,D694,AFZALGARH,2.17
04-05-2025,29.5,78.5,BIJNOR,UTTAR PRADESH,D694,AFZALGARH,2.25
05-05-2025,29.5,78.5,BIJNOR,UTTAR PRADESH,D694,AFZALGARH,1.77
06-05-2025,29.5,78.5,BIJNOR,UTTAR PRADESH,D694,AFZALGARH,1.75
07-05-2025,29.5,78.5,BIJNOR,UTTAR PRADESH,D694,AFZALGARH,1.87
08-05-2025,29.5,78.5,BIJNOR,UTTAR PRADESH,D694,AFZALGARH,2.19
09-05-2025,29.5,78.5,BIJNOR,UTTAR PRADESH,D694,AFZALGARH,1.95
10-05-2025,29.5,78.5,BIJNOR,UTTAR PRADESH,D694,AFZALGARH,2.38
11-05-2025,29.5,78.5,BIJNOR,UTTAR PRADESH,D694,AFZALGARH,2.19
12-05-2025,29.5,78.5,BIJNOR,UTTAR PRADESH,D694,AFZALGARH,2.12
13-05-2025,29.5,78.5,BIJNOR,UTTAR PRADESH,D694,AFZALGARH,2.11
14-05-2025,29.5,78.5,BIJNOR,UTTAR PRADESH,D694,AFZALGARH,2.03
15-05-2025,29.5,78.5,BIJNOR,UTTAR PRADESH,D694,AFZALGARH,1.94
16-05-2025,29.5,78.5,BIJNOR,UTTAR PRADESH,D694,AFZALGARH,2.38
17-05-2025,29.5,78.5,BIJNOR,UTTAR PRADESH,D694,AFZALGARH,2.1
18-05-2025,29.5,78.5,BIJNOR,UTTAR PRADESH,D694,AFZALGARH,2.22
19-05-2025,29.5,78.5,BIJNOR,UTTAR PRADESH,D694,AFZALGARH,1.95
20-05-2025,29.5,78.5,BIJNOR,UTTAR PRADESH,D694,AFZALGARH,2.42
21-05-2025,29.5,78.5,BIJNOR,UTTAR PRADESH,D694,AFZALGARH,2.23
22-05-2025,29.5,78.5,BIJNOR,UTTAR PRADESH,D694,AFZALGARH,1.98
23-05-2025,29.5,78.5,BIJNOR,UTTAR PRADESH,D694,AFZALGARH,2.25
24-05-2025,29.5,78.5,BIJNOR,UTTAR PRADESH,D694,AFZALGARH,2.34
25-05-2025,29.5,78.5,BIJNOR,UTTAR PRADESH,D694,AFZALGARH,2.16
26-05-2025,29.5,78.5,BIJNOR,UTTAR PRADESH,D694,AFZALGARH,2.17
27-05-2025,29.5,78.5,BIJNOR,UTTAR PRADESH,D694,AFZALGARH,2.05
28-05-2025,29.5,78.5,BIJNOR,UTTAR PRADESH,D694,AFZALGARH,2.07
29-05-2025,29.5,78.5,BIJNOR,UTTAR PRADESH,D694,AFZALGARH,2.02
30-05-2025,29.5,78.5,BIJNOR,UTTAR PRADESH,D694,AFZALGARH,2.28
31-05-2025,29.5,78.5,BIJNOR,UTTAR PRADESH,D694,AFZALGARH,2.28
01-06-2025,29.5,78.5,BIJNOR,UTTAR PRADESH,D694,AFZALGARH,2.3
02-06-2025,29.5,78.5,BIJNOR,UTTAR PRADESH,D694,AFZALGARH,2.15
03-06-2025,29.5,78.5,BIJNOR,UTTAR PRADESH,D694,AFZALGARH,2.07
04-06-2025,29.5,78.5,BIJNOR,UTTAR PRADESH,D694,AFZALGARH,1.85
05-06-2025,29.5,78.5,BIJNOR,UTTAR PRADESH,D694,AFZALGARH,2.26
06-06-2025,29.5,78.5,BIJNOR,UTTAR PRADESH,D694,AFZALGARH,1.88
07-06-2025,29.5,78.5,BIJNOR,UTTAR PRADESH,D694,AFZALGARH,1.84
08-06-2025,29.5,78.5,BIJNOR,UTTAR PRADESH,D694,AFZALGARH,2.02
09-06-2025,29.5,78.5,BIJNOR,UTTAR PRADESH,D694,AFZALGARH,2.17
10-06-2025,29.5,78.5,BIJNOR,UTTAR PRADESH,D694,AFZALGARH,2.03
11-06-2025,29.5,78.5,BIJNOR,UTTAR PRADESH,D694,AFZALGARH,1.92
12-06-2025,29.5,78.5,BIJNOR,UTTAR PRADESH,D694,AFZALGARH,2.04
13-06-2025,29.5,78.5,BIJNOR,UTTAR PRADESH,D694,AFZALGARH,1.89
14-06-2025,29.5,78.5,BIJNOR,UTTAR PRADESH,D694,AFZALGARH,1.95
15-06-2025,29.5,78.5,BIJNOR,UTTAR PRADESH,D694,AFZALGARH,1.76
16-06-2025,29.5,78.5,BIJNOR,UTTAR PRADESH,D694,AFZALGARH,2.01
17-06-2025,29.5,78.5,BIJNOR,UTTAR PRADESH,D694,AFZALGARH,2.25
18-06-2025,29.5,78.5,BIJNOR,UTTAR PRADESH,D694,AFZALGARH,2.01
19-06-2025,29.5,78.5,BIJNOR,UTTAR PRADESH,D694,AFZALGARH,2
20-06-2025,29.5,78.5,BIJNOR,UTTAR PRADESH,D694,AFZALGARH,1.53
21-06-2025,29.5,78.5,BIJNOR,UTTAR PRADESH,D694,AFZALGARH,1.86
22-06-2025,29.5,78.5,BIJNOR,UTTAR PRADESH,D694,AFZALGARH,1.76
23-06-2025,29.5,78.5,BIJNOR,UTTAR PRADESH,D694,AFZALGARH,1.63
24-06-2025,29.5,78.5,BIJNOR,UTTAR PRADESH,D694,AFZALGARH,1.42
25-06-2025,29.5,78.5,BIJNOR,UTTAR PRADESH,D694,AFZALGARH,1.61
26-06-2025,29.5,78.5,BIJNOR,UTTAR PRADESH,D694,AFZALGARH,1.61
27-06-2025,29.5,78.5,BIJNOR,UTTAR PRADESH,D694,AFZALGARH,1.31
28-06-2025,29.5,78.5,BIJNOR,UTTAR PRADESH,D694,AFZALGARH,1.3
29-06-2025,29.5,78.5,BIJNOR,UTTAR PRADESH,D694,AFZALGARH,1.13
30-06-2025,29.5,78.5,BIJNOR,UTTAR PRADESH,D694,AFZALGARH,1.48
01-07-2025,29.5,78.5,BIJNOR,UTTAR PRADESH,D694,AFZALGARH,1.61
02-07-2025,29.5,78.5,BIJNOR,UTTAR PRADESH,D694,AFZALGARH,1.49
03-07-2025,29.5,78.5,BIJNOR,UTTAR PRADESH,D694,AFZALGARH,1.43
04-07-2025,29.5,78.5,BIJNOR,UTTAR PRADESH,D694,AFZALGARH,1.23
05-07-2025,29.5,78.5,BIJNOR,UTTAR PRADESH,D694,AFZALGARH,1.46
06-07-2025,29.5,78.5,BIJNOR,UTTAR PRADESH,D694,AFZALGARH,1.26
07-07-2025,29.5,78.5,BIJNOR,UTTAR PRADESH,D694,AFZALGARH,1.14
08-07-2025,29.5,78.5,BIJNOR,UTTAR PRADESH,D694,AFZALGARH,1.25
09-07-2025,29.5,78.5,BIJNOR,UTTAR PRADESH,D694,AFZALGARH,1.07
10-07-2025,29.5,78.5,BIJNOR,UTTAR PRADESH,D694,AFZALGARH,1.29
11-07-2025,29.5,78.5,BIJNOR,UTTAR PRADESH,D694,AFZALGARH,1.37
12-07-2025,29.5,78.5,BIJNOR,UTTAR PRADESH,D694,AFZALGARH,1.33
13-07-2025,29.5,78.5,BIJNOR,UTTAR PRADESH,D694,AFZALGARH,1.18
14-07-2025,29.5,78.5,BIJNOR,UTTAR PRADESH,D694,AFZALGARH,0.98
15-07-2025,29.5,78.5,BIJNOR,UTTAR PRADESH,D694,AFZALGARH,1.04
16-07-2025,29.5,78.5,BIJNOR,UTTAR PRADESH,D694,AFZALGARH,1.34
17-07-2025,29.5,78.5,BIJNOR,UTTAR PRADESH,D694,AFZALGARH,1.13
18-07-2025,29.5,78.5,BIJNOR,UTTAR PRADESH,D694,AFZALGARH,1.09
19-07-2025,29.5,78.5,BIJNOR,UTTAR PRADESH,D694,AFZALGARH,1.23
20-07-2025,29.5,78.5,BIJNOR,UTTAR PRADESH,D694,AFZALGARH,1.11
21-07-2025,29.5,78.5,BIJNOR,UTTAR PRADESH,D694,AFZALGARH,1.21
22-07-2025,29.5,78.5,BIJNOR,UTTAR PRADESH,D694,AFZALGARH,1.07
23-07-2025,29.5,78.5,BIJNOR,UTTAR PRADESH,D694,AFZALGARH,0.96
24-07-2025,29.5,78.5,BIJNOR,UTTAR PRADESH,D694,AFZALGARH,0.96
25-07-2025,29.5,78.5,BIJNOR,UTTAR PRADESH,D694,AFZALGARH,0.93
26-07-2025,29.5,78.5,BIJNOR,UTTAR PRADESH,D694,AFZALGARH,0.92
27-07-2025,29.5,78.5,BIJNOR,UTTAR PRADESH,D694,AFZALGARH,1.05
28-07-2025,29.5,78.5,BIJNOR,UTTAR PRADESH,D694,AFZALGARH,1.34
29-07-2025,29.5,78.5,BIJNOR,UTTAR PRADESH,D694,AFZALGARH,1.15
30-07-2025,29.5,78.5,BIJNOR,UTTAR PRADESH,D694,AFZALGARH,0.98
31-07-2025,29.5,78.5,BIJNOR,UTTAR PRADESH,D694,AFZALGARH,1.04
01-08-2025,29.5,78.5,BIJNOR,UTTAR PRADESH,D694,AFZALGARH,1.01
02-08-2025,29.5,78.5,BIJNOR,UTTAR PRADESH,D694,AFZALGARH,0.91
03-08-2025,29.5,78.5,BIJNOR,UTTAR PRADESH,D694,AFZALGARH,1
04-08-2025,29.5,78.5,BIJNOR,UTTAR PRADESH,D694,AFZALGARH,1.05
05-08-2025,29.5,78.5,BIJNOR,UTTAR PRADESH,D694,AFZALGARH,1
06-08-2025,29.5,78.5,BIJNOR,UTTAR PRADESH,D694,AFZALGARH,0.85
07-08-2025,29.5,78.5,BIJNOR,UTTAR PRADESH,D694,AFZALGARH,0.86
08-08-2025,29.5,78.5,BIJNOR,UTTAR PRADESH,D694,AFZALGARH,0.96
09-08-2025,29.5,78.5,BIJNOR,UTTAR PRADESH,D694,AFZALGARH,0.89
10-08-2025,29.5,78.5,BIJNOR,UTTAR PRADESH,D694,AFZALGARH,0.84
11-08-2025,29.5,78.5,BIJNOR,UTTAR PRADESH,D694,AFZALGARH,0.81
12-08-2025,29.5,78.5,BIJNOR,UTTAR PRADESH,D694,AFZALGARH,0.8
13-08-2025,29.5,78.5,BIJNOR,UTTAR PRADESH,D694,AFZALGARH,0.96
14-08-2025,29.5,78.5,BIJNOR,UTTAR PRADESH,D694,AFZALGARH,0.98
15-08-2025,29.5,78.5,BIJNOR,UTTAR PRADESH,D694,AFZALGARH,0.88
16-08-2025,29.5,78.5,BIJNOR,UTTAR PRADESH,D694,AFZALGARH,0.96
17-08-2025,29.5,78.5,BIJNOR,UTTAR PRADESH,D694,AFZALGARH,1.07
18-08-2025,29.5,78.5,BIJNOR,UTTAR PRADESH,D694,AFZALGARH,1.08
19-08-2025,29.5,78.5,BIJNOR,UTTAR PRADESH,D694,AFZALGARH,1.08
20-08-2025,29.5,78.5,BIJNOR,UTTAR PRADESH,D694,AFZALGARH,0.86
21-08-2025,29.5,78.5,BIJNOR,UTTAR PRADESH,D694,AFZALGARH,0.85
22-08-2025,29.5,78.5,BIJNOR,UTTAR PRADESH,D694,AFZALGARH,1.1
23-08-2025,29.5,78.5,BIJNOR,UTTAR PRADESH,D694,AFZALGARH,0.86
24-08-2025,29.5,78.5,BIJNOR,UTTAR PRADESH,D694,AFZALGARH,0.89
25-08-2025,29.5,78.5,BIJNOR,UTTAR PRADESH,D694,AFZALGARH,0.78
26-08-2025,29.5,78.5,BIJNOR,UTTAR PRADESH,D694,AFZALGARH,0.83
27-08-2025,29.5,78.5,BIJNOR,UTTAR PRADESH,D694,AFZALGARH,0.67
28-08-2025,29.5,78.5,BIJNOR,UTTAR PRADESH,D694,AFZALGARH,0.75
29-08-2025,29.5,78.5,BIJNOR,UTTAR PRADESH,D694,AFZALGARH,0.84
30-08-2025,29.5,78.5,BIJNOR,UTTAR PRADESH,D694,AFZALGARH,0.91
31-08-2025,29.5,78.5,BIJNOR,UTTAR PRADESH,D694,AFZALGARH,0.96
01-09-2025,29.5,78.5,BIJNOR,UTTAR PRADESH,D694,AFZALGARH,0.89
02-09-2025,29.5,78.5,BIJNOR,UTTAR PRADESH,D694,AFZALGARH,0.95
03-09-2025,29.5,78.5,BIJNOR,UTTAR PRADESH,D694,AFZALGARH,1.07
04-09-2025,29.5,78.5,BIJNOR,UTTAR PRADESH,D694,AFZALGARH,0.86
05-09-2025,29.5,78.5,BIJNOR,UTTAR PRADESH,D694,AFZALGARH,1.11
06-09-2025,29.5,78.5,BIJNOR,UTTAR PRADESH,D694,AFZALGARH,1.33
07-09-2025,29.5,78.5,BIJNOR,UTTAR PRADESH,D694,AFZALGARH,1.24
08-09-2025,29.5,78.5,BIJNOR,UTTAR PRADESH,D694,AFZALGARH,1.12
09-09-2025,29.5,78.5,BIJNOR,UTTAR PRADESH,D694,AFZALGARH,1.15
10-09-2025,29.5,78.5,BIJNOR,UTTAR PRADESH,D694,AFZALGARH,1.17
11-09-2025,29.5,78.5,BIJNOR,UTTAR PRADESH,D694,AFZALGARH,1.09
12-09-2025,29.5,78.5,BIJNOR,UTTAR PRADESH,D694,AFZALGARH,1.28
13-09-2025,29.5,78.5,BIJNOR,UTTAR PRADESH,D694,AFZALGARH,1.26
14-09-2025,29.5,78.5,BIJNOR,UTTAR PRADESH,D694,AFZALGARH,1.29
15-09-2025,29.5,78.5,BIJNOR,UTTAR PRADESH,D694,AFZALGARH,1.19
16-09-2025,29.5,78.5,BIJNOR,UTTAR PRADESH,D694,AFZALGARH,1.21
17-09-2025,29.5,78.5,BIJNOR,UTTAR PRADESH,D694,AFZALGARH,1.16
18-09-2025,29.5,78.5,BIJNOR,UTTAR PRADESH,D694,AFZALGARH,1.23
19-09-2025,29.5,78.5,BIJNOR,UTTAR PRADESH,D694,AFZALGARH,1.38
20-09-2025,29.5,78.5,BIJNOR,UTTAR PRADESH,D694,AFZALGARH,1.3
21-09-2025,29.5,78.5,BIJNOR,UTTAR PRADESH,D694,AFZALGARH,1.37
22-09-2025,29.5,78.5,BIJNOR,UTTAR PRADESH,D694,AFZALGARH,1.27
23-09-2025,29.5,78.5,BIJNOR,UTTAR PRADESH,D694,AFZALGARH,1.33
24-09-2025,29.5,78.5,BIJNOR,UTTAR PRADESH,D694,AFZALGARH,1.39
25-09-2025,29.5,78.5,BIJNOR,UTTAR PRADESH,D694,AFZALGARH,1.29
26-09-2025,29.5,78.5,BIJNOR,UTTAR PRADESH,D694,AFZALGARH,1.23
27-09-2025,29.5,78.5,BIJNOR,UTTAR PRADESH,D694,AFZALGARH,1.18
28-09-2025,29.5,78.5,BIJNOR,UTTAR PRADESH,D694,AFZALGARH,1.23
29-09-2025,29.5,78.5,BIJNOR,UTTAR PRADESH,D694,AFZALGARH,1.47
30-09-2025,29.5,78.5,BIJNOR,UTTAR PRADESH,D694,AFZALGARH,1.55
01-10-2025,29.5,78.5,BIJNOR,UTTAR PRADESH,D694,AFZALGARH,1.5
02-10-2025,29.5,78.5,BIJNOR,UTTAR PRADESH,D694,AFZALGARH,1.72
03-10-2025,29.5,78.5,BIJNOR,UTTAR PRADESH,D694,AFZALGARH,1.54
04-10-2025,29.5,78.5,BIJNOR,UTTAR PRADESH,D694,AFZALGARH,1.63
05-10-2025,29.5,78.5,BIJNOR,UTTAR PRADESH,D694,AFZALGARH,1.53
06-10-2025,29.5,78.5,BIJNOR,UTTAR PRADESH,D694,AFZALGARH,1.32
07-10-2025,29.5,78.5,BIJNOR,UTTAR PRADESH,D694,AFZALGARH,1.59
08-10-2025,29.5,78.5,BIJNOR,UTTAR PRADESH,D694,AFZALGARH,1.41
09-10-2025,29.5,78.5,BIJNOR,UTTAR PRADESH,D694,AFZALGARH,1.48
10-10-2025,29.5,78.5,BIJNOR,UTTAR PRADESH,D694,AFZALGARH,1.37
11-10-2025,29.5,78.5,BIJNOR,UTTAR PRADESH,D694,AFZALGARH,1.19
12-10-2025,29.5,78.5,BIJNOR,UTTAR PRADESH,D694,AFZALGARH,1.32
13-10-2025,29.5,78.5,BIJNOR,UTTAR PRADESH,D694,AFZALGARH,1.45
14-10-2025,29.5,78.5,BIJNOR,UTTAR PRADESH,D694,AFZALGARH,1.48
15-10-2025,29.5,78.5,BIJNOR,UTTAR PRADESH,D694,AFZALGARH,1.42
16-10-2025,29.5,78.5,BIJNOR,UTTAR PRADESH,D694,AFZALGARH,1.35
17-10-2025,29.5,78.5,BIJNOR,UTTAR PRADESH,D694,AFZALGARH,1.56
18-10-2025,29.5,78.5,BIJNOR,UTTAR PRADESH,D694,AFZALGARH,1.33
19-10-2025,29.5,78.5,BIJNOR,UTTAR PRADESH,D694,AFZALGARH,1.42
20-10-2025,29.5,78.5,BIJNOR,UTTAR PRADESH,D694,AFZALGARH,1.46
21-10-2025,29.5,78.5,BIJNOR,UTTAR PRADESH,D694,AFZALGARH,1.47
22-10-2025,29.5,78.5,BIJNOR,UTTAR PRADESH,D694,AFZALGARH,1.41
23-10-2025,29.5,78.5,BIJNOR,UTTAR PRADESH,D694,AFZALGARH,1.44
24-10-2025,29.5,78.5,BIJNOR,UTTAR PRADESH,D694,AFZALGARH,1.37
25-10-2025,29.5,78.5,BIJNOR,UTTAR PRADESH,D694,AFZALGARH,1.66
26-10-2025,29.5,78.5,BIJNOR,UTTAR PRADESH,D694,AFZALGARH,1.31
27-10-2025,29.5,78.5,BIJNOR,UTTAR PRADESH,D694,AFZALGARH,1.47
28-10-2025,29.5,78.5,BIJNOR,UTTAR PRADESH,D694,AFZALGARH,1.61
29-10-2025,29.5,78.5,BIJNOR,UTTAR PRADESH,D694,AFZALGARH,1.58
30-10-2025,29.5,78.5,BIJNOR,UTTAR PRADESH,D694,AFZALGARH,1.66
31-10-2025,29.5,78.5,BIJNOR,UTTAR PRADESH,D694,AFZALGARH,1.55
01-11-2025,29.5,78.5,BIJNOR,UTTAR PRADESH,D694,AFZALGARH,1.48
02-11-2025,29.5,78.5,BIJNOR,UTTAR PRADESH,D694,AFZALGARH,1.36
03-11-2025,29.5,78.5,BIJNOR,UTTAR PRADESH,D694,AFZALGARH,1.42
04-11-2025,29.5,78.5,BIJNOR,UTTAR PRADESH,D694,AFZALGARH,1.44
05-11-2025,29.5,78.5,BIJNOR,UTTAR PRADESH,D694,AFZALGARH,1.6
06-11-2025,29.5,78.5,BIJNOR,UTTAR PRADESH,D694,AFZALGARH,1.57
07-11-2025,29.5,78.5,BIJNOR,UTTAR PRADESH,D694,AFZALGARH,1.72
08-11-2025,29.5,78.5,BIJNOR,UTTAR PRADESH,D694,AFZALGARH,1.7
09-11-2025,29.5,78.5,BIJNOR,UTTAR PRADESH,D694,AFZALGARH,1.65
10-11-2025,29.5,78.5,BIJNOR,UTTAR PRADESH,D694,AFZALGARH,1.64
11-11-2025,29.5,78.5,BIJNOR,UTTAR PRADESH,D694,AFZALGARH,1.54
12-11-2025,29.5,78.5,BIJNOR,UTTAR PRADESH,D694,AFZALGARH,1.48
13-11-2025,29.5,78.5,BIJNOR,UTTAR PRADESH,D694,AFZALGARH,1.37
14-11-2025,29.5,78.5,BIJNOR,UTTAR PRADESH,D694,AFZALGARH,1.6
15-11-2025,29.5,78.5,BIJNOR,UTTAR PRADESH,D694,AFZALGARH,1.53
16-11-2025,29.5,78.5,BIJNOR,UTTAR PRADESH,D694,AFZALGARH,1.46
17-11-2025,29.5,78.5,BIJNOR,UTTAR PRADESH,D694,AFZALGARH,1.51
18-11-2025,29.5,78.5,BIJNOR,UTTAR PRADESH,D694,AFZALGARH,1.66
19-11-2025,29.5,78.5,BIJNOR,UTTAR PRADESH,D694,AFZALGARH,1.27
20-11-2025,29.5,78.5,BIJNOR,UTTAR PRADESH,D694,AFZALGARH,1.21
21-11-2025,29.5,78.5,BIJNOR,UTTAR PRADESH,D694,AFZALGARH,1.29
22-11-2025,29.5,78.5,BIJNOR,UTTAR PRADESH,D694,AFZALGARH,1.51
23-11-2025,29.5,78.5,BIJNOR,UTTAR PRADESH,D694,AFZALGARH,1.62
24-11-2025,29.5,78.5,BIJNOR,UTTAR PRADESH,D694,AFZALGARH,1.6
25-11-2025,29.5,78.5,BIJNOR,UTTAR PRADESH,D694,AFZALGARH,1.58
26-11-2025,29.5,78.5,BIJNOR,UTTAR PRADESH,D694,AFZALGARH,1.77
27-11-2025,29.5,78.5,BIJNOR,UTTAR PRADESH,D694,AFZALGARH,1.56
28-11-2025,29.5,78.5,BIJNOR,UTTAR PRADESH,D694,AFZALGARH,1.48
29-11-2025,29.5,78.5,BIJNOR,UTTAR PRADESH,D694,AFZALGARH,1.3
30-11-2025,29.5,78.5,BIJNOR,UTTAR PRADESH,D694,AFZALGARH,1.33
01-12-2025,29.5,78.5,BIJNOR,UTTAR PRADESH,D694,AFZALGARH,1.66
02-12-2025,29.5,78.5,BIJNOR,UTTAR PRADESH,D694,AFZALGARH,1.85
03-12-2025,29.5,78.5,BIJNOR,UTTAR PRADESH,D694,AFZALGARH,1.6
04-12-2025,29.5,78.5,BIJNOR,UTTAR PRADESH,D694,AFZALGARH,1.52
05-12-2025,29.5,78.5,BIJNOR,UTTAR PRADESH,D694,AFZALGARH,1.54
06-12-2025,29.5,78.5,BIJNOR,UTTAR PRADESH,D694,AFZALGARH,1.53
07-12-2025,29.5,78.5,BIJNOR,UTTAR PRADESH,D694,AFZALGARH,1.71
08-12-2025,29.5,78.5,BIJNOR,UTTAR PRADESH,D694,AFZALGARH,1.75
09-12-2025,29.5,78.5,BIJNOR,UTTAR PRADESH,D694,AFZALGARH,1.94
10-12-2025,29.5,78.5,BIJNOR,UTTAR PRADESH,D694,AFZALGARH,1.86
11-12-2025,29.5,78.5,BIJNOR,UTTAR PRADESH,D694,AFZALGARH,2.07
12-12-2025,29.5,78.5,BIJNOR,UTTAR PRADESH,D694,AFZALGARH,2.03
13-12-2025,29.5,78.5,BIJNOR,UTTAR PRADESH,D694,AFZALGARH,1.74
14-12-2025,29.5,78.5,BIJNOR,UTTAR PRADESH,D694,AFZALGARH,1.66
15-12-2025,29.5,78.5,BIJNOR,UTTAR PRADESH,D694,AFZALGARH,1.73
16-12-2025,29.5,78.5,BIJNOR,UTTAR PRADESH,D694,AFZALGARH,1.93
17-12-2025,29.5,78.5,BIJNOR,UTTAR PRADESH,D694,AFZALGARH,1.68
18-12-2025,29.5,78.5,BIJNOR,UTTAR PRADESH,D694,AFZALGARH,1.85
19-12-2025,29.5,78.5,BIJNOR,UTTAR PRADESH,D694,AFZALGARH,2.18
20-12-2025,29.5,78.5,BIJNOR,UTTAR PRADESH,D694,AFZALGARH,2.01
21-12-2025,29.5,78.5,BIJNOR,UTTAR PRADESH,D694,AFZALGARH,1.92
22-12-2025,29.5,78.5,BIJNOR,UTTAR PRADESH,D694,AFZALGARH,1.75
23-12-2025,29.5,78.5,BIJNOR,UTTAR PRADESH,D694,AFZALGARH,1.54
24-12-2025,29.5,78.5,BIJNOR,UTTAR PRADESH,D694,AFZALGARH,1.55
25-12-2025,29.5,78.5,BIJNOR,UTTAR PRADESH,D694,AFZALGARH,1.4
26-12-2025,29.5,78.5,BIJNOR,UTTAR PRADESH,D694,AFZALGARH,1.3
27-12-2025,29.5,78.5,BIJNOR,UTTAR PRADESH,D694,AFZALGARH,1.7
28-12-2025,29.5,78.5,BIJNOR,UTTAR PRADESH,D694,AFZALGARH,1.81
29-12-2025,29.5,78.5,BIJNOR,UTTAR PRADESH,D694,AFZALGARH,1.69
30-12-2025,29.5,78.5,BIJNOR,UTTAR PRADESH,D694,AFZALGARH,1.8
31-12-2025,29.5,78.5,BIJNOR,UTTAR PRADESH,D694,AFZALGARH,1.86
01-01-2025,27.5,78.5,ETAH,UTTAR PRADESH,D700,ALIGANJ,2.35
02-01-2025,27.5,78.5,ETAH,UTTAR PRADESH,D700,ALIGANJ,1.92
03-01-2025,27.5,78.5,ETAH,UTTAR PRADESH,D700,ALIGANJ,2.27
04-01-2025,27.5,78.5,ETAH,UTTAR PRADESH,D700,ALIGANJ,2.02
05-01-2025,27.5,78.5,ETAH,UTTAR PRADESH,D700,ALIGANJ,2.11
06-01-2025,27.5,78.5,ETAH,UTTAR PRADESH,D700,ALIGANJ,2.31
07-01-2025,27.5,78.5,ETAH,UTTAR PRADESH,D700,ALIGANJ,2.87
08-01-2025,27.5,78.5,ETAH,UTTAR PRADESH,D700,ALIGANJ,2.8
09-01-2025,27.5,78.5,ETAH,UTTAR PRADESH,D700,ALIGANJ,2.4
10-01-2025,27.5,78.5,ETAH,UTTAR PRADESH,D700,ALIGANJ,2.17
11-01-2025,27.5,78.5,ETAH,UTTAR PRADESH,D700,ALIGANJ,1.78
12-01-2025,27.5,78.5,ETAH,UTTAR PRADESH,D700,ALIGANJ,1.78
13-01-2025,27.5,78.5,ETAH,UTTAR PRADESH,D700,ALIGANJ,2.07
14-01-2025,27.5,78.5,ETAH,UTTAR PRADESH,D700,ALIGANJ,2.06
15-01-2025,27.5,78.5,ETAH,UTTAR PRADESH,D700,ALIGANJ,2.01
16-01-2025,27.5,78.5,ETAH,UTTAR PRADESH,D700,ALIGANJ,2.53
17-01-2025,27.5,78.5,ETAH,UTTAR PRADESH,D700,ALIGANJ,2.57
18-01-2025,27.5,78.5,ETAH,UTTAR PRADESH,D700,ALIGANJ,2.73
19-01-2025,27.5,78.5,ETAH,UTTAR PRADESH,D700,ALIGANJ,2.12
20-01-2025,27.5,78.5,ETAH,UTTAR PRADESH,D700,ALIGANJ,1.63
21-01-2025,27.5,78.5,ETAH,UTTAR PRADESH,D700,ALIGANJ,1.9
22-01-2025,27.5,78.5,ETAH,UTTAR PRADESH,D700,ALIGANJ,2.1
23-01-2025,27.5,78.5,ETAH,UTTAR PRADESH,D700,ALIGANJ,2.37
24-01-2025,27.5,78.5,ETAH,UTTAR PRADESH,D700,ALIGANJ,1.95
25-01-2025,27.5,78.5,ETAH,UTTAR PRADESH,D700,ALIGANJ,2
26-01-2025,27.5,78.5,ETAH,UTTAR PRADESH,D700,ALIGANJ,2.22
27-01-2025,27.5,78.5,ETAH,UTTAR PRADESH,D700,ALIGANJ,1.66
28-01-2025,27.5,78.5,ETAH,UTTAR PRADESH,D700,ALIGANJ,1.97
29-01-2025,27.5,78.5,ETAH,UTTAR PRADESH,D700,ALIGANJ,2.08
30-01-2025,27.5,78.5,ETAH,UTTAR PRADESH,D700,ALIGANJ,2.26
31-01-2025,27.5,78.5,ETAH,UTTAR PRADESH,D700,ALIGANJ,2.38
01-02-2025,27.5,78.5,ETAH,UTTAR PRADESH,D700,ALIGANJ,2.08
02-02-2025,27.5,78.5,ETAH,UTTAR PRADESH,D700,ALIGANJ,2.01
03-02-2025,27.5,78.5,ETAH,UTTAR PRADESH,D700,ALIGANJ,1.62
04-02-2025,27.5,78.5,ETAH,UTTAR PRADESH,D700,ALIGANJ,2.06
05-02-2025,27.5,78.5,ETAH,UTTAR PRADESH,D700,ALIGANJ,2.21
06-02-2025,27.5,78.5,ETAH,UTTAR PRADESH,D700,ALIGANJ,2.06
07-02-2025,27.5,78.5,ETAH,UTTAR PRADESH,D700,ALIGANJ,2.36
08-02-2025,27.5,78.5,ETAH,UTTAR PRADESH,D700,ALIGANJ,1.91
09-02-2025,27.5,78.5,ETAH,UTTAR PRADESH,D700,ALIGANJ,2.15
10-02-2025,27.5,78.5,ETAH,UTTAR PRADESH,D700,ALIGANJ,2.31
11-02-2025,27.5,78.5,ETAH,UTTAR PRADESH,D700,ALIGANJ,2.23
12-02-2025,27.5,78.5,ETAH,UTTAR PRADESH,D700,ALIGANJ,2.19
13-02-2025,27.5,78.5,ETAH,UTTAR PRADESH,D700,ALIGANJ,2.16
14-02-2025,27.5,78.5,ETAH,UTTAR PRADESH,D700,ALIGANJ,2.19
15-02-2025,27.5,78.5,ETAH,UTTAR PRADESH,D700,ALIGANJ,2.17
16-02-2025,27.5,78.5,ETAH,UTTAR PRADESH,D700,ALIGANJ,1.53
17-02-2025,27.5,78.5,ETAH,UTTAR PRADESH,D700,ALIGANJ,2.06
18-02-2025,27.5,78.5,ETAH,UTTAR PRADESH,D700,ALIGANJ,2.34
19-02-2025,27.5,78.5,ETAH,UTTAR PRADESH,D700,ALIGANJ,2.22
20-02-2025,27.5,78.5,ETAH,UTTAR PRADESH,D700,ALIGANJ,2.65
21-02-2025,27.5,78.5,ETAH,UTTAR PRADESH,D700,ALIGANJ,2.28
22-02-2025,27.5,78.5,ETAH,UTTAR PRADESH,D700,ALIGANJ,1.79
23-02-2025,27.5,78.5,ETAH,UTTAR PRADESH,D700,ALIGANJ,2.23
24-02-2025,27.5,78.5,ETAH,UTTAR PRADESH,D700,ALIGANJ,2.29
25-02-2025,27.5,78.5,ETAH,UTTAR PRADESH,D700,ALIGANJ,2.42
26-02-2025,27.5,78.5,ETAH,UTTAR PRADESH,D700,ALIGANJ,1.99
27-02-2025,27.5,78.5,ETAH,UTTAR PRADESH,D700,ALIGANJ,2.17
28-02-2025,27.5,78.5,ETAH,UTTAR PRADESH,D700,ALIGANJ,2.32
29-02-2025,27.5,78.5,ETAH,UTTAR PRADESH,D700,ALIGANJ,1.95
01-03-2025,27.5,78.5,ETAH,UTTAR PRADESH,D700,ALIGANJ,2.32
02-03-2025,27.5,78.5,ETAH,UTTAR PRADESH,D700,ALIGANJ,2.07
03-03-2025,27.5,78.5,ETAH,UTTAR PRADESH,D700,ALIGANJ,2.02
04-03-2025,27.5,78.5,ETAH,UTTAR PRADESH,D700,ALIGANJ,2.32
05-03-2025,27.5,78.5,ETAH,UTTAR PRADESH,D700,ALIGANJ,2.46
06-03-2025,27.5,78.5,ETAH,UTTAR PRADESH,D700,ALIGANJ,2.08
07-03-2025,27.5,78.5,ETAH,UTTAR PRADESH,D700,ALIGANJ,2.2
08-03-2025,27.5,78.5,ETAH,UTTAR PRADESH,D700,ALIGANJ,2.17
09-03-2025,27.5,78.5,ETAH,UTTAR PRADESH,D700,ALIGANJ,2.23
10-03-2025,27.5,78.5,ETAH,UTTAR PRADESH,D700,ALIGANJ,2.02
11-03-2025,27.5,78.5,ETAH,UTTAR PRADESH,D700,ALIGANJ,1.91
12-03-2025,27.5,78.5,ETAH,UTTAR PRADESH,D700,ALIGANJ,2.01
13-03-2025,27.5,78.5,ETAH,UTTAR PRADESH,D700,ALIGANJ,1.97
14-03-2025,27.5,78.5,ETAH,UTTAR PRADESH,D700,ALIGANJ,2.03
15-03-2025,27.5,78.5,ETAH,UTTAR PRADESH,D700,ALIGANJ,2.19
16-03-2025,27.5,78.5,ETAH,UTTAR PRADESH,D700,ALIGANJ,2.4
17-03-2025,27.5,78.5,ETAH,UTTAR PRADESH,D700,ALIGANJ,1.84
18-03-2025,27.5,78.5,ETAH,UTTAR PRADESH,D700,ALIGANJ,2.09
19-03-2025,27.5,78.5,ETAH,UTTAR PRADESH,D700,ALIGANJ,2.11
20-03-2025,27.5,78.5,ETAH,UTTAR PRADESH,D700,ALIGANJ,2.05
21-03-2025,27.5,78.5,ETAH,UTTAR PRADESH,D700,ALIGANJ,1.79
22-03-2025,27.5,78.5,ETAH,UTTAR PRADESH,D700,ALIGANJ,1.84
23-03-2025,27.5,78.5,ETAH,UTTAR PRADESH,D700,ALIGANJ,1.95
24-03-2025,27.5,78.5,ETAH,UTTAR PRADESH,D700,ALIGANJ,1.95
25-03-2025,27.5,78.5,ETAH,UTTAR PRADESH,D700,ALIGANJ,1.86
26-03-2025,27.5,78.5,ETAH,UTTAR PRADESH,D700,ALIGANJ,1.78
27-03-2025,27.5,78.5,ETAH,UTTAR PRADESH,D700,ALIGANJ,1.7
28-03-2025,27.5,78.5,ETAH,UTTAR PRADESH,D700,ALIGANJ,1.28
29-03-2025,27.5,78.5,ETAH,UTTAR PRADESH,D700,ALIGANJ,1.69
30-03-2025,27.5,78.5,ETAH,UTTAR PRADESH,D700,ALIGANJ,1.72
31-03-2025,27.5,78.5,ETAH,UTTAR PRADESH,D700,ALIGANJ,1.92
01-04-2025,27.5,78.5,ETAH,UTTAR PRADESH,D700,ALIGANJ,1.99
02-04-2025,27.5,78.5,ETAH,UTTAR PRADESH,D700,ALIGANJ,1.92
03-04-2025,27.5,78.5,ETAH,UTTAR PRADESH,D700,ALIGANJ,2.2
04-04-2025,27.5,78.5,ETAH,UTTAR PRADESH,D700,ALIGANJ,2.31
05-04-2025,27.5,78.5,ETAH,UTTAR PRADESH,D700,ALIGANJ,2.13
06-04-2025,27.5,78.5,ETAH,UTTAR PRADESH,D700,ALIGANJ,2.09
07-04-2025,27.5,78.5,ETAH,UTTAR PRADESH,D700,ALIGANJ,2
08-04-2025,27.5,78.5,ETAH,UTTAR PRADESH,D700,ALIGANJ,1.77
09-04-2025,27.5,78.5,ETAH,UTTAR PRADESH,D700,ALIGANJ,1.78
10-04-2025,27.5,78.5,ETAH,UTTAR PRADESH,D700,ALIGANJ,2.32
11-04-2025,27.5,78.5,ETAH,UTTAR PRADESH,D700,ALIGANJ,1.97
12-04-2025,27.5,78.5,ETAH,UTTAR PRADESH,D700,ALIGANJ,1.9
13-04-2025,27.5,78.5,ETAH,UTTAR PRADESH,D700,ALIGANJ,2.03
14-04-2025,27.5,78.5,ETAH,UTTAR PRADESH,D700,ALIGANJ,1.83
15-04-2025,27.5,78.5,ETAH,UTTAR PRADESH,D700,ALIGANJ,1.78
16-04-2025,27.5,78.5,ETAH,UTTAR PRADESH,D700,ALIGANJ,1.8
17-04-2025,27.5,78.5,ETAH,UTTAR PRADESH,D700,ALIGANJ,2.19
18-04-2025,27.5,78.5,ETAH,UTTAR PRADESH,D700,ALIGANJ,2.34
19-04-2025,27.5,78.5,ETAH,UTTAR PRADESH,D700,ALIGANJ,2.26
20-04-2025,27.5,78.5,ETAH,UTTAR PRADESH,D700,ALIGANJ,2.41
21-04-2025,27.5,78.5,ETAH,UTTAR PRADESH,D700,ALIGANJ,2.42
22-04-2025,27.5,78.5,ETAH,UTTAR PRADESH,D700,ALIGANJ,2.2
23-04-2025,27.5,78.5,ETAH,UTTAR PRADESH,D700,ALIGANJ,1.71
24-04-2025,27.5,78.5,ETAH,UTTAR PRADESH,D700,ALIGANJ,1.77
25-04-2025,27.5,78.5,ETAH,UTTAR PRADESH,D700,ALIGANJ,1.85
26-04-2025,27.5,78.5,ETAH,UTTAR PRADESH,D700,ALIGANJ,1.58
27-04-2025,27.5,78.5,ETAH,UTTAR PRADESH,D700,ALIGANJ,1.6
28-04-2025,27.5,78.5,ETAH,UTTAR PRADESH,D700,ALIGANJ,1.61
29-04-2025,27.5,78.5,ETAH,UTTAR PRADESH,D700,ALIGANJ,1.3
30-04-2025,27.5,78.5,ETAH,UTTAR PRADESH,D700,ALIGANJ,1.66
01-05-2025,27.5,78.5,ETAH,UTTAR PRADESH,D700,ALIGANJ,2.04
02-05-2025,27.5,78.5,ETAH,UTTAR PRADESH,D700,ALIGANJ,2.14
03-05-2025,27.5,78.5,ETAH,UTTAR PRADESH,D700,ALIGANJ,2.3
04-05-2025,27.5,78.5,ETAH,UTTAR PRADESH,D700,ALIGANJ,2.09
05-05-2025,27.5,78.5,ETAH,UTTAR PRADESH,D700,ALIGANJ,1.79
06-05-2025,27.5,78.5,ETAH,UTTAR PRADESH,D700,ALIGANJ,1.8
07-05-2025,27.5,78.5,ETAH,UTTAR PRADESH,D700,ALIGANJ,1.82
08-05-2025,27.5,78.5,ETAH,UTTAR PRADESH,D700,ALIGANJ,1.71
09-05-2025,27.5,78.5,ETAH,UTTAR PRADESH,D700,ALIGANJ,1.7
10-05-2025,27.5,78.5,ETAH,UTTAR PRADESH,D700,ALIGANJ,2.35
11-05-2025,27.5,78.5,ETAH,UTTAR PRADESH,D700,ALIGANJ,2.2
12-05-2025,27.5,78.5,ETAH,UTTAR PRADESH,D700,ALIGANJ,2.04
13-05-2025,27.5,78.5,ETAH,UTTAR PRADESH,D700,ALIGANJ,2.07
14-05-2025,27.5,78.5,ETAH,UTTAR PRADESH,D700,ALIGANJ,1.99
15-05-2025,27.5,78.5,ETAH,UTTAR PRADESH,D700,ALIGANJ,2
16-05-2025,27.5,78.5,ETAH,UTTAR PRADESH,D700,ALIGANJ,2.05
17-05-2025,27.5,78.5,ETAH,UTTAR PRADESH,D700,ALIGANJ,2.03
18-05-2025,27.5,78.5,ETAH,UTTAR PRADESH,D700,ALIGANJ,2.06
19-05-2025,27.5,78.5,ETAH,UTTAR PRADESH,D700,ALIGANJ,2.11
20-05-2025,27.5,78.5,ETAH,UTTAR PRADESH,D700,ALIGANJ,2.27
21-05-2025,27.5,78.5,ETAH,UTTAR PRADESH,D700,ALIGANJ,1.98
22-05-2025,27.5,78.5,ETAH,UTTAR PRADESH,D700,ALIGANJ,2.17
23-05-2025,27.5,78.5,ETAH,UTTAR PRADESH,D700,ALIGANJ,1.9
24-05-2025,27.5,78.5,ETAH,UTTAR PRADESH,D700,ALIGANJ,2.2
25-05-2025,27.5,78.5,ETAH,UTTAR PRADESH,D700,ALIGANJ,1.97
26-05-2025,27.5,78.5,ETAH,UTTAR PRADESH,D700,ALIGANJ,2.49
27-05-2025,27.5,78.5,ETAH,UTTAR PRADESH,D700,ALIGANJ,2.01
28-05-2025,27.5,78.5,ETAH,UTTAR PRADESH,D700,ALIGANJ,2.28
29-05-2025,27.5,78.5,ETAH,UTTAR PRADESH,D700,ALIGANJ,2.18
30-05-2025,27.5,78.5,ETAH,UTTAR PRADESH,D700,ALIGANJ,2.22
31-05-2025,27.5,78.5,ETAH,UTTAR PRADESH,D700,ALIGANJ,2.02
01-06-2025,27.5,78.5,ETAH,UTTAR PRADESH,D700,ALIGANJ,2.07
02-06-2025,27.5,78.5,ETAH,UTTAR PRADESH,D700,ALIGANJ,2
03-06-2025,27.5,78.5,ETAH,UTTAR PRADESH,D700,ALIGANJ,2.01
04-06-2025,27.5,78.5,ETAH,UTTAR PRADESH,D700,ALIGANJ,2.05
05-06-2025,27.5,78.5,ETAH,UTTAR PRADESH,D700,ALIGANJ,2.18
06-06-2025,27.5,78.5,ETAH,UTTAR PRADESH,D700,ALIGANJ,1.91
07-06-2025,27.5,78.5,ETAH,UTTAR PRADESH,D700,ALIGANJ,1.78
08-06-2025,27.5,78.5,ETAH,UTTAR PRADESH,D700,ALIGANJ,1.88
09-06-2025,27.5,78.5,ETAH,UTTAR PRADESH,D700,ALIGANJ,1.79
10-06-2025,27.5,78.5,ETAH,UTTAR PRADESH,D700,ALIGANJ,1.95
11-06-2025,27.5,78.5,ETAH,UTTAR PRADESH,D700,ALIGANJ,1.8
12-06-2025,27.5,78.5,ETAH,UTTAR PRADESH,D700,ALIGANJ,1.67
13-06-2025,27.5,78.5,ETAH,UTTAR PRADESH,D700,ALIGANJ,1.68
14-06-2025,27.5,78.5,ETAH,UTTAR PRADESH,D700,ALIGANJ,1.69
15-06-2025,27.5,78.5,ETAH,UTTAR PRADESH,D700,ALIGANJ,1.66
16-06-2025,27.5,78.5,ETAH,UTTAR PRADESH,D700,ALIGANJ,1.92
17-06-2025,27.5,78.5,ETAH,UTTAR PRADESH,D700,ALIGANJ,1.9
18-06-2025,27.5,78.5,ETAH,UTTAR PRADESH,D700,ALIGANJ,1.75
19-06-2025,27.5,78.5,ETAH,UTTAR PRADESH,D700,ALIGANJ,1.79
20-06-2025,27.5,78.5,ETAH,UTTAR PRADESH,D700,ALIGANJ,1.51
21-06-2025,27.5,78.5,ETAH,UTTAR PRADESH,D700,ALIGANJ,1.78
22-06-2025,27.5,78.5,ETAH,UTTAR PRADESH,D700,ALIGANJ,1.83
23-06-2025,27.5,78.5,ETAH,UTTAR PRADESH,D700,ALIGANJ,1.69
24-06-2025,27.5,78.5,ETAH,UTTAR PRADESH,D700,ALIGANJ,1.59
25-06-2025,27.5,78.5,ETAH,UTTAR PRADESH,D700,ALIGANJ,1.43
26-06-2025,27.5,78.5,ETAH,UTTAR PRADESH,D700,ALIGANJ,1.61
27-06-2025,27.5,78.5,ETAH,UTTAR PRADESH,D700,ALIGANJ,1.45
28-06-2025,27.5,78.5,ETAH,UTTAR PRADESH,D700,ALIGANJ,1.38
29-06-2025,27.5,78.5,ETAH,UTTAR PRADESH,D700,ALIGANJ,1.32
30-06-2025,27.5,78.5,ETAH,UTTAR PRADESH,D700,ALIGANJ,1.5
01-07-2025,27.5,78.5,ETAH,UTTAR PRADESH,D700,ALIGANJ,1.47
02-07-2025,27.5,78.5,ETAH,UTTAR PRADESH,D700,ALIGANJ,1.35
03-07-2025,27.5,78.5,ETAH,UTTAR PRADESH,D700,ALIGANJ,1.23
04-07-2025,27.5,78.5,ETAH,UTTAR PRADESH,D700,ALIGANJ,1.01
05-07-2025,27.5,78.5,ETAH,UTTAR PRADESH,D700,ALIGANJ,1.19
06-07-2025,27.5,78.5,ETAH,UTTAR PRADESH,D700,ALIGANJ,1.13
07-07-2025,27.5,78.5,ETAH,UTTAR PRADESH,D700,ALIGANJ,1.32
08-07-2025,27.5,78.5,ETAH,UTTAR PRADESH,D700,ALIGANJ,1.5
09-07-2025,27.5,78.5,ETAH,UTTAR PRADESH,D700,ALIGANJ,1.23
10-07-2025,27.5,78.5,ETAH,UTTAR PRADESH,D700,ALIGANJ,1.44
11-07-2025,27.5,78.5,ETAH,UTTAR PRADESH,D700,ALIGANJ,1.46
12-07-2025,27.5,78.5,ETAH,UTTAR PRADESH,D700,ALIGANJ,1.39
13-07-2025,27.5,78.5,ETAH,UTTAR PRADESH,D700,ALIGANJ,1.27
14-07-2025,27.5,78.5,ETAH,UTTAR PRADESH,D700,ALIGANJ,1.13
15-07-2025,27.5,78.5,ETAH,UTTAR PRADESH,D700,ALIGANJ,1.19
16-07-2025,27.5,78.5,ETAH,UTTAR PRADESH,D700,ALIGANJ,1.17
17-07-2025,27.5,78.5,ETAH,UTTAR PRADESH,D700,ALIGANJ,1.12
18-07-2025,27.5,78.5,ETAH,UTTAR PRADESH,D700,ALIGANJ,1.11
19-07-2025,27.5,78.5,ETAH,UTTAR PRADESH,D700,ALIGANJ,1.28
20-07-2025,27.5,78.5,ETAH,UTTAR PRADESH,D700,ALIGANJ,1.1
21-07-2025,27.5,78.5,ETAH,UTTAR PRADESH,D700,ALIGANJ,1.12
22-07-2025,27.5,78.5,ETAH,UTTAR PRADESH,D700,ALIGANJ,1.05
23-07-2025,27.5,78.5,ETAH,UTTAR PRADESH,D700,ALIGANJ,1.05
24-07-2025,27.5,78.5,ETAH,UTTAR PRADESH,D700,ALIGANJ,1.1
25-07-2025,27.5,78.5,ETAH,UTTAR PRADESH,D700,ALIGANJ,1
26-07-2025,27.5,78.5,ETAH,UTTAR PRADESH,D700,ALIGANJ,1.04
27-07-2025,27.5,78.5,ETAH,UTTAR PRADESH,D700,ALIGANJ,1
28-07-2025,27.5,78.5,ETAH,UTTAR PRADESH,D700,ALIGANJ,1.24
29-07-2025,27.5,78.5,ETAH,UTTAR PRADESH,D700,ALIGANJ,1.02
30-07-2025,27.5,78.5,ETAH,UTTAR PRADESH,D700,ALIGANJ,0.98
31-07-2025,27.5,78.5,ETAH,UTTAR PRADESH,D700,ALIGANJ,0.88
01-08-2025,27.5,78.5,ETAH,UTTAR PRADESH,D700,ALIGANJ,0.83
02-08-2025,27.5,78.5,ETAH,UTTAR PRADESH,D700,ALIGANJ,0.85
03-08-2025,27.5,78.5,ETAH,UTTAR PRADESH,D700,ALIGANJ,0.83
04-08-2025,27.5,78.5,ETAH,UTTAR PRADESH,D700,ALIGANJ,0.82
05-08-2025,27.5,78.5,ETAH,UTTAR PRADESH,D700,ALIGANJ,0.75
06-08-2025,27.5,78.5,ETAH,UTTAR PRADESH,D700,ALIGANJ,0.72
07-08-2025,27.5,78.5,ETAH,UTTAR PRADESH,D700,ALIGANJ,0.84
08-08-2025,27.5,78.5,ETAH,UTTAR PRADESH,D700,ALIGANJ,1.01
09-08-2025,27.5,78.5,ETAH,UTTAR PRADESH,D700,ALIGANJ,0.86
10-08-2025,27.5,78.5,ETAH,UTTAR PRADESH,D700,ALIGANJ,0.93
11-08-2025,27.5,78.5,ETAH,UTTAR PRADESH,D700,ALIGANJ,0.73
12-08-2025,27.5,78.5,ETAH,UTTAR PRADESH,D700,ALIGANJ,0.74
13-08-2025,27.5,78.5,ETAH,UTTAR PRADESH,D700,ALIGANJ,0.75
14-08-2025,27.5,78.5,ETAH,UTTAR PRADESH,D700,ALIGANJ,0.82
15-08-2025,27.5,78.5,ETAH,UTTAR PRADESH,D700,ALIGANJ,0.8
16-08-2025,27.5,78.5,ETAH,UTTAR PRADESH,D700,ALIGANJ,0.86
17-08-2025,27.5,78.5,ETAH,UTTAR PRADESH,D700,ALIGANJ,0.99
18-08-2025,27.5,78.5,ETAH,UTTAR PRADESH,D700,ALIGANJ,1.05
19-08-2025,27.5,78.5,ETAH,UTTAR PRADESH,D700,ALIGANJ,0.72
20-08-2025,27.5,78.5,ETAH,UTTAR PRADESH,D700,ALIGANJ,0.7
21-08-2025,27.5,78.5,ETAH,UTTAR PRADESH,D700,ALIGANJ,0.84
22-08-2025,27.5,78.5,ETAH,UTTAR PRADESH,D700,ALIGANJ,0.94
23-08-2025,27.5,78.5,ETAH,UTTAR PRADESH,D700,ALIGANJ,0.86
24-08-2025,27.5,78.5,ETAH,UTTAR PRADESH,D700,ALIGANJ,0.77
25-08-2025,27.5,78.5,ETAH,UTTAR PRADESH,D700,ALIGANJ,0.69
26-08-2025,27.5,78.5,ETAH,UTTAR PRADESH,D700,ALIGANJ,0.68
27-08-2025,27.5,78.5,ETAH,UTTAR PRADESH,D700,ALIGANJ,0.62
28-08-2025,27.5,78.5,ETAH,UTTAR PRADESH,D700,ALIGANJ,0.79
29-08-2025,27.5,78.5,ETAH,UTTAR PRADESH,D700,ALIGANJ,0.75
30-08-2025,27.5,78.5,ETAH,UTTAR PRADESH,D700,ALIGANJ,0.82
31-08-2025,27.5,78.5,ETAH,UTTAR PRADESH,D700,ALIGANJ,0.78
01-09-2025,27.5,78.5,ETAH,UTTAR PRADESH,D700,ALIGANJ,0.96
02-09-2025,27.5,78.5,ETAH,UTTAR PRADESH,D700,ALIGANJ,1
03-09-2025,27.5,78.5,ETAH,UTTAR PRADESH,D700,ALIGANJ,0.96
04-09-2025,27.5,78.5,ETAH,UTTAR PRADESH,D700,ALIGANJ,0.79
05-09-2025,27.5,78.5,ETAH,UTTAR PRADESH,D700,ALIGANJ,0.86
06-09-2025,27.5,78.5,ETAH,UTTAR PRADESH,D700,ALIGANJ,0.9
07-09-2025,27.5,78.5,ETAH,UTTAR PRADESH,D700,ALIGANJ,1.01
08-09-2025,27.5,78.5,ETAH,UTTAR PRADESH,D700,ALIGANJ,1.02
09-09-2025,27.5,78.5,ETAH,UTTAR PRADESH,D700,ALIGANJ,1.07
10-09-2025,27.5,78.5,ETAH,UTTAR PRADESH,D700,ALIGANJ,0.89
11-09-2025,27.5,78.5,ETAH,UTTAR PRADESH,D700,ALIGANJ,0.95
12-09-2025,27.5,78.5,ETAH,UTTAR PRADESH,D700,ALIGANJ,1.05
13-09-2025,27.5,78.5,ETAH,UTTAR PRADESH,D700,ALIGANJ,0.94
14-09-2025,27.5,78.5,ETAH,UTTAR PRADESH,D700,ALIGANJ,1.02
15-09-2025,27.5,78.5,ETAH,UTTAR PRADESH,D700,ALIGANJ,1.03
16-09-2025,27.5,78.5,ETAH,UTTAR PRADESH,D700,ALIGANJ,1.03
17-09-2025,27.5,78.5,ETAH,UTTAR PRADESH,D700,ALIGANJ,1.03
18-09-2025,27.5,78.5,ETAH,UTTAR PRADESH,D700,ALIGANJ,1.09
19-09-2025,27.5,78.5,ETAH,UTTAR PRADESH,D700,ALIGANJ,1.21
20-09-2025,27.5,78.5,ETAH,UTTAR PRADESH,D700,ALIGANJ,1.13
21-09-2025,27.5,78.5,ETAH,UTTAR PRADESH,D700,ALIGANJ,1.14
22-09-2025,27.5,78.5,ETAH,UTTAR PRADESH,D700,ALIGANJ,1
23-09-2025,27.5,78.5,ETAH,UTTAR PRADESH,D700,ALIGANJ,0.9
24-09-2025,27.5,78.5,ETAH,UTTAR PRADESH,D700,ALIGANJ,0.92
25-09-2025,27.5,78.5,ETAH,UTTAR PRADESH,D700,ALIGANJ,0.91
26-09-2025,27.5,78.5,ETAH,UTTAR PRADESH,D700,ALIGANJ,0.94
27-09-2025,27.5,78.5,ETAH,UTTAR PRADESH,D700,ALIGANJ,0.99
28-09-2025,27.5,78.5,ETAH,UTTAR PRADESH,D700,ALIGANJ,1.05
29-09-2025,27.5,78.5,ETAH,UTTAR PRADESH,D700,ALIGANJ,1.26
30-09-2025,27.5,78.5,ETAH,UTTAR PRADESH,D700,ALIGANJ,1.41
01-10-2025,27.5,78.5,ETAH,UTTAR PRADESH,D700,ALIGANJ,1.31
02-10-2025,27.5,78.5,ETAH,UTTAR PRADESH,D700,ALIGANJ,1.65
03-10-2025,27.5,78.5,ETAH,UTTAR PRADESH,D700,ALIGANJ,1.54
04-10-2025,27.5,78.5,ETAH,UTTAR PRADESH,D700,ALIGANJ,1.46
05-10-2025,27.5,78.5,ETAH,UTTAR PRADESH,D700,ALIGANJ,1.45
06-10-2025,27.5,78.5,ETAH,UTTAR PRADESH,D700,ALIGANJ,1.41
07-10-2025,27.5,78.5,ETAH,UTTAR PRADESH,D700,ALIGANJ,1.58
08-10-2025,27.5,78.5,ETAH,UTTAR PRADESH,D700,ALIGANJ,1.52
09-10-2025,27.5,78.5,ETAH,UTTAR PRADESH,D700,ALIGANJ,1.53
10-10-2025,27.5,78.5,ETAH,UTTAR PRADESH,D700,ALIGANJ,1.46
11-10-2025,27.5,78.5,ETAH,UTTAR PRADESH,D700,ALIGANJ,1.25
12-10-2025,27.5,78.5,ETAH,UTTAR PRADESH,D700,ALIGANJ,1.31
13-10-2025,27.5,78.5,ETAH,UTTAR PRADESH,D700,ALIGANJ,1.31
14-10-2025,27.5,78.5,ETAH,UTTAR PRADESH,D700,ALIGANJ,1.67
15-10-2025,27.5,78.5,ETAH,UTTAR PRADESH,D700,ALIGANJ,1.61
16-10-2025,27.5,78.5,ETAH,UTTAR PRADESH,D700,ALIGANJ,1.43
17-10-2025,27.5,78.5,ETAH,UTTAR PRADESH,D700,ALIGANJ,1.68
18-10-2025,27.5,78.5,ETAH,UTTAR PRADESH,D700,ALIGANJ,1.44
19-10-2025,27.5,78.5,ETAH,UTTAR PRADESH,D700,ALIGANJ,1.54
20-10-2025,27.5,78.5,ETAH,UTTAR PRADESH,D700,ALIGANJ,1.64
21-10-2025,27.5,78.5,ETAH,UTTAR PRADESH,D700,ALIGANJ,1.49
22-10-2025,27.5,78.5,ETAH,UTTAR PRADESH,D700,ALIGANJ,1.46
23-10-2025,27.5,78.5,ETAH,UTTAR PRADESH,D700,ALIGANJ,1.43
24-10-2025,27.5,78.5,ETAH,UTTAR PRADESH,D700,ALIGANJ,1.38
25-10-2025,27.5,78.5,ETAH,UTTAR PRADESH,D700,ALIGANJ,1.48
26-10-2025,27.5,78.5,ETAH,UTTAR PRADESH,D700,ALIGANJ,1.3
27-10-2025,27.5,78.5,ETAH,UTTAR PRADESH,D700,ALIGANJ,1.35
28-10-2025,27.5,78.5,ETAH,UTTAR PRADESH,D700,ALIGANJ,1.41
29-10-2025,27.5,78.5,ETAH,UTTAR PRADESH,D700,ALIGANJ,1.53
30-10-2025,27.5,78.5,ETAH,UTTAR PRADESH,D700,ALIGANJ,1.69
31-10-2025,27.5,78.5,ETAH,UTTAR PRADESH,D700,ALIGANJ,1.58
01-11-2025,27.5,78.5,ETAH,UTTAR PRADESH,D700,ALIGANJ,1.57
02-11-2025,27.5,78.5,ETAH,UTTAR PRADESH,D700,ALIGANJ,1.45
03-11-2025,27.5,78.5,ETAH,UTTAR PRADESH,D700,ALIGANJ,1.62
04-11-2025,27.5,78.5,ETAH,UTTAR PRADESH,D700,ALIGANJ,1.81
05-11-2025,27.5,78.5,ETAH,UTTAR PRADESH,D700,ALIGANJ,1.72
06-11-2025,27.5,78.5,ETAH,UTTAR PRADESH,D700,ALIGANJ,1.79
07-11-2025,27.5,78.5,ETAH,UTTAR PRADESH,D700,ALIGANJ,1.83
08-11-2025,27.5,78.5,ETAH,UTTAR PRADESH,D700,ALIGANJ,1.84
09-11-2025,27.5,78.5,ETAH,UTTAR PRADESH,D700,ALIGANJ,2.02
10-11-2025,27.5,78.5,ETAH,UTTAR PRADESH,D700,ALIGANJ,1.95
11-11-2025,27.5,78.5,ETAH,UTTAR PRADESH,D700,ALIGANJ,1.71
12-11-2025,27.5,78.5,ETAH,UTTAR PRADESH,D700,ALIGANJ,1.65
13-11-2025,27.5,78.5,ETAH,UTTAR PRADESH,D700,ALIGANJ,1.51
14-11-2025,27.5,78.5,ETAH,UTTAR PRADESH,D700,ALIGANJ,1.91
15-11-2025,27.5,78.5,ETAH,UTTAR PRADESH,D700,ALIGANJ,1.85
16-11-2025,27.5,78.5,ETAH,UTTAR PRADESH,D700,ALIGANJ,1.98
17-11-2025,27.5,78.5,ETAH,UTTAR PRADESH,D700,ALIGANJ,1.98
18-11-2025,27.5,78.5,ETAH,UTTAR PRADESH,D700,ALIGANJ,2
19-11-2025,27.5,78.5,ETAH,UTTAR PRADESH,D700,ALIGANJ,1.81
20-11-2025,27.5,78.5,ETAH,UTTAR PRADESH,D700,ALIGANJ,1.56
21-11-2025,27.5,78.5,ETAH,UTTAR PRADESH,D700,ALIGANJ,1.34
22-11-2025,27.5,78.5,ETAH,UTTAR PRADESH,D700,ALIGANJ,1.61
23-11-2025,27.5,78.5,ETAH,UTTAR PRADESH,D700,ALIGANJ,1.83
24-11-2025,27.5,78.5,ETAH,UTTAR PRADESH,D700,ALIGANJ,1.7
25-11-2025,27.5,78.5,ETAH,UTTAR PRADESH,D700,ALIGANJ,1.77
26-11-2025,27.5,78.5,ETAH,UTTAR PRADESH,D700,ALIGANJ,1.99
27-11-2025,27.5,78.5,ETAH,UTTAR PRADESH,D700,ALIGANJ,1.77
28-11-2025,27.5,78.5,ETAH,UTTAR PRADESH,D700,ALIGANJ,1.65
29-11-2025,27.5,78.5,ETAH,UTTAR PRADESH,D700,ALIGANJ,1.43
30-11-2025,27.5,78.5,ETAH,UTTAR PRADESH,D700,ALIGANJ,1.63
01-12-2025,27.5,78.5,ETAH,UTTAR PRADESH,D700,ALIGANJ,2.03
02-12-2025,27.5,78.5,ETAH,UTTAR PRADESH,D700,ALIGANJ,2.22
03-12-2025,27.5,78.5,ETAH,UTTAR PRADESH,D700,ALIGANJ,2.03
04-12-2025,27.5,78.5,ETAH,UTTAR PRADESH,D700,ALIGANJ,1.74
05-12-2025,27.5,78.5,ETAH,UTTAR PRADESH,D700,ALIGANJ,1.82
06-12-2025,27.5,78.5,ETAH,UTTAR PRADESH,D700,ALIGANJ,2
07-12-2025,27.5,78.5,ETAH,UTTAR PRADESH,D700,ALIGANJ,2.01
08-12-2025,27.5,78.5,ETAH,UTTAR PRADESH,D700,ALIGANJ,1.79
09-12-2025,27.5,78.5,ETAH,UTTAR PRADESH,D700,ALIGANJ,1.99
10-12-2025,27.5,78.5,ETAH,UTTAR PRADESH,D700,ALIGANJ,2.06
11-12-2025,27.5,78.5,ETAH,UTTAR PRADESH,D700,ALIGANJ,2.2
12-12-2025,27.5,78.5,ETAH,UTTAR PRADESH,D700,ALIGANJ,2.23
13-12-2025,27.5,78.5,ETAH,UTTAR PRADESH,D700,ALIGANJ,2.18
14-12-2025,27.5,78.5,ETAH,UTTAR PRADESH,D700,ALIGANJ,1.93
15-12-2025,27.5,78.5,ETAH,UTTAR PRADESH,D700,ALIGANJ,1.93
16-12-2025,27.5,78.5,ETAH,UTTAR PRADESH,D700,ALIGANJ,2.01
17-12-2025,27.5,78.5,ETAH,UTTAR PRADESH,D700,ALIGANJ,1.79
18-12-2025,27.5,78.5,ETAH,UTTAR PRADESH,D700,ALIGANJ,1.77
19-12-2025,27.5,78.5,ETAH,UTTAR PRADESH,D700,ALIGANJ,2.33
20-12-2025,27.5,78.5,ETAH,UTTAR PRADESH,D700,ALIGANJ,2.2
21-12-2025,27.5,78.5,ETAH,UTTAR PRADESH,D700,ALIGANJ,2.13
22-12-2025,27.5,78.5,ETAH,UTTAR PRADESH,D700,ALIGANJ,2.02
23-12-2025,27.5,78.5,ETAH,UTTAR PRADESH,D700,ALIGANJ,1.68
24-12-2025,27.5,78.5,ETAH,UTTAR PRADESH,D700,ALIGANJ,1.54
25-12-2025,27.5,78.5,ETAH,UTTAR PRADESH,D700,ALIGANJ,1.47
26-12-2025,27.5,78.5,ETAH,UTTAR PRADESH,D700,ALIGANJ,1.44
27-12-2025,27.5,78.5,ETAH,UTTAR PRADESH,D700,ALIGANJ,1.82
28-12-2025,27.5,78.5,ETAH,UTTAR PRADESH,D700,ALIGANJ,1.98
29-12-2025,27.5,78.5,ETAH,UTTAR PRADESH,D700,ALIGANJ,1.85
30-12-2025,27.5,78.5,ETAH,UTTAR PRADESH,D700,ALIGANJ,1.89
31-12-2025,27.5,78.5,ETAH,UTTAR PRADESH,D700,ALIGANJ,2.16
01-01-2025,27.5,79.5,FARRUKHABAD,UTTAR PRADESH,D702,AMRITPUR,2.3
02-01-2025,27.5,79.5,FARRUKHABAD,UTTAR PRADESH,D702,AMRITPUR,1.98
03-01-2025,27.5,79.5,FARRUKHABAD,UTTAR PRADESH,D702,AMRITPUR,2.28
04-01-2025,27.5,79.5,FARRUKHABAD,UTTAR PRADESH,D702,AMRITPUR,2.1
05-01-2025,27.5,79.5,FARRUKHABAD,UTTAR PRADESH,D702,AMRITPUR,1.97
06-01-2025,27.5,79.5,FARRUKHABAD,UTTAR PRADESH,D702,AMRITPUR,2.2
07-01-2025,27.5,79.5,FARRUKHABAD,UTTAR PRADESH,D702,AMRITPUR,2.77
08-01-2025,27.5,79.5,FARRUKHABAD,UTTAR PRADESH,D702,AMRITPUR,2.71
09-01-2025,27.5,79.5,FARRUKHABAD,UTTAR PRADESH,D702,AMRITPUR,2.42
10-01-2025,27.5,79.5,FARRUKHABAD,UTTAR PRADESH,D702,AMRITPUR,2.17
11-01-2025,27.5,79.5,FARRUKHABAD,UTTAR PRADESH,D702,AMRITPUR,1.81
12-01-2025,27.5,79.5,FARRUKHABAD,UTTAR PRADESH,D702,AMRITPUR,1.72
13-01-2025,27.5,79.5,FARRUKHABAD,UTTAR PRADESH,D702,AMRITPUR,1.97
14-01-2025,27.5,79.5,FARRUKHABAD,UTTAR PRADESH,D702,AMRITPUR,2.04
15-01-2025,27.5,79.5,FARRUKHABAD,UTTAR PRADESH,D702,AMRITPUR,1.95
16-01-2025,27.5,79.5,FARRUKHABAD,UTTAR PRADESH,D702,AMRITPUR,2.47
17-01-2025,27.5,79.5,FARRUKHABAD,UTTAR PRADESH,D702,AMRITPUR,2.57
18-01-2025,27.5,79.5,FARRUKHABAD,UTTAR PRADESH,D702,AMRITPUR,2.6
19-01-2025,27.5,79.5,FARRUKHABAD,UTTAR PRADESH,D702,AMRITPUR,2.01
20-01-2025,27.5,79.5,FARRUKHABAD,UTTAR PRADESH,D702,AMRITPUR,1.69
21-01-2025,27.5,79.5,FARRUKHABAD,UTTAR PRADESH,D702,AMRITPUR,1.65
22-01-2025,27.5,79.5,FARRUKHABAD,UTTAR PRADESH,D702,AMRITPUR,1.95
23-01-2025,27.5,79.5,FARRUKHABAD,UTTAR PRADESH,D702,AMRITPUR,2.4
24-01-2025,27.5,79.5,FARRUKHABAD,UTTAR PRADESH,D702,AMRITPUR,1.92
25-01-2025,27.5,79.5,FARRUKHABAD,UTTAR PRADESH,D702,AMRITPUR,2.04
26-01-2025,27.5,79.5,FARRUKHABAD,UTTAR PRADESH,D702,AMRITPUR,2.18
27-01-2025,27.5,79.5,FARRUKHABAD,UTTAR PRADESH,D702,AMRITPUR,1.85
28-01-2025,27.5,79.5,FARRUKHABAD,UTTAR PRADESH,D702,AMRITPUR,1.87
29-01-2025,27.5,79.5,FARRUKHABAD,UTTAR PRADESH,D702,AMRITPUR,1.98
30-01-2025,27.5,79.5,FARRUKHABAD,UTTAR PRADESH,D702,AMRITPUR,2.12
31-01-2025,27.5,79.5,FARRUKHABAD,UTTAR PRADESH,D702,AMRITPUR,2.33
01-02-2025,27.5,79.5,FARRUKHABAD,UTTAR PRADESH,D702,AMRITPUR,2.08
02-02-2025,27.5,79.5,FARRUKHABAD,UTTAR PRADESH,D702,AMRITPUR,1.8
03-02-2025,27.5,79.5,FARRUKHABAD,UTTAR PRADESH,D702,AMRITPUR,1.41
04-02-2025,27.5,79.5,FARRUKHABAD,UTTAR PRADESH,D702,AMRITPUR,1.78
05-02-2025,27.5,79.5,FARRUKHABAD,UTTAR PRADESH,D702,AMRITPUR,2.03
06-02-2025,27.5,79.5,FARRUKHABAD,UTTAR PRADESH,D702,AMRITPUR,1.96
07-02-2025,27.5,79.5,FARRUKHABAD,UTTAR PRADESH,D702,AMRITPUR,2.21
08-02-2025,27.5,79.5,FARRUKHABAD,UTTAR PRADESH,D702,AMRITPUR,1.9
09-02-2025,27.5,79.5,FARRUKHABAD,UTTAR PRADESH,D702,AMRITPUR,2.13
10-02-2025,27.5,79.5,FARRUKHABAD,UTTAR PRADESH,D702,AMRITPUR,2.26
11-02-2025,27.5,79.5,FARRUKHABAD,UTTAR PRADESH,D702,AMRITPUR,2.31
12-02-2025,27.5,79.5,FARRUKHABAD,UTTAR PRADESH,D702,AMRITPUR,2.18
13-02-2025,27.5,79.5,FARRUKHABAD,UTTAR PRADESH,D702,AMRITPUR,2.12
14-02-2025,27.5,79.5,FARRUKHABAD,UTTAR PRADESH,D702,AMRITPUR,2.11
15-02-2025,27.5,79.5,FARRUKHABAD,UTTAR PRADESH,D702,AMRITPUR,2.18
16-02-2025,27.5,79.5,FARRUKHABAD,UTTAR PRADESH,D702,AMRITPUR,1.47
17-02-2025,27.5,79.5,FARRUKHABAD,UTTAR PRADESH,D702,AMRITPUR,1.95
18-02-2025,27.5,79.5,FARRUKHABAD,UTTAR PRADESH,D702,AMRITPUR,2.35
19-02-2025,27.5,79.5,FARRUKHABAD,UTTAR PRADESH,D702,AMRITPUR,2.26
20-02-2025,27.5,79.5,FARRUKHABAD,UTTAR PRADESH,D702,AMRITPUR,2.61
21-02-2025,27.5,79.5,FARRUKHABAD,UTTAR PRADESH,D702,AMRITPUR,2.23
22-02-2025,27.5,79.5,FARRUKHABAD,UTTAR PRADESH,D702,AMRITPUR,1.77
23-02-2025,27.5,79.5,FARRUKHABAD,UTTAR PRADESH,D702,AMRITPUR,2.07
24-02-2025,27.5,79.5,FARRUKHABAD,UTTAR PRADESH,D702,AMRITPUR,2.26
25-02-2025,27.5,79.5,FARRUKHABAD,UTTAR PRADESH,D702,AMRITPUR,2.37
26-02-2025,27.5,79.5,FARRUKHABAD,UTTAR PRADESH,D702,AMRITPUR,2.04
27-02-2025,27.5,79.5,FARRUKHABAD,UTTAR PRADESH,D702,AMRITPUR,2.16
28-02-2025,27.5,79.5,FARRUKHABAD,UTTAR PRADESH,D702,AMRITPUR,2.26
29-02-2025,27.5,79.5,FARRUKHABAD,UTTAR PRADESH,D702,AMRITPUR,2.3
01-03-2025,27.5,79.5,FARRUKHABAD,UTTAR PRADESH,D702,AMRITPUR,2.25
02-03-2025,27.5,79.5,FARRUKHABAD,UTTAR PRADESH,D702,AMRITPUR,1.99
03-03-2025,27.5,79.5,FARRUKHABAD,UTTAR PRADESH,D702,AMRITPUR,2
04-03-2025,27.5,79.5,FARRUKHABAD,UTTAR PRADESH,D702,AMRITPUR,2.18
05-03-2025,27.5,79.5,FARRUKHABAD,UTTAR PRADESH,D702,AMRITPUR,2.44
06-03-2025,27.5,79.5,FARRUKHABAD,UTTAR PRADESH,D702,AMRITPUR,2.07
07-03-2025,27.5,79.5,FARRUKHABAD,UTTAR PRADESH,D702,AMRITPUR,2.22
08-03-2025,27.5,79.5,FARRUKHABAD,UTTAR PRADESH,D702,AMRITPUR,2.27
09-03-2025,27.5,79.5,FARRUKHABAD,UTTAR PRADESH,D702,AMRITPUR,2.23
10-03-2025,27.5,79.5,FARRUKHABAD,UTTAR PRADESH,D702,AMRITPUR,1.9
11-03-2025,27.5,79.5,FARRUKHABAD,UTTAR PRADESH,D702,AMRITPUR,1.83
12-03-2025,27.5,79.5,FARRUKHABAD,UTTAR PRADESH,D702,AMRITPUR,1.93
13-03-2025,27.5,79.5,FARRUKHABAD,UTTAR PRADESH,D702,AMRITPUR,1.82
14-03-2025,27.5,79.5,FARRUKHABAD,UTTAR PRADESH,D702,AMRITPUR,1.98
15-03-2025,27.5,79.5,FARRUKHABAD,UTTAR PRADESH,D702,AMRITPUR,2.17
16-03-2025,27.5,79.5,FARRUKHABAD,UTTAR PRADESH,D702,AMRITPUR,2.38
17-03-2025,27.5,79.5,FARRUKHABAD,UTTAR PRADESH,D702,AMRITPUR,1.92
18-03-2025,27.5,79.5,FARRUKHABAD,UTTAR PRADESH,D702,AMRITPUR,2.09
19-03-2025,27.5,79.5,FARRUKHABAD,UTTAR PRADESH,D702,AMRITPUR,2.18
20-03-2025,27.5,79.5,FARRUKHABAD,UTTAR PRADESH,D702,AMRITPUR,2.1
21-03-2025,27.5,79.5,FARRUKHABAD,UTTAR PRADESH,D702,AMRITPUR,1.82
22-03-2025,27.5,79.5,FARRUKHABAD,UTTAR PRADESH,D702,AMRITPUR,1.81
23-03-2025,27.5,79.5,FARRUKHABAD,UTTAR PRADESH,D702,AMRITPUR,1.93
24-03-2025,27.5,79.5,FARRUKHABAD,UTTAR PRADESH,D702,AMRITPUR,2.02
25-03-2025,27.5,79.5,FARRUKHABAD,UTTAR PRADESH,D702,AMRITPUR,1.99
26-03-2025,27.5,79.5,FARRUKHABAD,UTTAR PRADESH,D702,AMRITPUR,1.87
27-03-2025,27.5,79.5,FARRUKHABAD,UTTAR PRADESH,D702,AMRITPUR,1.77
28-03-2025,27.5,79.5,FARRUKHABAD,UTTAR PRADESH,D702,AMRITPUR,1.25
29-03-2025,27.5,79.5,FARRUKHABAD,UTTAR PRADESH,D702,AMRITPUR,1.63
30-03-2025,27.5,79.5,FARRUKHABAD,UTTAR PRADESH,D702,AMRITPUR,1.71
31-03-2025,27.5,79.5,FARRUKHABAD,UTTAR PRADESH,D702,AMRITPUR,1.82
01-04-2025,27.5,79.5,FARRUKHABAD,UTTAR PRADESH,D702,AMRITPUR,1.92
02-04-2025,27.5,79.5,FARRUKHABAD,UTTAR PRADESH,D702,AMRITPUR,1.89
03-04-2025,27.5,79.5,FARRUKHABAD,UTTAR PRADESH,D702,AMRITPUR,2.08
04-04-2025,27.5,79.5,FARRUKHABAD,UTTAR PRADESH,D702,AMRITPUR,2.2
05-04-2025,27.5,79.5,FARRUKHABAD,UTTAR PRADESH,D702,AMRITPUR,2.02
06-04-2025,27.5,79.5,FARRUKHABAD,UTTAR PRADESH,D702,AMRITPUR,2.02
07-04-2025,27.5,79.5,FARRUKHABAD,UTTAR PRADESH,D702,AMRITPUR,1.91
08-04-2025,27.5,79.5,FARRUKHABAD,UTTAR PRADESH,D702,AMRITPUR,1.68
09-04-2025,27.5,79.5,FARRUKHABAD,UTTAR PRADESH,D702,AMRITPUR,1.65
10-04-2025,27.5,79.5,FARRUKHABAD,UTTAR PRADESH,D702,AMRITPUR,2.2
11-04-2025,27.5,79.5,FARRUKHABAD,UTTAR PRADESH,D702,AMRITPUR,2
12-04-2025,27.5,79.5,FARRUKHABAD,UTTAR PRADESH,D702,AMRITPUR,1.86
13-04-2025,27.5,79.5,FARRUKHABAD,UTTAR PRADESH,D702,AMRITPUR,2.03
14-04-2025,27.5,79.5,FARRUKHABAD,UTTAR PRADESH,D702,AMRITPUR,1.78
15-04-2025,27.5,79.5,FARRUKHABAD,UTTAR PRADESH,D702,AMRITPUR,1.65
16-04-2025,27.5,79.5,FARRUKHABAD,UTTAR PRADESH,D702,AMRITPUR,1.72
17-04-2025,27.5,79.5,FARRUKHABAD,UTTAR PRADESH,D702,AMRITPUR,2.02
18-04-2025,27.5,79.5,FARRUKHABAD,UTTAR PRADESH,D702,AMRITPUR,2.2
19-04-2025,27.5,79.5,FARRUKHABAD,UTTAR PRADESH,D702,AMRITPUR,2.15
20-04-2025,27.5,79.5,FARRUKHABAD,UTTAR PRADESH,D702,AMRITPUR,2.33
21-04-2025,27.5,79.5,FARRUKHABAD,UTTAR PRADESH,D702,AMRITPUR,2.22
22-04-2025,27.5,79.5,FARRUKHABAD,UTTAR PRADESH,D702,AMRITPUR,2.17
23-04-2025,27.5,79.5,FARRUKHABAD,UTTAR PRADESH,D702,AMRITPUR,1.62
24-04-2025,27.5,79.5,FARRUKHABAD,UTTAR PRADESH,D702,AMRITPUR,1.67
25-04-2025,27.5,79.5,FARRUKHABAD,UTTAR PRADESH,D702,AMRITPUR,1.9
26-04-2025,27.5,79.5,FARRUKHABAD,UTTAR PRADESH,D702,AMRITPUR,1.57
27-04-2025,27.5,79.5,FARRUKHABAD,UTTAR PRADESH,D702,AMRITPUR,1.59
28-04-2025,27.5,79.5,FARRUKHABAD,UTTAR PRADESH,D702,AMRITPUR,1.49
29-04-2025,27.5,79.5,FARRUKHABAD,UTTAR PRADESH,D702,AMRITPUR,1.28
30-04-2025,27.5,79.5,FARRUKHABAD,UTTAR PRADESH,D702,AMRITPUR,1.54
01-05-2025,27.5,79.5,FARRUKHABAD,UTTAR PRADESH,D702,AMRITPUR,1.98
02-05-2025,27.5,79.5,FARRUKHABAD,UTTAR PRADESH,D702,AMRITPUR,2.01
03-05-2025,27.5,79.5,FARRUKHABAD,UTTAR PRADESH,D702,AMRITPUR,2.24
04-05-2025,27.5,79.5,FARRUKHABAD,UTTAR PRADESH,D702,AMRITPUR,2.04
05-05-2025,27.5,79.5,FARRUKHABAD,UTTAR PRADESH,D702,AMRITPUR,1.68
06-05-2025,27.5,79.5,FARRUKHABAD,UTTAR PRADESH,D702,AMRITPUR,1.68
07-05-2025,27.5,79.5,FARRUKHABAD,UTTAR PRADESH,D702,AMRITPUR,1.75
08-05-2025,27.5,79.5,FARRUKHABAD,UTTAR PRADESH,D702,AMRITPUR,1.62
09-05-2025,27.5,79.5,FARRUKHABAD,UTTAR PRADESH,D702,AMRITPUR,1.56
10-05-2025,27.5,79.5,FARRUKHABAD,UTTAR PRADESH,D702,AMRITPUR,2.31
11-05-2025,27.5,79.5,FARRUKHABAD,UTTAR PRADESH,D702,AMRITPUR,2.17
12-05-2025,27.5,79.5,FARRUKHABAD,UTTAR PRADESH,D702,AMRITPUR,2.06
13-05-2025,27.5,79.5,FARRUKHABAD,UTTAR PRADESH,D702,AMRITPUR,1.96
14-05-2025,27.5,79.5,FARRUKHABAD,UTTAR PRADESH,D702,AMRITPUR,1.93
15-05-2025,27.5,79.5,FARRUKHABAD,UTTAR PRADESH,D702,AMRITPUR,1.91
16-05-2025,27.5,79.5,FARRUKHABAD,UTTAR PRADESH,D702,AMRITPUR,1.94
17-05-2025,27.5,79.5,FARRUKHABAD,UTTAR PRADESH,D702,AMRITPUR,2.01
18-05-2025,27.5,79.5,FARRUKHABAD,UTTAR PRADESH,D702,AMRITPUR,1.94
19-05-2025,27.5,79.5,FARRUKHABAD,UTTAR PRADESH,D702,AMRITPUR,2.01
20-05-2025,27.5,79.5,FARRUKHABAD,UTTAR PRADESH,D702,AMRITPUR,2.11
21-05-2025,27.5,79.5,FARRUKHABAD,UTTAR PRADESH,D702,AMRITPUR,1.76
22-05-2025,27.5,79.5,FARRUKHABAD,UTTAR PRADESH,D702,AMRITPUR,1.93
23-05-2025,27.5,79.5,FARRUKHABAD,UTTAR PRADESH,D702,AMRITPUR,1.79
24-05-2025,27.5,79.5,FARRUKHABAD,UTTAR PRADESH,D702,AMRITPUR,2.02
25-05-2025,27.5,79.5,FARRUKHABAD,UTTAR PRADESH,D702,AMRITPUR,1.83
26-05-2025,27.5,79.5,FARRUKHABAD,UTTAR PRADESH,D702,AMRITPUR,2.38
27-05-2025,27.5,79.5,FARRUKHABAD,UTTAR PRADESH,D702,AMRITPUR,1.92
28-05-2025,27.5,79.5,FARRUKHABAD,UTTAR PRADESH,D702,AMRITPUR,2.12
29-05-2025,27.5,79.5,FARRUKHABAD,UTTAR PRADESH,D702,AMRITPUR,2.12
30-05-2025,27.5,79.5,FARRUKHABAD,UTTAR PRADESH,D702,AMRITPUR,2.18
31-05-2025,27.5,79.5,FARRUKHABAD,UTTAR PRADESH,D702,AMRITPUR,1.87
01-06-2025,27.5,79.5,FARRUKHABAD,UTTAR PRADESH,D702,AMRITPUR,1.96
02-06-2025,27.5,79.5,FARRUKHABAD,UTTAR PRADESH,D702,AMRITPUR,1.9
03-06-2025,27.5,79.5,FARRUKHABAD,UTTAR PRADESH,D702,AMRITPUR,1.77
04-06-2025,27.5,79.5,FARRUKHABAD,UTTAR PRADESH,D702,AMRITPUR,1.84
05-06-2025,27.5,79.5,FARRUKHABAD,UTTAR PRADESH,D702,AMRITPUR,1.96
06-06-2025,27.5,79.5,FARRUKHABAD,UTTAR PRADESH,D702,AMRITPUR,1.64
07-06-2025,27.5,79.5,FARRUKHABAD,UTTAR PRADESH,D702,AMRITPUR,1.44
08-06-2025,27.5,79.5,FARRUKHABAD,UTTAR PRADESH,D702,AMRITPUR,1.55
09-06-2025,27.5,79.5,FARRUKHABAD,UTTAR PRADESH,D702,AMRITPUR,1.61
10-06-2025,27.5,79.5,FARRUKHABAD,UTTAR PRADESH,D702,AMRITPUR,1.75
11-06-2025,27.5,79.5,FARRUKHABAD,UTTAR PRADESH,D702,AMRITPUR,1.54
12-06-2025,27.5,79.5,FARRUKHABAD,UTTAR PRADESH,D702,AMRITPUR,1.55
13-06-2025,27.5,79.5,FARRUKHABAD,UTTAR PRADESH,D702,AMRITPUR,1.53
14-06-2025,27.5,79.5,FARRUKHABAD,UTTAR PRADESH,D702,AMRITPUR,1.72
15-06-2025,27.5,79.5,FARRUKHABAD,UTTAR PRADESH,D702,AMRITPUR,1.66
16-06-2025,27.5,79.5,FARRUKHABAD,UTTAR PRADESH,D702,AMRITPUR,1.83
17-06-2025,27.5,79.5,FARRUKHABAD,UTTAR PRADESH,D702,AMRITPUR,1.75
18-06-2025,27.5,79.5,FARRUKHABAD,UTTAR PRADESH,D702,AMRITPUR,1.72
19-06-2025,27.5,79.5,FARRUKHABAD,UTTAR PRADESH,D702,AMRITPUR,1.79
20-06-2025,27.5,79.5,FARRUKHABAD,UTTAR PRADESH,D702,AMRITPUR,1.65
21-06-2025,27.5,79.5,FARRUKHABAD,UTTAR PRADESH,D702,AMRITPUR,1.7
22-06-2025,27.5,79.5,FARRUKHABAD,UTTAR PRADESH,D702,AMRITPUR,1.59
23-06-2025,27.5,79.5,FARRUKHABAD,UTTAR PRADESH,D702,AMRITPUR,1.56
24-06-2025,27.5,79.5,FARRUKHABAD,UTTAR PRADESH,D702,AMRITPUR,1.48
25-06-2025,27.5,79.5,FARRUKHABAD,UTTAR PRADESH,D702,AMRITPUR,1.32
26-06-2025,27.5,79.5,FARRUKHABAD,UTTAR PRADESH,D702,AMRITPUR,1.54
27-06-2025,27.5,79.5,FARRUKHABAD,UTTAR PRADESH,D702,AMRITPUR,1.39
28-06-2025,27.5,79.5,FARRUKHABAD,UTTAR PRADESH,D702,AMRITPUR,1.33
29-06-2025,27.5,79.5,FARRUKHABAD,UTTAR PRADESH,D702,AMRITPUR,1.21
30-06-2025,27.5,79.5,FARRUKHABAD,UTTAR PRADESH,D702,AMRITPUR,1.39
01-07-2025,27.5,79.5,FARRUKHABAD,UTTAR PRADESH,D702,AMRITPUR,1.37
02-07-2025,27.5,79.5,FARRUKHABAD,UTTAR PRADESH,D702,AMRITPUR,1.25
03-07-2025,27.5,79.5,FARRUKHABAD,UTTAR PRADESH,D702,AMRITPUR,1.06
04-07-2025,27.5,79.5,FARRUKHABAD,UTTAR PRADESH,D702,AMRITPUR,0.97
05-07-2025,27.5,79.5,FARRUKHABAD,UTTAR PRADESH,D702,AMRITPUR,1.05
06-07-2025,27.5,79.5,FARRUKHABAD,UTTAR PRADESH,D702,AMRITPUR,1.05
07-07-2025,27.5,79.5,FARRUKHABAD,UTTAR PRADESH,D702,AMRITPUR,1.18
08-07-2025,27.5,79.5,FARRUKHABAD,UTTAR PRADESH,D702,AMRITPUR,1.33
09-07-2025,27.5,79.5,FARRUKHABAD,UTTAR PRADESH,D702,AMRITPUR,1.19
10-07-2025,27.5,79.5,FARRUKHABAD,UTTAR PRADESH,D702,AMRITPUR,1.34
11-07-2025,27.5,79.5,FARRUKHABAD,UTTAR PRADESH,D702,AMRITPUR,1.36
12-07-2025,27.5,79.5,FARRUKHABAD,UTTAR PRADESH,D702,AMRITPUR,1.32
13-07-2025,27.5,79.5,FARRUKHABAD,UTTAR PRADESH,D702,AMRITPUR,1.14
14-07-2025,27.5,79.5,FARRUKHABAD,UTTAR PRADESH,D702,AMRITPUR,1.14
15-07-2025,27.5,79.5,FARRUKHABAD,UTTAR PRADESH,D702,AMRITPUR,1.1
16-07-2025,27.5,79.5,FARRUKHABAD,UTTAR PRADESH,D702,AMRITPUR,1.03
17-07-2025,27.5,79.5,FARRUKHABAD,UTTAR PRADESH,D702,AMRITPUR,1.06
18-07-2025,27.5,79.5,FARRUKHABAD,UTTAR PRADESH,D702,AMRITPUR,1.08
19-07-2025,27.5,79.5,FARRUKHABAD,UTTAR PRADESH,D702,AMRITPUR,1.2
20-07-2025,27.5,79.5,FARRUKHABAD,UTTAR PRADESH,D702,AMRITPUR,1.04
21-07-2025,27.5,79.5,FARRUKHABAD,UTTAR PRADESH,D702,AMRITPUR,1.07
22-07-2025,27.5,79.5,FARRUKHABAD,UTTAR PRADESH,D702,AMRITPUR,0.95
23-07-2025,27.5,79.5,FARRUKHABAD,UTTAR PRADESH,D702,AMRITPUR,0.96
24-07-2025,27.5,79.5,FARRUKHABAD,UTTAR PRADESH,D702,AMRITPUR,1.01
25-07-2025,27.5,79.5,FARRUKHABAD,UTTAR PRADESH,D702,AMRITPUR,0.96
26-07-2025,27.5,79.5,FARRUKHABAD,UTTAR PRADESH,D702,AMRITPUR,1.02
27-07-2025,27.5,79.5,FARRUKHABAD,UTTAR PRADESH,D702,AMRITPUR,1.12
28-07-2025,27.5,79.5,FARRUKHABAD,UTTAR PRADESH,D702,AMRITPUR,1.26
29-07-2025,27.5,79.5,FARRUKHABAD,UTTAR PRADESH,D702,AMRITPUR,0.98
30-07-2025,27.5,79.5,FARRUKHABAD,UTTAR PRADESH,D702,AMRITPUR,0.97
31-07-2025,27.5,79.5,FARRUKHABAD,UTTAR PRADESH,D702,AMRITPUR,0.87
01-08-2025,27.5,79.5,FARRUKHABAD,UTTAR PRADESH,D702,AMRITPUR,0.83
02-08-2025,27.5,79.5,FARRUKHABAD,UTTAR PRADESH,D702,AMRITPUR,0.83
03-08-2025,27.5,79.5,FARRUKHABAD,UTTAR PRADESH,D702,AMRITPUR,0.68
04-08-2025,27.5,79.5,FARRUKHABAD,UTTAR PRADESH,D702,AMRITPUR,0.8
05-08-2025,27.5,79.5,FARRUKHABAD,UTTAR PRADESH,D702,AMRITPUR,0.76
06-08-2025,27.5,79.5,FARRUKHABAD,UTTAR PRADESH,D702,AMRITPUR,0.69
07-08-2025,27.5,79.5,FARRUKHABAD,UTTAR PRADESH,D702,AMRITPUR,0.85
08-08-2025,27.5,79.5,FARRUKHABAD,UTTAR PRADESH,D702,AMRITPUR,0.97
09-08-2025,27.5,79.5,FARRUKHABAD,UTTAR PRADESH,D702,AMRITPUR,0.74
10-08-2025,27.5,79.5,FARRUKHABAD,UTTAR PRADESH,D702,AMRITPUR,0.83
11-08-2025,27.5,79.5,FARRUKHABAD,UTTAR PRADESH,D702,AMRITPUR,0.68
12-08-2025,27.5,79.5,FARRUKHABAD,UTTAR PRADESH,D702,AMRITPUR,0.68
13-08-2025,27.5,79.5,FARRUKHABAD,UTTAR PRADESH,D702,AMRITPUR,0.63
14-08-2025,27.5,79.5,FARRUKHABAD,UTTAR PRADESH,D702,AMRITPUR,0.68
15-08-2025,27.5,79.5,FARRUKHABAD,UTTAR PRADESH,D702,AMRITPUR,0.66
16-08-2025,27.5,79.5,FARRUKHABAD,UTTAR PRADESH,D702,AMRITPUR,0.71
17-08-2025,27.5,79.5,FARRUKHABAD,UTTAR PRADESH,D702,AMRITPUR,0.88
18-08-2025,27.5,79.5,FARRUKHABAD,UTTAR PRADESH,D702,AMRITPUR,0.87
19-08-2025,27.5,79.5,FARRUKHABAD,UTTAR PRADESH,D702,AMRITPUR,0.7
20-08-2025,27.5,79.5,FARRUKHABAD,UTTAR PRADESH,D702,AMRITPUR,0.66
21-08-2025,27.5,79.5,FARRUKHABAD,UTTAR PRADESH,D702,AMRITPUR,0.74
22-08-2025,27.5,79.5,FARRUKHABAD,UTTAR PRADESH,D702,AMRITPUR,0.87
23-08-2025,27.5,79.5,FARRUKHABAD,UTTAR PRADESH,D702,AMRITPUR,0.78
24-08-2025,27.5,79.5,FARRUKHABAD,UTTAR PRADESH,D702,AMRITPUR,0.66
25-08-2025,27.5,79.5,FARRUKHABAD,UTTAR PRADESH,D702,AMRITPUR,0.6
26-08-2025,27.5,79.5,FARRUKHABAD,UTTAR PRADESH,D702,AMRITPUR,0.67
27-08-2025,27.5,79.5,FARRUKHABAD,UTTAR PRADESH,D702,AMRITPUR,0.64
28-08-2025,27.5,79.5,FARRUKHABAD,UTTAR PRADESH,D702,AMRITPUR,0.85
29-08-2025,27.5,79.5,FARRUKHABAD,UTTAR PRADESH,D702,AMRITPUR,0.76
30-08-2025,27.5,79.5,FARRUKHABAD,UTTAR PRADESH,D702,AMRITPUR,0.85
31-08-2025,27.5,79.5,FARRUKHABAD,UTTAR PRADESH,D702,AMRITPUR,0.8
01-09-2025,27.5,79.5,FARRUKHABAD,UTTAR PRADESH,D702,AMRITPUR,0.97
02-09-2025,27.5,79.5,FARRUKHABAD,UTTAR PRADESH,D702,AMRITPUR,1.05
03-09-2025,27.5,79.5,FARRUKHABAD,UTTAR PRADESH,D702,AMRITPUR,0.97
04-09-2025,27.5,79.5,FARRUKHABAD,UTTAR PRADESH,D702,AMRITPUR,0.71
05-09-2025,27.5,79.5,FARRUKHABAD,UTTAR PRADESH,D702,AMRITPUR,0.78
06-09-2025,27.5,79.5,FARRUKHABAD,UTTAR PRADESH,D702,AMRITPUR,0.86
07-09-2025,27.5,79.5,FARRUKHABAD,UTTAR PRADESH,D702,AMRITPUR,0.88
08-09-2025,27.5,79.5,FARRUKHABAD,UTTAR PRADESH,D702,AMRITPUR,0.94
09-09-2025,27.5,79.5,FARRUKHABAD,UTTAR PRADESH,D702,AMRITPUR,1.01
10-09-2025,27.5,79.5,FARRUKHABAD,UTTAR PRADESH,D702,AMRITPUR,0.88
11-09-2025,27.5,79.5,FARRUKHABAD,UTTAR PRADESH,D702,AMRITPUR,0.89
12-09-2025,27.5,79.5,FARRUKHABAD,UTTAR PRADESH,D702,AMRITPUR,0.92
13-09-2025,27.5,79.5,FARRUKHABAD,UTTAR PRADESH,D702,AMRITPUR,0.87
14-09-2025,27.5,79.5,FARRUKHABAD,UTTAR PRADESH,D702,AMRITPUR,0.97
15-09-2025,27.5,79.5,FARRUKHABAD,UTTAR PRADESH,D702,AMRITPUR,0.95
16-09-2025,27.5,79.5,FARRUKHABAD,UTTAR PRADESH,D702,AMRITPUR,0.95
17-09-2025,27.5,79.5,FARRUKHABAD,UTTAR PRADESH,D702,AMRITPUR,0.95
18-09-2025,27.5,79.5,FARRUKHABAD,UTTAR PRADESH,D702,AMRITPUR,1.04
19-09-2025,27.5,79.5,FARRUKHABAD,UTTAR PRADESH,D702,AMRITPUR,1.09
20-09-2025,27.5,79.5,FARRUKHABAD,UTTAR PRADESH,D702,AMRITPUR,1.04
21-09-2025,27.5,79.5,FARRUKHABAD,UTTAR PRADESH,D702,AMRITPUR,1.05
22-09-2025,27.5,79.5,FARRUKHABAD,UTTAR PRADESH,D702,AMRITPUR,0.97
23-09-2025,27.5,79.5,FARRUKHABAD,UTTAR PRADESH,D702,AMRITPUR,0.83
24-09-2025,27.5,79.5,FARRUKHABAD,UTTAR PRADESH,D702,AMRITPUR,0.84
25-09-2025,27.5,79.5,FARRUKHABAD,UTTAR PRADESH,D702,AMRITPUR,0.88
26-09-2025,27.5,79.5,FARRUKHABAD,UTTAR PRADESH,D702,AMRITPUR,0.9
27-09-2025,27.5,79.5,FARRUKHABAD,UTTAR PRADESH,D702,AMRITPUR,0.93
28-09-2025,27.5,79.5,FARRUKHABAD,UTTAR PRADESH,D702,AMRITPUR,1.07
29-09-2025,27.5,79.5,FARRUKHABAD,UTTAR PRADESH,D702,AMRITPUR,1.19
30-09-2025,27.5,79.5,FARRUKHABAD,UTTAR PRADESH,D702,AMRITPUR,1.37
01-10-2025,27.5,79.5,FARRUKHABAD,UTTAR PRADESH,D702,AMRITPUR,1.25
02-10-2025,27.5,79.5,FARRUKHABAD,UTTAR PRADESH,D702,AMRITPUR,1.5
03-10-2025,27.5,79.5,FARRUKHABAD,UTTAR PRADESH,D702,AMRITPUR,1.45
04-10-2025,27.5,79.5,FARRUKHABAD,UTTAR PRADESH,D702,AMRITPUR,1.24
05-10-2025,27.5,79.5,FARRUKHABAD,UTTAR PRADESH,D702,AMRITPUR,1.31
06-10-2025,27.5,79.5,FARRUKHABAD,UTTAR PRADESH,D702,AMRITPUR,1.31
07-10-2025,27.5,79.5,FARRUKHABAD,UTTAR PRADESH,D702,AMRITPUR,1.57
08-10-2025,27.5,79.5,FARRUKHABAD,UTTAR PRADESH,D702,AMRITPUR,1.56
09-10-2025,27.5,79.5,FARRUKHABAD,UTTAR PRADESH,D702,AMRITPUR,1.45
10-10-2025,27.5,79.5,FARRUKHABAD,UTTAR PRADESH,D702,AMRITPUR,1.47
11-10-2025,27.5,79.5,FARRUKHABAD,UTTAR PRADESH,D702,AMRITPUR,1.26
12-10-2025,27.5,79.5,FARRUKHABAD,UTTAR PRADESH,D702,AMRITPUR,1.36
13-10-2025,27.5,79.5,FARRUKHABAD,UTTAR PRADESH,D702,AMRITPUR,1.34
14-10-2025,27.5,79.5,FARRUKHABAD,UTTAR PRADESH,D702,AMRITPUR,1.65
15-10-2025,27.5,79.5,FARRUKHABAD,UTTAR PRADESH,D702,AMRITPUR,1.59
16-10-2025,27.5,79.5,FARRUKHABAD,UTTAR PRADESH,D702,AMRITPUR,1.4
17-10-2025,27.5,79.5,FARRUKHABAD,UTTAR PRADESH,D702,AMRITPUR,1.69
18-10-2025,27.5,79.5,FARRUKHABAD,UTTAR PRADESH,D702,AMRITPUR,1.35
19-10-2025,27.5,79.5,FARRUKHABAD,UTTAR PRADESH,D702,AMRITPUR,1.52
20-10-2025,27.5,79.5,FARRUKHABAD,UTTAR PRADESH,D702,AMRITPUR,1.66
21-10-2025,27.5,79.5,FARRUKHABAD,UTTAR PRADESH,D702,AMRITPUR,1.49
22-10-2025,27.5,79.5,FARRUKHABAD,UTTAR PRADESH,D702,AMRITPUR,1.41
23-10-2025,27.5,79.5,FARRUKHABAD,UTTAR PRADESH,D702,AMRITPUR,1.41
24-10-2025,27.5,79.5,FARRUKHABAD,UTTAR PRADESH,D702,AMRITPUR,1.44
25-10-2025,27.5,79.5,FARRUKHABAD,UTTAR PRADESH,D702,AMRITPUR,1.53
26-10-2025,27.5,79.5,FARRUKHABAD,UTTAR PRADESH,D702,AMRITPUR,1.41
27-10-2025,27.5,79.5,FARRUKHABAD,UTTAR PRADESH,D702,AMRITPUR,1.37
28-10-2025,27.5,79.5,FARRUKHABAD,UTTAR PRADESH,D702,AMRITPUR,1.45
29-10-2025,27.5,79.5,FARRUKHABAD,UTTAR PRADESH,D702,AMRITPUR,1.52
30-10-2025,27.5,79.5,FARRUKHABAD,UTTAR PRADESH,D702,AMRITPUR,1.65
31-10-2025,27.5,79.5,FARRUKHABAD,UTTAR PRADESH,D702,AMRITPUR,1.43
01-11-2025,27.5,79.5,FARRUKHABAD,UTTAR PRADESH,D702,AMRITPUR,1.53
02-11-2025,27.5,79.5,FARRUKHABAD,UTTAR PRADESH,D702,AMRITPUR,1.46
03-11-2025,27.5,79.5,FARRUKHABAD,UTTAR PRADESH,D702,AMRITPUR,1.61
04-11-2025,27.5,79.5,FARRUKHABAD,UTTAR PRADESH,D702,AMRITPUR,1.77
05-11-2025,27.5,79.5,FARRUKHABAD,UTTAR PRADESH,D702,AMRITPUR,1.69
06-11-2025,27.5,79.5,FARRUKHABAD,UTTAR PRADESH,D702,AMRITPUR,1.75
07-11-2025,27.5,79.5,FARRUKHABAD,UTTAR PRADESH,D702,AMRITPUR,1.79
08-11-2025,27.5,79.5,FARRUKHABAD,UTTAR PRADESH,D702,AMRITPUR,1.75
09-11-2025,27.5,79.5,FARRUKHABAD,UTTAR PRADESH,D702,AMRITPUR,1.94
10-11-2025,27.5,79.5,FARRUKHABAD,UTTAR PRADESH,D702,AMRITPUR,1.93
11-11-2025,27.5,79.5,FARRUKHABAD,UTTAR PRADESH,D702,AMRITPUR,1.75
12-11-2025,27.5,79.5,FARRUKHABAD,UTTAR PRADESH,D702,AMRITPUR,1.71
13-11-2025,27.5,79.5,FARRUKHABAD,UTTAR PRADESH,D702,AMRITPUR,1.53
14-11-2025,27.5,79.5,FARRUKHABAD,UTTAR PRADESH,D702,AMRITPUR,1.91
15-11-2025,27.5,79.5,FARRUKHABAD,UTTAR PRADESH,D702,AMRITPUR,1.86
16-11-2025,27.5,79.5,FARRUKHABAD,UTTAR PRADESH,D702,AMRITPUR,1.97
17-11-2025,27.5,79.5,FARRUKHABAD,UTTAR PRADESH,D702,AMRITPUR,2.04
18-11-2025,27.5,79.5,FARRUKHABAD,UTTAR PRADESH,D702,AMRITPUR,2.06
19-11-2025,27.5,79.5,FARRUKHABAD,UTTAR PRADESH,D702,AMRITPUR,1.83
20-11-2025,27.5,79.5,FARRUKHABAD,UTTAR PRADESH,D702,AMRITPUR,1.55
21-11-2025,27.5,79.5,FARRUKHABAD,UTTAR PRADESH,D702,AMRITPUR,1.35
22-11-2025,27.5,79.5,FARRUKHABAD,UTTAR PRADESH,D702,AMRITPUR,1.6
23-11-2025,27.5,79.5,FARRUKHABAD,UTTAR PRADESH,D702,AMRITPUR,1.79
24-11-2025,27.5,79.5,FARRUKHABAD,UTTAR PRADESH,D702,AMRITPUR,1.67
25-11-2025,27.5,79.5,FARRUKHABAD,UTTAR PRADESH,D702,AMRITPUR,1.75
26-11-2025,27.5,79.5,FARRUKHABAD,UTTAR PRADESH,D702,AMRITPUR,1.92
27-11-2025,27.5,79.5,FARRUKHABAD,UTTAR PRADESH,D702,AMRITPUR,1.84
28-11-2025,27.5,79.5,FARRUKHABAD,UTTAR PRADESH,D702,AMRITPUR,1.64
29-11-2025,27.5,79.5,FARRUKHABAD,UTTAR PRADESH,D702,AMRITPUR,1.42
30-11-2025,27.5,79.5,FARRUKHABAD,UTTAR PRADESH,D702,AMRITPUR,1.7
01-12-2025,27.5,79.5,FARRUKHABAD,UTTAR PRADESH,D702,AMRITPUR,1.9
02-12-2025,27.5,79.5,FARRUKHABAD,UTTAR PRADESH,D702,AMRITPUR,2.16
03-12-2025,27.5,79.5,FARRUKHABAD,UTTAR PRADESH,D702,AMRITPUR,2.04
04-12-2025,27.5,79.5,FARRUKHABAD,UTTAR PRADESH,D702,AMRITPUR,1.8
05-12-2025,27.5,79.5,FARRUKHABAD,UTTAR PRADESH,D702,AMRITPUR,1.72
06-12-2025,27.5,79.5,FARRUKHABAD,UTTAR PRADESH,D702,AMRITPUR,2.03
07-12-2025,27.5,79.5,FARRUKHABAD,UTTAR PRADESH,D702,AMRITPUR,1.98
08-12-2025,27.5,79.5,FARRUKHABAD,UTTAR PRADESH,D702,AMRITPUR,1.85
09-12-2025,27.5,79.5,FARRUKHABAD,UTTAR PRADESH,D702,AMRITPUR,1.97
10-12-2025,27.5,79.5,FARRUKHABAD,UTTAR PRADESH,D702,AMRITPUR,2.08
11-12-2025,27.5,79.5,FARRUKHABAD,UTTAR PRADESH,D702,AMRITPUR,2.01
12-12-2025,27.5,79.5,FARRUKHABAD,UTTAR PRADESH,D702,AMRITPUR,2.15
13-12-2025,27.5,79.5,FARRUKHABAD,UTTAR PRADESH,D702,AMRITPUR,2.09
14-12-2025,27.5,79.5,FARRUKHABAD,UTTAR PRADESH,D702,AMRITPUR,1.97
15-12-2025,27.5,79.5,FARRUKHABAD,UTTAR PRADESH,D702,AMRITPUR,1.85
16-12-2025,27.5,79.5,FARRUKHABAD,UTTAR PRADESH,D702,AMRITPUR,1.89
17-12-2025,27.5,79.5,FARRUKHABAD,UTTAR PRADESH,D702,AMRITPUR,1.84
18-12-2025,27.5,79.5,FARRUKHABAD,UTTAR PRADESH,D702,AMRITPUR,1.77
19-12-2025,27.5,79.5,FARRUKHABAD,UTTAR PRADESH,D702,AMRITPUR,2.28
20-12-2025,27.5,79.5,FARRUKHABAD,UTTAR PRADESH,D702,AMRITPUR,2.16
21-12-2025,27.5,79.5,FARRUKHABAD,UTTAR PRADESH,D702,AMRITPUR,2.07
22-12-2025,27.5,79.5,FARRUKHABAD,UTTAR PRADESH,D702,AMRITPUR,1.95
23-12-2025,27.5,79.5,FARRUKHABAD,UTTAR PRADESH,D702,AMRITPUR,1.64
24-12-2025,27.5,79.5,FARRUKHABAD,UTTAR PRADESH,D702,AMRITPUR,1.4
25-12-2025,27.5,79.5,FARRUKHABAD,UTTAR PRADESH,D702,AMRITPUR,1.39
26-12-2025,27.5,79.5,FARRUKHABAD,UTTAR PRADESH,D702,AMRITPUR,1.33
27-12-2025,27.5,79.5,FARRUKHABAD,UTTAR PRADESH,D702,AMRITPUR,1.68
28-12-2025,27.5,79.5,FARRUKHABAD,UTTAR PRADESH,D702,AMRITPUR,1.88
29-12-2025,27.5,79.5,FARRUKHABAD,UTTAR PRADESH,D702,AMRITPUR,1.75
30-12-2025,27.5,79.5,FARRUKHABAD,UTTAR PRADESH,D702,AMRITPUR,1.77
31-12-2025,27.5,79.5,FARRUKHABAD,UTTAR PRADESH,D702,AMRITPUR,2.29
01-01-2025,28.5,77.5,GAUTAM BUDH NAGAR,UTTAR PRADESH,D705,DADRI,2.44
02-01-2025,28.5,77.5,GAUTAM BUDH NAGAR,UTTAR PRADESH,D705,DADRI,1.98
03-01-2025,28.5,77.5,GAUTAM BUDH NAGAR,UTTAR PRADESH,D705,DADRI,2.11
04-01-2025,28.5,77.5,GAUTAM BUDH NAGAR,UTTAR PRADESH,D705,DADRI,1.69
05-01-2025,28.5,77.5,GAUTAM BUDH NAGAR,UTTAR PRADESH,D705,DADRI,2.18
06-01-2025,28.5,77.5,GAUTAM BUDH NAGAR,UTTAR PRADESH,D705,DADRI,2.56
07-01-2025,28.5,77.5,GAUTAM BUDH NAGAR,UTTAR PRADESH,D705,DADRI,2.93
08-01-2025,28.5,77.5,GAUTAM BUDH NAGAR,UTTAR PRADESH,D705,DADRI,2.7
09-01-2025,28.5,77.5,GAUTAM BUDH NAGAR,UTTAR PRADESH,D705,DADRI,2.24
10-01-2025,28.5,77.5,GAUTAM BUDH NAGAR,UTTAR PRADESH,D705,DADRI,1.98
11-01-2025,28.5,77.5,GAUTAM BUDH NAGAR,UTTAR PRADESH,D705,DADRI,1.72
12-01-2025,28.5,77.5,GAUTAM BUDH NAGAR,UTTAR PRADESH,D705,DADRI,2.02
13-01-2025,28.5,77.5,GAUTAM BUDH NAGAR,UTTAR PRADESH,D705,DADRI,2.22
14-01-2025,28.5,77.5,GAUTAM BUDH NAGAR,UTTAR PRADESH,D705,DADRI,2.26
15-01-2025,28.5,77.5,GAUTAM BUDH NAGAR,UTTAR PRADESH,D705,DADRI,2.22
16-01-2025,28.5,77.5,GAUTAM BUDH NAGAR,UTTAR PRADESH,D705,DADRI,2.53
17-01-2025,28.5,77.5,GAUTAM BUDH NAGAR,UTTAR PRADESH,D705,DADRI,2.71
18-01-2025,28.5,77.5,GAUTAM BUDH NAGAR,UTTAR PRADESH,D705,DADRI,2.65
19-01-2025,28.5,77.5,GAUTAM BUDH NAGAR,UTTAR PRADESH,D705,DADRI,1.78
20-01-2025,28.5,77.5,GAUTAM BUDH NAGAR,UTTAR PRADESH,D705,DADRI,1.61
21-01-2025,28.5,77.5,GAUTAM BUDH NAGAR,UTTAR PRADESH,D705,DADRI,1.93
22-01-2025,28.5,77.5,GAUTAM BUDH NAGAR,UTTAR PRADESH,D705,DADRI,2.38
23-01-2025,28.5,77.5,GAUTAM BUDH NAGAR,UTTAR PRADESH,D705,DADRI,2.46
24-01-2025,28.5,77.5,GAUTAM BUDH NAGAR,UTTAR PRADESH,D705,DADRI,2.09
25-01-2025,28.5,77.5,GAUTAM BUDH NAGAR,UTTAR PRADESH,D705,DADRI,1.97
26-01-2025,28.5,77.5,GAUTAM BUDH NAGAR,UTTAR PRADESH,D705,DADRI,2.25
27-01-2025,28.5,77.5,GAUTAM BUDH NAGAR,UTTAR PRADESH,D705,DADRI,1.73
28-01-2025,28.5,77.5,GAUTAM BUDH NAGAR,UTTAR PRADESH,D705,DADRI,1.99
29-01-2025,28.5,77.5,GAUTAM BUDH NAGAR,UTTAR PRADESH,D705,DADRI,2.13
30-01-2025,28.5,77.5,GAUTAM BUDH NAGAR,UTTAR PRADESH,D705,DADRI,2.3
31-01-2025,28.5,77.5,GAUTAM BUDH NAGAR,UTTAR PRADESH,D705,DADRI,2.19
01-02-2025,28.5,77.5,GAUTAM BUDH NAGAR,UTTAR PRADESH,D705,DADRI,2.14
02-02-2025,28.5,77.5,GAUTAM BUDH NAGAR,UTTAR PRADESH,D705,DADRI,2.17
03-02-2025,28.5,77.5,GAUTAM BUDH NAGAR,UTTAR PRADESH,D705,DADRI,1.7
04-02-2025,28.5,77.5,GAUTAM BUDH NAGAR,UTTAR PRADESH,D705,DADRI,2.21
05-02-2025,28.5,77.5,GAUTAM BUDH NAGAR,UTTAR PRADESH,D705,DADRI,2.35
06-02-2025,28.5,77.5,GAUTAM BUDH NAGAR,UTTAR PRADESH,D705,DADRI,2.14
07-02-2025,28.5,77.5,GAUTAM BUDH NAGAR,UTTAR PRADESH,D705,DADRI,2.59
08-02-2025,28.5,77.5,GAUTAM BUDH NAGAR,UTTAR PRADESH,D705,DADRI,1.9
09-02-2025,28.5,77.5,GAUTAM BUDH NAGAR,UTTAR PRADESH,D705,DADRI,2.34
10-02-2025,28.5,77.5,GAUTAM BUDH NAGAR,UTTAR PRADESH,D705,DADRI,2.43
11-02-2025,28.5,77.5,GAUTAM BUDH NAGAR,UTTAR PRADESH,D705,DADRI,2.35
12-02-2025,28.5,77.5,GAUTAM BUDH NAGAR,UTTAR PRADESH,D705,DADRI,2.21
13-02-2025,28.5,77.5,GAUTAM BUDH NAGAR,UTTAR PRADESH,D705,DADRI,2.36
14-02-2025,28.5,77.5,GAUTAM BUDH NAGAR,UTTAR PRADESH,D705,DADRI,2.26
15-02-2025,28.5,77.5,GAUTAM BUDH NAGAR,UTTAR PRADESH,D705,DADRI,2.14
16-02-2025,28.5,77.5,GAUTAM BUDH NAGAR,UTTAR PRADESH,D705,DADRI,1.84
17-02-2025,28.5,77.5,GAUTAM BUDH NAGAR,UTTAR PRADESH,D705,DADRI,2.18
18-02-2025,28.5,77.5,GAUTAM BUDH NAGAR,UTTAR PRADESH,D705,DADRI,2.27
19-02-2025,28.5,77.5,GAUTAM BUDH NAGAR,UTTAR PRADESH,D705,DADRI,2.23
20-02-2025,28.5,77.5,GAUTAM BUDH NAGAR,UTTAR PRADESH,D705,DADRI,2.77
21-02-2025,28.5,77.5,GAUTAM BUDH NAGAR,UTTAR PRADESH,D705,DADRI,2.21
22-02-2025,28.5,77.5,GAUTAM BUDH NAGAR,UTTAR PRADESH,D705,DADRI,1.85
23-02-2025,28.5,77.5,GAUTAM BUDH NAGAR,UTTAR PRADESH,D705,DADRI,2.3
24-02-2025,28.5,77.5,GAUTAM BUDH NAGAR,UTTAR PRADESH,D705,DADRI,2.25
25-02-2025,28.5,77.5,GAUTAM BUDH NAGAR,UTTAR PRADESH,D705,DADRI,2.38
26-02-2025,28.5,77.5,GAUTAM BUDH NAGAR,UTTAR PRADESH,D705,DADRI,2.09
27-02-2025,28.5,77.5,GAUTAM BUDH NAGAR,UTTAR PRADESH,D705,DADRI,2.43
28-02-2025,28.5,77.5,GAUTAM BUDH NAGAR,UTTAR PRADESH,D705,DADRI,2.41
29-02-2025,28.5,77.5,GAUTAM BUDH NAGAR,UTTAR PRADESH,D705,DADRI,1.76
01-03-2025,28.5,77.5,GAUTAM BUDH NAGAR,UTTAR PRADESH,D705,DADRI,2.32
02-03-2025,28.5,77.5,GAUTAM BUDH NAGAR,UTTAR PRADESH,D705,DADRI,2.03
03-03-2025,28.5,77.5,GAUTAM BUDH NAGAR,UTTAR PRADESH,D705,DADRI,1.97
04-03-2025,28.5,77.5,GAUTAM BUDH NAGAR,UTTAR PRADESH,D705,DADRI,2.44
05-03-2025,28.5,77.5,GAUTAM BUDH NAGAR,UTTAR PRADESH,D705,DADRI,2.63
06-03-2025,28.5,77.5,GAUTAM BUDH NAGAR,UTTAR PRADESH,D705,DADRI,2.16
07-03-2025,28.5,77.5,GAUTAM BUDH NAGAR,UTTAR PRADESH,D705,DADRI,2.23
08-03-2025,28.5,77.5,GAUTAM BUDH NAGAR,UTTAR PRADESH,D705,DADRI,2.04
09-03-2025,28.5,77.5,GAUTAM BUDH NAGAR,UTTAR PRADESH,D705,DADRI,2.21
10-03-2025,28.5,77.5,GAUTAM BUDH NAGAR,UTTAR PRADESH,D705,DADRI,2.18
11-03-2025,28.5,77.5,GAUTAM BUDH NAGAR,UTTAR PRADESH,D705,DADRI,1.98
12-03-2025,28.5,77.5,GAUTAM BUDH NAGAR,UTTAR PRADESH,D705,DADRI,2.21
13-03-2025,28.5,77.5,GAUTAM BUDH NAGAR,UTTAR PRADESH,D705,DADRI,2.08
14-03-2025,28.5,77.5,GAUTAM BUDH NAGAR,UTTAR PRADESH,D705,DADRI,2.18
15-03-2025,28.5,77.5,GAUTAM BUDH NAGAR,UTTAR PRADESH,D705,DADRI,2.35
16-03-2025,28.5,77.5,GAUTAM BUDH NAGAR,UTTAR PRADESH,D705,DADRI,2.36
17-03-2025,28.5,77.5,GAUTAM BUDH NAGAR,UTTAR PRADESH,D705,DADRI,1.86
18-03-2025,28.5,77.5,GAUTAM BUDH NAGAR,UTTAR PRADESH,D705,DADRI,2.12
19-03-2025,28.5,77.5,GAUTAM BUDH NAGAR,UTTAR PRADESH,D705,DADRI,2.05
20-03-2025,28.5,77.5,GAUTAM BUDH NAGAR,UTTAR PRADESH,D705,DADRI,1.94
21-03-2025,28.5,77.5,GAUTAM BUDH NAGAR,UTTAR PRADESH,D705,DADRI,1.64
22-03-2025,28.5,77.5,GAUTAM BUDH NAGAR,UTTAR PRADESH,D705,DADRI,2.01
23-03-2025,28.5,77.5,GAUTAM BUDH NAGAR,UTTAR PRADESH,D705,DADRI,1.95
24-03-2025,28.5,77.5,GAUTAM BUDH NAGAR,UTTAR PRADESH,D705,DADRI,1.87
25-03-2025,28.5,77.5,GAUTAM BUDH NAGAR,UTTAR PRADESH,D705,DADRI,1.81
26-03-2025,28.5,77.5,GAUTAM BUDH NAGAR,UTTAR PRADESH,D705,DADRI,1.73
27-03-2025,28.5,77.5,GAUTAM BUDH NAGAR,UTTAR PRADESH,D705,DADRI,1.51
28-03-2025,28.5,77.5,GAUTAM BUDH NAGAR,UTTAR PRADESH,D705,DADRI,1.46
29-03-2025,28.5,77.5,GAUTAM BUDH NAGAR,UTTAR PRADESH,D705,DADRI,1.82
30-03-2025,28.5,77.5,GAUTAM BUDH NAGAR,UTTAR PRADESH,D705,DADRI,1.73
31-03-2025,28.5,77.5,GAUTAM BUDH NAGAR,UTTAR PRADESH,D705,DADRI,1.8
01-04-2025,28.5,77.5,GAUTAM BUDH NAGAR,UTTAR PRADESH,D705,DADRI,2.03
02-04-2025,28.5,77.5,GAUTAM BUDH NAGAR,UTTAR PRADESH,D705,DADRI,2.03
03-04-2025,28.5,77.5,GAUTAM BUDH NAGAR,UTTAR PRADESH,D705,DADRI,2.45
04-04-2025,28.5,77.5,GAUTAM BUDH NAGAR,UTTAR PRADESH,D705,DADRI,2.28
05-04-2025,28.5,77.5,GAUTAM BUDH NAGAR,UTTAR PRADESH,D705,DADRI,2.03
06-04-2025,28.5,77.5,GAUTAM BUDH NAGAR,UTTAR PRADESH,D705,DADRI,2
07-04-2025,28.5,77.5,GAUTAM BUDH NAGAR,UTTAR PRADESH,D705,DADRI,1.95
08-04-2025,28.5,77.5,GAUTAM BUDH NAGAR,UTTAR PRADESH,D705,DADRI,2.11
09-04-2025,28.5,77.5,GAUTAM BUDH NAGAR,UTTAR PRADESH,D705,DADRI,2.2
10-04-2025,28.5,77.5,GAUTAM BUDH NAGAR,UTTAR PRADESH,D705,DADRI,2.36
11-04-2025,28.5,77.5,GAUTAM BUDH NAGAR,UTTAR PRADESH,D705,DADRI,1.92
12-04-2025,28.5,77.5,GAUTAM BUDH NAGAR,UTTAR PRADESH,D705,DADRI,1.99
13-04-2025,28.5,77.5,GAUTAM BUDH NAGAR,UTTAR PRADESH,D705,DADRI,1.93
14-04-2025,28.5,77.5,GAUTAM BUDH NAGAR,UTTAR PRADESH,D705,DADRI,1.82
15-04-2025,28.5,77.5,GAUTAM BUDH NAGAR,UTTAR PRADESH,D705,DADRI,1.7
16-04-2025,28.5,77.5,GAUTAM BUDH NAGAR,UTTAR PRADESH,D705,DADRI,1.66
17-04-2025,28.5,77.5,GAUTAM BUDH NAGAR,UTTAR PRADESH,D705,DADRI,2.28
18-04-2025,28.5,77.5,GAUTAM BUDH NAGAR,UTTAR PRADESH,D705,DADRI,2.56
19-04-2025,28.5,77.5,GAUTAM BUDH NAGAR,UTTAR PRADESH,D705,DADRI,2.62
20-04-2025,28.5,77.5,GAUTAM BUDH NAGAR,UTTAR PRADESH,D705,DADRI,2.51
21-04-2025,28.5,77.5,GAUTAM BUDH NAGAR,UTTAR PRADESH,D705,DADRI,2.81
22-04-2025,28.5,77.5,GAUTAM BUDH NAGAR,UTTAR PRADESH,D705,DADRI,2.15
23-04-2025,28.5,77.5,GAUTAM BUDH NAGAR,UTTAR PRADESH,D705,DADRI,1.87
24-04-2025,28.5,77.5,GAUTAM BUDH NAGAR,UTTAR PRADESH,D705,DADRI,2.04
25-04-2025,28.5,77.5,GAUTAM BUDH NAGAR,UTTAR PRADESH,D705,DADRI,1.84
26-04-2025,28.5,77.5,GAUTAM BUDH NAGAR,UTTAR PRADESH,D705,DADRI,1.53
27-04-2025,28.5,77.5,GAUTAM BUDH NAGAR,UTTAR PRADESH,D705,DADRI,1.71
28-04-2025,28.5,77.5,GAUTAM BUDH NAGAR,UTTAR PRADESH,D705,DADRI,1.77
29-04-2025,28.5,77.5,GAUTAM BUDH NAGAR,UTTAR PRADESH,D705,DADRI,1.49
30-04-2025,28.5,77.5,GAUTAM BUDH NAGAR,UTTAR PRADESH,D705,DADRI,1.91
01-05-2025,28.5,77.5,GAUTAM BUDH NAGAR,UTTAR PRADESH,D705,DADRI,2.14
02-05-2025,28.5,77.5,GAUTAM BUDH NAGAR,UTTAR PRADESH,D705,DADRI,2.31
03-05-2025,28.5,77.5,GAUTAM BUDH NAGAR,UTTAR PRADESH,D705,DADRI,2.31
04-05-2025,28.5,77.5,GAUTAM BUDH NAGAR,UTTAR PRADESH,D705,DADRI,2.26
05-05-2025,28.5,77.5,GAUTAM BUDH NAGAR,UTTAR PRADESH,D705,DADRI,1.89
06-05-2025,28.5,77.5,GAUTAM BUDH NAGAR,UTTAR PRADESH,D705,DADRI,1.75
07-05-2025,28.5,77.5,GAUTAM BUDH NAGAR,UTTAR PRADESH,D705,DADRI,1.86
08-05-2025,28.5,77.5,GAUTAM BUDH NAGAR,UTTAR PRADESH,D705,DADRI,1.97
09-05-2025,28.5,77.5,GAUTAM BUDH NAGAR,UTTAR PRADESH,D705,DADRI,1.87
10-05-2025,28.5,77.5,GAUTAM BUDH NAGAR,UTTAR PRADESH,D705,DADRI,2.42
11-05-2025,28.5,77.5,GAUTAM BUDH NAGAR,UTTAR PRADESH,D705,DADRI,2.23
12-05-2025,28.5,77.5,GAUTAM BUDH NAGAR,UTTAR PRADESH,D705,DADRI,2.32
13-05-2025,28.5,77.5,GAUTAM BUDH NAGAR,UTTAR PRADESH,D705,DADRI,2.26
14-05-2025,28.5,77.5,GAUTAM BUDH NAGAR,UTTAR PRADESH,D705,DADRI,2.26
15-05-2025,28.5,77.5,GAUTAM BUDH NAGAR,UTTAR PRADESH,D705,DADRI,2.1
16-05-2025,28.5,77.5,GAUTAM BUDH NAGAR,UTTAR PRADESH,D705,DADRI,2.36
17-05-2025,28.5,77.5,GAUTAM BUDH NAGAR,UTTAR PRADESH,D705,DADRI,2.1
18-05-2025,28.5,77.5,GAUTAM BUDH NAGAR,UTTAR PRADESH,D705,DADRI,2.32
19-05-2025,28.5,77.5,GAUTAM BUDH NAGAR,UTTAR PRADESH,D705,DADRI,2.2
20-05-2025,28.5,77.5,GAUTAM BUDH NAGAR,UTTAR PRADESH,D705,DADRI,2.62
21-05-2025,28.5,77.5,GAUTAM BUDH NAGAR,UTTAR PRADESH,D705,DADRI,2.31
22-05-2025,28.5,77.5,GAUTAM BUDH NAGAR,UTTAR PRADESH,D705,DADRI,2.25
23-05-2025,28.5,77.5,GAUTAM BUDH NAGAR,UTTAR PRADESH,D705,DADRI,2.27
24-05-2025,28.5,77.5,GAUTAM BUDH NAGAR,UTTAR PRADESH,D705,DADRI,2.34
25-05-2025,28.5,77.5,GAUTAM BUDH NAGAR,UTTAR PRADESH,D705,DADRI,2.26
26-05-2025,28.5,77.5,GAUTAM BUDH NAGAR,UTTAR PRADESH,D705,DADRI,2.47
27-05-2025,28.5,77.5,GAUTAM BUDH NAGAR,UTTAR PRADESH,D705,DADRI,2.19
28-05-2025,28.5,77.5,GAUTAM BUDH NAGAR,UTTAR PRADESH,D705,DADRI,2.32
29-05-2025,28.5,77.5,GAUTAM BUDH NAGAR,UTTAR PRADESH,D705,DADRI,2.23
30-05-2025,28.5,77.5,GAUTAM BUDH NAGAR,UTTAR PRADESH,D705,DADRI,2.37
31-05-2025,28.5,77.5,GAUTAM BUDH NAGAR,UTTAR PRADESH,D705,DADRI,2.14
01-06-2025,28.5,77.5,GAUTAM BUDH NAGAR,UTTAR PRADESH,D705,DADRI,2.43
02-06-2025,28.5,77.5,GAUTAM BUDH NAGAR,UTTAR PRADESH,D705,DADRI,2.21
03-06-2025,28.5,77.5,GAUTAM BUDH NAGAR,UTTAR PRADESH,D705,DADRI,2.24
04-06-2025,28.5,77.5,GAUTAM BUDH NAGAR,UTTAR PRADESH,D705,DADRI,2.18
05-06-2025,28.5,77.5,GAUTAM BUDH NAGAR,UTTAR PRADESH,D705,DADRI,2.54
06-06-2025,28.5,77.5,GAUTAM BUDH NAGAR,UTTAR PRADESH,D705,DADRI,2.07
07-06-2025,28.5,77.5,GAUTAM BUDH NAGAR,UTTAR PRADESH,D705,DADRI,1.88
08-06-2025,28.5,77.5,GAUTAM BUDH NAGAR,UTTAR PRADESH,D705,DADRI,2.15
09-06-2025,28.5,77.5,GAUTAM BUDH NAGAR,UTTAR PRADESH,D705,DADRI,1.99
10-06-2025,28.5,77.5,GAUTAM BUDH NAGAR,UTTAR PRADESH,D705,DADRI,2.12
11-06-2025,28.5,77.5,GAUTAM BUDH NAGAR,UTTAR PRADESH,D705,DADRI,1.95
12-06-2025,28.5,77.5,GAUTAM BUDH NAGAR,UTTAR PRADESH,D705,DADRI,1.66
13-06-2025,28.5,77.5,GAUTAM BUDH NAGAR,UTTAR PRADESH,D705,DADRI,1.85
14-06-2025,28.5,77.5,GAUTAM BUDH NAGAR,UTTAR PRADESH,D705,DADRI,1.88
15-06-2025,28.5,77.5,GAUTAM BUDH NAGAR,UTTAR PRADESH,D705,DADRI,1.57
16-06-2025,28.5,77.5,GAUTAM BUDH NAGAR,UTTAR PRADESH,D705,DADRI,2.02
17-06-2025,28.5,77.5,GAUTAM BUDH NAGAR,UTTAR PRADESH,D705,DADRI,2.17
18-06-2025,28.5,77.5,GAUTAM BUDH NAGAR,UTTAR PRADESH,D705,DADRI,2.02
19-06-2025,28.5,77.5,GAUTAM BUDH NAGAR,UTTAR PRADESH,D705,DADRI,1.94
20-06-2025,28.5,77.5,GAUTAM BUDH NAGAR,UTTAR PRADESH,D705,DADRI,1.67
21-06-2025,28.5,77.5,GAUTAM BUDH NAGAR,UTTAR PRADESH,D705,DADRI,1.92
22-06-2025,28.5,77.5,GAUTAM BUDH NAGAR,UTTAR PRADESH,D705,DADRI,1.91
23-06-2025,28.5,77.5,GAUTAM BUDH NAGAR,UTTAR PRADESH,D705,DADRI,1.65
24-06-2025,28.5,77.5,GAUTAM BUDH NAGAR,UTTAR PRADESH,D705,DADRI,1.51
25-06-2025,28.5,77.5,GAUTAM BUDH NAGAR,UTTAR PRADESH,D705,DADRI,1.66
26-06-2025,28.5,77.5,GAUTAM BUDH NAGAR,UTTAR PRADESH,D705,DADRI,1.64
27-06-2025,28.5,77.5,GAUTAM BUDH NAGAR,UTTAR PRADESH,D705,DADRI,1.45
28-06-2025,28.5,77.5,GAUTAM BUDH NAGAR,UTTAR PRADESH,D705,DADRI,1.35
29-06-2025,28.5,77.5,GAUTAM BUDH NAGAR,UTTAR PRADESH,D705,DADRI,1.24
30-06-2025,28.5,77.5,GAUTAM BUDH NAGAR,UTTAR PRADESH,D705,DADRI,1.48
01-07-2025,28.5,77.5,GAUTAM BUDH NAGAR,UTTAR PRADESH,D705,DADRI,1.65
02-07-2025,28.5,77.5,GAUTAM BUDH NAGAR,UTTAR PRADESH,D705,DADRI,1.53
03-07-2025,28.5,77.5,GAUTAM BUDH NAGAR,UTTAR PRADESH,D705,DADRI,1.42
04-07-2025,28.5,77.5,GAUTAM BUDH NAGAR,UTTAR PRADESH,D705,DADRI,1.23
05-07-2025,28.5,77.5,GAUTAM BUDH NAGAR,UTTAR PRADESH,D705,DADRI,1.53
06-07-2025,28.5,77.5,GAUTAM BUDH NAGAR,UTTAR PRADESH,D705,DADRI,1.31
07-07-2025,28.5,77.5,GAUTAM BUDH NAGAR,UTTAR PRADESH,D705,DADRI,1.39
08-07-2025,28.5,77.5,GAUTAM BUDH NAGAR,UTTAR PRADESH,D705,DADRI,1.56
09-07-2025,28.5,77.5,GAUTAM BUDH NAGAR,UTTAR PRADESH,D705,DADRI,1.16
10-07-2025,28.5,77.5,GAUTAM BUDH NAGAR,UTTAR PRADESH,D705,DADRI,1.55
11-07-2025,28.5,77.5,GAUTAM BUDH NAGAR,UTTAR PRADESH,D705,DADRI,1.58
12-07-2025,28.5,77.5,GAUTAM BUDH NAGAR,UTTAR PRADESH,D705,DADRI,1.39
13-07-2025,28.5,77.5,GAUTAM BUDH NAGAR,UTTAR PRADESH,D705,DADRI,1.4
14-07-2025,28.5,77.5,GAUTAM BUDH NAGAR,UTTAR PRADESH,D705,DADRI,1.19
15-07-2025,28.5,77.5,GAUTAM BUDH NAGAR,UTTAR PRADESH,D705,DADRI,1.11
16-07-2025,28.5,77.5,GAUTAM BUDH NAGAR,UTTAR PRADESH,D705,DADRI,1.29
17-07-2025,28.5,77.5,GAUTAM BUDH NAGAR,UTTAR PRADESH,D705,DADRI,1.24
18-07-2025,28.5,77.5,GAUTAM BUDH NAGAR,UTTAR PRADESH,D705,DADRI,1.1
19-07-2025,28.5,77.5,GAUTAM BUDH NAGAR,UTTAR PRADESH,D705,DADRI,1.28
20-07-2025,28.5,77.5,GAUTAM BUDH NAGAR,UTTAR PRADESH,D705,DADRI,1.16
21-07-2025,28.5,77.5,GAUTAM BUDH NAGAR,UTTAR PRADESH,D705,DADRI,1.25
22-07-2025,28.5,77.5,GAUTAM BUDH NAGAR,UTTAR PRADESH,D705,DADRI,1.19
23-07-2025,28.5,77.5,GAUTAM BUDH NAGAR,UTTAR PRADESH,D705,DADRI,1.14
24-07-2025,28.5,77.5,GAUTAM BUDH NAGAR,UTTAR PRADESH,D705,DADRI,1.09
25-07-2025,28.5,77.5,GAUTAM BUDH NAGAR,UTTAR PRADESH,D705,DADRI,0.98
26-07-2025,28.5,77.5,GAUTAM BUDH NAGAR,UTTAR PRADESH,D705,DADRI,0.98
27-07-2025,28.5,77.5,GAUTAM BUDH NAGAR,UTTAR PRADESH,D705,DADRI,1.04
28-07-2025,28.5,77.5,GAUTAM BUDH NAGAR,UTTAR PRADESH,D705,DADRI,1.25
29-07-2025,28.5,77.5,GAUTAM BUDH NAGAR,UTTAR PRADESH,D705,DADRI,1.09
30-07-2025,28.5,77.5,GAUTAM BUDH NAGAR,UTTAR PRADESH,D705,DADRI,1
31-07-2025,28.5,77.5,GAUTAM BUDH NAGAR,UTTAR PRADESH,D705,DADRI,1.07
01-08-2025,28.5,77.5,GAUTAM BUDH NAGAR,UTTAR PRADESH,D705,DADRI,0.92
02-08-2025,28.5,77.5,GAUTAM BUDH NAGAR,UTTAR PRADESH,D705,DADRI,0.89
03-08-2025,28.5,77.5,GAUTAM BUDH NAGAR,UTTAR PRADESH,D705,DADRI,1.02
04-08-2025,28.5,77.5,GAUTAM BUDH NAGAR,UTTAR PRADESH,D705,DADRI,0.9
05-08-2025,28.5,77.5,GAUTAM BUDH NAGAR,UTTAR PRADESH,D705,DADRI,0.9
06-08-2025,28.5,77.5,GAUTAM BUDH NAGAR,UTTAR PRADESH,D705,DADRI,0.84
07-08-2025,28.5,77.5,GAUTAM BUDH NAGAR,UTTAR PRADESH,D705,DADRI,0.85
08-08-2025,28.5,77.5,GAUTAM BUDH NAGAR,UTTAR PRADESH,D705,DADRI,0.96
09-08-2025,28.5,77.5,GAUTAM BUDH NAGAR,UTTAR PRADESH,D705,DADRI,0.9
10-08-2025,28.5,77.5,GAUTAM BUDH NAGAR,UTTAR PRADESH,D705,DADRI,0.89
11-08-2025,28.5,77.5,GAUTAM BUDH NAGAR,UTTAR PRADESH,D705,DADRI,0.74
12-08-2025,28.5,77.5,GAUTAM BUDH NAGAR,UTTAR PRADESH,D705,DADRI,0.75
13-08-2025,28.5,77.5,GAUTAM BUDH NAGAR,UTTAR PRADESH,D705,DADRI,0.84
14-08-2025,28.5,77.5,GAUTAM BUDH NAGAR,UTTAR PRADESH,D705,DADRI,0.88
15-08-2025,28.5,77.5,GAUTAM BUDH NAGAR,UTTAR PRADESH,D705,DADRI,0.85
16-08-2025,28.5,77.5,GAUTAM BUDH NAGAR,UTTAR PRADESH,D705,DADRI,0.96
17-08-2025,28.5,77.5,GAUTAM BUDH NAGAR,UTTAR PRADESH,D705,DADRI,0.95
18-08-2025,28.5,77.5,GAUTAM BUDH NAGAR,UTTAR PRADESH,D705,DADRI,1.05
19-08-2025,28.5,77.5,GAUTAM BUDH NAGAR,UTTAR PRADESH,D705,DADRI,0.79
20-08-2025,28.5,77.5,GAUTAM BUDH NAGAR,UTTAR PRADESH,D705,DADRI,0.85
21-08-2025,28.5,77.5,GAUTAM BUDH NAGAR,UTTAR PRADESH,D705,DADRI,0.88
22-08-2025,28.5,77.5,GAUTAM BUDH NAGAR,UTTAR PRADESH,D705,DADRI,1.04
23-08-2025,28.5,77.5,GAUTAM BUDH NAGAR,UTTAR PRADESH,D705,DADRI,0.84
24-08-2025,28.5,77.5,GAUTAM BUDH NAGAR,UTTAR PRADESH,D705,DADRI,0.82
25-08-2025,28.5,77.5,GAUTAM BUDH NAGAR,UTTAR PRADESH,D705,DADRI,0.72
26-08-2025,28.5,77.5,GAUTAM BUDH NAGAR,UTTAR PRADESH,D705,DADRI,0.74
27-08-2025,28.5,77.5,GAUTAM BUDH NAGAR,UTTAR PRADESH,D705,DADRI,0.66
28-08-2025,28.5,77.5,GAUTAM BUDH NAGAR,UTTAR PRADESH,D705,DADRI,0.72
29-08-2025,28.5,77.5,GAUTAM BUDH NAGAR,UTTAR PRADESH,D705,DADRI,0.82
30-08-2025,28.5,77.5,GAUTAM BUDH NAGAR,UTTAR PRADESH,D705,DADRI,0.85
31-08-2025,28.5,77.5,GAUTAM BUDH NAGAR,UTTAR PRADESH,D705,DADRI,0.88
01-09-2025,28.5,77.5,GAUTAM BUDH NAGAR,UTTAR PRADESH,D705,DADRI,0.88
02-09-2025,28.5,77.5,GAUTAM BUDH NAGAR,UTTAR PRADESH,D705,DADRI,0.99
03-09-2025,28.5,77.5,GAUTAM BUDH NAGAR,UTTAR PRADESH,D705,DADRI,0.94
04-09-2025,28.5,77.5,GAUTAM BUDH NAGAR,UTTAR PRADESH,D705,DADRI,0.84
05-09-2025,28.5,77.5,GAUTAM BUDH NAGAR,UTTAR PRADESH,D705,DADRI,0.99
06-09-2025,28.5,77.5,GAUTAM BUDH NAGAR,UTTAR PRADESH,D705,DADRI,1.14
07-09-2025,28.5,77.5,GAUTAM BUDH NAGAR,UTTAR PRADESH,D705,DADRI,1.22
08-09-2025,28.5,77.5,GAUTAM BUDH NAGAR,UTTAR PRADESH,D705,DADRI,0.98
09-09-2025,28.5,77.5,GAUTAM BUDH NAGAR,UTTAR PRADESH,D705,DADRI,1
10-09-2025,28.5,77.5,GAUTAM BUDH NAGAR,UTTAR PRADESH,D705,DADRI,1.01
11-09-2025,28.5,77.5,GAUTAM BUDH NAGAR,UTTAR PRADESH,D705,DADRI,1.06
12-09-2025,28.5,77.5,GAUTAM BUDH NAGAR,UTTAR PRADESH,D705,DADRI,1.17
13-09-2025,28.5,77.5,GAUTAM BUDH NAGAR,UTTAR PRADESH,D705,DADRI,1.18
14-09-2025,28.5,77.5,GAUTAM BUDH NAGAR,UTTAR PRADESH,D705,DADRI,1.19
15-09-2025,28.5,77.5,GAUTAM BUDH NAGAR,UTTAR PRADESH,D705,DADRI,1.06
16-09-2025,28.5,77.5,GAUTAM BUDH NAGAR,UTTAR PRADESH,D705,DADRI,1.07
17-09-2025,28.5,77.5,GAUTAM BUDH NAGAR,UTTAR PRADESH,D705,DADRI,1.02
18-09-2025,28.5,77.5,GAUTAM BUDH NAGAR,UTTAR PRADESH,D705,DADRI,1.12
19-09-2025,28.5,77.5,GAUTAM BUDH NAGAR,UTTAR PRADESH,D705,DADRI,1.34
20-09-2025,28.5,77.5,GAUTAM BUDH NAGAR,UTTAR PRADESH,D705,DADRI,1.32
21-09-2025,28.5,77.5,GAUTAM BUDH NAGAR,UTTAR PRADESH,D705,DADRI,1.3
22-09-2025,28.5,77.5,GAUTAM BUDH NAGAR,UTTAR PRADESH,D705,DADRI,1.2
23-09-2025,28.5,77.5,GAUTAM BUDH NAGAR,UTTAR PRADESH,D705,DADRI,1.27
24-09-2025,28.5,77.5,GAUTAM BUDH NAGAR,UTTAR PRADESH,D705,DADRI,1.25
25-09-2025,28.5,77.5,GAUTAM BUDH NAGAR,UTTAR PRADESH,D705,DADRI,1.21
26-09-2025,28.5,77.5,GAUTAM BUDH NAGAR,UTTAR PRADESH,D705,DADRI,1.14
27-09-2025,28.5,77.5,GAUTAM BUDH NAGAR,UTTAR PRADESH,D705,DADRI,1.1
28-09-2025,28.5,77.5,GAUTAM BUDH NAGAR,UTTAR PRADESH,D705,DADRI,1.16
29-09-2025,28.5,77.5,GAUTAM BUDH NAGAR,UTTAR PRADESH,D705,DADRI,1.47
30-09-2025,28.5,77.5,GAUTAM BUDH NAGAR,UTTAR PRADESH,D705,DADRI,1.53
01-10-2025,28.5,77.5,GAUTAM BUDH NAGAR,UTTAR PRADESH,D705,DADRI,1.53
02-10-2025,28.5,77.5,GAUTAM BUDH NAGAR,UTTAR PRADESH,D705,DADRI,1.9
03-10-2025,28.5,77.5,GAUTAM BUDH NAGAR,UTTAR PRADESH,D705,DADRI,1.67
04-10-2025,28.5,77.5,GAUTAM BUDH NAGAR,UTTAR PRADESH,D705,DADRI,1.7
05-10-2025,28.5,77.5,GAUTAM BUDH NAGAR,UTTAR PRADESH,D705,DADRI,1.67
06-10-2025,28.5,77.5,GAUTAM BUDH NAGAR,UTTAR PRADESH,D705,DADRI,1.47
07-10-2025,28.5,77.5,GAUTAM BUDH NAGAR,UTTAR PRADESH,D705,DADRI,1.64
08-10-2025,28.5,77.5,GAUTAM BUDH NAGAR,UTTAR PRADESH,D705,DADRI,1.57
09-10-2025,28.5,77.5,GAUTAM BUDH NAGAR,UTTAR PRADESH,D705,DADRI,1.64
10-10-2025,28.5,77.5,GAUTAM BUDH NAGAR,UTTAR PRADESH,D705,DADRI,1.59
11-10-2025,28.5,77.5,GAUTAM BUDH NAGAR,UTTAR PRADESH,D705,DADRI,1.32
12-10-2025,28.5,77.5,GAUTAM BUDH NAGAR,UTTAR PRADESH,D705,DADRI,1.43
13-10-2025,28.5,77.5,GAUTAM BUDH NAGAR,UTTAR PRADESH,D705,DADRI,1.48
14-10-2025,28.5,77.5,GAUTAM BUDH NAGAR,UTTAR PRADESH,D705,DADRI,1.59
15-10-2025,28.5,77.5,GAUTAM BUDH NAGAR,UTTAR PRADESH,D705,DADRI,1.52
16-10-2025,28.5,77.5,GAUTAM BUDH NAGAR,UTTAR PRADESH,D705,DADRI,1.31
17-10-2025,28.5,77.5,GAUTAM BUDH NAGAR,UTTAR PRADESH,D705,DADRI,1.56
18-10-2025,28.5,77.5,GAUTAM BUDH NAGAR,UTTAR PRADESH,D705,DADRI,1.41
19-10-2025,28.5,77.5,GAUTAM BUDH NAGAR,UTTAR PRADESH,D705,DADRI,1.55
20-10-2025,28.5,77.5,GAUTAM BUDH NAGAR,UTTAR PRADESH,D705,DADRI,1.55
21-10-2025,28.5,77.5,GAUTAM BUDH NAGAR,UTTAR PRADESH,D705,DADRI,1.61
22-10-2025,28.5,77.5,GAUTAM BUDH NAGAR,UTTAR PRADESH,D705,DADRI,1.44
23-10-2025,28.5,77.5,GAUTAM BUDH NAGAR,UTTAR PRADESH,D705,DADRI,1.34
24-10-2025,28.5,77.5,GAUTAM BUDH NAGAR,UTTAR PRADESH,D705,DADRI,1.35
25-10-2025,28.5,77.5,GAUTAM BUDH NAGAR,UTTAR PRADESH,D705,DADRI,1.6
26-10-2025,28.5,77.5,GAUTAM BUDH NAGAR,UTTAR PRADESH,D705,DADRI,1.3
27-10-2025,28.5,77.5,GAUTAM BUDH NAGAR,UTTAR PRADESH,D705,DADRI,1.28
28-10-2025,28.5,77.5,GAUTAM BUDH NAGAR,UTTAR PRADESH,D705,DADRI,1.57
29-10-2025,28.5,77.5,GAUTAM BUDH NAGAR,UTTAR PRADESH,D705,DADRI,1.54
30-10-2025,28.5,77.5,GAUTAM BUDH NAGAR,UTTAR PRADESH,D705,DADRI,1.58
31-10-2025,28.5,77.5,GAUTAM BUDH NAGAR,UTTAR PRADESH,D705,DADRI,1.52
01-11-2025,28.5,77.5,GAUTAM BUDH NAGAR,UTTAR PRADESH,D705,DADRI,1.52
02-11-2025,28.5,77.5,GAUTAM BUDH NAGAR,UTTAR PRADESH,D705,DADRI,1.43
03-11-2025,28.5,77.5,GAUTAM BUDH NAGAR,UTTAR PRADESH,D705,DADRI,1.54
04-11-2025,28.5,77.5,GAUTAM BUDH NAGAR,UTTAR PRADESH,D705,DADRI,1.46
05-11-2025,28.5,77.5,GAUTAM BUDH NAGAR,UTTAR PRADESH,D705,DADRI,1.69
06-11-2025,28.5,77.5,GAUTAM BUDH NAGAR,UTTAR PRADESH,D705,DADRI,1.75
07-11-2025,28.5,77.5,GAUTAM BUDH NAGAR,UTTAR PRADESH,D705,DADRI,1.87
08-11-2025,28.5,77.5,GAUTAM BUDH NAGAR,UTTAR PRADESH,D705,DADRI,1.86
09-11-2025,28.5,77.5,GAUTAM BUDH NAGAR,UTTAR PRADESH,D705,DADRI,1.93
10-11-2025,28.5,77.5,GAUTAM BUDH NAGAR,UTTAR PRADESH,D705,DADRI,1.95
11-11-2025,28.5,77.5,GAUTAM BUDH NAGAR,UTTAR PRADESH,D705,DADRI,1.68
12-11-2025,28.5,77.5,GAUTAM BUDH NAGAR,UTTAR PRADESH,D705,DADRI,1.57
13-11-2025,28.5,77.5,GAUTAM BUDH NAGAR,UTTAR PRADESH,D705,DADRI,1.52
14-11-2025,28.5,77.5,GAUTAM BUDH NAGAR,UTTAR PRADESH,D705,DADRI,1.84
15-11-2025,28.5,77.5,GAUTAM BUDH NAGAR,UTTAR PRADESH,D705,DADRI,1.79
16-11-2025,28.5,77.5,GAUTAM BUDH NAGAR,UTTAR PRADESH,D705,DADRI,1.75
17-11-2025,28.5,77.5,GAUTAM BUDH NAGAR,UTTAR PRADESH,D705,DADRI,1.71
18-11-2025,28.5,77.5,GAUTAM BUDH NAGAR,UTTAR PRADESH,D705,DADRI,1.83
19-11-2025,28.5,77.5,GAUTAM BUDH NAGAR,UTTAR PRADESH,D705,DADRI,1.46
20-11-2025,28.5,77.5,GAUTAM BUDH NAGAR,UTTAR PRADESH,D705,DADRI,1.38
21-11-2025,28.5,77.5,GAUTAM BUDH NAGAR,UTTAR PRADESH,D705,DADRI,1.26
22-11-2025,28.5,77.5,GAUTAM BUDH NAGAR,UTTAR PRADESH,D705,DADRI,1.57
23-11-2025,28.5,77.5,GAUTAM BUDH NAGAR,UTTAR PRADESH,D705,DADRI,1.86
24-11-2025,28.5,77.5,GAUTAM BUDH NAGAR,UTTAR PRADESH,D705,DADRI,1.68
25-11-2025,28.5,77.5,GAUTAM BUDH NAGAR,UTTAR PRADESH,D705,DADRI,1.73
26-11-2025,28.5,77.5,GAUTAM BUDH NAGAR,UTTAR PRADESH,D705,DADRI,1.92
27-11-2025,28.5,77.5,GAUTAM BUDH NAGAR,UTTAR PRADESH,D705,DADRI,1.82
28-11-2025,28.5,77.5,GAUTAM BUDH NAGAR,UTTAR PRADESH,D705,DADRI,1.75
29-11-2025,28.5,77.5,GAUTAM BUDH NAGAR,UTTAR PRADESH,D705,DADRI,1.55
30-11-2025,28.5,77.5,GAUTAM BUDH NAGAR,UTTAR PRADESH,D705,DADRI,1.65
01-12-2025,28.5,77.5,GAUTAM BUDH NAGAR,UTTAR PRADESH,D705,DADRI,1.9
02-12-2025,28.5,77.5,GAUTAM BUDH NAGAR,UTTAR PRADESH,D705,DADRI,2.04
03-12-2025,28.5,77.5,GAUTAM BUDH NAGAR,UTTAR PRADESH,D705,DADRI,1.88
04-12-2025,28.5,77.5,GAUTAM BUDH NAGAR,UTTAR PRADESH,D705,DADRI,1.71
05-12-2025,28.5,77.5,GAUTAM BUDH NAGAR,UTTAR PRADESH,D705,DADRI,1.78
06-12-2025,28.5,77.5,GAUTAM BUDH NAGAR,UTTAR PRADESH,D705,DADRI,1.82
07-12-2025,28.5,77.5,GAUTAM BUDH NAGAR,UTTAR PRADESH,D705,DADRI,1.96
08-12-2025,28.5,77.5,GAUTAM BUDH NAGAR,UTTAR PRADESH,D705,DADRI,1.8
09-12-2025,28.5,77.5,GAUTAM BUDH NAGAR,UTTAR PRADESH,D705,DADRI,2.16
10-12-2025,28.5,77.5,GAUTAM BUDH NAGAR,UTTAR PRADESH,D705,DADRI,2.07
11-12-2025,28.5,77.5,GAUTAM BUDH NAGAR,UTTAR PRADESH,D705,DADRI,2.3
12-12-2025,28.5,77.5,GAUTAM BUDH NAGAR,UTTAR PRADESH,D705,DADRI,2.37
13-12-2025,28.5,77.5,GAUTAM BUDH NAGAR,UTTAR PRADESH,D705,DADRI,2.09
14-12-2025,28.5,77.5,GAUTAM BUDH NAGAR,UTTAR PRADESH,D705,DADRI,1.95
15-12-2025,28.5,77.5,GAUTAM BUDH NAGAR,UTTAR PRADESH,D705,DADRI,2.12
16-12-2025,28.5,77.5,GAUTAM BUDH NAGAR,UTTAR PRADESH,D705,DADRI,2.15
17-12-2025,28.5,77.5,GAUTAM BUDH NAGAR,UTTAR PRADESH,D705,DADRI,1.84
18-12-2025,28.5,77.5,GAUTAM BUDH NAGAR,UTTAR PRADESH,D705,DADRI,1.92
19-12-2025,28.5,77.5,GAUTAM BUDH NAGAR,UTTAR PRADESH,D705,DADRI,2.43
20-12-2025,28.5,77.5,GAUTAM BUDH NAGAR,UTTAR PRADESH,D705,DADRI,2.32
21-12-2025,28.5,77.5,GAUTAM BUDH NAGAR,UTTAR PRADESH,D705,DADRI,2.17
22-12-2025,28.5,77.5,GAUTAM BUDH NAGAR,UTTAR PRADESH,D705,DADRI,1.99
23-12-2025,28.5,77.5,GAUTAM BUDH NAGAR,UTTAR PRADESH,D705,DADRI,1.7
24-12-2025,28.5,77.5,GAUTAM BUDH NAGAR,UTTAR PRADESH,D705,DADRI,1.64
25-12-2025,28.5,77.5,GAUTAM BUDH NAGAR,UTTAR PRADESH,D705,DADRI,1.63
26-12-2025,28.5,77.5,GAUTAM BUDH NAGAR,UTTAR PRADESH,D705,DADRI,1.52
27-12-2025,28.5,77.5,GAUTAM BUDH NAGAR,UTTAR PRADESH,D705,DADRI,1.81
28-12-2025,28.5,77.5,GAUTAM BUDH NAGAR,UTTAR PRADESH,D705,DADRI,1.94
29-12-2025,28.5,77.5,GAUTAM BUDH NAGAR,UTTAR PRADESH,D705,DADRI,1.9
30-12-2025,28.5,77.5,GAUTAM BUDH NAGAR,UTTAR PRADESH,D705,DADRI,2.04
31-12-2025,28.5,77.5,GAUTAM BUDH NAGAR,UTTAR PRADESH,D705,DADRI,2.06
01-01-2025,25.5,79.5,HAMIRPUR,UTTAR PRADESH,D710,HAMIRPUR,2.44
02-01-2025,25.5,79.5,HAMIRPUR,UTTAR PRADESH,D710,HAMIRPUR,2.04
03-01-2025,25.5,79.5,HAMIRPUR,UTTAR PRADESH,D710,HAMIRPUR,2.52
04-01-2025,25.5,79.5,HAMIRPUR,UTTAR PRADESH,D710,HAMIRPUR,2.48
05-01-2025,25.5,79.5,HAMIRPUR,UTTAR PRADESH,D710,HAMIRPUR,2.34
06-01-2025,25.5,79.5,HAMIRPUR,UTTAR PRADESH,D710,HAMIRPUR,2.73
07-01-2025,25.5,79.5,HAMIRPUR,UTTAR PRADESH,D710,HAMIRPUR,2.99
08-01-2025,25.5,79.5,HAMIRPUR,UTTAR PRADESH,D710,HAMIRPUR,3.14
09-01-2025,25.5,79.5,HAMIRPUR,UTTAR PRADESH,D710,HAMIRPUR,2.91
10-01-2025,25.5,79.5,HAMIRPUR,UTTAR PRADESH,D710,HAMIRPUR,2.58
11-01-2025,25.5,79.5,HAMIRPUR,UTTAR PRADESH,D710,HAMIRPUR,2.19
12-01-2025,25.5,79.5,HAMIRPUR,UTTAR PRADESH,D710,HAMIRPUR,1.76
13-01-2025,25.5,79.5,HAMIRPUR,UTTAR PRADESH,D710,HAMIRPUR,2.33
14-01-2025,25.5,79.5,HAMIRPUR,UTTAR PRADESH,D710,HAMIRPUR,2.32
15-01-2025,25.5,79.5,HAMIRPUR,UTTAR PRADESH,D710,HAMIRPUR,2.4
16-01-2025,25.5,79.5,HAMIRPUR,UTTAR PRADESH,D710,HAMIRPUR,2.68
17-01-2025,25.5,79.5,HAMIRPUR,UTTAR PRADESH,D710,HAMIRPUR,2.98
18-01-2025,25.5,79.5,HAMIRPUR,UTTAR PRADESH,D710,HAMIRPUR,3.1
19-01-2025,25.5,79.5,HAMIRPUR,UTTAR PRADESH,D710,HAMIRPUR,2.67
20-01-2025,25.5,79.5,HAMIRPUR,UTTAR PRADESH,D710,HAMIRPUR,2.19
21-01-2025,25.5,79.5,HAMIRPUR,UTTAR PRADESH,D710,HAMIRPUR,2.06
22-01-2025,25.5,79.5,HAMIRPUR,UTTAR PRADESH,D710,HAMIRPUR,2.35
23-01-2025,25.5,79.5,HAMIRPUR,UTTAR PRADESH,D710,HAMIRPUR,2.46
24-01-2025,25.5,79.5,HAMIRPUR,UTTAR PRADESH,D710,HAMIRPUR,2.41
25-01-2025,25.5,79.5,HAMIRPUR,UTTAR PRADESH,D710,HAMIRPUR,2.28
26-01-2025,25.5,79.5,HAMIRPUR,UTTAR PRADESH,D710,HAMIRPUR,2.18
27-01-2025,25.5,79.5,HAMIRPUR,UTTAR PRADESH,D710,HAMIRPUR,2.18
28-01-2025,25.5,79.5,HAMIRPUR,UTTAR PRADESH,D710,HAMIRPUR,2.19
29-01-2025,25.5,79.5,HAMIRPUR,UTTAR PRADESH,D710,HAMIRPUR,2.3
30-01-2025,25.5,79.5,HAMIRPUR,UTTAR PRADESH,D710,HAMIRPUR,2.45
31-01-2025,25.5,79.5,HAMIRPUR,UTTAR PRADESH,D710,HAMIRPUR,2.43
01-02-2025,25.5,79.5,HAMIRPUR,UTTAR PRADESH,D710,HAMIRPUR,2.14
02-02-2025,25.5,79.5,HAMIRPUR,UTTAR PRADESH,D710,HAMIRPUR,1.97
03-02-2025,25.5,79.5,HAMIRPUR,UTTAR PRADESH,D710,HAMIRPUR,1.82
04-02-2025,25.5,79.5,HAMIRPUR,UTTAR PRADESH,D710,HAMIRPUR,1.95
05-02-2025,25.5,79.5,HAMIRPUR,UTTAR PRADESH,D710,HAMIRPUR,2.09
06-02-2025,25.5,79.5,HAMIRPUR,UTTAR PRADESH,D710,HAMIRPUR,2.1
07-02-2025,25.5,79.5,HAMIRPUR,UTTAR PRADESH,D710,HAMIRPUR,2.22
08-02-2025,25.5,79.5,HAMIRPUR,UTTAR PRADESH,D710,HAMIRPUR,2.07
09-02-2025,25.5,79.5,HAMIRPUR,UTTAR PRADESH,D710,HAMIRPUR,2.28
10-02-2025,25.5,79.5,HAMIRPUR,UTTAR PRADESH,D710,HAMIRPUR,2.36
11-02-2025,25.5,79.5,HAMIRPUR,UTTAR PRADESH,D710,HAMIRPUR,2.25
12-02-2025,25.5,79.5,HAMIRPUR,UTTAR PRADESH,D710,HAMIRPUR,2.29
13-02-2025,25.5,79.5,HAMIRPUR,UTTAR PRADESH,D710,HAMIRPUR,2.28
14-02-2025,25.5,79.5,HAMIRPUR,UTTAR PRADESH,D710,HAMIRPUR,2.43
15-02-2025,25.5,79.5,HAMIRPUR,UTTAR PRADESH,D710,HAMIRPUR,2.36
16-02-2025,25.5,79.5,HAMIRPUR,UTTAR PRADESH,D710,HAMIRPUR,1.82
17-02-2025,25.5,79.5,HAMIRPUR,UTTAR PRADESH,D710,HAMIRPUR,1.99
18-02-2025,25.5,79.5,HAMIRPUR,UTTAR PRADESH,D710,HAMIRPUR,2.26
19-02-2025,25.5,79.5,HAMIRPUR,UTTAR PRADESH,D710,HAMIRPUR,2.22
20-02-2025,25.5,79.5,HAMIRPUR,UTTAR PRADESH,D710,HAMIRPUR,2.4
21-02-2025,25.5,79.5,HAMIRPUR,UTTAR PRADESH,D710,HAMIRPUR,2.21
22-02-2025,25.5,79.5,HAMIRPUR,UTTAR PRADESH,D710,HAMIRPUR,1.9
23-02-2025,25.5,79.5,HAMIRPUR,UTTAR PRADESH,D710,HAMIRPUR,2.17
24-02-2025,25.5,79.5,HAMIRPUR,UTTAR PRADESH,D710,HAMIRPUR,2.34
25-02-2025,25.5,79.5,HAMIRPUR,UTTAR PRADESH,D710,HAMIRPUR,2.34
26-02-2025,25.5,79.5,HAMIRPUR,UTTAR PRADESH,D710,HAMIRPUR,2.06
27-02-2025,25.5,79.5,HAMIRPUR,UTTAR PRADESH,D710,HAMIRPUR,1.96
28-02-2025,25.5,79.5,HAMIRPUR,UTTAR PRADESH,D710,HAMIRPUR,2.23
29-02-2025,25.5,79.5,HAMIRPUR,UTTAR PRADESH,D710,HAMIRPUR,2.2
01-03-2025,25.5,79.5,HAMIRPUR,UTTAR PRADESH,D710,HAMIRPUR,2.29
02-03-2025,25.5,79.5,HAMIRPUR,UTTAR PRADESH,D710,HAMIRPUR,2.11
03-03-2025,25.5,79.5,HAMIRPUR,UTTAR PRADESH,D710,HAMIRPUR,2.04
04-03-2025,25.5,79.5,HAMIRPUR,UTTAR PRADESH,D710,HAMIRPUR,2.01
05-03-2025,25.5,79.5,HAMIRPUR,UTTAR PRADESH,D710,HAMIRPUR,2.29
06-03-2025,25.5,79.5,HAMIRPUR,UTTAR PRADESH,D710,HAMIRPUR,2.36
07-03-2025,25.5,79.5,HAMIRPUR,UTTAR PRADESH,D710,HAMIRPUR,2.14
08-03-2025,25.5,79.5,HAMIRPUR,UTTAR PRADESH,D710,HAMIRPUR,1.99
09-03-2025,25.5,79.5,HAMIRPUR,UTTAR PRADESH,D710,HAMIRPUR,2.19
10-03-2025,25.5,79.5,HAMIRPUR,UTTAR PRADESH,D710,HAMIRPUR,1.84
11-03-2025,25.5,79.5,HAMIRPUR,UTTAR PRADESH,D710,HAMIRPUR,1.77
12-03-2025,25.5,79.5,HAMIRPUR,UTTAR PRADESH,D710,HAMIRPUR,1.83
13-03-2025,25.5,79.5,HAMIRPUR,UTTAR PRADESH,D710,HAMIRPUR,1.92
14-03-2025,25.5,79.5,HAMIRPUR,UTTAR PRADESH,D710,HAMIRPUR,2.02
15-03-2025,25.5,79.5,HAMIRPUR,UTTAR PRADESH,D710,HAMIRPUR,2.22
16-03-2025,25.5,79.5,HAMIRPUR,UTTAR PRADESH,D710,HAMIRPUR,2.22
17-03-2025,25.5,79.5,HAMIRPUR,UTTAR PRADESH,D710,HAMIRPUR,1.66
18-03-2025,25.5,79.5,HAMIRPUR,UTTAR PRADESH,D710,HAMIRPUR,1.78
19-03-2025,25.5,79.5,HAMIRPUR,UTTAR PRADESH,D710,HAMIRPUR,1.93
20-03-2025,25.5,79.5,HAMIRPUR,UTTAR PRADESH,D710,HAMIRPUR,2.18
21-03-2025,25.5,79.5,HAMIRPUR,UTTAR PRADESH,D710,HAMIRPUR,1.95
22-03-2025,25.5,79.5,HAMIRPUR,UTTAR PRADESH,D710,HAMIRPUR,1.82
23-03-2025,25.5,79.5,HAMIRPUR,UTTAR PRADESH,D710,HAMIRPUR,1.8
24-03-2025,25.5,79.5,HAMIRPUR,UTTAR PRADESH,D710,HAMIRPUR,1.92
25-03-2025,25.5,79.5,HAMIRPUR,UTTAR PRADESH,D710,HAMIRPUR,2.11
26-03-2025,25.5,79.5,HAMIRPUR,UTTAR PRADESH,D710,HAMIRPUR,1.93
27-03-2025,25.5,79.5,HAMIRPUR,UTTAR PRADESH,D710,HAMIRPUR,1.94
28-03-2025,25.5,79.5,HAMIRPUR,UTTAR PRADESH,D710,HAMIRPUR,1.49
29-03-2025,25.5,79.5,HAMIRPUR,UTTAR PRADESH,D710,HAMIRPUR,1.67
30-03-2025,25.5,79.5,HAMIRPUR,UTTAR PRADESH,D710,HAMIRPUR,1.74
31-03-2025,25.5,79.5,HAMIRPUR,UTTAR PRADESH,D710,HAMIRPUR,1.82
01-04-2025,25.5,79.5,HAMIRPUR,UTTAR PRADESH,D710,HAMIRPUR,1.88
02-04-2025,25.5,79.5,HAMIRPUR,UTTAR PRADESH,D710,HAMIRPUR,1.86
03-04-2025,25.5,79.5,HAMIRPUR,UTTAR PRADESH,D710,HAMIRPUR,1.96
04-04-2025,25.5,79.5,HAMIRPUR,UTTAR PRADESH,D710,HAMIRPUR,2.2
05-04-2025,25.5,79.5,HAMIRPUR,UTTAR PRADESH,D710,HAMIRPUR,1.96
06-04-2025,25.5,79.5,HAMIRPUR,UTTAR PRADESH,D710,HAMIRPUR,2.02
07-04-2025,25.5,79.5,HAMIRPUR,UTTAR PRADESH,D710,HAMIRPUR,1.8
08-04-2025,25.5,79.5,HAMIRPUR,UTTAR PRADESH,D710,HAMIRPUR,1.56
09-04-2025,25.5,79.5,HAMIRPUR,UTTAR PRADESH,D710,HAMIRPUR,1.63
10-04-2025,25.5,79.5,HAMIRPUR,UTTAR PRADESH,D710,HAMIRPUR,2.18
11-04-2025,25.5,79.5,HAMIRPUR,UTTAR PRADESH,D710,HAMIRPUR,2.19
12-04-2025,25.5,79.5,HAMIRPUR,UTTAR PRADESH,D710,HAMIRPUR,1.93
13-04-2025,25.5,79.5,HAMIRPUR,UTTAR PRADESH,D710,HAMIRPUR,1.98
14-04-2025,25.5,79.5,HAMIRPUR,UTTAR PRADESH,D710,HAMIRPUR,1.6
15-04-2025,25.5,79.5,HAMIRPUR,UTTAR PRADESH,D710,HAMIRPUR,1.72
16-04-2025,25.5,79.5,HAMIRPUR,UTTAR PRADESH,D710,HAMIRPUR,1.67
17-04-2025,25.5,79.5,HAMIRPUR,UTTAR PRADESH,D710,HAMIRPUR,2.03
18-04-2025,25.5,79.5,HAMIRPUR,UTTAR PRADESH,D710,HAMIRPUR,2.22
19-04-2025,25.5,79.5,HAMIRPUR,UTTAR PRADESH,D710,HAMIRPUR,2.12
20-04-2025,25.5,79.5,HAMIRPUR,UTTAR PRADESH,D710,HAMIRPUR,2.25
21-04-2025,25.5,79.5,HAMIRPUR,UTTAR PRADESH,D710,HAMIRPUR,2.2
22-04-2025,25.5,79.5,HAMIRPUR,UTTAR PRADESH,D710,HAMIRPUR,2.12
23-04-2025,25.5,79.5,HAMIRPUR,UTTAR PRADESH,D710,HAMIRPUR,1.65
24-04-2025,25.5,79.5,HAMIRPUR,UTTAR PRADESH,D710,HAMIRPUR,1.58
25-04-2025,25.5,79.5,HAMIRPUR,UTTAR PRADESH,D710,HAMIRPUR,1.83
26-04-2025,25.5,79.5,HAMIRPUR,UTTAR PRADESH,D710,HAMIRPUR,1.52
27-04-2025,25.5,79.5,HAMIRPUR,UTTAR PRADESH,D710,HAMIRPUR,1.67
28-04-2025,25.5,79.5,HAMIRPUR,UTTAR PRADESH,D710,HAMIRPUR,1.34
29-04-2025,25.5,79.5,HAMIRPUR,UTTAR PRADESH,D710,HAMIRPUR,1.4
30-04-2025,25.5,79.5,HAMIRPUR,UTTAR PRADESH,D710,HAMIRPUR,1.51
01-05-2025,25.5,79.5,HAMIRPUR,UTTAR PRADESH,D710,HAMIRPUR,2.04
02-05-2025,25.5,79.5,HAMIRPUR,UTTAR PRADESH,D710,HAMIRPUR,2.14
03-05-2025,25.5,79.5,HAMIRPUR,UTTAR PRADESH,D710,HAMIRPUR,2.34
04-05-2025,25.5,79.5,HAMIRPUR,UTTAR PRADESH,D710,HAMIRPUR,2.19
05-05-2025,25.5,79.5,HAMIRPUR,UTTAR PRADESH,D710,HAMIRPUR,1.91
06-05-2025,25.5,79.5,HAMIRPUR,UTTAR PRADESH,D710,HAMIRPUR,1.76
07-05-2025,25.5,79.5,HAMIRPUR,UTTAR PRADESH,D710,HAMIRPUR,1.67
08-05-2025,25.5,79.5,HAMIRPUR,UTTAR PRADESH,D710,HAMIRPUR,1.6
09-05-2025,25.5,79.5,HAMIRPUR,UTTAR PRADESH,D710,HAMIRPUR,1.58
10-05-2025,25.5,79.5,HAMIRPUR,UTTAR PRADESH,D710,HAMIRPUR,2.08
11-05-2025,25.5,79.5,HAMIRPUR,UTTAR PRADESH,D710,HAMIRPUR,2.5
12-05-2025,25.5,79.5,HAMIRPUR,UTTAR PRADESH,D710,HAMIRPUR,1.87
13-05-2025,25.5,79.5,HAMIRPUR,UTTAR PRADESH,D710,HAMIRPUR,1.76
14-05-2025,25.5,79.5,HAMIRPUR,UTTAR PRADESH,D710,HAMIRPUR,1.78
15-05-2025,25.5,79.5,HAMIRPUR,UTTAR PRADESH,D710,HAMIRPUR,1.62
16-05-2025,25.5,79.5,HAMIRPUR,UTTAR PRADESH,D710,HAMIRPUR,1.68
17-05-2025,25.5,79.5,HAMIRPUR,UTTAR PRADESH,D710,HAMIRPUR,1.75
18-05-2025,25.5,79.5,HAMIRPUR,UTTAR PRADESH,D710,HAMIRPUR,1.83
19-05-2025,25.5,79.5,HAMIRPUR,UTTAR PRADESH,D710,HAMIRPUR,2.15
20-05-2025,25.5,79.5,HAMIRPUR,UTTAR PRADESH,D710,HAMIRPUR,2.1
21-05-2025,25.5,79.5,HAMIRPUR,UTTAR PRADESH,D710,HAMIRPUR,2.07
22-05-2025,25.5,79.5,HAMIRPUR,UTTAR PRADESH,D710,HAMIRPUR,2
23-05-2025,25.5,79.5,HAMIRPUR,UTTAR PRADESH,D710,HAMIRPUR,1.79
24-05-2025,25.5,79.5,HAMIRPUR,UTTAR PRADESH,D710,HAMIRPUR,2.11
25-05-2025,25.5,79.5,HAMIRPUR,UTTAR PRADESH,D710,HAMIRPUR,1.81
26-05-2025,25.5,79.5,HAMIRPUR,UTTAR PRADESH,D710,HAMIRPUR,2.43
27-05-2025,25.5,79.5,HAMIRPUR,UTTAR PRADESH,D710,HAMIRPUR,1.91
28-05-2025,25.5,79.5,HAMIRPUR,UTTAR PRADESH,D710,HAMIRPUR,1.92
29-05-2025,25.5,79.5,HAMIRPUR,UTTAR PRADESH,D710,HAMIRPUR,1.94
30-05-2025,25.5,79.5,HAMIRPUR,UTTAR PRADESH,D710,HAMIRPUR,2.27
31-05-2025,25.5,79.5,HAMIRPUR,UTTAR PRADESH,D710,HAMIRPUR,1.97
01-06-2025,25.5,79.5,HAMIRPUR,UTTAR PRADESH,D710,HAMIRPUR,1.9
02-06-2025,25.5,79.5,HAMIRPUR,UTTAR PRADESH,D710,HAMIRPUR,1.87
03-06-2025,25.5,79.5,HAMIRPUR,UTTAR PRADESH,D710,HAMIRPUR,1.72
04-06-2025,25.5,79.5,HAMIRPUR,UTTAR PRADESH,D710,HAMIRPUR,1.89
05-06-2025,25.5,79.5,HAMIRPUR,UTTAR PRADESH,D710,HAMIRPUR,2.29
06-06-2025,25.5,79.5,HAMIRPUR,UTTAR PRADESH,D710,HAMIRPUR,1.9
07-06-2025,25.5,79.5,HAMIRPUR,UTTAR PRADESH,D710,HAMIRPUR,1.77
08-06-2025,25.5,79.5,HAMIRPUR,UTTAR PRADESH,D710,HAMIRPUR,1.79
09-06-2025,25.5,79.5,HAMIRPUR,UTTAR PRADESH,D710,HAMIRPUR,1.76
10-06-2025,25.5,79.5,HAMIRPUR,UTTAR PRADESH,D710,HAMIRPUR,1.96
11-06-2025,25.5,79.5,HAMIRPUR,UTTAR PRADESH,D710,HAMIRPUR,1.89
12-06-2025,25.5,79.5,HAMIRPUR,UTTAR PRADESH,D710,HAMIRPUR,1.94
13-06-2025,25.5,79.5,HAMIRPUR,UTTAR PRADESH,D710,HAMIRPUR,1.74
14-06-2025,25.5,79.5,HAMIRPUR,UTTAR PRADESH,D710,HAMIRPUR,1.72
15-06-2025,25.5,79.5,HAMIRPUR,UTTAR PRADESH,D710,HAMIRPUR,1.97
16-06-2025,25.5,79.5,HAMIRPUR,UTTAR PRADESH,D710,HAMIRPUR,1.99
17-06-2025,25.5,79.5,HAMIRPUR,UTTAR PRADESH,D710,HAMIRPUR,1.83
18-06-2025,25.5,79.5,HAMIRPUR,UTTAR PRADESH,D710,HAMIRPUR,1.66
19-06-2025,25.5,79.5,HAMIRPUR,UTTAR PRADESH,D710,HAMIRPUR,1.61
20-06-2025,25.5,79.5,HAMIRPUR,UTTAR PRADESH,D710,HAMIRPUR,1.8
21-06-2025,25.5,79.5,HAMIRPUR,UTTAR PRADESH,D710,HAMIRPUR,1.85
22-06-2025,25.5,79.5,HAMIRPUR,UTTAR PRADESH,D710,HAMIRPUR,1.84
23-06-2025,25.5,79.5,HAMIRPUR,UTTAR PRADESH,D710,HAMIRPUR,1.88
24-06-2025,25.5,79.5,HAMIRPUR,UTTAR PRADESH,D710,HAMIRPUR,1.69
25-06-2025,25.5,79.5,HAMIRPUR,UTTAR PRADESH,D710,HAMIRPUR,1.53
26-06-2025,25.5,79.5,HAMIRPUR,UTTAR PRADESH,D710,HAMIRPUR,1.44
27-06-2025,25.5,79.5,HAMIRPUR,UTTAR PRADESH,D710,HAMIRPUR,1.54
28-06-2025,25.5,79.5,HAMIRPUR,UTTAR PRADESH,D710,HAMIRPUR,1.53
29-06-2025,25.5,79.5,HAMIRPUR,UTTAR PRADESH,D710,HAMIRPUR,1.39
30-06-2025,25.5,79.5,HAMIRPUR,UTTAR PRADESH,D710,HAMIRPUR,1.67
01-07-2025,25.5,79.5,HAMIRPUR,UTTAR PRADESH,D710,HAMIRPUR,1.59
02-07-2025,25.5,79.5,HAMIRPUR,UTTAR PRADESH,D710,HAMIRPUR,1.3
03-07-2025,25.5,79.5,HAMIRPUR,UTTAR PRADESH,D710,HAMIRPUR,1.42
04-07-2025,25.5,79.5,HAMIRPUR,UTTAR PRADESH,D710,HAMIRPUR,1.14
05-07-2025,25.5,79.5,HAMIRPUR,UTTAR PRADESH,D710,HAMIRPUR,1.19
06-07-2025,25.5,79.5,HAMIRPUR,UTTAR PRADESH,D710,HAMIRPUR,1.26
07-07-2025,25.5,79.5,HAMIRPUR,UTTAR PRADESH,D710,HAMIRPUR,1.35
08-07-2025,25.5,79.5,HAMIRPUR,UTTAR PRADESH,D710,HAMIRPUR,1.23
09-07-2025,25.5,79.5,HAMIRPUR,UTTAR PRADESH,D710,HAMIRPUR,1.25
10-07-2025,25.5,79.5,HAMIRPUR,UTTAR PRADESH,D710,HAMIRPUR,1.19
11-07-2025,25.5,79.5,HAMIRPUR,UTTAR PRADESH,D710,HAMIRPUR,1.3
12-07-2025,25.5,79.5,HAMIRPUR,UTTAR PRADESH,D710,HAMIRPUR,1.24
13-07-2025,25.5,79.5,HAMIRPUR,UTTAR PRADESH,D710,HAMIRPUR,1.15
14-07-2025,25.5,79.5,HAMIRPUR,UTTAR PRADESH,D710,HAMIRPUR,1.11
15-07-2025,25.5,79.5,HAMIRPUR,UTTAR PRADESH,D710,HAMIRPUR,1.2
16-07-2025,25.5,79.5,HAMIRPUR,UTTAR PRADESH,D710,HAMIRPUR,1.15
17-07-2025,25.5,79.5,HAMIRPUR,UTTAR PRADESH,D710,HAMIRPUR,1.22
18-07-2025,25.5,79.5,HAMIRPUR,UTTAR PRADESH,D710,HAMIRPUR,1.31
19-07-2025,25.5,79.5,HAMIRPUR,UTTAR PRADESH,D710,HAMIRPUR,1.16
20-07-2025,25.5,79.5,HAMIRPUR,UTTAR PRADESH,D710,HAMIRPUR,0.91
21-07-2025,25.5,79.5,HAMIRPUR,UTTAR PRADESH,D710,HAMIRPUR,1.11
22-07-2025,25.5,79.5,HAMIRPUR,UTTAR PRADESH,D710,HAMIRPUR,0.99
23-07-2025,25.5,79.5,HAMIRPUR,UTTAR PRADESH,D710,HAMIRPUR,1.05
24-07-2025,25.5,79.5,HAMIRPUR,UTTAR PRADESH,D710,HAMIRPUR,1.09
25-07-2025,25.5,79.5,HAMIRPUR,UTTAR PRADESH,D710,HAMIRPUR,0.96
26-07-2025,25.5,79.5,HAMIRPUR,UTTAR PRADESH,D710,HAMIRPUR,1.14
27-07-2025,25.5,79.5,HAMIRPUR,UTTAR PRADESH,D710,HAMIRPUR,1.14
28-07-2025,25.5,79.5,HAMIRPUR,UTTAR PRADESH,D710,HAMIRPUR,1.2
29-07-2025,25.5,79.5,HAMIRPUR,UTTAR PRADESH,D710,HAMIRPUR,0.98
30-07-2025,25.5,79.5,HAMIRPUR,UTTAR PRADESH,D710,HAMIRPUR,0.99
31-07-2025,25.5,79.5,HAMIRPUR,UTTAR PRADESH,D710,HAMIRPUR,1.02
01-08-2025,25.5,79.5,HAMIRPUR,UTTAR PRADESH,D710,HAMIRPUR,0.82
02-08-2025,25.5,79.5,HAMIRPUR,UTTAR PRADESH,D710,HAMIRPUR,0.92
03-08-2025,25.5,79.5,HAMIRPUR,UTTAR PRADESH,D710,HAMIRPUR,0.77
04-08-2025,25.5,79.5,HAMIRPUR,UTTAR PRADESH,D710,HAMIRPUR,0.78
05-08-2025,25.5,79.5,HAMIRPUR,UTTAR PRADESH,D710,HAMIRPUR,0.72
06-08-2025,25.5,79.5,HAMIRPUR,UTTAR PRADESH,D710,HAMIRPUR,0.78
07-08-2025,25.5,79.5,HAMIRPUR,UTTAR PRADESH,D710,HAMIRPUR,0.83
08-08-2025,25.5,79.5,HAMIRPUR,UTTAR PRADESH,D710,HAMIRPUR,0.92
09-08-2025,25.5,79.5,HAMIRPUR,UTTAR PRADESH,D710,HAMIRPUR,0.85
10-08-2025,25.5,79.5,HAMIRPUR,UTTAR PRADESH,D710,HAMIRPUR,0.91
11-08-2025,25.5,79.5,HAMIRPUR,UTTAR PRADESH,D710,HAMIRPUR,0.93
12-08-2025,25.5,79.5,HAMIRPUR,UTTAR PRADESH,D710,HAMIRPUR,0.69
13-08-2025,25.5,79.5,HAMIRPUR,UTTAR PRADESH,D710,HAMIRPUR,0.82
14-08-2025,25.5,79.5,HAMIRPUR,UTTAR PRADESH,D710,HAMIRPUR,0.76
15-08-2025,25.5,79.5,HAMIRPUR,UTTAR PRADESH,D710,HAMIRPUR,0.74
16-08-2025,25.5,79.5,HAMIRPUR,UTTAR PRADESH,D710,HAMIRPUR,0.87
17-08-2025,25.5,79.5,HAMIRPUR,UTTAR PRADESH,D710,HAMIRPUR,0.97
18-08-2025,25.5,79.5,HAMIRPUR,UTTAR PRADESH,D710,HAMIRPUR,0.87
19-08-2025,25.5,79.5,HAMIRPUR,UTTAR PRADESH,D710,HAMIRPUR,0.81
20-08-2025,25.5,79.5,HAMIRPUR,UTTAR PRADESH,D710,HAMIRPUR,0.89
21-08-2025,25.5,79.5,HAMIRPUR,UTTAR PRADESH,D710,HAMIRPUR,1.01
22-08-2025,25.5,79.5,HAMIRPUR,UTTAR PRADESH,D710,HAMIRPUR,1.05
23-08-2025,25.5,79.5,HAMIRPUR,UTTAR PRADESH,D710,HAMIRPUR,0.97
24-08-2025,25.5,79.5,HAMIRPUR,UTTAR PRADESH,D710,HAMIRPUR,0.64
25-08-2025,25.5,79.5,HAMIRPUR,UTTAR PRADESH,D710,HAMIRPUR,0.76
26-08-2025,25.5,79.5,HAMIRPUR,UTTAR PRADESH,D710,HAMIRPUR,0.75
27-08-2025,25.5,79.5,HAMIRPUR,UTTAR PRADESH,D710,HAMIRPUR,0.78
28-08-2025,25.5,79.5,HAMIRPUR,UTTAR PRADESH,D710,HAMIRPUR,0.92
29-08-2025,25.5,79.5,HAMIRPUR,UTTAR PRADESH,D710,HAMIRPUR,0.7
30-08-2025,25.5,79.5,HAMIRPUR,UTTAR PRADESH,D710,HAMIRPUR,0.85
31-08-2025,25.5,79.5,HAMIRPUR,UTTAR PRADESH,D710,HAMIRPUR,0.77
01-09-2025,25.5,79.5,HAMIRPUR,UTTAR PRADESH,D710,HAMIRPUR,0.88
02-09-2025,25.5,79.5,HAMIRPUR,UTTAR PRADESH,D710,HAMIRPUR,0.96
03-09-2025,25.5,79.5,HAMIRPUR,UTTAR PRADESH,D710,HAMIRPUR,0.76
04-09-2025,25.5,79.5,HAMIRPUR,UTTAR PRADESH,D710,HAMIRPUR,0.76
05-09-2025,25.5,79.5,HAMIRPUR,UTTAR PRADESH,D710,HAMIRPUR,0.87
06-09-2025,25.5,79.5,HAMIRPUR,UTTAR PRADESH,D710,HAMIRPUR,0.83
07-09-2025,25.5,79.5,HAMIRPUR,UTTAR PRADESH,D710,HAMIRPUR,0.91
08-09-2025,25.5,79.5,HAMIRPUR,UTTAR PRADESH,D710,HAMIRPUR,1.03
09-09-2025,25.5,79.5,HAMIRPUR,UTTAR PRADESH,D710,HAMIRPUR,1.1
10-09-2025,25.5,79.5,HAMIRPUR,UTTAR PRADESH,D710,HAMIRPUR,0.95
11-09-2025,25.5,79.5,HAMIRPUR,UTTAR PRADESH,D710,HAMIRPUR,0.93
12-09-2025,25.5,79.5,HAMIRPUR,UTTAR PRADESH,D710,HAMIRPUR,0.91
13-09-2025,25.5,79.5,HAMIRPUR,UTTAR PRADESH,D710,HAMIRPUR,0.85
14-09-2025,25.5,79.5,HAMIRPUR,UTTAR PRADESH,D710,HAMIRPUR,0.97
15-09-2025,25.5,79.5,HAMIRPUR,UTTAR PRADESH,D710,HAMIRPUR,1.1
16-09-2025,25.5,79.5,HAMIRPUR,UTTAR PRADESH,D710,HAMIRPUR,0.97
17-09-2025,25.5,79.5,HAMIRPUR,UTTAR PRADESH,D710,HAMIRPUR,0.94
18-09-2025,25.5,79.5,HAMIRPUR,UTTAR PRADESH,D710,HAMIRPUR,1.04
19-09-2025,25.5,79.5,HAMIRPUR,UTTAR PRADESH,D710,HAMIRPUR,1.13
20-09-2025,25.5,79.5,HAMIRPUR,UTTAR PRADESH,D710,HAMIRPUR,1.04
21-09-2025,25.5,79.5,HAMIRPUR,UTTAR PRADESH,D710,HAMIRPUR,1.09
22-09-2025,25.5,79.5,HAMIRPUR,UTTAR PRADESH,D710,HAMIRPUR,1.06
23-09-2025,25.5,79.5,HAMIRPUR,UTTAR PRADESH,D710,HAMIRPUR,0.9
24-09-2025,25.5,79.5,HAMIRPUR,UTTAR PRADESH,D710,HAMIRPUR,0.87
25-09-2025,25.5,79.5,HAMIRPUR,UTTAR PRADESH,D710,HAMIRPUR,1.11
26-09-2025,25.5,79.5,HAMIRPUR,UTTAR PRADESH,D710,HAMIRPUR,1.01
27-09-2025,25.5,79.5,HAMIRPUR,UTTAR PRADESH,D710,HAMIRPUR,1.06
28-09-2025,25.5,79.5,HAMIRPUR,UTTAR PRADESH,D710,HAMIRPUR,1.13
29-09-2025,25.5,79.5,HAMIRPUR,UTTAR PRADESH,D710,HAMIRPUR,1.22
30-09-2025,25.5,79.5,HAMIRPUR,UTTAR PRADESH,D710,HAMIRPUR,1.38
01-10-2025,25.5,79.5,HAMIRPUR,UTTAR PRADESH,D710,HAMIRPUR,1.26
02-10-2025,25.5,79.5,HAMIRPUR,UTTAR PRADESH,D710,HAMIRPUR,1.37
03-10-2025,25.5,79.5,HAMIRPUR,UTTAR PRADESH,D710,HAMIRPUR,1.44
04-10-2025,25.5,79.5,HAMIRPUR,UTTAR PRADESH,D710,HAMIRPUR,1.4
05-10-2025,25.5,79.5,HAMIRPUR,UTTAR PRADESH,D710,HAMIRPUR,1.35
06-10-2025,25.5,79.5,HAMIRPUR,UTTAR PRADESH,D710,HAMIRPUR,1.41
07-10-2025,25.5,79.5,HAMIRPUR,UTTAR PRADESH,D710,HAMIRPUR,1.32
08-10-2025,25.5,79.5,HAMIRPUR,UTTAR PRADESH,D710,HAMIRPUR,1.41
09-10-2025,25.5,79.5,HAMIRPUR,UTTAR PRADESH,D710,HAMIRPUR,1.53
10-10-2025,25.5,79.5,HAMIRPUR,UTTAR PRADESH,D710,HAMIRPUR,1.42
11-10-2025,25.5,79.5,HAMIRPUR,UTTAR PRADESH,D710,HAMIRPUR,1.4
12-10-2025,25.5,79.5,HAMIRPUR,UTTAR PRADESH,D710,HAMIRPUR,1.7
13-10-2025,25.5,79.5,HAMIRPUR,UTTAR PRADESH,D710,HAMIRPUR,1.66
14-10-2025,25.5,79.5,HAMIRPUR,UTTAR PRADESH,D710,HAMIRPUR,1.83
15-10-2025,25.5,79.5,HAMIRPUR,UTTAR PRADESH,D710,HAMIRPUR,1.79
16-10-2025,25.5,79.5,HAMIRPUR,UTTAR PRADESH,D710,HAMIRPUR,1.68
17-10-2025,25.5,79.5,HAMIRPUR,UTTAR PRADESH,D710,HAMIRPUR,1.97
18-10-2025,25.5,79.5,HAMIRPUR,UTTAR PRADESH,D710,HAMIRPUR,1.81
19-10-2025,25.5,79.5,HAMIRPUR,UTTAR PRADESH,D710,HAMIRPUR,1.71
20-10-2025,25.5,79.5,HAMIRPUR,UTTAR PRADESH,D710,HAMIRPUR,1.75
21-10-2025,25.5,79.5,HAMIRPUR,UTTAR PRADESH,D710,HAMIRPUR,1.69
22-10-2025,25.5,79.5,HAMIRPUR,UTTAR PRADESH,D710,HAMIRPUR,1.5
23-10-2025,25.5,79.5,HAMIRPUR,UTTAR PRADESH,D710,HAMIRPUR,1.49
24-10-2025,25.5,79.5,HAMIRPUR,UTTAR PRADESH,D710,HAMIRPUR,1.57
25-10-2025,25.5,79.5,HAMIRPUR,UTTAR PRADESH,D710,HAMIRPUR,1.62
26-10-2025,25.5,79.5,HAMIRPUR,UTTAR PRADESH,D710,HAMIRPUR,1.55
27-10-2025,25.5,79.5,HAMIRPUR,UTTAR PRADESH,D710,HAMIRPUR,1.5
28-10-2025,25.5,79.5,HAMIRPUR,UTTAR PRADESH,D710,HAMIRPUR,1.51
29-10-2025,25.5,79.5,HAMIRPUR,UTTAR PRADESH,D710,HAMIRPUR,1.53
30-10-2025,25.5,79.5,HAMIRPUR,UTTAR PRADESH,D710,HAMIRPUR,1.87
31-10-2025,25.5,79.5,HAMIRPUR,UTTAR PRADESH,D710,HAMIRPUR,1.72
01-11-2025,25.5,79.5,HAMIRPUR,UTTAR PRADESH,D710,HAMIRPUR,1.75
02-11-2025,25.5,79.5,HAMIRPUR,UTTAR PRADESH,D710,HAMIRPUR,1.6
03-11-2025,25.5,79.5,HAMIRPUR,UTTAR PRADESH,D710,HAMIRPUR,1.72
04-11-2025,25.5,79.5,HAMIRPUR,UTTAR PRADESH,D710,HAMIRPUR,1.94
05-11-2025,25.5,79.5,HAMIRPUR,UTTAR PRADESH,D710,HAMIRPUR,1.85
06-11-2025,25.5,79.5,HAMIRPUR,UTTAR PRADESH,D710,HAMIRPUR,1.91
07-11-2025,25.5,79.5,HAMIRPUR,UTTAR PRADESH,D710,HAMIRPUR,1.94
08-11-2025,25.5,79.5,HAMIRPUR,UTTAR PRADESH,D710,HAMIRPUR,2.17
09-11-2025,25.5,79.5,HAMIRPUR,UTTAR PRADESH,D710,HAMIRPUR,2.42
10-11-2025,25.5,79.5,HAMIRPUR,UTTAR PRADESH,D710,HAMIRPUR,2.31
11-11-2025,25.5,79.5,HAMIRPUR,UTTAR PRADESH,D710,HAMIRPUR,2.24
12-11-2025,25.5,79.5,HAMIRPUR,UTTAR PRADESH,D710,HAMIRPUR,2.04
13-11-2025,25.5,79.5,HAMIRPUR,UTTAR PRADESH,D710,HAMIRPUR,2.04
14-11-2025,25.5,79.5,HAMIRPUR,UTTAR PRADESH,D710,HAMIRPUR,2.16
15-11-2025,25.5,79.5,HAMIRPUR,UTTAR PRADESH,D710,HAMIRPUR,2.19
16-11-2025,25.5,79.5,HAMIRPUR,UTTAR PRADESH,D710,HAMIRPUR,2.33
17-11-2025,25.5,79.5,HAMIRPUR,UTTAR PRADESH,D710,HAMIRPUR,2.25
18-11-2025,25.5,79.5,HAMIRPUR,UTTAR PRADESH,D710,HAMIRPUR,2.35
19-11-2025,25.5,79.5,HAMIRPUR,UTTAR PRADESH,D710,HAMIRPUR,2.33
20-11-2025,25.5,79.5,HAMIRPUR,UTTAR PRADESH,D710,HAMIRPUR,2.01
21-11-2025,25.5,79.5,HAMIRPUR,UTTAR PRADESH,D710,HAMIRPUR,1.57
22-11-2025,25.5,79.5,HAMIRPUR,UTTAR PRADESH,D710,HAMIRPUR,1.72
23-11-2025,25.5,79.5,HAMIRPUR,UTTAR PRADESH,D710,HAMIRPUR,1.67
24-11-2025,25.5,79.5,HAMIRPUR,UTTAR PRADESH,D710,HAMIRPUR,1.71
25-11-2025,25.5,79.5,HAMIRPUR,UTTAR PRADESH,D710,HAMIRPUR,1.85
26-11-2025,25.5,79.5,HAMIRPUR,UTTAR PRADESH,D710,HAMIRPUR,1.93
27-11-2025,25.5,79.5,HAMIRPUR,UTTAR PRADESH,D710,HAMIRPUR,1.93
28-11-2025,25.5,79.5,HAMIRPUR,UTTAR PRADESH,D710,HAMIRPUR,1.63
29-11-2025,25.5,79.5,HAMIRPUR,UTTAR PRADESH,D710,HAMIRPUR,1.63
30-11-2025,25.5,79.5,HAMIRPUR,UTTAR PRADESH,D710,HAMIRPUR,1.97
01-12-2025,25.5,79.5,HAMIRPUR,UTTAR PRADESH,D710,HAMIRPUR,2.17
02-12-2025,25.5,79.5,HAMIRPUR,UTTAR PRADESH,D710,HAMIRPUR,2.27
03-12-2025,25.5,79.5,HAMIRPUR,UTTAR PRADESH,D710,HAMIRPUR,2.17
04-12-2025,25.5,79.5,HAMIRPUR,UTTAR PRADESH,D710,HAMIRPUR,1.93
05-12-2025,25.5,79.5,HAMIRPUR,UTTAR PRADESH,D710,HAMIRPUR,1.9
06-12-2025,25.5,79.5,HAMIRPUR,UTTAR PRADESH,D710,HAMIRPUR,2.29
07-12-2025,25.5,79.5,HAMIRPUR,UTTAR PRADESH,D710,HAMIRPUR,2.21
08-12-2025,25.5,79.5,HAMIRPUR,UTTAR PRADESH,D710,HAMIRPUR,2.17
09-12-2025,25.5,79.5,HAMIRPUR,UTTAR PRADESH,D710,HAMIRPUR,2.33
10-12-2025,25.5,79.5,HAMIRPUR,UTTAR PRADESH,D710,HAMIRPUR,2.33
11-12-2025,25.5,79.5,HAMIRPUR,UTTAR PRADESH,D710,HAMIRPUR,2.33
12-12-2025,25.5,79.5,HAMIRPUR,UTTAR PRADESH,D710,HAMIRPUR,2.38
13-12-2025,25.5,79.5,HAMIRPUR,UTTAR PRADESH,D710,HAMIRPUR,2.47
14-12-2025,25.5,79.5,HAMIRPUR,UTTAR PRADESH,D710,HAMIRPUR,2.27
15-12-2025,25.5,79.5,HAMIRPUR,UTTAR PRADESH,D710,HAMIRPUR,2.21
16-12-2025,25.5,79.5,HAMIRPUR,UTTAR PRADESH,D710,HAMIRPUR,2.13
17-12-2025,25.5,79.5,HAMIRPUR,UTTAR PRADESH,D710,HAMIRPUR,2.01
18-12-2025,25.5,79.5,HAMIRPUR,UTTAR PRADESH,D710,HAMIRPUR,1.97
19-12-2025,25.5,79.5,HAMIRPUR,UTTAR PRADESH,D710,HAMIRPUR,2.26
20-12-2025,25.5,79.5,HAMIRPUR,UTTAR PRADESH,D710,HAMIRPUR,2.07
21-12-2025,25.5,79.5,HAMIRPUR,UTTAR PRADESH,D710,HAMIRPUR,2.06
22-12-2025,25.5,79.5,HAMIRPUR,UTTAR PRADESH,D710,HAMIRPUR,2.16
23-12-2025,25.5,79.5,HAMIRPUR,UTTAR PRADESH,D710,HAMIRPUR,1.94
24-12-2025,25.5,79.5,HAMIRPUR,UTTAR PRADESH,D710,HAMIRPUR,2.01
25-12-2025,25.5,79.5,HAMIRPUR,UTTAR PRADESH,D710,HAMIRPUR,1.79
26-12-2025,25.5,79.5,HAMIRPUR,UTTAR PRADESH,D710,HAMIRPUR,1.72
27-12-2025,25.5,79.5,HAMIRPUR,UTTAR PRADESH,D710,HAMIRPUR,2.11
28-12-2025,25.5,79.5,HAMIRPUR,UTTAR PRADESH,D710,HAMIRPUR,2.34
29-12-2025,25.5,79.5,HAMIRPUR,UTTAR PRADESH,D710,HAMIRPUR,2.13
30-12-2025,25.5,79.5,HAMIRPUR,UTTAR PRADESH,D710,HAMIRPUR,1.97
31-12-2025,25.5,79.5,HAMIRPUR,UTTAR PRADESH,D710,HAMIRPUR,2.3
01-01-2025,25.5,78.5,JHANSI,UTTAR PRADESH,D716,GARAUTHA,2.52
02-01-2025,25.5,78.5,JHANSI,UTTAR PRADESH,D716,GARAUTHA,1.93
03-01-2025,25.5,78.5,JHANSI,UTTAR PRADESH,D716,GARAUTHA,2.3
04-01-2025,25.5,78.5,JHANSI,UTTAR PRADESH,D716,GARAUTHA,2.35
05-01-2025,25.5,78.5,JHANSI,UTTAR PRADESH,D716,GARAUTHA,2.3
06-01-2025,25.5,78.5,JHANSI,UTTAR PRADESH,D716,GARAUTHA,2.76
07-01-2025,25.5,78.5,JHANSI,UTTAR PRADESH,D716,GARAUTHA,2.91
08-01-2025,25.5,78.5,JHANSI,UTTAR PRADESH,D716,GARAUTHA,3.03
09-01-2025,25.5,78.5,JHANSI,UTTAR PRADESH,D716,GARAUTHA,2.88
10-01-2025,25.5,78.5,JHANSI,UTTAR PRADESH,D716,GARAUTHA,2.51
11-01-2025,25.5,78.5,JHANSI,UTTAR PRADESH,D716,GARAUTHA,2.09
12-01-2025,25.5,78.5,JHANSI,UTTAR PRADESH,D716,GARAUTHA,1.96
13-01-2025,25.5,78.5,JHANSI,UTTAR PRADESH,D716,GARAUTHA,2.41
14-01-2025,25.5,78.5,JHANSI,UTTAR PRADESH,D716,GARAUTHA,2.34
15-01-2025,25.5,78.5,JHANSI,UTTAR PRADESH,D716,GARAUTHA,2.37
16-01-2025,25.5,78.5,JHANSI,UTTAR PRADESH,D716,GARAUTHA,2.64
17-01-2025,25.5,78.5,JHANSI,UTTAR PRADESH,D716,GARAUTHA,3.02
18-01-2025,25.5,78.5,JHANSI,UTTAR PRADESH,D716,GARAUTHA,3.09
19-01-2025,25.5,78.5,JHANSI,UTTAR PRADESH,D716,GARAUTHA,2.6
20-01-2025,25.5,78.5,JHANSI,UTTAR PRADESH,D716,GARAUTHA,2.09
21-01-2025,25.5,78.5,JHANSI,UTTAR PRADESH,D716,GARAUTHA,2.17
22-01-2025,25.5,78.5,JHANSI,UTTAR PRADESH,D716,GARAUTHA,2.32
23-01-2025,25.5,78.5,JHANSI,UTTAR PRADESH,D716,GARAUTHA,2.41
24-01-2025,25.5,78.5,JHANSI,UTTAR PRADESH,D716,GARAUTHA,2.33
25-01-2025,25.5,78.5,JHANSI,UTTAR PRADESH,D716,GARAUTHA,2.29
26-01-2025,25.5,78.5,JHANSI,UTTAR PRADESH,D716,GARAUTHA,2.19
27-01-2025,25.5,78.5,JHANSI,UTTAR PRADESH,D716,GARAUTHA,2.06
28-01-2025,25.5,78.5,JHANSI,UTTAR PRADESH,D716,GARAUTHA,2.17
29-01-2025,25.5,78.5,JHANSI,UTTAR PRADESH,D716,GARAUTHA,2.46
30-01-2025,25.5,78.5,JHANSI,UTTAR PRADESH,D716,GARAUTHA,2.56
31-01-2025,25.5,78.5,JHANSI,UTTAR PRADESH,D716,GARAUTHA,2.46
01-02-2025,25.5,78.5,JHANSI,UTTAR PRADESH,D716,GARAUTHA,2.22
02-02-2025,25.5,78.5,JHANSI,UTTAR PRADESH,D716,GARAUTHA,2.15
03-02-2025,25.5,78.5,JHANSI,UTTAR PRADESH,D716,GARAUTHA,1.98
04-02-2025,25.5,78.5,JHANSI,UTTAR PRADESH,D716,GARAUTHA,2.16
05-02-2025,25.5,78.5,JHANSI,UTTAR PRADESH,D716,GARAUTHA,2.27
06-02-2025,25.5,78.5,JHANSI,UTTAR PRADESH,D716,GARAUTHA,2.24
07-02-2025,25.5,78.5,JHANSI,UTTAR PRADESH,D716,GARAUTHA,2.34
08-02-2025,25.5,78.5,JHANSI,UTTAR PRADESH,D716,GARAUTHA,2.07
09-02-2025,25.5,78.5,JHANSI,UTTAR PRADESH,D716,GARAUTHA,2.32
10-02-2025,25.5,78.5,JHANSI,UTTAR PRADESH,D716,GARAUTHA,2.39
11-02-2025,25.5,78.5,JHANSI,UTTAR PRADESH,D716,GARAUTHA,2.28
12-02-2025,25.5,78.5,JHANSI,UTTAR PRADESH,D716,GARAUTHA,2.34
13-02-2025,25.5,78.5,JHANSI,UTTAR PRADESH,D716,GARAUTHA,2.25
14-02-2025,25.5,78.5,JHANSI,UTTAR PRADESH,D716,GARAUTHA,2.43
15-02-2025,25.5,78.5,JHANSI,UTTAR PRADESH,D716,GARAUTHA,2.38
16-02-2025,25.5,78.5,JHANSI,UTTAR PRADESH,D716,GARAUTHA,1.9
17-02-2025,25.5,78.5,JHANSI,UTTAR PRADESH,D716,GARAUTHA,2.16
18-02-2025,25.5,78.5,JHANSI,UTTAR PRADESH,D716,GARAUTHA,2.35
19-02-2025,25.5,78.5,JHANSI,UTTAR PRADESH,D716,GARAUTHA,2.2
20-02-2025,25.5,78.5,JHANSI,UTTAR PRADESH,D716,GARAUTHA,2.6
21-02-2025,25.5,78.5,JHANSI,UTTAR PRADESH,D716,GARAUTHA,2.37
22-02-2025,25.5,78.5,JHANSI,UTTAR PRADESH,D716,GARAUTHA,2.1
23-02-2025,25.5,78.5,JHANSI,UTTAR PRADESH,D716,GARAUTHA,2.33
24-02-2025,25.5,78.5,JHANSI,UTTAR PRADESH,D716,GARAUTHA,2.39
25-02-2025,25.5,78.5,JHANSI,UTTAR PRADESH,D716,GARAUTHA,2.41
26-02-2025,25.5,78.5,JHANSI,UTTAR PRADESH,D716,GARAUTHA,2.02
27-02-2025,25.5,78.5,JHANSI,UTTAR PRADESH,D716,GARAUTHA,2.04
28-02-2025,25.5,78.5,JHANSI,UTTAR PRADESH,D716,GARAUTHA,2.27
29-02-2025,25.5,78.5,JHANSI,UTTAR PRADESH,D716,GARAUTHA,2.07
01-03-2025,25.5,78.5,JHANSI,UTTAR PRADESH,D716,GARAUTHA,2.33
02-03-2025,25.5,78.5,JHANSI,UTTAR PRADESH,D716,GARAUTHA,2.2
03-03-2025,25.5,78.5,JHANSI,UTTAR PRADESH,D716,GARAUTHA,2.01
04-03-2025,25.5,78.5,JHANSI,UTTAR PRADESH,D716,GARAUTHA,2.19
05-03-2025,25.5,78.5,JHANSI,UTTAR PRADESH,D716,GARAUTHA,2.31
06-03-2025,25.5,78.5,JHANSI,UTTAR PRADESH,D716,GARAUTHA,2.26
07-03-2025,25.5,78.5,JHANSI,UTTAR PRADESH,D716,GARAUTHA,2
08-03-2025,25.5,78.5,JHANSI,UTTAR PRADESH,D716,GARAUTHA,1.98
09-03-2025,25.5,78.5,JHANSI,UTTAR PRADESH,D716,GARAUTHA,2
10-03-2025,25.5,78.5,JHANSI,UTTAR PRADESH,D716,GARAUTHA,1.78
11-03-2025,25.5,78.5,JHANSI,UTTAR PRADESH,D716,GARAUTHA,1.75
12-03-2025,25.5,78.5,JHANSI,UTTAR PRADESH,D716,GARAUTHA,2
13-03-2025,25.5,78.5,JHANSI,UTTAR PRADESH,D716,GARAUTHA,2.07
14-03-2025,25.5,78.5,JHANSI,UTTAR PRADESH,D716,GARAUTHA,2.15
15-03-2025,25.5,78.5,JHANSI,UTTAR PRADESH,D716,GARAUTHA,2.35
16-03-2025,25.5,78.5,JHANSI,UTTAR PRADESH,D716,GARAUTHA,2.24
17-03-2025,25.5,78.5,JHANSI,UTTAR PRADESH,D716,GARAUTHA,1.6
18-03-2025,25.5,78.5,JHANSI,UTTAR PRADESH,D716,GARAUTHA,1.77
19-03-2025,25.5,78.5,JHANSI,UTTAR PRADESH,D716,GARAUTHA,1.86
20-03-2025,25.5,78.5,JHANSI,UTTAR PRADESH,D716,GARAUTHA,2.12
21-03-2025,25.5,78.5,JHANSI,UTTAR PRADESH,D716,GARAUTHA,1.8
22-03-2025,25.5,78.5,JHANSI,UTTAR PRADESH,D716,GARAUTHA,1.82
23-03-2025,25.5,78.5,JHANSI,UTTAR PRADESH,D716,GARAUTHA,1.86
24-03-2025,25.5,78.5,JHANSI,UTTAR PRADESH,D716,GARAUTHA,1.9
25-03-2025,25.5,78.5,JHANSI,UTTAR PRADESH,D716,GARAUTHA,2.08
26-03-2025,25.5,78.5,JHANSI,UTTAR PRADESH,D716,GARAUTHA,1.94
27-03-2025,25.5,78.5,JHANSI,UTTAR PRADESH,D716,GARAUTHA,1.81
28-03-2025,25.5,78.5,JHANSI,UTTAR PRADESH,D716,GARAUTHA,1.54
29-03-2025,25.5,78.5,JHANSI,UTTAR PRADESH,D716,GARAUTHA,1.69
30-03-2025,25.5,78.5,JHANSI,UTTAR PRADESH,D716,GARAUTHA,1.76
31-03-2025,25.5,78.5,JHANSI,UTTAR PRADESH,D716,GARAUTHA,1.87
01-04-2025,25.5,78.5,JHANSI,UTTAR PRADESH,D716,GARAUTHA,2.01
02-04-2025,25.5,78.5,JHANSI,UTTAR PRADESH,D716,GARAUTHA,2
03-04-2025,25.5,78.5,JHANSI,UTTAR PRADESH,D716,GARAUTHA,2.08
04-04-2025,25.5,78.5,JHANSI,UTTAR PRADESH,D716,GARAUTHA,2.18
05-04-2025,25.5,78.5,JHANSI,UTTAR PRADESH,D716,GARAUTHA,2.05
06-04-2025,25.5,78.5,JHANSI,UTTAR PRADESH,D716,GARAUTHA,2.09
07-04-2025,25.5,78.5,JHANSI,UTTAR PRADESH,D716,GARAUTHA,1.87
08-04-2025,25.5,78.5,JHANSI,UTTAR PRADESH,D716,GARAUTHA,1.53
09-04-2025,25.5,78.5,JHANSI,UTTAR PRADESH,D716,GARAUTHA,1.7
10-04-2025,25.5,78.5,JHANSI,UTTAR PRADESH,D716,GARAUTHA,2.3
11-04-2025,25.5,78.5,JHANSI,UTTAR PRADESH,D716,GARAUTHA,2.2
12-04-2025,25.5,78.5,JHANSI,UTTAR PRADESH,D716,GARAUTHA,1.84
13-04-2025,25.5,78.5,JHANSI,UTTAR PRADESH,D716,GARAUTHA,1.96
14-04-2025,25.5,78.5,JHANSI,UTTAR PRADESH,D716,GARAUTHA,1.62
15-04-2025,25.5,78.5,JHANSI,UTTAR PRADESH,D716,GARAUTHA,1.82
16-04-2025,25.5,78.5,JHANSI,UTTAR PRADESH,D716,GARAUTHA,1.78
17-04-2025,25.5,78.5,JHANSI,UTTAR PRADESH,D716,GARAUTHA,2.08
18-04-2025,25.5,78.5,JHANSI,UTTAR PRADESH,D716,GARAUTHA,2.26
19-04-2025,25.5,78.5,JHANSI,UTTAR PRADESH,D716,GARAUTHA,2.13
20-04-2025,25.5,78.5,JHANSI,UTTAR PRADESH,D716,GARAUTHA,2.18
21-04-2025,25.5,78.5,JHANSI,UTTAR PRADESH,D716,GARAUTHA,2.18
22-04-2025,25.5,78.5,JHANSI,UTTAR PRADESH,D716,GARAUTHA,1.99
23-04-2025,25.5,78.5,JHANSI,UTTAR PRADESH,D716,GARAUTHA,1.59
24-04-2025,25.5,78.5,JHANSI,UTTAR PRADESH,D716,GARAUTHA,1.56
25-04-2025,25.5,78.5,JHANSI,UTTAR PRADESH,D716,GARAUTHA,1.8
26-04-2025,25.5,78.5,JHANSI,UTTAR PRADESH,D716,GARAUTHA,1.46
27-04-2025,25.5,78.5,JHANSI,UTTAR PRADESH,D716,GARAUTHA,1.66
28-04-2025,25.5,78.5,JHANSI,UTTAR PRADESH,D716,GARAUTHA,1.42
29-04-2025,25.5,78.5,JHANSI,UTTAR PRADESH,D716,GARAUTHA,1.38
30-04-2025,25.5,78.5,JHANSI,UTTAR PRADESH,D716,GARAUTHA,1.5
01-05-2025,25.5,78.5,JHANSI,UTTAR PRADESH,D716,GARAUTHA,2.05
02-05-2025,25.5,78.5,JHANSI,UTTAR PRADESH,D716,GARAUTHA,2.27
03-05-2025,25.5,78.5,JHANSI,UTTAR PRADESH,D716,GARAUTHA,2.31
04-05-2025,25.5,78.5,JHANSI,UTTAR PRADESH,D716,GARAUTHA,2.03
05-05-2025,25.5,78.5,JHANSI,UTTAR PRADESH,D716,GARAUTHA,1.97
06-05-2025,25.5,78.5,JHANSI,UTTAR PRADESH,D716,GARAUTHA,1.8
07-05-2025,25.5,78.5,JHANSI,UTTAR PRADESH,D716,GARAUTHA,1.82
08-05-2025,25.5,78.5,JHANSI,UTTAR PRADESH,D716,GARAUTHA,1.65
09-05-2025,25.5,78.5,JHANSI,UTTAR PRADESH,D716,GARAUTHA,1.63
10-05-2025,25.5,78.5,JHANSI,UTTAR PRADESH,D716,GARAUTHA,2.16
11-05-2025,25.5,78.5,JHANSI,UTTAR PRADESH,D716,GARAUTHA,2.39
12-05-2025,25.5,78.5,JHANSI,UTTAR PRADESH,D716,GARAUTHA,1.84
13-05-2025,25.5,78.5,JHANSI,UTTAR PRADESH,D716,GARAUTHA,1.82
14-05-2025,25.5,78.5,JHANSI,UTTAR PRADESH,D716,GARAUTHA,1.88
15-05-2025,25.5,78.5,JHANSI,UTTAR PRADESH,D716,GARAUTHA,1.78
16-05-2025,25.5,78.5,JHANSI,UTTAR PRADESH,D716,GARAUTHA,1.59
17-05-2025,25.5,78.5,JHANSI,UTTAR PRADESH,D716,GARAUTHA,1.73
18-05-2025,25.5,78.5,JHANSI,UTTAR PRADESH,D716,GARAUTHA,1.88
19-05-2025,25.5,78.5,JHANSI,UTTAR PRADESH,D716,GARAUTHA,2.12
20-05-2025,25.5,78.5,JHANSI,UTTAR PRADESH,D716,GARAUTHA,2.19
21-05-2025,25.5,78.5,JHANSI,UTTAR PRADESH,D716,GARAUTHA,2.17
22-05-2025,25.5,78.5,JHANSI,UTTAR PRADESH,D716,GARAUTHA,2.09
23-05-2025,25.5,78.5,JHANSI,UTTAR PRADESH,D716,GARAUTHA,1.8
24-05-2025,25.5,78.5,JHANSI,UTTAR PRADESH,D716,GARAUTHA,2.2
25-05-2025,25.5,78.5,JHANSI,UTTAR PRADESH,D716,GARAUTHA,1.95
26-05-2025,25.5,78.5,JHANSI,UTTAR PRADESH,D716,GARAUTHA,2.41
27-05-2025,25.5,78.5,JHANSI,UTTAR PRADESH,D716,GARAUTHA,1.89
28-05-2025,25.5,78.5,JHANSI,UTTAR PRADESH,D716,GARAUTHA,1.94
29-05-2025,25.5,78.5,JHANSI,UTTAR PRADESH,D716,GARAUTHA,1.93
30-05-2025,25.5,78.5,JHANSI,UTTAR PRADESH,D716,GARAUTHA,2.17
31-05-2025,25.5,78.5,JHANSI,UTTAR PRADESH,D716,GARAUTHA,2.12
01-06-2025,25.5,78.5,JHANSI,UTTAR PRADESH,D716,GARAUTHA,2.16
02-06-2025,25.5,78.5,JHANSI,UTTAR PRADESH,D716,GARAUTHA,1.97
03-06-2025,25.5,78.5,JHANSI,UTTAR PRADESH,D716,GARAUTHA,1.9
04-06-2025,25.5,78.5,JHANSI,UTTAR PRADESH,D716,GARAUTHA,2.11
05-06-2025,25.5,78.5,JHANSI,UTTAR PRADESH,D716,GARAUTHA,2.38
06-06-2025,25.5,78.5,JHANSI,UTTAR PRADESH,D716,GARAUTHA,1.89
07-06-2025,25.5,78.5,JHANSI,UTTAR PRADESH,D716,GARAUTHA,1.82
08-06-2025,25.5,78.5,JHANSI,UTTAR PRADESH,D716,GARAUTHA,1.97
09-06-2025,25.5,78.5,JHANSI,UTTAR PRADESH,D716,GARAUTHA,1.92
10-06-2025,25.5,78.5,JHANSI,UTTAR PRADESH,D716,GARAUTHA,2.13
11-06-2025,25.5,78.5,JHANSI,UTTAR PRADESH,D716,GARAUTHA,2.03
12-06-2025,25.5,78.5,JHANSI,UTTAR PRADESH,D716,GARAUTHA,1.96
13-06-2025,25.5,78.5,JHANSI,UTTAR PRADESH,D716,GARAUTHA,1.84
14-06-2025,25.5,78.5,JHANSI,UTTAR PRADESH,D716,GARAUTHA,1.6
15-06-2025,25.5,78.5,JHANSI,UTTAR PRADESH,D716,GARAUTHA,1.93
16-06-2025,25.5,78.5,JHANSI,UTTAR PRADESH,D716,GARAUTHA,1.92
17-06-2025,25.5,78.5,JHANSI,UTTAR PRADESH,D716,GARAUTHA,1.78
18-06-2025,25.5,78.5,JHANSI,UTTAR PRADESH,D716,GARAUTHA,1.52
19-06-2025,25.5,78.5,JHANSI,UTTAR PRADESH,D716,GARAUTHA,1.53
20-06-2025,25.5,78.5,JHANSI,UTTAR PRADESH,D716,GARAUTHA,1.73
21-06-2025,25.5,78.5,JHANSI,UTTAR PRADESH,D716,GARAUTHA,1.83
22-06-2025,25.5,78.5,JHANSI,UTTAR PRADESH,D716,GARAUTHA,1.94
23-06-2025,25.5,78.5,JHANSI,UTTAR PRADESH,D716,GARAUTHA,1.95
24-06-2025,25.5,78.5,JHANSI,UTTAR PRADESH,D716,GARAUTHA,1.64
25-06-2025,25.5,78.5,JHANSI,UTTAR PRADESH,D716,GARAUTHA,1.55
26-06-2025,25.5,78.5,JHANSI,UTTAR PRADESH,D716,GARAUTHA,1.46
27-06-2025,25.5,78.5,JHANSI,UTTAR PRADESH,D716,GARAUTHA,1.6
28-06-2025,25.5,78.5,JHANSI,UTTAR PRADESH,D716,GARAUTHA,1.49
29-06-2025,25.5,78.5,JHANSI,UTTAR PRADESH,D716,GARAUTHA,1.49
30-06-2025,25.5,78.5,JHANSI,UTTAR PRADESH,D716,GARAUTHA,1.6
01-07-2025,25.5,78.5,JHANSI,UTTAR PRADESH,D716,GARAUTHA,1.53
02-07-2025,25.5,78.5,JHANSI,UTTAR PRADESH,D716,GARAUTHA,1.42
03-07-2025,25.5,78.5,JHANSI,UTTAR PRADESH,D716,GARAUTHA,1.43
04-07-2025,25.5,78.5,JHANSI,UTTAR PRADESH,D716,GARAUTHA,1.17
05-07-2025,25.5,78.5,JHANSI,UTTAR PRADESH,D716,GARAUTHA,1.22
06-07-2025,25.5,78.5,JHANSI,UTTAR PRADESH,D716,GARAUTHA,1.19
07-07-2025,25.5,78.5,JHANSI,UTTAR PRADESH,D716,GARAUTHA,1.41
08-07-2025,25.5,78.5,JHANSI,UTTAR PRADESH,D716,GARAUTHA,1.34
09-07-2025,25.5,78.5,JHANSI,UTTAR PRADESH,D716,GARAUTHA,1.17
10-07-2025,25.5,78.5,JHANSI,UTTAR PRADESH,D716,GARAUTHA,1.16
11-07-2025,25.5,78.5,JHANSI,UTTAR PRADESH,D716,GARAUTHA,1.29
12-07-2025,25.5,78.5,JHANSI,UTTAR PRADESH,D716,GARAUTHA,1.18
13-07-2025,25.5,78.5,JHANSI,UTTAR PRADESH,D716,GARAUTHA,1.2
14-07-2025,25.5,78.5,JHANSI,UTTAR PRADESH,D716,GARAUTHA,1.14
15-07-2025,25.5,78.5,JHANSI,UTTAR PRADESH,D716,GARAUTHA,1.16
16-07-2025,25.5,78.5,JHANSI,UTTAR PRADESH,D716,GARAUTHA,1.19
17-07-2025,25.5,78.5,JHANSI,UTTAR PRADESH,D716,GARAUTHA,1.23
18-07-2025,25.5,78.5,JHANSI,UTTAR PRADESH,D716,GARAUTHA,1.3
19-07-2025,25.5,78.5,JHANSI,UTTAR PRADESH,D716,GARAUTHA,1.24
20-07-2025,25.5,78.5,JHANSI,UTTAR PRADESH,D716,GARAUTHA,0.95
21-07-2025,25.5,78.5,JHANSI,UTTAR PRADESH,D716,GARAUTHA,1.14
22-07-2025,25.5,78.5,JHANSI,UTTAR PRADESH,D716,GARAUTHA,1.07
23-07-2025,25.5,78.5,JHANSI,UTTAR PRADESH,D716,GARAUTHA,1.13
24-07-2025,25.5,78.5,JHANSI,UTTAR PRADESH,D716,GARAUTHA,1.25
25-07-2025,25.5,78.5,JHANSI,UTTAR PRADESH,D716,GARAUTHA,0.93
26-07-2025,25.5,78.5,JHANSI,UTTAR PRADESH,D716,GARAUTHA,1.09
27-07-2025,25.5,78.5,JHANSI,UTTAR PRADESH,D716,GARAUTHA,1.05
28-07-2025,25.5,78.5,JHANSI,UTTAR PRADESH,D716,GARAUTHA,1.16
29-07-2025,25.5,78.5,JHANSI,UTTAR PRADESH,D716,GARAUTHA,1.08
30-07-2025,25.5,78.5,JHANSI,UTTAR PRADESH,D716,GARAUTHA,1.07
31-07-2025,25.5,78.5,JHANSI,UTTAR PRADESH,D716,GARAUTHA,1.08
01-08-2025,25.5,78.5,JHANSI,UTTAR PRADESH,D716,GARAUTHA,0.92
02-08-2025,25.5,78.5,JHANSI,UTTAR PRADESH,D716,GARAUTHA,0.9
03-08-2025,25.5,78.5,JHANSI,UTTAR PRADESH,D716,GARAUTHA,0.78
04-08-2025,25.5,78.5,JHANSI,UTTAR PRADESH,D716,GARAUTHA,0.73
05-08-2025,25.5,78.5,JHANSI,UTTAR PRADESH,D716,GARAUTHA,0.68
06-08-2025,25.5,78.5,JHANSI,UTTAR PRADESH,D716,GARAUTHA,0.72
07-08-2025,25.5,78.5,JHANSI,UTTAR PRADESH,D716,GARAUTHA,0.9
08-08-2025,25.5,78.5,JHANSI,UTTAR PRADESH,D716,GARAUTHA,1.02
09-08-2025,25.5,78.5,JHANSI,UTTAR PRADESH,D716,GARAUTHA,0.93
10-08-2025,25.5,78.5,JHANSI,UTTAR PRADESH,D716,GARAUTHA,0.91
11-08-2025,25.5,78.5,JHANSI,UTTAR PRADESH,D716,GARAUTHA,0.92
12-08-2025,25.5,78.5,JHANSI,UTTAR PRADESH,D716,GARAUTHA,0.74
13-08-2025,25.5,78.5,JHANSI,UTTAR PRADESH,D716,GARAUTHA,0.83
14-08-2025,25.5,78.5,JHANSI,UTTAR PRADESH,D716,GARAUTHA,0.71
15-08-2025,25.5,78.5,JHANSI,UTTAR PRADESH,D716,GARAUTHA,0.72
16-08-2025,25.5,78.5,JHANSI,UTTAR PRADESH,D716,GARAUTHA,0.82
17-08-2025,25.5,78.5,JHANSI,UTTAR PRADESH,D716,GARAUTHA,0.93
18-08-2025,25.5,78.5,JHANSI,UTTAR PRADESH,D716,GARAUTHA,0.9
19-08-2025,25.5,78.5,JHANSI,UTTAR PRADESH,D716,GARAUTHA,0.83
20-08-2025,25.5,78.5,JHANSI,UTTAR PRADESH,D716,GARAUTHA,0.86
21-08-2025,25.5,78.5,JHANSI,UTTAR PRADESH,D716,GARAUTHA,1.02
22-08-2025,25.5,78.5,JHANSI,UTTAR PRADESH,D716,GARAUTHA,1.05
23-08-2025,25.5,78.5,JHANSI,UTTAR PRADESH,D716,GARAUTHA,0.94
24-08-2025,25.5,78.5,JHANSI,UTTAR PRADESH,D716,GARAUTHA,0.71
25-08-2025,25.5,78.5,JHANSI,UTTAR PRADESH,D716,GARAUTHA,0.84
26-08-2025,25.5,78.5,JHANSI,UTTAR PRADESH,D716,GARAUTHA,0.86
27-08-2025,25.5,78.5,JHANSI,UTTAR PRADESH,D716,GARAUTHA,0.85
28-08-2025,25.5,78.5,JHANSI,UTTAR PRADESH,D716,GARAUTHA,0.93
29-08-2025,25.5,78.5,JHANSI,UTTAR PRADESH,D716,GARAUTHA,0.7
30-08-2025,25.5,78.5,JHANSI,UTTAR PRADESH,D716,GARAUTHA,0.77
31-08-2025,25.5,78.5,JHANSI,UTTAR PRADESH,D716,GARAUTHA,0.74
01-09-2025,25.5,78.5,JHANSI,UTTAR PRADESH,D716,GARAUTHA,0.91
02-09-2025,25.5,78.5,JHANSI,UTTAR PRADESH,D716,GARAUTHA,0.97
03-09-2025,25.5,78.5,JHANSI,UTTAR PRADESH,D716,GARAUTHA,0.79
04-09-2025,25.5,78.5,JHANSI,UTTAR PRADESH,D716,GARAUTHA,0.79
05-09-2025,25.5,78.5,JHANSI,UTTAR PRADESH,D716,GARAUTHA,0.9
06-09-2025,25.5,78.5,JHANSI,UTTAR PRADESH,D716,GARAUTHA,0.84
07-09-2025,25.5,78.5,JHANSI,UTTAR PRADESH,D716,GARAUTHA,0.93
08-09-2025,25.5,78.5,JHANSI,UTTAR PRADESH,D716,GARAUTHA,1.05
09-09-2025,25.5,78.5,JHANSI,UTTAR PRADESH,D716,GARAUTHA,1.11
10-09-2025,25.5,78.5,JHANSI,UTTAR PRADESH,D716,GARAUTHA,0.98
11-09-2025,25.5,78.5,JHANSI,UTTAR PRADESH,D716,GARAUTHA,0.95
12-09-2025,25.5,78.5,JHANSI,UTTAR PRADESH,D716,GARAUTHA,0.98
13-09-2025,25.5,78.5,JHANSI,UTTAR PRADESH,D716,GARAUTHA,0.88
14-09-2025,25.5,78.5,JHANSI,UTTAR PRADESH,D716,GARAUTHA,0.97
15-09-2025,25.5,78.5,JHANSI,UTTAR PRADESH,D716,GARAUTHA,1.13
16-09-2025,25.5,78.5,JHANSI,UTTAR PRADESH,D716,GARAUTHA,0.99
17-09-2025,25.5,78.5,JHANSI,UTTAR PRADESH,D716,GARAUTHA,0.99
18-09-2025,25.5,78.5,JHANSI,UTTAR PRADESH,D716,GARAUTHA,1.1
19-09-2025,25.5,78.5,JHANSI,UTTAR PRADESH,D716,GARAUTHA,1.17
20-09-2025,25.5,78.5,JHANSI,UTTAR PRADESH,D716,GARAUTHA,1.1
21-09-2025,25.5,78.5,JHANSI,UTTAR PRADESH,D716,GARAUTHA,1.16
22-09-2025,25.5,78.5,JHANSI,UTTAR PRADESH,D716,GARAUTHA,1.1
23-09-2025,25.5,78.5,JHANSI,UTTAR PRADESH,D716,GARAUTHA,0.86
24-09-2025,25.5,78.5,JHANSI,UTTAR PRADESH,D716,GARAUTHA,0.94
25-09-2025,25.5,78.5,JHANSI,UTTAR PRADESH,D716,GARAUTHA,1.11
26-09-2025,25.5,78.5,JHANSI,UTTAR PRADESH,D716,GARAUTHA,1.02
27-09-2025,25.5,78.5,JHANSI,UTTAR PRADESH,D716,GARAUTHA,1.11
28-09-2025,25.5,78.5,JHANSI,UTTAR PRADESH,D716,GARAUTHA,1.17
29-09-2025,25.5,78.5,JHANSI,UTTAR PRADESH,D716,GARAUTHA,1.3
30-09-2025,25.5,78.5,JHANSI,UTTAR PRADESH,D716,GARAUTHA,1.39
01-10-2025,25.5,78.5,JHANSI,UTTAR PRADESH,D716,GARAUTHA,1.28
02-10-2025,25.5,78.5,JHANSI,UTTAR PRADESH,D716,GARAUTHA,1.43
03-10-2025,25.5,78.5,JHANSI,UTTAR PRADESH,D716,GARAUTHA,1.46
04-10-2025,25.5,78.5,JHANSI,UTTAR PRADESH,D716,GARAUTHA,1.58
05-10-2025,25.5,78.5,JHANSI,UTTAR PRADESH,D716,GARAUTHA,1.42
06-10-2025,25.5,78.5,JHANSI,UTTAR PRADESH,D716,GARAUTHA,1.48
07-10-2025,25.5,78.5,JHANSI,UTTAR PRADESH,D716,GARAUTHA,1.33
08-10-2025,25.5,78.5,JHANSI,UTTAR PRADESH,D716,GARAUTHA,1.36
09-10-2025,25.5,78.5,JHANSI,UTTAR PRADESH,D716,GARAUTHA,1.49
10-10-2025,25.5,78.5,JHANSI,UTTAR PRADESH,D716,GARAUTHA,1.4
11-10-2025,25.5,78.5,JHANSI,UTTAR PRADESH,D716,GARAUTHA,1.3
12-10-2025,25.5,78.5,JHANSI,UTTAR PRADESH,D716,GARAUTHA,1.53
13-10-2025,25.5,78.5,JHANSI,UTTAR PRADESH,D716,GARAUTHA,1.51
14-10-2025,25.5,78.5,JHANSI,UTTAR PRADESH,D716,GARAUTHA,1.78
15-10-2025,25.5,78.5,JHANSI,UTTAR PRADESH,D716,GARAUTHA,1.72
16-10-2025,25.5,78.5,JHANSI,UTTAR PRADESH,D716,GARAUTHA,1.61
17-10-2025,25.5,78.5,JHANSI,UTTAR PRADESH,D716,GARAUTHA,1.93
18-10-2025,25.5,78.5,JHANSI,UTTAR PRADESH,D716,GARAUTHA,1.68
19-10-2025,25.5,78.5,JHANSI,UTTAR PRADESH,D716,GARAUTHA,1.6
20-10-2025,25.5,78.5,JHANSI,UTTAR PRADESH,D716,GARAUTHA,1.6
21-10-2025,25.5,78.5,JHANSI,UTTAR PRADESH,D716,GARAUTHA,1.55
22-10-2025,25.5,78.5,JHANSI,UTTAR PRADESH,D716,GARAUTHA,1.43
23-10-2025,25.5,78.5,JHANSI,UTTAR PRADESH,D716,GARAUTHA,1.49
24-10-2025,25.5,78.5,JHANSI,UTTAR PRADESH,D716,GARAUTHA,1.54
25-10-2025,25.5,78.5,JHANSI,UTTAR PRADESH,D716,GARAUTHA,1.58
26-10-2025,25.5,78.5,JHANSI,UTTAR PRADESH,D716,GARAUTHA,1.43
27-10-2025,25.5,78.5,JHANSI,UTTAR PRADESH,D716,GARAUTHA,1.36
28-10-2025,25.5,78.5,JHANSI,UTTAR PRADESH,D716,GARAUTHA,1.43
29-10-2025,25.5,78.5,JHANSI,UTTAR PRADESH,D716,GARAUTHA,1.51
30-10-2025,25.5,78.5,JHANSI,UTTAR PRADESH,D716,GARAUTHA,1.93
31-10-2025,25.5,78.5,JHANSI,UTTAR PRADESH,D716,GARAUTHA,1.76
01-11-2025,25.5,78.5,JHANSI,UTTAR PRADESH,D716,GARAUTHA,1.82
02-11-2025,25.5,78.5,JHANSI,UTTAR PRADESH,D716,GARAUTHA,1.68
03-11-2025,25.5,78.5,JHANSI,UTTAR PRADESH,D716,GARAUTHA,1.74
04-11-2025,25.5,78.5,JHANSI,UTTAR PRADESH,D716,GARAUTHA,1.87
05-11-2025,25.5,78.5,JHANSI,UTTAR PRADESH,D716,GARAUTHA,1.82
06-11-2025,25.5,78.5,JHANSI,UTTAR PRADESH,D716,GARAUTHA,1.88
07-11-2025,25.5,78.5,JHANSI,UTTAR PRADESH,D716,GARAUTHA,1.94
08-11-2025,25.5,78.5,JHANSI,UTTAR PRADESH,D716,GARAUTHA,2.14
09-11-2025,25.5,78.5,JHANSI,UTTAR PRADESH,D716,GARAUTHA,2.38
10-11-2025,25.5,78.5,JHANSI,UTTAR PRADESH,D716,GARAUTHA,2.25
11-11-2025,25.5,78.5,JHANSI,UTTAR PRADESH,D716,GARAUTHA,2.15
12-11-2025,25.5,78.5,JHANSI,UTTAR PRADESH,D716,GARAUTHA,2.05
13-11-2025,25.5,78.5,JHANSI,UTTAR PRADESH,D716,GARAUTHA,1.84
14-11-2025,25.5,78.5,JHANSI,UTTAR PRADESH,D716,GARAUTHA,2.06
15-11-2025,25.5,78.5,JHANSI,UTTAR PRADESH,D716,GARAUTHA,2.11
16-11-2025,25.5,78.5,JHANSI,UTTAR PRADESH,D716,GARAUTHA,2.16
17-11-2025,25.5,78.5,JHANSI,UTTAR PRADESH,D716,GARAUTHA,2.23
18-11-2025,25.5,78.5,JHANSI,UTTAR PRADESH,D716,GARAUTHA,2.25
19-11-2025,25.5,78.5,JHANSI,UTTAR PRADESH,D716,GARAUTHA,2.12
20-11-2025,25.5,78.5,JHANSI,UTTAR PRADESH,D716,GARAUTHA,1.87
21-11-2025,25.5,78.5,JHANSI,UTTAR PRADESH,D716,GARAUTHA,1.49
22-11-2025,25.5,78.5,JHANSI,UTTAR PRADESH,D716,GARAUTHA,1.76
23-11-2025,25.5,78.5,JHANSI,UTTAR PRADESH,D716,GARAUTHA,1.67
24-11-2025,25.5,78.5,JHANSI,UTTAR PRADESH,D716,GARAUTHA,1.7
25-11-2025,25.5,78.5,JHANSI,UTTAR PRADESH,D716,GARAUTHA,1.77
26-11-2025,25.5,78.5,JHANSI,UTTAR PRADESH,D716,GARAUTHA,1.85
27-11-2025,25.5,78.5,JHANSI,UTTAR PRADESH,D716,GARAUTHA,1.82
28-11-2025,25.5,78.5,JHANSI,UTTAR PRADESH,D716,GARAUTHA,1.54
29-11-2025,25.5,78.5,JHANSI,UTTAR PRADESH,D716,GARAUTHA,1.4
30-11-2025,25.5,78.5,JHANSI,UTTAR PRADESH,D716,GARAUTHA,1.89
01-12-2025,25.5,78.5,JHANSI,UTTAR PRADESH,D716,GARAUTHA,2.13
02-12-2025,25.5,78.5,JHANSI,UTTAR PRADESH,D716,GARAUTHA,2.12
03-12-2025,25.5,78.5,JHANSI,UTTAR PRADESH,D716,GARAUTHA,1.97
04-12-2025,25.5,78.5,JHANSI,UTTAR PRADESH,D716,GARAUTHA,1.89
05-12-2025,25.5,78.5,JHANSI,UTTAR PRADESH,D716,GARAUTHA,1.96
06-12-2025,25.5,78.5,JHANSI,UTTAR PRADESH,D716,GARAUTHA,2.19
07-12-2025,25.5,78.5,JHANSI,UTTAR PRADESH,D716,GARAUTHA,2.14
08-12-2025,25.5,78.5,JHANSI,UTTAR PRADESH,D716,GARAUTHA,2.1
09-12-2025,25.5,78.5,JHANSI,UTTAR PRADESH,D716,GARAUTHA,2.21
10-12-2025,25.5,78.5,JHANSI,UTTAR PRADESH,D716,GARAUTHA,2.22
11-12-2025,25.5,78.5,JHANSI,UTTAR PRADESH,D716,GARAUTHA,2.28
12-12-2025,25.5,78.5,JHANSI,UTTAR PRADESH,D716,GARAUTHA,2.39
13-12-2025,25.5,78.5,JHANSI,UTTAR PRADESH,D716,GARAUTHA,2.46
14-12-2025,25.5,78.5,JHANSI,UTTAR PRADESH,D716,GARAUTHA,2.2
15-12-2025,25.5,78.5,JHANSI,UTTAR PRADESH,D716,GARAUTHA,2.16
16-12-2025,25.5,78.5,JHANSI,UTTAR PRADESH,D716,GARAUTHA,2.09
17-12-2025,25.5,78.5,JHANSI,UTTAR PRADESH,D716,GARAUTHA,1.99
18-12-2025,25.5,78.5,JHANSI,UTTAR PRADESH,D716,GARAUTHA,2.06
19-12-2025,25.5,78.5,JHANSI,UTTAR PRADESH,D716,GARAUTHA,2.34
20-12-2025,25.5,78.5,JHANSI,UTTAR PRADESH,D716,GARAUTHA,2.1
21-12-2025,25.5,78.5,JHANSI,UTTAR PRADESH,D716,GARAUTHA,2.15
22-12-2025,25.5,78.5,JHANSI,UTTAR PRADESH,D716,GARAUTHA,2.12
23-12-2025,25.5,78.5,JHANSI,UTTAR PRADESH,D716,GARAUTHA,1.79
24-12-2025,25.5,78.5,JHANSI,UTTAR PRADESH,D716,GARAUTHA,1.95
25-12-2025,25.5,78.5,JHANSI,UTTAR PRADESH,D716,GARAUTHA,1.84
26-12-2025,25.5,78.5,JHANSI,UTTAR PRADESH,D716,GARAUTHA,1.8
27-12-2025,25.5,78.5,JHANSI,UTTAR PRADESH,D716,GARAUTHA,2.17
28-12-2025,25.5,78.5,JHANSI,UTTAR PRADESH,D716,GARAUTHA,2.38
29-12-2025,25.5,78.5,JHANSI,UTTAR PRADESH,D716,GARAUTHA,2.24
30-12-2025,25.5,78.5,JHANSI,UTTAR PRADESH,D716,GARAUTHA,2
31-12-2025,25.5,78.5,JHANSI,UTTAR PRADESH,D716,GARAUTHA,2.39
01-01-2025,25.5,81.5,KAUSHAMBI,UTTAR PRADESH,D721,CHAIL,2.5
02-01-2025,25.5,81.5,KAUSHAMBI,UTTAR PRADESH,D721,CHAIL,2.34
03-01-2025,25.5,81.5,KAUSHAMBI,UTTAR PRADESH,D721,CHAIL,2.67
04-01-2025,25.5,81.5,KAUSHAMBI,UTTAR PRADESH,D721,CHAIL,2.77
05-01-2025,25.5,81.5,KAUSHAMBI,UTTAR PRADESH,D721,CHAIL,2.61
06-01-2025,25.5,81.5,KAUSHAMBI,UTTAR PRADESH,D721,CHAIL,2.71
07-01-2025,25.5,81.5,KAUSHAMBI,UTTAR PRADESH,D721,CHAIL,3.2
08-01-2025,25.5,81.5,KAUSHAMBI,UTTAR PRADESH,D721,CHAIL,3.29
09-01-2025,25.5,81.5,KAUSHAMBI,UTTAR PRADESH,D721,CHAIL,3.01
10-01-2025,25.5,81.5,KAUSHAMBI,UTTAR PRADESH,D721,CHAIL,2.8
11-01-2025,25.5,81.5,KAUSHAMBI,UTTAR PRADESH,D721,CHAIL,2.46
12-01-2025,25.5,81.5,KAUSHAMBI,UTTAR PRADESH,D721,CHAIL,2.07
13-01-2025,25.5,81.5,KAUSHAMBI,UTTAR PRADESH,D721,CHAIL,2.14
14-01-2025,25.5,81.5,KAUSHAMBI,UTTAR PRADESH,D721,CHAIL,2.18
15-01-2025,25.5,81.5,KAUSHAMBI,UTTAR PRADESH,D721,CHAIL,2.3
16-01-2025,25.5,81.5,KAUSHAMBI,UTTAR PRADESH,D721,CHAIL,2.42
17-01-2025,25.5,81.5,KAUSHAMBI,UTTAR PRADESH,D721,CHAIL,2.69
18-01-2025,25.5,81.5,KAUSHAMBI,UTTAR PRADESH,D721,CHAIL,2.88
19-01-2025,25.5,81.5,KAUSHAMBI,UTTAR PRADESH,D721,CHAIL,2.83
20-01-2025,25.5,81.5,KAUSHAMBI,UTTAR PRADESH,D721,CHAIL,2.42
21-01-2025,25.5,81.5,KAUSHAMBI,UTTAR PRADESH,D721,CHAIL,1.99
22-01-2025,25.5,81.5,KAUSHAMBI,UTTAR PRADESH,D721,CHAIL,2.38
23-01-2025,25.5,81.5,KAUSHAMBI,UTTAR PRADESH,D721,CHAIL,2.64
24-01-2025,25.5,81.5,KAUSHAMBI,UTTAR PRADESH,D721,CHAIL,2.54
25-01-2025,25.5,81.5,KAUSHAMBI,UTTAR PRADESH,D721,CHAIL,2.31
26-01-2025,25.5,81.5,KAUSHAMBI,UTTAR PRADESH,D721,CHAIL,2.28
27-01-2025,25.5,81.5,KAUSHAMBI,UTTAR PRADESH,D721,CHAIL,2.49
28-01-2025,25.5,81.5,KAUSHAMBI,UTTAR PRADESH,D721,CHAIL,2.24
29-01-2025,25.5,81.5,KAUSHAMBI,UTTAR PRADESH,D721,CHAIL,2.1
30-01-2025,25.5,81.5,KAUSHAMBI,UTTAR PRADESH,D721,CHAIL,2.19
31-01-2025,25.5,81.5,KAUSHAMBI,UTTAR PRADESH,D721,CHAIL,2.37
01-02-2025,25.5,81.5,KAUSHAMBI,UTTAR PRADESH,D721,CHAIL,2.17
02-02-2025,25.5,81.5,KAUSHAMBI,UTTAR PRADESH,D721,CHAIL,2.02
03-02-2025,25.5,81.5,KAUSHAMBI,UTTAR PRADESH,D721,CHAIL,1.88
04-02-2025,25.5,81.5,KAUSHAMBI,UTTAR PRADESH,D721,CHAIL,1.88
05-02-2025,25.5,81.5,KAUSHAMBI,UTTAR PRADESH,D721,CHAIL,1.94
06-02-2025,25.5,81.5,KAUSHAMBI,UTTAR PRADESH,D721,CHAIL,1.95
07-02-2025,25.5,81.5,KAUSHAMBI,UTTAR PRADESH,D721,CHAIL,2.23
08-02-2025,25.5,81.5,KAUSHAMBI,UTTAR PRADESH,D721,CHAIL,2.3
09-02-2025,25.5,81.5,KAUSHAMBI,UTTAR PRADESH,D721,CHAIL,2.02
10-02-2025,25.5,81.5,KAUSHAMBI,UTTAR PRADESH,D721,CHAIL,2.18
11-02-2025,25.5,81.5,KAUSHAMBI,UTTAR PRADESH,D721,CHAIL,2.16
12-02-2025,25.5,81.5,KAUSHAMBI,UTTAR PRADESH,D721,CHAIL,2.34
13-02-2025,25.5,81.5,KAUSHAMBI,UTTAR PRADESH,D721,CHAIL,2.32
14-02-2025,25.5,81.5,KAUSHAMBI,UTTAR PRADESH,D721,CHAIL,2.34
15-02-2025,25.5,81.5,KAUSHAMBI,UTTAR PRADESH,D721,CHAIL,2.37
16-02-2025,25.5,81.5,KAUSHAMBI,UTTAR PRADESH,D721,CHAIL,1.83
17-02-2025,25.5,81.5,KAUSHAMBI,UTTAR PRADESH,D721,CHAIL,1.76
18-02-2025,25.5,81.5,KAUSHAMBI,UTTAR PRADESH,D721,CHAIL,2.15
19-02-2025,25.5,81.5,KAUSHAMBI,UTTAR PRADESH,D721,CHAIL,2.27
20-02-2025,25.5,81.5,KAUSHAMBI,UTTAR PRADESH,D721,CHAIL,2.36
21-02-2025,25.5,81.5,KAUSHAMBI,UTTAR PRADESH,D721,CHAIL,2.18
22-02-2025,25.5,81.5,KAUSHAMBI,UTTAR PRADESH,D721,CHAIL,1.77
23-02-2025,25.5,81.5,KAUSHAMBI,UTTAR PRADESH,D721,CHAIL,1.81
24-02-2025,25.5,81.5,KAUSHAMBI,UTTAR PRADESH,D721,CHAIL,2.06
25-02-2025,25.5,81.5,KAUSHAMBI,UTTAR PRADESH,D721,CHAIL,2.16
26-02-2025,25.5,81.5,KAUSHAMBI,UTTAR PRADESH,D721,CHAIL,2.01
27-02-2025,25.5,81.5,KAUSHAMBI,UTTAR PRADESH,D721,CHAIL,1.88
28-02-2025,25.5,81.5,KAUSHAMBI,UTTAR PRADESH,D721,CHAIL,2.1
29-02-2025,25.5,81.5,KAUSHAMBI,UTTAR PRADESH,D721,CHAIL,1.85
01-03-2025,25.5,81.5,KAUSHAMBI,UTTAR PRADESH,D721,CHAIL,2.21
02-03-2025,25.5,81.5,KAUSHAMBI,UTTAR PRADESH,D721,CHAIL,2.1
03-03-2025,25.5,81.5,KAUSHAMBI,UTTAR PRADESH,D721,CHAIL,2.05
04-03-2025,25.5,81.5,KAUSHAMBI,UTTAR PRADESH,D721,CHAIL,1.75
05-03-2025,25.5,81.5,KAUSHAMBI,UTTAR PRADESH,D721,CHAIL,2.25
06-03-2025,25.5,81.5,KAUSHAMBI,UTTAR PRADESH,D721,CHAIL,2.19
07-03-2025,25.5,81.5,KAUSHAMBI,UTTAR PRADESH,D721,CHAIL,2.14
08-03-2025,25.5,81.5,KAUSHAMBI,UTTAR PRADESH,D721,CHAIL,2.01
09-03-2025,25.5,81.5,KAUSHAMBI,UTTAR PRADESH,D721,CHAIL,2.3
10-03-2025,25.5,81.5,KAUSHAMBI,UTTAR PRADESH,D721,CHAIL,1.93
11-03-2025,25.5,81.5,KAUSHAMBI,UTTAR PRADESH,D721,CHAIL,1.69
12-03-2025,25.5,81.5,KAUSHAMBI,UTTAR PRADESH,D721,CHAIL,1.81
13-03-2025,25.5,81.5,KAUSHAMBI,UTTAR PRADESH,D721,CHAIL,1.81
14-03-2025,25.5,81.5,KAUSHAMBI,UTTAR PRADESH,D721,CHAIL,1.8
15-03-2025,25.5,81.5,KAUSHAMBI,UTTAR PRADESH,D721,CHAIL,2.06
16-03-2025,25.5,81.5,KAUSHAMBI,UTTAR PRADESH,D721,CHAIL,2.09
17-03-2025,25.5,81.5,KAUSHAMBI,UTTAR PRADESH,D721,CHAIL,1.87
18-03-2025,25.5,81.5,KAUSHAMBI,UTTAR PRADESH,D721,CHAIL,1.73
19-03-2025,25.5,81.5,KAUSHAMBI,UTTAR PRADESH,D721,CHAIL,1.94
20-03-2025,25.5,81.5,KAUSHAMBI,UTTAR PRADESH,D721,CHAIL,2.12
21-03-2025,25.5,81.5,KAUSHAMBI,UTTAR PRADESH,D721,CHAIL,1.93
22-03-2025,25.5,81.5,KAUSHAMBI,UTTAR PRADESH,D721,CHAIL,1.65
23-03-2025,25.5,81.5,KAUSHAMBI,UTTAR PRADESH,D721,CHAIL,1.67
24-03-2025,25.5,81.5,KAUSHAMBI,UTTAR PRADESH,D721,CHAIL,1.84
25-03-2025,25.5,81.5,KAUSHAMBI,UTTAR PRADESH,D721,CHAIL,2.14
26-03-2025,25.5,81.5,KAUSHAMBI,UTTAR PRADESH,D721,CHAIL,1.92
27-03-2025,25.5,81.5,KAUSHAMBI,UTTAR PRADESH,D721,CHAIL,2.14
28-03-2025,25.5,81.5,KAUSHAMBI,UTTAR PRADESH,D721,CHAIL,1.64
29-03-2025,25.5,81.5,KAUSHAMBI,UTTAR PRADESH,D721,CHAIL,1.61
30-03-2025,25.5,81.5,KAUSHAMBI,UTTAR PRADESH,D721,CHAIL,1.95
31-03-2025,25.5,81.5,KAUSHAMBI,UTTAR PRADESH,D721,CHAIL,1.96
01-04-2025,25.5,81.5,KAUSHAMBI,UTTAR PRADESH,D721,CHAIL,1.67
02-04-2025,25.5,81.5,KAUSHAMBI,UTTAR PRADESH,D721,CHAIL,1.77
03-04-2025,25.5,81.5,KAUSHAMBI,UTTAR PRADESH,D721,CHAIL,1.76
04-04-2025,25.5,81.5,KAUSHAMBI,UTTAR PRADESH,D721,CHAIL,2.33
05-04-2025,25.5,81.5,KAUSHAMBI,UTTAR PRADESH,D721,CHAIL,2.01
06-04-2025,25.5,81.5,KAUSHAMBI,UTTAR PRADESH,D721,CHAIL,2.01
07-04-2025,25.5,81.5,KAUSHAMBI,UTTAR PRADESH,D721,CHAIL,1.8
08-04-2025,25.5,81.5,KAUSHAMBI,UTTAR PRADESH,D721,CHAIL,1.65
09-04-2025,25.5,81.5,KAUSHAMBI,UTTAR PRADESH,D721,CHAIL,1.43
10-04-2025,25.5,81.5,KAUSHAMBI,UTTAR PRADESH,D721,CHAIL,1.79
11-04-2025,25.5,81.5,KAUSHAMBI,UTTAR PRADESH,D721,CHAIL,2.11
12-04-2025,25.5,81.5,KAUSHAMBI,UTTAR PRADESH,D721,CHAIL,2.02
13-04-2025,25.5,81.5,KAUSHAMBI,UTTAR PRADESH,D721,CHAIL,1.99
14-04-2025,25.5,81.5,KAUSHAMBI,UTTAR PRADESH,D721,CHAIL,1.56
15-04-2025,25.5,81.5,KAUSHAMBI,UTTAR PRADESH,D721,CHAIL,1.46
16-04-2025,25.5,81.5,KAUSHAMBI,UTTAR PRADESH,D721,CHAIL,1.58
17-04-2025,25.5,81.5,KAUSHAMBI,UTTAR PRADESH,D721,CHAIL,1.82
18-04-2025,25.5,81.5,KAUSHAMBI,UTTAR PRADESH,D721,CHAIL,2.16
19-04-2025,25.5,81.5,KAUSHAMBI,UTTAR PRADESH,D721,CHAIL,2.1
20-04-2025,25.5,81.5,KAUSHAMBI,UTTAR PRADESH,D721,CHAIL,2.23
21-04-2025,25.5,81.5,KAUSHAMBI,UTTAR PRADESH,D721,CHAIL,2.23
22-04-2025,25.5,81.5,KAUSHAMBI,UTTAR PRADESH,D721,CHAIL,2.17
23-04-2025,25.5,81.5,KAUSHAMBI,UTTAR PRADESH,D721,CHAIL,1.62
24-04-2025,25.5,81.5,KAUSHAMBI,UTTAR PRADESH,D721,CHAIL,1.5
25-04-2025,25.5,81.5,KAUSHAMBI,UTTAR PRADESH,D721,CHAIL,1.65
26-04-2025,25.5,81.5,KAUSHAMBI,UTTAR PRADESH,D721,CHAIL,1.76
27-04-2025,25.5,81.5,KAUSHAMBI,UTTAR PRADESH,D721,CHAIL,1.7
28-04-2025,25.5,81.5,KAUSHAMBI,UTTAR PRADESH,D721,CHAIL,1.17
29-04-2025,25.5,81.5,KAUSHAMBI,UTTAR PRADESH,D721,CHAIL,1.4
30-04-2025,25.5,81.5,KAUSHAMBI,UTTAR PRADESH,D721,CHAIL,1.6
01-05-2025,25.5,81.5,KAUSHAMBI,UTTAR PRADESH,D721,CHAIL,1.8
02-05-2025,25.5,81.5,KAUSHAMBI,UTTAR PRADESH,D721,CHAIL,1.85
03-05-2025,25.5,81.5,KAUSHAMBI,UTTAR PRADESH,D721,CHAIL,2.24
04-05-2025,25.5,81.5,KAUSHAMBI,UTTAR PRADESH,D721,CHAIL,2.22
05-05-2025,25.5,81.5,KAUSHAMBI,UTTAR PRADESH,D721,CHAIL,1.73
06-05-2025,25.5,81.5,KAUSHAMBI,UTTAR PRADESH,D721,CHAIL,1.59
07-05-2025,25.5,81.5,KAUSHAMBI,UTTAR PRADESH,D721,CHAIL,1.4
08-05-2025,25.5,81.5,KAUSHAMBI,UTTAR PRADESH,D721,CHAIL,1.42
09-05-2025,25.5,81.5,KAUSHAMBI,UTTAR PRADESH,D721,CHAIL,1.32
10-05-2025,25.5,81.5,KAUSHAMBI,UTTAR PRADESH,D721,CHAIL,1.8
11-05-2025,25.5,81.5,KAUSHAMBI,UTTAR PRADESH,D721,CHAIL,2.25
12-05-2025,25.5,81.5,KAUSHAMBI,UTTAR PRADESH,D721,CHAIL,1.84
13-05-2025,25.5,81.5,KAUSHAMBI,UTTAR PRADESH,D721,CHAIL,1.7
14-05-2025,25.5,81.5,KAUSHAMBI,UTTAR PRADESH,D721,CHAIL,1.77
15-05-2025,25.5,81.5,KAUSHAMBI,UTTAR PRADESH,D721,CHAIL,1.47
16-05-2025,25.5,81.5,KAUSHAMBI,UTTAR PRADESH,D721,CHAIL,1.68
17-05-2025,25.5,81.5,KAUSHAMBI,UTTAR PRADESH,D721,CHAIL,1.85
18-05-2025,25.5,81.5,KAUSHAMBI,UTTAR PRADESH,D721,CHAIL,1.65
19-05-2025,25.5,81.5,KAUSHAMBI,UTTAR PRADESH,D721,CHAIL,1.91
20-05-2025,25.5,81.5,KAUSHAMBI,UTTAR PRADESH,D721,CHAIL,1.86
21-05-2025,25.5,81.5,KAUSHAMBI,UTTAR PRADESH,D721,CHAIL,1.87
22-05-2025,25.5,81.5,KAUSHAMBI,UTTAR PRADESH,D721,CHAIL,1.61
23-05-2025,25.5,81.5,KAUSHAMBI,UTTAR PRADESH,D721,CHAIL,1.57
24-05-2025,25.5,81.5,KAUSHAMBI,UTTAR PRADESH,D721,CHAIL,1.76
25-05-2025,25.5,81.5,KAUSHAMBI,UTTAR PRADESH,D721,CHAIL,1.77
26-05-2025,25.5,81.5,KAUSHAMBI,UTTAR PRADESH,D721,CHAIL,2.27
27-05-2025,25.5,81.5,KAUSHAMBI,UTTAR PRADESH,D721,CHAIL,1.81
28-05-2025,25.5,81.5,KAUSHAMBI,UTTAR PRADESH,D721,CHAIL,1.93
29-05-2025,25.5,81.5,KAUSHAMBI,UTTAR PRADESH,D721,CHAIL,1.81
30-05-2025,25.5,81.5,KAUSHAMBI,UTTAR PRADESH,D721,CHAIL,2.1
31-05-2025,25.5,81.5,KAUSHAMBI,UTTAR PRADESH,D721,CHAIL,1.76
01-06-2025,25.5,81.5,KAUSHAMBI,UTTAR PRADESH,D721,CHAIL,1.63
02-06-2025,25.5,81.5,KAUSHAMBI,UTTAR PRADESH,D721,CHAIL,1.43
03-06-2025,25.5,81.5,KAUSHAMBI,UTTAR PRADESH,D721,CHAIL,1.33
04-06-2025,25.5,81.5,KAUSHAMBI,UTTAR PRADESH,D721,CHAIL,1.65
05-06-2025,25.5,81.5,KAUSHAMBI,UTTAR PRADESH,D721,CHAIL,1.98
06-06-2025,25.5,81.5,KAUSHAMBI,UTTAR PRADESH,D721,CHAIL,1.82
07-06-2025,25.5,81.5,KAUSHAMBI,UTTAR PRADESH,D721,CHAIL,1.69
08-06-2025,25.5,81.5,KAUSHAMBI,UTTAR PRADESH,D721,CHAIL,1.7
09-06-2025,25.5,81.5,KAUSHAMBI,UTTAR PRADESH,D721,CHAIL,1.91
10-06-2025,25.5,81.5,KAUSHAMBI,UTTAR PRADESH,D721,CHAIL,1.76
11-06-2025,25.5,81.5,KAUSHAMBI,UTTAR PRADESH,D721,CHAIL,1.78
12-06-2025,25.5,81.5,KAUSHAMBI,UTTAR PRADESH,D721,CHAIL,1.73
13-06-2025,25.5,81.5,KAUSHAMBI,UTTAR PRADESH,D721,CHAIL,1.69
14-06-2025,25.5,81.5,KAUSHAMBI,UTTAR PRADESH,D721,CHAIL,1.88
15-06-2025,25.5,81.5,KAUSHAMBI,UTTAR PRADESH,D721,CHAIL,2.05
16-06-2025,25.5,81.5,KAUSHAMBI,UTTAR PRADESH,D721,CHAIL,2.08
17-06-2025,25.5,81.5,KAUSHAMBI,UTTAR PRADESH,D721,CHAIL,1.92
18-06-2025,25.5,81.5,KAUSHAMBI,UTTAR PRADESH,D721,CHAIL,1.79
19-06-2025,25.5,81.5,KAUSHAMBI,UTTAR PRADESH,D721,CHAIL,1.84
20-06-2025,25.5,81.5,KAUSHAMBI,UTTAR PRADESH,D721,CHAIL,1.76
21-06-2025,25.5,81.5,KAUSHAMBI,UTTAR PRADESH,D721,CHAIL,1.72
22-06-2025,25.5,81.5,KAUSHAMBI,UTTAR PRADESH,D721,CHAIL,1.48
23-06-2025,25.5,81.5,KAUSHAMBI,UTTAR PRADESH,D721,CHAIL,1.5
24-06-2025,25.5,81.5,KAUSHAMBI,UTTAR PRADESH,D721,CHAIL,1.31
25-06-2025,25.5,81.5,KAUSHAMBI,UTTAR PRADESH,D721,CHAIL,1.41
26-06-2025,25.5,81.5,KAUSHAMBI,UTTAR PRADESH,D721,CHAIL,1.34
27-06-2025,25.5,81.5,KAUSHAMBI,UTTAR PRADESH,D721,CHAIL,1.43
28-06-2025,25.5,81.5,KAUSHAMBI,UTTAR PRADESH,D721,CHAIL,1.45
29-06-2025,25.5,81.5,KAUSHAMBI,UTTAR PRADESH,D721,CHAIL,1.34
30-06-2025,25.5,81.5,KAUSHAMBI,UTTAR PRADESH,D721,CHAIL,1.59
01-07-2025,25.5,81.5,KAUSHAMBI,UTTAR PRADESH,D721,CHAIL,1.41
02-07-2025,25.5,81.5,KAUSHAMBI,UTTAR PRADESH,D721,CHAIL,1.07
03-07-2025,25.5,81.5,KAUSHAMBI,UTTAR PRADESH,D721,CHAIL,1.19
04-07-2025,25.5,81.5,KAUSHAMBI,UTTAR PRADESH,D721,CHAIL,1.07
05-07-2025,25.5,81.5,KAUSHAMBI,UTTAR PRADESH,D721,CHAIL,1.12
06-07-2025,25.5,81.5,KAUSHAMBI,UTTAR PRADESH,D721,CHAIL,1.21
07-07-2025,25.5,81.5,KAUSHAMBI,UTTAR PRADESH,D721,CHAIL,1.13
08-07-2025,25.5,81.5,KAUSHAMBI,UTTAR PRADESH,D721,CHAIL,1.05
09-07-2025,25.5,81.5,KAUSHAMBI,UTTAR PRADESH,D721,CHAIL,1.26
10-07-2025,25.5,81.5,KAUSHAMBI,UTTAR PRADESH,D721,CHAIL,1.17
11-07-2025,25.5,81.5,KAUSHAMBI,UTTAR PRADESH,D721,CHAIL,1.21
12-07-2025,25.5,81.5,KAUSHAMBI,UTTAR PRADESH,D721,CHAIL,1.15
13-07-2025,25.5,81.5,KAUSHAMBI,UTTAR PRADESH,D721,CHAIL,1.11
14-07-2025,25.5,81.5,KAUSHAMBI,UTTAR PRADESH,D721,CHAIL,1.24
15-07-2025,25.5,81.5,KAUSHAMBI,UTTAR PRADESH,D721,CHAIL,1.18
16-07-2025,25.5,81.5,KAUSHAMBI,UTTAR PRADESH,D721,CHAIL,1.05
17-07-2025,25.5,81.5,KAUSHAMBI,UTTAR PRADESH,D721,CHAIL,1.26
18-07-2025,25.5,81.5,KAUSHAMBI,UTTAR PRADESH,D721,CHAIL,1.29
19-07-2025,25.5,81.5,KAUSHAMBI,UTTAR PRADESH,D721,CHAIL,1
20-07-2025,25.5,81.5,KAUSHAMBI,UTTAR PRADESH,D721,CHAIL,1.05
21-07-2025,25.5,81.5,KAUSHAMBI,UTTAR PRADESH,D721,CHAIL,1.14
22-07-2025,25.5,81.5,KAUSHAMBI,UTTAR PRADESH,D721,CHAIL,1.03
23-07-2025,25.5,81.5,KAUSHAMBI,UTTAR PRADESH,D721,CHAIL,1.08
24-07-2025,25.5,81.5,KAUSHAMBI,UTTAR PRADESH,D721,CHAIL,1.13
25-07-2025,25.5,81.5,KAUSHAMBI,UTTAR PRADESH,D721,CHAIL,1.17
26-07-2025,25.5,81.5,KAUSHAMBI,UTTAR PRADESH,D721,CHAIL,1.09
27-07-2025,25.5,81.5,KAUSHAMBI,UTTAR PRADESH,D721,CHAIL,1.27
28-07-2025,25.5,81.5,KAUSHAMBI,UTTAR PRADESH,D721,CHAIL,1.19
29-07-2025,25.5,81.5,KAUSHAMBI,UTTAR PRADESH,D721,CHAIL,0.89
30-07-2025,25.5,81.5,KAUSHAMBI,UTTAR PRADESH,D721,CHAIL,0.92
31-07-2025,25.5,81.5,KAUSHAMBI,UTTAR PRADESH,D721,CHAIL,1
01-08-2025,25.5,81.5,KAUSHAMBI,UTTAR PRADESH,D721,CHAIL,0.85
02-08-2025,25.5,81.5,KAUSHAMBI,UTTAR PRADESH,D721,CHAIL,0.91
03-08-2025,25.5,81.5,KAUSHAMBI,UTTAR PRADESH,D721,CHAIL,0.63
04-08-2025,25.5,81.5,KAUSHAMBI,UTTAR PRADESH,D721,CHAIL,0.69
05-08-2025,25.5,81.5,KAUSHAMBI,UTTAR PRADESH,D721,CHAIL,0.63
06-08-2025,25.5,81.5,KAUSHAMBI,UTTAR PRADESH,D721,CHAIL,0.75
07-08-2025,25.5,81.5,KAUSHAMBI,UTTAR PRADESH,D721,CHAIL,0.75
08-08-2025,25.5,81.5,KAUSHAMBI,UTTAR PRADESH,D721,CHAIL,0.8
09-08-2025,25.5,81.5,KAUSHAMBI,UTTAR PRADESH,D721,CHAIL,0.68
10-08-2025,25.5,81.5,KAUSHAMBI,UTTAR PRADESH,D721,CHAIL,0.83
11-08-2025,25.5,81.5,KAUSHAMBI,UTTAR PRADESH,D721,CHAIL,0.89
12-08-2025,25.5,81.5,KAUSHAMBI,UTTAR PRADESH,D721,CHAIL,0.73
13-08-2025,25.5,81.5,KAUSHAMBI,UTTAR PRADESH,D721,CHAIL,0.78
14-08-2025,25.5,81.5,KAUSHAMBI,UTTAR PRADESH,D721,CHAIL,0.75
15-08-2025,25.5,81.5,KAUSHAMBI,UTTAR PRADESH,D721,CHAIL,0.82
16-08-2025,25.5,81.5,KAUSHAMBI,UTTAR PRADESH,D721,CHAIL,0.87
17-08-2025,25.5,81.5,KAUSHAMBI,UTTAR PRADESH,D721,CHAIL,1.07
18-08-2025,25.5,81.5,KAUSHAMBI,UTTAR PRADESH,D721,CHAIL,0.89
19-08-2025,25.5,81.5,KAUSHAMBI,UTTAR PRADESH,D721,CHAIL,0.96
20-08-2025,25.5,81.5,KAUSHAMBI,UTTAR PRADESH,D721,CHAIL,1
21-08-2025,25.5,81.5,KAUSHAMBI,UTTAR PRADESH,D721,CHAIL,0.97
22-08-2025,25.5,81.5,KAUSHAMBI,UTTAR PRADESH,D721,CHAIL,0.96
23-08-2025,25.5,81.5,KAUSHAMBI,UTTAR PRADESH,D721,CHAIL,0.91
24-08-2025,25.5,81.5,KAUSHAMBI,UTTAR PRADESH,D721,CHAIL,0.56
25-08-2025,25.5,81.5,KAUSHAMBI,UTTAR PRADESH,D721,CHAIL,0.72
26-08-2025,25.5,81.5,KAUSHAMBI,UTTAR PRADESH,D721,CHAIL,0.79
27-08-2025,25.5,81.5,KAUSHAMBI,UTTAR PRADESH,D721,CHAIL,0.79
28-08-2025,25.5,81.5,KAUSHAMBI,UTTAR PRADESH,D721,CHAIL,0.93
29-08-2025,25.5,81.5,KAUSHAMBI,UTTAR PRADESH,D721,CHAIL,0.71
30-08-2025,25.5,81.5,KAUSHAMBI,UTTAR PRADESH,D721,CHAIL,0.85
31-08-2025,25.5,81.5,KAUSHAMBI,UTTAR PRADESH,D721,CHAIL,0.83
01-09-2025,25.5,81.5,KAUSHAMBI,UTTAR PRADESH,D721,CHAIL,0.99
02-09-2025,25.5,81.5,KAUSHAMBI,UTTAR PRADESH,D721,CHAIL,1.07
03-09-2025,25.5,81.5,KAUSHAMBI,UTTAR PRADESH,D721,CHAIL,0.81
04-09-2025,25.5,81.5,KAUSHAMBI,UTTAR PRADESH,D721,CHAIL,0.77
05-09-2025,25.5,81.5,KAUSHAMBI,UTTAR PRADESH,D721,CHAIL,0.82
06-09-2025,25.5,81.5,KAUSHAMBI,UTTAR PRADESH,D721,CHAIL,0.87
07-09-2025,25.5,81.5,KAUSHAMBI,UTTAR PRADESH,D721,CHAIL,0.88
08-09-2025,25.5,81.5,KAUSHAMBI,UTTAR PRADESH,D721,CHAIL,0.94
09-09-2025,25.5,81.5,KAUSHAMBI,UTTAR PRADESH,D721,CHAIL,0.94
10-09-2025,25.5,81.5,KAUSHAMBI,UTTAR PRADESH,D721,CHAIL,0.91
11-09-2025,25.5,81.5,KAUSHAMBI,UTTAR PRADESH,D721,CHAIL,0.89
12-09-2025,25.5,81.5,KAUSHAMBI,UTTAR PRADESH,D721,CHAIL,0.89
13-09-2025,25.5,81.5,KAUSHAMBI,UTTAR PRADESH,D721,CHAIL,0.78
14-09-2025,25.5,81.5,KAUSHAMBI,UTTAR PRADESH,D721,CHAIL,0.94
15-09-2025,25.5,81.5,KAUSHAMBI,UTTAR PRADESH,D721,CHAIL,1.05
16-09-2025,25.5,81.5,KAUSHAMBI,UTTAR PRADESH,D721,CHAIL,0.95
17-09-2025,25.5,81.5,KAUSHAMBI,UTTAR PRADESH,D721,CHAIL,0.92
18-09-2025,25.5,81.5,KAUSHAMBI,UTTAR PRADESH,D721,CHAIL,0.88
19-09-2025,25.5,81.5,KAUSHAMBI,UTTAR PRADESH,D721,CHAIL,0.92
20-09-2025,25.5,81.5,KAUSHAMBI,UTTAR PRADESH,D721,CHAIL,0.95
21-09-2025,25.5,81.5,KAUSHAMBI,UTTAR PRADESH,D721,CHAIL,1.02
22-09-2025,25.5,81.5,KAUSHAMBI,UTTAR PRADESH,D721,CHAIL,1.01
23-09-2025,25.5,81.5,KAUSHAMBI,UTTAR PRADESH,D721,CHAIL,0.97
24-09-2025,25.5,81.5,KAUSHAMBI,UTTAR PRADESH,D721,CHAIL,0.87
25-09-2025,25.5,81.5,KAUSHAMBI,UTTAR PRADESH,D721,CHAIL,1.05
26-09-2025,25.5,81.5,KAUSHAMBI,UTTAR PRADESH,D721,CHAIL,1.02
27-09-2025,25.5,81.5,KAUSHAMBI,UTTAR PRADESH,D721,CHAIL,1.01
28-09-2025,25.5,81.5,KAUSHAMBI,UTTAR PRADESH,D721,CHAIL,1.09
29-09-2025,25.5,81.5,KAUSHAMBI,UTTAR PRADESH,D721,CHAIL,1.16
30-09-2025,25.5,81.5,KAUSHAMBI,UTTAR PRADESH,D721,CHAIL,1.27
01-10-2025,25.5,81.5,KAUSHAMBI,UTTAR PRADESH,D721,CHAIL,1.25
02-10-2025,25.5,81.5,KAUSHAMBI,UTTAR PRADESH,D721,CHAIL,1.23
03-10-2025,25.5,81.5,KAUSHAMBI,UTTAR PRADESH,D721,CHAIL,1.3
04-10-2025,25.5,81.5,KAUSHAMBI,UTTAR PRADESH,D721,CHAIL,1.24
05-10-2025,25.5,81.5,KAUSHAMBI,UTTAR PRADESH,D721,CHAIL,1.26
06-10-2025,25.5,81.5,KAUSHAMBI,UTTAR PRADESH,D721,CHAIL,1.24
07-10-2025,25.5,81.5,KAUSHAMBI,UTTAR PRADESH,D721,CHAIL,1.4
08-10-2025,25.5,81.5,KAUSHAMBI,UTTAR PRADESH,D721,CHAIL,1.46
09-10-2025,25.5,81.5,KAUSHAMBI,UTTAR PRADESH,D721,CHAIL,1.52
10-10-2025,25.5,81.5,KAUSHAMBI,UTTAR PRADESH,D721,CHAIL,1.38
11-10-2025,25.5,81.5,KAUSHAMBI,UTTAR PRADESH,D721,CHAIL,1.39
12-10-2025,25.5,81.5,KAUSHAMBI,UTTAR PRADESH,D721,CHAIL,1.76
13-10-2025,25.5,81.5,KAUSHAMBI,UTTAR PRADESH,D721,CHAIL,1.86
14-10-2025,25.5,81.5,KAUSHAMBI,UTTAR PRADESH,D721,CHAIL,1.85
15-10-2025,25.5,81.5,KAUSHAMBI,UTTAR PRADESH,D721,CHAIL,1.9
16-10-2025,25.5,81.5,KAUSHAMBI,UTTAR PRADESH,D721,CHAIL,1.86
17-10-2025,25.5,81.5,KAUSHAMBI,UTTAR PRADESH,D721,CHAIL,1.93
18-10-2025,25.5,81.5,KAUSHAMBI,UTTAR PRADESH,D721,CHAIL,1.8
19-10-2025,25.5,81.5,KAUSHAMBI,UTTAR PRADESH,D721,CHAIL,1.83
20-10-2025,25.5,81.5,KAUSHAMBI,UTTAR PRADESH,D721,CHAIL,1.88
21-10-2025,25.5,81.5,KAUSHAMBI,UTTAR PRADESH,D721,CHAIL,1.8
22-10-2025,25.5,81.5,KAUSHAMBI,UTTAR PRADESH,D721,CHAIL,1.72
23-10-2025,25.5,81.5,KAUSHAMBI,UTTAR PRADESH,D721,CHAIL,1.75
24-10-2025,25.5,81.5,KAUSHAMBI,UTTAR PRADESH,D721,CHAIL,1.87
25-10-2025,25.5,81.5,KAUSHAMBI,UTTAR PRADESH,D721,CHAIL,1.89
26-10-2025,25.5,81.5,KAUSHAMBI,UTTAR PRADESH,D721,CHAIL,1.71
27-10-2025,25.5,81.5,KAUSHAMBI,UTTAR PRADESH,D721,CHAIL,1.63
28-10-2025,25.5,81.5,KAUSHAMBI,UTTAR PRADESH,D721,CHAIL,1.78
29-10-2025,25.5,81.5,KAUSHAMBI,UTTAR PRADESH,D721,CHAIL,1.83
30-10-2025,25.5,81.5,KAUSHAMBI,UTTAR PRADESH,D721,CHAIL,2.17
31-10-2025,25.5,81.5,KAUSHAMBI,UTTAR PRADESH,D721,CHAIL,1.88
01-11-2025,25.5,81.5,KAUSHAMBI,UTTAR PRADESH,D721,CHAIL,1.98
02-11-2025,25.5,81.5,KAUSHAMBI,UTTAR PRADESH,D721,CHAIL,1.79
03-11-2025,25.5,81.5,KAUSHAMBI,UTTAR PRADESH,D721,CHAIL,1.81
04-11-2025,25.5,81.5,KAUSHAMBI,UTTAR PRADESH,D721,CHAIL,1.96
05-11-2025,25.5,81.5,KAUSHAMBI,UTTAR PRADESH,D721,CHAIL,1.98
06-11-2025,25.5,81.5,KAUSHAMBI,UTTAR PRADESH,D721,CHAIL,1.99
07-11-2025,25.5,81.5,KAUSHAMBI,UTTAR PRADESH,D721,CHAIL,1.92
08-11-2025,25.5,81.5,KAUSHAMBI,UTTAR PRADESH,D721,CHAIL,2.1
09-11-2025,25.5,81.5,KAUSHAMBI,UTTAR PRADESH,D721,CHAIL,2.29
10-11-2025,25.5,81.5,KAUSHAMBI,UTTAR PRADESH,D721,CHAIL,2.31
11-11-2025,25.5,81.5,KAUSHAMBI,UTTAR PRADESH,D721,CHAIL,2.18
12-11-2025,25.5,81.5,KAUSHAMBI,UTTAR PRADESH,D721,CHAIL,2.06
13-11-2025,25.5,81.5,KAUSHAMBI,UTTAR PRADESH,D721,CHAIL,1.99
14-11-2025,25.5,81.5,KAUSHAMBI,UTTAR PRADESH,D721,CHAIL,2.07
15-11-2025,25.5,81.5,KAUSHAMBI,UTTAR PRADESH,D721,CHAIL,2.07
16-11-2025,25.5,81.5,KAUSHAMBI,UTTAR PRADESH,D721,CHAIL,2.33
17-11-2025,25.5,81.5,KAUSHAMBI,UTTAR PRADESH,D721,CHAIL,2.2
18-11-2025,25.5,81.5,KAUSHAMBI,UTTAR PRADESH,D721,CHAIL,2.45
19-11-2025,25.5,81.5,KAUSHAMBI,UTTAR PRADESH,D721,CHAIL,2.34
20-11-2025,25.5,81.5,KAUSHAMBI,UTTAR PRADESH,D721,CHAIL,2.23
21-11-2025,25.5,81.5,KAUSHAMBI,UTTAR PRADESH,D721,CHAIL,1.76
22-11-2025,25.5,81.5,KAUSHAMBI,UTTAR PRADESH,D721,CHAIL,1.64
23-11-2025,25.5,81.5,KAUSHAMBI,UTTAR PRADESH,D721,CHAIL,1.65
24-11-2025,25.5,81.5,KAUSHAMBI,UTTAR PRADESH,D721,CHAIL,1.7
25-11-2025,25.5,81.5,KAUSHAMBI,UTTAR PRADESH,D721,CHAIL,1.76
26-11-2025,25.5,81.5,KAUSHAMBI,UTTAR PRADESH,D721,CHAIL,1.89
27-11-2025,25.5,81.5,KAUSHAMBI,UTTAR PRADESH,D721,CHAIL,2.02
28-11-2025,25.5,81.5,KAUSHAMBI,UTTAR PRADESH,D721,CHAIL,1.93
29-11-2025,25.5,81.5,KAUSHAMBI,UTTAR PRADESH,D721,CHAIL,1.96
30-11-2025,25.5,81.5,KAUSHAMBI,UTTAR PRADESH,D721,CHAIL,1.99
01-12-2025,25.5,81.5,KAUSHAMBI,UTTAR PRADESH,D721,CHAIL,2.07
02-12-2025,25.5,81.5,KAUSHAMBI,UTTAR PRADESH,D721,CHAIL,2.26
03-12-2025,25.5,81.5,KAUSHAMBI,UTTAR PRADESH,D721,CHAIL,2.42
04-12-2025,25.5,81.5,KAUSHAMBI,UTTAR PRADESH,D721,CHAIL,2.01
05-12-2025,25.5,81.5,KAUSHAMBI,UTTAR PRADESH,D721,CHAIL,1.82
06-12-2025,25.5,81.5,KAUSHAMBI,UTTAR PRADESH,D721,CHAIL,2.12
07-12-2025,25.5,81.5,KAUSHAMBI,UTTAR PRADESH,D721,CHAIL,2.13
08-12-2025,25.5,81.5,KAUSHAMBI,UTTAR PRADESH,D721,CHAIL,2.14
09-12-2025,25.5,81.5,KAUSHAMBI,UTTAR PRADESH,D721,CHAIL,2.2
10-12-2025,25.5,81.5,KAUSHAMBI,UTTAR PRADESH,D721,CHAIL,2.26
11-12-2025,25.5,81.5,KAUSHAMBI,UTTAR PRADESH,D721,CHAIL,2.18
12-12-2025,25.5,81.5,KAUSHAMBI,UTTAR PRADESH,D721,CHAIL,2.28
13-12-2025,25.5,81.5,KAUSHAMBI,UTTAR PRADESH,D721,CHAIL,2.44
14-12-2025,25.5,81.5,KAUSHAMBI,UTTAR PRADESH,D721,CHAIL,2.31
15-12-2025,25.5,81.5,KAUSHAMBI,UTTAR PRADESH,D721,CHAIL,2.17
16-12-2025,25.5,81.5,KAUSHAMBI,UTTAR PRADESH,D721,CHAIL,2.05
17-12-2025,25.5,81.5,KAUSHAMBI,UTTAR PRADESH,D721,CHAIL,1.96
18-12-2025,25.5,81.5,KAUSHAMBI,UTTAR PRADESH,D721,CHAIL,1.87
19-12-2025,25.5,81.5,KAUSHAMBI,UTTAR PRADESH,D721,CHAIL,2.1
20-12-2025,25.5,81.5,KAUSHAMBI,UTTAR PRADESH,D721,CHAIL,1.99
21-12-2025,25.5,81.5,KAUSHAMBI,UTTAR PRADESH,D721,CHAIL,1.93
22-12-2025,25.5,81.5,KAUSHAMBI,UTTAR PRADESH,D721,CHAIL,2.26
23-12-2025,25.5,81.5,KAUSHAMBI,UTTAR PRADESH,D721,CHAIL,2.12
24-12-2025,25.5,81.5,KAUSHAMBI,UTTAR PRADESH,D721,CHAIL,1.83
25-12-2025,25.5,81.5,KAUSHAMBI,UTTAR PRADESH,D721,CHAIL,1.78
26-12-2025,25.5,81.5,KAUSHAMBI,UTTAR PRADESH,D721,CHAIL,1.78
27-12-2025,25.5,81.5,KAUSHAMBI,UTTAR PRADESH,D721,CHAIL,1.88
28-12-2025,25.5,81.5,KAUSHAMBI,UTTAR PRADESH,D721,CHAIL,2.22
29-12-2025,25.5,81.5,KAUSHAMBI,UTTAR PRADESH,D721,CHAIL,2.17
30-12-2025,25.5,81.5,KAUSHAMBI,UTTAR PRADESH,D721,CHAIL,2.08
31-12-2025,25.5,81.5,KAUSHAMBI,UTTAR PRADESH,D721,CHAIL,2.25
01-01-2025,28.5,80.5,KHERI,UTTAR PRADESH,D722,DHAURAHARA,2.09
02-01-2025,28.5,80.5,KHERI,UTTAR PRADESH,D722,DHAURAHARA,1.86
03-01-2025,28.5,80.5,KHERI,UTTAR PRADESH,D722,DHAURAHARA,2.13
04-01-2025,28.5,80.5,KHERI,UTTAR PRADESH,D722,DHAURAHARA,1.93
05-01-2025,28.5,80.5,KHERI,UTTAR PRADESH,D722,DHAURAHARA,1.86
06-01-2025,28.5,80.5,KHERI,UTTAR PRADESH,D722,DHAURAHARA,1.91
07-01-2025,28.5,80.5,KHERI,UTTAR PRADESH,D722,DHAURAHARA,2.38
08-01-2025,28.5,80.5,KHERI,UTTAR PRADESH,D722,DHAURAHARA,2.43
09-01-2025,28.5,80.5,KHERI,UTTAR PRADESH,D722,DHAURAHARA,2.12
10-01-2025,28.5,80.5,KHERI,UTTAR PRADESH,D722,DHAURAHARA,1.89
11-01-2025,28.5,80.5,KHERI,UTTAR PRADESH,D722,DHAURAHARA,1.58
12-01-2025,28.5,80.5,KHERI,UTTAR PRADESH,D722,DHAURAHARA,1.51
13-01-2025,28.5,80.5,KHERI,UTTAR PRADESH,D722,DHAURAHARA,1.66
14-01-2025,28.5,80.5,KHERI,UTTAR PRADESH,D722,DHAURAHARA,1.8
15-01-2025,28.5,80.5,KHERI,UTTAR PRADESH,D722,DHAURAHARA,1.68
16-01-2025,28.5,80.5,KHERI,UTTAR PRADESH,D722,DHAURAHARA,2.15
17-01-2025,28.5,80.5,KHERI,UTTAR PRADESH,D722,DHAURAHARA,2.29
18-01-2025,28.5,80.5,KHERI,UTTAR PRADESH,D722,DHAURAHARA,2.24
19-01-2025,28.5,80.5,KHERI,UTTAR PRADESH,D722,DHAURAHARA,1.67
20-01-2025,28.5,80.5,KHERI,UTTAR PRADESH,D722,DHAURAHARA,1.47
21-01-2025,28.5,80.5,KHERI,UTTAR PRADESH,D722,DHAURAHARA,1.61
22-01-2025,28.5,80.5,KHERI,UTTAR PRADESH,D722,DHAURAHARA,1.76
23-01-2025,28.5,80.5,KHERI,UTTAR PRADESH,D722,DHAURAHARA,2.28
24-01-2025,28.5,80.5,KHERI,UTTAR PRADESH,D722,DHAURAHARA,1.94
25-01-2025,28.5,80.5,KHERI,UTTAR PRADESH,D722,DHAURAHARA,1.99
26-01-2025,28.5,80.5,KHERI,UTTAR PRADESH,D722,DHAURAHARA,2.08
27-01-2025,28.5,80.5,KHERI,UTTAR PRADESH,D722,DHAURAHARA,1.69
28-01-2025,28.5,80.5,KHERI,UTTAR PRADESH,D722,DHAURAHARA,1.72
29-01-2025,28.5,80.5,KHERI,UTTAR PRADESH,D722,DHAURAHARA,1.82
30-01-2025,28.5,80.5,KHERI,UTTAR PRADESH,D722,DHAURAHARA,1.98
31-01-2025,28.5,80.5,KHERI,UTTAR PRADESH,D722,DHAURAHARA,2.17
01-02-2025,28.5,80.5,KHERI,UTTAR PRADESH,D722,DHAURAHARA,1.97
02-02-2025,28.5,80.5,KHERI,UTTAR PRADESH,D722,DHAURAHARA,1.71
03-02-2025,28.5,80.5,KHERI,UTTAR PRADESH,D722,DHAURAHARA,1.24
04-02-2025,28.5,80.5,KHERI,UTTAR PRADESH,D722,DHAURAHARA,1.65
05-02-2025,28.5,80.5,KHERI,UTTAR PRADESH,D722,DHAURAHARA,1.84
06-02-2025,28.5,80.5,KHERI,UTTAR PRADESH,D722,DHAURAHARA,1.81
07-02-2025,28.5,80.5,KHERI,UTTAR PRADESH,D722,DHAURAHARA,1.97
08-02-2025,28.5,80.5,KHERI,UTTAR PRADESH,D722,DHAURAHARA,1.72
09-02-2025,28.5,80.5,KHERI,UTTAR PRADESH,D722,DHAURAHARA,2.03
10-02-2025,28.5,80.5,KHERI,UTTAR PRADESH,D722,DHAURAHARA,2.09
11-02-2025,28.5,80.5,KHERI,UTTAR PRADESH,D722,DHAURAHARA,2.25
12-02-2025,28.5,80.5,KHERI,UTTAR PRADESH,D722,DHAURAHARA,2.13
13-02-2025,28.5,80.5,KHERI,UTTAR PRADESH,D722,DHAURAHARA,2.07
14-02-2025,28.5,80.5,KHERI,UTTAR PRADESH,D722,DHAURAHARA,2.08
15-02-2025,28.5,80.5,KHERI,UTTAR PRADESH,D722,DHAURAHARA,2.01
16-02-2025,28.5,80.5,KHERI,UTTAR PRADESH,D722,DHAURAHARA,1.32
17-02-2025,28.5,80.5,KHERI,UTTAR PRADESH,D722,DHAURAHARA,1.86
18-02-2025,28.5,80.5,KHERI,UTTAR PRADESH,D722,DHAURAHARA,2.25
19-02-2025,28.5,80.5,KHERI,UTTAR PRADESH,D722,DHAURAHARA,2.17
20-02-2025,28.5,80.5,KHERI,UTTAR PRADESH,D722,DHAURAHARA,2.53
21-02-2025,28.5,80.5,KHERI,UTTAR PRADESH,D722,DHAURAHARA,2.07
22-02-2025,28.5,80.5,KHERI,UTTAR PRADESH,D722,DHAURAHARA,1.59
23-02-2025,28.5,80.5,KHERI,UTTAR PRADESH,D722,DHAURAHARA,2.01
24-02-2025,28.5,80.5,KHERI,UTTAR PRADESH,D722,DHAURAHARA,2.12
25-02-2025,28.5,80.5,KHERI,UTTAR PRADESH,D722,DHAURAHARA,2.24
26-02-2025,28.5,80.5,KHERI,UTTAR PRADESH,D722,DHAURAHARA,1.96
27-02-2025,28.5,80.5,KHERI,UTTAR PRADESH,D722,DHAURAHARA,2.06
28-02-2025,28.5,80.5,KHERI,UTTAR PRADESH,D722,DHAURAHARA,2.18
29-02-2025,28.5,80.5,KHERI,UTTAR PRADESH,D722,DHAURAHARA,2.07
01-03-2025,28.5,80.5,KHERI,UTTAR PRADESH,D722,DHAURAHARA,2.1
02-03-2025,28.5,80.5,KHERI,UTTAR PRADESH,D722,DHAURAHARA,1.84
03-03-2025,28.5,80.5,KHERI,UTTAR PRADESH,D722,DHAURAHARA,1.86
04-03-2025,28.5,80.5,KHERI,UTTAR PRADESH,D722,DHAURAHARA,2.05
05-03-2025,28.5,80.5,KHERI,UTTAR PRADESH,D722,DHAURAHARA,2.38
06-03-2025,28.5,80.5,KHERI,UTTAR PRADESH,D722,DHAURAHARA,1.91
07-03-2025,28.5,80.5,KHERI,UTTAR PRADESH,D722,DHAURAHARA,2.06
08-03-2025,28.5,80.5,KHERI,UTTAR PRADESH,D722,DHAURAHARA,2.16
09-03-2025,28.5,80.5,KHERI,UTTAR PRADESH,D722,DHAURAHARA,2.13
10-03-2025,28.5,80.5,KHERI,UTTAR PRADESH,D722,DHAURAHARA,1.87
11-03-2025,28.5,80.5,KHERI,UTTAR PRADESH,D722,DHAURAHARA,1.82
12-03-2025,28.5,80.5,KHERI,UTTAR PRADESH,D722,DHAURAHARA,1.96
13-03-2025,28.5,80.5,KHERI,UTTAR PRADESH,D722,DHAURAHARA,1.8
14-03-2025,28.5,80.5,KHERI,UTTAR PRADESH,D722,DHAURAHARA,2.04
15-03-2025,28.5,80.5,KHERI,UTTAR PRADESH,D722,DHAURAHARA,2.15
16-03-2025,28.5,80.5,KHERI,UTTAR PRADESH,D722,DHAURAHARA,2.39
17-03-2025,28.5,80.5,KHERI,UTTAR PRADESH,D722,DHAURAHARA,1.98
18-03-2025,28.5,80.5,KHERI,UTTAR PRADESH,D722,DHAURAHARA,2.09
19-03-2025,28.5,80.5,KHERI,UTTAR PRADESH,D722,DHAURAHARA,2.14
20-03-2025,28.5,80.5,KHERI,UTTAR PRADESH,D722,DHAURAHARA,2.01
21-03-2025,28.5,80.5,KHERI,UTTAR PRADESH,D722,DHAURAHARA,1.76
22-03-2025,28.5,80.5,KHERI,UTTAR PRADESH,D722,DHAURAHARA,1.73
23-03-2025,28.5,80.5,KHERI,UTTAR PRADESH,D722,DHAURAHARA,1.88
24-03-2025,28.5,80.5,KHERI,UTTAR PRADESH,D722,DHAURAHARA,1.94
25-03-2025,28.5,80.5,KHERI,UTTAR PRADESH,D722,DHAURAHARA,1.88
26-03-2025,28.5,80.5,KHERI,UTTAR PRADESH,D722,DHAURAHARA,1.74
27-03-2025,28.5,80.5,KHERI,UTTAR PRADESH,D722,DHAURAHARA,1.66
28-03-2025,28.5,80.5,KHERI,UTTAR PRADESH,D722,DHAURAHARA,1.16
29-03-2025,28.5,80.5,KHERI,UTTAR PRADESH,D722,DHAURAHARA,1.48
30-03-2025,28.5,80.5,KHERI,UTTAR PRADESH,D722,DHAURAHARA,1.71
31-03-2025,28.5,80.5,KHERI,UTTAR PRADESH,D722,DHAURAHARA,1.78
01-04-2025,28.5,80.5,KHERI,UTTAR PRADESH,D722,DHAURAHARA,1.82
02-04-2025,28.5,80.5,KHERI,UTTAR PRADESH,D722,DHAURAHARA,1.71
03-04-2025,28.5,80.5,KHERI,UTTAR PRADESH,D722,DHAURAHARA,1.99
04-04-2025,28.5,80.5,KHERI,UTTAR PRADESH,D722,DHAURAHARA,2.01
05-04-2025,28.5,80.5,KHERI,UTTAR PRADESH,D722,DHAURAHARA,1.93
06-04-2025,28.5,80.5,KHERI,UTTAR PRADESH,D722,DHAURAHARA,2.04
07-04-2025,28.5,80.5,KHERI,UTTAR PRADESH,D722,DHAURAHARA,1.84
08-04-2025,28.5,80.5,KHERI,UTTAR PRADESH,D722,DHAURAHARA,1.75
09-04-2025,28.5,80.5,KHERI,UTTAR PRADESH,D722,DHAURAHARA,1.77
10-04-2025,28.5,80.5,KHERI,UTTAR PRADESH,D722,DHAURAHARA,2.12
11-04-2025,28.5,80.5,KHERI,UTTAR PRADESH,D722,DHAURAHARA,1.95
12-04-2025,28.5,80.5,KHERI,UTTAR PRADESH,D722,DHAURAHARA,1.95
13-04-2025,28.5,80.5,KHERI,UTTAR PRADESH,D722,DHAURAHARA,1.93
14-04-2025,28.5,80.5,KHERI,UTTAR PRADESH,D722,DHAURAHARA,1.8
15-04-2025,28.5,80.5,KHERI,UTTAR PRADESH,D722,DHAURAHARA,1.68
16-04-2025,28.5,80.5,KHERI,UTTAR PRADESH,D722,DHAURAHARA,1.7
17-04-2025,28.5,80.5,KHERI,UTTAR PRADESH,D722,DHAURAHARA,1.97
18-04-2025,28.5,80.5,KHERI,UTTAR PRADESH,D722,DHAURAHARA,2.12
19-04-2025,28.5,80.5,KHERI,UTTAR PRADESH,D722,DHAURAHARA,2.13
20-04-2025,28.5,80.5,KHERI,UTTAR PRADESH,D722,DHAURAHARA,2.25
21-04-2025,28.5,80.5,KHERI,UTTAR PRADESH,D722,DHAURAHARA,2.17
22-04-2025,28.5,80.5,KHERI,UTTAR PRADESH,D722,DHAURAHARA,2.09
23-04-2025,28.5,80.5,KHERI,UTTAR PRADESH,D722,DHAURAHARA,1.53
24-04-2025,28.5,80.5,KHERI,UTTAR PRADESH,D722,DHAURAHARA,1.7
25-04-2025,28.5,80.5,KHERI,UTTAR PRADESH,D722,DHAURAHARA,1.83
26-04-2025,28.5,80.5,KHERI,UTTAR PRADESH,D722,DHAURAHARA,1.56
27-04-2025,28.5,80.5,KHERI,UTTAR PRADESH,D722,DHAURAHARA,1.59
28-04-2025,28.5,80.5,KHERI,UTTAR PRADESH,D722,DHAURAHARA,1.46
29-04-2025,28.5,80.5,KHERI,UTTAR PRADESH,D722,DHAURAHARA,1.37
30-04-2025,28.5,80.5,KHERI,UTTAR PRADESH,D722,DHAURAHARA,1.62
01-05-2025,28.5,80.5,KHERI,UTTAR PRADESH,D722,DHAURAHARA,2.05
02-05-2025,28.5,80.5,KHERI,UTTAR PRADESH,D722,DHAURAHARA,1.93
03-05-2025,28.5,80.5,KHERI,UTTAR PRADESH,D722,DHAURAHARA,2.19
04-05-2025,28.5,80.5,KHERI,UTTAR PRADESH,D722,DHAURAHARA,2.03
05-05-2025,28.5,80.5,KHERI,UTTAR PRADESH,D722,DHAURAHARA,1.65
06-05-2025,28.5,80.5,KHERI,UTTAR PRADESH,D722,DHAURAHARA,1.61
07-05-2025,28.5,80.5,KHERI,UTTAR PRADESH,D722,DHAURAHARA,1.68
08-05-2025,28.5,80.5,KHERI,UTTAR PRADESH,D722,DHAURAHARA,1.67
09-05-2025,28.5,80.5,KHERI,UTTAR PRADESH,D722,DHAURAHARA,1.47
10-05-2025,28.5,80.5,KHERI,UTTAR PRADESH,D722,DHAURAHARA,2.16
11-05-2025,28.5,80.5,KHERI,UTTAR PRADESH,D722,DHAURAHARA,2
12-05-2025,28.5,80.5,KHERI,UTTAR PRADESH,D722,DHAURAHARA,1.99
13-05-2025,28.5,80.5,KHERI,UTTAR PRADESH,D722,DHAURAHARA,1.9
14-05-2025,28.5,80.5,KHERI,UTTAR PRADESH,D722,DHAURAHARA,1.86
15-05-2025,28.5,80.5,KHERI,UTTAR PRADESH,D722,DHAURAHARA,1.83
16-05-2025,28.5,80.5,KHERI,UTTAR PRADESH,D722,DHAURAHARA,1.92
17-05-2025,28.5,80.5,KHERI,UTTAR PRADESH,D722,DHAURAHARA,1.91
18-05-2025,28.5,80.5,KHERI,UTTAR PRADESH,D722,DHAURAHARA,1.89
19-05-2025,28.5,80.5,KHERI,UTTAR PRADESH,D722,DHAURAHARA,1.84
20-05-2025,28.5,80.5,KHERI,UTTAR PRADESH,D722,DHAURAHARA,2
21-05-2025,28.5,80.5,KHERI,UTTAR PRADESH,D722,DHAURAHARA,1.65
22-05-2025,28.5,80.5,KHERI,UTTAR PRADESH,D722,DHAURAHARA,1.67
23-05-2025,28.5,80.5,KHERI,UTTAR PRADESH,D722,DHAURAHARA,1.8
24-05-2025,28.5,80.5,KHERI,UTTAR PRADESH,D722,DHAURAHARA,1.86
25-05-2025,28.5,80.5,KHERI,UTTAR PRADESH,D722,DHAURAHARA,1.65
26-05-2025,28.5,80.5,KHERI,UTTAR PRADESH,D722,DHAURAHARA,2.1
27-05-2025,28.5,80.5,KHERI,UTTAR PRADESH,D722,DHAURAHARA,1.83
28-05-2025,28.5,80.5,KHERI,UTTAR PRADESH,D722,DHAURAHARA,1.92
29-05-2025,28.5,80.5,KHERI,UTTAR PRADESH,D722,DHAURAHARA,1.99
30-05-2025,28.5,80.5,KHERI,UTTAR PRADESH,D722,DHAURAHARA,2.07
31-05-2025,28.5,80.5,KHERI,UTTAR PRADESH,D722,DHAURAHARA,1.88
01-06-2025,28.5,80.5,KHERI,UTTAR PRADESH,D722,DHAURAHARA,1.98
02-06-2025,28.5,80.5,KHERI,UTTAR PRADESH,D722,DHAURAHARA,1.71
03-06-2025,28.5,80.5,KHERI,UTTAR PRADESH,D722,DHAURAHARA,1.64
04-06-2025,28.5,80.5,KHERI,UTTAR PRADESH,D722,DHAURAHARA,1.71
05-06-2025,28.5,80.5,KHERI,UTTAR PRADESH,D722,DHAURAHARA,1.84
06-06-2025,28.5,80.5,KHERI,UTTAR PRADESH,D722,DHAURAHARA,1.52
07-06-2025,28.5,80.5,KHERI,UTTAR PRADESH,D722,DHAURAHARA,1.41
08-06-2025,28.5,80.5,KHERI,UTTAR PRADESH,D722,DHAURAHARA,1.51
09-06-2025,28.5,80.5,KHERI,UTTAR PRADESH,D722,DHAURAHARA,1.68
10-06-2025,28.5,80.5,KHERI,UTTAR PRADESH,D722,DHAURAHARA,1.65
11-06-2025,28.5,80.5,KHERI,UTTAR PRADESH,D722,DHAURAHARA,1.47
12-06-2025,28.5,80.5,KHERI,UTTAR PRADESH,D722,DHAURAHARA,1.59
13-06-2025,28.5,80.5,KHERI,UTTAR PRADESH,D722,DHAURAHARA,1.48
14-06-2025,28.5,80.5,KHERI,UTTAR PRADESH,D722,DHAURAHARA,1.85
15-06-2025,28.5,80.5,KHERI,UTTAR PRADESH,D722,DHAURAHARA,1.64
16-06-2025,28.5,80.5,KHERI,UTTAR PRADESH,D722,DHAURAHARA,1.78
17-06-2025,28.5,80.5,KHERI,UTTAR PRADESH,D722,DHAURAHARA,1.72
18-06-2025,28.5,80.5,KHERI,UTTAR PRADESH,D722,DHAURAHARA,1.68
19-06-2025,28.5,80.5,KHERI,UTTAR PRADESH,D722,DHAURAHARA,1.74
20-06-2025,28.5,80.5,KHERI,UTTAR PRADESH,D722,DHAURAHARA,1.46
21-06-2025,28.5,80.5,KHERI,UTTAR PRADESH,D722,DHAURAHARA,1.51
22-06-2025,28.5,80.5,KHERI,UTTAR PRADESH,D722,DHAURAHARA,1.42
23-06-2025,28.5,80.5,KHERI,UTTAR PRADESH,D722,DHAURAHARA,1.43
24-06-2025,28.5,80.5,KHERI,UTTAR PRADESH,D722,DHAURAHARA,1.17
25-06-2025,28.5,80.5,KHERI,UTTAR PRADESH,D722,DHAURAHARA,1.27
26-06-2025,28.5,80.5,KHERI,UTTAR PRADESH,D722,DHAURAHARA,1.51
27-06-2025,28.5,80.5,KHERI,UTTAR PRADESH,D722,DHAURAHARA,1.23
28-06-2025,28.5,80.5,KHERI,UTTAR PRADESH,D722,DHAURAHARA,1.22
29-06-2025,28.5,80.5,KHERI,UTTAR PRADESH,D722,DHAURAHARA,1.14
30-06-2025,28.5,80.5,KHERI,UTTAR PRADESH,D722,DHAURAHARA,1.29
01-07-2025,28.5,80.5,KHERI,UTTAR PRADESH,D722,DHAURAHARA,1.28
02-07-2025,28.5,80.5,KHERI,UTTAR PRADESH,D722,DHAURAHARA,1.13
03-07-2025,28.5,80.5,KHERI,UTTAR PRADESH,D722,DHAURAHARA,1.01
04-07-2025,28.5,80.5,KHERI,UTTAR PRADESH,D722,DHAURAHARA,0.89
05-07-2025,28.5,80.5,KHERI,UTTAR PRADESH,D722,DHAURAHARA,1
06-07-2025,28.5,80.5,KHERI,UTTAR PRADESH,D722,DHAURAHARA,1.03
07-07-2025,28.5,80.5,KHERI,UTTAR PRADESH,D722,DHAURAHARA,1.13
08-07-2025,28.5,80.5,KHERI,UTTAR PRADESH,D722,DHAURAHARA,1.29
09-07-2025,28.5,80.5,KHERI,UTTAR PRADESH,D722,DHAURAHARA,1.13
10-07-2025,28.5,80.5,KHERI,UTTAR PRADESH,D722,DHAURAHARA,1.21
11-07-2025,28.5,80.5,KHERI,UTTAR PRADESH,D722,DHAURAHARA,1.22
12-07-2025,28.5,80.5,KHERI,UTTAR PRADESH,D722,DHAURAHARA,1.21
13-07-2025,28.5,80.5,KHERI,UTTAR PRADESH,D722,DHAURAHARA,0.96
14-07-2025,28.5,80.5,KHERI,UTTAR PRADESH,D722,DHAURAHARA,1.09
15-07-2025,28.5,80.5,KHERI,UTTAR PRADESH,D722,DHAURAHARA,0.96
16-07-2025,28.5,80.5,KHERI,UTTAR PRADESH,D722,DHAURAHARA,0.99
17-07-2025,28.5,80.5,KHERI,UTTAR PRADESH,D722,DHAURAHARA,1.01
18-07-2025,28.5,80.5,KHERI,UTTAR PRADESH,D722,DHAURAHARA,1.07
19-07-2025,28.5,80.5,KHERI,UTTAR PRADESH,D722,DHAURAHARA,1.15
20-07-2025,28.5,80.5,KHERI,UTTAR PRADESH,D722,DHAURAHARA,0.99
21-07-2025,28.5,80.5,KHERI,UTTAR PRADESH,D722,DHAURAHARA,1.03
22-07-2025,28.5,80.5,KHERI,UTTAR PRADESH,D722,DHAURAHARA,0.92
23-07-2025,28.5,80.5,KHERI,UTTAR PRADESH,D722,DHAURAHARA,0.88
24-07-2025,28.5,80.5,KHERI,UTTAR PRADESH,D722,DHAURAHARA,0.81
25-07-2025,28.5,80.5,KHERI,UTTAR PRADESH,D722,DHAURAHARA,0.89
26-07-2025,28.5,80.5,KHERI,UTTAR PRADESH,D722,DHAURAHARA,0.97
27-07-2025,28.5,80.5,KHERI,UTTAR PRADESH,D722,DHAURAHARA,1.13
28-07-2025,28.5,80.5,KHERI,UTTAR PRADESH,D722,DHAURAHARA,1.22
29-07-2025,28.5,80.5,KHERI,UTTAR PRADESH,D722,DHAURAHARA,0.93
30-07-2025,28.5,80.5,KHERI,UTTAR PRADESH,D722,DHAURAHARA,0.85
31-07-2025,28.5,80.5,KHERI,UTTAR PRADESH,D722,DHAURAHARA,0.89
01-08-2025,28.5,80.5,KHERI,UTTAR PRADESH,D722,DHAURAHARA,0.86
02-08-2025,28.5,80.5,KHERI,UTTAR PRADESH,D722,DHAURAHARA,0.82
03-08-2025,28.5,80.5,KHERI,UTTAR PRADESH,D722,DHAURAHARA,0.68
04-08-2025,28.5,80.5,KHERI,UTTAR PRADESH,D722,DHAURAHARA,0.84
05-08-2025,28.5,80.5,KHERI,UTTAR PRADESH,D722,DHAURAHARA,0.77
06-08-2025,28.5,80.5,KHERI,UTTAR PRADESH,D722,DHAURAHARA,0.74
07-08-2025,28.5,80.5,KHERI,UTTAR PRADESH,D722,DHAURAHARA,0.78
08-08-2025,28.5,80.5,KHERI,UTTAR PRADESH,D722,DHAURAHARA,0.86
09-08-2025,28.5,80.5,KHERI,UTTAR PRADESH,D722,DHAURAHARA,0.76
10-08-2025,28.5,80.5,KHERI,UTTAR PRADESH,D722,DHAURAHARA,0.89
11-08-2025,28.5,80.5,KHERI,UTTAR PRADESH,D722,DHAURAHARA,0.69
12-08-2025,28.5,80.5,KHERI,UTTAR PRADESH,D722,DHAURAHARA,0.74
13-08-2025,28.5,80.5,KHERI,UTTAR PRADESH,D722,DHAURAHARA,0.67
14-08-2025,28.5,80.5,KHERI,UTTAR PRADESH,D722,DHAURAHARA,0.72
15-08-2025,28.5,80.5,KHERI,UTTAR PRADESH,D722,DHAURAHARA,0.68
16-08-2025,28.5,80.5,KHERI,UTTAR PRADESH,D722,DHAURAHARA,0.75
17-08-2025,28.5,80.5,KHERI,UTTAR PRADESH,D722,DHAURAHARA,0.93
18-08-2025,28.5,80.5,KHERI,UTTAR PRADESH,D722,DHAURAHARA,0.88
19-08-2025,28.5,80.5,KHERI,UTTAR PRADESH,D722,DHAURAHARA,0.72
20-08-2025,28.5,80.5,KHERI,UTTAR PRADESH,D722,DHAURAHARA,0.67
21-08-2025,28.5,80.5,KHERI,UTTAR PRADESH,D722,DHAURAHARA,0.67
22-08-2025,28.5,80.5,KHERI,UTTAR PRADESH,D722,DHAURAHARA,0.86
23-08-2025,28.5,80.5,KHERI,UTTAR PRADESH,D722,DHAURAHARA,0.66
24-08-2025,28.5,80.5,KHERI,UTTAR PRADESH,D722,DHAURAHARA,0.69
25-08-2025,28.5,80.5,KHERI,UTTAR PRADESH,D722,DHAURAHARA,0.61
26-08-2025,28.5,80.5,KHERI,UTTAR PRADESH,D722,DHAURAHARA,0.61
27-08-2025,28.5,80.5,KHERI,UTTAR PRADESH,D722,DHAURAHARA,0.59
28-08-2025,28.5,80.5,KHERI,UTTAR PRADESH,D722,DHAURAHARA,0.76
29-08-2025,28.5,80.5,KHERI,UTTAR PRADESH,D722,DHAURAHARA,0.77
30-08-2025,28.5,80.5,KHERI,UTTAR PRADESH,D722,DHAURAHARA,0.8
31-08-2025,28.5,80.5,KHERI,UTTAR PRADESH,D722,DHAURAHARA,0.81
01-09-2025,28.5,80.5,KHERI,UTTAR PRADESH,D722,DHAURAHARA,0.96
02-09-2025,28.5,80.5,KHERI,UTTAR PRADESH,D722,DHAURAHARA,0.9
03-09-2025,28.5,80.5,KHERI,UTTAR PRADESH,D722,DHAURAHARA,1.02
04-09-2025,28.5,80.5,KHERI,UTTAR PRADESH,D722,DHAURAHARA,0.63
05-09-2025,28.5,80.5,KHERI,UTTAR PRADESH,D722,DHAURAHARA,0.79
06-09-2025,28.5,80.5,KHERI,UTTAR PRADESH,D722,DHAURAHARA,1
07-09-2025,28.5,80.5,KHERI,UTTAR PRADESH,D722,DHAURAHARA,0.86
08-09-2025,28.5,80.5,KHERI,UTTAR PRADESH,D722,DHAURAHARA,0.86
09-09-2025,28.5,80.5,KHERI,UTTAR PRADESH,D722,DHAURAHARA,1.03
10-09-2025,28.5,80.5,KHERI,UTTAR PRADESH,D722,DHAURAHARA,0.89
11-09-2025,28.5,80.5,KHERI,UTTAR PRADESH,D722,DHAURAHARA,0.86
12-09-2025,28.5,80.5,KHERI,UTTAR PRADESH,D722,DHAURAHARA,0.88
13-09-2025,28.5,80.5,KHERI,UTTAR PRADESH,D722,DHAURAHARA,0.96
14-09-2025,28.5,80.5,KHERI,UTTAR PRADESH,D722,DHAURAHARA,0.99
15-09-2025,28.5,80.5,KHERI,UTTAR PRADESH,D722,DHAURAHARA,0.88
16-09-2025,28.5,80.5,KHERI,UTTAR PRADESH,D722,DHAURAHARA,0.95
17-09-2025,28.5,80.5,KHERI,UTTAR PRADESH,D722,DHAURAHARA,0.95
18-09-2025,28.5,80.5,KHERI,UTTAR PRADESH,D722,DHAURAHARA,0.98
19-09-2025,28.5,80.5,KHERI,UTTAR PRADESH,D722,DHAURAHARA,1.09
20-09-2025,28.5,80.5,KHERI,UTTAR PRADESH,D722,DHAURAHARA,1.04
21-09-2025,28.5,80.5,KHERI,UTTAR PRADESH,D722,DHAURAHARA,1.08
22-09-2025,28.5,80.5,KHERI,UTTAR PRADESH,D722,DHAURAHARA,0.94
23-09-2025,28.5,80.5,KHERI,UTTAR PRADESH,D722,DHAURAHARA,0.89
24-09-2025,28.5,80.5,KHERI,UTTAR PRADESH,D722,DHAURAHARA,0.92
25-09-2025,28.5,80.5,KHERI,UTTAR PRADESH,D722,DHAURAHARA,0.96
26-09-2025,28.5,80.5,KHERI,UTTAR PRADESH,D722,DHAURAHARA,0.97
27-09-2025,28.5,80.5,KHERI,UTTAR PRADESH,D722,DHAURAHARA,0.93
28-09-2025,28.5,80.5,KHERI,UTTAR PRADESH,D722,DHAURAHARA,1.04
29-09-2025,28.5,80.5,KHERI,UTTAR PRADESH,D722,DHAURAHARA,1.12
30-09-2025,28.5,80.5,KHERI,UTTAR PRADESH,D722,DHAURAHARA,1.31
01-10-2025,28.5,80.5,KHERI,UTTAR PRADESH,D722,DHAURAHARA,1.26
02-10-2025,28.5,80.5,KHERI,UTTAR PRADESH,D722,DHAURAHARA,1.44
03-10-2025,28.5,80.5,KHERI,UTTAR PRADESH,D722,DHAURAHARA,1.38
04-10-2025,28.5,80.5,KHERI,UTTAR PRADESH,D722,DHAURAHARA,1.21
05-10-2025,28.5,80.5,KHERI,UTTAR PRADESH,D722,DHAURAHARA,1.25
06-10-2025,28.5,80.5,KHERI,UTTAR PRADESH,D722,DHAURAHARA,1.17
07-10-2025,28.5,80.5,KHERI,UTTAR PRADESH,D722,DHAURAHARA,1.49
08-10-2025,28.5,80.5,KHERI,UTTAR PRADESH,D722,DHAURAHARA,1.51
09-10-2025,28.5,80.5,KHERI,UTTAR PRADESH,D722,DHAURAHARA,1.41
10-10-2025,28.5,80.5,KHERI,UTTAR PRADESH,D722,DHAURAHARA,1.36
11-10-2025,28.5,80.5,KHERI,UTTAR PRADESH,D722,DHAURAHARA,1.17
12-10-2025,28.5,80.5,KHERI,UTTAR PRADESH,D722,DHAURAHARA,1.33
13-10-2025,28.5,80.5,KHERI,UTTAR PRADESH,D722,DHAURAHARA,1.41
14-10-2025,28.5,80.5,KHERI,UTTAR PRADESH,D722,DHAURAHARA,1.57
15-10-2025,28.5,80.5,KHERI,UTTAR PRADESH,D722,DHAURAHARA,1.56
16-10-2025,28.5,80.5,KHERI,UTTAR PRADESH,D722,DHAURAHARA,1.42
17-10-2025,28.5,80.5,KHERI,UTTAR PRADESH,D722,DHAURAHARA,1.62
18-10-2025,28.5,80.5,KHERI,UTTAR PRADESH,D722,DHAURAHARA,1.28
19-10-2025,28.5,80.5,KHERI,UTTAR PRADESH,D722,DHAURAHARA,1.46
20-10-2025,28.5,80.5,KHERI,UTTAR PRADESH,D722,DHAURAHARA,1.66
21-10-2025,28.5,80.5,KHERI,UTTAR PRADESH,D722,DHAURAHARA,1.47
22-10-2025,28.5,80.5,KHERI,UTTAR PRADESH,D722,DHAURAHARA,1.48
23-10-2025,28.5,80.5,KHERI,UTTAR PRADESH,D722,DHAURAHARA,1.57
24-10-2025,28.5,80.5,KHERI,UTTAR PRADESH,D722,DHAURAHARA,1.54
25-10-2025,28.5,80.5,KHERI,UTTAR PRADESH,D722,DHAURAHARA,1.62
26-10-2025,28.5,80.5,KHERI,UTTAR PRADESH,D722,DHAURAHARA,1.44
27-10-2025,28.5,80.5,KHERI,UTTAR PRADESH,D722,DHAURAHARA,1.46
28-10-2025,28.5,80.5,KHERI,UTTAR PRADESH,D722,DHAURAHARA,1.6
29-10-2025,28.5,80.5,KHERI,UTTAR PRADESH,D722,DHAURAHARA,1.62
30-10-2025,28.5,80.5,KHERI,UTTAR PRADESH,D722,DHAURAHARA,1.67
31-10-2025,28.5,80.5,KHERI,UTTAR PRADESH,D722,DHAURAHARA,1.47
01-11-2025,28.5,80.5,KHERI,UTTAR PRADESH,D722,DHAURAHARA,1.5
02-11-2025,28.5,80.5,KHERI,UTTAR PRADESH,D722,DHAURAHARA,1.44
03-11-2025,28.5,80.5,KHERI,UTTAR PRADESH,D722,DHAURAHARA,1.57
04-11-2025,28.5,80.5,KHERI,UTTAR PRADESH,D722,DHAURAHARA,1.65
05-11-2025,28.5,80.5,KHERI,UTTAR PRADESH,D722,DHAURAHARA,1.56
06-11-2025,28.5,80.5,KHERI,UTTAR PRADESH,D722,DHAURAHARA,1.62
07-11-2025,28.5,80.5,KHERI,UTTAR PRADESH,D722,DHAURAHARA,1.72
08-11-2025,28.5,80.5,KHERI,UTTAR PRADESH,D722,DHAURAHARA,1.69
09-11-2025,28.5,80.5,KHERI,UTTAR PRADESH,D722,DHAURAHARA,1.79
10-11-2025,28.5,80.5,KHERI,UTTAR PRADESH,D722,DHAURAHARA,1.77
11-11-2025,28.5,80.5,KHERI,UTTAR PRADESH,D722,DHAURAHARA,1.54
12-11-2025,28.5,80.5,KHERI,UTTAR PRADESH,D722,DHAURAHARA,1.54
13-11-2025,28.5,80.5,KHERI,UTTAR PRADESH,D722,DHAURAHARA,1.37
14-11-2025,28.5,80.5,KHERI,UTTAR PRADESH,D722,DHAURAHARA,1.76
15-11-2025,28.5,80.5,KHERI,UTTAR PRADESH,D722,DHAURAHARA,1.75
16-11-2025,28.5,80.5,KHERI,UTTAR PRADESH,D722,DHAURAHARA,1.8
17-11-2025,28.5,80.5,KHERI,UTTAR PRADESH,D722,DHAURAHARA,1.86
18-11-2025,28.5,80.5,KHERI,UTTAR PRADESH,D722,DHAURAHARA,1.87
19-11-2025,28.5,80.5,KHERI,UTTAR PRADESH,D722,DHAURAHARA,1.61
20-11-2025,28.5,80.5,KHERI,UTTAR PRADESH,D722,DHAURAHARA,1.39
21-11-2025,28.5,80.5,KHERI,UTTAR PRADESH,D722,DHAURAHARA,1.37
22-11-2025,28.5,80.5,KHERI,UTTAR PRADESH,D722,DHAURAHARA,1.54
23-11-2025,28.5,80.5,KHERI,UTTAR PRADESH,D722,DHAURAHARA,1.66
24-11-2025,28.5,80.5,KHERI,UTTAR PRADESH,D722,DHAURAHARA,1.66
25-11-2025,28.5,80.5,KHERI,UTTAR PRADESH,D722,DHAURAHARA,1.62
26-11-2025,28.5,80.5,KHERI,UTTAR PRADESH,D722,DHAURAHARA,1.76
27-11-2025,28.5,80.5,KHERI,UTTAR PRADESH,D722,DHAURAHARA,1.64
28-11-2025,28.5,80.5,KHERI,UTTAR PRADESH,D722,DHAURAHARA,1.53
29-11-2025,28.5,80.5,KHERI,UTTAR PRADESH,D722,DHAURAHARA,1.33
30-11-2025,28.5,80.5,KHERI,UTTAR PRADESH,D722,DHAURAHARA,1.5
01-12-2025,28.5,80.5,KHERI,UTTAR PRADESH,D722,DHAURAHARA,1.69
02-12-2025,28.5,80.5,KHERI,UTTAR PRADESH,D722,DHAURAHARA,1.99
03-12-2025,28.5,80.5,KHERI,UTTAR PRADESH,D722,DHAURAHARA,1.74
04-12-2025,28.5,80.5,KHERI,UTTAR PRADESH,D722,DHAURAHARA,1.64
05-12-2025,28.5,80.5,KHERI,UTTAR PRADESH,D722,DHAURAHARA,1.51
06-12-2025,28.5,80.5,KHERI,UTTAR PRADESH,D722,DHAURAHARA,1.74
07-12-2025,28.5,80.5,KHERI,UTTAR PRADESH,D722,DHAURAHARA,1.72
08-12-2025,28.5,80.5,KHERI,UTTAR PRADESH,D722,DHAURAHARA,1.72
09-12-2025,28.5,80.5,KHERI,UTTAR PRADESH,D722,DHAURAHARA,1.8
10-12-2025,28.5,80.5,KHERI,UTTAR PRADESH,D722,DHAURAHARA,1.83
11-12-2025,28.5,80.5,KHERI,UTTAR PRADESH,D722,DHAURAHARA,1.91
12-12-2025,28.5,80.5,KHERI,UTTAR PRADESH,D722,DHAURAHARA,1.93
13-12-2025,28.5,80.5,KHERI,UTTAR PRADESH,D722,DHAURAHARA,1.79
14-12-2025,28.5,80.5,KHERI,UTTAR PRADESH,D722,DHAURAHARA,1.84
15-12-2025,28.5,80.5,KHERI,UTTAR PRADESH,D722,DHAURAHARA,1.6
16-12-2025,28.5,80.5,KHERI,UTTAR PRADESH,D722,DHAURAHARA,1.68
17-12-2025,28.5,80.5,KHERI,UTTAR PRADESH,D722,DHAURAHARA,1.62
18-12-2025,28.5,80.5,KHERI,UTTAR PRADESH,D722,DHAURAHARA,1.63
19-12-2025,28.5,80.5,KHERI,UTTAR PRADESH,D722,DHAURAHARA,2.03
20-12-2025,28.5,80.5,KHERI,UTTAR PRADESH,D722,DHAURAHARA,1.89
21-12-2025,28.5,80.5,KHERI,UTTAR PRADESH,D722,DHAURAHARA,1.91
22-12-2025,28.5,80.5,KHERI,UTTAR PRADESH,D722,DHAURAHARA,1.89
23-12-2025,28.5,80.5,KHERI,UTTAR PRADESH,D722,DHAURAHARA,1.56
24-12-2025,28.5,80.5,KHERI,UTTAR PRADESH,D722,DHAURAHARA,1.43
25-12-2025,28.5,80.5,KHERI,UTTAR PRADESH,D722,DHAURAHARA,1.45
26-12-2025,28.5,80.5,KHERI,UTTAR PRADESH,D722,DHAURAHARA,1.37
27-12-2025,28.5,80.5,KHERI,UTTAR PRADESH,D722,DHAURAHARA,1.66
28-12-2025,28.5,80.5,KHERI,UTTAR PRADESH,D722,DHAURAHARA,1.8
29-12-2025,28.5,80.5,KHERI,UTTAR PRADESH,D722,DHAURAHARA,1.65
30-12-2025,28.5,80.5,KHERI,UTTAR PRADESH,D722,DHAURAHARA,1.69
31-12-2025,28.5,80.5,KHERI,UTTAR PRADESH,D722,DHAURAHARA,2.05
01-01-2025,24.5,78.5,LALITPUR,UTTAR PRADESH,D724,LALITPUR,2.44
02-01-2025,24.5,78.5,LALITPUR,UTTAR PRADESH,D724,LALITPUR,2.09
03-01-2025,24.5,78.5,LALITPUR,UTTAR PRADESH,D724,LALITPUR,2.35
04-01-2025,24.5,78.5,LALITPUR,UTTAR PRADESH,D724,LALITPUR,2.41
05-01-2025,24.5,78.5,LALITPUR,UTTAR PRADESH,D724,LALITPUR,2.4
06-01-2025,24.5,78.5,LALITPUR,UTTAR PRADESH,D724,LALITPUR,2.79
07-01-2025,24.5,78.5,LALITPUR,UTTAR PRADESH,D724,LALITPUR,2.83
08-01-2025,24.5,78.5,LALITPUR,UTTAR PRADESH,D724,LALITPUR,3.22
09-01-2025,24.5,78.5,LALITPUR,UTTAR PRADESH,D724,LALITPUR,3.2
10-01-2025,24.5,78.5,LALITPUR,UTTAR PRADESH,D724,LALITPUR,2.82
11-01-2025,24.5,78.5,LALITPUR,UTTAR PRADESH,D724,LALITPUR,2.5
12-01-2025,24.5,78.5,LALITPUR,UTTAR PRADESH,D724,LALITPUR,1.97
13-01-2025,24.5,78.5,LALITPUR,UTTAR PRADESH,D724,LALITPUR,2.41
14-01-2025,24.5,78.5,LALITPUR,UTTAR PRADESH,D724,LALITPUR,2.46
15-01-2025,24.5,78.5,LALITPUR,UTTAR PRADESH,D724,LALITPUR,2.46
16-01-2025,24.5,78.5,LALITPUR,UTTAR PRADESH,D724,LALITPUR,2.54
17-01-2025,24.5,78.5,LALITPUR,UTTAR PRADESH,D724,LALITPUR,2.88
18-01-2025,24.5,78.5,LALITPUR,UTTAR PRADESH,D724,LALITPUR,2.97
19-01-2025,24.5,78.5,LALITPUR,UTTAR PRADESH,D724,LALITPUR,2.7
20-01-2025,24.5,78.5,LALITPUR,UTTAR PRADESH,D724,LALITPUR,1.97
21-01-2025,24.5,78.5,LALITPUR,UTTAR PRADESH,D724,LALITPUR,2.33
22-01-2025,24.5,78.5,LALITPUR,UTTAR PRADESH,D724,LALITPUR,2.5
23-01-2025,24.5,78.5,LALITPUR,UTTAR PRADESH,D724,LALITPUR,2.4
24-01-2025,24.5,78.5,LALITPUR,UTTAR PRADESH,D724,LALITPUR,2.47
25-01-2025,24.5,78.5,LALITPUR,UTTAR PRADESH,D724,LALITPUR,2.45
26-01-2025,24.5,78.5,LALITPUR,UTTAR PRADESH,D724,LALITPUR,2.32
27-01-2025,24.5,78.5,LALITPUR,UTTAR PRADESH,D724,LALITPUR,2.31
28-01-2025,24.5,78.5,LALITPUR,UTTAR PRADESH,D724,LALITPUR,2.39
29-01-2025,24.5,78.5,LALITPUR,UTTAR PRADESH,D724,LALITPUR,2.52
30-01-2025,24.5,78.5,LALITPUR,UTTAR PRADESH,D724,LALITPUR,2.76
31-01-2025,24.5,78.5,LALITPUR,UTTAR PRADESH,D724,LALITPUR,2.5
01-02-2025,24.5,78.5,LALITPUR,UTTAR PRADESH,D724,LALITPUR,2.12
02-02-2025,24.5,78.5,LALITPUR,UTTAR PRADESH,D724,LALITPUR,2.22
03-02-2025,24.5,78.5,LALITPUR,UTTAR PRADESH,D724,LALITPUR,2.14
04-02-2025,24.5,78.5,LALITPUR,UTTAR PRADESH,D724,LALITPUR,2.02
05-02-2025,24.5,78.5,LALITPUR,UTTAR PRADESH,D724,LALITPUR,2.11
06-02-2025,24.5,78.5,LALITPUR,UTTAR PRADESH,D724,LALITPUR,2.1
07-02-2025,24.5,78.5,LALITPUR,UTTAR PRADESH,D724,LALITPUR,2.32
08-02-2025,24.5,78.5,LALITPUR,UTTAR PRADESH,D724,LALITPUR,2.07
09-02-2025,24.5,78.5,LALITPUR,UTTAR PRADESH,D724,LALITPUR,2.37
10-02-2025,24.5,78.5,LALITPUR,UTTAR PRADESH,D724,LALITPUR,2.5
11-02-2025,24.5,78.5,LALITPUR,UTTAR PRADESH,D724,LALITPUR,2.29
12-02-2025,24.5,78.5,LALITPUR,UTTAR PRADESH,D724,LALITPUR,2.38
13-02-2025,24.5,78.5,LALITPUR,UTTAR PRADESH,D724,LALITPUR,2.37
14-02-2025,24.5,78.5,LALITPUR,UTTAR PRADESH,D724,LALITPUR,2.53
15-02-2025,24.5,78.5,LALITPUR,UTTAR PRADESH,D724,LALITPUR,2.28
16-02-2025,24.5,78.5,LALITPUR,UTTAR PRADESH,D724,LALITPUR,1.96
17-02-2025,24.5,78.5,LALITPUR,UTTAR PRADESH,D724,LALITPUR,2.05
18-02-2025,24.5,78.5,LALITPUR,UTTAR PRADESH,D724,LALITPUR,2.23
19-02-2025,24.5,78.5,LALITPUR,UTTAR PRADESH,D724,LALITPUR,2.16
20-02-2025,24.5,78.5,LALITPUR,UTTAR PRADESH,D724,LALITPUR,2.34
21-02-2025,24.5,78.5,LALITPUR,UTTAR PRADESH,D724,LALITPUR,2.36
22-02-2025,24.5,78.5,LALITPUR,UTTAR PRADESH,D724,LALITPUR,2.08
23-02-2025,24.5,78.5,LALITPUR,UTTAR PRADESH,D724,LALITPUR,2.15
24-02-2025,24.5,78.5,LALITPUR,UTTAR PRADESH,D724,LALITPUR,2.25
25-02-2025,24.5,78.5,LALITPUR,UTTAR PRADESH,D724,LALITPUR,2.29
26-02-2025,24.5,78.5,LALITPUR,UTTAR PRADESH,D724,LALITPUR,2.02
27-02-2025,24.5,78.5,LALITPUR,UTTAR PRADESH,D724,LALITPUR,1.9
28-02-2025,24.5,78.5,LALITPUR,UTTAR PRADESH,D724,LALITPUR,2.05
29-02-2025,24.5,78.5,LALITPUR,UTTAR PRADESH,D724,LALITPUR,1.8
01-03-2025,24.5,78.5,LALITPUR,UTTAR PRADESH,D724,LALITPUR,1.99
02-03-2025,24.5,78.5,LALITPUR,UTTAR PRADESH,D724,LALITPUR,2.18
03-03-2025,24.5,78.5,LALITPUR,UTTAR PRADESH,D724,LALITPUR,1.91
04-03-2025,24.5,78.5,LALITPUR,UTTAR PRADESH,D724,LALITPUR,1.98
05-03-2025,24.5,78.5,LALITPUR,UTTAR PRADESH,D724,LALITPUR,2.25
06-03-2025,24.5,78.5,LALITPUR,UTTAR PRADESH,D724,LALITPUR,2.14
07-03-2025,24.5,78.5,LALITPUR,UTTAR PRADESH,D724,LALITPUR,1.96
08-03-2025,24.5,78.5,LALITPUR,UTTAR PRADESH,D724,LALITPUR,1.81
09-03-2025,24.5,78.5,LALITPUR,UTTAR PRADESH,D724,LALITPUR,1.81
10-03-2025,24.5,78.5,LALITPUR,UTTAR PRADESH,D724,LALITPUR,1.63
11-03-2025,24.5,78.5,LALITPUR,UTTAR PRADESH,D724,LALITPUR,1.53
12-03-2025,24.5,78.5,LALITPUR,UTTAR PRADESH,D724,LALITPUR,1.87
13-03-2025,24.5,78.5,LALITPUR,UTTAR PRADESH,D724,LALITPUR,2.03
14-03-2025,24.5,78.5,LALITPUR,UTTAR PRADESH,D724,LALITPUR,1.85
15-03-2025,24.5,78.5,LALITPUR,UTTAR PRADESH,D724,LALITPUR,2.02
16-03-2025,24.5,78.5,LALITPUR,UTTAR PRADESH,D724,LALITPUR,2.02
17-03-2025,24.5,78.5,LALITPUR,UTTAR PRADESH,D724,LALITPUR,1.49
18-03-2025,24.5,78.5,LALITPUR,UTTAR PRADESH,D724,LALITPUR,1.44
19-03-2025,24.5,78.5,LALITPUR,UTTAR PRADESH,D724,LALITPUR,1.71
20-03-2025,24.5,78.5,LALITPUR,UTTAR PRADESH,D724,LALITPUR,2.04
21-03-2025,24.5,78.5,LALITPUR,UTTAR PRADESH,D724,LALITPUR,1.79
22-03-2025,24.5,78.5,LALITPUR,UTTAR PRADESH,D724,LALITPUR,1.68
23-03-2025,24.5,78.5,LALITPUR,UTTAR PRADESH,D724,LALITPUR,1.77
24-03-2025,24.5,78.5,LALITPUR,UTTAR PRADESH,D724,LALITPUR,1.75
25-03-2025,24.5,78.5,LALITPUR,UTTAR PRADESH,D724,LALITPUR,2.16
26-03-2025,24.5,78.5,LALITPUR,UTTAR PRADESH,D724,LALITPUR,1.94
27-03-2025,24.5,78.5,LALITPUR,UTTAR PRADESH,D724,LALITPUR,1.89
28-03-2025,24.5,78.5,LALITPUR,UTTAR PRADESH,D724,LALITPUR,1.65
29-03-2025,24.5,78.5,LALITPUR,UTTAR PRADESH,D724,LALITPUR,1.63
30-03-2025,24.5,78.5,LALITPUR,UTTAR PRADESH,D724,LALITPUR,1.89
31-03-2025,24.5,78.5,LALITPUR,UTTAR PRADESH,D724,LALITPUR,1.85
01-04-2025,24.5,78.5,LALITPUR,UTTAR PRADESH,D724,LALITPUR,1.91
02-04-2025,24.5,78.5,LALITPUR,UTTAR PRADESH,D724,LALITPUR,2.01
03-04-2025,24.5,78.5,LALITPUR,UTTAR PRADESH,D724,LALITPUR,1.89
04-04-2025,24.5,78.5,LALITPUR,UTTAR PRADESH,D724,LALITPUR,2.01
05-04-2025,24.5,78.5,LALITPUR,UTTAR PRADESH,D724,LALITPUR,1.83
06-04-2025,24.5,78.5,LALITPUR,UTTAR PRADESH,D724,LALITPUR,1.92
07-04-2025,24.5,78.5,LALITPUR,UTTAR PRADESH,D724,LALITPUR,1.82
08-04-2025,24.5,78.5,LALITPUR,UTTAR PRADESH,D724,LALITPUR,1.37
09-04-2025,24.5,78.5,LALITPUR,UTTAR PRADESH,D724,LALITPUR,1.61
10-04-2025,24.5,78.5,LALITPUR,UTTAR PRADESH,D724,LALITPUR,2.07
11-04-2025,24.5,78.5,LALITPUR,UTTAR PRADESH,D724,LALITPUR,2.24
12-04-2025,24.5,78.5,LALITPUR,UTTAR PRADESH,D724,LALITPUR,1.87
13-04-2025,24.5,78.5,LALITPUR,UTTAR PRADESH,D724,LALITPUR,1.94
14-04-2025,24.5,78.5,LALITPUR,UTTAR PRADESH,D724,LALITPUR,1.67
15-04-2025,24.5,78.5,LALITPUR,UTTAR PRADESH,D724,LALITPUR,1.72
16-04-2025,24.5,78.5,LALITPUR,UTTAR PRADESH,D724,LALITPUR,1.58
17-04-2025,24.5,78.5,LALITPUR,UTTAR PRADESH,D724,LALITPUR,1.98
18-04-2025,24.5,78.5,LALITPUR,UTTAR PRADESH,D724,LALITPUR,2.25
19-04-2025,24.5,78.5,LALITPUR,UTTAR PRADESH,D724,LALITPUR,2.12
20-04-2025,24.5,78.5,LALITPUR,UTTAR PRADESH,D724,LALITPUR,2.08
21-04-2025,24.5,78.5,LALITPUR,UTTAR PRADESH,D724,LALITPUR,2.1
22-04-2025,24.5,78.5,LALITPUR,UTTAR PRADESH,D724,LALITPUR,1.88
23-04-2025,24.5,78.5,LALITPUR,UTTAR PRADESH,D724,LALITPUR,1.55
24-04-2025,24.5,78.5,LALITPUR,UTTAR PRADESH,D724,LALITPUR,1.49
25-04-2025,24.5,78.5,LALITPUR,UTTAR PRADESH,D724,LALITPUR,1.57
26-04-2025,24.5,78.5,LALITPUR,UTTAR PRADESH,D724,LALITPUR,1.42
27-04-2025,24.5,78.5,LALITPUR,UTTAR PRADESH,D724,LALITPUR,1.69
28-04-2025,24.5,78.5,LALITPUR,UTTAR PRADESH,D724,LALITPUR,1.49
29-04-2025,24.5,78.5,LALITPUR,UTTAR PRADESH,D724,LALITPUR,1.58
30-04-2025,24.5,78.5,LALITPUR,UTTAR PRADESH,D724,LALITPUR,1.56
01-05-2025,24.5,78.5,LALITPUR,UTTAR PRADESH,D724,LALITPUR,2.03
02-05-2025,24.5,78.5,LALITPUR,UTTAR PRADESH,D724,LALITPUR,2.25
03-05-2025,24.5,78.5,LALITPUR,UTTAR PRADESH,D724,LALITPUR,2.3
04-05-2025,24.5,78.5,LALITPUR,UTTAR PRADESH,D724,LALITPUR,2.09
05-05-2025,24.5,78.5,LALITPUR,UTTAR PRADESH,D724,LALITPUR,1.98
06-05-2025,24.5,78.5,LALITPUR,UTTAR PRADESH,D724,LALITPUR,1.95
07-05-2025,24.5,78.5,LALITPUR,UTTAR PRADESH,D724,LALITPUR,1.73
08-05-2025,24.5,78.5,LALITPUR,UTTAR PRADESH,D724,LALITPUR,1.51
09-05-2025,24.5,78.5,LALITPUR,UTTAR PRADESH,D724,LALITPUR,1.46
10-05-2025,24.5,78.5,LALITPUR,UTTAR PRADESH,D724,LALITPUR,2.01
11-05-2025,24.5,78.5,LALITPUR,UTTAR PRADESH,D724,LALITPUR,2.31
12-05-2025,24.5,78.5,LALITPUR,UTTAR PRADESH,D724,LALITPUR,1.87
13-05-2025,24.5,78.5,LALITPUR,UTTAR PRADESH,D724,LALITPUR,1.91
14-05-2025,24.5,78.5,LALITPUR,UTTAR PRADESH,D724,LALITPUR,1.77
15-05-2025,24.5,78.5,LALITPUR,UTTAR PRADESH,D724,LALITPUR,1.78
16-05-2025,24.5,78.5,LALITPUR,UTTAR PRADESH,D724,LALITPUR,1.43
17-05-2025,24.5,78.5,LALITPUR,UTTAR PRADESH,D724,LALITPUR,1.68
18-05-2025,24.5,78.5,LALITPUR,UTTAR PRADESH,D724,LALITPUR,1.74
19-05-2025,24.5,78.5,LALITPUR,UTTAR PRADESH,D724,LALITPUR,1.96
20-05-2025,24.5,78.5,LALITPUR,UTTAR PRADESH,D724,LALITPUR,1.98
21-05-2025,24.5,78.5,LALITPUR,UTTAR PRADESH,D724,LALITPUR,2.04
22-05-2025,24.5,78.5,LALITPUR,UTTAR PRADESH,D724,LALITPUR,1.85
23-05-2025,24.5,78.5,LALITPUR,UTTAR PRADESH,D724,LALITPUR,1.65
24-05-2025,24.5,78.5,LALITPUR,UTTAR PRADESH,D724,LALITPUR,2.19
25-05-2025,24.5,78.5,LALITPUR,UTTAR PRADESH,D724,LALITPUR,1.92
26-05-2025,24.5,78.5,LALITPUR,UTTAR PRADESH,D724,LALITPUR,2.21
27-05-2025,24.5,78.5,LALITPUR,UTTAR PRADESH,D724,LALITPUR,1.7
28-05-2025,24.5,78.5,LALITPUR,UTTAR PRADESH,D724,LALITPUR,1.73
29-05-2025,24.5,78.5,LALITPUR,UTTAR PRADESH,D724,LALITPUR,1.94
30-05-2025,24.5,78.5,LALITPUR,UTTAR PRADESH,D724,LALITPUR,2.06
31-05-2025,24.5,78.5,LALITPUR,UTTAR PRADESH,D724,LALITPUR,2.24
01-06-2025,24.5,78.5,LALITPUR,UTTAR PRADESH,D724,LALITPUR,2.23
02-06-2025,24.5,78.5,LALITPUR,UTTAR PRADESH,D724,LALITPUR,1.98
03-06-2025,24.5,78.5,LALITPUR,UTTAR PRADESH,D724,LALITPUR,1.88
04-06-2025,24.5,78.5,LALITPUR,UTTAR PRADESH,D724,LALITPUR,2.23
05-06-2025,24.5,78.5,LALITPUR,UTTAR PRADESH,D724,LALITPUR,2.4
06-06-2025,24.5,78.5,LALITPUR,UTTAR PRADESH,D724,LALITPUR,2.03
07-06-2025,24.5,78.5,LALITPUR,UTTAR PRADESH,D724,LALITPUR,1.92
08-06-2025,24.5,78.5,LALITPUR,UTTAR PRADESH,D724,LALITPUR,1.91
09-06-2025,24.5,78.5,LALITPUR,UTTAR PRADESH,D724,LALITPUR,2.08
10-06-2025,24.5,78.5,LALITPUR,UTTAR PRADESH,D724,LALITPUR,2.14
11-06-2025,24.5,78.5,LALITPUR,UTTAR PRADESH,D724,LALITPUR,2.01
12-06-2025,24.5,78.5,LALITPUR,UTTAR PRADESH,D724,LALITPUR,1.98
13-06-2025,24.5,78.5,LALITPUR,UTTAR PRADESH,D724,LALITPUR,1.69
14-06-2025,24.5,78.5,LALITPUR,UTTAR PRADESH,D724,LALITPUR,1.64
15-06-2025,24.5,78.5,LALITPUR,UTTAR PRADESH,D724,LALITPUR,1.86
16-06-2025,24.5,78.5,LALITPUR,UTTAR PRADESH,D724,LALITPUR,1.79
17-06-2025,24.5,78.5,LALITPUR,UTTAR PRADESH,D724,LALITPUR,1.62
18-06-2025,24.5,78.5,LALITPUR,UTTAR PRADESH,D724,LALITPUR,1.54
19-06-2025,24.5,78.5,LALITPUR,UTTAR PRADESH,D724,LALITPUR,1.62
20-06-2025,24.5,78.5,LALITPUR,UTTAR PRADESH,D724,LALITPUR,1.75
21-06-2025,24.5,78.5,LALITPUR,UTTAR PRADESH,D724,LALITPUR,1.74
22-06-2025,24.5,78.5,LALITPUR,UTTAR PRADESH,D724,LALITPUR,1.7
23-06-2025,24.5,78.5,LALITPUR,UTTAR PRADESH,D724,LALITPUR,1.87
24-06-2025,24.5,78.5,LALITPUR,UTTAR PRADESH,D724,LALITPUR,1.44
25-06-2025,24.5,78.5,LALITPUR,UTTAR PRADESH,D724,LALITPUR,1.55
26-06-2025,24.5,78.5,LALITPUR,UTTAR PRADESH,D724,LALITPUR,1.38
27-06-2025,24.5,78.5,LALITPUR,UTTAR PRADESH,D724,LALITPUR,1.55
28-06-2025,24.5,78.5,LALITPUR,UTTAR PRADESH,D724,LALITPUR,1.42
29-06-2025,24.5,78.5,LALITPUR,UTTAR PRADESH,D724,LALITPUR,1.3
30-06-2025,24.5,78.5,LALITPUR,UTTAR PRADESH,D724,LALITPUR,1.52
01-07-2025,24.5,78.5,LALITPUR,UTTAR PRADESH,D724,LALITPUR,1.47
02-07-2025,24.5,78.5,LALITPUR,UTTAR PRADESH,D724,LALITPUR,1.35
03-07-2025,24.5,78.5,LALITPUR,UTTAR PRADESH,D724,LALITPUR,1.45
04-07-2025,24.5,78.5,LALITPUR,UTTAR PRADESH,D724,LALITPUR,1.17
05-07-2025,24.5,78.5,LALITPUR,UTTAR PRADESH,D724,LALITPUR,1.22
06-07-2025,24.5,78.5,LALITPUR,UTTAR PRADESH,D724,LALITPUR,1.2
07-07-2025,24.5,78.5,LALITPUR,UTTAR PRADESH,D724,LALITPUR,1.27
08-07-2025,24.5,78.5,LALITPUR,UTTAR PRADESH,D724,LALITPUR,1.24
09-07-2025,24.5,78.5,LALITPUR,UTTAR PRADESH,D724,LALITPUR,1.03
10-07-2025,24.5,78.5,LALITPUR,UTTAR PRADESH,D724,LALITPUR,1.07
11-07-2025,24.5,78.5,LALITPUR,UTTAR PRADESH,D724,LALITPUR,1.16
12-07-2025,24.5,78.5,LALITPUR,UTTAR PRADESH,D724,LALITPUR,1.01
13-07-2025,24.5,78.5,LALITPUR,UTTAR PRADESH,D724,LALITPUR,1.14
14-07-2025,24.5,78.5,LALITPUR,UTTAR PRADESH,D724,LALITPUR,1.1
15-07-2025,24.5,78.5,LALITPUR,UTTAR PRADESH,D724,LALITPUR,1.08
16-07-2025,24.5,78.5,LALITPUR,UTTAR PRADESH,D724,LALITPUR,1.17
17-07-2025,24.5,78.5,LALITPUR,UTTAR PRADESH,D724,LALITPUR,1.12
18-07-2025,24.5,78.5,LALITPUR,UTTAR PRADESH,D724,LALITPUR,1.21
19-07-2025,24.5,78.5,LALITPUR,UTTAR PRADESH,D724,LALITPUR,1.2
20-07-2025,24.5,78.5,LALITPUR,UTTAR PRADESH,D724,LALITPUR,0.99
21-07-2025,24.5,78.5,LALITPUR,UTTAR PRADESH,D724,LALITPUR,1.14
22-07-2025,24.5,78.5,LALITPUR,UTTAR PRADESH,D724,LALITPUR,0.98
23-07-2025,24.5,78.5,LALITPUR,UTTAR PRADESH,D724,LALITPUR,1.08
24-07-2025,24.5,78.5,LALITPUR,UTTAR PRADESH,D724,LALITPUR,1.16
25-07-2025,24.5,78.5,LALITPUR,UTTAR PRADESH,D724,LALITPUR,0.9
26-07-2025,24.5,78.5,LALITPUR,UTTAR PRADESH,D724,LALITPUR,0.99
27-07-2025,24.5,78.5,LALITPUR,UTTAR PRADESH,D724,LALITPUR,1.01
28-07-2025,24.5,78.5,LALITPUR,UTTAR PRADESH,D724,LALITPUR,1.14
29-07-2025,24.5,78.5,LALITPUR,UTTAR PRADESH,D724,LALITPUR,1.04
30-07-2025,24.5,78.5,LALITPUR,UTTAR PRADESH,D724,LALITPUR,0.99
31-07-2025,24.5,78.5,LALITPUR,UTTAR PRADESH,D724,LALITPUR,1.03
01-08-2025,24.5,78.5,LALITPUR,UTTAR PRADESH,D724,LALITPUR,0.86
02-08-2025,24.5,78.5,LALITPUR,UTTAR PRADESH,D724,LALITPUR,0.78
03-08-2025,24.5,78.5,LALITPUR,UTTAR PRADESH,D724,LALITPUR,0.74
04-08-2025,24.5,78.5,LALITPUR,UTTAR PRADESH,D724,LALITPUR,0.7
05-08-2025,24.5,78.5,LALITPUR,UTTAR PRADESH,D724,LALITPUR,0.63
06-08-2025,24.5,78.5,LALITPUR,UTTAR PRADESH,D724,LALITPUR,0.76
07-08-2025,24.5,78.5,LALITPUR,UTTAR PRADESH,D724,LALITPUR,0.87
08-08-2025,24.5,78.5,LALITPUR,UTTAR PRADESH,D724,LALITPUR,0.93
09-08-2025,24.5,78.5,LALITPUR,UTTAR PRADESH,D724,LALITPUR,0.89
10-08-2025,24.5,78.5,LALITPUR,UTTAR PRADESH,D724,LALITPUR,0.89
11-08-2025,24.5,78.5,LALITPUR,UTTAR PRADESH,D724,LALITPUR,0.9
12-08-2025,24.5,78.5,LALITPUR,UTTAR PRADESH,D724,LALITPUR,0.75
13-08-2025,24.5,78.5,LALITPUR,UTTAR PRADESH,D724,LALITPUR,0.84
14-08-2025,24.5,78.5,LALITPUR,UTTAR PRADESH,D724,LALITPUR,0.75
15-08-2025,24.5,78.5,LALITPUR,UTTAR PRADESH,D724,LALITPUR,0.76
16-08-2025,24.5,78.5,LALITPUR,UTTAR PRADESH,D724,LALITPUR,0.87
17-08-2025,24.5,78.5,LALITPUR,UTTAR PRADESH,D724,LALITPUR,0.98
18-08-2025,24.5,78.5,LALITPUR,UTTAR PRADESH,D724,LALITPUR,0.91
19-08-2025,24.5,78.5,LALITPUR,UTTAR PRADESH,D724,LALITPUR,0.9
20-08-2025,24.5,78.5,LALITPUR,UTTAR PRADESH,D724,LALITPUR,0.95
21-08-2025,24.5,78.5,LALITPUR,UTTAR PRADESH,D724,LALITPUR,1.02
22-08-2025,24.5,78.5,LALITPUR,UTTAR PRADESH,D724,LALITPUR,1
23-08-2025,24.5,78.5,LALITPUR,UTTAR PRADESH,D724,LALITPUR,0.9
24-08-2025,24.5,78.5,LALITPUR,UTTAR PRADESH,D724,LALITPUR,0.71
25-08-2025,24.5,78.5,LALITPUR,UTTAR PRADESH,D724,LALITPUR,0.92
26-08-2025,24.5,78.5,LALITPUR,UTTAR PRADESH,D724,LALITPUR,0.88
27-08-2025,24.5,78.5,LALITPUR,UTTAR PRADESH,D724,LALITPUR,0.84
28-08-2025,24.5,78.5,LALITPUR,UTTAR PRADESH,D724,LALITPUR,0.92
29-08-2025,24.5,78.5,LALITPUR,UTTAR PRADESH,D724,LALITPUR,0.73
30-08-2025,24.5,78.5,LALITPUR,UTTAR PRADESH,D724,LALITPUR,0.79
31-08-2025,24.5,78.5,LALITPUR,UTTAR PRADESH,D724,LALITPUR,0.79
01-09-2025,24.5,78.5,LALITPUR,UTTAR PRADESH,D724,LALITPUR,0.89
02-09-2025,24.5,78.5,LALITPUR,UTTAR PRADESH,D724,LALITPUR,1.01
03-09-2025,24.5,78.5,LALITPUR,UTTAR PRADESH,D724,LALITPUR,0.89
04-09-2025,24.5,78.5,LALITPUR,UTTAR PRADESH,D724,LALITPUR,0.86
05-09-2025,24.5,78.5,LALITPUR,UTTAR PRADESH,D724,LALITPUR,0.97
06-09-2025,24.5,78.5,LALITPUR,UTTAR PRADESH,D724,LALITPUR,0.87
07-09-2025,24.5,78.5,LALITPUR,UTTAR PRADESH,D724,LALITPUR,0.91
08-09-2025,24.5,78.5,LALITPUR,UTTAR PRADESH,D724,LALITPUR,1.02
09-09-2025,24.5,78.5,LALITPUR,UTTAR PRADESH,D724,LALITPUR,1.08
10-09-2025,24.5,78.5,LALITPUR,UTTAR PRADESH,D724,LALITPUR,1.1
11-09-2025,24.5,78.5,LALITPUR,UTTAR PRADESH,D724,LALITPUR,0.97
12-09-2025,24.5,78.5,LALITPUR,UTTAR PRADESH,D724,LALITPUR,0.97
13-09-2025,24.5,78.5,LALITPUR,UTTAR PRADESH,D724,LALITPUR,0.94
14-09-2025,24.5,78.5,LALITPUR,UTTAR PRADESH,D724,LALITPUR,1.03
15-09-2025,24.5,78.5,LALITPUR,UTTAR PRADESH,D724,LALITPUR,1.17
16-09-2025,24.5,78.5,LALITPUR,UTTAR PRADESH,D724,LALITPUR,0.91
17-09-2025,24.5,78.5,LALITPUR,UTTAR PRADESH,D724,LALITPUR,0.99
18-09-2025,24.5,78.5,LALITPUR,UTTAR PRADESH,D724,LALITPUR,1.04
19-09-2025,24.5,78.5,LALITPUR,UTTAR PRADESH,D724,LALITPUR,1.04
20-09-2025,24.5,78.5,LALITPUR,UTTAR PRADESH,D724,LALITPUR,0.98
21-09-2025,24.5,78.5,LALITPUR,UTTAR PRADESH,D724,LALITPUR,1.29
22-09-2025,24.5,78.5,LALITPUR,UTTAR PRADESH,D724,LALITPUR,1.12
23-09-2025,24.5,78.5,LALITPUR,UTTAR PRADESH,D724,LALITPUR,0.89
24-09-2025,24.5,78.5,LALITPUR,UTTAR PRADESH,D724,LALITPUR,0.88
25-09-2025,24.5,78.5,LALITPUR,UTTAR PRADESH,D724,LALITPUR,1.07
26-09-2025,24.5,78.5,LALITPUR,UTTAR PRADESH,D724,LALITPUR,1.08
27-09-2025,24.5,78.5,LALITPUR,UTTAR PRADESH,D724,LALITPUR,1.13
28-09-2025,24.5,78.5,LALITPUR,UTTAR PRADESH,D724,LALITPUR,1.22
29-09-2025,24.5,78.5,LALITPUR,UTTAR PRADESH,D724,LALITPUR,1.31
30-09-2025,24.5,78.5,LALITPUR,UTTAR PRADESH,D724,LALITPUR,1.3
01-10-2025,24.5,78.5,LALITPUR,UTTAR PRADESH,D724,LALITPUR,1.31
02-10-2025,24.5,78.5,LALITPUR,UTTAR PRADESH,D724,LALITPUR,1.39
03-10-2025,24.5,78.5,LALITPUR,UTTAR PRADESH,D724,LALITPUR,1.49
04-10-2025,24.5,78.5,LALITPUR,UTTAR PRADESH,D724,LALITPUR,1.63
05-10-2025,24.5,78.5,LALITPUR,UTTAR PRADESH,D724,LALITPUR,1.46
06-10-2025,24.5,78.5,LALITPUR,UTTAR PRADESH,D724,LALITPUR,1.39
07-10-2025,24.5,78.5,LALITPUR,UTTAR PRADESH,D724,LALITPUR,1.23
08-10-2025,24.5,78.5,LALITPUR,UTTAR PRADESH,D724,LALITPUR,1.33
09-10-2025,24.5,78.5,LALITPUR,UTTAR PRADESH,D724,LALITPUR,1.46
10-10-2025,24.5,78.5,LALITPUR,UTTAR PRADESH,D724,LALITPUR,1.41
11-10-2025,24.5,78.5,LALITPUR,UTTAR PRADESH,D724,LALITPUR,1.24
12-10-2025,24.5,78.5,LALITPUR,UTTAR PRADESH,D724,LALITPUR,1.51
13-10-2025,24.5,78.5,LALITPUR,UTTAR PRADESH,D724,LALITPUR,1.71
14-10-2025,24.5,78.5,LALITPUR,UTTAR PRADESH,D724,LALITPUR,1.86
15-10-2025,24.5,78.5,LALITPUR,UTTAR PRADESH,D724,LALITPUR,1.81
16-10-2025,24.5,78.5,LALITPUR,UTTAR PRADESH,D724,LALITPUR,1.82
17-10-2025,24.5,78.5,LALITPUR,UTTAR PRADESH,D724,LALITPUR,1.98
18-10-2025,24.5,78.5,LALITPUR,UTTAR PRADESH,D724,LALITPUR,1.82
19-10-2025,24.5,78.5,LALITPUR,UTTAR PRADESH,D724,LALITPUR,1.66
20-10-2025,24.5,78.5,LALITPUR,UTTAR PRADESH,D724,LALITPUR,1.74
21-10-2025,24.5,78.5,LALITPUR,UTTAR PRADESH,D724,LALITPUR,1.71
22-10-2025,24.5,78.5,LALITPUR,UTTAR PRADESH,D724,LALITPUR,1.56
23-10-2025,24.5,78.5,LALITPUR,UTTAR PRADESH,D724,LALITPUR,1.57
24-10-2025,24.5,78.5,LALITPUR,UTTAR PRADESH,D724,LALITPUR,1.69
25-10-2025,24.5,78.5,LALITPUR,UTTAR PRADESH,D724,LALITPUR,1.72
26-10-2025,24.5,78.5,LALITPUR,UTTAR PRADESH,D724,LALITPUR,1.64
27-10-2025,24.5,78.5,LALITPUR,UTTAR PRADESH,D724,LALITPUR,1.54
28-10-2025,24.5,78.5,LALITPUR,UTTAR PRADESH,D724,LALITPUR,1.56
29-10-2025,24.5,78.5,LALITPUR,UTTAR PRADESH,D724,LALITPUR,1.62
30-10-2025,24.5,78.5,LALITPUR,UTTAR PRADESH,D724,LALITPUR,1.97
31-10-2025,24.5,78.5,LALITPUR,UTTAR PRADESH,D724,LALITPUR,1.72
01-11-2025,24.5,78.5,LALITPUR,UTTAR PRADESH,D724,LALITPUR,1.96
02-11-2025,24.5,78.5,LALITPUR,UTTAR PRADESH,D724,LALITPUR,1.83
03-11-2025,24.5,78.5,LALITPUR,UTTAR PRADESH,D724,LALITPUR,1.77
04-11-2025,24.5,78.5,LALITPUR,UTTAR PRADESH,D724,LALITPUR,1.78
05-11-2025,24.5,78.5,LALITPUR,UTTAR PRADESH,D724,LALITPUR,1.83
06-11-2025,24.5,78.5,LALITPUR,UTTAR PRADESH,D724,LALITPUR,1.8
07-11-2025,24.5,78.5,LALITPUR,UTTAR PRADESH,D724,LALITPUR,1.85
08-11-2025,24.5,78.5,LALITPUR,UTTAR PRADESH,D724,LALITPUR,2.17
09-11-2025,24.5,78.5,LALITPUR,UTTAR PRADESH,D724,LALITPUR,2.46
10-11-2025,24.5,78.5,LALITPUR,UTTAR PRADESH,D724,LALITPUR,2.32
11-11-2025,24.5,78.5,LALITPUR,UTTAR PRADESH,D724,LALITPUR,2.29
12-11-2025,24.5,78.5,LALITPUR,UTTAR PRADESH,D724,LALITPUR,2.12
13-11-2025,24.5,78.5,LALITPUR,UTTAR PRADESH,D724,LALITPUR,1.98
14-11-2025,24.5,78.5,LALITPUR,UTTAR PRADESH,D724,LALITPUR,2.1
15-11-2025,24.5,78.5,LALITPUR,UTTAR PRADESH,D724,LALITPUR,2.28
16-11-2025,24.5,78.5,LALITPUR,UTTAR PRADESH,D724,LALITPUR,2.35
17-11-2025,24.5,78.5,LALITPUR,UTTAR PRADESH,D724,LALITPUR,2.22
18-11-2025,24.5,78.5,LALITPUR,UTTAR PRADESH,D724,LALITPUR,2.44
19-11-2025,24.5,78.5,LALITPUR,UTTAR PRADESH,D724,LALITPUR,2.34
20-11-2025,24.5,78.5,LALITPUR,UTTAR PRADESH,D724,LALITPUR,2.09
21-11-2025,24.5,78.5,LALITPUR,UTTAR PRADESH,D724,LALITPUR,1.73
22-11-2025,24.5,78.5,LALITPUR,UTTAR PRADESH,D724,LALITPUR,1.94
23-11-2025,24.5,78.5,LALITPUR,UTTAR PRADESH,D724,LALITPUR,1.55
24-11-2025,24.5,78.5,LALITPUR,UTTAR PRADESH,D724,LALITPUR,1.75
25-11-2025,24.5,78.5,LALITPUR,UTTAR PRADESH,D724,LALITPUR,1.9
26-11-2025,24.5,78.5,LALITPUR,UTTAR PRADESH,D724,LALITPUR,1.9
27-11-2025,24.5,78.5,LALITPUR,UTTAR PRADESH,D724,LALITPUR,1.95
28-11-2025,24.5,78.5,LALITPUR,UTTAR PRADESH,D724,LALITPUR,1.71
29-11-2025,24.5,78.5,LALITPUR,UTTAR PRADESH,D724,LALITPUR,1.78
30-11-2025,24.5,78.5,LALITPUR,UTTAR PRADESH,D724,LALITPUR,2.04
01-12-2025,24.5,78.5,LALITPUR,UTTAR PRADESH,D724,LALITPUR,2.08
02-12-2025,24.5,78.5,LALITPUR,UTTAR PRADESH,D724,LALITPUR,2.12
03-12-2025,24.5,78.5,LALITPUR,UTTAR PRADESH,D724,LALITPUR,2.01
04-12-2025,24.5,78.5,LALITPUR,UTTAR PRADESH,D724,LALITPUR,1.89
05-12-2025,24.5,78.5,LALITPUR,UTTAR PRADESH,D724,LALITPUR,1.98
06-12-2025,24.5,78.5,LALITPUR,UTTAR PRADESH,D724,LALITPUR,2.3
07-12-2025,24.5,78.5,LALITPUR,UTTAR PRADESH,D724,LALITPUR,2.2
08-12-2025,24.5,78.5,LALITPUR,UTTAR PRADESH,D724,LALITPUR,2.3
09-12-2025,24.5,78.5,LALITPUR,UTTAR PRADESH,D724,LALITPUR,2.4
10-12-2025,24.5,78.5,LALITPUR,UTTAR PRADESH,D724,LALITPUR,2.44
11-12-2025,24.5,78.5,LALITPUR,UTTAR PRADESH,D724,LALITPUR,2.57
12-12-2025,24.5,78.5,LALITPUR,UTTAR PRADESH,D724,LALITPUR,2.59
13-12-2025,24.5,78.5,LALITPUR,UTTAR PRADESH,D724,LALITPUR,2.75
14-12-2025,24.5,78.5,LALITPUR,UTTAR PRADESH,D724,LALITPUR,2.53
15-12-2025,24.5,78.5,LALITPUR,UTTAR PRADESH,D724,LALITPUR,2.38
16-12-2025,24.5,78.5,LALITPUR,UTTAR PRADESH,D724,LALITPUR,2.15
17-12-2025,24.5,78.5,LALITPUR,UTTAR PRADESH,D724,LALITPUR,1.97
18-12-2025,24.5,78.5,LALITPUR,UTTAR PRADESH,D724,LALITPUR,1.95
19-12-2025,24.5,78.5,LALITPUR,UTTAR PRADESH,D724,LALITPUR,2.17
20-12-2025,24.5,78.5,LALITPUR,UTTAR PRADESH,D724,LALITPUR,2.13
21-12-2025,24.5,78.5,LALITPUR,UTTAR PRADESH,D724,LALITPUR,2.11
22-12-2025,24.5,78.5,LALITPUR,UTTAR PRADESH,D724,LALITPUR,2.11
23-12-2025,24.5,78.5,LALITPUR,UTTAR PRADESH,D724,LALITPUR,1.77
24-12-2025,24.5,78.5,LALITPUR,UTTAR PRADESH,D724,LALITPUR,1.85
25-12-2025,24.5,78.5,LALITPUR,UTTAR PRADESH,D724,LALITPUR,1.83
26-12-2025,24.5,78.5,LALITPUR,UTTAR PRADESH,D724,LALITPUR,1.99
27-12-2025,24.5,78.5,LALITPUR,UTTAR PRADESH,D724,LALITPUR,2.32
28-12-2025,24.5,78.5,LALITPUR,UTTAR PRADESH,D724,LALITPUR,2.51
29-12-2025,24.5,78.5,LALITPUR,UTTAR PRADESH,D724,LALITPUR,2.29
30-12-2025,24.5,78.5,LALITPUR,UTTAR PRADESH,D724,LALITPUR,2.11
31-12-2025,24.5,78.5,LALITPUR,UTTAR PRADESH,D724,LALITPUR,2.35
01-01-2025,27.5,77.5,MATHURA,UTTAR PRADESH,D728,CHHATA,2.41
02-01-2025,27.5,77.5,MATHURA,UTTAR PRADESH,D728,CHHATA,2.03
03-01-2025,27.5,77.5,MATHURA,UTTAR PRADESH,D728,CHHATA,2.28
04-01-2025,27.5,77.5,MATHURA,UTTAR PRADESH,D728,CHHATA,1.92
05-01-2025,27.5,77.5,MATHURA,UTTAR PRADESH,D728,CHHATA,2.28
06-01-2025,27.5,77.5,MATHURA,UTTAR PRADESH,D728,CHHATA,2.74
07-01-2025,27.5,77.5,MATHURA,UTTAR PRADESH,D728,CHHATA,3.05
08-01-2025,27.5,77.5,MATHURA,UTTAR PRADESH,D728,CHHATA,2.92
09-01-2025,27.5,77.5,MATHURA,UTTAR PRADESH,D728,CHHATA,2.43
10-01-2025,27.5,77.5,MATHURA,UTTAR PRADESH,D728,CHHATA,2.16
11-01-2025,27.5,77.5,MATHURA,UTTAR PRADESH,D728,CHHATA,1.77
12-01-2025,27.5,77.5,MATHURA,UTTAR PRADESH,D728,CHHATA,2.03
13-01-2025,27.5,77.5,MATHURA,UTTAR PRADESH,D728,CHHATA,2.29
14-01-2025,27.5,77.5,MATHURA,UTTAR PRADESH,D728,CHHATA,2.2
15-01-2025,27.5,77.5,MATHURA,UTTAR PRADESH,D728,CHHATA,2.19
16-01-2025,27.5,77.5,MATHURA,UTTAR PRADESH,D728,CHHATA,2.7
17-01-2025,27.5,77.5,MATHURA,UTTAR PRADESH,D728,CHHATA,2.84
18-01-2025,27.5,77.5,MATHURA,UTTAR PRADESH,D728,CHHATA,2.99
19-01-2025,27.5,77.5,MATHURA,UTTAR PRADESH,D728,CHHATA,2.08
20-01-2025,27.5,77.5,MATHURA,UTTAR PRADESH,D728,CHHATA,1.67
21-01-2025,27.5,77.5,MATHURA,UTTAR PRADESH,D728,CHHATA,2.02
22-01-2025,27.5,77.5,MATHURA,UTTAR PRADESH,D728,CHHATA,2.34
23-01-2025,27.5,77.5,MATHURA,UTTAR PRADESH,D728,CHHATA,2.47
24-01-2025,27.5,77.5,MATHURA,UTTAR PRADESH,D728,CHHATA,2.01
25-01-2025,27.5,77.5,MATHURA,UTTAR PRADESH,D728,CHHATA,2.06
26-01-2025,27.5,77.5,MATHURA,UTTAR PRADESH,D728,CHHATA,2.28
27-01-2025,27.5,77.5,MATHURA,UTTAR PRADESH,D728,CHHATA,1.9
28-01-2025,27.5,77.5,MATHURA,UTTAR PRADESH,D728,CHHATA,2.18
29-01-2025,27.5,77.5,MATHURA,UTTAR PRADESH,D728,CHHATA,2.25
30-01-2025,27.5,77.5,MATHURA,UTTAR PRADESH,D728,CHHATA,2.42
31-01-2025,27.5,77.5,MATHURA,UTTAR PRADESH,D728,CHHATA,2.41
01-02-2025,27.5,77.5,MATHURA,UTTAR PRADESH,D728,CHHATA,2.09
02-02-2025,27.5,77.5,MATHURA,UTTAR PRADESH,D728,CHHATA,2.27
03-02-2025,27.5,77.5,MATHURA,UTTAR PRADESH,D728,CHHATA,1.85
04-02-2025,27.5,77.5,MATHURA,UTTAR PRADESH,D728,CHHATA,2.36
05-02-2025,27.5,77.5,MATHURA,UTTAR PRADESH,D728,CHHATA,2.44
06-02-2025,27.5,77.5,MATHURA,UTTAR PRADESH,D728,CHHATA,2.3
07-02-2025,27.5,77.5,MATHURA,UTTAR PRADESH,D728,CHHATA,2.6
08-02-2025,27.5,77.5,MATHURA,UTTAR PRADESH,D728,CHHATA,2.12
09-02-2025,27.5,77.5,MATHURA,UTTAR PRADESH,D728,CHHATA,2.46
10-02-2025,27.5,77.5,MATHURA,UTTAR PRADESH,D728,CHHATA,2.61
11-02-2025,27.5,77.5,MATHURA,UTTAR PRADESH,D728,CHHATA,2.41
12-02-2025,27.5,77.5,MATHURA,UTTAR PRADESH,D728,CHHATA,2.36
13-02-2025,27.5,77.5,MATHURA,UTTAR PRADESH,D728,CHHATA,2.3
14-02-2025,27.5,77.5,MATHURA,UTTAR PRADESH,D728,CHHATA,2.29
15-02-2025,27.5,77.5,MATHURA,UTTAR PRADESH,D728,CHHATA,2.18
16-02-2025,27.5,77.5,MATHURA,UTTAR PRADESH,D728,CHHATA,1.75
17-02-2025,27.5,77.5,MATHURA,UTTAR PRADESH,D728,CHHATA,2.25
18-02-2025,27.5,77.5,MATHURA,UTTAR PRADESH,D728,CHHATA,2.29
19-02-2025,27.5,77.5,MATHURA,UTTAR PRADESH,D728,CHHATA,2.23
20-02-2025,27.5,77.5,MATHURA,UTTAR PRADESH,D728,CHHATA,2.73
21-02-2025,27.5,77.5,MATHURA,UTTAR PRADESH,D728,CHHATA,2.26
22-02-2025,27.5,77.5,MATHURA,UTTAR PRADESH,D728,CHHATA,1.98
23-02-2025,27.5,77.5,MATHURA,UTTAR PRADESH,D728,CHHATA,2.44
24-02-2025,27.5,77.5,MATHURA,UTTAR PRADESH,D728,CHHATA,2.31
25-02-2025,27.5,77.5,MATHURA,UTTAR PRADESH,D728,CHHATA,2.41
26-02-2025,27.5,77.5,MATHURA,UTTAR PRADESH,D728,CHHATA,2.13
27-02-2025,27.5,77.5,MATHURA,UTTAR PRADESH,D728,CHHATA,2.43
28-02-2025,27.5,77.5,MATHURA,UTTAR PRADESH,D728,CHHATA,2.5
29-02-2025,27.5,77.5,MATHURA,UTTAR PRADESH,D728,CHHATA,2.02
01-03-2025,27.5,77.5,MATHURA,UTTAR PRADESH,D728,CHHATA,2.46
02-03-2025,27.5,77.5,MATHURA,UTTAR PRADESH,D728,CHHATA,2.18
03-03-2025,27.5,77.5,MATHURA,UTTAR PRADESH,D728,CHHATA,2.16
04-03-2025,27.5,77.5,MATHURA,UTTAR PRADESH,D728,CHHATA,2.57
05-03-2025,27.5,77.5,MATHURA,UTTAR PRADESH,D728,CHHATA,2.62
06-03-2025,27.5,77.5,MATHURA,UTTAR PRADESH,D728,CHHATA,2.28
07-03-2025,27.5,77.5,MATHURA,UTTAR PRADESH,D728,CHHATA,2.29
08-03-2025,27.5,77.5,MATHURA,UTTAR PRADESH,D728,CHHATA,2.19
09-03-2025,27.5,77.5,MATHURA,UTTAR PRADESH,D728,CHHATA,2.25
10-03-2025,27.5,77.5,MATHURA,UTTAR PRADESH,D728,CHHATA,2.13
11-03-2025,27.5,77.5,MATHURA,UTTAR PRADESH,D728,CHHATA,1.98
12-03-2025,27.5,77.5,MATHURA,UTTAR PRADESH,D728,CHHATA,2.09
13-03-2025,27.5,77.5,MATHURA,UTTAR PRADESH,D728,CHHATA,2.1
14-03-2025,27.5,77.5,MATHURA,UTTAR PRADESH,D728,CHHATA,2.12
15-03-2025,27.5,77.5,MATHURA,UTTAR PRADESH,D728,CHHATA,2.26
16-03-2025,27.5,77.5,MATHURA,UTTAR PRADESH,D728,CHHATA,2.48
17-03-2025,27.5,77.5,MATHURA,UTTAR PRADESH,D728,CHHATA,1.98
18-03-2025,27.5,77.5,MATHURA,UTTAR PRADESH,D728,CHHATA,2.22
19-03-2025,27.5,77.5,MATHURA,UTTAR PRADESH,D728,CHHATA,2.11
20-03-2025,27.5,77.5,MATHURA,UTTAR PRADESH,D728,CHHATA,2.21
21-03-2025,27.5,77.5,MATHURA,UTTAR PRADESH,D728,CHHATA,1.74
22-03-2025,27.5,77.5,MATHURA,UTTAR PRADESH,D728,CHHATA,2.02
23-03-2025,27.5,77.5,MATHURA,UTTAR PRADESH,D728,CHHATA,2.14
24-03-2025,27.5,77.5,MATHURA,UTTAR PRADESH,D728,CHHATA,2.09
25-03-2025,27.5,77.5,MATHURA,UTTAR PRADESH,D728,CHHATA,1.92
26-03-2025,27.5,77.5,MATHURA,UTTAR PRADESH,D728,CHHATA,1.8
27-03-2025,27.5,77.5,MATHURA,UTTAR PRADESH,D728,CHHATA,1.66
28-03-2025,27.5,77.5,MATHURA,UTTAR PRADESH,D728,CHHATA,1.54
29-03-2025,27.5,77.5,MATHURA,UTTAR PRADESH,D728,CHHATA,1.88
30-03-2025,27.5,77.5,MATHURA,UTTAR PRADESH,D728,CHHATA,1.95
31-03-2025,27.5,77.5,MATHURA,UTTAR PRADESH,D728,CHHATA,2
01-04-2025,27.5,77.5,MATHURA,UTTAR PRADESH,D728,CHHATA,2.08
02-04-2025,27.5,77.5,MATHURA,UTTAR PRADESH,D728,CHHATA,2.15
03-04-2025,27.5,77.5,MATHURA,UTTAR PRADESH,D728,CHHATA,2.43
04-04-2025,27.5,77.5,MATHURA,UTTAR PRADESH,D728,CHHATA,2.4
05-04-2025,27.5,77.5,MATHURA,UTTAR PRADESH,D728,CHHATA,2.19
06-04-2025,27.5,77.5,MATHURA,UTTAR PRADESH,D728,CHHATA,2.14
07-04-2025,27.5,77.5,MATHURA,UTTAR PRADESH,D728,CHHATA,2
08-04-2025,27.5,77.5,MATHURA,UTTAR PRADESH,D728,CHHATA,1.96
09-04-2025,27.5,77.5,MATHURA,UTTAR PRADESH,D728,CHHATA,2.11
10-04-2025,27.5,77.5,MATHURA,UTTAR PRADESH,D728,CHHATA,2.45
11-04-2025,27.5,77.5,MATHURA,UTTAR PRADESH,D728,CHHATA,2.04
12-04-2025,27.5,77.5,MATHURA,UTTAR PRADESH,D728,CHHATA,1.96
13-04-2025,27.5,77.5,MATHURA,UTTAR PRADESH,D728,CHHATA,2.05
14-04-2025,27.5,77.5,MATHURA,UTTAR PRADESH,D728,CHHATA,1.71
15-04-2025,27.5,77.5,MATHURA,UTTAR PRADESH,D728,CHHATA,1.67
16-04-2025,27.5,77.5,MATHURA,UTTAR PRADESH,D728,CHHATA,1.82
17-04-2025,27.5,77.5,MATHURA,UTTAR PRADESH,D728,CHHATA,2.41
18-04-2025,27.5,77.5,MATHURA,UTTAR PRADESH,D728,CHHATA,2.64
19-04-2025,27.5,77.5,MATHURA,UTTAR PRADESH,D728,CHHATA,2.54
20-04-2025,27.5,77.5,MATHURA,UTTAR PRADESH,D728,CHHATA,2.56
21-04-2025,27.5,77.5,MATHURA,UTTAR PRADESH,D728,CHHATA,2.74
22-04-2025,27.5,77.5,MATHURA,UTTAR PRADESH,D728,CHHATA,2.35
23-04-2025,27.5,77.5,MATHURA,UTTAR PRADESH,D728,CHHATA,1.85
24-04-2025,27.5,77.5,MATHURA,UTTAR PRADESH,D728,CHHATA,2
25-04-2025,27.5,77.5,MATHURA,UTTAR PRADESH,D728,CHHATA,1.8
26-04-2025,27.5,77.5,MATHURA,UTTAR PRADESH,D728,CHHATA,1.6
27-04-2025,27.5,77.5,MATHURA,UTTAR PRADESH,D728,CHHATA,1.7
28-04-2025,27.5,77.5,MATHURA,UTTAR PRADESH,D728,CHHATA,1.85
29-04-2025,27.5,77.5,MATHURA,UTTAR PRADESH,D728,CHHATA,1.5
30-04-2025,27.5,77.5,MATHURA,UTTAR PRADESH,D728,CHHATA,1.77
01-05-2025,27.5,77.5,MATHURA,UTTAR PRADESH,D728,CHHATA,2.16
02-05-2025,27.5,77.5,MATHURA,UTTAR PRADESH,D728,CHHATA,2.35
03-05-2025,27.5,77.5,MATHURA,UTTAR PRADESH,D728,CHHATA,2.45
04-05-2025,27.5,77.5,MATHURA,UTTAR PRADESH,D728,CHHATA,2.28
05-05-2025,27.5,77.5,MATHURA,UTTAR PRADESH,D728,CHHATA,1.96
06-05-2025,27.5,77.5,MATHURA,UTTAR PRADESH,D728,CHHATA,1.87
07-05-2025,27.5,77.5,MATHURA,UTTAR PRADESH,D728,CHHATA,1.89
08-05-2025,27.5,77.5,MATHURA,UTTAR PRADESH,D728,CHHATA,1.89
09-05-2025,27.5,77.5,MATHURA,UTTAR PRADESH,D728,CHHATA,1.89
10-05-2025,27.5,77.5,MATHURA,UTTAR PRADESH,D728,CHHATA,2.53
11-05-2025,27.5,77.5,MATHURA,UTTAR PRADESH,D728,CHHATA,2.38
12-05-2025,27.5,77.5,MATHURA,UTTAR PRADESH,D728,CHHATA,2.21
13-05-2025,27.5,77.5,MATHURA,UTTAR PRADESH,D728,CHHATA,2.28
14-05-2025,27.5,77.5,MATHURA,UTTAR PRADESH,D728,CHHATA,2.28
15-05-2025,27.5,77.5,MATHURA,UTTAR PRADESH,D728,CHHATA,2.18
16-05-2025,27.5,77.5,MATHURA,UTTAR PRADESH,D728,CHHATA,2.3
17-05-2025,27.5,77.5,MATHURA,UTTAR PRADESH,D728,CHHATA,2.12
18-05-2025,27.5,77.5,MATHURA,UTTAR PRADESH,D728,CHHATA,2.29
19-05-2025,27.5,77.5,MATHURA,UTTAR PRADESH,D728,CHHATA,2.3
20-05-2025,27.5,77.5,MATHURA,UTTAR PRADESH,D728,CHHATA,2.55
21-05-2025,27.5,77.5,MATHURA,UTTAR PRADESH,D728,CHHATA,2.17
22-05-2025,27.5,77.5,MATHURA,UTTAR PRADESH,D728,CHHATA,2.46
23-05-2025,27.5,77.5,MATHURA,UTTAR PRADESH,D728,CHHATA,2.15
24-05-2025,27.5,77.5,MATHURA,UTTAR PRADESH,D728,CHHATA,2.45
25-05-2025,27.5,77.5,MATHURA,UTTAR PRADESH,D728,CHHATA,2.28
26-05-2025,27.5,77.5,MATHURA,UTTAR PRADESH,D728,CHHATA,2.76
27-05-2025,27.5,77.5,MATHURA,UTTAR PRADESH,D728,CHHATA,2.23
28-05-2025,27.5,77.5,MATHURA,UTTAR PRADESH,D728,CHHATA,2.5
29-05-2025,27.5,77.5,MATHURA,UTTAR PRADESH,D728,CHHATA,2.48
30-05-2025,27.5,77.5,MATHURA,UTTAR PRADESH,D728,CHHATA,2.48
31-05-2025,27.5,77.5,MATHURA,UTTAR PRADESH,D728,CHHATA,2.19
01-06-2025,27.5,77.5,MATHURA,UTTAR PRADESH,D728,CHHATA,2.44
02-06-2025,27.5,77.5,MATHURA,UTTAR PRADESH,D728,CHHATA,2.24
03-06-2025,27.5,77.5,MATHURA,UTTAR PRADESH,D728,CHHATA,2.48
04-06-2025,27.5,77.5,MATHURA,UTTAR PRADESH,D728,CHHATA,2.43
05-06-2025,27.5,77.5,MATHURA,UTTAR PRADESH,D728,CHHATA,2.57
06-06-2025,27.5,77.5,MATHURA,UTTAR PRADESH,D728,CHHATA,2.11
07-06-2025,27.5,77.5,MATHURA,UTTAR PRADESH,D728,CHHATA,1.91
08-06-2025,27.5,77.5,MATHURA,UTTAR PRADESH,D728,CHHATA,2.16
09-06-2025,27.5,77.5,MATHURA,UTTAR PRADESH,D728,CHHATA,1.92
10-06-2025,27.5,77.5,MATHURA,UTTAR PRADESH,D728,CHHATA,2.05
11-06-2025,27.5,77.5,MATHURA,UTTAR PRADESH,D728,CHHATA,2.06
12-06-2025,27.5,77.5,MATHURA,UTTAR PRADESH,D728,CHHATA,1.76
13-06-2025,27.5,77.5,MATHURA,UTTAR PRADESH,D728,CHHATA,1.94
14-06-2025,27.5,77.5,MATHURA,UTTAR PRADESH,D728,CHHATA,1.77
15-06-2025,27.5,77.5,MATHURA,UTTAR PRADESH,D728,CHHATA,1.6
16-06-2025,27.5,77.5,MATHURA,UTTAR PRADESH,D728,CHHATA,2.03
17-06-2025,27.5,77.5,MATHURA,UTTAR PRADESH,D728,CHHATA,2.16
18-06-2025,27.5,77.5,MATHURA,UTTAR PRADESH,D728,CHHATA,2.03
19-06-2025,27.5,77.5,MATHURA,UTTAR PRADESH,D728,CHHATA,1.95
20-06-2025,27.5,77.5,MATHURA,UTTAR PRADESH,D728,CHHATA,1.67
21-06-2025,27.5,77.5,MATHURA,UTTAR PRADESH,D728,CHHATA,1.97
22-06-2025,27.5,77.5,MATHURA,UTTAR PRADESH,D728,CHHATA,2.12
23-06-2025,27.5,77.5,MATHURA,UTTAR PRADESH,D728,CHHATA,1.78
24-06-2025,27.5,77.5,MATHURA,UTTAR PRADESH,D728,CHHATA,1.77
25-06-2025,27.5,77.5,MATHURA,UTTAR PRADESH,D728,CHHATA,1.58
26-06-2025,27.5,77.5,MATHURA,UTTAR PRADESH,D728,CHHATA,1.72
27-06-2025,27.5,77.5,MATHURA,UTTAR PRADESH,D728,CHHATA,1.72
28-06-2025,27.5,77.5,MATHURA,UTTAR PRADESH,D728,CHHATA,1.5
29-06-2025,27.5,77.5,MATHURA,UTTAR PRADESH,D728,CHHATA,1.43
30-06-2025,27.5,77.5,MATHURA,UTTAR PRADESH,D728,CHHATA,1.58
01-07-2025,27.5,77.5,MATHURA,UTTAR PRADESH,D728,CHHATA,1.61
02-07-2025,27.5,77.5,MATHURA,UTTAR PRADESH,D728,CHHATA,1.52
03-07-2025,27.5,77.5,MATHURA,UTTAR PRADESH,D728,CHHATA,1.43
04-07-2025,27.5,77.5,MATHURA,UTTAR PRADESH,D728,CHHATA,1.26
05-07-2025,27.5,77.5,MATHURA,UTTAR PRADESH,D728,CHHATA,1.33
06-07-2025,27.5,77.5,MATHURA,UTTAR PRADESH,D728,CHHATA,1.3
07-07-2025,27.5,77.5,MATHURA,UTTAR PRADESH,D728,CHHATA,1.46
08-07-2025,27.5,77.5,MATHURA,UTTAR PRADESH,D728,CHHATA,1.6
09-07-2025,27.5,77.5,MATHURA,UTTAR PRADESH,D728,CHHATA,1.32
10-07-2025,27.5,77.5,MATHURA,UTTAR PRADESH,D728,CHHATA,1.46
11-07-2025,27.5,77.5,MATHURA,UTTAR PRADESH,D728,CHHATA,1.5
12-07-2025,27.5,77.5,MATHURA,UTTAR PRADESH,D728,CHHATA,1.43
13-07-2025,27.5,77.5,MATHURA,UTTAR PRADESH,D728,CHHATA,1.41
14-07-2025,27.5,77.5,MATHURA,UTTAR PRADESH,D728,CHHATA,1.17
15-07-2025,27.5,77.5,MATHURA,UTTAR PRADESH,D728,CHHATA,1.11
16-07-2025,27.5,77.5,MATHURA,UTTAR PRADESH,D728,CHHATA,1.18
17-07-2025,27.5,77.5,MATHURA,UTTAR PRADESH,D728,CHHATA,1.24
18-07-2025,27.5,77.5,MATHURA,UTTAR PRADESH,D728,CHHATA,1.18
19-07-2025,27.5,77.5,MATHURA,UTTAR PRADESH,D728,CHHATA,1.35
20-07-2025,27.5,77.5,MATHURA,UTTAR PRADESH,D728,CHHATA,1.13
21-07-2025,27.5,77.5,MATHURA,UTTAR PRADESH,D728,CHHATA,1.14
22-07-2025,27.5,77.5,MATHURA,UTTAR PRADESH,D728,CHHATA,1.12
23-07-2025,27.5,77.5,MATHURA,UTTAR PRADESH,D728,CHHATA,1.19
24-07-2025,27.5,77.5,MATHURA,UTTAR PRADESH,D728,CHHATA,1.21
25-07-2025,27.5,77.5,MATHURA,UTTAR PRADESH,D728,CHHATA,1.02
26-07-2025,27.5,77.5,MATHURA,UTTAR PRADESH,D728,CHHATA,1.05
27-07-2025,27.5,77.5,MATHURA,UTTAR PRADESH,D728,CHHATA,1.04
28-07-2025,27.5,77.5,MATHURA,UTTAR PRADESH,D728,CHHATA,1.2
29-07-2025,27.5,77.5,MATHURA,UTTAR PRADESH,D728,CHHATA,1.14
30-07-2025,27.5,77.5,MATHURA,UTTAR PRADESH,D728,CHHATA,1.05
31-07-2025,27.5,77.5,MATHURA,UTTAR PRADESH,D728,CHHATA,1.09
01-08-2025,27.5,77.5,MATHURA,UTTAR PRADESH,D728,CHHATA,1.03
02-08-2025,27.5,77.5,MATHURA,UTTAR PRADESH,D728,CHHATA,0.95
03-08-2025,27.5,77.5,MATHURA,UTTAR PRADESH,D728,CHHATA,1.01
04-08-2025,27.5,77.5,MATHURA,UTTAR PRADESH,D728,CHHATA,0.88
05-08-2025,27.5,77.5,MATHURA,UTTAR PRADESH,D728,CHHATA,0.82
06-08-2025,27.5,77.5,MATHURA,UTTAR PRADESH,D728,CHHATA,0.78
07-08-2025,27.5,77.5,MATHURA,UTTAR PRADESH,D728,CHHATA,0.9
08-08-2025,27.5,77.5,MATHURA,UTTAR PRADESH,D728,CHHATA,1.05
09-08-2025,27.5,77.5,MATHURA,UTTAR PRADESH,D728,CHHATA,0.93
10-08-2025,27.5,77.5,MATHURA,UTTAR PRADESH,D728,CHHATA,0.85
11-08-2025,27.5,77.5,MATHURA,UTTAR PRADESH,D728,CHHATA,0.82
12-08-2025,27.5,77.5,MATHURA,UTTAR PRADESH,D728,CHHATA,0.69
13-08-2025,27.5,77.5,MATHURA,UTTAR PRADESH,D728,CHHATA,0.71
14-08-2025,27.5,77.5,MATHURA,UTTAR PRADESH,D728,CHHATA,0.68
15-08-2025,27.5,77.5,MATHURA,UTTAR PRADESH,D728,CHHATA,0.76
16-08-2025,27.5,77.5,MATHURA,UTTAR PRADESH,D728,CHHATA,0.84
17-08-2025,27.5,77.5,MATHURA,UTTAR PRADESH,D728,CHHATA,0.88
18-08-2025,27.5,77.5,MATHURA,UTTAR PRADESH,D728,CHHATA,1.01
19-08-2025,27.5,77.5,MATHURA,UTTAR PRADESH,D728,CHHATA,0.71
20-08-2025,27.5,77.5,MATHURA,UTTAR PRADESH,D728,CHHATA,0.81
21-08-2025,27.5,77.5,MATHURA,UTTAR PRADESH,D728,CHHATA,0.84
22-08-2025,27.5,77.5,MATHURA,UTTAR PRADESH,D728,CHHATA,0.92
23-08-2025,27.5,77.5,MATHURA,UTTAR PRADESH,D728,CHHATA,0.92
24-08-2025,27.5,77.5,MATHURA,UTTAR PRADESH,D728,CHHATA,0.78
25-08-2025,27.5,77.5,MATHURA,UTTAR PRADESH,D728,CHHATA,0.77
26-08-2025,27.5,77.5,MATHURA,UTTAR PRADESH,D728,CHHATA,0.75
27-08-2025,27.5,77.5,MATHURA,UTTAR PRADESH,D728,CHHATA,0.71
28-08-2025,27.5,77.5,MATHURA,UTTAR PRADESH,D728,CHHATA,0.81
29-08-2025,27.5,77.5,MATHURA,UTTAR PRADESH,D728,CHHATA,0.8
30-08-2025,27.5,77.5,MATHURA,UTTAR PRADESH,D728,CHHATA,0.78
31-08-2025,27.5,77.5,MATHURA,UTTAR PRADESH,D728,CHHATA,0.77
01-09-2025,27.5,77.5,MATHURA,UTTAR PRADESH,D728,CHHATA,0.97
02-09-2025,27.5,77.5,MATHURA,UTTAR PRADESH,D728,CHHATA,1.04
03-09-2025,27.5,77.5,MATHURA,UTTAR PRADESH,D728,CHHATA,0.83
04-09-2025,27.5,77.5,MATHURA,UTTAR PRADESH,D728,CHHATA,0.79
05-09-2025,27.5,77.5,MATHURA,UTTAR PRADESH,D728,CHHATA,0.84
06-09-2025,27.5,77.5,MATHURA,UTTAR PRADESH,D728,CHHATA,0.87
07-09-2025,27.5,77.5,MATHURA,UTTAR PRADESH,D728,CHHATA,1.05
08-09-2025,27.5,77.5,MATHURA,UTTAR PRADESH,D728,CHHATA,0.92
09-09-2025,27.5,77.5,MATHURA,UTTAR PRADESH,D728,CHHATA,0.97
10-09-2025,27.5,77.5,MATHURA,UTTAR PRADESH,D728,CHHATA,0.9
11-09-2025,27.5,77.5,MATHURA,UTTAR PRADESH,D728,CHHATA,0.9
12-09-2025,27.5,77.5,MATHURA,UTTAR PRADESH,D728,CHHATA,0.95
13-09-2025,27.5,77.5,MATHURA,UTTAR PRADESH,D728,CHHATA,0.9
14-09-2025,27.5,77.5,MATHURA,UTTAR PRADESH,D728,CHHATA,0.97
15-09-2025,27.5,77.5,MATHURA,UTTAR PRADESH,D728,CHHATA,0.93
16-09-2025,27.5,77.5,MATHURA,UTTAR PRADESH,D728,CHHATA,0.93
17-09-2025,27.5,77.5,MATHURA,UTTAR PRADESH,D728,CHHATA,0.93
18-09-2025,27.5,77.5,MATHURA,UTTAR PRADESH,D728,CHHATA,1.02
19-09-2025,27.5,77.5,MATHURA,UTTAR PRADESH,D728,CHHATA,1.12
20-09-2025,27.5,77.5,MATHURA,UTTAR PRADESH,D728,CHHATA,1.11
21-09-2025,27.5,77.5,MATHURA,UTTAR PRADESH,D728,CHHATA,1.17
22-09-2025,27.5,77.5,MATHURA,UTTAR PRADESH,D728,CHHATA,1.15
23-09-2025,27.5,77.5,MATHURA,UTTAR PRADESH,D728,CHHATA,1.14
24-09-2025,27.5,77.5,MATHURA,UTTAR PRADESH,D728,CHHATA,1.08
25-09-2025,27.5,77.5,MATHURA,UTTAR PRADESH,D728,CHHATA,1.09
26-09-2025,27.5,77.5,MATHURA,UTTAR PRADESH,D728,CHHATA,1.01
27-09-2025,27.5,77.5,MATHURA,UTTAR PRADESH,D728,CHHATA,1.09
28-09-2025,27.5,77.5,MATHURA,UTTAR PRADESH,D728,CHHATA,1.23
29-09-2025,27.5,77.5,MATHURA,UTTAR PRADESH,D728,CHHATA,1.41
30-09-2025,27.5,77.5,MATHURA,UTTAR PRADESH,D728,CHHATA,1.48
01-10-2025,27.5,77.5,MATHURA,UTTAR PRADESH,D728,CHHATA,1.43
02-10-2025,27.5,77.5,MATHURA,UTTAR PRADESH,D728,CHHATA,1.83
03-10-2025,27.5,77.5,MATHURA,UTTAR PRADESH,D728,CHHATA,1.67
04-10-2025,27.5,77.5,MATHURA,UTTAR PRADESH,D728,CHHATA,1.78
05-10-2025,27.5,77.5,MATHURA,UTTAR PRADESH,D728,CHHATA,1.68
06-10-2025,27.5,77.5,MATHURA,UTTAR PRADESH,D728,CHHATA,1.47
07-10-2025,27.5,77.5,MATHURA,UTTAR PRADESH,D728,CHHATA,1.53
08-10-2025,27.5,77.5,MATHURA,UTTAR PRADESH,D728,CHHATA,1.53
09-10-2025,27.5,77.5,MATHURA,UTTAR PRADESH,D728,CHHATA,1.59
10-10-2025,27.5,77.5,MATHURA,UTTAR PRADESH,D728,CHHATA,1.5
11-10-2025,27.5,77.5,MATHURA,UTTAR PRADESH,D728,CHHATA,1.33
12-10-2025,27.5,77.5,MATHURA,UTTAR PRADESH,D728,CHHATA,1.35
13-10-2025,27.5,77.5,MATHURA,UTTAR PRADESH,D728,CHHATA,1.28
14-10-2025,27.5,77.5,MATHURA,UTTAR PRADESH,D728,CHHATA,1.68
15-10-2025,27.5,77.5,MATHURA,UTTAR PRADESH,D728,CHHATA,1.73
16-10-2025,27.5,77.5,MATHURA,UTTAR PRADESH,D728,CHHATA,1.45
17-10-2025,27.5,77.5,MATHURA,UTTAR PRADESH,D728,CHHATA,1.66
18-10-2025,27.5,77.5,MATHURA,UTTAR PRADESH,D728,CHHATA,1.63
19-10-2025,27.5,77.5,MATHURA,UTTAR PRADESH,D728,CHHATA,1.65
20-10-2025,27.5,77.5,MATHURA,UTTAR PRADESH,D728,CHHATA,1.64
21-10-2025,27.5,77.5,MATHURA,UTTAR PRADESH,D728,CHHATA,1.62
22-10-2025,27.5,77.5,MATHURA,UTTAR PRADESH,D728,CHHATA,1.58
23-10-2025,27.5,77.5,MATHURA,UTTAR PRADESH,D728,CHHATA,1.48
24-10-2025,27.5,77.5,MATHURA,UTTAR PRADESH,D728,CHHATA,1.49
25-10-2025,27.5,77.5,MATHURA,UTTAR PRADESH,D728,CHHATA,1.64
26-10-2025,27.5,77.5,MATHURA,UTTAR PRADESH,D728,CHHATA,1.28
27-10-2025,27.5,77.5,MATHURA,UTTAR PRADESH,D728,CHHATA,1.3
28-10-2025,27.5,77.5,MATHURA,UTTAR PRADESH,D728,CHHATA,1.5
29-10-2025,27.5,77.5,MATHURA,UTTAR PRADESH,D728,CHHATA,1.6
30-10-2025,27.5,77.5,MATHURA,UTTAR PRADESH,D728,CHHATA,1.75
31-10-2025,27.5,77.5,MATHURA,UTTAR PRADESH,D728,CHHATA,1.72
01-11-2025,27.5,77.5,MATHURA,UTTAR PRADESH,D728,CHHATA,1.68
02-11-2025,27.5,77.5,MATHURA,UTTAR PRADESH,D728,CHHATA,1.55
03-11-2025,27.5,77.5,MATHURA,UTTAR PRADESH,D728,CHHATA,1.7
04-11-2025,27.5,77.5,MATHURA,UTTAR PRADESH,D728,CHHATA,1.72
05-11-2025,27.5,77.5,MATHURA,UTTAR PRADESH,D728,CHHATA,1.89
06-11-2025,27.5,77.5,MATHURA,UTTAR PRADESH,D728,CHHATA,1.9
07-11-2025,27.5,77.5,MATHURA,UTTAR PRADESH,D728,CHHATA,2.03
08-11-2025,27.5,77.5,MATHURA,UTTAR PRADESH,D728,CHHATA,2.11
09-11-2025,27.5,77.5,MATHURA,UTTAR PRADESH,D728,CHHATA,2.18
10-11-2025,27.5,77.5,MATHURA,UTTAR PRADESH,D728,CHHATA,2.17
11-11-2025,27.5,77.5,MATHURA,UTTAR PRADESH,D728,CHHATA,1.92
12-11-2025,27.5,77.5,MATHURA,UTTAR PRADESH,D728,CHHATA,1.82
13-11-2025,27.5,77.5,MATHURA,UTTAR PRADESH,D728,CHHATA,1.68
14-11-2025,27.5,77.5,MATHURA,UTTAR PRADESH,D728,CHHATA,2.13
15-11-2025,27.5,77.5,MATHURA,UTTAR PRADESH,D728,CHHATA,2.03
16-11-2025,27.5,77.5,MATHURA,UTTAR PRADESH,D728,CHHATA,2.17
17-11-2025,27.5,77.5,MATHURA,UTTAR PRADESH,D728,CHHATA,2.18
18-11-2025,27.5,77.5,MATHURA,UTTAR PRADESH,D728,CHHATA,2.04
19-11-2025,27.5,77.5,MATHURA,UTTAR PRADESH,D728,CHHATA,1.67
20-11-2025,27.5,77.5,MATHURA,UTTAR PRADESH,D728,CHHATA,1.6
21-11-2025,27.5,77.5,MATHURA,UTTAR PRADESH,D728,CHHATA,1.26
22-11-2025,27.5,77.5,MATHURA,UTTAR PRADESH,D728,CHHATA,1.59
23-11-2025,27.5,77.5,MATHURA,UTTAR PRADESH,D728,CHHATA,1.89
24-11-2025,27.5,77.5,MATHURA,UTTAR PRADESH,D728,CHHATA,1.65
25-11-2025,27.5,77.5,MATHURA,UTTAR PRADESH,D728,CHHATA,1.79
26-11-2025,27.5,77.5,MATHURA,UTTAR PRADESH,D728,CHHATA,2.08
27-11-2025,27.5,77.5,MATHURA,UTTAR PRADESH,D728,CHHATA,1.81
28-11-2025,27.5,77.5,MATHURA,UTTAR PRADESH,D728,CHHATA,1.73
29-11-2025,27.5,77.5,MATHURA,UTTAR PRADESH,D728,CHHATA,1.63
30-11-2025,27.5,77.5,MATHURA,UTTAR PRADESH,D728,CHHATA,1.87
01-12-2025,27.5,77.5,MATHURA,UTTAR PRADESH,D728,CHHATA,2.04
02-12-2025,27.5,77.5,MATHURA,UTTAR PRADESH,D728,CHHATA,2.25
03-12-2025,27.5,77.5,MATHURA,UTTAR PRADESH,D728,CHHATA,1.98
04-12-2025,27.5,77.5,MATHURA,UTTAR PRADESH,D728,CHHATA,1.9
05-12-2025,27.5,77.5,MATHURA,UTTAR PRADESH,D728,CHHATA,1.98
06-12-2025,27.5,77.5,MATHURA,UTTAR PRADESH,D728,CHHATA,2.1
07-12-2025,27.5,77.5,MATHURA,UTTAR PRADESH,D728,CHHATA,2.07
08-12-2025,27.5,77.5,MATHURA,UTTAR PRADESH,D728,CHHATA,1.92
09-12-2025,27.5,77.5,MATHURA,UTTAR PRADESH,D728,CHHATA,2.28
10-12-2025,27.5,77.5,MATHURA,UTTAR PRADESH,D728,CHHATA,2.18
11-12-2025,27.5,77.5,MATHURA,UTTAR PRADESH,D728,CHHATA,2.44
12-12-2025,27.5,77.5,MATHURA,UTTAR PRADESH,D728,CHHATA,2.51
13-12-2025,27.5,77.5,MATHURA,UTTAR PRADESH,D728,CHHATA,2.29
14-12-2025,27.5,77.5,MATHURA,UTTAR PRADESH,D728,CHHATA,2.11
15-12-2025,27.5,77.5,MATHURA,UTTAR PRADESH,D728,CHHATA,2.32
16-12-2025,27.5,77.5,MATHURA,UTTAR PRADESH,D728,CHHATA,2.36
17-12-2025,27.5,77.5,MATHURA,UTTAR PRADESH,D728,CHHATA,2
18-12-2025,27.5,77.5,MATHURA,UTTAR PRADESH,D728,CHHATA,2.07
19-12-2025,27.5,77.5,MATHURA,UTTAR PRADESH,D728,CHHATA,2.62
20-12-2025,27.5,77.5,MATHURA,UTTAR PRADESH,D728,CHHATA,2.59
21-12-2025,27.5,77.5,MATHURA,UTTAR PRADESH,D728,CHHATA,2.36
22-12-2025,27.5,77.5,MATHURA,UTTAR PRADESH,D728,CHHATA,2.18
23-12-2025,27.5,77.5,MATHURA,UTTAR PRADESH,D728,CHHATA,1.74
24-12-2025,27.5,77.5,MATHURA,UTTAR PRADESH,D728,CHHATA,1.74
25-12-2025,27.5,77.5,MATHURA,UTTAR PRADESH,D728,CHHATA,1.73
26-12-2025,27.5,77.5,MATHURA,UTTAR PRADESH,D728,CHHATA,1.77
27-12-2025,27.5,77.5,MATHURA,UTTAR PRADESH,D728,CHHATA,2.03
28-12-2025,27.5,77.5,MATHURA,UTTAR PRADESH,D728,CHHATA,2.09
29-12-2025,27.5,77.5,MATHURA,UTTAR PRADESH,D728,CHHATA,2.1
30-12-2025,27.5,77.5,MATHURA,UTTAR PRADESH,D728,CHHATA,2.18
31-12-2025,27.5,77.5,MATHURA,UTTAR PRADESH,D728,CHHATA,2.32
01-01-2025,29.5,77.5,MUZAFFARNAGAR,UTTAR PRADESH,D733,BUDHANA,2.02
02-01-2025,29.5,77.5,MUZAFFARNAGAR,UTTAR PRADESH,D733,BUDHANA,1.88
03-01-2025,29.5,77.5,MUZAFFARNAGAR,UTTAR PRADESH,D733,BUDHANA,1.99
04-01-2025,29.5,77.5,MUZAFFARNAGAR,UTTAR PRADESH,D733,BUDHANA,1.52
05-01-2025,29.5,77.5,MUZAFFARNAGAR,UTTAR PRADESH,D733,BUDHANA,1.95
06-01-2025,29.5,77.5,MUZAFFARNAGAR,UTTAR PRADESH,D733,BUDHANA,2.23
07-01-2025,29.5,77.5,MUZAFFARNAGAR,UTTAR PRADESH,D733,BUDHANA,2.32
08-01-2025,29.5,77.5,MUZAFFARNAGAR,UTTAR PRADESH,D733,BUDHANA,2.22
09-01-2025,29.5,77.5,MUZAFFARNAGAR,UTTAR PRADESH,D733,BUDHANA,1.9
10-01-2025,29.5,77.5,MUZAFFARNAGAR,UTTAR PRADESH,D733,BUDHANA,1.77
11-01-2025,29.5,77.5,MUZAFFARNAGAR,UTTAR PRADESH,D733,BUDHANA,1.71
12-01-2025,29.5,77.5,MUZAFFARNAGAR,UTTAR PRADESH,D733,BUDHANA,1.84
13-01-2025,29.5,77.5,MUZAFFARNAGAR,UTTAR PRADESH,D733,BUDHANA,1.96
14-01-2025,29.5,77.5,MUZAFFARNAGAR,UTTAR PRADESH,D733,BUDHANA,1.99
15-01-2025,29.5,77.5,MUZAFFARNAGAR,UTTAR PRADESH,D733,BUDHANA,2.03
16-01-2025,29.5,77.5,MUZAFFARNAGAR,UTTAR PRADESH,D733,BUDHANA,2.19
17-01-2025,29.5,77.5,MUZAFFARNAGAR,UTTAR PRADESH,D733,BUDHANA,2.46
18-01-2025,29.5,77.5,MUZAFFARNAGAR,UTTAR PRADESH,D733,BUDHANA,2.3
19-01-2025,29.5,77.5,MUZAFFARNAGAR,UTTAR PRADESH,D733,BUDHANA,1.73
20-01-2025,29.5,77.5,MUZAFFARNAGAR,UTTAR PRADESH,D733,BUDHANA,1.6
21-01-2025,29.5,77.5,MUZAFFARNAGAR,UTTAR PRADESH,D733,BUDHANA,1.87
22-01-2025,29.5,77.5,MUZAFFARNAGAR,UTTAR PRADESH,D733,BUDHANA,2.13
23-01-2025,29.5,77.5,MUZAFFARNAGAR,UTTAR PRADESH,D733,BUDHANA,2.26
24-01-2025,29.5,77.5,MUZAFFARNAGAR,UTTAR PRADESH,D733,BUDHANA,2.21
25-01-2025,29.5,77.5,MUZAFFARNAGAR,UTTAR PRADESH,D733,BUDHANA,1.97
26-01-2025,29.5,77.5,MUZAFFARNAGAR,UTTAR PRADESH,D733,BUDHANA,2.2
27-01-2025,29.5,77.5,MUZAFFARNAGAR,UTTAR PRADESH,D733,BUDHANA,1.6
28-01-2025,29.5,77.5,MUZAFFARNAGAR,UTTAR PRADESH,D733,BUDHANA,1.86
29-01-2025,29.5,77.5,MUZAFFARNAGAR,UTTAR PRADESH,D733,BUDHANA,2
30-01-2025,29.5,77.5,MUZAFFARNAGAR,UTTAR PRADESH,D733,BUDHANA,2.22
31-01-2025,29.5,77.5,MUZAFFARNAGAR,UTTAR PRADESH,D733,BUDHANA,2.11
01-02-2025,29.5,77.5,MUZAFFARNAGAR,UTTAR PRADESH,D733,BUDHANA,2.06
02-02-2025,29.5,77.5,MUZAFFARNAGAR,UTTAR PRADESH,D733,BUDHANA,2.02
03-02-2025,29.5,77.5,MUZAFFARNAGAR,UTTAR PRADESH,D733,BUDHANA,1.54
04-02-2025,29.5,77.5,MUZAFFARNAGAR,UTTAR PRADESH,D733,BUDHANA,1.93
05-02-2025,29.5,77.5,MUZAFFARNAGAR,UTTAR PRADESH,D733,BUDHANA,2.28
06-02-2025,29.5,77.5,MUZAFFARNAGAR,UTTAR PRADESH,D733,BUDHANA,2
07-02-2025,29.5,77.5,MUZAFFARNAGAR,UTTAR PRADESH,D733,BUDHANA,2.36
08-02-2025,29.5,77.5,MUZAFFARNAGAR,UTTAR PRADESH,D733,BUDHANA,1.88
09-02-2025,29.5,77.5,MUZAFFARNAGAR,UTTAR PRADESH,D733,BUDHANA,2.3
10-02-2025,29.5,77.5,MUZAFFARNAGAR,UTTAR PRADESH,D733,BUDHANA,2.31
11-02-2025,29.5,77.5,MUZAFFARNAGAR,UTTAR PRADESH,D733,BUDHANA,2.21
12-02-2025,29.5,77.5,MUZAFFARNAGAR,UTTAR PRADESH,D733,BUDHANA,2.03
13-02-2025,29.5,77.5,MUZAFFARNAGAR,UTTAR PRADESH,D733,BUDHANA,2.25
14-02-2025,29.5,77.5,MUZAFFARNAGAR,UTTAR PRADESH,D733,BUDHANA,2.11
15-02-2025,29.5,77.5,MUZAFFARNAGAR,UTTAR PRADESH,D733,BUDHANA,1.92
16-02-2025,29.5,77.5,MUZAFFARNAGAR,UTTAR PRADESH,D733,BUDHANA,1.87
17-02-2025,29.5,77.5,MUZAFFARNAGAR,UTTAR PRADESH,D733,BUDHANA,2.22
18-02-2025,29.5,77.5,MUZAFFARNAGAR,UTTAR PRADESH,D733,BUDHANA,2.37
19-02-2025,29.5,77.5,MUZAFFARNAGAR,UTTAR PRADESH,D733,BUDHANA,2.27
20-02-2025,29.5,77.5,MUZAFFARNAGAR,UTTAR PRADESH,D733,BUDHANA,2.65
21-02-2025,29.5,77.5,MUZAFFARNAGAR,UTTAR PRADESH,D733,BUDHANA,2.09
22-02-2025,29.5,77.5,MUZAFFARNAGAR,UTTAR PRADESH,D733,BUDHANA,1.88
23-02-2025,29.5,77.5,MUZAFFARNAGAR,UTTAR PRADESH,D733,BUDHANA,2.19
24-02-2025,29.5,77.5,MUZAFFARNAGAR,UTTAR PRADESH,D733,BUDHANA,2.15
25-02-2025,29.5,77.5,MUZAFFARNAGAR,UTTAR PRADESH,D733,BUDHANA,2.28
26-02-2025,29.5,77.5,MUZAFFARNAGAR,UTTAR PRADESH,D733,BUDHANA,2.07
27-02-2025,29.5,77.5,MUZAFFARNAGAR,UTTAR PRADESH,D733,BUDHANA,2.37
28-02-2025,29.5,77.5,MUZAFFARNAGAR,UTTAR PRADESH,D733,BUDHANA,2.29
29-02-2025,29.5,77.5,MUZAFFARNAGAR,UTTAR PRADESH,D733,BUDHANA,1.56
01-03-2025,29.5,77.5,MUZAFFARNAGAR,UTTAR PRADESH,D733,BUDHANA,2.2
02-03-2025,29.5,77.5,MUZAFFARNAGAR,UTTAR PRADESH,D733,BUDHANA,1.8
03-03-2025,29.5,77.5,MUZAFFARNAGAR,UTTAR PRADESH,D733,BUDHANA,1.84
04-03-2025,29.5,77.5,MUZAFFARNAGAR,UTTAR PRADESH,D733,BUDHANA,2.29
05-03-2025,29.5,77.5,MUZAFFARNAGAR,UTTAR PRADESH,D733,BUDHANA,2.41
06-03-2025,29.5,77.5,MUZAFFARNAGAR,UTTAR PRADESH,D733,BUDHANA,2
07-03-2025,29.5,77.5,MUZAFFARNAGAR,UTTAR PRADESH,D733,BUDHANA,2.18
08-03-2025,29.5,77.5,MUZAFFARNAGAR,UTTAR PRADESH,D733,BUDHANA,1.97
09-03-2025,29.5,77.5,MUZAFFARNAGAR,UTTAR PRADESH,D733,BUDHANA,2.12
10-03-2025,29.5,77.5,MUZAFFARNAGAR,UTTAR PRADESH,D733,BUDHANA,2.19
11-03-2025,29.5,77.5,MUZAFFARNAGAR,UTTAR PRADESH,D733,BUDHANA,2.02
12-03-2025,29.5,77.5,MUZAFFARNAGAR,UTTAR PRADESH,D733,BUDHANA,2.22
13-03-2025,29.5,77.5,MUZAFFARNAGAR,UTTAR PRADESH,D733,BUDHANA,2.12
14-03-2025,29.5,77.5,MUZAFFARNAGAR,UTTAR PRADESH,D733,BUDHANA,2.23
15-03-2025,29.5,77.5,MUZAFFARNAGAR,UTTAR PRADESH,D733,BUDHANA,2.45
16-03-2025,29.5,77.5,MUZAFFARNAGAR,UTTAR PRADESH,D733,BUDHANA,2.28
17-03-2025,29.5,77.5,MUZAFFARNAGAR,UTTAR PRADESH,D733,BUDHANA,2
18-03-2025,29.5,77.5,MUZAFFARNAGAR,UTTAR PRADESH,D733,BUDHANA,2.12
19-03-2025,29.5,77.5,MUZAFFARNAGAR,UTTAR PRADESH,D733,BUDHANA,2.11
20-03-2025,29.5,77.5,MUZAFFARNAGAR,UTTAR PRADESH,D733,BUDHANA,1.97
21-03-2025,29.5,77.5,MUZAFFARNAGAR,UTTAR PRADESH,D733,BUDHANA,1.72
22-03-2025,29.5,77.5,MUZAFFARNAGAR,UTTAR PRADESH,D733,BUDHANA,1.95
23-03-2025,29.5,77.5,MUZAFFARNAGAR,UTTAR PRADESH,D733,BUDHANA,1.96
24-03-2025,29.5,77.5,MUZAFFARNAGAR,UTTAR PRADESH,D733,BUDHANA,2.01
25-03-2025,29.5,77.5,MUZAFFARNAGAR,UTTAR PRADESH,D733,BUDHANA,1.82
26-03-2025,29.5,77.5,MUZAFFARNAGAR,UTTAR PRADESH,D733,BUDHANA,1.78
27-03-2025,29.5,77.5,MUZAFFARNAGAR,UTTAR PRADESH,D733,BUDHANA,1.61
28-03-2025,29.5,77.5,MUZAFFARNAGAR,UTTAR PRADESH,D733,BUDHANA,1.55
29-03-2025,29.5,77.5,MUZAFFARNAGAR,UTTAR PRADESH,D733,BUDHANA,1.83
30-03-2025,29.5,77.5,MUZAFFARNAGAR,UTTAR PRADESH,D733,BUDHANA,1.89
31-03-2025,29.5,77.5,MUZAFFARNAGAR,UTTAR PRADESH,D733,BUDHANA,2.01
01-04-2025,29.5,77.5,MUZAFFARNAGAR,UTTAR PRADESH,D733,BUDHANA,2.11
02-04-2025,29.5,77.5,MUZAFFARNAGAR,UTTAR PRADESH,D733,BUDHANA,2.09
03-04-2025,29.5,77.5,MUZAFFARNAGAR,UTTAR PRADESH,D733,BUDHANA,2.43
04-04-2025,29.5,77.5,MUZAFFARNAGAR,UTTAR PRADESH,D733,BUDHANA,2.25
05-04-2025,29.5,77.5,MUZAFFARNAGAR,UTTAR PRADESH,D733,BUDHANA,2.06
06-04-2025,29.5,77.5,MUZAFFARNAGAR,UTTAR PRADESH,D733,BUDHANA,2.13
07-04-2025,29.5,77.5,MUZAFFARNAGAR,UTTAR PRADESH,D733,BUDHANA,2.09
08-04-2025,29.5,77.5,MUZAFFARNAGAR,UTTAR PRADESH,D733,BUDHANA,2.11
09-04-2025,29.5,77.5,MUZAFFARNAGAR,UTTAR PRADESH,D733,BUDHANA,2.22
10-04-2025,29.5,77.5,MUZAFFARNAGAR,UTTAR PRADESH,D733,BUDHANA,2.45
11-04-2025,29.5,77.5,MUZAFFARNAGAR,UTTAR PRADESH,D733,BUDHANA,1.95
12-04-2025,29.5,77.5,MUZAFFARNAGAR,UTTAR PRADESH,D733,BUDHANA,2.19
13-04-2025,29.5,77.5,MUZAFFARNAGAR,UTTAR PRADESH,D733,BUDHANA,2.06
14-04-2025,29.5,77.5,MUZAFFARNAGAR,UTTAR PRADESH,D733,BUDHANA,2
15-04-2025,29.5,77.5,MUZAFFARNAGAR,UTTAR PRADESH,D733,BUDHANA,1.84
16-04-2025,29.5,77.5,MUZAFFARNAGAR,UTTAR PRADESH,D733,BUDHANA,1.72
17-04-2025,29.5,77.5,MUZAFFARNAGAR,UTTAR PRADESH,D733,BUDHANA,2.51
18-04-2025,29.5,77.5,MUZAFFARNAGAR,UTTAR PRADESH,D733,BUDHANA,2.67
19-04-2025,29.5,77.5,MUZAFFARNAGAR,UTTAR PRADESH,D733,BUDHANA,2.83
20-04-2025,29.5,77.5,MUZAFFARNAGAR,UTTAR PRADESH,D733,BUDHANA,2.66
21-04-2025,29.5,77.5,MUZAFFARNAGAR,UTTAR PRADESH,D733,BUDHANA,2.99
22-04-2025,29.5,77.5,MUZAFFARNAGAR,UTTAR PRADESH,D733,BUDHANA,2.14
23-04-2025,29.5,77.5,MUZAFFARNAGAR,UTTAR PRADESH,D733,BUDHANA,1.96
24-04-2025,29.5,77.5,MUZAFFARNAGAR,UTTAR PRADESH,D733,BUDHANA,2
25-04-2025,29.5,77.5,MUZAFFARNAGAR,UTTAR PRADESH,D733,BUDHANA,1.72
26-04-2025,29.5,77.5,MUZAFFARNAGAR,UTTAR PRADESH,D733,BUDHANA,1.66
27-04-2025,29.5,77.5,MUZAFFARNAGAR,UTTAR PRADESH,D733,BUDHANA,1.7
28-04-2025,29.5,77.5,MUZAFFARNAGAR,UTTAR PRADESH,D733,BUDHANA,1.86
29-04-2025,29.5,77.5,MUZAFFARNAGAR,UTTAR PRADESH,D733,BUDHANA,1.66
30-04-2025,29.5,77.5,MUZAFFARNAGAR,UTTAR PRADESH,D733,BUDHANA,1.93
01-05-2025,29.5,77.5,MUZAFFARNAGAR,UTTAR PRADESH,D733,BUDHANA,2.29
02-05-2025,29.5,77.5,MUZAFFARNAGAR,UTTAR PRADESH,D733,BUDHANA,2.34
03-05-2025,29.5,77.5,MUZAFFARNAGAR,UTTAR PRADESH,D733,BUDHANA,2.34
04-05-2025,29.5,77.5,MUZAFFARNAGAR,UTTAR PRADESH,D733,BUDHANA,2.27
05-05-2025,29.5,77.5,MUZAFFARNAGAR,UTTAR PRADESH,D733,BUDHANA,1.83
06-05-2025,29.5,77.5,MUZAFFARNAGAR,UTTAR PRADESH,D733,BUDHANA,1.89
07-05-2025,29.5,77.5,MUZAFFARNAGAR,UTTAR PRADESH,D733,BUDHANA,1.97
08-05-2025,29.5,77.5,MUZAFFARNAGAR,UTTAR PRADESH,D733,BUDHANA,2.19
09-05-2025,29.5,77.5,MUZAFFARNAGAR,UTTAR PRADESH,D733,BUDHANA,2
10-05-2025,29.5,77.5,MUZAFFARNAGAR,UTTAR PRADESH,D733,BUDHANA,2.42
11-05-2025,29.5,77.5,MUZAFFARNAGAR,UTTAR PRADESH,D733,BUDHANA,2.21
12-05-2025,29.5,77.5,MUZAFFARNAGAR,UTTAR PRADESH,D733,BUDHANA,2.27
13-05-2025,29.5,77.5,MUZAFFARNAGAR,UTTAR PRADESH,D733,BUDHANA,2.28
14-05-2025,29.5,77.5,MUZAFFARNAGAR,UTTAR PRADESH,D733,BUDHANA,2.3
15-05-2025,29.5,77.5,MUZAFFARNAGAR,UTTAR PRADESH,D733,BUDHANA,1.99
16-05-2025,29.5,77.5,MUZAFFARNAGAR,UTTAR PRADESH,D733,BUDHANA,2.49
17-05-2025,29.5,77.5,MUZAFFARNAGAR,UTTAR PRADESH,D733,BUDHANA,2.12
18-05-2025,29.5,77.5,MUZAFFARNAGAR,UTTAR PRADESH,D733,BUDHANA,2.28
19-05-2025,29.5,77.5,MUZAFFARNAGAR,UTTAR PRADESH,D733,BUDHANA,1.97
20-05-2025,29.5,77.5,MUZAFFARNAGAR,UTTAR PRADESH,D733,BUDHANA,2.5
21-05-2025,29.5,77.5,MUZAFFARNAGAR,UTTAR PRADESH,D733,BUDHANA,2.25
22-05-2025,29.5,77.5,MUZAFFARNAGAR,UTTAR PRADESH,D733,BUDHANA,2.04
23-05-2025,29.5,77.5,MUZAFFARNAGAR,UTTAR PRADESH,D733,BUDHANA,2.23
24-05-2025,29.5,77.5,MUZAFFARNAGAR,UTTAR PRADESH,D733,BUDHANA,2.33
25-05-2025,29.5,77.5,MUZAFFARNAGAR,UTTAR PRADESH,D733,BUDHANA,2.32
26-05-2025,29.5,77.5,MUZAFFARNAGAR,UTTAR PRADESH,D733,BUDHANA,2.26
27-05-2025,29.5,77.5,MUZAFFARNAGAR,UTTAR PRADESH,D733,BUDHANA,2.12
28-05-2025,29.5,77.5,MUZAFFARNAGAR,UTTAR PRADESH,D733,BUDHANA,2.07
29-05-2025,29.5,77.5,MUZAFFARNAGAR,UTTAR PRADESH,D733,BUDHANA,2.03
30-05-2025,29.5,77.5,MUZAFFARNAGAR,UTTAR PRADESH,D733,BUDHANA,2.21
31-05-2025,29.5,77.5,MUZAFFARNAGAR,UTTAR PRADESH,D733,BUDHANA,2.19
01-06-2025,29.5,77.5,MUZAFFARNAGAR,UTTAR PRADESH,D733,BUDHANA,2.39
02-06-2025,29.5,77.5,MUZAFFARNAGAR,UTTAR PRADESH,D733,BUDHANA,2.29
03-06-2025,29.5,77.5,MUZAFFARNAGAR,UTTAR PRADESH,D733,BUDHANA,2.19
04-06-2025,29.5,77.5,MUZAFFARNAGAR,UTTAR PRADESH,D733,BUDHANA,2.01
05-06-2025,29.5,77.5,MUZAFFARNAGAR,UTTAR PRADESH,D733,BUDHANA,2.48
06-06-2025,29.5,77.5,MUZAFFARNAGAR,UTTAR PRADESH,D733,BUDHANA,2.07
07-06-2025,29.5,77.5,MUZAFFARNAGAR,UTTAR PRADESH,D733,BUDHANA,2.02
08-06-2025,29.5,77.5,MUZAFFARNAGAR,UTTAR PRADESH,D733,BUDHANA,2.2
09-06-2025,29.5,77.5,MUZAFFARNAGAR,UTTAR PRADESH,D733,BUDHANA,2.17
10-06-2025,29.5,77.5,MUZAFFARNAGAR,UTTAR PRADESH,D733,BUDHANA,2.06
11-06-2025,29.5,77.5,MUZAFFARNAGAR,UTTAR PRADESH,D733,BUDHANA,1.91
12-06-2025,29.5,77.5,MUZAFFARNAGAR,UTTAR PRADESH,D733,BUDHANA,1.8
13-06-2025,29.5,77.5,MUZAFFARNAGAR,UTTAR PRADESH,D733,BUDHANA,1.83
14-06-2025,29.5,77.5,MUZAFFARNAGAR,UTTAR PRADESH,D733,BUDHANA,1.84
15-06-2025,29.5,77.5,MUZAFFARNAGAR,UTTAR PRADESH,D733,BUDHANA,1.66
16-06-2025,29.5,77.5,MUZAFFARNAGAR,UTTAR PRADESH,D733,BUDHANA,1.88
17-06-2025,29.5,77.5,MUZAFFARNAGAR,UTTAR PRADESH,D733,BUDHANA,2.24
18-06-2025,29.5,77.5,MUZAFFARNAGAR,UTTAR PRADESH,D733,BUDHANA,2.02
19-06-2025,29.5,77.5,MUZAFFARNAGAR,UTTAR PRADESH,D733,BUDHANA,1.77
20-06-2025,29.5,77.5,MUZAFFARNAGAR,UTTAR PRADESH,D733,BUDHANA,1.52
21-06-2025,29.5,77.5,MUZAFFARNAGAR,UTTAR PRADESH,D733,BUDHANA,1.91
22-06-2025,29.5,77.5,MUZAFFARNAGAR,UTTAR PRADESH,D733,BUDHANA,1.84
23-06-2025,29.5,77.5,MUZAFFARNAGAR,UTTAR PRADESH,D733,BUDHANA,1.68
24-06-2025,29.5,77.5,MUZAFFARNAGAR,UTTAR PRADESH,D733,BUDHANA,1.41
25-06-2025,29.5,77.5,MUZAFFARNAGAR,UTTAR PRADESH,D733,BUDHANA,1.63
26-06-2025,29.5,77.5,MUZAFFARNAGAR,UTTAR PRADESH,D733,BUDHANA,1.52
27-06-2025,29.5,77.5,MUZAFFARNAGAR,UTTAR PRADESH,D733,BUDHANA,1.27
28-06-2025,29.5,77.5,MUZAFFARNAGAR,UTTAR PRADESH,D733,BUDHANA,1.26
29-06-2025,29.5,77.5,MUZAFFARNAGAR,UTTAR PRADESH,D733,BUDHANA,1.01
30-06-2025,29.5,77.5,MUZAFFARNAGAR,UTTAR PRADESH,D733,BUDHANA,1.43
01-07-2025,29.5,77.5,MUZAFFARNAGAR,UTTAR PRADESH,D733,BUDHANA,1.55
02-07-2025,29.5,77.5,MUZAFFARNAGAR,UTTAR PRADESH,D733,BUDHANA,1.46
03-07-2025,29.5,77.5,MUZAFFARNAGAR,UTTAR PRADESH,D733,BUDHANA,1.46
04-07-2025,29.5,77.5,MUZAFFARNAGAR,UTTAR PRADESH,D733,BUDHANA,1.16
05-07-2025,29.5,77.5,MUZAFFARNAGAR,UTTAR PRADESH,D733,BUDHANA,1.54
06-07-2025,29.5,77.5,MUZAFFARNAGAR,UTTAR PRADESH,D733,BUDHANA,1.26
07-07-2025,29.5,77.5,MUZAFFARNAGAR,UTTAR PRADESH,D733,BUDHANA,1.21
08-07-2025,29.5,77.5,MUZAFFARNAGAR,UTTAR PRADESH,D733,BUDHANA,1.32
09-07-2025,29.5,77.5,MUZAFFARNAGAR,UTTAR PRADESH,D733,BUDHANA,1.09
10-07-2025,29.5,77.5,MUZAFFARNAGAR,UTTAR PRADESH,D733,BUDHANA,1.37
11-07-2025,29.5,77.5,MUZAFFARNAGAR,UTTAR PRADESH,D733,BUDHANA,1.48
12-07-2025,29.5,77.5,MUZAFFARNAGAR,UTTAR PRADESH,D733,BUDHANA,1.27
13-07-2025,29.5,77.5,MUZAFFARNAGAR,UTTAR PRADESH,D733,BUDHANA,1.22
14-07-2025,29.5,77.5,MUZAFFARNAGAR,UTTAR PRADESH,D733,BUDHANA,1.03
15-07-2025,29.5,77.5,MUZAFFARNAGAR,UTTAR PRADESH,D733,BUDHANA,1.03
16-07-2025,29.5,77.5,MUZAFFARNAGAR,UTTAR PRADESH,D733,BUDHANA,1.3
17-07-2025,29.5,77.5,MUZAFFARNAGAR,UTTAR PRADESH,D733,BUDHANA,1.17
18-07-2025,29.5,77.5,MUZAFFARNAGAR,UTTAR PRADESH,D733,BUDHANA,1.11
19-07-2025,29.5,77.5,MUZAFFARNAGAR,UTTAR PRADESH,D733,BUDHANA,1.16
20-07-2025,29.5,77.5,MUZAFFARNAGAR,UTTAR PRADESH,D733,BUDHANA,1.07
21-07-2025,29.5,77.5,MUZAFFARNAGAR,UTTAR PRADESH,D733,BUDHANA,1.24
22-07-2025,29.5,77.5,MUZAFFARNAGAR,UTTAR PRADESH,D733,BUDHANA,1.09
23-07-2025,29.5,77.5,MUZAFFARNAGAR,UTTAR PRADESH,D733,BUDHANA,0.93
24-07-2025,29.5,77.5,MUZAFFARNAGAR,UTTAR PRADESH,D733,BUDHANA,0.95
25-07-2025,29.5,77.5,MUZAFFARNAGAR,UTTAR PRADESH,D733,BUDHANA,0.87
26-07-2025,29.5,77.5,MUZAFFARNAGAR,UTTAR PRADESH,D733,BUDHANA,0.92
27-07-2025,29.5,77.5,MUZAFFARNAGAR,UTTAR PRADESH,D733,BUDHANA,0.91
28-07-2025,29.5,77.5,MUZAFFARNAGAR,UTTAR PRADESH,D733,BUDHANA,1.17
29-07-2025,29.5,77.5,MUZAFFARNAGAR,UTTAR PRADESH,D733,BUDHANA,1.01
30-07-2025,29.5,77.5,MUZAFFARNAGAR,UTTAR PRADESH,D733,BUDHANA,0.88
31-07-2025,29.5,77.5,MUZAFFARNAGAR,UTTAR PRADESH,D733,BUDHANA,1
01-08-2025,29.5,77.5,MUZAFFARNAGAR,UTTAR PRADESH,D733,BUDHANA,0.83
02-08-2025,29.5,77.5,MUZAFFARNAGAR,UTTAR PRADESH,D733,BUDHANA,0.89
03-08-2025,29.5,77.5,MUZAFFARNAGAR,UTTAR PRADESH,D733,BUDHANA,1.04
04-08-2025,29.5,77.5,MUZAFFARNAGAR,UTTAR PRADESH,D733,BUDHANA,0.99
05-08-2025,29.5,77.5,MUZAFFARNAGAR,UTTAR PRADESH,D733,BUDHANA,0.97
06-08-2025,29.5,77.5,MUZAFFARNAGAR,UTTAR PRADESH,D733,BUDHANA,0.89
07-08-2025,29.5,77.5,MUZAFFARNAGAR,UTTAR PRADESH,D733,BUDHANA,0.9
08-08-2025,29.5,77.5,MUZAFFARNAGAR,UTTAR PRADESH,D733,BUDHANA,0.86
09-08-2025,29.5,77.5,MUZAFFARNAGAR,UTTAR PRADESH,D733,BUDHANA,0.87
10-08-2025,29.5,77.5,MUZAFFARNAGAR,UTTAR PRADESH,D733,BUDHANA,0.86
11-08-2025,29.5,77.5,MUZAFFARNAGAR,UTTAR PRADESH,D733,BUDHANA,0.73
12-08-2025,29.5,77.5,MUZAFFARNAGAR,UTTAR PRADESH,D733,BUDHANA,0.77
13-08-2025,29.5,77.5,MUZAFFARNAGAR,UTTAR PRADESH,D733,BUDHANA,0.91
14-08-2025,29.5,77.5,MUZAFFARNAGAR,UTTAR PRADESH,D733,BUDHANA,0.9
15-08-2025,29.5,77.5,MUZAFFARNAGAR,UTTAR PRADESH,D733,BUDHANA,0.87
16-08-2025,29.5,77.5,MUZAFFARNAGAR,UTTAR PRADESH,D733,BUDHANA,0.92
17-08-2025,29.5,77.5,MUZAFFARNAGAR,UTTAR PRADESH,D733,BUDHANA,0.96
18-08-2025,29.5,77.5,MUZAFFARNAGAR,UTTAR PRADESH,D733,BUDHANA,1.01
19-08-2025,29.5,77.5,MUZAFFARNAGAR,UTTAR PRADESH,D733,BUDHANA,0.89
20-08-2025,29.5,77.5,MUZAFFARNAGAR,UTTAR PRADESH,D733,BUDHANA,0.89
21-08-2025,29.5,77.5,MUZAFFARNAGAR,UTTAR PRADESH,D733,BUDHANA,0.83
22-08-2025,29.5,77.5,MUZAFFARNAGAR,UTTAR PRADESH,D733,BUDHANA,1.02
23-08-2025,29.5,77.5,MUZAFFARNAGAR,UTTAR PRADESH,D733,BUDHANA,0.83
24-08-2025,29.5,77.5,MUZAFFARNAGAR,UTTAR PRADESH,D733,BUDHANA,0.84
25-08-2025,29.5,77.5,MUZAFFARNAGAR,UTTAR PRADESH,D733,BUDHANA,0.79
26-08-2025,29.5,77.5,MUZAFFARNAGAR,UTTAR PRADESH,D733,BUDHANA,0.76
27-08-2025,29.5,77.5,MUZAFFARNAGAR,UTTAR PRADESH,D733,BUDHANA,0.64
28-08-2025,29.5,77.5,MUZAFFARNAGAR,UTTAR PRADESH,D733,BUDHANA,0.72
29-08-2025,29.5,77.5,MUZAFFARNAGAR,UTTAR PRADESH,D733,BUDHANA,0.8
30-08-2025,29.5,77.5,MUZAFFARNAGAR,UTTAR PRADESH,D733,BUDHANA,0.82
31-08-2025,29.5,77.5,MUZAFFARNAGAR,UTTAR PRADESH,D733,BUDHANA,0.93
01-09-2025,29.5,77.5,MUZAFFARNAGAR,UTTAR PRADESH,D733,BUDHANA,0.84
02-09-2025,29.5,77.5,MUZAFFARNAGAR,UTTAR PRADESH,D733,BUDHANA,0.93
03-09-2025,29.5,77.5,MUZAFFARNAGAR,UTTAR PRADESH,D733,BUDHANA,1.06
04-09-2025,29.5,77.5,MUZAFFARNAGAR,UTTAR PRADESH,D733,BUDHANA,0.84
05-09-2025,29.5,77.5,MUZAFFARNAGAR,UTTAR PRADESH,D733,BUDHANA,1.08
06-09-2025,29.5,77.5,MUZAFFARNAGAR,UTTAR PRADESH,D733,BUDHANA,1.26
07-09-2025,29.5,77.5,MUZAFFARNAGAR,UTTAR PRADESH,D733,BUDHANA,1.25
08-09-2025,29.5,77.5,MUZAFFARNAGAR,UTTAR PRADESH,D733,BUDHANA,1.03
09-09-2025,29.5,77.5,MUZAFFARNAGAR,UTTAR PRADESH,D733,BUDHANA,1.06
10-09-2025,29.5,77.5,MUZAFFARNAGAR,UTTAR PRADESH,D733,BUDHANA,1.02
11-09-2025,29.5,77.5,MUZAFFARNAGAR,UTTAR PRADESH,D733,BUDHANA,1.05
12-09-2025,29.5,77.5,MUZAFFARNAGAR,UTTAR PRADESH,D733,BUDHANA,1.16
13-09-2025,29.5,77.5,MUZAFFARNAGAR,UTTAR PRADESH,D733,BUDHANA,1.25
14-09-2025,29.5,77.5,MUZAFFARNAGAR,UTTAR PRADESH,D733,BUDHANA,1.31
15-09-2025,29.5,77.5,MUZAFFARNAGAR,UTTAR PRADESH,D733,BUDHANA,1.15
16-09-2025,29.5,77.5,MUZAFFARNAGAR,UTTAR PRADESH,D733,BUDHANA,1.07
17-09-2025,29.5,77.5,MUZAFFARNAGAR,UTTAR PRADESH,D733,BUDHANA,1
18-09-2025,29.5,77.5,MUZAFFARNAGAR,UTTAR PRADESH,D733,BUDHANA,1.07
19-09-2025,29.5,77.5,MUZAFFARNAGAR,UTTAR PRADESH,D733,BUDHANA,1.36
20-09-2025,29.5,77.5,MUZAFFARNAGAR,UTTAR PRADESH,D733,BUDHANA,1.3
21-09-2025,29.5,77.5,MUZAFFARNAGAR,UTTAR PRADESH,D733,BUDHANA,1.24
22-09-2025,29.5,77.5,MUZAFFARNAGAR,UTTAR PRADESH,D733,BUDHANA,1.21
23-09-2025,29.5,77.5,MUZAFFARNAGAR,UTTAR PRADESH,D733,BUDHANA,1.27
24-09-2025,29.5,77.5,MUZAFFARNAGAR,UTTAR PRADESH,D733,BUDHANA,1.19
25-09-2025,29.5,77.5,MUZAFFARNAGAR,UTTAR PRADESH,D733,BUDHANA,1.14
26-09-2025,29.5,77.5,MUZAFFARNAGAR,UTTAR PRADESH,D733,BUDHANA,1.1
27-09-2025,29.5,77.5,MUZAFFARNAGAR,UTTAR PRADESH,D733,BUDHANA,1.01
28-09-2025,29.5,77.5,MUZAFFARNAGAR,UTTAR PRADESH,D733,BUDHANA,1.11
29-09-2025,29.5,77.5,MUZAFFARNAGAR,UTTAR PRADESH,D733,BUDHANA,1.39
30-09-2025,29.5,77.5,MUZAFFARNAGAR,UTTAR PRADESH,D733,BUDHANA,1.45
01-10-2025,29.5,77.5,MUZAFFARNAGAR,UTTAR PRADESH,D733,BUDHANA,1.45
02-10-2025,29.5,77.5,MUZAFFARNAGAR,UTTAR PRADESH,D733,BUDHANA,1.74
03-10-2025,29.5,77.5,MUZAFFARNAGAR,UTTAR PRADESH,D733,BUDHANA,1.55
04-10-2025,29.5,77.5,MUZAFFARNAGAR,UTTAR PRADESH,D733,BUDHANA,1.64
05-10-2025,29.5,77.5,MUZAFFARNAGAR,UTTAR PRADESH,D733,BUDHANA,1.55
06-10-2025,29.5,77.5,MUZAFFARNAGAR,UTTAR PRADESH,D733,BUDHANA,1.33
07-10-2025,29.5,77.5,MUZAFFARNAGAR,UTTAR PRADESH,D733,BUDHANA,1.55
08-10-2025,29.5,77.5,MUZAFFARNAGAR,UTTAR PRADESH,D733,BUDHANA,1.43
09-10-2025,29.5,77.5,MUZAFFARNAGAR,UTTAR PRADESH,D733,BUDHANA,1.54
10-10-2025,29.5,77.5,MUZAFFARNAGAR,UTTAR PRADESH,D733,BUDHANA,1.42
11-10-2025,29.5,77.5,MUZAFFARNAGAR,UTTAR PRADESH,D733,BUDHANA,1.26
12-10-2025,29.5,77.5,MUZAFFARNAGAR,UTTAR PRADESH,D733,BUDHANA,1.38
13-10-2025,29.5,77.5,MUZAFFARNAGAR,UTTAR PRADESH,D733,BUDHANA,1.41
14-10-2025,29.5,77.5,MUZAFFARNAGAR,UTTAR PRADESH,D733,BUDHANA,1.38
15-10-2025,29.5,77.5,MUZAFFARNAGAR,UTTAR PRADESH,D733,BUDHANA,1.32
16-10-2025,29.5,77.5,MUZAFFARNAGAR,UTTAR PRADESH,D733,BUDHANA,1.29
17-10-2025,29.5,77.5,MUZAFFARNAGAR,UTTAR PRADESH,D733,BUDHANA,1.47
18-10-2025,29.5,77.5,MUZAFFARNAGAR,UTTAR PRADESH,D733,BUDHANA,1.32
19-10-2025,29.5,77.5,MUZAFFARNAGAR,UTTAR PRADESH,D733,BUDHANA,1.39
20-10-2025,29.5,77.5,MUZAFFARNAGAR,UTTAR PRADESH,D733,BUDHANA,1.37
21-10-2025,29.5,77.5,MUZAFFARNAGAR,UTTAR PRADESH,D733,BUDHANA,1.42
22-10-2025,29.5,77.5,MUZAFFARNAGAR,UTTAR PRADESH,D733,BUDHANA,1.29
23-10-2025,29.5,77.5,MUZAFFARNAGAR,UTTAR PRADESH,D733,BUDHANA,1.41
24-10-2025,29.5,77.5,MUZAFFARNAGAR,UTTAR PRADESH,D733,BUDHANA,1.3
25-10-2025,29.5,77.5,MUZAFFARNAGAR,UTTAR PRADESH,D733,BUDHANA,1.52
26-10-2025,29.5,77.5,MUZAFFARNAGAR,UTTAR PRADESH,D733,BUDHANA,1.2
27-10-2025,29.5,77.5,MUZAFFARNAGAR,UTTAR PRADESH,D733,BUDHANA,1.25
28-10-2025,29.5,77.5,MUZAFFARNAGAR,UTTAR PRADESH,D733,BUDHANA,1.46
29-10-2025,29.5,77.5,MUZAFFARNAGAR,UTTAR PRADESH,D733,BUDHANA,1.49
30-10-2025,29.5,77.5,MUZAFFARNAGAR,UTTAR PRADESH,D733,BUDHANA,1.52
31-10-2025,29.5,77.5,MUZAFFARNAGAR,UTTAR PRADESH,D733,BUDHANA,1.38
01-11-2025,29.5,77.5,MUZAFFARNAGAR,UTTAR PRADESH,D733,BUDHANA,1.37
02-11-2025,29.5,77.5,MUZAFFARNAGAR,UTTAR PRADESH,D733,BUDHANA,1.29
03-11-2025,29.5,77.5,MUZAFFARNAGAR,UTTAR PRADESH,D733,BUDHANA,1.37
04-11-2025,29.5,77.5,MUZAFFARNAGAR,UTTAR PRADESH,D733,BUDHANA,1.32
05-11-2025,29.5,77.5,MUZAFFARNAGAR,UTTAR PRADESH,D733,BUDHANA,1.56
06-11-2025,29.5,77.5,MUZAFFARNAGAR,UTTAR PRADESH,D733,BUDHANA,1.57
07-11-2025,29.5,77.5,MUZAFFARNAGAR,UTTAR PRADESH,D733,BUDHANA,1.63
08-11-2025,29.5,77.5,MUZAFFARNAGAR,UTTAR PRADESH,D733,BUDHANA,1.73
09-11-2025,29.5,77.5,MUZAFFARNAGAR,UTTAR PRADESH,D733,BUDHANA,1.75
10-11-2025,29.5,77.5,MUZAFFARNAGAR,UTTAR PRADESH,D733,BUDHANA,1.71
11-11-2025,29.5,77.5,MUZAFFARNAGAR,UTTAR PRADESH,D733,BUDHANA,1.54
12-11-2025,29.5,77.5,MUZAFFARNAGAR,UTTAR PRADESH,D733,BUDHANA,1.44
13-11-2025,29.5,77.5,MUZAFFARNAGAR,UTTAR PRADESH,D733,BUDHANA,1.45
14-11-2025,29.5,77.5,MUZAFFARNAGAR,UTTAR PRADESH,D733,BUDHANA,1.65
15-11-2025,29.5,77.5,MUZAFFARNAGAR,UTTAR PRADESH,D733,BUDHANA,1.63
16-11-2025,29.5,77.5,MUZAFFARNAGAR,UTTAR PRADESH,D733,BUDHANA,1.49
17-11-2025,29.5,77.5,MUZAFFARNAGAR,UTTAR PRADESH,D733,BUDHANA,1.47
18-11-2025,29.5,77.5,MUZAFFARNAGAR,UTTAR PRADESH,D733,BUDHANA,1.76
19-11-2025,29.5,77.5,MUZAFFARNAGAR,UTTAR PRADESH,D733,BUDHANA,1.4
20-11-2025,29.5,77.5,MUZAFFARNAGAR,UTTAR PRADESH,D733,BUDHANA,1.28
21-11-2025,29.5,77.5,MUZAFFARNAGAR,UTTAR PRADESH,D733,BUDHANA,1.26
22-11-2025,29.5,77.5,MUZAFFARNAGAR,UTTAR PRADESH,D733,BUDHANA,1.57
23-11-2025,29.5,77.5,MUZAFFARNAGAR,UTTAR PRADESH,D733,BUDHANA,1.76
24-11-2025,29.5,77.5,MUZAFFARNAGAR,UTTAR PRADESH,D733,BUDHANA,1.76
25-11-2025,29.5,77.5,MUZAFFARNAGAR,UTTAR PRADESH,D733,BUDHANA,1.67
26-11-2025,29.5,77.5,MUZAFFARNAGAR,UTTAR PRADESH,D733,BUDHANA,1.81
27-11-2025,29.5,77.5,MUZAFFARNAGAR,UTTAR PRADESH,D733,BUDHANA,1.66
28-11-2025,29.5,77.5,MUZAFFARNAGAR,UTTAR PRADESH,D733,BUDHANA,1.6
29-11-2025,29.5,77.5,MUZAFFARNAGAR,UTTAR PRADESH,D733,BUDHANA,1.47
30-11-2025,29.5,77.5,MUZAFFARNAGAR,UTTAR PRADESH,D733,BUDHANA,1.44
01-12-2025,29.5,77.5,MUZAFFARNAGAR,UTTAR PRADESH,D733,BUDHANA,1.84
02-12-2025,29.5,77.5,MUZAFFARNAGAR,UTTAR PRADESH,D733,BUDHANA,1.86
03-12-2025,29.5,77.5,MUZAFFARNAGAR,UTTAR PRADESH,D733,BUDHANA,1.68
04-12-2025,29.5,77.5,MUZAFFARNAGAR,UTTAR PRADESH,D733,BUDHANA,1.56
05-12-2025,29.5,77.5,MUZAFFARNAGAR,UTTAR PRADESH,D733,BUDHANA,1.61
06-12-2025,29.5,77.5,MUZAFFARNAGAR,UTTAR PRADESH,D733,BUDHANA,1.54
07-12-2025,29.5,77.5,MUZAFFARNAGAR,UTTAR PRADESH,D733,BUDHANA,1.78
08-12-2025,29.5,77.5,MUZAFFARNAGAR,UTTAR PRADESH,D733,BUDHANA,1.8
09-12-2025,29.5,77.5,MUZAFFARNAGAR,UTTAR PRADESH,D733,BUDHANA,2.04
10-12-2025,29.5,77.5,MUZAFFARNAGAR,UTTAR PRADESH,D733,BUDHANA,1.96
11-12-2025,29.5,77.5,MUZAFFARNAGAR,UTTAR PRADESH,D733,BUDHANA,2.17
12-12-2025,29.5,77.5,MUZAFFARNAGAR,UTTAR PRADESH,D733,BUDHANA,2.09
13-12-2025,29.5,77.5,MUZAFFARNAGAR,UTTAR PRADESH,D733,BUDHANA,1.98
14-12-2025,29.5,77.5,MUZAFFARNAGAR,UTTAR PRADESH,D733,BUDHANA,1.69
15-12-2025,29.5,77.5,MUZAFFARNAGAR,UTTAR PRADESH,D733,BUDHANA,1.99
16-12-2025,29.5,77.5,MUZAFFARNAGAR,UTTAR PRADESH,D733,BUDHANA,2.07
17-12-2025,29.5,77.5,MUZAFFARNAGAR,UTTAR PRADESH,D733,BUDHANA,1.75
18-12-2025,29.5,77.5,MUZAFFARNAGAR,UTTAR PRADESH,D733,BUDHANA,1.94
19-12-2025,29.5,77.5,MUZAFFARNAGAR,UTTAR PRADESH,D733,BUDHANA,2.24
20-12-2025,29.5,77.5,MUZAFFARNAGAR,UTTAR PRADESH,D733,BUDHANA,2.17
21-12-2025,29.5,77.5,MUZAFFARNAGAR,UTTAR PRADESH,D733,BUDHANA,1.99
22-12-2025,29.5,77.5,MUZAFFARNAGAR,UTTAR PRADESH,D733,BUDHANA,1.84
23-12-2025,29.5,77.5,MUZAFFARNAGAR,UTTAR PRADESH,D733,BUDHANA,1.63
24-12-2025,29.5,77.5,MUZAFFARNAGAR,UTTAR PRADESH,D733,BUDHANA,1.53
25-12-2025,29.5,77.5,MUZAFFARNAGAR,UTTAR PRADESH,D733,BUDHANA,1.42
26-12-2025,29.5,77.5,MUZAFFARNAGAR,UTTAR PRADESH,D733,BUDHANA,1.33
27-12-2025,29.5,77.5,MUZAFFARNAGAR,UTTAR PRADESH,D733,BUDHANA,1.66
28-12-2025,29.5,77.5,MUZAFFARNAGAR,UTTAR PRADESH,D733,BUDHANA,1.76
29-12-2025,29.5,77.5,MUZAFFARNAGAR,UTTAR PRADESH,D733,BUDHANA,1.72
30-12-2025,29.5,77.5,MUZAFFARNAGAR,UTTAR PRADESH,D733,BUDHANA,1.88
31-12-2025,29.5,77.5,MUZAFFARNAGAR,UTTAR PRADESH,D733,BUDHANA,1.82
01-01-2025,28.5,78.5,SAMBHAL,UTTAR PRADESH,D739,CHANDAUSI,2.17
02-01-2025,28.5,78.5,SAMBHAL,UTTAR PRADESH,D739,CHANDAUSI,1.86
03-01-2025,28.5,78.5,SAMBHAL,UTTAR PRADESH,D739,CHANDAUSI,2.06
04-01-2025,28.5,78.5,SAMBHAL,UTTAR PRADESH,D739,CHANDAUSI,1.75
05-01-2025,28.5,78.5,SAMBHAL,UTTAR PRADESH,D739,CHANDAUSI,1.95
06-01-2025,28.5,78.5,SAMBHAL,UTTAR PRADESH,D739,CHANDAUSI,2.27
07-01-2025,28.5,78.5,SAMBHAL,UTTAR PRADESH,D739,CHANDAUSI,2.6
08-01-2025,28.5,78.5,SAMBHAL,UTTAR PRADESH,D739,CHANDAUSI,2.51
09-01-2025,28.5,78.5,SAMBHAL,UTTAR PRADESH,D739,CHANDAUSI,2.04
10-01-2025,28.5,78.5,SAMBHAL,UTTAR PRADESH,D739,CHANDAUSI,1.89
11-01-2025,28.5,78.5,SAMBHAL,UTTAR PRADESH,D739,CHANDAUSI,1.62
12-01-2025,28.5,78.5,SAMBHAL,UTTAR PRADESH,D739,CHANDAUSI,1.72
13-01-2025,28.5,78.5,SAMBHAL,UTTAR PRADESH,D739,CHANDAUSI,1.95
14-01-2025,28.5,78.5,SAMBHAL,UTTAR PRADESH,D739,CHANDAUSI,2.09
15-01-2025,28.5,78.5,SAMBHAL,UTTAR PRADESH,D739,CHANDAUSI,1.86
16-01-2025,28.5,78.5,SAMBHAL,UTTAR PRADESH,D739,CHANDAUSI,2.27
17-01-2025,28.5,78.5,SAMBHAL,UTTAR PRADESH,D739,CHANDAUSI,2.44
18-01-2025,28.5,78.5,SAMBHAL,UTTAR PRADESH,D739,CHANDAUSI,2.48
19-01-2025,28.5,78.5,SAMBHAL,UTTAR PRADESH,D739,CHANDAUSI,1.73
20-01-2025,28.5,78.5,SAMBHAL,UTTAR PRADESH,D739,CHANDAUSI,1.48
21-01-2025,28.5,78.5,SAMBHAL,UTTAR PRADESH,D739,CHANDAUSI,1.76
22-01-2025,28.5,78.5,SAMBHAL,UTTAR PRADESH,D739,CHANDAUSI,2.08
23-01-2025,28.5,78.5,SAMBHAL,UTTAR PRADESH,D739,CHANDAUSI,2.3
24-01-2025,28.5,78.5,SAMBHAL,UTTAR PRADESH,D739,CHANDAUSI,1.98
25-01-2025,28.5,78.5,SAMBHAL,UTTAR PRADESH,D739,CHANDAUSI,1.9
26-01-2025,28.5,78.5,SAMBHAL,UTTAR PRADESH,D739,CHANDAUSI,2.25
27-01-2025,28.5,78.5,SAMBHAL,UTTAR PRADESH,D739,CHANDAUSI,1.62
28-01-2025,28.5,78.5,SAMBHAL,UTTAR PRADESH,D739,CHANDAUSI,1.84
29-01-2025,28.5,78.5,SAMBHAL,UTTAR PRADESH,D739,CHANDAUSI,2
30-01-2025,28.5,78.5,SAMBHAL,UTTAR PRADESH,D739,CHANDAUSI,2.22
31-01-2025,28.5,78.5,SAMBHAL,UTTAR PRADESH,D739,CHANDAUSI,2.19
01-02-2025,28.5,78.5,SAMBHAL,UTTAR PRADESH,D739,CHANDAUSI,2.07
02-02-2025,28.5,78.5,SAMBHAL,UTTAR PRADESH,D739,CHANDAUSI,1.96
03-02-2025,28.5,78.5,SAMBHAL,UTTAR PRADESH,D739,CHANDAUSI,1.5
04-02-2025,28.5,78.5,SAMBHAL,UTTAR PRADESH,D739,CHANDAUSI,2.03
05-02-2025,28.5,78.5,SAMBHAL,UTTAR PRADESH,D739,CHANDAUSI,2.22
06-02-2025,28.5,78.5,SAMBHAL,UTTAR PRADESH,D739,CHANDAUSI,2.08
07-02-2025,28.5,78.5,SAMBHAL,UTTAR PRADESH,D739,CHANDAUSI,2.42
08-02-2025,28.5,78.5,SAMBHAL,UTTAR PRADESH,D739,CHANDAUSI,1.83
09-02-2025,28.5,78.5,SAMBHAL,UTTAR PRADESH,D739,CHANDAUSI,2.16
10-02-2025,28.5,78.5,SAMBHAL,UTTAR PRADESH,D739,CHANDAUSI,2.27
11-02-2025,28.5,78.5,SAMBHAL,UTTAR PRADESH,D739,CHANDAUSI,2.3
12-02-2025,28.5,78.5,SAMBHAL,UTTAR PRADESH,D739,CHANDAUSI,2.13
13-02-2025,28.5,78.5,SAMBHAL,UTTAR PRADESH,D739,CHANDAUSI,2.2
14-02-2025,28.5,78.5,SAMBHAL,UTTAR PRADESH,D739,CHANDAUSI,2.17
15-02-2025,28.5,78.5,SAMBHAL,UTTAR PRADESH,D739,CHANDAUSI,2.05
16-02-2025,28.5,78.5,SAMBHAL,UTTAR PRADESH,D739,CHANDAUSI,1.63
17-02-2025,28.5,78.5,SAMBHAL,UTTAR PRADESH,D739,CHANDAUSI,2.07
18-02-2025,28.5,78.5,SAMBHAL,UTTAR PRADESH,D739,CHANDAUSI,2.27
19-02-2025,28.5,78.5,SAMBHAL,UTTAR PRADESH,D739,CHANDAUSI,2.17
20-02-2025,28.5,78.5,SAMBHAL,UTTAR PRADESH,D739,CHANDAUSI,2.61
21-02-2025,28.5,78.5,SAMBHAL,UTTAR PRADESH,D739,CHANDAUSI,2.12
22-02-2025,28.5,78.5,SAMBHAL,UTTAR PRADESH,D739,CHANDAUSI,1.63
23-02-2025,28.5,78.5,SAMBHAL,UTTAR PRADESH,D739,CHANDAUSI,2.23
24-02-2025,28.5,78.5,SAMBHAL,UTTAR PRADESH,D739,CHANDAUSI,2.29
25-02-2025,28.5,78.5,SAMBHAL,UTTAR PRADESH,D739,CHANDAUSI,2.39
26-02-2025,28.5,78.5,SAMBHAL,UTTAR PRADESH,D739,CHANDAUSI,2.03
27-02-2025,28.5,78.5,SAMBHAL,UTTAR PRADESH,D739,CHANDAUSI,2.31
28-02-2025,28.5,78.5,SAMBHAL,UTTAR PRADESH,D739,CHANDAUSI,2.31
29-02-2025,28.5,78.5,SAMBHAL,UTTAR PRADESH,D739,CHANDAUSI,1.93
01-03-2025,28.5,78.5,SAMBHAL,UTTAR PRADESH,D739,CHANDAUSI,2.26
02-03-2025,28.5,78.5,SAMBHAL,UTTAR PRADESH,D739,CHANDAUSI,1.89
03-03-2025,28.5,78.5,SAMBHAL,UTTAR PRADESH,D739,CHANDAUSI,1.88
04-03-2025,28.5,78.5,SAMBHAL,UTTAR PRADESH,D739,CHANDAUSI,2.28
05-03-2025,28.5,78.5,SAMBHAL,UTTAR PRADESH,D739,CHANDAUSI,2.48
06-03-2025,28.5,78.5,SAMBHAL,UTTAR PRADESH,D739,CHANDAUSI,2.01
07-03-2025,28.5,78.5,SAMBHAL,UTTAR PRADESH,D739,CHANDAUSI,2.19
08-03-2025,28.5,78.5,SAMBHAL,UTTAR PRADESH,D739,CHANDAUSI,2.02
09-03-2025,28.5,78.5,SAMBHAL,UTTAR PRADESH,D739,CHANDAUSI,2.24
10-03-2025,28.5,78.5,SAMBHAL,UTTAR PRADESH,D739,CHANDAUSI,2.15
11-03-2025,28.5,78.5,SAMBHAL,UTTAR PRADESH,D739,CHANDAUSI,1.9
12-03-2025,28.5,78.5,SAMBHAL,UTTAR PRADESH,D739,CHANDAUSI,2.03
13-03-2025,28.5,78.5,SAMBHAL,UTTAR PRADESH,D739,CHANDAUSI,2.01
14-03-2025,28.5,78.5,SAMBHAL,UTTAR PRADESH,D739,CHANDAUSI,2.09
15-03-2025,28.5,78.5,SAMBHAL,UTTAR PRADESH,D739,CHANDAUSI,2.3
16-03-2025,28.5,78.5,SAMBHAL,UTTAR PRADESH,D739,CHANDAUSI,2.36
17-03-2025,28.5,78.5,SAMBHAL,UTTAR PRADESH,D739,CHANDAUSI,1.83
18-03-2025,28.5,78.5,SAMBHAL,UTTAR PRADESH,D739,CHANDAUSI,2.19
19-03-2025,28.5,78.5,SAMBHAL,UTTAR PRADESH,D739,CHANDAUSI,2.13
20-03-2025,28.5,78.5,SAMBHAL,UTTAR PRADESH,D739,CHANDAUSI,2.07
21-03-2025,28.5,78.5,SAMBHAL,UTTAR PRADESH,D739,CHANDAUSI,1.71
22-03-2025,28.5,78.5,SAMBHAL,UTTAR PRADESH,D739,CHANDAUSI,1.84
23-03-2025,28.5,78.5,SAMBHAL,UTTAR PRADESH,D739,CHANDAUSI,1.95
24-03-2025,28.5,78.5,SAMBHAL,UTTAR PRADESH,D739,CHANDAUSI,1.93
25-03-2025,28.5,78.5,SAMBHAL,UTTAR PRADESH,D739,CHANDAUSI,1.83
26-03-2025,28.5,78.5,SAMBHAL,UTTAR PRADESH,D739,CHANDAUSI,1.73
27-03-2025,28.5,78.5,SAMBHAL,UTTAR PRADESH,D739,CHANDAUSI,1.55
28-03-2025,28.5,78.5,SAMBHAL,UTTAR PRADESH,D739,CHANDAUSI,1.31
29-03-2025,28.5,78.5,SAMBHAL,UTTAR PRADESH,D739,CHANDAUSI,1.69
30-03-2025,28.5,78.5,SAMBHAL,UTTAR PRADESH,D739,CHANDAUSI,1.79
31-03-2025,28.5,78.5,SAMBHAL,UTTAR PRADESH,D739,CHANDAUSI,1.83
01-04-2025,28.5,78.5,SAMBHAL,UTTAR PRADESH,D739,CHANDAUSI,2.02
02-04-2025,28.5,78.5,SAMBHAL,UTTAR PRADESH,D739,CHANDAUSI,1.95
03-04-2025,28.5,78.5,SAMBHAL,UTTAR PRADESH,D739,CHANDAUSI,2.3
04-04-2025,28.5,78.5,SAMBHAL,UTTAR PRADESH,D739,CHANDAUSI,2.17
05-04-2025,28.5,78.5,SAMBHAL,UTTAR PRADESH,D739,CHANDAUSI,2.03
06-04-2025,28.5,78.5,SAMBHAL,UTTAR PRADESH,D739,CHANDAUSI,2.03
07-04-2025,28.5,78.5,SAMBHAL,UTTAR PRADESH,D739,CHANDAUSI,2.04
08-04-2025,28.5,78.5,SAMBHAL,UTTAR PRADESH,D739,CHANDAUSI,1.96
09-04-2025,28.5,78.5,SAMBHAL,UTTAR PRADESH,D739,CHANDAUSI,1.98
10-04-2025,28.5,78.5,SAMBHAL,UTTAR PRADESH,D739,CHANDAUSI,2.33
11-04-2025,28.5,78.5,SAMBHAL,UTTAR PRADESH,D739,CHANDAUSI,1.86
12-04-2025,28.5,78.5,SAMBHAL,UTTAR PRADESH,D739,CHANDAUSI,1.95
13-04-2025,28.5,78.5,SAMBHAL,UTTAR PRADESH,D739,CHANDAUSI,2.02
14-04-2025,28.5,78.5,SAMBHAL,UTTAR PRADESH,D739,CHANDAUSI,1.84
15-04-2025,28.5,78.5,SAMBHAL,UTTAR PRADESH,D739,CHANDAUSI,1.66
16-04-2025,28.5,78.5,SAMBHAL,UTTAR PRADESH,D739,CHANDAUSI,1.61
17-04-2025,28.5,78.5,SAMBHAL,UTTAR PRADESH,D739,CHANDAUSI,2.12
18-04-2025,28.5,78.5,SAMBHAL,UTTAR PRADESH,D739,CHANDAUSI,2.45
19-04-2025,28.5,78.5,SAMBHAL,UTTAR PRADESH,D739,CHANDAUSI,2.43
20-04-2025,28.5,78.5,SAMBHAL,UTTAR PRADESH,D739,CHANDAUSI,2.42
21-04-2025,28.5,78.5,SAMBHAL,UTTAR PRADESH,D739,CHANDAUSI,2.58
22-04-2025,28.5,78.5,SAMBHAL,UTTAR PRADESH,D739,CHANDAUSI,2.11
23-04-2025,28.5,78.5,SAMBHAL,UTTAR PRADESH,D739,CHANDAUSI,1.65
24-04-2025,28.5,78.5,SAMBHAL,UTTAR PRADESH,D739,CHANDAUSI,1.93
25-04-2025,28.5,78.5,SAMBHAL,UTTAR PRADESH,D739,CHANDAUSI,1.78
26-04-2025,28.5,78.5,SAMBHAL,UTTAR PRADESH,D739,CHANDAUSI,1.52
27-04-2025,28.5,78.5,SAMBHAL,UTTAR PRADESH,D739,CHANDAUSI,1.63
28-04-2025,28.5,78.5,SAMBHAL,UTTAR PRADESH,D739,CHANDAUSI,1.65
29-04-2025,28.5,78.5,SAMBHAL,UTTAR PRADESH,D739,CHANDAUSI,1.35
30-04-2025,28.5,78.5,SAMBHAL,UTTAR PRADESH,D739,CHANDAUSI,1.86
01-05-2025,28.5,78.5,SAMBHAL,UTTAR PRADESH,D739,CHANDAUSI,2.14
02-05-2025,28.5,78.5,SAMBHAL,UTTAR PRADESH,D739,CHANDAUSI,2.2
03-05-2025,28.5,78.5,SAMBHAL,UTTAR PRADESH,D739,CHANDAUSI,2.27
04-05-2025,28.5,78.5,SAMBHAL,UTTAR PRADESH,D739,CHANDAUSI,2.11
05-05-2025,28.5,78.5,SAMBHAL,UTTAR PRADESH,D739,CHANDAUSI,1.85
06-05-2025,28.5,78.5,SAMBHAL,UTTAR PRADESH,D739,CHANDAUSI,1.73
07-05-2025,28.5,78.5,SAMBHAL,UTTAR PRADESH,D739,CHANDAUSI,1.87
08-05-2025,28.5,78.5,SAMBHAL,UTTAR PRADESH,D739,CHANDAUSI,1.86
09-05-2025,28.5,78.5,SAMBHAL,UTTAR PRADESH,D739,CHANDAUSI,1.72
10-05-2025,28.5,78.5,SAMBHAL,UTTAR PRADESH,D739,CHANDAUSI,2.3
11-05-2025,28.5,78.5,SAMBHAL,UTTAR PRADESH,D739,CHANDAUSI,2.25
12-05-2025,28.5,78.5,SAMBHAL,UTTAR PRADESH,D739,CHANDAUSI,2.06
13-05-2025,28.5,78.5,SAMBHAL,UTTAR PRADESH,D739,CHANDAUSI,2.06
14-05-2025,28.5,78.5,SAMBHAL,UTTAR PRADESH,D739,CHANDAUSI,1.99
15-05-2025,28.5,78.5,SAMBHAL,UTTAR PRADESH,D739,CHANDAUSI,1.96
16-05-2025,28.5,78.5,SAMBHAL,UTTAR PRADESH,D739,CHANDAUSI,2.2
17-05-2025,28.5,78.5,SAMBHAL,UTTAR PRADESH,D739,CHANDAUSI,2.01
18-05-2025,28.5,78.5,SAMBHAL,UTTAR PRADESH,D739,CHANDAUSI,2.1
19-05-2025,28.5,78.5,SAMBHAL,UTTAR PRADESH,D739,CHANDAUSI,1.95
20-05-2025,28.5,78.5,SAMBHAL,UTTAR PRADESH,D739,CHANDAUSI,2.28
21-05-2025,28.5,78.5,SAMBHAL,UTTAR PRADESH,D739,CHANDAUSI,2.07
22-05-2025,28.5,78.5,SAMBHAL,UTTAR PRADESH,D739,CHANDAUSI,2.01
23-05-2025,28.5,78.5,SAMBHAL,UTTAR PRADESH,D739,CHANDAUSI,2.04
24-05-2025,28.5,78.5,SAMBHAL,UTTAR PRADESH,D739,CHANDAUSI,2.17
25-05-2025,28.5,78.5,SAMBHAL,UTTAR PRADESH,D739,CHANDAUSI,2.07
26-05-2025,28.5,78.5,SAMBHAL,UTTAR PRADESH,D739,CHANDAUSI,2.32
27-05-2025,28.5,78.5,SAMBHAL,UTTAR PRADESH,D739,CHANDAUSI,2.02
28-05-2025,28.5,78.5,SAMBHAL,UTTAR PRADESH,D739,CHANDAUSI,2.09
29-05-2025,28.5,78.5,SAMBHAL,UTTAR PRADESH,D739,CHANDAUSI,2.01
30-05-2025,28.5,78.5,SAMBHAL,UTTAR PRADESH,D739,CHANDAUSI,2.22
31-05-2025,28.5,78.5,SAMBHAL,UTTAR PRADESH,D739,CHANDAUSI,2.05
01-06-2025,28.5,78.5,SAMBHAL,UTTAR PRADESH,D739,CHANDAUSI,2.25
02-06-2025,28.5,78.5,SAMBHAL,UTTAR PRADESH,D739,CHANDAUSI,2.09
03-06-2025,28.5,78.5,SAMBHAL,UTTAR PRADESH,D739,CHANDAUSI,2.14
04-06-2025,28.5,78.5,SAMBHAL,UTTAR PRADESH,D739,CHANDAUSI,1.97
05-06-2025,28.5,78.5,SAMBHAL,UTTAR PRADESH,D739,CHANDAUSI,2.17
06-06-2025,28.5,78.5,SAMBHAL,UTTAR PRADESH,D739,CHANDAUSI,1.87
07-06-2025,28.5,78.5,SAMBHAL,UTTAR PRADESH,D739,CHANDAUSI,1.7
08-06-2025,28.5,78.5,SAMBHAL,UTTAR PRADESH,D739,CHANDAUSI,1.95
09-06-2025,28.5,78.5,SAMBHAL,UTTAR PRADESH,D739,CHANDAUSI,1.91
10-06-2025,28.5,78.5,SAMBHAL,UTTAR PRADESH,D739,CHANDAUSI,2
11-06-2025,28.5,78.5,SAMBHAL,UTTAR PRADESH,D739,CHANDAUSI,1.75
12-06-2025,28.5,78.5,SAMBHAL,UTTAR PRADESH,D739,CHANDAUSI,1.69
13-06-2025,28.5,78.5,SAMBHAL,UTTAR PRADESH,D739,CHANDAUSI,1.74
14-06-2025,28.5,78.5,SAMBHAL,UTTAR PRADESH,D739,CHANDAUSI,1.83
15-06-2025,28.5,78.5,SAMBHAL,UTTAR PRADESH,D739,CHANDAUSI,1.56
16-06-2025,28.5,78.5,SAMBHAL,UTTAR PRADESH,D739,CHANDAUSI,1.96
17-06-2025,28.5,78.5,SAMBHAL,UTTAR PRADESH,D739,CHANDAUSI,2.01
18-06-2025,28.5,78.5,SAMBHAL,UTTAR PRADESH,D739,CHANDAUSI,1.79
19-06-2025,28.5,78.5,SAMBHAL,UTTAR PRADESH,D739,CHANDAUSI,1.78
20-06-2025,28.5,78.5,SAMBHAL,UTTAR PRADESH,D739,CHANDAUSI,1.59
21-06-2025,28.5,78.5,SAMBHAL,UTTAR PRADESH,D739,CHANDAUSI,1.86
22-06-2025,28.5,78.5,SAMBHAL,UTTAR PRADESH,D739,CHANDAUSI,1.75
23-06-2025,28.5,78.5,SAMBHAL,UTTAR PRADESH,D739,CHANDAUSI,1.57
24-06-2025,28.5,78.5,SAMBHAL,UTTAR PRADESH,D739,CHANDAUSI,1.42
25-06-2025,28.5,78.5,SAMBHAL,UTTAR PRADESH,D739,CHANDAUSI,1.51
26-06-2025,28.5,78.5,SAMBHAL,UTTAR PRADESH,D739,CHANDAUSI,1.53
27-06-2025,28.5,78.5,SAMBHAL,UTTAR PRADESH,D739,CHANDAUSI,1.27
28-06-2025,28.5,78.5,SAMBHAL,UTTAR PRADESH,D739,CHANDAUSI,1.3
29-06-2025,28.5,78.5,SAMBHAL,UTTAR PRADESH,D739,CHANDAUSI,1.23
30-06-2025,28.5,78.5,SAMBHAL,UTTAR PRADESH,D739,CHANDAUSI,1.43
01-07-2025,28.5,78.5,SAMBHAL,UTTAR PRADESH,D739,CHANDAUSI,1.54
02-07-2025,28.5,78.5,SAMBHAL,UTTAR PRADESH,D739,CHANDAUSI,1.38
03-07-2025,28.5,78.5,SAMBHAL,UTTAR PRADESH,D739,CHANDAUSI,1.23
04-07-2025,28.5,78.5,SAMBHAL,UTTAR PRADESH,D739,CHANDAUSI,1.06
05-07-2025,28.5,78.5,SAMBHAL,UTTAR PRADESH,D739,CHANDAUSI,1.32
06-07-2025,28.5,78.5,SAMBHAL,UTTAR PRADESH,D739,CHANDAUSI,1.11
07-07-2025,28.5,78.5,SAMBHAL,UTTAR PRADESH,D739,CHANDAUSI,1.24
08-07-2025,28.5,78.5,SAMBHAL,UTTAR PRADESH,D739,CHANDAUSI,1.42
09-07-2025,28.5,78.5,SAMBHAL,UTTAR PRADESH,D739,CHANDAUSI,1.13
10-07-2025,28.5,78.5,SAMBHAL,UTTAR PRADESH,D739,CHANDAUSI,1.38
11-07-2025,28.5,78.5,SAMBHAL,UTTAR PRADESH,D739,CHANDAUSI,1.44
12-07-2025,28.5,78.5,SAMBHAL,UTTAR PRADESH,D739,CHANDAUSI,1.32
13-07-2025,28.5,78.5,SAMBHAL,UTTAR PRADESH,D739,CHANDAUSI,1.25
14-07-2025,28.5,78.5,SAMBHAL,UTTAR PRADESH,D739,CHANDAUSI,1.02
15-07-2025,28.5,78.5,SAMBHAL,UTTAR PRADESH,D739,CHANDAUSI,1.08
16-07-2025,28.5,78.5,SAMBHAL,UTTAR PRADESH,D739,CHANDAUSI,1.2
17-07-2025,28.5,78.5,SAMBHAL,UTTAR PRADESH,D739,CHANDAUSI,1.09
18-07-2025,28.5,78.5,SAMBHAL,UTTAR PRADESH,D739,CHANDAUSI,1.08
19-07-2025,28.5,78.5,SAMBHAL,UTTAR PRADESH,D739,CHANDAUSI,1.2
20-07-2025,28.5,78.5,SAMBHAL,UTTAR PRADESH,D739,CHANDAUSI,1.05
21-07-2025,28.5,78.5,SAMBHAL,UTTAR PRADESH,D739,CHANDAUSI,1.05
22-07-2025,28.5,78.5,SAMBHAL,UTTAR PRADESH,D739,CHANDAUSI,1.02
23-07-2025,28.5,78.5,SAMBHAL,UTTAR PRADESH,D739,CHANDAUSI,0.98
24-07-2025,28.5,78.5,SAMBHAL,UTTAR PRADESH,D739,CHANDAUSI,0.98
25-07-2025,28.5,78.5,SAMBHAL,UTTAR PRADESH,D739,CHANDAUSI,0.87
26-07-2025,28.5,78.5,SAMBHAL,UTTAR PRADESH,D739,CHANDAUSI,0.94
27-07-2025,28.5,78.5,SAMBHAL,UTTAR PRADESH,D739,CHANDAUSI,0.96
28-07-2025,28.5,78.5,SAMBHAL,UTTAR PRADESH,D739,CHANDAUSI,1.19
29-07-2025,28.5,78.5,SAMBHAL,UTTAR PRADESH,D739,CHANDAUSI,1.01
30-07-2025,28.5,78.5,SAMBHAL,UTTAR PRADESH,D739,CHANDAUSI,0.92
31-07-2025,28.5,78.5,SAMBHAL,UTTAR PRADESH,D739,CHANDAUSI,0.9
01-08-2025,28.5,78.5,SAMBHAL,UTTAR PRADESH,D739,CHANDAUSI,0.86
02-08-2025,28.5,78.5,SAMBHAL,UTTAR PRADESH,D739,CHANDAUSI,0.83
03-08-2025,28.5,78.5,SAMBHAL,UTTAR PRADESH,D739,CHANDAUSI,0.9
04-08-2025,28.5,78.5,SAMBHAL,UTTAR PRADESH,D739,CHANDAUSI,0.88
05-08-2025,28.5,78.5,SAMBHAL,UTTAR PRADESH,D739,CHANDAUSI,0.87
06-08-2025,28.5,78.5,SAMBHAL,UTTAR PRADESH,D739,CHANDAUSI,0.79
07-08-2025,28.5,78.5,SAMBHAL,UTTAR PRADESH,D739,CHANDAUSI,0.82
08-08-2025,28.5,78.5,SAMBHAL,UTTAR PRADESH,D739,CHANDAUSI,0.88
09-08-2025,28.5,78.5,SAMBHAL,UTTAR PRADESH,D739,CHANDAUSI,0.85
10-08-2025,28.5,78.5,SAMBHAL,UTTAR PRADESH,D739,CHANDAUSI,0.88
11-08-2025,28.5,78.5,SAMBHAL,UTTAR PRADESH,D739,CHANDAUSI,0.74
12-08-2025,28.5,78.5,SAMBHAL,UTTAR PRADESH,D739,CHANDAUSI,0.78
13-08-2025,28.5,78.5,SAMBHAL,UTTAR PRADESH,D739,CHANDAUSI,0.81
14-08-2025,28.5,78.5,SAMBHAL,UTTAR PRADESH,D739,CHANDAUSI,0.8
15-08-2025,28.5,78.5,SAMBHAL,UTTAR PRADESH,D739,CHANDAUSI,0.77
16-08-2025,28.5,78.5,SAMBHAL,UTTAR PRADESH,D739,CHANDAUSI,0.85
17-08-2025,28.5,78.5,SAMBHAL,UTTAR PRADESH,D739,CHANDAUSI,0.95
18-08-2025,28.5,78.5,SAMBHAL,UTTAR PRADESH,D739,CHANDAUSI,1.04
19-08-2025,28.5,78.5,SAMBHAL,UTTAR PRADESH,D739,CHANDAUSI,0.77
20-08-2025,28.5,78.5,SAMBHAL,UTTAR PRADESH,D739,CHANDAUSI,0.76
21-08-2025,28.5,78.5,SAMBHAL,UTTAR PRADESH,D739,CHANDAUSI,0.79
22-08-2025,28.5,78.5,SAMBHAL,UTTAR PRADESH,D739,CHANDAUSI,0.97
23-08-2025,28.5,78.5,SAMBHAL,UTTAR PRADESH,D739,CHANDAUSI,0.8
24-08-2025,28.5,78.5,SAMBHAL,UTTAR PRADESH,D739,CHANDAUSI,0.79
25-08-2025,28.5,78.5,SAMBHAL,UTTAR PRADESH,D739,CHANDAUSI,0.7
26-08-2025,28.5,78.5,SAMBHAL,UTTAR PRADESH,D739,CHANDAUSI,0.71
27-08-2025,28.5,78.5,SAMBHAL,UTTAR PRADESH,D739,CHANDAUSI,0.6
28-08-2025,28.5,78.5,SAMBHAL,UTTAR PRADESH,D739,CHANDAUSI,0.69
29-08-2025,28.5,78.5,SAMBHAL,UTTAR PRADESH,D739,CHANDAUSI,0.79
30-08-2025,28.5,78.5,SAMBHAL,UTTAR PRADESH,D739,CHANDAUSI,0.86
31-08-2025,28.5,78.5,SAMBHAL,UTTAR PRADESH,D739,CHANDAUSI,0.85
01-09-2025,28.5,78.5,SAMBHAL,UTTAR PRADESH,D739,CHANDAUSI,0.86
02-09-2025,28.5,78.5,SAMBHAL,UTTAR PRADESH,D739,CHANDAUSI,0.97
03-09-2025,28.5,78.5,SAMBHAL,UTTAR PRADESH,D739,CHANDAUSI,0.98
04-09-2025,28.5,78.5,SAMBHAL,UTTAR PRADESH,D739,CHANDAUSI,0.8
05-09-2025,28.5,78.5,SAMBHAL,UTTAR PRADESH,D739,CHANDAUSI,0.89
06-09-2025,28.5,78.5,SAMBHAL,UTTAR PRADESH,D739,CHANDAUSI,1.03
07-09-2025,28.5,78.5,SAMBHAL,UTTAR PRADESH,D739,CHANDAUSI,1.07
08-09-2025,28.5,78.5,SAMBHAL,UTTAR PRADESH,D739,CHANDAUSI,0.93
09-09-2025,28.5,78.5,SAMBHAL,UTTAR PRADESH,D739,CHANDAUSI,0.98
10-09-2025,28.5,78.5,SAMBHAL,UTTAR PRADESH,D739,CHANDAUSI,0.97
11-09-2025,28.5,78.5,SAMBHAL,UTTAR PRADESH,D739,CHANDAUSI,0.96
12-09-2025,28.5,78.5,SAMBHAL,UTTAR PRADESH,D739,CHANDAUSI,1.07
13-09-2025,28.5,78.5,SAMBHAL,UTTAR PRADESH,D739,CHANDAUSI,1.06
14-09-2025,28.5,78.5,SAMBHAL,UTTAR PRADESH,D739,CHANDAUSI,1.09
15-09-2025,28.5,78.5,SAMBHAL,UTTAR PRADESH,D739,CHANDAUSI,1.01
16-09-2025,28.5,78.5,SAMBHAL,UTTAR PRADESH,D739,CHANDAUSI,1.02
17-09-2025,28.5,78.5,SAMBHAL,UTTAR PRADESH,D739,CHANDAUSI,0.95
18-09-2025,28.5,78.5,SAMBHAL,UTTAR PRADESH,D739,CHANDAUSI,1.11
19-09-2025,28.5,78.5,SAMBHAL,UTTAR PRADESH,D739,CHANDAUSI,1.27
20-09-2025,28.5,78.5,SAMBHAL,UTTAR PRADESH,D739,CHANDAUSI,1.19
21-09-2025,28.5,78.5,SAMBHAL,UTTAR PRADESH,D739,CHANDAUSI,1.25
22-09-2025,28.5,78.5,SAMBHAL,UTTAR PRADESH,D739,CHANDAUSI,1.08
23-09-2025,28.5,78.5,SAMBHAL,UTTAR PRADESH,D739,CHANDAUSI,1.1
24-09-2025,28.5,78.5,SAMBHAL,UTTAR PRADESH,D739,CHANDAUSI,1.13
25-09-2025,28.5,78.5,SAMBHAL,UTTAR PRADESH,D739,CHANDAUSI,1.09
26-09-2025,28.5,78.5,SAMBHAL,UTTAR PRADESH,D739,CHANDAUSI,0.98
27-09-2025,28.5,78.5,SAMBHAL,UTTAR PRADESH,D739,CHANDAUSI,0.97
28-09-2025,28.5,78.5,SAMBHAL,UTTAR PRADESH,D739,CHANDAUSI,1.06
29-09-2025,28.5,78.5,SAMBHAL,UTTAR PRADESH,D739,CHANDAUSI,1.33
30-09-2025,28.5,78.5,SAMBHAL,UTTAR PRADESH,D739,CHANDAUSI,1.44
01-10-2025,28.5,78.5,SAMBHAL,UTTAR PRADESH,D739,CHANDAUSI,1.41
02-10-2025,28.5,78.5,SAMBHAL,UTTAR PRADESH,D739,CHANDAUSI,1.69
03-10-2025,28.5,78.5,SAMBHAL,UTTAR PRADESH,D739,CHANDAUSI,1.6
04-10-2025,28.5,78.5,SAMBHAL,UTTAR PRADESH,D739,CHANDAUSI,1.54
05-10-2025,28.5,78.5,SAMBHAL,UTTAR PRADESH,D739,CHANDAUSI,1.54
06-10-2025,28.5,78.5,SAMBHAL,UTTAR PRADESH,D739,CHANDAUSI,1.33
07-10-2025,28.5,78.5,SAMBHAL,UTTAR PRADESH,D739,CHANDAUSI,1.57
08-10-2025,28.5,78.5,SAMBHAL,UTTAR PRADESH,D739,CHANDAUSI,1.46
09-10-2025,28.5,78.5,SAMBHAL,UTTAR PRADESH,D739,CHANDAUSI,1.52
10-10-2025,28.5,78.5,SAMBHAL,UTTAR PRADESH,D739,CHANDAUSI,1.43
11-10-2025,28.5,78.5,SAMBHAL,UTTAR PRADESH,D739,CHANDAUSI,1.24
12-10-2025,28.5,78.5,SAMBHAL,UTTAR PRADESH,D739,CHANDAUSI,1.35
13-10-2025,28.5,78.5,SAMBHAL,UTTAR PRADESH,D739,CHANDAUSI,1.42
14-10-2025,28.5,78.5,SAMBHAL,UTTAR PRADESH,D739,CHANDAUSI,1.55
15-10-2025,28.5,78.5,SAMBHAL,UTTAR PRADESH,D739,CHANDAUSI,1.47
16-10-2025,28.5,78.5,SAMBHAL,UTTAR PRADESH,D739,CHANDAUSI,1.31
17-10-2025,28.5,78.5,SAMBHAL,UTTAR PRADESH,D739,CHANDAUSI,1.48
18-10-2025,28.5,78.5,SAMBHAL,UTTAR PRADESH,D739,CHANDAUSI,1.35
19-10-2025,28.5,78.5,SAMBHAL,UTTAR PRADESH,D739,CHANDAUSI,1.41
20-10-2025,28.5,78.5,SAMBHAL,UTTAR PRADESH,D739,CHANDAUSI,1.48
21-10-2025,28.5,78.5,SAMBHAL,UTTAR PRADESH,D739,CHANDAUSI,1.51
22-10-2025,28.5,78.5,SAMBHAL,UTTAR PRADESH,D739,CHANDAUSI,1.47
23-10-2025,28.5,78.5,SAMBHAL,UTTAR PRADESH,D739,CHANDAUSI,1.39
24-10-2025,28.5,78.5,SAMBHAL,UTTAR PRADESH,D739,CHANDAUSI,1.37
25-10-2025,28.5,78.5,SAMBHAL,UTTAR PRADESH,D739,CHANDAUSI,1.61
26-10-2025,28.5,78.5,SAMBHAL,UTTAR PRADESH,D739,CHANDAUSI,1.3
27-10-2025,28.5,78.5,SAMBHAL,UTTAR PRADESH,D739,CHANDAUSI,1.31
28-10-2025,28.5,78.5,SAMBHAL,UTTAR PRADESH,D739,CHANDAUSI,1.47
29-10-2025,28.5,78.5,SAMBHAL,UTTAR PRADESH,D739,CHANDAUSI,1.5
30-10-2025,28.5,78.5,SAMBHAL,UTTAR PRADESH,D739,CHANDAUSI,1.57
31-10-2025,28.5,78.5,SAMBHAL,UTTAR PRADESH,D739,CHANDAUSI,1.49
01-11-2025,28.5,78.5,SAMBHAL,UTTAR PRADESH,D739,CHANDAUSI,1.4
02-11-2025,28.5,78.5,SAMBHAL,UTTAR PRADESH,D739,CHANDAUSI,1.39
03-11-2025,28.5,78.5,SAMBHAL,UTTAR PRADESH,D739,CHANDAUSI,1.51
04-11-2025,28.5,78.5,SAMBHAL,UTTAR PRADESH,D739,CHANDAUSI,1.49
05-11-2025,28.5,78.5,SAMBHAL,UTTAR PRADESH,D739,CHANDAUSI,1.58
06-11-2025,28.5,78.5,SAMBHAL,UTTAR PRADESH,D739,CHANDAUSI,1.73
07-11-2025,28.5,78.5,SAMBHAL,UTTAR PRADESH,D739,CHANDAUSI,1.81
08-11-2025,28.5,78.5,SAMBHAL,UTTAR PRADESH,D739,CHANDAUSI,1.81
09-11-2025,28.5,78.5,SAMBHAL,UTTAR PRADESH,D739,CHANDAUSI,1.86
10-11-2025,28.5,78.5,SAMBHAL,UTTAR PRADESH,D739,CHANDAUSI,1.81
11-11-2025,28.5,78.5,SAMBHAL,UTTAR PRADESH,D739,CHANDAUSI,1.58
12-11-2025,28.5,78.5,SAMBHAL,UTTAR PRADESH,D739,CHANDAUSI,1.47
13-11-2025,28.5,78.5,SAMBHAL,UTTAR PRADESH,D739,CHANDAUSI,1.41
14-11-2025,28.5,78.5,SAMBHAL,UTTAR PRADESH,D739,CHANDAUSI,1.78
15-11-2025,28.5,78.5,SAMBHAL,UTTAR PRADESH,D739,CHANDAUSI,1.72
16-11-2025,28.5,78.5,SAMBHAL,UTTAR PRADESH,D739,CHANDAUSI,1.7
17-11-2025,28.5,78.5,SAMBHAL,UTTAR PRADESH,D739,CHANDAUSI,1.74
18-11-2025,28.5,78.5,SAMBHAL,UTTAR PRADESH,D739,CHANDAUSI,1.79
19-11-2025,28.5,78.5,SAMBHAL,UTTAR PRADESH,D739,CHANDAUSI,1.42
20-11-2025,28.5,78.5,SAMBHAL,UTTAR PRADESH,D739,CHANDAUSI,1.4
21-11-2025,28.5,78.5,SAMBHAL,UTTAR PRADESH,D739,CHANDAUSI,1.27
22-11-2025,28.5,78.5,SAMBHAL,UTTAR PRADESH,D739,CHANDAUSI,1.52
23-11-2025,28.5,78.5,SAMBHAL,UTTAR PRADESH,D739,CHANDAUSI,1.69
24-11-2025,28.5,78.5,SAMBHAL,UTTAR PRADESH,D739,CHANDAUSI,1.64
25-11-2025,28.5,78.5,SAMBHAL,UTTAR PRADESH,D739,CHANDAUSI,1.67
26-11-2025,28.5,78.5,SAMBHAL,UTTAR PRADESH,D739,CHANDAUSI,1.87
27-11-2025,28.5,78.5,SAMBHAL,UTTAR PRADESH,D739,CHANDAUSI,1.73
28-11-2025,28.5,78.5,SAMBHAL,UTTAR PRADESH,D739,CHANDAUSI,1.64
29-11-2025,28.5,78.5,SAMBHAL,UTTAR PRADESH,D739,CHANDAUSI,1.41
30-11-2025,28.5,78.5,SAMBHAL,UTTAR PRADESH,D739,CHANDAUSI,1.54
01-12-2025,28.5,78.5,SAMBHAL,UTTAR PRADESH,D739,CHANDAUSI,1.79
02-12-2025,28.5,78.5,SAMBHAL,UTTAR PRADESH,D739,CHANDAUSI,2
03-12-2025,28.5,78.5,SAMBHAL,UTTAR PRADESH,D739,CHANDAUSI,1.8
04-12-2025,28.5,78.5,SAMBHAL,UTTAR PRADESH,D739,CHANDAUSI,1.66
05-12-2025,28.5,78.5,SAMBHAL,UTTAR PRADESH,D739,CHANDAUSI,1.68
06-12-2025,28.5,78.5,SAMBHAL,UTTAR PRADESH,D739,CHANDAUSI,1.78
07-12-2025,28.5,78.5,SAMBHAL,UTTAR PRADESH,D739,CHANDAUSI,1.91
08-12-2025,28.5,78.5,SAMBHAL,UTTAR PRADESH,D739,CHANDAUSI,1.79
09-12-2025,28.5,78.5,SAMBHAL,UTTAR PRADESH,D739,CHANDAUSI,2.05
10-12-2025,28.5,78.5,SAMBHAL,UTTAR PRADESH,D739,CHANDAUSI,1.99
11-12-2025,28.5,78.5,SAMBHAL,UTTAR PRADESH,D739,CHANDAUSI,2.2
12-12-2025,28.5,78.5,SAMBHAL,UTTAR PRADESH,D739,CHANDAUSI,2.26
13-12-2025,28.5,78.5,SAMBHAL,UTTAR PRADESH,D739,CHANDAUSI,1.98
14-12-2025,28.5,78.5,SAMBHAL,UTTAR PRADESH,D739,CHANDAUSI,1.9
15-12-2025,28.5,78.5,SAMBHAL,UTTAR PRADESH,D739,CHANDAUSI,1.89
16-12-2025,28.5,78.5,SAMBHAL,UTTAR PRADESH,D739,CHANDAUSI,1.96
17-12-2025,28.5,78.5,SAMBHAL,UTTAR PRADESH,D739,CHANDAUSI,1.77
18-12-2025,28.5,78.5,SAMBHAL,UTTAR PRADESH,D739,CHANDAUSI,1.78
19-12-2025,28.5,78.5,SAMBHAL,UTTAR PRADESH,D739,CHANDAUSI,2.33
20-12-2025,28.5,78.5,SAMBHAL,UTTAR PRADESH,D739,CHANDAUSI,2.15
21-12-2025,28.5,78.5,SAMBHAL,UTTAR PRADESH,D739,CHANDAUSI,2.04
22-12-2025,28.5,78.5,SAMBHAL,UTTAR PRADESH,D739,CHANDAUSI,1.86
23-12-2025,28.5,78.5,SAMBHAL,UTTAR PRADESH,D739,CHANDAUSI,1.5
24-12-2025,28.5,78.5,SAMBHAL,UTTAR PRADESH,D739,CHANDAUSI,1.45
25-12-2025,28.5,78.5,SAMBHAL,UTTAR PRADESH,D739,CHANDAUSI,1.47
26-12-2025,28.5,78.5,SAMBHAL,UTTAR PRADESH,D739,CHANDAUSI,1.32
27-12-2025,28.5,78.5,SAMBHAL,UTTAR PRADESH,D739,CHANDAUSI,1.66
28-12-2025,28.5,78.5,SAMBHAL,UTTAR PRADESH,D739,CHANDAUSI,1.81
29-12-2025,28.5,78.5,SAMBHAL,UTTAR PRADESH,D739,CHANDAUSI,1.76
30-12-2025,28.5,78.5,SAMBHAL,UTTAR PRADESH,D739,CHANDAUSI,1.88
31-12-2025,28.5,78.5,SAMBHAL,UTTAR PRADESH,D739,CHANDAUSI,1.96
01-01-2025,27.5,80.5,SITAPUR,UTTAR PRADESH,D745,BISWAN,2.21
02-01-2025,27.5,80.5,SITAPUR,UTTAR PRADESH,D745,BISWAN,1.95
03-01-2025,27.5,80.5,SITAPUR,UTTAR PRADESH,D745,BISWAN,2.35
04-01-2025,27.5,80.5,SITAPUR,UTTAR PRADESH,D745,BISWAN,2.24
05-01-2025,27.5,80.5,SITAPUR,UTTAR PRADESH,D745,BISWAN,2.03
06-01-2025,27.5,80.5,SITAPUR,UTTAR PRADESH,D745,BISWAN,2.07
07-01-2025,27.5,80.5,SITAPUR,UTTAR PRADESH,D745,BISWAN,2.64
08-01-2025,27.5,80.5,SITAPUR,UTTAR PRADESH,D745,BISWAN,2.81
09-01-2025,27.5,80.5,SITAPUR,UTTAR PRADESH,D745,BISWAN,2.49
10-01-2025,27.5,80.5,SITAPUR,UTTAR PRADESH,D745,BISWAN,2.2
11-01-2025,27.5,80.5,SITAPUR,UTTAR PRADESH,D745,BISWAN,1.79
12-01-2025,27.5,80.5,SITAPUR,UTTAR PRADESH,D745,BISWAN,1.62
13-01-2025,27.5,80.5,SITAPUR,UTTAR PRADESH,D745,BISWAN,1.9
14-01-2025,27.5,80.5,SITAPUR,UTTAR PRADESH,D745,BISWAN,1.93
15-01-2025,27.5,80.5,SITAPUR,UTTAR PRADESH,D745,BISWAN,1.87
16-01-2025,27.5,80.5,SITAPUR,UTTAR PRADESH,D745,BISWAN,2.35
17-01-2025,27.5,80.5,SITAPUR,UTTAR PRADESH,D745,BISWAN,2.41
18-01-2025,27.5,80.5,SITAPUR,UTTAR PRADESH,D745,BISWAN,2.53
19-01-2025,27.5,80.5,SITAPUR,UTTAR PRADESH,D745,BISWAN,1.96
20-01-2025,27.5,80.5,SITAPUR,UTTAR PRADESH,D745,BISWAN,1.68
21-01-2025,27.5,80.5,SITAPUR,UTTAR PRADESH,D745,BISWAN,1.61
22-01-2025,27.5,80.5,SITAPUR,UTTAR PRADESH,D745,BISWAN,1.89
23-01-2025,27.5,80.5,SITAPUR,UTTAR PRADESH,D745,BISWAN,2.36
24-01-2025,27.5,80.5,SITAPUR,UTTAR PRADESH,D745,BISWAN,2.02
25-01-2025,27.5,80.5,SITAPUR,UTTAR PRADESH,D745,BISWAN,2.13
26-01-2025,27.5,80.5,SITAPUR,UTTAR PRADESH,D745,BISWAN,2.1
27-01-2025,27.5,80.5,SITAPUR,UTTAR PRADESH,D745,BISWAN,1.9
28-01-2025,27.5,80.5,SITAPUR,UTTAR PRADESH,D745,BISWAN,1.9
29-01-2025,27.5,80.5,SITAPUR,UTTAR PRADESH,D745,BISWAN,1.84
30-01-2025,27.5,80.5,SITAPUR,UTTAR PRADESH,D745,BISWAN,2.11
31-01-2025,27.5,80.5,SITAPUR,UTTAR PRADESH,D745,BISWAN,2.31
01-02-2025,27.5,80.5,SITAPUR,UTTAR PRADESH,D745,BISWAN,2.02
02-02-2025,27.5,80.5,SITAPUR,UTTAR PRADESH,D745,BISWAN,1.66
03-02-2025,27.5,80.5,SITAPUR,UTTAR PRADESH,D745,BISWAN,1.29
04-02-2025,27.5,80.5,SITAPUR,UTTAR PRADESH,D745,BISWAN,1.54
05-02-2025,27.5,80.5,SITAPUR,UTTAR PRADESH,D745,BISWAN,1.81
06-02-2025,27.5,80.5,SITAPUR,UTTAR PRADESH,D745,BISWAN,1.8
07-02-2025,27.5,80.5,SITAPUR,UTTAR PRADESH,D745,BISWAN,1.94
08-02-2025,27.5,80.5,SITAPUR,UTTAR PRADESH,D745,BISWAN,1.87
09-02-2025,27.5,80.5,SITAPUR,UTTAR PRADESH,D745,BISWAN,2.03
10-02-2025,27.5,80.5,SITAPUR,UTTAR PRADESH,D745,BISWAN,2.1
11-02-2025,27.5,80.5,SITAPUR,UTTAR PRADESH,D745,BISWAN,2.27
12-02-2025,27.5,80.5,SITAPUR,UTTAR PRADESH,D745,BISWAN,2.14
13-02-2025,27.5,80.5,SITAPUR,UTTAR PRADESH,D745,BISWAN,2.14
14-02-2025,27.5,80.5,SITAPUR,UTTAR PRADESH,D745,BISWAN,2.19
15-02-2025,27.5,80.5,SITAPUR,UTTAR PRADESH,D745,BISWAN,2.07
16-02-2025,27.5,80.5,SITAPUR,UTTAR PRADESH,D745,BISWAN,1.45
17-02-2025,27.5,80.5,SITAPUR,UTTAR PRADESH,D745,BISWAN,1.87
18-02-2025,27.5,80.5,SITAPUR,UTTAR PRADESH,D745,BISWAN,2.26
19-02-2025,27.5,80.5,SITAPUR,UTTAR PRADESH,D745,BISWAN,2.22
20-02-2025,27.5,80.5,SITAPUR,UTTAR PRADESH,D745,BISWAN,2.44
21-02-2025,27.5,80.5,SITAPUR,UTTAR PRADESH,D745,BISWAN,2.13
22-02-2025,27.5,80.5,SITAPUR,UTTAR PRADESH,D745,BISWAN,1.61
23-02-2025,27.5,80.5,SITAPUR,UTTAR PRADESH,D745,BISWAN,1.92
24-02-2025,27.5,80.5,SITAPUR,UTTAR PRADESH,D745,BISWAN,2.13
25-02-2025,27.5,80.5,SITAPUR,UTTAR PRADESH,D745,BISWAN,2.25
26-02-2025,27.5,80.5,SITAPUR,UTTAR PRADESH,D745,BISWAN,2.03
27-02-2025,27.5,80.5,SITAPUR,UTTAR PRADESH,D745,BISWAN,1.97
28-02-2025,27.5,80.5,SITAPUR,UTTAR PRADESH,D745,BISWAN,2.16
29-02-2025,27.5,80.5,SITAPUR,UTTAR PRADESH,D745,BISWAN,2.16
01-03-2025,27.5,80.5,SITAPUR,UTTAR PRADESH,D745,BISWAN,2.18
02-03-2025,27.5,80.5,SITAPUR,UTTAR PRADESH,D745,BISWAN,1.94
03-03-2025,27.5,80.5,SITAPUR,UTTAR PRADESH,D745,BISWAN,1.91
04-03-2025,27.5,80.5,SITAPUR,UTTAR PRADESH,D745,BISWAN,1.96
05-03-2025,27.5,80.5,SITAPUR,UTTAR PRADESH,D745,BISWAN,2.33
06-03-2025,27.5,80.5,SITAPUR,UTTAR PRADESH,D745,BISWAN,2.03
07-03-2025,27.5,80.5,SITAPUR,UTTAR PRADESH,D745,BISWAN,2.04
08-03-2025,27.5,80.5,SITAPUR,UTTAR PRADESH,D745,BISWAN,2.13
09-03-2025,27.5,80.5,SITAPUR,UTTAR PRADESH,D745,BISWAN,2.17
10-03-2025,27.5,80.5,SITAPUR,UTTAR PRADESH,D745,BISWAN,1.83
11-03-2025,27.5,80.5,SITAPUR,UTTAR PRADESH,D745,BISWAN,1.8
12-03-2025,27.5,80.5,SITAPUR,UTTAR PRADESH,D745,BISWAN,1.89
13-03-2025,27.5,80.5,SITAPUR,UTTAR PRADESH,D745,BISWAN,1.8
14-03-2025,27.5,80.5,SITAPUR,UTTAR PRADESH,D745,BISWAN,1.92
15-03-2025,27.5,80.5,SITAPUR,UTTAR PRADESH,D745,BISWAN,2.07
16-03-2025,27.5,80.5,SITAPUR,UTTAR PRADESH,D745,BISWAN,2.33
17-03-2025,27.5,80.5,SITAPUR,UTTAR PRADESH,D745,BISWAN,1.98
18-03-2025,27.5,80.5,SITAPUR,UTTAR PRADESH,D745,BISWAN,2.01
19-03-2025,27.5,80.5,SITAPUR,UTTAR PRADESH,D745,BISWAN,2.05
20-03-2025,27.5,80.5,SITAPUR,UTTAR PRADESH,D745,BISWAN,2
21-03-2025,27.5,80.5,SITAPUR,UTTAR PRADESH,D745,BISWAN,1.85
22-03-2025,27.5,80.5,SITAPUR,UTTAR PRADESH,D745,BISWAN,1.72
23-03-2025,27.5,80.5,SITAPUR,UTTAR PRADESH,D745,BISWAN,1.75
24-03-2025,27.5,80.5,SITAPUR,UTTAR PRADESH,D745,BISWAN,1.93
25-03-2025,27.5,80.5,SITAPUR,UTTAR PRADESH,D745,BISWAN,2.05
26-03-2025,27.5,80.5,SITAPUR,UTTAR PRADESH,D745,BISWAN,1.86
27-03-2025,27.5,80.5,SITAPUR,UTTAR PRADESH,D745,BISWAN,1.84
28-03-2025,27.5,80.5,SITAPUR,UTTAR PRADESH,D745,BISWAN,1.24
29-03-2025,27.5,80.5,SITAPUR,UTTAR PRADESH,D745,BISWAN,1.5
30-03-2025,27.5,80.5,SITAPUR,UTTAR PRADESH,D745,BISWAN,1.65
31-03-2025,27.5,80.5,SITAPUR,UTTAR PRADESH,D745,BISWAN,1.77
01-04-2025,27.5,80.5,SITAPUR,UTTAR PRADESH,D745,BISWAN,1.74
02-04-2025,27.5,80.5,SITAPUR,UTTAR PRADESH,D745,BISWAN,1.71
03-04-2025,27.5,80.5,SITAPUR,UTTAR PRADESH,D745,BISWAN,1.89
04-04-2025,27.5,80.5,SITAPUR,UTTAR PRADESH,D745,BISWAN,2.15
05-04-2025,27.5,80.5,SITAPUR,UTTAR PRADESH,D745,BISWAN,1.95
06-04-2025,27.5,80.5,SITAPUR,UTTAR PRADESH,D745,BISWAN,1.96
07-04-2025,27.5,80.5,SITAPUR,UTTAR PRADESH,D745,BISWAN,1.85
08-04-2025,27.5,80.5,SITAPUR,UTTAR PRADESH,D745,BISWAN,1.57
09-04-2025,27.5,80.5,SITAPUR,UTTAR PRADESH,D745,BISWAN,1.59
10-04-2025,27.5,80.5,SITAPUR,UTTAR PRADESH,D745,BISWAN,2.02
11-04-2025,27.5,80.5,SITAPUR,UTTAR PRADESH,D745,BISWAN,2
12-04-2025,27.5,80.5,SITAPUR,UTTAR PRADESH,D745,BISWAN,1.95
13-04-2025,27.5,80.5,SITAPUR,UTTAR PRADESH,D745,BISWAN,1.92
14-04-2025,27.5,80.5,SITAPUR,UTTAR PRADESH,D745,BISWAN,1.71
15-04-2025,27.5,80.5,SITAPUR,UTTAR PRADESH,D745,BISWAN,1.56
16-04-2025,27.5,80.5,SITAPUR,UTTAR PRADESH,D745,BISWAN,1.64
17-04-2025,27.5,80.5,SITAPUR,UTTAR PRADESH,D745,BISWAN,1.83
18-04-2025,27.5,80.5,SITAPUR,UTTAR PRADESH,D745,BISWAN,1.99
19-04-2025,27.5,80.5,SITAPUR,UTTAR PRADESH,D745,BISWAN,2.04
20-04-2025,27.5,80.5,SITAPUR,UTTAR PRADESH,D745,BISWAN,2.18
21-04-2025,27.5,80.5,SITAPUR,UTTAR PRADESH,D745,BISWAN,2.07
22-04-2025,27.5,80.5,SITAPUR,UTTAR PRADESH,D745,BISWAN,2.08
23-04-2025,27.5,80.5,SITAPUR,UTTAR PRADESH,D745,BISWAN,1.48
24-04-2025,27.5,80.5,SITAPUR,UTTAR PRADESH,D745,BISWAN,1.63
25-04-2025,27.5,80.5,SITAPUR,UTTAR PRADESH,D745,BISWAN,1.87
26-04-2025,27.5,80.5,SITAPUR,UTTAR PRADESH,D745,BISWAN,1.55
27-04-2025,27.5,80.5,SITAPUR,UTTAR PRADESH,D745,BISWAN,1.58
28-04-2025,27.5,80.5,SITAPUR,UTTAR PRADESH,D745,BISWAN,1.31
29-04-2025,27.5,80.5,SITAPUR,UTTAR PRADESH,D745,BISWAN,1.28
30-04-2025,27.5,80.5,SITAPUR,UTTAR PRADESH,D745,BISWAN,1.5
01-05-2025,27.5,80.5,SITAPUR,UTTAR PRADESH,D745,BISWAN,1.99
02-05-2025,27.5,80.5,SITAPUR,UTTAR PRADESH,D745,BISWAN,1.95
03-05-2025,27.5,80.5,SITAPUR,UTTAR PRADESH,D745,BISWAN,2.23
04-05-2025,27.5,80.5,SITAPUR,UTTAR PRADESH,D745,BISWAN,1.99
05-05-2025,27.5,80.5,SITAPUR,UTTAR PRADESH,D745,BISWAN,1.57
06-05-2025,27.5,80.5,SITAPUR,UTTAR PRADESH,D745,BISWAN,1.55
07-05-2025,27.5,80.5,SITAPUR,UTTAR PRADESH,D745,BISWAN,1.63
08-05-2025,27.5,80.5,SITAPUR,UTTAR PRADESH,D745,BISWAN,1.48
09-05-2025,27.5,80.5,SITAPUR,UTTAR PRADESH,D745,BISWAN,1.36
10-05-2025,27.5,80.5,SITAPUR,UTTAR PRADESH,D745,BISWAN,2.06
11-05-2025,27.5,80.5,SITAPUR,UTTAR PRADESH,D745,BISWAN,2.14
12-05-2025,27.5,80.5,SITAPUR,UTTAR PRADESH,D745,BISWAN,1.99
13-05-2025,27.5,80.5,SITAPUR,UTTAR PRADESH,D745,BISWAN,1.87
14-05-2025,27.5,80.5,SITAPUR,UTTAR PRADESH,D745,BISWAN,1.85
15-05-2025,27.5,80.5,SITAPUR,UTTAR PRADESH,D745,BISWAN,1.77
16-05-2025,27.5,80.5,SITAPUR,UTTAR PRADESH,D745,BISWAN,1.81
17-05-2025,27.5,80.5,SITAPUR,UTTAR PRADESH,D745,BISWAN,1.88
18-05-2025,27.5,80.5,SITAPUR,UTTAR PRADESH,D745,BISWAN,1.88
19-05-2025,27.5,80.5,SITAPUR,UTTAR PRADESH,D745,BISWAN,1.91
20-05-2025,27.5,80.5,SITAPUR,UTTAR PRADESH,D745,BISWAN,1.82
21-05-2025,27.5,80.5,SITAPUR,UTTAR PRADESH,D745,BISWAN,1.65
22-05-2025,27.5,80.5,SITAPUR,UTTAR PRADESH,D745,BISWAN,1.67
23-05-2025,27.5,80.5,SITAPUR,UTTAR PRADESH,D745,BISWAN,1.63
24-05-2025,27.5,80.5,SITAPUR,UTTAR PRADESH,D745,BISWAN,1.84
25-05-2025,27.5,80.5,SITAPUR,UTTAR PRADESH,D745,BISWAN,1.66
26-05-2025,27.5,80.5,SITAPUR,UTTAR PRADESH,D745,BISWAN,2.11
27-05-2025,27.5,80.5,SITAPUR,UTTAR PRADESH,D745,BISWAN,1.82
28-05-2025,27.5,80.5,SITAPUR,UTTAR PRADESH,D745,BISWAN,1.91
29-05-2025,27.5,80.5,SITAPUR,UTTAR PRADESH,D745,BISWAN,1.92
30-05-2025,27.5,80.5,SITAPUR,UTTAR PRADESH,D745,BISWAN,2.12
31-05-2025,27.5,80.5,SITAPUR,UTTAR PRADESH,D745,BISWAN,1.77
01-06-2025,27.5,80.5,SITAPUR,UTTAR PRADESH,D745,BISWAN,1.74
02-06-2025,27.5,80.5,SITAPUR,UTTAR PRADESH,D745,BISWAN,1.55
03-06-2025,27.5,80.5,SITAPUR,UTTAR PRADESH,D745,BISWAN,1.44
04-06-2025,27.5,80.5,SITAPUR,UTTAR PRADESH,D745,BISWAN,1.68
05-06-2025,27.5,80.5,SITAPUR,UTTAR PRADESH,D745,BISWAN,1.82
06-06-2025,27.5,80.5,SITAPUR,UTTAR PRADESH,D745,BISWAN,1.56
07-06-2025,27.5,80.5,SITAPUR,UTTAR PRADESH,D745,BISWAN,1.35
08-06-2025,27.5,80.5,SITAPUR,UTTAR PRADESH,D745,BISWAN,1.46
09-06-2025,27.5,80.5,SITAPUR,UTTAR PRADESH,D745,BISWAN,1.61
10-06-2025,27.5,80.5,SITAPUR,UTTAR PRADESH,D745,BISWAN,1.53
11-06-2025,27.5,80.5,SITAPUR,UTTAR PRADESH,D745,BISWAN,1.43
12-06-2025,27.5,80.5,SITAPUR,UTTAR PRADESH,D745,BISWAN,1.55
13-06-2025,27.5,80.5,SITAPUR,UTTAR PRADESH,D745,BISWAN,1.46
14-06-2025,27.5,80.5,SITAPUR,UTTAR PRADESH,D745,BISWAN,1.77
15-06-2025,27.5,80.5,SITAPUR,UTTAR PRADESH,D745,BISWAN,1.74
16-06-2025,27.5,80.5,SITAPUR,UTTAR PRADESH,D745,BISWAN,1.78
17-06-2025,27.5,80.5,SITAPUR,UTTAR PRADESH,D745,BISWAN,1.62
18-06-2025,27.5,80.5,SITAPUR,UTTAR PRADESH,D745,BISWAN,1.66
19-06-2025,27.5,80.5,SITAPUR,UTTAR PRADESH,D745,BISWAN,1.71
20-06-2025,27.5,80.5,SITAPUR,UTTAR PRADESH,D745,BISWAN,1.53
21-06-2025,27.5,80.5,SITAPUR,UTTAR PRADESH,D745,BISWAN,1.46
22-06-2025,27.5,80.5,SITAPUR,UTTAR PRADESH,D745,BISWAN,1.43
23-06-2025,27.5,80.5,SITAPUR,UTTAR PRADESH,D745,BISWAN,1.57
24-06-2025,27.5,80.5,SITAPUR,UTTAR PRADESH,D745,BISWAN,1.22
25-06-2025,27.5,80.5,SITAPUR,UTTAR PRADESH,D745,BISWAN,1.16
26-06-2025,27.5,80.5,SITAPUR,UTTAR PRADESH,D745,BISWAN,1.37
27-06-2025,27.5,80.5,SITAPUR,UTTAR PRADESH,D745,BISWAN,1.28
28-06-2025,27.5,80.5,SITAPUR,UTTAR PRADESH,D745,BISWAN,1.32
29-06-2025,27.5,80.5,SITAPUR,UTTAR PRADESH,D745,BISWAN,1.22
30-06-2025,27.5,80.5,SITAPUR,UTTAR PRADESH,D745,BISWAN,1.46
01-07-2025,27.5,80.5,SITAPUR,UTTAR PRADESH,D745,BISWAN,1.32
02-07-2025,27.5,80.5,SITAPUR,UTTAR PRADESH,D745,BISWAN,1.18
03-07-2025,27.5,80.5,SITAPUR,UTTAR PRADESH,D745,BISWAN,0.95
04-07-2025,27.5,80.5,SITAPUR,UTTAR PRADESH,D745,BISWAN,0.97
05-07-2025,27.5,80.5,SITAPUR,UTTAR PRADESH,D745,BISWAN,1.13
06-07-2025,27.5,80.5,SITAPUR,UTTAR PRADESH,D745,BISWAN,1.12
07-07-2025,27.5,80.5,SITAPUR,UTTAR PRADESH,D745,BISWAN,1.24
08-07-2025,27.5,80.5,SITAPUR,UTTAR PRADESH,D745,BISWAN,1.26
09-07-2025,27.5,80.5,SITAPUR,UTTAR PRADESH,D745,BISWAN,1.27
10-07-2025,27.5,80.5,SITAPUR,UTTAR PRADESH,D745,BISWAN,1.31
11-07-2025,27.5,80.5,SITAPUR,UTTAR PRADESH,D745,BISWAN,1.26
12-07-2025,27.5,80.5,SITAPUR,UTTAR PRADESH,D745,BISWAN,1.31
13-07-2025,27.5,80.5,SITAPUR,UTTAR PRADESH,D745,BISWAN,1.04
14-07-2025,27.5,80.5,SITAPUR,UTTAR PRADESH,D745,BISWAN,1.15
15-07-2025,27.5,80.5,SITAPUR,UTTAR PRADESH,D745,BISWAN,1.05
16-07-2025,27.5,80.5,SITAPUR,UTTAR PRADESH,D745,BISWAN,0.98
17-07-2025,27.5,80.5,SITAPUR,UTTAR PRADESH,D745,BISWAN,1.07
18-07-2025,27.5,80.5,SITAPUR,UTTAR PRADESH,D745,BISWAN,1.15
19-07-2025,27.5,80.5,SITAPUR,UTTAR PRADESH,D745,BISWAN,1.04
20-07-2025,27.5,80.5,SITAPUR,UTTAR PRADESH,D745,BISWAN,0.97
21-07-2025,27.5,80.5,SITAPUR,UTTAR PRADESH,D745,BISWAN,0.98
22-07-2025,27.5,80.5,SITAPUR,UTTAR PRADESH,D745,BISWAN,0.88
23-07-2025,27.5,80.5,SITAPUR,UTTAR PRADESH,D745,BISWAN,0.87
24-07-2025,27.5,80.5,SITAPUR,UTTAR PRADESH,D745,BISWAN,0.86
25-07-2025,27.5,80.5,SITAPUR,UTTAR PRADESH,D745,BISWAN,0.95
26-07-2025,27.5,80.5,SITAPUR,UTTAR PRADESH,D745,BISWAN,1.06
27-07-2025,27.5,80.5,SITAPUR,UTTAR PRADESH,D745,BISWAN,1.13
28-07-2025,27.5,80.5,SITAPUR,UTTAR PRADESH,D745,BISWAN,1.14
29-07-2025,27.5,80.5,SITAPUR,UTTAR PRADESH,D745,BISWAN,0.86
30-07-2025,27.5,80.5,SITAPUR,UTTAR PRADESH,D745,BISWAN,0.79
31-07-2025,27.5,80.5,SITAPUR,UTTAR PRADESH,D745,BISWAN,0.86
01-08-2025,27.5,80.5,SITAPUR,UTTAR PRADESH,D745,BISWAN,0.88
02-08-2025,27.5,80.5,SITAPUR,UTTAR PRADESH,D745,BISWAN,0.89
03-08-2025,27.5,80.5,SITAPUR,UTTAR PRADESH,D745,BISWAN,0.66
04-08-2025,27.5,80.5,SITAPUR,UTTAR PRADESH,D745,BISWAN,0.8
05-08-2025,27.5,80.5,SITAPUR,UTTAR PRADESH,D745,BISWAN,0.74
06-08-2025,27.5,80.5,SITAPUR,UTTAR PRADESH,D745,BISWAN,0.68
07-08-2025,27.5,80.5,SITAPUR,UTTAR PRADESH,D745,BISWAN,0.75
08-08-2025,27.5,80.5,SITAPUR,UTTAR PRADESH,D745,BISWAN,0.82
09-08-2025,27.5,80.5,SITAPUR,UTTAR PRADESH,D745,BISWAN,0.72
10-08-2025,27.5,80.5,SITAPUR,UTTAR PRADESH,D745,BISWAN,0.9
11-08-2025,27.5,80.5,SITAPUR,UTTAR PRADESH,D745,BISWAN,0.63
12-08-2025,27.5,80.5,SITAPUR,UTTAR PRADESH,D745,BISWAN,0.67
13-08-2025,27.5,80.5,SITAPUR,UTTAR PRADESH,D745,BISWAN,0.59
14-08-2025,27.5,80.5,SITAPUR,UTTAR PRADESH,D745,BISWAN,0.7
15-08-2025,27.5,80.5,SITAPUR,UTTAR PRADESH,D745,BISWAN,0.65
16-08-2025,27.5,80.5,SITAPUR,UTTAR PRADESH,D745,BISWAN,0.7
17-08-2025,27.5,80.5,SITAPUR,UTTAR PRADESH,D745,BISWAN,0.83
18-08-2025,27.5,80.5,SITAPUR,UTTAR PRADESH,D745,BISWAN,0.84
19-08-2025,27.5,80.5,SITAPUR,UTTAR PRADESH,D745,BISWAN,0.79
20-08-2025,27.5,80.5,SITAPUR,UTTAR PRADESH,D745,BISWAN,0.66
21-08-2025,27.5,80.5,SITAPUR,UTTAR PRADESH,D745,BISWAN,0.67
22-08-2025,27.5,80.5,SITAPUR,UTTAR PRADESH,D745,BISWAN,0.79
23-08-2025,27.5,80.5,SITAPUR,UTTAR PRADESH,D745,BISWAN,0.72
24-08-2025,27.5,80.5,SITAPUR,UTTAR PRADESH,D745,BISWAN,0.67
25-08-2025,27.5,80.5,SITAPUR,UTTAR PRADESH,D745,BISWAN,0.6
26-08-2025,27.5,80.5,SITAPUR,UTTAR PRADESH,D745,BISWAN,0.61
27-08-2025,27.5,80.5,SITAPUR,UTTAR PRADESH,D745,BISWAN,0.64
28-08-2025,27.5,80.5,SITAPUR,UTTAR PRADESH,D745,BISWAN,0.85
29-08-2025,27.5,80.5,SITAPUR,UTTAR PRADESH,D745,BISWAN,0.73
30-08-2025,27.5,80.5,SITAPUR,UTTAR PRADESH,D745,BISWAN,0.81
31-08-2025,27.5,80.5,SITAPUR,UTTAR PRADESH,D745,BISWAN,0.78
01-09-2025,27.5,80.5,SITAPUR,UTTAR PRADESH,D745,BISWAN,0.9
02-09-2025,27.5,80.5,SITAPUR,UTTAR PRADESH,D745,BISWAN,0.94
03-09-2025,27.5,80.5,SITAPUR,UTTAR PRADESH,D745,BISWAN,0.92
04-09-2025,27.5,80.5,SITAPUR,UTTAR PRADESH,D745,BISWAN,0.57
05-09-2025,27.5,80.5,SITAPUR,UTTAR PRADESH,D745,BISWAN,0.67
06-09-2025,27.5,80.5,SITAPUR,UTTAR PRADESH,D745,BISWAN,0.93
07-09-2025,27.5,80.5,SITAPUR,UTTAR PRADESH,D745,BISWAN,0.82
08-09-2025,27.5,80.5,SITAPUR,UTTAR PRADESH,D745,BISWAN,0.9
09-09-2025,27.5,80.5,SITAPUR,UTTAR PRADESH,D745,BISWAN,0.99
10-09-2025,27.5,80.5,SITAPUR,UTTAR PRADESH,D745,BISWAN,0.81
11-09-2025,27.5,80.5,SITAPUR,UTTAR PRADESH,D745,BISWAN,0.79
12-09-2025,27.5,80.5,SITAPUR,UTTAR PRADESH,D745,BISWAN,0.79
13-09-2025,27.5,80.5,SITAPUR,UTTAR PRADESH,D745,BISWAN,0.83
14-09-2025,27.5,80.5,SITAPUR,UTTAR PRADESH,D745,BISWAN,0.91
15-09-2025,27.5,80.5,SITAPUR,UTTAR PRADESH,D745,BISWAN,0.84
16-09-2025,27.5,80.5,SITAPUR,UTTAR PRADESH,D745,BISWAN,0.9
17-09-2025,27.5,80.5,SITAPUR,UTTAR PRADESH,D745,BISWAN,0.91
18-09-2025,27.5,80.5,SITAPUR,UTTAR PRADESH,D745,BISWAN,0.95
19-09-2025,27.5,80.5,SITAPUR,UTTAR PRADESH,D745,BISWAN,1.02
20-09-2025,27.5,80.5,SITAPUR,UTTAR PRADESH,D745,BISWAN,0.95
21-09-2025,27.5,80.5,SITAPUR,UTTAR PRADESH,D745,BISWAN,0.97
22-09-2025,27.5,80.5,SITAPUR,UTTAR PRADESH,D745,BISWAN,0.85
23-09-2025,27.5,80.5,SITAPUR,UTTAR PRADESH,D745,BISWAN,0.81
24-09-2025,27.5,80.5,SITAPUR,UTTAR PRADESH,D745,BISWAN,0.84
25-09-2025,27.5,80.5,SITAPUR,UTTAR PRADESH,D745,BISWAN,0.98
26-09-2025,27.5,80.5,SITAPUR,UTTAR PRADESH,D745,BISWAN,0.91
27-09-2025,27.5,80.5,SITAPUR,UTTAR PRADESH,D745,BISWAN,0.93
28-09-2025,27.5,80.5,SITAPUR,UTTAR PRADESH,D745,BISWAN,1.01
29-09-2025,27.5,80.5,SITAPUR,UTTAR PRADESH,D745,BISWAN,1.08
30-09-2025,27.5,80.5,SITAPUR,UTTAR PRADESH,D745,BISWAN,1.28
01-10-2025,27.5,80.5,SITAPUR,UTTAR PRADESH,D745,BISWAN,1.23
02-10-2025,27.5,80.5,SITAPUR,UTTAR PRADESH,D745,BISWAN,1.36
03-10-2025,27.5,80.5,SITAPUR,UTTAR PRADESH,D745,BISWAN,1.33
04-10-2025,27.5,80.5,SITAPUR,UTTAR PRADESH,D745,BISWAN,1.19
05-10-2025,27.5,80.5,SITAPUR,UTTAR PRADESH,D745,BISWAN,1.19
06-10-2025,27.5,80.5,SITAPUR,UTTAR PRADESH,D745,BISWAN,1.18
07-10-2025,27.5,80.5,SITAPUR,UTTAR PRADESH,D745,BISWAN,1.43
08-10-2025,27.5,80.5,SITAPUR,UTTAR PRADESH,D745,BISWAN,1.53
09-10-2025,27.5,80.5,SITAPUR,UTTAR PRADESH,D745,BISWAN,1.42
10-10-2025,27.5,80.5,SITAPUR,UTTAR PRADESH,D745,BISWAN,1.38
11-10-2025,27.5,80.5,SITAPUR,UTTAR PRADESH,D745,BISWAN,1.3
12-10-2025,27.5,80.5,SITAPUR,UTTAR PRADESH,D745,BISWAN,1.49
13-10-2025,27.5,80.5,SITAPUR,UTTAR PRADESH,D745,BISWAN,1.52
14-10-2025,27.5,80.5,SITAPUR,UTTAR PRADESH,D745,BISWAN,1.7
15-10-2025,27.5,80.5,SITAPUR,UTTAR PRADESH,D745,BISWAN,1.65
16-10-2025,27.5,80.5,SITAPUR,UTTAR PRADESH,D745,BISWAN,1.49
17-10-2025,27.5,80.5,SITAPUR,UTTAR PRADESH,D745,BISWAN,1.75
18-10-2025,27.5,80.5,SITAPUR,UTTAR PRADESH,D745,BISWAN,1.4
19-10-2025,27.5,80.5,SITAPUR,UTTAR PRADESH,D745,BISWAN,1.57
20-10-2025,27.5,80.5,SITAPUR,UTTAR PRADESH,D745,BISWAN,1.66
21-10-2025,27.5,80.5,SITAPUR,UTTAR PRADESH,D745,BISWAN,1.47
22-10-2025,27.5,80.5,SITAPUR,UTTAR PRADESH,D745,BISWAN,1.44
23-10-2025,27.5,80.5,SITAPUR,UTTAR PRADESH,D745,BISWAN,1.51
24-10-2025,27.5,80.5,SITAPUR,UTTAR PRADESH,D745,BISWAN,1.63
25-10-2025,27.5,80.5,SITAPUR,UTTAR PRADESH,D745,BISWAN,1.64
26-10-2025,27.5,80.5,SITAPUR,UTTAR PRADESH,D745,BISWAN,1.51
27-10-2025,27.5,80.5,SITAPUR,UTTAR PRADESH,D745,BISWAN,1.45
28-10-2025,27.5,80.5,SITAPUR,UTTAR PRADESH,D745,BISWAN,1.57
29-10-2025,27.5,80.5,SITAPUR,UTTAR PRADESH,D745,BISWAN,1.63
30-10-2025,27.5,80.5,SITAPUR,UTTAR PRADESH,D745,BISWAN,1.73
31-10-2025,27.5,80.5,SITAPUR,UTTAR PRADESH,D745,BISWAN,1.48
01-11-2025,27.5,80.5,SITAPUR,UTTAR PRADESH,D745,BISWAN,1.61
02-11-2025,27.5,80.5,SITAPUR,UTTAR PRADESH,D745,BISWAN,1.53
03-11-2025,27.5,80.5,SITAPUR,UTTAR PRADESH,D745,BISWAN,1.56
04-11-2025,27.5,80.5,SITAPUR,UTTAR PRADESH,D745,BISWAN,1.75
05-11-2025,27.5,80.5,SITAPUR,UTTAR PRADESH,D745,BISWAN,1.61
06-11-2025,27.5,80.5,SITAPUR,UTTAR PRADESH,D745,BISWAN,1.7
07-11-2025,27.5,80.5,SITAPUR,UTTAR PRADESH,D745,BISWAN,1.77
08-11-2025,27.5,80.5,SITAPUR,UTTAR PRADESH,D745,BISWAN,1.79
09-11-2025,27.5,80.5,SITAPUR,UTTAR PRADESH,D745,BISWAN,1.93
10-11-2025,27.5,80.5,SITAPUR,UTTAR PRADESH,D745,BISWAN,1.93
11-11-2025,27.5,80.5,SITAPUR,UTTAR PRADESH,D745,BISWAN,1.76
12-11-2025,27.5,80.5,SITAPUR,UTTAR PRADESH,D745,BISWAN,1.75
13-11-2025,27.5,80.5,SITAPUR,UTTAR PRADESH,D745,BISWAN,1.49
14-11-2025,27.5,80.5,SITAPUR,UTTAR PRADESH,D745,BISWAN,1.87
15-11-2025,27.5,80.5,SITAPUR,UTTAR PRADESH,D745,BISWAN,1.85
16-11-2025,27.5,80.5,SITAPUR,UTTAR PRADESH,D745,BISWAN,1.95
17-11-2025,27.5,80.5,SITAPUR,UTTAR PRADESH,D745,BISWAN,2.01
18-11-2025,27.5,80.5,SITAPUR,UTTAR PRADESH,D745,BISWAN,2.09
19-11-2025,27.5,80.5,SITAPUR,UTTAR PRADESH,D745,BISWAN,1.9
20-11-2025,27.5,80.5,SITAPUR,UTTAR PRADESH,D745,BISWAN,1.64
21-11-2025,27.5,80.5,SITAPUR,UTTAR PRADESH,D745,BISWAN,1.45
22-11-2025,27.5,80.5,SITAPUR,UTTAR PRADESH,D745,BISWAN,1.56
23-11-2025,27.5,80.5,SITAPUR,UTTAR PRADESH,D745,BISWAN,1.72
24-11-2025,27.5,80.5,SITAPUR,UTTAR PRADESH,D745,BISWAN,1.7
25-11-2025,27.5,80.5,SITAPUR,UTTAR PRADESH,D745,BISWAN,1.68
26-11-2025,27.5,80.5,SITAPUR,UTTAR PRADESH,D745,BISWAN,1.85
27-11-2025,27.5,80.5,SITAPUR,UTTAR PRADESH,D745,BISWAN,1.76
28-11-2025,27.5,80.5,SITAPUR,UTTAR PRADESH,D745,BISWAN,1.62
29-11-2025,27.5,80.5,SITAPUR,UTTAR PRADESH,D745,BISWAN,1.46
30-11-2025,27.5,80.5,SITAPUR,UTTAR PRADESH,D745,BISWAN,1.7
01-12-2025,27.5,80.5,SITAPUR,UTTAR PRADESH,D745,BISWAN,1.89
02-12-2025,27.5,80.5,SITAPUR,UTTAR PRADESH,D745,BISWAN,2.1
03-12-2025,27.5,80.5,SITAPUR,UTTAR PRADESH,D745,BISWAN,1.99
04-12-2025,27.5,80.5,SITAPUR,UTTAR PRADESH,D745,BISWAN,1.78
05-12-2025,27.5,80.5,SITAPUR,UTTAR PRADESH,D745,BISWAN,1.65
06-12-2025,27.5,80.5,SITAPUR,UTTAR PRADESH,D745,BISWAN,1.97
07-12-2025,27.5,80.5,SITAPUR,UTTAR PRADESH,D745,BISWAN,1.9
08-12-2025,27.5,80.5,SITAPUR,UTTAR PRADESH,D745,BISWAN,1.83
09-12-2025,27.5,80.5,SITAPUR,UTTAR PRADESH,D745,BISWAN,1.9
10-12-2025,27.5,80.5,SITAPUR,UTTAR PRADESH,D745,BISWAN,2.03
11-12-2025,27.5,80.5,SITAPUR,UTTAR PRADESH,D745,BISWAN,1.92
12-12-2025,27.5,80.5,SITAPUR,UTTAR PRADESH,D745,BISWAN,2.13
13-12-2025,27.5,80.5,SITAPUR,UTTAR PRADESH,D745,BISWAN,2.12
14-12-2025,27.5,80.5,SITAPUR,UTTAR PRADESH,D745,BISWAN,2.02
15-12-2025,27.5,80.5,SITAPUR,UTTAR PRADESH,D745,BISWAN,1.75
16-12-2025,27.5,80.5,SITAPUR,UTTAR PRADESH,D745,BISWAN,1.81
17-12-2025,27.5,80.5,SITAPUR,UTTAR PRADESH,D745,BISWAN,1.78
18-12-2025,27.5,80.5,SITAPUR,UTTAR PRADESH,D745,BISWAN,1.76
19-12-2025,27.5,80.5,SITAPUR,UTTAR PRADESH,D745,BISWAN,2.13
20-12-2025,27.5,80.5,SITAPUR,UTTAR PRADESH,D745,BISWAN,2.04
21-12-2025,27.5,80.5,SITAPUR,UTTAR PRADESH,D745,BISWAN,2.04
22-12-2025,27.5,80.5,SITAPUR,UTTAR PRADESH,D745,BISWAN,2.01
23-12-2025,27.5,80.5,SITAPUR,UTTAR PRADESH,D745,BISWAN,1.71
24-12-2025,27.5,80.5,SITAPUR,UTTAR PRADESH,D745,BISWAN,1.45
25-12-2025,27.5,80.5,SITAPUR,UTTAR PRADESH,D745,BISWAN,1.49
26-12-2025,27.5,80.5,SITAPUR,UTTAR PRADESH,D745,BISWAN,1.47
27-12-2025,27.5,80.5,SITAPUR,UTTAR PRADESH,D745,BISWAN,1.71
28-12-2025,27.5,80.5,SITAPUR,UTTAR PRADESH,D745,BISWAN,1.9
29-12-2025,27.5,80.5,SITAPUR,UTTAR PRADESH,D745,BISWAN,1.71
30-12-2025,27.5,80.5,SITAPUR,UTTAR PRADESH,D745,BISWAN,1.72
31-12-2025,27.5,80.5,SITAPUR,UTTAR PRADESH,D745,BISWAN,2.13
01-01-2025,26.5,80.5,UNNAO,UTTAR PRADESH,D748,BIGHAPUR,2.48
02-01-2025,26.5,80.5,UNNAO,UTTAR PRADESH,D748,BIGHAPUR,2.12
03-01-2025,26.5,80.5,UNNAO,UTTAR PRADESH,D748,BIGHAPUR,2.59
04-01-2025,26.5,80.5,UNNAO,UTTAR PRADESH,D748,BIGHAPUR,2.51
05-01-2025,26.5,80.5,UNNAO,UTTAR PRADESH,D748,BIGHAPUR,2.29
06-01-2025,26.5,80.5,UNNAO,UTTAR PRADESH,D748,BIGHAPUR,2.48
07-01-2025,26.5,80.5,UNNAO,UTTAR PRADESH,D748,BIGHAPUR,3.05
08-01-2025,26.5,80.5,UNNAO,UTTAR PRADESH,D748,BIGHAPUR,3.12
09-01-2025,26.5,80.5,UNNAO,UTTAR PRADESH,D748,BIGHAPUR,2.79
10-01-2025,26.5,80.5,UNNAO,UTTAR PRADESH,D748,BIGHAPUR,2.54
11-01-2025,26.5,80.5,UNNAO,UTTAR PRADESH,D748,BIGHAPUR,2.12
12-01-2025,26.5,80.5,UNNAO,UTTAR PRADESH,D748,BIGHAPUR,1.82
13-01-2025,26.5,80.5,UNNAO,UTTAR PRADESH,D748,BIGHAPUR,2.1
14-01-2025,26.5,80.5,UNNAO,UTTAR PRADESH,D748,BIGHAPUR,2.13
15-01-2025,26.5,80.5,UNNAO,UTTAR PRADESH,D748,BIGHAPUR,2.2
16-01-2025,26.5,80.5,UNNAO,UTTAR PRADESH,D748,BIGHAPUR,2.62
17-01-2025,26.5,80.5,UNNAO,UTTAR PRADESH,D748,BIGHAPUR,2.79
18-01-2025,26.5,80.5,UNNAO,UTTAR PRADESH,D748,BIGHAPUR,2.97
19-01-2025,26.5,80.5,UNNAO,UTTAR PRADESH,D748,BIGHAPUR,2.52
20-01-2025,26.5,80.5,UNNAO,UTTAR PRADESH,D748,BIGHAPUR,2.02
21-01-2025,26.5,80.5,UNNAO,UTTAR PRADESH,D748,BIGHAPUR,1.86
22-01-2025,26.5,80.5,UNNAO,UTTAR PRADESH,D748,BIGHAPUR,2.19
23-01-2025,26.5,80.5,UNNAO,UTTAR PRADESH,D748,BIGHAPUR,2.61
24-01-2025,26.5,80.5,UNNAO,UTTAR PRADESH,D748,BIGHAPUR,2.34
25-01-2025,26.5,80.5,UNNAO,UTTAR PRADESH,D748,BIGHAPUR,2.25
26-01-2025,26.5,80.5,UNNAO,UTTAR PRADESH,D748,BIGHAPUR,2.17
27-01-2025,26.5,80.5,UNNAO,UTTAR PRADESH,D748,BIGHAPUR,2.15
28-01-2025,26.5,80.5,UNNAO,UTTAR PRADESH,D748,BIGHAPUR,2.09
29-01-2025,26.5,80.5,UNNAO,UTTAR PRADESH,D748,BIGHAPUR,2.07
30-01-2025,26.5,80.5,UNNAO,UTTAR PRADESH,D748,BIGHAPUR,2.2
31-01-2025,26.5,80.5,UNNAO,UTTAR PRADESH,D748,BIGHAPUR,2.43
01-02-2025,26.5,80.5,UNNAO,UTTAR PRADESH,D748,BIGHAPUR,2.18
02-02-2025,26.5,80.5,UNNAO,UTTAR PRADESH,D748,BIGHAPUR,1.87
03-02-2025,26.5,80.5,UNNAO,UTTAR PRADESH,D748,BIGHAPUR,1.63
04-02-2025,26.5,80.5,UNNAO,UTTAR PRADESH,D748,BIGHAPUR,1.76
05-02-2025,26.5,80.5,UNNAO,UTTAR PRADESH,D748,BIGHAPUR,1.98
06-02-2025,26.5,80.5,UNNAO,UTTAR PRADESH,D748,BIGHAPUR,1.99
07-02-2025,26.5,80.5,UNNAO,UTTAR PRADESH,D748,BIGHAPUR,2.16
08-02-2025,26.5,80.5,UNNAO,UTTAR PRADESH,D748,BIGHAPUR,2.18
09-02-2025,26.5,80.5,UNNAO,UTTAR PRADESH,D748,BIGHAPUR,2.15
10-02-2025,26.5,80.5,UNNAO,UTTAR PRADESH,D748,BIGHAPUR,2.18
11-02-2025,26.5,80.5,UNNAO,UTTAR PRADESH,D748,BIGHAPUR,2.24
12-02-2025,26.5,80.5,UNNAO,UTTAR PRADESH,D748,BIGHAPUR,2.24
13-02-2025,26.5,80.5,UNNAO,UTTAR PRADESH,D748,BIGHAPUR,2.21
14-02-2025,26.5,80.5,UNNAO,UTTAR PRADESH,D748,BIGHAPUR,2.39
15-02-2025,26.5,80.5,UNNAO,UTTAR PRADESH,D748,BIGHAPUR,2.36
16-02-2025,26.5,80.5,UNNAO,UTTAR PRADESH,D748,BIGHAPUR,1.75
17-02-2025,26.5,80.5,UNNAO,UTTAR PRADESH,D748,BIGHAPUR,1.89
18-02-2025,26.5,80.5,UNNAO,UTTAR PRADESH,D748,BIGHAPUR,2.29
19-02-2025,26.5,80.5,UNNAO,UTTAR PRADESH,D748,BIGHAPUR,2.31
20-02-2025,26.5,80.5,UNNAO,UTTAR PRADESH,D748,BIGHAPUR,2.44
21-02-2025,26.5,80.5,UNNAO,UTTAR PRADESH,D748,BIGHAPUR,2.2
22-02-2025,26.5,80.5,UNNAO,UTTAR PRADESH,D748,BIGHAPUR,1.75
23-02-2025,26.5,80.5,UNNAO,UTTAR PRADESH,D748,BIGHAPUR,1.92
24-02-2025,26.5,80.5,UNNAO,UTTAR PRADESH,D748,BIGHAPUR,2.18
25-02-2025,26.5,80.5,UNNAO,UTTAR PRADESH,D748,BIGHAPUR,2.3
26-02-2025,26.5,80.5,UNNAO,UTTAR PRADESH,D748,BIGHAPUR,2.06
27-02-2025,26.5,80.5,UNNAO,UTTAR PRADESH,D748,BIGHAPUR,2
28-02-2025,26.5,80.5,UNNAO,UTTAR PRADESH,D748,BIGHAPUR,2.18
29-02-2025,26.5,80.5,UNNAO,UTTAR PRADESH,D748,BIGHAPUR,2.13
01-03-2025,26.5,80.5,UNNAO,UTTAR PRADESH,D748,BIGHAPUR,2.35
02-03-2025,26.5,80.5,UNNAO,UTTAR PRADESH,D748,BIGHAPUR,2.14
03-03-2025,26.5,80.5,UNNAO,UTTAR PRADESH,D748,BIGHAPUR,2.15
04-03-2025,26.5,80.5,UNNAO,UTTAR PRADESH,D748,BIGHAPUR,2
05-03-2025,26.5,80.5,UNNAO,UTTAR PRADESH,D748,BIGHAPUR,2.42
06-03-2025,26.5,80.5,UNNAO,UTTAR PRADESH,D748,BIGHAPUR,2.32
07-03-2025,26.5,80.5,UNNAO,UTTAR PRADESH,D748,BIGHAPUR,2.26
08-03-2025,26.5,80.5,UNNAO,UTTAR PRADESH,D748,BIGHAPUR,2.15
09-03-2025,26.5,80.5,UNNAO,UTTAR PRADESH,D748,BIGHAPUR,2.3
10-03-2025,26.5,80.5,UNNAO,UTTAR PRADESH,D748,BIGHAPUR,1.83
11-03-2025,26.5,80.5,UNNAO,UTTAR PRADESH,D748,BIGHAPUR,1.82
12-03-2025,26.5,80.5,UNNAO,UTTAR PRADESH,D748,BIGHAPUR,1.88
13-03-2025,26.5,80.5,UNNAO,UTTAR PRADESH,D748,BIGHAPUR,1.87
14-03-2025,26.5,80.5,UNNAO,UTTAR PRADESH,D748,BIGHAPUR,1.92
15-03-2025,26.5,80.5,UNNAO,UTTAR PRADESH,D748,BIGHAPUR,2.13
16-03-2025,26.5,80.5,UNNAO,UTTAR PRADESH,D748,BIGHAPUR,2.29
17-03-2025,26.5,80.5,UNNAO,UTTAR PRADESH,D748,BIGHAPUR,1.88
18-03-2025,26.5,80.5,UNNAO,UTTAR PRADESH,D748,BIGHAPUR,1.99
19-03-2025,26.5,80.5,UNNAO,UTTAR PRADESH,D748,BIGHAPUR,2.09
20-03-2025,26.5,80.5,UNNAO,UTTAR PRADESH,D748,BIGHAPUR,2.17
21-03-2025,26.5,80.5,UNNAO,UTTAR PRADESH,D748,BIGHAPUR,2.04
22-03-2025,26.5,80.5,UNNAO,UTTAR PRADESH,D748,BIGHAPUR,1.85
23-03-2025,26.5,80.5,UNNAO,UTTAR PRADESH,D748,BIGHAPUR,1.7
24-03-2025,26.5,80.5,UNNAO,UTTAR PRADESH,D748,BIGHAPUR,1.99
25-03-2025,26.5,80.5,UNNAO,UTTAR PRADESH,D748,BIGHAPUR,2.15
26-03-2025,26.5,80.5,UNNAO,UTTAR PRADESH,D748,BIGHAPUR,1.95
27-03-2025,26.5,80.5,UNNAO,UTTAR PRADESH,D748,BIGHAPUR,2.09
28-03-2025,26.5,80.5,UNNAO,UTTAR PRADESH,D748,BIGHAPUR,1.44
29-03-2025,26.5,80.5,UNNAO,UTTAR PRADESH,D748,BIGHAPUR,1.66
30-03-2025,26.5,80.5,UNNAO,UTTAR PRADESH,D748,BIGHAPUR,1.79
31-03-2025,26.5,80.5,UNNAO,UTTAR PRADESH,D748,BIGHAPUR,1.85
01-04-2025,26.5,80.5,UNNAO,UTTAR PRADESH,D748,BIGHAPUR,1.69
02-04-2025,26.5,80.5,UNNAO,UTTAR PRADESH,D748,BIGHAPUR,1.65
03-04-2025,26.5,80.5,UNNAO,UTTAR PRADESH,D748,BIGHAPUR,1.92
04-04-2025,26.5,80.5,UNNAO,UTTAR PRADESH,D748,BIGHAPUR,2.29
05-04-2025,26.5,80.5,UNNAO,UTTAR PRADESH,D748,BIGHAPUR,1.97
06-04-2025,26.5,80.5,UNNAO,UTTAR PRADESH,D748,BIGHAPUR,2.02
07-04-2025,26.5,80.5,UNNAO,UTTAR PRADESH,D748,BIGHAPUR,1.87
08-04-2025,26.5,80.5,UNNAO,UTTAR PRADESH,D748,BIGHAPUR,1.54
09-04-2025,26.5,80.5,UNNAO,UTTAR PRADESH,D748,BIGHAPUR,1.59
10-04-2025,26.5,80.5,UNNAO,UTTAR PRADESH,D748,BIGHAPUR,2.03
11-04-2025,26.5,80.5,UNNAO,UTTAR PRADESH,D748,BIGHAPUR,2.07
12-04-2025,26.5,80.5,UNNAO,UTTAR PRADESH,D748,BIGHAPUR,1.92
13-04-2025,26.5,80.5,UNNAO,UTTAR PRADESH,D748,BIGHAPUR,1.89
14-04-2025,26.5,80.5,UNNAO,UTTAR PRADESH,D748,BIGHAPUR,1.62
15-04-2025,26.5,80.5,UNNAO,UTTAR PRADESH,D748,BIGHAPUR,1.51
16-04-2025,26.5,80.5,UNNAO,UTTAR PRADESH,D748,BIGHAPUR,1.54
17-04-2025,26.5,80.5,UNNAO,UTTAR PRADESH,D748,BIGHAPUR,1.86
18-04-2025,26.5,80.5,UNNAO,UTTAR PRADESH,D748,BIGHAPUR,2.03
19-04-2025,26.5,80.5,UNNAO,UTTAR PRADESH,D748,BIGHAPUR,2.05
20-04-2025,26.5,80.5,UNNAO,UTTAR PRADESH,D748,BIGHAPUR,2.15
21-04-2025,26.5,80.5,UNNAO,UTTAR PRADESH,D748,BIGHAPUR,2.04
22-04-2025,26.5,80.5,UNNAO,UTTAR PRADESH,D748,BIGHAPUR,2.08
23-04-2025,26.5,80.5,UNNAO,UTTAR PRADESH,D748,BIGHAPUR,1.53
24-04-2025,26.5,80.5,UNNAO,UTTAR PRADESH,D748,BIGHAPUR,1.63
25-04-2025,26.5,80.5,UNNAO,UTTAR PRADESH,D748,BIGHAPUR,1.89
26-04-2025,26.5,80.5,UNNAO,UTTAR PRADESH,D748,BIGHAPUR,1.72
27-04-2025,26.5,80.5,UNNAO,UTTAR PRADESH,D748,BIGHAPUR,1.6
28-04-2025,26.5,80.5,UNNAO,UTTAR PRADESH,D748,BIGHAPUR,1.38
29-04-2025,26.5,80.5,UNNAO,UTTAR PRADESH,D748,BIGHAPUR,1.33
30-04-2025,26.5,80.5,UNNAO,UTTAR PRADESH,D748,BIGHAPUR,1.34
01-05-2025,26.5,80.5,UNNAO,UTTAR PRADESH,D748,BIGHAPUR,1.92
02-05-2025,26.5,80.5,UNNAO,UTTAR PRADESH,D748,BIGHAPUR,2.01
03-05-2025,26.5,80.5,UNNAO,UTTAR PRADESH,D748,BIGHAPUR,2.3
04-05-2025,26.5,80.5,UNNAO,UTTAR PRADESH,D748,BIGHAPUR,2.11
05-05-2025,26.5,80.5,UNNAO,UTTAR PRADESH,D748,BIGHAPUR,1.68
06-05-2025,26.5,80.5,UNNAO,UTTAR PRADESH,D748,BIGHAPUR,1.55
07-05-2025,26.5,80.5,UNNAO,UTTAR PRADESH,D748,BIGHAPUR,1.53
08-05-2025,26.5,80.5,UNNAO,UTTAR PRADESH,D748,BIGHAPUR,1.55
09-05-2025,26.5,80.5,UNNAO,UTTAR PRADESH,D748,BIGHAPUR,1.46
10-05-2025,26.5,80.5,UNNAO,UTTAR PRADESH,D748,BIGHAPUR,2.16
11-05-2025,26.5,80.5,UNNAO,UTTAR PRADESH,D748,BIGHAPUR,2.26
12-05-2025,26.5,80.5,UNNAO,UTTAR PRADESH,D748,BIGHAPUR,1.92
13-05-2025,26.5,80.5,UNNAO,UTTAR PRADESH,D748,BIGHAPUR,1.81
14-05-2025,26.5,80.5,UNNAO,UTTAR PRADESH,D748,BIGHAPUR,1.86
15-05-2025,26.5,80.5,UNNAO,UTTAR PRADESH,D748,BIGHAPUR,1.68
16-05-2025,26.5,80.5,UNNAO,UTTAR PRADESH,D748,BIGHAPUR,1.8
17-05-2025,26.5,80.5,UNNAO,UTTAR PRADESH,D748,BIGHAPUR,1.85
18-05-2025,26.5,80.5,UNNAO,UTTAR PRADESH,D748,BIGHAPUR,1.77
19-05-2025,26.5,80.5,UNNAO,UTTAR PRADESH,D748,BIGHAPUR,1.98
20-05-2025,26.5,80.5,UNNAO,UTTAR PRADESH,D748,BIGHAPUR,2
21-05-2025,26.5,80.5,UNNAO,UTTAR PRADESH,D748,BIGHAPUR,1.94
22-05-2025,26.5,80.5,UNNAO,UTTAR PRADESH,D748,BIGHAPUR,1.88
23-05-2025,26.5,80.5,UNNAO,UTTAR PRADESH,D748,BIGHAPUR,1.64
24-05-2025,26.5,80.5,UNNAO,UTTAR PRADESH,D748,BIGHAPUR,1.9
25-05-2025,26.5,80.5,UNNAO,UTTAR PRADESH,D748,BIGHAPUR,1.77
26-05-2025,26.5,80.5,UNNAO,UTTAR PRADESH,D748,BIGHAPUR,2.33
27-05-2025,26.5,80.5,UNNAO,UTTAR PRADESH,D748,BIGHAPUR,1.88
28-05-2025,26.5,80.5,UNNAO,UTTAR PRADESH,D748,BIGHAPUR,1.98
29-05-2025,26.5,80.5,UNNAO,UTTAR PRADESH,D748,BIGHAPUR,1.99
30-05-2025,26.5,80.5,UNNAO,UTTAR PRADESH,D748,BIGHAPUR,2.26
31-05-2025,26.5,80.5,UNNAO,UTTAR PRADESH,D748,BIGHAPUR,1.76
01-06-2025,26.5,80.5,UNNAO,UTTAR PRADESH,D748,BIGHAPUR,1.63
02-06-2025,26.5,80.5,UNNAO,UTTAR PRADESH,D748,BIGHAPUR,1.69
03-06-2025,26.5,80.5,UNNAO,UTTAR PRADESH,D748,BIGHAPUR,1.48
04-06-2025,26.5,80.5,UNNAO,UTTAR PRADESH,D748,BIGHAPUR,1.74
05-06-2025,26.5,80.5,UNNAO,UTTAR PRADESH,D748,BIGHAPUR,1.94
06-06-2025,26.5,80.5,UNNAO,UTTAR PRADESH,D748,BIGHAPUR,1.77
07-06-2025,26.5,80.5,UNNAO,UTTAR PRADESH,D748,BIGHAPUR,1.54
08-06-2025,26.5,80.5,UNNAO,UTTAR PRADESH,D748,BIGHAPUR,1.42
09-06-2025,26.5,80.5,UNNAO,UTTAR PRADESH,D748,BIGHAPUR,1.54
10-06-2025,26.5,80.5,UNNAO,UTTAR PRADESH,D748,BIGHAPUR,1.65
11-06-2025,26.5,80.5,UNNAO,UTTAR PRADESH,D748,BIGHAPUR,1.69
12-06-2025,26.5,80.5,UNNAO,UTTAR PRADESH,D748,BIGHAPUR,1.58
13-06-2025,26.5,80.5,UNNAO,UTTAR PRADESH,D748,BIGHAPUR,1.63
14-06-2025,26.5,80.5,UNNAO,UTTAR PRADESH,D748,BIGHAPUR,1.78
15-06-2025,26.5,80.5,UNNAO,UTTAR PRADESH,D748,BIGHAPUR,1.99
16-06-2025,26.5,80.5,UNNAO,UTTAR PRADESH,D748,BIGHAPUR,2.01
17-06-2025,26.5,80.5,UNNAO,UTTAR PRADESH,D748,BIGHAPUR,1.82
18-06-2025,26.5,80.5,UNNAO,UTTAR PRADESH,D748,BIGHAPUR,1.81
19-06-2025,26.5,80.5,UNNAO,UTTAR PRADESH,D748,BIGHAPUR,1.87
20-06-2025,26.5,80.5,UNNAO,UTTAR PRADESH,D748,BIGHAPUR,1.77
21-06-2025,26.5,80.5,UNNAO,UTTAR PRADESH,D748,BIGHAPUR,1.69
22-06-2025,26.5,80.5,UNNAO,UTTAR PRADESH,D748,BIGHAPUR,1.62
23-06-2025,26.5,80.5,UNNAO,UTTAR PRADESH,D748,BIGHAPUR,1.64
24-06-2025,26.5,80.5,UNNAO,UTTAR PRADESH,D748,BIGHAPUR,1.42
25-06-2025,26.5,80.5,UNNAO,UTTAR PRADESH,D748,BIGHAPUR,1.3
26-06-2025,26.5,80.5,UNNAO,UTTAR PRADESH,D748,BIGHAPUR,1.39
27-06-2025,26.5,80.5,UNNAO,UTTAR PRADESH,D748,BIGHAPUR,1.42
28-06-2025,26.5,80.5,UNNAO,UTTAR PRADESH,D748,BIGHAPUR,1.45
29-06-2025,26.5,80.5,UNNAO,UTTAR PRADESH,D748,BIGHAPUR,1.38
30-06-2025,26.5,80.5,UNNAO,UTTAR PRADESH,D748,BIGHAPUR,1.59
01-07-2025,26.5,80.5,UNNAO,UTTAR PRADESH,D748,BIGHAPUR,1.42
02-07-2025,26.5,80.5,UNNAO,UTTAR PRADESH,D748,BIGHAPUR,1.25
03-07-2025,26.5,80.5,UNNAO,UTTAR PRADESH,D748,BIGHAPUR,1.06
04-07-2025,26.5,80.5,UNNAO,UTTAR PRADESH,D748,BIGHAPUR,1.13
05-07-2025,26.5,80.5,UNNAO,UTTAR PRADESH,D748,BIGHAPUR,1.13
06-07-2025,26.5,80.5,UNNAO,UTTAR PRADESH,D748,BIGHAPUR,1.22
07-07-2025,26.5,80.5,UNNAO,UTTAR PRADESH,D748,BIGHAPUR,1.17
08-07-2025,26.5,80.5,UNNAO,UTTAR PRADESH,D748,BIGHAPUR,1.23
09-07-2025,26.5,80.5,UNNAO,UTTAR PRADESH,D748,BIGHAPUR,1.32
10-07-2025,26.5,80.5,UNNAO,UTTAR PRADESH,D748,BIGHAPUR,1.24
11-07-2025,26.5,80.5,UNNAO,UTTAR PRADESH,D748,BIGHAPUR,1.28
12-07-2025,26.5,80.5,UNNAO,UTTAR PRADESH,D748,BIGHAPUR,1.29
13-07-2025,26.5,80.5,UNNAO,UTTAR PRADESH,D748,BIGHAPUR,1.01
14-07-2025,26.5,80.5,UNNAO,UTTAR PRADESH,D748,BIGHAPUR,1.1
15-07-2025,26.5,80.5,UNNAO,UTTAR PRADESH,D748,BIGHAPUR,1.02
16-07-2025,26.5,80.5,UNNAO,UTTAR PRADESH,D748,BIGHAPUR,0.93
17-07-2025,26.5,80.5,UNNAO,UTTAR PRADESH,D748,BIGHAPUR,1.09
18-07-2025,26.5,80.5,UNNAO,UTTAR PRADESH,D748,BIGHAPUR,1.29
19-07-2025,26.5,80.5,UNNAO,UTTAR PRADESH,D748,BIGHAPUR,1.07
20-07-2025,26.5,80.5,UNNAO,UTTAR PRADESH,D748,BIGHAPUR,0.93
21-07-2025,26.5,80.5,UNNAO,UTTAR PRADESH,D748,BIGHAPUR,1.05
22-07-2025,26.5,80.5,UNNAO,UTTAR PRADESH,D748,BIGHAPUR,0.91
23-07-2025,26.5,80.5,UNNAO,UTTAR PRADESH,D748,BIGHAPUR,0.9
24-07-2025,26.5,80.5,UNNAO,UTTAR PRADESH,D748,BIGHAPUR,0.92
25-07-2025,26.5,80.5,UNNAO,UTTAR PRADESH,D748,BIGHAPUR,1.03
26-07-2025,26.5,80.5,UNNAO,UTTAR PRADESH,D748,BIGHAPUR,1.13
27-07-2025,26.5,80.5,UNNAO,UTTAR PRADESH,D748,BIGHAPUR,1.29
28-07-2025,26.5,80.5,UNNAO,UTTAR PRADESH,D748,BIGHAPUR,1.2
29-07-2025,26.5,80.5,UNNAO,UTTAR PRADESH,D748,BIGHAPUR,0.9
30-07-2025,26.5,80.5,UNNAO,UTTAR PRADESH,D748,BIGHAPUR,0.86
31-07-2025,26.5,80.5,UNNAO,UTTAR PRADESH,D748,BIGHAPUR,0.97
01-08-2025,26.5,80.5,UNNAO,UTTAR PRADESH,D748,BIGHAPUR,0.91
02-08-2025,26.5,80.5,UNNAO,UTTAR PRADESH,D748,BIGHAPUR,0.96
03-08-2025,26.5,80.5,UNNAO,UTTAR PRADESH,D748,BIGHAPUR,0.74
04-08-2025,26.5,80.5,UNNAO,UTTAR PRADESH,D748,BIGHAPUR,0.79
05-08-2025,26.5,80.5,UNNAO,UTTAR PRADESH,D748,BIGHAPUR,0.74
06-08-2025,26.5,80.5,UNNAO,UTTAR PRADESH,D748,BIGHAPUR,0.73
07-08-2025,26.5,80.5,UNNAO,UTTAR PRADESH,D748,BIGHAPUR,0.76
08-08-2025,26.5,80.5,UNNAO,UTTAR PRADESH,D748,BIGHAPUR,0.91
09-08-2025,26.5,80.5,UNNAO,UTTAR PRADESH,D748,BIGHAPUR,0.79
10-08-2025,26.5,80.5,UNNAO,UTTAR PRADESH,D748,BIGHAPUR,0.85
11-08-2025,26.5,80.5,UNNAO,UTTAR PRADESH,D748,BIGHAPUR,0.78
12-08-2025,26.5,80.5,UNNAO,UTTAR PRADESH,D748,BIGHAPUR,0.72
13-08-2025,26.5,80.5,UNNAO,UTTAR PRADESH,D748,BIGHAPUR,0.73
14-08-2025,26.5,80.5,UNNAO,UTTAR PRADESH,D748,BIGHAPUR,0.77
15-08-2025,26.5,80.5,UNNAO,UTTAR PRADESH,D748,BIGHAPUR,0.73
16-08-2025,26.5,80.5,UNNAO,UTTAR PRADESH,D748,BIGHAPUR,0.74
17-08-2025,26.5,80.5,UNNAO,UTTAR PRADESH,D748,BIGHAPUR,0.94
18-08-2025,26.5,80.5,UNNAO,UTTAR PRADESH,D748,BIGHAPUR,0.81
19-08-2025,26.5,80.5,UNNAO,UTTAR PRADESH,D748,BIGHAPUR,0.79
20-08-2025,26.5,80.5,UNNAO,UTTAR PRADESH,D748,BIGHAPUR,0.82
21-08-2025,26.5,80.5,UNNAO,UTTAR PRADESH,D748,BIGHAPUR,0.85
22-08-2025,26.5,80.5,UNNAO,UTTAR PRADESH,D748,BIGHAPUR,0.87
23-08-2025,26.5,80.5,UNNAO,UTTAR PRADESH,D748,BIGHAPUR,0.83
24-08-2025,26.5,80.5,UNNAO,UTTAR PRADESH,D748,BIGHAPUR,0.65
25-08-2025,26.5,80.5,UNNAO,UTTAR PRADESH,D748,BIGHAPUR,0.64
26-08-2025,26.5,80.5,UNNAO,UTTAR PRADESH,D748,BIGHAPUR,0.73
27-08-2025,26.5,80.5,UNNAO,UTTAR PRADESH,D748,BIGHAPUR,0.74
28-08-2025,26.5,80.5,UNNAO,UTTAR PRADESH,D748,BIGHAPUR,0.88
29-08-2025,26.5,80.5,UNNAO,UTTAR PRADESH,D748,BIGHAPUR,0.72
30-08-2025,26.5,80.5,UNNAO,UTTAR PRADESH,D748,BIGHAPUR,0.84
31-08-2025,26.5,80.5,UNNAO,UTTAR PRADESH,D748,BIGHAPUR,0.77
01-09-2025,26.5,80.5,UNNAO,UTTAR PRADESH,D748,BIGHAPUR,0.97
02-09-2025,26.5,80.5,UNNAO,UTTAR PRADESH,D748,BIGHAPUR,1.03
03-09-2025,26.5,80.5,UNNAO,UTTAR PRADESH,D748,BIGHAPUR,0.92
04-09-2025,26.5,80.5,UNNAO,UTTAR PRADESH,D748,BIGHAPUR,0.7
05-09-2025,26.5,80.5,UNNAO,UTTAR PRADESH,D748,BIGHAPUR,0.77
06-09-2025,26.5,80.5,UNNAO,UTTAR PRADESH,D748,BIGHAPUR,0.86
07-09-2025,26.5,80.5,UNNAO,UTTAR PRADESH,D748,BIGHAPUR,0.79
08-09-2025,26.5,80.5,UNNAO,UTTAR PRADESH,D748,BIGHAPUR,1.03
09-09-2025,26.5,80.5,UNNAO,UTTAR PRADESH,D748,BIGHAPUR,1.07
10-09-2025,26.5,80.5,UNNAO,UTTAR PRADESH,D748,BIGHAPUR,0.84
11-09-2025,26.5,80.5,UNNAO,UTTAR PRADESH,D748,BIGHAPUR,0.8
12-09-2025,26.5,80.5,UNNAO,UTTAR PRADESH,D748,BIGHAPUR,0.78
13-09-2025,26.5,80.5,UNNAO,UTTAR PRADESH,D748,BIGHAPUR,0.81
14-09-2025,26.5,80.5,UNNAO,UTTAR PRADESH,D748,BIGHAPUR,0.93
15-09-2025,26.5,80.5,UNNAO,UTTAR PRADESH,D748,BIGHAPUR,0.97
16-09-2025,26.5,80.5,UNNAO,UTTAR PRADESH,D748,BIGHAPUR,0.88
17-09-2025,26.5,80.5,UNNAO,UTTAR PRADESH,D748,BIGHAPUR,0.93
18-09-2025,26.5,80.5,UNNAO,UTTAR PRADESH,D748,BIGHAPUR,0.98
19-09-2025,26.5,80.5,UNNAO,UTTAR PRADESH,D748,BIGHAPUR,1.01
20-09-2025,26.5,80.5,UNNAO,UTTAR PRADESH,D748,BIGHAPUR,0.99
21-09-2025,26.5,80.5,UNNAO,UTTAR PRADESH,D748,BIGHAPUR,1.03
22-09-2025,26.5,80.5,UNNAO,UTTAR PRADESH,D748,BIGHAPUR,0.95
23-09-2025,26.5,80.5,UNNAO,UTTAR PRADESH,D748,BIGHAPUR,0.85
24-09-2025,26.5,80.5,UNNAO,UTTAR PRADESH,D748,BIGHAPUR,0.82
25-09-2025,26.5,80.5,UNNAO,UTTAR PRADESH,D748,BIGHAPUR,1.03
26-09-2025,26.5,80.5,UNNAO,UTTAR PRADESH,D748,BIGHAPUR,0.92
27-09-2025,26.5,80.5,UNNAO,UTTAR PRADESH,D748,BIGHAPUR,1.01
28-09-2025,26.5,80.5,UNNAO,UTTAR PRADESH,D748,BIGHAPUR,1.1
29-09-2025,26.5,80.5,UNNAO,UTTAR PRADESH,D748,BIGHAPUR,1.1
30-09-2025,26.5,80.5,UNNAO,UTTAR PRADESH,D748,BIGHAPUR,1.33
01-10-2025,26.5,80.5,UNNAO,UTTAR PRADESH,D748,BIGHAPUR,1.24
02-10-2025,26.5,80.5,UNNAO,UTTAR PRADESH,D748,BIGHAPUR,1.27
03-10-2025,26.5,80.5,UNNAO,UTTAR PRADESH,D748,BIGHAPUR,1.38
04-10-2025,26.5,80.5,UNNAO,UTTAR PRADESH,D748,BIGHAPUR,1.21
05-10-2025,26.5,80.5,UNNAO,UTTAR PRADESH,D748,BIGHAPUR,1.22
06-10-2025,26.5,80.5,UNNAO,UTTAR PRADESH,D748,BIGHAPUR,1.25
07-10-2025,26.5,80.5,UNNAO,UTTAR PRADESH,D748,BIGHAPUR,1.43
08-10-2025,26.5,80.5,UNNAO,UTTAR PRADESH,D748,BIGHAPUR,1.48
09-10-2025,26.5,80.5,UNNAO,UTTAR PRADESH,D748,BIGHAPUR,1.43
10-10-2025,26.5,80.5,UNNAO,UTTAR PRADESH,D748,BIGHAPUR,1.39
11-10-2025,26.5,80.5,UNNAO,UTTAR PRADESH,D748,BIGHAPUR,1.36
12-10-2025,26.5,80.5,UNNAO,UTTAR PRADESH,D748,BIGHAPUR,1.67
13-10-2025,26.5,80.5,UNNAO,UTTAR PRADESH,D748,BIGHAPUR,1.69
14-10-2025,26.5,80.5,UNNAO,UTTAR PRADESH,D748,BIGHAPUR,1.82
15-10-2025,26.5,80.5,UNNAO,UTTAR PRADESH,D748,BIGHAPUR,1.89
16-10-2025,26.5,80.5,UNNAO,UTTAR PRADESH,D748,BIGHAPUR,1.78
17-10-2025,26.5,80.5,UNNAO,UTTAR PRADESH,D748,BIGHAPUR,1.93
18-10-2025,26.5,80.5,UNNAO,UTTAR PRADESH,D748,BIGHAPUR,1.74
19-10-2025,26.5,80.5,UNNAO,UTTAR PRADESH,D748,BIGHAPUR,1.79
20-10-2025,26.5,80.5,UNNAO,UTTAR PRADESH,D748,BIGHAPUR,1.79
21-10-2025,26.5,80.5,UNNAO,UTTAR PRADESH,D748,BIGHAPUR,1.66
22-10-2025,26.5,80.5,UNNAO,UTTAR PRADESH,D748,BIGHAPUR,1.59
23-10-2025,26.5,80.5,UNNAO,UTTAR PRADESH,D748,BIGHAPUR,1.67
24-10-2025,26.5,80.5,UNNAO,UTTAR PRADESH,D748,BIGHAPUR,1.74
25-10-2025,26.5,80.5,UNNAO,UTTAR PRADESH,D748,BIGHAPUR,1.74
26-10-2025,26.5,80.5,UNNAO,UTTAR PRADESH,D748,BIGHAPUR,1.68
27-10-2025,26.5,80.5,UNNAO,UTTAR PRADESH,D748,BIGHAPUR,1.43
28-10-2025,26.5,80.5,UNNAO,UTTAR PRADESH,D748,BIGHAPUR,1.55
29-10-2025,26.5,80.5,UNNAO,UTTAR PRADESH,D748,BIGHAPUR,1.64
30-10-2025,26.5,80.5,UNNAO,UTTAR PRADESH,D748,BIGHAPUR,1.89
31-10-2025,26.5,80.5,UNNAO,UTTAR PRADESH,D748,BIGHAPUR,1.6
01-11-2025,26.5,80.5,UNNAO,UTTAR PRADESH,D748,BIGHAPUR,1.71
02-11-2025,26.5,80.5,UNNAO,UTTAR PRADESH,D748,BIGHAPUR,1.6
03-11-2025,26.5,80.5,UNNAO,UTTAR PRADESH,D748,BIGHAPUR,1.66
04-11-2025,26.5,80.5,UNNAO,UTTAR PRADESH,D748,BIGHAPUR,1.88
05-11-2025,26.5,80.5,UNNAO,UTTAR PRADESH,D748,BIGHAPUR,1.83
06-11-2025,26.5,80.5,UNNAO,UTTAR PRADESH,D748,BIGHAPUR,1.9
07-11-2025,26.5,80.5,UNNAO,UTTAR PRADESH,D748,BIGHAPUR,1.93
08-11-2025,26.5,80.5,UNNAO,UTTAR PRADESH,D748,BIGHAPUR,1.99
09-11-2025,26.5,80.5,UNNAO,UTTAR PRADESH,D748,BIGHAPUR,2.19
10-11-2025,26.5,80.5,UNNAO,UTTAR PRADESH,D748,BIGHAPUR,2.21
11-11-2025,26.5,80.5,UNNAO,UTTAR PRADESH,D748,BIGHAPUR,2.03
12-11-2025,26.5,80.5,UNNAO,UTTAR PRADESH,D748,BIGHAPUR,1.95
13-11-2025,26.5,80.5,UNNAO,UTTAR PRADESH,D748,BIGHAPUR,1.75
14-11-2025,26.5,80.5,UNNAO,UTTAR PRADESH,D748,BIGHAPUR,2.04
15-11-2025,26.5,80.5,UNNAO,UTTAR PRADESH,D748,BIGHAPUR,2
16-11-2025,26.5,80.5,UNNAO,UTTAR PRADESH,D748,BIGHAPUR,2.26
17-11-2025,26.5,80.5,UNNAO,UTTAR PRADESH,D748,BIGHAPUR,2.2
18-11-2025,26.5,80.5,UNNAO,UTTAR PRADESH,D748,BIGHAPUR,2.26
19-11-2025,26.5,80.5,UNNAO,UTTAR PRADESH,D748,BIGHAPUR,2.15
20-11-2025,26.5,80.5,UNNAO,UTTAR PRADESH,D748,BIGHAPUR,1.88
21-11-2025,26.5,80.5,UNNAO,UTTAR PRADESH,D748,BIGHAPUR,1.51
22-11-2025,26.5,80.5,UNNAO,UTTAR PRADESH,D748,BIGHAPUR,1.62
23-11-2025,26.5,80.5,UNNAO,UTTAR PRADESH,D748,BIGHAPUR,1.72
24-11-2025,26.5,80.5,UNNAO,UTTAR PRADESH,D748,BIGHAPUR,1.65
25-11-2025,26.5,80.5,UNNAO,UTTAR PRADESH,D748,BIGHAPUR,1.75
26-11-2025,26.5,80.5,UNNAO,UTTAR PRADESH,D748,BIGHAPUR,1.91
27-11-2025,26.5,80.5,UNNAO,UTTAR PRADESH,D748,BIGHAPUR,1.9
28-11-2025,26.5,80.5,UNNAO,UTTAR PRADESH,D748,BIGHAPUR,1.73
29-11-2025,26.5,80.5,UNNAO,UTTAR PRADESH,D748,BIGHAPUR,1.7
30-11-2025,26.5,80.5,UNNAO,UTTAR PRADESH,D748,BIGHAPUR,1.97
01-12-2025,26.5,80.5,UNNAO,UTTAR PRADESH,D748,BIGHAPUR,2.11
02-12-2025,26.5,80.5,UNNAO,UTTAR PRADESH,D748,BIGHAPUR,2.26
03-12-2025,26.5,80.5,UNNAO,UTTAR PRADESH,D748,BIGHAPUR,2.3
04-12-2025,26.5,80.5,UNNAO,UTTAR PRADESH,D748,BIGHAPUR,1.98
05-12-2025,26.5,80.5,UNNAO,UTTAR PRADESH,D748,BIGHAPUR,1.76
06-12-2025,26.5,80.5,UNNAO,UTTAR PRADESH,D748,BIGHAPUR,2.18
07-12-2025,26.5,80.5,UNNAO,UTTAR PRADESH,D748,BIGHAPUR,2.15
08-12-2025,26.5,80.5,UNNAO,UTTAR PRADESH,D748,BIGHAPUR,2.07
09-12-2025,26.5,80.5,UNNAO,UTTAR PRADESH,D748,BIGHAPUR,2.17
10-12-2025,26.5,80.5,UNNAO,UTTAR PRADESH,D748,BIGHAPUR,2.29
11-12-2025,26.5,80.5,UNNAO,UTTAR PRADESH,D748,BIGHAPUR,2.11
12-12-2025,26.5,80.5,UNNAO,UTTAR PRADESH,D748,BIGHAPUR,2.34
13-12-2025,26.5,80.5,UNNAO,UTTAR PRADESH,D748,BIGHAPUR,2.4
14-12-2025,26.5,80.5,UNNAO,UTTAR PRADESH,D748,BIGHAPUR,2.25
15-12-2025,26.5,80.5,UNNAO,UTTAR PRADESH,D748,BIGHAPUR,2.07
16-12-2025,26.5,80.5,UNNAO,UTTAR PRADESH,D748,BIGHAPUR,1.98
17-12-2025,26.5,80.5,UNNAO,UTTAR PRADESH,D748,BIGHAPUR,1.96
18-12-2025,26.5,80.5,UNNAO,UTTAR PRADESH,D748,BIGHAPUR,1.82
19-12-2025,26.5,80.5,UNNAO,UTTAR PRADESH,D748,BIGHAPUR,2.2
20-12-2025,26.5,80.5,UNNAO,UTTAR PRADESH,D748,BIGHAPUR,2.1
21-12-2025,26.5,80.5,UNNAO,UTTAR PRADESH,D748,BIGHAPUR,2.09
22-12-2025,26.5,80.5,UNNAO,UTTAR PRADESH,D748,BIGHAPUR,2.13
23-12-2025,26.5,80.5,UNNAO,UTTAR PRADESH,D748,BIGHAPUR,1.83
24-12-2025,26.5,80.5,UNNAO,UTTAR PRADESH,D748,BIGHAPUR,1.71
25-12-2025,26.5,80.5,UNNAO,UTTAR PRADESH,D748,BIGHAPUR,1.63
26-12-2025,26.5,80.5,UNNAO,UTTAR PRADESH,D748,BIGHAPUR,1.66
27-12-2025,26.5,80.5,UNNAO,UTTAR PRADESH,D748,BIGHAPUR,1.81
28-12-2025,26.5,80.5,UNNAO,UTTAR PRADESH,D748,BIGHAPUR,2.16
29-12-2025,26.5,80.5,UNNAO,UTTAR PRADESH,D748,BIGHAPUR,2.02
30-12-2025,26.5,80.5,UNNAO,UTTAR PRADESH,D748,BIGHAPUR,1.9
31-12-2025,26.5,80.5,UNNAO,UTTAR PRADESH,D748,BIGHAPUR,2.33
01-01-2025,30.5,76.5,PATIALA,PUNJAB,D536,PATIALA,2.04
02-01-2025,30.5,76.5,PATIALA,PUNJAB,D536,PATIALA,1.73
03-01-2025,30.5,76.5,PATIALA,PUNJAB,D536,PATIALA,1.67
04-01-2025,30.5,76.5,PATIALA,PUNJAB,D536,PATIALA,1.48
05-01-2025,30.5,76.5,PATIALA,PUNJAB,D536,PATIALA,2.01
06-01-2025,30.5,76.5,PATIALA,PUNJAB,D536,PATIALA,2.41
07-01-2025,30.5,76.5,PATIALA,PUNJAB,D536,PATIALA,2.3
08-01-2025,30.5,76.5,PATIALA,PUNJAB,D536,PATIALA,2.13
09-01-2025,30.5,76.5,PATIALA,PUNJAB,D536,PATIALA,1.91
10-01-2025,30.5,76.5,PATIALA,PUNJAB,D536,PATIALA,1.77
11-01-2025,30.5,76.5,PATIALA,PUNJAB,D536,PATIALA,1.79
12-01-2025,30.5,76.5,PATIALA,PUNJAB,D536,PATIALA,1.94
13-01-2025,30.5,76.5,PATIALA,PUNJAB,D536,PATIALA,1.96
14-01-2025,30.5,76.5,PATIALA,PUNJAB,D536,PATIALA,1.91
15-01-2025,30.5,76.5,PATIALA,PUNJAB,D536,PATIALA,1.99
16-01-2025,30.5,76.5,PATIALA,PUNJAB,D536,PATIALA,2.05
17-01-2025,30.5,76.5,PATIALA,PUNJAB,D536,PATIALA,2.29
18-01-2025,30.5,76.5,PATIALA,PUNJAB,D536,PATIALA,2.12
19-01-2025,30.5,76.5,PATIALA,PUNJAB,D536,PATIALA,1.65
20-01-2025,30.5,76.5,PATIALA,PUNJAB,D536,PATIALA,1.75
21-01-2025,30.5,76.5,PATIALA,PUNJAB,D536,PATIALA,1.92
22-01-2025,30.5,76.5,PATIALA,PUNJAB,D536,PATIALA,2.14
23-01-2025,30.5,76.5,PATIALA,PUNJAB,D536,PATIALA,2.25
24-01-2025,30.5,76.5,PATIALA,PUNJAB,D536,PATIALA,2.2
25-01-2025,30.5,76.5,PATIALA,PUNJAB,D536,PATIALA,1.9
26-01-2025,30.5,76.5,PATIALA,PUNJAB,D536,PATIALA,2.07
27-01-2025,30.5,76.5,PATIALA,PUNJAB,D536,PATIALA,1.63
28-01-2025,30.5,76.5,PATIALA,PUNJAB,D536,PATIALA,1.92
29-01-2025,30.5,76.5,PATIALA,PUNJAB,D536,PATIALA,2.08
30-01-2025,30.5,76.5,PATIALA,PUNJAB,D536,PATIALA,2.2
31-01-2025,30.5,76.5,PATIALA,PUNJAB,D536,PATIALA,2.04
01-02-2025,30.5,76.5,PATIALA,PUNJAB,D536,PATIALA,2.1
02-02-2025,30.5,76.5,PATIALA,PUNJAB,D536,PATIALA,2.09
03-02-2025,30.5,76.5,PATIALA,PUNJAB,D536,PATIALA,1.65
04-02-2025,30.5,76.5,PATIALA,PUNJAB,D536,PATIALA,1.92
05-02-2025,30.5,76.5,PATIALA,PUNJAB,D536,PATIALA,2.21
06-02-2025,30.5,76.5,PATIALA,PUNJAB,D536,PATIALA,2.06
07-02-2025,30.5,76.5,PATIALA,PUNJAB,D536,PATIALA,2.35
08-02-2025,30.5,76.5,PATIALA,PUNJAB,D536,PATIALA,1.96
09-02-2025,30.5,76.5,PATIALA,PUNJAB,D536,PATIALA,2.3
10-02-2025,30.5,76.5,PATIALA,PUNJAB,D536,PATIALA,2.22
11-02-2025,30.5,76.5,PATIALA,PUNJAB,D536,PATIALA,2.19
12-02-2025,30.5,76.5,PATIALA,PUNJAB,D536,PATIALA,2
13-02-2025,30.5,76.5,PATIALA,PUNJAB,D536,PATIALA,2.17
14-02-2025,30.5,76.5,PATIALA,PUNJAB,D536,PATIALA,2.13
15-02-2025,30.5,76.5,PATIALA,PUNJAB,D536,PATIALA,1.92
16-02-2025,30.5,76.5,PATIALA,PUNJAB,D536,PATIALA,2.01
17-02-2025,30.5,76.5,PATIALA,PUNJAB,D536,PATIALA,2.33
18-02-2025,30.5,76.5,PATIALA,PUNJAB,D536,PATIALA,2.38
19-02-2025,30.5,76.5,PATIALA,PUNJAB,D536,PATIALA,2.34
20-02-2025,30.5,76.5,PATIALA,PUNJAB,D536,PATIALA,2.68
21-02-2025,30.5,76.5,PATIALA,PUNJAB,D536,PATIALA,2.07
22-02-2025,30.5,76.5,PATIALA,PUNJAB,D536,PATIALA,1.85
23-02-2025,30.5,76.5,PATIALA,PUNJAB,D536,PATIALA,2.13
24-02-2025,30.5,76.5,PATIALA,PUNJAB,D536,PATIALA,2.15
25-02-2025,30.5,76.5,PATIALA,PUNJAB,D536,PATIALA,2.21
26-02-2025,30.5,76.5,PATIALA,PUNJAB,D536,PATIALA,2.1
27-02-2025,30.5,76.5,PATIALA,PUNJAB,D536,PATIALA,2.39
28-02-2025,30.5,76.5,PATIALA,PUNJAB,D536,PATIALA,2.14
29-02-2025,30.5,76.5,PATIALA,PUNJAB,D536,PATIALA,1.59
01-03-2025,30.5,76.5,PATIALA,PUNJAB,D536,PATIALA,2
02-03-2025,30.5,76.5,PATIALA,PUNJAB,D536,PATIALA,1.76
03-03-2025,30.5,76.5,PATIALA,PUNJAB,D536,PATIALA,1.68
04-03-2025,30.5,76.5,PATIALA,PUNJAB,D536,PATIALA,2.1
05-03-2025,30.5,76.5,PATIALA,PUNJAB,D536,PATIALA,2.28
06-03-2025,30.5,76.5,PATIALA,PUNJAB,D536,PATIALA,1.84
07-03-2025,30.5,76.5,PATIALA,PUNJAB,D536,PATIALA,2.06
08-03-2025,30.5,76.5,PATIALA,PUNJAB,D536,PATIALA,1.9
09-03-2025,30.5,76.5,PATIALA,PUNJAB,D536,PATIALA,2.01
10-03-2025,30.5,76.5,PATIALA,PUNJAB,D536,PATIALA,2.2
11-03-2025,30.5,76.5,PATIALA,PUNJAB,D536,PATIALA,2.07
12-03-2025,30.5,76.5,PATIALA,PUNJAB,D536,PATIALA,2.21
13-03-2025,30.5,76.5,PATIALA,PUNJAB,D536,PATIALA,2.15
14-03-2025,30.5,76.5,PATIALA,PUNJAB,D536,PATIALA,2.3
15-03-2025,30.5,76.5,PATIALA,PUNJAB,D536,PATIALA,2.56
16-03-2025,30.5,76.5,PATIALA,PUNJAB,D536,PATIALA,2.29
17-03-2025,30.5,76.5,PATIALA,PUNJAB,D536,PATIALA,2.13
18-03-2025,30.5,76.5,PATIALA,PUNJAB,D536,PATIALA,2.14
19-03-2025,30.5,76.5,PATIALA,PUNJAB,D536,PATIALA,2.08
20-03-2025,30.5,76.5,PATIALA,PUNJAB,D536,PATIALA,1.86
21-03-2025,30.5,76.5,PATIALA,PUNJAB,D536,PATIALA,1.87
22-03-2025,30.5,76.5,PATIALA,PUNJAB,D536,PATIALA,2.13
23-03-2025,30.5,76.5,PATIALA,PUNJAB,D536,PATIALA,2.07
24-03-2025,30.5,76.5,PATIALA,PUNJAB,D536,PATIALA,2.18
25-03-2025,30.5,76.5,PATIALA,PUNJAB,D536,PATIALA,1.82
26-03-2025,30.5,76.5,PATIALA,PUNJAB,D536,PATIALA,1.63
27-03-2025,30.5,76.5,PATIALA,PUNJAB,D536,PATIALA,1.54
28-03-2025,30.5,76.5,PATIALA,PUNJAB,D536,PATIALA,1.64
29-03-2025,30.5,76.5,PATIALA,PUNJAB,D536,PATIALA,1.88
30-03-2025,30.5,76.5,PATIALA,PUNJAB,D536,PATIALA,1.84
31-03-2025,30.5,76.5,PATIALA,PUNJAB,D536,PATIALA,2.02
01-04-2025,30.5,76.5,PATIALA,PUNJAB,D536,PATIALA,2.06
02-04-2025,30.5,76.5,PATIALA,PUNJAB,D536,PATIALA,2.07
03-04-2025,30.5,76.5,PATIALA,PUNJAB,D536,PATIALA,2.4
04-04-2025,30.5,76.5,PATIALA,PUNJAB,D536,PATIALA,2.12
05-04-2025,30.5,76.5,PATIALA,PUNJAB,D536,PATIALA,2.04
06-04-2025,30.5,76.5,PATIALA,PUNJAB,D536,PATIALA,2.2
07-04-2025,30.5,76.5,PATIALA,PUNJAB,D536,PATIALA,2.05
08-04-2025,30.5,76.5,PATIALA,PUNJAB,D536,PATIALA,2.17
09-04-2025,30.5,76.5,PATIALA,PUNJAB,D536,PATIALA,2.3
10-04-2025,30.5,76.5,PATIALA,PUNJAB,D536,PATIALA,2.42
11-04-2025,30.5,76.5,PATIALA,PUNJAB,D536,PATIALA,2.06
12-04-2025,30.5,76.5,PATIALA,PUNJAB,D536,PATIALA,2.25
13-04-2025,30.5,76.5,PATIALA,PUNJAB,D536,PATIALA,2.09
14-04-2025,30.5,76.5,PATIALA,PUNJAB,D536,PATIALA,1.92
15-04-2025,30.5,76.5,PATIALA,PUNJAB,D536,PATIALA,1.92
16-04-2025,30.5,76.5,PATIALA,PUNJAB,D536,PATIALA,1.85
17-04-2025,30.5,76.5,PATIALA,PUNJAB,D536,PATIALA,2.64
18-04-2025,30.5,76.5,PATIALA,PUNJAB,D536,PATIALA,2.61
19-04-2025,30.5,76.5,PATIALA,PUNJAB,D536,PATIALA,2.81
20-04-2025,30.5,76.5,PATIALA,PUNJAB,D536,PATIALA,2.67
21-04-2025,30.5,76.5,PATIALA,PUNJAB,D536,PATIALA,2.94
22-04-2025,30.5,76.5,PATIALA,PUNJAB,D536,PATIALA,2.04
23-04-2025,30.5,76.5,PATIALA,PUNJAB,D536,PATIALA,1.95
24-04-2025,30.5,76.5,PATIALA,PUNJAB,D536,PATIALA,2.01
25-04-2025,30.5,76.5,PATIALA,PUNJAB,D536,PATIALA,1.69
26-04-2025,30.5,76.5,PATIALA,PUNJAB,D536,PATIALA,1.7
27-04-2025,30.5,76.5,PATIALA,PUNJAB,D536,PATIALA,1.65
28-04-2025,30.5,76.5,PATIALA,PUNJAB,D536,PATIALA,1.83
29-04-2025,30.5,76.5,PATIALA,PUNJAB,D536,PATIALA,1.76
30-04-2025,30.5,76.5,PATIALA,PUNJAB,D536,PATIALA,2.1
01-05-2025,30.5,76.5,PATIALA,PUNJAB,D536,PATIALA,2.45
02-05-2025,30.5,76.5,PATIALA,PUNJAB,D536,PATIALA,2.42
03-05-2025,30.5,76.5,PATIALA,PUNJAB,D536,PATIALA,2.3
04-05-2025,30.5,76.5,PATIALA,PUNJAB,D536,PATIALA,2.25
05-05-2025,30.5,76.5,PATIALA,PUNJAB,D536,PATIALA,1.85
06-05-2025,30.5,76.5,PATIALA,PUNJAB,D536,PATIALA,1.96
07-05-2025,30.5,76.5,PATIALA,PUNJAB,D536,PATIALA,1.94
08-05-2025,30.5,76.5,PATIALA,PUNJAB,D536,PATIALA,2.15
09-05-2025,30.5,76.5,PATIALA,PUNJAB,D536,PATIALA,2.08
10-05-2025,30.5,76.5,PATIALA,PUNJAB,D536,PATIALA,2.44
11-05-2025,30.5,76.5,PATIALA,PUNJAB,D536,PATIALA,2.15
12-05-2025,30.5,76.5,PATIALA,PUNJAB,D536,PATIALA,2.32
13-05-2025,30.5,76.5,PATIALA,PUNJAB,D536,PATIALA,2.28
14-05-2025,30.5,76.5,PATIALA,PUNJAB,D536,PATIALA,2.4
15-05-2025,30.5,76.5,PATIALA,PUNJAB,D536,PATIALA,2.14
16-05-2025,30.5,76.5,PATIALA,PUNJAB,D536,PATIALA,2.46
17-05-2025,30.5,76.5,PATIALA,PUNJAB,D536,PATIALA,2.16
18-05-2025,30.5,76.5,PATIALA,PUNJAB,D536,PATIALA,2.1
19-05-2025,30.5,76.5,PATIALA,PUNJAB,D536,PATIALA,1.9
20-05-2025,30.5,76.5,PATIALA,PUNJAB,D536,PATIALA,2.49
21-05-2025,30.5,76.5,PATIALA,PUNJAB,D536,PATIALA,2.05
22-05-2025,30.5,76.5,PATIALA,PUNJAB,D536,PATIALA,1.78
23-05-2025,30.5,76.5,PATIALA,PUNJAB,D536,PATIALA,2.05
24-05-2025,30.5,76.5,PATIALA,PUNJAB,D536,PATIALA,2.26
25-05-2025,30.5,76.5,PATIALA,PUNJAB,D536,PATIALA,2.49
26-05-2025,30.5,76.5,PATIALA,PUNJAB,D536,PATIALA,2.2
27-05-2025,30.5,76.5,PATIALA,PUNJAB,D536,PATIALA,2.06
28-05-2025,30.5,76.5,PATIALA,PUNJAB,D536,PATIALA,1.93
29-05-2025,30.5,76.5,PATIALA,PUNJAB,D536,PATIALA,1.94
30-05-2025,30.5,76.5,PATIALA,PUNJAB,D536,PATIALA,2.02
31-05-2025,30.5,76.5,PATIALA,PUNJAB,D536,PATIALA,2.02
01-06-2025,30.5,76.5,PATIALA,PUNJAB,D536,PATIALA,2.44
02-06-2025,30.5,76.5,PATIALA,PUNJAB,D536,PATIALA,2.38
03-06-2025,30.5,76.5,PATIALA,PUNJAB,D536,PATIALA,2.24
04-06-2025,30.5,76.5,PATIALA,PUNJAB,D536,PATIALA,2.09
05-06-2025,30.5,76.5,PATIALA,PUNJAB,D536,PATIALA,2.65
06-06-2025,30.5,76.5,PATIALA,PUNJAB,D536,PATIALA,2.18
07-06-2025,30.5,76.5,PATIALA,PUNJAB,D536,PATIALA,1.88
08-06-2025,30.5,76.5,PATIALA,PUNJAB,D536,PATIALA,2.15
09-06-2025,30.5,76.5,PATIALA,PUNJAB,D536,PATIALA,2.1
10-06-2025,30.5,76.5,PATIALA,PUNJAB,D536,PATIALA,1.98
11-06-2025,30.5,76.5,PATIALA,PUNJAB,D536,PATIALA,1.94
12-06-2025,30.5,76.5,PATIALA,PUNJAB,D536,PATIALA,1.7
13-06-2025,30.5,76.5,PATIALA,PUNJAB,D536,PATIALA,1.77
14-06-2025,30.5,76.5,PATIALA,PUNJAB,D536,PATIALA,1.79
15-06-2025,30.5,76.5,PATIALA,PUNJAB,D536,PATIALA,1.71
16-06-2025,30.5,76.5,PATIALA,PUNJAB,D536,PATIALA,1.96
17-06-2025,30.5,76.5,PATIALA,PUNJAB,D536,PATIALA,2.23
18-06-2025,30.5,76.5,PATIALA,PUNJAB,D536,PATIALA,2.14
19-06-2025,30.5,76.5,PATIALA,PUNJAB,D536,PATIALA,1.73
20-06-2025,30.5,76.5,PATIALA,PUNJAB,D536,PATIALA,1.58
21-06-2025,30.5,76.5,PATIALA,PUNJAB,D536,PATIALA,1.91
22-06-2025,30.5,76.5,PATIALA,PUNJAB,D536,PATIALA,1.85
23-06-2025,30.5,76.5,PATIALA,PUNJAB,D536,PATIALA,1.8
24-06-2025,30.5,76.5,PATIALA,PUNJAB,D536,PATIALA,1.47
25-06-2025,30.5,76.5,PATIALA,PUNJAB,D536,PATIALA,1.66
26-06-2025,30.5,76.5,PATIALA,PUNJAB,D536,PATIALA,1.51
27-06-2025,30.5,76.5,PATIALA,PUNJAB,D536,PATIALA,1.29
28-06-2025,30.5,76.5,PATIALA,PUNJAB,D536,PATIALA,1.43
29-06-2025,30.5,76.5,PATIALA,PUNJAB,D536,PATIALA,1.08
30-06-2025,30.5,76.5,PATIALA,PUNJAB,D536,PATIALA,1.52
01-07-2025,30.5,76.5,PATIALA,PUNJAB,D536,PATIALA,1.6
02-07-2025,30.5,76.5,PATIALA,PUNJAB,D536,PATIALA,1.5
03-07-2025,30.5,76.5,PATIALA,PUNJAB,D536,PATIALA,1.44
04-07-2025,30.5,76.5,PATIALA,PUNJAB,D536,PATIALA,1.24
05-07-2025,30.5,76.5,PATIALA,PUNJAB,D536,PATIALA,1.58
06-07-2025,30.5,76.5,PATIALA,PUNJAB,D536,PATIALA,1.41
07-07-2025,30.5,76.5,PATIALA,PUNJAB,D536,PATIALA,1.35
08-07-2025,30.5,76.5,PATIALA,PUNJAB,D536,PATIALA,1.34
09-07-2025,30.5,76.5,PATIALA,PUNJAB,D536,PATIALA,1.25
10-07-2025,30.5,76.5,PATIALA,PUNJAB,D536,PATIALA,1.44
11-07-2025,30.5,76.5,PATIALA,PUNJAB,D536,PATIALA,1.49
12-07-2025,30.5,76.5,PATIALA,PUNJAB,D536,PATIALA,1.24
13-07-2025,30.5,76.5,PATIALA,PUNJAB,D536,PATIALA,1.25
14-07-2025,30.5,76.5,PATIALA,PUNJAB,D536,PATIALA,1.07
15-07-2025,30.5,76.5,PATIALA,PUNJAB,D536,PATIALA,0.93
16-07-2025,30.5,76.5,PATIALA,PUNJAB,D536,PATIALA,1.17
17-07-2025,30.5,76.5,PATIALA,PUNJAB,D536,PATIALA,1.25
18-07-2025,30.5,76.5,PATIALA,PUNJAB,D536,PATIALA,1.18
19-07-2025,30.5,76.5,PATIALA,PUNJAB,D536,PATIALA,1.06
20-07-2025,30.5,76.5,PATIALA,PUNJAB,D536,PATIALA,1.06
21-07-2025,30.5,76.5,PATIALA,PUNJAB,D536,PATIALA,1.2
22-07-2025,30.5,76.5,PATIALA,PUNJAB,D536,PATIALA,1.1
23-07-2025,30.5,76.5,PATIALA,PUNJAB,D536,PATIALA,1.08
24-07-2025,30.5,76.5,PATIALA,PUNJAB,D536,PATIALA,0.97
25-07-2025,30.5,76.5,PATIALA,PUNJAB,D536,PATIALA,0.76
26-07-2025,30.5,76.5,PATIALA,PUNJAB,D536,PATIALA,0.88
27-07-2025,30.5,76.5,PATIALA,PUNJAB,D536,PATIALA,0.85
28-07-2025,30.5,76.5,PATIALA,PUNJAB,D536,PATIALA,1.08
29-07-2025,30.5,76.5,PATIALA,PUNJAB,D536,PATIALA,0.91
30-07-2025,30.5,76.5,PATIALA,PUNJAB,D536,PATIALA,0.73
31-07-2025,30.5,76.5,PATIALA,PUNJAB,D536,PATIALA,0.95
01-08-2025,30.5,76.5,PATIALA,PUNJAB,D536,PATIALA,0.92
02-08-2025,30.5,76.5,PATIALA,PUNJAB,D536,PATIALA,1.01
03-08-2025,30.5,76.5,PATIALA,PUNJAB,D536,PATIALA,1.14
04-08-2025,30.5,76.5,PATIALA,PUNJAB,D536,PATIALA,1.04
05-08-2025,30.5,76.5,PATIALA,PUNJAB,D536,PATIALA,0.97
06-08-2025,30.5,76.5,PATIALA,PUNJAB,D536,PATIALA,0.91
07-08-2025,30.5,76.5,PATIALA,PUNJAB,D536,PATIALA,1.05
08-08-2025,30.5,76.5,PATIALA,PUNJAB,D536,PATIALA,0.92
09-08-2025,30.5,76.5,PATIALA,PUNJAB,D536,PATIALA,0.91
10-08-2025,30.5,76.5,PATIALA,PUNJAB,D536,PATIALA,0.86
11-08-2025,30.5,76.5,PATIALA,PUNJAB,D536,PATIALA,0.89
12-08-2025,30.5,76.5,PATIALA,PUNJAB,D536,PATIALA,0.97
13-08-2025,30.5,76.5,PATIALA,PUNJAB,D536,PATIALA,1.11
14-08-2025,30.5,76.5,PATIALA,PUNJAB,D536,PATIALA,0.98
15-08-2025,30.5,76.5,PATIALA,PUNJAB,D536,PATIALA,0.88
16-08-2025,30.5,76.5,PATIALA,PUNJAB,D536,PATIALA,0.83
17-08-2025,30.5,76.5,PATIALA,PUNJAB,D536,PATIALA,0.87
18-08-2025,30.5,76.5,PATIALA,PUNJAB,D536,PATIALA,1.04
19-08-2025,30.5,76.5,PATIALA,PUNJAB,D536,PATIALA,0.92
20-08-2025,30.5,76.5,PATIALA,PUNJAB,D536,PATIALA,0.93
21-08-2025,30.5,76.5,PATIALA,PUNJAB,D536,PATIALA,0.97
22-08-2025,30.5,76.5,PATIALA,PUNJAB,D536,PATIALA,1.02
23-08-2025,30.5,76.5,PATIALA,PUNJAB,D536,PATIALA,0.85
24-08-2025,30.5,76.5,PATIALA,PUNJAB,D536,PATIALA,0.89
25-08-2025,30.5,76.5,PATIALA,PUNJAB,D536,PATIALA,0.97
26-08-2025,30.5,76.5,PATIALA,PUNJAB,D536,PATIALA,0.86
27-08-2025,30.5,76.5,PATIALA,PUNJAB,D536,PATIALA,0.9
28-08-2025,30.5,76.5,PATIALA,PUNJAB,D536,PATIALA,0.81
29-08-2025,30.5,76.5,PATIALA,PUNJAB,D536,PATIALA,0.91
30-08-2025,30.5,76.5,PATIALA,PUNJAB,D536,PATIALA,0.93
31-08-2025,30.5,76.5,PATIALA,PUNJAB,D536,PATIALA,1.09
01-09-2025,30.5,76.5,PATIALA,PUNJAB,D536,PATIALA,1
02-09-2025,30.5,76.5,PATIALA,PUNJAB,D536,PATIALA,1.1
03-09-2025,30.5,76.5,PATIALA,PUNJAB,D536,PATIALA,1.15
04-09-2025,30.5,76.5,PATIALA,PUNJAB,D536,PATIALA,1.06
05-09-2025,30.5,76.5,PATIALA,PUNJAB,D536,PATIALA,1.12
06-09-2025,30.5,76.5,PATIALA,PUNJAB,D536,PATIALA,1.46
07-09-2025,30.5,76.5,PATIALA,PUNJAB,D536,PATIALA,1.42
08-09-2025,30.5,76.5,PATIALA,PUNJAB,D536,PATIALA,1.24
09-09-2025,30.5,76.5,PATIALA,PUNJAB,D536,PATIALA,1.13
10-09-2025,30.5,76.5,PATIALA,PUNJAB,D536,PATIALA,1.14
11-09-2025,30.5,76.5,PATIALA,PUNJAB,D536,PATIALA,1.1
12-09-2025,30.5,76.5,PATIALA,PUNJAB,D536,PATIALA,1.24
13-09-2025,30.5,76.5,PATIALA,PUNJAB,D536,PATIALA,1.33
14-09-2025,30.5,76.5,PATIALA,PUNJAB,D536,PATIALA,1.34
15-09-2025,30.5,76.5,PATIALA,PUNJAB,D536,PATIALA,1.18
16-09-2025,30.5,76.5,PATIALA,PUNJAB,D536,PATIALA,1.13
17-09-2025,30.5,76.5,PATIALA,PUNJAB,D536,PATIALA,1.05
18-09-2025,30.5,76.5,PATIALA,PUNJAB,D536,PATIALA,1.12
19-09-2025,30.5,76.5,PATIALA,PUNJAB,D536,PATIALA,1.41
20-09-2025,30.5,76.5,PATIALA,PUNJAB,D536,PATIALA,1.51
21-09-2025,30.5,76.5,PATIALA,PUNJAB,D536,PATIALA,1.23
22-09-2025,30.5,76.5,PATIALA,PUNJAB,D536,PATIALA,1.2
23-09-2025,30.5,76.5,PATIALA,PUNJAB,D536,PATIALA,1.3
24-09-2025,30.5,76.5,PATIALA,PUNJAB,D536,PATIALA,1.22
25-09-2025,30.5,76.5,PATIALA,PUNJAB,D536,PATIALA,1.11
26-09-2025,30.5,76.5,PATIALA,PUNJAB,D536,PATIALA,1.2
27-09-2025,30.5,76.5,PATIALA,PUNJAB,D536,PATIALA,1.1
28-09-2025,30.5,76.5,PATIALA,PUNJAB,D536,PATIALA,1.19
29-09-2025,30.5,76.5,PATIALA,PUNJAB,D536,PATIALA,1.47
30-09-2025,30.5,76.5,PATIALA,PUNJAB,D536,PATIALA,1.52
01-10-2025,30.5,76.5,PATIALA,PUNJAB,D536,PATIALA,1.52
02-10-2025,30.5,76.5,PATIALA,PUNJAB,D536,PATIALA,1.63
03-10-2025,30.5,76.5,PATIALA,PUNJAB,D536,PATIALA,1.53
04-10-2025,30.5,76.5,PATIALA,PUNJAB,D536,PATIALA,1.57
05-10-2025,30.5,76.5,PATIALA,PUNJAB,D536,PATIALA,1.43
06-10-2025,30.5,76.5,PATIALA,PUNJAB,D536,PATIALA,1.36
07-10-2025,30.5,76.5,PATIALA,PUNJAB,D536,PATIALA,1.52
08-10-2025,30.5,76.5,PATIALA,PUNJAB,D536,PATIALA,1.5
09-10-2025,30.5,76.5,PATIALA,PUNJAB,D536,PATIALA,1.64
10-10-2025,30.5,76.5,PATIALA,PUNJAB,D536,PATIALA,1.49
11-10-2025,30.5,76.5,PATIALA,PUNJAB,D536,PATIALA,1.34
12-10-2025,30.5,76.5,PATIALA,PUNJAB,D536,PATIALA,1.4
13-10-2025,30.5,76.5,PATIALA,PUNJAB,D536,PATIALA,1.35
14-10-2025,30.5,76.5,PATIALA,PUNJAB,D536,PATIALA,1.29
15-10-2025,30.5,76.5,PATIALA,PUNJAB,D536,PATIALA,1.27
16-10-2025,30.5,76.5,PATIALA,PUNJAB,D536,PATIALA,1.25
17-10-2025,30.5,76.5,PATIALA,PUNJAB,D536,PATIALA,1.35
18-10-2025,30.5,76.5,PATIALA,PUNJAB,D536,PATIALA,1.24
19-10-2025,30.5,76.5,PATIALA,PUNJAB,D536,PATIALA,1.31
20-10-2025,30.5,76.5,PATIALA,PUNJAB,D536,PATIALA,1.28
21-10-2025,30.5,76.5,PATIALA,PUNJAB,D536,PATIALA,1.3
22-10-2025,30.5,76.5,PATIALA,PUNJAB,D536,PATIALA,1.1
23-10-2025,30.5,76.5,PATIALA,PUNJAB,D536,PATIALA,1.38
24-10-2025,30.5,76.5,PATIALA,PUNJAB,D536,PATIALA,1.27
25-10-2025,30.5,76.5,PATIALA,PUNJAB,D536,PATIALA,1.5
26-10-2025,30.5,76.5,PATIALA,PUNJAB,D536,PATIALA,1.19
27-10-2025,30.5,76.5,PATIALA,PUNJAB,D536,PATIALA,1.15
28-10-2025,30.5,76.5,PATIALA,PUNJAB,D536,PATIALA,1.47
29-10-2025,30.5,76.5,PATIALA,PUNJAB,D536,PATIALA,1.5
30-10-2025,30.5,76.5,PATIALA,PUNJAB,D536,PATIALA,1.5
31-10-2025,30.5,76.5,PATIALA,PUNJAB,D536,PATIALA,1.47
01-11-2025,30.5,76.5,PATIALA,PUNJAB,D536,PATIALA,1.33
02-11-2025,30.5,76.5,PATIALA,PUNJAB,D536,PATIALA,1.35
03-11-2025,30.5,76.5,PATIALA,PUNJAB,D536,PATIALA,1.37
04-11-2025,30.5,76.5,PATIALA,PUNJAB,D536,PATIALA,1.23
05-11-2025,30.5,76.5,PATIALA,PUNJAB,D536,PATIALA,1.55
06-11-2025,30.5,76.5,PATIALA,PUNJAB,D536,PATIALA,1.54
07-11-2025,30.5,76.5,PATIALA,PUNJAB,D536,PATIALA,1.57
08-11-2025,30.5,76.5,PATIALA,PUNJAB,D536,PATIALA,1.73
09-11-2025,30.5,76.5,PATIALA,PUNJAB,D536,PATIALA,1.65
10-11-2025,30.5,76.5,PATIALA,PUNJAB,D536,PATIALA,1.67
11-11-2025,30.5,76.5,PATIALA,PUNJAB,D536,PATIALA,1.6
12-11-2025,30.5,76.5,PATIALA,PUNJAB,D536,PATIALA,1.49
13-11-2025,30.5,76.5,PATIALA,PUNJAB,D536,PATIALA,1.42
14-11-2025,30.5,76.5,PATIALA,PUNJAB,D536,PATIALA,1.58
15-11-2025,30.5,76.5,PATIALA,PUNJAB,D536,PATIALA,1.59
16-11-2025,30.5,76.5,PATIALA,PUNJAB,D536,PATIALA,1.51
17-11-2025,30.5,76.5,PATIALA,PUNJAB,D536,PATIALA,1.53
18-11-2025,30.5,76.5,PATIALA,PUNJAB,D536,PATIALA,1.64
19-11-2025,30.5,76.5,PATIALA,PUNJAB,D536,PATIALA,1.34
20-11-2025,30.5,76.5,PATIALA,PUNJAB,D536,PATIALA,1.29
21-11-2025,30.5,76.5,PATIALA,PUNJAB,D536,PATIALA,1.28
22-11-2025,30.5,76.5,PATIALA,PUNJAB,D536,PATIALA,1.49
23-11-2025,30.5,76.5,PATIALA,PUNJAB,D536,PATIALA,1.75
24-11-2025,30.5,76.5,PATIALA,PUNJAB,D536,PATIALA,1.69
25-11-2025,30.5,76.5,PATIALA,PUNJAB,D536,PATIALA,1.56
26-11-2025,30.5,76.5,PATIALA,PUNJAB,D536,PATIALA,1.69
27-11-2025,30.5,76.5,PATIALA,PUNJAB,D536,PATIALA,1.63
28-11-2025,30.5,76.5,PATIALA,PUNJAB,D536,PATIALA,1.62
29-11-2025,30.5,76.5,PATIALA,PUNJAB,D536,PATIALA,1.51
30-11-2025,30.5,76.5,PATIALA,PUNJAB,D536,PATIALA,1.53
01-12-2025,30.5,76.5,PATIALA,PUNJAB,D536,PATIALA,1.7
02-12-2025,30.5,76.5,PATIALA,PUNJAB,D536,PATIALA,1.67
03-12-2025,30.5,76.5,PATIALA,PUNJAB,D536,PATIALA,1.53
04-12-2025,30.5,76.5,PATIALA,PUNJAB,D536,PATIALA,1.52
05-12-2025,30.5,76.5,PATIALA,PUNJAB,D536,PATIALA,1.42
06-12-2025,30.5,76.5,PATIALA,PUNJAB,D536,PATIALA,1.35
07-12-2025,30.5,76.5,PATIALA,PUNJAB,D536,PATIALA,1.7
08-12-2025,30.5,76.5,PATIALA,PUNJAB,D536,PATIALA,1.76
09-12-2025,30.5,76.5,PATIALA,PUNJAB,D536,PATIALA,2
10-12-2025,30.5,76.5,PATIALA,PUNJAB,D536,PATIALA,1.9
11-12-2025,30.5,76.5,PATIALA,PUNJAB,D536,PATIALA,2.1
12-12-2025,30.5,76.5,PATIALA,PUNJAB,D536,PATIALA,2.08
13-12-2025,30.5,76.5,PATIALA,PUNJAB,D536,PATIALA,1.91
14-12-2025,30.5,76.5,PATIALA,PUNJAB,D536,PATIALA,1.66
15-12-2025,30.5,76.5,PATIALA,PUNJAB,D536,PATIALA,1.89
16-12-2025,30.5,76.5,PATIALA,PUNJAB,D536,PATIALA,1.99
17-12-2025,30.5,76.5,PATIALA,PUNJAB,D536,PATIALA,1.73
18-12-2025,30.5,76.5,PATIALA,PUNJAB,D536,PATIALA,1.98
19-12-2025,30.5,76.5,PATIALA,PUNJAB,D536,PATIALA,2.24
20-12-2025,30.5,76.5,PATIALA,PUNJAB,D536,PATIALA,2
21-12-2025,30.5,76.5,PATIALA,PUNJAB,D536,PATIALA,1.86
22-12-2025,30.5,76.5,PATIALA,PUNJAB,D536,PATIALA,1.8
23-12-2025,30.5,76.5,PATIALA,PUNJAB,D536,PATIALA,1.55
24-12-2025,30.5,76.5,PATIALA,PUNJAB,D536,PATIALA,1.49
25-12-2025,30.5,76.5,PATIALA,PUNJAB,D536,PATIALA,1.49
26-12-2025,30.5,76.5,PATIALA,PUNJAB,D536,PATIALA,1.48
27-12-2025,30.5,76.5,PATIALA,PUNJAB,D536,PATIALA,1.52
28-12-2025,30.5,76.5,PATIALA,PUNJAB,D536,PATIALA,1.66
29-12-2025,30.5,76.5,PATIALA,PUNJAB,D536,PATIALA,1.62
30-12-2025,30.5,76.5,PATIALA,PUNJAB,D536,PATIALA,1.89
31-12-2025,30.5,76.5,PATIALA,PUNJAB,D536,PATIALA,1.79
01-01-2025,30.5,75.5,BARNALA,PUNJAB,D520,BARNALA,2.05
02-01-2025,30.5,75.5,BARNALA,PUNJAB,D520,BARNALA,1.69
03-01-2025,30.5,75.5,BARNALA,PUNJAB,D520,BARNALA,1.7
04-01-2025,30.5,75.5,BARNALA,PUNJAB,D520,BARNALA,1.59
05-01-2025,30.5,75.5,BARNALA,PUNJAB,D520,BARNALA,2.31
06-01-2025,30.5,75.5,BARNALA,PUNJAB,D520,BARNALA,2.67
07-01-2025,30.5,75.5,BARNALA,PUNJAB,D520,BARNALA,2.47
08-01-2025,30.5,75.5,BARNALA,PUNJAB,D520,BARNALA,2.31
09-01-2025,30.5,75.5,BARNALA,PUNJAB,D520,BARNALA,2.02
10-01-2025,30.5,75.5,BARNALA,PUNJAB,D520,BARNALA,1.78
11-01-2025,30.5,75.5,BARNALA,PUNJAB,D520,BARNALA,1.9
12-01-2025,30.5,75.5,BARNALA,PUNJAB,D520,BARNALA,2.16
13-01-2025,30.5,75.5,BARNALA,PUNJAB,D520,BARNALA,2.09
14-01-2025,30.5,75.5,BARNALA,PUNJAB,D520,BARNALA,2
15-01-2025,30.5,75.5,BARNALA,PUNJAB,D520,BARNALA,2.08
16-01-2025,30.5,75.5,BARNALA,PUNJAB,D520,BARNALA,2.22
17-01-2025,30.5,75.5,BARNALA,PUNJAB,D520,BARNALA,2.46
18-01-2025,30.5,75.5,BARNALA,PUNJAB,D520,BARNALA,2.17
19-01-2025,30.5,75.5,BARNALA,PUNJAB,D520,BARNALA,1.67
20-01-2025,30.5,75.5,BARNALA,PUNJAB,D520,BARNALA,1.84
21-01-2025,30.5,75.5,BARNALA,PUNJAB,D520,BARNALA,2.01
22-01-2025,30.5,75.5,BARNALA,PUNJAB,D520,BARNALA,2.24
23-01-2025,30.5,75.5,BARNALA,PUNJAB,D520,BARNALA,2.32
24-01-2025,30.5,75.5,BARNALA,PUNJAB,D520,BARNALA,2.23
25-01-2025,30.5,75.5,BARNALA,PUNJAB,D520,BARNALA,1.94
26-01-2025,30.5,75.5,BARNALA,PUNJAB,D520,BARNALA,2.01
27-01-2025,30.5,75.5,BARNALA,PUNJAB,D520,BARNALA,1.61
28-01-2025,30.5,75.5,BARNALA,PUNJAB,D520,BARNALA,1.91
29-01-2025,30.5,75.5,BARNALA,PUNJAB,D520,BARNALA,2.14
30-01-2025,30.5,75.5,BARNALA,PUNJAB,D520,BARNALA,2.29
31-01-2025,30.5,75.5,BARNALA,PUNJAB,D520,BARNALA,2.05
01-02-2025,30.5,75.5,BARNALA,PUNJAB,D520,BARNALA,2.11
02-02-2025,30.5,75.5,BARNALA,PUNJAB,D520,BARNALA,2.08
03-02-2025,30.5,75.5,BARNALA,PUNJAB,D520,BARNALA,1.71
04-02-2025,30.5,75.5,BARNALA,PUNJAB,D520,BARNALA,2.05
05-02-2025,30.5,75.5,BARNALA,PUNJAB,D520,BARNALA,2.21
06-02-2025,30.5,75.5,BARNALA,PUNJAB,D520,BARNALA,2.05
07-02-2025,30.5,75.5,BARNALA,PUNJAB,D520,BARNALA,2.33
08-02-2025,30.5,75.5,BARNALA,PUNJAB,D520,BARNALA,2.06
09-02-2025,30.5,75.5,BARNALA,PUNJAB,D520,BARNALA,2.42
10-02-2025,30.5,75.5,BARNALA,PUNJAB,D520,BARNALA,2.32
11-02-2025,30.5,75.5,BARNALA,PUNJAB,D520,BARNALA,2.21
12-02-2025,30.5,75.5,BARNALA,PUNJAB,D520,BARNALA,2.03
13-02-2025,30.5,75.5,BARNALA,PUNJAB,D520,BARNALA,2.15
14-02-2025,30.5,75.5,BARNALA,PUNJAB,D520,BARNALA,2.14
15-02-2025,30.5,75.5,BARNALA,PUNJAB,D520,BARNALA,1.93
16-02-2025,30.5,75.5,BARNALA,PUNJAB,D520,BARNALA,2.14
17-02-2025,30.5,75.5,BARNALA,PUNJAB,D520,BARNALA,2.37
18-02-2025,30.5,75.5,BARNALA,PUNJAB,D520,BARNALA,2.39
19-02-2025,30.5,75.5,BARNALA,PUNJAB,D520,BARNALA,2.37
20-02-2025,30.5,75.5,BARNALA,PUNJAB,D520,BARNALA,2.71
21-02-2025,30.5,75.5,BARNALA,PUNJAB,D520,BARNALA,2.15
22-02-2025,30.5,75.5,BARNALA,PUNJAB,D520,BARNALA,1.96
23-02-2025,30.5,75.5,BARNALA,PUNJAB,D520,BARNALA,2.17
24-02-2025,30.5,75.5,BARNALA,PUNJAB,D520,BARNALA,2.23
25-02-2025,30.5,75.5,BARNALA,PUNJAB,D520,BARNALA,2.26
26-02-2025,30.5,75.5,BARNALA,PUNJAB,D520,BARNALA,2.13
27-02-2025,30.5,75.5,BARNALA,PUNJAB,D520,BARNALA,2.41
28-02-2025,30.5,75.5,BARNALA,PUNJAB,D520,BARNALA,2.13
29-02-2025,30.5,75.5,BARNALA,PUNJAB,D520,BARNALA,1.82
01-03-2025,30.5,75.5,BARNALA,PUNJAB,D520,BARNALA,2
02-03-2025,30.5,75.5,BARNALA,PUNJAB,D520,BARNALA,1.79
03-03-2025,30.5,75.5,BARNALA,PUNJAB,D520,BARNALA,1.74
04-03-2025,30.5,75.5,BARNALA,PUNJAB,D520,BARNALA,2.11
05-03-2025,30.5,75.5,BARNALA,PUNJAB,D520,BARNALA,2.23
06-03-2025,30.5,75.5,BARNALA,PUNJAB,D520,BARNALA,1.85
07-03-2025,30.5,75.5,BARNALA,PUNJAB,D520,BARNALA,2.05
08-03-2025,30.5,75.5,BARNALA,PUNJAB,D520,BARNALA,1.91
09-03-2025,30.5,75.5,BARNALA,PUNJAB,D520,BARNALA,2.08
10-03-2025,30.5,75.5,BARNALA,PUNJAB,D520,BARNALA,2.23
11-03-2025,30.5,75.5,BARNALA,PUNJAB,D520,BARNALA,2.1
12-03-2025,30.5,75.5,BARNALA,PUNJAB,D520,BARNALA,2.25
13-03-2025,30.5,75.5,BARNALA,PUNJAB,D520,BARNALA,2.19
14-03-2025,30.5,75.5,BARNALA,PUNJAB,D520,BARNALA,2.35
15-03-2025,30.5,75.5,BARNALA,PUNJAB,D520,BARNALA,2.53
16-03-2025,30.5,75.5,BARNALA,PUNJAB,D520,BARNALA,2.22
17-03-2025,30.5,75.5,BARNALA,PUNJAB,D520,BARNALA,2.06
18-03-2025,30.5,75.5,BARNALA,PUNJAB,D520,BARNALA,2.1
19-03-2025,30.5,75.5,BARNALA,PUNJAB,D520,BARNALA,2.07
20-03-2025,30.5,75.5,BARNALA,PUNJAB,D520,BARNALA,1.79
21-03-2025,30.5,75.5,BARNALA,PUNJAB,D520,BARNALA,2.03
22-03-2025,30.5,75.5,BARNALA,PUNJAB,D520,BARNALA,2.15
23-03-2025,30.5,75.5,BARNALA,PUNJAB,D520,BARNALA,2.07
24-03-2025,30.5,75.5,BARNALA,PUNJAB,D520,BARNALA,2.24
25-03-2025,30.5,75.5,BARNALA,PUNJAB,D520,BARNALA,1.91
26-03-2025,30.5,75.5,BARNALA,PUNJAB,D520,BARNALA,1.69
27-03-2025,30.5,75.5,BARNALA,PUNJAB,D520,BARNALA,1.53
28-03-2025,30.5,75.5,BARNALA,PUNJAB,D520,BARNALA,1.71
29-03-2025,30.5,75.5,BARNALA,PUNJAB,D520,BARNALA,1.92
30-03-2025,30.5,75.5,BARNALA,PUNJAB,D520,BARNALA,1.97
31-03-2025,30.5,75.5,BARNALA,PUNJAB,D520,BARNALA,2.04
01-04-2025,30.5,75.5,BARNALA,PUNJAB,D520,BARNALA,2.03
02-04-2025,30.5,75.5,BARNALA,PUNJAB,D520,BARNALA,1.96
03-04-2025,30.5,75.5,BARNALA,PUNJAB,D520,BARNALA,2.4
04-04-2025,30.5,75.5,BARNALA,PUNJAB,D520,BARNALA,2.16
05-04-2025,30.5,75.5,BARNALA,PUNJAB,D520,BARNALA,2.1
06-04-2025,30.5,75.5,BARNALA,PUNJAB,D520,BARNALA,2.2
07-04-2025,30.5,75.5,BARNALA,PUNJAB,D520,BARNALA,1.97
08-04-2025,30.5,75.5,BARNALA,PUNJAB,D520,BARNALA,2.18
09-04-2025,30.5,75.5,BARNALA,PUNJAB,D520,BARNALA,2.44
10-04-2025,30.5,75.5,BARNALA,PUNJAB,D520,BARNALA,2.49
11-04-2025,30.5,75.5,BARNALA,PUNJAB,D520,BARNALA,2.16
12-04-2025,30.5,75.5,BARNALA,PUNJAB,D520,BARNALA,2.39
13-04-2025,30.5,75.5,BARNALA,PUNJAB,D520,BARNALA,2.12
14-04-2025,30.5,75.5,BARNALA,PUNJAB,D520,BARNALA,1.94
15-04-2025,30.5,75.5,BARNALA,PUNJAB,D520,BARNALA,1.95
16-04-2025,30.5,75.5,BARNALA,PUNJAB,D520,BARNALA,1.96
17-04-2025,30.5,75.5,BARNALA,PUNJAB,D520,BARNALA,2.68
18-04-2025,30.5,75.5,BARNALA,PUNJAB,D520,BARNALA,2.71
19-04-2025,30.5,75.5,BARNALA,PUNJAB,D520,BARNALA,2.84
20-04-2025,30.5,75.5,BARNALA,PUNJAB,D520,BARNALA,2.76
21-04-2025,30.5,75.5,BARNALA,PUNJAB,D520,BARNALA,2.95
22-04-2025,30.5,75.5,BARNALA,PUNJAB,D520,BARNALA,2.17
23-04-2025,30.5,75.5,BARNALA,PUNJAB,D520,BARNALA,2.01
24-04-2025,30.5,75.5,BARNALA,PUNJAB,D520,BARNALA,2.03
25-04-2025,30.5,75.5,BARNALA,PUNJAB,D520,BARNALA,1.71
26-04-2025,30.5,75.5,BARNALA,PUNJAB,D520,BARNALA,1.68
27-04-2025,30.5,75.5,BARNALA,PUNJAB,D520,BARNALA,1.71
28-04-2025,30.5,75.5,BARNALA,PUNJAB,D520,BARNALA,1.91
29-04-2025,30.5,75.5,BARNALA,PUNJAB,D520,BARNALA,1.76
30-04-2025,30.5,75.5,BARNALA,PUNJAB,D520,BARNALA,2.23
01-05-2025,30.5,75.5,BARNALA,PUNJAB,D520,BARNALA,2.53
02-05-2025,30.5,75.5,BARNALA,PUNJAB,D520,BARNALA,2.45
03-05-2025,30.5,75.5,BARNALA,PUNJAB,D520,BARNALA,2.39
04-05-2025,30.5,75.5,BARNALA,PUNJAB,D520,BARNALA,2.32
05-05-2025,30.5,75.5,BARNALA,PUNJAB,D520,BARNALA,1.87
06-05-2025,30.5,75.5,BARNALA,PUNJAB,D520,BARNALA,1.95
07-05-2025,30.5,75.5,BARNALA,PUNJAB,D520,BARNALA,1.98
08-05-2025,30.5,75.5,BARNALA,PUNJAB,D520,BARNALA,2.33
09-05-2025,30.5,75.5,BARNALA,PUNJAB,D520,BARNALA,2.12
10-05-2025,30.5,75.5,BARNALA,PUNJAB,D520,BARNALA,2.58
11-05-2025,30.5,75.5,BARNALA,PUNJAB,D520,BARNALA,2.32
12-05-2025,30.5,75.5,BARNALA,PUNJAB,D520,BARNALA,2.47
13-05-2025,30.5,75.5,BARNALA,PUNJAB,D520,BARNALA,2.41
14-05-2025,30.5,75.5,BARNALA,PUNJAB,D520,BARNALA,2.55
15-05-2025,30.5,75.5,BARNALA,PUNJAB,D520,BARNALA,2.26
16-05-2025,30.5,75.5,BARNALA,PUNJAB,D520,BARNALA,2.62
17-05-2025,30.5,75.5,BARNALA,PUNJAB,D520,BARNALA,2.41
18-05-2025,30.5,75.5,BARNALA,PUNJAB,D520,BARNALA,2.26
19-05-2025,30.5,75.5,BARNALA,PUNJAB,D520,BARNALA,2.06
20-05-2025,30.5,75.5,BARNALA,PUNJAB,D520,BARNALA,2.55
21-05-2025,30.5,75.5,BARNALA,PUNJAB,D520,BARNALA,2.11
22-05-2025,30.5,75.5,BARNALA,PUNJAB,D520,BARNALA,1.85
23-05-2025,30.5,75.5,BARNALA,PUNJAB,D520,BARNALA,2.21
24-05-2025,30.5,75.5,BARNALA,PUNJAB,D520,BARNALA,2.55
25-05-2025,30.5,75.5,BARNALA,PUNJAB,D520,BARNALA,2.59
26-05-2025,30.5,75.5,BARNALA,PUNJAB,D520,BARNALA,2.19
27-05-2025,30.5,75.5,BARNALA,PUNJAB,D520,BARNALA,2.29
28-05-2025,30.5,75.5,BARNALA,PUNJAB,D520,BARNALA,2.09
29-05-2025,30.5,75.5,BARNALA,PUNJAB,D520,BARNALA,2.01
30-05-2025,30.5,75.5,BARNALA,PUNJAB,D520,BARNALA,2.03
31-05-2025,30.5,75.5,BARNALA,PUNJAB,D520,BARNALA,1.95
01-06-2025,30.5,75.5,BARNALA,PUNJAB,D520,BARNALA,2.49
02-06-2025,30.5,75.5,BARNALA,PUNJAB,D520,BARNALA,2.35
03-06-2025,30.5,75.5,BARNALA,PUNJAB,D520,BARNALA,2.21
04-06-2025,30.5,75.5,BARNALA,PUNJAB,D520,BARNALA,2.18
05-06-2025,30.5,75.5,BARNALA,PUNJAB,D520,BARNALA,2.72
06-06-2025,30.5,75.5,BARNALA,PUNJAB,D520,BARNALA,2.05
07-06-2025,30.5,75.5,BARNALA,PUNJAB,D520,BARNALA,1.96
08-06-2025,30.5,75.5,BARNALA,PUNJAB,D520,BARNALA,2.21
09-06-2025,30.5,75.5,BARNALA,PUNJAB,D520,BARNALA,2.07
10-06-2025,30.5,75.5,BARNALA,PUNJAB,D520,BARNALA,2
11-06-2025,30.5,75.5,BARNALA,PUNJAB,D520,BARNALA,2.03
12-06-2025,30.5,75.5,BARNALA,PUNJAB,D520,BARNALA,1.68
13-06-2025,30.5,75.5,BARNALA,PUNJAB,D520,BARNALA,1.72
14-06-2025,30.5,75.5,BARNALA,PUNJAB,D520,BARNALA,1.76
15-06-2025,30.5,75.5,BARNALA,PUNJAB,D520,BARNALA,1.84
16-06-2025,30.5,75.5,BARNALA,PUNJAB,D520,BARNALA,2.09
17-06-2025,30.5,75.5,BARNALA,PUNJAB,D520,BARNALA,2.42
18-06-2025,30.5,75.5,BARNALA,PUNJAB,D520,BARNALA,2.29
19-06-2025,30.5,75.5,BARNALA,PUNJAB,D520,BARNALA,1.96
20-06-2025,30.5,75.5,BARNALA,PUNJAB,D520,BARNALA,1.5
21-06-2025,30.5,75.5,BARNALA,PUNJAB,D520,BARNALA,1.94
22-06-2025,30.5,75.5,BARNALA,PUNJAB,D520,BARNALA,2.05
23-06-2025,30.5,75.5,BARNALA,PUNJAB,D520,BARNALA,1.85
24-06-2025,30.5,75.5,BARNALA,PUNJAB,D520,BARNALA,1.51
25-06-2025,30.5,75.5,BARNALA,PUNJAB,D520,BARNALA,1.73
26-06-2025,30.5,75.5,BARNALA,PUNJAB,D520,BARNALA,1.58
27-06-2025,30.5,75.5,BARNALA,PUNJAB,D520,BARNALA,1.4
28-06-2025,30.5,75.5,BARNALA,PUNJAB,D520,BARNALA,1.55
29-06-2025,30.5,75.5,BARNALA,PUNJAB,D520,BARNALA,1.28
30-06-2025,30.5,75.5,BARNALA,PUNJAB,D520,BARNALA,1.56
01-07-2025,30.5,75.5,BARNALA,PUNJAB,D520,BARNALA,1.55
02-07-2025,30.5,75.5,BARNALA,PUNJAB,D520,BARNALA,1.5
03-07-2025,30.5,75.5,BARNALA,PUNJAB,D520,BARNALA,1.39
04-07-2025,30.5,75.5,BARNALA,PUNJAB,D520,BARNALA,1.35
05-07-2025,30.5,75.5,BARNALA,PUNJAB,D520,BARNALA,1.57
06-07-2025,30.5,75.5,BARNALA,PUNJAB,D520,BARNALA,1.42
07-07-2025,30.5,75.5,BARNALA,PUNJAB,D520,BARNALA,1.26
08-07-2025,30.5,75.5,BARNALA,PUNJAB,D520,BARNALA,1.3
09-07-2025,30.5,75.5,BARNALA,PUNJAB,D520,BARNALA,1.26
10-07-2025,30.5,75.5,BARNALA,PUNJAB,D520,BARNALA,1.39
11-07-2025,30.5,75.5,BARNALA,PUNJAB,D520,BARNALA,1.46
12-07-2025,30.5,75.5,BARNALA,PUNJAB,D520,BARNALA,1.33
13-07-2025,30.5,75.5,BARNALA,PUNJAB,D520,BARNALA,1.38
14-07-2025,30.5,75.5,BARNALA,PUNJAB,D520,BARNALA,1.17
15-07-2025,30.5,75.5,BARNALA,PUNJAB,D520,BARNALA,1.03
16-07-2025,30.5,75.5,BARNALA,PUNJAB,D520,BARNALA,1.17
17-07-2025,30.5,75.5,BARNALA,PUNJAB,D520,BARNALA,1.22
18-07-2025,30.5,75.5,BARNALA,PUNJAB,D520,BARNALA,1.15
19-07-2025,30.5,75.5,BARNALA,PUNJAB,D520,BARNALA,1.01
20-07-2025,30.5,75.5,BARNALA,PUNJAB,D520,BARNALA,1.06
21-07-2025,30.5,75.5,BARNALA,PUNJAB,D520,BARNALA,1.28
22-07-2025,30.5,75.5,BARNALA,PUNJAB,D520,BARNALA,1.09
23-07-2025,30.5,75.5,BARNALA,PUNJAB,D520,BARNALA,1.07
24-07-2025,30.5,75.5,BARNALA,PUNJAB,D520,BARNALA,0.94
25-07-2025,30.5,75.5,BARNALA,PUNJAB,D520,BARNALA,0.73
26-07-2025,30.5,75.5,BARNALA,PUNJAB,D520,BARNALA,0.85
27-07-2025,30.5,75.5,BARNALA,PUNJAB,D520,BARNALA,0.85
28-07-2025,30.5,75.5,BARNALA,PUNJAB,D520,BARNALA,1.11
29-07-2025,30.5,75.5,BARNALA,PUNJAB,D520,BARNALA,1
30-07-2025,30.5,75.5,BARNALA,PUNJAB,D520,BARNALA,0.79
31-07-2025,30.5,75.5,BARNALA,PUNJAB,D520,BARNALA,0.91
01-08-2025,30.5,75.5,BARNALA,PUNJAB,D520,BARNALA,0.99
02-08-2025,30.5,75.5,BARNALA,PUNJAB,D520,BARNALA,0.95
03-08-2025,30.5,75.5,BARNALA,PUNJAB,D520,BARNALA,1.07
04-08-2025,30.5,75.5,BARNALA,PUNJAB,D520,BARNALA,1
05-08-2025,30.5,75.5,BARNALA,PUNJAB,D520,BARNALA,0.84
06-08-2025,30.5,75.5,BARNALA,PUNJAB,D520,BARNALA,0.77
07-08-2025,30.5,75.5,BARNALA,PUNJAB,D520,BARNALA,0.97
08-08-2025,30.5,75.5,BARNALA,PUNJAB,D520,BARNALA,0.92
09-08-2025,30.5,75.5,BARNALA,PUNJAB,D520,BARNALA,0.8
10-08-2025,30.5,75.5,BARNALA,PUNJAB,D520,BARNALA,0.83
11-08-2025,30.5,75.5,BARNALA,PUNJAB,D520,BARNALA,0.93
12-08-2025,30.5,75.5,BARNALA,PUNJAB,D520,BARNALA,0.97
13-08-2025,30.5,75.5,BARNALA,PUNJAB,D520,BARNALA,1.13
14-08-2025,30.5,75.5,BARNALA,PUNJAB,D520,BARNALA,1.03
15-08-2025,30.5,75.5,BARNALA,PUNJAB,D520,BARNALA,0.88
16-08-2025,30.5,75.5,BARNALA,PUNJAB,D520,BARNALA,0.83
17-08-2025,30.5,75.5,BARNALA,PUNJAB,D520,BARNALA,0.84
18-08-2025,30.5,75.5,BARNALA,PUNJAB,D520,BARNALA,1.03
19-08-2025,30.5,75.5,BARNALA,PUNJAB,D520,BARNALA,0.96
20-08-2025,30.5,75.5,BARNALA,PUNJAB,D520,BARNALA,0.88
21-08-2025,30.5,75.5,BARNALA,PUNJAB,D520,BARNALA,0.86
22-08-2025,30.5,75.5,BARNALA,PUNJAB,D520,BARNALA,0.97
23-08-2025,30.5,75.5,BARNALA,PUNJAB,D520,BARNALA,0.85
24-08-2025,30.5,75.5,BARNALA,PUNJAB,D520,BARNALA,0.79
25-08-2025,30.5,75.5,BARNALA,PUNJAB,D520,BARNALA,0.94
26-08-2025,30.5,75.5,BARNALA,PUNJAB,D520,BARNALA,0.88
27-08-2025,30.5,75.5,BARNALA,PUNJAB,D520,BARNALA,0.76
28-08-2025,30.5,75.5,BARNALA,PUNJAB,D520,BARNALA,0.8
29-08-2025,30.5,75.5,BARNALA,PUNJAB,D520,BARNALA,0.83
30-08-2025,30.5,75.5,BARNALA,PUNJAB,D520,BARNALA,0.83
31-08-2025,30.5,75.5,BARNALA,PUNJAB,D520,BARNALA,1.05
01-09-2025,30.5,75.5,BARNALA,PUNJAB,D520,BARNALA,0.95
02-09-2025,30.5,75.5,BARNALA,PUNJAB,D520,BARNALA,1.07
03-09-2025,30.5,75.5,BARNALA,PUNJAB,D520,BARNALA,1.19
04-09-2025,30.5,75.5,BARNALA,PUNJAB,D520,BARNALA,1.02
05-09-2025,30.5,75.5,BARNALA,PUNJAB,D520,BARNALA,1.07
06-09-2025,30.5,75.5,BARNALA,PUNJAB,D520,BARNALA,1.43
07-09-2025,30.5,75.5,BARNALA,PUNJAB,D520,BARNALA,1.36
08-09-2025,30.5,75.5,BARNALA,PUNJAB,D520,BARNALA,1.23
09-09-2025,30.5,75.5,BARNALA,PUNJAB,D520,BARNALA,1.07
10-09-2025,30.5,75.5,BARNALA,PUNJAB,D520,BARNALA,1.1
11-09-2025,30.5,75.5,BARNALA,PUNJAB,D520,BARNALA,1.09
12-09-2025,30.5,75.5,BARNALA,PUNJAB,D520,BARNALA,1.26
13-09-2025,30.5,75.5,BARNALA,PUNJAB,D520,BARNALA,1.36
14-09-2025,30.5,75.5,BARNALA,PUNJAB,D520,BARNALA,1.29
15-09-2025,30.5,75.5,BARNALA,PUNJAB,D520,BARNALA,1.25
16-09-2025,30.5,75.5,BARNALA,PUNJAB,D520,BARNALA,1.25
17-09-2025,30.5,75.5,BARNALA,PUNJAB,D520,BARNALA,1.19
18-09-2025,30.5,75.5,BARNALA,PUNJAB,D520,BARNALA,1.25
19-09-2025,30.5,75.5,BARNALA,PUNJAB,D520,BARNALA,1.42
20-09-2025,30.5,75.5,BARNALA,PUNJAB,D520,BARNALA,1.51
21-09-2025,30.5,75.5,BARNALA,PUNJAB,D520,BARNALA,1.24
22-09-2025,30.5,75.5,BARNALA,PUNJAB,D520,BARNALA,1.2
23-09-2025,30.5,75.5,BARNALA,PUNJAB,D520,BARNALA,1.46
24-09-2025,30.5,75.5,BARNALA,PUNJAB,D520,BARNALA,1.42
25-09-2025,30.5,75.5,BARNALA,PUNJAB,D520,BARNALA,1.26
26-09-2025,30.5,75.5,BARNALA,PUNJAB,D520,BARNALA,1.41
27-09-2025,30.5,75.5,BARNALA,PUNJAB,D520,BARNALA,1.26
28-09-2025,30.5,75.5,BARNALA,PUNJAB,D520,BARNALA,1.25
29-09-2025,30.5,75.5,BARNALA,PUNJAB,D520,BARNALA,1.54
30-09-2025,30.5,75.5,BARNALA,PUNJAB,D520,BARNALA,1.59
01-10-2025,30.5,75.5,BARNALA,PUNJAB,D520,BARNALA,1.57
02-10-2025,30.5,75.5,BARNALA,PUNJAB,D520,BARNALA,1.73
03-10-2025,30.5,75.5,BARNALA,PUNJAB,D520,BARNALA,1.59
04-10-2025,30.5,75.5,BARNALA,PUNJAB,D520,BARNALA,1.65
05-10-2025,30.5,75.5,BARNALA,PUNJAB,D520,BARNALA,1.48
06-10-2025,30.5,75.5,BARNALA,PUNJAB,D520,BARNALA,1.37
07-10-2025,30.5,75.5,BARNALA,PUNJAB,D520,BARNALA,1.51
08-10-2025,30.5,75.5,BARNALA,PUNJAB,D520,BARNALA,1.56
09-10-2025,30.5,75.5,BARNALA,PUNJAB,D520,BARNALA,1.71
10-10-2025,30.5,75.5,BARNALA,PUNJAB,D520,BARNALA,1.47
11-10-2025,30.5,75.5,BARNALA,PUNJAB,D520,BARNALA,1.4
12-10-2025,30.5,75.5,BARNALA,PUNJAB,D520,BARNALA,1.43
13-10-2025,30.5,75.5,BARNALA,PUNJAB,D520,BARNALA,1.39
14-10-2025,30.5,75.5,BARNALA,PUNJAB,D520,BARNALA,1.34
15-10-2025,30.5,75.5,BARNALA,PUNJAB,D520,BARNALA,1.36
16-10-2025,30.5,75.5,BARNALA,PUNJAB,D520,BARNALA,1.27
17-10-2025,30.5,75.5,BARNALA,PUNJAB,D520,BARNALA,1.38
18-10-2025,30.5,75.5,BARNALA,PUNJAB,D520,BARNALA,1.34
19-10-2025,30.5,75.5,BARNALA,PUNJAB,D520,BARNALA,1.32
20-10-2025,30.5,75.5,BARNALA,PUNJAB,D520,BARNALA,1.27
21-10-2025,30.5,75.5,BARNALA,PUNJAB,D520,BARNALA,1.4
22-10-2025,30.5,75.5,BARNALA,PUNJAB,D520,BARNALA,1.22
23-10-2025,30.5,75.5,BARNALA,PUNJAB,D520,BARNALA,1.5
24-10-2025,30.5,75.5,BARNALA,PUNJAB,D520,BARNALA,1.42
25-10-2025,30.5,75.5,BARNALA,PUNJAB,D520,BARNALA,1.53
26-10-2025,30.5,75.5,BARNALA,PUNJAB,D520,BARNALA,1.25
27-10-2025,30.5,75.5,BARNALA,PUNJAB,D520,BARNALA,1.21
28-10-2025,30.5,75.5,BARNALA,PUNJAB,D520,BARNALA,1.58
29-10-2025,30.5,75.5,BARNALA,PUNJAB,D520,BARNALA,1.64
30-10-2025,30.5,75.5,BARNALA,PUNJAB,D520,BARNALA,1.64
31-10-2025,30.5,75.5,BARNALA,PUNJAB,D520,BARNALA,1.65
01-11-2025,30.5,75.5,BARNALA,PUNJAB,D520,BARNALA,1.5
02-11-2025,30.5,75.5,BARNALA,PUNJAB,D520,BARNALA,1.44
03-11-2025,30.5,75.5,BARNALA,PUNJAB,D520,BARNALA,1.45
04-11-2025,30.5,75.5,BARNALA,PUNJAB,D520,BARNALA,1.29
05-11-2025,30.5,75.5,BARNALA,PUNJAB,D520,BARNALA,1.55
06-11-2025,30.5,75.5,BARNALA,PUNJAB,D520,BARNALA,1.52
07-11-2025,30.5,75.5,BARNALA,PUNJAB,D520,BARNALA,1.61
08-11-2025,30.5,75.5,BARNALA,PUNJAB,D520,BARNALA,1.83
09-11-2025,30.5,75.5,BARNALA,PUNJAB,D520,BARNALA,1.76
10-11-2025,30.5,75.5,BARNALA,PUNJAB,D520,BARNALA,1.81
11-11-2025,30.5,75.5,BARNALA,PUNJAB,D520,BARNALA,1.72
12-11-2025,30.5,75.5,BARNALA,PUNJAB,D520,BARNALA,1.58
13-11-2025,30.5,75.5,BARNALA,PUNJAB,D520,BARNALA,1.57
14-11-2025,30.5,75.5,BARNALA,PUNJAB,D520,BARNALA,1.64
15-11-2025,30.5,75.5,BARNALA,PUNJAB,D520,BARNALA,1.64
16-11-2025,30.5,75.5,BARNALA,PUNJAB,D520,BARNALA,1.61
17-11-2025,30.5,75.5,BARNALA,PUNJAB,D520,BARNALA,1.51
18-11-2025,30.5,75.5,BARNALA,PUNJAB,D520,BARNALA,1.58
19-11-2025,30.5,75.5,BARNALA,PUNJAB,D520,BARNALA,1.35
20-11-2025,30.5,75.5,BARNALA,PUNJAB,D520,BARNALA,1.33
21-11-2025,30.5,75.5,BARNALA,PUNJAB,D520,BARNALA,1.39
22-11-2025,30.5,75.5,BARNALA,PUNJAB,D520,BARNALA,1.56
23-11-2025,30.5,75.5,BARNALA,PUNJAB,D520,BARNALA,1.79
24-11-2025,30.5,75.5,BARNALA,PUNJAB,D520,BARNALA,1.72
25-11-2025,30.5,75.5,BARNALA,PUNJAB,D520,BARNALA,1.59
26-11-2025,30.5,75.5,BARNALA,PUNJAB,D520,BARNALA,1.63
27-11-2025,30.5,75.5,BARNALA,PUNJAB,D520,BARNALA,1.66
28-11-2025,30.5,75.5,BARNALA,PUNJAB,D520,BARNALA,1.62
29-11-2025,30.5,75.5,BARNALA,PUNJAB,D520,BARNALA,1.49
30-11-2025,30.5,75.5,BARNALA,PUNJAB,D520,BARNALA,1.68
01-12-2025,30.5,75.5,BARNALA,PUNJAB,D520,BARNALA,1.81
02-12-2025,30.5,75.5,BARNALA,PUNJAB,D520,BARNALA,1.74
03-12-2025,30.5,75.5,BARNALA,PUNJAB,D520,BARNALA,1.58
04-12-2025,30.5,75.5,BARNALA,PUNJAB,D520,BARNALA,1.62
05-12-2025,30.5,75.5,BARNALA,PUNJAB,D520,BARNALA,1.51
06-12-2025,30.5,75.5,BARNALA,PUNJAB,D520,BARNALA,1.4
07-12-2025,30.5,75.5,BARNALA,PUNJAB,D520,BARNALA,1.7
08-12-2025,30.5,75.5,BARNALA,PUNJAB,D520,BARNALA,1.89
09-12-2025,30.5,75.5,BARNALA,PUNJAB,D520,BARNALA,2.05
10-12-2025,30.5,75.5,BARNALA,PUNJAB,D520,BARNALA,1.93
11-12-2025,30.5,75.5,BARNALA,PUNJAB,D520,BARNALA,2.07
12-12-2025,30.5,75.5,BARNALA,PUNJAB,D520,BARNALA,2.03
13-12-2025,30.5,75.5,BARNALA,PUNJAB,D520,BARNALA,1.89
14-12-2025,30.5,75.5,BARNALA,PUNJAB,D520,BARNALA,1.67
15-12-2025,30.5,75.5,BARNALA,PUNJAB,D520,BARNALA,2.03
16-12-2025,30.5,75.5,BARNALA,PUNJAB,D520,BARNALA,2.04
17-12-2025,30.5,75.5,BARNALA,PUNJAB,D520,BARNALA,1.89
18-12-2025,30.5,75.5,BARNALA,PUNJAB,D520,BARNALA,2.18
19-12-2025,30.5,75.5,BARNALA,PUNJAB,D520,BARNALA,2.39
20-12-2025,30.5,75.5,BARNALA,PUNJAB,D520,BARNALA,2.08
21-12-2025,30.5,75.5,BARNALA,PUNJAB,D520,BARNALA,1.93
22-12-2025,30.5,75.5,BARNALA,PUNJAB,D520,BARNALA,1.83
23-12-2025,30.5,75.5,BARNALA,PUNJAB,D520,BARNALA,1.68
24-12-2025,30.5,75.5,BARNALA,PUNJAB,D520,BARNALA,1.67
25-12-2025,30.5,75.5,BARNALA,PUNJAB,D520,BARNALA,1.67
26-12-2025,30.5,75.5,BARNALA,PUNJAB,D520,BARNALA,1.67
27-12-2025,30.5,75.5,BARNALA,PUNJAB,D520,BARNALA,1.64
28-12-2025,30.5,75.5,BARNALA,PUNJAB,D520,BARNALA,1.73
29-12-2025,30.5,75.5,BARNALA,PUNJAB,D520,BARNALA,1.64
30-12-2025,30.5,75.5,BARNALA,PUNJAB,D520,BARNALA,1.95
31-12-2025,30.5,75.5,BARNALA,PUNJAB,D520,BARNALA,1.9
01-01-2025,29.5,75.5,FATEHABAD,HARYANA,D214,FATEHABAD,2.31
02-01-2025,29.5,75.5,FATEHABAD,HARYANA,D214,FATEHABAD,1.92
03-01-2025,29.5,75.5,FATEHABAD,HARYANA,D214,FATEHABAD,2.13
04-01-2025,29.5,75.5,FATEHABAD,HARYANA,D214,FATEHABAD,1.84
05-01-2025,29.5,75.5,FATEHABAD,HARYANA,D214,FATEHABAD,2.52
06-01-2025,29.5,75.5,FATEHABAD,HARYANA,D214,FATEHABAD,3.02
07-01-2025,29.5,75.5,FATEHABAD,HARYANA,D214,FATEHABAD,2.88
08-01-2025,29.5,75.5,FATEHABAD,HARYANA,D214,FATEHABAD,2.75
09-01-2025,29.5,75.5,FATEHABAD,HARYANA,D214,FATEHABAD,2.31
10-01-2025,29.5,75.5,FATEHABAD,HARYANA,D214,FATEHABAD,1.99
11-01-2025,29.5,75.5,FATEHABAD,HARYANA,D214,FATEHABAD,1.99
12-01-2025,29.5,75.5,FATEHABAD,HARYANA,D214,FATEHABAD,2.44
13-01-2025,29.5,75.5,FATEHABAD,HARYANA,D214,FATEHABAD,2.42
14-01-2025,29.5,75.5,FATEHABAD,HARYANA,D214,FATEHABAD,2.37
15-01-2025,29.5,75.5,FATEHABAD,HARYANA,D214,FATEHABAD,2.53
16-01-2025,29.5,75.5,FATEHABAD,HARYANA,D214,FATEHABAD,2.68
17-01-2025,29.5,75.5,FATEHABAD,HARYANA,D214,FATEHABAD,2.83
18-01-2025,29.5,75.5,FATEHABAD,HARYANA,D214,FATEHABAD,2.59
19-01-2025,29.5,75.5,FATEHABAD,HARYANA,D214,FATEHABAD,1.95
20-01-2025,29.5,75.5,FATEHABAD,HARYANA,D214,FATEHABAD,2
21-01-2025,29.5,75.5,FATEHABAD,HARYANA,D214,FATEHABAD,2.26
22-01-2025,29.5,75.5,FATEHABAD,HARYANA,D214,FATEHABAD,2.56
23-01-2025,29.5,75.5,FATEHABAD,HARYANA,D214,FATEHABAD,2.55
24-01-2025,29.5,75.5,FATEHABAD,HARYANA,D214,FATEHABAD,2.27
25-01-2025,29.5,75.5,FATEHABAD,HARYANA,D214,FATEHABAD,2
26-01-2025,29.5,75.5,FATEHABAD,HARYANA,D214,FATEHABAD,2.17
27-01-2025,29.5,75.5,FATEHABAD,HARYANA,D214,FATEHABAD,1.76
28-01-2025,29.5,75.5,FATEHABAD,HARYANA,D214,FATEHABAD,2.17
29-01-2025,29.5,75.5,FATEHABAD,HARYANA,D214,FATEHABAD,2.36
30-01-2025,29.5,75.5,FATEHABAD,HARYANA,D214,FATEHABAD,2.51
31-01-2025,29.5,75.5,FATEHABAD,HARYANA,D214,FATEHABAD,2.36
01-02-2025,29.5,75.5,FATEHABAD,HARYANA,D214,FATEHABAD,2.26
02-02-2025,29.5,75.5,FATEHABAD,HARYANA,D214,FATEHABAD,2.32
03-02-2025,29.5,75.5,FATEHABAD,HARYANA,D214,FATEHABAD,1.92
04-02-2025,29.5,75.5,FATEHABAD,HARYANA,D214,FATEHABAD,2.4
05-02-2025,29.5,75.5,FATEHABAD,HARYANA,D214,FATEHABAD,2.59
06-02-2025,29.5,75.5,FATEHABAD,HARYANA,D214,FATEHABAD,2.31
07-02-2025,29.5,75.5,FATEHABAD,HARYANA,D214,FATEHABAD,2.64
08-02-2025,29.5,75.5,FATEHABAD,HARYANA,D214,FATEHABAD,2.24
09-02-2025,29.5,75.5,FATEHABAD,HARYANA,D214,FATEHABAD,2.71
10-02-2025,29.5,75.5,FATEHABAD,HARYANA,D214,FATEHABAD,2.64
11-02-2025,29.5,75.5,FATEHABAD,HARYANA,D214,FATEHABAD,2.42
12-02-2025,29.5,75.5,FATEHABAD,HARYANA,D214,FATEHABAD,2.27
13-02-2025,29.5,75.5,FATEHABAD,HARYANA,D214,FATEHABAD,2.42
14-02-2025,29.5,75.5,FATEHABAD,HARYANA,D214,FATEHABAD,2.38
15-02-2025,29.5,75.5,FATEHABAD,HARYANA,D214,FATEHABAD,2.2
16-02-2025,29.5,75.5,FATEHABAD,HARYANA,D214,FATEHABAD,2.25
17-02-2025,29.5,75.5,FATEHABAD,HARYANA,D214,FATEHABAD,2.55
18-02-2025,29.5,75.5,FATEHABAD,HARYANA,D214,FATEHABAD,2.52
19-02-2025,29.5,75.5,FATEHABAD,HARYANA,D214,FATEHABAD,2.36
20-02-2025,29.5,75.5,FATEHABAD,HARYANA,D214,FATEHABAD,2.78
21-02-2025,29.5,75.5,FATEHABAD,HARYANA,D214,FATEHABAD,2.2
22-02-2025,29.5,75.5,FATEHABAD,HARYANA,D214,FATEHABAD,2.18
23-02-2025,29.5,75.5,FATEHABAD,HARYANA,D214,FATEHABAD,2.4
24-02-2025,29.5,75.5,FATEHABAD,HARYANA,D214,FATEHABAD,2.33
25-02-2025,29.5,75.5,FATEHABAD,HARYANA,D214,FATEHABAD,2.37
26-02-2025,29.5,75.5,FATEHABAD,HARYANA,D214,FATEHABAD,2.38
27-02-2025,29.5,75.5,FATEHABAD,HARYANA,D214,FATEHABAD,2.69
28-02-2025,29.5,75.5,FATEHABAD,HARYANA,D214,FATEHABAD,2.47
29-02-2025,29.5,75.5,FATEHABAD,HARYANA,D214,FATEHABAD,1.87
01-03-2025,29.5,75.5,FATEHABAD,HARYANA,D214,FATEHABAD,2.31
02-03-2025,29.5,75.5,FATEHABAD,HARYANA,D214,FATEHABAD,2.02
03-03-2025,29.5,75.5,FATEHABAD,HARYANA,D214,FATEHABAD,2.03
04-03-2025,29.5,75.5,FATEHABAD,HARYANA,D214,FATEHABAD,2.48
05-03-2025,29.5,75.5,FATEHABAD,HARYANA,D214,FATEHABAD,2.62
06-03-2025,29.5,75.5,FATEHABAD,HARYANA,D214,FATEHABAD,2.15
07-03-2025,29.5,75.5,FATEHABAD,HARYANA,D214,FATEHABAD,2.2
08-03-2025,29.5,75.5,FATEHABAD,HARYANA,D214,FATEHABAD,2
09-03-2025,29.5,75.5,FATEHABAD,HARYANA,D214,FATEHABAD,2.14
10-03-2025,29.5,75.5,FATEHABAD,HARYANA,D214,FATEHABAD,2.31
11-03-2025,29.5,75.5,FATEHABAD,HARYANA,D214,FATEHABAD,2.22
12-03-2025,29.5,75.5,FATEHABAD,HARYANA,D214,FATEHABAD,2.38
13-03-2025,29.5,75.5,FATEHABAD,HARYANA,D214,FATEHABAD,2.32
14-03-2025,29.5,75.5,FATEHABAD,HARYANA,D214,FATEHABAD,2.37
15-03-2025,29.5,75.5,FATEHABAD,HARYANA,D214,FATEHABAD,2.4
16-03-2025,29.5,75.5,FATEHABAD,HARYANA,D214,FATEHABAD,2.33
17-03-2025,29.5,75.5,FATEHABAD,HARYANA,D214,FATEHABAD,2.07
18-03-2025,29.5,75.5,FATEHABAD,HARYANA,D214,FATEHABAD,2.15
19-03-2025,29.5,75.5,FATEHABAD,HARYANA,D214,FATEHABAD,2.12
20-03-2025,29.5,75.5,FATEHABAD,HARYANA,D214,FATEHABAD,1.94
21-03-2025,29.5,75.5,FATEHABAD,HARYANA,D214,FATEHABAD,1.98
22-03-2025,29.5,75.5,FATEHABAD,HARYANA,D214,FATEHABAD,2.22
23-03-2025,29.5,75.5,FATEHABAD,HARYANA,D214,FATEHABAD,1.99
24-03-2025,29.5,75.5,FATEHABAD,HARYANA,D214,FATEHABAD,2.14
25-03-2025,29.5,75.5,FATEHABAD,HARYANA,D214,FATEHABAD,1.83
26-03-2025,29.5,75.5,FATEHABAD,HARYANA,D214,FATEHABAD,1.74
27-03-2025,29.5,75.5,FATEHABAD,HARYANA,D214,FATEHABAD,1.63
28-03-2025,29.5,75.5,FATEHABAD,HARYANA,D214,FATEHABAD,1.86
29-03-2025,29.5,75.5,FATEHABAD,HARYANA,D214,FATEHABAD,2.05
30-03-2025,29.5,75.5,FATEHABAD,HARYANA,D214,FATEHABAD,2.1
31-03-2025,29.5,75.5,FATEHABAD,HARYANA,D214,FATEHABAD,2.02
01-04-2025,29.5,75.5,FATEHABAD,HARYANA,D214,FATEHABAD,2.13
02-04-2025,29.5,75.5,FATEHABAD,HARYANA,D214,FATEHABAD,2.05
03-04-2025,29.5,75.5,FATEHABAD,HARYANA,D214,FATEHABAD,2.58
04-04-2025,29.5,75.5,FATEHABAD,HARYANA,D214,FATEHABAD,2.38
05-04-2025,29.5,75.5,FATEHABAD,HARYANA,D214,FATEHABAD,2.12
06-04-2025,29.5,75.5,FATEHABAD,HARYANA,D214,FATEHABAD,2.25
07-04-2025,29.5,75.5,FATEHABAD,HARYANA,D214,FATEHABAD,2.11
08-04-2025,29.5,75.5,FATEHABAD,HARYANA,D214,FATEHABAD,2.39
09-04-2025,29.5,75.5,FATEHABAD,HARYANA,D214,FATEHABAD,2.62
10-04-2025,29.5,75.5,FATEHABAD,HARYANA,D214,FATEHABAD,2.67
11-04-2025,29.5,75.5,FATEHABAD,HARYANA,D214,FATEHABAD,2.28
12-04-2025,29.5,75.5,FATEHABAD,HARYANA,D214,FATEHABAD,2.42
13-04-2025,29.5,75.5,FATEHABAD,HARYANA,D214,FATEHABAD,2.14
14-04-2025,29.5,75.5,FATEHABAD,HARYANA,D214,FATEHABAD,1.95
15-04-2025,29.5,75.5,FATEHABAD,HARYANA,D214,FATEHABAD,1.99
16-04-2025,29.5,75.5,FATEHABAD,HARYANA,D214,FATEHABAD,2.01
17-04-2025,29.5,75.5,FATEHABAD,HARYANA,D214,FATEHABAD,2.84
18-04-2025,29.5,75.5,FATEHABAD,HARYANA,D214,FATEHABAD,2.92
19-04-2025,29.5,75.5,FATEHABAD,HARYANA,D214,FATEHABAD,3.03
20-04-2025,29.5,75.5,FATEHABAD,HARYANA,D214,FATEHABAD,2.94
21-04-2025,29.5,75.5,FATEHABAD,HARYANA,D214,FATEHABAD,3.15
22-04-2025,29.5,75.5,FATEHABAD,HARYANA,D214,FATEHABAD,2.33
23-04-2025,29.5,75.5,FATEHABAD,HARYANA,D214,FATEHABAD,2.09
24-04-2025,29.5,75.5,FATEHABAD,HARYANA,D214,FATEHABAD,2.21
25-04-2025,29.5,75.5,FATEHABAD,HARYANA,D214,FATEHABAD,1.81
26-04-2025,29.5,75.5,FATEHABAD,HARYANA,D214,FATEHABAD,1.64
27-04-2025,29.5,75.5,FATEHABAD,HARYANA,D214,FATEHABAD,1.96
28-04-2025,29.5,75.5,FATEHABAD,HARYANA,D214,FATEHABAD,1.99
29-04-2025,29.5,75.5,FATEHABAD,HARYANA,D214,FATEHABAD,1.82
30-04-2025,29.5,75.5,FATEHABAD,HARYANA,D214,FATEHABAD,2.18
01-05-2025,29.5,75.5,FATEHABAD,HARYANA,D214,FATEHABAD,2.44
02-05-2025,29.5,75.5,FATEHABAD,HARYANA,D214,FATEHABAD,2.62
03-05-2025,29.5,75.5,FATEHABAD,HARYANA,D214,FATEHABAD,2.55
04-05-2025,29.5,75.5,FATEHABAD,HARYANA,D214,FATEHABAD,2.56
05-05-2025,29.5,75.5,FATEHABAD,HARYANA,D214,FATEHABAD,2.21
06-05-2025,29.5,75.5,FATEHABAD,HARYANA,D214,FATEHABAD,2.2
07-05-2025,29.5,75.5,FATEHABAD,HARYANA,D214,FATEHABAD,2.12
08-05-2025,29.5,75.5,FATEHABAD,HARYANA,D214,FATEHABAD,2.46
09-05-2025,29.5,75.5,FATEHABAD,HARYANA,D214,FATEHABAD,2.24
10-05-2025,29.5,75.5,FATEHABAD,HARYANA,D214,FATEHABAD,2.69
11-05-2025,29.5,75.5,FATEHABAD,HARYANA,D214,FATEHABAD,2.38
12-05-2025,29.5,75.5,FATEHABAD,HARYANA,D214,FATEHABAD,2.49
13-05-2025,29.5,75.5,FATEHABAD,HARYANA,D214,FATEHABAD,2.62
14-05-2025,29.5,75.5,FATEHABAD,HARYANA,D214,FATEHABAD,2.57
15-05-2025,29.5,75.5,FATEHABAD,HARYANA,D214,FATEHABAD,2.24
16-05-2025,29.5,75.5,FATEHABAD,HARYANA,D214,FATEHABAD,2.76
17-05-2025,29.5,75.5,FATEHABAD,HARYANA,D214,FATEHABAD,2.29
18-05-2025,29.5,75.5,FATEHABAD,HARYANA,D214,FATEHABAD,2.52
19-05-2025,29.5,75.5,FATEHABAD,HARYANA,D214,FATEHABAD,2.24
20-05-2025,29.5,75.5,FATEHABAD,HARYANA,D214,FATEHABAD,2.78
21-05-2025,29.5,75.5,FATEHABAD,HARYANA,D214,FATEHABAD,2.35
22-05-2025,29.5,75.5,FATEHABAD,HARYANA,D214,FATEHABAD,2.15
23-05-2025,29.5,75.5,FATEHABAD,HARYANA,D214,FATEHABAD,2.47
24-05-2025,29.5,75.5,FATEHABAD,HARYANA,D214,FATEHABAD,2.71
25-05-2025,29.5,75.5,FATEHABAD,HARYANA,D214,FATEHABAD,2.63
26-05-2025,29.5,75.5,FATEHABAD,HARYANA,D214,FATEHABAD,2.64
27-05-2025,29.5,75.5,FATEHABAD,HARYANA,D214,FATEHABAD,2.53
28-05-2025,29.5,75.5,FATEHABAD,HARYANA,D214,FATEHABAD,2.73
29-05-2025,29.5,75.5,FATEHABAD,HARYANA,D214,FATEHABAD,2.41
30-05-2025,29.5,75.5,FATEHABAD,HARYANA,D214,FATEHABAD,2.39
31-05-2025,29.5,75.5,FATEHABAD,HARYANA,D214,FATEHABAD,2.26
01-06-2025,29.5,75.5,FATEHABAD,HARYANA,D214,FATEHABAD,2.68
02-06-2025,29.5,75.5,FATEHABAD,HARYANA,D214,FATEHABAD,2.47
03-06-2025,29.5,75.5,FATEHABAD,HARYANA,D214,FATEHABAD,2.4
04-06-2025,29.5,75.5,FATEHABAD,HARYANA,D214,FATEHABAD,2.46
05-06-2025,29.5,75.5,FATEHABAD,HARYANA,D214,FATEHABAD,2.92
06-06-2025,29.5,75.5,FATEHABAD,HARYANA,D214,FATEHABAD,2.23
07-06-2025,29.5,75.5,FATEHABAD,HARYANA,D214,FATEHABAD,2.15
08-06-2025,29.5,75.5,FATEHABAD,HARYANA,D214,FATEHABAD,2.37
09-06-2025,29.5,75.5,FATEHABAD,HARYANA,D214,FATEHABAD,1.99
10-06-2025,29.5,75.5,FATEHABAD,HARYANA,D214,FATEHABAD,2.2
11-06-2025,29.5,75.5,FATEHABAD,HARYANA,D214,FATEHABAD,2.22
12-06-2025,29.5,75.5,FATEHABAD,HARYANA,D214,FATEHABAD,1.81
13-06-2025,29.5,75.5,FATEHABAD,HARYANA,D214,FATEHABAD,1.9
14-06-2025,29.5,75.5,FATEHABAD,HARYANA,D214,FATEHABAD,1.84
15-06-2025,29.5,75.5,FATEHABAD,HARYANA,D214,FATEHABAD,1.67
16-06-2025,29.5,75.5,FATEHABAD,HARYANA,D214,FATEHABAD,2.04
17-06-2025,29.5,75.5,FATEHABAD,HARYANA,D214,FATEHABAD,2.45
18-06-2025,29.5,75.5,FATEHABAD,HARYANA,D214,FATEHABAD,2.48
19-06-2025,29.5,75.5,FATEHABAD,HARYANA,D214,FATEHABAD,2.08
20-06-2025,29.5,75.5,FATEHABAD,HARYANA,D214,FATEHABAD,1.62
21-06-2025,29.5,75.5,FATEHABAD,HARYANA,D214,FATEHABAD,2.18
22-06-2025,29.5,75.5,FATEHABAD,HARYANA,D214,FATEHABAD,2.17
23-06-2025,29.5,75.5,FATEHABAD,HARYANA,D214,FATEHABAD,1.82
24-06-2025,29.5,75.5,FATEHABAD,HARYANA,D214,FATEHABAD,1.63
25-06-2025,29.5,75.5,FATEHABAD,HARYANA,D214,FATEHABAD,1.89
26-06-2025,29.5,75.5,FATEHABAD,HARYANA,D214,FATEHABAD,1.78
27-06-2025,29.5,75.5,FATEHABAD,HARYANA,D214,FATEHABAD,1.62
28-06-2025,29.5,75.5,FATEHABAD,HARYANA,D214,FATEHABAD,1.59
29-06-2025,29.5,75.5,FATEHABAD,HARYANA,D214,FATEHABAD,1.33
30-06-2025,29.5,75.5,FATEHABAD,HARYANA,D214,FATEHABAD,1.57
01-07-2025,29.5,75.5,FATEHABAD,HARYANA,D214,FATEHABAD,1.62
02-07-2025,29.5,75.5,FATEHABAD,HARYANA,D214,FATEHABAD,1.6
03-07-2025,29.5,75.5,FATEHABAD,HARYANA,D214,FATEHABAD,1.5
04-07-2025,29.5,75.5,FATEHABAD,HARYANA,D214,FATEHABAD,1.5
05-07-2025,29.5,75.5,FATEHABAD,HARYANA,D214,FATEHABAD,1.55
06-07-2025,29.5,75.5,FATEHABAD,HARYANA,D214,FATEHABAD,1.52
07-07-2025,29.5,75.5,FATEHABAD,HARYANA,D214,FATEHABAD,1.38
08-07-2025,29.5,75.5,FATEHABAD,HARYANA,D214,FATEHABAD,1.5
09-07-2025,29.5,75.5,FATEHABAD,HARYANA,D214,FATEHABAD,1.32
10-07-2025,29.5,75.5,FATEHABAD,HARYANA,D214,FATEHABAD,1.48
11-07-2025,29.5,75.5,FATEHABAD,HARYANA,D214,FATEHABAD,1.74
12-07-2025,29.5,75.5,FATEHABAD,HARYANA,D214,FATEHABAD,1.35
13-07-2025,29.5,75.5,FATEHABAD,HARYANA,D214,FATEHABAD,1.45
14-07-2025,29.5,75.5,FATEHABAD,HARYANA,D214,FATEHABAD,1.24
15-07-2025,29.5,75.5,FATEHABAD,HARYANA,D214,FATEHABAD,1.1
16-07-2025,29.5,75.5,FATEHABAD,HARYANA,D214,FATEHABAD,1.2
17-07-2025,29.5,75.5,FATEHABAD,HARYANA,D214,FATEHABAD,1.28
18-07-2025,29.5,75.5,FATEHABAD,HARYANA,D214,FATEHABAD,1.23
19-07-2025,29.5,75.5,FATEHABAD,HARYANA,D214,FATEHABAD,1.19
20-07-2025,29.5,75.5,FATEHABAD,HARYANA,D214,FATEHABAD,1.2
21-07-2025,29.5,75.5,FATEHABAD,HARYANA,D214,FATEHABAD,1.4
22-07-2025,29.5,75.5,FATEHABAD,HARYANA,D214,FATEHABAD,1.25
23-07-2025,29.5,75.5,FATEHABAD,HARYANA,D214,FATEHABAD,1.1
24-07-2025,29.5,75.5,FATEHABAD,HARYANA,D214,FATEHABAD,1.1
25-07-2025,29.5,75.5,FATEHABAD,HARYANA,D214,FATEHABAD,0.89
26-07-2025,29.5,75.5,FATEHABAD,HARYANA,D214,FATEHABAD,1.05
27-07-2025,29.5,75.5,FATEHABAD,HARYANA,D214,FATEHABAD,1.02
28-07-2025,29.5,75.5,FATEHABAD,HARYANA,D214,FATEHABAD,1.17
29-07-2025,29.5,75.5,FATEHABAD,HARYANA,D214,FATEHABAD,1.12
30-07-2025,29.5,75.5,FATEHABAD,HARYANA,D214,FATEHABAD,0.97
31-07-2025,29.5,75.5,FATEHABAD,HARYANA,D214,FATEHABAD,1.07
01-08-2025,29.5,75.5,FATEHABAD,HARYANA,D214,FATEHABAD,0.88
02-08-2025,29.5,75.5,FATEHABAD,HARYANA,D214,FATEHABAD,0.99
03-08-2025,29.5,75.5,FATEHABAD,HARYANA,D214,FATEHABAD,1.24
04-08-2025,29.5,75.5,FATEHABAD,HARYANA,D214,FATEHABAD,1.11
05-08-2025,29.5,75.5,FATEHABAD,HARYANA,D214,FATEHABAD,0.95
06-08-2025,29.5,75.5,FATEHABAD,HARYANA,D214,FATEHABAD,0.85
07-08-2025,29.5,75.5,FATEHABAD,HARYANA,D214,FATEHABAD,1.01
08-08-2025,29.5,75.5,FATEHABAD,HARYANA,D214,FATEHABAD,0.95
09-08-2025,29.5,75.5,FATEHABAD,HARYANA,D214,FATEHABAD,0.86
10-08-2025,29.5,75.5,FATEHABAD,HARYANA,D214,FATEHABAD,0.86
11-08-2025,29.5,75.5,FATEHABAD,HARYANA,D214,FATEHABAD,0.89
12-08-2025,29.5,75.5,FATEHABAD,HARYANA,D214,FATEHABAD,0.73
13-08-2025,29.5,75.5,FATEHABAD,HARYANA,D214,FATEHABAD,0.94
14-08-2025,29.5,75.5,FATEHABAD,HARYANA,D214,FATEHABAD,0.93
15-08-2025,29.5,75.5,FATEHABAD,HARYANA,D214,FATEHABAD,0.83
16-08-2025,29.5,75.5,FATEHABAD,HARYANA,D214,FATEHABAD,0.86
17-08-2025,29.5,75.5,FATEHABAD,HARYANA,D214,FATEHABAD,0.88
18-08-2025,29.5,75.5,FATEHABAD,HARYANA,D214,FATEHABAD,1.06
19-08-2025,29.5,75.5,FATEHABAD,HARYANA,D214,FATEHABAD,0.88
20-08-2025,29.5,75.5,FATEHABAD,HARYANA,D214,FATEHABAD,0.99
21-08-2025,29.5,75.5,FATEHABAD,HARYANA,D214,FATEHABAD,0.87
22-08-2025,29.5,75.5,FATEHABAD,HARYANA,D214,FATEHABAD,0.95
23-08-2025,29.5,75.5,FATEHABAD,HARYANA,D214,FATEHABAD,0.81
24-08-2025,29.5,75.5,FATEHABAD,HARYANA,D214,FATEHABAD,0.78
25-08-2025,29.5,75.5,FATEHABAD,HARYANA,D214,FATEHABAD,0.88
26-08-2025,29.5,75.5,FATEHABAD,HARYANA,D214,FATEHABAD,0.83
27-08-2025,29.5,75.5,FATEHABAD,HARYANA,D214,FATEHABAD,0.72
28-08-2025,29.5,75.5,FATEHABAD,HARYANA,D214,FATEHABAD,0.71
29-08-2025,29.5,75.5,FATEHABAD,HARYANA,D214,FATEHABAD,0.7
30-08-2025,29.5,75.5,FATEHABAD,HARYANA,D214,FATEHABAD,0.75
31-08-2025,29.5,75.5,FATEHABAD,HARYANA,D214,FATEHABAD,0.98
01-09-2025,29.5,75.5,FATEHABAD,HARYANA,D214,FATEHABAD,0.79
02-09-2025,29.5,75.5,FATEHABAD,HARYANA,D214,FATEHABAD,0.97
03-09-2025,29.5,75.5,FATEHABAD,HARYANA,D214,FATEHABAD,1.01
04-09-2025,29.5,75.5,FATEHABAD,HARYANA,D214,FATEHABAD,0.86
05-09-2025,29.5,75.5,FATEHABAD,HARYANA,D214,FATEHABAD,1.09
06-09-2025,29.5,75.5,FATEHABAD,HARYANA,D214,FATEHABAD,1.33
07-09-2025,29.5,75.5,FATEHABAD,HARYANA,D214,FATEHABAD,1.37
08-09-2025,29.5,75.5,FATEHABAD,HARYANA,D214,FATEHABAD,1.19
09-09-2025,29.5,75.5,FATEHABAD,HARYANA,D214,FATEHABAD,1.1
10-09-2025,29.5,75.5,FATEHABAD,HARYANA,D214,FATEHABAD,1.02
11-09-2025,29.5,75.5,FATEHABAD,HARYANA,D214,FATEHABAD,1.09
12-09-2025,29.5,75.5,FATEHABAD,HARYANA,D214,FATEHABAD,1.21
13-09-2025,29.5,75.5,FATEHABAD,HARYANA,D214,FATEHABAD,1.35
14-09-2025,29.5,75.5,FATEHABAD,HARYANA,D214,FATEHABAD,1.26
15-09-2025,29.5,75.5,FATEHABAD,HARYANA,D214,FATEHABAD,1.2
16-09-2025,29.5,75.5,FATEHABAD,HARYANA,D214,FATEHABAD,1.07
17-09-2025,29.5,75.5,FATEHABAD,HARYANA,D214,FATEHABAD,1.12
18-09-2025,29.5,75.5,FATEHABAD,HARYANA,D214,FATEHABAD,1.25
19-09-2025,29.5,75.5,FATEHABAD,HARYANA,D214,FATEHABAD,1.39
20-09-2025,29.5,75.5,FATEHABAD,HARYANA,D214,FATEHABAD,1.57
21-09-2025,29.5,75.5,FATEHABAD,HARYANA,D214,FATEHABAD,1.3
22-09-2025,29.5,75.5,FATEHABAD,HARYANA,D214,FATEHABAD,1.29
23-09-2025,29.5,75.5,FATEHABAD,HARYANA,D214,FATEHABAD,1.45
24-09-2025,29.5,75.5,FATEHABAD,HARYANA,D214,FATEHABAD,1.37
25-09-2025,29.5,75.5,FATEHABAD,HARYANA,D214,FATEHABAD,1.33
26-09-2025,29.5,75.5,FATEHABAD,HARYANA,D214,FATEHABAD,1.4
27-09-2025,29.5,75.5,FATEHABAD,HARYANA,D214,FATEHABAD,1.33
28-09-2025,29.5,75.5,FATEHABAD,HARYANA,D214,FATEHABAD,1.36
29-09-2025,29.5,75.5,FATEHABAD,HARYANA,D214,FATEHABAD,1.53
30-09-2025,29.5,75.5,FATEHABAD,HARYANA,D214,FATEHABAD,1.63
01-10-2025,29.5,75.5,FATEHABAD,HARYANA,D214,FATEHABAD,1.75
02-10-2025,29.5,75.5,FATEHABAD,HARYANA,D214,FATEHABAD,2.05
03-10-2025,29.5,75.5,FATEHABAD,HARYANA,D214,FATEHABAD,1.95
04-10-2025,29.5,75.5,FATEHABAD,HARYANA,D214,FATEHABAD,1.95
05-10-2025,29.5,75.5,FATEHABAD,HARYANA,D214,FATEHABAD,1.74
06-10-2025,29.5,75.5,FATEHABAD,HARYANA,D214,FATEHABAD,1.47
07-10-2025,29.5,75.5,FATEHABAD,HARYANA,D214,FATEHABAD,1.69
08-10-2025,29.5,75.5,FATEHABAD,HARYANA,D214,FATEHABAD,1.62
09-10-2025,29.5,75.5,FATEHABAD,HARYANA,D214,FATEHABAD,1.76
10-10-2025,29.5,75.5,FATEHABAD,HARYANA,D214,FATEHABAD,1.57
11-10-2025,29.5,75.5,FATEHABAD,HARYANA,D214,FATEHABAD,1.47
12-10-2025,29.5,75.5,FATEHABAD,HARYANA,D214,FATEHABAD,1.48
13-10-2025,29.5,75.5,FATEHABAD,HARYANA,D214,FATEHABAD,1.59
14-10-2025,29.5,75.5,FATEHABAD,HARYANA,D214,FATEHABAD,1.56
15-10-2025,29.5,75.5,FATEHABAD,HARYANA,D214,FATEHABAD,1.54
16-10-2025,29.5,75.5,FATEHABAD,HARYANA,D214,FATEHABAD,1.44
17-10-2025,29.5,75.5,FATEHABAD,HARYANA,D214,FATEHABAD,1.61
18-10-2025,29.5,75.5,FATEHABAD,HARYANA,D214,FATEHABAD,1.57
19-10-2025,29.5,75.5,FATEHABAD,HARYANA,D214,FATEHABAD,1.56
20-10-2025,29.5,75.5,FATEHABAD,HARYANA,D214,FATEHABAD,1.47
21-10-2025,29.5,75.5,FATEHABAD,HARYANA,D214,FATEHABAD,1.54
22-10-2025,29.5,75.5,FATEHABAD,HARYANA,D214,FATEHABAD,1.44
23-10-2025,29.5,75.5,FATEHABAD,HARYANA,D214,FATEHABAD,1.56
24-10-2025,29.5,75.5,FATEHABAD,HARYANA,D214,FATEHABAD,1.5
25-10-2025,29.5,75.5,FATEHABAD,HARYANA,D214,FATEHABAD,1.68
26-10-2025,29.5,75.5,FATEHABAD,HARYANA,D214,FATEHABAD,1.35
27-10-2025,29.5,75.5,FATEHABAD,HARYANA,D214,FATEHABAD,1.34
28-10-2025,29.5,75.5,FATEHABAD,HARYANA,D214,FATEHABAD,1.74
29-10-2025,29.5,75.5,FATEHABAD,HARYANA,D214,FATEHABAD,1.81
30-10-2025,29.5,75.5,FATEHABAD,HARYANA,D214,FATEHABAD,1.82
31-10-2025,29.5,75.5,FATEHABAD,HARYANA,D214,FATEHABAD,1.83
01-11-2025,29.5,75.5,FATEHABAD,HARYANA,D214,FATEHABAD,1.68
02-11-2025,29.5,75.5,FATEHABAD,HARYANA,D214,FATEHABAD,1.6
03-11-2025,29.5,75.5,FATEHABAD,HARYANA,D214,FATEHABAD,1.64
04-11-2025,29.5,75.5,FATEHABAD,HARYANA,D214,FATEHABAD,1.5
05-11-2025,29.5,75.5,FATEHABAD,HARYANA,D214,FATEHABAD,1.85
06-11-2025,29.5,75.5,FATEHABAD,HARYANA,D214,FATEHABAD,1.8
07-11-2025,29.5,75.5,FATEHABAD,HARYANA,D214,FATEHABAD,1.86
08-11-2025,29.5,75.5,FATEHABAD,HARYANA,D214,FATEHABAD,2.13
09-11-2025,29.5,75.5,FATEHABAD,HARYANA,D214,FATEHABAD,1.99
10-11-2025,29.5,75.5,FATEHABAD,HARYANA,D214,FATEHABAD,2.05
11-11-2025,29.5,75.5,FATEHABAD,HARYANA,D214,FATEHABAD,1.79
12-11-2025,29.5,75.5,FATEHABAD,HARYANA,D214,FATEHABAD,1.57
13-11-2025,29.5,75.5,FATEHABAD,HARYANA,D214,FATEHABAD,1.68
14-11-2025,29.5,75.5,FATEHABAD,HARYANA,D214,FATEHABAD,2
15-11-2025,29.5,75.5,FATEHABAD,HARYANA,D214,FATEHABAD,1.95
16-11-2025,29.5,75.5,FATEHABAD,HARYANA,D214,FATEHABAD,1.94
17-11-2025,29.5,75.5,FATEHABAD,HARYANA,D214,FATEHABAD,1.95
18-11-2025,29.5,75.5,FATEHABAD,HARYANA,D214,FATEHABAD,1.96
19-11-2025,29.5,75.5,FATEHABAD,HARYANA,D214,FATEHABAD,1.57
20-11-2025,29.5,75.5,FATEHABAD,HARYANA,D214,FATEHABAD,1.54
21-11-2025,29.5,75.5,FATEHABAD,HARYANA,D214,FATEHABAD,1.46
22-11-2025,29.5,75.5,FATEHABAD,HARYANA,D214,FATEHABAD,1.75
23-11-2025,29.5,75.5,FATEHABAD,HARYANA,D214,FATEHABAD,2.12
24-11-2025,29.5,75.5,FATEHABAD,HARYANA,D214,FATEHABAD,1.91
25-11-2025,29.5,75.5,FATEHABAD,HARYANA,D214,FATEHABAD,1.89
26-11-2025,29.5,75.5,FATEHABAD,HARYANA,D214,FATEHABAD,1.98
27-11-2025,29.5,75.5,FATEHABAD,HARYANA,D214,FATEHABAD,1.94
28-11-2025,29.5,75.5,FATEHABAD,HARYANA,D214,FATEHABAD,1.85
29-11-2025,29.5,75.5,FATEHABAD,HARYANA,D214,FATEHABAD,1.85
30-11-2025,29.5,75.5,FATEHABAD,HARYANA,D214,FATEHABAD,1.91
01-12-2025,29.5,75.5,FATEHABAD,HARYANA,D214,FATEHABAD,2.17
02-12-2025,29.5,75.5,FATEHABAD,HARYANA,D214,FATEHABAD,2.11
03-12-2025,29.5,75.5,FATEHABAD,HARYANA,D214,FATEHABAD,1.98
04-12-2025,29.5,75.5,FATEHABAD,HARYANA,D214,FATEHABAD,1.92
05-12-2025,29.5,75.5,FATEHABAD,HARYANA,D214,FATEHABAD,1.88
06-12-2025,29.5,75.5,FATEHABAD,HARYANA,D214,FATEHABAD,1.72
07-12-2025,29.5,75.5,FATEHABAD,HARYANA,D214,FATEHABAD,1.87
08-12-2025,29.5,75.5,FATEHABAD,HARYANA,D214,FATEHABAD,1.91
09-12-2025,29.5,75.5,FATEHABAD,HARYANA,D214,FATEHABAD,2.46
10-12-2025,29.5,75.5,FATEHABAD,HARYANA,D214,FATEHABAD,2.21
11-12-2025,29.5,75.5,FATEHABAD,HARYANA,D214,FATEHABAD,2.5
12-12-2025,29.5,75.5,FATEHABAD,HARYANA,D214,FATEHABAD,2.43
13-12-2025,29.5,75.5,FATEHABAD,HARYANA,D214,FATEHABAD,2.29
14-12-2025,29.5,75.5,FATEHABAD,HARYANA,D214,FATEHABAD,1.94
15-12-2025,29.5,75.5,FATEHABAD,HARYANA,D214,FATEHABAD,2.29
16-12-2025,29.5,75.5,FATEHABAD,HARYANA,D214,FATEHABAD,2.25
17-12-2025,29.5,75.5,FATEHABAD,HARYANA,D214,FATEHABAD,1.99
18-12-2025,29.5,75.5,FATEHABAD,HARYANA,D214,FATEHABAD,2.25
19-12-2025,29.5,75.5,FATEHABAD,HARYANA,D214,FATEHABAD,2.59
20-12-2025,29.5,75.5,FATEHABAD,HARYANA,D214,FATEHABAD,2.44
21-12-2025,29.5,75.5,FATEHABAD,HARYANA,D214,FATEHABAD,2.31
22-12-2025,29.5,75.5,FATEHABAD,HARYANA,D214,FATEHABAD,2.14
23-12-2025,29.5,75.5,FATEHABAD,HARYANA,D214,FATEHABAD,1.95
24-12-2025,29.5,75.5,FATEHABAD,HARYANA,D214,FATEHABAD,1.85
25-12-2025,29.5,75.5,FATEHABAD,HARYANA,D214,FATEHABAD,1.72
26-12-2025,29.5,75.5,FATEHABAD,HARYANA,D214,FATEHABAD,1.82
27-12-2025,29.5,75.5,FATEHABAD,HARYANA,D214,FATEHABAD,1.96
28-12-2025,29.5,75.5,FATEHABAD,HARYANA,D214,FATEHABAD,1.92
29-12-2025,29.5,75.5,FATEHABAD,HARYANA,D214,FATEHABAD,1.9
30-12-2025,29.5,75.5,FATEHABAD,HARYANA,D214,FATEHABAD,2.19
31-12-2025,29.5,75.5,FATEHABAD,HARYANA,D214,FATEHABAD,2.22
01-01-2025,28.5,76.5,JHAJJAR,HARYANA,D217,JHAJJAR,2.36
02-01-2025,28.5,76.5,JHAJJAR,HARYANA,D217,JHAJJAR,1.97
03-01-2025,28.5,76.5,JHAJJAR,HARYANA,D217,JHAJJAR,2.27
04-01-2025,28.5,76.5,JHAJJAR,HARYANA,D217,JHAJJAR,1.86
05-01-2025,28.5,76.5,JHAJJAR,HARYANA,D217,JHAJJAR,2.51
06-01-2025,28.5,76.5,JHAJJAR,HARYANA,D217,JHAJJAR,2.93
07-01-2025,28.5,76.5,JHAJJAR,HARYANA,D217,JHAJJAR,3.11
08-01-2025,28.5,76.5,JHAJJAR,HARYANA,D217,JHAJJAR,3.01
09-01-2025,28.5,76.5,JHAJJAR,HARYANA,D217,JHAJJAR,2.53
10-01-2025,28.5,76.5,JHAJJAR,HARYANA,D217,JHAJJAR,2.1
11-01-2025,28.5,76.5,JHAJJAR,HARYANA,D217,JHAJJAR,1.87
12-01-2025,28.5,76.5,JHAJJAR,HARYANA,D217,JHAJJAR,2.32
13-01-2025,28.5,76.5,JHAJJAR,HARYANA,D217,JHAJJAR,2.4
14-01-2025,28.5,76.5,JHAJJAR,HARYANA,D217,JHAJJAR,2.32
15-01-2025,28.5,76.5,JHAJJAR,HARYANA,D217,JHAJJAR,2.42
16-01-2025,28.5,76.5,JHAJJAR,HARYANA,D217,JHAJJAR,2.7
17-01-2025,28.5,76.5,JHAJJAR,HARYANA,D217,JHAJJAR,2.9
18-01-2025,28.5,76.5,JHAJJAR,HARYANA,D217,JHAJJAR,2.74
19-01-2025,28.5,76.5,JHAJJAR,HARYANA,D217,JHAJJAR,1.96
20-01-2025,28.5,76.5,JHAJJAR,HARYANA,D217,JHAJJAR,1.84
21-01-2025,28.5,76.5,JHAJJAR,HARYANA,D217,JHAJJAR,2.29
22-01-2025,28.5,76.5,JHAJJAR,HARYANA,D217,JHAJJAR,2.56
23-01-2025,28.5,76.5,JHAJJAR,HARYANA,D217,JHAJJAR,2.69
24-01-2025,28.5,76.5,JHAJJAR,HARYANA,D217,JHAJJAR,2.24
25-01-2025,28.5,76.5,JHAJJAR,HARYANA,D217,JHAJJAR,2.14
26-01-2025,28.5,76.5,JHAJJAR,HARYANA,D217,JHAJJAR,2.28
27-01-2025,28.5,76.5,JHAJJAR,HARYANA,D217,JHAJJAR,1.87
28-01-2025,28.5,76.5,JHAJJAR,HARYANA,D217,JHAJJAR,2.23
29-01-2025,28.5,76.5,JHAJJAR,HARYANA,D217,JHAJJAR,2.22
30-01-2025,28.5,76.5,JHAJJAR,HARYANA,D217,JHAJJAR,2.42
31-01-2025,28.5,76.5,JHAJJAR,HARYANA,D217,JHAJJAR,2.39
01-02-2025,28.5,76.5,JHAJJAR,HARYANA,D217,JHAJJAR,2.2
02-02-2025,28.5,76.5,JHAJJAR,HARYANA,D217,JHAJJAR,2.37
03-02-2025,28.5,76.5,JHAJJAR,HARYANA,D217,JHAJJAR,1.95
04-02-2025,28.5,76.5,JHAJJAR,HARYANA,D217,JHAJJAR,2.54
05-02-2025,28.5,76.5,JHAJJAR,HARYANA,D217,JHAJJAR,2.59
06-02-2025,28.5,76.5,JHAJJAR,HARYANA,D217,JHAJJAR,2.38
07-02-2025,28.5,76.5,JHAJJAR,HARYANA,D217,JHAJJAR,2.64
08-02-2025,28.5,76.5,JHAJJAR,HARYANA,D217,JHAJJAR,2.16
09-02-2025,28.5,76.5,JHAJJAR,HARYANA,D217,JHAJJAR,2.6
10-02-2025,28.5,76.5,JHAJJAR,HARYANA,D217,JHAJJAR,2.64
11-02-2025,28.5,76.5,JHAJJAR,HARYANA,D217,JHAJJAR,2.42
12-02-2025,28.5,76.5,JHAJJAR,HARYANA,D217,JHAJJAR,2.27
13-02-2025,28.5,76.5,JHAJJAR,HARYANA,D217,JHAJJAR,2.44
14-02-2025,28.5,76.5,JHAJJAR,HARYANA,D217,JHAJJAR,2.44
15-02-2025,28.5,76.5,JHAJJAR,HARYANA,D217,JHAJJAR,2.22
16-02-2025,28.5,76.5,JHAJJAR,HARYANA,D217,JHAJJAR,2.06
17-02-2025,28.5,76.5,JHAJJAR,HARYANA,D217,JHAJJAR,2.5
18-02-2025,28.5,76.5,JHAJJAR,HARYANA,D217,JHAJJAR,2.37
19-02-2025,28.5,76.5,JHAJJAR,HARYANA,D217,JHAJJAR,2.21
20-02-2025,28.5,76.5,JHAJJAR,HARYANA,D217,JHAJJAR,2.83
21-02-2025,28.5,76.5,JHAJJAR,HARYANA,D217,JHAJJAR,2.23
22-02-2025,28.5,76.5,JHAJJAR,HARYANA,D217,JHAJJAR,2.08
23-02-2025,28.5,76.5,JHAJJAR,HARYANA,D217,JHAJJAR,2.46
24-02-2025,28.5,76.5,JHAJJAR,HARYANA,D217,JHAJJAR,2.32
25-02-2025,28.5,76.5,JHAJJAR,HARYANA,D217,JHAJJAR,2.38
26-02-2025,28.5,76.5,JHAJJAR,HARYANA,D217,JHAJJAR,2.3
27-02-2025,28.5,76.5,JHAJJAR,HARYANA,D217,JHAJJAR,2.61
28-02-2025,28.5,76.5,JHAJJAR,HARYANA,D217,JHAJJAR,2.51
29-02-2025,28.5,76.5,JHAJJAR,HARYANA,D217,JHAJJAR,2.06
01-03-2025,28.5,76.5,JHAJJAR,HARYANA,D217,JHAJJAR,2.36
02-03-2025,28.5,76.5,JHAJJAR,HARYANA,D217,JHAJJAR,2.06
03-03-2025,28.5,76.5,JHAJJAR,HARYANA,D217,JHAJJAR,2.07
04-03-2025,28.5,76.5,JHAJJAR,HARYANA,D217,JHAJJAR,2.64
05-03-2025,28.5,76.5,JHAJJAR,HARYANA,D217,JHAJJAR,2.7
06-03-2025,28.5,76.5,JHAJJAR,HARYANA,D217,JHAJJAR,2.24
07-03-2025,28.5,76.5,JHAJJAR,HARYANA,D217,JHAJJAR,2.22
08-03-2025,28.5,76.5,JHAJJAR,HARYANA,D217,JHAJJAR,2.14
09-03-2025,28.5,76.5,JHAJJAR,HARYANA,D217,JHAJJAR,2.15
10-03-2025,28.5,76.5,JHAJJAR,HARYANA,D217,JHAJJAR,2.28
11-03-2025,28.5,76.5,JHAJJAR,HARYANA,D217,JHAJJAR,2.1
12-03-2025,28.5,76.5,JHAJJAR,HARYANA,D217,JHAJJAR,2.27
13-03-2025,28.5,76.5,JHAJJAR,HARYANA,D217,JHAJJAR,2.2
14-03-2025,28.5,76.5,JHAJJAR,HARYANA,D217,JHAJJAR,2.19
15-03-2025,28.5,76.5,JHAJJAR,HARYANA,D217,JHAJJAR,2.32
16-03-2025,28.5,76.5,JHAJJAR,HARYANA,D217,JHAJJAR,2.34
17-03-2025,28.5,76.5,JHAJJAR,HARYANA,D217,JHAJJAR,1.99
18-03-2025,28.5,76.5,JHAJJAR,HARYANA,D217,JHAJJAR,2.17
19-03-2025,28.5,76.5,JHAJJAR,HARYANA,D217,JHAJJAR,2.04
20-03-2025,28.5,76.5,JHAJJAR,HARYANA,D217,JHAJJAR,1.93
21-03-2025,28.5,76.5,JHAJJAR,HARYANA,D217,JHAJJAR,1.8
22-03-2025,28.5,76.5,JHAJJAR,HARYANA,D217,JHAJJAR,2.16
23-03-2025,28.5,76.5,JHAJJAR,HARYANA,D217,JHAJJAR,2.02
24-03-2025,28.5,76.5,JHAJJAR,HARYANA,D217,JHAJJAR,2.04
25-03-2025,28.5,76.5,JHAJJAR,HARYANA,D217,JHAJJAR,1.85
26-03-2025,28.5,76.5,JHAJJAR,HARYANA,D217,JHAJJAR,1.73
27-03-2025,28.5,76.5,JHAJJAR,HARYANA,D217,JHAJJAR,1.6
28-03-2025,28.5,76.5,JHAJJAR,HARYANA,D217,JHAJJAR,1.72
29-03-2025,28.5,76.5,JHAJJAR,HARYANA,D217,JHAJJAR,2.14
30-03-2025,28.5,76.5,JHAJJAR,HARYANA,D217,JHAJJAR,2.04
31-03-2025,28.5,76.5,JHAJJAR,HARYANA,D217,JHAJJAR,1.91
01-04-2025,28.5,76.5,JHAJJAR,HARYANA,D217,JHAJJAR,2.16
02-04-2025,28.5,76.5,JHAJJAR,HARYANA,D217,JHAJJAR,2.15
03-04-2025,28.5,76.5,JHAJJAR,HARYANA,D217,JHAJJAR,2.5
04-04-2025,28.5,76.5,JHAJJAR,HARYANA,D217,JHAJJAR,2.36
05-04-2025,28.5,76.5,JHAJJAR,HARYANA,D217,JHAJJAR,2.11
06-04-2025,28.5,76.5,JHAJJAR,HARYANA,D217,JHAJJAR,2.25
07-04-2025,28.5,76.5,JHAJJAR,HARYANA,D217,JHAJJAR,2.02
08-04-2025,28.5,76.5,JHAJJAR,HARYANA,D217,JHAJJAR,2.2
09-04-2025,28.5,76.5,JHAJJAR,HARYANA,D217,JHAJJAR,2.41
10-04-2025,28.5,76.5,JHAJJAR,HARYANA,D217,JHAJJAR,2.52
11-04-2025,28.5,76.5,JHAJJAR,HARYANA,D217,JHAJJAR,2.1
12-04-2025,28.5,76.5,JHAJJAR,HARYANA,D217,JHAJJAR,2.13
13-04-2025,28.5,76.5,JHAJJAR,HARYANA,D217,JHAJJAR,2.02
14-04-2025,28.5,76.5,JHAJJAR,HARYANA,D217,JHAJJAR,1.8
15-04-2025,28.5,76.5,JHAJJAR,HARYANA,D217,JHAJJAR,1.82
16-04-2025,28.5,76.5,JHAJJAR,HARYANA,D217,JHAJJAR,1.8
17-04-2025,28.5,76.5,JHAJJAR,HARYANA,D217,JHAJJAR,2.64
18-04-2025,28.5,76.5,JHAJJAR,HARYANA,D217,JHAJJAR,2.7
19-04-2025,28.5,76.5,JHAJJAR,HARYANA,D217,JHAJJAR,2.84
20-04-2025,28.5,76.5,JHAJJAR,HARYANA,D217,JHAJJAR,2.7
21-04-2025,28.5,76.5,JHAJJAR,HARYANA,D217,JHAJJAR,3.02
22-04-2025,28.5,76.5,JHAJJAR,HARYANA,D217,JHAJJAR,2.28
23-04-2025,28.5,76.5,JHAJJAR,HARYANA,D217,JHAJJAR,1.95
24-04-2025,28.5,76.5,JHAJJAR,HARYANA,D217,JHAJJAR,2.17
25-04-2025,28.5,76.5,JHAJJAR,HARYANA,D217,JHAJJAR,1.81
26-04-2025,28.5,76.5,JHAJJAR,HARYANA,D217,JHAJJAR,1.55
27-04-2025,28.5,76.5,JHAJJAR,HARYANA,D217,JHAJJAR,1.77
28-04-2025,28.5,76.5,JHAJJAR,HARYANA,D217,JHAJJAR,1.94
29-04-2025,28.5,76.5,JHAJJAR,HARYANA,D217,JHAJJAR,1.66
30-04-2025,28.5,76.5,JHAJJAR,HARYANA,D217,JHAJJAR,1.95
01-05-2025,28.5,76.5,JHAJJAR,HARYANA,D217,JHAJJAR,2.28
02-05-2025,28.5,76.5,JHAJJAR,HARYANA,D217,JHAJJAR,2.47
03-05-2025,28.5,76.5,JHAJJAR,HARYANA,D217,JHAJJAR,2.53
04-05-2025,28.5,76.5,JHAJJAR,HARYANA,D217,JHAJJAR,2.45
05-05-2025,28.5,76.5,JHAJJAR,HARYANA,D217,JHAJJAR,2.2
06-05-2025,28.5,76.5,JHAJJAR,HARYANA,D217,JHAJJAR,2.06
07-05-2025,28.5,76.5,JHAJJAR,HARYANA,D217,JHAJJAR,2
08-05-2025,28.5,76.5,JHAJJAR,HARYANA,D217,JHAJJAR,2.16
09-05-2025,28.5,76.5,JHAJJAR,HARYANA,D217,JHAJJAR,2.09
10-05-2025,28.5,76.5,JHAJJAR,HARYANA,D217,JHAJJAR,2.58
11-05-2025,28.5,76.5,JHAJJAR,HARYANA,D217,JHAJJAR,2.25
12-05-2025,28.5,76.5,JHAJJAR,HARYANA,D217,JHAJJAR,2.35
13-05-2025,28.5,76.5,JHAJJAR,HARYANA,D217,JHAJJAR,2.4
14-05-2025,28.5,76.5,JHAJJAR,HARYANA,D217,JHAJJAR,2.41
15-05-2025,28.5,76.5,JHAJJAR,HARYANA,D217,JHAJJAR,2.19
16-05-2025,28.5,76.5,JHAJJAR,HARYANA,D217,JHAJJAR,2.53
17-05-2025,28.5,76.5,JHAJJAR,HARYANA,D217,JHAJJAR,2.13
18-05-2025,28.5,76.5,JHAJJAR,HARYANA,D217,JHAJJAR,2.44
19-05-2025,28.5,76.5,JHAJJAR,HARYANA,D217,JHAJJAR,2.34
20-05-2025,28.5,76.5,JHAJJAR,HARYANA,D217,JHAJJAR,2.8
21-05-2025,28.5,76.5,JHAJJAR,HARYANA,D217,JHAJJAR,2.39
22-05-2025,28.5,76.5,JHAJJAR,HARYANA,D217,JHAJJAR,2.37
23-05-2025,28.5,76.5,JHAJJAR,HARYANA,D217,JHAJJAR,2.42
24-05-2025,28.5,76.5,JHAJJAR,HARYANA,D217,JHAJJAR,2.72
25-05-2025,28.5,76.5,JHAJJAR,HARYANA,D217,JHAJJAR,2.53
26-05-2025,28.5,76.5,JHAJJAR,HARYANA,D217,JHAJJAR,2.57
27-05-2025,28.5,76.5,JHAJJAR,HARYANA,D217,JHAJJAR,2.48
28-05-2025,28.5,76.5,JHAJJAR,HARYANA,D217,JHAJJAR,2.71
29-05-2025,28.5,76.5,JHAJJAR,HARYANA,D217,JHAJJAR,2.41
30-05-2025,28.5,76.5,JHAJJAR,HARYANA,D217,JHAJJAR,2.54
31-05-2025,28.5,76.5,JHAJJAR,HARYANA,D217,JHAJJAR,2.35
01-06-2025,28.5,76.5,JHAJJAR,HARYANA,D217,JHAJJAR,2.63
02-06-2025,28.5,76.5,JHAJJAR,HARYANA,D217,JHAJJAR,2.38
03-06-2025,28.5,76.5,JHAJJAR,HARYANA,D217,JHAJJAR,2.45
04-06-2025,28.5,76.5,JHAJJAR,HARYANA,D217,JHAJJAR,2.49
05-06-2025,28.5,76.5,JHAJJAR,HARYANA,D217,JHAJJAR,2.75
06-06-2025,28.5,76.5,JHAJJAR,HARYANA,D217,JHAJJAR,2.24
07-06-2025,28.5,76.5,JHAJJAR,HARYANA,D217,JHAJJAR,1.97
08-06-2025,28.5,76.5,JHAJJAR,HARYANA,D217,JHAJJAR,2.35
09-06-2025,28.5,76.5,JHAJJAR,HARYANA,D217,JHAJJAR,2.03
10-06-2025,28.5,76.5,JHAJJAR,HARYANA,D217,JHAJJAR,2.13
11-06-2025,28.5,76.5,JHAJJAR,HARYANA,D217,JHAJJAR,2.12
12-06-2025,28.5,76.5,JHAJJAR,HARYANA,D217,JHAJJAR,1.72
13-06-2025,28.5,76.5,JHAJJAR,HARYANA,D217,JHAJJAR,1.88
14-06-2025,28.5,76.5,JHAJJAR,HARYANA,D217,JHAJJAR,1.9
15-06-2025,28.5,76.5,JHAJJAR,HARYANA,D217,JHAJJAR,1.65
16-06-2025,28.5,76.5,JHAJJAR,HARYANA,D217,JHAJJAR,2.06
17-06-2025,28.5,76.5,JHAJJAR,HARYANA,D217,JHAJJAR,2.35
18-06-2025,28.5,76.5,JHAJJAR,HARYANA,D217,JHAJJAR,2.38
19-06-2025,28.5,76.5,JHAJJAR,HARYANA,D217,JHAJJAR,2.18
20-06-2025,28.5,76.5,JHAJJAR,HARYANA,D217,JHAJJAR,1.72
21-06-2025,28.5,76.5,JHAJJAR,HARYANA,D217,JHAJJAR,2.18
22-06-2025,28.5,76.5,JHAJJAR,HARYANA,D217,JHAJJAR,2.2
23-06-2025,28.5,76.5,JHAJJAR,HARYANA,D217,JHAJJAR,1.75
24-06-2025,28.5,76.5,JHAJJAR,HARYANA,D217,JHAJJAR,1.67
25-06-2025,28.5,76.5,JHAJJAR,HARYANA,D217,JHAJJAR,1.81
26-06-2025,28.5,76.5,JHAJJAR,HARYANA,D217,JHAJJAR,1.83
27-06-2025,28.5,76.5,JHAJJAR,HARYANA,D217,JHAJJAR,1.72
28-06-2025,28.5,76.5,JHAJJAR,HARYANA,D217,JHAJJAR,1.54
29-06-2025,28.5,76.5,JHAJJAR,HARYANA,D217,JHAJJAR,1.41
30-06-2025,28.5,76.5,JHAJJAR,HARYANA,D217,JHAJJAR,1.61
01-07-2025,28.5,76.5,JHAJJAR,HARYANA,D217,JHAJJAR,1.71
02-07-2025,28.5,76.5,JHAJJAR,HARYANA,D217,JHAJJAR,1.59
03-07-2025,28.5,76.5,JHAJJAR,HARYANA,D217,JHAJJAR,1.57
04-07-2025,28.5,76.5,JHAJJAR,HARYANA,D217,JHAJJAR,1.48
05-07-2025,28.5,76.5,JHAJJAR,HARYANA,D217,JHAJJAR,1.62
06-07-2025,28.5,76.5,JHAJJAR,HARYANA,D217,JHAJJAR,1.42
07-07-2025,28.5,76.5,JHAJJAR,HARYANA,D217,JHAJJAR,1.44
08-07-2025,28.5,76.5,JHAJJAR,HARYANA,D217,JHAJJAR,1.59
09-07-2025,28.5,76.5,JHAJJAR,HARYANA,D217,JHAJJAR,1.39
10-07-2025,28.5,76.5,JHAJJAR,HARYANA,D217,JHAJJAR,1.58
11-07-2025,28.5,76.5,JHAJJAR,HARYANA,D217,JHAJJAR,1.74
12-07-2025,28.5,76.5,JHAJJAR,HARYANA,D217,JHAJJAR,1.37
13-07-2025,28.5,76.5,JHAJJAR,HARYANA,D217,JHAJJAR,1.41
14-07-2025,28.5,76.5,JHAJJAR,HARYANA,D217,JHAJJAR,1.28
15-07-2025,28.5,76.5,JHAJJAR,HARYANA,D217,JHAJJAR,1.19
16-07-2025,28.5,76.5,JHAJJAR,HARYANA,D217,JHAJJAR,1.24
17-07-2025,28.5,76.5,JHAJJAR,HARYANA,D217,JHAJJAR,1.31
18-07-2025,28.5,76.5,JHAJJAR,HARYANA,D217,JHAJJAR,1.18
19-07-2025,28.5,76.5,JHAJJAR,HARYANA,D217,JHAJJAR,1.3
20-07-2025,28.5,76.5,JHAJJAR,HARYANA,D217,JHAJJAR,1.22
21-07-2025,28.5,76.5,JHAJJAR,HARYANA,D217,JHAJJAR,1.31
22-07-2025,28.5,76.5,JHAJJAR,HARYANA,D217,JHAJJAR,1.22
23-07-2025,28.5,76.5,JHAJJAR,HARYANA,D217,JHAJJAR,1.13
24-07-2025,28.5,76.5,JHAJJAR,HARYANA,D217,JHAJJAR,1.13
25-07-2025,28.5,76.5,JHAJJAR,HARYANA,D217,JHAJJAR,1.04
26-07-2025,28.5,76.5,JHAJJAR,HARYANA,D217,JHAJJAR,0.98
27-07-2025,28.5,76.5,JHAJJAR,HARYANA,D217,JHAJJAR,1.1
28-07-2025,28.5,76.5,JHAJJAR,HARYANA,D217,JHAJJAR,1.22
29-07-2025,28.5,76.5,JHAJJAR,HARYANA,D217,JHAJJAR,1.2
30-07-2025,28.5,76.5,JHAJJAR,HARYANA,D217,JHAJJAR,1.06
31-07-2025,28.5,76.5,JHAJJAR,HARYANA,D217,JHAJJAR,1.24
01-08-2025,28.5,76.5,JHAJJAR,HARYANA,D217,JHAJJAR,0.97
02-08-2025,28.5,76.5,JHAJJAR,HARYANA,D217,JHAJJAR,0.97
03-08-2025,28.5,76.5,JHAJJAR,HARYANA,D217,JHAJJAR,1.18
04-08-2025,28.5,76.5,JHAJJAR,HARYANA,D217,JHAJJAR,0.99
05-08-2025,28.5,76.5,JHAJJAR,HARYANA,D217,JHAJJAR,0.86
06-08-2025,28.5,76.5,JHAJJAR,HARYANA,D217,JHAJJAR,0.85
07-08-2025,28.5,76.5,JHAJJAR,HARYANA,D217,JHAJJAR,0.96
08-08-2025,28.5,76.5,JHAJJAR,HARYANA,D217,JHAJJAR,1
09-08-2025,28.5,76.5,JHAJJAR,HARYANA,D217,JHAJJAR,0.94
10-08-2025,28.5,76.5,JHAJJAR,HARYANA,D217,JHAJJAR,0.88
11-08-2025,28.5,76.5,JHAJJAR,HARYANA,D217,JHAJJAR,0.85
12-08-2025,28.5,76.5,JHAJJAR,HARYANA,D217,JHAJJAR,0.69
13-08-2025,28.5,76.5,JHAJJAR,HARYANA,D217,JHAJJAR,0.74
14-08-2025,28.5,76.5,JHAJJAR,HARYANA,D217,JHAJJAR,0.73
15-08-2025,28.5,76.5,JHAJJAR,HARYANA,D217,JHAJJAR,0.8
16-08-2025,28.5,76.5,JHAJJAR,HARYANA,D217,JHAJJAR,0.87
17-08-2025,28.5,76.5,JHAJJAR,HARYANA,D217,JHAJJAR,0.83
18-08-2025,28.5,76.5,JHAJJAR,HARYANA,D217,JHAJJAR,1.03
19-08-2025,28.5,76.5,JHAJJAR,HARYANA,D217,JHAJJAR,0.79
20-08-2025,28.5,76.5,JHAJJAR,HARYANA,D217,JHAJJAR,0.99
21-08-2025,28.5,76.5,JHAJJAR,HARYANA,D217,JHAJJAR,0.92
22-08-2025,28.5,76.5,JHAJJAR,HARYANA,D217,JHAJJAR,0.98
23-08-2025,28.5,76.5,JHAJJAR,HARYANA,D217,JHAJJAR,0.87
24-08-2025,28.5,76.5,JHAJJAR,HARYANA,D217,JHAJJAR,0.79
25-08-2025,28.5,76.5,JHAJJAR,HARYANA,D217,JHAJJAR,0.83
26-08-2025,28.5,76.5,JHAJJAR,HARYANA,D217,JHAJJAR,0.76
27-08-2025,28.5,76.5,JHAJJAR,HARYANA,D217,JHAJJAR,0.74
28-08-2025,28.5,76.5,JHAJJAR,HARYANA,D217,JHAJJAR,0.76
29-08-2025,28.5,76.5,JHAJJAR,HARYANA,D217,JHAJJAR,0.78
30-08-2025,28.5,76.5,JHAJJAR,HARYANA,D217,JHAJJAR,0.77
31-08-2025,28.5,76.5,JHAJJAR,HARYANA,D217,JHAJJAR,0.89
01-09-2025,28.5,76.5,JHAJJAR,HARYANA,D217,JHAJJAR,0.87
02-09-2025,28.5,76.5,JHAJJAR,HARYANA,D217,JHAJJAR,1.01
03-09-2025,28.5,76.5,JHAJJAR,HARYANA,D217,JHAJJAR,0.89
04-09-2025,28.5,76.5,JHAJJAR,HARYANA,D217,JHAJJAR,0.89
05-09-2025,28.5,76.5,JHAJJAR,HARYANA,D217,JHAJJAR,1.08
06-09-2025,28.5,76.5,JHAJJAR,HARYANA,D217,JHAJJAR,1.13
07-09-2025,28.5,76.5,JHAJJAR,HARYANA,D217,JHAJJAR,1.22
08-09-2025,28.5,76.5,JHAJJAR,HARYANA,D217,JHAJJAR,1.04
09-09-2025,28.5,76.5,JHAJJAR,HARYANA,D217,JHAJJAR,0.93
10-09-2025,28.5,76.5,JHAJJAR,HARYANA,D217,JHAJJAR,0.95
11-09-2025,28.5,76.5,JHAJJAR,HARYANA,D217,JHAJJAR,1.06
12-09-2025,28.5,76.5,JHAJJAR,HARYANA,D217,JHAJJAR,1.1
13-09-2025,28.5,76.5,JHAJJAR,HARYANA,D217,JHAJJAR,1.19
14-09-2025,28.5,76.5,JHAJJAR,HARYANA,D217,JHAJJAR,1.18
15-09-2025,28.5,76.5,JHAJJAR,HARYANA,D217,JHAJJAR,1.04
16-09-2025,28.5,76.5,JHAJJAR,HARYANA,D217,JHAJJAR,1.03
17-09-2025,28.5,76.5,JHAJJAR,HARYANA,D217,JHAJJAR,1.02
18-09-2025,28.5,76.5,JHAJJAR,HARYANA,D217,JHAJJAR,1.17
19-09-2025,28.5,76.5,JHAJJAR,HARYANA,D217,JHAJJAR,1.28
20-09-2025,28.5,76.5,JHAJJAR,HARYANA,D217,JHAJJAR,1.33
21-09-2025,28.5,76.5,JHAJJAR,HARYANA,D217,JHAJJAR,1.21
22-09-2025,28.5,76.5,JHAJJAR,HARYANA,D217,JHAJJAR,1.23
23-09-2025,28.5,76.5,JHAJJAR,HARYANA,D217,JHAJJAR,1.44
24-09-2025,28.5,76.5,JHAJJAR,HARYANA,D217,JHAJJAR,1.28
25-09-2025,28.5,76.5,JHAJJAR,HARYANA,D217,JHAJJAR,1.23
26-09-2025,28.5,76.5,JHAJJAR,HARYANA,D217,JHAJJAR,1.14
27-09-2025,28.5,76.5,JHAJJAR,HARYANA,D217,JHAJJAR,1.16
28-09-2025,28.5,76.5,JHAJJAR,HARYANA,D217,JHAJJAR,1.26
29-09-2025,28.5,76.5,JHAJJAR,HARYANA,D217,JHAJJAR,1.49
30-09-2025,28.5,76.5,JHAJJAR,HARYANA,D217,JHAJJAR,1.56
01-10-2025,28.5,76.5,JHAJJAR,HARYANA,D217,JHAJJAR,1.62
02-10-2025,28.5,76.5,JHAJJAR,HARYANA,D217,JHAJJAR,2.03
03-10-2025,28.5,76.5,JHAJJAR,HARYANA,D217,JHAJJAR,1.76
04-10-2025,28.5,76.5,JHAJJAR,HARYANA,D217,JHAJJAR,1.84
05-10-2025,28.5,76.5,JHAJJAR,HARYANA,D217,JHAJJAR,1.6
06-10-2025,28.5,76.5,JHAJJAR,HARYANA,D217,JHAJJAR,1.43
07-10-2025,28.5,76.5,JHAJJAR,HARYANA,D217,JHAJJAR,1.6
08-10-2025,28.5,76.5,JHAJJAR,HARYANA,D217,JHAJJAR,1.56
09-10-2025,28.5,76.5,JHAJJAR,HARYANA,D217,JHAJJAR,1.66
10-10-2025,28.5,76.5,JHAJJAR,HARYANA,D217,JHAJJAR,1.62
11-10-2025,28.5,76.5,JHAJJAR,HARYANA,D217,JHAJJAR,1.5
12-10-2025,28.5,76.5,JHAJJAR,HARYANA,D217,JHAJJAR,1.49
13-10-2025,28.5,76.5,JHAJJAR,HARYANA,D217,JHAJJAR,1.52
14-10-2025,28.5,76.5,JHAJJAR,HARYANA,D217,JHAJJAR,1.69
15-10-2025,28.5,76.5,JHAJJAR,HARYANA,D217,JHAJJAR,1.64
16-10-2025,28.5,76.5,JHAJJAR,HARYANA,D217,JHAJJAR,1.35
17-10-2025,28.5,76.5,JHAJJAR,HARYANA,D217,JHAJJAR,1.6
18-10-2025,28.5,76.5,JHAJJAR,HARYANA,D217,JHAJJAR,1.61
19-10-2025,28.5,76.5,JHAJJAR,HARYANA,D217,JHAJJAR,1.63
20-10-2025,28.5,76.5,JHAJJAR,HARYANA,D217,JHAJJAR,1.49
21-10-2025,28.5,76.5,JHAJJAR,HARYANA,D217,JHAJJAR,1.53
22-10-2025,28.5,76.5,JHAJJAR,HARYANA,D217,JHAJJAR,1.48
23-10-2025,28.5,76.5,JHAJJAR,HARYANA,D217,JHAJJAR,1.45
24-10-2025,28.5,76.5,JHAJJAR,HARYANA,D217,JHAJJAR,1.44
25-10-2025,28.5,76.5,JHAJJAR,HARYANA,D217,JHAJJAR,1.7
26-10-2025,28.5,76.5,JHAJJAR,HARYANA,D217,JHAJJAR,1.34
27-10-2025,28.5,76.5,JHAJJAR,HARYANA,D217,JHAJJAR,1.24
28-10-2025,28.5,76.5,JHAJJAR,HARYANA,D217,JHAJJAR,1.58
29-10-2025,28.5,76.5,JHAJJAR,HARYANA,D217,JHAJJAR,1.67
30-10-2025,28.5,76.5,JHAJJAR,HARYANA,D217,JHAJJAR,1.65
31-10-2025,28.5,76.5,JHAJJAR,HARYANA,D217,JHAJJAR,1.65
01-11-2025,28.5,76.5,JHAJJAR,HARYANA,D217,JHAJJAR,1.61
02-11-2025,28.5,76.5,JHAJJAR,HARYANA,D217,JHAJJAR,1.54
03-11-2025,28.5,76.5,JHAJJAR,HARYANA,D217,JHAJJAR,1.67
04-11-2025,28.5,76.5,JHAJJAR,HARYANA,D217,JHAJJAR,1.61
05-11-2025,28.5,76.5,JHAJJAR,HARYANA,D217,JHAJJAR,1.89
06-11-2025,28.5,76.5,JHAJJAR,HARYANA,D217,JHAJJAR,1.88
07-11-2025,28.5,76.5,JHAJJAR,HARYANA,D217,JHAJJAR,2.05
08-11-2025,28.5,76.5,JHAJJAR,HARYANA,D217,JHAJJAR,2.19
09-11-2025,28.5,76.5,JHAJJAR,HARYANA,D217,JHAJJAR,2.12
10-11-2025,28.5,76.5,JHAJJAR,HARYANA,D217,JHAJJAR,2.15
11-11-2025,28.5,76.5,JHAJJAR,HARYANA,D217,JHAJJAR,1.8
12-11-2025,28.5,76.5,JHAJJAR,HARYANA,D217,JHAJJAR,1.63
13-11-2025,28.5,76.5,JHAJJAR,HARYANA,D217,JHAJJAR,1.6
14-11-2025,28.5,76.5,JHAJJAR,HARYANA,D217,JHAJJAR,2.11
15-11-2025,28.5,76.5,JHAJJAR,HARYANA,D217,JHAJJAR,2.06
16-11-2025,28.5,76.5,JHAJJAR,HARYANA,D217,JHAJJAR,2.01
17-11-2025,28.5,76.5,JHAJJAR,HARYANA,D217,JHAJJAR,2.06
18-11-2025,28.5,76.5,JHAJJAR,HARYANA,D217,JHAJJAR,2.03
19-11-2025,28.5,76.5,JHAJJAR,HARYANA,D217,JHAJJAR,1.7
20-11-2025,28.5,76.5,JHAJJAR,HARYANA,D217,JHAJJAR,1.51
21-11-2025,28.5,76.5,JHAJJAR,HARYANA,D217,JHAJJAR,1.28
22-11-2025,28.5,76.5,JHAJJAR,HARYANA,D217,JHAJJAR,1.63
23-11-2025,28.5,76.5,JHAJJAR,HARYANA,D217,JHAJJAR,1.94
24-11-2025,28.5,76.5,JHAJJAR,HARYANA,D217,JHAJJAR,1.75
25-11-2025,28.5,76.5,JHAJJAR,HARYANA,D217,JHAJJAR,1.89
26-11-2025,28.5,76.5,JHAJJAR,HARYANA,D217,JHAJJAR,2.15
27-11-2025,28.5,76.5,JHAJJAR,HARYANA,D217,JHAJJAR,1.92
28-11-2025,28.5,76.5,JHAJJAR,HARYANA,D217,JHAJJAR,1.85
29-11-2025,28.5,76.5,JHAJJAR,HARYANA,D217,JHAJJAR,1.73
30-11-2025,28.5,76.5,JHAJJAR,HARYANA,D217,JHAJJAR,1.84
01-12-2025,28.5,76.5,JHAJJAR,HARYANA,D217,JHAJJAR,2.21
02-12-2025,28.5,76.5,JHAJJAR,HARYANA,D217,JHAJJAR,2.25
03-12-2025,28.5,76.5,JHAJJAR,HARYANA,D217,JHAJJAR,2.03
04-12-2025,28.5,76.5,JHAJJAR,HARYANA,D217,JHAJJAR,2
05-12-2025,28.5,76.5,JHAJJAR,HARYANA,D217,JHAJJAR,2.02
06-12-2025,28.5,76.5,JHAJJAR,HARYANA,D217,JHAJJAR,1.94
07-12-2025,28.5,76.5,JHAJJAR,HARYANA,D217,JHAJJAR,1.99
08-12-2025,28.5,76.5,JHAJJAR,HARYANA,D217,JHAJJAR,1.89
09-12-2025,28.5,76.5,JHAJJAR,HARYANA,D217,JHAJJAR,2.51
10-12-2025,28.5,76.5,JHAJJAR,HARYANA,D217,JHAJJAR,2.23
11-12-2025,28.5,76.5,JHAJJAR,HARYANA,D217,JHAJJAR,2.67
12-12-2025,28.5,76.5,JHAJJAR,HARYANA,D217,JHAJJAR,2.6
13-12-2025,28.5,76.5,JHAJJAR,HARYANA,D217,JHAJJAR,2.41
14-12-2025,28.5,76.5,JHAJJAR,HARYANA,D217,JHAJJAR,2.08
15-12-2025,28.5,76.5,JHAJJAR,HARYANA,D217,JHAJJAR,2.46
16-12-2025,28.5,76.5,JHAJJAR,HARYANA,D217,JHAJJAR,2.43
17-12-2025,28.5,76.5,JHAJJAR,HARYANA,D217,JHAJJAR,2.04
18-12-2025,28.5,76.5,JHAJJAR,HARYANA,D217,JHAJJAR,2.22
19-12-2025,28.5,76.5,JHAJJAR,HARYANA,D217,JHAJJAR,2.64
20-12-2025,28.5,76.5,JHAJJAR,HARYANA,D217,JHAJJAR,2.64
21-12-2025,28.5,76.5,JHAJJAR,HARYANA,D217,JHAJJAR,2.44
22-12-2025,28.5,76.5,JHAJJAR,HARYANA,D217,JHAJJAR,2.16
23-12-2025,28.5,76.5,JHAJJAR,HARYANA,D217,JHAJJAR,1.88
24-12-2025,28.5,76.5,JHAJJAR,HARYANA,D217,JHAJJAR,1.81
25-12-2025,28.5,76.5,JHAJJAR,HARYANA,D217,JHAJJAR,1.87
26-12-2025,28.5,76.5,JHAJJAR,HARYANA,D217,JHAJJAR,1.86
27-12-2025,28.5,76.5,JHAJJAR,HARYANA,D217,JHAJJAR,1.97
28-12-2025,28.5,76.5,JHAJJAR,HARYANA,D217,JHAJJAR,1.94
29-12-2025,28.5,76.5,JHAJJAR,HARYANA,D217,JHAJJAR,2
30-12-2025,28.5,76.5,JHAJJAR,HARYANA,D217,JHAJJAR,2.2
31-12-2025,28.5,76.5,JHAJJAR,HARYANA,D217,JHAJJAR,2.28
01-01-2025,29.5,76.5,JIND,HARYANA,D218,JULANA,2.24
02-01-2025,29.5,76.5,JIND,HARYANA,D218,JULANA,2
03-01-2025,29.5,76.5,JIND,HARYANA,D218,JULANA,2.1
04-01-2025,29.5,76.5,JIND,HARYANA,D218,JULANA,1.6
05-01-2025,29.5,76.5,JIND,HARYANA,D218,JULANA,2.2
06-01-2025,29.5,76.5,JIND,HARYANA,D218,JULANA,2.67
07-01-2025,29.5,76.5,JIND,HARYANA,D218,JULANA,2.66
08-01-2025,29.5,76.5,JIND,HARYANA,D218,JULANA,2.6
09-01-2025,29.5,76.5,JIND,HARYANA,D218,JULANA,2.12
10-01-2025,29.5,76.5,JIND,HARYANA,D218,JULANA,1.9
11-01-2025,29.5,76.5,JIND,HARYANA,D218,JULANA,1.86
12-01-2025,29.5,76.5,JIND,HARYANA,D218,JULANA,2.13
13-01-2025,29.5,76.5,JIND,HARYANA,D218,JULANA,2.17
14-01-2025,29.5,76.5,JIND,HARYANA,D218,JULANA,2.14
15-01-2025,29.5,76.5,JIND,HARYANA,D218,JULANA,2.36
16-01-2025,29.5,76.5,JIND,HARYANA,D218,JULANA,2.45
17-01-2025,29.5,76.5,JIND,HARYANA,D218,JULANA,2.72
18-01-2025,29.5,76.5,JIND,HARYANA,D218,JULANA,2.53
19-01-2025,29.5,76.5,JIND,HARYANA,D218,JULANA,1.87
20-01-2025,29.5,76.5,JIND,HARYANA,D218,JULANA,1.77
21-01-2025,29.5,76.5,JIND,HARYANA,D218,JULANA,2.04
22-01-2025,29.5,76.5,JIND,HARYANA,D218,JULANA,2.43
23-01-2025,29.5,76.5,JIND,HARYANA,D218,JULANA,2.49
24-01-2025,29.5,76.5,JIND,HARYANA,D218,JULANA,2.3
25-01-2025,29.5,76.5,JIND,HARYANA,D218,JULANA,2.03
26-01-2025,29.5,76.5,JIND,HARYANA,D218,JULANA,2.08
27-01-2025,29.5,76.5,JIND,HARYANA,D218,JULANA,1.7
28-01-2025,29.5,76.5,JIND,HARYANA,D218,JULANA,2.06
29-01-2025,29.5,76.5,JIND,HARYANA,D218,JULANA,2.18
30-01-2025,29.5,76.5,JIND,HARYANA,D218,JULANA,2.32
31-01-2025,29.5,76.5,JIND,HARYANA,D218,JULANA,2.24
01-02-2025,29.5,76.5,JIND,HARYANA,D218,JULANA,2.11
02-02-2025,29.5,76.5,JIND,HARYANA,D218,JULANA,2.25
03-02-2025,29.5,76.5,JIND,HARYANA,D218,JULANA,1.82
04-02-2025,29.5,76.5,JIND,HARYANA,D218,JULANA,2.16
05-02-2025,29.5,76.5,JIND,HARYANA,D218,JULANA,2.47
06-02-2025,29.5,76.5,JIND,HARYANA,D218,JULANA,2.26
07-02-2025,29.5,76.5,JIND,HARYANA,D218,JULANA,2.53
08-02-2025,29.5,76.5,JIND,HARYANA,D218,JULANA,2.1
09-02-2025,29.5,76.5,JIND,HARYANA,D218,JULANA,2.51
10-02-2025,29.5,76.5,JIND,HARYANA,D218,JULANA,2.39
11-02-2025,29.5,76.5,JIND,HARYANA,D218,JULANA,2.32
12-02-2025,29.5,76.5,JIND,HARYANA,D218,JULANA,2.13
13-02-2025,29.5,76.5,JIND,HARYANA,D218,JULANA,2.35
14-02-2025,29.5,76.5,JIND,HARYANA,D218,JULANA,2.3
15-02-2025,29.5,76.5,JIND,HARYANA,D218,JULANA,2.08
16-02-2025,29.5,76.5,JIND,HARYANA,D218,JULANA,2.07
17-02-2025,29.5,76.5,JIND,HARYANA,D218,JULANA,2.42
18-02-2025,29.5,76.5,JIND,HARYANA,D218,JULANA,2.47
19-02-2025,29.5,76.5,JIND,HARYANA,D218,JULANA,2.31
20-02-2025,29.5,76.5,JIND,HARYANA,D218,JULANA,2.73
21-02-2025,29.5,76.5,JIND,HARYANA,D218,JULANA,2.14
22-02-2025,29.5,76.5,JIND,HARYANA,D218,JULANA,2.05
23-02-2025,29.5,76.5,JIND,HARYANA,D218,JULANA,2.29
24-02-2025,29.5,76.5,JIND,HARYANA,D218,JULANA,2.25
25-02-2025,29.5,76.5,JIND,HARYANA,D218,JULANA,2.38
26-02-2025,29.5,76.5,JIND,HARYANA,D218,JULANA,2.2
27-02-2025,29.5,76.5,JIND,HARYANA,D218,JULANA,2.51
28-02-2025,29.5,76.5,JIND,HARYANA,D218,JULANA,2.38
29-02-2025,29.5,76.5,JIND,HARYANA,D218,JULANA,1.71
01-03-2025,29.5,76.5,JIND,HARYANA,D218,JULANA,2.25
02-03-2025,29.5,76.5,JIND,HARYANA,D218,JULANA,1.92
03-03-2025,29.5,76.5,JIND,HARYANA,D218,JULANA,1.95
04-03-2025,29.5,76.5,JIND,HARYANA,D218,JULANA,2.45
05-03-2025,29.5,76.5,JIND,HARYANA,D218,JULANA,2.6
06-03-2025,29.5,76.5,JIND,HARYANA,D218,JULANA,2.11
07-03-2025,29.5,76.5,JIND,HARYANA,D218,JULANA,2.16
08-03-2025,29.5,76.5,JIND,HARYANA,D218,JULANA,1.91
09-03-2025,29.5,76.5,JIND,HARYANA,D218,JULANA,2.11
10-03-2025,29.5,76.5,JIND,HARYANA,D218,JULANA,2.26
11-03-2025,29.5,76.5,JIND,HARYANA,D218,JULANA,2.1
12-03-2025,29.5,76.5,JIND,HARYANA,D218,JULANA,2.23
13-03-2025,29.5,76.5,JIND,HARYANA,D218,JULANA,2.19
14-03-2025,29.5,76.5,JIND,HARYANA,D218,JULANA,2.29
15-03-2025,29.5,76.5,JIND,HARYANA,D218,JULANA,2.39
16-03-2025,29.5,76.5,JIND,HARYANA,D218,JULANA,2.27
17-03-2025,29.5,76.5,JIND,HARYANA,D218,JULANA,2.06
18-03-2025,29.5,76.5,JIND,HARYANA,D218,JULANA,2.19
19-03-2025,29.5,76.5,JIND,HARYANA,D218,JULANA,2.12
20-03-2025,29.5,76.5,JIND,HARYANA,D218,JULANA,2
21-03-2025,29.5,76.5,JIND,HARYANA,D218,JULANA,1.8
22-03-2025,29.5,76.5,JIND,HARYANA,D218,JULANA,2.14
23-03-2025,29.5,76.5,JIND,HARYANA,D218,JULANA,2.04
24-03-2025,29.5,76.5,JIND,HARYANA,D218,JULANA,2.06
25-03-2025,29.5,76.5,JIND,HARYANA,D218,JULANA,1.8
26-03-2025,29.5,76.5,JIND,HARYANA,D218,JULANA,1.73
27-03-2025,29.5,76.5,JIND,HARYANA,D218,JULANA,1.53
28-03-2025,29.5,76.5,JIND,HARYANA,D218,JULANA,1.77
29-03-2025,29.5,76.5,JIND,HARYANA,D218,JULANA,2.04
30-03-2025,29.5,76.5,JIND,HARYANA,D218,JULANA,1.97
31-03-2025,29.5,76.5,JIND,HARYANA,D218,JULANA,2.01
01-04-2025,29.5,76.5,JIND,HARYANA,D218,JULANA,2.08
02-04-2025,29.5,76.5,JIND,HARYANA,D218,JULANA,2.08
03-04-2025,29.5,76.5,JIND,HARYANA,D218,JULANA,2.53
04-04-2025,29.5,76.5,JIND,HARYANA,D218,JULANA,2.38
05-04-2025,29.5,76.5,JIND,HARYANA,D218,JULANA,2.13
06-04-2025,29.5,76.5,JIND,HARYANA,D218,JULANA,2.24
07-04-2025,29.5,76.5,JIND,HARYANA,D218,JULANA,2.13
08-04-2025,29.5,76.5,JIND,HARYANA,D218,JULANA,2.31
09-04-2025,29.5,76.5,JIND,HARYANA,D218,JULANA,2.44
10-04-2025,29.5,76.5,JIND,HARYANA,D218,JULANA,2.62
11-04-2025,29.5,76.5,JIND,HARYANA,D218,JULANA,2.15
12-04-2025,29.5,76.5,JIND,HARYANA,D218,JULANA,2.27
13-04-2025,29.5,76.5,JIND,HARYANA,D218,JULANA,2.12
14-04-2025,29.5,76.5,JIND,HARYANA,D218,JULANA,2.05
15-04-2025,29.5,76.5,JIND,HARYANA,D218,JULANA,1.98
16-04-2025,29.5,76.5,JIND,HARYANA,D218,JULANA,1.86
17-04-2025,29.5,76.5,JIND,HARYANA,D218,JULANA,2.68
18-04-2025,29.5,76.5,JIND,HARYANA,D218,JULANA,2.79
19-04-2025,29.5,76.5,JIND,HARYANA,D218,JULANA,2.89
20-04-2025,29.5,76.5,JIND,HARYANA,D218,JULANA,2.79
21-04-2025,29.5,76.5,JIND,HARYANA,D218,JULANA,3.09
22-04-2025,29.5,76.5,JIND,HARYANA,D218,JULANA,2.18
23-04-2025,29.5,76.5,JIND,HARYANA,D218,JULANA,2
24-04-2025,29.5,76.5,JIND,HARYANA,D218,JULANA,2.09
25-04-2025,29.5,76.5,JIND,HARYANA,D218,JULANA,1.71
26-04-2025,29.5,76.5,JIND,HARYANA,D218,JULANA,1.54
27-04-2025,29.5,76.5,JIND,HARYANA,D218,JULANA,1.78
28-04-2025,29.5,76.5,JIND,HARYANA,D218,JULANA,1.87
29-04-2025,29.5,76.5,JIND,HARYANA,D218,JULANA,1.75
30-04-2025,29.5,76.5,JIND,HARYANA,D218,JULANA,2.06
01-05-2025,29.5,76.5,JIND,HARYANA,D218,JULANA,2.34
02-05-2025,29.5,76.5,JIND,HARYANA,D218,JULANA,2.45
03-05-2025,29.5,76.5,JIND,HARYANA,D218,JULANA,2.43
04-05-2025,29.5,76.5,JIND,HARYANA,D218,JULANA,2.46
05-05-2025,29.5,76.5,JIND,HARYANA,D218,JULANA,2.06
06-05-2025,29.5,76.5,JIND,HARYANA,D218,JULANA,2.06
07-05-2025,29.5,76.5,JIND,HARYANA,D218,JULANA,2.1
08-05-2025,29.5,76.5,JIND,HARYANA,D218,JULANA,2.25
09-05-2025,29.5,76.5,JIND,HARYANA,D218,JULANA,2.1
10-05-2025,29.5,76.5,JIND,HARYANA,D218,JULANA,2.57
11-05-2025,29.5,76.5,JIND,HARYANA,D218,JULANA,2.3
12-05-2025,29.5,76.5,JIND,HARYANA,D218,JULANA,2.36
13-05-2025,29.5,76.5,JIND,HARYANA,D218,JULANA,2.46
14-05-2025,29.5,76.5,JIND,HARYANA,D218,JULANA,2.42
15-05-2025,29.5,76.5,JIND,HARYANA,D218,JULANA,2.1
16-05-2025,29.5,76.5,JIND,HARYANA,D218,JULANA,2.56
17-05-2025,29.5,76.5,JIND,HARYANA,D218,JULANA,2.18
18-05-2025,29.5,76.5,JIND,HARYANA,D218,JULANA,2.41
19-05-2025,29.5,76.5,JIND,HARYANA,D218,JULANA,2.14
20-05-2025,29.5,76.5,JIND,HARYANA,D218,JULANA,2.8
21-05-2025,29.5,76.5,JIND,HARYANA,D218,JULANA,2.31
22-05-2025,29.5,76.5,JIND,HARYANA,D218,JULANA,2.09
23-05-2025,29.5,76.5,JIND,HARYANA,D218,JULANA,2.43
24-05-2025,29.5,76.5,JIND,HARYANA,D218,JULANA,2.52
25-05-2025,29.5,76.5,JIND,HARYANA,D218,JULANA,2.51
26-05-2025,29.5,76.5,JIND,HARYANA,D218,JULANA,2.52
27-05-2025,29.5,76.5,JIND,HARYANA,D218,JULANA,2.38
28-05-2025,29.5,76.5,JIND,HARYANA,D218,JULANA,2.42
29-05-2025,29.5,76.5,JIND,HARYANA,D218,JULANA,2.23
30-05-2025,29.5,76.5,JIND,HARYANA,D218,JULANA,2.34
31-05-2025,29.5,76.5,JIND,HARYANA,D218,JULANA,2.22
01-06-2025,29.5,76.5,JIND,HARYANA,D218,JULANA,2.63
02-06-2025,29.5,76.5,JIND,HARYANA,D218,JULANA,2.44
03-06-2025,29.5,76.5,JIND,HARYANA,D218,JULANA,2.33
04-06-2025,29.5,76.5,JIND,HARYANA,D218,JULANA,2.24
05-06-2025,29.5,76.5,JIND,HARYANA,D218,JULANA,2.78
06-06-2025,29.5,76.5,JIND,HARYANA,D218,JULANA,2.11
07-06-2025,29.5,76.5,JIND,HARYANA,D218,JULANA,2.01
08-06-2025,29.5,76.5,JIND,HARYANA,D218,JULANA,2.31
09-06-2025,29.5,76.5,JIND,HARYANA,D218,JULANA,2.07
10-06-2025,29.5,76.5,JIND,HARYANA,D218,JULANA,2.12
11-06-2025,29.5,76.5,JIND,HARYANA,D218,JULANA,1.99
12-06-2025,29.5,76.5,JIND,HARYANA,D218,JULANA,1.75
13-06-2025,29.5,76.5,JIND,HARYANA,D218,JULANA,1.88
14-06-2025,29.5,76.5,JIND,HARYANA,D218,JULANA,1.86
15-06-2025,29.5,76.5,JIND,HARYANA,D218,JULANA,1.66
16-06-2025,29.5,76.5,JIND,HARYANA,D218,JULANA,1.99
17-06-2025,29.5,76.5,JIND,HARYANA,D218,JULANA,2.35
18-06-2025,29.5,76.5,JIND,HARYANA,D218,JULANA,2.28
19-06-2025,29.5,76.5,JIND,HARYANA,D218,JULANA,1.9
20-06-2025,29.5,76.5,JIND,HARYANA,D218,JULANA,1.69
21-06-2025,29.5,76.5,JIND,HARYANA,D218,JULANA,2.1
22-06-2025,29.5,76.5,JIND,HARYANA,D218,JULANA,2.09
23-06-2025,29.5,76.5,JIND,HARYANA,D218,JULANA,1.81
24-06-2025,29.5,76.5,JIND,HARYANA,D218,JULANA,1.56
25-06-2025,29.5,76.5,JIND,HARYANA,D218,JULANA,1.82
26-06-2025,29.5,76.5,JIND,HARYANA,D218,JULANA,1.68
27-06-2025,29.5,76.5,JIND,HARYANA,D218,JULANA,1.5
28-06-2025,29.5,76.5,JIND,HARYANA,D218,JULANA,1.4
29-06-2025,29.5,76.5,JIND,HARYANA,D218,JULANA,1.18
30-06-2025,29.5,76.5,JIND,HARYANA,D218,JULANA,1.52
01-07-2025,29.5,76.5,JIND,HARYANA,D218,JULANA,1.58
02-07-2025,29.5,76.5,JIND,HARYANA,D218,JULANA,1.54
03-07-2025,29.5,76.5,JIND,HARYANA,D218,JULANA,1.49
04-07-2025,29.5,76.5,JIND,HARYANA,D218,JULANA,1.27
05-07-2025,29.5,76.5,JIND,HARYANA,D218,JULANA,1.57
06-07-2025,29.5,76.5,JIND,HARYANA,D218,JULANA,1.31
07-07-2025,29.5,76.5,JIND,HARYANA,D218,JULANA,1.25
08-07-2025,29.5,76.5,JIND,HARYANA,D218,JULANA,1.41
09-07-2025,29.5,76.5,JIND,HARYANA,D218,JULANA,1.23
10-07-2025,29.5,76.5,JIND,HARYANA,D218,JULANA,1.45
11-07-2025,29.5,76.5,JIND,HARYANA,D218,JULANA,1.6
12-07-2025,29.5,76.5,JIND,HARYANA,D218,JULANA,1.29
13-07-2025,29.5,76.5,JIND,HARYANA,D218,JULANA,1.26
14-07-2025,29.5,76.5,JIND,HARYANA,D218,JULANA,1.16
15-07-2025,29.5,76.5,JIND,HARYANA,D218,JULANA,1.04
16-07-2025,29.5,76.5,JIND,HARYANA,D218,JULANA,1.26
17-07-2025,29.5,76.5,JIND,HARYANA,D218,JULANA,1.22
18-07-2025,29.5,76.5,JIND,HARYANA,D218,JULANA,1.17
19-07-2025,29.5,76.5,JIND,HARYANA,D218,JULANA,1.2
20-07-2025,29.5,76.5,JIND,HARYANA,D218,JULANA,1.15
21-07-2025,29.5,76.5,JIND,HARYANA,D218,JULANA,1.28
22-07-2025,29.5,76.5,JIND,HARYANA,D218,JULANA,1.2
23-07-2025,29.5,76.5,JIND,HARYANA,D218,JULANA,1.01
24-07-2025,29.5,76.5,JIND,HARYANA,D218,JULANA,0.97
25-07-2025,29.5,76.5,JIND,HARYANA,D218,JULANA,0.89
26-07-2025,29.5,76.5,JIND,HARYANA,D218,JULANA,0.91
27-07-2025,29.5,76.5,JIND,HARYANA,D218,JULANA,0.96
28-07-2025,29.5,76.5,JIND,HARYANA,D218,JULANA,1.14
29-07-2025,29.5,76.5,JIND,HARYANA,D218,JULANA,1.06
30-07-2025,29.5,76.5,JIND,HARYANA,D218,JULANA,0.88
31-07-2025,29.5,76.5,JIND,HARYANA,D218,JULANA,1.06
01-08-2025,29.5,76.5,JIND,HARYANA,D218,JULANA,0.89
02-08-2025,29.5,76.5,JIND,HARYANA,D218,JULANA,0.96
03-08-2025,29.5,76.5,JIND,HARYANA,D218,JULANA,1.16
04-08-2025,29.5,76.5,JIND,HARYANA,D218,JULANA,1.03
05-08-2025,29.5,76.5,JIND,HARYANA,D218,JULANA,0.96
06-08-2025,29.5,76.5,JIND,HARYANA,D218,JULANA,0.92
07-08-2025,29.5,76.5,JIND,HARYANA,D218,JULANA,1.01
08-08-2025,29.5,76.5,JIND,HARYANA,D218,JULANA,0.92
09-08-2025,29.5,76.5,JIND,HARYANA,D218,JULANA,0.91
10-08-2025,29.5,76.5,JIND,HARYANA,D218,JULANA,0.89
11-08-2025,29.5,76.5,JIND,HARYANA,D218,JULANA,0.82
12-08-2025,29.5,76.5,JIND,HARYANA,D218,JULANA,0.75
13-08-2025,29.5,76.5,JIND,HARYANA,D218,JULANA,0.89
14-08-2025,29.5,76.5,JIND,HARYANA,D218,JULANA,0.84
15-08-2025,29.5,76.5,JIND,HARYANA,D218,JULANA,0.83
16-08-2025,29.5,76.5,JIND,HARYANA,D218,JULANA,0.9
17-08-2025,29.5,76.5,JIND,HARYANA,D218,JULANA,0.88
18-08-2025,29.5,76.5,JIND,HARYANA,D218,JULANA,1
19-08-2025,29.5,76.5,JIND,HARYANA,D218,JULANA,0.84
20-08-2025,29.5,76.5,JIND,HARYANA,D218,JULANA,0.93
21-08-2025,29.5,76.5,JIND,HARYANA,D218,JULANA,0.88
22-08-2025,29.5,76.5,JIND,HARYANA,D218,JULANA,1.02
23-08-2025,29.5,76.5,JIND,HARYANA,D218,JULANA,0.81
24-08-2025,29.5,76.5,JIND,HARYANA,D218,JULANA,0.85
25-08-2025,29.5,76.5,JIND,HARYANA,D218,JULANA,0.9
26-08-2025,29.5,76.5,JIND,HARYANA,D218,JULANA,0.81
27-08-2025,29.5,76.5,JIND,HARYANA,D218,JULANA,0.67
28-08-2025,29.5,76.5,JIND,HARYANA,D218,JULANA,0.68
29-08-2025,29.5,76.5,JIND,HARYANA,D218,JULANA,0.75
30-08-2025,29.5,76.5,JIND,HARYANA,D218,JULANA,0.79
31-08-2025,29.5,76.5,JIND,HARYANA,D218,JULANA,0.94
01-09-2025,29.5,76.5,JIND,HARYANA,D218,JULANA,0.85
02-09-2025,29.5,76.5,JIND,HARYANA,D218,JULANA,0.98
03-09-2025,29.5,76.5,JIND,HARYANA,D218,JULANA,0.98
04-09-2025,29.5,76.5,JIND,HARYANA,D218,JULANA,0.86
05-09-2025,29.5,76.5,JIND,HARYANA,D218,JULANA,1.13
06-09-2025,29.5,76.5,JIND,HARYANA,D218,JULANA,1.24
07-09-2025,29.5,76.5,JIND,HARYANA,D218,JULANA,1.34
08-09-2025,29.5,76.5,JIND,HARYANA,D218,JULANA,1.11
09-09-2025,29.5,76.5,JIND,HARYANA,D218,JULANA,1.06
10-09-2025,29.5,76.5,JIND,HARYANA,D218,JULANA,1.07
11-09-2025,29.5,76.5,JIND,HARYANA,D218,JULANA,1.12
12-09-2025,29.5,76.5,JIND,HARYANA,D218,JULANA,1.23
13-09-2025,29.5,76.5,JIND,HARYANA,D218,JULANA,1.31
14-09-2025,29.5,76.5,JIND,HARYANA,D218,JULANA,1.32
15-09-2025,29.5,76.5,JIND,HARYANA,D218,JULANA,1.14
16-09-2025,29.5,76.5,JIND,HARYANA,D218,JULANA,1.06
17-09-2025,29.5,76.5,JIND,HARYANA,D218,JULANA,1.01
18-09-2025,29.5,76.5,JIND,HARYANA,D218,JULANA,1.11
19-09-2025,29.5,76.5,JIND,HARYANA,D218,JULANA,1.38
20-09-2025,29.5,76.5,JIND,HARYANA,D218,JULANA,1.41
21-09-2025,29.5,76.5,JIND,HARYANA,D218,JULANA,1.25
22-09-2025,29.5,76.5,JIND,HARYANA,D218,JULANA,1.27
23-09-2025,29.5,76.5,JIND,HARYANA,D218,JULANA,1.38
24-09-2025,29.5,76.5,JIND,HARYANA,D218,JULANA,1.3
25-09-2025,29.5,76.5,JIND,HARYANA,D218,JULANA,1.23
26-09-2025,29.5,76.5,JIND,HARYANA,D218,JULANA,1.29
27-09-2025,29.5,76.5,JIND,HARYANA,D218,JULANA,1.2
28-09-2025,29.5,76.5,JIND,HARYANA,D218,JULANA,1.26
29-09-2025,29.5,76.5,JIND,HARYANA,D218,JULANA,1.53
30-09-2025,29.5,76.5,JIND,HARYANA,D218,JULANA,1.59
01-10-2025,29.5,76.5,JIND,HARYANA,D218,JULANA,1.63
02-10-2025,29.5,76.5,JIND,HARYANA,D218,JULANA,1.87
03-10-2025,29.5,76.5,JIND,HARYANA,D218,JULANA,1.76
04-10-2025,29.5,76.5,JIND,HARYANA,D218,JULANA,1.82
05-10-2025,29.5,76.5,JIND,HARYANA,D218,JULANA,1.64
06-10-2025,29.5,76.5,JIND,HARYANA,D218,JULANA,1.42
07-10-2025,29.5,76.5,JIND,HARYANA,D218,JULANA,1.61
08-10-2025,29.5,76.5,JIND,HARYANA,D218,JULANA,1.55
09-10-2025,29.5,76.5,JIND,HARYANA,D218,JULANA,1.65
10-10-2025,29.5,76.5,JIND,HARYANA,D218,JULANA,1.53
11-10-2025,29.5,76.5,JIND,HARYANA,D218,JULANA,1.41
12-10-2025,29.5,76.5,JIND,HARYANA,D218,JULANA,1.41
13-10-2025,29.5,76.5,JIND,HARYANA,D218,JULANA,1.5
14-10-2025,29.5,76.5,JIND,HARYANA,D218,JULANA,1.49
15-10-2025,29.5,76.5,JIND,HARYANA,D218,JULANA,1.42
16-10-2025,29.5,76.5,JIND,HARYANA,D218,JULANA,1.28
17-10-2025,29.5,76.5,JIND,HARYANA,D218,JULANA,1.48
18-10-2025,29.5,76.5,JIND,HARYANA,D218,JULANA,1.45
19-10-2025,29.5,76.5,JIND,HARYANA,D218,JULANA,1.48
20-10-2025,29.5,76.5,JIND,HARYANA,D218,JULANA,1.39
21-10-2025,29.5,76.5,JIND,HARYANA,D218,JULANA,1.46
22-10-2025,29.5,76.5,JIND,HARYANA,D218,JULANA,1.44
23-10-2025,29.5,76.5,JIND,HARYANA,D218,JULANA,1.53
24-10-2025,29.5,76.5,JIND,HARYANA,D218,JULANA,1.48
25-10-2025,29.5,76.5,JIND,HARYANA,D218,JULANA,1.68
26-10-2025,29.5,76.5,JIND,HARYANA,D218,JULANA,1.33
27-10-2025,29.5,76.5,JIND,HARYANA,D218,JULANA,1.32
28-10-2025,29.5,76.5,JIND,HARYANA,D218,JULANA,1.66
29-10-2025,29.5,76.5,JIND,HARYANA,D218,JULANA,1.72
30-10-2025,29.5,76.5,JIND,HARYANA,D218,JULANA,1.75
31-10-2025,29.5,76.5,JIND,HARYANA,D218,JULANA,1.65
01-11-2025,29.5,76.5,JIND,HARYANA,D218,JULANA,1.55
02-11-2025,29.5,76.5,JIND,HARYANA,D218,JULANA,1.4
03-11-2025,29.5,76.5,JIND,HARYANA,D218,JULANA,1.5
04-11-2025,29.5,76.5,JIND,HARYANA,D218,JULANA,1.45
05-11-2025,29.5,76.5,JIND,HARYANA,D218,JULANA,1.78
06-11-2025,29.5,76.5,JIND,HARYANA,D218,JULANA,1.69
07-11-2025,29.5,76.5,JIND,HARYANA,D218,JULANA,1.83
08-11-2025,29.5,76.5,JIND,HARYANA,D218,JULANA,1.99
09-11-2025,29.5,76.5,JIND,HARYANA,D218,JULANA,1.95
10-11-2025,29.5,76.5,JIND,HARYANA,D218,JULANA,1.95
11-11-2025,29.5,76.5,JIND,HARYANA,D218,JULANA,1.73
12-11-2025,29.5,76.5,JIND,HARYANA,D218,JULANA,1.52
13-11-2025,29.5,76.5,JIND,HARYANA,D218,JULANA,1.57
14-11-2025,29.5,76.5,JIND,HARYANA,D218,JULANA,1.85
15-11-2025,29.5,76.5,JIND,HARYANA,D218,JULANA,1.84
16-11-2025,29.5,76.5,JIND,HARYANA,D218,JULANA,1.75
17-11-2025,29.5,76.5,JIND,HARYANA,D218,JULANA,1.76
18-11-2025,29.5,76.5,JIND,HARYANA,D218,JULANA,1.91
19-11-2025,29.5,76.5,JIND,HARYANA,D218,JULANA,1.53
20-11-2025,29.5,76.5,JIND,HARYANA,D218,JULANA,1.47
21-11-2025,29.5,76.5,JIND,HARYANA,D218,JULANA,1.39
22-11-2025,29.5,76.5,JIND,HARYANA,D218,JULANA,1.67
23-11-2025,29.5,76.5,JIND,HARYANA,D218,JULANA,1.97
24-11-2025,29.5,76.5,JIND,HARYANA,D218,JULANA,1.79
25-11-2025,29.5,76.5,JIND,HARYANA,D218,JULANA,1.8
26-11-2025,29.5,76.5,JIND,HARYANA,D218,JULANA,1.88
27-11-2025,29.5,76.5,JIND,HARYANA,D218,JULANA,1.8
28-11-2025,29.5,76.5,JIND,HARYANA,D218,JULANA,1.79
29-11-2025,29.5,76.5,JIND,HARYANA,D218,JULANA,1.69
30-11-2025,29.5,76.5,JIND,HARYANA,D218,JULANA,1.7
01-12-2025,29.5,76.5,JIND,HARYANA,D218,JULANA,1.99
02-12-2025,29.5,76.5,JIND,HARYANA,D218,JULANA,1.93
03-12-2025,29.5,76.5,JIND,HARYANA,D218,JULANA,1.79
04-12-2025,29.5,76.5,JIND,HARYANA,D218,JULANA,1.7
05-12-2025,29.5,76.5,JIND,HARYANA,D218,JULANA,1.74
06-12-2025,29.5,76.5,JIND,HARYANA,D218,JULANA,1.62
07-12-2025,29.5,76.5,JIND,HARYANA,D218,JULANA,1.85
08-12-2025,29.5,76.5,JIND,HARYANA,D218,JULANA,1.83
09-12-2025,29.5,76.5,JIND,HARYANA,D218,JULANA,2.23
10-12-2025,29.5,76.5,JIND,HARYANA,D218,JULANA,2.08
11-12-2025,29.5,76.5,JIND,HARYANA,D218,JULANA,2.34
12-12-2025,29.5,76.5,JIND,HARYANA,D218,JULANA,2.26
13-12-2025,29.5,76.5,JIND,HARYANA,D218,JULANA,2.15
14-12-2025,29.5,76.5,JIND,HARYANA,D218,JULANA,1.87
15-12-2025,29.5,76.5,JIND,HARYANA,D218,JULANA,2.22
16-12-2025,29.5,76.5,JIND,HARYANA,D218,JULANA,2.26
17-12-2025,29.5,76.5,JIND,HARYANA,D218,JULANA,1.97
18-12-2025,29.5,76.5,JIND,HARYANA,D218,JULANA,2.1
19-12-2025,29.5,76.5,JIND,HARYANA,D218,JULANA,2.42
20-12-2025,29.5,76.5,JIND,HARYANA,D218,JULANA,2.33
21-12-2025,29.5,76.5,JIND,HARYANA,D218,JULANA,2.21
22-12-2025,29.5,76.5,JIND,HARYANA,D218,JULANA,1.96
23-12-2025,29.5,76.5,JIND,HARYANA,D218,JULANA,1.76
24-12-2025,29.5,76.5,JIND,HARYANA,D218,JULANA,1.6
25-12-2025,29.5,76.5,JIND,HARYANA,D218,JULANA,1.58
26-12-2025,29.5,76.5,JIND,HARYANA,D218,JULANA,1.52
27-12-2025,29.5,76.5,JIND,HARYANA,D218,JULANA,1.7
28-12-2025,29.5,76.5,JIND,HARYANA,D218,JULANA,1.79
29-12-2025,29.5,76.5,JIND,HARYANA,D218,JULANA,1.87
30-12-2025,29.5,76.5,JIND,HARYANA,D218,JULANA,2.08
31-12-2025,29.5,76.5,JIND,HARYANA,D218,JULANA,2.05
01-01-2025,31.5,75.5,KAPURTHALA,PUNJAB,D529,SULTANPUR LODHI,1.78
02-01-2025,31.5,75.5,KAPURTHALA,PUNJAB,D529,SULTANPUR LODHI,1.45
03-01-2025,31.5,75.5,KAPURTHALA,PUNJAB,D529,SULTANPUR LODHI,1.37
04-01-2025,31.5,75.5,KAPURTHALA,PUNJAB,D529,SULTANPUR LODHI,1.51
05-01-2025,31.5,75.5,KAPURTHALA,PUNJAB,D529,SULTANPUR LODHI,2.01
06-01-2025,31.5,75.5,KAPURTHALA,PUNJAB,D529,SULTANPUR LODHI,2.32
07-01-2025,31.5,75.5,KAPURTHALA,PUNJAB,D529,SULTANPUR LODHI,2.08
08-01-2025,31.5,75.5,KAPURTHALA,PUNJAB,D529,SULTANPUR LODHI,1.88
09-01-2025,31.5,75.5,KAPURTHALA,PUNJAB,D529,SULTANPUR LODHI,1.82
10-01-2025,31.5,75.5,KAPURTHALA,PUNJAB,D529,SULTANPUR LODHI,1.72
11-01-2025,31.5,75.5,KAPURTHALA,PUNJAB,D529,SULTANPUR LODHI,1.74
12-01-2025,31.5,75.5,KAPURTHALA,PUNJAB,D529,SULTANPUR LODHI,1.86
13-01-2025,31.5,75.5,KAPURTHALA,PUNJAB,D529,SULTANPUR LODHI,1.94
14-01-2025,31.5,75.5,KAPURTHALA,PUNJAB,D529,SULTANPUR LODHI,1.95
15-01-2025,31.5,75.5,KAPURTHALA,PUNJAB,D529,SULTANPUR LODHI,2.04
16-01-2025,31.5,75.5,KAPURTHALA,PUNJAB,D529,SULTANPUR LODHI,2.11
17-01-2025,31.5,75.5,KAPURTHALA,PUNJAB,D529,SULTANPUR LODHI,2.14
18-01-2025,31.5,75.5,KAPURTHALA,PUNJAB,D529,SULTANPUR LODHI,1.83
19-01-2025,31.5,75.5,KAPURTHALA,PUNJAB,D529,SULTANPUR LODHI,1.35
20-01-2025,31.5,75.5,KAPURTHALA,PUNJAB,D529,SULTANPUR LODHI,1.58
21-01-2025,31.5,75.5,KAPURTHALA,PUNJAB,D529,SULTANPUR LODHI,1.94
22-01-2025,31.5,75.5,KAPURTHALA,PUNJAB,D529,SULTANPUR LODHI,1.94
23-01-2025,31.5,75.5,KAPURTHALA,PUNJAB,D529,SULTANPUR LODHI,1.94
24-01-2025,31.5,75.5,KAPURTHALA,PUNJAB,D529,SULTANPUR LODHI,2.13
25-01-2025,31.5,75.5,KAPURTHALA,PUNJAB,D529,SULTANPUR LODHI,1.88
26-01-2025,31.5,75.5,KAPURTHALA,PUNJAB,D529,SULTANPUR LODHI,1.99
27-01-2025,31.5,75.5,KAPURTHALA,PUNJAB,D529,SULTANPUR LODHI,1.68
28-01-2025,31.5,75.5,KAPURTHALA,PUNJAB,D529,SULTANPUR LODHI,1.84
29-01-2025,31.5,75.5,KAPURTHALA,PUNJAB,D529,SULTANPUR LODHI,2.01
30-01-2025,31.5,75.5,KAPURTHALA,PUNJAB,D529,SULTANPUR LODHI,2.13
31-01-2025,31.5,75.5,KAPURTHALA,PUNJAB,D529,SULTANPUR LODHI,2
01-02-2025,31.5,75.5,KAPURTHALA,PUNJAB,D529,SULTANPUR LODHI,1.99
02-02-2025,31.5,75.5,KAPURTHALA,PUNJAB,D529,SULTANPUR LODHI,1.93
03-02-2025,31.5,75.5,KAPURTHALA,PUNJAB,D529,SULTANPUR LODHI,1.55
04-02-2025,31.5,75.5,KAPURTHALA,PUNJAB,D529,SULTANPUR LODHI,1.77
05-02-2025,31.5,75.5,KAPURTHALA,PUNJAB,D529,SULTANPUR LODHI,2.19
06-02-2025,31.5,75.5,KAPURTHALA,PUNJAB,D529,SULTANPUR LODHI,2.19
07-02-2025,31.5,75.5,KAPURTHALA,PUNJAB,D529,SULTANPUR LODHI,2.27
08-02-2025,31.5,75.5,KAPURTHALA,PUNJAB,D529,SULTANPUR LODHI,1.94
09-02-2025,31.5,75.5,KAPURTHALA,PUNJAB,D529,SULTANPUR LODHI,2.22
10-02-2025,31.5,75.5,KAPURTHALA,PUNJAB,D529,SULTANPUR LODHI,2.24
11-02-2025,31.5,75.5,KAPURTHALA,PUNJAB,D529,SULTANPUR LODHI,2.12
12-02-2025,31.5,75.5,KAPURTHALA,PUNJAB,D529,SULTANPUR LODHI,2.08
13-02-2025,31.5,75.5,KAPURTHALA,PUNJAB,D529,SULTANPUR LODHI,2.26
14-02-2025,31.5,75.5,KAPURTHALA,PUNJAB,D529,SULTANPUR LODHI,2.16
15-02-2025,31.5,75.5,KAPURTHALA,PUNJAB,D529,SULTANPUR LODHI,1.84
16-02-2025,31.5,75.5,KAPURTHALA,PUNJAB,D529,SULTANPUR LODHI,2.17
17-02-2025,31.5,75.5,KAPURTHALA,PUNJAB,D529,SULTANPUR LODHI,2.24
18-02-2025,31.5,75.5,KAPURTHALA,PUNJAB,D529,SULTANPUR LODHI,2.25
19-02-2025,31.5,75.5,KAPURTHALA,PUNJAB,D529,SULTANPUR LODHI,2.23
20-02-2025,31.5,75.5,KAPURTHALA,PUNJAB,D529,SULTANPUR LODHI,2.42
21-02-2025,31.5,75.5,KAPURTHALA,PUNJAB,D529,SULTANPUR LODHI,2.16
22-02-2025,31.5,75.5,KAPURTHALA,PUNJAB,D529,SULTANPUR LODHI,1.96
23-02-2025,31.5,75.5,KAPURTHALA,PUNJAB,D529,SULTANPUR LODHI,2.28
24-02-2025,31.5,75.5,KAPURTHALA,PUNJAB,D529,SULTANPUR LODHI,2.31
25-02-2025,31.5,75.5,KAPURTHALA,PUNJAB,D529,SULTANPUR LODHI,2.25
26-02-2025,31.5,75.5,KAPURTHALA,PUNJAB,D529,SULTANPUR LODHI,2.01
27-02-2025,31.5,75.5,KAPURTHALA,PUNJAB,D529,SULTANPUR LODHI,2.16
28-02-2025,31.5,75.5,KAPURTHALA,PUNJAB,D529,SULTANPUR LODHI,1.93
29-02-2025,31.5,75.5,KAPURTHALA,PUNJAB,D529,SULTANPUR LODHI,1.65
01-03-2025,31.5,75.5,KAPURTHALA,PUNJAB,D529,SULTANPUR LODHI,1.9
02-03-2025,31.5,75.5,KAPURTHALA,PUNJAB,D529,SULTANPUR LODHI,1.69
03-03-2025,31.5,75.5,KAPURTHALA,PUNJAB,D529,SULTANPUR LODHI,1.77
04-03-2025,31.5,75.5,KAPURTHALA,PUNJAB,D529,SULTANPUR LODHI,2.2
05-03-2025,31.5,75.5,KAPURTHALA,PUNJAB,D529,SULTANPUR LODHI,2.33
06-03-2025,31.5,75.5,KAPURTHALA,PUNJAB,D529,SULTANPUR LODHI,2.07
07-03-2025,31.5,75.5,KAPURTHALA,PUNJAB,D529,SULTANPUR LODHI,2.19
08-03-2025,31.5,75.5,KAPURTHALA,PUNJAB,D529,SULTANPUR LODHI,2.06
09-03-2025,31.5,75.5,KAPURTHALA,PUNJAB,D529,SULTANPUR LODHI,2.08
10-03-2025,31.5,75.5,KAPURTHALA,PUNJAB,D529,SULTANPUR LODHI,2.17
11-03-2025,31.5,75.5,KAPURTHALA,PUNJAB,D529,SULTANPUR LODHI,1.99
12-03-2025,31.5,75.5,KAPURTHALA,PUNJAB,D529,SULTANPUR LODHI,2.2
13-03-2025,31.5,75.5,KAPURTHALA,PUNJAB,D529,SULTANPUR LODHI,2.15
14-03-2025,31.5,75.5,KAPURTHALA,PUNJAB,D529,SULTANPUR LODHI,2.37
15-03-2025,31.5,75.5,KAPURTHALA,PUNJAB,D529,SULTANPUR LODHI,2.65
16-03-2025,31.5,75.5,KAPURTHALA,PUNJAB,D529,SULTANPUR LODHI,2.38
17-03-2025,31.5,75.5,KAPURTHALA,PUNJAB,D529,SULTANPUR LODHI,2.18
18-03-2025,31.5,75.5,KAPURTHALA,PUNJAB,D529,SULTANPUR LODHI,2.22
19-03-2025,31.5,75.5,KAPURTHALA,PUNJAB,D529,SULTANPUR LODHI,2.25
20-03-2025,31.5,75.5,KAPURTHALA,PUNJAB,D529,SULTANPUR LODHI,1.91
21-03-2025,31.5,75.5,KAPURTHALA,PUNJAB,D529,SULTANPUR LODHI,2.05
22-03-2025,31.5,75.5,KAPURTHALA,PUNJAB,D529,SULTANPUR LODHI,2.22
23-03-2025,31.5,75.5,KAPURTHALA,PUNJAB,D529,SULTANPUR LODHI,2.09
24-03-2025,31.5,75.5,KAPURTHALA,PUNJAB,D529,SULTANPUR LODHI,2.16
25-03-2025,31.5,75.5,KAPURTHALA,PUNJAB,D529,SULTANPUR LODHI,1.82
26-03-2025,31.5,75.5,KAPURTHALA,PUNJAB,D529,SULTANPUR LODHI,1.55
27-03-2025,31.5,75.5,KAPURTHALA,PUNJAB,D529,SULTANPUR LODHI,1.28
28-03-2025,31.5,75.5,KAPURTHALA,PUNJAB,D529,SULTANPUR LODHI,1.65
29-03-2025,31.5,75.5,KAPURTHALA,PUNJAB,D529,SULTANPUR LODHI,2.08
30-03-2025,31.5,75.5,KAPURTHALA,PUNJAB,D529,SULTANPUR LODHI,2.01
31-03-2025,31.5,75.5,KAPURTHALA,PUNJAB,D529,SULTANPUR LODHI,2.16
01-04-2025,31.5,75.5,KAPURTHALA,PUNJAB,D529,SULTANPUR LODHI,2.12
02-04-2025,31.5,75.5,KAPURTHALA,PUNJAB,D529,SULTANPUR LODHI,2.14
03-04-2025,31.5,75.5,KAPURTHALA,PUNJAB,D529,SULTANPUR LODHI,2.37
04-04-2025,31.5,75.5,KAPURTHALA,PUNJAB,D529,SULTANPUR LODHI,1.96
05-04-2025,31.5,75.5,KAPURTHALA,PUNJAB,D529,SULTANPUR LODHI,2.04
06-04-2025,31.5,75.5,KAPURTHALA,PUNJAB,D529,SULTANPUR LODHI,2.18
07-04-2025,31.5,75.5,KAPURTHALA,PUNJAB,D529,SULTANPUR LODHI,2
08-04-2025,31.5,75.5,KAPURTHALA,PUNJAB,D529,SULTANPUR LODHI,2.06
09-04-2025,31.5,75.5,KAPURTHALA,PUNJAB,D529,SULTANPUR LODHI,2.34
10-04-2025,31.5,75.5,KAPURTHALA,PUNJAB,D529,SULTANPUR LODHI,2.27
11-04-2025,31.5,75.5,KAPURTHALA,PUNJAB,D529,SULTANPUR LODHI,1.95
12-04-2025,31.5,75.5,KAPURTHALA,PUNJAB,D529,SULTANPUR LODHI,2.34
13-04-2025,31.5,75.5,KAPURTHALA,PUNJAB,D529,SULTANPUR LODHI,1.98
14-04-2025,31.5,75.5,KAPURTHALA,PUNJAB,D529,SULTANPUR LODHI,1.79
15-04-2025,31.5,75.5,KAPURTHALA,PUNJAB,D529,SULTANPUR LODHI,1.78
16-04-2025,31.5,75.5,KAPURTHALA,PUNJAB,D529,SULTANPUR LODHI,1.9
17-04-2025,31.5,75.5,KAPURTHALA,PUNJAB,D529,SULTANPUR LODHI,2.65
18-04-2025,31.5,75.5,KAPURTHALA,PUNJAB,D529,SULTANPUR LODHI,2.53
19-04-2025,31.5,75.5,KAPURTHALA,PUNJAB,D529,SULTANPUR LODHI,2.63
20-04-2025,31.5,75.5,KAPURTHALA,PUNJAB,D529,SULTANPUR LODHI,2.63
21-04-2025,31.5,75.5,KAPURTHALA,PUNJAB,D529,SULTANPUR LODHI,2.88
22-04-2025,31.5,75.5,KAPURTHALA,PUNJAB,D529,SULTANPUR LODHI,2.05
23-04-2025,31.5,75.5,KAPURTHALA,PUNJAB,D529,SULTANPUR LODHI,2.05
24-04-2025,31.5,75.5,KAPURTHALA,PUNJAB,D529,SULTANPUR LODHI,2.02
25-04-2025,31.5,75.5,KAPURTHALA,PUNJAB,D529,SULTANPUR LODHI,1.82
26-04-2025,31.5,75.5,KAPURTHALA,PUNJAB,D529,SULTANPUR LODHI,1.77
27-04-2025,31.5,75.5,KAPURTHALA,PUNJAB,D529,SULTANPUR LODHI,1.66
28-04-2025,31.5,75.5,KAPURTHALA,PUNJAB,D529,SULTANPUR LODHI,1.98
29-04-2025,31.5,75.5,KAPURTHALA,PUNJAB,D529,SULTANPUR LODHI,1.81
30-04-2025,31.5,75.5,KAPURTHALA,PUNJAB,D529,SULTANPUR LODHI,2.52
01-05-2025,31.5,75.5,KAPURTHALA,PUNJAB,D529,SULTANPUR LODHI,2.68
02-05-2025,31.5,75.5,KAPURTHALA,PUNJAB,D529,SULTANPUR LODHI,2.52
03-05-2025,31.5,75.5,KAPURTHALA,PUNJAB,D529,SULTANPUR LODHI,2.36
04-05-2025,31.5,75.5,KAPURTHALA,PUNJAB,D529,SULTANPUR LODHI,2.23
05-05-2025,31.5,75.5,KAPURTHALA,PUNJAB,D529,SULTANPUR LODHI,2.03
06-05-2025,31.5,75.5,KAPURTHALA,PUNJAB,D529,SULTANPUR LODHI,2.02
07-05-2025,31.5,75.5,KAPURTHALA,PUNJAB,D529,SULTANPUR LODHI,2.03
08-05-2025,31.5,75.5,KAPURTHALA,PUNJAB,D529,SULTANPUR LODHI,2.17
09-05-2025,31.5,75.5,KAPURTHALA,PUNJAB,D529,SULTANPUR LODHI,2.23
10-05-2025,31.5,75.5,KAPURTHALA,PUNJAB,D529,SULTANPUR LODHI,2.44
11-05-2025,31.5,75.5,KAPURTHALA,PUNJAB,D529,SULTANPUR LODHI,2.29
12-05-2025,31.5,75.5,KAPURTHALA,PUNJAB,D529,SULTANPUR LODHI,2.48
13-05-2025,31.5,75.5,KAPURTHALA,PUNJAB,D529,SULTANPUR LODHI,2.44
14-05-2025,31.5,75.5,KAPURTHALA,PUNJAB,D529,SULTANPUR LODHI,2.5
15-05-2025,31.5,75.5,KAPURTHALA,PUNJAB,D529,SULTANPUR LODHI,2.35
16-05-2025,31.5,75.5,KAPURTHALA,PUNJAB,D529,SULTANPUR LODHI,2.36
17-05-2025,31.5,75.5,KAPURTHALA,PUNJAB,D529,SULTANPUR LODHI,2.14
18-05-2025,31.5,75.5,KAPURTHALA,PUNJAB,D529,SULTANPUR LODHI,1.84
19-05-2025,31.5,75.5,KAPURTHALA,PUNJAB,D529,SULTANPUR LODHI,1.9
20-05-2025,31.5,75.5,KAPURTHALA,PUNJAB,D529,SULTANPUR LODHI,2.27
21-05-2025,31.5,75.5,KAPURTHALA,PUNJAB,D529,SULTANPUR LODHI,1.77
22-05-2025,31.5,75.5,KAPURTHALA,PUNJAB,D529,SULTANPUR LODHI,1.58
23-05-2025,31.5,75.5,KAPURTHALA,PUNJAB,D529,SULTANPUR LODHI,1.76
24-05-2025,31.5,75.5,KAPURTHALA,PUNJAB,D529,SULTANPUR LODHI,2.22
25-05-2025,31.5,75.5,KAPURTHALA,PUNJAB,D529,SULTANPUR LODHI,2.62
26-05-2025,31.5,75.5,KAPURTHALA,PUNJAB,D529,SULTANPUR LODHI,2.03
27-05-2025,31.5,75.5,KAPURTHALA,PUNJAB,D529,SULTANPUR LODHI,1.9
28-05-2025,31.5,75.5,KAPURTHALA,PUNJAB,D529,SULTANPUR LODHI,1.79
29-05-2025,31.5,75.5,KAPURTHALA,PUNJAB,D529,SULTANPUR LODHI,1.8
30-05-2025,31.5,75.5,KAPURTHALA,PUNJAB,D529,SULTANPUR LODHI,1.87
31-05-2025,31.5,75.5,KAPURTHALA,PUNJAB,D529,SULTANPUR LODHI,2.03
01-06-2025,31.5,75.5,KAPURTHALA,PUNJAB,D529,SULTANPUR LODHI,2.45
02-06-2025,31.5,75.5,KAPURTHALA,PUNJAB,D529,SULTANPUR LODHI,2.45
03-06-2025,31.5,75.5,KAPURTHALA,PUNJAB,D529,SULTANPUR LODHI,2.32
04-06-2025,31.5,75.5,KAPURTHALA,PUNJAB,D529,SULTANPUR LODHI,2.36
05-06-2025,31.5,75.5,KAPURTHALA,PUNJAB,D529,SULTANPUR LODHI,2.76
06-06-2025,31.5,75.5,KAPURTHALA,PUNJAB,D529,SULTANPUR LODHI,2.41
07-06-2025,31.5,75.5,KAPURTHALA,PUNJAB,D529,SULTANPUR LODHI,2.07
08-06-2025,31.5,75.5,KAPURTHALA,PUNJAB,D529,SULTANPUR LODHI,2.02
09-06-2025,31.5,75.5,KAPURTHALA,PUNJAB,D529,SULTANPUR LODHI,2.2
10-06-2025,31.5,75.5,KAPURTHALA,PUNJAB,D529,SULTANPUR LODHI,2
11-06-2025,31.5,75.5,KAPURTHALA,PUNJAB,D529,SULTANPUR LODHI,2.07
12-06-2025,31.5,75.5,KAPURTHALA,PUNJAB,D529,SULTANPUR LODHI,1.78
13-06-2025,31.5,75.5,KAPURTHALA,PUNJAB,D529,SULTANPUR LODHI,1.57
14-06-2025,31.5,75.5,KAPURTHALA,PUNJAB,D529,SULTANPUR LODHI,1.58
15-06-2025,31.5,75.5,KAPURTHALA,PUNJAB,D529,SULTANPUR LODHI,1.59
16-06-2025,31.5,75.5,KAPURTHALA,PUNJAB,D529,SULTANPUR LODHI,1.8
17-06-2025,31.5,75.5,KAPURTHALA,PUNJAB,D529,SULTANPUR LODHI,2.07
18-06-2025,31.5,75.5,KAPURTHALA,PUNJAB,D529,SULTANPUR LODHI,2.06
19-06-2025,31.5,75.5,KAPURTHALA,PUNJAB,D529,SULTANPUR LODHI,1.72
20-06-2025,31.5,75.5,KAPURTHALA,PUNJAB,D529,SULTANPUR LODHI,1.56
21-06-2025,31.5,75.5,KAPURTHALA,PUNJAB,D529,SULTANPUR LODHI,1.83
22-06-2025,31.5,75.5,KAPURTHALA,PUNJAB,D529,SULTANPUR LODHI,1.88
23-06-2025,31.5,75.5,KAPURTHALA,PUNJAB,D529,SULTANPUR LODHI,1.84
24-06-2025,31.5,75.5,KAPURTHALA,PUNJAB,D529,SULTANPUR LODHI,1.43
25-06-2025,31.5,75.5,KAPURTHALA,PUNJAB,D529,SULTANPUR LODHI,1.65
26-06-2025,31.5,75.5,KAPURTHALA,PUNJAB,D529,SULTANPUR LODHI,1.5
27-06-2025,31.5,75.5,KAPURTHALA,PUNJAB,D529,SULTANPUR LODHI,1.47
28-06-2025,31.5,75.5,KAPURTHALA,PUNJAB,D529,SULTANPUR LODHI,1.64
29-06-2025,31.5,75.5,KAPURTHALA,PUNJAB,D529,SULTANPUR LODHI,1.3
30-06-2025,31.5,75.5,KAPURTHALA,PUNJAB,D529,SULTANPUR LODHI,1.8
01-07-2025,31.5,75.5,KAPURTHALA,PUNJAB,D529,SULTANPUR LODHI,1.53
02-07-2025,31.5,75.5,KAPURTHALA,PUNJAB,D529,SULTANPUR LODHI,1.57
03-07-2025,31.5,75.5,KAPURTHALA,PUNJAB,D529,SULTANPUR LODHI,1.4
04-07-2025,31.5,75.5,KAPURTHALA,PUNJAB,D529,SULTANPUR LODHI,1.42
05-07-2025,31.5,75.5,KAPURTHALA,PUNJAB,D529,SULTANPUR LODHI,1.49
06-07-2025,31.5,75.5,KAPURTHALA,PUNJAB,D529,SULTANPUR LODHI,1.5
07-07-2025,31.5,75.5,KAPURTHALA,PUNJAB,D529,SULTANPUR LODHI,1.4
08-07-2025,31.5,75.5,KAPURTHALA,PUNJAB,D529,SULTANPUR LODHI,1.33
09-07-2025,31.5,75.5,KAPURTHALA,PUNJAB,D529,SULTANPUR LODHI,1.59
10-07-2025,31.5,75.5,KAPURTHALA,PUNJAB,D529,SULTANPUR LODHI,1.45
11-07-2025,31.5,75.5,KAPURTHALA,PUNJAB,D529,SULTANPUR LODHI,1.46
12-07-2025,31.5,75.5,KAPURTHALA,PUNJAB,D529,SULTANPUR LODHI,1.3
13-07-2025,31.5,75.5,KAPURTHALA,PUNJAB,D529,SULTANPUR LODHI,1.4
14-07-2025,31.5,75.5,KAPURTHALA,PUNJAB,D529,SULTANPUR LODHI,1.22
15-07-2025,31.5,75.5,KAPURTHALA,PUNJAB,D529,SULTANPUR LODHI,1.14
16-07-2025,31.5,75.5,KAPURTHALA,PUNJAB,D529,SULTANPUR LODHI,1.27
17-07-2025,31.5,75.5,KAPURTHALA,PUNJAB,D529,SULTANPUR LODHI,1.27
18-07-2025,31.5,75.5,KAPURTHALA,PUNJAB,D529,SULTANPUR LODHI,1.29
19-07-2025,31.5,75.5,KAPURTHALA,PUNJAB,D529,SULTANPUR LODHI,0.97
20-07-2025,31.5,75.5,KAPURTHALA,PUNJAB,D529,SULTANPUR LODHI,1.07
21-07-2025,31.5,75.5,KAPURTHALA,PUNJAB,D529,SULTANPUR LODHI,1.23
22-07-2025,31.5,75.5,KAPURTHALA,PUNJAB,D529,SULTANPUR LODHI,1.11
23-07-2025,31.5,75.5,KAPURTHALA,PUNJAB,D529,SULTANPUR LODHI,1.27
24-07-2025,31.5,75.5,KAPURTHALA,PUNJAB,D529,SULTANPUR LODHI,1.1
25-07-2025,31.5,75.5,KAPURTHALA,PUNJAB,D529,SULTANPUR LODHI,0.71
26-07-2025,31.5,75.5,KAPURTHALA,PUNJAB,D529,SULTANPUR LODHI,0.84
27-07-2025,31.5,75.5,KAPURTHALA,PUNJAB,D529,SULTANPUR LODHI,0.78
28-07-2025,31.5,75.5,KAPURTHALA,PUNJAB,D529,SULTANPUR LODHI,0.95
29-07-2025,31.5,75.5,KAPURTHALA,PUNJAB,D529,SULTANPUR LODHI,0.86
30-07-2025,31.5,75.5,KAPURTHALA,PUNJAB,D529,SULTANPUR LODHI,0.8
31-07-2025,31.5,75.5,KAPURTHALA,PUNJAB,D529,SULTANPUR LODHI,0.84
01-08-2025,31.5,75.5,KAPURTHALA,PUNJAB,D529,SULTANPUR LODHI,1.17
02-08-2025,31.5,75.5,KAPURTHALA,PUNJAB,D529,SULTANPUR LODHI,1.07
03-08-2025,31.5,75.5,KAPURTHALA,PUNJAB,D529,SULTANPUR LODHI,1.16
04-08-2025,31.5,75.5,KAPURTHALA,PUNJAB,D529,SULTANPUR LODHI,1.24
05-08-2025,31.5,75.5,KAPURTHALA,PUNJAB,D529,SULTANPUR LODHI,1
06-08-2025,31.5,75.5,KAPURTHALA,PUNJAB,D529,SULTANPUR LODHI,0.99
07-08-2025,31.5,75.5,KAPURTHALA,PUNJAB,D529,SULTANPUR LODHI,1.02
08-08-2025,31.5,75.5,KAPURTHALA,PUNJAB,D529,SULTANPUR LODHI,0.94
09-08-2025,31.5,75.5,KAPURTHALA,PUNJAB,D529,SULTANPUR LODHI,0.96
10-08-2025,31.5,75.5,KAPURTHALA,PUNJAB,D529,SULTANPUR LODHI,1.04
11-08-2025,31.5,75.5,KAPURTHALA,PUNJAB,D529,SULTANPUR LODHI,1.16
12-08-2025,31.5,75.5,KAPURTHALA,PUNJAB,D529,SULTANPUR LODHI,1.25
13-08-2025,31.5,75.5,KAPURTHALA,PUNJAB,D529,SULTANPUR LODHI,1.37
14-08-2025,31.5,75.5,KAPURTHALA,PUNJAB,D529,SULTANPUR LODHI,1.22
15-08-2025,31.5,75.5,KAPURTHALA,PUNJAB,D529,SULTANPUR LODHI,1.13
16-08-2025,31.5,75.5,KAPURTHALA,PUNJAB,D529,SULTANPUR LODHI,0.92
17-08-2025,31.5,75.5,KAPURTHALA,PUNJAB,D529,SULTANPUR LODHI,0.93
18-08-2025,31.5,75.5,KAPURTHALA,PUNJAB,D529,SULTANPUR LODHI,1.12
19-08-2025,31.5,75.5,KAPURTHALA,PUNJAB,D529,SULTANPUR LODHI,1.16
20-08-2025,31.5,75.5,KAPURTHALA,PUNJAB,D529,SULTANPUR LODHI,1.18
21-08-2025,31.5,75.5,KAPURTHALA,PUNJAB,D529,SULTANPUR LODHI,1.22
22-08-2025,31.5,75.5,KAPURTHALA,PUNJAB,D529,SULTANPUR LODHI,1.11
23-08-2025,31.5,75.5,KAPURTHALA,PUNJAB,D529,SULTANPUR LODHI,0.99
24-08-2025,31.5,75.5,KAPURTHALA,PUNJAB,D529,SULTANPUR LODHI,0.97
25-08-2025,31.5,75.5,KAPURTHALA,PUNJAB,D529,SULTANPUR LODHI,1.12
26-08-2025,31.5,75.5,KAPURTHALA,PUNJAB,D529,SULTANPUR LODHI,1.12
27-08-2025,31.5,75.5,KAPURTHALA,PUNJAB,D529,SULTANPUR LODHI,1.18
28-08-2025,31.5,75.5,KAPURTHALA,PUNJAB,D529,SULTANPUR LODHI,1.14
29-08-2025,31.5,75.5,KAPURTHALA,PUNJAB,D529,SULTANPUR LODHI,1.09
30-08-2025,31.5,75.5,KAPURTHALA,PUNJAB,D529,SULTANPUR LODHI,1.15
31-08-2025,31.5,75.5,KAPURTHALA,PUNJAB,D529,SULTANPUR LODHI,1.23
01-09-2025,31.5,75.5,KAPURTHALA,PUNJAB,D529,SULTANPUR LODHI,1.19
02-09-2025,31.5,75.5,KAPURTHALA,PUNJAB,D529,SULTANPUR LODHI,1.27
03-09-2025,31.5,75.5,KAPURTHALA,PUNJAB,D529,SULTANPUR LODHI,1.41
04-09-2025,31.5,75.5,KAPURTHALA,PUNJAB,D529,SULTANPUR LODHI,1.39
05-09-2025,31.5,75.5,KAPURTHALA,PUNJAB,D529,SULTANPUR LODHI,1.22
06-09-2025,31.5,75.5,KAPURTHALA,PUNJAB,D529,SULTANPUR LODHI,1.61
07-09-2025,31.5,75.5,KAPURTHALA,PUNJAB,D529,SULTANPUR LODHI,1.5
08-09-2025,31.5,75.5,KAPURTHALA,PUNJAB,D529,SULTANPUR LODHI,1.37
09-09-2025,31.5,75.5,KAPURTHALA,PUNJAB,D529,SULTANPUR LODHI,1.18
10-09-2025,31.5,75.5,KAPURTHALA,PUNJAB,D529,SULTANPUR LODHI,1.21
11-09-2025,31.5,75.5,KAPURTHALA,PUNJAB,D529,SULTANPUR LODHI,1.25
12-09-2025,31.5,75.5,KAPURTHALA,PUNJAB,D529,SULTANPUR LODHI,1.26
13-09-2025,31.5,75.5,KAPURTHALA,PUNJAB,D529,SULTANPUR LODHI,1.34
14-09-2025,31.5,75.5,KAPURTHALA,PUNJAB,D529,SULTANPUR LODHI,1.44
15-09-2025,31.5,75.5,KAPURTHALA,PUNJAB,D529,SULTANPUR LODHI,1.38
16-09-2025,31.5,75.5,KAPURTHALA,PUNJAB,D529,SULTANPUR LODHI,1.27
17-09-2025,31.5,75.5,KAPURTHALA,PUNJAB,D529,SULTANPUR LODHI,1.33
18-09-2025,31.5,75.5,KAPURTHALA,PUNJAB,D529,SULTANPUR LODHI,1.34
19-09-2025,31.5,75.5,KAPURTHALA,PUNJAB,D529,SULTANPUR LODHI,1.51
20-09-2025,31.5,75.5,KAPURTHALA,PUNJAB,D529,SULTANPUR LODHI,1.49
21-09-2025,31.5,75.5,KAPURTHALA,PUNJAB,D529,SULTANPUR LODHI,1.27
22-09-2025,31.5,75.5,KAPURTHALA,PUNJAB,D529,SULTANPUR LODHI,1.09
23-09-2025,31.5,75.5,KAPURTHALA,PUNJAB,D529,SULTANPUR LODHI,1.35
24-09-2025,31.5,75.5,KAPURTHALA,PUNJAB,D529,SULTANPUR LODHI,1.28
25-09-2025,31.5,75.5,KAPURTHALA,PUNJAB,D529,SULTANPUR LODHI,1.04
26-09-2025,31.5,75.5,KAPURTHALA,PUNJAB,D529,SULTANPUR LODHI,1.25
27-09-2025,31.5,75.5,KAPURTHALA,PUNJAB,D529,SULTANPUR LODHI,1.24
28-09-2025,31.5,75.5,KAPURTHALA,PUNJAB,D529,SULTANPUR LODHI,1.34
29-09-2025,31.5,75.5,KAPURTHALA,PUNJAB,D529,SULTANPUR LODHI,1.46
30-09-2025,31.5,75.5,KAPURTHALA,PUNJAB,D529,SULTANPUR LODHI,1.48
01-10-2025,31.5,75.5,KAPURTHALA,PUNJAB,D529,SULTANPUR LODHI,1.57
02-10-2025,31.5,75.5,KAPURTHALA,PUNJAB,D529,SULTANPUR LODHI,1.54
03-10-2025,31.5,75.5,KAPURTHALA,PUNJAB,D529,SULTANPUR LODHI,1.54
04-10-2025,31.5,75.5,KAPURTHALA,PUNJAB,D529,SULTANPUR LODHI,1.48
05-10-2025,31.5,75.5,KAPURTHALA,PUNJAB,D529,SULTANPUR LODHI,1.4
06-10-2025,31.5,75.5,KAPURTHALA,PUNJAB,D529,SULTANPUR LODHI,1.5
07-10-2025,31.5,75.5,KAPURTHALA,PUNJAB,D529,SULTANPUR LODHI,1.62
08-10-2025,31.5,75.5,KAPURTHALA,PUNJAB,D529,SULTANPUR LODHI,1.7
09-10-2025,31.5,75.5,KAPURTHALA,PUNJAB,D529,SULTANPUR LODHI,1.79
10-10-2025,31.5,75.5,KAPURTHALA,PUNJAB,D529,SULTANPUR LODHI,1.68
11-10-2025,31.5,75.5,KAPURTHALA,PUNJAB,D529,SULTANPUR LODHI,1.5
12-10-2025,31.5,75.5,KAPURTHALA,PUNJAB,D529,SULTANPUR LODHI,1.56
13-10-2025,31.5,75.5,KAPURTHALA,PUNJAB,D529,SULTANPUR LODHI,1.44
14-10-2025,31.5,75.5,KAPURTHALA,PUNJAB,D529,SULTANPUR LODHI,1.4
15-10-2025,31.5,75.5,KAPURTHALA,PUNJAB,D529,SULTANPUR LODHI,1.2
16-10-2025,31.5,75.5,KAPURTHALA,PUNJAB,D529,SULTANPUR LODHI,1.24
17-10-2025,31.5,75.5,KAPURTHALA,PUNJAB,D529,SULTANPUR LODHI,1.26
18-10-2025,31.5,75.5,KAPURTHALA,PUNJAB,D529,SULTANPUR LODHI,1.26
19-10-2025,31.5,75.5,KAPURTHALA,PUNJAB,D529,SULTANPUR LODHI,1.21
20-10-2025,31.5,75.5,KAPURTHALA,PUNJAB,D529,SULTANPUR LODHI,1.24
21-10-2025,31.5,75.5,KAPURTHALA,PUNJAB,D529,SULTANPUR LODHI,1.25
22-10-2025,31.5,75.5,KAPURTHALA,PUNJAB,D529,SULTANPUR LODHI,1.05
23-10-2025,31.5,75.5,KAPURTHALA,PUNJAB,D529,SULTANPUR LODHI,1.29
24-10-2025,31.5,75.5,KAPURTHALA,PUNJAB,D529,SULTANPUR LODHI,1.18
25-10-2025,31.5,75.5,KAPURTHALA,PUNJAB,D529,SULTANPUR LODHI,1.38
26-10-2025,31.5,75.5,KAPURTHALA,PUNJAB,D529,SULTANPUR LODHI,1.08
27-10-2025,31.5,75.5,KAPURTHALA,PUNJAB,D529,SULTANPUR LODHI,1.08
28-10-2025,31.5,75.5,KAPURTHALA,PUNJAB,D529,SULTANPUR LODHI,1.27
29-10-2025,31.5,75.5,KAPURTHALA,PUNJAB,D529,SULTANPUR LODHI,1.28
30-10-2025,31.5,75.5,KAPURTHALA,PUNJAB,D529,SULTANPUR LODHI,1.26
31-10-2025,31.5,75.5,KAPURTHALA,PUNJAB,D529,SULTANPUR LODHI,1.18
01-11-2025,31.5,75.5,KAPURTHALA,PUNJAB,D529,SULTANPUR LODHI,1.25
02-11-2025,31.5,75.5,KAPURTHALA,PUNJAB,D529,SULTANPUR LODHI,1.39
03-11-2025,31.5,75.5,KAPURTHALA,PUNJAB,D529,SULTANPUR LODHI,1.33
04-11-2025,31.5,75.5,KAPURTHALA,PUNJAB,D529,SULTANPUR LODHI,1.11
05-11-2025,31.5,75.5,KAPURTHALA,PUNJAB,D529,SULTANPUR LODHI,1.31
06-11-2025,31.5,75.5,KAPURTHALA,PUNJAB,D529,SULTANPUR LODHI,1.37
07-11-2025,31.5,75.5,KAPURTHALA,PUNJAB,D529,SULTANPUR LODHI,1.46
08-11-2025,31.5,75.5,KAPURTHALA,PUNJAB,D529,SULTANPUR LODHI,1.59
09-11-2025,31.5,75.5,KAPURTHALA,PUNJAB,D529,SULTANPUR LODHI,1.49
10-11-2025,31.5,75.5,KAPURTHALA,PUNJAB,D529,SULTANPUR LODHI,1.49
11-11-2025,31.5,75.5,KAPURTHALA,PUNJAB,D529,SULTANPUR LODHI,1.55
12-11-2025,31.5,75.5,KAPURTHALA,PUNJAB,D529,SULTANPUR LODHI,1.38
13-11-2025,31.5,75.5,KAPURTHALA,PUNJAB,D529,SULTANPUR LODHI,1.48
14-11-2025,31.5,75.5,KAPURTHALA,PUNJAB,D529,SULTANPUR LODHI,1.54
15-11-2025,31.5,75.5,KAPURTHALA,PUNJAB,D529,SULTANPUR LODHI,1.42
16-11-2025,31.5,75.5,KAPURTHALA,PUNJAB,D529,SULTANPUR LODHI,1.44
17-11-2025,31.5,75.5,KAPURTHALA,PUNJAB,D529,SULTANPUR LODHI,1.4
18-11-2025,31.5,75.5,KAPURTHALA,PUNJAB,D529,SULTANPUR LODHI,1.4
19-11-2025,31.5,75.5,KAPURTHALA,PUNJAB,D529,SULTANPUR LODHI,1.15
20-11-2025,31.5,75.5,KAPURTHALA,PUNJAB,D529,SULTANPUR LODHI,1.2
21-11-2025,31.5,75.5,KAPURTHALA,PUNJAB,D529,SULTANPUR LODHI,1.27
22-11-2025,31.5,75.5,KAPURTHALA,PUNJAB,D529,SULTANPUR LODHI,1.62
23-11-2025,31.5,75.5,KAPURTHALA,PUNJAB,D529,SULTANPUR LODHI,1.66
24-11-2025,31.5,75.5,KAPURTHALA,PUNJAB,D529,SULTANPUR LODHI,1.6
25-11-2025,31.5,75.5,KAPURTHALA,PUNJAB,D529,SULTANPUR LODHI,1.42
26-11-2025,31.5,75.5,KAPURTHALA,PUNJAB,D529,SULTANPUR LODHI,1.42
27-11-2025,31.5,75.5,KAPURTHALA,PUNJAB,D529,SULTANPUR LODHI,1.45
28-11-2025,31.5,75.5,KAPURTHALA,PUNJAB,D529,SULTANPUR LODHI,1.39
29-11-2025,31.5,75.5,KAPURTHALA,PUNJAB,D529,SULTANPUR LODHI,1.34
30-11-2025,31.5,75.5,KAPURTHALA,PUNJAB,D529,SULTANPUR LODHI,1.47
01-12-2025,31.5,75.5,KAPURTHALA,PUNJAB,D529,SULTANPUR LODHI,1.49
02-12-2025,31.5,75.5,KAPURTHALA,PUNJAB,D529,SULTANPUR LODHI,1.46
03-12-2025,31.5,75.5,KAPURTHALA,PUNJAB,D529,SULTANPUR LODHI,1.35
04-12-2025,31.5,75.5,KAPURTHALA,PUNJAB,D529,SULTANPUR LODHI,1.44
05-12-2025,31.5,75.5,KAPURTHALA,PUNJAB,D529,SULTANPUR LODHI,1.3
06-12-2025,31.5,75.5,KAPURTHALA,PUNJAB,D529,SULTANPUR LODHI,1.22
07-12-2025,31.5,75.5,KAPURTHALA,PUNJAB,D529,SULTANPUR LODHI,1.61
08-12-2025,31.5,75.5,KAPURTHALA,PUNJAB,D529,SULTANPUR LODHI,1.82
09-12-2025,31.5,75.5,KAPURTHALA,PUNJAB,D529,SULTANPUR LODHI,1.92
10-12-2025,31.5,75.5,KAPURTHALA,PUNJAB,D529,SULTANPUR LODHI,1.89
11-12-2025,31.5,75.5,KAPURTHALA,PUNJAB,D529,SULTANPUR LODHI,1.91
12-12-2025,31.5,75.5,KAPURTHALA,PUNJAB,D529,SULTANPUR LODHI,1.73
13-12-2025,31.5,75.5,KAPURTHALA,PUNJAB,D529,SULTANPUR LODHI,1.62
14-12-2025,31.5,75.5,KAPURTHALA,PUNJAB,D529,SULTANPUR LODHI,1.56
15-12-2025,31.5,75.5,KAPURTHALA,PUNJAB,D529,SULTANPUR LODHI,1.81
16-12-2025,31.5,75.5,KAPURTHALA,PUNJAB,D529,SULTANPUR LODHI,1.96
17-12-2025,31.5,75.5,KAPURTHALA,PUNJAB,D529,SULTANPUR LODHI,1.82
18-12-2025,31.5,75.5,KAPURTHALA,PUNJAB,D529,SULTANPUR LODHI,2.06
19-12-2025,31.5,75.5,KAPURTHALA,PUNJAB,D529,SULTANPUR LODHI,2.2
20-12-2025,31.5,75.5,KAPURTHALA,PUNJAB,D529,SULTANPUR LODHI,1.83
21-12-2025,31.5,75.5,KAPURTHALA,PUNJAB,D529,SULTANPUR LODHI,1.67
22-12-2025,31.5,75.5,KAPURTHALA,PUNJAB,D529,SULTANPUR LODHI,1.56
23-12-2025,31.5,75.5,KAPURTHALA,PUNJAB,D529,SULTANPUR LODHI,1.3
24-12-2025,31.5,75.5,KAPURTHALA,PUNJAB,D529,SULTANPUR LODHI,1.38
25-12-2025,31.5,75.5,KAPURTHALA,PUNJAB,D529,SULTANPUR LODHI,1.41
26-12-2025,31.5,75.5,KAPURTHALA,PUNJAB,D529,SULTANPUR LODHI,1.48
27-12-2025,31.5,75.5,KAPURTHALA,PUNJAB,D529,SULTANPUR LODHI,1.42
28-12-2025,31.5,75.5,KAPURTHALA,PUNJAB,D529,SULTANPUR LODHI,1.5
29-12-2025,31.5,75.5,KAPURTHALA,PUNJAB,D529,SULTANPUR LODHI,1.48
30-12-2025,31.5,75.5,KAPURTHALA,PUNJAB,D529,SULTANPUR LODHI,1.72
31-12-2025,31.5,75.5,KAPURTHALA,PUNJAB,D529,SULTANPUR LODHI,1.7
01-01-2025,30.5,74.5,SRI MUKTSAR SAHIB,PUNJAB,D533,MUKTSAR,2.17
02-01-2025,30.5,74.5,SRI MUKTSAR SAHIB,PUNJAB,D533,MUKTSAR,1.77
03-01-2025,30.5,74.5,SRI MUKTSAR SAHIB,PUNJAB,D533,MUKTSAR,1.87
04-01-2025,30.5,74.5,SRI MUKTSAR SAHIB,PUNJAB,D533,MUKTSAR,1.76
05-01-2025,30.5,74.5,SRI MUKTSAR SAHIB,PUNJAB,D533,MUKTSAR,2.47
06-01-2025,30.5,74.5,SRI MUKTSAR SAHIB,PUNJAB,D533,MUKTSAR,2.91
07-01-2025,30.5,74.5,SRI MUKTSAR SAHIB,PUNJAB,D533,MUKTSAR,2.77
08-01-2025,30.5,74.5,SRI MUKTSAR SAHIB,PUNJAB,D533,MUKTSAR,2.61
09-01-2025,30.5,74.5,SRI MUKTSAR SAHIB,PUNJAB,D533,MUKTSAR,2.22
10-01-2025,30.5,74.5,SRI MUKTSAR SAHIB,PUNJAB,D533,MUKTSAR,1.9
11-01-2025,30.5,74.5,SRI MUKTSAR SAHIB,PUNJAB,D533,MUKTSAR,2.09
12-01-2025,30.5,74.5,SRI MUKTSAR SAHIB,PUNJAB,D533,MUKTSAR,2.37
13-01-2025,30.5,74.5,SRI MUKTSAR SAHIB,PUNJAB,D533,MUKTSAR,2.35
14-01-2025,30.5,74.5,SRI MUKTSAR SAHIB,PUNJAB,D533,MUKTSAR,2.23
15-01-2025,30.5,74.5,SRI MUKTSAR SAHIB,PUNJAB,D533,MUKTSAR,2.39
16-01-2025,30.5,74.5,SRI MUKTSAR SAHIB,PUNJAB,D533,MUKTSAR,2.52
17-01-2025,30.5,74.5,SRI MUKTSAR SAHIB,PUNJAB,D533,MUKTSAR,2.67
18-01-2025,30.5,74.5,SRI MUKTSAR SAHIB,PUNJAB,D533,MUKTSAR,2.35
19-01-2025,30.5,74.5,SRI MUKTSAR SAHIB,PUNJAB,D533,MUKTSAR,1.73
20-01-2025,30.5,74.5,SRI MUKTSAR SAHIB,PUNJAB,D533,MUKTSAR,2.01
21-01-2025,30.5,74.5,SRI MUKTSAR SAHIB,PUNJAB,D533,MUKTSAR,2.29
22-01-2025,30.5,74.5,SRI MUKTSAR SAHIB,PUNJAB,D533,MUKTSAR,2.49
23-01-2025,30.5,74.5,SRI MUKTSAR SAHIB,PUNJAB,D533,MUKTSAR,2.4
24-01-2025,30.5,74.5,SRI MUKTSAR SAHIB,PUNJAB,D533,MUKTSAR,2.27
25-01-2025,30.5,74.5,SRI MUKTSAR SAHIB,PUNJAB,D533,MUKTSAR,1.98
26-01-2025,30.5,74.5,SRI MUKTSAR SAHIB,PUNJAB,D533,MUKTSAR,2.06
27-01-2025,30.5,74.5,SRI MUKTSAR SAHIB,PUNJAB,D533,MUKTSAR,1.84
28-01-2025,30.5,74.5,SRI MUKTSAR SAHIB,PUNJAB,D533,MUKTSAR,2.04
29-01-2025,30.5,74.5,SRI MUKTSAR SAHIB,PUNJAB,D533,MUKTSAR,2.27
30-01-2025,30.5,74.5,SRI MUKTSAR SAHIB,PUNJAB,D533,MUKTSAR,2.45
31-01-2025,30.5,74.5,SRI MUKTSAR SAHIB,PUNJAB,D533,MUKTSAR,2.25
01-02-2025,30.5,74.5,SRI MUKTSAR SAHIB,PUNJAB,D533,MUKTSAR,2.23
02-02-2025,30.5,74.5,SRI MUKTSAR SAHIB,PUNJAB,D533,MUKTSAR,2.17
03-02-2025,30.5,74.5,SRI MUKTSAR SAHIB,PUNJAB,D533,MUKTSAR,1.75
04-02-2025,30.5,74.5,SRI MUKTSAR SAHIB,PUNJAB,D533,MUKTSAR,2.24
05-02-2025,30.5,74.5,SRI MUKTSAR SAHIB,PUNJAB,D533,MUKTSAR,2.31
06-02-2025,30.5,74.5,SRI MUKTSAR SAHIB,PUNJAB,D533,MUKTSAR,2.24
07-02-2025,30.5,74.5,SRI MUKTSAR SAHIB,PUNJAB,D533,MUKTSAR,2.49
08-02-2025,30.5,74.5,SRI MUKTSAR SAHIB,PUNJAB,D533,MUKTSAR,2.1
09-02-2025,30.5,74.5,SRI MUKTSAR SAHIB,PUNJAB,D533,MUKTSAR,2.59
10-02-2025,30.5,74.5,SRI MUKTSAR SAHIB,PUNJAB,D533,MUKTSAR,2.52
11-02-2025,30.5,74.5,SRI MUKTSAR SAHIB,PUNJAB,D533,MUKTSAR,2.33
12-02-2025,30.5,74.5,SRI MUKTSAR SAHIB,PUNJAB,D533,MUKTSAR,2.2
13-02-2025,30.5,74.5,SRI MUKTSAR SAHIB,PUNJAB,D533,MUKTSAR,2.37
14-02-2025,30.5,74.5,SRI MUKTSAR SAHIB,PUNJAB,D533,MUKTSAR,2.25
15-02-2025,30.5,74.5,SRI MUKTSAR SAHIB,PUNJAB,D533,MUKTSAR,2.15
16-02-2025,30.5,74.5,SRI MUKTSAR SAHIB,PUNJAB,D533,MUKTSAR,2.33
17-02-2025,30.5,74.5,SRI MUKTSAR SAHIB,PUNJAB,D533,MUKTSAR,2.55
18-02-2025,30.5,74.5,SRI MUKTSAR SAHIB,PUNJAB,D533,MUKTSAR,2.52
19-02-2025,30.5,74.5,SRI MUKTSAR SAHIB,PUNJAB,D533,MUKTSAR,2.45
20-02-2025,30.5,74.5,SRI MUKTSAR SAHIB,PUNJAB,D533,MUKTSAR,2.89
21-02-2025,30.5,74.5,SRI MUKTSAR SAHIB,PUNJAB,D533,MUKTSAR,2.26
22-02-2025,30.5,74.5,SRI MUKTSAR SAHIB,PUNJAB,D533,MUKTSAR,2.1
23-02-2025,30.5,74.5,SRI MUKTSAR SAHIB,PUNJAB,D533,MUKTSAR,2.31
24-02-2025,30.5,74.5,SRI MUKTSAR SAHIB,PUNJAB,D533,MUKTSAR,2.34
25-02-2025,30.5,74.5,SRI MUKTSAR SAHIB,PUNJAB,D533,MUKTSAR,2.34
26-02-2025,30.5,74.5,SRI MUKTSAR SAHIB,PUNJAB,D533,MUKTSAR,2.38
27-02-2025,30.5,74.5,SRI MUKTSAR SAHIB,PUNJAB,D533,MUKTSAR,2.73
28-02-2025,30.5,74.5,SRI MUKTSAR SAHIB,PUNJAB,D533,MUKTSAR,2.28
29-02-2025,30.5,74.5,SRI MUKTSAR SAHIB,PUNJAB,D533,MUKTSAR,1.74
01-03-2025,30.5,74.5,SRI MUKTSAR SAHIB,PUNJAB,D533,MUKTSAR,2.11
02-03-2025,30.5,74.5,SRI MUKTSAR SAHIB,PUNJAB,D533,MUKTSAR,1.95
03-03-2025,30.5,74.5,SRI MUKTSAR SAHIB,PUNJAB,D533,MUKTSAR,1.89
04-03-2025,30.5,74.5,SRI MUKTSAR SAHIB,PUNJAB,D533,MUKTSAR,2.29
05-03-2025,30.5,74.5,SRI MUKTSAR SAHIB,PUNJAB,D533,MUKTSAR,2.32
06-03-2025,30.5,74.5,SRI MUKTSAR SAHIB,PUNJAB,D533,MUKTSAR,1.89
07-03-2025,30.5,74.5,SRI MUKTSAR SAHIB,PUNJAB,D533,MUKTSAR,2.02
08-03-2025,30.5,74.5,SRI MUKTSAR SAHIB,PUNJAB,D533,MUKTSAR,1.96
09-03-2025,30.5,74.5,SRI MUKTSAR SAHIB,PUNJAB,D533,MUKTSAR,2.15
10-03-2025,30.5,74.5,SRI MUKTSAR SAHIB,PUNJAB,D533,MUKTSAR,2.37
11-03-2025,30.5,74.5,SRI MUKTSAR SAHIB,PUNJAB,D533,MUKTSAR,2.31
12-03-2025,30.5,74.5,SRI MUKTSAR SAHIB,PUNJAB,D533,MUKTSAR,2.34
13-03-2025,30.5,74.5,SRI MUKTSAR SAHIB,PUNJAB,D533,MUKTSAR,2.3
14-03-2025,30.5,74.5,SRI MUKTSAR SAHIB,PUNJAB,D533,MUKTSAR,2.37
15-03-2025,30.5,74.5,SRI MUKTSAR SAHIB,PUNJAB,D533,MUKTSAR,2.5
16-03-2025,30.5,74.5,SRI MUKTSAR SAHIB,PUNJAB,D533,MUKTSAR,2.17
17-03-2025,30.5,74.5,SRI MUKTSAR SAHIB,PUNJAB,D533,MUKTSAR,2.01
18-03-2025,30.5,74.5,SRI MUKTSAR SAHIB,PUNJAB,D533,MUKTSAR,2.11
19-03-2025,30.5,74.5,SRI MUKTSAR SAHIB,PUNJAB,D533,MUKTSAR,2.14
20-03-2025,30.5,74.5,SRI MUKTSAR SAHIB,PUNJAB,D533,MUKTSAR,1.77
21-03-2025,30.5,74.5,SRI MUKTSAR SAHIB,PUNJAB,D533,MUKTSAR,2.18
22-03-2025,30.5,74.5,SRI MUKTSAR SAHIB,PUNJAB,D533,MUKTSAR,2.35
23-03-2025,30.5,74.5,SRI MUKTSAR SAHIB,PUNJAB,D533,MUKTSAR,2.15
24-03-2025,30.5,74.5,SRI MUKTSAR SAHIB,PUNJAB,D533,MUKTSAR,2.29
25-03-2025,30.5,74.5,SRI MUKTSAR SAHIB,PUNJAB,D533,MUKTSAR,2.02
26-03-2025,30.5,74.5,SRI MUKTSAR SAHIB,PUNJAB,D533,MUKTSAR,1.89
27-03-2025,30.5,74.5,SRI MUKTSAR SAHIB,PUNJAB,D533,MUKTSAR,1.72
28-03-2025,30.5,74.5,SRI MUKTSAR SAHIB,PUNJAB,D533,MUKTSAR,1.86
29-03-2025,30.5,74.5,SRI MUKTSAR SAHIB,PUNJAB,D533,MUKTSAR,1.94
30-03-2025,30.5,74.5,SRI MUKTSAR SAHIB,PUNJAB,D533,MUKTSAR,2.04
31-03-2025,30.5,74.5,SRI MUKTSAR SAHIB,PUNJAB,D533,MUKTSAR,2.03
01-04-2025,30.5,74.5,SRI MUKTSAR SAHIB,PUNJAB,D533,MUKTSAR,2.12
02-04-2025,30.5,74.5,SRI MUKTSAR SAHIB,PUNJAB,D533,MUKTSAR,2
03-04-2025,30.5,74.5,SRI MUKTSAR SAHIB,PUNJAB,D533,MUKTSAR,2.47
04-04-2025,30.5,74.5,SRI MUKTSAR SAHIB,PUNJAB,D533,MUKTSAR,2.22
05-04-2025,30.5,74.5,SRI MUKTSAR SAHIB,PUNJAB,D533,MUKTSAR,2.19
06-04-2025,30.5,74.5,SRI MUKTSAR SAHIB,PUNJAB,D533,MUKTSAR,2.29
07-04-2025,30.5,74.5,SRI MUKTSAR SAHIB,PUNJAB,D533,MUKTSAR,2.15
08-04-2025,30.5,74.5,SRI MUKTSAR SAHIB,PUNJAB,D533,MUKTSAR,2.41
09-04-2025,30.5,74.5,SRI MUKTSAR SAHIB,PUNJAB,D533,MUKTSAR,2.66
10-04-2025,30.5,74.5,SRI MUKTSAR SAHIB,PUNJAB,D533,MUKTSAR,2.78
11-04-2025,30.5,74.5,SRI MUKTSAR SAHIB,PUNJAB,D533,MUKTSAR,2.38
12-04-2025,30.5,74.5,SRI MUKTSAR SAHIB,PUNJAB,D533,MUKTSAR,2.48
13-04-2025,30.5,74.5,SRI MUKTSAR SAHIB,PUNJAB,D533,MUKTSAR,2.12
14-04-2025,30.5,74.5,SRI MUKTSAR SAHIB,PUNJAB,D533,MUKTSAR,1.9
15-04-2025,30.5,74.5,SRI MUKTSAR SAHIB,PUNJAB,D533,MUKTSAR,1.97
16-04-2025,30.5,74.5,SRI MUKTSAR SAHIB,PUNJAB,D533,MUKTSAR,2.16
17-04-2025,30.5,74.5,SRI MUKTSAR SAHIB,PUNJAB,D533,MUKTSAR,2.85
18-04-2025,30.5,74.5,SRI MUKTSAR SAHIB,PUNJAB,D533,MUKTSAR,2.99
19-04-2025,30.5,74.5,SRI MUKTSAR SAHIB,PUNJAB,D533,MUKTSAR,2.98
20-04-2025,30.5,74.5,SRI MUKTSAR SAHIB,PUNJAB,D533,MUKTSAR,2.87
21-04-2025,30.5,74.5,SRI MUKTSAR SAHIB,PUNJAB,D533,MUKTSAR,3.11
22-04-2025,30.5,74.5,SRI MUKTSAR SAHIB,PUNJAB,D533,MUKTSAR,2.32
23-04-2025,30.5,74.5,SRI MUKTSAR SAHIB,PUNJAB,D533,MUKTSAR,2.06
24-04-2025,30.5,74.5,SRI MUKTSAR SAHIB,PUNJAB,D533,MUKTSAR,2.13
25-04-2025,30.5,74.5,SRI MUKTSAR SAHIB,PUNJAB,D533,MUKTSAR,1.81
26-04-2025,30.5,74.5,SRI MUKTSAR SAHIB,PUNJAB,D533,MUKTSAR,1.71
27-04-2025,30.5,74.5,SRI MUKTSAR SAHIB,PUNJAB,D533,MUKTSAR,1.85
28-04-2025,30.5,74.5,SRI MUKTSAR SAHIB,PUNJAB,D533,MUKTSAR,1.97
29-04-2025,30.5,74.5,SRI MUKTSAR SAHIB,PUNJAB,D533,MUKTSAR,1.84
30-04-2025,30.5,74.5,SRI MUKTSAR SAHIB,PUNJAB,D533,MUKTSAR,2.24
01-05-2025,30.5,74.5,SRI MUKTSAR SAHIB,PUNJAB,D533,MUKTSAR,2.63
02-05-2025,30.5,74.5,SRI MUKTSAR SAHIB,PUNJAB,D533,MUKTSAR,2.56
03-05-2025,30.5,74.5,SRI MUKTSAR SAHIB,PUNJAB,D533,MUKTSAR,2.52
04-05-2025,30.5,74.5,SRI MUKTSAR SAHIB,PUNJAB,D533,MUKTSAR,2.51
05-05-2025,30.5,74.5,SRI MUKTSAR SAHIB,PUNJAB,D533,MUKTSAR,2.04
06-05-2025,30.5,74.5,SRI MUKTSAR SAHIB,PUNJAB,D533,MUKTSAR,2.11
07-05-2025,30.5,74.5,SRI MUKTSAR SAHIB,PUNJAB,D533,MUKTSAR,2.15
08-05-2025,30.5,74.5,SRI MUKTSAR SAHIB,PUNJAB,D533,MUKTSAR,2.54
09-05-2025,30.5,74.5,SRI MUKTSAR SAHIB,PUNJAB,D533,MUKTSAR,2.31
10-05-2025,30.5,74.5,SRI MUKTSAR SAHIB,PUNJAB,D533,MUKTSAR,2.7
11-05-2025,30.5,74.5,SRI MUKTSAR SAHIB,PUNJAB,D533,MUKTSAR,2.4
12-05-2025,30.5,74.5,SRI MUKTSAR SAHIB,PUNJAB,D533,MUKTSAR,2.57
13-05-2025,30.5,74.5,SRI MUKTSAR SAHIB,PUNJAB,D533,MUKTSAR,2.55
14-05-2025,30.5,74.5,SRI MUKTSAR SAHIB,PUNJAB,D533,MUKTSAR,2.72
15-05-2025,30.5,74.5,SRI MUKTSAR SAHIB,PUNJAB,D533,MUKTSAR,2.37
16-05-2025,30.5,74.5,SRI MUKTSAR SAHIB,PUNJAB,D533,MUKTSAR,2.75
17-05-2025,30.5,74.5,SRI MUKTSAR SAHIB,PUNJAB,D533,MUKTSAR,2.46
18-05-2025,30.5,74.5,SRI MUKTSAR SAHIB,PUNJAB,D533,MUKTSAR,2.4
19-05-2025,30.5,74.5,SRI MUKTSAR SAHIB,PUNJAB,D533,MUKTSAR,2.3
20-05-2025,30.5,74.5,SRI MUKTSAR SAHIB,PUNJAB,D533,MUKTSAR,2.74
21-05-2025,30.5,74.5,SRI MUKTSAR SAHIB,PUNJAB,D533,MUKTSAR,2.36
22-05-2025,30.5,74.5,SRI MUKTSAR SAHIB,PUNJAB,D533,MUKTSAR,1.99
23-05-2025,30.5,74.5,SRI MUKTSAR SAHIB,PUNJAB,D533,MUKTSAR,2.35
24-05-2025,30.5,74.5,SRI MUKTSAR SAHIB,PUNJAB,D533,MUKTSAR,2.75
25-05-2025,30.5,74.5,SRI MUKTSAR SAHIB,PUNJAB,D533,MUKTSAR,2.67
26-05-2025,30.5,74.5,SRI MUKTSAR SAHIB,PUNJAB,D533,MUKTSAR,2.3
27-05-2025,30.5,74.5,SRI MUKTSAR SAHIB,PUNJAB,D533,MUKTSAR,2.45
28-05-2025,30.5,74.5,SRI MUKTSAR SAHIB,PUNJAB,D533,MUKTSAR,2.38
29-05-2025,30.5,74.5,SRI MUKTSAR SAHIB,PUNJAB,D533,MUKTSAR,2.34
30-05-2025,30.5,74.5,SRI MUKTSAR SAHIB,PUNJAB,D533,MUKTSAR,2.24
31-05-2025,30.5,74.5,SRI MUKTSAR SAHIB,PUNJAB,D533,MUKTSAR,2.17
01-06-2025,30.5,74.5,SRI MUKTSAR SAHIB,PUNJAB,D533,MUKTSAR,2.67
02-06-2025,30.5,74.5,SRI MUKTSAR SAHIB,PUNJAB,D533,MUKTSAR,2.46
03-06-2025,30.5,74.5,SRI MUKTSAR SAHIB,PUNJAB,D533,MUKTSAR,2.29
04-06-2025,30.5,74.5,SRI MUKTSAR SAHIB,PUNJAB,D533,MUKTSAR,2.33
05-06-2025,30.5,74.5,SRI MUKTSAR SAHIB,PUNJAB,D533,MUKTSAR,2.9
06-06-2025,30.5,74.5,SRI MUKTSAR SAHIB,PUNJAB,D533,MUKTSAR,2.16
07-06-2025,30.5,74.5,SRI MUKTSAR SAHIB,PUNJAB,D533,MUKTSAR,2.13
08-06-2025,30.5,74.5,SRI MUKTSAR SAHIB,PUNJAB,D533,MUKTSAR,2.39
09-06-2025,30.5,74.5,SRI MUKTSAR SAHIB,PUNJAB,D533,MUKTSAR,2.09
10-06-2025,30.5,74.5,SRI MUKTSAR SAHIB,PUNJAB,D533,MUKTSAR,2.13
11-06-2025,30.5,74.5,SRI MUKTSAR SAHIB,PUNJAB,D533,MUKTSAR,2.28
12-06-2025,30.5,74.5,SRI MUKTSAR SAHIB,PUNJAB,D533,MUKTSAR,1.83
13-06-2025,30.5,74.5,SRI MUKTSAR SAHIB,PUNJAB,D533,MUKTSAR,1.97
14-06-2025,30.5,74.5,SRI MUKTSAR SAHIB,PUNJAB,D533,MUKTSAR,1.78
15-06-2025,30.5,74.5,SRI MUKTSAR SAHIB,PUNJAB,D533,MUKTSAR,1.81
16-06-2025,30.5,74.5,SRI MUKTSAR SAHIB,PUNJAB,D533,MUKTSAR,2.14
17-06-2025,30.5,74.5,SRI MUKTSAR SAHIB,PUNJAB,D533,MUKTSAR,2.48
18-06-2025,30.5,74.5,SRI MUKTSAR SAHIB,PUNJAB,D533,MUKTSAR,2.48
19-06-2025,30.5,74.5,SRI MUKTSAR SAHIB,PUNJAB,D533,MUKTSAR,2.19
20-06-2025,30.5,74.5,SRI MUKTSAR SAHIB,PUNJAB,D533,MUKTSAR,1.67
21-06-2025,30.5,74.5,SRI MUKTSAR SAHIB,PUNJAB,D533,MUKTSAR,2.13
22-06-2025,30.5,74.5,SRI MUKTSAR SAHIB,PUNJAB,D533,MUKTSAR,2.2
23-06-2025,30.5,74.5,SRI MUKTSAR SAHIB,PUNJAB,D533,MUKTSAR,1.93
24-06-2025,30.5,74.5,SRI MUKTSAR SAHIB,PUNJAB,D533,MUKTSAR,1.57
25-06-2025,30.5,74.5,SRI MUKTSAR SAHIB,PUNJAB,D533,MUKTSAR,1.87
26-06-2025,30.5,74.5,SRI MUKTSAR SAHIB,PUNJAB,D533,MUKTSAR,1.64
27-06-2025,30.5,74.5,SRI MUKTSAR SAHIB,PUNJAB,D533,MUKTSAR,1.51
28-06-2025,30.5,74.5,SRI MUKTSAR SAHIB,PUNJAB,D533,MUKTSAR,1.59
29-06-2025,30.5,74.5,SRI MUKTSAR SAHIB,PUNJAB,D533,MUKTSAR,1.42
30-06-2025,30.5,74.5,SRI MUKTSAR SAHIB,PUNJAB,D533,MUKTSAR,1.59
01-07-2025,30.5,74.5,SRI MUKTSAR SAHIB,PUNJAB,D533,MUKTSAR,1.62
02-07-2025,30.5,74.5,SRI MUKTSAR SAHIB,PUNJAB,D533,MUKTSAR,1.5
03-07-2025,30.5,74.5,SRI MUKTSAR SAHIB,PUNJAB,D533,MUKTSAR,1.6
04-07-2025,30.5,74.5,SRI MUKTSAR SAHIB,PUNJAB,D533,MUKTSAR,1.47
05-07-2025,30.5,74.5,SRI MUKTSAR SAHIB,PUNJAB,D533,MUKTSAR,1.62
06-07-2025,30.5,74.5,SRI MUKTSAR SAHIB,PUNJAB,D533,MUKTSAR,1.42
07-07-2025,30.5,74.5,SRI MUKTSAR SAHIB,PUNJAB,D533,MUKTSAR,1.3
08-07-2025,30.5,74.5,SRI MUKTSAR SAHIB,PUNJAB,D533,MUKTSAR,1.34
09-07-2025,30.5,74.5,SRI MUKTSAR SAHIB,PUNJAB,D533,MUKTSAR,1.33
10-07-2025,30.5,74.5,SRI MUKTSAR SAHIB,PUNJAB,D533,MUKTSAR,1.46
11-07-2025,30.5,74.5,SRI MUKTSAR SAHIB,PUNJAB,D533,MUKTSAR,1.44
12-07-2025,30.5,74.5,SRI MUKTSAR SAHIB,PUNJAB,D533,MUKTSAR,1.31
13-07-2025,30.5,74.5,SRI MUKTSAR SAHIB,PUNJAB,D533,MUKTSAR,1.42
14-07-2025,30.5,74.5,SRI MUKTSAR SAHIB,PUNJAB,D533,MUKTSAR,1.24
15-07-2025,30.5,74.5,SRI MUKTSAR SAHIB,PUNJAB,D533,MUKTSAR,1
16-07-2025,30.5,74.5,SRI MUKTSAR SAHIB,PUNJAB,D533,MUKTSAR,1.23
17-07-2025,30.5,74.5,SRI MUKTSAR SAHIB,PUNJAB,D533,MUKTSAR,1.31
18-07-2025,30.5,74.5,SRI MUKTSAR SAHIB,PUNJAB,D533,MUKTSAR,1.17
19-07-2025,30.5,74.5,SRI MUKTSAR SAHIB,PUNJAB,D533,MUKTSAR,0.99
20-07-2025,30.5,74.5,SRI MUKTSAR SAHIB,PUNJAB,D533,MUKTSAR,1.12
21-07-2025,30.5,74.5,SRI MUKTSAR SAHIB,PUNJAB,D533,MUKTSAR,1.23
22-07-2025,30.5,74.5,SRI MUKTSAR SAHIB,PUNJAB,D533,MUKTSAR,1.13
23-07-2025,30.5,74.5,SRI MUKTSAR SAHIB,PUNJAB,D533,MUKTSAR,1.01
24-07-2025,30.5,74.5,SRI MUKTSAR SAHIB,PUNJAB,D533,MUKTSAR,0.97
25-07-2025,30.5,74.5,SRI MUKTSAR SAHIB,PUNJAB,D533,MUKTSAR,0.81
26-07-2025,30.5,74.5,SRI MUKTSAR SAHIB,PUNJAB,D533,MUKTSAR,0.91
27-07-2025,30.5,74.5,SRI MUKTSAR SAHIB,PUNJAB,D533,MUKTSAR,0.87
28-07-2025,30.5,74.5,SRI MUKTSAR SAHIB,PUNJAB,D533,MUKTSAR,1.16
29-07-2025,30.5,74.5,SRI MUKTSAR SAHIB,PUNJAB,D533,MUKTSAR,1.09
30-07-2025,30.5,74.5,SRI MUKTSAR SAHIB,PUNJAB,D533,MUKTSAR,0.85
31-07-2025,30.5,74.5,SRI MUKTSAR SAHIB,PUNJAB,D533,MUKTSAR,0.89
01-08-2025,30.5,74.5,SRI MUKTSAR SAHIB,PUNJAB,D533,MUKTSAR,0.93
02-08-2025,30.5,74.5,SRI MUKTSAR SAHIB,PUNJAB,D533,MUKTSAR,0.96
03-08-2025,30.5,74.5,SRI MUKTSAR SAHIB,PUNJAB,D533,MUKTSAR,1.16
04-08-2025,30.5,74.5,SRI MUKTSAR SAHIB,PUNJAB,D533,MUKTSAR,1.04
05-08-2025,30.5,74.5,SRI MUKTSAR SAHIB,PUNJAB,D533,MUKTSAR,0.89
06-08-2025,30.5,74.5,SRI MUKTSAR SAHIB,PUNJAB,D533,MUKTSAR,0.8
07-08-2025,30.5,74.5,SRI MUKTSAR SAHIB,PUNJAB,D533,MUKTSAR,0.96
08-08-2025,30.5,74.5,SRI MUKTSAR SAHIB,PUNJAB,D533,MUKTSAR,0.95
09-08-2025,30.5,74.5,SRI MUKTSAR SAHIB,PUNJAB,D533,MUKTSAR,0.83
10-08-2025,30.5,74.5,SRI MUKTSAR SAHIB,PUNJAB,D533,MUKTSAR,0.81
11-08-2025,30.5,74.5,SRI MUKTSAR SAHIB,PUNJAB,D533,MUKTSAR,0.83
12-08-2025,30.5,74.5,SRI MUKTSAR SAHIB,PUNJAB,D533,MUKTSAR,0.84
13-08-2025,30.5,74.5,SRI MUKTSAR SAHIB,PUNJAB,D533,MUKTSAR,1.05
14-08-2025,30.5,74.5,SRI MUKTSAR SAHIB,PUNJAB,D533,MUKTSAR,1.04
15-08-2025,30.5,74.5,SRI MUKTSAR SAHIB,PUNJAB,D533,MUKTSAR,0.85
16-08-2025,30.5,74.5,SRI MUKTSAR SAHIB,PUNJAB,D533,MUKTSAR,0.85
17-08-2025,30.5,74.5,SRI MUKTSAR SAHIB,PUNJAB,D533,MUKTSAR,0.85
18-08-2025,30.5,74.5,SRI MUKTSAR SAHIB,PUNJAB,D533,MUKTSAR,1.13
19-08-2025,30.5,74.5,SRI MUKTSAR SAHIB,PUNJAB,D533,MUKTSAR,1.01
20-08-2025,30.5,74.5,SRI MUKTSAR SAHIB,PUNJAB,D533,MUKTSAR,0.99
21-08-2025,30.5,74.5,SRI MUKTSAR SAHIB,PUNJAB,D533,MUKTSAR,0.83
22-08-2025,30.5,74.5,SRI MUKTSAR SAHIB,PUNJAB,D533,MUKTSAR,0.96
23-08-2025,30.5,74.5,SRI MUKTSAR SAHIB,PUNJAB,D533,MUKTSAR,0.9
24-08-2025,30.5,74.5,SRI MUKTSAR SAHIB,PUNJAB,D533,MUKTSAR,0.74
25-08-2025,30.5,74.5,SRI MUKTSAR SAHIB,PUNJAB,D533,MUKTSAR,1
26-08-2025,30.5,74.5,SRI MUKTSAR SAHIB,PUNJAB,D533,MUKTSAR,0.99
27-08-2025,30.5,74.5,SRI MUKTSAR SAHIB,PUNJAB,D533,MUKTSAR,0.75
28-08-2025,30.5,74.5,SRI MUKTSAR SAHIB,PUNJAB,D533,MUKTSAR,0.82
29-08-2025,30.5,74.5,SRI MUKTSAR SAHIB,PUNJAB,D533,MUKTSAR,0.82
30-08-2025,30.5,74.5,SRI MUKTSAR SAHIB,PUNJAB,D533,MUKTSAR,0.75
31-08-2025,30.5,74.5,SRI MUKTSAR SAHIB,PUNJAB,D533,MUKTSAR,1.04
01-09-2025,30.5,74.5,SRI MUKTSAR SAHIB,PUNJAB,D533,MUKTSAR,0.93
02-09-2025,30.5,74.5,SRI MUKTSAR SAHIB,PUNJAB,D533,MUKTSAR,1.06
03-09-2025,30.5,74.5,SRI MUKTSAR SAHIB,PUNJAB,D533,MUKTSAR,1.16
04-09-2025,30.5,74.5,SRI MUKTSAR SAHIB,PUNJAB,D533,MUKTSAR,1.02
05-09-2025,30.5,74.5,SRI MUKTSAR SAHIB,PUNJAB,D533,MUKTSAR,1.04
06-09-2025,30.5,74.5,SRI MUKTSAR SAHIB,PUNJAB,D533,MUKTSAR,1.35
07-09-2025,30.5,74.5,SRI MUKTSAR SAHIB,PUNJAB,D533,MUKTSAR,1.34
08-09-2025,30.5,74.5,SRI MUKTSAR SAHIB,PUNJAB,D533,MUKTSAR,1.22
09-09-2025,30.5,74.5,SRI MUKTSAR SAHIB,PUNJAB,D533,MUKTSAR,1.04
10-09-2025,30.5,74.5,SRI MUKTSAR SAHIB,PUNJAB,D533,MUKTSAR,1.08
11-09-2025,30.5,74.5,SRI MUKTSAR SAHIB,PUNJAB,D533,MUKTSAR,1.06
12-09-2025,30.5,74.5,SRI MUKTSAR SAHIB,PUNJAB,D533,MUKTSAR,1.32
13-09-2025,30.5,74.5,SRI MUKTSAR SAHIB,PUNJAB,D533,MUKTSAR,1.39
14-09-2025,30.5,74.5,SRI MUKTSAR SAHIB,PUNJAB,D533,MUKTSAR,1.26
15-09-2025,30.5,74.5,SRI MUKTSAR SAHIB,PUNJAB,D533,MUKTSAR,1.25
16-09-2025,30.5,74.5,SRI MUKTSAR SAHIB,PUNJAB,D533,MUKTSAR,1.24
17-09-2025,30.5,74.5,SRI MUKTSAR SAHIB,PUNJAB,D533,MUKTSAR,1.24
18-09-2025,30.5,74.5,SRI MUKTSAR SAHIB,PUNJAB,D533,MUKTSAR,1.32
19-09-2025,30.5,74.5,SRI MUKTSAR SAHIB,PUNJAB,D533,MUKTSAR,1.46
20-09-2025,30.5,74.5,SRI MUKTSAR SAHIB,PUNJAB,D533,MUKTSAR,1.48
21-09-2025,30.5,74.5,SRI MUKTSAR SAHIB,PUNJAB,D533,MUKTSAR,1.26
22-09-2025,30.5,74.5,SRI MUKTSAR SAHIB,PUNJAB,D533,MUKTSAR,1.23
23-09-2025,30.5,74.5,SRI MUKTSAR SAHIB,PUNJAB,D533,MUKTSAR,1.56
24-09-2025,30.5,74.5,SRI MUKTSAR SAHIB,PUNJAB,D533,MUKTSAR,1.49
25-09-2025,30.5,74.5,SRI MUKTSAR SAHIB,PUNJAB,D533,MUKTSAR,1.29
26-09-2025,30.5,74.5,SRI MUKTSAR SAHIB,PUNJAB,D533,MUKTSAR,1.52
27-09-2025,30.5,74.5,SRI MUKTSAR SAHIB,PUNJAB,D533,MUKTSAR,1.33
28-09-2025,30.5,74.5,SRI MUKTSAR SAHIB,PUNJAB,D533,MUKTSAR,1.35
29-09-2025,30.5,74.5,SRI MUKTSAR SAHIB,PUNJAB,D533,MUKTSAR,1.63
30-09-2025,30.5,74.5,SRI MUKTSAR SAHIB,PUNJAB,D533,MUKTSAR,1.73
01-10-2025,30.5,74.5,SRI MUKTSAR SAHIB,PUNJAB,D533,MUKTSAR,1.74
02-10-2025,30.5,74.5,SRI MUKTSAR SAHIB,PUNJAB,D533,MUKTSAR,1.9
03-10-2025,30.5,74.5,SRI MUKTSAR SAHIB,PUNJAB,D533,MUKTSAR,1.84
04-10-2025,30.5,74.5,SRI MUKTSAR SAHIB,PUNJAB,D533,MUKTSAR,1.74
05-10-2025,30.5,74.5,SRI MUKTSAR SAHIB,PUNJAB,D533,MUKTSAR,1.65
06-10-2025,30.5,74.5,SRI MUKTSAR SAHIB,PUNJAB,D533,MUKTSAR,1.44
07-10-2025,30.5,74.5,SRI MUKTSAR SAHIB,PUNJAB,D533,MUKTSAR,1.55
08-10-2025,30.5,74.5,SRI MUKTSAR SAHIB,PUNJAB,D533,MUKTSAR,1.6
09-10-2025,30.5,74.5,SRI MUKTSAR SAHIB,PUNJAB,D533,MUKTSAR,1.76
10-10-2025,30.5,74.5,SRI MUKTSAR SAHIB,PUNJAB,D533,MUKTSAR,1.5
11-10-2025,30.5,74.5,SRI MUKTSAR SAHIB,PUNJAB,D533,MUKTSAR,1.48
12-10-2025,30.5,74.5,SRI MUKTSAR SAHIB,PUNJAB,D533,MUKTSAR,1.53
13-10-2025,30.5,74.5,SRI MUKTSAR SAHIB,PUNJAB,D533,MUKTSAR,1.47
14-10-2025,30.5,74.5,SRI MUKTSAR SAHIB,PUNJAB,D533,MUKTSAR,1.49
15-10-2025,30.5,74.5,SRI MUKTSAR SAHIB,PUNJAB,D533,MUKTSAR,1.45
16-10-2025,30.5,74.5,SRI MUKTSAR SAHIB,PUNJAB,D533,MUKTSAR,1.38
17-10-2025,30.5,74.5,SRI MUKTSAR SAHIB,PUNJAB,D533,MUKTSAR,1.54
18-10-2025,30.5,74.5,SRI MUKTSAR SAHIB,PUNJAB,D533,MUKTSAR,1.5
19-10-2025,30.5,74.5,SRI MUKTSAR SAHIB,PUNJAB,D533,MUKTSAR,1.48
20-10-2025,30.5,74.5,SRI MUKTSAR SAHIB,PUNJAB,D533,MUKTSAR,1.37
21-10-2025,30.5,74.5,SRI MUKTSAR SAHIB,PUNJAB,D533,MUKTSAR,1.45
22-10-2025,30.5,74.5,SRI MUKTSAR SAHIB,PUNJAB,D533,MUKTSAR,1.34
23-10-2025,30.5,74.5,SRI MUKTSAR SAHIB,PUNJAB,D533,MUKTSAR,1.58
24-10-2025,30.5,74.5,SRI MUKTSAR SAHIB,PUNJAB,D533,MUKTSAR,1.51
25-10-2025,30.5,74.5,SRI MUKTSAR SAHIB,PUNJAB,D533,MUKTSAR,1.59
26-10-2025,30.5,74.5,SRI MUKTSAR SAHIB,PUNJAB,D533,MUKTSAR,1.35
27-10-2025,30.5,74.5,SRI MUKTSAR SAHIB,PUNJAB,D533,MUKTSAR,1.3
28-10-2025,30.5,74.5,SRI MUKTSAR SAHIB,PUNJAB,D533,MUKTSAR,1.7
29-10-2025,30.5,74.5,SRI MUKTSAR SAHIB,PUNJAB,D533,MUKTSAR,1.8
30-10-2025,30.5,74.5,SRI MUKTSAR SAHIB,PUNJAB,D533,MUKTSAR,1.76
31-10-2025,30.5,74.5,SRI MUKTSAR SAHIB,PUNJAB,D533,MUKTSAR,1.79
01-11-2025,30.5,74.5,SRI MUKTSAR SAHIB,PUNJAB,D533,MUKTSAR,1.65
02-11-2025,30.5,74.5,SRI MUKTSAR SAHIB,PUNJAB,D533,MUKTSAR,1.64
03-11-2025,30.5,74.5,SRI MUKTSAR SAHIB,PUNJAB,D533,MUKTSAR,1.64
04-11-2025,30.5,74.5,SRI MUKTSAR SAHIB,PUNJAB,D533,MUKTSAR,1.4
05-11-2025,30.5,74.5,SRI MUKTSAR SAHIB,PUNJAB,D533,MUKTSAR,1.66
06-11-2025,30.5,74.5,SRI MUKTSAR SAHIB,PUNJAB,D533,MUKTSAR,1.63
07-11-2025,30.5,74.5,SRI MUKTSAR SAHIB,PUNJAB,D533,MUKTSAR,1.8
08-11-2025,30.5,74.5,SRI MUKTSAR SAHIB,PUNJAB,D533,MUKTSAR,2.01
09-11-2025,30.5,74.5,SRI MUKTSAR SAHIB,PUNJAB,D533,MUKTSAR,1.9
10-11-2025,30.5,74.5,SRI MUKTSAR SAHIB,PUNJAB,D533,MUKTSAR,1.93
11-11-2025,30.5,74.5,SRI MUKTSAR SAHIB,PUNJAB,D533,MUKTSAR,1.83
12-11-2025,30.5,74.5,SRI MUKTSAR SAHIB,PUNJAB,D533,MUKTSAR,1.65
13-11-2025,30.5,74.5,SRI MUKTSAR SAHIB,PUNJAB,D533,MUKTSAR,1.72
14-11-2025,30.5,74.5,SRI MUKTSAR SAHIB,PUNJAB,D533,MUKTSAR,1.8
15-11-2025,30.5,74.5,SRI MUKTSAR SAHIB,PUNJAB,D533,MUKTSAR,1.74
16-11-2025,30.5,74.5,SRI MUKTSAR SAHIB,PUNJAB,D533,MUKTSAR,1.73
17-11-2025,30.5,74.5,SRI MUKTSAR SAHIB,PUNJAB,D533,MUKTSAR,1.7
18-11-2025,30.5,74.5,SRI MUKTSAR SAHIB,PUNJAB,D533,MUKTSAR,1.75
19-11-2025,30.5,74.5,SRI MUKTSAR SAHIB,PUNJAB,D533,MUKTSAR,1.44
20-11-2025,30.5,74.5,SRI MUKTSAR SAHIB,PUNJAB,D533,MUKTSAR,1.46
21-11-2025,30.5,74.5,SRI MUKTSAR SAHIB,PUNJAB,D533,MUKTSAR,1.49
22-11-2025,30.5,74.5,SRI MUKTSAR SAHIB,PUNJAB,D533,MUKTSAR,1.82
23-11-2025,30.5,74.5,SRI MUKTSAR SAHIB,PUNJAB,D533,MUKTSAR,1.93
24-11-2025,30.5,74.5,SRI MUKTSAR SAHIB,PUNJAB,D533,MUKTSAR,1.85
25-11-2025,30.5,74.5,SRI MUKTSAR SAHIB,PUNJAB,D533,MUKTSAR,1.73
26-11-2025,30.5,74.5,SRI MUKTSAR SAHIB,PUNJAB,D533,MUKTSAR,1.71
27-11-2025,30.5,74.5,SRI MUKTSAR SAHIB,PUNJAB,D533,MUKTSAR,1.77
28-11-2025,30.5,74.5,SRI MUKTSAR SAHIB,PUNJAB,D533,MUKTSAR,1.7
29-11-2025,30.5,74.5,SRI MUKTSAR SAHIB,PUNJAB,D533,MUKTSAR,1.67
30-11-2025,30.5,74.5,SRI MUKTSAR SAHIB,PUNJAB,D533,MUKTSAR,1.87
01-12-2025,30.5,74.5,SRI MUKTSAR SAHIB,PUNJAB,D533,MUKTSAR,1.92
02-12-2025,30.5,74.5,SRI MUKTSAR SAHIB,PUNJAB,D533,MUKTSAR,1.9
03-12-2025,30.5,74.5,SRI MUKTSAR SAHIB,PUNJAB,D533,MUKTSAR,1.73
04-12-2025,30.5,74.5,SRI MUKTSAR SAHIB,PUNJAB,D533,MUKTSAR,1.76
05-12-2025,30.5,74.5,SRI MUKTSAR SAHIB,PUNJAB,D533,MUKTSAR,1.72
06-12-2025,30.5,74.5,SRI MUKTSAR SAHIB,PUNJAB,D533,MUKTSAR,1.57
07-12-2025,30.5,74.5,SRI MUKTSAR SAHIB,PUNJAB,D533,MUKTSAR,1.83
08-12-2025,30.5,74.5,SRI MUKTSAR SAHIB,PUNJAB,D533,MUKTSAR,1.99
09-12-2025,30.5,74.5,SRI MUKTSAR SAHIB,PUNJAB,D533,MUKTSAR,2.25
10-12-2025,30.5,74.5,SRI MUKTSAR SAHIB,PUNJAB,D533,MUKTSAR,2.07
11-12-2025,30.5,74.5,SRI MUKTSAR SAHIB,PUNJAB,D533,MUKTSAR,2.23
12-12-2025,30.5,74.5,SRI MUKTSAR SAHIB,PUNJAB,D533,MUKTSAR,2.14
13-12-2025,30.5,74.5,SRI MUKTSAR SAHIB,PUNJAB,D533,MUKTSAR,2
14-12-2025,30.5,74.5,SRI MUKTSAR SAHIB,PUNJAB,D533,MUKTSAR,1.81
15-12-2025,30.5,74.5,SRI MUKTSAR SAHIB,PUNJAB,D533,MUKTSAR,2.13
16-12-2025,30.5,74.5,SRI MUKTSAR SAHIB,PUNJAB,D533,MUKTSAR,2.11
17-12-2025,30.5,74.5,SRI MUKTSAR SAHIB,PUNJAB,D533,MUKTSAR,2.01
18-12-2025,30.5,74.5,SRI MUKTSAR SAHIB,PUNJAB,D533,MUKTSAR,2.31
19-12-2025,30.5,74.5,SRI MUKTSAR SAHIB,PUNJAB,D533,MUKTSAR,2.54
20-12-2025,30.5,74.5,SRI MUKTSAR SAHIB,PUNJAB,D533,MUKTSAR,2.22
21-12-2025,30.5,74.5,SRI MUKTSAR SAHIB,PUNJAB,D533,MUKTSAR,2.06
22-12-2025,30.5,74.5,SRI MUKTSAR SAHIB,PUNJAB,D533,MUKTSAR,1.89
23-12-2025,30.5,74.5,SRI MUKTSAR SAHIB,PUNJAB,D533,MUKTSAR,1.77
24-12-2025,30.5,74.5,SRI MUKTSAR SAHIB,PUNJAB,D533,MUKTSAR,1.83
25-12-2025,30.5,74.5,SRI MUKTSAR SAHIB,PUNJAB,D533,MUKTSAR,1.76
26-12-2025,30.5,74.5,SRI MUKTSAR SAHIB,PUNJAB,D533,MUKTSAR,1.79
27-12-2025,30.5,74.5,SRI MUKTSAR SAHIB,PUNJAB,D533,MUKTSAR,1.76
28-12-2025,30.5,74.5,SRI MUKTSAR SAHIB,PUNJAB,D533,MUKTSAR,1.8
29-12-2025,30.5,74.5,SRI MUKTSAR SAHIB,PUNJAB,D533,MUKTSAR,1.81
30-12-2025,30.5,74.5,SRI MUKTSAR SAHIB,PUNJAB,D533,MUKTSAR,2.06
31-12-2025,30.5,74.5,SRI MUKTSAR SAHIB,PUNJAB,D533,MUKTSAR,2.16
01-01-2025,25.5,84.5,BHOJPUR,BIHAR,D97,PIRO,2.5
02-01-2025,25.5,84.5,BHOJPUR,BIHAR,D97,PIRO,2.48
03-01-2025,25.5,84.5,BHOJPUR,BIHAR,D97,PIRO,2.58
04-01-2025,25.5,84.5,BHOJPUR,BIHAR,D97,PIRO,2.43
05-01-2025,25.5,84.5,BHOJPUR,BIHAR,D97,PIRO,2.3
06-01-2025,25.5,84.5,BHOJPUR,BIHAR,D97,PIRO,2.35
07-01-2025,25.5,84.5,BHOJPUR,BIHAR,D97,PIRO,2.7
08-01-2025,25.5,84.5,BHOJPUR,BIHAR,D97,PIRO,2.85
09-01-2025,25.5,84.5,BHOJPUR,BIHAR,D97,PIRO,2.97
10-01-2025,25.5,84.5,BHOJPUR,BIHAR,D97,PIRO,2.81
11-01-2025,25.5,84.5,BHOJPUR,BIHAR,D97,PIRO,2.63
12-01-2025,25.5,84.5,BHOJPUR,BIHAR,D97,PIRO,2.31
13-01-2025,25.5,84.5,BHOJPUR,BIHAR,D97,PIRO,2.01
14-01-2025,25.5,84.5,BHOJPUR,BIHAR,D97,PIRO,1.82
15-01-2025,25.5,84.5,BHOJPUR,BIHAR,D97,PIRO,2.07
16-01-2025,25.5,84.5,BHOJPUR,BIHAR,D97,PIRO,2.1
17-01-2025,25.5,84.5,BHOJPUR,BIHAR,D97,PIRO,2.16
18-01-2025,25.5,84.5,BHOJPUR,BIHAR,D97,PIRO,2.65
19-01-2025,25.5,84.5,BHOJPUR,BIHAR,D97,PIRO,2.79
20-01-2025,25.5,84.5,BHOJPUR,BIHAR,D97,PIRO,2.67
21-01-2025,25.5,84.5,BHOJPUR,BIHAR,D97,PIRO,1.97
22-01-2025,25.5,84.5,BHOJPUR,BIHAR,D97,PIRO,2.08
23-01-2025,25.5,84.5,BHOJPUR,BIHAR,D97,PIRO,2.67
24-01-2025,25.5,84.5,BHOJPUR,BIHAR,D97,PIRO,2.39
25-01-2025,25.5,84.5,BHOJPUR,BIHAR,D97,PIRO,2.44
26-01-2025,25.5,84.5,BHOJPUR,BIHAR,D97,PIRO,2.43
27-01-2025,25.5,84.5,BHOJPUR,BIHAR,D97,PIRO,2.28
28-01-2025,25.5,84.5,BHOJPUR,BIHAR,D97,PIRO,2.35
29-01-2025,25.5,84.5,BHOJPUR,BIHAR,D97,PIRO,2.16
30-01-2025,25.5,84.5,BHOJPUR,BIHAR,D97,PIRO,2.12
31-01-2025,25.5,84.5,BHOJPUR,BIHAR,D97,PIRO,2.2
01-02-2025,25.5,84.5,BHOJPUR,BIHAR,D97,PIRO,2.15
02-02-2025,25.5,84.5,BHOJPUR,BIHAR,D97,PIRO,2.11
03-02-2025,25.5,84.5,BHOJPUR,BIHAR,D97,PIRO,1.81
04-02-2025,25.5,84.5,BHOJPUR,BIHAR,D97,PIRO,1.9
05-02-2025,25.5,84.5,BHOJPUR,BIHAR,D97,PIRO,1.8
06-02-2025,25.5,84.5,BHOJPUR,BIHAR,D97,PIRO,1.74
07-02-2025,25.5,84.5,BHOJPUR,BIHAR,D97,PIRO,2.14
08-02-2025,25.5,84.5,BHOJPUR,BIHAR,D97,PIRO,2.35
09-02-2025,25.5,84.5,BHOJPUR,BIHAR,D97,PIRO,2.05
10-02-2025,25.5,84.5,BHOJPUR,BIHAR,D97,PIRO,2.21
11-02-2025,25.5,84.5,BHOJPUR,BIHAR,D97,PIRO,1.89
12-02-2025,25.5,84.5,BHOJPUR,BIHAR,D97,PIRO,2.24
13-02-2025,25.5,84.5,BHOJPUR,BIHAR,D97,PIRO,2.17
14-02-2025,25.5,84.5,BHOJPUR,BIHAR,D97,PIRO,2.07
15-02-2025,25.5,84.5,BHOJPUR,BIHAR,D97,PIRO,2.1
16-02-2025,25.5,84.5,BHOJPUR,BIHAR,D97,PIRO,1.96
17-02-2025,25.5,84.5,BHOJPUR,BIHAR,D97,PIRO,1.67
18-02-2025,25.5,84.5,BHOJPUR,BIHAR,D97,PIRO,1.95
19-02-2025,25.5,84.5,BHOJPUR,BIHAR,D97,PIRO,2.14
20-02-2025,25.5,84.5,BHOJPUR,BIHAR,D97,PIRO,2.17
21-02-2025,25.5,84.5,BHOJPUR,BIHAR,D97,PIRO,2.01
22-02-2025,25.5,84.5,BHOJPUR,BIHAR,D97,PIRO,1.76
23-02-2025,25.5,84.5,BHOJPUR,BIHAR,D97,PIRO,1.51
24-02-2025,25.5,84.5,BHOJPUR,BIHAR,D97,PIRO,1.82
25-02-2025,25.5,84.5,BHOJPUR,BIHAR,D97,PIRO,2.03
26-02-2025,25.5,84.5,BHOJPUR,BIHAR,D97,PIRO,2.01
27-02-2025,25.5,84.5,BHOJPUR,BIHAR,D97,PIRO,1.75
28-02-2025,25.5,84.5,BHOJPUR,BIHAR,D97,PIRO,1.87
29-02-2025,25.5,84.5,BHOJPUR,BIHAR,D97,PIRO,1.72
01-03-2025,25.5,84.5,BHOJPUR,BIHAR,D97,PIRO,2.07
02-03-2025,25.5,84.5,BHOJPUR,BIHAR,D97,PIRO,1.89
03-03-2025,25.5,84.5,BHOJPUR,BIHAR,D97,PIRO,1.84
04-03-2025,25.5,84.5,BHOJPUR,BIHAR,D97,PIRO,1.5
05-03-2025,25.5,84.5,BHOJPUR,BIHAR,D97,PIRO,2.06
06-03-2025,25.5,84.5,BHOJPUR,BIHAR,D97,PIRO,2.07
07-03-2025,25.5,84.5,BHOJPUR,BIHAR,D97,PIRO,2.06
08-03-2025,25.5,84.5,BHOJPUR,BIHAR,D97,PIRO,2.17
09-03-2025,25.5,84.5,BHOJPUR,BIHAR,D97,PIRO,2.21
10-03-2025,25.5,84.5,BHOJPUR,BIHAR,D97,PIRO,2.01
11-03-2025,25.5,84.5,BHOJPUR,BIHAR,D97,PIRO,1.67
12-03-2025,25.5,84.5,BHOJPUR,BIHAR,D97,PIRO,1.43
13-03-2025,25.5,84.5,BHOJPUR,BIHAR,D97,PIRO,1.79
14-03-2025,25.5,84.5,BHOJPUR,BIHAR,D97,PIRO,1.69
15-03-2025,25.5,84.5,BHOJPUR,BIHAR,D97,PIRO,1.73
16-03-2025,25.5,84.5,BHOJPUR,BIHAR,D97,PIRO,1.85
17-03-2025,25.5,84.5,BHOJPUR,BIHAR,D97,PIRO,1.79
18-03-2025,25.5,84.5,BHOJPUR,BIHAR,D97,PIRO,1.67
19-03-2025,25.5,84.5,BHOJPUR,BIHAR,D97,PIRO,1.75
20-03-2025,25.5,84.5,BHOJPUR,BIHAR,D97,PIRO,1.99
21-03-2025,25.5,84.5,BHOJPUR,BIHAR,D97,PIRO,1.97
22-03-2025,25.5,84.5,BHOJPUR,BIHAR,D97,PIRO,1.72
23-03-2025,25.5,84.5,BHOJPUR,BIHAR,D97,PIRO,1.66
24-03-2025,25.5,84.5,BHOJPUR,BIHAR,D97,PIRO,1.59
25-03-2025,25.5,84.5,BHOJPUR,BIHAR,D97,PIRO,1.77
26-03-2025,25.5,84.5,BHOJPUR,BIHAR,D97,PIRO,1.8
27-03-2025,25.5,84.5,BHOJPUR,BIHAR,D97,PIRO,2.03
28-03-2025,25.5,84.5,BHOJPUR,BIHAR,D97,PIRO,1.64
29-03-2025,25.5,84.5,BHOJPUR,BIHAR,D97,PIRO,1.33
30-03-2025,25.5,84.5,BHOJPUR,BIHAR,D97,PIRO,1.63
31-03-2025,25.5,84.5,BHOJPUR,BIHAR,D97,PIRO,1.83
01-04-2025,25.5,84.5,BHOJPUR,BIHAR,D97,PIRO,1.46
02-04-2025,25.5,84.5,BHOJPUR,BIHAR,D97,PIRO,1.74
03-04-2025,25.5,84.5,BHOJPUR,BIHAR,D97,PIRO,1.88
04-04-2025,25.5,84.5,BHOJPUR,BIHAR,D97,PIRO,2.06
05-04-2025,25.5,84.5,BHOJPUR,BIHAR,D97,PIRO,1.77
06-04-2025,25.5,84.5,BHOJPUR,BIHAR,D97,PIRO,1.84
07-04-2025,25.5,84.5,BHOJPUR,BIHAR,D97,PIRO,1.73
08-04-2025,25.5,84.5,BHOJPUR,BIHAR,D97,PIRO,1.7
09-04-2025,25.5,84.5,BHOJPUR,BIHAR,D97,PIRO,1.34
10-04-2025,25.5,84.5,BHOJPUR,BIHAR,D97,PIRO,1.24
11-04-2025,25.5,84.5,BHOJPUR,BIHAR,D97,PIRO,1.78
12-04-2025,25.5,84.5,BHOJPUR,BIHAR,D97,PIRO,1.93
13-04-2025,25.5,84.5,BHOJPUR,BIHAR,D97,PIRO,1.67
14-04-2025,25.5,84.5,BHOJPUR,BIHAR,D97,PIRO,1.47
15-04-2025,25.5,84.5,BHOJPUR,BIHAR,D97,PIRO,1.26
16-04-2025,25.5,84.5,BHOJPUR,BIHAR,D97,PIRO,1.32
17-04-2025,25.5,84.5,BHOJPUR,BIHAR,D97,PIRO,1.27
18-04-2025,25.5,84.5,BHOJPUR,BIHAR,D97,PIRO,1.67
19-04-2025,25.5,84.5,BHOJPUR,BIHAR,D97,PIRO,1.76
20-04-2025,25.5,84.5,BHOJPUR,BIHAR,D97,PIRO,1.64
21-04-2025,25.5,84.5,BHOJPUR,BIHAR,D97,PIRO,1.84
22-04-2025,25.5,84.5,BHOJPUR,BIHAR,D97,PIRO,1.86
23-04-2025,25.5,84.5,BHOJPUR,BIHAR,D97,PIRO,1.48
24-04-2025,25.5,84.5,BHOJPUR,BIHAR,D97,PIRO,1.46
25-04-2025,25.5,84.5,BHOJPUR,BIHAR,D97,PIRO,1.37
26-04-2025,25.5,84.5,BHOJPUR,BIHAR,D97,PIRO,1.6
27-04-2025,25.5,84.5,BHOJPUR,BIHAR,D97,PIRO,1.56
28-04-2025,25.5,84.5,BHOJPUR,BIHAR,D97,PIRO,1.26
29-04-2025,25.5,84.5,BHOJPUR,BIHAR,D97,PIRO,1.38
30-04-2025,25.5,84.5,BHOJPUR,BIHAR,D97,PIRO,1.6
01-05-2025,25.5,84.5,BHOJPUR,BIHAR,D97,PIRO,1.59
02-05-2025,25.5,84.5,BHOJPUR,BIHAR,D97,PIRO,1.62
03-05-2025,25.5,84.5,BHOJPUR,BIHAR,D97,PIRO,1.68
04-05-2025,25.5,84.5,BHOJPUR,BIHAR,D97,PIRO,1.63
05-05-2025,25.5,84.5,BHOJPUR,BIHAR,D97,PIRO,1.29
06-05-2025,25.5,84.5,BHOJPUR,BIHAR,D97,PIRO,1.49
07-05-2025,25.5,84.5,BHOJPUR,BIHAR,D97,PIRO,1.31
08-05-2025,25.5,84.5,BHOJPUR,BIHAR,D97,PIRO,1.5
09-05-2025,25.5,84.5,BHOJPUR,BIHAR,D97,PIRO,1.38
10-05-2025,25.5,84.5,BHOJPUR,BIHAR,D97,PIRO,1.79
11-05-2025,25.5,84.5,BHOJPUR,BIHAR,D97,PIRO,1.85
12-05-2025,25.5,84.5,BHOJPUR,BIHAR,D97,PIRO,1.79
13-05-2025,25.5,84.5,BHOJPUR,BIHAR,D97,PIRO,1.82
14-05-2025,25.5,84.5,BHOJPUR,BIHAR,D97,PIRO,1.72
15-05-2025,25.5,84.5,BHOJPUR,BIHAR,D97,PIRO,1.49
16-05-2025,25.5,84.5,BHOJPUR,BIHAR,D97,PIRO,1.31
17-05-2025,25.5,84.5,BHOJPUR,BIHAR,D97,PIRO,1.25
18-05-2025,25.5,84.5,BHOJPUR,BIHAR,D97,PIRO,1.2
19-05-2025,25.5,84.5,BHOJPUR,BIHAR,D97,PIRO,1.42
20-05-2025,25.5,84.5,BHOJPUR,BIHAR,D97,PIRO,1.45
21-05-2025,25.5,84.5,BHOJPUR,BIHAR,D97,PIRO,1.31
22-05-2025,25.5,84.5,BHOJPUR,BIHAR,D97,PIRO,1.38
23-05-2025,25.5,84.5,BHOJPUR,BIHAR,D97,PIRO,1.42
24-05-2025,25.5,84.5,BHOJPUR,BIHAR,D97,PIRO,1.32
25-05-2025,25.5,84.5,BHOJPUR,BIHAR,D97,PIRO,1.58
26-05-2025,25.5,84.5,BHOJPUR,BIHAR,D97,PIRO,1.61
27-05-2025,25.5,84.5,BHOJPUR,BIHAR,D97,PIRO,1.81
28-05-2025,25.5,84.5,BHOJPUR,BIHAR,D97,PIRO,1.56
29-05-2025,25.5,84.5,BHOJPUR,BIHAR,D97,PIRO,1.51
30-05-2025,25.5,84.5,BHOJPUR,BIHAR,D97,PIRO,1.56
31-05-2025,25.5,84.5,BHOJPUR,BIHAR,D97,PIRO,1.47
01-06-2025,25.5,84.5,BHOJPUR,BIHAR,D97,PIRO,1.43
02-06-2025,25.5,84.5,BHOJPUR,BIHAR,D97,PIRO,1.28
03-06-2025,25.5,84.5,BHOJPUR,BIHAR,D97,PIRO,1.25
04-06-2025,25.5,84.5,BHOJPUR,BIHAR,D97,PIRO,1.65
05-06-2025,25.5,84.5,BHOJPUR,BIHAR,D97,PIRO,1.76
06-06-2025,25.5,84.5,BHOJPUR,BIHAR,D97,PIRO,1.73
07-06-2025,25.5,84.5,BHOJPUR,BIHAR,D97,PIRO,1.64
08-06-2025,25.5,84.5,BHOJPUR,BIHAR,D97,PIRO,1.64
09-06-2025,25.5,84.5,BHOJPUR,BIHAR,D97,PIRO,1.85
10-06-2025,25.5,84.5,BHOJPUR,BIHAR,D97,PIRO,1.2
11-06-2025,25.5,84.5,BHOJPUR,BIHAR,D97,PIRO,1.15
12-06-2025,25.5,84.5,BHOJPUR,BIHAR,D97,PIRO,1.27
13-06-2025,25.5,84.5,BHOJPUR,BIHAR,D97,PIRO,1.19
14-06-2025,25.5,84.5,BHOJPUR,BIHAR,D97,PIRO,1.42
15-06-2025,25.5,84.5,BHOJPUR,BIHAR,D97,PIRO,1.84
16-06-2025,25.5,84.5,BHOJPUR,BIHAR,D97,PIRO,1.82
17-06-2025,25.5,84.5,BHOJPUR,BIHAR,D97,PIRO,1.57
18-06-2025,25.5,84.5,BHOJPUR,BIHAR,D97,PIRO,1.45
19-06-2025,25.5,84.5,BHOJPUR,BIHAR,D97,PIRO,1.59
20-06-2025,25.5,84.5,BHOJPUR,BIHAR,D97,PIRO,1.56
21-06-2025,25.5,84.5,BHOJPUR,BIHAR,D97,PIRO,1.36
22-06-2025,25.5,84.5,BHOJPUR,BIHAR,D97,PIRO,1.27
23-06-2025,25.5,84.5,BHOJPUR,BIHAR,D97,PIRO,0.97
24-06-2025,25.5,84.5,BHOJPUR,BIHAR,D97,PIRO,1.1
25-06-2025,25.5,84.5,BHOJPUR,BIHAR,D97,PIRO,1.08
26-06-2025,25.5,84.5,BHOJPUR,BIHAR,D97,PIRO,1.07
27-06-2025,25.5,84.5,BHOJPUR,BIHAR,D97,PIRO,1.06
28-06-2025,25.5,84.5,BHOJPUR,BIHAR,D97,PIRO,1.04
29-06-2025,25.5,84.5,BHOJPUR,BIHAR,D97,PIRO,1.05
30-06-2025,25.5,84.5,BHOJPUR,BIHAR,D97,PIRO,1.17
01-07-2025,25.5,84.5,BHOJPUR,BIHAR,D97,PIRO,1.1
02-07-2025,25.5,84.5,BHOJPUR,BIHAR,D97,PIRO,0.87
03-07-2025,25.5,84.5,BHOJPUR,BIHAR,D97,PIRO,0.75
04-07-2025,25.5,84.5,BHOJPUR,BIHAR,D97,PIRO,0.75
05-07-2025,25.5,84.5,BHOJPUR,BIHAR,D97,PIRO,0.89
06-07-2025,25.5,84.5,BHOJPUR,BIHAR,D97,PIRO,0.91
07-07-2025,25.5,84.5,BHOJPUR,BIHAR,D97,PIRO,0.75
08-07-2025,25.5,84.5,BHOJPUR,BIHAR,D97,PIRO,0.84
09-07-2025,25.5,84.5,BHOJPUR,BIHAR,D97,PIRO,1.05
10-07-2025,25.5,84.5,BHOJPUR,BIHAR,D97,PIRO,1.07
11-07-2025,25.5,84.5,BHOJPUR,BIHAR,D97,PIRO,1.1
12-07-2025,25.5,84.5,BHOJPUR,BIHAR,D97,PIRO,0.99
13-07-2025,25.5,84.5,BHOJPUR,BIHAR,D97,PIRO,0.99
14-07-2025,25.5,84.5,BHOJPUR,BIHAR,D97,PIRO,1.21
15-07-2025,25.5,84.5,BHOJPUR,BIHAR,D97,PIRO,0.84
16-07-2025,25.5,84.5,BHOJPUR,BIHAR,D97,PIRO,0.98
17-07-2025,25.5,84.5,BHOJPUR,BIHAR,D97,PIRO,0.96
18-07-2025,25.5,84.5,BHOJPUR,BIHAR,D97,PIRO,0.92
19-07-2025,25.5,84.5,BHOJPUR,BIHAR,D97,PIRO,0.93
20-07-2025,25.5,84.5,BHOJPUR,BIHAR,D97,PIRO,0.92
21-07-2025,25.5,84.5,BHOJPUR,BIHAR,D97,PIRO,0.81
22-07-2025,25.5,84.5,BHOJPUR,BIHAR,D97,PIRO,0.73
23-07-2025,25.5,84.5,BHOJPUR,BIHAR,D97,PIRO,0.8
24-07-2025,25.5,84.5,BHOJPUR,BIHAR,D97,PIRO,0.88
25-07-2025,25.5,84.5,BHOJPUR,BIHAR,D97,PIRO,0.96
26-07-2025,25.5,84.5,BHOJPUR,BIHAR,D97,PIRO,0.78
27-07-2025,25.5,84.5,BHOJPUR,BIHAR,D97,PIRO,0.86
28-07-2025,25.5,84.5,BHOJPUR,BIHAR,D97,PIRO,0.74
29-07-2025,25.5,84.5,BHOJPUR,BIHAR,D97,PIRO,0.8
30-07-2025,25.5,84.5,BHOJPUR,BIHAR,D97,PIRO,0.72
31-07-2025,25.5,84.5,BHOJPUR,BIHAR,D97,PIRO,0.78
01-08-2025,25.5,84.5,BHOJPUR,BIHAR,D97,PIRO,0.91
02-08-2025,25.5,84.5,BHOJPUR,BIHAR,D97,PIRO,0.91
03-08-2025,25.5,84.5,BHOJPUR,BIHAR,D97,PIRO,0.63
04-08-2025,25.5,84.5,BHOJPUR,BIHAR,D97,PIRO,0.79
05-08-2025,25.5,84.5,BHOJPUR,BIHAR,D97,PIRO,0.72
06-08-2025,25.5,84.5,BHOJPUR,BIHAR,D97,PIRO,0.65
07-08-2025,25.5,84.5,BHOJPUR,BIHAR,D97,PIRO,0.71
08-08-2025,25.5,84.5,BHOJPUR,BIHAR,D97,PIRO,0.78
09-08-2025,25.5,84.5,BHOJPUR,BIHAR,D97,PIRO,0.81
10-08-2025,25.5,84.5,BHOJPUR,BIHAR,D97,PIRO,0.91
11-08-2025,25.5,84.5,BHOJPUR,BIHAR,D97,PIRO,0.84
12-08-2025,25.5,84.5,BHOJPUR,BIHAR,D97,PIRO,0.79
13-08-2025,25.5,84.5,BHOJPUR,BIHAR,D97,PIRO,0.67
14-08-2025,25.5,84.5,BHOJPUR,BIHAR,D97,PIRO,0.8
15-08-2025,25.5,84.5,BHOJPUR,BIHAR,D97,PIRO,0.71
16-08-2025,25.5,84.5,BHOJPUR,BIHAR,D97,PIRO,0.6
17-08-2025,25.5,84.5,BHOJPUR,BIHAR,D97,PIRO,0.63
18-08-2025,25.5,84.5,BHOJPUR,BIHAR,D97,PIRO,0.78
19-08-2025,25.5,84.5,BHOJPUR,BIHAR,D97,PIRO,0.64
20-08-2025,25.5,84.5,BHOJPUR,BIHAR,D97,PIRO,0.63
21-08-2025,25.5,84.5,BHOJPUR,BIHAR,D97,PIRO,0.66
22-08-2025,25.5,84.5,BHOJPUR,BIHAR,D97,PIRO,0.69
23-08-2025,25.5,84.5,BHOJPUR,BIHAR,D97,PIRO,0.76
24-08-2025,25.5,84.5,BHOJPUR,BIHAR,D97,PIRO,0.59
25-08-2025,25.5,84.5,BHOJPUR,BIHAR,D97,PIRO,0.62
26-08-2025,25.5,84.5,BHOJPUR,BIHAR,D97,PIRO,0.61
27-08-2025,25.5,84.5,BHOJPUR,BIHAR,D97,PIRO,0.67
28-08-2025,25.5,84.5,BHOJPUR,BIHAR,D97,PIRO,0.77
29-08-2025,25.5,84.5,BHOJPUR,BIHAR,D97,PIRO,0.77
30-08-2025,25.5,84.5,BHOJPUR,BIHAR,D97,PIRO,0.81
31-08-2025,25.5,84.5,BHOJPUR,BIHAR,D97,PIRO,0.69
01-09-2025,25.5,84.5,BHOJPUR,BIHAR,D97,PIRO,0.83
02-09-2025,25.5,84.5,BHOJPUR,BIHAR,D97,PIRO,0.87
03-09-2025,25.5,84.5,BHOJPUR,BIHAR,D97,PIRO,0.73
04-09-2025,25.5,84.5,BHOJPUR,BIHAR,D97,PIRO,0.71
05-09-2025,25.5,84.5,BHOJPUR,BIHAR,D97,PIRO,0.81
06-09-2025,25.5,84.5,BHOJPUR,BIHAR,D97,PIRO,0.95
07-09-2025,25.5,84.5,BHOJPUR,BIHAR,D97,PIRO,0.78
08-09-2025,25.5,84.5,BHOJPUR,BIHAR,D97,PIRO,0.81
09-09-2025,25.5,84.5,BHOJPUR,BIHAR,D97,PIRO,0.76
10-09-2025,25.5,84.5,BHOJPUR,BIHAR,D97,PIRO,0.68
11-09-2025,25.5,84.5,BHOJPUR,BIHAR,D97,PIRO,0.73
12-09-2025,25.5,84.5,BHOJPUR,BIHAR,D97,PIRO,0.89
13-09-2025,25.5,84.5,BHOJPUR,BIHAR,D97,PIRO,0.83
14-09-2025,25.5,84.5,BHOJPUR,BIHAR,D97,PIRO,0.75
15-09-2025,25.5,84.5,BHOJPUR,BIHAR,D97,PIRO,0.92
16-09-2025,25.5,84.5,BHOJPUR,BIHAR,D97,PIRO,0.76
17-09-2025,25.5,84.5,BHOJPUR,BIHAR,D97,PIRO,0.91
18-09-2025,25.5,84.5,BHOJPUR,BIHAR,D97,PIRO,0.81
19-09-2025,25.5,84.5,BHOJPUR,BIHAR,D97,PIRO,0.8
20-09-2025,25.5,84.5,BHOJPUR,BIHAR,D97,PIRO,0.78
21-09-2025,25.5,84.5,BHOJPUR,BIHAR,D97,PIRO,0.69
22-09-2025,25.5,84.5,BHOJPUR,BIHAR,D97,PIRO,0.72
23-09-2025,25.5,84.5,BHOJPUR,BIHAR,D97,PIRO,0.77
24-09-2025,25.5,84.5,BHOJPUR,BIHAR,D97,PIRO,0.86
25-09-2025,25.5,84.5,BHOJPUR,BIHAR,D97,PIRO,1.01
26-09-2025,25.5,84.5,BHOJPUR,BIHAR,D97,PIRO,1.05
27-09-2025,25.5,84.5,BHOJPUR,BIHAR,D97,PIRO,1.15
28-09-2025,25.5,84.5,BHOJPUR,BIHAR,D97,PIRO,1.1
29-09-2025,25.5,84.5,BHOJPUR,BIHAR,D97,PIRO,0.97
30-09-2025,25.5,84.5,BHOJPUR,BIHAR,D97,PIRO,1.04
01-10-2025,25.5,84.5,BHOJPUR,BIHAR,D97,PIRO,1.08
02-10-2025,25.5,84.5,BHOJPUR,BIHAR,D97,PIRO,1.04
03-10-2025,25.5,84.5,BHOJPUR,BIHAR,D97,PIRO,1.09
04-10-2025,25.5,84.5,BHOJPUR,BIHAR,D97,PIRO,1
05-10-2025,25.5,84.5,BHOJPUR,BIHAR,D97,PIRO,1.08
06-10-2025,25.5,84.5,BHOJPUR,BIHAR,D97,PIRO,1.03
07-10-2025,25.5,84.5,BHOJPUR,BIHAR,D97,PIRO,1.15
08-10-2025,25.5,84.5,BHOJPUR,BIHAR,D97,PIRO,1.17
09-10-2025,25.5,84.5,BHOJPUR,BIHAR,D97,PIRO,1.28
10-10-2025,25.5,84.5,BHOJPUR,BIHAR,D97,PIRO,1.24
11-10-2025,25.5,84.5,BHOJPUR,BIHAR,D97,PIRO,1.2
12-10-2025,25.5,84.5,BHOJPUR,BIHAR,D97,PIRO,1.26
13-10-2025,25.5,84.5,BHOJPUR,BIHAR,D97,PIRO,1.47
14-10-2025,25.5,84.5,BHOJPUR,BIHAR,D97,PIRO,1.59
15-10-2025,25.5,84.5,BHOJPUR,BIHAR,D97,PIRO,1.73
16-10-2025,25.5,84.5,BHOJPUR,BIHAR,D97,PIRO,1.78
17-10-2025,25.5,84.5,BHOJPUR,BIHAR,D97,PIRO,1.69
18-10-2025,25.5,84.5,BHOJPUR,BIHAR,D97,PIRO,1.61
19-10-2025,25.5,84.5,BHOJPUR,BIHAR,D97,PIRO,1.72
20-10-2025,25.5,84.5,BHOJPUR,BIHAR,D97,PIRO,1.9
21-10-2025,25.5,84.5,BHOJPUR,BIHAR,D97,PIRO,1.81
22-10-2025,25.5,84.5,BHOJPUR,BIHAR,D97,PIRO,1.69
23-10-2025,25.5,84.5,BHOJPUR,BIHAR,D97,PIRO,1.77
24-10-2025,25.5,84.5,BHOJPUR,BIHAR,D97,PIRO,1.97
25-10-2025,25.5,84.5,BHOJPUR,BIHAR,D97,PIRO,1.99
26-10-2025,25.5,84.5,BHOJPUR,BIHAR,D97,PIRO,1.9
27-10-2025,25.5,84.5,BHOJPUR,BIHAR,D97,PIRO,1.76
28-10-2025,25.5,84.5,BHOJPUR,BIHAR,D97,PIRO,1.79
29-10-2025,25.5,84.5,BHOJPUR,BIHAR,D97,PIRO,1.99
30-10-2025,25.5,84.5,BHOJPUR,BIHAR,D97,PIRO,2.03
31-10-2025,25.5,84.5,BHOJPUR,BIHAR,D97,PIRO,1.8
01-11-2025,25.5,84.5,BHOJPUR,BIHAR,D97,PIRO,1.75
02-11-2025,25.5,84.5,BHOJPUR,BIHAR,D97,PIRO,1.75
03-11-2025,25.5,84.5,BHOJPUR,BIHAR,D97,PIRO,1.73
04-11-2025,25.5,84.5,BHOJPUR,BIHAR,D97,PIRO,1.75
05-11-2025,25.5,84.5,BHOJPUR,BIHAR,D97,PIRO,1.79
06-11-2025,25.5,84.5,BHOJPUR,BIHAR,D97,PIRO,1.67
07-11-2025,25.5,84.5,BHOJPUR,BIHAR,D97,PIRO,1.7
08-11-2025,25.5,84.5,BHOJPUR,BIHAR,D97,PIRO,1.89
09-11-2025,25.5,84.5,BHOJPUR,BIHAR,D97,PIRO,2.13
10-11-2025,25.5,84.5,BHOJPUR,BIHAR,D97,PIRO,2.11
11-11-2025,25.5,84.5,BHOJPUR,BIHAR,D97,PIRO,1.99
12-11-2025,25.5,84.5,BHOJPUR,BIHAR,D97,PIRO,1.78
13-11-2025,25.5,84.5,BHOJPUR,BIHAR,D97,PIRO,1.91
14-11-2025,25.5,84.5,BHOJPUR,BIHAR,D97,PIRO,1.9
15-11-2025,25.5,84.5,BHOJPUR,BIHAR,D97,PIRO,1.88
16-11-2025,25.5,84.5,BHOJPUR,BIHAR,D97,PIRO,2.22
17-11-2025,25.5,84.5,BHOJPUR,BIHAR,D97,PIRO,2.13
18-11-2025,25.5,84.5,BHOJPUR,BIHAR,D97,PIRO,2.22
19-11-2025,25.5,84.5,BHOJPUR,BIHAR,D97,PIRO,2.27
20-11-2025,25.5,84.5,BHOJPUR,BIHAR,D97,PIRO,2.16
21-11-2025,25.5,84.5,BHOJPUR,BIHAR,D97,PIRO,1.94
22-11-2025,25.5,84.5,BHOJPUR,BIHAR,D97,PIRO,1.64
23-11-2025,25.5,84.5,BHOJPUR,BIHAR,D97,PIRO,1.55
24-11-2025,25.5,84.5,BHOJPUR,BIHAR,D97,PIRO,1.7
25-11-2025,25.5,84.5,BHOJPUR,BIHAR,D97,PIRO,1.67
26-11-2025,25.5,84.5,BHOJPUR,BIHAR,D97,PIRO,1.83
27-11-2025,25.5,84.5,BHOJPUR,BIHAR,D97,PIRO,1.93
28-11-2025,25.5,84.5,BHOJPUR,BIHAR,D97,PIRO,1.91
29-11-2025,25.5,84.5,BHOJPUR,BIHAR,D97,PIRO,1.83
30-11-2025,25.5,84.5,BHOJPUR,BIHAR,D97,PIRO,1.73
01-12-2025,25.5,84.5,BHOJPUR,BIHAR,D97,PIRO,1.9
02-12-2025,25.5,84.5,BHOJPUR,BIHAR,D97,PIRO,2.18
03-12-2025,25.5,84.5,BHOJPUR,BIHAR,D97,PIRO,2.11
04-12-2025,25.5,84.5,BHOJPUR,BIHAR,D97,PIRO,2.08
05-12-2025,25.5,84.5,BHOJPUR,BIHAR,D97,PIRO,2.01
06-12-2025,25.5,84.5,BHOJPUR,BIHAR,D97,PIRO,1.98
07-12-2025,25.5,84.5,BHOJPUR,BIHAR,D97,PIRO,2.09
08-12-2025,25.5,84.5,BHOJPUR,BIHAR,D97,PIRO,2.1
09-12-2025,25.5,84.5,BHOJPUR,BIHAR,D97,PIRO,2.28
10-12-2025,25.5,84.5,BHOJPUR,BIHAR,D97,PIRO,2.16
11-12-2025,25.5,84.5,BHOJPUR,BIHAR,D97,PIRO,2.17
12-12-2025,25.5,84.5,BHOJPUR,BIHAR,D97,PIRO,2.01
13-12-2025,25.5,84.5,BHOJPUR,BIHAR,D97,PIRO,2.16
14-12-2025,25.5,84.5,BHOJPUR,BIHAR,D97,PIRO,2.16
15-12-2025,25.5,84.5,BHOJPUR,BIHAR,D97,PIRO,1.96
16-12-2025,25.5,84.5,BHOJPUR,BIHAR,D97,PIRO,2.07
17-12-2025,25.5,84.5,BHOJPUR,BIHAR,D97,PIRO,1.8
18-12-2025,25.5,84.5,BHOJPUR,BIHAR,D97,PIRO,1.79
19-12-2025,25.5,84.5,BHOJPUR,BIHAR,D97,PIRO,1.81
20-12-2025,25.5,84.5,BHOJPUR,BIHAR,D97,PIRO,1.87
21-12-2025,25.5,84.5,BHOJPUR,BIHAR,D97,PIRO,1.79
22-12-2025,25.5,84.5,BHOJPUR,BIHAR,D97,PIRO,2.03
23-12-2025,25.5,84.5,BHOJPUR,BIHAR,D97,PIRO,2.15
24-12-2025,25.5,84.5,BHOJPUR,BIHAR,D97,PIRO,1.74
25-12-2025,25.5,84.5,BHOJPUR,BIHAR,D97,PIRO,1.76
26-12-2025,25.5,84.5,BHOJPUR,BIHAR,D97,PIRO,1.88
27-12-2025,25.5,84.5,BHOJPUR,BIHAR,D97,PIRO,1.94
28-12-2025,25.5,84.5,BHOJPUR,BIHAR,D97,PIRO,2.05
29-12-2025,25.5,84.5,BHOJPUR,BIHAR,D97,PIRO,2.17
30-12-2025,25.5,84.5,BHOJPUR,BIHAR,D97,PIRO,2.22
31-12-2025,25.5,84.5,BHOJPUR,BIHAR,D97,PIRO,2.14
01-01-2025,24.5,84.5,GAYA,BIHAR,D100,DUMARIA,2.55
02-01-2025,24.5,84.5,GAYA,BIHAR,D100,DUMARIA,2.59
03-01-2025,24.5,84.5,GAYA,BIHAR,D100,DUMARIA,2.72
04-01-2025,24.5,84.5,GAYA,BIHAR,D100,DUMARIA,2.49
05-01-2025,24.5,84.5,GAYA,BIHAR,D100,DUMARIA,2.29
06-01-2025,24.5,84.5,GAYA,BIHAR,D100,DUMARIA,2.48
07-01-2025,24.5,84.5,GAYA,BIHAR,D100,DUMARIA,2.81
08-01-2025,24.5,84.5,GAYA,BIHAR,D100,DUMARIA,2.93
09-01-2025,24.5,84.5,GAYA,BIHAR,D100,DUMARIA,3
10-01-2025,24.5,84.5,GAYA,BIHAR,D100,DUMARIA,2.86
11-01-2025,24.5,84.5,GAYA,BIHAR,D100,DUMARIA,2.79
12-01-2025,24.5,84.5,GAYA,BIHAR,D100,DUMARIA,2.33
13-01-2025,24.5,84.5,GAYA,BIHAR,D100,DUMARIA,2.01
14-01-2025,24.5,84.5,GAYA,BIHAR,D100,DUMARIA,1.9
15-01-2025,24.5,84.5,GAYA,BIHAR,D100,DUMARIA,2.18
16-01-2025,24.5,84.5,GAYA,BIHAR,D100,DUMARIA,2.19
17-01-2025,24.5,84.5,GAYA,BIHAR,D100,DUMARIA,2.13
18-01-2025,24.5,84.5,GAYA,BIHAR,D100,DUMARIA,2.74
19-01-2025,24.5,84.5,GAYA,BIHAR,D100,DUMARIA,2.83
20-01-2025,24.5,84.5,GAYA,BIHAR,D100,DUMARIA,2.65
21-01-2025,24.5,84.5,GAYA,BIHAR,D100,DUMARIA,1.96
22-01-2025,24.5,84.5,GAYA,BIHAR,D100,DUMARIA,1.98
23-01-2025,24.5,84.5,GAYA,BIHAR,D100,DUMARIA,2.61
24-01-2025,24.5,84.5,GAYA,BIHAR,D100,DUMARIA,2.22
25-01-2025,24.5,84.5,GAYA,BIHAR,D100,DUMARIA,2.37
26-01-2025,24.5,84.5,GAYA,BIHAR,D100,DUMARIA,2.39
27-01-2025,24.5,84.5,GAYA,BIHAR,D100,DUMARIA,2.26
28-01-2025,24.5,84.5,GAYA,BIHAR,D100,DUMARIA,2.45
29-01-2025,24.5,84.5,GAYA,BIHAR,D100,DUMARIA,2.25
30-01-2025,24.5,84.5,GAYA,BIHAR,D100,DUMARIA,2.26
31-01-2025,24.5,84.5,GAYA,BIHAR,D100,DUMARIA,2.28
01-02-2025,24.5,84.5,GAYA,BIHAR,D100,DUMARIA,2.31
02-02-2025,24.5,84.5,GAYA,BIHAR,D100,DUMARIA,2.23
03-02-2025,24.5,84.5,GAYA,BIHAR,D100,DUMARIA,1.97
04-02-2025,24.5,84.5,GAYA,BIHAR,D100,DUMARIA,1.94
05-02-2025,24.5,84.5,GAYA,BIHAR,D100,DUMARIA,1.92
06-02-2025,24.5,84.5,GAYA,BIHAR,D100,DUMARIA,1.74
07-02-2025,24.5,84.5,GAYA,BIHAR,D100,DUMARIA,2.07
08-02-2025,24.5,84.5,GAYA,BIHAR,D100,DUMARIA,2.37
09-02-2025,24.5,84.5,GAYA,BIHAR,D100,DUMARIA,2.18
10-02-2025,24.5,84.5,GAYA,BIHAR,D100,DUMARIA,2.21
11-02-2025,24.5,84.5,GAYA,BIHAR,D100,DUMARIA,2.03
12-02-2025,24.5,84.5,GAYA,BIHAR,D100,DUMARIA,2.31
13-02-2025,24.5,84.5,GAYA,BIHAR,D100,DUMARIA,2.18
14-02-2025,24.5,84.5,GAYA,BIHAR,D100,DUMARIA,2.14
15-02-2025,24.5,84.5,GAYA,BIHAR,D100,DUMARIA,2.11
16-02-2025,24.5,84.5,GAYA,BIHAR,D100,DUMARIA,2.16
17-02-2025,24.5,84.5,GAYA,BIHAR,D100,DUMARIA,1.81
18-02-2025,24.5,84.5,GAYA,BIHAR,D100,DUMARIA,2.02
19-02-2025,24.5,84.5,GAYA,BIHAR,D100,DUMARIA,2.17
20-02-2025,24.5,84.5,GAYA,BIHAR,D100,DUMARIA,2.13
21-02-2025,24.5,84.5,GAYA,BIHAR,D100,DUMARIA,1.97
22-02-2025,24.5,84.5,GAYA,BIHAR,D100,DUMARIA,1.88
23-02-2025,24.5,84.5,GAYA,BIHAR,D100,DUMARIA,1.65
24-02-2025,24.5,84.5,GAYA,BIHAR,D100,DUMARIA,1.73
25-02-2025,24.5,84.5,GAYA,BIHAR,D100,DUMARIA,2.03
26-02-2025,24.5,84.5,GAYA,BIHAR,D100,DUMARIA,2
27-02-2025,24.5,84.5,GAYA,BIHAR,D100,DUMARIA,1.74
28-02-2025,24.5,84.5,GAYA,BIHAR,D100,DUMARIA,1.84
29-02-2025,24.5,84.5,GAYA,BIHAR,D100,DUMARIA,1.68
01-03-2025,24.5,84.5,GAYA,BIHAR,D100,DUMARIA,2.05
02-03-2025,24.5,84.5,GAYA,BIHAR,D100,DUMARIA,1.86
03-03-2025,24.5,84.5,GAYA,BIHAR,D100,DUMARIA,1.84
04-03-2025,24.5,84.5,GAYA,BIHAR,D100,DUMARIA,1.48
05-03-2025,24.5,84.5,GAYA,BIHAR,D100,DUMARIA,1.97
06-03-2025,24.5,84.5,GAYA,BIHAR,D100,DUMARIA,2.03
07-03-2025,24.5,84.5,GAYA,BIHAR,D100,DUMARIA,2.02
08-03-2025,24.5,84.5,GAYA,BIHAR,D100,DUMARIA,2.18
09-03-2025,24.5,84.5,GAYA,BIHAR,D100,DUMARIA,2.16
10-03-2025,24.5,84.5,GAYA,BIHAR,D100,DUMARIA,2.01
11-03-2025,24.5,84.5,GAYA,BIHAR,D100,DUMARIA,1.65
12-03-2025,24.5,84.5,GAYA,BIHAR,D100,DUMARIA,1.31
13-03-2025,24.5,84.5,GAYA,BIHAR,D100,DUMARIA,1.78
14-03-2025,24.5,84.5,GAYA,BIHAR,D100,DUMARIA,1.59
15-03-2025,24.5,84.5,GAYA,BIHAR,D100,DUMARIA,1.63
16-03-2025,24.5,84.5,GAYA,BIHAR,D100,DUMARIA,1.89
17-03-2025,24.5,84.5,GAYA,BIHAR,D100,DUMARIA,1.78
18-03-2025,24.5,84.5,GAYA,BIHAR,D100,DUMARIA,1.59
19-03-2025,24.5,84.5,GAYA,BIHAR,D100,DUMARIA,1.73
20-03-2025,24.5,84.5,GAYA,BIHAR,D100,DUMARIA,1.9
21-03-2025,24.5,84.5,GAYA,BIHAR,D100,DUMARIA,1.92
22-03-2025,24.5,84.5,GAYA,BIHAR,D100,DUMARIA,1.67
23-03-2025,24.5,84.5,GAYA,BIHAR,D100,DUMARIA,1.59
24-03-2025,24.5,84.5,GAYA,BIHAR,D100,DUMARIA,1.53
25-03-2025,24.5,84.5,GAYA,BIHAR,D100,DUMARIA,1.74
26-03-2025,24.5,84.5,GAYA,BIHAR,D100,DUMARIA,1.87
27-03-2025,24.5,84.5,GAYA,BIHAR,D100,DUMARIA,2.05
28-03-2025,24.5,84.5,GAYA,BIHAR,D100,DUMARIA,1.68
29-03-2025,24.5,84.5,GAYA,BIHAR,D100,DUMARIA,1.28
30-03-2025,24.5,84.5,GAYA,BIHAR,D100,DUMARIA,1.71
31-03-2025,24.5,84.5,GAYA,BIHAR,D100,DUMARIA,1.73
01-04-2025,24.5,84.5,GAYA,BIHAR,D100,DUMARIA,1.44
02-04-2025,24.5,84.5,GAYA,BIHAR,D100,DUMARIA,1.67
03-04-2025,24.5,84.5,GAYA,BIHAR,D100,DUMARIA,1.89
04-04-2025,24.5,84.5,GAYA,BIHAR,D100,DUMARIA,1.98
05-04-2025,24.5,84.5,GAYA,BIHAR,D100,DUMARIA,1.75
06-04-2025,24.5,84.5,GAYA,BIHAR,D100,DUMARIA,1.75
07-04-2025,24.5,84.5,GAYA,BIHAR,D100,DUMARIA,1.72
08-04-2025,24.5,84.5,GAYA,BIHAR,D100,DUMARIA,1.61
09-04-2025,24.5,84.5,GAYA,BIHAR,D100,DUMARIA,1.36
10-04-2025,24.5,84.5,GAYA,BIHAR,D100,DUMARIA,1.24
11-04-2025,24.5,84.5,GAYA,BIHAR,D100,DUMARIA,1.75
12-04-2025,24.5,84.5,GAYA,BIHAR,D100,DUMARIA,1.81
13-04-2025,24.5,84.5,GAYA,BIHAR,D100,DUMARIA,1.67
14-04-2025,24.5,84.5,GAYA,BIHAR,D100,DUMARIA,1.51
15-04-2025,24.5,84.5,GAYA,BIHAR,D100,DUMARIA,1.33
16-04-2025,24.5,84.5,GAYA,BIHAR,D100,DUMARIA,1.26
17-04-2025,24.5,84.5,GAYA,BIHAR,D100,DUMARIA,1.2
18-04-2025,24.5,84.5,GAYA,BIHAR,D100,DUMARIA,1.71
19-04-2025,24.5,84.5,GAYA,BIHAR,D100,DUMARIA,1.83
20-04-2025,24.5,84.5,GAYA,BIHAR,D100,DUMARIA,1.62
21-04-2025,24.5,84.5,GAYA,BIHAR,D100,DUMARIA,1.82
22-04-2025,24.5,84.5,GAYA,BIHAR,D100,DUMARIA,1.92
23-04-2025,24.5,84.5,GAYA,BIHAR,D100,DUMARIA,1.46
24-04-2025,24.5,84.5,GAYA,BIHAR,D100,DUMARIA,1.5
25-04-2025,24.5,84.5,GAYA,BIHAR,D100,DUMARIA,1.34
26-04-2025,24.5,84.5,GAYA,BIHAR,D100,DUMARIA,1.56
27-04-2025,24.5,84.5,GAYA,BIHAR,D100,DUMARIA,1.64
28-04-2025,24.5,84.5,GAYA,BIHAR,D100,DUMARIA,1.45
29-04-2025,24.5,84.5,GAYA,BIHAR,D100,DUMARIA,1.48
30-04-2025,24.5,84.5,GAYA,BIHAR,D100,DUMARIA,1.74
01-05-2025,24.5,84.5,GAYA,BIHAR,D100,DUMARIA,1.69
02-05-2025,24.5,84.5,GAYA,BIHAR,D100,DUMARIA,1.69
03-05-2025,24.5,84.5,GAYA,BIHAR,D100,DUMARIA,1.82
04-05-2025,24.5,84.5,GAYA,BIHAR,D100,DUMARIA,1.68
05-05-2025,24.5,84.5,GAYA,BIHAR,D100,DUMARIA,1.31
06-05-2025,24.5,84.5,GAYA,BIHAR,D100,DUMARIA,1.48
07-05-2025,24.5,84.5,GAYA,BIHAR,D100,DUMARIA,1.25
08-05-2025,24.5,84.5,GAYA,BIHAR,D100,DUMARIA,1.5
09-05-2025,24.5,84.5,GAYA,BIHAR,D100,DUMARIA,1.22
10-05-2025,24.5,84.5,GAYA,BIHAR,D100,DUMARIA,1.72
11-05-2025,24.5,84.5,GAYA,BIHAR,D100,DUMARIA,1.76
12-05-2025,24.5,84.5,GAYA,BIHAR,D100,DUMARIA,1.59
13-05-2025,24.5,84.5,GAYA,BIHAR,D100,DUMARIA,1.75
14-05-2025,24.5,84.5,GAYA,BIHAR,D100,DUMARIA,1.53
15-05-2025,24.5,84.5,GAYA,BIHAR,D100,DUMARIA,1.33
16-05-2025,24.5,84.5,GAYA,BIHAR,D100,DUMARIA,1.21
17-05-2025,24.5,84.5,GAYA,BIHAR,D100,DUMARIA,1.21
18-05-2025,24.5,84.5,GAYA,BIHAR,D100,DUMARIA,1.19
19-05-2025,24.5,84.5,GAYA,BIHAR,D100,DUMARIA,1.32
20-05-2025,24.5,84.5,GAYA,BIHAR,D100,DUMARIA,1.43
21-05-2025,24.5,84.5,GAYA,BIHAR,D100,DUMARIA,1.33
22-05-2025,24.5,84.5,GAYA,BIHAR,D100,DUMARIA,1.35
23-05-2025,24.5,84.5,GAYA,BIHAR,D100,DUMARIA,1.29
24-05-2025,24.5,84.5,GAYA,BIHAR,D100,DUMARIA,1.29
25-05-2025,24.5,84.5,GAYA,BIHAR,D100,DUMARIA,1.47
26-05-2025,24.5,84.5,GAYA,BIHAR,D100,DUMARIA,1.56
27-05-2025,24.5,84.5,GAYA,BIHAR,D100,DUMARIA,1.82
28-05-2025,24.5,84.5,GAYA,BIHAR,D100,DUMARIA,1.41
29-05-2025,24.5,84.5,GAYA,BIHAR,D100,DUMARIA,1.5
30-05-2025,24.5,84.5,GAYA,BIHAR,D100,DUMARIA,1.55
31-05-2025,24.5,84.5,GAYA,BIHAR,D100,DUMARIA,1.4
01-06-2025,24.5,84.5,GAYA,BIHAR,D100,DUMARIA,1.35
02-06-2025,24.5,84.5,GAYA,BIHAR,D100,DUMARIA,1.27
03-06-2025,24.5,84.5,GAYA,BIHAR,D100,DUMARIA,1.27
04-06-2025,24.5,84.5,GAYA,BIHAR,D100,DUMARIA,1.67
05-06-2025,24.5,84.5,GAYA,BIHAR,D100,DUMARIA,1.73
06-06-2025,24.5,84.5,GAYA,BIHAR,D100,DUMARIA,1.66
07-06-2025,24.5,84.5,GAYA,BIHAR,D100,DUMARIA,1.76
08-06-2025,24.5,84.5,GAYA,BIHAR,D100,DUMARIA,1.59
09-06-2025,24.5,84.5,GAYA,BIHAR,D100,DUMARIA,1.87
10-06-2025,24.5,84.5,GAYA,BIHAR,D100,DUMARIA,1.21
11-06-2025,24.5,84.5,GAYA,BIHAR,D100,DUMARIA,1.26
12-06-2025,24.5,84.5,GAYA,BIHAR,D100,DUMARIA,1.38
13-06-2025,24.5,84.5,GAYA,BIHAR,D100,DUMARIA,1.16
14-06-2025,24.5,84.5,GAYA,BIHAR,D100,DUMARIA,1.39
15-06-2025,24.5,84.5,GAYA,BIHAR,D100,DUMARIA,1.9
16-06-2025,24.5,84.5,GAYA,BIHAR,D100,DUMARIA,1.75
17-06-2025,24.5,84.5,GAYA,BIHAR,D100,DUMARIA,1.53
18-06-2025,24.5,84.5,GAYA,BIHAR,D100,DUMARIA,1.46
19-06-2025,24.5,84.5,GAYA,BIHAR,D100,DUMARIA,1.6
20-06-2025,24.5,84.5,GAYA,BIHAR,D100,DUMARIA,1.39
21-06-2025,24.5,84.5,GAYA,BIHAR,D100,DUMARIA,1.28
22-06-2025,24.5,84.5,GAYA,BIHAR,D100,DUMARIA,1.04
23-06-2025,24.5,84.5,GAYA,BIHAR,D100,DUMARIA,0.9
24-06-2025,24.5,84.5,GAYA,BIHAR,D100,DUMARIA,1.11
25-06-2025,24.5,84.5,GAYA,BIHAR,D100,DUMARIA,1.07
26-06-2025,24.5,84.5,GAYA,BIHAR,D100,DUMARIA,1.14
27-06-2025,24.5,84.5,GAYA,BIHAR,D100,DUMARIA,1
28-06-2025,24.5,84.5,GAYA,BIHAR,D100,DUMARIA,0.91
29-06-2025,24.5,84.5,GAYA,BIHAR,D100,DUMARIA,0.9
30-06-2025,24.5,84.5,GAYA,BIHAR,D100,DUMARIA,1.04
01-07-2025,24.5,84.5,GAYA,BIHAR,D100,DUMARIA,0.92
02-07-2025,24.5,84.5,GAYA,BIHAR,D100,DUMARIA,0.81
03-07-2025,24.5,84.5,GAYA,BIHAR,D100,DUMARIA,0.66
04-07-2025,24.5,84.5,GAYA,BIHAR,D100,DUMARIA,0.71
05-07-2025,24.5,84.5,GAYA,BIHAR,D100,DUMARIA,0.84
06-07-2025,24.5,84.5,GAYA,BIHAR,D100,DUMARIA,0.9
07-07-2025,24.5,84.5,GAYA,BIHAR,D100,DUMARIA,0.68
08-07-2025,24.5,84.5,GAYA,BIHAR,D100,DUMARIA,0.72
09-07-2025,24.5,84.5,GAYA,BIHAR,D100,DUMARIA,0.9
10-07-2025,24.5,84.5,GAYA,BIHAR,D100,DUMARIA,0.98
11-07-2025,24.5,84.5,GAYA,BIHAR,D100,DUMARIA,0.99
12-07-2025,24.5,84.5,GAYA,BIHAR,D100,DUMARIA,0.88
13-07-2025,24.5,84.5,GAYA,BIHAR,D100,DUMARIA,0.94
14-07-2025,24.5,84.5,GAYA,BIHAR,D100,DUMARIA,1.11
15-07-2025,24.5,84.5,GAYA,BIHAR,D100,DUMARIA,0.85
16-07-2025,24.5,84.5,GAYA,BIHAR,D100,DUMARIA,0.89
17-07-2025,24.5,84.5,GAYA,BIHAR,D100,DUMARIA,0.84
18-07-2025,24.5,84.5,GAYA,BIHAR,D100,DUMARIA,0.77
19-07-2025,24.5,84.5,GAYA,BIHAR,D100,DUMARIA,0.88
20-07-2025,24.5,84.5,GAYA,BIHAR,D100,DUMARIA,0.81
21-07-2025,24.5,84.5,GAYA,BIHAR,D100,DUMARIA,0.72
22-07-2025,24.5,84.5,GAYA,BIHAR,D100,DUMARIA,0.78
23-07-2025,24.5,84.5,GAYA,BIHAR,D100,DUMARIA,0.81
24-07-2025,24.5,84.5,GAYA,BIHAR,D100,DUMARIA,0.83
25-07-2025,24.5,84.5,GAYA,BIHAR,D100,DUMARIA,0.85
26-07-2025,24.5,84.5,GAYA,BIHAR,D100,DUMARIA,0.77
27-07-2025,24.5,84.5,GAYA,BIHAR,D100,DUMARIA,0.75
28-07-2025,24.5,84.5,GAYA,BIHAR,D100,DUMARIA,0.68
29-07-2025,24.5,84.5,GAYA,BIHAR,D100,DUMARIA,0.72
30-07-2025,24.5,84.5,GAYA,BIHAR,D100,DUMARIA,0.7
31-07-2025,24.5,84.5,GAYA,BIHAR,D100,DUMARIA,0.78
01-08-2025,24.5,84.5,GAYA,BIHAR,D100,DUMARIA,0.82
02-08-2025,24.5,84.5,GAYA,BIHAR,D100,DUMARIA,0.8
03-08-2025,24.5,84.5,GAYA,BIHAR,D100,DUMARIA,0.59
04-08-2025,24.5,84.5,GAYA,BIHAR,D100,DUMARIA,0.74
05-08-2025,24.5,84.5,GAYA,BIHAR,D100,DUMARIA,0.64
06-08-2025,24.5,84.5,GAYA,BIHAR,D100,DUMARIA,0.59
07-08-2025,24.5,84.5,GAYA,BIHAR,D100,DUMARIA,0.65
08-08-2025,24.5,84.5,GAYA,BIHAR,D100,DUMARIA,0.77
09-08-2025,24.5,84.5,GAYA,BIHAR,D100,DUMARIA,0.71
10-08-2025,24.5,84.5,GAYA,BIHAR,D100,DUMARIA,0.81
11-08-2025,24.5,84.5,GAYA,BIHAR,D100,DUMARIA,0.74
12-08-2025,24.5,84.5,GAYA,BIHAR,D100,DUMARIA,0.72
13-08-2025,24.5,84.5,GAYA,BIHAR,D100,DUMARIA,0.63
14-08-2025,24.5,84.5,GAYA,BIHAR,D100,DUMARIA,0.74
15-08-2025,24.5,84.5,GAYA,BIHAR,D100,DUMARIA,0.62
16-08-2025,24.5,84.5,GAYA,BIHAR,D100,DUMARIA,0.55
17-08-2025,24.5,84.5,GAYA,BIHAR,D100,DUMARIA,0.57
18-08-2025,24.5,84.5,GAYA,BIHAR,D100,DUMARIA,0.71
19-08-2025,24.5,84.5,GAYA,BIHAR,D100,DUMARIA,0.63
20-08-2025,24.5,84.5,GAYA,BIHAR,D100,DUMARIA,0.62
21-08-2025,24.5,84.5,GAYA,BIHAR,D100,DUMARIA,0.62
22-08-2025,24.5,84.5,GAYA,BIHAR,D100,DUMARIA,0.62
23-08-2025,24.5,84.5,GAYA,BIHAR,D100,DUMARIA,0.74
24-08-2025,24.5,84.5,GAYA,BIHAR,D100,DUMARIA,0.59
25-08-2025,24.5,84.5,GAYA,BIHAR,D100,DUMARIA,0.64
26-08-2025,24.5,84.5,GAYA,BIHAR,D100,DUMARIA,0.51
27-08-2025,24.5,84.5,GAYA,BIHAR,D100,DUMARIA,0.59
28-08-2025,24.5,84.5,GAYA,BIHAR,D100,DUMARIA,0.69
29-08-2025,24.5,84.5,GAYA,BIHAR,D100,DUMARIA,0.73
30-08-2025,24.5,84.5,GAYA,BIHAR,D100,DUMARIA,0.68
31-08-2025,24.5,84.5,GAYA,BIHAR,D100,DUMARIA,0.67
01-09-2025,24.5,84.5,GAYA,BIHAR,D100,DUMARIA,0.82
02-09-2025,24.5,84.5,GAYA,BIHAR,D100,DUMARIA,0.81
03-09-2025,24.5,84.5,GAYA,BIHAR,D100,DUMARIA,0.7
04-09-2025,24.5,84.5,GAYA,BIHAR,D100,DUMARIA,0.65
05-09-2025,24.5,84.5,GAYA,BIHAR,D100,DUMARIA,0.75
06-09-2025,24.5,84.5,GAYA,BIHAR,D100,DUMARIA,0.89
07-09-2025,24.5,84.5,GAYA,BIHAR,D100,DUMARIA,0.67
08-09-2025,24.5,84.5,GAYA,BIHAR,D100,DUMARIA,0.73
09-09-2025,24.5,84.5,GAYA,BIHAR,D100,DUMARIA,0.67
10-09-2025,24.5,84.5,GAYA,BIHAR,D100,DUMARIA,0.65
11-09-2025,24.5,84.5,GAYA,BIHAR,D100,DUMARIA,0.75
12-09-2025,24.5,84.5,GAYA,BIHAR,D100,DUMARIA,0.84
13-09-2025,24.5,84.5,GAYA,BIHAR,D100,DUMARIA,0.77
14-09-2025,24.5,84.5,GAYA,BIHAR,D100,DUMARIA,0.76
15-09-2025,24.5,84.5,GAYA,BIHAR,D100,DUMARIA,0.82
16-09-2025,24.5,84.5,GAYA,BIHAR,D100,DUMARIA,0.74
17-09-2025,24.5,84.5,GAYA,BIHAR,D100,DUMARIA,0.95
18-09-2025,24.5,84.5,GAYA,BIHAR,D100,DUMARIA,0.75
19-09-2025,24.5,84.5,GAYA,BIHAR,D100,DUMARIA,0.75
20-09-2025,24.5,84.5,GAYA,BIHAR,D100,DUMARIA,0.71
21-09-2025,24.5,84.5,GAYA,BIHAR,D100,DUMARIA,0.59
22-09-2025,24.5,84.5,GAYA,BIHAR,D100,DUMARIA,0.67
23-09-2025,24.5,84.5,GAYA,BIHAR,D100,DUMARIA,0.74
24-09-2025,24.5,84.5,GAYA,BIHAR,D100,DUMARIA,0.86
25-09-2025,24.5,84.5,GAYA,BIHAR,D100,DUMARIA,0.92
26-09-2025,24.5,84.5,GAYA,BIHAR,D100,DUMARIA,1.01
27-09-2025,24.5,84.5,GAYA,BIHAR,D100,DUMARIA,1.05
28-09-2025,24.5,84.5,GAYA,BIHAR,D100,DUMARIA,1.01
29-09-2025,24.5,84.5,GAYA,BIHAR,D100,DUMARIA,0.87
30-09-2025,24.5,84.5,GAYA,BIHAR,D100,DUMARIA,0.93
01-10-2025,24.5,84.5,GAYA,BIHAR,D100,DUMARIA,1.03
02-10-2025,24.5,84.5,GAYA,BIHAR,D100,DUMARIA,0.99
03-10-2025,24.5,84.5,GAYA,BIHAR,D100,DUMARIA,1.13
04-10-2025,24.5,84.5,GAYA,BIHAR,D100,DUMARIA,1.09
05-10-2025,24.5,84.5,GAYA,BIHAR,D100,DUMARIA,1.1
06-10-2025,24.5,84.5,GAYA,BIHAR,D100,DUMARIA,1.05
07-10-2025,24.5,84.5,GAYA,BIHAR,D100,DUMARIA,1.13
08-10-2025,24.5,84.5,GAYA,BIHAR,D100,DUMARIA,1.24
09-10-2025,24.5,84.5,GAYA,BIHAR,D100,DUMARIA,1.39
10-10-2025,24.5,84.5,GAYA,BIHAR,D100,DUMARIA,1.36
11-10-2025,24.5,84.5,GAYA,BIHAR,D100,DUMARIA,1.26
12-10-2025,24.5,84.5,GAYA,BIHAR,D100,DUMARIA,1.33
13-10-2025,24.5,84.5,GAYA,BIHAR,D100,DUMARIA,1.48
14-10-2025,24.5,84.5,GAYA,BIHAR,D100,DUMARIA,1.6
15-10-2025,24.5,84.5,GAYA,BIHAR,D100,DUMARIA,1.75
16-10-2025,24.5,84.5,GAYA,BIHAR,D100,DUMARIA,1.76
17-10-2025,24.5,84.5,GAYA,BIHAR,D100,DUMARIA,1.69
18-10-2025,24.5,84.5,GAYA,BIHAR,D100,DUMARIA,1.66
19-10-2025,24.5,84.5,GAYA,BIHAR,D100,DUMARIA,1.78
20-10-2025,24.5,84.5,GAYA,BIHAR,D100,DUMARIA,1.99
21-10-2025,24.5,84.5,GAYA,BIHAR,D100,DUMARIA,1.86
22-10-2025,24.5,84.5,GAYA,BIHAR,D100,DUMARIA,1.71
23-10-2025,24.5,84.5,GAYA,BIHAR,D100,DUMARIA,1.79
24-10-2025,24.5,84.5,GAYA,BIHAR,D100,DUMARIA,2.01
25-10-2025,24.5,84.5,GAYA,BIHAR,D100,DUMARIA,1.99
26-10-2025,24.5,84.5,GAYA,BIHAR,D100,DUMARIA,1.97
27-10-2025,24.5,84.5,GAYA,BIHAR,D100,DUMARIA,1.86
28-10-2025,24.5,84.5,GAYA,BIHAR,D100,DUMARIA,1.77
29-10-2025,24.5,84.5,GAYA,BIHAR,D100,DUMARIA,1.97
30-10-2025,24.5,84.5,GAYA,BIHAR,D100,DUMARIA,2.12
31-10-2025,24.5,84.5,GAYA,BIHAR,D100,DUMARIA,1.95
01-11-2025,24.5,84.5,GAYA,BIHAR,D100,DUMARIA,1.83
02-11-2025,24.5,84.5,GAYA,BIHAR,D100,DUMARIA,1.94
03-11-2025,24.5,84.5,GAYA,BIHAR,D100,DUMARIA,1.91
04-11-2025,24.5,84.5,GAYA,BIHAR,D100,DUMARIA,1.91
05-11-2025,24.5,84.5,GAYA,BIHAR,D100,DUMARIA,1.97
06-11-2025,24.5,84.5,GAYA,BIHAR,D100,DUMARIA,1.78
07-11-2025,24.5,84.5,GAYA,BIHAR,D100,DUMARIA,1.82
08-11-2025,24.5,84.5,GAYA,BIHAR,D100,DUMARIA,1.95
09-11-2025,24.5,84.5,GAYA,BIHAR,D100,DUMARIA,2.15
10-11-2025,24.5,84.5,GAYA,BIHAR,D100,DUMARIA,2.24
11-11-2025,24.5,84.5,GAYA,BIHAR,D100,DUMARIA,2.04
12-11-2025,24.5,84.5,GAYA,BIHAR,D100,DUMARIA,1.84
13-11-2025,24.5,84.5,GAYA,BIHAR,D100,DUMARIA,1.99
14-11-2025,24.5,84.5,GAYA,BIHAR,D100,DUMARIA,2.03
15-11-2025,24.5,84.5,GAYA,BIHAR,D100,DUMARIA,2
16-11-2025,24.5,84.5,GAYA,BIHAR,D100,DUMARIA,2.22
17-11-2025,24.5,84.5,GAYA,BIHAR,D100,DUMARIA,2.19
18-11-2025,24.5,84.5,GAYA,BIHAR,D100,DUMARIA,2.32
19-11-2025,24.5,84.5,GAYA,BIHAR,D100,DUMARIA,2.4
20-11-2025,24.5,84.5,GAYA,BIHAR,D100,DUMARIA,2.27
21-11-2025,24.5,84.5,GAYA,BIHAR,D100,DUMARIA,2.04
22-11-2025,24.5,84.5,GAYA,BIHAR,D100,DUMARIA,1.72
23-11-2025,24.5,84.5,GAYA,BIHAR,D100,DUMARIA,1.54
24-11-2025,24.5,84.5,GAYA,BIHAR,D100,DUMARIA,1.68
25-11-2025,24.5,84.5,GAYA,BIHAR,D100,DUMARIA,1.71
26-11-2025,24.5,84.5,GAYA,BIHAR,D100,DUMARIA,1.9
27-11-2025,24.5,84.5,GAYA,BIHAR,D100,DUMARIA,1.98
28-11-2025,24.5,84.5,GAYA,BIHAR,D100,DUMARIA,1.98
29-11-2025,24.5,84.5,GAYA,BIHAR,D100,DUMARIA,1.88
30-11-2025,24.5,84.5,GAYA,BIHAR,D100,DUMARIA,1.84
01-12-2025,24.5,84.5,GAYA,BIHAR,D100,DUMARIA,2.01
02-12-2025,24.5,84.5,GAYA,BIHAR,D100,DUMARIA,2.22
03-12-2025,24.5,84.5,GAYA,BIHAR,D100,DUMARIA,2.16
04-12-2025,24.5,84.5,GAYA,BIHAR,D100,DUMARIA,2.09
05-12-2025,24.5,84.5,GAYA,BIHAR,D100,DUMARIA,2.14
06-12-2025,24.5,84.5,GAYA,BIHAR,D100,DUMARIA,2.21
07-12-2025,24.5,84.5,GAYA,BIHAR,D100,DUMARIA,2.17
08-12-2025,24.5,84.5,GAYA,BIHAR,D100,DUMARIA,2.23
09-12-2025,24.5,84.5,GAYA,BIHAR,D100,DUMARIA,2.4
10-12-2025,24.5,84.5,GAYA,BIHAR,D100,DUMARIA,2.27
11-12-2025,24.5,84.5,GAYA,BIHAR,D100,DUMARIA,2.18
12-12-2025,24.5,84.5,GAYA,BIHAR,D100,DUMARIA,1.96
13-12-2025,24.5,84.5,GAYA,BIHAR,D100,DUMARIA,2.16
14-12-2025,24.5,84.5,GAYA,BIHAR,D100,DUMARIA,2.23
15-12-2025,24.5,84.5,GAYA,BIHAR,D100,DUMARIA,2.09
16-12-2025,24.5,84.5,GAYA,BIHAR,D100,DUMARIA,2.2
17-12-2025,24.5,84.5,GAYA,BIHAR,D100,DUMARIA,1.86
18-12-2025,24.5,84.5,GAYA,BIHAR,D100,DUMARIA,1.79
19-12-2025,24.5,84.5,GAYA,BIHAR,D100,DUMARIA,1.73
20-12-2025,24.5,84.5,GAYA,BIHAR,D100,DUMARIA,1.97
21-12-2025,24.5,84.5,GAYA,BIHAR,D100,DUMARIA,1.82
22-12-2025,24.5,84.5,GAYA,BIHAR,D100,DUMARIA,2.01
23-12-2025,24.5,84.5,GAYA,BIHAR,D100,DUMARIA,2.15
24-12-2025,24.5,84.5,GAYA,BIHAR,D100,DUMARIA,1.79
25-12-2025,24.5,84.5,GAYA,BIHAR,D100,DUMARIA,1.79
26-12-2025,24.5,84.5,GAYA,BIHAR,D100,DUMARIA,2.05
27-12-2025,24.5,84.5,GAYA,BIHAR,D100,DUMARIA,2.03
28-12-2025,24.5,84.5,GAYA,BIHAR,D100,DUMARIA,2.18
29-12-2025,24.5,84.5,GAYA,BIHAR,D100,DUMARIA,2.28
30-12-2025,24.5,84.5,GAYA,BIHAR,D100,DUMARIA,2.41
31-12-2025,24.5,84.5,GAYA,BIHAR,D100,DUMARIA,2.18
01-01-2025,26.5,84.5,GOPALGANJ,BIHAR,D101,BAIKUNTHPUR,2.47
02-01-2025,26.5,84.5,GOPALGANJ,BIHAR,D101,BAIKUNTHPUR,2.4
03-01-2025,26.5,84.5,GOPALGANJ,BIHAR,D101,BAIKUNTHPUR,2.53
04-01-2025,26.5,84.5,GOPALGANJ,BIHAR,D101,BAIKUNTHPUR,2.4
05-01-2025,26.5,84.5,GOPALGANJ,BIHAR,D101,BAIKUNTHPUR,2.34
06-01-2025,26.5,84.5,GOPALGANJ,BIHAR,D101,BAIKUNTHPUR,2.37
07-01-2025,26.5,84.5,GOPALGANJ,BIHAR,D101,BAIKUNTHPUR,2.77
08-01-2025,26.5,84.5,GOPALGANJ,BIHAR,D101,BAIKUNTHPUR,2.94
09-01-2025,26.5,84.5,GOPALGANJ,BIHAR,D101,BAIKUNTHPUR,2.92
10-01-2025,26.5,84.5,GOPALGANJ,BIHAR,D101,BAIKUNTHPUR,2.78
11-01-2025,26.5,84.5,GOPALGANJ,BIHAR,D101,BAIKUNTHPUR,2.57
12-01-2025,26.5,84.5,GOPALGANJ,BIHAR,D101,BAIKUNTHPUR,2.39
13-01-2025,26.5,84.5,GOPALGANJ,BIHAR,D101,BAIKUNTHPUR,2.08
14-01-2025,26.5,84.5,GOPALGANJ,BIHAR,D101,BAIKUNTHPUR,1.79
15-01-2025,26.5,84.5,GOPALGANJ,BIHAR,D101,BAIKUNTHPUR,2.07
16-01-2025,26.5,84.5,GOPALGANJ,BIHAR,D101,BAIKUNTHPUR,2.06
17-01-2025,26.5,84.5,GOPALGANJ,BIHAR,D101,BAIKUNTHPUR,2.18
18-01-2025,26.5,84.5,GOPALGANJ,BIHAR,D101,BAIKUNTHPUR,2.62
19-01-2025,26.5,84.5,GOPALGANJ,BIHAR,D101,BAIKUNTHPUR,2.78
20-01-2025,26.5,84.5,GOPALGANJ,BIHAR,D101,BAIKUNTHPUR,2.62
21-01-2025,26.5,84.5,GOPALGANJ,BIHAR,D101,BAIKUNTHPUR,1.94
22-01-2025,26.5,84.5,GOPALGANJ,BIHAR,D101,BAIKUNTHPUR,2.03
23-01-2025,26.5,84.5,GOPALGANJ,BIHAR,D101,BAIKUNTHPUR,2.66
24-01-2025,26.5,84.5,GOPALGANJ,BIHAR,D101,BAIKUNTHPUR,2.51
25-01-2025,26.5,84.5,GOPALGANJ,BIHAR,D101,BAIKUNTHPUR,2.51
26-01-2025,26.5,84.5,GOPALGANJ,BIHAR,D101,BAIKUNTHPUR,2.42
27-01-2025,26.5,84.5,GOPALGANJ,BIHAR,D101,BAIKUNTHPUR,2.26
28-01-2025,26.5,84.5,GOPALGANJ,BIHAR,D101,BAIKUNTHPUR,2.3
29-01-2025,26.5,84.5,GOPALGANJ,BIHAR,D101,BAIKUNTHPUR,2.1
30-01-2025,26.5,84.5,GOPALGANJ,BIHAR,D101,BAIKUNTHPUR,1.98
31-01-2025,26.5,84.5,GOPALGANJ,BIHAR,D101,BAIKUNTHPUR,2.2
01-02-2025,26.5,84.5,GOPALGANJ,BIHAR,D101,BAIKUNTHPUR,2.12
02-02-2025,26.5,84.5,GOPALGANJ,BIHAR,D101,BAIKUNTHPUR,1.95
03-02-2025,26.5,84.5,GOPALGANJ,BIHAR,D101,BAIKUNTHPUR,1.74
04-02-2025,26.5,84.5,GOPALGANJ,BIHAR,D101,BAIKUNTHPUR,1.87
05-02-2025,26.5,84.5,GOPALGANJ,BIHAR,D101,BAIKUNTHPUR,1.71
06-02-2025,26.5,84.5,GOPALGANJ,BIHAR,D101,BAIKUNTHPUR,1.73
07-02-2025,26.5,84.5,GOPALGANJ,BIHAR,D101,BAIKUNTHPUR,2.1
08-02-2025,26.5,84.5,GOPALGANJ,BIHAR,D101,BAIKUNTHPUR,2.32
09-02-2025,26.5,84.5,GOPALGANJ,BIHAR,D101,BAIKUNTHPUR,1.93
10-02-2025,26.5,84.5,GOPALGANJ,BIHAR,D101,BAIKUNTHPUR,2.06
11-02-2025,26.5,84.5,GOPALGANJ,BIHAR,D101,BAIKUNTHPUR,1.87
12-02-2025,26.5,84.5,GOPALGANJ,BIHAR,D101,BAIKUNTHPUR,2.12
13-02-2025,26.5,84.5,GOPALGANJ,BIHAR,D101,BAIKUNTHPUR,2.07
14-02-2025,26.5,84.5,GOPALGANJ,BIHAR,D101,BAIKUNTHPUR,2
15-02-2025,26.5,84.5,GOPALGANJ,BIHAR,D101,BAIKUNTHPUR,2.05
16-02-2025,26.5,84.5,GOPALGANJ,BIHAR,D101,BAIKUNTHPUR,1.89
17-02-2025,26.5,84.5,GOPALGANJ,BIHAR,D101,BAIKUNTHPUR,1.61
18-02-2025,26.5,84.5,GOPALGANJ,BIHAR,D101,BAIKUNTHPUR,1.91
19-02-2025,26.5,84.5,GOPALGANJ,BIHAR,D101,BAIKUNTHPUR,2.13
20-02-2025,26.5,84.5,GOPALGANJ,BIHAR,D101,BAIKUNTHPUR,2.21
21-02-2025,26.5,84.5,GOPALGANJ,BIHAR,D101,BAIKUNTHPUR,2.07
22-02-2025,26.5,84.5,GOPALGANJ,BIHAR,D101,BAIKUNTHPUR,1.8
23-02-2025,26.5,84.5,GOPALGANJ,BIHAR,D101,BAIKUNTHPUR,1.5
24-02-2025,26.5,84.5,GOPALGANJ,BIHAR,D101,BAIKUNTHPUR,1.83
25-02-2025,26.5,84.5,GOPALGANJ,BIHAR,D101,BAIKUNTHPUR,2.01
26-02-2025,26.5,84.5,GOPALGANJ,BIHAR,D101,BAIKUNTHPUR,1.97
27-02-2025,26.5,84.5,GOPALGANJ,BIHAR,D101,BAIKUNTHPUR,1.77
28-02-2025,26.5,84.5,GOPALGANJ,BIHAR,D101,BAIKUNTHPUR,1.95
29-02-2025,26.5,84.5,GOPALGANJ,BIHAR,D101,BAIKUNTHPUR,1.83
01-03-2025,26.5,84.5,GOPALGANJ,BIHAR,D101,BAIKUNTHPUR,2.13
02-03-2025,26.5,84.5,GOPALGANJ,BIHAR,D101,BAIKUNTHPUR,1.95
03-03-2025,26.5,84.5,GOPALGANJ,BIHAR,D101,BAIKUNTHPUR,1.87
04-03-2025,26.5,84.5,GOPALGANJ,BIHAR,D101,BAIKUNTHPUR,1.58
05-03-2025,26.5,84.5,GOPALGANJ,BIHAR,D101,BAIKUNTHPUR,2.09
06-03-2025,26.5,84.5,GOPALGANJ,BIHAR,D101,BAIKUNTHPUR,2.06
07-03-2025,26.5,84.5,GOPALGANJ,BIHAR,D101,BAIKUNTHPUR,2.05
08-03-2025,26.5,84.5,GOPALGANJ,BIHAR,D101,BAIKUNTHPUR,2.15
09-03-2025,26.5,84.5,GOPALGANJ,BIHAR,D101,BAIKUNTHPUR,2.23
10-03-2025,26.5,84.5,GOPALGANJ,BIHAR,D101,BAIKUNTHPUR,1.96
11-03-2025,26.5,84.5,GOPALGANJ,BIHAR,D101,BAIKUNTHPUR,1.77
12-03-2025,26.5,84.5,GOPALGANJ,BIHAR,D101,BAIKUNTHPUR,1.55
13-03-2025,26.5,84.5,GOPALGANJ,BIHAR,D101,BAIKUNTHPUR,1.78
14-03-2025,26.5,84.5,GOPALGANJ,BIHAR,D101,BAIKUNTHPUR,1.72
15-03-2025,26.5,84.5,GOPALGANJ,BIHAR,D101,BAIKUNTHPUR,1.79
16-03-2025,26.5,84.5,GOPALGANJ,BIHAR,D101,BAIKUNTHPUR,1.99
17-03-2025,26.5,84.5,GOPALGANJ,BIHAR,D101,BAIKUNTHPUR,1.97
18-03-2025,26.5,84.5,GOPALGANJ,BIHAR,D101,BAIKUNTHPUR,1.76
19-03-2025,26.5,84.5,GOPALGANJ,BIHAR,D101,BAIKUNTHPUR,1.81
20-03-2025,26.5,84.5,GOPALGANJ,BIHAR,D101,BAIKUNTHPUR,2.03
21-03-2025,26.5,84.5,GOPALGANJ,BIHAR,D101,BAIKUNTHPUR,2
22-03-2025,26.5,84.5,GOPALGANJ,BIHAR,D101,BAIKUNTHPUR,1.63
23-03-2025,26.5,84.5,GOPALGANJ,BIHAR,D101,BAIKUNTHPUR,1.66
24-03-2025,26.5,84.5,GOPALGANJ,BIHAR,D101,BAIKUNTHPUR,1.64
25-03-2025,26.5,84.5,GOPALGANJ,BIHAR,D101,BAIKUNTHPUR,1.85
26-03-2025,26.5,84.5,GOPALGANJ,BIHAR,D101,BAIKUNTHPUR,1.82
27-03-2025,26.5,84.5,GOPALGANJ,BIHAR,D101,BAIKUNTHPUR,2.03
28-03-2025,26.5,84.5,GOPALGANJ,BIHAR,D101,BAIKUNTHPUR,1.64
29-03-2025,26.5,84.5,GOPALGANJ,BIHAR,D101,BAIKUNTHPUR,1.39
30-03-2025,26.5,84.5,GOPALGANJ,BIHAR,D101,BAIKUNTHPUR,1.69
31-03-2025,26.5,84.5,GOPALGANJ,BIHAR,D101,BAIKUNTHPUR,1.84
01-04-2025,26.5,84.5,GOPALGANJ,BIHAR,D101,BAIKUNTHPUR,1.49
02-04-2025,26.5,84.5,GOPALGANJ,BIHAR,D101,BAIKUNTHPUR,1.74
03-04-2025,26.5,84.5,GOPALGANJ,BIHAR,D101,BAIKUNTHPUR,1.89
04-04-2025,26.5,84.5,GOPALGANJ,BIHAR,D101,BAIKUNTHPUR,2.13
05-04-2025,26.5,84.5,GOPALGANJ,BIHAR,D101,BAIKUNTHPUR,1.79
06-04-2025,26.5,84.5,GOPALGANJ,BIHAR,D101,BAIKUNTHPUR,1.89
07-04-2025,26.5,84.5,GOPALGANJ,BIHAR,D101,BAIKUNTHPUR,1.74
08-04-2025,26.5,84.5,GOPALGANJ,BIHAR,D101,BAIKUNTHPUR,1.75
09-04-2025,26.5,84.5,GOPALGANJ,BIHAR,D101,BAIKUNTHPUR,1.38
10-04-2025,26.5,84.5,GOPALGANJ,BIHAR,D101,BAIKUNTHPUR,1.33
11-04-2025,26.5,84.5,GOPALGANJ,BIHAR,D101,BAIKUNTHPUR,1.83
12-04-2025,26.5,84.5,GOPALGANJ,BIHAR,D101,BAIKUNTHPUR,1.97
13-04-2025,26.5,84.5,GOPALGANJ,BIHAR,D101,BAIKUNTHPUR,1.68
14-04-2025,26.5,84.5,GOPALGANJ,BIHAR,D101,BAIKUNTHPUR,1.5
15-04-2025,26.5,84.5,GOPALGANJ,BIHAR,D101,BAIKUNTHPUR,1.32
16-04-2025,26.5,84.5,GOPALGANJ,BIHAR,D101,BAIKUNTHPUR,1.45
17-04-2025,26.5,84.5,GOPALGANJ,BIHAR,D101,BAIKUNTHPUR,1.32
18-04-2025,26.5,84.5,GOPALGANJ,BIHAR,D101,BAIKUNTHPUR,1.66
19-04-2025,26.5,84.5,GOPALGANJ,BIHAR,D101,BAIKUNTHPUR,1.77
20-04-2025,26.5,84.5,GOPALGANJ,BIHAR,D101,BAIKUNTHPUR,1.68
21-04-2025,26.5,84.5,GOPALGANJ,BIHAR,D101,BAIKUNTHPUR,1.77
22-04-2025,26.5,84.5,GOPALGANJ,BIHAR,D101,BAIKUNTHPUR,1.81
23-04-2025,26.5,84.5,GOPALGANJ,BIHAR,D101,BAIKUNTHPUR,1.4
24-04-2025,26.5,84.5,GOPALGANJ,BIHAR,D101,BAIKUNTHPUR,1.48
25-04-2025,26.5,84.5,GOPALGANJ,BIHAR,D101,BAIKUNTHPUR,1.37
26-04-2025,26.5,84.5,GOPALGANJ,BIHAR,D101,BAIKUNTHPUR,1.53
27-04-2025,26.5,84.5,GOPALGANJ,BIHAR,D101,BAIKUNTHPUR,1.48
28-04-2025,26.5,84.5,GOPALGANJ,BIHAR,D101,BAIKUNTHPUR,1.27
29-04-2025,26.5,84.5,GOPALGANJ,BIHAR,D101,BAIKUNTHPUR,1.37
30-04-2025,26.5,84.5,GOPALGANJ,BIHAR,D101,BAIKUNTHPUR,1.6
01-05-2025,26.5,84.5,GOPALGANJ,BIHAR,D101,BAIKUNTHPUR,1.56
02-05-2025,26.5,84.5,GOPALGANJ,BIHAR,D101,BAIKUNTHPUR,1.5
03-05-2025,26.5,84.5,GOPALGANJ,BIHAR,D101,BAIKUNTHPUR,1.72
04-05-2025,26.5,84.5,GOPALGANJ,BIHAR,D101,BAIKUNTHPUR,1.66
05-05-2025,26.5,84.5,GOPALGANJ,BIHAR,D101,BAIKUNTHPUR,1.25
06-05-2025,26.5,84.5,GOPALGANJ,BIHAR,D101,BAIKUNTHPUR,1.32
07-05-2025,26.5,84.5,GOPALGANJ,BIHAR,D101,BAIKUNTHPUR,1.29
08-05-2025,26.5,84.5,GOPALGANJ,BIHAR,D101,BAIKUNTHPUR,1.43
09-05-2025,26.5,84.5,GOPALGANJ,BIHAR,D101,BAIKUNTHPUR,1.4
10-05-2025,26.5,84.5,GOPALGANJ,BIHAR,D101,BAIKUNTHPUR,1.75
11-05-2025,26.5,84.5,GOPALGANJ,BIHAR,D101,BAIKUNTHPUR,1.75
12-05-2025,26.5,84.5,GOPALGANJ,BIHAR,D101,BAIKUNTHPUR,1.8
13-05-2025,26.5,84.5,GOPALGANJ,BIHAR,D101,BAIKUNTHPUR,1.77
14-05-2025,26.5,84.5,GOPALGANJ,BIHAR,D101,BAIKUNTHPUR,1.77
15-05-2025,26.5,84.5,GOPALGANJ,BIHAR,D101,BAIKUNTHPUR,1.49
16-05-2025,26.5,84.5,GOPALGANJ,BIHAR,D101,BAIKUNTHPUR,1.32
17-05-2025,26.5,84.5,GOPALGANJ,BIHAR,D101,BAIKUNTHPUR,1.34
18-05-2025,26.5,84.5,GOPALGANJ,BIHAR,D101,BAIKUNTHPUR,1.44
19-05-2025,26.5,84.5,GOPALGANJ,BIHAR,D101,BAIKUNTHPUR,1.52
20-05-2025,26.5,84.5,GOPALGANJ,BIHAR,D101,BAIKUNTHPUR,1.41
21-05-2025,26.5,84.5,GOPALGANJ,BIHAR,D101,BAIKUNTHPUR,1.21
22-05-2025,26.5,84.5,GOPALGANJ,BIHAR,D101,BAIKUNTHPUR,1.33
23-05-2025,26.5,84.5,GOPALGANJ,BIHAR,D101,BAIKUNTHPUR,1.46
24-05-2025,26.5,84.5,GOPALGANJ,BIHAR,D101,BAIKUNTHPUR,1.39
25-05-2025,26.5,84.5,GOPALGANJ,BIHAR,D101,BAIKUNTHPUR,1.62
26-05-2025,26.5,84.5,GOPALGANJ,BIHAR,D101,BAIKUNTHPUR,1.57
27-05-2025,26.5,84.5,GOPALGANJ,BIHAR,D101,BAIKUNTHPUR,1.72
28-05-2025,26.5,84.5,GOPALGANJ,BIHAR,D101,BAIKUNTHPUR,1.59
29-05-2025,26.5,84.5,GOPALGANJ,BIHAR,D101,BAIKUNTHPUR,1.59
30-05-2025,26.5,84.5,GOPALGANJ,BIHAR,D101,BAIKUNTHPUR,1.58
31-05-2025,26.5,84.5,GOPALGANJ,BIHAR,D101,BAIKUNTHPUR,1.55
01-06-2025,26.5,84.5,GOPALGANJ,BIHAR,D101,BAIKUNTHPUR,1.45
02-06-2025,26.5,84.5,GOPALGANJ,BIHAR,D101,BAIKUNTHPUR,1.24
03-06-2025,26.5,84.5,GOPALGANJ,BIHAR,D101,BAIKUNTHPUR,1.22
04-06-2025,26.5,84.5,GOPALGANJ,BIHAR,D101,BAIKUNTHPUR,1.66
05-06-2025,26.5,84.5,GOPALGANJ,BIHAR,D101,BAIKUNTHPUR,1.73
06-06-2025,26.5,84.5,GOPALGANJ,BIHAR,D101,BAIKUNTHPUR,1.73
07-06-2025,26.5,84.5,GOPALGANJ,BIHAR,D101,BAIKUNTHPUR,1.55
08-06-2025,26.5,84.5,GOPALGANJ,BIHAR,D101,BAIKUNTHPUR,1.65
09-06-2025,26.5,84.5,GOPALGANJ,BIHAR,D101,BAIKUNTHPUR,1.76
10-06-2025,26.5,84.5,GOPALGANJ,BIHAR,D101,BAIKUNTHPUR,1.13
11-06-2025,26.5,84.5,GOPALGANJ,BIHAR,D101,BAIKUNTHPUR,1.09
12-06-2025,26.5,84.5,GOPALGANJ,BIHAR,D101,BAIKUNTHPUR,1.22
13-06-2025,26.5,84.5,GOPALGANJ,BIHAR,D101,BAIKUNTHPUR,1.16
14-06-2025,26.5,84.5,GOPALGANJ,BIHAR,D101,BAIKUNTHPUR,1.41
15-06-2025,26.5,84.5,GOPALGANJ,BIHAR,D101,BAIKUNTHPUR,1.93
16-06-2025,26.5,84.5,GOPALGANJ,BIHAR,D101,BAIKUNTHPUR,1.74
17-06-2025,26.5,84.5,GOPALGANJ,BIHAR,D101,BAIKUNTHPUR,1.49
18-06-2025,26.5,84.5,GOPALGANJ,BIHAR,D101,BAIKUNTHPUR,1.46
19-06-2025,26.5,84.5,GOPALGANJ,BIHAR,D101,BAIKUNTHPUR,1.56
20-06-2025,26.5,84.5,GOPALGANJ,BIHAR,D101,BAIKUNTHPUR,1.64
21-06-2025,26.5,84.5,GOPALGANJ,BIHAR,D101,BAIKUNTHPUR,1.31
22-06-2025,26.5,84.5,GOPALGANJ,BIHAR,D101,BAIKUNTHPUR,1.3
23-06-2025,26.5,84.5,GOPALGANJ,BIHAR,D101,BAIKUNTHPUR,1.05
24-06-2025,26.5,84.5,GOPALGANJ,BIHAR,D101,BAIKUNTHPUR,1.14
25-06-2025,26.5,84.5,GOPALGANJ,BIHAR,D101,BAIKUNTHPUR,1.16
26-06-2025,26.5,84.5,GOPALGANJ,BIHAR,D101,BAIKUNTHPUR,1.1
27-06-2025,26.5,84.5,GOPALGANJ,BIHAR,D101,BAIKUNTHPUR,1.14
28-06-2025,26.5,84.5,GOPALGANJ,BIHAR,D101,BAIKUNTHPUR,1.07
29-06-2025,26.5,84.5,GOPALGANJ,BIHAR,D101,BAIKUNTHPUR,1.05
30-06-2025,26.5,84.5,GOPALGANJ,BIHAR,D101,BAIKUNTHPUR,1.23
01-07-2025,26.5,84.5,GOPALGANJ,BIHAR,D101,BAIKUNTHPUR,1.1
02-07-2025,26.5,84.5,GOPALGANJ,BIHAR,D101,BAIKUNTHPUR,0.88
03-07-2025,26.5,84.5,GOPALGANJ,BIHAR,D101,BAIKUNTHPUR,0.85
04-07-2025,26.5,84.5,GOPALGANJ,BIHAR,D101,BAIKUNTHPUR,0.82
05-07-2025,26.5,84.5,GOPALGANJ,BIHAR,D101,BAIKUNTHPUR,1
06-07-2025,26.5,84.5,GOPALGANJ,BIHAR,D101,BAIKUNTHPUR,0.94
07-07-2025,26.5,84.5,GOPALGANJ,BIHAR,D101,BAIKUNTHPUR,0.88
08-07-2025,26.5,84.5,GOPALGANJ,BIHAR,D101,BAIKUNTHPUR,0.94
09-07-2025,26.5,84.5,GOPALGANJ,BIHAR,D101,BAIKUNTHPUR,1.15
10-07-2025,26.5,84.5,GOPALGANJ,BIHAR,D101,BAIKUNTHPUR,1.15
11-07-2025,26.5,84.5,GOPALGANJ,BIHAR,D101,BAIKUNTHPUR,1.17
12-07-2025,26.5,84.5,GOPALGANJ,BIHAR,D101,BAIKUNTHPUR,1.11
13-07-2025,26.5,84.5,GOPALGANJ,BIHAR,D101,BAIKUNTHPUR,1.01
14-07-2025,26.5,84.5,GOPALGANJ,BIHAR,D101,BAIKUNTHPUR,1.27
15-07-2025,26.5,84.5,GOPALGANJ,BIHAR,D101,BAIKUNTHPUR,0.9
16-07-2025,26.5,84.5,GOPALGANJ,BIHAR,D101,BAIKUNTHPUR,1.05
17-07-2025,26.5,84.5,GOPALGANJ,BIHAR,D101,BAIKUNTHPUR,1.07
18-07-2025,26.5,84.5,GOPALGANJ,BIHAR,D101,BAIKUNTHPUR,1.04
19-07-2025,26.5,84.5,GOPALGANJ,BIHAR,D101,BAIKUNTHPUR,0.98
20-07-2025,26.5,84.5,GOPALGANJ,BIHAR,D101,BAIKUNTHPUR,0.99
21-07-2025,26.5,84.5,GOPALGANJ,BIHAR,D101,BAIKUNTHPUR,0.93
22-07-2025,26.5,84.5,GOPALGANJ,BIHAR,D101,BAIKUNTHPUR,0.77
23-07-2025,26.5,84.5,GOPALGANJ,BIHAR,D101,BAIKUNTHPUR,0.8
24-07-2025,26.5,84.5,GOPALGANJ,BIHAR,D101,BAIKUNTHPUR,0.93
25-07-2025,26.5,84.5,GOPALGANJ,BIHAR,D101,BAIKUNTHPUR,0.95
26-07-2025,26.5,84.5,GOPALGANJ,BIHAR,D101,BAIKUNTHPUR,0.78
27-07-2025,26.5,84.5,GOPALGANJ,BIHAR,D101,BAIKUNTHPUR,0.95
28-07-2025,26.5,84.5,GOPALGANJ,BIHAR,D101,BAIKUNTHPUR,0.87
29-07-2025,26.5,84.5,GOPALGANJ,BIHAR,D101,BAIKUNTHPUR,0.79
30-07-2025,26.5,84.5,GOPALGANJ,BIHAR,D101,BAIKUNTHPUR,0.76
31-07-2025,26.5,84.5,GOPALGANJ,BIHAR,D101,BAIKUNTHPUR,0.82
01-08-2025,26.5,84.5,GOPALGANJ,BIHAR,D101,BAIKUNTHPUR,0.97
02-08-2025,26.5,84.5,GOPALGANJ,BIHAR,D101,BAIKUNTHPUR,0.96
03-08-2025,26.5,84.5,GOPALGANJ,BIHAR,D101,BAIKUNTHPUR,0.74
04-08-2025,26.5,84.5,GOPALGANJ,BIHAR,D101,BAIKUNTHPUR,0.93
05-08-2025,26.5,84.5,GOPALGANJ,BIHAR,D101,BAIKUNTHPUR,0.79
06-08-2025,26.5,84.5,GOPALGANJ,BIHAR,D101,BAIKUNTHPUR,0.81
07-08-2025,26.5,84.5,GOPALGANJ,BIHAR,D101,BAIKUNTHPUR,0.86
08-08-2025,26.5,84.5,GOPALGANJ,BIHAR,D101,BAIKUNTHPUR,0.86
09-08-2025,26.5,84.5,GOPALGANJ,BIHAR,D101,BAIKUNTHPUR,0.88
10-08-2025,26.5,84.5,GOPALGANJ,BIHAR,D101,BAIKUNTHPUR,0.94
11-08-2025,26.5,84.5,GOPALGANJ,BIHAR,D101,BAIKUNTHPUR,0.88
12-08-2025,26.5,84.5,GOPALGANJ,BIHAR,D101,BAIKUNTHPUR,0.8
13-08-2025,26.5,84.5,GOPALGANJ,BIHAR,D101,BAIKUNTHPUR,0.74
14-08-2025,26.5,84.5,GOPALGANJ,BIHAR,D101,BAIKUNTHPUR,0.93
15-08-2025,26.5,84.5,GOPALGANJ,BIHAR,D101,BAIKUNTHPUR,0.8
16-08-2025,26.5,84.5,GOPALGANJ,BIHAR,D101,BAIKUNTHPUR,0.7
17-08-2025,26.5,84.5,GOPALGANJ,BIHAR,D101,BAIKUNTHPUR,0.66
18-08-2025,26.5,84.5,GOPALGANJ,BIHAR,D101,BAIKUNTHPUR,0.89
19-08-2025,26.5,84.5,GOPALGANJ,BIHAR,D101,BAIKUNTHPUR,0.76
20-08-2025,26.5,84.5,GOPALGANJ,BIHAR,D101,BAIKUNTHPUR,0.68
21-08-2025,26.5,84.5,GOPALGANJ,BIHAR,D101,BAIKUNTHPUR,0.66
22-08-2025,26.5,84.5,GOPALGANJ,BIHAR,D101,BAIKUNTHPUR,0.75
23-08-2025,26.5,84.5,GOPALGANJ,BIHAR,D101,BAIKUNTHPUR,0.79
24-08-2025,26.5,84.5,GOPALGANJ,BIHAR,D101,BAIKUNTHPUR,0.65
25-08-2025,26.5,84.5,GOPALGANJ,BIHAR,D101,BAIKUNTHPUR,0.67
26-08-2025,26.5,84.5,GOPALGANJ,BIHAR,D101,BAIKUNTHPUR,0.65
27-08-2025,26.5,84.5,GOPALGANJ,BIHAR,D101,BAIKUNTHPUR,0.71
28-08-2025,26.5,84.5,GOPALGANJ,BIHAR,D101,BAIKUNTHPUR,0.77
29-08-2025,26.5,84.5,GOPALGANJ,BIHAR,D101,BAIKUNTHPUR,0.78
30-08-2025,26.5,84.5,GOPALGANJ,BIHAR,D101,BAIKUNTHPUR,0.87
31-08-2025,26.5,84.5,GOPALGANJ,BIHAR,D101,BAIKUNTHPUR,0.78
01-09-2025,26.5,84.5,GOPALGANJ,BIHAR,D101,BAIKUNTHPUR,0.96
02-09-2025,26.5,84.5,GOPALGANJ,BIHAR,D101,BAIKUNTHPUR,1
03-09-2025,26.5,84.5,GOPALGANJ,BIHAR,D101,BAIKUNTHPUR,0.83
04-09-2025,26.5,84.5,GOPALGANJ,BIHAR,D101,BAIKUNTHPUR,0.71
05-09-2025,26.5,84.5,GOPALGANJ,BIHAR,D101,BAIKUNTHPUR,0.91
06-09-2025,26.5,84.5,GOPALGANJ,BIHAR,D101,BAIKUNTHPUR,1.04
07-09-2025,26.5,84.5,GOPALGANJ,BIHAR,D101,BAIKUNTHPUR,0.82
08-09-2025,26.5,84.5,GOPALGANJ,BIHAR,D101,BAIKUNTHPUR,0.89
09-09-2025,26.5,84.5,GOPALGANJ,BIHAR,D101,BAIKUNTHPUR,0.89
10-09-2025,26.5,84.5,GOPALGANJ,BIHAR,D101,BAIKUNTHPUR,0.78
11-09-2025,26.5,84.5,GOPALGANJ,BIHAR,D101,BAIKUNTHPUR,0.78
12-09-2025,26.5,84.5,GOPALGANJ,BIHAR,D101,BAIKUNTHPUR,0.96
13-09-2025,26.5,84.5,GOPALGANJ,BIHAR,D101,BAIKUNTHPUR,0.96
14-09-2025,26.5,84.5,GOPALGANJ,BIHAR,D101,BAIKUNTHPUR,0.82
15-09-2025,26.5,84.5,GOPALGANJ,BIHAR,D101,BAIKUNTHPUR,1.02
16-09-2025,26.5,84.5,GOPALGANJ,BIHAR,D101,BAIKUNTHPUR,0.82
17-09-2025,26.5,84.5,GOPALGANJ,BIHAR,D101,BAIKUNTHPUR,1
18-09-2025,26.5,84.5,GOPALGANJ,BIHAR,D101,BAIKUNTHPUR,0.85
19-09-2025,26.5,84.5,GOPALGANJ,BIHAR,D101,BAIKUNTHPUR,0.87
20-09-2025,26.5,84.5,GOPALGANJ,BIHAR,D101,BAIKUNTHPUR,0.84
21-09-2025,26.5,84.5,GOPALGANJ,BIHAR,D101,BAIKUNTHPUR,0.72
22-09-2025,26.5,84.5,GOPALGANJ,BIHAR,D101,BAIKUNTHPUR,0.76
23-09-2025,26.5,84.5,GOPALGANJ,BIHAR,D101,BAIKUNTHPUR,0.79
24-09-2025,26.5,84.5,GOPALGANJ,BIHAR,D101,BAIKUNTHPUR,0.92
25-09-2025,26.5,84.5,GOPALGANJ,BIHAR,D101,BAIKUNTHPUR,1.12
26-09-2025,26.5,84.5,GOPALGANJ,BIHAR,D101,BAIKUNTHPUR,1.13
27-09-2025,26.5,84.5,GOPALGANJ,BIHAR,D101,BAIKUNTHPUR,1.25
28-09-2025,26.5,84.5,GOPALGANJ,BIHAR,D101,BAIKUNTHPUR,1.22
29-09-2025,26.5,84.5,GOPALGANJ,BIHAR,D101,BAIKUNTHPUR,1.06
30-09-2025,26.5,84.5,GOPALGANJ,BIHAR,D101,BAIKUNTHPUR,1.1
01-10-2025,26.5,84.5,GOPALGANJ,BIHAR,D101,BAIKUNTHPUR,1.16
02-10-2025,26.5,84.5,GOPALGANJ,BIHAR,D101,BAIKUNTHPUR,1.06
03-10-2025,26.5,84.5,GOPALGANJ,BIHAR,D101,BAIKUNTHPUR,1.1
04-10-2025,26.5,84.5,GOPALGANJ,BIHAR,D101,BAIKUNTHPUR,0.99
05-10-2025,26.5,84.5,GOPALGANJ,BIHAR,D101,BAIKUNTHPUR,1.08
06-10-2025,26.5,84.5,GOPALGANJ,BIHAR,D101,BAIKUNTHPUR,1.08
07-10-2025,26.5,84.5,GOPALGANJ,BIHAR,D101,BAIKUNTHPUR,1.16
08-10-2025,26.5,84.5,GOPALGANJ,BIHAR,D101,BAIKUNTHPUR,1.16
09-10-2025,26.5,84.5,GOPALGANJ,BIHAR,D101,BAIKUNTHPUR,1.32
10-10-2025,26.5,84.5,GOPALGANJ,BIHAR,D101,BAIKUNTHPUR,1.22
11-10-2025,26.5,84.5,GOPALGANJ,BIHAR,D101,BAIKUNTHPUR,1.14
12-10-2025,26.5,84.5,GOPALGANJ,BIHAR,D101,BAIKUNTHPUR,1.29
13-10-2025,26.5,84.5,GOPALGANJ,BIHAR,D101,BAIKUNTHPUR,1.49
14-10-2025,26.5,84.5,GOPALGANJ,BIHAR,D101,BAIKUNTHPUR,1.6
15-10-2025,26.5,84.5,GOPALGANJ,BIHAR,D101,BAIKUNTHPUR,1.71
16-10-2025,26.5,84.5,GOPALGANJ,BIHAR,D101,BAIKUNTHPUR,1.73
17-10-2025,26.5,84.5,GOPALGANJ,BIHAR,D101,BAIKUNTHPUR,1.68
18-10-2025,26.5,84.5,GOPALGANJ,BIHAR,D101,BAIKUNTHPUR,1.62
19-10-2025,26.5,84.5,GOPALGANJ,BIHAR,D101,BAIKUNTHPUR,1.71
20-10-2025,26.5,84.5,GOPALGANJ,BIHAR,D101,BAIKUNTHPUR,1.85
21-10-2025,26.5,84.5,GOPALGANJ,BIHAR,D101,BAIKUNTHPUR,1.67
22-10-2025,26.5,84.5,GOPALGANJ,BIHAR,D101,BAIKUNTHPUR,1.57
23-10-2025,26.5,84.5,GOPALGANJ,BIHAR,D101,BAIKUNTHPUR,1.71
24-10-2025,26.5,84.5,GOPALGANJ,BIHAR,D101,BAIKUNTHPUR,1.94
25-10-2025,26.5,84.5,GOPALGANJ,BIHAR,D101,BAIKUNTHPUR,1.91
26-10-2025,26.5,84.5,GOPALGANJ,BIHAR,D101,BAIKUNTHPUR,1.78
27-10-2025,26.5,84.5,GOPALGANJ,BIHAR,D101,BAIKUNTHPUR,1.64
28-10-2025,26.5,84.5,GOPALGANJ,BIHAR,D101,BAIKUNTHPUR,1.64
29-10-2025,26.5,84.5,GOPALGANJ,BIHAR,D101,BAIKUNTHPUR,1.8
30-10-2025,26.5,84.5,GOPALGANJ,BIHAR,D101,BAIKUNTHPUR,1.92
31-10-2025,26.5,84.5,GOPALGANJ,BIHAR,D101,BAIKUNTHPUR,1.71
01-11-2025,26.5,84.5,GOPALGANJ,BIHAR,D101,BAIKUNTHPUR,1.71
02-11-2025,26.5,84.5,GOPALGANJ,BIHAR,D101,BAIKUNTHPUR,1.66
03-11-2025,26.5,84.5,GOPALGANJ,BIHAR,D101,BAIKUNTHPUR,1.69
04-11-2025,26.5,84.5,GOPALGANJ,BIHAR,D101,BAIKUNTHPUR,1.78
05-11-2025,26.5,84.5,GOPALGANJ,BIHAR,D101,BAIKUNTHPUR,1.77
06-11-2025,26.5,84.5,GOPALGANJ,BIHAR,D101,BAIKUNTHPUR,1.68
07-11-2025,26.5,84.5,GOPALGANJ,BIHAR,D101,BAIKUNTHPUR,1.7
08-11-2025,26.5,84.5,GOPALGANJ,BIHAR,D101,BAIKUNTHPUR,1.87
09-11-2025,26.5,84.5,GOPALGANJ,BIHAR,D101,BAIKUNTHPUR,2.05
10-11-2025,26.5,84.5,GOPALGANJ,BIHAR,D101,BAIKUNTHPUR,1.99
11-11-2025,26.5,84.5,GOPALGANJ,BIHAR,D101,BAIKUNTHPUR,1.89
12-11-2025,26.5,84.5,GOPALGANJ,BIHAR,D101,BAIKUNTHPUR,1.71
13-11-2025,26.5,84.5,GOPALGANJ,BIHAR,D101,BAIKUNTHPUR,1.8
14-11-2025,26.5,84.5,GOPALGANJ,BIHAR,D101,BAIKUNTHPUR,1.8
15-11-2025,26.5,84.5,GOPALGANJ,BIHAR,D101,BAIKUNTHPUR,1.81
16-11-2025,26.5,84.5,GOPALGANJ,BIHAR,D101,BAIKUNTHPUR,2.13
17-11-2025,26.5,84.5,GOPALGANJ,BIHAR,D101,BAIKUNTHPUR,2.04
18-11-2025,26.5,84.5,GOPALGANJ,BIHAR,D101,BAIKUNTHPUR,2.17
19-11-2025,26.5,84.5,GOPALGANJ,BIHAR,D101,BAIKUNTHPUR,2.21
20-11-2025,26.5,84.5,GOPALGANJ,BIHAR,D101,BAIKUNTHPUR,2.07
21-11-2025,26.5,84.5,GOPALGANJ,BIHAR,D101,BAIKUNTHPUR,1.82
22-11-2025,26.5,84.5,GOPALGANJ,BIHAR,D101,BAIKUNTHPUR,1.57
23-11-2025,26.5,84.5,GOPALGANJ,BIHAR,D101,BAIKUNTHPUR,1.51
24-11-2025,26.5,84.5,GOPALGANJ,BIHAR,D101,BAIKUNTHPUR,1.63
25-11-2025,26.5,84.5,GOPALGANJ,BIHAR,D101,BAIKUNTHPUR,1.66
26-11-2025,26.5,84.5,GOPALGANJ,BIHAR,D101,BAIKUNTHPUR,1.79
27-11-2025,26.5,84.5,GOPALGANJ,BIHAR,D101,BAIKUNTHPUR,1.96
28-11-2025,26.5,84.5,GOPALGANJ,BIHAR,D101,BAIKUNTHPUR,1.98
29-11-2025,26.5,84.5,GOPALGANJ,BIHAR,D101,BAIKUNTHPUR,1.89
30-11-2025,26.5,84.5,GOPALGANJ,BIHAR,D101,BAIKUNTHPUR,1.81
01-12-2025,26.5,84.5,GOPALGANJ,BIHAR,D101,BAIKUNTHPUR,1.95
02-12-2025,26.5,84.5,GOPALGANJ,BIHAR,D101,BAIKUNTHPUR,2.23
03-12-2025,26.5,84.5,GOPALGANJ,BIHAR,D101,BAIKUNTHPUR,2.15
04-12-2025,26.5,84.5,GOPALGANJ,BIHAR,D101,BAIKUNTHPUR,2.06
05-12-2025,26.5,84.5,GOPALGANJ,BIHAR,D101,BAIKUNTHPUR,2.08
06-12-2025,26.5,84.5,GOPALGANJ,BIHAR,D101,BAIKUNTHPUR,2.04
07-12-2025,26.5,84.5,GOPALGANJ,BIHAR,D101,BAIKUNTHPUR,2.18
08-12-2025,26.5,84.5,GOPALGANJ,BIHAR,D101,BAIKUNTHPUR,2.13
09-12-2025,26.5,84.5,GOPALGANJ,BIHAR,D101,BAIKUNTHPUR,2.26
10-12-2025,26.5,84.5,GOPALGANJ,BIHAR,D101,BAIKUNTHPUR,2.14
11-12-2025,26.5,84.5,GOPALGANJ,BIHAR,D101,BAIKUNTHPUR,2.12
12-12-2025,26.5,84.5,GOPALGANJ,BIHAR,D101,BAIKUNTHPUR,2.01
13-12-2025,26.5,84.5,GOPALGANJ,BIHAR,D101,BAIKUNTHPUR,2.15
14-12-2025,26.5,84.5,GOPALGANJ,BIHAR,D101,BAIKUNTHPUR,2.1
15-12-2025,26.5,84.5,GOPALGANJ,BIHAR,D101,BAIKUNTHPUR,1.87
16-12-2025,26.5,84.5,GOPALGANJ,BIHAR,D101,BAIKUNTHPUR,2.01
17-12-2025,26.5,84.5,GOPALGANJ,BIHAR,D101,BAIKUNTHPUR,1.7
18-12-2025,26.5,84.5,GOPALGANJ,BIHAR,D101,BAIKUNTHPUR,1.73
19-12-2025,26.5,84.5,GOPALGANJ,BIHAR,D101,BAIKUNTHPUR,1.83
20-12-2025,26.5,84.5,GOPALGANJ,BIHAR,D101,BAIKUNTHPUR,1.88
21-12-2025,26.5,84.5,GOPALGANJ,BIHAR,D101,BAIKUNTHPUR,1.82
22-12-2025,26.5,84.5,GOPALGANJ,BIHAR,D101,BAIKUNTHPUR,1.99
23-12-2025,26.5,84.5,GOPALGANJ,BIHAR,D101,BAIKUNTHPUR,2.07
24-12-2025,26.5,84.5,GOPALGANJ,BIHAR,D101,BAIKUNTHPUR,1.67
25-12-2025,26.5,84.5,GOPALGANJ,BIHAR,D101,BAIKUNTHPUR,1.79
26-12-2025,26.5,84.5,GOPALGANJ,BIHAR,D101,BAIKUNTHPUR,1.91
27-12-2025,26.5,84.5,GOPALGANJ,BIHAR,D101,BAIKUNTHPUR,1.91
28-12-2025,26.5,84.5,GOPALGANJ,BIHAR,D101,BAIKUNTHPUR,1.98
29-12-2025,26.5,84.5,GOPALGANJ,BIHAR,D101,BAIKUNTHPUR,2.18
30-12-2025,26.5,84.5,GOPALGANJ,BIHAR,D101,BAIKUNTHPUR,2.19
31-12-2025,26.5,84.5,GOPALGANJ,BIHAR,D101,BAIKUNTHPUR,2.1
01-01-2025,24.5,86.5,JAMUI,BIHAR,D103,CHAKAI,2.15
02-01-2025,24.5,86.5,JAMUI,BIHAR,D103,CHAKAI,2.23
03-01-2025,24.5,86.5,JAMUI,BIHAR,D103,CHAKAI,2.39
04-01-2025,24.5,86.5,JAMUI,BIHAR,D103,CHAKAI,2.33
05-01-2025,24.5,86.5,JAMUI,BIHAR,D103,CHAKAI,2.02
06-01-2025,24.5,86.5,JAMUI,BIHAR,D103,CHAKAI,2.32
07-01-2025,24.5,86.5,JAMUI,BIHAR,D103,CHAKAI,2.58
08-01-2025,24.5,86.5,JAMUI,BIHAR,D103,CHAKAI,2.72
09-01-2025,24.5,86.5,JAMUI,BIHAR,D103,CHAKAI,2.89
10-01-2025,24.5,86.5,JAMUI,BIHAR,D103,CHAKAI,2.93
11-01-2025,24.5,86.5,JAMUI,BIHAR,D103,CHAKAI,3.02
12-01-2025,24.5,86.5,JAMUI,BIHAR,D103,CHAKAI,2.61
13-01-2025,24.5,86.5,JAMUI,BIHAR,D103,CHAKAI,2.13
14-01-2025,24.5,86.5,JAMUI,BIHAR,D103,CHAKAI,2.15
15-01-2025,24.5,86.5,JAMUI,BIHAR,D103,CHAKAI,2.15
16-01-2025,24.5,86.5,JAMUI,BIHAR,D103,CHAKAI,2.06
17-01-2025,24.5,86.5,JAMUI,BIHAR,D103,CHAKAI,1.9
18-01-2025,24.5,86.5,JAMUI,BIHAR,D103,CHAKAI,2.37
19-01-2025,24.5,86.5,JAMUI,BIHAR,D103,CHAKAI,2.59
20-01-2025,24.5,86.5,JAMUI,BIHAR,D103,CHAKAI,2.43
21-01-2025,24.5,86.5,JAMUI,BIHAR,D103,CHAKAI,1.99
22-01-2025,24.5,86.5,JAMUI,BIHAR,D103,CHAKAI,1.94
23-01-2025,24.5,86.5,JAMUI,BIHAR,D103,CHAKAI,2.58
24-01-2025,24.5,86.5,JAMUI,BIHAR,D103,CHAKAI,2.22
25-01-2025,24.5,86.5,JAMUI,BIHAR,D103,CHAKAI,2.33
26-01-2025,24.5,86.5,JAMUI,BIHAR,D103,CHAKAI,2.23
27-01-2025,24.5,86.5,JAMUI,BIHAR,D103,CHAKAI,1.98
28-01-2025,24.5,86.5,JAMUI,BIHAR,D103,CHAKAI,2.19
29-01-2025,24.5,86.5,JAMUI,BIHAR,D103,CHAKAI,1.84
30-01-2025,24.5,86.5,JAMUI,BIHAR,D103,CHAKAI,1.93
31-01-2025,24.5,86.5,JAMUI,BIHAR,D103,CHAKAI,1.94
01-02-2025,24.5,86.5,JAMUI,BIHAR,D103,CHAKAI,2.15
02-02-2025,24.5,86.5,JAMUI,BIHAR,D103,CHAKAI,1.94
03-02-2025,24.5,86.5,JAMUI,BIHAR,D103,CHAKAI,1.9
04-02-2025,24.5,86.5,JAMUI,BIHAR,D103,CHAKAI,1.89
05-02-2025,24.5,86.5,JAMUI,BIHAR,D103,CHAKAI,1.91
06-02-2025,24.5,86.5,JAMUI,BIHAR,D103,CHAKAI,1.71
07-02-2025,24.5,86.5,JAMUI,BIHAR,D103,CHAKAI,1.88
08-02-2025,24.5,86.5,JAMUI,BIHAR,D103,CHAKAI,2.04
09-02-2025,24.5,86.5,JAMUI,BIHAR,D103,CHAKAI,2.1
10-02-2025,24.5,86.5,JAMUI,BIHAR,D103,CHAKAI,1.91
11-02-2025,24.5,86.5,JAMUI,BIHAR,D103,CHAKAI,1.88
12-02-2025,24.5,86.5,JAMUI,BIHAR,D103,CHAKAI,2.21
13-02-2025,24.5,86.5,JAMUI,BIHAR,D103,CHAKAI,2.1
14-02-2025,24.5,86.5,JAMUI,BIHAR,D103,CHAKAI,1.99
15-02-2025,24.5,86.5,JAMUI,BIHAR,D103,CHAKAI,1.81
16-02-2025,24.5,86.5,JAMUI,BIHAR,D103,CHAKAI,2
17-02-2025,24.5,86.5,JAMUI,BIHAR,D103,CHAKAI,1.63
18-02-2025,24.5,86.5,JAMUI,BIHAR,D103,CHAKAI,1.64
19-02-2025,24.5,86.5,JAMUI,BIHAR,D103,CHAKAI,2.02
20-02-2025,24.5,86.5,JAMUI,BIHAR,D103,CHAKAI,2.06
21-02-2025,24.5,86.5,JAMUI,BIHAR,D103,CHAKAI,1.97
22-02-2025,24.5,86.5,JAMUI,BIHAR,D103,CHAKAI,2.04
23-02-2025,24.5,86.5,JAMUI,BIHAR,D103,CHAKAI,1.7
24-02-2025,24.5,86.5,JAMUI,BIHAR,D103,CHAKAI,1.52
25-02-2025,24.5,86.5,JAMUI,BIHAR,D103,CHAKAI,1.84
26-02-2025,24.5,86.5,JAMUI,BIHAR,D103,CHAKAI,1.68
27-02-2025,24.5,86.5,JAMUI,BIHAR,D103,CHAKAI,1.69
28-02-2025,24.5,86.5,JAMUI,BIHAR,D103,CHAKAI,1.74
29-02-2025,24.5,86.5,JAMUI,BIHAR,D103,CHAKAI,1.72
01-03-2025,24.5,86.5,JAMUI,BIHAR,D103,CHAKAI,1.99
02-03-2025,24.5,86.5,JAMUI,BIHAR,D103,CHAKAI,1.81
03-03-2025,24.5,86.5,JAMUI,BIHAR,D103,CHAKAI,1.66
04-03-2025,24.5,86.5,JAMUI,BIHAR,D103,CHAKAI,1.57
05-03-2025,24.5,86.5,JAMUI,BIHAR,D103,CHAKAI,1.86
06-03-2025,24.5,86.5,JAMUI,BIHAR,D103,CHAKAI,2.1
07-03-2025,24.5,86.5,JAMUI,BIHAR,D103,CHAKAI,1.92
08-03-2025,24.5,86.5,JAMUI,BIHAR,D103,CHAKAI,2.05
09-03-2025,24.5,86.5,JAMUI,BIHAR,D103,CHAKAI,1.9
10-03-2025,24.5,86.5,JAMUI,BIHAR,D103,CHAKAI,1.91
11-03-2025,24.5,86.5,JAMUI,BIHAR,D103,CHAKAI,1.57
12-03-2025,24.5,86.5,JAMUI,BIHAR,D103,CHAKAI,1.5
13-03-2025,24.5,86.5,JAMUI,BIHAR,D103,CHAKAI,1.79
14-03-2025,24.5,86.5,JAMUI,BIHAR,D103,CHAKAI,1.71
15-03-2025,24.5,86.5,JAMUI,BIHAR,D103,CHAKAI,1.65
16-03-2025,24.5,86.5,JAMUI,BIHAR,D103,CHAKAI,2.03
17-03-2025,24.5,86.5,JAMUI,BIHAR,D103,CHAKAI,1.94
18-03-2025,24.5,86.5,JAMUI,BIHAR,D103,CHAKAI,1.62
19-03-2025,24.5,86.5,JAMUI,BIHAR,D103,CHAKAI,1.65
20-03-2025,24.5,86.5,JAMUI,BIHAR,D103,CHAKAI,1.85
21-03-2025,24.5,86.5,JAMUI,BIHAR,D103,CHAKAI,1.75
22-03-2025,24.5,86.5,JAMUI,BIHAR,D103,CHAKAI,1.63
23-03-2025,24.5,86.5,JAMUI,BIHAR,D103,CHAKAI,1.54
24-03-2025,24.5,86.5,JAMUI,BIHAR,D103,CHAKAI,1.48
25-03-2025,24.5,86.5,JAMUI,BIHAR,D103,CHAKAI,1.42
26-03-2025,24.5,86.5,JAMUI,BIHAR,D103,CHAKAI,1.61
27-03-2025,24.5,86.5,JAMUI,BIHAR,D103,CHAKAI,1.7
28-03-2025,24.5,86.5,JAMUI,BIHAR,D103,CHAKAI,1.52
29-03-2025,24.5,86.5,JAMUI,BIHAR,D103,CHAKAI,1.29
30-03-2025,24.5,86.5,JAMUI,BIHAR,D103,CHAKAI,1.49
31-03-2025,24.5,86.5,JAMUI,BIHAR,D103,CHAKAI,1.74
01-04-2025,24.5,86.5,JAMUI,BIHAR,D103,CHAKAI,1.58
02-04-2025,24.5,86.5,JAMUI,BIHAR,D103,CHAKAI,1.63
03-04-2025,24.5,86.5,JAMUI,BIHAR,D103,CHAKAI,1.87
04-04-2025,24.5,86.5,JAMUI,BIHAR,D103,CHAKAI,1.69
05-04-2025,24.5,86.5,JAMUI,BIHAR,D103,CHAKAI,1.59
06-04-2025,24.5,86.5,JAMUI,BIHAR,D103,CHAKAI,1.75
07-04-2025,24.5,86.5,JAMUI,BIHAR,D103,CHAKAI,1.9
08-04-2025,24.5,86.5,JAMUI,BIHAR,D103,CHAKAI,1.62
09-04-2025,24.5,86.5,JAMUI,BIHAR,D103,CHAKAI,1.29
10-04-2025,24.5,86.5,JAMUI,BIHAR,D103,CHAKAI,1.35
11-04-2025,24.5,86.5,JAMUI,BIHAR,D103,CHAKAI,1.7
12-04-2025,24.5,86.5,JAMUI,BIHAR,D103,CHAKAI,1.65
13-04-2025,24.5,86.5,JAMUI,BIHAR,D103,CHAKAI,1.78
14-04-2025,24.5,86.5,JAMUI,BIHAR,D103,CHAKAI,1.3
15-04-2025,24.5,86.5,JAMUI,BIHAR,D103,CHAKAI,1.25
16-04-2025,24.5,86.5,JAMUI,BIHAR,D103,CHAKAI,1.44
17-04-2025,24.5,86.5,JAMUI,BIHAR,D103,CHAKAI,1.29
18-04-2025,24.5,86.5,JAMUI,BIHAR,D103,CHAKAI,1.38
19-04-2025,24.5,86.5,JAMUI,BIHAR,D103,CHAKAI,1.73
20-04-2025,24.5,86.5,JAMUI,BIHAR,D103,CHAKAI,1.5
21-04-2025,24.5,86.5,JAMUI,BIHAR,D103,CHAKAI,1.57
22-04-2025,24.5,86.5,JAMUI,BIHAR,D103,CHAKAI,1.67
23-04-2025,24.5,86.5,JAMUI,BIHAR,D103,CHAKAI,1.67
24-04-2025,24.5,86.5,JAMUI,BIHAR,D103,CHAKAI,1.57
25-04-2025,24.5,86.5,JAMUI,BIHAR,D103,CHAKAI,1.51
26-04-2025,24.5,86.5,JAMUI,BIHAR,D103,CHAKAI,1.6
27-04-2025,24.5,86.5,JAMUI,BIHAR,D103,CHAKAI,1.83
28-04-2025,24.5,86.5,JAMUI,BIHAR,D103,CHAKAI,1.45
29-04-2025,24.5,86.5,JAMUI,BIHAR,D103,CHAKAI,1.51
30-04-2025,24.5,86.5,JAMUI,BIHAR,D103,CHAKAI,1.77
01-05-2025,24.5,86.5,JAMUI,BIHAR,D103,CHAKAI,1.94
02-05-2025,24.5,86.5,JAMUI,BIHAR,D103,CHAKAI,1.64
03-05-2025,24.5,86.5,JAMUI,BIHAR,D103,CHAKAI,1.4
04-05-2025,24.5,86.5,JAMUI,BIHAR,D103,CHAKAI,1.48
05-05-2025,24.5,86.5,JAMUI,BIHAR,D103,CHAKAI,1.19
06-05-2025,24.5,86.5,JAMUI,BIHAR,D103,CHAKAI,1.51
07-05-2025,24.5,86.5,JAMUI,BIHAR,D103,CHAKAI,1.12
08-05-2025,24.5,86.5,JAMUI,BIHAR,D103,CHAKAI,1.51
09-05-2025,24.5,86.5,JAMUI,BIHAR,D103,CHAKAI,1.24
10-05-2025,24.5,86.5,JAMUI,BIHAR,D103,CHAKAI,1.59
11-05-2025,24.5,86.5,JAMUI,BIHAR,D103,CHAKAI,1.66
12-05-2025,24.5,86.5,JAMUI,BIHAR,D103,CHAKAI,1.62
13-05-2025,24.5,86.5,JAMUI,BIHAR,D103,CHAKAI,1.54
14-05-2025,24.5,86.5,JAMUI,BIHAR,D103,CHAKAI,1.53
15-05-2025,24.5,86.5,JAMUI,BIHAR,D103,CHAKAI,1.46
16-05-2025,24.5,86.5,JAMUI,BIHAR,D103,CHAKAI,1.3
17-05-2025,24.5,86.5,JAMUI,BIHAR,D103,CHAKAI,1.16
18-05-2025,24.5,86.5,JAMUI,BIHAR,D103,CHAKAI,1.22
19-05-2025,24.5,86.5,JAMUI,BIHAR,D103,CHAKAI,1.18
20-05-2025,24.5,86.5,JAMUI,BIHAR,D103,CHAKAI,1.34
21-05-2025,24.5,86.5,JAMUI,BIHAR,D103,CHAKAI,1.35
22-05-2025,24.5,86.5,JAMUI,BIHAR,D103,CHAKAI,1.5
23-05-2025,24.5,86.5,JAMUI,BIHAR,D103,CHAKAI,1.25
24-05-2025,24.5,86.5,JAMUI,BIHAR,D103,CHAKAI,1.41
25-05-2025,24.5,86.5,JAMUI,BIHAR,D103,CHAKAI,1.48
26-05-2025,24.5,86.5,JAMUI,BIHAR,D103,CHAKAI,1.71
27-05-2025,24.5,86.5,JAMUI,BIHAR,D103,CHAKAI,1.78
28-05-2025,24.5,86.5,JAMUI,BIHAR,D103,CHAKAI,1.46
29-05-2025,24.5,86.5,JAMUI,BIHAR,D103,CHAKAI,1.77
30-05-2025,24.5,86.5,JAMUI,BIHAR,D103,CHAKAI,1.32
31-05-2025,24.5,86.5,JAMUI,BIHAR,D103,CHAKAI,1.63
01-06-2025,24.5,86.5,JAMUI,BIHAR,D103,CHAKAI,1.58
02-06-2025,24.5,86.5,JAMUI,BIHAR,D103,CHAKAI,1.33
03-06-2025,24.5,86.5,JAMUI,BIHAR,D103,CHAKAI,1.18
04-06-2025,24.5,86.5,JAMUI,BIHAR,D103,CHAKAI,1.43
05-06-2025,24.5,86.5,JAMUI,BIHAR,D103,CHAKAI,1.48
06-06-2025,24.5,86.5,JAMUI,BIHAR,D103,CHAKAI,1.17
07-06-2025,24.5,86.5,JAMUI,BIHAR,D103,CHAKAI,1.22
08-06-2025,24.5,86.5,JAMUI,BIHAR,D103,CHAKAI,1.3
09-06-2025,24.5,86.5,JAMUI,BIHAR,D103,CHAKAI,1.66
10-06-2025,24.5,86.5,JAMUI,BIHAR,D103,CHAKAI,1.24
11-06-2025,24.5,86.5,JAMUI,BIHAR,D103,CHAKAI,1.13
12-06-2025,24.5,86.5,JAMUI,BIHAR,D103,CHAKAI,1.13
13-06-2025,24.5,86.5,JAMUI,BIHAR,D103,CHAKAI,1.22
14-06-2025,24.5,86.5,JAMUI,BIHAR,D103,CHAKAI,1.36
15-06-2025,24.5,86.5,JAMUI,BIHAR,D103,CHAKAI,1.59
16-06-2025,24.5,86.5,JAMUI,BIHAR,D103,CHAKAI,1.46
17-06-2025,24.5,86.5,JAMUI,BIHAR,D103,CHAKAI,1.4
18-06-2025,24.5,86.5,JAMUI,BIHAR,D103,CHAKAI,1.28
19-06-2025,24.5,86.5,JAMUI,BIHAR,D103,CHAKAI,1.33
20-06-2025,24.5,86.5,JAMUI,BIHAR,D103,CHAKAI,1.14
21-06-2025,24.5,86.5,JAMUI,BIHAR,D103,CHAKAI,1.04
22-06-2025,24.5,86.5,JAMUI,BIHAR,D103,CHAKAI,0.88
23-06-2025,24.5,86.5,JAMUI,BIHAR,D103,CHAKAI,0.93
24-06-2025,24.5,86.5,JAMUI,BIHAR,D103,CHAKAI,1.1
25-06-2025,24.5,86.5,JAMUI,BIHAR,D103,CHAKAI,1.19
26-06-2025,24.5,86.5,JAMUI,BIHAR,D103,CHAKAI,1.09
27-06-2025,24.5,86.5,JAMUI,BIHAR,D103,CHAKAI,0.93
28-06-2025,24.5,86.5,JAMUI,BIHAR,D103,CHAKAI,0.89
29-06-2025,24.5,86.5,JAMUI,BIHAR,D103,CHAKAI,0.99
30-06-2025,24.5,86.5,JAMUI,BIHAR,D103,CHAKAI,0.79
01-07-2025,24.5,86.5,JAMUI,BIHAR,D103,CHAKAI,0.8
02-07-2025,24.5,86.5,JAMUI,BIHAR,D103,CHAKAI,0.82
03-07-2025,24.5,86.5,JAMUI,BIHAR,D103,CHAKAI,0.66
04-07-2025,24.5,86.5,JAMUI,BIHAR,D103,CHAKAI,0.62
05-07-2025,24.5,86.5,JAMUI,BIHAR,D103,CHAKAI,0.69
06-07-2025,24.5,86.5,JAMUI,BIHAR,D103,CHAKAI,0.83
07-07-2025,24.5,86.5,JAMUI,BIHAR,D103,CHAKAI,0.81
08-07-2025,24.5,86.5,JAMUI,BIHAR,D103,CHAKAI,0.63
09-07-2025,24.5,86.5,JAMUI,BIHAR,D103,CHAKAI,0.74
10-07-2025,24.5,86.5,JAMUI,BIHAR,D103,CHAKAI,0.95
11-07-2025,24.5,86.5,JAMUI,BIHAR,D103,CHAKAI,0.91
12-07-2025,24.5,86.5,JAMUI,BIHAR,D103,CHAKAI,0.84
13-07-2025,24.5,86.5,JAMUI,BIHAR,D103,CHAKAI,0.98
14-07-2025,24.5,86.5,JAMUI,BIHAR,D103,CHAKAI,1
15-07-2025,24.5,86.5,JAMUI,BIHAR,D103,CHAKAI,0.89
16-07-2025,24.5,86.5,JAMUI,BIHAR,D103,CHAKAI,0.84
17-07-2025,24.5,86.5,JAMUI,BIHAR,D103,CHAKAI,0.88
18-07-2025,24.5,86.5,JAMUI,BIHAR,D103,CHAKAI,0.92
19-07-2025,24.5,86.5,JAMUI,BIHAR,D103,CHAKAI,0.97
20-07-2025,24.5,86.5,JAMUI,BIHAR,D103,CHAKAI,1.02
21-07-2025,24.5,86.5,JAMUI,BIHAR,D103,CHAKAI,0.91
22-07-2025,24.5,86.5,JAMUI,BIHAR,D103,CHAKAI,0.96
23-07-2025,24.5,86.5,JAMUI,BIHAR,D103,CHAKAI,0.92
24-07-2025,24.5,86.5,JAMUI,BIHAR,D103,CHAKAI,0.86
25-07-2025,24.5,86.5,JAMUI,BIHAR,D103,CHAKAI,0.94
26-07-2025,24.5,86.5,JAMUI,BIHAR,D103,CHAKAI,0.91
27-07-2025,24.5,86.5,JAMUI,BIHAR,D103,CHAKAI,0.99
28-07-2025,24.5,86.5,JAMUI,BIHAR,D103,CHAKAI,0.87
29-07-2025,24.5,86.5,JAMUI,BIHAR,D103,CHAKAI,0.79
30-07-2025,24.5,86.5,JAMUI,BIHAR,D103,CHAKAI,0.77
31-07-2025,24.5,86.5,JAMUI,BIHAR,D103,CHAKAI,0.88
01-08-2025,24.5,86.5,JAMUI,BIHAR,D103,CHAKAI,0.78
02-08-2025,24.5,86.5,JAMUI,BIHAR,D103,CHAKAI,0.82
03-08-2025,24.5,86.5,JAMUI,BIHAR,D103,CHAKAI,0.57
04-08-2025,24.5,86.5,JAMUI,BIHAR,D103,CHAKAI,0.7
05-08-2025,24.5,86.5,JAMUI,BIHAR,D103,CHAKAI,0.71
06-08-2025,24.5,86.5,JAMUI,BIHAR,D103,CHAKAI,0.69
07-08-2025,24.5,86.5,JAMUI,BIHAR,D103,CHAKAI,0.52
08-08-2025,24.5,86.5,JAMUI,BIHAR,D103,CHAKAI,0.63
09-08-2025,24.5,86.5,JAMUI,BIHAR,D103,CHAKAI,0.67
10-08-2025,24.5,86.5,JAMUI,BIHAR,D103,CHAKAI,0.82
11-08-2025,24.5,86.5,JAMUI,BIHAR,D103,CHAKAI,0.78
12-08-2025,24.5,86.5,JAMUI,BIHAR,D103,CHAKAI,0.72
13-08-2025,24.5,86.5,JAMUI,BIHAR,D103,CHAKAI,0.77
14-08-2025,24.5,86.5,JAMUI,BIHAR,D103,CHAKAI,0.89
15-08-2025,24.5,86.5,JAMUI,BIHAR,D103,CHAKAI,0.75
16-08-2025,24.5,86.5,JAMUI,BIHAR,D103,CHAKAI,0.92
17-08-2025,24.5,86.5,JAMUI,BIHAR,D103,CHAKAI,0.93
18-08-2025,24.5,86.5,JAMUI,BIHAR,D103,CHAKAI,0.86
19-08-2025,24.5,86.5,JAMUI,BIHAR,D103,CHAKAI,0.76
20-08-2025,24.5,86.5,JAMUI,BIHAR,D103,CHAKAI,0.74
21-08-2025,24.5,86.5,JAMUI,BIHAR,D103,CHAKAI,0.77
22-08-2025,24.5,86.5,JAMUI,BIHAR,D103,CHAKAI,0.9
23-08-2025,24.5,86.5,JAMUI,BIHAR,D103,CHAKAI,0.71
24-08-2025,24.5,86.5,JAMUI,BIHAR,D103,CHAKAI,0.53
25-08-2025,24.5,86.5,JAMUI,BIHAR,D103,CHAKAI,0.65
26-08-2025,24.5,86.5,JAMUI,BIHAR,D103,CHAKAI,0.63
27-08-2025,24.5,86.5,JAMUI,BIHAR,D103,CHAKAI,0.65
28-08-2025,24.5,86.5,JAMUI,BIHAR,D103,CHAKAI,0.65
29-08-2025,24.5,86.5,JAMUI,BIHAR,D103,CHAKAI,0.84
30-08-2025,24.5,86.5,JAMUI,BIHAR,D103,CHAKAI,0.67
31-08-2025,24.5,86.5,JAMUI,BIHAR,D103,CHAKAI,0.83
01-09-2025,24.5,86.5,JAMUI,BIHAR,D103,CHAKAI,0.91
02-09-2025,24.5,86.5,JAMUI,BIHAR,D103,CHAKAI,0.93
03-09-2025,24.5,86.5,JAMUI,BIHAR,D103,CHAKAI,0.78
04-09-2025,24.5,86.5,JAMUI,BIHAR,D103,CHAKAI,0.64
05-09-2025,24.5,86.5,JAMUI,BIHAR,D103,CHAKAI,0.81
06-09-2025,24.5,86.5,JAMUI,BIHAR,D103,CHAKAI,1.09
07-09-2025,24.5,86.5,JAMUI,BIHAR,D103,CHAKAI,0.93
08-09-2025,24.5,86.5,JAMUI,BIHAR,D103,CHAKAI,0.79
09-09-2025,24.5,86.5,JAMUI,BIHAR,D103,CHAKAI,0.88
10-09-2025,24.5,86.5,JAMUI,BIHAR,D103,CHAKAI,0.89
11-09-2025,24.5,86.5,JAMUI,BIHAR,D103,CHAKAI,0.92
12-09-2025,24.5,86.5,JAMUI,BIHAR,D103,CHAKAI,1.08
13-09-2025,24.5,86.5,JAMUI,BIHAR,D103,CHAKAI,1.05
14-09-2025,24.5,86.5,JAMUI,BIHAR,D103,CHAKAI,0.94
15-09-2025,24.5,86.5,JAMUI,BIHAR,D103,CHAKAI,0.83
16-09-2025,24.5,86.5,JAMUI,BIHAR,D103,CHAKAI,0.76
17-09-2025,24.5,86.5,JAMUI,BIHAR,D103,CHAKAI,0.81
18-09-2025,24.5,86.5,JAMUI,BIHAR,D103,CHAKAI,0.82
19-09-2025,24.5,86.5,JAMUI,BIHAR,D103,CHAKAI,0.84
20-09-2025,24.5,86.5,JAMUI,BIHAR,D103,CHAKAI,0.78
21-09-2025,24.5,86.5,JAMUI,BIHAR,D103,CHAKAI,0.78
22-09-2025,24.5,86.5,JAMUI,BIHAR,D103,CHAKAI,0.91
23-09-2025,24.5,86.5,JAMUI,BIHAR,D103,CHAKAI,1.06
24-09-2025,24.5,86.5,JAMUI,BIHAR,D103,CHAKAI,1.08
25-09-2025,24.5,86.5,JAMUI,BIHAR,D103,CHAKAI,1.05
26-09-2025,24.5,86.5,JAMUI,BIHAR,D103,CHAKAI,1.15
27-09-2025,24.5,86.5,JAMUI,BIHAR,D103,CHAKAI,1.14
28-09-2025,24.5,86.5,JAMUI,BIHAR,D103,CHAKAI,1.04
29-09-2025,24.5,86.5,JAMUI,BIHAR,D103,CHAKAI,1.11
30-09-2025,24.5,86.5,JAMUI,BIHAR,D103,CHAKAI,1.14
01-10-2025,24.5,86.5,JAMUI,BIHAR,D103,CHAKAI,1.02
02-10-2025,24.5,86.5,JAMUI,BIHAR,D103,CHAKAI,0.99
03-10-2025,24.5,86.5,JAMUI,BIHAR,D103,CHAKAI,0.97
04-10-2025,24.5,86.5,JAMUI,BIHAR,D103,CHAKAI,0.92
05-10-2025,24.5,86.5,JAMUI,BIHAR,D103,CHAKAI,0.9
06-10-2025,24.5,86.5,JAMUI,BIHAR,D103,CHAKAI,0.75
07-10-2025,24.5,86.5,JAMUI,BIHAR,D103,CHAKAI,0.99
08-10-2025,24.5,86.5,JAMUI,BIHAR,D103,CHAKAI,1.3
09-10-2025,24.5,86.5,JAMUI,BIHAR,D103,CHAKAI,1.45
10-10-2025,24.5,86.5,JAMUI,BIHAR,D103,CHAKAI,1.36
11-10-2025,24.5,86.5,JAMUI,BIHAR,D103,CHAKAI,1.21
12-10-2025,24.5,86.5,JAMUI,BIHAR,D103,CHAKAI,1.18
13-10-2025,24.5,86.5,JAMUI,BIHAR,D103,CHAKAI,1.22
14-10-2025,24.5,86.5,JAMUI,BIHAR,D103,CHAKAI,1.4
15-10-2025,24.5,86.5,JAMUI,BIHAR,D103,CHAKAI,1.48
16-10-2025,24.5,86.5,JAMUI,BIHAR,D103,CHAKAI,1.35
17-10-2025,24.5,86.5,JAMUI,BIHAR,D103,CHAKAI,1.42
18-10-2025,24.5,86.5,JAMUI,BIHAR,D103,CHAKAI,1.49
19-10-2025,24.5,86.5,JAMUI,BIHAR,D103,CHAKAI,1.58
20-10-2025,24.5,86.5,JAMUI,BIHAR,D103,CHAKAI,1.76
21-10-2025,24.5,86.5,JAMUI,BIHAR,D103,CHAKAI,1.67
22-10-2025,24.5,86.5,JAMUI,BIHAR,D103,CHAKAI,1.64
23-10-2025,24.5,86.5,JAMUI,BIHAR,D103,CHAKAI,1.58
24-10-2025,24.5,86.5,JAMUI,BIHAR,D103,CHAKAI,1.76
25-10-2025,24.5,86.5,JAMUI,BIHAR,D103,CHAKAI,1.74
26-10-2025,24.5,86.5,JAMUI,BIHAR,D103,CHAKAI,1.89
27-10-2025,24.5,86.5,JAMUI,BIHAR,D103,CHAKAI,1.88
28-10-2025,24.5,86.5,JAMUI,BIHAR,D103,CHAKAI,1.95
29-10-2025,24.5,86.5,JAMUI,BIHAR,D103,CHAKAI,2.13
30-10-2025,24.5,86.5,JAMUI,BIHAR,D103,CHAKAI,2.05
31-10-2025,24.5,86.5,JAMUI,BIHAR,D103,CHAKAI,1.95
01-11-2025,24.5,86.5,JAMUI,BIHAR,D103,CHAKAI,1.89
02-11-2025,24.5,86.5,JAMUI,BIHAR,D103,CHAKAI,1.88
03-11-2025,24.5,86.5,JAMUI,BIHAR,D103,CHAKAI,1.82
04-11-2025,24.5,86.5,JAMUI,BIHAR,D103,CHAKAI,1.8
05-11-2025,24.5,86.5,JAMUI,BIHAR,D103,CHAKAI,1.9
06-11-2025,24.5,86.5,JAMUI,BIHAR,D103,CHAKAI,1.67
07-11-2025,24.5,86.5,JAMUI,BIHAR,D103,CHAKAI,1.68
08-11-2025,24.5,86.5,JAMUI,BIHAR,D103,CHAKAI,1.62
09-11-2025,24.5,86.5,JAMUI,BIHAR,D103,CHAKAI,1.88
10-11-2025,24.5,86.5,JAMUI,BIHAR,D103,CHAKAI,1.85
11-11-2025,24.5,86.5,JAMUI,BIHAR,D103,CHAKAI,1.73
12-11-2025,24.5,86.5,JAMUI,BIHAR,D103,CHAKAI,1.72
13-11-2025,24.5,86.5,JAMUI,BIHAR,D103,CHAKAI,1.92
14-11-2025,24.5,86.5,JAMUI,BIHAR,D103,CHAKAI,1.99
15-11-2025,24.5,86.5,JAMUI,BIHAR,D103,CHAKAI,1.95
16-11-2025,24.5,86.5,JAMUI,BIHAR,D103,CHAKAI,2
17-11-2025,24.5,86.5,JAMUI,BIHAR,D103,CHAKAI,2.17
18-11-2025,24.5,86.5,JAMUI,BIHAR,D103,CHAKAI,2.15
19-11-2025,24.5,86.5,JAMUI,BIHAR,D103,CHAKAI,2.19
20-11-2025,24.5,86.5,JAMUI,BIHAR,D103,CHAKAI,1.96
21-11-2025,24.5,86.5,JAMUI,BIHAR,D103,CHAKAI,2
22-11-2025,24.5,86.5,JAMUI,BIHAR,D103,CHAKAI,1.82
23-11-2025,24.5,86.5,JAMUI,BIHAR,D103,CHAKAI,1.7
24-11-2025,24.5,86.5,JAMUI,BIHAR,D103,CHAKAI,1.58
25-11-2025,24.5,86.5,JAMUI,BIHAR,D103,CHAKAI,1.7
26-11-2025,24.5,86.5,JAMUI,BIHAR,D103,CHAKAI,1.81
27-11-2025,24.5,86.5,JAMUI,BIHAR,D103,CHAKAI,1.83
28-11-2025,24.5,86.5,JAMUI,BIHAR,D103,CHAKAI,1.97
29-11-2025,24.5,86.5,JAMUI,BIHAR,D103,CHAKAI,2
30-11-2025,24.5,86.5,JAMUI,BIHAR,D103,CHAKAI,1.78
01-12-2025,24.5,86.5,JAMUI,BIHAR,D103,CHAKAI,1.93
02-12-2025,24.5,86.5,JAMUI,BIHAR,D103,CHAKAI,2.01
03-12-2025,24.5,86.5,JAMUI,BIHAR,D103,CHAKAI,2.07
04-12-2025,24.5,86.5,JAMUI,BIHAR,D103,CHAKAI,2.07
05-12-2025,24.5,86.5,JAMUI,BIHAR,D103,CHAKAI,2.17
06-12-2025,24.5,86.5,JAMUI,BIHAR,D103,CHAKAI,2.23
07-12-2025,24.5,86.5,JAMUI,BIHAR,D103,CHAKAI,2.12
08-12-2025,24.5,86.5,JAMUI,BIHAR,D103,CHAKAI,2.05
09-12-2025,24.5,86.5,JAMUI,BIHAR,D103,CHAKAI,2.17
10-12-2025,24.5,86.5,JAMUI,BIHAR,D103,CHAKAI,2.18
11-12-2025,24.5,86.5,JAMUI,BIHAR,D103,CHAKAI,2.18
12-12-2025,24.5,86.5,JAMUI,BIHAR,D103,CHAKAI,1.8
13-12-2025,24.5,86.5,JAMUI,BIHAR,D103,CHAKAI,1.88
14-12-2025,24.5,86.5,JAMUI,BIHAR,D103,CHAKAI,2.01
15-12-2025,24.5,86.5,JAMUI,BIHAR,D103,CHAKAI,1.85
16-12-2025,24.5,86.5,JAMUI,BIHAR,D103,CHAKAI,1.96
17-12-2025,24.5,86.5,JAMUI,BIHAR,D103,CHAKAI,1.66
18-12-2025,24.5,86.5,JAMUI,BIHAR,D103,CHAKAI,1.64
19-12-2025,24.5,86.5,JAMUI,BIHAR,D103,CHAKAI,1.73
20-12-2025,24.5,86.5,JAMUI,BIHAR,D103,CHAKAI,1.98
21-12-2025,24.5,86.5,JAMUI,BIHAR,D103,CHAKAI,1.7
22-12-2025,24.5,86.5,JAMUI,BIHAR,D103,CHAKAI,1.88
23-12-2025,24.5,86.5,JAMUI,BIHAR,D103,CHAKAI,1.99
24-12-2025,24.5,86.5,JAMUI,BIHAR,D103,CHAKAI,1.83
25-12-2025,24.5,86.5,JAMUI,BIHAR,D103,CHAKAI,1.9
26-12-2025,24.5,86.5,JAMUI,BIHAR,D103,CHAKAI,2.08
27-12-2025,24.5,86.5,JAMUI,BIHAR,D103,CHAKAI,2.15
28-12-2025,24.5,86.5,JAMUI,BIHAR,D103,CHAKAI,2.11
29-12-2025,24.5,86.5,JAMUI,BIHAR,D103,CHAKAI,2.18
30-12-2025,24.5,86.5,JAMUI,BIHAR,D103,CHAKAI,2.16
31-12-2025,24.5,86.5,JAMUI,BIHAR,D103,CHAKAI,1.94
01-01-2025,25.5,87.5,KATIHAR,BIHAR,D104,BARARI,1.65
02-01-2025,25.5,87.5,KATIHAR,BIHAR,D104,BARARI,1.64
03-01-2025,25.5,87.5,KATIHAR,BIHAR,D104,BARARI,1.71
04-01-2025,25.5,87.5,KATIHAR,BIHAR,D104,BARARI,1.68
05-01-2025,25.5,87.5,KATIHAR,BIHAR,D104,BARARI,1.55
06-01-2025,25.5,87.5,KATIHAR,BIHAR,D104,BARARI,1.67
07-01-2025,25.5,87.5,KATIHAR,BIHAR,D104,BARARI,1.71
08-01-2025,25.5,87.5,KATIHAR,BIHAR,D104,BARARI,2.12
09-01-2025,25.5,87.5,KATIHAR,BIHAR,D104,BARARI,2.12
10-01-2025,25.5,87.5,KATIHAR,BIHAR,D104,BARARI,2.11
11-01-2025,25.5,87.5,KATIHAR,BIHAR,D104,BARARI,2.29
12-01-2025,25.5,87.5,KATIHAR,BIHAR,D104,BARARI,2.2
13-01-2025,25.5,87.5,KATIHAR,BIHAR,D104,BARARI,1.85
14-01-2025,25.5,87.5,KATIHAR,BIHAR,D104,BARARI,1.65
15-01-2025,25.5,87.5,KATIHAR,BIHAR,D104,BARARI,1.67
16-01-2025,25.5,87.5,KATIHAR,BIHAR,D104,BARARI,1.58
17-01-2025,25.5,87.5,KATIHAR,BIHAR,D104,BARARI,1.6
18-01-2025,25.5,87.5,KATIHAR,BIHAR,D104,BARARI,1.78
19-01-2025,25.5,87.5,KATIHAR,BIHAR,D104,BARARI,1.94
20-01-2025,25.5,87.5,KATIHAR,BIHAR,D104,BARARI,1.8
21-01-2025,25.5,87.5,KATIHAR,BIHAR,D104,BARARI,1.83
22-01-2025,25.5,87.5,KATIHAR,BIHAR,D104,BARARI,1.71
23-01-2025,25.5,87.5,KATIHAR,BIHAR,D104,BARARI,2.12
24-01-2025,25.5,87.5,KATIHAR,BIHAR,D104,BARARI,2.01
25-01-2025,25.5,87.5,KATIHAR,BIHAR,D104,BARARI,1.89
26-01-2025,25.5,87.5,KATIHAR,BIHAR,D104,BARARI,1.85
27-01-2025,25.5,87.5,KATIHAR,BIHAR,D104,BARARI,1.72
28-01-2025,25.5,87.5,KATIHAR,BIHAR,D104,BARARI,1.89
29-01-2025,25.5,87.5,KATIHAR,BIHAR,D104,BARARI,1.57
30-01-2025,25.5,87.5,KATIHAR,BIHAR,D104,BARARI,1.55
31-01-2025,25.5,87.5,KATIHAR,BIHAR,D104,BARARI,1.68
01-02-2025,25.5,87.5,KATIHAR,BIHAR,D104,BARARI,1.82
02-02-2025,25.5,87.5,KATIHAR,BIHAR,D104,BARARI,1.71
03-02-2025,25.5,87.5,KATIHAR,BIHAR,D104,BARARI,1.47
04-02-2025,25.5,87.5,KATIHAR,BIHAR,D104,BARARI,1.54
05-02-2025,25.5,87.5,KATIHAR,BIHAR,D104,BARARI,1.65
06-02-2025,25.5,87.5,KATIHAR,BIHAR,D104,BARARI,1.48
07-02-2025,25.5,87.5,KATIHAR,BIHAR,D104,BARARI,1.51
08-02-2025,25.5,87.5,KATIHAR,BIHAR,D104,BARARI,1.57
09-02-2025,25.5,87.5,KATIHAR,BIHAR,D104,BARARI,1.59
10-02-2025,25.5,87.5,KATIHAR,BIHAR,D104,BARARI,1.43
11-02-2025,25.5,87.5,KATIHAR,BIHAR,D104,BARARI,1.67
12-02-2025,25.5,87.5,KATIHAR,BIHAR,D104,BARARI,1.87
13-02-2025,25.5,87.5,KATIHAR,BIHAR,D104,BARARI,1.69
14-02-2025,25.5,87.5,KATIHAR,BIHAR,D104,BARARI,1.63
15-02-2025,25.5,87.5,KATIHAR,BIHAR,D104,BARARI,1.7
16-02-2025,25.5,87.5,KATIHAR,BIHAR,D104,BARARI,1.61
17-02-2025,25.5,87.5,KATIHAR,BIHAR,D104,BARARI,1.38
18-02-2025,25.5,87.5,KATIHAR,BIHAR,D104,BARARI,1.49
19-02-2025,25.5,87.5,KATIHAR,BIHAR,D104,BARARI,1.78
20-02-2025,25.5,87.5,KATIHAR,BIHAR,D104,BARARI,1.95
21-02-2025,25.5,87.5,KATIHAR,BIHAR,D104,BARARI,1.91
22-02-2025,25.5,87.5,KATIHAR,BIHAR,D104,BARARI,1.95
23-02-2025,25.5,87.5,KATIHAR,BIHAR,D104,BARARI,1.59
24-02-2025,25.5,87.5,KATIHAR,BIHAR,D104,BARARI,1.5
25-02-2025,25.5,87.5,KATIHAR,BIHAR,D104,BARARI,1.7
26-02-2025,25.5,87.5,KATIHAR,BIHAR,D104,BARARI,1.66
27-02-2025,25.5,87.5,KATIHAR,BIHAR,D104,BARARI,1.66
28-02-2025,25.5,87.5,KATIHAR,BIHAR,D104,BARARI,1.54
29-02-2025,25.5,87.5,KATIHAR,BIHAR,D104,BARARI,1.4
01-03-2025,25.5,87.5,KATIHAR,BIHAR,D104,BARARI,1.8
02-03-2025,25.5,87.5,KATIHAR,BIHAR,D104,BARARI,1.74
03-03-2025,25.5,87.5,KATIHAR,BIHAR,D104,BARARI,1.49
04-03-2025,25.5,87.5,KATIHAR,BIHAR,D104,BARARI,1.39
05-03-2025,25.5,87.5,KATIHAR,BIHAR,D104,BARARI,1.56
06-03-2025,25.5,87.5,KATIHAR,BIHAR,D104,BARARI,1.79
07-03-2025,25.5,87.5,KATIHAR,BIHAR,D104,BARARI,1.56
08-03-2025,25.5,87.5,KATIHAR,BIHAR,D104,BARARI,1.77
09-03-2025,25.5,87.5,KATIHAR,BIHAR,D104,BARARI,1.74
10-03-2025,25.5,87.5,KATIHAR,BIHAR,D104,BARARI,1.72
11-03-2025,25.5,87.5,KATIHAR,BIHAR,D104,BARARI,1.51
12-03-2025,25.5,87.5,KATIHAR,BIHAR,D104,BARARI,1.47
13-03-2025,25.5,87.5,KATIHAR,BIHAR,D104,BARARI,1.62
14-03-2025,25.5,87.5,KATIHAR,BIHAR,D104,BARARI,1.61
15-03-2025,25.5,87.5,KATIHAR,BIHAR,D104,BARARI,1.67
16-03-2025,25.5,87.5,KATIHAR,BIHAR,D104,BARARI,1.89
17-03-2025,25.5,87.5,KATIHAR,BIHAR,D104,BARARI,1.74
18-03-2025,25.5,87.5,KATIHAR,BIHAR,D104,BARARI,1.6
19-03-2025,25.5,87.5,KATIHAR,BIHAR,D104,BARARI,1.67
20-03-2025,25.5,87.5,KATIHAR,BIHAR,D104,BARARI,1.64
21-03-2025,25.5,87.5,KATIHAR,BIHAR,D104,BARARI,1.79
22-03-2025,25.5,87.5,KATIHAR,BIHAR,D104,BARARI,1.79
23-03-2025,25.5,87.5,KATIHAR,BIHAR,D104,BARARI,1.69
24-03-2025,25.5,87.5,KATIHAR,BIHAR,D104,BARARI,1.42
25-03-2025,25.5,87.5,KATIHAR,BIHAR,D104,BARARI,1.53
26-03-2025,25.5,87.5,KATIHAR,BIHAR,D104,BARARI,1.58
27-03-2025,25.5,87.5,KATIHAR,BIHAR,D104,BARARI,1.62
28-03-2025,25.5,87.5,KATIHAR,BIHAR,D104,BARARI,1.33
29-03-2025,25.5,87.5,KATIHAR,BIHAR,D104,BARARI,1.3
30-03-2025,25.5,87.5,KATIHAR,BIHAR,D104,BARARI,1.46
31-03-2025,25.5,87.5,KATIHAR,BIHAR,D104,BARARI,1.62
01-04-2025,25.5,87.5,KATIHAR,BIHAR,D104,BARARI,1.61
02-04-2025,25.5,87.5,KATIHAR,BIHAR,D104,BARARI,1.62
03-04-2025,25.5,87.5,KATIHAR,BIHAR,D104,BARARI,1.64
04-04-2025,25.5,87.5,KATIHAR,BIHAR,D104,BARARI,1.68
05-04-2025,25.5,87.5,KATIHAR,BIHAR,D104,BARARI,1.62
06-04-2025,25.5,87.5,KATIHAR,BIHAR,D104,BARARI,1.7
07-04-2025,25.5,87.5,KATIHAR,BIHAR,D104,BARARI,1.81
08-04-2025,25.5,87.5,KATIHAR,BIHAR,D104,BARARI,1.64
09-04-2025,25.5,87.5,KATIHAR,BIHAR,D104,BARARI,1.28
10-04-2025,25.5,87.5,KATIHAR,BIHAR,D104,BARARI,1.35
11-04-2025,25.5,87.5,KATIHAR,BIHAR,D104,BARARI,1.57
12-04-2025,25.5,87.5,KATIHAR,BIHAR,D104,BARARI,1.64
13-04-2025,25.5,87.5,KATIHAR,BIHAR,D104,BARARI,1.65
14-04-2025,25.5,87.5,KATIHAR,BIHAR,D104,BARARI,1.42
15-04-2025,25.5,87.5,KATIHAR,BIHAR,D104,BARARI,1.27
16-04-2025,25.5,87.5,KATIHAR,BIHAR,D104,BARARI,1.48
17-04-2025,25.5,87.5,KATIHAR,BIHAR,D104,BARARI,1.35
18-04-2025,25.5,87.5,KATIHAR,BIHAR,D104,BARARI,1.22
19-04-2025,25.5,87.5,KATIHAR,BIHAR,D104,BARARI,1.61
20-04-2025,25.5,87.5,KATIHAR,BIHAR,D104,BARARI,1.54
21-04-2025,25.5,87.5,KATIHAR,BIHAR,D104,BARARI,1.41
22-04-2025,25.5,87.5,KATIHAR,BIHAR,D104,BARARI,1.52
23-04-2025,25.5,87.5,KATIHAR,BIHAR,D104,BARARI,1.51
24-04-2025,25.5,87.5,KATIHAR,BIHAR,D104,BARARI,1.48
25-04-2025,25.5,87.5,KATIHAR,BIHAR,D104,BARARI,1.44
26-04-2025,25.5,87.5,KATIHAR,BIHAR,D104,BARARI,1.61
27-04-2025,25.5,87.5,KATIHAR,BIHAR,D104,BARARI,1.57
28-04-2025,25.5,87.5,KATIHAR,BIHAR,D104,BARARI,1.38
29-04-2025,25.5,87.5,KATIHAR,BIHAR,D104,BARARI,1.37
30-04-2025,25.5,87.5,KATIHAR,BIHAR,D104,BARARI,1.53
01-05-2025,25.5,87.5,KATIHAR,BIHAR,D104,BARARI,1.55
02-05-2025,25.5,87.5,KATIHAR,BIHAR,D104,BARARI,1.34
03-05-2025,25.5,87.5,KATIHAR,BIHAR,D104,BARARI,1.08
04-05-2025,25.5,87.5,KATIHAR,BIHAR,D104,BARARI,1.39
05-05-2025,25.5,87.5,KATIHAR,BIHAR,D104,BARARI,1.1
06-05-2025,25.5,87.5,KATIHAR,BIHAR,D104,BARARI,1.12
07-05-2025,25.5,87.5,KATIHAR,BIHAR,D104,BARARI,1.05
08-05-2025,25.5,87.5,KATIHAR,BIHAR,D104,BARARI,1.3
09-05-2025,25.5,87.5,KATIHAR,BIHAR,D104,BARARI,1.15
10-05-2025,25.5,87.5,KATIHAR,BIHAR,D104,BARARI,1.48
11-05-2025,25.5,87.5,KATIHAR,BIHAR,D104,BARARI,1.4
12-05-2025,25.5,87.5,KATIHAR,BIHAR,D104,BARARI,1.54
13-05-2025,25.5,87.5,KATIHAR,BIHAR,D104,BARARI,1.42
14-05-2025,25.5,87.5,KATIHAR,BIHAR,D104,BARARI,1.51
15-05-2025,25.5,87.5,KATIHAR,BIHAR,D104,BARARI,1.41
16-05-2025,25.5,87.5,KATIHAR,BIHAR,D104,BARARI,1.15
17-05-2025,25.5,87.5,KATIHAR,BIHAR,D104,BARARI,0.97
18-05-2025,25.5,87.5,KATIHAR,BIHAR,D104,BARARI,1.21
19-05-2025,25.5,87.5,KATIHAR,BIHAR,D104,BARARI,1.15
20-05-2025,25.5,87.5,KATIHAR,BIHAR,D104,BARARI,1.24
21-05-2025,25.5,87.5,KATIHAR,BIHAR,D104,BARARI,1.39
22-05-2025,25.5,87.5,KATIHAR,BIHAR,D104,BARARI,1.14
23-05-2025,25.5,87.5,KATIHAR,BIHAR,D104,BARARI,1.1
24-05-2025,25.5,87.5,KATIHAR,BIHAR,D104,BARARI,1.33
25-05-2025,25.5,87.5,KATIHAR,BIHAR,D104,BARARI,1.29
26-05-2025,25.5,87.5,KATIHAR,BIHAR,D104,BARARI,1.51
27-05-2025,25.5,87.5,KATIHAR,BIHAR,D104,BARARI,1.34
28-05-2025,25.5,87.5,KATIHAR,BIHAR,D104,BARARI,1.29
29-05-2025,25.5,87.5,KATIHAR,BIHAR,D104,BARARI,1.41
30-05-2025,25.5,87.5,KATIHAR,BIHAR,D104,BARARI,1.15
31-05-2025,25.5,87.5,KATIHAR,BIHAR,D104,BARARI,1.37
01-06-2025,25.5,87.5,KATIHAR,BIHAR,D104,BARARI,1.38
02-06-2025,25.5,87.5,KATIHAR,BIHAR,D104,BARARI,1.25
03-06-2025,25.5,87.5,KATIHAR,BIHAR,D104,BARARI,1.09
04-06-2025,25.5,87.5,KATIHAR,BIHAR,D104,BARARI,1.38
05-06-2025,25.5,87.5,KATIHAR,BIHAR,D104,BARARI,1.35
06-06-2025,25.5,87.5,KATIHAR,BIHAR,D104,BARARI,1
07-06-2025,25.5,87.5,KATIHAR,BIHAR,D104,BARARI,1.2
08-06-2025,25.5,87.5,KATIHAR,BIHAR,D104,BARARI,1.18
09-06-2025,25.5,87.5,KATIHAR,BIHAR,D104,BARARI,1.3
10-06-2025,25.5,87.5,KATIHAR,BIHAR,D104,BARARI,1.13
11-06-2025,25.5,87.5,KATIHAR,BIHAR,D104,BARARI,1.12
12-06-2025,25.5,87.5,KATIHAR,BIHAR,D104,BARARI,0.92
13-06-2025,25.5,87.5,KATIHAR,BIHAR,D104,BARARI,0.93
14-06-2025,25.5,87.5,KATIHAR,BIHAR,D104,BARARI,1.09
15-06-2025,25.5,87.5,KATIHAR,BIHAR,D104,BARARI,0.89
16-06-2025,25.5,87.5,KATIHAR,BIHAR,D104,BARARI,0.91
17-06-2025,25.5,87.5,KATIHAR,BIHAR,D104,BARARI,1.06
18-06-2025,25.5,87.5,KATIHAR,BIHAR,D104,BARARI,0.84
19-06-2025,25.5,87.5,KATIHAR,BIHAR,D104,BARARI,0.94
20-06-2025,25.5,87.5,KATIHAR,BIHAR,D104,BARARI,1.05
21-06-2025,25.5,87.5,KATIHAR,BIHAR,D104,BARARI,0.94
22-06-2025,25.5,87.5,KATIHAR,BIHAR,D104,BARARI,0.77
23-06-2025,25.5,87.5,KATIHAR,BIHAR,D104,BARARI,0.83
24-06-2025,25.5,87.5,KATIHAR,BIHAR,D104,BARARI,0.99
25-06-2025,25.5,87.5,KATIHAR,BIHAR,D104,BARARI,1.07
26-06-2025,25.5,87.5,KATIHAR,BIHAR,D104,BARARI,0.93
27-06-2025,25.5,87.5,KATIHAR,BIHAR,D104,BARARI,0.84
28-06-2025,25.5,87.5,KATIHAR,BIHAR,D104,BARARI,0.94
29-06-2025,25.5,87.5,KATIHAR,BIHAR,D104,BARARI,0.91
30-06-2025,25.5,87.5,KATIHAR,BIHAR,D104,BARARI,0.82
01-07-2025,25.5,87.5,KATIHAR,BIHAR,D104,BARARI,0.92
02-07-2025,25.5,87.5,KATIHAR,BIHAR,D104,BARARI,0.9
03-07-2025,25.5,87.5,KATIHAR,BIHAR,D104,BARARI,0.72
04-07-2025,25.5,87.5,KATIHAR,BIHAR,D104,BARARI,0.71
05-07-2025,25.5,87.5,KATIHAR,BIHAR,D104,BARARI,0.8
06-07-2025,25.5,87.5,KATIHAR,BIHAR,D104,BARARI,0.99
07-07-2025,25.5,87.5,KATIHAR,BIHAR,D104,BARARI,0.83
08-07-2025,25.5,87.5,KATIHAR,BIHAR,D104,BARARI,0.82
09-07-2025,25.5,87.5,KATIHAR,BIHAR,D104,BARARI,0.76
10-07-2025,25.5,87.5,KATIHAR,BIHAR,D104,BARARI,0.9
11-07-2025,25.5,87.5,KATIHAR,BIHAR,D104,BARARI,0.83
12-07-2025,25.5,87.5,KATIHAR,BIHAR,D104,BARARI,0.91
13-07-2025,25.5,87.5,KATIHAR,BIHAR,D104,BARARI,1.04
14-07-2025,25.5,87.5,KATIHAR,BIHAR,D104,BARARI,1.03
15-07-2025,25.5,87.5,KATIHAR,BIHAR,D104,BARARI,0.89
16-07-2025,25.5,87.5,KATIHAR,BIHAR,D104,BARARI,0.92
17-07-2025,25.5,87.5,KATIHAR,BIHAR,D104,BARARI,0.95
18-07-2025,25.5,87.5,KATIHAR,BIHAR,D104,BARARI,0.84
19-07-2025,25.5,87.5,KATIHAR,BIHAR,D104,BARARI,1.01
20-07-2025,25.5,87.5,KATIHAR,BIHAR,D104,BARARI,1.06
21-07-2025,25.5,87.5,KATIHAR,BIHAR,D104,BARARI,0.99
22-07-2025,25.5,87.5,KATIHAR,BIHAR,D104,BARARI,0.99
23-07-2025,25.5,87.5,KATIHAR,BIHAR,D104,BARARI,0.91
24-07-2025,25.5,87.5,KATIHAR,BIHAR,D104,BARARI,0.97
25-07-2025,25.5,87.5,KATIHAR,BIHAR,D104,BARARI,0.85
26-07-2025,25.5,87.5,KATIHAR,BIHAR,D104,BARARI,0.79
27-07-2025,25.5,87.5,KATIHAR,BIHAR,D104,BARARI,0.93
28-07-2025,25.5,87.5,KATIHAR,BIHAR,D104,BARARI,0.87
29-07-2025,25.5,87.5,KATIHAR,BIHAR,D104,BARARI,0.85
30-07-2025,25.5,87.5,KATIHAR,BIHAR,D104,BARARI,0.77
31-07-2025,25.5,87.5,KATIHAR,BIHAR,D104,BARARI,0.8
01-08-2025,25.5,87.5,KATIHAR,BIHAR,D104,BARARI,0.68
02-08-2025,25.5,87.5,KATIHAR,BIHAR,D104,BARARI,0.64
03-08-2025,25.5,87.5,KATIHAR,BIHAR,D104,BARARI,0.65
04-08-2025,25.5,87.5,KATIHAR,BIHAR,D104,BARARI,0.75
05-08-2025,25.5,87.5,KATIHAR,BIHAR,D104,BARARI,0.84
06-08-2025,25.5,87.5,KATIHAR,BIHAR,D104,BARARI,0.93
07-08-2025,25.5,87.5,KATIHAR,BIHAR,D104,BARARI,0.78
08-08-2025,25.5,87.5,KATIHAR,BIHAR,D104,BARARI,0.74
09-08-2025,25.5,87.5,KATIHAR,BIHAR,D104,BARARI,0.74
10-08-2025,25.5,87.5,KATIHAR,BIHAR,D104,BARARI,0.88
11-08-2025,25.5,87.5,KATIHAR,BIHAR,D104,BARARI,0.8
12-08-2025,25.5,87.5,KATIHAR,BIHAR,D104,BARARI,0.78
13-08-2025,25.5,87.5,KATIHAR,BIHAR,D104,BARARI,0.89
14-08-2025,25.5,87.5,KATIHAR,BIHAR,D104,BARARI,0.96
15-08-2025,25.5,87.5,KATIHAR,BIHAR,D104,BARARI,0.93
16-08-2025,25.5,87.5,KATIHAR,BIHAR,D104,BARARI,1.03
17-08-2025,25.5,87.5,KATIHAR,BIHAR,D104,BARARI,1.03
18-08-2025,25.5,87.5,KATIHAR,BIHAR,D104,BARARI,1.1
19-08-2025,25.5,87.5,KATIHAR,BIHAR,D104,BARARI,0.97
20-08-2025,25.5,87.5,KATIHAR,BIHAR,D104,BARARI,1.03
21-08-2025,25.5,87.5,KATIHAR,BIHAR,D104,BARARI,0.96
22-08-2025,25.5,87.5,KATIHAR,BIHAR,D104,BARARI,1.02
23-08-2025,25.5,87.5,KATIHAR,BIHAR,D104,BARARI,0.83
24-08-2025,25.5,87.5,KATIHAR,BIHAR,D104,BARARI,0.72
25-08-2025,25.5,87.5,KATIHAR,BIHAR,D104,BARARI,0.9
26-08-2025,25.5,87.5,KATIHAR,BIHAR,D104,BARARI,0.84
27-08-2025,25.5,87.5,KATIHAR,BIHAR,D104,BARARI,0.84
28-08-2025,25.5,87.5,KATIHAR,BIHAR,D104,BARARI,0.73
29-08-2025,25.5,87.5,KATIHAR,BIHAR,D104,BARARI,0.89
30-08-2025,25.5,87.5,KATIHAR,BIHAR,D104,BARARI,0.78
31-08-2025,25.5,87.5,KATIHAR,BIHAR,D104,BARARI,0.98
01-09-2025,25.5,87.5,KATIHAR,BIHAR,D104,BARARI,0.9
02-09-2025,25.5,87.5,KATIHAR,BIHAR,D104,BARARI,0.94
03-09-2025,25.5,87.5,KATIHAR,BIHAR,D104,BARARI,0.71
04-09-2025,25.5,87.5,KATIHAR,BIHAR,D104,BARARI,0.79
05-09-2025,25.5,87.5,KATIHAR,BIHAR,D104,BARARI,0.98
06-09-2025,25.5,87.5,KATIHAR,BIHAR,D104,BARARI,1.02
07-09-2025,25.5,87.5,KATIHAR,BIHAR,D104,BARARI,0.92
08-09-2025,25.5,87.5,KATIHAR,BIHAR,D104,BARARI,0.9
09-09-2025,25.5,87.5,KATIHAR,BIHAR,D104,BARARI,0.9
10-09-2025,25.5,87.5,KATIHAR,BIHAR,D104,BARARI,0.97
11-09-2025,25.5,87.5,KATIHAR,BIHAR,D104,BARARI,0.97
12-09-2025,25.5,87.5,KATIHAR,BIHAR,D104,BARARI,1.11
13-09-2025,25.5,87.5,KATIHAR,BIHAR,D104,BARARI,1.16
14-09-2025,25.5,87.5,KATIHAR,BIHAR,D104,BARARI,1.02
15-09-2025,25.5,87.5,KATIHAR,BIHAR,D104,BARARI,0.94
16-09-2025,25.5,87.5,KATIHAR,BIHAR,D104,BARARI,0.86
17-09-2025,25.5,87.5,KATIHAR,BIHAR,D104,BARARI,1
18-09-2025,25.5,87.5,KATIHAR,BIHAR,D104,BARARI,0.93
19-09-2025,25.5,87.5,KATIHAR,BIHAR,D104,BARARI,1.04
20-09-2025,25.5,87.5,KATIHAR,BIHAR,D104,BARARI,0.96
21-09-2025,25.5,87.5,KATIHAR,BIHAR,D104,BARARI,1.02
22-09-2025,25.5,87.5,KATIHAR,BIHAR,D104,BARARI,1.08
23-09-2025,25.5,87.5,KATIHAR,BIHAR,D104,BARARI,1.03
24-09-2025,25.5,87.5,KATIHAR,BIHAR,D104,BARARI,1.15
25-09-2025,25.5,87.5,KATIHAR,BIHAR,D104,BARARI,1.11
26-09-2025,25.5,87.5,KATIHAR,BIHAR,D104,BARARI,1.35
27-09-2025,25.5,87.5,KATIHAR,BIHAR,D104,BARARI,1.35
28-09-2025,25.5,87.5,KATIHAR,BIHAR,D104,BARARI,1.19
29-09-2025,25.5,87.5,KATIHAR,BIHAR,D104,BARARI,1.27
30-09-2025,25.5,87.5,KATIHAR,BIHAR,D104,BARARI,1.26
01-10-2025,25.5,87.5,KATIHAR,BIHAR,D104,BARARI,1.22
02-10-2025,25.5,87.5,KATIHAR,BIHAR,D104,BARARI,1.2
03-10-2025,25.5,87.5,KATIHAR,BIHAR,D104,BARARI,1.15
04-10-2025,25.5,87.5,KATIHAR,BIHAR,D104,BARARI,1.03
05-10-2025,25.5,87.5,KATIHAR,BIHAR,D104,BARARI,1.05
06-10-2025,25.5,87.5,KATIHAR,BIHAR,D104,BARARI,1.04
07-10-2025,25.5,87.5,KATIHAR,BIHAR,D104,BARARI,1.13
08-10-2025,25.5,87.5,KATIHAR,BIHAR,D104,BARARI,1.32
09-10-2025,25.5,87.5,KATIHAR,BIHAR,D104,BARARI,1.33
10-10-2025,25.5,87.5,KATIHAR,BIHAR,D104,BARARI,1.29
11-10-2025,25.5,87.5,KATIHAR,BIHAR,D104,BARARI,1.16
12-10-2025,25.5,87.5,KATIHAR,BIHAR,D104,BARARI,1.19
13-10-2025,25.5,87.5,KATIHAR,BIHAR,D104,BARARI,1.26
14-10-2025,25.5,87.5,KATIHAR,BIHAR,D104,BARARI,1.23
15-10-2025,25.5,87.5,KATIHAR,BIHAR,D104,BARARI,1.43
16-10-2025,25.5,87.5,KATIHAR,BIHAR,D104,BARARI,1.39
17-10-2025,25.5,87.5,KATIHAR,BIHAR,D104,BARARI,1.47
18-10-2025,25.5,87.5,KATIHAR,BIHAR,D104,BARARI,1.53
19-10-2025,25.5,87.5,KATIHAR,BIHAR,D104,BARARI,1.45
20-10-2025,25.5,87.5,KATIHAR,BIHAR,D104,BARARI,1.43
21-10-2025,25.5,87.5,KATIHAR,BIHAR,D104,BARARI,1.42
22-10-2025,25.5,87.5,KATIHAR,BIHAR,D104,BARARI,1.25
23-10-2025,25.5,87.5,KATIHAR,BIHAR,D104,BARARI,1.26
24-10-2025,25.5,87.5,KATIHAR,BIHAR,D104,BARARI,1.48
25-10-2025,25.5,87.5,KATIHAR,BIHAR,D104,BARARI,1.51
26-10-2025,25.5,87.5,KATIHAR,BIHAR,D104,BARARI,1.48
27-10-2025,25.5,87.5,KATIHAR,BIHAR,D104,BARARI,1.53
28-10-2025,25.5,87.5,KATIHAR,BIHAR,D104,BARARI,1.57
29-10-2025,25.5,87.5,KATIHAR,BIHAR,D104,BARARI,1.73
30-10-2025,25.5,87.5,KATIHAR,BIHAR,D104,BARARI,1.75
31-10-2025,25.5,87.5,KATIHAR,BIHAR,D104,BARARI,1.63
01-11-2025,25.5,87.5,KATIHAR,BIHAR,D104,BARARI,1.73
02-11-2025,25.5,87.5,KATIHAR,BIHAR,D104,BARARI,1.72
03-11-2025,25.5,87.5,KATIHAR,BIHAR,D104,BARARI,1.65
04-11-2025,25.5,87.5,KATIHAR,BIHAR,D104,BARARI,1.6
05-11-2025,25.5,87.5,KATIHAR,BIHAR,D104,BARARI,1.44
06-11-2025,25.5,87.5,KATIHAR,BIHAR,D104,BARARI,1.42
07-11-2025,25.5,87.5,KATIHAR,BIHAR,D104,BARARI,1.32
08-11-2025,25.5,87.5,KATIHAR,BIHAR,D104,BARARI,1.36
09-11-2025,25.5,87.5,KATIHAR,BIHAR,D104,BARARI,1.46
10-11-2025,25.5,87.5,KATIHAR,BIHAR,D104,BARARI,1.48
11-11-2025,25.5,87.5,KATIHAR,BIHAR,D104,BARARI,1.46
12-11-2025,25.5,87.5,KATIHAR,BIHAR,D104,BARARI,1.48
13-11-2025,25.5,87.5,KATIHAR,BIHAR,D104,BARARI,1.6
14-11-2025,25.5,87.5,KATIHAR,BIHAR,D104,BARARI,1.49
15-11-2025,25.5,87.5,KATIHAR,BIHAR,D104,BARARI,1.6
16-11-2025,25.5,87.5,KATIHAR,BIHAR,D104,BARARI,1.6
17-11-2025,25.5,87.5,KATIHAR,BIHAR,D104,BARARI,1.7
18-11-2025,25.5,87.5,KATIHAR,BIHAR,D104,BARARI,1.71
19-11-2025,25.5,87.5,KATIHAR,BIHAR,D104,BARARI,1.68
20-11-2025,25.5,87.5,KATIHAR,BIHAR,D104,BARARI,1.59
21-11-2025,25.5,87.5,KATIHAR,BIHAR,D104,BARARI,1.62
22-11-2025,25.5,87.5,KATIHAR,BIHAR,D104,BARARI,1.61
23-11-2025,25.5,87.5,KATIHAR,BIHAR,D104,BARARI,1.54
24-11-2025,25.5,87.5,KATIHAR,BIHAR,D104,BARARI,1.47
25-11-2025,25.5,87.5,KATIHAR,BIHAR,D104,BARARI,1.54
26-11-2025,25.5,87.5,KATIHAR,BIHAR,D104,BARARI,1.48
27-11-2025,25.5,87.5,KATIHAR,BIHAR,D104,BARARI,1.53
28-11-2025,25.5,87.5,KATIHAR,BIHAR,D104,BARARI,1.61
29-11-2025,25.5,87.5,KATIHAR,BIHAR,D104,BARARI,1.55
30-11-2025,25.5,87.5,KATIHAR,BIHAR,D104,BARARI,1.39
01-12-2025,25.5,87.5,KATIHAR,BIHAR,D104,BARARI,1.39
02-12-2025,25.5,87.5,KATIHAR,BIHAR,D104,BARARI,1.49
03-12-2025,25.5,87.5,KATIHAR,BIHAR,D104,BARARI,1.51
04-12-2025,25.5,87.5,KATIHAR,BIHAR,D104,BARARI,1.57
05-12-2025,25.5,87.5,KATIHAR,BIHAR,D104,BARARI,1.66
06-12-2025,25.5,87.5,KATIHAR,BIHAR,D104,BARARI,1.64
07-12-2025,25.5,87.5,KATIHAR,BIHAR,D104,BARARI,1.78
08-12-2025,25.5,87.5,KATIHAR,BIHAR,D104,BARARI,1.8
09-12-2025,25.5,87.5,KATIHAR,BIHAR,D104,BARARI,1.85
10-12-2025,25.5,87.5,KATIHAR,BIHAR,D104,BARARI,1.82
11-12-2025,25.5,87.5,KATIHAR,BIHAR,D104,BARARI,1.79
12-12-2025,25.5,87.5,KATIHAR,BIHAR,D104,BARARI,1.51
13-12-2025,25.5,87.5,KATIHAR,BIHAR,D104,BARARI,1.41
14-12-2025,25.5,87.5,KATIHAR,BIHAR,D104,BARARI,1.62
15-12-2025,25.5,87.5,KATIHAR,BIHAR,D104,BARARI,1.27
16-12-2025,25.5,87.5,KATIHAR,BIHAR,D104,BARARI,1.36
17-12-2025,25.5,87.5,KATIHAR,BIHAR,D104,BARARI,1.25
18-12-2025,25.5,87.5,KATIHAR,BIHAR,D104,BARARI,1.34
19-12-2025,25.5,87.5,KATIHAR,BIHAR,D104,BARARI,1.63
20-12-2025,25.5,87.5,KATIHAR,BIHAR,D104,BARARI,1.76
21-12-2025,25.5,87.5,KATIHAR,BIHAR,D104,BARARI,1.53
22-12-2025,25.5,87.5,KATIHAR,BIHAR,D104,BARARI,1.72
23-12-2025,25.5,87.5,KATIHAR,BIHAR,D104,BARARI,1.71
24-12-2025,25.5,87.5,KATIHAR,BIHAR,D104,BARARI,1.47
25-12-2025,25.5,87.5,KATIHAR,BIHAR,D104,BARARI,1.54
26-12-2025,25.5,87.5,KATIHAR,BIHAR,D104,BARARI,1.53
27-12-2025,25.5,87.5,KATIHAR,BIHAR,D104,BARARI,1.82
28-12-2025,25.5,87.5,KATIHAR,BIHAR,D104,BARARI,1.89
29-12-2025,25.5,87.5,KATIHAR,BIHAR,D104,BARARI,1.83
30-12-2025,25.5,87.5,KATIHAR,BIHAR,D104,BARARI,1.73
31-12-2025,25.5,87.5,KATIHAR,BIHAR,D104,BARARI,1.58
01-01-2025,25.5,86.5,KHAGARIA,BIHAR,D105,GOGRI,1.99
02-01-2025,25.5,86.5,KHAGARIA,BIHAR,D105,GOGRI,1.94
03-01-2025,25.5,86.5,KHAGARIA,BIHAR,D105,GOGRI,2.15
04-01-2025,25.5,86.5,KHAGARIA,BIHAR,D105,GOGRI,2.03
05-01-2025,25.5,86.5,KHAGARIA,BIHAR,D105,GOGRI,1.89
06-01-2025,25.5,86.5,KHAGARIA,BIHAR,D105,GOGRI,2.15
07-01-2025,25.5,86.5,KHAGARIA,BIHAR,D105,GOGRI,2.16
08-01-2025,25.5,86.5,KHAGARIA,BIHAR,D105,GOGRI,2.47
09-01-2025,25.5,86.5,KHAGARIA,BIHAR,D105,GOGRI,2.56
10-01-2025,25.5,86.5,KHAGARIA,BIHAR,D105,GOGRI,2.5
11-01-2025,25.5,86.5,KHAGARIA,BIHAR,D105,GOGRI,2.51
12-01-2025,25.5,86.5,KHAGARIA,BIHAR,D105,GOGRI,2.34
13-01-2025,25.5,86.5,KHAGARIA,BIHAR,D105,GOGRI,1.97
14-01-2025,25.5,86.5,KHAGARIA,BIHAR,D105,GOGRI,1.82
15-01-2025,25.5,86.5,KHAGARIA,BIHAR,D105,GOGRI,1.85
16-01-2025,25.5,86.5,KHAGARIA,BIHAR,D105,GOGRI,1.66
17-01-2025,25.5,86.5,KHAGARIA,BIHAR,D105,GOGRI,1.76
18-01-2025,25.5,86.5,KHAGARIA,BIHAR,D105,GOGRI,2.11
19-01-2025,25.5,86.5,KHAGARIA,BIHAR,D105,GOGRI,2.26
20-01-2025,25.5,86.5,KHAGARIA,BIHAR,D105,GOGRI,2.15
21-01-2025,25.5,86.5,KHAGARIA,BIHAR,D105,GOGRI,1.9
22-01-2025,25.5,86.5,KHAGARIA,BIHAR,D105,GOGRI,1.7
23-01-2025,25.5,86.5,KHAGARIA,BIHAR,D105,GOGRI,2.35
24-01-2025,25.5,86.5,KHAGARIA,BIHAR,D105,GOGRI,2.24
25-01-2025,25.5,86.5,KHAGARIA,BIHAR,D105,GOGRI,2.22
26-01-2025,25.5,86.5,KHAGARIA,BIHAR,D105,GOGRI,2.13
27-01-2025,25.5,86.5,KHAGARIA,BIHAR,D105,GOGRI,1.91
28-01-2025,25.5,86.5,KHAGARIA,BIHAR,D105,GOGRI,2.06
29-01-2025,25.5,86.5,KHAGARIA,BIHAR,D105,GOGRI,1.74
30-01-2025,25.5,86.5,KHAGARIA,BIHAR,D105,GOGRI,1.76
31-01-2025,25.5,86.5,KHAGARIA,BIHAR,D105,GOGRI,1.88
01-02-2025,25.5,86.5,KHAGARIA,BIHAR,D105,GOGRI,1.94
02-02-2025,25.5,86.5,KHAGARIA,BIHAR,D105,GOGRI,1.72
03-02-2025,25.5,86.5,KHAGARIA,BIHAR,D105,GOGRI,1.51
04-02-2025,25.5,86.5,KHAGARIA,BIHAR,D105,GOGRI,1.66
05-02-2025,25.5,86.5,KHAGARIA,BIHAR,D105,GOGRI,1.65
06-02-2025,25.5,86.5,KHAGARIA,BIHAR,D105,GOGRI,1.56
07-02-2025,25.5,86.5,KHAGARIA,BIHAR,D105,GOGRI,1.64
08-02-2025,25.5,86.5,KHAGARIA,BIHAR,D105,GOGRI,1.77
09-02-2025,25.5,86.5,KHAGARIA,BIHAR,D105,GOGRI,1.73
10-02-2025,25.5,86.5,KHAGARIA,BIHAR,D105,GOGRI,1.62
11-02-2025,25.5,86.5,KHAGARIA,BIHAR,D105,GOGRI,1.74
12-02-2025,25.5,86.5,KHAGARIA,BIHAR,D105,GOGRI,1.87
13-02-2025,25.5,86.5,KHAGARIA,BIHAR,D105,GOGRI,1.83
14-02-2025,25.5,86.5,KHAGARIA,BIHAR,D105,GOGRI,1.78
15-02-2025,25.5,86.5,KHAGARIA,BIHAR,D105,GOGRI,1.87
16-02-2025,25.5,86.5,KHAGARIA,BIHAR,D105,GOGRI,1.75
17-02-2025,25.5,86.5,KHAGARIA,BIHAR,D105,GOGRI,1.49
18-02-2025,25.5,86.5,KHAGARIA,BIHAR,D105,GOGRI,1.58
19-02-2025,25.5,86.5,KHAGARIA,BIHAR,D105,GOGRI,1.91
20-02-2025,25.5,86.5,KHAGARIA,BIHAR,D105,GOGRI,2.06
21-02-2025,25.5,86.5,KHAGARIA,BIHAR,D105,GOGRI,1.99
22-02-2025,25.5,86.5,KHAGARIA,BIHAR,D105,GOGRI,2.04
23-02-2025,25.5,86.5,KHAGARIA,BIHAR,D105,GOGRI,1.62
24-02-2025,25.5,86.5,KHAGARIA,BIHAR,D105,GOGRI,1.53
25-02-2025,25.5,86.5,KHAGARIA,BIHAR,D105,GOGRI,1.8
26-02-2025,25.5,86.5,KHAGARIA,BIHAR,D105,GOGRI,1.82
27-02-2025,25.5,86.5,KHAGARIA,BIHAR,D105,GOGRI,1.68
28-02-2025,25.5,86.5,KHAGARIA,BIHAR,D105,GOGRI,1.79
29-02-2025,25.5,86.5,KHAGARIA,BIHAR,D105,GOGRI,1.58
01-03-2025,25.5,86.5,KHAGARIA,BIHAR,D105,GOGRI,1.94
02-03-2025,25.5,86.5,KHAGARIA,BIHAR,D105,GOGRI,1.85
03-03-2025,25.5,86.5,KHAGARIA,BIHAR,D105,GOGRI,1.61
04-03-2025,25.5,86.5,KHAGARIA,BIHAR,D105,GOGRI,1.45
05-03-2025,25.5,86.5,KHAGARIA,BIHAR,D105,GOGRI,1.72
06-03-2025,25.5,86.5,KHAGARIA,BIHAR,D105,GOGRI,1.86
07-03-2025,25.5,86.5,KHAGARIA,BIHAR,D105,GOGRI,1.65
08-03-2025,25.5,86.5,KHAGARIA,BIHAR,D105,GOGRI,1.86
09-03-2025,25.5,86.5,KHAGARIA,BIHAR,D105,GOGRI,1.84
10-03-2025,25.5,86.5,KHAGARIA,BIHAR,D105,GOGRI,1.84
11-03-2025,25.5,86.5,KHAGARIA,BIHAR,D105,GOGRI,1.57
12-03-2025,25.5,86.5,KHAGARIA,BIHAR,D105,GOGRI,1.55
13-03-2025,25.5,86.5,KHAGARIA,BIHAR,D105,GOGRI,1.93
14-03-2025,25.5,86.5,KHAGARIA,BIHAR,D105,GOGRI,1.68
15-03-2025,25.5,86.5,KHAGARIA,BIHAR,D105,GOGRI,1.83
16-03-2025,25.5,86.5,KHAGARIA,BIHAR,D105,GOGRI,2.04
17-03-2025,25.5,86.5,KHAGARIA,BIHAR,D105,GOGRI,1.83
18-03-2025,25.5,86.5,KHAGARIA,BIHAR,D105,GOGRI,1.6
19-03-2025,25.5,86.5,KHAGARIA,BIHAR,D105,GOGRI,1.67
20-03-2025,25.5,86.5,KHAGARIA,BIHAR,D105,GOGRI,1.75
21-03-2025,25.5,86.5,KHAGARIA,BIHAR,D105,GOGRI,1.8
22-03-2025,25.5,86.5,KHAGARIA,BIHAR,D105,GOGRI,1.65
23-03-2025,25.5,86.5,KHAGARIA,BIHAR,D105,GOGRI,1.65
24-03-2025,25.5,86.5,KHAGARIA,BIHAR,D105,GOGRI,1.44
25-03-2025,25.5,86.5,KHAGARIA,BIHAR,D105,GOGRI,1.56
26-03-2025,25.5,86.5,KHAGARIA,BIHAR,D105,GOGRI,1.6
27-03-2025,25.5,86.5,KHAGARIA,BIHAR,D105,GOGRI,1.71
28-03-2025,25.5,86.5,KHAGARIA,BIHAR,D105,GOGRI,1.41
29-03-2025,25.5,86.5,KHAGARIA,BIHAR,D105,GOGRI,1.36
30-03-2025,25.5,86.5,KHAGARIA,BIHAR,D105,GOGRI,1.42
31-03-2025,25.5,86.5,KHAGARIA,BIHAR,D105,GOGRI,1.62
01-04-2025,25.5,86.5,KHAGARIA,BIHAR,D105,GOGRI,1.49
02-04-2025,25.5,86.5,KHAGARIA,BIHAR,D105,GOGRI,1.66
03-04-2025,25.5,86.5,KHAGARIA,BIHAR,D105,GOGRI,1.72
04-04-2025,25.5,86.5,KHAGARIA,BIHAR,D105,GOGRI,1.77
05-04-2025,25.5,86.5,KHAGARIA,BIHAR,D105,GOGRI,1.66
06-04-2025,25.5,86.5,KHAGARIA,BIHAR,D105,GOGRI,1.75
07-04-2025,25.5,86.5,KHAGARIA,BIHAR,D105,GOGRI,1.84
08-04-2025,25.5,86.5,KHAGARIA,BIHAR,D105,GOGRI,1.64
09-04-2025,25.5,86.5,KHAGARIA,BIHAR,D105,GOGRI,1.27
10-04-2025,25.5,86.5,KHAGARIA,BIHAR,D105,GOGRI,1.33
11-04-2025,25.5,86.5,KHAGARIA,BIHAR,D105,GOGRI,1.68
12-04-2025,25.5,86.5,KHAGARIA,BIHAR,D105,GOGRI,1.74
13-04-2025,25.5,86.5,KHAGARIA,BIHAR,D105,GOGRI,1.67
14-04-2025,25.5,86.5,KHAGARIA,BIHAR,D105,GOGRI,1.39
15-04-2025,25.5,86.5,KHAGARIA,BIHAR,D105,GOGRI,1.25
16-04-2025,25.5,86.5,KHAGARIA,BIHAR,D105,GOGRI,1.4
17-04-2025,25.5,86.5,KHAGARIA,BIHAR,D105,GOGRI,1.26
18-04-2025,25.5,86.5,KHAGARIA,BIHAR,D105,GOGRI,1.28
19-04-2025,25.5,86.5,KHAGARIA,BIHAR,D105,GOGRI,1.72
20-04-2025,25.5,86.5,KHAGARIA,BIHAR,D105,GOGRI,1.56
21-04-2025,25.5,86.5,KHAGARIA,BIHAR,D105,GOGRI,1.51
22-04-2025,25.5,86.5,KHAGARIA,BIHAR,D105,GOGRI,1.51
23-04-2025,25.5,86.5,KHAGARIA,BIHAR,D105,GOGRI,1.49
24-04-2025,25.5,86.5,KHAGARIA,BIHAR,D105,GOGRI,1.47
25-04-2025,25.5,86.5,KHAGARIA,BIHAR,D105,GOGRI,1.38
26-04-2025,25.5,86.5,KHAGARIA,BIHAR,D105,GOGRI,1.57
27-04-2025,25.5,86.5,KHAGARIA,BIHAR,D105,GOGRI,1.6
28-04-2025,25.5,86.5,KHAGARIA,BIHAR,D105,GOGRI,1.33
29-04-2025,25.5,86.5,KHAGARIA,BIHAR,D105,GOGRI,1.38
30-04-2025,25.5,86.5,KHAGARIA,BIHAR,D105,GOGRI,1.58
01-05-2025,25.5,86.5,KHAGARIA,BIHAR,D105,GOGRI,1.64
02-05-2025,25.5,86.5,KHAGARIA,BIHAR,D105,GOGRI,1.32
03-05-2025,25.5,86.5,KHAGARIA,BIHAR,D105,GOGRI,1.24
04-05-2025,25.5,86.5,KHAGARIA,BIHAR,D105,GOGRI,1.41
05-05-2025,25.5,86.5,KHAGARIA,BIHAR,D105,GOGRI,1.12
06-05-2025,25.5,86.5,KHAGARIA,BIHAR,D105,GOGRI,1.06
07-05-2025,25.5,86.5,KHAGARIA,BIHAR,D105,GOGRI,0.97
08-05-2025,25.5,86.5,KHAGARIA,BIHAR,D105,GOGRI,1.36
09-05-2025,25.5,86.5,KHAGARIA,BIHAR,D105,GOGRI,1.11
10-05-2025,25.5,86.5,KHAGARIA,BIHAR,D105,GOGRI,1.49
11-05-2025,25.5,86.5,KHAGARIA,BIHAR,D105,GOGRI,1.57
12-05-2025,25.5,86.5,KHAGARIA,BIHAR,D105,GOGRI,1.47
13-05-2025,25.5,86.5,KHAGARIA,BIHAR,D105,GOGRI,1.51
14-05-2025,25.5,86.5,KHAGARIA,BIHAR,D105,GOGRI,1.57
15-05-2025,25.5,86.5,KHAGARIA,BIHAR,D105,GOGRI,1.45
16-05-2025,25.5,86.5,KHAGARIA,BIHAR,D105,GOGRI,1.25
17-05-2025,25.5,86.5,KHAGARIA,BIHAR,D105,GOGRI,0.96
18-05-2025,25.5,86.5,KHAGARIA,BIHAR,D105,GOGRI,1.21
19-05-2025,25.5,86.5,KHAGARIA,BIHAR,D105,GOGRI,1.2
20-05-2025,25.5,86.5,KHAGARIA,BIHAR,D105,GOGRI,1.31
21-05-2025,25.5,86.5,KHAGARIA,BIHAR,D105,GOGRI,1.42
22-05-2025,25.5,86.5,KHAGARIA,BIHAR,D105,GOGRI,1.24
23-05-2025,25.5,86.5,KHAGARIA,BIHAR,D105,GOGRI,1.26
24-05-2025,25.5,86.5,KHAGARIA,BIHAR,D105,GOGRI,1.34
25-05-2025,25.5,86.5,KHAGARIA,BIHAR,D105,GOGRI,1.4
26-05-2025,25.5,86.5,KHAGARIA,BIHAR,D105,GOGRI,1.57
27-05-2025,25.5,86.5,KHAGARIA,BIHAR,D105,GOGRI,1.52
28-05-2025,25.5,86.5,KHAGARIA,BIHAR,D105,GOGRI,1.43
29-05-2025,25.5,86.5,KHAGARIA,BIHAR,D105,GOGRI,1.62
30-05-2025,25.5,86.5,KHAGARIA,BIHAR,D105,GOGRI,1.25
31-05-2025,25.5,86.5,KHAGARIA,BIHAR,D105,GOGRI,1.63
01-06-2025,25.5,86.5,KHAGARIA,BIHAR,D105,GOGRI,1.5
02-06-2025,25.5,86.5,KHAGARIA,BIHAR,D105,GOGRI,1.32
03-06-2025,25.5,86.5,KHAGARIA,BIHAR,D105,GOGRI,1.14
04-06-2025,25.5,86.5,KHAGARIA,BIHAR,D105,GOGRI,1.49
05-06-2025,25.5,86.5,KHAGARIA,BIHAR,D105,GOGRI,1.53
06-06-2025,25.5,86.5,KHAGARIA,BIHAR,D105,GOGRI,1.25
07-06-2025,25.5,86.5,KHAGARIA,BIHAR,D105,GOGRI,1.17
08-06-2025,25.5,86.5,KHAGARIA,BIHAR,D105,GOGRI,1.25
09-06-2025,25.5,86.5,KHAGARIA,BIHAR,D105,GOGRI,1.53
10-06-2025,25.5,86.5,KHAGARIA,BIHAR,D105,GOGRI,1.14
11-06-2025,25.5,86.5,KHAGARIA,BIHAR,D105,GOGRI,1.1
12-06-2025,25.5,86.5,KHAGARIA,BIHAR,D105,GOGRI,1.05
13-06-2025,25.5,86.5,KHAGARIA,BIHAR,D105,GOGRI,1.1
14-06-2025,25.5,86.5,KHAGARIA,BIHAR,D105,GOGRI,1.22
15-06-2025,25.5,86.5,KHAGARIA,BIHAR,D105,GOGRI,1.21
16-06-2025,25.5,86.5,KHAGARIA,BIHAR,D105,GOGRI,1.19
17-06-2025,25.5,86.5,KHAGARIA,BIHAR,D105,GOGRI,1.22
18-06-2025,25.5,86.5,KHAGARIA,BIHAR,D105,GOGRI,1.09
19-06-2025,25.5,86.5,KHAGARIA,BIHAR,D105,GOGRI,1.12
20-06-2025,25.5,86.5,KHAGARIA,BIHAR,D105,GOGRI,1.12
21-06-2025,25.5,86.5,KHAGARIA,BIHAR,D105,GOGRI,1.07
22-06-2025,25.5,86.5,KHAGARIA,BIHAR,D105,GOGRI,0.97
23-06-2025,25.5,86.5,KHAGARIA,BIHAR,D105,GOGRI,0.9
24-06-2025,25.5,86.5,KHAGARIA,BIHAR,D105,GOGRI,1.13
25-06-2025,25.5,86.5,KHAGARIA,BIHAR,D105,GOGRI,1.2
26-06-2025,25.5,86.5,KHAGARIA,BIHAR,D105,GOGRI,1.06
27-06-2025,25.5,86.5,KHAGARIA,BIHAR,D105,GOGRI,0.89
28-06-2025,25.5,86.5,KHAGARIA,BIHAR,D105,GOGRI,0.93
29-06-2025,25.5,86.5,KHAGARIA,BIHAR,D105,GOGRI,0.94
30-06-2025,25.5,86.5,KHAGARIA,BIHAR,D105,GOGRI,0.9
01-07-2025,25.5,86.5,KHAGARIA,BIHAR,D105,GOGRI,0.86
02-07-2025,25.5,86.5,KHAGARIA,BIHAR,D105,GOGRI,0.89
03-07-2025,25.5,86.5,KHAGARIA,BIHAR,D105,GOGRI,0.72
04-07-2025,25.5,86.5,KHAGARIA,BIHAR,D105,GOGRI,0.71
05-07-2025,25.5,86.5,KHAGARIA,BIHAR,D105,GOGRI,0.81
06-07-2025,25.5,86.5,KHAGARIA,BIHAR,D105,GOGRI,0.96
07-07-2025,25.5,86.5,KHAGARIA,BIHAR,D105,GOGRI,0.8
08-07-2025,25.5,86.5,KHAGARIA,BIHAR,D105,GOGRI,0.74
09-07-2025,25.5,86.5,KHAGARIA,BIHAR,D105,GOGRI,0.75
10-07-2025,25.5,86.5,KHAGARIA,BIHAR,D105,GOGRI,0.94
11-07-2025,25.5,86.5,KHAGARIA,BIHAR,D105,GOGRI,0.99
12-07-2025,25.5,86.5,KHAGARIA,BIHAR,D105,GOGRI,0.93
13-07-2025,25.5,86.5,KHAGARIA,BIHAR,D105,GOGRI,1.07
14-07-2025,25.5,86.5,KHAGARIA,BIHAR,D105,GOGRI,1.07
15-07-2025,25.5,86.5,KHAGARIA,BIHAR,D105,GOGRI,0.89
16-07-2025,25.5,86.5,KHAGARIA,BIHAR,D105,GOGRI,0.97
17-07-2025,25.5,86.5,KHAGARIA,BIHAR,D105,GOGRI,0.94
18-07-2025,25.5,86.5,KHAGARIA,BIHAR,D105,GOGRI,0.91
19-07-2025,25.5,86.5,KHAGARIA,BIHAR,D105,GOGRI,1.08
20-07-2025,25.5,86.5,KHAGARIA,BIHAR,D105,GOGRI,1.1
21-07-2025,25.5,86.5,KHAGARIA,BIHAR,D105,GOGRI,0.96
22-07-2025,25.5,86.5,KHAGARIA,BIHAR,D105,GOGRI,1.01
23-07-2025,25.5,86.5,KHAGARIA,BIHAR,D105,GOGRI,0.94
24-07-2025,25.5,86.5,KHAGARIA,BIHAR,D105,GOGRI,0.92
25-07-2025,25.5,86.5,KHAGARIA,BIHAR,D105,GOGRI,0.88
26-07-2025,25.5,86.5,KHAGARIA,BIHAR,D105,GOGRI,0.81
27-07-2025,25.5,86.5,KHAGARIA,BIHAR,D105,GOGRI,0.97
28-07-2025,25.5,86.5,KHAGARIA,BIHAR,D105,GOGRI,0.86
29-07-2025,25.5,86.5,KHAGARIA,BIHAR,D105,GOGRI,0.82
30-07-2025,25.5,86.5,KHAGARIA,BIHAR,D105,GOGRI,0.76
31-07-2025,25.5,86.5,KHAGARIA,BIHAR,D105,GOGRI,0.8
01-08-2025,25.5,86.5,KHAGARIA,BIHAR,D105,GOGRI,0.73
02-08-2025,25.5,86.5,KHAGARIA,BIHAR,D105,GOGRI,0.75
03-08-2025,25.5,86.5,KHAGARIA,BIHAR,D105,GOGRI,0.64
04-08-2025,25.5,86.5,KHAGARIA,BIHAR,D105,GOGRI,0.76
05-08-2025,25.5,86.5,KHAGARIA,BIHAR,D105,GOGRI,0.77
06-08-2025,25.5,86.5,KHAGARIA,BIHAR,D105,GOGRI,0.79
07-08-2025,25.5,86.5,KHAGARIA,BIHAR,D105,GOGRI,0.73
08-08-2025,25.5,86.5,KHAGARIA,BIHAR,D105,GOGRI,0.64
09-08-2025,25.5,86.5,KHAGARIA,BIHAR,D105,GOGRI,0.66
10-08-2025,25.5,86.5,KHAGARIA,BIHAR,D105,GOGRI,0.86
11-08-2025,25.5,86.5,KHAGARIA,BIHAR,D105,GOGRI,0.82
12-08-2025,25.5,86.5,KHAGARIA,BIHAR,D105,GOGRI,0.74
13-08-2025,25.5,86.5,KHAGARIA,BIHAR,D105,GOGRI,0.78
14-08-2025,25.5,86.5,KHAGARIA,BIHAR,D105,GOGRI,0.91
15-08-2025,25.5,86.5,KHAGARIA,BIHAR,D105,GOGRI,0.88
16-08-2025,25.5,86.5,KHAGARIA,BIHAR,D105,GOGRI,0.98
17-08-2025,25.5,86.5,KHAGARIA,BIHAR,D105,GOGRI,1.04
18-08-2025,25.5,86.5,KHAGARIA,BIHAR,D105,GOGRI,1.02
19-08-2025,25.5,86.5,KHAGARIA,BIHAR,D105,GOGRI,0.87
20-08-2025,25.5,86.5,KHAGARIA,BIHAR,D105,GOGRI,0.9
21-08-2025,25.5,86.5,KHAGARIA,BIHAR,D105,GOGRI,0.86
22-08-2025,25.5,86.5,KHAGARIA,BIHAR,D105,GOGRI,0.96
23-08-2025,25.5,86.5,KHAGARIA,BIHAR,D105,GOGRI,0.77
24-08-2025,25.5,86.5,KHAGARIA,BIHAR,D105,GOGRI,0.65
25-08-2025,25.5,86.5,KHAGARIA,BIHAR,D105,GOGRI,0.7
26-08-2025,25.5,86.5,KHAGARIA,BIHAR,D105,GOGRI,0.77
27-08-2025,25.5,86.5,KHAGARIA,BIHAR,D105,GOGRI,0.81
28-08-2025,25.5,86.5,KHAGARIA,BIHAR,D105,GOGRI,0.7
29-08-2025,25.5,86.5,KHAGARIA,BIHAR,D105,GOGRI,0.85
30-08-2025,25.5,86.5,KHAGARIA,BIHAR,D105,GOGRI,0.7
31-08-2025,25.5,86.5,KHAGARIA,BIHAR,D105,GOGRI,0.87
01-09-2025,25.5,86.5,KHAGARIA,BIHAR,D105,GOGRI,0.9
02-09-2025,25.5,86.5,KHAGARIA,BIHAR,D105,GOGRI,1.02
03-09-2025,25.5,86.5,KHAGARIA,BIHAR,D105,GOGRI,0.72
04-09-2025,25.5,86.5,KHAGARIA,BIHAR,D105,GOGRI,0.74
05-09-2025,25.5,86.5,KHAGARIA,BIHAR,D105,GOGRI,0.9
06-09-2025,25.5,86.5,KHAGARIA,BIHAR,D105,GOGRI,1
07-09-2025,25.5,86.5,KHAGARIA,BIHAR,D105,GOGRI,0.93
08-09-2025,25.5,86.5,KHAGARIA,BIHAR,D105,GOGRI,0.9
09-09-2025,25.5,86.5,KHAGARIA,BIHAR,D105,GOGRI,0.83
10-09-2025,25.5,86.5,KHAGARIA,BIHAR,D105,GOGRI,0.9
11-09-2025,25.5,86.5,KHAGARIA,BIHAR,D105,GOGRI,0.94
12-09-2025,25.5,86.5,KHAGARIA,BIHAR,D105,GOGRI,1.09
13-09-2025,25.5,86.5,KHAGARIA,BIHAR,D105,GOGRI,1.08
14-09-2025,25.5,86.5,KHAGARIA,BIHAR,D105,GOGRI,0.88
15-09-2025,25.5,86.5,KHAGARIA,BIHAR,D105,GOGRI,0.87
16-09-2025,25.5,86.5,KHAGARIA,BIHAR,D105,GOGRI,0.77
17-09-2025,25.5,86.5,KHAGARIA,BIHAR,D105,GOGRI,0.95
18-09-2025,25.5,86.5,KHAGARIA,BIHAR,D105,GOGRI,0.85
19-09-2025,25.5,86.5,KHAGARIA,BIHAR,D105,GOGRI,0.98
20-09-2025,25.5,86.5,KHAGARIA,BIHAR,D105,GOGRI,0.93
21-09-2025,25.5,86.5,KHAGARIA,BIHAR,D105,GOGRI,0.95
22-09-2025,25.5,86.5,KHAGARIA,BIHAR,D105,GOGRI,1.04
23-09-2025,25.5,86.5,KHAGARIA,BIHAR,D105,GOGRI,1.09
24-09-2025,25.5,86.5,KHAGARIA,BIHAR,D105,GOGRI,1.15
25-09-2025,25.5,86.5,KHAGARIA,BIHAR,D105,GOGRI,1.09
26-09-2025,25.5,86.5,KHAGARIA,BIHAR,D105,GOGRI,1.35
27-09-2025,25.5,86.5,KHAGARIA,BIHAR,D105,GOGRI,1.31
28-09-2025,25.5,86.5,KHAGARIA,BIHAR,D105,GOGRI,1.12
29-09-2025,25.5,86.5,KHAGARIA,BIHAR,D105,GOGRI,1.25
30-09-2025,25.5,86.5,KHAGARIA,BIHAR,D105,GOGRI,1.21
01-10-2025,25.5,86.5,KHAGARIA,BIHAR,D105,GOGRI,1.09
02-10-2025,25.5,86.5,KHAGARIA,BIHAR,D105,GOGRI,1.09
03-10-2025,25.5,86.5,KHAGARIA,BIHAR,D105,GOGRI,1.08
04-10-2025,25.5,86.5,KHAGARIA,BIHAR,D105,GOGRI,0.96
05-10-2025,25.5,86.5,KHAGARIA,BIHAR,D105,GOGRI,0.97
06-10-2025,25.5,86.5,KHAGARIA,BIHAR,D105,GOGRI,1.02
07-10-2025,25.5,86.5,KHAGARIA,BIHAR,D105,GOGRI,1.09
08-10-2025,25.5,86.5,KHAGARIA,BIHAR,D105,GOGRI,1.23
09-10-2025,25.5,86.5,KHAGARIA,BIHAR,D105,GOGRI,1.34
10-10-2025,25.5,86.5,KHAGARIA,BIHAR,D105,GOGRI,1.28
11-10-2025,25.5,86.5,KHAGARIA,BIHAR,D105,GOGRI,1.12
12-10-2025,25.5,86.5,KHAGARIA,BIHAR,D105,GOGRI,1.13
13-10-2025,25.5,86.5,KHAGARIA,BIHAR,D105,GOGRI,1.23
14-10-2025,25.5,86.5,KHAGARIA,BIHAR,D105,GOGRI,1.25
15-10-2025,25.5,86.5,KHAGARIA,BIHAR,D105,GOGRI,1.39
16-10-2025,25.5,86.5,KHAGARIA,BIHAR,D105,GOGRI,1.45
17-10-2025,25.5,86.5,KHAGARIA,BIHAR,D105,GOGRI,1.48
18-10-2025,25.5,86.5,KHAGARIA,BIHAR,D105,GOGRI,1.5
19-10-2025,25.5,86.5,KHAGARIA,BIHAR,D105,GOGRI,1.48
20-10-2025,25.5,86.5,KHAGARIA,BIHAR,D105,GOGRI,1.56
21-10-2025,25.5,86.5,KHAGARIA,BIHAR,D105,GOGRI,1.51
22-10-2025,25.5,86.5,KHAGARIA,BIHAR,D105,GOGRI,1.33
23-10-2025,25.5,86.5,KHAGARIA,BIHAR,D105,GOGRI,1.44
24-10-2025,25.5,86.5,KHAGARIA,BIHAR,D105,GOGRI,1.69
25-10-2025,25.5,86.5,KHAGARIA,BIHAR,D105,GOGRI,1.67
26-10-2025,25.5,86.5,KHAGARIA,BIHAR,D105,GOGRI,1.65
27-10-2025,25.5,86.5,KHAGARIA,BIHAR,D105,GOGRI,1.69
28-10-2025,25.5,86.5,KHAGARIA,BIHAR,D105,GOGRI,1.76
29-10-2025,25.5,86.5,KHAGARIA,BIHAR,D105,GOGRI,1.88
30-10-2025,25.5,86.5,KHAGARIA,BIHAR,D105,GOGRI,1.85
31-10-2025,25.5,86.5,KHAGARIA,BIHAR,D105,GOGRI,1.73
01-11-2025,25.5,86.5,KHAGARIA,BIHAR,D105,GOGRI,1.68
02-11-2025,25.5,86.5,KHAGARIA,BIHAR,D105,GOGRI,1.7
03-11-2025,25.5,86.5,KHAGARIA,BIHAR,D105,GOGRI,1.82
04-11-2025,25.5,86.5,KHAGARIA,BIHAR,D105,GOGRI,1.79
05-11-2025,25.5,86.5,KHAGARIA,BIHAR,D105,GOGRI,1.66
06-11-2025,25.5,86.5,KHAGARIA,BIHAR,D105,GOGRI,1.53
07-11-2025,25.5,86.5,KHAGARIA,BIHAR,D105,GOGRI,1.46
08-11-2025,25.5,86.5,KHAGARIA,BIHAR,D105,GOGRI,1.38
09-11-2025,25.5,86.5,KHAGARIA,BIHAR,D105,GOGRI,1.65
10-11-2025,25.5,86.5,KHAGARIA,BIHAR,D105,GOGRI,1.54
11-11-2025,25.5,86.5,KHAGARIA,BIHAR,D105,GOGRI,1.61
12-11-2025,25.5,86.5,KHAGARIA,BIHAR,D105,GOGRI,1.5
13-11-2025,25.5,86.5,KHAGARIA,BIHAR,D105,GOGRI,1.66
14-11-2025,25.5,86.5,KHAGARIA,BIHAR,D105,GOGRI,1.59
15-11-2025,25.5,86.5,KHAGARIA,BIHAR,D105,GOGRI,1.58
16-11-2025,25.5,86.5,KHAGARIA,BIHAR,D105,GOGRI,1.65
17-11-2025,25.5,86.5,KHAGARIA,BIHAR,D105,GOGRI,1.82
18-11-2025,25.5,86.5,KHAGARIA,BIHAR,D105,GOGRI,1.81
19-11-2025,25.5,86.5,KHAGARIA,BIHAR,D105,GOGRI,1.79
20-11-2025,25.5,86.5,KHAGARIA,BIHAR,D105,GOGRI,1.67
21-11-2025,25.5,86.5,KHAGARIA,BIHAR,D105,GOGRI,1.7
22-11-2025,25.5,86.5,KHAGARIA,BIHAR,D105,GOGRI,1.64
23-11-2025,25.5,86.5,KHAGARIA,BIHAR,D105,GOGRI,1.5
24-11-2025,25.5,86.5,KHAGARIA,BIHAR,D105,GOGRI,1.45
25-11-2025,25.5,86.5,KHAGARIA,BIHAR,D105,GOGRI,1.49
26-11-2025,25.5,86.5,KHAGARIA,BIHAR,D105,GOGRI,1.51
27-11-2025,25.5,86.5,KHAGARIA,BIHAR,D105,GOGRI,1.62
28-11-2025,25.5,86.5,KHAGARIA,BIHAR,D105,GOGRI,1.79
29-11-2025,25.5,86.5,KHAGARIA,BIHAR,D105,GOGRI,1.84
30-11-2025,25.5,86.5,KHAGARIA,BIHAR,D105,GOGRI,1.66
01-12-2025,25.5,86.5,KHAGARIA,BIHAR,D105,GOGRI,1.72
02-12-2025,25.5,86.5,KHAGARIA,BIHAR,D105,GOGRI,1.9
03-12-2025,25.5,86.5,KHAGARIA,BIHAR,D105,GOGRI,1.86
04-12-2025,25.5,86.5,KHAGARIA,BIHAR,D105,GOGRI,1.87
05-12-2025,25.5,86.5,KHAGARIA,BIHAR,D105,GOGRI,2.09
06-12-2025,25.5,86.5,KHAGARIA,BIHAR,D105,GOGRI,2.05
07-12-2025,25.5,86.5,KHAGARIA,BIHAR,D105,GOGRI,2.04
08-12-2025,25.5,86.5,KHAGARIA,BIHAR,D105,GOGRI,1.94
09-12-2025,25.5,86.5,KHAGARIA,BIHAR,D105,GOGRI,2.04
10-12-2025,25.5,86.5,KHAGARIA,BIHAR,D105,GOGRI,2.06
11-12-2025,25.5,86.5,KHAGARIA,BIHAR,D105,GOGRI,2
12-12-2025,25.5,86.5,KHAGARIA,BIHAR,D105,GOGRI,1.68
13-12-2025,25.5,86.5,KHAGARIA,BIHAR,D105,GOGRI,1.67
14-12-2025,25.5,86.5,KHAGARIA,BIHAR,D105,GOGRI,1.79
15-12-2025,25.5,86.5,KHAGARIA,BIHAR,D105,GOGRI,1.58
16-12-2025,25.5,86.5,KHAGARIA,BIHAR,D105,GOGRI,1.7
17-12-2025,25.5,86.5,KHAGARIA,BIHAR,D105,GOGRI,1.45
18-12-2025,25.5,86.5,KHAGARIA,BIHAR,D105,GOGRI,1.47
19-12-2025,25.5,86.5,KHAGARIA,BIHAR,D105,GOGRI,1.7
20-12-2025,25.5,86.5,KHAGARIA,BIHAR,D105,GOGRI,1.79
21-12-2025,25.5,86.5,KHAGARIA,BIHAR,D105,GOGRI,1.53
22-12-2025,25.5,86.5,KHAGARIA,BIHAR,D105,GOGRI,1.75
23-12-2025,25.5,86.5,KHAGARIA,BIHAR,D105,GOGRI,1.79
24-12-2025,25.5,86.5,KHAGARIA,BIHAR,D105,GOGRI,1.59
25-12-2025,25.5,86.5,KHAGARIA,BIHAR,D105,GOGRI,1.61
26-12-2025,25.5,86.5,KHAGARIA,BIHAR,D105,GOGRI,1.74
27-12-2025,25.5,86.5,KHAGARIA,BIHAR,D105,GOGRI,1.99
28-12-2025,25.5,86.5,KHAGARIA,BIHAR,D105,GOGRI,1.98
29-12-2025,25.5,86.5,KHAGARIA,BIHAR,D105,GOGRI,2.11
30-12-2025,25.5,86.5,KHAGARIA,BIHAR,D105,GOGRI,1.99
31-12-2025,25.5,86.5,KHAGARIA,BIHAR,D105,GOGRI,1.78
01-01-2025,26.5,86.5,MADHUBANI,BIHAR,D109,BENIPATTI,1.79
02-01-2025,26.5,86.5,MADHUBANI,BIHAR,D109,BENIPATTI,1.62
03-01-2025,26.5,86.5,MADHUBANI,BIHAR,D109,BENIPATTI,1.72
04-01-2025,26.5,86.5,MADHUBANI,BIHAR,D109,BENIPATTI,1.68
05-01-2025,26.5,86.5,MADHUBANI,BIHAR,D109,BENIPATTI,1.58
06-01-2025,26.5,86.5,MADHUBANI,BIHAR,D109,BENIPATTI,1.81
07-01-2025,26.5,86.5,MADHUBANI,BIHAR,D109,BENIPATTI,1.85
08-01-2025,26.5,86.5,MADHUBANI,BIHAR,D109,BENIPATTI,2.07
09-01-2025,26.5,86.5,MADHUBANI,BIHAR,D109,BENIPATTI,2.18
10-01-2025,26.5,86.5,MADHUBANI,BIHAR,D109,BENIPATTI,2.04
11-01-2025,26.5,86.5,MADHUBANI,BIHAR,D109,BENIPATTI,2.06
12-01-2025,26.5,86.5,MADHUBANI,BIHAR,D109,BENIPATTI,2.03
13-01-2025,26.5,86.5,MADHUBANI,BIHAR,D109,BENIPATTI,1.67
14-01-2025,26.5,86.5,MADHUBANI,BIHAR,D109,BENIPATTI,1.43
15-01-2025,26.5,86.5,MADHUBANI,BIHAR,D109,BENIPATTI,1.53
16-01-2025,26.5,86.5,MADHUBANI,BIHAR,D109,BENIPATTI,1.4
17-01-2025,26.5,86.5,MADHUBANI,BIHAR,D109,BENIPATTI,1.57
18-01-2025,26.5,86.5,MADHUBANI,BIHAR,D109,BENIPATTI,1.79
19-01-2025,26.5,86.5,MADHUBANI,BIHAR,D109,BENIPATTI,1.84
20-01-2025,26.5,86.5,MADHUBANI,BIHAR,D109,BENIPATTI,1.79
21-01-2025,26.5,86.5,MADHUBANI,BIHAR,D109,BENIPATTI,1.67
22-01-2025,26.5,86.5,MADHUBANI,BIHAR,D109,BENIPATTI,1.52
23-01-2025,26.5,86.5,MADHUBANI,BIHAR,D109,BENIPATTI,2.18
24-01-2025,26.5,86.5,MADHUBANI,BIHAR,D109,BENIPATTI,2.12
25-01-2025,26.5,86.5,MADHUBANI,BIHAR,D109,BENIPATTI,2.05
26-01-2025,26.5,86.5,MADHUBANI,BIHAR,D109,BENIPATTI,1.97
27-01-2025,26.5,86.5,MADHUBANI,BIHAR,D109,BENIPATTI,1.78
28-01-2025,26.5,86.5,MADHUBANI,BIHAR,D109,BENIPATTI,1.91
29-01-2025,26.5,86.5,MADHUBANI,BIHAR,D109,BENIPATTI,1.54
30-01-2025,26.5,86.5,MADHUBANI,BIHAR,D109,BENIPATTI,1.6
31-01-2025,26.5,86.5,MADHUBANI,BIHAR,D109,BENIPATTI,1.75
01-02-2025,26.5,86.5,MADHUBANI,BIHAR,D109,BENIPATTI,1.8
02-02-2025,26.5,86.5,MADHUBANI,BIHAR,D109,BENIPATTI,1.49
03-02-2025,26.5,86.5,MADHUBANI,BIHAR,D109,BENIPATTI,1.33
04-02-2025,26.5,86.5,MADHUBANI,BIHAR,D109,BENIPATTI,1.42
05-02-2025,26.5,86.5,MADHUBANI,BIHAR,D109,BENIPATTI,1.49
06-02-2025,26.5,86.5,MADHUBANI,BIHAR,D109,BENIPATTI,1.52
07-02-2025,26.5,86.5,MADHUBANI,BIHAR,D109,BENIPATTI,1.48
08-02-2025,26.5,86.5,MADHUBANI,BIHAR,D109,BENIPATTI,1.7
09-02-2025,26.5,86.5,MADHUBANI,BIHAR,D109,BENIPATTI,1.52
10-02-2025,26.5,86.5,MADHUBANI,BIHAR,D109,BENIPATTI,1.53
11-02-2025,26.5,86.5,MADHUBANI,BIHAR,D109,BENIPATTI,1.62
12-02-2025,26.5,86.5,MADHUBANI,BIHAR,D109,BENIPATTI,1.76
13-02-2025,26.5,86.5,MADHUBANI,BIHAR,D109,BENIPATTI,1.65
14-02-2025,26.5,86.5,MADHUBANI,BIHAR,D109,BENIPATTI,1.64
15-02-2025,26.5,86.5,MADHUBANI,BIHAR,D109,BENIPATTI,1.76
16-02-2025,26.5,86.5,MADHUBANI,BIHAR,D109,BENIPATTI,1.61
17-02-2025,26.5,86.5,MADHUBANI,BIHAR,D109,BENIPATTI,1.44
18-02-2025,26.5,86.5,MADHUBANI,BIHAR,D109,BENIPATTI,1.55
19-02-2025,26.5,86.5,MADHUBANI,BIHAR,D109,BENIPATTI,1.9
20-02-2025,26.5,86.5,MADHUBANI,BIHAR,D109,BENIPATTI,2.04
21-02-2025,26.5,86.5,MADHUBANI,BIHAR,D109,BENIPATTI,2.04
22-02-2025,26.5,86.5,MADHUBANI,BIHAR,D109,BENIPATTI,2
23-02-2025,26.5,86.5,MADHUBANI,BIHAR,D109,BENIPATTI,1.53
24-02-2025,26.5,86.5,MADHUBANI,BIHAR,D109,BENIPATTI,1.57
25-02-2025,26.5,86.5,MADHUBANI,BIHAR,D109,BENIPATTI,1.69
26-02-2025,26.5,86.5,MADHUBANI,BIHAR,D109,BENIPATTI,1.74
27-02-2025,26.5,86.5,MADHUBANI,BIHAR,D109,BENIPATTI,1.63
28-02-2025,26.5,86.5,MADHUBANI,BIHAR,D109,BENIPATTI,1.63
29-02-2025,26.5,86.5,MADHUBANI,BIHAR,D109,BENIPATTI,1.44
01-03-2025,26.5,86.5,MADHUBANI,BIHAR,D109,BENIPATTI,1.77
02-03-2025,26.5,86.5,MADHUBANI,BIHAR,D109,BENIPATTI,1.71
03-03-2025,26.5,86.5,MADHUBANI,BIHAR,D109,BENIPATTI,1.5
04-03-2025,26.5,86.5,MADHUBANI,BIHAR,D109,BENIPATTI,1.42
05-03-2025,26.5,86.5,MADHUBANI,BIHAR,D109,BENIPATTI,1.63
06-03-2025,26.5,86.5,MADHUBANI,BIHAR,D109,BENIPATTI,1.73
07-03-2025,26.5,86.5,MADHUBANI,BIHAR,D109,BENIPATTI,1.5
08-03-2025,26.5,86.5,MADHUBANI,BIHAR,D109,BENIPATTI,1.79
09-03-2025,26.5,86.5,MADHUBANI,BIHAR,D109,BENIPATTI,1.86
10-03-2025,26.5,86.5,MADHUBANI,BIHAR,D109,BENIPATTI,1.76
11-03-2025,26.5,86.5,MADHUBANI,BIHAR,D109,BENIPATTI,1.55
12-03-2025,26.5,86.5,MADHUBANI,BIHAR,D109,BENIPATTI,1.41
13-03-2025,26.5,86.5,MADHUBANI,BIHAR,D109,BENIPATTI,1.7
14-03-2025,26.5,86.5,MADHUBANI,BIHAR,D109,BENIPATTI,1.64
15-03-2025,26.5,86.5,MADHUBANI,BIHAR,D109,BENIPATTI,1.78
16-03-2025,26.5,86.5,MADHUBANI,BIHAR,D109,BENIPATTI,2
17-03-2025,26.5,86.5,MADHUBANI,BIHAR,D109,BENIPATTI,1.78
18-03-2025,26.5,86.5,MADHUBANI,BIHAR,D109,BENIPATTI,1.75
19-03-2025,26.5,86.5,MADHUBANI,BIHAR,D109,BENIPATTI,1.67
20-03-2025,26.5,86.5,MADHUBANI,BIHAR,D109,BENIPATTI,1.77
21-03-2025,26.5,86.5,MADHUBANI,BIHAR,D109,BENIPATTI,1.92
22-03-2025,26.5,86.5,MADHUBANI,BIHAR,D109,BENIPATTI,1.74
23-03-2025,26.5,86.5,MADHUBANI,BIHAR,D109,BENIPATTI,1.63
24-03-2025,26.5,86.5,MADHUBANI,BIHAR,D109,BENIPATTI,1.38
25-03-2025,26.5,86.5,MADHUBANI,BIHAR,D109,BENIPATTI,1.49
26-03-2025,26.5,86.5,MADHUBANI,BIHAR,D109,BENIPATTI,1.65
27-03-2025,26.5,86.5,MADHUBANI,BIHAR,D109,BENIPATTI,1.64
28-03-2025,26.5,86.5,MADHUBANI,BIHAR,D109,BENIPATTI,1.27
29-03-2025,26.5,86.5,MADHUBANI,BIHAR,D109,BENIPATTI,1.28
30-03-2025,26.5,86.5,MADHUBANI,BIHAR,D109,BENIPATTI,1.47
31-03-2025,26.5,86.5,MADHUBANI,BIHAR,D109,BENIPATTI,1.64
01-04-2025,26.5,86.5,MADHUBANI,BIHAR,D109,BENIPATTI,1.48
02-04-2025,26.5,86.5,MADHUBANI,BIHAR,D109,BENIPATTI,1.65
03-04-2025,26.5,86.5,MADHUBANI,BIHAR,D109,BENIPATTI,1.56
04-04-2025,26.5,86.5,MADHUBANI,BIHAR,D109,BENIPATTI,1.72
05-04-2025,26.5,86.5,MADHUBANI,BIHAR,D109,BENIPATTI,1.46
06-04-2025,26.5,86.5,MADHUBANI,BIHAR,D109,BENIPATTI,1.55
07-04-2025,26.5,86.5,MADHUBANI,BIHAR,D109,BENIPATTI,1.7
08-04-2025,26.5,86.5,MADHUBANI,BIHAR,D109,BENIPATTI,1.56
09-04-2025,26.5,86.5,MADHUBANI,BIHAR,D109,BENIPATTI,1.2
10-04-2025,26.5,86.5,MADHUBANI,BIHAR,D109,BENIPATTI,1.35
11-04-2025,26.5,86.5,MADHUBANI,BIHAR,D109,BENIPATTI,1.64
12-04-2025,26.5,86.5,MADHUBANI,BIHAR,D109,BENIPATTI,1.7
13-04-2025,26.5,86.5,MADHUBANI,BIHAR,D109,BENIPATTI,1.57
14-04-2025,26.5,86.5,MADHUBANI,BIHAR,D109,BENIPATTI,1.41
15-04-2025,26.5,86.5,MADHUBANI,BIHAR,D109,BENIPATTI,1.26
16-04-2025,26.5,86.5,MADHUBANI,BIHAR,D109,BENIPATTI,1.37
17-04-2025,26.5,86.5,MADHUBANI,BIHAR,D109,BENIPATTI,1.22
18-04-2025,26.5,86.5,MADHUBANI,BIHAR,D109,BENIPATTI,1.16
19-04-2025,26.5,86.5,MADHUBANI,BIHAR,D109,BENIPATTI,1.59
20-04-2025,26.5,86.5,MADHUBANI,BIHAR,D109,BENIPATTI,1.4
21-04-2025,26.5,86.5,MADHUBANI,BIHAR,D109,BENIPATTI,1.48
22-04-2025,26.5,86.5,MADHUBANI,BIHAR,D109,BENIPATTI,1.4
23-04-2025,26.5,86.5,MADHUBANI,BIHAR,D109,BENIPATTI,1.25
24-04-2025,26.5,86.5,MADHUBANI,BIHAR,D109,BENIPATTI,1.31
25-04-2025,26.5,86.5,MADHUBANI,BIHAR,D109,BENIPATTI,1.21
26-04-2025,26.5,86.5,MADHUBANI,BIHAR,D109,BENIPATTI,1.38
27-04-2025,26.5,86.5,MADHUBANI,BIHAR,D109,BENIPATTI,1.27
28-04-2025,26.5,86.5,MADHUBANI,BIHAR,D109,BENIPATTI,1.23
29-04-2025,26.5,86.5,MADHUBANI,BIHAR,D109,BENIPATTI,1.27
30-04-2025,26.5,86.5,MADHUBANI,BIHAR,D109,BENIPATTI,1.44
01-05-2025,26.5,86.5,MADHUBANI,BIHAR,D109,BENIPATTI,1.37
02-05-2025,26.5,86.5,MADHUBANI,BIHAR,D109,BENIPATTI,1.19
03-05-2025,26.5,86.5,MADHUBANI,BIHAR,D109,BENIPATTI,1.17
04-05-2025,26.5,86.5,MADHUBANI,BIHAR,D109,BENIPATTI,1.4
05-05-2025,26.5,86.5,MADHUBANI,BIHAR,D109,BENIPATTI,1.04
06-05-2025,26.5,86.5,MADHUBANI,BIHAR,D109,BENIPATTI,0.99
07-05-2025,26.5,86.5,MADHUBANI,BIHAR,D109,BENIPATTI,1.01
08-05-2025,26.5,86.5,MADHUBANI,BIHAR,D109,BENIPATTI,1.28
09-05-2025,26.5,86.5,MADHUBANI,BIHAR,D109,BENIPATTI,1.17
10-05-2025,26.5,86.5,MADHUBANI,BIHAR,D109,BENIPATTI,1.4
11-05-2025,26.5,86.5,MADHUBANI,BIHAR,D109,BENIPATTI,1.29
12-05-2025,26.5,86.5,MADHUBANI,BIHAR,D109,BENIPATTI,1.46
13-05-2025,26.5,86.5,MADHUBANI,BIHAR,D109,BENIPATTI,1.52
14-05-2025,26.5,86.5,MADHUBANI,BIHAR,D109,BENIPATTI,1.56
15-05-2025,26.5,86.5,MADHUBANI,BIHAR,D109,BENIPATTI,1.4
16-05-2025,26.5,86.5,MADHUBANI,BIHAR,D109,BENIPATTI,1.17
17-05-2025,26.5,86.5,MADHUBANI,BIHAR,D109,BENIPATTI,1
18-05-2025,26.5,86.5,MADHUBANI,BIHAR,D109,BENIPATTI,1.18
19-05-2025,26.5,86.5,MADHUBANI,BIHAR,D109,BENIPATTI,1.15
20-05-2025,26.5,86.5,MADHUBANI,BIHAR,D109,BENIPATTI,1.24
21-05-2025,26.5,86.5,MADHUBANI,BIHAR,D109,BENIPATTI,1.42
22-05-2025,26.5,86.5,MADHUBANI,BIHAR,D109,BENIPATTI,1.18
23-05-2025,26.5,86.5,MADHUBANI,BIHAR,D109,BENIPATTI,1.18
24-05-2025,26.5,86.5,MADHUBANI,BIHAR,D109,BENIPATTI,1.25
25-05-2025,26.5,86.5,MADHUBANI,BIHAR,D109,BENIPATTI,1.29
26-05-2025,26.5,86.5,MADHUBANI,BIHAR,D109,BENIPATTI,1.37
27-05-2025,26.5,86.5,MADHUBANI,BIHAR,D109,BENIPATTI,1.29
28-05-2025,26.5,86.5,MADHUBANI,BIHAR,D109,BENIPATTI,1.28
29-05-2025,26.5,86.5,MADHUBANI,BIHAR,D109,BENIPATTI,1.33
30-05-2025,26.5,86.5,MADHUBANI,BIHAR,D109,BENIPATTI,1.19
31-05-2025,26.5,86.5,MADHUBANI,BIHAR,D109,BENIPATTI,1.38
01-06-2025,26.5,86.5,MADHUBANI,BIHAR,D109,BENIPATTI,1.33
02-06-2025,26.5,86.5,MADHUBANI,BIHAR,D109,BENIPATTI,1.24
03-06-2025,26.5,86.5,MADHUBANI,BIHAR,D109,BENIPATTI,1.17
04-06-2025,26.5,86.5,MADHUBANI,BIHAR,D109,BENIPATTI,1.39
05-06-2025,26.5,86.5,MADHUBANI,BIHAR,D109,BENIPATTI,1.52
06-06-2025,26.5,86.5,MADHUBANI,BIHAR,D109,BENIPATTI,1.22
07-06-2025,26.5,86.5,MADHUBANI,BIHAR,D109,BENIPATTI,1.23
08-06-2025,26.5,86.5,MADHUBANI,BIHAR,D109,BENIPATTI,1.32
09-06-2025,26.5,86.5,MADHUBANI,BIHAR,D109,BENIPATTI,1.26
10-06-2025,26.5,86.5,MADHUBANI,BIHAR,D109,BENIPATTI,1.08
11-06-2025,26.5,86.5,MADHUBANI,BIHAR,D109,BENIPATTI,1.07
12-06-2025,26.5,86.5,MADHUBANI,BIHAR,D109,BENIPATTI,0.91
13-06-2025,26.5,86.5,MADHUBANI,BIHAR,D109,BENIPATTI,0.88
14-06-2025,26.5,86.5,MADHUBANI,BIHAR,D109,BENIPATTI,1.09
15-06-2025,26.5,86.5,MADHUBANI,BIHAR,D109,BENIPATTI,0.98
16-06-2025,26.5,86.5,MADHUBANI,BIHAR,D109,BENIPATTI,0.92
17-06-2025,26.5,86.5,MADHUBANI,BIHAR,D109,BENIPATTI,0.97
18-06-2025,26.5,86.5,MADHUBANI,BIHAR,D109,BENIPATTI,0.94
19-06-2025,26.5,86.5,MADHUBANI,BIHAR,D109,BENIPATTI,1.05
20-06-2025,26.5,86.5,MADHUBANI,BIHAR,D109,BENIPATTI,1.2
21-06-2025,26.5,86.5,MADHUBANI,BIHAR,D109,BENIPATTI,1.05
22-06-2025,26.5,86.5,MADHUBANI,BIHAR,D109,BENIPATTI,0.88
23-06-2025,26.5,86.5,MADHUBANI,BIHAR,D109,BENIPATTI,0.81
24-06-2025,26.5,86.5,MADHUBANI,BIHAR,D109,BENIPATTI,1.06
25-06-2025,26.5,86.5,MADHUBANI,BIHAR,D109,BENIPATTI,1.09
26-06-2025,26.5,86.5,MADHUBANI,BIHAR,D109,BENIPATTI,0.88
27-06-2025,26.5,86.5,MADHUBANI,BIHAR,D109,BENIPATTI,0.83
28-06-2025,26.5,86.5,MADHUBANI,BIHAR,D109,BENIPATTI,0.83
29-06-2025,26.5,86.5,MADHUBANI,BIHAR,D109,BENIPATTI,0.78
30-06-2025,26.5,86.5,MADHUBANI,BIHAR,D109,BENIPATTI,0.89
01-07-2025,26.5,86.5,MADHUBANI,BIHAR,D109,BENIPATTI,0.89
02-07-2025,26.5,86.5,MADHUBANI,BIHAR,D109,BENIPATTI,0.88
03-07-2025,26.5,86.5,MADHUBANI,BIHAR,D109,BENIPATTI,0.74
04-07-2025,26.5,86.5,MADHUBANI,BIHAR,D109,BENIPATTI,0.74
05-07-2025,26.5,86.5,MADHUBANI,BIHAR,D109,BENIPATTI,0.82
06-07-2025,26.5,86.5,MADHUBANI,BIHAR,D109,BENIPATTI,1.06
07-07-2025,26.5,86.5,MADHUBANI,BIHAR,D109,BENIPATTI,0.83
08-07-2025,26.5,86.5,MADHUBANI,BIHAR,D109,BENIPATTI,0.92
09-07-2025,26.5,86.5,MADHUBANI,BIHAR,D109,BENIPATTI,0.82
10-07-2025,26.5,86.5,MADHUBANI,BIHAR,D109,BENIPATTI,0.99
11-07-2025,26.5,86.5,MADHUBANI,BIHAR,D109,BENIPATTI,0.93
12-07-2025,26.5,86.5,MADHUBANI,BIHAR,D109,BENIPATTI,0.97
13-07-2025,26.5,86.5,MADHUBANI,BIHAR,D109,BENIPATTI,1.05
14-07-2025,26.5,86.5,MADHUBANI,BIHAR,D109,BENIPATTI,1.17
15-07-2025,26.5,86.5,MADHUBANI,BIHAR,D109,BENIPATTI,0.88
16-07-2025,26.5,86.5,MADHUBANI,BIHAR,D109,BENIPATTI,0.91
17-07-2025,26.5,86.5,MADHUBANI,BIHAR,D109,BENIPATTI,0.93
18-07-2025,26.5,86.5,MADHUBANI,BIHAR,D109,BENIPATTI,0.84
19-07-2025,26.5,86.5,MADHUBANI,BIHAR,D109,BENIPATTI,1.03
20-07-2025,26.5,86.5,MADHUBANI,BIHAR,D109,BENIPATTI,1.07
21-07-2025,26.5,86.5,MADHUBANI,BIHAR,D109,BENIPATTI,0.95
22-07-2025,26.5,86.5,MADHUBANI,BIHAR,D109,BENIPATTI,0.85
23-07-2025,26.5,86.5,MADHUBANI,BIHAR,D109,BENIPATTI,0.82
24-07-2025,26.5,86.5,MADHUBANI,BIHAR,D109,BENIPATTI,0.83
25-07-2025,26.5,86.5,MADHUBANI,BIHAR,D109,BENIPATTI,0.7
26-07-2025,26.5,86.5,MADHUBANI,BIHAR,D109,BENIPATTI,0.65
27-07-2025,26.5,86.5,MADHUBANI,BIHAR,D109,BENIPATTI,0.75
28-07-2025,26.5,86.5,MADHUBANI,BIHAR,D109,BENIPATTI,0.76
29-07-2025,26.5,86.5,MADHUBANI,BIHAR,D109,BENIPATTI,0.78
30-07-2025,26.5,86.5,MADHUBANI,BIHAR,D109,BENIPATTI,0.71
31-07-2025,26.5,86.5,MADHUBANI,BIHAR,D109,BENIPATTI,0.73
01-08-2025,26.5,86.5,MADHUBANI,BIHAR,D109,BENIPATTI,0.68
02-08-2025,26.5,86.5,MADHUBANI,BIHAR,D109,BENIPATTI,0.75
03-08-2025,26.5,86.5,MADHUBANI,BIHAR,D109,BENIPATTI,0.74
04-08-2025,26.5,86.5,MADHUBANI,BIHAR,D109,BENIPATTI,0.87
05-08-2025,26.5,86.5,MADHUBANI,BIHAR,D109,BENIPATTI,0.89
06-08-2025,26.5,86.5,MADHUBANI,BIHAR,D109,BENIPATTI,0.95
07-08-2025,26.5,86.5,MADHUBANI,BIHAR,D109,BENIPATTI,0.92
08-08-2025,26.5,86.5,MADHUBANI,BIHAR,D109,BENIPATTI,0.8
09-08-2025,26.5,86.5,MADHUBANI,BIHAR,D109,BENIPATTI,0.79
10-08-2025,26.5,86.5,MADHUBANI,BIHAR,D109,BENIPATTI,0.87
11-08-2025,26.5,86.5,MADHUBANI,BIHAR,D109,BENIPATTI,0.88
12-08-2025,26.5,86.5,MADHUBANI,BIHAR,D109,BENIPATTI,0.88
13-08-2025,26.5,86.5,MADHUBANI,BIHAR,D109,BENIPATTI,0.85
14-08-2025,26.5,86.5,MADHUBANI,BIHAR,D109,BENIPATTI,1.04
15-08-2025,26.5,86.5,MADHUBANI,BIHAR,D109,BENIPATTI,1.01
16-08-2025,26.5,86.5,MADHUBANI,BIHAR,D109,BENIPATTI,0.99
17-08-2025,26.5,86.5,MADHUBANI,BIHAR,D109,BENIPATTI,0.99
18-08-2025,26.5,86.5,MADHUBANI,BIHAR,D109,BENIPATTI,1.12
19-08-2025,26.5,86.5,MADHUBANI,BIHAR,D109,BENIPATTI,0.96
20-08-2025,26.5,86.5,MADHUBANI,BIHAR,D109,BENIPATTI,0.97
21-08-2025,26.5,86.5,MADHUBANI,BIHAR,D109,BENIPATTI,0.95
22-08-2025,26.5,86.5,MADHUBANI,BIHAR,D109,BENIPATTI,0.97
23-08-2025,26.5,86.5,MADHUBANI,BIHAR,D109,BENIPATTI,0.86
24-08-2025,26.5,86.5,MADHUBANI,BIHAR,D109,BENIPATTI,0.67
25-08-2025,26.5,86.5,MADHUBANI,BIHAR,D109,BENIPATTI,0.73
26-08-2025,26.5,86.5,MADHUBANI,BIHAR,D109,BENIPATTI,0.78
27-08-2025,26.5,86.5,MADHUBANI,BIHAR,D109,BENIPATTI,0.84
28-08-2025,26.5,86.5,MADHUBANI,BIHAR,D109,BENIPATTI,0.78
29-08-2025,26.5,86.5,MADHUBANI,BIHAR,D109,BENIPATTI,0.82
30-08-2025,26.5,86.5,MADHUBANI,BIHAR,D109,BENIPATTI,0.74
31-08-2025,26.5,86.5,MADHUBANI,BIHAR,D109,BENIPATTI,0.82
01-09-2025,26.5,86.5,MADHUBANI,BIHAR,D109,BENIPATTI,0.96
02-09-2025,26.5,86.5,MADHUBANI,BIHAR,D109,BENIPATTI,0.98
03-09-2025,26.5,86.5,MADHUBANI,BIHAR,D109,BENIPATTI,0.64
04-09-2025,26.5,86.5,MADHUBANI,BIHAR,D109,BENIPATTI,0.8
05-09-2025,26.5,86.5,MADHUBANI,BIHAR,D109,BENIPATTI,1.01
06-09-2025,26.5,86.5,MADHUBANI,BIHAR,D109,BENIPATTI,1.05
07-09-2025,26.5,86.5,MADHUBANI,BIHAR,D109,BENIPATTI,0.91
08-09-2025,26.5,86.5,MADHUBANI,BIHAR,D109,BENIPATTI,0.91
09-09-2025,26.5,86.5,MADHUBANI,BIHAR,D109,BENIPATTI,0.84
10-09-2025,26.5,86.5,MADHUBANI,BIHAR,D109,BENIPATTI,0.86
11-09-2025,26.5,86.5,MADHUBANI,BIHAR,D109,BENIPATTI,0.87
12-09-2025,26.5,86.5,MADHUBANI,BIHAR,D109,BENIPATTI,1.1
13-09-2025,26.5,86.5,MADHUBANI,BIHAR,D109,BENIPATTI,1.05
14-09-2025,26.5,86.5,MADHUBANI,BIHAR,D109,BENIPATTI,0.91
15-09-2025,26.5,86.5,MADHUBANI,BIHAR,D109,BENIPATTI,0.95
16-09-2025,26.5,86.5,MADHUBANI,BIHAR,D109,BENIPATTI,0.88
17-09-2025,26.5,86.5,MADHUBANI,BIHAR,D109,BENIPATTI,0.99
18-09-2025,26.5,86.5,MADHUBANI,BIHAR,D109,BENIPATTI,0.83
19-09-2025,26.5,86.5,MADHUBANI,BIHAR,D109,BENIPATTI,0.99
20-09-2025,26.5,86.5,MADHUBANI,BIHAR,D109,BENIPATTI,0.9
21-09-2025,26.5,86.5,MADHUBANI,BIHAR,D109,BENIPATTI,0.84
22-09-2025,26.5,86.5,MADHUBANI,BIHAR,D109,BENIPATTI,0.99
23-09-2025,26.5,86.5,MADHUBANI,BIHAR,D109,BENIPATTI,0.93
24-09-2025,26.5,86.5,MADHUBANI,BIHAR,D109,BENIPATTI,1.08
25-09-2025,26.5,86.5,MADHUBANI,BIHAR,D109,BENIPATTI,1.2
26-09-2025,26.5,86.5,MADHUBANI,BIHAR,D109,BENIPATTI,1.42
27-09-2025,26.5,86.5,MADHUBANI,BIHAR,D109,BENIPATTI,1.38
28-09-2025,26.5,86.5,MADHUBANI,BIHAR,D109,BENIPATTI,1.28
29-09-2025,26.5,86.5,MADHUBANI,BIHAR,D109,BENIPATTI,1.24
30-09-2025,26.5,86.5,MADHUBANI,BIHAR,D109,BENIPATTI,1.18
01-10-2025,26.5,86.5,MADHUBANI,BIHAR,D109,BENIPATTI,1.04
02-10-2025,26.5,86.5,MADHUBANI,BIHAR,D109,BENIPATTI,1.13
03-10-2025,26.5,86.5,MADHUBANI,BIHAR,D109,BENIPATTI,1.1
04-10-2025,26.5,86.5,MADHUBANI,BIHAR,D109,BENIPATTI,0.92
05-10-2025,26.5,86.5,MADHUBANI,BIHAR,D109,BENIPATTI,1.05
06-10-2025,26.5,86.5,MADHUBANI,BIHAR,D109,BENIPATTI,1.18
07-10-2025,26.5,86.5,MADHUBANI,BIHAR,D109,BENIPATTI,1.06
08-10-2025,26.5,86.5,MADHUBANI,BIHAR,D109,BENIPATTI,1.18
09-10-2025,26.5,86.5,MADHUBANI,BIHAR,D109,BENIPATTI,1.18
10-10-2025,26.5,86.5,MADHUBANI,BIHAR,D109,BENIPATTI,1.17
11-10-2025,26.5,86.5,MADHUBANI,BIHAR,D109,BENIPATTI,1.02
12-10-2025,26.5,86.5,MADHUBANI,BIHAR,D109,BENIPATTI,1.07
13-10-2025,26.5,86.5,MADHUBANI,BIHAR,D109,BENIPATTI,1.25
14-10-2025,26.5,86.5,MADHUBANI,BIHAR,D109,BENIPATTI,1.25
15-10-2025,26.5,86.5,MADHUBANI,BIHAR,D109,BENIPATTI,1.37
16-10-2025,26.5,86.5,MADHUBANI,BIHAR,D109,BENIPATTI,1.47
17-10-2025,26.5,86.5,MADHUBANI,BIHAR,D109,BENIPATTI,1.43
18-10-2025,26.5,86.5,MADHUBANI,BIHAR,D109,BENIPATTI,1.44
19-10-2025,26.5,86.5,MADHUBANI,BIHAR,D109,BENIPATTI,1.33
20-10-2025,26.5,86.5,MADHUBANI,BIHAR,D109,BENIPATTI,1.38
21-10-2025,26.5,86.5,MADHUBANI,BIHAR,D109,BENIPATTI,1.31
22-10-2025,26.5,86.5,MADHUBANI,BIHAR,D109,BENIPATTI,1.16
23-10-2025,26.5,86.5,MADHUBANI,BIHAR,D109,BENIPATTI,1.24
24-10-2025,26.5,86.5,MADHUBANI,BIHAR,D109,BENIPATTI,1.53
25-10-2025,26.5,86.5,MADHUBANI,BIHAR,D109,BENIPATTI,1.48
26-10-2025,26.5,86.5,MADHUBANI,BIHAR,D109,BENIPATTI,1.39
27-10-2025,26.5,86.5,MADHUBANI,BIHAR,D109,BENIPATTI,1.36
28-10-2025,26.5,86.5,MADHUBANI,BIHAR,D109,BENIPATTI,1.46
29-10-2025,26.5,86.5,MADHUBANI,BIHAR,D109,BENIPATTI,1.6
30-10-2025,26.5,86.5,MADHUBANI,BIHAR,D109,BENIPATTI,1.55
31-10-2025,26.5,86.5,MADHUBANI,BIHAR,D109,BENIPATTI,1.39
01-11-2025,26.5,86.5,MADHUBANI,BIHAR,D109,BENIPATTI,1.49
02-11-2025,26.5,86.5,MADHUBANI,BIHAR,D109,BENIPATTI,1.47
03-11-2025,26.5,86.5,MADHUBANI,BIHAR,D109,BENIPATTI,1.59
04-11-2025,26.5,86.5,MADHUBANI,BIHAR,D109,BENIPATTI,1.56
05-11-2025,26.5,86.5,MADHUBANI,BIHAR,D109,BENIPATTI,1.33
06-11-2025,26.5,86.5,MADHUBANI,BIHAR,D109,BENIPATTI,1.27
07-11-2025,26.5,86.5,MADHUBANI,BIHAR,D109,BENIPATTI,1.28
08-11-2025,26.5,86.5,MADHUBANI,BIHAR,D109,BENIPATTI,1.31
09-11-2025,26.5,86.5,MADHUBANI,BIHAR,D109,BENIPATTI,1.42
10-11-2025,26.5,86.5,MADHUBANI,BIHAR,D109,BENIPATTI,1.4
11-11-2025,26.5,86.5,MADHUBANI,BIHAR,D109,BENIPATTI,1.4
12-11-2025,26.5,86.5,MADHUBANI,BIHAR,D109,BENIPATTI,1.3
13-11-2025,26.5,86.5,MADHUBANI,BIHAR,D109,BENIPATTI,1.43
14-11-2025,26.5,86.5,MADHUBANI,BIHAR,D109,BENIPATTI,1.37
15-11-2025,26.5,86.5,MADHUBANI,BIHAR,D109,BENIPATTI,1.44
16-11-2025,26.5,86.5,MADHUBANI,BIHAR,D109,BENIPATTI,1.49
17-11-2025,26.5,86.5,MADHUBANI,BIHAR,D109,BENIPATTI,1.59
18-11-2025,26.5,86.5,MADHUBANI,BIHAR,D109,BENIPATTI,1.55
19-11-2025,26.5,86.5,MADHUBANI,BIHAR,D109,BENIPATTI,1.51
20-11-2025,26.5,86.5,MADHUBANI,BIHAR,D109,BENIPATTI,1.48
21-11-2025,26.5,86.5,MADHUBANI,BIHAR,D109,BENIPATTI,1.5
22-11-2025,26.5,86.5,MADHUBANI,BIHAR,D109,BENIPATTI,1.48
23-11-2025,26.5,86.5,MADHUBANI,BIHAR,D109,BENIPATTI,1.28
24-11-2025,26.5,86.5,MADHUBANI,BIHAR,D109,BENIPATTI,1.24
25-11-2025,26.5,86.5,MADHUBANI,BIHAR,D109,BENIPATTI,1.32
26-11-2025,26.5,86.5,MADHUBANI,BIHAR,D109,BENIPATTI,1.32
27-11-2025,26.5,86.5,MADHUBANI,BIHAR,D109,BENIPATTI,1.5
28-11-2025,26.5,86.5,MADHUBANI,BIHAR,D109,BENIPATTI,1.58
29-11-2025,26.5,86.5,MADHUBANI,BIHAR,D109,BENIPATTI,1.51
30-11-2025,26.5,86.5,MADHUBANI,BIHAR,D109,BENIPATTI,1.38
01-12-2025,26.5,86.5,MADHUBANI,BIHAR,D109,BENIPATTI,1.41
02-12-2025,26.5,86.5,MADHUBANI,BIHAR,D109,BENIPATTI,1.62
03-12-2025,26.5,86.5,MADHUBANI,BIHAR,D109,BENIPATTI,1.57
04-12-2025,26.5,86.5,MADHUBANI,BIHAR,D109,BENIPATTI,1.57
05-12-2025,26.5,86.5,MADHUBANI,BIHAR,D109,BENIPATTI,1.65
06-12-2025,26.5,86.5,MADHUBANI,BIHAR,D109,BENIPATTI,1.64
07-12-2025,26.5,86.5,MADHUBANI,BIHAR,D109,BENIPATTI,1.78
08-12-2025,26.5,86.5,MADHUBANI,BIHAR,D109,BENIPATTI,1.69
09-12-2025,26.5,86.5,MADHUBANI,BIHAR,D109,BENIPATTI,1.81
10-12-2025,26.5,86.5,MADHUBANI,BIHAR,D109,BENIPATTI,1.8
11-12-2025,26.5,86.5,MADHUBANI,BIHAR,D109,BENIPATTI,1.71
12-12-2025,26.5,86.5,MADHUBANI,BIHAR,D109,BENIPATTI,1.48
13-12-2025,26.5,86.5,MADHUBANI,BIHAR,D109,BENIPATTI,1.48
14-12-2025,26.5,86.5,MADHUBANI,BIHAR,D109,BENIPATTI,1.59
15-12-2025,26.5,86.5,MADHUBANI,BIHAR,D109,BENIPATTI,1.28
16-12-2025,26.5,86.5,MADHUBANI,BIHAR,D109,BENIPATTI,1.36
17-12-2025,26.5,86.5,MADHUBANI,BIHAR,D109,BENIPATTI,1.25
18-12-2025,26.5,86.5,MADHUBANI,BIHAR,D109,BENIPATTI,1.42
19-12-2025,26.5,86.5,MADHUBANI,BIHAR,D109,BENIPATTI,1.55
20-12-2025,26.5,86.5,MADHUBANI,BIHAR,D109,BENIPATTI,1.68
21-12-2025,26.5,86.5,MADHUBANI,BIHAR,D109,BENIPATTI,1.47
22-12-2025,26.5,86.5,MADHUBANI,BIHAR,D109,BENIPATTI,1.63
23-12-2025,26.5,86.5,MADHUBANI,BIHAR,D109,BENIPATTI,1.66
24-12-2025,26.5,86.5,MADHUBANI,BIHAR,D109,BENIPATTI,1.41
25-12-2025,26.5,86.5,MADHUBANI,BIHAR,D109,BENIPATTI,1.41
26-12-2025,26.5,86.5,MADHUBANI,BIHAR,D109,BENIPATTI,1.47
27-12-2025,26.5,86.5,MADHUBANI,BIHAR,D109,BENIPATTI,1.8
28-12-2025,26.5,86.5,MADHUBANI,BIHAR,D109,BENIPATTI,1.8
29-12-2025,26.5,86.5,MADHUBANI,BIHAR,D109,BENIPATTI,1.78
30-12-2025,26.5,86.5,MADHUBANI,BIHAR,D109,BENIPATTI,1.62
31-12-2025,26.5,86.5,MADHUBANI,BIHAR,D109,BENIPATTI,1.55
01-01-2025,26.5,85.5,SITAMARHI,BIHAR,D124,RUNISAIDPUR,2.17
02-01-2025,26.5,85.5,SITAMARHI,BIHAR,D124,RUNISAIDPUR,2.07
03-01-2025,26.5,85.5,SITAMARHI,BIHAR,D124,RUNISAIDPUR,2.21
04-01-2025,26.5,85.5,SITAMARHI,BIHAR,D124,RUNISAIDPUR,2.12
05-01-2025,26.5,85.5,SITAMARHI,BIHAR,D124,RUNISAIDPUR,2.1
06-01-2025,26.5,85.5,SITAMARHI,BIHAR,D124,RUNISAIDPUR,2.14
07-01-2025,26.5,85.5,SITAMARHI,BIHAR,D124,RUNISAIDPUR,2.36
08-01-2025,26.5,85.5,SITAMARHI,BIHAR,D124,RUNISAIDPUR,2.5
09-01-2025,26.5,85.5,SITAMARHI,BIHAR,D124,RUNISAIDPUR,2.61
10-01-2025,26.5,85.5,SITAMARHI,BIHAR,D124,RUNISAIDPUR,2.5
11-01-2025,26.5,85.5,SITAMARHI,BIHAR,D124,RUNISAIDPUR,2.33
12-01-2025,26.5,85.5,SITAMARHI,BIHAR,D124,RUNISAIDPUR,2.24
13-01-2025,26.5,85.5,SITAMARHI,BIHAR,D124,RUNISAIDPUR,1.92
14-01-2025,26.5,85.5,SITAMARHI,BIHAR,D124,RUNISAIDPUR,1.69
15-01-2025,26.5,85.5,SITAMARHI,BIHAR,D124,RUNISAIDPUR,1.85
16-01-2025,26.5,85.5,SITAMARHI,BIHAR,D124,RUNISAIDPUR,1.78
17-01-2025,26.5,85.5,SITAMARHI,BIHAR,D124,RUNISAIDPUR,1.87
18-01-2025,26.5,85.5,SITAMARHI,BIHAR,D124,RUNISAIDPUR,2.3
19-01-2025,26.5,85.5,SITAMARHI,BIHAR,D124,RUNISAIDPUR,2.36
20-01-2025,26.5,85.5,SITAMARHI,BIHAR,D124,RUNISAIDPUR,2.24
21-01-2025,26.5,85.5,SITAMARHI,BIHAR,D124,RUNISAIDPUR,1.88
22-01-2025,26.5,85.5,SITAMARHI,BIHAR,D124,RUNISAIDPUR,1.84
23-01-2025,26.5,85.5,SITAMARHI,BIHAR,D124,RUNISAIDPUR,2.47
24-01-2025,26.5,85.5,SITAMARHI,BIHAR,D124,RUNISAIDPUR,2.32
25-01-2025,26.5,85.5,SITAMARHI,BIHAR,D124,RUNISAIDPUR,2.26
26-01-2025,26.5,85.5,SITAMARHI,BIHAR,D124,RUNISAIDPUR,2.19
27-01-2025,26.5,85.5,SITAMARHI,BIHAR,D124,RUNISAIDPUR,1.96
28-01-2025,26.5,85.5,SITAMARHI,BIHAR,D124,RUNISAIDPUR,2.07
29-01-2025,26.5,85.5,SITAMARHI,BIHAR,D124,RUNISAIDPUR,1.75
30-01-2025,26.5,85.5,SITAMARHI,BIHAR,D124,RUNISAIDPUR,1.78
31-01-2025,26.5,85.5,SITAMARHI,BIHAR,D124,RUNISAIDPUR,1.95
01-02-2025,26.5,85.5,SITAMARHI,BIHAR,D124,RUNISAIDPUR,1.92
02-02-2025,26.5,85.5,SITAMARHI,BIHAR,D124,RUNISAIDPUR,1.75
03-02-2025,26.5,85.5,SITAMARHI,BIHAR,D124,RUNISAIDPUR,1.49
04-02-2025,26.5,85.5,SITAMARHI,BIHAR,D124,RUNISAIDPUR,1.64
05-02-2025,26.5,85.5,SITAMARHI,BIHAR,D124,RUNISAIDPUR,1.69
06-02-2025,26.5,85.5,SITAMARHI,BIHAR,D124,RUNISAIDPUR,1.64
07-02-2025,26.5,85.5,SITAMARHI,BIHAR,D124,RUNISAIDPUR,1.76
08-02-2025,26.5,85.5,SITAMARHI,BIHAR,D124,RUNISAIDPUR,1.94
09-02-2025,26.5,85.5,SITAMARHI,BIHAR,D124,RUNISAIDPUR,1.66
10-02-2025,26.5,85.5,SITAMARHI,BIHAR,D124,RUNISAIDPUR,1.8
11-02-2025,26.5,85.5,SITAMARHI,BIHAR,D124,RUNISAIDPUR,1.8
12-02-2025,26.5,85.5,SITAMARHI,BIHAR,D124,RUNISAIDPUR,2.02
13-02-2025,26.5,85.5,SITAMARHI,BIHAR,D124,RUNISAIDPUR,1.94
14-02-2025,26.5,85.5,SITAMARHI,BIHAR,D124,RUNISAIDPUR,1.71
15-02-2025,26.5,85.5,SITAMARHI,BIHAR,D124,RUNISAIDPUR,1.94
16-02-2025,26.5,85.5,SITAMARHI,BIHAR,D124,RUNISAIDPUR,1.74
17-02-2025,26.5,85.5,SITAMARHI,BIHAR,D124,RUNISAIDPUR,1.56
18-02-2025,26.5,85.5,SITAMARHI,BIHAR,D124,RUNISAIDPUR,1.73
19-02-2025,26.5,85.5,SITAMARHI,BIHAR,D124,RUNISAIDPUR,1.96
20-02-2025,26.5,85.5,SITAMARHI,BIHAR,D124,RUNISAIDPUR,2.2
21-02-2025,26.5,85.5,SITAMARHI,BIHAR,D124,RUNISAIDPUR,2.15
22-02-2025,26.5,85.5,SITAMARHI,BIHAR,D124,RUNISAIDPUR,2.03
23-02-2025,26.5,85.5,SITAMARHI,BIHAR,D124,RUNISAIDPUR,1.53
24-02-2025,26.5,85.5,SITAMARHI,BIHAR,D124,RUNISAIDPUR,1.62
25-02-2025,26.5,85.5,SITAMARHI,BIHAR,D124,RUNISAIDPUR,1.79
26-02-2025,26.5,85.5,SITAMARHI,BIHAR,D124,RUNISAIDPUR,1.82
27-02-2025,26.5,85.5,SITAMARHI,BIHAR,D124,RUNISAIDPUR,1.73
28-02-2025,26.5,85.5,SITAMARHI,BIHAR,D124,RUNISAIDPUR,1.79
29-02-2025,26.5,85.5,SITAMARHI,BIHAR,D124,RUNISAIDPUR,1.69
01-03-2025,26.5,85.5,SITAMARHI,BIHAR,D124,RUNISAIDPUR,1.94
02-03-2025,26.5,85.5,SITAMARHI,BIHAR,D124,RUNISAIDPUR,1.84
03-03-2025,26.5,85.5,SITAMARHI,BIHAR,D124,RUNISAIDPUR,1.75
04-03-2025,26.5,85.5,SITAMARHI,BIHAR,D124,RUNISAIDPUR,1.49
05-03-2025,26.5,85.5,SITAMARHI,BIHAR,D124,RUNISAIDPUR,1.86
06-03-2025,26.5,85.5,SITAMARHI,BIHAR,D124,RUNISAIDPUR,1.87
07-03-2025,26.5,85.5,SITAMARHI,BIHAR,D124,RUNISAIDPUR,1.66
08-03-2025,26.5,85.5,SITAMARHI,BIHAR,D124,RUNISAIDPUR,1.96
09-03-2025,26.5,85.5,SITAMARHI,BIHAR,D124,RUNISAIDPUR,1.93
10-03-2025,26.5,85.5,SITAMARHI,BIHAR,D124,RUNISAIDPUR,1.81
11-03-2025,26.5,85.5,SITAMARHI,BIHAR,D124,RUNISAIDPUR,1.64
12-03-2025,26.5,85.5,SITAMARHI,BIHAR,D124,RUNISAIDPUR,1.57
13-03-2025,26.5,85.5,SITAMARHI,BIHAR,D124,RUNISAIDPUR,1.84
14-03-2025,26.5,85.5,SITAMARHI,BIHAR,D124,RUNISAIDPUR,1.73
15-03-2025,26.5,85.5,SITAMARHI,BIHAR,D124,RUNISAIDPUR,1.73
16-03-2025,26.5,85.5,SITAMARHI,BIHAR,D124,RUNISAIDPUR,2.01
17-03-2025,26.5,85.5,SITAMARHI,BIHAR,D124,RUNISAIDPUR,1.91
18-03-2025,26.5,85.5,SITAMARHI,BIHAR,D124,RUNISAIDPUR,1.71
19-03-2025,26.5,85.5,SITAMARHI,BIHAR,D124,RUNISAIDPUR,1.69
20-03-2025,26.5,85.5,SITAMARHI,BIHAR,D124,RUNISAIDPUR,1.82
21-03-2025,26.5,85.5,SITAMARHI,BIHAR,D124,RUNISAIDPUR,1.9
22-03-2025,26.5,85.5,SITAMARHI,BIHAR,D124,RUNISAIDPUR,1.54
23-03-2025,26.5,85.5,SITAMARHI,BIHAR,D124,RUNISAIDPUR,1.58
24-03-2025,26.5,85.5,SITAMARHI,BIHAR,D124,RUNISAIDPUR,1.45
25-03-2025,26.5,85.5,SITAMARHI,BIHAR,D124,RUNISAIDPUR,1.58
26-03-2025,26.5,85.5,SITAMARHI,BIHAR,D124,RUNISAIDPUR,1.68
27-03-2025,26.5,85.5,SITAMARHI,BIHAR,D124,RUNISAIDPUR,1.79
28-03-2025,26.5,85.5,SITAMARHI,BIHAR,D124,RUNISAIDPUR,1.41
29-03-2025,26.5,85.5,SITAMARHI,BIHAR,D124,RUNISAIDPUR,1.43
30-03-2025,26.5,85.5,SITAMARHI,BIHAR,D124,RUNISAIDPUR,1.52
31-03-2025,26.5,85.5,SITAMARHI,BIHAR,D124,RUNISAIDPUR,1.76
01-04-2025,26.5,85.5,SITAMARHI,BIHAR,D124,RUNISAIDPUR,1.55
02-04-2025,26.5,85.5,SITAMARHI,BIHAR,D124,RUNISAIDPUR,1.72
03-04-2025,26.5,85.5,SITAMARHI,BIHAR,D124,RUNISAIDPUR,1.68
04-04-2025,26.5,85.5,SITAMARHI,BIHAR,D124,RUNISAIDPUR,1.84
05-04-2025,26.5,85.5,SITAMARHI,BIHAR,D124,RUNISAIDPUR,1.68
06-04-2025,26.5,85.5,SITAMARHI,BIHAR,D124,RUNISAIDPUR,1.8
07-04-2025,26.5,85.5,SITAMARHI,BIHAR,D124,RUNISAIDPUR,1.81
08-04-2025,26.5,85.5,SITAMARHI,BIHAR,D124,RUNISAIDPUR,1.76
09-04-2025,26.5,85.5,SITAMARHI,BIHAR,D124,RUNISAIDPUR,1.31
10-04-2025,26.5,85.5,SITAMARHI,BIHAR,D124,RUNISAIDPUR,1.28
11-04-2025,26.5,85.5,SITAMARHI,BIHAR,D124,RUNISAIDPUR,1.74
12-04-2025,26.5,85.5,SITAMARHI,BIHAR,D124,RUNISAIDPUR,1.88
13-04-2025,26.5,85.5,SITAMARHI,BIHAR,D124,RUNISAIDPUR,1.63
14-04-2025,26.5,85.5,SITAMARHI,BIHAR,D124,RUNISAIDPUR,1.48
15-04-2025,26.5,85.5,SITAMARHI,BIHAR,D124,RUNISAIDPUR,1.31
16-04-2025,26.5,85.5,SITAMARHI,BIHAR,D124,RUNISAIDPUR,1.45
17-04-2025,26.5,85.5,SITAMARHI,BIHAR,D124,RUNISAIDPUR,1.3
18-04-2025,26.5,85.5,SITAMARHI,BIHAR,D124,RUNISAIDPUR,1.38
19-04-2025,26.5,85.5,SITAMARHI,BIHAR,D124,RUNISAIDPUR,1.71
20-04-2025,26.5,85.5,SITAMARHI,BIHAR,D124,RUNISAIDPUR,1.62
21-04-2025,26.5,85.5,SITAMARHI,BIHAR,D124,RUNISAIDPUR,1.73
22-04-2025,26.5,85.5,SITAMARHI,BIHAR,D124,RUNISAIDPUR,1.7
23-04-2025,26.5,85.5,SITAMARHI,BIHAR,D124,RUNISAIDPUR,1.44
24-04-2025,26.5,85.5,SITAMARHI,BIHAR,D124,RUNISAIDPUR,1.42
25-04-2025,26.5,85.5,SITAMARHI,BIHAR,D124,RUNISAIDPUR,1.25
26-04-2025,26.5,85.5,SITAMARHI,BIHAR,D124,RUNISAIDPUR,1.52
27-04-2025,26.5,85.5,SITAMARHI,BIHAR,D124,RUNISAIDPUR,1.5
28-04-2025,26.5,85.5,SITAMARHI,BIHAR,D124,RUNISAIDPUR,1.25
29-04-2025,26.5,85.5,SITAMARHI,BIHAR,D124,RUNISAIDPUR,1.37
30-04-2025,26.5,85.5,SITAMARHI,BIHAR,D124,RUNISAIDPUR,1.57
01-05-2025,26.5,85.5,SITAMARHI,BIHAR,D124,RUNISAIDPUR,1.42
02-05-2025,26.5,85.5,SITAMARHI,BIHAR,D124,RUNISAIDPUR,1.3
03-05-2025,26.5,85.5,SITAMARHI,BIHAR,D124,RUNISAIDPUR,1.34
04-05-2025,26.5,85.5,SITAMARHI,BIHAR,D124,RUNISAIDPUR,1.51
05-05-2025,26.5,85.5,SITAMARHI,BIHAR,D124,RUNISAIDPUR,1.17
06-05-2025,26.5,85.5,SITAMARHI,BIHAR,D124,RUNISAIDPUR,1.09
07-05-2025,26.5,85.5,SITAMARHI,BIHAR,D124,RUNISAIDPUR,1.05
08-05-2025,26.5,85.5,SITAMARHI,BIHAR,D124,RUNISAIDPUR,1.35
09-05-2025,26.5,85.5,SITAMARHI,BIHAR,D124,RUNISAIDPUR,1.28
10-05-2025,26.5,85.5,SITAMARHI,BIHAR,D124,RUNISAIDPUR,1.49
11-05-2025,26.5,85.5,SITAMARHI,BIHAR,D124,RUNISAIDPUR,1.53
12-05-2025,26.5,85.5,SITAMARHI,BIHAR,D124,RUNISAIDPUR,1.58
13-05-2025,26.5,85.5,SITAMARHI,BIHAR,D124,RUNISAIDPUR,1.65
14-05-2025,26.5,85.5,SITAMARHI,BIHAR,D124,RUNISAIDPUR,1.68
15-05-2025,26.5,85.5,SITAMARHI,BIHAR,D124,RUNISAIDPUR,1.43
16-05-2025,26.5,85.5,SITAMARHI,BIHAR,D124,RUNISAIDPUR,1.29
17-05-2025,26.5,85.5,SITAMARHI,BIHAR,D124,RUNISAIDPUR,1.19
18-05-2025,26.5,85.5,SITAMARHI,BIHAR,D124,RUNISAIDPUR,1.25
19-05-2025,26.5,85.5,SITAMARHI,BIHAR,D124,RUNISAIDPUR,1.26
20-05-2025,26.5,85.5,SITAMARHI,BIHAR,D124,RUNISAIDPUR,1.33
21-05-2025,26.5,85.5,SITAMARHI,BIHAR,D124,RUNISAIDPUR,1.34
22-05-2025,26.5,85.5,SITAMARHI,BIHAR,D124,RUNISAIDPUR,1.3
23-05-2025,26.5,85.5,SITAMARHI,BIHAR,D124,RUNISAIDPUR,1.28
24-05-2025,26.5,85.5,SITAMARHI,BIHAR,D124,RUNISAIDPUR,1.38
25-05-2025,26.5,85.5,SITAMARHI,BIHAR,D124,RUNISAIDPUR,1.45
26-05-2025,26.5,85.5,SITAMARHI,BIHAR,D124,RUNISAIDPUR,1.56
27-05-2025,26.5,85.5,SITAMARHI,BIHAR,D124,RUNISAIDPUR,1.55
28-05-2025,26.5,85.5,SITAMARHI,BIHAR,D124,RUNISAIDPUR,1.64
29-05-2025,26.5,85.5,SITAMARHI,BIHAR,D124,RUNISAIDPUR,1.64
30-05-2025,26.5,85.5,SITAMARHI,BIHAR,D124,RUNISAIDPUR,1.4
31-05-2025,26.5,85.5,SITAMARHI,BIHAR,D124,RUNISAIDPUR,1.57
01-06-2025,26.5,85.5,SITAMARHI,BIHAR,D124,RUNISAIDPUR,1.4
02-06-2025,26.5,85.5,SITAMARHI,BIHAR,D124,RUNISAIDPUR,1.27
03-06-2025,26.5,85.5,SITAMARHI,BIHAR,D124,RUNISAIDPUR,1.09
04-06-2025,26.5,85.5,SITAMARHI,BIHAR,D124,RUNISAIDPUR,1.54
05-06-2025,26.5,85.5,SITAMARHI,BIHAR,D124,RUNISAIDPUR,1.6
06-06-2025,26.5,85.5,SITAMARHI,BIHAR,D124,RUNISAIDPUR,1.41
07-06-2025,26.5,85.5,SITAMARHI,BIHAR,D124,RUNISAIDPUR,1.33
08-06-2025,26.5,85.5,SITAMARHI,BIHAR,D124,RUNISAIDPUR,1.49
09-06-2025,26.5,85.5,SITAMARHI,BIHAR,D124,RUNISAIDPUR,1.73
10-06-2025,26.5,85.5,SITAMARHI,BIHAR,D124,RUNISAIDPUR,1.23
11-06-2025,26.5,85.5,SITAMARHI,BIHAR,D124,RUNISAIDPUR,1.25
12-06-2025,26.5,85.5,SITAMARHI,BIHAR,D124,RUNISAIDPUR,1.19
13-06-2025,26.5,85.5,SITAMARHI,BIHAR,D124,RUNISAIDPUR,1.15
14-06-2025,26.5,85.5,SITAMARHI,BIHAR,D124,RUNISAIDPUR,1.35
15-06-2025,26.5,85.5,SITAMARHI,BIHAR,D124,RUNISAIDPUR,1.43
16-06-2025,26.5,85.5,SITAMARHI,BIHAR,D124,RUNISAIDPUR,1.33
17-06-2025,26.5,85.5,SITAMARHI,BIHAR,D124,RUNISAIDPUR,1.26
18-06-2025,26.5,85.5,SITAMARHI,BIHAR,D124,RUNISAIDPUR,1.27
19-06-2025,26.5,85.5,SITAMARHI,BIHAR,D124,RUNISAIDPUR,1.32
20-06-2025,26.5,85.5,SITAMARHI,BIHAR,D124,RUNISAIDPUR,1.27
21-06-2025,26.5,85.5,SITAMARHI,BIHAR,D124,RUNISAIDPUR,1.13
22-06-2025,26.5,85.5,SITAMARHI,BIHAR,D124,RUNISAIDPUR,1.02
23-06-2025,26.5,85.5,SITAMARHI,BIHAR,D124,RUNISAIDPUR,0.95
24-06-2025,26.5,85.5,SITAMARHI,BIHAR,D124,RUNISAIDPUR,1.15
25-06-2025,26.5,85.5,SITAMARHI,BIHAR,D124,RUNISAIDPUR,1.15
26-06-2025,26.5,85.5,SITAMARHI,BIHAR,D124,RUNISAIDPUR,1.03
27-06-2025,26.5,85.5,SITAMARHI,BIHAR,D124,RUNISAIDPUR,0.97
28-06-2025,26.5,85.5,SITAMARHI,BIHAR,D124,RUNISAIDPUR,1
29-06-2025,26.5,85.5,SITAMARHI,BIHAR,D124,RUNISAIDPUR,1
30-06-2025,26.5,85.5,SITAMARHI,BIHAR,D124,RUNISAIDPUR,1.04
01-07-2025,26.5,85.5,SITAMARHI,BIHAR,D124,RUNISAIDPUR,0.97
02-07-2025,26.5,85.5,SITAMARHI,BIHAR,D124,RUNISAIDPUR,0.87
03-07-2025,26.5,85.5,SITAMARHI,BIHAR,D124,RUNISAIDPUR,0.69
04-07-2025,26.5,85.5,SITAMARHI,BIHAR,D124,RUNISAIDPUR,0.73
05-07-2025,26.5,85.5,SITAMARHI,BIHAR,D124,RUNISAIDPUR,0.82
06-07-2025,26.5,85.5,SITAMARHI,BIHAR,D124,RUNISAIDPUR,1.02
07-07-2025,26.5,85.5,SITAMARHI,BIHAR,D124,RUNISAIDPUR,0.77
08-07-2025,26.5,85.5,SITAMARHI,BIHAR,D124,RUNISAIDPUR,0.92
09-07-2025,26.5,85.5,SITAMARHI,BIHAR,D124,RUNISAIDPUR,1.02
10-07-2025,26.5,85.5,SITAMARHI,BIHAR,D124,RUNISAIDPUR,1.04
11-07-2025,26.5,85.5,SITAMARHI,BIHAR,D124,RUNISAIDPUR,0.97
12-07-2025,26.5,85.5,SITAMARHI,BIHAR,D124,RUNISAIDPUR,1
13-07-2025,26.5,85.5,SITAMARHI,BIHAR,D124,RUNISAIDPUR,1.05
14-07-2025,26.5,85.5,SITAMARHI,BIHAR,D124,RUNISAIDPUR,1.15
15-07-2025,26.5,85.5,SITAMARHI,BIHAR,D124,RUNISAIDPUR,0.86
16-07-2025,26.5,85.5,SITAMARHI,BIHAR,D124,RUNISAIDPUR,1.01
17-07-2025,26.5,85.5,SITAMARHI,BIHAR,D124,RUNISAIDPUR,1.03
18-07-2025,26.5,85.5,SITAMARHI,BIHAR,D124,RUNISAIDPUR,0.97
19-07-2025,26.5,85.5,SITAMARHI,BIHAR,D124,RUNISAIDPUR,1.08
20-07-2025,26.5,85.5,SITAMARHI,BIHAR,D124,RUNISAIDPUR,1.22
21-07-2025,26.5,85.5,SITAMARHI,BIHAR,D124,RUNISAIDPUR,0.98
22-07-2025,26.5,85.5,SITAMARHI,BIHAR,D124,RUNISAIDPUR,0.88
23-07-2025,26.5,85.5,SITAMARHI,BIHAR,D124,RUNISAIDPUR,0.93
24-07-2025,26.5,85.5,SITAMARHI,BIHAR,D124,RUNISAIDPUR,1.02
25-07-2025,26.5,85.5,SITAMARHI,BIHAR,D124,RUNISAIDPUR,0.88
26-07-2025,26.5,85.5,SITAMARHI,BIHAR,D124,RUNISAIDPUR,0.74
27-07-2025,26.5,85.5,SITAMARHI,BIHAR,D124,RUNISAIDPUR,0.89
28-07-2025,26.5,85.5,SITAMARHI,BIHAR,D124,RUNISAIDPUR,0.86
29-07-2025,26.5,85.5,SITAMARHI,BIHAR,D124,RUNISAIDPUR,0.86
30-07-2025,26.5,85.5,SITAMARHI,BIHAR,D124,RUNISAIDPUR,0.82
31-07-2025,26.5,85.5,SITAMARHI,BIHAR,D124,RUNISAIDPUR,0.77
01-08-2025,26.5,85.5,SITAMARHI,BIHAR,D124,RUNISAIDPUR,0.75
02-08-2025,26.5,85.5,SITAMARHI,BIHAR,D124,RUNISAIDPUR,0.8
03-08-2025,26.5,85.5,SITAMARHI,BIHAR,D124,RUNISAIDPUR,0.64
04-08-2025,26.5,85.5,SITAMARHI,BIHAR,D124,RUNISAIDPUR,0.65
05-08-2025,26.5,85.5,SITAMARHI,BIHAR,D124,RUNISAIDPUR,0.7
06-08-2025,26.5,85.5,SITAMARHI,BIHAR,D124,RUNISAIDPUR,0.73
07-08-2025,26.5,85.5,SITAMARHI,BIHAR,D124,RUNISAIDPUR,0.81
08-08-2025,26.5,85.5,SITAMARHI,BIHAR,D124,RUNISAIDPUR,0.77
09-08-2025,26.5,85.5,SITAMARHI,BIHAR,D124,RUNISAIDPUR,0.7
10-08-2025,26.5,85.5,SITAMARHI,BIHAR,D124,RUNISAIDPUR,0.83
11-08-2025,26.5,85.5,SITAMARHI,BIHAR,D124,RUNISAIDPUR,0.91
12-08-2025,26.5,85.5,SITAMARHI,BIHAR,D124,RUNISAIDPUR,0.77
13-08-2025,26.5,85.5,SITAMARHI,BIHAR,D124,RUNISAIDPUR,0.74
14-08-2025,26.5,85.5,SITAMARHI,BIHAR,D124,RUNISAIDPUR,0.93
15-08-2025,26.5,85.5,SITAMARHI,BIHAR,D124,RUNISAIDPUR,0.89
16-08-2025,26.5,85.5,SITAMARHI,BIHAR,D124,RUNISAIDPUR,0.88
17-08-2025,26.5,85.5,SITAMARHI,BIHAR,D124,RUNISAIDPUR,0.98
18-08-2025,26.5,85.5,SITAMARHI,BIHAR,D124,RUNISAIDPUR,1.05
19-08-2025,26.5,85.5,SITAMARHI,BIHAR,D124,RUNISAIDPUR,0.97
20-08-2025,26.5,85.5,SITAMARHI,BIHAR,D124,RUNISAIDPUR,0.86
21-08-2025,26.5,85.5,SITAMARHI,BIHAR,D124,RUNISAIDPUR,0.86
22-08-2025,26.5,85.5,SITAMARHI,BIHAR,D124,RUNISAIDPUR,0.92
23-08-2025,26.5,85.5,SITAMARHI,BIHAR,D124,RUNISAIDPUR,0.77
24-08-2025,26.5,85.5,SITAMARHI,BIHAR,D124,RUNISAIDPUR,0.6
25-08-2025,26.5,85.5,SITAMARHI,BIHAR,D124,RUNISAIDPUR,0.62
26-08-2025,26.5,85.5,SITAMARHI,BIHAR,D124,RUNISAIDPUR,0.66
27-08-2025,26.5,85.5,SITAMARHI,BIHAR,D124,RUNISAIDPUR,0.83
28-08-2025,26.5,85.5,SITAMARHI,BIHAR,D124,RUNISAIDPUR,0.77
29-08-2025,26.5,85.5,SITAMARHI,BIHAR,D124,RUNISAIDPUR,0.84
30-08-2025,26.5,85.5,SITAMARHI,BIHAR,D124,RUNISAIDPUR,0.71
31-08-2025,26.5,85.5,SITAMARHI,BIHAR,D124,RUNISAIDPUR,0.85
01-09-2025,26.5,85.5,SITAMARHI,BIHAR,D124,RUNISAIDPUR,0.92
02-09-2025,26.5,85.5,SITAMARHI,BIHAR,D124,RUNISAIDPUR,0.97
03-09-2025,26.5,85.5,SITAMARHI,BIHAR,D124,RUNISAIDPUR,0.69
04-09-2025,26.5,85.5,SITAMARHI,BIHAR,D124,RUNISAIDPUR,0.67
05-09-2025,26.5,85.5,SITAMARHI,BIHAR,D124,RUNISAIDPUR,0.9
06-09-2025,26.5,85.5,SITAMARHI,BIHAR,D124,RUNISAIDPUR,1.04
07-09-2025,26.5,85.5,SITAMARHI,BIHAR,D124,RUNISAIDPUR,0.82
08-09-2025,26.5,85.5,SITAMARHI,BIHAR,D124,RUNISAIDPUR,0.88
09-09-2025,26.5,85.5,SITAMARHI,BIHAR,D124,RUNISAIDPUR,0.85
10-09-2025,26.5,85.5,SITAMARHI,BIHAR,D124,RUNISAIDPUR,0.87
11-09-2025,26.5,85.5,SITAMARHI,BIHAR,D124,RUNISAIDPUR,0.88
12-09-2025,26.5,85.5,SITAMARHI,BIHAR,D124,RUNISAIDPUR,1.09
13-09-2025,26.5,85.5,SITAMARHI,BIHAR,D124,RUNISAIDPUR,1.01
14-09-2025,26.5,85.5,SITAMARHI,BIHAR,D124,RUNISAIDPUR,0.85
15-09-2025,26.5,85.5,SITAMARHI,BIHAR,D124,RUNISAIDPUR,0.87
16-09-2025,26.5,85.5,SITAMARHI,BIHAR,D124,RUNISAIDPUR,0.79
17-09-2025,26.5,85.5,SITAMARHI,BIHAR,D124,RUNISAIDPUR,0.89
18-09-2025,26.5,85.5,SITAMARHI,BIHAR,D124,RUNISAIDPUR,0.73
19-09-2025,26.5,85.5,SITAMARHI,BIHAR,D124,RUNISAIDPUR,0.92
20-09-2025,26.5,85.5,SITAMARHI,BIHAR,D124,RUNISAIDPUR,0.89
21-09-2025,26.5,85.5,SITAMARHI,BIHAR,D124,RUNISAIDPUR,0.8
22-09-2025,26.5,85.5,SITAMARHI,BIHAR,D124,RUNISAIDPUR,0.98
23-09-2025,26.5,85.5,SITAMARHI,BIHAR,D124,RUNISAIDPUR,1
24-09-2025,26.5,85.5,SITAMARHI,BIHAR,D124,RUNISAIDPUR,1.11
25-09-2025,26.5,85.5,SITAMARHI,BIHAR,D124,RUNISAIDPUR,1.17
26-09-2025,26.5,85.5,SITAMARHI,BIHAR,D124,RUNISAIDPUR,1.36
27-09-2025,26.5,85.5,SITAMARHI,BIHAR,D124,RUNISAIDPUR,1.36
28-09-2025,26.5,85.5,SITAMARHI,BIHAR,D124,RUNISAIDPUR,1.16
29-09-2025,26.5,85.5,SITAMARHI,BIHAR,D124,RUNISAIDPUR,1.21
30-09-2025,26.5,85.5,SITAMARHI,BIHAR,D124,RUNISAIDPUR,1.18
01-10-2025,26.5,85.5,SITAMARHI,BIHAR,D124,RUNISAIDPUR,1.15
02-10-2025,26.5,85.5,SITAMARHI,BIHAR,D124,RUNISAIDPUR,1.11
03-10-2025,26.5,85.5,SITAMARHI,BIHAR,D124,RUNISAIDPUR,1.07
04-10-2025,26.5,85.5,SITAMARHI,BIHAR,D124,RUNISAIDPUR,1.02
05-10-2025,26.5,85.5,SITAMARHI,BIHAR,D124,RUNISAIDPUR,1.07
06-10-2025,26.5,85.5,SITAMARHI,BIHAR,D124,RUNISAIDPUR,1.08
07-10-2025,26.5,85.5,SITAMARHI,BIHAR,D124,RUNISAIDPUR,1.05
08-10-2025,26.5,85.5,SITAMARHI,BIHAR,D124,RUNISAIDPUR,1.16
09-10-2025,26.5,85.5,SITAMARHI,BIHAR,D124,RUNISAIDPUR,1.25
10-10-2025,26.5,85.5,SITAMARHI,BIHAR,D124,RUNISAIDPUR,1.23
11-10-2025,26.5,85.5,SITAMARHI,BIHAR,D124,RUNISAIDPUR,1.07
12-10-2025,26.5,85.5,SITAMARHI,BIHAR,D124,RUNISAIDPUR,1.12
13-10-2025,26.5,85.5,SITAMARHI,BIHAR,D124,RUNISAIDPUR,1.31
14-10-2025,26.5,85.5,SITAMARHI,BIHAR,D124,RUNISAIDPUR,1.37
15-10-2025,26.5,85.5,SITAMARHI,BIHAR,D124,RUNISAIDPUR,1.46
16-10-2025,26.5,85.5,SITAMARHI,BIHAR,D124,RUNISAIDPUR,1.54
17-10-2025,26.5,85.5,SITAMARHI,BIHAR,D124,RUNISAIDPUR,1.46
18-10-2025,26.5,85.5,SITAMARHI,BIHAR,D124,RUNISAIDPUR,1.46
19-10-2025,26.5,85.5,SITAMARHI,BIHAR,D124,RUNISAIDPUR,1.49
20-10-2025,26.5,85.5,SITAMARHI,BIHAR,D124,RUNISAIDPUR,1.61
21-10-2025,26.5,85.5,SITAMARHI,BIHAR,D124,RUNISAIDPUR,1.48
22-10-2025,26.5,85.5,SITAMARHI,BIHAR,D124,RUNISAIDPUR,1.39
23-10-2025,26.5,85.5,SITAMARHI,BIHAR,D124,RUNISAIDPUR,1.51
24-10-2025,26.5,85.5,SITAMARHI,BIHAR,D124,RUNISAIDPUR,1.82
25-10-2025,26.5,85.5,SITAMARHI,BIHAR,D124,RUNISAIDPUR,1.68
26-10-2025,26.5,85.5,SITAMARHI,BIHAR,D124,RUNISAIDPUR,1.59
27-10-2025,26.5,85.5,SITAMARHI,BIHAR,D124,RUNISAIDPUR,1.52
28-10-2025,26.5,85.5,SITAMARHI,BIHAR,D124,RUNISAIDPUR,1.56
29-10-2025,26.5,85.5,SITAMARHI,BIHAR,D124,RUNISAIDPUR,1.81
30-10-2025,26.5,85.5,SITAMARHI,BIHAR,D124,RUNISAIDPUR,1.83
31-10-2025,26.5,85.5,SITAMARHI,BIHAR,D124,RUNISAIDPUR,1.65
01-11-2025,26.5,85.5,SITAMARHI,BIHAR,D124,RUNISAIDPUR,1.66
02-11-2025,26.5,85.5,SITAMARHI,BIHAR,D124,RUNISAIDPUR,1.65
03-11-2025,26.5,85.5,SITAMARHI,BIHAR,D124,RUNISAIDPUR,1.68
04-11-2025,26.5,85.5,SITAMARHI,BIHAR,D124,RUNISAIDPUR,1.72
05-11-2025,26.5,85.5,SITAMARHI,BIHAR,D124,RUNISAIDPUR,1.59
06-11-2025,26.5,85.5,SITAMARHI,BIHAR,D124,RUNISAIDPUR,1.5
07-11-2025,26.5,85.5,SITAMARHI,BIHAR,D124,RUNISAIDPUR,1.53
08-11-2025,26.5,85.5,SITAMARHI,BIHAR,D124,RUNISAIDPUR,1.56
09-11-2025,26.5,85.5,SITAMARHI,BIHAR,D124,RUNISAIDPUR,1.75
10-11-2025,26.5,85.5,SITAMARHI,BIHAR,D124,RUNISAIDPUR,1.66
11-11-2025,26.5,85.5,SITAMARHI,BIHAR,D124,RUNISAIDPUR,1.63
12-11-2025,26.5,85.5,SITAMARHI,BIHAR,D124,RUNISAIDPUR,1.41
13-11-2025,26.5,85.5,SITAMARHI,BIHAR,D124,RUNISAIDPUR,1.55
14-11-2025,26.5,85.5,SITAMARHI,BIHAR,D124,RUNISAIDPUR,1.56
15-11-2025,26.5,85.5,SITAMARHI,BIHAR,D124,RUNISAIDPUR,1.62
16-11-2025,26.5,85.5,SITAMARHI,BIHAR,D124,RUNISAIDPUR,1.82
17-11-2025,26.5,85.5,SITAMARHI,BIHAR,D124,RUNISAIDPUR,1.76
18-11-2025,26.5,85.5,SITAMARHI,BIHAR,D124,RUNISAIDPUR,1.83
19-11-2025,26.5,85.5,SITAMARHI,BIHAR,D124,RUNISAIDPUR,1.86
20-11-2025,26.5,85.5,SITAMARHI,BIHAR,D124,RUNISAIDPUR,1.85
21-11-2025,26.5,85.5,SITAMARHI,BIHAR,D124,RUNISAIDPUR,1.68
22-11-2025,26.5,85.5,SITAMARHI,BIHAR,D124,RUNISAIDPUR,1.61
23-11-2025,26.5,85.5,SITAMARHI,BIHAR,D124,RUNISAIDPUR,1.46
24-11-2025,26.5,85.5,SITAMARHI,BIHAR,D124,RUNISAIDPUR,1.48
25-11-2025,26.5,85.5,SITAMARHI,BIHAR,D124,RUNISAIDPUR,1.48
26-11-2025,26.5,85.5,SITAMARHI,BIHAR,D124,RUNISAIDPUR,1.49
27-11-2025,26.5,85.5,SITAMARHI,BIHAR,D124,RUNISAIDPUR,1.73
28-11-2025,26.5,85.5,SITAMARHI,BIHAR,D124,RUNISAIDPUR,1.78
29-11-2025,26.5,85.5,SITAMARHI,BIHAR,D124,RUNISAIDPUR,1.71
30-11-2025,26.5,85.5,SITAMARHI,BIHAR,D124,RUNISAIDPUR,1.6
01-12-2025,26.5,85.5,SITAMARHI,BIHAR,D124,RUNISAIDPUR,1.71
02-12-2025,26.5,85.5,SITAMARHI,BIHAR,D124,RUNISAIDPUR,1.94
03-12-2025,26.5,85.5,SITAMARHI,BIHAR,D124,RUNISAIDPUR,1.84
04-12-2025,26.5,85.5,SITAMARHI,BIHAR,D124,RUNISAIDPUR,1.83
05-12-2025,26.5,85.5,SITAMARHI,BIHAR,D124,RUNISAIDPUR,1.9
06-12-2025,26.5,85.5,SITAMARHI,BIHAR,D124,RUNISAIDPUR,1.85
07-12-2025,26.5,85.5,SITAMARHI,BIHAR,D124,RUNISAIDPUR,1.97
08-12-2025,26.5,85.5,SITAMARHI,BIHAR,D124,RUNISAIDPUR,1.86
09-12-2025,26.5,85.5,SITAMARHI,BIHAR,D124,RUNISAIDPUR,2.02
10-12-2025,26.5,85.5,SITAMARHI,BIHAR,D124,RUNISAIDPUR,2.03
11-12-2025,26.5,85.5,SITAMARHI,BIHAR,D124,RUNISAIDPUR,1.89
12-12-2025,26.5,85.5,SITAMARHI,BIHAR,D124,RUNISAIDPUR,1.69
13-12-2025,26.5,85.5,SITAMARHI,BIHAR,D124,RUNISAIDPUR,1.79
14-12-2025,26.5,85.5,SITAMARHI,BIHAR,D124,RUNISAIDPUR,1.81
15-12-2025,26.5,85.5,SITAMARHI,BIHAR,D124,RUNISAIDPUR,1.57
16-12-2025,26.5,85.5,SITAMARHI,BIHAR,D124,RUNISAIDPUR,1.71
17-12-2025,26.5,85.5,SITAMARHI,BIHAR,D124,RUNISAIDPUR,1.47
18-12-2025,26.5,85.5,SITAMARHI,BIHAR,D124,RUNISAIDPUR,1.62
19-12-2025,26.5,85.5,SITAMARHI,BIHAR,D124,RUNISAIDPUR,1.73
20-12-2025,26.5,85.5,SITAMARHI,BIHAR,D124,RUNISAIDPUR,1.77
21-12-2025,26.5,85.5,SITAMARHI,BIHAR,D124,RUNISAIDPUR,1.59
22-12-2025,26.5,85.5,SITAMARHI,BIHAR,D124,RUNISAIDPUR,1.79
23-12-2025,26.5,85.5,SITAMARHI,BIHAR,D124,RUNISAIDPUR,1.82
24-12-2025,26.5,85.5,SITAMARHI,BIHAR,D124,RUNISAIDPUR,1.6
25-12-2025,26.5,85.5,SITAMARHI,BIHAR,D124,RUNISAIDPUR,1.53
26-12-2025,26.5,85.5,SITAMARHI,BIHAR,D124,RUNISAIDPUR,1.7
27-12-2025,26.5,85.5,SITAMARHI,BIHAR,D124,RUNISAIDPUR,1.96
28-12-2025,26.5,85.5,SITAMARHI,BIHAR,D124,RUNISAIDPUR,1.9
29-12-2025,26.5,85.5,SITAMARHI,BIHAR,D124,RUNISAIDPUR,2
30-12-2025,26.5,85.5,SITAMARHI,BIHAR,D124,RUNISAIDPUR,1.98
31-12-2025,26.5,85.5,SITAMARHI,BIHAR,D124,RUNISAIDPUR,1.85
01-01-2025,25.5,85.5,VAISHALI,BIHAR,D127,RAGHOPUR,2.43
02-01-2025,25.5,85.5,VAISHALI,BIHAR,D127,RAGHOPUR,2.4
03-01-2025,25.5,85.5,VAISHALI,BIHAR,D127,RAGHOPUR,2.55
04-01-2025,25.5,85.5,VAISHALI,BIHAR,D127,RAGHOPUR,2.38
05-01-2025,25.5,85.5,VAISHALI,BIHAR,D127,RAGHOPUR,2.28
06-01-2025,25.5,85.5,VAISHALI,BIHAR,D127,RAGHOPUR,2.37
07-01-2025,25.5,85.5,VAISHALI,BIHAR,D127,RAGHOPUR,2.61
08-01-2025,25.5,85.5,VAISHALI,BIHAR,D127,RAGHOPUR,2.82
09-01-2025,25.5,85.5,VAISHALI,BIHAR,D127,RAGHOPUR,2.95
10-01-2025,25.5,85.5,VAISHALI,BIHAR,D127,RAGHOPUR,2.85
11-01-2025,25.5,85.5,VAISHALI,BIHAR,D127,RAGHOPUR,2.66
12-01-2025,25.5,85.5,VAISHALI,BIHAR,D127,RAGHOPUR,2.38
13-01-2025,25.5,85.5,VAISHALI,BIHAR,D127,RAGHOPUR,2.01
14-01-2025,25.5,85.5,VAISHALI,BIHAR,D127,RAGHOPUR,1.85
15-01-2025,25.5,85.5,VAISHALI,BIHAR,D127,RAGHOPUR,2.07
16-01-2025,25.5,85.5,VAISHALI,BIHAR,D127,RAGHOPUR,2.01
17-01-2025,25.5,85.5,VAISHALI,BIHAR,D127,RAGHOPUR,2.03
18-01-2025,25.5,85.5,VAISHALI,BIHAR,D127,RAGHOPUR,2.55
19-01-2025,25.5,85.5,VAISHALI,BIHAR,D127,RAGHOPUR,2.71
20-01-2025,25.5,85.5,VAISHALI,BIHAR,D127,RAGHOPUR,2.68
21-01-2025,25.5,85.5,VAISHALI,BIHAR,D127,RAGHOPUR,2.01
22-01-2025,25.5,85.5,VAISHALI,BIHAR,D127,RAGHOPUR,1.97
23-01-2025,25.5,85.5,VAISHALI,BIHAR,D127,RAGHOPUR,2.6
24-01-2025,25.5,85.5,VAISHALI,BIHAR,D127,RAGHOPUR,2.31
25-01-2025,25.5,85.5,VAISHALI,BIHAR,D127,RAGHOPUR,2.4
26-01-2025,25.5,85.5,VAISHALI,BIHAR,D127,RAGHOPUR,2.42
27-01-2025,25.5,85.5,VAISHALI,BIHAR,D127,RAGHOPUR,2.16
28-01-2025,25.5,85.5,VAISHALI,BIHAR,D127,RAGHOPUR,2.29
29-01-2025,25.5,85.5,VAISHALI,BIHAR,D127,RAGHOPUR,2.01
30-01-2025,25.5,85.5,VAISHALI,BIHAR,D127,RAGHOPUR,2.02
31-01-2025,25.5,85.5,VAISHALI,BIHAR,D127,RAGHOPUR,2.13
01-02-2025,25.5,85.5,VAISHALI,BIHAR,D127,RAGHOPUR,2.05
02-02-2025,25.5,85.5,VAISHALI,BIHAR,D127,RAGHOPUR,1.96
03-02-2025,25.5,85.5,VAISHALI,BIHAR,D127,RAGHOPUR,1.64
04-02-2025,25.5,85.5,VAISHALI,BIHAR,D127,RAGHOPUR,1.87
05-02-2025,25.5,85.5,VAISHALI,BIHAR,D127,RAGHOPUR,1.78
06-02-2025,25.5,85.5,VAISHALI,BIHAR,D127,RAGHOPUR,1.65
07-02-2025,25.5,85.5,VAISHALI,BIHAR,D127,RAGHOPUR,1.95
08-02-2025,25.5,85.5,VAISHALI,BIHAR,D127,RAGHOPUR,2.21
09-02-2025,25.5,85.5,VAISHALI,BIHAR,D127,RAGHOPUR,2.06
10-02-2025,25.5,85.5,VAISHALI,BIHAR,D127,RAGHOPUR,2.08
11-02-2025,25.5,85.5,VAISHALI,BIHAR,D127,RAGHOPUR,1.92
12-02-2025,25.5,85.5,VAISHALI,BIHAR,D127,RAGHOPUR,2.18
13-02-2025,25.5,85.5,VAISHALI,BIHAR,D127,RAGHOPUR,2.08
14-02-2025,25.5,85.5,VAISHALI,BIHAR,D127,RAGHOPUR,2
15-02-2025,25.5,85.5,VAISHALI,BIHAR,D127,RAGHOPUR,1.94
16-02-2025,25.5,85.5,VAISHALI,BIHAR,D127,RAGHOPUR,2
17-02-2025,25.5,85.5,VAISHALI,BIHAR,D127,RAGHOPUR,1.6
18-02-2025,25.5,85.5,VAISHALI,BIHAR,D127,RAGHOPUR,1.69
19-02-2025,25.5,85.5,VAISHALI,BIHAR,D127,RAGHOPUR,2.07
20-02-2025,25.5,85.5,VAISHALI,BIHAR,D127,RAGHOPUR,2.08
21-02-2025,25.5,85.5,VAISHALI,BIHAR,D127,RAGHOPUR,2
22-02-2025,25.5,85.5,VAISHALI,BIHAR,D127,RAGHOPUR,1.97
23-02-2025,25.5,85.5,VAISHALI,BIHAR,D127,RAGHOPUR,1.62
24-02-2025,25.5,85.5,VAISHALI,BIHAR,D127,RAGHOPUR,1.69
25-02-2025,25.5,85.5,VAISHALI,BIHAR,D127,RAGHOPUR,1.97
26-02-2025,25.5,85.5,VAISHALI,BIHAR,D127,RAGHOPUR,1.93
27-02-2025,25.5,85.5,VAISHALI,BIHAR,D127,RAGHOPUR,1.71
28-02-2025,25.5,85.5,VAISHALI,BIHAR,D127,RAGHOPUR,1.89
29-02-2025,25.5,85.5,VAISHALI,BIHAR,D127,RAGHOPUR,1.79
01-03-2025,25.5,85.5,VAISHALI,BIHAR,D127,RAGHOPUR,2.04
02-03-2025,25.5,85.5,VAISHALI,BIHAR,D127,RAGHOPUR,1.92
03-03-2025,25.5,85.5,VAISHALI,BIHAR,D127,RAGHOPUR,1.79
04-03-2025,25.5,85.5,VAISHALI,BIHAR,D127,RAGHOPUR,1.47
05-03-2025,25.5,85.5,VAISHALI,BIHAR,D127,RAGHOPUR,1.98
06-03-2025,25.5,85.5,VAISHALI,BIHAR,D127,RAGHOPUR,2.05
07-03-2025,25.5,85.5,VAISHALI,BIHAR,D127,RAGHOPUR,1.98
08-03-2025,25.5,85.5,VAISHALI,BIHAR,D127,RAGHOPUR,2.15
09-03-2025,25.5,85.5,VAISHALI,BIHAR,D127,RAGHOPUR,2.11
10-03-2025,25.5,85.5,VAISHALI,BIHAR,D127,RAGHOPUR,2.07
11-03-2025,25.5,85.5,VAISHALI,BIHAR,D127,RAGHOPUR,1.71
12-03-2025,25.5,85.5,VAISHALI,BIHAR,D127,RAGHOPUR,1.47
13-03-2025,25.5,85.5,VAISHALI,BIHAR,D127,RAGHOPUR,1.87
14-03-2025,25.5,85.5,VAISHALI,BIHAR,D127,RAGHOPUR,1.7
15-03-2025,25.5,85.5,VAISHALI,BIHAR,D127,RAGHOPUR,1.72
16-03-2025,25.5,85.5,VAISHALI,BIHAR,D127,RAGHOPUR,2.01
17-03-2025,25.5,85.5,VAISHALI,BIHAR,D127,RAGHOPUR,1.9
18-03-2025,25.5,85.5,VAISHALI,BIHAR,D127,RAGHOPUR,1.7
19-03-2025,25.5,85.5,VAISHALI,BIHAR,D127,RAGHOPUR,1.73
20-03-2025,25.5,85.5,VAISHALI,BIHAR,D127,RAGHOPUR,1.92
21-03-2025,25.5,85.5,VAISHALI,BIHAR,D127,RAGHOPUR,1.92
22-03-2025,25.5,85.5,VAISHALI,BIHAR,D127,RAGHOPUR,1.69
23-03-2025,25.5,85.5,VAISHALI,BIHAR,D127,RAGHOPUR,1.62
24-03-2025,25.5,85.5,VAISHALI,BIHAR,D127,RAGHOPUR,1.51
25-03-2025,25.5,85.5,VAISHALI,BIHAR,D127,RAGHOPUR,1.7
26-03-2025,25.5,85.5,VAISHALI,BIHAR,D127,RAGHOPUR,1.82
27-03-2025,25.5,85.5,VAISHALI,BIHAR,D127,RAGHOPUR,1.96
28-03-2025,25.5,85.5,VAISHALI,BIHAR,D127,RAGHOPUR,1.58
29-03-2025,25.5,85.5,VAISHALI,BIHAR,D127,RAGHOPUR,1.37
30-03-2025,25.5,85.5,VAISHALI,BIHAR,D127,RAGHOPUR,1.61
31-03-2025,25.5,85.5,VAISHALI,BIHAR,D127,RAGHOPUR,1.91
01-04-2025,25.5,85.5,VAISHALI,BIHAR,D127,RAGHOPUR,1.53
02-04-2025,25.5,85.5,VAISHALI,BIHAR,D127,RAGHOPUR,1.68
03-04-2025,25.5,85.5,VAISHALI,BIHAR,D127,RAGHOPUR,1.88
04-04-2025,25.5,85.5,VAISHALI,BIHAR,D127,RAGHOPUR,1.94
05-04-2025,25.5,85.5,VAISHALI,BIHAR,D127,RAGHOPUR,1.66
06-04-2025,25.5,85.5,VAISHALI,BIHAR,D127,RAGHOPUR,1.75
07-04-2025,25.5,85.5,VAISHALI,BIHAR,D127,RAGHOPUR,1.82
08-04-2025,25.5,85.5,VAISHALI,BIHAR,D127,RAGHOPUR,1.66
09-04-2025,25.5,85.5,VAISHALI,BIHAR,D127,RAGHOPUR,1.3
10-04-2025,25.5,85.5,VAISHALI,BIHAR,D127,RAGHOPUR,1.25
11-04-2025,25.5,85.5,VAISHALI,BIHAR,D127,RAGHOPUR,1.8
12-04-2025,25.5,85.5,VAISHALI,BIHAR,D127,RAGHOPUR,1.85
13-04-2025,25.5,85.5,VAISHALI,BIHAR,D127,RAGHOPUR,1.68
14-04-2025,25.5,85.5,VAISHALI,BIHAR,D127,RAGHOPUR,1.49
15-04-2025,25.5,85.5,VAISHALI,BIHAR,D127,RAGHOPUR,1.27
16-04-2025,25.5,85.5,VAISHALI,BIHAR,D127,RAGHOPUR,1.31
17-04-2025,25.5,85.5,VAISHALI,BIHAR,D127,RAGHOPUR,1.23
18-04-2025,25.5,85.5,VAISHALI,BIHAR,D127,RAGHOPUR,1.51
19-04-2025,25.5,85.5,VAISHALI,BIHAR,D127,RAGHOPUR,1.77
20-04-2025,25.5,85.5,VAISHALI,BIHAR,D127,RAGHOPUR,1.55
21-04-2025,25.5,85.5,VAISHALI,BIHAR,D127,RAGHOPUR,1.74
22-04-2025,25.5,85.5,VAISHALI,BIHAR,D127,RAGHOPUR,1.77
23-04-2025,25.5,85.5,VAISHALI,BIHAR,D127,RAGHOPUR,1.45
24-04-2025,25.5,85.5,VAISHALI,BIHAR,D127,RAGHOPUR,1.43
25-04-2025,25.5,85.5,VAISHALI,BIHAR,D127,RAGHOPUR,1.3
26-04-2025,25.5,85.5,VAISHALI,BIHAR,D127,RAGHOPUR,1.51
27-04-2025,25.5,85.5,VAISHALI,BIHAR,D127,RAGHOPUR,1.6
28-04-2025,25.5,85.5,VAISHALI,BIHAR,D127,RAGHOPUR,1.35
29-04-2025,25.5,85.5,VAISHALI,BIHAR,D127,RAGHOPUR,1.38
30-04-2025,25.5,85.5,VAISHALI,BIHAR,D127,RAGHOPUR,1.74
01-05-2025,25.5,85.5,VAISHALI,BIHAR,D127,RAGHOPUR,1.67
02-05-2025,25.5,85.5,VAISHALI,BIHAR,D127,RAGHOPUR,1.45
03-05-2025,25.5,85.5,VAISHALI,BIHAR,D127,RAGHOPUR,1.54
04-05-2025,25.5,85.5,VAISHALI,BIHAR,D127,RAGHOPUR,1.52
05-05-2025,25.5,85.5,VAISHALI,BIHAR,D127,RAGHOPUR,1.16
06-05-2025,25.5,85.5,VAISHALI,BIHAR,D127,RAGHOPUR,1.32
07-05-2025,25.5,85.5,VAISHALI,BIHAR,D127,RAGHOPUR,1.29
08-05-2025,25.5,85.5,VAISHALI,BIHAR,D127,RAGHOPUR,1.48
09-05-2025,25.5,85.5,VAISHALI,BIHAR,D127,RAGHOPUR,1.27
10-05-2025,25.5,85.5,VAISHALI,BIHAR,D127,RAGHOPUR,1.75
11-05-2025,25.5,85.5,VAISHALI,BIHAR,D127,RAGHOPUR,1.65
12-05-2025,25.5,85.5,VAISHALI,BIHAR,D127,RAGHOPUR,1.62
13-05-2025,25.5,85.5,VAISHALI,BIHAR,D127,RAGHOPUR,1.67
14-05-2025,25.5,85.5,VAISHALI,BIHAR,D127,RAGHOPUR,1.52
15-05-2025,25.5,85.5,VAISHALI,BIHAR,D127,RAGHOPUR,1.42
16-05-2025,25.5,85.5,VAISHALI,BIHAR,D127,RAGHOPUR,1.3
17-05-2025,25.5,85.5,VAISHALI,BIHAR,D127,RAGHOPUR,1.11
18-05-2025,25.5,85.5,VAISHALI,BIHAR,D127,RAGHOPUR,1.21
19-05-2025,25.5,85.5,VAISHALI,BIHAR,D127,RAGHOPUR,1.32
20-05-2025,25.5,85.5,VAISHALI,BIHAR,D127,RAGHOPUR,1.39
21-05-2025,25.5,85.5,VAISHALI,BIHAR,D127,RAGHOPUR,1.31
22-05-2025,25.5,85.5,VAISHALI,BIHAR,D127,RAGHOPUR,1.36
23-05-2025,25.5,85.5,VAISHALI,BIHAR,D127,RAGHOPUR,1.35
24-05-2025,25.5,85.5,VAISHALI,BIHAR,D127,RAGHOPUR,1.34
25-05-2025,25.5,85.5,VAISHALI,BIHAR,D127,RAGHOPUR,1.52
26-05-2025,25.5,85.5,VAISHALI,BIHAR,D127,RAGHOPUR,1.52
27-05-2025,25.5,85.5,VAISHALI,BIHAR,D127,RAGHOPUR,1.68
28-05-2025,25.5,85.5,VAISHALI,BIHAR,D127,RAGHOPUR,1.4
29-05-2025,25.5,85.5,VAISHALI,BIHAR,D127,RAGHOPUR,1.51
30-05-2025,25.5,85.5,VAISHALI,BIHAR,D127,RAGHOPUR,1.38
31-05-2025,25.5,85.5,VAISHALI,BIHAR,D127,RAGHOPUR,1.54
01-06-2025,25.5,85.5,VAISHALI,BIHAR,D127,RAGHOPUR,1.46
02-06-2025,25.5,85.5,VAISHALI,BIHAR,D127,RAGHOPUR,1.26
03-06-2025,25.5,85.5,VAISHALI,BIHAR,D127,RAGHOPUR,1.26
04-06-2025,25.5,85.5,VAISHALI,BIHAR,D127,RAGHOPUR,1.56
05-06-2025,25.5,85.5,VAISHALI,BIHAR,D127,RAGHOPUR,1.71
06-06-2025,25.5,85.5,VAISHALI,BIHAR,D127,RAGHOPUR,1.48
07-06-2025,25.5,85.5,VAISHALI,BIHAR,D127,RAGHOPUR,1.5
08-06-2025,25.5,85.5,VAISHALI,BIHAR,D127,RAGHOPUR,1.49
09-06-2025,25.5,85.5,VAISHALI,BIHAR,D127,RAGHOPUR,1.8
10-06-2025,25.5,85.5,VAISHALI,BIHAR,D127,RAGHOPUR,1.12
11-06-2025,25.5,85.5,VAISHALI,BIHAR,D127,RAGHOPUR,1.04
12-06-2025,25.5,85.5,VAISHALI,BIHAR,D127,RAGHOPUR,1.08
13-06-2025,25.5,85.5,VAISHALI,BIHAR,D127,RAGHOPUR,1.01
14-06-2025,25.5,85.5,VAISHALI,BIHAR,D127,RAGHOPUR,1.26
15-06-2025,25.5,85.5,VAISHALI,BIHAR,D127,RAGHOPUR,1.73
16-06-2025,25.5,85.5,VAISHALI,BIHAR,D127,RAGHOPUR,1.54
17-06-2025,25.5,85.5,VAISHALI,BIHAR,D127,RAGHOPUR,1.42
18-06-2025,25.5,85.5,VAISHALI,BIHAR,D127,RAGHOPUR,1.3
19-06-2025,25.5,85.5,VAISHALI,BIHAR,D127,RAGHOPUR,1.39
20-06-2025,25.5,85.5,VAISHALI,BIHAR,D127,RAGHOPUR,1.36
21-06-2025,25.5,85.5,VAISHALI,BIHAR,D127,RAGHOPUR,1.2
22-06-2025,25.5,85.5,VAISHALI,BIHAR,D127,RAGHOPUR,1.03
23-06-2025,25.5,85.5,VAISHALI,BIHAR,D127,RAGHOPUR,0.84
24-06-2025,25.5,85.5,VAISHALI,BIHAR,D127,RAGHOPUR,1.08
25-06-2025,25.5,85.5,VAISHALI,BIHAR,D127,RAGHOPUR,1.07
26-06-2025,25.5,85.5,VAISHALI,BIHAR,D127,RAGHOPUR,1.02
27-06-2025,25.5,85.5,VAISHALI,BIHAR,D127,RAGHOPUR,0.91
28-06-2025,25.5,85.5,VAISHALI,BIHAR,D127,RAGHOPUR,0.89
29-06-2025,25.5,85.5,VAISHALI,BIHAR,D127,RAGHOPUR,0.89
30-06-2025,25.5,85.5,VAISHALI,BIHAR,D127,RAGHOPUR,0.99
01-07-2025,25.5,85.5,VAISHALI,BIHAR,D127,RAGHOPUR,0.9
02-07-2025,25.5,85.5,VAISHALI,BIHAR,D127,RAGHOPUR,0.78
03-07-2025,25.5,85.5,VAISHALI,BIHAR,D127,RAGHOPUR,0.65
04-07-2025,25.5,85.5,VAISHALI,BIHAR,D127,RAGHOPUR,0.67
05-07-2025,25.5,85.5,VAISHALI,BIHAR,D127,RAGHOPUR,0.79
06-07-2025,25.5,85.5,VAISHALI,BIHAR,D127,RAGHOPUR,0.89
07-07-2025,25.5,85.5,VAISHALI,BIHAR,D127,RAGHOPUR,0.69
08-07-2025,25.5,85.5,VAISHALI,BIHAR,D127,RAGHOPUR,0.75
09-07-2025,25.5,85.5,VAISHALI,BIHAR,D127,RAGHOPUR,0.92
10-07-2025,25.5,85.5,VAISHALI,BIHAR,D127,RAGHOPUR,1
11-07-2025,25.5,85.5,VAISHALI,BIHAR,D127,RAGHOPUR,0.99
12-07-2025,25.5,85.5,VAISHALI,BIHAR,D127,RAGHOPUR,0.88
13-07-2025,25.5,85.5,VAISHALI,BIHAR,D127,RAGHOPUR,1.03
14-07-2025,25.5,85.5,VAISHALI,BIHAR,D127,RAGHOPUR,1.15
15-07-2025,25.5,85.5,VAISHALI,BIHAR,D127,RAGHOPUR,0.84
16-07-2025,25.5,85.5,VAISHALI,BIHAR,D127,RAGHOPUR,0.9
17-07-2025,25.5,85.5,VAISHALI,BIHAR,D127,RAGHOPUR,0.87
18-07-2025,25.5,85.5,VAISHALI,BIHAR,D127,RAGHOPUR,0.84
19-07-2025,25.5,85.5,VAISHALI,BIHAR,D127,RAGHOPUR,0.93
20-07-2025,25.5,85.5,VAISHALI,BIHAR,D127,RAGHOPUR,0.94
21-07-2025,25.5,85.5,VAISHALI,BIHAR,D127,RAGHOPUR,0.75
22-07-2025,25.5,85.5,VAISHALI,BIHAR,D127,RAGHOPUR,0.76
23-07-2025,25.5,85.5,VAISHALI,BIHAR,D127,RAGHOPUR,0.75
24-07-2025,25.5,85.5,VAISHALI,BIHAR,D127,RAGHOPUR,0.79
25-07-2025,25.5,85.5,VAISHALI,BIHAR,D127,RAGHOPUR,0.85
26-07-2025,25.5,85.5,VAISHALI,BIHAR,D127,RAGHOPUR,0.75
27-07-2025,25.5,85.5,VAISHALI,BIHAR,D127,RAGHOPUR,0.73
28-07-2025,25.5,85.5,VAISHALI,BIHAR,D127,RAGHOPUR,0.64
29-07-2025,25.5,85.5,VAISHALI,BIHAR,D127,RAGHOPUR,0.72
30-07-2025,25.5,85.5,VAISHALI,BIHAR,D127,RAGHOPUR,0.7
31-07-2025,25.5,85.5,VAISHALI,BIHAR,D127,RAGHOPUR,0.68
01-08-2025,25.5,85.5,VAISHALI,BIHAR,D127,RAGHOPUR,0.78
02-08-2025,25.5,85.5,VAISHALI,BIHAR,D127,RAGHOPUR,0.8
03-08-2025,25.5,85.5,VAISHALI,BIHAR,D127,RAGHOPUR,0.61
04-08-2025,25.5,85.5,VAISHALI,BIHAR,D127,RAGHOPUR,0.8
05-08-2025,25.5,85.5,VAISHALI,BIHAR,D127,RAGHOPUR,0.69
06-08-2025,25.5,85.5,VAISHALI,BIHAR,D127,RAGHOPUR,0.62
07-08-2025,25.5,85.5,VAISHALI,BIHAR,D127,RAGHOPUR,0.63
08-08-2025,25.5,85.5,VAISHALI,BIHAR,D127,RAGHOPUR,0.74
09-08-2025,25.5,85.5,VAISHALI,BIHAR,D127,RAGHOPUR,0.76
10-08-2025,25.5,85.5,VAISHALI,BIHAR,D127,RAGHOPUR,0.82
11-08-2025,25.5,85.5,VAISHALI,BIHAR,D127,RAGHOPUR,0.8
12-08-2025,25.5,85.5,VAISHALI,BIHAR,D127,RAGHOPUR,0.73
13-08-2025,25.5,85.5,VAISHALI,BIHAR,D127,RAGHOPUR,0.62
14-08-2025,25.5,85.5,VAISHALI,BIHAR,D127,RAGHOPUR,0.8
15-08-2025,25.5,85.5,VAISHALI,BIHAR,D127,RAGHOPUR,0.7
16-08-2025,25.5,85.5,VAISHALI,BIHAR,D127,RAGHOPUR,0.65
17-08-2025,25.5,85.5,VAISHALI,BIHAR,D127,RAGHOPUR,0.65
18-08-2025,25.5,85.5,VAISHALI,BIHAR,D127,RAGHOPUR,0.73
19-08-2025,25.5,85.5,VAISHALI,BIHAR,D127,RAGHOPUR,0.63
20-08-2025,25.5,85.5,VAISHALI,BIHAR,D127,RAGHOPUR,0.62
21-08-2025,25.5,85.5,VAISHALI,BIHAR,D127,RAGHOPUR,0.67
22-08-2025,25.5,85.5,VAISHALI,BIHAR,D127,RAGHOPUR,0.72
23-08-2025,25.5,85.5,VAISHALI,BIHAR,D127,RAGHOPUR,0.74
24-08-2025,25.5,85.5,VAISHALI,BIHAR,D127,RAGHOPUR,0.55
25-08-2025,25.5,85.5,VAISHALI,BIHAR,D127,RAGHOPUR,0.61
26-08-2025,25.5,85.5,VAISHALI,BIHAR,D127,RAGHOPUR,0.59
27-08-2025,25.5,85.5,VAISHALI,BIHAR,D127,RAGHOPUR,0.65
28-08-2025,25.5,85.5,VAISHALI,BIHAR,D127,RAGHOPUR,0.72
29-08-2025,25.5,85.5,VAISHALI,BIHAR,D127,RAGHOPUR,0.79
30-08-2025,25.5,85.5,VAISHALI,BIHAR,D127,RAGHOPUR,0.68
31-08-2025,25.5,85.5,VAISHALI,BIHAR,D127,RAGHOPUR,0.66
01-09-2025,25.5,85.5,VAISHALI,BIHAR,D127,RAGHOPUR,0.85
02-09-2025,25.5,85.5,VAISHALI,BIHAR,D127,RAGHOPUR,0.84
03-09-2025,25.5,85.5,VAISHALI,BIHAR,D127,RAGHOPUR,0.7
04-09-2025,25.5,85.5,VAISHALI,BIHAR,D127,RAGHOPUR,0.68
05-09-2025,25.5,85.5,VAISHALI,BIHAR,D127,RAGHOPUR,0.77
06-09-2025,25.5,85.5,VAISHALI,BIHAR,D127,RAGHOPUR,0.99
07-09-2025,25.5,85.5,VAISHALI,BIHAR,D127,RAGHOPUR,0.76
08-09-2025,25.5,85.5,VAISHALI,BIHAR,D127,RAGHOPUR,0.78
09-09-2025,25.5,85.5,VAISHALI,BIHAR,D127,RAGHOPUR,0.67
10-09-2025,25.5,85.5,VAISHALI,BIHAR,D127,RAGHOPUR,0.71
11-09-2025,25.5,85.5,VAISHALI,BIHAR,D127,RAGHOPUR,0.77
12-09-2025,25.5,85.5,VAISHALI,BIHAR,D127,RAGHOPUR,0.92
13-09-2025,25.5,85.5,VAISHALI,BIHAR,D127,RAGHOPUR,0.83
14-09-2025,25.5,85.5,VAISHALI,BIHAR,D127,RAGHOPUR,0.74
15-09-2025,25.5,85.5,VAISHALI,BIHAR,D127,RAGHOPUR,0.88
16-09-2025,25.5,85.5,VAISHALI,BIHAR,D127,RAGHOPUR,0.75
17-09-2025,25.5,85.5,VAISHALI,BIHAR,D127,RAGHOPUR,0.9
18-09-2025,25.5,85.5,VAISHALI,BIHAR,D127,RAGHOPUR,0.78
19-09-2025,25.5,85.5,VAISHALI,BIHAR,D127,RAGHOPUR,0.81
20-09-2025,25.5,85.5,VAISHALI,BIHAR,D127,RAGHOPUR,0.76
21-09-2025,25.5,85.5,VAISHALI,BIHAR,D127,RAGHOPUR,0.64
22-09-2025,25.5,85.5,VAISHALI,BIHAR,D127,RAGHOPUR,0.74
23-09-2025,25.5,85.5,VAISHALI,BIHAR,D127,RAGHOPUR,0.81
24-09-2025,25.5,85.5,VAISHALI,BIHAR,D127,RAGHOPUR,0.92
25-09-2025,25.5,85.5,VAISHALI,BIHAR,D127,RAGHOPUR,1.07
26-09-2025,25.5,85.5,VAISHALI,BIHAR,D127,RAGHOPUR,1.14
27-09-2025,25.5,85.5,VAISHALI,BIHAR,D127,RAGHOPUR,1.15
28-09-2025,25.5,85.5,VAISHALI,BIHAR,D127,RAGHOPUR,1.06
29-09-2025,25.5,85.5,VAISHALI,BIHAR,D127,RAGHOPUR,0.93
30-09-2025,25.5,85.5,VAISHALI,BIHAR,D127,RAGHOPUR,0.96
01-10-2025,25.5,85.5,VAISHALI,BIHAR,D127,RAGHOPUR,0.98
02-10-2025,25.5,85.5,VAISHALI,BIHAR,D127,RAGHOPUR,0.94
03-10-2025,25.5,85.5,VAISHALI,BIHAR,D127,RAGHOPUR,1.03
04-10-2025,25.5,85.5,VAISHALI,BIHAR,D127,RAGHOPUR,1
05-10-2025,25.5,85.5,VAISHALI,BIHAR,D127,RAGHOPUR,1.02
06-10-2025,25.5,85.5,VAISHALI,BIHAR,D127,RAGHOPUR,0.97
07-10-2025,25.5,85.5,VAISHALI,BIHAR,D127,RAGHOPUR,0.99
08-10-2025,25.5,85.5,VAISHALI,BIHAR,D127,RAGHOPUR,1.14
09-10-2025,25.5,85.5,VAISHALI,BIHAR,D127,RAGHOPUR,1.3
10-10-2025,25.5,85.5,VAISHALI,BIHAR,D127,RAGHOPUR,1.24
11-10-2025,25.5,85.5,VAISHALI,BIHAR,D127,RAGHOPUR,1.08
12-10-2025,25.5,85.5,VAISHALI,BIHAR,D127,RAGHOPUR,1.22
13-10-2025,25.5,85.5,VAISHALI,BIHAR,D127,RAGHOPUR,1.37
14-10-2025,25.5,85.5,VAISHALI,BIHAR,D127,RAGHOPUR,1.52
15-10-2025,25.5,85.5,VAISHALI,BIHAR,D127,RAGHOPUR,1.61
16-10-2025,25.5,85.5,VAISHALI,BIHAR,D127,RAGHOPUR,1.63
17-10-2025,25.5,85.5,VAISHALI,BIHAR,D127,RAGHOPUR,1.62
18-10-2025,25.5,85.5,VAISHALI,BIHAR,D127,RAGHOPUR,1.56
19-10-2025,25.5,85.5,VAISHALI,BIHAR,D127,RAGHOPUR,1.64
20-10-2025,25.5,85.5,VAISHALI,BIHAR,D127,RAGHOPUR,1.87
21-10-2025,25.5,85.5,VAISHALI,BIHAR,D127,RAGHOPUR,1.74
22-10-2025,25.5,85.5,VAISHALI,BIHAR,D127,RAGHOPUR,1.58
23-10-2025,25.5,85.5,VAISHALI,BIHAR,D127,RAGHOPUR,1.65
24-10-2025,25.5,85.5,VAISHALI,BIHAR,D127,RAGHOPUR,1.94
25-10-2025,25.5,85.5,VAISHALI,BIHAR,D127,RAGHOPUR,1.82
26-10-2025,25.5,85.5,VAISHALI,BIHAR,D127,RAGHOPUR,1.91
27-10-2025,25.5,85.5,VAISHALI,BIHAR,D127,RAGHOPUR,1.77
28-10-2025,25.5,85.5,VAISHALI,BIHAR,D127,RAGHOPUR,1.79
29-10-2025,25.5,85.5,VAISHALI,BIHAR,D127,RAGHOPUR,2.01
30-10-2025,25.5,85.5,VAISHALI,BIHAR,D127,RAGHOPUR,1.99
31-10-2025,25.5,85.5,VAISHALI,BIHAR,D127,RAGHOPUR,1.82
01-11-2025,25.5,85.5,VAISHALI,BIHAR,D127,RAGHOPUR,1.75
02-11-2025,25.5,85.5,VAISHALI,BIHAR,D127,RAGHOPUR,1.78
03-11-2025,25.5,85.5,VAISHALI,BIHAR,D127,RAGHOPUR,1.82
04-11-2025,25.5,85.5,VAISHALI,BIHAR,D127,RAGHOPUR,1.87
05-11-2025,25.5,85.5,VAISHALI,BIHAR,D127,RAGHOPUR,1.91
06-11-2025,25.5,85.5,VAISHALI,BIHAR,D127,RAGHOPUR,1.71
07-11-2025,25.5,85.5,VAISHALI,BIHAR,D127,RAGHOPUR,1.74
08-11-2025,25.5,85.5,VAISHALI,BIHAR,D127,RAGHOPUR,1.75
09-11-2025,25.5,85.5,VAISHALI,BIHAR,D127,RAGHOPUR,2.06
10-11-2025,25.5,85.5,VAISHALI,BIHAR,D127,RAGHOPUR,1.95
11-11-2025,25.5,85.5,VAISHALI,BIHAR,D127,RAGHOPUR,1.88
12-11-2025,25.5,85.5,VAISHALI,BIHAR,D127,RAGHOPUR,1.67
13-11-2025,25.5,85.5,VAISHALI,BIHAR,D127,RAGHOPUR,1.87
14-11-2025,25.5,85.5,VAISHALI,BIHAR,D127,RAGHOPUR,1.94
15-11-2025,25.5,85.5,VAISHALI,BIHAR,D127,RAGHOPUR,1.89
16-11-2025,25.5,85.5,VAISHALI,BIHAR,D127,RAGHOPUR,2.06
17-11-2025,25.5,85.5,VAISHALI,BIHAR,D127,RAGHOPUR,2.1
18-11-2025,25.5,85.5,VAISHALI,BIHAR,D127,RAGHOPUR,2.18
19-11-2025,25.5,85.5,VAISHALI,BIHAR,D127,RAGHOPUR,2.22
20-11-2025,25.5,85.5,VAISHALI,BIHAR,D127,RAGHOPUR,2.06
21-11-2025,25.5,85.5,VAISHALI,BIHAR,D127,RAGHOPUR,1.89
22-11-2025,25.5,85.5,VAISHALI,BIHAR,D127,RAGHOPUR,1.75
23-11-2025,25.5,85.5,VAISHALI,BIHAR,D127,RAGHOPUR,1.6
24-11-2025,25.5,85.5,VAISHALI,BIHAR,D127,RAGHOPUR,1.65
25-11-2025,25.5,85.5,VAISHALI,BIHAR,D127,RAGHOPUR,1.7
26-11-2025,25.5,85.5,VAISHALI,BIHAR,D127,RAGHOPUR,1.84
27-11-2025,25.5,85.5,VAISHALI,BIHAR,D127,RAGHOPUR,1.88
28-11-2025,25.5,85.5,VAISHALI,BIHAR,D127,RAGHOPUR,2
29-11-2025,25.5,85.5,VAISHALI,BIHAR,D127,RAGHOPUR,1.94
30-11-2025,25.5,85.5,VAISHALI,BIHAR,D127,RAGHOPUR,1.85
01-12-2025,25.5,85.5,VAISHALI,BIHAR,D127,RAGHOPUR,1.98
02-12-2025,25.5,85.5,VAISHALI,BIHAR,D127,RAGHOPUR,2.2
03-12-2025,25.5,85.5,VAISHALI,BIHAR,D127,RAGHOPUR,2.15
04-12-2025,25.5,85.5,VAISHALI,BIHAR,D127,RAGHOPUR,2.14
05-12-2025,25.5,85.5,VAISHALI,BIHAR,D127,RAGHOPUR,2.27
06-12-2025,25.5,85.5,VAISHALI,BIHAR,D127,RAGHOPUR,2.2
07-12-2025,25.5,85.5,VAISHALI,BIHAR,D127,RAGHOPUR,2.26
08-12-2025,25.5,85.5,VAISHALI,BIHAR,D127,RAGHOPUR,2.19
09-12-2025,25.5,85.5,VAISHALI,BIHAR,D127,RAGHOPUR,2.31
10-12-2025,25.5,85.5,VAISHALI,BIHAR,D127,RAGHOPUR,2.23
11-12-2025,25.5,85.5,VAISHALI,BIHAR,D127,RAGHOPUR,2.21
12-12-2025,25.5,85.5,VAISHALI,BIHAR,D127,RAGHOPUR,1.96
13-12-2025,25.5,85.5,VAISHALI,BIHAR,D127,RAGHOPUR,2.04
14-12-2025,25.5,85.5,VAISHALI,BIHAR,D127,RAGHOPUR,2.04
15-12-2025,25.5,85.5,VAISHALI,BIHAR,D127,RAGHOPUR,1.85
16-12-2025,25.5,85.5,VAISHALI,BIHAR,D127,RAGHOPUR,2.02
17-12-2025,25.5,85.5,VAISHALI,BIHAR,D127,RAGHOPUR,1.7
18-12-2025,25.5,85.5,VAISHALI,BIHAR,D127,RAGHOPUR,1.68
19-12-2025,25.5,85.5,VAISHALI,BIHAR,D127,RAGHOPUR,1.76
20-12-2025,25.5,85.5,VAISHALI,BIHAR,D127,RAGHOPUR,1.83
21-12-2025,25.5,85.5,VAISHALI,BIHAR,D127,RAGHOPUR,1.72
22-12-2025,25.5,85.5,VAISHALI,BIHAR,D127,RAGHOPUR,1.88
23-12-2025,25.5,85.5,VAISHALI,BIHAR,D127,RAGHOPUR,2.04
24-12-2025,25.5,85.5,VAISHALI,BIHAR,D127,RAGHOPUR,1.71
25-12-2025,25.5,85.5,VAISHALI,BIHAR,D127,RAGHOPUR,1.74
26-12-2025,25.5,85.5,VAISHALI,BIHAR,D127,RAGHOPUR,1.94
27-12-2025,25.5,85.5,VAISHALI,BIHAR,D127,RAGHOPUR,2.11
28-12-2025,25.5,85.5,VAISHALI,BIHAR,D127,RAGHOPUR,2.09
29-12-2025,25.5,85.5,VAISHALI,BIHAR,D127,RAGHOPUR,2.3
30-12-2025,25.5,85.5,VAISHALI,BIHAR,D127,RAGHOPUR,2.32
31-12-2025,25.5,85.5,VAISHALI,BIHAR,D127,RAGHOPUR,2.07
01-01-2025,25.5,83.5,GHAZIPUR,UTTAR PRADESH,D706,GHAZIPUR,2.54
02-01-2025,25.5,83.5,GHAZIPUR,UTTAR PRADESH,D706,GHAZIPUR,2.48
03-01-2025,25.5,83.5,GHAZIPUR,UTTAR PRADESH,D706,GHAZIPUR,2.62
04-01-2025,25.5,83.5,GHAZIPUR,UTTAR PRADESH,D706,GHAZIPUR,2.5
05-01-2025,25.5,83.5,GHAZIPUR,UTTAR PRADESH,D706,GHAZIPUR,2.42
06-01-2025,25.5,83.5,GHAZIPUR,UTTAR PRADESH,D706,GHAZIPUR,2.5
07-01-2025,25.5,83.5,GHAZIPUR,UTTAR PRADESH,D706,GHAZIPUR,2.87
08-01-2025,25.5,83.5,GHAZIPUR,UTTAR PRADESH,D706,GHAZIPUR,3.04
09-01-2025,25.5,83.5,GHAZIPUR,UTTAR PRADESH,D706,GHAZIPUR,2.98
10-01-2025,25.5,83.5,GHAZIPUR,UTTAR PRADESH,D706,GHAZIPUR,2.84
11-01-2025,25.5,83.5,GHAZIPUR,UTTAR PRADESH,D706,GHAZIPUR,2.59
12-01-2025,25.5,83.5,GHAZIPUR,UTTAR PRADESH,D706,GHAZIPUR,2.31
13-01-2025,25.5,83.5,GHAZIPUR,UTTAR PRADESH,D706,GHAZIPUR,2.05
14-01-2025,25.5,83.5,GHAZIPUR,UTTAR PRADESH,D706,GHAZIPUR,1.9
15-01-2025,25.5,83.5,GHAZIPUR,UTTAR PRADESH,D706,GHAZIPUR,2.14
16-01-2025,25.5,83.5,GHAZIPUR,UTTAR PRADESH,D706,GHAZIPUR,2.18
17-01-2025,25.5,83.5,GHAZIPUR,UTTAR PRADESH,D706,GHAZIPUR,2.27
18-01-2025,25.5,83.5,GHAZIPUR,UTTAR PRADESH,D706,GHAZIPUR,2.78
19-01-2025,25.5,83.5,GHAZIPUR,UTTAR PRADESH,D706,GHAZIPUR,2.87
20-01-2025,25.5,83.5,GHAZIPUR,UTTAR PRADESH,D706,GHAZIPUR,2.59
21-01-2025,25.5,83.5,GHAZIPUR,UTTAR PRADESH,D706,GHAZIPUR,1.99
22-01-2025,25.5,83.5,GHAZIPUR,UTTAR PRADESH,D706,GHAZIPUR,2.26
23-01-2025,25.5,83.5,GHAZIPUR,UTTAR PRADESH,D706,GHAZIPUR,2.68
24-01-2025,25.5,83.5,GHAZIPUR,UTTAR PRADESH,D706,GHAZIPUR,2.47
25-01-2025,25.5,83.5,GHAZIPUR,UTTAR PRADESH,D706,GHAZIPUR,2.5
26-01-2025,25.5,83.5,GHAZIPUR,UTTAR PRADESH,D706,GHAZIPUR,2.5
27-01-2025,25.5,83.5,GHAZIPUR,UTTAR PRADESH,D706,GHAZIPUR,2.38
28-01-2025,25.5,83.5,GHAZIPUR,UTTAR PRADESH,D706,GHAZIPUR,2.34
29-01-2025,25.5,83.5,GHAZIPUR,UTTAR PRADESH,D706,GHAZIPUR,2.24
30-01-2025,25.5,83.5,GHAZIPUR,UTTAR PRADESH,D706,GHAZIPUR,2.15
31-01-2025,25.5,83.5,GHAZIPUR,UTTAR PRADESH,D706,GHAZIPUR,2.24
01-02-2025,25.5,83.5,GHAZIPUR,UTTAR PRADESH,D706,GHAZIPUR,2.2
02-02-2025,25.5,83.5,GHAZIPUR,UTTAR PRADESH,D706,GHAZIPUR,2.19
03-02-2025,25.5,83.5,GHAZIPUR,UTTAR PRADESH,D706,GHAZIPUR,1.85
04-02-2025,25.5,83.5,GHAZIPUR,UTTAR PRADESH,D706,GHAZIPUR,1.89
05-02-2025,25.5,83.5,GHAZIPUR,UTTAR PRADESH,D706,GHAZIPUR,1.73
06-02-2025,25.5,83.5,GHAZIPUR,UTTAR PRADESH,D706,GHAZIPUR,1.81
07-02-2025,25.5,83.5,GHAZIPUR,UTTAR PRADESH,D706,GHAZIPUR,2.23
08-02-2025,25.5,83.5,GHAZIPUR,UTTAR PRADESH,D706,GHAZIPUR,2.4
09-02-2025,25.5,83.5,GHAZIPUR,UTTAR PRADESH,D706,GHAZIPUR,2.03
10-02-2025,25.5,83.5,GHAZIPUR,UTTAR PRADESH,D706,GHAZIPUR,2.18
11-02-2025,25.5,83.5,GHAZIPUR,UTTAR PRADESH,D706,GHAZIPUR,1.95
12-02-2025,25.5,83.5,GHAZIPUR,UTTAR PRADESH,D706,GHAZIPUR,2.22
13-02-2025,25.5,83.5,GHAZIPUR,UTTAR PRADESH,D706,GHAZIPUR,2.2
14-02-2025,25.5,83.5,GHAZIPUR,UTTAR PRADESH,D706,GHAZIPUR,2.15
15-02-2025,25.5,83.5,GHAZIPUR,UTTAR PRADESH,D706,GHAZIPUR,2.24
16-02-2025,25.5,83.5,GHAZIPUR,UTTAR PRADESH,D706,GHAZIPUR,1.94
17-02-2025,25.5,83.5,GHAZIPUR,UTTAR PRADESH,D706,GHAZIPUR,1.72
18-02-2025,25.5,83.5,GHAZIPUR,UTTAR PRADESH,D706,GHAZIPUR,2.04
19-02-2025,25.5,83.5,GHAZIPUR,UTTAR PRADESH,D706,GHAZIPUR,2.19
20-02-2025,25.5,83.5,GHAZIPUR,UTTAR PRADESH,D706,GHAZIPUR,2.2
21-02-2025,25.5,83.5,GHAZIPUR,UTTAR PRADESH,D706,GHAZIPUR,2.05
22-02-2025,25.5,83.5,GHAZIPUR,UTTAR PRADESH,D706,GHAZIPUR,1.73
23-02-2025,25.5,83.5,GHAZIPUR,UTTAR PRADESH,D706,GHAZIPUR,1.51
24-02-2025,25.5,83.5,GHAZIPUR,UTTAR PRADESH,D706,GHAZIPUR,1.93
25-02-2025,25.5,83.5,GHAZIPUR,UTTAR PRADESH,D706,GHAZIPUR,2.1
26-02-2025,25.5,83.5,GHAZIPUR,UTTAR PRADESH,D706,GHAZIPUR,2.06
27-02-2025,25.5,83.5,GHAZIPUR,UTTAR PRADESH,D706,GHAZIPUR,1.77
28-02-2025,25.5,83.5,GHAZIPUR,UTTAR PRADESH,D706,GHAZIPUR,1.95
29-02-2025,25.5,83.5,GHAZIPUR,UTTAR PRADESH,D706,GHAZIPUR,1.8
01-03-2025,25.5,83.5,GHAZIPUR,UTTAR PRADESH,D706,GHAZIPUR,2.13
02-03-2025,25.5,83.5,GHAZIPUR,UTTAR PRADESH,D706,GHAZIPUR,1.99
03-03-2025,25.5,83.5,GHAZIPUR,UTTAR PRADESH,D706,GHAZIPUR,1.91
04-03-2025,25.5,83.5,GHAZIPUR,UTTAR PRADESH,D706,GHAZIPUR,1.58
05-03-2025,25.5,83.5,GHAZIPUR,UTTAR PRADESH,D706,GHAZIPUR,2.1
06-03-2025,25.5,83.5,GHAZIPUR,UTTAR PRADESH,D706,GHAZIPUR,2.14
07-03-2025,25.5,83.5,GHAZIPUR,UTTAR PRADESH,D706,GHAZIPUR,2.14
08-03-2025,25.5,83.5,GHAZIPUR,UTTAR PRADESH,D706,GHAZIPUR,2.19
09-03-2025,25.5,83.5,GHAZIPUR,UTTAR PRADESH,D706,GHAZIPUR,2.26
10-03-2025,25.5,83.5,GHAZIPUR,UTTAR PRADESH,D706,GHAZIPUR,1.99
11-03-2025,25.5,83.5,GHAZIPUR,UTTAR PRADESH,D706,GHAZIPUR,1.68
12-03-2025,25.5,83.5,GHAZIPUR,UTTAR PRADESH,D706,GHAZIPUR,1.42
13-03-2025,25.5,83.5,GHAZIPUR,UTTAR PRADESH,D706,GHAZIPUR,1.75
14-03-2025,25.5,83.5,GHAZIPUR,UTTAR PRADESH,D706,GHAZIPUR,1.71
15-03-2025,25.5,83.5,GHAZIPUR,UTTAR PRADESH,D706,GHAZIPUR,1.81
16-03-2025,25.5,83.5,GHAZIPUR,UTTAR PRADESH,D706,GHAZIPUR,1.87
17-03-2025,25.5,83.5,GHAZIPUR,UTTAR PRADESH,D706,GHAZIPUR,1.78
18-03-2025,25.5,83.5,GHAZIPUR,UTTAR PRADESH,D706,GHAZIPUR,1.69
19-03-2025,25.5,83.5,GHAZIPUR,UTTAR PRADESH,D706,GHAZIPUR,1.8
20-03-2025,25.5,83.5,GHAZIPUR,UTTAR PRADESH,D706,GHAZIPUR,1.98
21-03-2025,25.5,83.5,GHAZIPUR,UTTAR PRADESH,D706,GHAZIPUR,1.98
22-03-2025,25.5,83.5,GHAZIPUR,UTTAR PRADESH,D706,GHAZIPUR,1.71
23-03-2025,25.5,83.5,GHAZIPUR,UTTAR PRADESH,D706,GHAZIPUR,1.63
24-03-2025,25.5,83.5,GHAZIPUR,UTTAR PRADESH,D706,GHAZIPUR,1.69
25-03-2025,25.5,83.5,GHAZIPUR,UTTAR PRADESH,D706,GHAZIPUR,1.84
26-03-2025,25.5,83.5,GHAZIPUR,UTTAR PRADESH,D706,GHAZIPUR,1.81
27-03-2025,25.5,83.5,GHAZIPUR,UTTAR PRADESH,D706,GHAZIPUR,2.06
28-03-2025,25.5,83.5,GHAZIPUR,UTTAR PRADESH,D706,GHAZIPUR,1.65
29-03-2025,25.5,83.5,GHAZIPUR,UTTAR PRADESH,D706,GHAZIPUR,1.34
30-03-2025,25.5,83.5,GHAZIPUR,UTTAR PRADESH,D706,GHAZIPUR,1.7
31-03-2025,25.5,83.5,GHAZIPUR,UTTAR PRADESH,D706,GHAZIPUR,1.75
01-04-2025,25.5,83.5,GHAZIPUR,UTTAR PRADESH,D706,GHAZIPUR,1.53
02-04-2025,25.5,83.5,GHAZIPUR,UTTAR PRADESH,D706,GHAZIPUR,1.77
03-04-2025,25.5,83.5,GHAZIPUR,UTTAR PRADESH,D706,GHAZIPUR,1.91
04-04-2025,25.5,83.5,GHAZIPUR,UTTAR PRADESH,D706,GHAZIPUR,2.15
05-04-2025,25.5,83.5,GHAZIPUR,UTTAR PRADESH,D706,GHAZIPUR,1.89
06-04-2025,25.5,83.5,GHAZIPUR,UTTAR PRADESH,D706,GHAZIPUR,1.96
07-04-2025,25.5,83.5,GHAZIPUR,UTTAR PRADESH,D706,GHAZIPUR,1.72
08-04-2025,25.5,83.5,GHAZIPUR,UTTAR PRADESH,D706,GHAZIPUR,1.7
09-04-2025,25.5,83.5,GHAZIPUR,UTTAR PRADESH,D706,GHAZIPUR,1.44
10-04-2025,25.5,83.5,GHAZIPUR,UTTAR PRADESH,D706,GHAZIPUR,1.37
11-04-2025,25.5,83.5,GHAZIPUR,UTTAR PRADESH,D706,GHAZIPUR,1.89
12-04-2025,25.5,83.5,GHAZIPUR,UTTAR PRADESH,D706,GHAZIPUR,1.91
13-04-2025,25.5,83.5,GHAZIPUR,UTTAR PRADESH,D706,GHAZIPUR,1.72
14-04-2025,25.5,83.5,GHAZIPUR,UTTAR PRADESH,D706,GHAZIPUR,1.52
15-04-2025,25.5,83.5,GHAZIPUR,UTTAR PRADESH,D706,GHAZIPUR,1.26
16-04-2025,25.5,83.5,GHAZIPUR,UTTAR PRADESH,D706,GHAZIPUR,1.29
17-04-2025,25.5,83.5,GHAZIPUR,UTTAR PRADESH,D706,GHAZIPUR,1.39
18-04-2025,25.5,83.5,GHAZIPUR,UTTAR PRADESH,D706,GHAZIPUR,1.8
19-04-2025,25.5,83.5,GHAZIPUR,UTTAR PRADESH,D706,GHAZIPUR,1.8
20-04-2025,25.5,83.5,GHAZIPUR,UTTAR PRADESH,D706,GHAZIPUR,1.79
21-04-2025,25.5,83.5,GHAZIPUR,UTTAR PRADESH,D706,GHAZIPUR,1.93
22-04-2025,25.5,83.5,GHAZIPUR,UTTAR PRADESH,D706,GHAZIPUR,1.95
23-04-2025,25.5,83.5,GHAZIPUR,UTTAR PRADESH,D706,GHAZIPUR,1.55
24-04-2025,25.5,83.5,GHAZIPUR,UTTAR PRADESH,D706,GHAZIPUR,1.62
25-04-2025,25.5,83.5,GHAZIPUR,UTTAR PRADESH,D706,GHAZIPUR,1.5
26-04-2025,25.5,83.5,GHAZIPUR,UTTAR PRADESH,D706,GHAZIPUR,1.69
27-04-2025,25.5,83.5,GHAZIPUR,UTTAR PRADESH,D706,GHAZIPUR,1.6
28-04-2025,25.5,83.5,GHAZIPUR,UTTAR PRADESH,D706,GHAZIPUR,1.33
29-04-2025,25.5,83.5,GHAZIPUR,UTTAR PRADESH,D706,GHAZIPUR,1.39
30-04-2025,25.5,83.5,GHAZIPUR,UTTAR PRADESH,D706,GHAZIPUR,1.63
01-05-2025,25.5,83.5,GHAZIPUR,UTTAR PRADESH,D706,GHAZIPUR,1.61
02-05-2025,25.5,83.5,GHAZIPUR,UTTAR PRADESH,D706,GHAZIPUR,1.69
03-05-2025,25.5,83.5,GHAZIPUR,UTTAR PRADESH,D706,GHAZIPUR,1.97
04-05-2025,25.5,83.5,GHAZIPUR,UTTAR PRADESH,D706,GHAZIPUR,1.89
05-05-2025,25.5,83.5,GHAZIPUR,UTTAR PRADESH,D706,GHAZIPUR,1.45
06-05-2025,25.5,83.5,GHAZIPUR,UTTAR PRADESH,D706,GHAZIPUR,1.57
07-05-2025,25.5,83.5,GHAZIPUR,UTTAR PRADESH,D706,GHAZIPUR,1.35
08-05-2025,25.5,83.5,GHAZIPUR,UTTAR PRADESH,D706,GHAZIPUR,1.48
09-05-2025,25.5,83.5,GHAZIPUR,UTTAR PRADESH,D706,GHAZIPUR,1.4
10-05-2025,25.5,83.5,GHAZIPUR,UTTAR PRADESH,D706,GHAZIPUR,1.89
11-05-2025,25.5,83.5,GHAZIPUR,UTTAR PRADESH,D706,GHAZIPUR,1.99
12-05-2025,25.5,83.5,GHAZIPUR,UTTAR PRADESH,D706,GHAZIPUR,1.82
13-05-2025,25.5,83.5,GHAZIPUR,UTTAR PRADESH,D706,GHAZIPUR,1.88
14-05-2025,25.5,83.5,GHAZIPUR,UTTAR PRADESH,D706,GHAZIPUR,1.78
15-05-2025,25.5,83.5,GHAZIPUR,UTTAR PRADESH,D706,GHAZIPUR,1.4
16-05-2025,25.5,83.5,GHAZIPUR,UTTAR PRADESH,D706,GHAZIPUR,1.35
17-05-2025,25.5,83.5,GHAZIPUR,UTTAR PRADESH,D706,GHAZIPUR,1.53
18-05-2025,25.5,83.5,GHAZIPUR,UTTAR PRADESH,D706,GHAZIPUR,1.46
19-05-2025,25.5,83.5,GHAZIPUR,UTTAR PRADESH,D706,GHAZIPUR,1.57
20-05-2025,25.5,83.5,GHAZIPUR,UTTAR PRADESH,D706,GHAZIPUR,1.49
21-05-2025,25.5,83.5,GHAZIPUR,UTTAR PRADESH,D706,GHAZIPUR,1.37
22-05-2025,25.5,83.5,GHAZIPUR,UTTAR PRADESH,D706,GHAZIPUR,1.44
23-05-2025,25.5,83.5,GHAZIPUR,UTTAR PRADESH,D706,GHAZIPUR,1.43
24-05-2025,25.5,83.5,GHAZIPUR,UTTAR PRADESH,D706,GHAZIPUR,1.33
25-05-2025,25.5,83.5,GHAZIPUR,UTTAR PRADESH,D706,GHAZIPUR,1.61
26-05-2025,25.5,83.5,GHAZIPUR,UTTAR PRADESH,D706,GHAZIPUR,1.69
27-05-2025,25.5,83.5,GHAZIPUR,UTTAR PRADESH,D706,GHAZIPUR,1.68
28-05-2025,25.5,83.5,GHAZIPUR,UTTAR PRADESH,D706,GHAZIPUR,1.63
29-05-2025,25.5,83.5,GHAZIPUR,UTTAR PRADESH,D706,GHAZIPUR,1.55
30-05-2025,25.5,83.5,GHAZIPUR,UTTAR PRADESH,D706,GHAZIPUR,1.69
31-05-2025,25.5,83.5,GHAZIPUR,UTTAR PRADESH,D706,GHAZIPUR,1.42
01-06-2025,25.5,83.5,GHAZIPUR,UTTAR PRADESH,D706,GHAZIPUR,1.35
02-06-2025,25.5,83.5,GHAZIPUR,UTTAR PRADESH,D706,GHAZIPUR,1.3
03-06-2025,25.5,83.5,GHAZIPUR,UTTAR PRADESH,D706,GHAZIPUR,1.26
04-06-2025,25.5,83.5,GHAZIPUR,UTTAR PRADESH,D706,GHAZIPUR,1.63
05-06-2025,25.5,83.5,GHAZIPUR,UTTAR PRADESH,D706,GHAZIPUR,1.77
06-06-2025,25.5,83.5,GHAZIPUR,UTTAR PRADESH,D706,GHAZIPUR,1.81
07-06-2025,25.5,83.5,GHAZIPUR,UTTAR PRADESH,D706,GHAZIPUR,1.73
08-06-2025,25.5,83.5,GHAZIPUR,UTTAR PRADESH,D706,GHAZIPUR,1.73
09-06-2025,25.5,83.5,GHAZIPUR,UTTAR PRADESH,D706,GHAZIPUR,1.82
10-06-2025,25.5,83.5,GHAZIPUR,UTTAR PRADESH,D706,GHAZIPUR,1.23
11-06-2025,25.5,83.5,GHAZIPUR,UTTAR PRADESH,D706,GHAZIPUR,1.25
12-06-2025,25.5,83.5,GHAZIPUR,UTTAR PRADESH,D706,GHAZIPUR,1.38
13-06-2025,25.5,83.5,GHAZIPUR,UTTAR PRADESH,D706,GHAZIPUR,1.26
14-06-2025,25.5,83.5,GHAZIPUR,UTTAR PRADESH,D706,GHAZIPUR,1.51
15-06-2025,25.5,83.5,GHAZIPUR,UTTAR PRADESH,D706,GHAZIPUR,1.87
16-06-2025,25.5,83.5,GHAZIPUR,UTTAR PRADESH,D706,GHAZIPUR,1.87
17-06-2025,25.5,83.5,GHAZIPUR,UTTAR PRADESH,D706,GHAZIPUR,1.63
18-06-2025,25.5,83.5,GHAZIPUR,UTTAR PRADESH,D706,GHAZIPUR,1.52
19-06-2025,25.5,83.5,GHAZIPUR,UTTAR PRADESH,D706,GHAZIPUR,1.62
20-06-2025,25.5,83.5,GHAZIPUR,UTTAR PRADESH,D706,GHAZIPUR,1.61
21-06-2025,25.5,83.5,GHAZIPUR,UTTAR PRADESH,D706,GHAZIPUR,1.43
22-06-2025,25.5,83.5,GHAZIPUR,UTTAR PRADESH,D706,GHAZIPUR,1.36
23-06-2025,25.5,83.5,GHAZIPUR,UTTAR PRADESH,D706,GHAZIPUR,1.11
24-06-2025,25.5,83.5,GHAZIPUR,UTTAR PRADESH,D706,GHAZIPUR,1.2
25-06-2025,25.5,83.5,GHAZIPUR,UTTAR PRADESH,D706,GHAZIPUR,1.16
26-06-2025,25.5,83.5,GHAZIPUR,UTTAR PRADESH,D706,GHAZIPUR,1.23
27-06-2025,25.5,83.5,GHAZIPUR,UTTAR PRADESH,D706,GHAZIPUR,1.21
28-06-2025,25.5,83.5,GHAZIPUR,UTTAR PRADESH,D706,GHAZIPUR,1.2
29-06-2025,25.5,83.5,GHAZIPUR,UTTAR PRADESH,D706,GHAZIPUR,1.18
30-06-2025,25.5,83.5,GHAZIPUR,UTTAR PRADESH,D706,GHAZIPUR,1.31
01-07-2025,25.5,83.5,GHAZIPUR,UTTAR PRADESH,D706,GHAZIPUR,1.2
02-07-2025,25.5,83.5,GHAZIPUR,UTTAR PRADESH,D706,GHAZIPUR,0.93
03-07-2025,25.5,83.5,GHAZIPUR,UTTAR PRADESH,D706,GHAZIPUR,0.88
04-07-2025,25.5,83.5,GHAZIPUR,UTTAR PRADESH,D706,GHAZIPUR,0.86
05-07-2025,25.5,83.5,GHAZIPUR,UTTAR PRADESH,D706,GHAZIPUR,1.03
06-07-2025,25.5,83.5,GHAZIPUR,UTTAR PRADESH,D706,GHAZIPUR,1.04
07-07-2025,25.5,83.5,GHAZIPUR,UTTAR PRADESH,D706,GHAZIPUR,0.86
08-07-2025,25.5,83.5,GHAZIPUR,UTTAR PRADESH,D706,GHAZIPUR,0.87
09-07-2025,25.5,83.5,GHAZIPUR,UTTAR PRADESH,D706,GHAZIPUR,1.15
10-07-2025,25.5,83.5,GHAZIPUR,UTTAR PRADESH,D706,GHAZIPUR,1.13
11-07-2025,25.5,83.5,GHAZIPUR,UTTAR PRADESH,D706,GHAZIPUR,1.18
12-07-2025,25.5,83.5,GHAZIPUR,UTTAR PRADESH,D706,GHAZIPUR,1.11
13-07-2025,25.5,83.5,GHAZIPUR,UTTAR PRADESH,D706,GHAZIPUR,0.96
14-07-2025,25.5,83.5,GHAZIPUR,UTTAR PRADESH,D706,GHAZIPUR,1.18
15-07-2025,25.5,83.5,GHAZIPUR,UTTAR PRADESH,D706,GHAZIPUR,0.88
16-07-2025,25.5,83.5,GHAZIPUR,UTTAR PRADESH,D706,GHAZIPUR,1
17-07-2025,25.5,83.5,GHAZIPUR,UTTAR PRADESH,D706,GHAZIPUR,1.04
18-07-2025,25.5,83.5,GHAZIPUR,UTTAR PRADESH,D706,GHAZIPUR,1.01
19-07-2025,25.5,83.5,GHAZIPUR,UTTAR PRADESH,D706,GHAZIPUR,0.91
20-07-2025,25.5,83.5,GHAZIPUR,UTTAR PRADESH,D706,GHAZIPUR,0.94
21-07-2025,25.5,83.5,GHAZIPUR,UTTAR PRADESH,D706,GHAZIPUR,0.89
22-07-2025,25.5,83.5,GHAZIPUR,UTTAR PRADESH,D706,GHAZIPUR,0.8
23-07-2025,25.5,83.5,GHAZIPUR,UTTAR PRADESH,D706,GHAZIPUR,0.85
24-07-2025,25.5,83.5,GHAZIPUR,UTTAR PRADESH,D706,GHAZIPUR,0.94
25-07-2025,25.5,83.5,GHAZIPUR,UTTAR PRADESH,D706,GHAZIPUR,0.97
26-07-2025,25.5,83.5,GHAZIPUR,UTTAR PRADESH,D706,GHAZIPUR,0.8
27-07-2025,25.5,83.5,GHAZIPUR,UTTAR PRADESH,D706,GHAZIPUR,0.97
28-07-2025,25.5,83.5,GHAZIPUR,UTTAR PRADESH,D706,GHAZIPUR,0.89
29-07-2025,25.5,83.5,GHAZIPUR,UTTAR PRADESH,D706,GHAZIPUR,0.82
30-07-2025,25.5,83.5,GHAZIPUR,UTTAR PRADESH,D706,GHAZIPUR,0.77
31-07-2025,25.5,83.5,GHAZIPUR,UTTAR PRADESH,D706,GHAZIPUR,0.9
01-08-2025,25.5,83.5,GHAZIPUR,UTTAR PRADESH,D706,GHAZIPUR,0.98
02-08-2025,25.5,83.5,GHAZIPUR,UTTAR PRADESH,D706,GHAZIPUR,0.96
03-08-2025,25.5,83.5,GHAZIPUR,UTTAR PRADESH,D706,GHAZIPUR,0.71
04-08-2025,25.5,83.5,GHAZIPUR,UTTAR PRADESH,D706,GHAZIPUR,0.88
05-08-2025,25.5,83.5,GHAZIPUR,UTTAR PRADESH,D706,GHAZIPUR,0.71
06-08-2025,25.5,83.5,GHAZIPUR,UTTAR PRADESH,D706,GHAZIPUR,0.66
07-08-2025,25.5,83.5,GHAZIPUR,UTTAR PRADESH,D706,GHAZIPUR,0.68
08-08-2025,25.5,83.5,GHAZIPUR,UTTAR PRADESH,D706,GHAZIPUR,0.77
09-08-2025,25.5,83.5,GHAZIPUR,UTTAR PRADESH,D706,GHAZIPUR,0.77
10-08-2025,25.5,83.5,GHAZIPUR,UTTAR PRADESH,D706,GHAZIPUR,0.9
11-08-2025,25.5,83.5,GHAZIPUR,UTTAR PRADESH,D706,GHAZIPUR,0.89
12-08-2025,25.5,83.5,GHAZIPUR,UTTAR PRADESH,D706,GHAZIPUR,0.75
13-08-2025,25.5,83.5,GHAZIPUR,UTTAR PRADESH,D706,GHAZIPUR,0.71
14-08-2025,25.5,83.5,GHAZIPUR,UTTAR PRADESH,D706,GHAZIPUR,0.79
15-08-2025,25.5,83.5,GHAZIPUR,UTTAR PRADESH,D706,GHAZIPUR,0.68
16-08-2025,25.5,83.5,GHAZIPUR,UTTAR PRADESH,D706,GHAZIPUR,0.58
17-08-2025,25.5,83.5,GHAZIPUR,UTTAR PRADESH,D706,GHAZIPUR,0.67
18-08-2025,25.5,83.5,GHAZIPUR,UTTAR PRADESH,D706,GHAZIPUR,0.77
19-08-2025,25.5,83.5,GHAZIPUR,UTTAR PRADESH,D706,GHAZIPUR,0.71
20-08-2025,25.5,83.5,GHAZIPUR,UTTAR PRADESH,D706,GHAZIPUR,0.67
21-08-2025,25.5,83.5,GHAZIPUR,UTTAR PRADESH,D706,GHAZIPUR,0.7
22-08-2025,25.5,83.5,GHAZIPUR,UTTAR PRADESH,D706,GHAZIPUR,0.68
23-08-2025,25.5,83.5,GHAZIPUR,UTTAR PRADESH,D706,GHAZIPUR,0.77
24-08-2025,25.5,83.5,GHAZIPUR,UTTAR PRADESH,D706,GHAZIPUR,0.59
25-08-2025,25.5,83.5,GHAZIPUR,UTTAR PRADESH,D706,GHAZIPUR,0.59
26-08-2025,25.5,83.5,GHAZIPUR,UTTAR PRADESH,D706,GHAZIPUR,0.61
27-08-2025,25.5,83.5,GHAZIPUR,UTTAR PRADESH,D706,GHAZIPUR,0.64
28-08-2025,25.5,83.5,GHAZIPUR,UTTAR PRADESH,D706,GHAZIPUR,0.77
29-08-2025,25.5,83.5,GHAZIPUR,UTTAR PRADESH,D706,GHAZIPUR,0.75
30-08-2025,25.5,83.5,GHAZIPUR,UTTAR PRADESH,D706,GHAZIPUR,0.8
31-08-2025,25.5,83.5,GHAZIPUR,UTTAR PRADESH,D706,GHAZIPUR,0.7
01-09-2025,25.5,83.5,GHAZIPUR,UTTAR PRADESH,D706,GHAZIPUR,0.91
02-09-2025,25.5,83.5,GHAZIPUR,UTTAR PRADESH,D706,GHAZIPUR,0.93
03-09-2025,25.5,83.5,GHAZIPUR,UTTAR PRADESH,D706,GHAZIPUR,0.71
04-09-2025,25.5,83.5,GHAZIPUR,UTTAR PRADESH,D706,GHAZIPUR,0.63
05-09-2025,25.5,83.5,GHAZIPUR,UTTAR PRADESH,D706,GHAZIPUR,0.77
06-09-2025,25.5,83.5,GHAZIPUR,UTTAR PRADESH,D706,GHAZIPUR,0.89
07-09-2025,25.5,83.5,GHAZIPUR,UTTAR PRADESH,D706,GHAZIPUR,0.8
08-09-2025,25.5,83.5,GHAZIPUR,UTTAR PRADESH,D706,GHAZIPUR,0.85
09-09-2025,25.5,83.5,GHAZIPUR,UTTAR PRADESH,D706,GHAZIPUR,0.82
10-09-2025,25.5,83.5,GHAZIPUR,UTTAR PRADESH,D706,GHAZIPUR,0.71
11-09-2025,25.5,83.5,GHAZIPUR,UTTAR PRADESH,D706,GHAZIPUR,0.71
12-09-2025,25.5,83.5,GHAZIPUR,UTTAR PRADESH,D706,GHAZIPUR,0.84
13-09-2025,25.5,83.5,GHAZIPUR,UTTAR PRADESH,D706,GHAZIPUR,0.83
14-09-2025,25.5,83.5,GHAZIPUR,UTTAR PRADESH,D706,GHAZIPUR,0.75
15-09-2025,25.5,83.5,GHAZIPUR,UTTAR PRADESH,D706,GHAZIPUR,0.91
16-09-2025,25.5,83.5,GHAZIPUR,UTTAR PRADESH,D706,GHAZIPUR,0.77
17-09-2025,25.5,83.5,GHAZIPUR,UTTAR PRADESH,D706,GHAZIPUR,0.91
18-09-2025,25.5,83.5,GHAZIPUR,UTTAR PRADESH,D706,GHAZIPUR,0.79
19-09-2025,25.5,83.5,GHAZIPUR,UTTAR PRADESH,D706,GHAZIPUR,0.79
20-09-2025,25.5,83.5,GHAZIPUR,UTTAR PRADESH,D706,GHAZIPUR,0.78
21-09-2025,25.5,83.5,GHAZIPUR,UTTAR PRADESH,D706,GHAZIPUR,0.76
22-09-2025,25.5,83.5,GHAZIPUR,UTTAR PRADESH,D706,GHAZIPUR,0.75
23-09-2025,25.5,83.5,GHAZIPUR,UTTAR PRADESH,D706,GHAZIPUR,0.77
24-09-2025,25.5,83.5,GHAZIPUR,UTTAR PRADESH,D706,GHAZIPUR,0.84
25-09-2025,25.5,83.5,GHAZIPUR,UTTAR PRADESH,D706,GHAZIPUR,1.02
26-09-2025,25.5,83.5,GHAZIPUR,UTTAR PRADESH,D706,GHAZIPUR,1.06
27-09-2025,25.5,83.5,GHAZIPUR,UTTAR PRADESH,D706,GHAZIPUR,1.12
28-09-2025,25.5,83.5,GHAZIPUR,UTTAR PRADESH,D706,GHAZIPUR,1.11
29-09-2025,25.5,83.5,GHAZIPUR,UTTAR PRADESH,D706,GHAZIPUR,0.98
30-09-2025,25.5,83.5,GHAZIPUR,UTTAR PRADESH,D706,GHAZIPUR,1.09
01-10-2025,25.5,83.5,GHAZIPUR,UTTAR PRADESH,D706,GHAZIPUR,1.11
02-10-2025,25.5,83.5,GHAZIPUR,UTTAR PRADESH,D706,GHAZIPUR,1.07
03-10-2025,25.5,83.5,GHAZIPUR,UTTAR PRADESH,D706,GHAZIPUR,1.14
04-10-2025,25.5,83.5,GHAZIPUR,UTTAR PRADESH,D706,GHAZIPUR,1.04
05-10-2025,25.5,83.5,GHAZIPUR,UTTAR PRADESH,D706,GHAZIPUR,1.13
06-10-2025,25.5,83.5,GHAZIPUR,UTTAR PRADESH,D706,GHAZIPUR,1.15
07-10-2025,25.5,83.5,GHAZIPUR,UTTAR PRADESH,D706,GHAZIPUR,1.23
08-10-2025,25.5,83.5,GHAZIPUR,UTTAR PRADESH,D706,GHAZIPUR,1.26
09-10-2025,25.5,83.5,GHAZIPUR,UTTAR PRADESH,D706,GHAZIPUR,1.3
10-10-2025,25.5,83.5,GHAZIPUR,UTTAR PRADESH,D706,GHAZIPUR,1.26
11-10-2025,25.5,83.5,GHAZIPUR,UTTAR PRADESH,D706,GHAZIPUR,1.27
12-10-2025,25.5,83.5,GHAZIPUR,UTTAR PRADESH,D706,GHAZIPUR,1.35
13-10-2025,25.5,83.5,GHAZIPUR,UTTAR PRADESH,D706,GHAZIPUR,1.59
14-10-2025,25.5,83.5,GHAZIPUR,UTTAR PRADESH,D706,GHAZIPUR,1.65
15-10-2025,25.5,83.5,GHAZIPUR,UTTAR PRADESH,D706,GHAZIPUR,1.76
16-10-2025,25.5,83.5,GHAZIPUR,UTTAR PRADESH,D706,GHAZIPUR,1.83
17-10-2025,25.5,83.5,GHAZIPUR,UTTAR PRADESH,D706,GHAZIPUR,1.77
18-10-2025,25.5,83.5,GHAZIPUR,UTTAR PRADESH,D706,GHAZIPUR,1.73
19-10-2025,25.5,83.5,GHAZIPUR,UTTAR PRADESH,D706,GHAZIPUR,1.82
20-10-2025,25.5,83.5,GHAZIPUR,UTTAR PRADESH,D706,GHAZIPUR,1.87
21-10-2025,25.5,83.5,GHAZIPUR,UTTAR PRADESH,D706,GHAZIPUR,1.79
22-10-2025,25.5,83.5,GHAZIPUR,UTTAR PRADESH,D706,GHAZIPUR,1.64
23-10-2025,25.5,83.5,GHAZIPUR,UTTAR PRADESH,D706,GHAZIPUR,1.71
24-10-2025,25.5,83.5,GHAZIPUR,UTTAR PRADESH,D706,GHAZIPUR,1.96
25-10-2025,25.5,83.5,GHAZIPUR,UTTAR PRADESH,D706,GHAZIPUR,1.96
26-10-2025,25.5,83.5,GHAZIPUR,UTTAR PRADESH,D706,GHAZIPUR,1.84
27-10-2025,25.5,83.5,GHAZIPUR,UTTAR PRADESH,D706,GHAZIPUR,1.72
28-10-2025,25.5,83.5,GHAZIPUR,UTTAR PRADESH,D706,GHAZIPUR,1.75
29-10-2025,25.5,83.5,GHAZIPUR,UTTAR PRADESH,D706,GHAZIPUR,1.9
30-10-2025,25.5,83.5,GHAZIPUR,UTTAR PRADESH,D706,GHAZIPUR,2.05
31-10-2025,25.5,83.5,GHAZIPUR,UTTAR PRADESH,D706,GHAZIPUR,1.85
01-11-2025,25.5,83.5,GHAZIPUR,UTTAR PRADESH,D706,GHAZIPUR,1.83
02-11-2025,25.5,83.5,GHAZIPUR,UTTAR PRADESH,D706,GHAZIPUR,1.75
03-11-2025,25.5,83.5,GHAZIPUR,UTTAR PRADESH,D706,GHAZIPUR,1.76
04-11-2025,25.5,83.5,GHAZIPUR,UTTAR PRADESH,D706,GHAZIPUR,1.81
05-11-2025,25.5,83.5,GHAZIPUR,UTTAR PRADESH,D706,GHAZIPUR,1.87
06-11-2025,25.5,83.5,GHAZIPUR,UTTAR PRADESH,D706,GHAZIPUR,1.74
07-11-2025,25.5,83.5,GHAZIPUR,UTTAR PRADESH,D706,GHAZIPUR,1.8
08-11-2025,25.5,83.5,GHAZIPUR,UTTAR PRADESH,D706,GHAZIPUR,1.97
09-11-2025,25.5,83.5,GHAZIPUR,UTTAR PRADESH,D706,GHAZIPUR,2.09
10-11-2025,25.5,83.5,GHAZIPUR,UTTAR PRADESH,D706,GHAZIPUR,2.14
11-11-2025,25.5,83.5,GHAZIPUR,UTTAR PRADESH,D706,GHAZIPUR,2.04
12-11-2025,25.5,83.5,GHAZIPUR,UTTAR PRADESH,D706,GHAZIPUR,1.86
13-11-2025,25.5,83.5,GHAZIPUR,UTTAR PRADESH,D706,GHAZIPUR,1.87
14-11-2025,25.5,83.5,GHAZIPUR,UTTAR PRADESH,D706,GHAZIPUR,1.9
15-11-2025,25.5,83.5,GHAZIPUR,UTTAR PRADESH,D706,GHAZIPUR,1.87
16-11-2025,25.5,83.5,GHAZIPUR,UTTAR PRADESH,D706,GHAZIPUR,2.23
17-11-2025,25.5,83.5,GHAZIPUR,UTTAR PRADESH,D706,GHAZIPUR,2.05
18-11-2025,25.5,83.5,GHAZIPUR,UTTAR PRADESH,D706,GHAZIPUR,2.24
19-11-2025,25.5,83.5,GHAZIPUR,UTTAR PRADESH,D706,GHAZIPUR,2.22
20-11-2025,25.5,83.5,GHAZIPUR,UTTAR PRADESH,D706,GHAZIPUR,2.19
21-11-2025,25.5,83.5,GHAZIPUR,UTTAR PRADESH,D706,GHAZIPUR,1.83
22-11-2025,25.5,83.5,GHAZIPUR,UTTAR PRADESH,D706,GHAZIPUR,1.57
23-11-2025,25.5,83.5,GHAZIPUR,UTTAR PRADESH,D706,GHAZIPUR,1.52
24-11-2025,25.5,83.5,GHAZIPUR,UTTAR PRADESH,D706,GHAZIPUR,1.7
25-11-2025,25.5,83.5,GHAZIPUR,UTTAR PRADESH,D706,GHAZIPUR,1.74
26-11-2025,25.5,83.5,GHAZIPUR,UTTAR PRADESH,D706,GHAZIPUR,1.87
27-11-2025,25.5,83.5,GHAZIPUR,UTTAR PRADESH,D706,GHAZIPUR,2
28-11-2025,25.5,83.5,GHAZIPUR,UTTAR PRADESH,D706,GHAZIPUR,1.97
29-11-2025,25.5,83.5,GHAZIPUR,UTTAR PRADESH,D706,GHAZIPUR,1.88
30-11-2025,25.5,83.5,GHAZIPUR,UTTAR PRADESH,D706,GHAZIPUR,1.76
01-12-2025,25.5,83.5,GHAZIPUR,UTTAR PRADESH,D706,GHAZIPUR,1.96
02-12-2025,25.5,83.5,GHAZIPUR,UTTAR PRADESH,D706,GHAZIPUR,2.23
03-12-2025,25.5,83.5,GHAZIPUR,UTTAR PRADESH,D706,GHAZIPUR,2.14
04-12-2025,25.5,83.5,GHAZIPUR,UTTAR PRADESH,D706,GHAZIPUR,1.97
05-12-2025,25.5,83.5,GHAZIPUR,UTTAR PRADESH,D706,GHAZIPUR,1.93
06-12-2025,25.5,83.5,GHAZIPUR,UTTAR PRADESH,D706,GHAZIPUR,1.98
07-12-2025,25.5,83.5,GHAZIPUR,UTTAR PRADESH,D706,GHAZIPUR,2.06
08-12-2025,25.5,83.5,GHAZIPUR,UTTAR PRADESH,D706,GHAZIPUR,2.16
09-12-2025,25.5,83.5,GHAZIPUR,UTTAR PRADESH,D706,GHAZIPUR,2.27
10-12-2025,25.5,83.5,GHAZIPUR,UTTAR PRADESH,D706,GHAZIPUR,2.13
11-12-2025,25.5,83.5,GHAZIPUR,UTTAR PRADESH,D706,GHAZIPUR,2.1
12-12-2025,25.5,83.5,GHAZIPUR,UTTAR PRADESH,D706,GHAZIPUR,2.05
13-12-2025,25.5,83.5,GHAZIPUR,UTTAR PRADESH,D706,GHAZIPUR,2.23
14-12-2025,25.5,83.5,GHAZIPUR,UTTAR PRADESH,D706,GHAZIPUR,2.2
15-12-2025,25.5,83.5,GHAZIPUR,UTTAR PRADESH,D706,GHAZIPUR,2.01
16-12-2025,25.5,83.5,GHAZIPUR,UTTAR PRADESH,D706,GHAZIPUR,2.14
17-12-2025,25.5,83.5,GHAZIPUR,UTTAR PRADESH,D706,GHAZIPUR,1.8
18-12-2025,25.5,83.5,GHAZIPUR,UTTAR PRADESH,D706,GHAZIPUR,1.77
19-12-2025,25.5,83.5,GHAZIPUR,UTTAR PRADESH,D706,GHAZIPUR,1.84
20-12-2025,25.5,83.5,GHAZIPUR,UTTAR PRADESH,D706,GHAZIPUR,1.88
21-12-2025,25.5,83.5,GHAZIPUR,UTTAR PRADESH,D706,GHAZIPUR,1.83
22-12-2025,25.5,83.5,GHAZIPUR,UTTAR PRADESH,D706,GHAZIPUR,2.07
23-12-2025,25.5,83.5,GHAZIPUR,UTTAR PRADESH,D706,GHAZIPUR,2.14
24-12-2025,25.5,83.5,GHAZIPUR,UTTAR PRADESH,D706,GHAZIPUR,1.75
25-12-2025,25.5,83.5,GHAZIPUR,UTTAR PRADESH,D706,GHAZIPUR,1.78
26-12-2025,25.5,83.5,GHAZIPUR,UTTAR PRADESH,D706,GHAZIPUR,1.93
27-12-2025,25.5,83.5,GHAZIPUR,UTTAR PRADESH,D706,GHAZIPUR,1.78
28-12-2025,25.5,83.5,GHAZIPUR,UTTAR PRADESH,D706,GHAZIPUR,2.01
29-12-2025,25.5,83.5,GHAZIPUR,UTTAR PRADESH,D706,GHAZIPUR,2.08
30-12-2025,25.5,83.5,GHAZIPUR,UTTAR PRADESH,D706,GHAZIPUR,2.17
31-12-2025,25.5,83.5,GHAZIPUR,UTTAR PRADESH,D706,GHAZIPUR,2.19
01-01-2025,26.5,83.5,GORAKHPUR,UTTAR PRADESH,D709,BANSGAON,2.41
02-01-2025,26.5,83.5,GORAKHPUR,UTTAR PRADESH,D709,BANSGAON,2.33
03-01-2025,26.5,83.5,GORAKHPUR,UTTAR PRADESH,D709,BANSGAON,2.5
04-01-2025,26.5,83.5,GORAKHPUR,UTTAR PRADESH,D709,BANSGAON,2.44
05-01-2025,26.5,83.5,GORAKHPUR,UTTAR PRADESH,D709,BANSGAON,2.32
06-01-2025,26.5,83.5,GORAKHPUR,UTTAR PRADESH,D709,BANSGAON,2.32
07-01-2025,26.5,83.5,GORAKHPUR,UTTAR PRADESH,D709,BANSGAON,2.92
08-01-2025,26.5,83.5,GORAKHPUR,UTTAR PRADESH,D709,BANSGAON,2.97
09-01-2025,26.5,83.5,GORAKHPUR,UTTAR PRADESH,D709,BANSGAON,2.83
10-01-2025,26.5,83.5,GORAKHPUR,UTTAR PRADESH,D709,BANSGAON,2.71
11-01-2025,26.5,83.5,GORAKHPUR,UTTAR PRADESH,D709,BANSGAON,2.36
12-01-2025,26.5,83.5,GORAKHPUR,UTTAR PRADESH,D709,BANSGAON,2.24
13-01-2025,26.5,83.5,GORAKHPUR,UTTAR PRADESH,D709,BANSGAON,2.08
14-01-2025,26.5,83.5,GORAKHPUR,UTTAR PRADESH,D709,BANSGAON,1.89
15-01-2025,26.5,83.5,GORAKHPUR,UTTAR PRADESH,D709,BANSGAON,2.08
16-01-2025,26.5,83.5,GORAKHPUR,UTTAR PRADESH,D709,BANSGAON,2.15
17-01-2025,26.5,83.5,GORAKHPUR,UTTAR PRADESH,D709,BANSGAON,2.24
18-01-2025,26.5,83.5,GORAKHPUR,UTTAR PRADESH,D709,BANSGAON,2.64
19-01-2025,26.5,83.5,GORAKHPUR,UTTAR PRADESH,D709,BANSGAON,2.71
20-01-2025,26.5,83.5,GORAKHPUR,UTTAR PRADESH,D709,BANSGAON,2.51
21-01-2025,26.5,83.5,GORAKHPUR,UTTAR PRADESH,D709,BANSGAON,1.84
22-01-2025,26.5,83.5,GORAKHPUR,UTTAR PRADESH,D709,BANSGAON,2.15
23-01-2025,26.5,83.5,GORAKHPUR,UTTAR PRADESH,D709,BANSGAON,2.73
24-01-2025,26.5,83.5,GORAKHPUR,UTTAR PRADESH,D709,BANSGAON,2.5
25-01-2025,26.5,83.5,GORAKHPUR,UTTAR PRADESH,D709,BANSGAON,2.53
26-01-2025,26.5,83.5,GORAKHPUR,UTTAR PRADESH,D709,BANSGAON,2.45
27-01-2025,26.5,83.5,GORAKHPUR,UTTAR PRADESH,D709,BANSGAON,2.31
28-01-2025,26.5,83.5,GORAKHPUR,UTTAR PRADESH,D709,BANSGAON,2.23
29-01-2025,26.5,83.5,GORAKHPUR,UTTAR PRADESH,D709,BANSGAON,2.05
30-01-2025,26.5,83.5,GORAKHPUR,UTTAR PRADESH,D709,BANSGAON,2.05
31-01-2025,26.5,83.5,GORAKHPUR,UTTAR PRADESH,D709,BANSGAON,2.24
01-02-2025,26.5,83.5,GORAKHPUR,UTTAR PRADESH,D709,BANSGAON,2.16
02-02-2025,26.5,83.5,GORAKHPUR,UTTAR PRADESH,D709,BANSGAON,2.01
03-02-2025,26.5,83.5,GORAKHPUR,UTTAR PRADESH,D709,BANSGAON,1.77
04-02-2025,26.5,83.5,GORAKHPUR,UTTAR PRADESH,D709,BANSGAON,1.78
05-02-2025,26.5,83.5,GORAKHPUR,UTTAR PRADESH,D709,BANSGAON,1.67
06-02-2025,26.5,83.5,GORAKHPUR,UTTAR PRADESH,D709,BANSGAON,1.76
07-02-2025,26.5,83.5,GORAKHPUR,UTTAR PRADESH,D709,BANSGAON,2.19
08-02-2025,26.5,83.5,GORAKHPUR,UTTAR PRADESH,D709,BANSGAON,2.36
09-02-2025,26.5,83.5,GORAKHPUR,UTTAR PRADESH,D709,BANSGAON,1.89
10-02-2025,26.5,83.5,GORAKHPUR,UTTAR PRADESH,D709,BANSGAON,2.02
11-02-2025,26.5,83.5,GORAKHPUR,UTTAR PRADESH,D709,BANSGAON,1.99
12-02-2025,26.5,83.5,GORAKHPUR,UTTAR PRADESH,D709,BANSGAON,2.23
13-02-2025,26.5,83.5,GORAKHPUR,UTTAR PRADESH,D709,BANSGAON,2.16
14-02-2025,26.5,83.5,GORAKHPUR,UTTAR PRADESH,D709,BANSGAON,2.05
15-02-2025,26.5,83.5,GORAKHPUR,UTTAR PRADESH,D709,BANSGAON,2.15
16-02-2025,26.5,83.5,GORAKHPUR,UTTAR PRADESH,D709,BANSGAON,1.86
17-02-2025,26.5,83.5,GORAKHPUR,UTTAR PRADESH,D709,BANSGAON,1.69
18-02-2025,26.5,83.5,GORAKHPUR,UTTAR PRADESH,D709,BANSGAON,2.1
19-02-2025,26.5,83.5,GORAKHPUR,UTTAR PRADESH,D709,BANSGAON,2.21
20-02-2025,26.5,83.5,GORAKHPUR,UTTAR PRADESH,D709,BANSGAON,2.28
21-02-2025,26.5,83.5,GORAKHPUR,UTTAR PRADESH,D709,BANSGAON,2.06
22-02-2025,26.5,83.5,GORAKHPUR,UTTAR PRADESH,D709,BANSGAON,1.68
23-02-2025,26.5,83.5,GORAKHPUR,UTTAR PRADESH,D709,BANSGAON,1.53
24-02-2025,26.5,83.5,GORAKHPUR,UTTAR PRADESH,D709,BANSGAON,1.99
25-02-2025,26.5,83.5,GORAKHPUR,UTTAR PRADESH,D709,BANSGAON,2.16
26-02-2025,26.5,83.5,GORAKHPUR,UTTAR PRADESH,D709,BANSGAON,2.11
27-02-2025,26.5,83.5,GORAKHPUR,UTTAR PRADESH,D709,BANSGAON,1.85
28-02-2025,26.5,83.5,GORAKHPUR,UTTAR PRADESH,D709,BANSGAON,2.05
29-02-2025,26.5,83.5,GORAKHPUR,UTTAR PRADESH,D709,BANSGAON,1.98
01-03-2025,26.5,83.5,GORAKHPUR,UTTAR PRADESH,D709,BANSGAON,2.17
02-03-2025,26.5,83.5,GORAKHPUR,UTTAR PRADESH,D709,BANSGAON,1.95
03-03-2025,26.5,83.5,GORAKHPUR,UTTAR PRADESH,D709,BANSGAON,1.93
04-03-2025,26.5,83.5,GORAKHPUR,UTTAR PRADESH,D709,BANSGAON,1.63
05-03-2025,26.5,83.5,GORAKHPUR,UTTAR PRADESH,D709,BANSGAON,2.16
06-03-2025,26.5,83.5,GORAKHPUR,UTTAR PRADESH,D709,BANSGAON,2.04
07-03-2025,26.5,83.5,GORAKHPUR,UTTAR PRADESH,D709,BANSGAON,2.03
08-03-2025,26.5,83.5,GORAKHPUR,UTTAR PRADESH,D709,BANSGAON,2.15
09-03-2025,26.5,83.5,GORAKHPUR,UTTAR PRADESH,D709,BANSGAON,2.25
10-03-2025,26.5,83.5,GORAKHPUR,UTTAR PRADESH,D709,BANSGAON,1.93
11-03-2025,26.5,83.5,GORAKHPUR,UTTAR PRADESH,D709,BANSGAON,1.72
12-03-2025,26.5,83.5,GORAKHPUR,UTTAR PRADESH,D709,BANSGAON,1.64
13-03-2025,26.5,83.5,GORAKHPUR,UTTAR PRADESH,D709,BANSGAON,1.86
14-03-2025,26.5,83.5,GORAKHPUR,UTTAR PRADESH,D709,BANSGAON,1.8
15-03-2025,26.5,83.5,GORAKHPUR,UTTAR PRADESH,D709,BANSGAON,1.88
16-03-2025,26.5,83.5,GORAKHPUR,UTTAR PRADESH,D709,BANSGAON,1.94
17-03-2025,26.5,83.5,GORAKHPUR,UTTAR PRADESH,D709,BANSGAON,1.98
18-03-2025,26.5,83.5,GORAKHPUR,UTTAR PRADESH,D709,BANSGAON,1.81
19-03-2025,26.5,83.5,GORAKHPUR,UTTAR PRADESH,D709,BANSGAON,1.88
20-03-2025,26.5,83.5,GORAKHPUR,UTTAR PRADESH,D709,BANSGAON,2
21-03-2025,26.5,83.5,GORAKHPUR,UTTAR PRADESH,D709,BANSGAON,1.93
22-03-2025,26.5,83.5,GORAKHPUR,UTTAR PRADESH,D709,BANSGAON,1.73
23-03-2025,26.5,83.5,GORAKHPUR,UTTAR PRADESH,D709,BANSGAON,1.63
24-03-2025,26.5,83.5,GORAKHPUR,UTTAR PRADESH,D709,BANSGAON,1.74
25-03-2025,26.5,83.5,GORAKHPUR,UTTAR PRADESH,D709,BANSGAON,1.89
26-03-2025,26.5,83.5,GORAKHPUR,UTTAR PRADESH,D709,BANSGAON,1.89
27-03-2025,26.5,83.5,GORAKHPUR,UTTAR PRADESH,D709,BANSGAON,2.05
28-03-2025,26.5,83.5,GORAKHPUR,UTTAR PRADESH,D709,BANSGAON,1.58
29-03-2025,26.5,83.5,GORAKHPUR,UTTAR PRADESH,D709,BANSGAON,1.32
30-03-2025,26.5,83.5,GORAKHPUR,UTTAR PRADESH,D709,BANSGAON,1.7
31-03-2025,26.5,83.5,GORAKHPUR,UTTAR PRADESH,D709,BANSGAON,1.73
01-04-2025,26.5,83.5,GORAKHPUR,UTTAR PRADESH,D709,BANSGAON,1.57
02-04-2025,26.5,83.5,GORAKHPUR,UTTAR PRADESH,D709,BANSGAON,1.76
03-04-2025,26.5,83.5,GORAKHPUR,UTTAR PRADESH,D709,BANSGAON,1.96
04-04-2025,26.5,83.5,GORAKHPUR,UTTAR PRADESH,D709,BANSGAON,2.14
05-04-2025,26.5,83.5,GORAKHPUR,UTTAR PRADESH,D709,BANSGAON,1.91
06-04-2025,26.5,83.5,GORAKHPUR,UTTAR PRADESH,D709,BANSGAON,2
07-04-2025,26.5,83.5,GORAKHPUR,UTTAR PRADESH,D709,BANSGAON,1.75
08-04-2025,26.5,83.5,GORAKHPUR,UTTAR PRADESH,D709,BANSGAON,1.79
09-04-2025,26.5,83.5,GORAKHPUR,UTTAR PRADESH,D709,BANSGAON,1.47
10-04-2025,26.5,83.5,GORAKHPUR,UTTAR PRADESH,D709,BANSGAON,1.39
11-04-2025,26.5,83.5,GORAKHPUR,UTTAR PRADESH,D709,BANSGAON,1.88
12-04-2025,26.5,83.5,GORAKHPUR,UTTAR PRADESH,D709,BANSGAON,1.99
13-04-2025,26.5,83.5,GORAKHPUR,UTTAR PRADESH,D709,BANSGAON,1.74
14-04-2025,26.5,83.5,GORAKHPUR,UTTAR PRADESH,D709,BANSGAON,1.5
15-04-2025,26.5,83.5,GORAKHPUR,UTTAR PRADESH,D709,BANSGAON,1.41
16-04-2025,26.5,83.5,GORAKHPUR,UTTAR PRADESH,D709,BANSGAON,1.42
17-04-2025,26.5,83.5,GORAKHPUR,UTTAR PRADESH,D709,BANSGAON,1.37
18-04-2025,26.5,83.5,GORAKHPUR,UTTAR PRADESH,D709,BANSGAON,1.74
19-04-2025,26.5,83.5,GORAKHPUR,UTTAR PRADESH,D709,BANSGAON,1.77
20-04-2025,26.5,83.5,GORAKHPUR,UTTAR PRADESH,D709,BANSGAON,1.78
21-04-2025,26.5,83.5,GORAKHPUR,UTTAR PRADESH,D709,BANSGAON,1.94
22-04-2025,26.5,83.5,GORAKHPUR,UTTAR PRADESH,D709,BANSGAON,2.02
23-04-2025,26.5,83.5,GORAKHPUR,UTTAR PRADESH,D709,BANSGAON,1.52
24-04-2025,26.5,83.5,GORAKHPUR,UTTAR PRADESH,D709,BANSGAON,1.52
25-04-2025,26.5,83.5,GORAKHPUR,UTTAR PRADESH,D709,BANSGAON,1.56
26-04-2025,26.5,83.5,GORAKHPUR,UTTAR PRADESH,D709,BANSGAON,1.66
27-04-2025,26.5,83.5,GORAKHPUR,UTTAR PRADESH,D709,BANSGAON,1.49
28-04-2025,26.5,83.5,GORAKHPUR,UTTAR PRADESH,D709,BANSGAON,1.27
29-04-2025,26.5,83.5,GORAKHPUR,UTTAR PRADESH,D709,BANSGAON,1.46
30-04-2025,26.5,83.5,GORAKHPUR,UTTAR PRADESH,D709,BANSGAON,1.55
01-05-2025,26.5,83.5,GORAKHPUR,UTTAR PRADESH,D709,BANSGAON,1.65
02-05-2025,26.5,83.5,GORAKHPUR,UTTAR PRADESH,D709,BANSGAON,1.67
03-05-2025,26.5,83.5,GORAKHPUR,UTTAR PRADESH,D709,BANSGAON,1.9
04-05-2025,26.5,83.5,GORAKHPUR,UTTAR PRADESH,D709,BANSGAON,1.84
05-05-2025,26.5,83.5,GORAKHPUR,UTTAR PRADESH,D709,BANSGAON,1.34
06-05-2025,26.5,83.5,GORAKHPUR,UTTAR PRADESH,D709,BANSGAON,1.4
07-05-2025,26.5,83.5,GORAKHPUR,UTTAR PRADESH,D709,BANSGAON,1.37
08-05-2025,26.5,83.5,GORAKHPUR,UTTAR PRADESH,D709,BANSGAON,1.51
09-05-2025,26.5,83.5,GORAKHPUR,UTTAR PRADESH,D709,BANSGAON,1.46
10-05-2025,26.5,83.5,GORAKHPUR,UTTAR PRADESH,D709,BANSGAON,1.85
11-05-2025,26.5,83.5,GORAKHPUR,UTTAR PRADESH,D709,BANSGAON,1.86
12-05-2025,26.5,83.5,GORAKHPUR,UTTAR PRADESH,D709,BANSGAON,1.95
13-05-2025,26.5,83.5,GORAKHPUR,UTTAR PRADESH,D709,BANSGAON,1.84
14-05-2025,26.5,83.5,GORAKHPUR,UTTAR PRADESH,D709,BANSGAON,1.79
15-05-2025,26.5,83.5,GORAKHPUR,UTTAR PRADESH,D709,BANSGAON,1.47
16-05-2025,26.5,83.5,GORAKHPUR,UTTAR PRADESH,D709,BANSGAON,1.32
17-05-2025,26.5,83.5,GORAKHPUR,UTTAR PRADESH,D709,BANSGAON,1.51
18-05-2025,26.5,83.5,GORAKHPUR,UTTAR PRADESH,D709,BANSGAON,1.52
19-05-2025,26.5,83.5,GORAKHPUR,UTTAR PRADESH,D709,BANSGAON,1.66
20-05-2025,26.5,83.5,GORAKHPUR,UTTAR PRADESH,D709,BANSGAON,1.5
21-05-2025,26.5,83.5,GORAKHPUR,UTTAR PRADESH,D709,BANSGAON,1.38
22-05-2025,26.5,83.5,GORAKHPUR,UTTAR PRADESH,D709,BANSGAON,1.43
23-05-2025,26.5,83.5,GORAKHPUR,UTTAR PRADESH,D709,BANSGAON,1.41
24-05-2025,26.5,83.5,GORAKHPUR,UTTAR PRADESH,D709,BANSGAON,1.43
25-05-2025,26.5,83.5,GORAKHPUR,UTTAR PRADESH,D709,BANSGAON,1.68
26-05-2025,26.5,83.5,GORAKHPUR,UTTAR PRADESH,D709,BANSGAON,1.67
27-05-2025,26.5,83.5,GORAKHPUR,UTTAR PRADESH,D709,BANSGAON,1.75
28-05-2025,26.5,83.5,GORAKHPUR,UTTAR PRADESH,D709,BANSGAON,1.67
29-05-2025,26.5,83.5,GORAKHPUR,UTTAR PRADESH,D709,BANSGAON,1.57
30-05-2025,26.5,83.5,GORAKHPUR,UTTAR PRADESH,D709,BANSGAON,1.64
31-05-2025,26.5,83.5,GORAKHPUR,UTTAR PRADESH,D709,BANSGAON,1.54
01-06-2025,26.5,83.5,GORAKHPUR,UTTAR PRADESH,D709,BANSGAON,1.37
02-06-2025,26.5,83.5,GORAKHPUR,UTTAR PRADESH,D709,BANSGAON,1.28
03-06-2025,26.5,83.5,GORAKHPUR,UTTAR PRADESH,D709,BANSGAON,1.22
04-06-2025,26.5,83.5,GORAKHPUR,UTTAR PRADESH,D709,BANSGAON,1.7
05-06-2025,26.5,83.5,GORAKHPUR,UTTAR PRADESH,D709,BANSGAON,1.84
06-06-2025,26.5,83.5,GORAKHPUR,UTTAR PRADESH,D709,BANSGAON,1.79
07-06-2025,26.5,83.5,GORAKHPUR,UTTAR PRADESH,D709,BANSGAON,1.62
08-06-2025,26.5,83.5,GORAKHPUR,UTTAR PRADESH,D709,BANSGAON,1.71
09-06-2025,26.5,83.5,GORAKHPUR,UTTAR PRADESH,D709,BANSGAON,1.72
10-06-2025,26.5,83.5,GORAKHPUR,UTTAR PRADESH,D709,BANSGAON,1.13
11-06-2025,26.5,83.5,GORAKHPUR,UTTAR PRADESH,D709,BANSGAON,1.15
12-06-2025,26.5,83.5,GORAKHPUR,UTTAR PRADESH,D709,BANSGAON,1.25
13-06-2025,26.5,83.5,GORAKHPUR,UTTAR PRADESH,D709,BANSGAON,1.14
14-06-2025,26.5,83.5,GORAKHPUR,UTTAR PRADESH,D709,BANSGAON,1.41
15-06-2025,26.5,83.5,GORAKHPUR,UTTAR PRADESH,D709,BANSGAON,1.97
16-06-2025,26.5,83.5,GORAKHPUR,UTTAR PRADESH,D709,BANSGAON,1.84
17-06-2025,26.5,83.5,GORAKHPUR,UTTAR PRADESH,D709,BANSGAON,1.55
18-06-2025,26.5,83.5,GORAKHPUR,UTTAR PRADESH,D709,BANSGAON,1.57
19-06-2025,26.5,83.5,GORAKHPUR,UTTAR PRADESH,D709,BANSGAON,1.65
20-06-2025,26.5,83.5,GORAKHPUR,UTTAR PRADESH,D709,BANSGAON,1.71
21-06-2025,26.5,83.5,GORAKHPUR,UTTAR PRADESH,D709,BANSGAON,1.39
22-06-2025,26.5,83.5,GORAKHPUR,UTTAR PRADESH,D709,BANSGAON,1.36
23-06-2025,26.5,83.5,GORAKHPUR,UTTAR PRADESH,D709,BANSGAON,1.1
24-06-2025,26.5,83.5,GORAKHPUR,UTTAR PRADESH,D709,BANSGAON,1.12
25-06-2025,26.5,83.5,GORAKHPUR,UTTAR PRADESH,D709,BANSGAON,1.14
26-06-2025,26.5,83.5,GORAKHPUR,UTTAR PRADESH,D709,BANSGAON,1.19
27-06-2025,26.5,83.5,GORAKHPUR,UTTAR PRADESH,D709,BANSGAON,1.27
28-06-2025,26.5,83.5,GORAKHPUR,UTTAR PRADESH,D709,BANSGAON,1.22
29-06-2025,26.5,83.5,GORAKHPUR,UTTAR PRADESH,D709,BANSGAON,1.25
30-06-2025,26.5,83.5,GORAKHPUR,UTTAR PRADESH,D709,BANSGAON,1.36
01-07-2025,26.5,83.5,GORAKHPUR,UTTAR PRADESH,D709,BANSGAON,1.21
02-07-2025,26.5,83.5,GORAKHPUR,UTTAR PRADESH,D709,BANSGAON,0.99
03-07-2025,26.5,83.5,GORAKHPUR,UTTAR PRADESH,D709,BANSGAON,0.9
04-07-2025,26.5,83.5,GORAKHPUR,UTTAR PRADESH,D709,BANSGAON,0.92
05-07-2025,26.5,83.5,GORAKHPUR,UTTAR PRADESH,D709,BANSGAON,1.09
06-07-2025,26.5,83.5,GORAKHPUR,UTTAR PRADESH,D709,BANSGAON,1.08
07-07-2025,26.5,83.5,GORAKHPUR,UTTAR PRADESH,D709,BANSGAON,0.95
08-07-2025,26.5,83.5,GORAKHPUR,UTTAR PRADESH,D709,BANSGAON,0.96
09-07-2025,26.5,83.5,GORAKHPUR,UTTAR PRADESH,D709,BANSGAON,1.23
10-07-2025,26.5,83.5,GORAKHPUR,UTTAR PRADESH,D709,BANSGAON,1.19
11-07-2025,26.5,83.5,GORAKHPUR,UTTAR PRADESH,D709,BANSGAON,1.21
12-07-2025,26.5,83.5,GORAKHPUR,UTTAR PRADESH,D709,BANSGAON,1.17
13-07-2025,26.5,83.5,GORAKHPUR,UTTAR PRADESH,D709,BANSGAON,0.98
14-07-2025,26.5,83.5,GORAKHPUR,UTTAR PRADESH,D709,BANSGAON,1.28
15-07-2025,26.5,83.5,GORAKHPUR,UTTAR PRADESH,D709,BANSGAON,0.92
16-07-2025,26.5,83.5,GORAKHPUR,UTTAR PRADESH,D709,BANSGAON,1.1
17-07-2025,26.5,83.5,GORAKHPUR,UTTAR PRADESH,D709,BANSGAON,1.13
18-07-2025,26.5,83.5,GORAKHPUR,UTTAR PRADESH,D709,BANSGAON,1.13
19-07-2025,26.5,83.5,GORAKHPUR,UTTAR PRADESH,D709,BANSGAON,0.99
20-07-2025,26.5,83.5,GORAKHPUR,UTTAR PRADESH,D709,BANSGAON,1.03
21-07-2025,26.5,83.5,GORAKHPUR,UTTAR PRADESH,D709,BANSGAON,0.93
22-07-2025,26.5,83.5,GORAKHPUR,UTTAR PRADESH,D709,BANSGAON,0.72
23-07-2025,26.5,83.5,GORAKHPUR,UTTAR PRADESH,D709,BANSGAON,0.8
24-07-2025,26.5,83.5,GORAKHPUR,UTTAR PRADESH,D709,BANSGAON,0.95
25-07-2025,26.5,83.5,GORAKHPUR,UTTAR PRADESH,D709,BANSGAON,1
26-07-2025,26.5,83.5,GORAKHPUR,UTTAR PRADESH,D709,BANSGAON,0.86
27-07-2025,26.5,83.5,GORAKHPUR,UTTAR PRADESH,D709,BANSGAON,1.05
28-07-2025,26.5,83.5,GORAKHPUR,UTTAR PRADESH,D709,BANSGAON,0.94
29-07-2025,26.5,83.5,GORAKHPUR,UTTAR PRADESH,D709,BANSGAON,0.8
30-07-2025,26.5,83.5,GORAKHPUR,UTTAR PRADESH,D709,BANSGAON,0.78
31-07-2025,26.5,83.5,GORAKHPUR,UTTAR PRADESH,D709,BANSGAON,0.92
01-08-2025,26.5,83.5,GORAKHPUR,UTTAR PRADESH,D709,BANSGAON,1.05
02-08-2025,26.5,83.5,GORAKHPUR,UTTAR PRADESH,D709,BANSGAON,1.11
03-08-2025,26.5,83.5,GORAKHPUR,UTTAR PRADESH,D709,BANSGAON,0.78
04-08-2025,26.5,83.5,GORAKHPUR,UTTAR PRADESH,D709,BANSGAON,0.98
05-08-2025,26.5,83.5,GORAKHPUR,UTTAR PRADESH,D709,BANSGAON,0.78
06-08-2025,26.5,83.5,GORAKHPUR,UTTAR PRADESH,D709,BANSGAON,0.81
07-08-2025,26.5,83.5,GORAKHPUR,UTTAR PRADESH,D709,BANSGAON,0.85
08-08-2025,26.5,83.5,GORAKHPUR,UTTAR PRADESH,D709,BANSGAON,0.89
09-08-2025,26.5,83.5,GORAKHPUR,UTTAR PRADESH,D709,BANSGAON,0.91
10-08-2025,26.5,83.5,GORAKHPUR,UTTAR PRADESH,D709,BANSGAON,1.01
11-08-2025,26.5,83.5,GORAKHPUR,UTTAR PRADESH,D709,BANSGAON,0.98
12-08-2025,26.5,83.5,GORAKHPUR,UTTAR PRADESH,D709,BANSGAON,0.81
13-08-2025,26.5,83.5,GORAKHPUR,UTTAR PRADESH,D709,BANSGAON,0.76
14-08-2025,26.5,83.5,GORAKHPUR,UTTAR PRADESH,D709,BANSGAON,0.92
15-08-2025,26.5,83.5,GORAKHPUR,UTTAR PRADESH,D709,BANSGAON,0.72
16-08-2025,26.5,83.5,GORAKHPUR,UTTAR PRADESH,D709,BANSGAON,0.67
17-08-2025,26.5,83.5,GORAKHPUR,UTTAR PRADESH,D709,BANSGAON,0.73
18-08-2025,26.5,83.5,GORAKHPUR,UTTAR PRADESH,D709,BANSGAON,0.89
19-08-2025,26.5,83.5,GORAKHPUR,UTTAR PRADESH,D709,BANSGAON,0.76
20-08-2025,26.5,83.5,GORAKHPUR,UTTAR PRADESH,D709,BANSGAON,0.7
21-08-2025,26.5,83.5,GORAKHPUR,UTTAR PRADESH,D709,BANSGAON,0.72
22-08-2025,26.5,83.5,GORAKHPUR,UTTAR PRADESH,D709,BANSGAON,0.79
23-08-2025,26.5,83.5,GORAKHPUR,UTTAR PRADESH,D709,BANSGAON,0.8
24-08-2025,26.5,83.5,GORAKHPUR,UTTAR PRADESH,D709,BANSGAON,0.63
25-08-2025,26.5,83.5,GORAKHPUR,UTTAR PRADESH,D709,BANSGAON,0.66
26-08-2025,26.5,83.5,GORAKHPUR,UTTAR PRADESH,D709,BANSGAON,0.67
27-08-2025,26.5,83.5,GORAKHPUR,UTTAR PRADESH,D709,BANSGAON,0.72
28-08-2025,26.5,83.5,GORAKHPUR,UTTAR PRADESH,D709,BANSGAON,0.83
29-08-2025,26.5,83.5,GORAKHPUR,UTTAR PRADESH,D709,BANSGAON,0.75
30-08-2025,26.5,83.5,GORAKHPUR,UTTAR PRADESH,D709,BANSGAON,0.87
31-08-2025,26.5,83.5,GORAKHPUR,UTTAR PRADESH,D709,BANSGAON,0.77
01-09-2025,26.5,83.5,GORAKHPUR,UTTAR PRADESH,D709,BANSGAON,1.01
02-09-2025,26.5,83.5,GORAKHPUR,UTTAR PRADESH,D709,BANSGAON,1
03-09-2025,26.5,83.5,GORAKHPUR,UTTAR PRADESH,D709,BANSGAON,0.84
04-09-2025,26.5,83.5,GORAKHPUR,UTTAR PRADESH,D709,BANSGAON,0.66
05-09-2025,26.5,83.5,GORAKHPUR,UTTAR PRADESH,D709,BANSGAON,0.9
06-09-2025,26.5,83.5,GORAKHPUR,UTTAR PRADESH,D709,BANSGAON,1.03
07-09-2025,26.5,83.5,GORAKHPUR,UTTAR PRADESH,D709,BANSGAON,0.88
08-09-2025,26.5,83.5,GORAKHPUR,UTTAR PRADESH,D709,BANSGAON,0.91
09-09-2025,26.5,83.5,GORAKHPUR,UTTAR PRADESH,D709,BANSGAON,0.94
10-09-2025,26.5,83.5,GORAKHPUR,UTTAR PRADESH,D709,BANSGAON,0.77
11-09-2025,26.5,83.5,GORAKHPUR,UTTAR PRADESH,D709,BANSGAON,0.73
12-09-2025,26.5,83.5,GORAKHPUR,UTTAR PRADESH,D709,BANSGAON,0.94
13-09-2025,26.5,83.5,GORAKHPUR,UTTAR PRADESH,D709,BANSGAON,0.91
14-09-2025,26.5,83.5,GORAKHPUR,UTTAR PRADESH,D709,BANSGAON,0.86
15-09-2025,26.5,83.5,GORAKHPUR,UTTAR PRADESH,D709,BANSGAON,1.05
16-09-2025,26.5,83.5,GORAKHPUR,UTTAR PRADESH,D709,BANSGAON,0.86
17-09-2025,26.5,83.5,GORAKHPUR,UTTAR PRADESH,D709,BANSGAON,1.01
18-09-2025,26.5,83.5,GORAKHPUR,UTTAR PRADESH,D709,BANSGAON,0.83
19-09-2025,26.5,83.5,GORAKHPUR,UTTAR PRADESH,D709,BANSGAON,0.85
20-09-2025,26.5,83.5,GORAKHPUR,UTTAR PRADESH,D709,BANSGAON,0.87
21-09-2025,26.5,83.5,GORAKHPUR,UTTAR PRADESH,D709,BANSGAON,0.77
22-09-2025,26.5,83.5,GORAKHPUR,UTTAR PRADESH,D709,BANSGAON,0.75
23-09-2025,26.5,83.5,GORAKHPUR,UTTAR PRADESH,D709,BANSGAON,0.74
24-09-2025,26.5,83.5,GORAKHPUR,UTTAR PRADESH,D709,BANSGAON,0.8
25-09-2025,26.5,83.5,GORAKHPUR,UTTAR PRADESH,D709,BANSGAON,1.09
26-09-2025,26.5,83.5,GORAKHPUR,UTTAR PRADESH,D709,BANSGAON,1.11
27-09-2025,26.5,83.5,GORAKHPUR,UTTAR PRADESH,D709,BANSGAON,1.19
28-09-2025,26.5,83.5,GORAKHPUR,UTTAR PRADESH,D709,BANSGAON,1.15
29-09-2025,26.5,83.5,GORAKHPUR,UTTAR PRADESH,D709,BANSGAON,1.04
30-09-2025,26.5,83.5,GORAKHPUR,UTTAR PRADESH,D709,BANSGAON,1.11
01-10-2025,26.5,83.5,GORAKHPUR,UTTAR PRADESH,D709,BANSGAON,1.19
02-10-2025,26.5,83.5,GORAKHPUR,UTTAR PRADESH,D709,BANSGAON,1.06
03-10-2025,26.5,83.5,GORAKHPUR,UTTAR PRADESH,D709,BANSGAON,1.11
04-10-2025,26.5,83.5,GORAKHPUR,UTTAR PRADESH,D709,BANSGAON,1.02
05-10-2025,26.5,83.5,GORAKHPUR,UTTAR PRADESH,D709,BANSGAON,1.11
06-10-2025,26.5,83.5,GORAKHPUR,UTTAR PRADESH,D709,BANSGAON,1.13
07-10-2025,26.5,83.5,GORAKHPUR,UTTAR PRADESH,D709,BANSGAON,1.27
08-10-2025,26.5,83.5,GORAKHPUR,UTTAR PRADESH,D709,BANSGAON,1.29
09-10-2025,26.5,83.5,GORAKHPUR,UTTAR PRADESH,D709,BANSGAON,1.35
10-10-2025,26.5,83.5,GORAKHPUR,UTTAR PRADESH,D709,BANSGAON,1.23
11-10-2025,26.5,83.5,GORAKHPUR,UTTAR PRADESH,D709,BANSGAON,1.22
12-10-2025,26.5,83.5,GORAKHPUR,UTTAR PRADESH,D709,BANSGAON,1.32
13-10-2025,26.5,83.5,GORAKHPUR,UTTAR PRADESH,D709,BANSGAON,1.56
14-10-2025,26.5,83.5,GORAKHPUR,UTTAR PRADESH,D709,BANSGAON,1.58
15-10-2025,26.5,83.5,GORAKHPUR,UTTAR PRADESH,D709,BANSGAON,1.72
16-10-2025,26.5,83.5,GORAKHPUR,UTTAR PRADESH,D709,BANSGAON,1.76
17-10-2025,26.5,83.5,GORAKHPUR,UTTAR PRADESH,D709,BANSGAON,1.75
18-10-2025,26.5,83.5,GORAKHPUR,UTTAR PRADESH,D709,BANSGAON,1.67
19-10-2025,26.5,83.5,GORAKHPUR,UTTAR PRADESH,D709,BANSGAON,1.76
20-10-2025,26.5,83.5,GORAKHPUR,UTTAR PRADESH,D709,BANSGAON,1.85
21-10-2025,26.5,83.5,GORAKHPUR,UTTAR PRADESH,D709,BANSGAON,1.75
22-10-2025,26.5,83.5,GORAKHPUR,UTTAR PRADESH,D709,BANSGAON,1.61
23-10-2025,26.5,83.5,GORAKHPUR,UTTAR PRADESH,D709,BANSGAON,1.77
24-10-2025,26.5,83.5,GORAKHPUR,UTTAR PRADESH,D709,BANSGAON,1.96
25-10-2025,26.5,83.5,GORAKHPUR,UTTAR PRADESH,D709,BANSGAON,1.96
26-10-2025,26.5,83.5,GORAKHPUR,UTTAR PRADESH,D709,BANSGAON,1.77
27-10-2025,26.5,83.5,GORAKHPUR,UTTAR PRADESH,D709,BANSGAON,1.66
28-10-2025,26.5,83.5,GORAKHPUR,UTTAR PRADESH,D709,BANSGAON,1.74
29-10-2025,26.5,83.5,GORAKHPUR,UTTAR PRADESH,D709,BANSGAON,1.84
30-10-2025,26.5,83.5,GORAKHPUR,UTTAR PRADESH,D709,BANSGAON,1.96
31-10-2025,26.5,83.5,GORAKHPUR,UTTAR PRADESH,D709,BANSGAON,1.76
01-11-2025,26.5,83.5,GORAKHPUR,UTTAR PRADESH,D709,BANSGAON,1.8
02-11-2025,26.5,83.5,GORAKHPUR,UTTAR PRADESH,D709,BANSGAON,1.67
03-11-2025,26.5,83.5,GORAKHPUR,UTTAR PRADESH,D709,BANSGAON,1.63
04-11-2025,26.5,83.5,GORAKHPUR,UTTAR PRADESH,D709,BANSGAON,1.78
05-11-2025,26.5,83.5,GORAKHPUR,UTTAR PRADESH,D709,BANSGAON,1.81
06-11-2025,26.5,83.5,GORAKHPUR,UTTAR PRADESH,D709,BANSGAON,1.71
07-11-2025,26.5,83.5,GORAKHPUR,UTTAR PRADESH,D709,BANSGAON,1.76
08-11-2025,26.5,83.5,GORAKHPUR,UTTAR PRADESH,D709,BANSGAON,1.97
09-11-2025,26.5,83.5,GORAKHPUR,UTTAR PRADESH,D709,BANSGAON,2.03
10-11-2025,26.5,83.5,GORAKHPUR,UTTAR PRADESH,D709,BANSGAON,2.05
11-11-2025,26.5,83.5,GORAKHPUR,UTTAR PRADESH,D709,BANSGAON,1.91
12-11-2025,26.5,83.5,GORAKHPUR,UTTAR PRADESH,D709,BANSGAON,1.76
13-11-2025,26.5,83.5,GORAKHPUR,UTTAR PRADESH,D709,BANSGAON,1.81
14-11-2025,26.5,83.5,GORAKHPUR,UTTAR PRADESH,D709,BANSGAON,1.86
15-11-2025,26.5,83.5,GORAKHPUR,UTTAR PRADESH,D709,BANSGAON,1.83
16-11-2025,26.5,83.5,GORAKHPUR,UTTAR PRADESH,D709,BANSGAON,2.2
17-11-2025,26.5,83.5,GORAKHPUR,UTTAR PRADESH,D709,BANSGAON,2.06
18-11-2025,26.5,83.5,GORAKHPUR,UTTAR PRADESH,D709,BANSGAON,2.17
19-11-2025,26.5,83.5,GORAKHPUR,UTTAR PRADESH,D709,BANSGAON,2.11
20-11-2025,26.5,83.5,GORAKHPUR,UTTAR PRADESH,D709,BANSGAON,2.04
21-11-2025,26.5,83.5,GORAKHPUR,UTTAR PRADESH,D709,BANSGAON,1.83
22-11-2025,26.5,83.5,GORAKHPUR,UTTAR PRADESH,D709,BANSGAON,1.62
23-11-2025,26.5,83.5,GORAKHPUR,UTTAR PRADESH,D709,BANSGAON,1.65
24-11-2025,26.5,83.5,GORAKHPUR,UTTAR PRADESH,D709,BANSGAON,1.76
25-11-2025,26.5,83.5,GORAKHPUR,UTTAR PRADESH,D709,BANSGAON,1.73
26-11-2025,26.5,83.5,GORAKHPUR,UTTAR PRADESH,D709,BANSGAON,1.85
27-11-2025,26.5,83.5,GORAKHPUR,UTTAR PRADESH,D709,BANSGAON,1.95
28-11-2025,26.5,83.5,GORAKHPUR,UTTAR PRADESH,D709,BANSGAON,1.97
29-11-2025,26.5,83.5,GORAKHPUR,UTTAR PRADESH,D709,BANSGAON,1.91
30-11-2025,26.5,83.5,GORAKHPUR,UTTAR PRADESH,D709,BANSGAON,1.8
01-12-2025,26.5,83.5,GORAKHPUR,UTTAR PRADESH,D709,BANSGAON,1.88
02-12-2025,26.5,83.5,GORAKHPUR,UTTAR PRADESH,D709,BANSGAON,2.21
03-12-2025,26.5,83.5,GORAKHPUR,UTTAR PRADESH,D709,BANSGAON,2.21
04-12-2025,26.5,83.5,GORAKHPUR,UTTAR PRADESH,D709,BANSGAON,1.98
05-12-2025,26.5,83.5,GORAKHPUR,UTTAR PRADESH,D709,BANSGAON,1.87
06-12-2025,26.5,83.5,GORAKHPUR,UTTAR PRADESH,D709,BANSGAON,1.92
07-12-2025,26.5,83.5,GORAKHPUR,UTTAR PRADESH,D709,BANSGAON,2
08-12-2025,26.5,83.5,GORAKHPUR,UTTAR PRADESH,D709,BANSGAON,2.01
09-12-2025,26.5,83.5,GORAKHPUR,UTTAR PRADESH,D709,BANSGAON,2.13
10-12-2025,26.5,83.5,GORAKHPUR,UTTAR PRADESH,D709,BANSGAON,2.07
11-12-2025,26.5,83.5,GORAKHPUR,UTTAR PRADESH,D709,BANSGAON,2.04
12-12-2025,26.5,83.5,GORAKHPUR,UTTAR PRADESH,D709,BANSGAON,2.02
13-12-2025,26.5,83.5,GORAKHPUR,UTTAR PRADESH,D709,BANSGAON,2.15
14-12-2025,26.5,83.5,GORAKHPUR,UTTAR PRADESH,D709,BANSGAON,2.07
15-12-2025,26.5,83.5,GORAKHPUR,UTTAR PRADESH,D709,BANSGAON,1.82
16-12-2025,26.5,83.5,GORAKHPUR,UTTAR PRADESH,D709,BANSGAON,1.93
17-12-2025,26.5,83.5,GORAKHPUR,UTTAR PRADESH,D709,BANSGAON,1.68
18-12-2025,26.5,83.5,GORAKHPUR,UTTAR PRADESH,D709,BANSGAON,1.69
19-12-2025,26.5,83.5,GORAKHPUR,UTTAR PRADESH,D709,BANSGAON,1.88
20-12-2025,26.5,83.5,GORAKHPUR,UTTAR PRADESH,D709,BANSGAON,1.89
21-12-2025,26.5,83.5,GORAKHPUR,UTTAR PRADESH,D709,BANSGAON,1.83
22-12-2025,26.5,83.5,GORAKHPUR,UTTAR PRADESH,D709,BANSGAON,2.08
23-12-2025,26.5,83.5,GORAKHPUR,UTTAR PRADESH,D709,BANSGAON,2.06
24-12-2025,26.5,83.5,GORAKHPUR,UTTAR PRADESH,D709,BANSGAON,1.66
25-12-2025,26.5,83.5,GORAKHPUR,UTTAR PRADESH,D709,BANSGAON,1.77
26-12-2025,26.5,83.5,GORAKHPUR,UTTAR PRADESH,D709,BANSGAON,1.9
27-12-2025,26.5,83.5,GORAKHPUR,UTTAR PRADESH,D709,BANSGAON,1.76
28-12-2025,26.5,83.5,GORAKHPUR,UTTAR PRADESH,D709,BANSGAON,1.93
29-12-2025,26.5,83.5,GORAKHPUR,UTTAR PRADESH,D709,BANSGAON,2.03
30-12-2025,26.5,83.5,GORAKHPUR,UTTAR PRADESH,D709,BANSGAON,2.07
31-12-2025,26.5,83.5,GORAKHPUR,UTTAR PRADESH,D709,BANSGAON,2.22
01-01-2025,26.5,82.5,AMBEDKAR NAGAR,UTTAR PRADESH,D679,AKBARPUR,2.43
02-01-2025,26.5,82.5,AMBEDKAR NAGAR,UTTAR PRADESH,D679,AKBARPUR,2.35
03-01-2025,26.5,82.5,AMBEDKAR NAGAR,UTTAR PRADESH,D679,AKBARPUR,2.48
04-01-2025,26.5,82.5,AMBEDKAR NAGAR,UTTAR PRADESH,D679,AKBARPUR,2.57
05-01-2025,26.5,82.5,AMBEDKAR NAGAR,UTTAR PRADESH,D679,AKBARPUR,2.4
06-01-2025,26.5,82.5,AMBEDKAR NAGAR,UTTAR PRADESH,D679,AKBARPUR,2.43
07-01-2025,26.5,82.5,AMBEDKAR NAGAR,UTTAR PRADESH,D679,AKBARPUR,2.99
08-01-2025,26.5,82.5,AMBEDKAR NAGAR,UTTAR PRADESH,D679,AKBARPUR,3.08
09-01-2025,26.5,82.5,AMBEDKAR NAGAR,UTTAR PRADESH,D679,AKBARPUR,2.94
10-01-2025,26.5,82.5,AMBEDKAR NAGAR,UTTAR PRADESH,D679,AKBARPUR,2.68
11-01-2025,26.5,82.5,AMBEDKAR NAGAR,UTTAR PRADESH,D679,AKBARPUR,2.34
12-01-2025,26.5,82.5,AMBEDKAR NAGAR,UTTAR PRADESH,D679,AKBARPUR,2.18
13-01-2025,26.5,82.5,AMBEDKAR NAGAR,UTTAR PRADESH,D679,AKBARPUR,2
14-01-2025,26.5,82.5,AMBEDKAR NAGAR,UTTAR PRADESH,D679,AKBARPUR,1.91
15-01-2025,26.5,82.5,AMBEDKAR NAGAR,UTTAR PRADESH,D679,AKBARPUR,2.04
16-01-2025,26.5,82.5,AMBEDKAR NAGAR,UTTAR PRADESH,D679,AKBARPUR,2.2
17-01-2025,26.5,82.5,AMBEDKAR NAGAR,UTTAR PRADESH,D679,AKBARPUR,2.36
18-01-2025,26.5,82.5,AMBEDKAR NAGAR,UTTAR PRADESH,D679,AKBARPUR,2.63
19-01-2025,26.5,82.5,AMBEDKAR NAGAR,UTTAR PRADESH,D679,AKBARPUR,2.57
20-01-2025,26.5,82.5,AMBEDKAR NAGAR,UTTAR PRADESH,D679,AKBARPUR,2.32
21-01-2025,26.5,82.5,AMBEDKAR NAGAR,UTTAR PRADESH,D679,AKBARPUR,1.74
22-01-2025,26.5,82.5,AMBEDKAR NAGAR,UTTAR PRADESH,D679,AKBARPUR,2.12
23-01-2025,26.5,82.5,AMBEDKAR NAGAR,UTTAR PRADESH,D679,AKBARPUR,2.73
24-01-2025,26.5,82.5,AMBEDKAR NAGAR,UTTAR PRADESH,D679,AKBARPUR,2.48
25-01-2025,26.5,82.5,AMBEDKAR NAGAR,UTTAR PRADESH,D679,AKBARPUR,2.31
26-01-2025,26.5,82.5,AMBEDKAR NAGAR,UTTAR PRADESH,D679,AKBARPUR,2.27
27-01-2025,26.5,82.5,AMBEDKAR NAGAR,UTTAR PRADESH,D679,AKBARPUR,2.32
28-01-2025,26.5,82.5,AMBEDKAR NAGAR,UTTAR PRADESH,D679,AKBARPUR,2.18
29-01-2025,26.5,82.5,AMBEDKAR NAGAR,UTTAR PRADESH,D679,AKBARPUR,2.01
30-01-2025,26.5,82.5,AMBEDKAR NAGAR,UTTAR PRADESH,D679,AKBARPUR,2.04
31-01-2025,26.5,82.5,AMBEDKAR NAGAR,UTTAR PRADESH,D679,AKBARPUR,2.35
01-02-2025,26.5,82.5,AMBEDKAR NAGAR,UTTAR PRADESH,D679,AKBARPUR,2.2
02-02-2025,26.5,82.5,AMBEDKAR NAGAR,UTTAR PRADESH,D679,AKBARPUR,1.95
03-02-2025,26.5,82.5,AMBEDKAR NAGAR,UTTAR PRADESH,D679,AKBARPUR,1.86
04-02-2025,26.5,82.5,AMBEDKAR NAGAR,UTTAR PRADESH,D679,AKBARPUR,1.81
05-02-2025,26.5,82.5,AMBEDKAR NAGAR,UTTAR PRADESH,D679,AKBARPUR,1.8
06-02-2025,26.5,82.5,AMBEDKAR NAGAR,UTTAR PRADESH,D679,AKBARPUR,1.77
07-02-2025,26.5,82.5,AMBEDKAR NAGAR,UTTAR PRADESH,D679,AKBARPUR,2.11
08-02-2025,26.5,82.5,AMBEDKAR NAGAR,UTTAR PRADESH,D679,AKBARPUR,2.26
09-02-2025,26.5,82.5,AMBEDKAR NAGAR,UTTAR PRADESH,D679,AKBARPUR,1.83
10-02-2025,26.5,82.5,AMBEDKAR NAGAR,UTTAR PRADESH,D679,AKBARPUR,2.01
11-02-2025,26.5,82.5,AMBEDKAR NAGAR,UTTAR PRADESH,D679,AKBARPUR,2.08
12-02-2025,26.5,82.5,AMBEDKAR NAGAR,UTTAR PRADESH,D679,AKBARPUR,2.23
13-02-2025,26.5,82.5,AMBEDKAR NAGAR,UTTAR PRADESH,D679,AKBARPUR,2.29
14-02-2025,26.5,82.5,AMBEDKAR NAGAR,UTTAR PRADESH,D679,AKBARPUR,2.18
15-02-2025,26.5,82.5,AMBEDKAR NAGAR,UTTAR PRADESH,D679,AKBARPUR,2.24
16-02-2025,26.5,82.5,AMBEDKAR NAGAR,UTTAR PRADESH,D679,AKBARPUR,1.82
17-02-2025,26.5,82.5,AMBEDKAR NAGAR,UTTAR PRADESH,D679,AKBARPUR,1.68
18-02-2025,26.5,82.5,AMBEDKAR NAGAR,UTTAR PRADESH,D679,AKBARPUR,2.15
19-02-2025,26.5,82.5,AMBEDKAR NAGAR,UTTAR PRADESH,D679,AKBARPUR,2.25
20-02-2025,26.5,82.5,AMBEDKAR NAGAR,UTTAR PRADESH,D679,AKBARPUR,2.28
21-02-2025,26.5,82.5,AMBEDKAR NAGAR,UTTAR PRADESH,D679,AKBARPUR,2.15
22-02-2025,26.5,82.5,AMBEDKAR NAGAR,UTTAR PRADESH,D679,AKBARPUR,1.73
23-02-2025,26.5,82.5,AMBEDKAR NAGAR,UTTAR PRADESH,D679,AKBARPUR,1.62
24-02-2025,26.5,82.5,AMBEDKAR NAGAR,UTTAR PRADESH,D679,AKBARPUR,1.91
25-02-2025,26.5,82.5,AMBEDKAR NAGAR,UTTAR PRADESH,D679,AKBARPUR,2.04
26-02-2025,26.5,82.5,AMBEDKAR NAGAR,UTTAR PRADESH,D679,AKBARPUR,2.02
27-02-2025,26.5,82.5,AMBEDKAR NAGAR,UTTAR PRADESH,D679,AKBARPUR,1.85
28-02-2025,26.5,82.5,AMBEDKAR NAGAR,UTTAR PRADESH,D679,AKBARPUR,2.08
29-02-2025,26.5,82.5,AMBEDKAR NAGAR,UTTAR PRADESH,D679,AKBARPUR,1.95
01-03-2025,26.5,82.5,AMBEDKAR NAGAR,UTTAR PRADESH,D679,AKBARPUR,2.2
02-03-2025,26.5,82.5,AMBEDKAR NAGAR,UTTAR PRADESH,D679,AKBARPUR,1.96
03-03-2025,26.5,82.5,AMBEDKAR NAGAR,UTTAR PRADESH,D679,AKBARPUR,1.96
04-03-2025,26.5,82.5,AMBEDKAR NAGAR,UTTAR PRADESH,D679,AKBARPUR,1.66
05-03-2025,26.5,82.5,AMBEDKAR NAGAR,UTTAR PRADESH,D679,AKBARPUR,2.22
06-03-2025,26.5,82.5,AMBEDKAR NAGAR,UTTAR PRADESH,D679,AKBARPUR,2.13
07-03-2025,26.5,82.5,AMBEDKAR NAGAR,UTTAR PRADESH,D679,AKBARPUR,2.07
08-03-2025,26.5,82.5,AMBEDKAR NAGAR,UTTAR PRADESH,D679,AKBARPUR,2.13
09-03-2025,26.5,82.5,AMBEDKAR NAGAR,UTTAR PRADESH,D679,AKBARPUR,2.22
10-03-2025,26.5,82.5,AMBEDKAR NAGAR,UTTAR PRADESH,D679,AKBARPUR,1.89
11-03-2025,26.5,82.5,AMBEDKAR NAGAR,UTTAR PRADESH,D679,AKBARPUR,1.73
12-03-2025,26.5,82.5,AMBEDKAR NAGAR,UTTAR PRADESH,D679,AKBARPUR,1.68
13-03-2025,26.5,82.5,AMBEDKAR NAGAR,UTTAR PRADESH,D679,AKBARPUR,1.86
14-03-2025,26.5,82.5,AMBEDKAR NAGAR,UTTAR PRADESH,D679,AKBARPUR,1.85
15-03-2025,26.5,82.5,AMBEDKAR NAGAR,UTTAR PRADESH,D679,AKBARPUR,2
16-03-2025,26.5,82.5,AMBEDKAR NAGAR,UTTAR PRADESH,D679,AKBARPUR,2.06
17-03-2025,26.5,82.5,AMBEDKAR NAGAR,UTTAR PRADESH,D679,AKBARPUR,2.07
18-03-2025,26.5,82.5,AMBEDKAR NAGAR,UTTAR PRADESH,D679,AKBARPUR,1.83
19-03-2025,26.5,82.5,AMBEDKAR NAGAR,UTTAR PRADESH,D679,AKBARPUR,1.88
20-03-2025,26.5,82.5,AMBEDKAR NAGAR,UTTAR PRADESH,D679,AKBARPUR,2.04
21-03-2025,26.5,82.5,AMBEDKAR NAGAR,UTTAR PRADESH,D679,AKBARPUR,1.91
22-03-2025,26.5,82.5,AMBEDKAR NAGAR,UTTAR PRADESH,D679,AKBARPUR,1.7
23-03-2025,26.5,82.5,AMBEDKAR NAGAR,UTTAR PRADESH,D679,AKBARPUR,1.61
24-03-2025,26.5,82.5,AMBEDKAR NAGAR,UTTAR PRADESH,D679,AKBARPUR,1.76
25-03-2025,26.5,82.5,AMBEDKAR NAGAR,UTTAR PRADESH,D679,AKBARPUR,1.93
26-03-2025,26.5,82.5,AMBEDKAR NAGAR,UTTAR PRADESH,D679,AKBARPUR,1.84
27-03-2025,26.5,82.5,AMBEDKAR NAGAR,UTTAR PRADESH,D679,AKBARPUR,2
28-03-2025,26.5,82.5,AMBEDKAR NAGAR,UTTAR PRADESH,D679,AKBARPUR,1.58
29-03-2025,26.5,82.5,AMBEDKAR NAGAR,UTTAR PRADESH,D679,AKBARPUR,1.36
30-03-2025,26.5,82.5,AMBEDKAR NAGAR,UTTAR PRADESH,D679,AKBARPUR,1.71
31-03-2025,26.5,82.5,AMBEDKAR NAGAR,UTTAR PRADESH,D679,AKBARPUR,1.77
01-04-2025,26.5,82.5,AMBEDKAR NAGAR,UTTAR PRADESH,D679,AKBARPUR,1.49
02-04-2025,26.5,82.5,AMBEDKAR NAGAR,UTTAR PRADESH,D679,AKBARPUR,1.67
03-04-2025,26.5,82.5,AMBEDKAR NAGAR,UTTAR PRADESH,D679,AKBARPUR,1.77
04-04-2025,26.5,82.5,AMBEDKAR NAGAR,UTTAR PRADESH,D679,AKBARPUR,2.2
05-04-2025,26.5,82.5,AMBEDKAR NAGAR,UTTAR PRADESH,D679,AKBARPUR,1.9
06-04-2025,26.5,82.5,AMBEDKAR NAGAR,UTTAR PRADESH,D679,AKBARPUR,1.96
07-04-2025,26.5,82.5,AMBEDKAR NAGAR,UTTAR PRADESH,D679,AKBARPUR,1.75
08-04-2025,26.5,82.5,AMBEDKAR NAGAR,UTTAR PRADESH,D679,AKBARPUR,1.78
09-04-2025,26.5,82.5,AMBEDKAR NAGAR,UTTAR PRADESH,D679,AKBARPUR,1.56
10-04-2025,26.5,82.5,AMBEDKAR NAGAR,UTTAR PRADESH,D679,AKBARPUR,1.57
11-04-2025,26.5,82.5,AMBEDKAR NAGAR,UTTAR PRADESH,D679,AKBARPUR,2.01
12-04-2025,26.5,82.5,AMBEDKAR NAGAR,UTTAR PRADESH,D679,AKBARPUR,2.01
13-04-2025,26.5,82.5,AMBEDKAR NAGAR,UTTAR PRADESH,D679,AKBARPUR,1.74
14-04-2025,26.5,82.5,AMBEDKAR NAGAR,UTTAR PRADESH,D679,AKBARPUR,1.49
15-04-2025,26.5,82.5,AMBEDKAR NAGAR,UTTAR PRADESH,D679,AKBARPUR,1.38
16-04-2025,26.5,82.5,AMBEDKAR NAGAR,UTTAR PRADESH,D679,AKBARPUR,1.48
17-04-2025,26.5,82.5,AMBEDKAR NAGAR,UTTAR PRADESH,D679,AKBARPUR,1.49
18-04-2025,26.5,82.5,AMBEDKAR NAGAR,UTTAR PRADESH,D679,AKBARPUR,1.84
19-04-2025,26.5,82.5,AMBEDKAR NAGAR,UTTAR PRADESH,D679,AKBARPUR,1.87
20-04-2025,26.5,82.5,AMBEDKAR NAGAR,UTTAR PRADESH,D679,AKBARPUR,1.95
21-04-2025,26.5,82.5,AMBEDKAR NAGAR,UTTAR PRADESH,D679,AKBARPUR,2.06
22-04-2025,26.5,82.5,AMBEDKAR NAGAR,UTTAR PRADESH,D679,AKBARPUR,2.09
23-04-2025,26.5,82.5,AMBEDKAR NAGAR,UTTAR PRADESH,D679,AKBARPUR,1.53
24-04-2025,26.5,82.5,AMBEDKAR NAGAR,UTTAR PRADESH,D679,AKBARPUR,1.51
25-04-2025,26.5,82.5,AMBEDKAR NAGAR,UTTAR PRADESH,D679,AKBARPUR,1.63
26-04-2025,26.5,82.5,AMBEDKAR NAGAR,UTTAR PRADESH,D679,AKBARPUR,1.75
27-04-2025,26.5,82.5,AMBEDKAR NAGAR,UTTAR PRADESH,D679,AKBARPUR,1.67
28-04-2025,26.5,82.5,AMBEDKAR NAGAR,UTTAR PRADESH,D679,AKBARPUR,1.28
29-04-2025,26.5,82.5,AMBEDKAR NAGAR,UTTAR PRADESH,D679,AKBARPUR,1.34
30-04-2025,26.5,82.5,AMBEDKAR NAGAR,UTTAR PRADESH,D679,AKBARPUR,1.52
01-05-2025,26.5,82.5,AMBEDKAR NAGAR,UTTAR PRADESH,D679,AKBARPUR,1.67
02-05-2025,26.5,82.5,AMBEDKAR NAGAR,UTTAR PRADESH,D679,AKBARPUR,1.65
03-05-2025,26.5,82.5,AMBEDKAR NAGAR,UTTAR PRADESH,D679,AKBARPUR,1.92
04-05-2025,26.5,82.5,AMBEDKAR NAGAR,UTTAR PRADESH,D679,AKBARPUR,1.92
05-05-2025,26.5,82.5,AMBEDKAR NAGAR,UTTAR PRADESH,D679,AKBARPUR,1.49
06-05-2025,26.5,82.5,AMBEDKAR NAGAR,UTTAR PRADESH,D679,AKBARPUR,1.57
07-05-2025,26.5,82.5,AMBEDKAR NAGAR,UTTAR PRADESH,D679,AKBARPUR,1.44
08-05-2025,26.5,82.5,AMBEDKAR NAGAR,UTTAR PRADESH,D679,AKBARPUR,1.49
09-05-2025,26.5,82.5,AMBEDKAR NAGAR,UTTAR PRADESH,D679,AKBARPUR,1.33
10-05-2025,26.5,82.5,AMBEDKAR NAGAR,UTTAR PRADESH,D679,AKBARPUR,1.88
11-05-2025,26.5,82.5,AMBEDKAR NAGAR,UTTAR PRADESH,D679,AKBARPUR,2
12-05-2025,26.5,82.5,AMBEDKAR NAGAR,UTTAR PRADESH,D679,AKBARPUR,1.92
13-05-2025,26.5,82.5,AMBEDKAR NAGAR,UTTAR PRADESH,D679,AKBARPUR,1.76
14-05-2025,26.5,82.5,AMBEDKAR NAGAR,UTTAR PRADESH,D679,AKBARPUR,1.82
15-05-2025,26.5,82.5,AMBEDKAR NAGAR,UTTAR PRADESH,D679,AKBARPUR,1.44
16-05-2025,26.5,82.5,AMBEDKAR NAGAR,UTTAR PRADESH,D679,AKBARPUR,1.5
17-05-2025,26.5,82.5,AMBEDKAR NAGAR,UTTAR PRADESH,D679,AKBARPUR,1.74
18-05-2025,26.5,82.5,AMBEDKAR NAGAR,UTTAR PRADESH,D679,AKBARPUR,1.68
19-05-2025,26.5,82.5,AMBEDKAR NAGAR,UTTAR PRADESH,D679,AKBARPUR,1.66
20-05-2025,26.5,82.5,AMBEDKAR NAGAR,UTTAR PRADESH,D679,AKBARPUR,1.66
21-05-2025,26.5,82.5,AMBEDKAR NAGAR,UTTAR PRADESH,D679,AKBARPUR,1.45
22-05-2025,26.5,82.5,AMBEDKAR NAGAR,UTTAR PRADESH,D679,AKBARPUR,1.38
23-05-2025,26.5,82.5,AMBEDKAR NAGAR,UTTAR PRADESH,D679,AKBARPUR,1.45
24-05-2025,26.5,82.5,AMBEDKAR NAGAR,UTTAR PRADESH,D679,AKBARPUR,1.56
25-05-2025,26.5,82.5,AMBEDKAR NAGAR,UTTAR PRADESH,D679,AKBARPUR,1.68
26-05-2025,26.5,82.5,AMBEDKAR NAGAR,UTTAR PRADESH,D679,AKBARPUR,1.86
27-05-2025,26.5,82.5,AMBEDKAR NAGAR,UTTAR PRADESH,D679,AKBARPUR,1.81
28-05-2025,26.5,82.5,AMBEDKAR NAGAR,UTTAR PRADESH,D679,AKBARPUR,1.9
29-05-2025,26.5,82.5,AMBEDKAR NAGAR,UTTAR PRADESH,D679,AKBARPUR,1.8
30-05-2025,26.5,82.5,AMBEDKAR NAGAR,UTTAR PRADESH,D679,AKBARPUR,1.92
31-05-2025,26.5,82.5,AMBEDKAR NAGAR,UTTAR PRADESH,D679,AKBARPUR,1.67
01-06-2025,26.5,82.5,AMBEDKAR NAGAR,UTTAR PRADESH,D679,AKBARPUR,1.46
02-06-2025,26.5,82.5,AMBEDKAR NAGAR,UTTAR PRADESH,D679,AKBARPUR,1.29
03-06-2025,26.5,82.5,AMBEDKAR NAGAR,UTTAR PRADESH,D679,AKBARPUR,1.3
04-06-2025,26.5,82.5,AMBEDKAR NAGAR,UTTAR PRADESH,D679,AKBARPUR,1.67
05-06-2025,26.5,82.5,AMBEDKAR NAGAR,UTTAR PRADESH,D679,AKBARPUR,1.83
06-06-2025,26.5,82.5,AMBEDKAR NAGAR,UTTAR PRADESH,D679,AKBARPUR,1.75
07-06-2025,26.5,82.5,AMBEDKAR NAGAR,UTTAR PRADESH,D679,AKBARPUR,1.52
08-06-2025,26.5,82.5,AMBEDKAR NAGAR,UTTAR PRADESH,D679,AKBARPUR,1.63
09-06-2025,26.5,82.5,AMBEDKAR NAGAR,UTTAR PRADESH,D679,AKBARPUR,1.71
10-06-2025,26.5,82.5,AMBEDKAR NAGAR,UTTAR PRADESH,D679,AKBARPUR,1.25
11-06-2025,26.5,82.5,AMBEDKAR NAGAR,UTTAR PRADESH,D679,AKBARPUR,1.4
12-06-2025,26.5,82.5,AMBEDKAR NAGAR,UTTAR PRADESH,D679,AKBARPUR,1.41
13-06-2025,26.5,82.5,AMBEDKAR NAGAR,UTTAR PRADESH,D679,AKBARPUR,1.34
14-06-2025,26.5,82.5,AMBEDKAR NAGAR,UTTAR PRADESH,D679,AKBARPUR,1.64
15-06-2025,26.5,82.5,AMBEDKAR NAGAR,UTTAR PRADESH,D679,AKBARPUR,2
16-06-2025,26.5,82.5,AMBEDKAR NAGAR,UTTAR PRADESH,D679,AKBARPUR,1.91
17-06-2025,26.5,82.5,AMBEDKAR NAGAR,UTTAR PRADESH,D679,AKBARPUR,1.67
18-06-2025,26.5,82.5,AMBEDKAR NAGAR,UTTAR PRADESH,D679,AKBARPUR,1.67
19-06-2025,26.5,82.5,AMBEDKAR NAGAR,UTTAR PRADESH,D679,AKBARPUR,1.82
20-06-2025,26.5,82.5,AMBEDKAR NAGAR,UTTAR PRADESH,D679,AKBARPUR,1.68
21-06-2025,26.5,82.5,AMBEDKAR NAGAR,UTTAR PRADESH,D679,AKBARPUR,1.51
22-06-2025,26.5,82.5,AMBEDKAR NAGAR,UTTAR PRADESH,D679,AKBARPUR,1.33
23-06-2025,26.5,82.5,AMBEDKAR NAGAR,UTTAR PRADESH,D679,AKBARPUR,1.23
24-06-2025,26.5,82.5,AMBEDKAR NAGAR,UTTAR PRADESH,D679,AKBARPUR,1.13
25-06-2025,26.5,82.5,AMBEDKAR NAGAR,UTTAR PRADESH,D679,AKBARPUR,1.07
26-06-2025,26.5,82.5,AMBEDKAR NAGAR,UTTAR PRADESH,D679,AKBARPUR,1.22
27-06-2025,26.5,82.5,AMBEDKAR NAGAR,UTTAR PRADESH,D679,AKBARPUR,1.31
28-06-2025,26.5,82.5,AMBEDKAR NAGAR,UTTAR PRADESH,D679,AKBARPUR,1.34
29-06-2025,26.5,82.5,AMBEDKAR NAGAR,UTTAR PRADESH,D679,AKBARPUR,1.34
30-06-2025,26.5,82.5,AMBEDKAR NAGAR,UTTAR PRADESH,D679,AKBARPUR,1.44
01-07-2025,26.5,82.5,AMBEDKAR NAGAR,UTTAR PRADESH,D679,AKBARPUR,1.23
02-07-2025,26.5,82.5,AMBEDKAR NAGAR,UTTAR PRADESH,D679,AKBARPUR,0.96
03-07-2025,26.5,82.5,AMBEDKAR NAGAR,UTTAR PRADESH,D679,AKBARPUR,0.9
04-07-2025,26.5,82.5,AMBEDKAR NAGAR,UTTAR PRADESH,D679,AKBARPUR,0.95
05-07-2025,26.5,82.5,AMBEDKAR NAGAR,UTTAR PRADESH,D679,AKBARPUR,1.07
06-07-2025,26.5,82.5,AMBEDKAR NAGAR,UTTAR PRADESH,D679,AKBARPUR,1.09
07-07-2025,26.5,82.5,AMBEDKAR NAGAR,UTTAR PRADESH,D679,AKBARPUR,0.97
08-07-2025,26.5,82.5,AMBEDKAR NAGAR,UTTAR PRADESH,D679,AKBARPUR,1
09-07-2025,26.5,82.5,AMBEDKAR NAGAR,UTTAR PRADESH,D679,AKBARPUR,1.31
10-07-2025,26.5,82.5,AMBEDKAR NAGAR,UTTAR PRADESH,D679,AKBARPUR,1.22
11-07-2025,26.5,82.5,AMBEDKAR NAGAR,UTTAR PRADESH,D679,AKBARPUR,1.19
12-07-2025,26.5,82.5,AMBEDKAR NAGAR,UTTAR PRADESH,D679,AKBARPUR,1.17
13-07-2025,26.5,82.5,AMBEDKAR NAGAR,UTTAR PRADESH,D679,AKBARPUR,0.96
14-07-2025,26.5,82.5,AMBEDKAR NAGAR,UTTAR PRADESH,D679,AKBARPUR,1.17
15-07-2025,26.5,82.5,AMBEDKAR NAGAR,UTTAR PRADESH,D679,AKBARPUR,0.97
16-07-2025,26.5,82.5,AMBEDKAR NAGAR,UTTAR PRADESH,D679,AKBARPUR,1.09
17-07-2025,26.5,82.5,AMBEDKAR NAGAR,UTTAR PRADESH,D679,AKBARPUR,1.22
18-07-2025,26.5,82.5,AMBEDKAR NAGAR,UTTAR PRADESH,D679,AKBARPUR,1.28
19-07-2025,26.5,82.5,AMBEDKAR NAGAR,UTTAR PRADESH,D679,AKBARPUR,1.07
20-07-2025,26.5,82.5,AMBEDKAR NAGAR,UTTAR PRADESH,D679,AKBARPUR,1.07
21-07-2025,26.5,82.5,AMBEDKAR NAGAR,UTTAR PRADESH,D679,AKBARPUR,1
22-07-2025,26.5,82.5,AMBEDKAR NAGAR,UTTAR PRADESH,D679,AKBARPUR,0.85
23-07-2025,26.5,82.5,AMBEDKAR NAGAR,UTTAR PRADESH,D679,AKBARPUR,0.94
24-07-2025,26.5,82.5,AMBEDKAR NAGAR,UTTAR PRADESH,D679,AKBARPUR,1.01
25-07-2025,26.5,82.5,AMBEDKAR NAGAR,UTTAR PRADESH,D679,AKBARPUR,1.06
26-07-2025,26.5,82.5,AMBEDKAR NAGAR,UTTAR PRADESH,D679,AKBARPUR,0.98
27-07-2025,26.5,82.5,AMBEDKAR NAGAR,UTTAR PRADESH,D679,AKBARPUR,1.18
28-07-2025,26.5,82.5,AMBEDKAR NAGAR,UTTAR PRADESH,D679,AKBARPUR,1.11
29-07-2025,26.5,82.5,AMBEDKAR NAGAR,UTTAR PRADESH,D679,AKBARPUR,0.85
30-07-2025,26.5,82.5,AMBEDKAR NAGAR,UTTAR PRADESH,D679,AKBARPUR,0.83
31-07-2025,26.5,82.5,AMBEDKAR NAGAR,UTTAR PRADESH,D679,AKBARPUR,0.9
01-08-2025,26.5,82.5,AMBEDKAR NAGAR,UTTAR PRADESH,D679,AKBARPUR,0.95
02-08-2025,26.5,82.5,AMBEDKAR NAGAR,UTTAR PRADESH,D679,AKBARPUR,0.94
03-08-2025,26.5,82.5,AMBEDKAR NAGAR,UTTAR PRADESH,D679,AKBARPUR,0.68
04-08-2025,26.5,82.5,AMBEDKAR NAGAR,UTTAR PRADESH,D679,AKBARPUR,0.81
05-08-2025,26.5,82.5,AMBEDKAR NAGAR,UTTAR PRADESH,D679,AKBARPUR,0.59
06-08-2025,26.5,82.5,AMBEDKAR NAGAR,UTTAR PRADESH,D679,AKBARPUR,0.63
07-08-2025,26.5,82.5,AMBEDKAR NAGAR,UTTAR PRADESH,D679,AKBARPUR,0.69
08-08-2025,26.5,82.5,AMBEDKAR NAGAR,UTTAR PRADESH,D679,AKBARPUR,0.72
09-08-2025,26.5,82.5,AMBEDKAR NAGAR,UTTAR PRADESH,D679,AKBARPUR,0.71
10-08-2025,26.5,82.5,AMBEDKAR NAGAR,UTTAR PRADESH,D679,AKBARPUR,0.82
11-08-2025,26.5,82.5,AMBEDKAR NAGAR,UTTAR PRADESH,D679,AKBARPUR,0.82
12-08-2025,26.5,82.5,AMBEDKAR NAGAR,UTTAR PRADESH,D679,AKBARPUR,0.67
13-08-2025,26.5,82.5,AMBEDKAR NAGAR,UTTAR PRADESH,D679,AKBARPUR,0.65
14-08-2025,26.5,82.5,AMBEDKAR NAGAR,UTTAR PRADESH,D679,AKBARPUR,0.71
15-08-2025,26.5,82.5,AMBEDKAR NAGAR,UTTAR PRADESH,D679,AKBARPUR,0.63
16-08-2025,26.5,82.5,AMBEDKAR NAGAR,UTTAR PRADESH,D679,AKBARPUR,0.7
17-08-2025,26.5,82.5,AMBEDKAR NAGAR,UTTAR PRADESH,D679,AKBARPUR,0.78
18-08-2025,26.5,82.5,AMBEDKAR NAGAR,UTTAR PRADESH,D679,AKBARPUR,0.74
19-08-2025,26.5,82.5,AMBEDKAR NAGAR,UTTAR PRADESH,D679,AKBARPUR,0.8
20-08-2025,26.5,82.5,AMBEDKAR NAGAR,UTTAR PRADESH,D679,AKBARPUR,0.75
21-08-2025,26.5,82.5,AMBEDKAR NAGAR,UTTAR PRADESH,D679,AKBARPUR,0.69
22-08-2025,26.5,82.5,AMBEDKAR NAGAR,UTTAR PRADESH,D679,AKBARPUR,0.76
23-08-2025,26.5,82.5,AMBEDKAR NAGAR,UTTAR PRADESH,D679,AKBARPUR,0.71
24-08-2025,26.5,82.5,AMBEDKAR NAGAR,UTTAR PRADESH,D679,AKBARPUR,0.57
25-08-2025,26.5,82.5,AMBEDKAR NAGAR,UTTAR PRADESH,D679,AKBARPUR,0.6
26-08-2025,26.5,82.5,AMBEDKAR NAGAR,UTTAR PRADESH,D679,AKBARPUR,0.65
27-08-2025,26.5,82.5,AMBEDKAR NAGAR,UTTAR PRADESH,D679,AKBARPUR,0.68
28-08-2025,26.5,82.5,AMBEDKAR NAGAR,UTTAR PRADESH,D679,AKBARPUR,0.8
29-08-2025,26.5,82.5,AMBEDKAR NAGAR,UTTAR PRADESH,D679,AKBARPUR,0.77
30-08-2025,26.5,82.5,AMBEDKAR NAGAR,UTTAR PRADESH,D679,AKBARPUR,0.79
31-08-2025,26.5,82.5,AMBEDKAR NAGAR,UTTAR PRADESH,D679,AKBARPUR,0.75
01-09-2025,26.5,82.5,AMBEDKAR NAGAR,UTTAR PRADESH,D679,AKBARPUR,1.04
02-09-2025,26.5,82.5,AMBEDKAR NAGAR,UTTAR PRADESH,D679,AKBARPUR,1.02
03-09-2025,26.5,82.5,AMBEDKAR NAGAR,UTTAR PRADESH,D679,AKBARPUR,0.83
04-09-2025,26.5,82.5,AMBEDKAR NAGAR,UTTAR PRADESH,D679,AKBARPUR,0.6
05-09-2025,26.5,82.5,AMBEDKAR NAGAR,UTTAR PRADESH,D679,AKBARPUR,0.83
06-09-2025,26.5,82.5,AMBEDKAR NAGAR,UTTAR PRADESH,D679,AKBARPUR,0.94
07-09-2025,26.5,82.5,AMBEDKAR NAGAR,UTTAR PRADESH,D679,AKBARPUR,0.85
08-09-2025,26.5,82.5,AMBEDKAR NAGAR,UTTAR PRADESH,D679,AKBARPUR,0.91
09-09-2025,26.5,82.5,AMBEDKAR NAGAR,UTTAR PRADESH,D679,AKBARPUR,0.89
10-09-2025,26.5,82.5,AMBEDKAR NAGAR,UTTAR PRADESH,D679,AKBARPUR,0.76
11-09-2025,26.5,82.5,AMBEDKAR NAGAR,UTTAR PRADESH,D679,AKBARPUR,0.77
12-09-2025,26.5,82.5,AMBEDKAR NAGAR,UTTAR PRADESH,D679,AKBARPUR,0.72
13-09-2025,26.5,82.5,AMBEDKAR NAGAR,UTTAR PRADESH,D679,AKBARPUR,0.73
14-09-2025,26.5,82.5,AMBEDKAR NAGAR,UTTAR PRADESH,D679,AKBARPUR,0.85
15-09-2025,26.5,82.5,AMBEDKAR NAGAR,UTTAR PRADESH,D679,AKBARPUR,0.82
16-09-2025,26.5,82.5,AMBEDKAR NAGAR,UTTAR PRADESH,D679,AKBARPUR,0.79
17-09-2025,26.5,82.5,AMBEDKAR NAGAR,UTTAR PRADESH,D679,AKBARPUR,0.9
18-09-2025,26.5,82.5,AMBEDKAR NAGAR,UTTAR PRADESH,D679,AKBARPUR,0.7
19-09-2025,26.5,82.5,AMBEDKAR NAGAR,UTTAR PRADESH,D679,AKBARPUR,0.79
20-09-2025,26.5,82.5,AMBEDKAR NAGAR,UTTAR PRADESH,D679,AKBARPUR,0.81
21-09-2025,26.5,82.5,AMBEDKAR NAGAR,UTTAR PRADESH,D679,AKBARPUR,0.82
22-09-2025,26.5,82.5,AMBEDKAR NAGAR,UTTAR PRADESH,D679,AKBARPUR,0.81
23-09-2025,26.5,82.5,AMBEDKAR NAGAR,UTTAR PRADESH,D679,AKBARPUR,0.87
24-09-2025,26.5,82.5,AMBEDKAR NAGAR,UTTAR PRADESH,D679,AKBARPUR,0.89
25-09-2025,26.5,82.5,AMBEDKAR NAGAR,UTTAR PRADESH,D679,AKBARPUR,1.04
26-09-2025,26.5,82.5,AMBEDKAR NAGAR,UTTAR PRADESH,D679,AKBARPUR,1.08
27-09-2025,26.5,82.5,AMBEDKAR NAGAR,UTTAR PRADESH,D679,AKBARPUR,1.12
28-09-2025,26.5,82.5,AMBEDKAR NAGAR,UTTAR PRADESH,D679,AKBARPUR,1.12
29-09-2025,26.5,82.5,AMBEDKAR NAGAR,UTTAR PRADESH,D679,AKBARPUR,1.06
30-09-2025,26.5,82.5,AMBEDKAR NAGAR,UTTAR PRADESH,D679,AKBARPUR,1.24
01-10-2025,26.5,82.5,AMBEDKAR NAGAR,UTTAR PRADESH,D679,AKBARPUR,1.15
02-10-2025,26.5,82.5,AMBEDKAR NAGAR,UTTAR PRADESH,D679,AKBARPUR,1.09
03-10-2025,26.5,82.5,AMBEDKAR NAGAR,UTTAR PRADESH,D679,AKBARPUR,1.17
04-10-2025,26.5,82.5,AMBEDKAR NAGAR,UTTAR PRADESH,D679,AKBARPUR,1.12
05-10-2025,26.5,82.5,AMBEDKAR NAGAR,UTTAR PRADESH,D679,AKBARPUR,1.15
06-10-2025,26.5,82.5,AMBEDKAR NAGAR,UTTAR PRADESH,D679,AKBARPUR,1.12
07-10-2025,26.5,82.5,AMBEDKAR NAGAR,UTTAR PRADESH,D679,AKBARPUR,1.37
08-10-2025,26.5,82.5,AMBEDKAR NAGAR,UTTAR PRADESH,D679,AKBARPUR,1.43
09-10-2025,26.5,82.5,AMBEDKAR NAGAR,UTTAR PRADESH,D679,AKBARPUR,1.44
10-10-2025,26.5,82.5,AMBEDKAR NAGAR,UTTAR PRADESH,D679,AKBARPUR,1.35
11-10-2025,26.5,82.5,AMBEDKAR NAGAR,UTTAR PRADESH,D679,AKBARPUR,1.35
12-10-2025,26.5,82.5,AMBEDKAR NAGAR,UTTAR PRADESH,D679,AKBARPUR,1.55
13-10-2025,26.5,82.5,AMBEDKAR NAGAR,UTTAR PRADESH,D679,AKBARPUR,1.71
14-10-2025,26.5,82.5,AMBEDKAR NAGAR,UTTAR PRADESH,D679,AKBARPUR,1.69
15-10-2025,26.5,82.5,AMBEDKAR NAGAR,UTTAR PRADESH,D679,AKBARPUR,1.82
16-10-2025,26.5,82.5,AMBEDKAR NAGAR,UTTAR PRADESH,D679,AKBARPUR,1.86
17-10-2025,26.5,82.5,AMBEDKAR NAGAR,UTTAR PRADESH,D679,AKBARPUR,1.83
18-10-2025,26.5,82.5,AMBEDKAR NAGAR,UTTAR PRADESH,D679,AKBARPUR,1.69
19-10-2025,26.5,82.5,AMBEDKAR NAGAR,UTTAR PRADESH,D679,AKBARPUR,1.78
20-10-2025,26.5,82.5,AMBEDKAR NAGAR,UTTAR PRADESH,D679,AKBARPUR,1.85
21-10-2025,26.5,82.5,AMBEDKAR NAGAR,UTTAR PRADESH,D679,AKBARPUR,1.8
22-10-2025,26.5,82.5,AMBEDKAR NAGAR,UTTAR PRADESH,D679,AKBARPUR,1.72
23-10-2025,26.5,82.5,AMBEDKAR NAGAR,UTTAR PRADESH,D679,AKBARPUR,1.79
24-10-2025,26.5,82.5,AMBEDKAR NAGAR,UTTAR PRADESH,D679,AKBARPUR,1.96
25-10-2025,26.5,82.5,AMBEDKAR NAGAR,UTTAR PRADESH,D679,AKBARPUR,2
26-10-2025,26.5,82.5,AMBEDKAR NAGAR,UTTAR PRADESH,D679,AKBARPUR,1.75
27-10-2025,26.5,82.5,AMBEDKAR NAGAR,UTTAR PRADESH,D679,AKBARPUR,1.66
28-10-2025,26.5,82.5,AMBEDKAR NAGAR,UTTAR PRADESH,D679,AKBARPUR,1.74
29-10-2025,26.5,82.5,AMBEDKAR NAGAR,UTTAR PRADESH,D679,AKBARPUR,1.86
30-10-2025,26.5,82.5,AMBEDKAR NAGAR,UTTAR PRADESH,D679,AKBARPUR,2.01
31-10-2025,26.5,82.5,AMBEDKAR NAGAR,UTTAR PRADESH,D679,AKBARPUR,1.74
01-11-2025,26.5,82.5,AMBEDKAR NAGAR,UTTAR PRADESH,D679,AKBARPUR,1.82
02-11-2025,26.5,82.5,AMBEDKAR NAGAR,UTTAR PRADESH,D679,AKBARPUR,1.67
03-11-2025,26.5,82.5,AMBEDKAR NAGAR,UTTAR PRADESH,D679,AKBARPUR,1.64
04-11-2025,26.5,82.5,AMBEDKAR NAGAR,UTTAR PRADESH,D679,AKBARPUR,1.73
05-11-2025,26.5,82.5,AMBEDKAR NAGAR,UTTAR PRADESH,D679,AKBARPUR,1.81
06-11-2025,26.5,82.5,AMBEDKAR NAGAR,UTTAR PRADESH,D679,AKBARPUR,1.77
07-11-2025,26.5,82.5,AMBEDKAR NAGAR,UTTAR PRADESH,D679,AKBARPUR,1.81
08-11-2025,26.5,82.5,AMBEDKAR NAGAR,UTTAR PRADESH,D679,AKBARPUR,1.91
09-11-2025,26.5,82.5,AMBEDKAR NAGAR,UTTAR PRADESH,D679,AKBARPUR,1.95
10-11-2025,26.5,82.5,AMBEDKAR NAGAR,UTTAR PRADESH,D679,AKBARPUR,2.03
11-11-2025,26.5,82.5,AMBEDKAR NAGAR,UTTAR PRADESH,D679,AKBARPUR,1.86
12-11-2025,26.5,82.5,AMBEDKAR NAGAR,UTTAR PRADESH,D679,AKBARPUR,1.74
13-11-2025,26.5,82.5,AMBEDKAR NAGAR,UTTAR PRADESH,D679,AKBARPUR,1.74
14-11-2025,26.5,82.5,AMBEDKAR NAGAR,UTTAR PRADESH,D679,AKBARPUR,1.82
15-11-2025,26.5,82.5,AMBEDKAR NAGAR,UTTAR PRADESH,D679,AKBARPUR,1.84
16-11-2025,26.5,82.5,AMBEDKAR NAGAR,UTTAR PRADESH,D679,AKBARPUR,2.2
17-11-2025,26.5,82.5,AMBEDKAR NAGAR,UTTAR PRADESH,D679,AKBARPUR,2.04
18-11-2025,26.5,82.5,AMBEDKAR NAGAR,UTTAR PRADESH,D679,AKBARPUR,2.17
19-11-2025,26.5,82.5,AMBEDKAR NAGAR,UTTAR PRADESH,D679,AKBARPUR,2.06
20-11-2025,26.5,82.5,AMBEDKAR NAGAR,UTTAR PRADESH,D679,AKBARPUR,1.98
21-11-2025,26.5,82.5,AMBEDKAR NAGAR,UTTAR PRADESH,D679,AKBARPUR,1.72
22-11-2025,26.5,82.5,AMBEDKAR NAGAR,UTTAR PRADESH,D679,AKBARPUR,1.6
23-11-2025,26.5,82.5,AMBEDKAR NAGAR,UTTAR PRADESH,D679,AKBARPUR,1.7
24-11-2025,26.5,82.5,AMBEDKAR NAGAR,UTTAR PRADESH,D679,AKBARPUR,1.71
25-11-2025,26.5,82.5,AMBEDKAR NAGAR,UTTAR PRADESH,D679,AKBARPUR,1.75
26-11-2025,26.5,82.5,AMBEDKAR NAGAR,UTTAR PRADESH,D679,AKBARPUR,1.84
27-11-2025,26.5,82.5,AMBEDKAR NAGAR,UTTAR PRADESH,D679,AKBARPUR,1.93
28-11-2025,26.5,82.5,AMBEDKAR NAGAR,UTTAR PRADESH,D679,AKBARPUR,1.89
29-11-2025,26.5,82.5,AMBEDKAR NAGAR,UTTAR PRADESH,D679,AKBARPUR,1.92
30-11-2025,26.5,82.5,AMBEDKAR NAGAR,UTTAR PRADESH,D679,AKBARPUR,1.83
01-12-2025,26.5,82.5,AMBEDKAR NAGAR,UTTAR PRADESH,D679,AKBARPUR,1.94
02-12-2025,26.5,82.5,AMBEDKAR NAGAR,UTTAR PRADESH,D679,AKBARPUR,2.23
03-12-2025,26.5,82.5,AMBEDKAR NAGAR,UTTAR PRADESH,D679,AKBARPUR,2.24
04-12-2025,26.5,82.5,AMBEDKAR NAGAR,UTTAR PRADESH,D679,AKBARPUR,1.96
05-12-2025,26.5,82.5,AMBEDKAR NAGAR,UTTAR PRADESH,D679,AKBARPUR,1.83
06-12-2025,26.5,82.5,AMBEDKAR NAGAR,UTTAR PRADESH,D679,AKBARPUR,1.95
07-12-2025,26.5,82.5,AMBEDKAR NAGAR,UTTAR PRADESH,D679,AKBARPUR,1.99
08-12-2025,26.5,82.5,AMBEDKAR NAGAR,UTTAR PRADESH,D679,AKBARPUR,2.01
09-12-2025,26.5,82.5,AMBEDKAR NAGAR,UTTAR PRADESH,D679,AKBARPUR,2.05
10-12-2025,26.5,82.5,AMBEDKAR NAGAR,UTTAR PRADESH,D679,AKBARPUR,2.03
11-12-2025,26.5,82.5,AMBEDKAR NAGAR,UTTAR PRADESH,D679,AKBARPUR,1.87
12-12-2025,26.5,82.5,AMBEDKAR NAGAR,UTTAR PRADESH,D679,AKBARPUR,2.06
13-12-2025,26.5,82.5,AMBEDKAR NAGAR,UTTAR PRADESH,D679,AKBARPUR,2.15
14-12-2025,26.5,82.5,AMBEDKAR NAGAR,UTTAR PRADESH,D679,AKBARPUR,2.09
15-12-2025,26.5,82.5,AMBEDKAR NAGAR,UTTAR PRADESH,D679,AKBARPUR,1.83
16-12-2025,26.5,82.5,AMBEDKAR NAGAR,UTTAR PRADESH,D679,AKBARPUR,1.9
17-12-2025,26.5,82.5,AMBEDKAR NAGAR,UTTAR PRADESH,D679,AKBARPUR,1.72
18-12-2025,26.5,82.5,AMBEDKAR NAGAR,UTTAR PRADESH,D679,AKBARPUR,1.66
19-12-2025,26.5,82.5,AMBEDKAR NAGAR,UTTAR PRADESH,D679,AKBARPUR,1.87
20-12-2025,26.5,82.5,AMBEDKAR NAGAR,UTTAR PRADESH,D679,AKBARPUR,1.89
21-12-2025,26.5,82.5,AMBEDKAR NAGAR,UTTAR PRADESH,D679,AKBARPUR,1.89
22-12-2025,26.5,82.5,AMBEDKAR NAGAR,UTTAR PRADESH,D679,AKBARPUR,2.09
23-12-2025,26.5,82.5,AMBEDKAR NAGAR,UTTAR PRADESH,D679,AKBARPUR,2.1
24-12-2025,26.5,82.5,AMBEDKAR NAGAR,UTTAR PRADESH,D679,AKBARPUR,1.71
25-12-2025,26.5,82.5,AMBEDKAR NAGAR,UTTAR PRADESH,D679,AKBARPUR,1.86
26-12-2025,26.5,82.5,AMBEDKAR NAGAR,UTTAR PRADESH,D679,AKBARPUR,1.94
27-12-2025,26.5,82.5,AMBEDKAR NAGAR,UTTAR PRADESH,D679,AKBARPUR,1.8
28-12-2025,26.5,82.5,AMBEDKAR NAGAR,UTTAR PRADESH,D679,AKBARPUR,1.92
29-12-2025,26.5,82.5,AMBEDKAR NAGAR,UTTAR PRADESH,D679,AKBARPUR,2.02
30-12-2025,26.5,82.5,AMBEDKAR NAGAR,UTTAR PRADESH,D679,AKBARPUR,1.97
31-12-2025,26.5,82.5,AMBEDKAR NAGAR,UTTAR PRADESH,D679,AKBARPUR,2.19
01-01-2025,27.5,82.5,BALRAMPUR,UTTAR PRADESH,D688,BALRAMPUR,2.24
02-01-2025,27.5,82.5,BALRAMPUR,UTTAR PRADESH,D688,BALRAMPUR,2.1
03-01-2025,27.5,82.5,BALRAMPUR,UTTAR PRADESH,D688,BALRAMPUR,2.29
04-01-2025,27.5,82.5,BALRAMPUR,UTTAR PRADESH,D688,BALRAMPUR,2.32
05-01-2025,27.5,82.5,BALRAMPUR,UTTAR PRADESH,D688,BALRAMPUR,2.3
06-01-2025,27.5,82.5,BALRAMPUR,UTTAR PRADESH,D688,BALRAMPUR,2.22
07-01-2025,27.5,82.5,BALRAMPUR,UTTAR PRADESH,D688,BALRAMPUR,2.8
08-01-2025,27.5,82.5,BALRAMPUR,UTTAR PRADESH,D688,BALRAMPUR,2.84
09-01-2025,27.5,82.5,BALRAMPUR,UTTAR PRADESH,D688,BALRAMPUR,2.72
10-01-2025,27.5,82.5,BALRAMPUR,UTTAR PRADESH,D688,BALRAMPUR,2.53
11-01-2025,27.5,82.5,BALRAMPUR,UTTAR PRADESH,D688,BALRAMPUR,2.13
12-01-2025,27.5,82.5,BALRAMPUR,UTTAR PRADESH,D688,BALRAMPUR,2.11
13-01-2025,27.5,82.5,BALRAMPUR,UTTAR PRADESH,D688,BALRAMPUR,1.99
14-01-2025,27.5,82.5,BALRAMPUR,UTTAR PRADESH,D688,BALRAMPUR,1.79
15-01-2025,27.5,82.5,BALRAMPUR,UTTAR PRADESH,D688,BALRAMPUR,1.89
16-01-2025,27.5,82.5,BALRAMPUR,UTTAR PRADESH,D688,BALRAMPUR,2.1
17-01-2025,27.5,82.5,BALRAMPUR,UTTAR PRADESH,D688,BALRAMPUR,2.26
18-01-2025,27.5,82.5,BALRAMPUR,UTTAR PRADESH,D688,BALRAMPUR,2.56
19-01-2025,27.5,82.5,BALRAMPUR,UTTAR PRADESH,D688,BALRAMPUR,2.34
20-01-2025,27.5,82.5,BALRAMPUR,UTTAR PRADESH,D688,BALRAMPUR,2.15
21-01-2025,27.5,82.5,BALRAMPUR,UTTAR PRADESH,D688,BALRAMPUR,1.72
22-01-2025,27.5,82.5,BALRAMPUR,UTTAR PRADESH,D688,BALRAMPUR,1.96
23-01-2025,27.5,82.5,BALRAMPUR,UTTAR PRADESH,D688,BALRAMPUR,2.62
24-01-2025,27.5,82.5,BALRAMPUR,UTTAR PRADESH,D688,BALRAMPUR,2.35
25-01-2025,27.5,82.5,BALRAMPUR,UTTAR PRADESH,D688,BALRAMPUR,2.27
26-01-2025,27.5,82.5,BALRAMPUR,UTTAR PRADESH,D688,BALRAMPUR,2.15
27-01-2025,27.5,82.5,BALRAMPUR,UTTAR PRADESH,D688,BALRAMPUR,2.12
28-01-2025,27.5,82.5,BALRAMPUR,UTTAR PRADESH,D688,BALRAMPUR,2.01
29-01-2025,27.5,82.5,BALRAMPUR,UTTAR PRADESH,D688,BALRAMPUR,1.94
30-01-2025,27.5,82.5,BALRAMPUR,UTTAR PRADESH,D688,BALRAMPUR,1.95
31-01-2025,27.5,82.5,BALRAMPUR,UTTAR PRADESH,D688,BALRAMPUR,2.28
01-02-2025,27.5,82.5,BALRAMPUR,UTTAR PRADESH,D688,BALRAMPUR,2.14
02-02-2025,27.5,82.5,BALRAMPUR,UTTAR PRADESH,D688,BALRAMPUR,1.71
03-02-2025,27.5,82.5,BALRAMPUR,UTTAR PRADESH,D688,BALRAMPUR,1.66
04-02-2025,27.5,82.5,BALRAMPUR,UTTAR PRADESH,D688,BALRAMPUR,1.65
05-02-2025,27.5,82.5,BALRAMPUR,UTTAR PRADESH,D688,BALRAMPUR,1.79
06-02-2025,27.5,82.5,BALRAMPUR,UTTAR PRADESH,D688,BALRAMPUR,1.68
07-02-2025,27.5,82.5,BALRAMPUR,UTTAR PRADESH,D688,BALRAMPUR,1.98
08-02-2025,27.5,82.5,BALRAMPUR,UTTAR PRADESH,D688,BALRAMPUR,2.09
09-02-2025,27.5,82.5,BALRAMPUR,UTTAR PRADESH,D688,BALRAMPUR,1.74
10-02-2025,27.5,82.5,BALRAMPUR,UTTAR PRADESH,D688,BALRAMPUR,1.9
11-02-2025,27.5,82.5,BALRAMPUR,UTTAR PRADESH,D688,BALRAMPUR,1.99
12-02-2025,27.5,82.5,BALRAMPUR,UTTAR PRADESH,D688,BALRAMPUR,2.08
13-02-2025,27.5,82.5,BALRAMPUR,UTTAR PRADESH,D688,BALRAMPUR,2.22
14-02-2025,27.5,82.5,BALRAMPUR,UTTAR PRADESH,D688,BALRAMPUR,1.99
15-02-2025,27.5,82.5,BALRAMPUR,UTTAR PRADESH,D688,BALRAMPUR,2.1
16-02-2025,27.5,82.5,BALRAMPUR,UTTAR PRADESH,D688,BALRAMPUR,1.62
17-02-2025,27.5,82.5,BALRAMPUR,UTTAR PRADESH,D688,BALRAMPUR,1.63
18-02-2025,27.5,82.5,BALRAMPUR,UTTAR PRADESH,D688,BALRAMPUR,2.16
19-02-2025,27.5,82.5,BALRAMPUR,UTTAR PRADESH,D688,BALRAMPUR,2.19
20-02-2025,27.5,82.5,BALRAMPUR,UTTAR PRADESH,D688,BALRAMPUR,2.24
21-02-2025,27.5,82.5,BALRAMPUR,UTTAR PRADESH,D688,BALRAMPUR,2.07
22-02-2025,27.5,82.5,BALRAMPUR,UTTAR PRADESH,D688,BALRAMPUR,1.65
23-02-2025,27.5,82.5,BALRAMPUR,UTTAR PRADESH,D688,BALRAMPUR,1.67
24-02-2025,27.5,82.5,BALRAMPUR,UTTAR PRADESH,D688,BALRAMPUR,1.95
25-02-2025,27.5,82.5,BALRAMPUR,UTTAR PRADESH,D688,BALRAMPUR,2.07
26-02-2025,27.5,82.5,BALRAMPUR,UTTAR PRADESH,D688,BALRAMPUR,1.98
27-02-2025,27.5,82.5,BALRAMPUR,UTTAR PRADESH,D688,BALRAMPUR,1.81
28-02-2025,27.5,82.5,BALRAMPUR,UTTAR PRADESH,D688,BALRAMPUR,2.07
29-02-2025,27.5,82.5,BALRAMPUR,UTTAR PRADESH,D688,BALRAMPUR,2.03
01-03-2025,27.5,82.5,BALRAMPUR,UTTAR PRADESH,D688,BALRAMPUR,2.12
02-03-2025,27.5,82.5,BALRAMPUR,UTTAR PRADESH,D688,BALRAMPUR,1.92
03-03-2025,27.5,82.5,BALRAMPUR,UTTAR PRADESH,D688,BALRAMPUR,1.91
04-03-2025,27.5,82.5,BALRAMPUR,UTTAR PRADESH,D688,BALRAMPUR,1.67
05-03-2025,27.5,82.5,BALRAMPUR,UTTAR PRADESH,D688,BALRAMPUR,2.22
06-03-2025,27.5,82.5,BALRAMPUR,UTTAR PRADESH,D688,BALRAMPUR,1.99
07-03-2025,27.5,82.5,BALRAMPUR,UTTAR PRADESH,D688,BALRAMPUR,1.97
08-03-2025,27.5,82.5,BALRAMPUR,UTTAR PRADESH,D688,BALRAMPUR,2.16
09-03-2025,27.5,82.5,BALRAMPUR,UTTAR PRADESH,D688,BALRAMPUR,2.16
10-03-2025,27.5,82.5,BALRAMPUR,UTTAR PRADESH,D688,BALRAMPUR,1.8
11-03-2025,27.5,82.5,BALRAMPUR,UTTAR PRADESH,D688,BALRAMPUR,1.71
12-03-2025,27.5,82.5,BALRAMPUR,UTTAR PRADESH,D688,BALRAMPUR,1.81
13-03-2025,27.5,82.5,BALRAMPUR,UTTAR PRADESH,D688,BALRAMPUR,1.82
14-03-2025,27.5,82.5,BALRAMPUR,UTTAR PRADESH,D688,BALRAMPUR,1.85
15-03-2025,27.5,82.5,BALRAMPUR,UTTAR PRADESH,D688,BALRAMPUR,1.96
16-03-2025,27.5,82.5,BALRAMPUR,UTTAR PRADESH,D688,BALRAMPUR,2.08
17-03-2025,27.5,82.5,BALRAMPUR,UTTAR PRADESH,D688,BALRAMPUR,2.01
18-03-2025,27.5,82.5,BALRAMPUR,UTTAR PRADESH,D688,BALRAMPUR,1.88
19-03-2025,27.5,82.5,BALRAMPUR,UTTAR PRADESH,D688,BALRAMPUR,1.86
20-03-2025,27.5,82.5,BALRAMPUR,UTTAR PRADESH,D688,BALRAMPUR,1.92
21-03-2025,27.5,82.5,BALRAMPUR,UTTAR PRADESH,D688,BALRAMPUR,1.86
22-03-2025,27.5,82.5,BALRAMPUR,UTTAR PRADESH,D688,BALRAMPUR,1.7
23-03-2025,27.5,82.5,BALRAMPUR,UTTAR PRADESH,D688,BALRAMPUR,1.63
24-03-2025,27.5,82.5,BALRAMPUR,UTTAR PRADESH,D688,BALRAMPUR,1.76
25-03-2025,27.5,82.5,BALRAMPUR,UTTAR PRADESH,D688,BALRAMPUR,1.88
26-03-2025,27.5,82.5,BALRAMPUR,UTTAR PRADESH,D688,BALRAMPUR,1.91
27-03-2025,27.5,82.5,BALRAMPUR,UTTAR PRADESH,D688,BALRAMPUR,2.03
28-03-2025,27.5,82.5,BALRAMPUR,UTTAR PRADESH,D688,BALRAMPUR,1.54
29-03-2025,27.5,82.5,BALRAMPUR,UTTAR PRADESH,D688,BALRAMPUR,1.44
30-03-2025,27.5,82.5,BALRAMPUR,UTTAR PRADESH,D688,BALRAMPUR,1.73
31-03-2025,27.5,82.5,BALRAMPUR,UTTAR PRADESH,D688,BALRAMPUR,1.75
01-04-2025,27.5,82.5,BALRAMPUR,UTTAR PRADESH,D688,BALRAMPUR,1.53
02-04-2025,27.5,82.5,BALRAMPUR,UTTAR PRADESH,D688,BALRAMPUR,1.66
03-04-2025,27.5,82.5,BALRAMPUR,UTTAR PRADESH,D688,BALRAMPUR,1.8
04-04-2025,27.5,82.5,BALRAMPUR,UTTAR PRADESH,D688,BALRAMPUR,2.11
05-04-2025,27.5,82.5,BALRAMPUR,UTTAR PRADESH,D688,BALRAMPUR,1.85
06-04-2025,27.5,82.5,BALRAMPUR,UTTAR PRADESH,D688,BALRAMPUR,1.9
07-04-2025,27.5,82.5,BALRAMPUR,UTTAR PRADESH,D688,BALRAMPUR,1.66
08-04-2025,27.5,82.5,BALRAMPUR,UTTAR PRADESH,D688,BALRAMPUR,1.68
09-04-2025,27.5,82.5,BALRAMPUR,UTTAR PRADESH,D688,BALRAMPUR,1.57
10-04-2025,27.5,82.5,BALRAMPUR,UTTAR PRADESH,D688,BALRAMPUR,1.6
11-04-2025,27.5,82.5,BALRAMPUR,UTTAR PRADESH,D688,BALRAMPUR,1.99
12-04-2025,27.5,82.5,BALRAMPUR,UTTAR PRADESH,D688,BALRAMPUR,1.96
13-04-2025,27.5,82.5,BALRAMPUR,UTTAR PRADESH,D688,BALRAMPUR,1.78
14-04-2025,27.5,82.5,BALRAMPUR,UTTAR PRADESH,D688,BALRAMPUR,1.58
15-04-2025,27.5,82.5,BALRAMPUR,UTTAR PRADESH,D688,BALRAMPUR,1.51
16-04-2025,27.5,82.5,BALRAMPUR,UTTAR PRADESH,D688,BALRAMPUR,1.59
17-04-2025,27.5,82.5,BALRAMPUR,UTTAR PRADESH,D688,BALRAMPUR,1.53
18-04-2025,27.5,82.5,BALRAMPUR,UTTAR PRADESH,D688,BALRAMPUR,1.82
19-04-2025,27.5,82.5,BALRAMPUR,UTTAR PRADESH,D688,BALRAMPUR,1.9
20-04-2025,27.5,82.5,BALRAMPUR,UTTAR PRADESH,D688,BALRAMPUR,2
21-04-2025,27.5,82.5,BALRAMPUR,UTTAR PRADESH,D688,BALRAMPUR,2.04
22-04-2025,27.5,82.5,BALRAMPUR,UTTAR PRADESH,D688,BALRAMPUR,2.09
23-04-2025,27.5,82.5,BALRAMPUR,UTTAR PRADESH,D688,BALRAMPUR,1.51
24-04-2025,27.5,82.5,BALRAMPUR,UTTAR PRADESH,D688,BALRAMPUR,1.48
25-04-2025,27.5,82.5,BALRAMPUR,UTTAR PRADESH,D688,BALRAMPUR,1.58
26-04-2025,27.5,82.5,BALRAMPUR,UTTAR PRADESH,D688,BALRAMPUR,1.72
27-04-2025,27.5,82.5,BALRAMPUR,UTTAR PRADESH,D688,BALRAMPUR,1.68
28-04-2025,27.5,82.5,BALRAMPUR,UTTAR PRADESH,D688,BALRAMPUR,1.3
29-04-2025,27.5,82.5,BALRAMPUR,UTTAR PRADESH,D688,BALRAMPUR,1.27
30-04-2025,27.5,82.5,BALRAMPUR,UTTAR PRADESH,D688,BALRAMPUR,1.5
01-05-2025,27.5,82.5,BALRAMPUR,UTTAR PRADESH,D688,BALRAMPUR,1.74
02-05-2025,27.5,82.5,BALRAMPUR,UTTAR PRADESH,D688,BALRAMPUR,1.63
03-05-2025,27.5,82.5,BALRAMPUR,UTTAR PRADESH,D688,BALRAMPUR,1.87
04-05-2025,27.5,82.5,BALRAMPUR,UTTAR PRADESH,D688,BALRAMPUR,1.88
05-05-2025,27.5,82.5,BALRAMPUR,UTTAR PRADESH,D688,BALRAMPUR,1.42
06-05-2025,27.5,82.5,BALRAMPUR,UTTAR PRADESH,D688,BALRAMPUR,1.4
07-05-2025,27.5,82.5,BALRAMPUR,UTTAR PRADESH,D688,BALRAMPUR,1.49
08-05-2025,27.5,82.5,BALRAMPUR,UTTAR PRADESH,D688,BALRAMPUR,1.48
09-05-2025,27.5,82.5,BALRAMPUR,UTTAR PRADESH,D688,BALRAMPUR,1.42
10-05-2025,27.5,82.5,BALRAMPUR,UTTAR PRADESH,D688,BALRAMPUR,1.93
11-05-2025,27.5,82.5,BALRAMPUR,UTTAR PRADESH,D688,BALRAMPUR,1.97
12-05-2025,27.5,82.5,BALRAMPUR,UTTAR PRADESH,D688,BALRAMPUR,1.94
13-05-2025,27.5,82.5,BALRAMPUR,UTTAR PRADESH,D688,BALRAMPUR,1.74
14-05-2025,27.5,82.5,BALRAMPUR,UTTAR PRADESH,D688,BALRAMPUR,1.85
15-05-2025,27.5,82.5,BALRAMPUR,UTTAR PRADESH,D688,BALRAMPUR,1.59
16-05-2025,27.5,82.5,BALRAMPUR,UTTAR PRADESH,D688,BALRAMPUR,1.57
17-05-2025,27.5,82.5,BALRAMPUR,UTTAR PRADESH,D688,BALRAMPUR,1.67
18-05-2025,27.5,82.5,BALRAMPUR,UTTAR PRADESH,D688,BALRAMPUR,1.79
19-05-2025,27.5,82.5,BALRAMPUR,UTTAR PRADESH,D688,BALRAMPUR,1.76
20-05-2025,27.5,82.5,BALRAMPUR,UTTAR PRADESH,D688,BALRAMPUR,1.66
21-05-2025,27.5,82.5,BALRAMPUR,UTTAR PRADESH,D688,BALRAMPUR,1.54
22-05-2025,27.5,82.5,BALRAMPUR,UTTAR PRADESH,D688,BALRAMPUR,1.41
23-05-2025,27.5,82.5,BALRAMPUR,UTTAR PRADESH,D688,BALRAMPUR,1.43
24-05-2025,27.5,82.5,BALRAMPUR,UTTAR PRADESH,D688,BALRAMPUR,1.56
25-05-2025,27.5,82.5,BALRAMPUR,UTTAR PRADESH,D688,BALRAMPUR,1.65
26-05-2025,27.5,82.5,BALRAMPUR,UTTAR PRADESH,D688,BALRAMPUR,1.88
27-05-2025,27.5,82.5,BALRAMPUR,UTTAR PRADESH,D688,BALRAMPUR,1.84
28-05-2025,27.5,82.5,BALRAMPUR,UTTAR PRADESH,D688,BALRAMPUR,1.96
29-05-2025,27.5,82.5,BALRAMPUR,UTTAR PRADESH,D688,BALRAMPUR,1.86
30-05-2025,27.5,82.5,BALRAMPUR,UTTAR PRADESH,D688,BALRAMPUR,1.93
31-05-2025,27.5,82.5,BALRAMPUR,UTTAR PRADESH,D688,BALRAMPUR,1.69
01-06-2025,27.5,82.5,BALRAMPUR,UTTAR PRADESH,D688,BALRAMPUR,1.51
02-06-2025,27.5,82.5,BALRAMPUR,UTTAR PRADESH,D688,BALRAMPUR,1.33
03-06-2025,27.5,82.5,BALRAMPUR,UTTAR PRADESH,D688,BALRAMPUR,1.2
04-06-2025,27.5,82.5,BALRAMPUR,UTTAR PRADESH,D688,BALRAMPUR,1.71
05-06-2025,27.5,82.5,BALRAMPUR,UTTAR PRADESH,D688,BALRAMPUR,1.8
06-06-2025,27.5,82.5,BALRAMPUR,UTTAR PRADESH,D688,BALRAMPUR,1.6
07-06-2025,27.5,82.5,BALRAMPUR,UTTAR PRADESH,D688,BALRAMPUR,1.48
08-06-2025,27.5,82.5,BALRAMPUR,UTTAR PRADESH,D688,BALRAMPUR,1.63
09-06-2025,27.5,82.5,BALRAMPUR,UTTAR PRADESH,D688,BALRAMPUR,1.71
10-06-2025,27.5,82.5,BALRAMPUR,UTTAR PRADESH,D688,BALRAMPUR,1.27
11-06-2025,27.5,82.5,BALRAMPUR,UTTAR PRADESH,D688,BALRAMPUR,1.38
12-06-2025,27.5,82.5,BALRAMPUR,UTTAR PRADESH,D688,BALRAMPUR,1.36
13-06-2025,27.5,82.5,BALRAMPUR,UTTAR PRADESH,D688,BALRAMPUR,1.21
14-06-2025,27.5,82.5,BALRAMPUR,UTTAR PRADESH,D688,BALRAMPUR,1.61
15-06-2025,27.5,82.5,BALRAMPUR,UTTAR PRADESH,D688,BALRAMPUR,1.83
16-06-2025,27.5,82.5,BALRAMPUR,UTTAR PRADESH,D688,BALRAMPUR,1.79
17-06-2025,27.5,82.5,BALRAMPUR,UTTAR PRADESH,D688,BALRAMPUR,1.5
18-06-2025,27.5,82.5,BALRAMPUR,UTTAR PRADESH,D688,BALRAMPUR,1.71
19-06-2025,27.5,82.5,BALRAMPUR,UTTAR PRADESH,D688,BALRAMPUR,1.84
20-06-2025,27.5,82.5,BALRAMPUR,UTTAR PRADESH,D688,BALRAMPUR,1.59
21-06-2025,27.5,82.5,BALRAMPUR,UTTAR PRADESH,D688,BALRAMPUR,1.38
22-06-2025,27.5,82.5,BALRAMPUR,UTTAR PRADESH,D688,BALRAMPUR,1.33
23-06-2025,27.5,82.5,BALRAMPUR,UTTAR PRADESH,D688,BALRAMPUR,1.24
24-06-2025,27.5,82.5,BALRAMPUR,UTTAR PRADESH,D688,BALRAMPUR,1.13
25-06-2025,27.5,82.5,BALRAMPUR,UTTAR PRADESH,D688,BALRAMPUR,1.1
26-06-2025,27.5,82.5,BALRAMPUR,UTTAR PRADESH,D688,BALRAMPUR,1.2
27-06-2025,27.5,82.5,BALRAMPUR,UTTAR PRADESH,D688,BALRAMPUR,1.26
28-06-2025,27.5,82.5,BALRAMPUR,UTTAR PRADESH,D688,BALRAMPUR,1.27
29-06-2025,27.5,82.5,BALRAMPUR,UTTAR PRADESH,D688,BALRAMPUR,1.27
30-06-2025,27.5,82.5,BALRAMPUR,UTTAR PRADESH,D688,BALRAMPUR,1.38
01-07-2025,27.5,82.5,BALRAMPUR,UTTAR PRADESH,D688,BALRAMPUR,1.19
02-07-2025,27.5,82.5,BALRAMPUR,UTTAR PRADESH,D688,BALRAMPUR,0.98
03-07-2025,27.5,82.5,BALRAMPUR,UTTAR PRADESH,D688,BALRAMPUR,0.91
04-07-2025,27.5,82.5,BALRAMPUR,UTTAR PRADESH,D688,BALRAMPUR,0.95
05-07-2025,27.5,82.5,BALRAMPUR,UTTAR PRADESH,D688,BALRAMPUR,1.07
06-07-2025,27.5,82.5,BALRAMPUR,UTTAR PRADESH,D688,BALRAMPUR,0.99
07-07-2025,27.5,82.5,BALRAMPUR,UTTAR PRADESH,D688,BALRAMPUR,0.94
08-07-2025,27.5,82.5,BALRAMPUR,UTTAR PRADESH,D688,BALRAMPUR,1.08
09-07-2025,27.5,82.5,BALRAMPUR,UTTAR PRADESH,D688,BALRAMPUR,1.34
10-07-2025,27.5,82.5,BALRAMPUR,UTTAR PRADESH,D688,BALRAMPUR,1.21
11-07-2025,27.5,82.5,BALRAMPUR,UTTAR PRADESH,D688,BALRAMPUR,1.21
12-07-2025,27.5,82.5,BALRAMPUR,UTTAR PRADESH,D688,BALRAMPUR,1.18
13-07-2025,27.5,82.5,BALRAMPUR,UTTAR PRADESH,D688,BALRAMPUR,0.94
14-07-2025,27.5,82.5,BALRAMPUR,UTTAR PRADESH,D688,BALRAMPUR,1.2
15-07-2025,27.5,82.5,BALRAMPUR,UTTAR PRADESH,D688,BALRAMPUR,0.95
16-07-2025,27.5,82.5,BALRAMPUR,UTTAR PRADESH,D688,BALRAMPUR,1.07
17-07-2025,27.5,82.5,BALRAMPUR,UTTAR PRADESH,D688,BALRAMPUR,1.18
18-07-2025,27.5,82.5,BALRAMPUR,UTTAR PRADESH,D688,BALRAMPUR,1.27
19-07-2025,27.5,82.5,BALRAMPUR,UTTAR PRADESH,D688,BALRAMPUR,1.09
20-07-2025,27.5,82.5,BALRAMPUR,UTTAR PRADESH,D688,BALRAMPUR,1.09
21-07-2025,27.5,82.5,BALRAMPUR,UTTAR PRADESH,D688,BALRAMPUR,1.03
22-07-2025,27.5,82.5,BALRAMPUR,UTTAR PRADESH,D688,BALRAMPUR,0.85
23-07-2025,27.5,82.5,BALRAMPUR,UTTAR PRADESH,D688,BALRAMPUR,0.87
24-07-2025,27.5,82.5,BALRAMPUR,UTTAR PRADESH,D688,BALRAMPUR,1
25-07-2025,27.5,82.5,BALRAMPUR,UTTAR PRADESH,D688,BALRAMPUR,0.99
26-07-2025,27.5,82.5,BALRAMPUR,UTTAR PRADESH,D688,BALRAMPUR,1.01
27-07-2025,27.5,82.5,BALRAMPUR,UTTAR PRADESH,D688,BALRAMPUR,1.19
28-07-2025,27.5,82.5,BALRAMPUR,UTTAR PRADESH,D688,BALRAMPUR,1.15
29-07-2025,27.5,82.5,BALRAMPUR,UTTAR PRADESH,D688,BALRAMPUR,0.86
30-07-2025,27.5,82.5,BALRAMPUR,UTTAR PRADESH,D688,BALRAMPUR,0.81
31-07-2025,27.5,82.5,BALRAMPUR,UTTAR PRADESH,D688,BALRAMPUR,0.83
01-08-2025,27.5,82.5,BALRAMPUR,UTTAR PRADESH,D688,BALRAMPUR,0.97
02-08-2025,27.5,82.5,BALRAMPUR,UTTAR PRADESH,D688,BALRAMPUR,0.9
03-08-2025,27.5,82.5,BALRAMPUR,UTTAR PRADESH,D688,BALRAMPUR,0.7
04-08-2025,27.5,82.5,BALRAMPUR,UTTAR PRADESH,D688,BALRAMPUR,0.86
05-08-2025,27.5,82.5,BALRAMPUR,UTTAR PRADESH,D688,BALRAMPUR,0.64
06-08-2025,27.5,82.5,BALRAMPUR,UTTAR PRADESH,D688,BALRAMPUR,0.65
07-08-2025,27.5,82.5,BALRAMPUR,UTTAR PRADESH,D688,BALRAMPUR,0.69
08-08-2025,27.5,82.5,BALRAMPUR,UTTAR PRADESH,D688,BALRAMPUR,0.79
09-08-2025,27.5,82.5,BALRAMPUR,UTTAR PRADESH,D688,BALRAMPUR,0.81
10-08-2025,27.5,82.5,BALRAMPUR,UTTAR PRADESH,D688,BALRAMPUR,0.89
11-08-2025,27.5,82.5,BALRAMPUR,UTTAR PRADESH,D688,BALRAMPUR,0.76
12-08-2025,27.5,82.5,BALRAMPUR,UTTAR PRADESH,D688,BALRAMPUR,0.7
13-08-2025,27.5,82.5,BALRAMPUR,UTTAR PRADESH,D688,BALRAMPUR,0.68
14-08-2025,27.5,82.5,BALRAMPUR,UTTAR PRADESH,D688,BALRAMPUR,0.74
15-08-2025,27.5,82.5,BALRAMPUR,UTTAR PRADESH,D688,BALRAMPUR,0.71
16-08-2025,27.5,82.5,BALRAMPUR,UTTAR PRADESH,D688,BALRAMPUR,0.73
17-08-2025,27.5,82.5,BALRAMPUR,UTTAR PRADESH,D688,BALRAMPUR,0.82
18-08-2025,27.5,82.5,BALRAMPUR,UTTAR PRADESH,D688,BALRAMPUR,0.83
19-08-2025,27.5,82.5,BALRAMPUR,UTTAR PRADESH,D688,BALRAMPUR,0.83
20-08-2025,27.5,82.5,BALRAMPUR,UTTAR PRADESH,D688,BALRAMPUR,0.7
21-08-2025,27.5,82.5,BALRAMPUR,UTTAR PRADESH,D688,BALRAMPUR,0.67
22-08-2025,27.5,82.5,BALRAMPUR,UTTAR PRADESH,D688,BALRAMPUR,0.78
23-08-2025,27.5,82.5,BALRAMPUR,UTTAR PRADESH,D688,BALRAMPUR,0.7
24-08-2025,27.5,82.5,BALRAMPUR,UTTAR PRADESH,D688,BALRAMPUR,0.61
25-08-2025,27.5,82.5,BALRAMPUR,UTTAR PRADESH,D688,BALRAMPUR,0.64
26-08-2025,27.5,82.5,BALRAMPUR,UTTAR PRADESH,D688,BALRAMPUR,0.67
27-08-2025,27.5,82.5,BALRAMPUR,UTTAR PRADESH,D688,BALRAMPUR,0.69
28-08-2025,27.5,82.5,BALRAMPUR,UTTAR PRADESH,D688,BALRAMPUR,0.82
29-08-2025,27.5,82.5,BALRAMPUR,UTTAR PRADESH,D688,BALRAMPUR,0.76
30-08-2025,27.5,82.5,BALRAMPUR,UTTAR PRADESH,D688,BALRAMPUR,0.8
31-08-2025,27.5,82.5,BALRAMPUR,UTTAR PRADESH,D688,BALRAMPUR,0.75
01-09-2025,27.5,82.5,BALRAMPUR,UTTAR PRADESH,D688,BALRAMPUR,1.01
02-09-2025,27.5,82.5,BALRAMPUR,UTTAR PRADESH,D688,BALRAMPUR,0.96
03-09-2025,27.5,82.5,BALRAMPUR,UTTAR PRADESH,D688,BALRAMPUR,0.9
04-09-2025,27.5,82.5,BALRAMPUR,UTTAR PRADESH,D688,BALRAMPUR,0.64
05-09-2025,27.5,82.5,BALRAMPUR,UTTAR PRADESH,D688,BALRAMPUR,0.88
06-09-2025,27.5,82.5,BALRAMPUR,UTTAR PRADESH,D688,BALRAMPUR,1.02
07-09-2025,27.5,82.5,BALRAMPUR,UTTAR PRADESH,D688,BALRAMPUR,0.86
08-09-2025,27.5,82.5,BALRAMPUR,UTTAR PRADESH,D688,BALRAMPUR,0.92
09-09-2025,27.5,82.5,BALRAMPUR,UTTAR PRADESH,D688,BALRAMPUR,0.95
10-09-2025,27.5,82.5,BALRAMPUR,UTTAR PRADESH,D688,BALRAMPUR,0.82
11-09-2025,27.5,82.5,BALRAMPUR,UTTAR PRADESH,D688,BALRAMPUR,0.8
12-09-2025,27.5,82.5,BALRAMPUR,UTTAR PRADESH,D688,BALRAMPUR,0.75
13-09-2025,27.5,82.5,BALRAMPUR,UTTAR PRADESH,D688,BALRAMPUR,0.82
14-09-2025,27.5,82.5,BALRAMPUR,UTTAR PRADESH,D688,BALRAMPUR,0.89
15-09-2025,27.5,82.5,BALRAMPUR,UTTAR PRADESH,D688,BALRAMPUR,0.86
16-09-2025,27.5,82.5,BALRAMPUR,UTTAR PRADESH,D688,BALRAMPUR,0.84
17-09-2025,27.5,82.5,BALRAMPUR,UTTAR PRADESH,D688,BALRAMPUR,0.94
18-09-2025,27.5,82.5,BALRAMPUR,UTTAR PRADESH,D688,BALRAMPUR,0.77
19-09-2025,27.5,82.5,BALRAMPUR,UTTAR PRADESH,D688,BALRAMPUR,0.87
20-09-2025,27.5,82.5,BALRAMPUR,UTTAR PRADESH,D688,BALRAMPUR,0.86
21-09-2025,27.5,82.5,BALRAMPUR,UTTAR PRADESH,D688,BALRAMPUR,0.85
22-09-2025,27.5,82.5,BALRAMPUR,UTTAR PRADESH,D688,BALRAMPUR,0.86
23-09-2025,27.5,82.5,BALRAMPUR,UTTAR PRADESH,D688,BALRAMPUR,0.85
24-09-2025,27.5,82.5,BALRAMPUR,UTTAR PRADESH,D688,BALRAMPUR,0.88
25-09-2025,27.5,82.5,BALRAMPUR,UTTAR PRADESH,D688,BALRAMPUR,0.99
26-09-2025,27.5,82.5,BALRAMPUR,UTTAR PRADESH,D688,BALRAMPUR,1.03
27-09-2025,27.5,82.5,BALRAMPUR,UTTAR PRADESH,D688,BALRAMPUR,1.12
28-09-2025,27.5,82.5,BALRAMPUR,UTTAR PRADESH,D688,BALRAMPUR,1.11
29-09-2025,27.5,82.5,BALRAMPUR,UTTAR PRADESH,D688,BALRAMPUR,0.98
30-09-2025,27.5,82.5,BALRAMPUR,UTTAR PRADESH,D688,BALRAMPUR,1.23
01-10-2025,27.5,82.5,BALRAMPUR,UTTAR PRADESH,D688,BALRAMPUR,1.23
02-10-2025,27.5,82.5,BALRAMPUR,UTTAR PRADESH,D688,BALRAMPUR,1.12
03-10-2025,27.5,82.5,BALRAMPUR,UTTAR PRADESH,D688,BALRAMPUR,1.2
04-10-2025,27.5,82.5,BALRAMPUR,UTTAR PRADESH,D688,BALRAMPUR,1.07
05-10-2025,27.5,82.5,BALRAMPUR,UTTAR PRADESH,D688,BALRAMPUR,1.12
06-10-2025,27.5,82.5,BALRAMPUR,UTTAR PRADESH,D688,BALRAMPUR,1.01
07-10-2025,27.5,82.5,BALRAMPUR,UTTAR PRADESH,D688,BALRAMPUR,1.34
08-10-2025,27.5,82.5,BALRAMPUR,UTTAR PRADESH,D688,BALRAMPUR,1.38
09-10-2025,27.5,82.5,BALRAMPUR,UTTAR PRADESH,D688,BALRAMPUR,1.29
10-10-2025,27.5,82.5,BALRAMPUR,UTTAR PRADESH,D688,BALRAMPUR,1.25
11-10-2025,27.5,82.5,BALRAMPUR,UTTAR PRADESH,D688,BALRAMPUR,1.23
12-10-2025,27.5,82.5,BALRAMPUR,UTTAR PRADESH,D688,BALRAMPUR,1.42
13-10-2025,27.5,82.5,BALRAMPUR,UTTAR PRADESH,D688,BALRAMPUR,1.58
14-10-2025,27.5,82.5,BALRAMPUR,UTTAR PRADESH,D688,BALRAMPUR,1.6
15-10-2025,27.5,82.5,BALRAMPUR,UTTAR PRADESH,D688,BALRAMPUR,1.74
16-10-2025,27.5,82.5,BALRAMPUR,UTTAR PRADESH,D688,BALRAMPUR,1.75
17-10-2025,27.5,82.5,BALRAMPUR,UTTAR PRADESH,D688,BALRAMPUR,1.73
18-10-2025,27.5,82.5,BALRAMPUR,UTTAR PRADESH,D688,BALRAMPUR,1.58
19-10-2025,27.5,82.5,BALRAMPUR,UTTAR PRADESH,D688,BALRAMPUR,1.69
20-10-2025,27.5,82.5,BALRAMPUR,UTTAR PRADESH,D688,BALRAMPUR,1.76
21-10-2025,27.5,82.5,BALRAMPUR,UTTAR PRADESH,D688,BALRAMPUR,1.68
22-10-2025,27.5,82.5,BALRAMPUR,UTTAR PRADESH,D688,BALRAMPUR,1.57
23-10-2025,27.5,82.5,BALRAMPUR,UTTAR PRADESH,D688,BALRAMPUR,1.72
24-10-2025,27.5,82.5,BALRAMPUR,UTTAR PRADESH,D688,BALRAMPUR,1.8
25-10-2025,27.5,82.5,BALRAMPUR,UTTAR PRADESH,D688,BALRAMPUR,1.83
26-10-2025,27.5,82.5,BALRAMPUR,UTTAR PRADESH,D688,BALRAMPUR,1.57
27-10-2025,27.5,82.5,BALRAMPUR,UTTAR PRADESH,D688,BALRAMPUR,1.46
28-10-2025,27.5,82.5,BALRAMPUR,UTTAR PRADESH,D688,BALRAMPUR,1.57
29-10-2025,27.5,82.5,BALRAMPUR,UTTAR PRADESH,D688,BALRAMPUR,1.59
30-10-2025,27.5,82.5,BALRAMPUR,UTTAR PRADESH,D688,BALRAMPUR,1.74
31-10-2025,27.5,82.5,BALRAMPUR,UTTAR PRADESH,D688,BALRAMPUR,1.5
01-11-2025,27.5,82.5,BALRAMPUR,UTTAR PRADESH,D688,BALRAMPUR,1.64
02-11-2025,27.5,82.5,BALRAMPUR,UTTAR PRADESH,D688,BALRAMPUR,1.44
03-11-2025,27.5,82.5,BALRAMPUR,UTTAR PRADESH,D688,BALRAMPUR,1.54
04-11-2025,27.5,82.5,BALRAMPUR,UTTAR PRADESH,D688,BALRAMPUR,1.63
05-11-2025,27.5,82.5,BALRAMPUR,UTTAR PRADESH,D688,BALRAMPUR,1.62
06-11-2025,27.5,82.5,BALRAMPUR,UTTAR PRADESH,D688,BALRAMPUR,1.64
07-11-2025,27.5,82.5,BALRAMPUR,UTTAR PRADESH,D688,BALRAMPUR,1.73
08-11-2025,27.5,82.5,BALRAMPUR,UTTAR PRADESH,D688,BALRAMPUR,1.85
09-11-2025,27.5,82.5,BALRAMPUR,UTTAR PRADESH,D688,BALRAMPUR,1.82
10-11-2025,27.5,82.5,BALRAMPUR,UTTAR PRADESH,D688,BALRAMPUR,1.91
11-11-2025,27.5,82.5,BALRAMPUR,UTTAR PRADESH,D688,BALRAMPUR,1.71
12-11-2025,27.5,82.5,BALRAMPUR,UTTAR PRADESH,D688,BALRAMPUR,1.68
13-11-2025,27.5,82.5,BALRAMPUR,UTTAR PRADESH,D688,BALRAMPUR,1.59
14-11-2025,27.5,82.5,BALRAMPUR,UTTAR PRADESH,D688,BALRAMPUR,1.71
15-11-2025,27.5,82.5,BALRAMPUR,UTTAR PRADESH,D688,BALRAMPUR,1.7
16-11-2025,27.5,82.5,BALRAMPUR,UTTAR PRADESH,D688,BALRAMPUR,1.97
17-11-2025,27.5,82.5,BALRAMPUR,UTTAR PRADESH,D688,BALRAMPUR,1.84
18-11-2025,27.5,82.5,BALRAMPUR,UTTAR PRADESH,D688,BALRAMPUR,1.93
19-11-2025,27.5,82.5,BALRAMPUR,UTTAR PRADESH,D688,BALRAMPUR,1.85
20-11-2025,27.5,82.5,BALRAMPUR,UTTAR PRADESH,D688,BALRAMPUR,1.76
21-11-2025,27.5,82.5,BALRAMPUR,UTTAR PRADESH,D688,BALRAMPUR,1.62
22-11-2025,27.5,82.5,BALRAMPUR,UTTAR PRADESH,D688,BALRAMPUR,1.54
23-11-2025,27.5,82.5,BALRAMPUR,UTTAR PRADESH,D688,BALRAMPUR,1.7
24-11-2025,27.5,82.5,BALRAMPUR,UTTAR PRADESH,D688,BALRAMPUR,1.71
25-11-2025,27.5,82.5,BALRAMPUR,UTTAR PRADESH,D688,BALRAMPUR,1.63
26-11-2025,27.5,82.5,BALRAMPUR,UTTAR PRADESH,D688,BALRAMPUR,1.76
27-11-2025,27.5,82.5,BALRAMPUR,UTTAR PRADESH,D688,BALRAMPUR,1.8
28-11-2025,27.5,82.5,BALRAMPUR,UTTAR PRADESH,D688,BALRAMPUR,1.8
29-11-2025,27.5,82.5,BALRAMPUR,UTTAR PRADESH,D688,BALRAMPUR,1.7
30-11-2025,27.5,82.5,BALRAMPUR,UTTAR PRADESH,D688,BALRAMPUR,1.7
01-12-2025,27.5,82.5,BALRAMPUR,UTTAR PRADESH,D688,BALRAMPUR,1.81
02-12-2025,27.5,82.5,BALRAMPUR,UTTAR PRADESH,D688,BALRAMPUR,2.1
03-12-2025,27.5,82.5,BALRAMPUR,UTTAR PRADESH,D688,BALRAMPUR,2.1
04-12-2025,27.5,82.5,BALRAMPUR,UTTAR PRADESH,D688,BALRAMPUR,1.88
05-12-2025,27.5,82.5,BALRAMPUR,UTTAR PRADESH,D688,BALRAMPUR,1.71
06-12-2025,27.5,82.5,BALRAMPUR,UTTAR PRADESH,D688,BALRAMPUR,1.86
07-12-2025,27.5,82.5,BALRAMPUR,UTTAR PRADESH,D688,BALRAMPUR,1.89
08-12-2025,27.5,82.5,BALRAMPUR,UTTAR PRADESH,D688,BALRAMPUR,1.91
09-12-2025,27.5,82.5,BALRAMPUR,UTTAR PRADESH,D688,BALRAMPUR,1.9
10-12-2025,27.5,82.5,BALRAMPUR,UTTAR PRADESH,D688,BALRAMPUR,1.95
11-12-2025,27.5,82.5,BALRAMPUR,UTTAR PRADESH,D688,BALRAMPUR,1.8
12-12-2025,27.5,82.5,BALRAMPUR,UTTAR PRADESH,D688,BALRAMPUR,1.94
13-12-2025,27.5,82.5,BALRAMPUR,UTTAR PRADESH,D688,BALRAMPUR,1.95
14-12-2025,27.5,82.5,BALRAMPUR,UTTAR PRADESH,D688,BALRAMPUR,1.92
15-12-2025,27.5,82.5,BALRAMPUR,UTTAR PRADESH,D688,BALRAMPUR,1.58
16-12-2025,27.5,82.5,BALRAMPUR,UTTAR PRADESH,D688,BALRAMPUR,1.64
17-12-2025,27.5,82.5,BALRAMPUR,UTTAR PRADESH,D688,BALRAMPUR,1.59
18-12-2025,27.5,82.5,BALRAMPUR,UTTAR PRADESH,D688,BALRAMPUR,1.54
19-12-2025,27.5,82.5,BALRAMPUR,UTTAR PRADESH,D688,BALRAMPUR,1.81
20-12-2025,27.5,82.5,BALRAMPUR,UTTAR PRADESH,D688,BALRAMPUR,1.85
21-12-2025,27.5,82.5,BALRAMPUR,UTTAR PRADESH,D688,BALRAMPUR,1.84
22-12-2025,27.5,82.5,BALRAMPUR,UTTAR PRADESH,D688,BALRAMPUR,1.97
23-12-2025,27.5,82.5,BALRAMPUR,UTTAR PRADESH,D688,BALRAMPUR,1.93
24-12-2025,27.5,82.5,BALRAMPUR,UTTAR PRADESH,D688,BALRAMPUR,1.55
25-12-2025,27.5,82.5,BALRAMPUR,UTTAR PRADESH,D688,BALRAMPUR,1.69
26-12-2025,27.5,82.5,BALRAMPUR,UTTAR PRADESH,D688,BALRAMPUR,1.67
27-12-2025,27.5,82.5,BALRAMPUR,UTTAR PRADESH,D688,BALRAMPUR,1.71
28-12-2025,27.5,82.5,BALRAMPUR,UTTAR PRADESH,D688,BALRAMPUR,1.83
29-12-2025,27.5,82.5,BALRAMPUR,UTTAR PRADESH,D688,BALRAMPUR,1.85
30-12-2025,27.5,82.5,BALRAMPUR,UTTAR PRADESH,D688,BALRAMPUR,1.84
31-12-2025,27.5,82.5,BALRAMPUR,UTTAR PRADESH,D688,BALRAMPUR,2.04
01-01-2025,25.5,82.5,JAUNPUR,UTTAR PRADESH,D715,BADLAPUR,2.55
02-01-2025,25.5,82.5,JAUNPUR,UTTAR PRADESH,D715,BADLAPUR,2.45
03-01-2025,25.5,82.5,JAUNPUR,UTTAR PRADESH,D715,BADLAPUR,2.62
04-01-2025,25.5,82.5,JAUNPUR,UTTAR PRADESH,D715,BADLAPUR,2.7
05-01-2025,25.5,82.5,JAUNPUR,UTTAR PRADESH,D715,BADLAPUR,2.42
06-01-2025,25.5,82.5,JAUNPUR,UTTAR PRADESH,D715,BADLAPUR,2.47
07-01-2025,25.5,82.5,JAUNPUR,UTTAR PRADESH,D715,BADLAPUR,3.09
08-01-2025,25.5,82.5,JAUNPUR,UTTAR PRADESH,D715,BADLAPUR,3.1
09-01-2025,25.5,82.5,JAUNPUR,UTTAR PRADESH,D715,BADLAPUR,2.97
10-01-2025,25.5,82.5,JAUNPUR,UTTAR PRADESH,D715,BADLAPUR,2.69
11-01-2025,25.5,82.5,JAUNPUR,UTTAR PRADESH,D715,BADLAPUR,2.48
12-01-2025,25.5,82.5,JAUNPUR,UTTAR PRADESH,D715,BADLAPUR,2.27
13-01-2025,25.5,82.5,JAUNPUR,UTTAR PRADESH,D715,BADLAPUR,1.99
14-01-2025,25.5,82.5,JAUNPUR,UTTAR PRADESH,D715,BADLAPUR,1.99
15-01-2025,25.5,82.5,JAUNPUR,UTTAR PRADESH,D715,BADLAPUR,2.14
16-01-2025,25.5,82.5,JAUNPUR,UTTAR PRADESH,D715,BADLAPUR,2.24
17-01-2025,25.5,82.5,JAUNPUR,UTTAR PRADESH,D715,BADLAPUR,2.39
18-01-2025,25.5,82.5,JAUNPUR,UTTAR PRADESH,D715,BADLAPUR,2.78
19-01-2025,25.5,82.5,JAUNPUR,UTTAR PRADESH,D715,BADLAPUR,2.79
20-01-2025,25.5,82.5,JAUNPUR,UTTAR PRADESH,D715,BADLAPUR,2.54
21-01-2025,25.5,82.5,JAUNPUR,UTTAR PRADESH,D715,BADLAPUR,1.89
22-01-2025,25.5,82.5,JAUNPUR,UTTAR PRADESH,D715,BADLAPUR,2.29
23-01-2025,25.5,82.5,JAUNPUR,UTTAR PRADESH,D715,BADLAPUR,2.66
24-01-2025,25.5,82.5,JAUNPUR,UTTAR PRADESH,D715,BADLAPUR,2.5
25-01-2025,25.5,82.5,JAUNPUR,UTTAR PRADESH,D715,BADLAPUR,2.34
26-01-2025,25.5,82.5,JAUNPUR,UTTAR PRADESH,D715,BADLAPUR,2.34
27-01-2025,25.5,82.5,JAUNPUR,UTTAR PRADESH,D715,BADLAPUR,2.43
28-01-2025,25.5,82.5,JAUNPUR,UTTAR PRADESH,D715,BADLAPUR,2.27
29-01-2025,25.5,82.5,JAUNPUR,UTTAR PRADESH,D715,BADLAPUR,2.15
30-01-2025,25.5,82.5,JAUNPUR,UTTAR PRADESH,D715,BADLAPUR,2.16
31-01-2025,25.5,82.5,JAUNPUR,UTTAR PRADESH,D715,BADLAPUR,2.36
01-02-2025,25.5,82.5,JAUNPUR,UTTAR PRADESH,D715,BADLAPUR,2.27
02-02-2025,25.5,82.5,JAUNPUR,UTTAR PRADESH,D715,BADLAPUR,2.11
03-02-2025,25.5,82.5,JAUNPUR,UTTAR PRADESH,D715,BADLAPUR,1.98
04-02-2025,25.5,82.5,JAUNPUR,UTTAR PRADESH,D715,BADLAPUR,1.91
05-02-2025,25.5,82.5,JAUNPUR,UTTAR PRADESH,D715,BADLAPUR,1.85
06-02-2025,25.5,82.5,JAUNPUR,UTTAR PRADESH,D715,BADLAPUR,1.86
07-02-2025,25.5,82.5,JAUNPUR,UTTAR PRADESH,D715,BADLAPUR,2.22
08-02-2025,25.5,82.5,JAUNPUR,UTTAR PRADESH,D715,BADLAPUR,2.4
09-02-2025,25.5,82.5,JAUNPUR,UTTAR PRADESH,D715,BADLAPUR,1.92
10-02-2025,25.5,82.5,JAUNPUR,UTTAR PRADESH,D715,BADLAPUR,2.15
11-02-2025,25.5,82.5,JAUNPUR,UTTAR PRADESH,D715,BADLAPUR,2.13
12-02-2025,25.5,82.5,JAUNPUR,UTTAR PRADESH,D715,BADLAPUR,2.37
13-02-2025,25.5,82.5,JAUNPUR,UTTAR PRADESH,D715,BADLAPUR,2.4
14-02-2025,25.5,82.5,JAUNPUR,UTTAR PRADESH,D715,BADLAPUR,2.28
15-02-2025,25.5,82.5,JAUNPUR,UTTAR PRADESH,D715,BADLAPUR,2.33
16-02-2025,25.5,82.5,JAUNPUR,UTTAR PRADESH,D715,BADLAPUR,1.97
17-02-2025,25.5,82.5,JAUNPUR,UTTAR PRADESH,D715,BADLAPUR,1.76
18-02-2025,25.5,82.5,JAUNPUR,UTTAR PRADESH,D715,BADLAPUR,2.21
19-02-2025,25.5,82.5,JAUNPUR,UTTAR PRADESH,D715,BADLAPUR,2.29
20-02-2025,25.5,82.5,JAUNPUR,UTTAR PRADESH,D715,BADLAPUR,2.31
21-02-2025,25.5,82.5,JAUNPUR,UTTAR PRADESH,D715,BADLAPUR,2.13
22-02-2025,25.5,82.5,JAUNPUR,UTTAR PRADESH,D715,BADLAPUR,1.75
23-02-2025,25.5,82.5,JAUNPUR,UTTAR PRADESH,D715,BADLAPUR,1.61
24-02-2025,25.5,82.5,JAUNPUR,UTTAR PRADESH,D715,BADLAPUR,1.96
25-02-2025,25.5,82.5,JAUNPUR,UTTAR PRADESH,D715,BADLAPUR,2.12
26-02-2025,25.5,82.5,JAUNPUR,UTTAR PRADESH,D715,BADLAPUR,1.94
27-02-2025,25.5,82.5,JAUNPUR,UTTAR PRADESH,D715,BADLAPUR,1.86
28-02-2025,25.5,82.5,JAUNPUR,UTTAR PRADESH,D715,BADLAPUR,2.04
29-02-2025,25.5,82.5,JAUNPUR,UTTAR PRADESH,D715,BADLAPUR,1.92
01-03-2025,25.5,82.5,JAUNPUR,UTTAR PRADESH,D715,BADLAPUR,2.27
02-03-2025,25.5,82.5,JAUNPUR,UTTAR PRADESH,D715,BADLAPUR,2.05
03-03-2025,25.5,82.5,JAUNPUR,UTTAR PRADESH,D715,BADLAPUR,2.01
04-03-2025,25.5,82.5,JAUNPUR,UTTAR PRADESH,D715,BADLAPUR,1.64
05-03-2025,25.5,82.5,JAUNPUR,UTTAR PRADESH,D715,BADLAPUR,2.2
06-03-2025,25.5,82.5,JAUNPUR,UTTAR PRADESH,D715,BADLAPUR,2.14
07-03-2025,25.5,82.5,JAUNPUR,UTTAR PRADESH,D715,BADLAPUR,2.14
08-03-2025,25.5,82.5,JAUNPUR,UTTAR PRADESH,D715,BADLAPUR,2.15
09-03-2025,25.5,82.5,JAUNPUR,UTTAR PRADESH,D715,BADLAPUR,2.25
10-03-2025,25.5,82.5,JAUNPUR,UTTAR PRADESH,D715,BADLAPUR,1.95
11-03-2025,25.5,82.5,JAUNPUR,UTTAR PRADESH,D715,BADLAPUR,1.64
12-03-2025,25.5,82.5,JAUNPUR,UTTAR PRADESH,D715,BADLAPUR,1.63
13-03-2025,25.5,82.5,JAUNPUR,UTTAR PRADESH,D715,BADLAPUR,1.79
14-03-2025,25.5,82.5,JAUNPUR,UTTAR PRADESH,D715,BADLAPUR,1.8
15-03-2025,25.5,82.5,JAUNPUR,UTTAR PRADESH,D715,BADLAPUR,1.94
16-03-2025,25.5,82.5,JAUNPUR,UTTAR PRADESH,D715,BADLAPUR,2.04
17-03-2025,25.5,82.5,JAUNPUR,UTTAR PRADESH,D715,BADLAPUR,1.99
18-03-2025,25.5,82.5,JAUNPUR,UTTAR PRADESH,D715,BADLAPUR,1.76
19-03-2025,25.5,82.5,JAUNPUR,UTTAR PRADESH,D715,BADLAPUR,1.85
20-03-2025,25.5,82.5,JAUNPUR,UTTAR PRADESH,D715,BADLAPUR,2.02
21-03-2025,25.5,82.5,JAUNPUR,UTTAR PRADESH,D715,BADLAPUR,1.92
22-03-2025,25.5,82.5,JAUNPUR,UTTAR PRADESH,D715,BADLAPUR,1.7
23-03-2025,25.5,82.5,JAUNPUR,UTTAR PRADESH,D715,BADLAPUR,1.61
24-03-2025,25.5,82.5,JAUNPUR,UTTAR PRADESH,D715,BADLAPUR,1.77
25-03-2025,25.5,82.5,JAUNPUR,UTTAR PRADESH,D715,BADLAPUR,1.86
26-03-2025,25.5,82.5,JAUNPUR,UTTAR PRADESH,D715,BADLAPUR,1.79
27-03-2025,25.5,82.5,JAUNPUR,UTTAR PRADESH,D715,BADLAPUR,2.05
28-03-2025,25.5,82.5,JAUNPUR,UTTAR PRADESH,D715,BADLAPUR,1.62
29-03-2025,25.5,82.5,JAUNPUR,UTTAR PRADESH,D715,BADLAPUR,1.42
30-03-2025,25.5,82.5,JAUNPUR,UTTAR PRADESH,D715,BADLAPUR,1.77
31-03-2025,25.5,82.5,JAUNPUR,UTTAR PRADESH,D715,BADLAPUR,1.79
01-04-2025,25.5,82.5,JAUNPUR,UTTAR PRADESH,D715,BADLAPUR,1.47
02-04-2025,25.5,82.5,JAUNPUR,UTTAR PRADESH,D715,BADLAPUR,1.7
03-04-2025,25.5,82.5,JAUNPUR,UTTAR PRADESH,D715,BADLAPUR,1.76
04-04-2025,25.5,82.5,JAUNPUR,UTTAR PRADESH,D715,BADLAPUR,2.2
05-04-2025,25.5,82.5,JAUNPUR,UTTAR PRADESH,D715,BADLAPUR,1.92
06-04-2025,25.5,82.5,JAUNPUR,UTTAR PRADESH,D715,BADLAPUR,2
07-04-2025,25.5,82.5,JAUNPUR,UTTAR PRADESH,D715,BADLAPUR,1.77
08-04-2025,25.5,82.5,JAUNPUR,UTTAR PRADESH,D715,BADLAPUR,1.76
09-04-2025,25.5,82.5,JAUNPUR,UTTAR PRADESH,D715,BADLAPUR,1.58
10-04-2025,25.5,82.5,JAUNPUR,UTTAR PRADESH,D715,BADLAPUR,1.57
11-04-2025,25.5,82.5,JAUNPUR,UTTAR PRADESH,D715,BADLAPUR,2.02
12-04-2025,25.5,82.5,JAUNPUR,UTTAR PRADESH,D715,BADLAPUR,2.03
13-04-2025,25.5,82.5,JAUNPUR,UTTAR PRADESH,D715,BADLAPUR,1.82
14-04-2025,25.5,82.5,JAUNPUR,UTTAR PRADESH,D715,BADLAPUR,1.49
15-04-2025,25.5,82.5,JAUNPUR,UTTAR PRADESH,D715,BADLAPUR,1.35
16-04-2025,25.5,82.5,JAUNPUR,UTTAR PRADESH,D715,BADLAPUR,1.46
17-04-2025,25.5,82.5,JAUNPUR,UTTAR PRADESH,D715,BADLAPUR,1.52
18-04-2025,25.5,82.5,JAUNPUR,UTTAR PRADESH,D715,BADLAPUR,1.95
19-04-2025,25.5,82.5,JAUNPUR,UTTAR PRADESH,D715,BADLAPUR,1.84
20-04-2025,25.5,82.5,JAUNPUR,UTTAR PRADESH,D715,BADLAPUR,2.02
21-04-2025,25.5,82.5,JAUNPUR,UTTAR PRADESH,D715,BADLAPUR,2.16
22-04-2025,25.5,82.5,JAUNPUR,UTTAR PRADESH,D715,BADLAPUR,2.24
23-04-2025,25.5,82.5,JAUNPUR,UTTAR PRADESH,D715,BADLAPUR,1.62
24-04-2025,25.5,82.5,JAUNPUR,UTTAR PRADESH,D715,BADLAPUR,1.55
25-04-2025,25.5,82.5,JAUNPUR,UTTAR PRADESH,D715,BADLAPUR,1.69
26-04-2025,25.5,82.5,JAUNPUR,UTTAR PRADESH,D715,BADLAPUR,1.72
27-04-2025,25.5,82.5,JAUNPUR,UTTAR PRADESH,D715,BADLAPUR,1.72
28-04-2025,25.5,82.5,JAUNPUR,UTTAR PRADESH,D715,BADLAPUR,1.25
29-04-2025,25.5,82.5,JAUNPUR,UTTAR PRADESH,D715,BADLAPUR,1.39
30-04-2025,25.5,82.5,JAUNPUR,UTTAR PRADESH,D715,BADLAPUR,1.53
01-05-2025,25.5,82.5,JAUNPUR,UTTAR PRADESH,D715,BADLAPUR,1.63
02-05-2025,25.5,82.5,JAUNPUR,UTTAR PRADESH,D715,BADLAPUR,1.68
03-05-2025,25.5,82.5,JAUNPUR,UTTAR PRADESH,D715,BADLAPUR,1.99
04-05-2025,25.5,82.5,JAUNPUR,UTTAR PRADESH,D715,BADLAPUR,2.01
05-05-2025,25.5,82.5,JAUNPUR,UTTAR PRADESH,D715,BADLAPUR,1.45
06-05-2025,25.5,82.5,JAUNPUR,UTTAR PRADESH,D715,BADLAPUR,1.58
07-05-2025,25.5,82.5,JAUNPUR,UTTAR PRADESH,D715,BADLAPUR,1.41
08-05-2025,25.5,82.5,JAUNPUR,UTTAR PRADESH,D715,BADLAPUR,1.5
09-05-2025,25.5,82.5,JAUNPUR,UTTAR PRADESH,D715,BADLAPUR,1.35
10-05-2025,25.5,82.5,JAUNPUR,UTTAR PRADESH,D715,BADLAPUR,1.83
11-05-2025,25.5,82.5,JAUNPUR,UTTAR PRADESH,D715,BADLAPUR,2.04
12-05-2025,25.5,82.5,JAUNPUR,UTTAR PRADESH,D715,BADLAPUR,1.87
13-05-2025,25.5,82.5,JAUNPUR,UTTAR PRADESH,D715,BADLAPUR,1.76
14-05-2025,25.5,82.5,JAUNPUR,UTTAR PRADESH,D715,BADLAPUR,1.81
15-05-2025,25.5,82.5,JAUNPUR,UTTAR PRADESH,D715,BADLAPUR,1.45
16-05-2025,25.5,82.5,JAUNPUR,UTTAR PRADESH,D715,BADLAPUR,1.6
17-05-2025,25.5,82.5,JAUNPUR,UTTAR PRADESH,D715,BADLAPUR,1.81
18-05-2025,25.5,82.5,JAUNPUR,UTTAR PRADESH,D715,BADLAPUR,1.66
19-05-2025,25.5,82.5,JAUNPUR,UTTAR PRADESH,D715,BADLAPUR,1.7
20-05-2025,25.5,82.5,JAUNPUR,UTTAR PRADESH,D715,BADLAPUR,1.7
21-05-2025,25.5,82.5,JAUNPUR,UTTAR PRADESH,D715,BADLAPUR,1.56
22-05-2025,25.5,82.5,JAUNPUR,UTTAR PRADESH,D715,BADLAPUR,1.47
23-05-2025,25.5,82.5,JAUNPUR,UTTAR PRADESH,D715,BADLAPUR,1.52
24-05-2025,25.5,82.5,JAUNPUR,UTTAR PRADESH,D715,BADLAPUR,1.61
25-05-2025,25.5,82.5,JAUNPUR,UTTAR PRADESH,D715,BADLAPUR,1.7
26-05-2025,25.5,82.5,JAUNPUR,UTTAR PRADESH,D715,BADLAPUR,1.92
27-05-2025,25.5,82.5,JAUNPUR,UTTAR PRADESH,D715,BADLAPUR,1.85
28-05-2025,25.5,82.5,JAUNPUR,UTTAR PRADESH,D715,BADLAPUR,1.84
29-05-2025,25.5,82.5,JAUNPUR,UTTAR PRADESH,D715,BADLAPUR,1.79
30-05-2025,25.5,82.5,JAUNPUR,UTTAR PRADESH,D715,BADLAPUR,1.96
31-05-2025,25.5,82.5,JAUNPUR,UTTAR PRADESH,D715,BADLAPUR,1.66
01-06-2025,25.5,82.5,JAUNPUR,UTTAR PRADESH,D715,BADLAPUR,1.51
02-06-2025,25.5,82.5,JAUNPUR,UTTAR PRADESH,D715,BADLAPUR,1.34
03-06-2025,25.5,82.5,JAUNPUR,UTTAR PRADESH,D715,BADLAPUR,1.35
04-06-2025,25.5,82.5,JAUNPUR,UTTAR PRADESH,D715,BADLAPUR,1.62
05-06-2025,25.5,82.5,JAUNPUR,UTTAR PRADESH,D715,BADLAPUR,1.81
06-06-2025,25.5,82.5,JAUNPUR,UTTAR PRADESH,D715,BADLAPUR,1.88
07-06-2025,25.5,82.5,JAUNPUR,UTTAR PRADESH,D715,BADLAPUR,1.73
08-06-2025,25.5,82.5,JAUNPUR,UTTAR PRADESH,D715,BADLAPUR,1.66
09-06-2025,25.5,82.5,JAUNPUR,UTTAR PRADESH,D715,BADLAPUR,1.79
10-06-2025,25.5,82.5,JAUNPUR,UTTAR PRADESH,D715,BADLAPUR,1.33
11-06-2025,25.5,82.5,JAUNPUR,UTTAR PRADESH,D715,BADLAPUR,1.53
12-06-2025,25.5,82.5,JAUNPUR,UTTAR PRADESH,D715,BADLAPUR,1.51
13-06-2025,25.5,82.5,JAUNPUR,UTTAR PRADESH,D715,BADLAPUR,1.47
14-06-2025,25.5,82.5,JAUNPUR,UTTAR PRADESH,D715,BADLAPUR,1.82
15-06-2025,25.5,82.5,JAUNPUR,UTTAR PRADESH,D715,BADLAPUR,2.08
16-06-2025,25.5,82.5,JAUNPUR,UTTAR PRADESH,D715,BADLAPUR,2.02
17-06-2025,25.5,82.5,JAUNPUR,UTTAR PRADESH,D715,BADLAPUR,1.75
18-06-2025,25.5,82.5,JAUNPUR,UTTAR PRADESH,D715,BADLAPUR,1.77
19-06-2025,25.5,82.5,JAUNPUR,UTTAR PRADESH,D715,BADLAPUR,1.85
20-06-2025,25.5,82.5,JAUNPUR,UTTAR PRADESH,D715,BADLAPUR,1.72
21-06-2025,25.5,82.5,JAUNPUR,UTTAR PRADESH,D715,BADLAPUR,1.5
22-06-2025,25.5,82.5,JAUNPUR,UTTAR PRADESH,D715,BADLAPUR,1.39
23-06-2025,25.5,82.5,JAUNPUR,UTTAR PRADESH,D715,BADLAPUR,1.24
24-06-2025,25.5,82.5,JAUNPUR,UTTAR PRADESH,D715,BADLAPUR,1.26
25-06-2025,25.5,82.5,JAUNPUR,UTTAR PRADESH,D715,BADLAPUR,1.17
26-06-2025,25.5,82.5,JAUNPUR,UTTAR PRADESH,D715,BADLAPUR,1.25
27-06-2025,25.5,82.5,JAUNPUR,UTTAR PRADESH,D715,BADLAPUR,1.28
28-06-2025,25.5,82.5,JAUNPUR,UTTAR PRADESH,D715,BADLAPUR,1.27
29-06-2025,25.5,82.5,JAUNPUR,UTTAR PRADESH,D715,BADLAPUR,1.34
30-06-2025,25.5,82.5,JAUNPUR,UTTAR PRADESH,D715,BADLAPUR,1.4
01-07-2025,25.5,82.5,JAUNPUR,UTTAR PRADESH,D715,BADLAPUR,1.31
02-07-2025,25.5,82.5,JAUNPUR,UTTAR PRADESH,D715,BADLAPUR,0.94
03-07-2025,25.5,82.5,JAUNPUR,UTTAR PRADESH,D715,BADLAPUR,0.93
04-07-2025,25.5,82.5,JAUNPUR,UTTAR PRADESH,D715,BADLAPUR,0.9
05-07-2025,25.5,82.5,JAUNPUR,UTTAR PRADESH,D715,BADLAPUR,1.12
06-07-2025,25.5,82.5,JAUNPUR,UTTAR PRADESH,D715,BADLAPUR,1.11
07-07-2025,25.5,82.5,JAUNPUR,UTTAR PRADESH,D715,BADLAPUR,1.02
08-07-2025,25.5,82.5,JAUNPUR,UTTAR PRADESH,D715,BADLAPUR,0.98
09-07-2025,25.5,82.5,JAUNPUR,UTTAR PRADESH,D715,BADLAPUR,1.3
10-07-2025,25.5,82.5,JAUNPUR,UTTAR PRADESH,D715,BADLAPUR,1.23
11-07-2025,25.5,82.5,JAUNPUR,UTTAR PRADESH,D715,BADLAPUR,1.19
12-07-2025,25.5,82.5,JAUNPUR,UTTAR PRADESH,D715,BADLAPUR,1.12
13-07-2025,25.5,82.5,JAUNPUR,UTTAR PRADESH,D715,BADLAPUR,0.92
14-07-2025,25.5,82.5,JAUNPUR,UTTAR PRADESH,D715,BADLAPUR,1.12
15-07-2025,25.5,82.5,JAUNPUR,UTTAR PRADESH,D715,BADLAPUR,0.93
16-07-2025,25.5,82.5,JAUNPUR,UTTAR PRADESH,D715,BADLAPUR,0.99
17-07-2025,25.5,82.5,JAUNPUR,UTTAR PRADESH,D715,BADLAPUR,1.06
18-07-2025,25.5,82.5,JAUNPUR,UTTAR PRADESH,D715,BADLAPUR,1.14
19-07-2025,25.5,82.5,JAUNPUR,UTTAR PRADESH,D715,BADLAPUR,0.98
20-07-2025,25.5,82.5,JAUNPUR,UTTAR PRADESH,D715,BADLAPUR,0.91
21-07-2025,25.5,82.5,JAUNPUR,UTTAR PRADESH,D715,BADLAPUR,0.99
22-07-2025,25.5,82.5,JAUNPUR,UTTAR PRADESH,D715,BADLAPUR,0.87
23-07-2025,25.5,82.5,JAUNPUR,UTTAR PRADESH,D715,BADLAPUR,0.87
24-07-2025,25.5,82.5,JAUNPUR,UTTAR PRADESH,D715,BADLAPUR,1.01
25-07-2025,25.5,82.5,JAUNPUR,UTTAR PRADESH,D715,BADLAPUR,1.08
26-07-2025,25.5,82.5,JAUNPUR,UTTAR PRADESH,D715,BADLAPUR,0.92
27-07-2025,25.5,82.5,JAUNPUR,UTTAR PRADESH,D715,BADLAPUR,1.15
28-07-2025,25.5,82.5,JAUNPUR,UTTAR PRADESH,D715,BADLAPUR,1.04
29-07-2025,25.5,82.5,JAUNPUR,UTTAR PRADESH,D715,BADLAPUR,0.86
30-07-2025,25.5,82.5,JAUNPUR,UTTAR PRADESH,D715,BADLAPUR,0.9
31-07-2025,25.5,82.5,JAUNPUR,UTTAR PRADESH,D715,BADLAPUR,0.97
01-08-2025,25.5,82.5,JAUNPUR,UTTAR PRADESH,D715,BADLAPUR,0.95
02-08-2025,25.5,82.5,JAUNPUR,UTTAR PRADESH,D715,BADLAPUR,0.96
03-08-2025,25.5,82.5,JAUNPUR,UTTAR PRADESH,D715,BADLAPUR,0.7
04-08-2025,25.5,82.5,JAUNPUR,UTTAR PRADESH,D715,BADLAPUR,0.78
05-08-2025,25.5,82.5,JAUNPUR,UTTAR PRADESH,D715,BADLAPUR,0.68
06-08-2025,25.5,82.5,JAUNPUR,UTTAR PRADESH,D715,BADLAPUR,0.67
07-08-2025,25.5,82.5,JAUNPUR,UTTAR PRADESH,D715,BADLAPUR,0.63
08-08-2025,25.5,82.5,JAUNPUR,UTTAR PRADESH,D715,BADLAPUR,0.69
09-08-2025,25.5,82.5,JAUNPUR,UTTAR PRADESH,D715,BADLAPUR,0.68
10-08-2025,25.5,82.5,JAUNPUR,UTTAR PRADESH,D715,BADLAPUR,0.78
11-08-2025,25.5,82.5,JAUNPUR,UTTAR PRADESH,D715,BADLAPUR,0.8
12-08-2025,25.5,82.5,JAUNPUR,UTTAR PRADESH,D715,BADLAPUR,0.68
13-08-2025,25.5,82.5,JAUNPUR,UTTAR PRADESH,D715,BADLAPUR,0.72
14-08-2025,25.5,82.5,JAUNPUR,UTTAR PRADESH,D715,BADLAPUR,0.73
15-08-2025,25.5,82.5,JAUNPUR,UTTAR PRADESH,D715,BADLAPUR,0.67
16-08-2025,25.5,82.5,JAUNPUR,UTTAR PRADESH,D715,BADLAPUR,0.66
17-08-2025,25.5,82.5,JAUNPUR,UTTAR PRADESH,D715,BADLAPUR,0.79
18-08-2025,25.5,82.5,JAUNPUR,UTTAR PRADESH,D715,BADLAPUR,0.69
19-08-2025,25.5,82.5,JAUNPUR,UTTAR PRADESH,D715,BADLAPUR,0.74
20-08-2025,25.5,82.5,JAUNPUR,UTTAR PRADESH,D715,BADLAPUR,0.71
21-08-2025,25.5,82.5,JAUNPUR,UTTAR PRADESH,D715,BADLAPUR,0.7
22-08-2025,25.5,82.5,JAUNPUR,UTTAR PRADESH,D715,BADLAPUR,0.72
23-08-2025,25.5,82.5,JAUNPUR,UTTAR PRADESH,D715,BADLAPUR,0.73
24-08-2025,25.5,82.5,JAUNPUR,UTTAR PRADESH,D715,BADLAPUR,0.55
25-08-2025,25.5,82.5,JAUNPUR,UTTAR PRADESH,D715,BADLAPUR,0.59
26-08-2025,25.5,82.5,JAUNPUR,UTTAR PRADESH,D715,BADLAPUR,0.61
27-08-2025,25.5,82.5,JAUNPUR,UTTAR PRADESH,D715,BADLAPUR,0.54
28-08-2025,25.5,82.5,JAUNPUR,UTTAR PRADESH,D715,BADLAPUR,0.74
29-08-2025,25.5,82.5,JAUNPUR,UTTAR PRADESH,D715,BADLAPUR,0.62
30-08-2025,25.5,82.5,JAUNPUR,UTTAR PRADESH,D715,BADLAPUR,0.72
31-08-2025,25.5,82.5,JAUNPUR,UTTAR PRADESH,D715,BADLAPUR,0.73
01-09-2025,25.5,82.5,JAUNPUR,UTTAR PRADESH,D715,BADLAPUR,1.02
02-09-2025,25.5,82.5,JAUNPUR,UTTAR PRADESH,D715,BADLAPUR,0.98
03-09-2025,25.5,82.5,JAUNPUR,UTTAR PRADESH,D715,BADLAPUR,0.74
04-09-2025,25.5,82.5,JAUNPUR,UTTAR PRADESH,D715,BADLAPUR,0.64
05-09-2025,25.5,82.5,JAUNPUR,UTTAR PRADESH,D715,BADLAPUR,0.68
06-09-2025,25.5,82.5,JAUNPUR,UTTAR PRADESH,D715,BADLAPUR,0.84
07-09-2025,25.5,82.5,JAUNPUR,UTTAR PRADESH,D715,BADLAPUR,0.74
08-09-2025,25.5,82.5,JAUNPUR,UTTAR PRADESH,D715,BADLAPUR,0.82
09-09-2025,25.5,82.5,JAUNPUR,UTTAR PRADESH,D715,BADLAPUR,0.81
10-09-2025,25.5,82.5,JAUNPUR,UTTAR PRADESH,D715,BADLAPUR,0.72
11-09-2025,25.5,82.5,JAUNPUR,UTTAR PRADESH,D715,BADLAPUR,0.69
12-09-2025,25.5,82.5,JAUNPUR,UTTAR PRADESH,D715,BADLAPUR,0.63
13-09-2025,25.5,82.5,JAUNPUR,UTTAR PRADESH,D715,BADLAPUR,0.67
14-09-2025,25.5,82.5,JAUNPUR,UTTAR PRADESH,D715,BADLAPUR,0.75
15-09-2025,25.5,82.5,JAUNPUR,UTTAR PRADESH,D715,BADLAPUR,0.82
16-09-2025,25.5,82.5,JAUNPUR,UTTAR PRADESH,D715,BADLAPUR,0.72
17-09-2025,25.5,82.5,JAUNPUR,UTTAR PRADESH,D715,BADLAPUR,0.8
18-09-2025,25.5,82.5,JAUNPUR,UTTAR PRADESH,D715,BADLAPUR,0.71
19-09-2025,25.5,82.5,JAUNPUR,UTTAR PRADESH,D715,BADLAPUR,0.73
20-09-2025,25.5,82.5,JAUNPUR,UTTAR PRADESH,D715,BADLAPUR,0.74
21-09-2025,25.5,82.5,JAUNPUR,UTTAR PRADESH,D715,BADLAPUR,0.73
22-09-2025,25.5,82.5,JAUNPUR,UTTAR PRADESH,D715,BADLAPUR,0.71
23-09-2025,25.5,82.5,JAUNPUR,UTTAR PRADESH,D715,BADLAPUR,0.87
24-09-2025,25.5,82.5,JAUNPUR,UTTAR PRADESH,D715,BADLAPUR,0.85
25-09-2025,25.5,82.5,JAUNPUR,UTTAR PRADESH,D715,BADLAPUR,0.96
26-09-2025,25.5,82.5,JAUNPUR,UTTAR PRADESH,D715,BADLAPUR,0.97
27-09-2025,25.5,82.5,JAUNPUR,UTTAR PRADESH,D715,BADLAPUR,1.01
28-09-2025,25.5,82.5,JAUNPUR,UTTAR PRADESH,D715,BADLAPUR,1.03
29-09-2025,25.5,82.5,JAUNPUR,UTTAR PRADESH,D715,BADLAPUR,0.94
30-09-2025,25.5,82.5,JAUNPUR,UTTAR PRADESH,D715,BADLAPUR,1.18
01-10-2025,25.5,82.5,JAUNPUR,UTTAR PRADESH,D715,BADLAPUR,1.19
02-10-2025,25.5,82.5,JAUNPUR,UTTAR PRADESH,D715,BADLAPUR,1.1
03-10-2025,25.5,82.5,JAUNPUR,UTTAR PRADESH,D715,BADLAPUR,1.22
04-10-2025,25.5,82.5,JAUNPUR,UTTAR PRADESH,D715,BADLAPUR,1.17
05-10-2025,25.5,82.5,JAUNPUR,UTTAR PRADESH,D715,BADLAPUR,1.17
06-10-2025,25.5,82.5,JAUNPUR,UTTAR PRADESH,D715,BADLAPUR,1.16
07-10-2025,25.5,82.5,JAUNPUR,UTTAR PRADESH,D715,BADLAPUR,1.39
08-10-2025,25.5,82.5,JAUNPUR,UTTAR PRADESH,D715,BADLAPUR,1.39
09-10-2025,25.5,82.5,JAUNPUR,UTTAR PRADESH,D715,BADLAPUR,1.41
10-10-2025,25.5,82.5,JAUNPUR,UTTAR PRADESH,D715,BADLAPUR,1.36
11-10-2025,25.5,82.5,JAUNPUR,UTTAR PRADESH,D715,BADLAPUR,1.37
12-10-2025,25.5,82.5,JAUNPUR,UTTAR PRADESH,D715,BADLAPUR,1.52
13-10-2025,25.5,82.5,JAUNPUR,UTTAR PRADESH,D715,BADLAPUR,1.74
14-10-2025,25.5,82.5,JAUNPUR,UTTAR PRADESH,D715,BADLAPUR,1.77
15-10-2025,25.5,82.5,JAUNPUR,UTTAR PRADESH,D715,BADLAPUR,1.87
16-10-2025,25.5,82.5,JAUNPUR,UTTAR PRADESH,D715,BADLAPUR,1.93
17-10-2025,25.5,82.5,JAUNPUR,UTTAR PRADESH,D715,BADLAPUR,1.87
18-10-2025,25.5,82.5,JAUNPUR,UTTAR PRADESH,D715,BADLAPUR,1.77
19-10-2025,25.5,82.5,JAUNPUR,UTTAR PRADESH,D715,BADLAPUR,1.84
20-10-2025,25.5,82.5,JAUNPUR,UTTAR PRADESH,D715,BADLAPUR,1.94
21-10-2025,25.5,82.5,JAUNPUR,UTTAR PRADESH,D715,BADLAPUR,1.87
22-10-2025,25.5,82.5,JAUNPUR,UTTAR PRADESH,D715,BADLAPUR,1.76
23-10-2025,25.5,82.5,JAUNPUR,UTTAR PRADESH,D715,BADLAPUR,1.81
24-10-2025,25.5,82.5,JAUNPUR,UTTAR PRADESH,D715,BADLAPUR,1.97
25-10-2025,25.5,82.5,JAUNPUR,UTTAR PRADESH,D715,BADLAPUR,1.98
26-10-2025,25.5,82.5,JAUNPUR,UTTAR PRADESH,D715,BADLAPUR,1.78
27-10-2025,25.5,82.5,JAUNPUR,UTTAR PRADESH,D715,BADLAPUR,1.69
28-10-2025,25.5,82.5,JAUNPUR,UTTAR PRADESH,D715,BADLAPUR,1.77
29-10-2025,25.5,82.5,JAUNPUR,UTTAR PRADESH,D715,BADLAPUR,1.93
30-10-2025,25.5,82.5,JAUNPUR,UTTAR PRADESH,D715,BADLAPUR,2.15
31-10-2025,25.5,82.5,JAUNPUR,UTTAR PRADESH,D715,BADLAPUR,1.87
01-11-2025,25.5,82.5,JAUNPUR,UTTAR PRADESH,D715,BADLAPUR,1.85
02-11-2025,25.5,82.5,JAUNPUR,UTTAR PRADESH,D715,BADLAPUR,1.69
03-11-2025,25.5,82.5,JAUNPUR,UTTAR PRADESH,D715,BADLAPUR,1.69
04-11-2025,25.5,82.5,JAUNPUR,UTTAR PRADESH,D715,BADLAPUR,1.77
05-11-2025,25.5,82.5,JAUNPUR,UTTAR PRADESH,D715,BADLAPUR,1.89
06-11-2025,25.5,82.5,JAUNPUR,UTTAR PRADESH,D715,BADLAPUR,1.82
07-11-2025,25.5,82.5,JAUNPUR,UTTAR PRADESH,D715,BADLAPUR,1.87
08-11-2025,25.5,82.5,JAUNPUR,UTTAR PRADESH,D715,BADLAPUR,1.98
09-11-2025,25.5,82.5,JAUNPUR,UTTAR PRADESH,D715,BADLAPUR,2.09
10-11-2025,25.5,82.5,JAUNPUR,UTTAR PRADESH,D715,BADLAPUR,2.22
11-11-2025,25.5,82.5,JAUNPUR,UTTAR PRADESH,D715,BADLAPUR,2.02
12-11-2025,25.5,82.5,JAUNPUR,UTTAR PRADESH,D715,BADLAPUR,1.91
13-11-2025,25.5,82.5,JAUNPUR,UTTAR PRADESH,D715,BADLAPUR,1.85
14-11-2025,25.5,82.5,JAUNPUR,UTTAR PRADESH,D715,BADLAPUR,1.91
15-11-2025,25.5,82.5,JAUNPUR,UTTAR PRADESH,D715,BADLAPUR,1.91
16-11-2025,25.5,82.5,JAUNPUR,UTTAR PRADESH,D715,BADLAPUR,2.29
17-11-2025,25.5,82.5,JAUNPUR,UTTAR PRADESH,D715,BADLAPUR,2.14
18-11-2025,25.5,82.5,JAUNPUR,UTTAR PRADESH,D715,BADLAPUR,2.34
19-11-2025,25.5,82.5,JAUNPUR,UTTAR PRADESH,D715,BADLAPUR,2.24
20-11-2025,25.5,82.5,JAUNPUR,UTTAR PRADESH,D715,BADLAPUR,2.15
21-11-2025,25.5,82.5,JAUNPUR,UTTAR PRADESH,D715,BADLAPUR,1.8
22-11-2025,25.5,82.5,JAUNPUR,UTTAR PRADESH,D715,BADLAPUR,1.62
23-11-2025,25.5,82.5,JAUNPUR,UTTAR PRADESH,D715,BADLAPUR,1.65
24-11-2025,25.5,82.5,JAUNPUR,UTTAR PRADESH,D715,BADLAPUR,1.82
25-11-2025,25.5,82.5,JAUNPUR,UTTAR PRADESH,D715,BADLAPUR,1.85
26-11-2025,25.5,82.5,JAUNPUR,UTTAR PRADESH,D715,BADLAPUR,1.96
27-11-2025,25.5,82.5,JAUNPUR,UTTAR PRADESH,D715,BADLAPUR,2.01
28-11-2025,25.5,82.5,JAUNPUR,UTTAR PRADESH,D715,BADLAPUR,2
29-11-2025,25.5,82.5,JAUNPUR,UTTAR PRADESH,D715,BADLAPUR,1.91
30-11-2025,25.5,82.5,JAUNPUR,UTTAR PRADESH,D715,BADLAPUR,1.8
01-12-2025,25.5,82.5,JAUNPUR,UTTAR PRADESH,D715,BADLAPUR,2
02-12-2025,25.5,82.5,JAUNPUR,UTTAR PRADESH,D715,BADLAPUR,2.22
03-12-2025,25.5,82.5,JAUNPUR,UTTAR PRADESH,D715,BADLAPUR,2.23
04-12-2025,25.5,82.5,JAUNPUR,UTTAR PRADESH,D715,BADLAPUR,1.99
05-12-2025,25.5,82.5,JAUNPUR,UTTAR PRADESH,D715,BADLAPUR,1.81
06-12-2025,25.5,82.5,JAUNPUR,UTTAR PRADESH,D715,BADLAPUR,1.99
07-12-2025,25.5,82.5,JAUNPUR,UTTAR PRADESH,D715,BADLAPUR,2.07
08-12-2025,25.5,82.5,JAUNPUR,UTTAR PRADESH,D715,BADLAPUR,2.11
09-12-2025,25.5,82.5,JAUNPUR,UTTAR PRADESH,D715,BADLAPUR,2.18
10-12-2025,25.5,82.5,JAUNPUR,UTTAR PRADESH,D715,BADLAPUR,2.11
11-12-2025,25.5,82.5,JAUNPUR,UTTAR PRADESH,D715,BADLAPUR,2.03
12-12-2025,25.5,82.5,JAUNPUR,UTTAR PRADESH,D715,BADLAPUR,2.12
13-12-2025,25.5,82.5,JAUNPUR,UTTAR PRADESH,D715,BADLAPUR,2.26
14-12-2025,25.5,82.5,JAUNPUR,UTTAR PRADESH,D715,BADLAPUR,2.23
15-12-2025,25.5,82.5,JAUNPUR,UTTAR PRADESH,D715,BADLAPUR,2.01
16-12-2025,25.5,82.5,JAUNPUR,UTTAR PRADESH,D715,BADLAPUR,2.06
17-12-2025,25.5,82.5,JAUNPUR,UTTAR PRADESH,D715,BADLAPUR,1.84
18-12-2025,25.5,82.5,JAUNPUR,UTTAR PRADESH,D715,BADLAPUR,1.87
19-12-2025,25.5,82.5,JAUNPUR,UTTAR PRADESH,D715,BADLAPUR,2.04
20-12-2025,25.5,82.5,JAUNPUR,UTTAR PRADESH,D715,BADLAPUR,1.95
21-12-2025,25.5,82.5,JAUNPUR,UTTAR PRADESH,D715,BADLAPUR,1.98
22-12-2025,25.5,82.5,JAUNPUR,UTTAR PRADESH,D715,BADLAPUR,2.25
23-12-2025,25.5,82.5,JAUNPUR,UTTAR PRADESH,D715,BADLAPUR,2.24
24-12-2025,25.5,82.5,JAUNPUR,UTTAR PRADESH,D715,BADLAPUR,1.82
25-12-2025,25.5,82.5,JAUNPUR,UTTAR PRADESH,D715,BADLAPUR,1.92
26-12-2025,25.5,82.5,JAUNPUR,UTTAR PRADESH,D715,BADLAPUR,2.01
27-12-2025,25.5,82.5,JAUNPUR,UTTAR PRADESH,D715,BADLAPUR,1.86
28-12-2025,25.5,82.5,JAUNPUR,UTTAR PRADESH,D715,BADLAPUR,2.12
29-12-2025,25.5,82.5,JAUNPUR,UTTAR PRADESH,D715,BADLAPUR,2.19
30-12-2025,25.5,82.5,JAUNPUR,UTTAR PRADESH,D715,BADLAPUR,2.17
31-12-2025,25.5,82.5,JAUNPUR,UTTAR PRADESH,D715,BADLAPUR,2.26
