date(1995-2025),lat,lon,District,STATE,Dist_Code,TEHSIL,Tmax_mean
01-01-2025,26.5,81.5,AMETHI,UTTAR PRADESH,D680,AMETHI,19.8
02-01-2025,26.5,81.5,AMETHI,UTTAR PRADESH,D680,AMETHI,19.64
03-01-2025,26.5,81.5,AMETHI,UTTAR PRADESH,D680,AMETHI,19.55
04-01-2025,26.5,81.5,AMETHI,UTTAR PRADESH,D680,AMETHI,19.87
05-01-2025,26.5,81.5,AMETHI,UTTAR PRADESH,D680,AMETHI,19.56
06-01-2025,26.5,81.5,AMETHI,UTTAR PRADESH,D680,AMETHI,20.06
07-01-2025,26.5,81.5,AMETHI,UTTAR PRADESH,D680,AMETHI,19.78
08-01-2025,26.5,81.5,AMETHI,UTTAR PRADESH,D680,AMETHI,19.82
09-01-2025,26.5,81.5,AMETHI,UTTAR PRADESH,D680,AMETHI,19.97
10-01-2025,26.5,81.5,AMETHI,UTTAR PRADESH,D680,AMETHI,20.48
11-01-2025,26.5,81.5,AMETHI,UTTAR PRADESH,D680,AMETHI,20.56
12-01-2025,26.5,81.5,AMETHI,UTTAR PRADESH,D680,AMETHI,20.55
13-01-2025,26.5,81.5,AMETHI,UTTAR PRADESH,D680,AMETHI,20.71
14-01-2025,26.5,81.5,AMETHI,UTTAR PRADESH,D680,AMETHI,21.23
15-01-2025,26.5,81.5,AMETHI,UTTAR PRADESH,D680,AMETHI,20.92
16-01-2025,26.5,81.5,AMETHI,UTTAR PRADESH,D680,AMETHI,20.25
17-01-2025,26.5,81.5,AMETHI,UTTAR PRADESH,D680,AMETHI,20.47
18-01-2025,26.5,81.5,AMETHI,UTTAR PRADESH,D680,AMETHI,20.47
19-01-2025,26.5,81.5,AMETHI,UTTAR PRADESH,D680,AMETHI,20.68
20-01-2025,26.5,81.5,AMETHI,UTTAR PRADESH,D680,AMETHI,20.91
21-01-2025,26.5,81.5,AMETHI,UTTAR PRADESH,D680,AMETHI,21.05
22-01-2025,26.5,81.5,AMETHI,UTTAR PRADESH,D680,AMETHI,21.28
23-01-2025,26.5,81.5,AMETHI,UTTAR PRADESH,D680,AMETHI,21.61
24-01-2025,26.5,81.5,AMETHI,UTTAR PRADESH,D680,AMETHI,22.07
25-01-2025,26.5,81.5,AMETHI,UTTAR PRADESH,D680,AMETHI,21.8
26-01-2025,26.5,81.5,AMETHI,UTTAR PRADESH,D680,AMETHI,22.18
27-01-2025,26.5,81.5,AMETHI,UTTAR PRADESH,D680,AMETHI,22.46
28-01-2025,26.5,81.5,AMETHI,UTTAR PRADESH,D680,AMETHI,22.2
29-01-2025,26.5,81.5,AMETHI,UTTAR PRADESH,D680,AMETHI,22.57
30-01-2025,26.5,81.5,AMETHI,UTTAR PRADESH,D680,AMETHI,23.49
31-01-2025,26.5,81.5,AMETHI,UTTAR PRADESH,D680,AMETHI,23.43
01-02-2025,26.5,81.5,AMETHI,UTTAR PRADESH,D680,AMETHI,23.47
02-02-2025,26.5,81.5,AMETHI,UTTAR PRADESH,D680,AMETHI,23.65
03-02-2025,26.5,81.5,AMETHI,UTTAR PRADESH,D680,AMETHI,24.32
04-02-2025,26.5,81.5,AMETHI,UTTAR PRADESH,D680,AMETHI,24.25
05-02-2025,26.5,81.5,AMETHI,UTTAR PRADESH,D680,AMETHI,24.27
06-02-2025,26.5,81.5,AMETHI,UTTAR PRADESH,D680,AMETHI,24.29
07-02-2025,26.5,81.5,AMETHI,UTTAR PRADESH,D680,AMETHI,24.58
08-02-2025,26.5,81.5,AMETHI,UTTAR PRADESH,D680,AMETHI,24.22
09-02-2025,26.5,81.5,AMETHI,UTTAR PRADESH,D680,AMETHI,24.63
10-02-2025,26.5,81.5,AMETHI,UTTAR PRADESH,D680,AMETHI,25.02
11-02-2025,26.5,81.5,AMETHI,UTTAR PRADESH,D680,AMETHI,24.88
12-02-2025,26.5,81.5,AMETHI,UTTAR PRADESH,D680,AMETHI,25.29
13-02-2025,26.5,81.5,AMETHI,UTTAR PRADESH,D680,AMETHI,25.42
14-02-2025,26.5,81.5,AMETHI,UTTAR PRADESH,D680,AMETHI,25.97
15-02-2025,26.5,81.5,AMETHI,UTTAR PRADESH,D680,AMETHI,26.06
16-02-2025,26.5,81.5,AMETHI,UTTAR PRADESH,D680,AMETHI,26.05
17-02-2025,26.5,81.5,AMETHI,UTTAR PRADESH,D680,AMETHI,26.8
18-02-2025,26.5,81.5,AMETHI,UTTAR PRADESH,D680,AMETHI,27.19
19-02-2025,26.5,81.5,AMETHI,UTTAR PRADESH,D680,AMETHI,27.98
20-02-2025,26.5,81.5,AMETHI,UTTAR PRADESH,D680,AMETHI,28.05
21-02-2025,26.5,81.5,AMETHI,UTTAR PRADESH,D680,AMETHI,28.22
22-02-2025,26.5,81.5,AMETHI,UTTAR PRADESH,D680,AMETHI,28.12
23-02-2025,26.5,81.5,AMETHI,UTTAR PRADESH,D680,AMETHI,28.3
24-02-2025,26.5,81.5,AMETHI,UTTAR PRADESH,D680,AMETHI,28.73
25-02-2025,26.5,81.5,AMETHI,UTTAR PRADESH,D680,AMETHI,28.15
26-02-2025,26.5,81.5,AMETHI,UTTAR PRADESH,D680,AMETHI,28.17
27-02-2025,26.5,81.5,AMETHI,UTTAR PRADESH,D680,AMETHI,28.56
28-02-2025,26.5,81.5,AMETHI,UTTAR PRADESH,D680,AMETHI,28.94
29-02-2025,26.5,81.5,AMETHI,UTTAR PRADESH,D680,AMETHI,28.89
01-03-2025,26.5,81.5,AMETHI,UTTAR PRADESH,D680,AMETHI,28.8
02-03-2025,26.5,81.5,AMETHI,UTTAR PRADESH,D680,AMETHI,29.15
03-03-2025,26.5,81.5,AMETHI,UTTAR PRADESH,D680,AMETHI,29.58
04-03-2025,26.5,81.5,AMETHI,UTTAR PRADESH,D680,AMETHI,29.76
05-03-2025,26.5,81.5,AMETHI,UTTAR PRADESH,D680,AMETHI,29.41
06-03-2025,26.5,81.5,AMETHI,UTTAR PRADESH,D680,AMETHI,29.71
07-03-2025,26.5,81.5,AMETHI,UTTAR PRADESH,D680,AMETHI,30.28
08-03-2025,26.5,81.5,AMETHI,UTTAR PRADESH,D680,AMETHI,30.21
09-03-2025,26.5,81.5,AMETHI,UTTAR PRADESH,D680,AMETHI,30.68
10-03-2025,26.5,81.5,AMETHI,UTTAR PRADESH,D680,AMETHI,30.29
11-03-2025,26.5,81.5,AMETHI,UTTAR PRADESH,D680,AMETHI,30.79
12-03-2025,26.5,81.5,AMETHI,UTTAR PRADESH,D680,AMETHI,30.75
13-03-2025,26.5,81.5,AMETHI,UTTAR PRADESH,D680,AMETHI,30.65
14-03-2025,26.5,81.5,AMETHI,UTTAR PRADESH,D680,AMETHI,31.1
15-03-2025,26.5,81.5,AMETHI,UTTAR PRADESH,D680,AMETHI,31.18
16-03-2025,26.5,81.5,AMETHI,UTTAR PRADESH,D680,AMETHI,32
17-03-2025,26.5,81.5,AMETHI,UTTAR PRADESH,D680,AMETHI,32.53
18-03-2025,26.5,81.5,AMETHI,UTTAR PRADESH,D680,AMETHI,32.97
19-03-2025,26.5,81.5,AMETHI,UTTAR PRADESH,D680,AMETHI,32.87
20-03-2025,26.5,81.5,AMETHI,UTTAR PRADESH,D680,AMETHI,33.42
21-03-2025,26.5,81.5,AMETHI,UTTAR PRADESH,D680,AMETHI,33.71
22-03-2025,26.5,81.5,AMETHI,UTTAR PRADESH,D680,AMETHI,33.91
23-03-2025,26.5,81.5,AMETHI,UTTAR PRADESH,D680,AMETHI,34.31
24-03-2025,26.5,81.5,AMETHI,UTTAR PRADESH,D680,AMETHI,34.73
25-03-2025,26.5,81.5,AMETHI,UTTAR PRADESH,D680,AMETHI,35.26
26-03-2025,26.5,81.5,AMETHI,UTTAR PRADESH,D680,AMETHI,35.43
27-03-2025,26.5,81.5,AMETHI,UTTAR PRADESH,D680,AMETHI,35.13
28-03-2025,26.5,81.5,AMETHI,UTTAR PRADESH,D680,AMETHI,35.77
29-03-2025,26.5,81.5,AMETHI,UTTAR PRADESH,D680,AMETHI,36.18
30-03-2025,26.5,81.5,AMETHI,UTTAR PRADESH,D680,AMETHI,35.95
31-03-2025,26.5,81.5,AMETHI,UTTAR PRADESH,D680,AMETHI,36.27
01-04-2025,26.5,81.5,AMETHI,UTTAR PRADESH,D680,AMETHI,36.6
02-04-2025,26.5,81.5,AMETHI,UTTAR PRADESH,D680,AMETHI,36.7
03-04-2025,26.5,81.5,AMETHI,UTTAR PRADESH,D680,AMETHI,37.09
04-04-2025,26.5,81.5,AMETHI,UTTAR PRADESH,D680,AMETHI,37.2
05-04-2025,26.5,81.5,AMETHI,UTTAR PRADESH,D680,AMETHI,37.22
06-04-2025,26.5,81.5,AMETHI,UTTAR PRADESH,D680,AMETHI,37.67
07-04-2025,26.5,81.5,AMETHI,UTTAR PRADESH,D680,AMETHI,38.03
08-04-2025,26.5,81.5,AMETHI,UTTAR PRADESH,D680,AMETHI,37.73
09-04-2025,26.5,81.5,AMETHI,UTTAR PRADESH,D680,AMETHI,38.08
10-04-2025,26.5,81.5,AMETHI,UTTAR PRADESH,D680,AMETHI,37.79
11-04-2025,26.5,81.5,AMETHI,UTTAR PRADESH,D680,AMETHI,38.28
12-04-2025,26.5,81.5,AMETHI,UTTAR PRADESH,D680,AMETHI,38.34
13-04-2025,26.5,81.5,AMETHI,UTTAR PRADESH,D680,AMETHI,38.35
14-04-2025,26.5,81.5,AMETHI,UTTAR PRADESH,D680,AMETHI,38.56
15-04-2025,26.5,81.5,AMETHI,UTTAR PRADESH,D680,AMETHI,38.99
16-04-2025,26.5,81.5,AMETHI,UTTAR PRADESH,D680,AMETHI,38.88
17-04-2025,26.5,81.5,AMETHI,UTTAR PRADESH,D680,AMETHI,38.45
18-04-2025,26.5,81.5,AMETHI,UTTAR PRADESH,D680,AMETHI,37.99
19-04-2025,26.5,81.5,AMETHI,UTTAR PRADESH,D680,AMETHI,38.54
20-04-2025,26.5,81.5,AMETHI,UTTAR PRADESH,D680,AMETHI,38.87
21-04-2025,26.5,81.5,AMETHI,UTTAR PRADESH,D680,AMETHI,38.58
22-04-2025,26.5,81.5,AMETHI,UTTAR PRADESH,D680,AMETHI,38.91
23-04-2025,26.5,81.5,AMETHI,UTTAR PRADESH,D680,AMETHI,38.71
24-04-2025,26.5,81.5,AMETHI,UTTAR PRADESH,D680,AMETHI,39.09
25-04-2025,26.5,81.5,AMETHI,UTTAR PRADESH,D680,AMETHI,39.27
26-04-2025,26.5,81.5,AMETHI,UTTAR PRADESH,D680,AMETHI,39.24
27-04-2025,26.5,81.5,AMETHI,UTTAR PRADESH,D680,AMETHI,39.24
28-04-2025,26.5,81.5,AMETHI,UTTAR PRADESH,D680,AMETHI,39.52
29-04-2025,26.5,81.5,AMETHI,UTTAR PRADESH,D680,AMETHI,39.78
30-04-2025,26.5,81.5,AMETHI,UTTAR PRADESH,D680,AMETHI,39.45
01-05-2025,26.5,81.5,AMETHI,UTTAR PRADESH,D680,AMETHI,39.21
02-05-2025,26.5,81.5,AMETHI,UTTAR PRADESH,D680,AMETHI,38.84
03-05-2025,26.5,81.5,AMETHI,UTTAR PRADESH,D680,AMETHI,38.35
04-05-2025,26.5,81.5,AMETHI,UTTAR PRADESH,D680,AMETHI,38.5
05-05-2025,26.5,81.5,AMETHI,UTTAR PRADESH,D680,AMETHI,38.54
06-05-2025,26.5,81.5,AMETHI,UTTAR PRADESH,D680,AMETHI,39.05
07-05-2025,26.5,81.5,AMETHI,UTTAR PRADESH,D680,AMETHI,38.96
08-05-2025,26.5,81.5,AMETHI,UTTAR PRADESH,D680,AMETHI,39.28
09-05-2025,26.5,81.5,AMETHI,UTTAR PRADESH,D680,AMETHI,39.69
10-05-2025,26.5,81.5,AMETHI,UTTAR PRADESH,D680,AMETHI,39.72
11-05-2025,26.5,81.5,AMETHI,UTTAR PRADESH,D680,AMETHI,39.43
12-05-2025,26.5,81.5,AMETHI,UTTAR PRADESH,D680,AMETHI,39.18
13-05-2025,26.5,81.5,AMETHI,UTTAR PRADESH,D680,AMETHI,39.1
14-05-2025,26.5,81.5,AMETHI,UTTAR PRADESH,D680,AMETHI,39.52
15-05-2025,26.5,81.5,AMETHI,UTTAR PRADESH,D680,AMETHI,39.54
16-05-2025,26.5,81.5,AMETHI,UTTAR PRADESH,D680,AMETHI,39.97
17-05-2025,26.5,81.5,AMETHI,UTTAR PRADESH,D680,AMETHI,39.93
18-05-2025,26.5,81.5,AMETHI,UTTAR PRADESH,D680,AMETHI,40.08
19-05-2025,26.5,81.5,AMETHI,UTTAR PRADESH,D680,AMETHI,39.66
20-05-2025,26.5,81.5,AMETHI,UTTAR PRADESH,D680,AMETHI,39.56
21-05-2025,26.5,81.5,AMETHI,UTTAR PRADESH,D680,AMETHI,39.93
22-05-2025,26.5,81.5,AMETHI,UTTAR PRADESH,D680,AMETHI,39.67
23-05-2025,26.5,81.5,AMETHI,UTTAR PRADESH,D680,AMETHI,39.81
24-05-2025,26.5,81.5,AMETHI,UTTAR PRADESH,D680,AMETHI,39.75
25-05-2025,26.5,81.5,AMETHI,UTTAR PRADESH,D680,AMETHI,39.95
26-05-2025,26.5,81.5,AMETHI,UTTAR PRADESH,D680,AMETHI,40.19
27-05-2025,26.5,81.5,AMETHI,UTTAR PRADESH,D680,AMETHI,39.93
28-05-2025,26.5,81.5,AMETHI,UTTAR PRADESH,D680,AMETHI,39.76
29-05-2025,26.5,81.5,AMETHI,UTTAR PRADESH,D680,AMETHI,40.08
30-05-2025,26.5,81.5,AMETHI,UTTAR PRADESH,D680,AMETHI,39.96
31-05-2025,26.5,81.5,AMETHI,UTTAR PRADESH,D680,AMETHI,40.11
01-06-2025,26.5,81.5,AMETHI,UTTAR PRADESH,D680,AMETHI,40.1
02-06-2025,26.5,81.5,AMETHI,UTTAR PRADESH,D680,AMETHI,40.1
03-06-2025,26.5,81.5,AMETHI,UTTAR PRADESH,D680,AMETHI,40.2
04-06-2025,26.5,81.5,AMETHI,UTTAR PRADESH,D680,AMETHI,39.94
05-06-2025,26.5,81.5,AMETHI,UTTAR PRADESH,D680,AMETHI,39.83
06-06-2025,26.5,81.5,AMETHI,UTTAR PRADESH,D680,AMETHI,39.49
07-06-2025,26.5,81.5,AMETHI,UTTAR PRADESH,D680,AMETHI,39.23
08-06-2025,26.5,81.5,AMETHI,UTTAR PRADESH,D680,AMETHI,39.94
09-06-2025,26.5,81.5,AMETHI,UTTAR PRADESH,D680,AMETHI,39.66
10-06-2025,26.5,81.5,AMETHI,UTTAR PRADESH,D680,AMETHI,39.84
11-06-2025,26.5,81.5,AMETHI,UTTAR PRADESH,D680,AMETHI,39.69
12-06-2025,26.5,81.5,AMETHI,UTTAR PRADESH,D680,AMETHI,39.27
13-06-2025,26.5,81.5,AMETHI,UTTAR PRADESH,D680,AMETHI,39.37
14-06-2025,26.5,81.5,AMETHI,UTTAR PRADESH,D680,AMETHI,39.16
15-06-2025,26.5,81.5,AMETHI,UTTAR PRADESH,D680,AMETHI,38.38
16-06-2025,26.5,81.5,AMETHI,UTTAR PRADESH,D680,AMETHI,37.6
17-06-2025,26.5,81.5,AMETHI,UTTAR PRADESH,D680,AMETHI,37.51
18-06-2025,26.5,81.5,AMETHI,UTTAR PRADESH,D680,AMETHI,37.29
19-06-2025,26.5,81.5,AMETHI,UTTAR PRADESH,D680,AMETHI,37.14
20-06-2025,26.5,81.5,AMETHI,UTTAR PRADESH,D680,AMETHI,36.91
21-06-2025,26.5,81.5,AMETHI,UTTAR PRADESH,D680,AMETHI,37.03
22-06-2025,26.5,81.5,AMETHI,UTTAR PRADESH,D680,AMETHI,36.46
23-06-2025,26.5,81.5,AMETHI,UTTAR PRADESH,D680,AMETHI,36.29
24-06-2025,26.5,81.5,AMETHI,UTTAR PRADESH,D680,AMETHI,36.45
25-06-2025,26.5,81.5,AMETHI,UTTAR PRADESH,D680,AMETHI,36.61
26-06-2025,26.5,81.5,AMETHI,UTTAR PRADESH,D680,AMETHI,36.26
27-06-2025,26.5,81.5,AMETHI,UTTAR PRADESH,D680,AMETHI,35.57
28-06-2025,26.5,81.5,AMETHI,UTTAR PRADESH,D680,AMETHI,35.42
29-06-2025,26.5,81.5,AMETHI,UTTAR PRADESH,D680,AMETHI,34.72
30-06-2025,26.5,81.5,AMETHI,UTTAR PRADESH,D680,AMETHI,34.31
01-07-2025,26.5,81.5,AMETHI,UTTAR PRADESH,D680,AMETHI,34.97
02-07-2025,26.5,81.5,AMETHI,UTTAR PRADESH,D680,AMETHI,35.15
03-07-2025,26.5,81.5,AMETHI,UTTAR PRADESH,D680,AMETHI,35.13
04-07-2025,26.5,81.5,AMETHI,UTTAR PRADESH,D680,AMETHI,35.1
05-07-2025,26.5,81.5,AMETHI,UTTAR PRADESH,D680,AMETHI,34.4
06-07-2025,26.5,81.5,AMETHI,UTTAR PRADESH,D680,AMETHI,34.26
07-07-2025,26.5,81.5,AMETHI,UTTAR PRADESH,D680,AMETHI,34.47
08-07-2025,26.5,81.5,AMETHI,UTTAR PRADESH,D680,AMETHI,34.63
09-07-2025,26.5,81.5,AMETHI,UTTAR PRADESH,D680,AMETHI,34.35
10-07-2025,26.5,81.5,AMETHI,UTTAR PRADESH,D680,AMETHI,34.01
11-07-2025,26.5,81.5,AMETHI,UTTAR PRADESH,D680,AMETHI,33.6
12-07-2025,26.5,81.5,AMETHI,UTTAR PRADESH,D680,AMETHI,33.74
13-07-2025,26.5,81.5,AMETHI,UTTAR PRADESH,D680,AMETHI,33.96
14-07-2025,26.5,81.5,AMETHI,UTTAR PRADESH,D680,AMETHI,33.93
15-07-2025,26.5,81.5,AMETHI,UTTAR PRADESH,D680,AMETHI,33.81
16-07-2025,26.5,81.5,AMETHI,UTTAR PRADESH,D680,AMETHI,33.83
17-07-2025,26.5,81.5,AMETHI,UTTAR PRADESH,D680,AMETHI,33.75
18-07-2025,26.5,81.5,AMETHI,UTTAR PRADESH,D680,AMETHI,33.9
19-07-2025,26.5,81.5,AMETHI,UTTAR PRADESH,D680,AMETHI,34.23
20-07-2025,26.5,81.5,AMETHI,UTTAR PRADESH,D680,AMETHI,33.65
21-07-2025,26.5,81.5,AMETHI,UTTAR PRADESH,D680,AMETHI,33.31
22-07-2025,26.5,81.5,AMETHI,UTTAR PRADESH,D680,AMETHI,33.44
23-07-2025,26.5,81.5,AMETHI,UTTAR PRADESH,D680,AMETHI,33.56
24-07-2025,26.5,81.5,AMETHI,UTTAR PRADESH,D680,AMETHI,33.33
25-07-2025,26.5,81.5,AMETHI,UTTAR PRADESH,D680,AMETHI,33.17
26-07-2025,26.5,81.5,AMETHI,UTTAR PRADESH,D680,AMETHI,33.16
27-07-2025,26.5,81.5,AMETHI,UTTAR PRADESH,D680,AMETHI,32.84
28-07-2025,26.5,81.5,AMETHI,UTTAR PRADESH,D680,AMETHI,33.13
29-07-2025,26.5,81.5,AMETHI,UTTAR PRADESH,D680,AMETHI,32.89
30-07-2025,26.5,81.5,AMETHI,UTTAR PRADESH,D680,AMETHI,33.3
31-07-2025,26.5,81.5,AMETHI,UTTAR PRADESH,D680,AMETHI,32.97
01-08-2025,26.5,81.5,AMETHI,UTTAR PRADESH,D680,AMETHI,33.25
02-08-2025,26.5,81.5,AMETHI,UTTAR PRADESH,D680,AMETHI,32.92
03-08-2025,26.5,81.5,AMETHI,UTTAR PRADESH,D680,AMETHI,32.77
04-08-2025,26.5,81.5,AMETHI,UTTAR PRADESH,D680,AMETHI,33.32
05-08-2025,26.5,81.5,AMETHI,UTTAR PRADESH,D680,AMETHI,33.45
06-08-2025,26.5,81.5,AMETHI,UTTAR PRADESH,D680,AMETHI,33.26
07-08-2025,26.5,81.5,AMETHI,UTTAR PRADESH,D680,AMETHI,33.56
08-08-2025,26.5,81.5,AMETHI,UTTAR PRADESH,D680,AMETHI,33.41
09-08-2025,26.5,81.5,AMETHI,UTTAR PRADESH,D680,AMETHI,33.32
10-08-2025,26.5,81.5,AMETHI,UTTAR PRADESH,D680,AMETHI,33.38
11-08-2025,26.5,81.5,AMETHI,UTTAR PRADESH,D680,AMETHI,32.96
12-08-2025,26.5,81.5,AMETHI,UTTAR PRADESH,D680,AMETHI,32.79
13-08-2025,26.5,81.5,AMETHI,UTTAR PRADESH,D680,AMETHI,32.65
14-08-2025,26.5,81.5,AMETHI,UTTAR PRADESH,D680,AMETHI,32.66
15-08-2025,26.5,81.5,AMETHI,UTTAR PRADESH,D680,AMETHI,32.69
16-08-2025,26.5,81.5,AMETHI,UTTAR PRADESH,D680,AMETHI,33.22
17-08-2025,26.5,81.5,AMETHI,UTTAR PRADESH,D680,AMETHI,33.49
18-08-2025,26.5,81.5,AMETHI,UTTAR PRADESH,D680,AMETHI,33.04
19-08-2025,26.5,81.5,AMETHI,UTTAR PRADESH,D680,AMETHI,32.82
20-08-2025,26.5,81.5,AMETHI,UTTAR PRADESH,D680,AMETHI,32.92
21-08-2025,26.5,81.5,AMETHI,UTTAR PRADESH,D680,AMETHI,32.94
22-08-2025,26.5,81.5,AMETHI,UTTAR PRADESH,D680,AMETHI,32.86
23-08-2025,26.5,81.5,AMETHI,UTTAR PRADESH,D680,AMETHI,33.05
24-08-2025,26.5,81.5,AMETHI,UTTAR PRADESH,D680,AMETHI,33.16
25-08-2025,26.5,81.5,AMETHI,UTTAR PRADESH,D680,AMETHI,33.36
26-08-2025,26.5,81.5,AMETHI,UTTAR PRADESH,D680,AMETHI,33.58
27-08-2025,26.5,81.5,AMETHI,UTTAR PRADESH,D680,AMETHI,33.28
28-08-2025,26.5,81.5,AMETHI,UTTAR PRADESH,D680,AMETHI,33.51
29-08-2025,26.5,81.5,AMETHI,UTTAR PRADESH,D680,AMETHI,33.6
30-08-2025,26.5,81.5,AMETHI,UTTAR PRADESH,D680,AMETHI,33.77
31-08-2025,26.5,81.5,AMETHI,UTTAR PRADESH,D680,AMETHI,33.75
01-09-2025,26.5,81.5,AMETHI,UTTAR PRADESH,D680,AMETHI,33.28
02-09-2025,26.5,81.5,AMETHI,UTTAR PRADESH,D680,AMETHI,32.86
03-09-2025,26.5,81.5,AMETHI,UTTAR PRADESH,D680,AMETHI,33.46
04-09-2025,26.5,81.5,AMETHI,UTTAR PRADESH,D680,AMETHI,33.66
05-09-2025,26.5,81.5,AMETHI,UTTAR PRADESH,D680,AMETHI,33.61
06-09-2025,26.5,81.5,AMETHI,UTTAR PRADESH,D680,AMETHI,33.4
07-09-2025,26.5,81.5,AMETHI,UTTAR PRADESH,D680,AMETHI,33.45
08-09-2025,26.5,81.5,AMETHI,UTTAR PRADESH,D680,AMETHI,33.44
09-09-2025,26.5,81.5,AMETHI,UTTAR PRADESH,D680,AMETHI,33.47
10-09-2025,26.5,81.5,AMETHI,UTTAR PRADESH,D680,AMETHI,33.66
11-09-2025,26.5,81.5,AMETHI,UTTAR PRADESH,D680,AMETHI,33.21
12-09-2025,26.5,81.5,AMETHI,UTTAR PRADESH,D680,AMETHI,33.23
13-09-2025,26.5,81.5,AMETHI,UTTAR PRADESH,D680,AMETHI,33.21
14-09-2025,26.5,81.5,AMETHI,UTTAR PRADESH,D680,AMETHI,33.25
15-09-2025,26.5,81.5,AMETHI,UTTAR PRADESH,D680,AMETHI,32.81
16-09-2025,26.5,81.5,AMETHI,UTTAR PRADESH,D680,AMETHI,32.92
17-09-2025,26.5,81.5,AMETHI,UTTAR PRADESH,D680,AMETHI,32.97
18-09-2025,26.5,81.5,AMETHI,UTTAR PRADESH,D680,AMETHI,33.28
19-09-2025,26.5,81.5,AMETHI,UTTAR PRADESH,D680,AMETHI,33.43
20-09-2025,26.5,81.5,AMETHI,UTTAR PRADESH,D680,AMETHI,33.62
21-09-2025,26.5,81.5,AMETHI,UTTAR PRADESH,D680,AMETHI,33.06
22-09-2025,26.5,81.5,AMETHI,UTTAR PRADESH,D680,AMETHI,32.9
23-09-2025,26.5,81.5,AMETHI,UTTAR PRADESH,D680,AMETHI,33.04
24-09-2025,26.5,81.5,AMETHI,UTTAR PRADESH,D680,AMETHI,32.87
25-09-2025,26.5,81.5,AMETHI,UTTAR PRADESH,D680,AMETHI,32.63
26-09-2025,26.5,81.5,AMETHI,UTTAR PRADESH,D680,AMETHI,33.21
27-09-2025,26.5,81.5,AMETHI,UTTAR PRADESH,D680,AMETHI,33.39
28-09-2025,26.5,81.5,AMETHI,UTTAR PRADESH,D680,AMETHI,33.48
29-09-2025,26.5,81.5,AMETHI,UTTAR PRADESH,D680,AMETHI,33.67
30-09-2025,26.5,81.5,AMETHI,UTTAR PRADESH,D680,AMETHI,33.58
01-10-2025,26.5,81.5,AMETHI,UTTAR PRADESH,D680,AMETHI,33.66
02-10-2025,26.5,81.5,AMETHI,UTTAR PRADESH,D680,AMETHI,33.39
03-10-2025,26.5,81.5,AMETHI,UTTAR PRADESH,D680,AMETHI,33.31
04-10-2025,26.5,81.5,AMETHI,UTTAR PRADESH,D680,AMETHI,32.96
05-10-2025,26.5,81.5,AMETHI,UTTAR PRADESH,D680,AMETHI,33.34
06-10-2025,26.5,81.5,AMETHI,UTTAR PRADESH,D680,AMETHI,33.58
07-10-2025,26.5,81.5,AMETHI,UTTAR PRADESH,D680,AMETHI,33.49
08-10-2025,26.5,81.5,AMETHI,UTTAR PRADESH,D680,AMETHI,33.59
09-10-2025,26.5,81.5,AMETHI,UTTAR PRADESH,D680,AMETHI,33.54
10-10-2025,26.5,81.5,AMETHI,UTTAR PRADESH,D680,AMETHI,33.74
11-10-2025,26.5,81.5,AMETHI,UTTAR PRADESH,D680,AMETHI,33.14
12-10-2025,26.5,81.5,AMETHI,UTTAR PRADESH,D680,AMETHI,33.11
13-10-2025,26.5,81.5,AMETHI,UTTAR PRADESH,D680,AMETHI,33.3
14-10-2025,26.5,81.5,AMETHI,UTTAR PRADESH,D680,AMETHI,33.06
15-10-2025,26.5,81.5,AMETHI,UTTAR PRADESH,D680,AMETHI,33.12
16-10-2025,26.5,81.5,AMETHI,UTTAR PRADESH,D680,AMETHI,33.1
17-10-2025,26.5,81.5,AMETHI,UTTAR PRADESH,D680,AMETHI,32.83
18-10-2025,26.5,81.5,AMETHI,UTTAR PRADESH,D680,AMETHI,32.65
19-10-2025,26.5,81.5,AMETHI,UTTAR PRADESH,D680,AMETHI,32.3
20-10-2025,26.5,81.5,AMETHI,UTTAR PRADESH,D680,AMETHI,32.5
21-10-2025,26.5,81.5,AMETHI,UTTAR PRADESH,D680,AMETHI,32.6
22-10-2025,26.5,81.5,AMETHI,UTTAR PRADESH,D680,AMETHI,32.55
23-10-2025,26.5,81.5,AMETHI,UTTAR PRADESH,D680,AMETHI,32.29
24-10-2025,26.5,81.5,AMETHI,UTTAR PRADESH,D680,AMETHI,32.13
25-10-2025,26.5,81.5,AMETHI,UTTAR PRADESH,D680,AMETHI,31.8
26-10-2025,26.5,81.5,AMETHI,UTTAR PRADESH,D680,AMETHI,31.72
27-10-2025,26.5,81.5,AMETHI,UTTAR PRADESH,D680,AMETHI,31.5
28-10-2025,26.5,81.5,AMETHI,UTTAR PRADESH,D680,AMETHI,31.16
29-10-2025,26.5,81.5,AMETHI,UTTAR PRADESH,D680,AMETHI,31.23
30-10-2025,26.5,81.5,AMETHI,UTTAR PRADESH,D680,AMETHI,31.26
31-10-2025,26.5,81.5,AMETHI,UTTAR PRADESH,D680,AMETHI,31.3
01-11-2025,26.5,81.5,AMETHI,UTTAR PRADESH,D680,AMETHI,31.33
02-11-2025,26.5,81.5,AMETHI,UTTAR PRADESH,D680,AMETHI,31.23
03-11-2025,26.5,81.5,AMETHI,UTTAR PRADESH,D680,AMETHI,31.17
04-11-2025,26.5,81.5,AMETHI,UTTAR PRADESH,D680,AMETHI,31.23
05-11-2025,26.5,81.5,AMETHI,UTTAR PRADESH,D680,AMETHI,31.13
06-11-2025,26.5,81.5,AMETHI,UTTAR PRADESH,D680,AMETHI,30.6
07-11-2025,26.5,81.5,AMETHI,UTTAR PRADESH,D680,AMETHI,30.67
08-11-2025,26.5,81.5,AMETHI,UTTAR PRADESH,D680,AMETHI,30.43
09-11-2025,26.5,81.5,AMETHI,UTTAR PRADESH,D680,AMETHI,30.27
10-11-2025,26.5,81.5,AMETHI,UTTAR PRADESH,D680,AMETHI,29.89
11-11-2025,26.5,81.5,AMETHI,UTTAR PRADESH,D680,AMETHI,29.8
12-11-2025,26.5,81.5,AMETHI,UTTAR PRADESH,D680,AMETHI,29.6
13-11-2025,26.5,81.5,AMETHI,UTTAR PRADESH,D680,AMETHI,29.54
14-11-2025,26.5,81.5,AMETHI,UTTAR PRADESH,D680,AMETHI,29.32
15-11-2025,26.5,81.5,AMETHI,UTTAR PRADESH,D680,AMETHI,29.48
16-11-2025,26.5,81.5,AMETHI,UTTAR PRADESH,D680,AMETHI,28.98
17-11-2025,26.5,81.5,AMETHI,UTTAR PRADESH,D680,AMETHI,29.01
18-11-2025,26.5,81.5,AMETHI,UTTAR PRADESH,D680,AMETHI,28.46
19-11-2025,26.5,81.5,AMETHI,UTTAR PRADESH,D680,AMETHI,28.24
20-11-2025,26.5,81.5,AMETHI,UTTAR PRADESH,D680,AMETHI,28.25
21-11-2025,26.5,81.5,AMETHI,UTTAR PRADESH,D680,AMETHI,28.04
22-11-2025,26.5,81.5,AMETHI,UTTAR PRADESH,D680,AMETHI,27.7
23-11-2025,26.5,81.5,AMETHI,UTTAR PRADESH,D680,AMETHI,27.88
24-11-2025,26.5,81.5,AMETHI,UTTAR PRADESH,D680,AMETHI,27.77
25-11-2025,26.5,81.5,AMETHI,UTTAR PRADESH,D680,AMETHI,27.52
26-11-2025,26.5,81.5,AMETHI,UTTAR PRADESH,D680,AMETHI,27.48
27-11-2025,26.5,81.5,AMETHI,UTTAR PRADESH,D680,AMETHI,27.23
28-11-2025,26.5,81.5,AMETHI,UTTAR PRADESH,D680,AMETHI,27.08
29-11-2025,26.5,81.5,AMETHI,UTTAR PRADESH,D680,AMETHI,27.04
30-11-2025,26.5,81.5,AMETHI,UTTAR PRADESH,D680,AMETHI,26.89
01-12-2025,26.5,81.5,AMETHI,UTTAR PRADESH,D680,AMETHI,26.7
02-12-2025,26.5,81.5,AMETHI,UTTAR PRADESH,D680,AMETHI,26.38
03-12-2025,26.5,81.5,AMETHI,UTTAR PRADESH,D680,AMETHI,26.34
04-12-2025,26.5,81.5,AMETHI,UTTAR PRADESH,D680,AMETHI,26.36
05-12-2025,26.5,81.5,AMETHI,UTTAR PRADESH,D680,AMETHI,26.17
06-12-2025,26.5,81.5,AMETHI,UTTAR PRADESH,D680,AMETHI,26.17
07-12-2025,26.5,81.5,AMETHI,UTTAR PRADESH,D680,AMETHI,25.72
08-12-2025,26.5,81.5,AMETHI,UTTAR PRADESH,D680,AMETHI,25.32
09-12-2025,26.5,81.5,AMETHI,UTTAR PRADESH,D680,AMETHI,25.53
10-12-2025,26.5,81.5,AMETHI,UTTAR PRADESH,D680,AMETHI,25.42
11-12-2025,26.5,81.5,AMETHI,UTTAR PRADESH,D680,AMETHI,25.19
12-12-2025,26.5,81.5,AMETHI,UTTAR PRADESH,D680,AMETHI,24.88
13-12-2025,26.5,81.5,AMETHI,UTTAR PRADESH,D680,AMETHI,24.44
14-12-2025,26.5,81.5,AMETHI,UTTAR PRADESH,D680,AMETHI,24.06
15-12-2025,26.5,81.5,AMETHI,UTTAR PRADESH,D680,AMETHI,23.83
16-12-2025,26.5,81.5,AMETHI,UTTAR PRADESH,D680,AMETHI,23.63
17-12-2025,26.5,81.5,AMETHI,UTTAR PRADESH,D680,AMETHI,23.62
18-12-2025,26.5,81.5,AMETHI,UTTAR PRADESH,D680,AMETHI,23.25
19-12-2025,26.5,81.5,AMETHI,UTTAR PRADESH,D680,AMETHI,22.94
20-12-2025,26.5,81.5,AMETHI,UTTAR PRADESH,D680,AMETHI,22.67
21-12-2025,26.5,81.5,AMETHI,UTTAR PRADESH,D680,AMETHI,22.57
22-12-2025,26.5,81.5,AMETHI,UTTAR PRADESH,D680,AMETHI,22.75
23-12-2025,26.5,81.5,AMETHI,UTTAR PRADESH,D680,AMETHI,22.74
24-12-2025,26.5,81.5,AMETHI,UTTAR PRADESH,D680,AMETHI,22.67
25-12-2025,26.5,81.5,AMETHI,UTTAR PRADESH,D680,AMETHI,22.69
26-12-2025,26.5,81.5,AMETHI,UTTAR PRADESH,D680,AMETHI,22.04
27-12-2025,26.5,81.5,AMETHI,UTTAR PRADESH,D680,AMETHI,21.79
28-12-2025,26.5,81.5,AMETHI,UTTAR PRADESH,D680,AMETHI,21.36
29-12-2025,26.5,81.5,AMETHI,UTTAR PRADESH,D680,AMETHI,21.31
30-12-2025,26.5,81.5,AMETHI,UTTAR PRADESH,D680,AMETHI,20.41
31-12-2025,26.5,81.5,AMETHI,UTTAR PRADESH,D680,AMETHI,20.27
01-01-2025,26.5,79.5,AURAIYA,UTTAR PRADESH,D682,AURAIYA,20.07
02-01-2025,26.5,79.5,AURAIYA,UTTAR PRADESH,D682,AURAIYA,19.8
03-01-2025,26.5,79.5,AURAIYA,UTTAR PRADESH,D682,AURAIYA,19.73
04-01-2025,26.5,79.5,AURAIYA,UTTAR PRADESH,D682,AURAIYA,19.72
05-01-2025,26.5,79.5,AURAIYA,UTTAR PRADESH,D682,AURAIYA,19.89
06-01-2025,26.5,79.5,AURAIYA,UTTAR PRADESH,D682,AURAIYA,20.34
07-01-2025,26.5,79.5,AURAIYA,UTTAR PRADESH,D682,AURAIYA,19.94
08-01-2025,26.5,79.5,AURAIYA,UTTAR PRADESH,D682,AURAIYA,20.18
09-01-2025,26.5,79.5,AURAIYA,UTTAR PRADESH,D682,AURAIYA,20
10-01-2025,26.5,79.5,AURAIYA,UTTAR PRADESH,D682,AURAIYA,20.46
11-01-2025,26.5,79.5,AURAIYA,UTTAR PRADESH,D682,AURAIYA,20.71
12-01-2025,26.5,79.5,AURAIYA,UTTAR PRADESH,D682,AURAIYA,20.91
13-01-2025,26.5,79.5,AURAIYA,UTTAR PRADESH,D682,AURAIYA,21.03
14-01-2025,26.5,79.5,AURAIYA,UTTAR PRADESH,D682,AURAIYA,21.43
15-01-2025,26.5,79.5,AURAIYA,UTTAR PRADESH,D682,AURAIYA,20.86
16-01-2025,26.5,79.5,AURAIYA,UTTAR PRADESH,D682,AURAIYA,20.66
17-01-2025,26.5,79.5,AURAIYA,UTTAR PRADESH,D682,AURAIYA,20.53
18-01-2025,26.5,79.5,AURAIYA,UTTAR PRADESH,D682,AURAIYA,20.47
19-01-2025,26.5,79.5,AURAIYA,UTTAR PRADESH,D682,AURAIYA,20.57
20-01-2025,26.5,79.5,AURAIYA,UTTAR PRADESH,D682,AURAIYA,20.76
21-01-2025,26.5,79.5,AURAIYA,UTTAR PRADESH,D682,AURAIYA,21.03
22-01-2025,26.5,79.5,AURAIYA,UTTAR PRADESH,D682,AURAIYA,21.24
23-01-2025,26.5,79.5,AURAIYA,UTTAR PRADESH,D682,AURAIYA,21.83
24-01-2025,26.5,79.5,AURAIYA,UTTAR PRADESH,D682,AURAIYA,21.92
25-01-2025,26.5,79.5,AURAIYA,UTTAR PRADESH,D682,AURAIYA,21.75
26-01-2025,26.5,79.5,AURAIYA,UTTAR PRADESH,D682,AURAIYA,22.4
27-01-2025,26.5,79.5,AURAIYA,UTTAR PRADESH,D682,AURAIYA,22.74
28-01-2025,26.5,79.5,AURAIYA,UTTAR PRADESH,D682,AURAIYA,22.55
29-01-2025,26.5,79.5,AURAIYA,UTTAR PRADESH,D682,AURAIYA,22.66
30-01-2025,26.5,79.5,AURAIYA,UTTAR PRADESH,D682,AURAIYA,23.53
31-01-2025,26.5,79.5,AURAIYA,UTTAR PRADESH,D682,AURAIYA,23.55
01-02-2025,26.5,79.5,AURAIYA,UTTAR PRADESH,D682,AURAIYA,23.54
02-02-2025,26.5,79.5,AURAIYA,UTTAR PRADESH,D682,AURAIYA,23.78
03-02-2025,26.5,79.5,AURAIYA,UTTAR PRADESH,D682,AURAIYA,24.33
04-02-2025,26.5,79.5,AURAIYA,UTTAR PRADESH,D682,AURAIYA,24.22
05-02-2025,26.5,79.5,AURAIYA,UTTAR PRADESH,D682,AURAIYA,24.32
06-02-2025,26.5,79.5,AURAIYA,UTTAR PRADESH,D682,AURAIYA,24.57
07-02-2025,26.5,79.5,AURAIYA,UTTAR PRADESH,D682,AURAIYA,24.63
08-02-2025,26.5,79.5,AURAIYA,UTTAR PRADESH,D682,AURAIYA,24.44
09-02-2025,26.5,79.5,AURAIYA,UTTAR PRADESH,D682,AURAIYA,24.76
10-02-2025,26.5,79.5,AURAIYA,UTTAR PRADESH,D682,AURAIYA,24.89
11-02-2025,26.5,79.5,AURAIYA,UTTAR PRADESH,D682,AURAIYA,25.17
12-02-2025,26.5,79.5,AURAIYA,UTTAR PRADESH,D682,AURAIYA,25.21
13-02-2025,26.5,79.5,AURAIYA,UTTAR PRADESH,D682,AURAIYA,25.5
14-02-2025,26.5,79.5,AURAIYA,UTTAR PRADESH,D682,AURAIYA,26.19
15-02-2025,26.5,79.5,AURAIYA,UTTAR PRADESH,D682,AURAIYA,26.09
16-02-2025,26.5,79.5,AURAIYA,UTTAR PRADESH,D682,AURAIYA,26.19
17-02-2025,26.5,79.5,AURAIYA,UTTAR PRADESH,D682,AURAIYA,26.58
18-02-2025,26.5,79.5,AURAIYA,UTTAR PRADESH,D682,AURAIYA,27.43
19-02-2025,26.5,79.5,AURAIYA,UTTAR PRADESH,D682,AURAIYA,28.03
20-02-2025,26.5,79.5,AURAIYA,UTTAR PRADESH,D682,AURAIYA,28.04
21-02-2025,26.5,79.5,AURAIYA,UTTAR PRADESH,D682,AURAIYA,28.22
22-02-2025,26.5,79.5,AURAIYA,UTTAR PRADESH,D682,AURAIYA,28.13
23-02-2025,26.5,79.5,AURAIYA,UTTAR PRADESH,D682,AURAIYA,28.28
24-02-2025,26.5,79.5,AURAIYA,UTTAR PRADESH,D682,AURAIYA,28.53
25-02-2025,26.5,79.5,AURAIYA,UTTAR PRADESH,D682,AURAIYA,28.29
26-02-2025,26.5,79.5,AURAIYA,UTTAR PRADESH,D682,AURAIYA,28.19
27-02-2025,26.5,79.5,AURAIYA,UTTAR PRADESH,D682,AURAIYA,28.71
28-02-2025,26.5,79.5,AURAIYA,UTTAR PRADESH,D682,AURAIYA,29.24
29-02-2025,26.5,79.5,AURAIYA,UTTAR PRADESH,D682,AURAIYA,29.43
01-03-2025,26.5,79.5,AURAIYA,UTTAR PRADESH,D682,AURAIYA,29.07
02-03-2025,26.5,79.5,AURAIYA,UTTAR PRADESH,D682,AURAIYA,29.28
03-03-2025,26.5,79.5,AURAIYA,UTTAR PRADESH,D682,AURAIYA,29.64
04-03-2025,26.5,79.5,AURAIYA,UTTAR PRADESH,D682,AURAIYA,29.95
05-03-2025,26.5,79.5,AURAIYA,UTTAR PRADESH,D682,AURAIYA,29.71
06-03-2025,26.5,79.5,AURAIYA,UTTAR PRADESH,D682,AURAIYA,29.97
07-03-2025,26.5,79.5,AURAIYA,UTTAR PRADESH,D682,AURAIYA,30.46
08-03-2025,26.5,79.5,AURAIYA,UTTAR PRADESH,D682,AURAIYA,30.65
09-03-2025,26.5,79.5,AURAIYA,UTTAR PRADESH,D682,AURAIYA,31.02
10-03-2025,26.5,79.5,AURAIYA,UTTAR PRADESH,D682,AURAIYA,30.31
11-03-2025,26.5,79.5,AURAIYA,UTTAR PRADESH,D682,AURAIYA,31.21
12-03-2025,26.5,79.5,AURAIYA,UTTAR PRADESH,D682,AURAIYA,31.28
13-03-2025,26.5,79.5,AURAIYA,UTTAR PRADESH,D682,AURAIYA,31.19
14-03-2025,26.5,79.5,AURAIYA,UTTAR PRADESH,D682,AURAIYA,31.34
15-03-2025,26.5,79.5,AURAIYA,UTTAR PRADESH,D682,AURAIYA,31.43
16-03-2025,26.5,79.5,AURAIYA,UTTAR PRADESH,D682,AURAIYA,32.38
17-03-2025,26.5,79.5,AURAIYA,UTTAR PRADESH,D682,AURAIYA,32.79
18-03-2025,26.5,79.5,AURAIYA,UTTAR PRADESH,D682,AURAIYA,33.3
19-03-2025,26.5,79.5,AURAIYA,UTTAR PRADESH,D682,AURAIYA,33.46
20-03-2025,26.5,79.5,AURAIYA,UTTAR PRADESH,D682,AURAIYA,33.97
21-03-2025,26.5,79.5,AURAIYA,UTTAR PRADESH,D682,AURAIYA,33.77
22-03-2025,26.5,79.5,AURAIYA,UTTAR PRADESH,D682,AURAIYA,34.04
23-03-2025,26.5,79.5,AURAIYA,UTTAR PRADESH,D682,AURAIYA,34.64
24-03-2025,26.5,79.5,AURAIYA,UTTAR PRADESH,D682,AURAIYA,35.01
25-03-2025,26.5,79.5,AURAIYA,UTTAR PRADESH,D682,AURAIYA,35.44
26-03-2025,26.5,79.5,AURAIYA,UTTAR PRADESH,D682,AURAIYA,35.64
27-03-2025,26.5,79.5,AURAIYA,UTTAR PRADESH,D682,AURAIYA,35.54
28-03-2025,26.5,79.5,AURAIYA,UTTAR PRADESH,D682,AURAIYA,36.25
29-03-2025,26.5,79.5,AURAIYA,UTTAR PRADESH,D682,AURAIYA,36.32
30-03-2025,26.5,79.5,AURAIYA,UTTAR PRADESH,D682,AURAIYA,36.2
31-03-2025,26.5,79.5,AURAIYA,UTTAR PRADESH,D682,AURAIYA,36.35
01-04-2025,26.5,79.5,AURAIYA,UTTAR PRADESH,D682,AURAIYA,36.69
02-04-2025,26.5,79.5,AURAIYA,UTTAR PRADESH,D682,AURAIYA,36.89
03-04-2025,26.5,79.5,AURAIYA,UTTAR PRADESH,D682,AURAIYA,37.1
04-04-2025,26.5,79.5,AURAIYA,UTTAR PRADESH,D682,AURAIYA,37.29
05-04-2025,26.5,79.5,AURAIYA,UTTAR PRADESH,D682,AURAIYA,37.59
06-04-2025,26.5,79.5,AURAIYA,UTTAR PRADESH,D682,AURAIYA,38.18
07-04-2025,26.5,79.5,AURAIYA,UTTAR PRADESH,D682,AURAIYA,38.29
08-04-2025,26.5,79.5,AURAIYA,UTTAR PRADESH,D682,AURAIYA,38.02
09-04-2025,26.5,79.5,AURAIYA,UTTAR PRADESH,D682,AURAIYA,38.21
10-04-2025,26.5,79.5,AURAIYA,UTTAR PRADESH,D682,AURAIYA,38.13
11-04-2025,26.5,79.5,AURAIYA,UTTAR PRADESH,D682,AURAIYA,38.36
12-04-2025,26.5,79.5,AURAIYA,UTTAR PRADESH,D682,AURAIYA,38.5
13-04-2025,26.5,79.5,AURAIYA,UTTAR PRADESH,D682,AURAIYA,38.48
14-04-2025,26.5,79.5,AURAIYA,UTTAR PRADESH,D682,AURAIYA,38.76
15-04-2025,26.5,79.5,AURAIYA,UTTAR PRADESH,D682,AURAIYA,39.51
16-04-2025,26.5,79.5,AURAIYA,UTTAR PRADESH,D682,AURAIYA,39.23
17-04-2025,26.5,79.5,AURAIYA,UTTAR PRADESH,D682,AURAIYA,39.02
18-04-2025,26.5,79.5,AURAIYA,UTTAR PRADESH,D682,AURAIYA,38.48
19-04-2025,26.5,79.5,AURAIYA,UTTAR PRADESH,D682,AURAIYA,39.22
20-04-2025,26.5,79.5,AURAIYA,UTTAR PRADESH,D682,AURAIYA,39.17
21-04-2025,26.5,79.5,AURAIYA,UTTAR PRADESH,D682,AURAIYA,38.97
22-04-2025,26.5,79.5,AURAIYA,UTTAR PRADESH,D682,AURAIYA,39.32
23-04-2025,26.5,79.5,AURAIYA,UTTAR PRADESH,D682,AURAIYA,39.29
24-04-2025,26.5,79.5,AURAIYA,UTTAR PRADESH,D682,AURAIYA,39.76
25-04-2025,26.5,79.5,AURAIYA,UTTAR PRADESH,D682,AURAIYA,40.13
26-04-2025,26.5,79.5,AURAIYA,UTTAR PRADESH,D682,AURAIYA,40.17
27-04-2025,26.5,79.5,AURAIYA,UTTAR PRADESH,D682,AURAIYA,40.23
28-04-2025,26.5,79.5,AURAIYA,UTTAR PRADESH,D682,AURAIYA,40.34
29-04-2025,26.5,79.5,AURAIYA,UTTAR PRADESH,D682,AURAIYA,40.9
30-04-2025,26.5,79.5,AURAIYA,UTTAR PRADESH,D682,AURAIYA,40.78
01-05-2025,26.5,79.5,AURAIYA,UTTAR PRADESH,D682,AURAIYA,40.31
02-05-2025,26.5,79.5,AURAIYA,UTTAR PRADESH,D682,AURAIYA,40.15
03-05-2025,26.5,79.5,AURAIYA,UTTAR PRADESH,D682,AURAIYA,39.6
04-05-2025,26.5,79.5,AURAIYA,UTTAR PRADESH,D682,AURAIYA,39.67
05-05-2025,26.5,79.5,AURAIYA,UTTAR PRADESH,D682,AURAIYA,39.64
06-05-2025,26.5,79.5,AURAIYA,UTTAR PRADESH,D682,AURAIYA,40.4
07-05-2025,26.5,79.5,AURAIYA,UTTAR PRADESH,D682,AURAIYA,40.6
08-05-2025,26.5,79.5,AURAIYA,UTTAR PRADESH,D682,AURAIYA,40.78
09-05-2025,26.5,79.5,AURAIYA,UTTAR PRADESH,D682,AURAIYA,40.73
10-05-2025,26.5,79.5,AURAIYA,UTTAR PRADESH,D682,AURAIYA,41.16
11-05-2025,26.5,79.5,AURAIYA,UTTAR PRADESH,D682,AURAIYA,40.74
12-05-2025,26.5,79.5,AURAIYA,UTTAR PRADESH,D682,AURAIYA,40.76
13-05-2025,26.5,79.5,AURAIYA,UTTAR PRADESH,D682,AURAIYA,40.65
14-05-2025,26.5,79.5,AURAIYA,UTTAR PRADESH,D682,AURAIYA,41.01
15-05-2025,26.5,79.5,AURAIYA,UTTAR PRADESH,D682,AURAIYA,41.2
16-05-2025,26.5,79.5,AURAIYA,UTTAR PRADESH,D682,AURAIYA,41.84
17-05-2025,26.5,79.5,AURAIYA,UTTAR PRADESH,D682,AURAIYA,41.56
18-05-2025,26.5,79.5,AURAIYA,UTTAR PRADESH,D682,AURAIYA,41.5
19-05-2025,26.5,79.5,AURAIYA,UTTAR PRADESH,D682,AURAIYA,41.31
20-05-2025,26.5,79.5,AURAIYA,UTTAR PRADESH,D682,AURAIYA,41.16
21-05-2025,26.5,79.5,AURAIYA,UTTAR PRADESH,D682,AURAIYA,41.37
22-05-2025,26.5,79.5,AURAIYA,UTTAR PRADESH,D682,AURAIYA,41.22
23-05-2025,26.5,79.5,AURAIYA,UTTAR PRADESH,D682,AURAIYA,41.22
24-05-2025,26.5,79.5,AURAIYA,UTTAR PRADESH,D682,AURAIYA,41.25
25-05-2025,26.5,79.5,AURAIYA,UTTAR PRADESH,D682,AURAIYA,41.32
26-05-2025,26.5,79.5,AURAIYA,UTTAR PRADESH,D682,AURAIYA,41.62
27-05-2025,26.5,79.5,AURAIYA,UTTAR PRADESH,D682,AURAIYA,41.61
28-05-2025,26.5,79.5,AURAIYA,UTTAR PRADESH,D682,AURAIYA,41.4
29-05-2025,26.5,79.5,AURAIYA,UTTAR PRADESH,D682,AURAIYA,41.36
30-05-2025,26.5,79.5,AURAIYA,UTTAR PRADESH,D682,AURAIYA,41.14
31-05-2025,26.5,79.5,AURAIYA,UTTAR PRADESH,D682,AURAIYA,41.38
01-06-2025,26.5,79.5,AURAIYA,UTTAR PRADESH,D682,AURAIYA,41.08
02-06-2025,26.5,79.5,AURAIYA,UTTAR PRADESH,D682,AURAIYA,41.1
03-06-2025,26.5,79.5,AURAIYA,UTTAR PRADESH,D682,AURAIYA,41.51
04-06-2025,26.5,79.5,AURAIYA,UTTAR PRADESH,D682,AURAIYA,41.37
05-06-2025,26.5,79.5,AURAIYA,UTTAR PRADESH,D682,AURAIYA,41.21
06-06-2025,26.5,79.5,AURAIYA,UTTAR PRADESH,D682,AURAIYA,41.03
07-06-2025,26.5,79.5,AURAIYA,UTTAR PRADESH,D682,AURAIYA,40.57
08-06-2025,26.5,79.5,AURAIYA,UTTAR PRADESH,D682,AURAIYA,41.07
09-06-2025,26.5,79.5,AURAIYA,UTTAR PRADESH,D682,AURAIYA,41.11
10-06-2025,26.5,79.5,AURAIYA,UTTAR PRADESH,D682,AURAIYA,40.88
11-06-2025,26.5,79.5,AURAIYA,UTTAR PRADESH,D682,AURAIYA,40.81
12-06-2025,26.5,79.5,AURAIYA,UTTAR PRADESH,D682,AURAIYA,40.55
13-06-2025,26.5,79.5,AURAIYA,UTTAR PRADESH,D682,AURAIYA,40.86
14-06-2025,26.5,79.5,AURAIYA,UTTAR PRADESH,D682,AURAIYA,40.5
15-06-2025,26.5,79.5,AURAIYA,UTTAR PRADESH,D682,AURAIYA,39.93
16-06-2025,26.5,79.5,AURAIYA,UTTAR PRADESH,D682,AURAIYA,39.09
17-06-2025,26.5,79.5,AURAIYA,UTTAR PRADESH,D682,AURAIYA,38.85
18-06-2025,26.5,79.5,AURAIYA,UTTAR PRADESH,D682,AURAIYA,38.52
19-06-2025,26.5,79.5,AURAIYA,UTTAR PRADESH,D682,AURAIYA,38.48
20-06-2025,26.5,79.5,AURAIYA,UTTAR PRADESH,D682,AURAIYA,38.37
21-06-2025,26.5,79.5,AURAIYA,UTTAR PRADESH,D682,AURAIYA,38.71
22-06-2025,26.5,79.5,AURAIYA,UTTAR PRADESH,D682,AURAIYA,38.29
23-06-2025,26.5,79.5,AURAIYA,UTTAR PRADESH,D682,AURAIYA,38.16
24-06-2025,26.5,79.5,AURAIYA,UTTAR PRADESH,D682,AURAIYA,37.97
25-06-2025,26.5,79.5,AURAIYA,UTTAR PRADESH,D682,AURAIYA,37.59
26-06-2025,26.5,79.5,AURAIYA,UTTAR PRADESH,D682,AURAIYA,37.4
27-06-2025,26.5,79.5,AURAIYA,UTTAR PRADESH,D682,AURAIYA,36.6
28-06-2025,26.5,79.5,AURAIYA,UTTAR PRADESH,D682,AURAIYA,36.29
29-06-2025,26.5,79.5,AURAIYA,UTTAR PRADESH,D682,AURAIYA,36.02
30-06-2025,26.5,79.5,AURAIYA,UTTAR PRADESH,D682,AURAIYA,35.26
01-07-2025,26.5,79.5,AURAIYA,UTTAR PRADESH,D682,AURAIYA,36.1
02-07-2025,26.5,79.5,AURAIYA,UTTAR PRADESH,D682,AURAIYA,36.37
03-07-2025,26.5,79.5,AURAIYA,UTTAR PRADESH,D682,AURAIYA,36.02
04-07-2025,26.5,79.5,AURAIYA,UTTAR PRADESH,D682,AURAIYA,36.33
05-07-2025,26.5,79.5,AURAIYA,UTTAR PRADESH,D682,AURAIYA,35.48
06-07-2025,26.5,79.5,AURAIYA,UTTAR PRADESH,D682,AURAIYA,35.2
07-07-2025,26.5,79.5,AURAIYA,UTTAR PRADESH,D682,AURAIYA,35.35
08-07-2025,26.5,79.5,AURAIYA,UTTAR PRADESH,D682,AURAIYA,35.22
09-07-2025,26.5,79.5,AURAIYA,UTTAR PRADESH,D682,AURAIYA,34.84
10-07-2025,26.5,79.5,AURAIYA,UTTAR PRADESH,D682,AURAIYA,34.86
11-07-2025,26.5,79.5,AURAIYA,UTTAR PRADESH,D682,AURAIYA,34.55
12-07-2025,26.5,79.5,AURAIYA,UTTAR PRADESH,D682,AURAIYA,34.4
13-07-2025,26.5,79.5,AURAIYA,UTTAR PRADESH,D682,AURAIYA,34.53
14-07-2025,26.5,79.5,AURAIYA,UTTAR PRADESH,D682,AURAIYA,34.59
15-07-2025,26.5,79.5,AURAIYA,UTTAR PRADESH,D682,AURAIYA,34.47
16-07-2025,26.5,79.5,AURAIYA,UTTAR PRADESH,D682,AURAIYA,34.33
17-07-2025,26.5,79.5,AURAIYA,UTTAR PRADESH,D682,AURAIYA,34.34
18-07-2025,26.5,79.5,AURAIYA,UTTAR PRADESH,D682,AURAIYA,34.45
19-07-2025,26.5,79.5,AURAIYA,UTTAR PRADESH,D682,AURAIYA,34.53
20-07-2025,26.5,79.5,AURAIYA,UTTAR PRADESH,D682,AURAIYA,34.29
21-07-2025,26.5,79.5,AURAIYA,UTTAR PRADESH,D682,AURAIYA,33.81
22-07-2025,26.5,79.5,AURAIYA,UTTAR PRADESH,D682,AURAIYA,33.86
23-07-2025,26.5,79.5,AURAIYA,UTTAR PRADESH,D682,AURAIYA,33.9
24-07-2025,26.5,79.5,AURAIYA,UTTAR PRADESH,D682,AURAIYA,33.7
25-07-2025,26.5,79.5,AURAIYA,UTTAR PRADESH,D682,AURAIYA,33.43
26-07-2025,26.5,79.5,AURAIYA,UTTAR PRADESH,D682,AURAIYA,33.24
27-07-2025,26.5,79.5,AURAIYA,UTTAR PRADESH,D682,AURAIYA,32.8
28-07-2025,26.5,79.5,AURAIYA,UTTAR PRADESH,D682,AURAIYA,32.95
29-07-2025,26.5,79.5,AURAIYA,UTTAR PRADESH,D682,AURAIYA,32.85
30-07-2025,26.5,79.5,AURAIYA,UTTAR PRADESH,D682,AURAIYA,33.22
31-07-2025,26.5,79.5,AURAIYA,UTTAR PRADESH,D682,AURAIYA,33.21
01-08-2025,26.5,79.5,AURAIYA,UTTAR PRADESH,D682,AURAIYA,33.42
02-08-2025,26.5,79.5,AURAIYA,UTTAR PRADESH,D682,AURAIYA,32.95
03-08-2025,26.5,79.5,AURAIYA,UTTAR PRADESH,D682,AURAIYA,32.72
04-08-2025,26.5,79.5,AURAIYA,UTTAR PRADESH,D682,AURAIYA,33.12
05-08-2025,26.5,79.5,AURAIYA,UTTAR PRADESH,D682,AURAIYA,33.42
06-08-2025,26.5,79.5,AURAIYA,UTTAR PRADESH,D682,AURAIYA,33.12
07-08-2025,26.5,79.5,AURAIYA,UTTAR PRADESH,D682,AURAIYA,32.74
08-08-2025,26.5,79.5,AURAIYA,UTTAR PRADESH,D682,AURAIYA,32.92
09-08-2025,26.5,79.5,AURAIYA,UTTAR PRADESH,D682,AURAIYA,33.07
10-08-2025,26.5,79.5,AURAIYA,UTTAR PRADESH,D682,AURAIYA,33.32
11-08-2025,26.5,79.5,AURAIYA,UTTAR PRADESH,D682,AURAIYA,32.77
12-08-2025,26.5,79.5,AURAIYA,UTTAR PRADESH,D682,AURAIYA,32.96
13-08-2025,26.5,79.5,AURAIYA,UTTAR PRADESH,D682,AURAIYA,32.74
14-08-2025,26.5,79.5,AURAIYA,UTTAR PRADESH,D682,AURAIYA,32.57
15-08-2025,26.5,79.5,AURAIYA,UTTAR PRADESH,D682,AURAIYA,32.63
16-08-2025,26.5,79.5,AURAIYA,UTTAR PRADESH,D682,AURAIYA,33.07
17-08-2025,26.5,79.5,AURAIYA,UTTAR PRADESH,D682,AURAIYA,33.17
18-08-2025,26.5,79.5,AURAIYA,UTTAR PRADESH,D682,AURAIYA,33.02
19-08-2025,26.5,79.5,AURAIYA,UTTAR PRADESH,D682,AURAIYA,32.7
20-08-2025,26.5,79.5,AURAIYA,UTTAR PRADESH,D682,AURAIYA,32.61
21-08-2025,26.5,79.5,AURAIYA,UTTAR PRADESH,D682,AURAIYA,32.79
22-08-2025,26.5,79.5,AURAIYA,UTTAR PRADESH,D682,AURAIYA,32.9
23-08-2025,26.5,79.5,AURAIYA,UTTAR PRADESH,D682,AURAIYA,32.92
24-08-2025,26.5,79.5,AURAIYA,UTTAR PRADESH,D682,AURAIYA,32.99
25-08-2025,26.5,79.5,AURAIYA,UTTAR PRADESH,D682,AURAIYA,33.08
26-08-2025,26.5,79.5,AURAIYA,UTTAR PRADESH,D682,AURAIYA,33.38
27-08-2025,26.5,79.5,AURAIYA,UTTAR PRADESH,D682,AURAIYA,33.31
28-08-2025,26.5,79.5,AURAIYA,UTTAR PRADESH,D682,AURAIYA,33.37
29-08-2025,26.5,79.5,AURAIYA,UTTAR PRADESH,D682,AURAIYA,33.43
30-08-2025,26.5,79.5,AURAIYA,UTTAR PRADESH,D682,AURAIYA,33.56
31-08-2025,26.5,79.5,AURAIYA,UTTAR PRADESH,D682,AURAIYA,33.64
01-09-2025,26.5,79.5,AURAIYA,UTTAR PRADESH,D682,AURAIYA,33.32
02-09-2025,26.5,79.5,AURAIYA,UTTAR PRADESH,D682,AURAIYA,32.98
03-09-2025,26.5,79.5,AURAIYA,UTTAR PRADESH,D682,AURAIYA,33.48
04-09-2025,26.5,79.5,AURAIYA,UTTAR PRADESH,D682,AURAIYA,33.52
05-09-2025,26.5,79.5,AURAIYA,UTTAR PRADESH,D682,AURAIYA,33.53
06-09-2025,26.5,79.5,AURAIYA,UTTAR PRADESH,D682,AURAIYA,33.24
07-09-2025,26.5,79.5,AURAIYA,UTTAR PRADESH,D682,AURAIYA,33.33
08-09-2025,26.5,79.5,AURAIYA,UTTAR PRADESH,D682,AURAIYA,33.36
09-09-2025,26.5,79.5,AURAIYA,UTTAR PRADESH,D682,AURAIYA,33.56
10-09-2025,26.5,79.5,AURAIYA,UTTAR PRADESH,D682,AURAIYA,33.64
11-09-2025,26.5,79.5,AURAIYA,UTTAR PRADESH,D682,AURAIYA,33.19
12-09-2025,26.5,79.5,AURAIYA,UTTAR PRADESH,D682,AURAIYA,33.22
13-09-2025,26.5,79.5,AURAIYA,UTTAR PRADESH,D682,AURAIYA,33.23
14-09-2025,26.5,79.5,AURAIYA,UTTAR PRADESH,D682,AURAIYA,33.44
15-09-2025,26.5,79.5,AURAIYA,UTTAR PRADESH,D682,AURAIYA,33.05
16-09-2025,26.5,79.5,AURAIYA,UTTAR PRADESH,D682,AURAIYA,32.77
17-09-2025,26.5,79.5,AURAIYA,UTTAR PRADESH,D682,AURAIYA,32.88
18-09-2025,26.5,79.5,AURAIYA,UTTAR PRADESH,D682,AURAIYA,33.32
19-09-2025,26.5,79.5,AURAIYA,UTTAR PRADESH,D682,AURAIYA,33.45
20-09-2025,26.5,79.5,AURAIYA,UTTAR PRADESH,D682,AURAIYA,33.59
21-09-2025,26.5,79.5,AURAIYA,UTTAR PRADESH,D682,AURAIYA,33.35
22-09-2025,26.5,79.5,AURAIYA,UTTAR PRADESH,D682,AURAIYA,33.23
23-09-2025,26.5,79.5,AURAIYA,UTTAR PRADESH,D682,AURAIYA,33.43
24-09-2025,26.5,79.5,AURAIYA,UTTAR PRADESH,D682,AURAIYA,33.1
25-09-2025,26.5,79.5,AURAIYA,UTTAR PRADESH,D682,AURAIYA,33.13
26-09-2025,26.5,79.5,AURAIYA,UTTAR PRADESH,D682,AURAIYA,33.59
27-09-2025,26.5,79.5,AURAIYA,UTTAR PRADESH,D682,AURAIYA,33.79
28-09-2025,26.5,79.5,AURAIYA,UTTAR PRADESH,D682,AURAIYA,33.94
29-09-2025,26.5,79.5,AURAIYA,UTTAR PRADESH,D682,AURAIYA,34.13
30-09-2025,26.5,79.5,AURAIYA,UTTAR PRADESH,D682,AURAIYA,34.06
01-10-2025,26.5,79.5,AURAIYA,UTTAR PRADESH,D682,AURAIYA,34.13
02-10-2025,26.5,79.5,AURAIYA,UTTAR PRADESH,D682,AURAIYA,34.04
03-10-2025,26.5,79.5,AURAIYA,UTTAR PRADESH,D682,AURAIYA,33.8
04-10-2025,26.5,79.5,AURAIYA,UTTAR PRADESH,D682,AURAIYA,33.6
05-10-2025,26.5,79.5,AURAIYA,UTTAR PRADESH,D682,AURAIYA,33.68
06-10-2025,26.5,79.5,AURAIYA,UTTAR PRADESH,D682,AURAIYA,33.65
07-10-2025,26.5,79.5,AURAIYA,UTTAR PRADESH,D682,AURAIYA,33.52
08-10-2025,26.5,79.5,AURAIYA,UTTAR PRADESH,D682,AURAIYA,33.67
09-10-2025,26.5,79.5,AURAIYA,UTTAR PRADESH,D682,AURAIYA,34.06
10-10-2025,26.5,79.5,AURAIYA,UTTAR PRADESH,D682,AURAIYA,34.09
11-10-2025,26.5,79.5,AURAIYA,UTTAR PRADESH,D682,AURAIYA,33.85
12-10-2025,26.5,79.5,AURAIYA,UTTAR PRADESH,D682,AURAIYA,33.8
13-10-2025,26.5,79.5,AURAIYA,UTTAR PRADESH,D682,AURAIYA,33.8
14-10-2025,26.5,79.5,AURAIYA,UTTAR PRADESH,D682,AURAIYA,33.65
15-10-2025,26.5,79.5,AURAIYA,UTTAR PRADESH,D682,AURAIYA,33.69
16-10-2025,26.5,79.5,AURAIYA,UTTAR PRADESH,D682,AURAIYA,33.51
17-10-2025,26.5,79.5,AURAIYA,UTTAR PRADESH,D682,AURAIYA,33.13
18-10-2025,26.5,79.5,AURAIYA,UTTAR PRADESH,D682,AURAIYA,32.95
19-10-2025,26.5,79.5,AURAIYA,UTTAR PRADESH,D682,AURAIYA,32.83
20-10-2025,26.5,79.5,AURAIYA,UTTAR PRADESH,D682,AURAIYA,32.96
21-10-2025,26.5,79.5,AURAIYA,UTTAR PRADESH,D682,AURAIYA,33
22-10-2025,26.5,79.5,AURAIYA,UTTAR PRADESH,D682,AURAIYA,32.92
23-10-2025,26.5,79.5,AURAIYA,UTTAR PRADESH,D682,AURAIYA,32.77
24-10-2025,26.5,79.5,AURAIYA,UTTAR PRADESH,D682,AURAIYA,32.48
25-10-2025,26.5,79.5,AURAIYA,UTTAR PRADESH,D682,AURAIYA,32.36
26-10-2025,26.5,79.5,AURAIYA,UTTAR PRADESH,D682,AURAIYA,31.98
27-10-2025,26.5,79.5,AURAIYA,UTTAR PRADESH,D682,AURAIYA,31.82
28-10-2025,26.5,79.5,AURAIYA,UTTAR PRADESH,D682,AURAIYA,31.57
29-10-2025,26.5,79.5,AURAIYA,UTTAR PRADESH,D682,AURAIYA,31.46
30-10-2025,26.5,79.5,AURAIYA,UTTAR PRADESH,D682,AURAIYA,31.41
31-10-2025,26.5,79.5,AURAIYA,UTTAR PRADESH,D682,AURAIYA,31.76
01-11-2025,26.5,79.5,AURAIYA,UTTAR PRADESH,D682,AURAIYA,31.84
02-11-2025,26.5,79.5,AURAIYA,UTTAR PRADESH,D682,AURAIYA,31.69
03-11-2025,26.5,79.5,AURAIYA,UTTAR PRADESH,D682,AURAIYA,31.41
04-11-2025,26.5,79.5,AURAIYA,UTTAR PRADESH,D682,AURAIYA,31.51
05-11-2025,26.5,79.5,AURAIYA,UTTAR PRADESH,D682,AURAIYA,31.33
06-11-2025,26.5,79.5,AURAIYA,UTTAR PRADESH,D682,AURAIYA,30.93
07-11-2025,26.5,79.5,AURAIYA,UTTAR PRADESH,D682,AURAIYA,30.75
08-11-2025,26.5,79.5,AURAIYA,UTTAR PRADESH,D682,AURAIYA,30.56
09-11-2025,26.5,79.5,AURAIYA,UTTAR PRADESH,D682,AURAIYA,30.31
10-11-2025,26.5,79.5,AURAIYA,UTTAR PRADESH,D682,AURAIYA,30.3
11-11-2025,26.5,79.5,AURAIYA,UTTAR PRADESH,D682,AURAIYA,29.89
12-11-2025,26.5,79.5,AURAIYA,UTTAR PRADESH,D682,AURAIYA,29.9
13-11-2025,26.5,79.5,AURAIYA,UTTAR PRADESH,D682,AURAIYA,29.9
14-11-2025,26.5,79.5,AURAIYA,UTTAR PRADESH,D682,AURAIYA,29.67
15-11-2025,26.5,79.5,AURAIYA,UTTAR PRADESH,D682,AURAIYA,29.79
16-11-2025,26.5,79.5,AURAIYA,UTTAR PRADESH,D682,AURAIYA,29.35
17-11-2025,26.5,79.5,AURAIYA,UTTAR PRADESH,D682,AURAIYA,29.1
18-11-2025,26.5,79.5,AURAIYA,UTTAR PRADESH,D682,AURAIYA,28.75
19-11-2025,26.5,79.5,AURAIYA,UTTAR PRADESH,D682,AURAIYA,28.57
20-11-2025,26.5,79.5,AURAIYA,UTTAR PRADESH,D682,AURAIYA,28.48
21-11-2025,26.5,79.5,AURAIYA,UTTAR PRADESH,D682,AURAIYA,28.33
22-11-2025,26.5,79.5,AURAIYA,UTTAR PRADESH,D682,AURAIYA,28.14
23-11-2025,26.5,79.5,AURAIYA,UTTAR PRADESH,D682,AURAIYA,28.23
24-11-2025,26.5,79.5,AURAIYA,UTTAR PRADESH,D682,AURAIYA,28.17
25-11-2025,26.5,79.5,AURAIYA,UTTAR PRADESH,D682,AURAIYA,27.9
26-11-2025,26.5,79.5,AURAIYA,UTTAR PRADESH,D682,AURAIYA,27.69
27-11-2025,26.5,79.5,AURAIYA,UTTAR PRADESH,D682,AURAIYA,27.49
28-11-2025,26.5,79.5,AURAIYA,UTTAR PRADESH,D682,AURAIYA,27.24
29-11-2025,26.5,79.5,AURAIYA,UTTAR PRADESH,D682,AURAIYA,27.21
30-11-2025,26.5,79.5,AURAIYA,UTTAR PRADESH,D682,AURAIYA,26.88
01-12-2025,26.5,79.5,AURAIYA,UTTAR PRADESH,D682,AURAIYA,26.67
02-12-2025,26.5,79.5,AURAIYA,UTTAR PRADESH,D682,AURAIYA,26.26
03-12-2025,26.5,79.5,AURAIYA,UTTAR PRADESH,D682,AURAIYA,26.31
04-12-2025,26.5,79.5,AURAIYA,UTTAR PRADESH,D682,AURAIYA,26.17
05-12-2025,26.5,79.5,AURAIYA,UTTAR PRADESH,D682,AURAIYA,26.12
06-12-2025,26.5,79.5,AURAIYA,UTTAR PRADESH,D682,AURAIYA,26.1
07-12-2025,26.5,79.5,AURAIYA,UTTAR PRADESH,D682,AURAIYA,25.85
08-12-2025,26.5,79.5,AURAIYA,UTTAR PRADESH,D682,AURAIYA,25.64
09-12-2025,26.5,79.5,AURAIYA,UTTAR PRADESH,D682,AURAIYA,25.6
10-12-2025,26.5,79.5,AURAIYA,UTTAR PRADESH,D682,AURAIYA,25.43
11-12-2025,26.5,79.5,AURAIYA,UTTAR PRADESH,D682,AURAIYA,25.12
12-12-2025,26.5,79.5,AURAIYA,UTTAR PRADESH,D682,AURAIYA,24.87
13-12-2025,26.5,79.5,AURAIYA,UTTAR PRADESH,D682,AURAIYA,24.25
14-12-2025,26.5,79.5,AURAIYA,UTTAR PRADESH,D682,AURAIYA,23.95
15-12-2025,26.5,79.5,AURAIYA,UTTAR PRADESH,D682,AURAIYA,23.83
16-12-2025,26.5,79.5,AURAIYA,UTTAR PRADESH,D682,AURAIYA,23.89
17-12-2025,26.5,79.5,AURAIYA,UTTAR PRADESH,D682,AURAIYA,23.83
18-12-2025,26.5,79.5,AURAIYA,UTTAR PRADESH,D682,AURAIYA,23.34
19-12-2025,26.5,79.5,AURAIYA,UTTAR PRADESH,D682,AURAIYA,23.12
20-12-2025,26.5,79.5,AURAIYA,UTTAR PRADESH,D682,AURAIYA,22.95
21-12-2025,26.5,79.5,AURAIYA,UTTAR PRADESH,D682,AURAIYA,23.01
22-12-2025,26.5,79.5,AURAIYA,UTTAR PRADESH,D682,AURAIYA,22.95
23-12-2025,26.5,79.5,AURAIYA,UTTAR PRADESH,D682,AURAIYA,22.69
24-12-2025,26.5,79.5,AURAIYA,UTTAR PRADESH,D682,AURAIYA,22.53
25-12-2025,26.5,79.5,AURAIYA,UTTAR PRADESH,D682,AURAIYA,22.57
26-12-2025,26.5,79.5,AURAIYA,UTTAR PRADESH,D682,AURAIYA,22.17
27-12-2025,26.5,79.5,AURAIYA,UTTAR PRADESH,D682,AURAIYA,21.75
28-12-2025,26.5,79.5,AURAIYA,UTTAR PRADESH,D682,AURAIYA,21.31
29-12-2025,26.5,79.5,AURAIYA,UTTAR PRADESH,D682,AURAIYA,21.33
30-12-2025,26.5,79.5,AURAIYA,UTTAR PRADESH,D682,AURAIYA,20.77
31-12-2025,26.5,79.5,AURAIYA,UTTAR PRADESH,D682,AURAIYA,20.3
01-01-2025,27.5,81.5,BAHRAICH,UTTAR PRADESH,D686,BAHRAICH,19.49
02-01-2025,27.5,81.5,BAHRAICH,UTTAR PRADESH,D686,BAHRAICH,19.57
03-01-2025,27.5,81.5,BAHRAICH,UTTAR PRADESH,D686,BAHRAICH,19.41
04-01-2025,27.5,81.5,BAHRAICH,UTTAR PRADESH,D686,BAHRAICH,19.59
05-01-2025,27.5,81.5,BAHRAICH,UTTAR PRADESH,D686,BAHRAICH,19.31
06-01-2025,27.5,81.5,BAHRAICH,UTTAR PRADESH,D686,BAHRAICH,19.68
07-01-2025,27.5,81.5,BAHRAICH,UTTAR PRADESH,D686,BAHRAICH,19.56
08-01-2025,27.5,81.5,BAHRAICH,UTTAR PRADESH,D686,BAHRAICH,19.48
09-01-2025,27.5,81.5,BAHRAICH,UTTAR PRADESH,D686,BAHRAICH,19.41
10-01-2025,27.5,81.5,BAHRAICH,UTTAR PRADESH,D686,BAHRAICH,19.99
11-01-2025,27.5,81.5,BAHRAICH,UTTAR PRADESH,D686,BAHRAICH,20
12-01-2025,27.5,81.5,BAHRAICH,UTTAR PRADESH,D686,BAHRAICH,20.17
13-01-2025,27.5,81.5,BAHRAICH,UTTAR PRADESH,D686,BAHRAICH,20.24
14-01-2025,27.5,81.5,BAHRAICH,UTTAR PRADESH,D686,BAHRAICH,20.85
15-01-2025,27.5,81.5,BAHRAICH,UTTAR PRADESH,D686,BAHRAICH,20.6
16-01-2025,27.5,81.5,BAHRAICH,UTTAR PRADESH,D686,BAHRAICH,19.97
17-01-2025,27.5,81.5,BAHRAICH,UTTAR PRADESH,D686,BAHRAICH,20.23
18-01-2025,27.5,81.5,BAHRAICH,UTTAR PRADESH,D686,BAHRAICH,20.04
19-01-2025,27.5,81.5,BAHRAICH,UTTAR PRADESH,D686,BAHRAICH,20.34
20-01-2025,27.5,81.5,BAHRAICH,UTTAR PRADESH,D686,BAHRAICH,20.56
21-01-2025,27.5,81.5,BAHRAICH,UTTAR PRADESH,D686,BAHRAICH,20.72
22-01-2025,27.5,81.5,BAHRAICH,UTTAR PRADESH,D686,BAHRAICH,20.93
23-01-2025,27.5,81.5,BAHRAICH,UTTAR PRADESH,D686,BAHRAICH,21.24
24-01-2025,27.5,81.5,BAHRAICH,UTTAR PRADESH,D686,BAHRAICH,21.86
25-01-2025,27.5,81.5,BAHRAICH,UTTAR PRADESH,D686,BAHRAICH,21.7
26-01-2025,27.5,81.5,BAHRAICH,UTTAR PRADESH,D686,BAHRAICH,21.82
27-01-2025,27.5,81.5,BAHRAICH,UTTAR PRADESH,D686,BAHRAICH,22.24
28-01-2025,27.5,81.5,BAHRAICH,UTTAR PRADESH,D686,BAHRAICH,22.02
29-01-2025,27.5,81.5,BAHRAICH,UTTAR PRADESH,D686,BAHRAICH,22.56
30-01-2025,27.5,81.5,BAHRAICH,UTTAR PRADESH,D686,BAHRAICH,23.26
31-01-2025,27.5,81.5,BAHRAICH,UTTAR PRADESH,D686,BAHRAICH,23.09
01-02-2025,27.5,81.5,BAHRAICH,UTTAR PRADESH,D686,BAHRAICH,22.96
02-02-2025,27.5,81.5,BAHRAICH,UTTAR PRADESH,D686,BAHRAICH,23.37
03-02-2025,27.5,81.5,BAHRAICH,UTTAR PRADESH,D686,BAHRAICH,24
04-02-2025,27.5,81.5,BAHRAICH,UTTAR PRADESH,D686,BAHRAICH,23.77
05-02-2025,27.5,81.5,BAHRAICH,UTTAR PRADESH,D686,BAHRAICH,23.83
06-02-2025,27.5,81.5,BAHRAICH,UTTAR PRADESH,D686,BAHRAICH,24.02
07-02-2025,27.5,81.5,BAHRAICH,UTTAR PRADESH,D686,BAHRAICH,24.38
08-02-2025,27.5,81.5,BAHRAICH,UTTAR PRADESH,D686,BAHRAICH,23.82
09-02-2025,27.5,81.5,BAHRAICH,UTTAR PRADESH,D686,BAHRAICH,24.45
10-02-2025,27.5,81.5,BAHRAICH,UTTAR PRADESH,D686,BAHRAICH,24.81
11-02-2025,27.5,81.5,BAHRAICH,UTTAR PRADESH,D686,BAHRAICH,24.64
12-02-2025,27.5,81.5,BAHRAICH,UTTAR PRADESH,D686,BAHRAICH,25.13
13-02-2025,27.5,81.5,BAHRAICH,UTTAR PRADESH,D686,BAHRAICH,25.4
14-02-2025,27.5,81.5,BAHRAICH,UTTAR PRADESH,D686,BAHRAICH,25.73
15-02-2025,27.5,81.5,BAHRAICH,UTTAR PRADESH,D686,BAHRAICH,25.63
16-02-2025,27.5,81.5,BAHRAICH,UTTAR PRADESH,D686,BAHRAICH,25.82
17-02-2025,27.5,81.5,BAHRAICH,UTTAR PRADESH,D686,BAHRAICH,26.52
18-02-2025,27.5,81.5,BAHRAICH,UTTAR PRADESH,D686,BAHRAICH,26.99
19-02-2025,27.5,81.5,BAHRAICH,UTTAR PRADESH,D686,BAHRAICH,27.68
20-02-2025,27.5,81.5,BAHRAICH,UTTAR PRADESH,D686,BAHRAICH,27.51
21-02-2025,27.5,81.5,BAHRAICH,UTTAR PRADESH,D686,BAHRAICH,27.68
22-02-2025,27.5,81.5,BAHRAICH,UTTAR PRADESH,D686,BAHRAICH,27.74
23-02-2025,27.5,81.5,BAHRAICH,UTTAR PRADESH,D686,BAHRAICH,27.77
24-02-2025,27.5,81.5,BAHRAICH,UTTAR PRADESH,D686,BAHRAICH,28.13
25-02-2025,27.5,81.5,BAHRAICH,UTTAR PRADESH,D686,BAHRAICH,27.71
26-02-2025,27.5,81.5,BAHRAICH,UTTAR PRADESH,D686,BAHRAICH,27.64
27-02-2025,27.5,81.5,BAHRAICH,UTTAR PRADESH,D686,BAHRAICH,28.1
28-02-2025,27.5,81.5,BAHRAICH,UTTAR PRADESH,D686,BAHRAICH,28.43
29-02-2025,27.5,81.5,BAHRAICH,UTTAR PRADESH,D686,BAHRAICH,28.49
01-03-2025,27.5,81.5,BAHRAICH,UTTAR PRADESH,D686,BAHRAICH,28.3
02-03-2025,27.5,81.5,BAHRAICH,UTTAR PRADESH,D686,BAHRAICH,28.68
03-03-2025,27.5,81.5,BAHRAICH,UTTAR PRADESH,D686,BAHRAICH,29.01
04-03-2025,27.5,81.5,BAHRAICH,UTTAR PRADESH,D686,BAHRAICH,29.17
05-03-2025,27.5,81.5,BAHRAICH,UTTAR PRADESH,D686,BAHRAICH,29.01
06-03-2025,27.5,81.5,BAHRAICH,UTTAR PRADESH,D686,BAHRAICH,29.23
07-03-2025,27.5,81.5,BAHRAICH,UTTAR PRADESH,D686,BAHRAICH,29.86
08-03-2025,27.5,81.5,BAHRAICH,UTTAR PRADESH,D686,BAHRAICH,30
09-03-2025,27.5,81.5,BAHRAICH,UTTAR PRADESH,D686,BAHRAICH,30.33
10-03-2025,27.5,81.5,BAHRAICH,UTTAR PRADESH,D686,BAHRAICH,29.93
11-03-2025,27.5,81.5,BAHRAICH,UTTAR PRADESH,D686,BAHRAICH,30.36
12-03-2025,27.5,81.5,BAHRAICH,UTTAR PRADESH,D686,BAHRAICH,30.17
13-03-2025,27.5,81.5,BAHRAICH,UTTAR PRADESH,D686,BAHRAICH,30.03
14-03-2025,27.5,81.5,BAHRAICH,UTTAR PRADESH,D686,BAHRAICH,30.47
15-03-2025,27.5,81.5,BAHRAICH,UTTAR PRADESH,D686,BAHRAICH,30.82
16-03-2025,27.5,81.5,BAHRAICH,UTTAR PRADESH,D686,BAHRAICH,31.46
17-03-2025,27.5,81.5,BAHRAICH,UTTAR PRADESH,D686,BAHRAICH,32.12
18-03-2025,27.5,81.5,BAHRAICH,UTTAR PRADESH,D686,BAHRAICH,32.53
19-03-2025,27.5,81.5,BAHRAICH,UTTAR PRADESH,D686,BAHRAICH,32.61
20-03-2025,27.5,81.5,BAHRAICH,UTTAR PRADESH,D686,BAHRAICH,32.89
21-03-2025,27.5,81.5,BAHRAICH,UTTAR PRADESH,D686,BAHRAICH,33.04
22-03-2025,27.5,81.5,BAHRAICH,UTTAR PRADESH,D686,BAHRAICH,33.26
23-03-2025,27.5,81.5,BAHRAICH,UTTAR PRADESH,D686,BAHRAICH,33.79
24-03-2025,27.5,81.5,BAHRAICH,UTTAR PRADESH,D686,BAHRAICH,34.22
25-03-2025,27.5,81.5,BAHRAICH,UTTAR PRADESH,D686,BAHRAICH,34.75
26-03-2025,27.5,81.5,BAHRAICH,UTTAR PRADESH,D686,BAHRAICH,34.91
27-03-2025,27.5,81.5,BAHRAICH,UTTAR PRADESH,D686,BAHRAICH,34.7
28-03-2025,27.5,81.5,BAHRAICH,UTTAR PRADESH,D686,BAHRAICH,35.24
29-03-2025,27.5,81.5,BAHRAICH,UTTAR PRADESH,D686,BAHRAICH,35.54
30-03-2025,27.5,81.5,BAHRAICH,UTTAR PRADESH,D686,BAHRAICH,35.43
31-03-2025,27.5,81.5,BAHRAICH,UTTAR PRADESH,D686,BAHRAICH,35.79
01-04-2025,27.5,81.5,BAHRAICH,UTTAR PRADESH,D686,BAHRAICH,36.06
02-04-2025,27.5,81.5,BAHRAICH,UTTAR PRADESH,D686,BAHRAICH,36.26
03-04-2025,27.5,81.5,BAHRAICH,UTTAR PRADESH,D686,BAHRAICH,36.6
04-04-2025,27.5,81.5,BAHRAICH,UTTAR PRADESH,D686,BAHRAICH,36.59
05-04-2025,27.5,81.5,BAHRAICH,UTTAR PRADESH,D686,BAHRAICH,36.68
06-04-2025,27.5,81.5,BAHRAICH,UTTAR PRADESH,D686,BAHRAICH,37.14
07-04-2025,27.5,81.5,BAHRAICH,UTTAR PRADESH,D686,BAHRAICH,37.42
08-04-2025,27.5,81.5,BAHRAICH,UTTAR PRADESH,D686,BAHRAICH,37.17
09-04-2025,27.5,81.5,BAHRAICH,UTTAR PRADESH,D686,BAHRAICH,37.45
10-04-2025,27.5,81.5,BAHRAICH,UTTAR PRADESH,D686,BAHRAICH,37.35
11-04-2025,27.5,81.5,BAHRAICH,UTTAR PRADESH,D686,BAHRAICH,37.79
12-04-2025,27.5,81.5,BAHRAICH,UTTAR PRADESH,D686,BAHRAICH,37.78
13-04-2025,27.5,81.5,BAHRAICH,UTTAR PRADESH,D686,BAHRAICH,37.88
14-04-2025,27.5,81.5,BAHRAICH,UTTAR PRADESH,D686,BAHRAICH,38.07
15-04-2025,27.5,81.5,BAHRAICH,UTTAR PRADESH,D686,BAHRAICH,38.46
16-04-2025,27.5,81.5,BAHRAICH,UTTAR PRADESH,D686,BAHRAICH,38.39
17-04-2025,27.5,81.5,BAHRAICH,UTTAR PRADESH,D686,BAHRAICH,37.92
18-04-2025,27.5,81.5,BAHRAICH,UTTAR PRADESH,D686,BAHRAICH,37.55
19-04-2025,27.5,81.5,BAHRAICH,UTTAR PRADESH,D686,BAHRAICH,38.21
20-04-2025,27.5,81.5,BAHRAICH,UTTAR PRADESH,D686,BAHRAICH,38.26
21-04-2025,27.5,81.5,BAHRAICH,UTTAR PRADESH,D686,BAHRAICH,38.02
22-04-2025,27.5,81.5,BAHRAICH,UTTAR PRADESH,D686,BAHRAICH,38.35
23-04-2025,27.5,81.5,BAHRAICH,UTTAR PRADESH,D686,BAHRAICH,38.22
24-04-2025,27.5,81.5,BAHRAICH,UTTAR PRADESH,D686,BAHRAICH,38.64
25-04-2025,27.5,81.5,BAHRAICH,UTTAR PRADESH,D686,BAHRAICH,38.77
26-04-2025,27.5,81.5,BAHRAICH,UTTAR PRADESH,D686,BAHRAICH,38.59
27-04-2025,27.5,81.5,BAHRAICH,UTTAR PRADESH,D686,BAHRAICH,38.6
28-04-2025,27.5,81.5,BAHRAICH,UTTAR PRADESH,D686,BAHRAICH,38.77
29-04-2025,27.5,81.5,BAHRAICH,UTTAR PRADESH,D686,BAHRAICH,39.14
30-04-2025,27.5,81.5,BAHRAICH,UTTAR PRADESH,D686,BAHRAICH,38.66
01-05-2025,27.5,81.5,BAHRAICH,UTTAR PRADESH,D686,BAHRAICH,38.42
02-05-2025,27.5,81.5,BAHRAICH,UTTAR PRADESH,D686,BAHRAICH,37.92
03-05-2025,27.5,81.5,BAHRAICH,UTTAR PRADESH,D686,BAHRAICH,37.67
04-05-2025,27.5,81.5,BAHRAICH,UTTAR PRADESH,D686,BAHRAICH,37.72
05-05-2025,27.5,81.5,BAHRAICH,UTTAR PRADESH,D686,BAHRAICH,37.72
06-05-2025,27.5,81.5,BAHRAICH,UTTAR PRADESH,D686,BAHRAICH,38.26
07-05-2025,27.5,81.5,BAHRAICH,UTTAR PRADESH,D686,BAHRAICH,38.08
08-05-2025,27.5,81.5,BAHRAICH,UTTAR PRADESH,D686,BAHRAICH,38.49
09-05-2025,27.5,81.5,BAHRAICH,UTTAR PRADESH,D686,BAHRAICH,38.95
10-05-2025,27.5,81.5,BAHRAICH,UTTAR PRADESH,D686,BAHRAICH,38.98
11-05-2025,27.5,81.5,BAHRAICH,UTTAR PRADESH,D686,BAHRAICH,38.61
12-05-2025,27.5,81.5,BAHRAICH,UTTAR PRADESH,D686,BAHRAICH,38.44
13-05-2025,27.5,81.5,BAHRAICH,UTTAR PRADESH,D686,BAHRAICH,38.2
14-05-2025,27.5,81.5,BAHRAICH,UTTAR PRADESH,D686,BAHRAICH,38.69
15-05-2025,27.5,81.5,BAHRAICH,UTTAR PRADESH,D686,BAHRAICH,38.85
16-05-2025,27.5,81.5,BAHRAICH,UTTAR PRADESH,D686,BAHRAICH,39.31
17-05-2025,27.5,81.5,BAHRAICH,UTTAR PRADESH,D686,BAHRAICH,39.11
18-05-2025,27.5,81.5,BAHRAICH,UTTAR PRADESH,D686,BAHRAICH,39.42
19-05-2025,27.5,81.5,BAHRAICH,UTTAR PRADESH,D686,BAHRAICH,38.83
20-05-2025,27.5,81.5,BAHRAICH,UTTAR PRADESH,D686,BAHRAICH,38.99
21-05-2025,27.5,81.5,BAHRAICH,UTTAR PRADESH,D686,BAHRAICH,39.17
22-05-2025,27.5,81.5,BAHRAICH,UTTAR PRADESH,D686,BAHRAICH,39.02
23-05-2025,27.5,81.5,BAHRAICH,UTTAR PRADESH,D686,BAHRAICH,39.09
24-05-2025,27.5,81.5,BAHRAICH,UTTAR PRADESH,D686,BAHRAICH,38.86
25-05-2025,27.5,81.5,BAHRAICH,UTTAR PRADESH,D686,BAHRAICH,39.15
26-05-2025,27.5,81.5,BAHRAICH,UTTAR PRADESH,D686,BAHRAICH,39.39
27-05-2025,27.5,81.5,BAHRAICH,UTTAR PRADESH,D686,BAHRAICH,39.18
28-05-2025,27.5,81.5,BAHRAICH,UTTAR PRADESH,D686,BAHRAICH,38.94
29-05-2025,27.5,81.5,BAHRAICH,UTTAR PRADESH,D686,BAHRAICH,39.23
30-05-2025,27.5,81.5,BAHRAICH,UTTAR PRADESH,D686,BAHRAICH,39.33
31-05-2025,27.5,81.5,BAHRAICH,UTTAR PRADESH,D686,BAHRAICH,39.53
01-06-2025,27.5,81.5,BAHRAICH,UTTAR PRADESH,D686,BAHRAICH,39.4
02-06-2025,27.5,81.5,BAHRAICH,UTTAR PRADESH,D686,BAHRAICH,39.4
03-06-2025,27.5,81.5,BAHRAICH,UTTAR PRADESH,D686,BAHRAICH,39.44
04-06-2025,27.5,81.5,BAHRAICH,UTTAR PRADESH,D686,BAHRAICH,39.22
05-06-2025,27.5,81.5,BAHRAICH,UTTAR PRADESH,D686,BAHRAICH,39.08
06-06-2025,27.5,81.5,BAHRAICH,UTTAR PRADESH,D686,BAHRAICH,38.83
07-06-2025,27.5,81.5,BAHRAICH,UTTAR PRADESH,D686,BAHRAICH,38.44
08-06-2025,27.5,81.5,BAHRAICH,UTTAR PRADESH,D686,BAHRAICH,39.25
09-06-2025,27.5,81.5,BAHRAICH,UTTAR PRADESH,D686,BAHRAICH,38.99
10-06-2025,27.5,81.5,BAHRAICH,UTTAR PRADESH,D686,BAHRAICH,39.32
11-06-2025,27.5,81.5,BAHRAICH,UTTAR PRADESH,D686,BAHRAICH,39.13
12-06-2025,27.5,81.5,BAHRAICH,UTTAR PRADESH,D686,BAHRAICH,38.6
13-06-2025,27.5,81.5,BAHRAICH,UTTAR PRADESH,D686,BAHRAICH,38.72
14-06-2025,27.5,81.5,BAHRAICH,UTTAR PRADESH,D686,BAHRAICH,38.4
15-06-2025,27.5,81.5,BAHRAICH,UTTAR PRADESH,D686,BAHRAICH,37.81
16-06-2025,27.5,81.5,BAHRAICH,UTTAR PRADESH,D686,BAHRAICH,37.09
17-06-2025,27.5,81.5,BAHRAICH,UTTAR PRADESH,D686,BAHRAICH,37.05
18-06-2025,27.5,81.5,BAHRAICH,UTTAR PRADESH,D686,BAHRAICH,36.69
19-06-2025,27.5,81.5,BAHRAICH,UTTAR PRADESH,D686,BAHRAICH,36.76
20-06-2025,27.5,81.5,BAHRAICH,UTTAR PRADESH,D686,BAHRAICH,36.37
21-06-2025,27.5,81.5,BAHRAICH,UTTAR PRADESH,D686,BAHRAICH,36.5
22-06-2025,27.5,81.5,BAHRAICH,UTTAR PRADESH,D686,BAHRAICH,35.91
23-06-2025,27.5,81.5,BAHRAICH,UTTAR PRADESH,D686,BAHRAICH,35.87
24-06-2025,27.5,81.5,BAHRAICH,UTTAR PRADESH,D686,BAHRAICH,35.81
25-06-2025,27.5,81.5,BAHRAICH,UTTAR PRADESH,D686,BAHRAICH,36.07
26-06-2025,27.5,81.5,BAHRAICH,UTTAR PRADESH,D686,BAHRAICH,35.88
27-06-2025,27.5,81.5,BAHRAICH,UTTAR PRADESH,D686,BAHRAICH,35.2
28-06-2025,27.5,81.5,BAHRAICH,UTTAR PRADESH,D686,BAHRAICH,35.14
29-06-2025,27.5,81.5,BAHRAICH,UTTAR PRADESH,D686,BAHRAICH,34.43
30-06-2025,27.5,81.5,BAHRAICH,UTTAR PRADESH,D686,BAHRAICH,34.13
01-07-2025,27.5,81.5,BAHRAICH,UTTAR PRADESH,D686,BAHRAICH,34.61
02-07-2025,27.5,81.5,BAHRAICH,UTTAR PRADESH,D686,BAHRAICH,34.55
03-07-2025,27.5,81.5,BAHRAICH,UTTAR PRADESH,D686,BAHRAICH,34.63
04-07-2025,27.5,81.5,BAHRAICH,UTTAR PRADESH,D686,BAHRAICH,34.71
05-07-2025,27.5,81.5,BAHRAICH,UTTAR PRADESH,D686,BAHRAICH,34.02
06-07-2025,27.5,81.5,BAHRAICH,UTTAR PRADESH,D686,BAHRAICH,33.68
07-07-2025,27.5,81.5,BAHRAICH,UTTAR PRADESH,D686,BAHRAICH,33.96
08-07-2025,27.5,81.5,BAHRAICH,UTTAR PRADESH,D686,BAHRAICH,34.2
09-07-2025,27.5,81.5,BAHRAICH,UTTAR PRADESH,D686,BAHRAICH,33.98
10-07-2025,27.5,81.5,BAHRAICH,UTTAR PRADESH,D686,BAHRAICH,33.61
11-07-2025,27.5,81.5,BAHRAICH,UTTAR PRADESH,D686,BAHRAICH,33.27
12-07-2025,27.5,81.5,BAHRAICH,UTTAR PRADESH,D686,BAHRAICH,33.55
13-07-2025,27.5,81.5,BAHRAICH,UTTAR PRADESH,D686,BAHRAICH,33.64
14-07-2025,27.5,81.5,BAHRAICH,UTTAR PRADESH,D686,BAHRAICH,33.73
15-07-2025,27.5,81.5,BAHRAICH,UTTAR PRADESH,D686,BAHRAICH,33.62
16-07-2025,27.5,81.5,BAHRAICH,UTTAR PRADESH,D686,BAHRAICH,33.66
17-07-2025,27.5,81.5,BAHRAICH,UTTAR PRADESH,D686,BAHRAICH,33.52
18-07-2025,27.5,81.5,BAHRAICH,UTTAR PRADESH,D686,BAHRAICH,33.73
19-07-2025,27.5,81.5,BAHRAICH,UTTAR PRADESH,D686,BAHRAICH,34.12
20-07-2025,27.5,81.5,BAHRAICH,UTTAR PRADESH,D686,BAHRAICH,33.38
21-07-2025,27.5,81.5,BAHRAICH,UTTAR PRADESH,D686,BAHRAICH,33.19
22-07-2025,27.5,81.5,BAHRAICH,UTTAR PRADESH,D686,BAHRAICH,33.37
23-07-2025,27.5,81.5,BAHRAICH,UTTAR PRADESH,D686,BAHRAICH,33.39
24-07-2025,27.5,81.5,BAHRAICH,UTTAR PRADESH,D686,BAHRAICH,33.22
25-07-2025,27.5,81.5,BAHRAICH,UTTAR PRADESH,D686,BAHRAICH,33.03
26-07-2025,27.5,81.5,BAHRAICH,UTTAR PRADESH,D686,BAHRAICH,33.07
27-07-2025,27.5,81.5,BAHRAICH,UTTAR PRADESH,D686,BAHRAICH,32.71
28-07-2025,27.5,81.5,BAHRAICH,UTTAR PRADESH,D686,BAHRAICH,32.8
29-07-2025,27.5,81.5,BAHRAICH,UTTAR PRADESH,D686,BAHRAICH,32.72
30-07-2025,27.5,81.5,BAHRAICH,UTTAR PRADESH,D686,BAHRAICH,33.08
31-07-2025,27.5,81.5,BAHRAICH,UTTAR PRADESH,D686,BAHRAICH,32.82
01-08-2025,27.5,81.5,BAHRAICH,UTTAR PRADESH,D686,BAHRAICH,32.99
02-08-2025,27.5,81.5,BAHRAICH,UTTAR PRADESH,D686,BAHRAICH,32.92
03-08-2025,27.5,81.5,BAHRAICH,UTTAR PRADESH,D686,BAHRAICH,32.67
04-08-2025,27.5,81.5,BAHRAICH,UTTAR PRADESH,D686,BAHRAICH,33.33
05-08-2025,27.5,81.5,BAHRAICH,UTTAR PRADESH,D686,BAHRAICH,33.49
06-08-2025,27.5,81.5,BAHRAICH,UTTAR PRADESH,D686,BAHRAICH,33.33
07-08-2025,27.5,81.5,BAHRAICH,UTTAR PRADESH,D686,BAHRAICH,33.77
08-08-2025,27.5,81.5,BAHRAICH,UTTAR PRADESH,D686,BAHRAICH,33.48
09-08-2025,27.5,81.5,BAHRAICH,UTTAR PRADESH,D686,BAHRAICH,33.44
10-08-2025,27.5,81.5,BAHRAICH,UTTAR PRADESH,D686,BAHRAICH,33.37
11-08-2025,27.5,81.5,BAHRAICH,UTTAR PRADESH,D686,BAHRAICH,32.91
12-08-2025,27.5,81.5,BAHRAICH,UTTAR PRADESH,D686,BAHRAICH,32.54
13-08-2025,27.5,81.5,BAHRAICH,UTTAR PRADESH,D686,BAHRAICH,32.49
14-08-2025,27.5,81.5,BAHRAICH,UTTAR PRADESH,D686,BAHRAICH,32.66
15-08-2025,27.5,81.5,BAHRAICH,UTTAR PRADESH,D686,BAHRAICH,32.76
16-08-2025,27.5,81.5,BAHRAICH,UTTAR PRADESH,D686,BAHRAICH,33.17
17-08-2025,27.5,81.5,BAHRAICH,UTTAR PRADESH,D686,BAHRAICH,33.62
18-08-2025,27.5,81.5,BAHRAICH,UTTAR PRADESH,D686,BAHRAICH,32.92
19-08-2025,27.5,81.5,BAHRAICH,UTTAR PRADESH,D686,BAHRAICH,32.73
20-08-2025,27.5,81.5,BAHRAICH,UTTAR PRADESH,D686,BAHRAICH,32.98
21-08-2025,27.5,81.5,BAHRAICH,UTTAR PRADESH,D686,BAHRAICH,33.05
22-08-2025,27.5,81.5,BAHRAICH,UTTAR PRADESH,D686,BAHRAICH,32.95
23-08-2025,27.5,81.5,BAHRAICH,UTTAR PRADESH,D686,BAHRAICH,33.06
24-08-2025,27.5,81.5,BAHRAICH,UTTAR PRADESH,D686,BAHRAICH,32.96
25-08-2025,27.5,81.5,BAHRAICH,UTTAR PRADESH,D686,BAHRAICH,33.24
26-08-2025,27.5,81.5,BAHRAICH,UTTAR PRADESH,D686,BAHRAICH,33.47
27-08-2025,27.5,81.5,BAHRAICH,UTTAR PRADESH,D686,BAHRAICH,33.38
28-08-2025,27.5,81.5,BAHRAICH,UTTAR PRADESH,D686,BAHRAICH,33.46
29-08-2025,27.5,81.5,BAHRAICH,UTTAR PRADESH,D686,BAHRAICH,33.52
30-08-2025,27.5,81.5,BAHRAICH,UTTAR PRADESH,D686,BAHRAICH,33.66
31-08-2025,27.5,81.5,BAHRAICH,UTTAR PRADESH,D686,BAHRAICH,33.61
01-09-2025,27.5,81.5,BAHRAICH,UTTAR PRADESH,D686,BAHRAICH,33.18
02-09-2025,27.5,81.5,BAHRAICH,UTTAR PRADESH,D686,BAHRAICH,32.81
03-09-2025,27.5,81.5,BAHRAICH,UTTAR PRADESH,D686,BAHRAICH,33.34
04-09-2025,27.5,81.5,BAHRAICH,UTTAR PRADESH,D686,BAHRAICH,33.47
05-09-2025,27.5,81.5,BAHRAICH,UTTAR PRADESH,D686,BAHRAICH,33.51
06-09-2025,27.5,81.5,BAHRAICH,UTTAR PRADESH,D686,BAHRAICH,33.2
07-09-2025,27.5,81.5,BAHRAICH,UTTAR PRADESH,D686,BAHRAICH,33.28
08-09-2025,27.5,81.5,BAHRAICH,UTTAR PRADESH,D686,BAHRAICH,33.25
09-09-2025,27.5,81.5,BAHRAICH,UTTAR PRADESH,D686,BAHRAICH,33.37
10-09-2025,27.5,81.5,BAHRAICH,UTTAR PRADESH,D686,BAHRAICH,33.38
11-09-2025,27.5,81.5,BAHRAICH,UTTAR PRADESH,D686,BAHRAICH,33.07
12-09-2025,27.5,81.5,BAHRAICH,UTTAR PRADESH,D686,BAHRAICH,32.9
13-09-2025,27.5,81.5,BAHRAICH,UTTAR PRADESH,D686,BAHRAICH,33.06
14-09-2025,27.5,81.5,BAHRAICH,UTTAR PRADESH,D686,BAHRAICH,33.16
15-09-2025,27.5,81.5,BAHRAICH,UTTAR PRADESH,D686,BAHRAICH,32.66
16-09-2025,27.5,81.5,BAHRAICH,UTTAR PRADESH,D686,BAHRAICH,32.84
17-09-2025,27.5,81.5,BAHRAICH,UTTAR PRADESH,D686,BAHRAICH,32.83
18-09-2025,27.5,81.5,BAHRAICH,UTTAR PRADESH,D686,BAHRAICH,33.07
19-09-2025,27.5,81.5,BAHRAICH,UTTAR PRADESH,D686,BAHRAICH,33.32
20-09-2025,27.5,81.5,BAHRAICH,UTTAR PRADESH,D686,BAHRAICH,33.38
21-09-2025,27.5,81.5,BAHRAICH,UTTAR PRADESH,D686,BAHRAICH,32.92
22-09-2025,27.5,81.5,BAHRAICH,UTTAR PRADESH,D686,BAHRAICH,32.66
23-09-2025,27.5,81.5,BAHRAICH,UTTAR PRADESH,D686,BAHRAICH,32.9
24-09-2025,27.5,81.5,BAHRAICH,UTTAR PRADESH,D686,BAHRAICH,32.57
25-09-2025,27.5,81.5,BAHRAICH,UTTAR PRADESH,D686,BAHRAICH,32.37
26-09-2025,27.5,81.5,BAHRAICH,UTTAR PRADESH,D686,BAHRAICH,32.92
27-09-2025,27.5,81.5,BAHRAICH,UTTAR PRADESH,D686,BAHRAICH,33.2
28-09-2025,27.5,81.5,BAHRAICH,UTTAR PRADESH,D686,BAHRAICH,33.25
29-09-2025,27.5,81.5,BAHRAICH,UTTAR PRADESH,D686,BAHRAICH,33.38
30-09-2025,27.5,81.5,BAHRAICH,UTTAR PRADESH,D686,BAHRAICH,33.26
01-10-2025,27.5,81.5,BAHRAICH,UTTAR PRADESH,D686,BAHRAICH,33.34
02-10-2025,27.5,81.5,BAHRAICH,UTTAR PRADESH,D686,BAHRAICH,33.15
03-10-2025,27.5,81.5,BAHRAICH,UTTAR PRADESH,D686,BAHRAICH,33.06
04-10-2025,27.5,81.5,BAHRAICH,UTTAR PRADESH,D686,BAHRAICH,32.79
05-10-2025,27.5,81.5,BAHRAICH,UTTAR PRADESH,D686,BAHRAICH,33.15
06-10-2025,27.5,81.5,BAHRAICH,UTTAR PRADESH,D686,BAHRAICH,33.3
07-10-2025,27.5,81.5,BAHRAICH,UTTAR PRADESH,D686,BAHRAICH,33.13
08-10-2025,27.5,81.5,BAHRAICH,UTTAR PRADESH,D686,BAHRAICH,33.26
09-10-2025,27.5,81.5,BAHRAICH,UTTAR PRADESH,D686,BAHRAICH,33.26
10-10-2025,27.5,81.5,BAHRAICH,UTTAR PRADESH,D686,BAHRAICH,33.51
11-10-2025,27.5,81.5,BAHRAICH,UTTAR PRADESH,D686,BAHRAICH,32.84
12-10-2025,27.5,81.5,BAHRAICH,UTTAR PRADESH,D686,BAHRAICH,32.92
13-10-2025,27.5,81.5,BAHRAICH,UTTAR PRADESH,D686,BAHRAICH,33.08
14-10-2025,27.5,81.5,BAHRAICH,UTTAR PRADESH,D686,BAHRAICH,32.87
15-10-2025,27.5,81.5,BAHRAICH,UTTAR PRADESH,D686,BAHRAICH,32.84
16-10-2025,27.5,81.5,BAHRAICH,UTTAR PRADESH,D686,BAHRAICH,32.86
17-10-2025,27.5,81.5,BAHRAICH,UTTAR PRADESH,D686,BAHRAICH,32.53
18-10-2025,27.5,81.5,BAHRAICH,UTTAR PRADESH,D686,BAHRAICH,32.43
19-10-2025,27.5,81.5,BAHRAICH,UTTAR PRADESH,D686,BAHRAICH,32.02
20-10-2025,27.5,81.5,BAHRAICH,UTTAR PRADESH,D686,BAHRAICH,32.29
21-10-2025,27.5,81.5,BAHRAICH,UTTAR PRADESH,D686,BAHRAICH,32.27
22-10-2025,27.5,81.5,BAHRAICH,UTTAR PRADESH,D686,BAHRAICH,32.24
23-10-2025,27.5,81.5,BAHRAICH,UTTAR PRADESH,D686,BAHRAICH,31.97
24-10-2025,27.5,81.5,BAHRAICH,UTTAR PRADESH,D686,BAHRAICH,31.82
25-10-2025,27.5,81.5,BAHRAICH,UTTAR PRADESH,D686,BAHRAICH,31.59
26-10-2025,27.5,81.5,BAHRAICH,UTTAR PRADESH,D686,BAHRAICH,31.45
27-10-2025,27.5,81.5,BAHRAICH,UTTAR PRADESH,D686,BAHRAICH,31.3
28-10-2025,27.5,81.5,BAHRAICH,UTTAR PRADESH,D686,BAHRAICH,30.98
29-10-2025,27.5,81.5,BAHRAICH,UTTAR PRADESH,D686,BAHRAICH,31.05
30-10-2025,27.5,81.5,BAHRAICH,UTTAR PRADESH,D686,BAHRAICH,31.08
31-10-2025,27.5,81.5,BAHRAICH,UTTAR PRADESH,D686,BAHRAICH,31.11
01-11-2025,27.5,81.5,BAHRAICH,UTTAR PRADESH,D686,BAHRAICH,31.07
02-11-2025,27.5,81.5,BAHRAICH,UTTAR PRADESH,D686,BAHRAICH,30.96
03-11-2025,27.5,81.5,BAHRAICH,UTTAR PRADESH,D686,BAHRAICH,30.9
04-11-2025,27.5,81.5,BAHRAICH,UTTAR PRADESH,D686,BAHRAICH,30.93
05-11-2025,27.5,81.5,BAHRAICH,UTTAR PRADESH,D686,BAHRAICH,30.67
06-11-2025,27.5,81.5,BAHRAICH,UTTAR PRADESH,D686,BAHRAICH,30.24
07-11-2025,27.5,81.5,BAHRAICH,UTTAR PRADESH,D686,BAHRAICH,30.29
08-11-2025,27.5,81.5,BAHRAICH,UTTAR PRADESH,D686,BAHRAICH,30.05
09-11-2025,27.5,81.5,BAHRAICH,UTTAR PRADESH,D686,BAHRAICH,29.96
10-11-2025,27.5,81.5,BAHRAICH,UTTAR PRADESH,D686,BAHRAICH,29.68
11-11-2025,27.5,81.5,BAHRAICH,UTTAR PRADESH,D686,BAHRAICH,29.56
12-11-2025,27.5,81.5,BAHRAICH,UTTAR PRADESH,D686,BAHRAICH,29.45
13-11-2025,27.5,81.5,BAHRAICH,UTTAR PRADESH,D686,BAHRAICH,29.34
14-11-2025,27.5,81.5,BAHRAICH,UTTAR PRADESH,D686,BAHRAICH,29.03
15-11-2025,27.5,81.5,BAHRAICH,UTTAR PRADESH,D686,BAHRAICH,29.1
16-11-2025,27.5,81.5,BAHRAICH,UTTAR PRADESH,D686,BAHRAICH,28.7
17-11-2025,27.5,81.5,BAHRAICH,UTTAR PRADESH,D686,BAHRAICH,28.66
18-11-2025,27.5,81.5,BAHRAICH,UTTAR PRADESH,D686,BAHRAICH,28.39
19-11-2025,27.5,81.5,BAHRAICH,UTTAR PRADESH,D686,BAHRAICH,28.14
20-11-2025,27.5,81.5,BAHRAICH,UTTAR PRADESH,D686,BAHRAICH,28.06
21-11-2025,27.5,81.5,BAHRAICH,UTTAR PRADESH,D686,BAHRAICH,27.81
22-11-2025,27.5,81.5,BAHRAICH,UTTAR PRADESH,D686,BAHRAICH,27.6
23-11-2025,27.5,81.5,BAHRAICH,UTTAR PRADESH,D686,BAHRAICH,27.67
24-11-2025,27.5,81.5,BAHRAICH,UTTAR PRADESH,D686,BAHRAICH,27.57
25-11-2025,27.5,81.5,BAHRAICH,UTTAR PRADESH,D686,BAHRAICH,27.33
26-11-2025,27.5,81.5,BAHRAICH,UTTAR PRADESH,D686,BAHRAICH,27.35
27-11-2025,27.5,81.5,BAHRAICH,UTTAR PRADESH,D686,BAHRAICH,27.2
28-11-2025,27.5,81.5,BAHRAICH,UTTAR PRADESH,D686,BAHRAICH,26.99
29-11-2025,27.5,81.5,BAHRAICH,UTTAR PRADESH,D686,BAHRAICH,26.87
30-11-2025,27.5,81.5,BAHRAICH,UTTAR PRADESH,D686,BAHRAICH,26.72
01-12-2025,27.5,81.5,BAHRAICH,UTTAR PRADESH,D686,BAHRAICH,26.46
02-12-2025,27.5,81.5,BAHRAICH,UTTAR PRADESH,D686,BAHRAICH,26.31
03-12-2025,27.5,81.5,BAHRAICH,UTTAR PRADESH,D686,BAHRAICH,26.25
04-12-2025,27.5,81.5,BAHRAICH,UTTAR PRADESH,D686,BAHRAICH,26.15
05-12-2025,27.5,81.5,BAHRAICH,UTTAR PRADESH,D686,BAHRAICH,25.91
06-12-2025,27.5,81.5,BAHRAICH,UTTAR PRADESH,D686,BAHRAICH,25.95
07-12-2025,27.5,81.5,BAHRAICH,UTTAR PRADESH,D686,BAHRAICH,25.5
08-12-2025,27.5,81.5,BAHRAICH,UTTAR PRADESH,D686,BAHRAICH,25.14
09-12-2025,27.5,81.5,BAHRAICH,UTTAR PRADESH,D686,BAHRAICH,25.18
10-12-2025,27.5,81.5,BAHRAICH,UTTAR PRADESH,D686,BAHRAICH,25.02
11-12-2025,27.5,81.5,BAHRAICH,UTTAR PRADESH,D686,BAHRAICH,24.8
12-12-2025,27.5,81.5,BAHRAICH,UTTAR PRADESH,D686,BAHRAICH,24.59
13-12-2025,27.5,81.5,BAHRAICH,UTTAR PRADESH,D686,BAHRAICH,23.91
14-12-2025,27.5,81.5,BAHRAICH,UTTAR PRADESH,D686,BAHRAICH,23.69
15-12-2025,27.5,81.5,BAHRAICH,UTTAR PRADESH,D686,BAHRAICH,23.6
16-12-2025,27.5,81.5,BAHRAICH,UTTAR PRADESH,D686,BAHRAICH,23.34
17-12-2025,27.5,81.5,BAHRAICH,UTTAR PRADESH,D686,BAHRAICH,23.47
18-12-2025,27.5,81.5,BAHRAICH,UTTAR PRADESH,D686,BAHRAICH,23.03
19-12-2025,27.5,81.5,BAHRAICH,UTTAR PRADESH,D686,BAHRAICH,22.8
20-12-2025,27.5,81.5,BAHRAICH,UTTAR PRADESH,D686,BAHRAICH,22.57
21-12-2025,27.5,81.5,BAHRAICH,UTTAR PRADESH,D686,BAHRAICH,22.44
22-12-2025,27.5,81.5,BAHRAICH,UTTAR PRADESH,D686,BAHRAICH,22.54
23-12-2025,27.5,81.5,BAHRAICH,UTTAR PRADESH,D686,BAHRAICH,22.63
24-12-2025,27.5,81.5,BAHRAICH,UTTAR PRADESH,D686,BAHRAICH,22.67
25-12-2025,27.5,81.5,BAHRAICH,UTTAR PRADESH,D686,BAHRAICH,22.45
26-12-2025,27.5,81.5,BAHRAICH,UTTAR PRADESH,D686,BAHRAICH,21.86
27-12-2025,27.5,81.5,BAHRAICH,UTTAR PRADESH,D686,BAHRAICH,21.63
28-12-2025,27.5,81.5,BAHRAICH,UTTAR PRADESH,D686,BAHRAICH,21.06
29-12-2025,27.5,81.5,BAHRAICH,UTTAR PRADESH,D686,BAHRAICH,20.9
30-12-2025,27.5,81.5,BAHRAICH,UTTAR PRADESH,D686,BAHRAICH,20.19
31-12-2025,27.5,81.5,BAHRAICH,UTTAR PRADESH,D686,BAHRAICH,20.06
01-01-2025,25.5,80.5,BANDA,UTTAR PRADESH,D689,ATARRA,20.99
02-01-2025,25.5,80.5,BANDA,UTTAR PRADESH,D689,ATARRA,20.93
03-01-2025,25.5,80.5,BANDA,UTTAR PRADESH,D689,ATARRA,20.98
04-01-2025,25.5,80.5,BANDA,UTTAR PRADESH,D689,ATARRA,21.22
05-01-2025,25.5,80.5,BANDA,UTTAR PRADESH,D689,ATARRA,20.99
06-01-2025,25.5,80.5,BANDA,UTTAR PRADESH,D689,ATARRA,21.42
07-01-2025,25.5,80.5,BANDA,UTTAR PRADESH,D689,ATARRA,21.37
08-01-2025,25.5,80.5,BANDA,UTTAR PRADESH,D689,ATARRA,21.62
09-01-2025,25.5,80.5,BANDA,UTTAR PRADESH,D689,ATARRA,21.35
10-01-2025,25.5,80.5,BANDA,UTTAR PRADESH,D689,ATARRA,21.84
11-01-2025,25.5,80.5,BANDA,UTTAR PRADESH,D689,ATARRA,22.01
12-01-2025,25.5,80.5,BANDA,UTTAR PRADESH,D689,ATARRA,21.97
13-01-2025,25.5,80.5,BANDA,UTTAR PRADESH,D689,ATARRA,22.3
14-01-2025,25.5,80.5,BANDA,UTTAR PRADESH,D689,ATARRA,22.56
15-01-2025,25.5,80.5,BANDA,UTTAR PRADESH,D689,ATARRA,22.22
16-01-2025,25.5,80.5,BANDA,UTTAR PRADESH,D689,ATARRA,22
17-01-2025,25.5,80.5,BANDA,UTTAR PRADESH,D689,ATARRA,21.92
18-01-2025,25.5,80.5,BANDA,UTTAR PRADESH,D689,ATARRA,21.93
19-01-2025,25.5,80.5,BANDA,UTTAR PRADESH,D689,ATARRA,21.66
20-01-2025,25.5,80.5,BANDA,UTTAR PRADESH,D689,ATARRA,21.83
21-01-2025,25.5,80.5,BANDA,UTTAR PRADESH,D689,ATARRA,22.11
22-01-2025,25.5,80.5,BANDA,UTTAR PRADESH,D689,ATARRA,22.64
23-01-2025,25.5,80.5,BANDA,UTTAR PRADESH,D689,ATARRA,23.08
24-01-2025,25.5,80.5,BANDA,UTTAR PRADESH,D689,ATARRA,22.94
25-01-2025,25.5,80.5,BANDA,UTTAR PRADESH,D689,ATARRA,22.67
26-01-2025,25.5,80.5,BANDA,UTTAR PRADESH,D689,ATARRA,23.27
27-01-2025,25.5,80.5,BANDA,UTTAR PRADESH,D689,ATARRA,23.68
28-01-2025,25.5,80.5,BANDA,UTTAR PRADESH,D689,ATARRA,23.76
29-01-2025,25.5,80.5,BANDA,UTTAR PRADESH,D689,ATARRA,23.72
30-01-2025,25.5,80.5,BANDA,UTTAR PRADESH,D689,ATARRA,24.54
31-01-2025,25.5,80.5,BANDA,UTTAR PRADESH,D689,ATARRA,24.66
01-02-2025,25.5,80.5,BANDA,UTTAR PRADESH,D689,ATARRA,24.71
02-02-2025,25.5,80.5,BANDA,UTTAR PRADESH,D689,ATARRA,24.72
03-02-2025,25.5,80.5,BANDA,UTTAR PRADESH,D689,ATARRA,25.2
04-02-2025,25.5,80.5,BANDA,UTTAR PRADESH,D689,ATARRA,25.09
05-02-2025,25.5,80.5,BANDA,UTTAR PRADESH,D689,ATARRA,25.26
06-02-2025,25.5,80.5,BANDA,UTTAR PRADESH,D689,ATARRA,25.53
07-02-2025,25.5,80.5,BANDA,UTTAR PRADESH,D689,ATARRA,25.34
08-02-2025,25.5,80.5,BANDA,UTTAR PRADESH,D689,ATARRA,25.17
09-02-2025,25.5,80.5,BANDA,UTTAR PRADESH,D689,ATARRA,25.3
10-02-2025,25.5,80.5,BANDA,UTTAR PRADESH,D689,ATARRA,25.31
11-02-2025,25.5,80.5,BANDA,UTTAR PRADESH,D689,ATARRA,25.71
12-02-2025,25.5,80.5,BANDA,UTTAR PRADESH,D689,ATARRA,26.01
13-02-2025,25.5,80.5,BANDA,UTTAR PRADESH,D689,ATARRA,26.14
14-02-2025,25.5,80.5,BANDA,UTTAR PRADESH,D689,ATARRA,26.88
15-02-2025,25.5,80.5,BANDA,UTTAR PRADESH,D689,ATARRA,27.1
16-02-2025,25.5,80.5,BANDA,UTTAR PRADESH,D689,ATARRA,26.73
17-02-2025,25.5,80.5,BANDA,UTTAR PRADESH,D689,ATARRA,27.31
18-02-2025,25.5,80.5,BANDA,UTTAR PRADESH,D689,ATARRA,28.07
19-02-2025,25.5,80.5,BANDA,UTTAR PRADESH,D689,ATARRA,28.82
20-02-2025,25.5,80.5,BANDA,UTTAR PRADESH,D689,ATARRA,28.85
21-02-2025,25.5,80.5,BANDA,UTTAR PRADESH,D689,ATARRA,29.18
22-02-2025,25.5,80.5,BANDA,UTTAR PRADESH,D689,ATARRA,28.81
23-02-2025,25.5,80.5,BANDA,UTTAR PRADESH,D689,ATARRA,29.32
24-02-2025,25.5,80.5,BANDA,UTTAR PRADESH,D689,ATARRA,29.46
25-02-2025,25.5,80.5,BANDA,UTTAR PRADESH,D689,ATARRA,29.11
26-02-2025,25.5,80.5,BANDA,UTTAR PRADESH,D689,ATARRA,29.09
27-02-2025,25.5,80.5,BANDA,UTTAR PRADESH,D689,ATARRA,29.49
28-02-2025,25.5,80.5,BANDA,UTTAR PRADESH,D689,ATARRA,29.91
29-02-2025,25.5,80.5,BANDA,UTTAR PRADESH,D689,ATARRA,30.37
01-03-2025,25.5,80.5,BANDA,UTTAR PRADESH,D689,ATARRA,29.86
02-03-2025,25.5,80.5,BANDA,UTTAR PRADESH,D689,ATARRA,30.17
03-03-2025,25.5,80.5,BANDA,UTTAR PRADESH,D689,ATARRA,30.49
04-03-2025,25.5,80.5,BANDA,UTTAR PRADESH,D689,ATARRA,30.93
05-03-2025,25.5,80.5,BANDA,UTTAR PRADESH,D689,ATARRA,30.59
06-03-2025,25.5,80.5,BANDA,UTTAR PRADESH,D689,ATARRA,30.53
07-03-2025,25.5,80.5,BANDA,UTTAR PRADESH,D689,ATARRA,31.05
08-03-2025,25.5,80.5,BANDA,UTTAR PRADESH,D689,ATARRA,30.89
09-03-2025,25.5,80.5,BANDA,UTTAR PRADESH,D689,ATARRA,31.35
10-03-2025,25.5,80.5,BANDA,UTTAR PRADESH,D689,ATARRA,30.85
11-03-2025,25.5,80.5,BANDA,UTTAR PRADESH,D689,ATARRA,31.81
12-03-2025,25.5,80.5,BANDA,UTTAR PRADESH,D689,ATARRA,31.82
13-03-2025,25.5,80.5,BANDA,UTTAR PRADESH,D689,ATARRA,31.79
14-03-2025,25.5,80.5,BANDA,UTTAR PRADESH,D689,ATARRA,32.12
15-03-2025,25.5,80.5,BANDA,UTTAR PRADESH,D689,ATARRA,31.91
16-03-2025,25.5,80.5,BANDA,UTTAR PRADESH,D689,ATARRA,32.72
17-03-2025,25.5,80.5,BANDA,UTTAR PRADESH,D689,ATARRA,33.09
18-03-2025,25.5,80.5,BANDA,UTTAR PRADESH,D689,ATARRA,33.81
19-03-2025,25.5,80.5,BANDA,UTTAR PRADESH,D689,ATARRA,33.8
20-03-2025,25.5,80.5,BANDA,UTTAR PRADESH,D689,ATARRA,34.47
21-03-2025,25.5,80.5,BANDA,UTTAR PRADESH,D689,ATARRA,34.67
22-03-2025,25.5,80.5,BANDA,UTTAR PRADESH,D689,ATARRA,34.87
23-03-2025,25.5,80.5,BANDA,UTTAR PRADESH,D689,ATARRA,35.37
24-03-2025,25.5,80.5,BANDA,UTTAR PRADESH,D689,ATARRA,35.63
25-03-2025,25.5,80.5,BANDA,UTTAR PRADESH,D689,ATARRA,35.9
26-03-2025,25.5,80.5,BANDA,UTTAR PRADESH,D689,ATARRA,35.96
27-03-2025,25.5,80.5,BANDA,UTTAR PRADESH,D689,ATARRA,35.97
28-03-2025,25.5,80.5,BANDA,UTTAR PRADESH,D689,ATARRA,36.57
29-03-2025,25.5,80.5,BANDA,UTTAR PRADESH,D689,ATARRA,36.86
30-03-2025,25.5,80.5,BANDA,UTTAR PRADESH,D689,ATARRA,36.79
31-03-2025,25.5,80.5,BANDA,UTTAR PRADESH,D689,ATARRA,36.63
01-04-2025,25.5,80.5,BANDA,UTTAR PRADESH,D689,ATARRA,36.94
02-04-2025,25.5,80.5,BANDA,UTTAR PRADESH,D689,ATARRA,37.19
03-04-2025,25.5,80.5,BANDA,UTTAR PRADESH,D689,ATARRA,37.37
04-04-2025,25.5,80.5,BANDA,UTTAR PRADESH,D689,ATARRA,37.66
05-04-2025,25.5,80.5,BANDA,UTTAR PRADESH,D689,ATARRA,37.78
06-04-2025,25.5,80.5,BANDA,UTTAR PRADESH,D689,ATARRA,38.24
07-04-2025,25.5,80.5,BANDA,UTTAR PRADESH,D689,ATARRA,38.49
08-04-2025,25.5,80.5,BANDA,UTTAR PRADESH,D689,ATARRA,38.09
09-04-2025,25.5,80.5,BANDA,UTTAR PRADESH,D689,ATARRA,38.6
10-04-2025,25.5,80.5,BANDA,UTTAR PRADESH,D689,ATARRA,38.64
11-04-2025,25.5,80.5,BANDA,UTTAR PRADESH,D689,ATARRA,38.96
12-04-2025,25.5,80.5,BANDA,UTTAR PRADESH,D689,ATARRA,38.91
13-04-2025,25.5,80.5,BANDA,UTTAR PRADESH,D689,ATARRA,38.96
14-04-2025,25.5,80.5,BANDA,UTTAR PRADESH,D689,ATARRA,39.28
15-04-2025,25.5,80.5,BANDA,UTTAR PRADESH,D689,ATARRA,39.89
16-04-2025,25.5,80.5,BANDA,UTTAR PRADESH,D689,ATARRA,39.66
17-04-2025,25.5,80.5,BANDA,UTTAR PRADESH,D689,ATARRA,39.5
18-04-2025,25.5,80.5,BANDA,UTTAR PRADESH,D689,ATARRA,39.1
19-04-2025,25.5,80.5,BANDA,UTTAR PRADESH,D689,ATARRA,39.45
20-04-2025,25.5,80.5,BANDA,UTTAR PRADESH,D689,ATARRA,39.62
21-04-2025,25.5,80.5,BANDA,UTTAR PRADESH,D689,ATARRA,39.33
22-04-2025,25.5,80.5,BANDA,UTTAR PRADESH,D689,ATARRA,39.52
23-04-2025,25.5,80.5,BANDA,UTTAR PRADESH,D689,ATARRA,39.62
24-04-2025,25.5,80.5,BANDA,UTTAR PRADESH,D689,ATARRA,40
25-04-2025,25.5,80.5,BANDA,UTTAR PRADESH,D689,ATARRA,40.4
26-04-2025,25.5,80.5,BANDA,UTTAR PRADESH,D689,ATARRA,40.5
27-04-2025,25.5,80.5,BANDA,UTTAR PRADESH,D689,ATARRA,40.69
28-04-2025,25.5,80.5,BANDA,UTTAR PRADESH,D689,ATARRA,40.74
29-04-2025,25.5,80.5,BANDA,UTTAR PRADESH,D689,ATARRA,41.24
30-04-2025,25.5,80.5,BANDA,UTTAR PRADESH,D689,ATARRA,41.08
01-05-2025,25.5,80.5,BANDA,UTTAR PRADESH,D689,ATARRA,40.86
02-05-2025,25.5,80.5,BANDA,UTTAR PRADESH,D689,ATARRA,40.75
03-05-2025,25.5,80.5,BANDA,UTTAR PRADESH,D689,ATARRA,40.42
04-05-2025,25.5,80.5,BANDA,UTTAR PRADESH,D689,ATARRA,40.51
05-05-2025,25.5,80.5,BANDA,UTTAR PRADESH,D689,ATARRA,40.31
06-05-2025,25.5,80.5,BANDA,UTTAR PRADESH,D689,ATARRA,40.87
07-05-2025,25.5,80.5,BANDA,UTTAR PRADESH,D689,ATARRA,41.11
08-05-2025,25.5,80.5,BANDA,UTTAR PRADESH,D689,ATARRA,41.27
09-05-2025,25.5,80.5,BANDA,UTTAR PRADESH,D689,ATARRA,41.25
10-05-2025,25.5,80.5,BANDA,UTTAR PRADESH,D689,ATARRA,41.59
11-05-2025,25.5,80.5,BANDA,UTTAR PRADESH,D689,ATARRA,41.07
12-05-2025,25.5,80.5,BANDA,UTTAR PRADESH,D689,ATARRA,40.99
13-05-2025,25.5,80.5,BANDA,UTTAR PRADESH,D689,ATARRA,41.04
14-05-2025,25.5,80.5,BANDA,UTTAR PRADESH,D689,ATARRA,41.64
15-05-2025,25.5,80.5,BANDA,UTTAR PRADESH,D689,ATARRA,41.61
16-05-2025,25.5,80.5,BANDA,UTTAR PRADESH,D689,ATARRA,41.95
17-05-2025,25.5,80.5,BANDA,UTTAR PRADESH,D689,ATARRA,42.13
18-05-2025,25.5,80.5,BANDA,UTTAR PRADESH,D689,ATARRA,41.86
19-05-2025,25.5,80.5,BANDA,UTTAR PRADESH,D689,ATARRA,41.67
20-05-2025,25.5,80.5,BANDA,UTTAR PRADESH,D689,ATARRA,41.54
21-05-2025,25.5,80.5,BANDA,UTTAR PRADESH,D689,ATARRA,41.82
22-05-2025,25.5,80.5,BANDA,UTTAR PRADESH,D689,ATARRA,41.73
23-05-2025,25.5,80.5,BANDA,UTTAR PRADESH,D689,ATARRA,41.8
24-05-2025,25.5,80.5,BANDA,UTTAR PRADESH,D689,ATARRA,41.62
25-05-2025,25.5,80.5,BANDA,UTTAR PRADESH,D689,ATARRA,41.67
26-05-2025,25.5,80.5,BANDA,UTTAR PRADESH,D689,ATARRA,41.94
27-05-2025,25.5,80.5,BANDA,UTTAR PRADESH,D689,ATARRA,41.71
28-05-2025,25.5,80.5,BANDA,UTTAR PRADESH,D689,ATARRA,41.52
29-05-2025,25.5,80.5,BANDA,UTTAR PRADESH,D689,ATARRA,41.67
30-05-2025,25.5,80.5,BANDA,UTTAR PRADESH,D689,ATARRA,41.81
31-05-2025,25.5,80.5,BANDA,UTTAR PRADESH,D689,ATARRA,41.82
01-06-2025,25.5,80.5,BANDA,UTTAR PRADESH,D689,ATARRA,41.7
02-06-2025,25.5,80.5,BANDA,UTTAR PRADESH,D689,ATARRA,41.67
03-06-2025,25.5,80.5,BANDA,UTTAR PRADESH,D689,ATARRA,41.74
04-06-2025,25.5,80.5,BANDA,UTTAR PRADESH,D689,ATARRA,41.66
05-06-2025,25.5,80.5,BANDA,UTTAR PRADESH,D689,ATARRA,41.63
06-06-2025,25.5,80.5,BANDA,UTTAR PRADESH,D689,ATARRA,41.49
07-06-2025,25.5,80.5,BANDA,UTTAR PRADESH,D689,ATARRA,41.25
08-06-2025,25.5,80.5,BANDA,UTTAR PRADESH,D689,ATARRA,41.69
09-06-2025,25.5,80.5,BANDA,UTTAR PRADESH,D689,ATARRA,41.48
10-06-2025,25.5,80.5,BANDA,UTTAR PRADESH,D689,ATARRA,41.32
11-06-2025,25.5,80.5,BANDA,UTTAR PRADESH,D689,ATARRA,41.15
12-06-2025,25.5,80.5,BANDA,UTTAR PRADESH,D689,ATARRA,40.77
13-06-2025,25.5,80.5,BANDA,UTTAR PRADESH,D689,ATARRA,40.59
14-06-2025,25.5,80.5,BANDA,UTTAR PRADESH,D689,ATARRA,40.36
15-06-2025,25.5,80.5,BANDA,UTTAR PRADESH,D689,ATARRA,39.79
16-06-2025,25.5,80.5,BANDA,UTTAR PRADESH,D689,ATARRA,38.99
17-06-2025,25.5,80.5,BANDA,UTTAR PRADESH,D689,ATARRA,38.72
18-06-2025,25.5,80.5,BANDA,UTTAR PRADESH,D689,ATARRA,38.29
19-06-2025,25.5,80.5,BANDA,UTTAR PRADESH,D689,ATARRA,38.19
20-06-2025,25.5,80.5,BANDA,UTTAR PRADESH,D689,ATARRA,38.02
21-06-2025,25.5,80.5,BANDA,UTTAR PRADESH,D689,ATARRA,38.26
22-06-2025,25.5,80.5,BANDA,UTTAR PRADESH,D689,ATARRA,38.02
23-06-2025,25.5,80.5,BANDA,UTTAR PRADESH,D689,ATARRA,37.43
24-06-2025,25.5,80.5,BANDA,UTTAR PRADESH,D689,ATARRA,37.5
25-06-2025,25.5,80.5,BANDA,UTTAR PRADESH,D689,ATARRA,37.18
26-06-2025,25.5,80.5,BANDA,UTTAR PRADESH,D689,ATARRA,36.91
27-06-2025,25.5,80.5,BANDA,UTTAR PRADESH,D689,ATARRA,36.14
28-06-2025,25.5,80.5,BANDA,UTTAR PRADESH,D689,ATARRA,35.51
29-06-2025,25.5,80.5,BANDA,UTTAR PRADESH,D689,ATARRA,35.29
30-06-2025,25.5,80.5,BANDA,UTTAR PRADESH,D689,ATARRA,34.89
01-07-2025,25.5,80.5,BANDA,UTTAR PRADESH,D689,ATARRA,35.38
02-07-2025,25.5,80.5,BANDA,UTTAR PRADESH,D689,ATARRA,35.61
03-07-2025,25.5,80.5,BANDA,UTTAR PRADESH,D689,ATARRA,35.61
04-07-2025,25.5,80.5,BANDA,UTTAR PRADESH,D689,ATARRA,35.45
05-07-2025,25.5,80.5,BANDA,UTTAR PRADESH,D689,ATARRA,34.67
06-07-2025,25.5,80.5,BANDA,UTTAR PRADESH,D689,ATARRA,34.6
07-07-2025,25.5,80.5,BANDA,UTTAR PRADESH,D689,ATARRA,34.75
08-07-2025,25.5,80.5,BANDA,UTTAR PRADESH,D689,ATARRA,34.76
09-07-2025,25.5,80.5,BANDA,UTTAR PRADESH,D689,ATARRA,34.35
10-07-2025,25.5,80.5,BANDA,UTTAR PRADESH,D689,ATARRA,34.38
11-07-2025,25.5,80.5,BANDA,UTTAR PRADESH,D689,ATARRA,33.99
12-07-2025,25.5,80.5,BANDA,UTTAR PRADESH,D689,ATARRA,34.03
13-07-2025,25.5,80.5,BANDA,UTTAR PRADESH,D689,ATARRA,33.9
14-07-2025,25.5,80.5,BANDA,UTTAR PRADESH,D689,ATARRA,33.94
15-07-2025,25.5,80.5,BANDA,UTTAR PRADESH,D689,ATARRA,33.84
16-07-2025,25.5,80.5,BANDA,UTTAR PRADESH,D689,ATARRA,33.55
17-07-2025,25.5,80.5,BANDA,UTTAR PRADESH,D689,ATARRA,33.72
18-07-2025,25.5,80.5,BANDA,UTTAR PRADESH,D689,ATARRA,33.79
19-07-2025,25.5,80.5,BANDA,UTTAR PRADESH,D689,ATARRA,33.95
20-07-2025,25.5,80.5,BANDA,UTTAR PRADESH,D689,ATARRA,33.48
21-07-2025,25.5,80.5,BANDA,UTTAR PRADESH,D689,ATARRA,33.2
22-07-2025,25.5,80.5,BANDA,UTTAR PRADESH,D689,ATARRA,33.2
23-07-2025,25.5,80.5,BANDA,UTTAR PRADESH,D689,ATARRA,33.16
24-07-2025,25.5,80.5,BANDA,UTTAR PRADESH,D689,ATARRA,32.77
25-07-2025,25.5,80.5,BANDA,UTTAR PRADESH,D689,ATARRA,32.9
26-07-2025,25.5,80.5,BANDA,UTTAR PRADESH,D689,ATARRA,32.61
27-07-2025,25.5,80.5,BANDA,UTTAR PRADESH,D689,ATARRA,32.23
28-07-2025,25.5,80.5,BANDA,UTTAR PRADESH,D689,ATARRA,32.52
29-07-2025,25.5,80.5,BANDA,UTTAR PRADESH,D689,ATARRA,32.68
30-07-2025,25.5,80.5,BANDA,UTTAR PRADESH,D689,ATARRA,32.68
31-07-2025,25.5,80.5,BANDA,UTTAR PRADESH,D689,ATARRA,32.68
01-08-2025,25.5,80.5,BANDA,UTTAR PRADESH,D689,ATARRA,32.69
02-08-2025,25.5,80.5,BANDA,UTTAR PRADESH,D689,ATARRA,32.42
03-08-2025,25.5,80.5,BANDA,UTTAR PRADESH,D689,ATARRA,32.2
04-08-2025,25.5,80.5,BANDA,UTTAR PRADESH,D689,ATARRA,32.51
05-08-2025,25.5,80.5,BANDA,UTTAR PRADESH,D689,ATARRA,32.67
06-08-2025,25.5,80.5,BANDA,UTTAR PRADESH,D689,ATARRA,32.46
07-08-2025,25.5,80.5,BANDA,UTTAR PRADESH,D689,ATARRA,32.35
08-08-2025,25.5,80.5,BANDA,UTTAR PRADESH,D689,ATARRA,32.28
09-08-2025,25.5,80.5,BANDA,UTTAR PRADESH,D689,ATARRA,32.31
10-08-2025,25.5,80.5,BANDA,UTTAR PRADESH,D689,ATARRA,32.5
11-08-2025,25.5,80.5,BANDA,UTTAR PRADESH,D689,ATARRA,32.32
12-08-2025,25.5,80.5,BANDA,UTTAR PRADESH,D689,ATARRA,32.26
13-08-2025,25.5,80.5,BANDA,UTTAR PRADESH,D689,ATARRA,32.03
14-08-2025,25.5,80.5,BANDA,UTTAR PRADESH,D689,ATARRA,32.04
15-08-2025,25.5,80.5,BANDA,UTTAR PRADESH,D689,ATARRA,31.75
16-08-2025,25.5,80.5,BANDA,UTTAR PRADESH,D689,ATARRA,32.31
17-08-2025,25.5,80.5,BANDA,UTTAR PRADESH,D689,ATARRA,32.6
18-08-2025,25.5,80.5,BANDA,UTTAR PRADESH,D689,ATARRA,32.12
19-08-2025,25.5,80.5,BANDA,UTTAR PRADESH,D689,ATARRA,31.99
20-08-2025,25.5,80.5,BANDA,UTTAR PRADESH,D689,ATARRA,32.26
21-08-2025,25.5,80.5,BANDA,UTTAR PRADESH,D689,ATARRA,32
22-08-2025,25.5,80.5,BANDA,UTTAR PRADESH,D689,ATARRA,32.05
23-08-2025,25.5,80.5,BANDA,UTTAR PRADESH,D689,ATARRA,32.33
24-08-2025,25.5,80.5,BANDA,UTTAR PRADESH,D689,ATARRA,32.59
25-08-2025,25.5,80.5,BANDA,UTTAR PRADESH,D689,ATARRA,32.76
26-08-2025,25.5,80.5,BANDA,UTTAR PRADESH,D689,ATARRA,32.94
27-08-2025,25.5,80.5,BANDA,UTTAR PRADESH,D689,ATARRA,32.92
28-08-2025,25.5,80.5,BANDA,UTTAR PRADESH,D689,ATARRA,33
29-08-2025,25.5,80.5,BANDA,UTTAR PRADESH,D689,ATARRA,33.05
30-08-2025,25.5,80.5,BANDA,UTTAR PRADESH,D689,ATARRA,33.33
31-08-2025,25.5,80.5,BANDA,UTTAR PRADESH,D689,ATARRA,33.4
01-09-2025,25.5,80.5,BANDA,UTTAR PRADESH,D689,ATARRA,33.18
02-09-2025,25.5,80.5,BANDA,UTTAR PRADESH,D689,ATARRA,32.75
03-09-2025,25.5,80.5,BANDA,UTTAR PRADESH,D689,ATARRA,33.05
04-09-2025,25.5,80.5,BANDA,UTTAR PRADESH,D689,ATARRA,33.07
05-09-2025,25.5,80.5,BANDA,UTTAR PRADESH,D689,ATARRA,33
06-09-2025,25.5,80.5,BANDA,UTTAR PRADESH,D689,ATARRA,32.77
07-09-2025,25.5,80.5,BANDA,UTTAR PRADESH,D689,ATARRA,33.02
08-09-2025,25.5,80.5,BANDA,UTTAR PRADESH,D689,ATARRA,32.81
09-09-2025,25.5,80.5,BANDA,UTTAR PRADESH,D689,ATARRA,33.11
10-09-2025,25.5,80.5,BANDA,UTTAR PRADESH,D689,ATARRA,33.19
11-09-2025,25.5,80.5,BANDA,UTTAR PRADESH,D689,ATARRA,32.87
12-09-2025,25.5,80.5,BANDA,UTTAR PRADESH,D689,ATARRA,32.93
13-09-2025,25.5,80.5,BANDA,UTTAR PRADESH,D689,ATARRA,32.9
14-09-2025,25.5,80.5,BANDA,UTTAR PRADESH,D689,ATARRA,32.98
15-09-2025,25.5,80.5,BANDA,UTTAR PRADESH,D689,ATARRA,32.65
16-09-2025,25.5,80.5,BANDA,UTTAR PRADESH,D689,ATARRA,32.48
17-09-2025,25.5,80.5,BANDA,UTTAR PRADESH,D689,ATARRA,32.76
18-09-2025,25.5,80.5,BANDA,UTTAR PRADESH,D689,ATARRA,33.22
19-09-2025,25.5,80.5,BANDA,UTTAR PRADESH,D689,ATARRA,33.21
20-09-2025,25.5,80.5,BANDA,UTTAR PRADESH,D689,ATARRA,33.27
21-09-2025,25.5,80.5,BANDA,UTTAR PRADESH,D689,ATARRA,32.97
22-09-2025,25.5,80.5,BANDA,UTTAR PRADESH,D689,ATARRA,32.9
23-09-2025,25.5,80.5,BANDA,UTTAR PRADESH,D689,ATARRA,32.97
24-09-2025,25.5,80.5,BANDA,UTTAR PRADESH,D689,ATARRA,32.8
25-09-2025,25.5,80.5,BANDA,UTTAR PRADESH,D689,ATARRA,32.87
26-09-2025,25.5,80.5,BANDA,UTTAR PRADESH,D689,ATARRA,33.43
27-09-2025,25.5,80.5,BANDA,UTTAR PRADESH,D689,ATARRA,33.46
28-09-2025,25.5,80.5,BANDA,UTTAR PRADESH,D689,ATARRA,33.6
29-09-2025,25.5,80.5,BANDA,UTTAR PRADESH,D689,ATARRA,33.7
30-09-2025,25.5,80.5,BANDA,UTTAR PRADESH,D689,ATARRA,33.79
01-10-2025,25.5,80.5,BANDA,UTTAR PRADESH,D689,ATARRA,33.87
02-10-2025,25.5,80.5,BANDA,UTTAR PRADESH,D689,ATARRA,33.61
03-10-2025,25.5,80.5,BANDA,UTTAR PRADESH,D689,ATARRA,33.58
04-10-2025,25.5,80.5,BANDA,UTTAR PRADESH,D689,ATARRA,33.44
05-10-2025,25.5,80.5,BANDA,UTTAR PRADESH,D689,ATARRA,33.59
06-10-2025,25.5,80.5,BANDA,UTTAR PRADESH,D689,ATARRA,33.7
07-10-2025,25.5,80.5,BANDA,UTTAR PRADESH,D689,ATARRA,33.61
08-10-2025,25.5,80.5,BANDA,UTTAR PRADESH,D689,ATARRA,33.88
09-10-2025,25.5,80.5,BANDA,UTTAR PRADESH,D689,ATARRA,33.81
10-10-2025,25.5,80.5,BANDA,UTTAR PRADESH,D689,ATARRA,33.91
11-10-2025,25.5,80.5,BANDA,UTTAR PRADESH,D689,ATARRA,33.78
12-10-2025,25.5,80.5,BANDA,UTTAR PRADESH,D689,ATARRA,33.62
13-10-2025,25.5,80.5,BANDA,UTTAR PRADESH,D689,ATARRA,33.66
14-10-2025,25.5,80.5,BANDA,UTTAR PRADESH,D689,ATARRA,33.43
15-10-2025,25.5,80.5,BANDA,UTTAR PRADESH,D689,ATARRA,33.5
16-10-2025,25.5,80.5,BANDA,UTTAR PRADESH,D689,ATARRA,33.47
17-10-2025,25.5,80.5,BANDA,UTTAR PRADESH,D689,ATARRA,33.25
18-10-2025,25.5,80.5,BANDA,UTTAR PRADESH,D689,ATARRA,32.95
19-10-2025,25.5,80.5,BANDA,UTTAR PRADESH,D689,ATARRA,32.81
20-10-2025,25.5,80.5,BANDA,UTTAR PRADESH,D689,ATARRA,32.69
21-10-2025,25.5,80.5,BANDA,UTTAR PRADESH,D689,ATARRA,32.95
22-10-2025,25.5,80.5,BANDA,UTTAR PRADESH,D689,ATARRA,32.89
23-10-2025,25.5,80.5,BANDA,UTTAR PRADESH,D689,ATARRA,32.6
24-10-2025,25.5,80.5,BANDA,UTTAR PRADESH,D689,ATARRA,32.46
25-10-2025,25.5,80.5,BANDA,UTTAR PRADESH,D689,ATARRA,32.13
26-10-2025,25.5,80.5,BANDA,UTTAR PRADESH,D689,ATARRA,31.96
27-10-2025,25.5,80.5,BANDA,UTTAR PRADESH,D689,ATARRA,31.86
28-10-2025,25.5,80.5,BANDA,UTTAR PRADESH,D689,ATARRA,31.49
29-10-2025,25.5,80.5,BANDA,UTTAR PRADESH,D689,ATARRA,31.42
30-10-2025,25.5,80.5,BANDA,UTTAR PRADESH,D689,ATARRA,31.35
31-10-2025,25.5,80.5,BANDA,UTTAR PRADESH,D689,ATARRA,31.49
01-11-2025,25.5,80.5,BANDA,UTTAR PRADESH,D689,ATARRA,31.64
02-11-2025,25.5,80.5,BANDA,UTTAR PRADESH,D689,ATARRA,31.68
03-11-2025,25.5,80.5,BANDA,UTTAR PRADESH,D689,ATARRA,31.42
04-11-2025,25.5,80.5,BANDA,UTTAR PRADESH,D689,ATARRA,31.53
05-11-2025,25.5,80.5,BANDA,UTTAR PRADESH,D689,ATARRA,31.51
06-11-2025,25.5,80.5,BANDA,UTTAR PRADESH,D689,ATARRA,31.15
07-11-2025,25.5,80.5,BANDA,UTTAR PRADESH,D689,ATARRA,30.96
08-11-2025,25.5,80.5,BANDA,UTTAR PRADESH,D689,ATARRA,30.85
09-11-2025,25.5,80.5,BANDA,UTTAR PRADESH,D689,ATARRA,30.64
10-11-2025,25.5,80.5,BANDA,UTTAR PRADESH,D689,ATARRA,30.21
11-11-2025,25.5,80.5,BANDA,UTTAR PRADESH,D689,ATARRA,29.9
12-11-2025,25.5,80.5,BANDA,UTTAR PRADESH,D689,ATARRA,29.96
13-11-2025,25.5,80.5,BANDA,UTTAR PRADESH,D689,ATARRA,29.92
14-11-2025,25.5,80.5,BANDA,UTTAR PRADESH,D689,ATARRA,29.75
15-11-2025,25.5,80.5,BANDA,UTTAR PRADESH,D689,ATARRA,29.89
16-11-2025,25.5,80.5,BANDA,UTTAR PRADESH,D689,ATARRA,29.31
17-11-2025,25.5,80.5,BANDA,UTTAR PRADESH,D689,ATARRA,29.05
18-11-2025,25.5,80.5,BANDA,UTTAR PRADESH,D689,ATARRA,28.66
19-11-2025,25.5,80.5,BANDA,UTTAR PRADESH,D689,ATARRA,28.5
20-11-2025,25.5,80.5,BANDA,UTTAR PRADESH,D689,ATARRA,28.6
21-11-2025,25.5,80.5,BANDA,UTTAR PRADESH,D689,ATARRA,28.42
22-11-2025,25.5,80.5,BANDA,UTTAR PRADESH,D689,ATARRA,28.29
23-11-2025,25.5,80.5,BANDA,UTTAR PRADESH,D689,ATARRA,28.43
24-11-2025,25.5,80.5,BANDA,UTTAR PRADESH,D689,ATARRA,28.23
25-11-2025,25.5,80.5,BANDA,UTTAR PRADESH,D689,ATARRA,28.18
26-11-2025,25.5,80.5,BANDA,UTTAR PRADESH,D689,ATARRA,28.12
27-11-2025,25.5,80.5,BANDA,UTTAR PRADESH,D689,ATARRA,27.67
28-11-2025,25.5,80.5,BANDA,UTTAR PRADESH,D689,ATARRA,27.44
29-11-2025,25.5,80.5,BANDA,UTTAR PRADESH,D689,ATARRA,27.39
30-11-2025,25.5,80.5,BANDA,UTTAR PRADESH,D689,ATARRA,27.16
01-12-2025,25.5,80.5,BANDA,UTTAR PRADESH,D689,ATARRA,26.9
02-12-2025,25.5,80.5,BANDA,UTTAR PRADESH,D689,ATARRA,26.45
03-12-2025,25.5,80.5,BANDA,UTTAR PRADESH,D689,ATARRA,26.44
04-12-2025,25.5,80.5,BANDA,UTTAR PRADESH,D689,ATARRA,26.62
05-12-2025,25.5,80.5,BANDA,UTTAR PRADESH,D689,ATARRA,26.45
06-12-2025,25.5,80.5,BANDA,UTTAR PRADESH,D689,ATARRA,26.48
07-12-2025,25.5,80.5,BANDA,UTTAR PRADESH,D689,ATARRA,26.21
08-12-2025,25.5,80.5,BANDA,UTTAR PRADESH,D689,ATARRA,26
09-12-2025,25.5,80.5,BANDA,UTTAR PRADESH,D689,ATARRA,26.1
10-12-2025,25.5,80.5,BANDA,UTTAR PRADESH,D689,ATARRA,25.94
11-12-2025,25.5,80.5,BANDA,UTTAR PRADESH,D689,ATARRA,25.84
12-12-2025,25.5,80.5,BANDA,UTTAR PRADESH,D689,ATARRA,25.7
13-12-2025,25.5,80.5,BANDA,UTTAR PRADESH,D689,ATARRA,25.08
14-12-2025,25.5,80.5,BANDA,UTTAR PRADESH,D689,ATARRA,24.49
15-12-2025,25.5,80.5,BANDA,UTTAR PRADESH,D689,ATARRA,24.37
16-12-2025,25.5,80.5,BANDA,UTTAR PRADESH,D689,ATARRA,24.43
17-12-2025,25.5,80.5,BANDA,UTTAR PRADESH,D689,ATARRA,24.3
18-12-2025,25.5,80.5,BANDA,UTTAR PRADESH,D689,ATARRA,23.98
19-12-2025,25.5,80.5,BANDA,UTTAR PRADESH,D689,ATARRA,23.71
20-12-2025,25.5,80.5,BANDA,UTTAR PRADESH,D689,ATARRA,23.52
21-12-2025,25.5,80.5,BANDA,UTTAR PRADESH,D689,ATARRA,23.56
22-12-2025,25.5,80.5,BANDA,UTTAR PRADESH,D689,ATARRA,23.83
23-12-2025,25.5,80.5,BANDA,UTTAR PRADESH,D689,ATARRA,23.65
24-12-2025,25.5,80.5,BANDA,UTTAR PRADESH,D689,ATARRA,23.19
25-12-2025,25.5,80.5,BANDA,UTTAR PRADESH,D689,ATARRA,23.17
26-12-2025,25.5,80.5,BANDA,UTTAR PRADESH,D689,ATARRA,22.79
27-12-2025,25.5,80.5,BANDA,UTTAR PRADESH,D689,ATARRA,22.77
28-12-2025,25.5,80.5,BANDA,UTTAR PRADESH,D689,ATARRA,22.23
29-12-2025,25.5,80.5,BANDA,UTTAR PRADESH,D689,ATARRA,22.28
30-12-2025,25.5,80.5,BANDA,UTTAR PRADESH,D689,ATARRA,21.98
31-12-2025,25.5,80.5,BANDA,UTTAR PRADESH,D689,ATARRA,21.55
01-01-2025,28.5,79.5,BAREILLY,UTTAR PRADESH,D691,AONLA,18.15
02-01-2025,28.5,79.5,BAREILLY,UTTAR PRADESH,D691,AONLA,17.81
03-01-2025,28.5,79.5,BAREILLY,UTTAR PRADESH,D691,AONLA,17.66
04-01-2025,28.5,79.5,BAREILLY,UTTAR PRADESH,D691,AONLA,17.41
05-01-2025,28.5,79.5,BAREILLY,UTTAR PRADESH,D691,AONLA,17.56
06-01-2025,28.5,79.5,BAREILLY,UTTAR PRADESH,D691,AONLA,18
07-01-2025,28.5,79.5,BAREILLY,UTTAR PRADESH,D691,AONLA,17.86
08-01-2025,28.5,79.5,BAREILLY,UTTAR PRADESH,D691,AONLA,17.78
09-01-2025,28.5,79.5,BAREILLY,UTTAR PRADESH,D691,AONLA,17.67
10-01-2025,28.5,79.5,BAREILLY,UTTAR PRADESH,D691,AONLA,18.27
11-01-2025,28.5,79.5,BAREILLY,UTTAR PRADESH,D691,AONLA,18.3
12-01-2025,28.5,79.5,BAREILLY,UTTAR PRADESH,D691,AONLA,18.33
13-01-2025,28.5,79.5,BAREILLY,UTTAR PRADESH,D691,AONLA,18.97
14-01-2025,28.5,79.5,BAREILLY,UTTAR PRADESH,D691,AONLA,19.25
15-01-2025,28.5,79.5,BAREILLY,UTTAR PRADESH,D691,AONLA,18.51
16-01-2025,28.5,79.5,BAREILLY,UTTAR PRADESH,D691,AONLA,18.51
17-01-2025,28.5,79.5,BAREILLY,UTTAR PRADESH,D691,AONLA,18.44
18-01-2025,28.5,79.5,BAREILLY,UTTAR PRADESH,D691,AONLA,18.34
19-01-2025,28.5,79.5,BAREILLY,UTTAR PRADESH,D691,AONLA,18.7
20-01-2025,28.5,79.5,BAREILLY,UTTAR PRADESH,D691,AONLA,18.69
21-01-2025,28.5,79.5,BAREILLY,UTTAR PRADESH,D691,AONLA,18.78
22-01-2025,28.5,79.5,BAREILLY,UTTAR PRADESH,D691,AONLA,18.88
23-01-2025,28.5,79.5,BAREILLY,UTTAR PRADESH,D691,AONLA,19.38
24-01-2025,28.5,79.5,BAREILLY,UTTAR PRADESH,D691,AONLA,19.8
25-01-2025,28.5,79.5,BAREILLY,UTTAR PRADESH,D691,AONLA,19.69
26-01-2025,28.5,79.5,BAREILLY,UTTAR PRADESH,D691,AONLA,19.99
27-01-2025,28.5,79.5,BAREILLY,UTTAR PRADESH,D691,AONLA,20.42
28-01-2025,28.5,79.5,BAREILLY,UTTAR PRADESH,D691,AONLA,20.17
29-01-2025,28.5,79.5,BAREILLY,UTTAR PRADESH,D691,AONLA,20.72
30-01-2025,28.5,79.5,BAREILLY,UTTAR PRADESH,D691,AONLA,21.24
31-01-2025,28.5,79.5,BAREILLY,UTTAR PRADESH,D691,AONLA,21.09
01-02-2025,28.5,79.5,BAREILLY,UTTAR PRADESH,D691,AONLA,20.85
02-02-2025,28.5,79.5,BAREILLY,UTTAR PRADESH,D691,AONLA,21.26
03-02-2025,28.5,79.5,BAREILLY,UTTAR PRADESH,D691,AONLA,22
04-02-2025,28.5,79.5,BAREILLY,UTTAR PRADESH,D691,AONLA,21.69
05-02-2025,28.5,79.5,BAREILLY,UTTAR PRADESH,D691,AONLA,21.37
06-02-2025,28.5,79.5,BAREILLY,UTTAR PRADESH,D691,AONLA,21.98
07-02-2025,28.5,79.5,BAREILLY,UTTAR PRADESH,D691,AONLA,22.25
08-02-2025,28.5,79.5,BAREILLY,UTTAR PRADESH,D691,AONLA,21.64
09-02-2025,28.5,79.5,BAREILLY,UTTAR PRADESH,D691,AONLA,22.2
10-02-2025,28.5,79.5,BAREILLY,UTTAR PRADESH,D691,AONLA,22.44
11-02-2025,28.5,79.5,BAREILLY,UTTAR PRADESH,D691,AONLA,22.38
12-02-2025,28.5,79.5,BAREILLY,UTTAR PRADESH,D691,AONLA,23.01
13-02-2025,28.5,79.5,BAREILLY,UTTAR PRADESH,D691,AONLA,23.17
14-02-2025,28.5,79.5,BAREILLY,UTTAR PRADESH,D691,AONLA,23.28
15-02-2025,28.5,79.5,BAREILLY,UTTAR PRADESH,D691,AONLA,23.02
16-02-2025,28.5,79.5,BAREILLY,UTTAR PRADESH,D691,AONLA,23.42
17-02-2025,28.5,79.5,BAREILLY,UTTAR PRADESH,D691,AONLA,23.87
18-02-2025,28.5,79.5,BAREILLY,UTTAR PRADESH,D691,AONLA,24.56
19-02-2025,28.5,79.5,BAREILLY,UTTAR PRADESH,D691,AONLA,24.81
20-02-2025,28.5,79.5,BAREILLY,UTTAR PRADESH,D691,AONLA,24.89
21-02-2025,28.5,79.5,BAREILLY,UTTAR PRADESH,D691,AONLA,25.09
22-02-2025,28.5,79.5,BAREILLY,UTTAR PRADESH,D691,AONLA,25.2
23-02-2025,28.5,79.5,BAREILLY,UTTAR PRADESH,D691,AONLA,25.25
24-02-2025,28.5,79.5,BAREILLY,UTTAR PRADESH,D691,AONLA,25.35
25-02-2025,28.5,79.5,BAREILLY,UTTAR PRADESH,D691,AONLA,25.07
26-02-2025,28.5,79.5,BAREILLY,UTTAR PRADESH,D691,AONLA,24.96
27-02-2025,28.5,79.5,BAREILLY,UTTAR PRADESH,D691,AONLA,25.43
28-02-2025,28.5,79.5,BAREILLY,UTTAR PRADESH,D691,AONLA,25.6
29-02-2025,28.5,79.5,BAREILLY,UTTAR PRADESH,D691,AONLA,26.59
01-03-2025,28.5,79.5,BAREILLY,UTTAR PRADESH,D691,AONLA,25.71
02-03-2025,28.5,79.5,BAREILLY,UTTAR PRADESH,D691,AONLA,26.25
03-03-2025,28.5,79.5,BAREILLY,UTTAR PRADESH,D691,AONLA,26.61
04-03-2025,28.5,79.5,BAREILLY,UTTAR PRADESH,D691,AONLA,26.47
05-03-2025,28.5,79.5,BAREILLY,UTTAR PRADESH,D691,AONLA,26.48
06-03-2025,28.5,79.5,BAREILLY,UTTAR PRADESH,D691,AONLA,26.64
07-03-2025,28.5,79.5,BAREILLY,UTTAR PRADESH,D691,AONLA,27.25
08-03-2025,28.5,79.5,BAREILLY,UTTAR PRADESH,D691,AONLA,27.55
09-03-2025,28.5,79.5,BAREILLY,UTTAR PRADESH,D691,AONLA,27.8
10-03-2025,28.5,79.5,BAREILLY,UTTAR PRADESH,D691,AONLA,27.18
11-03-2025,28.5,79.5,BAREILLY,UTTAR PRADESH,D691,AONLA,27.59
12-03-2025,28.5,79.5,BAREILLY,UTTAR PRADESH,D691,AONLA,27.76
13-03-2025,28.5,79.5,BAREILLY,UTTAR PRADESH,D691,AONLA,27.74
14-03-2025,28.5,79.5,BAREILLY,UTTAR PRADESH,D691,AONLA,27.87
15-03-2025,28.5,79.5,BAREILLY,UTTAR PRADESH,D691,AONLA,28.31
16-03-2025,28.5,79.5,BAREILLY,UTTAR PRADESH,D691,AONLA,29.19
17-03-2025,28.5,79.5,BAREILLY,UTTAR PRADESH,D691,AONLA,29.71
18-03-2025,28.5,79.5,BAREILLY,UTTAR PRADESH,D691,AONLA,30
19-03-2025,28.5,79.5,BAREILLY,UTTAR PRADESH,D691,AONLA,30.17
20-03-2025,28.5,79.5,BAREILLY,UTTAR PRADESH,D691,AONLA,30.53
21-03-2025,28.5,79.5,BAREILLY,UTTAR PRADESH,D691,AONLA,30.22
22-03-2025,28.5,79.5,BAREILLY,UTTAR PRADESH,D691,AONLA,30.4
23-03-2025,28.5,79.5,BAREILLY,UTTAR PRADESH,D691,AONLA,30.87
24-03-2025,28.5,79.5,BAREILLY,UTTAR PRADESH,D691,AONLA,31.2
25-03-2025,28.5,79.5,BAREILLY,UTTAR PRADESH,D691,AONLA,31.32
26-03-2025,28.5,79.5,BAREILLY,UTTAR PRADESH,D691,AONLA,31.68
27-03-2025,28.5,79.5,BAREILLY,UTTAR PRADESH,D691,AONLA,31.77
28-03-2025,28.5,79.5,BAREILLY,UTTAR PRADESH,D691,AONLA,32.56
29-03-2025,28.5,79.5,BAREILLY,UTTAR PRADESH,D691,AONLA,32.54
30-03-2025,28.5,79.5,BAREILLY,UTTAR PRADESH,D691,AONLA,32.67
31-03-2025,28.5,79.5,BAREILLY,UTTAR PRADESH,D691,AONLA,32.74
01-04-2025,28.5,79.5,BAREILLY,UTTAR PRADESH,D691,AONLA,33
02-04-2025,28.5,79.5,BAREILLY,UTTAR PRADESH,D691,AONLA,33.59
03-04-2025,28.5,79.5,BAREILLY,UTTAR PRADESH,D691,AONLA,33.73
04-04-2025,28.5,79.5,BAREILLY,UTTAR PRADESH,D691,AONLA,33.72
05-04-2025,28.5,79.5,BAREILLY,UTTAR PRADESH,D691,AONLA,34.06
06-04-2025,28.5,79.5,BAREILLY,UTTAR PRADESH,D691,AONLA,34.74
07-04-2025,28.5,79.5,BAREILLY,UTTAR PRADESH,D691,AONLA,34.8
08-04-2025,28.5,79.5,BAREILLY,UTTAR PRADESH,D691,AONLA,35
09-04-2025,28.5,79.5,BAREILLY,UTTAR PRADESH,D691,AONLA,34.86
10-04-2025,28.5,79.5,BAREILLY,UTTAR PRADESH,D691,AONLA,34.88
11-04-2025,28.5,79.5,BAREILLY,UTTAR PRADESH,D691,AONLA,35.59
12-04-2025,28.5,79.5,BAREILLY,UTTAR PRADESH,D691,AONLA,35.52
13-04-2025,28.5,79.5,BAREILLY,UTTAR PRADESH,D691,AONLA,35.46
14-04-2025,28.5,79.5,BAREILLY,UTTAR PRADESH,D691,AONLA,35.74
15-04-2025,28.5,79.5,BAREILLY,UTTAR PRADESH,D691,AONLA,36.29
16-04-2025,28.5,79.5,BAREILLY,UTTAR PRADESH,D691,AONLA,36.19
17-04-2025,28.5,79.5,BAREILLY,UTTAR PRADESH,D691,AONLA,35.72
18-04-2025,28.5,79.5,BAREILLY,UTTAR PRADESH,D691,AONLA,35.75
19-04-2025,28.5,79.5,BAREILLY,UTTAR PRADESH,D691,AONLA,36.52
20-04-2025,28.5,79.5,BAREILLY,UTTAR PRADESH,D691,AONLA,36.15
21-04-2025,28.5,79.5,BAREILLY,UTTAR PRADESH,D691,AONLA,36.09
22-04-2025,28.5,79.5,BAREILLY,UTTAR PRADESH,D691,AONLA,36.3
23-04-2025,28.5,79.5,BAREILLY,UTTAR PRADESH,D691,AONLA,36
24-04-2025,28.5,79.5,BAREILLY,UTTAR PRADESH,D691,AONLA,36.57
25-04-2025,28.5,79.5,BAREILLY,UTTAR PRADESH,D691,AONLA,37.07
26-04-2025,28.5,79.5,BAREILLY,UTTAR PRADESH,D691,AONLA,36.69
27-04-2025,28.5,79.5,BAREILLY,UTTAR PRADESH,D691,AONLA,36.73
28-04-2025,28.5,79.5,BAREILLY,UTTAR PRADESH,D691,AONLA,36.71
29-04-2025,28.5,79.5,BAREILLY,UTTAR PRADESH,D691,AONLA,37.22
30-04-2025,28.5,79.5,BAREILLY,UTTAR PRADESH,D691,AONLA,36.89
01-05-2025,28.5,79.5,BAREILLY,UTTAR PRADESH,D691,AONLA,36.32
02-05-2025,28.5,79.5,BAREILLY,UTTAR PRADESH,D691,AONLA,36.06
03-05-2025,28.5,79.5,BAREILLY,UTTAR PRADESH,D691,AONLA,35.89
04-05-2025,28.5,79.5,BAREILLY,UTTAR PRADESH,D691,AONLA,35.99
05-05-2025,28.5,79.5,BAREILLY,UTTAR PRADESH,D691,AONLA,36.13
06-05-2025,28.5,79.5,BAREILLY,UTTAR PRADESH,D691,AONLA,36.28
07-05-2025,28.5,79.5,BAREILLY,UTTAR PRADESH,D691,AONLA,36.38
08-05-2025,28.5,79.5,BAREILLY,UTTAR PRADESH,D691,AONLA,36.97
09-05-2025,28.5,79.5,BAREILLY,UTTAR PRADESH,D691,AONLA,37.12
10-05-2025,28.5,79.5,BAREILLY,UTTAR PRADESH,D691,AONLA,37.18
11-05-2025,28.5,79.5,BAREILLY,UTTAR PRADESH,D691,AONLA,36.8
12-05-2025,28.5,79.5,BAREILLY,UTTAR PRADESH,D691,AONLA,36.87
13-05-2025,28.5,79.5,BAREILLY,UTTAR PRADESH,D691,AONLA,36.52
14-05-2025,28.5,79.5,BAREILLY,UTTAR PRADESH,D691,AONLA,36.98
15-05-2025,28.5,79.5,BAREILLY,UTTAR PRADESH,D691,AONLA,37.79
16-05-2025,28.5,79.5,BAREILLY,UTTAR PRADESH,D691,AONLA,37.93
17-05-2025,28.5,79.5,BAREILLY,UTTAR PRADESH,D691,AONLA,37.76
18-05-2025,28.5,79.5,BAREILLY,UTTAR PRADESH,D691,AONLA,37.79
19-05-2025,28.5,79.5,BAREILLY,UTTAR PRADESH,D691,AONLA,37.53
20-05-2025,28.5,79.5,BAREILLY,UTTAR PRADESH,D691,AONLA,37.45
21-05-2025,28.5,79.5,BAREILLY,UTTAR PRADESH,D691,AONLA,37.58
22-05-2025,28.5,79.5,BAREILLY,UTTAR PRADESH,D691,AONLA,37.32
23-05-2025,28.5,79.5,BAREILLY,UTTAR PRADESH,D691,AONLA,37.23
24-05-2025,28.5,79.5,BAREILLY,UTTAR PRADESH,D691,AONLA,37.11
25-05-2025,28.5,79.5,BAREILLY,UTTAR PRADESH,D691,AONLA,37.63
26-05-2025,28.5,79.5,BAREILLY,UTTAR PRADESH,D691,AONLA,37.93
27-05-2025,28.5,79.5,BAREILLY,UTTAR PRADESH,D691,AONLA,37.82
28-05-2025,28.5,79.5,BAREILLY,UTTAR PRADESH,D691,AONLA,37.8
29-05-2025,28.5,79.5,BAREILLY,UTTAR PRADESH,D691,AONLA,37.65
30-05-2025,28.5,79.5,BAREILLY,UTTAR PRADESH,D691,AONLA,37.45
31-05-2025,28.5,79.5,BAREILLY,UTTAR PRADESH,D691,AONLA,37.73
01-06-2025,28.5,79.5,BAREILLY,UTTAR PRADESH,D691,AONLA,37.37
02-06-2025,28.5,79.5,BAREILLY,UTTAR PRADESH,D691,AONLA,37.47
03-06-2025,28.5,79.5,BAREILLY,UTTAR PRADESH,D691,AONLA,37.52
04-06-2025,28.5,79.5,BAREILLY,UTTAR PRADESH,D691,AONLA,37.43
05-06-2025,28.5,79.5,BAREILLY,UTTAR PRADESH,D691,AONLA,37.21
06-06-2025,28.5,79.5,BAREILLY,UTTAR PRADESH,D691,AONLA,36.93
07-06-2025,28.5,79.5,BAREILLY,UTTAR PRADESH,D691,AONLA,36.65
08-06-2025,28.5,79.5,BAREILLY,UTTAR PRADESH,D691,AONLA,36.94
09-06-2025,28.5,79.5,BAREILLY,UTTAR PRADESH,D691,AONLA,37.39
10-06-2025,28.5,79.5,BAREILLY,UTTAR PRADESH,D691,AONLA,37.53
11-06-2025,28.5,79.5,BAREILLY,UTTAR PRADESH,D691,AONLA,37.47
12-06-2025,28.5,79.5,BAREILLY,UTTAR PRADESH,D691,AONLA,37.3
13-06-2025,28.5,79.5,BAREILLY,UTTAR PRADESH,D691,AONLA,37.57
14-06-2025,28.5,79.5,BAREILLY,UTTAR PRADESH,D691,AONLA,37.07
15-06-2025,28.5,79.5,BAREILLY,UTTAR PRADESH,D691,AONLA,36.74
16-06-2025,28.5,79.5,BAREILLY,UTTAR PRADESH,D691,AONLA,35.7
17-06-2025,28.5,79.5,BAREILLY,UTTAR PRADESH,D691,AONLA,35.65
18-06-2025,28.5,79.5,BAREILLY,UTTAR PRADESH,D691,AONLA,34.81
19-06-2025,28.5,79.5,BAREILLY,UTTAR PRADESH,D691,AONLA,35.31
20-06-2025,28.5,79.5,BAREILLY,UTTAR PRADESH,D691,AONLA,35.2
21-06-2025,28.5,79.5,BAREILLY,UTTAR PRADESH,D691,AONLA,35.47
22-06-2025,28.5,79.5,BAREILLY,UTTAR PRADESH,D691,AONLA,35.42
23-06-2025,28.5,79.5,BAREILLY,UTTAR PRADESH,D691,AONLA,35.26
24-06-2025,28.5,79.5,BAREILLY,UTTAR PRADESH,D691,AONLA,34.55
25-06-2025,28.5,79.5,BAREILLY,UTTAR PRADESH,D691,AONLA,34.53
26-06-2025,28.5,79.5,BAREILLY,UTTAR PRADESH,D691,AONLA,34.56
27-06-2025,28.5,79.5,BAREILLY,UTTAR PRADESH,D691,AONLA,33.98
28-06-2025,28.5,79.5,BAREILLY,UTTAR PRADESH,D691,AONLA,33.93
29-06-2025,28.5,79.5,BAREILLY,UTTAR PRADESH,D691,AONLA,33.39
30-06-2025,28.5,79.5,BAREILLY,UTTAR PRADESH,D691,AONLA,33.52
01-07-2025,28.5,79.5,BAREILLY,UTTAR PRADESH,D691,AONLA,33.91
02-07-2025,28.5,79.5,BAREILLY,UTTAR PRADESH,D691,AONLA,33.9
03-07-2025,28.5,79.5,BAREILLY,UTTAR PRADESH,D691,AONLA,33.71
04-07-2025,28.5,79.5,BAREILLY,UTTAR PRADESH,D691,AONLA,34.08
05-07-2025,28.5,79.5,BAREILLY,UTTAR PRADESH,D691,AONLA,33.52
06-07-2025,28.5,79.5,BAREILLY,UTTAR PRADESH,D691,AONLA,32.94
07-07-2025,28.5,79.5,BAREILLY,UTTAR PRADESH,D691,AONLA,32.85
08-07-2025,28.5,79.5,BAREILLY,UTTAR PRADESH,D691,AONLA,33.46
09-07-2025,28.5,79.5,BAREILLY,UTTAR PRADESH,D691,AONLA,33.02
10-07-2025,28.5,79.5,BAREILLY,UTTAR PRADESH,D691,AONLA,32.75
11-07-2025,28.5,79.5,BAREILLY,UTTAR PRADESH,D691,AONLA,32.53
12-07-2025,28.5,79.5,BAREILLY,UTTAR PRADESH,D691,AONLA,32.51
13-07-2025,28.5,79.5,BAREILLY,UTTAR PRADESH,D691,AONLA,32.64
14-07-2025,28.5,79.5,BAREILLY,UTTAR PRADESH,D691,AONLA,32.52
15-07-2025,28.5,79.5,BAREILLY,UTTAR PRADESH,D691,AONLA,32.76
16-07-2025,28.5,79.5,BAREILLY,UTTAR PRADESH,D691,AONLA,32.75
17-07-2025,28.5,79.5,BAREILLY,UTTAR PRADESH,D691,AONLA,32.49
18-07-2025,28.5,79.5,BAREILLY,UTTAR PRADESH,D691,AONLA,32.65
19-07-2025,28.5,79.5,BAREILLY,UTTAR PRADESH,D691,AONLA,33.03
20-07-2025,28.5,79.5,BAREILLY,UTTAR PRADESH,D691,AONLA,32.48
21-07-2025,28.5,79.5,BAREILLY,UTTAR PRADESH,D691,AONLA,32.1
22-07-2025,28.5,79.5,BAREILLY,UTTAR PRADESH,D691,AONLA,32.38
23-07-2025,28.5,79.5,BAREILLY,UTTAR PRADESH,D691,AONLA,32.43
24-07-2025,28.5,79.5,BAREILLY,UTTAR PRADESH,D691,AONLA,32.62
25-07-2025,28.5,79.5,BAREILLY,UTTAR PRADESH,D691,AONLA,32.38
26-07-2025,28.5,79.5,BAREILLY,UTTAR PRADESH,D691,AONLA,32
27-07-2025,28.5,79.5,BAREILLY,UTTAR PRADESH,D691,AONLA,31.53
28-07-2025,28.5,79.5,BAREILLY,UTTAR PRADESH,D691,AONLA,31.39
29-07-2025,28.5,79.5,BAREILLY,UTTAR PRADESH,D691,AONLA,31.73
30-07-2025,28.5,79.5,BAREILLY,UTTAR PRADESH,D691,AONLA,31.84
31-07-2025,28.5,79.5,BAREILLY,UTTAR PRADESH,D691,AONLA,31.37
01-08-2025,28.5,79.5,BAREILLY,UTTAR PRADESH,D691,AONLA,31.86
02-08-2025,28.5,79.5,BAREILLY,UTTAR PRADESH,D691,AONLA,31.95
03-08-2025,28.5,79.5,BAREILLY,UTTAR PRADESH,D691,AONLA,31.87
04-08-2025,28.5,79.5,BAREILLY,UTTAR PRADESH,D691,AONLA,32.08
05-08-2025,28.5,79.5,BAREILLY,UTTAR PRADESH,D691,AONLA,32.21
06-08-2025,28.5,79.5,BAREILLY,UTTAR PRADESH,D691,AONLA,32.25
07-08-2025,28.5,79.5,BAREILLY,UTTAR PRADESH,D691,AONLA,32.51
08-08-2025,28.5,79.5,BAREILLY,UTTAR PRADESH,D691,AONLA,32.24
09-08-2025,28.5,79.5,BAREILLY,UTTAR PRADESH,D691,AONLA,32.2
10-08-2025,28.5,79.5,BAREILLY,UTTAR PRADESH,D691,AONLA,31.96
11-08-2025,28.5,79.5,BAREILLY,UTTAR PRADESH,D691,AONLA,31.85
12-08-2025,28.5,79.5,BAREILLY,UTTAR PRADESH,D691,AONLA,31.67
13-08-2025,28.5,79.5,BAREILLY,UTTAR PRADESH,D691,AONLA,31.35
14-08-2025,28.5,79.5,BAREILLY,UTTAR PRADESH,D691,AONLA,31.27
15-08-2025,28.5,79.5,BAREILLY,UTTAR PRADESH,D691,AONLA,31.7
16-08-2025,28.5,79.5,BAREILLY,UTTAR PRADESH,D691,AONLA,31.76
17-08-2025,28.5,79.5,BAREILLY,UTTAR PRADESH,D691,AONLA,32.15
18-08-2025,28.5,79.5,BAREILLY,UTTAR PRADESH,D691,AONLA,31.87
19-08-2025,28.5,79.5,BAREILLY,UTTAR PRADESH,D691,AONLA,31.69
20-08-2025,28.5,79.5,BAREILLY,UTTAR PRADESH,D691,AONLA,31.72
21-08-2025,28.5,79.5,BAREILLY,UTTAR PRADESH,D691,AONLA,31.8
22-08-2025,28.5,79.5,BAREILLY,UTTAR PRADESH,D691,AONLA,31.72
23-08-2025,28.5,79.5,BAREILLY,UTTAR PRADESH,D691,AONLA,31.81
24-08-2025,28.5,79.5,BAREILLY,UTTAR PRADESH,D691,AONLA,31.79
25-08-2025,28.5,79.5,BAREILLY,UTTAR PRADESH,D691,AONLA,31.94
26-08-2025,28.5,79.5,BAREILLY,UTTAR PRADESH,D691,AONLA,32.13
27-08-2025,28.5,79.5,BAREILLY,UTTAR PRADESH,D691,AONLA,32.42
28-08-2025,28.5,79.5,BAREILLY,UTTAR PRADESH,D691,AONLA,32.29
29-08-2025,28.5,79.5,BAREILLY,UTTAR PRADESH,D691,AONLA,32.03
30-08-2025,28.5,79.5,BAREILLY,UTTAR PRADESH,D691,AONLA,32.12
31-08-2025,28.5,79.5,BAREILLY,UTTAR PRADESH,D691,AONLA,32.07
01-09-2025,28.5,79.5,BAREILLY,UTTAR PRADESH,D691,AONLA,32.09
02-09-2025,28.5,79.5,BAREILLY,UTTAR PRADESH,D691,AONLA,31.7
03-09-2025,28.5,79.5,BAREILLY,UTTAR PRADESH,D691,AONLA,32.05
04-09-2025,28.5,79.5,BAREILLY,UTTAR PRADESH,D691,AONLA,31.93
05-09-2025,28.5,79.5,BAREILLY,UTTAR PRADESH,D691,AONLA,31.79
06-09-2025,28.5,79.5,BAREILLY,UTTAR PRADESH,D691,AONLA,31.58
07-09-2025,28.5,79.5,BAREILLY,UTTAR PRADESH,D691,AONLA,31.83
08-09-2025,28.5,79.5,BAREILLY,UTTAR PRADESH,D691,AONLA,31.86
09-09-2025,28.5,79.5,BAREILLY,UTTAR PRADESH,D691,AONLA,31.89
10-09-2025,28.5,79.5,BAREILLY,UTTAR PRADESH,D691,AONLA,32.05
11-09-2025,28.5,79.5,BAREILLY,UTTAR PRADESH,D691,AONLA,31.73
12-09-2025,28.5,79.5,BAREILLY,UTTAR PRADESH,D691,AONLA,31.3
13-09-2025,28.5,79.5,BAREILLY,UTTAR PRADESH,D691,AONLA,31.8
14-09-2025,28.5,79.5,BAREILLY,UTTAR PRADESH,D691,AONLA,31.94
15-09-2025,28.5,79.5,BAREILLY,UTTAR PRADESH,D691,AONLA,31.57
16-09-2025,28.5,79.5,BAREILLY,UTTAR PRADESH,D691,AONLA,30.99
17-09-2025,28.5,79.5,BAREILLY,UTTAR PRADESH,D691,AONLA,31.49
18-09-2025,28.5,79.5,BAREILLY,UTTAR PRADESH,D691,AONLA,31.59
19-09-2025,28.5,79.5,BAREILLY,UTTAR PRADESH,D691,AONLA,31.65
20-09-2025,28.5,79.5,BAREILLY,UTTAR PRADESH,D691,AONLA,31.89
21-09-2025,28.5,79.5,BAREILLY,UTTAR PRADESH,D691,AONLA,31.69
22-09-2025,28.5,79.5,BAREILLY,UTTAR PRADESH,D691,AONLA,31.12
23-09-2025,28.5,79.5,BAREILLY,UTTAR PRADESH,D691,AONLA,31.25
24-09-2025,28.5,79.5,BAREILLY,UTTAR PRADESH,D691,AONLA,31.09
25-09-2025,28.5,79.5,BAREILLY,UTTAR PRADESH,D691,AONLA,31.23
26-09-2025,28.5,79.5,BAREILLY,UTTAR PRADESH,D691,AONLA,31.65
27-09-2025,28.5,79.5,BAREILLY,UTTAR PRADESH,D691,AONLA,31.98
28-09-2025,28.5,79.5,BAREILLY,UTTAR PRADESH,D691,AONLA,32.14
29-09-2025,28.5,79.5,BAREILLY,UTTAR PRADESH,D691,AONLA,32.27
30-09-2025,28.5,79.5,BAREILLY,UTTAR PRADESH,D691,AONLA,31.93
01-10-2025,28.5,79.5,BAREILLY,UTTAR PRADESH,D691,AONLA,32.12
02-10-2025,28.5,79.5,BAREILLY,UTTAR PRADESH,D691,AONLA,32.06
03-10-2025,28.5,79.5,BAREILLY,UTTAR PRADESH,D691,AONLA,31.74
04-10-2025,28.5,79.5,BAREILLY,UTTAR PRADESH,D691,AONLA,31.59
05-10-2025,28.5,79.5,BAREILLY,UTTAR PRADESH,D691,AONLA,31.67
06-10-2025,28.5,79.5,BAREILLY,UTTAR PRADESH,D691,AONLA,31.48
07-10-2025,28.5,79.5,BAREILLY,UTTAR PRADESH,D691,AONLA,31.52
08-10-2025,28.5,79.5,BAREILLY,UTTAR PRADESH,D691,AONLA,31.58
09-10-2025,28.5,79.5,BAREILLY,UTTAR PRADESH,D691,AONLA,31.71
10-10-2025,28.5,79.5,BAREILLY,UTTAR PRADESH,D691,AONLA,31.77
11-10-2025,28.5,79.5,BAREILLY,UTTAR PRADESH,D691,AONLA,31.17
12-10-2025,28.5,79.5,BAREILLY,UTTAR PRADESH,D691,AONLA,31.5
13-10-2025,28.5,79.5,BAREILLY,UTTAR PRADESH,D691,AONLA,31.4
14-10-2025,28.5,79.5,BAREILLY,UTTAR PRADESH,D691,AONLA,31.11
15-10-2025,28.5,79.5,BAREILLY,UTTAR PRADESH,D691,AONLA,31.23
16-10-2025,28.5,79.5,BAREILLY,UTTAR PRADESH,D691,AONLA,31.1
17-10-2025,28.5,79.5,BAREILLY,UTTAR PRADESH,D691,AONLA,30.8
18-10-2025,28.5,79.5,BAREILLY,UTTAR PRADESH,D691,AONLA,30.76
19-10-2025,28.5,79.5,BAREILLY,UTTAR PRADESH,D691,AONLA,30.71
20-10-2025,28.5,79.5,BAREILLY,UTTAR PRADESH,D691,AONLA,30.61
21-10-2025,28.5,79.5,BAREILLY,UTTAR PRADESH,D691,AONLA,30.5
22-10-2025,28.5,79.5,BAREILLY,UTTAR PRADESH,D691,AONLA,30.28
23-10-2025,28.5,79.5,BAREILLY,UTTAR PRADESH,D691,AONLA,30.11
24-10-2025,28.5,79.5,BAREILLY,UTTAR PRADESH,D691,AONLA,29.98
25-10-2025,28.5,79.5,BAREILLY,UTTAR PRADESH,D691,AONLA,29.86
26-10-2025,28.5,79.5,BAREILLY,UTTAR PRADESH,D691,AONLA,29.76
27-10-2025,28.5,79.5,BAREILLY,UTTAR PRADESH,D691,AONLA,29.46
28-10-2025,28.5,79.5,BAREILLY,UTTAR PRADESH,D691,AONLA,29.23
29-10-2025,28.5,79.5,BAREILLY,UTTAR PRADESH,D691,AONLA,29.24
30-10-2025,28.5,79.5,BAREILLY,UTTAR PRADESH,D691,AONLA,29.16
31-10-2025,28.5,79.5,BAREILLY,UTTAR PRADESH,D691,AONLA,29.28
01-11-2025,28.5,79.5,BAREILLY,UTTAR PRADESH,D691,AONLA,29.34
02-11-2025,28.5,79.5,BAREILLY,UTTAR PRADESH,D691,AONLA,29.29
03-11-2025,28.5,79.5,BAREILLY,UTTAR PRADESH,D691,AONLA,29.02
04-11-2025,28.5,79.5,BAREILLY,UTTAR PRADESH,D691,AONLA,28.77
05-11-2025,28.5,79.5,BAREILLY,UTTAR PRADESH,D691,AONLA,28.61
06-11-2025,28.5,79.5,BAREILLY,UTTAR PRADESH,D691,AONLA,28.29
07-11-2025,28.5,79.5,BAREILLY,UTTAR PRADESH,D691,AONLA,28.12
08-11-2025,28.5,79.5,BAREILLY,UTTAR PRADESH,D691,AONLA,27.96
09-11-2025,28.5,79.5,BAREILLY,UTTAR PRADESH,D691,AONLA,28.11
10-11-2025,28.5,79.5,BAREILLY,UTTAR PRADESH,D691,AONLA,27.78
11-11-2025,28.5,79.5,BAREILLY,UTTAR PRADESH,D691,AONLA,27.6
12-11-2025,28.5,79.5,BAREILLY,UTTAR PRADESH,D691,AONLA,27.31
13-11-2025,28.5,79.5,BAREILLY,UTTAR PRADESH,D691,AONLA,27.34
14-11-2025,28.5,79.5,BAREILLY,UTTAR PRADESH,D691,AONLA,27.16
15-11-2025,28.5,79.5,BAREILLY,UTTAR PRADESH,D691,AONLA,27.16
16-11-2025,28.5,79.5,BAREILLY,UTTAR PRADESH,D691,AONLA,26.94
17-11-2025,28.5,79.5,BAREILLY,UTTAR PRADESH,D691,AONLA,26.64
18-11-2025,28.5,79.5,BAREILLY,UTTAR PRADESH,D691,AONLA,26.57
19-11-2025,28.5,79.5,BAREILLY,UTTAR PRADESH,D691,AONLA,26.31
20-11-2025,28.5,79.5,BAREILLY,UTTAR PRADESH,D691,AONLA,26.22
21-11-2025,28.5,79.5,BAREILLY,UTTAR PRADESH,D691,AONLA,26.09
22-11-2025,28.5,79.5,BAREILLY,UTTAR PRADESH,D691,AONLA,25.83
23-11-2025,28.5,79.5,BAREILLY,UTTAR PRADESH,D691,AONLA,25.78
24-11-2025,28.5,79.5,BAREILLY,UTTAR PRADESH,D691,AONLA,25.6
25-11-2025,28.5,79.5,BAREILLY,UTTAR PRADESH,D691,AONLA,25.39
26-11-2025,28.5,79.5,BAREILLY,UTTAR PRADESH,D691,AONLA,25.35
27-11-2025,28.5,79.5,BAREILLY,UTTAR PRADESH,D691,AONLA,25.1
28-11-2025,28.5,79.5,BAREILLY,UTTAR PRADESH,D691,AONLA,24.98
29-11-2025,28.5,79.5,BAREILLY,UTTAR PRADESH,D691,AONLA,25.14
30-11-2025,28.5,79.5,BAREILLY,UTTAR PRADESH,D691,AONLA,25.03
01-12-2025,28.5,79.5,BAREILLY,UTTAR PRADESH,D691,AONLA,24.6
02-12-2025,28.5,79.5,BAREILLY,UTTAR PRADESH,D691,AONLA,24.4
03-12-2025,28.5,79.5,BAREILLY,UTTAR PRADESH,D691,AONLA,24.49
04-12-2025,28.5,79.5,BAREILLY,UTTAR PRADESH,D691,AONLA,24.19
05-12-2025,28.5,79.5,BAREILLY,UTTAR PRADESH,D691,AONLA,24.24
06-12-2025,28.5,79.5,BAREILLY,UTTAR PRADESH,D691,AONLA,24.25
07-12-2025,28.5,79.5,BAREILLY,UTTAR PRADESH,D691,AONLA,24.07
08-12-2025,28.5,79.5,BAREILLY,UTTAR PRADESH,D691,AONLA,23.84
09-12-2025,28.5,79.5,BAREILLY,UTTAR PRADESH,D691,AONLA,23.47
10-12-2025,28.5,79.5,BAREILLY,UTTAR PRADESH,D691,AONLA,23.22
11-12-2025,28.5,79.5,BAREILLY,UTTAR PRADESH,D691,AONLA,22.83
12-12-2025,28.5,79.5,BAREILLY,UTTAR PRADESH,D691,AONLA,22.67
13-12-2025,28.5,79.5,BAREILLY,UTTAR PRADESH,D691,AONLA,21.98
14-12-2025,28.5,79.5,BAREILLY,UTTAR PRADESH,D691,AONLA,21.64
15-12-2025,28.5,79.5,BAREILLY,UTTAR PRADESH,D691,AONLA,21.85
16-12-2025,28.5,79.5,BAREILLY,UTTAR PRADESH,D691,AONLA,21.6
17-12-2025,28.5,79.5,BAREILLY,UTTAR PRADESH,D691,AONLA,21.89
18-12-2025,28.5,79.5,BAREILLY,UTTAR PRADESH,D691,AONLA,21.5
19-12-2025,28.5,79.5,BAREILLY,UTTAR PRADESH,D691,AONLA,21.03
20-12-2025,28.5,79.5,BAREILLY,UTTAR PRADESH,D691,AONLA,20.75
21-12-2025,28.5,79.5,BAREILLY,UTTAR PRADESH,D691,AONLA,21.08
22-12-2025,28.5,79.5,BAREILLY,UTTAR PRADESH,D691,AONLA,20.97
23-12-2025,28.5,79.5,BAREILLY,UTTAR PRADESH,D691,AONLA,20.6
24-12-2025,28.5,79.5,BAREILLY,UTTAR PRADESH,D691,AONLA,20.61
25-12-2025,28.5,79.5,BAREILLY,UTTAR PRADESH,D691,AONLA,20.24
26-12-2025,28.5,79.5,BAREILLY,UTTAR PRADESH,D691,AONLA,19.83
27-12-2025,28.5,79.5,BAREILLY,UTTAR PRADESH,D691,AONLA,19.95
28-12-2025,28.5,79.5,BAREILLY,UTTAR PRADESH,D691,AONLA,19.52
29-12-2025,28.5,79.5,BAREILLY,UTTAR PRADESH,D691,AONLA,19.42
30-12-2025,28.5,79.5,BAREILLY,UTTAR PRADESH,D691,AONLA,18.44
31-12-2025,28.5,79.5,BAREILLY,UTTAR PRADESH,D691,AONLA,18.24
01-01-2025,29.5,78.5,BIJNOR,UTTAR PRADESH,D694,AFZALGARH,16.46
02-01-2025,29.5,78.5,BIJNOR,UTTAR PRADESH,D694,AFZALGARH,16.43
03-01-2025,29.5,78.5,BIJNOR,UTTAR PRADESH,D694,AFZALGARH,16.51
04-01-2025,29.5,78.5,BIJNOR,UTTAR PRADESH,D694,AFZALGARH,16.02
05-01-2025,29.5,78.5,BIJNOR,UTTAR PRADESH,D694,AFZALGARH,15.99
06-01-2025,29.5,78.5,BIJNOR,UTTAR PRADESH,D694,AFZALGARH,16.15
07-01-2025,29.5,78.5,BIJNOR,UTTAR PRADESH,D694,AFZALGARH,16.2
08-01-2025,29.5,78.5,BIJNOR,UTTAR PRADESH,D694,AFZALGARH,16.02
09-01-2025,29.5,78.5,BIJNOR,UTTAR PRADESH,D694,AFZALGARH,15.94
10-01-2025,29.5,78.5,BIJNOR,UTTAR PRADESH,D694,AFZALGARH,16.46
11-01-2025,29.5,78.5,BIJNOR,UTTAR PRADESH,D694,AFZALGARH,16.64
12-01-2025,29.5,78.5,BIJNOR,UTTAR PRADESH,D694,AFZALGARH,16.68
13-01-2025,29.5,78.5,BIJNOR,UTTAR PRADESH,D694,AFZALGARH,17.35
14-01-2025,29.5,78.5,BIJNOR,UTTAR PRADESH,D694,AFZALGARH,17.32
15-01-2025,29.5,78.5,BIJNOR,UTTAR PRADESH,D694,AFZALGARH,16.75
16-01-2025,29.5,78.5,BIJNOR,UTTAR PRADESH,D694,AFZALGARH,16.59
17-01-2025,29.5,78.5,BIJNOR,UTTAR PRADESH,D694,AFZALGARH,16.49
18-01-2025,29.5,78.5,BIJNOR,UTTAR PRADESH,D694,AFZALGARH,16.5
19-01-2025,29.5,78.5,BIJNOR,UTTAR PRADESH,D694,AFZALGARH,16.87
20-01-2025,29.5,78.5,BIJNOR,UTTAR PRADESH,D694,AFZALGARH,16.72
21-01-2025,29.5,78.5,BIJNOR,UTTAR PRADESH,D694,AFZALGARH,16.52
22-01-2025,29.5,78.5,BIJNOR,UTTAR PRADESH,D694,AFZALGARH,16.64
23-01-2025,29.5,78.5,BIJNOR,UTTAR PRADESH,D694,AFZALGARH,16.76
24-01-2025,29.5,78.5,BIJNOR,UTTAR PRADESH,D694,AFZALGARH,17.11
25-01-2025,29.5,78.5,BIJNOR,UTTAR PRADESH,D694,AFZALGARH,17.44
26-01-2025,29.5,78.5,BIJNOR,UTTAR PRADESH,D694,AFZALGARH,17.67
27-01-2025,29.5,78.5,BIJNOR,UTTAR PRADESH,D694,AFZALGARH,18.11
28-01-2025,29.5,78.5,BIJNOR,UTTAR PRADESH,D694,AFZALGARH,17.94
29-01-2025,29.5,78.5,BIJNOR,UTTAR PRADESH,D694,AFZALGARH,18.45
30-01-2025,29.5,78.5,BIJNOR,UTTAR PRADESH,D694,AFZALGARH,18.89
31-01-2025,29.5,78.5,BIJNOR,UTTAR PRADESH,D694,AFZALGARH,18.7
01-02-2025,29.5,78.5,BIJNOR,UTTAR PRADESH,D694,AFZALGARH,18.29
02-02-2025,29.5,78.5,BIJNOR,UTTAR PRADESH,D694,AFZALGARH,19.4
03-02-2025,29.5,78.5,BIJNOR,UTTAR PRADESH,D694,AFZALGARH,19.28
04-02-2025,29.5,78.5,BIJNOR,UTTAR PRADESH,D694,AFZALGARH,19.04
05-02-2025,29.5,78.5,BIJNOR,UTTAR PRADESH,D694,AFZALGARH,18.82
06-02-2025,29.5,78.5,BIJNOR,UTTAR PRADESH,D694,AFZALGARH,19.25
07-02-2025,29.5,78.5,BIJNOR,UTTAR PRADESH,D694,AFZALGARH,19.31
08-02-2025,29.5,78.5,BIJNOR,UTTAR PRADESH,D694,AFZALGARH,19.02
09-02-2025,29.5,78.5,BIJNOR,UTTAR PRADESH,D694,AFZALGARH,19.39
10-02-2025,29.5,78.5,BIJNOR,UTTAR PRADESH,D694,AFZALGARH,19.7
11-02-2025,29.5,78.5,BIJNOR,UTTAR PRADESH,D694,AFZALGARH,19.65
12-02-2025,29.5,78.5,BIJNOR,UTTAR PRADESH,D694,AFZALGARH,20.15
13-02-2025,29.5,78.5,BIJNOR,UTTAR PRADESH,D694,AFZALGARH,20.62
14-02-2025,29.5,78.5,BIJNOR,UTTAR PRADESH,D694,AFZALGARH,20.51
15-02-2025,29.5,78.5,BIJNOR,UTTAR PRADESH,D694,AFZALGARH,20.42
16-02-2025,29.5,78.5,BIJNOR,UTTAR PRADESH,D694,AFZALGARH,20.86
17-02-2025,29.5,78.5,BIJNOR,UTTAR PRADESH,D694,AFZALGARH,21.28
18-02-2025,29.5,78.5,BIJNOR,UTTAR PRADESH,D694,AFZALGARH,21.69
19-02-2025,29.5,78.5,BIJNOR,UTTAR PRADESH,D694,AFZALGARH,21.95
20-02-2025,29.5,78.5,BIJNOR,UTTAR PRADESH,D694,AFZALGARH,21.79
21-02-2025,29.5,78.5,BIJNOR,UTTAR PRADESH,D694,AFZALGARH,22.02
22-02-2025,29.5,78.5,BIJNOR,UTTAR PRADESH,D694,AFZALGARH,22.26
23-02-2025,29.5,78.5,BIJNOR,UTTAR PRADESH,D694,AFZALGARH,22.33
24-02-2025,29.5,78.5,BIJNOR,UTTAR PRADESH,D694,AFZALGARH,22.2
25-02-2025,29.5,78.5,BIJNOR,UTTAR PRADESH,D694,AFZALGARH,22.27
26-02-2025,29.5,78.5,BIJNOR,UTTAR PRADESH,D694,AFZALGARH,22.25
27-02-2025,29.5,78.5,BIJNOR,UTTAR PRADESH,D694,AFZALGARH,22.35
28-02-2025,29.5,78.5,BIJNOR,UTTAR PRADESH,D694,AFZALGARH,22.52
29-02-2025,29.5,78.5,BIJNOR,UTTAR PRADESH,D694,AFZALGARH,24.07
01-03-2025,29.5,78.5,BIJNOR,UTTAR PRADESH,D694,AFZALGARH,22.65
02-03-2025,29.5,78.5,BIJNOR,UTTAR PRADESH,D694,AFZALGARH,23.12
03-03-2025,29.5,78.5,BIJNOR,UTTAR PRADESH,D694,AFZALGARH,23.44
04-03-2025,29.5,78.5,BIJNOR,UTTAR PRADESH,D694,AFZALGARH,23.4
05-03-2025,29.5,78.5,BIJNOR,UTTAR PRADESH,D694,AFZALGARH,23.45
06-03-2025,29.5,78.5,BIJNOR,UTTAR PRADESH,D694,AFZALGARH,23.65
07-03-2025,29.5,78.5,BIJNOR,UTTAR PRADESH,D694,AFZALGARH,24.07
08-03-2025,29.5,78.5,BIJNOR,UTTAR PRADESH,D694,AFZALGARH,24.5
09-03-2025,29.5,78.5,BIJNOR,UTTAR PRADESH,D694,AFZALGARH,25.01
10-03-2025,29.5,78.5,BIJNOR,UTTAR PRADESH,D694,AFZALGARH,24.44
11-03-2025,29.5,78.5,BIJNOR,UTTAR PRADESH,D694,AFZALGARH,24.65
12-03-2025,29.5,78.5,BIJNOR,UTTAR PRADESH,D694,AFZALGARH,24.88
13-03-2025,29.5,78.5,BIJNOR,UTTAR PRADESH,D694,AFZALGARH,24.74
14-03-2025,29.5,78.5,BIJNOR,UTTAR PRADESH,D694,AFZALGARH,25.08
15-03-2025,29.5,78.5,BIJNOR,UTTAR PRADESH,D694,AFZALGARH,25.39
16-03-2025,29.5,78.5,BIJNOR,UTTAR PRADESH,D694,AFZALGARH,25.99
17-03-2025,29.5,78.5,BIJNOR,UTTAR PRADESH,D694,AFZALGARH,26.58
18-03-2025,29.5,78.5,BIJNOR,UTTAR PRADESH,D694,AFZALGARH,26.71
19-03-2025,29.5,78.5,BIJNOR,UTTAR PRADESH,D694,AFZALGARH,27.34
20-03-2025,29.5,78.5,BIJNOR,UTTAR PRADESH,D694,AFZALGARH,27.5
21-03-2025,29.5,78.5,BIJNOR,UTTAR PRADESH,D694,AFZALGARH,26.97
22-03-2025,29.5,78.5,BIJNOR,UTTAR PRADESH,D694,AFZALGARH,27.29
23-03-2025,29.5,78.5,BIJNOR,UTTAR PRADESH,D694,AFZALGARH,27.57
24-03-2025,29.5,78.5,BIJNOR,UTTAR PRADESH,D694,AFZALGARH,27.96
25-03-2025,29.5,78.5,BIJNOR,UTTAR PRADESH,D694,AFZALGARH,28.03
26-03-2025,29.5,78.5,BIJNOR,UTTAR PRADESH,D694,AFZALGARH,28.25
27-03-2025,29.5,78.5,BIJNOR,UTTAR PRADESH,D694,AFZALGARH,28.38
28-03-2025,29.5,78.5,BIJNOR,UTTAR PRADESH,D694,AFZALGARH,29.27
29-03-2025,29.5,78.5,BIJNOR,UTTAR PRADESH,D694,AFZALGARH,29.09
30-03-2025,29.5,78.5,BIJNOR,UTTAR PRADESH,D694,AFZALGARH,29.27
31-03-2025,29.5,78.5,BIJNOR,UTTAR PRADESH,D694,AFZALGARH,29.15
01-04-2025,29.5,78.5,BIJNOR,UTTAR PRADESH,D694,AFZALGARH,29.2
02-04-2025,29.5,78.5,BIJNOR,UTTAR PRADESH,D694,AFZALGARH,29.9
03-04-2025,29.5,78.5,BIJNOR,UTTAR PRADESH,D694,AFZALGARH,29.7
04-04-2025,29.5,78.5,BIJNOR,UTTAR PRADESH,D694,AFZALGARH,29.82
05-04-2025,29.5,78.5,BIJNOR,UTTAR PRADESH,D694,AFZALGARH,30.18
06-04-2025,29.5,78.5,BIJNOR,UTTAR PRADESH,D694,AFZALGARH,30.82
07-04-2025,29.5,78.5,BIJNOR,UTTAR PRADESH,D694,AFZALGARH,30.72
08-04-2025,29.5,78.5,BIJNOR,UTTAR PRADESH,D694,AFZALGARH,31.21
09-04-2025,29.5,78.5,BIJNOR,UTTAR PRADESH,D694,AFZALGARH,31.38
10-04-2025,29.5,78.5,BIJNOR,UTTAR PRADESH,D694,AFZALGARH,31.17
11-04-2025,29.5,78.5,BIJNOR,UTTAR PRADESH,D694,AFZALGARH,31.55
12-04-2025,29.5,78.5,BIJNOR,UTTAR PRADESH,D694,AFZALGARH,31.55
13-04-2025,29.5,78.5,BIJNOR,UTTAR PRADESH,D694,AFZALGARH,31.49
14-04-2025,29.5,78.5,BIJNOR,UTTAR PRADESH,D694,AFZALGARH,31.94
15-04-2025,29.5,78.5,BIJNOR,UTTAR PRADESH,D694,AFZALGARH,32.55
16-04-2025,29.5,78.5,BIJNOR,UTTAR PRADESH,D694,AFZALGARH,32.22
17-04-2025,29.5,78.5,BIJNOR,UTTAR PRADESH,D694,AFZALGARH,31.88
18-04-2025,29.5,78.5,BIJNOR,UTTAR PRADESH,D694,AFZALGARH,31.85
19-04-2025,29.5,78.5,BIJNOR,UTTAR PRADESH,D694,AFZALGARH,32.41
20-04-2025,29.5,78.5,BIJNOR,UTTAR PRADESH,D694,AFZALGARH,32.1
21-04-2025,29.5,78.5,BIJNOR,UTTAR PRADESH,D694,AFZALGARH,32.22
22-04-2025,29.5,78.5,BIJNOR,UTTAR PRADESH,D694,AFZALGARH,32.21
23-04-2025,29.5,78.5,BIJNOR,UTTAR PRADESH,D694,AFZALGARH,32.12
24-04-2025,29.5,78.5,BIJNOR,UTTAR PRADESH,D694,AFZALGARH,32.56
25-04-2025,29.5,78.5,BIJNOR,UTTAR PRADESH,D694,AFZALGARH,33.13
26-04-2025,29.5,78.5,BIJNOR,UTTAR PRADESH,D694,AFZALGARH,32.79
27-04-2025,29.5,78.5,BIJNOR,UTTAR PRADESH,D694,AFZALGARH,32.92
28-04-2025,29.5,78.5,BIJNOR,UTTAR PRADESH,D694,AFZALGARH,33.24
29-04-2025,29.5,78.5,BIJNOR,UTTAR PRADESH,D694,AFZALGARH,33.72
30-04-2025,29.5,78.5,BIJNOR,UTTAR PRADESH,D694,AFZALGARH,33.66
01-05-2025,29.5,78.5,BIJNOR,UTTAR PRADESH,D694,AFZALGARH,33.14
02-05-2025,29.5,78.5,BIJNOR,UTTAR PRADESH,D694,AFZALGARH,32.26
03-05-2025,29.5,78.5,BIJNOR,UTTAR PRADESH,D694,AFZALGARH,32.33
04-05-2025,29.5,78.5,BIJNOR,UTTAR PRADESH,D694,AFZALGARH,32.76
05-05-2025,29.5,78.5,BIJNOR,UTTAR PRADESH,D694,AFZALGARH,32.82
06-05-2025,29.5,78.5,BIJNOR,UTTAR PRADESH,D694,AFZALGARH,32.92
07-05-2025,29.5,78.5,BIJNOR,UTTAR PRADESH,D694,AFZALGARH,33.13
08-05-2025,29.5,78.5,BIJNOR,UTTAR PRADESH,D694,AFZALGARH,33.72
09-05-2025,29.5,78.5,BIJNOR,UTTAR PRADESH,D694,AFZALGARH,33.74
10-05-2025,29.5,78.5,BIJNOR,UTTAR PRADESH,D694,AFZALGARH,33.55
11-05-2025,29.5,78.5,BIJNOR,UTTAR PRADESH,D694,AFZALGARH,33.26
12-05-2025,29.5,78.5,BIJNOR,UTTAR PRADESH,D694,AFZALGARH,33.2
13-05-2025,29.5,78.5,BIJNOR,UTTAR PRADESH,D694,AFZALGARH,33.08
14-05-2025,29.5,78.5,BIJNOR,UTTAR PRADESH,D694,AFZALGARH,33.57
15-05-2025,29.5,78.5,BIJNOR,UTTAR PRADESH,D694,AFZALGARH,34.07
16-05-2025,29.5,78.5,BIJNOR,UTTAR PRADESH,D694,AFZALGARH,34.38
17-05-2025,29.5,78.5,BIJNOR,UTTAR PRADESH,D694,AFZALGARH,34.05
18-05-2025,29.5,78.5,BIJNOR,UTTAR PRADESH,D694,AFZALGARH,34.15
19-05-2025,29.5,78.5,BIJNOR,UTTAR PRADESH,D694,AFZALGARH,34.11
20-05-2025,29.5,78.5,BIJNOR,UTTAR PRADESH,D694,AFZALGARH,34.03
21-05-2025,29.5,78.5,BIJNOR,UTTAR PRADESH,D694,AFZALGARH,34.21
22-05-2025,29.5,78.5,BIJNOR,UTTAR PRADESH,D694,AFZALGARH,34.05
23-05-2025,29.5,78.5,BIJNOR,UTTAR PRADESH,D694,AFZALGARH,33.83
24-05-2025,29.5,78.5,BIJNOR,UTTAR PRADESH,D694,AFZALGARH,33.64
25-05-2025,29.5,78.5,BIJNOR,UTTAR PRADESH,D694,AFZALGARH,33.86
26-05-2025,29.5,78.5,BIJNOR,UTTAR PRADESH,D694,AFZALGARH,34.21
27-05-2025,29.5,78.5,BIJNOR,UTTAR PRADESH,D694,AFZALGARH,34.01
28-05-2025,29.5,78.5,BIJNOR,UTTAR PRADESH,D694,AFZALGARH,34.28
29-05-2025,29.5,78.5,BIJNOR,UTTAR PRADESH,D694,AFZALGARH,33.92
30-05-2025,29.5,78.5,BIJNOR,UTTAR PRADESH,D694,AFZALGARH,33.65
31-05-2025,29.5,78.5,BIJNOR,UTTAR PRADESH,D694,AFZALGARH,34.36
01-06-2025,29.5,78.5,BIJNOR,UTTAR PRADESH,D694,AFZALGARH,33.9
02-06-2025,29.5,78.5,BIJNOR,UTTAR PRADESH,D694,AFZALGARH,34.26
03-06-2025,29.5,78.5,BIJNOR,UTTAR PRADESH,D694,AFZALGARH,34.17
04-06-2025,29.5,78.5,BIJNOR,UTTAR PRADESH,D694,AFZALGARH,34.41
05-06-2025,29.5,78.5,BIJNOR,UTTAR PRADESH,D694,AFZALGARH,34.42
06-06-2025,29.5,78.5,BIJNOR,UTTAR PRADESH,D694,AFZALGARH,33.72
07-06-2025,29.5,78.5,BIJNOR,UTTAR PRADESH,D694,AFZALGARH,33.26
08-06-2025,29.5,78.5,BIJNOR,UTTAR PRADESH,D694,AFZALGARH,33.51
09-06-2025,29.5,78.5,BIJNOR,UTTAR PRADESH,D694,AFZALGARH,34.2
10-06-2025,29.5,78.5,BIJNOR,UTTAR PRADESH,D694,AFZALGARH,34.28
11-06-2025,29.5,78.5,BIJNOR,UTTAR PRADESH,D694,AFZALGARH,33.97
12-06-2025,29.5,78.5,BIJNOR,UTTAR PRADESH,D694,AFZALGARH,34.13
13-06-2025,29.5,78.5,BIJNOR,UTTAR PRADESH,D694,AFZALGARH,33.95
14-06-2025,29.5,78.5,BIJNOR,UTTAR PRADESH,D694,AFZALGARH,33.73
15-06-2025,29.5,78.5,BIJNOR,UTTAR PRADESH,D694,AFZALGARH,33.18
16-06-2025,29.5,78.5,BIJNOR,UTTAR PRADESH,D694,AFZALGARH,32.51
17-06-2025,29.5,78.5,BIJNOR,UTTAR PRADESH,D694,AFZALGARH,32.27
18-06-2025,29.5,78.5,BIJNOR,UTTAR PRADESH,D694,AFZALGARH,31.33
19-06-2025,29.5,78.5,BIJNOR,UTTAR PRADESH,D694,AFZALGARH,32.01
20-06-2025,29.5,78.5,BIJNOR,UTTAR PRADESH,D694,AFZALGARH,31.94
21-06-2025,29.5,78.5,BIJNOR,UTTAR PRADESH,D694,AFZALGARH,32.2
22-06-2025,29.5,78.5,BIJNOR,UTTAR PRADESH,D694,AFZALGARH,32.32
23-06-2025,29.5,78.5,BIJNOR,UTTAR PRADESH,D694,AFZALGARH,32.4
24-06-2025,29.5,78.5,BIJNOR,UTTAR PRADESH,D694,AFZALGARH,31.37
25-06-2025,29.5,78.5,BIJNOR,UTTAR PRADESH,D694,AFZALGARH,31.23
26-06-2025,29.5,78.5,BIJNOR,UTTAR PRADESH,D694,AFZALGARH,30.95
27-06-2025,29.5,78.5,BIJNOR,UTTAR PRADESH,D694,AFZALGARH,30.85
28-06-2025,29.5,78.5,BIJNOR,UTTAR PRADESH,D694,AFZALGARH,30.82
29-06-2025,29.5,78.5,BIJNOR,UTTAR PRADESH,D694,AFZALGARH,30.47
30-06-2025,29.5,78.5,BIJNOR,UTTAR PRADESH,D694,AFZALGARH,30.79
01-07-2025,29.5,78.5,BIJNOR,UTTAR PRADESH,D694,AFZALGARH,31.12
02-07-2025,29.5,78.5,BIJNOR,UTTAR PRADESH,D694,AFZALGARH,31.24
03-07-2025,29.5,78.5,BIJNOR,UTTAR PRADESH,D694,AFZALGARH,30.99
04-07-2025,29.5,78.5,BIJNOR,UTTAR PRADESH,D694,AFZALGARH,30.91
05-07-2025,29.5,78.5,BIJNOR,UTTAR PRADESH,D694,AFZALGARH,30.6
06-07-2025,29.5,78.5,BIJNOR,UTTAR PRADESH,D694,AFZALGARH,29.94
07-07-2025,29.5,78.5,BIJNOR,UTTAR PRADESH,D694,AFZALGARH,30.18
08-07-2025,29.5,78.5,BIJNOR,UTTAR PRADESH,D694,AFZALGARH,30.57
09-07-2025,29.5,78.5,BIJNOR,UTTAR PRADESH,D694,AFZALGARH,30.27
10-07-2025,29.5,78.5,BIJNOR,UTTAR PRADESH,D694,AFZALGARH,30.01
11-07-2025,29.5,78.5,BIJNOR,UTTAR PRADESH,D694,AFZALGARH,30.03
12-07-2025,29.5,78.5,BIJNOR,UTTAR PRADESH,D694,AFZALGARH,29.54
13-07-2025,29.5,78.5,BIJNOR,UTTAR PRADESH,D694,AFZALGARH,30.06
14-07-2025,29.5,78.5,BIJNOR,UTTAR PRADESH,D694,AFZALGARH,29.93
15-07-2025,29.5,78.5,BIJNOR,UTTAR PRADESH,D694,AFZALGARH,30.36
16-07-2025,29.5,78.5,BIJNOR,UTTAR PRADESH,D694,AFZALGARH,30.42
17-07-2025,29.5,78.5,BIJNOR,UTTAR PRADESH,D694,AFZALGARH,29.88
18-07-2025,29.5,78.5,BIJNOR,UTTAR PRADESH,D694,AFZALGARH,30.1
19-07-2025,29.5,78.5,BIJNOR,UTTAR PRADESH,D694,AFZALGARH,30.52
20-07-2025,29.5,78.5,BIJNOR,UTTAR PRADESH,D694,AFZALGARH,30.02
21-07-2025,29.5,78.5,BIJNOR,UTTAR PRADESH,D694,AFZALGARH,29.67
22-07-2025,29.5,78.5,BIJNOR,UTTAR PRADESH,D694,AFZALGARH,29.87
23-07-2025,29.5,78.5,BIJNOR,UTTAR PRADESH,D694,AFZALGARH,29.97
24-07-2025,29.5,78.5,BIJNOR,UTTAR PRADESH,D694,AFZALGARH,30.18
25-07-2025,29.5,78.5,BIJNOR,UTTAR PRADESH,D694,AFZALGARH,29.93
26-07-2025,29.5,78.5,BIJNOR,UTTAR PRADESH,D694,AFZALGARH,29.4
27-07-2025,29.5,78.5,BIJNOR,UTTAR PRADESH,D694,AFZALGARH,28.95
28-07-2025,29.5,78.5,BIJNOR,UTTAR PRADESH,D694,AFZALGARH,29.1
29-07-2025,29.5,78.5,BIJNOR,UTTAR PRADESH,D694,AFZALGARH,29.35
30-07-2025,29.5,78.5,BIJNOR,UTTAR PRADESH,D694,AFZALGARH,29.36
31-07-2025,29.5,78.5,BIJNOR,UTTAR PRADESH,D694,AFZALGARH,29.07
01-08-2025,29.5,78.5,BIJNOR,UTTAR PRADESH,D694,AFZALGARH,29.42
02-08-2025,29.5,78.5,BIJNOR,UTTAR PRADESH,D694,AFZALGARH,29.62
03-08-2025,29.5,78.5,BIJNOR,UTTAR PRADESH,D694,AFZALGARH,29.84
04-08-2025,29.5,78.5,BIJNOR,UTTAR PRADESH,D694,AFZALGARH,29.46
05-08-2025,29.5,78.5,BIJNOR,UTTAR PRADESH,D694,AFZALGARH,29.73
06-08-2025,29.5,78.5,BIJNOR,UTTAR PRADESH,D694,AFZALGARH,29.92
07-08-2025,29.5,78.5,BIJNOR,UTTAR PRADESH,D694,AFZALGARH,29.86
08-08-2025,29.5,78.5,BIJNOR,UTTAR PRADESH,D694,AFZALGARH,29.86
09-08-2025,29.5,78.5,BIJNOR,UTTAR PRADESH,D694,AFZALGARH,29.8
10-08-2025,29.5,78.5,BIJNOR,UTTAR PRADESH,D694,AFZALGARH,29.76
11-08-2025,29.5,78.5,BIJNOR,UTTAR PRADESH,D694,AFZALGARH,29.6
12-08-2025,29.5,78.5,BIJNOR,UTTAR PRADESH,D694,AFZALGARH,29.47
13-08-2025,29.5,78.5,BIJNOR,UTTAR PRADESH,D694,AFZALGARH,29.06
14-08-2025,29.5,78.5,BIJNOR,UTTAR PRADESH,D694,AFZALGARH,28.96
15-08-2025,29.5,78.5,BIJNOR,UTTAR PRADESH,D694,AFZALGARH,28.8
16-08-2025,29.5,78.5,BIJNOR,UTTAR PRADESH,D694,AFZALGARH,29.27
17-08-2025,29.5,78.5,BIJNOR,UTTAR PRADESH,D694,AFZALGARH,29.46
18-08-2025,29.5,78.5,BIJNOR,UTTAR PRADESH,D694,AFZALGARH,29.6
19-08-2025,29.5,78.5,BIJNOR,UTTAR PRADESH,D694,AFZALGARH,29.23
20-08-2025,29.5,78.5,BIJNOR,UTTAR PRADESH,D694,AFZALGARH,29.23
21-08-2025,29.5,78.5,BIJNOR,UTTAR PRADESH,D694,AFZALGARH,29.51
22-08-2025,29.5,78.5,BIJNOR,UTTAR PRADESH,D694,AFZALGARH,29.35
23-08-2025,29.5,78.5,BIJNOR,UTTAR PRADESH,D694,AFZALGARH,29.3
24-08-2025,29.5,78.5,BIJNOR,UTTAR PRADESH,D694,AFZALGARH,29.34
25-08-2025,29.5,78.5,BIJNOR,UTTAR PRADESH,D694,AFZALGARH,29.43
26-08-2025,29.5,78.5,BIJNOR,UTTAR PRADESH,D694,AFZALGARH,29.78
27-08-2025,29.5,78.5,BIJNOR,UTTAR PRADESH,D694,AFZALGARH,29.94
28-08-2025,29.5,78.5,BIJNOR,UTTAR PRADESH,D694,AFZALGARH,29.74
29-08-2025,29.5,78.5,BIJNOR,UTTAR PRADESH,D694,AFZALGARH,29.38
30-08-2025,29.5,78.5,BIJNOR,UTTAR PRADESH,D694,AFZALGARH,29.58
31-08-2025,29.5,78.5,BIJNOR,UTTAR PRADESH,D694,AFZALGARH,29.45
01-09-2025,29.5,78.5,BIJNOR,UTTAR PRADESH,D694,AFZALGARH,29.4
02-09-2025,29.5,78.5,BIJNOR,UTTAR PRADESH,D694,AFZALGARH,29.06
03-09-2025,29.5,78.5,BIJNOR,UTTAR PRADESH,D694,AFZALGARH,29.31
04-09-2025,29.5,78.5,BIJNOR,UTTAR PRADESH,D694,AFZALGARH,29.06
05-09-2025,29.5,78.5,BIJNOR,UTTAR PRADESH,D694,AFZALGARH,28.89
06-09-2025,29.5,78.5,BIJNOR,UTTAR PRADESH,D694,AFZALGARH,29.03
07-09-2025,29.5,78.5,BIJNOR,UTTAR PRADESH,D694,AFZALGARH,28.98
08-09-2025,29.5,78.5,BIJNOR,UTTAR PRADESH,D694,AFZALGARH,29.25
09-09-2025,29.5,78.5,BIJNOR,UTTAR PRADESH,D694,AFZALGARH,29.3
10-09-2025,29.5,78.5,BIJNOR,UTTAR PRADESH,D694,AFZALGARH,29.23
11-09-2025,29.5,78.5,BIJNOR,UTTAR PRADESH,D694,AFZALGARH,28.95
12-09-2025,29.5,78.5,BIJNOR,UTTAR PRADESH,D694,AFZALGARH,28.68
13-09-2025,29.5,78.5,BIJNOR,UTTAR PRADESH,D694,AFZALGARH,29.2
14-09-2025,29.5,78.5,BIJNOR,UTTAR PRADESH,D694,AFZALGARH,29.22
15-09-2025,29.5,78.5,BIJNOR,UTTAR PRADESH,D694,AFZALGARH,28.89
16-09-2025,29.5,78.5,BIJNOR,UTTAR PRADESH,D694,AFZALGARH,28.56
17-09-2025,29.5,78.5,BIJNOR,UTTAR PRADESH,D694,AFZALGARH,29.2
18-09-2025,29.5,78.5,BIJNOR,UTTAR PRADESH,D694,AFZALGARH,29.05
19-09-2025,29.5,78.5,BIJNOR,UTTAR PRADESH,D694,AFZALGARH,29
20-09-2025,29.5,78.5,BIJNOR,UTTAR PRADESH,D694,AFZALGARH,29.39
21-09-2025,29.5,78.5,BIJNOR,UTTAR PRADESH,D694,AFZALGARH,29.41
22-09-2025,29.5,78.5,BIJNOR,UTTAR PRADESH,D694,AFZALGARH,28.68
23-09-2025,29.5,78.5,BIJNOR,UTTAR PRADESH,D694,AFZALGARH,28.81
24-09-2025,29.5,78.5,BIJNOR,UTTAR PRADESH,D694,AFZALGARH,28.71
25-09-2025,29.5,78.5,BIJNOR,UTTAR PRADESH,D694,AFZALGARH,28.83
26-09-2025,29.5,78.5,BIJNOR,UTTAR PRADESH,D694,AFZALGARH,29.17
27-09-2025,29.5,78.5,BIJNOR,UTTAR PRADESH,D694,AFZALGARH,29.53
28-09-2025,29.5,78.5,BIJNOR,UTTAR PRADESH,D694,AFZALGARH,29.9
29-09-2025,29.5,78.5,BIJNOR,UTTAR PRADESH,D694,AFZALGARH,29.77
30-09-2025,29.5,78.5,BIJNOR,UTTAR PRADESH,D694,AFZALGARH,29.47
01-10-2025,29.5,78.5,BIJNOR,UTTAR PRADESH,D694,AFZALGARH,29.5
02-10-2025,29.5,78.5,BIJNOR,UTTAR PRADESH,D694,AFZALGARH,29.64
03-10-2025,29.5,78.5,BIJNOR,UTTAR PRADESH,D694,AFZALGARH,29.25
04-10-2025,29.5,78.5,BIJNOR,UTTAR PRADESH,D694,AFZALGARH,29.24
05-10-2025,29.5,78.5,BIJNOR,UTTAR PRADESH,D694,AFZALGARH,29.36
06-10-2025,29.5,78.5,BIJNOR,UTTAR PRADESH,D694,AFZALGARH,28.97
07-10-2025,29.5,78.5,BIJNOR,UTTAR PRADESH,D694,AFZALGARH,28.85
08-10-2025,29.5,78.5,BIJNOR,UTTAR PRADESH,D694,AFZALGARH,28.82
09-10-2025,29.5,78.5,BIJNOR,UTTAR PRADESH,D694,AFZALGARH,29
10-10-2025,29.5,78.5,BIJNOR,UTTAR PRADESH,D694,AFZALGARH,28.93
11-10-2025,29.5,78.5,BIJNOR,UTTAR PRADESH,D694,AFZALGARH,28.23
12-10-2025,29.5,78.5,BIJNOR,UTTAR PRADESH,D694,AFZALGARH,28.59
13-10-2025,29.5,78.5,BIJNOR,UTTAR PRADESH,D694,AFZALGARH,28.44
14-10-2025,29.5,78.5,BIJNOR,UTTAR PRADESH,D694,AFZALGARH,28.25
15-10-2025,29.5,78.5,BIJNOR,UTTAR PRADESH,D694,AFZALGARH,28.35
16-10-2025,29.5,78.5,BIJNOR,UTTAR PRADESH,D694,AFZALGARH,28.25
17-10-2025,29.5,78.5,BIJNOR,UTTAR PRADESH,D694,AFZALGARH,27.89
18-10-2025,29.5,78.5,BIJNOR,UTTAR PRADESH,D694,AFZALGARH,27.77
19-10-2025,29.5,78.5,BIJNOR,UTTAR PRADESH,D694,AFZALGARH,27.97
20-10-2025,29.5,78.5,BIJNOR,UTTAR PRADESH,D694,AFZALGARH,27.81
21-10-2025,29.5,78.5,BIJNOR,UTTAR PRADESH,D694,AFZALGARH,27.67
22-10-2025,29.5,78.5,BIJNOR,UTTAR PRADESH,D694,AFZALGARH,27.47
23-10-2025,29.5,78.5,BIJNOR,UTTAR PRADESH,D694,AFZALGARH,27.2
24-10-2025,29.5,78.5,BIJNOR,UTTAR PRADESH,D694,AFZALGARH,26.86
25-10-2025,29.5,78.5,BIJNOR,UTTAR PRADESH,D694,AFZALGARH,26.76
26-10-2025,29.5,78.5,BIJNOR,UTTAR PRADESH,D694,AFZALGARH,26.65
27-10-2025,29.5,78.5,BIJNOR,UTTAR PRADESH,D694,AFZALGARH,26.51
28-10-2025,29.5,78.5,BIJNOR,UTTAR PRADESH,D694,AFZALGARH,26.29
29-10-2025,29.5,78.5,BIJNOR,UTTAR PRADESH,D694,AFZALGARH,26.37
30-10-2025,29.5,78.5,BIJNOR,UTTAR PRADESH,D694,AFZALGARH,26.35
31-10-2025,29.5,78.5,BIJNOR,UTTAR PRADESH,D694,AFZALGARH,26.28
01-11-2025,29.5,78.5,BIJNOR,UTTAR PRADESH,D694,AFZALGARH,26.41
02-11-2025,29.5,78.5,BIJNOR,UTTAR PRADESH,D694,AFZALGARH,26.26
03-11-2025,29.5,78.5,BIJNOR,UTTAR PRADESH,D694,AFZALGARH,25.94
04-11-2025,29.5,78.5,BIJNOR,UTTAR PRADESH,D694,AFZALGARH,25.7
05-11-2025,29.5,78.5,BIJNOR,UTTAR PRADESH,D694,AFZALGARH,25.52
06-11-2025,29.5,78.5,BIJNOR,UTTAR PRADESH,D694,AFZALGARH,25.41
07-11-2025,29.5,78.5,BIJNOR,UTTAR PRADESH,D694,AFZALGARH,25.14
08-11-2025,29.5,78.5,BIJNOR,UTTAR PRADESH,D694,AFZALGARH,25.09
09-11-2025,29.5,78.5,BIJNOR,UTTAR PRADESH,D694,AFZALGARH,25.17
10-11-2025,29.5,78.5,BIJNOR,UTTAR PRADESH,D694,AFZALGARH,24.79
11-11-2025,29.5,78.5,BIJNOR,UTTAR PRADESH,D694,AFZALGARH,24.61
12-11-2025,29.5,78.5,BIJNOR,UTTAR PRADESH,D694,AFZALGARH,24.51
13-11-2025,29.5,78.5,BIJNOR,UTTAR PRADESH,D694,AFZALGARH,24.3
14-11-2025,29.5,78.5,BIJNOR,UTTAR PRADESH,D694,AFZALGARH,24.16
15-11-2025,29.5,78.5,BIJNOR,UTTAR PRADESH,D694,AFZALGARH,24.04
16-11-2025,29.5,78.5,BIJNOR,UTTAR PRADESH,D694,AFZALGARH,23.72
17-11-2025,29.5,78.5,BIJNOR,UTTAR PRADESH,D694,AFZALGARH,23.73
18-11-2025,29.5,78.5,BIJNOR,UTTAR PRADESH,D694,AFZALGARH,23.63
19-11-2025,29.5,78.5,BIJNOR,UTTAR PRADESH,D694,AFZALGARH,23.61
20-11-2025,29.5,78.5,BIJNOR,UTTAR PRADESH,D694,AFZALGARH,23.55
21-11-2025,29.5,78.5,BIJNOR,UTTAR PRADESH,D694,AFZALGARH,23.5
22-11-2025,29.5,78.5,BIJNOR,UTTAR PRADESH,D694,AFZALGARH,23.39
23-11-2025,29.5,78.5,BIJNOR,UTTAR PRADESH,D694,AFZALGARH,23.14
24-11-2025,29.5,78.5,BIJNOR,UTTAR PRADESH,D694,AFZALGARH,22.97
25-11-2025,29.5,78.5,BIJNOR,UTTAR PRADESH,D694,AFZALGARH,22.81
26-11-2025,29.5,78.5,BIJNOR,UTTAR PRADESH,D694,AFZALGARH,22.68
27-11-2025,29.5,78.5,BIJNOR,UTTAR PRADESH,D694,AFZALGARH,22.45
28-11-2025,29.5,78.5,BIJNOR,UTTAR PRADESH,D694,AFZALGARH,22.52
29-11-2025,29.5,78.5,BIJNOR,UTTAR PRADESH,D694,AFZALGARH,22.52
30-11-2025,29.5,78.5,BIJNOR,UTTAR PRADESH,D694,AFZALGARH,22.5
01-12-2025,29.5,78.5,BIJNOR,UTTAR PRADESH,D694,AFZALGARH,21.75
02-12-2025,29.5,78.5,BIJNOR,UTTAR PRADESH,D694,AFZALGARH,21.95
03-12-2025,29.5,78.5,BIJNOR,UTTAR PRADESH,D694,AFZALGARH,21.76
04-12-2025,29.5,78.5,BIJNOR,UTTAR PRADESH,D694,AFZALGARH,21.73
05-12-2025,29.5,78.5,BIJNOR,UTTAR PRADESH,D694,AFZALGARH,21.85
06-12-2025,29.5,78.5,BIJNOR,UTTAR PRADESH,D694,AFZALGARH,21.97
07-12-2025,29.5,78.5,BIJNOR,UTTAR PRADESH,D694,AFZALGARH,21.68
08-12-2025,29.5,78.5,BIJNOR,UTTAR PRADESH,D694,AFZALGARH,21.64
09-12-2025,29.5,78.5,BIJNOR,UTTAR PRADESH,D694,AFZALGARH,21.23
10-12-2025,29.5,78.5,BIJNOR,UTTAR PRADESH,D694,AFZALGARH,20.9
11-12-2025,29.5,78.5,BIJNOR,UTTAR PRADESH,D694,AFZALGARH,20.49
12-12-2025,29.5,78.5,BIJNOR,UTTAR PRADESH,D694,AFZALGARH,20.25
13-12-2025,29.5,78.5,BIJNOR,UTTAR PRADESH,D694,AFZALGARH,19.66
14-12-2025,29.5,78.5,BIJNOR,UTTAR PRADESH,D694,AFZALGARH,19.14
15-12-2025,29.5,78.5,BIJNOR,UTTAR PRADESH,D694,AFZALGARH,19.18
16-12-2025,29.5,78.5,BIJNOR,UTTAR PRADESH,D694,AFZALGARH,19.13
17-12-2025,29.5,78.5,BIJNOR,UTTAR PRADESH,D694,AFZALGARH,19.64
18-12-2025,29.5,78.5,BIJNOR,UTTAR PRADESH,D694,AFZALGARH,19.12
19-12-2025,29.5,78.5,BIJNOR,UTTAR PRADESH,D694,AFZALGARH,19.01
20-12-2025,29.5,78.5,BIJNOR,UTTAR PRADESH,D694,AFZALGARH,18.61
21-12-2025,29.5,78.5,BIJNOR,UTTAR PRADESH,D694,AFZALGARH,18.85
22-12-2025,29.5,78.5,BIJNOR,UTTAR PRADESH,D694,AFZALGARH,18.76
23-12-2025,29.5,78.5,BIJNOR,UTTAR PRADESH,D694,AFZALGARH,18.4
24-12-2025,29.5,78.5,BIJNOR,UTTAR PRADESH,D694,AFZALGARH,18.42
25-12-2025,29.5,78.5,BIJNOR,UTTAR PRADESH,D694,AFZALGARH,17.74
26-12-2025,29.5,78.5,BIJNOR,UTTAR PRADESH,D694,AFZALGARH,17.68
27-12-2025,29.5,78.5,BIJNOR,UTTAR PRADESH,D694,AFZALGARH,17.76
28-12-2025,29.5,78.5,BIJNOR,UTTAR PRADESH,D694,AFZALGARH,17.92
29-12-2025,29.5,78.5,BIJNOR,UTTAR PRADESH,D694,AFZALGARH,17.56
30-12-2025,29.5,78.5,BIJNOR,UTTAR PRADESH,D694,AFZALGARH,16.74
31-12-2025,29.5,78.5,BIJNOR,UTTAR PRADESH,D694,AFZALGARH,16.44
01-01-2025,27.5,78.5,ETAH,UTTAR PRADESH,D700,ALIGANJ,20.05
02-01-2025,27.5,78.5,ETAH,UTTAR PRADESH,D700,ALIGANJ,19.57
03-01-2025,27.5,78.5,ETAH,UTTAR PRADESH,D700,ALIGANJ,19.69
04-01-2025,27.5,78.5,ETAH,UTTAR PRADESH,D700,ALIGANJ,19.44
05-01-2025,27.5,78.5,ETAH,UTTAR PRADESH,D700,ALIGANJ,19.66
06-01-2025,27.5,78.5,ETAH,UTTAR PRADESH,D700,ALIGANJ,19.95
07-01-2025,27.5,78.5,ETAH,UTTAR PRADESH,D700,ALIGANJ,19.62
08-01-2025,27.5,78.5,ETAH,UTTAR PRADESH,D700,ALIGANJ,19.64
09-01-2025,27.5,78.5,ETAH,UTTAR PRADESH,D700,ALIGANJ,19.57
10-01-2025,27.5,78.5,ETAH,UTTAR PRADESH,D700,ALIGANJ,19.93
11-01-2025,27.5,78.5,ETAH,UTTAR PRADESH,D700,ALIGANJ,20.08
12-01-2025,27.5,78.5,ETAH,UTTAR PRADESH,D700,ALIGANJ,20.71
13-01-2025,27.5,78.5,ETAH,UTTAR PRADESH,D700,ALIGANJ,21.09
14-01-2025,27.5,78.5,ETAH,UTTAR PRADESH,D700,ALIGANJ,20.93
15-01-2025,27.5,78.5,ETAH,UTTAR PRADESH,D700,ALIGANJ,20.28
16-01-2025,27.5,78.5,ETAH,UTTAR PRADESH,D700,ALIGANJ,20.44
17-01-2025,27.5,78.5,ETAH,UTTAR PRADESH,D700,ALIGANJ,19.8
18-01-2025,27.5,78.5,ETAH,UTTAR PRADESH,D700,ALIGANJ,19.89
19-01-2025,27.5,78.5,ETAH,UTTAR PRADESH,D700,ALIGANJ,20.04
20-01-2025,27.5,78.5,ETAH,UTTAR PRADESH,D700,ALIGANJ,20.38
21-01-2025,27.5,78.5,ETAH,UTTAR PRADESH,D700,ALIGANJ,20.51
22-01-2025,27.5,78.5,ETAH,UTTAR PRADESH,D700,ALIGANJ,20.41
23-01-2025,27.5,78.5,ETAH,UTTAR PRADESH,D700,ALIGANJ,21.09
24-01-2025,27.5,78.5,ETAH,UTTAR PRADESH,D700,ALIGANJ,21.22
25-01-2025,27.5,78.5,ETAH,UTTAR PRADESH,D700,ALIGANJ,21.03
26-01-2025,27.5,78.5,ETAH,UTTAR PRADESH,D700,ALIGANJ,21.68
27-01-2025,27.5,78.5,ETAH,UTTAR PRADESH,D700,ALIGANJ,22.28
28-01-2025,27.5,78.5,ETAH,UTTAR PRADESH,D700,ALIGANJ,22.04
29-01-2025,27.5,78.5,ETAH,UTTAR PRADESH,D700,ALIGANJ,22.48
30-01-2025,27.5,78.5,ETAH,UTTAR PRADESH,D700,ALIGANJ,22.99
31-01-2025,27.5,78.5,ETAH,UTTAR PRADESH,D700,ALIGANJ,22.89
01-02-2025,27.5,78.5,ETAH,UTTAR PRADESH,D700,ALIGANJ,23.12
02-02-2025,27.5,78.5,ETAH,UTTAR PRADESH,D700,ALIGANJ,23.27
03-02-2025,27.5,78.5,ETAH,UTTAR PRADESH,D700,ALIGANJ,23.94
04-02-2025,27.5,78.5,ETAH,UTTAR PRADESH,D700,ALIGANJ,23.87
05-02-2025,27.5,78.5,ETAH,UTTAR PRADESH,D700,ALIGANJ,23.96
06-02-2025,27.5,78.5,ETAH,UTTAR PRADESH,D700,ALIGANJ,24.31
07-02-2025,27.5,78.5,ETAH,UTTAR PRADESH,D700,ALIGANJ,24.02
08-02-2025,27.5,78.5,ETAH,UTTAR PRADESH,D700,ALIGANJ,24
09-02-2025,27.5,78.5,ETAH,UTTAR PRADESH,D700,ALIGANJ,24.33
10-02-2025,27.5,78.5,ETAH,UTTAR PRADESH,D700,ALIGANJ,24.47
11-02-2025,27.5,78.5,ETAH,UTTAR PRADESH,D700,ALIGANJ,24.89
12-02-2025,27.5,78.5,ETAH,UTTAR PRADESH,D700,ALIGANJ,25.01
13-02-2025,27.5,78.5,ETAH,UTTAR PRADESH,D700,ALIGANJ,25.74
14-02-2025,27.5,78.5,ETAH,UTTAR PRADESH,D700,ALIGANJ,25.86
15-02-2025,27.5,78.5,ETAH,UTTAR PRADESH,D700,ALIGANJ,25.74
16-02-2025,27.5,78.5,ETAH,UTTAR PRADESH,D700,ALIGANJ,25.89
17-02-2025,27.5,78.5,ETAH,UTTAR PRADESH,D700,ALIGANJ,26.39
18-02-2025,27.5,78.5,ETAH,UTTAR PRADESH,D700,ALIGANJ,27.33
19-02-2025,27.5,78.5,ETAH,UTTAR PRADESH,D700,ALIGANJ,27.8
20-02-2025,27.5,78.5,ETAH,UTTAR PRADESH,D700,ALIGANJ,27.77
21-02-2025,27.5,78.5,ETAH,UTTAR PRADESH,D700,ALIGANJ,27.78
22-02-2025,27.5,78.5,ETAH,UTTAR PRADESH,D700,ALIGANJ,27.78
23-02-2025,27.5,78.5,ETAH,UTTAR PRADESH,D700,ALIGANJ,27.7
24-02-2025,27.5,78.5,ETAH,UTTAR PRADESH,D700,ALIGANJ,27.69
25-02-2025,27.5,78.5,ETAH,UTTAR PRADESH,D700,ALIGANJ,27.85
26-02-2025,27.5,78.5,ETAH,UTTAR PRADESH,D700,ALIGANJ,27.51
27-02-2025,27.5,78.5,ETAH,UTTAR PRADESH,D700,ALIGANJ,28.32
28-02-2025,27.5,78.5,ETAH,UTTAR PRADESH,D700,ALIGANJ,28.88
29-02-2025,27.5,78.5,ETAH,UTTAR PRADESH,D700,ALIGANJ,29.61
01-03-2025,27.5,78.5,ETAH,UTTAR PRADESH,D700,ALIGANJ,28.7
02-03-2025,27.5,78.5,ETAH,UTTAR PRADESH,D700,ALIGANJ,28.83
03-03-2025,27.5,78.5,ETAH,UTTAR PRADESH,D700,ALIGANJ,29.42
04-03-2025,27.5,78.5,ETAH,UTTAR PRADESH,D700,ALIGANJ,29.45
05-03-2025,27.5,78.5,ETAH,UTTAR PRADESH,D700,ALIGANJ,29.36
06-03-2025,27.5,78.5,ETAH,UTTAR PRADESH,D700,ALIGANJ,29.87
07-03-2025,27.5,78.5,ETAH,UTTAR PRADESH,D700,ALIGANJ,30.36
08-03-2025,27.5,78.5,ETAH,UTTAR PRADESH,D700,ALIGANJ,30.31
09-03-2025,27.5,78.5,ETAH,UTTAR PRADESH,D700,ALIGANJ,30.75
10-03-2025,27.5,78.5,ETAH,UTTAR PRADESH,D700,ALIGANJ,30.37
11-03-2025,27.5,78.5,ETAH,UTTAR PRADESH,D700,ALIGANJ,30.72
12-03-2025,27.5,78.5,ETAH,UTTAR PRADESH,D700,ALIGANJ,30.81
13-03-2025,27.5,78.5,ETAH,UTTAR PRADESH,D700,ALIGANJ,30.76
14-03-2025,27.5,78.5,ETAH,UTTAR PRADESH,D700,ALIGANJ,30.83
15-03-2025,27.5,78.5,ETAH,UTTAR PRADESH,D700,ALIGANJ,31.11
16-03-2025,27.5,78.5,ETAH,UTTAR PRADESH,D700,ALIGANJ,32.02
17-03-2025,27.5,78.5,ETAH,UTTAR PRADESH,D700,ALIGANJ,32.72
18-03-2025,27.5,78.5,ETAH,UTTAR PRADESH,D700,ALIGANJ,33.03
19-03-2025,27.5,78.5,ETAH,UTTAR PRADESH,D700,ALIGANJ,33.18
20-03-2025,27.5,78.5,ETAH,UTTAR PRADESH,D700,ALIGANJ,33.57
21-03-2025,27.5,78.5,ETAH,UTTAR PRADESH,D700,ALIGANJ,33.28
22-03-2025,27.5,78.5,ETAH,UTTAR PRADESH,D700,ALIGANJ,33.61
23-03-2025,27.5,78.5,ETAH,UTTAR PRADESH,D700,ALIGANJ,34.38
24-03-2025,27.5,78.5,ETAH,UTTAR PRADESH,D700,ALIGANJ,34.71
25-03-2025,27.5,78.5,ETAH,UTTAR PRADESH,D700,ALIGANJ,34.83
26-03-2025,27.5,78.5,ETAH,UTTAR PRADESH,D700,ALIGANJ,34.9
27-03-2025,27.5,78.5,ETAH,UTTAR PRADESH,D700,ALIGANJ,35.1
28-03-2025,27.5,78.5,ETAH,UTTAR PRADESH,D700,ALIGANJ,35.85
29-03-2025,27.5,78.5,ETAH,UTTAR PRADESH,D700,ALIGANJ,35.92
30-03-2025,27.5,78.5,ETAH,UTTAR PRADESH,D700,ALIGANJ,35.64
31-03-2025,27.5,78.5,ETAH,UTTAR PRADESH,D700,ALIGANJ,35.81
01-04-2025,27.5,78.5,ETAH,UTTAR PRADESH,D700,ALIGANJ,36.29
02-04-2025,27.5,78.5,ETAH,UTTAR PRADESH,D700,ALIGANJ,36.7
03-04-2025,27.5,78.5,ETAH,UTTAR PRADESH,D700,ALIGANJ,36.9
04-04-2025,27.5,78.5,ETAH,UTTAR PRADESH,D700,ALIGANJ,36.75
05-04-2025,27.5,78.5,ETAH,UTTAR PRADESH,D700,ALIGANJ,36.93
06-04-2025,27.5,78.5,ETAH,UTTAR PRADESH,D700,ALIGANJ,37.6
07-04-2025,27.5,78.5,ETAH,UTTAR PRADESH,D700,ALIGANJ,37.66
08-04-2025,27.5,78.5,ETAH,UTTAR PRADESH,D700,ALIGANJ,37.73
09-04-2025,27.5,78.5,ETAH,UTTAR PRADESH,D700,ALIGANJ,37.95
10-04-2025,27.5,78.5,ETAH,UTTAR PRADESH,D700,ALIGANJ,38.03
11-04-2025,27.5,78.5,ETAH,UTTAR PRADESH,D700,ALIGANJ,38.25
12-04-2025,27.5,78.5,ETAH,UTTAR PRADESH,D700,ALIGANJ,38.27
13-04-2025,27.5,78.5,ETAH,UTTAR PRADESH,D700,ALIGANJ,38.48
14-04-2025,27.5,78.5,ETAH,UTTAR PRADESH,D700,ALIGANJ,38.77
15-04-2025,27.5,78.5,ETAH,UTTAR PRADESH,D700,ALIGANJ,39.47
16-04-2025,27.5,78.5,ETAH,UTTAR PRADESH,D700,ALIGANJ,39.12
17-04-2025,27.5,78.5,ETAH,UTTAR PRADESH,D700,ALIGANJ,39.2
18-04-2025,27.5,78.5,ETAH,UTTAR PRADESH,D700,ALIGANJ,39.02
19-04-2025,27.5,78.5,ETAH,UTTAR PRADESH,D700,ALIGANJ,39.63
20-04-2025,27.5,78.5,ETAH,UTTAR PRADESH,D700,ALIGANJ,39.54
21-04-2025,27.5,78.5,ETAH,UTTAR PRADESH,D700,ALIGANJ,39.31
22-04-2025,27.5,78.5,ETAH,UTTAR PRADESH,D700,ALIGANJ,39.41
23-04-2025,27.5,78.5,ETAH,UTTAR PRADESH,D700,ALIGANJ,39.46
24-04-2025,27.5,78.5,ETAH,UTTAR PRADESH,D700,ALIGANJ,39.87
25-04-2025,27.5,78.5,ETAH,UTTAR PRADESH,D700,ALIGANJ,40.35
26-04-2025,27.5,78.5,ETAH,UTTAR PRADESH,D700,ALIGANJ,40.44
27-04-2025,27.5,78.5,ETAH,UTTAR PRADESH,D700,ALIGANJ,40.39
28-04-2025,27.5,78.5,ETAH,UTTAR PRADESH,D700,ALIGANJ,40.56
29-04-2025,27.5,78.5,ETAH,UTTAR PRADESH,D700,ALIGANJ,40.84
30-04-2025,27.5,78.5,ETAH,UTTAR PRADESH,D700,ALIGANJ,40.54
01-05-2025,27.5,78.5,ETAH,UTTAR PRADESH,D700,ALIGANJ,40.11
02-05-2025,27.5,78.5,ETAH,UTTAR PRADESH,D700,ALIGANJ,39.96
03-05-2025,27.5,78.5,ETAH,UTTAR PRADESH,D700,ALIGANJ,39.68
04-05-2025,27.5,78.5,ETAH,UTTAR PRADESH,D700,ALIGANJ,40.06
05-05-2025,27.5,78.5,ETAH,UTTAR PRADESH,D700,ALIGANJ,39.88
06-05-2025,27.5,78.5,ETAH,UTTAR PRADESH,D700,ALIGANJ,40.32
07-05-2025,27.5,78.5,ETAH,UTTAR PRADESH,D700,ALIGANJ,40.65
08-05-2025,27.5,78.5,ETAH,UTTAR PRADESH,D700,ALIGANJ,40.49
09-05-2025,27.5,78.5,ETAH,UTTAR PRADESH,D700,ALIGANJ,40.59
10-05-2025,27.5,78.5,ETAH,UTTAR PRADESH,D700,ALIGANJ,40.77
11-05-2025,27.5,78.5,ETAH,UTTAR PRADESH,D700,ALIGANJ,40.81
12-05-2025,27.5,78.5,ETAH,UTTAR PRADESH,D700,ALIGANJ,40.66
13-05-2025,27.5,78.5,ETAH,UTTAR PRADESH,D700,ALIGANJ,40.96
14-05-2025,27.5,78.5,ETAH,UTTAR PRADESH,D700,ALIGANJ,41.19
15-05-2025,27.5,78.5,ETAH,UTTAR PRADESH,D700,ALIGANJ,41.36
16-05-2025,27.5,78.5,ETAH,UTTAR PRADESH,D700,ALIGANJ,41.77
17-05-2025,27.5,78.5,ETAH,UTTAR PRADESH,D700,ALIGANJ,41.9
18-05-2025,27.5,78.5,ETAH,UTTAR PRADESH,D700,ALIGANJ,41.86
19-05-2025,27.5,78.5,ETAH,UTTAR PRADESH,D700,ALIGANJ,41.82
20-05-2025,27.5,78.5,ETAH,UTTAR PRADESH,D700,ALIGANJ,41.71
21-05-2025,27.5,78.5,ETAH,UTTAR PRADESH,D700,ALIGANJ,41.88
22-05-2025,27.5,78.5,ETAH,UTTAR PRADESH,D700,ALIGANJ,41.71
23-05-2025,27.5,78.5,ETAH,UTTAR PRADESH,D700,ALIGANJ,41.43
24-05-2025,27.5,78.5,ETAH,UTTAR PRADESH,D700,ALIGANJ,41.24
25-05-2025,27.5,78.5,ETAH,UTTAR PRADESH,D700,ALIGANJ,41.74
26-05-2025,27.5,78.5,ETAH,UTTAR PRADESH,D700,ALIGANJ,41.94
27-05-2025,27.5,78.5,ETAH,UTTAR PRADESH,D700,ALIGANJ,41.88
28-05-2025,27.5,78.5,ETAH,UTTAR PRADESH,D700,ALIGANJ,41.79
29-05-2025,27.5,78.5,ETAH,UTTAR PRADESH,D700,ALIGANJ,41.48
30-05-2025,27.5,78.5,ETAH,UTTAR PRADESH,D700,ALIGANJ,41.07
31-05-2025,27.5,78.5,ETAH,UTTAR PRADESH,D700,ALIGANJ,41.74
01-06-2025,27.5,78.5,ETAH,UTTAR PRADESH,D700,ALIGANJ,40.97
02-06-2025,27.5,78.5,ETAH,UTTAR PRADESH,D700,ALIGANJ,40.9
03-06-2025,27.5,78.5,ETAH,UTTAR PRADESH,D700,ALIGANJ,41.48
04-06-2025,27.5,78.5,ETAH,UTTAR PRADESH,D700,ALIGANJ,41.18
05-06-2025,27.5,78.5,ETAH,UTTAR PRADESH,D700,ALIGANJ,41.34
06-06-2025,27.5,78.5,ETAH,UTTAR PRADESH,D700,ALIGANJ,40.9
07-06-2025,27.5,78.5,ETAH,UTTAR PRADESH,D700,ALIGANJ,40.72
08-06-2025,27.5,78.5,ETAH,UTTAR PRADESH,D700,ALIGANJ,41.09
09-06-2025,27.5,78.5,ETAH,UTTAR PRADESH,D700,ALIGANJ,41.12
10-06-2025,27.5,78.5,ETAH,UTTAR PRADESH,D700,ALIGANJ,41.2
11-06-2025,27.5,78.5,ETAH,UTTAR PRADESH,D700,ALIGANJ,41.27
12-06-2025,27.5,78.5,ETAH,UTTAR PRADESH,D700,ALIGANJ,40.75
13-06-2025,27.5,78.5,ETAH,UTTAR PRADESH,D700,ALIGANJ,40.97
14-06-2025,27.5,78.5,ETAH,UTTAR PRADESH,D700,ALIGANJ,40.85
15-06-2025,27.5,78.5,ETAH,UTTAR PRADESH,D700,ALIGANJ,40.63
16-06-2025,27.5,78.5,ETAH,UTTAR PRADESH,D700,ALIGANJ,39.75
17-06-2025,27.5,78.5,ETAH,UTTAR PRADESH,D700,ALIGANJ,39.63
18-06-2025,27.5,78.5,ETAH,UTTAR PRADESH,D700,ALIGANJ,38.79
19-06-2025,27.5,78.5,ETAH,UTTAR PRADESH,D700,ALIGANJ,38.79
20-06-2025,27.5,78.5,ETAH,UTTAR PRADESH,D700,ALIGANJ,38.78
21-06-2025,27.5,78.5,ETAH,UTTAR PRADESH,D700,ALIGANJ,38.97
22-06-2025,27.5,78.5,ETAH,UTTAR PRADESH,D700,ALIGANJ,39.12
23-06-2025,27.5,78.5,ETAH,UTTAR PRADESH,D700,ALIGANJ,39.24
24-06-2025,27.5,78.5,ETAH,UTTAR PRADESH,D700,ALIGANJ,38.31
25-06-2025,27.5,78.5,ETAH,UTTAR PRADESH,D700,ALIGANJ,37.97
26-06-2025,27.5,78.5,ETAH,UTTAR PRADESH,D700,ALIGANJ,38.12
27-06-2025,27.5,78.5,ETAH,UTTAR PRADESH,D700,ALIGANJ,37.8
28-06-2025,27.5,78.5,ETAH,UTTAR PRADESH,D700,ALIGANJ,37.42
29-06-2025,27.5,78.5,ETAH,UTTAR PRADESH,D700,ALIGANJ,37.07
30-06-2025,27.5,78.5,ETAH,UTTAR PRADESH,D700,ALIGANJ,36.47
01-07-2025,27.5,78.5,ETAH,UTTAR PRADESH,D700,ALIGANJ,37.09
02-07-2025,27.5,78.5,ETAH,UTTAR PRADESH,D700,ALIGANJ,37.2
03-07-2025,27.5,78.5,ETAH,UTTAR PRADESH,D700,ALIGANJ,36.81
04-07-2025,27.5,78.5,ETAH,UTTAR PRADESH,D700,ALIGANJ,36.96
05-07-2025,27.5,78.5,ETAH,UTTAR PRADESH,D700,ALIGANJ,36.58
06-07-2025,27.5,78.5,ETAH,UTTAR PRADESH,D700,ALIGANJ,35.88
07-07-2025,27.5,78.5,ETAH,UTTAR PRADESH,D700,ALIGANJ,36.43
08-07-2025,27.5,78.5,ETAH,UTTAR PRADESH,D700,ALIGANJ,36.65
09-07-2025,27.5,78.5,ETAH,UTTAR PRADESH,D700,ALIGANJ,36.1
10-07-2025,27.5,78.5,ETAH,UTTAR PRADESH,D700,ALIGANJ,35.88
11-07-2025,27.5,78.5,ETAH,UTTAR PRADESH,D700,ALIGANJ,35.4
12-07-2025,27.5,78.5,ETAH,UTTAR PRADESH,D700,ALIGANJ,34.88
13-07-2025,27.5,78.5,ETAH,UTTAR PRADESH,D700,ALIGANJ,34.99
14-07-2025,27.5,78.5,ETAH,UTTAR PRADESH,D700,ALIGANJ,34.96
15-07-2025,27.5,78.5,ETAH,UTTAR PRADESH,D700,ALIGANJ,34.68
16-07-2025,27.5,78.5,ETAH,UTTAR PRADESH,D700,ALIGANJ,34.57
17-07-2025,27.5,78.5,ETAH,UTTAR PRADESH,D700,ALIGANJ,34.94
18-07-2025,27.5,78.5,ETAH,UTTAR PRADESH,D700,ALIGANJ,34.83
19-07-2025,27.5,78.5,ETAH,UTTAR PRADESH,D700,ALIGANJ,35.02
20-07-2025,27.5,78.5,ETAH,UTTAR PRADESH,D700,ALIGANJ,34.79
21-07-2025,27.5,78.5,ETAH,UTTAR PRADESH,D700,ALIGANJ,34.5
22-07-2025,27.5,78.5,ETAH,UTTAR PRADESH,D700,ALIGANJ,34.28
23-07-2025,27.5,78.5,ETAH,UTTAR PRADESH,D700,ALIGANJ,34.24
24-07-2025,27.5,78.5,ETAH,UTTAR PRADESH,D700,ALIGANJ,34.6
25-07-2025,27.5,78.5,ETAH,UTTAR PRADESH,D700,ALIGANJ,34.13
26-07-2025,27.5,78.5,ETAH,UTTAR PRADESH,D700,ALIGANJ,33.87
27-07-2025,27.5,78.5,ETAH,UTTAR PRADESH,D700,ALIGANJ,33.89
28-07-2025,27.5,78.5,ETAH,UTTAR PRADESH,D700,ALIGANJ,33.55
29-07-2025,27.5,78.5,ETAH,UTTAR PRADESH,D700,ALIGANJ,33.5
30-07-2025,27.5,78.5,ETAH,UTTAR PRADESH,D700,ALIGANJ,33.61
31-07-2025,27.5,78.5,ETAH,UTTAR PRADESH,D700,ALIGANJ,33.47
01-08-2025,27.5,78.5,ETAH,UTTAR PRADESH,D700,ALIGANJ,33.66
02-08-2025,27.5,78.5,ETAH,UTTAR PRADESH,D700,ALIGANJ,33.81
03-08-2025,27.5,78.5,ETAH,UTTAR PRADESH,D700,ALIGANJ,33.43
04-08-2025,27.5,78.5,ETAH,UTTAR PRADESH,D700,ALIGANJ,33.5
05-08-2025,27.5,78.5,ETAH,UTTAR PRADESH,D700,ALIGANJ,33.82
06-08-2025,27.5,78.5,ETAH,UTTAR PRADESH,D700,ALIGANJ,33.88
07-08-2025,27.5,78.5,ETAH,UTTAR PRADESH,D700,ALIGANJ,33.61
08-08-2025,27.5,78.5,ETAH,UTTAR PRADESH,D700,ALIGANJ,33.59
09-08-2025,27.5,78.5,ETAH,UTTAR PRADESH,D700,ALIGANJ,33.47
10-08-2025,27.5,78.5,ETAH,UTTAR PRADESH,D700,ALIGANJ,33.71
11-08-2025,27.5,78.5,ETAH,UTTAR PRADESH,D700,ALIGANJ,33.44
12-08-2025,27.5,78.5,ETAH,UTTAR PRADESH,D700,ALIGANJ,33.53
13-08-2025,27.5,78.5,ETAH,UTTAR PRADESH,D700,ALIGANJ,33.09
14-08-2025,27.5,78.5,ETAH,UTTAR PRADESH,D700,ALIGANJ,32.83
15-08-2025,27.5,78.5,ETAH,UTTAR PRADESH,D700,ALIGANJ,33.03
16-08-2025,27.5,78.5,ETAH,UTTAR PRADESH,D700,ALIGANJ,33.46
17-08-2025,27.5,78.5,ETAH,UTTAR PRADESH,D700,ALIGANJ,33.77
18-08-2025,27.5,78.5,ETAH,UTTAR PRADESH,D700,ALIGANJ,33.91
19-08-2025,27.5,78.5,ETAH,UTTAR PRADESH,D700,ALIGANJ,33.68
20-08-2025,27.5,78.5,ETAH,UTTAR PRADESH,D700,ALIGANJ,33.27
21-08-2025,27.5,78.5,ETAH,UTTAR PRADESH,D700,ALIGANJ,33.24
22-08-2025,27.5,78.5,ETAH,UTTAR PRADESH,D700,ALIGANJ,33.37
23-08-2025,27.5,78.5,ETAH,UTTAR PRADESH,D700,ALIGANJ,33.23
24-08-2025,27.5,78.5,ETAH,UTTAR PRADESH,D700,ALIGANJ,33.47
25-08-2025,27.5,78.5,ETAH,UTTAR PRADESH,D700,ALIGANJ,33.66
26-08-2025,27.5,78.5,ETAH,UTTAR PRADESH,D700,ALIGANJ,33.84
27-08-2025,27.5,78.5,ETAH,UTTAR PRADESH,D700,ALIGANJ,34.28
28-08-2025,27.5,78.5,ETAH,UTTAR PRADESH,D700,ALIGANJ,34.28
29-08-2025,27.5,78.5,ETAH,UTTAR PRADESH,D700,ALIGANJ,33.95
30-08-2025,27.5,78.5,ETAH,UTTAR PRADESH,D700,ALIGANJ,33.84
31-08-2025,27.5,78.5,ETAH,UTTAR PRADESH,D700,ALIGANJ,34.04
01-09-2025,27.5,78.5,ETAH,UTTAR PRADESH,D700,ALIGANJ,33.76
02-09-2025,27.5,78.5,ETAH,UTTAR PRADESH,D700,ALIGANJ,33.61
03-09-2025,27.5,78.5,ETAH,UTTAR PRADESH,D700,ALIGANJ,34.19
04-09-2025,27.5,78.5,ETAH,UTTAR PRADESH,D700,ALIGANJ,33.98
05-09-2025,27.5,78.5,ETAH,UTTAR PRADESH,D700,ALIGANJ,33.81
06-09-2025,27.5,78.5,ETAH,UTTAR PRADESH,D700,ALIGANJ,33.91
07-09-2025,27.5,78.5,ETAH,UTTAR PRADESH,D700,ALIGANJ,33.64
08-09-2025,27.5,78.5,ETAH,UTTAR PRADESH,D700,ALIGANJ,33.82
09-09-2025,27.5,78.5,ETAH,UTTAR PRADESH,D700,ALIGANJ,34.25
10-09-2025,27.5,78.5,ETAH,UTTAR PRADESH,D700,ALIGANJ,34.19
11-09-2025,27.5,78.5,ETAH,UTTAR PRADESH,D700,ALIGANJ,34.01
12-09-2025,27.5,78.5,ETAH,UTTAR PRADESH,D700,ALIGANJ,33.54
13-09-2025,27.5,78.5,ETAH,UTTAR PRADESH,D700,ALIGANJ,33.8
14-09-2025,27.5,78.5,ETAH,UTTAR PRADESH,D700,ALIGANJ,34.21
15-09-2025,27.5,78.5,ETAH,UTTAR PRADESH,D700,ALIGANJ,33.92
16-09-2025,27.5,78.5,ETAH,UTTAR PRADESH,D700,ALIGANJ,33.46
17-09-2025,27.5,78.5,ETAH,UTTAR PRADESH,D700,ALIGANJ,33.71
18-09-2025,27.5,78.5,ETAH,UTTAR PRADESH,D700,ALIGANJ,33.75
19-09-2025,27.5,78.5,ETAH,UTTAR PRADESH,D700,ALIGANJ,34.08
20-09-2025,27.5,78.5,ETAH,UTTAR PRADESH,D700,ALIGANJ,34.34
21-09-2025,27.5,78.5,ETAH,UTTAR PRADESH,D700,ALIGANJ,34.32
22-09-2025,27.5,78.5,ETAH,UTTAR PRADESH,D700,ALIGANJ,33.83
23-09-2025,27.5,78.5,ETAH,UTTAR PRADESH,D700,ALIGANJ,33.91
24-09-2025,27.5,78.5,ETAH,UTTAR PRADESH,D700,ALIGANJ,33.63
25-09-2025,27.5,78.5,ETAH,UTTAR PRADESH,D700,ALIGANJ,33.78
26-09-2025,27.5,78.5,ETAH,UTTAR PRADESH,D700,ALIGANJ,34.13
27-09-2025,27.5,78.5,ETAH,UTTAR PRADESH,D700,ALIGANJ,34.61
28-09-2025,27.5,78.5,ETAH,UTTAR PRADESH,D700,ALIGANJ,34.71
29-09-2025,27.5,78.5,ETAH,UTTAR PRADESH,D700,ALIGANJ,34.96
30-09-2025,27.5,78.5,ETAH,UTTAR PRADESH,D700,ALIGANJ,34.77
01-10-2025,27.5,78.5,ETAH,UTTAR PRADESH,D700,ALIGANJ,34.81
02-10-2025,27.5,78.5,ETAH,UTTAR PRADESH,D700,ALIGANJ,34.94
03-10-2025,27.5,78.5,ETAH,UTTAR PRADESH,D700,ALIGANJ,34.54
04-10-2025,27.5,78.5,ETAH,UTTAR PRADESH,D700,ALIGANJ,34.34
05-10-2025,27.5,78.5,ETAH,UTTAR PRADESH,D700,ALIGANJ,34.46
06-10-2025,27.5,78.5,ETAH,UTTAR PRADESH,D700,ALIGANJ,34.03
07-10-2025,27.5,78.5,ETAH,UTTAR PRADESH,D700,ALIGANJ,34.14
08-10-2025,27.5,78.5,ETAH,UTTAR PRADESH,D700,ALIGANJ,34.22
09-10-2025,27.5,78.5,ETAH,UTTAR PRADESH,D700,ALIGANJ,34.88
10-10-2025,27.5,78.5,ETAH,UTTAR PRADESH,D700,ALIGANJ,34.55
11-10-2025,27.5,78.5,ETAH,UTTAR PRADESH,D700,ALIGANJ,34.53
12-10-2025,27.5,78.5,ETAH,UTTAR PRADESH,D700,ALIGANJ,34.47
13-10-2025,27.5,78.5,ETAH,UTTAR PRADESH,D700,ALIGANJ,34.31
14-10-2025,27.5,78.5,ETAH,UTTAR PRADESH,D700,ALIGANJ,34.13
15-10-2025,27.5,78.5,ETAH,UTTAR PRADESH,D700,ALIGANJ,34.27
16-10-2025,27.5,78.5,ETAH,UTTAR PRADESH,D700,ALIGANJ,33.98
17-10-2025,27.5,78.5,ETAH,UTTAR PRADESH,D700,ALIGANJ,33.57
18-10-2025,27.5,78.5,ETAH,UTTAR PRADESH,D700,ALIGANJ,33.6
19-10-2025,27.5,78.5,ETAH,UTTAR PRADESH,D700,ALIGANJ,33.46
20-10-2025,27.5,78.5,ETAH,UTTAR PRADESH,D700,ALIGANJ,33.5
21-10-2025,27.5,78.5,ETAH,UTTAR PRADESH,D700,ALIGANJ,33.37
22-10-2025,27.5,78.5,ETAH,UTTAR PRADESH,D700,ALIGANJ,33.16
23-10-2025,27.5,78.5,ETAH,UTTAR PRADESH,D700,ALIGANJ,32.94
24-10-2025,27.5,78.5,ETAH,UTTAR PRADESH,D700,ALIGANJ,32.65
25-10-2025,27.5,78.5,ETAH,UTTAR PRADESH,D700,ALIGANJ,32.66
26-10-2025,27.5,78.5,ETAH,UTTAR PRADESH,D700,ALIGANJ,32.51
27-10-2025,27.5,78.5,ETAH,UTTAR PRADESH,D700,ALIGANJ,32.25
28-10-2025,27.5,78.5,ETAH,UTTAR PRADESH,D700,ALIGANJ,31.99
29-10-2025,27.5,78.5,ETAH,UTTAR PRADESH,D700,ALIGANJ,31.99
30-10-2025,27.5,78.5,ETAH,UTTAR PRADESH,D700,ALIGANJ,31.97
31-10-2025,27.5,78.5,ETAH,UTTAR PRADESH,D700,ALIGANJ,32.03
01-11-2025,27.5,78.5,ETAH,UTTAR PRADESH,D700,ALIGANJ,32.05
02-11-2025,27.5,78.5,ETAH,UTTAR PRADESH,D700,ALIGANJ,31.88
03-11-2025,27.5,78.5,ETAH,UTTAR PRADESH,D700,ALIGANJ,31.72
04-11-2025,27.5,78.5,ETAH,UTTAR PRADESH,D700,ALIGANJ,31.62
05-11-2025,27.5,78.5,ETAH,UTTAR PRADESH,D700,ALIGANJ,31.36
06-11-2025,27.5,78.5,ETAH,UTTAR PRADESH,D700,ALIGANJ,30.98
07-11-2025,27.5,78.5,ETAH,UTTAR PRADESH,D700,ALIGANJ,30.6
08-11-2025,27.5,78.5,ETAH,UTTAR PRADESH,D700,ALIGANJ,30.65
09-11-2025,27.5,78.5,ETAH,UTTAR PRADESH,D700,ALIGANJ,30.36
10-11-2025,27.5,78.5,ETAH,UTTAR PRADESH,D700,ALIGANJ,30.25
11-11-2025,27.5,78.5,ETAH,UTTAR PRADESH,D700,ALIGANJ,29.93
12-11-2025,27.5,78.5,ETAH,UTTAR PRADESH,D700,ALIGANJ,29.8
13-11-2025,27.5,78.5,ETAH,UTTAR PRADESH,D700,ALIGANJ,29.59
14-11-2025,27.5,78.5,ETAH,UTTAR PRADESH,D700,ALIGANJ,29.45
15-11-2025,27.5,78.5,ETAH,UTTAR PRADESH,D700,ALIGANJ,29.47
16-11-2025,27.5,78.5,ETAH,UTTAR PRADESH,D700,ALIGANJ,29.07
17-11-2025,27.5,78.5,ETAH,UTTAR PRADESH,D700,ALIGANJ,28.96
18-11-2025,27.5,78.5,ETAH,UTTAR PRADESH,D700,ALIGANJ,28.59
19-11-2025,27.5,78.5,ETAH,UTTAR PRADESH,D700,ALIGANJ,28.31
20-11-2025,27.5,78.5,ETAH,UTTAR PRADESH,D700,ALIGANJ,28.11
21-11-2025,27.5,78.5,ETAH,UTTAR PRADESH,D700,ALIGANJ,28.12
22-11-2025,27.5,78.5,ETAH,UTTAR PRADESH,D700,ALIGANJ,27.93
23-11-2025,27.5,78.5,ETAH,UTTAR PRADESH,D700,ALIGANJ,27.82
24-11-2025,27.5,78.5,ETAH,UTTAR PRADESH,D700,ALIGANJ,27.58
25-11-2025,27.5,78.5,ETAH,UTTAR PRADESH,D700,ALIGANJ,27.64
26-11-2025,27.5,78.5,ETAH,UTTAR PRADESH,D700,ALIGANJ,27.42
27-11-2025,27.5,78.5,ETAH,UTTAR PRADESH,D700,ALIGANJ,27.02
28-11-2025,27.5,78.5,ETAH,UTTAR PRADESH,D700,ALIGANJ,26.74
29-11-2025,27.5,78.5,ETAH,UTTAR PRADESH,D700,ALIGANJ,26.72
30-11-2025,27.5,78.5,ETAH,UTTAR PRADESH,D700,ALIGANJ,26.45
01-12-2025,27.5,78.5,ETAH,UTTAR PRADESH,D700,ALIGANJ,26.38
02-12-2025,27.5,78.5,ETAH,UTTAR PRADESH,D700,ALIGANJ,25.88
03-12-2025,27.5,78.5,ETAH,UTTAR PRADESH,D700,ALIGANJ,25.98
04-12-2025,27.5,78.5,ETAH,UTTAR PRADESH,D700,ALIGANJ,25.84
05-12-2025,27.5,78.5,ETAH,UTTAR PRADESH,D700,ALIGANJ,25.94
06-12-2025,27.5,78.5,ETAH,UTTAR PRADESH,D700,ALIGANJ,26
07-12-2025,27.5,78.5,ETAH,UTTAR PRADESH,D700,ALIGANJ,25.65
08-12-2025,27.5,78.5,ETAH,UTTAR PRADESH,D700,ALIGANJ,25.46
09-12-2025,27.5,78.5,ETAH,UTTAR PRADESH,D700,ALIGANJ,25.24
10-12-2025,27.5,78.5,ETAH,UTTAR PRADESH,D700,ALIGANJ,24.8
11-12-2025,27.5,78.5,ETAH,UTTAR PRADESH,D700,ALIGANJ,24.5
12-12-2025,27.5,78.5,ETAH,UTTAR PRADESH,D700,ALIGANJ,24.05
13-12-2025,27.5,78.5,ETAH,UTTAR PRADESH,D700,ALIGANJ,23.45
14-12-2025,27.5,78.5,ETAH,UTTAR PRADESH,D700,ALIGANJ,23.28
15-12-2025,27.5,78.5,ETAH,UTTAR PRADESH,D700,ALIGANJ,23.53
16-12-2025,27.5,78.5,ETAH,UTTAR PRADESH,D700,ALIGANJ,23.46
17-12-2025,27.5,78.5,ETAH,UTTAR PRADESH,D700,ALIGANJ,23.36
18-12-2025,27.5,78.5,ETAH,UTTAR PRADESH,D700,ALIGANJ,22.85
19-12-2025,27.5,78.5,ETAH,UTTAR PRADESH,D700,ALIGANJ,22.52
20-12-2025,27.5,78.5,ETAH,UTTAR PRADESH,D700,ALIGANJ,22.23
21-12-2025,27.5,78.5,ETAH,UTTAR PRADESH,D700,ALIGANJ,22.38
22-12-2025,27.5,78.5,ETAH,UTTAR PRADESH,D700,ALIGANJ,22.42
23-12-2025,27.5,78.5,ETAH,UTTAR PRADESH,D700,ALIGANJ,21.96
24-12-2025,27.5,78.5,ETAH,UTTAR PRADESH,D700,ALIGANJ,21.75
25-12-2025,27.5,78.5,ETAH,UTTAR PRADESH,D700,ALIGANJ,21.34
26-12-2025,27.5,78.5,ETAH,UTTAR PRADESH,D700,ALIGANJ,21.32
27-12-2025,27.5,78.5,ETAH,UTTAR PRADESH,D700,ALIGANJ,21.3
28-12-2025,27.5,78.5,ETAH,UTTAR PRADESH,D700,ALIGANJ,20.64
29-12-2025,27.5,78.5,ETAH,UTTAR PRADESH,D700,ALIGANJ,20.62
30-12-2025,27.5,78.5,ETAH,UTTAR PRADESH,D700,ALIGANJ,20.12
31-12-2025,27.5,78.5,ETAH,UTTAR PRADESH,D700,ALIGANJ,19.42
01-01-2025,27.5,79.5,FARRUKHABAD,UTTAR PRADESH,D702,AMRITPUR,19.38
02-01-2025,27.5,79.5,FARRUKHABAD,UTTAR PRADESH,D702,AMRITPUR,18.89
03-01-2025,27.5,79.5,FARRUKHABAD,UTTAR PRADESH,D702,AMRITPUR,18.87
04-01-2025,27.5,79.5,FARRUKHABAD,UTTAR PRADESH,D702,AMRITPUR,18.97
05-01-2025,27.5,79.5,FARRUKHABAD,UTTAR PRADESH,D702,AMRITPUR,19.1
06-01-2025,27.5,79.5,FARRUKHABAD,UTTAR PRADESH,D702,AMRITPUR,19.32
07-01-2025,27.5,79.5,FARRUKHABAD,UTTAR PRADESH,D702,AMRITPUR,19.12
08-01-2025,27.5,79.5,FARRUKHABAD,UTTAR PRADESH,D702,AMRITPUR,19.12
09-01-2025,27.5,79.5,FARRUKHABAD,UTTAR PRADESH,D702,AMRITPUR,19.07
10-01-2025,27.5,79.5,FARRUKHABAD,UTTAR PRADESH,D702,AMRITPUR,19.6
11-01-2025,27.5,79.5,FARRUKHABAD,UTTAR PRADESH,D702,AMRITPUR,19.56
12-01-2025,27.5,79.5,FARRUKHABAD,UTTAR PRADESH,D702,AMRITPUR,19.89
13-01-2025,27.5,79.5,FARRUKHABAD,UTTAR PRADESH,D702,AMRITPUR,20.18
14-01-2025,27.5,79.5,FARRUKHABAD,UTTAR PRADESH,D702,AMRITPUR,20.54
15-01-2025,27.5,79.5,FARRUKHABAD,UTTAR PRADESH,D702,AMRITPUR,19.83
16-01-2025,27.5,79.5,FARRUKHABAD,UTTAR PRADESH,D702,AMRITPUR,19.8
17-01-2025,27.5,79.5,FARRUKHABAD,UTTAR PRADESH,D702,AMRITPUR,19.51
18-01-2025,27.5,79.5,FARRUKHABAD,UTTAR PRADESH,D702,AMRITPUR,19.6
19-01-2025,27.5,79.5,FARRUKHABAD,UTTAR PRADESH,D702,AMRITPUR,19.65
20-01-2025,27.5,79.5,FARRUKHABAD,UTTAR PRADESH,D702,AMRITPUR,19.82
21-01-2025,27.5,79.5,FARRUKHABAD,UTTAR PRADESH,D702,AMRITPUR,20.16
22-01-2025,27.5,79.5,FARRUKHABAD,UTTAR PRADESH,D702,AMRITPUR,20.15
23-01-2025,27.5,79.5,FARRUKHABAD,UTTAR PRADESH,D702,AMRITPUR,20.93
24-01-2025,27.5,79.5,FARRUKHABAD,UTTAR PRADESH,D702,AMRITPUR,21.27
25-01-2025,27.5,79.5,FARRUKHABAD,UTTAR PRADESH,D702,AMRITPUR,20.92
26-01-2025,27.5,79.5,FARRUKHABAD,UTTAR PRADESH,D702,AMRITPUR,21.33
27-01-2025,27.5,79.5,FARRUKHABAD,UTTAR PRADESH,D702,AMRITPUR,21.89
28-01-2025,27.5,79.5,FARRUKHABAD,UTTAR PRADESH,D702,AMRITPUR,21.58
29-01-2025,27.5,79.5,FARRUKHABAD,UTTAR PRADESH,D702,AMRITPUR,22.19
30-01-2025,27.5,79.5,FARRUKHABAD,UTTAR PRADESH,D702,AMRITPUR,22.69
31-01-2025,27.5,79.5,FARRUKHABAD,UTTAR PRADESH,D702,AMRITPUR,22.69
01-02-2025,27.5,79.5,FARRUKHABAD,UTTAR PRADESH,D702,AMRITPUR,22.59
02-02-2025,27.5,79.5,FARRUKHABAD,UTTAR PRADESH,D702,AMRITPUR,22.85
03-02-2025,27.5,79.5,FARRUKHABAD,UTTAR PRADESH,D702,AMRITPUR,23.56
04-02-2025,27.5,79.5,FARRUKHABAD,UTTAR PRADESH,D702,AMRITPUR,23.28
05-02-2025,27.5,79.5,FARRUKHABAD,UTTAR PRADESH,D702,AMRITPUR,23.27
06-02-2025,27.5,79.5,FARRUKHABAD,UTTAR PRADESH,D702,AMRITPUR,23.81
07-02-2025,27.5,79.5,FARRUKHABAD,UTTAR PRADESH,D702,AMRITPUR,23.83
08-02-2025,27.5,79.5,FARRUKHABAD,UTTAR PRADESH,D702,AMRITPUR,23.38
09-02-2025,27.5,79.5,FARRUKHABAD,UTTAR PRADESH,D702,AMRITPUR,23.9
10-02-2025,27.5,79.5,FARRUKHABAD,UTTAR PRADESH,D702,AMRITPUR,24.05
11-02-2025,27.5,79.5,FARRUKHABAD,UTTAR PRADESH,D702,AMRITPUR,24.2
12-02-2025,27.5,79.5,FARRUKHABAD,UTTAR PRADESH,D702,AMRITPUR,24.46
13-02-2025,27.5,79.5,FARRUKHABAD,UTTAR PRADESH,D702,AMRITPUR,24.98
14-02-2025,27.5,79.5,FARRUKHABAD,UTTAR PRADESH,D702,AMRITPUR,25.31
15-02-2025,27.5,79.5,FARRUKHABAD,UTTAR PRADESH,D702,AMRITPUR,25.14
16-02-2025,27.5,79.5,FARRUKHABAD,UTTAR PRADESH,D702,AMRITPUR,25.22
17-02-2025,27.5,79.5,FARRUKHABAD,UTTAR PRADESH,D702,AMRITPUR,25.76
18-02-2025,27.5,79.5,FARRUKHABAD,UTTAR PRADESH,D702,AMRITPUR,26.61
19-02-2025,27.5,79.5,FARRUKHABAD,UTTAR PRADESH,D702,AMRITPUR,27.11
20-02-2025,27.5,79.5,FARRUKHABAD,UTTAR PRADESH,D702,AMRITPUR,26.99
21-02-2025,27.5,79.5,FARRUKHABAD,UTTAR PRADESH,D702,AMRITPUR,27.23
22-02-2025,27.5,79.5,FARRUKHABAD,UTTAR PRADESH,D702,AMRITPUR,27.34
23-02-2025,27.5,79.5,FARRUKHABAD,UTTAR PRADESH,D702,AMRITPUR,27.26
24-02-2025,27.5,79.5,FARRUKHABAD,UTTAR PRADESH,D702,AMRITPUR,27.4
25-02-2025,27.5,79.5,FARRUKHABAD,UTTAR PRADESH,D702,AMRITPUR,27.25
26-02-2025,27.5,79.5,FARRUKHABAD,UTTAR PRADESH,D702,AMRITPUR,26.94
27-02-2025,27.5,79.5,FARRUKHABAD,UTTAR PRADESH,D702,AMRITPUR,27.58
28-02-2025,27.5,79.5,FARRUKHABAD,UTTAR PRADESH,D702,AMRITPUR,27.9
29-02-2025,27.5,79.5,FARRUKHABAD,UTTAR PRADESH,D702,AMRITPUR,28.74
01-03-2025,27.5,79.5,FARRUKHABAD,UTTAR PRADESH,D702,AMRITPUR,27.83
02-03-2025,27.5,79.5,FARRUKHABAD,UTTAR PRADESH,D702,AMRITPUR,28.24
03-03-2025,27.5,79.5,FARRUKHABAD,UTTAR PRADESH,D702,AMRITPUR,28.54
04-03-2025,27.5,79.5,FARRUKHABAD,UTTAR PRADESH,D702,AMRITPUR,28.63
05-03-2025,27.5,79.5,FARRUKHABAD,UTTAR PRADESH,D702,AMRITPUR,28.5
06-03-2025,27.5,79.5,FARRUKHABAD,UTTAR PRADESH,D702,AMRITPUR,28.79
07-03-2025,27.5,79.5,FARRUKHABAD,UTTAR PRADESH,D702,AMRITPUR,29.36
08-03-2025,27.5,79.5,FARRUKHABAD,UTTAR PRADESH,D702,AMRITPUR,29.59
09-03-2025,27.5,79.5,FARRUKHABAD,UTTAR PRADESH,D702,AMRITPUR,29.85
10-03-2025,27.5,79.5,FARRUKHABAD,UTTAR PRADESH,D702,AMRITPUR,29.38
11-03-2025,27.5,79.5,FARRUKHABAD,UTTAR PRADESH,D702,AMRITPUR,29.94
12-03-2025,27.5,79.5,FARRUKHABAD,UTTAR PRADESH,D702,AMRITPUR,29.93
13-03-2025,27.5,79.5,FARRUKHABAD,UTTAR PRADESH,D702,AMRITPUR,29.98
14-03-2025,27.5,79.5,FARRUKHABAD,UTTAR PRADESH,D702,AMRITPUR,30.04
15-03-2025,27.5,79.5,FARRUKHABAD,UTTAR PRADESH,D702,AMRITPUR,30.47
16-03-2025,27.5,79.5,FARRUKHABAD,UTTAR PRADESH,D702,AMRITPUR,31.2
17-03-2025,27.5,79.5,FARRUKHABAD,UTTAR PRADESH,D702,AMRITPUR,31.71
18-03-2025,27.5,79.5,FARRUKHABAD,UTTAR PRADESH,D702,AMRITPUR,32.14
19-03-2025,27.5,79.5,FARRUKHABAD,UTTAR PRADESH,D702,AMRITPUR,32.35
20-03-2025,27.5,79.5,FARRUKHABAD,UTTAR PRADESH,D702,AMRITPUR,32.7
21-03-2025,27.5,79.5,FARRUKHABAD,UTTAR PRADESH,D702,AMRITPUR,32.7
22-03-2025,27.5,79.5,FARRUKHABAD,UTTAR PRADESH,D702,AMRITPUR,32.92
23-03-2025,27.5,79.5,FARRUKHABAD,UTTAR PRADESH,D702,AMRITPUR,33.45
24-03-2025,27.5,79.5,FARRUKHABAD,UTTAR PRADESH,D702,AMRITPUR,33.85
25-03-2025,27.5,79.5,FARRUKHABAD,UTTAR PRADESH,D702,AMRITPUR,34.15
26-03-2025,27.5,79.5,FARRUKHABAD,UTTAR PRADESH,D702,AMRITPUR,34.33
27-03-2025,27.5,79.5,FARRUKHABAD,UTTAR PRADESH,D702,AMRITPUR,34.31
28-03-2025,27.5,79.5,FARRUKHABAD,UTTAR PRADESH,D702,AMRITPUR,35.03
29-03-2025,27.5,79.5,FARRUKHABAD,UTTAR PRADESH,D702,AMRITPUR,35.15
30-03-2025,27.5,79.5,FARRUKHABAD,UTTAR PRADESH,D702,AMRITPUR,35.06
31-03-2025,27.5,79.5,FARRUKHABAD,UTTAR PRADESH,D702,AMRITPUR,35.17
01-04-2025,27.5,79.5,FARRUKHABAD,UTTAR PRADESH,D702,AMRITPUR,35.45
02-04-2025,27.5,79.5,FARRUKHABAD,UTTAR PRADESH,D702,AMRITPUR,36
03-04-2025,27.5,79.5,FARRUKHABAD,UTTAR PRADESH,D702,AMRITPUR,36.27
04-04-2025,27.5,79.5,FARRUKHABAD,UTTAR PRADESH,D702,AMRITPUR,36.11
05-04-2025,27.5,79.5,FARRUKHABAD,UTTAR PRADESH,D702,AMRITPUR,36.48
06-04-2025,27.5,79.5,FARRUKHABAD,UTTAR PRADESH,D702,AMRITPUR,37
07-04-2025,27.5,79.5,FARRUKHABAD,UTTAR PRADESH,D702,AMRITPUR,37.05
08-04-2025,27.5,79.5,FARRUKHABAD,UTTAR PRADESH,D702,AMRITPUR,37.08
09-04-2025,27.5,79.5,FARRUKHABAD,UTTAR PRADESH,D702,AMRITPUR,37.22
10-04-2025,27.5,79.5,FARRUKHABAD,UTTAR PRADESH,D702,AMRITPUR,37.38
11-04-2025,27.5,79.5,FARRUKHABAD,UTTAR PRADESH,D702,AMRITPUR,37.84
12-04-2025,27.5,79.5,FARRUKHABAD,UTTAR PRADESH,D702,AMRITPUR,37.81
13-04-2025,27.5,79.5,FARRUKHABAD,UTTAR PRADESH,D702,AMRITPUR,37.82
14-04-2025,27.5,79.5,FARRUKHABAD,UTTAR PRADESH,D702,AMRITPUR,38.11
15-04-2025,27.5,79.5,FARRUKHABAD,UTTAR PRADESH,D702,AMRITPUR,38.74
16-04-2025,27.5,79.5,FARRUKHABAD,UTTAR PRADESH,D702,AMRITPUR,38.49
17-04-2025,27.5,79.5,FARRUKHABAD,UTTAR PRADESH,D702,AMRITPUR,38.21
18-04-2025,27.5,79.5,FARRUKHABAD,UTTAR PRADESH,D702,AMRITPUR,38.08
19-04-2025,27.5,79.5,FARRUKHABAD,UTTAR PRADESH,D702,AMRITPUR,38.51
20-04-2025,27.5,79.5,FARRUKHABAD,UTTAR PRADESH,D702,AMRITPUR,38.49
21-04-2025,27.5,79.5,FARRUKHABAD,UTTAR PRADESH,D702,AMRITPUR,38.35
22-04-2025,27.5,79.5,FARRUKHABAD,UTTAR PRADESH,D702,AMRITPUR,38.64
23-04-2025,27.5,79.5,FARRUKHABAD,UTTAR PRADESH,D702,AMRITPUR,38.46
24-04-2025,27.5,79.5,FARRUKHABAD,UTTAR PRADESH,D702,AMRITPUR,39.07
25-04-2025,27.5,79.5,FARRUKHABAD,UTTAR PRADESH,D702,AMRITPUR,39.45
26-04-2025,27.5,79.5,FARRUKHABAD,UTTAR PRADESH,D702,AMRITPUR,39.19
27-04-2025,27.5,79.5,FARRUKHABAD,UTTAR PRADESH,D702,AMRITPUR,39.03
28-04-2025,27.5,79.5,FARRUKHABAD,UTTAR PRADESH,D702,AMRITPUR,39.22
29-04-2025,27.5,79.5,FARRUKHABAD,UTTAR PRADESH,D702,AMRITPUR,39.63
30-04-2025,27.5,79.5,FARRUKHABAD,UTTAR PRADESH,D702,AMRITPUR,39.23
01-05-2025,27.5,79.5,FARRUKHABAD,UTTAR PRADESH,D702,AMRITPUR,38.9
02-05-2025,27.5,79.5,FARRUKHABAD,UTTAR PRADESH,D702,AMRITPUR,38.78
03-05-2025,27.5,79.5,FARRUKHABAD,UTTAR PRADESH,D702,AMRITPUR,38.53
04-05-2025,27.5,79.5,FARRUKHABAD,UTTAR PRADESH,D702,AMRITPUR,38.6
05-05-2025,27.5,79.5,FARRUKHABAD,UTTAR PRADESH,D702,AMRITPUR,38.52
06-05-2025,27.5,79.5,FARRUKHABAD,UTTAR PRADESH,D702,AMRITPUR,39.03
07-05-2025,27.5,79.5,FARRUKHABAD,UTTAR PRADESH,D702,AMRITPUR,39.16
08-05-2025,27.5,79.5,FARRUKHABAD,UTTAR PRADESH,D702,AMRITPUR,39.32
09-05-2025,27.5,79.5,FARRUKHABAD,UTTAR PRADESH,D702,AMRITPUR,39.53
10-05-2025,27.5,79.5,FARRUKHABAD,UTTAR PRADESH,D702,AMRITPUR,39.76
11-05-2025,27.5,79.5,FARRUKHABAD,UTTAR PRADESH,D702,AMRITPUR,39.41
12-05-2025,27.5,79.5,FARRUKHABAD,UTTAR PRADESH,D702,AMRITPUR,39.26
13-05-2025,27.5,79.5,FARRUKHABAD,UTTAR PRADESH,D702,AMRITPUR,39.11
14-05-2025,27.5,79.5,FARRUKHABAD,UTTAR PRADESH,D702,AMRITPUR,39.72
15-05-2025,27.5,79.5,FARRUKHABAD,UTTAR PRADESH,D702,AMRITPUR,40.03
16-05-2025,27.5,79.5,FARRUKHABAD,UTTAR PRADESH,D702,AMRITPUR,40.46
17-05-2025,27.5,79.5,FARRUKHABAD,UTTAR PRADESH,D702,AMRITPUR,40.2
18-05-2025,27.5,79.5,FARRUKHABAD,UTTAR PRADESH,D702,AMRITPUR,40.33
19-05-2025,27.5,79.5,FARRUKHABAD,UTTAR PRADESH,D702,AMRITPUR,40.08
20-05-2025,27.5,79.5,FARRUKHABAD,UTTAR PRADESH,D702,AMRITPUR,39.95
21-05-2025,27.5,79.5,FARRUKHABAD,UTTAR PRADESH,D702,AMRITPUR,40.17
22-05-2025,27.5,79.5,FARRUKHABAD,UTTAR PRADESH,D702,AMRITPUR,39.94
23-05-2025,27.5,79.5,FARRUKHABAD,UTTAR PRADESH,D702,AMRITPUR,39.91
24-05-2025,27.5,79.5,FARRUKHABAD,UTTAR PRADESH,D702,AMRITPUR,39.73
25-05-2025,27.5,79.5,FARRUKHABAD,UTTAR PRADESH,D702,AMRITPUR,40.25
26-05-2025,27.5,79.5,FARRUKHABAD,UTTAR PRADESH,D702,AMRITPUR,40.54
27-05-2025,27.5,79.5,FARRUKHABAD,UTTAR PRADESH,D702,AMRITPUR,40.6
28-05-2025,27.5,79.5,FARRUKHABAD,UTTAR PRADESH,D702,AMRITPUR,40.41
29-05-2025,27.5,79.5,FARRUKHABAD,UTTAR PRADESH,D702,AMRITPUR,40.25
30-05-2025,27.5,79.5,FARRUKHABAD,UTTAR PRADESH,D702,AMRITPUR,39.85
31-05-2025,27.5,79.5,FARRUKHABAD,UTTAR PRADESH,D702,AMRITPUR,40.34
01-06-2025,27.5,79.5,FARRUKHABAD,UTTAR PRADESH,D702,AMRITPUR,39.78
02-06-2025,27.5,79.5,FARRUKHABAD,UTTAR PRADESH,D702,AMRITPUR,39.79
03-06-2025,27.5,79.5,FARRUKHABAD,UTTAR PRADESH,D702,AMRITPUR,40.17
04-06-2025,27.5,79.5,FARRUKHABAD,UTTAR PRADESH,D702,AMRITPUR,40.03
05-06-2025,27.5,79.5,FARRUKHABAD,UTTAR PRADESH,D702,AMRITPUR,39.8
06-06-2025,27.5,79.5,FARRUKHABAD,UTTAR PRADESH,D702,AMRITPUR,39.7
07-06-2025,27.5,79.5,FARRUKHABAD,UTTAR PRADESH,D702,AMRITPUR,39.37
08-06-2025,27.5,79.5,FARRUKHABAD,UTTAR PRADESH,D702,AMRITPUR,39.75
09-06-2025,27.5,79.5,FARRUKHABAD,UTTAR PRADESH,D702,AMRITPUR,39.83
10-06-2025,27.5,79.5,FARRUKHABAD,UTTAR PRADESH,D702,AMRITPUR,39.91
11-06-2025,27.5,79.5,FARRUKHABAD,UTTAR PRADESH,D702,AMRITPUR,39.92
12-06-2025,27.5,79.5,FARRUKHABAD,UTTAR PRADESH,D702,AMRITPUR,39.58
13-06-2025,27.5,79.5,FARRUKHABAD,UTTAR PRADESH,D702,AMRITPUR,39.88
14-06-2025,27.5,79.5,FARRUKHABAD,UTTAR PRADESH,D702,AMRITPUR,39.45
15-06-2025,27.5,79.5,FARRUKHABAD,UTTAR PRADESH,D702,AMRITPUR,39.18
16-06-2025,27.5,79.5,FARRUKHABAD,UTTAR PRADESH,D702,AMRITPUR,38.22
17-06-2025,27.5,79.5,FARRUKHABAD,UTTAR PRADESH,D702,AMRITPUR,38.27
18-06-2025,27.5,79.5,FARRUKHABAD,UTTAR PRADESH,D702,AMRITPUR,37.57
19-06-2025,27.5,79.5,FARRUKHABAD,UTTAR PRADESH,D702,AMRITPUR,37.71
20-06-2025,27.5,79.5,FARRUKHABAD,UTTAR PRADESH,D702,AMRITPUR,37.58
21-06-2025,27.5,79.5,FARRUKHABAD,UTTAR PRADESH,D702,AMRITPUR,37.89
22-06-2025,27.5,79.5,FARRUKHABAD,UTTAR PRADESH,D702,AMRITPUR,37.73
23-06-2025,27.5,79.5,FARRUKHABAD,UTTAR PRADESH,D702,AMRITPUR,37.44
24-06-2025,27.5,79.5,FARRUKHABAD,UTTAR PRADESH,D702,AMRITPUR,37.03
25-06-2025,27.5,79.5,FARRUKHABAD,UTTAR PRADESH,D702,AMRITPUR,36.86
26-06-2025,27.5,79.5,FARRUKHABAD,UTTAR PRADESH,D702,AMRITPUR,36.9
27-06-2025,27.5,79.5,FARRUKHABAD,UTTAR PRADESH,D702,AMRITPUR,36.34
28-06-2025,27.5,79.5,FARRUKHABAD,UTTAR PRADESH,D702,AMRITPUR,36.28
29-06-2025,27.5,79.5,FARRUKHABAD,UTTAR PRADESH,D702,AMRITPUR,35.58
30-06-2025,27.5,79.5,FARRUKHABAD,UTTAR PRADESH,D702,AMRITPUR,35.26
01-07-2025,27.5,79.5,FARRUKHABAD,UTTAR PRADESH,D702,AMRITPUR,35.93
02-07-2025,27.5,79.5,FARRUKHABAD,UTTAR PRADESH,D702,AMRITPUR,36.05
03-07-2025,27.5,79.5,FARRUKHABAD,UTTAR PRADESH,D702,AMRITPUR,35.76
04-07-2025,27.5,79.5,FARRUKHABAD,UTTAR PRADESH,D702,AMRITPUR,35.99
05-07-2025,27.5,79.5,FARRUKHABAD,UTTAR PRADESH,D702,AMRITPUR,35.39
06-07-2025,27.5,79.5,FARRUKHABAD,UTTAR PRADESH,D702,AMRITPUR,34.82
07-07-2025,27.5,79.5,FARRUKHABAD,UTTAR PRADESH,D702,AMRITPUR,34.9
08-07-2025,27.5,79.5,FARRUKHABAD,UTTAR PRADESH,D702,AMRITPUR,35.25
09-07-2025,27.5,79.5,FARRUKHABAD,UTTAR PRADESH,D702,AMRITPUR,34.82
10-07-2025,27.5,79.5,FARRUKHABAD,UTTAR PRADESH,D702,AMRITPUR,34.62
11-07-2025,27.5,79.5,FARRUKHABAD,UTTAR PRADESH,D702,AMRITPUR,34.27
12-07-2025,27.5,79.5,FARRUKHABAD,UTTAR PRADESH,D702,AMRITPUR,34.27
13-07-2025,27.5,79.5,FARRUKHABAD,UTTAR PRADESH,D702,AMRITPUR,34.23
14-07-2025,27.5,79.5,FARRUKHABAD,UTTAR PRADESH,D702,AMRITPUR,34.19
15-07-2025,27.5,79.5,FARRUKHABAD,UTTAR PRADESH,D702,AMRITPUR,34.12
16-07-2025,27.5,79.5,FARRUKHABAD,UTTAR PRADESH,D702,AMRITPUR,34.11
17-07-2025,27.5,79.5,FARRUKHABAD,UTTAR PRADESH,D702,AMRITPUR,34.21
18-07-2025,27.5,79.5,FARRUKHABAD,UTTAR PRADESH,D702,AMRITPUR,34.23
19-07-2025,27.5,79.5,FARRUKHABAD,UTTAR PRADESH,D702,AMRITPUR,34.45
20-07-2025,27.5,79.5,FARRUKHABAD,UTTAR PRADESH,D702,AMRITPUR,34.16
21-07-2025,27.5,79.5,FARRUKHABAD,UTTAR PRADESH,D702,AMRITPUR,33.86
22-07-2025,27.5,79.5,FARRUKHABAD,UTTAR PRADESH,D702,AMRITPUR,33.91
23-07-2025,27.5,79.5,FARRUKHABAD,UTTAR PRADESH,D702,AMRITPUR,33.88
24-07-2025,27.5,79.5,FARRUKHABAD,UTTAR PRADESH,D702,AMRITPUR,33.9
25-07-2025,27.5,79.5,FARRUKHABAD,UTTAR PRADESH,D702,AMRITPUR,33.57
26-07-2025,27.5,79.5,FARRUKHABAD,UTTAR PRADESH,D702,AMRITPUR,33.57
27-07-2025,27.5,79.5,FARRUKHABAD,UTTAR PRADESH,D702,AMRITPUR,33.33
28-07-2025,27.5,79.5,FARRUKHABAD,UTTAR PRADESH,D702,AMRITPUR,32.96
29-07-2025,27.5,79.5,FARRUKHABAD,UTTAR PRADESH,D702,AMRITPUR,33.05
30-07-2025,27.5,79.5,FARRUKHABAD,UTTAR PRADESH,D702,AMRITPUR,33.33
31-07-2025,27.5,79.5,FARRUKHABAD,UTTAR PRADESH,D702,AMRITPUR,33.01
01-08-2025,27.5,79.5,FARRUKHABAD,UTTAR PRADESH,D702,AMRITPUR,33.29
02-08-2025,27.5,79.5,FARRUKHABAD,UTTAR PRADESH,D702,AMRITPUR,33.31
03-08-2025,27.5,79.5,FARRUKHABAD,UTTAR PRADESH,D702,AMRITPUR,33.06
04-08-2025,27.5,79.5,FARRUKHABAD,UTTAR PRADESH,D702,AMRITPUR,33.36
05-08-2025,27.5,79.5,FARRUKHABAD,UTTAR PRADESH,D702,AMRITPUR,33.65
06-08-2025,27.5,79.5,FARRUKHABAD,UTTAR PRADESH,D702,AMRITPUR,33.59
07-08-2025,27.5,79.5,FARRUKHABAD,UTTAR PRADESH,D702,AMRITPUR,33.64
08-08-2025,27.5,79.5,FARRUKHABAD,UTTAR PRADESH,D702,AMRITPUR,33.46
09-08-2025,27.5,79.5,FARRUKHABAD,UTTAR PRADESH,D702,AMRITPUR,33.52
10-08-2025,27.5,79.5,FARRUKHABAD,UTTAR PRADESH,D702,AMRITPUR,33.37
11-08-2025,27.5,79.5,FARRUKHABAD,UTTAR PRADESH,D702,AMRITPUR,33.23
12-08-2025,27.5,79.5,FARRUKHABAD,UTTAR PRADESH,D702,AMRITPUR,33.08
13-08-2025,27.5,79.5,FARRUKHABAD,UTTAR PRADESH,D702,AMRITPUR,32.73
14-08-2025,27.5,79.5,FARRUKHABAD,UTTAR PRADESH,D702,AMRITPUR,32.78
15-08-2025,27.5,79.5,FARRUKHABAD,UTTAR PRADESH,D702,AMRITPUR,33.08
16-08-2025,27.5,79.5,FARRUKHABAD,UTTAR PRADESH,D702,AMRITPUR,33.34
17-08-2025,27.5,79.5,FARRUKHABAD,UTTAR PRADESH,D702,AMRITPUR,33.64
18-08-2025,27.5,79.5,FARRUKHABAD,UTTAR PRADESH,D702,AMRITPUR,33.36
19-08-2025,27.5,79.5,FARRUKHABAD,UTTAR PRADESH,D702,AMRITPUR,33.03
20-08-2025,27.5,79.5,FARRUKHABAD,UTTAR PRADESH,D702,AMRITPUR,33.01
21-08-2025,27.5,79.5,FARRUKHABAD,UTTAR PRADESH,D702,AMRITPUR,33.08
22-08-2025,27.5,79.5,FARRUKHABAD,UTTAR PRADESH,D702,AMRITPUR,33.2
23-08-2025,27.5,79.5,FARRUKHABAD,UTTAR PRADESH,D702,AMRITPUR,33.17
24-08-2025,27.5,79.5,FARRUKHABAD,UTTAR PRADESH,D702,AMRITPUR,33.23
25-08-2025,27.5,79.5,FARRUKHABAD,UTTAR PRADESH,D702,AMRITPUR,33.49
26-08-2025,27.5,79.5,FARRUKHABAD,UTTAR PRADESH,D702,AMRITPUR,33.61
27-08-2025,27.5,79.5,FARRUKHABAD,UTTAR PRADESH,D702,AMRITPUR,33.81
28-08-2025,27.5,79.5,FARRUKHABAD,UTTAR PRADESH,D702,AMRITPUR,33.82
29-08-2025,27.5,79.5,FARRUKHABAD,UTTAR PRADESH,D702,AMRITPUR,33.69
30-08-2025,27.5,79.5,FARRUKHABAD,UTTAR PRADESH,D702,AMRITPUR,33.68
31-08-2025,27.5,79.5,FARRUKHABAD,UTTAR PRADESH,D702,AMRITPUR,33.76
01-09-2025,27.5,79.5,FARRUKHABAD,UTTAR PRADESH,D702,AMRITPUR,33.72
02-09-2025,27.5,79.5,FARRUKHABAD,UTTAR PRADESH,D702,AMRITPUR,33.34
03-09-2025,27.5,79.5,FARRUKHABAD,UTTAR PRADESH,D702,AMRITPUR,33.76
04-09-2025,27.5,79.5,FARRUKHABAD,UTTAR PRADESH,D702,AMRITPUR,33.75
05-09-2025,27.5,79.5,FARRUKHABAD,UTTAR PRADESH,D702,AMRITPUR,33.51
06-09-2025,27.5,79.5,FARRUKHABAD,UTTAR PRADESH,D702,AMRITPUR,33.42
07-09-2025,27.5,79.5,FARRUKHABAD,UTTAR PRADESH,D702,AMRITPUR,33.54
08-09-2025,27.5,79.5,FARRUKHABAD,UTTAR PRADESH,D702,AMRITPUR,33.51
09-09-2025,27.5,79.5,FARRUKHABAD,UTTAR PRADESH,D702,AMRITPUR,33.7
10-09-2025,27.5,79.5,FARRUKHABAD,UTTAR PRADESH,D702,AMRITPUR,33.81
11-09-2025,27.5,79.5,FARRUKHABAD,UTTAR PRADESH,D702,AMRITPUR,33.44
12-09-2025,27.5,79.5,FARRUKHABAD,UTTAR PRADESH,D702,AMRITPUR,33.02
13-09-2025,27.5,79.5,FARRUKHABAD,UTTAR PRADESH,D702,AMRITPUR,33.28
14-09-2025,27.5,79.5,FARRUKHABAD,UTTAR PRADESH,D702,AMRITPUR,33.51
15-09-2025,27.5,79.5,FARRUKHABAD,UTTAR PRADESH,D702,AMRITPUR,33.14
16-09-2025,27.5,79.5,FARRUKHABAD,UTTAR PRADESH,D702,AMRITPUR,32.89
17-09-2025,27.5,79.5,FARRUKHABAD,UTTAR PRADESH,D702,AMRITPUR,33.08
18-09-2025,27.5,79.5,FARRUKHABAD,UTTAR PRADESH,D702,AMRITPUR,33.38
19-09-2025,27.5,79.5,FARRUKHABAD,UTTAR PRADESH,D702,AMRITPUR,33.46
20-09-2025,27.5,79.5,FARRUKHABAD,UTTAR PRADESH,D702,AMRITPUR,33.64
21-09-2025,27.5,79.5,FARRUKHABAD,UTTAR PRADESH,D702,AMRITPUR,33.34
22-09-2025,27.5,79.5,FARRUKHABAD,UTTAR PRADESH,D702,AMRITPUR,32.88
23-09-2025,27.5,79.5,FARRUKHABAD,UTTAR PRADESH,D702,AMRITPUR,33.14
24-09-2025,27.5,79.5,FARRUKHABAD,UTTAR PRADESH,D702,AMRITPUR,32.83
25-09-2025,27.5,79.5,FARRUKHABAD,UTTAR PRADESH,D702,AMRITPUR,32.88
26-09-2025,27.5,79.5,FARRUKHABAD,UTTAR PRADESH,D702,AMRITPUR,33.39
27-09-2025,27.5,79.5,FARRUKHABAD,UTTAR PRADESH,D702,AMRITPUR,33.79
28-09-2025,27.5,79.5,FARRUKHABAD,UTTAR PRADESH,D702,AMRITPUR,33.8
29-09-2025,27.5,79.5,FARRUKHABAD,UTTAR PRADESH,D702,AMRITPUR,33.91
30-09-2025,27.5,79.5,FARRUKHABAD,UTTAR PRADESH,D702,AMRITPUR,33.68
01-10-2025,27.5,79.5,FARRUKHABAD,UTTAR PRADESH,D702,AMRITPUR,33.83
02-10-2025,27.5,79.5,FARRUKHABAD,UTTAR PRADESH,D702,AMRITPUR,33.84
03-10-2025,27.5,79.5,FARRUKHABAD,UTTAR PRADESH,D702,AMRITPUR,33.49
04-10-2025,27.5,79.5,FARRUKHABAD,UTTAR PRADESH,D702,AMRITPUR,33.31
05-10-2025,27.5,79.5,FARRUKHABAD,UTTAR PRADESH,D702,AMRITPUR,33.39
06-10-2025,27.5,79.5,FARRUKHABAD,UTTAR PRADESH,D702,AMRITPUR,33.28
07-10-2025,27.5,79.5,FARRUKHABAD,UTTAR PRADESH,D702,AMRITPUR,33.4
08-10-2025,27.5,79.5,FARRUKHABAD,UTTAR PRADESH,D702,AMRITPUR,33.42
09-10-2025,27.5,79.5,FARRUKHABAD,UTTAR PRADESH,D702,AMRITPUR,33.65
10-10-2025,27.5,79.5,FARRUKHABAD,UTTAR PRADESH,D702,AMRITPUR,33.76
11-10-2025,27.5,79.5,FARRUKHABAD,UTTAR PRADESH,D702,AMRITPUR,33.3
12-10-2025,27.5,79.5,FARRUKHABAD,UTTAR PRADESH,D702,AMRITPUR,33.46
13-10-2025,27.5,79.5,FARRUKHABAD,UTTAR PRADESH,D702,AMRITPUR,33.47
14-10-2025,27.5,79.5,FARRUKHABAD,UTTAR PRADESH,D702,AMRITPUR,33.19
15-10-2025,27.5,79.5,FARRUKHABAD,UTTAR PRADESH,D702,AMRITPUR,33.2
16-10-2025,27.5,79.5,FARRUKHABAD,UTTAR PRADESH,D702,AMRITPUR,33.17
17-10-2025,27.5,79.5,FARRUKHABAD,UTTAR PRADESH,D702,AMRITPUR,32.65
18-10-2025,27.5,79.5,FARRUKHABAD,UTTAR PRADESH,D702,AMRITPUR,32.55
19-10-2025,27.5,79.5,FARRUKHABAD,UTTAR PRADESH,D702,AMRITPUR,32.41
20-10-2025,27.5,79.5,FARRUKHABAD,UTTAR PRADESH,D702,AMRITPUR,32.63
21-10-2025,27.5,79.5,FARRUKHABAD,UTTAR PRADESH,D702,AMRITPUR,32.63
22-10-2025,27.5,79.5,FARRUKHABAD,UTTAR PRADESH,D702,AMRITPUR,32.41
23-10-2025,27.5,79.5,FARRUKHABAD,UTTAR PRADESH,D702,AMRITPUR,32.18
24-10-2025,27.5,79.5,FARRUKHABAD,UTTAR PRADESH,D702,AMRITPUR,31.95
25-10-2025,27.5,79.5,FARRUKHABAD,UTTAR PRADESH,D702,AMRITPUR,31.91
26-10-2025,27.5,79.5,FARRUKHABAD,UTTAR PRADESH,D702,AMRITPUR,31.71
27-10-2025,27.5,79.5,FARRUKHABAD,UTTAR PRADESH,D702,AMRITPUR,31.37
28-10-2025,27.5,79.5,FARRUKHABAD,UTTAR PRADESH,D702,AMRITPUR,31.18
29-10-2025,27.5,79.5,FARRUKHABAD,UTTAR PRADESH,D702,AMRITPUR,31.17
30-10-2025,27.5,79.5,FARRUKHABAD,UTTAR PRADESH,D702,AMRITPUR,31.02
31-10-2025,27.5,79.5,FARRUKHABAD,UTTAR PRADESH,D702,AMRITPUR,31.18
01-11-2025,27.5,79.5,FARRUKHABAD,UTTAR PRADESH,D702,AMRITPUR,31.27
02-11-2025,27.5,79.5,FARRUKHABAD,UTTAR PRADESH,D702,AMRITPUR,31.23
03-11-2025,27.5,79.5,FARRUKHABAD,UTTAR PRADESH,D702,AMRITPUR,30.98
04-11-2025,27.5,79.5,FARRUKHABAD,UTTAR PRADESH,D702,AMRITPUR,30.85
05-11-2025,27.5,79.5,FARRUKHABAD,UTTAR PRADESH,D702,AMRITPUR,30.53
06-11-2025,27.5,79.5,FARRUKHABAD,UTTAR PRADESH,D702,AMRITPUR,30.18
07-11-2025,27.5,79.5,FARRUKHABAD,UTTAR PRADESH,D702,AMRITPUR,30.03
08-11-2025,27.5,79.5,FARRUKHABAD,UTTAR PRADESH,D702,AMRITPUR,29.86
09-11-2025,27.5,79.5,FARRUKHABAD,UTTAR PRADESH,D702,AMRITPUR,29.72
10-11-2025,27.5,79.5,FARRUKHABAD,UTTAR PRADESH,D702,AMRITPUR,29.59
11-11-2025,27.5,79.5,FARRUKHABAD,UTTAR PRADESH,D702,AMRITPUR,29.27
12-11-2025,27.5,79.5,FARRUKHABAD,UTTAR PRADESH,D702,AMRITPUR,29.21
13-11-2025,27.5,79.5,FARRUKHABAD,UTTAR PRADESH,D702,AMRITPUR,29.11
14-11-2025,27.5,79.5,FARRUKHABAD,UTTAR PRADESH,D702,AMRITPUR,28.87
15-11-2025,27.5,79.5,FARRUKHABAD,UTTAR PRADESH,D702,AMRITPUR,28.87
16-11-2025,27.5,79.5,FARRUKHABAD,UTTAR PRADESH,D702,AMRITPUR,28.62
17-11-2025,27.5,79.5,FARRUKHABAD,UTTAR PRADESH,D702,AMRITPUR,28.36
18-11-2025,27.5,79.5,FARRUKHABAD,UTTAR PRADESH,D702,AMRITPUR,28.17
19-11-2025,27.5,79.5,FARRUKHABAD,UTTAR PRADESH,D702,AMRITPUR,27.89
20-11-2025,27.5,79.5,FARRUKHABAD,UTTAR PRADESH,D702,AMRITPUR,27.74
21-11-2025,27.5,79.5,FARRUKHABAD,UTTAR PRADESH,D702,AMRITPUR,27.66
22-11-2025,27.5,79.5,FARRUKHABAD,UTTAR PRADESH,D702,AMRITPUR,27.34
23-11-2025,27.5,79.5,FARRUKHABAD,UTTAR PRADESH,D702,AMRITPUR,27.37
24-11-2025,27.5,79.5,FARRUKHABAD,UTTAR PRADESH,D702,AMRITPUR,27.21
25-11-2025,27.5,79.5,FARRUKHABAD,UTTAR PRADESH,D702,AMRITPUR,27.14
26-11-2025,27.5,79.5,FARRUKHABAD,UTTAR PRADESH,D702,AMRITPUR,27
27-11-2025,27.5,79.5,FARRUKHABAD,UTTAR PRADESH,D702,AMRITPUR,26.75
28-11-2025,27.5,79.5,FARRUKHABAD,UTTAR PRADESH,D702,AMRITPUR,26.47
29-11-2025,27.5,79.5,FARRUKHABAD,UTTAR PRADESH,D702,AMRITPUR,26.52
30-11-2025,27.5,79.5,FARRUKHABAD,UTTAR PRADESH,D702,AMRITPUR,26.36
01-12-2025,27.5,79.5,FARRUKHABAD,UTTAR PRADESH,D702,AMRITPUR,26.11
02-12-2025,27.5,79.5,FARRUKHABAD,UTTAR PRADESH,D702,AMRITPUR,25.69
03-12-2025,27.5,79.5,FARRUKHABAD,UTTAR PRADESH,D702,AMRITPUR,25.84
04-12-2025,27.5,79.5,FARRUKHABAD,UTTAR PRADESH,D702,AMRITPUR,25.64
05-12-2025,27.5,79.5,FARRUKHABAD,UTTAR PRADESH,D702,AMRITPUR,25.63
06-12-2025,27.5,79.5,FARRUKHABAD,UTTAR PRADESH,D702,AMRITPUR,25.64
07-12-2025,27.5,79.5,FARRUKHABAD,UTTAR PRADESH,D702,AMRITPUR,25.35
08-12-2025,27.5,79.5,FARRUKHABAD,UTTAR PRADESH,D702,AMRITPUR,25.13
09-12-2025,27.5,79.5,FARRUKHABAD,UTTAR PRADESH,D702,AMRITPUR,24.94
10-12-2025,27.5,79.5,FARRUKHABAD,UTTAR PRADESH,D702,AMRITPUR,24.62
11-12-2025,27.5,79.5,FARRUKHABAD,UTTAR PRADESH,D702,AMRITPUR,24.31
12-12-2025,27.5,79.5,FARRUKHABAD,UTTAR PRADESH,D702,AMRITPUR,24.09
13-12-2025,27.5,79.5,FARRUKHABAD,UTTAR PRADESH,D702,AMRITPUR,23.46
14-12-2025,27.5,79.5,FARRUKHABAD,UTTAR PRADESH,D702,AMRITPUR,23.15
15-12-2025,27.5,79.5,FARRUKHABAD,UTTAR PRADESH,D702,AMRITPUR,23.25
16-12-2025,27.5,79.5,FARRUKHABAD,UTTAR PRADESH,D702,AMRITPUR,22.97
17-12-2025,27.5,79.5,FARRUKHABAD,UTTAR PRADESH,D702,AMRITPUR,23.11
18-12-2025,27.5,79.5,FARRUKHABAD,UTTAR PRADESH,D702,AMRITPUR,22.77
19-12-2025,27.5,79.5,FARRUKHABAD,UTTAR PRADESH,D702,AMRITPUR,22.23
20-12-2025,27.5,79.5,FARRUKHABAD,UTTAR PRADESH,D702,AMRITPUR,21.89
21-12-2025,27.5,79.5,FARRUKHABAD,UTTAR PRADESH,D702,AMRITPUR,22.19
22-12-2025,27.5,79.5,FARRUKHABAD,UTTAR PRADESH,D702,AMRITPUR,22.28
23-12-2025,27.5,79.5,FARRUKHABAD,UTTAR PRADESH,D702,AMRITPUR,21.9
24-12-2025,27.5,79.5,FARRUKHABAD,UTTAR PRADESH,D702,AMRITPUR,21.85
25-12-2025,27.5,79.5,FARRUKHABAD,UTTAR PRADESH,D702,AMRITPUR,21.54
26-12-2025,27.5,79.5,FARRUKHABAD,UTTAR PRADESH,D702,AMRITPUR,21.32
27-12-2025,27.5,79.5,FARRUKHABAD,UTTAR PRADESH,D702,AMRITPUR,21.14
28-12-2025,27.5,79.5,FARRUKHABAD,UTTAR PRADESH,D702,AMRITPUR,20.57
29-12-2025,27.5,79.5,FARRUKHABAD,UTTAR PRADESH,D702,AMRITPUR,20.51
30-12-2025,27.5,79.5,FARRUKHABAD,UTTAR PRADESH,D702,AMRITPUR,19.59
31-12-2025,27.5,79.5,FARRUKHABAD,UTTAR PRADESH,D702,AMRITPUR,19.27
01-01-2025,28.5,77.5,GAUTAM BUDH NAGAR,UTTAR PRADESH,D705,DADRI,18.92
02-01-2025,28.5,77.5,GAUTAM BUDH NAGAR,UTTAR PRADESH,D705,DADRI,18.63
03-01-2025,28.5,77.5,GAUTAM BUDH NAGAR,UTTAR PRADESH,D705,DADRI,18.45
04-01-2025,28.5,77.5,GAUTAM BUDH NAGAR,UTTAR PRADESH,D705,DADRI,18.53
05-01-2025,28.5,77.5,GAUTAM BUDH NAGAR,UTTAR PRADESH,D705,DADRI,18.45
06-01-2025,28.5,77.5,GAUTAM BUDH NAGAR,UTTAR PRADESH,D705,DADRI,18.51
07-01-2025,28.5,77.5,GAUTAM BUDH NAGAR,UTTAR PRADESH,D705,DADRI,18.48
08-01-2025,28.5,77.5,GAUTAM BUDH NAGAR,UTTAR PRADESH,D705,DADRI,18.28
09-01-2025,28.5,77.5,GAUTAM BUDH NAGAR,UTTAR PRADESH,D705,DADRI,18.48
10-01-2025,28.5,77.5,GAUTAM BUDH NAGAR,UTTAR PRADESH,D705,DADRI,18.42
11-01-2025,28.5,77.5,GAUTAM BUDH NAGAR,UTTAR PRADESH,D705,DADRI,19.11
12-01-2025,28.5,77.5,GAUTAM BUDH NAGAR,UTTAR PRADESH,D705,DADRI,19.32
13-01-2025,28.5,77.5,GAUTAM BUDH NAGAR,UTTAR PRADESH,D705,DADRI,19.97
14-01-2025,28.5,77.5,GAUTAM BUDH NAGAR,UTTAR PRADESH,D705,DADRI,19.74
15-01-2025,28.5,77.5,GAUTAM BUDH NAGAR,UTTAR PRADESH,D705,DADRI,19.4
16-01-2025,28.5,77.5,GAUTAM BUDH NAGAR,UTTAR PRADESH,D705,DADRI,19.32
17-01-2025,28.5,77.5,GAUTAM BUDH NAGAR,UTTAR PRADESH,D705,DADRI,18.56
18-01-2025,28.5,77.5,GAUTAM BUDH NAGAR,UTTAR PRADESH,D705,DADRI,18.78
19-01-2025,28.5,77.5,GAUTAM BUDH NAGAR,UTTAR PRADESH,D705,DADRI,19.08
20-01-2025,28.5,77.5,GAUTAM BUDH NAGAR,UTTAR PRADESH,D705,DADRI,19.22
21-01-2025,28.5,77.5,GAUTAM BUDH NAGAR,UTTAR PRADESH,D705,DADRI,19.45
22-01-2025,28.5,77.5,GAUTAM BUDH NAGAR,UTTAR PRADESH,D705,DADRI,19.6
23-01-2025,28.5,77.5,GAUTAM BUDH NAGAR,UTTAR PRADESH,D705,DADRI,20.34
24-01-2025,28.5,77.5,GAUTAM BUDH NAGAR,UTTAR PRADESH,D705,DADRI,19.99
25-01-2025,28.5,77.5,GAUTAM BUDH NAGAR,UTTAR PRADESH,D705,DADRI,20.12
26-01-2025,28.5,77.5,GAUTAM BUDH NAGAR,UTTAR PRADESH,D705,DADRI,20.78
27-01-2025,28.5,77.5,GAUTAM BUDH NAGAR,UTTAR PRADESH,D705,DADRI,21.48
28-01-2025,28.5,77.5,GAUTAM BUDH NAGAR,UTTAR PRADESH,D705,DADRI,21.38
29-01-2025,28.5,77.5,GAUTAM BUDH NAGAR,UTTAR PRADESH,D705,DADRI,21.7
30-01-2025,28.5,77.5,GAUTAM BUDH NAGAR,UTTAR PRADESH,D705,DADRI,22.07
31-01-2025,28.5,77.5,GAUTAM BUDH NAGAR,UTTAR PRADESH,D705,DADRI,21.89
01-02-2025,28.5,77.5,GAUTAM BUDH NAGAR,UTTAR PRADESH,D705,DADRI,21.92
02-02-2025,28.5,77.5,GAUTAM BUDH NAGAR,UTTAR PRADESH,D705,DADRI,22.17
03-02-2025,28.5,77.5,GAUTAM BUDH NAGAR,UTTAR PRADESH,D705,DADRI,22.17
04-02-2025,28.5,77.5,GAUTAM BUDH NAGAR,UTTAR PRADESH,D705,DADRI,22.37
05-02-2025,28.5,77.5,GAUTAM BUDH NAGAR,UTTAR PRADESH,D705,DADRI,22.77
06-02-2025,28.5,77.5,GAUTAM BUDH NAGAR,UTTAR PRADESH,D705,DADRI,22.87
07-02-2025,28.5,77.5,GAUTAM BUDH NAGAR,UTTAR PRADESH,D705,DADRI,22.74
08-02-2025,28.5,77.5,GAUTAM BUDH NAGAR,UTTAR PRADESH,D705,DADRI,22.77
09-02-2025,28.5,77.5,GAUTAM BUDH NAGAR,UTTAR PRADESH,D705,DADRI,23.19
10-02-2025,28.5,77.5,GAUTAM BUDH NAGAR,UTTAR PRADESH,D705,DADRI,23.44
11-02-2025,28.5,77.5,GAUTAM BUDH NAGAR,UTTAR PRADESH,D705,DADRI,23.59
12-02-2025,28.5,77.5,GAUTAM BUDH NAGAR,UTTAR PRADESH,D705,DADRI,23.86
13-02-2025,28.5,77.5,GAUTAM BUDH NAGAR,UTTAR PRADESH,D705,DADRI,24.28
14-02-2025,28.5,77.5,GAUTAM BUDH NAGAR,UTTAR PRADESH,D705,DADRI,24.52
15-02-2025,28.5,77.5,GAUTAM BUDH NAGAR,UTTAR PRADESH,D705,DADRI,24.29
16-02-2025,28.5,77.5,GAUTAM BUDH NAGAR,UTTAR PRADESH,D705,DADRI,24.69
17-02-2025,28.5,77.5,GAUTAM BUDH NAGAR,UTTAR PRADESH,D705,DADRI,25.12
18-02-2025,28.5,77.5,GAUTAM BUDH NAGAR,UTTAR PRADESH,D705,DADRI,25.97
19-02-2025,28.5,77.5,GAUTAM BUDH NAGAR,UTTAR PRADESH,D705,DADRI,26.24
20-02-2025,28.5,77.5,GAUTAM BUDH NAGAR,UTTAR PRADESH,D705,DADRI,26.02
21-02-2025,28.5,77.5,GAUTAM BUDH NAGAR,UTTAR PRADESH,D705,DADRI,26.15
22-02-2025,28.5,77.5,GAUTAM BUDH NAGAR,UTTAR PRADESH,D705,DADRI,26.03
23-02-2025,28.5,77.5,GAUTAM BUDH NAGAR,UTTAR PRADESH,D705,DADRI,26.05
24-02-2025,28.5,77.5,GAUTAM BUDH NAGAR,UTTAR PRADESH,D705,DADRI,26.27
25-02-2025,28.5,77.5,GAUTAM BUDH NAGAR,UTTAR PRADESH,D705,DADRI,26.59
26-02-2025,28.5,77.5,GAUTAM BUDH NAGAR,UTTAR PRADESH,D705,DADRI,26.29
27-02-2025,28.5,77.5,GAUTAM BUDH NAGAR,UTTAR PRADESH,D705,DADRI,26.69
28-02-2025,28.5,77.5,GAUTAM BUDH NAGAR,UTTAR PRADESH,D705,DADRI,27
29-02-2025,28.5,77.5,GAUTAM BUDH NAGAR,UTTAR PRADESH,D705,DADRI,28.36
01-03-2025,28.5,77.5,GAUTAM BUDH NAGAR,UTTAR PRADESH,D705,DADRI,26.89
02-03-2025,28.5,77.5,GAUTAM BUDH NAGAR,UTTAR PRADESH,D705,DADRI,27.16
03-03-2025,28.5,77.5,GAUTAM BUDH NAGAR,UTTAR PRADESH,D705,DADRI,27.51
04-03-2025,28.5,77.5,GAUTAM BUDH NAGAR,UTTAR PRADESH,D705,DADRI,27.41
05-03-2025,28.5,77.5,GAUTAM BUDH NAGAR,UTTAR PRADESH,D705,DADRI,27.56
06-03-2025,28.5,77.5,GAUTAM BUDH NAGAR,UTTAR PRADESH,D705,DADRI,28.04
07-03-2025,28.5,77.5,GAUTAM BUDH NAGAR,UTTAR PRADESH,D705,DADRI,28.83
08-03-2025,28.5,77.5,GAUTAM BUDH NAGAR,UTTAR PRADESH,D705,DADRI,28.7
09-03-2025,28.5,77.5,GAUTAM BUDH NAGAR,UTTAR PRADESH,D705,DADRI,29.1
10-03-2025,28.5,77.5,GAUTAM BUDH NAGAR,UTTAR PRADESH,D705,DADRI,28.92
11-03-2025,28.5,77.5,GAUTAM BUDH NAGAR,UTTAR PRADESH,D705,DADRI,29.28
12-03-2025,28.5,77.5,GAUTAM BUDH NAGAR,UTTAR PRADESH,D705,DADRI,29.38
13-03-2025,28.5,77.5,GAUTAM BUDH NAGAR,UTTAR PRADESH,D705,DADRI,29.45
14-03-2025,28.5,77.5,GAUTAM BUDH NAGAR,UTTAR PRADESH,D705,DADRI,29.24
15-03-2025,28.5,77.5,GAUTAM BUDH NAGAR,UTTAR PRADESH,D705,DADRI,29.49
16-03-2025,28.5,77.5,GAUTAM BUDH NAGAR,UTTAR PRADESH,D705,DADRI,30.45
17-03-2025,28.5,77.5,GAUTAM BUDH NAGAR,UTTAR PRADESH,D705,DADRI,31.31
18-03-2025,28.5,77.5,GAUTAM BUDH NAGAR,UTTAR PRADESH,D705,DADRI,31.61
19-03-2025,28.5,77.5,GAUTAM BUDH NAGAR,UTTAR PRADESH,D705,DADRI,31.85
20-03-2025,28.5,77.5,GAUTAM BUDH NAGAR,UTTAR PRADESH,D705,DADRI,32.17
21-03-2025,28.5,77.5,GAUTAM BUDH NAGAR,UTTAR PRADESH,D705,DADRI,31.57
22-03-2025,28.5,77.5,GAUTAM BUDH NAGAR,UTTAR PRADESH,D705,DADRI,31.87
23-03-2025,28.5,77.5,GAUTAM BUDH NAGAR,UTTAR PRADESH,D705,DADRI,32.4
24-03-2025,28.5,77.5,GAUTAM BUDH NAGAR,UTTAR PRADESH,D705,DADRI,32.64
25-03-2025,28.5,77.5,GAUTAM BUDH NAGAR,UTTAR PRADESH,D705,DADRI,32.6
26-03-2025,28.5,77.5,GAUTAM BUDH NAGAR,UTTAR PRADESH,D705,DADRI,32.82
27-03-2025,28.5,77.5,GAUTAM BUDH NAGAR,UTTAR PRADESH,D705,DADRI,33.07
28-03-2025,28.5,77.5,GAUTAM BUDH NAGAR,UTTAR PRADESH,D705,DADRI,33.9
29-03-2025,28.5,77.5,GAUTAM BUDH NAGAR,UTTAR PRADESH,D705,DADRI,34.13
30-03-2025,28.5,77.5,GAUTAM BUDH NAGAR,UTTAR PRADESH,D705,DADRI,34.22
31-03-2025,28.5,77.5,GAUTAM BUDH NAGAR,UTTAR PRADESH,D705,DADRI,34.29
01-04-2025,28.5,77.5,GAUTAM BUDH NAGAR,UTTAR PRADESH,D705,DADRI,34.83
02-04-2025,28.5,77.5,GAUTAM BUDH NAGAR,UTTAR PRADESH,D705,DADRI,35.21
03-04-2025,28.5,77.5,GAUTAM BUDH NAGAR,UTTAR PRADESH,D705,DADRI,35.29
04-04-2025,28.5,77.5,GAUTAM BUDH NAGAR,UTTAR PRADESH,D705,DADRI,35
05-04-2025,28.5,77.5,GAUTAM BUDH NAGAR,UTTAR PRADESH,D705,DADRI,35.47
06-04-2025,28.5,77.5,GAUTAM BUDH NAGAR,UTTAR PRADESH,D705,DADRI,36.24
07-04-2025,28.5,77.5,GAUTAM BUDH NAGAR,UTTAR PRADESH,D705,DADRI,36.03
08-04-2025,28.5,77.5,GAUTAM BUDH NAGAR,UTTAR PRADESH,D705,DADRI,36.46
09-04-2025,28.5,77.5,GAUTAM BUDH NAGAR,UTTAR PRADESH,D705,DADRI,36.77
10-04-2025,28.5,77.5,GAUTAM BUDH NAGAR,UTTAR PRADESH,D705,DADRI,36.72
11-04-2025,28.5,77.5,GAUTAM BUDH NAGAR,UTTAR PRADESH,D705,DADRI,36.87
12-04-2025,28.5,77.5,GAUTAM BUDH NAGAR,UTTAR PRADESH,D705,DADRI,37.09
13-04-2025,28.5,77.5,GAUTAM BUDH NAGAR,UTTAR PRADESH,D705,DADRI,37.21
14-04-2025,28.5,77.5,GAUTAM BUDH NAGAR,UTTAR PRADESH,D705,DADRI,37.62
15-04-2025,28.5,77.5,GAUTAM BUDH NAGAR,UTTAR PRADESH,D705,DADRI,38.32
16-04-2025,28.5,77.5,GAUTAM BUDH NAGAR,UTTAR PRADESH,D705,DADRI,37.85
17-04-2025,28.5,77.5,GAUTAM BUDH NAGAR,UTTAR PRADESH,D705,DADRI,37.55
18-04-2025,28.5,77.5,GAUTAM BUDH NAGAR,UTTAR PRADESH,D705,DADRI,37.4
19-04-2025,28.5,77.5,GAUTAM BUDH NAGAR,UTTAR PRADESH,D705,DADRI,38.34
20-04-2025,28.5,77.5,GAUTAM BUDH NAGAR,UTTAR PRADESH,D705,DADRI,38.04
21-04-2025,28.5,77.5,GAUTAM BUDH NAGAR,UTTAR PRADESH,D705,DADRI,37.97
22-04-2025,28.5,77.5,GAUTAM BUDH NAGAR,UTTAR PRADESH,D705,DADRI,38.24
23-04-2025,28.5,77.5,GAUTAM BUDH NAGAR,UTTAR PRADESH,D705,DADRI,38.17
24-04-2025,28.5,77.5,GAUTAM BUDH NAGAR,UTTAR PRADESH,D705,DADRI,38.73
25-04-2025,28.5,77.5,GAUTAM BUDH NAGAR,UTTAR PRADESH,D705,DADRI,39.36
26-04-2025,28.5,77.5,GAUTAM BUDH NAGAR,UTTAR PRADESH,D705,DADRI,39.39
27-04-2025,28.5,77.5,GAUTAM BUDH NAGAR,UTTAR PRADESH,D705,DADRI,39.34
28-04-2025,28.5,77.5,GAUTAM BUDH NAGAR,UTTAR PRADESH,D705,DADRI,39.66
29-04-2025,28.5,77.5,GAUTAM BUDH NAGAR,UTTAR PRADESH,D705,DADRI,39.9
30-04-2025,28.5,77.5,GAUTAM BUDH NAGAR,UTTAR PRADESH,D705,DADRI,39.73
01-05-2025,28.5,77.5,GAUTAM BUDH NAGAR,UTTAR PRADESH,D705,DADRI,39.23
02-05-2025,28.5,77.5,GAUTAM BUDH NAGAR,UTTAR PRADESH,D705,DADRI,38.85
03-05-2025,28.5,77.5,GAUTAM BUDH NAGAR,UTTAR PRADESH,D705,DADRI,38.72
04-05-2025,28.5,77.5,GAUTAM BUDH NAGAR,UTTAR PRADESH,D705,DADRI,39.16
05-05-2025,28.5,77.5,GAUTAM BUDH NAGAR,UTTAR PRADESH,D705,DADRI,38.88
06-05-2025,28.5,77.5,GAUTAM BUDH NAGAR,UTTAR PRADESH,D705,DADRI,39.27
07-05-2025,28.5,77.5,GAUTAM BUDH NAGAR,UTTAR PRADESH,D705,DADRI,39.57
08-05-2025,28.5,77.5,GAUTAM BUDH NAGAR,UTTAR PRADESH,D705,DADRI,39.73
09-05-2025,28.5,77.5,GAUTAM BUDH NAGAR,UTTAR PRADESH,D705,DADRI,39.7
10-05-2025,28.5,77.5,GAUTAM BUDH NAGAR,UTTAR PRADESH,D705,DADRI,39.42
11-05-2025,28.5,77.5,GAUTAM BUDH NAGAR,UTTAR PRADESH,D705,DADRI,39.51
12-05-2025,28.5,77.5,GAUTAM BUDH NAGAR,UTTAR PRADESH,D705,DADRI,39.48
13-05-2025,28.5,77.5,GAUTAM BUDH NAGAR,UTTAR PRADESH,D705,DADRI,39.55
14-05-2025,28.5,77.5,GAUTAM BUDH NAGAR,UTTAR PRADESH,D705,DADRI,39.71
15-05-2025,28.5,77.5,GAUTAM BUDH NAGAR,UTTAR PRADESH,D705,DADRI,40.43
16-05-2025,28.5,77.5,GAUTAM BUDH NAGAR,UTTAR PRADESH,D705,DADRI,40.65
17-05-2025,28.5,77.5,GAUTAM BUDH NAGAR,UTTAR PRADESH,D705,DADRI,40.78
18-05-2025,28.5,77.5,GAUTAM BUDH NAGAR,UTTAR PRADESH,D705,DADRI,40.7
19-05-2025,28.5,77.5,GAUTAM BUDH NAGAR,UTTAR PRADESH,D705,DADRI,40.82
20-05-2025,28.5,77.5,GAUTAM BUDH NAGAR,UTTAR PRADESH,D705,DADRI,40.78
21-05-2025,28.5,77.5,GAUTAM BUDH NAGAR,UTTAR PRADESH,D705,DADRI,40.67
22-05-2025,28.5,77.5,GAUTAM BUDH NAGAR,UTTAR PRADESH,D705,DADRI,40.51
23-05-2025,28.5,77.5,GAUTAM BUDH NAGAR,UTTAR PRADESH,D705,DADRI,40.15
24-05-2025,28.5,77.5,GAUTAM BUDH NAGAR,UTTAR PRADESH,D705,DADRI,39.95
25-05-2025,28.5,77.5,GAUTAM BUDH NAGAR,UTTAR PRADESH,D705,DADRI,40.73
26-05-2025,28.5,77.5,GAUTAM BUDH NAGAR,UTTAR PRADESH,D705,DADRI,40.96
27-05-2025,28.5,77.5,GAUTAM BUDH NAGAR,UTTAR PRADESH,D705,DADRI,40.7
28-05-2025,28.5,77.5,GAUTAM BUDH NAGAR,UTTAR PRADESH,D705,DADRI,40.77
29-05-2025,28.5,77.5,GAUTAM BUDH NAGAR,UTTAR PRADESH,D705,DADRI,40.41
30-05-2025,28.5,77.5,GAUTAM BUDH NAGAR,UTTAR PRADESH,D705,DADRI,39.99
31-05-2025,28.5,77.5,GAUTAM BUDH NAGAR,UTTAR PRADESH,D705,DADRI,40.67
01-06-2025,28.5,77.5,GAUTAM BUDH NAGAR,UTTAR PRADESH,D705,DADRI,39.66
02-06-2025,28.5,77.5,GAUTAM BUDH NAGAR,UTTAR PRADESH,D705,DADRI,39.84
03-06-2025,28.5,77.5,GAUTAM BUDH NAGAR,UTTAR PRADESH,D705,DADRI,40.24
04-06-2025,28.5,77.5,GAUTAM BUDH NAGAR,UTTAR PRADESH,D705,DADRI,40.47
05-06-2025,28.5,77.5,GAUTAM BUDH NAGAR,UTTAR PRADESH,D705,DADRI,40.57
06-06-2025,28.5,77.5,GAUTAM BUDH NAGAR,UTTAR PRADESH,D705,DADRI,40.05
07-06-2025,28.5,77.5,GAUTAM BUDH NAGAR,UTTAR PRADESH,D705,DADRI,39.65
08-06-2025,28.5,77.5,GAUTAM BUDH NAGAR,UTTAR PRADESH,D705,DADRI,40.17
09-06-2025,28.5,77.5,GAUTAM BUDH NAGAR,UTTAR PRADESH,D705,DADRI,40.94
10-06-2025,28.5,77.5,GAUTAM BUDH NAGAR,UTTAR PRADESH,D705,DADRI,40.91
11-06-2025,28.5,77.5,GAUTAM BUDH NAGAR,UTTAR PRADESH,D705,DADRI,40.47
12-06-2025,28.5,77.5,GAUTAM BUDH NAGAR,UTTAR PRADESH,D705,DADRI,40.54
13-06-2025,28.5,77.5,GAUTAM BUDH NAGAR,UTTAR PRADESH,D705,DADRI,40.02
14-06-2025,28.5,77.5,GAUTAM BUDH NAGAR,UTTAR PRADESH,D705,DADRI,39.59
15-06-2025,28.5,77.5,GAUTAM BUDH NAGAR,UTTAR PRADESH,D705,DADRI,39.53
16-06-2025,28.5,77.5,GAUTAM BUDH NAGAR,UTTAR PRADESH,D705,DADRI,39.35
17-06-2025,28.5,77.5,GAUTAM BUDH NAGAR,UTTAR PRADESH,D705,DADRI,38.64
18-06-2025,28.5,77.5,GAUTAM BUDH NAGAR,UTTAR PRADESH,D705,DADRI,37.85
19-06-2025,28.5,77.5,GAUTAM BUDH NAGAR,UTTAR PRADESH,D705,DADRI,38.34
20-06-2025,28.5,77.5,GAUTAM BUDH NAGAR,UTTAR PRADESH,D705,DADRI,38.64
21-06-2025,28.5,77.5,GAUTAM BUDH NAGAR,UTTAR PRADESH,D705,DADRI,38.34
22-06-2025,28.5,77.5,GAUTAM BUDH NAGAR,UTTAR PRADESH,D705,DADRI,38.93
23-06-2025,28.5,77.5,GAUTAM BUDH NAGAR,UTTAR PRADESH,D705,DADRI,38.97
24-06-2025,28.5,77.5,GAUTAM BUDH NAGAR,UTTAR PRADESH,D705,DADRI,37.8
25-06-2025,28.5,77.5,GAUTAM BUDH NAGAR,UTTAR PRADESH,D705,DADRI,37.45
26-06-2025,28.5,77.5,GAUTAM BUDH NAGAR,UTTAR PRADESH,D705,DADRI,37.61
27-06-2025,28.5,77.5,GAUTAM BUDH NAGAR,UTTAR PRADESH,D705,DADRI,37.39
28-06-2025,28.5,77.5,GAUTAM BUDH NAGAR,UTTAR PRADESH,D705,DADRI,37.01
29-06-2025,28.5,77.5,GAUTAM BUDH NAGAR,UTTAR PRADESH,D705,DADRI,36.73
30-06-2025,28.5,77.5,GAUTAM BUDH NAGAR,UTTAR PRADESH,D705,DADRI,36.49
01-07-2025,28.5,77.5,GAUTAM BUDH NAGAR,UTTAR PRADESH,D705,DADRI,36.63
02-07-2025,28.5,77.5,GAUTAM BUDH NAGAR,UTTAR PRADESH,D705,DADRI,36.65
03-07-2025,28.5,77.5,GAUTAM BUDH NAGAR,UTTAR PRADESH,D705,DADRI,36.87
04-07-2025,28.5,77.5,GAUTAM BUDH NAGAR,UTTAR PRADESH,D705,DADRI,36.65
05-07-2025,28.5,77.5,GAUTAM BUDH NAGAR,UTTAR PRADESH,D705,DADRI,36.95
06-07-2025,28.5,77.5,GAUTAM BUDH NAGAR,UTTAR PRADESH,D705,DADRI,36.05
07-07-2025,28.5,77.5,GAUTAM BUDH NAGAR,UTTAR PRADESH,D705,DADRI,36.29
08-07-2025,28.5,77.5,GAUTAM BUDH NAGAR,UTTAR PRADESH,D705,DADRI,36.54
09-07-2025,28.5,77.5,GAUTAM BUDH NAGAR,UTTAR PRADESH,D705,DADRI,36
10-07-2025,28.5,77.5,GAUTAM BUDH NAGAR,UTTAR PRADESH,D705,DADRI,36.04
11-07-2025,28.5,77.5,GAUTAM BUDH NAGAR,UTTAR PRADESH,D705,DADRI,35.76
12-07-2025,28.5,77.5,GAUTAM BUDH NAGAR,UTTAR PRADESH,D705,DADRI,34.84
13-07-2025,28.5,77.5,GAUTAM BUDH NAGAR,UTTAR PRADESH,D705,DADRI,34.95
14-07-2025,28.5,77.5,GAUTAM BUDH NAGAR,UTTAR PRADESH,D705,DADRI,35.23
15-07-2025,28.5,77.5,GAUTAM BUDH NAGAR,UTTAR PRADESH,D705,DADRI,34.83
16-07-2025,28.5,77.5,GAUTAM BUDH NAGAR,UTTAR PRADESH,D705,DADRI,34.86
17-07-2025,28.5,77.5,GAUTAM BUDH NAGAR,UTTAR PRADESH,D705,DADRI,34.65
18-07-2025,28.5,77.5,GAUTAM BUDH NAGAR,UTTAR PRADESH,D705,DADRI,35
19-07-2025,28.5,77.5,GAUTAM BUDH NAGAR,UTTAR PRADESH,D705,DADRI,35.21
20-07-2025,28.5,77.5,GAUTAM BUDH NAGAR,UTTAR PRADESH,D705,DADRI,34.75
21-07-2025,28.5,77.5,GAUTAM BUDH NAGAR,UTTAR PRADESH,D705,DADRI,34.61
22-07-2025,28.5,77.5,GAUTAM BUDH NAGAR,UTTAR PRADESH,D705,DADRI,34.1
23-07-2025,28.5,77.5,GAUTAM BUDH NAGAR,UTTAR PRADESH,D705,DADRI,34.59
24-07-2025,28.5,77.5,GAUTAM BUDH NAGAR,UTTAR PRADESH,D705,DADRI,34.93
25-07-2025,28.5,77.5,GAUTAM BUDH NAGAR,UTTAR PRADESH,D705,DADRI,34.58
26-07-2025,28.5,77.5,GAUTAM BUDH NAGAR,UTTAR PRADESH,D705,DADRI,34.3
27-07-2025,28.5,77.5,GAUTAM BUDH NAGAR,UTTAR PRADESH,D705,DADRI,34.28
28-07-2025,28.5,77.5,GAUTAM BUDH NAGAR,UTTAR PRADESH,D705,DADRI,33.97
29-07-2025,28.5,77.5,GAUTAM BUDH NAGAR,UTTAR PRADESH,D705,DADRI,34.11
30-07-2025,28.5,77.5,GAUTAM BUDH NAGAR,UTTAR PRADESH,D705,DADRI,33.88
31-07-2025,28.5,77.5,GAUTAM BUDH NAGAR,UTTAR PRADESH,D705,DADRI,33.74
01-08-2025,28.5,77.5,GAUTAM BUDH NAGAR,UTTAR PRADESH,D705,DADRI,33.82
02-08-2025,28.5,77.5,GAUTAM BUDH NAGAR,UTTAR PRADESH,D705,DADRI,34.34
03-08-2025,28.5,77.5,GAUTAM BUDH NAGAR,UTTAR PRADESH,D705,DADRI,34.06
04-08-2025,28.5,77.5,GAUTAM BUDH NAGAR,UTTAR PRADESH,D705,DADRI,33.65
05-08-2025,28.5,77.5,GAUTAM BUDH NAGAR,UTTAR PRADESH,D705,DADRI,34.02
06-08-2025,28.5,77.5,GAUTAM BUDH NAGAR,UTTAR PRADESH,D705,DADRI,34.26
07-08-2025,28.5,77.5,GAUTAM BUDH NAGAR,UTTAR PRADESH,D705,DADRI,34.18
08-08-2025,28.5,77.5,GAUTAM BUDH NAGAR,UTTAR PRADESH,D705,DADRI,34.1
09-08-2025,28.5,77.5,GAUTAM BUDH NAGAR,UTTAR PRADESH,D705,DADRI,34
10-08-2025,28.5,77.5,GAUTAM BUDH NAGAR,UTTAR PRADESH,D705,DADRI,34.27
11-08-2025,28.5,77.5,GAUTAM BUDH NAGAR,UTTAR PRADESH,D705,DADRI,33.79
12-08-2025,28.5,77.5,GAUTAM BUDH NAGAR,UTTAR PRADESH,D705,DADRI,33.91
13-08-2025,28.5,77.5,GAUTAM BUDH NAGAR,UTTAR PRADESH,D705,DADRI,33.92
14-08-2025,28.5,77.5,GAUTAM BUDH NAGAR,UTTAR PRADESH,D705,DADRI,33.42
15-08-2025,28.5,77.5,GAUTAM BUDH NAGAR,UTTAR PRADESH,D705,DADRI,33.25
16-08-2025,28.5,77.5,GAUTAM BUDH NAGAR,UTTAR PRADESH,D705,DADRI,33.67
17-08-2025,28.5,77.5,GAUTAM BUDH NAGAR,UTTAR PRADESH,D705,DADRI,34.04
18-08-2025,28.5,77.5,GAUTAM BUDH NAGAR,UTTAR PRADESH,D705,DADRI,34.27
19-08-2025,28.5,77.5,GAUTAM BUDH NAGAR,UTTAR PRADESH,D705,DADRI,34.04
20-08-2025,28.5,77.5,GAUTAM BUDH NAGAR,UTTAR PRADESH,D705,DADRI,33.85
21-08-2025,28.5,77.5,GAUTAM BUDH NAGAR,UTTAR PRADESH,D705,DADRI,33.95
22-08-2025,28.5,77.5,GAUTAM BUDH NAGAR,UTTAR PRADESH,D705,DADRI,33.83
23-08-2025,28.5,77.5,GAUTAM BUDH NAGAR,UTTAR PRADESH,D705,DADRI,33.71
24-08-2025,28.5,77.5,GAUTAM BUDH NAGAR,UTTAR PRADESH,D705,DADRI,33.64
25-08-2025,28.5,77.5,GAUTAM BUDH NAGAR,UTTAR PRADESH,D705,DADRI,33.86
26-08-2025,28.5,77.5,GAUTAM BUDH NAGAR,UTTAR PRADESH,D705,DADRI,34.28
27-08-2025,28.5,77.5,GAUTAM BUDH NAGAR,UTTAR PRADESH,D705,DADRI,34.58
28-08-2025,28.5,77.5,GAUTAM BUDH NAGAR,UTTAR PRADESH,D705,DADRI,34.46
29-08-2025,28.5,77.5,GAUTAM BUDH NAGAR,UTTAR PRADESH,D705,DADRI,34.02
30-08-2025,28.5,77.5,GAUTAM BUDH NAGAR,UTTAR PRADESH,D705,DADRI,34.12
31-08-2025,28.5,77.5,GAUTAM BUDH NAGAR,UTTAR PRADESH,D705,DADRI,34.11
01-09-2025,28.5,77.5,GAUTAM BUDH NAGAR,UTTAR PRADESH,D705,DADRI,33.87
02-09-2025,28.5,77.5,GAUTAM BUDH NAGAR,UTTAR PRADESH,D705,DADRI,33.99
03-09-2025,28.5,77.5,GAUTAM BUDH NAGAR,UTTAR PRADESH,D705,DADRI,34.13
04-09-2025,28.5,77.5,GAUTAM BUDH NAGAR,UTTAR PRADESH,D705,DADRI,34.06
05-09-2025,28.5,77.5,GAUTAM BUDH NAGAR,UTTAR PRADESH,D705,DADRI,33.98
06-09-2025,28.5,77.5,GAUTAM BUDH NAGAR,UTTAR PRADESH,D705,DADRI,34.13
07-09-2025,28.5,77.5,GAUTAM BUDH NAGAR,UTTAR PRADESH,D705,DADRI,34
08-09-2025,28.5,77.5,GAUTAM BUDH NAGAR,UTTAR PRADESH,D705,DADRI,33.6
09-09-2025,28.5,77.5,GAUTAM BUDH NAGAR,UTTAR PRADESH,D705,DADRI,34.04
10-09-2025,28.5,77.5,GAUTAM BUDH NAGAR,UTTAR PRADESH,D705,DADRI,33.89
11-09-2025,28.5,77.5,GAUTAM BUDH NAGAR,UTTAR PRADESH,D705,DADRI,33.68
12-09-2025,28.5,77.5,GAUTAM BUDH NAGAR,UTTAR PRADESH,D705,DADRI,33.56
13-09-2025,28.5,77.5,GAUTAM BUDH NAGAR,UTTAR PRADESH,D705,DADRI,33.63
14-09-2025,28.5,77.5,GAUTAM BUDH NAGAR,UTTAR PRADESH,D705,DADRI,34.25
15-09-2025,28.5,77.5,GAUTAM BUDH NAGAR,UTTAR PRADESH,D705,DADRI,34.01
16-09-2025,28.5,77.5,GAUTAM BUDH NAGAR,UTTAR PRADESH,D705,DADRI,33.41
17-09-2025,28.5,77.5,GAUTAM BUDH NAGAR,UTTAR PRADESH,D705,DADRI,33.82
18-09-2025,28.5,77.5,GAUTAM BUDH NAGAR,UTTAR PRADESH,D705,DADRI,33.88
19-09-2025,28.5,77.5,GAUTAM BUDH NAGAR,UTTAR PRADESH,D705,DADRI,34.06
20-09-2025,28.5,77.5,GAUTAM BUDH NAGAR,UTTAR PRADESH,D705,DADRI,34.5
21-09-2025,28.5,77.5,GAUTAM BUDH NAGAR,UTTAR PRADESH,D705,DADRI,34.53
22-09-2025,28.5,77.5,GAUTAM BUDH NAGAR,UTTAR PRADESH,D705,DADRI,33.75
23-09-2025,28.5,77.5,GAUTAM BUDH NAGAR,UTTAR PRADESH,D705,DADRI,33.63
24-09-2025,28.5,77.5,GAUTAM BUDH NAGAR,UTTAR PRADESH,D705,DADRI,33.51
25-09-2025,28.5,77.5,GAUTAM BUDH NAGAR,UTTAR PRADESH,D705,DADRI,33.78
26-09-2025,28.5,77.5,GAUTAM BUDH NAGAR,UTTAR PRADESH,D705,DADRI,34.11
27-09-2025,28.5,77.5,GAUTAM BUDH NAGAR,UTTAR PRADESH,D705,DADRI,34.47
28-09-2025,28.5,77.5,GAUTAM BUDH NAGAR,UTTAR PRADESH,D705,DADRI,34.54
29-09-2025,28.5,77.5,GAUTAM BUDH NAGAR,UTTAR PRADESH,D705,DADRI,34.9
30-09-2025,28.5,77.5,GAUTAM BUDH NAGAR,UTTAR PRADESH,D705,DADRI,34.52
01-10-2025,28.5,77.5,GAUTAM BUDH NAGAR,UTTAR PRADESH,D705,DADRI,34.58
02-10-2025,28.5,77.5,GAUTAM BUDH NAGAR,UTTAR PRADESH,D705,DADRI,34.73
03-10-2025,28.5,77.5,GAUTAM BUDH NAGAR,UTTAR PRADESH,D705,DADRI,34.3
04-10-2025,28.5,77.5,GAUTAM BUDH NAGAR,UTTAR PRADESH,D705,DADRI,34.15
05-10-2025,28.5,77.5,GAUTAM BUDH NAGAR,UTTAR PRADESH,D705,DADRI,34.08
06-10-2025,28.5,77.5,GAUTAM BUDH NAGAR,UTTAR PRADESH,D705,DADRI,33.65
07-10-2025,28.5,77.5,GAUTAM BUDH NAGAR,UTTAR PRADESH,D705,DADRI,33.58
08-10-2025,28.5,77.5,GAUTAM BUDH NAGAR,UTTAR PRADESH,D705,DADRI,33.79
09-10-2025,28.5,77.5,GAUTAM BUDH NAGAR,UTTAR PRADESH,D705,DADRI,34.04
10-10-2025,28.5,77.5,GAUTAM BUDH NAGAR,UTTAR PRADESH,D705,DADRI,34.04
11-10-2025,28.5,77.5,GAUTAM BUDH NAGAR,UTTAR PRADESH,D705,DADRI,33.7
12-10-2025,28.5,77.5,GAUTAM BUDH NAGAR,UTTAR PRADESH,D705,DADRI,33.93
13-10-2025,28.5,77.5,GAUTAM BUDH NAGAR,UTTAR PRADESH,D705,DADRI,33.72
14-10-2025,28.5,77.5,GAUTAM BUDH NAGAR,UTTAR PRADESH,D705,DADRI,33.61
15-10-2025,28.5,77.5,GAUTAM BUDH NAGAR,UTTAR PRADESH,D705,DADRI,33.51
16-10-2025,28.5,77.5,GAUTAM BUDH NAGAR,UTTAR PRADESH,D705,DADRI,33.23
17-10-2025,28.5,77.5,GAUTAM BUDH NAGAR,UTTAR PRADESH,D705,DADRI,32.88
18-10-2025,28.5,77.5,GAUTAM BUDH NAGAR,UTTAR PRADESH,D705,DADRI,32.9
19-10-2025,28.5,77.5,GAUTAM BUDH NAGAR,UTTAR PRADESH,D705,DADRI,32.94
20-10-2025,28.5,77.5,GAUTAM BUDH NAGAR,UTTAR PRADESH,D705,DADRI,33.01
21-10-2025,28.5,77.5,GAUTAM BUDH NAGAR,UTTAR PRADESH,D705,DADRI,32.72
22-10-2025,28.5,77.5,GAUTAM BUDH NAGAR,UTTAR PRADESH,D705,DADRI,32.48
23-10-2025,28.5,77.5,GAUTAM BUDH NAGAR,UTTAR PRADESH,D705,DADRI,32.2
24-10-2025,28.5,77.5,GAUTAM BUDH NAGAR,UTTAR PRADESH,D705,DADRI,31.88
25-10-2025,28.5,77.5,GAUTAM BUDH NAGAR,UTTAR PRADESH,D705,DADRI,31.9
26-10-2025,28.5,77.5,GAUTAM BUDH NAGAR,UTTAR PRADESH,D705,DADRI,31.79
27-10-2025,28.5,77.5,GAUTAM BUDH NAGAR,UTTAR PRADESH,D705,DADRI,31.74
28-10-2025,28.5,77.5,GAUTAM BUDH NAGAR,UTTAR PRADESH,D705,DADRI,31.31
29-10-2025,28.5,77.5,GAUTAM BUDH NAGAR,UTTAR PRADESH,D705,DADRI,31.35
30-10-2025,28.5,77.5,GAUTAM BUDH NAGAR,UTTAR PRADESH,D705,DADRI,31.4
31-10-2025,28.5,77.5,GAUTAM BUDH NAGAR,UTTAR PRADESH,D705,DADRI,31.26
01-11-2025,28.5,77.5,GAUTAM BUDH NAGAR,UTTAR PRADESH,D705,DADRI,31.2
02-11-2025,28.5,77.5,GAUTAM BUDH NAGAR,UTTAR PRADESH,D705,DADRI,30.92
03-11-2025,28.5,77.5,GAUTAM BUDH NAGAR,UTTAR PRADESH,D705,DADRI,30.96
04-11-2025,28.5,77.5,GAUTAM BUDH NAGAR,UTTAR PRADESH,D705,DADRI,30.55
05-11-2025,28.5,77.5,GAUTAM BUDH NAGAR,UTTAR PRADESH,D705,DADRI,30.44
06-11-2025,28.5,77.5,GAUTAM BUDH NAGAR,UTTAR PRADESH,D705,DADRI,30.24
07-11-2025,28.5,77.5,GAUTAM BUDH NAGAR,UTTAR PRADESH,D705,DADRI,29.62
08-11-2025,28.5,77.5,GAUTAM BUDH NAGAR,UTTAR PRADESH,D705,DADRI,29.68
09-11-2025,28.5,77.5,GAUTAM BUDH NAGAR,UTTAR PRADESH,D705,DADRI,29.58
10-11-2025,28.5,77.5,GAUTAM BUDH NAGAR,UTTAR PRADESH,D705,DADRI,29.14
11-11-2025,28.5,77.5,GAUTAM BUDH NAGAR,UTTAR PRADESH,D705,DADRI,29.08
12-11-2025,28.5,77.5,GAUTAM BUDH NAGAR,UTTAR PRADESH,D705,DADRI,28.78
13-11-2025,28.5,77.5,GAUTAM BUDH NAGAR,UTTAR PRADESH,D705,DADRI,28.4
14-11-2025,28.5,77.5,GAUTAM BUDH NAGAR,UTTAR PRADESH,D705,DADRI,28.32
15-11-2025,28.5,77.5,GAUTAM BUDH NAGAR,UTTAR PRADESH,D705,DADRI,28.36
16-11-2025,28.5,77.5,GAUTAM BUDH NAGAR,UTTAR PRADESH,D705,DADRI,28.04
17-11-2025,28.5,77.5,GAUTAM BUDH NAGAR,UTTAR PRADESH,D705,DADRI,27.88
18-11-2025,28.5,77.5,GAUTAM BUDH NAGAR,UTTAR PRADESH,D705,DADRI,27.82
19-11-2025,28.5,77.5,GAUTAM BUDH NAGAR,UTTAR PRADESH,D705,DADRI,27.72
20-11-2025,28.5,77.5,GAUTAM BUDH NAGAR,UTTAR PRADESH,D705,DADRI,27.5
21-11-2025,28.5,77.5,GAUTAM BUDH NAGAR,UTTAR PRADESH,D705,DADRI,27.3
22-11-2025,28.5,77.5,GAUTAM BUDH NAGAR,UTTAR PRADESH,D705,DADRI,27.37
23-11-2025,28.5,77.5,GAUTAM BUDH NAGAR,UTTAR PRADESH,D705,DADRI,27.09
24-11-2025,28.5,77.5,GAUTAM BUDH NAGAR,UTTAR PRADESH,D705,DADRI,26.84
25-11-2025,28.5,77.5,GAUTAM BUDH NAGAR,UTTAR PRADESH,D705,DADRI,26.63
26-11-2025,28.5,77.5,GAUTAM BUDH NAGAR,UTTAR PRADESH,D705,DADRI,26.5
27-11-2025,28.5,77.5,GAUTAM BUDH NAGAR,UTTAR PRADESH,D705,DADRI,26.09
28-11-2025,28.5,77.5,GAUTAM BUDH NAGAR,UTTAR PRADESH,D705,DADRI,26.04
29-11-2025,28.5,77.5,GAUTAM BUDH NAGAR,UTTAR PRADESH,D705,DADRI,26.02
30-11-2025,28.5,77.5,GAUTAM BUDH NAGAR,UTTAR PRADESH,D705,DADRI,25.93
01-12-2025,28.5,77.5,GAUTAM BUDH NAGAR,UTTAR PRADESH,D705,DADRI,25.5
02-12-2025,28.5,77.5,GAUTAM BUDH NAGAR,UTTAR PRADESH,D705,DADRI,25.12
03-12-2025,28.5,77.5,GAUTAM BUDH NAGAR,UTTAR PRADESH,D705,DADRI,25.28
04-12-2025,28.5,77.5,GAUTAM BUDH NAGAR,UTTAR PRADESH,D705,DADRI,25.33
05-12-2025,28.5,77.5,GAUTAM BUDH NAGAR,UTTAR PRADESH,D705,DADRI,25.25
06-12-2025,28.5,77.5,GAUTAM BUDH NAGAR,UTTAR PRADESH,D705,DADRI,25.31
07-12-2025,28.5,77.5,GAUTAM BUDH NAGAR,UTTAR PRADESH,D705,DADRI,24.97
08-12-2025,28.5,77.5,GAUTAM BUDH NAGAR,UTTAR PRADESH,D705,DADRI,24.66
09-12-2025,28.5,77.5,GAUTAM BUDH NAGAR,UTTAR PRADESH,D705,DADRI,24.39
10-12-2025,28.5,77.5,GAUTAM BUDH NAGAR,UTTAR PRADESH,D705,DADRI,24.06
11-12-2025,28.5,77.5,GAUTAM BUDH NAGAR,UTTAR PRADESH,D705,DADRI,23.73
12-12-2025,28.5,77.5,GAUTAM BUDH NAGAR,UTTAR PRADESH,D705,DADRI,23.26
13-12-2025,28.5,77.5,GAUTAM BUDH NAGAR,UTTAR PRADESH,D705,DADRI,22.62
14-12-2025,28.5,77.5,GAUTAM BUDH NAGAR,UTTAR PRADESH,D705,DADRI,22.36
15-12-2025,28.5,77.5,GAUTAM BUDH NAGAR,UTTAR PRADESH,D705,DADRI,22.46
16-12-2025,28.5,77.5,GAUTAM BUDH NAGAR,UTTAR PRADESH,D705,DADRI,22.32
17-12-2025,28.5,77.5,GAUTAM BUDH NAGAR,UTTAR PRADESH,D705,DADRI,22.4
18-12-2025,28.5,77.5,GAUTAM BUDH NAGAR,UTTAR PRADESH,D705,DADRI,21.91
19-12-2025,28.5,77.5,GAUTAM BUDH NAGAR,UTTAR PRADESH,D705,DADRI,21.69
20-12-2025,28.5,77.5,GAUTAM BUDH NAGAR,UTTAR PRADESH,D705,DADRI,21.55
21-12-2025,28.5,77.5,GAUTAM BUDH NAGAR,UTTAR PRADESH,D705,DADRI,21.2
22-12-2025,28.5,77.5,GAUTAM BUDH NAGAR,UTTAR PRADESH,D705,DADRI,21.07
23-12-2025,28.5,77.5,GAUTAM BUDH NAGAR,UTTAR PRADESH,D705,DADRI,20.78
24-12-2025,28.5,77.5,GAUTAM BUDH NAGAR,UTTAR PRADESH,D705,DADRI,20.61
25-12-2025,28.5,77.5,GAUTAM BUDH NAGAR,UTTAR PRADESH,D705,DADRI,20.21
26-12-2025,28.5,77.5,GAUTAM BUDH NAGAR,UTTAR PRADESH,D705,DADRI,20.2
27-12-2025,28.5,77.5,GAUTAM BUDH NAGAR,UTTAR PRADESH,D705,DADRI,20.41
28-12-2025,28.5,77.5,GAUTAM BUDH NAGAR,UTTAR PRADESH,D705,DADRI,19.98
29-12-2025,28.5,77.5,GAUTAM BUDH NAGAR,UTTAR PRADESH,D705,DADRI,19.72
30-12-2025,28.5,77.5,GAUTAM BUDH NAGAR,UTTAR PRADESH,D705,DADRI,19.61
31-12-2025,28.5,77.5,GAUTAM BUDH NAGAR,UTTAR PRADESH,D705,DADRI,18.94
01-01-2025,25.5,79.5,HAMIRPUR,UTTAR PRADESH,D710,HAMIRPUR,21.09
02-01-2025,25.5,79.5,HAMIRPUR,UTTAR PRADESH,D710,HAMIRPUR,21.02
03-01-2025,25.5,79.5,HAMIRPUR,UTTAR PRADESH,D710,HAMIRPUR,21.07
04-01-2025,25.5,79.5,HAMIRPUR,UTTAR PRADESH,D710,HAMIRPUR,21.39
05-01-2025,25.5,79.5,HAMIRPUR,UTTAR PRADESH,D710,HAMIRPUR,21.06
06-01-2025,25.5,79.5,HAMIRPUR,UTTAR PRADESH,D710,HAMIRPUR,21.37
07-01-2025,25.5,79.5,HAMIRPUR,UTTAR PRADESH,D710,HAMIRPUR,21.3
08-01-2025,25.5,79.5,HAMIRPUR,UTTAR PRADESH,D710,HAMIRPUR,21.61
09-01-2025,25.5,79.5,HAMIRPUR,UTTAR PRADESH,D710,HAMIRPUR,21.43
10-01-2025,25.5,79.5,HAMIRPUR,UTTAR PRADESH,D710,HAMIRPUR,21.89
11-01-2025,25.5,79.5,HAMIRPUR,UTTAR PRADESH,D710,HAMIRPUR,22.19
12-01-2025,25.5,79.5,HAMIRPUR,UTTAR PRADESH,D710,HAMIRPUR,22.27
13-01-2025,25.5,79.5,HAMIRPUR,UTTAR PRADESH,D710,HAMIRPUR,22.59
14-01-2025,25.5,79.5,HAMIRPUR,UTTAR PRADESH,D710,HAMIRPUR,22.66
15-01-2025,25.5,79.5,HAMIRPUR,UTTAR PRADESH,D710,HAMIRPUR,22.36
16-01-2025,25.5,79.5,HAMIRPUR,UTTAR PRADESH,D710,HAMIRPUR,22.1
17-01-2025,25.5,79.5,HAMIRPUR,UTTAR PRADESH,D710,HAMIRPUR,21.91
18-01-2025,25.5,79.5,HAMIRPUR,UTTAR PRADESH,D710,HAMIRPUR,21.94
19-01-2025,25.5,79.5,HAMIRPUR,UTTAR PRADESH,D710,HAMIRPUR,21.67
20-01-2025,25.5,79.5,HAMIRPUR,UTTAR PRADESH,D710,HAMIRPUR,21.96
21-01-2025,25.5,79.5,HAMIRPUR,UTTAR PRADESH,D710,HAMIRPUR,22.55
22-01-2025,25.5,79.5,HAMIRPUR,UTTAR PRADESH,D710,HAMIRPUR,22.74
23-01-2025,25.5,79.5,HAMIRPUR,UTTAR PRADESH,D710,HAMIRPUR,23.04
24-01-2025,25.5,79.5,HAMIRPUR,UTTAR PRADESH,D710,HAMIRPUR,23.03
25-01-2025,25.5,79.5,HAMIRPUR,UTTAR PRADESH,D710,HAMIRPUR,22.68
26-01-2025,25.5,79.5,HAMIRPUR,UTTAR PRADESH,D710,HAMIRPUR,23.34
27-01-2025,25.5,79.5,HAMIRPUR,UTTAR PRADESH,D710,HAMIRPUR,23.98
28-01-2025,25.5,79.5,HAMIRPUR,UTTAR PRADESH,D710,HAMIRPUR,24.05
29-01-2025,25.5,79.5,HAMIRPUR,UTTAR PRADESH,D710,HAMIRPUR,23.94
30-01-2025,25.5,79.5,HAMIRPUR,UTTAR PRADESH,D710,HAMIRPUR,24.74
31-01-2025,25.5,79.5,HAMIRPUR,UTTAR PRADESH,D710,HAMIRPUR,24.71
01-02-2025,25.5,79.5,HAMIRPUR,UTTAR PRADESH,D710,HAMIRPUR,24.83
02-02-2025,25.5,79.5,HAMIRPUR,UTTAR PRADESH,D710,HAMIRPUR,24.92
03-02-2025,25.5,79.5,HAMIRPUR,UTTAR PRADESH,D710,HAMIRPUR,25.38
04-02-2025,25.5,79.5,HAMIRPUR,UTTAR PRADESH,D710,HAMIRPUR,25.12
05-02-2025,25.5,79.5,HAMIRPUR,UTTAR PRADESH,D710,HAMIRPUR,25.19
06-02-2025,25.5,79.5,HAMIRPUR,UTTAR PRADESH,D710,HAMIRPUR,25.6
07-02-2025,25.5,79.5,HAMIRPUR,UTTAR PRADESH,D710,HAMIRPUR,25.46
08-02-2025,25.5,79.5,HAMIRPUR,UTTAR PRADESH,D710,HAMIRPUR,25.36
09-02-2025,25.5,79.5,HAMIRPUR,UTTAR PRADESH,D710,HAMIRPUR,25.51
10-02-2025,25.5,79.5,HAMIRPUR,UTTAR PRADESH,D710,HAMIRPUR,25.6
11-02-2025,25.5,79.5,HAMIRPUR,UTTAR PRADESH,D710,HAMIRPUR,25.91
12-02-2025,25.5,79.5,HAMIRPUR,UTTAR PRADESH,D710,HAMIRPUR,26.1
13-02-2025,25.5,79.5,HAMIRPUR,UTTAR PRADESH,D710,HAMIRPUR,26.24
14-02-2025,25.5,79.5,HAMIRPUR,UTTAR PRADESH,D710,HAMIRPUR,27.05
15-02-2025,25.5,79.5,HAMIRPUR,UTTAR PRADESH,D710,HAMIRPUR,27.13
16-02-2025,25.5,79.5,HAMIRPUR,UTTAR PRADESH,D710,HAMIRPUR,26.96
17-02-2025,25.5,79.5,HAMIRPUR,UTTAR PRADESH,D710,HAMIRPUR,27.39
18-02-2025,25.5,79.5,HAMIRPUR,UTTAR PRADESH,D710,HAMIRPUR,28.07
19-02-2025,25.5,79.5,HAMIRPUR,UTTAR PRADESH,D710,HAMIRPUR,28.94
20-02-2025,25.5,79.5,HAMIRPUR,UTTAR PRADESH,D710,HAMIRPUR,28.98
21-02-2025,25.5,79.5,HAMIRPUR,UTTAR PRADESH,D710,HAMIRPUR,29.29
22-02-2025,25.5,79.5,HAMIRPUR,UTTAR PRADESH,D710,HAMIRPUR,28.88
23-02-2025,25.5,79.5,HAMIRPUR,UTTAR PRADESH,D710,HAMIRPUR,29.4
24-02-2025,25.5,79.5,HAMIRPUR,UTTAR PRADESH,D710,HAMIRPUR,29.68
25-02-2025,25.5,79.5,HAMIRPUR,UTTAR PRADESH,D710,HAMIRPUR,29.46
26-02-2025,25.5,79.5,HAMIRPUR,UTTAR PRADESH,D710,HAMIRPUR,29.37
27-02-2025,25.5,79.5,HAMIRPUR,UTTAR PRADESH,D710,HAMIRPUR,29.69
28-02-2025,25.5,79.5,HAMIRPUR,UTTAR PRADESH,D710,HAMIRPUR,30.06
29-02-2025,25.5,79.5,HAMIRPUR,UTTAR PRADESH,D710,HAMIRPUR,30.44
01-03-2025,25.5,79.5,HAMIRPUR,UTTAR PRADESH,D710,HAMIRPUR,29.96
02-03-2025,25.5,79.5,HAMIRPUR,UTTAR PRADESH,D710,HAMIRPUR,30.44
03-03-2025,25.5,79.5,HAMIRPUR,UTTAR PRADESH,D710,HAMIRPUR,30.69
04-03-2025,25.5,79.5,HAMIRPUR,UTTAR PRADESH,D710,HAMIRPUR,30.89
05-03-2025,25.5,79.5,HAMIRPUR,UTTAR PRADESH,D710,HAMIRPUR,30.62
06-03-2025,25.5,79.5,HAMIRPUR,UTTAR PRADESH,D710,HAMIRPUR,30.64
07-03-2025,25.5,79.5,HAMIRPUR,UTTAR PRADESH,D710,HAMIRPUR,31.28
08-03-2025,25.5,79.5,HAMIRPUR,UTTAR PRADESH,D710,HAMIRPUR,31.21
09-03-2025,25.5,79.5,HAMIRPUR,UTTAR PRADESH,D710,HAMIRPUR,31.48
10-03-2025,25.5,79.5,HAMIRPUR,UTTAR PRADESH,D710,HAMIRPUR,30.98
11-03-2025,25.5,79.5,HAMIRPUR,UTTAR PRADESH,D710,HAMIRPUR,32.07
12-03-2025,25.5,79.5,HAMIRPUR,UTTAR PRADESH,D710,HAMIRPUR,31.93
13-03-2025,25.5,79.5,HAMIRPUR,UTTAR PRADESH,D710,HAMIRPUR,32
14-03-2025,25.5,79.5,HAMIRPUR,UTTAR PRADESH,D710,HAMIRPUR,32.24
15-03-2025,25.5,79.5,HAMIRPUR,UTTAR PRADESH,D710,HAMIRPUR,32.09
16-03-2025,25.5,79.5,HAMIRPUR,UTTAR PRADESH,D710,HAMIRPUR,33.04
17-03-2025,25.5,79.5,HAMIRPUR,UTTAR PRADESH,D710,HAMIRPUR,33.38
18-03-2025,25.5,79.5,HAMIRPUR,UTTAR PRADESH,D710,HAMIRPUR,34.12
19-03-2025,25.5,79.5,HAMIRPUR,UTTAR PRADESH,D710,HAMIRPUR,34.18
20-03-2025,25.5,79.5,HAMIRPUR,UTTAR PRADESH,D710,HAMIRPUR,34.79
21-03-2025,25.5,79.5,HAMIRPUR,UTTAR PRADESH,D710,HAMIRPUR,34.78
22-03-2025,25.5,79.5,HAMIRPUR,UTTAR PRADESH,D710,HAMIRPUR,34.98
23-03-2025,25.5,79.5,HAMIRPUR,UTTAR PRADESH,D710,HAMIRPUR,35.43
24-03-2025,25.5,79.5,HAMIRPUR,UTTAR PRADESH,D710,HAMIRPUR,35.78
25-03-2025,25.5,79.5,HAMIRPUR,UTTAR PRADESH,D710,HAMIRPUR,36.08
26-03-2025,25.5,79.5,HAMIRPUR,UTTAR PRADESH,D710,HAMIRPUR,36.09
27-03-2025,25.5,79.5,HAMIRPUR,UTTAR PRADESH,D710,HAMIRPUR,36.15
28-03-2025,25.5,79.5,HAMIRPUR,UTTAR PRADESH,D710,HAMIRPUR,36.83
29-03-2025,25.5,79.5,HAMIRPUR,UTTAR PRADESH,D710,HAMIRPUR,36.95
30-03-2025,25.5,79.5,HAMIRPUR,UTTAR PRADESH,D710,HAMIRPUR,36.98
31-03-2025,25.5,79.5,HAMIRPUR,UTTAR PRADESH,D710,HAMIRPUR,36.92
01-04-2025,25.5,79.5,HAMIRPUR,UTTAR PRADESH,D710,HAMIRPUR,37.08
02-04-2025,25.5,79.5,HAMIRPUR,UTTAR PRADESH,D710,HAMIRPUR,37.27
03-04-2025,25.5,79.5,HAMIRPUR,UTTAR PRADESH,D710,HAMIRPUR,37.48
04-04-2025,25.5,79.5,HAMIRPUR,UTTAR PRADESH,D710,HAMIRPUR,37.76
05-04-2025,25.5,79.5,HAMIRPUR,UTTAR PRADESH,D710,HAMIRPUR,37.97
06-04-2025,25.5,79.5,HAMIRPUR,UTTAR PRADESH,D710,HAMIRPUR,38.44
07-04-2025,25.5,79.5,HAMIRPUR,UTTAR PRADESH,D710,HAMIRPUR,38.58
08-04-2025,25.5,79.5,HAMIRPUR,UTTAR PRADESH,D710,HAMIRPUR,38.17
09-04-2025,25.5,79.5,HAMIRPUR,UTTAR PRADESH,D710,HAMIRPUR,38.57
10-04-2025,25.5,79.5,HAMIRPUR,UTTAR PRADESH,D710,HAMIRPUR,38.62
11-04-2025,25.5,79.5,HAMIRPUR,UTTAR PRADESH,D710,HAMIRPUR,38.95
12-04-2025,25.5,79.5,HAMIRPUR,UTTAR PRADESH,D710,HAMIRPUR,38.91
13-04-2025,25.5,79.5,HAMIRPUR,UTTAR PRADESH,D710,HAMIRPUR,39.07
14-04-2025,25.5,79.5,HAMIRPUR,UTTAR PRADESH,D710,HAMIRPUR,39.34
15-04-2025,25.5,79.5,HAMIRPUR,UTTAR PRADESH,D710,HAMIRPUR,40
16-04-2025,25.5,79.5,HAMIRPUR,UTTAR PRADESH,D710,HAMIRPUR,39.83
17-04-2025,25.5,79.5,HAMIRPUR,UTTAR PRADESH,D710,HAMIRPUR,39.57
18-04-2025,25.5,79.5,HAMIRPUR,UTTAR PRADESH,D710,HAMIRPUR,39.18
19-04-2025,25.5,79.5,HAMIRPUR,UTTAR PRADESH,D710,HAMIRPUR,39.64
20-04-2025,25.5,79.5,HAMIRPUR,UTTAR PRADESH,D710,HAMIRPUR,39.65
21-04-2025,25.5,79.5,HAMIRPUR,UTTAR PRADESH,D710,HAMIRPUR,39.49
22-04-2025,25.5,79.5,HAMIRPUR,UTTAR PRADESH,D710,HAMIRPUR,39.7
23-04-2025,25.5,79.5,HAMIRPUR,UTTAR PRADESH,D710,HAMIRPUR,39.76
24-04-2025,25.5,79.5,HAMIRPUR,UTTAR PRADESH,D710,HAMIRPUR,40.19
25-04-2025,25.5,79.5,HAMIRPUR,UTTAR PRADESH,D710,HAMIRPUR,40.62
26-04-2025,25.5,79.5,HAMIRPUR,UTTAR PRADESH,D710,HAMIRPUR,40.67
27-04-2025,25.5,79.5,HAMIRPUR,UTTAR PRADESH,D710,HAMIRPUR,40.78
28-04-2025,25.5,79.5,HAMIRPUR,UTTAR PRADESH,D710,HAMIRPUR,41.01
29-04-2025,25.5,79.5,HAMIRPUR,UTTAR PRADESH,D710,HAMIRPUR,41.47
30-04-2025,25.5,79.5,HAMIRPUR,UTTAR PRADESH,D710,HAMIRPUR,41.39
01-05-2025,25.5,79.5,HAMIRPUR,UTTAR PRADESH,D710,HAMIRPUR,41.1
02-05-2025,25.5,79.5,HAMIRPUR,UTTAR PRADESH,D710,HAMIRPUR,40.99
03-05-2025,25.5,79.5,HAMIRPUR,UTTAR PRADESH,D710,HAMIRPUR,40.75
04-05-2025,25.5,79.5,HAMIRPUR,UTTAR PRADESH,D710,HAMIRPUR,40.79
05-05-2025,25.5,79.5,HAMIRPUR,UTTAR PRADESH,D710,HAMIRPUR,40.65
06-05-2025,25.5,79.5,HAMIRPUR,UTTAR PRADESH,D710,HAMIRPUR,41.1
07-05-2025,25.5,79.5,HAMIRPUR,UTTAR PRADESH,D710,HAMIRPUR,41.46
08-05-2025,25.5,79.5,HAMIRPUR,UTTAR PRADESH,D710,HAMIRPUR,41.69
09-05-2025,25.5,79.5,HAMIRPUR,UTTAR PRADESH,D710,HAMIRPUR,41.53
10-05-2025,25.5,79.5,HAMIRPUR,UTTAR PRADESH,D710,HAMIRPUR,41.91
11-05-2025,25.5,79.5,HAMIRPUR,UTTAR PRADESH,D710,HAMIRPUR,41.34
12-05-2025,25.5,79.5,HAMIRPUR,UTTAR PRADESH,D710,HAMIRPUR,41.55
13-05-2025,25.5,79.5,HAMIRPUR,UTTAR PRADESH,D710,HAMIRPUR,41.51
14-05-2025,25.5,79.5,HAMIRPUR,UTTAR PRADESH,D710,HAMIRPUR,42.05
15-05-2025,25.5,79.5,HAMIRPUR,UTTAR PRADESH,D710,HAMIRPUR,42.05
16-05-2025,25.5,79.5,HAMIRPUR,UTTAR PRADESH,D710,HAMIRPUR,42.56
17-05-2025,25.5,79.5,HAMIRPUR,UTTAR PRADESH,D710,HAMIRPUR,42.42
18-05-2025,25.5,79.5,HAMIRPUR,UTTAR PRADESH,D710,HAMIRPUR,42.24
19-05-2025,25.5,79.5,HAMIRPUR,UTTAR PRADESH,D710,HAMIRPUR,42.14
20-05-2025,25.5,79.5,HAMIRPUR,UTTAR PRADESH,D710,HAMIRPUR,41.98
21-05-2025,25.5,79.5,HAMIRPUR,UTTAR PRADESH,D710,HAMIRPUR,42.19
22-05-2025,25.5,79.5,HAMIRPUR,UTTAR PRADESH,D710,HAMIRPUR,42.1
23-05-2025,25.5,79.5,HAMIRPUR,UTTAR PRADESH,D710,HAMIRPUR,42.13
24-05-2025,25.5,79.5,HAMIRPUR,UTTAR PRADESH,D710,HAMIRPUR,41.98
25-05-2025,25.5,79.5,HAMIRPUR,UTTAR PRADESH,D710,HAMIRPUR,41.95
26-05-2025,25.5,79.5,HAMIRPUR,UTTAR PRADESH,D710,HAMIRPUR,42.23
27-05-2025,25.5,79.5,HAMIRPUR,UTTAR PRADESH,D710,HAMIRPUR,42.06
28-05-2025,25.5,79.5,HAMIRPUR,UTTAR PRADESH,D710,HAMIRPUR,42.08
29-05-2025,25.5,79.5,HAMIRPUR,UTTAR PRADESH,D710,HAMIRPUR,42.01
30-05-2025,25.5,79.5,HAMIRPUR,UTTAR PRADESH,D710,HAMIRPUR,41.99
31-05-2025,25.5,79.5,HAMIRPUR,UTTAR PRADESH,D710,HAMIRPUR,42.06
01-06-2025,25.5,79.5,HAMIRPUR,UTTAR PRADESH,D710,HAMIRPUR,41.86
02-06-2025,25.5,79.5,HAMIRPUR,UTTAR PRADESH,D710,HAMIRPUR,41.73
03-06-2025,25.5,79.5,HAMIRPUR,UTTAR PRADESH,D710,HAMIRPUR,41.95
04-06-2025,25.5,79.5,HAMIRPUR,UTTAR PRADESH,D710,HAMIRPUR,41.93
05-06-2025,25.5,79.5,HAMIRPUR,UTTAR PRADESH,D710,HAMIRPUR,41.92
06-06-2025,25.5,79.5,HAMIRPUR,UTTAR PRADESH,D710,HAMIRPUR,41.94
07-06-2025,25.5,79.5,HAMIRPUR,UTTAR PRADESH,D710,HAMIRPUR,41.51
08-06-2025,25.5,79.5,HAMIRPUR,UTTAR PRADESH,D710,HAMIRPUR,41.99
09-06-2025,25.5,79.5,HAMIRPUR,UTTAR PRADESH,D710,HAMIRPUR,41.72
10-06-2025,25.5,79.5,HAMIRPUR,UTTAR PRADESH,D710,HAMIRPUR,41.55
11-06-2025,25.5,79.5,HAMIRPUR,UTTAR PRADESH,D710,HAMIRPUR,41.38
12-06-2025,25.5,79.5,HAMIRPUR,UTTAR PRADESH,D710,HAMIRPUR,41.1
13-06-2025,25.5,79.5,HAMIRPUR,UTTAR PRADESH,D710,HAMIRPUR,41.03
14-06-2025,25.5,79.5,HAMIRPUR,UTTAR PRADESH,D710,HAMIRPUR,40.58
15-06-2025,25.5,79.5,HAMIRPUR,UTTAR PRADESH,D710,HAMIRPUR,40.08
16-06-2025,25.5,79.5,HAMIRPUR,UTTAR PRADESH,D710,HAMIRPUR,39.3
17-06-2025,25.5,79.5,HAMIRPUR,UTTAR PRADESH,D710,HAMIRPUR,39.16
18-06-2025,25.5,79.5,HAMIRPUR,UTTAR PRADESH,D710,HAMIRPUR,38.6
19-06-2025,25.5,79.5,HAMIRPUR,UTTAR PRADESH,D710,HAMIRPUR,38.34
20-06-2025,25.5,79.5,HAMIRPUR,UTTAR PRADESH,D710,HAMIRPUR,38.32
21-06-2025,25.5,79.5,HAMIRPUR,UTTAR PRADESH,D710,HAMIRPUR,38.71
22-06-2025,25.5,79.5,HAMIRPUR,UTTAR PRADESH,D710,HAMIRPUR,38.3
23-06-2025,25.5,79.5,HAMIRPUR,UTTAR PRADESH,D710,HAMIRPUR,37.91
24-06-2025,25.5,79.5,HAMIRPUR,UTTAR PRADESH,D710,HAMIRPUR,37.82
25-06-2025,25.5,79.5,HAMIRPUR,UTTAR PRADESH,D710,HAMIRPUR,37.61
26-06-2025,25.5,79.5,HAMIRPUR,UTTAR PRADESH,D710,HAMIRPUR,37.27
27-06-2025,25.5,79.5,HAMIRPUR,UTTAR PRADESH,D710,HAMIRPUR,36.72
28-06-2025,25.5,79.5,HAMIRPUR,UTTAR PRADESH,D710,HAMIRPUR,35.99
29-06-2025,25.5,79.5,HAMIRPUR,UTTAR PRADESH,D710,HAMIRPUR,35.87
30-06-2025,25.5,79.5,HAMIRPUR,UTTAR PRADESH,D710,HAMIRPUR,35.44
01-07-2025,25.5,79.5,HAMIRPUR,UTTAR PRADESH,D710,HAMIRPUR,35.87
02-07-2025,25.5,79.5,HAMIRPUR,UTTAR PRADESH,D710,HAMIRPUR,35.97
03-07-2025,25.5,79.5,HAMIRPUR,UTTAR PRADESH,D710,HAMIRPUR,35.78
04-07-2025,25.5,79.5,HAMIRPUR,UTTAR PRADESH,D710,HAMIRPUR,35.78
05-07-2025,25.5,79.5,HAMIRPUR,UTTAR PRADESH,D710,HAMIRPUR,34.92
06-07-2025,25.5,79.5,HAMIRPUR,UTTAR PRADESH,D710,HAMIRPUR,34.82
07-07-2025,25.5,79.5,HAMIRPUR,UTTAR PRADESH,D710,HAMIRPUR,35.05
08-07-2025,25.5,79.5,HAMIRPUR,UTTAR PRADESH,D710,HAMIRPUR,34.92
09-07-2025,25.5,79.5,HAMIRPUR,UTTAR PRADESH,D710,HAMIRPUR,34.37
10-07-2025,25.5,79.5,HAMIRPUR,UTTAR PRADESH,D710,HAMIRPUR,34.53
11-07-2025,25.5,79.5,HAMIRPUR,UTTAR PRADESH,D710,HAMIRPUR,34.36
12-07-2025,25.5,79.5,HAMIRPUR,UTTAR PRADESH,D710,HAMIRPUR,34.31
13-07-2025,25.5,79.5,HAMIRPUR,UTTAR PRADESH,D710,HAMIRPUR,34.11
14-07-2025,25.5,79.5,HAMIRPUR,UTTAR PRADESH,D710,HAMIRPUR,34.18
15-07-2025,25.5,79.5,HAMIRPUR,UTTAR PRADESH,D710,HAMIRPUR,34.2
16-07-2025,25.5,79.5,HAMIRPUR,UTTAR PRADESH,D710,HAMIRPUR,34.05
17-07-2025,25.5,79.5,HAMIRPUR,UTTAR PRADESH,D710,HAMIRPUR,34.09
18-07-2025,25.5,79.5,HAMIRPUR,UTTAR PRADESH,D710,HAMIRPUR,34.3
19-07-2025,25.5,79.5,HAMIRPUR,UTTAR PRADESH,D710,HAMIRPUR,34.06
20-07-2025,25.5,79.5,HAMIRPUR,UTTAR PRADESH,D710,HAMIRPUR,33.71
21-07-2025,25.5,79.5,HAMIRPUR,UTTAR PRADESH,D710,HAMIRPUR,33.34
22-07-2025,25.5,79.5,HAMIRPUR,UTTAR PRADESH,D710,HAMIRPUR,33.39
23-07-2025,25.5,79.5,HAMIRPUR,UTTAR PRADESH,D710,HAMIRPUR,33.19
24-07-2025,25.5,79.5,HAMIRPUR,UTTAR PRADESH,D710,HAMIRPUR,32.87
25-07-2025,25.5,79.5,HAMIRPUR,UTTAR PRADESH,D710,HAMIRPUR,32.85
26-07-2025,25.5,79.5,HAMIRPUR,UTTAR PRADESH,D710,HAMIRPUR,32.55
27-07-2025,25.5,79.5,HAMIRPUR,UTTAR PRADESH,D710,HAMIRPUR,32.18
28-07-2025,25.5,79.5,HAMIRPUR,UTTAR PRADESH,D710,HAMIRPUR,32.44
29-07-2025,25.5,79.5,HAMIRPUR,UTTAR PRADESH,D710,HAMIRPUR,32.6
30-07-2025,25.5,79.5,HAMIRPUR,UTTAR PRADESH,D710,HAMIRPUR,32.73
31-07-2025,25.5,79.5,HAMIRPUR,UTTAR PRADESH,D710,HAMIRPUR,32.64
01-08-2025,25.5,79.5,HAMIRPUR,UTTAR PRADESH,D710,HAMIRPUR,32.74
02-08-2025,25.5,79.5,HAMIRPUR,UTTAR PRADESH,D710,HAMIRPUR,32.41
03-08-2025,25.5,79.5,HAMIRPUR,UTTAR PRADESH,D710,HAMIRPUR,32.12
04-08-2025,25.5,79.5,HAMIRPUR,UTTAR PRADESH,D710,HAMIRPUR,32.47
05-08-2025,25.5,79.5,HAMIRPUR,UTTAR PRADESH,D710,HAMIRPUR,32.71
06-08-2025,25.5,79.5,HAMIRPUR,UTTAR PRADESH,D710,HAMIRPUR,32.42
07-08-2025,25.5,79.5,HAMIRPUR,UTTAR PRADESH,D710,HAMIRPUR,32
08-08-2025,25.5,79.5,HAMIRPUR,UTTAR PRADESH,D710,HAMIRPUR,32.16
09-08-2025,25.5,79.5,HAMIRPUR,UTTAR PRADESH,D710,HAMIRPUR,32.23
10-08-2025,25.5,79.5,HAMIRPUR,UTTAR PRADESH,D710,HAMIRPUR,32.41
11-08-2025,25.5,79.5,HAMIRPUR,UTTAR PRADESH,D710,HAMIRPUR,32.27
12-08-2025,25.5,79.5,HAMIRPUR,UTTAR PRADESH,D710,HAMIRPUR,32.24
13-08-2025,25.5,79.5,HAMIRPUR,UTTAR PRADESH,D710,HAMIRPUR,32.08
14-08-2025,25.5,79.5,HAMIRPUR,UTTAR PRADESH,D710,HAMIRPUR,32.16
15-08-2025,25.5,79.5,HAMIRPUR,UTTAR PRADESH,D710,HAMIRPUR,31.72
16-08-2025,25.5,79.5,HAMIRPUR,UTTAR PRADESH,D710,HAMIRPUR,32.3
17-08-2025,25.5,79.5,HAMIRPUR,UTTAR PRADESH,D710,HAMIRPUR,32.56
18-08-2025,25.5,79.5,HAMIRPUR,UTTAR PRADESH,D710,HAMIRPUR,32.28
19-08-2025,25.5,79.5,HAMIRPUR,UTTAR PRADESH,D710,HAMIRPUR,31.97
20-08-2025,25.5,79.5,HAMIRPUR,UTTAR PRADESH,D710,HAMIRPUR,32.11
21-08-2025,25.5,79.5,HAMIRPUR,UTTAR PRADESH,D710,HAMIRPUR,32.08
22-08-2025,25.5,79.5,HAMIRPUR,UTTAR PRADESH,D710,HAMIRPUR,32.11
23-08-2025,25.5,79.5,HAMIRPUR,UTTAR PRADESH,D710,HAMIRPUR,32.44
24-08-2025,25.5,79.5,HAMIRPUR,UTTAR PRADESH,D710,HAMIRPUR,32.55
25-08-2025,25.5,79.5,HAMIRPUR,UTTAR PRADESH,D710,HAMIRPUR,32.65
26-08-2025,25.5,79.5,HAMIRPUR,UTTAR PRADESH,D710,HAMIRPUR,32.84
27-08-2025,25.5,79.5,HAMIRPUR,UTTAR PRADESH,D710,HAMIRPUR,32.95
28-08-2025,25.5,79.5,HAMIRPUR,UTTAR PRADESH,D710,HAMIRPUR,33.03
29-08-2025,25.5,79.5,HAMIRPUR,UTTAR PRADESH,D710,HAMIRPUR,33.03
30-08-2025,25.5,79.5,HAMIRPUR,UTTAR PRADESH,D710,HAMIRPUR,33.19
31-08-2025,25.5,79.5,HAMIRPUR,UTTAR PRADESH,D710,HAMIRPUR,33.32
01-09-2025,25.5,79.5,HAMIRPUR,UTTAR PRADESH,D710,HAMIRPUR,33.14
02-09-2025,25.5,79.5,HAMIRPUR,UTTAR PRADESH,D710,HAMIRPUR,32.92
03-09-2025,25.5,79.5,HAMIRPUR,UTTAR PRADESH,D710,HAMIRPUR,32.96
04-09-2025,25.5,79.5,HAMIRPUR,UTTAR PRADESH,D710,HAMIRPUR,33.21
05-09-2025,25.5,79.5,HAMIRPUR,UTTAR PRADESH,D710,HAMIRPUR,33.05
06-09-2025,25.5,79.5,HAMIRPUR,UTTAR PRADESH,D710,HAMIRPUR,32.86
07-09-2025,25.5,79.5,HAMIRPUR,UTTAR PRADESH,D710,HAMIRPUR,32.91
08-09-2025,25.5,79.5,HAMIRPUR,UTTAR PRADESH,D710,HAMIRPUR,32.77
09-09-2025,25.5,79.5,HAMIRPUR,UTTAR PRADESH,D710,HAMIRPUR,33.08
10-09-2025,25.5,79.5,HAMIRPUR,UTTAR PRADESH,D710,HAMIRPUR,33.24
11-09-2025,25.5,79.5,HAMIRPUR,UTTAR PRADESH,D710,HAMIRPUR,32.85
12-09-2025,25.5,79.5,HAMIRPUR,UTTAR PRADESH,D710,HAMIRPUR,33
13-09-2025,25.5,79.5,HAMIRPUR,UTTAR PRADESH,D710,HAMIRPUR,33.13
14-09-2025,25.5,79.5,HAMIRPUR,UTTAR PRADESH,D710,HAMIRPUR,33.2
15-09-2025,25.5,79.5,HAMIRPUR,UTTAR PRADESH,D710,HAMIRPUR,32.78
16-09-2025,25.5,79.5,HAMIRPUR,UTTAR PRADESH,D710,HAMIRPUR,32.55
17-09-2025,25.5,79.5,HAMIRPUR,UTTAR PRADESH,D710,HAMIRPUR,32.83
18-09-2025,25.5,79.5,HAMIRPUR,UTTAR PRADESH,D710,HAMIRPUR,33.18
19-09-2025,25.5,79.5,HAMIRPUR,UTTAR PRADESH,D710,HAMIRPUR,33.26
20-09-2025,25.5,79.5,HAMIRPUR,UTTAR PRADESH,D710,HAMIRPUR,33.41
21-09-2025,25.5,79.5,HAMIRPUR,UTTAR PRADESH,D710,HAMIRPUR,33.22
22-09-2025,25.5,79.5,HAMIRPUR,UTTAR PRADESH,D710,HAMIRPUR,33.13
23-09-2025,25.5,79.5,HAMIRPUR,UTTAR PRADESH,D710,HAMIRPUR,33.17
24-09-2025,25.5,79.5,HAMIRPUR,UTTAR PRADESH,D710,HAMIRPUR,33.09
25-09-2025,25.5,79.5,HAMIRPUR,UTTAR PRADESH,D710,HAMIRPUR,33.25
26-09-2025,25.5,79.5,HAMIRPUR,UTTAR PRADESH,D710,HAMIRPUR,33.66
27-09-2025,25.5,79.5,HAMIRPUR,UTTAR PRADESH,D710,HAMIRPUR,33.79
28-09-2025,25.5,79.5,HAMIRPUR,UTTAR PRADESH,D710,HAMIRPUR,33.88
29-09-2025,25.5,79.5,HAMIRPUR,UTTAR PRADESH,D710,HAMIRPUR,33.99
30-09-2025,25.5,79.5,HAMIRPUR,UTTAR PRADESH,D710,HAMIRPUR,34.09
01-10-2025,25.5,79.5,HAMIRPUR,UTTAR PRADESH,D710,HAMIRPUR,34.23
02-10-2025,25.5,79.5,HAMIRPUR,UTTAR PRADESH,D710,HAMIRPUR,34.11
03-10-2025,25.5,79.5,HAMIRPUR,UTTAR PRADESH,D710,HAMIRPUR,33.99
04-10-2025,25.5,79.5,HAMIRPUR,UTTAR PRADESH,D710,HAMIRPUR,33.73
05-10-2025,25.5,79.5,HAMIRPUR,UTTAR PRADESH,D710,HAMIRPUR,33.91
06-10-2025,25.5,79.5,HAMIRPUR,UTTAR PRADESH,D710,HAMIRPUR,34.02
07-10-2025,25.5,79.5,HAMIRPUR,UTTAR PRADESH,D710,HAMIRPUR,33.86
08-10-2025,25.5,79.5,HAMIRPUR,UTTAR PRADESH,D710,HAMIRPUR,34.1
09-10-2025,25.5,79.5,HAMIRPUR,UTTAR PRADESH,D710,HAMIRPUR,34.16
10-10-2025,25.5,79.5,HAMIRPUR,UTTAR PRADESH,D710,HAMIRPUR,34.24
11-10-2025,25.5,79.5,HAMIRPUR,UTTAR PRADESH,D710,HAMIRPUR,34.13
12-10-2025,25.5,79.5,HAMIRPUR,UTTAR PRADESH,D710,HAMIRPUR,34.06
13-10-2025,25.5,79.5,HAMIRPUR,UTTAR PRADESH,D710,HAMIRPUR,34.06
14-10-2025,25.5,79.5,HAMIRPUR,UTTAR PRADESH,D710,HAMIRPUR,33.91
15-10-2025,25.5,79.5,HAMIRPUR,UTTAR PRADESH,D710,HAMIRPUR,34.02
16-10-2025,25.5,79.5,HAMIRPUR,UTTAR PRADESH,D710,HAMIRPUR,33.79
17-10-2025,25.5,79.5,HAMIRPUR,UTTAR PRADESH,D710,HAMIRPUR,33.61
18-10-2025,25.5,79.5,HAMIRPUR,UTTAR PRADESH,D710,HAMIRPUR,33.35
19-10-2025,25.5,79.5,HAMIRPUR,UTTAR PRADESH,D710,HAMIRPUR,33.19
20-10-2025,25.5,79.5,HAMIRPUR,UTTAR PRADESH,D710,HAMIRPUR,33.16
21-10-2025,25.5,79.5,HAMIRPUR,UTTAR PRADESH,D710,HAMIRPUR,33.33
22-10-2025,25.5,79.5,HAMIRPUR,UTTAR PRADESH,D710,HAMIRPUR,33.33
23-10-2025,25.5,79.5,HAMIRPUR,UTTAR PRADESH,D710,HAMIRPUR,32.98
24-10-2025,25.5,79.5,HAMIRPUR,UTTAR PRADESH,D710,HAMIRPUR,32.86
25-10-2025,25.5,79.5,HAMIRPUR,UTTAR PRADESH,D710,HAMIRPUR,32.52
26-10-2025,25.5,79.5,HAMIRPUR,UTTAR PRADESH,D710,HAMIRPUR,32.21
27-10-2025,25.5,79.5,HAMIRPUR,UTTAR PRADESH,D710,HAMIRPUR,32.11
28-10-2025,25.5,79.5,HAMIRPUR,UTTAR PRADESH,D710,HAMIRPUR,31.74
29-10-2025,25.5,79.5,HAMIRPUR,UTTAR PRADESH,D710,HAMIRPUR,31.74
30-10-2025,25.5,79.5,HAMIRPUR,UTTAR PRADESH,D710,HAMIRPUR,31.62
31-10-2025,25.5,79.5,HAMIRPUR,UTTAR PRADESH,D710,HAMIRPUR,31.81
01-11-2025,25.5,79.5,HAMIRPUR,UTTAR PRADESH,D710,HAMIRPUR,31.91
02-11-2025,25.5,79.5,HAMIRPUR,UTTAR PRADESH,D710,HAMIRPUR,31.99
03-11-2025,25.5,79.5,HAMIRPUR,UTTAR PRADESH,D710,HAMIRPUR,31.67
04-11-2025,25.5,79.5,HAMIRPUR,UTTAR PRADESH,D710,HAMIRPUR,31.85
05-11-2025,25.5,79.5,HAMIRPUR,UTTAR PRADESH,D710,HAMIRPUR,31.71
06-11-2025,25.5,79.5,HAMIRPUR,UTTAR PRADESH,D710,HAMIRPUR,31.41
07-11-2025,25.5,79.5,HAMIRPUR,UTTAR PRADESH,D710,HAMIRPUR,31.14
08-11-2025,25.5,79.5,HAMIRPUR,UTTAR PRADESH,D710,HAMIRPUR,31.08
09-11-2025,25.5,79.5,HAMIRPUR,UTTAR PRADESH,D710,HAMIRPUR,30.91
10-11-2025,25.5,79.5,HAMIRPUR,UTTAR PRADESH,D710,HAMIRPUR,30.61
11-11-2025,25.5,79.5,HAMIRPUR,UTTAR PRADESH,D710,HAMIRPUR,30.27
12-11-2025,25.5,79.5,HAMIRPUR,UTTAR PRADESH,D710,HAMIRPUR,30.37
13-11-2025,25.5,79.5,HAMIRPUR,UTTAR PRADESH,D710,HAMIRPUR,30.12
14-11-2025,25.5,79.5,HAMIRPUR,UTTAR PRADESH,D710,HAMIRPUR,30.14
15-11-2025,25.5,79.5,HAMIRPUR,UTTAR PRADESH,D710,HAMIRPUR,30.04
16-11-2025,25.5,79.5,HAMIRPUR,UTTAR PRADESH,D710,HAMIRPUR,29.6
17-11-2025,25.5,79.5,HAMIRPUR,UTTAR PRADESH,D710,HAMIRPUR,29.28
18-11-2025,25.5,79.5,HAMIRPUR,UTTAR PRADESH,D710,HAMIRPUR,29.02
19-11-2025,25.5,79.5,HAMIRPUR,UTTAR PRADESH,D710,HAMIRPUR,28.81
20-11-2025,25.5,79.5,HAMIRPUR,UTTAR PRADESH,D710,HAMIRPUR,28.83
21-11-2025,25.5,79.5,HAMIRPUR,UTTAR PRADESH,D710,HAMIRPUR,28.63
22-11-2025,25.5,79.5,HAMIRPUR,UTTAR PRADESH,D710,HAMIRPUR,28.46
23-11-2025,25.5,79.5,HAMIRPUR,UTTAR PRADESH,D710,HAMIRPUR,28.54
24-11-2025,25.5,79.5,HAMIRPUR,UTTAR PRADESH,D710,HAMIRPUR,28.57
25-11-2025,25.5,79.5,HAMIRPUR,UTTAR PRADESH,D710,HAMIRPUR,28.49
26-11-2025,25.5,79.5,HAMIRPUR,UTTAR PRADESH,D710,HAMIRPUR,28.36
27-11-2025,25.5,79.5,HAMIRPUR,UTTAR PRADESH,D710,HAMIRPUR,28.03
28-11-2025,25.5,79.5,HAMIRPUR,UTTAR PRADESH,D710,HAMIRPUR,27.79
29-11-2025,25.5,79.5,HAMIRPUR,UTTAR PRADESH,D710,HAMIRPUR,27.63
30-11-2025,25.5,79.5,HAMIRPUR,UTTAR PRADESH,D710,HAMIRPUR,27.33
01-12-2025,25.5,79.5,HAMIRPUR,UTTAR PRADESH,D710,HAMIRPUR,26.85
02-12-2025,25.5,79.5,HAMIRPUR,UTTAR PRADESH,D710,HAMIRPUR,26.51
03-12-2025,25.5,79.5,HAMIRPUR,UTTAR PRADESH,D710,HAMIRPUR,26.55
04-12-2025,25.5,79.5,HAMIRPUR,UTTAR PRADESH,D710,HAMIRPUR,26.71
05-12-2025,25.5,79.5,HAMIRPUR,UTTAR PRADESH,D710,HAMIRPUR,26.64
06-12-2025,25.5,79.5,HAMIRPUR,UTTAR PRADESH,D710,HAMIRPUR,26.63
07-12-2025,25.5,79.5,HAMIRPUR,UTTAR PRADESH,D710,HAMIRPUR,26.4
08-12-2025,25.5,79.5,HAMIRPUR,UTTAR PRADESH,D710,HAMIRPUR,26.15
09-12-2025,25.5,79.5,HAMIRPUR,UTTAR PRADESH,D710,HAMIRPUR,26.22
10-12-2025,25.5,79.5,HAMIRPUR,UTTAR PRADESH,D710,HAMIRPUR,26.19
11-12-2025,25.5,79.5,HAMIRPUR,UTTAR PRADESH,D710,HAMIRPUR,25.94
12-12-2025,25.5,79.5,HAMIRPUR,UTTAR PRADESH,D710,HAMIRPUR,25.64
13-12-2025,25.5,79.5,HAMIRPUR,UTTAR PRADESH,D710,HAMIRPUR,25.09
14-12-2025,25.5,79.5,HAMIRPUR,UTTAR PRADESH,D710,HAMIRPUR,24.71
15-12-2025,25.5,79.5,HAMIRPUR,UTTAR PRADESH,D710,HAMIRPUR,24.57
16-12-2025,25.5,79.5,HAMIRPUR,UTTAR PRADESH,D710,HAMIRPUR,24.63
17-12-2025,25.5,79.5,HAMIRPUR,UTTAR PRADESH,D710,HAMIRPUR,24.4
18-12-2025,25.5,79.5,HAMIRPUR,UTTAR PRADESH,D710,HAMIRPUR,24.1
19-12-2025,25.5,79.5,HAMIRPUR,UTTAR PRADESH,D710,HAMIRPUR,23.91
20-12-2025,25.5,79.5,HAMIRPUR,UTTAR PRADESH,D710,HAMIRPUR,23.82
21-12-2025,25.5,79.5,HAMIRPUR,UTTAR PRADESH,D710,HAMIRPUR,23.64
22-12-2025,25.5,79.5,HAMIRPUR,UTTAR PRADESH,D710,HAMIRPUR,23.86
23-12-2025,25.5,79.5,HAMIRPUR,UTTAR PRADESH,D710,HAMIRPUR,23.68
24-12-2025,25.5,79.5,HAMIRPUR,UTTAR PRADESH,D710,HAMIRPUR,23.33
25-12-2025,25.5,79.5,HAMIRPUR,UTTAR PRADESH,D710,HAMIRPUR,23.3
26-12-2025,25.5,79.5,HAMIRPUR,UTTAR PRADESH,D710,HAMIRPUR,22.91
27-12-2025,25.5,79.5,HAMIRPUR,UTTAR PRADESH,D710,HAMIRPUR,23.02
28-12-2025,25.5,79.5,HAMIRPUR,UTTAR PRADESH,D710,HAMIRPUR,22.45
29-12-2025,25.5,79.5,HAMIRPUR,UTTAR PRADESH,D710,HAMIRPUR,22.59
30-12-2025,25.5,79.5,HAMIRPUR,UTTAR PRADESH,D710,HAMIRPUR,22.13
31-12-2025,25.5,79.5,HAMIRPUR,UTTAR PRADESH,D710,HAMIRPUR,21.53
01-01-2025,25.5,78.5,JHANSI,UTTAR PRADESH,D716,GARAUTHA,21.57
02-01-2025,25.5,78.5,JHANSI,UTTAR PRADESH,D716,GARAUTHA,21.3
03-01-2025,25.5,78.5,JHANSI,UTTAR PRADESH,D716,GARAUTHA,21.5
04-01-2025,25.5,78.5,JHANSI,UTTAR PRADESH,D716,GARAUTHA,21.68
05-01-2025,25.5,78.5,JHANSI,UTTAR PRADESH,D716,GARAUTHA,21.73
06-01-2025,25.5,78.5,JHANSI,UTTAR PRADESH,D716,GARAUTHA,21.75
07-01-2025,25.5,78.5,JHANSI,UTTAR PRADESH,D716,GARAUTHA,21.61
08-01-2025,25.5,78.5,JHANSI,UTTAR PRADESH,D716,GARAUTHA,21.86
09-01-2025,25.5,78.5,JHANSI,UTTAR PRADESH,D716,GARAUTHA,21.56
10-01-2025,25.5,78.5,JHANSI,UTTAR PRADESH,D716,GARAUTHA,21.88
11-01-2025,25.5,78.5,JHANSI,UTTAR PRADESH,D716,GARAUTHA,22.3
12-01-2025,25.5,78.5,JHANSI,UTTAR PRADESH,D716,GARAUTHA,22.73
13-01-2025,25.5,78.5,JHANSI,UTTAR PRADESH,D716,GARAUTHA,22.98
14-01-2025,25.5,78.5,JHANSI,UTTAR PRADESH,D716,GARAUTHA,22.81
15-01-2025,25.5,78.5,JHANSI,UTTAR PRADESH,D716,GARAUTHA,22.5
16-01-2025,25.5,78.5,JHANSI,UTTAR PRADESH,D716,GARAUTHA,22.37
17-01-2025,25.5,78.5,JHANSI,UTTAR PRADESH,D716,GARAUTHA,22.17
18-01-2025,25.5,78.5,JHANSI,UTTAR PRADESH,D716,GARAUTHA,22.22
19-01-2025,25.5,78.5,JHANSI,UTTAR PRADESH,D716,GARAUTHA,21.87
20-01-2025,25.5,78.5,JHANSI,UTTAR PRADESH,D716,GARAUTHA,22.21
21-01-2025,25.5,78.5,JHANSI,UTTAR PRADESH,D716,GARAUTHA,22.81
22-01-2025,25.5,78.5,JHANSI,UTTAR PRADESH,D716,GARAUTHA,22.77
23-01-2025,25.5,78.5,JHANSI,UTTAR PRADESH,D716,GARAUTHA,23.08
24-01-2025,25.5,78.5,JHANSI,UTTAR PRADESH,D716,GARAUTHA,23.08
25-01-2025,25.5,78.5,JHANSI,UTTAR PRADESH,D716,GARAUTHA,22.73
26-01-2025,25.5,78.5,JHANSI,UTTAR PRADESH,D716,GARAUTHA,23.47
27-01-2025,25.5,78.5,JHANSI,UTTAR PRADESH,D716,GARAUTHA,24.07
28-01-2025,25.5,78.5,JHANSI,UTTAR PRADESH,D716,GARAUTHA,24.12
29-01-2025,25.5,78.5,JHANSI,UTTAR PRADESH,D716,GARAUTHA,24.23
30-01-2025,25.5,78.5,JHANSI,UTTAR PRADESH,D716,GARAUTHA,24.62
31-01-2025,25.5,78.5,JHANSI,UTTAR PRADESH,D716,GARAUTHA,24.78
01-02-2025,25.5,78.5,JHANSI,UTTAR PRADESH,D716,GARAUTHA,25.14
02-02-2025,25.5,78.5,JHANSI,UTTAR PRADESH,D716,GARAUTHA,25.22
03-02-2025,25.5,78.5,JHANSI,UTTAR PRADESH,D716,GARAUTHA,25.71
04-02-2025,25.5,78.5,JHANSI,UTTAR PRADESH,D716,GARAUTHA,25.47
05-02-2025,25.5,78.5,JHANSI,UTTAR PRADESH,D716,GARAUTHA,25.43
06-02-2025,25.5,78.5,JHANSI,UTTAR PRADESH,D716,GARAUTHA,25.85
07-02-2025,25.5,78.5,JHANSI,UTTAR PRADESH,D716,GARAUTHA,25.67
08-02-2025,25.5,78.5,JHANSI,UTTAR PRADESH,D716,GARAUTHA,25.68
09-02-2025,25.5,78.5,JHANSI,UTTAR PRADESH,D716,GARAUTHA,25.92
10-02-2025,25.5,78.5,JHANSI,UTTAR PRADESH,D716,GARAUTHA,25.93
11-02-2025,25.5,78.5,JHANSI,UTTAR PRADESH,D716,GARAUTHA,26.15
12-02-2025,25.5,78.5,JHANSI,UTTAR PRADESH,D716,GARAUTHA,26.45
13-02-2025,25.5,78.5,JHANSI,UTTAR PRADESH,D716,GARAUTHA,26.78
14-02-2025,25.5,78.5,JHANSI,UTTAR PRADESH,D716,GARAUTHA,27.4
15-02-2025,25.5,78.5,JHANSI,UTTAR PRADESH,D716,GARAUTHA,27.55
16-02-2025,25.5,78.5,JHANSI,UTTAR PRADESH,D716,GARAUTHA,27.3
17-02-2025,25.5,78.5,JHANSI,UTTAR PRADESH,D716,GARAUTHA,27.72
18-02-2025,25.5,78.5,JHANSI,UTTAR PRADESH,D716,GARAUTHA,28.44
19-02-2025,25.5,78.5,JHANSI,UTTAR PRADESH,D716,GARAUTHA,29.28
20-02-2025,25.5,78.5,JHANSI,UTTAR PRADESH,D716,GARAUTHA,29.41
21-02-2025,25.5,78.5,JHANSI,UTTAR PRADESH,D716,GARAUTHA,29.41
22-02-2025,25.5,78.5,JHANSI,UTTAR PRADESH,D716,GARAUTHA,29.27
23-02-2025,25.5,78.5,JHANSI,UTTAR PRADESH,D716,GARAUTHA,29.61
24-02-2025,25.5,78.5,JHANSI,UTTAR PRADESH,D716,GARAUTHA,29.74
25-02-2025,25.5,78.5,JHANSI,UTTAR PRADESH,D716,GARAUTHA,29.71
26-02-2025,25.5,78.5,JHANSI,UTTAR PRADESH,D716,GARAUTHA,29.45
27-02-2025,25.5,78.5,JHANSI,UTTAR PRADESH,D716,GARAUTHA,29.76
28-02-2025,25.5,78.5,JHANSI,UTTAR PRADESH,D716,GARAUTHA,30.3
29-02-2025,25.5,78.5,JHANSI,UTTAR PRADESH,D716,GARAUTHA,30.84
01-03-2025,25.5,78.5,JHANSI,UTTAR PRADESH,D716,GARAUTHA,30.24
02-03-2025,25.5,78.5,JHANSI,UTTAR PRADESH,D716,GARAUTHA,30.74
03-03-2025,25.5,78.5,JHANSI,UTTAR PRADESH,D716,GARAUTHA,31.03
04-03-2025,25.5,78.5,JHANSI,UTTAR PRADESH,D716,GARAUTHA,31.13
05-03-2025,25.5,78.5,JHANSI,UTTAR PRADESH,D716,GARAUTHA,30.85
06-03-2025,25.5,78.5,JHANSI,UTTAR PRADESH,D716,GARAUTHA,31.09
07-03-2025,25.5,78.5,JHANSI,UTTAR PRADESH,D716,GARAUTHA,31.58
08-03-2025,25.5,78.5,JHANSI,UTTAR PRADESH,D716,GARAUTHA,31.57
09-03-2025,25.5,78.5,JHANSI,UTTAR PRADESH,D716,GARAUTHA,31.55
10-03-2025,25.5,78.5,JHANSI,UTTAR PRADESH,D716,GARAUTHA,31.37
11-03-2025,25.5,78.5,JHANSI,UTTAR PRADESH,D716,GARAUTHA,32.26
12-03-2025,25.5,78.5,JHANSI,UTTAR PRADESH,D716,GARAUTHA,31.98
13-03-2025,25.5,78.5,JHANSI,UTTAR PRADESH,D716,GARAUTHA,32
14-03-2025,25.5,78.5,JHANSI,UTTAR PRADESH,D716,GARAUTHA,32.38
15-03-2025,25.5,78.5,JHANSI,UTTAR PRADESH,D716,GARAUTHA,32.28
16-03-2025,25.5,78.5,JHANSI,UTTAR PRADESH,D716,GARAUTHA,33.24
17-03-2025,25.5,78.5,JHANSI,UTTAR PRADESH,D716,GARAUTHA,33.8
18-03-2025,25.5,78.5,JHANSI,UTTAR PRADESH,D716,GARAUTHA,34.21
19-03-2025,25.5,78.5,JHANSI,UTTAR PRADESH,D716,GARAUTHA,34.42
20-03-2025,25.5,78.5,JHANSI,UTTAR PRADESH,D716,GARAUTHA,34.9
21-03-2025,25.5,78.5,JHANSI,UTTAR PRADESH,D716,GARAUTHA,34.7
22-03-2025,25.5,78.5,JHANSI,UTTAR PRADESH,D716,GARAUTHA,34.87
23-03-2025,25.5,78.5,JHANSI,UTTAR PRADESH,D716,GARAUTHA,35.28
24-03-2025,25.5,78.5,JHANSI,UTTAR PRADESH,D716,GARAUTHA,35.74
25-03-2025,25.5,78.5,JHANSI,UTTAR PRADESH,D716,GARAUTHA,35.92
26-03-2025,25.5,78.5,JHANSI,UTTAR PRADESH,D716,GARAUTHA,35.93
27-03-2025,25.5,78.5,JHANSI,UTTAR PRADESH,D716,GARAUTHA,36.22
28-03-2025,25.5,78.5,JHANSI,UTTAR PRADESH,D716,GARAUTHA,36.95
29-03-2025,25.5,78.5,JHANSI,UTTAR PRADESH,D716,GARAUTHA,37
30-03-2025,25.5,78.5,JHANSI,UTTAR PRADESH,D716,GARAUTHA,36.8
31-03-2025,25.5,78.5,JHANSI,UTTAR PRADESH,D716,GARAUTHA,36.85
01-04-2025,25.5,78.5,JHANSI,UTTAR PRADESH,D716,GARAUTHA,37.08
02-04-2025,25.5,78.5,JHANSI,UTTAR PRADESH,D716,GARAUTHA,37.4
03-04-2025,25.5,78.5,JHANSI,UTTAR PRADESH,D716,GARAUTHA,37.58
04-04-2025,25.5,78.5,JHANSI,UTTAR PRADESH,D716,GARAUTHA,37.73
05-04-2025,25.5,78.5,JHANSI,UTTAR PRADESH,D716,GARAUTHA,37.9
06-04-2025,25.5,78.5,JHANSI,UTTAR PRADESH,D716,GARAUTHA,38.47
07-04-2025,25.5,78.5,JHANSI,UTTAR PRADESH,D716,GARAUTHA,38.62
08-04-2025,25.5,78.5,JHANSI,UTTAR PRADESH,D716,GARAUTHA,38.43
09-04-2025,25.5,78.5,JHANSI,UTTAR PRADESH,D716,GARAUTHA,38.59
10-04-2025,25.5,78.5,JHANSI,UTTAR PRADESH,D716,GARAUTHA,38.67
11-04-2025,25.5,78.5,JHANSI,UTTAR PRADESH,D716,GARAUTHA,38.89
12-04-2025,25.5,78.5,JHANSI,UTTAR PRADESH,D716,GARAUTHA,38.98
13-04-2025,25.5,78.5,JHANSI,UTTAR PRADESH,D716,GARAUTHA,39.06
14-04-2025,25.5,78.5,JHANSI,UTTAR PRADESH,D716,GARAUTHA,39.36
15-04-2025,25.5,78.5,JHANSI,UTTAR PRADESH,D716,GARAUTHA,39.96
16-04-2025,25.5,78.5,JHANSI,UTTAR PRADESH,D716,GARAUTHA,39.68
17-04-2025,25.5,78.5,JHANSI,UTTAR PRADESH,D716,GARAUTHA,39.53
18-04-2025,25.5,78.5,JHANSI,UTTAR PRADESH,D716,GARAUTHA,39.31
19-04-2025,25.5,78.5,JHANSI,UTTAR PRADESH,D716,GARAUTHA,39.88
20-04-2025,25.5,78.5,JHANSI,UTTAR PRADESH,D716,GARAUTHA,39.87
21-04-2025,25.5,78.5,JHANSI,UTTAR PRADESH,D716,GARAUTHA,39.58
22-04-2025,25.5,78.5,JHANSI,UTTAR PRADESH,D716,GARAUTHA,39.77
23-04-2025,25.5,78.5,JHANSI,UTTAR PRADESH,D716,GARAUTHA,40.02
24-04-2025,25.5,78.5,JHANSI,UTTAR PRADESH,D716,GARAUTHA,40.31
25-04-2025,25.5,78.5,JHANSI,UTTAR PRADESH,D716,GARAUTHA,40.83
26-04-2025,25.5,78.5,JHANSI,UTTAR PRADESH,D716,GARAUTHA,41.03
27-04-2025,25.5,78.5,JHANSI,UTTAR PRADESH,D716,GARAUTHA,40.98
28-04-2025,25.5,78.5,JHANSI,UTTAR PRADESH,D716,GARAUTHA,41.31
29-04-2025,25.5,78.5,JHANSI,UTTAR PRADESH,D716,GARAUTHA,41.66
30-04-2025,25.5,78.5,JHANSI,UTTAR PRADESH,D716,GARAUTHA,41.75
01-05-2025,25.5,78.5,JHANSI,UTTAR PRADESH,D716,GARAUTHA,41.36
02-05-2025,25.5,78.5,JHANSI,UTTAR PRADESH,D716,GARAUTHA,41.13
03-05-2025,25.5,78.5,JHANSI,UTTAR PRADESH,D716,GARAUTHA,41.03
04-05-2025,25.5,78.5,JHANSI,UTTAR PRADESH,D716,GARAUTHA,41.02
05-05-2025,25.5,78.5,JHANSI,UTTAR PRADESH,D716,GARAUTHA,40.9
06-05-2025,25.5,78.5,JHANSI,UTTAR PRADESH,D716,GARAUTHA,41.24
07-05-2025,25.5,78.5,JHANSI,UTTAR PRADESH,D716,GARAUTHA,41.68
08-05-2025,25.5,78.5,JHANSI,UTTAR PRADESH,D716,GARAUTHA,41.78
09-05-2025,25.5,78.5,JHANSI,UTTAR PRADESH,D716,GARAUTHA,41.62
10-05-2025,25.5,78.5,JHANSI,UTTAR PRADESH,D716,GARAUTHA,41.85
11-05-2025,25.5,78.5,JHANSI,UTTAR PRADESH,D716,GARAUTHA,41.53
12-05-2025,25.5,78.5,JHANSI,UTTAR PRADESH,D716,GARAUTHA,41.85
13-05-2025,25.5,78.5,JHANSI,UTTAR PRADESH,D716,GARAUTHA,42.02
14-05-2025,25.5,78.5,JHANSI,UTTAR PRADESH,D716,GARAUTHA,42.19
15-05-2025,25.5,78.5,JHANSI,UTTAR PRADESH,D716,GARAUTHA,42.24
16-05-2025,25.5,78.5,JHANSI,UTTAR PRADESH,D716,GARAUTHA,42.71
17-05-2025,25.5,78.5,JHANSI,UTTAR PRADESH,D716,GARAUTHA,42.64
18-05-2025,25.5,78.5,JHANSI,UTTAR PRADESH,D716,GARAUTHA,42.59
19-05-2025,25.5,78.5,JHANSI,UTTAR PRADESH,D716,GARAUTHA,42.62
20-05-2025,25.5,78.5,JHANSI,UTTAR PRADESH,D716,GARAUTHA,42.31
21-05-2025,25.5,78.5,JHANSI,UTTAR PRADESH,D716,GARAUTHA,42.42
22-05-2025,25.5,78.5,JHANSI,UTTAR PRADESH,D716,GARAUTHA,42.42
23-05-2025,25.5,78.5,JHANSI,UTTAR PRADESH,D716,GARAUTHA,42.37
24-05-2025,25.5,78.5,JHANSI,UTTAR PRADESH,D716,GARAUTHA,42.14
25-05-2025,25.5,78.5,JHANSI,UTTAR PRADESH,D716,GARAUTHA,42.1
26-05-2025,25.5,78.5,JHANSI,UTTAR PRADESH,D716,GARAUTHA,42.62
27-05-2025,25.5,78.5,JHANSI,UTTAR PRADESH,D716,GARAUTHA,42.59
28-05-2025,25.5,78.5,JHANSI,UTTAR PRADESH,D716,GARAUTHA,42.58
29-05-2025,25.5,78.5,JHANSI,UTTAR PRADESH,D716,GARAUTHA,42.34
30-05-2025,25.5,78.5,JHANSI,UTTAR PRADESH,D716,GARAUTHA,42.07
31-05-2025,25.5,78.5,JHANSI,UTTAR PRADESH,D716,GARAUTHA,42.27
01-06-2025,25.5,78.5,JHANSI,UTTAR PRADESH,D716,GARAUTHA,42.2
02-06-2025,25.5,78.5,JHANSI,UTTAR PRADESH,D716,GARAUTHA,41.8
03-06-2025,25.5,78.5,JHANSI,UTTAR PRADESH,D716,GARAUTHA,42.11
04-06-2025,25.5,78.5,JHANSI,UTTAR PRADESH,D716,GARAUTHA,41.93
05-06-2025,25.5,78.5,JHANSI,UTTAR PRADESH,D716,GARAUTHA,42.2
06-06-2025,25.5,78.5,JHANSI,UTTAR PRADESH,D716,GARAUTHA,42.13
07-06-2025,25.5,78.5,JHANSI,UTTAR PRADESH,D716,GARAUTHA,41.76
08-06-2025,25.5,78.5,JHANSI,UTTAR PRADESH,D716,GARAUTHA,42.05
09-06-2025,25.5,78.5,JHANSI,UTTAR PRADESH,D716,GARAUTHA,42.24
10-06-2025,25.5,78.5,JHANSI,UTTAR PRADESH,D716,GARAUTHA,41.76
11-06-2025,25.5,78.5,JHANSI,UTTAR PRADESH,D716,GARAUTHA,41.42
12-06-2025,25.5,78.5,JHANSI,UTTAR PRADESH,D716,GARAUTHA,41.12
13-06-2025,25.5,78.5,JHANSI,UTTAR PRADESH,D716,GARAUTHA,41.21
14-06-2025,25.5,78.5,JHANSI,UTTAR PRADESH,D716,GARAUTHA,40.94
15-06-2025,25.5,78.5,JHANSI,UTTAR PRADESH,D716,GARAUTHA,40.22
16-06-2025,25.5,78.5,JHANSI,UTTAR PRADESH,D716,GARAUTHA,39.4
17-06-2025,25.5,78.5,JHANSI,UTTAR PRADESH,D716,GARAUTHA,39.31
18-06-2025,25.5,78.5,JHANSI,UTTAR PRADESH,D716,GARAUTHA,38.62
19-06-2025,25.5,78.5,JHANSI,UTTAR PRADESH,D716,GARAUTHA,38.3
20-06-2025,25.5,78.5,JHANSI,UTTAR PRADESH,D716,GARAUTHA,38.29
21-06-2025,25.5,78.5,JHANSI,UTTAR PRADESH,D716,GARAUTHA,38.65
22-06-2025,25.5,78.5,JHANSI,UTTAR PRADESH,D716,GARAUTHA,38.36
23-06-2025,25.5,78.5,JHANSI,UTTAR PRADESH,D716,GARAUTHA,38.42
24-06-2025,25.5,78.5,JHANSI,UTTAR PRADESH,D716,GARAUTHA,38.13
25-06-2025,25.5,78.5,JHANSI,UTTAR PRADESH,D716,GARAUTHA,37.8
26-06-2025,25.5,78.5,JHANSI,UTTAR PRADESH,D716,GARAUTHA,37.62
27-06-2025,25.5,78.5,JHANSI,UTTAR PRADESH,D716,GARAUTHA,37.18
28-06-2025,25.5,78.5,JHANSI,UTTAR PRADESH,D716,GARAUTHA,36.5
29-06-2025,25.5,78.5,JHANSI,UTTAR PRADESH,D716,GARAUTHA,36.38
30-06-2025,25.5,78.5,JHANSI,UTTAR PRADESH,D716,GARAUTHA,35.73
01-07-2025,25.5,78.5,JHANSI,UTTAR PRADESH,D716,GARAUTHA,36.43
02-07-2025,25.5,78.5,JHANSI,UTTAR PRADESH,D716,GARAUTHA,36.39
03-07-2025,25.5,78.5,JHANSI,UTTAR PRADESH,D716,GARAUTHA,35.77
04-07-2025,25.5,78.5,JHANSI,UTTAR PRADESH,D716,GARAUTHA,36.2
05-07-2025,25.5,78.5,JHANSI,UTTAR PRADESH,D716,GARAUTHA,35.35
06-07-2025,25.5,78.5,JHANSI,UTTAR PRADESH,D716,GARAUTHA,34.93
07-07-2025,25.5,78.5,JHANSI,UTTAR PRADESH,D716,GARAUTHA,35.4
08-07-2025,25.5,78.5,JHANSI,UTTAR PRADESH,D716,GARAUTHA,35.18
09-07-2025,25.5,78.5,JHANSI,UTTAR PRADESH,D716,GARAUTHA,34.63
10-07-2025,25.5,78.5,JHANSI,UTTAR PRADESH,D716,GARAUTHA,34.91
11-07-2025,25.5,78.5,JHANSI,UTTAR PRADESH,D716,GARAUTHA,34.47
12-07-2025,25.5,78.5,JHANSI,UTTAR PRADESH,D716,GARAUTHA,34.31
13-07-2025,25.5,78.5,JHANSI,UTTAR PRADESH,D716,GARAUTHA,34.28
14-07-2025,25.5,78.5,JHANSI,UTTAR PRADESH,D716,GARAUTHA,34.4
15-07-2025,25.5,78.5,JHANSI,UTTAR PRADESH,D716,GARAUTHA,34.31
16-07-2025,25.5,78.5,JHANSI,UTTAR PRADESH,D716,GARAUTHA,34.14
17-07-2025,25.5,78.5,JHANSI,UTTAR PRADESH,D716,GARAUTHA,34.26
18-07-2025,25.5,78.5,JHANSI,UTTAR PRADESH,D716,GARAUTHA,34.21
19-07-2025,25.5,78.5,JHANSI,UTTAR PRADESH,D716,GARAUTHA,33.9
20-07-2025,25.5,78.5,JHANSI,UTTAR PRADESH,D716,GARAUTHA,33.7
21-07-2025,25.5,78.5,JHANSI,UTTAR PRADESH,D716,GARAUTHA,33.3
22-07-2025,25.5,78.5,JHANSI,UTTAR PRADESH,D716,GARAUTHA,33.41
23-07-2025,25.5,78.5,JHANSI,UTTAR PRADESH,D716,GARAUTHA,33
24-07-2025,25.5,78.5,JHANSI,UTTAR PRADESH,D716,GARAUTHA,32.79
25-07-2025,25.5,78.5,JHANSI,UTTAR PRADESH,D716,GARAUTHA,32.66
26-07-2025,25.5,78.5,JHANSI,UTTAR PRADESH,D716,GARAUTHA,32.11
27-07-2025,25.5,78.5,JHANSI,UTTAR PRADESH,D716,GARAUTHA,32.03
28-07-2025,25.5,78.5,JHANSI,UTTAR PRADESH,D716,GARAUTHA,32.37
29-07-2025,25.5,78.5,JHANSI,UTTAR PRADESH,D716,GARAUTHA,32.5
30-07-2025,25.5,78.5,JHANSI,UTTAR PRADESH,D716,GARAUTHA,32.63
31-07-2025,25.5,78.5,JHANSI,UTTAR PRADESH,D716,GARAUTHA,32.58
01-08-2025,25.5,78.5,JHANSI,UTTAR PRADESH,D716,GARAUTHA,32.69
02-08-2025,25.5,78.5,JHANSI,UTTAR PRADESH,D716,GARAUTHA,32.31
03-08-2025,25.5,78.5,JHANSI,UTTAR PRADESH,D716,GARAUTHA,32.23
04-08-2025,25.5,78.5,JHANSI,UTTAR PRADESH,D716,GARAUTHA,32.25
05-08-2025,25.5,78.5,JHANSI,UTTAR PRADESH,D716,GARAUTHA,32.63
06-08-2025,25.5,78.5,JHANSI,UTTAR PRADESH,D716,GARAUTHA,32.28
07-08-2025,25.5,78.5,JHANSI,UTTAR PRADESH,D716,GARAUTHA,31.69
08-08-2025,25.5,78.5,JHANSI,UTTAR PRADESH,D716,GARAUTHA,31.7
09-08-2025,25.5,78.5,JHANSI,UTTAR PRADESH,D716,GARAUTHA,32
10-08-2025,25.5,78.5,JHANSI,UTTAR PRADESH,D716,GARAUTHA,32.41
11-08-2025,25.5,78.5,JHANSI,UTTAR PRADESH,D716,GARAUTHA,32.14
12-08-2025,25.5,78.5,JHANSI,UTTAR PRADESH,D716,GARAUTHA,32.27
13-08-2025,25.5,78.5,JHANSI,UTTAR PRADESH,D716,GARAUTHA,32
14-08-2025,25.5,78.5,JHANSI,UTTAR PRADESH,D716,GARAUTHA,31.85
15-08-2025,25.5,78.5,JHANSI,UTTAR PRADESH,D716,GARAUTHA,31.58
16-08-2025,25.5,78.5,JHANSI,UTTAR PRADESH,D716,GARAUTHA,31.98
17-08-2025,25.5,78.5,JHANSI,UTTAR PRADESH,D716,GARAUTHA,32.32
18-08-2025,25.5,78.5,JHANSI,UTTAR PRADESH,D716,GARAUTHA,32.22
19-08-2025,25.5,78.5,JHANSI,UTTAR PRADESH,D716,GARAUTHA,32.04
20-08-2025,25.5,78.5,JHANSI,UTTAR PRADESH,D716,GARAUTHA,31.89
21-08-2025,25.5,78.5,JHANSI,UTTAR PRADESH,D716,GARAUTHA,32.1
22-08-2025,25.5,78.5,JHANSI,UTTAR PRADESH,D716,GARAUTHA,32.06
23-08-2025,25.5,78.5,JHANSI,UTTAR PRADESH,D716,GARAUTHA,32.27
24-08-2025,25.5,78.5,JHANSI,UTTAR PRADESH,D716,GARAUTHA,32.46
25-08-2025,25.5,78.5,JHANSI,UTTAR PRADESH,D716,GARAUTHA,32.48
26-08-2025,25.5,78.5,JHANSI,UTTAR PRADESH,D716,GARAUTHA,32.73
27-08-2025,25.5,78.5,JHANSI,UTTAR PRADESH,D716,GARAUTHA,32.81
28-08-2025,25.5,78.5,JHANSI,UTTAR PRADESH,D716,GARAUTHA,32.95
29-08-2025,25.5,78.5,JHANSI,UTTAR PRADESH,D716,GARAUTHA,32.94
30-08-2025,25.5,78.5,JHANSI,UTTAR PRADESH,D716,GARAUTHA,32.98
31-08-2025,25.5,78.5,JHANSI,UTTAR PRADESH,D716,GARAUTHA,32.94
01-09-2025,25.5,78.5,JHANSI,UTTAR PRADESH,D716,GARAUTHA,32.86
02-09-2025,25.5,78.5,JHANSI,UTTAR PRADESH,D716,GARAUTHA,32.92
03-09-2025,25.5,78.5,JHANSI,UTTAR PRADESH,D716,GARAUTHA,32.84
04-09-2025,25.5,78.5,JHANSI,UTTAR PRADESH,D716,GARAUTHA,33.04
05-09-2025,25.5,78.5,JHANSI,UTTAR PRADESH,D716,GARAUTHA,32.92
06-09-2025,25.5,78.5,JHANSI,UTTAR PRADESH,D716,GARAUTHA,32.84
07-09-2025,25.5,78.5,JHANSI,UTTAR PRADESH,D716,GARAUTHA,32.72
08-09-2025,25.5,78.5,JHANSI,UTTAR PRADESH,D716,GARAUTHA,32.78
09-09-2025,25.5,78.5,JHANSI,UTTAR PRADESH,D716,GARAUTHA,32.97
10-09-2025,25.5,78.5,JHANSI,UTTAR PRADESH,D716,GARAUTHA,33.14
11-09-2025,25.5,78.5,JHANSI,UTTAR PRADESH,D716,GARAUTHA,32.84
12-09-2025,25.5,78.5,JHANSI,UTTAR PRADESH,D716,GARAUTHA,32.95
13-09-2025,25.5,78.5,JHANSI,UTTAR PRADESH,D716,GARAUTHA,33.23
14-09-2025,25.5,78.5,JHANSI,UTTAR PRADESH,D716,GARAUTHA,33.33
15-09-2025,25.5,78.5,JHANSI,UTTAR PRADESH,D716,GARAUTHA,33.1
16-09-2025,25.5,78.5,JHANSI,UTTAR PRADESH,D716,GARAUTHA,32.93
17-09-2025,25.5,78.5,JHANSI,UTTAR PRADESH,D716,GARAUTHA,33.13
18-09-2025,25.5,78.5,JHANSI,UTTAR PRADESH,D716,GARAUTHA,33.3
19-09-2025,25.5,78.5,JHANSI,UTTAR PRADESH,D716,GARAUTHA,33.55
20-09-2025,25.5,78.5,JHANSI,UTTAR PRADESH,D716,GARAUTHA,33.65
21-09-2025,25.5,78.5,JHANSI,UTTAR PRADESH,D716,GARAUTHA,33.68
22-09-2025,25.5,78.5,JHANSI,UTTAR PRADESH,D716,GARAUTHA,33.35
23-09-2025,25.5,78.5,JHANSI,UTTAR PRADESH,D716,GARAUTHA,33.59
24-09-2025,25.5,78.5,JHANSI,UTTAR PRADESH,D716,GARAUTHA,33.56
25-09-2025,25.5,78.5,JHANSI,UTTAR PRADESH,D716,GARAUTHA,33.78
26-09-2025,25.5,78.5,JHANSI,UTTAR PRADESH,D716,GARAUTHA,34
27-09-2025,25.5,78.5,JHANSI,UTTAR PRADESH,D716,GARAUTHA,34.32
28-09-2025,25.5,78.5,JHANSI,UTTAR PRADESH,D716,GARAUTHA,34.43
29-09-2025,25.5,78.5,JHANSI,UTTAR PRADESH,D716,GARAUTHA,34.49
30-09-2025,25.5,78.5,JHANSI,UTTAR PRADESH,D716,GARAUTHA,34.54
01-10-2025,25.5,78.5,JHANSI,UTTAR PRADESH,D716,GARAUTHA,34.73
02-10-2025,25.5,78.5,JHANSI,UTTAR PRADESH,D716,GARAUTHA,34.55
03-10-2025,25.5,78.5,JHANSI,UTTAR PRADESH,D716,GARAUTHA,34.36
04-10-2025,25.5,78.5,JHANSI,UTTAR PRADESH,D716,GARAUTHA,34.22
05-10-2025,25.5,78.5,JHANSI,UTTAR PRADESH,D716,GARAUTHA,34.35
06-10-2025,25.5,78.5,JHANSI,UTTAR PRADESH,D716,GARAUTHA,34.18
07-10-2025,25.5,78.5,JHANSI,UTTAR PRADESH,D716,GARAUTHA,34.15
08-10-2025,25.5,78.5,JHANSI,UTTAR PRADESH,D716,GARAUTHA,34.26
09-10-2025,25.5,78.5,JHANSI,UTTAR PRADESH,D716,GARAUTHA,34.63
10-10-2025,25.5,78.5,JHANSI,UTTAR PRADESH,D716,GARAUTHA,34.73
11-10-2025,25.5,78.5,JHANSI,UTTAR PRADESH,D716,GARAUTHA,34.63
12-10-2025,25.5,78.5,JHANSI,UTTAR PRADESH,D716,GARAUTHA,34.52
13-10-2025,25.5,78.5,JHANSI,UTTAR PRADESH,D716,GARAUTHA,34.42
14-10-2025,25.5,78.5,JHANSI,UTTAR PRADESH,D716,GARAUTHA,34.4
15-10-2025,25.5,78.5,JHANSI,UTTAR PRADESH,D716,GARAUTHA,34.48
16-10-2025,25.5,78.5,JHANSI,UTTAR PRADESH,D716,GARAUTHA,34.27
17-10-2025,25.5,78.5,JHANSI,UTTAR PRADESH,D716,GARAUTHA,33.92
18-10-2025,25.5,78.5,JHANSI,UTTAR PRADESH,D716,GARAUTHA,33.83
19-10-2025,25.5,78.5,JHANSI,UTTAR PRADESH,D716,GARAUTHA,33.65
20-10-2025,25.5,78.5,JHANSI,UTTAR PRADESH,D716,GARAUTHA,33.49
21-10-2025,25.5,78.5,JHANSI,UTTAR PRADESH,D716,GARAUTHA,33.55
22-10-2025,25.5,78.5,JHANSI,UTTAR PRADESH,D716,GARAUTHA,33.61
23-10-2025,25.5,78.5,JHANSI,UTTAR PRADESH,D716,GARAUTHA,33.28
24-10-2025,25.5,78.5,JHANSI,UTTAR PRADESH,D716,GARAUTHA,32.98
25-10-2025,25.5,78.5,JHANSI,UTTAR PRADESH,D716,GARAUTHA,32.75
26-10-2025,25.5,78.5,JHANSI,UTTAR PRADESH,D716,GARAUTHA,32.48
27-10-2025,25.5,78.5,JHANSI,UTTAR PRADESH,D716,GARAUTHA,32.36
28-10-2025,25.5,78.5,JHANSI,UTTAR PRADESH,D716,GARAUTHA,32.21
29-10-2025,25.5,78.5,JHANSI,UTTAR PRADESH,D716,GARAUTHA,32.18
30-10-2025,25.5,78.5,JHANSI,UTTAR PRADESH,D716,GARAUTHA,32.04
31-10-2025,25.5,78.5,JHANSI,UTTAR PRADESH,D716,GARAUTHA,32.23
01-11-2025,25.5,78.5,JHANSI,UTTAR PRADESH,D716,GARAUTHA,32.37
02-11-2025,25.5,78.5,JHANSI,UTTAR PRADESH,D716,GARAUTHA,32.43
03-11-2025,25.5,78.5,JHANSI,UTTAR PRADESH,D716,GARAUTHA,32.1
04-11-2025,25.5,78.5,JHANSI,UTTAR PRADESH,D716,GARAUTHA,32.27
05-11-2025,25.5,78.5,JHANSI,UTTAR PRADESH,D716,GARAUTHA,32.06
06-11-2025,25.5,78.5,JHANSI,UTTAR PRADESH,D716,GARAUTHA,31.71
07-11-2025,25.5,78.5,JHANSI,UTTAR PRADESH,D716,GARAUTHA,31.49
08-11-2025,25.5,78.5,JHANSI,UTTAR PRADESH,D716,GARAUTHA,31.38
09-11-2025,25.5,78.5,JHANSI,UTTAR PRADESH,D716,GARAUTHA,31.18
10-11-2025,25.5,78.5,JHANSI,UTTAR PRADESH,D716,GARAUTHA,30.98
11-11-2025,25.5,78.5,JHANSI,UTTAR PRADESH,D716,GARAUTHA,30.77
12-11-2025,25.5,78.5,JHANSI,UTTAR PRADESH,D716,GARAUTHA,30.71
13-11-2025,25.5,78.5,JHANSI,UTTAR PRADESH,D716,GARAUTHA,30.39
14-11-2025,25.5,78.5,JHANSI,UTTAR PRADESH,D716,GARAUTHA,30.52
15-11-2025,25.5,78.5,JHANSI,UTTAR PRADESH,D716,GARAUTHA,30.27
16-11-2025,25.5,78.5,JHANSI,UTTAR PRADESH,D716,GARAUTHA,29.8
17-11-2025,25.5,78.5,JHANSI,UTTAR PRADESH,D716,GARAUTHA,29.49
18-11-2025,25.5,78.5,JHANSI,UTTAR PRADESH,D716,GARAUTHA,29.26
19-11-2025,25.5,78.5,JHANSI,UTTAR PRADESH,D716,GARAUTHA,29
20-11-2025,25.5,78.5,JHANSI,UTTAR PRADESH,D716,GARAUTHA,28.91
21-11-2025,25.5,78.5,JHANSI,UTTAR PRADESH,D716,GARAUTHA,28.84
22-11-2025,25.5,78.5,JHANSI,UTTAR PRADESH,D716,GARAUTHA,28.64
23-11-2025,25.5,78.5,JHANSI,UTTAR PRADESH,D716,GARAUTHA,28.62
24-11-2025,25.5,78.5,JHANSI,UTTAR PRADESH,D716,GARAUTHA,28.81
25-11-2025,25.5,78.5,JHANSI,UTTAR PRADESH,D716,GARAUTHA,28.66
26-11-2025,25.5,78.5,JHANSI,UTTAR PRADESH,D716,GARAUTHA,28.48
27-11-2025,25.5,78.5,JHANSI,UTTAR PRADESH,D716,GARAUTHA,28.4
28-11-2025,25.5,78.5,JHANSI,UTTAR PRADESH,D716,GARAUTHA,28.09
29-11-2025,25.5,78.5,JHANSI,UTTAR PRADESH,D716,GARAUTHA,27.76
30-11-2025,25.5,78.5,JHANSI,UTTAR PRADESH,D716,GARAUTHA,27.33
01-12-2025,25.5,78.5,JHANSI,UTTAR PRADESH,D716,GARAUTHA,26.96
02-12-2025,25.5,78.5,JHANSI,UTTAR PRADESH,D716,GARAUTHA,26.68
03-12-2025,25.5,78.5,JHANSI,UTTAR PRADESH,D716,GARAUTHA,26.84
04-12-2025,25.5,78.5,JHANSI,UTTAR PRADESH,D716,GARAUTHA,26.87
05-12-2025,25.5,78.5,JHANSI,UTTAR PRADESH,D716,GARAUTHA,27
06-12-2025,25.5,78.5,JHANSI,UTTAR PRADESH,D716,GARAUTHA,26.98
07-12-2025,25.5,78.5,JHANSI,UTTAR PRADESH,D716,GARAUTHA,26.74
08-12-2025,25.5,78.5,JHANSI,UTTAR PRADESH,D716,GARAUTHA,26.55
09-12-2025,25.5,78.5,JHANSI,UTTAR PRADESH,D716,GARAUTHA,26.56
10-12-2025,25.5,78.5,JHANSI,UTTAR PRADESH,D716,GARAUTHA,26.37
11-12-2025,25.5,78.5,JHANSI,UTTAR PRADESH,D716,GARAUTHA,26.16
12-12-2025,25.5,78.5,JHANSI,UTTAR PRADESH,D716,GARAUTHA,25.48
13-12-2025,25.5,78.5,JHANSI,UTTAR PRADESH,D716,GARAUTHA,25
14-12-2025,25.5,78.5,JHANSI,UTTAR PRADESH,D716,GARAUTHA,24.72
15-12-2025,25.5,78.5,JHANSI,UTTAR PRADESH,D716,GARAUTHA,24.83
16-12-2025,25.5,78.5,JHANSI,UTTAR PRADESH,D716,GARAUTHA,24.9
17-12-2025,25.5,78.5,JHANSI,UTTAR PRADESH,D716,GARAUTHA,24.58
18-12-2025,25.5,78.5,JHANSI,UTTAR PRADESH,D716,GARAUTHA,24.39
19-12-2025,25.5,78.5,JHANSI,UTTAR PRADESH,D716,GARAUTHA,24.35
20-12-2025,25.5,78.5,JHANSI,UTTAR PRADESH,D716,GARAUTHA,24.24
21-12-2025,25.5,78.5,JHANSI,UTTAR PRADESH,D716,GARAUTHA,24.06
22-12-2025,25.5,78.5,JHANSI,UTTAR PRADESH,D716,GARAUTHA,24.04
23-12-2025,25.5,78.5,JHANSI,UTTAR PRADESH,D716,GARAUTHA,23.81
24-12-2025,25.5,78.5,JHANSI,UTTAR PRADESH,D716,GARAUTHA,23.55
25-12-2025,25.5,78.5,JHANSI,UTTAR PRADESH,D716,GARAUTHA,23.23
26-12-2025,25.5,78.5,JHANSI,UTTAR PRADESH,D716,GARAUTHA,23.13
27-12-2025,25.5,78.5,JHANSI,UTTAR PRADESH,D716,GARAUTHA,23.38
28-12-2025,25.5,78.5,JHANSI,UTTAR PRADESH,D716,GARAUTHA,22.54
29-12-2025,25.5,78.5,JHANSI,UTTAR PRADESH,D716,GARAUTHA,22.72
30-12-2025,25.5,78.5,JHANSI,UTTAR PRADESH,D716,GARAUTHA,22.57
31-12-2025,25.5,78.5,JHANSI,UTTAR PRADESH,D716,GARAUTHA,21.61
01-01-2025,25.5,81.5,KAUSHAMBI,UTTAR PRADESH,D721,CHAIL,20.84
02-01-2025,25.5,81.5,KAUSHAMBI,UTTAR PRADESH,D721,CHAIL,20.7
03-01-2025,25.5,81.5,KAUSHAMBI,UTTAR PRADESH,D721,CHAIL,20.85
04-01-2025,25.5,81.5,KAUSHAMBI,UTTAR PRADESH,D721,CHAIL,21.08
05-01-2025,25.5,81.5,KAUSHAMBI,UTTAR PRADESH,D721,CHAIL,20.74
06-01-2025,25.5,81.5,KAUSHAMBI,UTTAR PRADESH,D721,CHAIL,21.26
07-01-2025,25.5,81.5,KAUSHAMBI,UTTAR PRADESH,D721,CHAIL,20.96
08-01-2025,25.5,81.5,KAUSHAMBI,UTTAR PRADESH,D721,CHAIL,21.03
09-01-2025,25.5,81.5,KAUSHAMBI,UTTAR PRADESH,D721,CHAIL,20.93
10-01-2025,25.5,81.5,KAUSHAMBI,UTTAR PRADESH,D721,CHAIL,21.49
11-01-2025,25.5,81.5,KAUSHAMBI,UTTAR PRADESH,D721,CHAIL,21.53
12-01-2025,25.5,81.5,KAUSHAMBI,UTTAR PRADESH,D721,CHAIL,21.56
13-01-2025,25.5,81.5,KAUSHAMBI,UTTAR PRADESH,D721,CHAIL,21.98
14-01-2025,25.5,81.5,KAUSHAMBI,UTTAR PRADESH,D721,CHAIL,22.17
15-01-2025,25.5,81.5,KAUSHAMBI,UTTAR PRADESH,D721,CHAIL,21.98
16-01-2025,25.5,81.5,KAUSHAMBI,UTTAR PRADESH,D721,CHAIL,21.48
17-01-2025,25.5,81.5,KAUSHAMBI,UTTAR PRADESH,D721,CHAIL,21.46
18-01-2025,25.5,81.5,KAUSHAMBI,UTTAR PRADESH,D721,CHAIL,21.55
19-01-2025,25.5,81.5,KAUSHAMBI,UTTAR PRADESH,D721,CHAIL,21.37
20-01-2025,25.5,81.5,KAUSHAMBI,UTTAR PRADESH,D721,CHAIL,21.76
21-01-2025,25.5,81.5,KAUSHAMBI,UTTAR PRADESH,D721,CHAIL,21.85
22-01-2025,25.5,81.5,KAUSHAMBI,UTTAR PRADESH,D721,CHAIL,22.12
23-01-2025,25.5,81.5,KAUSHAMBI,UTTAR PRADESH,D721,CHAIL,22.75
24-01-2025,25.5,81.5,KAUSHAMBI,UTTAR PRADESH,D721,CHAIL,22.8
25-01-2025,25.5,81.5,KAUSHAMBI,UTTAR PRADESH,D721,CHAIL,22.65
26-01-2025,25.5,81.5,KAUSHAMBI,UTTAR PRADESH,D721,CHAIL,22.97
27-01-2025,25.5,81.5,KAUSHAMBI,UTTAR PRADESH,D721,CHAIL,23.42
28-01-2025,25.5,81.5,KAUSHAMBI,UTTAR PRADESH,D721,CHAIL,23.37
29-01-2025,25.5,81.5,KAUSHAMBI,UTTAR PRADESH,D721,CHAIL,23.42
30-01-2025,25.5,81.5,KAUSHAMBI,UTTAR PRADESH,D721,CHAIL,24.22
31-01-2025,25.5,81.5,KAUSHAMBI,UTTAR PRADESH,D721,CHAIL,24.34
01-02-2025,25.5,81.5,KAUSHAMBI,UTTAR PRADESH,D721,CHAIL,24.33
02-02-2025,25.5,81.5,KAUSHAMBI,UTTAR PRADESH,D721,CHAIL,24.37
03-02-2025,25.5,81.5,KAUSHAMBI,UTTAR PRADESH,D721,CHAIL,25.01
04-02-2025,25.5,81.5,KAUSHAMBI,UTTAR PRADESH,D721,CHAIL,24.86
05-02-2025,25.5,81.5,KAUSHAMBI,UTTAR PRADESH,D721,CHAIL,25.06
06-02-2025,25.5,81.5,KAUSHAMBI,UTTAR PRADESH,D721,CHAIL,25.37
07-02-2025,25.5,81.5,KAUSHAMBI,UTTAR PRADESH,D721,CHAIL,25.19
08-02-2025,25.5,81.5,KAUSHAMBI,UTTAR PRADESH,D721,CHAIL,24.89
09-02-2025,25.5,81.5,KAUSHAMBI,UTTAR PRADESH,D721,CHAIL,25.33
10-02-2025,25.5,81.5,KAUSHAMBI,UTTAR PRADESH,D721,CHAIL,25.38
11-02-2025,25.5,81.5,KAUSHAMBI,UTTAR PRADESH,D721,CHAIL,25.53
12-02-2025,25.5,81.5,KAUSHAMBI,UTTAR PRADESH,D721,CHAIL,25.97
13-02-2025,25.5,81.5,KAUSHAMBI,UTTAR PRADESH,D721,CHAIL,26.1
14-02-2025,25.5,81.5,KAUSHAMBI,UTTAR PRADESH,D721,CHAIL,26.71
15-02-2025,25.5,81.5,KAUSHAMBI,UTTAR PRADESH,D721,CHAIL,26.97
16-02-2025,25.5,81.5,KAUSHAMBI,UTTAR PRADESH,D721,CHAIL,26.68
17-02-2025,25.5,81.5,KAUSHAMBI,UTTAR PRADESH,D721,CHAIL,27.45
18-02-2025,25.5,81.5,KAUSHAMBI,UTTAR PRADESH,D721,CHAIL,27.99
19-02-2025,25.5,81.5,KAUSHAMBI,UTTAR PRADESH,D721,CHAIL,28.61
20-02-2025,25.5,81.5,KAUSHAMBI,UTTAR PRADESH,D721,CHAIL,28.67
21-02-2025,25.5,81.5,KAUSHAMBI,UTTAR PRADESH,D721,CHAIL,28.8
22-02-2025,25.5,81.5,KAUSHAMBI,UTTAR PRADESH,D721,CHAIL,28.55
23-02-2025,25.5,81.5,KAUSHAMBI,UTTAR PRADESH,D721,CHAIL,29.02
24-02-2025,25.5,81.5,KAUSHAMBI,UTTAR PRADESH,D721,CHAIL,29.39
25-02-2025,25.5,81.5,KAUSHAMBI,UTTAR PRADESH,D721,CHAIL,29.05
26-02-2025,25.5,81.5,KAUSHAMBI,UTTAR PRADESH,D721,CHAIL,29
27-02-2025,25.5,81.5,KAUSHAMBI,UTTAR PRADESH,D721,CHAIL,29.33
28-02-2025,25.5,81.5,KAUSHAMBI,UTTAR PRADESH,D721,CHAIL,29.73
29-02-2025,25.5,81.5,KAUSHAMBI,UTTAR PRADESH,D721,CHAIL,30.16
01-03-2025,25.5,81.5,KAUSHAMBI,UTTAR PRADESH,D721,CHAIL,29.49
02-03-2025,25.5,81.5,KAUSHAMBI,UTTAR PRADESH,D721,CHAIL,29.89
03-03-2025,25.5,81.5,KAUSHAMBI,UTTAR PRADESH,D721,CHAIL,30.27
04-03-2025,25.5,81.5,KAUSHAMBI,UTTAR PRADESH,D721,CHAIL,30.59
05-03-2025,25.5,81.5,KAUSHAMBI,UTTAR PRADESH,D721,CHAIL,30.39
06-03-2025,25.5,81.5,KAUSHAMBI,UTTAR PRADESH,D721,CHAIL,30.4
07-03-2025,25.5,81.5,KAUSHAMBI,UTTAR PRADESH,D721,CHAIL,30.84
08-03-2025,25.5,81.5,KAUSHAMBI,UTTAR PRADESH,D721,CHAIL,30.74
09-03-2025,25.5,81.5,KAUSHAMBI,UTTAR PRADESH,D721,CHAIL,31.19
10-03-2025,25.5,81.5,KAUSHAMBI,UTTAR PRADESH,D721,CHAIL,30.97
11-03-2025,25.5,81.5,KAUSHAMBI,UTTAR PRADESH,D721,CHAIL,31.74
12-03-2025,25.5,81.5,KAUSHAMBI,UTTAR PRADESH,D721,CHAIL,31.58
13-03-2025,25.5,81.5,KAUSHAMBI,UTTAR PRADESH,D721,CHAIL,31.45
14-03-2025,25.5,81.5,KAUSHAMBI,UTTAR PRADESH,D721,CHAIL,31.67
15-03-2025,25.5,81.5,KAUSHAMBI,UTTAR PRADESH,D721,CHAIL,31.63
16-03-2025,25.5,81.5,KAUSHAMBI,UTTAR PRADESH,D721,CHAIL,32.44
17-03-2025,25.5,81.5,KAUSHAMBI,UTTAR PRADESH,D721,CHAIL,32.94
18-03-2025,25.5,81.5,KAUSHAMBI,UTTAR PRADESH,D721,CHAIL,33.49
19-03-2025,25.5,81.5,KAUSHAMBI,UTTAR PRADESH,D721,CHAIL,33.53
20-03-2025,25.5,81.5,KAUSHAMBI,UTTAR PRADESH,D721,CHAIL,34.07
21-03-2025,25.5,81.5,KAUSHAMBI,UTTAR PRADESH,D721,CHAIL,34.36
22-03-2025,25.5,81.5,KAUSHAMBI,UTTAR PRADESH,D721,CHAIL,34.67
23-03-2025,25.5,81.5,KAUSHAMBI,UTTAR PRADESH,D721,CHAIL,35.1
24-03-2025,25.5,81.5,KAUSHAMBI,UTTAR PRADESH,D721,CHAIL,35.33
25-03-2025,25.5,81.5,KAUSHAMBI,UTTAR PRADESH,D721,CHAIL,35.78
26-03-2025,25.5,81.5,KAUSHAMBI,UTTAR PRADESH,D721,CHAIL,35.84
27-03-2025,25.5,81.5,KAUSHAMBI,UTTAR PRADESH,D721,CHAIL,35.7
28-03-2025,25.5,81.5,KAUSHAMBI,UTTAR PRADESH,D721,CHAIL,36.25
29-03-2025,25.5,81.5,KAUSHAMBI,UTTAR PRADESH,D721,CHAIL,36.72
30-03-2025,25.5,81.5,KAUSHAMBI,UTTAR PRADESH,D721,CHAIL,36.59
31-03-2025,25.5,81.5,KAUSHAMBI,UTTAR PRADESH,D721,CHAIL,36.7
01-04-2025,25.5,81.5,KAUSHAMBI,UTTAR PRADESH,D721,CHAIL,36.93
02-04-2025,25.5,81.5,KAUSHAMBI,UTTAR PRADESH,D721,CHAIL,37.12
03-04-2025,25.5,81.5,KAUSHAMBI,UTTAR PRADESH,D721,CHAIL,37.35
04-04-2025,25.5,81.5,KAUSHAMBI,UTTAR PRADESH,D721,CHAIL,37.63
05-04-2025,25.5,81.5,KAUSHAMBI,UTTAR PRADESH,D721,CHAIL,37.62
06-04-2025,25.5,81.5,KAUSHAMBI,UTTAR PRADESH,D721,CHAIL,38.21
07-04-2025,25.5,81.5,KAUSHAMBI,UTTAR PRADESH,D721,CHAIL,38.53
08-04-2025,25.5,81.5,KAUSHAMBI,UTTAR PRADESH,D721,CHAIL,38.2
09-04-2025,25.5,81.5,KAUSHAMBI,UTTAR PRADESH,D721,CHAIL,38.67
10-04-2025,25.5,81.5,KAUSHAMBI,UTTAR PRADESH,D721,CHAIL,38.49
11-04-2025,25.5,81.5,KAUSHAMBI,UTTAR PRADESH,D721,CHAIL,38.88
12-04-2025,25.5,81.5,KAUSHAMBI,UTTAR PRADESH,D721,CHAIL,38.9
13-04-2025,25.5,81.5,KAUSHAMBI,UTTAR PRADESH,D721,CHAIL,39.02
14-04-2025,25.5,81.5,KAUSHAMBI,UTTAR PRADESH,D721,CHAIL,39.13
15-04-2025,25.5,81.5,KAUSHAMBI,UTTAR PRADESH,D721,CHAIL,39.47
16-04-2025,25.5,81.5,KAUSHAMBI,UTTAR PRADESH,D721,CHAIL,39.64
17-04-2025,25.5,81.5,KAUSHAMBI,UTTAR PRADESH,D721,CHAIL,39.36
18-04-2025,25.5,81.5,KAUSHAMBI,UTTAR PRADESH,D721,CHAIL,38.95
19-04-2025,25.5,81.5,KAUSHAMBI,UTTAR PRADESH,D721,CHAIL,39.39
20-04-2025,25.5,81.5,KAUSHAMBI,UTTAR PRADESH,D721,CHAIL,39.72
21-04-2025,25.5,81.5,KAUSHAMBI,UTTAR PRADESH,D721,CHAIL,39.21
22-04-2025,25.5,81.5,KAUSHAMBI,UTTAR PRADESH,D721,CHAIL,39.55
23-04-2025,25.5,81.5,KAUSHAMBI,UTTAR PRADESH,D721,CHAIL,39.56
24-04-2025,25.5,81.5,KAUSHAMBI,UTTAR PRADESH,D721,CHAIL,39.84
25-04-2025,25.5,81.5,KAUSHAMBI,UTTAR PRADESH,D721,CHAIL,40.09
26-04-2025,25.5,81.5,KAUSHAMBI,UTTAR PRADESH,D721,CHAIL,40.12
27-04-2025,25.5,81.5,KAUSHAMBI,UTTAR PRADESH,D721,CHAIL,40.29
28-04-2025,25.5,81.5,KAUSHAMBI,UTTAR PRADESH,D721,CHAIL,40.45
29-04-2025,25.5,81.5,KAUSHAMBI,UTTAR PRADESH,D721,CHAIL,40.87
30-04-2025,25.5,81.5,KAUSHAMBI,UTTAR PRADESH,D721,CHAIL,40.56
01-05-2025,25.5,81.5,KAUSHAMBI,UTTAR PRADESH,D721,CHAIL,40.4
02-05-2025,25.5,81.5,KAUSHAMBI,UTTAR PRADESH,D721,CHAIL,40.19
03-05-2025,25.5,81.5,KAUSHAMBI,UTTAR PRADESH,D721,CHAIL,39.78
04-05-2025,25.5,81.5,KAUSHAMBI,UTTAR PRADESH,D721,CHAIL,39.86
05-05-2025,25.5,81.5,KAUSHAMBI,UTTAR PRADESH,D721,CHAIL,39.74
06-05-2025,25.5,81.5,KAUSHAMBI,UTTAR PRADESH,D721,CHAIL,40.24
07-05-2025,25.5,81.5,KAUSHAMBI,UTTAR PRADESH,D721,CHAIL,40.31
08-05-2025,25.5,81.5,KAUSHAMBI,UTTAR PRADESH,D721,CHAIL,40.5
09-05-2025,25.5,81.5,KAUSHAMBI,UTTAR PRADESH,D721,CHAIL,40.7
10-05-2025,25.5,81.5,KAUSHAMBI,UTTAR PRADESH,D721,CHAIL,40.76
11-05-2025,25.5,81.5,KAUSHAMBI,UTTAR PRADESH,D721,CHAIL,40.5
12-05-2025,25.5,81.5,KAUSHAMBI,UTTAR PRADESH,D721,CHAIL,40.49
13-05-2025,25.5,81.5,KAUSHAMBI,UTTAR PRADESH,D721,CHAIL,40.47
14-05-2025,25.5,81.5,KAUSHAMBI,UTTAR PRADESH,D721,CHAIL,40.84
15-05-2025,25.5,81.5,KAUSHAMBI,UTTAR PRADESH,D721,CHAIL,40.66
16-05-2025,25.5,81.5,KAUSHAMBI,UTTAR PRADESH,D721,CHAIL,41.05
17-05-2025,25.5,81.5,KAUSHAMBI,UTTAR PRADESH,D721,CHAIL,41.27
18-05-2025,25.5,81.5,KAUSHAMBI,UTTAR PRADESH,D721,CHAIL,41.19
19-05-2025,25.5,81.5,KAUSHAMBI,UTTAR PRADESH,D721,CHAIL,40.8
20-05-2025,25.5,81.5,KAUSHAMBI,UTTAR PRADESH,D721,CHAIL,40.82
21-05-2025,25.5,81.5,KAUSHAMBI,UTTAR PRADESH,D721,CHAIL,41.09
22-05-2025,25.5,81.5,KAUSHAMBI,UTTAR PRADESH,D721,CHAIL,40.84
23-05-2025,25.5,81.5,KAUSHAMBI,UTTAR PRADESH,D721,CHAIL,40.92
24-05-2025,25.5,81.5,KAUSHAMBI,UTTAR PRADESH,D721,CHAIL,40.86
25-05-2025,25.5,81.5,KAUSHAMBI,UTTAR PRADESH,D721,CHAIL,40.92
26-05-2025,25.5,81.5,KAUSHAMBI,UTTAR PRADESH,D721,CHAIL,41.17
27-05-2025,25.5,81.5,KAUSHAMBI,UTTAR PRADESH,D721,CHAIL,41.01
28-05-2025,25.5,81.5,KAUSHAMBI,UTTAR PRADESH,D721,CHAIL,40.78
29-05-2025,25.5,81.5,KAUSHAMBI,UTTAR PRADESH,D721,CHAIL,41.09
30-05-2025,25.5,81.5,KAUSHAMBI,UTTAR PRADESH,D721,CHAIL,41.21
31-05-2025,25.5,81.5,KAUSHAMBI,UTTAR PRADESH,D721,CHAIL,41.18
01-06-2025,25.5,81.5,KAUSHAMBI,UTTAR PRADESH,D721,CHAIL,41.23
02-06-2025,25.5,81.5,KAUSHAMBI,UTTAR PRADESH,D721,CHAIL,41.13
03-06-2025,25.5,81.5,KAUSHAMBI,UTTAR PRADESH,D721,CHAIL,41.26
04-06-2025,25.5,81.5,KAUSHAMBI,UTTAR PRADESH,D721,CHAIL,41
05-06-2025,25.5,81.5,KAUSHAMBI,UTTAR PRADESH,D721,CHAIL,40.95
06-06-2025,25.5,81.5,KAUSHAMBI,UTTAR PRADESH,D721,CHAIL,40.69
07-06-2025,25.5,81.5,KAUSHAMBI,UTTAR PRADESH,D721,CHAIL,40.56
08-06-2025,25.5,81.5,KAUSHAMBI,UTTAR PRADESH,D721,CHAIL,40.97
09-06-2025,25.5,81.5,KAUSHAMBI,UTTAR PRADESH,D721,CHAIL,40.8
10-06-2025,25.5,81.5,KAUSHAMBI,UTTAR PRADESH,D721,CHAIL,40.77
11-06-2025,25.5,81.5,KAUSHAMBI,UTTAR PRADESH,D721,CHAIL,40.73
12-06-2025,25.5,81.5,KAUSHAMBI,UTTAR PRADESH,D721,CHAIL,40.38
13-06-2025,25.5,81.5,KAUSHAMBI,UTTAR PRADESH,D721,CHAIL,40.17
14-06-2025,25.5,81.5,KAUSHAMBI,UTTAR PRADESH,D721,CHAIL,39.92
15-06-2025,25.5,81.5,KAUSHAMBI,UTTAR PRADESH,D721,CHAIL,39.39
16-06-2025,25.5,81.5,KAUSHAMBI,UTTAR PRADESH,D721,CHAIL,38.45
17-06-2025,25.5,81.5,KAUSHAMBI,UTTAR PRADESH,D721,CHAIL,38.11
18-06-2025,25.5,81.5,KAUSHAMBI,UTTAR PRADESH,D721,CHAIL,37.79
19-06-2025,25.5,81.5,KAUSHAMBI,UTTAR PRADESH,D721,CHAIL,37.69
20-06-2025,25.5,81.5,KAUSHAMBI,UTTAR PRADESH,D721,CHAIL,37.33
21-06-2025,25.5,81.5,KAUSHAMBI,UTTAR PRADESH,D721,CHAIL,37.43
22-06-2025,25.5,81.5,KAUSHAMBI,UTTAR PRADESH,D721,CHAIL,37.05
23-06-2025,25.5,81.5,KAUSHAMBI,UTTAR PRADESH,D721,CHAIL,36.54
24-06-2025,25.5,81.5,KAUSHAMBI,UTTAR PRADESH,D721,CHAIL,36.85
25-06-2025,25.5,81.5,KAUSHAMBI,UTTAR PRADESH,D721,CHAIL,36.86
26-06-2025,25.5,81.5,KAUSHAMBI,UTTAR PRADESH,D721,CHAIL,36.39
27-06-2025,25.5,81.5,KAUSHAMBI,UTTAR PRADESH,D721,CHAIL,35.81
28-06-2025,25.5,81.5,KAUSHAMBI,UTTAR PRADESH,D721,CHAIL,35.35
29-06-2025,25.5,81.5,KAUSHAMBI,UTTAR PRADESH,D721,CHAIL,34.9
30-06-2025,25.5,81.5,KAUSHAMBI,UTTAR PRADESH,D721,CHAIL,34.64
01-07-2025,25.5,81.5,KAUSHAMBI,UTTAR PRADESH,D721,CHAIL,35.21
02-07-2025,25.5,81.5,KAUSHAMBI,UTTAR PRADESH,D721,CHAIL,35.46
03-07-2025,25.5,81.5,KAUSHAMBI,UTTAR PRADESH,D721,CHAIL,35.37
04-07-2025,25.5,81.5,KAUSHAMBI,UTTAR PRADESH,D721,CHAIL,35.32
05-07-2025,25.5,81.5,KAUSHAMBI,UTTAR PRADESH,D721,CHAIL,34.69
06-07-2025,25.5,81.5,KAUSHAMBI,UTTAR PRADESH,D721,CHAIL,34.64
07-07-2025,25.5,81.5,KAUSHAMBI,UTTAR PRADESH,D721,CHAIL,34.67
08-07-2025,25.5,81.5,KAUSHAMBI,UTTAR PRADESH,D721,CHAIL,34.77
09-07-2025,25.5,81.5,KAUSHAMBI,UTTAR PRADESH,D721,CHAIL,34.53
10-07-2025,25.5,81.5,KAUSHAMBI,UTTAR PRADESH,D721,CHAIL,34.46
11-07-2025,25.5,81.5,KAUSHAMBI,UTTAR PRADESH,D721,CHAIL,33.76
12-07-2025,25.5,81.5,KAUSHAMBI,UTTAR PRADESH,D721,CHAIL,33.85
13-07-2025,25.5,81.5,KAUSHAMBI,UTTAR PRADESH,D721,CHAIL,34.06
14-07-2025,25.5,81.5,KAUSHAMBI,UTTAR PRADESH,D721,CHAIL,34.03
15-07-2025,25.5,81.5,KAUSHAMBI,UTTAR PRADESH,D721,CHAIL,33.73
16-07-2025,25.5,81.5,KAUSHAMBI,UTTAR PRADESH,D721,CHAIL,33.52
17-07-2025,25.5,81.5,KAUSHAMBI,UTTAR PRADESH,D721,CHAIL,33.64
18-07-2025,25.5,81.5,KAUSHAMBI,UTTAR PRADESH,D721,CHAIL,33.8
19-07-2025,25.5,81.5,KAUSHAMBI,UTTAR PRADESH,D721,CHAIL,33.98
20-07-2025,25.5,81.5,KAUSHAMBI,UTTAR PRADESH,D721,CHAIL,33.72
21-07-2025,25.5,81.5,KAUSHAMBI,UTTAR PRADESH,D721,CHAIL,33.4
22-07-2025,25.5,81.5,KAUSHAMBI,UTTAR PRADESH,D721,CHAIL,33.49
23-07-2025,25.5,81.5,KAUSHAMBI,UTTAR PRADESH,D721,CHAIL,33.53
24-07-2025,25.5,81.5,KAUSHAMBI,UTTAR PRADESH,D721,CHAIL,33.08
25-07-2025,25.5,81.5,KAUSHAMBI,UTTAR PRADESH,D721,CHAIL,33.14
26-07-2025,25.5,81.5,KAUSHAMBI,UTTAR PRADESH,D721,CHAIL,32.95
27-07-2025,25.5,81.5,KAUSHAMBI,UTTAR PRADESH,D721,CHAIL,32.77
28-07-2025,25.5,81.5,KAUSHAMBI,UTTAR PRADESH,D721,CHAIL,33
29-07-2025,25.5,81.5,KAUSHAMBI,UTTAR PRADESH,D721,CHAIL,32.95
30-07-2025,25.5,81.5,KAUSHAMBI,UTTAR PRADESH,D721,CHAIL,33.11
31-07-2025,25.5,81.5,KAUSHAMBI,UTTAR PRADESH,D721,CHAIL,33.01
01-08-2025,25.5,81.5,KAUSHAMBI,UTTAR PRADESH,D721,CHAIL,33.15
02-08-2025,25.5,81.5,KAUSHAMBI,UTTAR PRADESH,D721,CHAIL,32.78
03-08-2025,25.5,81.5,KAUSHAMBI,UTTAR PRADESH,D721,CHAIL,32.64
04-08-2025,25.5,81.5,KAUSHAMBI,UTTAR PRADESH,D721,CHAIL,32.96
05-08-2025,25.5,81.5,KAUSHAMBI,UTTAR PRADESH,D721,CHAIL,33.02
06-08-2025,25.5,81.5,KAUSHAMBI,UTTAR PRADESH,D721,CHAIL,32.89
07-08-2025,25.5,81.5,KAUSHAMBI,UTTAR PRADESH,D721,CHAIL,33
08-08-2025,25.5,81.5,KAUSHAMBI,UTTAR PRADESH,D721,CHAIL,32.87
09-08-2025,25.5,81.5,KAUSHAMBI,UTTAR PRADESH,D721,CHAIL,32.89
10-08-2025,25.5,81.5,KAUSHAMBI,UTTAR PRADESH,D721,CHAIL,32.99
11-08-2025,25.5,81.5,KAUSHAMBI,UTTAR PRADESH,D721,CHAIL,32.74
12-08-2025,25.5,81.5,KAUSHAMBI,UTTAR PRADESH,D721,CHAIL,32.61
13-08-2025,25.5,81.5,KAUSHAMBI,UTTAR PRADESH,D721,CHAIL,32.38
14-08-2025,25.5,81.5,KAUSHAMBI,UTTAR PRADESH,D721,CHAIL,32.31
15-08-2025,25.5,81.5,KAUSHAMBI,UTTAR PRADESH,D721,CHAIL,32.21
16-08-2025,25.5,81.5,KAUSHAMBI,UTTAR PRADESH,D721,CHAIL,32.89
17-08-2025,25.5,81.5,KAUSHAMBI,UTTAR PRADESH,D721,CHAIL,32.88
18-08-2025,25.5,81.5,KAUSHAMBI,UTTAR PRADESH,D721,CHAIL,32.57
19-08-2025,25.5,81.5,KAUSHAMBI,UTTAR PRADESH,D721,CHAIL,32.32
20-08-2025,25.5,81.5,KAUSHAMBI,UTTAR PRADESH,D721,CHAIL,32.63
21-08-2025,25.5,81.5,KAUSHAMBI,UTTAR PRADESH,D721,CHAIL,32.52
22-08-2025,25.5,81.5,KAUSHAMBI,UTTAR PRADESH,D721,CHAIL,32.47
23-08-2025,25.5,81.5,KAUSHAMBI,UTTAR PRADESH,D721,CHAIL,32.62
24-08-2025,25.5,81.5,KAUSHAMBI,UTTAR PRADESH,D721,CHAIL,32.93
25-08-2025,25.5,81.5,KAUSHAMBI,UTTAR PRADESH,D721,CHAIL,33.25
26-08-2025,25.5,81.5,KAUSHAMBI,UTTAR PRADESH,D721,CHAIL,33.51
27-08-2025,25.5,81.5,KAUSHAMBI,UTTAR PRADESH,D721,CHAIL,33.31
28-08-2025,25.5,81.5,KAUSHAMBI,UTTAR PRADESH,D721,CHAIL,33.35
29-08-2025,25.5,81.5,KAUSHAMBI,UTTAR PRADESH,D721,CHAIL,33.38
30-08-2025,25.5,81.5,KAUSHAMBI,UTTAR PRADESH,D721,CHAIL,33.74
31-08-2025,25.5,81.5,KAUSHAMBI,UTTAR PRADESH,D721,CHAIL,33.63
01-09-2025,25.5,81.5,KAUSHAMBI,UTTAR PRADESH,D721,CHAIL,33.03
02-09-2025,25.5,81.5,KAUSHAMBI,UTTAR PRADESH,D721,CHAIL,32.68
03-09-2025,25.5,81.5,KAUSHAMBI,UTTAR PRADESH,D721,CHAIL,33.23
04-09-2025,25.5,81.5,KAUSHAMBI,UTTAR PRADESH,D721,CHAIL,33.26
05-09-2025,25.5,81.5,KAUSHAMBI,UTTAR PRADESH,D721,CHAIL,33.22
06-09-2025,25.5,81.5,KAUSHAMBI,UTTAR PRADESH,D721,CHAIL,33.22
07-09-2025,25.5,81.5,KAUSHAMBI,UTTAR PRADESH,D721,CHAIL,33.27
08-09-2025,25.5,81.5,KAUSHAMBI,UTTAR PRADESH,D721,CHAIL,33.28
09-09-2025,25.5,81.5,KAUSHAMBI,UTTAR PRADESH,D721,CHAIL,33.37
10-09-2025,25.5,81.5,KAUSHAMBI,UTTAR PRADESH,D721,CHAIL,33.37
11-09-2025,25.5,81.5,KAUSHAMBI,UTTAR PRADESH,D721,CHAIL,33.06
12-09-2025,25.5,81.5,KAUSHAMBI,UTTAR PRADESH,D721,CHAIL,33.19
13-09-2025,25.5,81.5,KAUSHAMBI,UTTAR PRADESH,D721,CHAIL,33.07
14-09-2025,25.5,81.5,KAUSHAMBI,UTTAR PRADESH,D721,CHAIL,33.11
15-09-2025,25.5,81.5,KAUSHAMBI,UTTAR PRADESH,D721,CHAIL,32.62
16-09-2025,25.5,81.5,KAUSHAMBI,UTTAR PRADESH,D721,CHAIL,32.68
17-09-2025,25.5,81.5,KAUSHAMBI,UTTAR PRADESH,D721,CHAIL,32.89
18-09-2025,25.5,81.5,KAUSHAMBI,UTTAR PRADESH,D721,CHAIL,33.29
19-09-2025,25.5,81.5,KAUSHAMBI,UTTAR PRADESH,D721,CHAIL,33.45
20-09-2025,25.5,81.5,KAUSHAMBI,UTTAR PRADESH,D721,CHAIL,33.55
21-09-2025,25.5,81.5,KAUSHAMBI,UTTAR PRADESH,D721,CHAIL,33.17
22-09-2025,25.5,81.5,KAUSHAMBI,UTTAR PRADESH,D721,CHAIL,33.09
23-09-2025,25.5,81.5,KAUSHAMBI,UTTAR PRADESH,D721,CHAIL,33.13
24-09-2025,25.5,81.5,KAUSHAMBI,UTTAR PRADESH,D721,CHAIL,32.95
25-09-2025,25.5,81.5,KAUSHAMBI,UTTAR PRADESH,D721,CHAIL,32.82
26-09-2025,25.5,81.5,KAUSHAMBI,UTTAR PRADESH,D721,CHAIL,33.28
27-09-2025,25.5,81.5,KAUSHAMBI,UTTAR PRADESH,D721,CHAIL,33.29
28-09-2025,25.5,81.5,KAUSHAMBI,UTTAR PRADESH,D721,CHAIL,33.46
29-09-2025,25.5,81.5,KAUSHAMBI,UTTAR PRADESH,D721,CHAIL,33.68
30-09-2025,25.5,81.5,KAUSHAMBI,UTTAR PRADESH,D721,CHAIL,33.72
01-10-2025,25.5,81.5,KAUSHAMBI,UTTAR PRADESH,D721,CHAIL,33.8
02-10-2025,25.5,81.5,KAUSHAMBI,UTTAR PRADESH,D721,CHAIL,33.56
03-10-2025,25.5,81.5,KAUSHAMBI,UTTAR PRADESH,D721,CHAIL,33.54
04-10-2025,25.5,81.5,KAUSHAMBI,UTTAR PRADESH,D721,CHAIL,33.33
05-10-2025,25.5,81.5,KAUSHAMBI,UTTAR PRADESH,D721,CHAIL,33.59
06-10-2025,25.5,81.5,KAUSHAMBI,UTTAR PRADESH,D721,CHAIL,33.71
07-10-2025,25.5,81.5,KAUSHAMBI,UTTAR PRADESH,D721,CHAIL,33.7
08-10-2025,25.5,81.5,KAUSHAMBI,UTTAR PRADESH,D721,CHAIL,33.79
09-10-2025,25.5,81.5,KAUSHAMBI,UTTAR PRADESH,D721,CHAIL,33.89
10-10-2025,25.5,81.5,KAUSHAMBI,UTTAR PRADESH,D721,CHAIL,33.93
11-10-2025,25.5,81.5,KAUSHAMBI,UTTAR PRADESH,D721,CHAIL,33.82
12-10-2025,25.5,81.5,KAUSHAMBI,UTTAR PRADESH,D721,CHAIL,33.63
13-10-2025,25.5,81.5,KAUSHAMBI,UTTAR PRADESH,D721,CHAIL,33.57
14-10-2025,25.5,81.5,KAUSHAMBI,UTTAR PRADESH,D721,CHAIL,33.25
15-10-2025,25.5,81.5,KAUSHAMBI,UTTAR PRADESH,D721,CHAIL,33.3
16-10-2025,25.5,81.5,KAUSHAMBI,UTTAR PRADESH,D721,CHAIL,33.35
17-10-2025,25.5,81.5,KAUSHAMBI,UTTAR PRADESH,D721,CHAIL,33.17
18-10-2025,25.5,81.5,KAUSHAMBI,UTTAR PRADESH,D721,CHAIL,32.88
19-10-2025,25.5,81.5,KAUSHAMBI,UTTAR PRADESH,D721,CHAIL,32.59
20-10-2025,25.5,81.5,KAUSHAMBI,UTTAR PRADESH,D721,CHAIL,32.54
21-10-2025,25.5,81.5,KAUSHAMBI,UTTAR PRADESH,D721,CHAIL,32.83
22-10-2025,25.5,81.5,KAUSHAMBI,UTTAR PRADESH,D721,CHAIL,32.76
23-10-2025,25.5,81.5,KAUSHAMBI,UTTAR PRADESH,D721,CHAIL,32.54
24-10-2025,25.5,81.5,KAUSHAMBI,UTTAR PRADESH,D721,CHAIL,32.34
25-10-2025,25.5,81.5,KAUSHAMBI,UTTAR PRADESH,D721,CHAIL,32.03
26-10-2025,25.5,81.5,KAUSHAMBI,UTTAR PRADESH,D721,CHAIL,31.86
27-10-2025,25.5,81.5,KAUSHAMBI,UTTAR PRADESH,D721,CHAIL,31.83
28-10-2025,25.5,81.5,KAUSHAMBI,UTTAR PRADESH,D721,CHAIL,31.44
29-10-2025,25.5,81.5,KAUSHAMBI,UTTAR PRADESH,D721,CHAIL,31.43
30-10-2025,25.5,81.5,KAUSHAMBI,UTTAR PRADESH,D721,CHAIL,31.47
31-10-2025,25.5,81.5,KAUSHAMBI,UTTAR PRADESH,D721,CHAIL,31.48
01-11-2025,25.5,81.5,KAUSHAMBI,UTTAR PRADESH,D721,CHAIL,31.58
02-11-2025,25.5,81.5,KAUSHAMBI,UTTAR PRADESH,D721,CHAIL,31.53
03-11-2025,25.5,81.5,KAUSHAMBI,UTTAR PRADESH,D721,CHAIL,31.45
04-11-2025,25.5,81.5,KAUSHAMBI,UTTAR PRADESH,D721,CHAIL,31.54
05-11-2025,25.5,81.5,KAUSHAMBI,UTTAR PRADESH,D721,CHAIL,31.53
06-11-2025,25.5,81.5,KAUSHAMBI,UTTAR PRADESH,D721,CHAIL,31.09
07-11-2025,25.5,81.5,KAUSHAMBI,UTTAR PRADESH,D721,CHAIL,31.06
08-11-2025,25.5,81.5,KAUSHAMBI,UTTAR PRADESH,D721,CHAIL,30.87
09-11-2025,25.5,81.5,KAUSHAMBI,UTTAR PRADESH,D721,CHAIL,30.74
10-11-2025,25.5,81.5,KAUSHAMBI,UTTAR PRADESH,D721,CHAIL,30.23
11-11-2025,25.5,81.5,KAUSHAMBI,UTTAR PRADESH,D721,CHAIL,29.94
12-11-2025,25.5,81.5,KAUSHAMBI,UTTAR PRADESH,D721,CHAIL,29.97
13-11-2025,25.5,81.5,KAUSHAMBI,UTTAR PRADESH,D721,CHAIL,30
14-11-2025,25.5,81.5,KAUSHAMBI,UTTAR PRADESH,D721,CHAIL,29.75
15-11-2025,25.5,81.5,KAUSHAMBI,UTTAR PRADESH,D721,CHAIL,29.93
16-11-2025,25.5,81.5,KAUSHAMBI,UTTAR PRADESH,D721,CHAIL,29.35
17-11-2025,25.5,81.5,KAUSHAMBI,UTTAR PRADESH,D721,CHAIL,29.28
18-11-2025,25.5,81.5,KAUSHAMBI,UTTAR PRADESH,D721,CHAIL,28.8
19-11-2025,25.5,81.5,KAUSHAMBI,UTTAR PRADESH,D721,CHAIL,28.57
20-11-2025,25.5,81.5,KAUSHAMBI,UTTAR PRADESH,D721,CHAIL,28.58
21-11-2025,25.5,81.5,KAUSHAMBI,UTTAR PRADESH,D721,CHAIL,28.33
22-11-2025,25.5,81.5,KAUSHAMBI,UTTAR PRADESH,D721,CHAIL,28.12
23-11-2025,25.5,81.5,KAUSHAMBI,UTTAR PRADESH,D721,CHAIL,28.21
24-11-2025,25.5,81.5,KAUSHAMBI,UTTAR PRADESH,D721,CHAIL,28.11
25-11-2025,25.5,81.5,KAUSHAMBI,UTTAR PRADESH,D721,CHAIL,27.99
26-11-2025,25.5,81.5,KAUSHAMBI,UTTAR PRADESH,D721,CHAIL,27.84
27-11-2025,25.5,81.5,KAUSHAMBI,UTTAR PRADESH,D721,CHAIL,27.56
28-11-2025,25.5,81.5,KAUSHAMBI,UTTAR PRADESH,D721,CHAIL,27.54
29-11-2025,25.5,81.5,KAUSHAMBI,UTTAR PRADESH,D721,CHAIL,27.38
30-11-2025,25.5,81.5,KAUSHAMBI,UTTAR PRADESH,D721,CHAIL,27.21
01-12-2025,25.5,81.5,KAUSHAMBI,UTTAR PRADESH,D721,CHAIL,26.99
02-12-2025,25.5,81.5,KAUSHAMBI,UTTAR PRADESH,D721,CHAIL,26.58
03-12-2025,25.5,81.5,KAUSHAMBI,UTTAR PRADESH,D721,CHAIL,26.46
04-12-2025,25.5,81.5,KAUSHAMBI,UTTAR PRADESH,D721,CHAIL,26.71
05-12-2025,25.5,81.5,KAUSHAMBI,UTTAR PRADESH,D721,CHAIL,26.57
06-12-2025,25.5,81.5,KAUSHAMBI,UTTAR PRADESH,D721,CHAIL,26.65
07-12-2025,25.5,81.5,KAUSHAMBI,UTTAR PRADESH,D721,CHAIL,26.31
08-12-2025,25.5,81.5,KAUSHAMBI,UTTAR PRADESH,D721,CHAIL,25.87
09-12-2025,25.5,81.5,KAUSHAMBI,UTTAR PRADESH,D721,CHAIL,26.03
10-12-2025,25.5,81.5,KAUSHAMBI,UTTAR PRADESH,D721,CHAIL,25.9
11-12-2025,25.5,81.5,KAUSHAMBI,UTTAR PRADESH,D721,CHAIL,25.71
12-12-2025,25.5,81.5,KAUSHAMBI,UTTAR PRADESH,D721,CHAIL,25.6
13-12-2025,25.5,81.5,KAUSHAMBI,UTTAR PRADESH,D721,CHAIL,25.09
14-12-2025,25.5,81.5,KAUSHAMBI,UTTAR PRADESH,D721,CHAIL,24.63
15-12-2025,25.5,81.5,KAUSHAMBI,UTTAR PRADESH,D721,CHAIL,24.44
16-12-2025,25.5,81.5,KAUSHAMBI,UTTAR PRADESH,D721,CHAIL,24.29
17-12-2025,25.5,81.5,KAUSHAMBI,UTTAR PRADESH,D721,CHAIL,24.12
18-12-2025,25.5,81.5,KAUSHAMBI,UTTAR PRADESH,D721,CHAIL,23.92
19-12-2025,25.5,81.5,KAUSHAMBI,UTTAR PRADESH,D721,CHAIL,23.61
20-12-2025,25.5,81.5,KAUSHAMBI,UTTAR PRADESH,D721,CHAIL,23.52
21-12-2025,25.5,81.5,KAUSHAMBI,UTTAR PRADESH,D721,CHAIL,23.33
22-12-2025,25.5,81.5,KAUSHAMBI,UTTAR PRADESH,D721,CHAIL,23.62
23-12-2025,25.5,81.5,KAUSHAMBI,UTTAR PRADESH,D721,CHAIL,23.42
24-12-2025,25.5,81.5,KAUSHAMBI,UTTAR PRADESH,D721,CHAIL,23.23
25-12-2025,25.5,81.5,KAUSHAMBI,UTTAR PRADESH,D721,CHAIL,23.12
26-12-2025,25.5,81.5,KAUSHAMBI,UTTAR PRADESH,D721,CHAIL,22.73
27-12-2025,25.5,81.5,KAUSHAMBI,UTTAR PRADESH,D721,CHAIL,22.82
28-12-2025,25.5,81.5,KAUSHAMBI,UTTAR PRADESH,D721,CHAIL,22.22
29-12-2025,25.5,81.5,KAUSHAMBI,UTTAR PRADESH,D721,CHAIL,22.25
30-12-2025,25.5,81.5,KAUSHAMBI,UTTAR PRADESH,D721,CHAIL,21.7
31-12-2025,25.5,81.5,KAUSHAMBI,UTTAR PRADESH,D721,CHAIL,21.56
01-01-2025,28.5,80.5,KHERI,UTTAR PRADESH,D722,DHAURAHARA,18.44
02-01-2025,28.5,80.5,KHERI,UTTAR PRADESH,D722,DHAURAHARA,18.06
03-01-2025,28.5,80.5,KHERI,UTTAR PRADESH,D722,DHAURAHARA,18.01
04-01-2025,28.5,80.5,KHERI,UTTAR PRADESH,D722,DHAURAHARA,18.02
05-01-2025,28.5,80.5,KHERI,UTTAR PRADESH,D722,DHAURAHARA,17.85
06-01-2025,28.5,80.5,KHERI,UTTAR PRADESH,D722,DHAURAHARA,18.29
07-01-2025,28.5,80.5,KHERI,UTTAR PRADESH,D722,DHAURAHARA,18.33
08-01-2025,28.5,80.5,KHERI,UTTAR PRADESH,D722,DHAURAHARA,18.27
09-01-2025,28.5,80.5,KHERI,UTTAR PRADESH,D722,DHAURAHARA,18.08
10-01-2025,28.5,80.5,KHERI,UTTAR PRADESH,D722,DHAURAHARA,18.54
11-01-2025,28.5,80.5,KHERI,UTTAR PRADESH,D722,DHAURAHARA,18.49
12-01-2025,28.5,80.5,KHERI,UTTAR PRADESH,D722,DHAURAHARA,18.56
13-01-2025,28.5,80.5,KHERI,UTTAR PRADESH,D722,DHAURAHARA,19.03
14-01-2025,28.5,80.5,KHERI,UTTAR PRADESH,D722,DHAURAHARA,19.54
15-01-2025,28.5,80.5,KHERI,UTTAR PRADESH,D722,DHAURAHARA,18.76
16-01-2025,28.5,80.5,KHERI,UTTAR PRADESH,D722,DHAURAHARA,18.72
17-01-2025,28.5,80.5,KHERI,UTTAR PRADESH,D722,DHAURAHARA,18.7
18-01-2025,28.5,80.5,KHERI,UTTAR PRADESH,D722,DHAURAHARA,18.51
19-01-2025,28.5,80.5,KHERI,UTTAR PRADESH,D722,DHAURAHARA,18.84
20-01-2025,28.5,80.5,KHERI,UTTAR PRADESH,D722,DHAURAHARA,18.9
21-01-2025,28.5,80.5,KHERI,UTTAR PRADESH,D722,DHAURAHARA,19.09
22-01-2025,28.5,80.5,KHERI,UTTAR PRADESH,D722,DHAURAHARA,19.22
23-01-2025,28.5,80.5,KHERI,UTTAR PRADESH,D722,DHAURAHARA,19.79
24-01-2025,28.5,80.5,KHERI,UTTAR PRADESH,D722,DHAURAHARA,20.26
25-01-2025,28.5,80.5,KHERI,UTTAR PRADESH,D722,DHAURAHARA,20.16
26-01-2025,28.5,80.5,KHERI,UTTAR PRADESH,D722,DHAURAHARA,20.48
27-01-2025,28.5,80.5,KHERI,UTTAR PRADESH,D722,DHAURAHARA,20.93
28-01-2025,28.5,80.5,KHERI,UTTAR PRADESH,D722,DHAURAHARA,20.73
29-01-2025,28.5,80.5,KHERI,UTTAR PRADESH,D722,DHAURAHARA,21.28
30-01-2025,28.5,80.5,KHERI,UTTAR PRADESH,D722,DHAURAHARA,21.67
31-01-2025,28.5,80.5,KHERI,UTTAR PRADESH,D722,DHAURAHARA,21.59
01-02-2025,28.5,80.5,KHERI,UTTAR PRADESH,D722,DHAURAHARA,21.52
02-02-2025,28.5,80.5,KHERI,UTTAR PRADESH,D722,DHAURAHARA,21.84
03-02-2025,28.5,80.5,KHERI,UTTAR PRADESH,D722,DHAURAHARA,22.48
04-02-2025,28.5,80.5,KHERI,UTTAR PRADESH,D722,DHAURAHARA,22.12
05-02-2025,28.5,80.5,KHERI,UTTAR PRADESH,D722,DHAURAHARA,22.03
06-02-2025,28.5,80.5,KHERI,UTTAR PRADESH,D722,DHAURAHARA,22.5
07-02-2025,28.5,80.5,KHERI,UTTAR PRADESH,D722,DHAURAHARA,22.9
08-02-2025,28.5,80.5,KHERI,UTTAR PRADESH,D722,DHAURAHARA,22.36
09-02-2025,28.5,80.5,KHERI,UTTAR PRADESH,D722,DHAURAHARA,22.77
10-02-2025,28.5,80.5,KHERI,UTTAR PRADESH,D722,DHAURAHARA,23.09
11-02-2025,28.5,80.5,KHERI,UTTAR PRADESH,D722,DHAURAHARA,23.05
12-02-2025,28.5,80.5,KHERI,UTTAR PRADESH,D722,DHAURAHARA,23.6
13-02-2025,28.5,80.5,KHERI,UTTAR PRADESH,D722,DHAURAHARA,23.85
14-02-2025,28.5,80.5,KHERI,UTTAR PRADESH,D722,DHAURAHARA,23.91
15-02-2025,28.5,80.5,KHERI,UTTAR PRADESH,D722,DHAURAHARA,23.64
16-02-2025,28.5,80.5,KHERI,UTTAR PRADESH,D722,DHAURAHARA,24.07
17-02-2025,28.5,80.5,KHERI,UTTAR PRADESH,D722,DHAURAHARA,24.43
18-02-2025,28.5,80.5,KHERI,UTTAR PRADESH,D722,DHAURAHARA,25.09
19-02-2025,28.5,80.5,KHERI,UTTAR PRADESH,D722,DHAURAHARA,25.37
20-02-2025,28.5,80.5,KHERI,UTTAR PRADESH,D722,DHAURAHARA,25.49
21-02-2025,28.5,80.5,KHERI,UTTAR PRADESH,D722,DHAURAHARA,25.63
22-02-2025,28.5,80.5,KHERI,UTTAR PRADESH,D722,DHAURAHARA,25.8
23-02-2025,28.5,80.5,KHERI,UTTAR PRADESH,D722,DHAURAHARA,25.67
24-02-2025,28.5,80.5,KHERI,UTTAR PRADESH,D722,DHAURAHARA,25.92
25-02-2025,28.5,80.5,KHERI,UTTAR PRADESH,D722,DHAURAHARA,25.52
26-02-2025,28.5,80.5,KHERI,UTTAR PRADESH,D722,DHAURAHARA,25.33
27-02-2025,28.5,80.5,KHERI,UTTAR PRADESH,D722,DHAURAHARA,25.94
28-02-2025,28.5,80.5,KHERI,UTTAR PRADESH,D722,DHAURAHARA,26.27
29-02-2025,28.5,80.5,KHERI,UTTAR PRADESH,D722,DHAURAHARA,27
01-03-2025,28.5,80.5,KHERI,UTTAR PRADESH,D722,DHAURAHARA,26.28
02-03-2025,28.5,80.5,KHERI,UTTAR PRADESH,D722,DHAURAHARA,26.69
03-03-2025,28.5,80.5,KHERI,UTTAR PRADESH,D722,DHAURAHARA,27.1
04-03-2025,28.5,80.5,KHERI,UTTAR PRADESH,D722,DHAURAHARA,26.89
05-03-2025,28.5,80.5,KHERI,UTTAR PRADESH,D722,DHAURAHARA,26.92
06-03-2025,28.5,80.5,KHERI,UTTAR PRADESH,D722,DHAURAHARA,27.25
07-03-2025,28.5,80.5,KHERI,UTTAR PRADESH,D722,DHAURAHARA,27.91
08-03-2025,28.5,80.5,KHERI,UTTAR PRADESH,D722,DHAURAHARA,28.11
09-03-2025,28.5,80.5,KHERI,UTTAR PRADESH,D722,DHAURAHARA,28.41
10-03-2025,28.5,80.5,KHERI,UTTAR PRADESH,D722,DHAURAHARA,27.84
11-03-2025,28.5,80.5,KHERI,UTTAR PRADESH,D722,DHAURAHARA,28.21
12-03-2025,28.5,80.5,KHERI,UTTAR PRADESH,D722,DHAURAHARA,28.37
13-03-2025,28.5,80.5,KHERI,UTTAR PRADESH,D722,DHAURAHARA,28.16
14-03-2025,28.5,80.5,KHERI,UTTAR PRADESH,D722,DHAURAHARA,28.54
15-03-2025,28.5,80.5,KHERI,UTTAR PRADESH,D722,DHAURAHARA,28.95
16-03-2025,28.5,80.5,KHERI,UTTAR PRADESH,D722,DHAURAHARA,29.63
17-03-2025,28.5,80.5,KHERI,UTTAR PRADESH,D722,DHAURAHARA,30.17
18-03-2025,28.5,80.5,KHERI,UTTAR PRADESH,D722,DHAURAHARA,30.58
19-03-2025,28.5,80.5,KHERI,UTTAR PRADESH,D722,DHAURAHARA,30.71
20-03-2025,28.5,80.5,KHERI,UTTAR PRADESH,D722,DHAURAHARA,31.04
21-03-2025,28.5,80.5,KHERI,UTTAR PRADESH,D722,DHAURAHARA,30.82
22-03-2025,28.5,80.5,KHERI,UTTAR PRADESH,D722,DHAURAHARA,31.04
23-03-2025,28.5,80.5,KHERI,UTTAR PRADESH,D722,DHAURAHARA,31.44
24-03-2025,28.5,80.5,KHERI,UTTAR PRADESH,D722,DHAURAHARA,31.87
25-03-2025,28.5,80.5,KHERI,UTTAR PRADESH,D722,DHAURAHARA,31.94
26-03-2025,28.5,80.5,KHERI,UTTAR PRADESH,D722,DHAURAHARA,32.26
27-03-2025,28.5,80.5,KHERI,UTTAR PRADESH,D722,DHAURAHARA,32.31
28-03-2025,28.5,80.5,KHERI,UTTAR PRADESH,D722,DHAURAHARA,33.06
29-03-2025,28.5,80.5,KHERI,UTTAR PRADESH,D722,DHAURAHARA,32.92
30-03-2025,28.5,80.5,KHERI,UTTAR PRADESH,D722,DHAURAHARA,32.99
31-03-2025,28.5,80.5,KHERI,UTTAR PRADESH,D722,DHAURAHARA,33.23
01-04-2025,28.5,80.5,KHERI,UTTAR PRADESH,D722,DHAURAHARA,33.43
02-04-2025,28.5,80.5,KHERI,UTTAR PRADESH,D722,DHAURAHARA,34.02
03-04-2025,28.5,80.5,KHERI,UTTAR PRADESH,D722,DHAURAHARA,34.14
04-04-2025,28.5,80.5,KHERI,UTTAR PRADESH,D722,DHAURAHARA,34.09
05-04-2025,28.5,80.5,KHERI,UTTAR PRADESH,D722,DHAURAHARA,34.41
06-04-2025,28.5,80.5,KHERI,UTTAR PRADESH,D722,DHAURAHARA,35.11
07-04-2025,28.5,80.5,KHERI,UTTAR PRADESH,D722,DHAURAHARA,35.15
08-04-2025,28.5,80.5,KHERI,UTTAR PRADESH,D722,DHAURAHARA,35.26
09-04-2025,28.5,80.5,KHERI,UTTAR PRADESH,D722,DHAURAHARA,35.17
10-04-2025,28.5,80.5,KHERI,UTTAR PRADESH,D722,DHAURAHARA,35.1
11-04-2025,28.5,80.5,KHERI,UTTAR PRADESH,D722,DHAURAHARA,35.83
12-04-2025,28.5,80.5,KHERI,UTTAR PRADESH,D722,DHAURAHARA,35.69
13-04-2025,28.5,80.5,KHERI,UTTAR PRADESH,D722,DHAURAHARA,35.71
14-04-2025,28.5,80.5,KHERI,UTTAR PRADESH,D722,DHAURAHARA,35.93
15-04-2025,28.5,80.5,KHERI,UTTAR PRADESH,D722,DHAURAHARA,36.43
16-04-2025,28.5,80.5,KHERI,UTTAR PRADESH,D722,DHAURAHARA,36.27
17-04-2025,28.5,80.5,KHERI,UTTAR PRADESH,D722,DHAURAHARA,35.73
18-04-2025,28.5,80.5,KHERI,UTTAR PRADESH,D722,DHAURAHARA,35.75
19-04-2025,28.5,80.5,KHERI,UTTAR PRADESH,D722,DHAURAHARA,36.7
20-04-2025,28.5,80.5,KHERI,UTTAR PRADESH,D722,DHAURAHARA,36.37
21-04-2025,28.5,80.5,KHERI,UTTAR PRADESH,D722,DHAURAHARA,36.35
22-04-2025,28.5,80.5,KHERI,UTTAR PRADESH,D722,DHAURAHARA,36.57
23-04-2025,28.5,80.5,KHERI,UTTAR PRADESH,D722,DHAURAHARA,36.19
24-04-2025,28.5,80.5,KHERI,UTTAR PRADESH,D722,DHAURAHARA,36.72
25-04-2025,28.5,80.5,KHERI,UTTAR PRADESH,D722,DHAURAHARA,37.19
26-04-2025,28.5,80.5,KHERI,UTTAR PRADESH,D722,DHAURAHARA,36.81
27-04-2025,28.5,80.5,KHERI,UTTAR PRADESH,D722,DHAURAHARA,36.81
28-04-2025,28.5,80.5,KHERI,UTTAR PRADESH,D722,DHAURAHARA,36.8
29-04-2025,28.5,80.5,KHERI,UTTAR PRADESH,D722,DHAURAHARA,37.31
30-04-2025,28.5,80.5,KHERI,UTTAR PRADESH,D722,DHAURAHARA,37.01
01-05-2025,28.5,80.5,KHERI,UTTAR PRADESH,D722,DHAURAHARA,36.5
02-05-2025,28.5,80.5,KHERI,UTTAR PRADESH,D722,DHAURAHARA,36.15
03-05-2025,28.5,80.5,KHERI,UTTAR PRADESH,D722,DHAURAHARA,35.88
04-05-2025,28.5,80.5,KHERI,UTTAR PRADESH,D722,DHAURAHARA,36.05
05-05-2025,28.5,80.5,KHERI,UTTAR PRADESH,D722,DHAURAHARA,36.15
06-05-2025,28.5,80.5,KHERI,UTTAR PRADESH,D722,DHAURAHARA,36.38
07-05-2025,28.5,80.5,KHERI,UTTAR PRADESH,D722,DHAURAHARA,36.37
08-05-2025,28.5,80.5,KHERI,UTTAR PRADESH,D722,DHAURAHARA,36.8
09-05-2025,28.5,80.5,KHERI,UTTAR PRADESH,D722,DHAURAHARA,37.15
10-05-2025,28.5,80.5,KHERI,UTTAR PRADESH,D722,DHAURAHARA,37.11
11-05-2025,28.5,80.5,KHERI,UTTAR PRADESH,D722,DHAURAHARA,36.8
12-05-2025,28.5,80.5,KHERI,UTTAR PRADESH,D722,DHAURAHARA,36.95
13-05-2025,28.5,80.5,KHERI,UTTAR PRADESH,D722,DHAURAHARA,36.57
14-05-2025,28.5,80.5,KHERI,UTTAR PRADESH,D722,DHAURAHARA,36.95
15-05-2025,28.5,80.5,KHERI,UTTAR PRADESH,D722,DHAURAHARA,37.66
16-05-2025,28.5,80.5,KHERI,UTTAR PRADESH,D722,DHAURAHARA,38.09
17-05-2025,28.5,80.5,KHERI,UTTAR PRADESH,D722,DHAURAHARA,37.81
18-05-2025,28.5,80.5,KHERI,UTTAR PRADESH,D722,DHAURAHARA,37.92
19-05-2025,28.5,80.5,KHERI,UTTAR PRADESH,D722,DHAURAHARA,37.52
20-05-2025,28.5,80.5,KHERI,UTTAR PRADESH,D722,DHAURAHARA,37.54
21-05-2025,28.5,80.5,KHERI,UTTAR PRADESH,D722,DHAURAHARA,37.71
22-05-2025,28.5,80.5,KHERI,UTTAR PRADESH,D722,DHAURAHARA,37.38
23-05-2025,28.5,80.5,KHERI,UTTAR PRADESH,D722,DHAURAHARA,37.5
24-05-2025,28.5,80.5,KHERI,UTTAR PRADESH,D722,DHAURAHARA,37.33
25-05-2025,28.5,80.5,KHERI,UTTAR PRADESH,D722,DHAURAHARA,37.63
26-05-2025,28.5,80.5,KHERI,UTTAR PRADESH,D722,DHAURAHARA,37.89
27-05-2025,28.5,80.5,KHERI,UTTAR PRADESH,D722,DHAURAHARA,37.85
28-05-2025,28.5,80.5,KHERI,UTTAR PRADESH,D722,DHAURAHARA,37.75
29-05-2025,28.5,80.5,KHERI,UTTAR PRADESH,D722,DHAURAHARA,37.72
30-05-2025,28.5,80.5,KHERI,UTTAR PRADESH,D722,DHAURAHARA,37.56
31-05-2025,28.5,80.5,KHERI,UTTAR PRADESH,D722,DHAURAHARA,37.72
01-06-2025,28.5,80.5,KHERI,UTTAR PRADESH,D722,DHAURAHARA,37.37
02-06-2025,28.5,80.5,KHERI,UTTAR PRADESH,D722,DHAURAHARA,37.56
03-06-2025,28.5,80.5,KHERI,UTTAR PRADESH,D722,DHAURAHARA,37.57
04-06-2025,28.5,80.5,KHERI,UTTAR PRADESH,D722,DHAURAHARA,37.48
05-06-2025,28.5,80.5,KHERI,UTTAR PRADESH,D722,DHAURAHARA,37.29
06-06-2025,28.5,80.5,KHERI,UTTAR PRADESH,D722,DHAURAHARA,37.17
07-06-2025,28.5,80.5,KHERI,UTTAR PRADESH,D722,DHAURAHARA,36.85
08-06-2025,28.5,80.5,KHERI,UTTAR PRADESH,D722,DHAURAHARA,37.16
09-06-2025,28.5,80.5,KHERI,UTTAR PRADESH,D722,DHAURAHARA,37.46
10-06-2025,28.5,80.5,KHERI,UTTAR PRADESH,D722,DHAURAHARA,37.53
11-06-2025,28.5,80.5,KHERI,UTTAR PRADESH,D722,DHAURAHARA,37.34
12-06-2025,28.5,80.5,KHERI,UTTAR PRADESH,D722,DHAURAHARA,37.21
13-06-2025,28.5,80.5,KHERI,UTTAR PRADESH,D722,DHAURAHARA,37.48
14-06-2025,28.5,80.5,KHERI,UTTAR PRADESH,D722,DHAURAHARA,37.08
15-06-2025,28.5,80.5,KHERI,UTTAR PRADESH,D722,DHAURAHARA,36.59
16-06-2025,28.5,80.5,KHERI,UTTAR PRADESH,D722,DHAURAHARA,35.64
17-06-2025,28.5,80.5,KHERI,UTTAR PRADESH,D722,DHAURAHARA,35.65
18-06-2025,28.5,80.5,KHERI,UTTAR PRADESH,D722,DHAURAHARA,34.82
19-06-2025,28.5,80.5,KHERI,UTTAR PRADESH,D722,DHAURAHARA,35.25
20-06-2025,28.5,80.5,KHERI,UTTAR PRADESH,D722,DHAURAHARA,35.16
21-06-2025,28.5,80.5,KHERI,UTTAR PRADESH,D722,DHAURAHARA,35.4
22-06-2025,28.5,80.5,KHERI,UTTAR PRADESH,D722,DHAURAHARA,35.19
23-06-2025,28.5,80.5,KHERI,UTTAR PRADESH,D722,DHAURAHARA,35.01
24-06-2025,28.5,80.5,KHERI,UTTAR PRADESH,D722,DHAURAHARA,34.56
25-06-2025,28.5,80.5,KHERI,UTTAR PRADESH,D722,DHAURAHARA,34.61
26-06-2025,28.5,80.5,KHERI,UTTAR PRADESH,D722,DHAURAHARA,34.56
27-06-2025,28.5,80.5,KHERI,UTTAR PRADESH,D722,DHAURAHARA,33.93
28-06-2025,28.5,80.5,KHERI,UTTAR PRADESH,D722,DHAURAHARA,33.96
29-06-2025,28.5,80.5,KHERI,UTTAR PRADESH,D722,DHAURAHARA,33.46
30-06-2025,28.5,80.5,KHERI,UTTAR PRADESH,D722,DHAURAHARA,33.45
01-07-2025,28.5,80.5,KHERI,UTTAR PRADESH,D722,DHAURAHARA,33.93
02-07-2025,28.5,80.5,KHERI,UTTAR PRADESH,D722,DHAURAHARA,33.75
03-07-2025,28.5,80.5,KHERI,UTTAR PRADESH,D722,DHAURAHARA,33.69
04-07-2025,28.5,80.5,KHERI,UTTAR PRADESH,D722,DHAURAHARA,33.99
05-07-2025,28.5,80.5,KHERI,UTTAR PRADESH,D722,DHAURAHARA,33.47
06-07-2025,28.5,80.5,KHERI,UTTAR PRADESH,D722,DHAURAHARA,33.03
07-07-2025,28.5,80.5,KHERI,UTTAR PRADESH,D722,DHAURAHARA,32.82
08-07-2025,28.5,80.5,KHERI,UTTAR PRADESH,D722,DHAURAHARA,33.28
09-07-2025,28.5,80.5,KHERI,UTTAR PRADESH,D722,DHAURAHARA,32.78
10-07-2025,28.5,80.5,KHERI,UTTAR PRADESH,D722,DHAURAHARA,32.56
11-07-2025,28.5,80.5,KHERI,UTTAR PRADESH,D722,DHAURAHARA,32.26
12-07-2025,28.5,80.5,KHERI,UTTAR PRADESH,D722,DHAURAHARA,32.37
13-07-2025,28.5,80.5,KHERI,UTTAR PRADESH,D722,DHAURAHARA,32.7
14-07-2025,28.5,80.5,KHERI,UTTAR PRADESH,D722,DHAURAHARA,32.62
15-07-2025,28.5,80.5,KHERI,UTTAR PRADESH,D722,DHAURAHARA,32.77
16-07-2025,28.5,80.5,KHERI,UTTAR PRADESH,D722,DHAURAHARA,32.6
17-07-2025,28.5,80.5,KHERI,UTTAR PRADESH,D722,DHAURAHARA,32.51
18-07-2025,28.5,80.5,KHERI,UTTAR PRADESH,D722,DHAURAHARA,32.55
19-07-2025,28.5,80.5,KHERI,UTTAR PRADESH,D722,DHAURAHARA,32.87
20-07-2025,28.5,80.5,KHERI,UTTAR PRADESH,D722,DHAURAHARA,32.44
21-07-2025,28.5,80.5,KHERI,UTTAR PRADESH,D722,DHAURAHARA,31.87
22-07-2025,28.5,80.5,KHERI,UTTAR PRADESH,D722,DHAURAHARA,32.35
23-07-2025,28.5,80.5,KHERI,UTTAR PRADESH,D722,DHAURAHARA,32.39
24-07-2025,28.5,80.5,KHERI,UTTAR PRADESH,D722,DHAURAHARA,32.56
25-07-2025,28.5,80.5,KHERI,UTTAR PRADESH,D722,DHAURAHARA,32.32
26-07-2025,28.5,80.5,KHERI,UTTAR PRADESH,D722,DHAURAHARA,32.15
27-07-2025,28.5,80.5,KHERI,UTTAR PRADESH,D722,DHAURAHARA,31.59
28-07-2025,28.5,80.5,KHERI,UTTAR PRADESH,D722,DHAURAHARA,31.45
29-07-2025,28.5,80.5,KHERI,UTTAR PRADESH,D722,DHAURAHARA,31.69
30-07-2025,28.5,80.5,KHERI,UTTAR PRADESH,D722,DHAURAHARA,31.85
31-07-2025,28.5,80.5,KHERI,UTTAR PRADESH,D722,DHAURAHARA,31.5
01-08-2025,28.5,80.5,KHERI,UTTAR PRADESH,D722,DHAURAHARA,31.93
02-08-2025,28.5,80.5,KHERI,UTTAR PRADESH,D722,DHAURAHARA,32.02
03-08-2025,28.5,80.5,KHERI,UTTAR PRADESH,D722,DHAURAHARA,31.94
04-08-2025,28.5,80.5,KHERI,UTTAR PRADESH,D722,DHAURAHARA,32.28
05-08-2025,28.5,80.5,KHERI,UTTAR PRADESH,D722,DHAURAHARA,32.44
06-08-2025,28.5,80.5,KHERI,UTTAR PRADESH,D722,DHAURAHARA,32.46
07-08-2025,28.5,80.5,KHERI,UTTAR PRADESH,D722,DHAURAHARA,32.63
08-08-2025,28.5,80.5,KHERI,UTTAR PRADESH,D722,DHAURAHARA,32.25
09-08-2025,28.5,80.5,KHERI,UTTAR PRADESH,D722,DHAURAHARA,32.36
10-08-2025,28.5,80.5,KHERI,UTTAR PRADESH,D722,DHAURAHARA,31.96
11-08-2025,28.5,80.5,KHERI,UTTAR PRADESH,D722,DHAURAHARA,31.84
12-08-2025,28.5,80.5,KHERI,UTTAR PRADESH,D722,DHAURAHARA,31.8
13-08-2025,28.5,80.5,KHERI,UTTAR PRADESH,D722,DHAURAHARA,31.46
14-08-2025,28.5,80.5,KHERI,UTTAR PRADESH,D722,DHAURAHARA,31.48
15-08-2025,28.5,80.5,KHERI,UTTAR PRADESH,D722,DHAURAHARA,31.79
16-08-2025,28.5,80.5,KHERI,UTTAR PRADESH,D722,DHAURAHARA,31.83
17-08-2025,28.5,80.5,KHERI,UTTAR PRADESH,D722,DHAURAHARA,32.14
18-08-2025,28.5,80.5,KHERI,UTTAR PRADESH,D722,DHAURAHARA,31.82
19-08-2025,28.5,80.5,KHERI,UTTAR PRADESH,D722,DHAURAHARA,31.57
20-08-2025,28.5,80.5,KHERI,UTTAR PRADESH,D722,DHAURAHARA,31.7
21-08-2025,28.5,80.5,KHERI,UTTAR PRADESH,D722,DHAURAHARA,31.67
22-08-2025,28.5,80.5,KHERI,UTTAR PRADESH,D722,DHAURAHARA,31.87
23-08-2025,28.5,80.5,KHERI,UTTAR PRADESH,D722,DHAURAHARA,31.89
24-08-2025,28.5,80.5,KHERI,UTTAR PRADESH,D722,DHAURAHARA,31.73
25-08-2025,28.5,80.5,KHERI,UTTAR PRADESH,D722,DHAURAHARA,32.07
26-08-2025,28.5,80.5,KHERI,UTTAR PRADESH,D722,DHAURAHARA,32.18
27-08-2025,28.5,80.5,KHERI,UTTAR PRADESH,D722,DHAURAHARA,32.43
28-08-2025,28.5,80.5,KHERI,UTTAR PRADESH,D722,DHAURAHARA,32.35
29-08-2025,28.5,80.5,KHERI,UTTAR PRADESH,D722,DHAURAHARA,32.1
30-08-2025,28.5,80.5,KHERI,UTTAR PRADESH,D722,DHAURAHARA,32.17
31-08-2025,28.5,80.5,KHERI,UTTAR PRADESH,D722,DHAURAHARA,31.99
01-09-2025,28.5,80.5,KHERI,UTTAR PRADESH,D722,DHAURAHARA,32.04
02-09-2025,28.5,80.5,KHERI,UTTAR PRADESH,D722,DHAURAHARA,31.64
03-09-2025,28.5,80.5,KHERI,UTTAR PRADESH,D722,DHAURAHARA,32.06
04-09-2025,28.5,80.5,KHERI,UTTAR PRADESH,D722,DHAURAHARA,32.02
05-09-2025,28.5,80.5,KHERI,UTTAR PRADESH,D722,DHAURAHARA,31.76
06-09-2025,28.5,80.5,KHERI,UTTAR PRADESH,D722,DHAURAHARA,31.58
07-09-2025,28.5,80.5,KHERI,UTTAR PRADESH,D722,DHAURAHARA,31.85
08-09-2025,28.5,80.5,KHERI,UTTAR PRADESH,D722,DHAURAHARA,31.86
09-09-2025,28.5,80.5,KHERI,UTTAR PRADESH,D722,DHAURAHARA,31.86
10-09-2025,28.5,80.5,KHERI,UTTAR PRADESH,D722,DHAURAHARA,32.03
11-09-2025,28.5,80.5,KHERI,UTTAR PRADESH,D722,DHAURAHARA,31.67
12-09-2025,28.5,80.5,KHERI,UTTAR PRADESH,D722,DHAURAHARA,31.33
13-09-2025,28.5,80.5,KHERI,UTTAR PRADESH,D722,DHAURAHARA,31.76
14-09-2025,28.5,80.5,KHERI,UTTAR PRADESH,D722,DHAURAHARA,31.89
15-09-2025,28.5,80.5,KHERI,UTTAR PRADESH,D722,DHAURAHARA,31.37
16-09-2025,28.5,80.5,KHERI,UTTAR PRADESH,D722,DHAURAHARA,31.14
17-09-2025,28.5,80.5,KHERI,UTTAR PRADESH,D722,DHAURAHARA,31.47
18-09-2025,28.5,80.5,KHERI,UTTAR PRADESH,D722,DHAURAHARA,31.66
19-09-2025,28.5,80.5,KHERI,UTTAR PRADESH,D722,DHAURAHARA,31.83
20-09-2025,28.5,80.5,KHERI,UTTAR PRADESH,D722,DHAURAHARA,31.94
21-09-2025,28.5,80.5,KHERI,UTTAR PRADESH,D722,DHAURAHARA,31.62
22-09-2025,28.5,80.5,KHERI,UTTAR PRADESH,D722,DHAURAHARA,31.07
23-09-2025,28.5,80.5,KHERI,UTTAR PRADESH,D722,DHAURAHARA,31.36
24-09-2025,28.5,80.5,KHERI,UTTAR PRADESH,D722,DHAURAHARA,31.07
25-09-2025,28.5,80.5,KHERI,UTTAR PRADESH,D722,DHAURAHARA,31.26
26-09-2025,28.5,80.5,KHERI,UTTAR PRADESH,D722,DHAURAHARA,31.6
27-09-2025,28.5,80.5,KHERI,UTTAR PRADESH,D722,DHAURAHARA,31.98
28-09-2025,28.5,80.5,KHERI,UTTAR PRADESH,D722,DHAURAHARA,32.17
29-09-2025,28.5,80.5,KHERI,UTTAR PRADESH,D722,DHAURAHARA,32.2
30-09-2025,28.5,80.5,KHERI,UTTAR PRADESH,D722,DHAURAHARA,31.82
01-10-2025,28.5,80.5,KHERI,UTTAR PRADESH,D722,DHAURAHARA,32.08
02-10-2025,28.5,80.5,KHERI,UTTAR PRADESH,D722,DHAURAHARA,31.97
03-10-2025,28.5,80.5,KHERI,UTTAR PRADESH,D722,DHAURAHARA,31.66
04-10-2025,28.5,80.5,KHERI,UTTAR PRADESH,D722,DHAURAHARA,31.57
05-10-2025,28.5,80.5,KHERI,UTTAR PRADESH,D722,DHAURAHARA,31.61
06-10-2025,28.5,80.5,KHERI,UTTAR PRADESH,D722,DHAURAHARA,31.49
07-10-2025,28.5,80.5,KHERI,UTTAR PRADESH,D722,DHAURAHARA,31.49
08-10-2025,28.5,80.5,KHERI,UTTAR PRADESH,D722,DHAURAHARA,31.56
09-10-2025,28.5,80.5,KHERI,UTTAR PRADESH,D722,DHAURAHARA,31.73
10-10-2025,28.5,80.5,KHERI,UTTAR PRADESH,D722,DHAURAHARA,31.84
11-10-2025,28.5,80.5,KHERI,UTTAR PRADESH,D722,DHAURAHARA,31.21
12-10-2025,28.5,80.5,KHERI,UTTAR PRADESH,D722,DHAURAHARA,31.49
13-10-2025,28.5,80.5,KHERI,UTTAR PRADESH,D722,DHAURAHARA,31.44
14-10-2025,28.5,80.5,KHERI,UTTAR PRADESH,D722,DHAURAHARA,31.24
15-10-2025,28.5,80.5,KHERI,UTTAR PRADESH,D722,DHAURAHARA,31.28
16-10-2025,28.5,80.5,KHERI,UTTAR PRADESH,D722,DHAURAHARA,31.16
17-10-2025,28.5,80.5,KHERI,UTTAR PRADESH,D722,DHAURAHARA,30.83
18-10-2025,28.5,80.5,KHERI,UTTAR PRADESH,D722,DHAURAHARA,30.73
19-10-2025,28.5,80.5,KHERI,UTTAR PRADESH,D722,DHAURAHARA,30.61
20-10-2025,28.5,80.5,KHERI,UTTAR PRADESH,D722,DHAURAHARA,30.62
21-10-2025,28.5,80.5,KHERI,UTTAR PRADESH,D722,DHAURAHARA,30.54
22-10-2025,28.5,80.5,KHERI,UTTAR PRADESH,D722,DHAURAHARA,30.4
23-10-2025,28.5,80.5,KHERI,UTTAR PRADESH,D722,DHAURAHARA,30.1
24-10-2025,28.5,80.5,KHERI,UTTAR PRADESH,D722,DHAURAHARA,30.09
25-10-2025,28.5,80.5,KHERI,UTTAR PRADESH,D722,DHAURAHARA,29.91
26-10-2025,28.5,80.5,KHERI,UTTAR PRADESH,D722,DHAURAHARA,29.82
27-10-2025,28.5,80.5,KHERI,UTTAR PRADESH,D722,DHAURAHARA,29.5
28-10-2025,28.5,80.5,KHERI,UTTAR PRADESH,D722,DHAURAHARA,29.43
29-10-2025,28.5,80.5,KHERI,UTTAR PRADESH,D722,DHAURAHARA,29.38
30-10-2025,28.5,80.5,KHERI,UTTAR PRADESH,D722,DHAURAHARA,29.39
31-10-2025,28.5,80.5,KHERI,UTTAR PRADESH,D722,DHAURAHARA,29.4
01-11-2025,28.5,80.5,KHERI,UTTAR PRADESH,D722,DHAURAHARA,29.48
02-11-2025,28.5,80.5,KHERI,UTTAR PRADESH,D722,DHAURAHARA,29.34
03-11-2025,28.5,80.5,KHERI,UTTAR PRADESH,D722,DHAURAHARA,29.19
04-11-2025,28.5,80.5,KHERI,UTTAR PRADESH,D722,DHAURAHARA,29.05
05-11-2025,28.5,80.5,KHERI,UTTAR PRADESH,D722,DHAURAHARA,28.83
06-11-2025,28.5,80.5,KHERI,UTTAR PRADESH,D722,DHAURAHARA,28.52
07-11-2025,28.5,80.5,KHERI,UTTAR PRADESH,D722,DHAURAHARA,28.37
08-11-2025,28.5,80.5,KHERI,UTTAR PRADESH,D722,DHAURAHARA,28.24
09-11-2025,28.5,80.5,KHERI,UTTAR PRADESH,D722,DHAURAHARA,28.25
10-11-2025,28.5,80.5,KHERI,UTTAR PRADESH,D722,DHAURAHARA,27.98
11-11-2025,28.5,80.5,KHERI,UTTAR PRADESH,D722,DHAURAHARA,27.76
12-11-2025,28.5,80.5,KHERI,UTTAR PRADESH,D722,DHAURAHARA,27.51
13-11-2025,28.5,80.5,KHERI,UTTAR PRADESH,D722,DHAURAHARA,27.6
14-11-2025,28.5,80.5,KHERI,UTTAR PRADESH,D722,DHAURAHARA,27.39
15-11-2025,28.5,80.5,KHERI,UTTAR PRADESH,D722,DHAURAHARA,27.43
16-11-2025,28.5,80.5,KHERI,UTTAR PRADESH,D722,DHAURAHARA,27.18
17-11-2025,28.5,80.5,KHERI,UTTAR PRADESH,D722,DHAURAHARA,26.89
18-11-2025,28.5,80.5,KHERI,UTTAR PRADESH,D722,DHAURAHARA,26.75
19-11-2025,28.5,80.5,KHERI,UTTAR PRADESH,D722,DHAURAHARA,26.52
20-11-2025,28.5,80.5,KHERI,UTTAR PRADESH,D722,DHAURAHARA,26.45
21-11-2025,28.5,80.5,KHERI,UTTAR PRADESH,D722,DHAURAHARA,26.32
22-11-2025,28.5,80.5,KHERI,UTTAR PRADESH,D722,DHAURAHARA,26.05
23-11-2025,28.5,80.5,KHERI,UTTAR PRADESH,D722,DHAURAHARA,26.05
24-11-2025,28.5,80.5,KHERI,UTTAR PRADESH,D722,DHAURAHARA,25.85
25-11-2025,28.5,80.5,KHERI,UTTAR PRADESH,D722,DHAURAHARA,25.56
26-11-2025,28.5,80.5,KHERI,UTTAR PRADESH,D722,DHAURAHARA,25.57
27-11-2025,28.5,80.5,KHERI,UTTAR PRADESH,D722,DHAURAHARA,25.41
28-11-2025,28.5,80.5,KHERI,UTTAR PRADESH,D722,DHAURAHARA,25.34
29-11-2025,28.5,80.5,KHERI,UTTAR PRADESH,D722,DHAURAHARA,25.51
30-11-2025,28.5,80.5,KHERI,UTTAR PRADESH,D722,DHAURAHARA,25.34
01-12-2025,28.5,80.5,KHERI,UTTAR PRADESH,D722,DHAURAHARA,24.93
02-12-2025,28.5,80.5,KHERI,UTTAR PRADESH,D722,DHAURAHARA,24.73
03-12-2025,28.5,80.5,KHERI,UTTAR PRADESH,D722,DHAURAHARA,24.77
04-12-2025,28.5,80.5,KHERI,UTTAR PRADESH,D722,DHAURAHARA,24.55
05-12-2025,28.5,80.5,KHERI,UTTAR PRADESH,D722,DHAURAHARA,24.52
06-12-2025,28.5,80.5,KHERI,UTTAR PRADESH,D722,DHAURAHARA,24.62
07-12-2025,28.5,80.5,KHERI,UTTAR PRADESH,D722,DHAURAHARA,24.41
08-12-2025,28.5,80.5,KHERI,UTTAR PRADESH,D722,DHAURAHARA,24.14
09-12-2025,28.5,80.5,KHERI,UTTAR PRADESH,D722,DHAURAHARA,23.8
10-12-2025,28.5,80.5,KHERI,UTTAR PRADESH,D722,DHAURAHARA,23.6
11-12-2025,28.5,80.5,KHERI,UTTAR PRADESH,D722,DHAURAHARA,23.2
12-12-2025,28.5,80.5,KHERI,UTTAR PRADESH,D722,DHAURAHARA,23.06
13-12-2025,28.5,80.5,KHERI,UTTAR PRADESH,D722,DHAURAHARA,22.31
14-12-2025,28.5,80.5,KHERI,UTTAR PRADESH,D722,DHAURAHARA,22.1
15-12-2025,28.5,80.5,KHERI,UTTAR PRADESH,D722,DHAURAHARA,22.19
16-12-2025,28.5,80.5,KHERI,UTTAR PRADESH,D722,DHAURAHARA,21.94
17-12-2025,28.5,80.5,KHERI,UTTAR PRADESH,D722,DHAURAHARA,22.1
18-12-2025,28.5,80.5,KHERI,UTTAR PRADESH,D722,DHAURAHARA,21.88
19-12-2025,28.5,80.5,KHERI,UTTAR PRADESH,D722,DHAURAHARA,21.4
20-12-2025,28.5,80.5,KHERI,UTTAR PRADESH,D722,DHAURAHARA,21.14
21-12-2025,28.5,80.5,KHERI,UTTAR PRADESH,D722,DHAURAHARA,21.44
22-12-2025,28.5,80.5,KHERI,UTTAR PRADESH,D722,DHAURAHARA,21.26
23-12-2025,28.5,80.5,KHERI,UTTAR PRADESH,D722,DHAURAHARA,21.07
24-12-2025,28.5,80.5,KHERI,UTTAR PRADESH,D722,DHAURAHARA,20.97
25-12-2025,28.5,80.5,KHERI,UTTAR PRADESH,D722,DHAURAHARA,20.81
26-12-2025,28.5,80.5,KHERI,UTTAR PRADESH,D722,DHAURAHARA,20.38
27-12-2025,28.5,80.5,KHERI,UTTAR PRADESH,D722,DHAURAHARA,20.25
28-12-2025,28.5,80.5,KHERI,UTTAR PRADESH,D722,DHAURAHARA,19.81
29-12-2025,28.5,80.5,KHERI,UTTAR PRADESH,D722,DHAURAHARA,19.8
30-12-2025,28.5,80.5,KHERI,UTTAR PRADESH,D722,DHAURAHARA,18.8
31-12-2025,28.5,80.5,KHERI,UTTAR PRADESH,D722,DHAURAHARA,18.57
01-01-2025,24.5,78.5,LALITPUR,UTTAR PRADESH,D724,LALITPUR,22.97
02-01-2025,24.5,78.5,LALITPUR,UTTAR PRADESH,D724,LALITPUR,22.83
03-01-2025,24.5,78.5,LALITPUR,UTTAR PRADESH,D724,LALITPUR,23.15
04-01-2025,24.5,78.5,LALITPUR,UTTAR PRADESH,D724,LALITPUR,23.27
05-01-2025,24.5,78.5,LALITPUR,UTTAR PRADESH,D724,LALITPUR,23.3
06-01-2025,24.5,78.5,LALITPUR,UTTAR PRADESH,D724,LALITPUR,23.41
07-01-2025,24.5,78.5,LALITPUR,UTTAR PRADESH,D724,LALITPUR,23.37
08-01-2025,24.5,78.5,LALITPUR,UTTAR PRADESH,D724,LALITPUR,23.52
09-01-2025,24.5,78.5,LALITPUR,UTTAR PRADESH,D724,LALITPUR,23.22
10-01-2025,24.5,78.5,LALITPUR,UTTAR PRADESH,D724,LALITPUR,23.27
11-01-2025,24.5,78.5,LALITPUR,UTTAR PRADESH,D724,LALITPUR,23.47
12-01-2025,24.5,78.5,LALITPUR,UTTAR PRADESH,D724,LALITPUR,23.81
13-01-2025,24.5,78.5,LALITPUR,UTTAR PRADESH,D724,LALITPUR,24.36
14-01-2025,24.5,78.5,LALITPUR,UTTAR PRADESH,D724,LALITPUR,24.22
15-01-2025,24.5,78.5,LALITPUR,UTTAR PRADESH,D724,LALITPUR,24.11
16-01-2025,24.5,78.5,LALITPUR,UTTAR PRADESH,D724,LALITPUR,24.27
17-01-2025,24.5,78.5,LALITPUR,UTTAR PRADESH,D724,LALITPUR,23.93
18-01-2025,24.5,78.5,LALITPUR,UTTAR PRADESH,D724,LALITPUR,23.88
19-01-2025,24.5,78.5,LALITPUR,UTTAR PRADESH,D724,LALITPUR,23.52
20-01-2025,24.5,78.5,LALITPUR,UTTAR PRADESH,D724,LALITPUR,23.75
21-01-2025,24.5,78.5,LALITPUR,UTTAR PRADESH,D724,LALITPUR,24.3
22-01-2025,24.5,78.5,LALITPUR,UTTAR PRADESH,D724,LALITPUR,24.48
23-01-2025,24.5,78.5,LALITPUR,UTTAR PRADESH,D724,LALITPUR,24.83
24-01-2025,24.5,78.5,LALITPUR,UTTAR PRADESH,D724,LALITPUR,24.43
25-01-2025,24.5,78.5,LALITPUR,UTTAR PRADESH,D724,LALITPUR,24.07
26-01-2025,24.5,78.5,LALITPUR,UTTAR PRADESH,D724,LALITPUR,24.36
27-01-2025,24.5,78.5,LALITPUR,UTTAR PRADESH,D724,LALITPUR,25.19
28-01-2025,24.5,78.5,LALITPUR,UTTAR PRADESH,D724,LALITPUR,25.31
29-01-2025,24.5,78.5,LALITPUR,UTTAR PRADESH,D724,LALITPUR,25.44
30-01-2025,24.5,78.5,LALITPUR,UTTAR PRADESH,D724,LALITPUR,25.64
31-01-2025,24.5,78.5,LALITPUR,UTTAR PRADESH,D724,LALITPUR,26.01
01-02-2025,24.5,78.5,LALITPUR,UTTAR PRADESH,D724,LALITPUR,26.39
02-02-2025,24.5,78.5,LALITPUR,UTTAR PRADESH,D724,LALITPUR,26.29
03-02-2025,24.5,78.5,LALITPUR,UTTAR PRADESH,D724,LALITPUR,26.83
04-02-2025,24.5,78.5,LALITPUR,UTTAR PRADESH,D724,LALITPUR,26.5
05-02-2025,24.5,78.5,LALITPUR,UTTAR PRADESH,D724,LALITPUR,26.58
06-02-2025,24.5,78.5,LALITPUR,UTTAR PRADESH,D724,LALITPUR,26.85
07-02-2025,24.5,78.5,LALITPUR,UTTAR PRADESH,D724,LALITPUR,26.81
08-02-2025,24.5,78.5,LALITPUR,UTTAR PRADESH,D724,LALITPUR,26.7
09-02-2025,24.5,78.5,LALITPUR,UTTAR PRADESH,D724,LALITPUR,26.92
10-02-2025,24.5,78.5,LALITPUR,UTTAR PRADESH,D724,LALITPUR,27
11-02-2025,24.5,78.5,LALITPUR,UTTAR PRADESH,D724,LALITPUR,26.99
12-02-2025,24.5,78.5,LALITPUR,UTTAR PRADESH,D724,LALITPUR,27.39
13-02-2025,24.5,78.5,LALITPUR,UTTAR PRADESH,D724,LALITPUR,27.68
14-02-2025,24.5,78.5,LALITPUR,UTTAR PRADESH,D724,LALITPUR,28.37
15-02-2025,24.5,78.5,LALITPUR,UTTAR PRADESH,D724,LALITPUR,28.34
16-02-2025,24.5,78.5,LALITPUR,UTTAR PRADESH,D724,LALITPUR,28.12
17-02-2025,24.5,78.5,LALITPUR,UTTAR PRADESH,D724,LALITPUR,28.39
18-02-2025,24.5,78.5,LALITPUR,UTTAR PRADESH,D724,LALITPUR,28.98
19-02-2025,24.5,78.5,LALITPUR,UTTAR PRADESH,D724,LALITPUR,29.8
20-02-2025,24.5,78.5,LALITPUR,UTTAR PRADESH,D724,LALITPUR,29.94
21-02-2025,24.5,78.5,LALITPUR,UTTAR PRADESH,D724,LALITPUR,30.16
22-02-2025,24.5,78.5,LALITPUR,UTTAR PRADESH,D724,LALITPUR,30.04
23-02-2025,24.5,78.5,LALITPUR,UTTAR PRADESH,D724,LALITPUR,30.4
24-02-2025,24.5,78.5,LALITPUR,UTTAR PRADESH,D724,LALITPUR,30.55
25-02-2025,24.5,78.5,LALITPUR,UTTAR PRADESH,D724,LALITPUR,30.72
26-02-2025,24.5,78.5,LALITPUR,UTTAR PRADESH,D724,LALITPUR,30.44
27-02-2025,24.5,78.5,LALITPUR,UTTAR PRADESH,D724,LALITPUR,30.52
28-02-2025,24.5,78.5,LALITPUR,UTTAR PRADESH,D724,LALITPUR,30.94
29-02-2025,24.5,78.5,LALITPUR,UTTAR PRADESH,D724,LALITPUR,31.92
01-03-2025,24.5,78.5,LALITPUR,UTTAR PRADESH,D724,LALITPUR,31.05
02-03-2025,24.5,78.5,LALITPUR,UTTAR PRADESH,D724,LALITPUR,31.35
03-03-2025,24.5,78.5,LALITPUR,UTTAR PRADESH,D724,LALITPUR,31.4
04-03-2025,24.5,78.5,LALITPUR,UTTAR PRADESH,D724,LALITPUR,31.62
05-03-2025,24.5,78.5,LALITPUR,UTTAR PRADESH,D724,LALITPUR,31.28
06-03-2025,24.5,78.5,LALITPUR,UTTAR PRADESH,D724,LALITPUR,31.53
07-03-2025,24.5,78.5,LALITPUR,UTTAR PRADESH,D724,LALITPUR,31.93
08-03-2025,24.5,78.5,LALITPUR,UTTAR PRADESH,D724,LALITPUR,31.9
09-03-2025,24.5,78.5,LALITPUR,UTTAR PRADESH,D724,LALITPUR,31.86
10-03-2025,24.5,78.5,LALITPUR,UTTAR PRADESH,D724,LALITPUR,31.95
11-03-2025,24.5,78.5,LALITPUR,UTTAR PRADESH,D724,LALITPUR,32.96
12-03-2025,24.5,78.5,LALITPUR,UTTAR PRADESH,D724,LALITPUR,32.7
13-03-2025,24.5,78.5,LALITPUR,UTTAR PRADESH,D724,LALITPUR,32.76
14-03-2025,24.5,78.5,LALITPUR,UTTAR PRADESH,D724,LALITPUR,32.86
15-03-2025,24.5,78.5,LALITPUR,UTTAR PRADESH,D724,LALITPUR,32.7
16-03-2025,24.5,78.5,LALITPUR,UTTAR PRADESH,D724,LALITPUR,33.66
17-03-2025,24.5,78.5,LALITPUR,UTTAR PRADESH,D724,LALITPUR,33.89
18-03-2025,24.5,78.5,LALITPUR,UTTAR PRADESH,D724,LALITPUR,34.37
19-03-2025,24.5,78.5,LALITPUR,UTTAR PRADESH,D724,LALITPUR,34.64
20-03-2025,24.5,78.5,LALITPUR,UTTAR PRADESH,D724,LALITPUR,35.23
21-03-2025,24.5,78.5,LALITPUR,UTTAR PRADESH,D724,LALITPUR,35.29
22-03-2025,24.5,78.5,LALITPUR,UTTAR PRADESH,D724,LALITPUR,35.4
23-03-2025,24.5,78.5,LALITPUR,UTTAR PRADESH,D724,LALITPUR,35.7
24-03-2025,24.5,78.5,LALITPUR,UTTAR PRADESH,D724,LALITPUR,36.01
25-03-2025,24.5,78.5,LALITPUR,UTTAR PRADESH,D724,LALITPUR,36.31
26-03-2025,24.5,78.5,LALITPUR,UTTAR PRADESH,D724,LALITPUR,36.29
27-03-2025,24.5,78.5,LALITPUR,UTTAR PRADESH,D724,LALITPUR,36.43
28-03-2025,24.5,78.5,LALITPUR,UTTAR PRADESH,D724,LALITPUR,37
29-03-2025,24.5,78.5,LALITPUR,UTTAR PRADESH,D724,LALITPUR,37.38
30-03-2025,24.5,78.5,LALITPUR,UTTAR PRADESH,D724,LALITPUR,37.23
31-03-2025,24.5,78.5,LALITPUR,UTTAR PRADESH,D724,LALITPUR,37.11
01-04-2025,24.5,78.5,LALITPUR,UTTAR PRADESH,D724,LALITPUR,37.24
02-04-2025,24.5,78.5,LALITPUR,UTTAR PRADESH,D724,LALITPUR,37.5
03-04-2025,24.5,78.5,LALITPUR,UTTAR PRADESH,D724,LALITPUR,37.72
04-04-2025,24.5,78.5,LALITPUR,UTTAR PRADESH,D724,LALITPUR,37.88
05-04-2025,24.5,78.5,LALITPUR,UTTAR PRADESH,D724,LALITPUR,37.98
06-04-2025,24.5,78.5,LALITPUR,UTTAR PRADESH,D724,LALITPUR,38.56
07-04-2025,24.5,78.5,LALITPUR,UTTAR PRADESH,D724,LALITPUR,38.79
08-04-2025,24.5,78.5,LALITPUR,UTTAR PRADESH,D724,LALITPUR,38.7
09-04-2025,24.5,78.5,LALITPUR,UTTAR PRADESH,D724,LALITPUR,38.65
10-04-2025,24.5,78.5,LALITPUR,UTTAR PRADESH,D724,LALITPUR,38.72
11-04-2025,24.5,78.5,LALITPUR,UTTAR PRADESH,D724,LALITPUR,38.98
12-04-2025,24.5,78.5,LALITPUR,UTTAR PRADESH,D724,LALITPUR,39.02
13-04-2025,24.5,78.5,LALITPUR,UTTAR PRADESH,D724,LALITPUR,39.21
14-04-2025,24.5,78.5,LALITPUR,UTTAR PRADESH,D724,LALITPUR,39.54
15-04-2025,24.5,78.5,LALITPUR,UTTAR PRADESH,D724,LALITPUR,39.87
16-04-2025,24.5,78.5,LALITPUR,UTTAR PRADESH,D724,LALITPUR,39.74
17-04-2025,24.5,78.5,LALITPUR,UTTAR PRADESH,D724,LALITPUR,39.57
18-04-2025,24.5,78.5,LALITPUR,UTTAR PRADESH,D724,LALITPUR,39.56
19-04-2025,24.5,78.5,LALITPUR,UTTAR PRADESH,D724,LALITPUR,39.88
20-04-2025,24.5,78.5,LALITPUR,UTTAR PRADESH,D724,LALITPUR,39.9
21-04-2025,24.5,78.5,LALITPUR,UTTAR PRADESH,D724,LALITPUR,39.74
22-04-2025,24.5,78.5,LALITPUR,UTTAR PRADESH,D724,LALITPUR,39.83
23-04-2025,24.5,78.5,LALITPUR,UTTAR PRADESH,D724,LALITPUR,39.94
24-04-2025,24.5,78.5,LALITPUR,UTTAR PRADESH,D724,LALITPUR,40.32
25-04-2025,24.5,78.5,LALITPUR,UTTAR PRADESH,D724,LALITPUR,40.87
26-04-2025,24.5,78.5,LALITPUR,UTTAR PRADESH,D724,LALITPUR,41.02
27-04-2025,24.5,78.5,LALITPUR,UTTAR PRADESH,D724,LALITPUR,41
28-04-2025,24.5,78.5,LALITPUR,UTTAR PRADESH,D724,LALITPUR,41.37
29-04-2025,24.5,78.5,LALITPUR,UTTAR PRADESH,D724,LALITPUR,41.69
30-04-2025,24.5,78.5,LALITPUR,UTTAR PRADESH,D724,LALITPUR,41.52
01-05-2025,24.5,78.5,LALITPUR,UTTAR PRADESH,D724,LALITPUR,41.4
02-05-2025,24.5,78.5,LALITPUR,UTTAR PRADESH,D724,LALITPUR,41.29
03-05-2025,24.5,78.5,LALITPUR,UTTAR PRADESH,D724,LALITPUR,41.3
04-05-2025,24.5,78.5,LALITPUR,UTTAR PRADESH,D724,LALITPUR,41.1
05-05-2025,24.5,78.5,LALITPUR,UTTAR PRADESH,D724,LALITPUR,40.93
06-05-2025,24.5,78.5,LALITPUR,UTTAR PRADESH,D724,LALITPUR,41.25
07-05-2025,24.5,78.5,LALITPUR,UTTAR PRADESH,D724,LALITPUR,41.62
08-05-2025,24.5,78.5,LALITPUR,UTTAR PRADESH,D724,LALITPUR,41.59
09-05-2025,24.5,78.5,LALITPUR,UTTAR PRADESH,D724,LALITPUR,41.58
10-05-2025,24.5,78.5,LALITPUR,UTTAR PRADESH,D724,LALITPUR,41.68
11-05-2025,24.5,78.5,LALITPUR,UTTAR PRADESH,D724,LALITPUR,41.27
12-05-2025,24.5,78.5,LALITPUR,UTTAR PRADESH,D724,LALITPUR,41.79
13-05-2025,24.5,78.5,LALITPUR,UTTAR PRADESH,D724,LALITPUR,41.87
14-05-2025,24.5,78.5,LALITPUR,UTTAR PRADESH,D724,LALITPUR,42.11
15-05-2025,24.5,78.5,LALITPUR,UTTAR PRADESH,D724,LALITPUR,42.02
16-05-2025,24.5,78.5,LALITPUR,UTTAR PRADESH,D724,LALITPUR,42.19
17-05-2025,24.5,78.5,LALITPUR,UTTAR PRADESH,D724,LALITPUR,42.32
18-05-2025,24.5,78.5,LALITPUR,UTTAR PRADESH,D724,LALITPUR,42.46
19-05-2025,24.5,78.5,LALITPUR,UTTAR PRADESH,D724,LALITPUR,42.49
20-05-2025,24.5,78.5,LALITPUR,UTTAR PRADESH,D724,LALITPUR,42.16
21-05-2025,24.5,78.5,LALITPUR,UTTAR PRADESH,D724,LALITPUR,42.11
22-05-2025,24.5,78.5,LALITPUR,UTTAR PRADESH,D724,LALITPUR,42.09
23-05-2025,24.5,78.5,LALITPUR,UTTAR PRADESH,D724,LALITPUR,42.09
24-05-2025,24.5,78.5,LALITPUR,UTTAR PRADESH,D724,LALITPUR,41.98
25-05-2025,24.5,78.5,LALITPUR,UTTAR PRADESH,D724,LALITPUR,41.91
26-05-2025,24.5,78.5,LALITPUR,UTTAR PRADESH,D724,LALITPUR,42.38
27-05-2025,24.5,78.5,LALITPUR,UTTAR PRADESH,D724,LALITPUR,42.44
28-05-2025,24.5,78.5,LALITPUR,UTTAR PRADESH,D724,LALITPUR,42.48
29-05-2025,24.5,78.5,LALITPUR,UTTAR PRADESH,D724,LALITPUR,42.24
30-05-2025,24.5,78.5,LALITPUR,UTTAR PRADESH,D724,LALITPUR,41.89
31-05-2025,24.5,78.5,LALITPUR,UTTAR PRADESH,D724,LALITPUR,42.05
01-06-2025,24.5,78.5,LALITPUR,UTTAR PRADESH,D724,LALITPUR,41.9
02-06-2025,24.5,78.5,LALITPUR,UTTAR PRADESH,D724,LALITPUR,41.4
03-06-2025,24.5,78.5,LALITPUR,UTTAR PRADESH,D724,LALITPUR,41.64
04-06-2025,24.5,78.5,LALITPUR,UTTAR PRADESH,D724,LALITPUR,41.46
05-06-2025,24.5,78.5,LALITPUR,UTTAR PRADESH,D724,LALITPUR,41.8
06-06-2025,24.5,78.5,LALITPUR,UTTAR PRADESH,D724,LALITPUR,41.79
07-06-2025,24.5,78.5,LALITPUR,UTTAR PRADESH,D724,LALITPUR,41.51
08-06-2025,24.5,78.5,LALITPUR,UTTAR PRADESH,D724,LALITPUR,41.47
09-06-2025,24.5,78.5,LALITPUR,UTTAR PRADESH,D724,LALITPUR,41.4
10-06-2025,24.5,78.5,LALITPUR,UTTAR PRADESH,D724,LALITPUR,41.13
11-06-2025,24.5,78.5,LALITPUR,UTTAR PRADESH,D724,LALITPUR,40.69
12-06-2025,24.5,78.5,LALITPUR,UTTAR PRADESH,D724,LALITPUR,40.45
13-06-2025,24.5,78.5,LALITPUR,UTTAR PRADESH,D724,LALITPUR,40.5
14-06-2025,24.5,78.5,LALITPUR,UTTAR PRADESH,D724,LALITPUR,40.13
15-06-2025,24.5,78.5,LALITPUR,UTTAR PRADESH,D724,LALITPUR,39.34
16-06-2025,24.5,78.5,LALITPUR,UTTAR PRADESH,D724,LALITPUR,38.75
17-06-2025,24.5,78.5,LALITPUR,UTTAR PRADESH,D724,LALITPUR,38.28
18-06-2025,24.5,78.5,LALITPUR,UTTAR PRADESH,D724,LALITPUR,37.89
19-06-2025,24.5,78.5,LALITPUR,UTTAR PRADESH,D724,LALITPUR,37.29
20-06-2025,24.5,78.5,LALITPUR,UTTAR PRADESH,D724,LALITPUR,37.33
21-06-2025,24.5,78.5,LALITPUR,UTTAR PRADESH,D724,LALITPUR,37.4
22-06-2025,24.5,78.5,LALITPUR,UTTAR PRADESH,D724,LALITPUR,36.93
23-06-2025,24.5,78.5,LALITPUR,UTTAR PRADESH,D724,LALITPUR,36.47
24-06-2025,24.5,78.5,LALITPUR,UTTAR PRADESH,D724,LALITPUR,36.88
25-06-2025,24.5,78.5,LALITPUR,UTTAR PRADESH,D724,LALITPUR,36.92
26-06-2025,24.5,78.5,LALITPUR,UTTAR PRADESH,D724,LALITPUR,36.52
27-06-2025,24.5,78.5,LALITPUR,UTTAR PRADESH,D724,LALITPUR,36.23
28-06-2025,24.5,78.5,LALITPUR,UTTAR PRADESH,D724,LALITPUR,35.67
29-06-2025,24.5,78.5,LALITPUR,UTTAR PRADESH,D724,LALITPUR,35.33
30-06-2025,24.5,78.5,LALITPUR,UTTAR PRADESH,D724,LALITPUR,35.13
01-07-2025,24.5,78.5,LALITPUR,UTTAR PRADESH,D724,LALITPUR,35.33
02-07-2025,24.5,78.5,LALITPUR,UTTAR PRADESH,D724,LALITPUR,35.29
03-07-2025,24.5,78.5,LALITPUR,UTTAR PRADESH,D724,LALITPUR,35
04-07-2025,24.5,78.5,LALITPUR,UTTAR PRADESH,D724,LALITPUR,34.75
05-07-2025,24.5,78.5,LALITPUR,UTTAR PRADESH,D724,LALITPUR,33.86
06-07-2025,24.5,78.5,LALITPUR,UTTAR PRADESH,D724,LALITPUR,33.75
07-07-2025,24.5,78.5,LALITPUR,UTTAR PRADESH,D724,LALITPUR,34.2
08-07-2025,24.5,78.5,LALITPUR,UTTAR PRADESH,D724,LALITPUR,33.94
09-07-2025,24.5,78.5,LALITPUR,UTTAR PRADESH,D724,LALITPUR,33.6
10-07-2025,24.5,78.5,LALITPUR,UTTAR PRADESH,D724,LALITPUR,33.71
11-07-2025,24.5,78.5,LALITPUR,UTTAR PRADESH,D724,LALITPUR,33.42
12-07-2025,24.5,78.5,LALITPUR,UTTAR PRADESH,D724,LALITPUR,33.2
13-07-2025,24.5,78.5,LALITPUR,UTTAR PRADESH,D724,LALITPUR,33.34
14-07-2025,24.5,78.5,LALITPUR,UTTAR PRADESH,D724,LALITPUR,33.26
15-07-2025,24.5,78.5,LALITPUR,UTTAR PRADESH,D724,LALITPUR,33.26
16-07-2025,24.5,78.5,LALITPUR,UTTAR PRADESH,D724,LALITPUR,33.15
17-07-2025,24.5,78.5,LALITPUR,UTTAR PRADESH,D724,LALITPUR,33.06
18-07-2025,24.5,78.5,LALITPUR,UTTAR PRADESH,D724,LALITPUR,33.08
19-07-2025,24.5,78.5,LALITPUR,UTTAR PRADESH,D724,LALITPUR,32.59
20-07-2025,24.5,78.5,LALITPUR,UTTAR PRADESH,D724,LALITPUR,32.53
21-07-2025,24.5,78.5,LALITPUR,UTTAR PRADESH,D724,LALITPUR,32.01
22-07-2025,24.5,78.5,LALITPUR,UTTAR PRADESH,D724,LALITPUR,32.07
23-07-2025,24.5,78.5,LALITPUR,UTTAR PRADESH,D724,LALITPUR,31.6
24-07-2025,24.5,78.5,LALITPUR,UTTAR PRADESH,D724,LALITPUR,31.38
25-07-2025,24.5,78.5,LALITPUR,UTTAR PRADESH,D724,LALITPUR,31.34
26-07-2025,24.5,78.5,LALITPUR,UTTAR PRADESH,D724,LALITPUR,30.94
27-07-2025,24.5,78.5,LALITPUR,UTTAR PRADESH,D724,LALITPUR,30.92
28-07-2025,24.5,78.5,LALITPUR,UTTAR PRADESH,D724,LALITPUR,31.14
29-07-2025,24.5,78.5,LALITPUR,UTTAR PRADESH,D724,LALITPUR,31.47
30-07-2025,24.5,78.5,LALITPUR,UTTAR PRADESH,D724,LALITPUR,31.64
31-07-2025,24.5,78.5,LALITPUR,UTTAR PRADESH,D724,LALITPUR,31.46
01-08-2025,24.5,78.5,LALITPUR,UTTAR PRADESH,D724,LALITPUR,31.6
02-08-2025,24.5,78.5,LALITPUR,UTTAR PRADESH,D724,LALITPUR,31.28
03-08-2025,24.5,78.5,LALITPUR,UTTAR PRADESH,D724,LALITPUR,31.07
04-08-2025,24.5,78.5,LALITPUR,UTTAR PRADESH,D724,LALITPUR,31.04
05-08-2025,24.5,78.5,LALITPUR,UTTAR PRADESH,D724,LALITPUR,31.33
06-08-2025,24.5,78.5,LALITPUR,UTTAR PRADESH,D724,LALITPUR,31.14
07-08-2025,24.5,78.5,LALITPUR,UTTAR PRADESH,D724,LALITPUR,30.76
08-08-2025,24.5,78.5,LALITPUR,UTTAR PRADESH,D724,LALITPUR,30.54
09-08-2025,24.5,78.5,LALITPUR,UTTAR PRADESH,D724,LALITPUR,30.79
10-08-2025,24.5,78.5,LALITPUR,UTTAR PRADESH,D724,LALITPUR,30.98
11-08-2025,24.5,78.5,LALITPUR,UTTAR PRADESH,D724,LALITPUR,31.02
12-08-2025,24.5,78.5,LALITPUR,UTTAR PRADESH,D724,LALITPUR,31.07
13-08-2025,24.5,78.5,LALITPUR,UTTAR PRADESH,D724,LALITPUR,30.81
14-08-2025,24.5,78.5,LALITPUR,UTTAR PRADESH,D724,LALITPUR,30.87
15-08-2025,24.5,78.5,LALITPUR,UTTAR PRADESH,D724,LALITPUR,30.46
16-08-2025,24.5,78.5,LALITPUR,UTTAR PRADESH,D724,LALITPUR,31
17-08-2025,24.5,78.5,LALITPUR,UTTAR PRADESH,D724,LALITPUR,31.29
18-08-2025,24.5,78.5,LALITPUR,UTTAR PRADESH,D724,LALITPUR,30.9
19-08-2025,24.5,78.5,LALITPUR,UTTAR PRADESH,D724,LALITPUR,30.73
20-08-2025,24.5,78.5,LALITPUR,UTTAR PRADESH,D724,LALITPUR,30.74
21-08-2025,24.5,78.5,LALITPUR,UTTAR PRADESH,D724,LALITPUR,30.92
22-08-2025,24.5,78.5,LALITPUR,UTTAR PRADESH,D724,LALITPUR,30.9
23-08-2025,24.5,78.5,LALITPUR,UTTAR PRADESH,D724,LALITPUR,31.52
24-08-2025,24.5,78.5,LALITPUR,UTTAR PRADESH,D724,LALITPUR,31.3
25-08-2025,24.5,78.5,LALITPUR,UTTAR PRADESH,D724,LALITPUR,31.36
26-08-2025,24.5,78.5,LALITPUR,UTTAR PRADESH,D724,LALITPUR,31.56
27-08-2025,24.5,78.5,LALITPUR,UTTAR PRADESH,D724,LALITPUR,31.82
28-08-2025,24.5,78.5,LALITPUR,UTTAR PRADESH,D724,LALITPUR,31.95
29-08-2025,24.5,78.5,LALITPUR,UTTAR PRADESH,D724,LALITPUR,32.03
30-08-2025,24.5,78.5,LALITPUR,UTTAR PRADESH,D724,LALITPUR,32.03
31-08-2025,24.5,78.5,LALITPUR,UTTAR PRADESH,D724,LALITPUR,31.9
01-09-2025,24.5,78.5,LALITPUR,UTTAR PRADESH,D724,LALITPUR,32
02-09-2025,24.5,78.5,LALITPUR,UTTAR PRADESH,D724,LALITPUR,31.88
03-09-2025,24.5,78.5,LALITPUR,UTTAR PRADESH,D724,LALITPUR,31.79
04-09-2025,24.5,78.5,LALITPUR,UTTAR PRADESH,D724,LALITPUR,32.29
05-09-2025,24.5,78.5,LALITPUR,UTTAR PRADESH,D724,LALITPUR,31.9
06-09-2025,24.5,78.5,LALITPUR,UTTAR PRADESH,D724,LALITPUR,31.86
07-09-2025,24.5,78.5,LALITPUR,UTTAR PRADESH,D724,LALITPUR,31.79
08-09-2025,24.5,78.5,LALITPUR,UTTAR PRADESH,D724,LALITPUR,31.92
09-09-2025,24.5,78.5,LALITPUR,UTTAR PRADESH,D724,LALITPUR,32.17
10-09-2025,24.5,78.5,LALITPUR,UTTAR PRADESH,D724,LALITPUR,32.22
11-09-2025,24.5,78.5,LALITPUR,UTTAR PRADESH,D724,LALITPUR,32.03
12-09-2025,24.5,78.5,LALITPUR,UTTAR PRADESH,D724,LALITPUR,32.35
13-09-2025,24.5,78.5,LALITPUR,UTTAR PRADESH,D724,LALITPUR,32.5
14-09-2025,24.5,78.5,LALITPUR,UTTAR PRADESH,D724,LALITPUR,32.4
15-09-2025,24.5,78.5,LALITPUR,UTTAR PRADESH,D724,LALITPUR,32.23
16-09-2025,24.5,78.5,LALITPUR,UTTAR PRADESH,D724,LALITPUR,32.04
17-09-2025,24.5,78.5,LALITPUR,UTTAR PRADESH,D724,LALITPUR,32.24
18-09-2025,24.5,78.5,LALITPUR,UTTAR PRADESH,D724,LALITPUR,32.44
19-09-2025,24.5,78.5,LALITPUR,UTTAR PRADESH,D724,LALITPUR,32.8
20-09-2025,24.5,78.5,LALITPUR,UTTAR PRADESH,D724,LALITPUR,32.91
21-09-2025,24.5,78.5,LALITPUR,UTTAR PRADESH,D724,LALITPUR,32.82
22-09-2025,24.5,78.5,LALITPUR,UTTAR PRADESH,D724,LALITPUR,32.73
23-09-2025,24.5,78.5,LALITPUR,UTTAR PRADESH,D724,LALITPUR,32.81
24-09-2025,24.5,78.5,LALITPUR,UTTAR PRADESH,D724,LALITPUR,32.94
25-09-2025,24.5,78.5,LALITPUR,UTTAR PRADESH,D724,LALITPUR,33.22
26-09-2025,24.5,78.5,LALITPUR,UTTAR PRADESH,D724,LALITPUR,33.54
27-09-2025,24.5,78.5,LALITPUR,UTTAR PRADESH,D724,LALITPUR,33.73
28-09-2025,24.5,78.5,LALITPUR,UTTAR PRADESH,D724,LALITPUR,33.91
29-09-2025,24.5,78.5,LALITPUR,UTTAR PRADESH,D724,LALITPUR,34
30-09-2025,24.5,78.5,LALITPUR,UTTAR PRADESH,D724,LALITPUR,34.09
01-10-2025,24.5,78.5,LALITPUR,UTTAR PRADESH,D724,LALITPUR,34.25
02-10-2025,24.5,78.5,LALITPUR,UTTAR PRADESH,D724,LALITPUR,34.24
03-10-2025,24.5,78.5,LALITPUR,UTTAR PRADESH,D724,LALITPUR,34.01
04-10-2025,24.5,78.5,LALITPUR,UTTAR PRADESH,D724,LALITPUR,33.96
05-10-2025,24.5,78.5,LALITPUR,UTTAR PRADESH,D724,LALITPUR,33.98
06-10-2025,24.5,78.5,LALITPUR,UTTAR PRADESH,D724,LALITPUR,33.94
07-10-2025,24.5,78.5,LALITPUR,UTTAR PRADESH,D724,LALITPUR,33.92
08-10-2025,24.5,78.5,LALITPUR,UTTAR PRADESH,D724,LALITPUR,34.03
09-10-2025,24.5,78.5,LALITPUR,UTTAR PRADESH,D724,LALITPUR,34.27
10-10-2025,24.5,78.5,LALITPUR,UTTAR PRADESH,D724,LALITPUR,34.22
11-10-2025,24.5,78.5,LALITPUR,UTTAR PRADESH,D724,LALITPUR,34.25
12-10-2025,24.5,78.5,LALITPUR,UTTAR PRADESH,D724,LALITPUR,34.11
13-10-2025,24.5,78.5,LALITPUR,UTTAR PRADESH,D724,LALITPUR,34.03
14-10-2025,24.5,78.5,LALITPUR,UTTAR PRADESH,D724,LALITPUR,33.83
15-10-2025,24.5,78.5,LALITPUR,UTTAR PRADESH,D724,LALITPUR,34.08
16-10-2025,24.5,78.5,LALITPUR,UTTAR PRADESH,D724,LALITPUR,33.86
17-10-2025,24.5,78.5,LALITPUR,UTTAR PRADESH,D724,LALITPUR,33.8
18-10-2025,24.5,78.5,LALITPUR,UTTAR PRADESH,D724,LALITPUR,33.62
19-10-2025,24.5,78.5,LALITPUR,UTTAR PRADESH,D724,LALITPUR,33.35
20-10-2025,24.5,78.5,LALITPUR,UTTAR PRADESH,D724,LALITPUR,33.39
21-10-2025,24.5,78.5,LALITPUR,UTTAR PRADESH,D724,LALITPUR,33.59
22-10-2025,24.5,78.5,LALITPUR,UTTAR PRADESH,D724,LALITPUR,33.57
23-10-2025,24.5,78.5,LALITPUR,UTTAR PRADESH,D724,LALITPUR,33.13
24-10-2025,24.5,78.5,LALITPUR,UTTAR PRADESH,D724,LALITPUR,32.91
25-10-2025,24.5,78.5,LALITPUR,UTTAR PRADESH,D724,LALITPUR,32.57
26-10-2025,24.5,78.5,LALITPUR,UTTAR PRADESH,D724,LALITPUR,32.34
27-10-2025,24.5,78.5,LALITPUR,UTTAR PRADESH,D724,LALITPUR,32.42
28-10-2025,24.5,78.5,LALITPUR,UTTAR PRADESH,D724,LALITPUR,32.06
29-10-2025,24.5,78.5,LALITPUR,UTTAR PRADESH,D724,LALITPUR,32.1
30-10-2025,24.5,78.5,LALITPUR,UTTAR PRADESH,D724,LALITPUR,31.87
31-10-2025,24.5,78.5,LALITPUR,UTTAR PRADESH,D724,LALITPUR,32.03
01-11-2025,24.5,78.5,LALITPUR,UTTAR PRADESH,D724,LALITPUR,32.18
02-11-2025,24.5,78.5,LALITPUR,UTTAR PRADESH,D724,LALITPUR,32.27
03-11-2025,24.5,78.5,LALITPUR,UTTAR PRADESH,D724,LALITPUR,32.18
04-11-2025,24.5,78.5,LALITPUR,UTTAR PRADESH,D724,LALITPUR,32.35
05-11-2025,24.5,78.5,LALITPUR,UTTAR PRADESH,D724,LALITPUR,32.24
06-11-2025,24.5,78.5,LALITPUR,UTTAR PRADESH,D724,LALITPUR,31.83
07-11-2025,24.5,78.5,LALITPUR,UTTAR PRADESH,D724,LALITPUR,31.72
08-11-2025,24.5,78.5,LALITPUR,UTTAR PRADESH,D724,LALITPUR,31.39
09-11-2025,24.5,78.5,LALITPUR,UTTAR PRADESH,D724,LALITPUR,31.31
10-11-2025,24.5,78.5,LALITPUR,UTTAR PRADESH,D724,LALITPUR,31.08
11-11-2025,24.5,78.5,LALITPUR,UTTAR PRADESH,D724,LALITPUR,30.78
12-11-2025,24.5,78.5,LALITPUR,UTTAR PRADESH,D724,LALITPUR,30.81
13-11-2025,24.5,78.5,LALITPUR,UTTAR PRADESH,D724,LALITPUR,30.43
14-11-2025,24.5,78.5,LALITPUR,UTTAR PRADESH,D724,LALITPUR,30.63
15-11-2025,24.5,78.5,LALITPUR,UTTAR PRADESH,D724,LALITPUR,30.42
16-11-2025,24.5,78.5,LALITPUR,UTTAR PRADESH,D724,LALITPUR,30.07
17-11-2025,24.5,78.5,LALITPUR,UTTAR PRADESH,D724,LALITPUR,29.77
18-11-2025,24.5,78.5,LALITPUR,UTTAR PRADESH,D724,LALITPUR,29.55
19-11-2025,24.5,78.5,LALITPUR,UTTAR PRADESH,D724,LALITPUR,29.35
20-11-2025,24.5,78.5,LALITPUR,UTTAR PRADESH,D724,LALITPUR,29.39
21-11-2025,24.5,78.5,LALITPUR,UTTAR PRADESH,D724,LALITPUR,29.2
22-11-2025,24.5,78.5,LALITPUR,UTTAR PRADESH,D724,LALITPUR,28.95
23-11-2025,24.5,78.5,LALITPUR,UTTAR PRADESH,D724,LALITPUR,28.91
24-11-2025,24.5,78.5,LALITPUR,UTTAR PRADESH,D724,LALITPUR,29.28
25-11-2025,24.5,78.5,LALITPUR,UTTAR PRADESH,D724,LALITPUR,29.09
26-11-2025,24.5,78.5,LALITPUR,UTTAR PRADESH,D724,LALITPUR,28.88
27-11-2025,24.5,78.5,LALITPUR,UTTAR PRADESH,D724,LALITPUR,28.75
28-11-2025,24.5,78.5,LALITPUR,UTTAR PRADESH,D724,LALITPUR,28.68
29-11-2025,24.5,78.5,LALITPUR,UTTAR PRADESH,D724,LALITPUR,28.51
30-11-2025,24.5,78.5,LALITPUR,UTTAR PRADESH,D724,LALITPUR,27.97
01-12-2025,24.5,78.5,LALITPUR,UTTAR PRADESH,D724,LALITPUR,27.51
02-12-2025,24.5,78.5,LALITPUR,UTTAR PRADESH,D724,LALITPUR,27.16
03-12-2025,24.5,78.5,LALITPUR,UTTAR PRADESH,D724,LALITPUR,27.21
04-12-2025,24.5,78.5,LALITPUR,UTTAR PRADESH,D724,LALITPUR,27.41
05-12-2025,24.5,78.5,LALITPUR,UTTAR PRADESH,D724,LALITPUR,27.73
06-12-2025,24.5,78.5,LALITPUR,UTTAR PRADESH,D724,LALITPUR,27.65
07-12-2025,24.5,78.5,LALITPUR,UTTAR PRADESH,D724,LALITPUR,27.53
08-12-2025,24.5,78.5,LALITPUR,UTTAR PRADESH,D724,LALITPUR,27.37
09-12-2025,24.5,78.5,LALITPUR,UTTAR PRADESH,D724,LALITPUR,27.35
10-12-2025,24.5,78.5,LALITPUR,UTTAR PRADESH,D724,LALITPUR,27.32
11-12-2025,24.5,78.5,LALITPUR,UTTAR PRADESH,D724,LALITPUR,26.98
12-12-2025,24.5,78.5,LALITPUR,UTTAR PRADESH,D724,LALITPUR,26.56
13-12-2025,24.5,78.5,LALITPUR,UTTAR PRADESH,D724,LALITPUR,25.81
14-12-2025,24.5,78.5,LALITPUR,UTTAR PRADESH,D724,LALITPUR,25.76
15-12-2025,24.5,78.5,LALITPUR,UTTAR PRADESH,D724,LALITPUR,25.82
16-12-2025,24.5,78.5,LALITPUR,UTTAR PRADESH,D724,LALITPUR,25.79
17-12-2025,24.5,78.5,LALITPUR,UTTAR PRADESH,D724,LALITPUR,25.48
18-12-2025,24.5,78.5,LALITPUR,UTTAR PRADESH,D724,LALITPUR,25.49
19-12-2025,24.5,78.5,LALITPUR,UTTAR PRADESH,D724,LALITPUR,25.43
20-12-2025,24.5,78.5,LALITPUR,UTTAR PRADESH,D724,LALITPUR,25.56
21-12-2025,24.5,78.5,LALITPUR,UTTAR PRADESH,D724,LALITPUR,25.39
22-12-2025,24.5,78.5,LALITPUR,UTTAR PRADESH,D724,LALITPUR,25.44
23-12-2025,24.5,78.5,LALITPUR,UTTAR PRADESH,D724,LALITPUR,25.45
24-12-2025,24.5,78.5,LALITPUR,UTTAR PRADESH,D724,LALITPUR,24.99
25-12-2025,24.5,78.5,LALITPUR,UTTAR PRADESH,D724,LALITPUR,24.37
26-12-2025,24.5,78.5,LALITPUR,UTTAR PRADESH,D724,LALITPUR,24.42
27-12-2025,24.5,78.5,LALITPUR,UTTAR PRADESH,D724,LALITPUR,24.72
28-12-2025,24.5,78.5,LALITPUR,UTTAR PRADESH,D724,LALITPUR,24.11
29-12-2025,24.5,78.5,LALITPUR,UTTAR PRADESH,D724,LALITPUR,24.13
30-12-2025,24.5,78.5,LALITPUR,UTTAR PRADESH,D724,LALITPUR,24.12
31-12-2025,24.5,78.5,LALITPUR,UTTAR PRADESH,D724,LALITPUR,23.15
01-01-2025,27.5,77.5,MATHURA,UTTAR PRADESH,D728,CHHATA,19.71
02-01-2025,27.5,77.5,MATHURA,UTTAR PRADESH,D728,CHHATA,19.24
03-01-2025,27.5,77.5,MATHURA,UTTAR PRADESH,D728,CHHATA,19.34
04-01-2025,27.5,77.5,MATHURA,UTTAR PRADESH,D728,CHHATA,19.24
05-01-2025,27.5,77.5,MATHURA,UTTAR PRADESH,D728,CHHATA,19.23
06-01-2025,27.5,77.5,MATHURA,UTTAR PRADESH,D728,CHHATA,19.28
07-01-2025,27.5,77.5,MATHURA,UTTAR PRADESH,D728,CHHATA,19.17
08-01-2025,27.5,77.5,MATHURA,UTTAR PRADESH,D728,CHHATA,19.02
09-01-2025,27.5,77.5,MATHURA,UTTAR PRADESH,D728,CHHATA,19.26
10-01-2025,27.5,77.5,MATHURA,UTTAR PRADESH,D728,CHHATA,19.43
11-01-2025,27.5,77.5,MATHURA,UTTAR PRADESH,D728,CHHATA,20.04
12-01-2025,27.5,77.5,MATHURA,UTTAR PRADESH,D728,CHHATA,20.64
13-01-2025,27.5,77.5,MATHURA,UTTAR PRADESH,D728,CHHATA,20.9
14-01-2025,27.5,77.5,MATHURA,UTTAR PRADESH,D728,CHHATA,20.58
15-01-2025,27.5,77.5,MATHURA,UTTAR PRADESH,D728,CHHATA,20.18
16-01-2025,27.5,77.5,MATHURA,UTTAR PRADESH,D728,CHHATA,20.15
17-01-2025,27.5,77.5,MATHURA,UTTAR PRADESH,D728,CHHATA,19.41
18-01-2025,27.5,77.5,MATHURA,UTTAR PRADESH,D728,CHHATA,19.76
19-01-2025,27.5,77.5,MATHURA,UTTAR PRADESH,D728,CHHATA,19.78
20-01-2025,27.5,77.5,MATHURA,UTTAR PRADESH,D728,CHHATA,20.08
21-01-2025,27.5,77.5,MATHURA,UTTAR PRADESH,D728,CHHATA,20.36
22-01-2025,27.5,77.5,MATHURA,UTTAR PRADESH,D728,CHHATA,20.19
23-01-2025,27.5,77.5,MATHURA,UTTAR PRADESH,D728,CHHATA,20.92
24-01-2025,27.5,77.5,MATHURA,UTTAR PRADESH,D728,CHHATA,20.59
25-01-2025,27.5,77.5,MATHURA,UTTAR PRADESH,D728,CHHATA,20.56
26-01-2025,27.5,77.5,MATHURA,UTTAR PRADESH,D728,CHHATA,21.18
27-01-2025,27.5,77.5,MATHURA,UTTAR PRADESH,D728,CHHATA,21.85
28-01-2025,27.5,77.5,MATHURA,UTTAR PRADESH,D728,CHHATA,21.79
29-01-2025,27.5,77.5,MATHURA,UTTAR PRADESH,D728,CHHATA,22.07
30-01-2025,27.5,77.5,MATHURA,UTTAR PRADESH,D728,CHHATA,22.6
31-01-2025,27.5,77.5,MATHURA,UTTAR PRADESH,D728,CHHATA,22.72
01-02-2025,27.5,77.5,MATHURA,UTTAR PRADESH,D728,CHHATA,22.78
02-02-2025,27.5,77.5,MATHURA,UTTAR PRADESH,D728,CHHATA,22.93
03-02-2025,27.5,77.5,MATHURA,UTTAR PRADESH,D728,CHHATA,23.29
04-02-2025,27.5,77.5,MATHURA,UTTAR PRADESH,D728,CHHATA,23.41
05-02-2025,27.5,77.5,MATHURA,UTTAR PRADESH,D728,CHHATA,23.55
06-02-2025,27.5,77.5,MATHURA,UTTAR PRADESH,D728,CHHATA,23.78
07-02-2025,27.5,77.5,MATHURA,UTTAR PRADESH,D728,CHHATA,23.46
08-02-2025,27.5,77.5,MATHURA,UTTAR PRADESH,D728,CHHATA,23.57
09-02-2025,27.5,77.5,MATHURA,UTTAR PRADESH,D728,CHHATA,23.81
10-02-2025,27.5,77.5,MATHURA,UTTAR PRADESH,D728,CHHATA,23.87
11-02-2025,27.5,77.5,MATHURA,UTTAR PRADESH,D728,CHHATA,24.13
12-02-2025,27.5,77.5,MATHURA,UTTAR PRADESH,D728,CHHATA,24.29
13-02-2025,27.5,77.5,MATHURA,UTTAR PRADESH,D728,CHHATA,24.99
14-02-2025,27.5,77.5,MATHURA,UTTAR PRADESH,D728,CHHATA,25.43
15-02-2025,27.5,77.5,MATHURA,UTTAR PRADESH,D728,CHHATA,25.3
16-02-2025,27.5,77.5,MATHURA,UTTAR PRADESH,D728,CHHATA,25.44
17-02-2025,27.5,77.5,MATHURA,UTTAR PRADESH,D728,CHHATA,25.93
18-02-2025,27.5,77.5,MATHURA,UTTAR PRADESH,D728,CHHATA,26.78
19-02-2025,27.5,77.5,MATHURA,UTTAR PRADESH,D728,CHHATA,27.25
20-02-2025,27.5,77.5,MATHURA,UTTAR PRADESH,D728,CHHATA,27.26
21-02-2025,27.5,77.5,MATHURA,UTTAR PRADESH,D728,CHHATA,27.29
22-02-2025,27.5,77.5,MATHURA,UTTAR PRADESH,D728,CHHATA,27.07
23-02-2025,27.5,77.5,MATHURA,UTTAR PRADESH,D728,CHHATA,27.07
24-02-2025,27.5,77.5,MATHURA,UTTAR PRADESH,D728,CHHATA,27.07
25-02-2025,27.5,77.5,MATHURA,UTTAR PRADESH,D728,CHHATA,27.59
26-02-2025,27.5,77.5,MATHURA,UTTAR PRADESH,D728,CHHATA,27.16
27-02-2025,27.5,77.5,MATHURA,UTTAR PRADESH,D728,CHHATA,27.88
28-02-2025,27.5,77.5,MATHURA,UTTAR PRADESH,D728,CHHATA,28.08
29-02-2025,27.5,77.5,MATHURA,UTTAR PRADESH,D728,CHHATA,29.23
01-03-2025,27.5,77.5,MATHURA,UTTAR PRADESH,D728,CHHATA,27.94
02-03-2025,27.5,77.5,MATHURA,UTTAR PRADESH,D728,CHHATA,28.25
03-03-2025,27.5,77.5,MATHURA,UTTAR PRADESH,D728,CHHATA,28.81
04-03-2025,27.5,77.5,MATHURA,UTTAR PRADESH,D728,CHHATA,28.84
05-03-2025,27.5,77.5,MATHURA,UTTAR PRADESH,D728,CHHATA,28.64
06-03-2025,27.5,77.5,MATHURA,UTTAR PRADESH,D728,CHHATA,29.09
07-03-2025,27.5,77.5,MATHURA,UTTAR PRADESH,D728,CHHATA,29.77
08-03-2025,27.5,77.5,MATHURA,UTTAR PRADESH,D728,CHHATA,29.84
09-03-2025,27.5,77.5,MATHURA,UTTAR PRADESH,D728,CHHATA,30.04
10-03-2025,27.5,77.5,MATHURA,UTTAR PRADESH,D728,CHHATA,29.7
11-03-2025,27.5,77.5,MATHURA,UTTAR PRADESH,D728,CHHATA,30.05
12-03-2025,27.5,77.5,MATHURA,UTTAR PRADESH,D728,CHHATA,30.01
13-03-2025,27.5,77.5,MATHURA,UTTAR PRADESH,D728,CHHATA,30.3
14-03-2025,27.5,77.5,MATHURA,UTTAR PRADESH,D728,CHHATA,30.12
15-03-2025,27.5,77.5,MATHURA,UTTAR PRADESH,D728,CHHATA,30.39
16-03-2025,27.5,77.5,MATHURA,UTTAR PRADESH,D728,CHHATA,31.52
17-03-2025,27.5,77.5,MATHURA,UTTAR PRADESH,D728,CHHATA,32.23
18-03-2025,27.5,77.5,MATHURA,UTTAR PRADESH,D728,CHHATA,32.37
19-03-2025,27.5,77.5,MATHURA,UTTAR PRADESH,D728,CHHATA,32.48
20-03-2025,27.5,77.5,MATHURA,UTTAR PRADESH,D728,CHHATA,32.76
21-03-2025,27.5,77.5,MATHURA,UTTAR PRADESH,D728,CHHATA,32.66
22-03-2025,27.5,77.5,MATHURA,UTTAR PRADESH,D728,CHHATA,32.84
23-03-2025,27.5,77.5,MATHURA,UTTAR PRADESH,D728,CHHATA,33.51
24-03-2025,27.5,77.5,MATHURA,UTTAR PRADESH,D728,CHHATA,33.86
25-03-2025,27.5,77.5,MATHURA,UTTAR PRADESH,D728,CHHATA,33.98
26-03-2025,27.5,77.5,MATHURA,UTTAR PRADESH,D728,CHHATA,34.03
27-03-2025,27.5,77.5,MATHURA,UTTAR PRADESH,D728,CHHATA,34.38
28-03-2025,27.5,77.5,MATHURA,UTTAR PRADESH,D728,CHHATA,34.99
29-03-2025,27.5,77.5,MATHURA,UTTAR PRADESH,D728,CHHATA,35.2
30-03-2025,27.5,77.5,MATHURA,UTTAR PRADESH,D728,CHHATA,35.07
31-03-2025,27.5,77.5,MATHURA,UTTAR PRADESH,D728,CHHATA,35.21
01-04-2025,27.5,77.5,MATHURA,UTTAR PRADESH,D728,CHHATA,35.69
02-04-2025,27.5,77.5,MATHURA,UTTAR PRADESH,D728,CHHATA,36.23
03-04-2025,27.5,77.5,MATHURA,UTTAR PRADESH,D728,CHHATA,36.41
04-04-2025,27.5,77.5,MATHURA,UTTAR PRADESH,D728,CHHATA,36.12
05-04-2025,27.5,77.5,MATHURA,UTTAR PRADESH,D728,CHHATA,36.56
06-04-2025,27.5,77.5,MATHURA,UTTAR PRADESH,D728,CHHATA,37.06
07-04-2025,27.5,77.5,MATHURA,UTTAR PRADESH,D728,CHHATA,37.07
08-04-2025,27.5,77.5,MATHURA,UTTAR PRADESH,D728,CHHATA,37.39
09-04-2025,27.5,77.5,MATHURA,UTTAR PRADESH,D728,CHHATA,37.58
10-04-2025,27.5,77.5,MATHURA,UTTAR PRADESH,D728,CHHATA,37.71
11-04-2025,27.5,77.5,MATHURA,UTTAR PRADESH,D728,CHHATA,37.93
12-04-2025,27.5,77.5,MATHURA,UTTAR PRADESH,D728,CHHATA,37.96
13-04-2025,27.5,77.5,MATHURA,UTTAR PRADESH,D728,CHHATA,38.26
14-04-2025,27.5,77.5,MATHURA,UTTAR PRADESH,D728,CHHATA,38.49
15-04-2025,27.5,77.5,MATHURA,UTTAR PRADESH,D728,CHHATA,39.17
16-04-2025,27.5,77.5,MATHURA,UTTAR PRADESH,D728,CHHATA,38.73
17-04-2025,27.5,77.5,MATHURA,UTTAR PRADESH,D728,CHHATA,38.7
18-04-2025,27.5,77.5,MATHURA,UTTAR PRADESH,D728,CHHATA,38.58
19-04-2025,27.5,77.5,MATHURA,UTTAR PRADESH,D728,CHHATA,38.98
20-04-2025,27.5,77.5,MATHURA,UTTAR PRADESH,D728,CHHATA,39.06
21-04-2025,27.5,77.5,MATHURA,UTTAR PRADESH,D728,CHHATA,38.76
22-04-2025,27.5,77.5,MATHURA,UTTAR PRADESH,D728,CHHATA,39.07
23-04-2025,27.5,77.5,MATHURA,UTTAR PRADESH,D728,CHHATA,39.22
24-04-2025,27.5,77.5,MATHURA,UTTAR PRADESH,D728,CHHATA,39.6
25-04-2025,27.5,77.5,MATHURA,UTTAR PRADESH,D728,CHHATA,40.12
26-04-2025,27.5,77.5,MATHURA,UTTAR PRADESH,D728,CHHATA,40.28
27-04-2025,27.5,77.5,MATHURA,UTTAR PRADESH,D728,CHHATA,40.1
28-04-2025,27.5,77.5,MATHURA,UTTAR PRADESH,D728,CHHATA,40.37
29-04-2025,27.5,77.5,MATHURA,UTTAR PRADESH,D728,CHHATA,40.52
30-04-2025,27.5,77.5,MATHURA,UTTAR PRADESH,D728,CHHATA,40.28
01-05-2025,27.5,77.5,MATHURA,UTTAR PRADESH,D728,CHHATA,40.12
02-05-2025,27.5,77.5,MATHURA,UTTAR PRADESH,D728,CHHATA,39.8
03-05-2025,27.5,77.5,MATHURA,UTTAR PRADESH,D728,CHHATA,39.86
04-05-2025,27.5,77.5,MATHURA,UTTAR PRADESH,D728,CHHATA,40.11
05-05-2025,27.5,77.5,MATHURA,UTTAR PRADESH,D728,CHHATA,39.73
06-05-2025,27.5,77.5,MATHURA,UTTAR PRADESH,D728,CHHATA,40.28
07-05-2025,27.5,77.5,MATHURA,UTTAR PRADESH,D728,CHHATA,40.68
08-05-2025,27.5,77.5,MATHURA,UTTAR PRADESH,D728,CHHATA,40.63
09-05-2025,27.5,77.5,MATHURA,UTTAR PRADESH,D728,CHHATA,40.64
10-05-2025,27.5,77.5,MATHURA,UTTAR PRADESH,D728,CHHATA,40.48
11-05-2025,27.5,77.5,MATHURA,UTTAR PRADESH,D728,CHHATA,40.71
12-05-2025,27.5,77.5,MATHURA,UTTAR PRADESH,D728,CHHATA,40.39
13-05-2025,27.5,77.5,MATHURA,UTTAR PRADESH,D728,CHHATA,40.8
14-05-2025,27.5,77.5,MATHURA,UTTAR PRADESH,D728,CHHATA,40.89
15-05-2025,27.5,77.5,MATHURA,UTTAR PRADESH,D728,CHHATA,41.25
16-05-2025,27.5,77.5,MATHURA,UTTAR PRADESH,D728,CHHATA,41.4
17-05-2025,27.5,77.5,MATHURA,UTTAR PRADESH,D728,CHHATA,41.51
18-05-2025,27.5,77.5,MATHURA,UTTAR PRADESH,D728,CHHATA,41.31
19-05-2025,27.5,77.5,MATHURA,UTTAR PRADESH,D728,CHHATA,41.67
20-05-2025,27.5,77.5,MATHURA,UTTAR PRADESH,D728,CHHATA,41.58
21-05-2025,27.5,77.5,MATHURA,UTTAR PRADESH,D728,CHHATA,41.68
22-05-2025,27.5,77.5,MATHURA,UTTAR PRADESH,D728,CHHATA,41.5
23-05-2025,27.5,77.5,MATHURA,UTTAR PRADESH,D728,CHHATA,41.16
24-05-2025,27.5,77.5,MATHURA,UTTAR PRADESH,D728,CHHATA,40.9
25-05-2025,27.5,77.5,MATHURA,UTTAR PRADESH,D728,CHHATA,41.57
26-05-2025,27.5,77.5,MATHURA,UTTAR PRADESH,D728,CHHATA,41.82
27-05-2025,27.5,77.5,MATHURA,UTTAR PRADESH,D728,CHHATA,41.85
28-05-2025,27.5,77.5,MATHURA,UTTAR PRADESH,D728,CHHATA,42.01
29-05-2025,27.5,77.5,MATHURA,UTTAR PRADESH,D728,CHHATA,41.48
30-05-2025,27.5,77.5,MATHURA,UTTAR PRADESH,D728,CHHATA,40.9
31-05-2025,27.5,77.5,MATHURA,UTTAR PRADESH,D728,CHHATA,41.78
01-06-2025,27.5,77.5,MATHURA,UTTAR PRADESH,D728,CHHATA,40.7
02-06-2025,27.5,77.5,MATHURA,UTTAR PRADESH,D728,CHHATA,40.7
03-06-2025,27.5,77.5,MATHURA,UTTAR PRADESH,D728,CHHATA,41.15
04-06-2025,27.5,77.5,MATHURA,UTTAR PRADESH,D728,CHHATA,41.12
05-06-2025,27.5,77.5,MATHURA,UTTAR PRADESH,D728,CHHATA,41.43
06-06-2025,27.5,77.5,MATHURA,UTTAR PRADESH,D728,CHHATA,40.71
07-06-2025,27.5,77.5,MATHURA,UTTAR PRADESH,D728,CHHATA,40.69
08-06-2025,27.5,77.5,MATHURA,UTTAR PRADESH,D728,CHHATA,41.21
09-06-2025,27.5,77.5,MATHURA,UTTAR PRADESH,D728,CHHATA,41.36
10-06-2025,27.5,77.5,MATHURA,UTTAR PRADESH,D728,CHHATA,41.18
11-06-2025,27.5,77.5,MATHURA,UTTAR PRADESH,D728,CHHATA,41.3
12-06-2025,27.5,77.5,MATHURA,UTTAR PRADESH,D728,CHHATA,41.07
13-06-2025,27.5,77.5,MATHURA,UTTAR PRADESH,D728,CHHATA,40.78
14-06-2025,27.5,77.5,MATHURA,UTTAR PRADESH,D728,CHHATA,40.65
15-06-2025,27.5,77.5,MATHURA,UTTAR PRADESH,D728,CHHATA,40.36
16-06-2025,27.5,77.5,MATHURA,UTTAR PRADESH,D728,CHHATA,39.91
17-06-2025,27.5,77.5,MATHURA,UTTAR PRADESH,D728,CHHATA,39.45
18-06-2025,27.5,77.5,MATHURA,UTTAR PRADESH,D728,CHHATA,38.63
19-06-2025,27.5,77.5,MATHURA,UTTAR PRADESH,D728,CHHATA,38.68
20-06-2025,27.5,77.5,MATHURA,UTTAR PRADESH,D728,CHHATA,38.73
21-06-2025,27.5,77.5,MATHURA,UTTAR PRADESH,D728,CHHATA,38.65
22-06-2025,27.5,77.5,MATHURA,UTTAR PRADESH,D728,CHHATA,39.27
23-06-2025,27.5,77.5,MATHURA,UTTAR PRADESH,D728,CHHATA,39.39
24-06-2025,27.5,77.5,MATHURA,UTTAR PRADESH,D728,CHHATA,38.34
25-06-2025,27.5,77.5,MATHURA,UTTAR PRADESH,D728,CHHATA,38.05
26-06-2025,27.5,77.5,MATHURA,UTTAR PRADESH,D728,CHHATA,38.25
27-06-2025,27.5,77.5,MATHURA,UTTAR PRADESH,D728,CHHATA,38
28-06-2025,27.5,77.5,MATHURA,UTTAR PRADESH,D728,CHHATA,37.58
29-06-2025,27.5,77.5,MATHURA,UTTAR PRADESH,D728,CHHATA,37.25
30-06-2025,27.5,77.5,MATHURA,UTTAR PRADESH,D728,CHHATA,36.71
01-07-2025,27.5,77.5,MATHURA,UTTAR PRADESH,D728,CHHATA,36.92
02-07-2025,27.5,77.5,MATHURA,UTTAR PRADESH,D728,CHHATA,37.08
03-07-2025,27.5,77.5,MATHURA,UTTAR PRADESH,D728,CHHATA,37.38
04-07-2025,27.5,77.5,MATHURA,UTTAR PRADESH,D728,CHHATA,37.18
05-07-2025,27.5,77.5,MATHURA,UTTAR PRADESH,D728,CHHATA,37
06-07-2025,27.5,77.5,MATHURA,UTTAR PRADESH,D728,CHHATA,36.19
07-07-2025,27.5,77.5,MATHURA,UTTAR PRADESH,D728,CHHATA,36.71
08-07-2025,27.5,77.5,MATHURA,UTTAR PRADESH,D728,CHHATA,36.76
09-07-2025,27.5,77.5,MATHURA,UTTAR PRADESH,D728,CHHATA,36.31
10-07-2025,27.5,77.5,MATHURA,UTTAR PRADESH,D728,CHHATA,36.22
11-07-2025,27.5,77.5,MATHURA,UTTAR PRADESH,D728,CHHATA,35.78
12-07-2025,27.5,77.5,MATHURA,UTTAR PRADESH,D728,CHHATA,35.03
13-07-2025,27.5,77.5,MATHURA,UTTAR PRADESH,D728,CHHATA,35.17
14-07-2025,27.5,77.5,MATHURA,UTTAR PRADESH,D728,CHHATA,35.09
15-07-2025,27.5,77.5,MATHURA,UTTAR PRADESH,D728,CHHATA,34.71
16-07-2025,27.5,77.5,MATHURA,UTTAR PRADESH,D728,CHHATA,34.7
17-07-2025,27.5,77.5,MATHURA,UTTAR PRADESH,D728,CHHATA,34.93
18-07-2025,27.5,77.5,MATHURA,UTTAR PRADESH,D728,CHHATA,35.25
19-07-2025,27.5,77.5,MATHURA,UTTAR PRADESH,D728,CHHATA,35.38
20-07-2025,27.5,77.5,MATHURA,UTTAR PRADESH,D728,CHHATA,35.1
21-07-2025,27.5,77.5,MATHURA,UTTAR PRADESH,D728,CHHATA,35.11
22-07-2025,27.5,77.5,MATHURA,UTTAR PRADESH,D728,CHHATA,34.43
23-07-2025,27.5,77.5,MATHURA,UTTAR PRADESH,D728,CHHATA,34.6
24-07-2025,27.5,77.5,MATHURA,UTTAR PRADESH,D728,CHHATA,34.86
25-07-2025,27.5,77.5,MATHURA,UTTAR PRADESH,D728,CHHATA,34.38
26-07-2025,27.5,77.5,MATHURA,UTTAR PRADESH,D728,CHHATA,34.16
27-07-2025,27.5,77.5,MATHURA,UTTAR PRADESH,D728,CHHATA,34.45
28-07-2025,27.5,77.5,MATHURA,UTTAR PRADESH,D728,CHHATA,33.94
29-07-2025,27.5,77.5,MATHURA,UTTAR PRADESH,D728,CHHATA,33.8
30-07-2025,27.5,77.5,MATHURA,UTTAR PRADESH,D728,CHHATA,33.79
31-07-2025,27.5,77.5,MATHURA,UTTAR PRADESH,D728,CHHATA,33.56
01-08-2025,27.5,77.5,MATHURA,UTTAR PRADESH,D728,CHHATA,33.75
02-08-2025,27.5,77.5,MATHURA,UTTAR PRADESH,D728,CHHATA,33.87
03-08-2025,27.5,77.5,MATHURA,UTTAR PRADESH,D728,CHHATA,33.53
04-08-2025,27.5,77.5,MATHURA,UTTAR PRADESH,D728,CHHATA,33.46
05-08-2025,27.5,77.5,MATHURA,UTTAR PRADESH,D728,CHHATA,33.94
06-08-2025,27.5,77.5,MATHURA,UTTAR PRADESH,D728,CHHATA,34.11
07-08-2025,27.5,77.5,MATHURA,UTTAR PRADESH,D728,CHHATA,33.94
08-08-2025,27.5,77.5,MATHURA,UTTAR PRADESH,D728,CHHATA,34.03
09-08-2025,27.5,77.5,MATHURA,UTTAR PRADESH,D728,CHHATA,33.54
10-08-2025,27.5,77.5,MATHURA,UTTAR PRADESH,D728,CHHATA,34.05
11-08-2025,27.5,77.5,MATHURA,UTTAR PRADESH,D728,CHHATA,33.74
12-08-2025,27.5,77.5,MATHURA,UTTAR PRADESH,D728,CHHATA,33.73
13-08-2025,27.5,77.5,MATHURA,UTTAR PRADESH,D728,CHHATA,33.69
14-08-2025,27.5,77.5,MATHURA,UTTAR PRADESH,D728,CHHATA,33.19
15-08-2025,27.5,77.5,MATHURA,UTTAR PRADESH,D728,CHHATA,33.16
16-08-2025,27.5,77.5,MATHURA,UTTAR PRADESH,D728,CHHATA,33.52
17-08-2025,27.5,77.5,MATHURA,UTTAR PRADESH,D728,CHHATA,34.05
18-08-2025,27.5,77.5,MATHURA,UTTAR PRADESH,D728,CHHATA,34.39
19-08-2025,27.5,77.5,MATHURA,UTTAR PRADESH,D728,CHHATA,34.08
20-08-2025,27.5,77.5,MATHURA,UTTAR PRADESH,D728,CHHATA,33.67
21-08-2025,27.5,77.5,MATHURA,UTTAR PRADESH,D728,CHHATA,33.71
22-08-2025,27.5,77.5,MATHURA,UTTAR PRADESH,D728,CHHATA,33.65
23-08-2025,27.5,77.5,MATHURA,UTTAR PRADESH,D728,CHHATA,33.43
24-08-2025,27.5,77.5,MATHURA,UTTAR PRADESH,D728,CHHATA,33.74
25-08-2025,27.5,77.5,MATHURA,UTTAR PRADESH,D728,CHHATA,33.87
26-08-2025,27.5,77.5,MATHURA,UTTAR PRADESH,D728,CHHATA,34.14
27-08-2025,27.5,77.5,MATHURA,UTTAR PRADESH,D728,CHHATA,34.62
28-08-2025,27.5,77.5,MATHURA,UTTAR PRADESH,D728,CHHATA,34.4
29-08-2025,27.5,77.5,MATHURA,UTTAR PRADESH,D728,CHHATA,34.46
30-08-2025,27.5,77.5,MATHURA,UTTAR PRADESH,D728,CHHATA,34.3
31-08-2025,27.5,77.5,MATHURA,UTTAR PRADESH,D728,CHHATA,34.44
01-09-2025,27.5,77.5,MATHURA,UTTAR PRADESH,D728,CHHATA,34.25
02-09-2025,27.5,77.5,MATHURA,UTTAR PRADESH,D728,CHHATA,34.38
03-09-2025,27.5,77.5,MATHURA,UTTAR PRADESH,D728,CHHATA,34.5
04-09-2025,27.5,77.5,MATHURA,UTTAR PRADESH,D728,CHHATA,34.4
05-09-2025,27.5,77.5,MATHURA,UTTAR PRADESH,D728,CHHATA,34.31
06-09-2025,27.5,77.5,MATHURA,UTTAR PRADESH,D728,CHHATA,34.5
07-09-2025,27.5,77.5,MATHURA,UTTAR PRADESH,D728,CHHATA,34.3
08-09-2025,27.5,77.5,MATHURA,UTTAR PRADESH,D728,CHHATA,34.16
09-09-2025,27.5,77.5,MATHURA,UTTAR PRADESH,D728,CHHATA,34.42
10-09-2025,27.5,77.5,MATHURA,UTTAR PRADESH,D728,CHHATA,34.36
11-09-2025,27.5,77.5,MATHURA,UTTAR PRADESH,D728,CHHATA,34.06
12-09-2025,27.5,77.5,MATHURA,UTTAR PRADESH,D728,CHHATA,33.84
13-09-2025,27.5,77.5,MATHURA,UTTAR PRADESH,D728,CHHATA,33.96
14-09-2025,27.5,77.5,MATHURA,UTTAR PRADESH,D728,CHHATA,34.48
15-09-2025,27.5,77.5,MATHURA,UTTAR PRADESH,D728,CHHATA,34.4
16-09-2025,27.5,77.5,MATHURA,UTTAR PRADESH,D728,CHHATA,33.8
17-09-2025,27.5,77.5,MATHURA,UTTAR PRADESH,D728,CHHATA,34.08
18-09-2025,27.5,77.5,MATHURA,UTTAR PRADESH,D728,CHHATA,34.2
19-09-2025,27.5,77.5,MATHURA,UTTAR PRADESH,D728,CHHATA,34.45
20-09-2025,27.5,77.5,MATHURA,UTTAR PRADESH,D728,CHHATA,34.77
21-09-2025,27.5,77.5,MATHURA,UTTAR PRADESH,D728,CHHATA,34.66
22-09-2025,27.5,77.5,MATHURA,UTTAR PRADESH,D728,CHHATA,34.22
23-09-2025,27.5,77.5,MATHURA,UTTAR PRADESH,D728,CHHATA,34.07
24-09-2025,27.5,77.5,MATHURA,UTTAR PRADESH,D728,CHHATA,33.85
25-09-2025,27.5,77.5,MATHURA,UTTAR PRADESH,D728,CHHATA,34.02
26-09-2025,27.5,77.5,MATHURA,UTTAR PRADESH,D728,CHHATA,34.35
27-09-2025,27.5,77.5,MATHURA,UTTAR PRADESH,D728,CHHATA,34.83
28-09-2025,27.5,77.5,MATHURA,UTTAR PRADESH,D728,CHHATA,34.82
29-09-2025,27.5,77.5,MATHURA,UTTAR PRADESH,D728,CHHATA,35.13
30-09-2025,27.5,77.5,MATHURA,UTTAR PRADESH,D728,CHHATA,34.94
01-10-2025,27.5,77.5,MATHURA,UTTAR PRADESH,D728,CHHATA,35.02
02-10-2025,27.5,77.5,MATHURA,UTTAR PRADESH,D728,CHHATA,35.04
03-10-2025,27.5,77.5,MATHURA,UTTAR PRADESH,D728,CHHATA,34.68
04-10-2025,27.5,77.5,MATHURA,UTTAR PRADESH,D728,CHHATA,34.56
05-10-2025,27.5,77.5,MATHURA,UTTAR PRADESH,D728,CHHATA,34.67
06-10-2025,27.5,77.5,MATHURA,UTTAR PRADESH,D728,CHHATA,34.27
07-10-2025,27.5,77.5,MATHURA,UTTAR PRADESH,D728,CHHATA,34.28
08-10-2025,27.5,77.5,MATHURA,UTTAR PRADESH,D728,CHHATA,34.26
09-10-2025,27.5,77.5,MATHURA,UTTAR PRADESH,D728,CHHATA,34.66
10-10-2025,27.5,77.5,MATHURA,UTTAR PRADESH,D728,CHHATA,34.62
11-10-2025,27.5,77.5,MATHURA,UTTAR PRADESH,D728,CHHATA,34.31
12-10-2025,27.5,77.5,MATHURA,UTTAR PRADESH,D728,CHHATA,34.32
13-10-2025,27.5,77.5,MATHURA,UTTAR PRADESH,D728,CHHATA,34.23
14-10-2025,27.5,77.5,MATHURA,UTTAR PRADESH,D728,CHHATA,34.13
15-10-2025,27.5,77.5,MATHURA,UTTAR PRADESH,D728,CHHATA,34
16-10-2025,27.5,77.5,MATHURA,UTTAR PRADESH,D728,CHHATA,33.92
17-10-2025,27.5,77.5,MATHURA,UTTAR PRADESH,D728,CHHATA,33.38
18-10-2025,27.5,77.5,MATHURA,UTTAR PRADESH,D728,CHHATA,33.5
19-10-2025,27.5,77.5,MATHURA,UTTAR PRADESH,D728,CHHATA,33.46
20-10-2025,27.5,77.5,MATHURA,UTTAR PRADESH,D728,CHHATA,33.7
21-10-2025,27.5,77.5,MATHURA,UTTAR PRADESH,D728,CHHATA,33.52
22-10-2025,27.5,77.5,MATHURA,UTTAR PRADESH,D728,CHHATA,33.23
23-10-2025,27.5,77.5,MATHURA,UTTAR PRADESH,D728,CHHATA,33.01
24-10-2025,27.5,77.5,MATHURA,UTTAR PRADESH,D728,CHHATA,32.6
25-10-2025,27.5,77.5,MATHURA,UTTAR PRADESH,D728,CHHATA,32.63
26-10-2025,27.5,77.5,MATHURA,UTTAR PRADESH,D728,CHHATA,32.45
27-10-2025,27.5,77.5,MATHURA,UTTAR PRADESH,D728,CHHATA,32.34
28-10-2025,27.5,77.5,MATHURA,UTTAR PRADESH,D728,CHHATA,31.9
29-10-2025,27.5,77.5,MATHURA,UTTAR PRADESH,D728,CHHATA,31.99
30-10-2025,27.5,77.5,MATHURA,UTTAR PRADESH,D728,CHHATA,31.99
31-10-2025,27.5,77.5,MATHURA,UTTAR PRADESH,D728,CHHATA,31.93
01-11-2025,27.5,77.5,MATHURA,UTTAR PRADESH,D728,CHHATA,32.05
02-11-2025,27.5,77.5,MATHURA,UTTAR PRADESH,D728,CHHATA,31.75
03-11-2025,27.5,77.5,MATHURA,UTTAR PRADESH,D728,CHHATA,31.64
04-11-2025,27.5,77.5,MATHURA,UTTAR PRADESH,D728,CHHATA,31.35
05-11-2025,27.5,77.5,MATHURA,UTTAR PRADESH,D728,CHHATA,31.23
06-11-2025,27.5,77.5,MATHURA,UTTAR PRADESH,D728,CHHATA,30.9
07-11-2025,27.5,77.5,MATHURA,UTTAR PRADESH,D728,CHHATA,30.39
08-11-2025,27.5,77.5,MATHURA,UTTAR PRADESH,D728,CHHATA,30.37
09-11-2025,27.5,77.5,MATHURA,UTTAR PRADESH,D728,CHHATA,30.12
10-11-2025,27.5,77.5,MATHURA,UTTAR PRADESH,D728,CHHATA,29.96
11-11-2025,27.5,77.5,MATHURA,UTTAR PRADESH,D728,CHHATA,29.77
12-11-2025,27.5,77.5,MATHURA,UTTAR PRADESH,D728,CHHATA,29.63
13-11-2025,27.5,77.5,MATHURA,UTTAR PRADESH,D728,CHHATA,29.22
14-11-2025,27.5,77.5,MATHURA,UTTAR PRADESH,D728,CHHATA,29.21
15-11-2025,27.5,77.5,MATHURA,UTTAR PRADESH,D728,CHHATA,29.1
16-11-2025,27.5,77.5,MATHURA,UTTAR PRADESH,D728,CHHATA,28.7
17-11-2025,27.5,77.5,MATHURA,UTTAR PRADESH,D728,CHHATA,28.5
18-11-2025,27.5,77.5,MATHURA,UTTAR PRADESH,D728,CHHATA,28.27
19-11-2025,27.5,77.5,MATHURA,UTTAR PRADESH,D728,CHHATA,28.12
20-11-2025,27.5,77.5,MATHURA,UTTAR PRADESH,D728,CHHATA,27.86
21-11-2025,27.5,77.5,MATHURA,UTTAR PRADESH,D728,CHHATA,27.9
22-11-2025,27.5,77.5,MATHURA,UTTAR PRADESH,D728,CHHATA,27.75
23-11-2025,27.5,77.5,MATHURA,UTTAR PRADESH,D728,CHHATA,27.64
24-11-2025,27.5,77.5,MATHURA,UTTAR PRADESH,D728,CHHATA,27.41
25-11-2025,27.5,77.5,MATHURA,UTTAR PRADESH,D728,CHHATA,27.39
26-11-2025,27.5,77.5,MATHURA,UTTAR PRADESH,D728,CHHATA,27.1
27-11-2025,27.5,77.5,MATHURA,UTTAR PRADESH,D728,CHHATA,26.73
28-11-2025,27.5,77.5,MATHURA,UTTAR PRADESH,D728,CHHATA,26.45
29-11-2025,27.5,77.5,MATHURA,UTTAR PRADESH,D728,CHHATA,26.39
30-11-2025,27.5,77.5,MATHURA,UTTAR PRADESH,D728,CHHATA,26.3
01-12-2025,27.5,77.5,MATHURA,UTTAR PRADESH,D728,CHHATA,26.08
02-12-2025,27.5,77.5,MATHURA,UTTAR PRADESH,D728,CHHATA,25.67
03-12-2025,27.5,77.5,MATHURA,UTTAR PRADESH,D728,CHHATA,25.92
04-12-2025,27.5,77.5,MATHURA,UTTAR PRADESH,D728,CHHATA,25.91
05-12-2025,27.5,77.5,MATHURA,UTTAR PRADESH,D728,CHHATA,25.98
06-12-2025,27.5,77.5,MATHURA,UTTAR PRADESH,D728,CHHATA,25.77
07-12-2025,27.5,77.5,MATHURA,UTTAR PRADESH,D728,CHHATA,25.34
08-12-2025,27.5,77.5,MATHURA,UTTAR PRADESH,D728,CHHATA,25.3
09-12-2025,27.5,77.5,MATHURA,UTTAR PRADESH,D728,CHHATA,25.09
10-12-2025,27.5,77.5,MATHURA,UTTAR PRADESH,D728,CHHATA,24.63
11-12-2025,27.5,77.5,MATHURA,UTTAR PRADESH,D728,CHHATA,24.39
12-12-2025,27.5,77.5,MATHURA,UTTAR PRADESH,D728,CHHATA,23.66
13-12-2025,27.5,77.5,MATHURA,UTTAR PRADESH,D728,CHHATA,23.21
14-12-2025,27.5,77.5,MATHURA,UTTAR PRADESH,D728,CHHATA,22.9
15-12-2025,27.5,77.5,MATHURA,UTTAR PRADESH,D728,CHHATA,23.22
16-12-2025,27.5,77.5,MATHURA,UTTAR PRADESH,D728,CHHATA,22.96
17-12-2025,27.5,77.5,MATHURA,UTTAR PRADESH,D728,CHHATA,22.92
18-12-2025,27.5,77.5,MATHURA,UTTAR PRADESH,D728,CHHATA,22.38
19-12-2025,27.5,77.5,MATHURA,UTTAR PRADESH,D728,CHHATA,22.08
20-12-2025,27.5,77.5,MATHURA,UTTAR PRADESH,D728,CHHATA,21.8
21-12-2025,27.5,77.5,MATHURA,UTTAR PRADESH,D728,CHHATA,21.7
22-12-2025,27.5,77.5,MATHURA,UTTAR PRADESH,D728,CHHATA,21.87
23-12-2025,27.5,77.5,MATHURA,UTTAR PRADESH,D728,CHHATA,21.41
24-12-2025,27.5,77.5,MATHURA,UTTAR PRADESH,D728,CHHATA,21.15
25-12-2025,27.5,77.5,MATHURA,UTTAR PRADESH,D728,CHHATA,20.7
26-12-2025,27.5,77.5,MATHURA,UTTAR PRADESH,D728,CHHATA,20.77
27-12-2025,27.5,77.5,MATHURA,UTTAR PRADESH,D728,CHHATA,20.96
28-12-2025,27.5,77.5,MATHURA,UTTAR PRADESH,D728,CHHATA,20.43
29-12-2025,27.5,77.5,MATHURA,UTTAR PRADESH,D728,CHHATA,20.39
30-12-2025,27.5,77.5,MATHURA,UTTAR PRADESH,D728,CHHATA,20.11
31-12-2025,27.5,77.5,MATHURA,UTTAR PRADESH,D728,CHHATA,19.15
01-01-2025,29.5,77.5,MUZAFFARNAGAR,UTTAR PRADESH,D733,BUDHANA,17.68
02-01-2025,29.5,77.5,MUZAFFARNAGAR,UTTAR PRADESH,D733,BUDHANA,17.68
03-01-2025,29.5,77.5,MUZAFFARNAGAR,UTTAR PRADESH,D733,BUDHANA,17.74
04-01-2025,29.5,77.5,MUZAFFARNAGAR,UTTAR PRADESH,D733,BUDHANA,17.58
05-01-2025,29.5,77.5,MUZAFFARNAGAR,UTTAR PRADESH,D733,BUDHANA,17.46
06-01-2025,29.5,77.5,MUZAFFARNAGAR,UTTAR PRADESH,D733,BUDHANA,17.7
07-01-2025,29.5,77.5,MUZAFFARNAGAR,UTTAR PRADESH,D733,BUDHANA,17.49
08-01-2025,29.5,77.5,MUZAFFARNAGAR,UTTAR PRADESH,D733,BUDHANA,17.24
09-01-2025,29.5,77.5,MUZAFFARNAGAR,UTTAR PRADESH,D733,BUDHANA,17.15
10-01-2025,29.5,77.5,MUZAFFARNAGAR,UTTAR PRADESH,D733,BUDHANA,17.47
11-01-2025,29.5,77.5,MUZAFFARNAGAR,UTTAR PRADESH,D733,BUDHANA,18.05
12-01-2025,29.5,77.5,MUZAFFARNAGAR,UTTAR PRADESH,D733,BUDHANA,18.31
13-01-2025,29.5,77.5,MUZAFFARNAGAR,UTTAR PRADESH,D733,BUDHANA,18.69
14-01-2025,29.5,77.5,MUZAFFARNAGAR,UTTAR PRADESH,D733,BUDHANA,18.71
15-01-2025,29.5,77.5,MUZAFFARNAGAR,UTTAR PRADESH,D733,BUDHANA,18.24
16-01-2025,29.5,77.5,MUZAFFARNAGAR,UTTAR PRADESH,D733,BUDHANA,18.14
17-01-2025,29.5,77.5,MUZAFFARNAGAR,UTTAR PRADESH,D733,BUDHANA,17.53
18-01-2025,29.5,77.5,MUZAFFARNAGAR,UTTAR PRADESH,D733,BUDHANA,18.07
19-01-2025,29.5,77.5,MUZAFFARNAGAR,UTTAR PRADESH,D733,BUDHANA,18.29
20-01-2025,29.5,77.5,MUZAFFARNAGAR,UTTAR PRADESH,D733,BUDHANA,18.15
21-01-2025,29.5,77.5,MUZAFFARNAGAR,UTTAR PRADESH,D733,BUDHANA,18.24
22-01-2025,29.5,77.5,MUZAFFARNAGAR,UTTAR PRADESH,D733,BUDHANA,18.09
23-01-2025,29.5,77.5,MUZAFFARNAGAR,UTTAR PRADESH,D733,BUDHANA,18.62
24-01-2025,29.5,77.5,MUZAFFARNAGAR,UTTAR PRADESH,D733,BUDHANA,18.46
25-01-2025,29.5,77.5,MUZAFFARNAGAR,UTTAR PRADESH,D733,BUDHANA,18.67
26-01-2025,29.5,77.5,MUZAFFARNAGAR,UTTAR PRADESH,D733,BUDHANA,18.96
27-01-2025,29.5,77.5,MUZAFFARNAGAR,UTTAR PRADESH,D733,BUDHANA,19.71
28-01-2025,29.5,77.5,MUZAFFARNAGAR,UTTAR PRADESH,D733,BUDHANA,19.85
29-01-2025,29.5,77.5,MUZAFFARNAGAR,UTTAR PRADESH,D733,BUDHANA,20.05
30-01-2025,29.5,77.5,MUZAFFARNAGAR,UTTAR PRADESH,D733,BUDHANA,20.46
31-01-2025,29.5,77.5,MUZAFFARNAGAR,UTTAR PRADESH,D733,BUDHANA,20.27
01-02-2025,29.5,77.5,MUZAFFARNAGAR,UTTAR PRADESH,D733,BUDHANA,20.05
02-02-2025,29.5,77.5,MUZAFFARNAGAR,UTTAR PRADESH,D733,BUDHANA,20.76
03-02-2025,29.5,77.5,MUZAFFARNAGAR,UTTAR PRADESH,D733,BUDHANA,20.68
04-02-2025,29.5,77.5,MUZAFFARNAGAR,UTTAR PRADESH,D733,BUDHANA,20.65
05-02-2025,29.5,77.5,MUZAFFARNAGAR,UTTAR PRADESH,D733,BUDHANA,20.67
06-02-2025,29.5,77.5,MUZAFFARNAGAR,UTTAR PRADESH,D733,BUDHANA,21.15
07-02-2025,29.5,77.5,MUZAFFARNAGAR,UTTAR PRADESH,D733,BUDHANA,20.93
08-02-2025,29.5,77.5,MUZAFFARNAGAR,UTTAR PRADESH,D733,BUDHANA,21
09-02-2025,29.5,77.5,MUZAFFARNAGAR,UTTAR PRADESH,D733,BUDHANA,21.44
10-02-2025,29.5,77.5,MUZAFFARNAGAR,UTTAR PRADESH,D733,BUDHANA,21.68
11-02-2025,29.5,77.5,MUZAFFARNAGAR,UTTAR PRADESH,D733,BUDHANA,21.61
12-02-2025,29.5,77.5,MUZAFFARNAGAR,UTTAR PRADESH,D733,BUDHANA,21.8
13-02-2025,29.5,77.5,MUZAFFARNAGAR,UTTAR PRADESH,D733,BUDHANA,22.28
14-02-2025,29.5,77.5,MUZAFFARNAGAR,UTTAR PRADESH,D733,BUDHANA,22.57
15-02-2025,29.5,77.5,MUZAFFARNAGAR,UTTAR PRADESH,D733,BUDHANA,22.45
16-02-2025,29.5,77.5,MUZAFFARNAGAR,UTTAR PRADESH,D733,BUDHANA,22.66
17-02-2025,29.5,77.5,MUZAFFARNAGAR,UTTAR PRADESH,D733,BUDHANA,23.14
18-02-2025,29.5,77.5,MUZAFFARNAGAR,UTTAR PRADESH,D733,BUDHANA,23.85
19-02-2025,29.5,77.5,MUZAFFARNAGAR,UTTAR PRADESH,D733,BUDHANA,24.19
20-02-2025,29.5,77.5,MUZAFFARNAGAR,UTTAR PRADESH,D733,BUDHANA,23.85
21-02-2025,29.5,77.5,MUZAFFARNAGAR,UTTAR PRADESH,D733,BUDHANA,24.01
22-02-2025,29.5,77.5,MUZAFFARNAGAR,UTTAR PRADESH,D733,BUDHANA,24.15
23-02-2025,29.5,77.5,MUZAFFARNAGAR,UTTAR PRADESH,D733,BUDHANA,24.14
24-02-2025,29.5,77.5,MUZAFFARNAGAR,UTTAR PRADESH,D733,BUDHANA,23.95
25-02-2025,29.5,77.5,MUZAFFARNAGAR,UTTAR PRADESH,D733,BUDHANA,24.44
26-02-2025,29.5,77.5,MUZAFFARNAGAR,UTTAR PRADESH,D733,BUDHANA,24.21
27-02-2025,29.5,77.5,MUZAFFARNAGAR,UTTAR PRADESH,D733,BUDHANA,24.19
28-02-2025,29.5,77.5,MUZAFFARNAGAR,UTTAR PRADESH,D733,BUDHANA,24.36
29-02-2025,29.5,77.5,MUZAFFARNAGAR,UTTAR PRADESH,D733,BUDHANA,26.18
01-03-2025,29.5,77.5,MUZAFFARNAGAR,UTTAR PRADESH,D733,BUDHANA,24.45
02-03-2025,29.5,77.5,MUZAFFARNAGAR,UTTAR PRADESH,D733,BUDHANA,24.74
03-03-2025,29.5,77.5,MUZAFFARNAGAR,UTTAR PRADESH,D733,BUDHANA,25.12
04-03-2025,29.5,77.5,MUZAFFARNAGAR,UTTAR PRADESH,D733,BUDHANA,25.2
05-03-2025,29.5,77.5,MUZAFFARNAGAR,UTTAR PRADESH,D733,BUDHANA,25.33
06-03-2025,29.5,77.5,MUZAFFARNAGAR,UTTAR PRADESH,D733,BUDHANA,25.6
07-03-2025,29.5,77.5,MUZAFFARNAGAR,UTTAR PRADESH,D733,BUDHANA,26
08-03-2025,29.5,77.5,MUZAFFARNAGAR,UTTAR PRADESH,D733,BUDHANA,26.38
09-03-2025,29.5,77.5,MUZAFFARNAGAR,UTTAR PRADESH,D733,BUDHANA,26.69
10-03-2025,29.5,77.5,MUZAFFARNAGAR,UTTAR PRADESH,D733,BUDHANA,26.4
11-03-2025,29.5,77.5,MUZAFFARNAGAR,UTTAR PRADESH,D733,BUDHANA,26.63
12-03-2025,29.5,77.5,MUZAFFARNAGAR,UTTAR PRADESH,D733,BUDHANA,27.01
13-03-2025,29.5,77.5,MUZAFFARNAGAR,UTTAR PRADESH,D733,BUDHANA,26.94
14-03-2025,29.5,77.5,MUZAFFARNAGAR,UTTAR PRADESH,D733,BUDHANA,26.97
15-03-2025,29.5,77.5,MUZAFFARNAGAR,UTTAR PRADESH,D733,BUDHANA,26.98
16-03-2025,29.5,77.5,MUZAFFARNAGAR,UTTAR PRADESH,D733,BUDHANA,27.6
17-03-2025,29.5,77.5,MUZAFFARNAGAR,UTTAR PRADESH,D733,BUDHANA,28.5
18-03-2025,29.5,77.5,MUZAFFARNAGAR,UTTAR PRADESH,D733,BUDHANA,28.79
19-03-2025,29.5,77.5,MUZAFFARNAGAR,UTTAR PRADESH,D733,BUDHANA,29.24
20-03-2025,29.5,77.5,MUZAFFARNAGAR,UTTAR PRADESH,D733,BUDHANA,29.62
21-03-2025,29.5,77.5,MUZAFFARNAGAR,UTTAR PRADESH,D733,BUDHANA,29.13
22-03-2025,29.5,77.5,MUZAFFARNAGAR,UTTAR PRADESH,D733,BUDHANA,29.16
23-03-2025,29.5,77.5,MUZAFFARNAGAR,UTTAR PRADESH,D733,BUDHANA,29.63
24-03-2025,29.5,77.5,MUZAFFARNAGAR,UTTAR PRADESH,D733,BUDHANA,29.74
25-03-2025,29.5,77.5,MUZAFFARNAGAR,UTTAR PRADESH,D733,BUDHANA,30.17
26-03-2025,29.5,77.5,MUZAFFARNAGAR,UTTAR PRADESH,D733,BUDHANA,30.35
27-03-2025,29.5,77.5,MUZAFFARNAGAR,UTTAR PRADESH,D733,BUDHANA,30.41
28-03-2025,29.5,77.5,MUZAFFARNAGAR,UTTAR PRADESH,D733,BUDHANA,31.3
29-03-2025,29.5,77.5,MUZAFFARNAGAR,UTTAR PRADESH,D733,BUDHANA,31.24
30-03-2025,29.5,77.5,MUZAFFARNAGAR,UTTAR PRADESH,D733,BUDHANA,31.41
31-03-2025,29.5,77.5,MUZAFFARNAGAR,UTTAR PRADESH,D733,BUDHANA,31.3
01-04-2025,29.5,77.5,MUZAFFARNAGAR,UTTAR PRADESH,D733,BUDHANA,31.69
02-04-2025,29.5,77.5,MUZAFFARNAGAR,UTTAR PRADESH,D733,BUDHANA,32.08
03-04-2025,29.5,77.5,MUZAFFARNAGAR,UTTAR PRADESH,D733,BUDHANA,32.09
04-04-2025,29.5,77.5,MUZAFFARNAGAR,UTTAR PRADESH,D733,BUDHANA,32.17
05-04-2025,29.5,77.5,MUZAFFARNAGAR,UTTAR PRADESH,D733,BUDHANA,32.47
06-04-2025,29.5,77.5,MUZAFFARNAGAR,UTTAR PRADESH,D733,BUDHANA,33.12
07-04-2025,29.5,77.5,MUZAFFARNAGAR,UTTAR PRADESH,D733,BUDHANA,32.92
08-04-2025,29.5,77.5,MUZAFFARNAGAR,UTTAR PRADESH,D733,BUDHANA,33.51
09-04-2025,29.5,77.5,MUZAFFARNAGAR,UTTAR PRADESH,D733,BUDHANA,33.6
10-04-2025,29.5,77.5,MUZAFFARNAGAR,UTTAR PRADESH,D733,BUDHANA,33.76
11-04-2025,29.5,77.5,MUZAFFARNAGAR,UTTAR PRADESH,D733,BUDHANA,34.05
12-04-2025,29.5,77.5,MUZAFFARNAGAR,UTTAR PRADESH,D733,BUDHANA,34.27
13-04-2025,29.5,77.5,MUZAFFARNAGAR,UTTAR PRADESH,D733,BUDHANA,34.47
14-04-2025,29.5,77.5,MUZAFFARNAGAR,UTTAR PRADESH,D733,BUDHANA,34.78
15-04-2025,29.5,77.5,MUZAFFARNAGAR,UTTAR PRADESH,D733,BUDHANA,35.5
16-04-2025,29.5,77.5,MUZAFFARNAGAR,UTTAR PRADESH,D733,BUDHANA,35.2
17-04-2025,29.5,77.5,MUZAFFARNAGAR,UTTAR PRADESH,D733,BUDHANA,34.73
18-04-2025,29.5,77.5,MUZAFFARNAGAR,UTTAR PRADESH,D733,BUDHANA,34.84
19-04-2025,29.5,77.5,MUZAFFARNAGAR,UTTAR PRADESH,D733,BUDHANA,35.16
20-04-2025,29.5,77.5,MUZAFFARNAGAR,UTTAR PRADESH,D733,BUDHANA,35.06
21-04-2025,29.5,77.5,MUZAFFARNAGAR,UTTAR PRADESH,D733,BUDHANA,34.97
22-04-2025,29.5,77.5,MUZAFFARNAGAR,UTTAR PRADESH,D733,BUDHANA,35.11
23-04-2025,29.5,77.5,MUZAFFARNAGAR,UTTAR PRADESH,D733,BUDHANA,35.13
24-04-2025,29.5,77.5,MUZAFFARNAGAR,UTTAR PRADESH,D733,BUDHANA,35.74
25-04-2025,29.5,77.5,MUZAFFARNAGAR,UTTAR PRADESH,D733,BUDHANA,36.31
26-04-2025,29.5,77.5,MUZAFFARNAGAR,UTTAR PRADESH,D733,BUDHANA,36.12
27-04-2025,29.5,77.5,MUZAFFARNAGAR,UTTAR PRADESH,D733,BUDHANA,35.89
28-04-2025,29.5,77.5,MUZAFFARNAGAR,UTTAR PRADESH,D733,BUDHANA,36.49
29-04-2025,29.5,77.5,MUZAFFARNAGAR,UTTAR PRADESH,D733,BUDHANA,36.72
30-04-2025,29.5,77.5,MUZAFFARNAGAR,UTTAR PRADESH,D733,BUDHANA,36.7
01-05-2025,29.5,77.5,MUZAFFARNAGAR,UTTAR PRADESH,D733,BUDHANA,36.13
02-05-2025,29.5,77.5,MUZAFFARNAGAR,UTTAR PRADESH,D733,BUDHANA,35.62
03-05-2025,29.5,77.5,MUZAFFARNAGAR,UTTAR PRADESH,D733,BUDHANA,35.7
04-05-2025,29.5,77.5,MUZAFFARNAGAR,UTTAR PRADESH,D733,BUDHANA,36.12
05-05-2025,29.5,77.5,MUZAFFARNAGAR,UTTAR PRADESH,D733,BUDHANA,35.73
06-05-2025,29.5,77.5,MUZAFFARNAGAR,UTTAR PRADESH,D733,BUDHANA,36.03
07-05-2025,29.5,77.5,MUZAFFARNAGAR,UTTAR PRADESH,D733,BUDHANA,36.41
08-05-2025,29.5,77.5,MUZAFFARNAGAR,UTTAR PRADESH,D733,BUDHANA,36.58
09-05-2025,29.5,77.5,MUZAFFARNAGAR,UTTAR PRADESH,D733,BUDHANA,36.73
10-05-2025,29.5,77.5,MUZAFFARNAGAR,UTTAR PRADESH,D733,BUDHANA,36.52
11-05-2025,29.5,77.5,MUZAFFARNAGAR,UTTAR PRADESH,D733,BUDHANA,36.37
12-05-2025,29.5,77.5,MUZAFFARNAGAR,UTTAR PRADESH,D733,BUDHANA,36.22
13-05-2025,29.5,77.5,MUZAFFARNAGAR,UTTAR PRADESH,D733,BUDHANA,36.27
14-05-2025,29.5,77.5,MUZAFFARNAGAR,UTTAR PRADESH,D733,BUDHANA,36.85
15-05-2025,29.5,77.5,MUZAFFARNAGAR,UTTAR PRADESH,D733,BUDHANA,37.36
16-05-2025,29.5,77.5,MUZAFFARNAGAR,UTTAR PRADESH,D733,BUDHANA,37.59
17-05-2025,29.5,77.5,MUZAFFARNAGAR,UTTAR PRADESH,D733,BUDHANA,37.52
18-05-2025,29.5,77.5,MUZAFFARNAGAR,UTTAR PRADESH,D733,BUDHANA,37.45
19-05-2025,29.5,77.5,MUZAFFARNAGAR,UTTAR PRADESH,D733,BUDHANA,37.53
20-05-2025,29.5,77.5,MUZAFFARNAGAR,UTTAR PRADESH,D733,BUDHANA,37.55
21-05-2025,29.5,77.5,MUZAFFARNAGAR,UTTAR PRADESH,D733,BUDHANA,37.48
22-05-2025,29.5,77.5,MUZAFFARNAGAR,UTTAR PRADESH,D733,BUDHANA,37.53
23-05-2025,29.5,77.5,MUZAFFARNAGAR,UTTAR PRADESH,D733,BUDHANA,37.27
24-05-2025,29.5,77.5,MUZAFFARNAGAR,UTTAR PRADESH,D733,BUDHANA,36.77
25-05-2025,29.5,77.5,MUZAFFARNAGAR,UTTAR PRADESH,D733,BUDHANA,37.22
26-05-2025,29.5,77.5,MUZAFFARNAGAR,UTTAR PRADESH,D733,BUDHANA,37.7
27-05-2025,29.5,77.5,MUZAFFARNAGAR,UTTAR PRADESH,D733,BUDHANA,37.39
28-05-2025,29.5,77.5,MUZAFFARNAGAR,UTTAR PRADESH,D733,BUDHANA,37.56
29-05-2025,29.5,77.5,MUZAFFARNAGAR,UTTAR PRADESH,D733,BUDHANA,37.2
30-05-2025,29.5,77.5,MUZAFFARNAGAR,UTTAR PRADESH,D733,BUDHANA,36.98
31-05-2025,29.5,77.5,MUZAFFARNAGAR,UTTAR PRADESH,D733,BUDHANA,37.68
01-06-2025,29.5,77.5,MUZAFFARNAGAR,UTTAR PRADESH,D733,BUDHANA,37.03
02-06-2025,29.5,77.5,MUZAFFARNAGAR,UTTAR PRADESH,D733,BUDHANA,37.13
03-06-2025,29.5,77.5,MUZAFFARNAGAR,UTTAR PRADESH,D733,BUDHANA,37.3
04-06-2025,29.5,77.5,MUZAFFARNAGAR,UTTAR PRADESH,D733,BUDHANA,37.62
05-06-2025,29.5,77.5,MUZAFFARNAGAR,UTTAR PRADESH,D733,BUDHANA,37.67
06-06-2025,29.5,77.5,MUZAFFARNAGAR,UTTAR PRADESH,D733,BUDHANA,36.99
07-06-2025,29.5,77.5,MUZAFFARNAGAR,UTTAR PRADESH,D733,BUDHANA,36.49
08-06-2025,29.5,77.5,MUZAFFARNAGAR,UTTAR PRADESH,D733,BUDHANA,37.05
09-06-2025,29.5,77.5,MUZAFFARNAGAR,UTTAR PRADESH,D733,BUDHANA,37.52
10-06-2025,29.5,77.5,MUZAFFARNAGAR,UTTAR PRADESH,D733,BUDHANA,37.77
11-06-2025,29.5,77.5,MUZAFFARNAGAR,UTTAR PRADESH,D733,BUDHANA,37.43
12-06-2025,29.5,77.5,MUZAFFARNAGAR,UTTAR PRADESH,D733,BUDHANA,37.47
13-06-2025,29.5,77.5,MUZAFFARNAGAR,UTTAR PRADESH,D733,BUDHANA,36.88
14-06-2025,29.5,77.5,MUZAFFARNAGAR,UTTAR PRADESH,D733,BUDHANA,36.89
15-06-2025,29.5,77.5,MUZAFFARNAGAR,UTTAR PRADESH,D733,BUDHANA,36.28
16-06-2025,29.5,77.5,MUZAFFARNAGAR,UTTAR PRADESH,D733,BUDHANA,36.03
17-06-2025,29.5,77.5,MUZAFFARNAGAR,UTTAR PRADESH,D733,BUDHANA,35.52
18-06-2025,29.5,77.5,MUZAFFARNAGAR,UTTAR PRADESH,D733,BUDHANA,34.9
19-06-2025,29.5,77.5,MUZAFFARNAGAR,UTTAR PRADESH,D733,BUDHANA,35.31
20-06-2025,29.5,77.5,MUZAFFARNAGAR,UTTAR PRADESH,D733,BUDHANA,35.05
21-06-2025,29.5,77.5,MUZAFFARNAGAR,UTTAR PRADESH,D733,BUDHANA,35.26
22-06-2025,29.5,77.5,MUZAFFARNAGAR,UTTAR PRADESH,D733,BUDHANA,35.57
23-06-2025,29.5,77.5,MUZAFFARNAGAR,UTTAR PRADESH,D733,BUDHANA,35.75
24-06-2025,29.5,77.5,MUZAFFARNAGAR,UTTAR PRADESH,D733,BUDHANA,34.76
25-06-2025,29.5,77.5,MUZAFFARNAGAR,UTTAR PRADESH,D733,BUDHANA,34.23
26-06-2025,29.5,77.5,MUZAFFARNAGAR,UTTAR PRADESH,D733,BUDHANA,34.4
27-06-2025,29.5,77.5,MUZAFFARNAGAR,UTTAR PRADESH,D733,BUDHANA,34.07
28-06-2025,29.5,77.5,MUZAFFARNAGAR,UTTAR PRADESH,D733,BUDHANA,34.09
29-06-2025,29.5,77.5,MUZAFFARNAGAR,UTTAR PRADESH,D733,BUDHANA,33.65
30-06-2025,29.5,77.5,MUZAFFARNAGAR,UTTAR PRADESH,D733,BUDHANA,33.4
01-07-2025,29.5,77.5,MUZAFFARNAGAR,UTTAR PRADESH,D733,BUDHANA,33.52
02-07-2025,29.5,77.5,MUZAFFARNAGAR,UTTAR PRADESH,D733,BUDHANA,33.88
03-07-2025,29.5,77.5,MUZAFFARNAGAR,UTTAR PRADESH,D733,BUDHANA,34.19
04-07-2025,29.5,77.5,MUZAFFARNAGAR,UTTAR PRADESH,D733,BUDHANA,33.85
05-07-2025,29.5,77.5,MUZAFFARNAGAR,UTTAR PRADESH,D733,BUDHANA,33.72
06-07-2025,29.5,77.5,MUZAFFARNAGAR,UTTAR PRADESH,D733,BUDHANA,32.79
07-07-2025,29.5,77.5,MUZAFFARNAGAR,UTTAR PRADESH,D733,BUDHANA,33.41
08-07-2025,29.5,77.5,MUZAFFARNAGAR,UTTAR PRADESH,D733,BUDHANA,33.49
09-07-2025,29.5,77.5,MUZAFFARNAGAR,UTTAR PRADESH,D733,BUDHANA,33.11
10-07-2025,29.5,77.5,MUZAFFARNAGAR,UTTAR PRADESH,D733,BUDHANA,33.07
11-07-2025,29.5,77.5,MUZAFFARNAGAR,UTTAR PRADESH,D733,BUDHANA,33.07
12-07-2025,29.5,77.5,MUZAFFARNAGAR,UTTAR PRADESH,D733,BUDHANA,32.48
13-07-2025,29.5,77.5,MUZAFFARNAGAR,UTTAR PRADESH,D733,BUDHANA,32.67
14-07-2025,29.5,77.5,MUZAFFARNAGAR,UTTAR PRADESH,D733,BUDHANA,32.75
15-07-2025,29.5,77.5,MUZAFFARNAGAR,UTTAR PRADESH,D733,BUDHANA,32.82
16-07-2025,29.5,77.5,MUZAFFARNAGAR,UTTAR PRADESH,D733,BUDHANA,32.72
17-07-2025,29.5,77.5,MUZAFFARNAGAR,UTTAR PRADESH,D733,BUDHANA,32.27
18-07-2025,29.5,77.5,MUZAFFARNAGAR,UTTAR PRADESH,D733,BUDHANA,32.72
19-07-2025,29.5,77.5,MUZAFFARNAGAR,UTTAR PRADESH,D733,BUDHANA,32.78
20-07-2025,29.5,77.5,MUZAFFARNAGAR,UTTAR PRADESH,D733,BUDHANA,32.36
21-07-2025,29.5,77.5,MUZAFFARNAGAR,UTTAR PRADESH,D733,BUDHANA,32.33
22-07-2025,29.5,77.5,MUZAFFARNAGAR,UTTAR PRADESH,D733,BUDHANA,31.89
23-07-2025,29.5,77.5,MUZAFFARNAGAR,UTTAR PRADESH,D733,BUDHANA,32.34
24-07-2025,29.5,77.5,MUZAFFARNAGAR,UTTAR PRADESH,D733,BUDHANA,32.48
25-07-2025,29.5,77.5,MUZAFFARNAGAR,UTTAR PRADESH,D733,BUDHANA,32.35
26-07-2025,29.5,77.5,MUZAFFARNAGAR,UTTAR PRADESH,D733,BUDHANA,32.13
27-07-2025,29.5,77.5,MUZAFFARNAGAR,UTTAR PRADESH,D733,BUDHANA,31.92
28-07-2025,29.5,77.5,MUZAFFARNAGAR,UTTAR PRADESH,D733,BUDHANA,31.87
29-07-2025,29.5,77.5,MUZAFFARNAGAR,UTTAR PRADESH,D733,BUDHANA,31.74
30-07-2025,29.5,77.5,MUZAFFARNAGAR,UTTAR PRADESH,D733,BUDHANA,31.79
31-07-2025,29.5,77.5,MUZAFFARNAGAR,UTTAR PRADESH,D733,BUDHANA,31.56
01-08-2025,29.5,77.5,MUZAFFARNAGAR,UTTAR PRADESH,D733,BUDHANA,31.78
02-08-2025,29.5,77.5,MUZAFFARNAGAR,UTTAR PRADESH,D733,BUDHANA,32.09
03-08-2025,29.5,77.5,MUZAFFARNAGAR,UTTAR PRADESH,D733,BUDHANA,31.89
04-08-2025,29.5,77.5,MUZAFFARNAGAR,UTTAR PRADESH,D733,BUDHANA,31.45
05-08-2025,29.5,77.5,MUZAFFARNAGAR,UTTAR PRADESH,D733,BUDHANA,31.82
06-08-2025,29.5,77.5,MUZAFFARNAGAR,UTTAR PRADESH,D733,BUDHANA,32.01
07-08-2025,29.5,77.5,MUZAFFARNAGAR,UTTAR PRADESH,D733,BUDHANA,31.8
08-08-2025,29.5,77.5,MUZAFFARNAGAR,UTTAR PRADESH,D733,BUDHANA,32.28
09-08-2025,29.5,77.5,MUZAFFARNAGAR,UTTAR PRADESH,D733,BUDHANA,31.9
10-08-2025,29.5,77.5,MUZAFFARNAGAR,UTTAR PRADESH,D733,BUDHANA,32.1
11-08-2025,29.5,77.5,MUZAFFARNAGAR,UTTAR PRADESH,D733,BUDHANA,31.66
12-08-2025,29.5,77.5,MUZAFFARNAGAR,UTTAR PRADESH,D733,BUDHANA,31.94
13-08-2025,29.5,77.5,MUZAFFARNAGAR,UTTAR PRADESH,D733,BUDHANA,31.66
14-08-2025,29.5,77.5,MUZAFFARNAGAR,UTTAR PRADESH,D733,BUDHANA,31.44
15-08-2025,29.5,77.5,MUZAFFARNAGAR,UTTAR PRADESH,D733,BUDHANA,31.25
16-08-2025,29.5,77.5,MUZAFFARNAGAR,UTTAR PRADESH,D733,BUDHANA,31.71
17-08-2025,29.5,77.5,MUZAFFARNAGAR,UTTAR PRADESH,D733,BUDHANA,31.83
18-08-2025,29.5,77.5,MUZAFFARNAGAR,UTTAR PRADESH,D733,BUDHANA,32.21
19-08-2025,29.5,77.5,MUZAFFARNAGAR,UTTAR PRADESH,D733,BUDHANA,31.81
20-08-2025,29.5,77.5,MUZAFFARNAGAR,UTTAR PRADESH,D733,BUDHANA,31.53
21-08-2025,29.5,77.5,MUZAFFARNAGAR,UTTAR PRADESH,D733,BUDHANA,31.92
22-08-2025,29.5,77.5,MUZAFFARNAGAR,UTTAR PRADESH,D733,BUDHANA,31.72
23-08-2025,29.5,77.5,MUZAFFARNAGAR,UTTAR PRADESH,D733,BUDHANA,31.57
24-08-2025,29.5,77.5,MUZAFFARNAGAR,UTTAR PRADESH,D733,BUDHANA,31.55
25-08-2025,29.5,77.5,MUZAFFARNAGAR,UTTAR PRADESH,D733,BUDHANA,31.76
26-08-2025,29.5,77.5,MUZAFFARNAGAR,UTTAR PRADESH,D733,BUDHANA,32.09
27-08-2025,29.5,77.5,MUZAFFARNAGAR,UTTAR PRADESH,D733,BUDHANA,32.21
28-08-2025,29.5,77.5,MUZAFFARNAGAR,UTTAR PRADESH,D733,BUDHANA,32.03
29-08-2025,29.5,77.5,MUZAFFARNAGAR,UTTAR PRADESH,D733,BUDHANA,31.8
30-08-2025,29.5,77.5,MUZAFFARNAGAR,UTTAR PRADESH,D733,BUDHANA,32.05
31-08-2025,29.5,77.5,MUZAFFARNAGAR,UTTAR PRADESH,D733,BUDHANA,32.04
01-09-2025,29.5,77.5,MUZAFFARNAGAR,UTTAR PRADESH,D733,BUDHANA,31.93
02-09-2025,29.5,77.5,MUZAFFARNAGAR,UTTAR PRADESH,D733,BUDHANA,31.82
03-09-2025,29.5,77.5,MUZAFFARNAGAR,UTTAR PRADESH,D733,BUDHANA,31.96
04-09-2025,29.5,77.5,MUZAFFARNAGAR,UTTAR PRADESH,D733,BUDHANA,31.75
05-09-2025,29.5,77.5,MUZAFFARNAGAR,UTTAR PRADESH,D733,BUDHANA,31.85
06-09-2025,29.5,77.5,MUZAFFARNAGAR,UTTAR PRADESH,D733,BUDHANA,31.99
07-09-2025,29.5,77.5,MUZAFFARNAGAR,UTTAR PRADESH,D733,BUDHANA,31.65
08-09-2025,29.5,77.5,MUZAFFARNAGAR,UTTAR PRADESH,D733,BUDHANA,31.46
09-09-2025,29.5,77.5,MUZAFFARNAGAR,UTTAR PRADESH,D733,BUDHANA,31.86
10-09-2025,29.5,77.5,MUZAFFARNAGAR,UTTAR PRADESH,D733,BUDHANA,31.78
11-09-2025,29.5,77.5,MUZAFFARNAGAR,UTTAR PRADESH,D733,BUDHANA,31.59
12-09-2025,29.5,77.5,MUZAFFARNAGAR,UTTAR PRADESH,D733,BUDHANA,31.4
13-09-2025,29.5,77.5,MUZAFFARNAGAR,UTTAR PRADESH,D733,BUDHANA,31.48
14-09-2025,29.5,77.5,MUZAFFARNAGAR,UTTAR PRADESH,D733,BUDHANA,31.8
15-09-2025,29.5,77.5,MUZAFFARNAGAR,UTTAR PRADESH,D733,BUDHANA,31.9
16-09-2025,29.5,77.5,MUZAFFARNAGAR,UTTAR PRADESH,D733,BUDHANA,31.43
17-09-2025,29.5,77.5,MUZAFFARNAGAR,UTTAR PRADESH,D733,BUDHANA,31.81
18-09-2025,29.5,77.5,MUZAFFARNAGAR,UTTAR PRADESH,D733,BUDHANA,31.81
19-09-2025,29.5,77.5,MUZAFFARNAGAR,UTTAR PRADESH,D733,BUDHANA,31.71
20-09-2025,29.5,77.5,MUZAFFARNAGAR,UTTAR PRADESH,D733,BUDHANA,32.17
21-09-2025,29.5,77.5,MUZAFFARNAGAR,UTTAR PRADESH,D733,BUDHANA,32.31
22-09-2025,29.5,77.5,MUZAFFARNAGAR,UTTAR PRADESH,D733,BUDHANA,31.52
23-09-2025,29.5,77.5,MUZAFFARNAGAR,UTTAR PRADESH,D733,BUDHANA,31.36
24-09-2025,29.5,77.5,MUZAFFARNAGAR,UTTAR PRADESH,D733,BUDHANA,31.32
25-09-2025,29.5,77.5,MUZAFFARNAGAR,UTTAR PRADESH,D733,BUDHANA,31.54
26-09-2025,29.5,77.5,MUZAFFARNAGAR,UTTAR PRADESH,D733,BUDHANA,31.8
27-09-2025,29.5,77.5,MUZAFFARNAGAR,UTTAR PRADESH,D733,BUDHANA,32.22
28-09-2025,29.5,77.5,MUZAFFARNAGAR,UTTAR PRADESH,D733,BUDHANA,32.34
29-09-2025,29.5,77.5,MUZAFFARNAGAR,UTTAR PRADESH,D733,BUDHANA,32.4
30-09-2025,29.5,77.5,MUZAFFARNAGAR,UTTAR PRADESH,D733,BUDHANA,32.19
01-10-2025,29.5,77.5,MUZAFFARNAGAR,UTTAR PRADESH,D733,BUDHANA,32.2
02-10-2025,29.5,77.5,MUZAFFARNAGAR,UTTAR PRADESH,D733,BUDHANA,32.36
03-10-2025,29.5,77.5,MUZAFFARNAGAR,UTTAR PRADESH,D733,BUDHANA,32.08
04-10-2025,29.5,77.5,MUZAFFARNAGAR,UTTAR PRADESH,D733,BUDHANA,31.91
05-10-2025,29.5,77.5,MUZAFFARNAGAR,UTTAR PRADESH,D733,BUDHANA,31.93
06-10-2025,29.5,77.5,MUZAFFARNAGAR,UTTAR PRADESH,D733,BUDHANA,31.6
07-10-2025,29.5,77.5,MUZAFFARNAGAR,UTTAR PRADESH,D733,BUDHANA,31.48
08-10-2025,29.5,77.5,MUZAFFARNAGAR,UTTAR PRADESH,D733,BUDHANA,31.51
09-10-2025,29.5,77.5,MUZAFFARNAGAR,UTTAR PRADESH,D733,BUDHANA,31.72
10-10-2025,29.5,77.5,MUZAFFARNAGAR,UTTAR PRADESH,D733,BUDHANA,31.58
11-10-2025,29.5,77.5,MUZAFFARNAGAR,UTTAR PRADESH,D733,BUDHANA,31.17
12-10-2025,29.5,77.5,MUZAFFARNAGAR,UTTAR PRADESH,D733,BUDHANA,31.31
13-10-2025,29.5,77.5,MUZAFFARNAGAR,UTTAR PRADESH,D733,BUDHANA,31.16
14-10-2025,29.5,77.5,MUZAFFARNAGAR,UTTAR PRADESH,D733,BUDHANA,31.07
15-10-2025,29.5,77.5,MUZAFFARNAGAR,UTTAR PRADESH,D733,BUDHANA,31.05
16-10-2025,29.5,77.5,MUZAFFARNAGAR,UTTAR PRADESH,D733,BUDHANA,30.74
17-10-2025,29.5,77.5,MUZAFFARNAGAR,UTTAR PRADESH,D733,BUDHANA,30.54
18-10-2025,29.5,77.5,MUZAFFARNAGAR,UTTAR PRADESH,D733,BUDHANA,30.4
19-10-2025,29.5,77.5,MUZAFFARNAGAR,UTTAR PRADESH,D733,BUDHANA,30.45
20-10-2025,29.5,77.5,MUZAFFARNAGAR,UTTAR PRADESH,D733,BUDHANA,30.44
21-10-2025,29.5,77.5,MUZAFFARNAGAR,UTTAR PRADESH,D733,BUDHANA,30.21
22-10-2025,29.5,77.5,MUZAFFARNAGAR,UTTAR PRADESH,D733,BUDHANA,30.11
23-10-2025,29.5,77.5,MUZAFFARNAGAR,UTTAR PRADESH,D733,BUDHANA,29.89
24-10-2025,29.5,77.5,MUZAFFARNAGAR,UTTAR PRADESH,D733,BUDHANA,29.44
25-10-2025,29.5,77.5,MUZAFFARNAGAR,UTTAR PRADESH,D733,BUDHANA,29.53
26-10-2025,29.5,77.5,MUZAFFARNAGAR,UTTAR PRADESH,D733,BUDHANA,29.34
27-10-2025,29.5,77.5,MUZAFFARNAGAR,UTTAR PRADESH,D733,BUDHANA,29.22
28-10-2025,29.5,77.5,MUZAFFARNAGAR,UTTAR PRADESH,D733,BUDHANA,28.89
29-10-2025,29.5,77.5,MUZAFFARNAGAR,UTTAR PRADESH,D733,BUDHANA,28.87
30-10-2025,29.5,77.5,MUZAFFARNAGAR,UTTAR PRADESH,D733,BUDHANA,29.02
31-10-2025,29.5,77.5,MUZAFFARNAGAR,UTTAR PRADESH,D733,BUDHANA,28.87
01-11-2025,29.5,77.5,MUZAFFARNAGAR,UTTAR PRADESH,D733,BUDHANA,28.97
02-11-2025,29.5,77.5,MUZAFFARNAGAR,UTTAR PRADESH,D733,BUDHANA,28.65
03-11-2025,29.5,77.5,MUZAFFARNAGAR,UTTAR PRADESH,D733,BUDHANA,28.4
04-11-2025,29.5,77.5,MUZAFFARNAGAR,UTTAR PRADESH,D733,BUDHANA,28.14
05-11-2025,29.5,77.5,MUZAFFARNAGAR,UTTAR PRADESH,D733,BUDHANA,27.94
06-11-2025,29.5,77.5,MUZAFFARNAGAR,UTTAR PRADESH,D733,BUDHANA,27.86
07-11-2025,29.5,77.5,MUZAFFARNAGAR,UTTAR PRADESH,D733,BUDHANA,27.35
08-11-2025,29.5,77.5,MUZAFFARNAGAR,UTTAR PRADESH,D733,BUDHANA,27.46
09-11-2025,29.5,77.5,MUZAFFARNAGAR,UTTAR PRADESH,D733,BUDHANA,27.34
10-11-2025,29.5,77.5,MUZAFFARNAGAR,UTTAR PRADESH,D733,BUDHANA,27.03
11-11-2025,29.5,77.5,MUZAFFARNAGAR,UTTAR PRADESH,D733,BUDHANA,26.86
12-11-2025,29.5,77.5,MUZAFFARNAGAR,UTTAR PRADESH,D733,BUDHANA,26.81
13-11-2025,29.5,77.5,MUZAFFARNAGAR,UTTAR PRADESH,D733,BUDHANA,26.32
14-11-2025,29.5,77.5,MUZAFFARNAGAR,UTTAR PRADESH,D733,BUDHANA,26.23
15-11-2025,29.5,77.5,MUZAFFARNAGAR,UTTAR PRADESH,D733,BUDHANA,26.21
16-11-2025,29.5,77.5,MUZAFFARNAGAR,UTTAR PRADESH,D733,BUDHANA,25.92
17-11-2025,29.5,77.5,MUZAFFARNAGAR,UTTAR PRADESH,D733,BUDHANA,26.07
18-11-2025,29.5,77.5,MUZAFFARNAGAR,UTTAR PRADESH,D733,BUDHANA,25.96
19-11-2025,29.5,77.5,MUZAFFARNAGAR,UTTAR PRADESH,D733,BUDHANA,25.78
20-11-2025,29.5,77.5,MUZAFFARNAGAR,UTTAR PRADESH,D733,BUDHANA,25.59
21-11-2025,29.5,77.5,MUZAFFARNAGAR,UTTAR PRADESH,D733,BUDHANA,25.5
22-11-2025,29.5,77.5,MUZAFFARNAGAR,UTTAR PRADESH,D733,BUDHANA,25.31
23-11-2025,29.5,77.5,MUZAFFARNAGAR,UTTAR PRADESH,D733,BUDHANA,25.18
24-11-2025,29.5,77.5,MUZAFFARNAGAR,UTTAR PRADESH,D733,BUDHANA,25.08
25-11-2025,29.5,77.5,MUZAFFARNAGAR,UTTAR PRADESH,D733,BUDHANA,24.86
26-11-2025,29.5,77.5,MUZAFFARNAGAR,UTTAR PRADESH,D733,BUDHANA,24.6
27-11-2025,29.5,77.5,MUZAFFARNAGAR,UTTAR PRADESH,D733,BUDHANA,24.42
28-11-2025,29.5,77.5,MUZAFFARNAGAR,UTTAR PRADESH,D733,BUDHANA,24.28
29-11-2025,29.5,77.5,MUZAFFARNAGAR,UTTAR PRADESH,D733,BUDHANA,24.27
30-11-2025,29.5,77.5,MUZAFFARNAGAR,UTTAR PRADESH,D733,BUDHANA,24.3
01-12-2025,29.5,77.5,MUZAFFARNAGAR,UTTAR PRADESH,D733,BUDHANA,23.79
02-12-2025,29.5,77.5,MUZAFFARNAGAR,UTTAR PRADESH,D733,BUDHANA,23.44
03-12-2025,29.5,77.5,MUZAFFARNAGAR,UTTAR PRADESH,D733,BUDHANA,23.57
04-12-2025,29.5,77.5,MUZAFFARNAGAR,UTTAR PRADESH,D733,BUDHANA,23.59
05-12-2025,29.5,77.5,MUZAFFARNAGAR,UTTAR PRADESH,D733,BUDHANA,23.6
06-12-2025,29.5,77.5,MUZAFFARNAGAR,UTTAR PRADESH,D733,BUDHANA,23.65
07-12-2025,29.5,77.5,MUZAFFARNAGAR,UTTAR PRADESH,D733,BUDHANA,23.43
08-12-2025,29.5,77.5,MUZAFFARNAGAR,UTTAR PRADESH,D733,BUDHANA,23.2
09-12-2025,29.5,77.5,MUZAFFARNAGAR,UTTAR PRADESH,D733,BUDHANA,22.86
10-12-2025,29.5,77.5,MUZAFFARNAGAR,UTTAR PRADESH,D733,BUDHANA,22.45
11-12-2025,29.5,77.5,MUZAFFARNAGAR,UTTAR PRADESH,D733,BUDHANA,22.2
12-12-2025,29.5,77.5,MUZAFFARNAGAR,UTTAR PRADESH,D733,BUDHANA,21.5
13-12-2025,29.5,77.5,MUZAFFARNAGAR,UTTAR PRADESH,D733,BUDHANA,21.18
14-12-2025,29.5,77.5,MUZAFFARNAGAR,UTTAR PRADESH,D733,BUDHANA,20.69
15-12-2025,29.5,77.5,MUZAFFARNAGAR,UTTAR PRADESH,D733,BUDHANA,20.93
16-12-2025,29.5,77.5,MUZAFFARNAGAR,UTTAR PRADESH,D733,BUDHANA,20.66
17-12-2025,29.5,77.5,MUZAFFARNAGAR,UTTAR PRADESH,D733,BUDHANA,21.17
18-12-2025,29.5,77.5,MUZAFFARNAGAR,UTTAR PRADESH,D733,BUDHANA,20.82
19-12-2025,29.5,77.5,MUZAFFARNAGAR,UTTAR PRADESH,D733,BUDHANA,20.51
20-12-2025,29.5,77.5,MUZAFFARNAGAR,UTTAR PRADESH,D733,BUDHANA,20.21
21-12-2025,29.5,77.5,MUZAFFARNAGAR,UTTAR PRADESH,D733,BUDHANA,20.14
22-12-2025,29.5,77.5,MUZAFFARNAGAR,UTTAR PRADESH,D733,BUDHANA,20.23
23-12-2025,29.5,77.5,MUZAFFARNAGAR,UTTAR PRADESH,D733,BUDHANA,19.86
24-12-2025,29.5,77.5,MUZAFFARNAGAR,UTTAR PRADESH,D733,BUDHANA,19.59
25-12-2025,29.5,77.5,MUZAFFARNAGAR,UTTAR PRADESH,D733,BUDHANA,18.91
26-12-2025,29.5,77.5,MUZAFFARNAGAR,UTTAR PRADESH,D733,BUDHANA,18.91
27-12-2025,29.5,77.5,MUZAFFARNAGAR,UTTAR PRADESH,D733,BUDHANA,19.08
28-12-2025,29.5,77.5,MUZAFFARNAGAR,UTTAR PRADESH,D733,BUDHANA,19.09
29-12-2025,29.5,77.5,MUZAFFARNAGAR,UTTAR PRADESH,D733,BUDHANA,18.58
30-12-2025,29.5,77.5,MUZAFFARNAGAR,UTTAR PRADESH,D733,BUDHANA,18.46
31-12-2025,29.5,77.5,MUZAFFARNAGAR,UTTAR PRADESH,D733,BUDHANA,17.98
01-01-2025,28.5,78.5,SAMBHAL,UTTAR PRADESH,D739,CHANDAUSI,19.19
02-01-2025,28.5,78.5,SAMBHAL,UTTAR PRADESH,D739,CHANDAUSI,18.91
03-01-2025,28.5,78.5,SAMBHAL,UTTAR PRADESH,D739,CHANDAUSI,18.82
04-01-2025,28.5,78.5,SAMBHAL,UTTAR PRADESH,D739,CHANDAUSI,18.36
05-01-2025,28.5,78.5,SAMBHAL,UTTAR PRADESH,D739,CHANDAUSI,18.53
06-01-2025,28.5,78.5,SAMBHAL,UTTAR PRADESH,D739,CHANDAUSI,18.98
07-01-2025,28.5,78.5,SAMBHAL,UTTAR PRADESH,D739,CHANDAUSI,18.87
08-01-2025,28.5,78.5,SAMBHAL,UTTAR PRADESH,D739,CHANDAUSI,18.66
09-01-2025,28.5,78.5,SAMBHAL,UTTAR PRADESH,D739,CHANDAUSI,18.68
10-01-2025,28.5,78.5,SAMBHAL,UTTAR PRADESH,D739,CHANDAUSI,18.98
11-01-2025,28.5,78.5,SAMBHAL,UTTAR PRADESH,D739,CHANDAUSI,19.59
12-01-2025,28.5,78.5,SAMBHAL,UTTAR PRADESH,D739,CHANDAUSI,19.46
13-01-2025,28.5,78.5,SAMBHAL,UTTAR PRADESH,D739,CHANDAUSI,20.26
14-01-2025,28.5,78.5,SAMBHAL,UTTAR PRADESH,D739,CHANDAUSI,20.23
15-01-2025,28.5,78.5,SAMBHAL,UTTAR PRADESH,D739,CHANDAUSI,19.37
16-01-2025,28.5,78.5,SAMBHAL,UTTAR PRADESH,D739,CHANDAUSI,19.67
17-01-2025,28.5,78.5,SAMBHAL,UTTAR PRADESH,D739,CHANDAUSI,19.19
18-01-2025,28.5,78.5,SAMBHAL,UTTAR PRADESH,D739,CHANDAUSI,19.14
19-01-2025,28.5,78.5,SAMBHAL,UTTAR PRADESH,D739,CHANDAUSI,19.54
20-01-2025,28.5,78.5,SAMBHAL,UTTAR PRADESH,D739,CHANDAUSI,19.52
21-01-2025,28.5,78.5,SAMBHAL,UTTAR PRADESH,D739,CHANDAUSI,19.83
22-01-2025,28.5,78.5,SAMBHAL,UTTAR PRADESH,D739,CHANDAUSI,19.96
23-01-2025,28.5,78.5,SAMBHAL,UTTAR PRADESH,D739,CHANDAUSI,20.51
24-01-2025,28.5,78.5,SAMBHAL,UTTAR PRADESH,D739,CHANDAUSI,20.35
25-01-2025,28.5,78.5,SAMBHAL,UTTAR PRADESH,D739,CHANDAUSI,20.33
26-01-2025,28.5,78.5,SAMBHAL,UTTAR PRADESH,D739,CHANDAUSI,20.93
27-01-2025,28.5,78.5,SAMBHAL,UTTAR PRADESH,D739,CHANDAUSI,21.52
28-01-2025,28.5,78.5,SAMBHAL,UTTAR PRADESH,D739,CHANDAUSI,21.42
29-01-2025,28.5,78.5,SAMBHAL,UTTAR PRADESH,D739,CHANDAUSI,21.79
30-01-2025,28.5,78.5,SAMBHAL,UTTAR PRADESH,D739,CHANDAUSI,22.1
31-01-2025,28.5,78.5,SAMBHAL,UTTAR PRADESH,D739,CHANDAUSI,21.97
01-02-2025,28.5,78.5,SAMBHAL,UTTAR PRADESH,D739,CHANDAUSI,22
02-02-2025,28.5,78.5,SAMBHAL,UTTAR PRADESH,D739,CHANDAUSI,22.23
03-02-2025,28.5,78.5,SAMBHAL,UTTAR PRADESH,D739,CHANDAUSI,22.71
04-02-2025,28.5,78.5,SAMBHAL,UTTAR PRADESH,D739,CHANDAUSI,22.68
05-02-2025,28.5,78.5,SAMBHAL,UTTAR PRADESH,D739,CHANDAUSI,22.62
06-02-2025,28.5,78.5,SAMBHAL,UTTAR PRADESH,D739,CHANDAUSI,23.13
07-02-2025,28.5,78.5,SAMBHAL,UTTAR PRADESH,D739,CHANDAUSI,23.03
08-02-2025,28.5,78.5,SAMBHAL,UTTAR PRADESH,D739,CHANDAUSI,22.84
09-02-2025,28.5,78.5,SAMBHAL,UTTAR PRADESH,D739,CHANDAUSI,23.34
10-02-2025,28.5,78.5,SAMBHAL,UTTAR PRADESH,D739,CHANDAUSI,23.3
11-02-2025,28.5,78.5,SAMBHAL,UTTAR PRADESH,D739,CHANDAUSI,23.46
12-02-2025,28.5,78.5,SAMBHAL,UTTAR PRADESH,D739,CHANDAUSI,23.93
13-02-2025,28.5,78.5,SAMBHAL,UTTAR PRADESH,D739,CHANDAUSI,24.36
14-02-2025,28.5,78.5,SAMBHAL,UTTAR PRADESH,D739,CHANDAUSI,24.53
15-02-2025,28.5,78.5,SAMBHAL,UTTAR PRADESH,D739,CHANDAUSI,24.17
16-02-2025,28.5,78.5,SAMBHAL,UTTAR PRADESH,D739,CHANDAUSI,24.67
17-02-2025,28.5,78.5,SAMBHAL,UTTAR PRADESH,D739,CHANDAUSI,25.18
18-02-2025,28.5,78.5,SAMBHAL,UTTAR PRADESH,D739,CHANDAUSI,25.93
19-02-2025,28.5,78.5,SAMBHAL,UTTAR PRADESH,D739,CHANDAUSI,26.18
20-02-2025,28.5,78.5,SAMBHAL,UTTAR PRADESH,D739,CHANDAUSI,26.12
21-02-2025,28.5,78.5,SAMBHAL,UTTAR PRADESH,D739,CHANDAUSI,26.38
22-02-2025,28.5,78.5,SAMBHAL,UTTAR PRADESH,D739,CHANDAUSI,26.27
23-02-2025,28.5,78.5,SAMBHAL,UTTAR PRADESH,D739,CHANDAUSI,26.09
24-02-2025,28.5,78.5,SAMBHAL,UTTAR PRADESH,D739,CHANDAUSI,26.23
25-02-2025,28.5,78.5,SAMBHAL,UTTAR PRADESH,D739,CHANDAUSI,26.21
26-02-2025,28.5,78.5,SAMBHAL,UTTAR PRADESH,D739,CHANDAUSI,26.07
27-02-2025,28.5,78.5,SAMBHAL,UTTAR PRADESH,D739,CHANDAUSI,26.56
28-02-2025,28.5,78.5,SAMBHAL,UTTAR PRADESH,D739,CHANDAUSI,26.83
29-02-2025,28.5,78.5,SAMBHAL,UTTAR PRADESH,D739,CHANDAUSI,27.9
01-03-2025,28.5,78.5,SAMBHAL,UTTAR PRADESH,D739,CHANDAUSI,26.78
02-03-2025,28.5,78.5,SAMBHAL,UTTAR PRADESH,D739,CHANDAUSI,27.21
03-03-2025,28.5,78.5,SAMBHAL,UTTAR PRADESH,D739,CHANDAUSI,27.59
04-03-2025,28.5,78.5,SAMBHAL,UTTAR PRADESH,D739,CHANDAUSI,27.49
05-03-2025,28.5,78.5,SAMBHAL,UTTAR PRADESH,D739,CHANDAUSI,27.63
06-03-2025,28.5,78.5,SAMBHAL,UTTAR PRADESH,D739,CHANDAUSI,27.93
07-03-2025,28.5,78.5,SAMBHAL,UTTAR PRADESH,D739,CHANDAUSI,28.53
08-03-2025,28.5,78.5,SAMBHAL,UTTAR PRADESH,D739,CHANDAUSI,28.92
09-03-2025,28.5,78.5,SAMBHAL,UTTAR PRADESH,D739,CHANDAUSI,29.14
10-03-2025,28.5,78.5,SAMBHAL,UTTAR PRADESH,D739,CHANDAUSI,28.83
11-03-2025,28.5,78.5,SAMBHAL,UTTAR PRADESH,D739,CHANDAUSI,29.14
12-03-2025,28.5,78.5,SAMBHAL,UTTAR PRADESH,D739,CHANDAUSI,29.35
13-03-2025,28.5,78.5,SAMBHAL,UTTAR PRADESH,D739,CHANDAUSI,29.41
14-03-2025,28.5,78.5,SAMBHAL,UTTAR PRADESH,D739,CHANDAUSI,29.27
15-03-2025,28.5,78.5,SAMBHAL,UTTAR PRADESH,D739,CHANDAUSI,29.57
16-03-2025,28.5,78.5,SAMBHAL,UTTAR PRADESH,D739,CHANDAUSI,30.53
17-03-2025,28.5,78.5,SAMBHAL,UTTAR PRADESH,D739,CHANDAUSI,31.18
18-03-2025,28.5,78.5,SAMBHAL,UTTAR PRADESH,D739,CHANDAUSI,31.52
19-03-2025,28.5,78.5,SAMBHAL,UTTAR PRADESH,D739,CHANDAUSI,31.88
20-03-2025,28.5,78.5,SAMBHAL,UTTAR PRADESH,D739,CHANDAUSI,32.15
21-03-2025,28.5,78.5,SAMBHAL,UTTAR PRADESH,D739,CHANDAUSI,31.65
22-03-2025,28.5,78.5,SAMBHAL,UTTAR PRADESH,D739,CHANDAUSI,31.9
23-03-2025,28.5,78.5,SAMBHAL,UTTAR PRADESH,D739,CHANDAUSI,32.42
24-03-2025,28.5,78.5,SAMBHAL,UTTAR PRADESH,D739,CHANDAUSI,32.73
25-03-2025,28.5,78.5,SAMBHAL,UTTAR PRADESH,D739,CHANDAUSI,32.77
26-03-2025,28.5,78.5,SAMBHAL,UTTAR PRADESH,D739,CHANDAUSI,33.16
27-03-2025,28.5,78.5,SAMBHAL,UTTAR PRADESH,D739,CHANDAUSI,33.13
28-03-2025,28.5,78.5,SAMBHAL,UTTAR PRADESH,D739,CHANDAUSI,33.87
29-03-2025,28.5,78.5,SAMBHAL,UTTAR PRADESH,D739,CHANDAUSI,33.98
30-03-2025,28.5,78.5,SAMBHAL,UTTAR PRADESH,D739,CHANDAUSI,34.12
31-03-2025,28.5,78.5,SAMBHAL,UTTAR PRADESH,D739,CHANDAUSI,34.07
01-04-2025,28.5,78.5,SAMBHAL,UTTAR PRADESH,D739,CHANDAUSI,34.4
02-04-2025,28.5,78.5,SAMBHAL,UTTAR PRADESH,D739,CHANDAUSI,34.89
03-04-2025,28.5,78.5,SAMBHAL,UTTAR PRADESH,D739,CHANDAUSI,35.06
04-04-2025,28.5,78.5,SAMBHAL,UTTAR PRADESH,D739,CHANDAUSI,35.06
05-04-2025,28.5,78.5,SAMBHAL,UTTAR PRADESH,D739,CHANDAUSI,35.43
06-04-2025,28.5,78.5,SAMBHAL,UTTAR PRADESH,D739,CHANDAUSI,36.15
07-04-2025,28.5,78.5,SAMBHAL,UTTAR PRADESH,D739,CHANDAUSI,36.11
08-04-2025,28.5,78.5,SAMBHAL,UTTAR PRADESH,D739,CHANDAUSI,36.37
09-04-2025,28.5,78.5,SAMBHAL,UTTAR PRADESH,D739,CHANDAUSI,36.41
10-04-2025,28.5,78.5,SAMBHAL,UTTAR PRADESH,D739,CHANDAUSI,36.53
11-04-2025,28.5,78.5,SAMBHAL,UTTAR PRADESH,D739,CHANDAUSI,36.88
12-04-2025,28.5,78.5,SAMBHAL,UTTAR PRADESH,D739,CHANDAUSI,36.94
13-04-2025,28.5,78.5,SAMBHAL,UTTAR PRADESH,D739,CHANDAUSI,36.91
14-04-2025,28.5,78.5,SAMBHAL,UTTAR PRADESH,D739,CHANDAUSI,37.18
15-04-2025,28.5,78.5,SAMBHAL,UTTAR PRADESH,D739,CHANDAUSI,37.88
16-04-2025,28.5,78.5,SAMBHAL,UTTAR PRADESH,D739,CHANDAUSI,37.78
17-04-2025,28.5,78.5,SAMBHAL,UTTAR PRADESH,D739,CHANDAUSI,37.48
18-04-2025,28.5,78.5,SAMBHAL,UTTAR PRADESH,D739,CHANDAUSI,37.4
19-04-2025,28.5,78.5,SAMBHAL,UTTAR PRADESH,D739,CHANDAUSI,38.09
20-04-2025,28.5,78.5,SAMBHAL,UTTAR PRADESH,D739,CHANDAUSI,37.71
21-04-2025,28.5,78.5,SAMBHAL,UTTAR PRADESH,D739,CHANDAUSI,37.6
22-04-2025,28.5,78.5,SAMBHAL,UTTAR PRADESH,D739,CHANDAUSI,37.83
23-04-2025,28.5,78.5,SAMBHAL,UTTAR PRADESH,D739,CHANDAUSI,37.7
24-04-2025,28.5,78.5,SAMBHAL,UTTAR PRADESH,D739,CHANDAUSI,38.34
25-04-2025,28.5,78.5,SAMBHAL,UTTAR PRADESH,D739,CHANDAUSI,38.9
26-04-2025,28.5,78.5,SAMBHAL,UTTAR PRADESH,D739,CHANDAUSI,38.67
27-04-2025,28.5,78.5,SAMBHAL,UTTAR PRADESH,D739,CHANDAUSI,38.57
28-04-2025,28.5,78.5,SAMBHAL,UTTAR PRADESH,D739,CHANDAUSI,38.71
29-04-2025,28.5,78.5,SAMBHAL,UTTAR PRADESH,D739,CHANDAUSI,39.2
30-04-2025,28.5,78.5,SAMBHAL,UTTAR PRADESH,D739,CHANDAUSI,38.9
01-05-2025,28.5,78.5,SAMBHAL,UTTAR PRADESH,D739,CHANDAUSI,38.39
02-05-2025,28.5,78.5,SAMBHAL,UTTAR PRADESH,D739,CHANDAUSI,38.08
03-05-2025,28.5,78.5,SAMBHAL,UTTAR PRADESH,D739,CHANDAUSI,38.02
04-05-2025,28.5,78.5,SAMBHAL,UTTAR PRADESH,D739,CHANDAUSI,38.2
05-05-2025,28.5,78.5,SAMBHAL,UTTAR PRADESH,D739,CHANDAUSI,38.22
06-05-2025,28.5,78.5,SAMBHAL,UTTAR PRADESH,D739,CHANDAUSI,38.51
07-05-2025,28.5,78.5,SAMBHAL,UTTAR PRADESH,D739,CHANDAUSI,38.69
08-05-2025,28.5,78.5,SAMBHAL,UTTAR PRADESH,D739,CHANDAUSI,39.05
09-05-2025,28.5,78.5,SAMBHAL,UTTAR PRADESH,D739,CHANDAUSI,39.08
10-05-2025,28.5,78.5,SAMBHAL,UTTAR PRADESH,D739,CHANDAUSI,39.06
11-05-2025,28.5,78.5,SAMBHAL,UTTAR PRADESH,D739,CHANDAUSI,38.91
12-05-2025,28.5,78.5,SAMBHAL,UTTAR PRADESH,D739,CHANDAUSI,38.97
13-05-2025,28.5,78.5,SAMBHAL,UTTAR PRADESH,D739,CHANDAUSI,38.87
14-05-2025,28.5,78.5,SAMBHAL,UTTAR PRADESH,D739,CHANDAUSI,39.17
15-05-2025,28.5,78.5,SAMBHAL,UTTAR PRADESH,D739,CHANDAUSI,39.74
16-05-2025,28.5,78.5,SAMBHAL,UTTAR PRADESH,D739,CHANDAUSI,39.97
17-05-2025,28.5,78.5,SAMBHAL,UTTAR PRADESH,D739,CHANDAUSI,40.01
18-05-2025,28.5,78.5,SAMBHAL,UTTAR PRADESH,D739,CHANDAUSI,39.91
19-05-2025,28.5,78.5,SAMBHAL,UTTAR PRADESH,D739,CHANDAUSI,39.83
20-05-2025,28.5,78.5,SAMBHAL,UTTAR PRADESH,D739,CHANDAUSI,39.74
21-05-2025,28.5,78.5,SAMBHAL,UTTAR PRADESH,D739,CHANDAUSI,39.81
22-05-2025,28.5,78.5,SAMBHAL,UTTAR PRADESH,D739,CHANDAUSI,39.61
23-05-2025,28.5,78.5,SAMBHAL,UTTAR PRADESH,D739,CHANDAUSI,39.36
24-05-2025,28.5,78.5,SAMBHAL,UTTAR PRADESH,D739,CHANDAUSI,39.29
25-05-2025,28.5,78.5,SAMBHAL,UTTAR PRADESH,D739,CHANDAUSI,39.85
26-05-2025,28.5,78.5,SAMBHAL,UTTAR PRADESH,D739,CHANDAUSI,40.26
27-05-2025,28.5,78.5,SAMBHAL,UTTAR PRADESH,D739,CHANDAUSI,40.07
28-05-2025,28.5,78.5,SAMBHAL,UTTAR PRADESH,D739,CHANDAUSI,40.11
29-05-2025,28.5,78.5,SAMBHAL,UTTAR PRADESH,D739,CHANDAUSI,39.74
30-05-2025,28.5,78.5,SAMBHAL,UTTAR PRADESH,D739,CHANDAUSI,39.34
31-05-2025,28.5,78.5,SAMBHAL,UTTAR PRADESH,D739,CHANDAUSI,40
01-06-2025,28.5,78.5,SAMBHAL,UTTAR PRADESH,D739,CHANDAUSI,39.18
02-06-2025,28.5,78.5,SAMBHAL,UTTAR PRADESH,D739,CHANDAUSI,39.5
03-06-2025,28.5,78.5,SAMBHAL,UTTAR PRADESH,D739,CHANDAUSI,39.71
04-06-2025,28.5,78.5,SAMBHAL,UTTAR PRADESH,D739,CHANDAUSI,39.7
05-06-2025,28.5,78.5,SAMBHAL,UTTAR PRADESH,D739,CHANDAUSI,39.63
06-06-2025,28.5,78.5,SAMBHAL,UTTAR PRADESH,D739,CHANDAUSI,39.03
07-06-2025,28.5,78.5,SAMBHAL,UTTAR PRADESH,D739,CHANDAUSI,38.8
08-06-2025,28.5,78.5,SAMBHAL,UTTAR PRADESH,D739,CHANDAUSI,39.18
09-06-2025,28.5,78.5,SAMBHAL,UTTAR PRADESH,D739,CHANDAUSI,39.79
10-06-2025,28.5,78.5,SAMBHAL,UTTAR PRADESH,D739,CHANDAUSI,39.95
11-06-2025,28.5,78.5,SAMBHAL,UTTAR PRADESH,D739,CHANDAUSI,39.72
12-06-2025,28.5,78.5,SAMBHAL,UTTAR PRADESH,D739,CHANDAUSI,39.67
13-06-2025,28.5,78.5,SAMBHAL,UTTAR PRADESH,D739,CHANDAUSI,39.65
14-06-2025,28.5,78.5,SAMBHAL,UTTAR PRADESH,D739,CHANDAUSI,39.17
15-06-2025,28.5,78.5,SAMBHAL,UTTAR PRADESH,D739,CHANDAUSI,38.92
16-06-2025,28.5,78.5,SAMBHAL,UTTAR PRADESH,D739,CHANDAUSI,38.1
17-06-2025,28.5,78.5,SAMBHAL,UTTAR PRADESH,D739,CHANDAUSI,37.84
18-06-2025,28.5,78.5,SAMBHAL,UTTAR PRADESH,D739,CHANDAUSI,37.03
19-06-2025,28.5,78.5,SAMBHAL,UTTAR PRADESH,D739,CHANDAUSI,37.45
20-06-2025,28.5,78.5,SAMBHAL,UTTAR PRADESH,D739,CHANDAUSI,37.5
21-06-2025,28.5,78.5,SAMBHAL,UTTAR PRADESH,D739,CHANDAUSI,37.4
22-06-2025,28.5,78.5,SAMBHAL,UTTAR PRADESH,D739,CHANDAUSI,37.74
23-06-2025,28.5,78.5,SAMBHAL,UTTAR PRADESH,D739,CHANDAUSI,37.73
24-06-2025,28.5,78.5,SAMBHAL,UTTAR PRADESH,D739,CHANDAUSI,36.57
25-06-2025,28.5,78.5,SAMBHAL,UTTAR PRADESH,D739,CHANDAUSI,36.6
26-06-2025,28.5,78.5,SAMBHAL,UTTAR PRADESH,D739,CHANDAUSI,36.37
27-06-2025,28.5,78.5,SAMBHAL,UTTAR PRADESH,D739,CHANDAUSI,36.12
28-06-2025,28.5,78.5,SAMBHAL,UTTAR PRADESH,D739,CHANDAUSI,35.95
29-06-2025,28.5,78.5,SAMBHAL,UTTAR PRADESH,D739,CHANDAUSI,35.59
30-06-2025,28.5,78.5,SAMBHAL,UTTAR PRADESH,D739,CHANDAUSI,35.72
01-07-2025,28.5,78.5,SAMBHAL,UTTAR PRADESH,D739,CHANDAUSI,36.03
02-07-2025,28.5,78.5,SAMBHAL,UTTAR PRADESH,D739,CHANDAUSI,35.91
03-07-2025,28.5,78.5,SAMBHAL,UTTAR PRADESH,D739,CHANDAUSI,35.94
04-07-2025,28.5,78.5,SAMBHAL,UTTAR PRADESH,D739,CHANDAUSI,35.94
05-07-2025,28.5,78.5,SAMBHAL,UTTAR PRADESH,D739,CHANDAUSI,35.73
06-07-2025,28.5,78.5,SAMBHAL,UTTAR PRADESH,D739,CHANDAUSI,35.17
07-07-2025,28.5,78.5,SAMBHAL,UTTAR PRADESH,D739,CHANDAUSI,35.2
08-07-2025,28.5,78.5,SAMBHAL,UTTAR PRADESH,D739,CHANDAUSI,35.45
09-07-2025,28.5,78.5,SAMBHAL,UTTAR PRADESH,D739,CHANDAUSI,35.11
10-07-2025,28.5,78.5,SAMBHAL,UTTAR PRADESH,D739,CHANDAUSI,34.85
11-07-2025,28.5,78.5,SAMBHAL,UTTAR PRADESH,D739,CHANDAUSI,34.58
12-07-2025,28.5,78.5,SAMBHAL,UTTAR PRADESH,D739,CHANDAUSI,34.12
13-07-2025,28.5,78.5,SAMBHAL,UTTAR PRADESH,D739,CHANDAUSI,34.5
14-07-2025,28.5,78.5,SAMBHAL,UTTAR PRADESH,D739,CHANDAUSI,34.26
15-07-2025,28.5,78.5,SAMBHAL,UTTAR PRADESH,D739,CHANDAUSI,34.18
16-07-2025,28.5,78.5,SAMBHAL,UTTAR PRADESH,D739,CHANDAUSI,34.26
17-07-2025,28.5,78.5,SAMBHAL,UTTAR PRADESH,D739,CHANDAUSI,34.11
18-07-2025,28.5,78.5,SAMBHAL,UTTAR PRADESH,D739,CHANDAUSI,34.33
19-07-2025,28.5,78.5,SAMBHAL,UTTAR PRADESH,D739,CHANDAUSI,34.78
20-07-2025,28.5,78.5,SAMBHAL,UTTAR PRADESH,D739,CHANDAUSI,34.43
21-07-2025,28.5,78.5,SAMBHAL,UTTAR PRADESH,D739,CHANDAUSI,34.01
22-07-2025,28.5,78.5,SAMBHAL,UTTAR PRADESH,D739,CHANDAUSI,33.93
23-07-2025,28.5,78.5,SAMBHAL,UTTAR PRADESH,D739,CHANDAUSI,34.12
24-07-2025,28.5,78.5,SAMBHAL,UTTAR PRADESH,D739,CHANDAUSI,34.52
25-07-2025,28.5,78.5,SAMBHAL,UTTAR PRADESH,D739,CHANDAUSI,34.04
26-07-2025,28.5,78.5,SAMBHAL,UTTAR PRADESH,D739,CHANDAUSI,33.75
27-07-2025,28.5,78.5,SAMBHAL,UTTAR PRADESH,D739,CHANDAUSI,33.35
28-07-2025,28.5,78.5,SAMBHAL,UTTAR PRADESH,D739,CHANDAUSI,33.2
29-07-2025,28.5,78.5,SAMBHAL,UTTAR PRADESH,D739,CHANDAUSI,33.3
30-07-2025,28.5,78.5,SAMBHAL,UTTAR PRADESH,D739,CHANDAUSI,33.39
31-07-2025,28.5,78.5,SAMBHAL,UTTAR PRADESH,D739,CHANDAUSI,33.16
01-08-2025,28.5,78.5,SAMBHAL,UTTAR PRADESH,D739,CHANDAUSI,33.37
02-08-2025,28.5,78.5,SAMBHAL,UTTAR PRADESH,D739,CHANDAUSI,33.62
03-08-2025,28.5,78.5,SAMBHAL,UTTAR PRADESH,D739,CHANDAUSI,33.52
04-08-2025,28.5,78.5,SAMBHAL,UTTAR PRADESH,D739,CHANDAUSI,33.43
05-08-2025,28.5,78.5,SAMBHAL,UTTAR PRADESH,D739,CHANDAUSI,33.7
06-08-2025,28.5,78.5,SAMBHAL,UTTAR PRADESH,D739,CHANDAUSI,33.79
07-08-2025,28.5,78.5,SAMBHAL,UTTAR PRADESH,D739,CHANDAUSI,33.85
08-08-2025,28.5,78.5,SAMBHAL,UTTAR PRADESH,D739,CHANDAUSI,33.76
09-08-2025,28.5,78.5,SAMBHAL,UTTAR PRADESH,D739,CHANDAUSI,33.58
10-08-2025,28.5,78.5,SAMBHAL,UTTAR PRADESH,D739,CHANDAUSI,33.64
11-08-2025,28.5,78.5,SAMBHAL,UTTAR PRADESH,D739,CHANDAUSI,33.47
12-08-2025,28.5,78.5,SAMBHAL,UTTAR PRADESH,D739,CHANDAUSI,33.47
13-08-2025,28.5,78.5,SAMBHAL,UTTAR PRADESH,D739,CHANDAUSI,33.22
14-08-2025,28.5,78.5,SAMBHAL,UTTAR PRADESH,D739,CHANDAUSI,32.77
15-08-2025,28.5,78.5,SAMBHAL,UTTAR PRADESH,D739,CHANDAUSI,32.98
16-08-2025,28.5,78.5,SAMBHAL,UTTAR PRADESH,D739,CHANDAUSI,33.43
17-08-2025,28.5,78.5,SAMBHAL,UTTAR PRADESH,D739,CHANDAUSI,33.68
18-08-2025,28.5,78.5,SAMBHAL,UTTAR PRADESH,D739,CHANDAUSI,33.6
19-08-2025,28.5,78.5,SAMBHAL,UTTAR PRADESH,D739,CHANDAUSI,33.39
20-08-2025,28.5,78.5,SAMBHAL,UTTAR PRADESH,D739,CHANDAUSI,33.38
21-08-2025,28.5,78.5,SAMBHAL,UTTAR PRADESH,D739,CHANDAUSI,33.46
22-08-2025,28.5,78.5,SAMBHAL,UTTAR PRADESH,D739,CHANDAUSI,33.26
23-08-2025,28.5,78.5,SAMBHAL,UTTAR PRADESH,D739,CHANDAUSI,33.42
24-08-2025,28.5,78.5,SAMBHAL,UTTAR PRADESH,D739,CHANDAUSI,33.4
25-08-2025,28.5,78.5,SAMBHAL,UTTAR PRADESH,D739,CHANDAUSI,33.59
26-08-2025,28.5,78.5,SAMBHAL,UTTAR PRADESH,D739,CHANDAUSI,33.75
27-08-2025,28.5,78.5,SAMBHAL,UTTAR PRADESH,D739,CHANDAUSI,34.1
28-08-2025,28.5,78.5,SAMBHAL,UTTAR PRADESH,D739,CHANDAUSI,33.96
29-08-2025,28.5,78.5,SAMBHAL,UTTAR PRADESH,D739,CHANDAUSI,33.56
30-08-2025,28.5,78.5,SAMBHAL,UTTAR PRADESH,D739,CHANDAUSI,33.52
31-08-2025,28.5,78.5,SAMBHAL,UTTAR PRADESH,D739,CHANDAUSI,33.72
01-09-2025,28.5,78.5,SAMBHAL,UTTAR PRADESH,D739,CHANDAUSI,33.56
02-09-2025,28.5,78.5,SAMBHAL,UTTAR PRADESH,D739,CHANDAUSI,33.32
03-09-2025,28.5,78.5,SAMBHAL,UTTAR PRADESH,D739,CHANDAUSI,33.63
04-09-2025,28.5,78.5,SAMBHAL,UTTAR PRADESH,D739,CHANDAUSI,33.54
05-09-2025,28.5,78.5,SAMBHAL,UTTAR PRADESH,D739,CHANDAUSI,33.33
06-09-2025,28.5,78.5,SAMBHAL,UTTAR PRADESH,D739,CHANDAUSI,33.51
07-09-2025,28.5,78.5,SAMBHAL,UTTAR PRADESH,D739,CHANDAUSI,33.48
08-09-2025,28.5,78.5,SAMBHAL,UTTAR PRADESH,D739,CHANDAUSI,33.42
09-09-2025,28.5,78.5,SAMBHAL,UTTAR PRADESH,D739,CHANDAUSI,33.65
10-09-2025,28.5,78.5,SAMBHAL,UTTAR PRADESH,D739,CHANDAUSI,33.6
11-09-2025,28.5,78.5,SAMBHAL,UTTAR PRADESH,D739,CHANDAUSI,33.36
12-09-2025,28.5,78.5,SAMBHAL,UTTAR PRADESH,D739,CHANDAUSI,33.1
13-09-2025,28.5,78.5,SAMBHAL,UTTAR PRADESH,D739,CHANDAUSI,33.46
14-09-2025,28.5,78.5,SAMBHAL,UTTAR PRADESH,D739,CHANDAUSI,33.88
15-09-2025,28.5,78.5,SAMBHAL,UTTAR PRADESH,D739,CHANDAUSI,33.54
16-09-2025,28.5,78.5,SAMBHAL,UTTAR PRADESH,D739,CHANDAUSI,32.83
17-09-2025,28.5,78.5,SAMBHAL,UTTAR PRADESH,D739,CHANDAUSI,33.36
18-09-2025,28.5,78.5,SAMBHAL,UTTAR PRADESH,D739,CHANDAUSI,33.3
19-09-2025,28.5,78.5,SAMBHAL,UTTAR PRADESH,D739,CHANDAUSI,33.44
20-09-2025,28.5,78.5,SAMBHAL,UTTAR PRADESH,D739,CHANDAUSI,33.83
21-09-2025,28.5,78.5,SAMBHAL,UTTAR PRADESH,D739,CHANDAUSI,33.71
22-09-2025,28.5,78.5,SAMBHAL,UTTAR PRADESH,D739,CHANDAUSI,33.06
23-09-2025,28.5,78.5,SAMBHAL,UTTAR PRADESH,D739,CHANDAUSI,32.96
24-09-2025,28.5,78.5,SAMBHAL,UTTAR PRADESH,D739,CHANDAUSI,32.84
25-09-2025,28.5,78.5,SAMBHAL,UTTAR PRADESH,D739,CHANDAUSI,33.09
26-09-2025,28.5,78.5,SAMBHAL,UTTAR PRADESH,D739,CHANDAUSI,33.34
27-09-2025,28.5,78.5,SAMBHAL,UTTAR PRADESH,D739,CHANDAUSI,33.63
28-09-2025,28.5,78.5,SAMBHAL,UTTAR PRADESH,D739,CHANDAUSI,33.7
29-09-2025,28.5,78.5,SAMBHAL,UTTAR PRADESH,D739,CHANDAUSI,34.1
30-09-2025,28.5,78.5,SAMBHAL,UTTAR PRADESH,D739,CHANDAUSI,33.8
01-10-2025,28.5,78.5,SAMBHAL,UTTAR PRADESH,D739,CHANDAUSI,33.93
02-10-2025,28.5,78.5,SAMBHAL,UTTAR PRADESH,D739,CHANDAUSI,34.08
03-10-2025,28.5,78.5,SAMBHAL,UTTAR PRADESH,D739,CHANDAUSI,33.7
04-10-2025,28.5,78.5,SAMBHAL,UTTAR PRADESH,D739,CHANDAUSI,33.49
05-10-2025,28.5,78.5,SAMBHAL,UTTAR PRADESH,D739,CHANDAUSI,33.48
06-10-2025,28.5,78.5,SAMBHAL,UTTAR PRADESH,D739,CHANDAUSI,33.17
07-10-2025,28.5,78.5,SAMBHAL,UTTAR PRADESH,D739,CHANDAUSI,33.1
08-10-2025,28.5,78.5,SAMBHAL,UTTAR PRADESH,D739,CHANDAUSI,33.19
09-10-2025,28.5,78.5,SAMBHAL,UTTAR PRADESH,D739,CHANDAUSI,33.58
10-10-2025,28.5,78.5,SAMBHAL,UTTAR PRADESH,D739,CHANDAUSI,33.44
11-10-2025,28.5,78.5,SAMBHAL,UTTAR PRADESH,D739,CHANDAUSI,32.95
12-10-2025,28.5,78.5,SAMBHAL,UTTAR PRADESH,D739,CHANDAUSI,33.27
13-10-2025,28.5,78.5,SAMBHAL,UTTAR PRADESH,D739,CHANDAUSI,33.18
14-10-2025,28.5,78.5,SAMBHAL,UTTAR PRADESH,D739,CHANDAUSI,32.97
15-10-2025,28.5,78.5,SAMBHAL,UTTAR PRADESH,D739,CHANDAUSI,32.89
16-10-2025,28.5,78.5,SAMBHAL,UTTAR PRADESH,D739,CHANDAUSI,32.59
17-10-2025,28.5,78.5,SAMBHAL,UTTAR PRADESH,D739,CHANDAUSI,32.28
18-10-2025,28.5,78.5,SAMBHAL,UTTAR PRADESH,D739,CHANDAUSI,32.36
19-10-2025,28.5,78.5,SAMBHAL,UTTAR PRADESH,D739,CHANDAUSI,32.21
20-10-2025,28.5,78.5,SAMBHAL,UTTAR PRADESH,D739,CHANDAUSI,32.29
21-10-2025,28.5,78.5,SAMBHAL,UTTAR PRADESH,D739,CHANDAUSI,32.02
22-10-2025,28.5,78.5,SAMBHAL,UTTAR PRADESH,D739,CHANDAUSI,31.82
23-10-2025,28.5,78.5,SAMBHAL,UTTAR PRADESH,D739,CHANDAUSI,31.61
24-10-2025,28.5,78.5,SAMBHAL,UTTAR PRADESH,D739,CHANDAUSI,31.42
25-10-2025,28.5,78.5,SAMBHAL,UTTAR PRADESH,D739,CHANDAUSI,31.43
26-10-2025,28.5,78.5,SAMBHAL,UTTAR PRADESH,D739,CHANDAUSI,31.3
27-10-2025,28.5,78.5,SAMBHAL,UTTAR PRADESH,D739,CHANDAUSI,31.06
28-10-2025,28.5,78.5,SAMBHAL,UTTAR PRADESH,D739,CHANDAUSI,30.79
29-10-2025,28.5,78.5,SAMBHAL,UTTAR PRADESH,D739,CHANDAUSI,30.79
30-10-2025,28.5,78.5,SAMBHAL,UTTAR PRADESH,D739,CHANDAUSI,30.86
31-10-2025,28.5,78.5,SAMBHAL,UTTAR PRADESH,D739,CHANDAUSI,30.89
01-11-2025,28.5,78.5,SAMBHAL,UTTAR PRADESH,D739,CHANDAUSI,30.98
02-11-2025,28.5,78.5,SAMBHAL,UTTAR PRADESH,D739,CHANDAUSI,30.71
03-11-2025,28.5,78.5,SAMBHAL,UTTAR PRADESH,D739,CHANDAUSI,30.54
04-11-2025,28.5,78.5,SAMBHAL,UTTAR PRADESH,D739,CHANDAUSI,30.15
05-11-2025,28.5,78.5,SAMBHAL,UTTAR PRADESH,D739,CHANDAUSI,30.13
06-11-2025,28.5,78.5,SAMBHAL,UTTAR PRADESH,D739,CHANDAUSI,29.73
07-11-2025,28.5,78.5,SAMBHAL,UTTAR PRADESH,D739,CHANDAUSI,29.28
08-11-2025,28.5,78.5,SAMBHAL,UTTAR PRADESH,D739,CHANDAUSI,29.25
09-11-2025,28.5,78.5,SAMBHAL,UTTAR PRADESH,D739,CHANDAUSI,29.24
10-11-2025,28.5,78.5,SAMBHAL,UTTAR PRADESH,D739,CHANDAUSI,28.99
11-11-2025,28.5,78.5,SAMBHAL,UTTAR PRADESH,D739,CHANDAUSI,28.76
12-11-2025,28.5,78.5,SAMBHAL,UTTAR PRADESH,D739,CHANDAUSI,28.63
13-11-2025,28.5,78.5,SAMBHAL,UTTAR PRADESH,D739,CHANDAUSI,28.51
14-11-2025,28.5,78.5,SAMBHAL,UTTAR PRADESH,D739,CHANDAUSI,28.4
15-11-2025,28.5,78.5,SAMBHAL,UTTAR PRADESH,D739,CHANDAUSI,28.3
16-11-2025,28.5,78.5,SAMBHAL,UTTAR PRADESH,D739,CHANDAUSI,28.02
17-11-2025,28.5,78.5,SAMBHAL,UTTAR PRADESH,D739,CHANDAUSI,27.82
18-11-2025,28.5,78.5,SAMBHAL,UTTAR PRADESH,D739,CHANDAUSI,27.77
19-11-2025,28.5,78.5,SAMBHAL,UTTAR PRADESH,D739,CHANDAUSI,27.66
20-11-2025,28.5,78.5,SAMBHAL,UTTAR PRADESH,D739,CHANDAUSI,27.29
21-11-2025,28.5,78.5,SAMBHAL,UTTAR PRADESH,D739,CHANDAUSI,27.19
22-11-2025,28.5,78.5,SAMBHAL,UTTAR PRADESH,D739,CHANDAUSI,27.07
23-11-2025,28.5,78.5,SAMBHAL,UTTAR PRADESH,D739,CHANDAUSI,26.98
24-11-2025,28.5,78.5,SAMBHAL,UTTAR PRADESH,D739,CHANDAUSI,26.68
25-11-2025,28.5,78.5,SAMBHAL,UTTAR PRADESH,D739,CHANDAUSI,26.56
26-11-2025,28.5,78.5,SAMBHAL,UTTAR PRADESH,D739,CHANDAUSI,26.46
27-11-2025,28.5,78.5,SAMBHAL,UTTAR PRADESH,D739,CHANDAUSI,26.25
28-11-2025,28.5,78.5,SAMBHAL,UTTAR PRADESH,D739,CHANDAUSI,26.03
29-11-2025,28.5,78.5,SAMBHAL,UTTAR PRADESH,D739,CHANDAUSI,26.01
30-11-2025,28.5,78.5,SAMBHAL,UTTAR PRADESH,D739,CHANDAUSI,26.07
01-12-2025,28.5,78.5,SAMBHAL,UTTAR PRADESH,D739,CHANDAUSI,25.74
02-12-2025,28.5,78.5,SAMBHAL,UTTAR PRADESH,D739,CHANDAUSI,25.33
03-12-2025,28.5,78.5,SAMBHAL,UTTAR PRADESH,D739,CHANDAUSI,25.45
04-12-2025,28.5,78.5,SAMBHAL,UTTAR PRADESH,D739,CHANDAUSI,25.21
05-12-2025,28.5,78.5,SAMBHAL,UTTAR PRADESH,D739,CHANDAUSI,25.25
06-12-2025,28.5,78.5,SAMBHAL,UTTAR PRADESH,D739,CHANDAUSI,25.22
07-12-2025,28.5,78.5,SAMBHAL,UTTAR PRADESH,D739,CHANDAUSI,25.05
08-12-2025,28.5,78.5,SAMBHAL,UTTAR PRADESH,D739,CHANDAUSI,24.82
09-12-2025,28.5,78.5,SAMBHAL,UTTAR PRADESH,D739,CHANDAUSI,24.34
10-12-2025,28.5,78.5,SAMBHAL,UTTAR PRADESH,D739,CHANDAUSI,24.03
11-12-2025,28.5,78.5,SAMBHAL,UTTAR PRADESH,D739,CHANDAUSI,23.71
12-12-2025,28.5,78.5,SAMBHAL,UTTAR PRADESH,D739,CHANDAUSI,23.29
13-12-2025,28.5,78.5,SAMBHAL,UTTAR PRADESH,D739,CHANDAUSI,22.59
14-12-2025,28.5,78.5,SAMBHAL,UTTAR PRADESH,D739,CHANDAUSI,22.22
15-12-2025,28.5,78.5,SAMBHAL,UTTAR PRADESH,D739,CHANDAUSI,22.7
16-12-2025,28.5,78.5,SAMBHAL,UTTAR PRADESH,D739,CHANDAUSI,22.4
17-12-2025,28.5,78.5,SAMBHAL,UTTAR PRADESH,D739,CHANDAUSI,22.71
18-12-2025,28.5,78.5,SAMBHAL,UTTAR PRADESH,D739,CHANDAUSI,22.19
19-12-2025,28.5,78.5,SAMBHAL,UTTAR PRADESH,D739,CHANDAUSI,22.02
20-12-2025,28.5,78.5,SAMBHAL,UTTAR PRADESH,D739,CHANDAUSI,21.53
21-12-2025,28.5,78.5,SAMBHAL,UTTAR PRADESH,D739,CHANDAUSI,21.7
22-12-2025,28.5,78.5,SAMBHAL,UTTAR PRADESH,D739,CHANDAUSI,21.62
23-12-2025,28.5,78.5,SAMBHAL,UTTAR PRADESH,D739,CHANDAUSI,21.18
24-12-2025,28.5,78.5,SAMBHAL,UTTAR PRADESH,D739,CHANDAUSI,21.11
25-12-2025,28.5,78.5,SAMBHAL,UTTAR PRADESH,D739,CHANDAUSI,20.38
26-12-2025,28.5,78.5,SAMBHAL,UTTAR PRADESH,D739,CHANDAUSI,20.31
27-12-2025,28.5,78.5,SAMBHAL,UTTAR PRADESH,D739,CHANDAUSI,20.56
28-12-2025,28.5,78.5,SAMBHAL,UTTAR PRADESH,D739,CHANDAUSI,20.42
29-12-2025,28.5,78.5,SAMBHAL,UTTAR PRADESH,D739,CHANDAUSI,19.93
30-12-2025,28.5,78.5,SAMBHAL,UTTAR PRADESH,D739,CHANDAUSI,19.42
31-12-2025,28.5,78.5,SAMBHAL,UTTAR PRADESH,D739,CHANDAUSI,18.97
01-01-2025,27.5,80.5,SITAPUR,UTTAR PRADESH,D745,BISWAN,19.37
02-01-2025,27.5,80.5,SITAPUR,UTTAR PRADESH,D745,BISWAN,19.07
03-01-2025,27.5,80.5,SITAPUR,UTTAR PRADESH,D745,BISWAN,19.08
04-01-2025,27.5,80.5,SITAPUR,UTTAR PRADESH,D745,BISWAN,19.28
05-01-2025,27.5,80.5,SITAPUR,UTTAR PRADESH,D745,BISWAN,19.22
06-01-2025,27.5,80.5,SITAPUR,UTTAR PRADESH,D745,BISWAN,19.62
07-01-2025,27.5,80.5,SITAPUR,UTTAR PRADESH,D745,BISWAN,19.47
08-01-2025,27.5,80.5,SITAPUR,UTTAR PRADESH,D745,BISWAN,19.38
09-01-2025,27.5,80.5,SITAPUR,UTTAR PRADESH,D745,BISWAN,19.29
10-01-2025,27.5,80.5,SITAPUR,UTTAR PRADESH,D745,BISWAN,19.8
11-01-2025,27.5,80.5,SITAPUR,UTTAR PRADESH,D745,BISWAN,19.97
12-01-2025,27.5,80.5,SITAPUR,UTTAR PRADESH,D745,BISWAN,20.14
13-01-2025,27.5,80.5,SITAPUR,UTTAR PRADESH,D745,BISWAN,20.41
14-01-2025,27.5,80.5,SITAPUR,UTTAR PRADESH,D745,BISWAN,20.8
15-01-2025,27.5,80.5,SITAPUR,UTTAR PRADESH,D745,BISWAN,20.23
16-01-2025,27.5,80.5,SITAPUR,UTTAR PRADESH,D745,BISWAN,19.93
17-01-2025,27.5,80.5,SITAPUR,UTTAR PRADESH,D745,BISWAN,19.93
18-01-2025,27.5,80.5,SITAPUR,UTTAR PRADESH,D745,BISWAN,19.61
19-01-2025,27.5,80.5,SITAPUR,UTTAR PRADESH,D745,BISWAN,19.97
20-01-2025,27.5,80.5,SITAPUR,UTTAR PRADESH,D745,BISWAN,20.24
21-01-2025,27.5,80.5,SITAPUR,UTTAR PRADESH,D745,BISWAN,20.45
22-01-2025,27.5,80.5,SITAPUR,UTTAR PRADESH,D745,BISWAN,20.6
23-01-2025,27.5,80.5,SITAPUR,UTTAR PRADESH,D745,BISWAN,21.16
24-01-2025,27.5,80.5,SITAPUR,UTTAR PRADESH,D745,BISWAN,21.78
25-01-2025,27.5,80.5,SITAPUR,UTTAR PRADESH,D745,BISWAN,21.36
26-01-2025,27.5,80.5,SITAPUR,UTTAR PRADESH,D745,BISWAN,21.66
27-01-2025,27.5,80.5,SITAPUR,UTTAR PRADESH,D745,BISWAN,22.19
28-01-2025,27.5,80.5,SITAPUR,UTTAR PRADESH,D745,BISWAN,22.1
29-01-2025,27.5,80.5,SITAPUR,UTTAR PRADESH,D745,BISWAN,22.54
30-01-2025,27.5,80.5,SITAPUR,UTTAR PRADESH,D745,BISWAN,22.99
31-01-2025,27.5,80.5,SITAPUR,UTTAR PRADESH,D745,BISWAN,22.92
01-02-2025,27.5,80.5,SITAPUR,UTTAR PRADESH,D745,BISWAN,22.9
02-02-2025,27.5,80.5,SITAPUR,UTTAR PRADESH,D745,BISWAN,23.29
03-02-2025,27.5,80.5,SITAPUR,UTTAR PRADESH,D745,BISWAN,23.94
04-02-2025,27.5,80.5,SITAPUR,UTTAR PRADESH,D745,BISWAN,23.58
05-02-2025,27.5,80.5,SITAPUR,UTTAR PRADESH,D745,BISWAN,23.58
06-02-2025,27.5,80.5,SITAPUR,UTTAR PRADESH,D745,BISWAN,23.9
07-02-2025,27.5,80.5,SITAPUR,UTTAR PRADESH,D745,BISWAN,24.27
08-02-2025,27.5,80.5,SITAPUR,UTTAR PRADESH,D745,BISWAN,23.68
09-02-2025,27.5,80.5,SITAPUR,UTTAR PRADESH,D745,BISWAN,24.34
10-02-2025,27.5,80.5,SITAPUR,UTTAR PRADESH,D745,BISWAN,24.48
11-02-2025,27.5,80.5,SITAPUR,UTTAR PRADESH,D745,BISWAN,24.42
12-02-2025,27.5,80.5,SITAPUR,UTTAR PRADESH,D745,BISWAN,25.03
13-02-2025,27.5,80.5,SITAPUR,UTTAR PRADESH,D745,BISWAN,25.44
14-02-2025,27.5,80.5,SITAPUR,UTTAR PRADESH,D745,BISWAN,25.77
15-02-2025,27.5,80.5,SITAPUR,UTTAR PRADESH,D745,BISWAN,25.54
16-02-2025,27.5,80.5,SITAPUR,UTTAR PRADESH,D745,BISWAN,25.83
17-02-2025,27.5,80.5,SITAPUR,UTTAR PRADESH,D745,BISWAN,26.34
18-02-2025,27.5,80.5,SITAPUR,UTTAR PRADESH,D745,BISWAN,26.92
19-02-2025,27.5,80.5,SITAPUR,UTTAR PRADESH,D745,BISWAN,27.52
20-02-2025,27.5,80.5,SITAPUR,UTTAR PRADESH,D745,BISWAN,27.39
21-02-2025,27.5,80.5,SITAPUR,UTTAR PRADESH,D745,BISWAN,27.5
22-02-2025,27.5,80.5,SITAPUR,UTTAR PRADESH,D745,BISWAN,27.66
23-02-2025,27.5,80.5,SITAPUR,UTTAR PRADESH,D745,BISWAN,27.57
24-02-2025,27.5,80.5,SITAPUR,UTTAR PRADESH,D745,BISWAN,27.82
25-02-2025,27.5,80.5,SITAPUR,UTTAR PRADESH,D745,BISWAN,27.42
26-02-2025,27.5,80.5,SITAPUR,UTTAR PRADESH,D745,BISWAN,27.2
27-02-2025,27.5,80.5,SITAPUR,UTTAR PRADESH,D745,BISWAN,27.81
28-02-2025,27.5,80.5,SITAPUR,UTTAR PRADESH,D745,BISWAN,28.18
29-02-2025,27.5,80.5,SITAPUR,UTTAR PRADESH,D745,BISWAN,28.51
01-03-2025,27.5,80.5,SITAPUR,UTTAR PRADESH,D745,BISWAN,28.01
02-03-2025,27.5,80.5,SITAPUR,UTTAR PRADESH,D745,BISWAN,28.41
03-03-2025,27.5,80.5,SITAPUR,UTTAR PRADESH,D745,BISWAN,28.71
04-03-2025,27.5,80.5,SITAPUR,UTTAR PRADESH,D745,BISWAN,28.78
05-03-2025,27.5,80.5,SITAPUR,UTTAR PRADESH,D745,BISWAN,28.75
06-03-2025,27.5,80.5,SITAPUR,UTTAR PRADESH,D745,BISWAN,29.07
07-03-2025,27.5,80.5,SITAPUR,UTTAR PRADESH,D745,BISWAN,29.67
08-03-2025,27.5,80.5,SITAPUR,UTTAR PRADESH,D745,BISWAN,29.93
09-03-2025,27.5,80.5,SITAPUR,UTTAR PRADESH,D745,BISWAN,30.11
10-03-2025,27.5,80.5,SITAPUR,UTTAR PRADESH,D745,BISWAN,29.64
11-03-2025,27.5,80.5,SITAPUR,UTTAR PRADESH,D745,BISWAN,30.14
12-03-2025,27.5,80.5,SITAPUR,UTTAR PRADESH,D745,BISWAN,30.13
13-03-2025,27.5,80.5,SITAPUR,UTTAR PRADESH,D745,BISWAN,30.12
14-03-2025,27.5,80.5,SITAPUR,UTTAR PRADESH,D745,BISWAN,30.45
15-03-2025,27.5,80.5,SITAPUR,UTTAR PRADESH,D745,BISWAN,30.83
16-03-2025,27.5,80.5,SITAPUR,UTTAR PRADESH,D745,BISWAN,31.31
17-03-2025,27.5,80.5,SITAPUR,UTTAR PRADESH,D745,BISWAN,31.94
18-03-2025,27.5,80.5,SITAPUR,UTTAR PRADESH,D745,BISWAN,32.46
19-03-2025,27.5,80.5,SITAPUR,UTTAR PRADESH,D745,BISWAN,32.53
20-03-2025,27.5,80.5,SITAPUR,UTTAR PRADESH,D745,BISWAN,32.87
21-03-2025,27.5,80.5,SITAPUR,UTTAR PRADESH,D745,BISWAN,32.91
22-03-2025,27.5,80.5,SITAPUR,UTTAR PRADESH,D745,BISWAN,33.07
23-03-2025,27.5,80.5,SITAPUR,UTTAR PRADESH,D745,BISWAN,33.64
24-03-2025,27.5,80.5,SITAPUR,UTTAR PRADESH,D745,BISWAN,34.03
25-03-2025,27.5,80.5,SITAPUR,UTTAR PRADESH,D745,BISWAN,34.46
26-03-2025,27.5,80.5,SITAPUR,UTTAR PRADESH,D745,BISWAN,34.62
27-03-2025,27.5,80.5,SITAPUR,UTTAR PRADESH,D745,BISWAN,34.43
28-03-2025,27.5,80.5,SITAPUR,UTTAR PRADESH,D745,BISWAN,35.18
29-03-2025,27.5,80.5,SITAPUR,UTTAR PRADESH,D745,BISWAN,35.28
30-03-2025,27.5,80.5,SITAPUR,UTTAR PRADESH,D745,BISWAN,35.14
31-03-2025,27.5,80.5,SITAPUR,UTTAR PRADESH,D745,BISWAN,35.5
01-04-2025,27.5,80.5,SITAPUR,UTTAR PRADESH,D745,BISWAN,35.81
02-04-2025,27.5,80.5,SITAPUR,UTTAR PRADESH,D745,BISWAN,36.14
03-04-2025,27.5,80.5,SITAPUR,UTTAR PRADESH,D745,BISWAN,36.47
04-04-2025,27.5,80.5,SITAPUR,UTTAR PRADESH,D745,BISWAN,36.46
05-04-2025,27.5,80.5,SITAPUR,UTTAR PRADESH,D745,BISWAN,36.66
06-04-2025,27.5,80.5,SITAPUR,UTTAR PRADESH,D745,BISWAN,37.26
07-04-2025,27.5,80.5,SITAPUR,UTTAR PRADESH,D745,BISWAN,37.39
08-04-2025,27.5,80.5,SITAPUR,UTTAR PRADESH,D745,BISWAN,37.16
09-04-2025,27.5,80.5,SITAPUR,UTTAR PRADESH,D745,BISWAN,37.41
10-04-2025,27.5,80.5,SITAPUR,UTTAR PRADESH,D745,BISWAN,37.3
11-04-2025,27.5,80.5,SITAPUR,UTTAR PRADESH,D745,BISWAN,37.76
12-04-2025,27.5,80.5,SITAPUR,UTTAR PRADESH,D745,BISWAN,37.7
13-04-2025,27.5,80.5,SITAPUR,UTTAR PRADESH,D745,BISWAN,37.8
14-04-2025,27.5,80.5,SITAPUR,UTTAR PRADESH,D745,BISWAN,37.88
15-04-2025,27.5,80.5,SITAPUR,UTTAR PRADESH,D745,BISWAN,38.37
16-04-2025,27.5,80.5,SITAPUR,UTTAR PRADESH,D745,BISWAN,38.28
17-04-2025,27.5,80.5,SITAPUR,UTTAR PRADESH,D745,BISWAN,37.75
18-04-2025,27.5,80.5,SITAPUR,UTTAR PRADESH,D745,BISWAN,37.59
19-04-2025,27.5,80.5,SITAPUR,UTTAR PRADESH,D745,BISWAN,38.23
20-04-2025,27.5,80.5,SITAPUR,UTTAR PRADESH,D745,BISWAN,38.2
21-04-2025,27.5,80.5,SITAPUR,UTTAR PRADESH,D745,BISWAN,38.13
22-04-2025,27.5,80.5,SITAPUR,UTTAR PRADESH,D745,BISWAN,38.45
23-04-2025,27.5,80.5,SITAPUR,UTTAR PRADESH,D745,BISWAN,38.12
24-04-2025,27.5,80.5,SITAPUR,UTTAR PRADESH,D745,BISWAN,38.65
25-04-2025,27.5,80.5,SITAPUR,UTTAR PRADESH,D745,BISWAN,38.91
26-04-2025,27.5,80.5,SITAPUR,UTTAR PRADESH,D745,BISWAN,38.57
27-04-2025,27.5,80.5,SITAPUR,UTTAR PRADESH,D745,BISWAN,38.53
28-04-2025,27.5,80.5,SITAPUR,UTTAR PRADESH,D745,BISWAN,38.69
29-04-2025,27.5,80.5,SITAPUR,UTTAR PRADESH,D745,BISWAN,39.14
30-04-2025,27.5,80.5,SITAPUR,UTTAR PRADESH,D745,BISWAN,38.79
01-05-2025,27.5,80.5,SITAPUR,UTTAR PRADESH,D745,BISWAN,38.48
02-05-2025,27.5,80.5,SITAPUR,UTTAR PRADESH,D745,BISWAN,38.09
03-05-2025,27.5,80.5,SITAPUR,UTTAR PRADESH,D745,BISWAN,37.73
04-05-2025,27.5,80.5,SITAPUR,UTTAR PRADESH,D745,BISWAN,37.85
05-05-2025,27.5,80.5,SITAPUR,UTTAR PRADESH,D745,BISWAN,37.82
06-05-2025,27.5,80.5,SITAPUR,UTTAR PRADESH,D745,BISWAN,38.35
07-05-2025,27.5,80.5,SITAPUR,UTTAR PRADESH,D745,BISWAN,38.34
08-05-2025,27.5,80.5,SITAPUR,UTTAR PRADESH,D745,BISWAN,38.58
09-05-2025,27.5,80.5,SITAPUR,UTTAR PRADESH,D745,BISWAN,39
10-05-2025,27.5,80.5,SITAPUR,UTTAR PRADESH,D745,BISWAN,39.04
11-05-2025,27.5,80.5,SITAPUR,UTTAR PRADESH,D745,BISWAN,38.74
12-05-2025,27.5,80.5,SITAPUR,UTTAR PRADESH,D745,BISWAN,38.69
13-05-2025,27.5,80.5,SITAPUR,UTTAR PRADESH,D745,BISWAN,38.36
14-05-2025,27.5,80.5,SITAPUR,UTTAR PRADESH,D745,BISWAN,38.75
15-05-2025,27.5,80.5,SITAPUR,UTTAR PRADESH,D745,BISWAN,39.12
16-05-2025,27.5,80.5,SITAPUR,UTTAR PRADESH,D745,BISWAN,39.62
17-05-2025,27.5,80.5,SITAPUR,UTTAR PRADESH,D745,BISWAN,39.31
18-05-2025,27.5,80.5,SITAPUR,UTTAR PRADESH,D745,BISWAN,39.7
19-05-2025,27.5,80.5,SITAPUR,UTTAR PRADESH,D745,BISWAN,39.15
20-05-2025,27.5,80.5,SITAPUR,UTTAR PRADESH,D745,BISWAN,39.22
21-05-2025,27.5,80.5,SITAPUR,UTTAR PRADESH,D745,BISWAN,39.48
22-05-2025,27.5,80.5,SITAPUR,UTTAR PRADESH,D745,BISWAN,39.21
23-05-2025,27.5,80.5,SITAPUR,UTTAR PRADESH,D745,BISWAN,39.3
24-05-2025,27.5,80.5,SITAPUR,UTTAR PRADESH,D745,BISWAN,39.04
25-05-2025,27.5,80.5,SITAPUR,UTTAR PRADESH,D745,BISWAN,39.39
26-05-2025,27.5,80.5,SITAPUR,UTTAR PRADESH,D745,BISWAN,39.72
27-05-2025,27.5,80.5,SITAPUR,UTTAR PRADESH,D745,BISWAN,39.65
28-05-2025,27.5,80.5,SITAPUR,UTTAR PRADESH,D745,BISWAN,39.53
29-05-2025,27.5,80.5,SITAPUR,UTTAR PRADESH,D745,BISWAN,39.6
30-05-2025,27.5,80.5,SITAPUR,UTTAR PRADESH,D745,BISWAN,39.52
31-05-2025,27.5,80.5,SITAPUR,UTTAR PRADESH,D745,BISWAN,39.75
01-06-2025,27.5,80.5,SITAPUR,UTTAR PRADESH,D745,BISWAN,39.51
02-06-2025,27.5,80.5,SITAPUR,UTTAR PRADESH,D745,BISWAN,39.54
03-06-2025,27.5,80.5,SITAPUR,UTTAR PRADESH,D745,BISWAN,39.59
04-06-2025,27.5,80.5,SITAPUR,UTTAR PRADESH,D745,BISWAN,39.41
05-06-2025,27.5,80.5,SITAPUR,UTTAR PRADESH,D745,BISWAN,39.38
06-06-2025,27.5,80.5,SITAPUR,UTTAR PRADESH,D745,BISWAN,39.15
07-06-2025,27.5,80.5,SITAPUR,UTTAR PRADESH,D745,BISWAN,38.75
08-06-2025,27.5,80.5,SITAPUR,UTTAR PRADESH,D745,BISWAN,39.28
09-06-2025,27.5,80.5,SITAPUR,UTTAR PRADESH,D745,BISWAN,39.29
10-06-2025,27.5,80.5,SITAPUR,UTTAR PRADESH,D745,BISWAN,39.48
11-06-2025,27.5,80.5,SITAPUR,UTTAR PRADESH,D745,BISWAN,39.28
12-06-2025,27.5,80.5,SITAPUR,UTTAR PRADESH,D745,BISWAN,38.8
13-06-2025,27.5,80.5,SITAPUR,UTTAR PRADESH,D745,BISWAN,39.11
14-06-2025,27.5,80.5,SITAPUR,UTTAR PRADESH,D745,BISWAN,38.73
15-06-2025,27.5,80.5,SITAPUR,UTTAR PRADESH,D745,BISWAN,38.09
16-06-2025,27.5,80.5,SITAPUR,UTTAR PRADESH,D745,BISWAN,37.13
17-06-2025,27.5,80.5,SITAPUR,UTTAR PRADESH,D745,BISWAN,37.25
18-06-2025,27.5,80.5,SITAPUR,UTTAR PRADESH,D745,BISWAN,36.81
19-06-2025,27.5,80.5,SITAPUR,UTTAR PRADESH,D745,BISWAN,36.86
20-06-2025,27.5,80.5,SITAPUR,UTTAR PRADESH,D745,BISWAN,36.67
21-06-2025,27.5,80.5,SITAPUR,UTTAR PRADESH,D745,BISWAN,36.93
22-06-2025,27.5,80.5,SITAPUR,UTTAR PRADESH,D745,BISWAN,36.48
23-06-2025,27.5,80.5,SITAPUR,UTTAR PRADESH,D745,BISWAN,36.38
24-06-2025,27.5,80.5,SITAPUR,UTTAR PRADESH,D745,BISWAN,36.06
25-06-2025,27.5,80.5,SITAPUR,UTTAR PRADESH,D745,BISWAN,36.33
26-06-2025,27.5,80.5,SITAPUR,UTTAR PRADESH,D745,BISWAN,36.04
27-06-2025,27.5,80.5,SITAPUR,UTTAR PRADESH,D745,BISWAN,35.43
28-06-2025,27.5,80.5,SITAPUR,UTTAR PRADESH,D745,BISWAN,35.55
29-06-2025,27.5,80.5,SITAPUR,UTTAR PRADESH,D745,BISWAN,34.82
30-06-2025,27.5,80.5,SITAPUR,UTTAR PRADESH,D745,BISWAN,34.65
01-07-2025,27.5,80.5,SITAPUR,UTTAR PRADESH,D745,BISWAN,35.2
02-07-2025,27.5,80.5,SITAPUR,UTTAR PRADESH,D745,BISWAN,35.18
03-07-2025,27.5,80.5,SITAPUR,UTTAR PRADESH,D745,BISWAN,35.04
04-07-2025,27.5,80.5,SITAPUR,UTTAR PRADESH,D745,BISWAN,35.36
05-07-2025,27.5,80.5,SITAPUR,UTTAR PRADESH,D745,BISWAN,34.48
06-07-2025,27.5,80.5,SITAPUR,UTTAR PRADESH,D745,BISWAN,34.14
07-07-2025,27.5,80.5,SITAPUR,UTTAR PRADESH,D745,BISWAN,34.2
08-07-2025,27.5,80.5,SITAPUR,UTTAR PRADESH,D745,BISWAN,34.53
09-07-2025,27.5,80.5,SITAPUR,UTTAR PRADESH,D745,BISWAN,34.11
10-07-2025,27.5,80.5,SITAPUR,UTTAR PRADESH,D745,BISWAN,33.78
11-07-2025,27.5,80.5,SITAPUR,UTTAR PRADESH,D745,BISWAN,33.42
12-07-2025,27.5,80.5,SITAPUR,UTTAR PRADESH,D745,BISWAN,33.81
13-07-2025,27.5,80.5,SITAPUR,UTTAR PRADESH,D745,BISWAN,33.98
14-07-2025,27.5,80.5,SITAPUR,UTTAR PRADESH,D745,BISWAN,33.95
15-07-2025,27.5,80.5,SITAPUR,UTTAR PRADESH,D745,BISWAN,33.78
16-07-2025,27.5,80.5,SITAPUR,UTTAR PRADESH,D745,BISWAN,33.82
17-07-2025,27.5,80.5,SITAPUR,UTTAR PRADESH,D745,BISWAN,33.82
18-07-2025,27.5,80.5,SITAPUR,UTTAR PRADESH,D745,BISWAN,33.77
19-07-2025,27.5,80.5,SITAPUR,UTTAR PRADESH,D745,BISWAN,34.16
20-07-2025,27.5,80.5,SITAPUR,UTTAR PRADESH,D745,BISWAN,33.66
21-07-2025,27.5,80.5,SITAPUR,UTTAR PRADESH,D745,BISWAN,33.41
22-07-2025,27.5,80.5,SITAPUR,UTTAR PRADESH,D745,BISWAN,33.57
23-07-2025,27.5,80.5,SITAPUR,UTTAR PRADESH,D745,BISWAN,33.52
24-07-2025,27.5,80.5,SITAPUR,UTTAR PRADESH,D745,BISWAN,33.5
25-07-2025,27.5,80.5,SITAPUR,UTTAR PRADESH,D745,BISWAN,33.2
26-07-2025,27.5,80.5,SITAPUR,UTTAR PRADESH,D745,BISWAN,33.24
27-07-2025,27.5,80.5,SITAPUR,UTTAR PRADESH,D745,BISWAN,32.91
28-07-2025,27.5,80.5,SITAPUR,UTTAR PRADESH,D745,BISWAN,32.85
29-07-2025,27.5,80.5,SITAPUR,UTTAR PRADESH,D745,BISWAN,32.76
30-07-2025,27.5,80.5,SITAPUR,UTTAR PRADESH,D745,BISWAN,33.15
31-07-2025,27.5,80.5,SITAPUR,UTTAR PRADESH,D745,BISWAN,32.88
01-08-2025,27.5,80.5,SITAPUR,UTTAR PRADESH,D745,BISWAN,33.13
02-08-2025,27.5,80.5,SITAPUR,UTTAR PRADESH,D745,BISWAN,33.08
03-08-2025,27.5,80.5,SITAPUR,UTTAR PRADESH,D745,BISWAN,32.83
04-08-2025,27.5,80.5,SITAPUR,UTTAR PRADESH,D745,BISWAN,33.37
05-08-2025,27.5,80.5,SITAPUR,UTTAR PRADESH,D745,BISWAN,33.62
06-08-2025,27.5,80.5,SITAPUR,UTTAR PRADESH,D745,BISWAN,33.52
07-08-2025,27.5,80.5,SITAPUR,UTTAR PRADESH,D745,BISWAN,33.76
08-08-2025,27.5,80.5,SITAPUR,UTTAR PRADESH,D745,BISWAN,33.49
09-08-2025,27.5,80.5,SITAPUR,UTTAR PRADESH,D745,BISWAN,33.47
10-08-2025,27.5,80.5,SITAPUR,UTTAR PRADESH,D745,BISWAN,33.23
11-08-2025,27.5,80.5,SITAPUR,UTTAR PRADESH,D745,BISWAN,33.06
12-08-2025,27.5,80.5,SITAPUR,UTTAR PRADESH,D745,BISWAN,32.87
13-08-2025,27.5,80.5,SITAPUR,UTTAR PRADESH,D745,BISWAN,32.68
14-08-2025,27.5,80.5,SITAPUR,UTTAR PRADESH,D745,BISWAN,32.85
15-08-2025,27.5,80.5,SITAPUR,UTTAR PRADESH,D745,BISWAN,33.01
16-08-2025,27.5,80.5,SITAPUR,UTTAR PRADESH,D745,BISWAN,33.25
17-08-2025,27.5,80.5,SITAPUR,UTTAR PRADESH,D745,BISWAN,33.56
18-08-2025,27.5,80.5,SITAPUR,UTTAR PRADESH,D745,BISWAN,32.96
19-08-2025,27.5,80.5,SITAPUR,UTTAR PRADESH,D745,BISWAN,32.82
20-08-2025,27.5,80.5,SITAPUR,UTTAR PRADESH,D745,BISWAN,32.96
21-08-2025,27.5,80.5,SITAPUR,UTTAR PRADESH,D745,BISWAN,32.99
22-08-2025,27.5,80.5,SITAPUR,UTTAR PRADESH,D745,BISWAN,33.06
23-08-2025,27.5,80.5,SITAPUR,UTTAR PRADESH,D745,BISWAN,33.07
24-08-2025,27.5,80.5,SITAPUR,UTTAR PRADESH,D745,BISWAN,32.87
25-08-2025,27.5,80.5,SITAPUR,UTTAR PRADESH,D745,BISWAN,33.32
26-08-2025,27.5,80.5,SITAPUR,UTTAR PRADESH,D745,BISWAN,33.42
27-08-2025,27.5,80.5,SITAPUR,UTTAR PRADESH,D745,BISWAN,33.51
28-08-2025,27.5,80.5,SITAPUR,UTTAR PRADESH,D745,BISWAN,33.5
29-08-2025,27.5,80.5,SITAPUR,UTTAR PRADESH,D745,BISWAN,33.42
30-08-2025,27.5,80.5,SITAPUR,UTTAR PRADESH,D745,BISWAN,33.45
31-08-2025,27.5,80.5,SITAPUR,UTTAR PRADESH,D745,BISWAN,33.51
01-09-2025,27.5,80.5,SITAPUR,UTTAR PRADESH,D745,BISWAN,33.32
02-09-2025,27.5,80.5,SITAPUR,UTTAR PRADESH,D745,BISWAN,32.82
03-09-2025,27.5,80.5,SITAPUR,UTTAR PRADESH,D745,BISWAN,33.43
04-09-2025,27.5,80.5,SITAPUR,UTTAR PRADESH,D745,BISWAN,33.48
05-09-2025,27.5,80.5,SITAPUR,UTTAR PRADESH,D745,BISWAN,33.31
06-09-2025,27.5,80.5,SITAPUR,UTTAR PRADESH,D745,BISWAN,33.14
07-09-2025,27.5,80.5,SITAPUR,UTTAR PRADESH,D745,BISWAN,33.33
08-09-2025,27.5,80.5,SITAPUR,UTTAR PRADESH,D745,BISWAN,33.11
09-09-2025,27.5,80.5,SITAPUR,UTTAR PRADESH,D745,BISWAN,33.17
10-09-2025,27.5,80.5,SITAPUR,UTTAR PRADESH,D745,BISWAN,33.35
11-09-2025,27.5,80.5,SITAPUR,UTTAR PRADESH,D745,BISWAN,33
12-09-2025,27.5,80.5,SITAPUR,UTTAR PRADESH,D745,BISWAN,32.8
13-09-2025,27.5,80.5,SITAPUR,UTTAR PRADESH,D745,BISWAN,33.01
14-09-2025,27.5,80.5,SITAPUR,UTTAR PRADESH,D745,BISWAN,33.13
15-09-2025,27.5,80.5,SITAPUR,UTTAR PRADESH,D745,BISWAN,32.66
16-09-2025,27.5,80.5,SITAPUR,UTTAR PRADESH,D745,BISWAN,32.72
17-09-2025,27.5,80.5,SITAPUR,UTTAR PRADESH,D745,BISWAN,32.79
18-09-2025,27.5,80.5,SITAPUR,UTTAR PRADESH,D745,BISWAN,33.18
19-09-2025,27.5,80.5,SITAPUR,UTTAR PRADESH,D745,BISWAN,33.27
20-09-2025,27.5,80.5,SITAPUR,UTTAR PRADESH,D745,BISWAN,33.37
21-09-2025,27.5,80.5,SITAPUR,UTTAR PRADESH,D745,BISWAN,32.94
22-09-2025,27.5,80.5,SITAPUR,UTTAR PRADESH,D745,BISWAN,32.54
23-09-2025,27.5,80.5,SITAPUR,UTTAR PRADESH,D745,BISWAN,32.93
24-09-2025,27.5,80.5,SITAPUR,UTTAR PRADESH,D745,BISWAN,32.65
25-09-2025,27.5,80.5,SITAPUR,UTTAR PRADESH,D745,BISWAN,32.6
26-09-2025,27.5,80.5,SITAPUR,UTTAR PRADESH,D745,BISWAN,32.93
27-09-2025,27.5,80.5,SITAPUR,UTTAR PRADESH,D745,BISWAN,33.22
28-09-2025,27.5,80.5,SITAPUR,UTTAR PRADESH,D745,BISWAN,33.34
29-09-2025,27.5,80.5,SITAPUR,UTTAR PRADESH,D745,BISWAN,33.43
30-09-2025,27.5,80.5,SITAPUR,UTTAR PRADESH,D745,BISWAN,33.24
01-10-2025,27.5,80.5,SITAPUR,UTTAR PRADESH,D745,BISWAN,33.39
02-10-2025,27.5,80.5,SITAPUR,UTTAR PRADESH,D745,BISWAN,33.24
03-10-2025,27.5,80.5,SITAPUR,UTTAR PRADESH,D745,BISWAN,33
04-10-2025,27.5,80.5,SITAPUR,UTTAR PRADESH,D745,BISWAN,32.83
05-10-2025,27.5,80.5,SITAPUR,UTTAR PRADESH,D745,BISWAN,33.06
06-10-2025,27.5,80.5,SITAPUR,UTTAR PRADESH,D745,BISWAN,33.11
07-10-2025,27.5,80.5,SITAPUR,UTTAR PRADESH,D745,BISWAN,33.01
08-10-2025,27.5,80.5,SITAPUR,UTTAR PRADESH,D745,BISWAN,33.05
09-10-2025,27.5,80.5,SITAPUR,UTTAR PRADESH,D745,BISWAN,33.1
10-10-2025,27.5,80.5,SITAPUR,UTTAR PRADESH,D745,BISWAN,33.33
11-10-2025,27.5,80.5,SITAPUR,UTTAR PRADESH,D745,BISWAN,32.79
12-10-2025,27.5,80.5,SITAPUR,UTTAR PRADESH,D745,BISWAN,33
13-10-2025,27.5,80.5,SITAPUR,UTTAR PRADESH,D745,BISWAN,33.07
14-10-2025,27.5,80.5,SITAPUR,UTTAR PRADESH,D745,BISWAN,32.86
15-10-2025,27.5,80.5,SITAPUR,UTTAR PRADESH,D745,BISWAN,32.83
16-10-2025,27.5,80.5,SITAPUR,UTTAR PRADESH,D745,BISWAN,32.86
17-10-2025,27.5,80.5,SITAPUR,UTTAR PRADESH,D745,BISWAN,32.48
18-10-2025,27.5,80.5,SITAPUR,UTTAR PRADESH,D745,BISWAN,32.23
19-10-2025,27.5,80.5,SITAPUR,UTTAR PRADESH,D745,BISWAN,31.92
20-10-2025,27.5,80.5,SITAPUR,UTTAR PRADESH,D745,BISWAN,32.19
21-10-2025,27.5,80.5,SITAPUR,UTTAR PRADESH,D745,BISWAN,32.21
22-10-2025,27.5,80.5,SITAPUR,UTTAR PRADESH,D745,BISWAN,32.08
23-10-2025,27.5,80.5,SITAPUR,UTTAR PRADESH,D745,BISWAN,31.83
24-10-2025,27.5,80.5,SITAPUR,UTTAR PRADESH,D745,BISWAN,31.76
25-10-2025,27.5,80.5,SITAPUR,UTTAR PRADESH,D745,BISWAN,31.61
26-10-2025,27.5,80.5,SITAPUR,UTTAR PRADESH,D745,BISWAN,31.44
27-10-2025,27.5,80.5,SITAPUR,UTTAR PRADESH,D745,BISWAN,31.1
28-10-2025,27.5,80.5,SITAPUR,UTTAR PRADESH,D745,BISWAN,30.89
29-10-2025,27.5,80.5,SITAPUR,UTTAR PRADESH,D745,BISWAN,30.91
30-10-2025,27.5,80.5,SITAPUR,UTTAR PRADESH,D745,BISWAN,30.99
31-10-2025,27.5,80.5,SITAPUR,UTTAR PRADESH,D745,BISWAN,31.07
01-11-2025,27.5,80.5,SITAPUR,UTTAR PRADESH,D745,BISWAN,31.04
02-11-2025,27.5,80.5,SITAPUR,UTTAR PRADESH,D745,BISWAN,30.98
03-11-2025,27.5,80.5,SITAPUR,UTTAR PRADESH,D745,BISWAN,30.85
04-11-2025,27.5,80.5,SITAPUR,UTTAR PRADESH,D745,BISWAN,30.78
05-11-2025,27.5,80.5,SITAPUR,UTTAR PRADESH,D745,BISWAN,30.45
06-11-2025,27.5,80.5,SITAPUR,UTTAR PRADESH,D745,BISWAN,30.06
07-11-2025,27.5,80.5,SITAPUR,UTTAR PRADESH,D745,BISWAN,30.03
08-11-2025,27.5,80.5,SITAPUR,UTTAR PRADESH,D745,BISWAN,29.87
09-11-2025,27.5,80.5,SITAPUR,UTTAR PRADESH,D745,BISWAN,29.69
10-11-2025,27.5,80.5,SITAPUR,UTTAR PRADESH,D745,BISWAN,29.49
11-11-2025,27.5,80.5,SITAPUR,UTTAR PRADESH,D745,BISWAN,29.33
12-11-2025,27.5,80.5,SITAPUR,UTTAR PRADESH,D745,BISWAN,29.23
13-11-2025,27.5,80.5,SITAPUR,UTTAR PRADESH,D745,BISWAN,29.23
14-11-2025,27.5,80.5,SITAPUR,UTTAR PRADESH,D745,BISWAN,28.89
15-11-2025,27.5,80.5,SITAPUR,UTTAR PRADESH,D745,BISWAN,28.96
16-11-2025,27.5,80.5,SITAPUR,UTTAR PRADESH,D745,BISWAN,28.7
17-11-2025,27.5,80.5,SITAPUR,UTTAR PRADESH,D745,BISWAN,28.45
18-11-2025,27.5,80.5,SITAPUR,UTTAR PRADESH,D745,BISWAN,28.29
19-11-2025,27.5,80.5,SITAPUR,UTTAR PRADESH,D745,BISWAN,28.03
20-11-2025,27.5,80.5,SITAPUR,UTTAR PRADESH,D745,BISWAN,27.89
21-11-2025,27.5,80.5,SITAPUR,UTTAR PRADESH,D745,BISWAN,27.62
22-11-2025,27.5,80.5,SITAPUR,UTTAR PRADESH,D745,BISWAN,27.51
23-11-2025,27.5,80.5,SITAPUR,UTTAR PRADESH,D745,BISWAN,27.52
24-11-2025,27.5,80.5,SITAPUR,UTTAR PRADESH,D745,BISWAN,27.43
25-11-2025,27.5,80.5,SITAPUR,UTTAR PRADESH,D745,BISWAN,27.23
26-11-2025,27.5,80.5,SITAPUR,UTTAR PRADESH,D745,BISWAN,27.17
27-11-2025,27.5,80.5,SITAPUR,UTTAR PRADESH,D745,BISWAN,27.07
28-11-2025,27.5,80.5,SITAPUR,UTTAR PRADESH,D745,BISWAN,26.84
29-11-2025,27.5,80.5,SITAPUR,UTTAR PRADESH,D745,BISWAN,26.78
30-11-2025,27.5,80.5,SITAPUR,UTTAR PRADESH,D745,BISWAN,26.64
01-12-2025,27.5,80.5,SITAPUR,UTTAR PRADESH,D745,BISWAN,26.44
02-12-2025,27.5,80.5,SITAPUR,UTTAR PRADESH,D745,BISWAN,26.15
03-12-2025,27.5,80.5,SITAPUR,UTTAR PRADESH,D745,BISWAN,26.19
04-12-2025,27.5,80.5,SITAPUR,UTTAR PRADESH,D745,BISWAN,26.02
05-12-2025,27.5,80.5,SITAPUR,UTTAR PRADESH,D745,BISWAN,25.86
06-12-2025,27.5,80.5,SITAPUR,UTTAR PRADESH,D745,BISWAN,25.98
07-12-2025,27.5,80.5,SITAPUR,UTTAR PRADESH,D745,BISWAN,25.65
08-12-2025,27.5,80.5,SITAPUR,UTTAR PRADESH,D745,BISWAN,25.24
09-12-2025,27.5,80.5,SITAPUR,UTTAR PRADESH,D745,BISWAN,25.12
10-12-2025,27.5,80.5,SITAPUR,UTTAR PRADESH,D745,BISWAN,25.02
11-12-2025,27.5,80.5,SITAPUR,UTTAR PRADESH,D745,BISWAN,24.8
12-12-2025,27.5,80.5,SITAPUR,UTTAR PRADESH,D745,BISWAN,24.56
13-12-2025,27.5,80.5,SITAPUR,UTTAR PRADESH,D745,BISWAN,23.78
14-12-2025,27.5,80.5,SITAPUR,UTTAR PRADESH,D745,BISWAN,23.51
15-12-2025,27.5,80.5,SITAPUR,UTTAR PRADESH,D745,BISWAN,23.53
16-12-2025,27.5,80.5,SITAPUR,UTTAR PRADESH,D745,BISWAN,23.13
17-12-2025,27.5,80.5,SITAPUR,UTTAR PRADESH,D745,BISWAN,23.32
18-12-2025,27.5,80.5,SITAPUR,UTTAR PRADESH,D745,BISWAN,23.1
19-12-2025,27.5,80.5,SITAPUR,UTTAR PRADESH,D745,BISWAN,22.69
20-12-2025,27.5,80.5,SITAPUR,UTTAR PRADESH,D745,BISWAN,22.45
21-12-2025,27.5,80.5,SITAPUR,UTTAR PRADESH,D745,BISWAN,22.55
22-12-2025,27.5,80.5,SITAPUR,UTTAR PRADESH,D745,BISWAN,22.6
23-12-2025,27.5,80.5,SITAPUR,UTTAR PRADESH,D745,BISWAN,22.48
24-12-2025,27.5,80.5,SITAPUR,UTTAR PRADESH,D745,BISWAN,22.46
25-12-2025,27.5,80.5,SITAPUR,UTTAR PRADESH,D745,BISWAN,22.24
26-12-2025,27.5,80.5,SITAPUR,UTTAR PRADESH,D745,BISWAN,21.67
27-12-2025,27.5,80.5,SITAPUR,UTTAR PRADESH,D745,BISWAN,21.43
28-12-2025,27.5,80.5,SITAPUR,UTTAR PRADESH,D745,BISWAN,21.02
29-12-2025,27.5,80.5,SITAPUR,UTTAR PRADESH,D745,BISWAN,20.93
30-12-2025,27.5,80.5,SITAPUR,UTTAR PRADESH,D745,BISWAN,20.02
31-12-2025,27.5,80.5,SITAPUR,UTTAR PRADESH,D745,BISWAN,19.72
01-01-2025,26.5,80.5,UNNAO,UTTAR PRADESH,D748,BIGHAPUR,19.73
02-01-2025,26.5,80.5,UNNAO,UTTAR PRADESH,D748,BIGHAPUR,19.31
03-01-2025,26.5,80.5,UNNAO,UTTAR PRADESH,D748,BIGHAPUR,19.4
04-01-2025,26.5,80.5,UNNAO,UTTAR PRADESH,D748,BIGHAPUR,19.63
05-01-2025,26.5,80.5,UNNAO,UTTAR PRADESH,D748,BIGHAPUR,19.47
06-01-2025,26.5,80.5,UNNAO,UTTAR PRADESH,D748,BIGHAPUR,19.79
07-01-2025,26.5,80.5,UNNAO,UTTAR PRADESH,D748,BIGHAPUR,19.63
08-01-2025,26.5,80.5,UNNAO,UTTAR PRADESH,D748,BIGHAPUR,19.79
09-01-2025,26.5,80.5,UNNAO,UTTAR PRADESH,D748,BIGHAPUR,19.84
10-01-2025,26.5,80.5,UNNAO,UTTAR PRADESH,D748,BIGHAPUR,20.25
11-01-2025,26.5,80.5,UNNAO,UTTAR PRADESH,D748,BIGHAPUR,20.68
12-01-2025,26.5,80.5,UNNAO,UTTAR PRADESH,D748,BIGHAPUR,20.75
13-01-2025,26.5,80.5,UNNAO,UTTAR PRADESH,D748,BIGHAPUR,21.03
14-01-2025,26.5,80.5,UNNAO,UTTAR PRADESH,D748,BIGHAPUR,21.31
15-01-2025,26.5,80.5,UNNAO,UTTAR PRADESH,D748,BIGHAPUR,20.94
16-01-2025,26.5,80.5,UNNAO,UTTAR PRADESH,D748,BIGHAPUR,20.39
17-01-2025,26.5,80.5,UNNAO,UTTAR PRADESH,D748,BIGHAPUR,20.4
18-01-2025,26.5,80.5,UNNAO,UTTAR PRADESH,D748,BIGHAPUR,20.35
19-01-2025,26.5,80.5,UNNAO,UTTAR PRADESH,D748,BIGHAPUR,20.54
20-01-2025,26.5,80.5,UNNAO,UTTAR PRADESH,D748,BIGHAPUR,20.76
21-01-2025,26.5,80.5,UNNAO,UTTAR PRADESH,D748,BIGHAPUR,20.97
22-01-2025,26.5,80.5,UNNAO,UTTAR PRADESH,D748,BIGHAPUR,21.21
23-01-2025,26.5,80.5,UNNAO,UTTAR PRADESH,D748,BIGHAPUR,21.53
24-01-2025,26.5,80.5,UNNAO,UTTAR PRADESH,D748,BIGHAPUR,21.97
25-01-2025,26.5,80.5,UNNAO,UTTAR PRADESH,D748,BIGHAPUR,21.59
26-01-2025,26.5,80.5,UNNAO,UTTAR PRADESH,D748,BIGHAPUR,22.15
27-01-2025,26.5,80.5,UNNAO,UTTAR PRADESH,D748,BIGHAPUR,22.46
28-01-2025,26.5,80.5,UNNAO,UTTAR PRADESH,D748,BIGHAPUR,22.42
29-01-2025,26.5,80.5,UNNAO,UTTAR PRADESH,D748,BIGHAPUR,22.64
30-01-2025,26.5,80.5,UNNAO,UTTAR PRADESH,D748,BIGHAPUR,23.38
31-01-2025,26.5,80.5,UNNAO,UTTAR PRADESH,D748,BIGHAPUR,23.35
01-02-2025,26.5,80.5,UNNAO,UTTAR PRADESH,D748,BIGHAPUR,23.46
02-02-2025,26.5,80.5,UNNAO,UTTAR PRADESH,D748,BIGHAPUR,23.65
03-02-2025,26.5,80.5,UNNAO,UTTAR PRADESH,D748,BIGHAPUR,24.34
04-02-2025,26.5,80.5,UNNAO,UTTAR PRADESH,D748,BIGHAPUR,23.98
05-02-2025,26.5,80.5,UNNAO,UTTAR PRADESH,D748,BIGHAPUR,24.02
06-02-2025,26.5,80.5,UNNAO,UTTAR PRADESH,D748,BIGHAPUR,24.04
07-02-2025,26.5,80.5,UNNAO,UTTAR PRADESH,D748,BIGHAPUR,24.46
08-02-2025,26.5,80.5,UNNAO,UTTAR PRADESH,D748,BIGHAPUR,24.03
09-02-2025,26.5,80.5,UNNAO,UTTAR PRADESH,D748,BIGHAPUR,24.48
10-02-2025,26.5,80.5,UNNAO,UTTAR PRADESH,D748,BIGHAPUR,24.81
11-02-2025,26.5,80.5,UNNAO,UTTAR PRADESH,D748,BIGHAPUR,24.72
12-02-2025,26.5,80.5,UNNAO,UTTAR PRADESH,D748,BIGHAPUR,25.12
13-02-2025,26.5,80.5,UNNAO,UTTAR PRADESH,D748,BIGHAPUR,25.28
14-02-2025,26.5,80.5,UNNAO,UTTAR PRADESH,D748,BIGHAPUR,25.89
15-02-2025,26.5,80.5,UNNAO,UTTAR PRADESH,D748,BIGHAPUR,25.93
16-02-2025,26.5,80.5,UNNAO,UTTAR PRADESH,D748,BIGHAPUR,26.1
17-02-2025,26.5,80.5,UNNAO,UTTAR PRADESH,D748,BIGHAPUR,26.75
18-02-2025,26.5,80.5,UNNAO,UTTAR PRADESH,D748,BIGHAPUR,27.3
19-02-2025,26.5,80.5,UNNAO,UTTAR PRADESH,D748,BIGHAPUR,28.12
20-02-2025,26.5,80.5,UNNAO,UTTAR PRADESH,D748,BIGHAPUR,28.13
21-02-2025,26.5,80.5,UNNAO,UTTAR PRADESH,D748,BIGHAPUR,28.17
22-02-2025,26.5,80.5,UNNAO,UTTAR PRADESH,D748,BIGHAPUR,28.05
23-02-2025,26.5,80.5,UNNAO,UTTAR PRADESH,D748,BIGHAPUR,28.34
24-02-2025,26.5,80.5,UNNAO,UTTAR PRADESH,D748,BIGHAPUR,28.68
25-02-2025,26.5,80.5,UNNAO,UTTAR PRADESH,D748,BIGHAPUR,28.18
26-02-2025,26.5,80.5,UNNAO,UTTAR PRADESH,D748,BIGHAPUR,28.12
27-02-2025,26.5,80.5,UNNAO,UTTAR PRADESH,D748,BIGHAPUR,28.49
28-02-2025,26.5,80.5,UNNAO,UTTAR PRADESH,D748,BIGHAPUR,28.85
29-02-2025,26.5,80.5,UNNAO,UTTAR PRADESH,D748,BIGHAPUR,28.45
01-03-2025,26.5,80.5,UNNAO,UTTAR PRADESH,D748,BIGHAPUR,28.67
02-03-2025,26.5,80.5,UNNAO,UTTAR PRADESH,D748,BIGHAPUR,29.02
03-03-2025,26.5,80.5,UNNAO,UTTAR PRADESH,D748,BIGHAPUR,29.52
04-03-2025,26.5,80.5,UNNAO,UTTAR PRADESH,D748,BIGHAPUR,29.75
05-03-2025,26.5,80.5,UNNAO,UTTAR PRADESH,D748,BIGHAPUR,29.32
06-03-2025,26.5,80.5,UNNAO,UTTAR PRADESH,D748,BIGHAPUR,29.57
07-03-2025,26.5,80.5,UNNAO,UTTAR PRADESH,D748,BIGHAPUR,30.12
08-03-2025,26.5,80.5,UNNAO,UTTAR PRADESH,D748,BIGHAPUR,30.32
09-03-2025,26.5,80.5,UNNAO,UTTAR PRADESH,D748,BIGHAPUR,30.65
10-03-2025,26.5,80.5,UNNAO,UTTAR PRADESH,D748,BIGHAPUR,30.04
11-03-2025,26.5,80.5,UNNAO,UTTAR PRADESH,D748,BIGHAPUR,30.57
12-03-2025,26.5,80.5,UNNAO,UTTAR PRADESH,D748,BIGHAPUR,30.57
13-03-2025,26.5,80.5,UNNAO,UTTAR PRADESH,D748,BIGHAPUR,30.6
14-03-2025,26.5,80.5,UNNAO,UTTAR PRADESH,D748,BIGHAPUR,31.08
15-03-2025,26.5,80.5,UNNAO,UTTAR PRADESH,D748,BIGHAPUR,31.19
16-03-2025,26.5,80.5,UNNAO,UTTAR PRADESH,D748,BIGHAPUR,31.9
17-03-2025,26.5,80.5,UNNAO,UTTAR PRADESH,D748,BIGHAPUR,32.45
18-03-2025,26.5,80.5,UNNAO,UTTAR PRADESH,D748,BIGHAPUR,32.82
19-03-2025,26.5,80.5,UNNAO,UTTAR PRADESH,D748,BIGHAPUR,32.87
20-03-2025,26.5,80.5,UNNAO,UTTAR PRADESH,D748,BIGHAPUR,33.45
21-03-2025,26.5,80.5,UNNAO,UTTAR PRADESH,D748,BIGHAPUR,33.66
22-03-2025,26.5,80.5,UNNAO,UTTAR PRADESH,D748,BIGHAPUR,33.82
23-03-2025,26.5,80.5,UNNAO,UTTAR PRADESH,D748,BIGHAPUR,34.25
24-03-2025,26.5,80.5,UNNAO,UTTAR PRADESH,D748,BIGHAPUR,34.67
25-03-2025,26.5,80.5,UNNAO,UTTAR PRADESH,D748,BIGHAPUR,35.1
26-03-2025,26.5,80.5,UNNAO,UTTAR PRADESH,D748,BIGHAPUR,35.31
27-03-2025,26.5,80.5,UNNAO,UTTAR PRADESH,D748,BIGHAPUR,35.17
28-03-2025,26.5,80.5,UNNAO,UTTAR PRADESH,D748,BIGHAPUR,35.81
29-03-2025,26.5,80.5,UNNAO,UTTAR PRADESH,D748,BIGHAPUR,36.1
30-03-2025,26.5,80.5,UNNAO,UTTAR PRADESH,D748,BIGHAPUR,35.87
31-03-2025,26.5,80.5,UNNAO,UTTAR PRADESH,D748,BIGHAPUR,36.17
01-04-2025,26.5,80.5,UNNAO,UTTAR PRADESH,D748,BIGHAPUR,36.53
02-04-2025,26.5,80.5,UNNAO,UTTAR PRADESH,D748,BIGHAPUR,36.71
03-04-2025,26.5,80.5,UNNAO,UTTAR PRADESH,D748,BIGHAPUR,36.94
04-04-2025,26.5,80.5,UNNAO,UTTAR PRADESH,D748,BIGHAPUR,37.09
05-04-2025,26.5,80.5,UNNAO,UTTAR PRADESH,D748,BIGHAPUR,37.29
06-04-2025,26.5,80.5,UNNAO,UTTAR PRADESH,D748,BIGHAPUR,37.82
07-04-2025,26.5,80.5,UNNAO,UTTAR PRADESH,D748,BIGHAPUR,38
08-04-2025,26.5,80.5,UNNAO,UTTAR PRADESH,D748,BIGHAPUR,37.64
09-04-2025,26.5,80.5,UNNAO,UTTAR PRADESH,D748,BIGHAPUR,37.95
10-04-2025,26.5,80.5,UNNAO,UTTAR PRADESH,D748,BIGHAPUR,37.86
11-04-2025,26.5,80.5,UNNAO,UTTAR PRADESH,D748,BIGHAPUR,38.24
12-04-2025,26.5,80.5,UNNAO,UTTAR PRADESH,D748,BIGHAPUR,38.27
13-04-2025,26.5,80.5,UNNAO,UTTAR PRADESH,D748,BIGHAPUR,38.23
14-04-2025,26.5,80.5,UNNAO,UTTAR PRADESH,D748,BIGHAPUR,38.37
15-04-2025,26.5,80.5,UNNAO,UTTAR PRADESH,D748,BIGHAPUR,39.02
16-04-2025,26.5,80.5,UNNAO,UTTAR PRADESH,D748,BIGHAPUR,38.71
17-04-2025,26.5,80.5,UNNAO,UTTAR PRADESH,D748,BIGHAPUR,38.29
18-04-2025,26.5,80.5,UNNAO,UTTAR PRADESH,D748,BIGHAPUR,37.79
19-04-2025,26.5,80.5,UNNAO,UTTAR PRADESH,D748,BIGHAPUR,38.45
20-04-2025,26.5,80.5,UNNAO,UTTAR PRADESH,D748,BIGHAPUR,38.59
21-04-2025,26.5,80.5,UNNAO,UTTAR PRADESH,D748,BIGHAPUR,38.35
22-04-2025,26.5,80.5,UNNAO,UTTAR PRADESH,D748,BIGHAPUR,38.73
23-04-2025,26.5,80.5,UNNAO,UTTAR PRADESH,D748,BIGHAPUR,38.51
24-04-2025,26.5,80.5,UNNAO,UTTAR PRADESH,D748,BIGHAPUR,39.06
25-04-2025,26.5,80.5,UNNAO,UTTAR PRADESH,D748,BIGHAPUR,39.27
26-04-2025,26.5,80.5,UNNAO,UTTAR PRADESH,D748,BIGHAPUR,39.22
27-04-2025,26.5,80.5,UNNAO,UTTAR PRADESH,D748,BIGHAPUR,39.17
28-04-2025,26.5,80.5,UNNAO,UTTAR PRADESH,D748,BIGHAPUR,39.39
29-04-2025,26.5,80.5,UNNAO,UTTAR PRADESH,D748,BIGHAPUR,39.78
30-04-2025,26.5,80.5,UNNAO,UTTAR PRADESH,D748,BIGHAPUR,39.62
01-05-2025,26.5,80.5,UNNAO,UTTAR PRADESH,D748,BIGHAPUR,39.25
02-05-2025,26.5,80.5,UNNAO,UTTAR PRADESH,D748,BIGHAPUR,38.88
03-05-2025,26.5,80.5,UNNAO,UTTAR PRADESH,D748,BIGHAPUR,38.51
04-05-2025,26.5,80.5,UNNAO,UTTAR PRADESH,D748,BIGHAPUR,38.61
05-05-2025,26.5,80.5,UNNAO,UTTAR PRADESH,D748,BIGHAPUR,38.67
06-05-2025,26.5,80.5,UNNAO,UTTAR PRADESH,D748,BIGHAPUR,39.35
07-05-2025,26.5,80.5,UNNAO,UTTAR PRADESH,D748,BIGHAPUR,39.25
08-05-2025,26.5,80.5,UNNAO,UTTAR PRADESH,D748,BIGHAPUR,39.54
09-05-2025,26.5,80.5,UNNAO,UTTAR PRADESH,D748,BIGHAPUR,39.62
10-05-2025,26.5,80.5,UNNAO,UTTAR PRADESH,D748,BIGHAPUR,39.94
11-05-2025,26.5,80.5,UNNAO,UTTAR PRADESH,D748,BIGHAPUR,39.42
12-05-2025,26.5,80.5,UNNAO,UTTAR PRADESH,D748,BIGHAPUR,39.31
13-05-2025,26.5,80.5,UNNAO,UTTAR PRADESH,D748,BIGHAPUR,39.23
14-05-2025,26.5,80.5,UNNAO,UTTAR PRADESH,D748,BIGHAPUR,39.59
15-05-2025,26.5,80.5,UNNAO,UTTAR PRADESH,D748,BIGHAPUR,39.65
16-05-2025,26.5,80.5,UNNAO,UTTAR PRADESH,D748,BIGHAPUR,40.13
17-05-2025,26.5,80.5,UNNAO,UTTAR PRADESH,D748,BIGHAPUR,39.97
18-05-2025,26.5,80.5,UNNAO,UTTAR PRADESH,D748,BIGHAPUR,40.07
19-05-2025,26.5,80.5,UNNAO,UTTAR PRADESH,D748,BIGHAPUR,39.83
20-05-2025,26.5,80.5,UNNAO,UTTAR PRADESH,D748,BIGHAPUR,39.73
21-05-2025,26.5,80.5,UNNAO,UTTAR PRADESH,D748,BIGHAPUR,40
22-05-2025,26.5,80.5,UNNAO,UTTAR PRADESH,D748,BIGHAPUR,39.82
23-05-2025,26.5,80.5,UNNAO,UTTAR PRADESH,D748,BIGHAPUR,40.02
24-05-2025,26.5,80.5,UNNAO,UTTAR PRADESH,D748,BIGHAPUR,39.92
25-05-2025,26.5,80.5,UNNAO,UTTAR PRADESH,D748,BIGHAPUR,39.99
26-05-2025,26.5,80.5,UNNAO,UTTAR PRADESH,D748,BIGHAPUR,40.36
27-05-2025,26.5,80.5,UNNAO,UTTAR PRADESH,D748,BIGHAPUR,40.19
28-05-2025,26.5,80.5,UNNAO,UTTAR PRADESH,D748,BIGHAPUR,40.05
29-05-2025,26.5,80.5,UNNAO,UTTAR PRADESH,D748,BIGHAPUR,40.21
30-05-2025,26.5,80.5,UNNAO,UTTAR PRADESH,D748,BIGHAPUR,40.02
31-05-2025,26.5,80.5,UNNAO,UTTAR PRADESH,D748,BIGHAPUR,40.22
01-06-2025,26.5,80.5,UNNAO,UTTAR PRADESH,D748,BIGHAPUR,40.17
02-06-2025,26.5,80.5,UNNAO,UTTAR PRADESH,D748,BIGHAPUR,40.2
03-06-2025,26.5,80.5,UNNAO,UTTAR PRADESH,D748,BIGHAPUR,40.27
04-06-2025,26.5,80.5,UNNAO,UTTAR PRADESH,D748,BIGHAPUR,40.17
05-06-2025,26.5,80.5,UNNAO,UTTAR PRADESH,D748,BIGHAPUR,40.06
06-06-2025,26.5,80.5,UNNAO,UTTAR PRADESH,D748,BIGHAPUR,39.84
07-06-2025,26.5,80.5,UNNAO,UTTAR PRADESH,D748,BIGHAPUR,39.37
08-06-2025,26.5,80.5,UNNAO,UTTAR PRADESH,D748,BIGHAPUR,40.12
09-06-2025,26.5,80.5,UNNAO,UTTAR PRADESH,D748,BIGHAPUR,39.82
10-06-2025,26.5,80.5,UNNAO,UTTAR PRADESH,D748,BIGHAPUR,39.86
11-06-2025,26.5,80.5,UNNAO,UTTAR PRADESH,D748,BIGHAPUR,39.7
12-06-2025,26.5,80.5,UNNAO,UTTAR PRADESH,D748,BIGHAPUR,39.37
13-06-2025,26.5,80.5,UNNAO,UTTAR PRADESH,D748,BIGHAPUR,39.44
14-06-2025,26.5,80.5,UNNAO,UTTAR PRADESH,D748,BIGHAPUR,39.21
15-06-2025,26.5,80.5,UNNAO,UTTAR PRADESH,D748,BIGHAPUR,38.41
16-06-2025,26.5,80.5,UNNAO,UTTAR PRADESH,D748,BIGHAPUR,37.62
17-06-2025,26.5,80.5,UNNAO,UTTAR PRADESH,D748,BIGHAPUR,37.55
18-06-2025,26.5,80.5,UNNAO,UTTAR PRADESH,D748,BIGHAPUR,37.33
19-06-2025,26.5,80.5,UNNAO,UTTAR PRADESH,D748,BIGHAPUR,37.36
20-06-2025,26.5,80.5,UNNAO,UTTAR PRADESH,D748,BIGHAPUR,37.13
21-06-2025,26.5,80.5,UNNAO,UTTAR PRADESH,D748,BIGHAPUR,37.41
22-06-2025,26.5,80.5,UNNAO,UTTAR PRADESH,D748,BIGHAPUR,36.89
23-06-2025,26.5,80.5,UNNAO,UTTAR PRADESH,D748,BIGHAPUR,36.63
24-06-2025,26.5,80.5,UNNAO,UTTAR PRADESH,D748,BIGHAPUR,36.65
25-06-2025,26.5,80.5,UNNAO,UTTAR PRADESH,D748,BIGHAPUR,36.69
26-06-2025,26.5,80.5,UNNAO,UTTAR PRADESH,D748,BIGHAPUR,36.33
27-06-2025,26.5,80.5,UNNAO,UTTAR PRADESH,D748,BIGHAPUR,35.55
28-06-2025,26.5,80.5,UNNAO,UTTAR PRADESH,D748,BIGHAPUR,35.49
29-06-2025,26.5,80.5,UNNAO,UTTAR PRADESH,D748,BIGHAPUR,34.94
30-06-2025,26.5,80.5,UNNAO,UTTAR PRADESH,D748,BIGHAPUR,34.42
01-07-2025,26.5,80.5,UNNAO,UTTAR PRADESH,D748,BIGHAPUR,35.1
02-07-2025,26.5,80.5,UNNAO,UTTAR PRADESH,D748,BIGHAPUR,35.28
03-07-2025,26.5,80.5,UNNAO,UTTAR PRADESH,D748,BIGHAPUR,35.17
04-07-2025,26.5,80.5,UNNAO,UTTAR PRADESH,D748,BIGHAPUR,35.33
05-07-2025,26.5,80.5,UNNAO,UTTAR PRADESH,D748,BIGHAPUR,34.57
06-07-2025,26.5,80.5,UNNAO,UTTAR PRADESH,D748,BIGHAPUR,34.3
07-07-2025,26.5,80.5,UNNAO,UTTAR PRADESH,D748,BIGHAPUR,34.54
08-07-2025,26.5,80.5,UNNAO,UTTAR PRADESH,D748,BIGHAPUR,34.53
09-07-2025,26.5,80.5,UNNAO,UTTAR PRADESH,D748,BIGHAPUR,34.31
10-07-2025,26.5,80.5,UNNAO,UTTAR PRADESH,D748,BIGHAPUR,34.02
11-07-2025,26.5,80.5,UNNAO,UTTAR PRADESH,D748,BIGHAPUR,33.63
12-07-2025,26.5,80.5,UNNAO,UTTAR PRADESH,D748,BIGHAPUR,33.76
13-07-2025,26.5,80.5,UNNAO,UTTAR PRADESH,D748,BIGHAPUR,33.94
14-07-2025,26.5,80.5,UNNAO,UTTAR PRADESH,D748,BIGHAPUR,33.97
15-07-2025,26.5,80.5,UNNAO,UTTAR PRADESH,D748,BIGHAPUR,33.96
16-07-2025,26.5,80.5,UNNAO,UTTAR PRADESH,D748,BIGHAPUR,33.92
17-07-2025,26.5,80.5,UNNAO,UTTAR PRADESH,D748,BIGHAPUR,33.87
18-07-2025,26.5,80.5,UNNAO,UTTAR PRADESH,D748,BIGHAPUR,33.95
19-07-2025,26.5,80.5,UNNAO,UTTAR PRADESH,D748,BIGHAPUR,34.33
20-07-2025,26.5,80.5,UNNAO,UTTAR PRADESH,D748,BIGHAPUR,33.88
21-07-2025,26.5,80.5,UNNAO,UTTAR PRADESH,D748,BIGHAPUR,33.4
22-07-2025,26.5,80.5,UNNAO,UTTAR PRADESH,D748,BIGHAPUR,33.5
23-07-2025,26.5,80.5,UNNAO,UTTAR PRADESH,D748,BIGHAPUR,33.57
24-07-2025,26.5,80.5,UNNAO,UTTAR PRADESH,D748,BIGHAPUR,33.35
25-07-2025,26.5,80.5,UNNAO,UTTAR PRADESH,D748,BIGHAPUR,33.11
26-07-2025,26.5,80.5,UNNAO,UTTAR PRADESH,D748,BIGHAPUR,33.12
27-07-2025,26.5,80.5,UNNAO,UTTAR PRADESH,D748,BIGHAPUR,32.59
28-07-2025,26.5,80.5,UNNAO,UTTAR PRADESH,D748,BIGHAPUR,32.98
29-07-2025,26.5,80.5,UNNAO,UTTAR PRADESH,D748,BIGHAPUR,32.73
30-07-2025,26.5,80.5,UNNAO,UTTAR PRADESH,D748,BIGHAPUR,33.15
31-07-2025,26.5,80.5,UNNAO,UTTAR PRADESH,D748,BIGHAPUR,32.98
01-08-2025,26.5,80.5,UNNAO,UTTAR PRADESH,D748,BIGHAPUR,33.14
02-08-2025,26.5,80.5,UNNAO,UTTAR PRADESH,D748,BIGHAPUR,32.84
03-08-2025,26.5,80.5,UNNAO,UTTAR PRADESH,D748,BIGHAPUR,32.63
04-08-2025,26.5,80.5,UNNAO,UTTAR PRADESH,D748,BIGHAPUR,33.14
05-08-2025,26.5,80.5,UNNAO,UTTAR PRADESH,D748,BIGHAPUR,33.46
06-08-2025,26.5,80.5,UNNAO,UTTAR PRADESH,D748,BIGHAPUR,33.12
07-08-2025,26.5,80.5,UNNAO,UTTAR PRADESH,D748,BIGHAPUR,33.32
08-08-2025,26.5,80.5,UNNAO,UTTAR PRADESH,D748,BIGHAPUR,33.24
09-08-2025,26.5,80.5,UNNAO,UTTAR PRADESH,D748,BIGHAPUR,33.29
10-08-2025,26.5,80.5,UNNAO,UTTAR PRADESH,D748,BIGHAPUR,33.36
11-08-2025,26.5,80.5,UNNAO,UTTAR PRADESH,D748,BIGHAPUR,32.9
12-08-2025,26.5,80.5,UNNAO,UTTAR PRADESH,D748,BIGHAPUR,32.79
13-08-2025,26.5,80.5,UNNAO,UTTAR PRADESH,D748,BIGHAPUR,32.69
14-08-2025,26.5,80.5,UNNAO,UTTAR PRADESH,D748,BIGHAPUR,32.67
15-08-2025,26.5,80.5,UNNAO,UTTAR PRADESH,D748,BIGHAPUR,32.7
16-08-2025,26.5,80.5,UNNAO,UTTAR PRADESH,D748,BIGHAPUR,33.01
17-08-2025,26.5,80.5,UNNAO,UTTAR PRADESH,D748,BIGHAPUR,33.43
18-08-2025,26.5,80.5,UNNAO,UTTAR PRADESH,D748,BIGHAPUR,32.94
19-08-2025,26.5,80.5,UNNAO,UTTAR PRADESH,D748,BIGHAPUR,32.67
20-08-2025,26.5,80.5,UNNAO,UTTAR PRADESH,D748,BIGHAPUR,32.88
21-08-2025,26.5,80.5,UNNAO,UTTAR PRADESH,D748,BIGHAPUR,32.92
22-08-2025,26.5,80.5,UNNAO,UTTAR PRADESH,D748,BIGHAPUR,32.9
23-08-2025,26.5,80.5,UNNAO,UTTAR PRADESH,D748,BIGHAPUR,33
24-08-2025,26.5,80.5,UNNAO,UTTAR PRADESH,D748,BIGHAPUR,32.98
25-08-2025,26.5,80.5,UNNAO,UTTAR PRADESH,D748,BIGHAPUR,33.28
26-08-2025,26.5,80.5,UNNAO,UTTAR PRADESH,D748,BIGHAPUR,33.46
27-08-2025,26.5,80.5,UNNAO,UTTAR PRADESH,D748,BIGHAPUR,33.35
28-08-2025,26.5,80.5,UNNAO,UTTAR PRADESH,D748,BIGHAPUR,33.44
29-08-2025,26.5,80.5,UNNAO,UTTAR PRADESH,D748,BIGHAPUR,33.55
30-08-2025,26.5,80.5,UNNAO,UTTAR PRADESH,D748,BIGHAPUR,33.68
31-08-2025,26.5,80.5,UNNAO,UTTAR PRADESH,D748,BIGHAPUR,33.77
01-09-2025,26.5,80.5,UNNAO,UTTAR PRADESH,D748,BIGHAPUR,33.39
02-09-2025,26.5,80.5,UNNAO,UTTAR PRADESH,D748,BIGHAPUR,32.97
03-09-2025,26.5,80.5,UNNAO,UTTAR PRADESH,D748,BIGHAPUR,33.43
04-09-2025,26.5,80.5,UNNAO,UTTAR PRADESH,D748,BIGHAPUR,33.62
05-09-2025,26.5,80.5,UNNAO,UTTAR PRADESH,D748,BIGHAPUR,33.6
06-09-2025,26.5,80.5,UNNAO,UTTAR PRADESH,D748,BIGHAPUR,33.33
07-09-2025,26.5,80.5,UNNAO,UTTAR PRADESH,D748,BIGHAPUR,33.44
08-09-2025,26.5,80.5,UNNAO,UTTAR PRADESH,D748,BIGHAPUR,33.26
09-09-2025,26.5,80.5,UNNAO,UTTAR PRADESH,D748,BIGHAPUR,33.35
10-09-2025,26.5,80.5,UNNAO,UTTAR PRADESH,D748,BIGHAPUR,33.61
11-09-2025,26.5,80.5,UNNAO,UTTAR PRADESH,D748,BIGHAPUR,33.06
12-09-2025,26.5,80.5,UNNAO,UTTAR PRADESH,D748,BIGHAPUR,33.18
13-09-2025,26.5,80.5,UNNAO,UTTAR PRADESH,D748,BIGHAPUR,33.2
14-09-2025,26.5,80.5,UNNAO,UTTAR PRADESH,D748,BIGHAPUR,33.28
15-09-2025,26.5,80.5,UNNAO,UTTAR PRADESH,D748,BIGHAPUR,32.8
16-09-2025,26.5,80.5,UNNAO,UTTAR PRADESH,D748,BIGHAPUR,32.87
17-09-2025,26.5,80.5,UNNAO,UTTAR PRADESH,D748,BIGHAPUR,33.01
18-09-2025,26.5,80.5,UNNAO,UTTAR PRADESH,D748,BIGHAPUR,33.36
19-09-2025,26.5,80.5,UNNAO,UTTAR PRADESH,D748,BIGHAPUR,33.51
20-09-2025,26.5,80.5,UNNAO,UTTAR PRADESH,D748,BIGHAPUR,33.51
21-09-2025,26.5,80.5,UNNAO,UTTAR PRADESH,D748,BIGHAPUR,32.96
22-09-2025,26.5,80.5,UNNAO,UTTAR PRADESH,D748,BIGHAPUR,32.81
23-09-2025,26.5,80.5,UNNAO,UTTAR PRADESH,D748,BIGHAPUR,33.08
24-09-2025,26.5,80.5,UNNAO,UTTAR PRADESH,D748,BIGHAPUR,32.83
25-09-2025,26.5,80.5,UNNAO,UTTAR PRADESH,D748,BIGHAPUR,32.73
26-09-2025,26.5,80.5,UNNAO,UTTAR PRADESH,D748,BIGHAPUR,33.23
27-09-2025,26.5,80.5,UNNAO,UTTAR PRADESH,D748,BIGHAPUR,33.42
28-09-2025,26.5,80.5,UNNAO,UTTAR PRADESH,D748,BIGHAPUR,33.46
29-09-2025,26.5,80.5,UNNAO,UTTAR PRADESH,D748,BIGHAPUR,33.62
30-09-2025,26.5,80.5,UNNAO,UTTAR PRADESH,D748,BIGHAPUR,33.57
01-10-2025,26.5,80.5,UNNAO,UTTAR PRADESH,D748,BIGHAPUR,33.75
02-10-2025,26.5,80.5,UNNAO,UTTAR PRADESH,D748,BIGHAPUR,33.44
03-10-2025,26.5,80.5,UNNAO,UTTAR PRADESH,D748,BIGHAPUR,33.28
04-10-2025,26.5,80.5,UNNAO,UTTAR PRADESH,D748,BIGHAPUR,32.94
05-10-2025,26.5,80.5,UNNAO,UTTAR PRADESH,D748,BIGHAPUR,33.31
06-10-2025,26.5,80.5,UNNAO,UTTAR PRADESH,D748,BIGHAPUR,33.6
07-10-2025,26.5,80.5,UNNAO,UTTAR PRADESH,D748,BIGHAPUR,33.35
08-10-2025,26.5,80.5,UNNAO,UTTAR PRADESH,D748,BIGHAPUR,33.5
09-10-2025,26.5,80.5,UNNAO,UTTAR PRADESH,D748,BIGHAPUR,33.45
10-10-2025,26.5,80.5,UNNAO,UTTAR PRADESH,D748,BIGHAPUR,33.68
11-10-2025,26.5,80.5,UNNAO,UTTAR PRADESH,D748,BIGHAPUR,33.14
12-10-2025,26.5,80.5,UNNAO,UTTAR PRADESH,D748,BIGHAPUR,33.17
13-10-2025,26.5,80.5,UNNAO,UTTAR PRADESH,D748,BIGHAPUR,33.41
14-10-2025,26.5,80.5,UNNAO,UTTAR PRADESH,D748,BIGHAPUR,33.16
15-10-2025,26.5,80.5,UNNAO,UTTAR PRADESH,D748,BIGHAPUR,33.19
16-10-2025,26.5,80.5,UNNAO,UTTAR PRADESH,D748,BIGHAPUR,33.08
17-10-2025,26.5,80.5,UNNAO,UTTAR PRADESH,D748,BIGHAPUR,32.85
18-10-2025,26.5,80.5,UNNAO,UTTAR PRADESH,D748,BIGHAPUR,32.46
19-10-2025,26.5,80.5,UNNAO,UTTAR PRADESH,D748,BIGHAPUR,32.23
20-10-2025,26.5,80.5,UNNAO,UTTAR PRADESH,D748,BIGHAPUR,32.53
21-10-2025,26.5,80.5,UNNAO,UTTAR PRADESH,D748,BIGHAPUR,32.62
22-10-2025,26.5,80.5,UNNAO,UTTAR PRADESH,D748,BIGHAPUR,32.56
23-10-2025,26.5,80.5,UNNAO,UTTAR PRADESH,D748,BIGHAPUR,32.32
24-10-2025,26.5,80.5,UNNAO,UTTAR PRADESH,D748,BIGHAPUR,32.2
25-10-2025,26.5,80.5,UNNAO,UTTAR PRADESH,D748,BIGHAPUR,31.85
26-10-2025,26.5,80.5,UNNAO,UTTAR PRADESH,D748,BIGHAPUR,31.63
27-10-2025,26.5,80.5,UNNAO,UTTAR PRADESH,D748,BIGHAPUR,31.42
28-10-2025,26.5,80.5,UNNAO,UTTAR PRADESH,D748,BIGHAPUR,30.99
29-10-2025,26.5,80.5,UNNAO,UTTAR PRADESH,D748,BIGHAPUR,31.17
30-10-2025,26.5,80.5,UNNAO,UTTAR PRADESH,D748,BIGHAPUR,31.07
31-10-2025,26.5,80.5,UNNAO,UTTAR PRADESH,D748,BIGHAPUR,31.34
01-11-2025,26.5,80.5,UNNAO,UTTAR PRADESH,D748,BIGHAPUR,31.41
02-11-2025,26.5,80.5,UNNAO,UTTAR PRADESH,D748,BIGHAPUR,31.34
03-11-2025,26.5,80.5,UNNAO,UTTAR PRADESH,D748,BIGHAPUR,31.12
04-11-2025,26.5,80.5,UNNAO,UTTAR PRADESH,D748,BIGHAPUR,31.22
05-11-2025,26.5,80.5,UNNAO,UTTAR PRADESH,D748,BIGHAPUR,31.07
06-11-2025,26.5,80.5,UNNAO,UTTAR PRADESH,D748,BIGHAPUR,30.57
07-11-2025,26.5,80.5,UNNAO,UTTAR PRADESH,D748,BIGHAPUR,30.52
08-11-2025,26.5,80.5,UNNAO,UTTAR PRADESH,D748,BIGHAPUR,30.3
09-11-2025,26.5,80.5,UNNAO,UTTAR PRADESH,D748,BIGHAPUR,30.13
10-11-2025,26.5,80.5,UNNAO,UTTAR PRADESH,D748,BIGHAPUR,29.94
11-11-2025,26.5,80.5,UNNAO,UTTAR PRADESH,D748,BIGHAPUR,29.77
12-11-2025,26.5,80.5,UNNAO,UTTAR PRADESH,D748,BIGHAPUR,29.71
13-11-2025,26.5,80.5,UNNAO,UTTAR PRADESH,D748,BIGHAPUR,29.51
14-11-2025,26.5,80.5,UNNAO,UTTAR PRADESH,D748,BIGHAPUR,29.23
15-11-2025,26.5,80.5,UNNAO,UTTAR PRADESH,D748,BIGHAPUR,29.37
16-11-2025,26.5,80.5,UNNAO,UTTAR PRADESH,D748,BIGHAPUR,28.97
17-11-2025,26.5,80.5,UNNAO,UTTAR PRADESH,D748,BIGHAPUR,28.81
18-11-2025,26.5,80.5,UNNAO,UTTAR PRADESH,D748,BIGHAPUR,28.39
19-11-2025,26.5,80.5,UNNAO,UTTAR PRADESH,D748,BIGHAPUR,28.23
20-11-2025,26.5,80.5,UNNAO,UTTAR PRADESH,D748,BIGHAPUR,28.24
21-11-2025,26.5,80.5,UNNAO,UTTAR PRADESH,D748,BIGHAPUR,28.01
22-11-2025,26.5,80.5,UNNAO,UTTAR PRADESH,D748,BIGHAPUR,27.84
23-11-2025,26.5,80.5,UNNAO,UTTAR PRADESH,D748,BIGHAPUR,27.89
24-11-2025,26.5,80.5,UNNAO,UTTAR PRADESH,D748,BIGHAPUR,27.79
25-11-2025,26.5,80.5,UNNAO,UTTAR PRADESH,D748,BIGHAPUR,27.57
26-11-2025,26.5,80.5,UNNAO,UTTAR PRADESH,D748,BIGHAPUR,27.57
27-11-2025,26.5,80.5,UNNAO,UTTAR PRADESH,D748,BIGHAPUR,27.35
28-11-2025,26.5,80.5,UNNAO,UTTAR PRADESH,D748,BIGHAPUR,27.14
29-11-2025,26.5,80.5,UNNAO,UTTAR PRADESH,D748,BIGHAPUR,27.09
30-11-2025,26.5,80.5,UNNAO,UTTAR PRADESH,D748,BIGHAPUR,26.81
01-12-2025,26.5,80.5,UNNAO,UTTAR PRADESH,D748,BIGHAPUR,26.62
02-12-2025,26.5,80.5,UNNAO,UTTAR PRADESH,D748,BIGHAPUR,26.34
03-12-2025,26.5,80.5,UNNAO,UTTAR PRADESH,D748,BIGHAPUR,26.25
04-12-2025,26.5,80.5,UNNAO,UTTAR PRADESH,D748,BIGHAPUR,26.33
05-12-2025,26.5,80.5,UNNAO,UTTAR PRADESH,D748,BIGHAPUR,26.04
06-12-2025,26.5,80.5,UNNAO,UTTAR PRADESH,D748,BIGHAPUR,26.08
07-12-2025,26.5,80.5,UNNAO,UTTAR PRADESH,D748,BIGHAPUR,25.69
08-12-2025,26.5,80.5,UNNAO,UTTAR PRADESH,D748,BIGHAPUR,25.26
09-12-2025,26.5,80.5,UNNAO,UTTAR PRADESH,D748,BIGHAPUR,25.38
10-12-2025,26.5,80.5,UNNAO,UTTAR PRADESH,D748,BIGHAPUR,25.38
11-12-2025,26.5,80.5,UNNAO,UTTAR PRADESH,D748,BIGHAPUR,25.15
12-12-2025,26.5,80.5,UNNAO,UTTAR PRADESH,D748,BIGHAPUR,24.81
13-12-2025,26.5,80.5,UNNAO,UTTAR PRADESH,D748,BIGHAPUR,24.29
14-12-2025,26.5,80.5,UNNAO,UTTAR PRADESH,D748,BIGHAPUR,23.81
15-12-2025,26.5,80.5,UNNAO,UTTAR PRADESH,D748,BIGHAPUR,23.62
16-12-2025,26.5,80.5,UNNAO,UTTAR PRADESH,D748,BIGHAPUR,23.52
17-12-2025,26.5,80.5,UNNAO,UTTAR PRADESH,D748,BIGHAPUR,23.67
18-12-2025,26.5,80.5,UNNAO,UTTAR PRADESH,D748,BIGHAPUR,23.27
19-12-2025,26.5,80.5,UNNAO,UTTAR PRADESH,D748,BIGHAPUR,22.96
20-12-2025,26.5,80.5,UNNAO,UTTAR PRADESH,D748,BIGHAPUR,22.53
21-12-2025,26.5,80.5,UNNAO,UTTAR PRADESH,D748,BIGHAPUR,22.44
22-12-2025,26.5,80.5,UNNAO,UTTAR PRADESH,D748,BIGHAPUR,22.83
23-12-2025,26.5,80.5,UNNAO,UTTAR PRADESH,D748,BIGHAPUR,22.69
24-12-2025,26.5,80.5,UNNAO,UTTAR PRADESH,D748,BIGHAPUR,22.63
25-12-2025,26.5,80.5,UNNAO,UTTAR PRADESH,D748,BIGHAPUR,22.66
26-12-2025,26.5,80.5,UNNAO,UTTAR PRADESH,D748,BIGHAPUR,21.98
27-12-2025,26.5,80.5,UNNAO,UTTAR PRADESH,D748,BIGHAPUR,21.77
28-12-2025,26.5,80.5,UNNAO,UTTAR PRADESH,D748,BIGHAPUR,21.25
29-12-2025,26.5,80.5,UNNAO,UTTAR PRADESH,D748,BIGHAPUR,21.29
30-12-2025,26.5,80.5,UNNAO,UTTAR PRADESH,D748,BIGHAPUR,20.51
31-12-2025,26.5,80.5,UNNAO,UTTAR PRADESH,D748,BIGHAPUR,20.24
01-01-2025,30.5,76.5,PATIALA,PUNJAB,D536,PATIALA,17.08
02-01-2025,30.5,76.5,PATIALA,PUNJAB,D536,PATIALA,17.29
03-01-2025,30.5,76.5,PATIALA,PUNJAB,D536,PATIALA,17.34
04-01-2025,30.5,76.5,PATIALA,PUNJAB,D536,PATIALA,17.29
05-01-2025,30.5,76.5,PATIALA,PUNJAB,D536,PATIALA,16.82
06-01-2025,30.5,76.5,PATIALA,PUNJAB,D536,PATIALA,16.82
07-01-2025,30.5,76.5,PATIALA,PUNJAB,D536,PATIALA,16.87
08-01-2025,30.5,76.5,PATIALA,PUNJAB,D536,PATIALA,16.89
09-01-2025,30.5,76.5,PATIALA,PUNJAB,D536,PATIALA,17.09
10-01-2025,30.5,76.5,PATIALA,PUNJAB,D536,PATIALA,17.28
11-01-2025,30.5,76.5,PATIALA,PUNJAB,D536,PATIALA,17.62
12-01-2025,30.5,76.5,PATIALA,PUNJAB,D536,PATIALA,17.93
13-01-2025,30.5,76.5,PATIALA,PUNJAB,D536,PATIALA,18.19
14-01-2025,30.5,76.5,PATIALA,PUNJAB,D536,PATIALA,18.13
15-01-2025,30.5,76.5,PATIALA,PUNJAB,D536,PATIALA,17.87
16-01-2025,30.5,76.5,PATIALA,PUNJAB,D536,PATIALA,17.65
17-01-2025,30.5,76.5,PATIALA,PUNJAB,D536,PATIALA,17.17
18-01-2025,30.5,76.5,PATIALA,PUNJAB,D536,PATIALA,17.48
19-01-2025,30.5,76.5,PATIALA,PUNJAB,D536,PATIALA,17.99
20-01-2025,30.5,76.5,PATIALA,PUNJAB,D536,PATIALA,17.95
21-01-2025,30.5,76.5,PATIALA,PUNJAB,D536,PATIALA,17.83
22-01-2025,30.5,76.5,PATIALA,PUNJAB,D536,PATIALA,17.54
23-01-2025,30.5,76.5,PATIALA,PUNJAB,D536,PATIALA,18.09
24-01-2025,30.5,76.5,PATIALA,PUNJAB,D536,PATIALA,17.84
25-01-2025,30.5,76.5,PATIALA,PUNJAB,D536,PATIALA,18
26-01-2025,30.5,76.5,PATIALA,PUNJAB,D536,PATIALA,18.47
27-01-2025,30.5,76.5,PATIALA,PUNJAB,D536,PATIALA,19.04
28-01-2025,30.5,76.5,PATIALA,PUNJAB,D536,PATIALA,19.27
29-01-2025,30.5,76.5,PATIALA,PUNJAB,D536,PATIALA,19.35
30-01-2025,30.5,76.5,PATIALA,PUNJAB,D536,PATIALA,19.68
31-01-2025,30.5,76.5,PATIALA,PUNJAB,D536,PATIALA,19.46
01-02-2025,30.5,76.5,PATIALA,PUNJAB,D536,PATIALA,19.65
02-02-2025,30.5,76.5,PATIALA,PUNJAB,D536,PATIALA,20.01
03-02-2025,30.5,76.5,PATIALA,PUNJAB,D536,PATIALA,19.89
04-02-2025,30.5,76.5,PATIALA,PUNJAB,D536,PATIALA,19.93
05-02-2025,30.5,76.5,PATIALA,PUNJAB,D536,PATIALA,20.11
06-02-2025,30.5,76.5,PATIALA,PUNJAB,D536,PATIALA,20.32
07-02-2025,30.5,76.5,PATIALA,PUNJAB,D536,PATIALA,20.07
08-02-2025,30.5,76.5,PATIALA,PUNJAB,D536,PATIALA,20.2
09-02-2025,30.5,76.5,PATIALA,PUNJAB,D536,PATIALA,20.63
10-02-2025,30.5,76.5,PATIALA,PUNJAB,D536,PATIALA,20.72
11-02-2025,30.5,76.5,PATIALA,PUNJAB,D536,PATIALA,20.69
12-02-2025,30.5,76.5,PATIALA,PUNJAB,D536,PATIALA,20.84
13-02-2025,30.5,76.5,PATIALA,PUNJAB,D536,PATIALA,21.55
14-02-2025,30.5,76.5,PATIALA,PUNJAB,D536,PATIALA,21.7
15-02-2025,30.5,76.5,PATIALA,PUNJAB,D536,PATIALA,21.35
16-02-2025,30.5,76.5,PATIALA,PUNJAB,D536,PATIALA,21.86
17-02-2025,30.5,76.5,PATIALA,PUNJAB,D536,PATIALA,22.25
18-02-2025,30.5,76.5,PATIALA,PUNJAB,D536,PATIALA,22.72
19-02-2025,30.5,76.5,PATIALA,PUNJAB,D536,PATIALA,23.06
20-02-2025,30.5,76.5,PATIALA,PUNJAB,D536,PATIALA,22.83
21-02-2025,30.5,76.5,PATIALA,PUNJAB,D536,PATIALA,23.02
22-02-2025,30.5,76.5,PATIALA,PUNJAB,D536,PATIALA,23.38
23-02-2025,30.5,76.5,PATIALA,PUNJAB,D536,PATIALA,23.12
24-02-2025,30.5,76.5,PATIALA,PUNJAB,D536,PATIALA,23.21
25-02-2025,30.5,76.5,PATIALA,PUNJAB,D536,PATIALA,23.7
26-02-2025,30.5,76.5,PATIALA,PUNJAB,D536,PATIALA,23.47
27-02-2025,30.5,76.5,PATIALA,PUNJAB,D536,PATIALA,23.42
28-02-2025,30.5,76.5,PATIALA,PUNJAB,D536,PATIALA,23.65
29-02-2025,30.5,76.5,PATIALA,PUNJAB,D536,PATIALA,25
01-03-2025,30.5,76.5,PATIALA,PUNJAB,D536,PATIALA,23.6
02-03-2025,30.5,76.5,PATIALA,PUNJAB,D536,PATIALA,23.56
03-03-2025,30.5,76.5,PATIALA,PUNJAB,D536,PATIALA,24.07
04-03-2025,30.5,76.5,PATIALA,PUNJAB,D536,PATIALA,24.41
05-03-2025,30.5,76.5,PATIALA,PUNJAB,D536,PATIALA,24.38
06-03-2025,30.5,76.5,PATIALA,PUNJAB,D536,PATIALA,24.84
07-03-2025,30.5,76.5,PATIALA,PUNJAB,D536,PATIALA,25.14
08-03-2025,30.5,76.5,PATIALA,PUNJAB,D536,PATIALA,25.4
09-03-2025,30.5,76.5,PATIALA,PUNJAB,D536,PATIALA,25.48
10-03-2025,30.5,76.5,PATIALA,PUNJAB,D536,PATIALA,25.37
11-03-2025,30.5,76.5,PATIALA,PUNJAB,D536,PATIALA,25.19
12-03-2025,30.5,76.5,PATIALA,PUNJAB,D536,PATIALA,25.85
13-03-2025,30.5,76.5,PATIALA,PUNJAB,D536,PATIALA,25.76
14-03-2025,30.5,76.5,PATIALA,PUNJAB,D536,PATIALA,25.76
15-03-2025,30.5,76.5,PATIALA,PUNJAB,D536,PATIALA,26.2
16-03-2025,30.5,76.5,PATIALA,PUNJAB,D536,PATIALA,26.92
17-03-2025,30.5,76.5,PATIALA,PUNJAB,D536,PATIALA,27.4
18-03-2025,30.5,76.5,PATIALA,PUNJAB,D536,PATIALA,27.86
19-03-2025,30.5,76.5,PATIALA,PUNJAB,D536,PATIALA,28.28
20-03-2025,30.5,76.5,PATIALA,PUNJAB,D536,PATIALA,28.44
21-03-2025,30.5,76.5,PATIALA,PUNJAB,D536,PATIALA,28.07
22-03-2025,30.5,76.5,PATIALA,PUNJAB,D536,PATIALA,28.2
23-03-2025,30.5,76.5,PATIALA,PUNJAB,D536,PATIALA,28.63
24-03-2025,30.5,76.5,PATIALA,PUNJAB,D536,PATIALA,28.65
25-03-2025,30.5,76.5,PATIALA,PUNJAB,D536,PATIALA,29.02
26-03-2025,30.5,76.5,PATIALA,PUNJAB,D536,PATIALA,29.53
27-03-2025,30.5,76.5,PATIALA,PUNJAB,D536,PATIALA,29.67
28-03-2025,30.5,76.5,PATIALA,PUNJAB,D536,PATIALA,30.17
29-03-2025,30.5,76.5,PATIALA,PUNJAB,D536,PATIALA,30.03
30-03-2025,30.5,76.5,PATIALA,PUNJAB,D536,PATIALA,30.23
31-03-2025,30.5,76.5,PATIALA,PUNJAB,D536,PATIALA,30
01-04-2025,30.5,76.5,PATIALA,PUNJAB,D536,PATIALA,30.67
02-04-2025,30.5,76.5,PATIALA,PUNJAB,D536,PATIALA,31.16
03-04-2025,30.5,76.5,PATIALA,PUNJAB,D536,PATIALA,30.99
04-04-2025,30.5,76.5,PATIALA,PUNJAB,D536,PATIALA,31.24
05-04-2025,30.5,76.5,PATIALA,PUNJAB,D536,PATIALA,31.4
06-04-2025,30.5,76.5,PATIALA,PUNJAB,D536,PATIALA,31.93
07-04-2025,30.5,76.5,PATIALA,PUNJAB,D536,PATIALA,31.94
08-04-2025,30.5,76.5,PATIALA,PUNJAB,D536,PATIALA,32.61
09-04-2025,30.5,76.5,PATIALA,PUNJAB,D536,PATIALA,32.75
10-04-2025,30.5,76.5,PATIALA,PUNJAB,D536,PATIALA,32.82
11-04-2025,30.5,76.5,PATIALA,PUNJAB,D536,PATIALA,33.19
12-04-2025,30.5,76.5,PATIALA,PUNJAB,D536,PATIALA,33.49
13-04-2025,30.5,76.5,PATIALA,PUNJAB,D536,PATIALA,33.94
14-04-2025,30.5,76.5,PATIALA,PUNJAB,D536,PATIALA,34.29
15-04-2025,30.5,76.5,PATIALA,PUNJAB,D536,PATIALA,34.88
16-04-2025,30.5,76.5,PATIALA,PUNJAB,D536,PATIALA,34.65
17-04-2025,30.5,76.5,PATIALA,PUNJAB,D536,PATIALA,34.14
18-04-2025,30.5,76.5,PATIALA,PUNJAB,D536,PATIALA,34.26
19-04-2025,30.5,76.5,PATIALA,PUNJAB,D536,PATIALA,34.51
20-04-2025,30.5,76.5,PATIALA,PUNJAB,D536,PATIALA,34.39
21-04-2025,30.5,76.5,PATIALA,PUNJAB,D536,PATIALA,34.16
22-04-2025,30.5,76.5,PATIALA,PUNJAB,D536,PATIALA,34.3
23-04-2025,30.5,76.5,PATIALA,PUNJAB,D536,PATIALA,34.61
24-04-2025,30.5,76.5,PATIALA,PUNJAB,D536,PATIALA,35.25
25-04-2025,30.5,76.5,PATIALA,PUNJAB,D536,PATIALA,35.63
26-04-2025,30.5,76.5,PATIALA,PUNJAB,D536,PATIALA,35.54
27-04-2025,30.5,76.5,PATIALA,PUNJAB,D536,PATIALA,35.4
28-04-2025,30.5,76.5,PATIALA,PUNJAB,D536,PATIALA,36.06
29-04-2025,30.5,76.5,PATIALA,PUNJAB,D536,PATIALA,36.01
30-04-2025,30.5,76.5,PATIALA,PUNJAB,D536,PATIALA,36.08
01-05-2025,30.5,76.5,PATIALA,PUNJAB,D536,PATIALA,35.58
02-05-2025,30.5,76.5,PATIALA,PUNJAB,D536,PATIALA,35.05
03-05-2025,30.5,76.5,PATIALA,PUNJAB,D536,PATIALA,35.23
04-05-2025,30.5,76.5,PATIALA,PUNJAB,D536,PATIALA,35.62
05-05-2025,30.5,76.5,PATIALA,PUNJAB,D536,PATIALA,35.27
06-05-2025,30.5,76.5,PATIALA,PUNJAB,D536,PATIALA,35.82
07-05-2025,30.5,76.5,PATIALA,PUNJAB,D536,PATIALA,36.19
08-05-2025,30.5,76.5,PATIALA,PUNJAB,D536,PATIALA,36.57
09-05-2025,30.5,76.5,PATIALA,PUNJAB,D536,PATIALA,36.63
10-05-2025,30.5,76.5,PATIALA,PUNJAB,D536,PATIALA,36.42
11-05-2025,30.5,76.5,PATIALA,PUNJAB,D536,PATIALA,36.43
12-05-2025,30.5,76.5,PATIALA,PUNJAB,D536,PATIALA,36.09
13-05-2025,30.5,76.5,PATIALA,PUNJAB,D536,PATIALA,36.09
14-05-2025,30.5,76.5,PATIALA,PUNJAB,D536,PATIALA,36.77
15-05-2025,30.5,76.5,PATIALA,PUNJAB,D536,PATIALA,37.19
16-05-2025,30.5,76.5,PATIALA,PUNJAB,D536,PATIALA,37.36
17-05-2025,30.5,76.5,PATIALA,PUNJAB,D536,PATIALA,37.34
18-05-2025,30.5,76.5,PATIALA,PUNJAB,D536,PATIALA,37.2
19-05-2025,30.5,76.5,PATIALA,PUNJAB,D536,PATIALA,37.43
20-05-2025,30.5,76.5,PATIALA,PUNJAB,D536,PATIALA,37.55
21-05-2025,30.5,76.5,PATIALA,PUNJAB,D536,PATIALA,37.53
22-05-2025,30.5,76.5,PATIALA,PUNJAB,D536,PATIALA,37.66
23-05-2025,30.5,76.5,PATIALA,PUNJAB,D536,PATIALA,36.92
24-05-2025,30.5,76.5,PATIALA,PUNJAB,D536,PATIALA,36.47
25-05-2025,30.5,76.5,PATIALA,PUNJAB,D536,PATIALA,37.06
26-05-2025,30.5,76.5,PATIALA,PUNJAB,D536,PATIALA,37.63
27-05-2025,30.5,76.5,PATIALA,PUNJAB,D536,PATIALA,37.6
28-05-2025,30.5,76.5,PATIALA,PUNJAB,D536,PATIALA,37.72
29-05-2025,30.5,76.5,PATIALA,PUNJAB,D536,PATIALA,37.26
30-05-2025,30.5,76.5,PATIALA,PUNJAB,D536,PATIALA,36.93
31-05-2025,30.5,76.5,PATIALA,PUNJAB,D536,PATIALA,37.87
01-06-2025,30.5,76.5,PATIALA,PUNJAB,D536,PATIALA,37.02
02-06-2025,30.5,76.5,PATIALA,PUNJAB,D536,PATIALA,37.09
03-06-2025,30.5,76.5,PATIALA,PUNJAB,D536,PATIALA,37.35
04-06-2025,30.5,76.5,PATIALA,PUNJAB,D536,PATIALA,37.71
05-06-2025,30.5,76.5,PATIALA,PUNJAB,D536,PATIALA,37.7
06-06-2025,30.5,76.5,PATIALA,PUNJAB,D536,PATIALA,37.27
07-06-2025,30.5,76.5,PATIALA,PUNJAB,D536,PATIALA,37.08
08-06-2025,30.5,76.5,PATIALA,PUNJAB,D536,PATIALA,37.24
09-06-2025,30.5,76.5,PATIALA,PUNJAB,D536,PATIALA,37.69
10-06-2025,30.5,76.5,PATIALA,PUNJAB,D536,PATIALA,37.76
11-06-2025,30.5,76.5,PATIALA,PUNJAB,D536,PATIALA,37.61
12-06-2025,30.5,76.5,PATIALA,PUNJAB,D536,PATIALA,37.77
13-06-2025,30.5,76.5,PATIALA,PUNJAB,D536,PATIALA,37.02
14-06-2025,30.5,76.5,PATIALA,PUNJAB,D536,PATIALA,36.96
15-06-2025,30.5,76.5,PATIALA,PUNJAB,D536,PATIALA,36.03
16-06-2025,30.5,76.5,PATIALA,PUNJAB,D536,PATIALA,35.56
17-06-2025,30.5,76.5,PATIALA,PUNJAB,D536,PATIALA,35.24
18-06-2025,30.5,76.5,PATIALA,PUNJAB,D536,PATIALA,34.68
19-06-2025,30.5,76.5,PATIALA,PUNJAB,D536,PATIALA,35.66
20-06-2025,30.5,76.5,PATIALA,PUNJAB,D536,PATIALA,35.33
21-06-2025,30.5,76.5,PATIALA,PUNJAB,D536,PATIALA,35.54
22-06-2025,30.5,76.5,PATIALA,PUNJAB,D536,PATIALA,35.91
23-06-2025,30.5,76.5,PATIALA,PUNJAB,D536,PATIALA,35.83
24-06-2025,30.5,76.5,PATIALA,PUNJAB,D536,PATIALA,35.36
25-06-2025,30.5,76.5,PATIALA,PUNJAB,D536,PATIALA,34.83
26-06-2025,30.5,76.5,PATIALA,PUNJAB,D536,PATIALA,34.88
27-06-2025,30.5,76.5,PATIALA,PUNJAB,D536,PATIALA,34.55
28-06-2025,30.5,76.5,PATIALA,PUNJAB,D536,PATIALA,34.71
29-06-2025,30.5,76.5,PATIALA,PUNJAB,D536,PATIALA,34.06
30-06-2025,30.5,76.5,PATIALA,PUNJAB,D536,PATIALA,33.85
01-07-2025,30.5,76.5,PATIALA,PUNJAB,D536,PATIALA,33.77
02-07-2025,30.5,76.5,PATIALA,PUNJAB,D536,PATIALA,34.2
03-07-2025,30.5,76.5,PATIALA,PUNJAB,D536,PATIALA,34.09
04-07-2025,30.5,76.5,PATIALA,PUNJAB,D536,PATIALA,34.04
05-07-2025,30.5,76.5,PATIALA,PUNJAB,D536,PATIALA,34.06
06-07-2025,30.5,76.5,PATIALA,PUNJAB,D536,PATIALA,33.11
07-07-2025,30.5,76.5,PATIALA,PUNJAB,D536,PATIALA,33.6
08-07-2025,30.5,76.5,PATIALA,PUNJAB,D536,PATIALA,33.31
09-07-2025,30.5,76.5,PATIALA,PUNJAB,D536,PATIALA,33.27
10-07-2025,30.5,76.5,PATIALA,PUNJAB,D536,PATIALA,33.09
11-07-2025,30.5,76.5,PATIALA,PUNJAB,D536,PATIALA,33.25
12-07-2025,30.5,76.5,PATIALA,PUNJAB,D536,PATIALA,32.41
13-07-2025,30.5,76.5,PATIALA,PUNJAB,D536,PATIALA,33.02
14-07-2025,30.5,76.5,PATIALA,PUNJAB,D536,PATIALA,32.57
15-07-2025,30.5,76.5,PATIALA,PUNJAB,D536,PATIALA,32.88
16-07-2025,30.5,76.5,PATIALA,PUNJAB,D536,PATIALA,32.93
17-07-2025,30.5,76.5,PATIALA,PUNJAB,D536,PATIALA,32.62
18-07-2025,30.5,76.5,PATIALA,PUNJAB,D536,PATIALA,33
19-07-2025,30.5,76.5,PATIALA,PUNJAB,D536,PATIALA,33.03
20-07-2025,30.5,76.5,PATIALA,PUNJAB,D536,PATIALA,32.63
21-07-2025,30.5,76.5,PATIALA,PUNJAB,D536,PATIALA,32.54
22-07-2025,30.5,76.5,PATIALA,PUNJAB,D536,PATIALA,32.3
23-07-2025,30.5,76.5,PATIALA,PUNJAB,D536,PATIALA,32.56
24-07-2025,30.5,76.5,PATIALA,PUNJAB,D536,PATIALA,32.77
25-07-2025,30.5,76.5,PATIALA,PUNJAB,D536,PATIALA,32.77
26-07-2025,30.5,76.5,PATIALA,PUNJAB,D536,PATIALA,32.47
27-07-2025,30.5,76.5,PATIALA,PUNJAB,D536,PATIALA,31.72
28-07-2025,30.5,76.5,PATIALA,PUNJAB,D536,PATIALA,31.7
29-07-2025,30.5,76.5,PATIALA,PUNJAB,D536,PATIALA,31.46
30-07-2025,30.5,76.5,PATIALA,PUNJAB,D536,PATIALA,31.89
31-07-2025,30.5,76.5,PATIALA,PUNJAB,D536,PATIALA,31.76
01-08-2025,30.5,76.5,PATIALA,PUNJAB,D536,PATIALA,31.53
02-08-2025,30.5,76.5,PATIALA,PUNJAB,D536,PATIALA,31.91
03-08-2025,30.5,76.5,PATIALA,PUNJAB,D536,PATIALA,31.86
04-08-2025,30.5,76.5,PATIALA,PUNJAB,D536,PATIALA,31.45
05-08-2025,30.5,76.5,PATIALA,PUNJAB,D536,PATIALA,31.81
06-08-2025,30.5,76.5,PATIALA,PUNJAB,D536,PATIALA,31.85
07-08-2025,30.5,76.5,PATIALA,PUNJAB,D536,PATIALA,31.64
08-08-2025,30.5,76.5,PATIALA,PUNJAB,D536,PATIALA,32.23
09-08-2025,30.5,76.5,PATIALA,PUNJAB,D536,PATIALA,31.97
10-08-2025,30.5,76.5,PATIALA,PUNJAB,D536,PATIALA,32.06
11-08-2025,30.5,76.5,PATIALA,PUNJAB,D536,PATIALA,32
12-08-2025,30.5,76.5,PATIALA,PUNJAB,D536,PATIALA,31.85
13-08-2025,30.5,76.5,PATIALA,PUNJAB,D536,PATIALA,31.54
14-08-2025,30.5,76.5,PATIALA,PUNJAB,D536,PATIALA,31.46
15-08-2025,30.5,76.5,PATIALA,PUNJAB,D536,PATIALA,31.18
16-08-2025,30.5,76.5,PATIALA,PUNJAB,D536,PATIALA,31.55
17-08-2025,30.5,76.5,PATIALA,PUNJAB,D536,PATIALA,31.92
18-08-2025,30.5,76.5,PATIALA,PUNJAB,D536,PATIALA,32.42
19-08-2025,30.5,76.5,PATIALA,PUNJAB,D536,PATIALA,31.96
20-08-2025,30.5,76.5,PATIALA,PUNJAB,D536,PATIALA,31.75
21-08-2025,30.5,76.5,PATIALA,PUNJAB,D536,PATIALA,31.83
22-08-2025,30.5,76.5,PATIALA,PUNJAB,D536,PATIALA,32.07
23-08-2025,30.5,76.5,PATIALA,PUNJAB,D536,PATIALA,31.67
24-08-2025,30.5,76.5,PATIALA,PUNJAB,D536,PATIALA,31.8
25-08-2025,30.5,76.5,PATIALA,PUNJAB,D536,PATIALA,31.7
26-08-2025,30.5,76.5,PATIALA,PUNJAB,D536,PATIALA,32.1
27-08-2025,30.5,76.5,PATIALA,PUNJAB,D536,PATIALA,32.32
28-08-2025,30.5,76.5,PATIALA,PUNJAB,D536,PATIALA,31.97
29-08-2025,30.5,76.5,PATIALA,PUNJAB,D536,PATIALA,31.74
30-08-2025,30.5,76.5,PATIALA,PUNJAB,D536,PATIALA,32.2
31-08-2025,30.5,76.5,PATIALA,PUNJAB,D536,PATIALA,31.99
01-09-2025,30.5,76.5,PATIALA,PUNJAB,D536,PATIALA,31.88
02-09-2025,30.5,76.5,PATIALA,PUNJAB,D536,PATIALA,31.94
03-09-2025,30.5,76.5,PATIALA,PUNJAB,D536,PATIALA,31.8
04-09-2025,30.5,76.5,PATIALA,PUNJAB,D536,PATIALA,31.8
05-09-2025,30.5,76.5,PATIALA,PUNJAB,D536,PATIALA,32.15
06-09-2025,30.5,76.5,PATIALA,PUNJAB,D536,PATIALA,32.2
07-09-2025,30.5,76.5,PATIALA,PUNJAB,D536,PATIALA,31.99
08-09-2025,30.5,76.5,PATIALA,PUNJAB,D536,PATIALA,31.73
09-09-2025,30.5,76.5,PATIALA,PUNJAB,D536,PATIALA,31.98
10-09-2025,30.5,76.5,PATIALA,PUNJAB,D536,PATIALA,31.91
11-09-2025,30.5,76.5,PATIALA,PUNJAB,D536,PATIALA,31.83
12-09-2025,30.5,76.5,PATIALA,PUNJAB,D536,PATIALA,31.8
13-09-2025,30.5,76.5,PATIALA,PUNJAB,D536,PATIALA,31.63
14-09-2025,30.5,76.5,PATIALA,PUNJAB,D536,PATIALA,31.75
15-09-2025,30.5,76.5,PATIALA,PUNJAB,D536,PATIALA,31.8
16-09-2025,30.5,76.5,PATIALA,PUNJAB,D536,PATIALA,31.64
17-09-2025,30.5,76.5,PATIALA,PUNJAB,D536,PATIALA,31.83
18-09-2025,30.5,76.5,PATIALA,PUNJAB,D536,PATIALA,31.59
19-09-2025,30.5,76.5,PATIALA,PUNJAB,D536,PATIALA,31.63
20-09-2025,30.5,76.5,PATIALA,PUNJAB,D536,PATIALA,31.81
21-09-2025,30.5,76.5,PATIALA,PUNJAB,D536,PATIALA,32.04
22-09-2025,30.5,76.5,PATIALA,PUNJAB,D536,PATIALA,31.45
23-09-2025,30.5,76.5,PATIALA,PUNJAB,D536,PATIALA,30.96
24-09-2025,30.5,76.5,PATIALA,PUNJAB,D536,PATIALA,31.08
25-09-2025,30.5,76.5,PATIALA,PUNJAB,D536,PATIALA,31.41
26-09-2025,30.5,76.5,PATIALA,PUNJAB,D536,PATIALA,31.57
27-09-2025,30.5,76.5,PATIALA,PUNJAB,D536,PATIALA,31.86
28-09-2025,30.5,76.5,PATIALA,PUNJAB,D536,PATIALA,32
29-09-2025,30.5,76.5,PATIALA,PUNJAB,D536,PATIALA,31.94
30-09-2025,30.5,76.5,PATIALA,PUNJAB,D536,PATIALA,31.81
01-10-2025,30.5,76.5,PATIALA,PUNJAB,D536,PATIALA,32.04
02-10-2025,30.5,76.5,PATIALA,PUNJAB,D536,PATIALA,32.19
03-10-2025,30.5,76.5,PATIALA,PUNJAB,D536,PATIALA,32.02
04-10-2025,30.5,76.5,PATIALA,PUNJAB,D536,PATIALA,31.8
05-10-2025,30.5,76.5,PATIALA,PUNJAB,D536,PATIALA,31.87
06-10-2025,30.5,76.5,PATIALA,PUNJAB,D536,PATIALA,31.53
07-10-2025,30.5,76.5,PATIALA,PUNJAB,D536,PATIALA,31.43
08-10-2025,30.5,76.5,PATIALA,PUNJAB,D536,PATIALA,31.43
09-10-2025,30.5,76.5,PATIALA,PUNJAB,D536,PATIALA,31.49
10-10-2025,30.5,76.5,PATIALA,PUNJAB,D536,PATIALA,31.3
11-10-2025,30.5,76.5,PATIALA,PUNJAB,D536,PATIALA,30.76
12-10-2025,30.5,76.5,PATIALA,PUNJAB,D536,PATIALA,30.98
13-10-2025,30.5,76.5,PATIALA,PUNJAB,D536,PATIALA,30.78
14-10-2025,30.5,76.5,PATIALA,PUNJAB,D536,PATIALA,30.8
15-10-2025,30.5,76.5,PATIALA,PUNJAB,D536,PATIALA,30.83
16-10-2025,30.5,76.5,PATIALA,PUNJAB,D536,PATIALA,30.67
17-10-2025,30.5,76.5,PATIALA,PUNJAB,D536,PATIALA,30.28
18-10-2025,30.5,76.5,PATIALA,PUNJAB,D536,PATIALA,30.14
19-10-2025,30.5,76.5,PATIALA,PUNJAB,D536,PATIALA,30.29
20-10-2025,30.5,76.5,PATIALA,PUNJAB,D536,PATIALA,30.12
21-10-2025,30.5,76.5,PATIALA,PUNJAB,D536,PATIALA,29.89
22-10-2025,30.5,76.5,PATIALA,PUNJAB,D536,PATIALA,29.71
23-10-2025,30.5,76.5,PATIALA,PUNJAB,D536,PATIALA,29.55
24-10-2025,30.5,76.5,PATIALA,PUNJAB,D536,PATIALA,29.29
25-10-2025,30.5,76.5,PATIALA,PUNJAB,D536,PATIALA,29.27
26-10-2025,30.5,76.5,PATIALA,PUNJAB,D536,PATIALA,29.12
27-10-2025,30.5,76.5,PATIALA,PUNJAB,D536,PATIALA,28.84
28-10-2025,30.5,76.5,PATIALA,PUNJAB,D536,PATIALA,28.74
29-10-2025,30.5,76.5,PATIALA,PUNJAB,D536,PATIALA,28.77
30-10-2025,30.5,76.5,PATIALA,PUNJAB,D536,PATIALA,28.76
31-10-2025,30.5,76.5,PATIALA,PUNJAB,D536,PATIALA,28.57
01-11-2025,30.5,76.5,PATIALA,PUNJAB,D536,PATIALA,28.43
02-11-2025,30.5,76.5,PATIALA,PUNJAB,D536,PATIALA,28.14
03-11-2025,30.5,76.5,PATIALA,PUNJAB,D536,PATIALA,28.07
04-11-2025,30.5,76.5,PATIALA,PUNJAB,D536,PATIALA,27.95
05-11-2025,30.5,76.5,PATIALA,PUNJAB,D536,PATIALA,27.51
06-11-2025,30.5,76.5,PATIALA,PUNJAB,D536,PATIALA,27.33
07-11-2025,30.5,76.5,PATIALA,PUNJAB,D536,PATIALA,26.88
08-11-2025,30.5,76.5,PATIALA,PUNJAB,D536,PATIALA,26.94
09-11-2025,30.5,76.5,PATIALA,PUNJAB,D536,PATIALA,26.9
10-11-2025,30.5,76.5,PATIALA,PUNJAB,D536,PATIALA,26.59
11-11-2025,30.5,76.5,PATIALA,PUNJAB,D536,PATIALA,26.3
12-11-2025,30.5,76.5,PATIALA,PUNJAB,D536,PATIALA,26.32
13-11-2025,30.5,76.5,PATIALA,PUNJAB,D536,PATIALA,25.83
14-11-2025,30.5,76.5,PATIALA,PUNJAB,D536,PATIALA,25.64
15-11-2025,30.5,76.5,PATIALA,PUNJAB,D536,PATIALA,25.5
16-11-2025,30.5,76.5,PATIALA,PUNJAB,D536,PATIALA,25.34
17-11-2025,30.5,76.5,PATIALA,PUNJAB,D536,PATIALA,25.44
18-11-2025,30.5,76.5,PATIALA,PUNJAB,D536,PATIALA,25.36
19-11-2025,30.5,76.5,PATIALA,PUNJAB,D536,PATIALA,25.07
20-11-2025,30.5,76.5,PATIALA,PUNJAB,D536,PATIALA,25.14
21-11-2025,30.5,76.5,PATIALA,PUNJAB,D536,PATIALA,24.98
22-11-2025,30.5,76.5,PATIALA,PUNJAB,D536,PATIALA,24.69
23-11-2025,30.5,76.5,PATIALA,PUNJAB,D536,PATIALA,24.66
24-11-2025,30.5,76.5,PATIALA,PUNJAB,D536,PATIALA,24.67
25-11-2025,30.5,76.5,PATIALA,PUNJAB,D536,PATIALA,24.3
26-11-2025,30.5,76.5,PATIALA,PUNJAB,D536,PATIALA,23.99
27-11-2025,30.5,76.5,PATIALA,PUNJAB,D536,PATIALA,23.76
28-11-2025,30.5,76.5,PATIALA,PUNJAB,D536,PATIALA,23.64
29-11-2025,30.5,76.5,PATIALA,PUNJAB,D536,PATIALA,23.78
30-11-2025,30.5,76.5,PATIALA,PUNJAB,D536,PATIALA,23.63
01-12-2025,30.5,76.5,PATIALA,PUNJAB,D536,PATIALA,23.25
02-12-2025,30.5,76.5,PATIALA,PUNJAB,D536,PATIALA,23
03-12-2025,30.5,76.5,PATIALA,PUNJAB,D536,PATIALA,23.09
04-12-2025,30.5,76.5,PATIALA,PUNJAB,D536,PATIALA,23.14
05-12-2025,30.5,76.5,PATIALA,PUNJAB,D536,PATIALA,22.84
06-12-2025,30.5,76.5,PATIALA,PUNJAB,D536,PATIALA,22.98
07-12-2025,30.5,76.5,PATIALA,PUNJAB,D536,PATIALA,22.74
08-12-2025,30.5,76.5,PATIALA,PUNJAB,D536,PATIALA,22.57
09-12-2025,30.5,76.5,PATIALA,PUNJAB,D536,PATIALA,22.2
10-12-2025,30.5,76.5,PATIALA,PUNJAB,D536,PATIALA,21.66
11-12-2025,30.5,76.5,PATIALA,PUNJAB,D536,PATIALA,21.39
12-12-2025,30.5,76.5,PATIALA,PUNJAB,D536,PATIALA,20.54
13-12-2025,30.5,76.5,PATIALA,PUNJAB,D536,PATIALA,20.39
14-12-2025,30.5,76.5,PATIALA,PUNJAB,D536,PATIALA,20.17
15-12-2025,30.5,76.5,PATIALA,PUNJAB,D536,PATIALA,20.49
16-12-2025,30.5,76.5,PATIALA,PUNJAB,D536,PATIALA,20.02
17-12-2025,30.5,76.5,PATIALA,PUNJAB,D536,PATIALA,20.41
18-12-2025,30.5,76.5,PATIALA,PUNJAB,D536,PATIALA,20.26
19-12-2025,30.5,76.5,PATIALA,PUNJAB,D536,PATIALA,20.17
20-12-2025,30.5,76.5,PATIALA,PUNJAB,D536,PATIALA,19.46
21-12-2025,30.5,76.5,PATIALA,PUNJAB,D536,PATIALA,19.74
22-12-2025,30.5,76.5,PATIALA,PUNJAB,D536,PATIALA,19.75
23-12-2025,30.5,76.5,PATIALA,PUNJAB,D536,PATIALA,19.34
24-12-2025,30.5,76.5,PATIALA,PUNJAB,D536,PATIALA,19.2
25-12-2025,30.5,76.5,PATIALA,PUNJAB,D536,PATIALA,18.72
26-12-2025,30.5,76.5,PATIALA,PUNJAB,D536,PATIALA,18.59
27-12-2025,30.5,76.5,PATIALA,PUNJAB,D536,PATIALA,18.42
28-12-2025,30.5,76.5,PATIALA,PUNJAB,D536,PATIALA,18.54
29-12-2025,30.5,76.5,PATIALA,PUNJAB,D536,PATIALA,18.2
30-12-2025,30.5,76.5,PATIALA,PUNJAB,D536,PATIALA,17.82
31-12-2025,30.5,76.5,PATIALA,PUNJAB,D536,PATIALA,17.43
01-01-2025,30.5,75.5,BARNALA,PUNJAB,D520,BARNALA,18.14
02-01-2025,30.5,75.5,BARNALA,PUNJAB,D520,BARNALA,18.39
03-01-2025,30.5,75.5,BARNALA,PUNJAB,D520,BARNALA,18.14
04-01-2025,30.5,75.5,BARNALA,PUNJAB,D520,BARNALA,18.15
05-01-2025,30.5,75.5,BARNALA,PUNJAB,D520,BARNALA,17.37
06-01-2025,30.5,75.5,BARNALA,PUNJAB,D520,BARNALA,17.59
07-01-2025,30.5,75.5,BARNALA,PUNJAB,D520,BARNALA,17.55
08-01-2025,30.5,75.5,BARNALA,PUNJAB,D520,BARNALA,17.68
09-01-2025,30.5,75.5,BARNALA,PUNJAB,D520,BARNALA,17.82
10-01-2025,30.5,75.5,BARNALA,PUNJAB,D520,BARNALA,18.33
11-01-2025,30.5,75.5,BARNALA,PUNJAB,D520,BARNALA,18.58
12-01-2025,30.5,75.5,BARNALA,PUNJAB,D520,BARNALA,18.96
13-01-2025,30.5,75.5,BARNALA,PUNJAB,D520,BARNALA,19.11
14-01-2025,30.5,75.5,BARNALA,PUNJAB,D520,BARNALA,18.86
15-01-2025,30.5,75.5,BARNALA,PUNJAB,D520,BARNALA,18.66
16-01-2025,30.5,75.5,BARNALA,PUNJAB,D520,BARNALA,18.42
17-01-2025,30.5,75.5,BARNALA,PUNJAB,D520,BARNALA,18.06
18-01-2025,30.5,75.5,BARNALA,PUNJAB,D520,BARNALA,18.2
19-01-2025,30.5,75.5,BARNALA,PUNJAB,D520,BARNALA,18.75
20-01-2025,30.5,75.5,BARNALA,PUNJAB,D520,BARNALA,18.84
21-01-2025,30.5,75.5,BARNALA,PUNJAB,D520,BARNALA,18.95
22-01-2025,30.5,75.5,BARNALA,PUNJAB,D520,BARNALA,18.43
23-01-2025,30.5,75.5,BARNALA,PUNJAB,D520,BARNALA,18.82
24-01-2025,30.5,75.5,BARNALA,PUNJAB,D520,BARNALA,18.36
25-01-2025,30.5,75.5,BARNALA,PUNJAB,D520,BARNALA,18.59
26-01-2025,30.5,75.5,BARNALA,PUNJAB,D520,BARNALA,19.25
27-01-2025,30.5,75.5,BARNALA,PUNJAB,D520,BARNALA,19.8
28-01-2025,30.5,75.5,BARNALA,PUNJAB,D520,BARNALA,19.98
29-01-2025,30.5,75.5,BARNALA,PUNJAB,D520,BARNALA,20.03
30-01-2025,30.5,75.5,BARNALA,PUNJAB,D520,BARNALA,20.4
31-01-2025,30.5,75.5,BARNALA,PUNJAB,D520,BARNALA,20.11
01-02-2025,30.5,75.5,BARNALA,PUNJAB,D520,BARNALA,20.48
02-02-2025,30.5,75.5,BARNALA,PUNJAB,D520,BARNALA,20.78
03-02-2025,30.5,75.5,BARNALA,PUNJAB,D520,BARNALA,20.52
04-02-2025,30.5,75.5,BARNALA,PUNJAB,D520,BARNALA,20.63
05-02-2025,30.5,75.5,BARNALA,PUNJAB,D520,BARNALA,20.99
06-02-2025,30.5,75.5,BARNALA,PUNJAB,D520,BARNALA,20.99
07-02-2025,30.5,75.5,BARNALA,PUNJAB,D520,BARNALA,21.02
08-02-2025,30.5,75.5,BARNALA,PUNJAB,D520,BARNALA,21.38
09-02-2025,30.5,75.5,BARNALA,PUNJAB,D520,BARNALA,21.69
10-02-2025,30.5,75.5,BARNALA,PUNJAB,D520,BARNALA,21.66
11-02-2025,30.5,75.5,BARNALA,PUNJAB,D520,BARNALA,21.71
12-02-2025,30.5,75.5,BARNALA,PUNJAB,D520,BARNALA,21.91
13-02-2025,30.5,75.5,BARNALA,PUNJAB,D520,BARNALA,22.57
14-02-2025,30.5,75.5,BARNALA,PUNJAB,D520,BARNALA,22.83
15-02-2025,30.5,75.5,BARNALA,PUNJAB,D520,BARNALA,22.39
16-02-2025,30.5,75.5,BARNALA,PUNJAB,D520,BARNALA,22.85
17-02-2025,30.5,75.5,BARNALA,PUNJAB,D520,BARNALA,23.5
18-02-2025,30.5,75.5,BARNALA,PUNJAB,D520,BARNALA,23.83
19-02-2025,30.5,75.5,BARNALA,PUNJAB,D520,BARNALA,24.17
20-02-2025,30.5,75.5,BARNALA,PUNJAB,D520,BARNALA,23.91
21-02-2025,30.5,75.5,BARNALA,PUNJAB,D520,BARNALA,24.21
22-02-2025,30.5,75.5,BARNALA,PUNJAB,D520,BARNALA,24.44
23-02-2025,30.5,75.5,BARNALA,PUNJAB,D520,BARNALA,24.02
24-02-2025,30.5,75.5,BARNALA,PUNJAB,D520,BARNALA,24.2
25-02-2025,30.5,75.5,BARNALA,PUNJAB,D520,BARNALA,24.89
26-02-2025,30.5,75.5,BARNALA,PUNJAB,D520,BARNALA,24.75
27-02-2025,30.5,75.5,BARNALA,PUNJAB,D520,BARNALA,24.45
28-02-2025,30.5,75.5,BARNALA,PUNJAB,D520,BARNALA,24.42
29-02-2025,30.5,75.5,BARNALA,PUNJAB,D520,BARNALA,25.82
01-03-2025,30.5,75.5,BARNALA,PUNJAB,D520,BARNALA,24.55
02-03-2025,30.5,75.5,BARNALA,PUNJAB,D520,BARNALA,24.48
03-03-2025,30.5,75.5,BARNALA,PUNJAB,D520,BARNALA,24.83
04-03-2025,30.5,75.5,BARNALA,PUNJAB,D520,BARNALA,25.29
05-03-2025,30.5,75.5,BARNALA,PUNJAB,D520,BARNALA,25.19
06-03-2025,30.5,75.5,BARNALA,PUNJAB,D520,BARNALA,25.61
07-03-2025,30.5,75.5,BARNALA,PUNJAB,D520,BARNALA,25.9
08-03-2025,30.5,75.5,BARNALA,PUNJAB,D520,BARNALA,26.35
09-03-2025,30.5,75.5,BARNALA,PUNJAB,D520,BARNALA,26.38
10-03-2025,30.5,75.5,BARNALA,PUNJAB,D520,BARNALA,26.23
11-03-2025,30.5,75.5,BARNALA,PUNJAB,D520,BARNALA,26.07
12-03-2025,30.5,75.5,BARNALA,PUNJAB,D520,BARNALA,26.8
13-03-2025,30.5,75.5,BARNALA,PUNJAB,D520,BARNALA,26.96
14-03-2025,30.5,75.5,BARNALA,PUNJAB,D520,BARNALA,26.84
15-03-2025,30.5,75.5,BARNALA,PUNJAB,D520,BARNALA,27.18
16-03-2025,30.5,75.5,BARNALA,PUNJAB,D520,BARNALA,27.97
17-03-2025,30.5,75.5,BARNALA,PUNJAB,D520,BARNALA,28.47
18-03-2025,30.5,75.5,BARNALA,PUNJAB,D520,BARNALA,29.01
19-03-2025,30.5,75.5,BARNALA,PUNJAB,D520,BARNALA,29.51
20-03-2025,30.5,75.5,BARNALA,PUNJAB,D520,BARNALA,29.72
21-03-2025,30.5,75.5,BARNALA,PUNJAB,D520,BARNALA,29.32
22-03-2025,30.5,75.5,BARNALA,PUNJAB,D520,BARNALA,29.52
23-03-2025,30.5,75.5,BARNALA,PUNJAB,D520,BARNALA,30.08
24-03-2025,30.5,75.5,BARNALA,PUNJAB,D520,BARNALA,29.91
25-03-2025,30.5,75.5,BARNALA,PUNJAB,D520,BARNALA,30.29
26-03-2025,30.5,75.5,BARNALA,PUNJAB,D520,BARNALA,30.89
27-03-2025,30.5,75.5,BARNALA,PUNJAB,D520,BARNALA,31.17
28-03-2025,30.5,75.5,BARNALA,PUNJAB,D520,BARNALA,31.69
29-03-2025,30.5,75.5,BARNALA,PUNJAB,D520,BARNALA,31.48
30-03-2025,30.5,75.5,BARNALA,PUNJAB,D520,BARNALA,31.76
31-03-2025,30.5,75.5,BARNALA,PUNJAB,D520,BARNALA,31.33
01-04-2025,30.5,75.5,BARNALA,PUNJAB,D520,BARNALA,32.15
02-04-2025,30.5,75.5,BARNALA,PUNJAB,D520,BARNALA,32.76
03-04-2025,30.5,75.5,BARNALA,PUNJAB,D520,BARNALA,32.69
04-04-2025,30.5,75.5,BARNALA,PUNJAB,D520,BARNALA,33.25
05-04-2025,30.5,75.5,BARNALA,PUNJAB,D520,BARNALA,33.02
06-04-2025,30.5,75.5,BARNALA,PUNJAB,D520,BARNALA,33.52
07-04-2025,30.5,75.5,BARNALA,PUNJAB,D520,BARNALA,33.64
08-04-2025,30.5,75.5,BARNALA,PUNJAB,D520,BARNALA,34.07
09-04-2025,30.5,75.5,BARNALA,PUNJAB,D520,BARNALA,34.42
10-04-2025,30.5,75.5,BARNALA,PUNJAB,D520,BARNALA,34.83
11-04-2025,30.5,75.5,BARNALA,PUNJAB,D520,BARNALA,35.02
12-04-2025,30.5,75.5,BARNALA,PUNJAB,D520,BARNALA,35.51
13-04-2025,30.5,75.5,BARNALA,PUNJAB,D520,BARNALA,35.93
14-04-2025,30.5,75.5,BARNALA,PUNJAB,D520,BARNALA,36.37
15-04-2025,30.5,75.5,BARNALA,PUNJAB,D520,BARNALA,37.1
16-04-2025,30.5,75.5,BARNALA,PUNJAB,D520,BARNALA,36.71
17-04-2025,30.5,75.5,BARNALA,PUNJAB,D520,BARNALA,35.94
18-04-2025,30.5,75.5,BARNALA,PUNJAB,D520,BARNALA,35.96
19-04-2025,30.5,75.5,BARNALA,PUNJAB,D520,BARNALA,36.24
20-04-2025,30.5,75.5,BARNALA,PUNJAB,D520,BARNALA,36.31
21-04-2025,30.5,75.5,BARNALA,PUNJAB,D520,BARNALA,35.96
22-04-2025,30.5,75.5,BARNALA,PUNJAB,D520,BARNALA,36.33
23-04-2025,30.5,75.5,BARNALA,PUNJAB,D520,BARNALA,36.76
24-04-2025,30.5,75.5,BARNALA,PUNJAB,D520,BARNALA,37.61
25-04-2025,30.5,75.5,BARNALA,PUNJAB,D520,BARNALA,38.11
26-04-2025,30.5,75.5,BARNALA,PUNJAB,D520,BARNALA,38.02
27-04-2025,30.5,75.5,BARNALA,PUNJAB,D520,BARNALA,37.99
28-04-2025,30.5,75.5,BARNALA,PUNJAB,D520,BARNALA,38.41
29-04-2025,30.5,75.5,BARNALA,PUNJAB,D520,BARNALA,38
30-04-2025,30.5,75.5,BARNALA,PUNJAB,D520,BARNALA,38.2
01-05-2025,30.5,75.5,BARNALA,PUNJAB,D520,BARNALA,38.13
02-05-2025,30.5,75.5,BARNALA,PUNJAB,D520,BARNALA,37.7
03-05-2025,30.5,75.5,BARNALA,PUNJAB,D520,BARNALA,38.03
04-05-2025,30.5,75.5,BARNALA,PUNJAB,D520,BARNALA,38.35
05-05-2025,30.5,75.5,BARNALA,PUNJAB,D520,BARNALA,37.57
06-05-2025,30.5,75.5,BARNALA,PUNJAB,D520,BARNALA,38.27
07-05-2025,30.5,75.5,BARNALA,PUNJAB,D520,BARNALA,38.91
08-05-2025,30.5,75.5,BARNALA,PUNJAB,D520,BARNALA,38.9
09-05-2025,30.5,75.5,BARNALA,PUNJAB,D520,BARNALA,39.1
10-05-2025,30.5,75.5,BARNALA,PUNJAB,D520,BARNALA,39.03
11-05-2025,30.5,75.5,BARNALA,PUNJAB,D520,BARNALA,38.79
12-05-2025,30.5,75.5,BARNALA,PUNJAB,D520,BARNALA,38.59
13-05-2025,30.5,75.5,BARNALA,PUNJAB,D520,BARNALA,38.64
14-05-2025,30.5,75.5,BARNALA,PUNJAB,D520,BARNALA,39.09
15-05-2025,30.5,75.5,BARNALA,PUNJAB,D520,BARNALA,39.49
16-05-2025,30.5,75.5,BARNALA,PUNJAB,D520,BARNALA,39.44
17-05-2025,30.5,75.5,BARNALA,PUNJAB,D520,BARNALA,39.63
18-05-2025,30.5,75.5,BARNALA,PUNJAB,D520,BARNALA,39.58
19-05-2025,30.5,75.5,BARNALA,PUNJAB,D520,BARNALA,39.92
20-05-2025,30.5,75.5,BARNALA,PUNJAB,D520,BARNALA,39.93
21-05-2025,30.5,75.5,BARNALA,PUNJAB,D520,BARNALA,39.85
22-05-2025,30.5,75.5,BARNALA,PUNJAB,D520,BARNALA,39.98
23-05-2025,30.5,75.5,BARNALA,PUNJAB,D520,BARNALA,39.36
24-05-2025,30.5,75.5,BARNALA,PUNJAB,D520,BARNALA,39.11
25-05-2025,30.5,75.5,BARNALA,PUNJAB,D520,BARNALA,39.8
26-05-2025,30.5,75.5,BARNALA,PUNJAB,D520,BARNALA,40.3
27-05-2025,30.5,75.5,BARNALA,PUNJAB,D520,BARNALA,40.31
28-05-2025,30.5,75.5,BARNALA,PUNJAB,D520,BARNALA,40.38
29-05-2025,30.5,75.5,BARNALA,PUNJAB,D520,BARNALA,39.88
30-05-2025,30.5,75.5,BARNALA,PUNJAB,D520,BARNALA,39.59
31-05-2025,30.5,75.5,BARNALA,PUNJAB,D520,BARNALA,40.37
01-06-2025,30.5,75.5,BARNALA,PUNJAB,D520,BARNALA,39.56
02-06-2025,30.5,75.5,BARNALA,PUNJAB,D520,BARNALA,39.57
03-06-2025,30.5,75.5,BARNALA,PUNJAB,D520,BARNALA,39.85
04-06-2025,30.5,75.5,BARNALA,PUNJAB,D520,BARNALA,40.09
05-06-2025,30.5,75.5,BARNALA,PUNJAB,D520,BARNALA,40.14
06-06-2025,30.5,75.5,BARNALA,PUNJAB,D520,BARNALA,39.88
07-06-2025,30.5,75.5,BARNALA,PUNJAB,D520,BARNALA,39.71
08-06-2025,30.5,75.5,BARNALA,PUNJAB,D520,BARNALA,40.06
09-06-2025,30.5,75.5,BARNALA,PUNJAB,D520,BARNALA,40.67
10-06-2025,30.5,75.5,BARNALA,PUNJAB,D520,BARNALA,40.55
11-06-2025,30.5,75.5,BARNALA,PUNJAB,D520,BARNALA,40.36
12-06-2025,30.5,75.5,BARNALA,PUNJAB,D520,BARNALA,40.66
13-06-2025,30.5,75.5,BARNALA,PUNJAB,D520,BARNALA,39.6
14-06-2025,30.5,75.5,BARNALA,PUNJAB,D520,BARNALA,39.7
15-06-2025,30.5,75.5,BARNALA,PUNJAB,D520,BARNALA,38.71
16-06-2025,30.5,75.5,BARNALA,PUNJAB,D520,BARNALA,38.35
17-06-2025,30.5,75.5,BARNALA,PUNJAB,D520,BARNALA,37.95
18-06-2025,30.5,75.5,BARNALA,PUNJAB,D520,BARNALA,37.5
19-06-2025,30.5,75.5,BARNALA,PUNJAB,D520,BARNALA,38.38
20-06-2025,30.5,75.5,BARNALA,PUNJAB,D520,BARNALA,38.14
21-06-2025,30.5,75.5,BARNALA,PUNJAB,D520,BARNALA,38.25
22-06-2025,30.5,75.5,BARNALA,PUNJAB,D520,BARNALA,38.52
23-06-2025,30.5,75.5,BARNALA,PUNJAB,D520,BARNALA,38.59
24-06-2025,30.5,75.5,BARNALA,PUNJAB,D520,BARNALA,38.41
25-06-2025,30.5,75.5,BARNALA,PUNJAB,D520,BARNALA,37.78
26-06-2025,30.5,75.5,BARNALA,PUNJAB,D520,BARNALA,37.71
27-06-2025,30.5,75.5,BARNALA,PUNJAB,D520,BARNALA,37.39
28-06-2025,30.5,75.5,BARNALA,PUNJAB,D520,BARNALA,37.6
29-06-2025,30.5,75.5,BARNALA,PUNJAB,D520,BARNALA,37.07
30-06-2025,30.5,75.5,BARNALA,PUNJAB,D520,BARNALA,36.76
01-07-2025,30.5,75.5,BARNALA,PUNJAB,D520,BARNALA,36.54
02-07-2025,30.5,75.5,BARNALA,PUNJAB,D520,BARNALA,36.85
03-07-2025,30.5,75.5,BARNALA,PUNJAB,D520,BARNALA,36.5
04-07-2025,30.5,75.5,BARNALA,PUNJAB,D520,BARNALA,36.51
05-07-2025,30.5,75.5,BARNALA,PUNJAB,D520,BARNALA,36.48
06-07-2025,30.5,75.5,BARNALA,PUNJAB,D520,BARNALA,35.55
07-07-2025,30.5,75.5,BARNALA,PUNJAB,D520,BARNALA,36.18
08-07-2025,30.5,75.5,BARNALA,PUNJAB,D520,BARNALA,36.22
09-07-2025,30.5,75.5,BARNALA,PUNJAB,D520,BARNALA,36.12
10-07-2025,30.5,75.5,BARNALA,PUNJAB,D520,BARNALA,35.99
11-07-2025,30.5,75.5,BARNALA,PUNJAB,D520,BARNALA,36.27
12-07-2025,30.5,75.5,BARNALA,PUNJAB,D520,BARNALA,35.25
13-07-2025,30.5,75.5,BARNALA,PUNJAB,D520,BARNALA,35.55
14-07-2025,30.5,75.5,BARNALA,PUNJAB,D520,BARNALA,35.13
15-07-2025,30.5,75.5,BARNALA,PUNJAB,D520,BARNALA,35.08
16-07-2025,30.5,75.5,BARNALA,PUNJAB,D520,BARNALA,34.91
17-07-2025,30.5,75.5,BARNALA,PUNJAB,D520,BARNALA,34.52
18-07-2025,30.5,75.5,BARNALA,PUNJAB,D520,BARNALA,35.44
19-07-2025,30.5,75.5,BARNALA,PUNJAB,D520,BARNALA,35.55
20-07-2025,30.5,75.5,BARNALA,PUNJAB,D520,BARNALA,35.28
21-07-2025,30.5,75.5,BARNALA,PUNJAB,D520,BARNALA,35.03
22-07-2025,30.5,75.5,BARNALA,PUNJAB,D520,BARNALA,34.47
23-07-2025,30.5,75.5,BARNALA,PUNJAB,D520,BARNALA,34.81
24-07-2025,30.5,75.5,BARNALA,PUNJAB,D520,BARNALA,35.04
25-07-2025,30.5,75.5,BARNALA,PUNJAB,D520,BARNALA,35.12
26-07-2025,30.5,75.5,BARNALA,PUNJAB,D520,BARNALA,34.84
27-07-2025,30.5,75.5,BARNALA,PUNJAB,D520,BARNALA,34.18
28-07-2025,30.5,75.5,BARNALA,PUNJAB,D520,BARNALA,34.08
29-07-2025,30.5,75.5,BARNALA,PUNJAB,D520,BARNALA,33.89
30-07-2025,30.5,75.5,BARNALA,PUNJAB,D520,BARNALA,34.3
31-07-2025,30.5,75.5,BARNALA,PUNJAB,D520,BARNALA,34.26
01-08-2025,30.5,75.5,BARNALA,PUNJAB,D520,BARNALA,33.65
02-08-2025,30.5,75.5,BARNALA,PUNJAB,D520,BARNALA,34.29
03-08-2025,30.5,75.5,BARNALA,PUNJAB,D520,BARNALA,34.17
04-08-2025,30.5,75.5,BARNALA,PUNJAB,D520,BARNALA,33.64
05-08-2025,30.5,75.5,BARNALA,PUNJAB,D520,BARNALA,33.96
06-08-2025,30.5,75.5,BARNALA,PUNJAB,D520,BARNALA,33.95
07-08-2025,30.5,75.5,BARNALA,PUNJAB,D520,BARNALA,33.67
08-08-2025,30.5,75.5,BARNALA,PUNJAB,D520,BARNALA,34.55
09-08-2025,30.5,75.5,BARNALA,PUNJAB,D520,BARNALA,34.32
10-08-2025,30.5,75.5,BARNALA,PUNJAB,D520,BARNALA,34.11
11-08-2025,30.5,75.5,BARNALA,PUNJAB,D520,BARNALA,34.21
12-08-2025,30.5,75.5,BARNALA,PUNJAB,D520,BARNALA,34.06
13-08-2025,30.5,75.5,BARNALA,PUNJAB,D520,BARNALA,33.72
14-08-2025,30.5,75.5,BARNALA,PUNJAB,D520,BARNALA,33.81
15-08-2025,30.5,75.5,BARNALA,PUNJAB,D520,BARNALA,33.32
16-08-2025,30.5,75.5,BARNALA,PUNJAB,D520,BARNALA,33.91
17-08-2025,30.5,75.5,BARNALA,PUNJAB,D520,BARNALA,34.03
18-08-2025,30.5,75.5,BARNALA,PUNJAB,D520,BARNALA,34.69
19-08-2025,30.5,75.5,BARNALA,PUNJAB,D520,BARNALA,34.35
20-08-2025,30.5,75.5,BARNALA,PUNJAB,D520,BARNALA,34.16
21-08-2025,30.5,75.5,BARNALA,PUNJAB,D520,BARNALA,34.14
22-08-2025,30.5,75.5,BARNALA,PUNJAB,D520,BARNALA,34.56
23-08-2025,30.5,75.5,BARNALA,PUNJAB,D520,BARNALA,34.06
24-08-2025,30.5,75.5,BARNALA,PUNJAB,D520,BARNALA,34.17
25-08-2025,30.5,75.5,BARNALA,PUNJAB,D520,BARNALA,34.12
26-08-2025,30.5,75.5,BARNALA,PUNJAB,D520,BARNALA,34.46
27-08-2025,30.5,75.5,BARNALA,PUNJAB,D520,BARNALA,34.7
28-08-2025,30.5,75.5,BARNALA,PUNJAB,D520,BARNALA,34.27
29-08-2025,30.5,75.5,BARNALA,PUNJAB,D520,BARNALA,33.98
30-08-2025,30.5,75.5,BARNALA,PUNJAB,D520,BARNALA,34.39
31-08-2025,30.5,75.5,BARNALA,PUNJAB,D520,BARNALA,34.31
01-09-2025,30.5,75.5,BARNALA,PUNJAB,D520,BARNALA,34.18
02-09-2025,30.5,75.5,BARNALA,PUNJAB,D520,BARNALA,34.33
03-09-2025,30.5,75.5,BARNALA,PUNJAB,D520,BARNALA,33.88
04-09-2025,30.5,75.5,BARNALA,PUNJAB,D520,BARNALA,34.03
05-09-2025,30.5,75.5,BARNALA,PUNJAB,D520,BARNALA,34.61
06-09-2025,30.5,75.5,BARNALA,PUNJAB,D520,BARNALA,34.58
07-09-2025,30.5,75.5,BARNALA,PUNJAB,D520,BARNALA,34.47
08-09-2025,30.5,75.5,BARNALA,PUNJAB,D520,BARNALA,33.92
09-09-2025,30.5,75.5,BARNALA,PUNJAB,D520,BARNALA,34.33
10-09-2025,30.5,75.5,BARNALA,PUNJAB,D520,BARNALA,34.2
11-09-2025,30.5,75.5,BARNALA,PUNJAB,D520,BARNALA,34.22
12-09-2025,30.5,75.5,BARNALA,PUNJAB,D520,BARNALA,34.2
13-09-2025,30.5,75.5,BARNALA,PUNJAB,D520,BARNALA,34.12
14-09-2025,30.5,75.5,BARNALA,PUNJAB,D520,BARNALA,34.34
15-09-2025,30.5,75.5,BARNALA,PUNJAB,D520,BARNALA,34.25
16-09-2025,30.5,75.5,BARNALA,PUNJAB,D520,BARNALA,34.03
17-09-2025,30.5,75.5,BARNALA,PUNJAB,D520,BARNALA,34.27
18-09-2025,30.5,75.5,BARNALA,PUNJAB,D520,BARNALA,34.08
19-09-2025,30.5,75.5,BARNALA,PUNJAB,D520,BARNALA,33.98
20-09-2025,30.5,75.5,BARNALA,PUNJAB,D520,BARNALA,34.11
21-09-2025,30.5,75.5,BARNALA,PUNJAB,D520,BARNALA,34.24
22-09-2025,30.5,75.5,BARNALA,PUNJAB,D520,BARNALA,33.71
23-09-2025,30.5,75.5,BARNALA,PUNJAB,D520,BARNALA,33.33
24-09-2025,30.5,75.5,BARNALA,PUNJAB,D520,BARNALA,33.39
25-09-2025,30.5,75.5,BARNALA,PUNJAB,D520,BARNALA,33.86
26-09-2025,30.5,75.5,BARNALA,PUNJAB,D520,BARNALA,33.8
27-09-2025,30.5,75.5,BARNALA,PUNJAB,D520,BARNALA,34.13
28-09-2025,30.5,75.5,BARNALA,PUNJAB,D520,BARNALA,34.28
29-09-2025,30.5,75.5,BARNALA,PUNJAB,D520,BARNALA,34.23
30-09-2025,30.5,75.5,BARNALA,PUNJAB,D520,BARNALA,34.14
01-10-2025,30.5,75.5,BARNALA,PUNJAB,D520,BARNALA,34.2
02-10-2025,30.5,75.5,BARNALA,PUNJAB,D520,BARNALA,34.38
03-10-2025,30.5,75.5,BARNALA,PUNJAB,D520,BARNALA,34.23
04-10-2025,30.5,75.5,BARNALA,PUNJAB,D520,BARNALA,33.91
05-10-2025,30.5,75.5,BARNALA,PUNJAB,D520,BARNALA,33.92
06-10-2025,30.5,75.5,BARNALA,PUNJAB,D520,BARNALA,33.63
07-10-2025,30.5,75.5,BARNALA,PUNJAB,D520,BARNALA,33.76
08-10-2025,30.5,75.5,BARNALA,PUNJAB,D520,BARNALA,33.69
09-10-2025,30.5,75.5,BARNALA,PUNJAB,D520,BARNALA,33.78
10-10-2025,30.5,75.5,BARNALA,PUNJAB,D520,BARNALA,33.7
11-10-2025,30.5,75.5,BARNALA,PUNJAB,D520,BARNALA,33.25
12-10-2025,30.5,75.5,BARNALA,PUNJAB,D520,BARNALA,33.47
13-10-2025,30.5,75.5,BARNALA,PUNJAB,D520,BARNALA,33.2
14-10-2025,30.5,75.5,BARNALA,PUNJAB,D520,BARNALA,33.13
15-10-2025,30.5,75.5,BARNALA,PUNJAB,D520,BARNALA,33.03
16-10-2025,30.5,75.5,BARNALA,PUNJAB,D520,BARNALA,32.86
17-10-2025,30.5,75.5,BARNALA,PUNJAB,D520,BARNALA,32.39
18-10-2025,30.5,75.5,BARNALA,PUNJAB,D520,BARNALA,32.36
19-10-2025,30.5,75.5,BARNALA,PUNJAB,D520,BARNALA,32.56
20-10-2025,30.5,75.5,BARNALA,PUNJAB,D520,BARNALA,32.38
21-10-2025,30.5,75.5,BARNALA,PUNJAB,D520,BARNALA,31.99
22-10-2025,30.5,75.5,BARNALA,PUNJAB,D520,BARNALA,31.67
23-10-2025,30.5,75.5,BARNALA,PUNJAB,D520,BARNALA,31.48
24-10-2025,30.5,75.5,BARNALA,PUNJAB,D520,BARNALA,31.29
25-10-2025,30.5,75.5,BARNALA,PUNJAB,D520,BARNALA,31.22
26-10-2025,30.5,75.5,BARNALA,PUNJAB,D520,BARNALA,31.19
27-10-2025,30.5,75.5,BARNALA,PUNJAB,D520,BARNALA,31.02
28-10-2025,30.5,75.5,BARNALA,PUNJAB,D520,BARNALA,30.89
29-10-2025,30.5,75.5,BARNALA,PUNJAB,D520,BARNALA,30.71
30-10-2025,30.5,75.5,BARNALA,PUNJAB,D520,BARNALA,30.67
31-10-2025,30.5,75.5,BARNALA,PUNJAB,D520,BARNALA,30.53
01-11-2025,30.5,75.5,BARNALA,PUNJAB,D520,BARNALA,30.42
02-11-2025,30.5,75.5,BARNALA,PUNJAB,D520,BARNALA,30.04
03-11-2025,30.5,75.5,BARNALA,PUNJAB,D520,BARNALA,29.88
04-11-2025,30.5,75.5,BARNALA,PUNJAB,D520,BARNALA,29.6
05-11-2025,30.5,75.5,BARNALA,PUNJAB,D520,BARNALA,29.24
06-11-2025,30.5,75.5,BARNALA,PUNJAB,D520,BARNALA,29.16
07-11-2025,30.5,75.5,BARNALA,PUNJAB,D520,BARNALA,28.74
08-11-2025,30.5,75.5,BARNALA,PUNJAB,D520,BARNALA,28.71
09-11-2025,30.5,75.5,BARNALA,PUNJAB,D520,BARNALA,28.48
10-11-2025,30.5,75.5,BARNALA,PUNJAB,D520,BARNALA,28.27
11-11-2025,30.5,75.5,BARNALA,PUNJAB,D520,BARNALA,27.96
12-11-2025,30.5,75.5,BARNALA,PUNJAB,D520,BARNALA,27.92
13-11-2025,30.5,75.5,BARNALA,PUNJAB,D520,BARNALA,27.45
14-11-2025,30.5,75.5,BARNALA,PUNJAB,D520,BARNALA,27.15
15-11-2025,30.5,75.5,BARNALA,PUNJAB,D520,BARNALA,26.94
16-11-2025,30.5,75.5,BARNALA,PUNJAB,D520,BARNALA,26.82
17-11-2025,30.5,75.5,BARNALA,PUNJAB,D520,BARNALA,26.89
18-11-2025,30.5,75.5,BARNALA,PUNJAB,D520,BARNALA,26.72
19-11-2025,30.5,75.5,BARNALA,PUNJAB,D520,BARNALA,26.53
20-11-2025,30.5,75.5,BARNALA,PUNJAB,D520,BARNALA,26.46
21-11-2025,30.5,75.5,BARNALA,PUNJAB,D520,BARNALA,26.38
22-11-2025,30.5,75.5,BARNALA,PUNJAB,D520,BARNALA,26.07
23-11-2025,30.5,75.5,BARNALA,PUNJAB,D520,BARNALA,26.04
24-11-2025,30.5,75.5,BARNALA,PUNJAB,D520,BARNALA,26.16
25-11-2025,30.5,75.5,BARNALA,PUNJAB,D520,BARNALA,25.67
26-11-2025,30.5,75.5,BARNALA,PUNJAB,D520,BARNALA,25.49
27-11-2025,30.5,75.5,BARNALA,PUNJAB,D520,BARNALA,25.11
28-11-2025,30.5,75.5,BARNALA,PUNJAB,D520,BARNALA,25.01
29-11-2025,30.5,75.5,BARNALA,PUNJAB,D520,BARNALA,24.94
30-11-2025,30.5,75.5,BARNALA,PUNJAB,D520,BARNALA,24.82
01-12-2025,30.5,75.5,BARNALA,PUNJAB,D520,BARNALA,24.55
02-12-2025,30.5,75.5,BARNALA,PUNJAB,D520,BARNALA,24.19
03-12-2025,30.5,75.5,BARNALA,PUNJAB,D520,BARNALA,24.37
04-12-2025,30.5,75.5,BARNALA,PUNJAB,D520,BARNALA,24.32
05-12-2025,30.5,75.5,BARNALA,PUNJAB,D520,BARNALA,23.91
06-12-2025,30.5,75.5,BARNALA,PUNJAB,D520,BARNALA,24
07-12-2025,30.5,75.5,BARNALA,PUNJAB,D520,BARNALA,23.8
08-12-2025,30.5,75.5,BARNALA,PUNJAB,D520,BARNALA,23.68
09-12-2025,30.5,75.5,BARNALA,PUNJAB,D520,BARNALA,23.14
10-12-2025,30.5,75.5,BARNALA,PUNJAB,D520,BARNALA,22.63
11-12-2025,30.5,75.5,BARNALA,PUNJAB,D520,BARNALA,22.52
12-12-2025,30.5,75.5,BARNALA,PUNJAB,D520,BARNALA,21.59
13-12-2025,30.5,75.5,BARNALA,PUNJAB,D520,BARNALA,21.39
14-12-2025,30.5,75.5,BARNALA,PUNJAB,D520,BARNALA,21.27
15-12-2025,30.5,75.5,BARNALA,PUNJAB,D520,BARNALA,21.58
16-12-2025,30.5,75.5,BARNALA,PUNJAB,D520,BARNALA,21.01
17-12-2025,30.5,75.5,BARNALA,PUNJAB,D520,BARNALA,21.29
18-12-2025,30.5,75.5,BARNALA,PUNJAB,D520,BARNALA,21.22
19-12-2025,30.5,75.5,BARNALA,PUNJAB,D520,BARNALA,21.07
20-12-2025,30.5,75.5,BARNALA,PUNJAB,D520,BARNALA,20.43
21-12-2025,30.5,75.5,BARNALA,PUNJAB,D520,BARNALA,20.53
22-12-2025,30.5,75.5,BARNALA,PUNJAB,D520,BARNALA,20.38
23-12-2025,30.5,75.5,BARNALA,PUNJAB,D520,BARNALA,20.06
24-12-2025,30.5,75.5,BARNALA,PUNJAB,D520,BARNALA,19.9
25-12-2025,30.5,75.5,BARNALA,PUNJAB,D520,BARNALA,19.41
26-12-2025,30.5,75.5,BARNALA,PUNJAB,D520,BARNALA,19.35
27-12-2025,30.5,75.5,BARNALA,PUNJAB,D520,BARNALA,19.32
28-12-2025,30.5,75.5,BARNALA,PUNJAB,D520,BARNALA,19.27
29-12-2025,30.5,75.5,BARNALA,PUNJAB,D520,BARNALA,18.63
30-12-2025,30.5,75.5,BARNALA,PUNJAB,D520,BARNALA,18.67
31-12-2025,30.5,75.5,BARNALA,PUNJAB,D520,BARNALA,18.21
01-01-2025,29.5,75.5,FATEHABAD,HARYANA,D214,FATEHABAD,18.69
02-01-2025,29.5,75.5,FATEHABAD,HARYANA,D214,FATEHABAD,18.77
03-01-2025,29.5,75.5,FATEHABAD,HARYANA,D214,FATEHABAD,18.59
04-01-2025,29.5,75.5,FATEHABAD,HARYANA,D214,FATEHABAD,18.85
05-01-2025,29.5,75.5,FATEHABAD,HARYANA,D214,FATEHABAD,18.28
06-01-2025,29.5,75.5,FATEHABAD,HARYANA,D214,FATEHABAD,18.25
07-01-2025,29.5,75.5,FATEHABAD,HARYANA,D214,FATEHABAD,18.15
08-01-2025,29.5,75.5,FATEHABAD,HARYANA,D214,FATEHABAD,18.19
09-01-2025,29.5,75.5,FATEHABAD,HARYANA,D214,FATEHABAD,18.15
10-01-2025,29.5,75.5,FATEHABAD,HARYANA,D214,FATEHABAD,18.67
11-01-2025,29.5,75.5,FATEHABAD,HARYANA,D214,FATEHABAD,19.1
12-01-2025,29.5,75.5,FATEHABAD,HARYANA,D214,FATEHABAD,19.77
13-01-2025,29.5,75.5,FATEHABAD,HARYANA,D214,FATEHABAD,19.78
14-01-2025,29.5,75.5,FATEHABAD,HARYANA,D214,FATEHABAD,19.59
15-01-2025,29.5,75.5,FATEHABAD,HARYANA,D214,FATEHABAD,19.29
16-01-2025,29.5,75.5,FATEHABAD,HARYANA,D214,FATEHABAD,19.05
17-01-2025,29.5,75.5,FATEHABAD,HARYANA,D214,FATEHABAD,18.54
18-01-2025,29.5,75.5,FATEHABAD,HARYANA,D214,FATEHABAD,19.04
19-01-2025,29.5,75.5,FATEHABAD,HARYANA,D214,FATEHABAD,19.29
20-01-2025,29.5,75.5,FATEHABAD,HARYANA,D214,FATEHABAD,19.58
21-01-2025,29.5,75.5,FATEHABAD,HARYANA,D214,FATEHABAD,19.5
22-01-2025,29.5,75.5,FATEHABAD,HARYANA,D214,FATEHABAD,19.21
23-01-2025,29.5,75.5,FATEHABAD,HARYANA,D214,FATEHABAD,19.64
24-01-2025,29.5,75.5,FATEHABAD,HARYANA,D214,FATEHABAD,19.09
25-01-2025,29.5,75.5,FATEHABAD,HARYANA,D214,FATEHABAD,19.53
26-01-2025,29.5,75.5,FATEHABAD,HARYANA,D214,FATEHABAD,19.82
27-01-2025,29.5,75.5,FATEHABAD,HARYANA,D214,FATEHABAD,20.63
28-01-2025,29.5,75.5,FATEHABAD,HARYANA,D214,FATEHABAD,20.91
29-01-2025,29.5,75.5,FATEHABAD,HARYANA,D214,FATEHABAD,21.12
30-01-2025,29.5,75.5,FATEHABAD,HARYANA,D214,FATEHABAD,21.49
31-01-2025,29.5,75.5,FATEHABAD,HARYANA,D214,FATEHABAD,21.28
01-02-2025,29.5,75.5,FATEHABAD,HARYANA,D214,FATEHABAD,21.46
02-02-2025,29.5,75.5,FATEHABAD,HARYANA,D214,FATEHABAD,21.81
03-02-2025,29.5,75.5,FATEHABAD,HARYANA,D214,FATEHABAD,21.8
04-02-2025,29.5,75.5,FATEHABAD,HARYANA,D214,FATEHABAD,21.72
05-02-2025,29.5,75.5,FATEHABAD,HARYANA,D214,FATEHABAD,22.05
06-02-2025,29.5,75.5,FATEHABAD,HARYANA,D214,FATEHABAD,22.19
07-02-2025,29.5,75.5,FATEHABAD,HARYANA,D214,FATEHABAD,21.98
08-02-2025,29.5,75.5,FATEHABAD,HARYANA,D214,FATEHABAD,22.25
09-02-2025,29.5,75.5,FATEHABAD,HARYANA,D214,FATEHABAD,22.76
10-02-2025,29.5,75.5,FATEHABAD,HARYANA,D214,FATEHABAD,22.91
11-02-2025,29.5,75.5,FATEHABAD,HARYANA,D214,FATEHABAD,22.69
12-02-2025,29.5,75.5,FATEHABAD,HARYANA,D214,FATEHABAD,22.99
13-02-2025,29.5,75.5,FATEHABAD,HARYANA,D214,FATEHABAD,23.65
14-02-2025,29.5,75.5,FATEHABAD,HARYANA,D214,FATEHABAD,24.02
15-02-2025,29.5,75.5,FATEHABAD,HARYANA,D214,FATEHABAD,23.94
16-02-2025,29.5,75.5,FATEHABAD,HARYANA,D214,FATEHABAD,24.13
17-02-2025,29.5,75.5,FATEHABAD,HARYANA,D214,FATEHABAD,24.58
18-02-2025,29.5,75.5,FATEHABAD,HARYANA,D214,FATEHABAD,25.08
19-02-2025,29.5,75.5,FATEHABAD,HARYANA,D214,FATEHABAD,25.53
20-02-2025,29.5,75.5,FATEHABAD,HARYANA,D214,FATEHABAD,25.3
21-02-2025,29.5,75.5,FATEHABAD,HARYANA,D214,FATEHABAD,25.44
22-02-2025,29.5,75.5,FATEHABAD,HARYANA,D214,FATEHABAD,25.51
23-02-2025,29.5,75.5,FATEHABAD,HARYANA,D214,FATEHABAD,25.36
24-02-2025,29.5,75.5,FATEHABAD,HARYANA,D214,FATEHABAD,25.56
25-02-2025,29.5,75.5,FATEHABAD,HARYANA,D214,FATEHABAD,26.12
26-02-2025,29.5,75.5,FATEHABAD,HARYANA,D214,FATEHABAD,25.91
27-02-2025,29.5,75.5,FATEHABAD,HARYANA,D214,FATEHABAD,25.63
28-02-2025,29.5,75.5,FATEHABAD,HARYANA,D214,FATEHABAD,25.83
29-02-2025,29.5,75.5,FATEHABAD,HARYANA,D214,FATEHABAD,27.68
01-03-2025,29.5,75.5,FATEHABAD,HARYANA,D214,FATEHABAD,25.74
02-03-2025,29.5,75.5,FATEHABAD,HARYANA,D214,FATEHABAD,25.93
03-03-2025,29.5,75.5,FATEHABAD,HARYANA,D214,FATEHABAD,26.27
04-03-2025,29.5,75.5,FATEHABAD,HARYANA,D214,FATEHABAD,26.49
05-03-2025,29.5,75.5,FATEHABAD,HARYANA,D214,FATEHABAD,26.53
06-03-2025,29.5,75.5,FATEHABAD,HARYANA,D214,FATEHABAD,26.85
07-03-2025,29.5,75.5,FATEHABAD,HARYANA,D214,FATEHABAD,27.23
08-03-2025,29.5,75.5,FATEHABAD,HARYANA,D214,FATEHABAD,27.63
09-03-2025,29.5,75.5,FATEHABAD,HARYANA,D214,FATEHABAD,27.65
10-03-2025,29.5,75.5,FATEHABAD,HARYANA,D214,FATEHABAD,27.59
11-03-2025,29.5,75.5,FATEHABAD,HARYANA,D214,FATEHABAD,27.61
12-03-2025,29.5,75.5,FATEHABAD,HARYANA,D214,FATEHABAD,28.11
13-03-2025,29.5,75.5,FATEHABAD,HARYANA,D214,FATEHABAD,28.3
14-03-2025,29.5,75.5,FATEHABAD,HARYANA,D214,FATEHABAD,28.24
15-03-2025,29.5,75.5,FATEHABAD,HARYANA,D214,FATEHABAD,28.43
16-03-2025,29.5,75.5,FATEHABAD,HARYANA,D214,FATEHABAD,29.27
17-03-2025,29.5,75.5,FATEHABAD,HARYANA,D214,FATEHABAD,30.03
18-03-2025,29.5,75.5,FATEHABAD,HARYANA,D214,FATEHABAD,30.55
19-03-2025,29.5,75.5,FATEHABAD,HARYANA,D214,FATEHABAD,30.99
20-03-2025,29.5,75.5,FATEHABAD,HARYANA,D214,FATEHABAD,31.27
21-03-2025,29.5,75.5,FATEHABAD,HARYANA,D214,FATEHABAD,31.03
22-03-2025,29.5,75.5,FATEHABAD,HARYANA,D214,FATEHABAD,30.87
23-03-2025,29.5,75.5,FATEHABAD,HARYANA,D214,FATEHABAD,31.58
24-03-2025,29.5,75.5,FATEHABAD,HARYANA,D214,FATEHABAD,31.5
25-03-2025,29.5,75.5,FATEHABAD,HARYANA,D214,FATEHABAD,31.87
26-03-2025,29.5,75.5,FATEHABAD,HARYANA,D214,FATEHABAD,32.17
27-03-2025,29.5,75.5,FATEHABAD,HARYANA,D214,FATEHABAD,32.33
28-03-2025,29.5,75.5,FATEHABAD,HARYANA,D214,FATEHABAD,33.12
29-03-2025,29.5,75.5,FATEHABAD,HARYANA,D214,FATEHABAD,33.27
30-03-2025,29.5,75.5,FATEHABAD,HARYANA,D214,FATEHABAD,33.38
31-03-2025,29.5,75.5,FATEHABAD,HARYANA,D214,FATEHABAD,33.08
01-04-2025,29.5,75.5,FATEHABAD,HARYANA,D214,FATEHABAD,33.7
02-04-2025,29.5,75.5,FATEHABAD,HARYANA,D214,FATEHABAD,34.25
03-04-2025,29.5,75.5,FATEHABAD,HARYANA,D214,FATEHABAD,33.99
04-04-2025,29.5,75.5,FATEHABAD,HARYANA,D214,FATEHABAD,34.41
05-04-2025,29.5,75.5,FATEHABAD,HARYANA,D214,FATEHABAD,34.58
06-04-2025,29.5,75.5,FATEHABAD,HARYANA,D214,FATEHABAD,35.03
07-04-2025,29.5,75.5,FATEHABAD,HARYANA,D214,FATEHABAD,34.94
08-04-2025,29.5,75.5,FATEHABAD,HARYANA,D214,FATEHABAD,35.62
09-04-2025,29.5,75.5,FATEHABAD,HARYANA,D214,FATEHABAD,35.85
10-04-2025,29.5,75.5,FATEHABAD,HARYANA,D214,FATEHABAD,36.12
11-04-2025,29.5,75.5,FATEHABAD,HARYANA,D214,FATEHABAD,36.4
12-04-2025,29.5,75.5,FATEHABAD,HARYANA,D214,FATEHABAD,36.61
13-04-2025,29.5,75.5,FATEHABAD,HARYANA,D214,FATEHABAD,36.97
14-04-2025,29.5,75.5,FATEHABAD,HARYANA,D214,FATEHABAD,37.49
15-04-2025,29.5,75.5,FATEHABAD,HARYANA,D214,FATEHABAD,38.2
16-04-2025,29.5,75.5,FATEHABAD,HARYANA,D214,FATEHABAD,37.76
17-04-2025,29.5,75.5,FATEHABAD,HARYANA,D214,FATEHABAD,37.07
18-04-2025,29.5,75.5,FATEHABAD,HARYANA,D214,FATEHABAD,36.89
19-04-2025,29.5,75.5,FATEHABAD,HARYANA,D214,FATEHABAD,37.25
20-04-2025,29.5,75.5,FATEHABAD,HARYANA,D214,FATEHABAD,37.26
21-04-2025,29.5,75.5,FATEHABAD,HARYANA,D214,FATEHABAD,37.03
22-04-2025,29.5,75.5,FATEHABAD,HARYANA,D214,FATEHABAD,37.45
23-04-2025,29.5,75.5,FATEHABAD,HARYANA,D214,FATEHABAD,37.58
24-04-2025,29.5,75.5,FATEHABAD,HARYANA,D214,FATEHABAD,38.3
25-04-2025,29.5,75.5,FATEHABAD,HARYANA,D214,FATEHABAD,39.03
26-04-2025,29.5,75.5,FATEHABAD,HARYANA,D214,FATEHABAD,38.96
27-04-2025,29.5,75.5,FATEHABAD,HARYANA,D214,FATEHABAD,38.98
28-04-2025,29.5,75.5,FATEHABAD,HARYANA,D214,FATEHABAD,39.4
29-04-2025,29.5,75.5,FATEHABAD,HARYANA,D214,FATEHABAD,39.01
30-04-2025,29.5,75.5,FATEHABAD,HARYANA,D214,FATEHABAD,39.28
01-05-2025,29.5,75.5,FATEHABAD,HARYANA,D214,FATEHABAD,39.09
02-05-2025,29.5,75.5,FATEHABAD,HARYANA,D214,FATEHABAD,38.67
03-05-2025,29.5,75.5,FATEHABAD,HARYANA,D214,FATEHABAD,38.78
04-05-2025,29.5,75.5,FATEHABAD,HARYANA,D214,FATEHABAD,39.18
05-05-2025,29.5,75.5,FATEHABAD,HARYANA,D214,FATEHABAD,38.5
06-05-2025,29.5,75.5,FATEHABAD,HARYANA,D214,FATEHABAD,39.08
07-05-2025,29.5,75.5,FATEHABAD,HARYANA,D214,FATEHABAD,39.56
08-05-2025,29.5,75.5,FATEHABAD,HARYANA,D214,FATEHABAD,39.69
09-05-2025,29.5,75.5,FATEHABAD,HARYANA,D214,FATEHABAD,39.85
10-05-2025,29.5,75.5,FATEHABAD,HARYANA,D214,FATEHABAD,39.81
11-05-2025,29.5,75.5,FATEHABAD,HARYANA,D214,FATEHABAD,39.56
12-05-2025,29.5,75.5,FATEHABAD,HARYANA,D214,FATEHABAD,39.56
13-05-2025,29.5,75.5,FATEHABAD,HARYANA,D214,FATEHABAD,39.47
14-05-2025,29.5,75.5,FATEHABAD,HARYANA,D214,FATEHABAD,39.86
15-05-2025,29.5,75.5,FATEHABAD,HARYANA,D214,FATEHABAD,40.21
16-05-2025,29.5,75.5,FATEHABAD,HARYANA,D214,FATEHABAD,40.24
17-05-2025,29.5,75.5,FATEHABAD,HARYANA,D214,FATEHABAD,40.18
18-05-2025,29.5,75.5,FATEHABAD,HARYANA,D214,FATEHABAD,40.08
19-05-2025,29.5,75.5,FATEHABAD,HARYANA,D214,FATEHABAD,40.63
20-05-2025,29.5,75.5,FATEHABAD,HARYANA,D214,FATEHABAD,40.64
21-05-2025,29.5,75.5,FATEHABAD,HARYANA,D214,FATEHABAD,40.42
22-05-2025,29.5,75.5,FATEHABAD,HARYANA,D214,FATEHABAD,40.58
23-05-2025,29.5,75.5,FATEHABAD,HARYANA,D214,FATEHABAD,40.1
24-05-2025,29.5,75.5,FATEHABAD,HARYANA,D214,FATEHABAD,39.64
25-05-2025,29.5,75.5,FATEHABAD,HARYANA,D214,FATEHABAD,40.44
26-05-2025,29.5,75.5,FATEHABAD,HARYANA,D214,FATEHABAD,40.98
27-05-2025,29.5,75.5,FATEHABAD,HARYANA,D214,FATEHABAD,40.88
28-05-2025,29.5,75.5,FATEHABAD,HARYANA,D214,FATEHABAD,40.93
29-05-2025,29.5,75.5,FATEHABAD,HARYANA,D214,FATEHABAD,40.52
30-05-2025,29.5,75.5,FATEHABAD,HARYANA,D214,FATEHABAD,40.22
31-05-2025,29.5,75.5,FATEHABAD,HARYANA,D214,FATEHABAD,40.97
01-06-2025,29.5,75.5,FATEHABAD,HARYANA,D214,FATEHABAD,40
02-06-2025,29.5,75.5,FATEHABAD,HARYANA,D214,FATEHABAD,39.99
03-06-2025,29.5,75.5,FATEHABAD,HARYANA,D214,FATEHABAD,40.32
04-06-2025,29.5,75.5,FATEHABAD,HARYANA,D214,FATEHABAD,40.73
05-06-2025,29.5,75.5,FATEHABAD,HARYANA,D214,FATEHABAD,40.56
06-06-2025,29.5,75.5,FATEHABAD,HARYANA,D214,FATEHABAD,40.36
07-06-2025,29.5,75.5,FATEHABAD,HARYANA,D214,FATEHABAD,40.05
08-06-2025,29.5,75.5,FATEHABAD,HARYANA,D214,FATEHABAD,40.22
09-06-2025,29.5,75.5,FATEHABAD,HARYANA,D214,FATEHABAD,40.7
10-06-2025,29.5,75.5,FATEHABAD,HARYANA,D214,FATEHABAD,40.7
11-06-2025,29.5,75.5,FATEHABAD,HARYANA,D214,FATEHABAD,40.67
12-06-2025,29.5,75.5,FATEHABAD,HARYANA,D214,FATEHABAD,40.74
13-06-2025,29.5,75.5,FATEHABAD,HARYANA,D214,FATEHABAD,40.05
14-06-2025,29.5,75.5,FATEHABAD,HARYANA,D214,FATEHABAD,39.89
15-06-2025,29.5,75.5,FATEHABAD,HARYANA,D214,FATEHABAD,39.22
16-06-2025,29.5,75.5,FATEHABAD,HARYANA,D214,FATEHABAD,38.91
17-06-2025,29.5,75.5,FATEHABAD,HARYANA,D214,FATEHABAD,38.31
18-06-2025,29.5,75.5,FATEHABAD,HARYANA,D214,FATEHABAD,37.94
19-06-2025,29.5,75.5,FATEHABAD,HARYANA,D214,FATEHABAD,38.41
20-06-2025,29.5,75.5,FATEHABAD,HARYANA,D214,FATEHABAD,38.38
21-06-2025,29.5,75.5,FATEHABAD,HARYANA,D214,FATEHABAD,38.35
22-06-2025,29.5,75.5,FATEHABAD,HARYANA,D214,FATEHABAD,38.76
23-06-2025,29.5,75.5,FATEHABAD,HARYANA,D214,FATEHABAD,38.77
24-06-2025,29.5,75.5,FATEHABAD,HARYANA,D214,FATEHABAD,38.53
25-06-2025,29.5,75.5,FATEHABAD,HARYANA,D214,FATEHABAD,37.67
26-06-2025,29.5,75.5,FATEHABAD,HARYANA,D214,FATEHABAD,37.78
27-06-2025,29.5,75.5,FATEHABAD,HARYANA,D214,FATEHABAD,37.51
28-06-2025,29.5,75.5,FATEHABAD,HARYANA,D214,FATEHABAD,37.44
29-06-2025,29.5,75.5,FATEHABAD,HARYANA,D214,FATEHABAD,37.27
30-06-2025,29.5,75.5,FATEHABAD,HARYANA,D214,FATEHABAD,37.22
01-07-2025,29.5,75.5,FATEHABAD,HARYANA,D214,FATEHABAD,36.9
02-07-2025,29.5,75.5,FATEHABAD,HARYANA,D214,FATEHABAD,37.4
03-07-2025,29.5,75.5,FATEHABAD,HARYANA,D214,FATEHABAD,36.97
04-07-2025,29.5,75.5,FATEHABAD,HARYANA,D214,FATEHABAD,37.07
05-07-2025,29.5,75.5,FATEHABAD,HARYANA,D214,FATEHABAD,37.09
06-07-2025,29.5,75.5,FATEHABAD,HARYANA,D214,FATEHABAD,36.09
07-07-2025,29.5,75.5,FATEHABAD,HARYANA,D214,FATEHABAD,36.69
08-07-2025,29.5,75.5,FATEHABAD,HARYANA,D214,FATEHABAD,36.62
09-07-2025,29.5,75.5,FATEHABAD,HARYANA,D214,FATEHABAD,36.33
10-07-2025,29.5,75.5,FATEHABAD,HARYANA,D214,FATEHABAD,36.28
11-07-2025,29.5,75.5,FATEHABAD,HARYANA,D214,FATEHABAD,36.48
12-07-2025,29.5,75.5,FATEHABAD,HARYANA,D214,FATEHABAD,35.41
13-07-2025,29.5,75.5,FATEHABAD,HARYANA,D214,FATEHABAD,35.42
14-07-2025,29.5,75.5,FATEHABAD,HARYANA,D214,FATEHABAD,35.3
15-07-2025,29.5,75.5,FATEHABAD,HARYANA,D214,FATEHABAD,35.43
16-07-2025,29.5,75.5,FATEHABAD,HARYANA,D214,FATEHABAD,35.19
17-07-2025,29.5,75.5,FATEHABAD,HARYANA,D214,FATEHABAD,35.01
18-07-2025,29.5,75.5,FATEHABAD,HARYANA,D214,FATEHABAD,35.63
19-07-2025,29.5,75.5,FATEHABAD,HARYANA,D214,FATEHABAD,35.74
20-07-2025,29.5,75.5,FATEHABAD,HARYANA,D214,FATEHABAD,35.51
21-07-2025,29.5,75.5,FATEHABAD,HARYANA,D214,FATEHABAD,35.38
22-07-2025,29.5,75.5,FATEHABAD,HARYANA,D214,FATEHABAD,34.65
23-07-2025,29.5,75.5,FATEHABAD,HARYANA,D214,FATEHABAD,35.01
24-07-2025,29.5,75.5,FATEHABAD,HARYANA,D214,FATEHABAD,35.17
25-07-2025,29.5,75.5,FATEHABAD,HARYANA,D214,FATEHABAD,35.4
26-07-2025,29.5,75.5,FATEHABAD,HARYANA,D214,FATEHABAD,35.17
27-07-2025,29.5,75.5,FATEHABAD,HARYANA,D214,FATEHABAD,34.61
28-07-2025,29.5,75.5,FATEHABAD,HARYANA,D214,FATEHABAD,34.55
29-07-2025,29.5,75.5,FATEHABAD,HARYANA,D214,FATEHABAD,34.33
30-07-2025,29.5,75.5,FATEHABAD,HARYANA,D214,FATEHABAD,34.45
31-07-2025,29.5,75.5,FATEHABAD,HARYANA,D214,FATEHABAD,34.26
01-08-2025,29.5,75.5,FATEHABAD,HARYANA,D214,FATEHABAD,33.95
02-08-2025,29.5,75.5,FATEHABAD,HARYANA,D214,FATEHABAD,34.38
03-08-2025,29.5,75.5,FATEHABAD,HARYANA,D214,FATEHABAD,34.3
04-08-2025,29.5,75.5,FATEHABAD,HARYANA,D214,FATEHABAD,33.95
05-08-2025,29.5,75.5,FATEHABAD,HARYANA,D214,FATEHABAD,34.16
06-08-2025,29.5,75.5,FATEHABAD,HARYANA,D214,FATEHABAD,34.27
07-08-2025,29.5,75.5,FATEHABAD,HARYANA,D214,FATEHABAD,34.07
08-08-2025,29.5,75.5,FATEHABAD,HARYANA,D214,FATEHABAD,34.56
09-08-2025,29.5,75.5,FATEHABAD,HARYANA,D214,FATEHABAD,34.42
10-08-2025,29.5,75.5,FATEHABAD,HARYANA,D214,FATEHABAD,34.31
11-08-2025,29.5,75.5,FATEHABAD,HARYANA,D214,FATEHABAD,34.47
12-08-2025,29.5,75.5,FATEHABAD,HARYANA,D214,FATEHABAD,34.37
13-08-2025,29.5,75.5,FATEHABAD,HARYANA,D214,FATEHABAD,34.19
14-08-2025,29.5,75.5,FATEHABAD,HARYANA,D214,FATEHABAD,34.06
15-08-2025,29.5,75.5,FATEHABAD,HARYANA,D214,FATEHABAD,33.61
16-08-2025,29.5,75.5,FATEHABAD,HARYANA,D214,FATEHABAD,34
17-08-2025,29.5,75.5,FATEHABAD,HARYANA,D214,FATEHABAD,34.28
18-08-2025,29.5,75.5,FATEHABAD,HARYANA,D214,FATEHABAD,34.99
19-08-2025,29.5,75.5,FATEHABAD,HARYANA,D214,FATEHABAD,34.67
20-08-2025,29.5,75.5,FATEHABAD,HARYANA,D214,FATEHABAD,34.55
21-08-2025,29.5,75.5,FATEHABAD,HARYANA,D214,FATEHABAD,34.63
22-08-2025,29.5,75.5,FATEHABAD,HARYANA,D214,FATEHABAD,34.74
23-08-2025,29.5,75.5,FATEHABAD,HARYANA,D214,FATEHABAD,34.26
24-08-2025,29.5,75.5,FATEHABAD,HARYANA,D214,FATEHABAD,34.44
25-08-2025,29.5,75.5,FATEHABAD,HARYANA,D214,FATEHABAD,34.39
26-08-2025,29.5,75.5,FATEHABAD,HARYANA,D214,FATEHABAD,34.65
27-08-2025,29.5,75.5,FATEHABAD,HARYANA,D214,FATEHABAD,35.01
28-08-2025,29.5,75.5,FATEHABAD,HARYANA,D214,FATEHABAD,34.66
29-08-2025,29.5,75.5,FATEHABAD,HARYANA,D214,FATEHABAD,34.46
30-08-2025,29.5,75.5,FATEHABAD,HARYANA,D214,FATEHABAD,34.69
31-08-2025,29.5,75.5,FATEHABAD,HARYANA,D214,FATEHABAD,34.42
01-09-2025,29.5,75.5,FATEHABAD,HARYANA,D214,FATEHABAD,34.21
02-09-2025,29.5,75.5,FATEHABAD,HARYANA,D214,FATEHABAD,34.55
03-09-2025,29.5,75.5,FATEHABAD,HARYANA,D214,FATEHABAD,34.28
04-09-2025,29.5,75.5,FATEHABAD,HARYANA,D214,FATEHABAD,34.31
05-09-2025,29.5,75.5,FATEHABAD,HARYANA,D214,FATEHABAD,34.67
06-09-2025,29.5,75.5,FATEHABAD,HARYANA,D214,FATEHABAD,34.66
07-09-2025,29.5,75.5,FATEHABAD,HARYANA,D214,FATEHABAD,34.4
08-09-2025,29.5,75.5,FATEHABAD,HARYANA,D214,FATEHABAD,34.01
09-09-2025,29.5,75.5,FATEHABAD,HARYANA,D214,FATEHABAD,34.48
10-09-2025,29.5,75.5,FATEHABAD,HARYANA,D214,FATEHABAD,34.35
11-09-2025,29.5,75.5,FATEHABAD,HARYANA,D214,FATEHABAD,34.34
12-09-2025,29.5,75.5,FATEHABAD,HARYANA,D214,FATEHABAD,34.4
13-09-2025,29.5,75.5,FATEHABAD,HARYANA,D214,FATEHABAD,34.4
14-09-2025,29.5,75.5,FATEHABAD,HARYANA,D214,FATEHABAD,34.66
15-09-2025,29.5,75.5,FATEHABAD,HARYANA,D214,FATEHABAD,34.7
16-09-2025,29.5,75.5,FATEHABAD,HARYANA,D214,FATEHABAD,34.27
17-09-2025,29.5,75.5,FATEHABAD,HARYANA,D214,FATEHABAD,34.52
18-09-2025,29.5,75.5,FATEHABAD,HARYANA,D214,FATEHABAD,34.58
19-09-2025,29.5,75.5,FATEHABAD,HARYANA,D214,FATEHABAD,34.57
20-09-2025,29.5,75.5,FATEHABAD,HARYANA,D214,FATEHABAD,34.72
21-09-2025,29.5,75.5,FATEHABAD,HARYANA,D214,FATEHABAD,34.79
22-09-2025,29.5,75.5,FATEHABAD,HARYANA,D214,FATEHABAD,34.21
23-09-2025,29.5,75.5,FATEHABAD,HARYANA,D214,FATEHABAD,34.02
24-09-2025,29.5,75.5,FATEHABAD,HARYANA,D214,FATEHABAD,34.05
25-09-2025,29.5,75.5,FATEHABAD,HARYANA,D214,FATEHABAD,34.24
26-09-2025,29.5,75.5,FATEHABAD,HARYANA,D214,FATEHABAD,34.55
27-09-2025,29.5,75.5,FATEHABAD,HARYANA,D214,FATEHABAD,34.83
28-09-2025,29.5,75.5,FATEHABAD,HARYANA,D214,FATEHABAD,34.96
29-09-2025,29.5,75.5,FATEHABAD,HARYANA,D214,FATEHABAD,34.91
30-09-2025,29.5,75.5,FATEHABAD,HARYANA,D214,FATEHABAD,34.8
01-10-2025,29.5,75.5,FATEHABAD,HARYANA,D214,FATEHABAD,34.99
02-10-2025,29.5,75.5,FATEHABAD,HARYANA,D214,FATEHABAD,35.1
03-10-2025,29.5,75.5,FATEHABAD,HARYANA,D214,FATEHABAD,34.83
04-10-2025,29.5,75.5,FATEHABAD,HARYANA,D214,FATEHABAD,34.49
05-10-2025,29.5,75.5,FATEHABAD,HARYANA,D214,FATEHABAD,34.34
06-10-2025,29.5,75.5,FATEHABAD,HARYANA,D214,FATEHABAD,34.1
07-10-2025,29.5,75.5,FATEHABAD,HARYANA,D214,FATEHABAD,34.17
08-10-2025,29.5,75.5,FATEHABAD,HARYANA,D214,FATEHABAD,34.24
09-10-2025,29.5,75.5,FATEHABAD,HARYANA,D214,FATEHABAD,34.38
10-10-2025,29.5,75.5,FATEHABAD,HARYANA,D214,FATEHABAD,34.31
11-10-2025,29.5,75.5,FATEHABAD,HARYANA,D214,FATEHABAD,33.88
12-10-2025,29.5,75.5,FATEHABAD,HARYANA,D214,FATEHABAD,34.01
13-10-2025,29.5,75.5,FATEHABAD,HARYANA,D214,FATEHABAD,34.04
14-10-2025,29.5,75.5,FATEHABAD,HARYANA,D214,FATEHABAD,33.77
15-10-2025,29.5,75.5,FATEHABAD,HARYANA,D214,FATEHABAD,33.72
16-10-2025,29.5,75.5,FATEHABAD,HARYANA,D214,FATEHABAD,33.51
17-10-2025,29.5,75.5,FATEHABAD,HARYANA,D214,FATEHABAD,33.05
18-10-2025,29.5,75.5,FATEHABAD,HARYANA,D214,FATEHABAD,32.99
19-10-2025,29.5,75.5,FATEHABAD,HARYANA,D214,FATEHABAD,33.28
20-10-2025,29.5,75.5,FATEHABAD,HARYANA,D214,FATEHABAD,33.23
21-10-2025,29.5,75.5,FATEHABAD,HARYANA,D214,FATEHABAD,32.85
22-10-2025,29.5,75.5,FATEHABAD,HARYANA,D214,FATEHABAD,32.52
23-10-2025,29.5,75.5,FATEHABAD,HARYANA,D214,FATEHABAD,32.22
24-10-2025,29.5,75.5,FATEHABAD,HARYANA,D214,FATEHABAD,31.9
25-10-2025,29.5,75.5,FATEHABAD,HARYANA,D214,FATEHABAD,31.92
26-10-2025,29.5,75.5,FATEHABAD,HARYANA,D214,FATEHABAD,31.96
27-10-2025,29.5,75.5,FATEHABAD,HARYANA,D214,FATEHABAD,31.85
28-10-2025,29.5,75.5,FATEHABAD,HARYANA,D214,FATEHABAD,31.48
29-10-2025,29.5,75.5,FATEHABAD,HARYANA,D214,FATEHABAD,31.4
30-10-2025,29.5,75.5,FATEHABAD,HARYANA,D214,FATEHABAD,31.46
31-10-2025,29.5,75.5,FATEHABAD,HARYANA,D214,FATEHABAD,31.23
01-11-2025,29.5,75.5,FATEHABAD,HARYANA,D214,FATEHABAD,31.3
02-11-2025,29.5,75.5,FATEHABAD,HARYANA,D214,FATEHABAD,30.92
03-11-2025,29.5,75.5,FATEHABAD,HARYANA,D214,FATEHABAD,30.74
04-11-2025,29.5,75.5,FATEHABAD,HARYANA,D214,FATEHABAD,30.56
05-11-2025,29.5,75.5,FATEHABAD,HARYANA,D214,FATEHABAD,30.26
06-11-2025,29.5,75.5,FATEHABAD,HARYANA,D214,FATEHABAD,30.2
07-11-2025,29.5,75.5,FATEHABAD,HARYANA,D214,FATEHABAD,29.67
08-11-2025,29.5,75.5,FATEHABAD,HARYANA,D214,FATEHABAD,29.62
09-11-2025,29.5,75.5,FATEHABAD,HARYANA,D214,FATEHABAD,29.53
10-11-2025,29.5,75.5,FATEHABAD,HARYANA,D214,FATEHABAD,29.05
11-11-2025,29.5,75.5,FATEHABAD,HARYANA,D214,FATEHABAD,28.84
12-11-2025,29.5,75.5,FATEHABAD,HARYANA,D214,FATEHABAD,28.78
13-11-2025,29.5,75.5,FATEHABAD,HARYANA,D214,FATEHABAD,28.22
14-11-2025,29.5,75.5,FATEHABAD,HARYANA,D214,FATEHABAD,28.15
15-11-2025,29.5,75.5,FATEHABAD,HARYANA,D214,FATEHABAD,27.89
16-11-2025,29.5,75.5,FATEHABAD,HARYANA,D214,FATEHABAD,27.69
17-11-2025,29.5,75.5,FATEHABAD,HARYANA,D214,FATEHABAD,27.69
18-11-2025,29.5,75.5,FATEHABAD,HARYANA,D214,FATEHABAD,27.64
19-11-2025,29.5,75.5,FATEHABAD,HARYANA,D214,FATEHABAD,27.46
20-11-2025,29.5,75.5,FATEHABAD,HARYANA,D214,FATEHABAD,27.35
21-11-2025,29.5,75.5,FATEHABAD,HARYANA,D214,FATEHABAD,27.23
22-11-2025,29.5,75.5,FATEHABAD,HARYANA,D214,FATEHABAD,27.15
23-11-2025,29.5,75.5,FATEHABAD,HARYANA,D214,FATEHABAD,26.97
24-11-2025,29.5,75.5,FATEHABAD,HARYANA,D214,FATEHABAD,26.99
25-11-2025,29.5,75.5,FATEHABAD,HARYANA,D214,FATEHABAD,26.56
26-11-2025,29.5,75.5,FATEHABAD,HARYANA,D214,FATEHABAD,26.48
27-11-2025,29.5,75.5,FATEHABAD,HARYANA,D214,FATEHABAD,25.97
28-11-2025,29.5,75.5,FATEHABAD,HARYANA,D214,FATEHABAD,25.89
29-11-2025,29.5,75.5,FATEHABAD,HARYANA,D214,FATEHABAD,25.93
30-11-2025,29.5,75.5,FATEHABAD,HARYANA,D214,FATEHABAD,25.61
01-12-2025,29.5,75.5,FATEHABAD,HARYANA,D214,FATEHABAD,25.26
02-12-2025,29.5,75.5,FATEHABAD,HARYANA,D214,FATEHABAD,24.91
03-12-2025,29.5,75.5,FATEHABAD,HARYANA,D214,FATEHABAD,25.25
04-12-2025,29.5,75.5,FATEHABAD,HARYANA,D214,FATEHABAD,25.29
05-12-2025,29.5,75.5,FATEHABAD,HARYANA,D214,FATEHABAD,24.95
06-12-2025,29.5,75.5,FATEHABAD,HARYANA,D214,FATEHABAD,24.91
07-12-2025,29.5,75.5,FATEHABAD,HARYANA,D214,FATEHABAD,24.75
08-12-2025,29.5,75.5,FATEHABAD,HARYANA,D214,FATEHABAD,24.71
09-12-2025,29.5,75.5,FATEHABAD,HARYANA,D214,FATEHABAD,24.31
10-12-2025,29.5,75.5,FATEHABAD,HARYANA,D214,FATEHABAD,23.75
11-12-2025,29.5,75.5,FATEHABAD,HARYANA,D214,FATEHABAD,23.39
12-12-2025,29.5,75.5,FATEHABAD,HARYANA,D214,FATEHABAD,22.53
13-12-2025,29.5,75.5,FATEHABAD,HARYANA,D214,FATEHABAD,22.27
14-12-2025,29.5,75.5,FATEHABAD,HARYANA,D214,FATEHABAD,22.2
15-12-2025,29.5,75.5,FATEHABAD,HARYANA,D214,FATEHABAD,22.31
16-12-2025,29.5,75.5,FATEHABAD,HARYANA,D214,FATEHABAD,22.03
17-12-2025,29.5,75.5,FATEHABAD,HARYANA,D214,FATEHABAD,22.15
18-12-2025,29.5,75.5,FATEHABAD,HARYANA,D214,FATEHABAD,22.09
19-12-2025,29.5,75.5,FATEHABAD,HARYANA,D214,FATEHABAD,21.84
20-12-2025,29.5,75.5,FATEHABAD,HARYANA,D214,FATEHABAD,21.43
21-12-2025,29.5,75.5,FATEHABAD,HARYANA,D214,FATEHABAD,21.18
22-12-2025,29.5,75.5,FATEHABAD,HARYANA,D214,FATEHABAD,21.19
23-12-2025,29.5,75.5,FATEHABAD,HARYANA,D214,FATEHABAD,20.62
24-12-2025,29.5,75.5,FATEHABAD,HARYANA,D214,FATEHABAD,20.41
25-12-2025,29.5,75.5,FATEHABAD,HARYANA,D214,FATEHABAD,19.89
26-12-2025,29.5,75.5,FATEHABAD,HARYANA,D214,FATEHABAD,20.21
27-12-2025,29.5,75.5,FATEHABAD,HARYANA,D214,FATEHABAD,20.15
28-12-2025,29.5,75.5,FATEHABAD,HARYANA,D214,FATEHABAD,20.14
29-12-2025,29.5,75.5,FATEHABAD,HARYANA,D214,FATEHABAD,19.49
30-12-2025,29.5,75.5,FATEHABAD,HARYANA,D214,FATEHABAD,19.38
31-12-2025,29.5,75.5,FATEHABAD,HARYANA,D214,FATEHABAD,18.64
01-01-2025,28.5,76.5,JHAJJAR,HARYANA,D217,JHAJJAR,19.24
02-01-2025,28.5,76.5,JHAJJAR,HARYANA,D217,JHAJJAR,19.13
03-01-2025,28.5,76.5,JHAJJAR,HARYANA,D217,JHAJJAR,19.05
04-01-2025,28.5,76.5,JHAJJAR,HARYANA,D217,JHAJJAR,19.31
05-01-2025,28.5,76.5,JHAJJAR,HARYANA,D217,JHAJJAR,19.04
06-01-2025,28.5,76.5,JHAJJAR,HARYANA,D217,JHAJJAR,18.98
07-01-2025,28.5,76.5,JHAJJAR,HARYANA,D217,JHAJJAR,19.05
08-01-2025,28.5,76.5,JHAJJAR,HARYANA,D217,JHAJJAR,18.84
09-01-2025,28.5,76.5,JHAJJAR,HARYANA,D217,JHAJJAR,18.83
10-01-2025,28.5,76.5,JHAJJAR,HARYANA,D217,JHAJJAR,18.94
11-01-2025,28.5,76.5,JHAJJAR,HARYANA,D217,JHAJJAR,19.61
12-01-2025,28.5,76.5,JHAJJAR,HARYANA,D217,JHAJJAR,19.92
13-01-2025,28.5,76.5,JHAJJAR,HARYANA,D217,JHAJJAR,20.31
14-01-2025,28.5,76.5,JHAJJAR,HARYANA,D217,JHAJJAR,20.14
15-01-2025,28.5,76.5,JHAJJAR,HARYANA,D217,JHAJJAR,19.76
16-01-2025,28.5,76.5,JHAJJAR,HARYANA,D217,JHAJJAR,19.59
17-01-2025,28.5,76.5,JHAJJAR,HARYANA,D217,JHAJJAR,18.79
18-01-2025,28.5,76.5,JHAJJAR,HARYANA,D217,JHAJJAR,19.27
19-01-2025,28.5,76.5,JHAJJAR,HARYANA,D217,JHAJJAR,19.52
20-01-2025,28.5,76.5,JHAJJAR,HARYANA,D217,JHAJJAR,19.72
21-01-2025,28.5,76.5,JHAJJAR,HARYANA,D217,JHAJJAR,19.87
22-01-2025,28.5,76.5,JHAJJAR,HARYANA,D217,JHAJJAR,19.98
23-01-2025,28.5,76.5,JHAJJAR,HARYANA,D217,JHAJJAR,20.66
24-01-2025,28.5,76.5,JHAJJAR,HARYANA,D217,JHAJJAR,20.23
25-01-2025,28.5,76.5,JHAJJAR,HARYANA,D217,JHAJJAR,20.49
26-01-2025,28.5,76.5,JHAJJAR,HARYANA,D217,JHAJJAR,20.95
27-01-2025,28.5,76.5,JHAJJAR,HARYANA,D217,JHAJJAR,21.79
28-01-2025,28.5,76.5,JHAJJAR,HARYANA,D217,JHAJJAR,21.84
29-01-2025,28.5,76.5,JHAJJAR,HARYANA,D217,JHAJJAR,22.15
30-01-2025,28.5,76.5,JHAJJAR,HARYANA,D217,JHAJJAR,22.48
31-01-2025,28.5,76.5,JHAJJAR,HARYANA,D217,JHAJJAR,22.38
01-02-2025,28.5,76.5,JHAJJAR,HARYANA,D217,JHAJJAR,22.37
02-02-2025,28.5,76.5,JHAJJAR,HARYANA,D217,JHAJJAR,22.7
03-02-2025,28.5,76.5,JHAJJAR,HARYANA,D217,JHAJJAR,22.66
04-02-2025,28.5,76.5,JHAJJAR,HARYANA,D217,JHAJJAR,22.8
05-02-2025,28.5,76.5,JHAJJAR,HARYANA,D217,JHAJJAR,23.05
06-02-2025,28.5,76.5,JHAJJAR,HARYANA,D217,JHAJJAR,23.29
07-02-2025,28.5,76.5,JHAJJAR,HARYANA,D217,JHAJJAR,23.15
08-02-2025,28.5,76.5,JHAJJAR,HARYANA,D217,JHAJJAR,23.1
09-02-2025,28.5,76.5,JHAJJAR,HARYANA,D217,JHAJJAR,23.5
10-02-2025,28.5,76.5,JHAJJAR,HARYANA,D217,JHAJJAR,23.69
11-02-2025,28.5,76.5,JHAJJAR,HARYANA,D217,JHAJJAR,23.78
12-02-2025,28.5,76.5,JHAJJAR,HARYANA,D217,JHAJJAR,24.03
13-02-2025,28.5,76.5,JHAJJAR,HARYANA,D217,JHAJJAR,24.56
14-02-2025,28.5,76.5,JHAJJAR,HARYANA,D217,JHAJJAR,24.94
15-02-2025,28.5,76.5,JHAJJAR,HARYANA,D217,JHAJJAR,24.93
16-02-2025,28.5,76.5,JHAJJAR,HARYANA,D217,JHAJJAR,25.18
17-02-2025,28.5,76.5,JHAJJAR,HARYANA,D217,JHAJJAR,25.47
18-02-2025,28.5,76.5,JHAJJAR,HARYANA,D217,JHAJJAR,26.11
19-02-2025,28.5,76.5,JHAJJAR,HARYANA,D217,JHAJJAR,26.55
20-02-2025,28.5,76.5,JHAJJAR,HARYANA,D217,JHAJJAR,26.46
21-02-2025,28.5,76.5,JHAJJAR,HARYANA,D217,JHAJJAR,26.43
22-02-2025,28.5,76.5,JHAJJAR,HARYANA,D217,JHAJJAR,26.46
23-02-2025,28.5,76.5,JHAJJAR,HARYANA,D217,JHAJJAR,26.42
24-02-2025,28.5,76.5,JHAJJAR,HARYANA,D217,JHAJJAR,26.43
25-02-2025,28.5,76.5,JHAJJAR,HARYANA,D217,JHAJJAR,26.91
26-02-2025,28.5,76.5,JHAJJAR,HARYANA,D217,JHAJJAR,26.67
27-02-2025,28.5,76.5,JHAJJAR,HARYANA,D217,JHAJJAR,27.01
28-02-2025,28.5,76.5,JHAJJAR,HARYANA,D217,JHAJJAR,27.22
29-02-2025,28.5,76.5,JHAJJAR,HARYANA,D217,JHAJJAR,29.17
01-03-2025,28.5,76.5,JHAJJAR,HARYANA,D217,JHAJJAR,27.04
02-03-2025,28.5,76.5,JHAJJAR,HARYANA,D217,JHAJJAR,27.36
03-03-2025,28.5,76.5,JHAJJAR,HARYANA,D217,JHAJJAR,27.68
04-03-2025,28.5,76.5,JHAJJAR,HARYANA,D217,JHAJJAR,27.41
05-03-2025,28.5,76.5,JHAJJAR,HARYANA,D217,JHAJJAR,27.49
06-03-2025,28.5,76.5,JHAJJAR,HARYANA,D217,JHAJJAR,28.13
07-03-2025,28.5,76.5,JHAJJAR,HARYANA,D217,JHAJJAR,28.8
08-03-2025,28.5,76.5,JHAJJAR,HARYANA,D217,JHAJJAR,28.91
09-03-2025,28.5,76.5,JHAJJAR,HARYANA,D217,JHAJJAR,29.08
10-03-2025,28.5,76.5,JHAJJAR,HARYANA,D217,JHAJJAR,29.05
11-03-2025,28.5,76.5,JHAJJAR,HARYANA,D217,JHAJJAR,29.47
12-03-2025,28.5,76.5,JHAJJAR,HARYANA,D217,JHAJJAR,29.67
13-03-2025,28.5,76.5,JHAJJAR,HARYANA,D217,JHAJJAR,29.87
14-03-2025,28.5,76.5,JHAJJAR,HARYANA,D217,JHAJJAR,29.71
15-03-2025,28.5,76.5,JHAJJAR,HARYANA,D217,JHAJJAR,29.82
16-03-2025,28.5,76.5,JHAJJAR,HARYANA,D217,JHAJJAR,30.6
17-03-2025,28.5,76.5,JHAJJAR,HARYANA,D217,JHAJJAR,31.61
18-03-2025,28.5,76.5,JHAJJAR,HARYANA,D217,JHAJJAR,31.95
19-03-2025,28.5,76.5,JHAJJAR,HARYANA,D217,JHAJJAR,32.25
20-03-2025,28.5,76.5,JHAJJAR,HARYANA,D217,JHAJJAR,32.55
21-03-2025,28.5,76.5,JHAJJAR,HARYANA,D217,JHAJJAR,32.01
22-03-2025,28.5,76.5,JHAJJAR,HARYANA,D217,JHAJJAR,31.97
23-03-2025,28.5,76.5,JHAJJAR,HARYANA,D217,JHAJJAR,32.65
24-03-2025,28.5,76.5,JHAJJAR,HARYANA,D217,JHAJJAR,32.83
25-03-2025,28.5,76.5,JHAJJAR,HARYANA,D217,JHAJJAR,32.89
26-03-2025,28.5,76.5,JHAJJAR,HARYANA,D217,JHAJJAR,32.98
27-03-2025,28.5,76.5,JHAJJAR,HARYANA,D217,JHAJJAR,33.17
28-03-2025,28.5,76.5,JHAJJAR,HARYANA,D217,JHAJJAR,34.11
29-03-2025,28.5,76.5,JHAJJAR,HARYANA,D217,JHAJJAR,34.3
30-03-2025,28.5,76.5,JHAJJAR,HARYANA,D217,JHAJJAR,34.38
31-03-2025,28.5,76.5,JHAJJAR,HARYANA,D217,JHAJJAR,34.38
01-04-2025,28.5,76.5,JHAJJAR,HARYANA,D217,JHAJJAR,34.83
02-04-2025,28.5,76.5,JHAJJAR,HARYANA,D217,JHAJJAR,35.47
03-04-2025,28.5,76.5,JHAJJAR,HARYANA,D217,JHAJJAR,35.24
04-04-2025,28.5,76.5,JHAJJAR,HARYANA,D217,JHAJJAR,35.21
05-04-2025,28.5,76.5,JHAJJAR,HARYANA,D217,JHAJJAR,35.62
06-04-2025,28.5,76.5,JHAJJAR,HARYANA,D217,JHAJJAR,36.31
07-04-2025,28.5,76.5,JHAJJAR,HARYANA,D217,JHAJJAR,36.12
08-04-2025,28.5,76.5,JHAJJAR,HARYANA,D217,JHAJJAR,36.51
09-04-2025,28.5,76.5,JHAJJAR,HARYANA,D217,JHAJJAR,36.76
10-04-2025,28.5,76.5,JHAJJAR,HARYANA,D217,JHAJJAR,36.88
11-04-2025,28.5,76.5,JHAJJAR,HARYANA,D217,JHAJJAR,37.04
12-04-2025,28.5,76.5,JHAJJAR,HARYANA,D217,JHAJJAR,37.12
13-04-2025,28.5,76.5,JHAJJAR,HARYANA,D217,JHAJJAR,37.29
14-04-2025,28.5,76.5,JHAJJAR,HARYANA,D217,JHAJJAR,37.68
15-04-2025,28.5,76.5,JHAJJAR,HARYANA,D217,JHAJJAR,38.34
16-04-2025,28.5,76.5,JHAJJAR,HARYANA,D217,JHAJJAR,37.87
17-04-2025,28.5,76.5,JHAJJAR,HARYANA,D217,JHAJJAR,37.6
18-04-2025,28.5,76.5,JHAJJAR,HARYANA,D217,JHAJJAR,37.45
19-04-2025,28.5,76.5,JHAJJAR,HARYANA,D217,JHAJJAR,38.14
20-04-2025,28.5,76.5,JHAJJAR,HARYANA,D217,JHAJJAR,37.85
21-04-2025,28.5,76.5,JHAJJAR,HARYANA,D217,JHAJJAR,37.79
22-04-2025,28.5,76.5,JHAJJAR,HARYANA,D217,JHAJJAR,38.25
23-04-2025,28.5,76.5,JHAJJAR,HARYANA,D217,JHAJJAR,38.3
24-04-2025,28.5,76.5,JHAJJAR,HARYANA,D217,JHAJJAR,38.85
25-04-2025,28.5,76.5,JHAJJAR,HARYANA,D217,JHAJJAR,39.63
26-04-2025,28.5,76.5,JHAJJAR,HARYANA,D217,JHAJJAR,39.68
27-04-2025,28.5,76.5,JHAJJAR,HARYANA,D217,JHAJJAR,39.62
28-04-2025,28.5,76.5,JHAJJAR,HARYANA,D217,JHAJJAR,40.08
29-04-2025,28.5,76.5,JHAJJAR,HARYANA,D217,JHAJJAR,40.18
30-04-2025,28.5,76.5,JHAJJAR,HARYANA,D217,JHAJJAR,40.22
01-05-2025,28.5,76.5,JHAJJAR,HARYANA,D217,JHAJJAR,39.85
02-05-2025,28.5,76.5,JHAJJAR,HARYANA,D217,JHAJJAR,39.43
03-05-2025,28.5,76.5,JHAJJAR,HARYANA,D217,JHAJJAR,39.28
04-05-2025,28.5,76.5,JHAJJAR,HARYANA,D217,JHAJJAR,39.57
05-05-2025,28.5,76.5,JHAJJAR,HARYANA,D217,JHAJJAR,39.33
06-05-2025,28.5,76.5,JHAJJAR,HARYANA,D217,JHAJJAR,39.74
07-05-2025,28.5,76.5,JHAJJAR,HARYANA,D217,JHAJJAR,40.13
08-05-2025,28.5,76.5,JHAJJAR,HARYANA,D217,JHAJJAR,40.34
09-05-2025,28.5,76.5,JHAJJAR,HARYANA,D217,JHAJJAR,40.31
10-05-2025,28.5,76.5,JHAJJAR,HARYANA,D217,JHAJJAR,39.89
11-05-2025,28.5,76.5,JHAJJAR,HARYANA,D217,JHAJJAR,39.92
12-05-2025,28.5,76.5,JHAJJAR,HARYANA,D217,JHAJJAR,39.97
13-05-2025,28.5,76.5,JHAJJAR,HARYANA,D217,JHAJJAR,40.03
14-05-2025,28.5,76.5,JHAJJAR,HARYANA,D217,JHAJJAR,40.12
15-05-2025,28.5,76.5,JHAJJAR,HARYANA,D217,JHAJJAR,40.72
16-05-2025,28.5,76.5,JHAJJAR,HARYANA,D217,JHAJJAR,40.98
17-05-2025,28.5,76.5,JHAJJAR,HARYANA,D217,JHAJJAR,40.91
18-05-2025,28.5,76.5,JHAJJAR,HARYANA,D217,JHAJJAR,40.97
19-05-2025,28.5,76.5,JHAJJAR,HARYANA,D217,JHAJJAR,41.27
20-05-2025,28.5,76.5,JHAJJAR,HARYANA,D217,JHAJJAR,41.16
21-05-2025,28.5,76.5,JHAJJAR,HARYANA,D217,JHAJJAR,40.94
22-05-2025,28.5,76.5,JHAJJAR,HARYANA,D217,JHAJJAR,40.88
23-05-2025,28.5,76.5,JHAJJAR,HARYANA,D217,JHAJJAR,40.61
24-05-2025,28.5,76.5,JHAJJAR,HARYANA,D217,JHAJJAR,40.18
25-05-2025,28.5,76.5,JHAJJAR,HARYANA,D217,JHAJJAR,40.93
26-05-2025,28.5,76.5,JHAJJAR,HARYANA,D217,JHAJJAR,41.4
27-05-2025,28.5,76.5,JHAJJAR,HARYANA,D217,JHAJJAR,41.29
28-05-2025,28.5,76.5,JHAJJAR,HARYANA,D217,JHAJJAR,41.37
29-05-2025,28.5,76.5,JHAJJAR,HARYANA,D217,JHAJJAR,41
30-05-2025,28.5,76.5,JHAJJAR,HARYANA,D217,JHAJJAR,40.49
31-05-2025,28.5,76.5,JHAJJAR,HARYANA,D217,JHAJJAR,41.18
01-06-2025,28.5,76.5,JHAJJAR,HARYANA,D217,JHAJJAR,40.32
02-06-2025,28.5,76.5,JHAJJAR,HARYANA,D217,JHAJJAR,40.47
03-06-2025,28.5,76.5,JHAJJAR,HARYANA,D217,JHAJJAR,40.89
04-06-2025,28.5,76.5,JHAJJAR,HARYANA,D217,JHAJJAR,41.23
05-06-2025,28.5,76.5,JHAJJAR,HARYANA,D217,JHAJJAR,41.23
06-06-2025,28.5,76.5,JHAJJAR,HARYANA,D217,JHAJJAR,40.83
07-06-2025,28.5,76.5,JHAJJAR,HARYANA,D217,JHAJJAR,40.7
08-06-2025,28.5,76.5,JHAJJAR,HARYANA,D217,JHAJJAR,40.88
09-06-2025,28.5,76.5,JHAJJAR,HARYANA,D217,JHAJJAR,41.61
10-06-2025,28.5,76.5,JHAJJAR,HARYANA,D217,JHAJJAR,41.39
11-06-2025,28.5,76.5,JHAJJAR,HARYANA,D217,JHAJJAR,41.09
12-06-2025,28.5,76.5,JHAJJAR,HARYANA,D217,JHAJJAR,41.24
13-06-2025,28.5,76.5,JHAJJAR,HARYANA,D217,JHAJJAR,40.59
14-06-2025,28.5,76.5,JHAJJAR,HARYANA,D217,JHAJJAR,40.06
15-06-2025,28.5,76.5,JHAJJAR,HARYANA,D217,JHAJJAR,39.94
16-06-2025,28.5,76.5,JHAJJAR,HARYANA,D217,JHAJJAR,39.72
17-06-2025,28.5,76.5,JHAJJAR,HARYANA,D217,JHAJJAR,39.21
18-06-2025,28.5,76.5,JHAJJAR,HARYANA,D217,JHAJJAR,38.75
19-06-2025,28.5,76.5,JHAJJAR,HARYANA,D217,JHAJJAR,38.93
20-06-2025,28.5,76.5,JHAJJAR,HARYANA,D217,JHAJJAR,39.06
21-06-2025,28.5,76.5,JHAJJAR,HARYANA,D217,JHAJJAR,38.92
22-06-2025,28.5,76.5,JHAJJAR,HARYANA,D217,JHAJJAR,39.39
23-06-2025,28.5,76.5,JHAJJAR,HARYANA,D217,JHAJJAR,39.52
24-06-2025,28.5,76.5,JHAJJAR,HARYANA,D217,JHAJJAR,38.71
25-06-2025,28.5,76.5,JHAJJAR,HARYANA,D217,JHAJJAR,38.26
26-06-2025,28.5,76.5,JHAJJAR,HARYANA,D217,JHAJJAR,38.17
27-06-2025,28.5,76.5,JHAJJAR,HARYANA,D217,JHAJJAR,37.82
28-06-2025,28.5,76.5,JHAJJAR,HARYANA,D217,JHAJJAR,37.65
29-06-2025,28.5,76.5,JHAJJAR,HARYANA,D217,JHAJJAR,37.59
30-06-2025,28.5,76.5,JHAJJAR,HARYANA,D217,JHAJJAR,37.55
01-07-2025,28.5,76.5,JHAJJAR,HARYANA,D217,JHAJJAR,37.5
02-07-2025,28.5,76.5,JHAJJAR,HARYANA,D217,JHAJJAR,37.76
03-07-2025,28.5,76.5,JHAJJAR,HARYANA,D217,JHAJJAR,37.91
04-07-2025,28.5,76.5,JHAJJAR,HARYANA,D217,JHAJJAR,37.57
05-07-2025,28.5,76.5,JHAJJAR,HARYANA,D217,JHAJJAR,37.65
06-07-2025,28.5,76.5,JHAJJAR,HARYANA,D217,JHAJJAR,36.9
07-07-2025,28.5,76.5,JHAJJAR,HARYANA,D217,JHAJJAR,37.3
08-07-2025,28.5,76.5,JHAJJAR,HARYANA,D217,JHAJJAR,37.36
09-07-2025,28.5,76.5,JHAJJAR,HARYANA,D217,JHAJJAR,36.68
10-07-2025,28.5,76.5,JHAJJAR,HARYANA,D217,JHAJJAR,36.75
11-07-2025,28.5,76.5,JHAJJAR,HARYANA,D217,JHAJJAR,36.51
12-07-2025,28.5,76.5,JHAJJAR,HARYANA,D217,JHAJJAR,35.47
13-07-2025,28.5,76.5,JHAJJAR,HARYANA,D217,JHAJJAR,35.6
14-07-2025,28.5,76.5,JHAJJAR,HARYANA,D217,JHAJJAR,35.93
15-07-2025,28.5,76.5,JHAJJAR,HARYANA,D217,JHAJJAR,35.81
16-07-2025,28.5,76.5,JHAJJAR,HARYANA,D217,JHAJJAR,35.59
17-07-2025,28.5,76.5,JHAJJAR,HARYANA,D217,JHAJJAR,35.67
18-07-2025,28.5,76.5,JHAJJAR,HARYANA,D217,JHAJJAR,36.04
19-07-2025,28.5,76.5,JHAJJAR,HARYANA,D217,JHAJJAR,35.89
20-07-2025,28.5,76.5,JHAJJAR,HARYANA,D217,JHAJJAR,35.62
21-07-2025,28.5,76.5,JHAJJAR,HARYANA,D217,JHAJJAR,35.6
22-07-2025,28.5,76.5,JHAJJAR,HARYANA,D217,JHAJJAR,34.85
23-07-2025,28.5,76.5,JHAJJAR,HARYANA,D217,JHAJJAR,35.21
24-07-2025,28.5,76.5,JHAJJAR,HARYANA,D217,JHAJJAR,35.48
25-07-2025,28.5,76.5,JHAJJAR,HARYANA,D217,JHAJJAR,35.38
26-07-2025,28.5,76.5,JHAJJAR,HARYANA,D217,JHAJJAR,35.21
27-07-2025,28.5,76.5,JHAJJAR,HARYANA,D217,JHAJJAR,35.27
28-07-2025,28.5,76.5,JHAJJAR,HARYANA,D217,JHAJJAR,34.76
29-07-2025,28.5,76.5,JHAJJAR,HARYANA,D217,JHAJJAR,34.73
30-07-2025,28.5,76.5,JHAJJAR,HARYANA,D217,JHAJJAR,34.36
31-07-2025,28.5,76.5,JHAJJAR,HARYANA,D217,JHAJJAR,34.29
01-08-2025,28.5,76.5,JHAJJAR,HARYANA,D217,JHAJJAR,34.28
02-08-2025,28.5,76.5,JHAJJAR,HARYANA,D217,JHAJJAR,34.77
03-08-2025,28.5,76.5,JHAJJAR,HARYANA,D217,JHAJJAR,34.52
04-08-2025,28.5,76.5,JHAJJAR,HARYANA,D217,JHAJJAR,34.25
05-08-2025,28.5,76.5,JHAJJAR,HARYANA,D217,JHAJJAR,34.52
06-08-2025,28.5,76.5,JHAJJAR,HARYANA,D217,JHAJJAR,34.77
07-08-2025,28.5,76.5,JHAJJAR,HARYANA,D217,JHAJJAR,34.59
08-08-2025,28.5,76.5,JHAJJAR,HARYANA,D217,JHAJJAR,34.63
09-08-2025,28.5,76.5,JHAJJAR,HARYANA,D217,JHAJJAR,34.62
10-08-2025,28.5,76.5,JHAJJAR,HARYANA,D217,JHAJJAR,34.71
11-08-2025,28.5,76.5,JHAJJAR,HARYANA,D217,JHAJJAR,34.47
12-08-2025,28.5,76.5,JHAJJAR,HARYANA,D217,JHAJJAR,34.75
13-08-2025,28.5,76.5,JHAJJAR,HARYANA,D217,JHAJJAR,34.68
14-08-2025,28.5,76.5,JHAJJAR,HARYANA,D217,JHAJJAR,34.14
15-08-2025,28.5,76.5,JHAJJAR,HARYANA,D217,JHAJJAR,33.84
16-08-2025,28.5,76.5,JHAJJAR,HARYANA,D217,JHAJJAR,34.1
17-08-2025,28.5,76.5,JHAJJAR,HARYANA,D217,JHAJJAR,34.57
18-08-2025,28.5,76.5,JHAJJAR,HARYANA,D217,JHAJJAR,35.1
19-08-2025,28.5,76.5,JHAJJAR,HARYANA,D217,JHAJJAR,34.88
20-08-2025,28.5,76.5,JHAJJAR,HARYANA,D217,JHAJJAR,34.6
21-08-2025,28.5,76.5,JHAJJAR,HARYANA,D217,JHAJJAR,34.6
22-08-2025,28.5,76.5,JHAJJAR,HARYANA,D217,JHAJJAR,34.44
23-08-2025,28.5,76.5,JHAJJAR,HARYANA,D217,JHAJJAR,34.25
24-08-2025,28.5,76.5,JHAJJAR,HARYANA,D217,JHAJJAR,34.21
25-08-2025,28.5,76.5,JHAJJAR,HARYANA,D217,JHAJJAR,34.4
26-08-2025,28.5,76.5,JHAJJAR,HARYANA,D217,JHAJJAR,34.74
27-08-2025,28.5,76.5,JHAJJAR,HARYANA,D217,JHAJJAR,34.97
28-08-2025,28.5,76.5,JHAJJAR,HARYANA,D217,JHAJJAR,34.88
29-08-2025,28.5,76.5,JHAJJAR,HARYANA,D217,JHAJJAR,34.72
30-08-2025,28.5,76.5,JHAJJAR,HARYANA,D217,JHAJJAR,34.69
31-08-2025,28.5,76.5,JHAJJAR,HARYANA,D217,JHAJJAR,34.7
01-09-2025,28.5,76.5,JHAJJAR,HARYANA,D217,JHAJJAR,34.4
02-09-2025,28.5,76.5,JHAJJAR,HARYANA,D217,JHAJJAR,34.76
03-09-2025,28.5,76.5,JHAJJAR,HARYANA,D217,JHAJJAR,34.68
04-09-2025,28.5,76.5,JHAJJAR,HARYANA,D217,JHAJJAR,34.57
05-09-2025,28.5,76.5,JHAJJAR,HARYANA,D217,JHAJJAR,34.64
06-09-2025,28.5,76.5,JHAJJAR,HARYANA,D217,JHAJJAR,34.9
07-09-2025,28.5,76.5,JHAJJAR,HARYANA,D217,JHAJJAR,34.67
08-09-2025,28.5,76.5,JHAJJAR,HARYANA,D217,JHAJJAR,34.27
09-09-2025,28.5,76.5,JHAJJAR,HARYANA,D217,JHAJJAR,34.57
10-09-2025,28.5,76.5,JHAJJAR,HARYANA,D217,JHAJJAR,34.44
11-09-2025,28.5,76.5,JHAJJAR,HARYANA,D217,JHAJJAR,34.25
12-09-2025,28.5,76.5,JHAJJAR,HARYANA,D217,JHAJJAR,34.28
13-09-2025,28.5,76.5,JHAJJAR,HARYANA,D217,JHAJJAR,34.45
14-09-2025,28.5,76.5,JHAJJAR,HARYANA,D217,JHAJJAR,34.96
15-09-2025,28.5,76.5,JHAJJAR,HARYANA,D217,JHAJJAR,34.94
16-09-2025,28.5,76.5,JHAJJAR,HARYANA,D217,JHAJJAR,34.49
17-09-2025,28.5,76.5,JHAJJAR,HARYANA,D217,JHAJJAR,34.61
18-09-2025,28.5,76.5,JHAJJAR,HARYANA,D217,JHAJJAR,34.75
19-09-2025,28.5,76.5,JHAJJAR,HARYANA,D217,JHAJJAR,34.92
20-09-2025,28.5,76.5,JHAJJAR,HARYANA,D217,JHAJJAR,35.26
21-09-2025,28.5,76.5,JHAJJAR,HARYANA,D217,JHAJJAR,35.33
22-09-2025,28.5,76.5,JHAJJAR,HARYANA,D217,JHAJJAR,34.58
23-09-2025,28.5,76.5,JHAJJAR,HARYANA,D217,JHAJJAR,34.37
24-09-2025,28.5,76.5,JHAJJAR,HARYANA,D217,JHAJJAR,34.36
25-09-2025,28.5,76.5,JHAJJAR,HARYANA,D217,JHAJJAR,34.57
26-09-2025,28.5,76.5,JHAJJAR,HARYANA,D217,JHAJJAR,34.9
27-09-2025,28.5,76.5,JHAJJAR,HARYANA,D217,JHAJJAR,35.28
28-09-2025,28.5,76.5,JHAJJAR,HARYANA,D217,JHAJJAR,35.22
29-09-2025,28.5,76.5,JHAJJAR,HARYANA,D217,JHAJJAR,35.46
30-09-2025,28.5,76.5,JHAJJAR,HARYANA,D217,JHAJJAR,35.14
01-10-2025,28.5,76.5,JHAJJAR,HARYANA,D217,JHAJJAR,35.35
02-10-2025,28.5,76.5,JHAJJAR,HARYANA,D217,JHAJJAR,35.45
03-10-2025,28.5,76.5,JHAJJAR,HARYANA,D217,JHAJJAR,35.17
04-10-2025,28.5,76.5,JHAJJAR,HARYANA,D217,JHAJJAR,34.95
05-10-2025,28.5,76.5,JHAJJAR,HARYANA,D217,JHAJJAR,34.77
06-10-2025,28.5,76.5,JHAJJAR,HARYANA,D217,JHAJJAR,34.38
07-10-2025,28.5,76.5,JHAJJAR,HARYANA,D217,JHAJJAR,34.33
08-10-2025,28.5,76.5,JHAJJAR,HARYANA,D217,JHAJJAR,34.57
09-10-2025,28.5,76.5,JHAJJAR,HARYANA,D217,JHAJJAR,34.93
10-10-2025,28.5,76.5,JHAJJAR,HARYANA,D217,JHAJJAR,34.89
11-10-2025,28.5,76.5,JHAJJAR,HARYANA,D217,JHAJJAR,34.37
12-10-2025,28.5,76.5,JHAJJAR,HARYANA,D217,JHAJJAR,34.58
13-10-2025,28.5,76.5,JHAJJAR,HARYANA,D217,JHAJJAR,34.42
14-10-2025,28.5,76.5,JHAJJAR,HARYANA,D217,JHAJJAR,34.29
15-10-2025,28.5,76.5,JHAJJAR,HARYANA,D217,JHAJJAR,34.12
16-10-2025,28.5,76.5,JHAJJAR,HARYANA,D217,JHAJJAR,33.81
17-10-2025,28.5,76.5,JHAJJAR,HARYANA,D217,JHAJJAR,33.37
18-10-2025,28.5,76.5,JHAJJAR,HARYANA,D217,JHAJJAR,33.29
19-10-2025,28.5,76.5,JHAJJAR,HARYANA,D217,JHAJJAR,33.53
20-10-2025,28.5,76.5,JHAJJAR,HARYANA,D217,JHAJJAR,33.62
21-10-2025,28.5,76.5,JHAJJAR,HARYANA,D217,JHAJJAR,33.28
22-10-2025,28.5,76.5,JHAJJAR,HARYANA,D217,JHAJJAR,33.07
23-10-2025,28.5,76.5,JHAJJAR,HARYANA,D217,JHAJJAR,32.73
24-10-2025,28.5,76.5,JHAJJAR,HARYANA,D217,JHAJJAR,32.38
25-10-2025,28.5,76.5,JHAJJAR,HARYANA,D217,JHAJJAR,32.44
26-10-2025,28.5,76.5,JHAJJAR,HARYANA,D217,JHAJJAR,32.44
27-10-2025,28.5,76.5,JHAJJAR,HARYANA,D217,JHAJJAR,32.31
28-10-2025,28.5,76.5,JHAJJAR,HARYANA,D217,JHAJJAR,31.97
29-10-2025,28.5,76.5,JHAJJAR,HARYANA,D217,JHAJJAR,32.03
30-10-2025,28.5,76.5,JHAJJAR,HARYANA,D217,JHAJJAR,32.02
31-10-2025,28.5,76.5,JHAJJAR,HARYANA,D217,JHAJJAR,31.86
01-11-2025,28.5,76.5,JHAJJAR,HARYANA,D217,JHAJJAR,31.83
02-11-2025,28.5,76.5,JHAJJAR,HARYANA,D217,JHAJJAR,31.46
03-11-2025,28.5,76.5,JHAJJAR,HARYANA,D217,JHAJJAR,31.41
04-11-2025,28.5,76.5,JHAJJAR,HARYANA,D217,JHAJJAR,31.09
05-11-2025,28.5,76.5,JHAJJAR,HARYANA,D217,JHAJJAR,30.99
06-11-2025,28.5,76.5,JHAJJAR,HARYANA,D217,JHAJJAR,30.86
07-11-2025,28.5,76.5,JHAJJAR,HARYANA,D217,JHAJJAR,30.16
08-11-2025,28.5,76.5,JHAJJAR,HARYANA,D217,JHAJJAR,30.17
09-11-2025,28.5,76.5,JHAJJAR,HARYANA,D217,JHAJJAR,30.1
10-11-2025,28.5,76.5,JHAJJAR,HARYANA,D217,JHAJJAR,29.58
11-11-2025,28.5,76.5,JHAJJAR,HARYANA,D217,JHAJJAR,29.35
12-11-2025,28.5,76.5,JHAJJAR,HARYANA,D217,JHAJJAR,29.26
13-11-2025,28.5,76.5,JHAJJAR,HARYANA,D217,JHAJJAR,28.99
14-11-2025,28.5,76.5,JHAJJAR,HARYANA,D217,JHAJJAR,28.83
15-11-2025,28.5,76.5,JHAJJAR,HARYANA,D217,JHAJJAR,28.77
16-11-2025,28.5,76.5,JHAJJAR,HARYANA,D217,JHAJJAR,28.33
17-11-2025,28.5,76.5,JHAJJAR,HARYANA,D217,JHAJJAR,28.11
18-11-2025,28.5,76.5,JHAJJAR,HARYANA,D217,JHAJJAR,28.18
19-11-2025,28.5,76.5,JHAJJAR,HARYANA,D217,JHAJJAR,28.13
20-11-2025,28.5,76.5,JHAJJAR,HARYANA,D217,JHAJJAR,27.77
21-11-2025,28.5,76.5,JHAJJAR,HARYANA,D217,JHAJJAR,27.66
22-11-2025,28.5,76.5,JHAJJAR,HARYANA,D217,JHAJJAR,27.72
23-11-2025,28.5,76.5,JHAJJAR,HARYANA,D217,JHAJJAR,27.55
24-11-2025,28.5,76.5,JHAJJAR,HARYANA,D217,JHAJJAR,27.31
25-11-2025,28.5,76.5,JHAJJAR,HARYANA,D217,JHAJJAR,27.06
26-11-2025,28.5,76.5,JHAJJAR,HARYANA,D217,JHAJJAR,27.02
27-11-2025,28.5,76.5,JHAJJAR,HARYANA,D217,JHAJJAR,26.58
28-11-2025,28.5,76.5,JHAJJAR,HARYANA,D217,JHAJJAR,26.56
29-11-2025,28.5,76.5,JHAJJAR,HARYANA,D217,JHAJJAR,26.4
30-11-2025,28.5,76.5,JHAJJAR,HARYANA,D217,JHAJJAR,26.29
01-12-2025,28.5,76.5,JHAJJAR,HARYANA,D217,JHAJJAR,25.75
02-12-2025,28.5,76.5,JHAJJAR,HARYANA,D217,JHAJJAR,25.4
03-12-2025,28.5,76.5,JHAJJAR,HARYANA,D217,JHAJJAR,25.66
04-12-2025,28.5,76.5,JHAJJAR,HARYANA,D217,JHAJJAR,25.75
05-12-2025,28.5,76.5,JHAJJAR,HARYANA,D217,JHAJJAR,25.63
06-12-2025,28.5,76.5,JHAJJAR,HARYANA,D217,JHAJJAR,25.61
07-12-2025,28.5,76.5,JHAJJAR,HARYANA,D217,JHAJJAR,25.52
08-12-2025,28.5,76.5,JHAJJAR,HARYANA,D217,JHAJJAR,25.29
09-12-2025,28.5,76.5,JHAJJAR,HARYANA,D217,JHAJJAR,24.94
10-12-2025,28.5,76.5,JHAJJAR,HARYANA,D217,JHAJJAR,24.55
11-12-2025,28.5,76.5,JHAJJAR,HARYANA,D217,JHAJJAR,24.17
12-12-2025,28.5,76.5,JHAJJAR,HARYANA,D217,JHAJJAR,23.46
13-12-2025,28.5,76.5,JHAJJAR,HARYANA,D217,JHAJJAR,22.99
14-12-2025,28.5,76.5,JHAJJAR,HARYANA,D217,JHAJJAR,22.73
15-12-2025,28.5,76.5,JHAJJAR,HARYANA,D217,JHAJJAR,22.99
16-12-2025,28.5,76.5,JHAJJAR,HARYANA,D217,JHAJJAR,22.78
17-12-2025,28.5,76.5,JHAJJAR,HARYANA,D217,JHAJJAR,22.82
18-12-2025,28.5,76.5,JHAJJAR,HARYANA,D217,JHAJJAR,22.67
19-12-2025,28.5,76.5,JHAJJAR,HARYANA,D217,JHAJJAR,22.25
20-12-2025,28.5,76.5,JHAJJAR,HARYANA,D217,JHAJJAR,22.17
21-12-2025,28.5,76.5,JHAJJAR,HARYANA,D217,JHAJJAR,21.73
22-12-2025,28.5,76.5,JHAJJAR,HARYANA,D217,JHAJJAR,21.74
23-12-2025,28.5,76.5,JHAJJAR,HARYANA,D217,JHAJJAR,21.1
24-12-2025,28.5,76.5,JHAJJAR,HARYANA,D217,JHAJJAR,20.93
25-12-2025,28.5,76.5,JHAJJAR,HARYANA,D217,JHAJJAR,20.45
26-12-2025,28.5,76.5,JHAJJAR,HARYANA,D217,JHAJJAR,20.83
27-12-2025,28.5,76.5,JHAJJAR,HARYANA,D217,JHAJJAR,20.77
28-12-2025,28.5,76.5,JHAJJAR,HARYANA,D217,JHAJJAR,20.52
29-12-2025,28.5,76.5,JHAJJAR,HARYANA,D217,JHAJJAR,20.42
30-12-2025,28.5,76.5,JHAJJAR,HARYANA,D217,JHAJJAR,20.15
31-12-2025,28.5,76.5,JHAJJAR,HARYANA,D217,JHAJJAR,19.37
01-01-2025,29.5,76.5,JIND,HARYANA,D218,JULANA,18.27
02-01-2025,29.5,76.5,JIND,HARYANA,D218,JULANA,18.45
03-01-2025,29.5,76.5,JIND,HARYANA,D218,JULANA,18.3
04-01-2025,29.5,76.5,JIND,HARYANA,D218,JULANA,18.68
05-01-2025,29.5,76.5,JIND,HARYANA,D218,JULANA,18.16
06-01-2025,29.5,76.5,JIND,HARYANA,D218,JULANA,18.37
07-01-2025,29.5,76.5,JIND,HARYANA,D218,JULANA,18.23
08-01-2025,29.5,76.5,JIND,HARYANA,D218,JULANA,17.94
09-01-2025,29.5,76.5,JIND,HARYANA,D218,JULANA,17.97
10-01-2025,29.5,76.5,JIND,HARYANA,D218,JULANA,18.27
11-01-2025,29.5,76.5,JIND,HARYANA,D218,JULANA,18.87
12-01-2025,29.5,76.5,JIND,HARYANA,D218,JULANA,19.34
13-01-2025,29.5,76.5,JIND,HARYANA,D218,JULANA,19.63
14-01-2025,29.5,76.5,JIND,HARYANA,D218,JULANA,19.5
15-01-2025,29.5,76.5,JIND,HARYANA,D218,JULANA,19.14
16-01-2025,29.5,76.5,JIND,HARYANA,D218,JULANA,19.11
17-01-2025,29.5,76.5,JIND,HARYANA,D218,JULANA,18.3
18-01-2025,29.5,76.5,JIND,HARYANA,D218,JULANA,18.75
19-01-2025,29.5,76.5,JIND,HARYANA,D218,JULANA,19.11
20-01-2025,29.5,76.5,JIND,HARYANA,D218,JULANA,19.16
21-01-2025,29.5,76.5,JIND,HARYANA,D218,JULANA,19.3
22-01-2025,29.5,76.5,JIND,HARYANA,D218,JULANA,19.11
23-01-2025,29.5,76.5,JIND,HARYANA,D218,JULANA,19.82
24-01-2025,29.5,76.5,JIND,HARYANA,D218,JULANA,19.38
25-01-2025,29.5,76.5,JIND,HARYANA,D218,JULANA,19.6
26-01-2025,29.5,76.5,JIND,HARYANA,D218,JULANA,19.96
27-01-2025,29.5,76.5,JIND,HARYANA,D218,JULANA,20.9
28-01-2025,29.5,76.5,JIND,HARYANA,D218,JULANA,21.15
29-01-2025,29.5,76.5,JIND,HARYANA,D218,JULANA,21.33
30-01-2025,29.5,76.5,JIND,HARYANA,D218,JULANA,21.52
31-01-2025,29.5,76.5,JIND,HARYANA,D218,JULANA,21.22
01-02-2025,29.5,76.5,JIND,HARYANA,D218,JULANA,21.59
02-02-2025,29.5,76.5,JIND,HARYANA,D218,JULANA,21.88
03-02-2025,29.5,76.5,JIND,HARYANA,D218,JULANA,21.85
04-02-2025,29.5,76.5,JIND,HARYANA,D218,JULANA,21.88
05-02-2025,29.5,76.5,JIND,HARYANA,D218,JULANA,22.07
06-02-2025,29.5,76.5,JIND,HARYANA,D218,JULANA,22.4
07-02-2025,29.5,76.5,JIND,HARYANA,D218,JULANA,22.18
08-02-2025,29.5,76.5,JIND,HARYANA,D218,JULANA,22.33
09-02-2025,29.5,76.5,JIND,HARYANA,D218,JULANA,22.84
10-02-2025,29.5,76.5,JIND,HARYANA,D218,JULANA,23
11-02-2025,29.5,76.5,JIND,HARYANA,D218,JULANA,22.84
12-02-2025,29.5,76.5,JIND,HARYANA,D218,JULANA,23.05
13-02-2025,29.5,76.5,JIND,HARYANA,D218,JULANA,23.59
14-02-2025,29.5,76.5,JIND,HARYANA,D218,JULANA,23.89
15-02-2025,29.5,76.5,JIND,HARYANA,D218,JULANA,23.57
16-02-2025,29.5,76.5,JIND,HARYANA,D218,JULANA,24.06
17-02-2025,29.5,76.5,JIND,HARYANA,D218,JULANA,24.52
18-02-2025,29.5,76.5,JIND,HARYANA,D218,JULANA,25.07
19-02-2025,29.5,76.5,JIND,HARYANA,D218,JULANA,25.34
20-02-2025,29.5,76.5,JIND,HARYANA,D218,JULANA,25.12
21-02-2025,29.5,76.5,JIND,HARYANA,D218,JULANA,25.31
22-02-2025,29.5,76.5,JIND,HARYANA,D218,JULANA,25.46
23-02-2025,29.5,76.5,JIND,HARYANA,D218,JULANA,25.32
24-02-2025,29.5,76.5,JIND,HARYANA,D218,JULANA,25.21
25-02-2025,29.5,76.5,JIND,HARYANA,D218,JULANA,25.78
26-02-2025,29.5,76.5,JIND,HARYANA,D218,JULANA,25.5
27-02-2025,29.5,76.5,JIND,HARYANA,D218,JULANA,25.52
28-02-2025,29.5,76.5,JIND,HARYANA,D218,JULANA,25.85
29-02-2025,29.5,76.5,JIND,HARYANA,D218,JULANA,27.47
01-03-2025,29.5,76.5,JIND,HARYANA,D218,JULANA,25.76
02-03-2025,29.5,76.5,JIND,HARYANA,D218,JULANA,25.94
03-03-2025,29.5,76.5,JIND,HARYANA,D218,JULANA,26.25
04-03-2025,29.5,76.5,JIND,HARYANA,D218,JULANA,26.31
05-03-2025,29.5,76.5,JIND,HARYANA,D218,JULANA,26.49
06-03-2025,29.5,76.5,JIND,HARYANA,D218,JULANA,26.86
07-03-2025,29.5,76.5,JIND,HARYANA,D218,JULANA,27.51
08-03-2025,29.5,76.5,JIND,HARYANA,D218,JULANA,27.85
09-03-2025,29.5,76.5,JIND,HARYANA,D218,JULANA,27.92
10-03-2025,29.5,76.5,JIND,HARYANA,D218,JULANA,27.77
11-03-2025,29.5,76.5,JIND,HARYANA,D218,JULANA,28.08
12-03-2025,29.5,76.5,JIND,HARYANA,D218,JULANA,28.38
13-03-2025,29.5,76.5,JIND,HARYANA,D218,JULANA,28.39
14-03-2025,29.5,76.5,JIND,HARYANA,D218,JULANA,28.08
15-03-2025,29.5,76.5,JIND,HARYANA,D218,JULANA,28.27
16-03-2025,29.5,76.5,JIND,HARYANA,D218,JULANA,29.06
17-03-2025,29.5,76.5,JIND,HARYANA,D218,JULANA,30.1
18-03-2025,29.5,76.5,JIND,HARYANA,D218,JULANA,30.55
19-03-2025,29.5,76.5,JIND,HARYANA,D218,JULANA,30.79
20-03-2025,29.5,76.5,JIND,HARYANA,D218,JULANA,31.11
21-03-2025,29.5,76.5,JIND,HARYANA,D218,JULANA,30.67
22-03-2025,29.5,76.5,JIND,HARYANA,D218,JULANA,30.63
23-03-2025,29.5,76.5,JIND,HARYANA,D218,JULANA,31.37
24-03-2025,29.5,76.5,JIND,HARYANA,D218,JULANA,31.33
25-03-2025,29.5,76.5,JIND,HARYANA,D218,JULANA,31.59
26-03-2025,29.5,76.5,JIND,HARYANA,D218,JULANA,32.02
27-03-2025,29.5,76.5,JIND,HARYANA,D218,JULANA,32.04
28-03-2025,29.5,76.5,JIND,HARYANA,D218,JULANA,32.62
29-03-2025,29.5,76.5,JIND,HARYANA,D218,JULANA,32.66
30-03-2025,29.5,76.5,JIND,HARYANA,D218,JULANA,32.89
31-03-2025,29.5,76.5,JIND,HARYANA,D218,JULANA,32.86
01-04-2025,29.5,76.5,JIND,HARYANA,D218,JULANA,33.53
02-04-2025,29.5,76.5,JIND,HARYANA,D218,JULANA,34.09
03-04-2025,29.5,76.5,JIND,HARYANA,D218,JULANA,33.93
04-04-2025,29.5,76.5,JIND,HARYANA,D218,JULANA,33.95
05-04-2025,29.5,76.5,JIND,HARYANA,D218,JULANA,34.35
06-04-2025,29.5,76.5,JIND,HARYANA,D218,JULANA,35
07-04-2025,29.5,76.5,JIND,HARYANA,D218,JULANA,34.73
08-04-2025,29.5,76.5,JIND,HARYANA,D218,JULANA,35.47
09-04-2025,29.5,76.5,JIND,HARYANA,D218,JULANA,35.7
10-04-2025,29.5,76.5,JIND,HARYANA,D218,JULANA,35.86
11-04-2025,29.5,76.5,JIND,HARYANA,D218,JULANA,36.11
12-04-2025,29.5,76.5,JIND,HARYANA,D218,JULANA,36.31
13-04-2025,29.5,76.5,JIND,HARYANA,D218,JULANA,36.62
14-04-2025,29.5,76.5,JIND,HARYANA,D218,JULANA,37.08
15-04-2025,29.5,76.5,JIND,HARYANA,D218,JULANA,37.76
16-04-2025,29.5,76.5,JIND,HARYANA,D218,JULANA,37.39
17-04-2025,29.5,76.5,JIND,HARYANA,D218,JULANA,36.88
18-04-2025,29.5,76.5,JIND,HARYANA,D218,JULANA,36.76
19-04-2025,29.5,76.5,JIND,HARYANA,D218,JULANA,37.34
20-04-2025,29.5,76.5,JIND,HARYANA,D218,JULANA,37.27
21-04-2025,29.5,76.5,JIND,HARYANA,D218,JULANA,36.94
22-04-2025,29.5,76.5,JIND,HARYANA,D218,JULANA,37.38
23-04-2025,29.5,76.5,JIND,HARYANA,D218,JULANA,37.47
24-04-2025,29.5,76.5,JIND,HARYANA,D218,JULANA,38.05
25-04-2025,29.5,76.5,JIND,HARYANA,D218,JULANA,38.74
26-04-2025,29.5,76.5,JIND,HARYANA,D218,JULANA,38.8
27-04-2025,29.5,76.5,JIND,HARYANA,D218,JULANA,38.51
28-04-2025,29.5,76.5,JIND,HARYANA,D218,JULANA,38.92
29-04-2025,29.5,76.5,JIND,HARYANA,D218,JULANA,38.86
30-04-2025,29.5,76.5,JIND,HARYANA,D218,JULANA,39.08
01-05-2025,29.5,76.5,JIND,HARYANA,D218,JULANA,38.72
02-05-2025,29.5,76.5,JIND,HARYANA,D218,JULANA,38.14
03-05-2025,29.5,76.5,JIND,HARYANA,D218,JULANA,38.29
04-05-2025,29.5,76.5,JIND,HARYANA,D218,JULANA,38.56
05-05-2025,29.5,76.5,JIND,HARYANA,D218,JULANA,38.13
06-05-2025,29.5,76.5,JIND,HARYANA,D218,JULANA,38.57
07-05-2025,29.5,76.5,JIND,HARYANA,D218,JULANA,38.96
08-05-2025,29.5,76.5,JIND,HARYANA,D218,JULANA,39.14
09-05-2025,29.5,76.5,JIND,HARYANA,D218,JULANA,39.32
10-05-2025,29.5,76.5,JIND,HARYANA,D218,JULANA,39.23
11-05-2025,29.5,76.5,JIND,HARYANA,D218,JULANA,39.1
12-05-2025,29.5,76.5,JIND,HARYANA,D218,JULANA,39.04
13-05-2025,29.5,76.5,JIND,HARYANA,D218,JULANA,39.06
14-05-2025,29.5,76.5,JIND,HARYANA,D218,JULANA,39.51
15-05-2025,29.5,76.5,JIND,HARYANA,D218,JULANA,40.15
16-05-2025,29.5,76.5,JIND,HARYANA,D218,JULANA,40.35
17-05-2025,29.5,76.5,JIND,HARYANA,D218,JULANA,40.26
18-05-2025,29.5,76.5,JIND,HARYANA,D218,JULANA,40.01
19-05-2025,29.5,76.5,JIND,HARYANA,D218,JULANA,40.18
20-05-2025,29.5,76.5,JIND,HARYANA,D218,JULANA,40.3
21-05-2025,29.5,76.5,JIND,HARYANA,D218,JULANA,40.07
22-05-2025,29.5,76.5,JIND,HARYANA,D218,JULANA,40.21
23-05-2025,29.5,76.5,JIND,HARYANA,D218,JULANA,39.84
24-05-2025,29.5,76.5,JIND,HARYANA,D218,JULANA,39.31
25-05-2025,29.5,76.5,JIND,HARYANA,D218,JULANA,39.93
26-05-2025,29.5,76.5,JIND,HARYANA,D218,JULANA,40.49
27-05-2025,29.5,76.5,JIND,HARYANA,D218,JULANA,40.44
28-05-2025,29.5,76.5,JIND,HARYANA,D218,JULANA,40.46
29-05-2025,29.5,76.5,JIND,HARYANA,D218,JULANA,40.06
30-05-2025,29.5,76.5,JIND,HARYANA,D218,JULANA,39.8
31-05-2025,29.5,76.5,JIND,HARYANA,D218,JULANA,40.32
01-06-2025,29.5,76.5,JIND,HARYANA,D218,JULANA,39.3
02-06-2025,29.5,76.5,JIND,HARYANA,D218,JULANA,39.42
03-06-2025,29.5,76.5,JIND,HARYANA,D218,JULANA,39.83
04-06-2025,29.5,76.5,JIND,HARYANA,D218,JULANA,40.27
05-06-2025,29.5,76.5,JIND,HARYANA,D218,JULANA,40.14
06-06-2025,29.5,76.5,JIND,HARYANA,D218,JULANA,39.68
07-06-2025,29.5,76.5,JIND,HARYANA,D218,JULANA,39.3
08-06-2025,29.5,76.5,JIND,HARYANA,D218,JULANA,39.68
09-06-2025,29.5,76.5,JIND,HARYANA,D218,JULANA,40.3
10-06-2025,29.5,76.5,JIND,HARYANA,D218,JULANA,40.36
11-06-2025,29.5,76.5,JIND,HARYANA,D218,JULANA,40.15
12-06-2025,29.5,76.5,JIND,HARYANA,D218,JULANA,40.26
13-06-2025,29.5,76.5,JIND,HARYANA,D218,JULANA,39.57
14-06-2025,29.5,76.5,JIND,HARYANA,D218,JULANA,39.44
15-06-2025,29.5,76.5,JIND,HARYANA,D218,JULANA,38.74
16-06-2025,29.5,76.5,JIND,HARYANA,D218,JULANA,38.54
17-06-2025,29.5,76.5,JIND,HARYANA,D218,JULANA,37.78
18-06-2025,29.5,76.5,JIND,HARYANA,D218,JULANA,37.29
19-06-2025,29.5,76.5,JIND,HARYANA,D218,JULANA,37.81
20-06-2025,29.5,76.5,JIND,HARYANA,D218,JULANA,37.71
21-06-2025,29.5,76.5,JIND,HARYANA,D218,JULANA,37.67
22-06-2025,29.5,76.5,JIND,HARYANA,D218,JULANA,38.13
23-06-2025,29.5,76.5,JIND,HARYANA,D218,JULANA,38.36
24-06-2025,29.5,76.5,JIND,HARYANA,D218,JULANA,37.75
25-06-2025,29.5,76.5,JIND,HARYANA,D218,JULANA,36.89
26-06-2025,29.5,76.5,JIND,HARYANA,D218,JULANA,37.24
27-06-2025,29.5,76.5,JIND,HARYANA,D218,JULANA,36.92
28-06-2025,29.5,76.5,JIND,HARYANA,D218,JULANA,36.91
29-06-2025,29.5,76.5,JIND,HARYANA,D218,JULANA,36.58
30-06-2025,29.5,76.5,JIND,HARYANA,D218,JULANA,36.2
01-07-2025,29.5,76.5,JIND,HARYANA,D218,JULANA,36.08
02-07-2025,29.5,76.5,JIND,HARYANA,D218,JULANA,36.27
03-07-2025,29.5,76.5,JIND,HARYANA,D218,JULANA,36.48
04-07-2025,29.5,76.5,JIND,HARYANA,D218,JULANA,36.3
05-07-2025,29.5,76.5,JIND,HARYANA,D218,JULANA,36.47
06-07-2025,29.5,76.5,JIND,HARYANA,D218,JULANA,35.59
07-07-2025,29.5,76.5,JIND,HARYANA,D218,JULANA,36.1
08-07-2025,29.5,76.5,JIND,HARYANA,D218,JULANA,35.96
09-07-2025,29.5,76.5,JIND,HARYANA,D218,JULANA,35.51
10-07-2025,29.5,76.5,JIND,HARYANA,D218,JULANA,35.58
11-07-2025,29.5,76.5,JIND,HARYANA,D218,JULANA,35.46
12-07-2025,29.5,76.5,JIND,HARYANA,D218,JULANA,34.72
13-07-2025,29.5,76.5,JIND,HARYANA,D218,JULANA,34.89
14-07-2025,29.5,76.5,JIND,HARYANA,D218,JULANA,34.84
15-07-2025,29.5,76.5,JIND,HARYANA,D218,JULANA,34.81
16-07-2025,29.5,76.5,JIND,HARYANA,D218,JULANA,34.65
17-07-2025,29.5,76.5,JIND,HARYANA,D218,JULANA,34.51
18-07-2025,29.5,76.5,JIND,HARYANA,D218,JULANA,35.04
19-07-2025,29.5,76.5,JIND,HARYANA,D218,JULANA,35
20-07-2025,29.5,76.5,JIND,HARYANA,D218,JULANA,34.72
21-07-2025,29.5,76.5,JIND,HARYANA,D218,JULANA,34.7
22-07-2025,29.5,76.5,JIND,HARYANA,D218,JULANA,33.99
23-07-2025,29.5,76.5,JIND,HARYANA,D218,JULANA,34.49
24-07-2025,29.5,76.5,JIND,HARYANA,D218,JULANA,34.74
25-07-2025,29.5,76.5,JIND,HARYANA,D218,JULANA,34.72
26-07-2025,29.5,76.5,JIND,HARYANA,D218,JULANA,34.59
27-07-2025,29.5,76.5,JIND,HARYANA,D218,JULANA,34.19
28-07-2025,29.5,76.5,JIND,HARYANA,D218,JULANA,33.98
29-07-2025,29.5,76.5,JIND,HARYANA,D218,JULANA,33.7
30-07-2025,29.5,76.5,JIND,HARYANA,D218,JULANA,33.87
31-07-2025,29.5,76.5,JIND,HARYANA,D218,JULANA,33.87
01-08-2025,29.5,76.5,JIND,HARYANA,D218,JULANA,33.63
02-08-2025,29.5,76.5,JIND,HARYANA,D218,JULANA,34.15
03-08-2025,29.5,76.5,JIND,HARYANA,D218,JULANA,33.83
04-08-2025,29.5,76.5,JIND,HARYANA,D218,JULANA,33.33
05-08-2025,29.5,76.5,JIND,HARYANA,D218,JULANA,33.72
06-08-2025,29.5,76.5,JIND,HARYANA,D218,JULANA,33.99
07-08-2025,29.5,76.5,JIND,HARYANA,D218,JULANA,33.78
08-08-2025,29.5,76.5,JIND,HARYANA,D218,JULANA,34.16
09-08-2025,29.5,76.5,JIND,HARYANA,D218,JULANA,33.79
10-08-2025,29.5,76.5,JIND,HARYANA,D218,JULANA,33.91
11-08-2025,29.5,76.5,JIND,HARYANA,D218,JULANA,33.73
12-08-2025,29.5,76.5,JIND,HARYANA,D218,JULANA,34.03
13-08-2025,29.5,76.5,JIND,HARYANA,D218,JULANA,33.83
14-08-2025,29.5,76.5,JIND,HARYANA,D218,JULANA,33.55
15-08-2025,29.5,76.5,JIND,HARYANA,D218,JULANA,33.12
16-08-2025,29.5,76.5,JIND,HARYANA,D218,JULANA,33.65
17-08-2025,29.5,76.5,JIND,HARYANA,D218,JULANA,33.73
18-08-2025,29.5,76.5,JIND,HARYANA,D218,JULANA,34.44
19-08-2025,29.5,76.5,JIND,HARYANA,D218,JULANA,34.1
20-08-2025,29.5,76.5,JIND,HARYANA,D218,JULANA,33.85
21-08-2025,29.5,76.5,JIND,HARYANA,D218,JULANA,33.93
22-08-2025,29.5,76.5,JIND,HARYANA,D218,JULANA,34.02
23-08-2025,29.5,76.5,JIND,HARYANA,D218,JULANA,33.64
24-08-2025,29.5,76.5,JIND,HARYANA,D218,JULANA,33.78
25-08-2025,29.5,76.5,JIND,HARYANA,D218,JULANA,33.81
26-08-2025,29.5,76.5,JIND,HARYANA,D218,JULANA,34.11
27-08-2025,29.5,76.5,JIND,HARYANA,D218,JULANA,34.38
28-08-2025,29.5,76.5,JIND,HARYANA,D218,JULANA,34.16
29-08-2025,29.5,76.5,JIND,HARYANA,D218,JULANA,33.79
30-08-2025,29.5,76.5,JIND,HARYANA,D218,JULANA,34.22
31-08-2025,29.5,76.5,JIND,HARYANA,D218,JULANA,34.04
01-09-2025,29.5,76.5,JIND,HARYANA,D218,JULANA,33.87
02-09-2025,29.5,76.5,JIND,HARYANA,D218,JULANA,33.97
03-09-2025,29.5,76.5,JIND,HARYANA,D218,JULANA,33.91
04-09-2025,29.5,76.5,JIND,HARYANA,D218,JULANA,33.8
05-09-2025,29.5,76.5,JIND,HARYANA,D218,JULANA,34.1
06-09-2025,29.5,76.5,JIND,HARYANA,D218,JULANA,34.24
07-09-2025,29.5,76.5,JIND,HARYANA,D218,JULANA,33.99
08-09-2025,29.5,76.5,JIND,HARYANA,D218,JULANA,33.51
09-09-2025,29.5,76.5,JIND,HARYANA,D218,JULANA,33.88
10-09-2025,29.5,76.5,JIND,HARYANA,D218,JULANA,33.83
11-09-2025,29.5,76.5,JIND,HARYANA,D218,JULANA,33.62
12-09-2025,29.5,76.5,JIND,HARYANA,D218,JULANA,33.6
13-09-2025,29.5,76.5,JIND,HARYANA,D218,JULANA,33.52
14-09-2025,29.5,76.5,JIND,HARYANA,D218,JULANA,33.92
15-09-2025,29.5,76.5,JIND,HARYANA,D218,JULANA,34.12
16-09-2025,29.5,76.5,JIND,HARYANA,D218,JULANA,33.63
17-09-2025,29.5,76.5,JIND,HARYANA,D218,JULANA,33.87
18-09-2025,29.5,76.5,JIND,HARYANA,D218,JULANA,34.03
19-09-2025,29.5,76.5,JIND,HARYANA,D218,JULANA,33.96
20-09-2025,29.5,76.5,JIND,HARYANA,D218,JULANA,34.39
21-09-2025,29.5,76.5,JIND,HARYANA,D218,JULANA,34.34
22-09-2025,29.5,76.5,JIND,HARYANA,D218,JULANA,33.66
23-09-2025,29.5,76.5,JIND,HARYANA,D218,JULANA,33.36
24-09-2025,29.5,76.5,JIND,HARYANA,D218,JULANA,33.37
25-09-2025,29.5,76.5,JIND,HARYANA,D218,JULANA,33.68
26-09-2025,29.5,76.5,JIND,HARYANA,D218,JULANA,33.84
27-09-2025,29.5,76.5,JIND,HARYANA,D218,JULANA,34.31
28-09-2025,29.5,76.5,JIND,HARYANA,D218,JULANA,34.28
29-09-2025,29.5,76.5,JIND,HARYANA,D218,JULANA,34.37
30-09-2025,29.5,76.5,JIND,HARYANA,D218,JULANA,34.29
01-10-2025,29.5,76.5,JIND,HARYANA,D218,JULANA,34.35
02-10-2025,29.5,76.5,JIND,HARYANA,D218,JULANA,34.5
03-10-2025,29.5,76.5,JIND,HARYANA,D218,JULANA,34.26
04-10-2025,29.5,76.5,JIND,HARYANA,D218,JULANA,34.06
05-10-2025,29.5,76.5,JIND,HARYANA,D218,JULANA,33.96
06-10-2025,29.5,76.5,JIND,HARYANA,D218,JULANA,33.58
07-10-2025,29.5,76.5,JIND,HARYANA,D218,JULANA,33.54
08-10-2025,29.5,76.5,JIND,HARYANA,D218,JULANA,33.7
09-10-2025,29.5,76.5,JIND,HARYANA,D218,JULANA,33.86
10-10-2025,29.5,76.5,JIND,HARYANA,D218,JULANA,33.87
11-10-2025,29.5,76.5,JIND,HARYANA,D218,JULANA,33.31
12-10-2025,29.5,76.5,JIND,HARYANA,D218,JULANA,33.41
13-10-2025,29.5,76.5,JIND,HARYANA,D218,JULANA,33.31
14-10-2025,29.5,76.5,JIND,HARYANA,D218,JULANA,33.34
15-10-2025,29.5,76.5,JIND,HARYANA,D218,JULANA,33.2
16-10-2025,29.5,76.5,JIND,HARYANA,D218,JULANA,32.88
17-10-2025,29.5,76.5,JIND,HARYANA,D218,JULANA,32.34
18-10-2025,29.5,76.5,JIND,HARYANA,D218,JULANA,32.34
19-10-2025,29.5,76.5,JIND,HARYANA,D218,JULANA,32.5
20-10-2025,29.5,76.5,JIND,HARYANA,D218,JULANA,32.56
21-10-2025,29.5,76.5,JIND,HARYANA,D218,JULANA,32.25
22-10-2025,29.5,76.5,JIND,HARYANA,D218,JULANA,32.07
23-10-2025,29.5,76.5,JIND,HARYANA,D218,JULANA,31.74
24-10-2025,29.5,76.5,JIND,HARYANA,D218,JULANA,31.41
25-10-2025,29.5,76.5,JIND,HARYANA,D218,JULANA,31.5
26-10-2025,29.5,76.5,JIND,HARYANA,D218,JULANA,31.35
27-10-2025,29.5,76.5,JIND,HARYANA,D218,JULANA,31.29
28-10-2025,29.5,76.5,JIND,HARYANA,D218,JULANA,30.92
29-10-2025,29.5,76.5,JIND,HARYANA,D218,JULANA,31.02
30-10-2025,29.5,76.5,JIND,HARYANA,D218,JULANA,31.05
31-10-2025,29.5,76.5,JIND,HARYANA,D218,JULANA,30.79
01-11-2025,29.5,76.5,JIND,HARYANA,D218,JULANA,30.93
02-11-2025,29.5,76.5,JIND,HARYANA,D218,JULANA,30.5
03-11-2025,29.5,76.5,JIND,HARYANA,D218,JULANA,30.35
04-11-2025,29.5,76.5,JIND,HARYANA,D218,JULANA,30.15
05-11-2025,29.5,76.5,JIND,HARYANA,D218,JULANA,29.98
06-11-2025,29.5,76.5,JIND,HARYANA,D218,JULANA,29.85
07-11-2025,29.5,76.5,JIND,HARYANA,D218,JULANA,29.21
08-11-2025,29.5,76.5,JIND,HARYANA,D218,JULANA,29.33
09-11-2025,29.5,76.5,JIND,HARYANA,D218,JULANA,29.12
10-11-2025,29.5,76.5,JIND,HARYANA,D218,JULANA,28.79
11-11-2025,29.5,76.5,JIND,HARYANA,D218,JULANA,28.56
12-11-2025,29.5,76.5,JIND,HARYANA,D218,JULANA,28.47
13-11-2025,29.5,76.5,JIND,HARYANA,D218,JULANA,28.04
14-11-2025,29.5,76.5,JIND,HARYANA,D218,JULANA,27.98
15-11-2025,29.5,76.5,JIND,HARYANA,D218,JULANA,27.8
16-11-2025,29.5,76.5,JIND,HARYANA,D218,JULANA,27.46
17-11-2025,29.5,76.5,JIND,HARYANA,D218,JULANA,27.46
18-11-2025,29.5,76.5,JIND,HARYANA,D218,JULANA,27.47
19-11-2025,29.5,76.5,JIND,HARYANA,D218,JULANA,27.34
20-11-2025,29.5,76.5,JIND,HARYANA,D218,JULANA,27.06
21-11-2025,29.5,76.5,JIND,HARYANA,D218,JULANA,26.91
22-11-2025,29.5,76.5,JIND,HARYANA,D218,JULANA,26.88
23-11-2025,29.5,76.5,JIND,HARYANA,D218,JULANA,26.72
24-11-2025,29.5,76.5,JIND,HARYANA,D218,JULANA,26.53
25-11-2025,29.5,76.5,JIND,HARYANA,D218,JULANA,26.18
26-11-2025,29.5,76.5,JIND,HARYANA,D218,JULANA,26.01
27-11-2025,29.5,76.5,JIND,HARYANA,D218,JULANA,25.74
28-11-2025,29.5,76.5,JIND,HARYANA,D218,JULANA,25.67
29-11-2025,29.5,76.5,JIND,HARYANA,D218,JULANA,25.7
30-11-2025,29.5,76.5,JIND,HARYANA,D218,JULANA,25.55
01-12-2025,29.5,76.5,JIND,HARYANA,D218,JULANA,25.05
02-12-2025,29.5,76.5,JIND,HARYANA,D218,JULANA,24.69
03-12-2025,29.5,76.5,JIND,HARYANA,D218,JULANA,24.96
04-12-2025,29.5,76.5,JIND,HARYANA,D218,JULANA,25.07
05-12-2025,29.5,76.5,JIND,HARYANA,D218,JULANA,24.79
06-12-2025,29.5,76.5,JIND,HARYANA,D218,JULANA,24.79
07-12-2025,29.5,76.5,JIND,HARYANA,D218,JULANA,24.62
08-12-2025,29.5,76.5,JIND,HARYANA,D218,JULANA,24.4
09-12-2025,29.5,76.5,JIND,HARYANA,D218,JULANA,23.99
10-12-2025,29.5,76.5,JIND,HARYANA,D218,JULANA,23.41
11-12-2025,29.5,76.5,JIND,HARYANA,D218,JULANA,23.17
12-12-2025,29.5,76.5,JIND,HARYANA,D218,JULANA,22.5
13-12-2025,29.5,76.5,JIND,HARYANA,D218,JULANA,22.17
14-12-2025,29.5,76.5,JIND,HARYANA,D218,JULANA,21.88
15-12-2025,29.5,76.5,JIND,HARYANA,D218,JULANA,22.09
16-12-2025,29.5,76.5,JIND,HARYANA,D218,JULANA,21.85
17-12-2025,29.5,76.5,JIND,HARYANA,D218,JULANA,22.01
18-12-2025,29.5,76.5,JIND,HARYANA,D218,JULANA,21.73
19-12-2025,29.5,76.5,JIND,HARYANA,D218,JULANA,21.48
20-12-2025,29.5,76.5,JIND,HARYANA,D218,JULANA,21.12
21-12-2025,29.5,76.5,JIND,HARYANA,D218,JULANA,20.84
22-12-2025,29.5,76.5,JIND,HARYANA,D218,JULANA,21.06
23-12-2025,29.5,76.5,JIND,HARYANA,D218,JULANA,20.45
24-12-2025,29.5,76.5,JIND,HARYANA,D218,JULANA,20.35
25-12-2025,29.5,76.5,JIND,HARYANA,D218,JULANA,19.71
26-12-2025,29.5,76.5,JIND,HARYANA,D218,JULANA,19.7
27-12-2025,29.5,76.5,JIND,HARYANA,D218,JULANA,19.8
28-12-2025,29.5,76.5,JIND,HARYANA,D218,JULANA,19.74
29-12-2025,29.5,76.5,JIND,HARYANA,D218,JULANA,19.4
30-12-2025,29.5,76.5,JIND,HARYANA,D218,JULANA,19.34
31-12-2025,29.5,76.5,JIND,HARYANA,D218,JULANA,18.51
01-01-2025,31.5,75.5,KAPURTHALA,PUNJAB,D529,SULTANPUR LODHI,17.51
02-01-2025,31.5,75.5,KAPURTHALA,PUNJAB,D529,SULTANPUR LODHI,17.8
03-01-2025,31.5,75.5,KAPURTHALA,PUNJAB,D529,SULTANPUR LODHI,17.48
04-01-2025,31.5,75.5,KAPURTHALA,PUNJAB,D529,SULTANPUR LODHI,17.27
05-01-2025,31.5,75.5,KAPURTHALA,PUNJAB,D529,SULTANPUR LODHI,16.66
06-01-2025,31.5,75.5,KAPURTHALA,PUNJAB,D529,SULTANPUR LODHI,16.8
07-01-2025,31.5,75.5,KAPURTHALA,PUNJAB,D529,SULTANPUR LODHI,17.02
08-01-2025,31.5,75.5,KAPURTHALA,PUNJAB,D529,SULTANPUR LODHI,17.31
09-01-2025,31.5,75.5,KAPURTHALA,PUNJAB,D529,SULTANPUR LODHI,17.62
10-01-2025,31.5,75.5,KAPURTHALA,PUNJAB,D529,SULTANPUR LODHI,17.72
11-01-2025,31.5,75.5,KAPURTHALA,PUNJAB,D529,SULTANPUR LODHI,18.13
12-01-2025,31.5,75.5,KAPURTHALA,PUNJAB,D529,SULTANPUR LODHI,18.3
13-01-2025,31.5,75.5,KAPURTHALA,PUNJAB,D529,SULTANPUR LODHI,18.6
14-01-2025,31.5,75.5,KAPURTHALA,PUNJAB,D529,SULTANPUR LODHI,18.24
15-01-2025,31.5,75.5,KAPURTHALA,PUNJAB,D529,SULTANPUR LODHI,18.12
16-01-2025,31.5,75.5,KAPURTHALA,PUNJAB,D529,SULTANPUR LODHI,17.72
17-01-2025,31.5,75.5,KAPURTHALA,PUNJAB,D529,SULTANPUR LODHI,17.62
18-01-2025,31.5,75.5,KAPURTHALA,PUNJAB,D529,SULTANPUR LODHI,17.39
19-01-2025,31.5,75.5,KAPURTHALA,PUNJAB,D529,SULTANPUR LODHI,17.92
20-01-2025,31.5,75.5,KAPURTHALA,PUNJAB,D529,SULTANPUR LODHI,18.26
21-01-2025,31.5,75.5,KAPURTHALA,PUNJAB,D529,SULTANPUR LODHI,18.01
22-01-2025,31.5,75.5,KAPURTHALA,PUNJAB,D529,SULTANPUR LODHI,17.84
23-01-2025,31.5,75.5,KAPURTHALA,PUNJAB,D529,SULTANPUR LODHI,17.91
24-01-2025,31.5,75.5,KAPURTHALA,PUNJAB,D529,SULTANPUR LODHI,17.76
25-01-2025,31.5,75.5,KAPURTHALA,PUNJAB,D529,SULTANPUR LODHI,17.92
26-01-2025,31.5,75.5,KAPURTHALA,PUNJAB,D529,SULTANPUR LODHI,18.5
27-01-2025,31.5,75.5,KAPURTHALA,PUNJAB,D529,SULTANPUR LODHI,19.13
28-01-2025,31.5,75.5,KAPURTHALA,PUNJAB,D529,SULTANPUR LODHI,19.32
29-01-2025,31.5,75.5,KAPURTHALA,PUNJAB,D529,SULTANPUR LODHI,19.19
30-01-2025,31.5,75.5,KAPURTHALA,PUNJAB,D529,SULTANPUR LODHI,19.7
31-01-2025,31.5,75.5,KAPURTHALA,PUNJAB,D529,SULTANPUR LODHI,19.54
01-02-2025,31.5,75.5,KAPURTHALA,PUNJAB,D529,SULTANPUR LODHI,19.94
02-02-2025,31.5,75.5,KAPURTHALA,PUNJAB,D529,SULTANPUR LODHI,20.18
03-02-2025,31.5,75.5,KAPURTHALA,PUNJAB,D529,SULTANPUR LODHI,19.8
04-02-2025,31.5,75.5,KAPURTHALA,PUNJAB,D529,SULTANPUR LODHI,19.77
05-02-2025,31.5,75.5,KAPURTHALA,PUNJAB,D529,SULTANPUR LODHI,20.12
06-02-2025,31.5,75.5,KAPURTHALA,PUNJAB,D529,SULTANPUR LODHI,20.11
07-02-2025,31.5,75.5,KAPURTHALA,PUNJAB,D529,SULTANPUR LODHI,20.14
08-02-2025,31.5,75.5,KAPURTHALA,PUNJAB,D529,SULTANPUR LODHI,20.43
09-02-2025,31.5,75.5,KAPURTHALA,PUNJAB,D529,SULTANPUR LODHI,20.78
10-02-2025,31.5,75.5,KAPURTHALA,PUNJAB,D529,SULTANPUR LODHI,20.7
11-02-2025,31.5,75.5,KAPURTHALA,PUNJAB,D529,SULTANPUR LODHI,21.01
12-02-2025,31.5,75.5,KAPURTHALA,PUNJAB,D529,SULTANPUR LODHI,20.74
13-02-2025,31.5,75.5,KAPURTHALA,PUNJAB,D529,SULTANPUR LODHI,21.47
14-02-2025,31.5,75.5,KAPURTHALA,PUNJAB,D529,SULTANPUR LODHI,21.85
15-02-2025,31.5,75.5,KAPURTHALA,PUNJAB,D529,SULTANPUR LODHI,21.65
16-02-2025,31.5,75.5,KAPURTHALA,PUNJAB,D529,SULTANPUR LODHI,21.85
17-02-2025,31.5,75.5,KAPURTHALA,PUNJAB,D529,SULTANPUR LODHI,22.52
18-02-2025,31.5,75.5,KAPURTHALA,PUNJAB,D529,SULTANPUR LODHI,22.61
19-02-2025,31.5,75.5,KAPURTHALA,PUNJAB,D529,SULTANPUR LODHI,22.9
20-02-2025,31.5,75.5,KAPURTHALA,PUNJAB,D529,SULTANPUR LODHI,22.63
21-02-2025,31.5,75.5,KAPURTHALA,PUNJAB,D529,SULTANPUR LODHI,22.99
22-02-2025,31.5,75.5,KAPURTHALA,PUNJAB,D529,SULTANPUR LODHI,23.44
23-02-2025,31.5,75.5,KAPURTHALA,PUNJAB,D529,SULTANPUR LODHI,23.01
24-02-2025,31.5,75.5,KAPURTHALA,PUNJAB,D529,SULTANPUR LODHI,22.96
25-02-2025,31.5,75.5,KAPURTHALA,PUNJAB,D529,SULTANPUR LODHI,23.61
26-02-2025,31.5,75.5,KAPURTHALA,PUNJAB,D529,SULTANPUR LODHI,23.22
27-02-2025,31.5,75.5,KAPURTHALA,PUNJAB,D529,SULTANPUR LODHI,23.36
28-02-2025,31.5,75.5,KAPURTHALA,PUNJAB,D529,SULTANPUR LODHI,23.1
29-02-2025,31.5,75.5,KAPURTHALA,PUNJAB,D529,SULTANPUR LODHI,24.45
01-03-2025,31.5,75.5,KAPURTHALA,PUNJAB,D529,SULTANPUR LODHI,23.52
02-03-2025,31.5,75.5,KAPURTHALA,PUNJAB,D529,SULTANPUR LODHI,23.45
03-03-2025,31.5,75.5,KAPURTHALA,PUNJAB,D529,SULTANPUR LODHI,23.53
04-03-2025,31.5,75.5,KAPURTHALA,PUNJAB,D529,SULTANPUR LODHI,24.31
05-03-2025,31.5,75.5,KAPURTHALA,PUNJAB,D529,SULTANPUR LODHI,24.18
06-03-2025,31.5,75.5,KAPURTHALA,PUNJAB,D529,SULTANPUR LODHI,24.71
07-03-2025,31.5,75.5,KAPURTHALA,PUNJAB,D529,SULTANPUR LODHI,24.84
08-03-2025,31.5,75.5,KAPURTHALA,PUNJAB,D529,SULTANPUR LODHI,25.28
09-03-2025,31.5,75.5,KAPURTHALA,PUNJAB,D529,SULTANPUR LODHI,25.47
10-03-2025,31.5,75.5,KAPURTHALA,PUNJAB,D529,SULTANPUR LODHI,25.17
11-03-2025,31.5,75.5,KAPURTHALA,PUNJAB,D529,SULTANPUR LODHI,24.68
12-03-2025,31.5,75.5,KAPURTHALA,PUNJAB,D529,SULTANPUR LODHI,25.69
13-03-2025,31.5,75.5,KAPURTHALA,PUNJAB,D529,SULTANPUR LODHI,25.73
14-03-2025,31.5,75.5,KAPURTHALA,PUNJAB,D529,SULTANPUR LODHI,25.66
15-03-2025,31.5,75.5,KAPURTHALA,PUNJAB,D529,SULTANPUR LODHI,26.12
16-03-2025,31.5,75.5,KAPURTHALA,PUNJAB,D529,SULTANPUR LODHI,26.73
17-03-2025,31.5,75.5,KAPURTHALA,PUNJAB,D529,SULTANPUR LODHI,27.14
18-03-2025,31.5,75.5,KAPURTHALA,PUNJAB,D529,SULTANPUR LODHI,27.72
19-03-2025,31.5,75.5,KAPURTHALA,PUNJAB,D529,SULTANPUR LODHI,28.33
20-03-2025,31.5,75.5,KAPURTHALA,PUNJAB,D529,SULTANPUR LODHI,28.15
21-03-2025,31.5,75.5,KAPURTHALA,PUNJAB,D529,SULTANPUR LODHI,27.52
22-03-2025,31.5,75.5,KAPURTHALA,PUNJAB,D529,SULTANPUR LODHI,27.78
23-03-2025,31.5,75.5,KAPURTHALA,PUNJAB,D529,SULTANPUR LODHI,28.51
24-03-2025,31.5,75.5,KAPURTHALA,PUNJAB,D529,SULTANPUR LODHI,28.39
25-03-2025,31.5,75.5,KAPURTHALA,PUNJAB,D529,SULTANPUR LODHI,28.69
26-03-2025,31.5,75.5,KAPURTHALA,PUNJAB,D529,SULTANPUR LODHI,29.45
27-03-2025,31.5,75.5,KAPURTHALA,PUNJAB,D529,SULTANPUR LODHI,29.72
28-03-2025,31.5,75.5,KAPURTHALA,PUNJAB,D529,SULTANPUR LODHI,30.23
29-03-2025,31.5,75.5,KAPURTHALA,PUNJAB,D529,SULTANPUR LODHI,29.79
30-03-2025,31.5,75.5,KAPURTHALA,PUNJAB,D529,SULTANPUR LODHI,30
31-03-2025,31.5,75.5,KAPURTHALA,PUNJAB,D529,SULTANPUR LODHI,29.6
01-04-2025,31.5,75.5,KAPURTHALA,PUNJAB,D529,SULTANPUR LODHI,30.51
02-04-2025,31.5,75.5,KAPURTHALA,PUNJAB,D529,SULTANPUR LODHI,30.83
03-04-2025,31.5,75.5,KAPURTHALA,PUNJAB,D529,SULTANPUR LODHI,30.88
04-04-2025,31.5,75.5,KAPURTHALA,PUNJAB,D529,SULTANPUR LODHI,31.37
05-04-2025,31.5,75.5,KAPURTHALA,PUNJAB,D529,SULTANPUR LODHI,31.14
06-04-2025,31.5,75.5,KAPURTHALA,PUNJAB,D529,SULTANPUR LODHI,31.46
07-04-2025,31.5,75.5,KAPURTHALA,PUNJAB,D529,SULTANPUR LODHI,31.74
08-04-2025,31.5,75.5,KAPURTHALA,PUNJAB,D529,SULTANPUR LODHI,32.13
09-04-2025,31.5,75.5,KAPURTHALA,PUNJAB,D529,SULTANPUR LODHI,32.3
10-04-2025,31.5,75.5,KAPURTHALA,PUNJAB,D529,SULTANPUR LODHI,32.4
11-04-2025,31.5,75.5,KAPURTHALA,PUNJAB,D529,SULTANPUR LODHI,32.68
12-04-2025,31.5,75.5,KAPURTHALA,PUNJAB,D529,SULTANPUR LODHI,33.57
13-04-2025,31.5,75.5,KAPURTHALA,PUNJAB,D529,SULTANPUR LODHI,33.86
14-04-2025,31.5,75.5,KAPURTHALA,PUNJAB,D529,SULTANPUR LODHI,34.53
15-04-2025,31.5,75.5,KAPURTHALA,PUNJAB,D529,SULTANPUR LODHI,34.96
16-04-2025,31.5,75.5,KAPURTHALA,PUNJAB,D529,SULTANPUR LODHI,34.83
17-04-2025,31.5,75.5,KAPURTHALA,PUNJAB,D529,SULTANPUR LODHI,33.81
18-04-2025,31.5,75.5,KAPURTHALA,PUNJAB,D529,SULTANPUR LODHI,34.02
19-04-2025,31.5,75.5,KAPURTHALA,PUNJAB,D529,SULTANPUR LODHI,34.13
20-04-2025,31.5,75.5,KAPURTHALA,PUNJAB,D529,SULTANPUR LODHI,34.24
21-04-2025,31.5,75.5,KAPURTHALA,PUNJAB,D529,SULTANPUR LODHI,33.7
22-04-2025,31.5,75.5,KAPURTHALA,PUNJAB,D529,SULTANPUR LODHI,34.32
23-04-2025,31.5,75.5,KAPURTHALA,PUNJAB,D529,SULTANPUR LODHI,34.87
24-04-2025,31.5,75.5,KAPURTHALA,PUNJAB,D529,SULTANPUR LODHI,35.87
25-04-2025,31.5,75.5,KAPURTHALA,PUNJAB,D529,SULTANPUR LODHI,36.33
26-04-2025,31.5,75.5,KAPURTHALA,PUNJAB,D529,SULTANPUR LODHI,36.13
27-04-2025,31.5,75.5,KAPURTHALA,PUNJAB,D529,SULTANPUR LODHI,36.05
28-04-2025,31.5,75.5,KAPURTHALA,PUNJAB,D529,SULTANPUR LODHI,36.28
29-04-2025,31.5,75.5,KAPURTHALA,PUNJAB,D529,SULTANPUR LODHI,36.18
30-04-2025,31.5,75.5,KAPURTHALA,PUNJAB,D529,SULTANPUR LODHI,36.54
01-05-2025,31.5,75.5,KAPURTHALA,PUNJAB,D529,SULTANPUR LODHI,36.62
02-05-2025,31.5,75.5,KAPURTHALA,PUNJAB,D529,SULTANPUR LODHI,36.23
03-05-2025,31.5,75.5,KAPURTHALA,PUNJAB,D529,SULTANPUR LODHI,36.18
04-05-2025,31.5,75.5,KAPURTHALA,PUNJAB,D529,SULTANPUR LODHI,36.22
05-05-2025,31.5,75.5,KAPURTHALA,PUNJAB,D529,SULTANPUR LODHI,36.03
06-05-2025,31.5,75.5,KAPURTHALA,PUNJAB,D529,SULTANPUR LODHI,36.61
07-05-2025,31.5,75.5,KAPURTHALA,PUNJAB,D529,SULTANPUR LODHI,37.23
08-05-2025,31.5,75.5,KAPURTHALA,PUNJAB,D529,SULTANPUR LODHI,37.44
09-05-2025,31.5,75.5,KAPURTHALA,PUNJAB,D529,SULTANPUR LODHI,37.6
10-05-2025,31.5,75.5,KAPURTHALA,PUNJAB,D529,SULTANPUR LODHI,37.72
11-05-2025,31.5,75.5,KAPURTHALA,PUNJAB,D529,SULTANPUR LODHI,37.28
12-05-2025,31.5,75.5,KAPURTHALA,PUNJAB,D529,SULTANPUR LODHI,36.82
13-05-2025,31.5,75.5,KAPURTHALA,PUNJAB,D529,SULTANPUR LODHI,37.08
14-05-2025,31.5,75.5,KAPURTHALA,PUNJAB,D529,SULTANPUR LODHI,37.51
15-05-2025,31.5,75.5,KAPURTHALA,PUNJAB,D529,SULTANPUR LODHI,38.05
16-05-2025,31.5,75.5,KAPURTHALA,PUNJAB,D529,SULTANPUR LODHI,38.04
17-05-2025,31.5,75.5,KAPURTHALA,PUNJAB,D529,SULTANPUR LODHI,38.26
18-05-2025,31.5,75.5,KAPURTHALA,PUNJAB,D529,SULTANPUR LODHI,38.37
19-05-2025,31.5,75.5,KAPURTHALA,PUNJAB,D529,SULTANPUR LODHI,38.53
20-05-2025,31.5,75.5,KAPURTHALA,PUNJAB,D529,SULTANPUR LODHI,38.66
21-05-2025,31.5,75.5,KAPURTHALA,PUNJAB,D529,SULTANPUR LODHI,38.61
22-05-2025,31.5,75.5,KAPURTHALA,PUNJAB,D529,SULTANPUR LODHI,38.79
23-05-2025,31.5,75.5,KAPURTHALA,PUNJAB,D529,SULTANPUR LODHI,37.99
24-05-2025,31.5,75.5,KAPURTHALA,PUNJAB,D529,SULTANPUR LODHI,37.7
25-05-2025,31.5,75.5,KAPURTHALA,PUNJAB,D529,SULTANPUR LODHI,38.39
26-05-2025,31.5,75.5,KAPURTHALA,PUNJAB,D529,SULTANPUR LODHI,38.78
27-05-2025,31.5,75.5,KAPURTHALA,PUNJAB,D529,SULTANPUR LODHI,38.83
28-05-2025,31.5,75.5,KAPURTHALA,PUNJAB,D529,SULTANPUR LODHI,38.98
29-05-2025,31.5,75.5,KAPURTHALA,PUNJAB,D529,SULTANPUR LODHI,38.48
30-05-2025,31.5,75.5,KAPURTHALA,PUNJAB,D529,SULTANPUR LODHI,38.22
31-05-2025,31.5,75.5,KAPURTHALA,PUNJAB,D529,SULTANPUR LODHI,39.02
01-06-2025,31.5,75.5,KAPURTHALA,PUNJAB,D529,SULTANPUR LODHI,38.22
02-06-2025,31.5,75.5,KAPURTHALA,PUNJAB,D529,SULTANPUR LODHI,38.5
03-06-2025,31.5,75.5,KAPURTHALA,PUNJAB,D529,SULTANPUR LODHI,38.69
04-06-2025,31.5,75.5,KAPURTHALA,PUNJAB,D529,SULTANPUR LODHI,38.91
05-06-2025,31.5,75.5,KAPURTHALA,PUNJAB,D529,SULTANPUR LODHI,38.87
06-06-2025,31.5,75.5,KAPURTHALA,PUNJAB,D529,SULTANPUR LODHI,38.62
07-06-2025,31.5,75.5,KAPURTHALA,PUNJAB,D529,SULTANPUR LODHI,38.6
08-06-2025,31.5,75.5,KAPURTHALA,PUNJAB,D529,SULTANPUR LODHI,38.89
09-06-2025,31.5,75.5,KAPURTHALA,PUNJAB,D529,SULTANPUR LODHI,39.44
10-06-2025,31.5,75.5,KAPURTHALA,PUNJAB,D529,SULTANPUR LODHI,39.29
11-06-2025,31.5,75.5,KAPURTHALA,PUNJAB,D529,SULTANPUR LODHI,39.08
12-06-2025,31.5,75.5,KAPURTHALA,PUNJAB,D529,SULTANPUR LODHI,39.44
13-06-2025,31.5,75.5,KAPURTHALA,PUNJAB,D529,SULTANPUR LODHI,38.54
14-06-2025,31.5,75.5,KAPURTHALA,PUNJAB,D529,SULTANPUR LODHI,38.54
15-06-2025,31.5,75.5,KAPURTHALA,PUNJAB,D529,SULTANPUR LODHI,37.7
16-06-2025,31.5,75.5,KAPURTHALA,PUNJAB,D529,SULTANPUR LODHI,37.07
17-06-2025,31.5,75.5,KAPURTHALA,PUNJAB,D529,SULTANPUR LODHI,37.08
18-06-2025,31.5,75.5,KAPURTHALA,PUNJAB,D529,SULTANPUR LODHI,36.88
19-06-2025,31.5,75.5,KAPURTHALA,PUNJAB,D529,SULTANPUR LODHI,37.65
20-06-2025,31.5,75.5,KAPURTHALA,PUNJAB,D529,SULTANPUR LODHI,37.33
21-06-2025,31.5,75.5,KAPURTHALA,PUNJAB,D529,SULTANPUR LODHI,37.29
22-06-2025,31.5,75.5,KAPURTHALA,PUNJAB,D529,SULTANPUR LODHI,37.36
23-06-2025,31.5,75.5,KAPURTHALA,PUNJAB,D529,SULTANPUR LODHI,37.43
24-06-2025,31.5,75.5,KAPURTHALA,PUNJAB,D529,SULTANPUR LODHI,37.34
25-06-2025,31.5,75.5,KAPURTHALA,PUNJAB,D529,SULTANPUR LODHI,36.87
26-06-2025,31.5,75.5,KAPURTHALA,PUNJAB,D529,SULTANPUR LODHI,36.64
27-06-2025,31.5,75.5,KAPURTHALA,PUNJAB,D529,SULTANPUR LODHI,36.57
28-06-2025,31.5,75.5,KAPURTHALA,PUNJAB,D529,SULTANPUR LODHI,36.67
29-06-2025,31.5,75.5,KAPURTHALA,PUNJAB,D529,SULTANPUR LODHI,35.8
30-06-2025,31.5,75.5,KAPURTHALA,PUNJAB,D529,SULTANPUR LODHI,35.48
01-07-2025,31.5,75.5,KAPURTHALA,PUNJAB,D529,SULTANPUR LODHI,35.54
02-07-2025,31.5,75.5,KAPURTHALA,PUNJAB,D529,SULTANPUR LODHI,35.98
03-07-2025,31.5,75.5,KAPURTHALA,PUNJAB,D529,SULTANPUR LODHI,35.47
04-07-2025,31.5,75.5,KAPURTHALA,PUNJAB,D529,SULTANPUR LODHI,35.48
05-07-2025,31.5,75.5,KAPURTHALA,PUNJAB,D529,SULTANPUR LODHI,35.39
06-07-2025,31.5,75.5,KAPURTHALA,PUNJAB,D529,SULTANPUR LODHI,34.86
07-07-2025,31.5,75.5,KAPURTHALA,PUNJAB,D529,SULTANPUR LODHI,35.14
08-07-2025,31.5,75.5,KAPURTHALA,PUNJAB,D529,SULTANPUR LODHI,35.09
09-07-2025,31.5,75.5,KAPURTHALA,PUNJAB,D529,SULTANPUR LODHI,34.81
10-07-2025,31.5,75.5,KAPURTHALA,PUNJAB,D529,SULTANPUR LODHI,34.77
11-07-2025,31.5,75.5,KAPURTHALA,PUNJAB,D529,SULTANPUR LODHI,35.28
12-07-2025,31.5,75.5,KAPURTHALA,PUNJAB,D529,SULTANPUR LODHI,34.14
13-07-2025,31.5,75.5,KAPURTHALA,PUNJAB,D529,SULTANPUR LODHI,34.13
14-07-2025,31.5,75.5,KAPURTHALA,PUNJAB,D529,SULTANPUR LODHI,33.76
15-07-2025,31.5,75.5,KAPURTHALA,PUNJAB,D529,SULTANPUR LODHI,33.92
16-07-2025,31.5,75.5,KAPURTHALA,PUNJAB,D529,SULTANPUR LODHI,33.84
17-07-2025,31.5,75.5,KAPURTHALA,PUNJAB,D529,SULTANPUR LODHI,33.62
18-07-2025,31.5,75.5,KAPURTHALA,PUNJAB,D529,SULTANPUR LODHI,34.15
19-07-2025,31.5,75.5,KAPURTHALA,PUNJAB,D529,SULTANPUR LODHI,34.35
20-07-2025,31.5,75.5,KAPURTHALA,PUNJAB,D529,SULTANPUR LODHI,33.98
21-07-2025,31.5,75.5,KAPURTHALA,PUNJAB,D529,SULTANPUR LODHI,33.64
22-07-2025,31.5,75.5,KAPURTHALA,PUNJAB,D529,SULTANPUR LODHI,33.2
23-07-2025,31.5,75.5,KAPURTHALA,PUNJAB,D529,SULTANPUR LODHI,33.42
24-07-2025,31.5,75.5,KAPURTHALA,PUNJAB,D529,SULTANPUR LODHI,33.73
25-07-2025,31.5,75.5,KAPURTHALA,PUNJAB,D529,SULTANPUR LODHI,33.63
26-07-2025,31.5,75.5,KAPURTHALA,PUNJAB,D529,SULTANPUR LODHI,33.56
27-07-2025,31.5,75.5,KAPURTHALA,PUNJAB,D529,SULTANPUR LODHI,32.86
28-07-2025,31.5,75.5,KAPURTHALA,PUNJAB,D529,SULTANPUR LODHI,32.73
29-07-2025,31.5,75.5,KAPURTHALA,PUNJAB,D529,SULTANPUR LODHI,32.79
30-07-2025,31.5,75.5,KAPURTHALA,PUNJAB,D529,SULTANPUR LODHI,32.97
31-07-2025,31.5,75.5,KAPURTHALA,PUNJAB,D529,SULTANPUR LODHI,32.98
01-08-2025,31.5,75.5,KAPURTHALA,PUNJAB,D529,SULTANPUR LODHI,32.26
02-08-2025,31.5,75.5,KAPURTHALA,PUNJAB,D529,SULTANPUR LODHI,33.04
03-08-2025,31.5,75.5,KAPURTHALA,PUNJAB,D529,SULTANPUR LODHI,33.03
04-08-2025,31.5,75.5,KAPURTHALA,PUNJAB,D529,SULTANPUR LODHI,32.52
05-08-2025,31.5,75.5,KAPURTHALA,PUNJAB,D529,SULTANPUR LODHI,32.89
06-08-2025,31.5,75.5,KAPURTHALA,PUNJAB,D529,SULTANPUR LODHI,32.88
07-08-2025,31.5,75.5,KAPURTHALA,PUNJAB,D529,SULTANPUR LODHI,32.39
08-08-2025,31.5,75.5,KAPURTHALA,PUNJAB,D529,SULTANPUR LODHI,33.2
09-08-2025,31.5,75.5,KAPURTHALA,PUNJAB,D529,SULTANPUR LODHI,33.24
10-08-2025,31.5,75.5,KAPURTHALA,PUNJAB,D529,SULTANPUR LODHI,33.07
11-08-2025,31.5,75.5,KAPURTHALA,PUNJAB,D529,SULTANPUR LODHI,33.38
12-08-2025,31.5,75.5,KAPURTHALA,PUNJAB,D529,SULTANPUR LODHI,32.81
13-08-2025,31.5,75.5,KAPURTHALA,PUNJAB,D529,SULTANPUR LODHI,32.58
14-08-2025,31.5,75.5,KAPURTHALA,PUNJAB,D529,SULTANPUR LODHI,32.61
15-08-2025,31.5,75.5,KAPURTHALA,PUNJAB,D529,SULTANPUR LODHI,32.04
16-08-2025,31.5,75.5,KAPURTHALA,PUNJAB,D529,SULTANPUR LODHI,32.72
17-08-2025,31.5,75.5,KAPURTHALA,PUNJAB,D529,SULTANPUR LODHI,33.03
18-08-2025,31.5,75.5,KAPURTHALA,PUNJAB,D529,SULTANPUR LODHI,33.5
19-08-2025,31.5,75.5,KAPURTHALA,PUNJAB,D529,SULTANPUR LODHI,33.3
20-08-2025,31.5,75.5,KAPURTHALA,PUNJAB,D529,SULTANPUR LODHI,33.09
21-08-2025,31.5,75.5,KAPURTHALA,PUNJAB,D529,SULTANPUR LODHI,32.95
22-08-2025,31.5,75.5,KAPURTHALA,PUNJAB,D529,SULTANPUR LODHI,33.21
23-08-2025,31.5,75.5,KAPURTHALA,PUNJAB,D529,SULTANPUR LODHI,32.84
24-08-2025,31.5,75.5,KAPURTHALA,PUNJAB,D529,SULTANPUR LODHI,33.07
25-08-2025,31.5,75.5,KAPURTHALA,PUNJAB,D529,SULTANPUR LODHI,32.84
26-08-2025,31.5,75.5,KAPURTHALA,PUNJAB,D529,SULTANPUR LODHI,33.21
27-08-2025,31.5,75.5,KAPURTHALA,PUNJAB,D529,SULTANPUR LODHI,33.45
28-08-2025,31.5,75.5,KAPURTHALA,PUNJAB,D529,SULTANPUR LODHI,32.96
29-08-2025,31.5,75.5,KAPURTHALA,PUNJAB,D529,SULTANPUR LODHI,32.86
30-08-2025,31.5,75.5,KAPURTHALA,PUNJAB,D529,SULTANPUR LODHI,33.29
31-08-2025,31.5,75.5,KAPURTHALA,PUNJAB,D529,SULTANPUR LODHI,33.1
01-09-2025,31.5,75.5,KAPURTHALA,PUNJAB,D529,SULTANPUR LODHI,33.1
02-09-2025,31.5,75.5,KAPURTHALA,PUNJAB,D529,SULTANPUR LODHI,33.15
03-09-2025,31.5,75.5,KAPURTHALA,PUNJAB,D529,SULTANPUR LODHI,32.65
04-09-2025,31.5,75.5,KAPURTHALA,PUNJAB,D529,SULTANPUR LODHI,32.89
05-09-2025,31.5,75.5,KAPURTHALA,PUNJAB,D529,SULTANPUR LODHI,33.47
06-09-2025,31.5,75.5,KAPURTHALA,PUNJAB,D529,SULTANPUR LODHI,33.35
07-09-2025,31.5,75.5,KAPURTHALA,PUNJAB,D529,SULTANPUR LODHI,33.54
08-09-2025,31.5,75.5,KAPURTHALA,PUNJAB,D529,SULTANPUR LODHI,33.19
09-09-2025,31.5,75.5,KAPURTHALA,PUNJAB,D529,SULTANPUR LODHI,33.29
10-09-2025,31.5,75.5,KAPURTHALA,PUNJAB,D529,SULTANPUR LODHI,33.2
11-09-2025,31.5,75.5,KAPURTHALA,PUNJAB,D529,SULTANPUR LODHI,33.25
12-09-2025,31.5,75.5,KAPURTHALA,PUNJAB,D529,SULTANPUR LODHI,33.14
13-09-2025,31.5,75.5,KAPURTHALA,PUNJAB,D529,SULTANPUR LODHI,33.06
14-09-2025,31.5,75.5,KAPURTHALA,PUNJAB,D529,SULTANPUR LODHI,33.15
15-09-2025,31.5,75.5,KAPURTHALA,PUNJAB,D529,SULTANPUR LODHI,32.93
16-09-2025,31.5,75.5,KAPURTHALA,PUNJAB,D529,SULTANPUR LODHI,32.95
17-09-2025,31.5,75.5,KAPURTHALA,PUNJAB,D529,SULTANPUR LODHI,33.31
18-09-2025,31.5,75.5,KAPURTHALA,PUNJAB,D529,SULTANPUR LODHI,33.03
19-09-2025,31.5,75.5,KAPURTHALA,PUNJAB,D529,SULTANPUR LODHI,32.82
20-09-2025,31.5,75.5,KAPURTHALA,PUNJAB,D529,SULTANPUR LODHI,32.86
21-09-2025,31.5,75.5,KAPURTHALA,PUNJAB,D529,SULTANPUR LODHI,33.03
22-09-2025,31.5,75.5,KAPURTHALA,PUNJAB,D529,SULTANPUR LODHI,32.63
23-09-2025,31.5,75.5,KAPURTHALA,PUNJAB,D529,SULTANPUR LODHI,32.16
24-09-2025,31.5,75.5,KAPURTHALA,PUNJAB,D529,SULTANPUR LODHI,32.4
25-09-2025,31.5,75.5,KAPURTHALA,PUNJAB,D529,SULTANPUR LODHI,33.01
26-09-2025,31.5,75.5,KAPURTHALA,PUNJAB,D529,SULTANPUR LODHI,32.85
27-09-2025,31.5,75.5,KAPURTHALA,PUNJAB,D529,SULTANPUR LODHI,33.02
28-09-2025,31.5,75.5,KAPURTHALA,PUNJAB,D529,SULTANPUR LODHI,33.04
29-09-2025,31.5,75.5,KAPURTHALA,PUNJAB,D529,SULTANPUR LODHI,33.21
30-09-2025,31.5,75.5,KAPURTHALA,PUNJAB,D529,SULTANPUR LODHI,32.95
01-10-2025,31.5,75.5,KAPURTHALA,PUNJAB,D529,SULTANPUR LODHI,33.18
02-10-2025,31.5,75.5,KAPURTHALA,PUNJAB,D529,SULTANPUR LODHI,33.37
03-10-2025,31.5,75.5,KAPURTHALA,PUNJAB,D529,SULTANPUR LODHI,33.16
04-10-2025,31.5,75.5,KAPURTHALA,PUNJAB,D529,SULTANPUR LODHI,32.71
05-10-2025,31.5,75.5,KAPURTHALA,PUNJAB,D529,SULTANPUR LODHI,32.55
06-10-2025,31.5,75.5,KAPURTHALA,PUNJAB,D529,SULTANPUR LODHI,32.4
07-10-2025,31.5,75.5,KAPURTHALA,PUNJAB,D529,SULTANPUR LODHI,32.47
08-10-2025,31.5,75.5,KAPURTHALA,PUNJAB,D529,SULTANPUR LODHI,32.56
09-10-2025,31.5,75.5,KAPURTHALA,PUNJAB,D529,SULTANPUR LODHI,32.5
10-10-2025,31.5,75.5,KAPURTHALA,PUNJAB,D529,SULTANPUR LODHI,32.4
11-10-2025,31.5,75.5,KAPURTHALA,PUNJAB,D529,SULTANPUR LODHI,31.87
12-10-2025,31.5,75.5,KAPURTHALA,PUNJAB,D529,SULTANPUR LODHI,32.01
13-10-2025,31.5,75.5,KAPURTHALA,PUNJAB,D529,SULTANPUR LODHI,31.92
14-10-2025,31.5,75.5,KAPURTHALA,PUNJAB,D529,SULTANPUR LODHI,31.66
15-10-2025,31.5,75.5,KAPURTHALA,PUNJAB,D529,SULTANPUR LODHI,31.7
16-10-2025,31.5,75.5,KAPURTHALA,PUNJAB,D529,SULTANPUR LODHI,31.61
17-10-2025,31.5,75.5,KAPURTHALA,PUNJAB,D529,SULTANPUR LODHI,31.02
18-10-2025,31.5,75.5,KAPURTHALA,PUNJAB,D529,SULTANPUR LODHI,31.17
19-10-2025,31.5,75.5,KAPURTHALA,PUNJAB,D529,SULTANPUR LODHI,31.23
20-10-2025,31.5,75.5,KAPURTHALA,PUNJAB,D529,SULTANPUR LODHI,31.18
21-10-2025,31.5,75.5,KAPURTHALA,PUNJAB,D529,SULTANPUR LODHI,30.68
22-10-2025,31.5,75.5,KAPURTHALA,PUNJAB,D529,SULTANPUR LODHI,30.34
23-10-2025,31.5,75.5,KAPURTHALA,PUNJAB,D529,SULTANPUR LODHI,30.13
24-10-2025,31.5,75.5,KAPURTHALA,PUNJAB,D529,SULTANPUR LODHI,30.09
25-10-2025,31.5,75.5,KAPURTHALA,PUNJAB,D529,SULTANPUR LODHI,30.07
26-10-2025,31.5,75.5,KAPURTHALA,PUNJAB,D529,SULTANPUR LODHI,30.12
27-10-2025,31.5,75.5,KAPURTHALA,PUNJAB,D529,SULTANPUR LODHI,29.83
28-10-2025,31.5,75.5,KAPURTHALA,PUNJAB,D529,SULTANPUR LODHI,29.74
29-10-2025,31.5,75.5,KAPURTHALA,PUNJAB,D529,SULTANPUR LODHI,29.76
30-10-2025,31.5,75.5,KAPURTHALA,PUNJAB,D529,SULTANPUR LODHI,29.58
31-10-2025,31.5,75.5,KAPURTHALA,PUNJAB,D529,SULTANPUR LODHI,29.43
01-11-2025,31.5,75.5,KAPURTHALA,PUNJAB,D529,SULTANPUR LODHI,29.21
02-11-2025,31.5,75.5,KAPURTHALA,PUNJAB,D529,SULTANPUR LODHI,28.94
03-11-2025,31.5,75.5,KAPURTHALA,PUNJAB,D529,SULTANPUR LODHI,28.82
04-11-2025,31.5,75.5,KAPURTHALA,PUNJAB,D529,SULTANPUR LODHI,28.53
05-11-2025,31.5,75.5,KAPURTHALA,PUNJAB,D529,SULTANPUR LODHI,28.22
06-11-2025,31.5,75.5,KAPURTHALA,PUNJAB,D529,SULTANPUR LODHI,27.99
07-11-2025,31.5,75.5,KAPURTHALA,PUNJAB,D529,SULTANPUR LODHI,27.42
08-11-2025,31.5,75.5,KAPURTHALA,PUNJAB,D529,SULTANPUR LODHI,27.58
09-11-2025,31.5,75.5,KAPURTHALA,PUNJAB,D529,SULTANPUR LODHI,27.39
10-11-2025,31.5,75.5,KAPURTHALA,PUNJAB,D529,SULTANPUR LODHI,27.01
11-11-2025,31.5,75.5,KAPURTHALA,PUNJAB,D529,SULTANPUR LODHI,26.74
12-11-2025,31.5,75.5,KAPURTHALA,PUNJAB,D529,SULTANPUR LODHI,26.61
13-11-2025,31.5,75.5,KAPURTHALA,PUNJAB,D529,SULTANPUR LODHI,26.33
14-11-2025,31.5,75.5,KAPURTHALA,PUNJAB,D529,SULTANPUR LODHI,25.91
15-11-2025,31.5,75.5,KAPURTHALA,PUNJAB,D529,SULTANPUR LODHI,25.88
16-11-2025,31.5,75.5,KAPURTHALA,PUNJAB,D529,SULTANPUR LODHI,25.77
17-11-2025,31.5,75.5,KAPURTHALA,PUNJAB,D529,SULTANPUR LODHI,25.99
18-11-2025,31.5,75.5,KAPURTHALA,PUNJAB,D529,SULTANPUR LODHI,25.85
19-11-2025,31.5,75.5,KAPURTHALA,PUNJAB,D529,SULTANPUR LODHI,25.42
20-11-2025,31.5,75.5,KAPURTHALA,PUNJAB,D529,SULTANPUR LODHI,25.53
21-11-2025,31.5,75.5,KAPURTHALA,PUNJAB,D529,SULTANPUR LODHI,25.37
22-11-2025,31.5,75.5,KAPURTHALA,PUNJAB,D529,SULTANPUR LODHI,25.01
23-11-2025,31.5,75.5,KAPURTHALA,PUNJAB,D529,SULTANPUR LODHI,24.94
24-11-2025,31.5,75.5,KAPURTHALA,PUNJAB,D529,SULTANPUR LODHI,25.27
25-11-2025,31.5,75.5,KAPURTHALA,PUNJAB,D529,SULTANPUR LODHI,24.81
26-11-2025,31.5,75.5,KAPURTHALA,PUNJAB,D529,SULTANPUR LODHI,24.54
27-11-2025,31.5,75.5,KAPURTHALA,PUNJAB,D529,SULTANPUR LODHI,24.15
28-11-2025,31.5,75.5,KAPURTHALA,PUNJAB,D529,SULTANPUR LODHI,24.09
29-11-2025,31.5,75.5,KAPURTHALA,PUNJAB,D529,SULTANPUR LODHI,23.99
30-11-2025,31.5,75.5,KAPURTHALA,PUNJAB,D529,SULTANPUR LODHI,23.82
01-12-2025,31.5,75.5,KAPURTHALA,PUNJAB,D529,SULTANPUR LODHI,23.55
02-12-2025,31.5,75.5,KAPURTHALA,PUNJAB,D529,SULTANPUR LODHI,23.34
03-12-2025,31.5,75.5,KAPURTHALA,PUNJAB,D529,SULTANPUR LODHI,23.53
04-12-2025,31.5,75.5,KAPURTHALA,PUNJAB,D529,SULTANPUR LODHI,23.49
05-12-2025,31.5,75.5,KAPURTHALA,PUNJAB,D529,SULTANPUR LODHI,23.15
06-12-2025,31.5,75.5,KAPURTHALA,PUNJAB,D529,SULTANPUR LODHI,22.98
07-12-2025,31.5,75.5,KAPURTHALA,PUNJAB,D529,SULTANPUR LODHI,22.92
08-12-2025,31.5,75.5,KAPURTHALA,PUNJAB,D529,SULTANPUR LODHI,22.56
09-12-2025,31.5,75.5,KAPURTHALA,PUNJAB,D529,SULTANPUR LODHI,22.07
10-12-2025,31.5,75.5,KAPURTHALA,PUNJAB,D529,SULTANPUR LODHI,21.64
11-12-2025,31.5,75.5,KAPURTHALA,PUNJAB,D529,SULTANPUR LODHI,21.37
12-12-2025,31.5,75.5,KAPURTHALA,PUNJAB,D529,SULTANPUR LODHI,20.48
13-12-2025,31.5,75.5,KAPURTHALA,PUNJAB,D529,SULTANPUR LODHI,20.36
14-12-2025,31.5,75.5,KAPURTHALA,PUNJAB,D529,SULTANPUR LODHI,20.42
15-12-2025,31.5,75.5,KAPURTHALA,PUNJAB,D529,SULTANPUR LODHI,20.73
16-12-2025,31.5,75.5,KAPURTHALA,PUNJAB,D529,SULTANPUR LODHI,20.24
17-12-2025,31.5,75.5,KAPURTHALA,PUNJAB,D529,SULTANPUR LODHI,20.61
18-12-2025,31.5,75.5,KAPURTHALA,PUNJAB,D529,SULTANPUR LODHI,20.54
19-12-2025,31.5,75.5,KAPURTHALA,PUNJAB,D529,SULTANPUR LODHI,20.45
20-12-2025,31.5,75.5,KAPURTHALA,PUNJAB,D529,SULTANPUR LODHI,19.8
21-12-2025,31.5,75.5,KAPURTHALA,PUNJAB,D529,SULTANPUR LODHI,20.02
22-12-2025,31.5,75.5,KAPURTHALA,PUNJAB,D529,SULTANPUR LODHI,20.07
23-12-2025,31.5,75.5,KAPURTHALA,PUNJAB,D529,SULTANPUR LODHI,19.67
24-12-2025,31.5,75.5,KAPURTHALA,PUNJAB,D529,SULTANPUR LODHI,19.75
25-12-2025,31.5,75.5,KAPURTHALA,PUNJAB,D529,SULTANPUR LODHI,19.14
26-12-2025,31.5,75.5,KAPURTHALA,PUNJAB,D529,SULTANPUR LODHI,18.83
27-12-2025,31.5,75.5,KAPURTHALA,PUNJAB,D529,SULTANPUR LODHI,18.96
28-12-2025,31.5,75.5,KAPURTHALA,PUNJAB,D529,SULTANPUR LODHI,18.98
29-12-2025,31.5,75.5,KAPURTHALA,PUNJAB,D529,SULTANPUR LODHI,18.35
30-12-2025,31.5,75.5,KAPURTHALA,PUNJAB,D529,SULTANPUR LODHI,18.14
31-12-2025,31.5,75.5,KAPURTHALA,PUNJAB,D529,SULTANPUR LODHI,17.81
01-01-2025,30.5,74.5,SRI MUKTSAR SAHIB,PUNJAB,D533,MUKTSAR,18.24
02-01-2025,30.5,74.5,SRI MUKTSAR SAHIB,PUNJAB,D533,MUKTSAR,18.24
03-01-2025,30.5,74.5,SRI MUKTSAR SAHIB,PUNJAB,D533,MUKTSAR,18.02
04-01-2025,30.5,74.5,SRI MUKTSAR SAHIB,PUNJAB,D533,MUKTSAR,17.94
05-01-2025,30.5,74.5,SRI MUKTSAR SAHIB,PUNJAB,D533,MUKTSAR,17.19
06-01-2025,30.5,74.5,SRI MUKTSAR SAHIB,PUNJAB,D533,MUKTSAR,17.3
07-01-2025,30.5,74.5,SRI MUKTSAR SAHIB,PUNJAB,D533,MUKTSAR,17.46
08-01-2025,30.5,74.5,SRI MUKTSAR SAHIB,PUNJAB,D533,MUKTSAR,17.68
09-01-2025,30.5,74.5,SRI MUKTSAR SAHIB,PUNJAB,D533,MUKTSAR,17.65
10-01-2025,30.5,74.5,SRI MUKTSAR SAHIB,PUNJAB,D533,MUKTSAR,18.21
11-01-2025,30.5,74.5,SRI MUKTSAR SAHIB,PUNJAB,D533,MUKTSAR,18.62
12-01-2025,30.5,74.5,SRI MUKTSAR SAHIB,PUNJAB,D533,MUKTSAR,19.02
13-01-2025,30.5,74.5,SRI MUKTSAR SAHIB,PUNJAB,D533,MUKTSAR,19.25
14-01-2025,30.5,74.5,SRI MUKTSAR SAHIB,PUNJAB,D533,MUKTSAR,18.85
15-01-2025,30.5,74.5,SRI MUKTSAR SAHIB,PUNJAB,D533,MUKTSAR,18.82
16-01-2025,30.5,74.5,SRI MUKTSAR SAHIB,PUNJAB,D533,MUKTSAR,18.53
17-01-2025,30.5,74.5,SRI MUKTSAR SAHIB,PUNJAB,D533,MUKTSAR,18.19
18-01-2025,30.5,74.5,SRI MUKTSAR SAHIB,PUNJAB,D533,MUKTSAR,18.37
19-01-2025,30.5,74.5,SRI MUKTSAR SAHIB,PUNJAB,D533,MUKTSAR,18.75
20-01-2025,30.5,74.5,SRI MUKTSAR SAHIB,PUNJAB,D533,MUKTSAR,18.88
21-01-2025,30.5,74.5,SRI MUKTSAR SAHIB,PUNJAB,D533,MUKTSAR,18.93
22-01-2025,30.5,74.5,SRI MUKTSAR SAHIB,PUNJAB,D533,MUKTSAR,18.59
23-01-2025,30.5,74.5,SRI MUKTSAR SAHIB,PUNJAB,D533,MUKTSAR,18.76
24-01-2025,30.5,74.5,SRI MUKTSAR SAHIB,PUNJAB,D533,MUKTSAR,18.46
25-01-2025,30.5,74.5,SRI MUKTSAR SAHIB,PUNJAB,D533,MUKTSAR,18.73
26-01-2025,30.5,74.5,SRI MUKTSAR SAHIB,PUNJAB,D533,MUKTSAR,19.42
27-01-2025,30.5,74.5,SRI MUKTSAR SAHIB,PUNJAB,D533,MUKTSAR,19.96
28-01-2025,30.5,74.5,SRI MUKTSAR SAHIB,PUNJAB,D533,MUKTSAR,20.07
29-01-2025,30.5,74.5,SRI MUKTSAR SAHIB,PUNJAB,D533,MUKTSAR,20.22
30-01-2025,30.5,74.5,SRI MUKTSAR SAHIB,PUNJAB,D533,MUKTSAR,20.51
31-01-2025,30.5,74.5,SRI MUKTSAR SAHIB,PUNJAB,D533,MUKTSAR,20.38
01-02-2025,30.5,74.5,SRI MUKTSAR SAHIB,PUNJAB,D533,MUKTSAR,20.5
02-02-2025,30.5,74.5,SRI MUKTSAR SAHIB,PUNJAB,D533,MUKTSAR,20.92
03-02-2025,30.5,74.5,SRI MUKTSAR SAHIB,PUNJAB,D533,MUKTSAR,20.67
04-02-2025,30.5,74.5,SRI MUKTSAR SAHIB,PUNJAB,D533,MUKTSAR,20.82
05-02-2025,30.5,74.5,SRI MUKTSAR SAHIB,PUNJAB,D533,MUKTSAR,21.12
06-02-2025,30.5,74.5,SRI MUKTSAR SAHIB,PUNJAB,D533,MUKTSAR,21.34
07-02-2025,30.5,74.5,SRI MUKTSAR SAHIB,PUNJAB,D533,MUKTSAR,21.13
08-02-2025,30.5,74.5,SRI MUKTSAR SAHIB,PUNJAB,D533,MUKTSAR,21.52
09-02-2025,30.5,74.5,SRI MUKTSAR SAHIB,PUNJAB,D533,MUKTSAR,21.84
10-02-2025,30.5,74.5,SRI MUKTSAR SAHIB,PUNJAB,D533,MUKTSAR,21.87
11-02-2025,30.5,74.5,SRI MUKTSAR SAHIB,PUNJAB,D533,MUKTSAR,21.91
12-02-2025,30.5,74.5,SRI MUKTSAR SAHIB,PUNJAB,D533,MUKTSAR,22.14
13-02-2025,30.5,74.5,SRI MUKTSAR SAHIB,PUNJAB,D533,MUKTSAR,22.76
14-02-2025,30.5,74.5,SRI MUKTSAR SAHIB,PUNJAB,D533,MUKTSAR,22.97
15-02-2025,30.5,74.5,SRI MUKTSAR SAHIB,PUNJAB,D533,MUKTSAR,22.68
16-02-2025,30.5,74.5,SRI MUKTSAR SAHIB,PUNJAB,D533,MUKTSAR,23.05
17-02-2025,30.5,74.5,SRI MUKTSAR SAHIB,PUNJAB,D533,MUKTSAR,23.71
18-02-2025,30.5,74.5,SRI MUKTSAR SAHIB,PUNJAB,D533,MUKTSAR,24.12
19-02-2025,30.5,74.5,SRI MUKTSAR SAHIB,PUNJAB,D533,MUKTSAR,24.32
20-02-2025,30.5,74.5,SRI MUKTSAR SAHIB,PUNJAB,D533,MUKTSAR,24.01
21-02-2025,30.5,74.5,SRI MUKTSAR SAHIB,PUNJAB,D533,MUKTSAR,24.34
22-02-2025,30.5,74.5,SRI MUKTSAR SAHIB,PUNJAB,D533,MUKTSAR,24.64
23-02-2025,30.5,74.5,SRI MUKTSAR SAHIB,PUNJAB,D533,MUKTSAR,24.27
24-02-2025,30.5,74.5,SRI MUKTSAR SAHIB,PUNJAB,D533,MUKTSAR,24.4
25-02-2025,30.5,74.5,SRI MUKTSAR SAHIB,PUNJAB,D533,MUKTSAR,25.09
26-02-2025,30.5,74.5,SRI MUKTSAR SAHIB,PUNJAB,D533,MUKTSAR,24.91
27-02-2025,30.5,74.5,SRI MUKTSAR SAHIB,PUNJAB,D533,MUKTSAR,24.73
28-02-2025,30.5,74.5,SRI MUKTSAR SAHIB,PUNJAB,D533,MUKTSAR,24.47
29-02-2025,30.5,74.5,SRI MUKTSAR SAHIB,PUNJAB,D533,MUKTSAR,26.37
01-03-2025,30.5,74.5,SRI MUKTSAR SAHIB,PUNJAB,D533,MUKTSAR,24.55
02-03-2025,30.5,74.5,SRI MUKTSAR SAHIB,PUNJAB,D533,MUKTSAR,24.69
03-03-2025,30.5,74.5,SRI MUKTSAR SAHIB,PUNJAB,D533,MUKTSAR,25.04
04-03-2025,30.5,74.5,SRI MUKTSAR SAHIB,PUNJAB,D533,MUKTSAR,25.3
05-03-2025,30.5,74.5,SRI MUKTSAR SAHIB,PUNJAB,D533,MUKTSAR,25.34
06-03-2025,30.5,74.5,SRI MUKTSAR SAHIB,PUNJAB,D533,MUKTSAR,25.53
07-03-2025,30.5,74.5,SRI MUKTSAR SAHIB,PUNJAB,D533,MUKTSAR,25.9
08-03-2025,30.5,74.5,SRI MUKTSAR SAHIB,PUNJAB,D533,MUKTSAR,26.54
09-03-2025,30.5,74.5,SRI MUKTSAR SAHIB,PUNJAB,D533,MUKTSAR,26.6
10-03-2025,30.5,74.5,SRI MUKTSAR SAHIB,PUNJAB,D533,MUKTSAR,26.49
11-03-2025,30.5,74.5,SRI MUKTSAR SAHIB,PUNJAB,D533,MUKTSAR,26.3
12-03-2025,30.5,74.5,SRI MUKTSAR SAHIB,PUNJAB,D533,MUKTSAR,26.93
13-03-2025,30.5,74.5,SRI MUKTSAR SAHIB,PUNJAB,D533,MUKTSAR,27.31
14-03-2025,30.5,74.5,SRI MUKTSAR SAHIB,PUNJAB,D533,MUKTSAR,27.15
15-03-2025,30.5,74.5,SRI MUKTSAR SAHIB,PUNJAB,D533,MUKTSAR,27.49
16-03-2025,30.5,74.5,SRI MUKTSAR SAHIB,PUNJAB,D533,MUKTSAR,28.28
17-03-2025,30.5,74.5,SRI MUKTSAR SAHIB,PUNJAB,D533,MUKTSAR,28.76
18-03-2025,30.5,74.5,SRI MUKTSAR SAHIB,PUNJAB,D533,MUKTSAR,29.37
19-03-2025,30.5,74.5,SRI MUKTSAR SAHIB,PUNJAB,D533,MUKTSAR,29.88
20-03-2025,30.5,74.5,SRI MUKTSAR SAHIB,PUNJAB,D533,MUKTSAR,30.11
21-03-2025,30.5,74.5,SRI MUKTSAR SAHIB,PUNJAB,D533,MUKTSAR,29.62
22-03-2025,30.5,74.5,SRI MUKTSAR SAHIB,PUNJAB,D533,MUKTSAR,29.77
23-03-2025,30.5,74.5,SRI MUKTSAR SAHIB,PUNJAB,D533,MUKTSAR,30.32
24-03-2025,30.5,74.5,SRI MUKTSAR SAHIB,PUNJAB,D533,MUKTSAR,30.16
25-03-2025,30.5,74.5,SRI MUKTSAR SAHIB,PUNJAB,D533,MUKTSAR,30.45
26-03-2025,30.5,74.5,SRI MUKTSAR SAHIB,PUNJAB,D533,MUKTSAR,31.12
27-03-2025,30.5,74.5,SRI MUKTSAR SAHIB,PUNJAB,D533,MUKTSAR,31.4
28-03-2025,30.5,74.5,SRI MUKTSAR SAHIB,PUNJAB,D533,MUKTSAR,31.96
29-03-2025,30.5,74.5,SRI MUKTSAR SAHIB,PUNJAB,D533,MUKTSAR,31.77
30-03-2025,30.5,74.5,SRI MUKTSAR SAHIB,PUNJAB,D533,MUKTSAR,32.16
31-03-2025,30.5,74.5,SRI MUKTSAR SAHIB,PUNJAB,D533,MUKTSAR,31.66
01-04-2025,30.5,74.5,SRI MUKTSAR SAHIB,PUNJAB,D533,MUKTSAR,32.33
02-04-2025,30.5,74.5,SRI MUKTSAR SAHIB,PUNJAB,D533,MUKTSAR,32.89
03-04-2025,30.5,74.5,SRI MUKTSAR SAHIB,PUNJAB,D533,MUKTSAR,32.79
04-04-2025,30.5,74.5,SRI MUKTSAR SAHIB,PUNJAB,D533,MUKTSAR,33.51
05-04-2025,30.5,74.5,SRI MUKTSAR SAHIB,PUNJAB,D533,MUKTSAR,33.44
06-04-2025,30.5,74.5,SRI MUKTSAR SAHIB,PUNJAB,D533,MUKTSAR,33.6
07-04-2025,30.5,74.5,SRI MUKTSAR SAHIB,PUNJAB,D533,MUKTSAR,33.92
08-04-2025,30.5,74.5,SRI MUKTSAR SAHIB,PUNJAB,D533,MUKTSAR,34.18
09-04-2025,30.5,74.5,SRI MUKTSAR SAHIB,PUNJAB,D533,MUKTSAR,34.54
10-04-2025,30.5,74.5,SRI MUKTSAR SAHIB,PUNJAB,D533,MUKTSAR,35.2
11-04-2025,30.5,74.5,SRI MUKTSAR SAHIB,PUNJAB,D533,MUKTSAR,35.48
12-04-2025,30.5,74.5,SRI MUKTSAR SAHIB,PUNJAB,D533,MUKTSAR,35.75
13-04-2025,30.5,74.5,SRI MUKTSAR SAHIB,PUNJAB,D533,MUKTSAR,36.14
14-04-2025,30.5,74.5,SRI MUKTSAR SAHIB,PUNJAB,D533,MUKTSAR,36.62
15-04-2025,30.5,74.5,SRI MUKTSAR SAHIB,PUNJAB,D533,MUKTSAR,37.51
16-04-2025,30.5,74.5,SRI MUKTSAR SAHIB,PUNJAB,D533,MUKTSAR,37.1
17-04-2025,30.5,74.5,SRI MUKTSAR SAHIB,PUNJAB,D533,MUKTSAR,36.24
18-04-2025,30.5,74.5,SRI MUKTSAR SAHIB,PUNJAB,D533,MUKTSAR,36.39
19-04-2025,30.5,74.5,SRI MUKTSAR SAHIB,PUNJAB,D533,MUKTSAR,36.52
20-04-2025,30.5,74.5,SRI MUKTSAR SAHIB,PUNJAB,D533,MUKTSAR,36.54
21-04-2025,30.5,74.5,SRI MUKTSAR SAHIB,PUNJAB,D533,MUKTSAR,36.16
22-04-2025,30.5,74.5,SRI MUKTSAR SAHIB,PUNJAB,D533,MUKTSAR,36.61
23-04-2025,30.5,74.5,SRI MUKTSAR SAHIB,PUNJAB,D533,MUKTSAR,37.08
24-04-2025,30.5,74.5,SRI MUKTSAR SAHIB,PUNJAB,D533,MUKTSAR,37.88
25-04-2025,30.5,74.5,SRI MUKTSAR SAHIB,PUNJAB,D533,MUKTSAR,38.56
26-04-2025,30.5,74.5,SRI MUKTSAR SAHIB,PUNJAB,D533,MUKTSAR,38.49
27-04-2025,30.5,74.5,SRI MUKTSAR SAHIB,PUNJAB,D533,MUKTSAR,38.51
28-04-2025,30.5,74.5,SRI MUKTSAR SAHIB,PUNJAB,D533,MUKTSAR,38.89
29-04-2025,30.5,74.5,SRI MUKTSAR SAHIB,PUNJAB,D533,MUKTSAR,38.6
30-04-2025,30.5,74.5,SRI MUKTSAR SAHIB,PUNJAB,D533,MUKTSAR,38.62
01-05-2025,30.5,74.5,SRI MUKTSAR SAHIB,PUNJAB,D533,MUKTSAR,38.59
02-05-2025,30.5,74.5,SRI MUKTSAR SAHIB,PUNJAB,D533,MUKTSAR,38.27
03-05-2025,30.5,74.5,SRI MUKTSAR SAHIB,PUNJAB,D533,MUKTSAR,38.53
04-05-2025,30.5,74.5,SRI MUKTSAR SAHIB,PUNJAB,D533,MUKTSAR,38.7
05-05-2025,30.5,74.5,SRI MUKTSAR SAHIB,PUNJAB,D533,MUKTSAR,38.08
06-05-2025,30.5,74.5,SRI MUKTSAR SAHIB,PUNJAB,D533,MUKTSAR,38.61
07-05-2025,30.5,74.5,SRI MUKTSAR SAHIB,PUNJAB,D533,MUKTSAR,39.33
08-05-2025,30.5,74.5,SRI MUKTSAR SAHIB,PUNJAB,D533,MUKTSAR,39.27
09-05-2025,30.5,74.5,SRI MUKTSAR SAHIB,PUNJAB,D533,MUKTSAR,39.59
10-05-2025,30.5,74.5,SRI MUKTSAR SAHIB,PUNJAB,D533,MUKTSAR,39.53
11-05-2025,30.5,74.5,SRI MUKTSAR SAHIB,PUNJAB,D533,MUKTSAR,39.3
12-05-2025,30.5,74.5,SRI MUKTSAR SAHIB,PUNJAB,D533,MUKTSAR,39.14
13-05-2025,30.5,74.5,SRI MUKTSAR SAHIB,PUNJAB,D533,MUKTSAR,39.05
14-05-2025,30.5,74.5,SRI MUKTSAR SAHIB,PUNJAB,D533,MUKTSAR,39.46
15-05-2025,30.5,74.5,SRI MUKTSAR SAHIB,PUNJAB,D533,MUKTSAR,39.83
16-05-2025,30.5,74.5,SRI MUKTSAR SAHIB,PUNJAB,D533,MUKTSAR,39.81
17-05-2025,30.5,74.5,SRI MUKTSAR SAHIB,PUNJAB,D533,MUKTSAR,40.01
18-05-2025,30.5,74.5,SRI MUKTSAR SAHIB,PUNJAB,D533,MUKTSAR,39.99
19-05-2025,30.5,74.5,SRI MUKTSAR SAHIB,PUNJAB,D533,MUKTSAR,40.36
20-05-2025,30.5,74.5,SRI MUKTSAR SAHIB,PUNJAB,D533,MUKTSAR,40.19
21-05-2025,30.5,74.5,SRI MUKTSAR SAHIB,PUNJAB,D533,MUKTSAR,40.18
22-05-2025,30.5,74.5,SRI MUKTSAR SAHIB,PUNJAB,D533,MUKTSAR,40.36
23-05-2025,30.5,74.5,SRI MUKTSAR SAHIB,PUNJAB,D533,MUKTSAR,39.77
24-05-2025,30.5,74.5,SRI MUKTSAR SAHIB,PUNJAB,D533,MUKTSAR,39.66
25-05-2025,30.5,74.5,SRI MUKTSAR SAHIB,PUNJAB,D533,MUKTSAR,40.41
26-05-2025,30.5,74.5,SRI MUKTSAR SAHIB,PUNJAB,D533,MUKTSAR,40.82
27-05-2025,30.5,74.5,SRI MUKTSAR SAHIB,PUNJAB,D533,MUKTSAR,40.88
28-05-2025,30.5,74.5,SRI MUKTSAR SAHIB,PUNJAB,D533,MUKTSAR,41.02
29-05-2025,30.5,74.5,SRI MUKTSAR SAHIB,PUNJAB,D533,MUKTSAR,40.52
30-05-2025,30.5,74.5,SRI MUKTSAR SAHIB,PUNJAB,D533,MUKTSAR,40.1
31-05-2025,30.5,74.5,SRI MUKTSAR SAHIB,PUNJAB,D533,MUKTSAR,40.83
01-06-2025,30.5,74.5,SRI MUKTSAR SAHIB,PUNJAB,D533,MUKTSAR,39.88
02-06-2025,30.5,74.5,SRI MUKTSAR SAHIB,PUNJAB,D533,MUKTSAR,40.01
03-06-2025,30.5,74.5,SRI MUKTSAR SAHIB,PUNJAB,D533,MUKTSAR,40.41
04-06-2025,30.5,74.5,SRI MUKTSAR SAHIB,PUNJAB,D533,MUKTSAR,40.6
05-06-2025,30.5,74.5,SRI MUKTSAR SAHIB,PUNJAB,D533,MUKTSAR,40.81
06-06-2025,30.5,74.5,SRI MUKTSAR SAHIB,PUNJAB,D533,MUKTSAR,40.43
07-06-2025,30.5,74.5,SRI MUKTSAR SAHIB,PUNJAB,D533,MUKTSAR,40.32
08-06-2025,30.5,74.5,SRI MUKTSAR SAHIB,PUNJAB,D533,MUKTSAR,40.61
09-06-2025,30.5,74.5,SRI MUKTSAR SAHIB,PUNJAB,D533,MUKTSAR,41.25
10-06-2025,30.5,74.5,SRI MUKTSAR SAHIB,PUNJAB,D533,MUKTSAR,41.05
11-06-2025,30.5,74.5,SRI MUKTSAR SAHIB,PUNJAB,D533,MUKTSAR,40.8
12-06-2025,30.5,74.5,SRI MUKTSAR SAHIB,PUNJAB,D533,MUKTSAR,41.14
13-06-2025,30.5,74.5,SRI MUKTSAR SAHIB,PUNJAB,D533,MUKTSAR,40.15
14-06-2025,30.5,74.5,SRI MUKTSAR SAHIB,PUNJAB,D533,MUKTSAR,40.18
15-06-2025,30.5,74.5,SRI MUKTSAR SAHIB,PUNJAB,D533,MUKTSAR,39.27
16-06-2025,30.5,74.5,SRI MUKTSAR SAHIB,PUNJAB,D533,MUKTSAR,38.79
17-06-2025,30.5,74.5,SRI MUKTSAR SAHIB,PUNJAB,D533,MUKTSAR,38.52
18-06-2025,30.5,74.5,SRI MUKTSAR SAHIB,PUNJAB,D533,MUKTSAR,38.19
19-06-2025,30.5,74.5,SRI MUKTSAR SAHIB,PUNJAB,D533,MUKTSAR,38.91
20-06-2025,30.5,74.5,SRI MUKTSAR SAHIB,PUNJAB,D533,MUKTSAR,38.7
21-06-2025,30.5,74.5,SRI MUKTSAR SAHIB,PUNJAB,D533,MUKTSAR,38.61
22-06-2025,30.5,74.5,SRI MUKTSAR SAHIB,PUNJAB,D533,MUKTSAR,39.01
23-06-2025,30.5,74.5,SRI MUKTSAR SAHIB,PUNJAB,D533,MUKTSAR,39.11
24-06-2025,30.5,74.5,SRI MUKTSAR SAHIB,PUNJAB,D533,MUKTSAR,38.99
25-06-2025,30.5,74.5,SRI MUKTSAR SAHIB,PUNJAB,D533,MUKTSAR,38.27
26-06-2025,30.5,74.5,SRI MUKTSAR SAHIB,PUNJAB,D533,MUKTSAR,38.24
27-06-2025,30.5,74.5,SRI MUKTSAR SAHIB,PUNJAB,D533,MUKTSAR,37.98
28-06-2025,30.5,74.5,SRI MUKTSAR SAHIB,PUNJAB,D533,MUKTSAR,38.1
29-06-2025,30.5,74.5,SRI MUKTSAR SAHIB,PUNJAB,D533,MUKTSAR,37.67
30-06-2025,30.5,74.5,SRI MUKTSAR SAHIB,PUNJAB,D533,MUKTSAR,37.48
01-07-2025,30.5,74.5,SRI MUKTSAR SAHIB,PUNJAB,D533,MUKTSAR,37.13
02-07-2025,30.5,74.5,SRI MUKTSAR SAHIB,PUNJAB,D533,MUKTSAR,37.46
03-07-2025,30.5,74.5,SRI MUKTSAR SAHIB,PUNJAB,D533,MUKTSAR,37.13
04-07-2025,30.5,74.5,SRI MUKTSAR SAHIB,PUNJAB,D533,MUKTSAR,37.13
05-07-2025,30.5,74.5,SRI MUKTSAR SAHIB,PUNJAB,D533,MUKTSAR,36.82
06-07-2025,30.5,74.5,SRI MUKTSAR SAHIB,PUNJAB,D533,MUKTSAR,36.1
07-07-2025,30.5,74.5,SRI MUKTSAR SAHIB,PUNJAB,D533,MUKTSAR,36.62
08-07-2025,30.5,74.5,SRI MUKTSAR SAHIB,PUNJAB,D533,MUKTSAR,36.75
09-07-2025,30.5,74.5,SRI MUKTSAR SAHIB,PUNJAB,D533,MUKTSAR,36.65
10-07-2025,30.5,74.5,SRI MUKTSAR SAHIB,PUNJAB,D533,MUKTSAR,36.39
11-07-2025,30.5,74.5,SRI MUKTSAR SAHIB,PUNJAB,D533,MUKTSAR,36.67
12-07-2025,30.5,74.5,SRI MUKTSAR SAHIB,PUNJAB,D533,MUKTSAR,35.78
13-07-2025,30.5,74.5,SRI MUKTSAR SAHIB,PUNJAB,D533,MUKTSAR,35.97
14-07-2025,30.5,74.5,SRI MUKTSAR SAHIB,PUNJAB,D533,MUKTSAR,35.53
15-07-2025,30.5,74.5,SRI MUKTSAR SAHIB,PUNJAB,D533,MUKTSAR,35.56
16-07-2025,30.5,74.5,SRI MUKTSAR SAHIB,PUNJAB,D533,MUKTSAR,35.36
17-07-2025,30.5,74.5,SRI MUKTSAR SAHIB,PUNJAB,D533,MUKTSAR,35.17
18-07-2025,30.5,74.5,SRI MUKTSAR SAHIB,PUNJAB,D533,MUKTSAR,36.09
19-07-2025,30.5,74.5,SRI MUKTSAR SAHIB,PUNJAB,D533,MUKTSAR,36.12
20-07-2025,30.5,74.5,SRI MUKTSAR SAHIB,PUNJAB,D533,MUKTSAR,35.69
21-07-2025,30.5,74.5,SRI MUKTSAR SAHIB,PUNJAB,D533,MUKTSAR,35.47
22-07-2025,30.5,74.5,SRI MUKTSAR SAHIB,PUNJAB,D533,MUKTSAR,35
23-07-2025,30.5,74.5,SRI MUKTSAR SAHIB,PUNJAB,D533,MUKTSAR,35.29
24-07-2025,30.5,74.5,SRI MUKTSAR SAHIB,PUNJAB,D533,MUKTSAR,35.32
25-07-2025,30.5,74.5,SRI MUKTSAR SAHIB,PUNJAB,D533,MUKTSAR,35.47
26-07-2025,30.5,74.5,SRI MUKTSAR SAHIB,PUNJAB,D533,MUKTSAR,35.3
27-07-2025,30.5,74.5,SRI MUKTSAR SAHIB,PUNJAB,D533,MUKTSAR,34.71
28-07-2025,30.5,74.5,SRI MUKTSAR SAHIB,PUNJAB,D533,MUKTSAR,34.41
29-07-2025,30.5,74.5,SRI MUKTSAR SAHIB,PUNJAB,D533,MUKTSAR,34.44
30-07-2025,30.5,74.5,SRI MUKTSAR SAHIB,PUNJAB,D533,MUKTSAR,34.77
31-07-2025,30.5,74.5,SRI MUKTSAR SAHIB,PUNJAB,D533,MUKTSAR,34.75
01-08-2025,30.5,74.5,SRI MUKTSAR SAHIB,PUNJAB,D533,MUKTSAR,34.19
02-08-2025,30.5,74.5,SRI MUKTSAR SAHIB,PUNJAB,D533,MUKTSAR,34.69
03-08-2025,30.5,74.5,SRI MUKTSAR SAHIB,PUNJAB,D533,MUKTSAR,34.68
04-08-2025,30.5,74.5,SRI MUKTSAR SAHIB,PUNJAB,D533,MUKTSAR,34.22
05-08-2025,30.5,74.5,SRI MUKTSAR SAHIB,PUNJAB,D533,MUKTSAR,34.52
06-08-2025,30.5,74.5,SRI MUKTSAR SAHIB,PUNJAB,D533,MUKTSAR,34.3
07-08-2025,30.5,74.5,SRI MUKTSAR SAHIB,PUNJAB,D533,MUKTSAR,34.22
08-08-2025,30.5,74.5,SRI MUKTSAR SAHIB,PUNJAB,D533,MUKTSAR,34.89
09-08-2025,30.5,74.5,SRI MUKTSAR SAHIB,PUNJAB,D533,MUKTSAR,34.83
10-08-2025,30.5,74.5,SRI MUKTSAR SAHIB,PUNJAB,D533,MUKTSAR,34.58
11-08-2025,30.5,74.5,SRI MUKTSAR SAHIB,PUNJAB,D533,MUKTSAR,34.8
12-08-2025,30.5,74.5,SRI MUKTSAR SAHIB,PUNJAB,D533,MUKTSAR,34.54
13-08-2025,30.5,74.5,SRI MUKTSAR SAHIB,PUNJAB,D533,MUKTSAR,34.3
14-08-2025,30.5,74.5,SRI MUKTSAR SAHIB,PUNJAB,D533,MUKTSAR,34.33
15-08-2025,30.5,74.5,SRI MUKTSAR SAHIB,PUNJAB,D533,MUKTSAR,33.84
16-08-2025,30.5,74.5,SRI MUKTSAR SAHIB,PUNJAB,D533,MUKTSAR,34.31
17-08-2025,30.5,74.5,SRI MUKTSAR SAHIB,PUNJAB,D533,MUKTSAR,34.45
18-08-2025,30.5,74.5,SRI MUKTSAR SAHIB,PUNJAB,D533,MUKTSAR,35.09
19-08-2025,30.5,74.5,SRI MUKTSAR SAHIB,PUNJAB,D533,MUKTSAR,34.94
20-08-2025,30.5,74.5,SRI MUKTSAR SAHIB,PUNJAB,D533,MUKTSAR,34.71
21-08-2025,30.5,74.5,SRI MUKTSAR SAHIB,PUNJAB,D533,MUKTSAR,34.62
22-08-2025,30.5,74.5,SRI MUKTSAR SAHIB,PUNJAB,D533,MUKTSAR,34.9
23-08-2025,30.5,74.5,SRI MUKTSAR SAHIB,PUNJAB,D533,MUKTSAR,34.4
24-08-2025,30.5,74.5,SRI MUKTSAR SAHIB,PUNJAB,D533,MUKTSAR,34.51
25-08-2025,30.5,74.5,SRI MUKTSAR SAHIB,PUNJAB,D533,MUKTSAR,34.54
26-08-2025,30.5,74.5,SRI MUKTSAR SAHIB,PUNJAB,D533,MUKTSAR,34.85
27-08-2025,30.5,74.5,SRI MUKTSAR SAHIB,PUNJAB,D533,MUKTSAR,34.96
28-08-2025,30.5,74.5,SRI MUKTSAR SAHIB,PUNJAB,D533,MUKTSAR,34.81
29-08-2025,30.5,74.5,SRI MUKTSAR SAHIB,PUNJAB,D533,MUKTSAR,34.49
30-08-2025,30.5,74.5,SRI MUKTSAR SAHIB,PUNJAB,D533,MUKTSAR,34.79
31-08-2025,30.5,74.5,SRI MUKTSAR SAHIB,PUNJAB,D533,MUKTSAR,34.61
01-09-2025,30.5,74.5,SRI MUKTSAR SAHIB,PUNJAB,D533,MUKTSAR,34.48
02-09-2025,30.5,74.5,SRI MUKTSAR SAHIB,PUNJAB,D533,MUKTSAR,34.8
03-09-2025,30.5,74.5,SRI MUKTSAR SAHIB,PUNJAB,D533,MUKTSAR,34.18
04-09-2025,30.5,74.5,SRI MUKTSAR SAHIB,PUNJAB,D533,MUKTSAR,34.21
05-09-2025,30.5,74.5,SRI MUKTSAR SAHIB,PUNJAB,D533,MUKTSAR,34.82
06-09-2025,30.5,74.5,SRI MUKTSAR SAHIB,PUNJAB,D533,MUKTSAR,34.87
07-09-2025,30.5,74.5,SRI MUKTSAR SAHIB,PUNJAB,D533,MUKTSAR,34.76
08-09-2025,30.5,74.5,SRI MUKTSAR SAHIB,PUNJAB,D533,MUKTSAR,34.4
09-09-2025,30.5,74.5,SRI MUKTSAR SAHIB,PUNJAB,D533,MUKTSAR,34.7
10-09-2025,30.5,74.5,SRI MUKTSAR SAHIB,PUNJAB,D533,MUKTSAR,34.55
11-09-2025,30.5,74.5,SRI MUKTSAR SAHIB,PUNJAB,D533,MUKTSAR,34.67
12-09-2025,30.5,74.5,SRI MUKTSAR SAHIB,PUNJAB,D533,MUKTSAR,34.68
13-09-2025,30.5,74.5,SRI MUKTSAR SAHIB,PUNJAB,D533,MUKTSAR,34.7
14-09-2025,30.5,74.5,SRI MUKTSAR SAHIB,PUNJAB,D533,MUKTSAR,34.82
15-09-2025,30.5,74.5,SRI MUKTSAR SAHIB,PUNJAB,D533,MUKTSAR,34.78
16-09-2025,30.5,74.5,SRI MUKTSAR SAHIB,PUNJAB,D533,MUKTSAR,34.58
17-09-2025,30.5,74.5,SRI MUKTSAR SAHIB,PUNJAB,D533,MUKTSAR,34.88
18-09-2025,30.5,74.5,SRI MUKTSAR SAHIB,PUNJAB,D533,MUKTSAR,34.6
19-09-2025,30.5,74.5,SRI MUKTSAR SAHIB,PUNJAB,D533,MUKTSAR,34.51
20-09-2025,30.5,74.5,SRI MUKTSAR SAHIB,PUNJAB,D533,MUKTSAR,34.55
21-09-2025,30.5,74.5,SRI MUKTSAR SAHIB,PUNJAB,D533,MUKTSAR,34.69
22-09-2025,30.5,74.5,SRI MUKTSAR SAHIB,PUNJAB,D533,MUKTSAR,34.09
23-09-2025,30.5,74.5,SRI MUKTSAR SAHIB,PUNJAB,D533,MUKTSAR,33.67
24-09-2025,30.5,74.5,SRI MUKTSAR SAHIB,PUNJAB,D533,MUKTSAR,33.82
25-09-2025,30.5,74.5,SRI MUKTSAR SAHIB,PUNJAB,D533,MUKTSAR,34.27
26-09-2025,30.5,74.5,SRI MUKTSAR SAHIB,PUNJAB,D533,MUKTSAR,34.22
27-09-2025,30.5,74.5,SRI MUKTSAR SAHIB,PUNJAB,D533,MUKTSAR,34.5
28-09-2025,30.5,74.5,SRI MUKTSAR SAHIB,PUNJAB,D533,MUKTSAR,34.72
29-09-2025,30.5,74.5,SRI MUKTSAR SAHIB,PUNJAB,D533,MUKTSAR,34.6
30-09-2025,30.5,74.5,SRI MUKTSAR SAHIB,PUNJAB,D533,MUKTSAR,34.55
01-10-2025,30.5,74.5,SRI MUKTSAR SAHIB,PUNJAB,D533,MUKTSAR,34.47
02-10-2025,30.5,74.5,SRI MUKTSAR SAHIB,PUNJAB,D533,MUKTSAR,34.76
03-10-2025,30.5,74.5,SRI MUKTSAR SAHIB,PUNJAB,D533,MUKTSAR,34.63
04-10-2025,30.5,74.5,SRI MUKTSAR SAHIB,PUNJAB,D533,MUKTSAR,34.37
05-10-2025,30.5,74.5,SRI MUKTSAR SAHIB,PUNJAB,D533,MUKTSAR,34.31
06-10-2025,30.5,74.5,SRI MUKTSAR SAHIB,PUNJAB,D533,MUKTSAR,34.01
07-10-2025,30.5,74.5,SRI MUKTSAR SAHIB,PUNJAB,D533,MUKTSAR,34.2
08-10-2025,30.5,74.5,SRI MUKTSAR SAHIB,PUNJAB,D533,MUKTSAR,34.09
09-10-2025,30.5,74.5,SRI MUKTSAR SAHIB,PUNJAB,D533,MUKTSAR,34.19
10-10-2025,30.5,74.5,SRI MUKTSAR SAHIB,PUNJAB,D533,MUKTSAR,34.04
11-10-2025,30.5,74.5,SRI MUKTSAR SAHIB,PUNJAB,D533,MUKTSAR,33.69
12-10-2025,30.5,74.5,SRI MUKTSAR SAHIB,PUNJAB,D533,MUKTSAR,33.81
13-10-2025,30.5,74.5,SRI MUKTSAR SAHIB,PUNJAB,D533,MUKTSAR,33.59
14-10-2025,30.5,74.5,SRI MUKTSAR SAHIB,PUNJAB,D533,MUKTSAR,33.37
15-10-2025,30.5,74.5,SRI MUKTSAR SAHIB,PUNJAB,D533,MUKTSAR,33.33
16-10-2025,30.5,74.5,SRI MUKTSAR SAHIB,PUNJAB,D533,MUKTSAR,33.2
17-10-2025,30.5,74.5,SRI MUKTSAR SAHIB,PUNJAB,D533,MUKTSAR,32.58
18-10-2025,30.5,74.5,SRI MUKTSAR SAHIB,PUNJAB,D533,MUKTSAR,32.66
19-10-2025,30.5,74.5,SRI MUKTSAR SAHIB,PUNJAB,D533,MUKTSAR,32.78
20-10-2025,30.5,74.5,SRI MUKTSAR SAHIB,PUNJAB,D533,MUKTSAR,32.75
21-10-2025,30.5,74.5,SRI MUKTSAR SAHIB,PUNJAB,D533,MUKTSAR,32.25
22-10-2025,30.5,74.5,SRI MUKTSAR SAHIB,PUNJAB,D533,MUKTSAR,31.8
23-10-2025,30.5,74.5,SRI MUKTSAR SAHIB,PUNJAB,D533,MUKTSAR,31.64
24-10-2025,30.5,74.5,SRI MUKTSAR SAHIB,PUNJAB,D533,MUKTSAR,31.57
25-10-2025,30.5,74.5,SRI MUKTSAR SAHIB,PUNJAB,D533,MUKTSAR,31.47
26-10-2025,30.5,74.5,SRI MUKTSAR SAHIB,PUNJAB,D533,MUKTSAR,31.44
27-10-2025,30.5,74.5,SRI MUKTSAR SAHIB,PUNJAB,D533,MUKTSAR,31.35
28-10-2025,30.5,74.5,SRI MUKTSAR SAHIB,PUNJAB,D533,MUKTSAR,31.18
29-10-2025,30.5,74.5,SRI MUKTSAR SAHIB,PUNJAB,D533,MUKTSAR,30.88
30-10-2025,30.5,74.5,SRI MUKTSAR SAHIB,PUNJAB,D533,MUKTSAR,30.79
31-10-2025,30.5,74.5,SRI MUKTSAR SAHIB,PUNJAB,D533,MUKTSAR,30.73
01-11-2025,30.5,74.5,SRI MUKTSAR SAHIB,PUNJAB,D533,MUKTSAR,30.67
02-11-2025,30.5,74.5,SRI MUKTSAR SAHIB,PUNJAB,D533,MUKTSAR,30.31
03-11-2025,30.5,74.5,SRI MUKTSAR SAHIB,PUNJAB,D533,MUKTSAR,30.2
04-11-2025,30.5,74.5,SRI MUKTSAR SAHIB,PUNJAB,D533,MUKTSAR,29.93
05-11-2025,30.5,74.5,SRI MUKTSAR SAHIB,PUNJAB,D533,MUKTSAR,29.65
06-11-2025,30.5,74.5,SRI MUKTSAR SAHIB,PUNJAB,D533,MUKTSAR,29.58
07-11-2025,30.5,74.5,SRI MUKTSAR SAHIB,PUNJAB,D533,MUKTSAR,29.05
08-11-2025,30.5,74.5,SRI MUKTSAR SAHIB,PUNJAB,D533,MUKTSAR,28.85
09-11-2025,30.5,74.5,SRI MUKTSAR SAHIB,PUNJAB,D533,MUKTSAR,28.77
10-11-2025,30.5,74.5,SRI MUKTSAR SAHIB,PUNJAB,D533,MUKTSAR,28.58
11-11-2025,30.5,74.5,SRI MUKTSAR SAHIB,PUNJAB,D533,MUKTSAR,28.25
12-11-2025,30.5,74.5,SRI MUKTSAR SAHIB,PUNJAB,D533,MUKTSAR,28.12
13-11-2025,30.5,74.5,SRI MUKTSAR SAHIB,PUNJAB,D533,MUKTSAR,27.72
14-11-2025,30.5,74.5,SRI MUKTSAR SAHIB,PUNJAB,D533,MUKTSAR,27.31
15-11-2025,30.5,74.5,SRI MUKTSAR SAHIB,PUNJAB,D533,MUKTSAR,27.09
16-11-2025,30.5,74.5,SRI MUKTSAR SAHIB,PUNJAB,D533,MUKTSAR,26.94
17-11-2025,30.5,74.5,SRI MUKTSAR SAHIB,PUNJAB,D533,MUKTSAR,26.93
18-11-2025,30.5,74.5,SRI MUKTSAR SAHIB,PUNJAB,D533,MUKTSAR,26.84
19-11-2025,30.5,74.5,SRI MUKTSAR SAHIB,PUNJAB,D533,MUKTSAR,26.77
20-11-2025,30.5,74.5,SRI MUKTSAR SAHIB,PUNJAB,D533,MUKTSAR,26.67
21-11-2025,30.5,74.5,SRI MUKTSAR SAHIB,PUNJAB,D533,MUKTSAR,26.55
22-11-2025,30.5,74.5,SRI MUKTSAR SAHIB,PUNJAB,D533,MUKTSAR,26.23
23-11-2025,30.5,74.5,SRI MUKTSAR SAHIB,PUNJAB,D533,MUKTSAR,26.1
24-11-2025,30.5,74.5,SRI MUKTSAR SAHIB,PUNJAB,D533,MUKTSAR,26.33
25-11-2025,30.5,74.5,SRI MUKTSAR SAHIB,PUNJAB,D533,MUKTSAR,25.9
26-11-2025,30.5,74.5,SRI MUKTSAR SAHIB,PUNJAB,D533,MUKTSAR,25.77
27-11-2025,30.5,74.5,SRI MUKTSAR SAHIB,PUNJAB,D533,MUKTSAR,25.36
28-11-2025,30.5,74.5,SRI MUKTSAR SAHIB,PUNJAB,D533,MUKTSAR,25.25
29-11-2025,30.5,74.5,SRI MUKTSAR SAHIB,PUNJAB,D533,MUKTSAR,25.1
30-11-2025,30.5,74.5,SRI MUKTSAR SAHIB,PUNJAB,D533,MUKTSAR,24.95
01-12-2025,30.5,74.5,SRI MUKTSAR SAHIB,PUNJAB,D533,MUKTSAR,24.7
02-12-2025,30.5,74.5,SRI MUKTSAR SAHIB,PUNJAB,D533,MUKTSAR,24.45
03-12-2025,30.5,74.5,SRI MUKTSAR SAHIB,PUNJAB,D533,MUKTSAR,24.61
04-12-2025,30.5,74.5,SRI MUKTSAR SAHIB,PUNJAB,D533,MUKTSAR,24.52
05-12-2025,30.5,74.5,SRI MUKTSAR SAHIB,PUNJAB,D533,MUKTSAR,24.18
06-12-2025,30.5,74.5,SRI MUKTSAR SAHIB,PUNJAB,D533,MUKTSAR,24.15
07-12-2025,30.5,74.5,SRI MUKTSAR SAHIB,PUNJAB,D533,MUKTSAR,24.01
08-12-2025,30.5,74.5,SRI MUKTSAR SAHIB,PUNJAB,D533,MUKTSAR,23.94
09-12-2025,30.5,74.5,SRI MUKTSAR SAHIB,PUNJAB,D533,MUKTSAR,23.26
10-12-2025,30.5,74.5,SRI MUKTSAR SAHIB,PUNJAB,D533,MUKTSAR,22.8
11-12-2025,30.5,74.5,SRI MUKTSAR SAHIB,PUNJAB,D533,MUKTSAR,22.63
12-12-2025,30.5,74.5,SRI MUKTSAR SAHIB,PUNJAB,D533,MUKTSAR,21.74
13-12-2025,30.5,74.5,SRI MUKTSAR SAHIB,PUNJAB,D533,MUKTSAR,21.5
14-12-2025,30.5,74.5,SRI MUKTSAR SAHIB,PUNJAB,D533,MUKTSAR,21.26
15-12-2025,30.5,74.5,SRI MUKTSAR SAHIB,PUNJAB,D533,MUKTSAR,21.4
16-12-2025,30.5,74.5,SRI MUKTSAR SAHIB,PUNJAB,D533,MUKTSAR,20.81
17-12-2025,30.5,74.5,SRI MUKTSAR SAHIB,PUNJAB,D533,MUKTSAR,21.35
18-12-2025,30.5,74.5,SRI MUKTSAR SAHIB,PUNJAB,D533,MUKTSAR,21.23
19-12-2025,30.5,74.5,SRI MUKTSAR SAHIB,PUNJAB,D533,MUKTSAR,21.04
20-12-2025,30.5,74.5,SRI MUKTSAR SAHIB,PUNJAB,D533,MUKTSAR,20.55
21-12-2025,30.5,74.5,SRI MUKTSAR SAHIB,PUNJAB,D533,MUKTSAR,20.55
22-12-2025,30.5,74.5,SRI MUKTSAR SAHIB,PUNJAB,D533,MUKTSAR,20.43
23-12-2025,30.5,74.5,SRI MUKTSAR SAHIB,PUNJAB,D533,MUKTSAR,19.99
24-12-2025,30.5,74.5,SRI MUKTSAR SAHIB,PUNJAB,D533,MUKTSAR,19.97
25-12-2025,30.5,74.5,SRI MUKTSAR SAHIB,PUNJAB,D533,MUKTSAR,19.34
26-12-2025,30.5,74.5,SRI MUKTSAR SAHIB,PUNJAB,D533,MUKTSAR,19.3
27-12-2025,30.5,74.5,SRI MUKTSAR SAHIB,PUNJAB,D533,MUKTSAR,19.38
28-12-2025,30.5,74.5,SRI MUKTSAR SAHIB,PUNJAB,D533,MUKTSAR,19.49
29-12-2025,30.5,74.5,SRI MUKTSAR SAHIB,PUNJAB,D533,MUKTSAR,18.61
30-12-2025,30.5,74.5,SRI MUKTSAR SAHIB,PUNJAB,D533,MUKTSAR,18.54
31-12-2025,30.5,74.5,SRI MUKTSAR SAHIB,PUNJAB,D533,MUKTSAR,18.19
01-01-2025,25.5,84.5,BHOJPUR,BIHAR,D97,PIRO,21.2
02-01-2025,25.5,84.5,BHOJPUR,BIHAR,D97,PIRO,21.05
03-01-2025,25.5,84.5,BHOJPUR,BIHAR,D97,PIRO,20.98
04-01-2025,25.5,84.5,BHOJPUR,BIHAR,D97,PIRO,21.02
05-01-2025,25.5,84.5,BHOJPUR,BIHAR,D97,PIRO,20.9
06-01-2025,25.5,84.5,BHOJPUR,BIHAR,D97,PIRO,20.94
07-01-2025,25.5,84.5,BHOJPUR,BIHAR,D97,PIRO,20.83
08-01-2025,25.5,84.5,BHOJPUR,BIHAR,D97,PIRO,21.2
09-01-2025,25.5,84.5,BHOJPUR,BIHAR,D97,PIRO,21.18
10-01-2025,25.5,84.5,BHOJPUR,BIHAR,D97,PIRO,21.4
11-01-2025,25.5,84.5,BHOJPUR,BIHAR,D97,PIRO,20.97
12-01-2025,25.5,84.5,BHOJPUR,BIHAR,D97,PIRO,21.06
13-01-2025,25.5,84.5,BHOJPUR,BIHAR,D97,PIRO,21.37
14-01-2025,25.5,84.5,BHOJPUR,BIHAR,D97,PIRO,21.43
15-01-2025,25.5,84.5,BHOJPUR,BIHAR,D97,PIRO,21.48
16-01-2025,25.5,84.5,BHOJPUR,BIHAR,D97,PIRO,21.49
17-01-2025,25.5,84.5,BHOJPUR,BIHAR,D97,PIRO,21.48
18-01-2025,25.5,84.5,BHOJPUR,BIHAR,D97,PIRO,21.77
19-01-2025,25.5,84.5,BHOJPUR,BIHAR,D97,PIRO,21.73
20-01-2025,25.5,84.5,BHOJPUR,BIHAR,D97,PIRO,21.85
21-01-2025,25.5,84.5,BHOJPUR,BIHAR,D97,PIRO,21.77
22-01-2025,25.5,84.5,BHOJPUR,BIHAR,D97,PIRO,21.92
23-01-2025,25.5,84.5,BHOJPUR,BIHAR,D97,PIRO,22.28
24-01-2025,25.5,84.5,BHOJPUR,BIHAR,D97,PIRO,22.32
25-01-2025,25.5,84.5,BHOJPUR,BIHAR,D97,PIRO,22.6
26-01-2025,25.5,84.5,BHOJPUR,BIHAR,D97,PIRO,22.77
27-01-2025,25.5,84.5,BHOJPUR,BIHAR,D97,PIRO,23.02
28-01-2025,25.5,84.5,BHOJPUR,BIHAR,D97,PIRO,23.18
29-01-2025,25.5,84.5,BHOJPUR,BIHAR,D97,PIRO,22.81
30-01-2025,25.5,84.5,BHOJPUR,BIHAR,D97,PIRO,23.54
31-01-2025,25.5,84.5,BHOJPUR,BIHAR,D97,PIRO,23.88
01-02-2025,25.5,84.5,BHOJPUR,BIHAR,D97,PIRO,23.87
02-02-2025,25.5,84.5,BHOJPUR,BIHAR,D97,PIRO,24.06
03-02-2025,25.5,84.5,BHOJPUR,BIHAR,D97,PIRO,24.65
04-02-2025,25.5,84.5,BHOJPUR,BIHAR,D97,PIRO,24.88
05-02-2025,25.5,84.5,BHOJPUR,BIHAR,D97,PIRO,25.09
06-02-2025,25.5,84.5,BHOJPUR,BIHAR,D97,PIRO,25.25
07-02-2025,25.5,84.5,BHOJPUR,BIHAR,D97,PIRO,25.28
08-02-2025,25.5,84.5,BHOJPUR,BIHAR,D97,PIRO,24.79
09-02-2025,25.5,84.5,BHOJPUR,BIHAR,D97,PIRO,25.22
10-02-2025,25.5,84.5,BHOJPUR,BIHAR,D97,PIRO,25.46
11-02-2025,25.5,84.5,BHOJPUR,BIHAR,D97,PIRO,25.55
12-02-2025,25.5,84.5,BHOJPUR,BIHAR,D97,PIRO,25.98
13-02-2025,25.5,84.5,BHOJPUR,BIHAR,D97,PIRO,25.9
14-02-2025,25.5,84.5,BHOJPUR,BIHAR,D97,PIRO,26.48
15-02-2025,25.5,84.5,BHOJPUR,BIHAR,D97,PIRO,26.48
16-02-2025,25.5,84.5,BHOJPUR,BIHAR,D97,PIRO,26.49
17-02-2025,25.5,84.5,BHOJPUR,BIHAR,D97,PIRO,26.99
18-02-2025,25.5,84.5,BHOJPUR,BIHAR,D97,PIRO,27.56
19-02-2025,25.5,84.5,BHOJPUR,BIHAR,D97,PIRO,28.02
20-02-2025,25.5,84.5,BHOJPUR,BIHAR,D97,PIRO,28.06
21-02-2025,25.5,84.5,BHOJPUR,BIHAR,D97,PIRO,28.26
22-02-2025,25.5,84.5,BHOJPUR,BIHAR,D97,PIRO,28.29
23-02-2025,25.5,84.5,BHOJPUR,BIHAR,D97,PIRO,28.82
24-02-2025,25.5,84.5,BHOJPUR,BIHAR,D97,PIRO,28.99
25-02-2025,25.5,84.5,BHOJPUR,BIHAR,D97,PIRO,28.56
26-02-2025,25.5,84.5,BHOJPUR,BIHAR,D97,PIRO,28.27
27-02-2025,25.5,84.5,BHOJPUR,BIHAR,D97,PIRO,28.48
28-02-2025,25.5,84.5,BHOJPUR,BIHAR,D97,PIRO,28.72
29-02-2025,25.5,84.5,BHOJPUR,BIHAR,D97,PIRO,29.07
01-03-2025,25.5,84.5,BHOJPUR,BIHAR,D97,PIRO,28.76
02-03-2025,25.5,84.5,BHOJPUR,BIHAR,D97,PIRO,29.23
03-03-2025,25.5,84.5,BHOJPUR,BIHAR,D97,PIRO,29.58
04-03-2025,25.5,84.5,BHOJPUR,BIHAR,D97,PIRO,29.89
05-03-2025,25.5,84.5,BHOJPUR,BIHAR,D97,PIRO,29.54
06-03-2025,25.5,84.5,BHOJPUR,BIHAR,D97,PIRO,29.38
07-03-2025,25.5,84.5,BHOJPUR,BIHAR,D97,PIRO,30.03
08-03-2025,25.5,84.5,BHOJPUR,BIHAR,D97,PIRO,30.02
09-03-2025,25.5,84.5,BHOJPUR,BIHAR,D97,PIRO,30.33
10-03-2025,25.5,84.5,BHOJPUR,BIHAR,D97,PIRO,30.55
11-03-2025,25.5,84.5,BHOJPUR,BIHAR,D97,PIRO,31.12
12-03-2025,25.5,84.5,BHOJPUR,BIHAR,D97,PIRO,31.46
13-03-2025,25.5,84.5,BHOJPUR,BIHAR,D97,PIRO,30.57
14-03-2025,25.5,84.5,BHOJPUR,BIHAR,D97,PIRO,30.97
15-03-2025,25.5,84.5,BHOJPUR,BIHAR,D97,PIRO,31.33
16-03-2025,25.5,84.5,BHOJPUR,BIHAR,D97,PIRO,31.85
17-03-2025,25.5,84.5,BHOJPUR,BIHAR,D97,PIRO,32.18
18-03-2025,25.5,84.5,BHOJPUR,BIHAR,D97,PIRO,32.76
19-03-2025,25.5,84.5,BHOJPUR,BIHAR,D97,PIRO,32.65
20-03-2025,25.5,84.5,BHOJPUR,BIHAR,D97,PIRO,32.85
21-03-2025,25.5,84.5,BHOJPUR,BIHAR,D97,PIRO,33.1
22-03-2025,25.5,84.5,BHOJPUR,BIHAR,D97,PIRO,33.67
23-03-2025,25.5,84.5,BHOJPUR,BIHAR,D97,PIRO,33.93
24-03-2025,25.5,84.5,BHOJPUR,BIHAR,D97,PIRO,34.21
25-03-2025,25.5,84.5,BHOJPUR,BIHAR,D97,PIRO,34.59
26-03-2025,25.5,84.5,BHOJPUR,BIHAR,D97,PIRO,34.68
27-03-2025,25.5,84.5,BHOJPUR,BIHAR,D97,PIRO,35.16
28-03-2025,25.5,84.5,BHOJPUR,BIHAR,D97,PIRO,34.93
29-03-2025,25.5,84.5,BHOJPUR,BIHAR,D97,PIRO,35.47
30-03-2025,25.5,84.5,BHOJPUR,BIHAR,D97,PIRO,35.2
31-03-2025,25.5,84.5,BHOJPUR,BIHAR,D97,PIRO,35.21
01-04-2025,25.5,84.5,BHOJPUR,BIHAR,D97,PIRO,35.72
02-04-2025,25.5,84.5,BHOJPUR,BIHAR,D97,PIRO,36.11
03-04-2025,25.5,84.5,BHOJPUR,BIHAR,D97,PIRO,36.46
04-04-2025,25.5,84.5,BHOJPUR,BIHAR,D97,PIRO,36.16
05-04-2025,25.5,84.5,BHOJPUR,BIHAR,D97,PIRO,36.25
06-04-2025,25.5,84.5,BHOJPUR,BIHAR,D97,PIRO,37.12
07-04-2025,25.5,84.5,BHOJPUR,BIHAR,D97,PIRO,37.48
08-04-2025,25.5,84.5,BHOJPUR,BIHAR,D97,PIRO,37.2
09-04-2025,25.5,84.5,BHOJPUR,BIHAR,D97,PIRO,37.15
10-04-2025,25.5,84.5,BHOJPUR,BIHAR,D97,PIRO,37.15
11-04-2025,25.5,84.5,BHOJPUR,BIHAR,D97,PIRO,37.44
12-04-2025,25.5,84.5,BHOJPUR,BIHAR,D97,PIRO,37.56
13-04-2025,25.5,84.5,BHOJPUR,BIHAR,D97,PIRO,37.58
14-04-2025,25.5,84.5,BHOJPUR,BIHAR,D97,PIRO,37.74
15-04-2025,25.5,84.5,BHOJPUR,BIHAR,D97,PIRO,37.61
16-04-2025,25.5,84.5,BHOJPUR,BIHAR,D97,PIRO,38
17-04-2025,25.5,84.5,BHOJPUR,BIHAR,D97,PIRO,38.19
18-04-2025,25.5,84.5,BHOJPUR,BIHAR,D97,PIRO,37.85
19-04-2025,25.5,84.5,BHOJPUR,BIHAR,D97,PIRO,38.02
20-04-2025,25.5,84.5,BHOJPUR,BIHAR,D97,PIRO,37.98
21-04-2025,25.5,84.5,BHOJPUR,BIHAR,D97,PIRO,37.46
22-04-2025,25.5,84.5,BHOJPUR,BIHAR,D97,PIRO,37.42
23-04-2025,25.5,84.5,BHOJPUR,BIHAR,D97,PIRO,38.36
24-04-2025,25.5,84.5,BHOJPUR,BIHAR,D97,PIRO,38.01
25-04-2025,25.5,84.5,BHOJPUR,BIHAR,D97,PIRO,38.01
26-04-2025,25.5,84.5,BHOJPUR,BIHAR,D97,PIRO,38.05
27-04-2025,25.5,84.5,BHOJPUR,BIHAR,D97,PIRO,37.93
28-04-2025,25.5,84.5,BHOJPUR,BIHAR,D97,PIRO,37.74
29-04-2025,25.5,84.5,BHOJPUR,BIHAR,D97,PIRO,37.9
30-04-2025,25.5,84.5,BHOJPUR,BIHAR,D97,PIRO,37.53
01-05-2025,25.5,84.5,BHOJPUR,BIHAR,D97,PIRO,37.32
02-05-2025,25.5,84.5,BHOJPUR,BIHAR,D97,PIRO,37.03
03-05-2025,25.5,84.5,BHOJPUR,BIHAR,D97,PIRO,36.96
04-05-2025,25.5,84.5,BHOJPUR,BIHAR,D97,PIRO,37.05
05-05-2025,25.5,84.5,BHOJPUR,BIHAR,D97,PIRO,36.98
06-05-2025,25.5,84.5,BHOJPUR,BIHAR,D97,PIRO,37.58
07-05-2025,25.5,84.5,BHOJPUR,BIHAR,D97,PIRO,37.24
08-05-2025,25.5,84.5,BHOJPUR,BIHAR,D97,PIRO,37.57
09-05-2025,25.5,84.5,BHOJPUR,BIHAR,D97,PIRO,37.97
10-05-2025,25.5,84.5,BHOJPUR,BIHAR,D97,PIRO,37.91
11-05-2025,25.5,84.5,BHOJPUR,BIHAR,D97,PIRO,38.24
12-05-2025,25.5,84.5,BHOJPUR,BIHAR,D97,PIRO,37.65
13-05-2025,25.5,84.5,BHOJPUR,BIHAR,D97,PIRO,38.22
14-05-2025,25.5,84.5,BHOJPUR,BIHAR,D97,PIRO,38.39
15-05-2025,25.5,84.5,BHOJPUR,BIHAR,D97,PIRO,38.23
16-05-2025,25.5,84.5,BHOJPUR,BIHAR,D97,PIRO,38.42
17-05-2025,25.5,84.5,BHOJPUR,BIHAR,D97,PIRO,38.48
18-05-2025,25.5,84.5,BHOJPUR,BIHAR,D97,PIRO,38.5
19-05-2025,25.5,84.5,BHOJPUR,BIHAR,D97,PIRO,38.23
20-05-2025,25.5,84.5,BHOJPUR,BIHAR,D97,PIRO,37.96
21-05-2025,25.5,84.5,BHOJPUR,BIHAR,D97,PIRO,38.15
22-05-2025,25.5,84.5,BHOJPUR,BIHAR,D97,PIRO,38.38
23-05-2025,25.5,84.5,BHOJPUR,BIHAR,D97,PIRO,38.6
24-05-2025,25.5,84.5,BHOJPUR,BIHAR,D97,PIRO,38.68
25-05-2025,25.5,84.5,BHOJPUR,BIHAR,D97,PIRO,38.53
26-05-2025,25.5,84.5,BHOJPUR,BIHAR,D97,PIRO,38.67
27-05-2025,25.5,84.5,BHOJPUR,BIHAR,D97,PIRO,37.97
28-05-2025,25.5,84.5,BHOJPUR,BIHAR,D97,PIRO,37.97
29-05-2025,25.5,84.5,BHOJPUR,BIHAR,D97,PIRO,38.06
30-05-2025,25.5,84.5,BHOJPUR,BIHAR,D97,PIRO,38.35
31-05-2025,25.5,84.5,BHOJPUR,BIHAR,D97,PIRO,38.34
01-06-2025,25.5,84.5,BHOJPUR,BIHAR,D97,PIRO,38.62
02-06-2025,25.5,84.5,BHOJPUR,BIHAR,D97,PIRO,38.84
03-06-2025,25.5,84.5,BHOJPUR,BIHAR,D97,PIRO,39.05
04-06-2025,25.5,84.5,BHOJPUR,BIHAR,D97,PIRO,38.58
05-06-2025,25.5,84.5,BHOJPUR,BIHAR,D97,PIRO,38.5
06-06-2025,25.5,84.5,BHOJPUR,BIHAR,D97,PIRO,38.2
07-06-2025,25.5,84.5,BHOJPUR,BIHAR,D97,PIRO,38.07
08-06-2025,25.5,84.5,BHOJPUR,BIHAR,D97,PIRO,37.77
09-06-2025,25.5,84.5,BHOJPUR,BIHAR,D97,PIRO,38.45
10-06-2025,25.5,84.5,BHOJPUR,BIHAR,D97,PIRO,38.67
11-06-2025,25.5,84.5,BHOJPUR,BIHAR,D97,PIRO,38.45
12-06-2025,25.5,84.5,BHOJPUR,BIHAR,D97,PIRO,38.53
13-06-2025,25.5,84.5,BHOJPUR,BIHAR,D97,PIRO,38.11
14-06-2025,25.5,84.5,BHOJPUR,BIHAR,D97,PIRO,37.69
15-06-2025,25.5,84.5,BHOJPUR,BIHAR,D97,PIRO,37.32
16-06-2025,25.5,84.5,BHOJPUR,BIHAR,D97,PIRO,37.03
17-06-2025,25.5,84.5,BHOJPUR,BIHAR,D97,PIRO,37.13
18-06-2025,25.5,84.5,BHOJPUR,BIHAR,D97,PIRO,36.63
19-06-2025,25.5,84.5,BHOJPUR,BIHAR,D97,PIRO,36.22
20-06-2025,25.5,84.5,BHOJPUR,BIHAR,D97,PIRO,36.17
21-06-2025,25.5,84.5,BHOJPUR,BIHAR,D97,PIRO,35.95
22-06-2025,25.5,84.5,BHOJPUR,BIHAR,D97,PIRO,35.92
23-06-2025,25.5,84.5,BHOJPUR,BIHAR,D97,PIRO,35.51
24-06-2025,25.5,84.5,BHOJPUR,BIHAR,D97,PIRO,35.62
25-06-2025,25.5,84.5,BHOJPUR,BIHAR,D97,PIRO,35.42
26-06-2025,25.5,84.5,BHOJPUR,BIHAR,D97,PIRO,35.17
27-06-2025,25.5,84.5,BHOJPUR,BIHAR,D97,PIRO,34.93
28-06-2025,25.5,84.5,BHOJPUR,BIHAR,D97,PIRO,34.59
29-06-2025,25.5,84.5,BHOJPUR,BIHAR,D97,PIRO,33.98
30-06-2025,25.5,84.5,BHOJPUR,BIHAR,D97,PIRO,33.87
01-07-2025,25.5,84.5,BHOJPUR,BIHAR,D97,PIRO,34.44
02-07-2025,25.5,84.5,BHOJPUR,BIHAR,D97,PIRO,33.93
03-07-2025,25.5,84.5,BHOJPUR,BIHAR,D97,PIRO,33.98
04-07-2025,25.5,84.5,BHOJPUR,BIHAR,D97,PIRO,33.87
05-07-2025,25.5,84.5,BHOJPUR,BIHAR,D97,PIRO,33.46
06-07-2025,25.5,84.5,BHOJPUR,BIHAR,D97,PIRO,33.97
07-07-2025,25.5,84.5,BHOJPUR,BIHAR,D97,PIRO,33.94
08-07-2025,25.5,84.5,BHOJPUR,BIHAR,D97,PIRO,34.26
09-07-2025,25.5,84.5,BHOJPUR,BIHAR,D97,PIRO,34.04
10-07-2025,25.5,84.5,BHOJPUR,BIHAR,D97,PIRO,33.67
11-07-2025,25.5,84.5,BHOJPUR,BIHAR,D97,PIRO,33.25
12-07-2025,25.5,84.5,BHOJPUR,BIHAR,D97,PIRO,33.48
13-07-2025,25.5,84.5,BHOJPUR,BIHAR,D97,PIRO,34.08
14-07-2025,25.5,84.5,BHOJPUR,BIHAR,D97,PIRO,34.21
15-07-2025,25.5,84.5,BHOJPUR,BIHAR,D97,PIRO,33.83
16-07-2025,25.5,84.5,BHOJPUR,BIHAR,D97,PIRO,33.68
17-07-2025,25.5,84.5,BHOJPUR,BIHAR,D97,PIRO,33.83
18-07-2025,25.5,84.5,BHOJPUR,BIHAR,D97,PIRO,34.14
19-07-2025,25.5,84.5,BHOJPUR,BIHAR,D97,PIRO,34.06
20-07-2025,25.5,84.5,BHOJPUR,BIHAR,D97,PIRO,33.81
21-07-2025,25.5,84.5,BHOJPUR,BIHAR,D97,PIRO,33.53
22-07-2025,25.5,84.5,BHOJPUR,BIHAR,D97,PIRO,33.63
23-07-2025,25.5,84.5,BHOJPUR,BIHAR,D97,PIRO,33.5
24-07-2025,25.5,84.5,BHOJPUR,BIHAR,D97,PIRO,33.37
25-07-2025,25.5,84.5,BHOJPUR,BIHAR,D97,PIRO,33.45
26-07-2025,25.5,84.5,BHOJPUR,BIHAR,D97,PIRO,33.49
27-07-2025,25.5,84.5,BHOJPUR,BIHAR,D97,PIRO,33.26
28-07-2025,25.5,84.5,BHOJPUR,BIHAR,D97,PIRO,33.48
29-07-2025,25.5,84.5,BHOJPUR,BIHAR,D97,PIRO,33.64
30-07-2025,25.5,84.5,BHOJPUR,BIHAR,D97,PIRO,33.4
31-07-2025,25.5,84.5,BHOJPUR,BIHAR,D97,PIRO,33.17
01-08-2025,25.5,84.5,BHOJPUR,BIHAR,D97,PIRO,33.45
02-08-2025,25.5,84.5,BHOJPUR,BIHAR,D97,PIRO,33.31
03-08-2025,25.5,84.5,BHOJPUR,BIHAR,D97,PIRO,33.02
04-08-2025,25.5,84.5,BHOJPUR,BIHAR,D97,PIRO,33.59
05-08-2025,25.5,84.5,BHOJPUR,BIHAR,D97,PIRO,33.54
06-08-2025,25.5,84.5,BHOJPUR,BIHAR,D97,PIRO,33.59
07-08-2025,25.5,84.5,BHOJPUR,BIHAR,D97,PIRO,33.76
08-08-2025,25.5,84.5,BHOJPUR,BIHAR,D97,PIRO,33.44
09-08-2025,25.5,84.5,BHOJPUR,BIHAR,D97,PIRO,33.79
10-08-2025,25.5,84.5,BHOJPUR,BIHAR,D97,PIRO,33.79
11-08-2025,25.5,84.5,BHOJPUR,BIHAR,D97,PIRO,33.29
12-08-2025,25.5,84.5,BHOJPUR,BIHAR,D97,PIRO,32.87
13-08-2025,25.5,84.5,BHOJPUR,BIHAR,D97,PIRO,32.58
14-08-2025,25.5,84.5,BHOJPUR,BIHAR,D97,PIRO,32.46
15-08-2025,25.5,84.5,BHOJPUR,BIHAR,D97,PIRO,32.95
16-08-2025,25.5,84.5,BHOJPUR,BIHAR,D97,PIRO,33.67
17-08-2025,25.5,84.5,BHOJPUR,BIHAR,D97,PIRO,33.18
18-08-2025,25.5,84.5,BHOJPUR,BIHAR,D97,PIRO,33.03
19-08-2025,25.5,84.5,BHOJPUR,BIHAR,D97,PIRO,33
20-08-2025,25.5,84.5,BHOJPUR,BIHAR,D97,PIRO,32.91
21-08-2025,25.5,84.5,BHOJPUR,BIHAR,D97,PIRO,33.22
22-08-2025,25.5,84.5,BHOJPUR,BIHAR,D97,PIRO,33.26
23-08-2025,25.5,84.5,BHOJPUR,BIHAR,D97,PIRO,32.98
24-08-2025,25.5,84.5,BHOJPUR,BIHAR,D97,PIRO,32.89
25-08-2025,25.5,84.5,BHOJPUR,BIHAR,D97,PIRO,33.18
26-08-2025,25.5,84.5,BHOJPUR,BIHAR,D97,PIRO,33.55
27-08-2025,25.5,84.5,BHOJPUR,BIHAR,D97,PIRO,33.38
28-08-2025,25.5,84.5,BHOJPUR,BIHAR,D97,PIRO,33.39
29-08-2025,25.5,84.5,BHOJPUR,BIHAR,D97,PIRO,33.64
30-08-2025,25.5,84.5,BHOJPUR,BIHAR,D97,PIRO,33.81
31-08-2025,25.5,84.5,BHOJPUR,BIHAR,D97,PIRO,33.57
01-09-2025,25.5,84.5,BHOJPUR,BIHAR,D97,PIRO,33.37
02-09-2025,25.5,84.5,BHOJPUR,BIHAR,D97,PIRO,33.32
03-09-2025,25.5,84.5,BHOJPUR,BIHAR,D97,PIRO,33.54
04-09-2025,25.5,84.5,BHOJPUR,BIHAR,D97,PIRO,33.52
05-09-2025,25.5,84.5,BHOJPUR,BIHAR,D97,PIRO,33.44
06-09-2025,25.5,84.5,BHOJPUR,BIHAR,D97,PIRO,33.27
07-09-2025,25.5,84.5,BHOJPUR,BIHAR,D97,PIRO,32.99
08-09-2025,25.5,84.5,BHOJPUR,BIHAR,D97,PIRO,33.14
09-09-2025,25.5,84.5,BHOJPUR,BIHAR,D97,PIRO,33.05
10-09-2025,25.5,84.5,BHOJPUR,BIHAR,D97,PIRO,33.3
11-09-2025,25.5,84.5,BHOJPUR,BIHAR,D97,PIRO,33.15
12-09-2025,25.5,84.5,BHOJPUR,BIHAR,D97,PIRO,32.99
13-09-2025,25.5,84.5,BHOJPUR,BIHAR,D97,PIRO,33.36
14-09-2025,25.5,84.5,BHOJPUR,BIHAR,D97,PIRO,32.91
15-09-2025,25.5,84.5,BHOJPUR,BIHAR,D97,PIRO,32.69
16-09-2025,25.5,84.5,BHOJPUR,BIHAR,D97,PIRO,32.92
17-09-2025,25.5,84.5,BHOJPUR,BIHAR,D97,PIRO,33.08
18-09-2025,25.5,84.5,BHOJPUR,BIHAR,D97,PIRO,33.07
19-09-2025,25.5,84.5,BHOJPUR,BIHAR,D97,PIRO,33.43
20-09-2025,25.5,84.5,BHOJPUR,BIHAR,D97,PIRO,33.21
21-09-2025,25.5,84.5,BHOJPUR,BIHAR,D97,PIRO,32.86
22-09-2025,25.5,84.5,BHOJPUR,BIHAR,D97,PIRO,32.64
23-09-2025,25.5,84.5,BHOJPUR,BIHAR,D97,PIRO,32.45
24-09-2025,25.5,84.5,BHOJPUR,BIHAR,D97,PIRO,32.46
25-09-2025,25.5,84.5,BHOJPUR,BIHAR,D97,PIRO,32.08
26-09-2025,25.5,84.5,BHOJPUR,BIHAR,D97,PIRO,32.18
27-09-2025,25.5,84.5,BHOJPUR,BIHAR,D97,PIRO,32.72
28-09-2025,25.5,84.5,BHOJPUR,BIHAR,D97,PIRO,32.93
29-09-2025,25.5,84.5,BHOJPUR,BIHAR,D97,PIRO,32.92
30-09-2025,25.5,84.5,BHOJPUR,BIHAR,D97,PIRO,32.66
01-10-2025,25.5,84.5,BHOJPUR,BIHAR,D97,PIRO,32.77
02-10-2025,25.5,84.5,BHOJPUR,BIHAR,D97,PIRO,32.58
03-10-2025,25.5,84.5,BHOJPUR,BIHAR,D97,PIRO,32.72
04-10-2025,25.5,84.5,BHOJPUR,BIHAR,D97,PIRO,32.53
05-10-2025,25.5,84.5,BHOJPUR,BIHAR,D97,PIRO,32.77
06-10-2025,25.5,84.5,BHOJPUR,BIHAR,D97,PIRO,32.82
07-10-2025,25.5,84.5,BHOJPUR,BIHAR,D97,PIRO,32.68
08-10-2025,25.5,84.5,BHOJPUR,BIHAR,D97,PIRO,32.71
09-10-2025,25.5,84.5,BHOJPUR,BIHAR,D97,PIRO,32.78
10-10-2025,25.5,84.5,BHOJPUR,BIHAR,D97,PIRO,32.82
11-10-2025,25.5,84.5,BHOJPUR,BIHAR,D97,PIRO,32.84
12-10-2025,25.5,84.5,BHOJPUR,BIHAR,D97,PIRO,32.59
13-10-2025,25.5,84.5,BHOJPUR,BIHAR,D97,PIRO,32.47
14-10-2025,25.5,84.5,BHOJPUR,BIHAR,D97,PIRO,32.29
15-10-2025,25.5,84.5,BHOJPUR,BIHAR,D97,PIRO,32.52
16-10-2025,25.5,84.5,BHOJPUR,BIHAR,D97,PIRO,32.45
17-10-2025,25.5,84.5,BHOJPUR,BIHAR,D97,PIRO,32.08
18-10-2025,25.5,84.5,BHOJPUR,BIHAR,D97,PIRO,31.84
19-10-2025,25.5,84.5,BHOJPUR,BIHAR,D97,PIRO,31.68
20-10-2025,25.5,84.5,BHOJPUR,BIHAR,D97,PIRO,31.39
21-10-2025,25.5,84.5,BHOJPUR,BIHAR,D97,PIRO,31.39
22-10-2025,25.5,84.5,BHOJPUR,BIHAR,D97,PIRO,31.7
23-10-2025,25.5,84.5,BHOJPUR,BIHAR,D97,PIRO,31.65
24-10-2025,25.5,84.5,BHOJPUR,BIHAR,D97,PIRO,31.4
25-10-2025,25.5,84.5,BHOJPUR,BIHAR,D97,PIRO,30.86
26-10-2025,25.5,84.5,BHOJPUR,BIHAR,D97,PIRO,30.83
27-10-2025,25.5,84.5,BHOJPUR,BIHAR,D97,PIRO,31.1
28-10-2025,25.5,84.5,BHOJPUR,BIHAR,D97,PIRO,30.86
29-10-2025,25.5,84.5,BHOJPUR,BIHAR,D97,PIRO,30.82
30-10-2025,25.5,84.5,BHOJPUR,BIHAR,D97,PIRO,30.78
31-10-2025,25.5,84.5,BHOJPUR,BIHAR,D97,PIRO,30.84
01-11-2025,25.5,84.5,BHOJPUR,BIHAR,D97,PIRO,30.87
02-11-2025,25.5,84.5,BHOJPUR,BIHAR,D97,PIRO,30.75
03-11-2025,25.5,84.5,BHOJPUR,BIHAR,D97,PIRO,30.56
04-11-2025,25.5,84.5,BHOJPUR,BIHAR,D97,PIRO,30.52
05-11-2025,25.5,84.5,BHOJPUR,BIHAR,D97,PIRO,30.65
06-11-2025,25.5,84.5,BHOJPUR,BIHAR,D97,PIRO,30.49
07-11-2025,25.5,84.5,BHOJPUR,BIHAR,D97,PIRO,30.43
08-11-2025,25.5,84.5,BHOJPUR,BIHAR,D97,PIRO,30.45
09-11-2025,25.5,84.5,BHOJPUR,BIHAR,D97,PIRO,30.11
10-11-2025,25.5,84.5,BHOJPUR,BIHAR,D97,PIRO,29.52
11-11-2025,25.5,84.5,BHOJPUR,BIHAR,D97,PIRO,29.47
12-11-2025,25.5,84.5,BHOJPUR,BIHAR,D97,PIRO,29.42
13-11-2025,25.5,84.5,BHOJPUR,BIHAR,D97,PIRO,29.3
14-11-2025,25.5,84.5,BHOJPUR,BIHAR,D97,PIRO,29.43
15-11-2025,25.5,84.5,BHOJPUR,BIHAR,D97,PIRO,29.47
16-11-2025,25.5,84.5,BHOJPUR,BIHAR,D97,PIRO,29.07
17-11-2025,25.5,84.5,BHOJPUR,BIHAR,D97,PIRO,29.07
18-11-2025,25.5,84.5,BHOJPUR,BIHAR,D97,PIRO,28.86
19-11-2025,25.5,84.5,BHOJPUR,BIHAR,D97,PIRO,28.75
20-11-2025,25.5,84.5,BHOJPUR,BIHAR,D97,PIRO,28.62
21-11-2025,25.5,84.5,BHOJPUR,BIHAR,D97,PIRO,28.35
22-11-2025,25.5,84.5,BHOJPUR,BIHAR,D97,PIRO,27.98
23-11-2025,25.5,84.5,BHOJPUR,BIHAR,D97,PIRO,28.06
24-11-2025,25.5,84.5,BHOJPUR,BIHAR,D97,PIRO,27.93
25-11-2025,25.5,84.5,BHOJPUR,BIHAR,D97,PIRO,27.81
26-11-2025,25.5,84.5,BHOJPUR,BIHAR,D97,PIRO,27.73
27-11-2025,25.5,84.5,BHOJPUR,BIHAR,D97,PIRO,27.32
28-11-2025,25.5,84.5,BHOJPUR,BIHAR,D97,PIRO,27.48
29-11-2025,25.5,84.5,BHOJPUR,BIHAR,D97,PIRO,27.47
30-11-2025,25.5,84.5,BHOJPUR,BIHAR,D97,PIRO,27.26
01-12-2025,25.5,84.5,BHOJPUR,BIHAR,D97,PIRO,27.01
02-12-2025,25.5,84.5,BHOJPUR,BIHAR,D97,PIRO,26.92
03-12-2025,25.5,84.5,BHOJPUR,BIHAR,D97,PIRO,26.61
04-12-2025,25.5,84.5,BHOJPUR,BIHAR,D97,PIRO,26.45
05-12-2025,25.5,84.5,BHOJPUR,BIHAR,D97,PIRO,26.2
06-12-2025,25.5,84.5,BHOJPUR,BIHAR,D97,PIRO,26.28
07-12-2025,25.5,84.5,BHOJPUR,BIHAR,D97,PIRO,26.04
08-12-2025,25.5,84.5,BHOJPUR,BIHAR,D97,PIRO,25.65
09-12-2025,25.5,84.5,BHOJPUR,BIHAR,D97,PIRO,25.57
10-12-2025,25.5,84.5,BHOJPUR,BIHAR,D97,PIRO,25.33
11-12-2025,25.5,84.5,BHOJPUR,BIHAR,D97,PIRO,25.24
12-12-2025,25.5,84.5,BHOJPUR,BIHAR,D97,PIRO,25.12
13-12-2025,25.5,84.5,BHOJPUR,BIHAR,D97,PIRO,24.59
14-12-2025,25.5,84.5,BHOJPUR,BIHAR,D97,PIRO,24.42
15-12-2025,25.5,84.5,BHOJPUR,BIHAR,D97,PIRO,24.19
16-12-2025,25.5,84.5,BHOJPUR,BIHAR,D97,PIRO,23.93
17-12-2025,25.5,84.5,BHOJPUR,BIHAR,D97,PIRO,23.45
18-12-2025,25.5,84.5,BHOJPUR,BIHAR,D97,PIRO,23.21
19-12-2025,25.5,84.5,BHOJPUR,BIHAR,D97,PIRO,23.18
20-12-2025,25.5,84.5,BHOJPUR,BIHAR,D97,PIRO,22.92
21-12-2025,25.5,84.5,BHOJPUR,BIHAR,D97,PIRO,22.94
22-12-2025,25.5,84.5,BHOJPUR,BIHAR,D97,PIRO,22.89
23-12-2025,25.5,84.5,BHOJPUR,BIHAR,D97,PIRO,23.04
24-12-2025,25.5,84.5,BHOJPUR,BIHAR,D97,PIRO,23.32
25-12-2025,25.5,84.5,BHOJPUR,BIHAR,D97,PIRO,23.01
26-12-2025,25.5,84.5,BHOJPUR,BIHAR,D97,PIRO,22.43
27-12-2025,25.5,84.5,BHOJPUR,BIHAR,D97,PIRO,22.36
28-12-2025,25.5,84.5,BHOJPUR,BIHAR,D97,PIRO,22.12
29-12-2025,25.5,84.5,BHOJPUR,BIHAR,D97,PIRO,21.99
30-12-2025,25.5,84.5,BHOJPUR,BIHAR,D97,PIRO,21.8
31-12-2025,25.5,84.5,BHOJPUR,BIHAR,D97,PIRO,21.82
01-01-2025,24.5,84.5,GAYA,BIHAR,D100,DUMARIA,21.85
02-01-2025,24.5,84.5,GAYA,BIHAR,D100,DUMARIA,21.47
03-01-2025,24.5,84.5,GAYA,BIHAR,D100,DUMARIA,21.57
04-01-2025,24.5,84.5,GAYA,BIHAR,D100,DUMARIA,21.87
05-01-2025,24.5,84.5,GAYA,BIHAR,D100,DUMARIA,21.81
06-01-2025,24.5,84.5,GAYA,BIHAR,D100,DUMARIA,21.34
07-01-2025,24.5,84.5,GAYA,BIHAR,D100,DUMARIA,21.65
08-01-2025,24.5,84.5,GAYA,BIHAR,D100,DUMARIA,21.75
09-01-2025,24.5,84.5,GAYA,BIHAR,D100,DUMARIA,22.03
10-01-2025,24.5,84.5,GAYA,BIHAR,D100,DUMARIA,22.02
11-01-2025,24.5,84.5,GAYA,BIHAR,D100,DUMARIA,21.75
12-01-2025,24.5,84.5,GAYA,BIHAR,D100,DUMARIA,22
13-01-2025,24.5,84.5,GAYA,BIHAR,D100,DUMARIA,22.05
14-01-2025,24.5,84.5,GAYA,BIHAR,D100,DUMARIA,22.34
15-01-2025,24.5,84.5,GAYA,BIHAR,D100,DUMARIA,22.48
16-01-2025,24.5,84.5,GAYA,BIHAR,D100,DUMARIA,22.41
17-01-2025,24.5,84.5,GAYA,BIHAR,D100,DUMARIA,22.25
18-01-2025,24.5,84.5,GAYA,BIHAR,D100,DUMARIA,22.42
19-01-2025,24.5,84.5,GAYA,BIHAR,D100,DUMARIA,22.32
20-01-2025,24.5,84.5,GAYA,BIHAR,D100,DUMARIA,22.41
21-01-2025,24.5,84.5,GAYA,BIHAR,D100,DUMARIA,22.39
22-01-2025,24.5,84.5,GAYA,BIHAR,D100,DUMARIA,22.73
23-01-2025,24.5,84.5,GAYA,BIHAR,D100,DUMARIA,22.81
24-01-2025,24.5,84.5,GAYA,BIHAR,D100,DUMARIA,22.97
25-01-2025,24.5,84.5,GAYA,BIHAR,D100,DUMARIA,23.28
26-01-2025,24.5,84.5,GAYA,BIHAR,D100,DUMARIA,23.23
27-01-2025,24.5,84.5,GAYA,BIHAR,D100,DUMARIA,23.54
28-01-2025,24.5,84.5,GAYA,BIHAR,D100,DUMARIA,23.56
29-01-2025,24.5,84.5,GAYA,BIHAR,D100,DUMARIA,23.22
30-01-2025,24.5,84.5,GAYA,BIHAR,D100,DUMARIA,23.95
31-01-2025,24.5,84.5,GAYA,BIHAR,D100,DUMARIA,24.13
01-02-2025,24.5,84.5,GAYA,BIHAR,D100,DUMARIA,24.11
02-02-2025,24.5,84.5,GAYA,BIHAR,D100,DUMARIA,24.6
03-02-2025,24.5,84.5,GAYA,BIHAR,D100,DUMARIA,25.05
04-02-2025,24.5,84.5,GAYA,BIHAR,D100,DUMARIA,25.26
05-02-2025,24.5,84.5,GAYA,BIHAR,D100,DUMARIA,25.47
06-02-2025,24.5,84.5,GAYA,BIHAR,D100,DUMARIA,25.71
07-02-2025,24.5,84.5,GAYA,BIHAR,D100,DUMARIA,25.5
08-02-2025,24.5,84.5,GAYA,BIHAR,D100,DUMARIA,25.21
09-02-2025,24.5,84.5,GAYA,BIHAR,D100,DUMARIA,25.6
10-02-2025,24.5,84.5,GAYA,BIHAR,D100,DUMARIA,25.58
11-02-2025,24.5,84.5,GAYA,BIHAR,D100,DUMARIA,25.95
12-02-2025,24.5,84.5,GAYA,BIHAR,D100,DUMARIA,26.06
13-02-2025,24.5,84.5,GAYA,BIHAR,D100,DUMARIA,26.04
14-02-2025,24.5,84.5,GAYA,BIHAR,D100,DUMARIA,26.72
15-02-2025,24.5,84.5,GAYA,BIHAR,D100,DUMARIA,26.86
16-02-2025,24.5,84.5,GAYA,BIHAR,D100,DUMARIA,27.09
17-02-2025,24.5,84.5,GAYA,BIHAR,D100,DUMARIA,27.29
18-02-2025,24.5,84.5,GAYA,BIHAR,D100,DUMARIA,27.77
19-02-2025,24.5,84.5,GAYA,BIHAR,D100,DUMARIA,28.24
20-02-2025,24.5,84.5,GAYA,BIHAR,D100,DUMARIA,28.22
21-02-2025,24.5,84.5,GAYA,BIHAR,D100,DUMARIA,28.42
22-02-2025,24.5,84.5,GAYA,BIHAR,D100,DUMARIA,28.46
23-02-2025,24.5,84.5,GAYA,BIHAR,D100,DUMARIA,29.03
24-02-2025,24.5,84.5,GAYA,BIHAR,D100,DUMARIA,29.25
25-02-2025,24.5,84.5,GAYA,BIHAR,D100,DUMARIA,28.88
26-02-2025,24.5,84.5,GAYA,BIHAR,D100,DUMARIA,28.75
27-02-2025,24.5,84.5,GAYA,BIHAR,D100,DUMARIA,28.92
28-02-2025,24.5,84.5,GAYA,BIHAR,D100,DUMARIA,29.19
29-02-2025,24.5,84.5,GAYA,BIHAR,D100,DUMARIA,29.11
01-03-2025,24.5,84.5,GAYA,BIHAR,D100,DUMARIA,29.55
02-03-2025,24.5,84.5,GAYA,BIHAR,D100,DUMARIA,29.88
03-03-2025,24.5,84.5,GAYA,BIHAR,D100,DUMARIA,30.18
04-03-2025,24.5,84.5,GAYA,BIHAR,D100,DUMARIA,30.45
05-03-2025,24.5,84.5,GAYA,BIHAR,D100,DUMARIA,30.04
06-03-2025,24.5,84.5,GAYA,BIHAR,D100,DUMARIA,29.81
07-03-2025,24.5,84.5,GAYA,BIHAR,D100,DUMARIA,30.44
08-03-2025,24.5,84.5,GAYA,BIHAR,D100,DUMARIA,30.48
09-03-2025,24.5,84.5,GAYA,BIHAR,D100,DUMARIA,30.91
10-03-2025,24.5,84.5,GAYA,BIHAR,D100,DUMARIA,30.98
11-03-2025,24.5,84.5,GAYA,BIHAR,D100,DUMARIA,31.41
12-03-2025,24.5,84.5,GAYA,BIHAR,D100,DUMARIA,31.77
13-03-2025,24.5,84.5,GAYA,BIHAR,D100,DUMARIA,31.07
14-03-2025,24.5,84.5,GAYA,BIHAR,D100,DUMARIA,31.29
15-03-2025,24.5,84.5,GAYA,BIHAR,D100,DUMARIA,31.61
16-03-2025,24.5,84.5,GAYA,BIHAR,D100,DUMARIA,32.12
17-03-2025,24.5,84.5,GAYA,BIHAR,D100,DUMARIA,32.44
18-03-2025,24.5,84.5,GAYA,BIHAR,D100,DUMARIA,33.04
19-03-2025,24.5,84.5,GAYA,BIHAR,D100,DUMARIA,32.97
20-03-2025,24.5,84.5,GAYA,BIHAR,D100,DUMARIA,32.86
21-03-2025,24.5,84.5,GAYA,BIHAR,D100,DUMARIA,33.31
22-03-2025,24.5,84.5,GAYA,BIHAR,D100,DUMARIA,33.95
23-03-2025,24.5,84.5,GAYA,BIHAR,D100,DUMARIA,34.01
24-03-2025,24.5,84.5,GAYA,BIHAR,D100,DUMARIA,34.34
25-03-2025,24.5,84.5,GAYA,BIHAR,D100,DUMARIA,34.72
26-03-2025,24.5,84.5,GAYA,BIHAR,D100,DUMARIA,34.9
27-03-2025,24.5,84.5,GAYA,BIHAR,D100,DUMARIA,35.32
28-03-2025,24.5,84.5,GAYA,BIHAR,D100,DUMARIA,35.23
29-03-2025,24.5,84.5,GAYA,BIHAR,D100,DUMARIA,35.81
30-03-2025,24.5,84.5,GAYA,BIHAR,D100,DUMARIA,35.41
31-03-2025,24.5,84.5,GAYA,BIHAR,D100,DUMARIA,35.37
01-04-2025,24.5,84.5,GAYA,BIHAR,D100,DUMARIA,35.92
02-04-2025,24.5,84.5,GAYA,BIHAR,D100,DUMARIA,36.23
03-04-2025,24.5,84.5,GAYA,BIHAR,D100,DUMARIA,36.71
04-04-2025,24.5,84.5,GAYA,BIHAR,D100,DUMARIA,36.35
05-04-2025,24.5,84.5,GAYA,BIHAR,D100,DUMARIA,36.53
06-04-2025,24.5,84.5,GAYA,BIHAR,D100,DUMARIA,37.09
07-04-2025,24.5,84.5,GAYA,BIHAR,D100,DUMARIA,37.42
08-04-2025,24.5,84.5,GAYA,BIHAR,D100,DUMARIA,37.32
09-04-2025,24.5,84.5,GAYA,BIHAR,D100,DUMARIA,37.27
10-04-2025,24.5,84.5,GAYA,BIHAR,D100,DUMARIA,37.44
11-04-2025,24.5,84.5,GAYA,BIHAR,D100,DUMARIA,37.76
12-04-2025,24.5,84.5,GAYA,BIHAR,D100,DUMARIA,37.87
13-04-2025,24.5,84.5,GAYA,BIHAR,D100,DUMARIA,37.93
14-04-2025,24.5,84.5,GAYA,BIHAR,D100,DUMARIA,38.31
15-04-2025,24.5,84.5,GAYA,BIHAR,D100,DUMARIA,38.23
16-04-2025,24.5,84.5,GAYA,BIHAR,D100,DUMARIA,38.1
17-04-2025,24.5,84.5,GAYA,BIHAR,D100,DUMARIA,38.35
18-04-2025,24.5,84.5,GAYA,BIHAR,D100,DUMARIA,38.38
19-04-2025,24.5,84.5,GAYA,BIHAR,D100,DUMARIA,38.73
20-04-2025,24.5,84.5,GAYA,BIHAR,D100,DUMARIA,38.82
21-04-2025,24.5,84.5,GAYA,BIHAR,D100,DUMARIA,38.26
22-04-2025,24.5,84.5,GAYA,BIHAR,D100,DUMARIA,38.16
23-04-2025,24.5,84.5,GAYA,BIHAR,D100,DUMARIA,38.99
24-04-2025,24.5,84.5,GAYA,BIHAR,D100,DUMARIA,38.76
25-04-2025,24.5,84.5,GAYA,BIHAR,D100,DUMARIA,38.63
26-04-2025,24.5,84.5,GAYA,BIHAR,D100,DUMARIA,38.68
27-04-2025,24.5,84.5,GAYA,BIHAR,D100,DUMARIA,38.63
28-04-2025,24.5,84.5,GAYA,BIHAR,D100,DUMARIA,38.57
29-04-2025,24.5,84.5,GAYA,BIHAR,D100,DUMARIA,38.75
30-04-2025,24.5,84.5,GAYA,BIHAR,D100,DUMARIA,38.51
01-05-2025,24.5,84.5,GAYA,BIHAR,D100,DUMARIA,38.32
02-05-2025,24.5,84.5,GAYA,BIHAR,D100,DUMARIA,37.89
03-05-2025,24.5,84.5,GAYA,BIHAR,D100,DUMARIA,37.68
04-05-2025,24.5,84.5,GAYA,BIHAR,D100,DUMARIA,37.98
05-05-2025,24.5,84.5,GAYA,BIHAR,D100,DUMARIA,37.93
06-05-2025,24.5,84.5,GAYA,BIHAR,D100,DUMARIA,38.42
07-05-2025,24.5,84.5,GAYA,BIHAR,D100,DUMARIA,38.11
08-05-2025,24.5,84.5,GAYA,BIHAR,D100,DUMARIA,38.27
09-05-2025,24.5,84.5,GAYA,BIHAR,D100,DUMARIA,38.66
10-05-2025,24.5,84.5,GAYA,BIHAR,D100,DUMARIA,38.46
11-05-2025,24.5,84.5,GAYA,BIHAR,D100,DUMARIA,38.83
12-05-2025,24.5,84.5,GAYA,BIHAR,D100,DUMARIA,38.49
13-05-2025,24.5,84.5,GAYA,BIHAR,D100,DUMARIA,38.97
14-05-2025,24.5,84.5,GAYA,BIHAR,D100,DUMARIA,39.3
15-05-2025,24.5,84.5,GAYA,BIHAR,D100,DUMARIA,38.98
16-05-2025,24.5,84.5,GAYA,BIHAR,D100,DUMARIA,38.98
17-05-2025,24.5,84.5,GAYA,BIHAR,D100,DUMARIA,39.21
18-05-2025,24.5,84.5,GAYA,BIHAR,D100,DUMARIA,39.25
19-05-2025,24.5,84.5,GAYA,BIHAR,D100,DUMARIA,39.16
20-05-2025,24.5,84.5,GAYA,BIHAR,D100,DUMARIA,38.45
21-05-2025,24.5,84.5,GAYA,BIHAR,D100,DUMARIA,38.97
22-05-2025,24.5,84.5,GAYA,BIHAR,D100,DUMARIA,39.14
23-05-2025,24.5,84.5,GAYA,BIHAR,D100,DUMARIA,39.21
24-05-2025,24.5,84.5,GAYA,BIHAR,D100,DUMARIA,39.29
25-05-2025,24.5,84.5,GAYA,BIHAR,D100,DUMARIA,38.9
26-05-2025,24.5,84.5,GAYA,BIHAR,D100,DUMARIA,39.06
27-05-2025,24.5,84.5,GAYA,BIHAR,D100,DUMARIA,38.4
28-05-2025,24.5,84.5,GAYA,BIHAR,D100,DUMARIA,38.62
29-05-2025,24.5,84.5,GAYA,BIHAR,D100,DUMARIA,38.66
30-05-2025,24.5,84.5,GAYA,BIHAR,D100,DUMARIA,38.99
31-05-2025,24.5,84.5,GAYA,BIHAR,D100,DUMARIA,38.88
01-06-2025,24.5,84.5,GAYA,BIHAR,D100,DUMARIA,39.21
02-06-2025,24.5,84.5,GAYA,BIHAR,D100,DUMARIA,39.39
03-06-2025,24.5,84.5,GAYA,BIHAR,D100,DUMARIA,39.7
04-06-2025,24.5,84.5,GAYA,BIHAR,D100,DUMARIA,39.29
05-06-2025,24.5,84.5,GAYA,BIHAR,D100,DUMARIA,39
06-06-2025,24.5,84.5,GAYA,BIHAR,D100,DUMARIA,38.65
07-06-2025,24.5,84.5,GAYA,BIHAR,D100,DUMARIA,38.6
08-06-2025,24.5,84.5,GAYA,BIHAR,D100,DUMARIA,38.45
09-06-2025,24.5,84.5,GAYA,BIHAR,D100,DUMARIA,38.63
10-06-2025,24.5,84.5,GAYA,BIHAR,D100,DUMARIA,39.06
11-06-2025,24.5,84.5,GAYA,BIHAR,D100,DUMARIA,38.77
12-06-2025,24.5,84.5,GAYA,BIHAR,D100,DUMARIA,38.84
13-06-2025,24.5,84.5,GAYA,BIHAR,D100,DUMARIA,38.23
14-06-2025,24.5,84.5,GAYA,BIHAR,D100,DUMARIA,37.94
15-06-2025,24.5,84.5,GAYA,BIHAR,D100,DUMARIA,37.33
16-06-2025,24.5,84.5,GAYA,BIHAR,D100,DUMARIA,37.13
17-06-2025,24.5,84.5,GAYA,BIHAR,D100,DUMARIA,37.06
18-06-2025,24.5,84.5,GAYA,BIHAR,D100,DUMARIA,36.54
19-06-2025,24.5,84.5,GAYA,BIHAR,D100,DUMARIA,36.36
20-06-2025,24.5,84.5,GAYA,BIHAR,D100,DUMARIA,36
21-06-2025,24.5,84.5,GAYA,BIHAR,D100,DUMARIA,35.79
22-06-2025,24.5,84.5,GAYA,BIHAR,D100,DUMARIA,35.71
23-06-2025,24.5,84.5,GAYA,BIHAR,D100,DUMARIA,34.98
24-06-2025,24.5,84.5,GAYA,BIHAR,D100,DUMARIA,35.18
25-06-2025,24.5,84.5,GAYA,BIHAR,D100,DUMARIA,35.06
26-06-2025,24.5,84.5,GAYA,BIHAR,D100,DUMARIA,34.72
27-06-2025,24.5,84.5,GAYA,BIHAR,D100,DUMARIA,34.47
28-06-2025,24.5,84.5,GAYA,BIHAR,D100,DUMARIA,34.15
29-06-2025,24.5,84.5,GAYA,BIHAR,D100,DUMARIA,33.58
30-06-2025,24.5,84.5,GAYA,BIHAR,D100,DUMARIA,33.54
01-07-2025,24.5,84.5,GAYA,BIHAR,D100,DUMARIA,33.98
02-07-2025,24.5,84.5,GAYA,BIHAR,D100,DUMARIA,33.65
03-07-2025,24.5,84.5,GAYA,BIHAR,D100,DUMARIA,33.59
04-07-2025,24.5,84.5,GAYA,BIHAR,D100,DUMARIA,33.52
05-07-2025,24.5,84.5,GAYA,BIHAR,D100,DUMARIA,33.05
06-07-2025,24.5,84.5,GAYA,BIHAR,D100,DUMARIA,33.36
07-07-2025,24.5,84.5,GAYA,BIHAR,D100,DUMARIA,33.39
08-07-2025,24.5,84.5,GAYA,BIHAR,D100,DUMARIA,33.65
09-07-2025,24.5,84.5,GAYA,BIHAR,D100,DUMARIA,33.56
10-07-2025,24.5,84.5,GAYA,BIHAR,D100,DUMARIA,33.15
11-07-2025,24.5,84.5,GAYA,BIHAR,D100,DUMARIA,32.91
12-07-2025,24.5,84.5,GAYA,BIHAR,D100,DUMARIA,33.06
13-07-2025,24.5,84.5,GAYA,BIHAR,D100,DUMARIA,33.43
14-07-2025,24.5,84.5,GAYA,BIHAR,D100,DUMARIA,33.38
15-07-2025,24.5,84.5,GAYA,BIHAR,D100,DUMARIA,33.08
16-07-2025,24.5,84.5,GAYA,BIHAR,D100,DUMARIA,32.82
17-07-2025,24.5,84.5,GAYA,BIHAR,D100,DUMARIA,33.16
18-07-2025,24.5,84.5,GAYA,BIHAR,D100,DUMARIA,33.48
19-07-2025,24.5,84.5,GAYA,BIHAR,D100,DUMARIA,33.47
20-07-2025,24.5,84.5,GAYA,BIHAR,D100,DUMARIA,33.01
21-07-2025,24.5,84.5,GAYA,BIHAR,D100,DUMARIA,32.78
22-07-2025,24.5,84.5,GAYA,BIHAR,D100,DUMARIA,32.91
23-07-2025,24.5,84.5,GAYA,BIHAR,D100,DUMARIA,32.63
24-07-2025,24.5,84.5,GAYA,BIHAR,D100,DUMARIA,32.61
25-07-2025,24.5,84.5,GAYA,BIHAR,D100,DUMARIA,32.55
26-07-2025,24.5,84.5,GAYA,BIHAR,D100,DUMARIA,32.72
27-07-2025,24.5,84.5,GAYA,BIHAR,D100,DUMARIA,32.51
28-07-2025,24.5,84.5,GAYA,BIHAR,D100,DUMARIA,32.72
29-07-2025,24.5,84.5,GAYA,BIHAR,D100,DUMARIA,32.76
30-07-2025,24.5,84.5,GAYA,BIHAR,D100,DUMARIA,32.61
31-07-2025,24.5,84.5,GAYA,BIHAR,D100,DUMARIA,32.37
01-08-2025,24.5,84.5,GAYA,BIHAR,D100,DUMARIA,32.62
02-08-2025,24.5,84.5,GAYA,BIHAR,D100,DUMARIA,32.49
03-08-2025,24.5,84.5,GAYA,BIHAR,D100,DUMARIA,32.33
04-08-2025,24.5,84.5,GAYA,BIHAR,D100,DUMARIA,32.65
05-08-2025,24.5,84.5,GAYA,BIHAR,D100,DUMARIA,32.63
06-08-2025,24.5,84.5,GAYA,BIHAR,D100,DUMARIA,32.38
07-08-2025,24.5,84.5,GAYA,BIHAR,D100,DUMARIA,32.66
08-08-2025,24.5,84.5,GAYA,BIHAR,D100,DUMARIA,32.42
09-08-2025,24.5,84.5,GAYA,BIHAR,D100,DUMARIA,32.81
10-08-2025,24.5,84.5,GAYA,BIHAR,D100,DUMARIA,33.08
11-08-2025,24.5,84.5,GAYA,BIHAR,D100,DUMARIA,32.59
12-08-2025,24.5,84.5,GAYA,BIHAR,D100,DUMARIA,32.38
13-08-2025,24.5,84.5,GAYA,BIHAR,D100,DUMARIA,31.79
14-08-2025,24.5,84.5,GAYA,BIHAR,D100,DUMARIA,31.65
15-08-2025,24.5,84.5,GAYA,BIHAR,D100,DUMARIA,32.11
16-08-2025,24.5,84.5,GAYA,BIHAR,D100,DUMARIA,32.69
17-08-2025,24.5,84.5,GAYA,BIHAR,D100,DUMARIA,32.43
18-08-2025,24.5,84.5,GAYA,BIHAR,D100,DUMARIA,32.24
19-08-2025,24.5,84.5,GAYA,BIHAR,D100,DUMARIA,32.01
20-08-2025,24.5,84.5,GAYA,BIHAR,D100,DUMARIA,31.83
21-08-2025,24.5,84.5,GAYA,BIHAR,D100,DUMARIA,32.25
22-08-2025,24.5,84.5,GAYA,BIHAR,D100,DUMARIA,32.41
23-08-2025,24.5,84.5,GAYA,BIHAR,D100,DUMARIA,32.12
24-08-2025,24.5,84.5,GAYA,BIHAR,D100,DUMARIA,32.01
25-08-2025,24.5,84.5,GAYA,BIHAR,D100,DUMARIA,32.42
26-08-2025,24.5,84.5,GAYA,BIHAR,D100,DUMARIA,32.65
27-08-2025,24.5,84.5,GAYA,BIHAR,D100,DUMARIA,32.56
28-08-2025,24.5,84.5,GAYA,BIHAR,D100,DUMARIA,32.6
29-08-2025,24.5,84.5,GAYA,BIHAR,D100,DUMARIA,33
30-08-2025,24.5,84.5,GAYA,BIHAR,D100,DUMARIA,33.03
31-08-2025,24.5,84.5,GAYA,BIHAR,D100,DUMARIA,32.83
01-09-2025,24.5,84.5,GAYA,BIHAR,D100,DUMARIA,32.54
02-09-2025,24.5,84.5,GAYA,BIHAR,D100,DUMARIA,32.28
03-09-2025,24.5,84.5,GAYA,BIHAR,D100,DUMARIA,32.62
04-09-2025,24.5,84.5,GAYA,BIHAR,D100,DUMARIA,32.69
05-09-2025,24.5,84.5,GAYA,BIHAR,D100,DUMARIA,32.75
06-09-2025,24.5,84.5,GAYA,BIHAR,D100,DUMARIA,32.42
07-09-2025,24.5,84.5,GAYA,BIHAR,D100,DUMARIA,32.19
08-09-2025,24.5,84.5,GAYA,BIHAR,D100,DUMARIA,32.47
09-09-2025,24.5,84.5,GAYA,BIHAR,D100,DUMARIA,32.33
10-09-2025,24.5,84.5,GAYA,BIHAR,D100,DUMARIA,32.51
11-09-2025,24.5,84.5,GAYA,BIHAR,D100,DUMARIA,32.45
12-09-2025,24.5,84.5,GAYA,BIHAR,D100,DUMARIA,32.46
13-09-2025,24.5,84.5,GAYA,BIHAR,D100,DUMARIA,32.61
14-09-2025,24.5,84.5,GAYA,BIHAR,D100,DUMARIA,32.13
15-09-2025,24.5,84.5,GAYA,BIHAR,D100,DUMARIA,32.05
16-09-2025,24.5,84.5,GAYA,BIHAR,D100,DUMARIA,32.33
17-09-2025,24.5,84.5,GAYA,BIHAR,D100,DUMARIA,32.57
18-09-2025,24.5,84.5,GAYA,BIHAR,D100,DUMARIA,32.32
19-09-2025,24.5,84.5,GAYA,BIHAR,D100,DUMARIA,32.7
20-09-2025,24.5,84.5,GAYA,BIHAR,D100,DUMARIA,32.55
21-09-2025,24.5,84.5,GAYA,BIHAR,D100,DUMARIA,32.18
22-09-2025,24.5,84.5,GAYA,BIHAR,D100,DUMARIA,32.04
23-09-2025,24.5,84.5,GAYA,BIHAR,D100,DUMARIA,31.87
24-09-2025,24.5,84.5,GAYA,BIHAR,D100,DUMARIA,31.85
25-09-2025,24.5,84.5,GAYA,BIHAR,D100,DUMARIA,31.83
26-09-2025,24.5,84.5,GAYA,BIHAR,D100,DUMARIA,31.86
27-09-2025,24.5,84.5,GAYA,BIHAR,D100,DUMARIA,32.32
28-09-2025,24.5,84.5,GAYA,BIHAR,D100,DUMARIA,32.38
29-09-2025,24.5,84.5,GAYA,BIHAR,D100,DUMARIA,32.34
30-09-2025,24.5,84.5,GAYA,BIHAR,D100,DUMARIA,32.21
01-10-2025,24.5,84.5,GAYA,BIHAR,D100,DUMARIA,32.08
02-10-2025,24.5,84.5,GAYA,BIHAR,D100,DUMARIA,31.91
03-10-2025,24.5,84.5,GAYA,BIHAR,D100,DUMARIA,32.02
04-10-2025,24.5,84.5,GAYA,BIHAR,D100,DUMARIA,31.87
05-10-2025,24.5,84.5,GAYA,BIHAR,D100,DUMARIA,32.1
06-10-2025,24.5,84.5,GAYA,BIHAR,D100,DUMARIA,32.25
07-10-2025,24.5,84.5,GAYA,BIHAR,D100,DUMARIA,32.06
08-10-2025,24.5,84.5,GAYA,BIHAR,D100,DUMARIA,32.1
09-10-2025,24.5,84.5,GAYA,BIHAR,D100,DUMARIA,32.28
10-10-2025,24.5,84.5,GAYA,BIHAR,D100,DUMARIA,32.29
11-10-2025,24.5,84.5,GAYA,BIHAR,D100,DUMARIA,32.29
12-10-2025,24.5,84.5,GAYA,BIHAR,D100,DUMARIA,32.07
13-10-2025,24.5,84.5,GAYA,BIHAR,D100,DUMARIA,31.99
14-10-2025,24.5,84.5,GAYA,BIHAR,D100,DUMARIA,31.79
15-10-2025,24.5,84.5,GAYA,BIHAR,D100,DUMARIA,31.85
16-10-2025,24.5,84.5,GAYA,BIHAR,D100,DUMARIA,31.79
17-10-2025,24.5,84.5,GAYA,BIHAR,D100,DUMARIA,31.45
18-10-2025,24.5,84.5,GAYA,BIHAR,D100,DUMARIA,31.4
19-10-2025,24.5,84.5,GAYA,BIHAR,D100,DUMARIA,31.11
20-10-2025,24.5,84.5,GAYA,BIHAR,D100,DUMARIA,30.8
21-10-2025,24.5,84.5,GAYA,BIHAR,D100,DUMARIA,30.9
22-10-2025,24.5,84.5,GAYA,BIHAR,D100,DUMARIA,31.12
23-10-2025,24.5,84.5,GAYA,BIHAR,D100,DUMARIA,30.98
24-10-2025,24.5,84.5,GAYA,BIHAR,D100,DUMARIA,30.68
25-10-2025,24.5,84.5,GAYA,BIHAR,D100,DUMARIA,30.25
26-10-2025,24.5,84.5,GAYA,BIHAR,D100,DUMARIA,30.2
27-10-2025,24.5,84.5,GAYA,BIHAR,D100,DUMARIA,30.44
28-10-2025,24.5,84.5,GAYA,BIHAR,D100,DUMARIA,30.34
29-10-2025,24.5,84.5,GAYA,BIHAR,D100,DUMARIA,30.02
30-10-2025,24.5,84.5,GAYA,BIHAR,D100,DUMARIA,30.07
31-10-2025,24.5,84.5,GAYA,BIHAR,D100,DUMARIA,30.08
01-11-2025,24.5,84.5,GAYA,BIHAR,D100,DUMARIA,30.06
02-11-2025,24.5,84.5,GAYA,BIHAR,D100,DUMARIA,30.13
03-11-2025,24.5,84.5,GAYA,BIHAR,D100,DUMARIA,30.15
04-11-2025,24.5,84.5,GAYA,BIHAR,D100,DUMARIA,30.14
05-11-2025,24.5,84.5,GAYA,BIHAR,D100,DUMARIA,30.23
06-11-2025,24.5,84.5,GAYA,BIHAR,D100,DUMARIA,30.01
07-11-2025,24.5,84.5,GAYA,BIHAR,D100,DUMARIA,30
08-11-2025,24.5,84.5,GAYA,BIHAR,D100,DUMARIA,29.94
09-11-2025,24.5,84.5,GAYA,BIHAR,D100,DUMARIA,29.58
10-11-2025,24.5,84.5,GAYA,BIHAR,D100,DUMARIA,29.08
11-11-2025,24.5,84.5,GAYA,BIHAR,D100,DUMARIA,29.14
12-11-2025,24.5,84.5,GAYA,BIHAR,D100,DUMARIA,29.11
13-11-2025,24.5,84.5,GAYA,BIHAR,D100,DUMARIA,28.93
14-11-2025,24.5,84.5,GAYA,BIHAR,D100,DUMARIA,28.9
15-11-2025,24.5,84.5,GAYA,BIHAR,D100,DUMARIA,28.99
16-11-2025,24.5,84.5,GAYA,BIHAR,D100,DUMARIA,28.57
17-11-2025,24.5,84.5,GAYA,BIHAR,D100,DUMARIA,28.47
18-11-2025,24.5,84.5,GAYA,BIHAR,D100,DUMARIA,28.43
19-11-2025,24.5,84.5,GAYA,BIHAR,D100,DUMARIA,28.33
20-11-2025,24.5,84.5,GAYA,BIHAR,D100,DUMARIA,28.32
21-11-2025,24.5,84.5,GAYA,BIHAR,D100,DUMARIA,27.97
22-11-2025,24.5,84.5,GAYA,BIHAR,D100,DUMARIA,27.58
23-11-2025,24.5,84.5,GAYA,BIHAR,D100,DUMARIA,27.69
24-11-2025,24.5,84.5,GAYA,BIHAR,D100,DUMARIA,27.53
25-11-2025,24.5,84.5,GAYA,BIHAR,D100,DUMARIA,27.45
26-11-2025,24.5,84.5,GAYA,BIHAR,D100,DUMARIA,27.48
27-11-2025,24.5,84.5,GAYA,BIHAR,D100,DUMARIA,26.99
28-11-2025,24.5,84.5,GAYA,BIHAR,D100,DUMARIA,27.07
29-11-2025,24.5,84.5,GAYA,BIHAR,D100,DUMARIA,27.08
30-11-2025,24.5,84.5,GAYA,BIHAR,D100,DUMARIA,26.85
01-12-2025,24.5,84.5,GAYA,BIHAR,D100,DUMARIA,26.55
02-12-2025,24.5,84.5,GAYA,BIHAR,D100,DUMARIA,26.44
03-12-2025,24.5,84.5,GAYA,BIHAR,D100,DUMARIA,26.23
04-12-2025,24.5,84.5,GAYA,BIHAR,D100,DUMARIA,26.14
05-12-2025,24.5,84.5,GAYA,BIHAR,D100,DUMARIA,25.9
06-12-2025,24.5,84.5,GAYA,BIHAR,D100,DUMARIA,25.91
07-12-2025,24.5,84.5,GAYA,BIHAR,D100,DUMARIA,25.81
08-12-2025,24.5,84.5,GAYA,BIHAR,D100,DUMARIA,25.38
09-12-2025,24.5,84.5,GAYA,BIHAR,D100,DUMARIA,25.17
10-12-2025,24.5,84.5,GAYA,BIHAR,D100,DUMARIA,25.19
11-12-2025,24.5,84.5,GAYA,BIHAR,D100,DUMARIA,25.09
12-12-2025,24.5,84.5,GAYA,BIHAR,D100,DUMARIA,24.9
13-12-2025,24.5,84.5,GAYA,BIHAR,D100,DUMARIA,24.63
14-12-2025,24.5,84.5,GAYA,BIHAR,D100,DUMARIA,24.6
15-12-2025,24.5,84.5,GAYA,BIHAR,D100,DUMARIA,24.37
16-12-2025,24.5,84.5,GAYA,BIHAR,D100,DUMARIA,24.01
17-12-2025,24.5,84.5,GAYA,BIHAR,D100,DUMARIA,23.54
18-12-2025,24.5,84.5,GAYA,BIHAR,D100,DUMARIA,23.37
19-12-2025,24.5,84.5,GAYA,BIHAR,D100,DUMARIA,23.26
20-12-2025,24.5,84.5,GAYA,BIHAR,D100,DUMARIA,23.3
21-12-2025,24.5,84.5,GAYA,BIHAR,D100,DUMARIA,23.18
22-12-2025,24.5,84.5,GAYA,BIHAR,D100,DUMARIA,23.24
23-12-2025,24.5,84.5,GAYA,BIHAR,D100,DUMARIA,23.33
24-12-2025,24.5,84.5,GAYA,BIHAR,D100,DUMARIA,23.59
25-12-2025,24.5,84.5,GAYA,BIHAR,D100,DUMARIA,23.35
26-12-2025,24.5,84.5,GAYA,BIHAR,D100,DUMARIA,22.8
27-12-2025,24.5,84.5,GAYA,BIHAR,D100,DUMARIA,23.11
28-12-2025,24.5,84.5,GAYA,BIHAR,D100,DUMARIA,22.85
29-12-2025,24.5,84.5,GAYA,BIHAR,D100,DUMARIA,22.68
30-12-2025,24.5,84.5,GAYA,BIHAR,D100,DUMARIA,22.41
31-12-2025,24.5,84.5,GAYA,BIHAR,D100,DUMARIA,22.27
01-01-2025,26.5,84.5,GOPALGANJ,BIHAR,D101,BAIKUNTHPUR,20.66
02-01-2025,26.5,84.5,GOPALGANJ,BIHAR,D101,BAIKUNTHPUR,20.67
03-01-2025,26.5,84.5,GOPALGANJ,BIHAR,D101,BAIKUNTHPUR,20.51
04-01-2025,26.5,84.5,GOPALGANJ,BIHAR,D101,BAIKUNTHPUR,20.56
05-01-2025,26.5,84.5,GOPALGANJ,BIHAR,D101,BAIKUNTHPUR,20.37
06-01-2025,26.5,84.5,GOPALGANJ,BIHAR,D101,BAIKUNTHPUR,20.63
07-01-2025,26.5,84.5,GOPALGANJ,BIHAR,D101,BAIKUNTHPUR,20.55
08-01-2025,26.5,84.5,GOPALGANJ,BIHAR,D101,BAIKUNTHPUR,20.61
09-01-2025,26.5,84.5,GOPALGANJ,BIHAR,D101,BAIKUNTHPUR,20.66
10-01-2025,26.5,84.5,GOPALGANJ,BIHAR,D101,BAIKUNTHPUR,21.16
11-01-2025,26.5,84.5,GOPALGANJ,BIHAR,D101,BAIKUNTHPUR,20.7
12-01-2025,26.5,84.5,GOPALGANJ,BIHAR,D101,BAIKUNTHPUR,20.85
13-01-2025,26.5,84.5,GOPALGANJ,BIHAR,D101,BAIKUNTHPUR,21.03
14-01-2025,26.5,84.5,GOPALGANJ,BIHAR,D101,BAIKUNTHPUR,20.93
15-01-2025,26.5,84.5,GOPALGANJ,BIHAR,D101,BAIKUNTHPUR,21.02
16-01-2025,26.5,84.5,GOPALGANJ,BIHAR,D101,BAIKUNTHPUR,20.99
17-01-2025,26.5,84.5,GOPALGANJ,BIHAR,D101,BAIKUNTHPUR,20.93
18-01-2025,26.5,84.5,GOPALGANJ,BIHAR,D101,BAIKUNTHPUR,21.18
19-01-2025,26.5,84.5,GOPALGANJ,BIHAR,D101,BAIKUNTHPUR,21.3
20-01-2025,26.5,84.5,GOPALGANJ,BIHAR,D101,BAIKUNTHPUR,21.3
21-01-2025,26.5,84.5,GOPALGANJ,BIHAR,D101,BAIKUNTHPUR,21.37
22-01-2025,26.5,84.5,GOPALGANJ,BIHAR,D101,BAIKUNTHPUR,21.44
23-01-2025,26.5,84.5,GOPALGANJ,BIHAR,D101,BAIKUNTHPUR,21.84
24-01-2025,26.5,84.5,GOPALGANJ,BIHAR,D101,BAIKUNTHPUR,21.93
25-01-2025,26.5,84.5,GOPALGANJ,BIHAR,D101,BAIKUNTHPUR,22.26
26-01-2025,26.5,84.5,GOPALGANJ,BIHAR,D101,BAIKUNTHPUR,22.54
27-01-2025,26.5,84.5,GOPALGANJ,BIHAR,D101,BAIKUNTHPUR,22.75
28-01-2025,26.5,84.5,GOPALGANJ,BIHAR,D101,BAIKUNTHPUR,22.65
29-01-2025,26.5,84.5,GOPALGANJ,BIHAR,D101,BAIKUNTHPUR,22.53
30-01-2025,26.5,84.5,GOPALGANJ,BIHAR,D101,BAIKUNTHPUR,23.12
31-01-2025,26.5,84.5,GOPALGANJ,BIHAR,D101,BAIKUNTHPUR,23.54
01-02-2025,26.5,84.5,GOPALGANJ,BIHAR,D101,BAIKUNTHPUR,23.52
02-02-2025,26.5,84.5,GOPALGANJ,BIHAR,D101,BAIKUNTHPUR,23.65
03-02-2025,26.5,84.5,GOPALGANJ,BIHAR,D101,BAIKUNTHPUR,24.32
04-02-2025,26.5,84.5,GOPALGANJ,BIHAR,D101,BAIKUNTHPUR,24.49
05-02-2025,26.5,84.5,GOPALGANJ,BIHAR,D101,BAIKUNTHPUR,24.64
06-02-2025,26.5,84.5,GOPALGANJ,BIHAR,D101,BAIKUNTHPUR,24.68
07-02-2025,26.5,84.5,GOPALGANJ,BIHAR,D101,BAIKUNTHPUR,24.85
08-02-2025,26.5,84.5,GOPALGANJ,BIHAR,D101,BAIKUNTHPUR,24.33
09-02-2025,26.5,84.5,GOPALGANJ,BIHAR,D101,BAIKUNTHPUR,24.64
10-02-2025,26.5,84.5,GOPALGANJ,BIHAR,D101,BAIKUNTHPUR,25.03
11-02-2025,26.5,84.5,GOPALGANJ,BIHAR,D101,BAIKUNTHPUR,25.21
12-02-2025,26.5,84.5,GOPALGANJ,BIHAR,D101,BAIKUNTHPUR,25.6
13-02-2025,26.5,84.5,GOPALGANJ,BIHAR,D101,BAIKUNTHPUR,25.45
14-02-2025,26.5,84.5,GOPALGANJ,BIHAR,D101,BAIKUNTHPUR,26.08
15-02-2025,26.5,84.5,GOPALGANJ,BIHAR,D101,BAIKUNTHPUR,25.96
16-02-2025,26.5,84.5,GOPALGANJ,BIHAR,D101,BAIKUNTHPUR,26.11
17-02-2025,26.5,84.5,GOPALGANJ,BIHAR,D101,BAIKUNTHPUR,26.68
18-02-2025,26.5,84.5,GOPALGANJ,BIHAR,D101,BAIKUNTHPUR,27.54
19-02-2025,26.5,84.5,GOPALGANJ,BIHAR,D101,BAIKUNTHPUR,27.84
20-02-2025,26.5,84.5,GOPALGANJ,BIHAR,D101,BAIKUNTHPUR,27.7
21-02-2025,26.5,84.5,GOPALGANJ,BIHAR,D101,BAIKUNTHPUR,27.77
22-02-2025,26.5,84.5,GOPALGANJ,BIHAR,D101,BAIKUNTHPUR,27.94
23-02-2025,26.5,84.5,GOPALGANJ,BIHAR,D101,BAIKUNTHPUR,28.4
24-02-2025,26.5,84.5,GOPALGANJ,BIHAR,D101,BAIKUNTHPUR,28.57
25-02-2025,26.5,84.5,GOPALGANJ,BIHAR,D101,BAIKUNTHPUR,28.21
26-02-2025,26.5,84.5,GOPALGANJ,BIHAR,D101,BAIKUNTHPUR,28.01
27-02-2025,26.5,84.5,GOPALGANJ,BIHAR,D101,BAIKUNTHPUR,28.3
28-02-2025,26.5,84.5,GOPALGANJ,BIHAR,D101,BAIKUNTHPUR,28.53
29-02-2025,26.5,84.5,GOPALGANJ,BIHAR,D101,BAIKUNTHPUR,28.91
01-03-2025,26.5,84.5,GOPALGANJ,BIHAR,D101,BAIKUNTHPUR,28.41
02-03-2025,26.5,84.5,GOPALGANJ,BIHAR,D101,BAIKUNTHPUR,29
03-03-2025,26.5,84.5,GOPALGANJ,BIHAR,D101,BAIKUNTHPUR,29.38
04-03-2025,26.5,84.5,GOPALGANJ,BIHAR,D101,BAIKUNTHPUR,29.61
05-03-2025,26.5,84.5,GOPALGANJ,BIHAR,D101,BAIKUNTHPUR,29.3
06-03-2025,26.5,84.5,GOPALGANJ,BIHAR,D101,BAIKUNTHPUR,29.25
07-03-2025,26.5,84.5,GOPALGANJ,BIHAR,D101,BAIKUNTHPUR,29.68
08-03-2025,26.5,84.5,GOPALGANJ,BIHAR,D101,BAIKUNTHPUR,29.64
09-03-2025,26.5,84.5,GOPALGANJ,BIHAR,D101,BAIKUNTHPUR,30.04
10-03-2025,26.5,84.5,GOPALGANJ,BIHAR,D101,BAIKUNTHPUR,30.08
11-03-2025,26.5,84.5,GOPALGANJ,BIHAR,D101,BAIKUNTHPUR,30.61
12-03-2025,26.5,84.5,GOPALGANJ,BIHAR,D101,BAIKUNTHPUR,30.88
13-03-2025,26.5,84.5,GOPALGANJ,BIHAR,D101,BAIKUNTHPUR,30.27
14-03-2025,26.5,84.5,GOPALGANJ,BIHAR,D101,BAIKUNTHPUR,30.76
15-03-2025,26.5,84.5,GOPALGANJ,BIHAR,D101,BAIKUNTHPUR,31.03
16-03-2025,26.5,84.5,GOPALGANJ,BIHAR,D101,BAIKUNTHPUR,31.63
17-03-2025,26.5,84.5,GOPALGANJ,BIHAR,D101,BAIKUNTHPUR,31.9
18-03-2025,26.5,84.5,GOPALGANJ,BIHAR,D101,BAIKUNTHPUR,32.54
19-03-2025,26.5,84.5,GOPALGANJ,BIHAR,D101,BAIKUNTHPUR,32.46
20-03-2025,26.5,84.5,GOPALGANJ,BIHAR,D101,BAIKUNTHPUR,32.62
21-03-2025,26.5,84.5,GOPALGANJ,BIHAR,D101,BAIKUNTHPUR,32.84
22-03-2025,26.5,84.5,GOPALGANJ,BIHAR,D101,BAIKUNTHPUR,33.41
23-03-2025,26.5,84.5,GOPALGANJ,BIHAR,D101,BAIKUNTHPUR,33.63
24-03-2025,26.5,84.5,GOPALGANJ,BIHAR,D101,BAIKUNTHPUR,33.98
25-03-2025,26.5,84.5,GOPALGANJ,BIHAR,D101,BAIKUNTHPUR,34.46
26-03-2025,26.5,84.5,GOPALGANJ,BIHAR,D101,BAIKUNTHPUR,34.37
27-03-2025,26.5,84.5,GOPALGANJ,BIHAR,D101,BAIKUNTHPUR,34.8
28-03-2025,26.5,84.5,GOPALGANJ,BIHAR,D101,BAIKUNTHPUR,34.61
29-03-2025,26.5,84.5,GOPALGANJ,BIHAR,D101,BAIKUNTHPUR,35.05
30-03-2025,26.5,84.5,GOPALGANJ,BIHAR,D101,BAIKUNTHPUR,34.87
31-03-2025,26.5,84.5,GOPALGANJ,BIHAR,D101,BAIKUNTHPUR,34.78
01-04-2025,26.5,84.5,GOPALGANJ,BIHAR,D101,BAIKUNTHPUR,35.37
02-04-2025,26.5,84.5,GOPALGANJ,BIHAR,D101,BAIKUNTHPUR,35.87
03-04-2025,26.5,84.5,GOPALGANJ,BIHAR,D101,BAIKUNTHPUR,36.07
04-04-2025,26.5,84.5,GOPALGANJ,BIHAR,D101,BAIKUNTHPUR,35.72
05-04-2025,26.5,84.5,GOPALGANJ,BIHAR,D101,BAIKUNTHPUR,35.93
06-04-2025,26.5,84.5,GOPALGANJ,BIHAR,D101,BAIKUNTHPUR,36.67
07-04-2025,26.5,84.5,GOPALGANJ,BIHAR,D101,BAIKUNTHPUR,37.05
08-04-2025,26.5,84.5,GOPALGANJ,BIHAR,D101,BAIKUNTHPUR,36.85
09-04-2025,26.5,84.5,GOPALGANJ,BIHAR,D101,BAIKUNTHPUR,36.63
10-04-2025,26.5,84.5,GOPALGANJ,BIHAR,D101,BAIKUNTHPUR,36.64
11-04-2025,26.5,84.5,GOPALGANJ,BIHAR,D101,BAIKUNTHPUR,37.04
12-04-2025,26.5,84.5,GOPALGANJ,BIHAR,D101,BAIKUNTHPUR,37.06
13-04-2025,26.5,84.5,GOPALGANJ,BIHAR,D101,BAIKUNTHPUR,37.03
14-04-2025,26.5,84.5,GOPALGANJ,BIHAR,D101,BAIKUNTHPUR,37.1
15-04-2025,26.5,84.5,GOPALGANJ,BIHAR,D101,BAIKUNTHPUR,37.04
16-04-2025,26.5,84.5,GOPALGANJ,BIHAR,D101,BAIKUNTHPUR,37.48
17-04-2025,26.5,84.5,GOPALGANJ,BIHAR,D101,BAIKUNTHPUR,37.35
18-04-2025,26.5,84.5,GOPALGANJ,BIHAR,D101,BAIKUNTHPUR,37.02
19-04-2025,26.5,84.5,GOPALGANJ,BIHAR,D101,BAIKUNTHPUR,37.34
20-04-2025,26.5,84.5,GOPALGANJ,BIHAR,D101,BAIKUNTHPUR,37.29
21-04-2025,26.5,84.5,GOPALGANJ,BIHAR,D101,BAIKUNTHPUR,36.57
22-04-2025,26.5,84.5,GOPALGANJ,BIHAR,D101,BAIKUNTHPUR,36.7
23-04-2025,26.5,84.5,GOPALGANJ,BIHAR,D101,BAIKUNTHPUR,37.57
24-04-2025,26.5,84.5,GOPALGANJ,BIHAR,D101,BAIKUNTHPUR,37.43
25-04-2025,26.5,84.5,GOPALGANJ,BIHAR,D101,BAIKUNTHPUR,37.25
26-04-2025,26.5,84.5,GOPALGANJ,BIHAR,D101,BAIKUNTHPUR,37.43
27-04-2025,26.5,84.5,GOPALGANJ,BIHAR,D101,BAIKUNTHPUR,37.29
28-04-2025,26.5,84.5,GOPALGANJ,BIHAR,D101,BAIKUNTHPUR,37.15
29-04-2025,26.5,84.5,GOPALGANJ,BIHAR,D101,BAIKUNTHPUR,37.33
30-04-2025,26.5,84.5,GOPALGANJ,BIHAR,D101,BAIKUNTHPUR,36.87
01-05-2025,26.5,84.5,GOPALGANJ,BIHAR,D101,BAIKUNTHPUR,36.55
02-05-2025,26.5,84.5,GOPALGANJ,BIHAR,D101,BAIKUNTHPUR,36.35
03-05-2025,26.5,84.5,GOPALGANJ,BIHAR,D101,BAIKUNTHPUR,36.13
04-05-2025,26.5,84.5,GOPALGANJ,BIHAR,D101,BAIKUNTHPUR,36.22
05-05-2025,26.5,84.5,GOPALGANJ,BIHAR,D101,BAIKUNTHPUR,36.18
06-05-2025,26.5,84.5,GOPALGANJ,BIHAR,D101,BAIKUNTHPUR,36.76
07-05-2025,26.5,84.5,GOPALGANJ,BIHAR,D101,BAIKUNTHPUR,36.23
08-05-2025,26.5,84.5,GOPALGANJ,BIHAR,D101,BAIKUNTHPUR,36.89
09-05-2025,26.5,84.5,GOPALGANJ,BIHAR,D101,BAIKUNTHPUR,37
10-05-2025,26.5,84.5,GOPALGANJ,BIHAR,D101,BAIKUNTHPUR,37.26
11-05-2025,26.5,84.5,GOPALGANJ,BIHAR,D101,BAIKUNTHPUR,37.28
12-05-2025,26.5,84.5,GOPALGANJ,BIHAR,D101,BAIKUNTHPUR,36.61
13-05-2025,26.5,84.5,GOPALGANJ,BIHAR,D101,BAIKUNTHPUR,37.24
14-05-2025,26.5,84.5,GOPALGANJ,BIHAR,D101,BAIKUNTHPUR,37.59
15-05-2025,26.5,84.5,GOPALGANJ,BIHAR,D101,BAIKUNTHPUR,37.26
16-05-2025,26.5,84.5,GOPALGANJ,BIHAR,D101,BAIKUNTHPUR,37.55
17-05-2025,26.5,84.5,GOPALGANJ,BIHAR,D101,BAIKUNTHPUR,37.64
18-05-2025,26.5,84.5,GOPALGANJ,BIHAR,D101,BAIKUNTHPUR,37.8
19-05-2025,26.5,84.5,GOPALGANJ,BIHAR,D101,BAIKUNTHPUR,37.5
20-05-2025,26.5,84.5,GOPALGANJ,BIHAR,D101,BAIKUNTHPUR,37.25
21-05-2025,26.5,84.5,GOPALGANJ,BIHAR,D101,BAIKUNTHPUR,37.15
22-05-2025,26.5,84.5,GOPALGANJ,BIHAR,D101,BAIKUNTHPUR,37.4
23-05-2025,26.5,84.5,GOPALGANJ,BIHAR,D101,BAIKUNTHPUR,37.4
24-05-2025,26.5,84.5,GOPALGANJ,BIHAR,D101,BAIKUNTHPUR,37.36
25-05-2025,26.5,84.5,GOPALGANJ,BIHAR,D101,BAIKUNTHPUR,37.66
26-05-2025,26.5,84.5,GOPALGANJ,BIHAR,D101,BAIKUNTHPUR,37.82
27-05-2025,26.5,84.5,GOPALGANJ,BIHAR,D101,BAIKUNTHPUR,37.06
28-05-2025,26.5,84.5,GOPALGANJ,BIHAR,D101,BAIKUNTHPUR,37.04
29-05-2025,26.5,84.5,GOPALGANJ,BIHAR,D101,BAIKUNTHPUR,37.22
30-05-2025,26.5,84.5,GOPALGANJ,BIHAR,D101,BAIKUNTHPUR,37.47
31-05-2025,26.5,84.5,GOPALGANJ,BIHAR,D101,BAIKUNTHPUR,37.46
01-06-2025,26.5,84.5,GOPALGANJ,BIHAR,D101,BAIKUNTHPUR,37.68
02-06-2025,26.5,84.5,GOPALGANJ,BIHAR,D101,BAIKUNTHPUR,37.92
03-06-2025,26.5,84.5,GOPALGANJ,BIHAR,D101,BAIKUNTHPUR,38.13
04-06-2025,26.5,84.5,GOPALGANJ,BIHAR,D101,BAIKUNTHPUR,37.48
05-06-2025,26.5,84.5,GOPALGANJ,BIHAR,D101,BAIKUNTHPUR,37.39
06-06-2025,26.5,84.5,GOPALGANJ,BIHAR,D101,BAIKUNTHPUR,36.95
07-06-2025,26.5,84.5,GOPALGANJ,BIHAR,D101,BAIKUNTHPUR,36.92
08-06-2025,26.5,84.5,GOPALGANJ,BIHAR,D101,BAIKUNTHPUR,36.84
09-06-2025,26.5,84.5,GOPALGANJ,BIHAR,D101,BAIKUNTHPUR,37.43
10-06-2025,26.5,84.5,GOPALGANJ,BIHAR,D101,BAIKUNTHPUR,37.61
11-06-2025,26.5,84.5,GOPALGANJ,BIHAR,D101,BAIKUNTHPUR,37.65
12-06-2025,26.5,84.5,GOPALGANJ,BIHAR,D101,BAIKUNTHPUR,37.56
13-06-2025,26.5,84.5,GOPALGANJ,BIHAR,D101,BAIKUNTHPUR,37.29
14-06-2025,26.5,84.5,GOPALGANJ,BIHAR,D101,BAIKUNTHPUR,36.96
15-06-2025,26.5,84.5,GOPALGANJ,BIHAR,D101,BAIKUNTHPUR,36.39
16-06-2025,26.5,84.5,GOPALGANJ,BIHAR,D101,BAIKUNTHPUR,36.24
17-06-2025,26.5,84.5,GOPALGANJ,BIHAR,D101,BAIKUNTHPUR,36.16
18-06-2025,26.5,84.5,GOPALGANJ,BIHAR,D101,BAIKUNTHPUR,35.9
19-06-2025,26.5,84.5,GOPALGANJ,BIHAR,D101,BAIKUNTHPUR,35.31
20-06-2025,26.5,84.5,GOPALGANJ,BIHAR,D101,BAIKUNTHPUR,35.17
21-06-2025,26.5,84.5,GOPALGANJ,BIHAR,D101,BAIKUNTHPUR,35.36
22-06-2025,26.5,84.5,GOPALGANJ,BIHAR,D101,BAIKUNTHPUR,35.3
23-06-2025,26.5,84.5,GOPALGANJ,BIHAR,D101,BAIKUNTHPUR,35.18
24-06-2025,26.5,84.5,GOPALGANJ,BIHAR,D101,BAIKUNTHPUR,35.15
25-06-2025,26.5,84.5,GOPALGANJ,BIHAR,D101,BAIKUNTHPUR,34.95
26-06-2025,26.5,84.5,GOPALGANJ,BIHAR,D101,BAIKUNTHPUR,34.71
27-06-2025,26.5,84.5,GOPALGANJ,BIHAR,D101,BAIKUNTHPUR,34.47
28-06-2025,26.5,84.5,GOPALGANJ,BIHAR,D101,BAIKUNTHPUR,34.15
29-06-2025,26.5,84.5,GOPALGANJ,BIHAR,D101,BAIKUNTHPUR,33.39
30-06-2025,26.5,84.5,GOPALGANJ,BIHAR,D101,BAIKUNTHPUR,33.34
01-07-2025,26.5,84.5,GOPALGANJ,BIHAR,D101,BAIKUNTHPUR,34
02-07-2025,26.5,84.5,GOPALGANJ,BIHAR,D101,BAIKUNTHPUR,33.46
03-07-2025,26.5,84.5,GOPALGANJ,BIHAR,D101,BAIKUNTHPUR,33.72
04-07-2025,26.5,84.5,GOPALGANJ,BIHAR,D101,BAIKUNTHPUR,33.51
05-07-2025,26.5,84.5,GOPALGANJ,BIHAR,D101,BAIKUNTHPUR,33.15
06-07-2025,26.5,84.5,GOPALGANJ,BIHAR,D101,BAIKUNTHPUR,33.63
07-07-2025,26.5,84.5,GOPALGANJ,BIHAR,D101,BAIKUNTHPUR,33.62
08-07-2025,26.5,84.5,GOPALGANJ,BIHAR,D101,BAIKUNTHPUR,33.97
09-07-2025,26.5,84.5,GOPALGANJ,BIHAR,D101,BAIKUNTHPUR,33.92
10-07-2025,26.5,84.5,GOPALGANJ,BIHAR,D101,BAIKUNTHPUR,33.27
11-07-2025,26.5,84.5,GOPALGANJ,BIHAR,D101,BAIKUNTHPUR,32.97
12-07-2025,26.5,84.5,GOPALGANJ,BIHAR,D101,BAIKUNTHPUR,33.23
13-07-2025,26.5,84.5,GOPALGANJ,BIHAR,D101,BAIKUNTHPUR,33.8
14-07-2025,26.5,84.5,GOPALGANJ,BIHAR,D101,BAIKUNTHPUR,33.95
15-07-2025,26.5,84.5,GOPALGANJ,BIHAR,D101,BAIKUNTHPUR,33.66
16-07-2025,26.5,84.5,GOPALGANJ,BIHAR,D101,BAIKUNTHPUR,33.36
17-07-2025,26.5,84.5,GOPALGANJ,BIHAR,D101,BAIKUNTHPUR,33.62
18-07-2025,26.5,84.5,GOPALGANJ,BIHAR,D101,BAIKUNTHPUR,33.84
19-07-2025,26.5,84.5,GOPALGANJ,BIHAR,D101,BAIKUNTHPUR,33.85
20-07-2025,26.5,84.5,GOPALGANJ,BIHAR,D101,BAIKUNTHPUR,33.32
21-07-2025,26.5,84.5,GOPALGANJ,BIHAR,D101,BAIKUNTHPUR,33.34
22-07-2025,26.5,84.5,GOPALGANJ,BIHAR,D101,BAIKUNTHPUR,33.46
23-07-2025,26.5,84.5,GOPALGANJ,BIHAR,D101,BAIKUNTHPUR,33.59
24-07-2025,26.5,84.5,GOPALGANJ,BIHAR,D101,BAIKUNTHPUR,33.23
25-07-2025,26.5,84.5,GOPALGANJ,BIHAR,D101,BAIKUNTHPUR,33.34
26-07-2025,26.5,84.5,GOPALGANJ,BIHAR,D101,BAIKUNTHPUR,33.24
27-07-2025,26.5,84.5,GOPALGANJ,BIHAR,D101,BAIKUNTHPUR,32.98
28-07-2025,26.5,84.5,GOPALGANJ,BIHAR,D101,BAIKUNTHPUR,33.4
29-07-2025,26.5,84.5,GOPALGANJ,BIHAR,D101,BAIKUNTHPUR,33.56
30-07-2025,26.5,84.5,GOPALGANJ,BIHAR,D101,BAIKUNTHPUR,33.4
31-07-2025,26.5,84.5,GOPALGANJ,BIHAR,D101,BAIKUNTHPUR,33.15
01-08-2025,26.5,84.5,GOPALGANJ,BIHAR,D101,BAIKUNTHPUR,33.2
02-08-2025,26.5,84.5,GOPALGANJ,BIHAR,D101,BAIKUNTHPUR,33.17
03-08-2025,26.5,84.5,GOPALGANJ,BIHAR,D101,BAIKUNTHPUR,32.96
04-08-2025,26.5,84.5,GOPALGANJ,BIHAR,D101,BAIKUNTHPUR,33.61
05-08-2025,26.5,84.5,GOPALGANJ,BIHAR,D101,BAIKUNTHPUR,33.56
06-08-2025,26.5,84.5,GOPALGANJ,BIHAR,D101,BAIKUNTHPUR,33.61
07-08-2025,26.5,84.5,GOPALGANJ,BIHAR,D101,BAIKUNTHPUR,33.91
08-08-2025,26.5,84.5,GOPALGANJ,BIHAR,D101,BAIKUNTHPUR,33.5
09-08-2025,26.5,84.5,GOPALGANJ,BIHAR,D101,BAIKUNTHPUR,33.75
10-08-2025,26.5,84.5,GOPALGANJ,BIHAR,D101,BAIKUNTHPUR,33.59
11-08-2025,26.5,84.5,GOPALGANJ,BIHAR,D101,BAIKUNTHPUR,33.25
12-08-2025,26.5,84.5,GOPALGANJ,BIHAR,D101,BAIKUNTHPUR,32.8
13-08-2025,26.5,84.5,GOPALGANJ,BIHAR,D101,BAIKUNTHPUR,32.53
14-08-2025,26.5,84.5,GOPALGANJ,BIHAR,D101,BAIKUNTHPUR,32.57
15-08-2025,26.5,84.5,GOPALGANJ,BIHAR,D101,BAIKUNTHPUR,32.91
16-08-2025,26.5,84.5,GOPALGANJ,BIHAR,D101,BAIKUNTHPUR,33.45
17-08-2025,26.5,84.5,GOPALGANJ,BIHAR,D101,BAIKUNTHPUR,33.2
18-08-2025,26.5,84.5,GOPALGANJ,BIHAR,D101,BAIKUNTHPUR,32.97
19-08-2025,26.5,84.5,GOPALGANJ,BIHAR,D101,BAIKUNTHPUR,32.83
20-08-2025,26.5,84.5,GOPALGANJ,BIHAR,D101,BAIKUNTHPUR,32.84
21-08-2025,26.5,84.5,GOPALGANJ,BIHAR,D101,BAIKUNTHPUR,33.17
22-08-2025,26.5,84.5,GOPALGANJ,BIHAR,D101,BAIKUNTHPUR,33.33
23-08-2025,26.5,84.5,GOPALGANJ,BIHAR,D101,BAIKUNTHPUR,32.99
24-08-2025,26.5,84.5,GOPALGANJ,BIHAR,D101,BAIKUNTHPUR,32.93
25-08-2025,26.5,84.5,GOPALGANJ,BIHAR,D101,BAIKUNTHPUR,33.15
26-08-2025,26.5,84.5,GOPALGANJ,BIHAR,D101,BAIKUNTHPUR,33.5
27-08-2025,26.5,84.5,GOPALGANJ,BIHAR,D101,BAIKUNTHPUR,33.41
28-08-2025,26.5,84.5,GOPALGANJ,BIHAR,D101,BAIKUNTHPUR,33.35
29-08-2025,26.5,84.5,GOPALGANJ,BIHAR,D101,BAIKUNTHPUR,33.55
30-08-2025,26.5,84.5,GOPALGANJ,BIHAR,D101,BAIKUNTHPUR,33.8
31-08-2025,26.5,84.5,GOPALGANJ,BIHAR,D101,BAIKUNTHPUR,33.4
01-09-2025,26.5,84.5,GOPALGANJ,BIHAR,D101,BAIKUNTHPUR,33.24
02-09-2025,26.5,84.5,GOPALGANJ,BIHAR,D101,BAIKUNTHPUR,33.15
03-09-2025,26.5,84.5,GOPALGANJ,BIHAR,D101,BAIKUNTHPUR,33.44
04-09-2025,26.5,84.5,GOPALGANJ,BIHAR,D101,BAIKUNTHPUR,33.5
05-09-2025,26.5,84.5,GOPALGANJ,BIHAR,D101,BAIKUNTHPUR,33.4
06-09-2025,26.5,84.5,GOPALGANJ,BIHAR,D101,BAIKUNTHPUR,33.18
07-09-2025,26.5,84.5,GOPALGANJ,BIHAR,D101,BAIKUNTHPUR,33.16
08-09-2025,26.5,84.5,GOPALGANJ,BIHAR,D101,BAIKUNTHPUR,33.31
09-09-2025,26.5,84.5,GOPALGANJ,BIHAR,D101,BAIKUNTHPUR,33.22
10-09-2025,26.5,84.5,GOPALGANJ,BIHAR,D101,BAIKUNTHPUR,33.28
11-09-2025,26.5,84.5,GOPALGANJ,BIHAR,D101,BAIKUNTHPUR,33.13
12-09-2025,26.5,84.5,GOPALGANJ,BIHAR,D101,BAIKUNTHPUR,32.88
13-09-2025,26.5,84.5,GOPALGANJ,BIHAR,D101,BAIKUNTHPUR,33.33
14-09-2025,26.5,84.5,GOPALGANJ,BIHAR,D101,BAIKUNTHPUR,32.86
15-09-2025,26.5,84.5,GOPALGANJ,BIHAR,D101,BAIKUNTHPUR,32.49
16-09-2025,26.5,84.5,GOPALGANJ,BIHAR,D101,BAIKUNTHPUR,32.81
17-09-2025,26.5,84.5,GOPALGANJ,BIHAR,D101,BAIKUNTHPUR,32.96
18-09-2025,26.5,84.5,GOPALGANJ,BIHAR,D101,BAIKUNTHPUR,32.95
19-09-2025,26.5,84.5,GOPALGANJ,BIHAR,D101,BAIKUNTHPUR,33.36
20-09-2025,26.5,84.5,GOPALGANJ,BIHAR,D101,BAIKUNTHPUR,33.06
21-09-2025,26.5,84.5,GOPALGANJ,BIHAR,D101,BAIKUNTHPUR,32.69
22-09-2025,26.5,84.5,GOPALGANJ,BIHAR,D101,BAIKUNTHPUR,32.5
23-09-2025,26.5,84.5,GOPALGANJ,BIHAR,D101,BAIKUNTHPUR,32.57
24-09-2025,26.5,84.5,GOPALGANJ,BIHAR,D101,BAIKUNTHPUR,32.51
25-09-2025,26.5,84.5,GOPALGANJ,BIHAR,D101,BAIKUNTHPUR,32.08
26-09-2025,26.5,84.5,GOPALGANJ,BIHAR,D101,BAIKUNTHPUR,32.14
27-09-2025,26.5,84.5,GOPALGANJ,BIHAR,D101,BAIKUNTHPUR,32.7
28-09-2025,26.5,84.5,GOPALGANJ,BIHAR,D101,BAIKUNTHPUR,32.93
29-09-2025,26.5,84.5,GOPALGANJ,BIHAR,D101,BAIKUNTHPUR,32.88
30-09-2025,26.5,84.5,GOPALGANJ,BIHAR,D101,BAIKUNTHPUR,32.72
01-10-2025,26.5,84.5,GOPALGANJ,BIHAR,D101,BAIKUNTHPUR,32.75
02-10-2025,26.5,84.5,GOPALGANJ,BIHAR,D101,BAIKUNTHPUR,32.51
03-10-2025,26.5,84.5,GOPALGANJ,BIHAR,D101,BAIKUNTHPUR,32.51
04-10-2025,26.5,84.5,GOPALGANJ,BIHAR,D101,BAIKUNTHPUR,32.44
05-10-2025,26.5,84.5,GOPALGANJ,BIHAR,D101,BAIKUNTHPUR,32.76
06-10-2025,26.5,84.5,GOPALGANJ,BIHAR,D101,BAIKUNTHPUR,32.9
07-10-2025,26.5,84.5,GOPALGANJ,BIHAR,D101,BAIKUNTHPUR,32.74
08-10-2025,26.5,84.5,GOPALGANJ,BIHAR,D101,BAIKUNTHPUR,32.74
09-10-2025,26.5,84.5,GOPALGANJ,BIHAR,D101,BAIKUNTHPUR,32.85
10-10-2025,26.5,84.5,GOPALGANJ,BIHAR,D101,BAIKUNTHPUR,32.91
11-10-2025,26.5,84.5,GOPALGANJ,BIHAR,D101,BAIKUNTHPUR,32.76
12-10-2025,26.5,84.5,GOPALGANJ,BIHAR,D101,BAIKUNTHPUR,32.65
13-10-2025,26.5,84.5,GOPALGANJ,BIHAR,D101,BAIKUNTHPUR,32.49
14-10-2025,26.5,84.5,GOPALGANJ,BIHAR,D101,BAIKUNTHPUR,32.29
15-10-2025,26.5,84.5,GOPALGANJ,BIHAR,D101,BAIKUNTHPUR,32.45
16-10-2025,26.5,84.5,GOPALGANJ,BIHAR,D101,BAIKUNTHPUR,32.49
17-10-2025,26.5,84.5,GOPALGANJ,BIHAR,D101,BAIKUNTHPUR,32.13
18-10-2025,26.5,84.5,GOPALGANJ,BIHAR,D101,BAIKUNTHPUR,31.87
19-10-2025,26.5,84.5,GOPALGANJ,BIHAR,D101,BAIKUNTHPUR,31.71
20-10-2025,26.5,84.5,GOPALGANJ,BIHAR,D101,BAIKUNTHPUR,31.57
21-10-2025,26.5,84.5,GOPALGANJ,BIHAR,D101,BAIKUNTHPUR,31.52
22-10-2025,26.5,84.5,GOPALGANJ,BIHAR,D101,BAIKUNTHPUR,31.82
23-10-2025,26.5,84.5,GOPALGANJ,BIHAR,D101,BAIKUNTHPUR,31.79
24-10-2025,26.5,84.5,GOPALGANJ,BIHAR,D101,BAIKUNTHPUR,31.5
25-10-2025,26.5,84.5,GOPALGANJ,BIHAR,D101,BAIKUNTHPUR,31.06
26-10-2025,26.5,84.5,GOPALGANJ,BIHAR,D101,BAIKUNTHPUR,31.02
27-10-2025,26.5,84.5,GOPALGANJ,BIHAR,D101,BAIKUNTHPUR,31.05
28-10-2025,26.5,84.5,GOPALGANJ,BIHAR,D101,BAIKUNTHPUR,30.79
29-10-2025,26.5,84.5,GOPALGANJ,BIHAR,D101,BAIKUNTHPUR,30.87
30-10-2025,26.5,84.5,GOPALGANJ,BIHAR,D101,BAIKUNTHPUR,30.82
31-10-2025,26.5,84.5,GOPALGANJ,BIHAR,D101,BAIKUNTHPUR,30.95
01-11-2025,26.5,84.5,GOPALGANJ,BIHAR,D101,BAIKUNTHPUR,30.88
02-11-2025,26.5,84.5,GOPALGANJ,BIHAR,D101,BAIKUNTHPUR,30.87
03-11-2025,26.5,84.5,GOPALGANJ,BIHAR,D101,BAIKUNTHPUR,30.72
04-11-2025,26.5,84.5,GOPALGANJ,BIHAR,D101,BAIKUNTHPUR,30.58
05-11-2025,26.5,84.5,GOPALGANJ,BIHAR,D101,BAIKUNTHPUR,30.65
06-11-2025,26.5,84.5,GOPALGANJ,BIHAR,D101,BAIKUNTHPUR,30.44
07-11-2025,26.5,84.5,GOPALGANJ,BIHAR,D101,BAIKUNTHPUR,30.42
08-11-2025,26.5,84.5,GOPALGANJ,BIHAR,D101,BAIKUNTHPUR,30.41
09-11-2025,26.5,84.5,GOPALGANJ,BIHAR,D101,BAIKUNTHPUR,30.11
10-11-2025,26.5,84.5,GOPALGANJ,BIHAR,D101,BAIKUNTHPUR,29.66
11-11-2025,26.5,84.5,GOPALGANJ,BIHAR,D101,BAIKUNTHPUR,29.45
12-11-2025,26.5,84.5,GOPALGANJ,BIHAR,D101,BAIKUNTHPUR,29.33
13-11-2025,26.5,84.5,GOPALGANJ,BIHAR,D101,BAIKUNTHPUR,29.3
14-11-2025,26.5,84.5,GOPALGANJ,BIHAR,D101,BAIKUNTHPUR,29.39
15-11-2025,26.5,84.5,GOPALGANJ,BIHAR,D101,BAIKUNTHPUR,29.35
16-11-2025,26.5,84.5,GOPALGANJ,BIHAR,D101,BAIKUNTHPUR,29
17-11-2025,26.5,84.5,GOPALGANJ,BIHAR,D101,BAIKUNTHPUR,28.99
18-11-2025,26.5,84.5,GOPALGANJ,BIHAR,D101,BAIKUNTHPUR,28.67
19-11-2025,26.5,84.5,GOPALGANJ,BIHAR,D101,BAIKUNTHPUR,28.68
20-11-2025,26.5,84.5,GOPALGANJ,BIHAR,D101,BAIKUNTHPUR,28.49
21-11-2025,26.5,84.5,GOPALGANJ,BIHAR,D101,BAIKUNTHPUR,28.24
22-11-2025,26.5,84.5,GOPALGANJ,BIHAR,D101,BAIKUNTHPUR,27.85
23-11-2025,26.5,84.5,GOPALGANJ,BIHAR,D101,BAIKUNTHPUR,28.11
24-11-2025,26.5,84.5,GOPALGANJ,BIHAR,D101,BAIKUNTHPUR,27.78
25-11-2025,26.5,84.5,GOPALGANJ,BIHAR,D101,BAIKUNTHPUR,27.68
26-11-2025,26.5,84.5,GOPALGANJ,BIHAR,D101,BAIKUNTHPUR,27.62
27-11-2025,26.5,84.5,GOPALGANJ,BIHAR,D101,BAIKUNTHPUR,27.3
28-11-2025,26.5,84.5,GOPALGANJ,BIHAR,D101,BAIKUNTHPUR,27.46
29-11-2025,26.5,84.5,GOPALGANJ,BIHAR,D101,BAIKUNTHPUR,27.44
30-11-2025,26.5,84.5,GOPALGANJ,BIHAR,D101,BAIKUNTHPUR,27.19
01-12-2025,26.5,84.5,GOPALGANJ,BIHAR,D101,BAIKUNTHPUR,27
02-12-2025,26.5,84.5,GOPALGANJ,BIHAR,D101,BAIKUNTHPUR,26.92
03-12-2025,26.5,84.5,GOPALGANJ,BIHAR,D101,BAIKUNTHPUR,26.48
04-12-2025,26.5,84.5,GOPALGANJ,BIHAR,D101,BAIKUNTHPUR,26.32
05-12-2025,26.5,84.5,GOPALGANJ,BIHAR,D101,BAIKUNTHPUR,26.05
06-12-2025,26.5,84.5,GOPALGANJ,BIHAR,D101,BAIKUNTHPUR,26.15
07-12-2025,26.5,84.5,GOPALGANJ,BIHAR,D101,BAIKUNTHPUR,25.95
08-12-2025,26.5,84.5,GOPALGANJ,BIHAR,D101,BAIKUNTHPUR,25.6
09-12-2025,26.5,84.5,GOPALGANJ,BIHAR,D101,BAIKUNTHPUR,25.41
10-12-2025,26.5,84.5,GOPALGANJ,BIHAR,D101,BAIKUNTHPUR,25.07
11-12-2025,26.5,84.5,GOPALGANJ,BIHAR,D101,BAIKUNTHPUR,25
12-12-2025,26.5,84.5,GOPALGANJ,BIHAR,D101,BAIKUNTHPUR,24.87
13-12-2025,26.5,84.5,GOPALGANJ,BIHAR,D101,BAIKUNTHPUR,24.41
14-12-2025,26.5,84.5,GOPALGANJ,BIHAR,D101,BAIKUNTHPUR,24.11
15-12-2025,26.5,84.5,GOPALGANJ,BIHAR,D101,BAIKUNTHPUR,23.93
16-12-2025,26.5,84.5,GOPALGANJ,BIHAR,D101,BAIKUNTHPUR,23.71
17-12-2025,26.5,84.5,GOPALGANJ,BIHAR,D101,BAIKUNTHPUR,23.4
18-12-2025,26.5,84.5,GOPALGANJ,BIHAR,D101,BAIKUNTHPUR,23
19-12-2025,26.5,84.5,GOPALGANJ,BIHAR,D101,BAIKUNTHPUR,23.04
20-12-2025,26.5,84.5,GOPALGANJ,BIHAR,D101,BAIKUNTHPUR,22.6
21-12-2025,26.5,84.5,GOPALGANJ,BIHAR,D101,BAIKUNTHPUR,22.5
22-12-2025,26.5,84.5,GOPALGANJ,BIHAR,D101,BAIKUNTHPUR,22.58
23-12-2025,26.5,84.5,GOPALGANJ,BIHAR,D101,BAIKUNTHPUR,22.86
24-12-2025,26.5,84.5,GOPALGANJ,BIHAR,D101,BAIKUNTHPUR,22.92
25-12-2025,26.5,84.5,GOPALGANJ,BIHAR,D101,BAIKUNTHPUR,22.73
26-12-2025,26.5,84.5,GOPALGANJ,BIHAR,D101,BAIKUNTHPUR,22.27
27-12-2025,26.5,84.5,GOPALGANJ,BIHAR,D101,BAIKUNTHPUR,22.05
28-12-2025,26.5,84.5,GOPALGANJ,BIHAR,D101,BAIKUNTHPUR,21.54
29-12-2025,26.5,84.5,GOPALGANJ,BIHAR,D101,BAIKUNTHPUR,21.42
30-12-2025,26.5,84.5,GOPALGANJ,BIHAR,D101,BAIKUNTHPUR,21.14
31-12-2025,26.5,84.5,GOPALGANJ,BIHAR,D101,BAIKUNTHPUR,21.16
01-01-2025,24.5,86.5,JAMUI,BIHAR,D103,CHAKAI,23.25
02-01-2025,24.5,86.5,JAMUI,BIHAR,D103,CHAKAI,23.18
03-01-2025,24.5,86.5,JAMUI,BIHAR,D103,CHAKAI,22.86
04-01-2025,24.5,86.5,JAMUI,BIHAR,D103,CHAKAI,23.18
05-01-2025,24.5,86.5,JAMUI,BIHAR,D103,CHAKAI,23.06
06-01-2025,24.5,86.5,JAMUI,BIHAR,D103,CHAKAI,22.72
07-01-2025,24.5,86.5,JAMUI,BIHAR,D103,CHAKAI,23.11
08-01-2025,24.5,86.5,JAMUI,BIHAR,D103,CHAKAI,23.37
09-01-2025,24.5,86.5,JAMUI,BIHAR,D103,CHAKAI,23.38
10-01-2025,24.5,86.5,JAMUI,BIHAR,D103,CHAKAI,22.8
11-01-2025,24.5,86.5,JAMUI,BIHAR,D103,CHAKAI,22.88
12-01-2025,24.5,86.5,JAMUI,BIHAR,D103,CHAKAI,22.94
13-01-2025,24.5,86.5,JAMUI,BIHAR,D103,CHAKAI,22.85
14-01-2025,24.5,86.5,JAMUI,BIHAR,D103,CHAKAI,23.26
15-01-2025,24.5,86.5,JAMUI,BIHAR,D103,CHAKAI,23.52
16-01-2025,24.5,86.5,JAMUI,BIHAR,D103,CHAKAI,23.53
17-01-2025,24.5,86.5,JAMUI,BIHAR,D103,CHAKAI,23.78
18-01-2025,24.5,86.5,JAMUI,BIHAR,D103,CHAKAI,23.81
19-01-2025,24.5,86.5,JAMUI,BIHAR,D103,CHAKAI,23.65
20-01-2025,24.5,86.5,JAMUI,BIHAR,D103,CHAKAI,23.58
21-01-2025,24.5,86.5,JAMUI,BIHAR,D103,CHAKAI,23.62
22-01-2025,24.5,86.5,JAMUI,BIHAR,D103,CHAKAI,23.86
23-01-2025,24.5,86.5,JAMUI,BIHAR,D103,CHAKAI,23.88
24-01-2025,24.5,86.5,JAMUI,BIHAR,D103,CHAKAI,23.99
25-01-2025,24.5,86.5,JAMUI,BIHAR,D103,CHAKAI,24.02
26-01-2025,24.5,86.5,JAMUI,BIHAR,D103,CHAKAI,23.96
27-01-2025,24.5,86.5,JAMUI,BIHAR,D103,CHAKAI,24.55
28-01-2025,24.5,86.5,JAMUI,BIHAR,D103,CHAKAI,24.46
29-01-2025,24.5,86.5,JAMUI,BIHAR,D103,CHAKAI,24.29
30-01-2025,24.5,86.5,JAMUI,BIHAR,D103,CHAKAI,24.8
31-01-2025,24.5,86.5,JAMUI,BIHAR,D103,CHAKAI,25.08
01-02-2025,24.5,86.5,JAMUI,BIHAR,D103,CHAKAI,25.32
02-02-2025,24.5,86.5,JAMUI,BIHAR,D103,CHAKAI,25.7
03-02-2025,24.5,86.5,JAMUI,BIHAR,D103,CHAKAI,26.08
04-02-2025,24.5,86.5,JAMUI,BIHAR,D103,CHAKAI,26.3
05-02-2025,24.5,86.5,JAMUI,BIHAR,D103,CHAKAI,26.42
06-02-2025,24.5,86.5,JAMUI,BIHAR,D103,CHAKAI,26.15
07-02-2025,24.5,86.5,JAMUI,BIHAR,D103,CHAKAI,26.82
08-02-2025,24.5,86.5,JAMUI,BIHAR,D103,CHAKAI,26.78
09-02-2025,24.5,86.5,JAMUI,BIHAR,D103,CHAKAI,26.56
10-02-2025,24.5,86.5,JAMUI,BIHAR,D103,CHAKAI,26.75
11-02-2025,24.5,86.5,JAMUI,BIHAR,D103,CHAKAI,27.39
12-02-2025,24.5,86.5,JAMUI,BIHAR,D103,CHAKAI,27.27
13-02-2025,24.5,86.5,JAMUI,BIHAR,D103,CHAKAI,27.18
14-02-2025,24.5,86.5,JAMUI,BIHAR,D103,CHAKAI,27.9
15-02-2025,24.5,86.5,JAMUI,BIHAR,D103,CHAKAI,28.22
16-02-2025,24.5,86.5,JAMUI,BIHAR,D103,CHAKAI,28.17
17-02-2025,24.5,86.5,JAMUI,BIHAR,D103,CHAKAI,28
18-02-2025,24.5,86.5,JAMUI,BIHAR,D103,CHAKAI,28.61
19-02-2025,24.5,86.5,JAMUI,BIHAR,D103,CHAKAI,28.85
20-02-2025,24.5,86.5,JAMUI,BIHAR,D103,CHAKAI,29.07
21-02-2025,24.5,86.5,JAMUI,BIHAR,D103,CHAKAI,29.36
22-02-2025,24.5,86.5,JAMUI,BIHAR,D103,CHAKAI,29.57
23-02-2025,24.5,86.5,JAMUI,BIHAR,D103,CHAKAI,30.16
24-02-2025,24.5,86.5,JAMUI,BIHAR,D103,CHAKAI,30.13
25-02-2025,24.5,86.5,JAMUI,BIHAR,D103,CHAKAI,30.35
26-02-2025,24.5,86.5,JAMUI,BIHAR,D103,CHAKAI,30.36
27-02-2025,24.5,86.5,JAMUI,BIHAR,D103,CHAKAI,30.36
28-02-2025,24.5,86.5,JAMUI,BIHAR,D103,CHAKAI,30.6
29-02-2025,24.5,86.5,JAMUI,BIHAR,D103,CHAKAI,29.99
01-03-2025,24.5,86.5,JAMUI,BIHAR,D103,CHAKAI,30.97
02-03-2025,24.5,86.5,JAMUI,BIHAR,D103,CHAKAI,30.84
03-03-2025,24.5,86.5,JAMUI,BIHAR,D103,CHAKAI,31.02
04-03-2025,24.5,86.5,JAMUI,BIHAR,D103,CHAKAI,31.34
05-03-2025,24.5,86.5,JAMUI,BIHAR,D103,CHAKAI,31.15
06-03-2025,24.5,86.5,JAMUI,BIHAR,D103,CHAKAI,30.89
07-03-2025,24.5,86.5,JAMUI,BIHAR,D103,CHAKAI,31.02
08-03-2025,24.5,86.5,JAMUI,BIHAR,D103,CHAKAI,31.19
09-03-2025,24.5,86.5,JAMUI,BIHAR,D103,CHAKAI,31.74
10-03-2025,24.5,86.5,JAMUI,BIHAR,D103,CHAKAI,31.59
11-03-2025,24.5,86.5,JAMUI,BIHAR,D103,CHAKAI,31.91
12-03-2025,24.5,86.5,JAMUI,BIHAR,D103,CHAKAI,32.41
13-03-2025,24.5,86.5,JAMUI,BIHAR,D103,CHAKAI,31.84
14-03-2025,24.5,86.5,JAMUI,BIHAR,D103,CHAKAI,31.91
15-03-2025,24.5,86.5,JAMUI,BIHAR,D103,CHAKAI,32.54
16-03-2025,24.5,86.5,JAMUI,BIHAR,D103,CHAKAI,32.71
17-03-2025,24.5,86.5,JAMUI,BIHAR,D103,CHAKAI,33.09
18-03-2025,24.5,86.5,JAMUI,BIHAR,D103,CHAKAI,33.73
19-03-2025,24.5,86.5,JAMUI,BIHAR,D103,CHAKAI,33.62
20-03-2025,24.5,86.5,JAMUI,BIHAR,D103,CHAKAI,33.89
21-03-2025,24.5,86.5,JAMUI,BIHAR,D103,CHAKAI,34.44
22-03-2025,24.5,86.5,JAMUI,BIHAR,D103,CHAKAI,34.57
23-03-2025,24.5,86.5,JAMUI,BIHAR,D103,CHAKAI,34.7
24-03-2025,24.5,86.5,JAMUI,BIHAR,D103,CHAKAI,34.67
25-03-2025,24.5,86.5,JAMUI,BIHAR,D103,CHAKAI,35.16
26-03-2025,24.5,86.5,JAMUI,BIHAR,D103,CHAKAI,35.08
27-03-2025,24.5,86.5,JAMUI,BIHAR,D103,CHAKAI,35.14
28-03-2025,24.5,86.5,JAMUI,BIHAR,D103,CHAKAI,35.46
29-03-2025,24.5,86.5,JAMUI,BIHAR,D103,CHAKAI,35.58
30-03-2025,24.5,86.5,JAMUI,BIHAR,D103,CHAKAI,35.55
31-03-2025,24.5,86.5,JAMUI,BIHAR,D103,CHAKAI,35.16
01-04-2025,24.5,86.5,JAMUI,BIHAR,D103,CHAKAI,35.49
02-04-2025,24.5,86.5,JAMUI,BIHAR,D103,CHAKAI,36.16
03-04-2025,24.5,86.5,JAMUI,BIHAR,D103,CHAKAI,36.98
04-04-2025,24.5,86.5,JAMUI,BIHAR,D103,CHAKAI,36.19
05-04-2025,24.5,86.5,JAMUI,BIHAR,D103,CHAKAI,36.06
06-04-2025,24.5,86.5,JAMUI,BIHAR,D103,CHAKAI,36.39
07-04-2025,24.5,86.5,JAMUI,BIHAR,D103,CHAKAI,36.71
08-04-2025,24.5,86.5,JAMUI,BIHAR,D103,CHAKAI,36.9
09-04-2025,24.5,86.5,JAMUI,BIHAR,D103,CHAKAI,36.75
10-04-2025,24.5,86.5,JAMUI,BIHAR,D103,CHAKAI,36.69
11-04-2025,24.5,86.5,JAMUI,BIHAR,D103,CHAKAI,37.41
12-04-2025,24.5,86.5,JAMUI,BIHAR,D103,CHAKAI,37.45
13-04-2025,24.5,86.5,JAMUI,BIHAR,D103,CHAKAI,37.23
14-04-2025,24.5,86.5,JAMUI,BIHAR,D103,CHAKAI,37.65
15-04-2025,24.5,86.5,JAMUI,BIHAR,D103,CHAKAI,37.3
16-04-2025,24.5,86.5,JAMUI,BIHAR,D103,CHAKAI,37.19
17-04-2025,24.5,86.5,JAMUI,BIHAR,D103,CHAKAI,36.71
18-04-2025,24.5,86.5,JAMUI,BIHAR,D103,CHAKAI,37.4
19-04-2025,24.5,86.5,JAMUI,BIHAR,D103,CHAKAI,37.6
20-04-2025,24.5,86.5,JAMUI,BIHAR,D103,CHAKAI,37.36
21-04-2025,24.5,86.5,JAMUI,BIHAR,D103,CHAKAI,37.4
22-04-2025,24.5,86.5,JAMUI,BIHAR,D103,CHAKAI,37.49
23-04-2025,24.5,86.5,JAMUI,BIHAR,D103,CHAKAI,37.9
24-04-2025,24.5,86.5,JAMUI,BIHAR,D103,CHAKAI,38.09
25-04-2025,24.5,86.5,JAMUI,BIHAR,D103,CHAKAI,37.99
26-04-2025,24.5,86.5,JAMUI,BIHAR,D103,CHAKAI,37.74
27-04-2025,24.5,86.5,JAMUI,BIHAR,D103,CHAKAI,37.54
28-04-2025,24.5,86.5,JAMUI,BIHAR,D103,CHAKAI,37.61
29-04-2025,24.5,86.5,JAMUI,BIHAR,D103,CHAKAI,37.65
30-04-2025,24.5,86.5,JAMUI,BIHAR,D103,CHAKAI,37.49
01-05-2025,24.5,86.5,JAMUI,BIHAR,D103,CHAKAI,37.31
02-05-2025,24.5,86.5,JAMUI,BIHAR,D103,CHAKAI,37.2
03-05-2025,24.5,86.5,JAMUI,BIHAR,D103,CHAKAI,36.81
04-05-2025,24.5,86.5,JAMUI,BIHAR,D103,CHAKAI,36.6
05-05-2025,24.5,86.5,JAMUI,BIHAR,D103,CHAKAI,36.76
06-05-2025,24.5,86.5,JAMUI,BIHAR,D103,CHAKAI,36.97
07-05-2025,24.5,86.5,JAMUI,BIHAR,D103,CHAKAI,36.97
08-05-2025,24.5,86.5,JAMUI,BIHAR,D103,CHAKAI,37.39
09-05-2025,24.5,86.5,JAMUI,BIHAR,D103,CHAKAI,37.45
10-05-2025,24.5,86.5,JAMUI,BIHAR,D103,CHAKAI,37.46
11-05-2025,24.5,86.5,JAMUI,BIHAR,D103,CHAKAI,37.39
12-05-2025,24.5,86.5,JAMUI,BIHAR,D103,CHAKAI,36.96
13-05-2025,24.5,86.5,JAMUI,BIHAR,D103,CHAKAI,37.14
14-05-2025,24.5,86.5,JAMUI,BIHAR,D103,CHAKAI,37.57
15-05-2025,24.5,86.5,JAMUI,BIHAR,D103,CHAKAI,37.46
16-05-2025,24.5,86.5,JAMUI,BIHAR,D103,CHAKAI,36.81
17-05-2025,24.5,86.5,JAMUI,BIHAR,D103,CHAKAI,37.07
18-05-2025,24.5,86.5,JAMUI,BIHAR,D103,CHAKAI,37.39
19-05-2025,24.5,86.5,JAMUI,BIHAR,D103,CHAKAI,37.29
20-05-2025,24.5,86.5,JAMUI,BIHAR,D103,CHAKAI,36.88
21-05-2025,24.5,86.5,JAMUI,BIHAR,D103,CHAKAI,37.34
22-05-2025,24.5,86.5,JAMUI,BIHAR,D103,CHAKAI,37.65
23-05-2025,24.5,86.5,JAMUI,BIHAR,D103,CHAKAI,37.54
24-05-2025,24.5,86.5,JAMUI,BIHAR,D103,CHAKAI,37.48
25-05-2025,24.5,86.5,JAMUI,BIHAR,D103,CHAKAI,37.21
26-05-2025,24.5,86.5,JAMUI,BIHAR,D103,CHAKAI,37.07
27-05-2025,24.5,86.5,JAMUI,BIHAR,D103,CHAKAI,36.9
28-05-2025,24.5,86.5,JAMUI,BIHAR,D103,CHAKAI,37.11
29-05-2025,24.5,86.5,JAMUI,BIHAR,D103,CHAKAI,37.64
30-05-2025,24.5,86.5,JAMUI,BIHAR,D103,CHAKAI,37.75
31-05-2025,24.5,86.5,JAMUI,BIHAR,D103,CHAKAI,37.29
01-06-2025,24.5,86.5,JAMUI,BIHAR,D103,CHAKAI,37.02
02-06-2025,24.5,86.5,JAMUI,BIHAR,D103,CHAKAI,37.7
03-06-2025,24.5,86.5,JAMUI,BIHAR,D103,CHAKAI,37.87
04-06-2025,24.5,86.5,JAMUI,BIHAR,D103,CHAKAI,37.21
05-06-2025,24.5,86.5,JAMUI,BIHAR,D103,CHAKAI,36.87
06-06-2025,24.5,86.5,JAMUI,BIHAR,D103,CHAKAI,36.65
07-06-2025,24.5,86.5,JAMUI,BIHAR,D103,CHAKAI,37.07
08-06-2025,24.5,86.5,JAMUI,BIHAR,D103,CHAKAI,37.04
09-06-2025,24.5,86.5,JAMUI,BIHAR,D103,CHAKAI,36.9
10-06-2025,24.5,86.5,JAMUI,BIHAR,D103,CHAKAI,37.37
11-06-2025,24.5,86.5,JAMUI,BIHAR,D103,CHAKAI,37.01
12-06-2025,24.5,86.5,JAMUI,BIHAR,D103,CHAKAI,36.49
13-06-2025,24.5,86.5,JAMUI,BIHAR,D103,CHAKAI,36.17
14-06-2025,24.5,86.5,JAMUI,BIHAR,D103,CHAKAI,35.96
15-06-2025,24.5,86.5,JAMUI,BIHAR,D103,CHAKAI,35.81
16-06-2025,24.5,86.5,JAMUI,BIHAR,D103,CHAKAI,36.03
17-06-2025,24.5,86.5,JAMUI,BIHAR,D103,CHAKAI,35.59
18-06-2025,24.5,86.5,JAMUI,BIHAR,D103,CHAKAI,35.21
19-06-2025,24.5,86.5,JAMUI,BIHAR,D103,CHAKAI,34.93
20-06-2025,24.5,86.5,JAMUI,BIHAR,D103,CHAKAI,34.91
21-06-2025,24.5,86.5,JAMUI,BIHAR,D103,CHAKAI,34.19
22-06-2025,24.5,86.5,JAMUI,BIHAR,D103,CHAKAI,34.23
23-06-2025,24.5,86.5,JAMUI,BIHAR,D103,CHAKAI,33.85
24-06-2025,24.5,86.5,JAMUI,BIHAR,D103,CHAKAI,33.87
25-06-2025,24.5,86.5,JAMUI,BIHAR,D103,CHAKAI,33.91
26-06-2025,24.5,86.5,JAMUI,BIHAR,D103,CHAKAI,34
27-06-2025,24.5,86.5,JAMUI,BIHAR,D103,CHAKAI,33.74
28-06-2025,24.5,86.5,JAMUI,BIHAR,D103,CHAKAI,33.26
29-06-2025,24.5,86.5,JAMUI,BIHAR,D103,CHAKAI,33
30-06-2025,24.5,86.5,JAMUI,BIHAR,D103,CHAKAI,33.23
01-07-2025,24.5,86.5,JAMUI,BIHAR,D103,CHAKAI,33.45
02-07-2025,24.5,86.5,JAMUI,BIHAR,D103,CHAKAI,33.59
03-07-2025,24.5,86.5,JAMUI,BIHAR,D103,CHAKAI,33.16
04-07-2025,24.5,86.5,JAMUI,BIHAR,D103,CHAKAI,32.86
05-07-2025,24.5,86.5,JAMUI,BIHAR,D103,CHAKAI,32.9
06-07-2025,24.5,86.5,JAMUI,BIHAR,D103,CHAKAI,32.59
07-07-2025,24.5,86.5,JAMUI,BIHAR,D103,CHAKAI,32.79
08-07-2025,24.5,86.5,JAMUI,BIHAR,D103,CHAKAI,33.3
09-07-2025,24.5,86.5,JAMUI,BIHAR,D103,CHAKAI,33.19
10-07-2025,24.5,86.5,JAMUI,BIHAR,D103,CHAKAI,33.03
11-07-2025,24.5,86.5,JAMUI,BIHAR,D103,CHAKAI,33.01
12-07-2025,24.5,86.5,JAMUI,BIHAR,D103,CHAKAI,33.28
13-07-2025,24.5,86.5,JAMUI,BIHAR,D103,CHAKAI,33.19
14-07-2025,24.5,86.5,JAMUI,BIHAR,D103,CHAKAI,33.13
15-07-2025,24.5,86.5,JAMUI,BIHAR,D103,CHAKAI,32.64
16-07-2025,24.5,86.5,JAMUI,BIHAR,D103,CHAKAI,32.48
17-07-2025,24.5,86.5,JAMUI,BIHAR,D103,CHAKAI,32.87
18-07-2025,24.5,86.5,JAMUI,BIHAR,D103,CHAKAI,33.05
19-07-2025,24.5,86.5,JAMUI,BIHAR,D103,CHAKAI,33.05
20-07-2025,24.5,86.5,JAMUI,BIHAR,D103,CHAKAI,32.37
21-07-2025,24.5,86.5,JAMUI,BIHAR,D103,CHAKAI,32.56
22-07-2025,24.5,86.5,JAMUI,BIHAR,D103,CHAKAI,32.41
23-07-2025,24.5,86.5,JAMUI,BIHAR,D103,CHAKAI,32.32
24-07-2025,24.5,86.5,JAMUI,BIHAR,D103,CHAKAI,32.64
25-07-2025,24.5,86.5,JAMUI,BIHAR,D103,CHAKAI,32.97
26-07-2025,24.5,86.5,JAMUI,BIHAR,D103,CHAKAI,33.02
27-07-2025,24.5,86.5,JAMUI,BIHAR,D103,CHAKAI,32.87
28-07-2025,24.5,86.5,JAMUI,BIHAR,D103,CHAKAI,32.8
29-07-2025,24.5,86.5,JAMUI,BIHAR,D103,CHAKAI,32.6
30-07-2025,24.5,86.5,JAMUI,BIHAR,D103,CHAKAI,32.39
31-07-2025,24.5,86.5,JAMUI,BIHAR,D103,CHAKAI,32.59
01-08-2025,24.5,86.5,JAMUI,BIHAR,D103,CHAKAI,32.52
02-08-2025,24.5,86.5,JAMUI,BIHAR,D103,CHAKAI,32.73
03-08-2025,24.5,86.5,JAMUI,BIHAR,D103,CHAKAI,32.76
04-08-2025,24.5,86.5,JAMUI,BIHAR,D103,CHAKAI,32.34
05-08-2025,24.5,86.5,JAMUI,BIHAR,D103,CHAKAI,32.4
06-08-2025,24.5,86.5,JAMUI,BIHAR,D103,CHAKAI,32.36
07-08-2025,24.5,86.5,JAMUI,BIHAR,D103,CHAKAI,32.39
08-08-2025,24.5,86.5,JAMUI,BIHAR,D103,CHAKAI,32.19
09-08-2025,24.5,86.5,JAMUI,BIHAR,D103,CHAKAI,32.7
10-08-2025,24.5,86.5,JAMUI,BIHAR,D103,CHAKAI,32.61
11-08-2025,24.5,86.5,JAMUI,BIHAR,D103,CHAKAI,32.55
12-08-2025,24.5,86.5,JAMUI,BIHAR,D103,CHAKAI,32.58
13-08-2025,24.5,86.5,JAMUI,BIHAR,D103,CHAKAI,31.7
14-08-2025,24.5,86.5,JAMUI,BIHAR,D103,CHAKAI,31.74
15-08-2025,24.5,86.5,JAMUI,BIHAR,D103,CHAKAI,32.25
16-08-2025,24.5,86.5,JAMUI,BIHAR,D103,CHAKAI,32.18
17-08-2025,24.5,86.5,JAMUI,BIHAR,D103,CHAKAI,32.3
18-08-2025,24.5,86.5,JAMUI,BIHAR,D103,CHAKAI,32.24
19-08-2025,24.5,86.5,JAMUI,BIHAR,D103,CHAKAI,32.19
20-08-2025,24.5,86.5,JAMUI,BIHAR,D103,CHAKAI,31.78
21-08-2025,24.5,86.5,JAMUI,BIHAR,D103,CHAKAI,32.07
22-08-2025,24.5,86.5,JAMUI,BIHAR,D103,CHAKAI,32.21
23-08-2025,24.5,86.5,JAMUI,BIHAR,D103,CHAKAI,32.11
24-08-2025,24.5,86.5,JAMUI,BIHAR,D103,CHAKAI,32.21
25-08-2025,24.5,86.5,JAMUI,BIHAR,D103,CHAKAI,32.71
26-08-2025,24.5,86.5,JAMUI,BIHAR,D103,CHAKAI,33.05
27-08-2025,24.5,86.5,JAMUI,BIHAR,D103,CHAKAI,32.64
28-08-2025,24.5,86.5,JAMUI,BIHAR,D103,CHAKAI,32.35
29-08-2025,24.5,86.5,JAMUI,BIHAR,D103,CHAKAI,32.57
30-08-2025,24.5,86.5,JAMUI,BIHAR,D103,CHAKAI,32.77
31-08-2025,24.5,86.5,JAMUI,BIHAR,D103,CHAKAI,32.84
01-09-2025,24.5,86.5,JAMUI,BIHAR,D103,CHAKAI,32.67
02-09-2025,24.5,86.5,JAMUI,BIHAR,D103,CHAKAI,32.73
03-09-2025,24.5,86.5,JAMUI,BIHAR,D103,CHAKAI,32.92
04-09-2025,24.5,86.5,JAMUI,BIHAR,D103,CHAKAI,32.95
05-09-2025,24.5,86.5,JAMUI,BIHAR,D103,CHAKAI,32.59
06-09-2025,24.5,86.5,JAMUI,BIHAR,D103,CHAKAI,32.49
07-09-2025,24.5,86.5,JAMUI,BIHAR,D103,CHAKAI,32.49
08-09-2025,24.5,86.5,JAMUI,BIHAR,D103,CHAKAI,32.83
09-09-2025,24.5,86.5,JAMUI,BIHAR,D103,CHAKAI,32.78
10-09-2025,24.5,86.5,JAMUI,BIHAR,D103,CHAKAI,32.73
11-09-2025,24.5,86.5,JAMUI,BIHAR,D103,CHAKAI,32.58
12-09-2025,24.5,86.5,JAMUI,BIHAR,D103,CHAKAI,32.43
13-09-2025,24.5,86.5,JAMUI,BIHAR,D103,CHAKAI,32.37
14-09-2025,24.5,86.5,JAMUI,BIHAR,D103,CHAKAI,31.93
15-09-2025,24.5,86.5,JAMUI,BIHAR,D103,CHAKAI,32.12
16-09-2025,24.5,86.5,JAMUI,BIHAR,D103,CHAKAI,32.25
17-09-2025,24.5,86.5,JAMUI,BIHAR,D103,CHAKAI,32.78
18-09-2025,24.5,86.5,JAMUI,BIHAR,D103,CHAKAI,32.46
19-09-2025,24.5,86.5,JAMUI,BIHAR,D103,CHAKAI,32.68
20-09-2025,24.5,86.5,JAMUI,BIHAR,D103,CHAKAI,32.44
21-09-2025,24.5,86.5,JAMUI,BIHAR,D103,CHAKAI,32.33
22-09-2025,24.5,86.5,JAMUI,BIHAR,D103,CHAKAI,32.03
23-09-2025,24.5,86.5,JAMUI,BIHAR,D103,CHAKAI,32.01
24-09-2025,24.5,86.5,JAMUI,BIHAR,D103,CHAKAI,32.17
25-09-2025,24.5,86.5,JAMUI,BIHAR,D103,CHAKAI,32
26-09-2025,24.5,86.5,JAMUI,BIHAR,D103,CHAKAI,32.1
27-09-2025,24.5,86.5,JAMUI,BIHAR,D103,CHAKAI,32.23
28-09-2025,24.5,86.5,JAMUI,BIHAR,D103,CHAKAI,32.31
29-09-2025,24.5,86.5,JAMUI,BIHAR,D103,CHAKAI,32.07
30-09-2025,24.5,86.5,JAMUI,BIHAR,D103,CHAKAI,32.02
01-10-2025,24.5,86.5,JAMUI,BIHAR,D103,CHAKAI,32.39
02-10-2025,24.5,86.5,JAMUI,BIHAR,D103,CHAKAI,32.39
03-10-2025,24.5,86.5,JAMUI,BIHAR,D103,CHAKAI,32.3
04-10-2025,24.5,86.5,JAMUI,BIHAR,D103,CHAKAI,32.04
05-10-2025,24.5,86.5,JAMUI,BIHAR,D103,CHAKAI,32.18
06-10-2025,24.5,86.5,JAMUI,BIHAR,D103,CHAKAI,32.13
07-10-2025,24.5,86.5,JAMUI,BIHAR,D103,CHAKAI,32.23
08-10-2025,24.5,86.5,JAMUI,BIHAR,D103,CHAKAI,32.32
09-10-2025,24.5,86.5,JAMUI,BIHAR,D103,CHAKAI,32.18
10-10-2025,24.5,86.5,JAMUI,BIHAR,D103,CHAKAI,32.36
11-10-2025,24.5,86.5,JAMUI,BIHAR,D103,CHAKAI,32.56
12-10-2025,24.5,86.5,JAMUI,BIHAR,D103,CHAKAI,32.37
13-10-2025,24.5,86.5,JAMUI,BIHAR,D103,CHAKAI,32.27
14-10-2025,24.5,86.5,JAMUI,BIHAR,D103,CHAKAI,32.13
15-10-2025,24.5,86.5,JAMUI,BIHAR,D103,CHAKAI,31.9
16-10-2025,24.5,86.5,JAMUI,BIHAR,D103,CHAKAI,32.21
17-10-2025,24.5,86.5,JAMUI,BIHAR,D103,CHAKAI,32.17
18-10-2025,24.5,86.5,JAMUI,BIHAR,D103,CHAKAI,32.08
19-10-2025,24.5,86.5,JAMUI,BIHAR,D103,CHAKAI,31.88
20-10-2025,24.5,86.5,JAMUI,BIHAR,D103,CHAKAI,31.64
21-10-2025,24.5,86.5,JAMUI,BIHAR,D103,CHAKAI,31.42
22-10-2025,24.5,86.5,JAMUI,BIHAR,D103,CHAKAI,31.49
23-10-2025,24.5,86.5,JAMUI,BIHAR,D103,CHAKAI,31.25
24-10-2025,24.5,86.5,JAMUI,BIHAR,D103,CHAKAI,30.67
25-10-2025,24.5,86.5,JAMUI,BIHAR,D103,CHAKAI,30.3
26-10-2025,24.5,86.5,JAMUI,BIHAR,D103,CHAKAI,30.36
27-10-2025,24.5,86.5,JAMUI,BIHAR,D103,CHAKAI,30.85
28-10-2025,24.5,86.5,JAMUI,BIHAR,D103,CHAKAI,30.64
29-10-2025,24.5,86.5,JAMUI,BIHAR,D103,CHAKAI,30.24
30-10-2025,24.5,86.5,JAMUI,BIHAR,D103,CHAKAI,30.11
31-10-2025,24.5,86.5,JAMUI,BIHAR,D103,CHAKAI,29.95
01-11-2025,24.5,86.5,JAMUI,BIHAR,D103,CHAKAI,29.94
02-11-2025,24.5,86.5,JAMUI,BIHAR,D103,CHAKAI,29.9
03-11-2025,24.5,86.5,JAMUI,BIHAR,D103,CHAKAI,30.1
04-11-2025,24.5,86.5,JAMUI,BIHAR,D103,CHAKAI,30.21
05-11-2025,24.5,86.5,JAMUI,BIHAR,D103,CHAKAI,30.32
06-11-2025,24.5,86.5,JAMUI,BIHAR,D103,CHAKAI,30.31
07-11-2025,24.5,86.5,JAMUI,BIHAR,D103,CHAKAI,30.2
08-11-2025,24.5,86.5,JAMUI,BIHAR,D103,CHAKAI,30.34
09-11-2025,24.5,86.5,JAMUI,BIHAR,D103,CHAKAI,30.03
10-11-2025,24.5,86.5,JAMUI,BIHAR,D103,CHAKAI,29.58
11-11-2025,24.5,86.5,JAMUI,BIHAR,D103,CHAKAI,29.45
12-11-2025,24.5,86.5,JAMUI,BIHAR,D103,CHAKAI,29.16
13-11-2025,24.5,86.5,JAMUI,BIHAR,D103,CHAKAI,28.9
14-11-2025,24.5,86.5,JAMUI,BIHAR,D103,CHAKAI,29.13
15-11-2025,24.5,86.5,JAMUI,BIHAR,D103,CHAKAI,29.01
16-11-2025,24.5,86.5,JAMUI,BIHAR,D103,CHAKAI,28.87
17-11-2025,24.5,86.5,JAMUI,BIHAR,D103,CHAKAI,28.83
18-11-2025,24.5,86.5,JAMUI,BIHAR,D103,CHAKAI,28.79
19-11-2025,24.5,86.5,JAMUI,BIHAR,D103,CHAKAI,28.54
20-11-2025,24.5,86.5,JAMUI,BIHAR,D103,CHAKAI,28.75
21-11-2025,24.5,86.5,JAMUI,BIHAR,D103,CHAKAI,28.48
22-11-2025,24.5,86.5,JAMUI,BIHAR,D103,CHAKAI,28.02
23-11-2025,24.5,86.5,JAMUI,BIHAR,D103,CHAKAI,28
24-11-2025,24.5,86.5,JAMUI,BIHAR,D103,CHAKAI,28.11
25-11-2025,24.5,86.5,JAMUI,BIHAR,D103,CHAKAI,27.79
26-11-2025,24.5,86.5,JAMUI,BIHAR,D103,CHAKAI,27.9
27-11-2025,24.5,86.5,JAMUI,BIHAR,D103,CHAKAI,27.44
28-11-2025,24.5,86.5,JAMUI,BIHAR,D103,CHAKAI,27.65
29-11-2025,24.5,86.5,JAMUI,BIHAR,D103,CHAKAI,27.57
30-11-2025,24.5,86.5,JAMUI,BIHAR,D103,CHAKAI,27.43
01-12-2025,24.5,86.5,JAMUI,BIHAR,D103,CHAKAI,27.27
02-12-2025,24.5,86.5,JAMUI,BIHAR,D103,CHAKAI,27.11
03-12-2025,24.5,86.5,JAMUI,BIHAR,D103,CHAKAI,26.91
04-12-2025,24.5,86.5,JAMUI,BIHAR,D103,CHAKAI,26.68
05-12-2025,24.5,86.5,JAMUI,BIHAR,D103,CHAKAI,26.42
06-12-2025,24.5,86.5,JAMUI,BIHAR,D103,CHAKAI,26.18
07-12-2025,24.5,86.5,JAMUI,BIHAR,D103,CHAKAI,26.17
08-12-2025,24.5,86.5,JAMUI,BIHAR,D103,CHAKAI,25.87
09-12-2025,24.5,86.5,JAMUI,BIHAR,D103,CHAKAI,25.37
10-12-2025,24.5,86.5,JAMUI,BIHAR,D103,CHAKAI,25.38
11-12-2025,24.5,86.5,JAMUI,BIHAR,D103,CHAKAI,25.34
12-12-2025,24.5,86.5,JAMUI,BIHAR,D103,CHAKAI,25.29
13-12-2025,24.5,86.5,JAMUI,BIHAR,D103,CHAKAI,25.26
14-12-2025,24.5,86.5,JAMUI,BIHAR,D103,CHAKAI,25.16
15-12-2025,24.5,86.5,JAMUI,BIHAR,D103,CHAKAI,24.94
16-12-2025,24.5,86.5,JAMUI,BIHAR,D103,CHAKAI,24.9
17-12-2025,24.5,86.5,JAMUI,BIHAR,D103,CHAKAI,24.52
18-12-2025,24.5,86.5,JAMUI,BIHAR,D103,CHAKAI,24.09
19-12-2025,24.5,86.5,JAMUI,BIHAR,D103,CHAKAI,24.13
20-12-2025,24.5,86.5,JAMUI,BIHAR,D103,CHAKAI,24.19
21-12-2025,24.5,86.5,JAMUI,BIHAR,D103,CHAKAI,24.11
22-12-2025,24.5,86.5,JAMUI,BIHAR,D103,CHAKAI,24.13
23-12-2025,24.5,86.5,JAMUI,BIHAR,D103,CHAKAI,24.27
24-12-2025,24.5,86.5,JAMUI,BIHAR,D103,CHAKAI,24.28
25-12-2025,24.5,86.5,JAMUI,BIHAR,D103,CHAKAI,23.66
26-12-2025,24.5,86.5,JAMUI,BIHAR,D103,CHAKAI,23.75
27-12-2025,24.5,86.5,JAMUI,BIHAR,D103,CHAKAI,23.57
28-12-2025,24.5,86.5,JAMUI,BIHAR,D103,CHAKAI,23.74
29-12-2025,24.5,86.5,JAMUI,BIHAR,D103,CHAKAI,23.32
30-12-2025,24.5,86.5,JAMUI,BIHAR,D103,CHAKAI,23.14
31-12-2025,24.5,86.5,JAMUI,BIHAR,D103,CHAKAI,23.25
01-01-2025,25.5,87.5,KATIHAR,BIHAR,D104,BARARI,23.47
02-01-2025,25.5,87.5,KATIHAR,BIHAR,D104,BARARI,23.22
03-01-2025,25.5,87.5,KATIHAR,BIHAR,D104,BARARI,23.1
04-01-2025,25.5,87.5,KATIHAR,BIHAR,D104,BARARI,23.15
05-01-2025,25.5,87.5,KATIHAR,BIHAR,D104,BARARI,22.89
06-01-2025,25.5,87.5,KATIHAR,BIHAR,D104,BARARI,22.73
07-01-2025,25.5,87.5,KATIHAR,BIHAR,D104,BARARI,23.08
08-01-2025,25.5,87.5,KATIHAR,BIHAR,D104,BARARI,23.24
09-01-2025,25.5,87.5,KATIHAR,BIHAR,D104,BARARI,22.91
10-01-2025,25.5,87.5,KATIHAR,BIHAR,D104,BARARI,22.44
11-01-2025,25.5,87.5,KATIHAR,BIHAR,D104,BARARI,22.44
12-01-2025,25.5,87.5,KATIHAR,BIHAR,D104,BARARI,22.61
13-01-2025,25.5,87.5,KATIHAR,BIHAR,D104,BARARI,22.38
14-01-2025,25.5,87.5,KATIHAR,BIHAR,D104,BARARI,22.58
15-01-2025,25.5,87.5,KATIHAR,BIHAR,D104,BARARI,22.84
16-01-2025,25.5,87.5,KATIHAR,BIHAR,D104,BARARI,22.66
17-01-2025,25.5,87.5,KATIHAR,BIHAR,D104,BARARI,23
18-01-2025,25.5,87.5,KATIHAR,BIHAR,D104,BARARI,23.43
19-01-2025,25.5,87.5,KATIHAR,BIHAR,D104,BARARI,23.17
20-01-2025,25.5,87.5,KATIHAR,BIHAR,D104,BARARI,23.04
21-01-2025,25.5,87.5,KATIHAR,BIHAR,D104,BARARI,22.88
22-01-2025,25.5,87.5,KATIHAR,BIHAR,D104,BARARI,23.08
23-01-2025,25.5,87.5,KATIHAR,BIHAR,D104,BARARI,23.19
24-01-2025,25.5,87.5,KATIHAR,BIHAR,D104,BARARI,23.19
25-01-2025,25.5,87.5,KATIHAR,BIHAR,D104,BARARI,23.41
26-01-2025,25.5,87.5,KATIHAR,BIHAR,D104,BARARI,23.63
27-01-2025,25.5,87.5,KATIHAR,BIHAR,D104,BARARI,23.84
28-01-2025,25.5,87.5,KATIHAR,BIHAR,D104,BARARI,24.03
29-01-2025,25.5,87.5,KATIHAR,BIHAR,D104,BARARI,24.01
30-01-2025,25.5,87.5,KATIHAR,BIHAR,D104,BARARI,24.1
31-01-2025,25.5,87.5,KATIHAR,BIHAR,D104,BARARI,24.37
01-02-2025,25.5,87.5,KATIHAR,BIHAR,D104,BARARI,24.59
02-02-2025,25.5,87.5,KATIHAR,BIHAR,D104,BARARI,24.72
03-02-2025,25.5,87.5,KATIHAR,BIHAR,D104,BARARI,25.26
04-02-2025,25.5,87.5,KATIHAR,BIHAR,D104,BARARI,25.39
05-02-2025,25.5,87.5,KATIHAR,BIHAR,D104,BARARI,25.46
06-02-2025,25.5,87.5,KATIHAR,BIHAR,D104,BARARI,25.57
07-02-2025,25.5,87.5,KATIHAR,BIHAR,D104,BARARI,25.85
08-02-2025,25.5,87.5,KATIHAR,BIHAR,D104,BARARI,25.78
09-02-2025,25.5,87.5,KATIHAR,BIHAR,D104,BARARI,26.08
10-02-2025,25.5,87.5,KATIHAR,BIHAR,D104,BARARI,26.47
11-02-2025,25.5,87.5,KATIHAR,BIHAR,D104,BARARI,26.91
12-02-2025,25.5,87.5,KATIHAR,BIHAR,D104,BARARI,26.96
13-02-2025,25.5,87.5,KATIHAR,BIHAR,D104,BARARI,26.94
14-02-2025,25.5,87.5,KATIHAR,BIHAR,D104,BARARI,27.16
15-02-2025,25.5,87.5,KATIHAR,BIHAR,D104,BARARI,27.43
16-02-2025,25.5,87.5,KATIHAR,BIHAR,D104,BARARI,27.48
17-02-2025,25.5,87.5,KATIHAR,BIHAR,D104,BARARI,27.59
18-02-2025,25.5,87.5,KATIHAR,BIHAR,D104,BARARI,27.9
19-02-2025,25.5,87.5,KATIHAR,BIHAR,D104,BARARI,28.18
20-02-2025,25.5,87.5,KATIHAR,BIHAR,D104,BARARI,28.11
21-02-2025,25.5,87.5,KATIHAR,BIHAR,D104,BARARI,28.38
22-02-2025,25.5,87.5,KATIHAR,BIHAR,D104,BARARI,28.77
23-02-2025,25.5,87.5,KATIHAR,BIHAR,D104,BARARI,29.17
24-02-2025,25.5,87.5,KATIHAR,BIHAR,D104,BARARI,29.11
25-02-2025,25.5,87.5,KATIHAR,BIHAR,D104,BARARI,29.07
26-02-2025,25.5,87.5,KATIHAR,BIHAR,D104,BARARI,29.08
27-02-2025,25.5,87.5,KATIHAR,BIHAR,D104,BARARI,29.31
28-02-2025,25.5,87.5,KATIHAR,BIHAR,D104,BARARI,29.42
29-02-2025,25.5,87.5,KATIHAR,BIHAR,D104,BARARI,28.84
01-03-2025,25.5,87.5,KATIHAR,BIHAR,D104,BARARI,29.76
02-03-2025,25.5,87.5,KATIHAR,BIHAR,D104,BARARI,30.07
03-03-2025,25.5,87.5,KATIHAR,BIHAR,D104,BARARI,30.35
04-03-2025,25.5,87.5,KATIHAR,BIHAR,D104,BARARI,30.62
05-03-2025,25.5,87.5,KATIHAR,BIHAR,D104,BARARI,30.62
06-03-2025,25.5,87.5,KATIHAR,BIHAR,D104,BARARI,30.46
07-03-2025,25.5,87.5,KATIHAR,BIHAR,D104,BARARI,30.73
08-03-2025,25.5,87.5,KATIHAR,BIHAR,D104,BARARI,30.95
09-03-2025,25.5,87.5,KATIHAR,BIHAR,D104,BARARI,31.23
10-03-2025,25.5,87.5,KATIHAR,BIHAR,D104,BARARI,31.56
11-03-2025,25.5,87.5,KATIHAR,BIHAR,D104,BARARI,31.59
12-03-2025,25.5,87.5,KATIHAR,BIHAR,D104,BARARI,31.55
13-03-2025,25.5,87.5,KATIHAR,BIHAR,D104,BARARI,31.35
14-03-2025,25.5,87.5,KATIHAR,BIHAR,D104,BARARI,31.63
15-03-2025,25.5,87.5,KATIHAR,BIHAR,D104,BARARI,32.13
16-03-2025,25.5,87.5,KATIHAR,BIHAR,D104,BARARI,32.6
17-03-2025,25.5,87.5,KATIHAR,BIHAR,D104,BARARI,32.85
18-03-2025,25.5,87.5,KATIHAR,BIHAR,D104,BARARI,32.87
19-03-2025,25.5,87.5,KATIHAR,BIHAR,D104,BARARI,33.18
20-03-2025,25.5,87.5,KATIHAR,BIHAR,D104,BARARI,33.05
21-03-2025,25.5,87.5,KATIHAR,BIHAR,D104,BARARI,33.63
22-03-2025,25.5,87.5,KATIHAR,BIHAR,D104,BARARI,33.39
23-03-2025,25.5,87.5,KATIHAR,BIHAR,D104,BARARI,33.68
24-03-2025,25.5,87.5,KATIHAR,BIHAR,D104,BARARI,33.68
25-03-2025,25.5,87.5,KATIHAR,BIHAR,D104,BARARI,33.96
26-03-2025,25.5,87.5,KATIHAR,BIHAR,D104,BARARI,33.89
27-03-2025,25.5,87.5,KATIHAR,BIHAR,D104,BARARI,33.75
28-03-2025,25.5,87.5,KATIHAR,BIHAR,D104,BARARI,33.71
29-03-2025,25.5,87.5,KATIHAR,BIHAR,D104,BARARI,33.99
30-03-2025,25.5,87.5,KATIHAR,BIHAR,D104,BARARI,33.9
31-03-2025,25.5,87.5,KATIHAR,BIHAR,D104,BARARI,33.62
01-04-2025,25.5,87.5,KATIHAR,BIHAR,D104,BARARI,34.16
02-04-2025,25.5,87.5,KATIHAR,BIHAR,D104,BARARI,34.4
03-04-2025,25.5,87.5,KATIHAR,BIHAR,D104,BARARI,34.77
04-04-2025,25.5,87.5,KATIHAR,BIHAR,D104,BARARI,34.29
05-04-2025,25.5,87.5,KATIHAR,BIHAR,D104,BARARI,34.52
06-04-2025,25.5,87.5,KATIHAR,BIHAR,D104,BARARI,34.81
07-04-2025,25.5,87.5,KATIHAR,BIHAR,D104,BARARI,35.13
08-04-2025,25.5,87.5,KATIHAR,BIHAR,D104,BARARI,35.57
09-04-2025,25.5,87.5,KATIHAR,BIHAR,D104,BARARI,35.15
10-04-2025,25.5,87.5,KATIHAR,BIHAR,D104,BARARI,35.19
11-04-2025,25.5,87.5,KATIHAR,BIHAR,D104,BARARI,35.71
12-04-2025,25.5,87.5,KATIHAR,BIHAR,D104,BARARI,35.88
13-04-2025,25.5,87.5,KATIHAR,BIHAR,D104,BARARI,35.45
14-04-2025,25.5,87.5,KATIHAR,BIHAR,D104,BARARI,35.96
15-04-2025,25.5,87.5,KATIHAR,BIHAR,D104,BARARI,35.62
16-04-2025,25.5,87.5,KATIHAR,BIHAR,D104,BARARI,35.44
17-04-2025,25.5,87.5,KATIHAR,BIHAR,D104,BARARI,34.86
18-04-2025,25.5,87.5,KATIHAR,BIHAR,D104,BARARI,35.24
19-04-2025,25.5,87.5,KATIHAR,BIHAR,D104,BARARI,35.52
20-04-2025,25.5,87.5,KATIHAR,BIHAR,D104,BARARI,35.26
21-04-2025,25.5,87.5,KATIHAR,BIHAR,D104,BARARI,35.37
22-04-2025,25.5,87.5,KATIHAR,BIHAR,D104,BARARI,35.45
23-04-2025,25.5,87.5,KATIHAR,BIHAR,D104,BARARI,35.9
24-04-2025,25.5,87.5,KATIHAR,BIHAR,D104,BARARI,36.4
25-04-2025,25.5,87.5,KATIHAR,BIHAR,D104,BARARI,36.02
26-04-2025,25.5,87.5,KATIHAR,BIHAR,D104,BARARI,35.83
27-04-2025,25.5,87.5,KATIHAR,BIHAR,D104,BARARI,35.41
28-04-2025,25.5,87.5,KATIHAR,BIHAR,D104,BARARI,35.31
29-04-2025,25.5,87.5,KATIHAR,BIHAR,D104,BARARI,34.91
30-04-2025,25.5,87.5,KATIHAR,BIHAR,D104,BARARI,34.96
01-05-2025,25.5,87.5,KATIHAR,BIHAR,D104,BARARI,34.68
02-05-2025,25.5,87.5,KATIHAR,BIHAR,D104,BARARI,34.61
03-05-2025,25.5,87.5,KATIHAR,BIHAR,D104,BARARI,34.3
04-05-2025,25.5,87.5,KATIHAR,BIHAR,D104,BARARI,34.01
05-05-2025,25.5,87.5,KATIHAR,BIHAR,D104,BARARI,34.78
06-05-2025,25.5,87.5,KATIHAR,BIHAR,D104,BARARI,34.94
07-05-2025,25.5,87.5,KATIHAR,BIHAR,D104,BARARI,34.75
08-05-2025,25.5,87.5,KATIHAR,BIHAR,D104,BARARI,35.21
09-05-2025,25.5,87.5,KATIHAR,BIHAR,D104,BARARI,35.36
10-05-2025,25.5,87.5,KATIHAR,BIHAR,D104,BARARI,35.45
11-05-2025,25.5,87.5,KATIHAR,BIHAR,D104,BARARI,35.43
12-05-2025,25.5,87.5,KATIHAR,BIHAR,D104,BARARI,34.97
13-05-2025,25.5,87.5,KATIHAR,BIHAR,D104,BARARI,35.32
14-05-2025,25.5,87.5,KATIHAR,BIHAR,D104,BARARI,35.55
15-05-2025,25.5,87.5,KATIHAR,BIHAR,D104,BARARI,35.12
16-05-2025,25.5,87.5,KATIHAR,BIHAR,D104,BARARI,34.8
17-05-2025,25.5,87.5,KATIHAR,BIHAR,D104,BARARI,34.92
18-05-2025,25.5,87.5,KATIHAR,BIHAR,D104,BARARI,35.3
19-05-2025,25.5,87.5,KATIHAR,BIHAR,D104,BARARI,35.31
20-05-2025,25.5,87.5,KATIHAR,BIHAR,D104,BARARI,35.1
21-05-2025,25.5,87.5,KATIHAR,BIHAR,D104,BARARI,35.13
22-05-2025,25.5,87.5,KATIHAR,BIHAR,D104,BARARI,35.18
23-05-2025,25.5,87.5,KATIHAR,BIHAR,D104,BARARI,35.24
24-05-2025,25.5,87.5,KATIHAR,BIHAR,D104,BARARI,35.15
25-05-2025,25.5,87.5,KATIHAR,BIHAR,D104,BARARI,34.8
26-05-2025,25.5,87.5,KATIHAR,BIHAR,D104,BARARI,35.02
27-05-2025,25.5,87.5,KATIHAR,BIHAR,D104,BARARI,34.4
28-05-2025,25.5,87.5,KATIHAR,BIHAR,D104,BARARI,34.89
29-05-2025,25.5,87.5,KATIHAR,BIHAR,D104,BARARI,35.33
30-05-2025,25.5,87.5,KATIHAR,BIHAR,D104,BARARI,35.19
31-05-2025,25.5,87.5,KATIHAR,BIHAR,D104,BARARI,34.73
01-06-2025,25.5,87.5,KATIHAR,BIHAR,D104,BARARI,35.26
02-06-2025,25.5,87.5,KATIHAR,BIHAR,D104,BARARI,35.41
03-06-2025,25.5,87.5,KATIHAR,BIHAR,D104,BARARI,35.49
04-06-2025,25.5,87.5,KATIHAR,BIHAR,D104,BARARI,35.09
05-06-2025,25.5,87.5,KATIHAR,BIHAR,D104,BARARI,35.04
06-06-2025,25.5,87.5,KATIHAR,BIHAR,D104,BARARI,35.13
07-06-2025,25.5,87.5,KATIHAR,BIHAR,D104,BARARI,35.43
08-06-2025,25.5,87.5,KATIHAR,BIHAR,D104,BARARI,35.06
09-06-2025,25.5,87.5,KATIHAR,BIHAR,D104,BARARI,35.07
10-06-2025,25.5,87.5,KATIHAR,BIHAR,D104,BARARI,35.15
11-06-2025,25.5,87.5,KATIHAR,BIHAR,D104,BARARI,35.48
12-06-2025,25.5,87.5,KATIHAR,BIHAR,D104,BARARI,34.98
13-06-2025,25.5,87.5,KATIHAR,BIHAR,D104,BARARI,35.04
14-06-2025,25.5,87.5,KATIHAR,BIHAR,D104,BARARI,34.5
15-06-2025,25.5,87.5,KATIHAR,BIHAR,D104,BARARI,34.51
16-06-2025,25.5,87.5,KATIHAR,BIHAR,D104,BARARI,34.38
17-06-2025,25.5,87.5,KATIHAR,BIHAR,D104,BARARI,34.34
18-06-2025,25.5,87.5,KATIHAR,BIHAR,D104,BARARI,34.01
19-06-2025,25.5,87.5,KATIHAR,BIHAR,D104,BARARI,33.57
20-06-2025,25.5,87.5,KATIHAR,BIHAR,D104,BARARI,33.77
21-06-2025,25.5,87.5,KATIHAR,BIHAR,D104,BARARI,33.73
22-06-2025,25.5,87.5,KATIHAR,BIHAR,D104,BARARI,33.67
23-06-2025,25.5,87.5,KATIHAR,BIHAR,D104,BARARI,33.62
24-06-2025,25.5,87.5,KATIHAR,BIHAR,D104,BARARI,33.48
25-06-2025,25.5,87.5,KATIHAR,BIHAR,D104,BARARI,33.37
26-06-2025,25.5,87.5,KATIHAR,BIHAR,D104,BARARI,33.65
27-06-2025,25.5,87.5,KATIHAR,BIHAR,D104,BARARI,33.45
28-06-2025,25.5,87.5,KATIHAR,BIHAR,D104,BARARI,33.03
29-06-2025,25.5,87.5,KATIHAR,BIHAR,D104,BARARI,32.87
30-06-2025,25.5,87.5,KATIHAR,BIHAR,D104,BARARI,33.12
01-07-2025,25.5,87.5,KATIHAR,BIHAR,D104,BARARI,32.76
02-07-2025,25.5,87.5,KATIHAR,BIHAR,D104,BARARI,32.95
03-07-2025,25.5,87.5,KATIHAR,BIHAR,D104,BARARI,32.71
04-07-2025,25.5,87.5,KATIHAR,BIHAR,D104,BARARI,32.76
05-07-2025,25.5,87.5,KATIHAR,BIHAR,D104,BARARI,32.48
06-07-2025,25.5,87.5,KATIHAR,BIHAR,D104,BARARI,32.75
07-07-2025,25.5,87.5,KATIHAR,BIHAR,D104,BARARI,32.97
08-07-2025,25.5,87.5,KATIHAR,BIHAR,D104,BARARI,33.15
09-07-2025,25.5,87.5,KATIHAR,BIHAR,D104,BARARI,33.04
10-07-2025,25.5,87.5,KATIHAR,BIHAR,D104,BARARI,32.63
11-07-2025,25.5,87.5,KATIHAR,BIHAR,D104,BARARI,32.63
12-07-2025,25.5,87.5,KATIHAR,BIHAR,D104,BARARI,32.92
13-07-2025,25.5,87.5,KATIHAR,BIHAR,D104,BARARI,32.89
14-07-2025,25.5,87.5,KATIHAR,BIHAR,D104,BARARI,33.03
15-07-2025,25.5,87.5,KATIHAR,BIHAR,D104,BARARI,32.83
16-07-2025,25.5,87.5,KATIHAR,BIHAR,D104,BARARI,32.77
17-07-2025,25.5,87.5,KATIHAR,BIHAR,D104,BARARI,32.94
18-07-2025,25.5,87.5,KATIHAR,BIHAR,D104,BARARI,33.62
19-07-2025,25.5,87.5,KATIHAR,BIHAR,D104,BARARI,33.33
20-07-2025,25.5,87.5,KATIHAR,BIHAR,D104,BARARI,32.86
21-07-2025,25.5,87.5,KATIHAR,BIHAR,D104,BARARI,32.85
22-07-2025,25.5,87.5,KATIHAR,BIHAR,D104,BARARI,32.66
23-07-2025,25.5,87.5,KATIHAR,BIHAR,D104,BARARI,32.73
24-07-2025,25.5,87.5,KATIHAR,BIHAR,D104,BARARI,33.21
25-07-2025,25.5,87.5,KATIHAR,BIHAR,D104,BARARI,33.44
26-07-2025,25.5,87.5,KATIHAR,BIHAR,D104,BARARI,33.3
27-07-2025,25.5,87.5,KATIHAR,BIHAR,D104,BARARI,32.93
28-07-2025,25.5,87.5,KATIHAR,BIHAR,D104,BARARI,33.17
29-07-2025,25.5,87.5,KATIHAR,BIHAR,D104,BARARI,33.02
30-07-2025,25.5,87.5,KATIHAR,BIHAR,D104,BARARI,32.78
31-07-2025,25.5,87.5,KATIHAR,BIHAR,D104,BARARI,33.1
01-08-2025,25.5,87.5,KATIHAR,BIHAR,D104,BARARI,33.14
02-08-2025,25.5,87.5,KATIHAR,BIHAR,D104,BARARI,33.47
03-08-2025,25.5,87.5,KATIHAR,BIHAR,D104,BARARI,33.1
04-08-2025,25.5,87.5,KATIHAR,BIHAR,D104,BARARI,33.49
05-08-2025,25.5,87.5,KATIHAR,BIHAR,D104,BARARI,33.5
06-08-2025,25.5,87.5,KATIHAR,BIHAR,D104,BARARI,33.21
07-08-2025,25.5,87.5,KATIHAR,BIHAR,D104,BARARI,33.53
08-08-2025,25.5,87.5,KATIHAR,BIHAR,D104,BARARI,33.3
09-08-2025,25.5,87.5,KATIHAR,BIHAR,D104,BARARI,33.74
10-08-2025,25.5,87.5,KATIHAR,BIHAR,D104,BARARI,33.36
11-08-2025,25.5,87.5,KATIHAR,BIHAR,D104,BARARI,33.31
12-08-2025,25.5,87.5,KATIHAR,BIHAR,D104,BARARI,33.15
13-08-2025,25.5,87.5,KATIHAR,BIHAR,D104,BARARI,32.4
14-08-2025,25.5,87.5,KATIHAR,BIHAR,D104,BARARI,32.41
15-08-2025,25.5,87.5,KATIHAR,BIHAR,D104,BARARI,32.91
16-08-2025,25.5,87.5,KATIHAR,BIHAR,D104,BARARI,32.66
17-08-2025,25.5,87.5,KATIHAR,BIHAR,D104,BARARI,33.11
18-08-2025,25.5,87.5,KATIHAR,BIHAR,D104,BARARI,32.86
19-08-2025,25.5,87.5,KATIHAR,BIHAR,D104,BARARI,33.04
20-08-2025,25.5,87.5,KATIHAR,BIHAR,D104,BARARI,32.8
21-08-2025,25.5,87.5,KATIHAR,BIHAR,D104,BARARI,32.67
22-08-2025,25.5,87.5,KATIHAR,BIHAR,D104,BARARI,32.76
23-08-2025,25.5,87.5,KATIHAR,BIHAR,D104,BARARI,32.74
24-08-2025,25.5,87.5,KATIHAR,BIHAR,D104,BARARI,32.77
25-08-2025,25.5,87.5,KATIHAR,BIHAR,D104,BARARI,33.31
26-08-2025,25.5,87.5,KATIHAR,BIHAR,D104,BARARI,33.22
27-08-2025,25.5,87.5,KATIHAR,BIHAR,D104,BARARI,33.18
28-08-2025,25.5,87.5,KATIHAR,BIHAR,D104,BARARI,33.38
29-08-2025,25.5,87.5,KATIHAR,BIHAR,D104,BARARI,33.46
30-08-2025,25.5,87.5,KATIHAR,BIHAR,D104,BARARI,33.27
31-08-2025,25.5,87.5,KATIHAR,BIHAR,D104,BARARI,32.93
01-09-2025,25.5,87.5,KATIHAR,BIHAR,D104,BARARI,33.32
02-09-2025,25.5,87.5,KATIHAR,BIHAR,D104,BARARI,33.06
03-09-2025,25.5,87.5,KATIHAR,BIHAR,D104,BARARI,33.44
04-09-2025,25.5,87.5,KATIHAR,BIHAR,D104,BARARI,33.38
05-09-2025,25.5,87.5,KATIHAR,BIHAR,D104,BARARI,33.26
06-09-2025,25.5,87.5,KATIHAR,BIHAR,D104,BARARI,33.23
07-09-2025,25.5,87.5,KATIHAR,BIHAR,D104,BARARI,33.2
08-09-2025,25.5,87.5,KATIHAR,BIHAR,D104,BARARI,33.21
09-09-2025,25.5,87.5,KATIHAR,BIHAR,D104,BARARI,33.14
10-09-2025,25.5,87.5,KATIHAR,BIHAR,D104,BARARI,33.12
11-09-2025,25.5,87.5,KATIHAR,BIHAR,D104,BARARI,33.13
12-09-2025,25.5,87.5,KATIHAR,BIHAR,D104,BARARI,32.99
13-09-2025,25.5,87.5,KATIHAR,BIHAR,D104,BARARI,33.11
14-09-2025,25.5,87.5,KATIHAR,BIHAR,D104,BARARI,32.58
15-09-2025,25.5,87.5,KATIHAR,BIHAR,D104,BARARI,32.54
16-09-2025,25.5,87.5,KATIHAR,BIHAR,D104,BARARI,32.94
17-09-2025,25.5,87.5,KATIHAR,BIHAR,D104,BARARI,33.24
18-09-2025,25.5,87.5,KATIHAR,BIHAR,D104,BARARI,32.8
19-09-2025,25.5,87.5,KATIHAR,BIHAR,D104,BARARI,33.05
20-09-2025,25.5,87.5,KATIHAR,BIHAR,D104,BARARI,33.02
21-09-2025,25.5,87.5,KATIHAR,BIHAR,D104,BARARI,32.66
22-09-2025,25.5,87.5,KATIHAR,BIHAR,D104,BARARI,32.13
23-09-2025,25.5,87.5,KATIHAR,BIHAR,D104,BARARI,32.32
24-09-2025,25.5,87.5,KATIHAR,BIHAR,D104,BARARI,32.3
25-09-2025,25.5,87.5,KATIHAR,BIHAR,D104,BARARI,32.02
26-09-2025,25.5,87.5,KATIHAR,BIHAR,D104,BARARI,32.26
27-09-2025,25.5,87.5,KATIHAR,BIHAR,D104,BARARI,32.63
28-09-2025,25.5,87.5,KATIHAR,BIHAR,D104,BARARI,32.65
29-09-2025,25.5,87.5,KATIHAR,BIHAR,D104,BARARI,32.57
30-09-2025,25.5,87.5,KATIHAR,BIHAR,D104,BARARI,32.61
01-10-2025,25.5,87.5,KATIHAR,BIHAR,D104,BARARI,33.17
02-10-2025,25.5,87.5,KATIHAR,BIHAR,D104,BARARI,33.12
03-10-2025,25.5,87.5,KATIHAR,BIHAR,D104,BARARI,32.64
04-10-2025,25.5,87.5,KATIHAR,BIHAR,D104,BARARI,32.43
05-10-2025,25.5,87.5,KATIHAR,BIHAR,D104,BARARI,32.38
06-10-2025,25.5,87.5,KATIHAR,BIHAR,D104,BARARI,32.35
07-10-2025,25.5,87.5,KATIHAR,BIHAR,D104,BARARI,32.62
08-10-2025,25.5,87.5,KATIHAR,BIHAR,D104,BARARI,32.32
09-10-2025,25.5,87.5,KATIHAR,BIHAR,D104,BARARI,32.38
10-10-2025,25.5,87.5,KATIHAR,BIHAR,D104,BARARI,32.38
11-10-2025,25.5,87.5,KATIHAR,BIHAR,D104,BARARI,32.62
12-10-2025,25.5,87.5,KATIHAR,BIHAR,D104,BARARI,32.58
13-10-2025,25.5,87.5,KATIHAR,BIHAR,D104,BARARI,32.54
14-10-2025,25.5,87.5,KATIHAR,BIHAR,D104,BARARI,32.67
15-10-2025,25.5,87.5,KATIHAR,BIHAR,D104,BARARI,32.71
16-10-2025,25.5,87.5,KATIHAR,BIHAR,D104,BARARI,32.84
17-10-2025,25.5,87.5,KATIHAR,BIHAR,D104,BARARI,32.7
18-10-2025,25.5,87.5,KATIHAR,BIHAR,D104,BARARI,32.56
19-10-2025,25.5,87.5,KATIHAR,BIHAR,D104,BARARI,32.13
20-10-2025,25.5,87.5,KATIHAR,BIHAR,D104,BARARI,31.94
21-10-2025,25.5,87.5,KATIHAR,BIHAR,D104,BARARI,31.93
22-10-2025,25.5,87.5,KATIHAR,BIHAR,D104,BARARI,31.8
23-10-2025,25.5,87.5,KATIHAR,BIHAR,D104,BARARI,31.78
24-10-2025,25.5,87.5,KATIHAR,BIHAR,D104,BARARI,31.29
25-10-2025,25.5,87.5,KATIHAR,BIHAR,D104,BARARI,30.95
26-10-2025,25.5,87.5,KATIHAR,BIHAR,D104,BARARI,31.15
27-10-2025,25.5,87.5,KATIHAR,BIHAR,D104,BARARI,31.35
28-10-2025,25.5,87.5,KATIHAR,BIHAR,D104,BARARI,31.34
29-10-2025,25.5,87.5,KATIHAR,BIHAR,D104,BARARI,31.05
30-10-2025,25.5,87.5,KATIHAR,BIHAR,D104,BARARI,31.03
31-10-2025,25.5,87.5,KATIHAR,BIHAR,D104,BARARI,30.9
01-11-2025,25.5,87.5,KATIHAR,BIHAR,D104,BARARI,30.77
02-11-2025,25.5,87.5,KATIHAR,BIHAR,D104,BARARI,30.76
03-11-2025,25.5,87.5,KATIHAR,BIHAR,D104,BARARI,30.91
04-11-2025,25.5,87.5,KATIHAR,BIHAR,D104,BARARI,31.09
05-11-2025,25.5,87.5,KATIHAR,BIHAR,D104,BARARI,30.88
06-11-2025,25.5,87.5,KATIHAR,BIHAR,D104,BARARI,30.81
07-11-2025,25.5,87.5,KATIHAR,BIHAR,D104,BARARI,30.92
08-11-2025,25.5,87.5,KATIHAR,BIHAR,D104,BARARI,31.03
09-11-2025,25.5,87.5,KATIHAR,BIHAR,D104,BARARI,30.99
10-11-2025,25.5,87.5,KATIHAR,BIHAR,D104,BARARI,30.33
11-11-2025,25.5,87.5,KATIHAR,BIHAR,D104,BARARI,29.85
12-11-2025,25.5,87.5,KATIHAR,BIHAR,D104,BARARI,29.78
13-11-2025,25.5,87.5,KATIHAR,BIHAR,D104,BARARI,29.6
14-11-2025,25.5,87.5,KATIHAR,BIHAR,D104,BARARI,29.78
15-11-2025,25.5,87.5,KATIHAR,BIHAR,D104,BARARI,29.66
16-11-2025,25.5,87.5,KATIHAR,BIHAR,D104,BARARI,29.52
17-11-2025,25.5,87.5,KATIHAR,BIHAR,D104,BARARI,29.42
18-11-2025,25.5,87.5,KATIHAR,BIHAR,D104,BARARI,29.49
19-11-2025,25.5,87.5,KATIHAR,BIHAR,D104,BARARI,29.25
20-11-2025,25.5,87.5,KATIHAR,BIHAR,D104,BARARI,29.16
21-11-2025,25.5,87.5,KATIHAR,BIHAR,D104,BARARI,28.93
22-11-2025,25.5,87.5,KATIHAR,BIHAR,D104,BARARI,28.56
23-11-2025,25.5,87.5,KATIHAR,BIHAR,D104,BARARI,28.31
24-11-2025,25.5,87.5,KATIHAR,BIHAR,D104,BARARI,28.46
25-11-2025,25.5,87.5,KATIHAR,BIHAR,D104,BARARI,28.34
26-11-2025,25.5,87.5,KATIHAR,BIHAR,D104,BARARI,28.49
27-11-2025,25.5,87.5,KATIHAR,BIHAR,D104,BARARI,28.19
28-11-2025,25.5,87.5,KATIHAR,BIHAR,D104,BARARI,28.26
29-11-2025,25.5,87.5,KATIHAR,BIHAR,D104,BARARI,28.11
30-11-2025,25.5,87.5,KATIHAR,BIHAR,D104,BARARI,28.01
01-12-2025,25.5,87.5,KATIHAR,BIHAR,D104,BARARI,28.01
02-12-2025,25.5,87.5,KATIHAR,BIHAR,D104,BARARI,27.72
03-12-2025,25.5,87.5,KATIHAR,BIHAR,D104,BARARI,27.45
04-12-2025,25.5,87.5,KATIHAR,BIHAR,D104,BARARI,27.12
05-12-2025,25.5,87.5,KATIHAR,BIHAR,D104,BARARI,26.9
06-12-2025,25.5,87.5,KATIHAR,BIHAR,D104,BARARI,26.84
07-12-2025,25.5,87.5,KATIHAR,BIHAR,D104,BARARI,26.62
08-12-2025,25.5,87.5,KATIHAR,BIHAR,D104,BARARI,26.73
09-12-2025,25.5,87.5,KATIHAR,BIHAR,D104,BARARI,26.11
10-12-2025,25.5,87.5,KATIHAR,BIHAR,D104,BARARI,25.72
11-12-2025,25.5,87.5,KATIHAR,BIHAR,D104,BARARI,25.41
12-12-2025,25.5,87.5,KATIHAR,BIHAR,D104,BARARI,25.67
13-12-2025,25.5,87.5,KATIHAR,BIHAR,D104,BARARI,25.47
14-12-2025,25.5,87.5,KATIHAR,BIHAR,D104,BARARI,25.37
15-12-2025,25.5,87.5,KATIHAR,BIHAR,D104,BARARI,25.32
16-12-2025,25.5,87.5,KATIHAR,BIHAR,D104,BARARI,25.42
17-12-2025,25.5,87.5,KATIHAR,BIHAR,D104,BARARI,24.83
18-12-2025,25.5,87.5,KATIHAR,BIHAR,D104,BARARI,24.75
19-12-2025,25.5,87.5,KATIHAR,BIHAR,D104,BARARI,24.75
20-12-2025,25.5,87.5,KATIHAR,BIHAR,D104,BARARI,24.51
21-12-2025,25.5,87.5,KATIHAR,BIHAR,D104,BARARI,24.41
22-12-2025,25.5,87.5,KATIHAR,BIHAR,D104,BARARI,24.42
23-12-2025,25.5,87.5,KATIHAR,BIHAR,D104,BARARI,24.33
24-12-2025,25.5,87.5,KATIHAR,BIHAR,D104,BARARI,24.49
25-12-2025,25.5,87.5,KATIHAR,BIHAR,D104,BARARI,24.2
26-12-2025,25.5,87.5,KATIHAR,BIHAR,D104,BARARI,24.13
27-12-2025,25.5,87.5,KATIHAR,BIHAR,D104,BARARI,23.99
28-12-2025,25.5,87.5,KATIHAR,BIHAR,D104,BARARI,23.95
29-12-2025,25.5,87.5,KATIHAR,BIHAR,D104,BARARI,23.65
30-12-2025,25.5,87.5,KATIHAR,BIHAR,D104,BARARI,23.84
31-12-2025,25.5,87.5,KATIHAR,BIHAR,D104,BARARI,23.81
01-01-2025,25.5,86.5,KHAGARIA,BIHAR,D105,GOGRI,22.62
02-01-2025,25.5,86.5,KHAGARIA,BIHAR,D105,GOGRI,22.37
03-01-2025,25.5,86.5,KHAGARIA,BIHAR,D105,GOGRI,22.17
04-01-2025,25.5,86.5,KHAGARIA,BIHAR,D105,GOGRI,22.06
05-01-2025,25.5,86.5,KHAGARIA,BIHAR,D105,GOGRI,22.17
06-01-2025,25.5,86.5,KHAGARIA,BIHAR,D105,GOGRI,22.2
07-01-2025,25.5,86.5,KHAGARIA,BIHAR,D105,GOGRI,22.35
08-01-2025,25.5,86.5,KHAGARIA,BIHAR,D105,GOGRI,22.53
09-01-2025,25.5,86.5,KHAGARIA,BIHAR,D105,GOGRI,22.2
10-01-2025,25.5,86.5,KHAGARIA,BIHAR,D105,GOGRI,22.02
11-01-2025,25.5,86.5,KHAGARIA,BIHAR,D105,GOGRI,21.85
12-01-2025,25.5,86.5,KHAGARIA,BIHAR,D105,GOGRI,21.96
13-01-2025,25.5,86.5,KHAGARIA,BIHAR,D105,GOGRI,21.67
14-01-2025,25.5,86.5,KHAGARIA,BIHAR,D105,GOGRI,21.75
15-01-2025,25.5,86.5,KHAGARIA,BIHAR,D105,GOGRI,22.13
16-01-2025,25.5,86.5,KHAGARIA,BIHAR,D105,GOGRI,22.03
17-01-2025,25.5,86.5,KHAGARIA,BIHAR,D105,GOGRI,22.32
18-01-2025,25.5,86.5,KHAGARIA,BIHAR,D105,GOGRI,22.77
19-01-2025,25.5,86.5,KHAGARIA,BIHAR,D105,GOGRI,22.59
20-01-2025,25.5,86.5,KHAGARIA,BIHAR,D105,GOGRI,22.51
21-01-2025,25.5,86.5,KHAGARIA,BIHAR,D105,GOGRI,22.44
22-01-2025,25.5,86.5,KHAGARIA,BIHAR,D105,GOGRI,22.61
23-01-2025,25.5,86.5,KHAGARIA,BIHAR,D105,GOGRI,22.83
24-01-2025,25.5,86.5,KHAGARIA,BIHAR,D105,GOGRI,22.9
25-01-2025,25.5,86.5,KHAGARIA,BIHAR,D105,GOGRI,23.16
26-01-2025,25.5,86.5,KHAGARIA,BIHAR,D105,GOGRI,23.08
27-01-2025,25.5,86.5,KHAGARIA,BIHAR,D105,GOGRI,23.6
28-01-2025,25.5,86.5,KHAGARIA,BIHAR,D105,GOGRI,23.83
29-01-2025,25.5,86.5,KHAGARIA,BIHAR,D105,GOGRI,23.52
30-01-2025,25.5,86.5,KHAGARIA,BIHAR,D105,GOGRI,23.64
31-01-2025,25.5,86.5,KHAGARIA,BIHAR,D105,GOGRI,24.06
01-02-2025,25.5,86.5,KHAGARIA,BIHAR,D105,GOGRI,24.08
02-02-2025,25.5,86.5,KHAGARIA,BIHAR,D105,GOGRI,24.2
03-02-2025,25.5,86.5,KHAGARIA,BIHAR,D105,GOGRI,24.74
04-02-2025,25.5,86.5,KHAGARIA,BIHAR,D105,GOGRI,25.1
05-02-2025,25.5,86.5,KHAGARIA,BIHAR,D105,GOGRI,25.21
06-02-2025,25.5,86.5,KHAGARIA,BIHAR,D105,GOGRI,25.27
07-02-2025,25.5,86.5,KHAGARIA,BIHAR,D105,GOGRI,25.52
08-02-2025,25.5,86.5,KHAGARIA,BIHAR,D105,GOGRI,25.34
09-02-2025,25.5,86.5,KHAGARIA,BIHAR,D105,GOGRI,25.58
10-02-2025,25.5,86.5,KHAGARIA,BIHAR,D105,GOGRI,26.05
11-02-2025,25.5,86.5,KHAGARIA,BIHAR,D105,GOGRI,26.41
12-02-2025,25.5,86.5,KHAGARIA,BIHAR,D105,GOGRI,26.52
13-02-2025,25.5,86.5,KHAGARIA,BIHAR,D105,GOGRI,26.5
14-02-2025,25.5,86.5,KHAGARIA,BIHAR,D105,GOGRI,26.87
15-02-2025,25.5,86.5,KHAGARIA,BIHAR,D105,GOGRI,27.05
16-02-2025,25.5,86.5,KHAGARIA,BIHAR,D105,GOGRI,27
17-02-2025,25.5,86.5,KHAGARIA,BIHAR,D105,GOGRI,27.19
18-02-2025,25.5,86.5,KHAGARIA,BIHAR,D105,GOGRI,27.52
19-02-2025,25.5,86.5,KHAGARIA,BIHAR,D105,GOGRI,28.03
20-02-2025,25.5,86.5,KHAGARIA,BIHAR,D105,GOGRI,28.03
21-02-2025,25.5,86.5,KHAGARIA,BIHAR,D105,GOGRI,28.4
22-02-2025,25.5,86.5,KHAGARIA,BIHAR,D105,GOGRI,28.51
23-02-2025,25.5,86.5,KHAGARIA,BIHAR,D105,GOGRI,28.88
24-02-2025,25.5,86.5,KHAGARIA,BIHAR,D105,GOGRI,29
25-02-2025,25.5,86.5,KHAGARIA,BIHAR,D105,GOGRI,28.88
26-02-2025,25.5,86.5,KHAGARIA,BIHAR,D105,GOGRI,28.82
27-02-2025,25.5,86.5,KHAGARIA,BIHAR,D105,GOGRI,29.04
28-02-2025,25.5,86.5,KHAGARIA,BIHAR,D105,GOGRI,29.21
29-02-2025,25.5,86.5,KHAGARIA,BIHAR,D105,GOGRI,28.98
01-03-2025,25.5,86.5,KHAGARIA,BIHAR,D105,GOGRI,29.5
02-03-2025,25.5,86.5,KHAGARIA,BIHAR,D105,GOGRI,29.78
03-03-2025,25.5,86.5,KHAGARIA,BIHAR,D105,GOGRI,30.08
04-03-2025,25.5,86.5,KHAGARIA,BIHAR,D105,GOGRI,30.36
05-03-2025,25.5,86.5,KHAGARIA,BIHAR,D105,GOGRI,30.34
06-03-2025,25.5,86.5,KHAGARIA,BIHAR,D105,GOGRI,30.17
07-03-2025,25.5,86.5,KHAGARIA,BIHAR,D105,GOGRI,30.53
08-03-2025,25.5,86.5,KHAGARIA,BIHAR,D105,GOGRI,30.69
09-03-2025,25.5,86.5,KHAGARIA,BIHAR,D105,GOGRI,31.02
10-03-2025,25.5,86.5,KHAGARIA,BIHAR,D105,GOGRI,31.24
11-03-2025,25.5,86.5,KHAGARIA,BIHAR,D105,GOGRI,31.51
12-03-2025,25.5,86.5,KHAGARIA,BIHAR,D105,GOGRI,31.53
13-03-2025,25.5,86.5,KHAGARIA,BIHAR,D105,GOGRI,31.09
14-03-2025,25.5,86.5,KHAGARIA,BIHAR,D105,GOGRI,31.41
15-03-2025,25.5,86.5,KHAGARIA,BIHAR,D105,GOGRI,32
16-03-2025,25.5,86.5,KHAGARIA,BIHAR,D105,GOGRI,32.35
17-03-2025,25.5,86.5,KHAGARIA,BIHAR,D105,GOGRI,32.78
18-03-2025,25.5,86.5,KHAGARIA,BIHAR,D105,GOGRI,32.99
19-03-2025,25.5,86.5,KHAGARIA,BIHAR,D105,GOGRI,33.18
20-03-2025,25.5,86.5,KHAGARIA,BIHAR,D105,GOGRI,33.24
21-03-2025,25.5,86.5,KHAGARIA,BIHAR,D105,GOGRI,33.77
22-03-2025,25.5,86.5,KHAGARIA,BIHAR,D105,GOGRI,33.78
23-03-2025,25.5,86.5,KHAGARIA,BIHAR,D105,GOGRI,34.01
24-03-2025,25.5,86.5,KHAGARIA,BIHAR,D105,GOGRI,34.07
25-03-2025,25.5,86.5,KHAGARIA,BIHAR,D105,GOGRI,34.4
26-03-2025,25.5,86.5,KHAGARIA,BIHAR,D105,GOGRI,34.5
27-03-2025,25.5,86.5,KHAGARIA,BIHAR,D105,GOGRI,34.44
28-03-2025,25.5,86.5,KHAGARIA,BIHAR,D105,GOGRI,34.33
29-03-2025,25.5,86.5,KHAGARIA,BIHAR,D105,GOGRI,34.87
30-03-2025,25.5,86.5,KHAGARIA,BIHAR,D105,GOGRI,34.89
31-03-2025,25.5,86.5,KHAGARIA,BIHAR,D105,GOGRI,34.64
01-04-2025,25.5,86.5,KHAGARIA,BIHAR,D105,GOGRI,35.13
02-04-2025,25.5,86.5,KHAGARIA,BIHAR,D105,GOGRI,35.37
03-04-2025,25.5,86.5,KHAGARIA,BIHAR,D105,GOGRI,35.51
04-04-2025,25.5,86.5,KHAGARIA,BIHAR,D105,GOGRI,35.14
05-04-2025,25.5,86.5,KHAGARIA,BIHAR,D105,GOGRI,35.34
06-04-2025,25.5,86.5,KHAGARIA,BIHAR,D105,GOGRI,35.88
07-04-2025,25.5,86.5,KHAGARIA,BIHAR,D105,GOGRI,36.15
08-04-2025,25.5,86.5,KHAGARIA,BIHAR,D105,GOGRI,36.48
09-04-2025,25.5,86.5,KHAGARIA,BIHAR,D105,GOGRI,36.22
10-04-2025,25.5,86.5,KHAGARIA,BIHAR,D105,GOGRI,36.27
11-04-2025,25.5,86.5,KHAGARIA,BIHAR,D105,GOGRI,36.78
12-04-2025,25.5,86.5,KHAGARIA,BIHAR,D105,GOGRI,36.95
13-04-2025,25.5,86.5,KHAGARIA,BIHAR,D105,GOGRI,36.63
14-04-2025,25.5,86.5,KHAGARIA,BIHAR,D105,GOGRI,37.03
15-04-2025,25.5,86.5,KHAGARIA,BIHAR,D105,GOGRI,36.79
16-04-2025,25.5,86.5,KHAGARIA,BIHAR,D105,GOGRI,36.82
17-04-2025,25.5,86.5,KHAGARIA,BIHAR,D105,GOGRI,36.07
18-04-2025,25.5,86.5,KHAGARIA,BIHAR,D105,GOGRI,36.57
19-04-2025,25.5,86.5,KHAGARIA,BIHAR,D105,GOGRI,36.7
20-04-2025,25.5,86.5,KHAGARIA,BIHAR,D105,GOGRI,36.56
21-04-2025,25.5,86.5,KHAGARIA,BIHAR,D105,GOGRI,36.53
22-04-2025,25.5,86.5,KHAGARIA,BIHAR,D105,GOGRI,36.64
23-04-2025,25.5,86.5,KHAGARIA,BIHAR,D105,GOGRI,37.27
24-04-2025,25.5,86.5,KHAGARIA,BIHAR,D105,GOGRI,37.53
25-04-2025,25.5,86.5,KHAGARIA,BIHAR,D105,GOGRI,37.34
26-04-2025,25.5,86.5,KHAGARIA,BIHAR,D105,GOGRI,37.25
27-04-2025,25.5,86.5,KHAGARIA,BIHAR,D105,GOGRI,36.84
28-04-2025,25.5,86.5,KHAGARIA,BIHAR,D105,GOGRI,36.68
29-04-2025,25.5,86.5,KHAGARIA,BIHAR,D105,GOGRI,36.59
30-04-2025,25.5,86.5,KHAGARIA,BIHAR,D105,GOGRI,36.54
01-05-2025,25.5,86.5,KHAGARIA,BIHAR,D105,GOGRI,36.22
02-05-2025,25.5,86.5,KHAGARIA,BIHAR,D105,GOGRI,36.05
03-05-2025,25.5,86.5,KHAGARIA,BIHAR,D105,GOGRI,35.77
04-05-2025,25.5,86.5,KHAGARIA,BIHAR,D105,GOGRI,35.29
05-05-2025,25.5,86.5,KHAGARIA,BIHAR,D105,GOGRI,36.01
06-05-2025,25.5,86.5,KHAGARIA,BIHAR,D105,GOGRI,36.38
07-05-2025,25.5,86.5,KHAGARIA,BIHAR,D105,GOGRI,36.19
08-05-2025,25.5,86.5,KHAGARIA,BIHAR,D105,GOGRI,36.7
09-05-2025,25.5,86.5,KHAGARIA,BIHAR,D105,GOGRI,36.75
10-05-2025,25.5,86.5,KHAGARIA,BIHAR,D105,GOGRI,36.81
11-05-2025,25.5,86.5,KHAGARIA,BIHAR,D105,GOGRI,36.93
12-05-2025,25.5,86.5,KHAGARIA,BIHAR,D105,GOGRI,36.31
13-05-2025,25.5,86.5,KHAGARIA,BIHAR,D105,GOGRI,36.53
14-05-2025,25.5,86.5,KHAGARIA,BIHAR,D105,GOGRI,36.87
15-05-2025,25.5,86.5,KHAGARIA,BIHAR,D105,GOGRI,36.52
16-05-2025,25.5,86.5,KHAGARIA,BIHAR,D105,GOGRI,36.35
17-05-2025,25.5,86.5,KHAGARIA,BIHAR,D105,GOGRI,36.5
18-05-2025,25.5,86.5,KHAGARIA,BIHAR,D105,GOGRI,36.89
19-05-2025,25.5,86.5,KHAGARIA,BIHAR,D105,GOGRI,36.7
20-05-2025,25.5,86.5,KHAGARIA,BIHAR,D105,GOGRI,36.35
21-05-2025,25.5,86.5,KHAGARIA,BIHAR,D105,GOGRI,36.35
22-05-2025,25.5,86.5,KHAGARIA,BIHAR,D105,GOGRI,36.68
23-05-2025,25.5,86.5,KHAGARIA,BIHAR,D105,GOGRI,36.6
24-05-2025,25.5,86.5,KHAGARIA,BIHAR,D105,GOGRI,36.57
25-05-2025,25.5,86.5,KHAGARIA,BIHAR,D105,GOGRI,36.26
26-05-2025,25.5,86.5,KHAGARIA,BIHAR,D105,GOGRI,36.3
27-05-2025,25.5,86.5,KHAGARIA,BIHAR,D105,GOGRI,35.78
28-05-2025,25.5,86.5,KHAGARIA,BIHAR,D105,GOGRI,36.25
29-05-2025,25.5,86.5,KHAGARIA,BIHAR,D105,GOGRI,36.81
30-05-2025,25.5,86.5,KHAGARIA,BIHAR,D105,GOGRI,36.87
31-05-2025,25.5,86.5,KHAGARIA,BIHAR,D105,GOGRI,36.22
01-06-2025,25.5,86.5,KHAGARIA,BIHAR,D105,GOGRI,36.84
02-06-2025,25.5,86.5,KHAGARIA,BIHAR,D105,GOGRI,37.07
03-06-2025,25.5,86.5,KHAGARIA,BIHAR,D105,GOGRI,37.1
04-06-2025,25.5,86.5,KHAGARIA,BIHAR,D105,GOGRI,36.51
05-06-2025,25.5,86.5,KHAGARIA,BIHAR,D105,GOGRI,36.19
06-06-2025,25.5,86.5,KHAGARIA,BIHAR,D105,GOGRI,36.44
07-06-2025,25.5,86.5,KHAGARIA,BIHAR,D105,GOGRI,36.67
08-06-2025,25.5,86.5,KHAGARIA,BIHAR,D105,GOGRI,36.38
09-06-2025,25.5,86.5,KHAGARIA,BIHAR,D105,GOGRI,36.41
10-06-2025,25.5,86.5,KHAGARIA,BIHAR,D105,GOGRI,36.49
11-06-2025,25.5,86.5,KHAGARIA,BIHAR,D105,GOGRI,36.76
12-06-2025,25.5,86.5,KHAGARIA,BIHAR,D105,GOGRI,36.39
13-06-2025,25.5,86.5,KHAGARIA,BIHAR,D105,GOGRI,36.32
14-06-2025,25.5,86.5,KHAGARIA,BIHAR,D105,GOGRI,35.99
15-06-2025,25.5,86.5,KHAGARIA,BIHAR,D105,GOGRI,35.88
16-06-2025,25.5,86.5,KHAGARIA,BIHAR,D105,GOGRI,35.97
17-06-2025,25.5,86.5,KHAGARIA,BIHAR,D105,GOGRI,35.62
18-06-2025,25.5,86.5,KHAGARIA,BIHAR,D105,GOGRI,35.22
19-06-2025,25.5,86.5,KHAGARIA,BIHAR,D105,GOGRI,34.71
20-06-2025,25.5,86.5,KHAGARIA,BIHAR,D105,GOGRI,34.77
21-06-2025,25.5,86.5,KHAGARIA,BIHAR,D105,GOGRI,34.63
22-06-2025,25.5,86.5,KHAGARIA,BIHAR,D105,GOGRI,34.63
23-06-2025,25.5,86.5,KHAGARIA,BIHAR,D105,GOGRI,34.61
24-06-2025,25.5,86.5,KHAGARIA,BIHAR,D105,GOGRI,34.5
25-06-2025,25.5,86.5,KHAGARIA,BIHAR,D105,GOGRI,34.32
26-06-2025,25.5,86.5,KHAGARIA,BIHAR,D105,GOGRI,34.28
27-06-2025,25.5,86.5,KHAGARIA,BIHAR,D105,GOGRI,34.31
28-06-2025,25.5,86.5,KHAGARIA,BIHAR,D105,GOGRI,33.88
29-06-2025,25.5,86.5,KHAGARIA,BIHAR,D105,GOGRI,33.53
30-06-2025,25.5,86.5,KHAGARIA,BIHAR,D105,GOGRI,33.56
01-07-2025,25.5,86.5,KHAGARIA,BIHAR,D105,GOGRI,33.46
02-07-2025,25.5,86.5,KHAGARIA,BIHAR,D105,GOGRI,33.6
03-07-2025,25.5,86.5,KHAGARIA,BIHAR,D105,GOGRI,33.32
04-07-2025,25.5,86.5,KHAGARIA,BIHAR,D105,GOGRI,33.45
05-07-2025,25.5,86.5,KHAGARIA,BIHAR,D105,GOGRI,33.05
06-07-2025,25.5,86.5,KHAGARIA,BIHAR,D105,GOGRI,33.25
07-07-2025,25.5,86.5,KHAGARIA,BIHAR,D105,GOGRI,33.54
08-07-2025,25.5,86.5,KHAGARIA,BIHAR,D105,GOGRI,33.74
09-07-2025,25.5,86.5,KHAGARIA,BIHAR,D105,GOGRI,33.59
10-07-2025,25.5,86.5,KHAGARIA,BIHAR,D105,GOGRI,33.1
11-07-2025,25.5,86.5,KHAGARIA,BIHAR,D105,GOGRI,32.98
12-07-2025,25.5,86.5,KHAGARIA,BIHAR,D105,GOGRI,33.24
13-07-2025,25.5,86.5,KHAGARIA,BIHAR,D105,GOGRI,33.4
14-07-2025,25.5,86.5,KHAGARIA,BIHAR,D105,GOGRI,33.54
15-07-2025,25.5,86.5,KHAGARIA,BIHAR,D105,GOGRI,33.24
16-07-2025,25.5,86.5,KHAGARIA,BIHAR,D105,GOGRI,33.03
17-07-2025,25.5,86.5,KHAGARIA,BIHAR,D105,GOGRI,33.13
18-07-2025,25.5,86.5,KHAGARIA,BIHAR,D105,GOGRI,33.89
19-07-2025,25.5,86.5,KHAGARIA,BIHAR,D105,GOGRI,33.53
20-07-2025,25.5,86.5,KHAGARIA,BIHAR,D105,GOGRI,33.12
21-07-2025,25.5,86.5,KHAGARIA,BIHAR,D105,GOGRI,33.04
22-07-2025,25.5,86.5,KHAGARIA,BIHAR,D105,GOGRI,33
23-07-2025,25.5,86.5,KHAGARIA,BIHAR,D105,GOGRI,33.19
24-07-2025,25.5,86.5,KHAGARIA,BIHAR,D105,GOGRI,33.48
25-07-2025,25.5,86.5,KHAGARIA,BIHAR,D105,GOGRI,33.69
26-07-2025,25.5,86.5,KHAGARIA,BIHAR,D105,GOGRI,33.79
27-07-2025,25.5,86.5,KHAGARIA,BIHAR,D105,GOGRI,33.24
28-07-2025,25.5,86.5,KHAGARIA,BIHAR,D105,GOGRI,33.43
29-07-2025,25.5,86.5,KHAGARIA,BIHAR,D105,GOGRI,33.36
30-07-2025,25.5,86.5,KHAGARIA,BIHAR,D105,GOGRI,33.02
31-07-2025,25.5,86.5,KHAGARIA,BIHAR,D105,GOGRI,33.22
01-08-2025,25.5,86.5,KHAGARIA,BIHAR,D105,GOGRI,33.39
02-08-2025,25.5,86.5,KHAGARIA,BIHAR,D105,GOGRI,33.61
03-08-2025,25.5,86.5,KHAGARIA,BIHAR,D105,GOGRI,33.36
04-08-2025,25.5,86.5,KHAGARIA,BIHAR,D105,GOGRI,33.5
05-08-2025,25.5,86.5,KHAGARIA,BIHAR,D105,GOGRI,33.6
06-08-2025,25.5,86.5,KHAGARIA,BIHAR,D105,GOGRI,33.37
07-08-2025,25.5,86.5,KHAGARIA,BIHAR,D105,GOGRI,33.64
08-08-2025,25.5,86.5,KHAGARIA,BIHAR,D105,GOGRI,33.31
09-08-2025,25.5,86.5,KHAGARIA,BIHAR,D105,GOGRI,33.64
10-08-2025,25.5,86.5,KHAGARIA,BIHAR,D105,GOGRI,33.57
11-08-2025,25.5,86.5,KHAGARIA,BIHAR,D105,GOGRI,33.42
12-08-2025,25.5,86.5,KHAGARIA,BIHAR,D105,GOGRI,33.24
13-08-2025,25.5,86.5,KHAGARIA,BIHAR,D105,GOGRI,32.62
14-08-2025,25.5,86.5,KHAGARIA,BIHAR,D105,GOGRI,32.64
15-08-2025,25.5,86.5,KHAGARIA,BIHAR,D105,GOGRI,33.05
16-08-2025,25.5,86.5,KHAGARIA,BIHAR,D105,GOGRI,32.9
17-08-2025,25.5,86.5,KHAGARIA,BIHAR,D105,GOGRI,33.05
18-08-2025,25.5,86.5,KHAGARIA,BIHAR,D105,GOGRI,32.99
19-08-2025,25.5,86.5,KHAGARIA,BIHAR,D105,GOGRI,33.07
20-08-2025,25.5,86.5,KHAGARIA,BIHAR,D105,GOGRI,32.83
21-08-2025,25.5,86.5,KHAGARIA,BIHAR,D105,GOGRI,32.97
22-08-2025,25.5,86.5,KHAGARIA,BIHAR,D105,GOGRI,33.03
23-08-2025,25.5,86.5,KHAGARIA,BIHAR,D105,GOGRI,32.94
24-08-2025,25.5,86.5,KHAGARIA,BIHAR,D105,GOGRI,32.71
25-08-2025,25.5,86.5,KHAGARIA,BIHAR,D105,GOGRI,33.33
26-08-2025,25.5,86.5,KHAGARIA,BIHAR,D105,GOGRI,33.31
27-08-2025,25.5,86.5,KHAGARIA,BIHAR,D105,GOGRI,33.29
28-08-2025,25.5,86.5,KHAGARIA,BIHAR,D105,GOGRI,33.45
29-08-2025,25.5,86.5,KHAGARIA,BIHAR,D105,GOGRI,33.47
30-08-2025,25.5,86.5,KHAGARIA,BIHAR,D105,GOGRI,33.65
31-08-2025,25.5,86.5,KHAGARIA,BIHAR,D105,GOGRI,33.35
01-09-2025,25.5,86.5,KHAGARIA,BIHAR,D105,GOGRI,33.43
02-09-2025,25.5,86.5,KHAGARIA,BIHAR,D105,GOGRI,33.3
03-09-2025,25.5,86.5,KHAGARIA,BIHAR,D105,GOGRI,33.68
04-09-2025,25.5,86.5,KHAGARIA,BIHAR,D105,GOGRI,33.57
05-09-2025,25.5,86.5,KHAGARIA,BIHAR,D105,GOGRI,33.54
06-09-2025,25.5,86.5,KHAGARIA,BIHAR,D105,GOGRI,33.36
07-09-2025,25.5,86.5,KHAGARIA,BIHAR,D105,GOGRI,33.37
08-09-2025,25.5,86.5,KHAGARIA,BIHAR,D105,GOGRI,33.34
09-09-2025,25.5,86.5,KHAGARIA,BIHAR,D105,GOGRI,33.29
10-09-2025,25.5,86.5,KHAGARIA,BIHAR,D105,GOGRI,33.24
11-09-2025,25.5,86.5,KHAGARIA,BIHAR,D105,GOGRI,33.39
12-09-2025,25.5,86.5,KHAGARIA,BIHAR,D105,GOGRI,33.33
13-09-2025,25.5,86.5,KHAGARIA,BIHAR,D105,GOGRI,33.33
14-09-2025,25.5,86.5,KHAGARIA,BIHAR,D105,GOGRI,32.89
15-09-2025,25.5,86.5,KHAGARIA,BIHAR,D105,GOGRI,32.66
16-09-2025,25.5,86.5,KHAGARIA,BIHAR,D105,GOGRI,33.17
17-09-2025,25.5,86.5,KHAGARIA,BIHAR,D105,GOGRI,33.43
18-09-2025,25.5,86.5,KHAGARIA,BIHAR,D105,GOGRI,33.14
19-09-2025,25.5,86.5,KHAGARIA,BIHAR,D105,GOGRI,33.41
20-09-2025,25.5,86.5,KHAGARIA,BIHAR,D105,GOGRI,33.13
21-09-2025,25.5,86.5,KHAGARIA,BIHAR,D105,GOGRI,32.88
22-09-2025,25.5,86.5,KHAGARIA,BIHAR,D105,GOGRI,32.44
23-09-2025,25.5,86.5,KHAGARIA,BIHAR,D105,GOGRI,32.57
24-09-2025,25.5,86.5,KHAGARIA,BIHAR,D105,GOGRI,32.52
25-09-2025,25.5,86.5,KHAGARIA,BIHAR,D105,GOGRI,32.19
26-09-2025,25.5,86.5,KHAGARIA,BIHAR,D105,GOGRI,32.32
27-09-2025,25.5,86.5,KHAGARIA,BIHAR,D105,GOGRI,32.61
28-09-2025,25.5,86.5,KHAGARIA,BIHAR,D105,GOGRI,32.81
29-09-2025,25.5,86.5,KHAGARIA,BIHAR,D105,GOGRI,32.71
30-09-2025,25.5,86.5,KHAGARIA,BIHAR,D105,GOGRI,32.57
01-10-2025,25.5,86.5,KHAGARIA,BIHAR,D105,GOGRI,33.11
02-10-2025,25.5,86.5,KHAGARIA,BIHAR,D105,GOGRI,33.2
03-10-2025,25.5,86.5,KHAGARIA,BIHAR,D105,GOGRI,32.82
04-10-2025,25.5,86.5,KHAGARIA,BIHAR,D105,GOGRI,32.64
05-10-2025,25.5,86.5,KHAGARIA,BIHAR,D105,GOGRI,32.52
06-10-2025,25.5,86.5,KHAGARIA,BIHAR,D105,GOGRI,32.42
07-10-2025,25.5,86.5,KHAGARIA,BIHAR,D105,GOGRI,32.56
08-10-2025,25.5,86.5,KHAGARIA,BIHAR,D105,GOGRI,32.53
09-10-2025,25.5,86.5,KHAGARIA,BIHAR,D105,GOGRI,32.69
10-10-2025,25.5,86.5,KHAGARIA,BIHAR,D105,GOGRI,32.63
11-10-2025,25.5,86.5,KHAGARIA,BIHAR,D105,GOGRI,32.7
12-10-2025,25.5,86.5,KHAGARIA,BIHAR,D105,GOGRI,32.63
13-10-2025,25.5,86.5,KHAGARIA,BIHAR,D105,GOGRI,32.64
14-10-2025,25.5,86.5,KHAGARIA,BIHAR,D105,GOGRI,32.68
15-10-2025,25.5,86.5,KHAGARIA,BIHAR,D105,GOGRI,32.7
16-10-2025,25.5,86.5,KHAGARIA,BIHAR,D105,GOGRI,32.77
17-10-2025,25.5,86.5,KHAGARIA,BIHAR,D105,GOGRI,32.55
18-10-2025,25.5,86.5,KHAGARIA,BIHAR,D105,GOGRI,32.53
19-10-2025,25.5,86.5,KHAGARIA,BIHAR,D105,GOGRI,32.17
20-10-2025,25.5,86.5,KHAGARIA,BIHAR,D105,GOGRI,31.79
21-10-2025,25.5,86.5,KHAGARIA,BIHAR,D105,GOGRI,31.76
22-10-2025,25.5,86.5,KHAGARIA,BIHAR,D105,GOGRI,31.67
23-10-2025,25.5,86.5,KHAGARIA,BIHAR,D105,GOGRI,31.76
24-10-2025,25.5,86.5,KHAGARIA,BIHAR,D105,GOGRI,31.47
25-10-2025,25.5,86.5,KHAGARIA,BIHAR,D105,GOGRI,30.94
26-10-2025,25.5,86.5,KHAGARIA,BIHAR,D105,GOGRI,31.11
27-10-2025,25.5,86.5,KHAGARIA,BIHAR,D105,GOGRI,31.37
28-10-2025,25.5,86.5,KHAGARIA,BIHAR,D105,GOGRI,31.26
29-10-2025,25.5,86.5,KHAGARIA,BIHAR,D105,GOGRI,30.97
30-10-2025,25.5,86.5,KHAGARIA,BIHAR,D105,GOGRI,30.94
31-10-2025,25.5,86.5,KHAGARIA,BIHAR,D105,GOGRI,31.07
01-11-2025,25.5,86.5,KHAGARIA,BIHAR,D105,GOGRI,30.89
02-11-2025,25.5,86.5,KHAGARIA,BIHAR,D105,GOGRI,30.91
03-11-2025,25.5,86.5,KHAGARIA,BIHAR,D105,GOGRI,30.85
04-11-2025,25.5,86.5,KHAGARIA,BIHAR,D105,GOGRI,30.92
05-11-2025,25.5,86.5,KHAGARIA,BIHAR,D105,GOGRI,30.89
06-11-2025,25.5,86.5,KHAGARIA,BIHAR,D105,GOGRI,30.82
07-11-2025,25.5,86.5,KHAGARIA,BIHAR,D105,GOGRI,30.84
08-11-2025,25.5,86.5,KHAGARIA,BIHAR,D105,GOGRI,30.95
09-11-2025,25.5,86.5,KHAGARIA,BIHAR,D105,GOGRI,30.77
10-11-2025,25.5,86.5,KHAGARIA,BIHAR,D105,GOGRI,30.13
11-11-2025,25.5,86.5,KHAGARIA,BIHAR,D105,GOGRI,29.73
12-11-2025,25.5,86.5,KHAGARIA,BIHAR,D105,GOGRI,29.62
13-11-2025,25.5,86.5,KHAGARIA,BIHAR,D105,GOGRI,29.48
14-11-2025,25.5,86.5,KHAGARIA,BIHAR,D105,GOGRI,29.63
15-11-2025,25.5,86.5,KHAGARIA,BIHAR,D105,GOGRI,29.6
16-11-2025,25.5,86.5,KHAGARIA,BIHAR,D105,GOGRI,29.45
17-11-2025,25.5,86.5,KHAGARIA,BIHAR,D105,GOGRI,29.15
18-11-2025,25.5,86.5,KHAGARIA,BIHAR,D105,GOGRI,29.27
19-11-2025,25.5,86.5,KHAGARIA,BIHAR,D105,GOGRI,29.17
20-11-2025,25.5,86.5,KHAGARIA,BIHAR,D105,GOGRI,28.92
21-11-2025,25.5,86.5,KHAGARIA,BIHAR,D105,GOGRI,28.72
22-11-2025,25.5,86.5,KHAGARIA,BIHAR,D105,GOGRI,28.4
23-11-2025,25.5,86.5,KHAGARIA,BIHAR,D105,GOGRI,28.12
24-11-2025,25.5,86.5,KHAGARIA,BIHAR,D105,GOGRI,28.14
25-11-2025,25.5,86.5,KHAGARIA,BIHAR,D105,GOGRI,28.03
26-11-2025,25.5,86.5,KHAGARIA,BIHAR,D105,GOGRI,28.18
27-11-2025,25.5,86.5,KHAGARIA,BIHAR,D105,GOGRI,27.91
28-11-2025,25.5,86.5,KHAGARIA,BIHAR,D105,GOGRI,27.81
29-11-2025,25.5,86.5,KHAGARIA,BIHAR,D105,GOGRI,27.63
30-11-2025,25.5,86.5,KHAGARIA,BIHAR,D105,GOGRI,27.65
01-12-2025,25.5,86.5,KHAGARIA,BIHAR,D105,GOGRI,27.55
02-12-2025,25.5,86.5,KHAGARIA,BIHAR,D105,GOGRI,27.29
03-12-2025,25.5,86.5,KHAGARIA,BIHAR,D105,GOGRI,26.93
04-12-2025,25.5,86.5,KHAGARIA,BIHAR,D105,GOGRI,26.77
05-12-2025,25.5,86.5,KHAGARIA,BIHAR,D105,GOGRI,26.53
06-12-2025,25.5,86.5,KHAGARIA,BIHAR,D105,GOGRI,26.47
07-12-2025,25.5,86.5,KHAGARIA,BIHAR,D105,GOGRI,26.3
08-12-2025,25.5,86.5,KHAGARIA,BIHAR,D105,GOGRI,26.23
09-12-2025,25.5,86.5,KHAGARIA,BIHAR,D105,GOGRI,25.68
10-12-2025,25.5,86.5,KHAGARIA,BIHAR,D105,GOGRI,25.43
11-12-2025,25.5,86.5,KHAGARIA,BIHAR,D105,GOGRI,25.21
12-12-2025,25.5,86.5,KHAGARIA,BIHAR,D105,GOGRI,25.24
13-12-2025,25.5,86.5,KHAGARIA,BIHAR,D105,GOGRI,25.04
14-12-2025,25.5,86.5,KHAGARIA,BIHAR,D105,GOGRI,24.95
15-12-2025,25.5,86.5,KHAGARIA,BIHAR,D105,GOGRI,24.96
16-12-2025,25.5,86.5,KHAGARIA,BIHAR,D105,GOGRI,24.89
17-12-2025,25.5,86.5,KHAGARIA,BIHAR,D105,GOGRI,24.29
18-12-2025,25.5,86.5,KHAGARIA,BIHAR,D105,GOGRI,24.07
19-12-2025,25.5,86.5,KHAGARIA,BIHAR,D105,GOGRI,24.12
20-12-2025,25.5,86.5,KHAGARIA,BIHAR,D105,GOGRI,23.81
21-12-2025,25.5,86.5,KHAGARIA,BIHAR,D105,GOGRI,23.79
22-12-2025,25.5,86.5,KHAGARIA,BIHAR,D105,GOGRI,23.71
23-12-2025,25.5,86.5,KHAGARIA,BIHAR,D105,GOGRI,23.58
24-12-2025,25.5,86.5,KHAGARIA,BIHAR,D105,GOGRI,23.76
25-12-2025,25.5,86.5,KHAGARIA,BIHAR,D105,GOGRI,23.39
26-12-2025,25.5,86.5,KHAGARIA,BIHAR,D105,GOGRI,23.22
27-12-2025,25.5,86.5,KHAGARIA,BIHAR,D105,GOGRI,23.06
28-12-2025,25.5,86.5,KHAGARIA,BIHAR,D105,GOGRI,23.24
29-12-2025,25.5,86.5,KHAGARIA,BIHAR,D105,GOGRI,22.91
30-12-2025,25.5,86.5,KHAGARIA,BIHAR,D105,GOGRI,22.79
31-12-2025,25.5,86.5,KHAGARIA,BIHAR,D105,GOGRI,22.73
01-01-2025,26.5,86.5,MADHUBANI,BIHAR,D109,BENIPATTI,22.01
02-01-2025,26.5,86.5,MADHUBANI,BIHAR,D109,BENIPATTI,21.95
03-01-2025,26.5,86.5,MADHUBANI,BIHAR,D109,BENIPATTI,21.61
04-01-2025,26.5,86.5,MADHUBANI,BIHAR,D109,BENIPATTI,21.74
05-01-2025,26.5,86.5,MADHUBANI,BIHAR,D109,BENIPATTI,21.72
06-01-2025,26.5,86.5,MADHUBANI,BIHAR,D109,BENIPATTI,21.81
07-01-2025,26.5,86.5,MADHUBANI,BIHAR,D109,BENIPATTI,21.81
08-01-2025,26.5,86.5,MADHUBANI,BIHAR,D109,BENIPATTI,22.08
09-01-2025,26.5,86.5,MADHUBANI,BIHAR,D109,BENIPATTI,21.71
10-01-2025,26.5,86.5,MADHUBANI,BIHAR,D109,BENIPATTI,21.73
11-01-2025,26.5,86.5,MADHUBANI,BIHAR,D109,BENIPATTI,21.57
12-01-2025,26.5,86.5,MADHUBANI,BIHAR,D109,BENIPATTI,21.65
13-01-2025,26.5,86.5,MADHUBANI,BIHAR,D109,BENIPATTI,21.53
14-01-2025,26.5,86.5,MADHUBANI,BIHAR,D109,BENIPATTI,21.27
15-01-2025,26.5,86.5,MADHUBANI,BIHAR,D109,BENIPATTI,21.79
16-01-2025,26.5,86.5,MADHUBANI,BIHAR,D109,BENIPATTI,21.53
17-01-2025,26.5,86.5,MADHUBANI,BIHAR,D109,BENIPATTI,22.08
18-01-2025,26.5,86.5,MADHUBANI,BIHAR,D109,BENIPATTI,22.51
19-01-2025,26.5,86.5,MADHUBANI,BIHAR,D109,BENIPATTI,22.21
20-01-2025,26.5,86.5,MADHUBANI,BIHAR,D109,BENIPATTI,22.04
21-01-2025,26.5,86.5,MADHUBANI,BIHAR,D109,BENIPATTI,21.93
22-01-2025,26.5,86.5,MADHUBANI,BIHAR,D109,BENIPATTI,22.01
23-01-2025,26.5,86.5,MADHUBANI,BIHAR,D109,BENIPATTI,22.04
24-01-2025,26.5,86.5,MADHUBANI,BIHAR,D109,BENIPATTI,22.19
25-01-2025,26.5,86.5,MADHUBANI,BIHAR,D109,BENIPATTI,22.55
26-01-2025,26.5,86.5,MADHUBANI,BIHAR,D109,BENIPATTI,22.64
27-01-2025,26.5,86.5,MADHUBANI,BIHAR,D109,BENIPATTI,23.04
28-01-2025,26.5,86.5,MADHUBANI,BIHAR,D109,BENIPATTI,23.05
29-01-2025,26.5,86.5,MADHUBANI,BIHAR,D109,BENIPATTI,23.07
30-01-2025,26.5,86.5,MADHUBANI,BIHAR,D109,BENIPATTI,23.09
31-01-2025,26.5,86.5,MADHUBANI,BIHAR,D109,BENIPATTI,23.36
01-02-2025,26.5,86.5,MADHUBANI,BIHAR,D109,BENIPATTI,23.37
02-02-2025,26.5,86.5,MADHUBANI,BIHAR,D109,BENIPATTI,23.44
03-02-2025,26.5,86.5,MADHUBANI,BIHAR,D109,BENIPATTI,24.13
04-02-2025,26.5,86.5,MADHUBANI,BIHAR,D109,BENIPATTI,24.52
05-02-2025,26.5,86.5,MADHUBANI,BIHAR,D109,BENIPATTI,24.5
06-02-2025,26.5,86.5,MADHUBANI,BIHAR,D109,BENIPATTI,24.42
07-02-2025,26.5,86.5,MADHUBANI,BIHAR,D109,BENIPATTI,24.5
08-02-2025,26.5,86.5,MADHUBANI,BIHAR,D109,BENIPATTI,24.32
09-02-2025,26.5,86.5,MADHUBANI,BIHAR,D109,BENIPATTI,24.7
10-02-2025,26.5,86.5,MADHUBANI,BIHAR,D109,BENIPATTI,25.23
11-02-2025,26.5,86.5,MADHUBANI,BIHAR,D109,BENIPATTI,25.53
12-02-2025,26.5,86.5,MADHUBANI,BIHAR,D109,BENIPATTI,25.88
13-02-2025,26.5,86.5,MADHUBANI,BIHAR,D109,BENIPATTI,25.72
14-02-2025,26.5,86.5,MADHUBANI,BIHAR,D109,BENIPATTI,26.12
15-02-2025,26.5,86.5,MADHUBANI,BIHAR,D109,BENIPATTI,26.2
16-02-2025,26.5,86.5,MADHUBANI,BIHAR,D109,BENIPATTI,26.19
17-02-2025,26.5,86.5,MADHUBANI,BIHAR,D109,BENIPATTI,26.36
18-02-2025,26.5,86.5,MADHUBANI,BIHAR,D109,BENIPATTI,26.98
19-02-2025,26.5,86.5,MADHUBANI,BIHAR,D109,BENIPATTI,27.22
20-02-2025,26.5,86.5,MADHUBANI,BIHAR,D109,BENIPATTI,27.32
21-02-2025,26.5,86.5,MADHUBANI,BIHAR,D109,BENIPATTI,27.47
22-02-2025,26.5,86.5,MADHUBANI,BIHAR,D109,BENIPATTI,27.75
23-02-2025,26.5,86.5,MADHUBANI,BIHAR,D109,BENIPATTI,28.19
24-02-2025,26.5,86.5,MADHUBANI,BIHAR,D109,BENIPATTI,28.21
25-02-2025,26.5,86.5,MADHUBANI,BIHAR,D109,BENIPATTI,28
26-02-2025,26.5,86.5,MADHUBANI,BIHAR,D109,BENIPATTI,27.99
27-02-2025,26.5,86.5,MADHUBANI,BIHAR,D109,BENIPATTI,28.38
28-02-2025,26.5,86.5,MADHUBANI,BIHAR,D109,BENIPATTI,28.43
29-02-2025,26.5,86.5,MADHUBANI,BIHAR,D109,BENIPATTI,28.17
01-03-2025,26.5,86.5,MADHUBANI,BIHAR,D109,BENIPATTI,28.56
02-03-2025,26.5,86.5,MADHUBANI,BIHAR,D109,BENIPATTI,29.07
03-03-2025,26.5,86.5,MADHUBANI,BIHAR,D109,BENIPATTI,29.27
04-03-2025,26.5,86.5,MADHUBANI,BIHAR,D109,BENIPATTI,29.35
05-03-2025,26.5,86.5,MADHUBANI,BIHAR,D109,BENIPATTI,29.42
06-03-2025,26.5,86.5,MADHUBANI,BIHAR,D109,BENIPATTI,29.28
07-03-2025,26.5,86.5,MADHUBANI,BIHAR,D109,BENIPATTI,29.62
08-03-2025,26.5,86.5,MADHUBANI,BIHAR,D109,BENIPATTI,29.84
09-03-2025,26.5,86.5,MADHUBANI,BIHAR,D109,BENIPATTI,30.17
10-03-2025,26.5,86.5,MADHUBANI,BIHAR,D109,BENIPATTI,30.57
11-03-2025,26.5,86.5,MADHUBANI,BIHAR,D109,BENIPATTI,30.75
12-03-2025,26.5,86.5,MADHUBANI,BIHAR,D109,BENIPATTI,30.73
13-03-2025,26.5,86.5,MADHUBANI,BIHAR,D109,BENIPATTI,30.36
14-03-2025,26.5,86.5,MADHUBANI,BIHAR,D109,BENIPATTI,30.67
15-03-2025,26.5,86.5,MADHUBANI,BIHAR,D109,BENIPATTI,31.19
16-03-2025,26.5,86.5,MADHUBANI,BIHAR,D109,BENIPATTI,31.65
17-03-2025,26.5,86.5,MADHUBANI,BIHAR,D109,BENIPATTI,31.93
18-03-2025,26.5,86.5,MADHUBANI,BIHAR,D109,BENIPATTI,32.2
19-03-2025,26.5,86.5,MADHUBANI,BIHAR,D109,BENIPATTI,32.32
20-03-2025,26.5,86.5,MADHUBANI,BIHAR,D109,BENIPATTI,32.3
21-03-2025,26.5,86.5,MADHUBANI,BIHAR,D109,BENIPATTI,32.79
22-03-2025,26.5,86.5,MADHUBANI,BIHAR,D109,BENIPATTI,32.73
23-03-2025,26.5,86.5,MADHUBANI,BIHAR,D109,BENIPATTI,33.12
24-03-2025,26.5,86.5,MADHUBANI,BIHAR,D109,BENIPATTI,33.25
25-03-2025,26.5,86.5,MADHUBANI,BIHAR,D109,BENIPATTI,33.62
26-03-2025,26.5,86.5,MADHUBANI,BIHAR,D109,BENIPATTI,33.63
27-03-2025,26.5,86.5,MADHUBANI,BIHAR,D109,BENIPATTI,33.62
28-03-2025,26.5,86.5,MADHUBANI,BIHAR,D109,BENIPATTI,33.48
29-03-2025,26.5,86.5,MADHUBANI,BIHAR,D109,BENIPATTI,33.97
30-03-2025,26.5,86.5,MADHUBANI,BIHAR,D109,BENIPATTI,33.98
31-03-2025,26.5,86.5,MADHUBANI,BIHAR,D109,BENIPATTI,33.78
01-04-2025,26.5,86.5,MADHUBANI,BIHAR,D109,BENIPATTI,34.18
02-04-2025,26.5,86.5,MADHUBANI,BIHAR,D109,BENIPATTI,34.17
03-04-2025,26.5,86.5,MADHUBANI,BIHAR,D109,BENIPATTI,34.58
04-04-2025,26.5,86.5,MADHUBANI,BIHAR,D109,BENIPATTI,34.09
05-04-2025,26.5,86.5,MADHUBANI,BIHAR,D109,BENIPATTI,34.45
06-04-2025,26.5,86.5,MADHUBANI,BIHAR,D109,BENIPATTI,34.91
07-04-2025,26.5,86.5,MADHUBANI,BIHAR,D109,BENIPATTI,35.31
08-04-2025,26.5,86.5,MADHUBANI,BIHAR,D109,BENIPATTI,35.65
09-04-2025,26.5,86.5,MADHUBANI,BIHAR,D109,BENIPATTI,35.25
10-04-2025,26.5,86.5,MADHUBANI,BIHAR,D109,BENIPATTI,35.33
11-04-2025,26.5,86.5,MADHUBANI,BIHAR,D109,BENIPATTI,35.68
12-04-2025,26.5,86.5,MADHUBANI,BIHAR,D109,BENIPATTI,36.02
13-04-2025,26.5,86.5,MADHUBANI,BIHAR,D109,BENIPATTI,35.65
14-04-2025,26.5,86.5,MADHUBANI,BIHAR,D109,BENIPATTI,35.8
15-04-2025,26.5,86.5,MADHUBANI,BIHAR,D109,BENIPATTI,35.54
16-04-2025,26.5,86.5,MADHUBANI,BIHAR,D109,BENIPATTI,35.68
17-04-2025,26.5,86.5,MADHUBANI,BIHAR,D109,BENIPATTI,34.91
18-04-2025,26.5,86.5,MADHUBANI,BIHAR,D109,BENIPATTI,34.94
19-04-2025,26.5,86.5,MADHUBANI,BIHAR,D109,BENIPATTI,35.2
20-04-2025,26.5,86.5,MADHUBANI,BIHAR,D109,BENIPATTI,34.94
21-04-2025,26.5,86.5,MADHUBANI,BIHAR,D109,BENIPATTI,35.14
22-04-2025,26.5,86.5,MADHUBANI,BIHAR,D109,BENIPATTI,35.13
23-04-2025,26.5,86.5,MADHUBANI,BIHAR,D109,BENIPATTI,35.86
24-04-2025,26.5,86.5,MADHUBANI,BIHAR,D109,BENIPATTI,36.37
25-04-2025,26.5,86.5,MADHUBANI,BIHAR,D109,BENIPATTI,36.07
26-04-2025,26.5,86.5,MADHUBANI,BIHAR,D109,BENIPATTI,36.21
27-04-2025,26.5,86.5,MADHUBANI,BIHAR,D109,BENIPATTI,35.72
28-04-2025,26.5,86.5,MADHUBANI,BIHAR,D109,BENIPATTI,35.53
29-04-2025,26.5,86.5,MADHUBANI,BIHAR,D109,BENIPATTI,35.4
30-04-2025,26.5,86.5,MADHUBANI,BIHAR,D109,BENIPATTI,35.29
01-05-2025,26.5,86.5,MADHUBANI,BIHAR,D109,BENIPATTI,34.83
02-05-2025,26.5,86.5,MADHUBANI,BIHAR,D109,BENIPATTI,35.02
03-05-2025,26.5,86.5,MADHUBANI,BIHAR,D109,BENIPATTI,34.57
04-05-2025,26.5,86.5,MADHUBANI,BIHAR,D109,BENIPATTI,34.25
05-05-2025,26.5,86.5,MADHUBANI,BIHAR,D109,BENIPATTI,35.03
06-05-2025,26.5,86.5,MADHUBANI,BIHAR,D109,BENIPATTI,35.28
07-05-2025,26.5,86.5,MADHUBANI,BIHAR,D109,BENIPATTI,35.08
08-05-2025,26.5,86.5,MADHUBANI,BIHAR,D109,BENIPATTI,35.71
09-05-2025,26.5,86.5,MADHUBANI,BIHAR,D109,BENIPATTI,35.6
10-05-2025,26.5,86.5,MADHUBANI,BIHAR,D109,BENIPATTI,35.79
11-05-2025,26.5,86.5,MADHUBANI,BIHAR,D109,BENIPATTI,35.79
12-05-2025,26.5,86.5,MADHUBANI,BIHAR,D109,BENIPATTI,35.07
13-05-2025,26.5,86.5,MADHUBANI,BIHAR,D109,BENIPATTI,35.47
14-05-2025,26.5,86.5,MADHUBANI,BIHAR,D109,BENIPATTI,35.79
15-05-2025,26.5,86.5,MADHUBANI,BIHAR,D109,BENIPATTI,35.46
16-05-2025,26.5,86.5,MADHUBANI,BIHAR,D109,BENIPATTI,35.37
17-05-2025,26.5,86.5,MADHUBANI,BIHAR,D109,BENIPATTI,35.54
18-05-2025,26.5,86.5,MADHUBANI,BIHAR,D109,BENIPATTI,35.99
19-05-2025,26.5,86.5,MADHUBANI,BIHAR,D109,BENIPATTI,35.73
20-05-2025,26.5,86.5,MADHUBANI,BIHAR,D109,BENIPATTI,35.58
21-05-2025,26.5,86.5,MADHUBANI,BIHAR,D109,BENIPATTI,35.49
22-05-2025,26.5,86.5,MADHUBANI,BIHAR,D109,BENIPATTI,35.56
23-05-2025,26.5,86.5,MADHUBANI,BIHAR,D109,BENIPATTI,35.7
24-05-2025,26.5,86.5,MADHUBANI,BIHAR,D109,BENIPATTI,35.48
25-05-2025,26.5,86.5,MADHUBANI,BIHAR,D109,BENIPATTI,35.38
26-05-2025,26.5,86.5,MADHUBANI,BIHAR,D109,BENIPATTI,35.82
27-05-2025,26.5,86.5,MADHUBANI,BIHAR,D109,BENIPATTI,35.26
28-05-2025,26.5,86.5,MADHUBANI,BIHAR,D109,BENIPATTI,35.47
29-05-2025,26.5,86.5,MADHUBANI,BIHAR,D109,BENIPATTI,35.96
30-05-2025,26.5,86.5,MADHUBANI,BIHAR,D109,BENIPATTI,36.08
31-05-2025,26.5,86.5,MADHUBANI,BIHAR,D109,BENIPATTI,35.78
01-06-2025,26.5,86.5,MADHUBANI,BIHAR,D109,BENIPATTI,36.13
02-06-2025,26.5,86.5,MADHUBANI,BIHAR,D109,BENIPATTI,36.33
03-06-2025,26.5,86.5,MADHUBANI,BIHAR,D109,BENIPATTI,36.39
04-06-2025,26.5,86.5,MADHUBANI,BIHAR,D109,BENIPATTI,35.56
05-06-2025,26.5,86.5,MADHUBANI,BIHAR,D109,BENIPATTI,35.5
06-06-2025,26.5,86.5,MADHUBANI,BIHAR,D109,BENIPATTI,35.41
07-06-2025,26.5,86.5,MADHUBANI,BIHAR,D109,BENIPATTI,35.74
08-06-2025,26.5,86.5,MADHUBANI,BIHAR,D109,BENIPATTI,35.18
09-06-2025,26.5,86.5,MADHUBANI,BIHAR,D109,BENIPATTI,35.48
10-06-2025,26.5,86.5,MADHUBANI,BIHAR,D109,BENIPATTI,35.61
11-06-2025,26.5,86.5,MADHUBANI,BIHAR,D109,BENIPATTI,35.91
12-06-2025,26.5,86.5,MADHUBANI,BIHAR,D109,BENIPATTI,35.55
13-06-2025,26.5,86.5,MADHUBANI,BIHAR,D109,BENIPATTI,35.71
14-06-2025,26.5,86.5,MADHUBANI,BIHAR,D109,BENIPATTI,35.07
15-06-2025,26.5,86.5,MADHUBANI,BIHAR,D109,BENIPATTI,34.95
16-06-2025,26.5,86.5,MADHUBANI,BIHAR,D109,BENIPATTI,34.92
17-06-2025,26.5,86.5,MADHUBANI,BIHAR,D109,BENIPATTI,34.79
18-06-2025,26.5,86.5,MADHUBANI,BIHAR,D109,BENIPATTI,34.47
19-06-2025,26.5,86.5,MADHUBANI,BIHAR,D109,BENIPATTI,33.91
20-06-2025,26.5,86.5,MADHUBANI,BIHAR,D109,BENIPATTI,34.16
21-06-2025,26.5,86.5,MADHUBANI,BIHAR,D109,BENIPATTI,34.12
22-06-2025,26.5,86.5,MADHUBANI,BIHAR,D109,BENIPATTI,34.22
23-06-2025,26.5,86.5,MADHUBANI,BIHAR,D109,BENIPATTI,34.26
24-06-2025,26.5,86.5,MADHUBANI,BIHAR,D109,BENIPATTI,34.02
25-06-2025,26.5,86.5,MADHUBANI,BIHAR,D109,BENIPATTI,33.7
26-06-2025,26.5,86.5,MADHUBANI,BIHAR,D109,BENIPATTI,33.85
27-06-2025,26.5,86.5,MADHUBANI,BIHAR,D109,BENIPATTI,33.67
28-06-2025,26.5,86.5,MADHUBANI,BIHAR,D109,BENIPATTI,33.23
29-06-2025,26.5,86.5,MADHUBANI,BIHAR,D109,BENIPATTI,32.96
30-06-2025,26.5,86.5,MADHUBANI,BIHAR,D109,BENIPATTI,32.99
01-07-2025,26.5,86.5,MADHUBANI,BIHAR,D109,BENIPATTI,32.85
02-07-2025,26.5,86.5,MADHUBANI,BIHAR,D109,BENIPATTI,32.99
03-07-2025,26.5,86.5,MADHUBANI,BIHAR,D109,BENIPATTI,33.04
04-07-2025,26.5,86.5,MADHUBANI,BIHAR,D109,BENIPATTI,33.1
05-07-2025,26.5,86.5,MADHUBANI,BIHAR,D109,BENIPATTI,32.72
06-07-2025,26.5,86.5,MADHUBANI,BIHAR,D109,BENIPATTI,32.98
07-07-2025,26.5,86.5,MADHUBANI,BIHAR,D109,BENIPATTI,33.21
08-07-2025,26.5,86.5,MADHUBANI,BIHAR,D109,BENIPATTI,33.44
09-07-2025,26.5,86.5,MADHUBANI,BIHAR,D109,BENIPATTI,33.28
10-07-2025,26.5,86.5,MADHUBANI,BIHAR,D109,BENIPATTI,32.77
11-07-2025,26.5,86.5,MADHUBANI,BIHAR,D109,BENIPATTI,32.55
12-07-2025,26.5,86.5,MADHUBANI,BIHAR,D109,BENIPATTI,32.87
13-07-2025,26.5,86.5,MADHUBANI,BIHAR,D109,BENIPATTI,33.09
14-07-2025,26.5,86.5,MADHUBANI,BIHAR,D109,BENIPATTI,33.15
15-07-2025,26.5,86.5,MADHUBANI,BIHAR,D109,BENIPATTI,32.96
16-07-2025,26.5,86.5,MADHUBANI,BIHAR,D109,BENIPATTI,32.87
17-07-2025,26.5,86.5,MADHUBANI,BIHAR,D109,BENIPATTI,32.91
18-07-2025,26.5,86.5,MADHUBANI,BIHAR,D109,BENIPATTI,33.49
19-07-2025,26.5,86.5,MADHUBANI,BIHAR,D109,BENIPATTI,33.21
20-07-2025,26.5,86.5,MADHUBANI,BIHAR,D109,BENIPATTI,32.8
21-07-2025,26.5,86.5,MADHUBANI,BIHAR,D109,BENIPATTI,32.79
22-07-2025,26.5,86.5,MADHUBANI,BIHAR,D109,BENIPATTI,32.67
23-07-2025,26.5,86.5,MADHUBANI,BIHAR,D109,BENIPATTI,32.91
24-07-2025,26.5,86.5,MADHUBANI,BIHAR,D109,BENIPATTI,33.14
25-07-2025,26.5,86.5,MADHUBANI,BIHAR,D109,BENIPATTI,33.29
26-07-2025,26.5,86.5,MADHUBANI,BIHAR,D109,BENIPATTI,33.16
27-07-2025,26.5,86.5,MADHUBANI,BIHAR,D109,BENIPATTI,32.61
28-07-2025,26.5,86.5,MADHUBANI,BIHAR,D109,BENIPATTI,33.13
29-07-2025,26.5,86.5,MADHUBANI,BIHAR,D109,BENIPATTI,33.01
30-07-2025,26.5,86.5,MADHUBANI,BIHAR,D109,BENIPATTI,32.68
31-07-2025,26.5,86.5,MADHUBANI,BIHAR,D109,BENIPATTI,32.89
01-08-2025,26.5,86.5,MADHUBANI,BIHAR,D109,BENIPATTI,32.97
02-08-2025,26.5,86.5,MADHUBANI,BIHAR,D109,BENIPATTI,33.32
03-08-2025,26.5,86.5,MADHUBANI,BIHAR,D109,BENIPATTI,33.04
04-08-2025,26.5,86.5,MADHUBANI,BIHAR,D109,BENIPATTI,33.38
05-08-2025,26.5,86.5,MADHUBANI,BIHAR,D109,BENIPATTI,33.46
06-08-2025,26.5,86.5,MADHUBANI,BIHAR,D109,BENIPATTI,33.42
07-08-2025,26.5,86.5,MADHUBANI,BIHAR,D109,BENIPATTI,33.7
08-08-2025,26.5,86.5,MADHUBANI,BIHAR,D109,BENIPATTI,33.4
09-08-2025,26.5,86.5,MADHUBANI,BIHAR,D109,BENIPATTI,33.57
10-08-2025,26.5,86.5,MADHUBANI,BIHAR,D109,BENIPATTI,33.39
11-08-2025,26.5,86.5,MADHUBANI,BIHAR,D109,BENIPATTI,33.25
12-08-2025,26.5,86.5,MADHUBANI,BIHAR,D109,BENIPATTI,33.03
13-08-2025,26.5,86.5,MADHUBANI,BIHAR,D109,BENIPATTI,32.52
14-08-2025,26.5,86.5,MADHUBANI,BIHAR,D109,BENIPATTI,32.62
15-08-2025,26.5,86.5,MADHUBANI,BIHAR,D109,BENIPATTI,32.96
16-08-2025,26.5,86.5,MADHUBANI,BIHAR,D109,BENIPATTI,32.82
17-08-2025,26.5,86.5,MADHUBANI,BIHAR,D109,BENIPATTI,33.09
18-08-2025,26.5,86.5,MADHUBANI,BIHAR,D109,BENIPATTI,32.97
19-08-2025,26.5,86.5,MADHUBANI,BIHAR,D109,BENIPATTI,33
20-08-2025,26.5,86.5,MADHUBANI,BIHAR,D109,BENIPATTI,32.6
21-08-2025,26.5,86.5,MADHUBANI,BIHAR,D109,BENIPATTI,32.74
22-08-2025,26.5,86.5,MADHUBANI,BIHAR,D109,BENIPATTI,32.99
23-08-2025,26.5,86.5,MADHUBANI,BIHAR,D109,BENIPATTI,32.74
24-08-2025,26.5,86.5,MADHUBANI,BIHAR,D109,BENIPATTI,32.66
25-08-2025,26.5,86.5,MADHUBANI,BIHAR,D109,BENIPATTI,33.1
26-08-2025,26.5,86.5,MADHUBANI,BIHAR,D109,BENIPATTI,33.11
27-08-2025,26.5,86.5,MADHUBANI,BIHAR,D109,BENIPATTI,33
28-08-2025,26.5,86.5,MADHUBANI,BIHAR,D109,BENIPATTI,33.05
29-08-2025,26.5,86.5,MADHUBANI,BIHAR,D109,BENIPATTI,33.17
30-08-2025,26.5,86.5,MADHUBANI,BIHAR,D109,BENIPATTI,33.34
31-08-2025,26.5,86.5,MADHUBANI,BIHAR,D109,BENIPATTI,33.05
01-09-2025,26.5,86.5,MADHUBANI,BIHAR,D109,BENIPATTI,33.15
02-09-2025,26.5,86.5,MADHUBANI,BIHAR,D109,BENIPATTI,33.16
03-09-2025,26.5,86.5,MADHUBANI,BIHAR,D109,BENIPATTI,33.51
04-09-2025,26.5,86.5,MADHUBANI,BIHAR,D109,BENIPATTI,33.4
05-09-2025,26.5,86.5,MADHUBANI,BIHAR,D109,BENIPATTI,33.11
06-09-2025,26.5,86.5,MADHUBANI,BIHAR,D109,BENIPATTI,33.18
07-09-2025,26.5,86.5,MADHUBANI,BIHAR,D109,BENIPATTI,33.15
08-09-2025,26.5,86.5,MADHUBANI,BIHAR,D109,BENIPATTI,33.19
09-09-2025,26.5,86.5,MADHUBANI,BIHAR,D109,BENIPATTI,32.9
10-09-2025,26.5,86.5,MADHUBANI,BIHAR,D109,BENIPATTI,32.97
11-09-2025,26.5,86.5,MADHUBANI,BIHAR,D109,BENIPATTI,33.01
12-09-2025,26.5,86.5,MADHUBANI,BIHAR,D109,BENIPATTI,32.71
13-09-2025,26.5,86.5,MADHUBANI,BIHAR,D109,BENIPATTI,32.96
14-09-2025,26.5,86.5,MADHUBANI,BIHAR,D109,BENIPATTI,32.42
15-09-2025,26.5,86.5,MADHUBANI,BIHAR,D109,BENIPATTI,32.47
16-09-2025,26.5,86.5,MADHUBANI,BIHAR,D109,BENIPATTI,32.72
17-09-2025,26.5,86.5,MADHUBANI,BIHAR,D109,BENIPATTI,33
18-09-2025,26.5,86.5,MADHUBANI,BIHAR,D109,BENIPATTI,32.71
19-09-2025,26.5,86.5,MADHUBANI,BIHAR,D109,BENIPATTI,33.07
20-09-2025,26.5,86.5,MADHUBANI,BIHAR,D109,BENIPATTI,32.69
21-09-2025,26.5,86.5,MADHUBANI,BIHAR,D109,BENIPATTI,32.55
22-09-2025,26.5,86.5,MADHUBANI,BIHAR,D109,BENIPATTI,32.23
23-09-2025,26.5,86.5,MADHUBANI,BIHAR,D109,BENIPATTI,32.33
24-09-2025,26.5,86.5,MADHUBANI,BIHAR,D109,BENIPATTI,32.26
25-09-2025,26.5,86.5,MADHUBANI,BIHAR,D109,BENIPATTI,31.77
26-09-2025,26.5,86.5,MADHUBANI,BIHAR,D109,BENIPATTI,31.9
27-09-2025,26.5,86.5,MADHUBANI,BIHAR,D109,BENIPATTI,32.35
28-09-2025,26.5,86.5,MADHUBANI,BIHAR,D109,BENIPATTI,32.46
29-09-2025,26.5,86.5,MADHUBANI,BIHAR,D109,BENIPATTI,32.49
30-09-2025,26.5,86.5,MADHUBANI,BIHAR,D109,BENIPATTI,32.18
01-10-2025,26.5,86.5,MADHUBANI,BIHAR,D109,BENIPATTI,33
02-10-2025,26.5,86.5,MADHUBANI,BIHAR,D109,BENIPATTI,32.81
03-10-2025,26.5,86.5,MADHUBANI,BIHAR,D109,BENIPATTI,32.45
04-10-2025,26.5,86.5,MADHUBANI,BIHAR,D109,BENIPATTI,32.2
05-10-2025,26.5,86.5,MADHUBANI,BIHAR,D109,BENIPATTI,32.19
06-10-2025,26.5,86.5,MADHUBANI,BIHAR,D109,BENIPATTI,32.2
07-10-2025,26.5,86.5,MADHUBANI,BIHAR,D109,BENIPATTI,32.32
08-10-2025,26.5,86.5,MADHUBANI,BIHAR,D109,BENIPATTI,32.14
09-10-2025,26.5,86.5,MADHUBANI,BIHAR,D109,BENIPATTI,32.32
10-10-2025,26.5,86.5,MADHUBANI,BIHAR,D109,BENIPATTI,32.29
11-10-2025,26.5,86.5,MADHUBANI,BIHAR,D109,BENIPATTI,32.38
12-10-2025,26.5,86.5,MADHUBANI,BIHAR,D109,BENIPATTI,32.28
13-10-2025,26.5,86.5,MADHUBANI,BIHAR,D109,BENIPATTI,32.26
14-10-2025,26.5,86.5,MADHUBANI,BIHAR,D109,BENIPATTI,32.35
15-10-2025,26.5,86.5,MADHUBANI,BIHAR,D109,BENIPATTI,32.44
16-10-2025,26.5,86.5,MADHUBANI,BIHAR,D109,BENIPATTI,32.53
17-10-2025,26.5,86.5,MADHUBANI,BIHAR,D109,BENIPATTI,32.36
18-10-2025,26.5,86.5,MADHUBANI,BIHAR,D109,BENIPATTI,32.03
19-10-2025,26.5,86.5,MADHUBANI,BIHAR,D109,BENIPATTI,31.84
20-10-2025,26.5,86.5,MADHUBANI,BIHAR,D109,BENIPATTI,31.53
21-10-2025,26.5,86.5,MADHUBANI,BIHAR,D109,BENIPATTI,31.47
22-10-2025,26.5,86.5,MADHUBANI,BIHAR,D109,BENIPATTI,31.4
23-10-2025,26.5,86.5,MADHUBANI,BIHAR,D109,BENIPATTI,31.56
24-10-2025,26.5,86.5,MADHUBANI,BIHAR,D109,BENIPATTI,31.24
25-10-2025,26.5,86.5,MADHUBANI,BIHAR,D109,BENIPATTI,30.68
26-10-2025,26.5,86.5,MADHUBANI,BIHAR,D109,BENIPATTI,30.86
27-10-2025,26.5,86.5,MADHUBANI,BIHAR,D109,BENIPATTI,30.98
28-10-2025,26.5,86.5,MADHUBANI,BIHAR,D109,BENIPATTI,30.89
29-10-2025,26.5,86.5,MADHUBANI,BIHAR,D109,BENIPATTI,30.64
30-10-2025,26.5,86.5,MADHUBANI,BIHAR,D109,BENIPATTI,30.66
31-10-2025,26.5,86.5,MADHUBANI,BIHAR,D109,BENIPATTI,30.83
01-11-2025,26.5,86.5,MADHUBANI,BIHAR,D109,BENIPATTI,30.71
02-11-2025,26.5,86.5,MADHUBANI,BIHAR,D109,BENIPATTI,30.61
03-11-2025,26.5,86.5,MADHUBANI,BIHAR,D109,BENIPATTI,30.52
04-11-2025,26.5,86.5,MADHUBANI,BIHAR,D109,BENIPATTI,30.61
05-11-2025,26.5,86.5,MADHUBANI,BIHAR,D109,BENIPATTI,30.42
06-11-2025,26.5,86.5,MADHUBANI,BIHAR,D109,BENIPATTI,30.35
07-11-2025,26.5,86.5,MADHUBANI,BIHAR,D109,BENIPATTI,30.48
08-11-2025,26.5,86.5,MADHUBANI,BIHAR,D109,BENIPATTI,30.57
09-11-2025,26.5,86.5,MADHUBANI,BIHAR,D109,BENIPATTI,30.52
10-11-2025,26.5,86.5,MADHUBANI,BIHAR,D109,BENIPATTI,29.73
11-11-2025,26.5,86.5,MADHUBANI,BIHAR,D109,BENIPATTI,29.34
12-11-2025,26.5,86.5,MADHUBANI,BIHAR,D109,BENIPATTI,29.23
13-11-2025,26.5,86.5,MADHUBANI,BIHAR,D109,BENIPATTI,29.2
14-11-2025,26.5,86.5,MADHUBANI,BIHAR,D109,BENIPATTI,29.49
15-11-2025,26.5,86.5,MADHUBANI,BIHAR,D109,BENIPATTI,29.2
16-11-2025,26.5,86.5,MADHUBANI,BIHAR,D109,BENIPATTI,29.05
17-11-2025,26.5,86.5,MADHUBANI,BIHAR,D109,BENIPATTI,28.88
18-11-2025,26.5,86.5,MADHUBANI,BIHAR,D109,BENIPATTI,28.89
19-11-2025,26.5,86.5,MADHUBANI,BIHAR,D109,BENIPATTI,29.09
20-11-2025,26.5,86.5,MADHUBANI,BIHAR,D109,BENIPATTI,28.65
21-11-2025,26.5,86.5,MADHUBANI,BIHAR,D109,BENIPATTI,28.41
22-11-2025,26.5,86.5,MADHUBANI,BIHAR,D109,BENIPATTI,27.94
23-11-2025,26.5,86.5,MADHUBANI,BIHAR,D109,BENIPATTI,27.87
24-11-2025,26.5,86.5,MADHUBANI,BIHAR,D109,BENIPATTI,27.86
25-11-2025,26.5,86.5,MADHUBANI,BIHAR,D109,BENIPATTI,27.84
26-11-2025,26.5,86.5,MADHUBANI,BIHAR,D109,BENIPATTI,27.87
27-11-2025,26.5,86.5,MADHUBANI,BIHAR,D109,BENIPATTI,27.55
28-11-2025,26.5,86.5,MADHUBANI,BIHAR,D109,BENIPATTI,27.55
29-11-2025,26.5,86.5,MADHUBANI,BIHAR,D109,BENIPATTI,27.35
30-11-2025,26.5,86.5,MADHUBANI,BIHAR,D109,BENIPATTI,27.18
01-12-2025,26.5,86.5,MADHUBANI,BIHAR,D109,BENIPATTI,27.2
02-12-2025,26.5,86.5,MADHUBANI,BIHAR,D109,BENIPATTI,27.04
03-12-2025,26.5,86.5,MADHUBANI,BIHAR,D109,BENIPATTI,26.62
04-12-2025,26.5,86.5,MADHUBANI,BIHAR,D109,BENIPATTI,26.51
05-12-2025,26.5,86.5,MADHUBANI,BIHAR,D109,BENIPATTI,26.24
06-12-2025,26.5,86.5,MADHUBANI,BIHAR,D109,BENIPATTI,26.25
07-12-2025,26.5,86.5,MADHUBANI,BIHAR,D109,BENIPATTI,25.89
08-12-2025,26.5,86.5,MADHUBANI,BIHAR,D109,BENIPATTI,25.81
09-12-2025,26.5,86.5,MADHUBANI,BIHAR,D109,BENIPATTI,25.43
10-12-2025,26.5,86.5,MADHUBANI,BIHAR,D109,BENIPATTI,25.18
11-12-2025,26.5,86.5,MADHUBANI,BIHAR,D109,BENIPATTI,24.92
12-12-2025,26.5,86.5,MADHUBANI,BIHAR,D109,BENIPATTI,25.03
13-12-2025,26.5,86.5,MADHUBANI,BIHAR,D109,BENIPATTI,24.66
14-12-2025,26.5,86.5,MADHUBANI,BIHAR,D109,BENIPATTI,24.46
15-12-2025,26.5,86.5,MADHUBANI,BIHAR,D109,BENIPATTI,24.55
16-12-2025,26.5,86.5,MADHUBANI,BIHAR,D109,BENIPATTI,24.47
17-12-2025,26.5,86.5,MADHUBANI,BIHAR,D109,BENIPATTI,23.97
18-12-2025,26.5,86.5,MADHUBANI,BIHAR,D109,BENIPATTI,23.91
19-12-2025,26.5,86.5,MADHUBANI,BIHAR,D109,BENIPATTI,23.85
20-12-2025,26.5,86.5,MADHUBANI,BIHAR,D109,BENIPATTI,23.43
21-12-2025,26.5,86.5,MADHUBANI,BIHAR,D109,BENIPATTI,23.35
22-12-2025,26.5,86.5,MADHUBANI,BIHAR,D109,BENIPATTI,23.33
23-12-2025,26.5,86.5,MADHUBANI,BIHAR,D109,BENIPATTI,23.34
24-12-2025,26.5,86.5,MADHUBANI,BIHAR,D109,BENIPATTI,23.68
25-12-2025,26.5,86.5,MADHUBANI,BIHAR,D109,BENIPATTI,23.28
26-12-2025,26.5,86.5,MADHUBANI,BIHAR,D109,BENIPATTI,22.96
27-12-2025,26.5,86.5,MADHUBANI,BIHAR,D109,BENIPATTI,22.78
28-12-2025,26.5,86.5,MADHUBANI,BIHAR,D109,BENIPATTI,22.67
29-12-2025,26.5,86.5,MADHUBANI,BIHAR,D109,BENIPATTI,22.42
30-12-2025,26.5,86.5,MADHUBANI,BIHAR,D109,BENIPATTI,22.55
31-12-2025,26.5,86.5,MADHUBANI,BIHAR,D109,BENIPATTI,22.52
01-01-2025,26.5,85.5,SITAMARHI,BIHAR,D124,RUNISAIDPUR,21.51
02-01-2025,26.5,85.5,SITAMARHI,BIHAR,D124,RUNISAIDPUR,21.38
03-01-2025,26.5,85.5,SITAMARHI,BIHAR,D124,RUNISAIDPUR,20.98
04-01-2025,26.5,85.5,SITAMARHI,BIHAR,D124,RUNISAIDPUR,21.19
05-01-2025,26.5,85.5,SITAMARHI,BIHAR,D124,RUNISAIDPUR,21.11
06-01-2025,26.5,85.5,SITAMARHI,BIHAR,D124,RUNISAIDPUR,21.28
07-01-2025,26.5,85.5,SITAMARHI,BIHAR,D124,RUNISAIDPUR,21.15
08-01-2025,26.5,85.5,SITAMARHI,BIHAR,D124,RUNISAIDPUR,21.41
09-01-2025,26.5,85.5,SITAMARHI,BIHAR,D124,RUNISAIDPUR,21.1
10-01-2025,26.5,85.5,SITAMARHI,BIHAR,D124,RUNISAIDPUR,21.22
11-01-2025,26.5,85.5,SITAMARHI,BIHAR,D124,RUNISAIDPUR,20.89
12-01-2025,26.5,85.5,SITAMARHI,BIHAR,D124,RUNISAIDPUR,21.09
13-01-2025,26.5,85.5,SITAMARHI,BIHAR,D124,RUNISAIDPUR,21.13
14-01-2025,26.5,85.5,SITAMARHI,BIHAR,D124,RUNISAIDPUR,20.89
15-01-2025,26.5,85.5,SITAMARHI,BIHAR,D124,RUNISAIDPUR,21.2
16-01-2025,26.5,85.5,SITAMARHI,BIHAR,D124,RUNISAIDPUR,21.02
17-01-2025,26.5,85.5,SITAMARHI,BIHAR,D124,RUNISAIDPUR,21.44
18-01-2025,26.5,85.5,SITAMARHI,BIHAR,D124,RUNISAIDPUR,21.71
19-01-2025,26.5,85.5,SITAMARHI,BIHAR,D124,RUNISAIDPUR,21.63
20-01-2025,26.5,85.5,SITAMARHI,BIHAR,D124,RUNISAIDPUR,21.56
21-01-2025,26.5,85.5,SITAMARHI,BIHAR,D124,RUNISAIDPUR,21.39
22-01-2025,26.5,85.5,SITAMARHI,BIHAR,D124,RUNISAIDPUR,21.49
23-01-2025,26.5,85.5,SITAMARHI,BIHAR,D124,RUNISAIDPUR,21.83
24-01-2025,26.5,85.5,SITAMARHI,BIHAR,D124,RUNISAIDPUR,21.93
25-01-2025,26.5,85.5,SITAMARHI,BIHAR,D124,RUNISAIDPUR,22.29
26-01-2025,26.5,85.5,SITAMARHI,BIHAR,D124,RUNISAIDPUR,22.56
27-01-2025,26.5,85.5,SITAMARHI,BIHAR,D124,RUNISAIDPUR,22.76
28-01-2025,26.5,85.5,SITAMARHI,BIHAR,D124,RUNISAIDPUR,22.75
29-01-2025,26.5,85.5,SITAMARHI,BIHAR,D124,RUNISAIDPUR,22.59
30-01-2025,26.5,85.5,SITAMARHI,BIHAR,D124,RUNISAIDPUR,22.95
31-01-2025,26.5,85.5,SITAMARHI,BIHAR,D124,RUNISAIDPUR,23.43
01-02-2025,26.5,85.5,SITAMARHI,BIHAR,D124,RUNISAIDPUR,23.26
02-02-2025,26.5,85.5,SITAMARHI,BIHAR,D124,RUNISAIDPUR,23.37
03-02-2025,26.5,85.5,SITAMARHI,BIHAR,D124,RUNISAIDPUR,24.09
04-02-2025,26.5,85.5,SITAMARHI,BIHAR,D124,RUNISAIDPUR,24.56
05-02-2025,26.5,85.5,SITAMARHI,BIHAR,D124,RUNISAIDPUR,24.5
06-02-2025,26.5,85.5,SITAMARHI,BIHAR,D124,RUNISAIDPUR,24.41
07-02-2025,26.5,85.5,SITAMARHI,BIHAR,D124,RUNISAIDPUR,24.66
08-02-2025,26.5,85.5,SITAMARHI,BIHAR,D124,RUNISAIDPUR,24.35
09-02-2025,26.5,85.5,SITAMARHI,BIHAR,D124,RUNISAIDPUR,24.67
10-02-2025,26.5,85.5,SITAMARHI,BIHAR,D124,RUNISAIDPUR,25.23
11-02-2025,26.5,85.5,SITAMARHI,BIHAR,D124,RUNISAIDPUR,25.4
12-02-2025,26.5,85.5,SITAMARHI,BIHAR,D124,RUNISAIDPUR,25.84
13-02-2025,26.5,85.5,SITAMARHI,BIHAR,D124,RUNISAIDPUR,25.75
14-02-2025,26.5,85.5,SITAMARHI,BIHAR,D124,RUNISAIDPUR,26.12
15-02-2025,26.5,85.5,SITAMARHI,BIHAR,D124,RUNISAIDPUR,26.14
16-02-2025,26.5,85.5,SITAMARHI,BIHAR,D124,RUNISAIDPUR,26.27
17-02-2025,26.5,85.5,SITAMARHI,BIHAR,D124,RUNISAIDPUR,26.63
18-02-2025,26.5,85.5,SITAMARHI,BIHAR,D124,RUNISAIDPUR,27.17
19-02-2025,26.5,85.5,SITAMARHI,BIHAR,D124,RUNISAIDPUR,27.5
20-02-2025,26.5,85.5,SITAMARHI,BIHAR,D124,RUNISAIDPUR,27.59
21-02-2025,26.5,85.5,SITAMARHI,BIHAR,D124,RUNISAIDPUR,27.74
22-02-2025,26.5,85.5,SITAMARHI,BIHAR,D124,RUNISAIDPUR,28.02
23-02-2025,26.5,85.5,SITAMARHI,BIHAR,D124,RUNISAIDPUR,28.43
24-02-2025,26.5,85.5,SITAMARHI,BIHAR,D124,RUNISAIDPUR,28.55
25-02-2025,26.5,85.5,SITAMARHI,BIHAR,D124,RUNISAIDPUR,28.3
26-02-2025,26.5,85.5,SITAMARHI,BIHAR,D124,RUNISAIDPUR,28.25
27-02-2025,26.5,85.5,SITAMARHI,BIHAR,D124,RUNISAIDPUR,28.36
28-02-2025,26.5,85.5,SITAMARHI,BIHAR,D124,RUNISAIDPUR,28.39
29-02-2025,26.5,85.5,SITAMARHI,BIHAR,D124,RUNISAIDPUR,28.32
01-03-2025,26.5,85.5,SITAMARHI,BIHAR,D124,RUNISAIDPUR,28.5
02-03-2025,26.5,85.5,SITAMARHI,BIHAR,D124,RUNISAIDPUR,28.93
03-03-2025,26.5,85.5,SITAMARHI,BIHAR,D124,RUNISAIDPUR,29.24
04-03-2025,26.5,85.5,SITAMARHI,BIHAR,D124,RUNISAIDPUR,29.49
05-03-2025,26.5,85.5,SITAMARHI,BIHAR,D124,RUNISAIDPUR,29.32
06-03-2025,26.5,85.5,SITAMARHI,BIHAR,D124,RUNISAIDPUR,29.17
07-03-2025,26.5,85.5,SITAMARHI,BIHAR,D124,RUNISAIDPUR,29.55
08-03-2025,26.5,85.5,SITAMARHI,BIHAR,D124,RUNISAIDPUR,29.67
09-03-2025,26.5,85.5,SITAMARHI,BIHAR,D124,RUNISAIDPUR,30.13
10-03-2025,26.5,85.5,SITAMARHI,BIHAR,D124,RUNISAIDPUR,30.28
11-03-2025,26.5,85.5,SITAMARHI,BIHAR,D124,RUNISAIDPUR,30.74
12-03-2025,26.5,85.5,SITAMARHI,BIHAR,D124,RUNISAIDPUR,30.9
13-03-2025,26.5,85.5,SITAMARHI,BIHAR,D124,RUNISAIDPUR,30.42
14-03-2025,26.5,85.5,SITAMARHI,BIHAR,D124,RUNISAIDPUR,30.81
15-03-2025,26.5,85.5,SITAMARHI,BIHAR,D124,RUNISAIDPUR,31.16
16-03-2025,26.5,85.5,SITAMARHI,BIHAR,D124,RUNISAIDPUR,31.74
17-03-2025,26.5,85.5,SITAMARHI,BIHAR,D124,RUNISAIDPUR,31.97
18-03-2025,26.5,85.5,SITAMARHI,BIHAR,D124,RUNISAIDPUR,32.41
19-03-2025,26.5,85.5,SITAMARHI,BIHAR,D124,RUNISAIDPUR,32.52
20-03-2025,26.5,85.5,SITAMARHI,BIHAR,D124,RUNISAIDPUR,32.62
21-03-2025,26.5,85.5,SITAMARHI,BIHAR,D124,RUNISAIDPUR,33.07
22-03-2025,26.5,85.5,SITAMARHI,BIHAR,D124,RUNISAIDPUR,33.28
23-03-2025,26.5,85.5,SITAMARHI,BIHAR,D124,RUNISAIDPUR,33.56
24-03-2025,26.5,85.5,SITAMARHI,BIHAR,D124,RUNISAIDPUR,33.78
25-03-2025,26.5,85.5,SITAMARHI,BIHAR,D124,RUNISAIDPUR,34.14
26-03-2025,26.5,85.5,SITAMARHI,BIHAR,D124,RUNISAIDPUR,34.05
27-03-2025,26.5,85.5,SITAMARHI,BIHAR,D124,RUNISAIDPUR,34.11
28-03-2025,26.5,85.5,SITAMARHI,BIHAR,D124,RUNISAIDPUR,34.05
29-03-2025,26.5,85.5,SITAMARHI,BIHAR,D124,RUNISAIDPUR,34.65
30-03-2025,26.5,85.5,SITAMARHI,BIHAR,D124,RUNISAIDPUR,34.58
31-03-2025,26.5,85.5,SITAMARHI,BIHAR,D124,RUNISAIDPUR,34.47
01-04-2025,26.5,85.5,SITAMARHI,BIHAR,D124,RUNISAIDPUR,34.93
02-04-2025,26.5,85.5,SITAMARHI,BIHAR,D124,RUNISAIDPUR,35.25
03-04-2025,26.5,85.5,SITAMARHI,BIHAR,D124,RUNISAIDPUR,35.49
04-04-2025,26.5,85.5,SITAMARHI,BIHAR,D124,RUNISAIDPUR,35.11
05-04-2025,26.5,85.5,SITAMARHI,BIHAR,D124,RUNISAIDPUR,35.47
06-04-2025,26.5,85.5,SITAMARHI,BIHAR,D124,RUNISAIDPUR,36.1
07-04-2025,26.5,85.5,SITAMARHI,BIHAR,D124,RUNISAIDPUR,36.49
08-04-2025,26.5,85.5,SITAMARHI,BIHAR,D124,RUNISAIDPUR,36.55
09-04-2025,26.5,85.5,SITAMARHI,BIHAR,D124,RUNISAIDPUR,36.15
10-04-2025,26.5,85.5,SITAMARHI,BIHAR,D124,RUNISAIDPUR,36.05
11-04-2025,26.5,85.5,SITAMARHI,BIHAR,D124,RUNISAIDPUR,36.6
12-04-2025,26.5,85.5,SITAMARHI,BIHAR,D124,RUNISAIDPUR,36.74
13-04-2025,26.5,85.5,SITAMARHI,BIHAR,D124,RUNISAIDPUR,36.63
14-04-2025,26.5,85.5,SITAMARHI,BIHAR,D124,RUNISAIDPUR,36.91
15-04-2025,26.5,85.5,SITAMARHI,BIHAR,D124,RUNISAIDPUR,36.61
16-04-2025,26.5,85.5,SITAMARHI,BIHAR,D124,RUNISAIDPUR,36.91
17-04-2025,26.5,85.5,SITAMARHI,BIHAR,D124,RUNISAIDPUR,36.4
18-04-2025,26.5,85.5,SITAMARHI,BIHAR,D124,RUNISAIDPUR,36.4
19-04-2025,26.5,85.5,SITAMARHI,BIHAR,D124,RUNISAIDPUR,36.72
20-04-2025,26.5,85.5,SITAMARHI,BIHAR,D124,RUNISAIDPUR,36.49
21-04-2025,26.5,85.5,SITAMARHI,BIHAR,D124,RUNISAIDPUR,36.17
22-04-2025,26.5,85.5,SITAMARHI,BIHAR,D124,RUNISAIDPUR,36.1
23-04-2025,26.5,85.5,SITAMARHI,BIHAR,D124,RUNISAIDPUR,37.04
24-04-2025,26.5,85.5,SITAMARHI,BIHAR,D124,RUNISAIDPUR,37.14
25-04-2025,26.5,85.5,SITAMARHI,BIHAR,D124,RUNISAIDPUR,37.01
26-04-2025,26.5,85.5,SITAMARHI,BIHAR,D124,RUNISAIDPUR,37.19
27-04-2025,26.5,85.5,SITAMARHI,BIHAR,D124,RUNISAIDPUR,36.84
28-04-2025,26.5,85.5,SITAMARHI,BIHAR,D124,RUNISAIDPUR,36.83
29-04-2025,26.5,85.5,SITAMARHI,BIHAR,D124,RUNISAIDPUR,36.81
30-04-2025,26.5,85.5,SITAMARHI,BIHAR,D124,RUNISAIDPUR,36.38
01-05-2025,26.5,85.5,SITAMARHI,BIHAR,D124,RUNISAIDPUR,36.15
02-05-2025,26.5,85.5,SITAMARHI,BIHAR,D124,RUNISAIDPUR,36.13
03-05-2025,26.5,85.5,SITAMARHI,BIHAR,D124,RUNISAIDPUR,35.97
04-05-2025,26.5,85.5,SITAMARHI,BIHAR,D124,RUNISAIDPUR,35.89
05-05-2025,26.5,85.5,SITAMARHI,BIHAR,D124,RUNISAIDPUR,36.05
06-05-2025,26.5,85.5,SITAMARHI,BIHAR,D124,RUNISAIDPUR,36.47
07-05-2025,26.5,85.5,SITAMARHI,BIHAR,D124,RUNISAIDPUR,36.07
08-05-2025,26.5,85.5,SITAMARHI,BIHAR,D124,RUNISAIDPUR,36.89
09-05-2025,26.5,85.5,SITAMARHI,BIHAR,D124,RUNISAIDPUR,36.75
10-05-2025,26.5,85.5,SITAMARHI,BIHAR,D124,RUNISAIDPUR,36.85
11-05-2025,26.5,85.5,SITAMARHI,BIHAR,D124,RUNISAIDPUR,37.25
12-05-2025,26.5,85.5,SITAMARHI,BIHAR,D124,RUNISAIDPUR,36.31
13-05-2025,26.5,85.5,SITAMARHI,BIHAR,D124,RUNISAIDPUR,36.83
14-05-2025,26.5,85.5,SITAMARHI,BIHAR,D124,RUNISAIDPUR,37.17
15-05-2025,26.5,85.5,SITAMARHI,BIHAR,D124,RUNISAIDPUR,36.91
16-05-2025,26.5,85.5,SITAMARHI,BIHAR,D124,RUNISAIDPUR,36.76
17-05-2025,26.5,85.5,SITAMARHI,BIHAR,D124,RUNISAIDPUR,37
18-05-2025,26.5,85.5,SITAMARHI,BIHAR,D124,RUNISAIDPUR,37.22
19-05-2025,26.5,85.5,SITAMARHI,BIHAR,D124,RUNISAIDPUR,36.88
20-05-2025,26.5,85.5,SITAMARHI,BIHAR,D124,RUNISAIDPUR,36.74
21-05-2025,26.5,85.5,SITAMARHI,BIHAR,D124,RUNISAIDPUR,36.69
22-05-2025,26.5,85.5,SITAMARHI,BIHAR,D124,RUNISAIDPUR,36.92
23-05-2025,26.5,85.5,SITAMARHI,BIHAR,D124,RUNISAIDPUR,37.04
24-05-2025,26.5,85.5,SITAMARHI,BIHAR,D124,RUNISAIDPUR,37.04
25-05-2025,26.5,85.5,SITAMARHI,BIHAR,D124,RUNISAIDPUR,36.99
26-05-2025,26.5,85.5,SITAMARHI,BIHAR,D124,RUNISAIDPUR,37.35
27-05-2025,26.5,85.5,SITAMARHI,BIHAR,D124,RUNISAIDPUR,36.62
28-05-2025,26.5,85.5,SITAMARHI,BIHAR,D124,RUNISAIDPUR,36.71
29-05-2025,26.5,85.5,SITAMARHI,BIHAR,D124,RUNISAIDPUR,37.02
30-05-2025,26.5,85.5,SITAMARHI,BIHAR,D124,RUNISAIDPUR,37.43
31-05-2025,26.5,85.5,SITAMARHI,BIHAR,D124,RUNISAIDPUR,37.11
01-06-2025,26.5,85.5,SITAMARHI,BIHAR,D124,RUNISAIDPUR,37.48
02-06-2025,26.5,85.5,SITAMARHI,BIHAR,D124,RUNISAIDPUR,37.66
03-06-2025,26.5,85.5,SITAMARHI,BIHAR,D124,RUNISAIDPUR,37.73
04-06-2025,26.5,85.5,SITAMARHI,BIHAR,D124,RUNISAIDPUR,36.86
05-06-2025,26.5,85.5,SITAMARHI,BIHAR,D124,RUNISAIDPUR,36.85
06-06-2025,26.5,85.5,SITAMARHI,BIHAR,D124,RUNISAIDPUR,36.68
07-06-2025,26.5,85.5,SITAMARHI,BIHAR,D124,RUNISAIDPUR,36.93
08-06-2025,26.5,85.5,SITAMARHI,BIHAR,D124,RUNISAIDPUR,36.42
09-06-2025,26.5,85.5,SITAMARHI,BIHAR,D124,RUNISAIDPUR,37.01
10-06-2025,26.5,85.5,SITAMARHI,BIHAR,D124,RUNISAIDPUR,37.07
11-06-2025,26.5,85.5,SITAMARHI,BIHAR,D124,RUNISAIDPUR,37.09
12-06-2025,26.5,85.5,SITAMARHI,BIHAR,D124,RUNISAIDPUR,37.07
13-06-2025,26.5,85.5,SITAMARHI,BIHAR,D124,RUNISAIDPUR,37.03
14-06-2025,26.5,85.5,SITAMARHI,BIHAR,D124,RUNISAIDPUR,36.43
15-06-2025,26.5,85.5,SITAMARHI,BIHAR,D124,RUNISAIDPUR,36.01
16-06-2025,26.5,85.5,SITAMARHI,BIHAR,D124,RUNISAIDPUR,35.99
17-06-2025,26.5,85.5,SITAMARHI,BIHAR,D124,RUNISAIDPUR,35.89
18-06-2025,26.5,85.5,SITAMARHI,BIHAR,D124,RUNISAIDPUR,35.55
19-06-2025,26.5,85.5,SITAMARHI,BIHAR,D124,RUNISAIDPUR,34.91
20-06-2025,26.5,85.5,SITAMARHI,BIHAR,D124,RUNISAIDPUR,35
21-06-2025,26.5,85.5,SITAMARHI,BIHAR,D124,RUNISAIDPUR,34.88
22-06-2025,26.5,85.5,SITAMARHI,BIHAR,D124,RUNISAIDPUR,35.07
23-06-2025,26.5,85.5,SITAMARHI,BIHAR,D124,RUNISAIDPUR,34.82
24-06-2025,26.5,85.5,SITAMARHI,BIHAR,D124,RUNISAIDPUR,34.61
25-06-2025,26.5,85.5,SITAMARHI,BIHAR,D124,RUNISAIDPUR,34.32
26-06-2025,26.5,85.5,SITAMARHI,BIHAR,D124,RUNISAIDPUR,34.25
27-06-2025,26.5,85.5,SITAMARHI,BIHAR,D124,RUNISAIDPUR,34.19
28-06-2025,26.5,85.5,SITAMARHI,BIHAR,D124,RUNISAIDPUR,33.72
29-06-2025,26.5,85.5,SITAMARHI,BIHAR,D124,RUNISAIDPUR,33.22
30-06-2025,26.5,85.5,SITAMARHI,BIHAR,D124,RUNISAIDPUR,33.1
01-07-2025,26.5,85.5,SITAMARHI,BIHAR,D124,RUNISAIDPUR,33.54
02-07-2025,26.5,85.5,SITAMARHI,BIHAR,D124,RUNISAIDPUR,33.42
03-07-2025,26.5,85.5,SITAMARHI,BIHAR,D124,RUNISAIDPUR,33.62
04-07-2025,26.5,85.5,SITAMARHI,BIHAR,D124,RUNISAIDPUR,33.55
05-07-2025,26.5,85.5,SITAMARHI,BIHAR,D124,RUNISAIDPUR,33.18
06-07-2025,26.5,85.5,SITAMARHI,BIHAR,D124,RUNISAIDPUR,33.64
07-07-2025,26.5,85.5,SITAMARHI,BIHAR,D124,RUNISAIDPUR,33.58
08-07-2025,26.5,85.5,SITAMARHI,BIHAR,D124,RUNISAIDPUR,33.97
09-07-2025,26.5,85.5,SITAMARHI,BIHAR,D124,RUNISAIDPUR,33.76
10-07-2025,26.5,85.5,SITAMARHI,BIHAR,D124,RUNISAIDPUR,33.1
11-07-2025,26.5,85.5,SITAMARHI,BIHAR,D124,RUNISAIDPUR,32.75
12-07-2025,26.5,85.5,SITAMARHI,BIHAR,D124,RUNISAIDPUR,33.21
13-07-2025,26.5,85.5,SITAMARHI,BIHAR,D124,RUNISAIDPUR,33.62
14-07-2025,26.5,85.5,SITAMARHI,BIHAR,D124,RUNISAIDPUR,33.76
15-07-2025,26.5,85.5,SITAMARHI,BIHAR,D124,RUNISAIDPUR,33.55
16-07-2025,26.5,85.5,SITAMARHI,BIHAR,D124,RUNISAIDPUR,33.44
17-07-2025,26.5,85.5,SITAMARHI,BIHAR,D124,RUNISAIDPUR,33.54
18-07-2025,26.5,85.5,SITAMARHI,BIHAR,D124,RUNISAIDPUR,33.89
19-07-2025,26.5,85.5,SITAMARHI,BIHAR,D124,RUNISAIDPUR,33.76
20-07-2025,26.5,85.5,SITAMARHI,BIHAR,D124,RUNISAIDPUR,33.36
21-07-2025,26.5,85.5,SITAMARHI,BIHAR,D124,RUNISAIDPUR,33.27
22-07-2025,26.5,85.5,SITAMARHI,BIHAR,D124,RUNISAIDPUR,33.34
23-07-2025,26.5,85.5,SITAMARHI,BIHAR,D124,RUNISAIDPUR,33.45
24-07-2025,26.5,85.5,SITAMARHI,BIHAR,D124,RUNISAIDPUR,33.38
25-07-2025,26.5,85.5,SITAMARHI,BIHAR,D124,RUNISAIDPUR,33.64
26-07-2025,26.5,85.5,SITAMARHI,BIHAR,D124,RUNISAIDPUR,33.53
27-07-2025,26.5,85.5,SITAMARHI,BIHAR,D124,RUNISAIDPUR,32.98
28-07-2025,26.5,85.5,SITAMARHI,BIHAR,D124,RUNISAIDPUR,33.43
29-07-2025,26.5,85.5,SITAMARHI,BIHAR,D124,RUNISAIDPUR,33.47
30-07-2025,26.5,85.5,SITAMARHI,BIHAR,D124,RUNISAIDPUR,33.27
31-07-2025,26.5,85.5,SITAMARHI,BIHAR,D124,RUNISAIDPUR,33.2
01-08-2025,26.5,85.5,SITAMARHI,BIHAR,D124,RUNISAIDPUR,33.31
02-08-2025,26.5,85.5,SITAMARHI,BIHAR,D124,RUNISAIDPUR,33.48
03-08-2025,26.5,85.5,SITAMARHI,BIHAR,D124,RUNISAIDPUR,33.08
04-08-2025,26.5,85.5,SITAMARHI,BIHAR,D124,RUNISAIDPUR,33.68
05-08-2025,26.5,85.5,SITAMARHI,BIHAR,D124,RUNISAIDPUR,33.65
06-08-2025,26.5,85.5,SITAMARHI,BIHAR,D124,RUNISAIDPUR,33.63
07-08-2025,26.5,85.5,SITAMARHI,BIHAR,D124,RUNISAIDPUR,33.92
08-08-2025,26.5,85.5,SITAMARHI,BIHAR,D124,RUNISAIDPUR,33.45
09-08-2025,26.5,85.5,SITAMARHI,BIHAR,D124,RUNISAIDPUR,33.63
10-08-2025,26.5,85.5,SITAMARHI,BIHAR,D124,RUNISAIDPUR,33.64
11-08-2025,26.5,85.5,SITAMARHI,BIHAR,D124,RUNISAIDPUR,33.41
12-08-2025,26.5,85.5,SITAMARHI,BIHAR,D124,RUNISAIDPUR,32.98
13-08-2025,26.5,85.5,SITAMARHI,BIHAR,D124,RUNISAIDPUR,32.59
14-08-2025,26.5,85.5,SITAMARHI,BIHAR,D124,RUNISAIDPUR,32.52
15-08-2025,26.5,85.5,SITAMARHI,BIHAR,D124,RUNISAIDPUR,32.85
16-08-2025,26.5,85.5,SITAMARHI,BIHAR,D124,RUNISAIDPUR,33.35
17-08-2025,26.5,85.5,SITAMARHI,BIHAR,D124,RUNISAIDPUR,33.32
18-08-2025,26.5,85.5,SITAMARHI,BIHAR,D124,RUNISAIDPUR,33.1
19-08-2025,26.5,85.5,SITAMARHI,BIHAR,D124,RUNISAIDPUR,33.09
20-08-2025,26.5,85.5,SITAMARHI,BIHAR,D124,RUNISAIDPUR,32.76
21-08-2025,26.5,85.5,SITAMARHI,BIHAR,D124,RUNISAIDPUR,32.98
22-08-2025,26.5,85.5,SITAMARHI,BIHAR,D124,RUNISAIDPUR,33.3
23-08-2025,26.5,85.5,SITAMARHI,BIHAR,D124,RUNISAIDPUR,32.9
24-08-2025,26.5,85.5,SITAMARHI,BIHAR,D124,RUNISAIDPUR,32.94
25-08-2025,26.5,85.5,SITAMARHI,BIHAR,D124,RUNISAIDPUR,33.18
26-08-2025,26.5,85.5,SITAMARHI,BIHAR,D124,RUNISAIDPUR,33.44
27-08-2025,26.5,85.5,SITAMARHI,BIHAR,D124,RUNISAIDPUR,33.14
28-08-2025,26.5,85.5,SITAMARHI,BIHAR,D124,RUNISAIDPUR,33.22
29-08-2025,26.5,85.5,SITAMARHI,BIHAR,D124,RUNISAIDPUR,33.33
30-08-2025,26.5,85.5,SITAMARHI,BIHAR,D124,RUNISAIDPUR,33.57
31-08-2025,26.5,85.5,SITAMARHI,BIHAR,D124,RUNISAIDPUR,33.25
01-09-2025,26.5,85.5,SITAMARHI,BIHAR,D124,RUNISAIDPUR,33.25
02-09-2025,26.5,85.5,SITAMARHI,BIHAR,D124,RUNISAIDPUR,33.21
03-09-2025,26.5,85.5,SITAMARHI,BIHAR,D124,RUNISAIDPUR,33.55
04-09-2025,26.5,85.5,SITAMARHI,BIHAR,D124,RUNISAIDPUR,33.64
05-09-2025,26.5,85.5,SITAMARHI,BIHAR,D124,RUNISAIDPUR,33.44
06-09-2025,26.5,85.5,SITAMARHI,BIHAR,D124,RUNISAIDPUR,33.39
07-09-2025,26.5,85.5,SITAMARHI,BIHAR,D124,RUNISAIDPUR,33.27
08-09-2025,26.5,85.5,SITAMARHI,BIHAR,D124,RUNISAIDPUR,33.43
09-09-2025,26.5,85.5,SITAMARHI,BIHAR,D124,RUNISAIDPUR,33.19
10-09-2025,26.5,85.5,SITAMARHI,BIHAR,D124,RUNISAIDPUR,33.21
11-09-2025,26.5,85.5,SITAMARHI,BIHAR,D124,RUNISAIDPUR,33.14
12-09-2025,26.5,85.5,SITAMARHI,BIHAR,D124,RUNISAIDPUR,32.91
13-09-2025,26.5,85.5,SITAMARHI,BIHAR,D124,RUNISAIDPUR,33.2
14-09-2025,26.5,85.5,SITAMARHI,BIHAR,D124,RUNISAIDPUR,32.78
15-09-2025,26.5,85.5,SITAMARHI,BIHAR,D124,RUNISAIDPUR,32.68
16-09-2025,26.5,85.5,SITAMARHI,BIHAR,D124,RUNISAIDPUR,33.04
17-09-2025,26.5,85.5,SITAMARHI,BIHAR,D124,RUNISAIDPUR,33.29
18-09-2025,26.5,85.5,SITAMARHI,BIHAR,D124,RUNISAIDPUR,33.09
19-09-2025,26.5,85.5,SITAMARHI,BIHAR,D124,RUNISAIDPUR,33.51
20-09-2025,26.5,85.5,SITAMARHI,BIHAR,D124,RUNISAIDPUR,33.08
21-09-2025,26.5,85.5,SITAMARHI,BIHAR,D124,RUNISAIDPUR,32.88
22-09-2025,26.5,85.5,SITAMARHI,BIHAR,D124,RUNISAIDPUR,32.52
23-09-2025,26.5,85.5,SITAMARHI,BIHAR,D124,RUNISAIDPUR,32.46
24-09-2025,26.5,85.5,SITAMARHI,BIHAR,D124,RUNISAIDPUR,32.39
25-09-2025,26.5,85.5,SITAMARHI,BIHAR,D124,RUNISAIDPUR,31.88
26-09-2025,26.5,85.5,SITAMARHI,BIHAR,D124,RUNISAIDPUR,31.9
27-09-2025,26.5,85.5,SITAMARHI,BIHAR,D124,RUNISAIDPUR,32.45
28-09-2025,26.5,85.5,SITAMARHI,BIHAR,D124,RUNISAIDPUR,32.7
29-09-2025,26.5,85.5,SITAMARHI,BIHAR,D124,RUNISAIDPUR,32.84
30-09-2025,26.5,85.5,SITAMARHI,BIHAR,D124,RUNISAIDPUR,32.44
01-10-2025,26.5,85.5,SITAMARHI,BIHAR,D124,RUNISAIDPUR,32.94
02-10-2025,26.5,85.5,SITAMARHI,BIHAR,D124,RUNISAIDPUR,32.75
03-10-2025,26.5,85.5,SITAMARHI,BIHAR,D124,RUNISAIDPUR,32.46
04-10-2025,26.5,85.5,SITAMARHI,BIHAR,D124,RUNISAIDPUR,32.25
05-10-2025,26.5,85.5,SITAMARHI,BIHAR,D124,RUNISAIDPUR,32.39
06-10-2025,26.5,85.5,SITAMARHI,BIHAR,D124,RUNISAIDPUR,32.53
07-10-2025,26.5,85.5,SITAMARHI,BIHAR,D124,RUNISAIDPUR,32.49
08-10-2025,26.5,85.5,SITAMARHI,BIHAR,D124,RUNISAIDPUR,32.45
09-10-2025,26.5,85.5,SITAMARHI,BIHAR,D124,RUNISAIDPUR,32.65
10-10-2025,26.5,85.5,SITAMARHI,BIHAR,D124,RUNISAIDPUR,32.65
11-10-2025,26.5,85.5,SITAMARHI,BIHAR,D124,RUNISAIDPUR,32.65
12-10-2025,26.5,85.5,SITAMARHI,BIHAR,D124,RUNISAIDPUR,32.49
13-10-2025,26.5,85.5,SITAMARHI,BIHAR,D124,RUNISAIDPUR,32.48
14-10-2025,26.5,85.5,SITAMARHI,BIHAR,D124,RUNISAIDPUR,32.26
15-10-2025,26.5,85.5,SITAMARHI,BIHAR,D124,RUNISAIDPUR,32.37
16-10-2025,26.5,85.5,SITAMARHI,BIHAR,D124,RUNISAIDPUR,32.51
17-10-2025,26.5,85.5,SITAMARHI,BIHAR,D124,RUNISAIDPUR,32.29
18-10-2025,26.5,85.5,SITAMARHI,BIHAR,D124,RUNISAIDPUR,31.81
19-10-2025,26.5,85.5,SITAMARHI,BIHAR,D124,RUNISAIDPUR,31.79
20-10-2025,26.5,85.5,SITAMARHI,BIHAR,D124,RUNISAIDPUR,31.47
21-10-2025,26.5,85.5,SITAMARHI,BIHAR,D124,RUNISAIDPUR,31.42
22-10-2025,26.5,85.5,SITAMARHI,BIHAR,D124,RUNISAIDPUR,31.52
23-10-2025,26.5,85.5,SITAMARHI,BIHAR,D124,RUNISAIDPUR,31.63
24-10-2025,26.5,85.5,SITAMARHI,BIHAR,D124,RUNISAIDPUR,31.17
25-10-2025,26.5,85.5,SITAMARHI,BIHAR,D124,RUNISAIDPUR,30.66
26-10-2025,26.5,85.5,SITAMARHI,BIHAR,D124,RUNISAIDPUR,30.84
27-10-2025,26.5,85.5,SITAMARHI,BIHAR,D124,RUNISAIDPUR,30.99
28-10-2025,26.5,85.5,SITAMARHI,BIHAR,D124,RUNISAIDPUR,30.81
29-10-2025,26.5,85.5,SITAMARHI,BIHAR,D124,RUNISAIDPUR,30.72
30-10-2025,26.5,85.5,SITAMARHI,BIHAR,D124,RUNISAIDPUR,30.75
31-10-2025,26.5,85.5,SITAMARHI,BIHAR,D124,RUNISAIDPUR,30.78
01-11-2025,26.5,85.5,SITAMARHI,BIHAR,D124,RUNISAIDPUR,30.61
02-11-2025,26.5,85.5,SITAMARHI,BIHAR,D124,RUNISAIDPUR,30.61
03-11-2025,26.5,85.5,SITAMARHI,BIHAR,D124,RUNISAIDPUR,30.42
04-11-2025,26.5,85.5,SITAMARHI,BIHAR,D124,RUNISAIDPUR,30.51
05-11-2025,26.5,85.5,SITAMARHI,BIHAR,D124,RUNISAIDPUR,30.5
06-11-2025,26.5,85.5,SITAMARHI,BIHAR,D124,RUNISAIDPUR,30.4
07-11-2025,26.5,85.5,SITAMARHI,BIHAR,D124,RUNISAIDPUR,30.53
08-11-2025,26.5,85.5,SITAMARHI,BIHAR,D124,RUNISAIDPUR,30.59
09-11-2025,26.5,85.5,SITAMARHI,BIHAR,D124,RUNISAIDPUR,30.39
10-11-2025,26.5,85.5,SITAMARHI,BIHAR,D124,RUNISAIDPUR,29.52
11-11-2025,26.5,85.5,SITAMARHI,BIHAR,D124,RUNISAIDPUR,29.24
12-11-2025,26.5,85.5,SITAMARHI,BIHAR,D124,RUNISAIDPUR,29.18
13-11-2025,26.5,85.5,SITAMARHI,BIHAR,D124,RUNISAIDPUR,29.09
14-11-2025,26.5,85.5,SITAMARHI,BIHAR,D124,RUNISAIDPUR,29.32
15-11-2025,26.5,85.5,SITAMARHI,BIHAR,D124,RUNISAIDPUR,29.25
16-11-2025,26.5,85.5,SITAMARHI,BIHAR,D124,RUNISAIDPUR,29.08
17-11-2025,26.5,85.5,SITAMARHI,BIHAR,D124,RUNISAIDPUR,29.02
18-11-2025,26.5,85.5,SITAMARHI,BIHAR,D124,RUNISAIDPUR,28.82
19-11-2025,26.5,85.5,SITAMARHI,BIHAR,D124,RUNISAIDPUR,28.91
20-11-2025,26.5,85.5,SITAMARHI,BIHAR,D124,RUNISAIDPUR,28.51
21-11-2025,26.5,85.5,SITAMARHI,BIHAR,D124,RUNISAIDPUR,28.33
22-11-2025,26.5,85.5,SITAMARHI,BIHAR,D124,RUNISAIDPUR,27.76
23-11-2025,26.5,85.5,SITAMARHI,BIHAR,D124,RUNISAIDPUR,27.94
24-11-2025,26.5,85.5,SITAMARHI,BIHAR,D124,RUNISAIDPUR,27.72
25-11-2025,26.5,85.5,SITAMARHI,BIHAR,D124,RUNISAIDPUR,27.7
26-11-2025,26.5,85.5,SITAMARHI,BIHAR,D124,RUNISAIDPUR,27.68
27-11-2025,26.5,85.5,SITAMARHI,BIHAR,D124,RUNISAIDPUR,27.43
28-11-2025,26.5,85.5,SITAMARHI,BIHAR,D124,RUNISAIDPUR,27.4
29-11-2025,26.5,85.5,SITAMARHI,BIHAR,D124,RUNISAIDPUR,27.33
30-11-2025,26.5,85.5,SITAMARHI,BIHAR,D124,RUNISAIDPUR,27.26
01-12-2025,26.5,85.5,SITAMARHI,BIHAR,D124,RUNISAIDPUR,27.17
02-12-2025,26.5,85.5,SITAMARHI,BIHAR,D124,RUNISAIDPUR,26.98
03-12-2025,26.5,85.5,SITAMARHI,BIHAR,D124,RUNISAIDPUR,26.55
04-12-2025,26.5,85.5,SITAMARHI,BIHAR,D124,RUNISAIDPUR,26.36
05-12-2025,26.5,85.5,SITAMARHI,BIHAR,D124,RUNISAIDPUR,26.17
06-12-2025,26.5,85.5,SITAMARHI,BIHAR,D124,RUNISAIDPUR,26.08
07-12-2025,26.5,85.5,SITAMARHI,BIHAR,D124,RUNISAIDPUR,25.76
08-12-2025,26.5,85.5,SITAMARHI,BIHAR,D124,RUNISAIDPUR,25.48
09-12-2025,26.5,85.5,SITAMARHI,BIHAR,D124,RUNISAIDPUR,25.2
10-12-2025,26.5,85.5,SITAMARHI,BIHAR,D124,RUNISAIDPUR,24.98
11-12-2025,26.5,85.5,SITAMARHI,BIHAR,D124,RUNISAIDPUR,24.83
12-12-2025,26.5,85.5,SITAMARHI,BIHAR,D124,RUNISAIDPUR,24.78
13-12-2025,26.5,85.5,SITAMARHI,BIHAR,D124,RUNISAIDPUR,24.38
14-12-2025,26.5,85.5,SITAMARHI,BIHAR,D124,RUNISAIDPUR,24.28
15-12-2025,26.5,85.5,SITAMARHI,BIHAR,D124,RUNISAIDPUR,24.31
16-12-2025,26.5,85.5,SITAMARHI,BIHAR,D124,RUNISAIDPUR,23.97
17-12-2025,26.5,85.5,SITAMARHI,BIHAR,D124,RUNISAIDPUR,23.6
18-12-2025,26.5,85.5,SITAMARHI,BIHAR,D124,RUNISAIDPUR,23.26
19-12-2025,26.5,85.5,SITAMARHI,BIHAR,D124,RUNISAIDPUR,23.28
20-12-2025,26.5,85.5,SITAMARHI,BIHAR,D124,RUNISAIDPUR,22.88
21-12-2025,26.5,85.5,SITAMARHI,BIHAR,D124,RUNISAIDPUR,22.82
22-12-2025,26.5,85.5,SITAMARHI,BIHAR,D124,RUNISAIDPUR,22.77
23-12-2025,26.5,85.5,SITAMARHI,BIHAR,D124,RUNISAIDPUR,22.93
24-12-2025,26.5,85.5,SITAMARHI,BIHAR,D124,RUNISAIDPUR,23.23
25-12-2025,26.5,85.5,SITAMARHI,BIHAR,D124,RUNISAIDPUR,22.98
26-12-2025,26.5,85.5,SITAMARHI,BIHAR,D124,RUNISAIDPUR,22.37
27-12-2025,26.5,85.5,SITAMARHI,BIHAR,D124,RUNISAIDPUR,22.31
28-12-2025,26.5,85.5,SITAMARHI,BIHAR,D124,RUNISAIDPUR,22.11
29-12-2025,26.5,85.5,SITAMARHI,BIHAR,D124,RUNISAIDPUR,21.94
30-12-2025,26.5,85.5,SITAMARHI,BIHAR,D124,RUNISAIDPUR,21.83
31-12-2025,26.5,85.5,SITAMARHI,BIHAR,D124,RUNISAIDPUR,21.79
01-01-2025,25.5,85.5,VAISHALI,BIHAR,D127,RAGHOPUR,21.71
02-01-2025,25.5,85.5,VAISHALI,BIHAR,D127,RAGHOPUR,21.61
03-01-2025,25.5,85.5,VAISHALI,BIHAR,D127,RAGHOPUR,21.4
04-01-2025,25.5,85.5,VAISHALI,BIHAR,D127,RAGHOPUR,21.51
05-01-2025,25.5,85.5,VAISHALI,BIHAR,D127,RAGHOPUR,21.44
06-01-2025,25.5,85.5,VAISHALI,BIHAR,D127,RAGHOPUR,21.36
07-01-2025,25.5,85.5,VAISHALI,BIHAR,D127,RAGHOPUR,21.31
08-01-2025,25.5,85.5,VAISHALI,BIHAR,D127,RAGHOPUR,21.68
09-01-2025,25.5,85.5,VAISHALI,BIHAR,D127,RAGHOPUR,21.58
10-01-2025,25.5,85.5,VAISHALI,BIHAR,D127,RAGHOPUR,21.62
11-01-2025,25.5,85.5,VAISHALI,BIHAR,D127,RAGHOPUR,21.15
12-01-2025,25.5,85.5,VAISHALI,BIHAR,D127,RAGHOPUR,21.24
13-01-2025,25.5,85.5,VAISHALI,BIHAR,D127,RAGHOPUR,21.34
14-01-2025,25.5,85.5,VAISHALI,BIHAR,D127,RAGHOPUR,21.32
15-01-2025,25.5,85.5,VAISHALI,BIHAR,D127,RAGHOPUR,21.56
16-01-2025,25.5,85.5,VAISHALI,BIHAR,D127,RAGHOPUR,21.44
17-01-2025,25.5,85.5,VAISHALI,BIHAR,D127,RAGHOPUR,21.61
18-01-2025,25.5,85.5,VAISHALI,BIHAR,D127,RAGHOPUR,21.91
19-01-2025,25.5,85.5,VAISHALI,BIHAR,D127,RAGHOPUR,21.73
20-01-2025,25.5,85.5,VAISHALI,BIHAR,D127,RAGHOPUR,21.77
21-01-2025,25.5,85.5,VAISHALI,BIHAR,D127,RAGHOPUR,21.84
22-01-2025,25.5,85.5,VAISHALI,BIHAR,D127,RAGHOPUR,21.83
23-01-2025,25.5,85.5,VAISHALI,BIHAR,D127,RAGHOPUR,22.26
24-01-2025,25.5,85.5,VAISHALI,BIHAR,D127,RAGHOPUR,22.3
25-01-2025,25.5,85.5,VAISHALI,BIHAR,D127,RAGHOPUR,22.75
26-01-2025,25.5,85.5,VAISHALI,BIHAR,D127,RAGHOPUR,22.86
27-01-2025,25.5,85.5,VAISHALI,BIHAR,D127,RAGHOPUR,23.13
28-01-2025,25.5,85.5,VAISHALI,BIHAR,D127,RAGHOPUR,23.21
29-01-2025,25.5,85.5,VAISHALI,BIHAR,D127,RAGHOPUR,22.76
30-01-2025,25.5,85.5,VAISHALI,BIHAR,D127,RAGHOPUR,23.45
31-01-2025,25.5,85.5,VAISHALI,BIHAR,D127,RAGHOPUR,23.76
01-02-2025,25.5,85.5,VAISHALI,BIHAR,D127,RAGHOPUR,23.72
02-02-2025,25.5,85.5,VAISHALI,BIHAR,D127,RAGHOPUR,24.02
03-02-2025,25.5,85.5,VAISHALI,BIHAR,D127,RAGHOPUR,24.68
04-02-2025,25.5,85.5,VAISHALI,BIHAR,D127,RAGHOPUR,25
05-02-2025,25.5,85.5,VAISHALI,BIHAR,D127,RAGHOPUR,25.08
06-02-2025,25.5,85.5,VAISHALI,BIHAR,D127,RAGHOPUR,25.13
07-02-2025,25.5,85.5,VAISHALI,BIHAR,D127,RAGHOPUR,25.36
08-02-2025,25.5,85.5,VAISHALI,BIHAR,D127,RAGHOPUR,25.03
09-02-2025,25.5,85.5,VAISHALI,BIHAR,D127,RAGHOPUR,25.27
10-02-2025,25.5,85.5,VAISHALI,BIHAR,D127,RAGHOPUR,25.63
11-02-2025,25.5,85.5,VAISHALI,BIHAR,D127,RAGHOPUR,25.84
12-02-2025,25.5,85.5,VAISHALI,BIHAR,D127,RAGHOPUR,26.23
13-02-2025,25.5,85.5,VAISHALI,BIHAR,D127,RAGHOPUR,26.08
14-02-2025,25.5,85.5,VAISHALI,BIHAR,D127,RAGHOPUR,26.72
15-02-2025,25.5,85.5,VAISHALI,BIHAR,D127,RAGHOPUR,26.61
16-02-2025,25.5,85.5,VAISHALI,BIHAR,D127,RAGHOPUR,26.66
17-02-2025,25.5,85.5,VAISHALI,BIHAR,D127,RAGHOPUR,26.95
18-02-2025,25.5,85.5,VAISHALI,BIHAR,D127,RAGHOPUR,27.5
19-02-2025,25.5,85.5,VAISHALI,BIHAR,D127,RAGHOPUR,27.98
20-02-2025,25.5,85.5,VAISHALI,BIHAR,D127,RAGHOPUR,27.89
21-02-2025,25.5,85.5,VAISHALI,BIHAR,D127,RAGHOPUR,28.22
22-02-2025,25.5,85.5,VAISHALI,BIHAR,D127,RAGHOPUR,28.36
23-02-2025,25.5,85.5,VAISHALI,BIHAR,D127,RAGHOPUR,28.85
24-02-2025,25.5,85.5,VAISHALI,BIHAR,D127,RAGHOPUR,29.12
25-02-2025,25.5,85.5,VAISHALI,BIHAR,D127,RAGHOPUR,28.74
26-02-2025,25.5,85.5,VAISHALI,BIHAR,D127,RAGHOPUR,28.57
27-02-2025,25.5,85.5,VAISHALI,BIHAR,D127,RAGHOPUR,28.67
28-02-2025,25.5,85.5,VAISHALI,BIHAR,D127,RAGHOPUR,28.91
29-02-2025,25.5,85.5,VAISHALI,BIHAR,D127,RAGHOPUR,28.91
01-03-2025,25.5,85.5,VAISHALI,BIHAR,D127,RAGHOPUR,28.96
02-03-2025,25.5,85.5,VAISHALI,BIHAR,D127,RAGHOPUR,29.29
03-03-2025,25.5,85.5,VAISHALI,BIHAR,D127,RAGHOPUR,29.7
04-03-2025,25.5,85.5,VAISHALI,BIHAR,D127,RAGHOPUR,30.04
05-03-2025,25.5,85.5,VAISHALI,BIHAR,D127,RAGHOPUR,29.68
06-03-2025,25.5,85.5,VAISHALI,BIHAR,D127,RAGHOPUR,29.58
07-03-2025,25.5,85.5,VAISHALI,BIHAR,D127,RAGHOPUR,30.01
08-03-2025,25.5,85.5,VAISHALI,BIHAR,D127,RAGHOPUR,30.06
09-03-2025,25.5,85.5,VAISHALI,BIHAR,D127,RAGHOPUR,30.43
10-03-2025,25.5,85.5,VAISHALI,BIHAR,D127,RAGHOPUR,30.52
11-03-2025,25.5,85.5,VAISHALI,BIHAR,D127,RAGHOPUR,31.02
12-03-2025,25.5,85.5,VAISHALI,BIHAR,D127,RAGHOPUR,31.4
13-03-2025,25.5,85.5,VAISHALI,BIHAR,D127,RAGHOPUR,30.67
14-03-2025,25.5,85.5,VAISHALI,BIHAR,D127,RAGHOPUR,31.09
15-03-2025,25.5,85.5,VAISHALI,BIHAR,D127,RAGHOPUR,31.48
16-03-2025,25.5,85.5,VAISHALI,BIHAR,D127,RAGHOPUR,31.84
17-03-2025,25.5,85.5,VAISHALI,BIHAR,D127,RAGHOPUR,32.2
18-03-2025,25.5,85.5,VAISHALI,BIHAR,D127,RAGHOPUR,32.7
19-03-2025,25.5,85.5,VAISHALI,BIHAR,D127,RAGHOPUR,32.73
20-03-2025,25.5,85.5,VAISHALI,BIHAR,D127,RAGHOPUR,32.9
21-03-2025,25.5,85.5,VAISHALI,BIHAR,D127,RAGHOPUR,33.31
22-03-2025,25.5,85.5,VAISHALI,BIHAR,D127,RAGHOPUR,33.8
23-03-2025,25.5,85.5,VAISHALI,BIHAR,D127,RAGHOPUR,34.03
24-03-2025,25.5,85.5,VAISHALI,BIHAR,D127,RAGHOPUR,34.13
25-03-2025,25.5,85.5,VAISHALI,BIHAR,D127,RAGHOPUR,34.43
26-03-2025,25.5,85.5,VAISHALI,BIHAR,D127,RAGHOPUR,34.49
27-03-2025,25.5,85.5,VAISHALI,BIHAR,D127,RAGHOPUR,34.65
28-03-2025,25.5,85.5,VAISHALI,BIHAR,D127,RAGHOPUR,34.59
29-03-2025,25.5,85.5,VAISHALI,BIHAR,D127,RAGHOPUR,35.17
30-03-2025,25.5,85.5,VAISHALI,BIHAR,D127,RAGHOPUR,35.03
31-03-2025,25.5,85.5,VAISHALI,BIHAR,D127,RAGHOPUR,34.9
01-04-2025,25.5,85.5,VAISHALI,BIHAR,D127,RAGHOPUR,35.34
02-04-2025,25.5,85.5,VAISHALI,BIHAR,D127,RAGHOPUR,35.78
03-04-2025,25.5,85.5,VAISHALI,BIHAR,D127,RAGHOPUR,35.97
04-04-2025,25.5,85.5,VAISHALI,BIHAR,D127,RAGHOPUR,35.6
05-04-2025,25.5,85.5,VAISHALI,BIHAR,D127,RAGHOPUR,35.82
06-04-2025,25.5,85.5,VAISHALI,BIHAR,D127,RAGHOPUR,36.59
07-04-2025,25.5,85.5,VAISHALI,BIHAR,D127,RAGHOPUR,37.05
08-04-2025,25.5,85.5,VAISHALI,BIHAR,D127,RAGHOPUR,36.9
09-04-2025,25.5,85.5,VAISHALI,BIHAR,D127,RAGHOPUR,36.76
10-04-2025,25.5,85.5,VAISHALI,BIHAR,D127,RAGHOPUR,36.69
11-04-2025,25.5,85.5,VAISHALI,BIHAR,D127,RAGHOPUR,37.06
12-04-2025,25.5,85.5,VAISHALI,BIHAR,D127,RAGHOPUR,37.27
13-04-2025,25.5,85.5,VAISHALI,BIHAR,D127,RAGHOPUR,37.08
14-04-2025,25.5,85.5,VAISHALI,BIHAR,D127,RAGHOPUR,37.42
15-04-2025,25.5,85.5,VAISHALI,BIHAR,D127,RAGHOPUR,37.2
16-04-2025,25.5,85.5,VAISHALI,BIHAR,D127,RAGHOPUR,37.7
17-04-2025,25.5,85.5,VAISHALI,BIHAR,D127,RAGHOPUR,37.37
18-04-2025,25.5,85.5,VAISHALI,BIHAR,D127,RAGHOPUR,37.52
19-04-2025,25.5,85.5,VAISHALI,BIHAR,D127,RAGHOPUR,37.59
20-04-2025,25.5,85.5,VAISHALI,BIHAR,D127,RAGHOPUR,37.43
21-04-2025,25.5,85.5,VAISHALI,BIHAR,D127,RAGHOPUR,37.04
22-04-2025,25.5,85.5,VAISHALI,BIHAR,D127,RAGHOPUR,36.88
23-04-2025,25.5,85.5,VAISHALI,BIHAR,D127,RAGHOPUR,37.85
24-04-2025,25.5,85.5,VAISHALI,BIHAR,D127,RAGHOPUR,37.7
25-04-2025,25.5,85.5,VAISHALI,BIHAR,D127,RAGHOPUR,37.7
26-04-2025,25.5,85.5,VAISHALI,BIHAR,D127,RAGHOPUR,37.71
27-04-2025,25.5,85.5,VAISHALI,BIHAR,D127,RAGHOPUR,37.46
28-04-2025,25.5,85.5,VAISHALI,BIHAR,D127,RAGHOPUR,37.39
29-04-2025,25.5,85.5,VAISHALI,BIHAR,D127,RAGHOPUR,37.46
30-04-2025,25.5,85.5,VAISHALI,BIHAR,D127,RAGHOPUR,37.15
01-05-2025,25.5,85.5,VAISHALI,BIHAR,D127,RAGHOPUR,36.76
02-05-2025,25.5,85.5,VAISHALI,BIHAR,D127,RAGHOPUR,36.62
03-05-2025,25.5,85.5,VAISHALI,BIHAR,D127,RAGHOPUR,36.45
04-05-2025,25.5,85.5,VAISHALI,BIHAR,D127,RAGHOPUR,36.35
05-05-2025,25.5,85.5,VAISHALI,BIHAR,D127,RAGHOPUR,36.51
06-05-2025,25.5,85.5,VAISHALI,BIHAR,D127,RAGHOPUR,37.15
07-05-2025,25.5,85.5,VAISHALI,BIHAR,D127,RAGHOPUR,36.75
08-05-2025,25.5,85.5,VAISHALI,BIHAR,D127,RAGHOPUR,37.27
09-05-2025,25.5,85.5,VAISHALI,BIHAR,D127,RAGHOPUR,37.46
10-05-2025,25.5,85.5,VAISHALI,BIHAR,D127,RAGHOPUR,37.19
11-05-2025,25.5,85.5,VAISHALI,BIHAR,D127,RAGHOPUR,37.71
12-05-2025,25.5,85.5,VAISHALI,BIHAR,D127,RAGHOPUR,37.02
13-05-2025,25.5,85.5,VAISHALI,BIHAR,D127,RAGHOPUR,37.57
14-05-2025,25.5,85.5,VAISHALI,BIHAR,D127,RAGHOPUR,37.8
15-05-2025,25.5,85.5,VAISHALI,BIHAR,D127,RAGHOPUR,37.49
16-05-2025,25.5,85.5,VAISHALI,BIHAR,D127,RAGHOPUR,37.5
17-05-2025,25.5,85.5,VAISHALI,BIHAR,D127,RAGHOPUR,37.72
18-05-2025,25.5,85.5,VAISHALI,BIHAR,D127,RAGHOPUR,37.84
19-05-2025,25.5,85.5,VAISHALI,BIHAR,D127,RAGHOPUR,37.69
20-05-2025,25.5,85.5,VAISHALI,BIHAR,D127,RAGHOPUR,37.42
21-05-2025,25.5,85.5,VAISHALI,BIHAR,D127,RAGHOPUR,37.49
22-05-2025,25.5,85.5,VAISHALI,BIHAR,D127,RAGHOPUR,37.89
23-05-2025,25.5,85.5,VAISHALI,BIHAR,D127,RAGHOPUR,37.85
24-05-2025,25.5,85.5,VAISHALI,BIHAR,D127,RAGHOPUR,38.06
25-05-2025,25.5,85.5,VAISHALI,BIHAR,D127,RAGHOPUR,37.62
26-05-2025,25.5,85.5,VAISHALI,BIHAR,D127,RAGHOPUR,37.92
27-05-2025,25.5,85.5,VAISHALI,BIHAR,D127,RAGHOPUR,37.06
28-05-2025,25.5,85.5,VAISHALI,BIHAR,D127,RAGHOPUR,37.4
29-05-2025,25.5,85.5,VAISHALI,BIHAR,D127,RAGHOPUR,37.61
30-05-2025,25.5,85.5,VAISHALI,BIHAR,D127,RAGHOPUR,37.9
31-05-2025,25.5,85.5,VAISHALI,BIHAR,D127,RAGHOPUR,37.81
01-06-2025,25.5,85.5,VAISHALI,BIHAR,D127,RAGHOPUR,38.06
02-06-2025,25.5,85.5,VAISHALI,BIHAR,D127,RAGHOPUR,38.43
03-06-2025,25.5,85.5,VAISHALI,BIHAR,D127,RAGHOPUR,38.51
04-06-2025,25.5,85.5,VAISHALI,BIHAR,D127,RAGHOPUR,37.83
05-06-2025,25.5,85.5,VAISHALI,BIHAR,D127,RAGHOPUR,37.65
06-06-2025,25.5,85.5,VAISHALI,BIHAR,D127,RAGHOPUR,37.61
07-06-2025,25.5,85.5,VAISHALI,BIHAR,D127,RAGHOPUR,37.57
08-06-2025,25.5,85.5,VAISHALI,BIHAR,D127,RAGHOPUR,37.19
09-06-2025,25.5,85.5,VAISHALI,BIHAR,D127,RAGHOPUR,37.93
10-06-2025,25.5,85.5,VAISHALI,BIHAR,D127,RAGHOPUR,38.06
11-06-2025,25.5,85.5,VAISHALI,BIHAR,D127,RAGHOPUR,37.84
12-06-2025,25.5,85.5,VAISHALI,BIHAR,D127,RAGHOPUR,37.96
13-06-2025,25.5,85.5,VAISHALI,BIHAR,D127,RAGHOPUR,37.64
14-06-2025,25.5,85.5,VAISHALI,BIHAR,D127,RAGHOPUR,37.33
15-06-2025,25.5,85.5,VAISHALI,BIHAR,D127,RAGHOPUR,36.99
16-06-2025,25.5,85.5,VAISHALI,BIHAR,D127,RAGHOPUR,36.86
17-06-2025,25.5,85.5,VAISHALI,BIHAR,D127,RAGHOPUR,36.63
18-06-2025,25.5,85.5,VAISHALI,BIHAR,D127,RAGHOPUR,36.23
19-06-2025,25.5,85.5,VAISHALI,BIHAR,D127,RAGHOPUR,35.66
20-06-2025,25.5,85.5,VAISHALI,BIHAR,D127,RAGHOPUR,35.64
21-06-2025,25.5,85.5,VAISHALI,BIHAR,D127,RAGHOPUR,35.41
22-06-2025,25.5,85.5,VAISHALI,BIHAR,D127,RAGHOPUR,35.57
23-06-2025,25.5,85.5,VAISHALI,BIHAR,D127,RAGHOPUR,35.18
24-06-2025,25.5,85.5,VAISHALI,BIHAR,D127,RAGHOPUR,35.09
25-06-2025,25.5,85.5,VAISHALI,BIHAR,D127,RAGHOPUR,34.87
26-06-2025,25.5,85.5,VAISHALI,BIHAR,D127,RAGHOPUR,34.74
27-06-2025,25.5,85.5,VAISHALI,BIHAR,D127,RAGHOPUR,34.63
28-06-2025,25.5,85.5,VAISHALI,BIHAR,D127,RAGHOPUR,34.27
29-06-2025,25.5,85.5,VAISHALI,BIHAR,D127,RAGHOPUR,33.8
30-06-2025,25.5,85.5,VAISHALI,BIHAR,D127,RAGHOPUR,33.71
01-07-2025,25.5,85.5,VAISHALI,BIHAR,D127,RAGHOPUR,34.09
02-07-2025,25.5,85.5,VAISHALI,BIHAR,D127,RAGHOPUR,33.97
03-07-2025,25.5,85.5,VAISHALI,BIHAR,D127,RAGHOPUR,33.83
04-07-2025,25.5,85.5,VAISHALI,BIHAR,D127,RAGHOPUR,33.67
05-07-2025,25.5,85.5,VAISHALI,BIHAR,D127,RAGHOPUR,33.56
06-07-2025,25.5,85.5,VAISHALI,BIHAR,D127,RAGHOPUR,33.96
07-07-2025,25.5,85.5,VAISHALI,BIHAR,D127,RAGHOPUR,33.88
08-07-2025,25.5,85.5,VAISHALI,BIHAR,D127,RAGHOPUR,34.26
09-07-2025,25.5,85.5,VAISHALI,BIHAR,D127,RAGHOPUR,34.06
10-07-2025,25.5,85.5,VAISHALI,BIHAR,D127,RAGHOPUR,33.7
11-07-2025,25.5,85.5,VAISHALI,BIHAR,D127,RAGHOPUR,33.24
12-07-2025,25.5,85.5,VAISHALI,BIHAR,D127,RAGHOPUR,33.66
13-07-2025,25.5,85.5,VAISHALI,BIHAR,D127,RAGHOPUR,33.91
14-07-2025,25.5,85.5,VAISHALI,BIHAR,D127,RAGHOPUR,34.11
15-07-2025,25.5,85.5,VAISHALI,BIHAR,D127,RAGHOPUR,33.65
16-07-2025,25.5,85.5,VAISHALI,BIHAR,D127,RAGHOPUR,33.6
17-07-2025,25.5,85.5,VAISHALI,BIHAR,D127,RAGHOPUR,33.77
18-07-2025,25.5,85.5,VAISHALI,BIHAR,D127,RAGHOPUR,34.31
19-07-2025,25.5,85.5,VAISHALI,BIHAR,D127,RAGHOPUR,34.03
20-07-2025,25.5,85.5,VAISHALI,BIHAR,D127,RAGHOPUR,33.7
21-07-2025,25.5,85.5,VAISHALI,BIHAR,D127,RAGHOPUR,33.51
22-07-2025,25.5,85.5,VAISHALI,BIHAR,D127,RAGHOPUR,33.55
23-07-2025,25.5,85.5,VAISHALI,BIHAR,D127,RAGHOPUR,33.55
24-07-2025,25.5,85.5,VAISHALI,BIHAR,D127,RAGHOPUR,33.39
25-07-2025,25.5,85.5,VAISHALI,BIHAR,D127,RAGHOPUR,33.59
26-07-2025,25.5,85.5,VAISHALI,BIHAR,D127,RAGHOPUR,33.57
27-07-2025,25.5,85.5,VAISHALI,BIHAR,D127,RAGHOPUR,33.3
28-07-2025,25.5,85.5,VAISHALI,BIHAR,D127,RAGHOPUR,33.58
29-07-2025,25.5,85.5,VAISHALI,BIHAR,D127,RAGHOPUR,33.73
30-07-2025,25.5,85.5,VAISHALI,BIHAR,D127,RAGHOPUR,33.29
31-07-2025,25.5,85.5,VAISHALI,BIHAR,D127,RAGHOPUR,33.22
01-08-2025,25.5,85.5,VAISHALI,BIHAR,D127,RAGHOPUR,33.51
02-08-2025,25.5,85.5,VAISHALI,BIHAR,D127,RAGHOPUR,33.46
03-08-2025,25.5,85.5,VAISHALI,BIHAR,D127,RAGHOPUR,33.28
04-08-2025,25.5,85.5,VAISHALI,BIHAR,D127,RAGHOPUR,33.7
05-08-2025,25.5,85.5,VAISHALI,BIHAR,D127,RAGHOPUR,33.7
06-08-2025,25.5,85.5,VAISHALI,BIHAR,D127,RAGHOPUR,33.59
07-08-2025,25.5,85.5,VAISHALI,BIHAR,D127,RAGHOPUR,33.87
08-08-2025,25.5,85.5,VAISHALI,BIHAR,D127,RAGHOPUR,33.37
09-08-2025,25.5,85.5,VAISHALI,BIHAR,D127,RAGHOPUR,33.88
10-08-2025,25.5,85.5,VAISHALI,BIHAR,D127,RAGHOPUR,33.81
11-08-2025,25.5,85.5,VAISHALI,BIHAR,D127,RAGHOPUR,33.4
12-08-2025,25.5,85.5,VAISHALI,BIHAR,D127,RAGHOPUR,33.03
13-08-2025,25.5,85.5,VAISHALI,BIHAR,D127,RAGHOPUR,32.59
14-08-2025,25.5,85.5,VAISHALI,BIHAR,D127,RAGHOPUR,32.51
15-08-2025,25.5,85.5,VAISHALI,BIHAR,D127,RAGHOPUR,33.12
16-08-2025,25.5,85.5,VAISHALI,BIHAR,D127,RAGHOPUR,33.56
17-08-2025,25.5,85.5,VAISHALI,BIHAR,D127,RAGHOPUR,33.19
18-08-2025,25.5,85.5,VAISHALI,BIHAR,D127,RAGHOPUR,33.02
19-08-2025,25.5,85.5,VAISHALI,BIHAR,D127,RAGHOPUR,33.17
20-08-2025,25.5,85.5,VAISHALI,BIHAR,D127,RAGHOPUR,32.98
21-08-2025,25.5,85.5,VAISHALI,BIHAR,D127,RAGHOPUR,33.11
22-08-2025,25.5,85.5,VAISHALI,BIHAR,D127,RAGHOPUR,33.39
23-08-2025,25.5,85.5,VAISHALI,BIHAR,D127,RAGHOPUR,33.11
24-08-2025,25.5,85.5,VAISHALI,BIHAR,D127,RAGHOPUR,32.89
25-08-2025,25.5,85.5,VAISHALI,BIHAR,D127,RAGHOPUR,33.17
26-08-2025,25.5,85.5,VAISHALI,BIHAR,D127,RAGHOPUR,33.46
27-08-2025,25.5,85.5,VAISHALI,BIHAR,D127,RAGHOPUR,33.42
28-08-2025,25.5,85.5,VAISHALI,BIHAR,D127,RAGHOPUR,33.47
29-08-2025,25.5,85.5,VAISHALI,BIHAR,D127,RAGHOPUR,33.58
30-08-2025,25.5,85.5,VAISHALI,BIHAR,D127,RAGHOPUR,33.71
31-08-2025,25.5,85.5,VAISHALI,BIHAR,D127,RAGHOPUR,33.57
01-09-2025,25.5,85.5,VAISHALI,BIHAR,D127,RAGHOPUR,33.46
02-09-2025,25.5,85.5,VAISHALI,BIHAR,D127,RAGHOPUR,33.26
03-09-2025,25.5,85.5,VAISHALI,BIHAR,D127,RAGHOPUR,33.53
04-09-2025,25.5,85.5,VAISHALI,BIHAR,D127,RAGHOPUR,33.53
05-09-2025,25.5,85.5,VAISHALI,BIHAR,D127,RAGHOPUR,33.5
06-09-2025,25.5,85.5,VAISHALI,BIHAR,D127,RAGHOPUR,33.38
07-09-2025,25.5,85.5,VAISHALI,BIHAR,D127,RAGHOPUR,33.12
08-09-2025,25.5,85.5,VAISHALI,BIHAR,D127,RAGHOPUR,33.27
09-09-2025,25.5,85.5,VAISHALI,BIHAR,D127,RAGHOPUR,33.12
10-09-2025,25.5,85.5,VAISHALI,BIHAR,D127,RAGHOPUR,33.37
11-09-2025,25.5,85.5,VAISHALI,BIHAR,D127,RAGHOPUR,33.29
12-09-2025,25.5,85.5,VAISHALI,BIHAR,D127,RAGHOPUR,33.08
13-09-2025,25.5,85.5,VAISHALI,BIHAR,D127,RAGHOPUR,33.38
14-09-2025,25.5,85.5,VAISHALI,BIHAR,D127,RAGHOPUR,32.94
15-09-2025,25.5,85.5,VAISHALI,BIHAR,D127,RAGHOPUR,32.71
16-09-2025,25.5,85.5,VAISHALI,BIHAR,D127,RAGHOPUR,33.03
17-09-2025,25.5,85.5,VAISHALI,BIHAR,D127,RAGHOPUR,33.34
18-09-2025,25.5,85.5,VAISHALI,BIHAR,D127,RAGHOPUR,33.01
19-09-2025,25.5,85.5,VAISHALI,BIHAR,D127,RAGHOPUR,33.4
20-09-2025,25.5,85.5,VAISHALI,BIHAR,D127,RAGHOPUR,33.17
21-09-2025,25.5,85.5,VAISHALI,BIHAR,D127,RAGHOPUR,32.91
22-09-2025,25.5,85.5,VAISHALI,BIHAR,D127,RAGHOPUR,32.55
23-09-2025,25.5,85.5,VAISHALI,BIHAR,D127,RAGHOPUR,32.4
24-09-2025,25.5,85.5,VAISHALI,BIHAR,D127,RAGHOPUR,32.48
25-09-2025,25.5,85.5,VAISHALI,BIHAR,D127,RAGHOPUR,32.07
26-09-2025,25.5,85.5,VAISHALI,BIHAR,D127,RAGHOPUR,32.16
27-09-2025,25.5,85.5,VAISHALI,BIHAR,D127,RAGHOPUR,32.61
28-09-2025,25.5,85.5,VAISHALI,BIHAR,D127,RAGHOPUR,32.86
29-09-2025,25.5,85.5,VAISHALI,BIHAR,D127,RAGHOPUR,32.77
30-09-2025,25.5,85.5,VAISHALI,BIHAR,D127,RAGHOPUR,32.52
01-10-2025,25.5,85.5,VAISHALI,BIHAR,D127,RAGHOPUR,32.91
02-10-2025,25.5,85.5,VAISHALI,BIHAR,D127,RAGHOPUR,32.79
03-10-2025,25.5,85.5,VAISHALI,BIHAR,D127,RAGHOPUR,32.75
04-10-2025,25.5,85.5,VAISHALI,BIHAR,D127,RAGHOPUR,32.59
05-10-2025,25.5,85.5,VAISHALI,BIHAR,D127,RAGHOPUR,32.68
06-10-2025,25.5,85.5,VAISHALI,BIHAR,D127,RAGHOPUR,32.73
07-10-2025,25.5,85.5,VAISHALI,BIHAR,D127,RAGHOPUR,32.69
08-10-2025,25.5,85.5,VAISHALI,BIHAR,D127,RAGHOPUR,32.66
09-10-2025,25.5,85.5,VAISHALI,BIHAR,D127,RAGHOPUR,32.81
10-10-2025,25.5,85.5,VAISHALI,BIHAR,D127,RAGHOPUR,32.74
11-10-2025,25.5,85.5,VAISHALI,BIHAR,D127,RAGHOPUR,32.83
12-10-2025,25.5,85.5,VAISHALI,BIHAR,D127,RAGHOPUR,32.62
13-10-2025,25.5,85.5,VAISHALI,BIHAR,D127,RAGHOPUR,32.52
14-10-2025,25.5,85.5,VAISHALI,BIHAR,D127,RAGHOPUR,32.4
15-10-2025,25.5,85.5,VAISHALI,BIHAR,D127,RAGHOPUR,32.53
16-10-2025,25.5,85.5,VAISHALI,BIHAR,D127,RAGHOPUR,32.68
17-10-2025,25.5,85.5,VAISHALI,BIHAR,D127,RAGHOPUR,32.29
18-10-2025,25.5,85.5,VAISHALI,BIHAR,D127,RAGHOPUR,31.97
19-10-2025,25.5,85.5,VAISHALI,BIHAR,D127,RAGHOPUR,31.72
20-10-2025,25.5,85.5,VAISHALI,BIHAR,D127,RAGHOPUR,31.43
21-10-2025,25.5,85.5,VAISHALI,BIHAR,D127,RAGHOPUR,31.49
22-10-2025,25.5,85.5,VAISHALI,BIHAR,D127,RAGHOPUR,31.73
23-10-2025,25.5,85.5,VAISHALI,BIHAR,D127,RAGHOPUR,31.68
24-10-2025,25.5,85.5,VAISHALI,BIHAR,D127,RAGHOPUR,31.35
25-10-2025,25.5,85.5,VAISHALI,BIHAR,D127,RAGHOPUR,30.77
26-10-2025,25.5,85.5,VAISHALI,BIHAR,D127,RAGHOPUR,30.79
27-10-2025,25.5,85.5,VAISHALI,BIHAR,D127,RAGHOPUR,31.19
28-10-2025,25.5,85.5,VAISHALI,BIHAR,D127,RAGHOPUR,30.98
29-10-2025,25.5,85.5,VAISHALI,BIHAR,D127,RAGHOPUR,30.76
30-10-2025,25.5,85.5,VAISHALI,BIHAR,D127,RAGHOPUR,30.85
31-10-2025,25.5,85.5,VAISHALI,BIHAR,D127,RAGHOPUR,30.93
01-11-2025,25.5,85.5,VAISHALI,BIHAR,D127,RAGHOPUR,30.7
02-11-2025,25.5,85.5,VAISHALI,BIHAR,D127,RAGHOPUR,30.68
03-11-2025,25.5,85.5,VAISHALI,BIHAR,D127,RAGHOPUR,30.57
04-11-2025,25.5,85.5,VAISHALI,BIHAR,D127,RAGHOPUR,30.63
05-11-2025,25.5,85.5,VAISHALI,BIHAR,D127,RAGHOPUR,30.73
06-11-2025,25.5,85.5,VAISHALI,BIHAR,D127,RAGHOPUR,30.69
07-11-2025,25.5,85.5,VAISHALI,BIHAR,D127,RAGHOPUR,30.59
08-11-2025,25.5,85.5,VAISHALI,BIHAR,D127,RAGHOPUR,30.66
09-11-2025,25.5,85.5,VAISHALI,BIHAR,D127,RAGHOPUR,30.39
10-11-2025,25.5,85.5,VAISHALI,BIHAR,D127,RAGHOPUR,29.71
11-11-2025,25.5,85.5,VAISHALI,BIHAR,D127,RAGHOPUR,29.54
12-11-2025,25.5,85.5,VAISHALI,BIHAR,D127,RAGHOPUR,29.34
13-11-2025,25.5,85.5,VAISHALI,BIHAR,D127,RAGHOPUR,29.21
14-11-2025,25.5,85.5,VAISHALI,BIHAR,D127,RAGHOPUR,29.49
15-11-2025,25.5,85.5,VAISHALI,BIHAR,D127,RAGHOPUR,29.59
16-11-2025,25.5,85.5,VAISHALI,BIHAR,D127,RAGHOPUR,29.33
17-11-2025,25.5,85.5,VAISHALI,BIHAR,D127,RAGHOPUR,29.12
18-11-2025,25.5,85.5,VAISHALI,BIHAR,D127,RAGHOPUR,29.11
19-11-2025,25.5,85.5,VAISHALI,BIHAR,D127,RAGHOPUR,29.06
20-11-2025,25.5,85.5,VAISHALI,BIHAR,D127,RAGHOPUR,28.87
21-11-2025,25.5,85.5,VAISHALI,BIHAR,D127,RAGHOPUR,28.61
22-11-2025,25.5,85.5,VAISHALI,BIHAR,D127,RAGHOPUR,28.15
23-11-2025,25.5,85.5,VAISHALI,BIHAR,D127,RAGHOPUR,28.13
24-11-2025,25.5,85.5,VAISHALI,BIHAR,D127,RAGHOPUR,28.02
25-11-2025,25.5,85.5,VAISHALI,BIHAR,D127,RAGHOPUR,27.89
26-11-2025,25.5,85.5,VAISHALI,BIHAR,D127,RAGHOPUR,27.83
27-11-2025,25.5,85.5,VAISHALI,BIHAR,D127,RAGHOPUR,27.58
28-11-2025,25.5,85.5,VAISHALI,BIHAR,D127,RAGHOPUR,27.58
29-11-2025,25.5,85.5,VAISHALI,BIHAR,D127,RAGHOPUR,27.54
30-11-2025,25.5,85.5,VAISHALI,BIHAR,D127,RAGHOPUR,27.45
01-12-2025,25.5,85.5,VAISHALI,BIHAR,D127,RAGHOPUR,27.32
02-12-2025,25.5,85.5,VAISHALI,BIHAR,D127,RAGHOPUR,27.29
03-12-2025,25.5,85.5,VAISHALI,BIHAR,D127,RAGHOPUR,26.83
04-12-2025,25.5,85.5,VAISHALI,BIHAR,D127,RAGHOPUR,26.59
05-12-2025,25.5,85.5,VAISHALI,BIHAR,D127,RAGHOPUR,26.35
06-12-2025,25.5,85.5,VAISHALI,BIHAR,D127,RAGHOPUR,26.23
07-12-2025,25.5,85.5,VAISHALI,BIHAR,D127,RAGHOPUR,26.02
08-12-2025,25.5,85.5,VAISHALI,BIHAR,D127,RAGHOPUR,25.76
09-12-2025,25.5,85.5,VAISHALI,BIHAR,D127,RAGHOPUR,25.55
10-12-2025,25.5,85.5,VAISHALI,BIHAR,D127,RAGHOPUR,25.35
11-12-2025,25.5,85.5,VAISHALI,BIHAR,D127,RAGHOPUR,25.2
12-12-2025,25.5,85.5,VAISHALI,BIHAR,D127,RAGHOPUR,25.12
13-12-2025,25.5,85.5,VAISHALI,BIHAR,D127,RAGHOPUR,24.66
14-12-2025,25.5,85.5,VAISHALI,BIHAR,D127,RAGHOPUR,24.51
15-12-2025,25.5,85.5,VAISHALI,BIHAR,D127,RAGHOPUR,24.45
16-12-2025,25.5,85.5,VAISHALI,BIHAR,D127,RAGHOPUR,24.16
17-12-2025,25.5,85.5,VAISHALI,BIHAR,D127,RAGHOPUR,23.71
18-12-2025,25.5,85.5,VAISHALI,BIHAR,D127,RAGHOPUR,23.45
19-12-2025,25.5,85.5,VAISHALI,BIHAR,D127,RAGHOPUR,23.32
20-12-2025,25.5,85.5,VAISHALI,BIHAR,D127,RAGHOPUR,23.13
21-12-2025,25.5,85.5,VAISHALI,BIHAR,D127,RAGHOPUR,23.08
22-12-2025,25.5,85.5,VAISHALI,BIHAR,D127,RAGHOPUR,23.11
23-12-2025,25.5,85.5,VAISHALI,BIHAR,D127,RAGHOPUR,23.21
24-12-2025,25.5,85.5,VAISHALI,BIHAR,D127,RAGHOPUR,23.46
25-12-2025,25.5,85.5,VAISHALI,BIHAR,D127,RAGHOPUR,23.17
26-12-2025,25.5,85.5,VAISHALI,BIHAR,D127,RAGHOPUR,22.52
27-12-2025,25.5,85.5,VAISHALI,BIHAR,D127,RAGHOPUR,22.55
28-12-2025,25.5,85.5,VAISHALI,BIHAR,D127,RAGHOPUR,22.34
29-12-2025,25.5,85.5,VAISHALI,BIHAR,D127,RAGHOPUR,22.28
30-12-2025,25.5,85.5,VAISHALI,BIHAR,D127,RAGHOPUR,22.08
31-12-2025,25.5,85.5,VAISHALI,BIHAR,D127,RAGHOPUR,21.89
01-01-2025,25.5,83.5,GHAZIPUR,UTTAR PRADESH,D706,GHAZIPUR,21.22
02-01-2025,25.5,83.5,GHAZIPUR,UTTAR PRADESH,D706,GHAZIPUR,21.01
03-01-2025,25.5,83.5,GHAZIPUR,UTTAR PRADESH,D706,GHAZIPUR,21.04
04-01-2025,25.5,83.5,GHAZIPUR,UTTAR PRADESH,D706,GHAZIPUR,21.23
05-01-2025,25.5,83.5,GHAZIPUR,UTTAR PRADESH,D706,GHAZIPUR,20.85
06-01-2025,25.5,83.5,GHAZIPUR,UTTAR PRADESH,D706,GHAZIPUR,20.87
07-01-2025,25.5,83.5,GHAZIPUR,UTTAR PRADESH,D706,GHAZIPUR,21.02
08-01-2025,25.5,83.5,GHAZIPUR,UTTAR PRADESH,D706,GHAZIPUR,20.75
09-01-2025,25.5,83.5,GHAZIPUR,UTTAR PRADESH,D706,GHAZIPUR,20.95
10-01-2025,25.5,83.5,GHAZIPUR,UTTAR PRADESH,D706,GHAZIPUR,21.42
11-01-2025,25.5,83.5,GHAZIPUR,UTTAR PRADESH,D706,GHAZIPUR,21.02
12-01-2025,25.5,83.5,GHAZIPUR,UTTAR PRADESH,D706,GHAZIPUR,21.26
13-01-2025,25.5,83.5,GHAZIPUR,UTTAR PRADESH,D706,GHAZIPUR,21.56
14-01-2025,25.5,83.5,GHAZIPUR,UTTAR PRADESH,D706,GHAZIPUR,21.85
15-01-2025,25.5,83.5,GHAZIPUR,UTTAR PRADESH,D706,GHAZIPUR,21.78
16-01-2025,25.5,83.5,GHAZIPUR,UTTAR PRADESH,D706,GHAZIPUR,21.58
17-01-2025,25.5,83.5,GHAZIPUR,UTTAR PRADESH,D706,GHAZIPUR,21.41
18-01-2025,25.5,83.5,GHAZIPUR,UTTAR PRADESH,D706,GHAZIPUR,21.59
19-01-2025,25.5,83.5,GHAZIPUR,UTTAR PRADESH,D706,GHAZIPUR,21.5
20-01-2025,25.5,83.5,GHAZIPUR,UTTAR PRADESH,D706,GHAZIPUR,21.53
21-01-2025,25.5,83.5,GHAZIPUR,UTTAR PRADESH,D706,GHAZIPUR,21.64
22-01-2025,25.5,83.5,GHAZIPUR,UTTAR PRADESH,D706,GHAZIPUR,22.12
23-01-2025,25.5,83.5,GHAZIPUR,UTTAR PRADESH,D706,GHAZIPUR,22.47
24-01-2025,25.5,83.5,GHAZIPUR,UTTAR PRADESH,D706,GHAZIPUR,22.61
25-01-2025,25.5,83.5,GHAZIPUR,UTTAR PRADESH,D706,GHAZIPUR,22.85
26-01-2025,25.5,83.5,GHAZIPUR,UTTAR PRADESH,D706,GHAZIPUR,22.96
27-01-2025,25.5,83.5,GHAZIPUR,UTTAR PRADESH,D706,GHAZIPUR,23.16
28-01-2025,25.5,83.5,GHAZIPUR,UTTAR PRADESH,D706,GHAZIPUR,23.23
29-01-2025,25.5,83.5,GHAZIPUR,UTTAR PRADESH,D706,GHAZIPUR,22.9
30-01-2025,25.5,83.5,GHAZIPUR,UTTAR PRADESH,D706,GHAZIPUR,23.61
31-01-2025,25.5,83.5,GHAZIPUR,UTTAR PRADESH,D706,GHAZIPUR,23.89
01-02-2025,25.5,83.5,GHAZIPUR,UTTAR PRADESH,D706,GHAZIPUR,23.94
02-02-2025,25.5,83.5,GHAZIPUR,UTTAR PRADESH,D706,GHAZIPUR,24.18
03-02-2025,25.5,83.5,GHAZIPUR,UTTAR PRADESH,D706,GHAZIPUR,24.79
04-02-2025,25.5,83.5,GHAZIPUR,UTTAR PRADESH,D706,GHAZIPUR,24.78
05-02-2025,25.5,83.5,GHAZIPUR,UTTAR PRADESH,D706,GHAZIPUR,25.06
06-02-2025,25.5,83.5,GHAZIPUR,UTTAR PRADESH,D706,GHAZIPUR,25.32
07-02-2025,25.5,83.5,GHAZIPUR,UTTAR PRADESH,D706,GHAZIPUR,25.11
08-02-2025,25.5,83.5,GHAZIPUR,UTTAR PRADESH,D706,GHAZIPUR,24.75
09-02-2025,25.5,83.5,GHAZIPUR,UTTAR PRADESH,D706,GHAZIPUR,25.17
10-02-2025,25.5,83.5,GHAZIPUR,UTTAR PRADESH,D706,GHAZIPUR,25.29
11-02-2025,25.5,83.5,GHAZIPUR,UTTAR PRADESH,D706,GHAZIPUR,25.62
12-02-2025,25.5,83.5,GHAZIPUR,UTTAR PRADESH,D706,GHAZIPUR,25.85
13-02-2025,25.5,83.5,GHAZIPUR,UTTAR PRADESH,D706,GHAZIPUR,25.86
14-02-2025,25.5,83.5,GHAZIPUR,UTTAR PRADESH,D706,GHAZIPUR,26.56
15-02-2025,25.5,83.5,GHAZIPUR,UTTAR PRADESH,D706,GHAZIPUR,26.71
16-02-2025,25.5,83.5,GHAZIPUR,UTTAR PRADESH,D706,GHAZIPUR,26.83
17-02-2025,25.5,83.5,GHAZIPUR,UTTAR PRADESH,D706,GHAZIPUR,27.39
18-02-2025,25.5,83.5,GHAZIPUR,UTTAR PRADESH,D706,GHAZIPUR,27.95
19-02-2025,25.5,83.5,GHAZIPUR,UTTAR PRADESH,D706,GHAZIPUR,28.32
20-02-2025,25.5,83.5,GHAZIPUR,UTTAR PRADESH,D706,GHAZIPUR,28.27
21-02-2025,25.5,83.5,GHAZIPUR,UTTAR PRADESH,D706,GHAZIPUR,28.41
22-02-2025,25.5,83.5,GHAZIPUR,UTTAR PRADESH,D706,GHAZIPUR,28.44
23-02-2025,25.5,83.5,GHAZIPUR,UTTAR PRADESH,D706,GHAZIPUR,28.9
24-02-2025,25.5,83.5,GHAZIPUR,UTTAR PRADESH,D706,GHAZIPUR,29.03
25-02-2025,25.5,83.5,GHAZIPUR,UTTAR PRADESH,D706,GHAZIPUR,28.72
26-02-2025,25.5,83.5,GHAZIPUR,UTTAR PRADESH,D706,GHAZIPUR,28.6
27-02-2025,25.5,83.5,GHAZIPUR,UTTAR PRADESH,D706,GHAZIPUR,28.78
28-02-2025,25.5,83.5,GHAZIPUR,UTTAR PRADESH,D706,GHAZIPUR,29.07
29-02-2025,25.5,83.5,GHAZIPUR,UTTAR PRADESH,D706,GHAZIPUR,29.36
01-03-2025,25.5,83.5,GHAZIPUR,UTTAR PRADESH,D706,GHAZIPUR,29.3
02-03-2025,25.5,83.5,GHAZIPUR,UTTAR PRADESH,D706,GHAZIPUR,29.72
03-03-2025,25.5,83.5,GHAZIPUR,UTTAR PRADESH,D706,GHAZIPUR,30.01
04-03-2025,25.5,83.5,GHAZIPUR,UTTAR PRADESH,D706,GHAZIPUR,30.48
05-03-2025,25.5,83.5,GHAZIPUR,UTTAR PRADESH,D706,GHAZIPUR,30.11
06-03-2025,25.5,83.5,GHAZIPUR,UTTAR PRADESH,D706,GHAZIPUR,30.06
07-03-2025,25.5,83.5,GHAZIPUR,UTTAR PRADESH,D706,GHAZIPUR,30.54
08-03-2025,25.5,83.5,GHAZIPUR,UTTAR PRADESH,D706,GHAZIPUR,30.64
09-03-2025,25.5,83.5,GHAZIPUR,UTTAR PRADESH,D706,GHAZIPUR,30.99
10-03-2025,25.5,83.5,GHAZIPUR,UTTAR PRADESH,D706,GHAZIPUR,31.07
11-03-2025,25.5,83.5,GHAZIPUR,UTTAR PRADESH,D706,GHAZIPUR,31.66
12-03-2025,25.5,83.5,GHAZIPUR,UTTAR PRADESH,D706,GHAZIPUR,31.69
13-03-2025,25.5,83.5,GHAZIPUR,UTTAR PRADESH,D706,GHAZIPUR,31.16
14-03-2025,25.5,83.5,GHAZIPUR,UTTAR PRADESH,D706,GHAZIPUR,31.5
15-03-2025,25.5,83.5,GHAZIPUR,UTTAR PRADESH,D706,GHAZIPUR,31.69
16-03-2025,25.5,83.5,GHAZIPUR,UTTAR PRADESH,D706,GHAZIPUR,32.39
17-03-2025,25.5,83.5,GHAZIPUR,UTTAR PRADESH,D706,GHAZIPUR,32.79
18-03-2025,25.5,83.5,GHAZIPUR,UTTAR PRADESH,D706,GHAZIPUR,33.45
19-03-2025,25.5,83.5,GHAZIPUR,UTTAR PRADESH,D706,GHAZIPUR,33.29
20-03-2025,25.5,83.5,GHAZIPUR,UTTAR PRADESH,D706,GHAZIPUR,33.41
21-03-2025,25.5,83.5,GHAZIPUR,UTTAR PRADESH,D706,GHAZIPUR,33.7
22-03-2025,25.5,83.5,GHAZIPUR,UTTAR PRADESH,D706,GHAZIPUR,34.27
23-03-2025,25.5,83.5,GHAZIPUR,UTTAR PRADESH,D706,GHAZIPUR,34.31
24-03-2025,25.5,83.5,GHAZIPUR,UTTAR PRADESH,D706,GHAZIPUR,34.71
25-03-2025,25.5,83.5,GHAZIPUR,UTTAR PRADESH,D706,GHAZIPUR,35.22
26-03-2025,25.5,83.5,GHAZIPUR,UTTAR PRADESH,D706,GHAZIPUR,35.32
27-03-2025,25.5,83.5,GHAZIPUR,UTTAR PRADESH,D706,GHAZIPUR,35.68
28-03-2025,25.5,83.5,GHAZIPUR,UTTAR PRADESH,D706,GHAZIPUR,35.82
29-03-2025,25.5,83.5,GHAZIPUR,UTTAR PRADESH,D706,GHAZIPUR,36.44
30-03-2025,25.5,83.5,GHAZIPUR,UTTAR PRADESH,D706,GHAZIPUR,35.9
31-03-2025,25.5,83.5,GHAZIPUR,UTTAR PRADESH,D706,GHAZIPUR,35.93
01-04-2025,25.5,83.5,GHAZIPUR,UTTAR PRADESH,D706,GHAZIPUR,36.53
02-04-2025,25.5,83.5,GHAZIPUR,UTTAR PRADESH,D706,GHAZIPUR,36.88
03-04-2025,25.5,83.5,GHAZIPUR,UTTAR PRADESH,D706,GHAZIPUR,37.34
04-04-2025,25.5,83.5,GHAZIPUR,UTTAR PRADESH,D706,GHAZIPUR,37.02
05-04-2025,25.5,83.5,GHAZIPUR,UTTAR PRADESH,D706,GHAZIPUR,37.15
06-04-2025,25.5,83.5,GHAZIPUR,UTTAR PRADESH,D706,GHAZIPUR,37.99
07-04-2025,25.5,83.5,GHAZIPUR,UTTAR PRADESH,D706,GHAZIPUR,38.26
08-04-2025,25.5,83.5,GHAZIPUR,UTTAR PRADESH,D706,GHAZIPUR,37.97
09-04-2025,25.5,83.5,GHAZIPUR,UTTAR PRADESH,D706,GHAZIPUR,37.93
10-04-2025,25.5,83.5,GHAZIPUR,UTTAR PRADESH,D706,GHAZIPUR,38.16
11-04-2025,25.5,83.5,GHAZIPUR,UTTAR PRADESH,D706,GHAZIPUR,38.4
12-04-2025,25.5,83.5,GHAZIPUR,UTTAR PRADESH,D706,GHAZIPUR,38.38
13-04-2025,25.5,83.5,GHAZIPUR,UTTAR PRADESH,D706,GHAZIPUR,38.39
14-04-2025,25.5,83.5,GHAZIPUR,UTTAR PRADESH,D706,GHAZIPUR,38.64
15-04-2025,25.5,83.5,GHAZIPUR,UTTAR PRADESH,D706,GHAZIPUR,38.61
16-04-2025,25.5,83.5,GHAZIPUR,UTTAR PRADESH,D706,GHAZIPUR,38.72
17-04-2025,25.5,83.5,GHAZIPUR,UTTAR PRADESH,D706,GHAZIPUR,38.69
18-04-2025,25.5,83.5,GHAZIPUR,UTTAR PRADESH,D706,GHAZIPUR,38.76
19-04-2025,25.5,83.5,GHAZIPUR,UTTAR PRADESH,D706,GHAZIPUR,39.08
20-04-2025,25.5,83.5,GHAZIPUR,UTTAR PRADESH,D706,GHAZIPUR,39
21-04-2025,25.5,83.5,GHAZIPUR,UTTAR PRADESH,D706,GHAZIPUR,38.42
22-04-2025,25.5,83.5,GHAZIPUR,UTTAR PRADESH,D706,GHAZIPUR,38.51
23-04-2025,25.5,83.5,GHAZIPUR,UTTAR PRADESH,D706,GHAZIPUR,39.19
24-04-2025,25.5,83.5,GHAZIPUR,UTTAR PRADESH,D706,GHAZIPUR,39.03
25-04-2025,25.5,83.5,GHAZIPUR,UTTAR PRADESH,D706,GHAZIPUR,38.83
26-04-2025,25.5,83.5,GHAZIPUR,UTTAR PRADESH,D706,GHAZIPUR,38.82
27-04-2025,25.5,83.5,GHAZIPUR,UTTAR PRADESH,D706,GHAZIPUR,38.87
28-04-2025,25.5,83.5,GHAZIPUR,UTTAR PRADESH,D706,GHAZIPUR,38.79
29-04-2025,25.5,83.5,GHAZIPUR,UTTAR PRADESH,D706,GHAZIPUR,39.07
30-04-2025,25.5,83.5,GHAZIPUR,UTTAR PRADESH,D706,GHAZIPUR,38.78
01-05-2025,25.5,83.5,GHAZIPUR,UTTAR PRADESH,D706,GHAZIPUR,38.67
02-05-2025,25.5,83.5,GHAZIPUR,UTTAR PRADESH,D706,GHAZIPUR,38.2
03-05-2025,25.5,83.5,GHAZIPUR,UTTAR PRADESH,D706,GHAZIPUR,37.95
04-05-2025,25.5,83.5,GHAZIPUR,UTTAR PRADESH,D706,GHAZIPUR,38.23
05-05-2025,25.5,83.5,GHAZIPUR,UTTAR PRADESH,D706,GHAZIPUR,38.41
06-05-2025,25.5,83.5,GHAZIPUR,UTTAR PRADESH,D706,GHAZIPUR,38.78
07-05-2025,25.5,83.5,GHAZIPUR,UTTAR PRADESH,D706,GHAZIPUR,38.22
08-05-2025,25.5,83.5,GHAZIPUR,UTTAR PRADESH,D706,GHAZIPUR,38.32
09-05-2025,25.5,83.5,GHAZIPUR,UTTAR PRADESH,D706,GHAZIPUR,38.77
10-05-2025,25.5,83.5,GHAZIPUR,UTTAR PRADESH,D706,GHAZIPUR,38.76
11-05-2025,25.5,83.5,GHAZIPUR,UTTAR PRADESH,D706,GHAZIPUR,38.84
12-05-2025,25.5,83.5,GHAZIPUR,UTTAR PRADESH,D706,GHAZIPUR,38.53
13-05-2025,25.5,83.5,GHAZIPUR,UTTAR PRADESH,D706,GHAZIPUR,39
14-05-2025,25.5,83.5,GHAZIPUR,UTTAR PRADESH,D706,GHAZIPUR,39.26
15-05-2025,25.5,83.5,GHAZIPUR,UTTAR PRADESH,D706,GHAZIPUR,38.86
16-05-2025,25.5,83.5,GHAZIPUR,UTTAR PRADESH,D706,GHAZIPUR,39.39
17-05-2025,25.5,83.5,GHAZIPUR,UTTAR PRADESH,D706,GHAZIPUR,39.49
18-05-2025,25.5,83.5,GHAZIPUR,UTTAR PRADESH,D706,GHAZIPUR,39.62
19-05-2025,25.5,83.5,GHAZIPUR,UTTAR PRADESH,D706,GHAZIPUR,39.45
20-05-2025,25.5,83.5,GHAZIPUR,UTTAR PRADESH,D706,GHAZIPUR,38.86
21-05-2025,25.5,83.5,GHAZIPUR,UTTAR PRADESH,D706,GHAZIPUR,39.25
22-05-2025,25.5,83.5,GHAZIPUR,UTTAR PRADESH,D706,GHAZIPUR,39.33
23-05-2025,25.5,83.5,GHAZIPUR,UTTAR PRADESH,D706,GHAZIPUR,39.45
24-05-2025,25.5,83.5,GHAZIPUR,UTTAR PRADESH,D706,GHAZIPUR,39.39
25-05-2025,25.5,83.5,GHAZIPUR,UTTAR PRADESH,D706,GHAZIPUR,39.19
26-05-2025,25.5,83.5,GHAZIPUR,UTTAR PRADESH,D706,GHAZIPUR,39.48
27-05-2025,25.5,83.5,GHAZIPUR,UTTAR PRADESH,D706,GHAZIPUR,38.78
28-05-2025,25.5,83.5,GHAZIPUR,UTTAR PRADESH,D706,GHAZIPUR,38.96
29-05-2025,25.5,83.5,GHAZIPUR,UTTAR PRADESH,D706,GHAZIPUR,39.02
30-05-2025,25.5,83.5,GHAZIPUR,UTTAR PRADESH,D706,GHAZIPUR,39.03
31-05-2025,25.5,83.5,GHAZIPUR,UTTAR PRADESH,D706,GHAZIPUR,39.16
01-06-2025,25.5,83.5,GHAZIPUR,UTTAR PRADESH,D706,GHAZIPUR,39.5
02-06-2025,25.5,83.5,GHAZIPUR,UTTAR PRADESH,D706,GHAZIPUR,39.63
03-06-2025,25.5,83.5,GHAZIPUR,UTTAR PRADESH,D706,GHAZIPUR,39.99
04-06-2025,25.5,83.5,GHAZIPUR,UTTAR PRADESH,D706,GHAZIPUR,39.46
05-06-2025,25.5,83.5,GHAZIPUR,UTTAR PRADESH,D706,GHAZIPUR,39.33
06-06-2025,25.5,83.5,GHAZIPUR,UTTAR PRADESH,D706,GHAZIPUR,38.78
07-06-2025,25.5,83.5,GHAZIPUR,UTTAR PRADESH,D706,GHAZIPUR,38.57
08-06-2025,25.5,83.5,GHAZIPUR,UTTAR PRADESH,D706,GHAZIPUR,38.7
09-06-2025,25.5,83.5,GHAZIPUR,UTTAR PRADESH,D706,GHAZIPUR,38.98
10-06-2025,25.5,83.5,GHAZIPUR,UTTAR PRADESH,D706,GHAZIPUR,39.28
11-06-2025,25.5,83.5,GHAZIPUR,UTTAR PRADESH,D706,GHAZIPUR,39.14
12-06-2025,25.5,83.5,GHAZIPUR,UTTAR PRADESH,D706,GHAZIPUR,39.16
13-06-2025,25.5,83.5,GHAZIPUR,UTTAR PRADESH,D706,GHAZIPUR,38.88
14-06-2025,25.5,83.5,GHAZIPUR,UTTAR PRADESH,D706,GHAZIPUR,38.52
15-06-2025,25.5,83.5,GHAZIPUR,UTTAR PRADESH,D706,GHAZIPUR,37.97
16-06-2025,25.5,83.5,GHAZIPUR,UTTAR PRADESH,D706,GHAZIPUR,37.48
17-06-2025,25.5,83.5,GHAZIPUR,UTTAR PRADESH,D706,GHAZIPUR,37.45
18-06-2025,25.5,83.5,GHAZIPUR,UTTAR PRADESH,D706,GHAZIPUR,37.16
19-06-2025,25.5,83.5,GHAZIPUR,UTTAR PRADESH,D706,GHAZIPUR,36.78
20-06-2025,25.5,83.5,GHAZIPUR,UTTAR PRADESH,D706,GHAZIPUR,36.55
21-06-2025,25.5,83.5,GHAZIPUR,UTTAR PRADESH,D706,GHAZIPUR,36.62
22-06-2025,25.5,83.5,GHAZIPUR,UTTAR PRADESH,D706,GHAZIPUR,36.28
23-06-2025,25.5,83.5,GHAZIPUR,UTTAR PRADESH,D706,GHAZIPUR,35.77
24-06-2025,25.5,83.5,GHAZIPUR,UTTAR PRADESH,D706,GHAZIPUR,36.08
25-06-2025,25.5,83.5,GHAZIPUR,UTTAR PRADESH,D706,GHAZIPUR,36.13
26-06-2025,25.5,83.5,GHAZIPUR,UTTAR PRADESH,D706,GHAZIPUR,35.52
27-06-2025,25.5,83.5,GHAZIPUR,UTTAR PRADESH,D706,GHAZIPUR,35.16
28-06-2025,25.5,83.5,GHAZIPUR,UTTAR PRADESH,D706,GHAZIPUR,34.86
29-06-2025,25.5,83.5,GHAZIPUR,UTTAR PRADESH,D706,GHAZIPUR,34.3
30-06-2025,25.5,83.5,GHAZIPUR,UTTAR PRADESH,D706,GHAZIPUR,34.39
01-07-2025,25.5,83.5,GHAZIPUR,UTTAR PRADESH,D706,GHAZIPUR,34.76
02-07-2025,25.5,83.5,GHAZIPUR,UTTAR PRADESH,D706,GHAZIPUR,34.3
03-07-2025,25.5,83.5,GHAZIPUR,UTTAR PRADESH,D706,GHAZIPUR,34.53
04-07-2025,25.5,83.5,GHAZIPUR,UTTAR PRADESH,D706,GHAZIPUR,34.37
05-07-2025,25.5,83.5,GHAZIPUR,UTTAR PRADESH,D706,GHAZIPUR,33.72
06-07-2025,25.5,83.5,GHAZIPUR,UTTAR PRADESH,D706,GHAZIPUR,34.2
07-07-2025,25.5,83.5,GHAZIPUR,UTTAR PRADESH,D706,GHAZIPUR,34.16
08-07-2025,25.5,83.5,GHAZIPUR,UTTAR PRADESH,D706,GHAZIPUR,34.43
09-07-2025,25.5,83.5,GHAZIPUR,UTTAR PRADESH,D706,GHAZIPUR,34.26
10-07-2025,25.5,83.5,GHAZIPUR,UTTAR PRADESH,D706,GHAZIPUR,33.74
11-07-2025,25.5,83.5,GHAZIPUR,UTTAR PRADESH,D706,GHAZIPUR,33.34
12-07-2025,25.5,83.5,GHAZIPUR,UTTAR PRADESH,D706,GHAZIPUR,33.49
13-07-2025,25.5,83.5,GHAZIPUR,UTTAR PRADESH,D706,GHAZIPUR,34.04
14-07-2025,25.5,83.5,GHAZIPUR,UTTAR PRADESH,D706,GHAZIPUR,34.15
15-07-2025,25.5,83.5,GHAZIPUR,UTTAR PRADESH,D706,GHAZIPUR,33.84
16-07-2025,25.5,83.5,GHAZIPUR,UTTAR PRADESH,D706,GHAZIPUR,33.63
17-07-2025,25.5,83.5,GHAZIPUR,UTTAR PRADESH,D706,GHAZIPUR,33.81
18-07-2025,25.5,83.5,GHAZIPUR,UTTAR PRADESH,D706,GHAZIPUR,34.09
19-07-2025,25.5,83.5,GHAZIPUR,UTTAR PRADESH,D706,GHAZIPUR,34.08
20-07-2025,25.5,83.5,GHAZIPUR,UTTAR PRADESH,D706,GHAZIPUR,33.75
21-07-2025,25.5,83.5,GHAZIPUR,UTTAR PRADESH,D706,GHAZIPUR,33.61
22-07-2025,25.5,83.5,GHAZIPUR,UTTAR PRADESH,D706,GHAZIPUR,33.79
23-07-2025,25.5,83.5,GHAZIPUR,UTTAR PRADESH,D706,GHAZIPUR,33.56
24-07-2025,25.5,83.5,GHAZIPUR,UTTAR PRADESH,D706,GHAZIPUR,33.36
25-07-2025,25.5,83.5,GHAZIPUR,UTTAR PRADESH,D706,GHAZIPUR,33.33
26-07-2025,25.5,83.5,GHAZIPUR,UTTAR PRADESH,D706,GHAZIPUR,33.49
27-07-2025,25.5,83.5,GHAZIPUR,UTTAR PRADESH,D706,GHAZIPUR,33.32
28-07-2025,25.5,83.5,GHAZIPUR,UTTAR PRADESH,D706,GHAZIPUR,33.46
29-07-2025,25.5,83.5,GHAZIPUR,UTTAR PRADESH,D706,GHAZIPUR,33.49
30-07-2025,25.5,83.5,GHAZIPUR,UTTAR PRADESH,D706,GHAZIPUR,33.5
31-07-2025,25.5,83.5,GHAZIPUR,UTTAR PRADESH,D706,GHAZIPUR,33.32
01-08-2025,25.5,83.5,GHAZIPUR,UTTAR PRADESH,D706,GHAZIPUR,33.31
02-08-2025,25.5,83.5,GHAZIPUR,UTTAR PRADESH,D706,GHAZIPUR,33.25
03-08-2025,25.5,83.5,GHAZIPUR,UTTAR PRADESH,D706,GHAZIPUR,32.92
04-08-2025,25.5,83.5,GHAZIPUR,UTTAR PRADESH,D706,GHAZIPUR,33.61
05-08-2025,25.5,83.5,GHAZIPUR,UTTAR PRADESH,D706,GHAZIPUR,33.55
06-08-2025,25.5,83.5,GHAZIPUR,UTTAR PRADESH,D706,GHAZIPUR,33.46
07-08-2025,25.5,83.5,GHAZIPUR,UTTAR PRADESH,D706,GHAZIPUR,33.76
08-08-2025,25.5,83.5,GHAZIPUR,UTTAR PRADESH,D706,GHAZIPUR,33.45
09-08-2025,25.5,83.5,GHAZIPUR,UTTAR PRADESH,D706,GHAZIPUR,33.7
10-08-2025,25.5,83.5,GHAZIPUR,UTTAR PRADESH,D706,GHAZIPUR,33.72
11-08-2025,25.5,83.5,GHAZIPUR,UTTAR PRADESH,D706,GHAZIPUR,33.27
12-08-2025,25.5,83.5,GHAZIPUR,UTTAR PRADESH,D706,GHAZIPUR,32.92
13-08-2025,25.5,83.5,GHAZIPUR,UTTAR PRADESH,D706,GHAZIPUR,32.49
14-08-2025,25.5,83.5,GHAZIPUR,UTTAR PRADESH,D706,GHAZIPUR,32.5
15-08-2025,25.5,83.5,GHAZIPUR,UTTAR PRADESH,D706,GHAZIPUR,32.64
16-08-2025,25.5,83.5,GHAZIPUR,UTTAR PRADESH,D706,GHAZIPUR,33.47
17-08-2025,25.5,83.5,GHAZIPUR,UTTAR PRADESH,D706,GHAZIPUR,33.09
18-08-2025,25.5,83.5,GHAZIPUR,UTTAR PRADESH,D706,GHAZIPUR,32.9
19-08-2025,25.5,83.5,GHAZIPUR,UTTAR PRADESH,D706,GHAZIPUR,32.73
20-08-2025,25.5,83.5,GHAZIPUR,UTTAR PRADESH,D706,GHAZIPUR,32.84
21-08-2025,25.5,83.5,GHAZIPUR,UTTAR PRADESH,D706,GHAZIPUR,33.16
22-08-2025,25.5,83.5,GHAZIPUR,UTTAR PRADESH,D706,GHAZIPUR,33.1
23-08-2025,25.5,83.5,GHAZIPUR,UTTAR PRADESH,D706,GHAZIPUR,32.99
24-08-2025,25.5,83.5,GHAZIPUR,UTTAR PRADESH,D706,GHAZIPUR,32.88
25-08-2025,25.5,83.5,GHAZIPUR,UTTAR PRADESH,D706,GHAZIPUR,33.23
26-08-2025,25.5,83.5,GHAZIPUR,UTTAR PRADESH,D706,GHAZIPUR,33.44
27-08-2025,25.5,83.5,GHAZIPUR,UTTAR PRADESH,D706,GHAZIPUR,33.5
28-08-2025,25.5,83.5,GHAZIPUR,UTTAR PRADESH,D706,GHAZIPUR,33.48
29-08-2025,25.5,83.5,GHAZIPUR,UTTAR PRADESH,D706,GHAZIPUR,33.84
30-08-2025,25.5,83.5,GHAZIPUR,UTTAR PRADESH,D706,GHAZIPUR,33.85
31-08-2025,25.5,83.5,GHAZIPUR,UTTAR PRADESH,D706,GHAZIPUR,33.58
01-09-2025,25.5,83.5,GHAZIPUR,UTTAR PRADESH,D706,GHAZIPUR,33.28
02-09-2025,25.5,83.5,GHAZIPUR,UTTAR PRADESH,D706,GHAZIPUR,33.06
03-09-2025,25.5,83.5,GHAZIPUR,UTTAR PRADESH,D706,GHAZIPUR,33.3
04-09-2025,25.5,83.5,GHAZIPUR,UTTAR PRADESH,D706,GHAZIPUR,33.55
05-09-2025,25.5,83.5,GHAZIPUR,UTTAR PRADESH,D706,GHAZIPUR,33.48
06-09-2025,25.5,83.5,GHAZIPUR,UTTAR PRADESH,D706,GHAZIPUR,33.25
07-09-2025,25.5,83.5,GHAZIPUR,UTTAR PRADESH,D706,GHAZIPUR,33.07
08-09-2025,25.5,83.5,GHAZIPUR,UTTAR PRADESH,D706,GHAZIPUR,33.24
09-09-2025,25.5,83.5,GHAZIPUR,UTTAR PRADESH,D706,GHAZIPUR,33.27
10-09-2025,25.5,83.5,GHAZIPUR,UTTAR PRADESH,D706,GHAZIPUR,33.37
11-09-2025,25.5,83.5,GHAZIPUR,UTTAR PRADESH,D706,GHAZIPUR,33.18
12-09-2025,25.5,83.5,GHAZIPUR,UTTAR PRADESH,D706,GHAZIPUR,33.19
13-09-2025,25.5,83.5,GHAZIPUR,UTTAR PRADESH,D706,GHAZIPUR,33.32
14-09-2025,25.5,83.5,GHAZIPUR,UTTAR PRADESH,D706,GHAZIPUR,33.09
15-09-2025,25.5,83.5,GHAZIPUR,UTTAR PRADESH,D706,GHAZIPUR,32.71
16-09-2025,25.5,83.5,GHAZIPUR,UTTAR PRADESH,D706,GHAZIPUR,33.11
17-09-2025,25.5,83.5,GHAZIPUR,UTTAR PRADESH,D706,GHAZIPUR,33.1
18-09-2025,25.5,83.5,GHAZIPUR,UTTAR PRADESH,D706,GHAZIPUR,33.06
19-09-2025,25.5,83.5,GHAZIPUR,UTTAR PRADESH,D706,GHAZIPUR,33.46
20-09-2025,25.5,83.5,GHAZIPUR,UTTAR PRADESH,D706,GHAZIPUR,33.38
21-09-2025,25.5,83.5,GHAZIPUR,UTTAR PRADESH,D706,GHAZIPUR,32.87
22-09-2025,25.5,83.5,GHAZIPUR,UTTAR PRADESH,D706,GHAZIPUR,32.75
23-09-2025,25.5,83.5,GHAZIPUR,UTTAR PRADESH,D706,GHAZIPUR,32.64
24-09-2025,25.5,83.5,GHAZIPUR,UTTAR PRADESH,D706,GHAZIPUR,32.58
25-09-2025,25.5,83.5,GHAZIPUR,UTTAR PRADESH,D706,GHAZIPUR,32.39
26-09-2025,25.5,83.5,GHAZIPUR,UTTAR PRADESH,D706,GHAZIPUR,32.51
27-09-2025,25.5,83.5,GHAZIPUR,UTTAR PRADESH,D706,GHAZIPUR,33.01
28-09-2025,25.5,83.5,GHAZIPUR,UTTAR PRADESH,D706,GHAZIPUR,33.2
29-09-2025,25.5,83.5,GHAZIPUR,UTTAR PRADESH,D706,GHAZIPUR,33.13
30-09-2025,25.5,83.5,GHAZIPUR,UTTAR PRADESH,D706,GHAZIPUR,33.06
01-10-2025,25.5,83.5,GHAZIPUR,UTTAR PRADESH,D706,GHAZIPUR,32.8
02-10-2025,25.5,83.5,GHAZIPUR,UTTAR PRADESH,D706,GHAZIPUR,32.62
03-10-2025,25.5,83.5,GHAZIPUR,UTTAR PRADESH,D706,GHAZIPUR,32.75
04-10-2025,25.5,83.5,GHAZIPUR,UTTAR PRADESH,D706,GHAZIPUR,32.6
05-10-2025,25.5,83.5,GHAZIPUR,UTTAR PRADESH,D706,GHAZIPUR,32.89
06-10-2025,25.5,83.5,GHAZIPUR,UTTAR PRADESH,D706,GHAZIPUR,33.05
07-10-2025,25.5,83.5,GHAZIPUR,UTTAR PRADESH,D706,GHAZIPUR,32.96
08-10-2025,25.5,83.5,GHAZIPUR,UTTAR PRADESH,D706,GHAZIPUR,33.02
09-10-2025,25.5,83.5,GHAZIPUR,UTTAR PRADESH,D706,GHAZIPUR,33.13
10-10-2025,25.5,83.5,GHAZIPUR,UTTAR PRADESH,D706,GHAZIPUR,33.28
11-10-2025,25.5,83.5,GHAZIPUR,UTTAR PRADESH,D706,GHAZIPUR,33.12
12-10-2025,25.5,83.5,GHAZIPUR,UTTAR PRADESH,D706,GHAZIPUR,32.88
13-10-2025,25.5,83.5,GHAZIPUR,UTTAR PRADESH,D706,GHAZIPUR,32.81
14-10-2025,25.5,83.5,GHAZIPUR,UTTAR PRADESH,D706,GHAZIPUR,32.55
15-10-2025,25.5,83.5,GHAZIPUR,UTTAR PRADESH,D706,GHAZIPUR,32.68
16-10-2025,25.5,83.5,GHAZIPUR,UTTAR PRADESH,D706,GHAZIPUR,32.58
17-10-2025,25.5,83.5,GHAZIPUR,UTTAR PRADESH,D706,GHAZIPUR,32.23
18-10-2025,25.5,83.5,GHAZIPUR,UTTAR PRADESH,D706,GHAZIPUR,32.15
19-10-2025,25.5,83.5,GHAZIPUR,UTTAR PRADESH,D706,GHAZIPUR,31.81
20-10-2025,25.5,83.5,GHAZIPUR,UTTAR PRADESH,D706,GHAZIPUR,31.68
21-10-2025,25.5,83.5,GHAZIPUR,UTTAR PRADESH,D706,GHAZIPUR,31.79
22-10-2025,25.5,83.5,GHAZIPUR,UTTAR PRADESH,D706,GHAZIPUR,31.98
23-10-2025,25.5,83.5,GHAZIPUR,UTTAR PRADESH,D706,GHAZIPUR,31.83
24-10-2025,25.5,83.5,GHAZIPUR,UTTAR PRADESH,D706,GHAZIPUR,31.62
25-10-2025,25.5,83.5,GHAZIPUR,UTTAR PRADESH,D706,GHAZIPUR,31.23
26-10-2025,25.5,83.5,GHAZIPUR,UTTAR PRADESH,D706,GHAZIPUR,31.19
27-10-2025,25.5,83.5,GHAZIPUR,UTTAR PRADESH,D706,GHAZIPUR,31.32
28-10-2025,25.5,83.5,GHAZIPUR,UTTAR PRADESH,D706,GHAZIPUR,31.03
29-10-2025,25.5,83.5,GHAZIPUR,UTTAR PRADESH,D706,GHAZIPUR,30.93
30-10-2025,25.5,83.5,GHAZIPUR,UTTAR PRADESH,D706,GHAZIPUR,30.9
31-10-2025,25.5,83.5,GHAZIPUR,UTTAR PRADESH,D706,GHAZIPUR,31
01-11-2025,25.5,83.5,GHAZIPUR,UTTAR PRADESH,D706,GHAZIPUR,31.03
02-11-2025,25.5,83.5,GHAZIPUR,UTTAR PRADESH,D706,GHAZIPUR,31.07
03-11-2025,25.5,83.5,GHAZIPUR,UTTAR PRADESH,D706,GHAZIPUR,31.01
04-11-2025,25.5,83.5,GHAZIPUR,UTTAR PRADESH,D706,GHAZIPUR,30.93
05-11-2025,25.5,83.5,GHAZIPUR,UTTAR PRADESH,D706,GHAZIPUR,31.09
06-11-2025,25.5,83.5,GHAZIPUR,UTTAR PRADESH,D706,GHAZIPUR,30.74
07-11-2025,25.5,83.5,GHAZIPUR,UTTAR PRADESH,D706,GHAZIPUR,30.75
08-11-2025,25.5,83.5,GHAZIPUR,UTTAR PRADESH,D706,GHAZIPUR,30.59
09-11-2025,25.5,83.5,GHAZIPUR,UTTAR PRADESH,D706,GHAZIPUR,30.22
10-11-2025,25.5,83.5,GHAZIPUR,UTTAR PRADESH,D706,GHAZIPUR,29.76
11-11-2025,25.5,83.5,GHAZIPUR,UTTAR PRADESH,D706,GHAZIPUR,29.75
12-11-2025,25.5,83.5,GHAZIPUR,UTTAR PRADESH,D706,GHAZIPUR,29.74
13-11-2025,25.5,83.5,GHAZIPUR,UTTAR PRADESH,D706,GHAZIPUR,29.6
14-11-2025,25.5,83.5,GHAZIPUR,UTTAR PRADESH,D706,GHAZIPUR,29.64
15-11-2025,25.5,83.5,GHAZIPUR,UTTAR PRADESH,D706,GHAZIPUR,29.6
16-11-2025,25.5,83.5,GHAZIPUR,UTTAR PRADESH,D706,GHAZIPUR,29.07
17-11-2025,25.5,83.5,GHAZIPUR,UTTAR PRADESH,D706,GHAZIPUR,29.2
18-11-2025,25.5,83.5,GHAZIPUR,UTTAR PRADESH,D706,GHAZIPUR,28.8
19-11-2025,25.5,83.5,GHAZIPUR,UTTAR PRADESH,D706,GHAZIPUR,28.69
20-11-2025,25.5,83.5,GHAZIPUR,UTTAR PRADESH,D706,GHAZIPUR,28.7
21-11-2025,25.5,83.5,GHAZIPUR,UTTAR PRADESH,D706,GHAZIPUR,28.4
22-11-2025,25.5,83.5,GHAZIPUR,UTTAR PRADESH,D706,GHAZIPUR,28.07
23-11-2025,25.5,83.5,GHAZIPUR,UTTAR PRADESH,D706,GHAZIPUR,28.17
24-11-2025,25.5,83.5,GHAZIPUR,UTTAR PRADESH,D706,GHAZIPUR,27.96
25-11-2025,25.5,83.5,GHAZIPUR,UTTAR PRADESH,D706,GHAZIPUR,27.87
26-11-2025,25.5,83.5,GHAZIPUR,UTTAR PRADESH,D706,GHAZIPUR,27.92
27-11-2025,25.5,83.5,GHAZIPUR,UTTAR PRADESH,D706,GHAZIPUR,27.43
28-11-2025,25.5,83.5,GHAZIPUR,UTTAR PRADESH,D706,GHAZIPUR,27.52
29-11-2025,25.5,83.5,GHAZIPUR,UTTAR PRADESH,D706,GHAZIPUR,27.63
30-11-2025,25.5,83.5,GHAZIPUR,UTTAR PRADESH,D706,GHAZIPUR,27.25
01-12-2025,25.5,83.5,GHAZIPUR,UTTAR PRADESH,D706,GHAZIPUR,26.99
02-12-2025,25.5,83.5,GHAZIPUR,UTTAR PRADESH,D706,GHAZIPUR,26.81
03-12-2025,25.5,83.5,GHAZIPUR,UTTAR PRADESH,D706,GHAZIPUR,26.49
04-12-2025,25.5,83.5,GHAZIPUR,UTTAR PRADESH,D706,GHAZIPUR,26.45
05-12-2025,25.5,83.5,GHAZIPUR,UTTAR PRADESH,D706,GHAZIPUR,26.28
06-12-2025,25.5,83.5,GHAZIPUR,UTTAR PRADESH,D706,GHAZIPUR,26.39
07-12-2025,25.5,83.5,GHAZIPUR,UTTAR PRADESH,D706,GHAZIPUR,26.2
08-12-2025,25.5,83.5,GHAZIPUR,UTTAR PRADESH,D706,GHAZIPUR,25.76
09-12-2025,25.5,83.5,GHAZIPUR,UTTAR PRADESH,D706,GHAZIPUR,25.55
10-12-2025,25.5,83.5,GHAZIPUR,UTTAR PRADESH,D706,GHAZIPUR,25.36
11-12-2025,25.5,83.5,GHAZIPUR,UTTAR PRADESH,D706,GHAZIPUR,25.31
12-12-2025,25.5,83.5,GHAZIPUR,UTTAR PRADESH,D706,GHAZIPUR,25.03
13-12-2025,25.5,83.5,GHAZIPUR,UTTAR PRADESH,D706,GHAZIPUR,24.6
14-12-2025,25.5,83.5,GHAZIPUR,UTTAR PRADESH,D706,GHAZIPUR,24.56
15-12-2025,25.5,83.5,GHAZIPUR,UTTAR PRADESH,D706,GHAZIPUR,24.2
16-12-2025,25.5,83.5,GHAZIPUR,UTTAR PRADESH,D706,GHAZIPUR,23.99
17-12-2025,25.5,83.5,GHAZIPUR,UTTAR PRADESH,D706,GHAZIPUR,23.63
18-12-2025,25.5,83.5,GHAZIPUR,UTTAR PRADESH,D706,GHAZIPUR,23.35
19-12-2025,25.5,83.5,GHAZIPUR,UTTAR PRADESH,D706,GHAZIPUR,23.18
20-12-2025,25.5,83.5,GHAZIPUR,UTTAR PRADESH,D706,GHAZIPUR,23.12
21-12-2025,25.5,83.5,GHAZIPUR,UTTAR PRADESH,D706,GHAZIPUR,22.93
22-12-2025,25.5,83.5,GHAZIPUR,UTTAR PRADESH,D706,GHAZIPUR,23
23-12-2025,25.5,83.5,GHAZIPUR,UTTAR PRADESH,D706,GHAZIPUR,23.16
24-12-2025,25.5,83.5,GHAZIPUR,UTTAR PRADESH,D706,GHAZIPUR,23.34
25-12-2025,25.5,83.5,GHAZIPUR,UTTAR PRADESH,D706,GHAZIPUR,22.99
26-12-2025,25.5,83.5,GHAZIPUR,UTTAR PRADESH,D706,GHAZIPUR,22.57
27-12-2025,25.5,83.5,GHAZIPUR,UTTAR PRADESH,D706,GHAZIPUR,22.68
28-12-2025,25.5,83.5,GHAZIPUR,UTTAR PRADESH,D706,GHAZIPUR,22.14
29-12-2025,25.5,83.5,GHAZIPUR,UTTAR PRADESH,D706,GHAZIPUR,21.87
30-12-2025,25.5,83.5,GHAZIPUR,UTTAR PRADESH,D706,GHAZIPUR,21.62
31-12-2025,25.5,83.5,GHAZIPUR,UTTAR PRADESH,D706,GHAZIPUR,21.56
01-01-2025,26.5,83.5,GORAKHPUR,UTTAR PRADESH,D709,BANSGAON,20.54
02-01-2025,26.5,83.5,GORAKHPUR,UTTAR PRADESH,D709,BANSGAON,20.28
03-01-2025,26.5,83.5,GORAKHPUR,UTTAR PRADESH,D709,BANSGAON,20.32
04-01-2025,26.5,83.5,GORAKHPUR,UTTAR PRADESH,D709,BANSGAON,20.45
05-01-2025,26.5,83.5,GORAKHPUR,UTTAR PRADESH,D709,BANSGAON,20.12
06-01-2025,26.5,83.5,GORAKHPUR,UTTAR PRADESH,D709,BANSGAON,20.34
07-01-2025,26.5,83.5,GORAKHPUR,UTTAR PRADESH,D709,BANSGAON,20.33
08-01-2025,26.5,83.5,GORAKHPUR,UTTAR PRADESH,D709,BANSGAON,20.19
09-01-2025,26.5,83.5,GORAKHPUR,UTTAR PRADESH,D709,BANSGAON,20.18
10-01-2025,26.5,83.5,GORAKHPUR,UTTAR PRADESH,D709,BANSGAON,20.92
11-01-2025,26.5,83.5,GORAKHPUR,UTTAR PRADESH,D709,BANSGAON,20.56
12-01-2025,26.5,83.5,GORAKHPUR,UTTAR PRADESH,D709,BANSGAON,20.93
13-01-2025,26.5,83.5,GORAKHPUR,UTTAR PRADESH,D709,BANSGAON,21.1
14-01-2025,26.5,83.5,GORAKHPUR,UTTAR PRADESH,D709,BANSGAON,21.06
15-01-2025,26.5,83.5,GORAKHPUR,UTTAR PRADESH,D709,BANSGAON,21.31
16-01-2025,26.5,83.5,GORAKHPUR,UTTAR PRADESH,D709,BANSGAON,20.67
17-01-2025,26.5,83.5,GORAKHPUR,UTTAR PRADESH,D709,BANSGAON,20.83
18-01-2025,26.5,83.5,GORAKHPUR,UTTAR PRADESH,D709,BANSGAON,20.85
19-01-2025,26.5,83.5,GORAKHPUR,UTTAR PRADESH,D709,BANSGAON,21.05
20-01-2025,26.5,83.5,GORAKHPUR,UTTAR PRADESH,D709,BANSGAON,21.18
21-01-2025,26.5,83.5,GORAKHPUR,UTTAR PRADESH,D709,BANSGAON,21.17
22-01-2025,26.5,83.5,GORAKHPUR,UTTAR PRADESH,D709,BANSGAON,21.39
23-01-2025,26.5,83.5,GORAKHPUR,UTTAR PRADESH,D709,BANSGAON,21.78
24-01-2025,26.5,83.5,GORAKHPUR,UTTAR PRADESH,D709,BANSGAON,22.07
25-01-2025,26.5,83.5,GORAKHPUR,UTTAR PRADESH,D709,BANSGAON,22.2
26-01-2025,26.5,83.5,GORAKHPUR,UTTAR PRADESH,D709,BANSGAON,22.62
27-01-2025,26.5,83.5,GORAKHPUR,UTTAR PRADESH,D709,BANSGAON,22.82
28-01-2025,26.5,83.5,GORAKHPUR,UTTAR PRADESH,D709,BANSGAON,22.55
29-01-2025,26.5,83.5,GORAKHPUR,UTTAR PRADESH,D709,BANSGAON,22.58
30-01-2025,26.5,83.5,GORAKHPUR,UTTAR PRADESH,D709,BANSGAON,23.07
31-01-2025,26.5,83.5,GORAKHPUR,UTTAR PRADESH,D709,BANSGAON,23.44
01-02-2025,26.5,83.5,GORAKHPUR,UTTAR PRADESH,D709,BANSGAON,23.5
02-02-2025,26.5,83.5,GORAKHPUR,UTTAR PRADESH,D709,BANSGAON,23.65
03-02-2025,26.5,83.5,GORAKHPUR,UTTAR PRADESH,D709,BANSGAON,24.35
04-02-2025,26.5,83.5,GORAKHPUR,UTTAR PRADESH,D709,BANSGAON,24.27
05-02-2025,26.5,83.5,GORAKHPUR,UTTAR PRADESH,D709,BANSGAON,24.48
06-02-2025,26.5,83.5,GORAKHPUR,UTTAR PRADESH,D709,BANSGAON,24.59
07-02-2025,26.5,83.5,GORAKHPUR,UTTAR PRADESH,D709,BANSGAON,24.67
08-02-2025,26.5,83.5,GORAKHPUR,UTTAR PRADESH,D709,BANSGAON,24.32
09-02-2025,26.5,83.5,GORAKHPUR,UTTAR PRADESH,D709,BANSGAON,24.84
10-02-2025,26.5,83.5,GORAKHPUR,UTTAR PRADESH,D709,BANSGAON,24.9
11-02-2025,26.5,83.5,GORAKHPUR,UTTAR PRADESH,D709,BANSGAON,25.06
12-02-2025,26.5,83.5,GORAKHPUR,UTTAR PRADESH,D709,BANSGAON,25.54
13-02-2025,26.5,83.5,GORAKHPUR,UTTAR PRADESH,D709,BANSGAON,25.37
14-02-2025,26.5,83.5,GORAKHPUR,UTTAR PRADESH,D709,BANSGAON,26.13
15-02-2025,26.5,83.5,GORAKHPUR,UTTAR PRADESH,D709,BANSGAON,26.15
16-02-2025,26.5,83.5,GORAKHPUR,UTTAR PRADESH,D709,BANSGAON,26.48
17-02-2025,26.5,83.5,GORAKHPUR,UTTAR PRADESH,D709,BANSGAON,27.11
18-02-2025,26.5,83.5,GORAKHPUR,UTTAR PRADESH,D709,BANSGAON,27.8
19-02-2025,26.5,83.5,GORAKHPUR,UTTAR PRADESH,D709,BANSGAON,28.14
20-02-2025,26.5,83.5,GORAKHPUR,UTTAR PRADESH,D709,BANSGAON,27.99
21-02-2025,26.5,83.5,GORAKHPUR,UTTAR PRADESH,D709,BANSGAON,27.94
22-02-2025,26.5,83.5,GORAKHPUR,UTTAR PRADESH,D709,BANSGAON,28.23
23-02-2025,26.5,83.5,GORAKHPUR,UTTAR PRADESH,D709,BANSGAON,28.66
24-02-2025,26.5,83.5,GORAKHPUR,UTTAR PRADESH,D709,BANSGAON,28.8
25-02-2025,26.5,83.5,GORAKHPUR,UTTAR PRADESH,D709,BANSGAON,28.51
26-02-2025,26.5,83.5,GORAKHPUR,UTTAR PRADESH,D709,BANSGAON,28.3
27-02-2025,26.5,83.5,GORAKHPUR,UTTAR PRADESH,D709,BANSGAON,28.62
28-02-2025,26.5,83.5,GORAKHPUR,UTTAR PRADESH,D709,BANSGAON,28.84
29-02-2025,26.5,83.5,GORAKHPUR,UTTAR PRADESH,D709,BANSGAON,28.76
01-03-2025,26.5,83.5,GORAKHPUR,UTTAR PRADESH,D709,BANSGAON,28.77
02-03-2025,26.5,83.5,GORAKHPUR,UTTAR PRADESH,D709,BANSGAON,29.41
03-03-2025,26.5,83.5,GORAKHPUR,UTTAR PRADESH,D709,BANSGAON,29.63
04-03-2025,26.5,83.5,GORAKHPUR,UTTAR PRADESH,D709,BANSGAON,30
05-03-2025,26.5,83.5,GORAKHPUR,UTTAR PRADESH,D709,BANSGAON,29.73
06-03-2025,26.5,83.5,GORAKHPUR,UTTAR PRADESH,D709,BANSGAON,29.8
07-03-2025,26.5,83.5,GORAKHPUR,UTTAR PRADESH,D709,BANSGAON,30.01
08-03-2025,26.5,83.5,GORAKHPUR,UTTAR PRADESH,D709,BANSGAON,30.01
09-03-2025,26.5,83.5,GORAKHPUR,UTTAR PRADESH,D709,BANSGAON,30.48
10-03-2025,26.5,83.5,GORAKHPUR,UTTAR PRADESH,D709,BANSGAON,30.44
11-03-2025,26.5,83.5,GORAKHPUR,UTTAR PRADESH,D709,BANSGAON,31.01
12-03-2025,26.5,83.5,GORAKHPUR,UTTAR PRADESH,D709,BANSGAON,30.97
13-03-2025,26.5,83.5,GORAKHPUR,UTTAR PRADESH,D709,BANSGAON,30.72
14-03-2025,26.5,83.5,GORAKHPUR,UTTAR PRADESH,D709,BANSGAON,31.03
15-03-2025,26.5,83.5,GORAKHPUR,UTTAR PRADESH,D709,BANSGAON,31.15
16-03-2025,26.5,83.5,GORAKHPUR,UTTAR PRADESH,D709,BANSGAON,31.97
17-03-2025,26.5,83.5,GORAKHPUR,UTTAR PRADESH,D709,BANSGAON,32.24
18-03-2025,26.5,83.5,GORAKHPUR,UTTAR PRADESH,D709,BANSGAON,33
19-03-2025,26.5,83.5,GORAKHPUR,UTTAR PRADESH,D709,BANSGAON,32.81
20-03-2025,26.5,83.5,GORAKHPUR,UTTAR PRADESH,D709,BANSGAON,33.13
21-03-2025,26.5,83.5,GORAKHPUR,UTTAR PRADESH,D709,BANSGAON,33.27
22-03-2025,26.5,83.5,GORAKHPUR,UTTAR PRADESH,D709,BANSGAON,33.76
23-03-2025,26.5,83.5,GORAKHPUR,UTTAR PRADESH,D709,BANSGAON,34.1
24-03-2025,26.5,83.5,GORAKHPUR,UTTAR PRADESH,D709,BANSGAON,34.49
25-03-2025,26.5,83.5,GORAKHPUR,UTTAR PRADESH,D709,BANSGAON,35.05
26-03-2025,26.5,83.5,GORAKHPUR,UTTAR PRADESH,D709,BANSGAON,34.93
27-03-2025,26.5,83.5,GORAKHPUR,UTTAR PRADESH,D709,BANSGAON,35.11
28-03-2025,26.5,83.5,GORAKHPUR,UTTAR PRADESH,D709,BANSGAON,35.44
29-03-2025,26.5,83.5,GORAKHPUR,UTTAR PRADESH,D709,BANSGAON,35.85
30-03-2025,26.5,83.5,GORAKHPUR,UTTAR PRADESH,D709,BANSGAON,35.57
31-03-2025,26.5,83.5,GORAKHPUR,UTTAR PRADESH,D709,BANSGAON,35.56
01-04-2025,26.5,83.5,GORAKHPUR,UTTAR PRADESH,D709,BANSGAON,36.05
02-04-2025,26.5,83.5,GORAKHPUR,UTTAR PRADESH,D709,BANSGAON,36.32
03-04-2025,26.5,83.5,GORAKHPUR,UTTAR PRADESH,D709,BANSGAON,36.76
04-04-2025,26.5,83.5,GORAKHPUR,UTTAR PRADESH,D709,BANSGAON,36.53
05-04-2025,26.5,83.5,GORAKHPUR,UTTAR PRADESH,D709,BANSGAON,36.75
06-04-2025,26.5,83.5,GORAKHPUR,UTTAR PRADESH,D709,BANSGAON,37.37
07-04-2025,26.5,83.5,GORAKHPUR,UTTAR PRADESH,D709,BANSGAON,37.78
08-04-2025,26.5,83.5,GORAKHPUR,UTTAR PRADESH,D709,BANSGAON,37.53
09-04-2025,26.5,83.5,GORAKHPUR,UTTAR PRADESH,D709,BANSGAON,37.49
10-04-2025,26.5,83.5,GORAKHPUR,UTTAR PRADESH,D709,BANSGAON,37.44
11-04-2025,26.5,83.5,GORAKHPUR,UTTAR PRADESH,D709,BANSGAON,37.8
12-04-2025,26.5,83.5,GORAKHPUR,UTTAR PRADESH,D709,BANSGAON,37.78
13-04-2025,26.5,83.5,GORAKHPUR,UTTAR PRADESH,D709,BANSGAON,37.81
14-04-2025,26.5,83.5,GORAKHPUR,UTTAR PRADESH,D709,BANSGAON,37.96
15-04-2025,26.5,83.5,GORAKHPUR,UTTAR PRADESH,D709,BANSGAON,37.8
16-04-2025,26.5,83.5,GORAKHPUR,UTTAR PRADESH,D709,BANSGAON,38.14
17-04-2025,26.5,83.5,GORAKHPUR,UTTAR PRADESH,D709,BANSGAON,38.11
18-04-2025,26.5,83.5,GORAKHPUR,UTTAR PRADESH,D709,BANSGAON,37.79
19-04-2025,26.5,83.5,GORAKHPUR,UTTAR PRADESH,D709,BANSGAON,38.16
20-04-2025,26.5,83.5,GORAKHPUR,UTTAR PRADESH,D709,BANSGAON,38.11
21-04-2025,26.5,83.5,GORAKHPUR,UTTAR PRADESH,D709,BANSGAON,37.41
22-04-2025,26.5,83.5,GORAKHPUR,UTTAR PRADESH,D709,BANSGAON,37.73
23-04-2025,26.5,83.5,GORAKHPUR,UTTAR PRADESH,D709,BANSGAON,38.26
24-04-2025,26.5,83.5,GORAKHPUR,UTTAR PRADESH,D709,BANSGAON,38.27
25-04-2025,26.5,83.5,GORAKHPUR,UTTAR PRADESH,D709,BANSGAON,38.09
26-04-2025,26.5,83.5,GORAKHPUR,UTTAR PRADESH,D709,BANSGAON,38.38
27-04-2025,26.5,83.5,GORAKHPUR,UTTAR PRADESH,D709,BANSGAON,38.4
28-04-2025,26.5,83.5,GORAKHPUR,UTTAR PRADESH,D709,BANSGAON,38.43
29-04-2025,26.5,83.5,GORAKHPUR,UTTAR PRADESH,D709,BANSGAON,38.64
30-04-2025,26.5,83.5,GORAKHPUR,UTTAR PRADESH,D709,BANSGAON,38.23
01-05-2025,26.5,83.5,GORAKHPUR,UTTAR PRADESH,D709,BANSGAON,37.97
02-05-2025,26.5,83.5,GORAKHPUR,UTTAR PRADESH,D709,BANSGAON,37.52
03-05-2025,26.5,83.5,GORAKHPUR,UTTAR PRADESH,D709,BANSGAON,37.14
04-05-2025,26.5,83.5,GORAKHPUR,UTTAR PRADESH,D709,BANSGAON,37.42
05-05-2025,26.5,83.5,GORAKHPUR,UTTAR PRADESH,D709,BANSGAON,37.31
06-05-2025,26.5,83.5,GORAKHPUR,UTTAR PRADESH,D709,BANSGAON,37.84
07-05-2025,26.5,83.5,GORAKHPUR,UTTAR PRADESH,D709,BANSGAON,37.22
08-05-2025,26.5,83.5,GORAKHPUR,UTTAR PRADESH,D709,BANSGAON,37.85
09-05-2025,26.5,83.5,GORAKHPUR,UTTAR PRADESH,D709,BANSGAON,38.05
10-05-2025,26.5,83.5,GORAKHPUR,UTTAR PRADESH,D709,BANSGAON,38.16
11-05-2025,26.5,83.5,GORAKHPUR,UTTAR PRADESH,D709,BANSGAON,37.99
12-05-2025,26.5,83.5,GORAKHPUR,UTTAR PRADESH,D709,BANSGAON,37.55
13-05-2025,26.5,83.5,GORAKHPUR,UTTAR PRADESH,D709,BANSGAON,37.96
14-05-2025,26.5,83.5,GORAKHPUR,UTTAR PRADESH,D709,BANSGAON,38.3
15-05-2025,26.5,83.5,GORAKHPUR,UTTAR PRADESH,D709,BANSGAON,38.02
16-05-2025,26.5,83.5,GORAKHPUR,UTTAR PRADESH,D709,BANSGAON,38.46
17-05-2025,26.5,83.5,GORAKHPUR,UTTAR PRADESH,D709,BANSGAON,38.78
18-05-2025,26.5,83.5,GORAKHPUR,UTTAR PRADESH,D709,BANSGAON,38.91
19-05-2025,26.5,83.5,GORAKHPUR,UTTAR PRADESH,D709,BANSGAON,38.49
20-05-2025,26.5,83.5,GORAKHPUR,UTTAR PRADESH,D709,BANSGAON,38.04
21-05-2025,26.5,83.5,GORAKHPUR,UTTAR PRADESH,D709,BANSGAON,38.31
22-05-2025,26.5,83.5,GORAKHPUR,UTTAR PRADESH,D709,BANSGAON,38.26
23-05-2025,26.5,83.5,GORAKHPUR,UTTAR PRADESH,D709,BANSGAON,38.41
24-05-2025,26.5,83.5,GORAKHPUR,UTTAR PRADESH,D709,BANSGAON,38.28
25-05-2025,26.5,83.5,GORAKHPUR,UTTAR PRADESH,D709,BANSGAON,38.49
26-05-2025,26.5,83.5,GORAKHPUR,UTTAR PRADESH,D709,BANSGAON,38.95
27-05-2025,26.5,83.5,GORAKHPUR,UTTAR PRADESH,D709,BANSGAON,38.14
28-05-2025,26.5,83.5,GORAKHPUR,UTTAR PRADESH,D709,BANSGAON,38.28
29-05-2025,26.5,83.5,GORAKHPUR,UTTAR PRADESH,D709,BANSGAON,38.42
30-05-2025,26.5,83.5,GORAKHPUR,UTTAR PRADESH,D709,BANSGAON,38.53
31-05-2025,26.5,83.5,GORAKHPUR,UTTAR PRADESH,D709,BANSGAON,38.57
01-06-2025,26.5,83.5,GORAKHPUR,UTTAR PRADESH,D709,BANSGAON,38.69
02-06-2025,26.5,83.5,GORAKHPUR,UTTAR PRADESH,D709,BANSGAON,38.84
03-06-2025,26.5,83.5,GORAKHPUR,UTTAR PRADESH,D709,BANSGAON,39.06
04-06-2025,26.5,83.5,GORAKHPUR,UTTAR PRADESH,D709,BANSGAON,38.47
05-06-2025,26.5,83.5,GORAKHPUR,UTTAR PRADESH,D709,BANSGAON,38.6
06-06-2025,26.5,83.5,GORAKHPUR,UTTAR PRADESH,D709,BANSGAON,37.8
07-06-2025,26.5,83.5,GORAKHPUR,UTTAR PRADESH,D709,BANSGAON,37.83
08-06-2025,26.5,83.5,GORAKHPUR,UTTAR PRADESH,D709,BANSGAON,37.9
09-06-2025,26.5,83.5,GORAKHPUR,UTTAR PRADESH,D709,BANSGAON,38.26
10-06-2025,26.5,83.5,GORAKHPUR,UTTAR PRADESH,D709,BANSGAON,38.41
11-06-2025,26.5,83.5,GORAKHPUR,UTTAR PRADESH,D709,BANSGAON,38.55
12-06-2025,26.5,83.5,GORAKHPUR,UTTAR PRADESH,D709,BANSGAON,38.54
13-06-2025,26.5,83.5,GORAKHPUR,UTTAR PRADESH,D709,BANSGAON,38.24
14-06-2025,26.5,83.5,GORAKHPUR,UTTAR PRADESH,D709,BANSGAON,37.93
15-06-2025,26.5,83.5,GORAKHPUR,UTTAR PRADESH,D709,BANSGAON,37.38
16-06-2025,26.5,83.5,GORAKHPUR,UTTAR PRADESH,D709,BANSGAON,36.87
17-06-2025,26.5,83.5,GORAKHPUR,UTTAR PRADESH,D709,BANSGAON,36.79
18-06-2025,26.5,83.5,GORAKHPUR,UTTAR PRADESH,D709,BANSGAON,36.6
19-06-2025,26.5,83.5,GORAKHPUR,UTTAR PRADESH,D709,BANSGAON,36.03
20-06-2025,26.5,83.5,GORAKHPUR,UTTAR PRADESH,D709,BANSGAON,36.01
21-06-2025,26.5,83.5,GORAKHPUR,UTTAR PRADESH,D709,BANSGAON,36.06
22-06-2025,26.5,83.5,GORAKHPUR,UTTAR PRADESH,D709,BANSGAON,35.79
23-06-2025,26.5,83.5,GORAKHPUR,UTTAR PRADESH,D709,BANSGAON,35.51
24-06-2025,26.5,83.5,GORAKHPUR,UTTAR PRADESH,D709,BANSGAON,35.67
25-06-2025,26.5,83.5,GORAKHPUR,UTTAR PRADESH,D709,BANSGAON,35.82
26-06-2025,26.5,83.5,GORAKHPUR,UTTAR PRADESH,D709,BANSGAON,35.37
27-06-2025,26.5,83.5,GORAKHPUR,UTTAR PRADESH,D709,BANSGAON,34.93
28-06-2025,26.5,83.5,GORAKHPUR,UTTAR PRADESH,D709,BANSGAON,34.56
29-06-2025,26.5,83.5,GORAKHPUR,UTTAR PRADESH,D709,BANSGAON,33.79
30-06-2025,26.5,83.5,GORAKHPUR,UTTAR PRADESH,D709,BANSGAON,33.96
01-07-2025,26.5,83.5,GORAKHPUR,UTTAR PRADESH,D709,BANSGAON,34.5
02-07-2025,26.5,83.5,GORAKHPUR,UTTAR PRADESH,D709,BANSGAON,34.06
03-07-2025,26.5,83.5,GORAKHPUR,UTTAR PRADESH,D709,BANSGAON,34.4
04-07-2025,26.5,83.5,GORAKHPUR,UTTAR PRADESH,D709,BANSGAON,34.17
05-07-2025,26.5,83.5,GORAKHPUR,UTTAR PRADESH,D709,BANSGAON,33.62
06-07-2025,26.5,83.5,GORAKHPUR,UTTAR PRADESH,D709,BANSGAON,33.86
07-07-2025,26.5,83.5,GORAKHPUR,UTTAR PRADESH,D709,BANSGAON,33.98
08-07-2025,26.5,83.5,GORAKHPUR,UTTAR PRADESH,D709,BANSGAON,34.32
09-07-2025,26.5,83.5,GORAKHPUR,UTTAR PRADESH,D709,BANSGAON,34.31
10-07-2025,26.5,83.5,GORAKHPUR,UTTAR PRADESH,D709,BANSGAON,33.61
11-07-2025,26.5,83.5,GORAKHPUR,UTTAR PRADESH,D709,BANSGAON,33.18
12-07-2025,26.5,83.5,GORAKHPUR,UTTAR PRADESH,D709,BANSGAON,33.63
13-07-2025,26.5,83.5,GORAKHPUR,UTTAR PRADESH,D709,BANSGAON,34.1
14-07-2025,26.5,83.5,GORAKHPUR,UTTAR PRADESH,D709,BANSGAON,34.19
15-07-2025,26.5,83.5,GORAKHPUR,UTTAR PRADESH,D709,BANSGAON,34.02
16-07-2025,26.5,83.5,GORAKHPUR,UTTAR PRADESH,D709,BANSGAON,33.62
17-07-2025,26.5,83.5,GORAKHPUR,UTTAR PRADESH,D709,BANSGAON,33.83
18-07-2025,26.5,83.5,GORAKHPUR,UTTAR PRADESH,D709,BANSGAON,33.82
19-07-2025,26.5,83.5,GORAKHPUR,UTTAR PRADESH,D709,BANSGAON,34.05
20-07-2025,26.5,83.5,GORAKHPUR,UTTAR PRADESH,D709,BANSGAON,33.36
21-07-2025,26.5,83.5,GORAKHPUR,UTTAR PRADESH,D709,BANSGAON,33.53
22-07-2025,26.5,83.5,GORAKHPUR,UTTAR PRADESH,D709,BANSGAON,33.6
23-07-2025,26.5,83.5,GORAKHPUR,UTTAR PRADESH,D709,BANSGAON,33.67
24-07-2025,26.5,83.5,GORAKHPUR,UTTAR PRADESH,D709,BANSGAON,33.3
25-07-2025,26.5,83.5,GORAKHPUR,UTTAR PRADESH,D709,BANSGAON,33.3
26-07-2025,26.5,83.5,GORAKHPUR,UTTAR PRADESH,D709,BANSGAON,33.13
27-07-2025,26.5,83.5,GORAKHPUR,UTTAR PRADESH,D709,BANSGAON,33.11
28-07-2025,26.5,83.5,GORAKHPUR,UTTAR PRADESH,D709,BANSGAON,33.43
29-07-2025,26.5,83.5,GORAKHPUR,UTTAR PRADESH,D709,BANSGAON,33.29
30-07-2025,26.5,83.5,GORAKHPUR,UTTAR PRADESH,D709,BANSGAON,33.43
31-07-2025,26.5,83.5,GORAKHPUR,UTTAR PRADESH,D709,BANSGAON,33.24
01-08-2025,26.5,83.5,GORAKHPUR,UTTAR PRADESH,D709,BANSGAON,33.34
02-08-2025,26.5,83.5,GORAKHPUR,UTTAR PRADESH,D709,BANSGAON,33.32
03-08-2025,26.5,83.5,GORAKHPUR,UTTAR PRADESH,D709,BANSGAON,33.03
04-08-2025,26.5,83.5,GORAKHPUR,UTTAR PRADESH,D709,BANSGAON,33.69
05-08-2025,26.5,83.5,GORAKHPUR,UTTAR PRADESH,D709,BANSGAON,33.63
06-08-2025,26.5,83.5,GORAKHPUR,UTTAR PRADESH,D709,BANSGAON,33.56
07-08-2025,26.5,83.5,GORAKHPUR,UTTAR PRADESH,D709,BANSGAON,34.01
08-08-2025,26.5,83.5,GORAKHPUR,UTTAR PRADESH,D709,BANSGAON,33.55
09-08-2025,26.5,83.5,GORAKHPUR,UTTAR PRADESH,D709,BANSGAON,33.67
10-08-2025,26.5,83.5,GORAKHPUR,UTTAR PRADESH,D709,BANSGAON,33.72
11-08-2025,26.5,83.5,GORAKHPUR,UTTAR PRADESH,D709,BANSGAON,33.32
12-08-2025,26.5,83.5,GORAKHPUR,UTTAR PRADESH,D709,BANSGAON,32.99
13-08-2025,26.5,83.5,GORAKHPUR,UTTAR PRADESH,D709,BANSGAON,32.56
14-08-2025,26.5,83.5,GORAKHPUR,UTTAR PRADESH,D709,BANSGAON,32.67
15-08-2025,26.5,83.5,GORAKHPUR,UTTAR PRADESH,D709,BANSGAON,32.77
16-08-2025,26.5,83.5,GORAKHPUR,UTTAR PRADESH,D709,BANSGAON,33.56
17-08-2025,26.5,83.5,GORAKHPUR,UTTAR PRADESH,D709,BANSGAON,33.31
18-08-2025,26.5,83.5,GORAKHPUR,UTTAR PRADESH,D709,BANSGAON,33.05
19-08-2025,26.5,83.5,GORAKHPUR,UTTAR PRADESH,D709,BANSGAON,32.58
20-08-2025,26.5,83.5,GORAKHPUR,UTTAR PRADESH,D709,BANSGAON,32.82
21-08-2025,26.5,83.5,GORAKHPUR,UTTAR PRADESH,D709,BANSGAON,33.18
22-08-2025,26.5,83.5,GORAKHPUR,UTTAR PRADESH,D709,BANSGAON,33.28
23-08-2025,26.5,83.5,GORAKHPUR,UTTAR PRADESH,D709,BANSGAON,32.95
24-08-2025,26.5,83.5,GORAKHPUR,UTTAR PRADESH,D709,BANSGAON,33.06
25-08-2025,26.5,83.5,GORAKHPUR,UTTAR PRADESH,D709,BANSGAON,33.32
26-08-2025,26.5,83.5,GORAKHPUR,UTTAR PRADESH,D709,BANSGAON,33.63
27-08-2025,26.5,83.5,GORAKHPUR,UTTAR PRADESH,D709,BANSGAON,33.55
28-08-2025,26.5,83.5,GORAKHPUR,UTTAR PRADESH,D709,BANSGAON,33.41
29-08-2025,26.5,83.5,GORAKHPUR,UTTAR PRADESH,D709,BANSGAON,33.7
30-08-2025,26.5,83.5,GORAKHPUR,UTTAR PRADESH,D709,BANSGAON,33.83
31-08-2025,26.5,83.5,GORAKHPUR,UTTAR PRADESH,D709,BANSGAON,33.41
01-09-2025,26.5,83.5,GORAKHPUR,UTTAR PRADESH,D709,BANSGAON,33.09
02-09-2025,26.5,83.5,GORAKHPUR,UTTAR PRADESH,D709,BANSGAON,33.02
03-09-2025,26.5,83.5,GORAKHPUR,UTTAR PRADESH,D709,BANSGAON,33.39
04-09-2025,26.5,83.5,GORAKHPUR,UTTAR PRADESH,D709,BANSGAON,33.57
05-09-2025,26.5,83.5,GORAKHPUR,UTTAR PRADESH,D709,BANSGAON,33.41
06-09-2025,26.5,83.5,GORAKHPUR,UTTAR PRADESH,D709,BANSGAON,33.34
07-09-2025,26.5,83.5,GORAKHPUR,UTTAR PRADESH,D709,BANSGAON,33.31
08-09-2025,26.5,83.5,GORAKHPUR,UTTAR PRADESH,D709,BANSGAON,33.51
09-09-2025,26.5,83.5,GORAKHPUR,UTTAR PRADESH,D709,BANSGAON,33.25
10-09-2025,26.5,83.5,GORAKHPUR,UTTAR PRADESH,D709,BANSGAON,33.35
11-09-2025,26.5,83.5,GORAKHPUR,UTTAR PRADESH,D709,BANSGAON,33.2
12-09-2025,26.5,83.5,GORAKHPUR,UTTAR PRADESH,D709,BANSGAON,33.07
13-09-2025,26.5,83.5,GORAKHPUR,UTTAR PRADESH,D709,BANSGAON,33.38
14-09-2025,26.5,83.5,GORAKHPUR,UTTAR PRADESH,D709,BANSGAON,33.03
15-09-2025,26.5,83.5,GORAKHPUR,UTTAR PRADESH,D709,BANSGAON,32.62
16-09-2025,26.5,83.5,GORAKHPUR,UTTAR PRADESH,D709,BANSGAON,33
17-09-2025,26.5,83.5,GORAKHPUR,UTTAR PRADESH,D709,BANSGAON,33.04
18-09-2025,26.5,83.5,GORAKHPUR,UTTAR PRADESH,D709,BANSGAON,33.16
19-09-2025,26.5,83.5,GORAKHPUR,UTTAR PRADESH,D709,BANSGAON,33.57
20-09-2025,26.5,83.5,GORAKHPUR,UTTAR PRADESH,D709,BANSGAON,33.47
21-09-2025,26.5,83.5,GORAKHPUR,UTTAR PRADESH,D709,BANSGAON,33.04
22-09-2025,26.5,83.5,GORAKHPUR,UTTAR PRADESH,D709,BANSGAON,32.87
23-09-2025,26.5,83.5,GORAKHPUR,UTTAR PRADESH,D709,BANSGAON,32.96
24-09-2025,26.5,83.5,GORAKHPUR,UTTAR PRADESH,D709,BANSGAON,32.82
25-09-2025,26.5,83.5,GORAKHPUR,UTTAR PRADESH,D709,BANSGAON,32.44
26-09-2025,26.5,83.5,GORAKHPUR,UTTAR PRADESH,D709,BANSGAON,32.49
27-09-2025,26.5,83.5,GORAKHPUR,UTTAR PRADESH,D709,BANSGAON,33.04
28-09-2025,26.5,83.5,GORAKHPUR,UTTAR PRADESH,D709,BANSGAON,33.18
29-09-2025,26.5,83.5,GORAKHPUR,UTTAR PRADESH,D709,BANSGAON,33.2
30-09-2025,26.5,83.5,GORAKHPUR,UTTAR PRADESH,D709,BANSGAON,33.23
01-10-2025,26.5,83.5,GORAKHPUR,UTTAR PRADESH,D709,BANSGAON,33.02
02-10-2025,26.5,83.5,GORAKHPUR,UTTAR PRADESH,D709,BANSGAON,32.7
03-10-2025,26.5,83.5,GORAKHPUR,UTTAR PRADESH,D709,BANSGAON,32.69
04-10-2025,26.5,83.5,GORAKHPUR,UTTAR PRADESH,D709,BANSGAON,32.51
05-10-2025,26.5,83.5,GORAKHPUR,UTTAR PRADESH,D709,BANSGAON,32.95
06-10-2025,26.5,83.5,GORAKHPUR,UTTAR PRADESH,D709,BANSGAON,33.24
07-10-2025,26.5,83.5,GORAKHPUR,UTTAR PRADESH,D709,BANSGAON,33
08-10-2025,26.5,83.5,GORAKHPUR,UTTAR PRADESH,D709,BANSGAON,33.07
09-10-2025,26.5,83.5,GORAKHPUR,UTTAR PRADESH,D709,BANSGAON,33.19
10-10-2025,26.5,83.5,GORAKHPUR,UTTAR PRADESH,D709,BANSGAON,33.43
11-10-2025,26.5,83.5,GORAKHPUR,UTTAR PRADESH,D709,BANSGAON,33.17
12-10-2025,26.5,83.5,GORAKHPUR,UTTAR PRADESH,D709,BANSGAON,32.94
13-10-2025,26.5,83.5,GORAKHPUR,UTTAR PRADESH,D709,BANSGAON,32.82
14-10-2025,26.5,83.5,GORAKHPUR,UTTAR PRADESH,D709,BANSGAON,32.66
15-10-2025,26.5,83.5,GORAKHPUR,UTTAR PRADESH,D709,BANSGAON,32.84
16-10-2025,26.5,83.5,GORAKHPUR,UTTAR PRADESH,D709,BANSGAON,32.83
17-10-2025,26.5,83.5,GORAKHPUR,UTTAR PRADESH,D709,BANSGAON,32.46
18-10-2025,26.5,83.5,GORAKHPUR,UTTAR PRADESH,D709,BANSGAON,32.13
19-10-2025,26.5,83.5,GORAKHPUR,UTTAR PRADESH,D709,BANSGAON,31.95
20-10-2025,26.5,83.5,GORAKHPUR,UTTAR PRADESH,D709,BANSGAON,31.91
21-10-2025,26.5,83.5,GORAKHPUR,UTTAR PRADESH,D709,BANSGAON,32.03
22-10-2025,26.5,83.5,GORAKHPUR,UTTAR PRADESH,D709,BANSGAON,32.19
23-10-2025,26.5,83.5,GORAKHPUR,UTTAR PRADESH,D709,BANSGAON,32.08
24-10-2025,26.5,83.5,GORAKHPUR,UTTAR PRADESH,D709,BANSGAON,31.75
25-10-2025,26.5,83.5,GORAKHPUR,UTTAR PRADESH,D709,BANSGAON,31.4
26-10-2025,26.5,83.5,GORAKHPUR,UTTAR PRADESH,D709,BANSGAON,31.3
27-10-2025,26.5,83.5,GORAKHPUR,UTTAR PRADESH,D709,BANSGAON,31.33
28-10-2025,26.5,83.5,GORAKHPUR,UTTAR PRADESH,D709,BANSGAON,30.91
29-10-2025,26.5,83.5,GORAKHPUR,UTTAR PRADESH,D709,BANSGAON,31.13
30-10-2025,26.5,83.5,GORAKHPUR,UTTAR PRADESH,D709,BANSGAON,31.07
31-10-2025,26.5,83.5,GORAKHPUR,UTTAR PRADESH,D709,BANSGAON,31.16
01-11-2025,26.5,83.5,GORAKHPUR,UTTAR PRADESH,D709,BANSGAON,31.21
02-11-2025,26.5,83.5,GORAKHPUR,UTTAR PRADESH,D709,BANSGAON,31.16
03-11-2025,26.5,83.5,GORAKHPUR,UTTAR PRADESH,D709,BANSGAON,31.13
04-11-2025,26.5,83.5,GORAKHPUR,UTTAR PRADESH,D709,BANSGAON,30.94
05-11-2025,26.5,83.5,GORAKHPUR,UTTAR PRADESH,D709,BANSGAON,30.98
06-11-2025,26.5,83.5,GORAKHPUR,UTTAR PRADESH,D709,BANSGAON,30.67
07-11-2025,26.5,83.5,GORAKHPUR,UTTAR PRADESH,D709,BANSGAON,30.69
08-11-2025,26.5,83.5,GORAKHPUR,UTTAR PRADESH,D709,BANSGAON,30.6
09-11-2025,26.5,83.5,GORAKHPUR,UTTAR PRADESH,D709,BANSGAON,30.33
10-11-2025,26.5,83.5,GORAKHPUR,UTTAR PRADESH,D709,BANSGAON,29.77
11-11-2025,26.5,83.5,GORAKHPUR,UTTAR PRADESH,D709,BANSGAON,29.64
12-11-2025,26.5,83.5,GORAKHPUR,UTTAR PRADESH,D709,BANSGAON,29.59
13-11-2025,26.5,83.5,GORAKHPUR,UTTAR PRADESH,D709,BANSGAON,29.55
14-11-2025,26.5,83.5,GORAKHPUR,UTTAR PRADESH,D709,BANSGAON,29.52
15-11-2025,26.5,83.5,GORAKHPUR,UTTAR PRADESH,D709,BANSGAON,29.46
16-11-2025,26.5,83.5,GORAKHPUR,UTTAR PRADESH,D709,BANSGAON,28.95
17-11-2025,26.5,83.5,GORAKHPUR,UTTAR PRADESH,D709,BANSGAON,29.19
18-11-2025,26.5,83.5,GORAKHPUR,UTTAR PRADESH,D709,BANSGAON,28.65
19-11-2025,26.5,83.5,GORAKHPUR,UTTAR PRADESH,D709,BANSGAON,28.57
20-11-2025,26.5,83.5,GORAKHPUR,UTTAR PRADESH,D709,BANSGAON,28.53
21-11-2025,26.5,83.5,GORAKHPUR,UTTAR PRADESH,D709,BANSGAON,28.24
22-11-2025,26.5,83.5,GORAKHPUR,UTTAR PRADESH,D709,BANSGAON,27.86
23-11-2025,26.5,83.5,GORAKHPUR,UTTAR PRADESH,D709,BANSGAON,28.13
24-11-2025,26.5,83.5,GORAKHPUR,UTTAR PRADESH,D709,BANSGAON,27.86
25-11-2025,26.5,83.5,GORAKHPUR,UTTAR PRADESH,D709,BANSGAON,27.66
26-11-2025,26.5,83.5,GORAKHPUR,UTTAR PRADESH,D709,BANSGAON,27.83
27-11-2025,26.5,83.5,GORAKHPUR,UTTAR PRADESH,D709,BANSGAON,27.4
28-11-2025,26.5,83.5,GORAKHPUR,UTTAR PRADESH,D709,BANSGAON,27.53
29-11-2025,26.5,83.5,GORAKHPUR,UTTAR PRADESH,D709,BANSGAON,27.46
30-11-2025,26.5,83.5,GORAKHPUR,UTTAR PRADESH,D709,BANSGAON,27.11
01-12-2025,26.5,83.5,GORAKHPUR,UTTAR PRADESH,D709,BANSGAON,26.93
02-12-2025,26.5,83.5,GORAKHPUR,UTTAR PRADESH,D709,BANSGAON,26.8
03-12-2025,26.5,83.5,GORAKHPUR,UTTAR PRADESH,D709,BANSGAON,26.44
04-12-2025,26.5,83.5,GORAKHPUR,UTTAR PRADESH,D709,BANSGAON,26.48
05-12-2025,26.5,83.5,GORAKHPUR,UTTAR PRADESH,D709,BANSGAON,26.18
06-12-2025,26.5,83.5,GORAKHPUR,UTTAR PRADESH,D709,BANSGAON,26.35
07-12-2025,26.5,83.5,GORAKHPUR,UTTAR PRADESH,D709,BANSGAON,26
08-12-2025,26.5,83.5,GORAKHPUR,UTTAR PRADESH,D709,BANSGAON,25.47
09-12-2025,26.5,83.5,GORAKHPUR,UTTAR PRADESH,D709,BANSGAON,25.38
10-12-2025,26.5,83.5,GORAKHPUR,UTTAR PRADESH,D709,BANSGAON,25.2
11-12-2025,26.5,83.5,GORAKHPUR,UTTAR PRADESH,D709,BANSGAON,25.1
12-12-2025,26.5,83.5,GORAKHPUR,UTTAR PRADESH,D709,BANSGAON,24.98
13-12-2025,26.5,83.5,GORAKHPUR,UTTAR PRADESH,D709,BANSGAON,24.52
14-12-2025,26.5,83.5,GORAKHPUR,UTTAR PRADESH,D709,BANSGAON,24.3
15-12-2025,26.5,83.5,GORAKHPUR,UTTAR PRADESH,D709,BANSGAON,24.11
16-12-2025,26.5,83.5,GORAKHPUR,UTTAR PRADESH,D709,BANSGAON,23.69
17-12-2025,26.5,83.5,GORAKHPUR,UTTAR PRADESH,D709,BANSGAON,23.45
18-12-2025,26.5,83.5,GORAKHPUR,UTTAR PRADESH,D709,BANSGAON,23.16
19-12-2025,26.5,83.5,GORAKHPUR,UTTAR PRADESH,D709,BANSGAON,22.97
20-12-2025,26.5,83.5,GORAKHPUR,UTTAR PRADESH,D709,BANSGAON,22.64
21-12-2025,26.5,83.5,GORAKHPUR,UTTAR PRADESH,D709,BANSGAON,22.38
22-12-2025,26.5,83.5,GORAKHPUR,UTTAR PRADESH,D709,BANSGAON,22.61
23-12-2025,26.5,83.5,GORAKHPUR,UTTAR PRADESH,D709,BANSGAON,22.83
24-12-2025,26.5,83.5,GORAKHPUR,UTTAR PRADESH,D709,BANSGAON,23.02
25-12-2025,26.5,83.5,GORAKHPUR,UTTAR PRADESH,D709,BANSGAON,22.84
26-12-2025,26.5,83.5,GORAKHPUR,UTTAR PRADESH,D709,BANSGAON,22.18
27-12-2025,26.5,83.5,GORAKHPUR,UTTAR PRADESH,D709,BANSGAON,22.24
28-12-2025,26.5,83.5,GORAKHPUR,UTTAR PRADESH,D709,BANSGAON,21.55
29-12-2025,26.5,83.5,GORAKHPUR,UTTAR PRADESH,D709,BANSGAON,21.49
30-12-2025,26.5,83.5,GORAKHPUR,UTTAR PRADESH,D709,BANSGAON,21.04
31-12-2025,26.5,83.5,GORAKHPUR,UTTAR PRADESH,D709,BANSGAON,21.1
01-01-2025,26.5,82.5,AMBEDKAR NAGAR,UTTAR PRADESH,D679,AKBARPUR,20.26
02-01-2025,26.5,82.5,AMBEDKAR NAGAR,UTTAR PRADESH,D679,AKBARPUR,20.15
03-01-2025,26.5,82.5,AMBEDKAR NAGAR,UTTAR PRADESH,D679,AKBARPUR,20.39
04-01-2025,26.5,82.5,AMBEDKAR NAGAR,UTTAR PRADESH,D679,AKBARPUR,20.44
05-01-2025,26.5,82.5,AMBEDKAR NAGAR,UTTAR PRADESH,D679,AKBARPUR,19.87
06-01-2025,26.5,82.5,AMBEDKAR NAGAR,UTTAR PRADESH,D679,AKBARPUR,20.45
07-01-2025,26.5,82.5,AMBEDKAR NAGAR,UTTAR PRADESH,D679,AKBARPUR,20.28
08-01-2025,26.5,82.5,AMBEDKAR NAGAR,UTTAR PRADESH,D679,AKBARPUR,20.09
09-01-2025,26.5,82.5,AMBEDKAR NAGAR,UTTAR PRADESH,D679,AKBARPUR,20.2
10-01-2025,26.5,82.5,AMBEDKAR NAGAR,UTTAR PRADESH,D679,AKBARPUR,20.89
11-01-2025,26.5,82.5,AMBEDKAR NAGAR,UTTAR PRADESH,D679,AKBARPUR,20.62
12-01-2025,26.5,82.5,AMBEDKAR NAGAR,UTTAR PRADESH,D679,AKBARPUR,20.93
13-01-2025,26.5,82.5,AMBEDKAR NAGAR,UTTAR PRADESH,D679,AKBARPUR,21.12
14-01-2025,26.5,82.5,AMBEDKAR NAGAR,UTTAR PRADESH,D679,AKBARPUR,21.51
15-01-2025,26.5,82.5,AMBEDKAR NAGAR,UTTAR PRADESH,D679,AKBARPUR,21.38
16-01-2025,26.5,82.5,AMBEDKAR NAGAR,UTTAR PRADESH,D679,AKBARPUR,20.7
17-01-2025,26.5,82.5,AMBEDKAR NAGAR,UTTAR PRADESH,D679,AKBARPUR,20.89
18-01-2025,26.5,82.5,AMBEDKAR NAGAR,UTTAR PRADESH,D679,AKBARPUR,20.96
19-01-2025,26.5,82.5,AMBEDKAR NAGAR,UTTAR PRADESH,D679,AKBARPUR,21.12
20-01-2025,26.5,82.5,AMBEDKAR NAGAR,UTTAR PRADESH,D679,AKBARPUR,21.19
21-01-2025,26.5,82.5,AMBEDKAR NAGAR,UTTAR PRADESH,D679,AKBARPUR,21.43
22-01-2025,26.5,82.5,AMBEDKAR NAGAR,UTTAR PRADESH,D679,AKBARPUR,21.72
23-01-2025,26.5,82.5,AMBEDKAR NAGAR,UTTAR PRADESH,D679,AKBARPUR,21.98
24-01-2025,26.5,82.5,AMBEDKAR NAGAR,UTTAR PRADESH,D679,AKBARPUR,22.42
25-01-2025,26.5,82.5,AMBEDKAR NAGAR,UTTAR PRADESH,D679,AKBARPUR,22.27
26-01-2025,26.5,82.5,AMBEDKAR NAGAR,UTTAR PRADESH,D679,AKBARPUR,22.6
27-01-2025,26.5,82.5,AMBEDKAR NAGAR,UTTAR PRADESH,D679,AKBARPUR,23.02
28-01-2025,26.5,82.5,AMBEDKAR NAGAR,UTTAR PRADESH,D679,AKBARPUR,22.73
29-01-2025,26.5,82.5,AMBEDKAR NAGAR,UTTAR PRADESH,D679,AKBARPUR,23.04
30-01-2025,26.5,82.5,AMBEDKAR NAGAR,UTTAR PRADESH,D679,AKBARPUR,23.54
31-01-2025,26.5,82.5,AMBEDKAR NAGAR,UTTAR PRADESH,D679,AKBARPUR,23.74
01-02-2025,26.5,82.5,AMBEDKAR NAGAR,UTTAR PRADESH,D679,AKBARPUR,23.77
02-02-2025,26.5,82.5,AMBEDKAR NAGAR,UTTAR PRADESH,D679,AKBARPUR,23.95
03-02-2025,26.5,82.5,AMBEDKAR NAGAR,UTTAR PRADESH,D679,AKBARPUR,24.48
04-02-2025,26.5,82.5,AMBEDKAR NAGAR,UTTAR PRADESH,D679,AKBARPUR,24.36
05-02-2025,26.5,82.5,AMBEDKAR NAGAR,UTTAR PRADESH,D679,AKBARPUR,24.68
06-02-2025,26.5,82.5,AMBEDKAR NAGAR,UTTAR PRADESH,D679,AKBARPUR,24.79
07-02-2025,26.5,82.5,AMBEDKAR NAGAR,UTTAR PRADESH,D679,AKBARPUR,24.91
08-02-2025,26.5,82.5,AMBEDKAR NAGAR,UTTAR PRADESH,D679,AKBARPUR,24.58
09-02-2025,26.5,82.5,AMBEDKAR NAGAR,UTTAR PRADESH,D679,AKBARPUR,24.94
10-02-2025,26.5,82.5,AMBEDKAR NAGAR,UTTAR PRADESH,D679,AKBARPUR,25.2
11-02-2025,26.5,82.5,AMBEDKAR NAGAR,UTTAR PRADESH,D679,AKBARPUR,25.38
12-02-2025,26.5,82.5,AMBEDKAR NAGAR,UTTAR PRADESH,D679,AKBARPUR,25.62
13-02-2025,26.5,82.5,AMBEDKAR NAGAR,UTTAR PRADESH,D679,AKBARPUR,25.7
14-02-2025,26.5,82.5,AMBEDKAR NAGAR,UTTAR PRADESH,D679,AKBARPUR,26.27
15-02-2025,26.5,82.5,AMBEDKAR NAGAR,UTTAR PRADESH,D679,AKBARPUR,26.3
16-02-2025,26.5,82.5,AMBEDKAR NAGAR,UTTAR PRADESH,D679,AKBARPUR,26.46
17-02-2025,26.5,82.5,AMBEDKAR NAGAR,UTTAR PRADESH,D679,AKBARPUR,27.21
18-02-2025,26.5,82.5,AMBEDKAR NAGAR,UTTAR PRADESH,D679,AKBARPUR,27.74
19-02-2025,26.5,82.5,AMBEDKAR NAGAR,UTTAR PRADESH,D679,AKBARPUR,28.23
20-02-2025,26.5,82.5,AMBEDKAR NAGAR,UTTAR PRADESH,D679,AKBARPUR,28.33
21-02-2025,26.5,82.5,AMBEDKAR NAGAR,UTTAR PRADESH,D679,AKBARPUR,28.32
22-02-2025,26.5,82.5,AMBEDKAR NAGAR,UTTAR PRADESH,D679,AKBARPUR,28.33
23-02-2025,26.5,82.5,AMBEDKAR NAGAR,UTTAR PRADESH,D679,AKBARPUR,28.52
24-02-2025,26.5,82.5,AMBEDKAR NAGAR,UTTAR PRADESH,D679,AKBARPUR,28.78
25-02-2025,26.5,82.5,AMBEDKAR NAGAR,UTTAR PRADESH,D679,AKBARPUR,28.34
26-02-2025,26.5,82.5,AMBEDKAR NAGAR,UTTAR PRADESH,D679,AKBARPUR,28.48
27-02-2025,26.5,82.5,AMBEDKAR NAGAR,UTTAR PRADESH,D679,AKBARPUR,28.8
28-02-2025,26.5,82.5,AMBEDKAR NAGAR,UTTAR PRADESH,D679,AKBARPUR,29.12
29-02-2025,26.5,82.5,AMBEDKAR NAGAR,UTTAR PRADESH,D679,AKBARPUR,29.36
01-03-2025,26.5,82.5,AMBEDKAR NAGAR,UTTAR PRADESH,D679,AKBARPUR,29.19
02-03-2025,26.5,82.5,AMBEDKAR NAGAR,UTTAR PRADESH,D679,AKBARPUR,29.68
03-03-2025,26.5,82.5,AMBEDKAR NAGAR,UTTAR PRADESH,D679,AKBARPUR,29.88
04-03-2025,26.5,82.5,AMBEDKAR NAGAR,UTTAR PRADESH,D679,AKBARPUR,30.23
05-03-2025,26.5,82.5,AMBEDKAR NAGAR,UTTAR PRADESH,D679,AKBARPUR,30.05
06-03-2025,26.5,82.5,AMBEDKAR NAGAR,UTTAR PRADESH,D679,AKBARPUR,30.37
07-03-2025,26.5,82.5,AMBEDKAR NAGAR,UTTAR PRADESH,D679,AKBARPUR,30.67
08-03-2025,26.5,82.5,AMBEDKAR NAGAR,UTTAR PRADESH,D679,AKBARPUR,30.64
09-03-2025,26.5,82.5,AMBEDKAR NAGAR,UTTAR PRADESH,D679,AKBARPUR,31.11
10-03-2025,26.5,82.5,AMBEDKAR NAGAR,UTTAR PRADESH,D679,AKBARPUR,31.03
11-03-2025,26.5,82.5,AMBEDKAR NAGAR,UTTAR PRADESH,D679,AKBARPUR,31.22
12-03-2025,26.5,82.5,AMBEDKAR NAGAR,UTTAR PRADESH,D679,AKBARPUR,31.1
13-03-2025,26.5,82.5,AMBEDKAR NAGAR,UTTAR PRADESH,D679,AKBARPUR,30.85
14-03-2025,26.5,82.5,AMBEDKAR NAGAR,UTTAR PRADESH,D679,AKBARPUR,31.47
15-03-2025,26.5,82.5,AMBEDKAR NAGAR,UTTAR PRADESH,D679,AKBARPUR,31.48
16-03-2025,26.5,82.5,AMBEDKAR NAGAR,UTTAR PRADESH,D679,AKBARPUR,32.35
17-03-2025,26.5,82.5,AMBEDKAR NAGAR,UTTAR PRADESH,D679,AKBARPUR,32.89
18-03-2025,26.5,82.5,AMBEDKAR NAGAR,UTTAR PRADESH,D679,AKBARPUR,33.5
19-03-2025,26.5,82.5,AMBEDKAR NAGAR,UTTAR PRADESH,D679,AKBARPUR,33.3
20-03-2025,26.5,82.5,AMBEDKAR NAGAR,UTTAR PRADESH,D679,AKBARPUR,33.55
21-03-2025,26.5,82.5,AMBEDKAR NAGAR,UTTAR PRADESH,D679,AKBARPUR,33.75
22-03-2025,26.5,82.5,AMBEDKAR NAGAR,UTTAR PRADESH,D679,AKBARPUR,34.15
23-03-2025,26.5,82.5,AMBEDKAR NAGAR,UTTAR PRADESH,D679,AKBARPUR,34.36
24-03-2025,26.5,82.5,AMBEDKAR NAGAR,UTTAR PRADESH,D679,AKBARPUR,34.84
25-03-2025,26.5,82.5,AMBEDKAR NAGAR,UTTAR PRADESH,D679,AKBARPUR,35.6
26-03-2025,26.5,82.5,AMBEDKAR NAGAR,UTTAR PRADESH,D679,AKBARPUR,35.6
27-03-2025,26.5,82.5,AMBEDKAR NAGAR,UTTAR PRADESH,D679,AKBARPUR,35.56
28-03-2025,26.5,82.5,AMBEDKAR NAGAR,UTTAR PRADESH,D679,AKBARPUR,36.14
29-03-2025,26.5,82.5,AMBEDKAR NAGAR,UTTAR PRADESH,D679,AKBARPUR,36.46
30-03-2025,26.5,82.5,AMBEDKAR NAGAR,UTTAR PRADESH,D679,AKBARPUR,36.11
31-03-2025,26.5,82.5,AMBEDKAR NAGAR,UTTAR PRADESH,D679,AKBARPUR,36.27
01-04-2025,26.5,82.5,AMBEDKAR NAGAR,UTTAR PRADESH,D679,AKBARPUR,36.67
02-04-2025,26.5,82.5,AMBEDKAR NAGAR,UTTAR PRADESH,D679,AKBARPUR,36.73
03-04-2025,26.5,82.5,AMBEDKAR NAGAR,UTTAR PRADESH,D679,AKBARPUR,37.22
04-04-2025,26.5,82.5,AMBEDKAR NAGAR,UTTAR PRADESH,D679,AKBARPUR,37.23
05-04-2025,26.5,82.5,AMBEDKAR NAGAR,UTTAR PRADESH,D679,AKBARPUR,37.18
06-04-2025,26.5,82.5,AMBEDKAR NAGAR,UTTAR PRADESH,D679,AKBARPUR,37.89
07-04-2025,26.5,82.5,AMBEDKAR NAGAR,UTTAR PRADESH,D679,AKBARPUR,38.23
08-04-2025,26.5,82.5,AMBEDKAR NAGAR,UTTAR PRADESH,D679,AKBARPUR,37.91
09-04-2025,26.5,82.5,AMBEDKAR NAGAR,UTTAR PRADESH,D679,AKBARPUR,38.16
10-04-2025,26.5,82.5,AMBEDKAR NAGAR,UTTAR PRADESH,D679,AKBARPUR,38.1
11-04-2025,26.5,82.5,AMBEDKAR NAGAR,UTTAR PRADESH,D679,AKBARPUR,38.48
12-04-2025,26.5,82.5,AMBEDKAR NAGAR,UTTAR PRADESH,D679,AKBARPUR,38.54
13-04-2025,26.5,82.5,AMBEDKAR NAGAR,UTTAR PRADESH,D679,AKBARPUR,38.74
14-04-2025,26.5,82.5,AMBEDKAR NAGAR,UTTAR PRADESH,D679,AKBARPUR,38.83
15-04-2025,26.5,82.5,AMBEDKAR NAGAR,UTTAR PRADESH,D679,AKBARPUR,38.81
16-04-2025,26.5,82.5,AMBEDKAR NAGAR,UTTAR PRADESH,D679,AKBARPUR,38.86
17-04-2025,26.5,82.5,AMBEDKAR NAGAR,UTTAR PRADESH,D679,AKBARPUR,38.65
18-04-2025,26.5,82.5,AMBEDKAR NAGAR,UTTAR PRADESH,D679,AKBARPUR,38.43
19-04-2025,26.5,82.5,AMBEDKAR NAGAR,UTTAR PRADESH,D679,AKBARPUR,38.96
20-04-2025,26.5,82.5,AMBEDKAR NAGAR,UTTAR PRADESH,D679,AKBARPUR,39.06
21-04-2025,26.5,82.5,AMBEDKAR NAGAR,UTTAR PRADESH,D679,AKBARPUR,38.61
22-04-2025,26.5,82.5,AMBEDKAR NAGAR,UTTAR PRADESH,D679,AKBARPUR,39.18
23-04-2025,26.5,82.5,AMBEDKAR NAGAR,UTTAR PRADESH,D679,AKBARPUR,39.15
24-04-2025,26.5,82.5,AMBEDKAR NAGAR,UTTAR PRADESH,D679,AKBARPUR,39.11
25-04-2025,26.5,82.5,AMBEDKAR NAGAR,UTTAR PRADESH,D679,AKBARPUR,39.21
26-04-2025,26.5,82.5,AMBEDKAR NAGAR,UTTAR PRADESH,D679,AKBARPUR,39.2
27-04-2025,26.5,82.5,AMBEDKAR NAGAR,UTTAR PRADESH,D679,AKBARPUR,39.27
28-04-2025,26.5,82.5,AMBEDKAR NAGAR,UTTAR PRADESH,D679,AKBARPUR,39.34
29-04-2025,26.5,82.5,AMBEDKAR NAGAR,UTTAR PRADESH,D679,AKBARPUR,39.56
30-04-2025,26.5,82.5,AMBEDKAR NAGAR,UTTAR PRADESH,D679,AKBARPUR,39.25
01-05-2025,26.5,82.5,AMBEDKAR NAGAR,UTTAR PRADESH,D679,AKBARPUR,39.09
02-05-2025,26.5,82.5,AMBEDKAR NAGAR,UTTAR PRADESH,D679,AKBARPUR,38.41
03-05-2025,26.5,82.5,AMBEDKAR NAGAR,UTTAR PRADESH,D679,AKBARPUR,38.05
04-05-2025,26.5,82.5,AMBEDKAR NAGAR,UTTAR PRADESH,D679,AKBARPUR,38.26
05-05-2025,26.5,82.5,AMBEDKAR NAGAR,UTTAR PRADESH,D679,AKBARPUR,38.43
06-05-2025,26.5,82.5,AMBEDKAR NAGAR,UTTAR PRADESH,D679,AKBARPUR,38.69
07-05-2025,26.5,82.5,AMBEDKAR NAGAR,UTTAR PRADESH,D679,AKBARPUR,38.37
08-05-2025,26.5,82.5,AMBEDKAR NAGAR,UTTAR PRADESH,D679,AKBARPUR,38.61
09-05-2025,26.5,82.5,AMBEDKAR NAGAR,UTTAR PRADESH,D679,AKBARPUR,39.18
10-05-2025,26.5,82.5,AMBEDKAR NAGAR,UTTAR PRADESH,D679,AKBARPUR,39.19
11-05-2025,26.5,82.5,AMBEDKAR NAGAR,UTTAR PRADESH,D679,AKBARPUR,38.85
12-05-2025,26.5,82.5,AMBEDKAR NAGAR,UTTAR PRADESH,D679,AKBARPUR,38.88
13-05-2025,26.5,82.5,AMBEDKAR NAGAR,UTTAR PRADESH,D679,AKBARPUR,38.88
14-05-2025,26.5,82.5,AMBEDKAR NAGAR,UTTAR PRADESH,D679,AKBARPUR,39.12
15-05-2025,26.5,82.5,AMBEDKAR NAGAR,UTTAR PRADESH,D679,AKBARPUR,38.96
16-05-2025,26.5,82.5,AMBEDKAR NAGAR,UTTAR PRADESH,D679,AKBARPUR,39.6
17-05-2025,26.5,82.5,AMBEDKAR NAGAR,UTTAR PRADESH,D679,AKBARPUR,39.83
18-05-2025,26.5,82.5,AMBEDKAR NAGAR,UTTAR PRADESH,D679,AKBARPUR,39.85
19-05-2025,26.5,82.5,AMBEDKAR NAGAR,UTTAR PRADESH,D679,AKBARPUR,39.52
20-05-2025,26.5,82.5,AMBEDKAR NAGAR,UTTAR PRADESH,D679,AKBARPUR,39.02
21-05-2025,26.5,82.5,AMBEDKAR NAGAR,UTTAR PRADESH,D679,AKBARPUR,39.4
22-05-2025,26.5,82.5,AMBEDKAR NAGAR,UTTAR PRADESH,D679,AKBARPUR,39.27
23-05-2025,26.5,82.5,AMBEDKAR NAGAR,UTTAR PRADESH,D679,AKBARPUR,39.38
24-05-2025,26.5,82.5,AMBEDKAR NAGAR,UTTAR PRADESH,D679,AKBARPUR,39.1
25-05-2025,26.5,82.5,AMBEDKAR NAGAR,UTTAR PRADESH,D679,AKBARPUR,39.34
26-05-2025,26.5,82.5,AMBEDKAR NAGAR,UTTAR PRADESH,D679,AKBARPUR,39.64
27-05-2025,26.5,82.5,AMBEDKAR NAGAR,UTTAR PRADESH,D679,AKBARPUR,38.98
28-05-2025,26.5,82.5,AMBEDKAR NAGAR,UTTAR PRADESH,D679,AKBARPUR,39.17
29-05-2025,26.5,82.5,AMBEDKAR NAGAR,UTTAR PRADESH,D679,AKBARPUR,39.61
30-05-2025,26.5,82.5,AMBEDKAR NAGAR,UTTAR PRADESH,D679,AKBARPUR,39.41
31-05-2025,26.5,82.5,AMBEDKAR NAGAR,UTTAR PRADESH,D679,AKBARPUR,39.44
01-06-2025,26.5,82.5,AMBEDKAR NAGAR,UTTAR PRADESH,D679,AKBARPUR,39.68
02-06-2025,26.5,82.5,AMBEDKAR NAGAR,UTTAR PRADESH,D679,AKBARPUR,39.76
03-06-2025,26.5,82.5,AMBEDKAR NAGAR,UTTAR PRADESH,D679,AKBARPUR,39.88
04-06-2025,26.5,82.5,AMBEDKAR NAGAR,UTTAR PRADESH,D679,AKBARPUR,39.49
05-06-2025,26.5,82.5,AMBEDKAR NAGAR,UTTAR PRADESH,D679,AKBARPUR,39.49
06-06-2025,26.5,82.5,AMBEDKAR NAGAR,UTTAR PRADESH,D679,AKBARPUR,38.84
07-06-2025,26.5,82.5,AMBEDKAR NAGAR,UTTAR PRADESH,D679,AKBARPUR,38.6
08-06-2025,26.5,82.5,AMBEDKAR NAGAR,UTTAR PRADESH,D679,AKBARPUR,39.15
09-06-2025,26.5,82.5,AMBEDKAR NAGAR,UTTAR PRADESH,D679,AKBARPUR,39.15
10-06-2025,26.5,82.5,AMBEDKAR NAGAR,UTTAR PRADESH,D679,AKBARPUR,39.35
11-06-2025,26.5,82.5,AMBEDKAR NAGAR,UTTAR PRADESH,D679,AKBARPUR,39.39
12-06-2025,26.5,82.5,AMBEDKAR NAGAR,UTTAR PRADESH,D679,AKBARPUR,39.12
13-06-2025,26.5,82.5,AMBEDKAR NAGAR,UTTAR PRADESH,D679,AKBARPUR,38.84
14-06-2025,26.5,82.5,AMBEDKAR NAGAR,UTTAR PRADESH,D679,AKBARPUR,38.75
15-06-2025,26.5,82.5,AMBEDKAR NAGAR,UTTAR PRADESH,D679,AKBARPUR,38.17
16-06-2025,26.5,82.5,AMBEDKAR NAGAR,UTTAR PRADESH,D679,AKBARPUR,37.65
17-06-2025,26.5,82.5,AMBEDKAR NAGAR,UTTAR PRADESH,D679,AKBARPUR,37.53
18-06-2025,26.5,82.5,AMBEDKAR NAGAR,UTTAR PRADESH,D679,AKBARPUR,37.18
19-06-2025,26.5,82.5,AMBEDKAR NAGAR,UTTAR PRADESH,D679,AKBARPUR,36.92
20-06-2025,26.5,82.5,AMBEDKAR NAGAR,UTTAR PRADESH,D679,AKBARPUR,36.6
21-06-2025,26.5,82.5,AMBEDKAR NAGAR,UTTAR PRADESH,D679,AKBARPUR,36.58
22-06-2025,26.5,82.5,AMBEDKAR NAGAR,UTTAR PRADESH,D679,AKBARPUR,35.98
23-06-2025,26.5,82.5,AMBEDKAR NAGAR,UTTAR PRADESH,D679,AKBARPUR,36
24-06-2025,26.5,82.5,AMBEDKAR NAGAR,UTTAR PRADESH,D679,AKBARPUR,36.14
25-06-2025,26.5,82.5,AMBEDKAR NAGAR,UTTAR PRADESH,D679,AKBARPUR,36.62
26-06-2025,26.5,82.5,AMBEDKAR NAGAR,UTTAR PRADESH,D679,AKBARPUR,35.84
27-06-2025,26.5,82.5,AMBEDKAR NAGAR,UTTAR PRADESH,D679,AKBARPUR,35.53
28-06-2025,26.5,82.5,AMBEDKAR NAGAR,UTTAR PRADESH,D679,AKBARPUR,35.16
29-06-2025,26.5,82.5,AMBEDKAR NAGAR,UTTAR PRADESH,D679,AKBARPUR,34.61
30-06-2025,26.5,82.5,AMBEDKAR NAGAR,UTTAR PRADESH,D679,AKBARPUR,34.59
01-07-2025,26.5,82.5,AMBEDKAR NAGAR,UTTAR PRADESH,D679,AKBARPUR,35.15
02-07-2025,26.5,82.5,AMBEDKAR NAGAR,UTTAR PRADESH,D679,AKBARPUR,34.84
03-07-2025,26.5,82.5,AMBEDKAR NAGAR,UTTAR PRADESH,D679,AKBARPUR,34.96
04-07-2025,26.5,82.5,AMBEDKAR NAGAR,UTTAR PRADESH,D679,AKBARPUR,34.8
05-07-2025,26.5,82.5,AMBEDKAR NAGAR,UTTAR PRADESH,D679,AKBARPUR,34.18
06-07-2025,26.5,82.5,AMBEDKAR NAGAR,UTTAR PRADESH,D679,AKBARPUR,34.18
07-07-2025,26.5,82.5,AMBEDKAR NAGAR,UTTAR PRADESH,D679,AKBARPUR,34.15
08-07-2025,26.5,82.5,AMBEDKAR NAGAR,UTTAR PRADESH,D679,AKBARPUR,34.49
09-07-2025,26.5,82.5,AMBEDKAR NAGAR,UTTAR PRADESH,D679,AKBARPUR,34.4
10-07-2025,26.5,82.5,AMBEDKAR NAGAR,UTTAR PRADESH,D679,AKBARPUR,33.68
11-07-2025,26.5,82.5,AMBEDKAR NAGAR,UTTAR PRADESH,D679,AKBARPUR,33.52
12-07-2025,26.5,82.5,AMBEDKAR NAGAR,UTTAR PRADESH,D679,AKBARPUR,33.64
13-07-2025,26.5,82.5,AMBEDKAR NAGAR,UTTAR PRADESH,D679,AKBARPUR,34.09
14-07-2025,26.5,82.5,AMBEDKAR NAGAR,UTTAR PRADESH,D679,AKBARPUR,34.09
15-07-2025,26.5,82.5,AMBEDKAR NAGAR,UTTAR PRADESH,D679,AKBARPUR,33.83
16-07-2025,26.5,82.5,AMBEDKAR NAGAR,UTTAR PRADESH,D679,AKBARPUR,33.64
17-07-2025,26.5,82.5,AMBEDKAR NAGAR,UTTAR PRADESH,D679,AKBARPUR,33.84
18-07-2025,26.5,82.5,AMBEDKAR NAGAR,UTTAR PRADESH,D679,AKBARPUR,33.85
19-07-2025,26.5,82.5,AMBEDKAR NAGAR,UTTAR PRADESH,D679,AKBARPUR,34.13
20-07-2025,26.5,82.5,AMBEDKAR NAGAR,UTTAR PRADESH,D679,AKBARPUR,33.36
21-07-2025,26.5,82.5,AMBEDKAR NAGAR,UTTAR PRADESH,D679,AKBARPUR,33.43
22-07-2025,26.5,82.5,AMBEDKAR NAGAR,UTTAR PRADESH,D679,AKBARPUR,33.43
23-07-2025,26.5,82.5,AMBEDKAR NAGAR,UTTAR PRADESH,D679,AKBARPUR,33.61
24-07-2025,26.5,82.5,AMBEDKAR NAGAR,UTTAR PRADESH,D679,AKBARPUR,33.37
25-07-2025,26.5,82.5,AMBEDKAR NAGAR,UTTAR PRADESH,D679,AKBARPUR,33.28
26-07-2025,26.5,82.5,AMBEDKAR NAGAR,UTTAR PRADESH,D679,AKBARPUR,33.29
27-07-2025,26.5,82.5,AMBEDKAR NAGAR,UTTAR PRADESH,D679,AKBARPUR,33.21
28-07-2025,26.5,82.5,AMBEDKAR NAGAR,UTTAR PRADESH,D679,AKBARPUR,33.33
29-07-2025,26.5,82.5,AMBEDKAR NAGAR,UTTAR PRADESH,D679,AKBARPUR,33.22
30-07-2025,26.5,82.5,AMBEDKAR NAGAR,UTTAR PRADESH,D679,AKBARPUR,33.47
31-07-2025,26.5,82.5,AMBEDKAR NAGAR,UTTAR PRADESH,D679,AKBARPUR,33.29
01-08-2025,26.5,82.5,AMBEDKAR NAGAR,UTTAR PRADESH,D679,AKBARPUR,33.28
02-08-2025,26.5,82.5,AMBEDKAR NAGAR,UTTAR PRADESH,D679,AKBARPUR,33.17
03-08-2025,26.5,82.5,AMBEDKAR NAGAR,UTTAR PRADESH,D679,AKBARPUR,33.02
04-08-2025,26.5,82.5,AMBEDKAR NAGAR,UTTAR PRADESH,D679,AKBARPUR,33.64
05-08-2025,26.5,82.5,AMBEDKAR NAGAR,UTTAR PRADESH,D679,AKBARPUR,33.72
06-08-2025,26.5,82.5,AMBEDKAR NAGAR,UTTAR PRADESH,D679,AKBARPUR,33.53
07-08-2025,26.5,82.5,AMBEDKAR NAGAR,UTTAR PRADESH,D679,AKBARPUR,33.92
08-08-2025,26.5,82.5,AMBEDKAR NAGAR,UTTAR PRADESH,D679,AKBARPUR,33.65
09-08-2025,26.5,82.5,AMBEDKAR NAGAR,UTTAR PRADESH,D679,AKBARPUR,33.6
10-08-2025,26.5,82.5,AMBEDKAR NAGAR,UTTAR PRADESH,D679,AKBARPUR,33.54
11-08-2025,26.5,82.5,AMBEDKAR NAGAR,UTTAR PRADESH,D679,AKBARPUR,33.14
12-08-2025,26.5,82.5,AMBEDKAR NAGAR,UTTAR PRADESH,D679,AKBARPUR,32.91
13-08-2025,26.5,82.5,AMBEDKAR NAGAR,UTTAR PRADESH,D679,AKBARPUR,32.62
14-08-2025,26.5,82.5,AMBEDKAR NAGAR,UTTAR PRADESH,D679,AKBARPUR,32.88
15-08-2025,26.5,82.5,AMBEDKAR NAGAR,UTTAR PRADESH,D679,AKBARPUR,32.81
16-08-2025,26.5,82.5,AMBEDKAR NAGAR,UTTAR PRADESH,D679,AKBARPUR,33.35
17-08-2025,26.5,82.5,AMBEDKAR NAGAR,UTTAR PRADESH,D679,AKBARPUR,33.41
18-08-2025,26.5,82.5,AMBEDKAR NAGAR,UTTAR PRADESH,D679,AKBARPUR,32.97
19-08-2025,26.5,82.5,AMBEDKAR NAGAR,UTTAR PRADESH,D679,AKBARPUR,32.61
20-08-2025,26.5,82.5,AMBEDKAR NAGAR,UTTAR PRADESH,D679,AKBARPUR,32.91
21-08-2025,26.5,82.5,AMBEDKAR NAGAR,UTTAR PRADESH,D679,AKBARPUR,33.16
22-08-2025,26.5,82.5,AMBEDKAR NAGAR,UTTAR PRADESH,D679,AKBARPUR,32.98
23-08-2025,26.5,82.5,AMBEDKAR NAGAR,UTTAR PRADESH,D679,AKBARPUR,33.06
24-08-2025,26.5,82.5,AMBEDKAR NAGAR,UTTAR PRADESH,D679,AKBARPUR,33.09
25-08-2025,26.5,82.5,AMBEDKAR NAGAR,UTTAR PRADESH,D679,AKBARPUR,33.58
26-08-2025,26.5,82.5,AMBEDKAR NAGAR,UTTAR PRADESH,D679,AKBARPUR,33.71
27-08-2025,26.5,82.5,AMBEDKAR NAGAR,UTTAR PRADESH,D679,AKBARPUR,33.59
28-08-2025,26.5,82.5,AMBEDKAR NAGAR,UTTAR PRADESH,D679,AKBARPUR,33.67
29-08-2025,26.5,82.5,AMBEDKAR NAGAR,UTTAR PRADESH,D679,AKBARPUR,33.92
30-08-2025,26.5,82.5,AMBEDKAR NAGAR,UTTAR PRADESH,D679,AKBARPUR,33.95
31-08-2025,26.5,82.5,AMBEDKAR NAGAR,UTTAR PRADESH,D679,AKBARPUR,33.63
01-09-2025,26.5,82.5,AMBEDKAR NAGAR,UTTAR PRADESH,D679,AKBARPUR,33.21
02-09-2025,26.5,82.5,AMBEDKAR NAGAR,UTTAR PRADESH,D679,AKBARPUR,32.98
03-09-2025,26.5,82.5,AMBEDKAR NAGAR,UTTAR PRADESH,D679,AKBARPUR,33.5
04-09-2025,26.5,82.5,AMBEDKAR NAGAR,UTTAR PRADESH,D679,AKBARPUR,33.54
05-09-2025,26.5,82.5,AMBEDKAR NAGAR,UTTAR PRADESH,D679,AKBARPUR,33.59
06-09-2025,26.5,82.5,AMBEDKAR NAGAR,UTTAR PRADESH,D679,AKBARPUR,33.35
07-09-2025,26.5,82.5,AMBEDKAR NAGAR,UTTAR PRADESH,D679,AKBARPUR,33.35
08-09-2025,26.5,82.5,AMBEDKAR NAGAR,UTTAR PRADESH,D679,AKBARPUR,33.52
09-09-2025,26.5,82.5,AMBEDKAR NAGAR,UTTAR PRADESH,D679,AKBARPUR,33.46
10-09-2025,26.5,82.5,AMBEDKAR NAGAR,UTTAR PRADESH,D679,AKBARPUR,33.4
11-09-2025,26.5,82.5,AMBEDKAR NAGAR,UTTAR PRADESH,D679,AKBARPUR,33.37
12-09-2025,26.5,82.5,AMBEDKAR NAGAR,UTTAR PRADESH,D679,AKBARPUR,33.49
13-09-2025,26.5,82.5,AMBEDKAR NAGAR,UTTAR PRADESH,D679,AKBARPUR,33.46
14-09-2025,26.5,82.5,AMBEDKAR NAGAR,UTTAR PRADESH,D679,AKBARPUR,33.34
15-09-2025,26.5,82.5,AMBEDKAR NAGAR,UTTAR PRADESH,D679,AKBARPUR,32.87
16-09-2025,26.5,82.5,AMBEDKAR NAGAR,UTTAR PRADESH,D679,AKBARPUR,33.2
17-09-2025,26.5,82.5,AMBEDKAR NAGAR,UTTAR PRADESH,D679,AKBARPUR,33.2
18-09-2025,26.5,82.5,AMBEDKAR NAGAR,UTTAR PRADESH,D679,AKBARPUR,33.25
19-09-2025,26.5,82.5,AMBEDKAR NAGAR,UTTAR PRADESH,D679,AKBARPUR,33.6
20-09-2025,26.5,82.5,AMBEDKAR NAGAR,UTTAR PRADESH,D679,AKBARPUR,33.71
21-09-2025,26.5,82.5,AMBEDKAR NAGAR,UTTAR PRADESH,D679,AKBARPUR,33.14
22-09-2025,26.5,82.5,AMBEDKAR NAGAR,UTTAR PRADESH,D679,AKBARPUR,33.01
23-09-2025,26.5,82.5,AMBEDKAR NAGAR,UTTAR PRADESH,D679,AKBARPUR,33.33
24-09-2025,26.5,82.5,AMBEDKAR NAGAR,UTTAR PRADESH,D679,AKBARPUR,33.08
25-09-2025,26.5,82.5,AMBEDKAR NAGAR,UTTAR PRADESH,D679,AKBARPUR,32.79
26-09-2025,26.5,82.5,AMBEDKAR NAGAR,UTTAR PRADESH,D679,AKBARPUR,33.15
27-09-2025,26.5,82.5,AMBEDKAR NAGAR,UTTAR PRADESH,D679,AKBARPUR,33.46
28-09-2025,26.5,82.5,AMBEDKAR NAGAR,UTTAR PRADESH,D679,AKBARPUR,33.58
29-09-2025,26.5,82.5,AMBEDKAR NAGAR,UTTAR PRADESH,D679,AKBARPUR,33.51
30-09-2025,26.5,82.5,AMBEDKAR NAGAR,UTTAR PRADESH,D679,AKBARPUR,33.69
01-10-2025,26.5,82.5,AMBEDKAR NAGAR,UTTAR PRADESH,D679,AKBARPUR,33.43
02-10-2025,26.5,82.5,AMBEDKAR NAGAR,UTTAR PRADESH,D679,AKBARPUR,33.12
03-10-2025,26.5,82.5,AMBEDKAR NAGAR,UTTAR PRADESH,D679,AKBARPUR,33.14
04-10-2025,26.5,82.5,AMBEDKAR NAGAR,UTTAR PRADESH,D679,AKBARPUR,32.84
05-10-2025,26.5,82.5,AMBEDKAR NAGAR,UTTAR PRADESH,D679,AKBARPUR,33.32
06-10-2025,26.5,82.5,AMBEDKAR NAGAR,UTTAR PRADESH,D679,AKBARPUR,33.47
07-10-2025,26.5,82.5,AMBEDKAR NAGAR,UTTAR PRADESH,D679,AKBARPUR,33.38
08-10-2025,26.5,82.5,AMBEDKAR NAGAR,UTTAR PRADESH,D679,AKBARPUR,33.42
09-10-2025,26.5,82.5,AMBEDKAR NAGAR,UTTAR PRADESH,D679,AKBARPUR,33.42
10-10-2025,26.5,82.5,AMBEDKAR NAGAR,UTTAR PRADESH,D679,AKBARPUR,33.75
11-10-2025,26.5,82.5,AMBEDKAR NAGAR,UTTAR PRADESH,D679,AKBARPUR,33.37
12-10-2025,26.5,82.5,AMBEDKAR NAGAR,UTTAR PRADESH,D679,AKBARPUR,33.2
13-10-2025,26.5,82.5,AMBEDKAR NAGAR,UTTAR PRADESH,D679,AKBARPUR,33.21
14-10-2025,26.5,82.5,AMBEDKAR NAGAR,UTTAR PRADESH,D679,AKBARPUR,33.02
15-10-2025,26.5,82.5,AMBEDKAR NAGAR,UTTAR PRADESH,D679,AKBARPUR,33.08
16-10-2025,26.5,82.5,AMBEDKAR NAGAR,UTTAR PRADESH,D679,AKBARPUR,32.95
17-10-2025,26.5,82.5,AMBEDKAR NAGAR,UTTAR PRADESH,D679,AKBARPUR,32.74
18-10-2025,26.5,82.5,AMBEDKAR NAGAR,UTTAR PRADESH,D679,AKBARPUR,32.72
19-10-2025,26.5,82.5,AMBEDKAR NAGAR,UTTAR PRADESH,D679,AKBARPUR,32.25
20-10-2025,26.5,82.5,AMBEDKAR NAGAR,UTTAR PRADESH,D679,AKBARPUR,32.36
21-10-2025,26.5,82.5,AMBEDKAR NAGAR,UTTAR PRADESH,D679,AKBARPUR,32.44
22-10-2025,26.5,82.5,AMBEDKAR NAGAR,UTTAR PRADESH,D679,AKBARPUR,32.44
23-10-2025,26.5,82.5,AMBEDKAR NAGAR,UTTAR PRADESH,D679,AKBARPUR,32.18
24-10-2025,26.5,82.5,AMBEDKAR NAGAR,UTTAR PRADESH,D679,AKBARPUR,32.09
25-10-2025,26.5,82.5,AMBEDKAR NAGAR,UTTAR PRADESH,D679,AKBARPUR,31.76
26-10-2025,26.5,82.5,AMBEDKAR NAGAR,UTTAR PRADESH,D679,AKBARPUR,31.71
27-10-2025,26.5,82.5,AMBEDKAR NAGAR,UTTAR PRADESH,D679,AKBARPUR,31.56
28-10-2025,26.5,82.5,AMBEDKAR NAGAR,UTTAR PRADESH,D679,AKBARPUR,31.3
29-10-2025,26.5,82.5,AMBEDKAR NAGAR,UTTAR PRADESH,D679,AKBARPUR,31.4
30-10-2025,26.5,82.5,AMBEDKAR NAGAR,UTTAR PRADESH,D679,AKBARPUR,31.44
31-10-2025,26.5,82.5,AMBEDKAR NAGAR,UTTAR PRADESH,D679,AKBARPUR,31.39
01-11-2025,26.5,82.5,AMBEDKAR NAGAR,UTTAR PRADESH,D679,AKBARPUR,31.45
02-11-2025,26.5,82.5,AMBEDKAR NAGAR,UTTAR PRADESH,D679,AKBARPUR,31.41
03-11-2025,26.5,82.5,AMBEDKAR NAGAR,UTTAR PRADESH,D679,AKBARPUR,31.41
04-11-2025,26.5,82.5,AMBEDKAR NAGAR,UTTAR PRADESH,D679,AKBARPUR,31.28
05-11-2025,26.5,82.5,AMBEDKAR NAGAR,UTTAR PRADESH,D679,AKBARPUR,31.23
06-11-2025,26.5,82.5,AMBEDKAR NAGAR,UTTAR PRADESH,D679,AKBARPUR,30.89
07-11-2025,26.5,82.5,AMBEDKAR NAGAR,UTTAR PRADESH,D679,AKBARPUR,30.92
08-11-2025,26.5,82.5,AMBEDKAR NAGAR,UTTAR PRADESH,D679,AKBARPUR,30.7
09-11-2025,26.5,82.5,AMBEDKAR NAGAR,UTTAR PRADESH,D679,AKBARPUR,30.56
10-11-2025,26.5,82.5,AMBEDKAR NAGAR,UTTAR PRADESH,D679,AKBARPUR,30.07
11-11-2025,26.5,82.5,AMBEDKAR NAGAR,UTTAR PRADESH,D679,AKBARPUR,30.14
12-11-2025,26.5,82.5,AMBEDKAR NAGAR,UTTAR PRADESH,D679,AKBARPUR,29.92
13-11-2025,26.5,82.5,AMBEDKAR NAGAR,UTTAR PRADESH,D679,AKBARPUR,29.87
14-11-2025,26.5,82.5,AMBEDKAR NAGAR,UTTAR PRADESH,D679,AKBARPUR,29.74
15-11-2025,26.5,82.5,AMBEDKAR NAGAR,UTTAR PRADESH,D679,AKBARPUR,29.67
16-11-2025,26.5,82.5,AMBEDKAR NAGAR,UTTAR PRADESH,D679,AKBARPUR,29.05
17-11-2025,26.5,82.5,AMBEDKAR NAGAR,UTTAR PRADESH,D679,AKBARPUR,29.16
18-11-2025,26.5,82.5,AMBEDKAR NAGAR,UTTAR PRADESH,D679,AKBARPUR,28.62
19-11-2025,26.5,82.5,AMBEDKAR NAGAR,UTTAR PRADESH,D679,AKBARPUR,28.5
20-11-2025,26.5,82.5,AMBEDKAR NAGAR,UTTAR PRADESH,D679,AKBARPUR,28.52
21-11-2025,26.5,82.5,AMBEDKAR NAGAR,UTTAR PRADESH,D679,AKBARPUR,28.26
22-11-2025,26.5,82.5,AMBEDKAR NAGAR,UTTAR PRADESH,D679,AKBARPUR,27.99
23-11-2025,26.5,82.5,AMBEDKAR NAGAR,UTTAR PRADESH,D679,AKBARPUR,28.05
24-11-2025,26.5,82.5,AMBEDKAR NAGAR,UTTAR PRADESH,D679,AKBARPUR,27.91
25-11-2025,26.5,82.5,AMBEDKAR NAGAR,UTTAR PRADESH,D679,AKBARPUR,27.68
26-11-2025,26.5,82.5,AMBEDKAR NAGAR,UTTAR PRADESH,D679,AKBARPUR,27.76
27-11-2025,26.5,82.5,AMBEDKAR NAGAR,UTTAR PRADESH,D679,AKBARPUR,27.46
28-11-2025,26.5,82.5,AMBEDKAR NAGAR,UTTAR PRADESH,D679,AKBARPUR,27.45
29-11-2025,26.5,82.5,AMBEDKAR NAGAR,UTTAR PRADESH,D679,AKBARPUR,27.38
30-11-2025,26.5,82.5,AMBEDKAR NAGAR,UTTAR PRADESH,D679,AKBARPUR,27.18
01-12-2025,26.5,82.5,AMBEDKAR NAGAR,UTTAR PRADESH,D679,AKBARPUR,26.91
02-12-2025,26.5,82.5,AMBEDKAR NAGAR,UTTAR PRADESH,D679,AKBARPUR,26.68
03-12-2025,26.5,82.5,AMBEDKAR NAGAR,UTTAR PRADESH,D679,AKBARPUR,26.46
04-12-2025,26.5,82.5,AMBEDKAR NAGAR,UTTAR PRADESH,D679,AKBARPUR,26.51
05-12-2025,26.5,82.5,AMBEDKAR NAGAR,UTTAR PRADESH,D679,AKBARPUR,26.33
06-12-2025,26.5,82.5,AMBEDKAR NAGAR,UTTAR PRADESH,D679,AKBARPUR,26.49
07-12-2025,26.5,82.5,AMBEDKAR NAGAR,UTTAR PRADESH,D679,AKBARPUR,26.13
08-12-2025,26.5,82.5,AMBEDKAR NAGAR,UTTAR PRADESH,D679,AKBARPUR,25.6
09-12-2025,26.5,82.5,AMBEDKAR NAGAR,UTTAR PRADESH,D679,AKBARPUR,25.55
10-12-2025,26.5,82.5,AMBEDKAR NAGAR,UTTAR PRADESH,D679,AKBARPUR,25.42
11-12-2025,26.5,82.5,AMBEDKAR NAGAR,UTTAR PRADESH,D679,AKBARPUR,25.26
12-12-2025,26.5,82.5,AMBEDKAR NAGAR,UTTAR PRADESH,D679,AKBARPUR,25
13-12-2025,26.5,82.5,AMBEDKAR NAGAR,UTTAR PRADESH,D679,AKBARPUR,24.56
14-12-2025,26.5,82.5,AMBEDKAR NAGAR,UTTAR PRADESH,D679,AKBARPUR,24.35
15-12-2025,26.5,82.5,AMBEDKAR NAGAR,UTTAR PRADESH,D679,AKBARPUR,24.19
16-12-2025,26.5,82.5,AMBEDKAR NAGAR,UTTAR PRADESH,D679,AKBARPUR,23.86
17-12-2025,26.5,82.5,AMBEDKAR NAGAR,UTTAR PRADESH,D679,AKBARPUR,23.62
18-12-2025,26.5,82.5,AMBEDKAR NAGAR,UTTAR PRADESH,D679,AKBARPUR,23.45
19-12-2025,26.5,82.5,AMBEDKAR NAGAR,UTTAR PRADESH,D679,AKBARPUR,23.09
20-12-2025,26.5,82.5,AMBEDKAR NAGAR,UTTAR PRADESH,D679,AKBARPUR,22.83
21-12-2025,26.5,82.5,AMBEDKAR NAGAR,UTTAR PRADESH,D679,AKBARPUR,22.61
22-12-2025,26.5,82.5,AMBEDKAR NAGAR,UTTAR PRADESH,D679,AKBARPUR,22.88
23-12-2025,26.5,82.5,AMBEDKAR NAGAR,UTTAR PRADESH,D679,AKBARPUR,22.92
24-12-2025,26.5,82.5,AMBEDKAR NAGAR,UTTAR PRADESH,D679,AKBARPUR,23
25-12-2025,26.5,82.5,AMBEDKAR NAGAR,UTTAR PRADESH,D679,AKBARPUR,22.73
26-12-2025,26.5,82.5,AMBEDKAR NAGAR,UTTAR PRADESH,D679,AKBARPUR,22.22
27-12-2025,26.5,82.5,AMBEDKAR NAGAR,UTTAR PRADESH,D679,AKBARPUR,22.22
28-12-2025,26.5,82.5,AMBEDKAR NAGAR,UTTAR PRADESH,D679,AKBARPUR,21.74
29-12-2025,26.5,82.5,AMBEDKAR NAGAR,UTTAR PRADESH,D679,AKBARPUR,21.47
30-12-2025,26.5,82.5,AMBEDKAR NAGAR,UTTAR PRADESH,D679,AKBARPUR,20.79
31-12-2025,26.5,82.5,AMBEDKAR NAGAR,UTTAR PRADESH,D679,AKBARPUR,20.85
01-01-2025,27.5,82.5,BALRAMPUR,UTTAR PRADESH,D688,BALRAMPUR,20.04
02-01-2025,27.5,82.5,BALRAMPUR,UTTAR PRADESH,D688,BALRAMPUR,19.89
03-01-2025,27.5,82.5,BALRAMPUR,UTTAR PRADESH,D688,BALRAMPUR,19.79
04-01-2025,27.5,82.5,BALRAMPUR,UTTAR PRADESH,D688,BALRAMPUR,19.96
05-01-2025,27.5,82.5,BALRAMPUR,UTTAR PRADESH,D688,BALRAMPUR,19.55
06-01-2025,27.5,82.5,BALRAMPUR,UTTAR PRADESH,D688,BALRAMPUR,20.13
07-01-2025,27.5,82.5,BALRAMPUR,UTTAR PRADESH,D688,BALRAMPUR,20.04
08-01-2025,27.5,82.5,BALRAMPUR,UTTAR PRADESH,D688,BALRAMPUR,19.77
09-01-2025,27.5,82.5,BALRAMPUR,UTTAR PRADESH,D688,BALRAMPUR,19.77
10-01-2025,27.5,82.5,BALRAMPUR,UTTAR PRADESH,D688,BALRAMPUR,20.44
11-01-2025,27.5,82.5,BALRAMPUR,UTTAR PRADESH,D688,BALRAMPUR,20.31
12-01-2025,27.5,82.5,BALRAMPUR,UTTAR PRADESH,D688,BALRAMPUR,20.57
13-01-2025,27.5,82.5,BALRAMPUR,UTTAR PRADESH,D688,BALRAMPUR,20.66
14-01-2025,27.5,82.5,BALRAMPUR,UTTAR PRADESH,D688,BALRAMPUR,21.01
15-01-2025,27.5,82.5,BALRAMPUR,UTTAR PRADESH,D688,BALRAMPUR,21.05
16-01-2025,27.5,82.5,BALRAMPUR,UTTAR PRADESH,D688,BALRAMPUR,20.28
17-01-2025,27.5,82.5,BALRAMPUR,UTTAR PRADESH,D688,BALRAMPUR,20.36
18-01-2025,27.5,82.5,BALRAMPUR,UTTAR PRADESH,D688,BALRAMPUR,20.41
19-01-2025,27.5,82.5,BALRAMPUR,UTTAR PRADESH,D688,BALRAMPUR,20.57
20-01-2025,27.5,82.5,BALRAMPUR,UTTAR PRADESH,D688,BALRAMPUR,20.73
21-01-2025,27.5,82.5,BALRAMPUR,UTTAR PRADESH,D688,BALRAMPUR,20.92
22-01-2025,27.5,82.5,BALRAMPUR,UTTAR PRADESH,D688,BALRAMPUR,21.1
23-01-2025,27.5,82.5,BALRAMPUR,UTTAR PRADESH,D688,BALRAMPUR,21.48
24-01-2025,27.5,82.5,BALRAMPUR,UTTAR PRADESH,D688,BALRAMPUR,21.99
25-01-2025,27.5,82.5,BALRAMPUR,UTTAR PRADESH,D688,BALRAMPUR,21.82
26-01-2025,27.5,82.5,BALRAMPUR,UTTAR PRADESH,D688,BALRAMPUR,22.23
27-01-2025,27.5,82.5,BALRAMPUR,UTTAR PRADESH,D688,BALRAMPUR,22.61
28-01-2025,27.5,82.5,BALRAMPUR,UTTAR PRADESH,D688,BALRAMPUR,22.26
29-01-2025,27.5,82.5,BALRAMPUR,UTTAR PRADESH,D688,BALRAMPUR,22.57
30-01-2025,27.5,82.5,BALRAMPUR,UTTAR PRADESH,D688,BALRAMPUR,23.08
31-01-2025,27.5,82.5,BALRAMPUR,UTTAR PRADESH,D688,BALRAMPUR,23.17
01-02-2025,27.5,82.5,BALRAMPUR,UTTAR PRADESH,D688,BALRAMPUR,23.15
02-02-2025,27.5,82.5,BALRAMPUR,UTTAR PRADESH,D688,BALRAMPUR,23.39
03-02-2025,27.5,82.5,BALRAMPUR,UTTAR PRADESH,D688,BALRAMPUR,24.11
04-02-2025,27.5,82.5,BALRAMPUR,UTTAR PRADESH,D688,BALRAMPUR,23.96
05-02-2025,27.5,82.5,BALRAMPUR,UTTAR PRADESH,D688,BALRAMPUR,24.09
06-02-2025,27.5,82.5,BALRAMPUR,UTTAR PRADESH,D688,BALRAMPUR,24.23
07-02-2025,27.5,82.5,BALRAMPUR,UTTAR PRADESH,D688,BALRAMPUR,24.54
08-02-2025,27.5,82.5,BALRAMPUR,UTTAR PRADESH,D688,BALRAMPUR,24.21
09-02-2025,27.5,82.5,BALRAMPUR,UTTAR PRADESH,D688,BALRAMPUR,24.63
10-02-2025,27.5,82.5,BALRAMPUR,UTTAR PRADESH,D688,BALRAMPUR,24.94
11-02-2025,27.5,82.5,BALRAMPUR,UTTAR PRADESH,D688,BALRAMPUR,24.95
12-02-2025,27.5,82.5,BALRAMPUR,UTTAR PRADESH,D688,BALRAMPUR,25.38
13-02-2025,27.5,82.5,BALRAMPUR,UTTAR PRADESH,D688,BALRAMPUR,25.49
14-02-2025,27.5,82.5,BALRAMPUR,UTTAR PRADESH,D688,BALRAMPUR,25.85
15-02-2025,27.5,82.5,BALRAMPUR,UTTAR PRADESH,D688,BALRAMPUR,25.81
16-02-2025,27.5,82.5,BALRAMPUR,UTTAR PRADESH,D688,BALRAMPUR,26.19
17-02-2025,27.5,82.5,BALRAMPUR,UTTAR PRADESH,D688,BALRAMPUR,26.8
18-02-2025,27.5,82.5,BALRAMPUR,UTTAR PRADESH,D688,BALRAMPUR,27.37
19-02-2025,27.5,82.5,BALRAMPUR,UTTAR PRADESH,D688,BALRAMPUR,27.87
20-02-2025,27.5,82.5,BALRAMPUR,UTTAR PRADESH,D688,BALRAMPUR,27.74
21-02-2025,27.5,82.5,BALRAMPUR,UTTAR PRADESH,D688,BALRAMPUR,27.69
22-02-2025,27.5,82.5,BALRAMPUR,UTTAR PRADESH,D688,BALRAMPUR,27.96
23-02-2025,27.5,82.5,BALRAMPUR,UTTAR PRADESH,D688,BALRAMPUR,28.02
24-02-2025,27.5,82.5,BALRAMPUR,UTTAR PRADESH,D688,BALRAMPUR,28.2
25-02-2025,27.5,82.5,BALRAMPUR,UTTAR PRADESH,D688,BALRAMPUR,27.92
26-02-2025,27.5,82.5,BALRAMPUR,UTTAR PRADESH,D688,BALRAMPUR,28.03
27-02-2025,27.5,82.5,BALRAMPUR,UTTAR PRADESH,D688,BALRAMPUR,28.33
28-02-2025,27.5,82.5,BALRAMPUR,UTTAR PRADESH,D688,BALRAMPUR,28.7
29-02-2025,27.5,82.5,BALRAMPUR,UTTAR PRADESH,D688,BALRAMPUR,28.65
01-03-2025,27.5,82.5,BALRAMPUR,UTTAR PRADESH,D688,BALRAMPUR,28.54
02-03-2025,27.5,82.5,BALRAMPUR,UTTAR PRADESH,D688,BALRAMPUR,29.02
03-03-2025,27.5,82.5,BALRAMPUR,UTTAR PRADESH,D688,BALRAMPUR,29.17
04-03-2025,27.5,82.5,BALRAMPUR,UTTAR PRADESH,D688,BALRAMPUR,29.49
05-03-2025,27.5,82.5,BALRAMPUR,UTTAR PRADESH,D688,BALRAMPUR,29.35
06-03-2025,27.5,82.5,BALRAMPUR,UTTAR PRADESH,D688,BALRAMPUR,29.55
07-03-2025,27.5,82.5,BALRAMPUR,UTTAR PRADESH,D688,BALRAMPUR,30
08-03-2025,27.5,82.5,BALRAMPUR,UTTAR PRADESH,D688,BALRAMPUR,29.97
09-03-2025,27.5,82.5,BALRAMPUR,UTTAR PRADESH,D688,BALRAMPUR,30.6
10-03-2025,27.5,82.5,BALRAMPUR,UTTAR PRADESH,D688,BALRAMPUR,30.34
11-03-2025,27.5,82.5,BALRAMPUR,UTTAR PRADESH,D688,BALRAMPUR,30.54
12-03-2025,27.5,82.5,BALRAMPUR,UTTAR PRADESH,D688,BALRAMPUR,30.48
13-03-2025,27.5,82.5,BALRAMPUR,UTTAR PRADESH,D688,BALRAMPUR,30.29
14-03-2025,27.5,82.5,BALRAMPUR,UTTAR PRADESH,D688,BALRAMPUR,30.82
15-03-2025,27.5,82.5,BALRAMPUR,UTTAR PRADESH,D688,BALRAMPUR,31
16-03-2025,27.5,82.5,BALRAMPUR,UTTAR PRADESH,D688,BALRAMPUR,31.69
17-03-2025,27.5,82.5,BALRAMPUR,UTTAR PRADESH,D688,BALRAMPUR,32.3
18-03-2025,27.5,82.5,BALRAMPUR,UTTAR PRADESH,D688,BALRAMPUR,32.84
19-03-2025,27.5,82.5,BALRAMPUR,UTTAR PRADESH,D688,BALRAMPUR,32.77
20-03-2025,27.5,82.5,BALRAMPUR,UTTAR PRADESH,D688,BALRAMPUR,33.23
21-03-2025,27.5,82.5,BALRAMPUR,UTTAR PRADESH,D688,BALRAMPUR,33.4
22-03-2025,27.5,82.5,BALRAMPUR,UTTAR PRADESH,D688,BALRAMPUR,33.65
23-03-2025,27.5,82.5,BALRAMPUR,UTTAR PRADESH,D688,BALRAMPUR,33.93
24-03-2025,27.5,82.5,BALRAMPUR,UTTAR PRADESH,D688,BALRAMPUR,34.42
25-03-2025,27.5,82.5,BALRAMPUR,UTTAR PRADESH,D688,BALRAMPUR,34.96
26-03-2025,27.5,82.5,BALRAMPUR,UTTAR PRADESH,D688,BALRAMPUR,35.05
27-03-2025,27.5,82.5,BALRAMPUR,UTTAR PRADESH,D688,BALRAMPUR,34.91
28-03-2025,27.5,82.5,BALRAMPUR,UTTAR PRADESH,D688,BALRAMPUR,35.44
29-03-2025,27.5,82.5,BALRAMPUR,UTTAR PRADESH,D688,BALRAMPUR,35.66
30-03-2025,27.5,82.5,BALRAMPUR,UTTAR PRADESH,D688,BALRAMPUR,35.42
31-03-2025,27.5,82.5,BALRAMPUR,UTTAR PRADESH,D688,BALRAMPUR,35.61
01-04-2025,27.5,82.5,BALRAMPUR,UTTAR PRADESH,D688,BALRAMPUR,35.98
02-04-2025,27.5,82.5,BALRAMPUR,UTTAR PRADESH,D688,BALRAMPUR,36.2
03-04-2025,27.5,82.5,BALRAMPUR,UTTAR PRADESH,D688,BALRAMPUR,36.52
04-04-2025,27.5,82.5,BALRAMPUR,UTTAR PRADESH,D688,BALRAMPUR,36.57
05-04-2025,27.5,82.5,BALRAMPUR,UTTAR PRADESH,D688,BALRAMPUR,36.63
06-04-2025,27.5,82.5,BALRAMPUR,UTTAR PRADESH,D688,BALRAMPUR,37.21
07-04-2025,27.5,82.5,BALRAMPUR,UTTAR PRADESH,D688,BALRAMPUR,37.47
08-04-2025,27.5,82.5,BALRAMPUR,UTTAR PRADESH,D688,BALRAMPUR,37.19
09-04-2025,27.5,82.5,BALRAMPUR,UTTAR PRADESH,D688,BALRAMPUR,37.4
10-04-2025,27.5,82.5,BALRAMPUR,UTTAR PRADESH,D688,BALRAMPUR,37.35
11-04-2025,27.5,82.5,BALRAMPUR,UTTAR PRADESH,D688,BALRAMPUR,37.76
12-04-2025,27.5,82.5,BALRAMPUR,UTTAR PRADESH,D688,BALRAMPUR,37.67
13-04-2025,27.5,82.5,BALRAMPUR,UTTAR PRADESH,D688,BALRAMPUR,37.86
14-04-2025,27.5,82.5,BALRAMPUR,UTTAR PRADESH,D688,BALRAMPUR,38.01
15-04-2025,27.5,82.5,BALRAMPUR,UTTAR PRADESH,D688,BALRAMPUR,38.26
16-04-2025,27.5,82.5,BALRAMPUR,UTTAR PRADESH,D688,BALRAMPUR,38.13
17-04-2025,27.5,82.5,BALRAMPUR,UTTAR PRADESH,D688,BALRAMPUR,37.55
18-04-2025,27.5,82.5,BALRAMPUR,UTTAR PRADESH,D688,BALRAMPUR,37.41
19-04-2025,27.5,82.5,BALRAMPUR,UTTAR PRADESH,D688,BALRAMPUR,38.02
20-04-2025,27.5,82.5,BALRAMPUR,UTTAR PRADESH,D688,BALRAMPUR,38.17
21-04-2025,27.5,82.5,BALRAMPUR,UTTAR PRADESH,D688,BALRAMPUR,37.9
22-04-2025,27.5,82.5,BALRAMPUR,UTTAR PRADESH,D688,BALRAMPUR,38.31
23-04-2025,27.5,82.5,BALRAMPUR,UTTAR PRADESH,D688,BALRAMPUR,38.27
24-04-2025,27.5,82.5,BALRAMPUR,UTTAR PRADESH,D688,BALRAMPUR,38.62
25-04-2025,27.5,82.5,BALRAMPUR,UTTAR PRADESH,D688,BALRAMPUR,38.64
26-04-2025,27.5,82.5,BALRAMPUR,UTTAR PRADESH,D688,BALRAMPUR,38.57
27-04-2025,27.5,82.5,BALRAMPUR,UTTAR PRADESH,D688,BALRAMPUR,38.57
28-04-2025,27.5,82.5,BALRAMPUR,UTTAR PRADESH,D688,BALRAMPUR,38.8
29-04-2025,27.5,82.5,BALRAMPUR,UTTAR PRADESH,D688,BALRAMPUR,38.87
30-04-2025,27.5,82.5,BALRAMPUR,UTTAR PRADESH,D688,BALRAMPUR,38.51
01-05-2025,27.5,82.5,BALRAMPUR,UTTAR PRADESH,D688,BALRAMPUR,38.24
02-05-2025,27.5,82.5,BALRAMPUR,UTTAR PRADESH,D688,BALRAMPUR,37.71
03-05-2025,27.5,82.5,BALRAMPUR,UTTAR PRADESH,D688,BALRAMPUR,37.38
04-05-2025,27.5,82.5,BALRAMPUR,UTTAR PRADESH,D688,BALRAMPUR,37.45
05-05-2025,27.5,82.5,BALRAMPUR,UTTAR PRADESH,D688,BALRAMPUR,37.42
06-05-2025,27.5,82.5,BALRAMPUR,UTTAR PRADESH,D688,BALRAMPUR,37.95
07-05-2025,27.5,82.5,BALRAMPUR,UTTAR PRADESH,D688,BALRAMPUR,37.58
08-05-2025,27.5,82.5,BALRAMPUR,UTTAR PRADESH,D688,BALRAMPUR,38.04
09-05-2025,27.5,82.5,BALRAMPUR,UTTAR PRADESH,D688,BALRAMPUR,38.41
10-05-2025,27.5,82.5,BALRAMPUR,UTTAR PRADESH,D688,BALRAMPUR,38.47
11-05-2025,27.5,82.5,BALRAMPUR,UTTAR PRADESH,D688,BALRAMPUR,38.02
12-05-2025,27.5,82.5,BALRAMPUR,UTTAR PRADESH,D688,BALRAMPUR,37.9
13-05-2025,27.5,82.5,BALRAMPUR,UTTAR PRADESH,D688,BALRAMPUR,37.78
14-05-2025,27.5,82.5,BALRAMPUR,UTTAR PRADESH,D688,BALRAMPUR,38.38
15-05-2025,27.5,82.5,BALRAMPUR,UTTAR PRADESH,D688,BALRAMPUR,38.22
16-05-2025,27.5,82.5,BALRAMPUR,UTTAR PRADESH,D688,BALRAMPUR,38.86
17-05-2025,27.5,82.5,BALRAMPUR,UTTAR PRADESH,D688,BALRAMPUR,38.9
18-05-2025,27.5,82.5,BALRAMPUR,UTTAR PRADESH,D688,BALRAMPUR,39.13
19-05-2025,27.5,82.5,BALRAMPUR,UTTAR PRADESH,D688,BALRAMPUR,38.6
20-05-2025,27.5,82.5,BALRAMPUR,UTTAR PRADESH,D688,BALRAMPUR,38.35
21-05-2025,27.5,82.5,BALRAMPUR,UTTAR PRADESH,D688,BALRAMPUR,38.68
22-05-2025,27.5,82.5,BALRAMPUR,UTTAR PRADESH,D688,BALRAMPUR,38.63
23-05-2025,27.5,82.5,BALRAMPUR,UTTAR PRADESH,D688,BALRAMPUR,38.6
24-05-2025,27.5,82.5,BALRAMPUR,UTTAR PRADESH,D688,BALRAMPUR,38.29
25-05-2025,27.5,82.5,BALRAMPUR,UTTAR PRADESH,D688,BALRAMPUR,38.66
26-05-2025,27.5,82.5,BALRAMPUR,UTTAR PRADESH,D688,BALRAMPUR,38.89
27-05-2025,27.5,82.5,BALRAMPUR,UTTAR PRADESH,D688,BALRAMPUR,38.42
28-05-2025,27.5,82.5,BALRAMPUR,UTTAR PRADESH,D688,BALRAMPUR,38.52
29-05-2025,27.5,82.5,BALRAMPUR,UTTAR PRADESH,D688,BALRAMPUR,38.88
30-05-2025,27.5,82.5,BALRAMPUR,UTTAR PRADESH,D688,BALRAMPUR,38.76
31-05-2025,27.5,82.5,BALRAMPUR,UTTAR PRADESH,D688,BALRAMPUR,38.84
01-06-2025,27.5,82.5,BALRAMPUR,UTTAR PRADESH,D688,BALRAMPUR,38.93
02-06-2025,27.5,82.5,BALRAMPUR,UTTAR PRADESH,D688,BALRAMPUR,39.05
03-06-2025,27.5,82.5,BALRAMPUR,UTTAR PRADESH,D688,BALRAMPUR,39.19
04-06-2025,27.5,82.5,BALRAMPUR,UTTAR PRADESH,D688,BALRAMPUR,38.72
05-06-2025,27.5,82.5,BALRAMPUR,UTTAR PRADESH,D688,BALRAMPUR,38.72
06-06-2025,27.5,82.5,BALRAMPUR,UTTAR PRADESH,D688,BALRAMPUR,37.98
07-06-2025,27.5,82.5,BALRAMPUR,UTTAR PRADESH,D688,BALRAMPUR,37.85
08-06-2025,27.5,82.5,BALRAMPUR,UTTAR PRADESH,D688,BALRAMPUR,38.65
09-06-2025,27.5,82.5,BALRAMPUR,UTTAR PRADESH,D688,BALRAMPUR,38.45
10-06-2025,27.5,82.5,BALRAMPUR,UTTAR PRADESH,D688,BALRAMPUR,38.81
11-06-2025,27.5,82.5,BALRAMPUR,UTTAR PRADESH,D688,BALRAMPUR,38.8
12-06-2025,27.5,82.5,BALRAMPUR,UTTAR PRADESH,D688,BALRAMPUR,38.26
13-06-2025,27.5,82.5,BALRAMPUR,UTTAR PRADESH,D688,BALRAMPUR,38.46
14-06-2025,27.5,82.5,BALRAMPUR,UTTAR PRADESH,D688,BALRAMPUR,38.26
15-06-2025,27.5,82.5,BALRAMPUR,UTTAR PRADESH,D688,BALRAMPUR,37.44
16-06-2025,27.5,82.5,BALRAMPUR,UTTAR PRADESH,D688,BALRAMPUR,36.91
17-06-2025,27.5,82.5,BALRAMPUR,UTTAR PRADESH,D688,BALRAMPUR,36.78
18-06-2025,27.5,82.5,BALRAMPUR,UTTAR PRADESH,D688,BALRAMPUR,36.65
19-06-2025,27.5,82.5,BALRAMPUR,UTTAR PRADESH,D688,BALRAMPUR,36.37
20-06-2025,27.5,82.5,BALRAMPUR,UTTAR PRADESH,D688,BALRAMPUR,36.07
21-06-2025,27.5,82.5,BALRAMPUR,UTTAR PRADESH,D688,BALRAMPUR,36.13
22-06-2025,27.5,82.5,BALRAMPUR,UTTAR PRADESH,D688,BALRAMPUR,35.7
23-06-2025,27.5,82.5,BALRAMPUR,UTTAR PRADESH,D688,BALRAMPUR,35.81
24-06-2025,27.5,82.5,BALRAMPUR,UTTAR PRADESH,D688,BALRAMPUR,35.67
25-06-2025,27.5,82.5,BALRAMPUR,UTTAR PRADESH,D688,BALRAMPUR,35.97
26-06-2025,27.5,82.5,BALRAMPUR,UTTAR PRADESH,D688,BALRAMPUR,35.58
27-06-2025,27.5,82.5,BALRAMPUR,UTTAR PRADESH,D688,BALRAMPUR,35.03
28-06-2025,27.5,82.5,BALRAMPUR,UTTAR PRADESH,D688,BALRAMPUR,34.91
29-06-2025,27.5,82.5,BALRAMPUR,UTTAR PRADESH,D688,BALRAMPUR,34.21
30-06-2025,27.5,82.5,BALRAMPUR,UTTAR PRADESH,D688,BALRAMPUR,34.24
01-07-2025,27.5,82.5,BALRAMPUR,UTTAR PRADESH,D688,BALRAMPUR,34.51
02-07-2025,27.5,82.5,BALRAMPUR,UTTAR PRADESH,D688,BALRAMPUR,34.4
03-07-2025,27.5,82.5,BALRAMPUR,UTTAR PRADESH,D688,BALRAMPUR,34.63
04-07-2025,27.5,82.5,BALRAMPUR,UTTAR PRADESH,D688,BALRAMPUR,34.46
05-07-2025,27.5,82.5,BALRAMPUR,UTTAR PRADESH,D688,BALRAMPUR,33.76
06-07-2025,27.5,82.5,BALRAMPUR,UTTAR PRADESH,D688,BALRAMPUR,33.81
07-07-2025,27.5,82.5,BALRAMPUR,UTTAR PRADESH,D688,BALRAMPUR,34.03
08-07-2025,27.5,82.5,BALRAMPUR,UTTAR PRADESH,D688,BALRAMPUR,34.31
09-07-2025,27.5,82.5,BALRAMPUR,UTTAR PRADESH,D688,BALRAMPUR,34.1
10-07-2025,27.5,82.5,BALRAMPUR,UTTAR PRADESH,D688,BALRAMPUR,33.55
11-07-2025,27.5,82.5,BALRAMPUR,UTTAR PRADESH,D688,BALRAMPUR,33.38
12-07-2025,27.5,82.5,BALRAMPUR,UTTAR PRADESH,D688,BALRAMPUR,33.69
13-07-2025,27.5,82.5,BALRAMPUR,UTTAR PRADESH,D688,BALRAMPUR,33.81
14-07-2025,27.5,82.5,BALRAMPUR,UTTAR PRADESH,D688,BALRAMPUR,33.73
15-07-2025,27.5,82.5,BALRAMPUR,UTTAR PRADESH,D688,BALRAMPUR,33.74
16-07-2025,27.5,82.5,BALRAMPUR,UTTAR PRADESH,D688,BALRAMPUR,33.56
17-07-2025,27.5,82.5,BALRAMPUR,UTTAR PRADESH,D688,BALRAMPUR,33.67
18-07-2025,27.5,82.5,BALRAMPUR,UTTAR PRADESH,D688,BALRAMPUR,33.72
19-07-2025,27.5,82.5,BALRAMPUR,UTTAR PRADESH,D688,BALRAMPUR,33.99
20-07-2025,27.5,82.5,BALRAMPUR,UTTAR PRADESH,D688,BALRAMPUR,33.04
21-07-2025,27.5,82.5,BALRAMPUR,UTTAR PRADESH,D688,BALRAMPUR,33.18
22-07-2025,27.5,82.5,BALRAMPUR,UTTAR PRADESH,D688,BALRAMPUR,33.26
23-07-2025,27.5,82.5,BALRAMPUR,UTTAR PRADESH,D688,BALRAMPUR,33.59
24-07-2025,27.5,82.5,BALRAMPUR,UTTAR PRADESH,D688,BALRAMPUR,33.44
25-07-2025,27.5,82.5,BALRAMPUR,UTTAR PRADESH,D688,BALRAMPUR,33.31
26-07-2025,27.5,82.5,BALRAMPUR,UTTAR PRADESH,D688,BALRAMPUR,33.21
27-07-2025,27.5,82.5,BALRAMPUR,UTTAR PRADESH,D688,BALRAMPUR,32.94
28-07-2025,27.5,82.5,BALRAMPUR,UTTAR PRADESH,D688,BALRAMPUR,33.17
29-07-2025,27.5,82.5,BALRAMPUR,UTTAR PRADESH,D688,BALRAMPUR,32.96
30-07-2025,27.5,82.5,BALRAMPUR,UTTAR PRADESH,D688,BALRAMPUR,33.29
31-07-2025,27.5,82.5,BALRAMPUR,UTTAR PRADESH,D688,BALRAMPUR,33.11
01-08-2025,27.5,82.5,BALRAMPUR,UTTAR PRADESH,D688,BALRAMPUR,33.15
02-08-2025,27.5,82.5,BALRAMPUR,UTTAR PRADESH,D688,BALRAMPUR,33.12
03-08-2025,27.5,82.5,BALRAMPUR,UTTAR PRADESH,D688,BALRAMPUR,32.94
04-08-2025,27.5,82.5,BALRAMPUR,UTTAR PRADESH,D688,BALRAMPUR,33.55
05-08-2025,27.5,82.5,BALRAMPUR,UTTAR PRADESH,D688,BALRAMPUR,33.64
06-08-2025,27.5,82.5,BALRAMPUR,UTTAR PRADESH,D688,BALRAMPUR,33.51
07-08-2025,27.5,82.5,BALRAMPUR,UTTAR PRADESH,D688,BALRAMPUR,33.87
08-08-2025,27.5,82.5,BALRAMPUR,UTTAR PRADESH,D688,BALRAMPUR,33.63
09-08-2025,27.5,82.5,BALRAMPUR,UTTAR PRADESH,D688,BALRAMPUR,33.65
10-08-2025,27.5,82.5,BALRAMPUR,UTTAR PRADESH,D688,BALRAMPUR,33.56
11-08-2025,27.5,82.5,BALRAMPUR,UTTAR PRADESH,D688,BALRAMPUR,33.13
12-08-2025,27.5,82.5,BALRAMPUR,UTTAR PRADESH,D688,BALRAMPUR,32.86
13-08-2025,27.5,82.5,BALRAMPUR,UTTAR PRADESH,D688,BALRAMPUR,32.64
14-08-2025,27.5,82.5,BALRAMPUR,UTTAR PRADESH,D688,BALRAMPUR,32.82
15-08-2025,27.5,82.5,BALRAMPUR,UTTAR PRADESH,D688,BALRAMPUR,32.9
16-08-2025,27.5,82.5,BALRAMPUR,UTTAR PRADESH,D688,BALRAMPUR,33.21
17-08-2025,27.5,82.5,BALRAMPUR,UTTAR PRADESH,D688,BALRAMPUR,33.51
18-08-2025,27.5,82.5,BALRAMPUR,UTTAR PRADESH,D688,BALRAMPUR,33.1
19-08-2025,27.5,82.5,BALRAMPUR,UTTAR PRADESH,D688,BALRAMPUR,32.78
20-08-2025,27.5,82.5,BALRAMPUR,UTTAR PRADESH,D688,BALRAMPUR,32.86
21-08-2025,27.5,82.5,BALRAMPUR,UTTAR PRADESH,D688,BALRAMPUR,33.16
22-08-2025,27.5,82.5,BALRAMPUR,UTTAR PRADESH,D688,BALRAMPUR,33.11
23-08-2025,27.5,82.5,BALRAMPUR,UTTAR PRADESH,D688,BALRAMPUR,33.13
24-08-2025,27.5,82.5,BALRAMPUR,UTTAR PRADESH,D688,BALRAMPUR,33.09
25-08-2025,27.5,82.5,BALRAMPUR,UTTAR PRADESH,D688,BALRAMPUR,33.55
26-08-2025,27.5,82.5,BALRAMPUR,UTTAR PRADESH,D688,BALRAMPUR,33.58
27-08-2025,27.5,82.5,BALRAMPUR,UTTAR PRADESH,D688,BALRAMPUR,33.5
28-08-2025,27.5,82.5,BALRAMPUR,UTTAR PRADESH,D688,BALRAMPUR,33.65
29-08-2025,27.5,82.5,BALRAMPUR,UTTAR PRADESH,D688,BALRAMPUR,33.69
30-08-2025,27.5,82.5,BALRAMPUR,UTTAR PRADESH,D688,BALRAMPUR,33.82
31-08-2025,27.5,82.5,BALRAMPUR,UTTAR PRADESH,D688,BALRAMPUR,33.59
01-09-2025,27.5,82.5,BALRAMPUR,UTTAR PRADESH,D688,BALRAMPUR,33.11
02-09-2025,27.5,82.5,BALRAMPUR,UTTAR PRADESH,D688,BALRAMPUR,32.83
03-09-2025,27.5,82.5,BALRAMPUR,UTTAR PRADESH,D688,BALRAMPUR,33.39
04-09-2025,27.5,82.5,BALRAMPUR,UTTAR PRADESH,D688,BALRAMPUR,33.55
05-09-2025,27.5,82.5,BALRAMPUR,UTTAR PRADESH,D688,BALRAMPUR,33.55
06-09-2025,27.5,82.5,BALRAMPUR,UTTAR PRADESH,D688,BALRAMPUR,33.41
07-09-2025,27.5,82.5,BALRAMPUR,UTTAR PRADESH,D688,BALRAMPUR,33.37
08-09-2025,27.5,82.5,BALRAMPUR,UTTAR PRADESH,D688,BALRAMPUR,33.45
09-09-2025,27.5,82.5,BALRAMPUR,UTTAR PRADESH,D688,BALRAMPUR,33.45
10-09-2025,27.5,82.5,BALRAMPUR,UTTAR PRADESH,D688,BALRAMPUR,33.53
11-09-2025,27.5,82.5,BALRAMPUR,UTTAR PRADESH,D688,BALRAMPUR,33.2
12-09-2025,27.5,82.5,BALRAMPUR,UTTAR PRADESH,D688,BALRAMPUR,33.18
13-09-2025,27.5,82.5,BALRAMPUR,UTTAR PRADESH,D688,BALRAMPUR,33.26
14-09-2025,27.5,82.5,BALRAMPUR,UTTAR PRADESH,D688,BALRAMPUR,33.06
15-09-2025,27.5,82.5,BALRAMPUR,UTTAR PRADESH,D688,BALRAMPUR,32.66
16-09-2025,27.5,82.5,BALRAMPUR,UTTAR PRADESH,D688,BALRAMPUR,33.11
17-09-2025,27.5,82.5,BALRAMPUR,UTTAR PRADESH,D688,BALRAMPUR,32.98
18-09-2025,27.5,82.5,BALRAMPUR,UTTAR PRADESH,D688,BALRAMPUR,33.21
19-09-2025,27.5,82.5,BALRAMPUR,UTTAR PRADESH,D688,BALRAMPUR,33.52
20-09-2025,27.5,82.5,BALRAMPUR,UTTAR PRADESH,D688,BALRAMPUR,33.45
21-09-2025,27.5,82.5,BALRAMPUR,UTTAR PRADESH,D688,BALRAMPUR,33.05
22-09-2025,27.5,82.5,BALRAMPUR,UTTAR PRADESH,D688,BALRAMPUR,32.83
23-09-2025,27.5,82.5,BALRAMPUR,UTTAR PRADESH,D688,BALRAMPUR,33.18
24-09-2025,27.5,82.5,BALRAMPUR,UTTAR PRADESH,D688,BALRAMPUR,32.89
25-09-2025,27.5,82.5,BALRAMPUR,UTTAR PRADESH,D688,BALRAMPUR,32.61
26-09-2025,27.5,82.5,BALRAMPUR,UTTAR PRADESH,D688,BALRAMPUR,32.91
27-09-2025,27.5,82.5,BALRAMPUR,UTTAR PRADESH,D688,BALRAMPUR,33.31
28-09-2025,27.5,82.5,BALRAMPUR,UTTAR PRADESH,D688,BALRAMPUR,33.47
29-09-2025,27.5,82.5,BALRAMPUR,UTTAR PRADESH,D688,BALRAMPUR,33.43
30-09-2025,27.5,82.5,BALRAMPUR,UTTAR PRADESH,D688,BALRAMPUR,33.45
01-10-2025,27.5,82.5,BALRAMPUR,UTTAR PRADESH,D688,BALRAMPUR,33.44
02-10-2025,27.5,82.5,BALRAMPUR,UTTAR PRADESH,D688,BALRAMPUR,33.04
03-10-2025,27.5,82.5,BALRAMPUR,UTTAR PRADESH,D688,BALRAMPUR,33.01
04-10-2025,27.5,82.5,BALRAMPUR,UTTAR PRADESH,D688,BALRAMPUR,32.75
05-10-2025,27.5,82.5,BALRAMPUR,UTTAR PRADESH,D688,BALRAMPUR,33.12
06-10-2025,27.5,82.5,BALRAMPUR,UTTAR PRADESH,D688,BALRAMPUR,33.34
07-10-2025,27.5,82.5,BALRAMPUR,UTTAR PRADESH,D688,BALRAMPUR,33.15
08-10-2025,27.5,82.5,BALRAMPUR,UTTAR PRADESH,D688,BALRAMPUR,33.22
09-10-2025,27.5,82.5,BALRAMPUR,UTTAR PRADESH,D688,BALRAMPUR,33.24
10-10-2025,27.5,82.5,BALRAMPUR,UTTAR PRADESH,D688,BALRAMPUR,33.57
11-10-2025,27.5,82.5,BALRAMPUR,UTTAR PRADESH,D688,BALRAMPUR,33.06
12-10-2025,27.5,82.5,BALRAMPUR,UTTAR PRADESH,D688,BALRAMPUR,32.95
13-10-2025,27.5,82.5,BALRAMPUR,UTTAR PRADESH,D688,BALRAMPUR,33.09
14-10-2025,27.5,82.5,BALRAMPUR,UTTAR PRADESH,D688,BALRAMPUR,32.83
15-10-2025,27.5,82.5,BALRAMPUR,UTTAR PRADESH,D688,BALRAMPUR,32.92
16-10-2025,27.5,82.5,BALRAMPUR,UTTAR PRADESH,D688,BALRAMPUR,32.91
17-10-2025,27.5,82.5,BALRAMPUR,UTTAR PRADESH,D688,BALRAMPUR,32.64
18-10-2025,27.5,82.5,BALRAMPUR,UTTAR PRADESH,D688,BALRAMPUR,32.5
19-10-2025,27.5,82.5,BALRAMPUR,UTTAR PRADESH,D688,BALRAMPUR,32.18
20-10-2025,27.5,82.5,BALRAMPUR,UTTAR PRADESH,D688,BALRAMPUR,32.28
21-10-2025,27.5,82.5,BALRAMPUR,UTTAR PRADESH,D688,BALRAMPUR,32.28
22-10-2025,27.5,82.5,BALRAMPUR,UTTAR PRADESH,D688,BALRAMPUR,32.28
23-10-2025,27.5,82.5,BALRAMPUR,UTTAR PRADESH,D688,BALRAMPUR,32.02
24-10-2025,27.5,82.5,BALRAMPUR,UTTAR PRADESH,D688,BALRAMPUR,31.89
25-10-2025,27.5,82.5,BALRAMPUR,UTTAR PRADESH,D688,BALRAMPUR,31.59
26-10-2025,27.5,82.5,BALRAMPUR,UTTAR PRADESH,D688,BALRAMPUR,31.5
27-10-2025,27.5,82.5,BALRAMPUR,UTTAR PRADESH,D688,BALRAMPUR,31.23
28-10-2025,27.5,82.5,BALRAMPUR,UTTAR PRADESH,D688,BALRAMPUR,31.09
29-10-2025,27.5,82.5,BALRAMPUR,UTTAR PRADESH,D688,BALRAMPUR,31.13
30-10-2025,27.5,82.5,BALRAMPUR,UTTAR PRADESH,D688,BALRAMPUR,31.24
31-10-2025,27.5,82.5,BALRAMPUR,UTTAR PRADESH,D688,BALRAMPUR,31.33
01-11-2025,27.5,82.5,BALRAMPUR,UTTAR PRADESH,D688,BALRAMPUR,31.23
02-11-2025,27.5,82.5,BALRAMPUR,UTTAR PRADESH,D688,BALRAMPUR,31.16
03-11-2025,27.5,82.5,BALRAMPUR,UTTAR PRADESH,D688,BALRAMPUR,31.1
04-11-2025,27.5,82.5,BALRAMPUR,UTTAR PRADESH,D688,BALRAMPUR,31
05-11-2025,27.5,82.5,BALRAMPUR,UTTAR PRADESH,D688,BALRAMPUR,30.95
06-11-2025,27.5,82.5,BALRAMPUR,UTTAR PRADESH,D688,BALRAMPUR,30.51
07-11-2025,27.5,82.5,BALRAMPUR,UTTAR PRADESH,D688,BALRAMPUR,30.58
08-11-2025,27.5,82.5,BALRAMPUR,UTTAR PRADESH,D688,BALRAMPUR,30.41
09-11-2025,27.5,82.5,BALRAMPUR,UTTAR PRADESH,D688,BALRAMPUR,30.28
10-11-2025,27.5,82.5,BALRAMPUR,UTTAR PRADESH,D688,BALRAMPUR,29.86
11-11-2025,27.5,82.5,BALRAMPUR,UTTAR PRADESH,D688,BALRAMPUR,29.86
12-11-2025,27.5,82.5,BALRAMPUR,UTTAR PRADESH,D688,BALRAMPUR,29.63
13-11-2025,27.5,82.5,BALRAMPUR,UTTAR PRADESH,D688,BALRAMPUR,29.55
14-11-2025,27.5,82.5,BALRAMPUR,UTTAR PRADESH,D688,BALRAMPUR,29.28
15-11-2025,27.5,82.5,BALRAMPUR,UTTAR PRADESH,D688,BALRAMPUR,29.27
16-11-2025,27.5,82.5,BALRAMPUR,UTTAR PRADESH,D688,BALRAMPUR,28.84
17-11-2025,27.5,82.5,BALRAMPUR,UTTAR PRADESH,D688,BALRAMPUR,28.97
18-11-2025,27.5,82.5,BALRAMPUR,UTTAR PRADESH,D688,BALRAMPUR,28.53
19-11-2025,27.5,82.5,BALRAMPUR,UTTAR PRADESH,D688,BALRAMPUR,28.44
20-11-2025,27.5,82.5,BALRAMPUR,UTTAR PRADESH,D688,BALRAMPUR,28.29
21-11-2025,27.5,82.5,BALRAMPUR,UTTAR PRADESH,D688,BALRAMPUR,28.05
22-11-2025,27.5,82.5,BALRAMPUR,UTTAR PRADESH,D688,BALRAMPUR,27.88
23-11-2025,27.5,82.5,BALRAMPUR,UTTAR PRADESH,D688,BALRAMPUR,27.97
24-11-2025,27.5,82.5,BALRAMPUR,UTTAR PRADESH,D688,BALRAMPUR,27.78
25-11-2025,27.5,82.5,BALRAMPUR,UTTAR PRADESH,D688,BALRAMPUR,27.51
26-11-2025,27.5,82.5,BALRAMPUR,UTTAR PRADESH,D688,BALRAMPUR,27.56
27-11-2025,27.5,82.5,BALRAMPUR,UTTAR PRADESH,D688,BALRAMPUR,27.41
28-11-2025,27.5,82.5,BALRAMPUR,UTTAR PRADESH,D688,BALRAMPUR,27.28
29-11-2025,27.5,82.5,BALRAMPUR,UTTAR PRADESH,D688,BALRAMPUR,27.18
30-11-2025,27.5,82.5,BALRAMPUR,UTTAR PRADESH,D688,BALRAMPUR,26.98
01-12-2025,27.5,82.5,BALRAMPUR,UTTAR PRADESH,D688,BALRAMPUR,26.83
02-12-2025,27.5,82.5,BALRAMPUR,UTTAR PRADESH,D688,BALRAMPUR,26.71
03-12-2025,27.5,82.5,BALRAMPUR,UTTAR PRADESH,D688,BALRAMPUR,26.48
04-12-2025,27.5,82.5,BALRAMPUR,UTTAR PRADESH,D688,BALRAMPUR,26.39
05-12-2025,27.5,82.5,BALRAMPUR,UTTAR PRADESH,D688,BALRAMPUR,26.11
06-12-2025,27.5,82.5,BALRAMPUR,UTTAR PRADESH,D688,BALRAMPUR,26.23
07-12-2025,27.5,82.5,BALRAMPUR,UTTAR PRADESH,D688,BALRAMPUR,25.88
08-12-2025,27.5,82.5,BALRAMPUR,UTTAR PRADESH,D688,BALRAMPUR,25.35
09-12-2025,27.5,82.5,BALRAMPUR,UTTAR PRADESH,D688,BALRAMPUR,25.28
10-12-2025,27.5,82.5,BALRAMPUR,UTTAR PRADESH,D688,BALRAMPUR,25.17
11-12-2025,27.5,82.5,BALRAMPUR,UTTAR PRADESH,D688,BALRAMPUR,24.96
12-12-2025,27.5,82.5,BALRAMPUR,UTTAR PRADESH,D688,BALRAMPUR,24.6
13-12-2025,27.5,82.5,BALRAMPUR,UTTAR PRADESH,D688,BALRAMPUR,24.06
14-12-2025,27.5,82.5,BALRAMPUR,UTTAR PRADESH,D688,BALRAMPUR,24.02
15-12-2025,27.5,82.5,BALRAMPUR,UTTAR PRADESH,D688,BALRAMPUR,23.93
16-12-2025,27.5,82.5,BALRAMPUR,UTTAR PRADESH,D688,BALRAMPUR,23.55
17-12-2025,27.5,82.5,BALRAMPUR,UTTAR PRADESH,D688,BALRAMPUR,23.51
18-12-2025,27.5,82.5,BALRAMPUR,UTTAR PRADESH,D688,BALRAMPUR,23.17
19-12-2025,27.5,82.5,BALRAMPUR,UTTAR PRADESH,D688,BALRAMPUR,22.92
20-12-2025,27.5,82.5,BALRAMPUR,UTTAR PRADESH,D688,BALRAMPUR,22.69
21-12-2025,27.5,82.5,BALRAMPUR,UTTAR PRADESH,D688,BALRAMPUR,22.39
22-12-2025,27.5,82.5,BALRAMPUR,UTTAR PRADESH,D688,BALRAMPUR,22.67
23-12-2025,27.5,82.5,BALRAMPUR,UTTAR PRADESH,D688,BALRAMPUR,22.72
24-12-2025,27.5,82.5,BALRAMPUR,UTTAR PRADESH,D688,BALRAMPUR,22.76
25-12-2025,27.5,82.5,BALRAMPUR,UTTAR PRADESH,D688,BALRAMPUR,22.54
26-12-2025,27.5,82.5,BALRAMPUR,UTTAR PRADESH,D688,BALRAMPUR,21.96
27-12-2025,27.5,82.5,BALRAMPUR,UTTAR PRADESH,D688,BALRAMPUR,21.91
28-12-2025,27.5,82.5,BALRAMPUR,UTTAR PRADESH,D688,BALRAMPUR,21.24
29-12-2025,27.5,82.5,BALRAMPUR,UTTAR PRADESH,D688,BALRAMPUR,21.22
30-12-2025,27.5,82.5,BALRAMPUR,UTTAR PRADESH,D688,BALRAMPUR,20.48
31-12-2025,27.5,82.5,BALRAMPUR,UTTAR PRADESH,D688,BALRAMPUR,20.42
01-01-2025,25.5,82.5,JAUNPUR,UTTAR PRADESH,D715,BADLAPUR,20.61
02-01-2025,25.5,82.5,JAUNPUR,UTTAR PRADESH,D715,BADLAPUR,20.6
03-01-2025,25.5,82.5,JAUNPUR,UTTAR PRADESH,D715,BADLAPUR,20.69
04-01-2025,25.5,82.5,JAUNPUR,UTTAR PRADESH,D715,BADLAPUR,20.76
05-01-2025,25.5,82.5,JAUNPUR,UTTAR PRADESH,D715,BADLAPUR,20.34
06-01-2025,25.5,82.5,JAUNPUR,UTTAR PRADESH,D715,BADLAPUR,20.76
07-01-2025,25.5,82.5,JAUNPUR,UTTAR PRADESH,D715,BADLAPUR,20.65
08-01-2025,25.5,82.5,JAUNPUR,UTTAR PRADESH,D715,BADLAPUR,20.34
09-01-2025,25.5,82.5,JAUNPUR,UTTAR PRADESH,D715,BADLAPUR,20.58
10-01-2025,25.5,82.5,JAUNPUR,UTTAR PRADESH,D715,BADLAPUR,21.26
11-01-2025,25.5,82.5,JAUNPUR,UTTAR PRADESH,D715,BADLAPUR,20.93
12-01-2025,25.5,82.5,JAUNPUR,UTTAR PRADESH,D715,BADLAPUR,21.22
13-01-2025,25.5,82.5,JAUNPUR,UTTAR PRADESH,D715,BADLAPUR,21.57
14-01-2025,25.5,82.5,JAUNPUR,UTTAR PRADESH,D715,BADLAPUR,21.83
15-01-2025,25.5,82.5,JAUNPUR,UTTAR PRADESH,D715,BADLAPUR,21.84
16-01-2025,25.5,82.5,JAUNPUR,UTTAR PRADESH,D715,BADLAPUR,21.3
17-01-2025,25.5,82.5,JAUNPUR,UTTAR PRADESH,D715,BADLAPUR,21.33
18-01-2025,25.5,82.5,JAUNPUR,UTTAR PRADESH,D715,BADLAPUR,21.26
19-01-2025,25.5,82.5,JAUNPUR,UTTAR PRADESH,D715,BADLAPUR,21.42
20-01-2025,25.5,82.5,JAUNPUR,UTTAR PRADESH,D715,BADLAPUR,21.63
21-01-2025,25.5,82.5,JAUNPUR,UTTAR PRADESH,D715,BADLAPUR,21.74
22-01-2025,25.5,82.5,JAUNPUR,UTTAR PRADESH,D715,BADLAPUR,22.14
23-01-2025,25.5,82.5,JAUNPUR,UTTAR PRADESH,D715,BADLAPUR,22.59
24-01-2025,25.5,82.5,JAUNPUR,UTTAR PRADESH,D715,BADLAPUR,22.76
25-01-2025,25.5,82.5,JAUNPUR,UTTAR PRADESH,D715,BADLAPUR,22.74
26-01-2025,25.5,82.5,JAUNPUR,UTTAR PRADESH,D715,BADLAPUR,23.16
27-01-2025,25.5,82.5,JAUNPUR,UTTAR PRADESH,D715,BADLAPUR,23.46
28-01-2025,25.5,82.5,JAUNPUR,UTTAR PRADESH,D715,BADLAPUR,23.19
29-01-2025,25.5,82.5,JAUNPUR,UTTAR PRADESH,D715,BADLAPUR,23.21
30-01-2025,25.5,82.5,JAUNPUR,UTTAR PRADESH,D715,BADLAPUR,23.97
31-01-2025,25.5,82.5,JAUNPUR,UTTAR PRADESH,D715,BADLAPUR,24.12
01-02-2025,25.5,82.5,JAUNPUR,UTTAR PRADESH,D715,BADLAPUR,24.13
02-02-2025,25.5,82.5,JAUNPUR,UTTAR PRADESH,D715,BADLAPUR,24.32
03-02-2025,25.5,82.5,JAUNPUR,UTTAR PRADESH,D715,BADLAPUR,24.9
04-02-2025,25.5,82.5,JAUNPUR,UTTAR PRADESH,D715,BADLAPUR,24.67
05-02-2025,25.5,82.5,JAUNPUR,UTTAR PRADESH,D715,BADLAPUR,24.97
06-02-2025,25.5,82.5,JAUNPUR,UTTAR PRADESH,D715,BADLAPUR,25.18
07-02-2025,25.5,82.5,JAUNPUR,UTTAR PRADESH,D715,BADLAPUR,25.26
08-02-2025,25.5,82.5,JAUNPUR,UTTAR PRADESH,D715,BADLAPUR,24.95
09-02-2025,25.5,82.5,JAUNPUR,UTTAR PRADESH,D715,BADLAPUR,25.3
10-02-2025,25.5,82.5,JAUNPUR,UTTAR PRADESH,D715,BADLAPUR,25.34
11-02-2025,25.5,82.5,JAUNPUR,UTTAR PRADESH,D715,BADLAPUR,25.7
12-02-2025,25.5,82.5,JAUNPUR,UTTAR PRADESH,D715,BADLAPUR,25.95
13-02-2025,25.5,82.5,JAUNPUR,UTTAR PRADESH,D715,BADLAPUR,25.91
14-02-2025,25.5,82.5,JAUNPUR,UTTAR PRADESH,D715,BADLAPUR,26.6
15-02-2025,25.5,82.5,JAUNPUR,UTTAR PRADESH,D715,BADLAPUR,26.86
16-02-2025,25.5,82.5,JAUNPUR,UTTAR PRADESH,D715,BADLAPUR,26.7
17-02-2025,25.5,82.5,JAUNPUR,UTTAR PRADESH,D715,BADLAPUR,27.45
18-02-2025,25.5,82.5,JAUNPUR,UTTAR PRADESH,D715,BADLAPUR,28.17
19-02-2025,25.5,82.5,JAUNPUR,UTTAR PRADESH,D715,BADLAPUR,28.51
20-02-2025,25.5,82.5,JAUNPUR,UTTAR PRADESH,D715,BADLAPUR,28.5
21-02-2025,25.5,82.5,JAUNPUR,UTTAR PRADESH,D715,BADLAPUR,28.49
22-02-2025,25.5,82.5,JAUNPUR,UTTAR PRADESH,D715,BADLAPUR,28.52
23-02-2025,25.5,82.5,JAUNPUR,UTTAR PRADESH,D715,BADLAPUR,28.97
24-02-2025,25.5,82.5,JAUNPUR,UTTAR PRADESH,D715,BADLAPUR,29.13
25-02-2025,25.5,82.5,JAUNPUR,UTTAR PRADESH,D715,BADLAPUR,28.9
26-02-2025,25.5,82.5,JAUNPUR,UTTAR PRADESH,D715,BADLAPUR,28.61
27-02-2025,25.5,82.5,JAUNPUR,UTTAR PRADESH,D715,BADLAPUR,28.97
28-02-2025,25.5,82.5,JAUNPUR,UTTAR PRADESH,D715,BADLAPUR,29.3
29-02-2025,25.5,82.5,JAUNPUR,UTTAR PRADESH,D715,BADLAPUR,29.84
01-03-2025,25.5,82.5,JAUNPUR,UTTAR PRADESH,D715,BADLAPUR,29.22
02-03-2025,25.5,82.5,JAUNPUR,UTTAR PRADESH,D715,BADLAPUR,29.77
03-03-2025,25.5,82.5,JAUNPUR,UTTAR PRADESH,D715,BADLAPUR,30.1
04-03-2025,25.5,82.5,JAUNPUR,UTTAR PRADESH,D715,BADLAPUR,30.4
05-03-2025,25.5,82.5,JAUNPUR,UTTAR PRADESH,D715,BADLAPUR,30.29
06-03-2025,25.5,82.5,JAUNPUR,UTTAR PRADESH,D715,BADLAPUR,30.41
07-03-2025,25.5,82.5,JAUNPUR,UTTAR PRADESH,D715,BADLAPUR,30.66
08-03-2025,25.5,82.5,JAUNPUR,UTTAR PRADESH,D715,BADLAPUR,30.6
09-03-2025,25.5,82.5,JAUNPUR,UTTAR PRADESH,D715,BADLAPUR,31.04
10-03-2025,25.5,82.5,JAUNPUR,UTTAR PRADESH,D715,BADLAPUR,31.04
11-03-2025,25.5,82.5,JAUNPUR,UTTAR PRADESH,D715,BADLAPUR,31.5
12-03-2025,25.5,82.5,JAUNPUR,UTTAR PRADESH,D715,BADLAPUR,31.38
13-03-2025,25.5,82.5,JAUNPUR,UTTAR PRADESH,D715,BADLAPUR,31.25
14-03-2025,25.5,82.5,JAUNPUR,UTTAR PRADESH,D715,BADLAPUR,31.54
15-03-2025,25.5,82.5,JAUNPUR,UTTAR PRADESH,D715,BADLAPUR,31.58
16-03-2025,25.5,82.5,JAUNPUR,UTTAR PRADESH,D715,BADLAPUR,32.25
17-03-2025,25.5,82.5,JAUNPUR,UTTAR PRADESH,D715,BADLAPUR,32.8
18-03-2025,25.5,82.5,JAUNPUR,UTTAR PRADESH,D715,BADLAPUR,33.49
19-03-2025,25.5,82.5,JAUNPUR,UTTAR PRADESH,D715,BADLAPUR,33.35
20-03-2025,25.5,82.5,JAUNPUR,UTTAR PRADESH,D715,BADLAPUR,33.81
21-03-2025,25.5,82.5,JAUNPUR,UTTAR PRADESH,D715,BADLAPUR,33.81
22-03-2025,25.5,82.5,JAUNPUR,UTTAR PRADESH,D715,BADLAPUR,34.37
23-03-2025,25.5,82.5,JAUNPUR,UTTAR PRADESH,D715,BADLAPUR,34.6
24-03-2025,25.5,82.5,JAUNPUR,UTTAR PRADESH,D715,BADLAPUR,34.86
25-03-2025,25.5,82.5,JAUNPUR,UTTAR PRADESH,D715,BADLAPUR,35.54
26-03-2025,25.5,82.5,JAUNPUR,UTTAR PRADESH,D715,BADLAPUR,35.41
27-03-2025,25.5,82.5,JAUNPUR,UTTAR PRADESH,D715,BADLAPUR,35.59
28-03-2025,25.5,82.5,JAUNPUR,UTTAR PRADESH,D715,BADLAPUR,36.01
29-03-2025,25.5,82.5,JAUNPUR,UTTAR PRADESH,D715,BADLAPUR,36.42
30-03-2025,25.5,82.5,JAUNPUR,UTTAR PRADESH,D715,BADLAPUR,36.14
31-03-2025,25.5,82.5,JAUNPUR,UTTAR PRADESH,D715,BADLAPUR,36.29
01-04-2025,25.5,82.5,JAUNPUR,UTTAR PRADESH,D715,BADLAPUR,36.71
02-04-2025,25.5,82.5,JAUNPUR,UTTAR PRADESH,D715,BADLAPUR,36.9
03-04-2025,25.5,82.5,JAUNPUR,UTTAR PRADESH,D715,BADLAPUR,37.37
04-04-2025,25.5,82.5,JAUNPUR,UTTAR PRADESH,D715,BADLAPUR,37.32
05-04-2025,25.5,82.5,JAUNPUR,UTTAR PRADESH,D715,BADLAPUR,37.33
06-04-2025,25.5,82.5,JAUNPUR,UTTAR PRADESH,D715,BADLAPUR,38.15
07-04-2025,25.5,82.5,JAUNPUR,UTTAR PRADESH,D715,BADLAPUR,38.45
08-04-2025,25.5,82.5,JAUNPUR,UTTAR PRADESH,D715,BADLAPUR,38.07
09-04-2025,25.5,82.5,JAUNPUR,UTTAR PRADESH,D715,BADLAPUR,38.3
10-04-2025,25.5,82.5,JAUNPUR,UTTAR PRADESH,D715,BADLAPUR,38.29
11-04-2025,25.5,82.5,JAUNPUR,UTTAR PRADESH,D715,BADLAPUR,38.58
12-04-2025,25.5,82.5,JAUNPUR,UTTAR PRADESH,D715,BADLAPUR,38.61
13-04-2025,25.5,82.5,JAUNPUR,UTTAR PRADESH,D715,BADLAPUR,38.67
14-04-2025,25.5,82.5,JAUNPUR,UTTAR PRADESH,D715,BADLAPUR,38.75
15-04-2025,25.5,82.5,JAUNPUR,UTTAR PRADESH,D715,BADLAPUR,38.8
16-04-2025,25.5,82.5,JAUNPUR,UTTAR PRADESH,D715,BADLAPUR,39.15
17-04-2025,25.5,82.5,JAUNPUR,UTTAR PRADESH,D715,BADLAPUR,39.06
18-04-2025,25.5,82.5,JAUNPUR,UTTAR PRADESH,D715,BADLAPUR,38.76
19-04-2025,25.5,82.5,JAUNPUR,UTTAR PRADESH,D715,BADLAPUR,39.34
20-04-2025,25.5,82.5,JAUNPUR,UTTAR PRADESH,D715,BADLAPUR,39.38
21-04-2025,25.5,82.5,JAUNPUR,UTTAR PRADESH,D715,BADLAPUR,38.58
22-04-2025,25.5,82.5,JAUNPUR,UTTAR PRADESH,D715,BADLAPUR,38.99
23-04-2025,25.5,82.5,JAUNPUR,UTTAR PRADESH,D715,BADLAPUR,39.16
24-04-2025,25.5,82.5,JAUNPUR,UTTAR PRADESH,D715,BADLAPUR,39.24
25-04-2025,25.5,82.5,JAUNPUR,UTTAR PRADESH,D715,BADLAPUR,39.32
26-04-2025,25.5,82.5,JAUNPUR,UTTAR PRADESH,D715,BADLAPUR,39.45
27-04-2025,25.5,82.5,JAUNPUR,UTTAR PRADESH,D715,BADLAPUR,39.62
28-04-2025,25.5,82.5,JAUNPUR,UTTAR PRADESH,D715,BADLAPUR,39.6
29-04-2025,25.5,82.5,JAUNPUR,UTTAR PRADESH,D715,BADLAPUR,40
30-04-2025,25.5,82.5,JAUNPUR,UTTAR PRADESH,D715,BADLAPUR,39.7
01-05-2025,25.5,82.5,JAUNPUR,UTTAR PRADESH,D715,BADLAPUR,39.41
02-05-2025,25.5,82.5,JAUNPUR,UTTAR PRADESH,D715,BADLAPUR,38.94
03-05-2025,25.5,82.5,JAUNPUR,UTTAR PRADESH,D715,BADLAPUR,38.7
04-05-2025,25.5,82.5,JAUNPUR,UTTAR PRADESH,D715,BADLAPUR,38.9
05-05-2025,25.5,82.5,JAUNPUR,UTTAR PRADESH,D715,BADLAPUR,38.79
06-05-2025,25.5,82.5,JAUNPUR,UTTAR PRADESH,D715,BADLAPUR,39.06
07-05-2025,25.5,82.5,JAUNPUR,UTTAR PRADESH,D715,BADLAPUR,38.87
08-05-2025,25.5,82.5,JAUNPUR,UTTAR PRADESH,D715,BADLAPUR,39.27
09-05-2025,25.5,82.5,JAUNPUR,UTTAR PRADESH,D715,BADLAPUR,39.71
10-05-2025,25.5,82.5,JAUNPUR,UTTAR PRADESH,D715,BADLAPUR,39.6
11-05-2025,25.5,82.5,JAUNPUR,UTTAR PRADESH,D715,BADLAPUR,39.36
12-05-2025,25.5,82.5,JAUNPUR,UTTAR PRADESH,D715,BADLAPUR,39.33
13-05-2025,25.5,82.5,JAUNPUR,UTTAR PRADESH,D715,BADLAPUR,39.34
14-05-2025,25.5,82.5,JAUNPUR,UTTAR PRADESH,D715,BADLAPUR,39.62
15-05-2025,25.5,82.5,JAUNPUR,UTTAR PRADESH,D715,BADLAPUR,39.57
16-05-2025,25.5,82.5,JAUNPUR,UTTAR PRADESH,D715,BADLAPUR,39.92
17-05-2025,25.5,82.5,JAUNPUR,UTTAR PRADESH,D715,BADLAPUR,40.41
18-05-2025,25.5,82.5,JAUNPUR,UTTAR PRADESH,D715,BADLAPUR,40.41
19-05-2025,25.5,82.5,JAUNPUR,UTTAR PRADESH,D715,BADLAPUR,39.89
20-05-2025,25.5,82.5,JAUNPUR,UTTAR PRADESH,D715,BADLAPUR,39.64
21-05-2025,25.5,82.5,JAUNPUR,UTTAR PRADESH,D715,BADLAPUR,39.74
22-05-2025,25.5,82.5,JAUNPUR,UTTAR PRADESH,D715,BADLAPUR,39.7
23-05-2025,25.5,82.5,JAUNPUR,UTTAR PRADESH,D715,BADLAPUR,39.91
24-05-2025,25.5,82.5,JAUNPUR,UTTAR PRADESH,D715,BADLAPUR,39.67
25-05-2025,25.5,82.5,JAUNPUR,UTTAR PRADESH,D715,BADLAPUR,39.8
26-05-2025,25.5,82.5,JAUNPUR,UTTAR PRADESH,D715,BADLAPUR,40.01
27-05-2025,25.5,82.5,JAUNPUR,UTTAR PRADESH,D715,BADLAPUR,39.37
28-05-2025,25.5,82.5,JAUNPUR,UTTAR PRADESH,D715,BADLAPUR,39.48
29-05-2025,25.5,82.5,JAUNPUR,UTTAR PRADESH,D715,BADLAPUR,39.85
30-05-2025,25.5,82.5,JAUNPUR,UTTAR PRADESH,D715,BADLAPUR,39.92
31-05-2025,25.5,82.5,JAUNPUR,UTTAR PRADESH,D715,BADLAPUR,39.9
01-06-2025,25.5,82.5,JAUNPUR,UTTAR PRADESH,D715,BADLAPUR,40.22
02-06-2025,25.5,82.5,JAUNPUR,UTTAR PRADESH,D715,BADLAPUR,40.02
03-06-2025,25.5,82.5,JAUNPUR,UTTAR PRADESH,D715,BADLAPUR,40.12
04-06-2025,25.5,82.5,JAUNPUR,UTTAR PRADESH,D715,BADLAPUR,39.8
05-06-2025,25.5,82.5,JAUNPUR,UTTAR PRADESH,D715,BADLAPUR,39.92
06-06-2025,25.5,82.5,JAUNPUR,UTTAR PRADESH,D715,BADLAPUR,39.44
07-06-2025,25.5,82.5,JAUNPUR,UTTAR PRADESH,D715,BADLAPUR,39.43
08-06-2025,25.5,82.5,JAUNPUR,UTTAR PRADESH,D715,BADLAPUR,39.61
09-06-2025,25.5,82.5,JAUNPUR,UTTAR PRADESH,D715,BADLAPUR,39.79
10-06-2025,25.5,82.5,JAUNPUR,UTTAR PRADESH,D715,BADLAPUR,39.71
11-06-2025,25.5,82.5,JAUNPUR,UTTAR PRADESH,D715,BADLAPUR,39.74
12-06-2025,25.5,82.5,JAUNPUR,UTTAR PRADESH,D715,BADLAPUR,39.61
13-06-2025,25.5,82.5,JAUNPUR,UTTAR PRADESH,D715,BADLAPUR,39.23
14-06-2025,25.5,82.5,JAUNPUR,UTTAR PRADESH,D715,BADLAPUR,38.9
15-06-2025,25.5,82.5,JAUNPUR,UTTAR PRADESH,D715,BADLAPUR,38.55
16-06-2025,25.5,82.5,JAUNPUR,UTTAR PRADESH,D715,BADLAPUR,37.76
17-06-2025,25.5,82.5,JAUNPUR,UTTAR PRADESH,D715,BADLAPUR,37.67
18-06-2025,25.5,82.5,JAUNPUR,UTTAR PRADESH,D715,BADLAPUR,37.29
19-06-2025,25.5,82.5,JAUNPUR,UTTAR PRADESH,D715,BADLAPUR,37
20-06-2025,25.5,82.5,JAUNPUR,UTTAR PRADESH,D715,BADLAPUR,36.54
21-06-2025,25.5,82.5,JAUNPUR,UTTAR PRADESH,D715,BADLAPUR,36.66
22-06-2025,25.5,82.5,JAUNPUR,UTTAR PRADESH,D715,BADLAPUR,36.14
23-06-2025,25.5,82.5,JAUNPUR,UTTAR PRADESH,D715,BADLAPUR,35.82
24-06-2025,25.5,82.5,JAUNPUR,UTTAR PRADESH,D715,BADLAPUR,36.16
25-06-2025,25.5,82.5,JAUNPUR,UTTAR PRADESH,D715,BADLAPUR,36.47
26-06-2025,25.5,82.5,JAUNPUR,UTTAR PRADESH,D715,BADLAPUR,35.71
27-06-2025,25.5,82.5,JAUNPUR,UTTAR PRADESH,D715,BADLAPUR,35.11
28-06-2025,25.5,82.5,JAUNPUR,UTTAR PRADESH,D715,BADLAPUR,34.97
29-06-2025,25.5,82.5,JAUNPUR,UTTAR PRADESH,D715,BADLAPUR,34.45
30-06-2025,25.5,82.5,JAUNPUR,UTTAR PRADESH,D715,BADLAPUR,34.41
01-07-2025,25.5,82.5,JAUNPUR,UTTAR PRADESH,D715,BADLAPUR,35.02
02-07-2025,25.5,82.5,JAUNPUR,UTTAR PRADESH,D715,BADLAPUR,34.7
03-07-2025,25.5,82.5,JAUNPUR,UTTAR PRADESH,D715,BADLAPUR,34.62
04-07-2025,25.5,82.5,JAUNPUR,UTTAR PRADESH,D715,BADLAPUR,34.49
05-07-2025,25.5,82.5,JAUNPUR,UTTAR PRADESH,D715,BADLAPUR,33.97
06-07-2025,25.5,82.5,JAUNPUR,UTTAR PRADESH,D715,BADLAPUR,34.07
07-07-2025,25.5,82.5,JAUNPUR,UTTAR PRADESH,D715,BADLAPUR,34.08
08-07-2025,25.5,82.5,JAUNPUR,UTTAR PRADESH,D715,BADLAPUR,34.34
09-07-2025,25.5,82.5,JAUNPUR,UTTAR PRADESH,D715,BADLAPUR,34.33
10-07-2025,25.5,82.5,JAUNPUR,UTTAR PRADESH,D715,BADLAPUR,33.9
11-07-2025,25.5,82.5,JAUNPUR,UTTAR PRADESH,D715,BADLAPUR,33.35
12-07-2025,25.5,82.5,JAUNPUR,UTTAR PRADESH,D715,BADLAPUR,33.58
13-07-2025,25.5,82.5,JAUNPUR,UTTAR PRADESH,D715,BADLAPUR,34.05
14-07-2025,25.5,82.5,JAUNPUR,UTTAR PRADESH,D715,BADLAPUR,34.12
15-07-2025,25.5,82.5,JAUNPUR,UTTAR PRADESH,D715,BADLAPUR,33.76
16-07-2025,25.5,82.5,JAUNPUR,UTTAR PRADESH,D715,BADLAPUR,33.38
17-07-2025,25.5,82.5,JAUNPUR,UTTAR PRADESH,D715,BADLAPUR,33.69
18-07-2025,25.5,82.5,JAUNPUR,UTTAR PRADESH,D715,BADLAPUR,33.63
19-07-2025,25.5,82.5,JAUNPUR,UTTAR PRADESH,D715,BADLAPUR,33.87
20-07-2025,25.5,82.5,JAUNPUR,UTTAR PRADESH,D715,BADLAPUR,33.26
21-07-2025,25.5,82.5,JAUNPUR,UTTAR PRADESH,D715,BADLAPUR,33.35
22-07-2025,25.5,82.5,JAUNPUR,UTTAR PRADESH,D715,BADLAPUR,33.43
23-07-2025,25.5,82.5,JAUNPUR,UTTAR PRADESH,D715,BADLAPUR,33.52
24-07-2025,25.5,82.5,JAUNPUR,UTTAR PRADESH,D715,BADLAPUR,33.06
25-07-2025,25.5,82.5,JAUNPUR,UTTAR PRADESH,D715,BADLAPUR,33.27
26-07-2025,25.5,82.5,JAUNPUR,UTTAR PRADESH,D715,BADLAPUR,33.06
27-07-2025,25.5,82.5,JAUNPUR,UTTAR PRADESH,D715,BADLAPUR,32.98
28-07-2025,25.5,82.5,JAUNPUR,UTTAR PRADESH,D715,BADLAPUR,33.17
29-07-2025,25.5,82.5,JAUNPUR,UTTAR PRADESH,D715,BADLAPUR,33.13
30-07-2025,25.5,82.5,JAUNPUR,UTTAR PRADESH,D715,BADLAPUR,33.17
31-07-2025,25.5,82.5,JAUNPUR,UTTAR PRADESH,D715,BADLAPUR,33.02
01-08-2025,25.5,82.5,JAUNPUR,UTTAR PRADESH,D715,BADLAPUR,33.06
02-08-2025,25.5,82.5,JAUNPUR,UTTAR PRADESH,D715,BADLAPUR,32.85
03-08-2025,25.5,82.5,JAUNPUR,UTTAR PRADESH,D715,BADLAPUR,32.82
04-08-2025,25.5,82.5,JAUNPUR,UTTAR PRADESH,D715,BADLAPUR,33.37
05-08-2025,25.5,82.5,JAUNPUR,UTTAR PRADESH,D715,BADLAPUR,33.3
06-08-2025,25.5,82.5,JAUNPUR,UTTAR PRADESH,D715,BADLAPUR,33.15
07-08-2025,25.5,82.5,JAUNPUR,UTTAR PRADESH,D715,BADLAPUR,33.51
08-08-2025,25.5,82.5,JAUNPUR,UTTAR PRADESH,D715,BADLAPUR,33.05
09-08-2025,25.5,82.5,JAUNPUR,UTTAR PRADESH,D715,BADLAPUR,33.21
10-08-2025,25.5,82.5,JAUNPUR,UTTAR PRADESH,D715,BADLAPUR,33.17
11-08-2025,25.5,82.5,JAUNPUR,UTTAR PRADESH,D715,BADLAPUR,32.85
12-08-2025,25.5,82.5,JAUNPUR,UTTAR PRADESH,D715,BADLAPUR,32.73
13-08-2025,25.5,82.5,JAUNPUR,UTTAR PRADESH,D715,BADLAPUR,32.42
14-08-2025,25.5,82.5,JAUNPUR,UTTAR PRADESH,D715,BADLAPUR,32.52
15-08-2025,25.5,82.5,JAUNPUR,UTTAR PRADESH,D715,BADLAPUR,32.53
16-08-2025,25.5,82.5,JAUNPUR,UTTAR PRADESH,D715,BADLAPUR,33.15
17-08-2025,25.5,82.5,JAUNPUR,UTTAR PRADESH,D715,BADLAPUR,32.92
18-08-2025,25.5,82.5,JAUNPUR,UTTAR PRADESH,D715,BADLAPUR,32.55
19-08-2025,25.5,82.5,JAUNPUR,UTTAR PRADESH,D715,BADLAPUR,32.22
20-08-2025,25.5,82.5,JAUNPUR,UTTAR PRADESH,D715,BADLAPUR,32.69
21-08-2025,25.5,82.5,JAUNPUR,UTTAR PRADESH,D715,BADLAPUR,32.78
22-08-2025,25.5,82.5,JAUNPUR,UTTAR PRADESH,D715,BADLAPUR,32.64
23-08-2025,25.5,82.5,JAUNPUR,UTTAR PRADESH,D715,BADLAPUR,32.59
24-08-2025,25.5,82.5,JAUNPUR,UTTAR PRADESH,D715,BADLAPUR,32.76
25-08-2025,25.5,82.5,JAUNPUR,UTTAR PRADESH,D715,BADLAPUR,33.19
26-08-2025,25.5,82.5,JAUNPUR,UTTAR PRADESH,D715,BADLAPUR,33.47
27-08-2025,25.5,82.5,JAUNPUR,UTTAR PRADESH,D715,BADLAPUR,33.31
28-08-2025,25.5,82.5,JAUNPUR,UTTAR PRADESH,D715,BADLAPUR,33.17
29-08-2025,25.5,82.5,JAUNPUR,UTTAR PRADESH,D715,BADLAPUR,33.54
30-08-2025,25.5,82.5,JAUNPUR,UTTAR PRADESH,D715,BADLAPUR,33.7
31-08-2025,25.5,82.5,JAUNPUR,UTTAR PRADESH,D715,BADLAPUR,33.36
01-09-2025,25.5,82.5,JAUNPUR,UTTAR PRADESH,D715,BADLAPUR,32.84
02-09-2025,25.5,82.5,JAUNPUR,UTTAR PRADESH,D715,BADLAPUR,32.7
03-09-2025,25.5,82.5,JAUNPUR,UTTAR PRADESH,D715,BADLAPUR,33.2
04-09-2025,25.5,82.5,JAUNPUR,UTTAR PRADESH,D715,BADLAPUR,33.16
05-09-2025,25.5,82.5,JAUNPUR,UTTAR PRADESH,D715,BADLAPUR,33.17
06-09-2025,25.5,82.5,JAUNPUR,UTTAR PRADESH,D715,BADLAPUR,33.04
07-09-2025,25.5,82.5,JAUNPUR,UTTAR PRADESH,D715,BADLAPUR,33.08
08-09-2025,25.5,82.5,JAUNPUR,UTTAR PRADESH,D715,BADLAPUR,33.12
09-09-2025,25.5,82.5,JAUNPUR,UTTAR PRADESH,D715,BADLAPUR,33.16
10-09-2025,25.5,82.5,JAUNPUR,UTTAR PRADESH,D715,BADLAPUR,33.2
11-09-2025,25.5,82.5,JAUNPUR,UTTAR PRADESH,D715,BADLAPUR,33.06
12-09-2025,25.5,82.5,JAUNPUR,UTTAR PRADESH,D715,BADLAPUR,33.1
13-09-2025,25.5,82.5,JAUNPUR,UTTAR PRADESH,D715,BADLAPUR,33.13
14-09-2025,25.5,82.5,JAUNPUR,UTTAR PRADESH,D715,BADLAPUR,33.06
15-09-2025,25.5,82.5,JAUNPUR,UTTAR PRADESH,D715,BADLAPUR,32.56
16-09-2025,25.5,82.5,JAUNPUR,UTTAR PRADESH,D715,BADLAPUR,32.84
17-09-2025,25.5,82.5,JAUNPUR,UTTAR PRADESH,D715,BADLAPUR,32.9
18-09-2025,25.5,82.5,JAUNPUR,UTTAR PRADESH,D715,BADLAPUR,33.07
19-09-2025,25.5,82.5,JAUNPUR,UTTAR PRADESH,D715,BADLAPUR,33.43
20-09-2025,25.5,82.5,JAUNPUR,UTTAR PRADESH,D715,BADLAPUR,33.48
21-09-2025,25.5,82.5,JAUNPUR,UTTAR PRADESH,D715,BADLAPUR,33.09
22-09-2025,25.5,82.5,JAUNPUR,UTTAR PRADESH,D715,BADLAPUR,32.94
23-09-2025,25.5,82.5,JAUNPUR,UTTAR PRADESH,D715,BADLAPUR,33.03
24-09-2025,25.5,82.5,JAUNPUR,UTTAR PRADESH,D715,BADLAPUR,32.94
25-09-2025,25.5,82.5,JAUNPUR,UTTAR PRADESH,D715,BADLAPUR,32.6
26-09-2025,25.5,82.5,JAUNPUR,UTTAR PRADESH,D715,BADLAPUR,32.85
27-09-2025,25.5,82.5,JAUNPUR,UTTAR PRADESH,D715,BADLAPUR,33.11
28-09-2025,25.5,82.5,JAUNPUR,UTTAR PRADESH,D715,BADLAPUR,33.38
29-09-2025,25.5,82.5,JAUNPUR,UTTAR PRADESH,D715,BADLAPUR,33.45
30-09-2025,25.5,82.5,JAUNPUR,UTTAR PRADESH,D715,BADLAPUR,33.45
01-10-2025,25.5,82.5,JAUNPUR,UTTAR PRADESH,D715,BADLAPUR,33.22
02-10-2025,25.5,82.5,JAUNPUR,UTTAR PRADESH,D715,BADLAPUR,32.92
03-10-2025,25.5,82.5,JAUNPUR,UTTAR PRADESH,D715,BADLAPUR,32.98
04-10-2025,25.5,82.5,JAUNPUR,UTTAR PRADESH,D715,BADLAPUR,32.94
05-10-2025,25.5,82.5,JAUNPUR,UTTAR PRADESH,D715,BADLAPUR,33.24
06-10-2025,25.5,82.5,JAUNPUR,UTTAR PRADESH,D715,BADLAPUR,33.47
07-10-2025,25.5,82.5,JAUNPUR,UTTAR PRADESH,D715,BADLAPUR,33.38
08-10-2025,25.5,82.5,JAUNPUR,UTTAR PRADESH,D715,BADLAPUR,33.43
09-10-2025,25.5,82.5,JAUNPUR,UTTAR PRADESH,D715,BADLAPUR,33.42
10-10-2025,25.5,82.5,JAUNPUR,UTTAR PRADESH,D715,BADLAPUR,33.75
11-10-2025,25.5,82.5,JAUNPUR,UTTAR PRADESH,D715,BADLAPUR,33.63
12-10-2025,25.5,82.5,JAUNPUR,UTTAR PRADESH,D715,BADLAPUR,33.24
13-10-2025,25.5,82.5,JAUNPUR,UTTAR PRADESH,D715,BADLAPUR,33.14
14-10-2025,25.5,82.5,JAUNPUR,UTTAR PRADESH,D715,BADLAPUR,32.91
15-10-2025,25.5,82.5,JAUNPUR,UTTAR PRADESH,D715,BADLAPUR,33.02
16-10-2025,25.5,82.5,JAUNPUR,UTTAR PRADESH,D715,BADLAPUR,33.06
17-10-2025,25.5,82.5,JAUNPUR,UTTAR PRADESH,D715,BADLAPUR,32.76
18-10-2025,25.5,82.5,JAUNPUR,UTTAR PRADESH,D715,BADLAPUR,32.57
19-10-2025,25.5,82.5,JAUNPUR,UTTAR PRADESH,D715,BADLAPUR,32.28
20-10-2025,25.5,82.5,JAUNPUR,UTTAR PRADESH,D715,BADLAPUR,32.27
21-10-2025,25.5,82.5,JAUNPUR,UTTAR PRADESH,D715,BADLAPUR,32.37
22-10-2025,25.5,82.5,JAUNPUR,UTTAR PRADESH,D715,BADLAPUR,32.46
23-10-2025,25.5,82.5,JAUNPUR,UTTAR PRADESH,D715,BADLAPUR,32.36
24-10-2025,25.5,82.5,JAUNPUR,UTTAR PRADESH,D715,BADLAPUR,32.05
25-10-2025,25.5,82.5,JAUNPUR,UTTAR PRADESH,D715,BADLAPUR,31.77
26-10-2025,25.5,82.5,JAUNPUR,UTTAR PRADESH,D715,BADLAPUR,31.64
27-10-2025,25.5,82.5,JAUNPUR,UTTAR PRADESH,D715,BADLAPUR,31.65
28-10-2025,25.5,82.5,JAUNPUR,UTTAR PRADESH,D715,BADLAPUR,31.3
29-10-2025,25.5,82.5,JAUNPUR,UTTAR PRADESH,D715,BADLAPUR,31.43
30-10-2025,25.5,82.5,JAUNPUR,UTTAR PRADESH,D715,BADLAPUR,31.37
31-10-2025,25.5,82.5,JAUNPUR,UTTAR PRADESH,D715,BADLAPUR,31.34
01-11-2025,25.5,82.5,JAUNPUR,UTTAR PRADESH,D715,BADLAPUR,31.41
02-11-2025,25.5,82.5,JAUNPUR,UTTAR PRADESH,D715,BADLAPUR,31.5
03-11-2025,25.5,82.5,JAUNPUR,UTTAR PRADESH,D715,BADLAPUR,31.43
04-11-2025,25.5,82.5,JAUNPUR,UTTAR PRADESH,D715,BADLAPUR,31.24
05-11-2025,25.5,82.5,JAUNPUR,UTTAR PRADESH,D715,BADLAPUR,31.32
06-11-2025,25.5,82.5,JAUNPUR,UTTAR PRADESH,D715,BADLAPUR,30.98
07-11-2025,25.5,82.5,JAUNPUR,UTTAR PRADESH,D715,BADLAPUR,30.99
08-11-2025,25.5,82.5,JAUNPUR,UTTAR PRADESH,D715,BADLAPUR,30.78
09-11-2025,25.5,82.5,JAUNPUR,UTTAR PRADESH,D715,BADLAPUR,30.58
10-11-2025,25.5,82.5,JAUNPUR,UTTAR PRADESH,D715,BADLAPUR,29.98
11-11-2025,25.5,82.5,JAUNPUR,UTTAR PRADESH,D715,BADLAPUR,29.93
12-11-2025,25.5,82.5,JAUNPUR,UTTAR PRADESH,D715,BADLAPUR,29.92
13-11-2025,25.5,82.5,JAUNPUR,UTTAR PRADESH,D715,BADLAPUR,29.94
14-11-2025,25.5,82.5,JAUNPUR,UTTAR PRADESH,D715,BADLAPUR,29.88
15-11-2025,25.5,82.5,JAUNPUR,UTTAR PRADESH,D715,BADLAPUR,29.74
16-11-2025,25.5,82.5,JAUNPUR,UTTAR PRADESH,D715,BADLAPUR,29.22
17-11-2025,25.5,82.5,JAUNPUR,UTTAR PRADESH,D715,BADLAPUR,29.33
18-11-2025,25.5,82.5,JAUNPUR,UTTAR PRADESH,D715,BADLAPUR,28.8
19-11-2025,25.5,82.5,JAUNPUR,UTTAR PRADESH,D715,BADLAPUR,28.54
20-11-2025,25.5,82.5,JAUNPUR,UTTAR PRADESH,D715,BADLAPUR,28.59
21-11-2025,25.5,82.5,JAUNPUR,UTTAR PRADESH,D715,BADLAPUR,28.44
22-11-2025,25.5,82.5,JAUNPUR,UTTAR PRADESH,D715,BADLAPUR,28.11
23-11-2025,25.5,82.5,JAUNPUR,UTTAR PRADESH,D715,BADLAPUR,28.23
24-11-2025,25.5,82.5,JAUNPUR,UTTAR PRADESH,D715,BADLAPUR,27.98
25-11-2025,25.5,82.5,JAUNPUR,UTTAR PRADESH,D715,BADLAPUR,27.88
26-11-2025,25.5,82.5,JAUNPUR,UTTAR PRADESH,D715,BADLAPUR,27.86
27-11-2025,25.5,82.5,JAUNPUR,UTTAR PRADESH,D715,BADLAPUR,27.58
28-11-2025,25.5,82.5,JAUNPUR,UTTAR PRADESH,D715,BADLAPUR,27.66
29-11-2025,25.5,82.5,JAUNPUR,UTTAR PRADESH,D715,BADLAPUR,27.61
30-11-2025,25.5,82.5,JAUNPUR,UTTAR PRADESH,D715,BADLAPUR,27.29
01-12-2025,25.5,82.5,JAUNPUR,UTTAR PRADESH,D715,BADLAPUR,27.04
02-12-2025,25.5,82.5,JAUNPUR,UTTAR PRADESH,D715,BADLAPUR,26.71
03-12-2025,25.5,82.5,JAUNPUR,UTTAR PRADESH,D715,BADLAPUR,26.54
04-12-2025,25.5,82.5,JAUNPUR,UTTAR PRADESH,D715,BADLAPUR,26.57
05-12-2025,25.5,82.5,JAUNPUR,UTTAR PRADESH,D715,BADLAPUR,26.38
06-12-2025,25.5,82.5,JAUNPUR,UTTAR PRADESH,D715,BADLAPUR,26.58
07-12-2025,25.5,82.5,JAUNPUR,UTTAR PRADESH,D715,BADLAPUR,26.3
08-12-2025,25.5,82.5,JAUNPUR,UTTAR PRADESH,D715,BADLAPUR,25.78
09-12-2025,25.5,82.5,JAUNPUR,UTTAR PRADESH,D715,BADLAPUR,25.74
10-12-2025,25.5,82.5,JAUNPUR,UTTAR PRADESH,D715,BADLAPUR,25.61
11-12-2025,25.5,82.5,JAUNPUR,UTTAR PRADESH,D715,BADLAPUR,25.56
12-12-2025,25.5,82.5,JAUNPUR,UTTAR PRADESH,D715,BADLAPUR,25.3
13-12-2025,25.5,82.5,JAUNPUR,UTTAR PRADESH,D715,BADLAPUR,24.9
14-12-2025,25.5,82.5,JAUNPUR,UTTAR PRADESH,D715,BADLAPUR,24.57
15-12-2025,25.5,82.5,JAUNPUR,UTTAR PRADESH,D715,BADLAPUR,24.37
16-12-2025,25.5,82.5,JAUNPUR,UTTAR PRADESH,D715,BADLAPUR,24.08
17-12-2025,25.5,82.5,JAUNPUR,UTTAR PRADESH,D715,BADLAPUR,23.71
18-12-2025,25.5,82.5,JAUNPUR,UTTAR PRADESH,D715,BADLAPUR,23.51
19-12-2025,25.5,82.5,JAUNPUR,UTTAR PRADESH,D715,BADLAPUR,23.31
20-12-2025,25.5,82.5,JAUNPUR,UTTAR PRADESH,D715,BADLAPUR,23.12
21-12-2025,25.5,82.5,JAUNPUR,UTTAR PRADESH,D715,BADLAPUR,22.96
22-12-2025,25.5,82.5,JAUNPUR,UTTAR PRADESH,D715,BADLAPUR,23.18
23-12-2025,25.5,82.5,JAUNPUR,UTTAR PRADESH,D715,BADLAPUR,23.12
24-12-2025,25.5,82.5,JAUNPUR,UTTAR PRADESH,D715,BADLAPUR,23.12
25-12-2025,25.5,82.5,JAUNPUR,UTTAR PRADESH,D715,BADLAPUR,22.86
26-12-2025,25.5,82.5,JAUNPUR,UTTAR PRADESH,D715,BADLAPUR,22.56
27-12-2025,25.5,82.5,JAUNPUR,UTTAR PRADESH,D715,BADLAPUR,22.61
28-12-2025,25.5,82.5,JAUNPUR,UTTAR PRADESH,D715,BADLAPUR,21.79
29-12-2025,25.5,82.5,JAUNPUR,UTTAR PRADESH,D715,BADLAPUR,21.82
30-12-2025,25.5,82.5,JAUNPUR,UTTAR PRADESH,D715,BADLAPUR,21.36
31-12-2025,25.5,82.5,JAUNPUR,UTTAR PRADESH,D715,BADLAPUR,21.5
