record_id,Latitude,Longitude,Crop Sowing Time,Crop Harvesting Time,Yield Level (t/ha),season_days,sow_year,imd_STATE,imd_District,imd_Dist_Code,imd_TEHSIL,imd_lat,imd_lon,imd_distance_km,imd_year,imd_year_annual_rainfall_mm,imd_year_annual_tmin_mean,imd_year_annual_tmax_mean,imd_year_annual_pr_std,imd_year_annual_tmin_std,imd_year_annual_tmax_std,imd_clim_annual_rainfall_mm,imd_clim_annual_tmin_mean,imd_clim_annual_tmax_mean,imd_clim_annual_pr_std,imd_clim_annual_tmin_std,imd_clim_annual_tmax_std,imd_year_yield_t_ha,imd_climate_yield_t_ha,imd_year_yield_error_t_ha,imd_climate_yield_error_t_ha
1,26.46008,85.01966667,2015-07-15,2015-11-18,4.2,126.0,2015,BIHAR,SITAMARHI,D124,RUNISAIDPUR,26.5,85.5,48.01,2015,696.3122,20.2843,31.4373,6.2555,1.4683,1.9596,1090.5922,20.0917,31.1134,6.255520821917808,1.4683260273972605,1.959558904109589,5.07,4.88,-0.87,-0.68
2,26.46056,85.0225,2015-07-25,2015-11-27,4.8,125.0,2015,BIHAR,SITAMARHI,D124,RUNISAIDPUR,26.5,85.5,47.73,2015,696.3122,20.2843,31.4373,6.2555,1.4683,1.9596,1090.5922,20.0917,31.1134,6.255520821917808,1.4683260273972605,1.959558904109589,5.07,4.88,-0.27,-0.08
3,26.46061,85.02294444,2015-07-28,2015-11-24,4.5,119.0,2015,BIHAR,SITAMARHI,D124,RUNISAIDPUR,26.5,85.5,47.68,2015,696.3122,20.2843,31.4373,6.2555,1.4683,1.9596,1090.5922,20.0917,31.1134,6.255520821917808,1.4683260273972605,1.959558904109589,5.07,4.88,-0.57,-0.38
4,26.46117,85.02469444,2015-07-25,2015-12-03,4.8,131.0,2015,BIHAR,SITAMARHI,D124,RUNISAIDPUR,26.5,85.5,47.5,2015,696.3122,20.2843,31.4373,6.2555,1.4683,1.9596,1090.5922,20.0917,31.1134,6.255520821917808,1.4683260273972605,1.959558904109589,5.07,4.88,-0.27,-0.08
5,26.46192,85.02644444,2015-07-12,2015-11-26,4.5,137.0,2015,BIHAR,SITAMARHI,D124,RUNISAIDPUR,26.5,85.5,47.32,2015,696.3122,20.2843,31.4373,6.2555,1.4683,1.9596,1090.5922,20.0917,31.1134,6.255520821917808,1.4683260273972605,1.959558904109589,5.07,4.88,-0.57,-0.38
6,26.46356,85.02466667,2015-07-15,2015-11-18,4.4,126.0,2015,BIHAR,SITAMARHI,D124,RUNISAIDPUR,26.5,85.5,47.48,2015,696.3122,20.2843,31.4373,6.2555,1.4683,1.9596,1090.5922,20.0917,31.1134,6.255520821917808,1.4683260273972605,1.959558904109589,5.07,4.88,-0.67,-0.48
7,26.46,85.02797222,2015-07-12,2015-11-26,4.6,137.0,2015,BIHAR,SITAMARHI,D124,RUNISAIDPUR,26.5,85.5,47.19,2015,696.3122,20.2843,31.4373,6.2555,1.4683,1.9596,1090.5922,20.0917,31.1134,6.255520821917808,1.4683260273972605,1.959558904109589,5.07,4.88,-0.47,-0.28
8,26.46431,85.02275,2015-07-24,2015-11-26,4.3,125.0,2015,BIHAR,SITAMARHI,D124,RUNISAIDPUR,26.5,85.5,47.67,2015,696.3122,20.2843,31.4373,6.2555,1.4683,1.9596,1090.5922,20.0917,31.1134,6.255520821917808,1.4683260273972605,1.959558904109589,5.07,4.88,-0.77,-0.58
9,26.465,85.025,2015-07-18,2015-11-21,4.5,126.0,2015,BIHAR,SITAMARHI,D124,RUNISAIDPUR,26.5,85.5,47.44,2015,696.3122,20.2843,31.4373,6.2555,1.4683,1.9596,1090.5922,20.0917,31.1134,6.255520821917808,1.4683260273972605,1.959558904109589,5.07,4.88,-0.57,-0.38
10,26.46214,85.01675,2015-10-07,2015-11-29,4.8,53.0,2015,BIHAR,SITAMARHI,D124,RUNISAIDPUR,26.5,85.5,48.28,2015,696.3122,20.2843,31.4373,6.2555,1.4683,1.9596,1090.5922,20.0917,31.1134,6.255520821917808,1.4683260273972605,1.959558904109589,5.07,4.88,-0.27,-0.08
11,26.68334,84.87794444,2015-07-22,2015-11-28,4.5,129.0,2015,BIHAR,GOPALGANJ,D101,BAIKUNTHPUR,26.5,84.5,42.75,2015,888.0304,19.9209,31.535,7.1725,1.5836,2.1265,1140.8409,19.4471,31.2018,7.172523013698631,1.5835780821917804,2.1265490410958905,4.86,4.19,-0.36,0.31
12,26.66935,84.87777778,2015-07-28,2015-11-30,4.8,125.0,2015,BIHAR,GOPALGANJ,D101,BAIKUNTHPUR,26.5,84.5,42.02,2015,888.0304,19.9209,31.535,7.1725,1.5836,2.1265,1140.8409,19.4471,31.2018,7.172523013698631,1.5835780821917804,2.1265490410958905,4.86,4.19,-0.06,0.61
13,26.66935,84.87658333,2015-07-12,2015-11-22,4.4,133.0,2015,BIHAR,GOPALGANJ,D101,BAIKUNTHPUR,26.5,84.5,41.92,2015,888.0304,19.9209,31.535,7.1725,1.5836,2.1265,1140.8409,19.4471,31.2018,7.172523013698631,1.5835780821917804,2.1265490410958905,4.86,4.19,-0.46,0.21
14,26.66933,84.87466667,2015-07-15,2015-11-20,4.8,128.0,2015,BIHAR,GOPALGANJ,D101,BAIKUNTHPUR,26.5,84.5,41.74,2015,888.0304,19.9209,31.535,7.1725,1.5836,2.1265,1140.8409,19.4471,31.2018,7.172523013698631,1.5835780821917804,2.1265490410958905,4.86,4.19,-0.06,0.61
15,26.68339,84.87683333,2015-07-20,2015-11-25,4.5,128.0,2015,BIHAR,GOPALGANJ,D101,BAIKUNTHPUR,26.5,84.5,42.66,2015,888.0304,19.9209,31.535,7.1725,1.5836,2.1265,1140.8409,19.4471,31.2018,7.172523013698631,1.5835780821917804,2.1265490410958905,4.86,4.19,-0.36,0.31
16,26.68661,84.87736111,2015-07-13,2015-11-18,4.2,128.0,2015,BIHAR,GOPALGANJ,D101,BAIKUNTHPUR,26.5,84.5,42.88,2015,888.0304,19.9209,31.535,7.1725,1.5836,2.1265,1140.8409,19.4471,31.2018,7.172523013698631,1.5835780821917804,2.1265490410958905,4.86,4.19,-0.66,0.01
17,26.68817,84.87847222,2015-07-17,2015-11-23,4.5,129.0,2015,BIHAR,GOPALGANJ,D101,BAIKUNTHPUR,26.5,84.5,43.06,2015,888.0304,19.9209,31.535,7.1725,1.5836,2.1265,1140.8409,19.4471,31.2018,7.172523013698631,1.5835780821917804,2.1265490410958905,4.86,4.19,-0.36,0.31
18,26.69597,84.8775,2015-07-17,2015-11-22,4.2,128.0,2015,BIHAR,GOPALGANJ,D101,BAIKUNTHPUR,26.5,84.5,43.4,2015,888.0304,19.9209,31.535,7.1725,1.5836,2.1265,1140.8409,19.4471,31.2018,7.172523013698631,1.5835780821917804,2.1265490410958905,4.86,4.19,-0.66,0.01
19,26.78604,84.75658333,2015-07-16,2015-11-18,5.0,125.0,2015,BIHAR,GOPALGANJ,D101,BAIKUNTHPUR,26.5,84.5,40.77,2015,888.0304,19.9209,31.535,7.1725,1.5836,2.1265,1140.8409,19.4471,31.2018,7.172523013698631,1.5835780821917804,2.1265490410958905,4.86,4.19,0.14,0.81
20,26.78588,84.75727778,2015-07-20,2015-11-25,4.8,128.0,2015,BIHAR,GOPALGANJ,D101,BAIKUNTHPUR,26.5,84.5,40.8,2015,888.0304,19.9209,31.535,7.1725,1.5836,2.1265,1140.8409,19.4471,31.2018,7.172523013698631,1.5835780821917804,2.1265490410958905,4.86,4.19,-0.06,0.61
21,26.78572,84.75813889,2015-07-25,2015-11-30,5.2,128.0,2015,BIHAR,GOPALGANJ,D101,BAIKUNTHPUR,26.5,84.5,40.84,2015,888.0304,19.9209,31.535,7.1725,1.5836,2.1265,1140.8409,19.4471,31.2018,7.172523013698631,1.5835780821917804,2.1265490410958905,4.86,4.19,0.34,1.01
22,26.78582,84.75919444,2015-07-15,2015-11-20,5.0,128.0,2015,BIHAR,GOPALGANJ,D101,BAIKUNTHPUR,26.5,84.5,40.91,2015,888.0304,19.9209,31.535,7.1725,1.5836,2.1265,1140.8409,19.4471,31.2018,7.172523013698631,1.5835780821917804,2.1265490410958905,4.86,4.19,0.14,0.81
23,26.78567,84.76172222,2015-07-15,2015-11-20,5.4,128.0,2015,BIHAR,GOPALGANJ,D101,BAIKUNTHPUR,26.5,84.5,41.06,2015,888.0304,19.9209,31.535,7.1725,1.5836,2.1265,1140.8409,19.4471,31.2018,7.172523013698631,1.5835780821917804,2.1265490410958905,4.86,4.19,0.54,1.21
24,26.78584,84.76069444,2015-07-17,2015-11-22,5.4,128.0,2015,BIHAR,GOPALGANJ,D101,BAIKUNTHPUR,26.5,84.5,41.01,2015,888.0304,19.9209,31.535,7.1725,1.5836,2.1265,1140.8409,19.4471,31.2018,7.172523013698631,1.5835780821917804,2.1265490410958905,4.86,4.19,0.54,1.21
25,26.78598,84.76119444,2015-07-19,2015-11-24,5.2,128.0,2015,BIHAR,GOPALGANJ,D101,BAIKUNTHPUR,26.5,84.5,41.05,2015,888.0304,19.9209,31.535,7.1725,1.5836,2.1265,1140.8409,19.4471,31.2018,7.172523013698631,1.5835780821917804,2.1265490410958905,4.86,4.19,0.34,1.01
26,26.78598,84.76172222,2015-07-22,2015-11-27,5.0,128.0,2015,BIHAR,GOPALGANJ,D101,BAIKUNTHPUR,26.5,84.5,41.08,2015,888.0304,19.9209,31.535,7.1725,1.5836,2.1265,1140.8409,19.4471,31.2018,7.172523013698631,1.5835780821917804,2.1265490410958905,4.86,4.19,0.14,0.81
27,26.7861,84.76266667,2015-07-29,2015-12-04,5.4,128.0,2015,BIHAR,GOPALGANJ,D101,BAIKUNTHPUR,26.5,84.5,41.15,2015,888.0304,19.9209,31.535,7.1725,1.5836,2.1265,1140.8409,19.4471,31.2018,7.172523013698631,1.5835780821917804,2.1265490410958905,4.86,4.19,0.54,1.21
28,26.80016,84.76130556,2015-07-26,2015-12-01,5.0,128.0,2015,BIHAR,GOPALGANJ,D101,BAIKUNTHPUR,26.5,84.5,42.29,2015,888.0304,19.9209,31.535,7.1725,1.5836,2.1265,1140.8409,19.4471,31.2018,7.172523013698631,1.5835780821917804,2.1265490410958905,4.86,4.19,0.14,0.81
29,26.33556,84.34505556,2015-07-25,2015-11-18,4.5,116.0,2015,BIHAR,GOPALGANJ,D101,BAIKUNTHPUR,26.5,84.5,23.93,2015,888.0304,19.9209,31.535,7.1725,1.5836,2.1265,1140.8409,19.4471,31.2018,7.172523013698631,1.5835780821917804,2.1265490410958905,4.86,4.19,-0.36,0.31
30,26.3356,84.3425,2015-07-20,2015-11-13,4.2,116.0,2015,BIHAR,GOPALGANJ,D101,BAIKUNTHPUR,26.5,84.5,24.09,2015,888.0304,19.9209,31.535,7.1725,1.5836,2.1265,1140.8409,19.4471,31.2018,7.172523013698631,1.5835780821917804,2.1265490410958905,4.86,4.19,-0.66,0.01
31,26.33565,84.33980556,2015-07-18,2015-11-11,4.8,116.0,2015,BIHAR,GOPALGANJ,D101,BAIKUNTHPUR,26.5,84.5,24.26,2015,888.0304,19.9209,31.535,7.1725,1.5836,2.1265,1140.8409,19.4471,31.2018,7.172523013698631,1.5835780821917804,2.1265490410958905,4.86,4.19,-0.06,0.61
32,26.33548,84.34275,2015-07-23,2015-11-16,4.5,116.0,2015,BIHAR,GOPALGANJ,D101,BAIKUNTHPUR,26.5,84.5,24.08,2015,888.0304,19.9209,31.535,7.1725,1.5836,2.1265,1140.8409,19.4471,31.2018,7.172523013698631,1.5835780821917804,2.1265490410958905,4.86,4.19,-0.36,0.31
33,26.33598,84.3495,2015-07-23,2015-11-16,4.6,116.0,2015,BIHAR,GOPALGANJ,D101,BAIKUNTHPUR,26.5,84.5,23.61,2015,888.0304,19.9209,31.535,7.1725,1.5836,2.1265,1140.8409,19.4471,31.2018,7.172523013698631,1.5835780821917804,2.1265490410958905,4.86,4.19,-0.26,0.41
34,26.33545,84.34380556,2015-07-27,2015-11-20,4.8,116.0,2015,BIHAR,GOPALGANJ,D101,BAIKUNTHPUR,26.5,84.5,24.02,2015,888.0304,19.9209,31.535,7.1725,1.5836,2.1265,1140.8409,19.4471,31.2018,7.172523013698631,1.5835780821917804,2.1265490410958905,4.86,4.19,-0.06,0.61
35,26.17803,85.435525,2015-08-07,2015-12-11,5.6,126.0,2015,BIHAR,SITAMARHI,D124,RUNISAIDPUR,26.5,85.5,36.37,2015,696.3122,20.2843,31.4373,6.2555,1.4683,1.9596,1090.5922,20.0917,31.1134,6.255520821917808,1.4683260273972605,1.959558904109589,5.07,4.88,0.53,0.72
36,26.17836,85.43541111,2015-08-07,2015-12-11,6.0,126.0,2015,BIHAR,SITAMARHI,D124,RUNISAIDPUR,26.5,85.5,36.34,2015,696.3122,20.2843,31.4373,6.2555,1.4683,1.9596,1090.5922,20.0917,31.1134,6.255520821917808,1.4683260273972605,1.959558904109589,5.07,4.88,0.93,1.12
37,26.17972,85.43528333,2015-07-12,2015-11-18,5.2,129.0,2015,BIHAR,SITAMARHI,D124,RUNISAIDPUR,26.5,85.5,36.19,2015,696.3122,20.2843,31.4373,6.2555,1.4683,1.9596,1090.5922,20.0917,31.1134,6.255520821917808,1.4683260273972605,1.959558904109589,5.07,4.88,0.13,0.32
38,26.17944,85.43542222,2015-10-07,2015-11-18,6.2,42.0,2015,BIHAR,SITAMARHI,D124,RUNISAIDPUR,26.5,85.5,36.22,2015,696.3122,20.2843,31.4373,6.2555,1.4683,1.9596,1090.5922,20.0917,31.1134,6.255520821917808,1.4683260273972605,1.959558904109589,5.07,4.88,1.13,1.32
39,26.18033,85.43548333,2015-07-15,2015-11-20,5.5,128.0,2015,BIHAR,SITAMARHI,D124,RUNISAIDPUR,26.5,85.5,36.12,2015,696.3122,20.2843,31.4373,6.2555,1.4683,1.9596,1090.5922,20.0917,31.1134,6.255520821917808,1.4683260273972605,1.959558904109589,5.07,4.88,0.43,0.62
40,26.17917,85.43577778,2015-08-07,2015-12-11,5.8,126.0,2015,BIHAR,SITAMARHI,D124,RUNISAIDPUR,26.5,85.5,36.24,2015,696.3122,20.2843,31.4373,6.2555,1.4683,1.9596,1090.5922,20.0917,31.1134,6.255520821917808,1.4683260273972605,1.959558904109589,5.07,4.88,0.73,0.92
41,26.18044,85.43539722,2015-07-07,2015-11-15,6.2,131.0,2015,BIHAR,SITAMARHI,D124,RUNISAIDPUR,26.5,85.5,36.11,2015,696.3122,20.2843,31.4373,6.2555,1.4683,1.9596,1090.5922,20.0917,31.1134,6.255520821917808,1.4683260273972605,1.959558904109589,5.07,4.88,1.13,1.32
42,26.18128,85.43520833,2015-07-07,2015-11-18,5.7,134.0,2015,BIHAR,SITAMARHI,D124,RUNISAIDPUR,26.5,85.5,36.02,2015,696.3122,20.2843,31.4373,6.2555,1.4683,1.9596,1090.5922,20.0917,31.1134,6.255520821917808,1.4683260273972605,1.959558904109589,5.07,4.88,0.63,0.82
43,26.17783,85.43586944,2015-07-12,2015-11-16,5.9,127.0,2015,BIHAR,SITAMARHI,D124,RUNISAIDPUR,26.5,85.5,36.39,2015,696.3122,20.2843,31.4373,6.2555,1.4683,1.9596,1090.5922,20.0917,31.1134,6.255520821917808,1.4683260273972605,1.959558904109589,5.07,4.88,0.83,1.02
44,26.17989,85.4359,2015-07-02,2015-12-11,6.2,162.0,2015,BIHAR,SITAMARHI,D124,RUNISAIDPUR,26.5,85.5,36.16,2015,696.3122,20.2843,31.4373,6.2555,1.4683,1.9596,1090.5922,20.0917,31.1134,6.255520821917808,1.4683260273972605,1.959558904109589,5.07,4.88,1.13,1.32
45,26.00614,85.07058333,2015-07-10,2015-11-15,4.7,128.0,2015,BIHAR,SITAMARHI,D124,RUNISAIDPUR,26.5,85.5,69.64,2015,696.3122,20.2843,31.4373,6.2555,1.4683,1.9596,1090.5922,20.0917,31.1134,6.255520821917808,1.4683260273972605,1.959558904109589,5.07,4.88,-0.37,-0.18
46,26.00867,85.07041667,2015-05-07,2015-11-20,5.3,197.0,2015,BIHAR,SITAMARHI,D124,RUNISAIDPUR,26.5,85.5,69.43,2015,696.3122,20.2843,31.4373,6.2555,1.4683,1.9596,1090.5922,20.0917,31.1134,6.255520821917808,1.4683260273972605,1.959558904109589,5.07,4.88,0.23,0.42
47,25.98535,85.05205278,2015-07-08,2015-12-11,5.0,156.0,2015,BIHAR,VAISHALI,D127,RAGHOPUR,25.5,85.5,70.18,2015,819.3968,20.1522,31.9204,6.071,1.53,2.0302,1150.4442,19.637,31.4515,6.071035616438356,1.5299501369863013,2.030226575342466,5.78,4.98,-0.78,0.02
48,25.98538,85.05195278,2015-07-12,2015-11-18,4.8,129.0,2015,BIHAR,VAISHALI,D127,RAGHOPUR,25.5,85.5,70.19,2015,819.3968,20.1522,31.9204,6.071,1.53,2.0302,1150.4442,19.637,31.4515,6.071035616438356,1.5299501369863013,2.030226575342466,5.78,4.98,-0.98,-0.18
49,25.9855,85.05172778,2015-06-25,2015-11-10,5.6,138.0,2015,BIHAR,VAISHALI,D127,RAGHOPUR,25.5,85.5,70.22,2015,819.3968,20.1522,31.9204,6.071,1.53,2.0302,1150.4442,19.637,31.4515,6.071035616438356,1.5299501369863013,2.030226575342466,5.78,4.98,-0.18,0.62
50,25.98541,85.051875,2015-07-10,2015-11-16,5.5,129.0,2015,BIHAR,VAISHALI,D127,RAGHOPUR,25.5,85.5,70.2,2015,819.3968,20.1522,31.9204,6.071,1.53,2.0302,1150.4442,19.637,31.4515,6.071035616438356,1.5299501369863013,2.030226575342466,5.78,4.98,-0.28,0.52
51,25.98508,85.05218889,2015-07-10,2015-12-11,5.0,154.0,2015,BIHAR,VAISHALI,D127,RAGHOPUR,25.5,85.5,70.15,2015,819.3968,20.1522,31.9204,6.071,1.53,2.0302,1150.4442,19.637,31.4515,6.071035616438356,1.5299501369863013,2.030226575342466,5.78,4.98,-0.78,0.02
52,25.98525,85.06175,2015-07-10,2015-11-16,4.7,129.0,2015,BIHAR,VAISHALI,D127,RAGHOPUR,25.5,85.5,69.56,2015,819.3968,20.1522,31.9204,6.071,1.53,2.0302,1150.4442,19.637,31.4515,6.071035616438356,1.5299501369863013,2.030226575342466,5.78,4.98,-1.08,-0.28
53,25.98506,85.0645,2015-07-08,2015-11-14,4.5,129.0,2015,BIHAR,VAISHALI,D127,RAGHOPUR,25.5,85.5,69.37,2015,819.3968,20.1522,31.9204,6.071,1.53,2.0302,1150.4442,19.637,31.4515,6.071035616438356,1.5299501369863013,2.030226575342466,5.78,4.98,-1.28,-0.48
54,26.01181,85.07416667,2015-07-12,2015-11-16,5.5,127.0,2015,BIHAR,SITAMARHI,D124,RUNISAIDPUR,26.5,85.5,68.92,2015,696.3122,20.2843,31.4373,6.2555,1.4683,1.9596,1090.5922,20.0917,31.1134,6.255520821917808,1.4683260273972605,1.959558904109589,5.07,4.88,0.43,0.62
55,26.01556,85.07555556,2015-07-08,2015-11-11,5.8,126.0,2015,BIHAR,SITAMARHI,D124,RUNISAIDPUR,26.5,85.5,68.51,2015,696.3122,20.2843,31.4373,6.2555,1.4683,1.9596,1090.5922,20.0917,31.1134,6.255520821917808,1.4683260273972605,1.959558904109589,5.07,4.88,0.73,0.92
56,26.00233,85.07944444,2015-07-10,2015-11-15,4.7,128.0,2015,BIHAR,SITAMARHI,D124,RUNISAIDPUR,26.5,85.5,69.44,2015,696.3122,20.2843,31.4373,6.2555,1.4683,1.9596,1090.5922,20.0917,31.1134,6.255520821917808,1.4683260273972605,1.959558904109589,5.07,4.88,-0.37,-0.18
57,25.89108,85.68177778,2015-07-15,2015-11-25,4.5,133.0,2015,BIHAR,VAISHALI,D127,RAGHOPUR,25.5,85.5,47.15,2015,819.3968,20.1522,31.9204,6.071,1.53,2.0302,1150.4442,19.637,31.4515,6.071035616438356,1.5299501369863013,2.030226575342466,5.78,4.98,-1.28,-0.48
58,25.88975,85.68297222,2015-07-20,2015-11-30,5.0,133.0,2015,BIHAR,VAISHALI,D127,RAGHOPUR,25.5,85.5,47.06,2015,819.3968,20.1522,31.9204,6.071,1.53,2.0302,1150.4442,19.637,31.4515,6.071035616438356,1.5299501369863013,2.030226575342466,5.78,4.98,-0.78,0.02
59,25.89025,85.668425,2015-07-10,2015-10-25,5.3,107.0,2015,BIHAR,VAISHALI,D127,RAGHOPUR,25.5,85.5,46.56,2015,819.3968,20.1522,31.9204,6.071,1.53,2.0302,1150.4442,19.637,31.4515,6.071035616438356,1.5299501369863013,2.030226575342466,5.78,4.98,-0.48,0.32
60,25.89136,85.66843889,2015-07-05,2015-11-15,5.2,133.0,2015,BIHAR,VAISHALI,D127,RAGHOPUR,25.5,85.5,46.68,2015,819.3968,20.1522,31.9204,6.071,1.53,2.0302,1150.4442,19.637,31.4515,6.071035616438356,1.5299501369863013,2.030226575342466,5.78,4.98,-0.58,0.22
61,25.89094,85.67933333,2015-07-08,2015-11-15,6.2,130.0,2015,BIHAR,VAISHALI,D127,RAGHOPUR,25.5,85.5,47.04,2015,819.3968,20.1522,31.9204,6.071,1.53,2.0302,1150.4442,19.637,31.4515,6.071035616438356,1.5299501369863013,2.030226575342466,5.78,4.98,0.42,1.22
62,25.89047,85.67041667,2015-07-12,2015-11-19,5.6,130.0,2015,BIHAR,VAISHALI,D127,RAGHOPUR,25.5,85.5,46.66,2015,819.3968,20.1522,31.9204,6.071,1.53,2.0302,1150.4442,19.637,31.4515,6.071035616438356,1.5299501369863013,2.030226575342466,5.78,4.98,-0.18,0.62
63,25.91937,85.67944444,2015-07-18,2015-11-10,6.1,115.0,2015,BIHAR,VAISHALI,D127,RAGHOPUR,25.5,85.5,49.98,2015,819.3968,20.1522,31.9204,6.071,1.53,2.0302,1150.4442,19.637,31.4515,6.071035616438356,1.5299501369863013,2.030226575342466,5.78,4.98,0.32,1.12
64,25.91939,85.68002778,2015-07-08,2015-12-11,5.7,156.0,2015,BIHAR,VAISHALI,D127,RAGHOPUR,25.5,85.5,50.0,2015,819.3968,20.1522,31.9204,6.071,1.53,2.0302,1150.4442,19.637,31.4515,6.071035616438356,1.5299501369863013,2.030226575342466,5.78,4.98,-0.08,0.72
65,25.91883,85.67486111,2015-07-12,2015-11-25,5.3,136.0,2015,BIHAR,VAISHALI,D127,RAGHOPUR,25.5,85.5,49.76,2015,819.3968,20.1522,31.9204,6.071,1.53,2.0302,1150.4442,19.637,31.4515,6.071035616438356,1.5299501369863013,2.030226575342466,5.78,4.98,-0.48,0.32
66,25.91944,85.68111111,2015-07-15,2015-11-05,5.6,113.0,2015,BIHAR,VAISHALI,D127,RAGHOPUR,25.5,85.5,50.04,2015,819.3968,20.1522,31.9204,6.071,1.53,2.0302,1150.4442,19.637,31.4515,6.071035616438356,1.5299501369863013,2.030226575342466,5.78,4.98,-0.18,0.62
67,25.71564,85.88569444,2015-07-12,2015-11-15,4.2,126.0,2015,BIHAR,VAISHALI,D127,RAGHOPUR,25.5,85.5,45.5,2015,819.3968,20.1522,31.9204,6.071,1.53,2.0302,1150.4442,19.637,31.4515,6.071035616438356,1.5299501369863013,2.030226575342466,5.78,4.98,-1.58,-0.78
68,25.71631,85.88563611,2015-07-17,2015-11-20,4.6,126.0,2015,BIHAR,VAISHALI,D127,RAGHOPUR,25.5,85.5,45.54,2015,819.3968,20.1522,31.9204,6.071,1.53,2.0302,1150.4442,19.637,31.4515,6.071035616438356,1.5299501369863013,2.030226575342466,5.78,4.98,-1.18,-0.38
69,25.70181,85.8855,2015-07-22,2015-11-25,4.8,126.0,2015,BIHAR,VAISHALI,D127,RAGHOPUR,25.5,85.5,44.7,2015,819.3968,20.1522,31.9204,6.071,1.53,2.0302,1150.4442,19.637,31.4515,6.071035616438356,1.5299501369863013,2.030226575342466,5.78,4.98,-0.98,-0.18
70,25.70179,85.88571111,2015-07-19,2015-11-22,4.8,126.0,2015,BIHAR,VAISHALI,D127,RAGHOPUR,25.5,85.5,44.72,2015,819.3968,20.1522,31.9204,6.071,1.53,2.0302,1150.4442,19.637,31.4515,6.071035616438356,1.5299501369863013,2.030226575342466,5.78,4.98,-0.98,-0.18
71,25.70192,85.88547778,2015-07-12,2015-11-15,4.5,126.0,2015,BIHAR,VAISHALI,D127,RAGHOPUR,25.5,85.5,44.7,2015,819.3968,20.1522,31.9204,6.071,1.53,2.0302,1150.4442,19.637,31.4515,6.071035616438356,1.5299501369863013,2.030226575342466,5.78,4.98,-1.28,-0.48
72,25.70192,85.88575833,2015-07-12,2015-11-15,5.0,126.0,2015,BIHAR,VAISHALI,D127,RAGHOPUR,25.5,85.5,44.73,2015,819.3968,20.1522,31.9204,6.071,1.53,2.0302,1150.4442,19.637,31.4515,6.071035616438356,1.5299501369863013,2.030226575342466,5.78,4.98,-0.78,0.02
73,25.70181,85.88597778,2015-07-14,2015-11-17,4.8,126.0,2015,BIHAR,VAISHALI,D127,RAGHOPUR,25.5,85.5,44.74,2015,819.3968,20.1522,31.9204,6.071,1.53,2.0302,1150.4442,19.637,31.4515,6.071035616438356,1.5299501369863013,2.030226575342466,5.78,4.98,-0.98,-0.18
74,25.70192,85.88610833,2015-07-12,2015-11-15,3.8,126.0,2015,BIHAR,VAISHALI,D127,RAGHOPUR,25.5,85.5,44.76,2015,819.3968,20.1522,31.9204,6.071,1.53,2.0302,1150.4442,19.637,31.4515,6.071035616438356,1.5299501369863013,2.030226575342466,5.78,4.98,-1.98,-1.18
75,25.71583,85.90477778,2015-07-17,2015-11-20,4.2,126.0,2015,BIHAR,VAISHALI,D127,RAGHOPUR,25.5,85.5,47.15,2015,819.3968,20.1522,31.9204,6.071,1.53,2.0302,1150.4442,19.637,31.4515,6.071035616438356,1.5299501369863013,2.030226575342466,5.78,4.98,-1.58,-0.78
76,25.71333,85.90241667,2015-07-15,2015-11-05,4.8,113.0,2015,BIHAR,VAISHALI,D127,RAGHOPUR,25.5,85.5,46.81,2015,819.3968,20.1522,31.9204,6.071,1.53,2.0302,1150.4442,19.637,31.4515,6.071035616438356,1.5299501369863013,2.030226575342466,5.78,4.98,-0.98,-0.18
77,26.07806,84.83575556,2015-06-20,2015-11-15,4.8,148.0,2015,BIHAR,GOPALGANJ,D101,BAIKUNTHPUR,26.5,84.5,57.63,2015,888.0304,19.9209,31.535,7.1725,1.5836,2.1265,1140.8409,19.4471,31.2018,7.172523013698631,1.5835780821917804,2.1265490410958905,4.86,4.19,-0.06,0.61
78,26.07925,84.845,2015-06-25,2015-11-22,4.6,150.0,2015,BIHAR,GOPALGANJ,D101,BAIKUNTHPUR,26.5,84.5,58.07,2015,888.0304,19.9209,31.535,7.1725,1.5836,2.1265,1140.8409,19.4471,31.2018,7.172523013698631,1.5835780821917804,2.1265490410958905,4.86,4.19,-0.26,0.41
79,26.07792,84.84175,2015-07-10,2015-11-17,5.1,130.0,2015,BIHAR,GOPALGANJ,D101,BAIKUNTHPUR,26.5,84.5,58.0,2015,888.0304,19.9209,31.535,7.1725,1.5836,2.1265,1140.8409,19.4471,31.2018,7.172523013698631,1.5835780821917804,2.1265490410958905,4.86,4.19,0.24,0.91
80,26.07736,84.84147222,2015-06-15,2015-11-25,4.7,163.0,2015,BIHAR,GOPALGANJ,D101,BAIKUNTHPUR,26.5,84.5,58.03,2015,888.0304,19.9209,31.535,7.1725,1.5836,2.1265,1140.8409,19.4471,31.2018,7.172523013698631,1.5835780821917804,2.1265490410958905,4.86,4.19,-0.16,0.51
81,26.07506,84.83866667,2015-07-10,2015-11-20,4.8,133.0,2015,BIHAR,GOPALGANJ,D101,BAIKUNTHPUR,26.5,84.5,58.07,2015,888.0304,19.9209,31.535,7.1725,1.5836,2.1265,1140.8409,19.4471,31.2018,7.172523013698631,1.5835780821917804,2.1265490410958905,4.86,4.19,-0.06,0.61
82,26.08028,84.84111111,2015-07-18,2015-11-25,4.7,130.0,2015,BIHAR,GOPALGANJ,D101,BAIKUNTHPUR,26.5,84.5,57.75,2015,888.0304,19.9209,31.535,7.1725,1.5836,2.1265,1140.8409,19.4471,31.2018,7.172523013698631,1.5835780821917804,2.1265490410958905,4.86,4.19,-0.16,0.51
83,26.07472,84.83777778,2015-06-10,2015-11-20,4.6,163.0,2015,BIHAR,GOPALGANJ,D101,BAIKUNTHPUR,26.5,84.5,58.05,2015,888.0304,19.9209,31.535,7.1725,1.5836,2.1265,1140.8409,19.4471,31.2018,7.172523013698631,1.5835780821917804,2.1265490410958905,4.86,4.19,-0.26,0.41
84,26.08111,84.8375,2015-07-14,2015-11-10,5.1,119.0,2015,BIHAR,GOPALGANJ,D101,BAIKUNTHPUR,26.5,84.5,57.46,2015,888.0304,19.9209,31.535,7.1725,1.5836,2.1265,1140.8409,19.4471,31.2018,7.172523013698631,1.5835780821917804,2.1265490410958905,4.86,4.19,0.24,0.91
85,26.06803,84.83916667,2015-06-18,2015-11-17,5.3,152.0,2015,BIHAR,GOPALGANJ,D101,BAIKUNTHPUR,26.5,84.5,58.74,2015,888.0304,19.9209,31.535,7.1725,1.5836,2.1265,1140.8409,19.4471,31.2018,7.172523013698631,1.5835780821917804,2.1265490410958905,4.86,4.19,0.44,1.11
86,26.06908,84.83361111,2015-07-14,2015-11-10,5.1,119.0,2015,BIHAR,GOPALGANJ,D101,BAIKUNTHPUR,26.5,84.5,58.33,2015,888.0304,19.9209,31.535,7.1725,1.5836,2.1265,1140.8409,19.4471,31.2018,7.172523013698631,1.5835780821917804,2.1265490410958905,4.86,4.19,0.24,0.91
87,25.89078,84.75488889,2015-07-25,2015-11-28,5.5,126.0,2015,BIHAR,BHOJPUR,D97,PIRO,25.5,84.5,50.4,2015,629.3482,19.7841,31.8642,5.3774,1.5725,2.0844,938.0157,19.2817,31.5265,5.377426301369863,1.572544383561644,2.0844279452054795,5.22,5.4,0.28,0.1
88,25.89208,84.75180556,2015-07-20,2015-11-10,6.2,113.0,2015,BIHAR,BHOJPUR,D97,PIRO,25.5,84.5,50.37,2015,629.3482,19.7841,31.8642,5.3774,1.5725,2.0844,938.0157,19.2817,31.5265,5.377426301369863,1.572544383561644,2.0844279452054795,5.22,5.4,0.98,0.8
89,25.89153,84.75425,2015-07-15,2015-11-20,6.0,128.0,2015,BIHAR,BHOJPUR,D97,PIRO,25.5,84.5,50.44,2015,629.3482,19.7841,31.8642,5.3774,1.5725,2.0844,938.0157,19.2817,31.5265,5.377426301369863,1.572544383561644,2.0844279452054795,5.22,5.4,0.78,0.6
90,25.89333,84.75280556,2015-07-10,2015-11-15,5.5,128.0,2015,BIHAR,BHOJPUR,D97,PIRO,25.5,84.5,50.54,2015,629.3482,19.7841,31.8642,5.3774,1.5725,2.0844,938.0157,19.2817,31.5265,5.377426301369863,1.572544383561644,2.0844279452054795,5.22,5.4,0.28,0.1
91,25.88667,84.75294444,2015-07-24,2015-11-18,5.2,117.0,2015,BIHAR,BHOJPUR,D97,PIRO,25.5,84.5,49.91,2015,629.3482,19.7841,31.8642,5.3774,1.5725,2.0844,938.0157,19.2817,31.5265,5.377426301369863,1.572544383561644,2.0844279452054795,5.22,5.4,-0.02,-0.2
92,25.89611,84.7575,2015-07-30,2015-12-01,6.0,124.0,2015,BIHAR,BHOJPUR,D97,PIRO,25.5,84.5,51.05,2015,629.3482,19.7841,31.8642,5.3774,1.5725,2.0844,938.0157,19.2817,31.5265,5.377426301369863,1.572544383561644,2.0844279452054795,5.22,5.4,0.78,0.6
93,25.89917,84.75888889,2015-07-15,2015-11-25,4.8,133.0,2015,BIHAR,BHOJPUR,D97,PIRO,25.5,84.5,51.41,2015,629.3482,19.7841,31.8642,5.3774,1.5725,2.0844,938.0157,19.2817,31.5265,5.377426301369863,1.572544383561644,2.0844279452054795,5.22,5.4,-0.42,-0.6
94,25.88544,84.76166667,2015-07-20,2015-11-30,5.2,133.0,2015,BIHAR,BHOJPUR,D97,PIRO,25.5,84.5,50.24,2015,629.3482,19.7841,31.8642,5.3774,1.5725,2.0844,938.0157,19.2817,31.5265,5.377426301369863,1.572544383561644,2.0844279452054795,5.22,5.4,-0.02,-0.2
95,26.51676,85.32211111,2015-07-15,2015-11-30,4.5,138.0,2015,BIHAR,SITAMARHI,D124,RUNISAIDPUR,26.5,85.5,17.8,2015,696.3122,20.2843,31.4373,6.2555,1.4683,1.9596,1090.5922,20.0917,31.1134,6.255520821917808,1.4683260273972605,1.959558904109589,5.07,4.88,-0.57,-0.38
96,26.51669,85.32527778,2015-07-20,2015-11-27,4.8,130.0,2015,BIHAR,SITAMARHI,D124,RUNISAIDPUR,26.5,85.5,17.48,2015,696.3122,20.2843,31.4373,6.2555,1.4683,1.9596,1090.5922,20.0917,31.1134,6.255520821917808,1.4683260273972605,1.959558904109589,5.07,4.88,-0.27,-0.08
97,26.52561,85.32805556,2015-07-15,2015-11-18,4.8,126.0,2015,BIHAR,SITAMARHI,D124,RUNISAIDPUR,26.5,85.5,17.34,2015,696.3122,20.2843,31.4373,6.2555,1.4683,1.9596,1090.5922,20.0917,31.1134,6.255520821917808,1.4683260273972605,1.959558904109589,5.07,4.88,-0.27,-0.08
98,26.52592,85.32138889,2015-07-12,2015-11-15,5.0,126.0,2015,BIHAR,SITAMARHI,D124,RUNISAIDPUR,26.5,85.5,18.0,2015,696.3122,20.2843,31.4373,6.2555,1.4683,1.9596,1090.5922,20.0917,31.1134,6.255520821917808,1.4683260273972605,1.959558904109589,5.07,4.88,-0.07,0.12
99,26.51867,85.32352778,2015-07-10,2015-11-15,5.2,128.0,2015,BIHAR,SITAMARHI,D124,RUNISAIDPUR,26.5,85.5,17.68,2015,696.3122,20.2843,31.4373,6.2555,1.4683,1.9596,1090.5922,20.0917,31.1134,6.255520821917808,1.4683260273972605,1.959558904109589,5.07,4.88,0.13,0.32
100,26.51947,85.32363889,2015-07-12,2015-11-15,4.6,126.0,2015,BIHAR,SITAMARHI,D124,RUNISAIDPUR,26.5,85.5,17.68,2015,696.3122,20.2843,31.4373,6.2555,1.4683,1.9596,1090.5922,20.0917,31.1134,6.255520821917808,1.4683260273972605,1.959558904109589,5.07,4.88,-0.47,-0.28
101,26.52056,85.32386111,2015-07-10,2015-11-15,5.0,128.0,2015,BIHAR,SITAMARHI,D124,RUNISAIDPUR,26.5,85.5,17.67,2015,696.3122,20.2843,31.4373,6.2555,1.4683,1.9596,1090.5922,20.0917,31.1134,6.255520821917808,1.4683260273972605,1.959558904109589,5.07,4.88,-0.07,0.12
102,26.5225,85.32722222,2015-07-12,2015-11-15,4.5,126.0,2015,BIHAR,SITAMARHI,D124,RUNISAIDPUR,26.5,85.5,17.37,2015,696.3122,20.2843,31.4373,6.2555,1.4683,1.9596,1090.5922,20.0917,31.1134,6.255520821917808,1.4683260273972605,1.959558904109589,5.07,4.88,-0.57,-0.38
103,26.57475,85.45483333,2015-07-12,2015-11-08,4.5,119.0,2015,BIHAR,SITAMARHI,D124,RUNISAIDPUR,26.5,85.5,9.45,2015,696.3122,20.2843,31.4373,6.2555,1.4683,1.9596,1090.5922,20.0917,31.1134,6.255520821917808,1.4683260273972605,1.959558904109589,5.07,4.88,-0.57,-0.38
104,26.57422,85.45430556,2015-07-12,2015-11-28,4.8,139.0,2015,BIHAR,SITAMARHI,D124,RUNISAIDPUR,26.5,85.5,9.42,2015,696.3122,20.2843,31.4373,6.2555,1.4683,1.9596,1090.5922,20.0917,31.1134,6.255520821917808,1.4683260273972605,1.959558904109589,5.07,4.88,-0.27,-0.08
105,26.57264,85.45291667,2015-07-12,2015-11-08,4.2,119.0,2015,BIHAR,SITAMARHI,D124,RUNISAIDPUR,26.5,85.5,9.34,2015,696.3122,20.2843,31.4373,6.2555,1.4683,1.9596,1090.5922,20.0917,31.1134,6.255520821917808,1.4683260273972605,1.959558904109589,5.07,4.88,-0.87,-0.68
106,26.5745,85.450275,2015-07-12,2015-11-08,4.2,119.0,2015,BIHAR,SITAMARHI,D124,RUNISAIDPUR,26.5,85.5,9.65,2015,696.3122,20.2843,31.4373,6.2555,1.4683,1.9596,1090.5922,20.0917,31.1134,6.255520821917808,1.4683260273972605,1.959558904109589,5.07,4.88,-0.87,-0.68
107,26.57567,85.45283333,2015-07-12,2015-11-28,4.8,139.0,2015,BIHAR,SITAMARHI,D124,RUNISAIDPUR,26.5,85.5,9.63,2015,696.3122,20.2843,31.4373,6.2555,1.4683,1.9596,1090.5922,20.0917,31.1134,6.255520821917808,1.4683260273972605,1.959558904109589,5.07,4.88,-0.27,-0.08
108,26.2169,84.41447222,2015-07-30,2015-11-10,4.8,103.0,2015,BIHAR,GOPALGANJ,D101,BAIKUNTHPUR,26.5,84.5,32.61,2015,888.0304,19.9209,31.535,7.1725,1.5836,2.1265,1140.8409,19.4471,31.2018,7.172523013698631,1.5835780821917804,2.1265490410958905,4.86,4.19,-0.06,0.61
109,26.22194,84.415,2015-08-04,2015-12-11,4.6,129.0,2015,BIHAR,GOPALGANJ,D101,BAIKUNTHPUR,26.5,84.5,32.06,2015,888.0304,19.9209,31.535,7.1725,1.5836,2.1265,1140.8409,19.4471,31.2018,7.172523013698631,1.5835780821917804,2.1265490410958905,4.86,4.19,-0.26,0.41
110,26.21682,84.415,2015-07-27,2015-11-10,4.4,106.0,2015,BIHAR,GOPALGANJ,D101,BAIKUNTHPUR,26.5,84.5,32.61,2015,888.0304,19.9209,31.535,7.1725,1.5836,2.1265,1140.8409,19.4471,31.2018,7.172523013698631,1.5835780821917804,2.1265490410958905,4.86,4.19,-0.46,0.21
111,26.21681,84.41558333,2015-07-22,2015-12-11,5.0,142.0,2015,BIHAR,GOPALGANJ,D101,BAIKUNTHPUR,26.5,84.5,32.59,2015,888.0304,19.9209,31.535,7.1725,1.5836,2.1265,1140.8409,19.4471,31.2018,7.172523013698631,1.5835780821917804,2.1265490410958905,4.86,4.19,0.14,0.81
112,26.22056,84.4018,2015-07-29,2015-11-19,4.6,113.0,2015,BIHAR,GOPALGANJ,D101,BAIKUNTHPUR,26.5,84.5,32.58,2015,888.0304,19.9209,31.535,7.1725,1.5836,2.1265,1140.8409,19.4471,31.2018,7.172523013698631,1.5835780821917804,2.1265490410958905,4.86,4.19,-0.26,0.41
113,26.22589,84.40222222,2015-07-30,2015-11-10,5.0,103.0,2015,BIHAR,GOPALGANJ,D101,BAIKUNTHPUR,26.5,84.5,32.0,2015,888.0304,19.9209,31.535,7.1725,1.5836,2.1265,1140.8409,19.4471,31.2018,7.172523013698631,1.5835780821917804,2.1265490410958905,4.86,4.19,0.14,0.81
114,26.22542,84.40226389,2015-07-27,2015-11-20,4.8,116.0,2015,BIHAR,GOPALGANJ,D101,BAIKUNTHPUR,26.5,84.5,32.05,2015,888.0304,19.9209,31.535,7.1725,1.5836,2.1265,1140.8409,19.4471,31.2018,7.172523013698631,1.5835780821917804,2.1265490410958905,4.86,4.19,-0.06,0.61
115,26.225,84.40209167,2015-07-26,2015-11-15,5.0,112.0,2015,BIHAR,GOPALGANJ,D101,BAIKUNTHPUR,26.5,84.5,32.1,2015,888.0304,19.9209,31.535,7.1725,1.5836,2.1265,1140.8409,19.4471,31.2018,7.172523013698631,1.5835780821917804,2.1265490410958905,4.86,4.19,0.14,0.81
116,26.22283,84.40200556,2015-07-24,2015-10-11,4.4,79.0,2015,BIHAR,GOPALGANJ,D101,BAIKUNTHPUR,26.5,84.5,32.33,2015,888.0304,19.9209,31.535,7.1725,1.5836,2.1265,1140.8409,19.4471,31.2018,7.172523013698631,1.5835780821917804,2.1265490410958905,4.86,4.19,-0.46,0.21
117,26.18256,84.65018333,2015-07-22,2015-11-20,4.0,121.0,2015,BIHAR,GOPALGANJ,D101,BAIKUNTHPUR,26.5,84.5,38.34,2015,888.0304,19.9209,31.535,7.1725,1.5836,2.1265,1140.8409,19.4471,31.2018,7.172523013698631,1.5835780821917804,2.1265490410958905,4.86,4.19,-0.86,-0.19
118,26.18308,84.65027222,2015-07-25,2015-11-25,4.5,123.0,2015,BIHAR,GOPALGANJ,D101,BAIKUNTHPUR,26.5,84.5,38.29,2015,888.0304,19.9209,31.535,7.1725,1.5836,2.1265,1140.8409,19.4471,31.2018,7.172523013698631,1.5835780821917804,2.1265490410958905,4.86,4.19,-0.36,0.31
119,26.16835,84.65022778,2015-07-30,2015-11-27,4.4,120.0,2015,BIHAR,GOPALGANJ,D101,BAIKUNTHPUR,26.5,84.5,39.8,2015,888.0304,19.9209,31.535,7.1725,1.5836,2.1265,1140.8409,19.4471,31.2018,7.172523013698631,1.5835780821917804,2.1265490410958905,4.86,4.19,-0.46,0.21
120,26.16849,84.65027222,2015-07-28,2015-11-15,4.2,110.0,2015,BIHAR,GOPALGANJ,D101,BAIKUNTHPUR,26.5,84.5,39.79,2015,888.0304,19.9209,31.535,7.1725,1.5836,2.1265,1140.8409,19.4471,31.2018,7.172523013698631,1.5835780821917804,2.1265490410958905,4.86,4.19,-0.66,0.01
121,26.1684,84.65018611,2015-07-24,2015-11-17,4.0,116.0,2015,BIHAR,GOPALGANJ,D101,BAIKUNTHPUR,26.5,84.5,39.79,2015,888.0304,19.9209,31.535,7.1725,1.5836,2.1265,1140.8409,19.4471,31.2018,7.172523013698631,1.5835780821917804,2.1265490410958905,4.86,4.19,-0.86,-0.19
122,26.16835,84.65018056,2015-07-22,2015-11-20,4.4,121.0,2015,BIHAR,GOPALGANJ,D101,BAIKUNTHPUR,26.5,84.5,39.8,2015,888.0304,19.9209,31.535,7.1725,1.5836,2.1265,1140.8409,19.4471,31.2018,7.172523013698631,1.5835780821917804,2.1265490410958905,4.86,4.19,-0.46,0.21
123,26.16876,84.65019444,2015-07-25,2015-11-16,4.5,114.0,2015,BIHAR,GOPALGANJ,D101,BAIKUNTHPUR,26.5,84.5,39.76,2015,888.0304,19.9209,31.535,7.1725,1.5836,2.1265,1140.8409,19.4471,31.2018,7.172523013698631,1.5835780821917804,2.1265490410958905,4.86,4.19,-0.36,0.31
124,26.17617,84.65008333,2015-07-25,2015-11-26,4.0,124.0,2015,BIHAR,GOPALGANJ,D101,BAIKUNTHPUR,26.5,84.5,38.99,2015,888.0304,19.9209,31.535,7.1725,1.5836,2.1265,1140.8409,19.4471,31.2018,7.172523013698631,1.5835780821917804,2.1265490410958905,4.86,4.19,-0.86,-0.19
125,26.17611,84.65002778,2015-07-25,2015-12-11,4.2,139.0,2015,BIHAR,GOPALGANJ,D101,BAIKUNTHPUR,26.5,84.5,38.99,2015,888.0304,19.9209,31.535,7.1725,1.5836,2.1265,1140.8409,19.4471,31.2018,7.172523013698631,1.5835780821917804,2.1265490410958905,4.86,4.19,-0.66,0.01
126,25.73509,85.26914167,2015-07-12,2015-11-10,3.0,121.0,2015,BIHAR,VAISHALI,D127,RAGHOPUR,25.5,85.5,34.92,2015,819.3968,20.1522,31.9204,6.071,1.53,2.0302,1150.4442,19.637,31.4515,6.071035616438356,1.5299501369863013,2.030226575342466,5.78,4.98,-2.78,-1.98
127,25.74961,85.26916667,2015-07-10,2015-11-18,2.9,131.0,2015,BIHAR,VAISHALI,D127,RAGHOPUR,25.5,85.5,36.14,2015,819.3968,20.1522,31.9204,6.071,1.53,2.0302,1150.4442,19.637,31.4515,6.071035616438356,1.5299501369863013,2.030226575342466,5.78,4.98,-2.88,-2.08
128,25.74953,85.26925,2015-07-05,2015-11-26,3.8,144.0,2015,BIHAR,VAISHALI,D127,RAGHOPUR,25.5,85.5,36.13,2015,819.3968,20.1522,31.9204,6.071,1.53,2.0302,1150.4442,19.637,31.4515,6.071035616438356,1.5299501369863013,2.030226575342466,5.78,4.98,-1.98,-1.18
129,25.74989,85.26943611,2015-07-10,2015-11-05,4.8,118.0,2015,BIHAR,VAISHALI,D127,RAGHOPUR,25.5,85.5,36.14,2015,819.3968,20.1522,31.9204,6.071,1.53,2.0302,1150.4442,19.637,31.4515,6.071035616438356,1.5299501369863013,2.030226575342466,5.78,4.98,-0.98,-0.18
130,25.74714,85.26904167,2015-07-10,2015-10-25,4.3,107.0,2015,BIHAR,VAISHALI,D127,RAGHOPUR,25.5,85.5,35.94,2015,819.3968,20.1522,31.9204,6.071,1.53,2.0302,1150.4442,19.637,31.4515,6.071035616438356,1.5299501369863013,2.030226575342466,5.78,4.98,-1.48,-0.68
131,25.74636,85.26901944,2015-07-10,2015-10-25,4.3,107.0,2015,BIHAR,VAISHALI,D127,RAGHOPUR,25.5,85.5,35.87,2015,819.3968,20.1522,31.9204,6.071,1.53,2.0302,1150.4442,19.637,31.4515,6.071035616438356,1.5299501369863013,2.030226575342466,5.78,4.98,-1.48,-0.68
132,25.74461,85.26895833,2015-07-15,2015-10-20,4.2,97.0,2015,BIHAR,VAISHALI,D127,RAGHOPUR,25.5,85.5,35.73,2015,819.3968,20.1522,31.9204,6.071,1.53,2.0302,1150.4442,19.637,31.4515,6.071035616438356,1.5299501369863013,2.030226575342466,5.78,4.98,-1.58,-0.78
133,25.74575,85.26905556,2015-07-15,2015-10-25,4.2,102.0,2015,BIHAR,VAISHALI,D127,RAGHOPUR,25.5,85.5,35.82,2015,819.3968,20.1522,31.9204,6.071,1.53,2.0302,1150.4442,19.637,31.4515,6.071035616438356,1.5299501369863013,2.030226575342466,5.78,4.98,-1.58,-0.78
134,25.83502,85.50019444,2015-07-10,2015-11-10,4.8,123.0,2015,BIHAR,VAISHALI,D127,RAGHOPUR,25.5,85.5,37.25,2015,819.3968,20.1522,31.9204,6.071,1.53,2.0302,1150.4442,19.637,31.4515,6.071035616438356,1.5299501369863013,2.030226575342466,5.78,4.98,-0.98,-0.18
135,25.83501,85.50305556,2015-07-10,2015-11-15,5.1,128.0,2015,BIHAR,VAISHALI,D127,RAGHOPUR,25.5,85.5,37.25,2015,819.3968,20.1522,31.9204,6.071,1.53,2.0302,1150.4442,19.637,31.4515,6.071035616438356,1.5299501369863013,2.030226575342466,5.78,4.98,-0.68,0.12
136,25.83506,85.50819444,2015-07-15,2015-11-20,4.9,128.0,2015,BIHAR,VAISHALI,D127,RAGHOPUR,25.5,85.5,37.27,2015,819.3968,20.1522,31.9204,6.071,1.53,2.0302,1150.4442,19.637,31.4515,6.071035616438356,1.5299501369863013,2.030226575342466,5.78,4.98,-0.88,-0.08
137,25.83506,85.50316667,2015-07-05,2015-12-11,4.3,159.0,2015,BIHAR,VAISHALI,D127,RAGHOPUR,25.5,85.5,37.26,2015,819.3968,20.1522,31.9204,6.071,1.53,2.0302,1150.4442,19.637,31.4515,6.071035616438356,1.5299501369863013,2.030226575342466,5.78,4.98,-1.48,-0.68
138,25.83502,85.50025,2015-07-10,2015-11-20,4.2,133.0,2015,BIHAR,VAISHALI,D127,RAGHOPUR,25.5,85.5,37.25,2015,819.3968,20.1522,31.9204,6.071,1.53,2.0302,1150.4442,19.637,31.4515,6.071035616438356,1.5299501369863013,2.030226575342466,5.78,4.98,-1.58,-0.78
139,25.83504,85.50261667,2015-07-10,2015-11-15,4.7,128.0,2015,BIHAR,VAISHALI,D127,RAGHOPUR,25.5,85.5,37.26,2015,819.3968,20.1522,31.9204,6.071,1.53,2.0302,1150.4442,19.637,31.4515,6.071035616438356,1.5299501369863013,2.030226575342466,5.78,4.98,-1.08,-0.28
140,25.83509,85.50251389,2015-07-15,2015-11-25,4.8,133.0,2015,BIHAR,VAISHALI,D127,RAGHOPUR,25.5,85.5,37.26,2015,819.3968,20.1522,31.9204,6.071,1.53,2.0302,1150.4442,19.637,31.4515,6.071035616438356,1.5299501369863013,2.030226575342466,5.78,4.98,-0.98,-0.18
141,26.75223,84.62597222,2015-07-26,2015-11-25,3.8,122.0,2015,BIHAR,GOPALGANJ,D101,BAIKUNTHPUR,26.5,84.5,30.72,2015,888.0304,19.9209,31.535,7.1725,1.5836,2.1265,1140.8409,19.4471,31.2018,7.172523013698631,1.5835780821917804,2.1265490410958905,4.86,4.19,-1.06,-0.39
142,26.7521,84.62494444,2015-07-28,2015-11-27,4.0,122.0,2015,BIHAR,GOPALGANJ,D101,BAIKUNTHPUR,26.5,84.5,30.66,2015,888.0304,19.9209,31.535,7.1725,1.5836,2.1265,1140.8409,19.4471,31.2018,7.172523013698631,1.5835780821917804,2.1265490410958905,4.86,4.19,-0.86,-0.19
143,26.75206,84.62461111,2015-07-25,2015-11-30,4.2,128.0,2015,BIHAR,GOPALGANJ,D101,BAIKUNTHPUR,26.5,84.5,30.64,2015,888.0304,19.9209,31.535,7.1725,1.5836,2.1265,1140.8409,19.4471,31.2018,7.172523013698631,1.5835780821917804,2.1265490410958905,4.86,4.19,-0.66,0.01
144,26.75197,84.62180556,2015-07-22,2015-11-27,3.8,128.0,2015,BIHAR,GOPALGANJ,D101,BAIKUNTHPUR,26.5,84.5,30.52,2015,888.0304,19.9209,31.535,7.1725,1.5836,2.1265,1140.8409,19.4471,31.2018,7.172523013698631,1.5835780821917804,2.1265490410958905,4.86,4.19,-1.06,-0.39
145,26.75207,84.62355556,2015-07-19,2015-11-24,4.0,128.0,2015,BIHAR,GOPALGANJ,D101,BAIKUNTHPUR,26.5,84.5,30.6,2015,888.0304,19.9209,31.535,7.1725,1.5836,2.1265,1140.8409,19.4471,31.2018,7.172523013698631,1.5835780821917804,2.1265490410958905,4.86,4.19,-0.86,-0.19
146,26.75206,84.62472222,2015-07-23,2015-11-28,4.2,128.0,2015,BIHAR,GOPALGANJ,D101,BAIKUNTHPUR,26.5,84.5,30.65,2015,888.0304,19.9209,31.535,7.1725,1.5836,2.1265,1140.8409,19.4471,31.2018,7.172523013698631,1.5835780821917804,2.1265490410958905,4.86,4.19,-0.66,0.01
147,26.75199,84.62441667,2015-07-20,2015-11-25,3.8,128.0,2015,BIHAR,GOPALGANJ,D101,BAIKUNTHPUR,26.5,84.5,30.63,2015,888.0304,19.9209,31.535,7.1725,1.5836,2.1265,1140.8409,19.4471,31.2018,7.172523013698631,1.5835780821917804,2.1265490410958905,4.86,4.19,-1.06,-0.39
148,26.75199,84.62580556,2015-07-26,2015-12-01,4.4,128.0,2015,BIHAR,GOPALGANJ,D101,BAIKUNTHPUR,26.5,84.5,30.68,2015,888.0304,19.9209,31.535,7.1725,1.5836,2.1265,1140.8409,19.4471,31.2018,7.172523013698631,1.5835780821917804,2.1265490410958905,4.86,4.19,-0.46,0.21
149,26.752,84.62916667,2015-07-23,2015-11-28,4.0,128.0,2015,BIHAR,GOPALGANJ,D101,BAIKUNTHPUR,26.5,84.5,30.82,2015,888.0304,19.9209,31.535,7.1725,1.5836,2.1265,1140.8409,19.4471,31.2018,7.172523013698631,1.5835780821917804,2.1265490410958905,4.86,4.19,-0.86,-0.19
150,26.75167,84.62527778,2015-07-20,2015-11-25,3.6,128.0,2015,BIHAR,GOPALGANJ,D101,BAIKUNTHPUR,26.5,84.5,30.63,2015,888.0304,19.9209,31.535,7.1725,1.5836,2.1265,1140.8409,19.4471,31.2018,7.172523013698631,1.5835780821917804,2.1265490410958905,4.86,4.19,-1.26,-0.59
151,27.00536,84.40480556,2015-07-16,2015-11-18,5.0,125.0,2015,BIHAR,GOPALGANJ,D101,BAIKUNTHPUR,26.5,84.5,56.98,2015,888.0304,19.9209,31.535,7.1725,1.5836,2.1265,1140.8409,19.4471,31.2018,7.172523013698631,1.5835780821917804,2.1265490410958905,4.86,4.19,0.14,0.81
152,27.0055,84.40580556,2015-07-20,2015-11-25,4.8,128.0,2015,BIHAR,GOPALGANJ,D101,BAIKUNTHPUR,26.5,84.5,56.98,2015,888.0304,19.9209,31.535,7.1725,1.5836,2.1265,1140.8409,19.4471,31.2018,7.172523013698631,1.5835780821917804,2.1265490410958905,4.86,4.19,-0.06,0.61
153,27.00592,84.40636111,2015-07-25,2015-11-30,5.2,128.0,2015,BIHAR,GOPALGANJ,D101,BAIKUNTHPUR,26.5,84.5,57.02,2015,888.0304,19.9209,31.535,7.1725,1.5836,2.1265,1140.8409,19.4471,31.2018,7.172523013698631,1.5835780821917804,2.1265490410958905,4.86,4.19,0.34,1.01
154,27.00708,84.41033333,2015-07-15,2015-11-20,5.0,128.0,2015,BIHAR,GOPALGANJ,D101,BAIKUNTHPUR,26.5,84.5,57.08,2015,888.0304,19.9209,31.535,7.1725,1.5836,2.1265,1140.8409,19.4471,31.2018,7.172523013698631,1.5835780821917804,2.1265490410958905,4.86,4.19,0.14,0.81
155,27.00825,84.41183333,2015-07-18,2015-11-23,5.4,128.0,2015,BIHAR,GOPALGANJ,D101,BAIKUNTHPUR,26.5,84.5,57.19,2015,888.0304,19.9209,31.535,7.1725,1.5836,2.1265,1140.8409,19.4471,31.2018,7.172523013698631,1.5835780821917804,2.1265490410958905,4.86,4.19,0.54,1.21
156,27.00478,84.40791667,2015-07-17,2015-11-22,4.8,128.0,2015,BIHAR,GOPALGANJ,D101,BAIKUNTHPUR,26.5,84.5,56.87,2015,888.0304,19.9209,31.535,7.1725,1.5836,2.1265,1140.8409,19.4471,31.2018,7.172523013698631,1.5835780821917804,2.1265490410958905,4.86,4.19,-0.06,0.61
157,27.00381,84.41011111,2015-07-19,2015-11-24,5.2,128.0,2015,BIHAR,GOPALGANJ,D101,BAIKUNTHPUR,26.5,84.5,56.73,2015,888.0304,19.9209,31.535,7.1725,1.5836,2.1265,1140.8409,19.4471,31.2018,7.172523013698631,1.5835780821917804,2.1265490410958905,4.86,4.19,0.34,1.01
158,27.00016,84.41444444,2015-07-22,2015-11-27,5.0,128.0,2015,BIHAR,GOPALGANJ,D101,BAIKUNTHPUR,26.5,84.5,56.26,2015,888.0304,19.9209,31.535,7.1725,1.5836,2.1265,1140.8409,19.4471,31.2018,7.172523013698631,1.5835780821917804,2.1265490410958905,4.86,4.19,0.14,0.81
159,27.00311,84.40813889,2015-07-19,2015-11-24,5.4,128.0,2015,BIHAR,GOPALGANJ,D101,BAIKUNTHPUR,26.5,84.5,56.68,2015,888.0304,19.9209,31.535,7.1725,1.5836,2.1265,1140.8409,19.4471,31.2018,7.172523013698631,1.5835780821917804,2.1265490410958905,4.86,4.19,0.54,1.21
160,27.00433,84.40663889,2015-07-26,2015-12-01,5.0,128.0,2015,BIHAR,GOPALGANJ,D101,BAIKUNTHPUR,26.5,84.5,56.84,2015,888.0304,19.9209,31.535,7.1725,1.5836,2.1265,1140.8409,19.4471,31.2018,7.172523013698631,1.5835780821917804,2.1265490410958905,4.86,4.19,0.14,0.81
161,27.15175,84.31681944,2015-07-15,2015-11-20,5.0,128.0,2015,BIHAR,GOPALGANJ,D101,BAIKUNTHPUR,26.5,84.5,74.72,2015,888.0304,19.9209,31.535,7.1725,1.5836,2.1265,1140.8409,19.4471,31.2018,7.172523013698631,1.5835780821917804,2.1265490410958905,4.86,4.19,0.14,0.81
162,27.16622,84.3168,2015-07-15,2015-11-20,4.8,128.0,2015,BIHAR,GOPALGANJ,D101,BAIKUNTHPUR,26.5,84.5,76.28,2015,888.0304,19.9209,31.535,7.1725,1.5836,2.1265,1140.8409,19.4471,31.2018,7.172523013698631,1.5835780821917804,2.1265490410958905,4.86,4.19,-0.06,0.61
163,27.15867,84.31675556,2015-07-20,2015-11-18,5.2,121.0,2015,BIHAR,GOPALGANJ,D101,BAIKUNTHPUR,26.5,84.5,75.46,2015,888.0304,19.9209,31.535,7.1725,1.5836,2.1265,1140.8409,19.4471,31.2018,7.172523013698631,1.5835780821917804,2.1265490410958905,4.86,4.19,0.34,1.01
164,27.1665,84.31671111,2015-07-28,2015-11-30,4.6,125.0,2015,BIHAR,GOPALGANJ,D101,BAIKUNTHPUR,26.5,84.5,76.31,2015,888.0304,19.9209,31.535,7.1725,1.5836,2.1265,1140.8409,19.4471,31.2018,7.172523013698631,1.5835780821917804,2.1265490410958905,4.86,4.19,-0.26,0.41
165,27.15196,84.31686944,2015-07-18,2015-11-22,5.0,127.0,2015,BIHAR,GOPALGANJ,D101,BAIKUNTHPUR,26.5,84.5,74.74,2015,888.0304,19.9209,31.535,7.1725,1.5836,2.1265,1140.8409,19.4471,31.2018,7.172523013698631,1.5835780821917804,2.1265490410958905,4.86,4.19,0.14,0.81
166,27.15207,84.31693333,2015-07-25,2015-11-14,4.6,112.0,2015,BIHAR,GOPALGANJ,D101,BAIKUNTHPUR,26.5,84.5,74.75,2015,888.0304,19.9209,31.535,7.1725,1.5836,2.1265,1140.8409,19.4471,31.2018,7.172523013698631,1.5835780821917804,2.1265490410958905,4.86,4.19,-0.26,0.41
167,27.1522,84.30276111,2015-07-30,2015-11-18,5.2,111.0,2015,BIHAR,GOPALGANJ,D101,BAIKUNTHPUR,26.5,84.5,75.12,2015,888.0304,19.9209,31.535,7.1725,1.5836,2.1265,1140.8409,19.4471,31.2018,7.172523013698631,1.5835780821917804,2.1265490410958905,4.86,4.19,0.34,1.01
168,27.15231,84.30269167,2015-07-18,2015-11-22,5.0,127.0,2015,BIHAR,GOPALGANJ,D101,BAIKUNTHPUR,26.5,84.5,75.13,2015,888.0304,19.9209,31.535,7.1725,1.5836,2.1265,1140.8409,19.4471,31.2018,7.172523013698631,1.5835780821917804,2.1265490410958905,4.86,4.19,0.14,0.81
169,27.15204,84.30274722,2015-07-18,2015-11-22,4.8,127.0,2015,BIHAR,GOPALGANJ,D101,BAIKUNTHPUR,26.5,84.5,75.1,2015,888.0304,19.9209,31.535,7.1725,1.5836,2.1265,1140.8409,19.4471,31.2018,7.172523013698631,1.5835780821917804,2.1265490410958905,4.86,4.19,-0.06,0.61
170,27.15261,84.31693333,2015-07-30,2015-11-18,5.2,111.0,2015,BIHAR,GOPALGANJ,D101,BAIKUNTHPUR,26.5,84.5,74.81,2015,888.0304,19.9209,31.535,7.1725,1.5836,2.1265,1140.8409,19.4471,31.2018,7.172523013698631,1.5835780821917804,2.1265490410958905,4.86,4.19,0.34,1.01
171,26.0542,87.128138,2015-07-22,2015-11-20,4.5,121.0,2015,BIHAR,KATIHAR,D104,BARARI,25.5,87.5,72.0,2015,1222.4233,20.6754,31.0739,8.1939,1.3701,1.8282,1466.7419,20.6023,31.1158,8.193878630136986,1.3700852054794521,1.8281531506849313,5.4,4.63,-0.9,-0.13
172,26.0542,87.128138,2015-07-26,2015-11-26,4.0,123.0,2015,BIHAR,KATIHAR,D104,BARARI,25.5,87.5,72.0,2015,1222.4233,20.6754,31.0739,8.1939,1.3701,1.8282,1466.7419,20.6023,31.1158,8.193878630136986,1.3700852054794521,1.8281531506849313,5.4,4.63,-1.4,-0.63
173,26.0542,87.128138,2015-07-23,2015-11-23,4.6,123.0,2015,BIHAR,KATIHAR,D104,BARARI,25.5,87.5,72.0,2015,1222.4233,20.6754,31.0739,8.1939,1.3701,1.8282,1466.7419,20.6023,31.1158,8.193878630136986,1.3700852054794521,1.8281531506849313,5.4,4.63,-0.8,-0.03
174,26.0542,87.128138,2015-07-26,2015-11-23,3.8,120.0,2015,BIHAR,KATIHAR,D104,BARARI,25.5,87.5,72.0,2015,1222.4233,20.6754,31.0739,8.1939,1.3701,1.8282,1466.7419,20.6023,31.1158,8.193878630136986,1.3700852054794521,1.8281531506849313,5.4,4.63,-1.6,-0.83
175,26.0542,87.128138,2015-07-08,2015-12-11,4.6,156.0,2015,BIHAR,KATIHAR,D104,BARARI,25.5,87.5,72.0,2015,1222.4233,20.6754,31.0739,8.1939,1.3701,1.8282,1466.7419,20.6023,31.1158,8.193878630136986,1.3700852054794521,1.8281531506849313,5.4,4.63,-0.8,-0.03
176,26.0542,87.128138,2015-07-16,2015-11-16,4.2,123.0,2015,BIHAR,KATIHAR,D104,BARARI,25.5,87.5,72.0,2015,1222.4233,20.6754,31.0739,8.1939,1.3701,1.8282,1466.7419,20.6023,31.1158,8.193878630136986,1.3700852054794521,1.8281531506849313,5.4,4.63,-1.2,-0.43
177,26.0542,87.128138,2015-07-11,2015-12-11,4.6,153.0,2015,BIHAR,KATIHAR,D104,BARARI,25.5,87.5,72.0,2015,1222.4233,20.6754,31.0739,8.1939,1.3701,1.8282,1466.7419,20.6023,31.1158,8.193878630136986,1.3700852054794521,1.8281531506849313,5.4,4.63,-0.8,-0.03
178,26.0542,87.128138,2015-07-17,2015-11-18,4.3,124.0,2015,BIHAR,KATIHAR,D104,BARARI,25.5,87.5,72.0,2015,1222.4233,20.6754,31.0739,8.1939,1.3701,1.8282,1466.7419,20.6023,31.1158,8.193878630136986,1.3700852054794521,1.8281531506849313,5.4,4.63,-1.1,-0.33
179,26.0542,87.128138,2015-07-19,2015-11-18,4.4,122.0,2015,BIHAR,KATIHAR,D104,BARARI,25.5,87.5,72.0,2015,1222.4233,20.6754,31.0739,8.1939,1.3701,1.8282,1466.7419,20.6023,31.1158,8.193878630136986,1.3700852054794521,1.8281531506849313,5.4,4.63,-1.0,-0.23
180,26.0542,87.128138,2015-07-10,2015-12-11,4.0,154.0,2015,BIHAR,KATIHAR,D104,BARARI,25.5,87.5,72.0,2015,1222.4233,20.6754,31.0739,8.1939,1.3701,1.8282,1466.7419,20.6023,31.1158,8.193878630136986,1.3700852054794521,1.8281531506849313,5.4,4.63,-1.4,-0.63
181,26.31796,87.146924,2015-07-14,2015-11-19,5.2,128.0,2015,BIHAR,MADHUBANI,D109,BENIPATTI,26.5,86.5,67.53,2015,1043.8919,20.2406,31.1888,7.1915,1.3406,1.8639,1350.1591,19.9402,30.8048,7.191464109589041,1.3406158904109589,1.8638512328767127,5.52,4.97,-0.32,0.23
182,26.31796,87.146924,2015-07-08,2015-12-11,5.0,156.0,2015,BIHAR,MADHUBANI,D109,BENIPATTI,26.5,86.5,67.53,2015,1043.8919,20.2406,31.1888,7.1915,1.3406,1.8639,1350.1591,19.9402,30.8048,7.191464109589041,1.3406158904109589,1.8638512328767127,5.52,4.97,-0.52,0.03
183,26.31796,87.146924,2015-07-18,2015-11-20,5.4,125.0,2015,BIHAR,MADHUBANI,D109,BENIPATTI,26.5,86.5,67.53,2015,1043.8919,20.2406,31.1888,7.1915,1.3406,1.8639,1350.1591,19.9402,30.8048,7.191464109589041,1.3406158904109589,1.8638512328767127,5.52,4.97,-0.12,0.43
184,26.31796,87.146924,2015-07-11,2015-11-13,5.6,125.0,2015,BIHAR,MADHUBANI,D109,BENIPATTI,26.5,86.5,67.53,2015,1043.8919,20.2406,31.1888,7.1915,1.3406,1.8639,1350.1591,19.9402,30.8048,7.191464109589041,1.3406158904109589,1.8638512328767127,5.52,4.97,0.08,0.63
185,26.31796,87.146924,2015-07-08,2015-11-24,4.8,139.0,2015,BIHAR,MADHUBANI,D109,BENIPATTI,26.5,86.5,67.53,2015,1043.8919,20.2406,31.1888,7.1915,1.3406,1.8639,1350.1591,19.9402,30.8048,7.191464109589041,1.3406158904109589,1.8638512328767127,5.52,4.97,-0.72,-0.17
186,26.31796,87.146924,2015-07-11,2015-11-13,4.6,125.0,2015,BIHAR,MADHUBANI,D109,BENIPATTI,26.5,86.5,67.53,2015,1043.8919,20.2406,31.1888,7.1915,1.3406,1.8639,1350.1591,19.9402,30.8048,7.191464109589041,1.3406158904109589,1.8638512328767127,5.52,4.97,-0.92,-0.37
187,26.31796,87.146924,2015-07-08,2015-11-24,4.8,139.0,2015,BIHAR,MADHUBANI,D109,BENIPATTI,26.5,86.5,67.53,2015,1043.8919,20.2406,31.1888,7.1915,1.3406,1.8639,1350.1591,19.9402,30.8048,7.191464109589041,1.3406158904109589,1.8638512328767127,5.52,4.97,-0.72,-0.17
188,26.31796,87.146924,2015-07-20,2015-11-25,4.5,128.0,2015,BIHAR,MADHUBANI,D109,BENIPATTI,26.5,86.5,67.53,2015,1043.8919,20.2406,31.1888,7.1915,1.3406,1.8639,1350.1591,19.9402,30.8048,7.191464109589041,1.3406158904109589,1.8638512328767127,5.52,4.97,-1.02,-0.47
189,26.31796,87.146924,2015-07-17,2015-11-22,4.7,128.0,2015,BIHAR,MADHUBANI,D109,BENIPATTI,26.5,86.5,67.53,2015,1043.8919,20.2406,31.1888,7.1915,1.3406,1.8639,1350.1591,19.9402,30.8048,7.191464109589041,1.3406158904109589,1.8638512328767127,5.52,4.97,-0.82,-0.27
190,26.31796,87.146924,2015-07-08,2015-12-11,5.0,156.0,2015,BIHAR,MADHUBANI,D109,BENIPATTI,26.5,86.5,67.53,2015,1043.8919,20.2406,31.1888,7.1915,1.3406,1.8639,1350.1591,19.9402,30.8048,7.191464109589041,1.3406158904109589,1.8638512328767127,5.52,4.97,-0.52,0.03
191,25.47161,86.02158333,2015-07-15,2015-10-25,4.5,102.0,2015,BIHAR,KHAGARIA,D105,GOGRI,25.5,86.5,48.12,2015,1481.9445,20.4512,31.5631,7.6896,1.4446,1.8841,1232.3135,20.2594,31.3632,7.689644383561644,1.444595616438356,1.8840934246575345,4.27,4.81,0.23,-0.31
192,25.46819,86.01947222,2015-07-05,2015-10-20,4.5,107.0,2015,BIHAR,KHAGARIA,D105,GOGRI,25.5,86.5,48.36,2015,1481.9445,20.4512,31.5631,7.6896,1.4446,1.8841,1232.3135,20.2594,31.3632,7.689644383561644,1.444595616438356,1.8840934246575345,4.27,4.81,0.23,-0.31
193,25.47167,86.02111111,2015-07-05,2015-10-25,4.8,112.0,2015,BIHAR,KHAGARIA,D105,GOGRI,25.5,86.5,48.17,2015,1481.9445,20.4512,31.5631,7.6896,1.4446,1.8841,1232.3135,20.2594,31.3632,7.689644383561644,1.444595616438356,1.8840934246575345,4.27,4.81,0.53,-0.01
194,25.47456,86.01936111,2015-07-15,2015-10-25,5.3,102.0,2015,BIHAR,KHAGARIA,D105,GOGRI,25.5,86.5,48.33,2015,1481.9445,20.4512,31.5631,7.6896,1.4446,1.8841,1232.3135,20.2594,31.3632,7.689644383561644,1.444595616438356,1.8840934246575345,4.27,4.81,1.03,0.49
195,25.47569,86.019,2015-07-10,2015-10-25,5.0,107.0,2015,BIHAR,KHAGARIA,D105,GOGRI,25.5,86.5,48.36,2015,1481.9445,20.4512,31.5631,7.6896,1.4446,1.8841,1232.3135,20.2594,31.3632,7.689644383561644,1.444595616438356,1.8840934246575345,4.27,4.81,0.73,0.19
196,25.48017,86.01825,2015-07-15,2015-10-20,6.2,97.0,2015,BIHAR,KHAGARIA,D105,GOGRI,25.5,86.5,48.4,2015,1481.9445,20.4512,31.5631,7.6896,1.4446,1.8841,1232.3135,20.2594,31.3632,7.689644383561644,1.444595616438356,1.8840934246575345,4.27,4.81,1.93,1.39
197,25.47539,86.01980556,2015-07-07,2015-10-20,5.6,105.0,2015,BIHAR,KHAGARIA,D105,GOGRI,25.5,86.5,48.28,2015,1481.9445,20.4512,31.5631,7.6896,1.4446,1.8841,1232.3135,20.2594,31.3632,7.689644383561644,1.444595616438356,1.8840934246575345,4.27,4.81,1.33,0.79
198,25.41658,86.206,2015-07-09,2015-10-15,5.8,98.0,2015,BIHAR,KHAGARIA,D105,GOGRI,25.5,86.5,30.94,2015,1481.9445,20.4512,31.5631,7.6896,1.4446,1.8841,1232.3135,20.2594,31.3632,7.689644383561644,1.444595616438356,1.8840934246575345,4.27,4.81,1.53,0.99
199,25.41111,86.20286111,2015-07-10,2015-12-10,6.2,153.0,2015,BIHAR,KHAGARIA,D105,GOGRI,25.5,86.5,31.43,2015,1481.9445,20.4512,31.5631,7.6896,1.4446,1.8841,1232.3135,20.2594,31.3632,7.689644383561644,1.444595616438356,1.8840934246575345,4.27,4.81,1.93,1.39
200,25.40964,86.20472222,2015-07-15,2015-10-20,6.1,97.0,2015,BIHAR,KHAGARIA,D105,GOGRI,25.5,86.5,31.3,2015,1481.9445,20.4512,31.5631,7.6896,1.4446,1.8841,1232.3135,20.2594,31.3632,7.689644383561644,1.444595616438356,1.8840934246575345,4.27,4.81,1.83,1.29
201,25.40594,86.20769444,2015-07-10,2015-10-15,5.8,97.0,2015,BIHAR,KHAGARIA,D105,GOGRI,25.5,86.5,31.16,2015,1481.9445,20.4512,31.5631,7.6896,1.4446,1.8841,1232.3135,20.2594,31.3632,7.689644383561644,1.444595616438356,1.8840934246575345,4.27,4.81,1.53,0.99
202,25.40756,86.20430556,2015-07-10,2015-10-20,6.1,102.0,2015,BIHAR,KHAGARIA,D105,GOGRI,25.5,86.5,31.42,2015,1481.9445,20.4512,31.5631,7.6896,1.4446,1.8841,1232.3135,20.2594,31.3632,7.689644383561644,1.444595616438356,1.8840934246575345,4.27,4.81,1.83,1.29
203,25.50274,87.799702,2015-07-08,2015-11-02,3.8,117.0,2015,BIHAR,KATIHAR,D104,BARARI,25.5,87.5,30.08,2015,1222.4233,20.6754,31.0739,8.1939,1.3701,1.8282,1466.7419,20.6023,31.1158,8.193878630136986,1.3700852054794521,1.8281531506849313,5.4,4.63,-1.6,-0.83
204,25.50274,87.799702,2015-07-10,2015-12-11,4.2,154.0,2015,BIHAR,KATIHAR,D104,BARARI,25.5,87.5,30.08,2015,1222.4233,20.6754,31.0739,8.1939,1.3701,1.8282,1466.7419,20.6023,31.1158,8.193878630136986,1.3700852054794521,1.8281531506849313,5.4,4.63,-1.2,-0.43
205,25.50274,87.799702,2015-07-12,2015-11-18,4.5,129.0,2015,BIHAR,KATIHAR,D104,BARARI,25.5,87.5,30.08,2015,1222.4233,20.6754,31.0739,8.1939,1.3701,1.8282,1466.7419,20.6023,31.1158,8.193878630136986,1.3700852054794521,1.8281531506849313,5.4,4.63,-0.9,-0.13
206,25.50274,87.799702,2015-07-10,2015-11-15,5.0,128.0,2015,BIHAR,KATIHAR,D104,BARARI,25.5,87.5,30.08,2015,1222.4233,20.6754,31.0739,8.1939,1.3701,1.8282,1466.7419,20.6023,31.1158,8.193878630136986,1.3700852054794521,1.8281531506849313,5.4,4.63,-0.4,0.37
207,25.50274,87.799702,2015-07-15,2015-11-20,5.5,128.0,2015,BIHAR,KATIHAR,D104,BARARI,25.5,87.5,30.08,2015,1222.4233,20.6754,31.0739,8.1939,1.3701,1.8282,1466.7419,20.6023,31.1158,8.193878630136986,1.3700852054794521,1.8281531506849313,5.4,4.63,0.1,0.87
208,25.50274,87.799702,2015-07-18,2015-11-22,4.0,127.0,2015,BIHAR,KATIHAR,D104,BARARI,25.5,87.5,30.08,2015,1222.4233,20.6754,31.0739,8.1939,1.3701,1.8282,1466.7419,20.6023,31.1158,8.193878630136986,1.3700852054794521,1.8281531506849313,5.4,4.63,-1.4,-0.63
209,25.50274,87.799702,2015-07-08,2015-11-15,4.2,130.0,2015,BIHAR,KATIHAR,D104,BARARI,25.5,87.5,30.08,2015,1222.4233,20.6754,31.0739,8.1939,1.3701,1.8282,1466.7419,20.6023,31.1158,8.193878630136986,1.3700852054794521,1.8281531506849313,5.4,4.63,-1.2,-0.43
210,25.50274,87.799702,2015-07-16,2015-11-20,4.5,127.0,2015,BIHAR,KATIHAR,D104,BARARI,25.5,87.5,30.08,2015,1222.4233,20.6754,31.0739,8.1939,1.3701,1.8282,1466.7419,20.6023,31.1158,8.193878630136986,1.3700852054794521,1.8281531506849313,5.4,4.63,-0.9,-0.13
211,25.50274,87.799702,2015-07-19,2015-11-22,3.8,126.0,2015,BIHAR,KATIHAR,D104,BARARI,25.5,87.5,30.08,2015,1222.4233,20.6754,31.0739,8.1939,1.3701,1.8282,1466.7419,20.6023,31.1158,8.193878630136986,1.3700852054794521,1.8281531506849313,5.4,4.63,-1.6,-0.83
212,25.50274,87.799702,2015-07-20,2015-11-25,4.2,128.0,2015,BIHAR,KATIHAR,D104,BARARI,25.5,87.5,30.08,2015,1222.4233,20.6754,31.0739,8.1939,1.3701,1.8282,1466.7419,20.6023,31.1158,8.193878630136986,1.3700852054794521,1.8281531506849313,5.4,4.63,-1.2,-0.43
213,25.54597,87.626038,2015-07-14,2015-11-18,5.0,127.0,2015,BIHAR,KATIHAR,D104,BARARI,25.5,87.5,13.64,2015,1222.4233,20.6754,31.0739,8.1939,1.3701,1.8282,1466.7419,20.6023,31.1158,8.193878630136986,1.3700852054794521,1.8281531506849313,5.4,4.63,-0.4,0.37
214,25.54597,87.626038,2015-07-14,2015-11-20,4.7,129.0,2015,BIHAR,KATIHAR,D104,BARARI,25.5,87.5,13.64,2015,1222.4233,20.6754,31.0739,8.1939,1.3701,1.8282,1466.7419,20.6023,31.1158,8.193878630136986,1.3700852054794521,1.8281531506849313,5.4,4.63,-0.7,0.07
215,25.54597,87.626038,2015-07-06,2015-12-11,4.8,158.0,2015,BIHAR,KATIHAR,D104,BARARI,25.5,87.5,13.64,2015,1222.4233,20.6754,31.0739,8.1939,1.3701,1.8282,1466.7419,20.6023,31.1158,8.193878630136986,1.3700852054794521,1.8281531506849313,5.4,4.63,-0.6,0.17
216,25.54597,87.626038,2015-07-16,2015-11-21,4.5,128.0,2015,BIHAR,KATIHAR,D104,BARARI,25.5,87.5,13.64,2015,1222.4233,20.6754,31.0739,8.1939,1.3701,1.8282,1466.7419,20.6023,31.1158,8.193878630136986,1.3700852054794521,1.8281531506849313,5.4,4.63,-0.9,-0.13
217,25.54597,87.626038,2015-07-08,2015-12-11,4.2,156.0,2015,BIHAR,KATIHAR,D104,BARARI,25.5,87.5,13.64,2015,1222.4233,20.6754,31.0739,8.1939,1.3701,1.8282,1466.7419,20.6023,31.1158,8.193878630136986,1.3700852054794521,1.8281531506849313,5.4,4.63,-1.2,-0.43
218,25.54597,87.626038,2015-07-20,2015-11-25,4.6,128.0,2015,BIHAR,KATIHAR,D104,BARARI,25.5,87.5,13.64,2015,1222.4233,20.6754,31.0739,8.1939,1.3701,1.8282,1466.7419,20.6023,31.1158,8.193878630136986,1.3700852054794521,1.8281531506849313,5.4,4.63,-0.8,-0.03
219,25.54597,87.626038,2015-07-18,2015-11-20,4.5,125.0,2015,BIHAR,KATIHAR,D104,BARARI,25.5,87.5,13.64,2015,1222.4233,20.6754,31.0739,8.1939,1.3701,1.8282,1466.7419,20.6023,31.1158,8.193878630136986,1.3700852054794521,1.8281531506849313,5.4,4.63,-0.9,-0.13
220,25.54597,87.626038,2015-07-19,2015-11-22,4.6,126.0,2015,BIHAR,KATIHAR,D104,BARARI,25.5,87.5,13.64,2015,1222.4233,20.6754,31.0739,8.1939,1.3701,1.8282,1466.7419,20.6023,31.1158,8.193878630136986,1.3700852054794521,1.8281531506849313,5.4,4.63,-0.8,-0.03
221,25.54597,87.626038,2015-07-20,2015-11-22,4.4,125.0,2015,BIHAR,KATIHAR,D104,BARARI,25.5,87.5,13.64,2015,1222.4233,20.6754,31.0739,8.1939,1.3701,1.8282,1466.7419,20.6023,31.1158,8.193878630136986,1.3700852054794521,1.8281531506849313,5.4,4.63,-1.0,-0.23
222,25.54597,87.626038,2015-07-17,2015-11-19,4.8,125.0,2015,BIHAR,KATIHAR,D104,BARARI,25.5,87.5,13.64,2015,1222.4233,20.6754,31.0739,8.1939,1.3701,1.8282,1466.7419,20.6023,31.1158,8.193878630136986,1.3700852054794521,1.8281531506849313,5.4,4.63,-0.6,0.17
223,25.53246,87.712354,2015-07-18,2015-11-22,4.0,127.0,2015,BIHAR,KATIHAR,D104,BARARI,25.5,87.5,21.61,2015,1222.4233,20.6754,31.0739,8.1939,1.3701,1.8282,1466.7419,20.6023,31.1158,8.193878630136986,1.3700852054794521,1.8281531506849313,5.4,4.63,-1.4,-0.63
224,25.53246,87.712354,2015-07-08,2015-11-15,4.2,130.0,2015,BIHAR,KATIHAR,D104,BARARI,25.5,87.5,21.61,2015,1222.4233,20.6754,31.0739,8.1939,1.3701,1.8282,1466.7419,20.6023,31.1158,8.193878630136986,1.3700852054794521,1.8281531506849313,5.4,4.63,-1.2,-0.43
225,25.53246,87.712354,2015-07-16,2015-11-20,4.5,127.0,2015,BIHAR,KATIHAR,D104,BARARI,25.5,87.5,21.61,2015,1222.4233,20.6754,31.0739,8.1939,1.3701,1.8282,1466.7419,20.6023,31.1158,8.193878630136986,1.3700852054794521,1.8281531506849313,5.4,4.63,-0.9,-0.13
226,25.53246,87.712354,2015-07-19,2015-11-22,3.8,126.0,2015,BIHAR,KATIHAR,D104,BARARI,25.5,87.5,21.61,2015,1222.4233,20.6754,31.0739,8.1939,1.3701,1.8282,1466.7419,20.6023,31.1158,8.193878630136986,1.3700852054794521,1.8281531506849313,5.4,4.63,-1.6,-0.83
227,25.53246,87.712354,2015-07-20,2015-11-25,4.2,128.0,2015,BIHAR,KATIHAR,D104,BARARI,25.5,87.5,21.61,2015,1222.4233,20.6754,31.0739,8.1939,1.3701,1.8282,1466.7419,20.6023,31.1158,8.193878630136986,1.3700852054794521,1.8281531506849313,5.4,4.63,-1.2,-0.43
228,26.01497,86.79386111,2015-07-10,2015-11-15,4.0,128.0,2015,BIHAR,MADHUBANI,D109,BENIPATTI,26.5,86.5,61.38,2015,1043.8919,20.2406,31.1888,7.1915,1.3406,1.8639,1350.1591,19.9402,30.8048,7.191464109589041,1.3406158904109589,1.8638512328767127,5.52,4.97,-1.52,-0.97
229,26.01511,86.79255556,2015-08-07,2015-11-21,4.2,106.0,2015,BIHAR,MADHUBANI,D109,BENIPATTI,26.5,86.5,61.3,2015,1043.8919,20.2406,31.1888,7.1915,1.3406,1.8639,1350.1591,19.9402,30.8048,7.191464109589041,1.3406158904109589,1.8638512328767127,5.52,4.97,-1.32,-0.77
230,26.01661,86.79111111,2015-07-18,2015-11-20,4.5,125.0,2015,BIHAR,MADHUBANI,D109,BENIPATTI,26.5,86.5,61.09,2015,1043.8919,20.2406,31.1888,7.1915,1.3406,1.8639,1350.1591,19.9402,30.8048,7.191464109589041,1.3406158904109589,1.8638512328767127,5.52,4.97,-1.02,-0.47
231,26.01572,86.79341667,2015-07-10,2015-11-15,5.2,128.0,2015,BIHAR,MADHUBANI,D109,BENIPATTI,26.5,86.5,61.29,2015,1043.8919,20.2406,31.1888,7.1915,1.3406,1.8639,1350.1591,19.9402,30.8048,7.191464109589041,1.3406158904109589,1.8638512328767127,5.52,4.97,-0.32,0.23
232,25.98602,86.79619444,2015-07-20,2015-11-20,5.0,123.0,2015,BIHAR,KHAGARIA,D105,GOGRI,25.5,86.5,61.65,2015,1481.9445,20.4512,31.5631,7.6896,1.4446,1.8841,1232.3135,20.2594,31.3632,7.689644383561644,1.444595616438356,1.8840934246575345,4.27,4.81,0.73,0.19
233,25.986,86.93388889,2015-07-18,2015-11-21,5.2,126.0,2015,BIHAR,KHAGARIA,D105,GOGRI,25.5,86.5,69.35,2015,1481.9445,20.4512,31.5631,7.6896,1.4446,1.8841,1232.3135,20.2594,31.3632,7.689644383561644,1.444595616438356,1.8840934246575345,4.27,4.81,0.93,0.39
234,25.98603,86.79277778,2015-07-20,2015-11-26,4.8,129.0,2015,BIHAR,KHAGARIA,D105,GOGRI,25.5,86.5,61.49,2015,1481.9445,20.4512,31.5631,7.6896,1.4446,1.8841,1232.3135,20.2594,31.3632,7.689644383561644,1.444595616438356,1.8840934246575345,4.27,4.81,0.53,-0.01
235,25.986,86.78533333,2015-07-07,2015-11-15,4.8,131.0,2015,BIHAR,KHAGARIA,D105,GOGRI,25.5,86.5,61.13,2015,1481.9445,20.4512,31.5631,7.6896,1.4446,1.8841,1232.3135,20.2594,31.3632,7.689644383561644,1.444595616438356,1.8840934246575345,4.27,4.81,0.53,-0.01
236,25.98608,86.79569444,2015-07-10,2015-11-15,5.2,128.0,2015,BIHAR,KHAGARIA,D105,GOGRI,25.5,86.5,61.63,2015,1481.9445,20.4512,31.5631,7.6896,1.4446,1.8841,1232.3135,20.2594,31.3632,7.689644383561644,1.444595616438356,1.8840934246575345,4.27,4.81,0.93,0.39
237,25.98572,86.79222222,2015-07-10,2015-11-21,5.4,134.0,2015,BIHAR,KHAGARIA,D105,GOGRI,25.5,86.5,61.43,2015,1481.9445,20.4512,31.5631,7.6896,1.4446,1.8841,1232.3135,20.2594,31.3632,7.689644383561644,1.444595616438356,1.8840934246575345,4.27,4.81,1.13,0.59
238,25.58593,86.73725,2015-07-15,2015-11-20,5.1,128.0,2015,BIHAR,KHAGARIA,D105,GOGRI,25.5,86.5,25.65,2015,1481.9445,20.4512,31.5631,7.6896,1.4446,1.8841,1232.3135,20.2594,31.3632,7.689644383561644,1.444595616438356,1.8840934246575345,4.27,4.81,0.83,0.29
239,25.58593,86.73341667,2015-07-10,2015-12-11,4.8,154.0,2015,BIHAR,KHAGARIA,D105,GOGRI,25.5,86.5,25.29,2015,1481.9445,20.4512,31.5631,7.6896,1.4446,1.8841,1232.3135,20.2594,31.3632,7.689644383561644,1.444595616438356,1.8840934246575345,4.27,4.81,0.53,-0.01
240,25.58608,86.73802778,2015-07-10,2015-11-15,5.3,128.0,2015,BIHAR,KHAGARIA,D105,GOGRI,25.5,86.5,25.73,2015,1481.9445,20.4512,31.5631,7.6896,1.4446,1.8841,1232.3135,20.2594,31.3632,7.689644383561644,1.444595616438356,1.8840934246575345,4.27,4.81,1.03,0.49
241,25.58611,86.73972222,2015-07-18,2015-11-17,5.4,122.0,2015,BIHAR,KHAGARIA,D105,GOGRI,25.5,86.5,25.89,2015,1481.9445,20.4512,31.5631,7.6896,1.4446,1.8841,1232.3135,20.2594,31.3632,7.689644383561644,1.444595616438356,1.8840934246575345,4.27,4.81,1.13,0.59
242,25.66907,86.70238889,2015-07-10,2015-11-18,5.5,131.0,2015,BIHAR,KHAGARIA,D105,GOGRI,25.5,86.5,27.67,2015,1481.9445,20.4512,31.5631,7.6896,1.4446,1.8841,1232.3135,20.2594,31.3632,7.689644383561644,1.444595616438356,1.8840934246575345,4.27,4.81,1.23,0.69
243,25.669,86.70235,2015-07-15,2015-11-20,5.6,128.0,2015,BIHAR,KHAGARIA,D105,GOGRI,25.5,86.5,27.66,2015,1481.9445,20.4512,31.5631,7.6896,1.4446,1.8841,1232.3135,20.2594,31.3632,7.689644383561644,1.444595616438356,1.8840934246575345,4.27,4.81,1.33,0.79
244,25.669,86.70233056,2015-07-12,2015-11-28,5.0,139.0,2015,BIHAR,KHAGARIA,D105,GOGRI,25.5,86.5,27.66,2015,1481.9445,20.4512,31.5631,7.6896,1.4446,1.8841,1232.3135,20.2594,31.3632,7.689644383561644,1.444595616438356,1.8840934246575345,4.27,4.81,0.73,0.19
245,25.66897,86.70211111,2015-07-23,2015-11-21,4.5,121.0,2015,BIHAR,KHAGARIA,D105,GOGRI,25.5,86.5,27.64,2015,1481.9445,20.4512,31.5631,7.6896,1.4446,1.8841,1232.3135,20.2594,31.3632,7.689644383561644,1.444595616438356,1.8840934246575345,4.27,4.81,0.23,-0.31
246,25.66934,86.70269444,2015-07-23,2015-11-25,4.8,125.0,2015,BIHAR,KHAGARIA,D105,GOGRI,25.5,86.5,27.71,2015,1481.9445,20.4512,31.5631,7.6896,1.4446,1.8841,1232.3135,20.2594,31.3632,7.689644383561644,1.444595616438356,1.8840934246575345,4.27,4.81,0.53,-0.01
247,25.66895,86.70213333,2015-07-15,2015-11-18,5.2,126.0,2015,BIHAR,KHAGARIA,D105,GOGRI,25.5,86.5,27.64,2015,1481.9445,20.4512,31.5631,7.6896,1.4446,1.8841,1232.3135,20.2594,31.3632,7.689644383561644,1.444595616438356,1.8840934246575345,4.27,4.81,0.93,0.39
248,26.31879,86.642,2015-06-10,2015-11-20,3.0,163.0,2015,BIHAR,MADHUBANI,D109,BENIPATTI,26.5,86.5,24.62,2015,1043.8919,20.2406,31.1888,7.1915,1.3406,1.8639,1350.1591,19.9402,30.8048,7.191464109589041,1.3406158904109589,1.8638512328767127,5.52,4.97,-2.52,-1.97
249,26.31944,86.63219444,2015-07-25,2015-12-11,3.5,139.0,2015,BIHAR,MADHUBANI,D109,BENIPATTI,26.5,86.5,24.01,2015,1043.8919,20.2406,31.1888,7.1915,1.3406,1.8639,1350.1591,19.9402,30.8048,7.191464109589041,1.3406158904109589,1.8638512328767127,5.52,4.97,-2.02,-1.47
250,26.31831,86.63155556,2015-07-10,2015-11-20,4.1,133.0,2015,BIHAR,MADHUBANI,D109,BENIPATTI,26.5,86.5,24.08,2015,1043.8919,20.2406,31.1888,7.1915,1.3406,1.8639,1350.1591,19.9402,30.8048,7.191464109589041,1.3406158904109589,1.8638512328767127,5.52,4.97,-1.42,-0.87
251,26.31747,86.63083333,2015-07-10,2015-11-20,5.2,133.0,2015,BIHAR,MADHUBANI,D109,BENIPATTI,26.5,86.5,24.12,2015,1043.8919,20.2406,31.1888,7.1915,1.3406,1.8639,1350.1591,19.9402,30.8048,7.191464109589041,1.3406158904109589,1.8638512328767127,5.52,4.97,-0.32,0.23
252,26.31814,86.63452778,2015-07-25,2015-12-11,3.8,139.0,2015,BIHAR,MADHUBANI,D109,BENIPATTI,26.5,86.5,24.26,2015,1043.8919,20.2406,31.1888,7.1915,1.3406,1.8639,1350.1591,19.9402,30.8048,7.191464109589041,1.3406158904109589,1.8638512328767127,5.52,4.97,-1.72,-1.17
253,26.32139,86.61875,2015-07-10,2015-11-20,4.3,133.0,2015,BIHAR,MADHUBANI,D109,BENIPATTI,26.5,86.5,23.11,2015,1043.8919,20.2406,31.1888,7.1915,1.3406,1.8639,1350.1591,19.9402,30.8048,7.191464109589041,1.3406158904109589,1.8638512328767127,5.52,4.97,-1.22,-0.67
254,26.3185,86.63911111,2015-06-10,2015-11-20,4.8,163.0,2015,BIHAR,MADHUBANI,D109,BENIPATTI,26.5,86.5,24.48,2015,1043.8919,20.2406,31.1888,7.1915,1.3406,1.8639,1350.1591,19.9402,30.8048,7.191464109589041,1.3406158904109589,1.8638512328767127,5.52,4.97,-0.72,-0.17
255,26.31855,86.63802778,2015-07-25,2015-12-11,4.6,139.0,2015,BIHAR,MADHUBANI,D109,BENIPATTI,26.5,86.5,24.41,2015,1043.8919,20.2406,31.1888,7.1915,1.3406,1.8639,1350.1591,19.9402,30.8048,7.191464109589041,1.3406158904109589,1.8638512328767127,5.52,4.97,-0.92,-0.37
256,26.31864,86.63936111,2015-07-10,2015-11-20,5.2,133.0,2015,BIHAR,MADHUBANI,D109,BENIPATTI,26.5,86.5,24.48,2015,1043.8919,20.2406,31.1888,7.1915,1.3406,1.8639,1350.1591,19.9402,30.8048,7.191464109589041,1.3406158904109589,1.8638512328767127,5.52,4.97,-0.32,0.23
257,26.31851,86.64119444,2015-07-10,2015-11-20,4.7,133.0,2015,BIHAR,MADHUBANI,D109,BENIPATTI,26.5,86.5,24.6,2015,1043.8919,20.2406,31.1888,7.1915,1.3406,1.8639,1350.1591,19.9402,30.8048,7.191464109589041,1.3406158904109589,1.8638512328767127,5.52,4.97,-0.82,-0.27
258,26.34128,87.00133333,2015-07-28,2015-12-03,4.5,128.0,2015,BIHAR,MADHUBANI,D109,BENIPATTI,26.5,86.5,52.95,2015,1043.8919,20.2406,31.1888,7.1915,1.3406,1.8639,1350.1591,19.9402,30.8048,7.191464109589041,1.3406158904109589,1.8638512328767127,5.52,4.97,-1.02,-0.47
259,26.3395,87.00061111,2015-07-25,2015-12-02,4.6,130.0,2015,BIHAR,MADHUBANI,D109,BENIPATTI,26.5,86.5,52.95,2015,1043.8919,20.2406,31.1888,7.1915,1.3406,1.8639,1350.1591,19.9402,30.8048,7.191464109589041,1.3406158904109589,1.8638512328767127,5.52,4.97,-0.92,-0.37
260,26.33639,87.00002778,2015-07-22,2015-11-29,4.2,130.0,2015,BIHAR,MADHUBANI,D109,BENIPATTI,26.5,86.5,53.01,2015,1043.8919,20.2406,31.1888,7.1915,1.3406,1.8639,1350.1591,19.9402,30.8048,7.191464109589041,1.3406158904109589,1.8638512328767127,5.52,4.97,-1.32,-0.77
261,26.33858,86.98596944,2015-07-25,2015-12-02,5.0,130.0,2015,BIHAR,MADHUBANI,D109,BENIPATTI,26.5,86.5,51.62,2015,1043.8919,20.2406,31.1888,7.1915,1.3406,1.8639,1350.1591,19.9402,30.8048,7.191464109589041,1.3406158904109589,1.8638512328767127,5.52,4.97,-0.52,0.03
262,26.33359,86.98583333,2015-07-30,2015-12-04,4.7,127.0,2015,BIHAR,MADHUBANI,D109,BENIPATTI,26.5,86.5,51.8,2015,1043.8919,20.2406,31.1888,7.1915,1.3406,1.8639,1350.1591,19.9402,30.8048,7.191464109589041,1.3406158904109589,1.8638512328767127,5.52,4.97,-0.82,-0.27
263,26.31938,86.98533889,2015-07-29,2015-12-04,5.3,128.0,2015,BIHAR,MADHUBANI,D109,BENIPATTI,26.5,86.5,52.34,2015,1043.8919,20.2406,31.1888,7.1915,1.3406,1.8639,1350.1591,19.9402,30.8048,7.191464109589041,1.3406158904109589,1.8638512328767127,5.52,4.97,-0.22,0.33
264,26.33828,86.98568333,2015-07-15,2015-11-30,4.1,138.0,2015,BIHAR,MADHUBANI,D109,BENIPATTI,26.5,86.5,51.6,2015,1043.8919,20.2406,31.1888,7.1915,1.3406,1.8639,1350.1591,19.9402,30.8048,7.191464109589041,1.3406158904109589,1.8638512328767127,5.52,4.97,-1.42,-0.87
265,26.33953,86.98584722,2015-07-12,2015-11-29,4.3,140.0,2015,BIHAR,MADHUBANI,D109,BENIPATTI,26.5,86.5,51.57,2015,1043.8919,20.2406,31.1888,7.1915,1.3406,1.8639,1350.1591,19.9402,30.8048,7.191464109589041,1.3406158904109589,1.8638512328767127,5.52,4.97,-1.22,-0.67
266,26.34142,86.98610833,2015-08-02,2015-12-05,4.8,125.0,2015,BIHAR,MADHUBANI,D109,BENIPATTI,26.5,86.5,51.52,2015,1043.8919,20.2406,31.1888,7.1915,1.3406,1.8639,1350.1591,19.9402,30.8048,7.191464109589041,1.3406158904109589,1.8638512328767127,5.52,4.97,-0.72,-0.17
267,26.34506,87.00338889,2015-07-29,2015-12-04,5.3,128.0,2015,BIHAR,MADHUBANI,D109,BENIPATTI,26.5,86.5,53.01,2015,1043.8919,20.2406,31.1888,7.1915,1.3406,1.8639,1350.1591,19.9402,30.8048,7.191464109589041,1.3406158904109589,1.8638512328767127,5.52,4.97,-0.22,0.33
268,24.83094,84.335525,2015-07-10,2015-11-28,5.8,141.0,2015,BIHAR,GAYA,D100,DUMARIA,24.5,84.5,40.38,2015,878.0458,19.6373,31.9182,5.6471,1.5722,2.0427,1027.8697,19.0633,31.4761,5.64707808219178,1.5722123287671235,2.0426972602739726,5.55,5.14,0.25,0.66
269,24.81863,84.33538056,2015-07-15,2015-11-30,5.4,138.0,2015,BIHAR,GAYA,D100,DUMARIA,24.5,84.5,39.14,2015,878.0458,19.6373,31.9182,5.6471,1.5722,2.0427,1027.8697,19.0633,31.4761,5.64707808219178,1.5722123287671235,2.0426972602739726,5.55,5.14,-0.15,0.26
270,24.81872,84.33533333,2015-07-15,2015-11-28,5.2,136.0,2015,BIHAR,GAYA,D100,DUMARIA,24.5,84.5,39.15,2015,878.0458,19.6373,31.9182,5.6471,1.5722,2.0427,1027.8697,19.0633,31.4761,5.64707808219178,1.5722123287671235,2.0426972602739726,5.55,5.14,-0.35,0.06
271,24.8187,84.33897222,2015-07-20,2015-11-24,5.5,127.0,2015,BIHAR,GAYA,D100,DUMARIA,24.5,84.5,39.0,2015,878.0458,19.6373,31.9182,5.6471,1.5722,2.0427,1027.8697,19.0633,31.4761,5.64707808219178,1.5722123287671235,2.0426972602739726,5.55,5.14,-0.05,0.36
272,24.81937,84.33532222,2015-07-26,2015-11-20,5.2,117.0,2015,BIHAR,GAYA,D100,DUMARIA,24.5,84.5,39.22,2015,878.0458,19.6373,31.9182,5.6471,1.5722,2.0427,1027.8697,19.0633,31.4761,5.64707808219178,1.5722123287671235,2.0426972602739726,5.55,5.14,-0.35,0.06
273,24.83844,84.33526667,2015-07-30,2015-11-26,5.8,119.0,2015,BIHAR,GAYA,D100,DUMARIA,24.5,84.5,41.15,2015,878.0458,19.6373,31.9182,5.6471,1.5722,2.0427,1027.8697,19.0633,31.4761,5.64707808219178,1.5722123287671235,2.0426972602739726,5.55,5.14,0.25,0.66
274,24.83917,84.33533333,2015-07-25,2015-11-25,5.6,123.0,2015,BIHAR,GAYA,D100,DUMARIA,24.5,84.5,41.22,2015,878.0458,19.6373,31.9182,5.6471,1.5722,2.0427,1027.8697,19.0633,31.4761,5.64707808219178,1.5722123287671235,2.0426972602739726,5.55,5.14,0.05,0.46
275,24.83961,84.34969444,2015-07-20,2015-11-22,5.8,125.0,2015,BIHAR,GAYA,D100,DUMARIA,24.5,84.5,40.7,2015,878.0458,19.6373,31.9182,5.6471,1.5722,2.0427,1027.8697,19.0633,31.4761,5.64707808219178,1.5722123287671235,2.0426972602739726,5.55,5.14,0.25,0.66
276,24.83978,84.34833333,2015-07-18,2015-11-15,5.6,120.0,2015,BIHAR,GAYA,D100,DUMARIA,24.5,84.5,40.77,2015,878.0458,19.6373,31.9182,5.6471,1.5722,2.0427,1027.8697,19.0633,31.4761,5.64707808219178,1.5722123287671235,2.0426972602739726,5.55,5.14,0.05,0.46
277,24.84014,84.33541667,2015-07-18,2015-11-24,5.6,129.0,2015,BIHAR,GAYA,D100,DUMARIA,24.5,84.5,41.32,2015,878.0458,19.6373,31.9182,5.6471,1.5722,2.0427,1027.8697,19.0633,31.4761,5.64707808219178,1.5722123287671235,2.0426972602739726,5.55,5.14,0.05,0.46
278,24.84575,84.33536111,2015-07-30,2015-11-26,5.8,119.0,2015,BIHAR,GAYA,D100,DUMARIA,24.5,84.5,41.89,2015,878.0458,19.6373,31.9182,5.6471,1.5722,2.0427,1027.8697,19.0633,31.4761,5.64707808219178,1.5722123287671235,2.0426972602739726,5.55,5.14,0.25,0.66
279,24.84608,84.34980556,2015-07-25,2015-11-27,5.7,125.0,2015,BIHAR,GAYA,D100,DUMARIA,24.5,84.5,41.37,2015,878.0458,19.6373,31.9182,5.6471,1.5722,2.0427,1027.8697,19.0633,31.4761,5.64707808219178,1.5722123287671235,2.0426972602739726,5.55,5.14,0.15,0.56
280,24.84703,84.33545278,2015-07-20,2015-11-22,5.8,125.0,2015,BIHAR,GAYA,D100,DUMARIA,24.5,84.5,42.02,2015,878.0458,19.6373,31.9182,5.6471,1.5722,2.0427,1027.8697,19.0633,31.4761,5.64707808219178,1.5722123287671235,2.0426972602739726,5.55,5.14,0.25,0.66
281,24.96514,87.00211389,2015-07-15,2015-11-20,4.5,128.0,2015,BIHAR,JAMUI,D103,CHAKAI,24.5,86.5,72.43,2015,1125.3389,20.5654,31.6973,6.5689,1.5217,1.9554,1214.9216,20.4248,31.4898,6.56887205479452,1.5216945205479453,1.9553660273972602,4.81,4.55,-0.31,-0.05
282,24.96486,87.00180833,2015-07-15,2015-11-10,5.0,118.0,2015,BIHAR,JAMUI,D103,CHAKAI,24.5,86.5,72.39,2015,1125.3389,20.5654,31.6973,6.5689,1.5217,1.9554,1214.9216,20.4248,31.4898,6.56887205479452,1.5216945205479453,1.9553660273972602,4.81,4.55,0.19,0.45
283,24.96381,87.01444444,2015-07-20,2015-11-25,5.0,128.0,2015,BIHAR,JAMUI,D103,CHAKAI,24.5,86.5,73.21,2015,1125.3389,20.5654,31.6973,6.5689,1.5217,1.9554,1214.9216,20.4248,31.4898,6.56887205479452,1.5216945205479453,1.9553660273972602,4.81,4.55,0.19,0.45
284,24.96117,87.01638889,2015-07-05,2015-11-15,4.5,133.0,2015,BIHAR,JAMUI,D103,CHAKAI,24.5,86.5,73.14,2015,1125.3389,20.5654,31.6973,6.5689,1.5217,1.9554,1214.9216,20.4248,31.4898,6.56887205479452,1.5216945205479453,1.9553660273972602,4.81,4.55,-0.31,-0.05
285,24.96575,87.00188056,2015-07-10,2015-11-15,4.5,128.0,2015,BIHAR,JAMUI,D103,CHAKAI,24.5,86.5,72.47,2015,1125.3389,20.5654,31.6973,6.5689,1.5217,1.9554,1214.9216,20.4248,31.4898,6.56887205479452,1.5216945205479453,1.9553660273972602,4.81,4.55,-0.31,-0.05
286,24.96536,87.00186667,2015-07-10,2015-11-25,5.2,138.0,2015,BIHAR,JAMUI,D103,CHAKAI,24.5,86.5,72.43,2015,1125.3389,20.5654,31.6973,6.5689,1.5217,1.9554,1214.9216,20.4248,31.4898,6.56887205479452,1.5216945205479453,1.9553660273972602,4.81,4.55,0.39,0.65
287,24.96381,87.00195,2015-07-10,2015-11-15,4.5,128.0,2015,BIHAR,JAMUI,D103,CHAKAI,24.5,86.5,72.32,2015,1125.3389,20.5654,31.6973,6.5689,1.5217,1.9554,1214.9216,20.4248,31.4898,6.56887205479452,1.5216945205479453,1.9553660273972602,4.81,4.55,-0.31,-0.05
288,24.94786,87.98563056,2015-07-15,2015-11-20,5.0,128.0,2015,BIHAR,KATIHAR,D104,BARARI,25.5,87.5,78.46,2015,1222.4233,20.6754,31.0739,8.1939,1.3701,1.8282,1466.7419,20.6023,31.1158,8.193878630136986,1.3700852054794521,1.8281531506849313,5.4,4.63,-0.4,0.37
289,24.94744,87.98559722,2015-07-15,2015-11-10,5.8,118.0,2015,BIHAR,KATIHAR,D104,BARARI,25.5,87.5,78.49,2015,1222.4233,20.6754,31.0739,8.1939,1.3701,1.8282,1466.7419,20.6023,31.1158,8.193878630136986,1.3700852054794521,1.8281531506849313,5.4,4.63,0.4,1.17
290,24.94447,87.98533889,2015-07-10,2015-11-25,5.2,138.0,2015,BIHAR,KATIHAR,D104,BARARI,25.5,87.5,78.74,2015,1222.4233,20.6754,31.0739,8.1939,1.3701,1.8282,1466.7419,20.6023,31.1158,8.193878630136986,1.3700852054794521,1.8281531506849313,5.4,4.63,-0.2,0.57
291,24.90173,86.88521944,2015-06-10,2015-11-20,6.0,163.0,2015,BIHAR,JAMUI,D103,CHAKAI,24.5,86.5,59.24,2015,1125.3389,20.5654,31.6973,6.5689,1.5217,1.9554,1214.9216,20.4248,31.4898,6.56887205479452,1.5216945205479453,1.9553660273972602,4.81,4.55,1.19,1.45
292,24.90185,86.88522222,2015-07-10,2015-11-15,5.6,128.0,2015,BIHAR,JAMUI,D103,CHAKAI,24.5,86.5,59.25,2015,1125.3389,20.5654,31.6973,6.5689,1.5217,1.9554,1214.9216,20.4248,31.4898,6.56887205479452,1.5216945205479453,1.9553660273972602,4.81,4.55,0.79,1.05
293,24.90217,86.89888889,2015-06-20,2015-11-25,5.4,158.0,2015,BIHAR,JAMUI,D103,CHAKAI,24.5,86.5,60.2,2015,1125.3389,20.5654,31.6973,6.5689,1.5217,1.9554,1214.9216,20.4248,31.4898,6.56887205479452,1.5216945205479453,1.9553660273972602,4.81,4.55,0.59,0.85
294,24.90178,86.88516667,2015-06-25,2015-11-15,5.6,143.0,2015,BIHAR,JAMUI,D103,CHAKAI,24.5,86.5,59.24,2015,1125.3389,20.5654,31.6973,6.5689,1.5217,1.9554,1214.9216,20.4248,31.4898,6.56887205479452,1.5216945205479453,1.9553660273972602,4.81,4.55,0.79,1.05
295,24.91444,86.89944444,2015-06-20,2015-11-15,6.1,148.0,2015,BIHAR,JAMUI,D103,CHAKAI,24.5,86.5,61.25,2015,1125.3389,20.5654,31.6973,6.5689,1.5217,1.9554,1214.9216,20.4248,31.4898,6.56887205479452,1.5216945205479453,1.9553660273972602,4.81,4.55,1.29,1.55
296,24.902,86.88557222,2015-06-30,2015-11-25,5.9,148.0,2015,BIHAR,JAMUI,D103,CHAKAI,24.5,86.5,59.29,2015,1125.3389,20.5654,31.6973,6.5689,1.5217,1.9554,1214.9216,20.4248,31.4898,6.56887205479452,1.5216945205479453,1.9553660273972602,4.81,4.55,1.09,1.35
297,24.91442,86.90025,2015-06-15,2015-11-20,5.7,158.0,2015,BIHAR,JAMUI,D103,CHAKAI,24.5,86.5,61.3,2015,1125.3389,20.5654,31.6973,6.5689,1.5217,1.9554,1214.9216,20.4248,31.4898,6.56887205479452,1.5216945205479453,1.9553660273972602,4.81,4.55,0.89,1.15
298,24.90269,86.90256667,2015-06-25,2015-11-15,6.2,143.0,2015,BIHAR,JAMUI,D103,CHAKAI,24.5,86.5,60.49,2015,1125.3389,20.5654,31.6973,6.5689,1.5217,1.9554,1214.9216,20.4248,31.4898,6.56887205479452,1.5216945205479453,1.9553660273972602,4.81,4.55,1.39,1.65
299,24.90177,86.88521944,2015-06-23,2015-11-25,6.1,155.0,2015,BIHAR,JAMUI,D103,CHAKAI,24.5,86.5,59.25,2015,1125.3389,20.5654,31.6973,6.5689,1.5217,1.9554,1214.9216,20.4248,31.4898,6.56887205479452,1.5216945205479453,1.9553660273972602,4.81,4.55,1.29,1.55
300,24.90269,86.91066667,2015-07-07,2015-11-28,6.2,144.0,2015,BIHAR,JAMUI,D103,CHAKAI,24.5,86.5,61.04,2015,1125.3389,20.5654,31.6973,6.5689,1.5217,1.9554,1214.9216,20.4248,31.4898,6.56887205479452,1.5216945205479453,1.9553660273972602,4.81,4.55,1.39,1.65
301,24.068,87.16508333,2015-07-10,2015-11-18,5.0,131.0,2015,BIHAR,JAMUI,D103,CHAKAI,24.5,86.5,82.77,2015,1125.3389,20.5654,31.6973,6.5689,1.5217,1.9554,1214.9216,20.4248,31.4898,6.56887205479452,1.5216945205479453,1.9553660273972602,4.81,4.55,0.19,0.45
302,24.06717,87.16469444,2015-07-20,2015-12-10,5.3,143.0,2015,BIHAR,JAMUI,D103,CHAKAI,24.5,86.5,82.8,2015,1125.3389,20.5654,31.6973,6.5689,1.5217,1.9554,1214.9216,20.4248,31.4898,6.56887205479452,1.5216945205479453,1.9553660273972602,4.81,4.55,0.49,0.75
303,24.06672,87.16413889,2015-06-20,2015-11-20,5.2,153.0,2015,BIHAR,JAMUI,D103,CHAKAI,24.5,86.5,82.78,2015,1125.3389,20.5654,31.6973,6.5689,1.5217,1.9554,1214.9216,20.4248,31.4898,6.56887205479452,1.5216945205479453,1.9553660273972602,4.81,4.55,0.39,0.65
304,24.06692,87.16408333,2015-07-05,2015-11-25,5.8,143.0,2015,BIHAR,JAMUI,D103,CHAKAI,24.5,86.5,82.76,2015,1125.3389,20.5654,31.6973,6.5689,1.5217,1.9554,1214.9216,20.4248,31.4898,6.56887205479452,1.5216945205479453,1.9553660273972602,4.81,4.55,0.99,1.25
305,24.07044,87.15170556,2015-07-30,2015-11-30,5.2,123.0,2015,BIHAR,JAMUI,D103,CHAKAI,24.5,86.5,81.51,2015,1125.3389,20.5654,31.6973,6.5689,1.5217,1.9554,1214.9216,20.4248,31.4898,6.56887205479452,1.5216945205479453,1.9553660273972602,4.81,4.55,0.39,0.65
306,24.07067,87.151675,2015-07-15,2015-12-05,5.3,143.0,2015,BIHAR,JAMUI,D103,CHAKAI,24.5,86.5,81.5,2015,1125.3389,20.5654,31.6973,6.5689,1.5217,1.9554,1214.9216,20.4248,31.4898,6.56887205479452,1.5216945205479453,1.9553660273972602,4.81,4.55,0.49,0.75
307,24.07081,87.15165278,2015-07-10,2015-11-20,5.5,133.0,2015,BIHAR,JAMUI,D103,CHAKAI,24.5,86.5,81.49,2015,1125.3389,20.5654,31.6973,6.5689,1.5217,1.9554,1214.9216,20.4248,31.4898,6.56887205479452,1.5216945205479453,1.9553660273972602,4.81,4.55,0.69,0.95
308,24.07164,87.16644444,2015-07-10,2015-11-20,5.6,133.0,2015,BIHAR,JAMUI,D103,CHAKAI,24.5,86.5,82.65,2015,1125.3389,20.5654,31.6973,6.5689,1.5217,1.9554,1214.9216,20.4248,31.4898,6.56887205479452,1.5216945205479453,1.9553660273972602,4.81,4.55,0.79,1.05
309,24.07153,87.151675,2015-07-10,2015-11-20,6.1,133.0,2015,BIHAR,JAMUI,D103,CHAKAI,24.5,86.5,81.44,2015,1125.3389,20.5654,31.6973,6.5689,1.5217,1.9554,1214.9216,20.4248,31.4898,6.56887205479452,1.5216945205479453,1.9553660273972602,4.81,4.55,1.29,1.55
310,24.06714,87.16652778,2015-07-15,2015-11-20,5.3,128.0,2015,BIHAR,JAMUI,D103,CHAKAI,24.5,86.5,82.95,2015,1125.3389,20.5654,31.6973,6.5689,1.5217,1.9554,1214.9216,20.4248,31.4898,6.56887205479452,1.5216945205479453,1.9553660273972602,4.81,4.55,0.49,0.75
311,25.48517,84.65027778,2014-07-20,2014-11-30,5.2,133.0,2014,BIHAR,BHOJPUR,D97,PIRO,25.5,84.5,15.17,2014,687.1304,19.2067,31.253,5.3774,1.5725,2.0844,938.0157,19.2817,31.5265,5.377426301369863,1.572544383561644,2.0844279452054795,4.48,5.4,0.72,-0.2
312,25.48847,85.63577222,2014-07-21,2014-12-02,5.0,134.0,2014,BIHAR,VAISHALI,D127,RAGHOPUR,25.5,85.5,13.69,2014,1129.0873,19.627,31.3421,6.071,1.53,2.0302,1150.4442,19.637,31.4515,6.071035616438356,1.5299501369863013,2.030226575342466,4.96,4.98,0.04,0.02
313,25.46926,84.63555833,2014-07-26,2014-11-20,5.6,117.0,2014,BIHAR,BHOJPUR,D97,PIRO,25.5,84.5,14.03,2014,687.1304,19.2067,31.253,5.3774,1.5725,2.0844,938.0157,19.2817,31.5265,5.377426301369863,1.572544383561644,2.0844279452054795,4.48,5.4,1.12,0.2
314,25.48444,84.63599167,2014-08-04,2014-11-26,5.2,114.0,2014,BIHAR,BHOJPUR,D97,PIRO,25.5,84.5,13.76,2014,687.1304,19.2067,31.253,5.3774,1.5725,2.0844,938.0157,19.2817,31.5265,5.377426301369863,1.572544383561644,2.0844279452054795,4.48,5.4,0.72,-0.2
315,25.48469,84.65166667,2014-08-03,2014-11-25,5.8,114.0,2014,BIHAR,BHOJPUR,D97,PIRO,25.5,84.5,15.32,2014,687.1304,19.2067,31.253,5.3774,1.5725,2.0844,938.0157,19.2817,31.5265,5.377426301369863,1.572544383561644,2.0844279452054795,4.48,5.4,1.32,0.4
316,25.48517,84.65758333,2014-08-05,2014-11-27,5.5,114.0,2014,BIHAR,BHOJPUR,D97,PIRO,25.5,84.5,15.9,2014,687.1304,19.2067,31.253,5.3774,1.5725,2.0844,938.0157,19.2817,31.5265,5.377426301369863,1.572544383561644,2.0844279452054795,4.48,5.4,1.02,0.1
317,25.49947,84.65222222,2014-08-01,2014-11-26,5.2,117.0,2014,BIHAR,BHOJPUR,D97,PIRO,25.5,84.5,15.28,2014,687.1304,19.2067,31.253,5.3774,1.5725,2.0844,938.0157,19.2817,31.5265,5.377426301369863,1.572544383561644,2.0844279452054795,4.48,5.4,0.72,-0.2
318,25.49806,84.65175,2015-07-20,2015-11-24,5.8,127.0,2015,BIHAR,BHOJPUR,D97,PIRO,25.5,84.5,15.23,2015,629.3482,19.7841,31.8642,5.3774,1.5725,2.0844,938.0157,19.2817,31.5265,5.377426301369863,1.572544383561644,2.0844279452054795,5.22,5.4,0.58,0.4
319,25.48552,84.65,2014-07-20,2014-11-30,5.4,133.0,2014,BIHAR,BHOJPUR,D97,PIRO,25.5,84.5,15.14,2014,687.1304,19.2067,31.253,5.3774,1.5725,2.0844,938.0157,19.2817,31.5265,5.377426301369863,1.572544383561644,2.0844279452054795,4.48,5.4,0.92,0.0
320,25.495,84.65547222,2014-07-20,2014-11-15,5.5,118.0,2014,BIHAR,BHOJPUR,D97,PIRO,25.5,84.5,15.61,2014,687.1304,19.2067,31.253,5.3774,1.5725,2.0844,938.0157,19.2817,31.5265,5.377426301369863,1.572544383561644,2.0844279452054795,4.48,5.4,1.02,0.1
322,25.47969,84.41333333,2015-07-05,2015-11-27,5.8,145.0,2015,BIHAR,BHOJPUR,D97,PIRO,25.5,84.5,8.99,2015,629.3482,19.7841,31.8642,5.3774,1.5725,2.0844,938.0157,19.2817,31.5265,5.377426301369863,1.572544383561644,2.0844279452054795,5.22,5.4,0.58,0.4
323,25.48231,84.40888889,2015-07-06,2015-11-20,5.6,137.0,2015,BIHAR,BHOJPUR,D97,PIRO,25.5,84.5,9.35,2015,629.3482,19.7841,31.8642,5.3774,1.5725,2.0844,938.0157,19.2817,31.5265,5.377426301369863,1.572544383561644,2.0844279452054795,5.22,5.4,0.38,0.2
324,25.47831,84.41322222,2015-07-06,2015-11-20,6.0,137.0,2015,BIHAR,BHOJPUR,D97,PIRO,25.5,84.5,9.04,2015,629.3482,19.7841,31.8642,5.3774,1.5725,2.0844,938.0157,19.2817,31.5265,5.377426301369863,1.572544383561644,2.0844279452054795,5.22,5.4,0.78,0.6
325,25.47761,84.41072222,2015-07-12,2015-11-26,6.1,137.0,2015,BIHAR,BHOJPUR,D97,PIRO,25.5,84.5,9.3,2015,629.3482,19.7841,31.8642,5.3774,1.5725,2.0844,938.0157,19.2817,31.5265,5.377426301369863,1.572544383561644,2.0844279452054795,5.22,5.4,0.88,0.7
327,25.48061,84.4085,2014-07-20,2014-11-28,5.5,131.0,2014,BIHAR,BHOJPUR,D97,PIRO,25.5,84.5,9.43,2014,687.1304,19.2067,31.253,5.3774,1.5725,2.0844,938.0157,19.2817,31.5265,5.377426301369863,1.572544383561644,2.0844279452054795,4.48,5.4,1.02,0.1
328,25.46834,84.40555556,2014-07-25,2014-11-30,5.6,128.0,2014,BIHAR,BHOJPUR,D97,PIRO,25.5,84.5,10.11,2014,687.1304,19.2067,31.253,5.3774,1.5725,2.0844,938.0157,19.2817,31.5265,5.377426301369863,1.572544383561644,2.0844279452054795,4.48,5.4,1.12,0.2
329,25.4695,84.41236111,2014-07-15,2014-11-22,6.2,130.0,2014,BIHAR,BHOJPUR,D97,PIRO,25.5,84.5,9.43,2014,687.1304,19.2067,31.253,5.3774,1.5725,2.0844,938.0157,19.2817,31.5265,5.377426301369863,1.572544383561644,2.0844279452054795,4.48,5.4,1.72,0.8
330,25.45186,84.38584167,2014-07-12,2014-11-15,6.0,126.0,2014,BIHAR,BHOJPUR,D97,PIRO,25.5,84.5,12.65,2014,687.1304,19.2067,31.253,5.3774,1.5725,2.0844,938.0157,19.2817,31.5265,5.377426301369863,1.572544383561644,2.0844279452054795,4.48,5.4,1.52,0.6
332,25.44222,84.17833333,2015-07-03,2015-11-30,6.8,150.0,2015,BIHAR,BHOJPUR,D97,PIRO,25.5,84.5,32.92,2015,629.3482,19.7841,31.8642,5.3774,1.5725,2.0844,938.0157,19.2817,31.5265,5.377426301369863,1.572544383561644,2.0844279452054795,5.22,5.4,1.58,1.4
333,25.44275,84.16837222,2015-07-06,2015-12-03,7.0,150.0,2015,BIHAR,BHOJPUR,D97,PIRO,25.5,84.5,33.89,2015,629.3482,19.7841,31.8642,5.3774,1.5725,2.0844,938.0157,19.2817,31.5265,5.377426301369863,1.572544383561644,2.0844279452054795,5.22,5.4,1.78,1.6
336,25.44583,84.17,2015-07-03,2015-11-30,6.5,150.0,2015,BIHAR,BHOJPUR,D97,PIRO,25.5,84.5,33.67,2015,629.3482,19.7841,31.8642,5.3774,1.5725,2.0844,938.0157,19.2817,31.5265,5.377426301369863,1.572544383561644,2.0844279452054795,5.22,5.4,1.28,1.1
337,25.43947,84.15264722,2015-07-06,2015-12-03,6.6,150.0,2015,BIHAR,BHOJPUR,D97,PIRO,25.5,84.5,35.51,2015,629.3482,19.7841,31.8642,5.3774,1.5725,2.0844,938.0157,19.2817,31.5265,5.377426301369863,1.572544383561644,2.0844279452054795,5.22,5.4,1.38,1.2
338,25.44556,84.15174444,2015-07-10,2015-08-12,6.9,33.0,2015,BIHAR,BHOJPUR,D97,PIRO,25.5,84.5,35.48,2015,629.3482,19.7841,31.8642,5.3774,1.5725,2.0844,938.0157,19.2817,31.5265,5.377426301369863,1.572544383561644,2.0844279452054795,5.22,5.4,1.68,1.5
339,25.44075,84.16444444,2015-07-03,2015-11-30,6.8,150.0,2015,BIHAR,BHOJPUR,D97,PIRO,25.5,84.5,34.32,2015,629.3482,19.7841,31.8642,5.3774,1.5725,2.0844,938.0157,19.2817,31.5265,5.377426301369863,1.572544383561644,2.0844279452054795,5.22,5.4,1.58,1.4
340,24.86583,85.01522222,2015-07-05,2015-11-15,4.5,133.0,2015,BIHAR,GAYA,D100,DUMARIA,24.5,84.5,66.06,2015,878.0458,19.6373,31.9182,5.6471,1.5722,2.0427,1027.8697,19.0633,31.4761,5.64707808219178,1.5722123287671235,2.0426972602739726,5.55,5.14,-1.05,-0.64
341,24.86494,85.01544444,2015-07-20,2015-11-25,5.0,128.0,2015,BIHAR,GAYA,D100,DUMARIA,24.5,84.5,66.02,2015,878.0458,19.6373,31.9182,5.6471,1.5722,2.0427,1027.8697,19.0633,31.4761,5.64707808219178,1.5722123287671235,2.0426972602739726,5.55,5.14,-0.55,-0.14
342,24.86442,85.01422222,2015-07-20,2015-11-25,5.2,128.0,2015,BIHAR,GAYA,D100,DUMARIA,24.5,84.5,65.89,2015,878.0458,19.6373,31.9182,5.6471,1.5722,2.0427,1027.8697,19.0633,31.4761,5.64707808219178,1.5722123287671235,2.0426972602739726,5.55,5.14,-0.35,0.06
343,24.86375,85.01411111,2015-07-10,2015-11-15,4.8,128.0,2015,BIHAR,GAYA,D100,DUMARIA,24.5,84.5,65.83,2015,878.0458,19.6373,31.9182,5.6471,1.5722,2.0427,1027.8697,19.0633,31.4761,5.64707808219178,1.5722123287671235,2.0426972602739726,5.55,5.14,-0.75,-0.34
344,24.85958,85.01402778,2015-07-10,2015-11-25,5.2,138.0,2015,BIHAR,GAYA,D100,DUMARIA,24.5,84.5,65.54,2015,878.0458,19.6373,31.9182,5.6471,1.5722,2.0427,1027.8697,19.0633,31.4761,5.64707808219178,1.5722123287671235,2.0426972602739726,5.55,5.14,-0.35,0.06
345,24.85842,85.01555556,2015-07-20,2015-11-30,5.4,133.0,2015,BIHAR,GAYA,D100,DUMARIA,24.5,84.5,65.59,2015,878.0458,19.6373,31.9182,5.6471,1.5722,2.0427,1027.8697,19.0633,31.4761,5.64707808219178,1.5722123287671235,2.0426972602739726,5.55,5.14,-0.15,0.26
346,24.86028,85.00177778,2015-07-10,2015-11-15,5.0,128.0,2015,BIHAR,GAYA,D100,DUMARIA,24.5,84.5,64.62,2015,878.0458,19.6373,31.9182,5.6471,1.5722,2.0427,1027.8697,19.0633,31.4761,5.64707808219178,1.5722123287671235,2.0426972602739726,5.55,5.14,-0.55,-0.14
347,24.86375,85.00216667,2015-07-10,2015-11-10,4.9,123.0,2015,BIHAR,GAYA,D100,DUMARIA,24.5,84.5,64.89,2015,878.0458,19.6373,31.9182,5.6471,1.5722,2.0427,1027.8697,19.0633,31.4761,5.64707808219178,1.5722123287671235,2.0426972602739726,5.55,5.14,-0.65,-0.24
348,24.85178,85.00891667,2015-07-05,2015-11-20,5.2,138.0,2015,BIHAR,GAYA,D100,DUMARIA,24.5,84.5,64.61,2015,878.0458,19.6373,31.9182,5.6471,1.5722,2.0427,1027.8697,19.0633,31.4761,5.64707808219178,1.5722123287671235,2.0426972602739726,5.55,5.14,-0.35,0.06
349,24.85,85.003,2015-07-10,2015-11-15,5.2,128.0,2015,BIHAR,GAYA,D100,DUMARIA,24.5,84.5,64.01,2015,878.0458,19.6373,31.9182,5.6471,1.5722,2.0427,1027.8697,19.0633,31.4761,5.64707808219178,1.5722123287671235,2.0426972602739726,5.55,5.14,-0.35,0.06
350,24.5193,84.89213889,2015-07-10,2015-11-28,4.8,141.0,2015,BIHAR,GAYA,D100,DUMARIA,24.5,84.5,39.73,2015,878.0458,19.6373,31.9182,5.6471,1.5722,2.0427,1027.8697,19.0633,31.4761,5.64707808219178,1.5722123287671235,2.0426972602739726,5.55,5.14,-0.75,-0.34
351,24.51941,84.89252778,2015-07-15,2015-11-30,5.0,138.0,2015,BIHAR,GAYA,D100,DUMARIA,24.5,84.5,39.77,2015,878.0458,19.6373,31.9182,5.6471,1.5722,2.0427,1027.8697,19.0633,31.4761,5.64707808219178,1.5722123287671235,2.0426972602739726,5.55,5.14,-0.55,-0.14
352,24.51942,84.89261111,2015-07-15,2015-11-28,5.2,136.0,2015,BIHAR,GAYA,D100,DUMARIA,24.5,84.5,39.78,2015,878.0458,19.6373,31.9182,5.6471,1.5722,2.0427,1027.8697,19.0633,31.4761,5.64707808219178,1.5722123287671235,2.0426972602739726,5.55,5.14,-0.35,0.06
353,24.519,84.89030556,2015-07-20,2015-11-24,4.8,127.0,2015,BIHAR,GAYA,D100,DUMARIA,24.5,84.5,39.55,2015,878.0458,19.6373,31.9182,5.6471,1.5722,2.0427,1027.8697,19.0633,31.4761,5.64707808219178,1.5722123287671235,2.0426972602739726,5.55,5.14,-0.75,-0.34
354,24.51867,84.88819444,2015-07-26,2015-11-20,5.2,117.0,2015,BIHAR,GAYA,D100,DUMARIA,24.5,84.5,39.33,2015,878.0458,19.6373,31.9182,5.6471,1.5722,2.0427,1027.8697,19.0633,31.4761,5.64707808219178,1.5722123287671235,2.0426972602739726,5.55,5.14,-0.35,0.06
355,24.53739,84.89163889,2015-07-10,2015-11-15,4.5,128.0,2015,BIHAR,GAYA,D100,DUMARIA,24.5,84.5,39.84,2015,878.0458,19.6373,31.9182,5.6471,1.5722,2.0427,1027.8697,19.0633,31.4761,5.64707808219178,1.5722123287671235,2.0426972602739726,5.55,5.14,-1.05,-0.64
356,24.5375,84.88352778,2015-07-30,2015-11-26,5.4,119.0,2015,BIHAR,GAYA,D100,DUMARIA,24.5,84.5,39.02,2015,878.0458,19.6373,31.9182,5.6471,1.5722,2.0427,1027.8697,19.0633,31.4761,5.64707808219178,1.5722123287671235,2.0426972602739726,5.55,5.14,-0.15,0.26
357,24.53978,84.88930556,2015-07-25,2015-11-25,4.9,123.0,2015,BIHAR,GAYA,D100,DUMARIA,24.5,84.5,39.63,2015,878.0458,19.6373,31.9182,5.6471,1.5722,2.0427,1027.8697,19.0633,31.4761,5.64707808219178,1.5722123287671235,2.0426972602739726,5.55,5.14,-0.65,-0.24
358,24.54203,84.86939167,2015-07-20,2015-11-22,5.5,125.0,2015,BIHAR,GAYA,D100,DUMARIA,24.5,84.5,37.66,2015,878.0458,19.6373,31.9182,5.6471,1.5722,2.0427,1027.8697,19.0633,31.4761,5.64707808219178,1.5722123287671235,2.0426972602739726,5.55,5.14,-0.05,0.36
359,24.54572,84.86935556,2015-07-18,2015-11-15,4.6,120.0,2015,BIHAR,GAYA,D100,DUMARIA,24.5,84.5,37.71,2015,878.0458,19.6373,31.9182,5.6471,1.5722,2.0427,1027.8697,19.0633,31.4761,5.64707808219178,1.5722123287671235,2.0426972602739726,5.55,5.14,-0.95,-0.54
360,25.26906,85.02277778,2014-08-02,2014-12-02,5.2,122.0,2014,BIHAR,VAISHALI,D127,RAGHOPUR,25.5,85.5,54.39,2014,1129.0873,19.627,31.3421,6.071,1.53,2.0302,1150.4442,19.637,31.4515,6.071035616438356,1.5299501369863013,2.030226575342466,4.96,4.98,0.24,0.22
361,25.26907,85.02341667,2014-08-05,2014-12-07,5.8,124.0,2014,BIHAR,VAISHALI,D127,RAGHOPUR,25.5,85.5,54.33,2014,1129.0873,19.627,31.3421,6.071,1.53,2.0302,1150.4442,19.637,31.4515,6.071035616438356,1.5299501369863013,2.030226575342466,4.96,4.98,0.84,0.82
362,25.26914,85.02611111,2014-08-06,2014-10-12,6.2,67.0,2014,BIHAR,VAISHALI,D127,RAGHOPUR,25.5,85.5,54.09,2014,1129.0873,19.627,31.3421,6.071,1.53,2.0302,1150.4442,19.637,31.4515,6.071035616438356,1.5299501369863013,2.030226575342466,4.96,4.98,1.24,1.22
363,25.26911,85.02694444,2014-08-05,2014-11-30,5.6,117.0,2014,BIHAR,VAISHALI,D127,RAGHOPUR,25.5,85.5,54.01,2014,1129.0873,19.627,31.3421,6.071,1.53,2.0302,1150.4442,19.637,31.4515,6.071035616438356,1.5299501369863013,2.030226575342466,4.96,4.98,0.64,0.62
364,25.26912,85.02161111,2014-08-04,2014-12-07,6.2,125.0,2014,BIHAR,VAISHALI,D127,RAGHOPUR,25.5,85.5,54.49,2014,1129.0873,19.627,31.3421,6.071,1.53,2.0302,1150.4442,19.637,31.4515,6.071035616438356,1.5299501369863013,2.030226575342466,4.96,4.98,1.24,1.22
365,25.269,85.01675,2014-07-25,2014-11-30,5.8,128.0,2014,BIHAR,VAISHALI,D127,RAGHOPUR,25.5,85.5,54.92,2014,1129.0873,19.627,31.3421,6.071,1.53,2.0302,1150.4442,19.637,31.4515,6.071035616438356,1.5299501369863013,2.030226575342466,4.96,4.98,0.84,0.82
366,25.28761,85.02472222,2014-07-20,2014-11-28,5.5,131.0,2014,BIHAR,VAISHALI,D127,RAGHOPUR,25.5,85.5,53.26,2014,1129.0873,19.627,31.3421,6.071,1.53,2.0302,1150.4442,19.637,31.4515,6.071035616438356,1.5299501369863013,2.030226575342466,4.96,4.98,0.54,0.52
367,25.28925,85.01811111,2014-07-25,2014-11-30,5.6,128.0,2014,BIHAR,VAISHALI,D127,RAGHOPUR,25.5,85.5,53.78,2014,1129.0873,19.627,31.3421,6.071,1.53,2.0302,1150.4442,19.637,31.4515,6.071035616438356,1.5299501369863013,2.030226575342466,4.96,4.98,0.64,0.62
368,25.28897,85.01711111,2014-07-15,2014-11-22,5.4,130.0,2014,BIHAR,VAISHALI,D127,RAGHOPUR,25.5,85.5,53.88,2014,1129.0873,19.627,31.3421,6.071,1.53,2.0302,1150.4442,19.637,31.4515,6.071035616438356,1.5299501369863013,2.030226575342466,4.96,4.98,0.44,0.42
369,25.28833,85.01669444,2014-07-12,2014-11-15,6.2,126.0,2014,BIHAR,VAISHALI,D127,RAGHOPUR,25.5,85.5,53.95,2014,1129.0873,19.627,31.3421,6.071,1.53,2.0302,1150.4442,19.637,31.4515,6.071035616438356,1.5299501369863013,2.030226575342466,4.96,4.98,1.24,1.22
370,25.19539,86.13549167,2015-07-25,2015-11-20,6.5,118.0,2015,BIHAR,KHAGARIA,D105,GOGRI,25.5,86.5,49.89,2015,1481.9445,20.4512,31.5631,7.6896,1.4446,1.8841,1232.3135,20.2594,31.3632,7.689644383561644,1.444595616438356,1.8840934246575345,4.27,4.81,2.23,1.69
371,25.1945,86.13513889,2015-07-15,2015-11-10,6.3,118.0,2015,BIHAR,KHAGARIA,D105,GOGRI,25.5,86.5,49.98,2015,1481.9445,20.4512,31.5631,7.6896,1.4446,1.8841,1232.3135,20.2594,31.3632,7.689644383561644,1.444595616438356,1.8840934246575345,4.27,4.81,2.03,1.49
372,25.19833,86.13508333,2015-07-10,2015-11-05,5.6,118.0,2015,BIHAR,KHAGARIA,D105,GOGRI,25.5,86.5,49.7,2015,1481.9445,20.4512,31.5631,7.6896,1.4446,1.8841,1232.3135,20.2594,31.3632,7.689644383561644,1.444595616438356,1.8840934246575345,4.27,4.81,1.33,0.79
373,25.19653,86.13538333,2015-07-15,2015-11-20,5.5,128.0,2015,BIHAR,KHAGARIA,D105,GOGRI,25.5,86.5,49.81,2015,1481.9445,20.4512,31.5631,7.6896,1.4446,1.8841,1232.3135,20.2594,31.3632,7.689644383561644,1.444595616438356,1.8840934246575345,4.27,4.81,1.23,0.69
374,25.19653,86.135525,2015-07-20,2015-11-15,5.8,118.0,2015,BIHAR,KHAGARIA,D105,GOGRI,25.5,86.5,49.8,2015,1481.9445,20.4512,31.5631,7.6896,1.4446,1.8841,1232.3135,20.2594,31.3632,7.689644383561644,1.444595616438356,1.8840934246575345,4.27,4.81,1.53,0.99
375,25.19561,86.13566389,2015-07-10,2015-11-15,4.8,128.0,2015,BIHAR,KHAGARIA,D105,GOGRI,25.5,86.5,49.86,2015,1481.9445,20.4512,31.5631,7.6896,1.4446,1.8841,1232.3135,20.2594,31.3632,7.689644383561644,1.444595616438356,1.8840934246575345,4.27,4.81,0.53,-0.01
376,25.19889,86.13568889,2015-07-10,2015-11-15,6.0,128.0,2015,BIHAR,KHAGARIA,D105,GOGRI,25.5,86.5,49.61,2015,1481.9445,20.4512,31.5631,7.6896,1.4446,1.8841,1232.3135,20.2594,31.3632,7.689644383561644,1.444595616438356,1.8840934246575345,4.27,4.81,1.73,1.19
377,25.19936,86.13599444,2015-07-10,2015-11-25,5.5,138.0,2015,BIHAR,KHAGARIA,D105,GOGRI,25.5,86.5,49.55,2015,1481.9445,20.4512,31.5631,7.6896,1.4446,1.8841,1232.3135,20.2594,31.3632,7.689644383561644,1.444595616438356,1.8840934246575345,4.27,4.81,1.23,0.69
378,25.1853,86.13610833,2015-07-15,2015-11-25,6.0,133.0,2015,BIHAR,KHAGARIA,D105,GOGRI,25.5,86.5,50.61,2015,1481.9445,20.4512,31.5631,7.6896,1.4446,1.8841,1232.3135,20.2594,31.3632,7.689644383561644,1.444595616438356,1.8840934246575345,4.27,4.81,1.73,1.19
379,25.18527,86.13588333,2015-07-10,2015-11-15,5.8,128.0,2015,BIHAR,KHAGARIA,D105,GOGRI,25.5,86.5,50.63,2015,1481.9445,20.4512,31.5631,7.6896,1.4446,1.8841,1232.3135,20.2594,31.3632,7.689644383561644,1.444595616438356,1.8840934246575345,4.27,4.81,1.53,0.99
380,25.33164,86.45405556,2015-07-10,2015-11-15,4.5,128.0,2015,BIHAR,KHAGARIA,D105,GOGRI,25.5,86.5,19.28,2015,1481.9445,20.4512,31.5631,7.6896,1.4446,1.8841,1232.3135,20.2594,31.3632,7.689644383561644,1.444595616438356,1.8840934246575345,4.27,4.81,0.23,-0.31
381,25.331,86.45461111,2015-07-15,2015-11-05,4.6,113.0,2015,BIHAR,KHAGARIA,D105,GOGRI,25.5,86.5,19.34,2015,1481.9445,20.4512,31.5631,7.6896,1.4446,1.8841,1232.3135,20.2594,31.3632,7.689644383561644,1.444595616438356,1.8840934246575345,4.27,4.81,0.33,-0.21
382,25.32889,86.45708333,2015-07-10,2015-11-10,5.0,123.0,2015,BIHAR,KHAGARIA,D105,GOGRI,25.5,86.5,19.51,2015,1481.9445,20.4512,31.5631,7.6896,1.4446,1.8841,1232.3135,20.2594,31.3632,7.689644383561644,1.444595616438356,1.8840934246575345,4.27,4.81,0.73,0.19
383,25.33083,86.45488889,2015-07-20,2015-11-15,5.2,118.0,2015,BIHAR,KHAGARIA,D105,GOGRI,25.5,86.5,19.35,2015,1481.9445,20.4512,31.5631,7.6896,1.4446,1.8841,1232.3135,20.2594,31.3632,7.689644383561644,1.444595616438356,1.8840934246575345,4.27,4.81,0.93,0.39
384,25.32583,86.45986111,2015-07-11,2015-11-10,5.4,122.0,2015,BIHAR,KHAGARIA,D105,GOGRI,25.5,86.5,19.78,2015,1481.9445,20.4512,31.5631,7.6896,1.4446,1.8841,1232.3135,20.2594,31.3632,7.689644383561644,1.444595616438356,1.8840934246575345,4.27,4.81,1.13,0.59
385,25.34333,86.47602778,2015-07-10,2015-11-25,5.6,138.0,2015,BIHAR,KHAGARIA,D105,GOGRI,25.5,86.5,17.59,2015,1481.9445,20.4512,31.5631,7.6896,1.4446,1.8841,1232.3135,20.2594,31.3632,7.689644383561644,1.444595616438356,1.8840934246575345,4.27,4.81,1.33,0.79
386,25.34417,86.46838889,2015-07-05,2015-11-10,4.8,128.0,2015,BIHAR,KHAGARIA,D105,GOGRI,25.5,86.5,17.62,2015,1481.9445,20.4512,31.5631,7.6896,1.4446,1.8841,1232.3135,20.2594,31.3632,7.689644383561644,1.444595616438356,1.8840934246575345,4.27,4.81,0.53,-0.01
387,25.34778,86.46883333,2015-07-10,2015-11-10,5.1,123.0,2015,BIHAR,KHAGARIA,D105,GOGRI,25.5,86.5,17.21,2015,1481.9445,20.4512,31.5631,7.6896,1.4446,1.8841,1232.3135,20.2594,31.3632,7.689644383561644,1.444595616438356,1.8840934246575345,4.27,4.81,0.83,0.29
389,25.25364,85.46977778,2015-07-20,2015-11-25,4.8,128.0,2015,BIHAR,VAISHALI,D127,RAGHOPUR,25.5,85.5,27.56,2015,819.3968,20.1522,31.9204,6.071,1.53,2.0302,1150.4442,19.637,31.4515,6.071035616438356,1.5299501369863013,2.030226575342466,5.78,4.98,-0.98,-0.18
390,25.251,85.46668333,2015-07-20,2015-11-10,5.0,113.0,2015,BIHAR,VAISHALI,D127,RAGHOPUR,25.5,85.5,27.89,2015,819.3968,20.1522,31.9204,6.071,1.53,2.0302,1150.4442,19.637,31.4515,6.071035616438356,1.5299501369863013,2.030226575342466,5.78,4.98,-0.78,0.02
391,25.25689,85.47119444,2015-07-20,2015-11-15,5.5,118.0,2015,BIHAR,VAISHALI,D127,RAGHOPUR,25.5,85.5,27.19,2015,819.3968,20.1522,31.9204,6.071,1.53,2.0302,1150.4442,19.637,31.4515,6.071035616438356,1.5299501369863013,2.030226575342466,5.78,4.98,-0.28,0.52
392,25.25731,85.47083333,2015-07-25,2015-11-20,4.8,118.0,2015,BIHAR,VAISHALI,D127,RAGHOPUR,25.5,85.5,27.14,2015,819.3968,20.1522,31.9204,6.071,1.53,2.0302,1150.4442,19.637,31.4515,6.071035616438356,1.5299501369863013,2.030226575342466,5.78,4.98,-0.98,-0.18
393,25.23519,85.47347222,2015-07-20,2015-11-25,5.2,128.0,2015,BIHAR,VAISHALI,D127,RAGHOPUR,25.5,85.5,29.57,2015,819.3968,20.1522,31.9204,6.071,1.53,2.0302,1150.4442,19.637,31.4515,6.071035616438356,1.5299501369863013,2.030226575342466,5.78,4.98,-0.58,0.22
394,25.2353,85.4735,2015-07-10,2015-11-10,5.1,123.0,2015,BIHAR,VAISHALI,D127,RAGHOPUR,25.5,85.5,29.55,2015,819.3968,20.1522,31.9204,6.071,1.53,2.0302,1150.4442,19.637,31.4515,6.071035616438356,1.5299501369863013,2.030226575342466,5.78,4.98,-0.68,0.12
395,25.23589,85.40638889,2015-07-25,2015-11-20,5.3,118.0,2015,BIHAR,VAISHALI,D127,RAGHOPUR,25.5,85.5,30.84,2015,819.3968,20.1522,31.9204,6.071,1.53,2.0302,1150.4442,19.637,31.4515,6.071035616438356,1.5299501369863013,2.030226575342466,5.78,4.98,-0.48,0.32
396,25.23524,85.40547222,2015-07-15,2015-11-20,5.2,128.0,2015,BIHAR,VAISHALI,D127,RAGHOPUR,25.5,85.5,30.93,2015,819.3968,20.1522,31.9204,6.071,1.53,2.0302,1150.4442,19.637,31.4515,6.071035616438356,1.5299501369863013,2.030226575342466,5.78,4.98,-0.58,0.22
397,25.2355,85.40577778,2015-07-10,2015-11-10,5.0,123.0,2015,BIHAR,VAISHALI,D127,RAGHOPUR,25.5,85.5,30.9,2015,819.3968,20.1522,31.9204,6.071,1.53,2.0302,1150.4442,19.637,31.4515,6.071035616438356,1.5299501369863013,2.030226575342466,5.78,4.98,-0.78,0.02
398,25.32903,85.69836111,2015-07-20,2015-11-30,4.8,133.0,2015,BIHAR,VAISHALI,D127,RAGHOPUR,25.5,85.5,27.54,2015,819.3968,20.1522,31.9204,6.071,1.53,2.0302,1150.4442,19.637,31.4515,6.071035616438356,1.5299501369863013,2.030226575342466,5.78,4.98,-0.98,-0.18
399,25.32953,85.69841667,2015-07-10,2015-11-15,4.6,128.0,2015,BIHAR,VAISHALI,D127,RAGHOPUR,25.5,85.5,27.5,2015,819.3968,20.1522,31.9204,6.071,1.53,2.0302,1150.4442,19.637,31.4515,6.071035616438356,1.5299501369863013,2.030226575342466,5.78,4.98,-1.18,-0.38
400,25.32767,85.69855556,2015-07-10,2015-11-10,4.9,123.0,2015,BIHAR,VAISHALI,D127,RAGHOPUR,25.5,85.5,27.66,2015,819.3968,20.1522,31.9204,6.071,1.53,2.0302,1150.4442,19.637,31.4515,6.071035616438356,1.5299501369863013,2.030226575342466,5.78,4.98,-0.88,-0.08
401,25.32714,85.69894444,2015-07-05,2015-11-20,5.1,138.0,2015,BIHAR,VAISHALI,D127,RAGHOPUR,25.5,85.5,27.73,2015,819.3968,20.1522,31.9204,6.071,1.53,2.0302,1150.4442,19.637,31.4515,6.071035616438356,1.5299501369863013,2.030226575342466,5.78,4.98,-0.68,0.12
402,25.30262,85.69416667,2015-07-10,2015-11-15,4.6,128.0,2015,BIHAR,VAISHALI,D127,RAGHOPUR,25.5,85.5,29.36,2015,819.3968,20.1522,31.9204,6.071,1.53,2.0302,1150.4442,19.637,31.4515,6.071035616438356,1.5299501369863013,2.030226575342466,5.78,4.98,-1.18,-0.38
403,25.30253,85.69211111,2015-07-12,2015-11-17,4.2,128.0,2015,BIHAR,VAISHALI,D127,RAGHOPUR,25.5,85.5,29.23,2015,819.3968,20.1522,31.9204,6.071,1.53,2.0302,1150.4442,19.637,31.4515,6.071035616438356,1.5299501369863013,2.030226575342466,5.78,4.98,-1.58,-0.78
404,25.30247,85.69166667,2015-07-15,2015-11-15,4.4,123.0,2015,BIHAR,VAISHALI,D127,RAGHOPUR,25.5,85.5,29.21,2015,819.3968,20.1522,31.9204,6.071,1.53,2.0302,1150.4442,19.637,31.4515,6.071035616438356,1.5299501369863013,2.030226575342466,5.78,4.98,-1.38,-0.58
405,25.30248,85.69322222,2015-07-10,2015-11-15,4.3,128.0,2015,BIHAR,VAISHALI,D127,RAGHOPUR,25.5,85.5,29.31,2015,819.3968,20.1522,31.9204,6.071,1.53,2.0302,1150.4442,19.637,31.4515,6.071035616438356,1.5299501369863013,2.030226575342466,5.78,4.98,-1.48,-0.68
406,25.30241,85.69711111,2015-07-08,2015-11-10,5.1,125.0,2015,BIHAR,VAISHALI,D127,RAGHOPUR,25.5,85.5,29.58,2015,819.3968,20.1522,31.9204,6.071,1.53,2.0302,1150.4442,19.637,31.4515,6.071035616438356,1.5299501369863013,2.030226575342466,5.78,4.98,-0.68,0.12
407,25.30244,85.69588889,2015-07-10,2015-11-15,4.8,128.0,2015,BIHAR,VAISHALI,D127,RAGHOPUR,25.5,85.5,29.49,2015,819.3968,20.1522,31.9204,6.071,1.53,2.0302,1150.4442,19.637,31.4515,6.071035616438356,1.5299501369863013,2.030226575342466,5.78,4.98,-0.98,-0.18
409,25.10015,85.44702778,2014-08-01,2014-11-26,5.8,117.0,2014,BIHAR,VAISHALI,D127,RAGHOPUR,25.5,85.5,44.78,2014,1129.0873,19.627,31.3421,6.071,1.53,2.0302,1150.4442,19.637,31.4515,6.071035616438356,1.5299501369863013,2.030226575342466,4.96,4.98,0.84,0.82
411,25.10011,85.43504722,2014-07-26,2014-11-20,5.2,117.0,2014,BIHAR,VAISHALI,D127,RAGHOPUR,25.5,85.5,44.94,2014,1129.0873,19.627,31.3421,6.071,1.53,2.0302,1150.4442,19.637,31.4515,6.071035616438356,1.5299501369863013,2.030226575342466,4.96,4.98,0.24,0.22
412,25.10009,85.43531111,2014-08-04,2014-11-26,5.6,114.0,2014,BIHAR,VAISHALI,D127,RAGHOPUR,25.5,85.5,44.94,2014,1129.0873,19.627,31.3421,6.071,1.53,2.0302,1150.4442,19.637,31.4515,6.071035616438356,1.5299501369863013,2.030226575342466,4.96,4.98,0.64,0.62
413,25.10011,85.43515,2014-08-03,2014-11-25,5.4,114.0,2014,BIHAR,VAISHALI,D127,RAGHOPUR,25.5,85.5,44.94,2014,1129.0873,19.627,31.3421,6.071,1.53,2.0302,1150.4442,19.637,31.4515,6.071035616438356,1.5299501369863013,2.030226575342466,4.96,4.98,0.44,0.42
415,25.10023,85.44875,2014-07-22,2014-11-26,5.8,127.0,2014,BIHAR,VAISHALI,D127,RAGHOPUR,25.5,85.5,44.75,2014,1129.0873,19.627,31.3421,6.071,1.53,2.0302,1150.4442,19.637,31.4515,6.071035616438356,1.5299501369863013,2.030226575342466,4.96,4.98,0.84,0.82
416,25.10001,85.43554167,2014-07-15,2014-11-29,5.7,137.0,2014,BIHAR,VAISHALI,D127,RAGHOPUR,25.5,85.5,44.95,2014,1129.0873,19.627,31.3421,6.071,1.53,2.0302,1150.4442,19.637,31.4515,6.071035616438356,1.5299501369863013,2.030226575342466,4.96,4.98,0.74,0.72
417,25.10311,85.44861111,2014-07-20,2014-11-15,6.8,118.0,2014,BIHAR,VAISHALI,D127,RAGHOPUR,25.5,85.5,44.43,2014,1129.0873,19.627,31.3421,6.071,1.53,2.0302,1150.4442,19.637,31.4515,6.071035616438356,1.5299501369863013,2.030226575342466,4.96,4.98,1.84,1.82
418,25.42369,85.443,2015-07-25,2015-11-02,6.2,100.0,2015,BIHAR,VAISHALI,D127,RAGHOPUR,25.5,85.5,10.23,2015,819.3968,20.1522,31.9204,6.071,1.53,2.0302,1150.4442,19.637,31.4515,6.071035616438356,1.5299501369863013,2.030226575342466,5.78,4.98,0.42,1.22
419,25.47333,85.44408333,2015-07-13,2015-10-30,6.0,109.0,2015,BIHAR,VAISHALI,D127,RAGHOPUR,25.5,85.5,6.35,2015,819.3968,20.1522,31.9204,6.071,1.53,2.0302,1150.4442,19.637,31.4515,6.071035616438356,1.5299501369863013,2.030226575342466,5.78,4.98,0.22,1.02
420,25.46936,85.44666667,2015-07-15,2015-11-08,5.5,116.0,2015,BIHAR,VAISHALI,D127,RAGHOPUR,25.5,85.5,6.35,2015,819.3968,20.1522,31.9204,6.071,1.53,2.0302,1150.4442,19.637,31.4515,6.071035616438356,1.5299501369863013,2.030226575342466,5.78,4.98,-0.28,0.52
421,25.47317,85.44430556,2015-07-23,2015-11-04,5.8,104.0,2015,BIHAR,VAISHALI,D127,RAGHOPUR,25.5,85.5,6.34,2015,819.3968,20.1522,31.9204,6.071,1.53,2.0302,1150.4442,19.637,31.4515,6.071035616438356,1.5299501369863013,2.030226575342466,5.78,4.98,0.02,0.82
422,25.46839,85.43697222,2015-07-15,2015-11-07,5.6,115.0,2015,BIHAR,VAISHALI,D127,RAGHOPUR,25.5,85.5,7.24,2015,819.3968,20.1522,31.9204,6.071,1.53,2.0302,1150.4442,19.637,31.4515,6.071035616438356,1.5299501369863013,2.030226575342466,5.78,4.98,-0.18,0.62
423,25.476,85.43919444,2015-07-15,2015-11-04,6.0,112.0,2015,BIHAR,VAISHALI,D127,RAGHOPUR,25.5,85.5,6.66,2015,819.3968,20.1522,31.9204,6.071,1.53,2.0302,1150.4442,19.637,31.4515,6.071035616438356,1.5299501369863013,2.030226575342466,5.78,4.98,0.22,1.02
424,25.47536,85.43877778,2015-07-20,2015-11-08,5.8,111.0,2015,BIHAR,VAISHALI,D127,RAGHOPUR,25.5,85.5,6.73,2015,819.3968,20.1522,31.9204,6.071,1.53,2.0302,1150.4442,19.637,31.4515,6.071035616438356,1.5299501369863013,2.030226575342466,5.78,4.98,0.02,0.82
425,25.45248,85.44466667,2015-07-22,2015-10-30,4.5,100.0,2015,BIHAR,VAISHALI,D127,RAGHOPUR,25.5,85.5,7.67,2015,819.3968,20.1522,31.9204,6.071,1.53,2.0302,1150.4442,19.637,31.4515,6.071035616438356,1.5299501369863013,2.030226575342466,5.78,4.98,-1.28,-0.48
426,25.45192,85.44783333,2015-07-03,2015-10-30,5.5,119.0,2015,BIHAR,VAISHALI,D127,RAGHOPUR,25.5,85.5,7.48,2015,819.3968,20.1522,31.9204,6.071,1.53,2.0302,1150.4442,19.637,31.4515,6.071035616438356,1.5299501369863013,2.030226575342466,5.78,4.98,-0.28,0.52
427,25.42306,85.435075,2015-07-15,2015-11-04,5.6,112.0,2015,BIHAR,VAISHALI,D127,RAGHOPUR,25.5,85.5,10.76,2015,819.3968,20.1522,31.9204,6.071,1.53,2.0302,1150.4442,19.637,31.4515,6.071035616438356,1.5299501369863013,2.030226575342466,5.78,4.98,-0.18,0.62
428,25.51011,84.99811111,2015-07-10,2015-11-28,5.2,141.0,2015,BIHAR,BHOJPUR,D97,PIRO,25.5,84.5,50.0,2015,629.3482,19.7841,31.8642,5.3774,1.5725,2.0844,938.0157,19.2817,31.5265,5.377426301369863,1.572544383561644,2.0844279452054795,5.22,5.4,-0.02,-0.2
429,25.50781,84.99997222,2015-07-15,2015-11-30,5.4,138.0,2015,BIHAR,BHOJPUR,D97,PIRO,25.5,84.5,50.18,2015,629.3482,19.7841,31.8642,5.3774,1.5725,2.0844,938.0157,19.2817,31.5265,5.377426301369863,1.572544383561644,2.0844279452054795,5.22,5.4,0.18,0.0
430,25.50972,84.98919444,2015-07-15,2015-11-30,5.2,138.0,2015,BIHAR,BHOJPUR,D97,PIRO,25.5,84.5,49.11,2015,629.3482,19.7841,31.8642,5.3774,1.5725,2.0844,938.0157,19.2817,31.5265,5.377426301369863,1.572544383561644,2.0844279452054795,5.22,5.4,-0.02,-0.2
431,25.51083,84.98652778,2015-07-20,2015-11-24,6.0,127.0,2015,BIHAR,BHOJPUR,D97,PIRO,25.5,84.5,48.84,2015,629.3482,19.7841,31.8642,5.3774,1.5725,2.0844,938.0157,19.2817,31.5265,5.377426301369863,1.572544383561644,2.0844279452054795,5.22,5.4,0.78,0.6
432,25.51139,84.99208333,2015-07-26,2015-11-20,6.0,117.0,2015,BIHAR,BHOJPUR,D97,PIRO,25.5,84.5,49.4,2015,629.3482,19.7841,31.8642,5.3774,1.5725,2.0844,938.0157,19.2817,31.5265,5.377426301369863,1.572544383561644,2.0844279452054795,5.22,5.4,0.78,0.6
433,25.50174,84.98588889,2015-07-30,2015-11-26,5.8,119.0,2015,BIHAR,BHOJPUR,D97,PIRO,25.5,84.5,48.77,2015,629.3482,19.7841,31.8642,5.3774,1.5725,2.0844,938.0157,19.2817,31.5265,5.377426301369863,1.572544383561644,2.0844279452054795,5.22,5.4,0.58,0.4
434,25.50203,84.98610833,2015-07-25,2015-11-15,6.2,113.0,2015,BIHAR,BHOJPUR,D97,PIRO,25.5,84.5,48.79,2015,629.3482,19.7841,31.8642,5.3774,1.5725,2.0844,938.0157,19.2817,31.5265,5.377426301369863,1.572544383561644,2.0844279452054795,5.22,5.4,0.98,0.8
435,25.51067,84.99766667,2015-07-20,2015-11-22,5.8,125.0,2015,BIHAR,BHOJPUR,D97,PIRO,25.5,84.5,49.96,2015,629.3482,19.7841,31.8642,5.3774,1.5725,2.0844,938.0157,19.2817,31.5265,5.377426301369863,1.572544383561644,2.0844279452054795,5.22,5.4,0.58,0.4
436,25.50964,84.99613889,2015-07-18,2015-11-15,5.5,120.0,2015,BIHAR,BHOJPUR,D97,PIRO,25.5,84.5,49.8,2015,629.3482,19.7841,31.8642,5.3774,1.5725,2.0844,938.0157,19.2817,31.5265,5.377426301369863,1.572544383561644,2.0844279452054795,5.22,5.4,0.28,0.1
437,25.51081,84.99502778,2015-07-18,2015-11-14,5.8,119.0,2015,BIHAR,BHOJPUR,D97,PIRO,25.5,84.5,49.69,2015,629.3482,19.7841,31.8642,5.3774,1.5725,2.0844,938.0157,19.2817,31.5265,5.377426301369863,1.572544383561644,2.0844279452054795,5.22,5.4,0.58,0.4
438,25.427,85.71033333,2015-07-15,2015-11-30,5.6,138.0,2015,BIHAR,VAISHALI,D127,RAGHOPUR,25.5,85.5,22.62,2015,819.3968,20.1522,31.9204,6.071,1.53,2.0302,1150.4442,19.637,31.4515,6.071035616438356,1.5299501369863013,2.030226575342466,5.78,4.98,-0.18,0.62
439,25.42639,85.71105556,2015-07-10,2015-11-25,5.7,138.0,2015,BIHAR,VAISHALI,D127,RAGHOPUR,25.5,85.5,22.71,2015,819.3968,20.1522,31.9204,6.071,1.53,2.0302,1150.4442,19.637,31.4515,6.071035616438356,1.5299501369863013,2.030226575342466,5.78,4.98,-0.08,0.72
440,25.42783,85.71169444,2015-07-08,2015-11-15,5.6,130.0,2015,BIHAR,VAISHALI,D127,RAGHOPUR,25.5,85.5,22.72,2015,819.3968,20.1522,31.9204,6.071,1.53,2.0302,1150.4442,19.637,31.4515,6.071035616438356,1.5299501369863013,2.030226575342466,5.78,4.98,-0.18,0.62
441,25.4325,85.71444444,2015-07-10,2015-11-20,5.3,133.0,2015,BIHAR,VAISHALI,D127,RAGHOPUR,25.5,85.5,22.8,2015,819.3968,20.1522,31.9204,6.071,1.53,2.0302,1150.4442,19.637,31.4515,6.071035616438356,1.5299501369863013,2.030226575342466,5.78,4.98,-0.48,0.32
442,25.42464,85.71169444,2015-07-10,2015-11-20,5.6,133.0,2015,BIHAR,VAISHALI,D127,RAGHOPUR,25.5,85.5,22.85,2015,819.3968,20.1522,31.9204,6.071,1.53,2.0302,1150.4442,19.637,31.4515,6.071035616438356,1.5299501369863013,2.030226575342466,5.78,4.98,-0.18,0.62
443,25.42506,85.715,2015-07-10,2015-11-15,5.7,128.0,2015,BIHAR,VAISHALI,D127,RAGHOPUR,25.5,85.5,23.14,2015,819.3968,20.1522,31.9204,6.071,1.53,2.0302,1150.4442,19.637,31.4515,6.071035616438356,1.5299501369863013,2.030226575342466,5.78,4.98,-0.08,0.72
444,25.25044,84.25836111,2015-07-10,2015-11-20,7.0,133.0,2015,BIHAR,BHOJPUR,D97,PIRO,25.5,84.5,36.87,2015,629.3482,19.7841,31.8642,5.3774,1.5725,2.0844,938.0157,19.2817,31.5265,5.377426301369863,1.572544383561644,2.0844279452054795,5.22,5.4,1.78,1.6
445,25.25333,84.25666667,2015-07-15,2015-11-22,6.8,130.0,2015,BIHAR,BHOJPUR,D97,PIRO,25.5,84.5,36.74,2015,629.3482,19.7841,31.8642,5.3774,1.5725,2.0844,938.0157,19.2817,31.5265,5.377426301369863,1.572544383561644,2.0844279452054795,5.22,5.4,1.58,1.4
446,25.25639,84.25311111,2015-07-24,2015-11-26,7.2,125.0,2015,BIHAR,BHOJPUR,D97,PIRO,25.5,84.5,36.73,2015,629.3482,19.7841,31.8642,5.3774,1.5725,2.0844,938.0157,19.2817,31.5265,5.377426301369863,1.572544383561644,2.0844279452054795,5.22,5.4,1.98,1.8
447,25.25025,84.25193611,2015-07-18,2015-11-21,6.9,126.0,2015,BIHAR,BHOJPUR,D97,PIRO,25.5,84.5,37.31,2015,629.3482,19.7841,31.8642,5.3774,1.5725,2.0844,938.0157,19.2817,31.5265,5.377426301369863,1.572544383561644,2.0844279452054795,5.22,5.4,1.68,1.5
448,25.25167,84.26572222,2015-07-20,2015-11-25,7.6,128.0,2015,BIHAR,BHOJPUR,D97,PIRO,25.5,84.5,36.28,2015,629.3482,19.7841,31.8642,5.3774,1.5725,2.0844,938.0157,19.2817,31.5265,5.377426301369863,1.572544383561644,2.0844279452054795,5.22,5.4,2.38,2.2
449,25.2525,84.26205556,2015-07-15,2015-12-01,7.2,139.0,2015,BIHAR,BHOJPUR,D97,PIRO,25.5,84.5,36.45,2015,629.3482,19.7841,31.8642,5.3774,1.5725,2.0844,938.0157,19.2817,31.5265,5.377426301369863,1.572544383561644,2.0844279452054795,5.22,5.4,1.98,1.8
450,25.25025,84.25952778,2015-07-22,2015-12-03,6.8,134.0,2015,BIHAR,BHOJPUR,D97,PIRO,25.5,84.5,36.81,2015,629.3482,19.7841,31.8642,5.3774,1.5725,2.0844,938.0157,19.2817,31.5265,5.377426301369863,1.572544383561644,2.0844279452054795,5.22,5.4,1.58,1.4
451,25.23566,84.25188889,2015-07-22,2015-12-03,6.8,134.0,2015,BIHAR,BHOJPUR,D97,PIRO,25.5,84.5,38.54,2015,629.3482,19.7841,31.8642,5.3774,1.5725,2.0844,938.0157,19.2817,31.5265,5.377426301369863,1.572544383561644,2.0844279452054795,5.22,5.4,1.58,1.4
452,25.23548,84.25005556,2015-07-30,2015-11-30,6.5,123.0,2015,BIHAR,BHOJPUR,D97,PIRO,25.5,84.5,38.68,2015,629.3482,19.7841,31.8642,5.3774,1.5725,2.0844,938.0157,19.2817,31.5265,5.377426301369863,1.572544383561644,2.0844279452054795,5.22,5.4,1.28,1.1
453,25.25681,84.23530556,2015-07-28,2015-12-05,6.8,130.0,2015,BIHAR,BHOJPUR,D97,PIRO,25.5,84.5,37.93,2015,629.3482,19.7841,31.8642,5.3774,1.5725,2.0844,938.0157,19.2817,31.5265,5.377426301369863,1.572544383561644,2.0844279452054795,5.22,5.4,1.58,1.4
454,25.21925,83.91030556,2015-07-16,2015-12-02,5.0,139.0,2015,UTTAR PRADESH,GHAZIPUR,D706,GHAZIPUR,25.5,83.5,51.71,2015,871.2688,19.8302,32.1657,4.3616,1.6128,2.1231,722.3205,19.316,31.8386,4.361574246575342,1.6128361643835616,2.1230627397260275,5.41,4.91,-0.41,0.09
455,25.21928,83.9135,2015-07-12,2015-12-02,5.2,143.0,2015,UTTAR PRADESH,GHAZIPUR,D706,GHAZIPUR,25.5,83.5,51.97,2015,871.2688,19.8302,32.1657,4.3616,1.6128,2.1231,722.3205,19.316,31.8386,4.361574246575342,1.6128361643835616,2.1230627397260275,5.41,4.91,-0.21,0.29
456,25.21944,83.90675,2015-07-15,2015-12-08,5.5,146.0,2015,UTTAR PRADESH,GHAZIPUR,D706,GHAZIPUR,25.5,83.5,51.42,2015,871.2688,19.8302,32.1657,4.3616,1.6128,2.1231,722.3205,19.316,31.8386,4.361574246575342,1.6128361643835616,2.1230627397260275,5.41,4.91,0.09,0.59
457,25.23358,83.90908333,2015-07-22,2015-12-03,5.8,134.0,2015,UTTAR PRADESH,GHAZIPUR,D706,GHAZIPUR,25.5,83.5,50.67,2015,871.2688,19.8302,32.1657,4.3616,1.6128,2.1231,722.3205,19.316,31.8386,4.361574246575342,1.6128361643835616,2.1230627397260275,5.41,4.91,0.39,0.89
458,25.23728,83.90208333,2015-07-15,2015-12-02,5.6,140.0,2015,UTTAR PRADESH,GHAZIPUR,D706,GHAZIPUR,25.5,83.5,49.85,2015,871.2688,19.8302,32.1657,4.3616,1.6128,2.1231,722.3205,19.316,31.8386,4.361574246575342,1.6128361643835616,2.1230627397260275,5.41,4.91,0.19,0.69
459,25.23358,83.90261111,2015-07-15,2015-12-04,6.0,142.0,2015,UTTAR PRADESH,GHAZIPUR,D706,GHAZIPUR,25.5,83.5,50.14,2015,871.2688,19.8302,32.1657,4.3616,1.6128,2.1231,722.3205,19.316,31.8386,4.361574246575342,1.6128361643835616,2.1230627397260275,5.41,4.91,0.59,1.09
460,25.24058,83.91469444,2015-07-30,2015-12-18,5.8,141.0,2015,UTTAR PRADESH,GHAZIPUR,D706,GHAZIPUR,25.5,83.5,50.68,2015,871.2688,19.8302,32.1657,4.3616,1.6128,2.1231,722.3205,19.316,31.8386,4.361574246575342,1.6128361643835616,2.1230627397260275,5.41,4.91,0.39,0.89
461,25.24158,83.91555556,2015-07-15,2015-12-08,5.0,146.0,2015,UTTAR PRADESH,GHAZIPUR,D706,GHAZIPUR,25.5,83.5,50.68,2015,871.2688,19.8302,32.1657,4.3616,1.6128,2.1231,722.3205,19.316,31.8386,4.361574246575342,1.6128361643835616,2.1230627397260275,5.41,4.91,-0.41,0.09
462,24.92311,84.08472222,2015-07-20,2015-11-25,5.5,128.0,2015,BIHAR,GAYA,D100,DUMARIA,24.5,84.5,63.03,2015,878.0458,19.6373,31.9182,5.6471,1.5722,2.0427,1027.8697,19.0633,31.4761,5.64707808219178,1.5722123287671235,2.0426972602739726,5.55,5.14,-0.05,0.36
463,24.92328,84.08772222,2015-07-15,2015-11-15,5.5,123.0,2015,BIHAR,GAYA,D100,DUMARIA,24.5,84.5,62.85,2015,878.0458,19.6373,31.9182,5.6471,1.5722,2.0427,1027.8697,19.0633,31.4761,5.64707808219178,1.5722123287671235,2.0426972602739726,5.55,5.14,-0.05,0.36
464,24.92764,84.08341667,2015-07-10,2015-11-20,5.8,133.0,2015,BIHAR,GAYA,D100,DUMARIA,24.5,84.5,63.5,2015,878.0458,19.6373,31.9182,5.6471,1.5722,2.0427,1027.8697,19.0633,31.4761,5.64707808219178,1.5722123287671235,2.0426972602739726,5.55,5.14,0.25,0.66
465,24.92225,84.06933056,2015-07-15,2015-11-30,5.6,138.0,2015,BIHAR,GAYA,D100,DUMARIA,24.5,84.5,64.01,2015,878.0458,19.6373,31.9182,5.6471,1.5722,2.0427,1027.8697,19.0633,31.4761,5.64707808219178,1.5722123287671235,2.0426972602739726,5.55,5.14,0.05,0.46
466,24.92153,84.06915,2015-07-25,2015-11-25,5.3,123.0,2015,BIHAR,GAYA,D100,DUMARIA,24.5,84.5,63.96,2015,878.0458,19.6373,31.9182,5.6471,1.5722,2.0427,1027.8697,19.0633,31.4761,5.64707808219178,1.5722123287671235,2.0426972602739726,5.55,5.14,-0.25,0.16
467,24.92486,84.068875,2015-07-05,2015-11-20,5.7,138.0,2015,BIHAR,GAYA,D100,DUMARIA,24.5,84.5,64.25,2015,878.0458,19.6373,31.9182,5.6471,1.5722,2.0427,1027.8697,19.0633,31.4761,5.64707808219178,1.5722123287671235,2.0426972602739726,5.55,5.14,0.15,0.56
468,24.92531,84.06881944,2015-07-08,2015-11-25,5.8,140.0,2015,BIHAR,GAYA,D100,DUMARIA,24.5,84.5,64.29,2015,878.0458,19.6373,31.9182,5.6471,1.5722,2.0427,1027.8697,19.0633,31.4761,5.64707808219178,1.5722123287671235,2.0426972602739726,5.55,5.14,0.25,0.66
469,24.92111,84.06861389,2015-07-10,2015-11-25,5.6,138.0,2015,BIHAR,GAYA,D100,DUMARIA,24.5,84.5,63.96,2015,878.0458,19.6373,31.9182,5.6471,1.5722,2.0427,1027.8697,19.0633,31.4761,5.64707808219178,1.5722123287671235,2.0426972602739726,5.55,5.14,0.05,0.46
470,25.14761,85.88541111,2015-07-25,2015-11-20,6.5,118.0,2015,BIHAR,VAISHALI,D127,RAGHOPUR,25.5,85.5,55.1,2015,819.3968,20.1522,31.9204,6.071,1.53,2.0302,1150.4442,19.637,31.4515,6.071035616438356,1.5299501369863013,2.030226575342466,5.78,4.98,0.72,1.52
471,25.14778,85.88538889,2015-07-25,2015-11-20,6.0,118.0,2015,BIHAR,VAISHALI,D127,RAGHOPUR,25.5,85.5,55.08,2015,819.3968,20.1522,31.9204,6.071,1.53,2.0302,1150.4442,19.637,31.4515,6.071035616438356,1.5299501369863013,2.030226575342466,5.78,4.98,0.22,1.02
472,25.14697,85.88526389,2015-07-20,2015-11-20,6.0,123.0,2015,BIHAR,VAISHALI,D127,RAGHOPUR,25.5,85.5,55.14,2015,819.3968,20.1522,31.9204,6.071,1.53,2.0302,1150.4442,19.637,31.4515,6.071035616438356,1.5299501369863013,2.030226575342466,5.78,4.98,0.22,1.02
473,25.14447,85.88500556,2015-07-15,2015-11-25,6.0,133.0,2015,BIHAR,VAISHALI,D127,RAGHOPUR,25.5,85.5,55.32,2015,819.3968,20.1522,31.9204,6.071,1.53,2.0302,1150.4442,19.637,31.4515,6.071035616438356,1.5299501369863013,2.030226575342466,5.78,4.98,0.22,1.02
474,25.14703,85.88531389,2015-07-10,2015-11-20,6.0,133.0,2015,BIHAR,VAISHALI,D127,RAGHOPUR,25.5,85.5,55.14,2015,819.3968,20.1522,31.9204,6.071,1.53,2.0302,1150.4442,19.637,31.4515,6.071035616438356,1.5299501369863013,2.030226575342466,5.78,4.98,0.22,1.02
475,25.14739,85.88550556,2015-07-10,2015-11-15,6.2,128.0,2015,BIHAR,VAISHALI,D127,RAGHOPUR,25.5,85.5,55.12,2015,819.3968,20.1522,31.9204,6.071,1.53,2.0302,1150.4442,19.637,31.4515,6.071035616438356,1.5299501369863013,2.030226575342466,5.78,4.98,0.42,1.22
476,25.14694,85.88581944,2015-07-10,2015-11-20,6.2,133.0,2015,BIHAR,VAISHALI,D127,RAGHOPUR,25.5,85.5,55.18,2015,819.3968,20.1522,31.9204,6.071,1.53,2.0302,1150.4442,19.637,31.4515,6.071035616438356,1.5299501369863013,2.030226575342466,5.78,4.98,0.42,1.22
477,25.14778,85.88604167,2015-07-10,2015-11-15,6.1,128.0,2015,BIHAR,VAISHALI,D127,RAGHOPUR,25.5,85.5,55.13,2015,819.3968,20.1522,31.9204,6.071,1.53,2.0302,1150.4442,19.637,31.4515,6.071035616438356,1.5299501369863013,2.030226575342466,5.78,4.98,0.32,1.12
478,25.14683,85.88558333,2015-07-15,2015-11-15,6.3,123.0,2015,BIHAR,VAISHALI,D127,RAGHOPUR,25.5,85.5,55.17,2015,819.3968,20.1522,31.9204,6.071,1.53,2.0302,1150.4442,19.637,31.4515,6.071035616438356,1.5299501369863013,2.030226575342466,5.78,4.98,0.52,1.32
479,25.13506,85.885975,2015-07-15,2015-11-25,6.5,133.0,2015,BIHAR,VAISHALI,D127,RAGHOPUR,25.5,85.5,56.14,2015,819.3968,20.1522,31.9204,6.071,1.53,2.0302,1150.4442,19.637,31.4515,6.071035616438356,1.5299501369863013,2.030226575342466,5.78,4.98,0.72,1.52
480,28.00483,78.98868,2012-07-15,2012-10-20,3.6,97.0,2012,UTTAR PRADESH,SAMBHAL,D739,CHANDAUSI,28.5,78.5,72.96,2012,772.0768,18.2687,31.2956,5.4882,1.68,2.3385,829.9717,18.4975,31.2054,5.488189071038252,1.6800191256830603,2.3384784153005462,4.75,4.48,-1.15,-0.88
481,28.00223,78.97222,2012-07-10,2012-10-18,4.8,100.0,2012,UTTAR PRADESH,SAMBHAL,D739,CHANDAUSI,28.5,78.5,72.13,2012,772.0768,18.2687,31.2956,5.4882,1.68,2.3385,829.9717,18.4975,31.2054,5.488189071038252,1.6800191256830603,2.3384784153005462,4.75,4.48,0.05,0.32
482,28.00432,78.98273,2012-07-25,2012-10-22,4.8,89.0,2012,UTTAR PRADESH,SAMBHAL,D739,CHANDAUSI,28.5,78.5,72.62,2012,772.0768,18.2687,31.2956,5.4882,1.68,2.3385,829.9717,18.4975,31.2054,5.488189071038252,1.6800191256830603,2.3384784153005462,4.75,4.48,0.05,0.32
483,28.00417,78.99745,2012-07-18,2012-10-12,4.8,86.0,2012,UTTAR PRADESH,SAMBHAL,D739,CHANDAUSI,28.5,78.5,73.58,2012,772.0768,18.2687,31.2956,5.4882,1.68,2.3385,829.9717,18.4975,31.2054,5.488189071038252,1.6800191256830603,2.3384784153005462,4.75,4.48,0.05,0.32
484,28.00408,78.9788,2012-07-13,2012-10-18,3.0,97.0,2012,UTTAR PRADESH,SAMBHAL,D739,CHANDAUSI,28.5,78.5,72.39,2012,772.0768,18.2687,31.2956,5.4882,1.68,2.3385,829.9717,18.4975,31.2054,5.488189071038252,1.6800191256830603,2.3384784153005462,4.75,4.48,-1.75,-1.48
485,28.00305,78.97468,2012-07-15,2012-10-22,4.8,99.0,2012,UTTAR PRADESH,SAMBHAL,D739,CHANDAUSI,28.5,78.5,72.22,2012,772.0768,18.2687,31.2956,5.4882,1.68,2.3385,829.9717,18.4975,31.2054,5.488189071038252,1.6800191256830603,2.3384784153005462,4.75,4.48,0.05,0.32
486,28.07362,78.82763,2012-07-15,2012-10-18,2.8,95.0,2012,UTTAR PRADESH,SAMBHAL,D739,CHANDAUSI,28.5,78.5,57.24,2012,772.0768,18.2687,31.2956,5.4882,1.68,2.3385,829.9717,18.4975,31.2054,5.488189071038252,1.6800191256830603,2.3384784153005462,4.75,4.48,-1.95,-1.68
487,28.0745,78.82882,2012-07-19,2012-10-12,2.4,85.0,2012,UTTAR PRADESH,SAMBHAL,D739,CHANDAUSI,28.5,78.5,57.23,2012,772.0768,18.2687,31.2956,5.4882,1.68,2.3385,829.9717,18.4975,31.2054,5.488189071038252,1.6800191256830603,2.3384784153005462,4.75,4.48,-2.35,-2.08
488,28.07548,78.83027,2012-06-21,2012-10-17,3.0,118.0,2012,UTTAR PRADESH,SAMBHAL,D739,CHANDAUSI,28.5,78.5,57.22,2012,772.0768,18.2687,31.2956,5.4882,1.68,2.3385,829.9717,18.4975,31.2054,5.488189071038252,1.6800191256830603,2.3384784153005462,4.75,4.48,-1.75,-1.48
489,28.07555,78.83378,2012-07-11,2012-09-08,3.0,59.0,2012,UTTAR PRADESH,SAMBHAL,D739,CHANDAUSI,28.5,78.5,57.41,2012,772.0768,18.2687,31.2956,5.4882,1.68,2.3385,829.9717,18.4975,31.2054,5.488189071038252,1.6800191256830603,2.3384784153005462,4.75,4.48,-1.75,-1.48
490,27.9191,79.24737,2012-07-18,2012-10-14,3.6,88.0,2012,UTTAR PRADESH,FARRUKHABAD,D702,AMRITPUR,27.5,79.5,52.82,2012,464.0802,18.9557,31.5865,4.3448,1.6564,2.3118,662.4055,19.1628,31.5674,4.344819125683061,1.6564158469945356,2.3117754098360654,4.13,4.24,-0.53,-0.64
491,27.92052,79.24837,2012-07-21,2012-10-11,3.2,82.0,2012,UTTAR PRADESH,FARRUKHABAD,D702,AMRITPUR,27.5,79.5,52.92,2012,464.0802,18.9557,31.5865,4.3448,1.6564,2.3118,662.4055,19.1628,31.5674,4.344819125683061,1.6564158469945356,2.3117754098360654,4.13,4.24,-0.93,-1.04
492,27.92167,79.24667,2012-07-15,2012-10-18,3.6,95.0,2012,UTTAR PRADESH,FARRUKHABAD,D702,AMRITPUR,27.5,79.5,53.11,2012,464.0802,18.9557,31.5865,4.3448,1.6564,2.3118,662.4055,19.1628,31.5674,4.344819125683061,1.6564158469945356,2.3117754098360654,4.13,4.24,-0.53,-0.64
493,27.92665,79.23972,2012-07-08,2012-10-10,3.0,94.0,2012,UTTAR PRADESH,FARRUKHABAD,D702,AMRITPUR,27.5,79.5,53.92,2012,464.0802,18.9557,31.5865,4.3448,1.6564,2.3118,662.4055,19.1628,31.5674,4.344819125683061,1.6564158469945356,2.3117754098360654,4.13,4.24,-1.13,-1.24
494,27.92978,79.23855,2012-07-17,2012-10-12,3.4,87.0,2012,UTTAR PRADESH,FARRUKHABAD,D702,AMRITPUR,27.5,79.5,54.28,2012,464.0802,18.9557,31.5865,4.3448,1.6564,2.3118,662.4055,19.1628,31.5674,4.344819125683061,1.6564158469945356,2.3117754098360654,4.13,4.24,-0.73,-0.84
495,27.92783,79.23833,2012-07-12,2012-10-08,3.5,88.0,2012,UTTAR PRADESH,FARRUKHABAD,D702,AMRITPUR,27.5,79.5,54.1,2012,464.0802,18.9557,31.5865,4.3448,1.6564,2.3118,662.4055,19.1628,31.5674,4.344819125683061,1.6564158469945356,2.3117754098360654,4.13,4.24,-0.63,-0.74
496,28.85085,79.50922,2012-06-27,2012-10-18,5.0,113.0,2012,UTTAR PRADESH,BAREILLY,D691,AONLA,28.5,79.5,39.02,2012,878.3143,17.249,29.7518,4.795,1.6072,2.2651,707.1914,17.6125,29.6846,4.79496612021858,1.6071639344262294,2.265097267759563,5.76,4.97,-0.76,0.03
497,28.85487,79.51055,2012-06-25,2012-10-26,5.0,123.0,2012,UTTAR PRADESH,BAREILLY,D691,AONLA,28.5,79.5,39.47,2012,878.3143,17.249,29.7518,4.795,1.6072,2.2651,707.1914,17.6125,29.6846,4.79496612021858,1.6071639344262294,2.265097267759563,5.76,4.97,-0.76,0.03
498,28.8542,79.51008,2012-07-07,2012-10-28,6.0,113.0,2012,UTTAR PRADESH,BAREILLY,D691,AONLA,28.5,79.5,39.4,2012,878.3143,17.249,29.7518,4.795,1.6072,2.2651,707.1914,17.6125,29.6846,4.79496612021858,1.6071639344262294,2.265097267759563,5.76,4.97,0.24,1.03
499,28.85428,79.51122,2012-06-24,2012-10-22,6.6,120.0,2012,UTTAR PRADESH,BAREILLY,D691,AONLA,28.5,79.5,39.41,2012,878.3143,17.249,29.7518,4.795,1.6072,2.2651,707.1914,17.6125,29.6846,4.79496612021858,1.6071639344262294,2.265097267759563,5.76,4.97,0.84,1.63
500,28.85367,79.51287,2012-06-15,2012-10-14,5.0,121.0,2012,UTTAR PRADESH,BAREILLY,D691,AONLA,28.5,79.5,39.35,2012,878.3143,17.249,29.7518,4.795,1.6072,2.2651,707.1914,17.6125,29.6846,4.79496612021858,1.6071639344262294,2.265097267759563,5.76,4.97,-0.76,0.03
501,28.85307,79.51475,2012-06-20,2012-10-18,5.5,120.0,2012,UTTAR PRADESH,BAREILLY,D691,AONLA,28.5,79.5,39.29,2012,878.3143,17.249,29.7518,4.795,1.6072,2.2651,707.1914,17.6125,29.6846,4.79496612021858,1.6071639344262294,2.265097267759563,5.76,4.97,-0.26,0.53
502,28.85482,79.51502,2012-06-27,2012-10-18,5.0,113.0,2012,UTTAR PRADESH,BAREILLY,D691,AONLA,28.5,79.5,39.48,2012,878.3143,17.249,29.7518,4.795,1.6072,2.2651,707.1914,17.6125,29.6846,4.79496612021858,1.6071639344262294,2.265097267759563,5.76,4.97,-0.76,0.03
503,28.85767,79.51528,2012-06-21,2012-10-18,5.5,119.0,2012,UTTAR PRADESH,BAREILLY,D691,AONLA,28.5,79.5,39.8,2012,878.3143,17.249,29.7518,4.795,1.6072,2.2651,707.1914,17.6125,29.6846,4.79496612021858,1.6071639344262294,2.265097267759563,5.76,4.97,-0.26,0.53
504,28.85887,79.518,2012-06-26,2012-10-22,5.0,118.0,2012,UTTAR PRADESH,BAREILLY,D691,AONLA,28.5,79.5,39.94,2012,878.3143,17.249,29.7518,4.795,1.6072,2.2651,707.1914,17.6125,29.6846,4.79496612021858,1.6071639344262294,2.265097267759563,5.76,4.97,-0.76,0.03
505,28.86003,79.51553,2012-06-18,2012-10-18,5.0,122.0,2012,UTTAR PRADESH,BAREILLY,D691,AONLA,28.5,79.5,40.06,2012,878.3143,17.249,29.7518,4.795,1.6072,2.2651,707.1914,17.6125,29.6846,4.79496612021858,1.6071639344262294,2.265097267759563,5.76,4.97,-0.76,0.03
506,28.45687,79.51583,2012-06-27,2012-10-18,3.2,113.0,2012,UTTAR PRADESH,BAREILLY,D691,AONLA,28.5,79.5,5.04,2012,878.3143,17.249,29.7518,4.795,1.6072,2.2651,707.1914,17.6125,29.6846,4.79496612021858,1.6071639344262294,2.265097267759563,5.76,4.97,-2.56,-1.77
507,28.45588,79.50257,2012-07-11,2012-10-28,5.3,109.0,2012,UTTAR PRADESH,BAREILLY,D691,AONLA,28.5,79.5,4.91,2012,878.3143,17.249,29.7518,4.795,1.6072,2.2651,707.1914,17.6125,29.6846,4.79496612021858,1.6071639344262294,2.265097267759563,5.76,4.97,-0.46,0.33
508,28.45247,79.50557,2012-07-10,2012-10-18,6.0,100.0,2012,UTTAR PRADESH,BAREILLY,D691,AONLA,28.5,79.5,5.31,2012,878.3143,17.249,29.7518,4.795,1.6072,2.2651,707.1914,17.6125,29.6846,4.79496612021858,1.6071639344262294,2.265097267759563,5.76,4.97,0.24,1.03
509,28.45137,79.50567,2012-07-06,2012-10-16,5.4,102.0,2012,UTTAR PRADESH,BAREILLY,D691,AONLA,28.5,79.5,5.44,2012,878.3143,17.249,29.7518,4.795,1.6072,2.2651,707.1914,17.6125,29.6846,4.79496612021858,1.6071639344262294,2.265097267759563,5.76,4.97,-0.36,0.43
510,28.45318,79.50203,2012-07-07,2012-10-23,4.5,108.0,2012,UTTAR PRADESH,BAREILLY,D691,AONLA,28.5,79.5,5.21,2012,878.3143,17.249,29.7518,4.795,1.6072,2.2651,707.1914,17.6125,29.6846,4.79496612021858,1.6071639344262294,2.265097267759563,5.76,4.97,-1.26,-0.47
511,28.45238,79.50098,2012-06-27,2012-10-22,4.8,117.0,2012,UTTAR PRADESH,BAREILLY,D691,AONLA,28.5,79.5,5.3,2012,878.3143,17.249,29.7518,4.795,1.6072,2.2651,707.1914,17.6125,29.6846,4.79496612021858,1.6071639344262294,2.265097267759563,5.76,4.97,-0.96,-0.17
512,28.45313,79.50015,2012-06-27,2012-10-17,5.0,112.0,2012,UTTAR PRADESH,BAREILLY,D691,AONLA,28.5,79.5,5.21,2012,878.3143,17.249,29.7518,4.795,1.6072,2.2651,707.1914,17.6125,29.6846,4.79496612021858,1.6071639344262294,2.265097267759563,5.76,4.97,-0.76,0.03
513,28.45102,79.49845,2012-06-26,2012-10-22,4.5,118.0,2012,UTTAR PRADESH,BAREILLY,D691,AONLA,28.5,79.5,5.45,2012,878.3143,17.249,29.7518,4.795,1.6072,2.2651,707.1914,17.6125,29.6846,4.79496612021858,1.6071639344262294,2.265097267759563,5.76,4.97,-1.26,-0.47
514,28.45335,79.49728,2012-06-27,2012-10-18,4.0,113.0,2012,UTTAR PRADESH,BAREILLY,D691,AONLA,28.5,79.5,5.19,2012,878.3143,17.249,29.7518,4.795,1.6072,2.2651,707.1914,17.6125,29.6846,4.79496612021858,1.6071639344262294,2.265097267759563,5.76,4.97,-1.76,-0.97
515,28.45562,79.49895,2012-06-24,2012-10-11,5.0,109.0,2012,UTTAR PRADESH,BAREILLY,D691,AONLA,28.5,79.5,4.94,2012,878.3143,17.249,29.7518,4.795,1.6072,2.2651,707.1914,17.6125,29.6846,4.79496612021858,1.6071639344262294,2.265097267759563,5.76,4.97,-0.76,0.03
516,28.27515,79.32703,2012-07-17,2012-10-23,4.6,98.0,2012,UTTAR PRADESH,BAREILLY,D691,AONLA,28.5,79.5,30.19,2012,878.3143,17.249,29.7518,4.795,1.6072,2.2651,707.1914,17.6125,29.6846,4.79496612021858,1.6071639344262294,2.265097267759563,5.76,4.97,-1.16,-0.37
517,28.2756,79.32565,2012-07-29,2012-10-17,5.0,80.0,2012,UTTAR PRADESH,BAREILLY,D691,AONLA,28.5,79.5,30.22,2012,878.3143,17.249,29.7518,4.795,1.6072,2.2651,707.1914,17.6125,29.6846,4.79496612021858,1.6071639344262294,2.265097267759563,5.76,4.97,-0.76,0.03
518,28.2764,79.3233,2012-07-28,2012-10-23,5.0,87.0,2012,UTTAR PRADESH,BAREILLY,D691,AONLA,28.5,79.5,30.28,2012,878.3143,17.249,29.7518,4.795,1.6072,2.2651,707.1914,17.6125,29.6846,4.79496612021858,1.6071639344262294,2.265097267759563,5.76,4.97,-0.76,0.03
519,28.27725,79.32212,2012-07-13,2012-10-26,5.5,105.0,2012,UTTAR PRADESH,BAREILLY,D691,AONLA,28.5,79.5,30.27,2012,878.3143,17.249,29.7518,4.795,1.6072,2.2651,707.1914,17.6125,29.6846,4.79496612021858,1.6071639344262294,2.265097267759563,5.76,4.97,-0.26,0.53
520,28.27802,79.32033,2012-07-11,2012-10-30,4.5,111.0,2012,UTTAR PRADESH,BAREILLY,D691,AONLA,28.5,79.5,30.3,2012,878.3143,17.249,29.7518,4.795,1.6072,2.2651,707.1914,17.6125,29.6846,4.79496612021858,1.6071639344262294,2.265097267759563,5.76,4.97,-1.26,-0.47
521,28.27828,79.31835,2012-07-20,2012-10-27,4.8,99.0,2012,UTTAR PRADESH,BAREILLY,D691,AONLA,28.5,79.5,30.39,2012,878.3143,17.249,29.7518,4.795,1.6072,2.2651,707.1914,17.6125,29.6846,4.79496612021858,1.6071639344262294,2.265097267759563,5.76,4.97,-0.96,-0.17
522,28.27868,79.31572,2012-07-19,2012-10-26,4.8,99.0,2012,UTTAR PRADESH,BAREILLY,D691,AONLA,28.5,79.5,30.51,2012,878.3143,17.249,29.7518,4.795,1.6072,2.2651,707.1914,17.6125,29.6846,4.79496612021858,1.6071639344262294,2.265097267759563,5.76,4.97,-0.96,-0.17
523,28.27533,79.31317,2012-07-16,2012-10-15,4.8,91.0,2012,UTTAR PRADESH,BAREILLY,D691,AONLA,28.5,79.5,30.95,2012,878.3143,17.249,29.7518,4.795,1.6072,2.2651,707.1914,17.6125,29.6846,4.79496612021858,1.6071639344262294,2.265097267759563,5.76,4.97,-0.96,-0.17
524,28.27893,79.31433,2012-07-17,2012-10-26,4.8,101.0,2012,UTTAR PRADESH,BAREILLY,D691,AONLA,28.5,79.5,30.56,2012,878.3143,17.249,29.7518,4.795,1.6072,2.2651,707.1914,17.6125,29.6846,4.79496612021858,1.6071639344262294,2.265097267759563,5.76,4.97,-0.96,-0.17
525,28.27375,79.32823,2012-07-19,2012-10-27,5.0,100.0,2012,UTTAR PRADESH,BAREILLY,D691,AONLA,28.5,79.5,30.25,2012,878.3143,17.249,29.7518,4.795,1.6072,2.2651,707.1914,17.6125,29.6846,4.79496612021858,1.6071639344262294,2.265097267759563,5.76,4.97,-0.76,0.03
526,28.47525,79.81443,2012-07-12,2012-10-22,4.0,102.0,2012,UTTAR PRADESH,BAREILLY,D691,AONLA,28.5,79.5,30.85,2012,878.3143,17.249,29.7518,4.795,1.6072,2.2651,707.1914,17.6125,29.6846,4.79496612021858,1.6071639344262294,2.265097267759563,5.76,4.97,-1.76,-0.97
527,28.47607,79.81233,2012-07-10,2012-10-18,4.8,100.0,2012,UTTAR PRADESH,BAREILLY,D691,AONLA,28.5,79.5,30.64,2012,878.3143,17.249,29.7518,4.795,1.6072,2.2651,707.1914,17.6125,29.6846,4.79496612021858,1.6071639344262294,2.265097267759563,5.76,4.97,-0.96,-0.17
528,28.47685,79.81263,2012-07-08,2012-10-19,5.0,103.0,2012,UTTAR PRADESH,BAREILLY,D691,AONLA,28.5,79.5,30.66,2012,878.3143,17.249,29.7518,4.795,1.6072,2.2651,707.1914,17.6125,29.6846,4.79496612021858,1.6071639344262294,2.265097267759563,5.76,4.97,-0.76,0.03
529,28.47733,79.81087,2012-07-12,2012-10-25,5.0,105.0,2012,UTTAR PRADESH,BAREILLY,D691,AONLA,28.5,79.5,30.49,2012,878.3143,17.249,29.7518,4.795,1.6072,2.2651,707.1914,17.6125,29.6846,4.79496612021858,1.6071639344262294,2.265097267759563,5.76,4.97,-0.76,0.03
530,28.47703,79.8104,2012-07-16,2012-10-24,4.8,100.0,2012,UTTAR PRADESH,BAREILLY,D691,AONLA,28.5,79.5,30.44,2012,878.3143,17.249,29.7518,4.795,1.6072,2.2651,707.1914,17.6125,29.6846,4.79496612021858,1.6071639344262294,2.265097267759563,5.76,4.97,-0.96,-0.17
531,28.4721,79.80832,2012-07-21,2012-10-17,5.2,88.0,2012,UTTAR PRADESH,BAREILLY,D691,AONLA,28.5,79.5,30.29,2012,878.3143,17.249,29.7518,4.795,1.6072,2.2651,707.1914,17.6125,29.6846,4.79496612021858,1.6071639344262294,2.265097267759563,5.76,4.97,-0.56,0.23
532,28.47183,79.80892,2012-07-07,2012-10-18,4.8,103.0,2012,UTTAR PRADESH,BAREILLY,D691,AONLA,28.5,79.5,30.35,2012,878.3143,17.249,29.7518,4.795,1.6072,2.2651,707.1914,17.6125,29.6846,4.79496612021858,1.6071639344262294,2.265097267759563,5.76,4.97,-0.96,-0.17
533,28.47038,79.8095,2012-07-07,2012-10-18,4.5,103.0,2012,UTTAR PRADESH,BAREILLY,D691,AONLA,28.5,79.5,30.43,2012,878.3143,17.249,29.7518,4.795,1.6072,2.2651,707.1914,17.6125,29.6846,4.79496612021858,1.6071639344262294,2.265097267759563,5.76,4.97,-1.26,-0.47
534,28.47013,79.81,2012-07-13,2012-10-12,5.0,91.0,2012,UTTAR PRADESH,BAREILLY,D691,AONLA,28.5,79.5,30.48,2012,878.3143,17.249,29.7518,4.795,1.6072,2.2651,707.1914,17.6125,29.6846,4.79496612021858,1.6071639344262294,2.265097267759563,5.76,4.97,-0.76,0.03
535,28.46985,79.81053,2012-07-08,2012-10-17,5.0,101.0,2012,UTTAR PRADESH,BAREILLY,D691,AONLA,28.5,79.5,30.53,2012,878.3143,17.249,29.7518,4.795,1.6072,2.2651,707.1914,17.6125,29.6846,4.79496612021858,1.6071639344262294,2.265097267759563,5.76,4.97,-0.76,0.03
536,28.53233,80.01145,2012-07-10,2012-10-12,5.0,94.0,2012,UTTAR PRADESH,KHERI,D722,DHAURAHARA,28.5,80.5,47.87,2012,968.8179,17.3792,29.976,7.3255,1.5751,2.2531,1167.349,17.8547,29.8791,7.325510109289618,1.5751412568306011,2.253127595628415,5.39,4.49,-0.39,0.51
537,28.53198,80.01222,2012-06-30,2012-10-10,5.0,102.0,2012,UTTAR PRADESH,KHERI,D722,DHAURAHARA,28.5,80.5,47.79,2012,968.8179,17.3792,29.976,7.3255,1.5751,2.2531,1167.349,17.8547,29.8791,7.325510109289618,1.5751412568306011,2.253127595628415,5.39,4.49,-0.39,0.51
538,28.53325,80.01158,2012-07-10,2012-10-18,5.2,100.0,2012,UTTAR PRADESH,KHERI,D722,DHAURAHARA,28.5,80.5,47.86,2012,968.8179,17.3792,29.976,7.3255,1.5751,2.2531,1167.349,17.8547,29.8791,7.325510109289618,1.5751412568306011,2.253127595628415,5.39,4.49,-0.19,0.71
539,28.53402,80.01183,2012-07-07,2012-10-12,5.4,97.0,2012,UTTAR PRADESH,KHERI,D722,DHAURAHARA,28.5,80.5,47.85,2012,968.8179,17.3792,29.976,7.3255,1.5751,2.2531,1167.349,17.8547,29.8791,7.325510109289618,1.5751412568306011,2.253127595628415,5.39,4.49,0.01,0.91
540,28.53515,80.01227,2012-07-01,2012-10-12,5.2,103.0,2012,UTTAR PRADESH,KHERI,D722,DHAURAHARA,28.5,80.5,47.81,2012,968.8179,17.3792,29.976,7.3255,1.5751,2.2531,1167.349,17.8547,29.8791,7.325510109289618,1.5751412568306011,2.253127595628415,5.39,4.49,-0.19,0.71
541,28.5366,80.01293,2012-07-03,2012-10-14,5.0,103.0,2012,UTTAR PRADESH,KHERI,D722,DHAURAHARA,28.5,80.5,47.76,2012,968.8179,17.3792,29.976,7.3255,1.5751,2.2531,1167.349,17.8547,29.8791,7.325510109289618,1.5751412568306011,2.253127595628415,5.39,4.49,-0.39,0.51
542,28.53718,80.01317,2012-07-07,2012-10-15,5.5,100.0,2012,UTTAR PRADESH,KHERI,D722,DHAURAHARA,28.5,80.5,47.74,2012,968.8179,17.3792,29.976,7.3255,1.5751,2.2531,1167.349,17.8547,29.8791,7.325510109289618,1.5751412568306011,2.253127595628415,5.39,4.49,0.11,1.01
543,28.53868,80.01365,2012-07-05,2012-10-10,5.5,97.0,2012,UTTAR PRADESH,KHERI,D722,DHAURAHARA,28.5,80.5,47.71,2012,968.8179,17.3792,29.976,7.3255,1.5751,2.2531,1167.349,17.8547,29.8791,7.325510109289618,1.5751412568306011,2.253127595628415,5.39,4.49,0.11,1.01
544,28.5412,80.0144,2012-07-05,2012-10-15,5.0,102.0,2012,UTTAR PRADESH,KHERI,D722,DHAURAHARA,28.5,80.5,47.66,2012,968.8179,17.3792,29.976,7.3255,1.5751,2.2531,1167.349,17.8547,29.8791,7.325510109289618,1.5751412568306011,2.253127595628415,5.39,4.49,-0.39,0.51
545,28.54163,80.0128,2012-07-22,2012-10-18,4.8,88.0,2012,UTTAR PRADESH,KHERI,D722,DHAURAHARA,28.5,80.5,47.82,2012,968.8179,17.3792,29.976,7.3255,1.5751,2.2531,1167.349,17.8547,29.8791,7.325510109289618,1.5751412568306011,2.253127595628415,5.39,4.49,-0.59,0.31
546,28.4416,80.17408,2012-07-06,2012-10-12,4.8,98.0,2012,UTTAR PRADESH,KHERI,D722,DHAURAHARA,28.5,80.5,32.51,2012,968.8179,17.3792,29.976,7.3255,1.5751,2.2531,1167.349,17.8547,29.8791,7.325510109289618,1.5751412568306011,2.253127595628415,5.39,4.49,-0.59,0.31
547,28.4411,80.17338,2012-07-12,2012-10-17,5.0,97.0,2012,UTTAR PRADESH,KHERI,D722,DHAURAHARA,28.5,80.5,32.59,2012,968.8179,17.3792,29.976,7.3255,1.5751,2.2531,1167.349,17.8547,29.8791,7.325510109289618,1.5751412568306011,2.253127595628415,5.39,4.49,-0.39,0.51
548,28.43995,80.1717,2012-07-17,2012-10-16,4.5,91.0,2012,UTTAR PRADESH,KHERI,D722,DHAURAHARA,28.5,80.5,32.78,2012,968.8179,17.3792,29.976,7.3255,1.5751,2.2531,1167.349,17.8547,29.8791,7.325510109289618,1.5751412568306011,2.253127595628415,5.39,4.49,-0.89,0.01
549,28.44045,80.17157,2012-07-05,2012-10-12,4.6,99.0,2012,UTTAR PRADESH,KHERI,D722,DHAURAHARA,28.5,80.5,32.78,2012,968.8179,17.3792,29.976,7.3255,1.5751,2.2531,1167.349,17.8547,29.8791,7.325510109289618,1.5751412568306011,2.253127595628415,5.39,4.49,-0.79,0.11
550,28.43905,80.17013,2012-07-05,2012-10-13,5.1,100.0,2012,UTTAR PRADESH,KHERI,D722,DHAURAHARA,28.5,80.5,32.95,2012,968.8179,17.3792,29.976,7.3255,1.5751,2.2531,1167.349,17.8547,29.8791,7.325510109289618,1.5751412568306011,2.253127595628415,5.39,4.49,-0.29,0.61
551,28.43867,80.17002,2012-07-08,2012-10-19,5.5,103.0,2012,UTTAR PRADESH,KHERI,D722,DHAURAHARA,28.5,80.5,32.97,2012,968.8179,17.3792,29.976,7.3255,1.5751,2.2531,1167.349,17.8547,29.8791,7.325510109289618,1.5751412568306011,2.253127595628415,5.39,4.49,0.11,1.01
552,28.438,80.17203,2012-07-05,2012-10-21,5.0,108.0,2012,UTTAR PRADESH,KHERI,D722,DHAURAHARA,28.5,80.5,32.79,2012,968.8179,17.3792,29.976,7.3255,1.5751,2.2531,1167.349,17.8547,29.8791,7.325510109289618,1.5751412568306011,2.253127595628415,5.39,4.49,-0.39,0.51
553,28.43608,80.17207,2012-07-03,2012-10-22,5.5,111.0,2012,UTTAR PRADESH,KHERI,D722,DHAURAHARA,28.5,80.5,32.83,2012,968.8179,17.3792,29.976,7.3255,1.5751,2.2531,1167.349,17.8547,29.8791,7.325510109289618,1.5751412568306011,2.253127595628415,5.39,4.49,0.11,1.01
554,28.43157,80.17213,2012-07-09,2012-10-23,5.5,106.0,2012,UTTAR PRADESH,KHERI,D722,DHAURAHARA,28.5,80.5,32.94,2012,968.8179,17.3792,29.976,7.3255,1.5751,2.2531,1167.349,17.8547,29.8791,7.325510109289618,1.5751412568306011,2.253127595628415,5.39,4.49,0.11,1.01
555,28.61558,79.11825,2012-07-02,2012-10-20,3.2,110.0,2012,UTTAR PRADESH,BAREILLY,D691,AONLA,28.5,79.5,39.44,2012,878.3143,17.249,29.7518,4.795,1.6072,2.2651,707.1914,17.6125,29.6846,4.79496612021858,1.6071639344262294,2.265097267759563,5.76,4.97,-2.56,-1.77
556,28.6153,79.1213,2012-06-30,2012-10-28,4.0,120.0,2012,UTTAR PRADESH,BAREILLY,D691,AONLA,28.5,79.5,39.15,2012,878.3143,17.249,29.7518,4.795,1.6072,2.2651,707.1914,17.6125,29.6846,4.79496612021858,1.6071639344262294,2.265097267759563,5.76,4.97,-1.76,-0.97
557,28.39505,79.11593,2012-07-03,2012-10-22,3.5,111.0,2012,UTTAR PRADESH,BAREILLY,D691,AONLA,28.5,79.5,39.32,2012,878.3143,17.249,29.7518,4.795,1.6072,2.2651,707.1914,17.6125,29.6846,4.79496612021858,1.6071639344262294,2.265097267759563,5.76,4.97,-2.26,-1.47
558,28.6151,79.12342,2012-06-28,2012-10-19,3.0,113.0,2012,UTTAR PRADESH,BAREILLY,D691,AONLA,28.5,79.5,38.94,2012,878.3143,17.249,29.7518,4.795,1.6072,2.2651,707.1914,17.6125,29.6846,4.79496612021858,1.6071639344262294,2.265097267759563,5.76,4.97,-2.76,-1.97
559,28.61503,79.12515,2012-07-05,2012-10-24,3.0,111.0,2012,UTTAR PRADESH,BAREILLY,D691,AONLA,28.5,79.5,38.78,2012,878.3143,17.249,29.7518,4.795,1.6072,2.2651,707.1914,17.6125,29.6846,4.79496612021858,1.6071639344262294,2.265097267759563,5.76,4.97,-2.76,-1.97
560,28.61417,79.12595,2012-07-03,2012-10-28,3.6,117.0,2012,UTTAR PRADESH,BAREILLY,D691,AONLA,28.5,79.5,38.68,2012,878.3143,17.249,29.7518,4.795,1.6072,2.2651,707.1914,17.6125,29.6846,4.79496612021858,1.6071639344262294,2.265097267759563,5.76,4.97,-2.16,-1.37
561,28.61492,79.1286,2012-07-01,2012-10-18,3.5,109.0,2012,UTTAR PRADESH,BAREILLY,D691,AONLA,28.5,79.5,38.46,2012,878.3143,17.249,29.7518,4.795,1.6072,2.2651,707.1914,17.6125,29.6846,4.79496612021858,1.6071639344262294,2.265097267759563,5.76,4.97,-2.26,-1.47
562,28.61345,79.12908,2012-06-30,2012-10-15,4.5,107.0,2012,UTTAR PRADESH,BAREILLY,D691,AONLA,28.5,79.5,38.36,2012,878.3143,17.249,29.7518,4.795,1.6072,2.2651,707.1914,17.6125,29.6846,4.79496612021858,1.6071639344262294,2.265097267759563,5.76,4.97,-1.26,-0.47
563,28.61122,79.1282,2012-07-03,2012-10-23,4.0,112.0,2012,UTTAR PRADESH,BAREILLY,D691,AONLA,28.5,79.5,38.36,2012,878.3143,17.249,29.7518,4.795,1.6072,2.2651,707.1914,17.6125,29.6846,4.79496612021858,1.6071639344262294,2.265097267759563,5.76,4.97,-1.76,-0.97
564,28.60913,79.1251,2012-06-28,2012-10-17,4.0,111.0,2012,UTTAR PRADESH,BAREILLY,D691,AONLA,28.5,79.5,38.57,2012,878.3143,17.249,29.7518,4.795,1.6072,2.2651,707.1914,17.6125,29.6846,4.79496612021858,1.6071639344262294,2.265097267759563,5.76,4.97,-1.76,-0.97
565,28.64852,79.0483,2012-07-07,2012-10-26,5.0,111.0,2012,UTTAR PRADESH,BAREILLY,D691,AONLA,28.5,79.5,47.1,2012,878.3143,17.249,29.7518,4.795,1.6072,2.2651,707.1914,17.6125,29.6846,4.79496612021858,1.6071639344262294,2.265097267759563,5.76,4.97,-0.76,0.03
566,28.6478,79.0479,2012-06-28,2012-10-23,5.6,117.0,2012,UTTAR PRADESH,BAREILLY,D691,AONLA,28.5,79.5,47.11,2012,878.3143,17.249,29.7518,4.795,1.6072,2.2651,707.1914,17.6125,29.6846,4.79496612021858,1.6071639344262294,2.265097267759563,5.76,4.97,-0.16,0.63
567,28.64782,79.04678,2012-07-08,2012-10-27,6.0,111.0,2012,UTTAR PRADESH,BAREILLY,D691,AONLA,28.5,79.5,47.21,2012,878.3143,17.249,29.7518,4.795,1.6072,2.2651,707.1914,17.6125,29.6846,4.79496612021858,1.6071639344262294,2.265097267759563,5.76,4.97,0.24,1.03
568,28.64987,79.04942,2012-06-27,2012-10-16,5.5,111.0,2012,UTTAR PRADESH,BAREILLY,D691,AONLA,28.5,79.5,47.05,2012,878.3143,17.249,29.7518,4.795,1.6072,2.2651,707.1914,17.6125,29.6846,4.79496612021858,1.6071639344262294,2.265097267759563,5.76,4.97,-0.26,0.53
569,28.66565,79.05085,2012-07-03,2012-10-22,5.2,111.0,2012,UTTAR PRADESH,BAREILLY,D691,AONLA,28.5,79.5,47.57,2012,878.3143,17.249,29.7518,4.795,1.6072,2.2651,707.1914,17.6125,29.6846,4.79496612021858,1.6071639344262294,2.265097267759563,5.76,4.97,-0.56,0.23
570,28.64875,79.0511,2012-07-02,2012-10-19,5.2,109.0,2012,UTTAR PRADESH,BAREILLY,D691,AONLA,28.5,79.5,46.85,2012,878.3143,17.249,29.7518,4.795,1.6072,2.2651,707.1914,17.6125,29.6846,4.79496612021858,1.6071639344262294,2.265097267759563,5.76,4.97,-0.56,0.23
571,28.6512,79.04477,2012-07-01,2012-10-22,4.0,113.0,2012,UTTAR PRADESH,BAREILLY,D691,AONLA,28.5,79.5,47.53,2012,878.3143,17.249,29.7518,4.795,1.6072,2.2651,707.1914,17.6125,29.6846,4.79496612021858,1.6071639344262294,2.265097267759563,5.76,4.97,-1.76,-0.97
572,28.64803,79.05202,2012-07-07,2012-10-18,5.0,103.0,2012,UTTAR PRADESH,BAREILLY,D691,AONLA,28.5,79.5,46.74,2012,878.3143,17.249,29.7518,4.795,1.6072,2.2651,707.1914,17.6125,29.6846,4.79496612021858,1.6071639344262294,2.265097267759563,5.76,4.97,-0.76,0.03
573,28.65352,79.04835,2012-06-27,2012-10-16,5.5,111.0,2012,UTTAR PRADESH,BAREILLY,D691,AONLA,28.5,79.5,47.29,2012,878.3143,17.249,29.7518,4.795,1.6072,2.2651,707.1914,17.6125,29.6846,4.79496612021858,1.6071639344262294,2.265097267759563,5.76,4.97,-0.26,0.53
574,28.656,79.046,2012-07-04,2012-10-28,4.0,116.0,2012,UTTAR PRADESH,BAREILLY,D691,AONLA,28.5,79.5,47.6,2012,878.3143,17.249,29.7518,4.795,1.6072,2.2651,707.1914,17.6125,29.6846,4.79496612021858,1.6071639344262294,2.265097267759563,5.76,4.97,-1.76,-0.97
575,28.84948,79.2411,2012-06-26,2012-10-18,4.8,114.0,2012,UTTAR PRADESH,BAREILLY,D691,AONLA,28.5,79.5,46.35,2012,878.3143,17.249,29.7518,4.795,1.6072,2.2651,707.1914,17.6125,29.6846,4.79496612021858,1.6071639344262294,2.265097267759563,5.76,4.97,-0.96,-0.17
576,28.8467,79.23995,2012-06-27,2012-10-18,4.4,113.0,2012,UTTAR PRADESH,BAREILLY,D691,AONLA,28.5,79.5,46.15,2012,878.3143,17.249,29.7518,4.795,1.6072,2.2651,707.1914,17.6125,29.6846,4.79496612021858,1.6071639344262294,2.265097267759563,5.76,4.97,-1.36,-0.57
577,28.84505,79.23882,2012-07-01,2012-10-31,5.0,122.0,2012,UTTAR PRADESH,BAREILLY,D691,AONLA,28.5,79.5,46.06,2012,878.3143,17.249,29.7518,4.795,1.6072,2.2651,707.1914,17.6125,29.6846,4.79496612021858,1.6071639344262294,2.265097267759563,5.76,4.97,-0.76,0.03
578,28.8437,79.23872,2012-07-03,2012-10-18,5.5,107.0,2012,UTTAR PRADESH,BAREILLY,D691,AONLA,28.5,79.5,45.94,2012,878.3143,17.249,29.7518,4.795,1.6072,2.2651,707.1914,17.6125,29.6846,4.79496612021858,1.6071639344262294,2.265097267759563,5.76,4.97,-0.26,0.53
579,28.84222,79.23913,2012-07-05,2012-10-10,5.0,97.0,2012,UTTAR PRADESH,BAREILLY,D691,AONLA,28.5,79.5,45.78,2012,878.3143,17.249,29.7518,4.795,1.6072,2.2651,707.1914,17.6125,29.6846,4.79496612021858,1.6071639344262294,2.265097267759563,5.76,4.97,-0.76,0.03
580,28.84172,79.24002,2012-07-06,2012-10-30,5.5,116.0,2012,UTTAR PRADESH,BAREILLY,D691,AONLA,28.5,79.5,45.69,2012,878.3143,17.249,29.7518,4.795,1.6072,2.2651,707.1914,17.6125,29.6846,4.79496612021858,1.6071639344262294,2.265097267759563,5.76,4.97,-0.26,0.53
581,28.8409,79.24045,2012-06-30,2012-10-18,4.0,110.0,2012,UTTAR PRADESH,BAREILLY,D691,AONLA,28.5,79.5,45.59,2012,878.3143,17.249,29.7518,4.795,1.6072,2.2651,707.1914,17.6125,29.6846,4.79496612021858,1.6071639344262294,2.265097267759563,5.76,4.97,-1.76,-0.97
582,28.8456,79.24058,2012-06-28,2012-10-17,5.5,111.0,2012,UTTAR PRADESH,BAREILLY,D691,AONLA,28.5,79.5,46.01,2012,878.3143,17.249,29.7518,4.795,1.6072,2.2651,707.1914,17.6125,29.6846,4.79496612021858,1.6071639344262294,2.265097267759563,5.76,4.97,-0.26,0.53
583,28.84182,79.24165,2012-07-02,2012-10-18,5.0,108.0,2012,UTTAR PRADESH,BAREILLY,D691,AONLA,28.5,79.5,45.61,2012,878.3143,17.249,29.7518,4.795,1.6072,2.2651,707.1914,17.6125,29.6846,4.79496612021858,1.6071639344262294,2.265097267759563,5.76,4.97,-0.76,0.03
584,28.84402,79.24113,2012-06-26,2012-10-11,5.5,107.0,2012,UTTAR PRADESH,BAREILLY,D691,AONLA,28.5,79.5,45.84,2012,878.3143,17.249,29.7518,4.795,1.6072,2.2651,707.1914,17.6125,29.6846,4.79496612021858,1.6071639344262294,2.265097267759563,5.76,4.97,-0.26,0.53
585,27.02523,77.82955,2012-07-22,2012-10-18,4.2,88.0,2012,UTTAR PRADESH,MATHURA,D728,CHHATA,27.5,77.5,62.03,2012,771.1353,18.8968,32.1078,4.4269,1.8345,2.4306,627.2124,18.8746,32.142,4.426866666666667,1.8345202185792349,2.4306407103825136,4.12,4.24,0.08,-0.04
586,27.02147,77.84225,2012-07-22,2012-10-18,4.5,88.0,2012,UTTAR PRADESH,MATHURA,D728,CHHATA,27.5,77.5,63.05,2012,771.1353,18.8968,32.1078,4.4269,1.8345,2.4306,627.2124,18.8746,32.142,4.426866666666667,1.8345202185792349,2.4306407103825136,4.12,4.24,0.38,0.26
587,27.00223,77.84063,2012-07-28,2012-10-25,4.5,89.0,2012,UTTAR PRADESH,MATHURA,D728,CHHATA,27.5,77.5,64.79,2012,771.1353,18.8968,32.1078,4.4269,1.8345,2.4306,627.2124,18.8746,32.142,4.426866666666667,1.8345202185792349,2.4306407103825136,4.12,4.24,0.38,0.26
588,27.95203,77.76325,2012-07-25,2012-10-22,4.0,89.0,2012,UTTAR PRADESH,MATHURA,D728,CHHATA,27.5,77.5,56.55,2012,771.1353,18.8968,32.1078,4.4269,1.8345,2.4306,627.2124,18.8746,32.142,4.426866666666667,1.8345202185792349,2.4306407103825136,4.12,4.24,-0.12,-0.24
589,27.95475,77.76367,2012-07-10,2012-10-22,3.6,104.0,2012,UTTAR PRADESH,MATHURA,D728,CHHATA,27.5,77.5,56.84,2012,771.1353,18.8968,32.1078,4.4269,1.8345,2.4306,627.2124,18.8746,32.142,4.426866666666667,1.8345202185792349,2.4306407103825136,4.12,4.24,-0.52,-0.64
590,27.956,77.76635,2012-07-28,2012-10-27,3.8,91.0,2012,UTTAR PRADESH,MATHURA,D728,CHHATA,27.5,77.5,57.08,2012,771.1353,18.8968,32.1078,4.4269,1.8345,2.4306,627.2124,18.8746,32.142,4.426866666666667,1.8345202185792349,2.4306407103825136,4.12,4.24,-0.32,-0.44
591,27.95835,77.76843,2012-07-22,2012-10-25,4.5,95.0,2012,UTTAR PRADESH,MATHURA,D728,CHHATA,27.5,77.5,57.41,2012,771.1353,18.8968,32.1078,4.4269,1.8345,2.4306,627.2124,18.8746,32.142,4.426866666666667,1.8345202185792349,2.4306407103825136,4.12,4.24,0.38,0.26
592,27.95882,77.76998,2012-07-08,2012-10-26,4.8,110.0,2012,UTTAR PRADESH,MATHURA,D728,CHHATA,27.5,77.5,57.52,2012,771.1353,18.8968,32.1078,4.4269,1.8345,2.4306,627.2124,18.8746,32.142,4.426866666666667,1.8345202185792349,2.4306407103825136,4.12,4.24,0.68,0.56
593,27.96035,77.77142,2012-07-05,2012-10-17,4.8,104.0,2012,UTTAR PRADESH,MATHURA,D728,CHHATA,27.5,77.5,57.74,2012,771.1353,18.8968,32.1078,4.4269,1.8345,2.4306,627.2124,18.8746,32.142,4.426866666666667,1.8345202185792349,2.4306407103825136,4.12,4.24,0.68,0.56
594,27.96172,77.77267,2012-07-08,2012-10-27,3.5,111.0,2012,UTTAR PRADESH,MATHURA,D728,CHHATA,27.5,77.5,57.93,2012,771.1353,18.8968,32.1078,4.4269,1.8345,2.4306,627.2124,18.8746,32.142,4.426866666666667,1.8345202185792349,2.4306407103825136,4.12,4.24,-0.62,-0.74
595,27.96418,77.77467,2012-07-12,2012-10-28,3.6,108.0,2012,UTTAR PRADESH,MATHURA,D728,CHHATA,27.5,77.5,58.27,2012,771.1353,18.8968,32.1078,4.4269,1.8345,2.4306,627.2124,18.8746,32.142,4.426866666666667,1.8345202185792349,2.4306407103825136,4.12,4.24,-0.52,-0.64
596,27.75845,77.97747,2012-07-15,2012-11-24,4.8,132.0,2012,UTTAR PRADESH,MATHURA,D728,CHHATA,27.5,77.5,55.12,2012,771.1353,18.8968,32.1078,4.4269,1.8345,2.4306,627.2124,18.8746,32.142,4.426866666666667,1.8345202185792349,2.4306407103825136,4.12,4.24,0.68,0.56
597,27.183,78.62197,2012-07-15,2012-10-27,3.6,104.0,2012,UTTAR PRADESH,ETAH,D700,ALIGANJ,27.5,78.5,37.25,2012,609.0106,18.9193,32.3272,4.9332,1.7147,2.3586,688.3935,19.1437,32.2858,4.933233060109289,1.7146964480874316,2.3585808743169396,4.5,4.45,-0.9,-0.85
598,27.1716,78.61365,2012-07-21,2012-10-25,4.8,96.0,2012,UTTAR PRADESH,ETAH,D700,ALIGANJ,27.5,78.5,38.2,2012,609.0106,18.9193,32.3272,4.9332,1.7147,2.3586,688.3935,19.1437,32.2858,4.933233060109289,1.7146964480874316,2.3585808743169396,4.5,4.45,0.3,0.35
599,27.16833,78.61225,2012-07-19,2012-10-30,4.5,103.0,2012,UTTAR PRADESH,ETAH,D700,ALIGANJ,27.5,78.5,38.51,2012,609.0106,18.9193,32.3272,4.9332,1.7147,2.3586,688.3935,19.1437,32.2858,4.933233060109289,1.7146964480874316,2.3585808743169396,4.5,4.45,0.0,0.05
600,27.68573,78.32378,2012-07-22,2012-10-24,4.8,94.0,2012,UTTAR PRADESH,ETAH,D700,ALIGANJ,27.5,78.5,26.98,2012,609.0106,18.9193,32.3272,4.9332,1.7147,2.3586,688.3935,19.1437,32.2858,4.933233060109289,1.7146964480874316,2.3585808743169396,4.5,4.45,0.3,0.35
601,27.6865,78.32247,2012-07-15,2012-10-22,4.2,99.0,2012,UTTAR PRADESH,ETAH,D700,ALIGANJ,27.5,78.5,27.13,2012,609.0106,18.9193,32.3272,4.9332,1.7147,2.3586,688.3935,19.1437,32.2858,4.933233060109289,1.7146964480874316,2.3585808743169396,4.5,4.45,-0.3,-0.25
602,27.68448,78.32252,2012-07-15,2012-10-23,4.8,100.0,2012,UTTAR PRADESH,ETAH,D700,ALIGANJ,27.5,78.5,26.96,2012,609.0106,18.9193,32.3272,4.9332,1.7147,2.3586,688.3935,19.1437,32.2858,4.933233060109289,1.7146964480874316,2.3585808743169396,4.5,4.45,0.3,0.35
603,27.68308,78.32357,2012-07-17,2012-10-21,4.2,96.0,2012,UTTAR PRADESH,ETAH,D700,ALIGANJ,27.5,78.5,26.77,2012,609.0106,18.9193,32.3272,4.9332,1.7147,2.3586,688.3935,19.1437,32.2858,4.933233060109289,1.7146964480874316,2.3585808743169396,4.5,4.45,-0.3,-0.25
604,27.68357,78.32233,2012-07-18,2012-10-29,4.5,103.0,2012,UTTAR PRADESH,ETAH,D700,ALIGANJ,27.5,78.5,26.89,2012,609.0106,18.9193,32.3272,4.9332,1.7147,2.3586,688.3935,19.1437,32.2858,4.933233060109289,1.7146964480874316,2.3585808743169396,4.5,4.45,0.0,0.05
605,27.68173,78.3246,2012-07-22,2012-10-31,4.8,101.0,2012,UTTAR PRADESH,ETAH,D700,ALIGANJ,27.5,78.5,26.59,2012,609.0106,18.9193,32.3272,4.9332,1.7147,2.3586,688.3935,19.1437,32.2858,4.933233060109289,1.7146964480874316,2.3585808743169396,4.5,4.45,0.3,0.35
606,27.68228,78.32733,2012-07-15,2012-10-26,4.8,103.0,2012,UTTAR PRADESH,ETAH,D700,ALIGANJ,27.5,78.5,26.46,2012,609.0106,18.9193,32.3272,4.9332,1.7147,2.3586,688.3935,19.1437,32.2858,4.933233060109289,1.7146964480874316,2.3585808743169396,4.5,4.45,0.3,0.35
607,27.68257,78.33137,2012-07-26,2012-11-01,4.6,98.0,2012,UTTAR PRADESH,ETAH,D700,ALIGANJ,27.5,78.5,26.24,2012,609.0106,18.9193,32.3272,4.9332,1.7147,2.3586,688.3935,19.1437,32.2858,4.933233060109289,1.7146964480874316,2.3585808743169396,4.5,4.45,0.1,0.15
608,27.68422,78.336,2012-07-19,2012-11-03,4.8,107.0,2012,UTTAR PRADESH,ETAH,D700,ALIGANJ,27.5,78.5,26.09,2012,609.0106,18.9193,32.3272,4.9332,1.7147,2.3586,688.3935,19.1437,32.2858,4.933233060109289,1.7146964480874316,2.3585808743169396,4.5,4.45,0.3,0.35
609,27.25112,79.22013,2012-07-26,2012-10-27,4.2,93.0,2012,UTTAR PRADESH,FARRUKHABAD,D702,AMRITPUR,27.5,79.5,39.11,2012,464.0802,18.9557,31.5865,4.3448,1.6564,2.3118,662.4055,19.1628,31.5674,4.344819125683061,1.6564158469945356,2.3117754098360654,4.13,4.24,0.07,-0.04
610,27.2608,79.222,2012-07-22,2012-10-30,5.5,100.0,2012,UTTAR PRADESH,FARRUKHABAD,D702,AMRITPUR,27.5,79.5,38.22,2012,464.0802,18.9557,31.5865,4.3448,1.6564,2.3118,662.4055,19.1628,31.5674,4.344819125683061,1.6564158469945356,2.3117754098360654,4.13,4.24,1.37,1.26
611,27.24212,79.22377,2012-07-28,2012-11-01,4.2,96.0,2012,UTTAR PRADESH,FARRUKHABAD,D702,AMRITPUR,27.5,79.5,39.58,2012,464.0802,18.9557,31.5865,4.3448,1.6564,2.3118,662.4055,19.1628,31.5674,4.344819125683061,1.6564158469945356,2.3117754098360654,4.13,4.24,0.07,-0.04
612,27.2412,79.22793,2012-07-30,2012-11-05,4.8,98.0,2012,UTTAR PRADESH,FARRUKHABAD,D702,AMRITPUR,27.5,79.5,39.37,2012,464.0802,18.9557,31.5865,4.3448,1.6564,2.3118,662.4055,19.1628,31.5674,4.344819125683061,1.6564158469945356,2.3117754098360654,4.13,4.24,0.67,0.56
613,27.77523,77.46368,2012-07-12,2012-11-01,5.0,112.0,2012,UTTAR PRADESH,MATHURA,D728,CHHATA,27.5,77.5,30.81,2012,771.1353,18.8968,32.1078,4.4269,1.8345,2.4306,627.2124,18.8746,32.142,4.426866666666667,1.8345202185792349,2.4306407103825136,4.12,4.24,0.88,0.76
614,27.77652,77.46478,2012-07-12,2012-10-28,4.5,108.0,2012,UTTAR PRADESH,MATHURA,D728,CHHATA,27.5,77.5,30.94,2012,771.1353,18.8968,32.1078,4.4269,1.8345,2.4306,627.2124,18.8746,32.142,4.426866666666667,1.8345202185792349,2.4306407103825136,4.12,4.24,0.38,0.26
615,27.77467,77.46267,2012-07-15,2012-10-30,5.0,107.0,2012,UTTAR PRADESH,MATHURA,D728,CHHATA,27.5,77.5,30.76,2012,771.1353,18.8968,32.1078,4.4269,1.8345,2.4306,627.2124,18.8746,32.142,4.426866666666667,1.8345202185792349,2.4306407103825136,4.12,4.24,0.88,0.76
616,27.77767,77.4656,2012-07-08,2012-10-22,4.8,106.0,2012,UTTAR PRADESH,MATHURA,D728,CHHATA,27.5,77.5,31.06,2012,771.1353,18.8968,32.1078,4.4269,1.8345,2.4306,627.2124,18.8746,32.142,4.426866666666667,1.8345202185792349,2.4306407103825136,4.12,4.24,0.68,0.56
617,27.7631,77.47232,2012-07-12,2012-10-26,4.5,106.0,2012,UTTAR PRADESH,MATHURA,D728,CHHATA,27.5,77.5,29.38,2012,771.1353,18.8968,32.1078,4.4269,1.8345,2.4306,627.2124,18.8746,32.142,4.426866666666667,1.8345202185792349,2.4306407103825136,4.12,4.24,0.38,0.26
618,27.75892,77.47618,2012-07-20,2012-10-27,4.8,99.0,2012,UTTAR PRADESH,MATHURA,D728,CHHATA,27.5,77.5,28.89,2012,771.1353,18.8968,32.1078,4.4269,1.8345,2.4306,627.2124,18.8746,32.142,4.426866666666667,1.8345202185792349,2.4306407103825136,4.12,4.24,0.68,0.56
619,27.75653,77.47955,2012-07-24,2012-10-26,5.0,94.0,2012,UTTAR PRADESH,MATHURA,D728,CHHATA,27.5,77.5,28.6,2012,771.1353,18.8968,32.1078,4.4269,1.8345,2.4306,627.2124,18.8746,32.142,4.426866666666667,1.8345202185792349,2.4306407103825136,4.12,4.24,0.88,0.76
620,27.75487,77.48228,2012-07-18,2012-10-25,4.4,99.0,2012,UTTAR PRADESH,MATHURA,D728,CHHATA,27.5,77.5,28.39,2012,771.1353,18.8968,32.1078,4.4269,1.8345,2.4306,627.2124,18.8746,32.142,4.426866666666667,1.8345202185792349,2.4306407103825136,4.12,4.24,0.28,0.16
621,27.7556,77.48308,2012-07-15,2012-10-18,4.8,95.0,2012,UTTAR PRADESH,MATHURA,D728,CHHATA,27.5,77.5,28.47,2012,771.1353,18.8968,32.1078,4.4269,1.8345,2.4306,627.2124,18.8746,32.142,4.426866666666667,1.8345202185792349,2.4306407103825136,4.12,4.24,0.68,0.56
622,27.74383,77.49308,2012-07-18,2012-10-26,4.8,100.0,2012,UTTAR PRADESH,MATHURA,D728,CHHATA,27.5,77.5,27.12,2012,771.1353,18.8968,32.1078,4.4269,1.8345,2.4306,627.2124,18.8746,32.142,4.426866666666667,1.8345202185792349,2.4306407103825136,4.12,4.24,0.68,0.56
623,25.54987,81.83013,2012-07-07,2012-10-18,5.2,103.0,2012,UTTAR PRADESH,KAUSHAMBI,D721,CHAIL,25.5,81.5,33.59,2012,1251.2008,19.0746,32.2499,5.5743,1.7334,2.257,906.4717,19.3884,32.2718,5.5742792349726775,1.7333543715846993,2.2569628415300547,3.98,4.56,1.22,0.64
624,25.55077,81.83195,2012-07-04,2012-10-12,4.8,100.0,2012,UTTAR PRADESH,KAUSHAMBI,D721,CHAIL,25.5,81.5,33.78,2012,1251.2008,19.0746,32.2499,5.5743,1.7334,2.257,906.4717,19.3884,32.2718,5.5742792349726775,1.7333543715846993,2.2569628415300547,3.98,4.56,0.82,0.24
625,25.55565,81.8318,2012-07-05,2012-10-18,4.8,105.0,2012,UTTAR PRADESH,KAUSHAMBI,D721,CHAIL,25.5,81.5,33.86,2012,1251.2008,19.0746,32.2499,5.5743,1.7334,2.257,906.4717,19.3884,32.2718,5.5742792349726775,1.7333543715846993,2.2569628415300547,3.98,4.56,0.82,0.24
626,25.56272,81.83313,2012-07-10,2012-10-18,4.9,100.0,2012,UTTAR PRADESH,KAUSHAMBI,D721,CHAIL,25.5,81.5,34.14,2012,1251.2008,19.0746,32.2499,5.5743,1.7334,2.257,906.4717,19.3884,32.2718,5.5742792349726775,1.7333543715846993,2.2569628415300547,3.98,4.56,0.92,0.34
627,25.5621,81.83237,2012-07-06,2012-10-10,5.5,96.0,2012,UTTAR PRADESH,KAUSHAMBI,D721,CHAIL,25.5,81.5,34.06,2012,1251.2008,19.0746,32.2499,5.5743,1.7334,2.257,906.4717,19.3884,32.2718,5.5742792349726775,1.7333543715846993,2.2569628415300547,3.98,4.56,1.52,0.94
628,25.56222,81.83195,2012-07-05,2012-10-10,5.0,97.0,2012,UTTAR PRADESH,KAUSHAMBI,D721,CHAIL,25.5,81.5,34.02,2012,1251.2008,19.0746,32.2499,5.5743,1.7334,2.257,906.4717,19.3884,32.2718,5.5742792349726775,1.7333543715846993,2.2569628415300547,3.98,4.56,1.02,0.44
629,25.5628,81.8316,2012-07-09,2012-10-17,4.5,100.0,2012,UTTAR PRADESH,KAUSHAMBI,D721,CHAIL,25.5,81.5,34.0,2012,1251.2008,19.0746,32.2499,5.5743,1.7334,2.257,906.4717,19.3884,32.2718,5.5742792349726775,1.7333543715846993,2.2569628415300547,3.98,4.56,0.52,-0.06
630,25.56403,81.8331,2012-07-12,2012-10-18,5.2,98.0,2012,UTTAR PRADESH,KAUSHAMBI,D721,CHAIL,25.5,81.5,34.17,2012,1251.2008,19.0746,32.2499,5.5743,1.7334,2.257,906.4717,19.3884,32.2718,5.5742792349726775,1.7333543715846993,2.2569628415300547,3.98,4.56,1.22,0.64
631,27.54473,79.33903,2012-07-26,2012-10-25,5.0,91.0,2012,UTTAR PRADESH,FARRUKHABAD,D702,AMRITPUR,27.5,79.5,16.63,2012,464.0802,18.9557,31.5865,4.3448,1.6564,2.3118,662.4055,19.1628,31.5674,4.344819125683061,1.6564158469945356,2.3117754098360654,4.13,4.24,0.87,0.76
632,27.18463,80.4798,2012-07-15,2012-10-18,4.5,95.0,2012,UTTAR PRADESH,SITAPUR,D745,BISWAN,27.5,80.5,35.12,2012,961.3955,18.777,31.542,5.3021,1.6019,2.2806,798.4658,19.197,31.4292,5.302124043715847,1.6019382513661202,2.280550819672131,4.8,4.52,-0.3,-0.02
633,27.18477,80.48015,2012-07-25,2012-10-30,4.5,97.0,2012,UTTAR PRADESH,SITAPUR,D745,BISWAN,27.5,80.5,35.11,2012,961.3955,18.777,31.542,5.3021,1.6019,2.2806,798.4658,19.197,31.4292,5.302124043715847,1.6019382513661202,2.280550819672131,4.8,4.52,-0.3,-0.02
634,27.18328,80.47987,2012-07-22,2012-10-29,3.8,99.0,2012,UTTAR PRADESH,SITAPUR,D745,BISWAN,27.5,80.5,35.27,2012,961.3955,18.777,31.542,5.3021,1.6019,2.2806,798.4658,19.197,31.4292,5.302124043715847,1.6019382513661202,2.280550819672131,4.8,4.52,-1.0,-0.72
635,27.18118,80.47998,2012-07-19,2012-11-02,4.8,106.0,2012,UTTAR PRADESH,SITAPUR,D745,BISWAN,27.5,80.5,35.51,2012,961.3955,18.777,31.542,5.3021,1.6019,2.2806,798.4658,19.197,31.4292,5.302124043715847,1.6019382513661202,2.280550819672131,4.8,4.52,0.0,0.28
636,27.17972,80.48005,2012-07-24,2012-10-26,4.5,94.0,2012,UTTAR PRADESH,SITAPUR,D745,BISWAN,27.5,80.5,35.67,2012,961.3955,18.777,31.542,5.3021,1.6019,2.2806,798.4658,19.197,31.4292,5.302124043715847,1.6019382513661202,2.280550819672131,4.8,4.52,-0.3,-0.02
637,27.17537,80.47577,2012-07-20,2012-11-02,4.8,105.0,2012,UTTAR PRADESH,SITAPUR,D745,BISWAN,27.5,80.5,36.18,2012,961.3955,18.777,31.542,5.3021,1.6019,2.2806,798.4658,19.197,31.4292,5.302124043715847,1.6019382513661202,2.280550819672131,4.8,4.52,0.0,0.28
638,27.17408,80.48113,2012-07-25,2012-10-28,4.4,95.0,2012,UTTAR PRADESH,SITAPUR,D745,BISWAN,27.5,80.5,36.29,2012,961.3955,18.777,31.542,5.3021,1.6019,2.2806,798.4658,19.197,31.4292,5.302124043715847,1.6019382513661202,2.280550819672131,4.8,4.52,-0.4,-0.12
639,27.17147,80.48192,2012-07-18,2012-10-20,4.8,94.0,2012,UTTAR PRADESH,SITAPUR,D745,BISWAN,27.5,80.5,36.57,2012,961.3955,18.777,31.542,5.3021,1.6019,2.2806,798.4658,19.197,31.4292,5.302124043715847,1.6019382513661202,2.280550819672131,4.8,4.52,0.0,0.28
640,27.16863,80.4823,2012-07-25,2012-11-03,4.7,101.0,2012,UTTAR PRADESH,SITAPUR,D745,BISWAN,27.5,80.5,36.89,2012,961.3955,18.777,31.542,5.3021,1.6019,2.2806,798.4658,19.197,31.4292,5.302124043715847,1.6019382513661202,2.280550819672131,4.8,4.52,-0.1,0.18
641,27.39265,80.07148,2012-07-20,2012-10-30,5.5,102.0,2012,UTTAR PRADESH,SITAPUR,D745,BISWAN,27.5,80.5,43.94,2012,961.3955,18.777,31.542,5.3021,1.6019,2.2806,798.4658,19.197,31.4292,5.302124043715847,1.6019382513661202,2.280550819672131,4.8,4.52,0.7,0.98
642,27.39168,80.06867,2012-07-25,2012-11-02,5.5,100.0,2012,UTTAR PRADESH,SITAPUR,D745,BISWAN,27.5,80.5,44.23,2012,961.3955,18.777,31.542,5.3021,1.6019,2.2806,798.4658,19.197,31.4292,5.302124043715847,1.6019382513661202,2.280550819672131,4.8,4.52,0.7,0.98
643,27.39235,80.06857,2012-07-20,2012-10-25,4.9,97.0,2012,UTTAR PRADESH,SITAPUR,D745,BISWAN,27.5,80.5,44.22,2012,961.3955,18.777,31.542,5.3021,1.6019,2.2806,798.4658,19.197,31.4292,5.302124043715847,1.6019382513661202,2.280550819672131,4.8,4.52,0.1,0.38
644,27.3926,80.07223,2012-07-15,2012-10-22,4.6,99.0,2012,UTTAR PRADESH,SITAPUR,D745,BISWAN,27.5,80.5,43.87,2012,961.3955,18.777,31.542,5.3021,1.6019,2.2806,798.4658,19.197,31.4292,5.302124043715847,1.6019382513661202,2.280550819672131,4.8,4.52,-0.2,0.08
645,27.39297,80.07562,2012-07-18,2012-10-26,4.9,100.0,2012,UTTAR PRADESH,SITAPUR,D745,BISWAN,27.5,80.5,43.54,2012,961.3955,18.777,31.542,5.3021,1.6019,2.2806,798.4658,19.197,31.4292,5.302124043715847,1.6019382513661202,2.280550819672131,4.8,4.52,0.1,0.38
646,27.3929,80.0767,2012-07-12,2012-10-18,5.5,98.0,2012,UTTAR PRADESH,SITAPUR,D745,BISWAN,27.5,80.5,43.44,2012,961.3955,18.777,31.542,5.3021,1.6019,2.2806,798.4658,19.197,31.4292,5.302124043715847,1.6019382513661202,2.280550819672131,4.8,4.52,0.7,0.98
647,27.39295,80.07772,2012-07-22,2012-11-02,5.0,103.0,2012,UTTAR PRADESH,SITAPUR,D745,BISWAN,27.5,80.5,43.34,2012,961.3955,18.777,31.542,5.3021,1.6019,2.2806,798.4658,19.197,31.4292,5.302124043715847,1.6019382513661202,2.280550819672131,4.8,4.52,0.2,0.48
648,27.39307,80.07902,2012-07-15,2012-10-26,5.0,103.0,2012,UTTAR PRADESH,SITAPUR,D745,BISWAN,27.5,80.5,43.21,2012,961.3955,18.777,31.542,5.3021,1.6019,2.2806,798.4658,19.197,31.4292,5.302124043715847,1.6019382513661202,2.280550819672131,4.8,4.52,0.2,0.48
649,27.39477,80.08075,2012-07-18,2012-10-20,5.4,94.0,2012,UTTAR PRADESH,SITAPUR,D745,BISWAN,27.5,80.5,42.99,2012,961.3955,18.777,31.542,5.3021,1.6019,2.2806,798.4658,19.197,31.4292,5.302124043715847,1.6019382513661202,2.280550819672131,4.8,4.52,0.6,0.88
650,27.39248,80.08317,2012-07-25,2012-11-02,4.8,100.0,2012,UTTAR PRADESH,SITAPUR,D745,BISWAN,27.5,80.5,42.83,2012,961.3955,18.777,31.542,5.3021,1.6019,2.2806,798.4658,19.197,31.4292,5.302124043715847,1.6019382513661202,2.280550819672131,4.8,4.52,0.0,0.28
651,27.39333,80.08517,2012-07-25,2012-10-17,5.0,84.0,2012,UTTAR PRADESH,SITAPUR,D745,BISWAN,27.5,80.5,42.62,2012,961.3955,18.777,31.542,5.3021,1.6019,2.2806,798.4658,19.197,31.4292,5.302124043715847,1.6019382513661202,2.280550819672131,4.8,4.52,0.2,0.48
652,27.15398,80.06868,2012-07-24,2012-10-18,4.8,86.0,2012,UTTAR PRADESH,SITAPUR,D745,BISWAN,27.5,80.5,57.41,2012,961.3955,18.777,31.542,5.3021,1.6019,2.2806,798.4658,19.197,31.4292,5.302124043715847,1.6019382513661202,2.280550819672131,4.8,4.52,0.0,0.28
653,27.1577,80.06332,2012-07-15,2012-10-18,4.8,95.0,2012,UTTAR PRADESH,SITAPUR,D745,BISWAN,27.5,80.5,57.53,2012,961.3955,18.777,31.542,5.3021,1.6019,2.2806,798.4658,19.197,31.4292,5.302124043715847,1.6019382513661202,2.280550819672131,4.8,4.52,0.0,0.28
654,27.16053,80.05942,2012-07-22,2012-10-25,4.8,95.0,2012,UTTAR PRADESH,SITAPUR,D745,BISWAN,27.5,80.5,57.61,2012,961.3955,18.777,31.542,5.3021,1.6019,2.2806,798.4658,19.197,31.4292,5.302124043715847,1.6019382513661202,2.280550819672131,4.8,4.52,0.0,0.28
655,27.1641,80.05565,2012-07-20,2012-10-24,4.0,96.0,2012,UTTAR PRADESH,SITAPUR,D745,BISWAN,27.5,80.5,57.63,2012,961.3955,18.777,31.542,5.3021,1.6019,2.2806,798.4658,19.197,31.4292,5.302124043715847,1.6019382513661202,2.280550819672131,4.8,4.52,-0.8,-0.52
656,25.79447,80.94345,2012-07-20,2012-11-08,4.0,111.0,2012,UTTAR PRADESH,BANDA,D689,ATARRA,25.5,80.5,55.21,2012,753.3073,19.0237,32.4759,5.5307,1.7598,2.3293,826.2369,19.2582,32.3986,5.530652185792349,1.7598360655737706,2.3292806010928966,4.64,4.51,-0.64,-0.51
657,25.79475,80.9397,2012-07-20,2012-10-28,4.2,100.0,2012,UTTAR PRADESH,BANDA,D689,ATARRA,25.5,80.5,54.93,2012,753.3073,19.0237,32.4759,5.5307,1.7598,2.3293,826.2369,19.2582,32.3986,5.530652185792349,1.7598360655737706,2.3292806010928966,4.64,4.51,-0.44,-0.31
658,25.79752,80.94272,2012-07-27,2012-10-23,3.0,88.0,2012,UTTAR PRADESH,BANDA,D689,ATARRA,25.5,80.5,55.35,2012,753.3073,19.0237,32.4759,5.5307,1.7598,2.3293,826.2369,19.2582,32.3986,5.530652185792349,1.7598360655737706,2.3292806010928966,4.64,4.51,-1.64,-1.51
659,26.00998,80.85,2012-07-20,2012-11-02,4.5,105.0,2012,UTTAR PRADESH,UNNAO,D748,BIGHAPUR,26.5,80.5,64.71,2012,895.9397,19.0959,31.8417,3.7922,1.7091,2.3175,561.7311,19.2876,31.7702,3.792191530054645,1.709104644808743,2.3174696721311476,4.35,3.97,0.15,0.53
660,26.00928,80.84947,2012-07-28,2012-11-02,4.5,97.0,2012,UTTAR PRADESH,UNNAO,D748,BIGHAPUR,26.5,80.5,64.75,2012,895.9397,19.0959,31.8417,3.7922,1.7091,2.3175,561.7311,19.2876,31.7702,3.792191530054645,1.709104644808743,2.3174696721311476,4.35,3.97,0.15,0.53
661,26.00848,80.849,2012-07-20,2012-10-28,4.8,100.0,2012,UTTAR PRADESH,UNNAO,D748,BIGHAPUR,26.5,80.5,64.8,2012,895.9397,19.0959,31.8417,3.7922,1.7091,2.3175,561.7311,19.2876,31.7702,3.792191530054645,1.709104644808743,2.3174696721311476,4.35,3.97,0.45,0.83
662,26.00732,80.8484,2012-07-22,2012-11-01,4.8,102.0,2012,UTTAR PRADESH,UNNAO,D748,BIGHAPUR,26.5,80.5,64.87,2012,895.9397,19.0959,31.8417,3.7922,1.7091,2.3175,561.7311,19.2876,31.7702,3.792191530054645,1.709104644808743,2.3174696721311476,4.35,3.97,0.45,0.83
663,26.00372,80.84647,2012-07-27,2012-11-03,6.0,99.0,2012,UTTAR PRADESH,UNNAO,D748,BIGHAPUR,26.5,80.5,65.11,2012,895.9397,19.0959,31.8417,3.7922,1.7091,2.3175,561.7311,19.2876,31.7702,3.792191530054645,1.709104644808743,2.3174696721311476,4.35,3.97,1.65,2.03
664,26.00218,80.8457,2012-07-22,2012-10-25,5.0,95.0,2012,UTTAR PRADESH,UNNAO,D748,BIGHAPUR,26.5,80.5,65.21,2012,895.9397,19.0959,31.8417,3.7922,1.7091,2.3175,561.7311,19.2876,31.7702,3.792191530054645,1.709104644808743,2.3174696721311476,4.35,3.97,0.65,1.03
665,26.00102,80.84523,2012-07-22,2012-10-30,4.5,100.0,2012,UTTAR PRADESH,UNNAO,D748,BIGHAPUR,26.5,80.5,65.3,2012,895.9397,19.0959,31.8417,3.7922,1.7091,2.3175,561.7311,19.2876,31.7702,3.792191530054645,1.709104644808743,2.3174696721311476,4.35,3.97,0.15,0.53
666,25.99952,80.84472,2012-07-28,2012-11-02,4.2,97.0,2012,UTTAR PRADESH,BANDA,D689,ATARRA,25.5,80.5,65.4,2012,753.3073,19.0237,32.4759,5.5307,1.7598,2.3293,826.2369,19.2582,32.3986,5.530652185792349,1.7598360655737706,2.3292806010928966,4.64,4.51,-0.44,-0.31
667,25.99832,80.84437,2012-07-25,2012-11-02,5.0,100.0,2012,UTTAR PRADESH,BANDA,D689,ATARRA,25.5,80.5,65.27,2012,753.3073,19.0237,32.4759,5.5307,1.7598,2.3293,826.2369,19.2582,32.3986,5.530652185792349,1.7598360655737706,2.3292806010928966,4.64,4.51,0.36,0.49
668,25.99675,80.84368,2012-07-20,2012-10-18,4.0,90.0,2012,UTTAR PRADESH,BANDA,D689,ATARRA,25.5,80.5,65.08,2012,753.3073,19.0237,32.4759,5.5307,1.7598,2.3293,826.2369,19.2582,32.3986,5.530652185792349,1.7598360655737706,2.3292806010928966,4.64,4.51,-0.64,-0.51
669,25.99523,80.84273,2012-07-05,2012-11-20,5.0,138.0,2012,UTTAR PRADESH,BANDA,D689,ATARRA,25.5,80.5,64.89,2012,753.3073,19.0237,32.4759,5.5307,1.7598,2.3293,826.2369,19.2582,32.3986,5.530652185792349,1.7598360655737706,2.3292806010928966,4.64,4.51,0.36,0.49
670,25.99382,80.84193,2012-07-30,2012-11-06,4.0,99.0,2012,UTTAR PRADESH,BANDA,D689,ATARRA,25.5,80.5,64.71,2012,753.3073,19.0237,32.4759,5.5307,1.7598,2.3293,826.2369,19.2582,32.3986,5.530652185792349,1.7598360655737706,2.3292806010928966,4.64,4.51,-0.64,-0.51
671,25.99197,80.84255,2012-07-27,2012-11-03,4.0,99.0,2012,UTTAR PRADESH,BANDA,D689,ATARRA,25.5,80.5,64.57,2012,753.3073,19.0237,32.4759,5.5307,1.7598,2.3293,826.2369,19.2582,32.3986,5.530652185792349,1.7598360655737706,2.3292806010928966,4.64,4.51,-0.64,-0.51
672,25.99098,80.84037,2012-07-28,2012-10-25,4.2,89.0,2012,UTTAR PRADESH,BANDA,D689,ATARRA,25.5,80.5,64.36,2012,753.3073,19.0237,32.4759,5.5307,1.7598,2.3293,826.2369,19.2582,32.3986,5.530652185792349,1.7598360655737706,2.3292806010928966,4.64,4.51,-0.44,-0.31
673,26.9812,79.81523,2012-07-20,2012-10-15,3.6,87.0,2012,UTTAR PRADESH,AURAIYA,D682,AURAIYA,26.5,79.5,61.99,2012,326.0204,18.9751,32.1508,2.9458,1.7261,2.3573,486.1461,19.2151,32.1998,2.945773224043716,1.7260639344262294,2.3573494535519126,3.66,3.91,-0.06,-0.31
674,26.65003,80.15923,2012-07-22,2012-10-18,4.2,88.0,2012,UTTAR PRADESH,UNNAO,D748,BIGHAPUR,26.5,80.5,37.77,2012,895.9397,19.0959,31.8417,3.7922,1.7091,2.3175,561.7311,19.2876,31.7702,3.792191530054645,1.709104644808743,2.3174696721311476,4.35,3.97,-0.15,0.23
675,26.66368,80.1493,2012-07-30,2012-11-02,4.2,95.0,2012,UTTAR PRADESH,UNNAO,D748,BIGHAPUR,26.5,80.5,39.34,2012,895.9397,19.0959,31.8417,3.7922,1.7091,2.3175,561.7311,19.2876,31.7702,3.792191530054645,1.709104644808743,2.3174696721311476,4.35,3.97,-0.15,0.23
676,26.6618,80.15065,2012-07-27,2012-11-02,4.4,98.0,2012,UTTAR PRADESH,UNNAO,D748,BIGHAPUR,26.5,80.5,39.12,2012,895.9397,19.0959,31.8417,3.7922,1.7091,2.3175,561.7311,19.2876,31.7702,3.792191530054645,1.709104644808743,2.3174696721311476,4.35,3.97,0.05,0.43
677,26.65962,80.15227,2012-07-26,2012-10-22,4.5,88.0,2012,UTTAR PRADESH,UNNAO,D748,BIGHAPUR,26.5,80.5,38.87,2012,895.9397,19.0959,31.8417,3.7922,1.7091,2.3175,561.7311,19.2876,31.7702,3.792191530054645,1.709104644808743,2.3174696721311476,4.35,3.97,0.15,0.53
678,26.65707,80.15413,2012-07-19,2012-10-20,4.4,93.0,2012,UTTAR PRADESH,UNNAO,D748,BIGHAPUR,26.5,80.5,38.58,2012,895.9397,19.0959,31.8417,3.7922,1.7091,2.3175,561.7311,19.2876,31.7702,3.792191530054645,1.709104644808743,2.3174696721311476,4.35,3.97,0.05,0.43
679,26.65337,80.15682,2012-07-27,2012-11-01,5.0,97.0,2012,UTTAR PRADESH,UNNAO,D748,BIGHAPUR,26.5,80.5,38.15,2012,895.9397,19.0959,31.8417,3.7922,1.7091,2.3175,561.7311,19.2876,31.7702,3.792191530054645,1.709104644808743,2.3174696721311476,4.35,3.97,0.65,1.03
680,26.65165,80.15808,2012-07-22,2012-10-22,3.8,92.0,2012,UTTAR PRADESH,UNNAO,D748,BIGHAPUR,26.5,80.5,37.95,2012,895.9397,19.0959,31.8417,3.7922,1.7091,2.3175,561.7311,19.2876,31.7702,3.792191530054645,1.709104644808743,2.3174696721311476,4.35,3.97,-0.55,-0.17
681,25.53508,81.5679,2012-07-22,2012-10-28,4.2,98.0,2012,UTTAR PRADESH,KAUSHAMBI,D721,CHAIL,25.5,81.5,7.85,2012,1251.2008,19.0746,32.2499,5.5743,1.7334,2.257,906.4717,19.3884,32.2718,5.5742792349726775,1.7333543715846993,2.2569628415300547,3.98,4.56,0.22,-0.36
682,25.53513,81.56873,2012-07-12,2012-10-15,4.2,95.0,2012,UTTAR PRADESH,KAUSHAMBI,D721,CHAIL,25.5,81.5,7.93,2012,1251.2008,19.0746,32.2499,5.5743,1.7334,2.257,906.4717,19.3884,32.2718,5.5742792349726775,1.7333543715846993,2.2569628415300547,3.98,4.56,0.22,-0.36
683,25.53533,81.56892,2012-07-18,2012-10-21,4.4,95.0,2012,UTTAR PRADESH,KAUSHAMBI,D721,CHAIL,25.5,81.5,7.95,2012,1251.2008,19.0746,32.2499,5.5743,1.7334,2.257,906.4717,19.3884,32.2718,5.5742792349726775,1.7333543715846993,2.2569628415300547,3.98,4.56,0.42,-0.16
684,25.53573,81.5693,2012-07-18,2012-10-22,4.4,96.0,2012,UTTAR PRADESH,KAUSHAMBI,D721,CHAIL,25.5,81.5,8.01,2012,1251.2008,19.0746,32.2499,5.5743,1.7334,2.257,906.4717,19.3884,32.2718,5.5742792349726775,1.7333543715846993,2.2569628415300547,3.98,4.56,0.42,-0.16
685,25.53615,81.56972,2012-07-25,2012-10-26,4.4,93.0,2012,UTTAR PRADESH,KAUSHAMBI,D721,CHAIL,25.5,81.5,8.07,2012,1251.2008,19.0746,32.2499,5.5743,1.7334,2.257,906.4717,19.3884,32.2718,5.5742792349726775,1.7333543715846993,2.2569628415300547,3.98,4.56,0.42,-0.16
686,25.53667,81.57017,2012-07-14,2012-10-15,4.5,93.0,2012,UTTAR PRADESH,KAUSHAMBI,D721,CHAIL,25.5,81.5,8.14,2012,1251.2008,19.0746,32.2499,5.5743,1.7334,2.257,906.4717,19.3884,32.2718,5.5742792349726775,1.7333543715846993,2.2569628415300547,3.98,4.56,0.52,-0.06
687,25.53737,81.57085,2012-07-22,2012-10-24,4.8,94.0,2012,UTTAR PRADESH,KAUSHAMBI,D721,CHAIL,25.5,81.5,8.23,2012,1251.2008,19.0746,32.2499,5.5743,1.7334,2.257,906.4717,19.3884,32.2718,5.5742792349726775,1.7333543715846993,2.2569628415300547,3.98,4.56,0.82,0.24
688,25.53787,81.57137,2012-07-26,2012-10-21,4.9,87.0,2012,UTTAR PRADESH,KAUSHAMBI,D721,CHAIL,25.5,81.5,8.31,2012,1251.2008,19.0746,32.2499,5.5743,1.7334,2.257,906.4717,19.3884,32.2718,5.5742792349726775,1.7333543715846993,2.2569628415300547,3.98,4.56,0.92,0.34
689,25.53593,81.57447,2012-07-18,2012-10-24,4.3,98.0,2012,UTTAR PRADESH,KAUSHAMBI,D721,CHAIL,25.5,81.5,8.47,2012,1251.2008,19.0746,32.2499,5.5743,1.7334,2.257,906.4717,19.3884,32.2718,5.5742792349726775,1.7333543715846993,2.2569628415300547,3.98,4.56,0.32,-0.26
690,25.5354,81.58278,2012-07-15,2012-10-22,4.6,99.0,2012,UTTAR PRADESH,KAUSHAMBI,D721,CHAIL,25.5,81.5,9.19,2012,1251.2008,19.0746,32.2499,5.5743,1.7334,2.257,906.4717,19.3884,32.2718,5.5742792349726775,1.7333543715846993,2.2569628415300547,3.98,4.56,0.62,0.04
691,26.69058,81.01112,2012-07-25,2012-11-10,4.8,108.0,2012,UTTAR PRADESH,AMETHI,D680,AMETHI,26.5,81.5,53.03,2012,950.2037,19.0768,31.8249,3.9618,1.6617,2.2869,660.2928,19.4208,31.785,3.9617543715847,1.6617385245901641,2.286896174863388,4.64,4.22,0.16,0.58
692,26.69067,81.00978,2012-07-20,2012-11-07,5.0,110.0,2012,UTTAR PRADESH,AMETHI,D680,AMETHI,26.5,81.5,53.15,2012,950.2037,19.0768,31.8249,3.9618,1.6617,2.2869,660.2928,19.4208,31.785,3.9617543715847,1.6617385245901641,2.286896174863388,4.64,4.22,0.36,0.78
693,26.69063,81.00835,2012-07-26,2012-11-15,4.8,112.0,2012,UTTAR PRADESH,AMETHI,D680,AMETHI,26.5,81.5,53.28,2012,950.2037,19.0768,31.8249,3.9618,1.6617,2.2869,660.2928,19.4208,31.785,3.9617543715847,1.6617385245901641,2.286896174863388,4.64,4.22,0.16,0.58
694,26.69018,81.00737,2012-07-30,2012-11-12,4.8,105.0,2012,UTTAR PRADESH,AMETHI,D680,AMETHI,26.5,81.5,53.35,2012,950.2037,19.0768,31.8249,3.9618,1.6617,2.2869,660.2928,19.4208,31.785,3.9617543715847,1.6617385245901641,2.286896174863388,4.64,4.22,0.16,0.58
695,26.68972,81.00628,2012-07-15,2012-11-05,4.8,113.0,2012,UTTAR PRADESH,AMETHI,D680,AMETHI,26.5,81.5,53.43,2012,950.2037,19.0768,31.8249,3.9618,1.6617,2.2869,660.2928,19.4208,31.785,3.9617543715847,1.6617385245901641,2.286896174863388,4.64,4.22,0.16,0.58
696,26.6903,81.00537,2012-07-20,2012-10-28,5.2,100.0,2012,UTTAR PRADESH,AMETHI,D680,AMETHI,26.5,81.5,53.54,2012,950.2037,19.0768,31.8249,3.9618,1.6617,2.2869,660.2928,19.4208,31.785,3.9617543715847,1.6617385245901641,2.286896174863388,4.64,4.22,0.56,0.98
697,26.69122,81.00423,2012-07-28,2012-11-08,3.8,103.0,2012,UTTAR PRADESH,AMETHI,D680,AMETHI,26.5,81.5,53.68,2012,950.2037,19.0768,31.8249,3.9618,1.6617,2.2869,660.2928,19.4208,31.785,3.9617543715847,1.6617385245901641,2.286896174863388,4.64,4.22,-0.84,-0.42
698,26.69208,81.00237,2012-07-18,2012-11-03,4.2,108.0,2012,UTTAR PRADESH,AMETHI,D680,AMETHI,26.5,81.5,53.89,2012,950.2037,19.0768,31.8249,3.9618,1.6617,2.2869,660.2928,19.4208,31.785,3.9617543715847,1.6617385245901641,2.286896174863388,4.64,4.22,-0.44,-0.02
699,26.6926,81.00117,2012-07-24,2012-11-09,4.0,108.0,2012,UTTAR PRADESH,AMETHI,D680,AMETHI,26.5,81.5,54.02,2012,950.2037,19.0768,31.8249,3.9618,1.6617,2.2869,660.2928,19.4208,31.785,3.9617543715847,1.6617385245901641,2.286896174863388,4.64,4.22,-0.64,-0.22
700,26.69362,80.99985,2012-07-15,2012-11-02,3.0,110.0,2012,UTTAR PRADESH,UNNAO,D748,BIGHAPUR,26.5,80.5,54.16,2012,895.9397,19.0959,31.8417,3.7922,1.7091,2.3175,561.7311,19.2876,31.7702,3.792191530054645,1.709104644808743,2.3174696721311476,4.35,3.97,-1.35,-0.97
701,26.69447,80.99887,2012-07-20,2012-10-27,5.0,99.0,2012,UTTAR PRADESH,UNNAO,D748,BIGHAPUR,26.5,80.5,54.11,2012,895.9397,19.0959,31.8417,3.7922,1.7091,2.3175,561.7311,19.2876,31.7702,3.792191530054645,1.709104644808743,2.3174696721311476,4.35,3.97,0.65,1.03
702,26.69365,80.99778,2012-07-24,2012-11-03,4.5,102.0,2012,UTTAR PRADESH,UNNAO,D748,BIGHAPUR,26.5,80.5,53.97,2012,895.9397,19.0959,31.8417,3.7922,1.7091,2.3175,561.7311,19.2876,31.7702,3.792191530054645,1.709104644808743,2.3174696721311476,4.35,3.97,0.15,0.53
703,26.69277,80.9962,2012-07-22,2012-11-08,5.5,109.0,2012,UTTAR PRADESH,UNNAO,D748,BIGHAPUR,26.5,80.5,53.79,2012,895.9397,19.0959,31.8417,3.7922,1.7091,2.3175,561.7311,19.2876,31.7702,3.792191530054645,1.709104644808743,2.3174696721311476,4.35,3.97,1.15,1.53
704,26.69168,80.99477,2012-07-25,2012-11-08,4.5,106.0,2012,UTTAR PRADESH,UNNAO,D748,BIGHAPUR,26.5,80.5,53.61,2012,895.9397,19.0959,31.8417,3.7922,1.7091,2.3175,561.7311,19.2876,31.7702,3.792191530054645,1.709104644808743,2.3174696721311476,4.35,3.97,0.15,0.53
705,26.48108,81.09555,2012-06-15,2012-10-12,4.5,119.0,2012,UTTAR PRADESH,AMETHI,D680,AMETHI,26.5,81.5,40.31,2012,950.2037,19.0768,31.8249,3.9618,1.6617,2.2869,660.2928,19.4208,31.785,3.9617543715847,1.6617385245901641,2.286896174863388,4.64,4.22,-0.14,0.28
706,26.48123,81.0971,2012-07-02,2012-10-22,4.0,112.0,2012,UTTAR PRADESH,AMETHI,D680,AMETHI,26.5,81.5,40.15,2012,950.2037,19.0768,31.8249,3.9618,1.6617,2.2869,660.2928,19.4208,31.785,3.9617543715847,1.6617385245901641,2.286896174863388,4.64,4.22,-0.64,-0.22
707,26.48217,81.09768,2012-07-05,2012-10-27,4.8,114.0,2012,UTTAR PRADESH,AMETHI,D680,AMETHI,26.5,81.5,40.09,2012,950.2037,19.0768,31.8249,3.9618,1.6617,2.2869,660.2928,19.4208,31.785,3.9617543715847,1.6617385245901641,2.286896174863388,4.64,4.22,0.16,0.58
708,26.48357,81.09883,2012-07-15,2012-11-05,4.5,113.0,2012,UTTAR PRADESH,AMETHI,D680,AMETHI,26.5,81.5,39.97,2012,950.2037,19.0768,31.8249,3.9618,1.6617,2.2869,660.2928,19.4208,31.785,3.9617543715847,1.6617385245901641,2.286896174863388,4.64,4.22,-0.14,0.28
709,26.47823,81.10535,2012-07-13,2012-11-01,3.5,111.0,2012,UTTAR PRADESH,AMETHI,D680,AMETHI,26.5,81.5,39.35,2012,950.2037,19.0768,31.8249,3.9618,1.6617,2.2869,660.2928,19.4208,31.785,3.9617543715847,1.6617385245901641,2.286896174863388,4.64,4.22,-1.14,-0.72
710,26.47638,81.10643,2012-07-20,2012-10-26,4.0,98.0,2012,UTTAR PRADESH,AMETHI,D680,AMETHI,26.5,81.5,39.26,2012,950.2037,19.0768,31.8249,3.9618,1.6617,2.2869,660.2928,19.4208,31.785,3.9617543715847,1.6617385245901641,2.286896174863388,4.64,4.22,-0.64,-0.22
711,26.47452,81.10798,2012-07-15,2012-10-15,4.8,92.0,2012,UTTAR PRADESH,AMETHI,D680,AMETHI,26.5,81.5,39.12,2012,950.2037,19.0768,31.8249,3.9618,1.6617,2.2869,660.2928,19.4208,31.785,3.9617543715847,1.6617385245901641,2.286896174863388,4.64,4.22,0.16,0.58
712,26.47225,81.10998,2012-07-12,2012-10-21,5.2,101.0,2012,UTTAR PRADESH,AMETHI,D680,AMETHI,26.5,81.5,38.94,2012,950.2037,19.0768,31.8249,3.9618,1.6617,2.2869,660.2928,19.4208,31.785,3.9617543715847,1.6617385245901641,2.286896174863388,4.64,4.22,0.56,0.98
713,26.46922,81.11227,2012-07-20,2012-10-22,5.5,94.0,2012,UTTAR PRADESH,AMETHI,D680,AMETHI,26.5,81.5,38.74,2012,950.2037,19.0768,31.8249,3.9618,1.6617,2.2869,660.2928,19.4208,31.785,3.9617543715847,1.6617385245901641,2.286896174863388,4.64,4.22,0.86,1.28
714,26.4678,81.11325,2012-07-22,2012-10-30,4.0,100.0,2012,UTTAR PRADESH,AMETHI,D680,AMETHI,26.5,81.5,38.66,2012,950.2037,19.0768,31.8249,3.9618,1.6617,2.2869,660.2928,19.4208,31.785,3.9617543715847,1.6617385245901641,2.286896174863388,4.64,4.22,-0.64,-0.22
715,26.15533,81.27647,2012-07-20,2012-11-01,4.8,104.0,2012,UTTAR PRADESH,AMETHI,D680,AMETHI,26.5,81.5,44.33,2012,950.2037,19.0768,31.8249,3.9618,1.6617,2.2869,660.2928,19.4208,31.785,3.9617543715847,1.6617385245901641,2.286896174863388,4.64,4.22,0.16,0.58
716,26.15427,81.27787,2012-07-25,2012-11-13,3.5,111.0,2012,UTTAR PRADESH,AMETHI,D680,AMETHI,26.5,81.5,44.36,2012,950.2037,19.0768,31.8249,3.9618,1.6617,2.2869,660.2928,19.4208,31.785,3.9617543715847,1.6617385245901641,2.286896174863388,4.64,4.22,-1.14,-0.72
717,26.15103,81.27997,2012-07-27,2012-11-03,4.4,99.0,2012,UTTAR PRADESH,AMETHI,D680,AMETHI,26.5,81.5,44.57,2012,950.2037,19.0768,31.8249,3.9618,1.6617,2.2869,660.2928,19.4208,31.785,3.9617543715847,1.6617385245901641,2.286896174863388,4.64,4.22,-0.24,0.18
718,26.14963,81.28117,2012-07-24,2012-11-06,4.8,105.0,2012,UTTAR PRADESH,AMETHI,D680,AMETHI,26.5,81.5,44.65,2012,950.2037,19.0768,31.8249,3.9618,1.6617,2.2869,660.2928,19.4208,31.785,3.9617543715847,1.6617385245901641,2.286896174863388,4.64,4.22,0.16,0.58
719,26.14658,81.2826,2012-07-20,2012-11-01,3.2,104.0,2012,UTTAR PRADESH,AMETHI,D680,AMETHI,26.5,81.5,44.88,2012,950.2037,19.0768,31.8249,3.9618,1.6617,2.2869,660.2928,19.4208,31.785,3.9617543715847,1.6617385245901641,2.286896174863388,4.64,4.22,-1.44,-1.02
720,26.1469,81.28062,2012-07-30,2012-11-02,4.0,95.0,2012,UTTAR PRADESH,AMETHI,D680,AMETHI,26.5,81.5,44.94,2012,950.2037,19.0768,31.8249,3.9618,1.6617,2.2869,660.2928,19.4208,31.785,3.9617543715847,1.6617385245901641,2.286896174863388,4.64,4.22,-0.64,-0.22
721,26.14998,81.28053,2012-07-21,2012-10-30,4.0,101.0,2012,UTTAR PRADESH,AMETHI,D680,AMETHI,26.5,81.5,44.65,2012,950.2037,19.0768,31.8249,3.9618,1.6617,2.2869,660.2928,19.4208,31.785,3.9617543715847,1.6617385245901641,2.286896174863388,4.64,4.22,-0.64,-0.22
722,26.14387,81.28137,2012-07-12,2012-11-15,5.5,126.0,2012,UTTAR PRADESH,AMETHI,D680,AMETHI,26.5,81.5,45.2,2012,950.2037,19.0768,31.8249,3.9618,1.6617,2.2869,660.2928,19.4208,31.785,3.9617543715847,1.6617385245901641,2.286896174863388,4.64,4.22,0.86,1.28
723,26.13813,81.28528,2012-07-26,2012-11-08,6.0,105.0,2012,UTTAR PRADESH,AMETHI,D680,AMETHI,26.5,81.5,45.58,2012,950.2037,19.0768,31.8249,3.9618,1.6617,2.2869,660.2928,19.4208,31.785,3.9617543715847,1.6617385245901641,2.286896174863388,4.64,4.22,1.36,1.78
724,26.13925,81.28332,2012-07-15,2012-11-12,4.5,120.0,2012,UTTAR PRADESH,AMETHI,D680,AMETHI,26.5,81.5,45.56,2012,950.2037,19.0768,31.8249,3.9618,1.6617,2.2869,660.2928,19.4208,31.785,3.9617543715847,1.6617385245901641,2.286896174863388,4.64,4.22,-0.14,0.28
725,28.31928,80.1128,2012-07-08,2012-10-27,5.0,111.0,2012,UTTAR PRADESH,KHERI,D722,DHAURAHARA,28.5,80.5,42.87,2012,968.8179,17.3792,29.976,7.3255,1.5751,2.2531,1167.349,17.8547,29.8791,7.325510109289618,1.5751412568306011,2.253127595628415,5.39,4.49,-0.39,0.51
726,28.31935,80.1112,2012-07-05,2012-10-25,5.5,112.0,2012,UTTAR PRADESH,KHERI,D722,DHAURAHARA,28.5,80.5,43.01,2012,968.8179,17.3792,29.976,7.3255,1.5751,2.2531,1167.349,17.8547,29.8791,7.325510109289618,1.5751412568306011,2.253127595628415,5.39,4.49,0.11,1.01
727,28.31825,80.11013,2012-07-04,2012-10-22,5.2,110.0,2012,UTTAR PRADESH,KHERI,D722,DHAURAHARA,28.5,80.5,43.16,2012,968.8179,17.3792,29.976,7.3255,1.5751,2.2531,1167.349,17.8547,29.8791,7.325510109289618,1.5751412568306011,2.253127595628415,5.39,4.49,-0.19,0.71
728,28.31797,80.10927,2012-07-08,2012-10-22,5.0,106.0,2012,UTTAR PRADESH,KHERI,D722,DHAURAHARA,28.5,80.5,43.24,2012,968.8179,17.3792,29.976,7.3255,1.5751,2.2531,1167.349,17.8547,29.8791,7.325510109289618,1.5751412568306011,2.253127595628415,5.39,4.49,-0.39,0.51
729,28.31858,80.10833,2012-07-05,2012-10-18,5.0,105.0,2012,UTTAR PRADESH,KHERI,D722,DHAURAHARA,28.5,80.5,43.29,2012,968.8179,17.3792,29.976,7.3255,1.5751,2.2531,1167.349,17.8547,29.8791,7.325510109289618,1.5751412568306011,2.253127595628415,5.39,4.49,-0.39,0.51
730,28.31918,80.10743,2012-07-10,2012-10-27,5.0,109.0,2012,UTTAR PRADESH,KHERI,D722,DHAURAHARA,28.5,80.5,43.34,2012,968.8179,17.3792,29.976,7.3255,1.5751,2.2531,1167.349,17.8547,29.8791,7.325510109289618,1.5751412568306011,2.253127595628415,5.39,4.49,-0.39,0.51
731,28.317,80.10708,2012-07-09,2012-10-18,6.0,101.0,2012,UTTAR PRADESH,KHERI,D722,DHAURAHARA,28.5,80.5,43.48,2012,968.8179,17.3792,29.976,7.3255,1.5751,2.2531,1167.349,17.8547,29.8791,7.325510109289618,1.5751412568306011,2.253127595628415,5.39,4.49,0.61,1.51
732,28.3192,80.10668,2012-07-03,2012-10-21,6.0,110.0,2012,UTTAR PRADESH,KHERI,D722,DHAURAHARA,28.5,80.5,43.4,2012,968.8179,17.3792,29.976,7.3255,1.5751,2.2531,1167.349,17.8547,29.8791,7.325510109289618,1.5751412568306011,2.253127595628415,5.39,4.49,0.61,1.51
733,28.31507,80.10975,2012-07-07,2012-10-20,4.0,105.0,2012,UTTAR PRADESH,KHERI,D722,DHAURAHARA,28.5,80.5,43.36,2012,968.8179,17.3792,29.976,7.3255,1.5751,2.2531,1167.349,17.8547,29.8791,7.325510109289618,1.5751412568306011,2.253127595628415,5.39,4.49,-1.39,-0.49
734,28.31658,80.10965,2012-07-03,2012-10-21,5.0,110.0,2012,UTTAR PRADESH,KHERI,D722,DHAURAHARA,28.5,80.5,43.28,2012,968.8179,17.3792,29.976,7.3255,1.5751,2.2531,1167.349,17.8547,29.8791,7.325510109289618,1.5751412568306011,2.253127595628415,5.39,4.49,-0.39,0.51
735,28.22625,80.20278,2012-07-20,2012-10-30,5.2,102.0,2012,UTTAR PRADESH,KHERI,D722,DHAURAHARA,28.5,80.5,42.1,2012,968.8179,17.3792,29.976,7.3255,1.5751,2.2531,1167.349,17.8547,29.8791,7.325510109289618,1.5751412568306011,2.253127595628415,5.39,4.49,-0.19,0.71
736,28.22767,80.20293,2012-07-20,2012-10-28,5.4,100.0,2012,UTTAR PRADESH,KHERI,D722,DHAURAHARA,28.5,80.5,41.97,2012,968.8179,17.3792,29.976,7.3255,1.5751,2.2531,1167.349,17.8547,29.8791,7.325510109289618,1.5751412568306011,2.253127595628415,5.39,4.49,0.01,0.91
737,28.22843,80.20187,2012-07-23,2012-10-22,5.0,91.0,2012,UTTAR PRADESH,KHERI,D722,DHAURAHARA,28.5,80.5,41.99,2012,968.8179,17.3792,29.976,7.3255,1.5751,2.2531,1167.349,17.8547,29.8791,7.325510109289618,1.5751412568306011,2.253127595628415,5.39,4.49,-0.39,0.51
738,28.22917,80.20065,2012-07-15,2012-10-31,5.0,108.0,2012,UTTAR PRADESH,KHERI,D722,DHAURAHARA,28.5,80.5,42.01,2012,968.8179,17.3792,29.976,7.3255,1.5751,2.2531,1167.349,17.8547,29.8791,7.325510109289618,1.5751412568306011,2.253127595628415,5.39,4.49,-0.39,0.51
739,28.23003,80.19973,2012-07-17,2012-11-08,5.5,114.0,2012,UTTAR PRADESH,KHERI,D722,DHAURAHARA,28.5,80.5,42.0,2012,968.8179,17.3792,29.976,7.3255,1.5751,2.2531,1167.349,17.8547,29.8791,7.325510109289618,1.5751412568306011,2.253127595628415,5.39,4.49,0.11,1.01
740,28.22933,80.19908,2012-07-26,2012-11-04,5.0,101.0,2012,UTTAR PRADESH,KHERI,D722,DHAURAHARA,28.5,80.5,42.1,2012,968.8179,17.3792,29.976,7.3255,1.5751,2.2531,1167.349,17.8547,29.8791,7.325510109289618,1.5751412568306011,2.253127595628415,5.39,4.49,-0.39,0.51
741,28.23055,80.19882,2012-07-25,2012-11-03,5.0,101.0,2012,UTTAR PRADESH,KHERI,D722,DHAURAHARA,28.5,80.5,42.02,2012,968.8179,17.3792,29.976,7.3255,1.5751,2.2531,1167.349,17.8547,29.8791,7.325510109289618,1.5751412568306011,2.253127595628415,5.39,4.49,-0.39,0.51
742,28.23118,80.19935,2012-07-27,2012-11-05,5.2,101.0,2012,UTTAR PRADESH,KHERI,D722,DHAURAHARA,28.5,80.5,41.94,2012,968.8179,17.3792,29.976,7.3255,1.5751,2.2531,1167.349,17.8547,29.8791,7.325510109289618,1.5751412568306011,2.253127595628415,5.39,4.49,-0.19,0.71
743,28.23195,80.19755,2012-07-18,2012-10-27,5.5,101.0,2012,UTTAR PRADESH,KHERI,D722,DHAURAHARA,28.5,80.5,42.0,2012,968.8179,17.3792,29.976,7.3255,1.5751,2.2531,1167.349,17.8547,29.8791,7.325510109289618,1.5751412568306011,2.253127595628415,5.39,4.49,0.11,1.01
744,28.23238,80.1969,2012-07-15,2012-10-18,6.5,95.0,2012,UTTAR PRADESH,KHERI,D722,DHAURAHARA,28.5,80.5,42.01,2012,968.8179,17.3792,29.976,7.3255,1.5751,2.2531,1167.349,17.8547,29.8791,7.325510109289618,1.5751412568306011,2.253127595628415,5.39,4.49,1.11,2.01
745,27.43193,80.95173,2012-07-25,2012-10-15,5.0,82.0,2012,UTTAR PRADESH,SITAPUR,D745,BISWAN,27.5,80.5,45.21,2012,961.3955,18.777,31.542,5.3021,1.6019,2.2806,798.4658,19.197,31.4292,5.302124043715847,1.6019382513661202,2.280550819672131,4.8,4.52,0.2,0.48
746,27.4321,80.95307,2012-07-19,2012-10-10,4.8,83.0,2012,UTTAR PRADESH,SITAPUR,D745,BISWAN,27.5,80.5,45.33,2012,961.3955,18.777,31.542,5.3021,1.6019,2.2806,798.4658,19.197,31.4292,5.302124043715847,1.6019382513661202,2.280550819672131,4.8,4.52,0.0,0.28
747,27.43395,80.9545,2012-07-20,2012-10-27,5.0,99.0,2012,UTTAR PRADESH,SITAPUR,D745,BISWAN,27.5,80.5,45.44,2012,961.3955,18.777,31.542,5.3021,1.6019,2.2806,798.4658,19.197,31.4292,5.302124043715847,1.6019382513661202,2.280550819672131,4.8,4.52,0.2,0.48
748,27.43513,80.95522,2012-07-25,2012-10-28,6.0,95.0,2012,UTTAR PRADESH,SITAPUR,D745,BISWAN,27.5,80.5,45.49,2012,961.3955,18.777,31.542,5.3021,1.6019,2.2806,798.4658,19.197,31.4292,5.302124043715847,1.6019382513661202,2.280550819672131,4.8,4.52,1.2,1.48
749,27.43687,80.95635,2012-07-10,2012-10-22,6.0,104.0,2012,UTTAR PRADESH,SITAPUR,D745,BISWAN,27.5,80.5,45.57,2012,961.3955,18.777,31.542,5.3021,1.6019,2.2806,798.4658,19.197,31.4292,5.302124043715847,1.6019382513661202,2.280550819672131,4.8,4.52,1.2,1.48
750,27.4388,80.95753,2012-07-24,2012-11-04,6.0,103.0,2012,UTTAR PRADESH,SITAPUR,D745,BISWAN,27.5,80.5,45.65,2012,961.3955,18.777,31.542,5.3021,1.6019,2.2806,798.4658,19.197,31.4292,5.302124043715847,1.6019382513661202,2.280550819672131,4.8,4.52,1.2,1.48
751,27.44177,80.95942,2012-07-20,2012-11-08,6.0,111.0,2012,UTTAR PRADESH,SITAPUR,D745,BISWAN,27.5,80.5,45.79,2012,961.3955,18.777,31.542,5.3021,1.6019,2.2806,798.4658,19.197,31.4292,5.302124043715847,1.6019382513661202,2.280550819672131,4.8,4.52,1.2,1.48
752,27.44343,80.96052,2012-07-18,2012-10-27,5.5,101.0,2012,UTTAR PRADESH,SITAPUR,D745,BISWAN,27.5,80.5,45.87,2012,961.3955,18.777,31.542,5.3021,1.6019,2.2806,798.4658,19.197,31.4292,5.302124043715847,1.6019382513661202,2.280550819672131,4.8,4.52,0.7,0.98
753,27.44497,80.9618,2012-07-26,2012-11-05,6.0,102.0,2012,UTTAR PRADESH,SITAPUR,D745,BISWAN,27.5,80.5,45.97,2012,961.3955,18.777,31.542,5.3021,1.6019,2.2806,798.4658,19.197,31.4292,5.302124043715847,1.6019382513661202,2.280550819672131,4.8,4.52,1.2,1.48
754,27.44687,80.96322,2012-07-25,2012-11-03,4.8,101.0,2012,UTTAR PRADESH,SITAPUR,D745,BISWAN,27.5,80.5,46.08,2012,961.3955,18.777,31.542,5.3021,1.6019,2.2806,798.4658,19.197,31.4292,5.302124043715847,1.6019382513661202,2.280550819672131,4.8,4.52,0.0,0.28
755,27.53942,81.17305,2012-07-22,2012-11-02,6.0,103.0,2012,UTTAR PRADESH,BAHRAICH,D686,BAHRAICH,27.5,81.5,32.54,2012,1018.5697,18.6723,31.5731,6.8576,1.5855,2.2569,1127.3199,19.1593,31.434,6.857578142076503,1.585512295081967,2.2568590163934426,5.08,4.65,0.92,1.35
756,27.5407,81.16512,2012-07-30,2012-11-05,6.0,98.0,2012,UTTAR PRADESH,BAHRAICH,D686,BAHRAICH,27.5,81.5,33.33,2012,1018.5697,18.6723,31.5731,6.8576,1.5855,2.2569,1127.3199,19.1593,31.434,6.857578142076503,1.585512295081967,2.2568590163934426,5.08,4.65,0.92,1.35
757,27.5409,81.16378,2012-07-21,2012-10-30,6.0,101.0,2012,UTTAR PRADESH,BAHRAICH,D686,BAHRAICH,27.5,81.5,33.47,2012,1018.5697,18.6723,31.5731,6.8576,1.5855,2.2569,1127.3199,19.1593,31.434,6.857578142076503,1.585512295081967,2.2568590163934426,5.08,4.65,0.92,1.35
758,27.54123,81.16157,2012-07-15,2012-10-25,4.8,102.0,2012,UTTAR PRADESH,BAHRAICH,D686,BAHRAICH,27.5,81.5,33.69,2012,1018.5697,18.6723,31.5731,6.8576,1.5855,2.2569,1127.3199,19.1593,31.434,6.857578142076503,1.585512295081967,2.2568590163934426,5.08,4.65,-0.28,0.15
759,27.54138,81.15997,2012-07-19,2012-10-30,5.5,103.0,2012,UTTAR PRADESH,BAHRAICH,D686,BAHRAICH,27.5,81.5,33.85,2012,1018.5697,18.6723,31.5731,6.8576,1.5855,2.2569,1127.3199,19.1593,31.434,6.857578142076503,1.585512295081967,2.2568590163934426,5.08,4.65,0.42,0.85
760,27.5415,81.15842,2012-07-25,2012-10-27,5.8,94.0,2012,UTTAR PRADESH,BAHRAICH,D686,BAHRAICH,27.5,81.5,34.0,2012,1018.5697,18.6723,31.5731,6.8576,1.5855,2.2569,1127.3199,19.1593,31.434,6.857578142076503,1.585512295081967,2.2568590163934426,5.08,4.65,0.72,1.15
761,27.54188,81.1547,2012-07-22,2012-10-28,5.5,98.0,2012,UTTAR PRADESH,BAHRAICH,D686,BAHRAICH,27.5,81.5,34.37,2012,1018.5697,18.6723,31.5731,6.8576,1.5855,2.2569,1127.3199,19.1593,31.434,6.857578142076503,1.585512295081967,2.2568590163934426,5.08,4.65,0.42,0.85
762,27.54052,81.17338,2012-07-15,2012-10-22,3.6,99.0,2012,UTTAR PRADESH,BAHRAICH,D686,BAHRAICH,27.5,81.5,32.52,2012,1018.5697,18.6723,31.5731,6.8576,1.5855,2.2569,1127.3199,19.1593,31.434,6.857578142076503,1.585512295081967,2.2568590163934426,5.08,4.65,-1.48,-1.05
763,27.54217,81.15285,2012-07-18,2012-10-26,4.8,100.0,2012,UTTAR PRADESH,BAHRAICH,D686,BAHRAICH,27.5,81.5,34.55,2012,1018.5697,18.6723,31.5731,6.8576,1.5855,2.2569,1127.3199,19.1593,31.434,6.857578142076503,1.585512295081967,2.2568590163934426,5.08,4.65,-0.28,0.15
764,27.54175,81.15575,2012-07-20,2012-11-02,4.8,105.0,2012,UTTAR PRADESH,BAHRAICH,D686,BAHRAICH,27.5,81.5,34.26,2012,1018.5697,18.6723,31.5731,6.8576,1.5855,2.2569,1127.3199,19.1593,31.434,6.857578142076503,1.585512295081967,2.2568590163934426,5.08,4.65,-0.28,0.15
765,27.54155,81.15765,2012-07-10,2012-10-27,6.0,109.0,2012,UTTAR PRADESH,BAHRAICH,D686,BAHRAICH,27.5,81.5,34.07,2012,1018.5697,18.6723,31.5731,6.8576,1.5855,2.2569,1127.3199,19.1593,31.434,6.857578142076503,1.585512295081967,2.2568590163934426,5.08,4.65,0.92,1.35
766,27.54088,81.15902,2012-07-12,2012-10-20,5.8,100.0,2012,UTTAR PRADESH,BAHRAICH,D686,BAHRAICH,27.5,81.5,33.93,2012,1018.5697,18.6723,31.5731,6.8576,1.5855,2.2569,1127.3199,19.1593,31.434,6.857578142076503,1.585512295081967,2.2568590163934426,5.08,4.65,0.72,1.15
767,27.54265,81.15993,2012-07-26,2012-11-03,5.0,100.0,2012,UTTAR PRADESH,BAHRAICH,D686,BAHRAICH,27.5,81.5,33.87,2012,1018.5697,18.6723,31.5731,6.8576,1.5855,2.2569,1127.3199,19.1593,31.434,6.857578142076503,1.585512295081967,2.2568590163934426,5.08,4.65,-0.08,0.35
768,27.54212,81.15108,2012-07-18,2012-10-25,6.0,99.0,2012,UTTAR PRADESH,BAHRAICH,D686,BAHRAICH,27.5,81.5,34.73,2012,1018.5697,18.6723,31.5731,6.8576,1.5855,2.2569,1127.3199,19.1593,31.434,6.857578142076503,1.585512295081967,2.2568590163934426,5.08,4.65,0.92,1.35
769,30.049281,74.522241,2022-06-18,2022-11-13,6.25,148.0,2022,PUNJAB,SRI MUKTSAR SAHIB,D533,MUKTSAR,30.5,74.5,50.16,2022,493.1639,17.7604,31.341,3.9921,1.8725,2.5005,437.8336,17.1688,31.0228,3.9921005479452054,1.8725484931506848,2.5004912328767124,6.66,7.12,-0.41,-0.87
770,30.038762,75.000033,2022-06-13,2022-10-18,7.75,127.0,2022,PUNJAB,BARNALA,D520,BARNALA,30.5,75.5,70.25,2022,542.9445,17.8629,31.2772,4.0527,1.7661,2.4348,520.7933,16.9653,30.7146,4.0526750684931505,1.7660561643835617,2.4347654794520546,6.4,7.37,1.35,0.38
771,30.028334,75.03859,2022-06-13,2022-10-18,7.75,127.0,2022,PUNJAB,BARNALA,D520,BARNALA,30.5,75.5,68.66,2022,542.9445,17.8629,31.2772,4.0527,1.7661,2.4348,520.7933,16.9653,30.7146,4.0526750684931505,1.7660561643835617,2.4347654794520546,6.4,7.37,1.35,0.38
772,30.034994,75.088982,2022-06-13,2022-11-13,7.75,153.0,2022,PUNJAB,BARNALA,D520,BARNALA,30.5,75.5,65.05,2022,542.9445,17.8629,31.2772,4.0527,1.7661,2.4348,520.7933,16.9653,30.7146,4.0526750684931505,1.7660561643835617,2.4347654794520546,6.4,7.37,1.35,0.38
773,30.008323,75.234145,2022-06-13,2022-11-13,6.75,153.0,2022,PUNJAB,BARNALA,D520,BARNALA,30.5,75.5,60.34,2022,542.9445,17.8629,31.2772,4.0527,1.7661,2.4348,520.7933,16.9653,30.7146,4.0526750684931505,1.7660561643835617,2.4347654794520546,6.4,7.37,0.35,-0.62
774,30.028291,75.211619,2022-06-13,2022-11-13,7.75,153.0,2022,PUNJAB,BARNALA,D520,BARNALA,30.5,75.5,59.31,2022,542.9445,17.8629,31.2772,4.0527,1.7661,2.4348,520.7933,16.9653,30.7146,4.0526750684931505,1.7660561643835617,2.4347654794520546,6.4,7.37,1.35,0.38
775,29.581068,75.196996,2022-06-13,2022-10-18,8.5,127.0,2022,HARYANA,FATEHABAD,D214,FATEHABAD,29.5,75.5,30.67,2022,696.5269,18.1669,31.6732,3.0686,1.9158,2.5408,365.383,17.5901,31.4446,3.0686246575342473,1.9157709589041096,2.5408147945205477,5.82,7.28,2.68,1.22
776,30.055988,75.296785,2022-06-10,2022-11-13,6.75,156.0,2022,PUNJAB,BARNALA,D520,BARNALA,30.5,75.5,53.09,2022,542.9445,17.8629,31.2772,4.0527,1.7661,2.4348,520.7933,16.9653,30.7146,4.0526750684931505,1.7660561643835617,2.4347654794520546,6.4,7.37,0.35,-0.62
777,30.022631,75.319171,2022-06-13,2022-11-13,6.75,153.0,2022,PUNJAB,BARNALA,D520,BARNALA,30.5,75.5,55.85,2022,542.9445,17.8629,31.2772,4.0527,1.7661,2.4348,520.7933,16.9653,30.7146,4.0526750684931505,1.7660561643835617,2.4347654794520546,6.4,7.37,0.35,-0.62
778,29.592867,75.327906,2022-06-13,2022-10-15,8.75,124.0,2022,HARYANA,FATEHABAD,D214,FATEHABAD,29.5,75.5,19.59,2022,696.5269,18.1669,31.6732,3.0686,1.9158,2.5408,365.383,17.5901,31.4446,3.0686246575342473,1.9157709589041096,2.5408147945205477,5.82,7.28,2.93,1.47
779,29.558345,75.342988,2022-06-15,2022-10-18,7.25,125.0,2022,HARYANA,FATEHABAD,D214,FATEHABAD,29.5,75.5,16.52,2022,696.5269,18.1669,31.6732,3.0686,1.9158,2.5408,365.383,17.5901,31.4446,3.0686246575342473,1.9157709589041096,2.5408147945205477,5.82,7.28,1.43,-0.03
780,29.54615,75.364477,2022-06-18,2022-10-28,7.75,132.0,2022,HARYANA,FATEHABAD,D214,FATEHABAD,29.5,75.5,14.08,2022,696.5269,18.1669,31.6732,3.0686,1.9158,2.5408,365.383,17.5901,31.4446,3.0686246575342473,1.9157709589041096,2.5408147945205477,5.82,7.28,1.93,0.47
781,29.504672,75.413501,2022-06-15,2022-10-18,7.75,125.0,2022,HARYANA,FATEHABAD,D214,FATEHABAD,29.5,75.5,8.39,2022,696.5269,18.1669,31.6732,3.0686,1.9158,2.5408,365.383,17.5901,31.4446,3.0686246575342473,1.9157709589041096,2.5408147945205477,5.82,7.28,1.93,0.47
782,29.503929,75.274439,2022-06-13,2022-11-13,6.75,153.0,2022,HARYANA,FATEHABAD,D214,FATEHABAD,29.5,75.5,21.83,2022,696.5269,18.1669,31.6732,3.0686,1.9158,2.5408,365.383,17.5901,31.4446,3.0686246575342473,1.9157709589041096,2.5408147945205477,5.82,7.28,0.93,-0.53
783,29.548534,75.218597,2022-06-10,2022-10-18,7.75,130.0,2022,HARYANA,FATEHABAD,D214,FATEHABAD,29.5,75.5,27.76,2022,696.5269,18.1669,31.6732,3.0686,1.9158,2.5408,365.383,17.5901,31.4446,3.0686246575342473,1.9157709589041096,2.5408147945205477,5.82,7.28,1.93,0.47
784,29.558647,75.173099,2022-06-13,2022-10-18,6.75,127.0,2022,HARYANA,FATEHABAD,D214,FATEHABAD,29.5,75.5,32.29,2022,696.5269,18.1669,31.6732,3.0686,1.9158,2.5408,365.383,17.5901,31.4446,3.0686246575342473,1.9157709589041096,2.5408147945205477,5.82,7.28,0.93,-0.53
785,29.511408,75.16253,2022-06-13,2022-10-18,6.75,127.0,2022,HARYANA,FATEHABAD,D214,FATEHABAD,29.5,75.5,32.68,2022,696.5269,18.1669,31.6732,3.0686,1.9158,2.5408,365.383,17.5901,31.4446,3.0686246575342473,1.9157709589041096,2.5408147945205477,5.82,7.28,0.93,-0.53
786,29.515317,74.541163,2022-06-18,2022-10-15,6.25,119.0,2022,HARYANA,FATEHABAD,D214,FATEHABAD,29.5,75.5,92.8,2022,696.5269,18.1669,31.6732,3.0686,1.9158,2.5408,365.383,17.5901,31.4446,3.0686246575342473,1.9157709589041096,2.5408147945205477,5.82,7.28,0.43,-1.03
787,29.530991,74.473817,2022-06-10,2022-10-18,6.25,130.0,2022,HARYANA,FATEHABAD,D214,FATEHABAD,29.5,75.5,99.36,2022,696.5269,18.1669,31.6732,3.0686,1.9158,2.5408,365.383,17.5901,31.4446,3.0686246575342473,1.9157709589041096,2.5408147945205477,5.82,7.28,0.43,-1.03
788,30.465764,74.423704,2022-06-13,2022-10-20,8.25,129.0,2022,PUNJAB,SRI MUKTSAR SAHIB,D533,MUKTSAR,30.5,74.5,8.24,2022,493.1639,17.7604,31.341,3.9921,1.8725,2.5005,437.8336,17.1688,31.0228,3.9921005479452054,1.8725484931506848,2.5004912328767124,6.66,7.12,1.59,1.13
789,30.446312,74.4587,2022-06-13,2022-10-20,7.75,129.0,2022,PUNJAB,SRI MUKTSAR SAHIB,D533,MUKTSAR,30.5,74.5,7.16,2022,493.1639,17.7604,31.341,3.9921,1.8725,2.5005,437.8336,17.1688,31.0228,3.9921005479452054,1.8725484931506848,2.5004912328767124,6.66,7.12,1.09,0.63
790,30.425247,74.501745,2022-06-13,2022-10-20,6.5,129.0,2022,PUNJAB,SRI MUKTSAR SAHIB,D533,MUKTSAR,30.5,74.5,8.31,2022,493.1639,17.7604,31.341,3.9921,1.8725,2.5005,437.8336,17.1688,31.0228,3.9921005479452054,1.8725484931506848,2.5004912328767124,6.66,7.12,-0.16,-0.62
791,30.399364,74.536933,2022-06-18,2022-10-18,7.75,122.0,2022,PUNJAB,SRI MUKTSAR SAHIB,D533,MUKTSAR,30.5,74.5,11.74,2022,493.1639,17.7604,31.341,3.9921,1.8725,2.5005,437.8336,17.1688,31.0228,3.9921005479452054,1.8725484931506848,2.5004912328767124,6.66,7.12,1.09,0.63
792,30.364017,74.540536,2022-06-15,2022-11-13,8.25,151.0,2022,PUNJAB,SRI MUKTSAR SAHIB,D533,MUKTSAR,30.5,74.5,15.61,2022,493.1639,17.7604,31.341,3.9921,1.8725,2.5005,437.8336,17.1688,31.0228,3.9921005479452054,1.8725484931506848,2.5004912328767124,6.66,7.12,1.59,1.13
793,30.34714,74.522362,2022-06-13,2022-10-18,8.25,127.0,2022,PUNJAB,SRI MUKTSAR SAHIB,D533,MUKTSAR,30.5,74.5,17.13,2022,493.1639,17.7604,31.341,3.9921,1.8725,2.5005,437.8336,17.1688,31.0228,3.9921005479452054,1.8725484931506848,2.5004912328767124,6.66,7.12,1.59,1.13
794,30.322274,74.552528,2022-06-15,2022-11-13,7.75,151.0,2022,PUNJAB,SRI MUKTSAR SAHIB,D533,MUKTSAR,30.5,74.5,20.39,2022,493.1639,17.7604,31.341,3.9921,1.8725,2.5005,437.8336,17.1688,31.0228,3.9921005479452054,1.8725484931506848,2.5004912328767124,6.66,7.12,1.09,0.63
795,30.29108,74.575668,2022-06-13,2022-11-13,5.75,153.0,2022,PUNJAB,SRI MUKTSAR SAHIB,D533,MUKTSAR,30.5,74.5,24.34,2022,493.1639,17.7604,31.341,3.9921,1.8725,2.5005,437.8336,17.1688,31.0228,3.9921005479452054,1.8725484931506848,2.5004912328767124,6.66,7.12,-0.91,-1.37
796,30.263291,74.519868,2022-06-15,2022-11-13,8.25,151.0,2022,PUNJAB,SRI MUKTSAR SAHIB,D533,MUKTSAR,30.5,74.5,26.39,2022,493.1639,17.7604,31.341,3.9921,1.8725,2.5005,437.8336,17.1688,31.0228,3.9921005479452054,1.8725484931506848,2.5004912328767124,6.66,7.12,1.59,1.13
797,30.29182,74.496901,2022-06-13,2022-10-15,8.25,124.0,2022,PUNJAB,SRI MUKTSAR SAHIB,D533,MUKTSAR,30.5,74.5,23.15,2022,493.1639,17.7604,31.341,3.9921,1.8725,2.5005,437.8336,17.1688,31.0228,3.9921005479452054,1.8725484931506848,2.5004912328767124,6.66,7.12,1.59,1.13
798,30.323968,74.46809,2022-06-13,2022-10-18,8.25,127.0,2022,PUNJAB,SRI MUKTSAR SAHIB,D533,MUKTSAR,30.5,74.5,19.81,2022,493.1639,17.7604,31.341,3.9921,1.8725,2.5005,437.8336,17.1688,31.0228,3.9921005479452054,1.8725484931506848,2.5004912328767124,6.66,7.12,1.59,1.13
799,30.336101,74.443777,2022-06-10,2022-10-20,7.75,132.0,2022,PUNJAB,SRI MUKTSAR SAHIB,D533,MUKTSAR,30.5,74.5,19.01,2022,493.1639,17.7604,31.341,3.9921,1.8725,2.5005,437.8336,17.1688,31.0228,3.9921005479452054,1.8725484931506848,2.5004912328767124,6.66,7.12,1.09,0.63
800,30.29125,75.091709,2022-06-13,2022-10-15,8.25,124.0,2022,PUNJAB,BARNALA,D520,BARNALA,30.5,75.5,45.52,2022,542.9445,17.8629,31.2772,4.0527,1.7661,2.4348,520.7933,16.9653,30.7146,4.0526750684931505,1.7660561643835617,2.4347654794520546,6.4,7.37,1.85,0.88
801,30.291898,75.132131,2022-06-13,2022-10-15,8.25,124.0,2022,PUNJAB,BARNALA,D520,BARNALA,30.5,75.5,42.19,2022,542.9445,17.8629,31.2772,4.0527,1.7661,2.4348,520.7933,16.9653,30.7146,4.0526750684931505,1.7660561643835617,2.4347654794520546,6.4,7.37,1.85,0.88
802,30.250058,75.092867,2022-06-18,2022-10-18,7.25,122.0,2022,PUNJAB,BARNALA,D520,BARNALA,30.5,75.5,47.94,2022,542.9445,17.8629,31.2772,4.0527,1.7661,2.4348,520.7933,16.9653,30.7146,4.0526750684931505,1.7660561643835617,2.4347654794520546,6.4,7.37,0.85,-0.12
803,30.22253,75.093435,2022-06-18,2022-10-18,8.25,122.0,2022,PUNJAB,BARNALA,D520,BARNALA,30.5,75.5,49.73,2022,542.9445,17.8629,31.2772,4.0527,1.7661,2.4348,520.7933,16.9653,30.7146,4.0526750684931505,1.7660561643835617,2.4347654794520546,6.4,7.37,1.85,0.88
804,30.20051,75.021143,2022-06-13,2022-11-13,8.25,153.0,2022,PUNJAB,BARNALA,D520,BARNALA,30.5,75.5,56.75,2022,542.9445,17.8629,31.2772,4.0527,1.7661,2.4348,520.7933,16.9653,30.7146,4.0526750684931505,1.7660561643835617,2.4347654794520546,6.4,7.37,1.85,0.88
805,30.140264,74.507683,2022-06-18,2022-11-13,7.75,148.0,2022,PUNJAB,SRI MUKTSAR SAHIB,D533,MUKTSAR,30.5,74.5,40.01,2022,493.1639,17.7604,31.341,3.9921,1.8725,2.5005,437.8336,17.1688,31.0228,3.9921005479452054,1.8725484931506848,2.5004912328767124,6.66,7.12,1.09,0.63
806,30.12514,74.468554,2022-06-15,2022-11-13,7.75,151.0,2022,PUNJAB,SRI MUKTSAR SAHIB,D533,MUKTSAR,30.5,74.5,41.79,2022,493.1639,17.7604,31.341,3.9921,1.8725,2.5005,437.8336,17.1688,31.0228,3.9921005479452054,1.8725484931506848,2.5004912328767124,6.66,7.12,1.09,0.63
807,30.067024,74.481231,2022-06-13,2022-10-15,5.75,124.0,2022,PUNJAB,SRI MUKTSAR SAHIB,D533,MUKTSAR,30.5,74.5,48.18,2022,493.1639,17.7604,31.341,3.9921,1.8725,2.5005,437.8336,17.1688,31.0228,3.9921005479452054,1.8725484931506848,2.5004912328767124,6.66,7.12,-0.91,-1.37
808,30.07015,75.088619,2022-06-15,2022-10-18,8.25,125.0,2022,PUNJAB,BARNALA,D520,BARNALA,30.5,75.5,62.01,2022,542.9445,17.8629,31.2772,4.0527,1.7661,2.4348,520.7933,16.9653,30.7146,4.0526750684931505,1.7660561643835617,2.4347654794520546,6.4,7.37,1.85,0.88
809,30.097432,75.067661,2022-06-13,2022-10-15,8.25,124.0,2022,PUNJAB,BARNALA,D520,BARNALA,30.5,75.5,61.05,2022,542.9445,17.8629,31.2772,4.0527,1.7661,2.4348,520.7933,16.9653,30.7146,4.0526750684931505,1.7660561643835617,2.4347654794520546,6.4,7.37,1.85,0.88
810,30.10734,75.076324,2022-06-18,2022-10-18,7.25,122.0,2022,PUNJAB,BARNALA,D520,BARNALA,30.5,75.5,59.67,2022,542.9445,17.8629,31.2772,4.0527,1.7661,2.4348,520.7933,16.9653,30.7146,4.0526750684931505,1.7660561643835617,2.4347654794520546,6.4,7.37,0.85,-0.12
811,30.076448,75.265277,2022-06-18,2022-10-20,8.75,124.0,2022,PUNJAB,BARNALA,D520,BARNALA,30.5,75.5,52.21,2022,542.9445,17.8629,31.2772,4.0527,1.7661,2.4348,520.7933,16.9653,30.7146,4.0526750684931505,1.7660561643835617,2.4347654794520546,6.4,7.37,2.35,1.38
812,30.059712,75.338229,2022-06-13,2022-10-18,7.75,127.0,2022,PUNJAB,BARNALA,D520,BARNALA,30.5,75.5,51.36,2022,542.9445,17.8629,31.2772,4.0527,1.7661,2.4348,520.7933,16.9653,30.7146,4.0526750684931505,1.7660561643835617,2.4347654794520546,6.4,7.37,1.35,0.38
813,30.92749627,75.24482577,2022-06-13,2022-10-20,7.5,129.0,2022,PUNJAB,BARNALA,D520,BARNALA,30.5,75.5,53.43,2022,542.9445,17.8629,31.2772,4.0527,1.7661,2.4348,520.7933,16.9653,30.7146,4.0526750684931505,1.7660561643835617,2.4347654794520546,6.4,7.37,1.1,0.13
814,30.85325562,75.19677013,2022-06-18,2022-11-13,8.25,148.0,2022,PUNJAB,BARNALA,D520,BARNALA,30.5,75.5,48.83,2022,542.9445,17.8629,31.2772,4.0527,1.7661,2.4348,520.7933,16.9653,30.7146,4.0526750684931505,1.7660561643835617,2.4347654794520546,6.4,7.37,1.85,0.88
815,30.81227498,75.32047752,2022-06-18,2022-10-20,7.75,124.0,2022,PUNJAB,BARNALA,D520,BARNALA,30.5,75.5,38.74,2022,542.9445,17.8629,31.2772,4.0527,1.7661,2.4348,520.7933,16.9653,30.7146,4.0526750684931505,1.7660561643835617,2.4347654794520546,6.4,7.37,1.35,0.38
816,30.76812833,75.33537983,2022-06-15,2022-10-15,7.75,122.0,2022,PUNJAB,BARNALA,D520,BARNALA,30.5,75.5,33.72,2022,542.9445,17.8629,31.2772,4.0527,1.7661,2.4348,520.7933,16.9653,30.7146,4.0526750684931505,1.7660561643835617,2.4347654794520546,6.4,7.37,1.35,0.38
817,30.69538404,75.2879241,2022-06-13,2022-10-18,8.25,127.0,2022,PUNJAB,BARNALA,D520,BARNALA,30.5,75.5,29.73,2022,542.9445,17.8629,31.2772,4.0527,1.7661,2.4348,520.7933,16.9653,30.7146,4.0526750684931505,1.7660561643835617,2.4347654794520546,6.4,7.37,1.85,0.88
818,30.64606769,75.31103783,2022-06-13,2022-10-18,7.75,127.0,2022,PUNJAB,BARNALA,D520,BARNALA,30.5,75.5,24.31,2022,542.9445,17.8629,31.2772,4.0527,1.7661,2.4348,520.7933,16.9653,30.7146,4.0526750684931505,1.7660561643835617,2.4347654794520546,6.4,7.37,1.35,0.38
819,30.56737268,75.37333036,2022-06-13,2022-10-15,6.5,124.0,2022,PUNJAB,BARNALA,D520,BARNALA,30.5,75.5,14.26,2022,542.9445,17.8629,31.2772,4.0527,1.7661,2.4348,520.7933,16.9653,30.7146,4.0526750684931505,1.7660561643835617,2.4347654794520546,6.4,7.37,0.1,-0.87
820,30.58379745,75.32110985,2022-06-18,2022-10-18,7.75,122.0,2022,PUNJAB,BARNALA,D520,BARNALA,30.5,75.5,19.5,2022,542.9445,17.8629,31.2772,4.0527,1.7661,2.4348,520.7933,16.9653,30.7146,4.0526750684931505,1.7660561643835617,2.4347654794520546,6.4,7.37,1.35,0.38
821,30.60050037,75.27037205,2022-06-15,2022-10-20,8.25,127.0,2022,PUNJAB,BARNALA,D520,BARNALA,30.5,75.5,24.67,2022,542.9445,17.8629,31.2772,4.0527,1.7661,2.4348,520.7933,16.9653,30.7146,4.0526750684931505,1.7660561643835617,2.4347654794520546,6.4,7.37,1.85,0.88
822,30.61308511,75.23926174,2022-06-13,2022-10-18,8.25,127.0,2022,PUNJAB,BARNALA,D520,BARNALA,30.5,75.5,27.95,2022,542.9445,17.8629,31.2772,4.0527,1.7661,2.4348,520.7933,16.9653,30.7146,4.0526750684931505,1.7660561643835617,2.4347654794520546,6.4,7.37,1.85,0.88
823,30.64808505,75.17147004,2022-06-15,2022-10-20,7.75,127.0,2022,PUNJAB,BARNALA,D520,BARNALA,30.5,75.5,35.5,2022,542.9445,17.8629,31.2772,4.0527,1.7661,2.4348,520.7933,16.9653,30.7146,4.0526750684931505,1.7660561643835617,2.4347654794520546,6.4,7.37,1.35,0.38
824,30.67781026,75.08674631,2022-06-13,2022-11-13,6.25,153.0,2022,PUNJAB,BARNALA,D520,BARNALA,30.5,75.5,44.22,2022,542.9445,17.8629,31.2772,4.0527,1.7661,2.4348,520.7933,16.9653,30.7146,4.0526750684931505,1.7660561643835617,2.4347654794520546,6.4,7.37,-0.15,-1.12
825,30.65901741,75.04898254,2022-06-15,2022-10-18,8.25,125.0,2022,PUNJAB,BARNALA,D520,BARNALA,30.5,75.5,46.66,2022,542.9445,17.8629,31.2772,4.0527,1.7661,2.4348,520.7933,16.9653,30.7146,4.0526750684931505,1.7660561643835617,2.4347654794520546,6.4,7.37,1.85,0.88
826,30.64378159,74.99253926,2022-06-13,2022-10-20,8.25,129.0,2022,PUNJAB,SRI MUKTSAR SAHIB,D533,MUKTSAR,30.5,74.5,49.79,2022,493.1639,17.7604,31.341,3.9921,1.8725,2.5005,437.8336,17.1688,31.0228,3.9921005479452054,1.8725484931506848,2.5004912328767124,6.66,7.12,1.59,1.13
827,30.67090229,74.98168793,2022-06-13,2022-11-13,8.25,153.0,2022,PUNJAB,SRI MUKTSAR SAHIB,D533,MUKTSAR,30.5,74.5,49.87,2022,493.1639,17.7604,31.341,3.9921,1.8725,2.5005,437.8336,17.1688,31.0228,3.9921005479452054,1.8725484931506848,2.5004912328767124,6.66,7.12,1.59,1.13
828,30.72717554,74.98640815,2022-06-10,2022-10-18,7.75,130.0,2022,PUNJAB,SRI MUKTSAR SAHIB,D533,MUKTSAR,30.5,74.5,52.96,2022,493.1639,17.7604,31.341,3.9921,1.8725,2.5005,437.8336,17.1688,31.0228,3.9921005479452054,1.8725484931506848,2.5004912328767124,6.66,7.12,1.09,0.63
829,30.77421967,75.12165292,2022-06-15,2022-11-13,8.25,151.0,2022,PUNJAB,BARNALA,D520,BARNALA,30.5,75.5,47.33,2022,542.9445,17.8629,31.2772,4.0527,1.7661,2.4348,520.7933,16.9653,30.7146,4.0526750684931505,1.7660561643835617,2.4347654794520546,6.4,7.37,1.85,0.88
830,30.83028238,75.09178101,2022-06-10,2022-11-13,8.75,156.0,2022,PUNJAB,BARNALA,D520,BARNALA,30.5,75.5,53.6,2022,542.9445,17.8629,31.2772,4.0527,1.7661,2.4348,520.7933,16.9653,30.7146,4.0526750684931505,1.7660561643835617,2.4347654794520546,6.4,7.37,2.35,1.38
831,30.519226,75.050438,2022-06-15,2022-11-13,6.75,151.0,2022,PUNJAB,BARNALA,D520,BARNALA,30.5,75.5,43.12,2022,542.9445,17.8629,31.2772,4.0527,1.7661,2.4348,520.7933,16.9653,30.7146,4.0526750684931505,1.7660561643835617,2.4347654794520546,6.4,7.37,0.35,-0.62
832,30.539282,75.080989,2022-06-18,2022-11-13,7.25,148.0,2022,PUNJAB,BARNALA,D520,BARNALA,30.5,75.5,40.37,2022,542.9445,17.8629,31.2772,4.0527,1.7661,2.4348,520.7933,16.9653,30.7146,4.0526750684931505,1.7660561643835617,2.4347654794520546,6.4,7.37,0.85,-0.12
833,30.566779,75.094688,2022-06-13,2022-10-18,7.25,127.0,2022,PUNJAB,BARNALA,D520,BARNALA,30.5,75.5,39.52,2022,542.9445,17.8629,31.2772,4.0527,1.7661,2.4348,520.7933,16.9653,30.7146,4.0526750684931505,1.7660561643835617,2.4347654794520546,6.4,7.37,0.85,-0.12
834,30.596144,75.057881,2022-06-13,2022-10-15,6.25,124.0,2022,PUNJAB,BARNALA,D520,BARNALA,30.5,75.5,43.67,2022,542.9445,17.8629,31.2772,4.0527,1.7661,2.4348,520.7933,16.9653,30.7146,4.0526750684931505,1.7660561643835617,2.4347654794520546,6.4,7.37,-0.15,-1.12
835,30.579185,75.130099,2022-06-18,2022-10-18,7.25,122.0,2022,PUNJAB,BARNALA,D520,BARNALA,30.5,75.5,36.5,2022,542.9445,17.8629,31.2772,4.0527,1.7661,2.4348,520.7933,16.9653,30.7146,4.0526750684931505,1.7660561643835617,2.4347654794520546,6.4,7.37,0.85,-0.12
836,30.85154733,74.94105235,2022-06-18,2022-10-20,6.25,124.0,2022,PUNJAB,SRI MUKTSAR SAHIB,D533,MUKTSAR,30.5,74.5,57.51,2022,493.1639,17.7604,31.341,3.9921,1.8725,2.5005,437.8336,17.1688,31.0228,3.9921005479452054,1.8725484931506848,2.5004912328767124,6.66,7.12,-0.41,-0.87
837,30.78871539,74.87529018,2022-06-18,2022-10-15,6.5,119.0,2022,PUNJAB,SRI MUKTSAR SAHIB,D533,MUKTSAR,30.5,74.5,48.16,2022,493.1639,17.7604,31.341,3.9921,1.8725,2.5005,437.8336,17.1688,31.0228,3.9921005479452054,1.8725484931506848,2.5004912328767124,6.66,7.12,-0.16,-0.62
838,30.86344443,74.75830089,2022-06-15,2022-10-18,7.75,125.0,2022,PUNJAB,SRI MUKTSAR SAHIB,D533,MUKTSAR,30.5,74.5,47.36,2022,493.1639,17.7604,31.341,3.9921,1.8725,2.5005,437.8336,17.1688,31.0228,3.9921005479452054,1.8725484931506848,2.5004912328767124,6.66,7.12,1.09,0.63
839,30.92317051,74.69742733,2022-06-13,2022-10-18,8.25,127.0,2022,PUNJAB,SRI MUKTSAR SAHIB,D533,MUKTSAR,30.5,74.5,50.7,2022,493.1639,17.7604,31.341,3.9921,1.8725,2.5005,437.8336,17.1688,31.0228,3.9921005479452054,1.8725484931506848,2.5004912328767124,6.66,7.12,1.59,1.13
840,30.432718,74.344557,2022-06-13,2022-10-18,7.25,127.0,2022,PUNJAB,SRI MUKTSAR SAHIB,D533,MUKTSAR,30.5,74.5,16.67,2022,493.1639,17.7604,31.341,3.9921,1.8725,2.5005,437.8336,17.1688,31.0228,3.9921005479452054,1.8725484931506848,2.5004912328767124,6.66,7.12,0.59,0.13
841,30.443239,74.28727,2022-06-18,2022-11-13,5.25,148.0,2022,PUNJAB,SRI MUKTSAR SAHIB,D533,MUKTSAR,30.5,74.5,21.34,2022,493.1639,17.7604,31.341,3.9921,1.8725,2.5005,437.8336,17.1688,31.0228,3.9921005479452054,1.8725484931506848,2.5004912328767124,6.66,7.12,-1.41,-1.87
842,30.448849,74.3832,2022-06-15,2022-11-13,7.75,151.0,2022,PUNJAB,SRI MUKTSAR SAHIB,D533,MUKTSAR,30.5,74.5,12.56,2022,493.1639,17.7604,31.341,3.9921,1.8725,2.5005,437.8336,17.1688,31.0228,3.9921005479452054,1.8725484931506848,2.5004912328767124,6.66,7.12,1.09,0.63
843,30.358782,74.423131,2022-06-15,2022-11-13,8.25,151.0,2022,PUNJAB,SRI MUKTSAR SAHIB,D533,MUKTSAR,30.5,74.5,17.35,2022,493.1639,17.7604,31.341,3.9921,1.8725,2.5005,437.8336,17.1688,31.0228,3.9921005479452054,1.8725484931506848,2.5004912328767124,6.66,7.12,1.59,1.13
844,30.36435,74.396464,2022-06-10,2022-10-18,8.75,130.0,2022,PUNJAB,SRI MUKTSAR SAHIB,D533,MUKTSAR,30.5,74.5,18.06,2022,493.1639,17.7604,31.341,3.9921,1.8725,2.5005,437.8336,17.1688,31.0228,3.9921005479452054,1.8725484931506848,2.5004912328767124,6.66,7.12,2.09,1.63
845,30.388185,74.39103,2022-06-15,2022-10-15,6.75,122.0,2022,PUNJAB,SRI MUKTSAR SAHIB,D533,MUKTSAR,30.5,74.5,16.24,2022,493.1639,17.7604,31.341,3.9921,1.8725,2.5005,437.8336,17.1688,31.0228,3.9921005479452054,1.8725484931506848,2.5004912328767124,6.66,7.12,0.09,-0.37
846,30.309422,74.394445,2022-06-10,2022-10-18,6.25,130.0,2022,PUNJAB,SRI MUKTSAR SAHIB,D533,MUKTSAR,30.5,74.5,23.49,2022,493.1639,17.7604,31.341,3.9921,1.8725,2.5005,437.8336,17.1688,31.0228,3.9921005479452054,1.8725484931506848,2.5004912328767124,6.66,7.12,-0.41,-0.87
847,30.297749,74.348037,2022-06-15,2022-10-20,7.25,127.0,2022,PUNJAB,SRI MUKTSAR SAHIB,D533,MUKTSAR,30.5,74.5,26.8,2022,493.1639,17.7604,31.341,3.9921,1.8725,2.5005,437.8336,17.1688,31.0228,3.9921005479452054,1.8725484931506848,2.5004912328767124,6.66,7.12,0.59,0.13
848,30.302147,74.320972,2022-06-13,2022-11-13,6.25,153.0,2022,PUNJAB,SRI MUKTSAR SAHIB,D533,MUKTSAR,30.5,74.5,27.91,2022,493.1639,17.7604,31.341,3.9921,1.8725,2.5005,437.8336,17.1688,31.0228,3.9921005479452054,1.8725484931506848,2.5004912328767124,6.66,7.12,-0.41,-0.87
849,30.329953,74.289425,2022-06-13,2022-11-13,8.75,153.0,2022,PUNJAB,SRI MUKTSAR SAHIB,D533,MUKTSAR,30.5,74.5,27.66,2022,493.1639,17.7604,31.341,3.9921,1.8725,2.5005,437.8336,17.1688,31.0228,3.9921005479452054,1.8725484931506848,2.5004912328767124,6.66,7.12,2.09,1.63
850,30.369172,74.296805,2022-06-10,2022-11-13,6.25,156.0,2022,PUNJAB,SRI MUKTSAR SAHIB,D533,MUKTSAR,30.5,74.5,24.31,2022,493.1639,17.7604,31.341,3.9921,1.8725,2.5005,437.8336,17.1688,31.0228,3.9921005479452054,1.8725484931506848,2.5004912328767124,6.66,7.12,-0.41,-0.87
851,30.297533,74.302318,2022-06-13,2022-10-18,6.75,127.0,2022,PUNJAB,SRI MUKTSAR SAHIB,D533,MUKTSAR,30.5,74.5,29.43,2022,493.1639,17.7604,31.341,3.9921,1.8725,2.5005,437.8336,17.1688,31.0228,3.9921005479452054,1.8725484931506848,2.5004912328767124,6.66,7.12,0.09,-0.37
852,30.268391,74.273487,2022-06-13,2022-10-18,5.75,127.0,2022,PUNJAB,SRI MUKTSAR SAHIB,D533,MUKTSAR,30.5,74.5,33.69,2022,493.1639,17.7604,31.341,3.9921,1.8725,2.5005,437.8336,17.1688,31.0228,3.9921005479452054,1.8725484931506848,2.5004912328767124,6.66,7.12,-0.91,-1.37
853,30.258508,74.236403,2022-06-13,2022-10-18,6.25,127.0,2022,PUNJAB,SRI MUKTSAR SAHIB,D533,MUKTSAR,30.5,74.5,36.88,2022,493.1639,17.7604,31.341,3.9921,1.8725,2.5005,437.8336,17.1688,31.0228,3.9921005479452054,1.8725484931506848,2.5004912328767124,6.66,7.12,-0.41,-0.87
854,30.20989,74.233078,2022-06-18,2022-11-13,6.25,148.0,2022,PUNJAB,SRI MUKTSAR SAHIB,D533,MUKTSAR,30.5,74.5,41.19,2022,493.1639,17.7604,31.341,3.9921,1.8725,2.5005,437.8336,17.1688,31.0228,3.9921005479452054,1.8725484931506848,2.5004912328767124,6.66,7.12,-0.41,-0.87
855,30.171074,74.224606,2022-06-18,2022-11-13,6.75,148.0,2022,PUNJAB,SRI MUKTSAR SAHIB,D533,MUKTSAR,30.5,74.5,45.12,2022,493.1639,17.7604,31.341,3.9921,1.8725,2.5005,437.8336,17.1688,31.0228,3.9921005479452054,1.8725484931506848,2.5004912328767124,6.66,7.12,0.09,-0.37
856,30.151679,74.245236,2022-06-15,2022-11-13,6.25,151.0,2022,PUNJAB,SRI MUKTSAR SAHIB,D533,MUKTSAR,30.5,74.5,45.8,2022,493.1639,17.7604,31.341,3.9921,1.8725,2.5005,437.8336,17.1688,31.0228,3.9921005479452054,1.8725484931506848,2.5004912328767124,6.66,7.12,-0.41,-0.87
857,30.134872,74.238861,2022-06-13,2022-10-18,6.75,127.0,2022,PUNJAB,SRI MUKTSAR SAHIB,D533,MUKTSAR,30.5,74.5,47.71,2022,493.1639,17.7604,31.341,3.9921,1.8725,2.5005,437.8336,17.1688,31.0228,3.9921005479452054,1.8725484931506848,2.5004912328767124,6.66,7.12,0.09,-0.37
858,30.105591,74.262831,2022-06-13,2022-11-13,6.75,153.0,2022,PUNJAB,SRI MUKTSAR SAHIB,D533,MUKTSAR,30.5,74.5,49.41,2022,493.1639,17.7604,31.341,3.9921,1.8725,2.5005,437.8336,17.1688,31.0228,3.9921005479452054,1.8725484931506848,2.5004912328767124,6.66,7.12,0.09,-0.37
859,30.02063,74.311986,2022-06-13,2022-11-13,6.25,153.0,2022,PUNJAB,SRI MUKTSAR SAHIB,D533,MUKTSAR,30.5,74.5,56.28,2022,493.1639,17.7604,31.341,3.9921,1.8725,2.5005,437.8336,17.1688,31.0228,3.9921005479452054,1.8725484931506848,2.5004912328767124,6.66,7.12,-0.41,-0.87
860,29.58427,74.303242,2022-06-13,2022-10-15,6.75,124.0,2022,PUNJAB,SRI MUKTSAR SAHIB,D533,MUKTSAR,30.5,74.5,103.57,2022,493.1639,17.7604,31.341,3.9921,1.8725,2.5005,437.8336,17.1688,31.0228,3.9921005479452054,1.8725484931506848,2.5004912328767124,6.66,7.12,0.09,-0.37
861,29.582052,74.363436,2022-06-15,2022-10-18,6.75,125.0,2022,PUNJAB,SRI MUKTSAR SAHIB,D533,MUKTSAR,30.5,74.5,102.91,2022,493.1639,17.7604,31.341,3.9921,1.8725,2.5005,437.8336,17.1688,31.0228,3.9921005479452054,1.8725484931506848,2.5004912328767124,6.66,7.12,0.09,-0.37
862,30.0218353,74.381261,2022-06-13,2022-10-28,6.25,137.0,2022,PUNJAB,SRI MUKTSAR SAHIB,D533,MUKTSAR,30.5,74.5,54.38,2022,493.1639,17.7604,31.341,3.9921,1.8725,2.5005,437.8336,17.1688,31.0228,3.9921005479452054,1.8725484931506848,2.5004912328767124,6.66,7.12,-0.41,-0.87
863,30.050244,74.394408,2022-06-13,2022-10-18,6.25,127.0,2022,PUNJAB,SRI MUKTSAR SAHIB,D533,MUKTSAR,30.5,74.5,51.03,2022,493.1639,17.7604,31.341,3.9921,1.8725,2.5005,437.8336,17.1688,31.0228,3.9921005479452054,1.8725484931506848,2.5004912328767124,6.66,7.12,-0.41,-0.87
864,30.104191,74.3677,2022-06-15,2022-11-13,8.75,151.0,2022,PUNJAB,SRI MUKTSAR SAHIB,D533,MUKTSAR,30.5,74.5,45.81,2022,493.1639,17.7604,31.341,3.9921,1.8725,2.5005,437.8336,17.1688,31.0228,3.9921005479452054,1.8725484931506848,2.5004912328767124,6.66,7.12,2.09,1.63
865,30.212905,74.345415,2022-06-10,2022-10-18,7.25,130.0,2022,PUNJAB,SRI MUKTSAR SAHIB,D533,MUKTSAR,30.5,74.5,35.2,2022,493.1639,17.7604,31.341,3.9921,1.8725,2.5005,437.8336,17.1688,31.0228,3.9921005479452054,1.8725484931506848,2.5004912328767124,6.66,7.12,0.59,0.13
866,30.17484,74.360432,2022-06-15,2022-10-18,6.75,125.0,2022,PUNJAB,SRI MUKTSAR SAHIB,D533,MUKTSAR,30.5,74.5,38.56,2022,493.1639,17.7604,31.341,3.9921,1.8725,2.5005,437.8336,17.1688,31.0228,3.9921005479452054,1.8725484931506848,2.5004912328767124,6.66,7.12,0.09,-0.37
867,30.131657,74.347897,2022-06-13,2022-10-18,6.25,127.0,2022,PUNJAB,SRI MUKTSAR SAHIB,D533,MUKTSAR,30.5,74.5,43.48,2022,493.1639,17.7604,31.341,3.9921,1.8725,2.5005,437.8336,17.1688,31.0228,3.9921005479452054,1.8725484931506848,2.5004912328767124,6.66,7.12,-0.41,-0.87
868,31.50192037,74.96089991,2022-06-03,2022-10-15,6.75,134.0,2022,PUNJAB,KAPURTHALA,D529,SULTANPUR LODHI,31.5,75.5,51.11,2022,899.2779,17.1603,30.267,5.4487,1.7155,2.5124,829.6878,16.3326,29.5528,5.448737808219178,1.7154909589041099,2.512443287671233,6.37,7.05,0.38,-0.3
869,31.45956589,74.9666442,2022-06-13,2022-10-18,7.25,127.0,2022,PUNJAB,KAPURTHALA,D529,SULTANPUR LODHI,31.5,75.5,50.78,2022,899.2779,17.1603,30.267,5.4487,1.7155,2.5124,829.6878,16.3326,29.5528,5.448737808219178,1.7154909589041099,2.512443287671233,6.37,7.05,0.88,0.2
870,31.45800411,75.04306289,2022-06-18,2022-10-20,7.25,124.0,2022,PUNJAB,KAPURTHALA,D529,SULTANPUR LODHI,31.5,75.5,43.58,2022,899.2779,17.1603,30.267,5.4487,1.7155,2.5124,829.6878,16.3326,29.5528,5.448737808219178,1.7154909589041099,2.512443287671233,6.37,7.05,0.88,0.2
871,31.4199785,75.0931729,2022-06-13,2022-10-15,7.5,124.0,2022,PUNJAB,KAPURTHALA,D529,SULTANPUR LODHI,31.5,75.5,39.6,2022,899.2779,17.1603,30.267,5.4487,1.7155,2.5124,829.6878,16.3326,29.5528,5.448737808219178,1.7154909589041099,2.512443287671233,6.37,7.05,1.13,0.45
872,31.39398549,75.0468005,2022-06-15,2022-10-18,7.25,125.0,2022,PUNJAB,KAPURTHALA,D529,SULTANPUR LODHI,31.5,75.5,44.58,2022,899.2779,17.1603,30.267,5.4487,1.7155,2.5124,829.6878,16.3326,29.5528,5.448737808219178,1.7154909589041099,2.512443287671233,6.37,7.05,0.88,0.2
873,31.35168818,75.02900075,2022-06-03,2022-10-15,7.75,134.0,2022,PUNJAB,KAPURTHALA,D529,SULTANPUR LODHI,31.5,75.5,47.64,2022,899.2779,17.1603,30.267,5.4487,1.7155,2.5124,829.6878,16.3326,29.5528,5.448737808219178,1.7154909589041099,2.512443287671233,6.37,7.05,1.38,0.7
874,31.32622193,75.07111036,2022-06-08,2022-10-18,7.25,132.0,2022,PUNJAB,KAPURTHALA,D529,SULTANPUR LODHI,31.5,75.5,45.05,2022,899.2779,17.1603,30.267,5.4487,1.7155,2.5124,829.6878,16.3326,29.5528,5.448737808219178,1.7154909589041099,2.512443287671233,6.37,7.05,0.88,0.2
875,31.29113042,74.99597625,2022-06-13,2022-10-18,7.75,127.0,2022,PUNJAB,KAPURTHALA,D529,SULTANPUR LODHI,31.5,75.5,53.18,2022,899.2779,17.1603,30.267,5.4487,1.7155,2.5124,829.6878,16.3326,29.5528,5.448737808219178,1.7154909589041099,2.512443287671233,6.37,7.05,1.38,0.7
876,31.24933616,75.00459137,2022-06-08,2022-11-13,7.75,158.0,2022,PUNJAB,KAPURTHALA,D529,SULTANPUR LODHI,31.5,75.5,54.67,2022,899.2779,17.1603,30.267,5.4487,1.7155,2.5124,829.6878,16.3326,29.5528,5.448737808219178,1.7154909589041099,2.512443287671233,6.37,7.05,1.38,0.7
877,31.2801626,74.91422585,2022-06-15,2022-11-13,7.75,151.0,2022,PUNJAB,KAPURTHALA,D529,SULTANPUR LODHI,31.5,75.5,60.74,2022,899.2779,17.1603,30.267,5.4487,1.7155,2.5124,829.6878,16.3326,29.5528,5.448737808219178,1.7154909589041099,2.512443287671233,6.37,7.05,1.38,0.7
878,31.2549797,74.79863937,2022-06-13,2022-11-13,6.75,153.0,2022,PUNJAB,KAPURTHALA,D529,SULTANPUR LODHI,31.5,75.5,71.94,2022,899.2779,17.1603,30.267,5.4487,1.7155,2.5124,829.6878,16.3326,29.5528,5.448737808219178,1.7154909589041099,2.512443287671233,6.37,7.05,0.38,-0.3
879,31.23016897,74.71717263,2022-06-15,2022-10-18,7.75,125.0,2022,PUNJAB,KAPURTHALA,D529,SULTANPUR LODHI,31.5,75.5,80.15,2022,899.2779,17.1603,30.267,5.4487,1.7155,2.5124,829.6878,16.3326,29.5528,5.448737808219178,1.7154909589041099,2.512443287671233,6.37,7.05,1.38,0.7
880,31.16849016,74.59311306,2022-06-13,2022-11-13,7.25,153.0,2022,PUNJAB,SRI MUKTSAR SAHIB,D533,MUKTSAR,30.5,74.5,74.86,2022,493.1639,17.7604,31.341,3.9921,1.8725,2.5005,437.8336,17.1688,31.0228,3.9921005479452054,1.8725484931506848,2.5004912328767124,6.66,7.12,0.59,0.13
881,31.13756349,74.53437105,2022-06-15,2022-11-13,7.75,151.0,2022,PUNJAB,SRI MUKTSAR SAHIB,D533,MUKTSAR,30.5,74.5,70.97,2022,493.1639,17.7604,31.341,3.9921,1.8725,2.5005,437.8336,17.1688,31.0228,3.9921005479452054,1.8725484931506848,2.5004912328767124,6.66,7.12,1.09,0.63
882,31.13264107,74.51526658,2022-06-13,2022-10-15,8.25,124.0,2022,PUNJAB,SRI MUKTSAR SAHIB,D533,MUKTSAR,30.5,74.5,70.36,2022,493.1639,17.7604,31.341,3.9921,1.8725,2.5005,437.8336,17.1688,31.0228,3.9921005479452054,1.8725484931506848,2.5004912328767124,6.66,7.12,1.59,1.13
883,31.284686,75.032078,2022-06-13,2022-10-18,8.25,127.0,2022,PUNJAB,KAPURTHALA,D529,SULTANPUR LODHI,31.5,75.5,50.46,2022,899.2779,17.1603,30.267,5.4487,1.7155,2.5124,829.6878,16.3326,29.5528,5.448737808219178,1.7154909589041099,2.512443287671233,6.37,7.05,1.88,1.2
884,31.21142808,74.62954262,2022-06-10,2022-10-28,7.75,140.0,2022,PUNJAB,SRI MUKTSAR SAHIB,D533,MUKTSAR,30.5,74.5,80.07,2022,493.1639,17.7604,31.341,3.9921,1.8725,2.5005,437.8336,17.1688,31.0228,3.9921005479452054,1.8725484931506848,2.5004912328767124,6.66,7.12,1.09,0.63
885,31.28949901,74.55104923,2022-06-15,2022-10-18,7.75,125.0,2022,PUNJAB,SRI MUKTSAR SAHIB,D533,MUKTSAR,30.5,74.5,87.92,2022,493.1639,17.7604,31.341,3.9921,1.8725,2.5005,437.8336,17.1688,31.0228,3.9921005479452054,1.8725484931506848,2.5004912328767124,6.66,7.12,1.09,0.63
886,31.29848771,74.6605564,2022-06-10,2022-11-13,8.25,156.0,2022,PUNJAB,KAPURTHALA,D529,SULTANPUR LODHI,31.5,75.5,82.76,2022,899.2779,17.1603,30.267,5.4487,1.7155,2.5124,829.6878,16.3326,29.5528,5.448737808219178,1.7154909589041099,2.512443287671233,6.37,7.05,1.88,1.2
887,31.39745356,74.62686731,2022-06-08,2022-10-18,7.75,132.0,2022,PUNJAB,KAPURTHALA,D529,SULTANPUR LODHI,31.5,75.5,83.61,2022,899.2779,17.1603,30.267,5.4487,1.7155,2.5124,829.6878,16.3326,29.5528,5.448737808219178,1.7154909589041099,2.512443287671233,6.37,7.05,1.38,0.7
888,31.4984634,74.70344937,2022-06-08,2022-10-18,7.25,132.0,2022,PUNJAB,KAPURTHALA,D529,SULTANPUR LODHI,31.5,75.5,75.52,2022,899.2779,17.1603,30.267,5.4487,1.7155,2.5124,829.6878,16.3326,29.5528,5.448737808219178,1.7154909589041099,2.512443287671233,6.37,7.05,0.88,0.2
889,31.09466,74.558289,2022-06-15,2022-10-18,7.5,125.0,2022,PUNJAB,SRI MUKTSAR SAHIB,D533,MUKTSAR,30.5,74.5,66.36,2022,493.1639,17.7604,31.341,3.9921,1.8725,2.5005,437.8336,17.1688,31.0228,3.9921005479452054,1.8725484931506848,2.5004912328767124,6.66,7.12,0.84,0.38
890,30.95942258,75.12411375,2022-06-13,2022-10-15,7.25,124.0,2022,PUNJAB,BARNALA,D520,BARNALA,30.5,75.5,62.45,2022,542.9445,17.8629,31.2772,4.0527,1.7661,2.4348,520.7933,16.9653,30.7146,4.0526750684931505,1.7660561643835617,2.4347654794520546,6.4,7.37,0.85,-0.12
891,31.030193,75.072337,2022-06-18,2022-10-18,7.25,122.0,2022,PUNJAB,KAPURTHALA,D529,SULTANPUR LODHI,31.5,75.5,66.19,2022,899.2779,17.1603,30.267,5.4487,1.7155,2.5124,829.6878,16.3326,29.5528,5.448737808219178,1.7154909589041099,2.512443287671233,6.37,7.05,0.88,0.2
892,31.001553,75.120835,2022-06-18,2022-10-20,6.75,124.0,2022,PUNJAB,KAPURTHALA,D529,SULTANPUR LODHI,31.5,75.5,66.11,2022,899.2779,17.1603,30.267,5.4487,1.7155,2.5124,829.6878,16.3326,29.5528,5.448737808219178,1.7154909589041099,2.512443287671233,6.37,7.05,0.38,-0.3
893,31.06067469,74.98018344,2022-06-13,2022-10-18,6.25,127.0,2022,PUNJAB,KAPURTHALA,D529,SULTANPUR LODHI,31.5,75.5,69.47,2022,899.2779,17.1603,30.267,5.4487,1.7155,2.5124,829.6878,16.3326,29.5528,5.448737808219178,1.7154909589041099,2.512443287671233,6.37,7.05,-0.12,-0.8
894,30.9765643,74.976564,2022-06-13,2022-10-18,7.25,127.0,2022,PUNJAB,SRI MUKTSAR SAHIB,D533,MUKTSAR,30.5,74.5,69.88,2022,493.1639,17.7604,31.341,3.9921,1.8725,2.5005,437.8336,17.1688,31.0228,3.9921005479452054,1.8725484931506848,2.5004912328767124,6.66,7.12,0.59,0.13
895,30.95887263,74.78661874,2022-06-13,2022-10-18,7.75,127.0,2022,PUNJAB,SRI MUKTSAR SAHIB,D533,MUKTSAR,30.5,74.5,57.91,2022,493.1639,17.7604,31.341,3.9921,1.8725,2.5005,437.8336,17.1688,31.0228,3.9921005479452054,1.8725484931506848,2.5004912328767124,6.66,7.12,1.09,0.63
896,31.03109715,74.82052257,2022-06-13,2022-10-18,7.5,127.0,2022,PUNJAB,SRI MUKTSAR SAHIB,D533,MUKTSAR,30.5,74.5,66.52,2022,493.1639,17.7604,31.341,3.9921,1.8725,2.5005,437.8336,17.1688,31.0228,3.9921005479452054,1.8725484931506848,2.5004912328767124,6.66,7.12,0.84,0.38
897,31.08126955,74.90143218,2022-06-18,2022-10-18,7.75,122.0,2022,PUNJAB,KAPURTHALA,D529,SULTANPUR LODHI,31.5,75.5,73.5,2022,899.2779,17.1603,30.267,5.4487,1.7155,2.5124,829.6878,16.3326,29.5528,5.448737808219178,1.7154909589041099,2.512443287671233,6.37,7.05,1.38,0.7
898,31.08630839,75.02269443,2022-06-15,2022-10-15,8.25,122.0,2022,PUNJAB,KAPURTHALA,D529,SULTANPUR LODHI,31.5,75.5,64.6,2022,899.2779,17.1603,30.267,5.4487,1.7155,2.5124,829.6878,16.3326,29.5528,5.448737808219178,1.7154909589041099,2.512443287671233,6.37,7.05,1.88,1.2
899,30.555591,74.34746,2022-06-13,2022-10-18,8.25,127.0,2022,PUNJAB,SRI MUKTSAR SAHIB,D533,MUKTSAR,30.5,74.5,15.86,2022,493.1639,17.7604,31.341,3.9921,1.8725,2.5005,437.8336,17.1688,31.0228,3.9921005479452054,1.8725484931506848,2.5004912328767124,6.66,7.12,1.59,1.13
900,30.539462,74.324273,2022-06-15,2022-10-18,7.75,125.0,2022,PUNJAB,SRI MUKTSAR SAHIB,D533,MUKTSAR,30.5,74.5,17.4,2022,493.1639,17.7604,31.341,3.9921,1.8725,2.5005,437.8336,17.1688,31.0228,3.9921005479452054,1.8725484931506848,2.5004912328767124,6.66,7.12,1.09,0.63
901,30.506376,74.281963,2022-06-13,2022-10-18,5.75,127.0,2022,PUNJAB,SRI MUKTSAR SAHIB,D533,MUKTSAR,30.5,74.5,20.9,2022,493.1639,17.7604,31.341,3.9921,1.8725,2.5005,437.8336,17.1688,31.0228,3.9921005479452054,1.8725484931506848,2.5004912328767124,6.66,7.12,-0.91,-1.37
902,30.510379,74.264814,2022-06-15,2022-11-13,8.25,151.0,2022,PUNJAB,SRI MUKTSAR SAHIB,D533,MUKTSAR,30.5,74.5,22.56,2022,493.1639,17.7604,31.341,3.9921,1.8725,2.5005,437.8336,17.1688,31.0228,3.9921005479452054,1.8725484931506848,2.5004912328767124,6.66,7.12,1.59,1.13
903,30.464605,74.243976,2022-06-13,2022-11-13,7.75,153.0,2022,PUNJAB,SRI MUKTSAR SAHIB,D533,MUKTSAR,30.5,74.5,24.85,2022,493.1639,17.7604,31.341,3.9921,1.8725,2.5005,437.8336,17.1688,31.0228,3.9921005479452054,1.8725484931506848,2.5004912328767124,6.66,7.12,1.09,0.63
904,30.430687,74.205416,2022-06-13,2022-11-13,7.75,153.0,2022,PUNJAB,SRI MUKTSAR SAHIB,D533,MUKTSAR,30.5,74.5,29.27,2022,493.1639,17.7604,31.341,3.9921,1.8725,2.5005,437.8336,17.1688,31.0228,3.9921005479452054,1.8725484931506848,2.5004912328767124,6.66,7.12,1.09,0.63
905,30.396989,74.179143,2022-06-10,2022-10-18,7.75,130.0,2022,PUNJAB,SRI MUKTSAR SAHIB,D533,MUKTSAR,30.5,74.5,32.82,2022,493.1639,17.7604,31.341,3.9921,1.8725,2.5005,437.8336,17.1688,31.0228,3.9921005479452054,1.8725484931506848,2.5004912328767124,6.66,7.12,1.09,0.63
906,30.389787,74.19739,2022-06-15,2022-11-13,8.25,151.0,2022,PUNJAB,SRI MUKTSAR SAHIB,D533,MUKTSAR,30.5,74.5,31.49,2022,493.1639,17.7604,31.341,3.9921,1.8725,2.5005,437.8336,17.1688,31.0228,3.9921005479452054,1.8725484931506848,2.5004912328767124,6.66,7.12,1.59,1.13
907,31.54271951,75.1915033,2022-06-13,2022-11-13,6.25,153.0,2022,PUNJAB,KAPURTHALA,D529,SULTANPUR LODHI,31.5,75.5,29.62,2022,899.2779,17.1603,30.267,5.4487,1.7155,2.5124,829.6878,16.3326,29.5528,5.448737808219178,1.7154909589041099,2.512443287671233,6.37,7.05,-0.12,-0.8
908,31.54558122,75.12434533,2022-06-13,2022-10-15,7.25,124.0,2022,PUNJAB,KAPURTHALA,D529,SULTANPUR LODHI,31.5,75.5,35.97,2022,899.2779,17.1603,30.267,5.4487,1.7155,2.5124,829.6878,16.3326,29.5528,5.448737808219178,1.7154909589041099,2.512443287671233,6.37,7.05,0.88,0.2
909,31.55995706,75.07106785,2022-06-18,2022-10-18,5.25,122.0,2022,PUNJAB,KAPURTHALA,D529,SULTANPUR LODHI,31.5,75.5,41.2,2022,899.2779,17.1603,30.267,5.4487,1.7155,2.5124,829.6878,16.3326,29.5528,5.448737808219178,1.7154909589041099,2.512443287671233,6.37,7.05,-1.12,-1.8
910,31.58170781,74.93560497,2022-06-18,2022-10-28,6.5,132.0,2022,PUNJAB,KAPURTHALA,D529,SULTANPUR LODHI,31.5,75.5,54.25,2022,899.2779,17.1603,30.267,5.4487,1.7155,2.5124,829.6878,16.3326,29.5528,5.448737808219178,1.7154909589041099,2.512443287671233,6.37,7.05,0.13,-0.55
911,31.55380765,74.58745985,2022-06-15,2022-10-18,7.75,125.0,2022,PUNJAB,KAPURTHALA,D529,SULTANPUR LODHI,31.5,75.5,86.7,2022,899.2779,17.1603,30.267,5.4487,1.7155,2.5124,829.6878,16.3326,29.5528,5.448737808219178,1.7154909589041099,2.512443287671233,6.37,7.05,1.38,0.7
912,31.345097,74.546536,2022-06-13,2022-11-13,8.25,153.0,2022,PUNJAB,KAPURTHALA,D529,SULTANPUR LODHI,31.5,75.5,92.1,2022,899.2779,17.1603,30.267,5.4487,1.7155,2.5124,829.6878,16.3326,29.5528,5.448737808219178,1.7154909589041099,2.512443287671233,6.37,7.05,1.88,1.2
913,31.62172037,74.74177374,2022-06-13,2022-10-18,7.75,127.0,2022,PUNJAB,KAPURTHALA,D529,SULTANPUR LODHI,31.5,75.5,73.1,2022,899.2779,17.1603,30.267,5.4487,1.7155,2.5124,829.6878,16.3326,29.5528,5.448737808219178,1.7154909589041099,2.512443287671233,6.37,7.05,1.38,0.7
914,31.6237839,74.7359931,2022-06-13,2022-10-18,6.5,127.0,2022,PUNJAB,KAPURTHALA,D529,SULTANPUR LODHI,31.5,75.5,73.68,2022,899.2779,17.1603,30.267,5.4487,1.7155,2.5124,829.6878,16.3326,29.5528,5.448737808219178,1.7154909589041099,2.512443287671233,6.37,7.05,0.13,-0.55
915,31.67685307,74.74040699,2022-06-18,2022-10-18,7.75,122.0,2022,PUNJAB,KAPURTHALA,D529,SULTANPUR LODHI,31.5,75.5,74.59,2022,899.2779,17.1603,30.267,5.4487,1.7155,2.5124,829.6878,16.3326,29.5528,5.448737808219178,1.7154909589041099,2.512443287671233,6.37,7.05,1.38,0.7
916,31.70652177,74.68213103,2022-06-15,2022-10-15,8.25,122.0,2022,PUNJAB,KAPURTHALA,D529,SULTANPUR LODHI,31.5,75.5,80.79,2022,899.2779,17.1603,30.267,5.4487,1.7155,2.5124,829.6878,16.3326,29.5528,5.448737808219178,1.7154909589041099,2.512443287671233,6.37,7.05,1.88,1.2
917,31.7198279,74.56138041,2022-06-13,2022-10-18,8.25,127.0,2022,PUNJAB,KAPURTHALA,D529,SULTANPUR LODHI,31.5,75.5,92.18,2022,899.2779,17.1603,30.267,5.4487,1.7155,2.5124,829.6878,16.3326,29.5528,5.448737808219178,1.7154909589041099,2.512443287671233,6.37,7.05,1.88,1.2
918,31.70347599,74.51333926,2022-06-15,2022-10-18,7.75,125.0,2022,PUNJAB,KAPURTHALA,D529,SULTANPUR LODHI,31.5,75.5,96.14,2022,899.2779,17.1603,30.267,5.4487,1.7155,2.5124,829.6878,16.3326,29.5528,5.448737808219178,1.7154909589041099,2.512443287671233,6.37,7.05,1.38,0.7
919,31.7322517,74.67973797,2022-06-13,2022-10-18,5.75,127.0,2022,PUNJAB,KAPURTHALA,D529,SULTANPUR LODHI,31.5,75.5,81.85,2022,899.2779,17.1603,30.267,5.4487,1.7155,2.5124,829.6878,16.3326,29.5528,5.448737808219178,1.7154909589041099,2.512443287671233,6.37,7.05,-0.62,-1.3
920,31.76951382,74.71342702,2022-06-15,2022-11-13,8.25,151.0,2022,PUNJAB,KAPURTHALA,D529,SULTANPUR LODHI,31.5,75.5,80.27,2022,899.2779,17.1603,30.267,5.4487,1.7155,2.5124,829.6878,16.3326,29.5528,5.448737808219178,1.7154909589041099,2.512443287671233,6.37,7.05,1.88,1.2
921,31.8722596,74.77056989,2022-06-13,2022-11-13,8.25,153.0,2022,PUNJAB,KAPURTHALA,D529,SULTANPUR LODHI,31.5,75.5,80.48,2022,899.2779,17.1603,30.267,5.4487,1.7155,2.5124,829.6878,16.3326,29.5528,5.448737808219178,1.7154909589041099,2.512443287671233,6.37,7.05,1.88,1.2
922,31.90063483,74.79397981,2022-06-13,2022-11-13,8.25,153.0,2022,PUNJAB,KAPURTHALA,D529,SULTANPUR LODHI,31.5,75.5,80.29,2022,899.2779,17.1603,30.267,5.4487,1.7155,2.5124,829.6878,16.3326,29.5528,5.448737808219178,1.7154909589041099,2.512443287671233,6.37,7.05,1.88,1.2
923,31.94663824,74.87259236,2022-06-10,2022-10-18,7.75,130.0,2022,PUNJAB,KAPURTHALA,D529,SULTANPUR LODHI,31.5,75.5,77.38,2022,899.2779,17.1603,30.267,5.4487,1.7155,2.5124,829.6878,16.3326,29.5528,5.448737808219178,1.7154909589041099,2.512443287671233,6.37,7.05,1.38,0.7
924,31.98425154,74.93124257,2022-06-15,2022-11-13,8.25,151.0,2022,PUNJAB,KAPURTHALA,D529,SULTANPUR LODHI,31.5,75.5,76.11,2022,899.2779,17.1603,30.267,5.4487,1.7155,2.5124,829.6878,16.3326,29.5528,5.448737808219178,1.7154909589041099,2.512443287671233,6.37,7.05,1.88,1.2
925,31.9399235,74.91401404,2022-06-10,2022-11-13,8.75,156.0,2022,PUNJAB,KAPURTHALA,D529,SULTANPUR LODHI,31.5,75.5,73.92,2022,899.2779,17.1603,30.267,5.4487,1.7155,2.5124,829.6878,16.3326,29.5528,5.448737808219178,1.7154909589041099,2.512443287671233,6.37,7.05,2.38,1.7
926,31.83030188,74.98870631,2022-06-15,2022-10-15,6.75,122.0,2022,PUNJAB,KAPURTHALA,D529,SULTANPUR LODHI,31.5,75.5,60.75,2022,899.2779,17.1603,30.267,5.4487,1.7155,2.5124,829.6878,16.3326,29.5528,5.448737808219178,1.7154909589041099,2.512443287671233,6.37,7.05,0.38,-0.3
927,31.79596847,74.97905444,2022-06-13,2022-10-18,6.75,127.0,2022,PUNJAB,KAPURTHALA,D529,SULTANPUR LODHI,31.5,75.5,59.29,2022,899.2779,17.1603,30.267,5.4487,1.7155,2.5124,829.6878,16.3326,29.5528,5.448737808219178,1.7154909589041099,2.512443287671233,6.37,7.05,0.38,-0.3
928,31.73389439,74.99114182,2022-06-13,2022-10-28,6.25,137.0,2022,PUNJAB,KAPURTHALA,D529,SULTANPUR LODHI,31.5,75.5,54.75,2022,899.2779,17.1603,30.267,5.4487,1.7155,2.5124,829.6878,16.3326,29.5528,5.448737808219178,1.7154909589041099,2.512443287671233,6.37,7.05,-0.12,-0.8
929,31.54869477,75.01022635,2022-06-18,2022-10-18,6.25,122.0,2022,PUNJAB,KAPURTHALA,D529,SULTANPUR LODHI,31.5,75.5,46.74,2022,899.2779,17.1603,30.267,5.4487,1.7155,2.5124,829.6878,16.3326,29.5528,5.448737808219178,1.7154909589041099,2.512443287671233,6.37,7.05,-0.12,-0.8
930,29.524368,74.374593,2022-06-13,2022-11-13,6.25,153.0,2022,HARYANA,FATEHABAD,D214,FATEHABAD,29.5,75.5,108.94,2022,696.5269,18.1669,31.6732,3.0686,1.9158,2.5408,365.383,17.5901,31.4446,3.0686246575342473,1.9157709589041096,2.5408147945205477,5.82,7.28,0.43,-1.03
931,28.3802,77.0918,2022-06-13,2022-10-18,6.25,127.0,2022,UTTAR PRADESH,GAUTAM BUDH NAGAR,D705,DADRI,28.5,77.5,42.08,2022,430.5426,19.0592,32.035,3.4644,1.7776,2.398,470.9564,18.5812,31.5471,3.4643882191780824,1.7776331506849314,2.3980290410958904,4.2,5.31,2.05,0.94
932,29.0927,75.037429,2022-06-13,2022-10-18,6.75,127.0,2022,HARYANA,FATEHABAD,D214,FATEHABAD,29.5,75.5,63.74,2022,696.5269,18.1669,31.6732,3.0686,1.9158,2.5408,365.383,17.5901,31.4446,3.0686246575342473,1.9157709589041096,2.5408147945205477,5.82,7.28,0.93,-0.53
933,29.478679,75.402449,2022-06-13,2022-10-18,8.75,127.0,2022,HARYANA,FATEHABAD,D214,FATEHABAD,29.5,75.5,9.73,2022,696.5269,18.1669,31.6732,3.0686,1.9158,2.5408,365.383,17.5901,31.4446,3.0686246575342473,1.9157709589041096,2.5408147945205477,5.82,7.28,2.93,1.47
934,29.483721,75.355481,2022-06-18,2022-10-15,8.0,119.0,2022,HARYANA,FATEHABAD,D214,FATEHABAD,29.5,75.5,14.1,2022,696.5269,18.1669,31.6732,3.0686,1.9158,2.5408,365.383,17.5901,31.4446,3.0686246575342473,1.9157709589041096,2.5408147945205477,5.82,7.28,2.18,0.72
935,29.495967,75.326015,2022-06-10,2022-10-18,7.75,130.0,2022,HARYANA,FATEHABAD,D214,FATEHABAD,29.5,75.5,16.84,2022,696.5269,18.1669,31.6732,3.0686,1.9158,2.5408,365.383,17.5901,31.4446,3.0686246575342473,1.9157709589041096,2.5408147945205477,5.82,7.28,1.93,0.47
936,29.495791,75.225327,2022-06-18,2022-10-20,6.75,124.0,2022,HARYANA,FATEHABAD,D214,FATEHABAD,29.5,75.5,26.59,2022,696.5269,18.1669,31.6732,3.0686,1.9158,2.5408,365.383,17.5901,31.4446,3.0686246575342473,1.9157709589041096,2.5408147945205477,5.82,7.28,0.93,-0.53
937,29.466399,75.190194,2022-06-18,2022-10-18,7.75,122.0,2022,HARYANA,FATEHABAD,D214,FATEHABAD,29.5,75.5,30.22,2022,696.5269,18.1669,31.6732,3.0686,1.9158,2.5408,365.383,17.5901,31.4446,3.0686246575342473,1.9157709589041096,2.5408147945205477,5.82,7.28,1.93,0.47
938,29.42469,75.145396,2022-06-10,2022-10-18,7.5,130.0,2022,HARYANA,FATEHABAD,D214,FATEHABAD,29.5,75.5,35.34,2022,696.5269,18.1669,31.6732,3.0686,1.9158,2.5408,365.383,17.5901,31.4446,3.0686246575342473,1.9157709589041096,2.5408147945205477,5.82,7.28,1.68,0.22
939,29.056507,75.4723,2022-06-13,2022-10-18,6.75,127.0,2022,HARYANA,FATEHABAD,D214,FATEHABAD,29.5,75.5,49.39,2022,696.5269,18.1669,31.6732,3.0686,1.9158,2.5408,365.383,17.5901,31.4446,3.0686246575342473,1.9157709589041096,2.5408147945205477,5.82,7.28,0.93,-0.53
940,29.052243,75.44075,2022-06-10,2022-11-13,4.25,156.0,2022,HARYANA,FATEHABAD,D214,FATEHABAD,29.5,75.5,50.12,2022,696.5269,18.1669,31.6732,3.0686,1.9158,2.5408,365.383,17.5901,31.4446,3.0686246575342473,1.9157709589041096,2.5408147945205477,5.82,7.28,-1.57,-3.03
941,29.190459,75.393102,2022-06-13,2022-11-13,6.75,153.0,2022,HARYANA,FATEHABAD,D214,FATEHABAD,29.5,75.5,35.95,2022,696.5269,18.1669,31.6732,3.0686,1.9158,2.5408,365.383,17.5901,31.4446,3.0686246575342473,1.9157709589041096,2.5408147945205477,5.82,7.28,0.93,-0.53
942,29.216217,75.58904,2022-06-13,2022-10-15,6.75,124.0,2022,HARYANA,FATEHABAD,D214,FATEHABAD,29.5,75.5,32.71,2022,696.5269,18.1669,31.6732,3.0686,1.9158,2.5408,365.383,17.5901,31.4446,3.0686246575342473,1.9157709589041096,2.5408147945205477,5.82,7.28,0.93,-0.53
943,29.206543,76.029107,2022-06-10,2022-10-18,6.25,130.0,2022,HARYANA,JIND,D218,JULANA,29.5,76.5,56.1,2022,802.0345,18.5748,31.5211,3.9388,1.8267,2.451,509.5709,18.0978,31.0933,3.9387591780821922,1.8267394520547946,2.4510493150684933,5.11,6.47,1.14,-0.22
944,29.157535,76.023339,2022-06-13,2022-10-20,6.25,129.0,2022,HARYANA,JIND,D218,JULANA,29.5,76.5,59.88,2022,802.0345,18.5748,31.5211,3.9388,1.8267,2.451,509.5709,18.0978,31.0933,3.9387591780821922,1.8267394520547946,2.4510493150684933,5.11,6.47,1.14,-0.22
945,29.131957,76.005897,2022-06-13,2022-10-18,7.75,127.0,2022,HARYANA,JIND,D218,JULANA,29.5,76.5,63.01,2022,802.0345,18.5748,31.5211,3.9388,1.8267,2.451,509.5709,18.0978,31.0933,3.9387591780821922,1.8267394520547946,2.4510493150684933,5.11,6.47,2.64,1.28
946,29.131513,76.050598,2022-06-13,2022-11-13,6.75,153.0,2022,HARYANA,JIND,D218,JULANA,29.5,76.5,59.81,2022,802.0345,18.5748,31.5211,3.9388,1.8267,2.451,509.5709,18.0978,31.0933,3.9387591780821922,1.8267394520547946,2.4510493150684933,5.11,6.47,1.64,0.28
947,29.142913,76.099088,2022-06-15,2022-11-13,7.25,151.0,2022,HARYANA,JIND,D218,JULANA,29.5,76.5,55.56,2022,802.0345,18.5748,31.5211,3.9388,1.8267,2.451,509.5709,18.0978,31.0933,3.9387591780821922,1.8267394520547946,2.4510493150684933,5.11,6.47,2.14,0.78
948,29.153649,76.12345,2022-06-13,2022-10-18,5.25,127.0,2022,HARYANA,JIND,D218,JULANA,29.5,76.5,53.06,2022,802.0345,18.5748,31.5211,3.9388,1.8267,2.451,509.5709,18.0978,31.0933,3.9387591780821922,1.8267394520547946,2.4510493150684933,5.11,6.47,0.14,-1.22
949,29.113348,76.140218,2022-06-13,2022-10-15,7.25,124.0,2022,HARYANA,JIND,D218,JULANA,29.5,76.5,55.37,2022,802.0345,18.5748,31.5211,3.9388,1.8267,2.451,509.5709,18.0978,31.0933,3.9387591780821922,1.8267394520547946,2.4510493150684933,5.11,6.47,2.14,0.78
950,29.09098,76.161807,2022-06-15,2022-10-18,7.25,125.0,2022,HARYANA,JIND,D218,JULANA,29.5,76.5,56.07,2022,802.0345,18.5748,31.5211,3.9388,1.8267,2.451,509.5709,18.0978,31.0933,3.9387591780821922,1.8267394520547946,2.4510493150684933,5.11,6.47,2.14,0.78
951,29.072958,76.157054,2022-06-13,2022-10-18,8.25,127.0,2022,HARYANA,JIND,D218,JULANA,29.5,76.5,57.97,2022,802.0345,18.5748,31.5211,3.9388,1.8267,2.451,509.5709,18.0978,31.0933,3.9387591780821922,1.8267394520547946,2.4510493150684933,5.11,6.47,3.14,1.78
952,29.067138,76.132219,2022-06-18,2022-10-15,7.25,119.0,2022,HARYANA,JIND,D218,JULANA,29.5,76.5,59.91,2022,802.0345,18.5748,31.5211,3.9388,1.8267,2.451,509.5709,18.0978,31.0933,3.9387591780821922,1.8267394520547946,2.4510493150684933,5.11,6.47,2.14,0.78
953,29.042916,76.117645,2022-06-15,2022-10-18,7.75,125.0,2022,HARYANA,JIND,D218,JULANA,29.5,76.5,62.92,2022,802.0345,18.5748,31.5211,3.9388,1.8267,2.451,509.5709,18.0978,31.0933,3.9387591780821922,1.8267394520547946,2.4510493150684933,5.11,6.47,2.64,1.28
954,29.319234,75.190927,2022-06-13,2022-10-20,6.75,129.0,2022,HARYANA,FATEHABAD,D214,FATEHABAD,29.5,75.5,36.06,2022,696.5269,18.1669,31.6732,3.0686,1.9158,2.5408,365.383,17.5901,31.4446,3.0686246575342473,1.9157709589041096,2.5408147945205477,5.82,7.28,0.93,-0.53
955,29.324862,75.26089,2022-06-10,2022-11-13,6.25,156.0,2022,HARYANA,FATEHABAD,D214,FATEHABAD,29.5,75.5,30.26,2022,696.5269,18.1669,31.6732,3.0686,1.9158,2.5408,365.383,17.5901,31.4446,3.0686246575342473,1.9157709589041096,2.5408147945205477,5.82,7.28,0.43,-1.03
956,29.345618,75.276959,2022-06-13,2022-10-18,8.25,127.0,2022,HARYANA,FATEHABAD,D214,FATEHABAD,29.5,75.5,27.59,2022,696.5269,18.1669,31.6732,3.0686,1.9158,2.5408,365.383,17.5901,31.4446,3.0686246575342473,1.9157709589041096,2.5408147945205477,5.82,7.28,2.43,0.97
957,29.355543,75.313605,2022-06-13,2022-10-15,6.75,124.0,2022,HARYANA,FATEHABAD,D214,FATEHABAD,29.5,75.5,24.16,2022,696.5269,18.1669,31.6732,3.0686,1.9158,2.5408,365.383,17.5901,31.4446,3.0686246575342473,1.9157709589041096,2.5408147945205477,5.82,7.28,0.93,-0.53
958,29.377284,75.28676,2022-06-18,2022-10-18,6.25,122.0,2022,HARYANA,FATEHABAD,D214,FATEHABAD,29.5,75.5,24.75,2022,696.5269,18.1669,31.6732,3.0686,1.9158,2.5408,365.383,17.5901,31.4446,3.0686246575342473,1.9157709589041096,2.5408147945205477,5.82,7.28,0.43,-1.03
959,29.391777,75.264199,2022-06-15,2022-10-20,7.25,127.0,2022,HARYANA,FATEHABAD,D214,FATEHABAD,29.5,75.5,25.81,2022,696.5269,18.1669,31.6732,3.0686,1.9158,2.5408,365.383,17.5901,31.4446,3.0686246575342473,1.9157709589041096,2.5408147945205477,5.82,7.28,1.43,-0.03
960,29.400422,75.307445,2022-06-13,2022-10-18,6.25,127.0,2022,HARYANA,FATEHABAD,D214,FATEHABAD,29.5,75.5,21.68,2022,696.5269,18.1669,31.6732,3.0686,1.9158,2.5408,365.383,17.5901,31.4446,3.0686246575342473,1.9157709589041096,2.5408147945205477,5.82,7.28,0.43,-1.03
961,29.403617,75.371694,2022-06-13,2022-11-13,6.25,153.0,2022,HARYANA,FATEHABAD,D214,FATEHABAD,29.5,75.5,16.41,2022,696.5269,18.1669,31.6732,3.0686,1.9158,2.5408,365.383,17.5901,31.4446,3.0686246575342473,1.9157709589041096,2.5408147945205477,5.82,7.28,0.43,-1.03
962,29.396296,75.429202,2022-06-15,2022-11-13,6.75,151.0,2022,HARYANA,FATEHABAD,D214,FATEHABAD,29.5,75.5,13.42,2022,696.5269,18.1669,31.6732,3.0686,1.9158,2.5408,365.383,17.5901,31.4446,3.0686246575342473,1.9157709589041096,2.5408147945205477,5.82,7.28,0.93,-0.53
963,29.423448,75.500769,2022-06-13,2022-11-13,8.25,153.0,2022,HARYANA,FATEHABAD,D214,FATEHABAD,29.5,75.5,8.51,2022,696.5269,18.1669,31.6732,3.0686,1.9158,2.5408,365.383,17.5901,31.4446,3.0686246575342473,1.9157709589041096,2.5408147945205477,5.82,7.28,2.43,0.97
964,29.451184,75.501797,2022-06-13,2022-10-15,6.75,124.0,2022,HARYANA,FATEHABAD,D214,FATEHABAD,29.5,75.5,5.43,2022,696.5269,18.1669,31.6732,3.0686,1.9158,2.5408,365.383,17.5901,31.4446,3.0686246575342473,1.9157709589041096,2.5408147945205477,5.82,7.28,0.93,-0.53
965,29.406613,75.510947,2022-06-15,2022-10-18,6.75,125.0,2022,HARYANA,FATEHABAD,D214,FATEHABAD,29.5,75.5,10.44,2022,696.5269,18.1669,31.6732,3.0686,1.9158,2.5408,365.383,17.5901,31.4446,3.0686246575342473,1.9157709589041096,2.5408147945205477,5.82,7.28,0.93,-0.53
966,29.375083,75.518729,2022-06-13,2022-10-18,8.25,127.0,2022,HARYANA,FATEHABAD,D214,FATEHABAD,29.5,75.5,14.01,2022,696.5269,18.1669,31.6732,3.0686,1.9158,2.5408,365.383,17.5901,31.4446,3.0686246575342473,1.9157709589041096,2.5408147945205477,5.82,7.28,2.43,0.97
967,29.333451,75.505448,2022-06-10,2022-10-15,8.25,127.0,2022,HARYANA,FATEHABAD,D214,FATEHABAD,29.5,75.5,18.53,2022,696.5269,18.1669,31.6732,3.0686,1.9158,2.5408,365.383,17.5901,31.4446,3.0686246575342473,1.9157709589041096,2.5408147945205477,5.82,7.28,2.43,0.97
968,29.319555,75.487213,2022-06-13,2022-10-18,8.25,127.0,2022,HARYANA,FATEHABAD,D214,FATEHABAD,29.5,75.5,20.1,2022,696.5269,18.1669,31.6732,3.0686,1.9158,2.5408,365.383,17.5901,31.4446,3.0686246575342473,1.9157709589041096,2.5408147945205477,5.82,7.28,2.43,0.97
969,29.305179,75.34241,2022-06-13,2022-10-20,8.25,129.0,2022,HARYANA,FATEHABAD,D214,FATEHABAD,29.5,75.5,26.5,2022,696.5269,18.1669,31.6732,3.0686,1.9158,2.5408,365.383,17.5901,31.4446,3.0686246575342473,1.9157709589041096,2.5408147945205477,5.82,7.28,2.43,0.97
970,29.26077,75.326338,2022-06-18,2022-10-18,8.25,122.0,2022,HARYANA,FATEHABAD,D214,FATEHABAD,29.5,75.5,31.48,2022,696.5269,18.1669,31.6732,3.0686,1.9158,2.5408,365.383,17.5901,31.4446,3.0686246575342473,1.9157709589041096,2.5408147945205477,5.82,7.28,2.43,0.97
971,29.345241,75.043571,2022-06-13,2022-11-13,6.25,153.0,2022,HARYANA,FATEHABAD,D214,FATEHABAD,29.5,75.5,47.44,2022,696.5269,18.1669,31.6732,3.0686,1.9158,2.5408,365.383,17.5901,31.4446,3.0686246575342473,1.9157709589041096,2.5408147945205477,5.82,7.28,0.43,-1.03
972,29.350098,75.086018,2022-06-13,2022-10-18,7.75,127.0,2022,HARYANA,FATEHABAD,D214,FATEHABAD,29.5,75.5,43.42,2022,696.5269,18.1669,31.6732,3.0686,1.9158,2.5408,365.383,17.5901,31.4446,3.0686246575342473,1.9157709589041096,2.5408147945205477,5.82,7.28,1.93,0.47
973,29.366842,75.040516,2022-06-15,2022-10-18,7.25,125.0,2022,HARYANA,FATEHABAD,D214,FATEHABAD,29.5,75.5,46.9,2022,696.5269,18.1669,31.6732,3.0686,1.9158,2.5408,365.383,17.5901,31.4446,3.0686246575342473,1.9157709589041096,2.5408147945205477,5.82,7.28,1.43,-0.03
974,29.467863,75.060644,2022-06-13,2022-11-13,7.25,153.0,2022,HARYANA,FATEHABAD,D214,FATEHABAD,29.5,75.5,42.68,2022,696.5269,18.1669,31.6732,3.0686,1.9158,2.5408,365.383,17.5901,31.4446,3.0686246575342473,1.9157709589041096,2.5408147945205477,5.82,7.28,1.43,-0.03
975,29.256554,74.513149,2022-06-13,2022-11-13,7.25,153.0,2022,HARYANA,FATEHABAD,D214,FATEHABAD,29.5,75.5,99.38,2022,696.5269,18.1669,31.6732,3.0686,1.9158,2.5408,365.383,17.5901,31.4446,3.0686246575342473,1.9157709589041096,2.5408147945205477,5.82,7.28,1.43,-0.03
976,28.02775,77.061716,2022-06-13,2022-10-15,6.25,124.0,2022,UTTAR PRADESH,GAUTAM BUDH NAGAR,D705,DADRI,28.5,77.5,67.82,2022,430.5426,19.0592,32.035,3.4644,1.7776,2.398,470.9564,18.5812,31.5471,3.4643882191780824,1.7776331506849314,2.3980290410958904,4.2,5.31,2.05,0.94
977,28.028101,77.061747,2022-06-13,2022-10-18,5.75,127.0,2022,UTTAR PRADESH,GAUTAM BUDH NAGAR,D705,DADRI,28.5,77.5,67.79,2022,430.5426,19.0592,32.035,3.4644,1.7776,2.398,470.9564,18.5812,31.5471,3.4643882191780824,1.7776331506849314,2.3980290410958904,4.2,5.31,1.55,0.44
978,28.0233627,77.0482758,2022-06-18,2022-11-13,5.25,148.0,2022,UTTAR PRADESH,GAUTAM BUDH NAGAR,D705,DADRI,28.5,77.5,69.04,2022,430.5426,19.0592,32.035,3.4644,1.7776,2.398,470.9564,18.5812,31.5471,3.4643882191780824,1.7776331506849314,2.3980290410958904,4.2,5.31,1.05,-0.06
979,28.0079832,77.0489581,2022-06-18,2022-10-15,6.25,119.0,2022,UTTAR PRADESH,GAUTAM BUDH NAGAR,D705,DADRI,28.5,77.5,70.32,2022,430.5426,19.0592,32.035,3.4644,1.7776,2.398,470.9564,18.5812,31.5471,3.4643882191780824,1.7776331506849314,2.3980290410958904,4.2,5.31,2.05,0.94
980,28.02898,77.061701,2022-06-15,2022-10-18,5.75,125.0,2022,UTTAR PRADESH,GAUTAM BUDH NAGAR,D705,DADRI,28.5,77.5,67.72,2022,430.5426,19.0592,32.035,3.4644,1.7776,2.398,470.9564,18.5812,31.5471,3.4643882191780824,1.7776331506849314,2.3980290410958904,4.2,5.31,1.55,0.44
981,28.019611,77.057318,2022-06-13,2022-10-20,5.75,129.0,2022,UTTAR PRADESH,GAUTAM BUDH NAGAR,D705,DADRI,28.5,77.5,68.8,2022,430.5426,19.0592,32.035,3.4644,1.7776,2.398,470.9564,18.5812,31.5471,3.4643882191780824,1.7776331506849314,2.3980290410958904,4.2,5.31,1.55,0.44
982,28.019321,77.057328,2022-06-13,2022-11-13,7.75,153.0,2022,UTTAR PRADESH,GAUTAM BUDH NAGAR,D705,DADRI,28.5,77.5,68.82,2022,430.5426,19.0592,32.035,3.4644,1.7776,2.398,470.9564,18.5812,31.5471,3.4643882191780824,1.7776331506849314,2.3980290410958904,4.2,5.31,3.55,2.44
983,28.018567,77.056634,2022-06-13,2022-10-18,5.25,127.0,2022,UTTAR PRADESH,GAUTAM BUDH NAGAR,D705,DADRI,28.5,77.5,68.93,2022,430.5426,19.0592,32.035,3.4644,1.7776,2.398,470.9564,18.5812,31.5471,3.4643882191780824,1.7776331506849314,2.3980290410958904,4.2,5.31,1.05,-0.06
984,28.018578,77.056799,2022-06-18,2022-10-18,5.75,122.0,2022,UTTAR PRADESH,GAUTAM BUDH NAGAR,D705,DADRI,28.5,77.5,68.92,2022,430.5426,19.0592,32.035,3.4644,1.7776,2.398,470.9564,18.5812,31.5471,3.4643882191780824,1.7776331506849314,2.3980290410958904,4.2,5.31,1.55,0.44
985,28.204675,76.19258,2022-06-13,2022-10-18,5.25,127.0,2022,HARYANA,JHAJJAR,D217,JHAJJAR,28.5,76.5,44.53,2022,856.5128,18.8926,32.2786,3.7418,1.896,2.5107,490.9156,18.4233,32.0359,3.7418197260273973,1.8959873972602739,2.510709315068493,4.46,5.65,0.79,-0.4
986,28.204675,76.19258,2022-06-13,2022-10-18,6.25,127.0,2022,HARYANA,JHAJJAR,D217,JHAJJAR,28.5,76.5,44.53,2022,856.5128,18.8926,32.2786,3.7418,1.896,2.5107,490.9156,18.4233,32.0359,3.7418197260273973,1.8959873972602739,2.510709315068493,4.46,5.65,1.79,0.6
987,28.207772,76.17309,2022-06-18,2022-11-13,4.75,148.0,2022,HARYANA,JHAJJAR,D217,JHAJJAR,28.5,76.5,45.6,2022,856.5128,18.8926,32.2786,3.7418,1.896,2.5107,490.9156,18.4233,32.0359,3.7418197260273973,1.8959873972602739,2.510709315068493,4.46,5.65,0.29,-0.9
988,28.207772,76.17309,2022-06-18,2022-11-13,5.5,148.0,2022,HARYANA,JHAJJAR,D217,JHAJJAR,28.5,76.5,45.6,2022,856.5128,18.8926,32.2786,3.7418,1.896,2.5107,490.9156,18.4233,32.0359,3.7418197260273973,1.8959873972602739,2.510709315068493,4.46,5.65,1.04,-0.15
989,28.207772,76.17309,2022-06-15,2022-11-13,6.25,151.0,2022,HARYANA,JHAJJAR,D217,JHAJJAR,28.5,76.5,45.6,2022,856.5128,18.8926,32.2786,3.7418,1.896,2.5107,490.9156,18.4233,32.0359,3.7418197260273973,1.8959873972602739,2.510709315068493,4.46,5.65,1.79,0.6
990,28.212646,76.169025,2022-06-13,2022-10-18,5.75,127.0,2022,HARYANA,JHAJJAR,D217,JHAJJAR,28.5,76.5,45.5,2022,856.5128,18.8926,32.2786,3.7418,1.896,2.5107,490.9156,18.4233,32.0359,3.7418197260273973,1.8959873972602739,2.510709315068493,4.46,5.65,1.29,0.1
991,28.212646,76.169025,2022-06-13,2022-11-13,5.75,153.0,2022,HARYANA,JHAJJAR,D217,JHAJJAR,28.5,76.5,45.5,2022,856.5128,18.8926,32.2786,3.7418,1.896,2.5107,490.9156,18.4233,32.0359,3.7418197260273973,1.8959873972602739,2.510709315068493,4.46,5.65,1.29,0.1
992,28.212646,76.169025,2022-06-13,2022-11-13,4.75,153.0,2022,HARYANA,JHAJJAR,D217,JHAJJAR,28.5,76.5,45.5,2022,856.5128,18.8926,32.2786,3.7418,1.896,2.5107,490.9156,18.4233,32.0359,3.7418197260273973,1.8959873972602739,2.510709315068493,4.46,5.65,0.29,-0.9
993,28.212646,76.169025,2022-06-18,2022-10-18,5.25,122.0,2022,HARYANA,JHAJJAR,D217,JHAJJAR,28.5,76.5,45.5,2022,856.5128,18.8926,32.2786,3.7418,1.896,2.5107,490.9156,18.4233,32.0359,3.7418197260273973,1.8959873972602739,2.510709315068493,4.46,5.65,0.79,-0.4
994,28.212646,76.169025,2022-06-15,2022-10-18,4.75,125.0,2022,HARYANA,JHAJJAR,D217,JHAJJAR,28.5,76.5,45.5,2022,856.5128,18.8926,32.2786,3.7418,1.896,2.5107,490.9156,18.4233,32.0359,3.7418197260273973,1.8959873972602739,2.510709315068493,4.46,5.65,0.29,-0.9
995,28.21493,76.16731,2022-06-13,2022-10-18,5.25,127.0,2022,HARYANA,JHAJJAR,D217,JHAJJAR,28.5,76.5,45.44,2022,856.5128,18.8926,32.2786,3.7418,1.896,2.5107,490.9156,18.4233,32.0359,3.7418197260273973,1.8959873972602739,2.510709315068493,4.46,5.65,0.79,-0.4
996,28.21493,76.16731,2022-06-15,2022-11-13,4.75,151.0,2022,HARYANA,JHAJJAR,D217,JHAJJAR,28.5,76.5,45.44,2022,856.5128,18.8926,32.2786,3.7418,1.896,2.5107,490.9156,18.4233,32.0359,3.7418197260273973,1.8959873972602739,2.510709315068493,4.46,5.65,0.29,-0.9
997,28.21493,76.16731,2022-06-13,2022-11-13,5.75,153.0,2022,HARYANA,JHAJJAR,D217,JHAJJAR,28.5,76.5,45.44,2022,856.5128,18.8926,32.2786,3.7418,1.896,2.5107,490.9156,18.4233,32.0359,3.7418197260273973,1.8959873972602739,2.510709315068493,4.46,5.65,1.29,0.1
998,28.21493,76.16731,2022-06-15,2022-11-13,5.75,151.0,2022,HARYANA,JHAJJAR,D217,JHAJJAR,28.5,76.5,45.44,2022,856.5128,18.8926,32.2786,3.7418,1.896,2.5107,490.9156,18.4233,32.0359,3.7418197260273973,1.8959873972602739,2.510709315068493,4.46,5.65,1.29,0.1
999,28.194606,76.164207,2022-06-13,2022-10-18,5.75,127.0,2022,HARYANA,JHAJJAR,D217,JHAJJAR,28.5,76.5,47.25,2022,856.5128,18.8926,32.2786,3.7418,1.896,2.5107,490.9156,18.4233,32.0359,3.7418197260273973,1.8959873972602739,2.510709315068493,4.46,5.65,1.29,0.1
1000,28.194606,76.164207,2022-06-13,2022-11-13,4.75,153.0,2022,HARYANA,JHAJJAR,D217,JHAJJAR,28.5,76.5,47.25,2022,856.5128,18.8926,32.2786,3.7418,1.896,2.5107,490.9156,18.4233,32.0359,3.7418197260273973,1.8959873972602739,2.510709315068493,4.46,5.65,0.29,-0.9
1001,28.194606,76.164207,2022-06-10,2022-11-13,4.75,156.0,2022,HARYANA,JHAJJAR,D217,JHAJJAR,28.5,76.5,47.25,2022,856.5128,18.8926,32.2786,3.7418,1.896,2.5107,490.9156,18.4233,32.0359,3.7418197260273973,1.8959873972602739,2.510709315068493,4.46,5.65,0.29,-0.9
1002,28.187546,76.144968,2022-06-15,2022-10-15,5.25,122.0,2022,HARYANA,JHAJJAR,D217,JHAJJAR,28.5,76.5,49.14,2022,856.5128,18.8926,32.2786,3.7418,1.896,2.5107,490.9156,18.4233,32.0359,3.7418197260273973,1.8959873972602739,2.510709315068493,4.46,5.65,0.79,-0.4
1003,28.187546,76.144968,2022-06-10,2022-10-18,5.5,130.0,2022,HARYANA,JHAJJAR,D217,JHAJJAR,28.5,76.5,49.14,2022,856.5128,18.8926,32.2786,3.7418,1.896,2.5107,490.9156,18.4233,32.0359,3.7418197260273973,1.8959873972602739,2.510709315068493,4.46,5.65,1.04,-0.15
1004,28.187546,76.144968,2022-06-15,2022-10-28,6.25,135.0,2022,HARYANA,JHAJJAR,D217,JHAJJAR,28.5,76.5,49.14,2022,856.5128,18.8926,32.2786,3.7418,1.896,2.5107,490.9156,18.4233,32.0359,3.7418197260273973,1.8959873972602739,2.510709315068493,4.46,5.65,1.79,0.6
1005,28.180467,76.119636,2022-06-15,2022-10-18,4.25,125.0,2022,HARYANA,JHAJJAR,D217,JHAJJAR,28.5,76.5,51.46,2022,856.5128,18.8926,32.2786,3.7418,1.896,2.5107,490.9156,18.4233,32.0359,3.7418197260273973,1.8959873972602739,2.510709315068493,4.46,5.65,-0.21,-1.4
1006,28.180467,76.119636,2022-06-13,2022-11-13,4.75,153.0,2022,HARYANA,JHAJJAR,D217,JHAJJAR,28.5,76.5,51.46,2022,856.5128,18.8926,32.2786,3.7418,1.896,2.5107,490.9156,18.4233,32.0359,3.7418197260273973,1.8959873972602739,2.510709315068493,4.46,5.65,0.29,-0.9
1007,28.180467,76.119636,2022-06-15,2022-10-18,4.75,125.0,2022,HARYANA,JHAJJAR,D217,JHAJJAR,28.5,76.5,51.46,2022,856.5128,18.8926,32.2786,3.7418,1.896,2.5107,490.9156,18.4233,32.0359,3.7418197260273973,1.8959873972602739,2.510709315068493,4.46,5.65,0.29,-0.9
1008,28.180467,76.119636,2022-06-13,2022-10-18,5.25,127.0,2022,HARYANA,JHAJJAR,D217,JHAJJAR,28.5,76.5,51.46,2022,856.5128,18.8926,32.2786,3.7418,1.896,2.5107,490.9156,18.4233,32.0359,3.7418197260273973,1.8959873972602739,2.510709315068493,4.46,5.65,0.79,-0.4
1009,28.180467,76.119636,2022-06-15,2022-10-18,5.25,125.0,2022,HARYANA,JHAJJAR,D217,JHAJJAR,28.5,76.5,51.46,2022,856.5128,18.8926,32.2786,3.7418,1.896,2.5107,490.9156,18.4233,32.0359,3.7418197260273973,1.8959873972602739,2.510709315068493,4.46,5.65,0.79,-0.4
1010,28.60804676,76.54278072,2022-06-13,2022-10-15,5.75,124.0,2022,HARYANA,JHAJJAR,D217,JHAJJAR,28.5,76.5,12.72,2022,856.5128,18.8926,32.2786,3.7418,1.896,2.5107,490.9156,18.4233,32.0359,3.7418197260273973,1.8959873972602739,2.510709315068493,4.46,5.65,1.29,0.1
1011,28.6218615,76.5074235,2022-06-18,2022-10-18,6.25,122.0,2022,HARYANA,JHAJJAR,D217,JHAJJAR,28.5,76.5,13.57,2022,856.5128,18.8926,32.2786,3.7418,1.896,2.5107,490.9156,18.4233,32.0359,3.7418197260273973,1.8959873972602739,2.510709315068493,4.46,5.65,1.79,0.6
1012,28.6140246,76.54400458,2022-06-18,2022-10-20,6.25,124.0,2022,HARYANA,JHAJJAR,D217,JHAJJAR,28.5,76.5,13.39,2022,856.5128,18.8926,32.2786,3.7418,1.896,2.5107,490.9156,18.4233,32.0359,3.7418197260273973,1.8959873972602739,2.510709315068493,4.46,5.65,1.79,0.6
1013,28.62059034,76.54721537,2022-06-18,2022-11-13,6.5,148.0,2022,HARYANA,JHAJJAR,D217,JHAJJAR,28.5,76.5,14.18,2022,856.5128,18.8926,32.2786,3.7418,1.896,2.5107,490.9156,18.4233,32.0359,3.7418197260273973,1.8959873972602739,2.510709315068493,4.46,5.65,2.04,0.85
1014,28.62283949,76.515466,2022-06-15,2022-10-18,5.75,125.0,2022,HARYANA,JHAJJAR,D217,JHAJJAR,28.5,76.5,13.74,2022,856.5128,18.8926,32.2786,3.7418,1.896,2.5107,490.9156,18.4233,32.0359,3.7418197260273973,1.8959873972602739,2.510709315068493,4.46,5.65,1.29,0.1
1015,28.62682254,76.53678597,2022-06-13,2022-10-18,6.25,127.0,2022,HARYANA,JHAJJAR,D217,JHAJJAR,28.5,76.5,14.55,2022,856.5128,18.8926,32.2786,3.7418,1.896,2.5107,490.9156,18.4233,32.0359,3.7418197260273973,1.8959873972602739,2.510709315068493,4.46,5.65,1.79,0.6
1016,28.6267653,76.53483156,2022-06-13,2022-10-18,6.25,127.0,2022,HARYANA,JHAJJAR,D217,JHAJJAR,28.5,76.5,14.5,2022,856.5128,18.8926,32.2786,3.7418,1.896,2.5107,490.9156,18.4233,32.0359,3.7418197260273973,1.8959873972602739,2.510709315068493,4.46,5.65,1.79,0.6
1017,28.67138037,76.58779035,2022-06-13,2022-10-15,6.25,124.0,2022,HARYANA,JHAJJAR,D217,JHAJJAR,28.5,76.5,20.9,2022,856.5128,18.8926,32.2786,3.7418,1.896,2.5107,490.9156,18.4233,32.0359,3.7418197260273973,1.8959873972602739,2.510709315068493,4.46,5.65,1.79,0.6
1018,28.61299009,76.52702597,2022-06-15,2022-10-18,6.25,125.0,2022,HARYANA,JHAJJAR,D217,JHAJJAR,28.5,76.5,12.84,2022,856.5128,18.8926,32.2786,3.7418,1.896,2.5107,490.9156,18.4233,32.0359,3.7418197260273973,1.8959873972602739,2.510709315068493,4.46,5.65,1.79,0.6
1019,28.6020341,76.6307746,2022-06-13,2022-10-18,6.25,127.0,2022,HARYANA,JHAJJAR,D217,JHAJJAR,28.5,76.5,17.08,2022,856.5128,18.8926,32.2786,3.7418,1.896,2.5107,490.9156,18.4233,32.0359,3.7418197260273973,1.8959873972602739,2.510709315068493,4.46,5.65,1.79,0.6
1020,28.597938,76.643784,2022-06-15,2022-10-18,6.25,125.0,2022,HARYANA,JHAJJAR,D217,JHAJJAR,28.5,76.5,17.77,2022,856.5128,18.8926,32.2786,3.7418,1.896,2.5107,490.9156,18.4233,32.0359,3.7418197260273973,1.8959873972602739,2.510709315068493,4.46,5.65,1.79,0.6
1021,28.2644262,77.3499456,2022-06-13,2022-11-13,2.75,153.0,2022,UTTAR PRADESH,GAUTAM BUDH NAGAR,D705,DADRI,28.5,77.5,30.03,2022,430.5426,19.0592,32.035,3.4644,1.7776,2.398,470.9564,18.5812,31.5471,3.4643882191780824,1.7776331506849314,2.3980290410958904,4.2,5.31,-1.45,-2.56
1022,28.149807,77.222671,2022-06-18,2022-11-13,3.75,148.0,2022,UTTAR PRADESH,GAUTAM BUDH NAGAR,D705,DADRI,28.5,77.5,47.47,2022,430.5426,19.0592,32.035,3.4644,1.7776,2.398,470.9564,18.5812,31.5471,3.4643882191780824,1.7776331506849314,2.3980290410958904,4.2,5.31,-0.45,-1.56
1023,28.130699,77.27219,2022-06-18,2022-11-13,3.25,148.0,2022,UTTAR PRADESH,GAUTAM BUDH NAGAR,D705,DADRI,28.5,77.5,46.73,2022,430.5426,19.0592,32.035,3.4644,1.7776,2.398,470.9564,18.5812,31.5471,3.4643882191780824,1.7776331506849314,2.3980290410958904,4.2,5.31,-0.95,-2.06
1024,28.152265,77.208243,2022-06-18,2022-10-18,2.75,122.0,2022,UTTAR PRADESH,GAUTAM BUDH NAGAR,D705,DADRI,28.5,77.5,48.07,2022,430.5426,19.0592,32.035,3.4644,1.7776,2.398,470.9564,18.5812,31.5471,3.4643882191780824,1.7776331506849314,2.3980290410958904,4.2,5.31,-1.45,-2.56
1025,28.146638,77.20598,2022-06-15,2022-11-13,3.75,151.0,2022,UTTAR PRADESH,GAUTAM BUDH NAGAR,D705,DADRI,28.5,77.5,48.7,2022,430.5426,19.0592,32.035,3.4644,1.7776,2.398,470.9564,18.5812,31.5471,3.4643882191780824,1.7776331506849314,2.3980290410958904,4.2,5.31,-0.45,-1.56
1026,28.145757,77.223545,2022-06-13,2022-11-13,3.25,153.0,2022,UTTAR PRADESH,GAUTAM BUDH NAGAR,D705,DADRI,28.5,77.5,47.79,2022,430.5426,19.0592,32.035,3.4644,1.7776,2.398,470.9564,18.5812,31.5471,3.4643882191780824,1.7776331506849314,2.3980290410958904,4.2,5.31,-0.95,-2.06
1027,28.140415,77.2701,2022-06-13,2022-10-15,3.25,124.0,2022,UTTAR PRADESH,GAUTAM BUDH NAGAR,D705,DADRI,28.5,77.5,45.88,2022,430.5426,19.0592,32.035,3.4644,1.7776,2.398,470.9564,18.5812,31.5471,3.4643882191780824,1.7776331506849314,2.3980290410958904,4.2,5.31,-0.95,-2.06
1028,28.145774,77.223544,2022-06-13,2022-10-18,2.75,127.0,2022,UTTAR PRADESH,GAUTAM BUDH NAGAR,D705,DADRI,28.5,77.5,47.79,2022,430.5426,19.0592,32.035,3.4644,1.7776,2.398,470.9564,18.5812,31.5471,3.4643882191780824,1.7776331506849314,2.3980290410958904,4.2,5.31,-1.45,-2.56
1029,28.2291353,77.4470214,2022-06-18,2022-10-28,3.25,132.0,2022,UTTAR PRADESH,GAUTAM BUDH NAGAR,D705,DADRI,28.5,77.5,30.56,2022,430.5426,19.0592,32.035,3.4644,1.7776,2.398,470.9564,18.5812,31.5471,3.4643882191780824,1.7776331506849314,2.3980290410958904,4.2,5.31,-0.95,-2.06
1030,28.278574,77.3563628,2022-06-15,2022-10-18,3.75,125.0,2022,UTTAR PRADESH,GAUTAM BUDH NAGAR,D705,DADRI,28.5,77.5,28.35,2022,430.5426,19.0592,32.035,3.4644,1.7776,2.398,470.9564,18.5812,31.5471,3.4643882191780824,1.7776331506849314,2.3980290410958904,4.2,5.31,-0.45,-1.56
1031,28.2790352,77.3525654,2022-06-13,2022-10-18,3.75,127.0,2022,UTTAR PRADESH,GAUTAM BUDH NAGAR,D705,DADRI,28.5,77.5,28.49,2022,430.5426,19.0592,32.035,3.4644,1.7776,2.398,470.9564,18.5812,31.5471,3.4643882191780824,1.7776331506849314,2.3980290410958904,4.2,5.31,-0.45,-1.56
1032,28.2784931,77.3510453,2022-06-15,2022-10-18,3.25,125.0,2022,UTTAR PRADESH,GAUTAM BUDH NAGAR,D705,DADRI,28.5,77.5,28.62,2022,430.5426,19.0592,32.035,3.4644,1.7776,2.398,470.9564,18.5812,31.5471,3.4643882191780824,1.7776331506849314,2.3980290410958904,4.2,5.31,-0.95,-2.06
1033,28.3793106,77.3779941,2022-06-13,2022-11-13,2.75,153.0,2022,UTTAR PRADESH,GAUTAM BUDH NAGAR,D705,DADRI,28.5,77.5,17.96,2022,430.5426,19.0592,32.035,3.4644,1.7776,2.398,470.9564,18.5812,31.5471,3.4643882191780824,1.7776331506849314,2.3980290410958904,4.2,5.31,-1.45,-2.56
1034,28.1399578,77.30884,2022-06-13,2022-11-13,4.5,153.0,2022,UTTAR PRADESH,GAUTAM BUDH NAGAR,D705,DADRI,28.5,77.5,44.19,2022,430.5426,19.0592,32.035,3.4644,1.7776,2.398,470.9564,18.5812,31.5471,3.4643882191780824,1.7776331506849314,2.3980290410958904,4.2,5.31,0.3,-0.81
1035,28.104712,77.259811,2022-06-18,2022-11-13,4.5,148.0,2022,UTTAR PRADESH,GAUTAM BUDH NAGAR,D705,DADRI,28.5,77.5,49.85,2022,430.5426,19.0592,32.035,3.4644,1.7776,2.398,470.9564,18.5812,31.5471,3.4643882191780824,1.7776331506849314,2.3980290410958904,4.2,5.31,0.3,-0.81
1036,28.104062,77.314801,2022-06-18,2022-10-18,5.5,122.0,2022,UTTAR PRADESH,GAUTAM BUDH NAGAR,D705,DADRI,28.5,77.5,47.61,2022,430.5426,19.0592,32.035,3.4644,1.7776,2.398,470.9564,18.5812,31.5471,3.4643882191780824,1.7776331506849314,2.3980290410958904,4.2,5.31,1.3,0.19
1037,28.140432,77.207041,2022-06-18,2022-11-13,5.5,148.0,2022,UTTAR PRADESH,GAUTAM BUDH NAGAR,D705,DADRI,28.5,77.5,49.2,2022,430.5426,19.0592,32.035,3.4644,1.7776,2.398,470.9564,18.5812,31.5471,3.4643882191780824,1.7776331506849314,2.3980290410958904,4.2,5.31,1.3,0.19
1038,28.12802,77.217713,2022-06-15,2022-11-13,4.75,151.0,2022,UTTAR PRADESH,GAUTAM BUDH NAGAR,D705,DADRI,28.5,77.5,49.74,2022,430.5426,19.0592,32.035,3.4644,1.7776,2.398,470.9564,18.5812,31.5471,3.4643882191780824,1.7776331506849314,2.3980290410958904,4.2,5.31,0.55,-0.56
1039,28.10717,77.232841,2022-06-13,2022-10-15,4.75,124.0,2022,UTTAR PRADESH,GAUTAM BUDH NAGAR,D705,DADRI,28.5,77.5,50.91,2022,430.5426,19.0592,32.035,3.4644,1.7776,2.398,470.9564,18.5812,31.5471,3.4643882191780824,1.7776331506849314,2.3980290410958904,4.2,5.31,0.55,-0.56
1040,28.145172,77.224132,2022-06-13,2022-10-18,3.75,127.0,2022,UTTAR PRADESH,GAUTAM BUDH NAGAR,D705,DADRI,28.5,77.5,47.81,2022,430.5426,19.0592,32.035,3.4644,1.7776,2.398,470.9564,18.5812,31.5471,3.4643882191780824,1.7776331506849314,2.3980290410958904,4.2,5.31,-0.45,-1.56
1041,28.102925,77.263304,2022-06-13,2022-10-28,4.5,137.0,2022,UTTAR PRADESH,GAUTAM BUDH NAGAR,D705,DADRI,28.5,77.5,49.86,2022,430.5426,19.0592,32.035,3.4644,1.7776,2.398,470.9564,18.5812,31.5471,3.4643882191780824,1.7776331506849314,2.3980290410958904,4.2,5.31,0.3,-0.81
1042,28.080262,77.166685,2022-06-18,2022-10-18,4.75,122.0,2022,UTTAR PRADESH,GAUTAM BUDH NAGAR,D705,DADRI,28.5,77.5,56.95,2022,430.5426,19.0592,32.035,3.4644,1.7776,2.398,470.9564,18.5812,31.5471,3.4643882191780824,1.7776331506849314,2.3980290410958904,4.2,5.31,0.55,-0.56
1043,28.108041,77.283675,2022-06-15,2022-10-18,4.75,125.0,2022,UTTAR PRADESH,GAUTAM BUDH NAGAR,D705,DADRI,28.5,77.5,48.46,2022,430.5426,19.0592,32.035,3.4644,1.7776,2.398,470.9564,18.5812,31.5471,3.4643882191780824,1.7776331506849314,2.3980290410958904,4.2,5.31,0.55,-0.56
1044,28.128027,77.211699,2022-06-13,2022-10-18,5.25,127.0,2022,UTTAR PRADESH,GAUTAM BUDH NAGAR,D705,DADRI,28.5,77.5,50.07,2022,430.5426,19.0592,32.035,3.4644,1.7776,2.398,470.9564,18.5812,31.5471,3.4643882191780824,1.7776331506849314,2.3980290410958904,4.2,5.31,1.05,-0.06
1045,28.1019,77.214166,2022-06-15,2022-10-18,4.5,125.0,2022,UTTAR PRADESH,GAUTAM BUDH NAGAR,D705,DADRI,28.5,77.5,52.37,2022,430.5426,19.0592,32.035,3.4644,1.7776,2.398,470.9564,18.5812,31.5471,3.4643882191780824,1.7776331506849314,2.3980290410958904,4.2,5.31,0.3,-0.81
1046,28.115744,77.21296,2022-06-13,2022-11-13,4.75,153.0,2022,UTTAR PRADESH,GAUTAM BUDH NAGAR,D705,DADRI,28.5,77.5,51.14,2022,430.5426,19.0592,32.035,3.4644,1.7776,2.398,470.9564,18.5812,31.5471,3.4643882191780824,1.7776331506849314,2.3980290410958904,4.2,5.31,0.55,-0.56
1047,28.089013,77.181157,2022-06-13,2022-11-13,4.5,153.0,2022,UTTAR PRADESH,GAUTAM BUDH NAGAR,D705,DADRI,28.5,77.5,55.34,2022,430.5426,19.0592,32.035,3.4644,1.7776,2.398,470.9564,18.5812,31.5471,3.4643882191780824,1.7776331506849314,2.3980290410958904,4.2,5.31,0.3,-0.81
1048,28.109108,77.266151,2022-06-13,2022-11-13,4.75,153.0,2022,UTTAR PRADESH,GAUTAM BUDH NAGAR,D705,DADRI,28.5,77.5,49.13,2022,430.5426,19.0592,32.035,3.4644,1.7776,2.398,470.9564,18.5812,31.5471,3.4643882191780824,1.7776331506849314,2.3980290410958904,4.2,5.31,0.55,-0.56
1049,28.087872,77.172269,2022-06-13,2022-10-18,4.75,127.0,2022,UTTAR PRADESH,GAUTAM BUDH NAGAR,D705,DADRI,28.5,77.5,55.94,2022,430.5426,19.0592,32.035,3.4644,1.7776,2.398,470.9564,18.5812,31.5471,3.4643882191780824,1.7776331506849314,2.3980290410958904,4.2,5.31,0.55,-0.56
1050,28.108045,77.264261,2022-06-13,2022-11-13,5.25,153.0,2022,UTTAR PRADESH,GAUTAM BUDH NAGAR,D705,DADRI,28.5,77.5,49.32,2022,430.5426,19.0592,32.035,3.4644,1.7776,2.398,470.9564,18.5812,31.5471,3.4643882191780824,1.7776331506849314,2.3980290410958904,4.2,5.31,1.05,-0.06
1051,28.103569,77.214565,2022-06-13,2022-11-13,4.5,153.0,2022,UTTAR PRADESH,GAUTAM BUDH NAGAR,D705,DADRI,28.5,77.5,52.19,2022,430.5426,19.0592,32.035,3.4644,1.7776,2.398,470.9564,18.5812,31.5471,3.4643882191780824,1.7776331506849314,2.3980290410958904,4.2,5.31,0.3,-0.81
1052,28.1368565,77.3194539,2022-06-18,2022-10-15,4.75,119.0,2022,UTTAR PRADESH,GAUTAM BUDH NAGAR,D705,DADRI,28.5,77.5,44.08,2022,430.5426,19.0592,32.035,3.4644,1.7776,2.398,470.9564,18.5812,31.5471,3.4643882191780824,1.7776331506849314,2.3980290410958904,4.2,5.31,0.55,-0.56
1053,28.102925,77.2633,2022-06-18,2022-10-18,3.75,122.0,2022,UTTAR PRADESH,GAUTAM BUDH NAGAR,D705,DADRI,28.5,77.5,49.86,2022,430.5426,19.0592,32.035,3.4644,1.7776,2.398,470.9564,18.5812,31.5471,3.4643882191780824,1.7776331506849314,2.3980290410958904,4.2,5.31,-0.45,-1.56
1054,28.080262,77.166685,2022-06-18,2022-10-28,4.5,132.0,2022,UTTAR PRADESH,GAUTAM BUDH NAGAR,D705,DADRI,28.5,77.5,56.95,2022,430.5426,19.0592,32.035,3.4644,1.7776,2.398,470.9564,18.5812,31.5471,3.4643882191780824,1.7776331506849314,2.3980290410958904,4.2,5.31,0.3,-0.81
1055,28.1019,77.214146,2022-06-15,2022-10-15,4.75,122.0,2022,UTTAR PRADESH,GAUTAM BUDH NAGAR,D705,DADRI,28.5,77.5,52.37,2022,430.5426,19.0592,32.035,3.4644,1.7776,2.398,470.9564,18.5812,31.5471,3.4643882191780824,1.7776331506849314,2.3980290410958904,4.2,5.31,0.55,-0.56
1056,28.089013,77.181157,2022-06-13,2022-10-18,4.75,127.0,2022,UTTAR PRADESH,GAUTAM BUDH NAGAR,D705,DADRI,28.5,77.5,55.34,2022,430.5426,19.0592,32.035,3.4644,1.7776,2.398,470.9564,18.5812,31.5471,3.4643882191780824,1.7776331506849314,2.3980290410958904,4.2,5.31,0.55,-0.56
1057,28.087872,77.172269,2022-06-13,2022-10-28,5.25,137.0,2022,UTTAR PRADESH,GAUTAM BUDH NAGAR,D705,DADRI,28.5,77.5,55.94,2022,430.5426,19.0592,32.035,3.4644,1.7776,2.398,470.9564,18.5812,31.5471,3.4643882191780824,1.7776331506849314,2.3980290410958904,4.2,5.31,1.05,-0.06
1058,28.108045,77.264267,2022-06-13,2022-10-18,4.5,127.0,2022,UTTAR PRADESH,GAUTAM BUDH NAGAR,D705,DADRI,28.5,77.5,49.32,2022,430.5426,19.0592,32.035,3.4644,1.7776,2.398,470.9564,18.5812,31.5471,3.4643882191780824,1.7776331506849314,2.3980290410958904,4.2,5.31,0.3,-0.81
1059,28.103569,77.214565,2022-06-18,2022-10-18,4.75,122.0,2022,UTTAR PRADESH,GAUTAM BUDH NAGAR,D705,DADRI,28.5,77.5,52.19,2022,430.5426,19.0592,32.035,3.4644,1.7776,2.398,470.9564,18.5812,31.5471,3.4643882191780824,1.7776331506849314,2.3980290410958904,4.2,5.31,0.55,-0.56
1060,29.349167,74.439266,2022-06-15,2022-10-18,7.75,125.0,2022,HARYANA,FATEHABAD,D214,FATEHABAD,29.5,75.5,104.09,2022,696.5269,18.1669,31.6732,3.0686,1.9158,2.5408,365.383,17.5901,31.4446,3.0686246575342473,1.9157709589041096,2.5408147945205477,5.82,7.28,1.93,0.47
1061,29.302414,74.438622,2022-06-13,2022-11-13,5.75,153.0,2022,HARYANA,FATEHABAD,D214,FATEHABAD,29.5,75.5,105.14,2022,696.5269,18.1669,31.6732,3.0686,1.9158,2.5408,365.383,17.5901,31.4446,3.0686246575342473,1.9157709589041096,2.5408147945205477,5.82,7.28,-0.07,-1.53
1062,29.25226,74.448961,2022-06-13,2022-11-13,5.75,153.0,2022,HARYANA,FATEHABAD,D214,FATEHABAD,29.5,75.5,105.5,2022,696.5269,18.1669,31.6732,3.0686,1.9158,2.5408,365.383,17.5901,31.4446,3.0686246575342473,1.9157709589041096,2.5408147945205477,5.82,7.28,-0.07,-1.53
1063,10.065383,74.299117,2022-06-15,2022-11-13,8.25,151.0,2022,UTTAR PRADESH,LALITPUR,D724,LALITPUR,24.5,78.5,1665.47,2022,1033.5863,18.4618,33.1238,5.4825,1.7688,2.3712,872.3609,18.6757,32.7608,5.4824619178082195,1.7687638356164384,2.3711613698630134,4.81,4.77,3.44,3.48
1064,29.475429,74.364423,2022-06-15,2022-10-18,7.25,125.0,2022,HARYANA,FATEHABAD,D214,FATEHABAD,29.5,75.5,109.95,2022,696.5269,18.1669,31.6732,3.0686,1.9158,2.5408,365.383,17.5901,31.4446,3.0686246575342473,1.9157709589041096,2.5408147945205477,5.82,7.28,1.43,-0.03
1065,28.141368,79.1731,2022-06-18,2022-11-13,5.75,148.0,2022,UTTAR PRADESH,BAREILLY,D691,AONLA,28.5,79.5,51.13,2022,985.5013,18.2223,29.9845,4.8081,1.6061,2.2664,707.1914,17.6289,29.693,4.808103013698631,1.606114520547945,2.2663665753424658,4.43,4.94,1.32,0.81
